
Note: Compatibility modes selected: hs a


Circuit: * loop-stability -- tian dual-injection loop-gain testbench for ldo_core (issue #10)

* corner_id=res_ss_-40c_3.30v corner=res_ss temp_c=-40 vin_v=3.3
* ac sweep: dec 400 0.01 1e9 ; Tian dual injection at ERRAMP_OUT->PASS_GATE
* columns: ROW iload_a= ceff_f= esr_ohm= vout_v= dcgain_db= f0_hz= phase_at_f0_deg=
*          f180_hz= gain_at_f180_db= f0_rising_hz= resurgence_db=
* (phase margin = 180 + phase_at_f0_deg ; gain margin = -gain_at_f180_db ;
*  resurgence_db = max |T| in dB above the first 0 dB crossing, DR-0008 ;
*  an empty f180/gain field means the phase never reaches -180 deg in band)
* Fields are written key=value BECAUSE a failed meas leaves its value
* empty: with bare positional fields an empty one vanishes into the
* whitespace and every field after it is read as the wrong quantity.
Doing analysis at TEMP = -40.000000 and TNOM = 27.000000

Using SPARSE 1.3 as Direct Linear Solver
 Reference value :  0.00000e+00
No. of Data Rows : 1
Doing analysis at TEMP = -40.000000 and TNOM = 27.000000

Using SPARSE 1.3 as Direct Linear Solver
 Reference value :  9.88553e+03
No. of Data Rows : 4401
Doing analysis at TEMP = -40.000000 and TNOM = 27.000000

Using SPARSE 1.3 as Direct Linear Solver
 Reference value :  1.00000e-02
No. of Data Rows : 4401
dcg                 =  1.35905e+02
f0                  =  4.20933e+03
phx                 =  -1.33917e+02
f180                =  3.47388e+05
gmx                 =  -5.12772e+01
 meas ac f0r when tdb=0 rise=1 failed!

tres                =  -6.71593e-01 at=  4.44120e+03
ROW iload_a=0 ceff_f=3.3e-07 esr_ohm=0.001 vout_v=1.79945 dcgain_db=135.905 f0_hz=4209.34 phase_at_f0_deg=-133.916 f180_hz=347388 gain_at_f180_db=-51.2772 f0_rising_hz= resurgence_db=-0.671593
Doing analysis at TEMP = -40.000000 and TNOM = 27.000000

Using SPARSE 1.3 as Direct Linear Solver
 Reference value :  0.00000e+00
No. of Data Rows : 1
Doing analysis at TEMP = -40.000000 and TNOM = 27.000000

Using SPARSE 1.3 as Direct Linear Solver
 Reference value :  8.03526e-01
No. of Data Rows : 4401
Doing analysis at TEMP = -40.000000 and TNOM = 27.000000

Using SPARSE 1.3 as Direct Linear Solver
 Reference value :  1.00000e-02
No. of Data Rows : 4401
dcg                 =  1.35905e+02
f0                  =  4.20934e+03
phx                 =  -1.33892e+02
f180                =  3.75037e+05
gmx                 =  -5.25773e+01
 meas ac f0r when tdb=0 rise=1 failed!

tres                =  -6.71589e-01 at=  4.44120e+03
ROW iload_a=0 ceff_f=3.3e-07 esr_ohm=0.05 vout_v=1.79945 dcgain_db=135.905 f0_hz=4209.34 phase_at_f0_deg=-133.892 f180_hz=375037 gain_at_f180_db=-52.5773 f0_rising_hz= resurgence_db=-0.671589
Doing analysis at TEMP = -40.000000 and TNOM = 27.000000

Using SPARSE 1.3 as Direct Linear Solver
 Reference value :  0.00000e+00
No. of Data Rows : 1
Doing analysis at TEMP = -40.000000 and TNOM = 27.000000

Using SPARSE 1.3 as Direct Linear Solver
 Reference value :  2.77013e+02
No. of Data Rows : 4401
Doing analysis at TEMP = -40.000000 and TNOM = 27.000000

Using SPARSE 1.3 as Direct Linear Solver
 Reference value :  1.00000e-02
No. of Data Rows : 4401
dcg                 =  1.35905e+02
f0                  =  4.20934e+03
phx                 =  -1.33817e+02
f180                =  5.28204e+05
gmx                 =  -5.83143e+01
 meas ac f0r when tdb=0 rise=1 failed!

tres                =  -6.71577e-01 at=  4.44120e+03
ROW iload_a=0 ceff_f=3.3e-07 esr_ohm=0.2 vout_v=1.79945 dcgain_db=135.905 f0_hz=4209.34 phase_at_f0_deg=-133.817 f180_hz=528204 gain_at_f180_db=-58.3143 f0_rising_hz= resurgence_db=-0.671577
Doing analysis at TEMP = -40.000000 and TNOM = 27.000000

Using SPARSE 1.3 as Direct Linear Solver
 Reference value :  0.00000e+00
No. of Data Rows : 1
Doing analysis at TEMP = -40.000000 and TNOM = 27.000000

Using SPARSE 1.3 as Direct Linear Solver
 Reference value :  8.91251e+03
No. of Data Rows : 4401
Doing analysis at TEMP = -40.000000 and TNOM = 27.000000

Using SPARSE 1.3 as Direct Linear Solver
 Reference value :  1.00000e-02
No. of Data Rows : 4401
dcg                 =  1.35905e+02
f0                  =  4.20936e+03
phx                 =  -1.33667e+02
f180                =  5.92639e+06
gmx                 =  -8.03186e+01
 meas ac f0r when tdb=0 rise=1 failed!

tres                =  -6.71505e-01 at=  4.44120e+03
ROW iload_a=0 ceff_f=3.3e-07 esr_ohm=0.5 vout_v=1.79945 dcgain_db=135.905 f0_hz=4209.36 phase_at_f0_deg=-133.667 f180_hz=5.92639E+06 gain_at_f180_db=-80.3186 f0_rising_hz= resurgence_db=-0.671505
Doing analysis at TEMP = -40.000000 and TNOM = 27.000000

Using SPARSE 1.3 as Direct Linear Solver
 Reference value :  0.00000e+00
No. of Data Rows : 1
Doing analysis at TEMP = -40.000000 and TNOM = 27.000000

Using SPARSE 1.3 as Direct Linear Solver
 Reference value :  1.00000e-02
No. of Data Rows : 4401
Doing analysis at TEMP = -40.000000 and TNOM = 27.000000

Using SPARSE 1.3 as Direct Linear Solver
 Reference value :  1.00000e-02
No. of Data Rows : 4401
dcg                 =  1.35900e+02
f0                  =  2.12394e+03
phx                 =  -1.51880e+02
f180                =  3.48765e+05
gmx                 =  -6.09895e+01
 meas ac f0r when tdb=0 rise=1 failed!

tres                =  -8.04097e-01 at=  2.23872e+03
ROW iload_a=0 ceff_f=1e-06 esr_ohm=0.001 vout_v=1.79945 dcgain_db=135.9 f0_hz=2123.94 phase_at_f0_deg=-151.88 f180_hz=348765 gain_at_f180_db=-60.9895 f0_rising_hz= resurgence_db=-0.804097
Doing analysis at TEMP = -40.000000 and TNOM = 27.000000

Using SPARSE 1.3 as Direct Linear Solver
 Reference value :  0.00000e+00
No. of Data Rows : 1
Doing analysis at TEMP = -40.000000 and TNOM = 27.000000

Using SPARSE 1.3 as Direct Linear Solver
 Reference value :  1.00000e-02
No. of Data Rows : 4401
Doing analysis at TEMP = -40.000000 and TNOM = 27.000000

Using SPARSE 1.3 as Direct Linear Solver
 Reference value :  1.00000e-02
 Reference value :  5.68853e+08
No. of Data Rows : 4401
dcg                 =  1.35900e+02
f0                  =  2.12394e+03
phx                 =  -1.51843e+02
f180                =  4.63727e+05
gmx                 =  -6.58236e+01
 meas ac f0r when tdb=0 rise=1 failed!

tres                =  -8.04091e-01 at=  2.23872e+03
ROW iload_a=0 ceff_f=1e-06 esr_ohm=0.05 vout_v=1.79945 dcgain_db=135.9 f0_hz=2123.94 phase_at_f0_deg=-151.843 f180_hz=463727 gain_at_f180_db=-65.8236 f0_rising_hz= resurgence_db=-0.804091
Doing analysis at TEMP = -40.000000 and TNOM = 27.000000

Using SPARSE 1.3 as Direct Linear Solver
 Reference value :  0.00000e+00
No. of Data Rows : 1
Doing analysis at TEMP = -40.000000 and TNOM = 27.000000

Using SPARSE 1.3 as Direct Linear Solver
 Reference value :  1.00000e-02
No. of Data Rows : 4401
Doing analysis at TEMP = -40.000000 and TNOM = 27.000000

Using SPARSE 1.3 as Direct Linear Solver
 Reference value :  1.00000e-02
No. of Data Rows : 4401
dcg                 =  1.35900e+02
f0                  =  2.12395e+03
phx                 =  -1.51728e+02
f180                =  6.56037e+06
gmx                 =  -8.01631e+01
 meas ac f0r when tdb=0 rise=1 failed!

tres                =  -8.04061e-01 at=  2.23872e+03
ROW iload_a=0 ceff_f=1e-06 esr_ohm=0.2 vout_v=1.79945 dcgain_db=135.9 f0_hz=2123.95 phase_at_f0_deg=-151.728 f180_hz=6.56037E+06 gain_at_f180_db=-80.1631 f0_rising_hz= resurgence_db=-0.804061
Doing analysis at TEMP = -40.000000 and TNOM = 27.000000

Using SPARSE 1.3 as Direct Linear Solver
 Reference value :  0.00000e+00
No. of Data Rows : 1
Doing analysis at TEMP = -40.000000 and TNOM = 27.000000

Using SPARSE 1.3 as Direct Linear Solver
 Reference value :  1.00000e-02
No. of Data Rows : 4401
Doing analysis at TEMP = -40.000000 and TNOM = 27.000000

Using SPARSE 1.3 as Direct Linear Solver
 Reference value :  1.00000e-02
 Reference value :  2.61517e+08
No. of Data Rows : 4401
dcg                 =  1.35900e+02
f0                  =  2.12397e+03
phx                 =  -1.51498e+02
f180                =  5.92932e+06
gmx                 =  -8.01293e+01
 meas ac f0r when tdb=0 rise=1 failed!

tres                =  -8.03885e-01 at=  2.23872e+03
ROW iload_a=0 ceff_f=1e-06 esr_ohm=0.5 vout_v=1.79945 dcgain_db=135.9 f0_hz=2123.97 phase_at_f0_deg=-151.498 f180_hz=5.92932E+06 gain_at_f180_db=-80.1293 f0_rising_hz= resurgence_db=-0.803885
Doing analysis at TEMP = -40.000000 and TNOM = 27.000000

Using SPARSE 1.3 as Direct Linear Solver
 Reference value :  0.00000e+00
No. of Data Rows : 1
Doing analysis at TEMP = -40.000000 and TNOM = 27.000000

Using SPARSE 1.3 as Direct Linear Solver
 Reference value :  8.91251e-02
No. of Data Rows : 4401
Doing analysis at TEMP = -40.000000 and TNOM = 27.000000

Using SPARSE 1.3 as Direct Linear Solver
 Reference value :  1.00000e-02
No. of Data Rows : 4401
dcg                 =  1.35787e+02
f0                  =  9.30289e+02
phx                 =  -1.66656e+02
f180                =  3.56960e+05
gmx                 =  -7.49192e+01
 meas ac f0r when tdb=0 rise=1 failed!

tres                =  -8.30913e-01 at=  9.77237e+02
ROW iload_a=0 ceff_f=4.7e-06 esr_ohm=0.001 vout_v=1.79945 dcgain_db=135.787 f0_hz=930.289 phase_at_f0_deg=-166.656 f180_hz=356960 gain_at_f180_db=-74.9192 f0_rising_hz= resurgence_db=-0.830913
Doing analysis at TEMP = -40.000000 and TNOM = 27.000000

Using SPARSE 1.3 as Direct Linear Solver
 Reference value :  0.00000e+00
No. of Data Rows : 1
Doing analysis at TEMP = -40.000000 and TNOM = 27.000000

Using SPARSE 1.3 as Direct Linear Solver
 Reference value :  2.33077e-01
No. of Data Rows : 4401
Doing analysis at TEMP = -40.000000 and TNOM = 27.000000

Using SPARSE 1.3 as Direct Linear Solver
 Reference value :  1.00000e-02
No. of Data Rows : 4401
dcg                 =  1.35787e+02
f0                  =  9.30289e+02
phx                 =  -1.66579e+02
f180                =  6.80186e+06
gmx                 =  -8.00902e+01
 meas ac f0r when tdb=0 rise=1 failed!

tres                =  -8.30900e-01 at=  9.77237e+02
ROW iload_a=0 ceff_f=4.7e-06 esr_ohm=0.05 vout_v=1.79945 dcgain_db=135.787 f0_hz=930.289 phase_at_f0_deg=-166.579 f180_hz=6.80186E+06 gain_at_f180_db=-80.0902 f0_rising_hz= resurgence_db=-0.8309
Doing analysis at TEMP = -40.000000 and TNOM = 27.000000

Using SPARSE 1.3 as Direct Linear Solver
 Reference value :  0.00000e+00
No. of Data Rows : 1
Doing analysis at TEMP = -40.000000 and TNOM = 27.000000

Using SPARSE 1.3 as Direct Linear Solver
 Reference value :  4.81393e+01
No. of Data Rows : 4401
Doing analysis at TEMP = -40.000000 and TNOM = 27.000000

Using SPARSE 1.3 as Direct Linear Solver
 Reference value :  1.00000e-02
No. of Data Rows : 4401
dcg                 =  1.35787e+02
f0                  =  9.30296e+02
phx                 =  -1.66343e+02
f180                =  6.55489e+06
gmx                 =  -8.01100e+01
 meas ac f0r when tdb=0 rise=1 failed!

tres                =  -8.30767e-01 at=  9.77237e+02
ROW iload_a=0 ceff_f=4.7e-06 esr_ohm=0.2 vout_v=1.79945 dcgain_db=135.787 f0_hz=930.296 phase_at_f0_deg=-166.343 f180_hz=6.55489E+06 gain_at_f180_db=-80.11 f0_rising_hz= resurgence_db=-0.830767
Doing analysis at TEMP = -40.000000 and TNOM = 27.000000

Using SPARSE 1.3 as Direct Linear Solver
 Reference value :  0.00000e+00
No. of Data Rows : 1
Doing analysis at TEMP = -40.000000 and TNOM = 27.000000

Using SPARSE 1.3 as Direct Linear Solver
 Reference value :  1.00000e-02
No. of Data Rows : 4401
Doing analysis at TEMP = -40.000000 and TNOM = 27.000000

Using SPARSE 1.3 as Direct Linear Solver
 Reference value :  1.00000e-02
No. of Data Rows : 4401
dcg                 =  1.35787e+02
f0                  =  9.30334e+02
phx                 =  -1.65870e+02
f180                =  5.93039e+06
gmx                 =  -8.00572e+01
 meas ac f0r when tdb=0 rise=1 failed!

tres                =  -8.30012e-01 at=  9.77237e+02
ROW iload_a=0 ceff_f=4.7e-06 esr_ohm=0.5 vout_v=1.79945 dcgain_db=135.787 f0_hz=930.334 phase_at_f0_deg=-165.87 f180_hz=5.93038E+06 gain_at_f180_db=-80.0572 f0_rising_hz= resurgence_db=-0.830012
Doing analysis at TEMP = -40.000000 and TNOM = 27.000000

Using SPARSE 1.3 as Direct Linear Solver
 Reference value :  0.00000e+00
No. of Data Rows : 1
Doing analysis at TEMP = -40.000000 and TNOM = 27.000000

Using SPARSE 1.3 as Direct Linear Solver
 Reference value :  1.00000e-02
 Reference value :  5.27837e+07
No. of Data Rows : 4401
Doing analysis at TEMP = -40.000000 and TNOM = 27.000000

Using SPARSE 1.3 as Direct Linear Solver
 Reference value :  1.00000e-02
No. of Data Rows : 4401
dcg                 =  1.44382e+02
f0                  =  1.30865e+05
phx                 =  -1.39538e+02
f180                =  4.20210e+05
gmx                 =  -1.78260e+01
 meas ac f0r when tdb=0 rise=1 failed!

tres                =  -6.97319e-01 at=  1.38038e+05
ROW iload_a=0.0001 ceff_f=3.3e-07 esr_ohm=0.001 vout_v=1.79945 dcgain_db=144.382 f0_hz=130865 phase_at_f0_deg=-139.538 f180_hz=420210 gain_at_f180_db=-17.826 f0_rising_hz= resurgence_db=-0.697319
Doing analysis at TEMP = -40.000000 and TNOM = 27.000000

Using SPARSE 1.3 as Direct Linear Solver
 Reference value :  0.00000e+00
No. of Data Rows : 1
Doing analysis at TEMP = -40.000000 and TNOM = 27.000000

Using SPARSE 1.3 as Direct Linear Solver
 Reference value :  1.00000e-02
No. of Data Rows : 4401
Doing analysis at TEMP = -40.000000 and TNOM = 27.000000

Using SPARSE 1.3 as Direct Linear Solver
 Reference value :  1.00000e-02
No. of Data Rows : 4401
dcg                 =  1.44382e+02
f0                  =  1.30873e+05
phx                 =  -1.38779e+02
f180                =  4.54813e+05
gmx                 =  -1.91611e+01
 meas ac f0r when tdb=0 rise=1 failed!

tres                =  -6.96447e-01 at=  1.38038e+05
ROW iload_a=0.0001 ceff_f=3.3e-07 esr_ohm=0.05 vout_v=1.79945 dcgain_db=144.382 f0_hz=130873 phase_at_f0_deg=-138.779 f180_hz=454813 gain_at_f180_db=-19.1611 f0_rising_hz= resurgence_db=-0.696447
Doing analysis at TEMP = -40.000000 and TNOM = 27.000000

Using SPARSE 1.3 as Direct Linear Solver
 Reference value :  0.00000e+00
No. of Data Rows : 1
Doing analysis at TEMP = -40.000000 and TNOM = 27.000000

Using SPARSE 1.3 as Direct Linear Solver
 Reference value :  1.00000e-02
No. of Data Rows : 4401
Doing analysis at TEMP = -40.000000 and TNOM = 27.000000

Using SPARSE 1.3 as Direct Linear Solver
 Reference value :  1.00000e-02
No. of Data Rows : 4401
dcg                 =  1.44382e+02
f0                  =  1.30994e+05
phx                 =  -1.36480e+02
f180                =  6.46544e+05
gmx                 =  -2.49779e+01
 meas ac f0r when tdb=0 rise=1 failed!

tres                =  -6.83182e-01 at=  1.38038e+05
ROW iload_a=0.0001 ceff_f=3.3e-07 esr_ohm=0.2 vout_v=1.79945 dcgain_db=144.382 f0_hz=130994 phase_at_f0_deg=-136.48 f180_hz=646544 gain_at_f180_db=-24.9779 f0_rising_hz= resurgence_db=-0.683182
Doing analysis at TEMP = -40.000000 and TNOM = 27.000000

Using SPARSE 1.3 as Direct Linear Solver
 Reference value :  0.00000e+00
No. of Data Rows : 1
Doing analysis at TEMP = -40.000000 and TNOM = 27.000000

Using SPARSE 1.3 as Direct Linear Solver
 Reference value :  1.00000e-02
No. of Data Rows : 4401
Doing analysis at TEMP = -40.000000 and TNOM = 27.000000

Using SPARSE 1.3 as Direct Linear Solver
 Reference value :  1.00000e-02
No. of Data Rows : 4401
dcg                 =  1.44382e+02
f0                  =  1.31676e+05
phx                 =  -1.32004e+02
f180                =  1.65594e+06
gmx                 =  -3.71120e+01
 meas ac f0r when tdb=0 rise=1 failed!

tres                =  -6.84523e-01 at=  1.38835e+05
ROW iload_a=0.0001 ceff_f=3.3e-07 esr_ohm=0.5 vout_v=1.79945 dcgain_db=144.382 f0_hz=131676 phase_at_f0_deg=-132.004 f180_hz=1.65594E+06 gain_at_f180_db=-37.112 f0_rising_hz= resurgence_db=-0.684523
Doing analysis at TEMP = -40.000000 and TNOM = 27.000000

Using SPARSE 1.3 as Direct Linear Solver
 Reference value :  0.00000e+00
No. of Data Rows : 1
Doing analysis at TEMP = -40.000000 and TNOM = 27.000000

Using SPARSE 1.3 as Direct Linear Solver
 Reference value :  1.00000e-02
No. of Data Rows : 4401
Doing analysis at TEMP = -40.000000 and TNOM = 27.000000

Using SPARSE 1.3 as Direct Linear Solver
 Reference value :  1.00000e-02
 Reference value :  4.19276e+08
No. of Data Rows : 4401
dcg                 =  1.44382e+02
f0                  =  5.31025e+04
phx                 =  -1.12566e+02
f180                =  4.21484e+05
gmx                 =  -2.75071e+01
 meas ac f0r when tdb=0 rise=1 failed!

tres                =  -4.56624e-01 at=  5.59114e+04
ROW iload_a=0.0001 ceff_f=1e-06 esr_ohm=0.001 vout_v=1.79945 dcgain_db=144.382 f0_hz=53102.5 phase_at_f0_deg=-112.566 f180_hz=421484 gain_at_f180_db=-27.5071 f0_rising_hz= resurgence_db=-0.456624
Doing analysis at TEMP = -40.000000 and TNOM = 27.000000

Using SPARSE 1.3 as Direct Linear Solver
 Reference value :  0.00000e+00
No. of Data Rows : 1
Doing analysis at TEMP = -40.000000 and TNOM = 27.000000

Using SPARSE 1.3 as Direct Linear Solver
 Reference value :  1.00000e-02
No. of Data Rows : 4401
Doing analysis at TEMP = -40.000000 and TNOM = 27.000000

Using SPARSE 1.3 as Direct Linear Solver
 Reference value :  1.00000e-02
 Reference value :  4.21697e+08
No. of Data Rows : 4401
dcg                 =  1.44382e+02
f0                  =  5.31097e+04
phx                 =  -1.11632e+02
f180                =  5.63174e+05
gmx                 =  -3.23532e+01
 meas ac f0r when tdb=0 rise=1 failed!

tres                =  -4.55305e-01 at=  5.59114e+04
ROW iload_a=0.0001 ceff_f=1e-06 esr_ohm=0.05 vout_v=1.79945 dcgain_db=144.382 f0_hz=53109.7 phase_at_f0_deg=-111.632 f180_hz=563174 gain_at_f180_db=-32.3532 f0_rising_hz= resurgence_db=-0.455305
Doing analysis at TEMP = -40.000000 and TNOM = 27.000000

Using SPARSE 1.3 as Direct Linear Solver
 Reference value :  0.00000e+00
No. of Data Rows : 1
Doing analysis at TEMP = -40.000000 and TNOM = 27.000000

Using SPARSE 1.3 as Direct Linear Solver
 Reference value :  1.00000e-02
No. of Data Rows : 4401
Doing analysis at TEMP = -40.000000 and TNOM = 27.000000

Using SPARSE 1.3 as Direct Linear Solver
 Reference value :  1.00000e-02
 Reference value :  9.49511e+07
No. of Data Rows : 4401
dcg                 =  1.44382e+02
f0                  =  5.32194e+04
phx                 =  -1.08802e+02
f180                =  1.85974e+06
gmx                 =  -4.70622e+01
 meas ac f0r when tdb=0 rise=1 failed!

tres                =  -4.35319e-01 at=  5.59114e+04
ROW iload_a=0.0001 ceff_f=1e-06 esr_ohm=0.2 vout_v=1.79945 dcgain_db=144.382 f0_hz=53219.4 phase_at_f0_deg=-108.802 f180_hz=1.85974E+06 gain_at_f180_db=-47.0622 f0_rising_hz= resurgence_db=-0.435319
Doing analysis at TEMP = -40.000000 and TNOM = 27.000000

Using SPARSE 1.3 as Direct Linear Solver
 Reference value :  0.00000e+00
No. of Data Rows : 1
Doing analysis at TEMP = -40.000000 and TNOM = 27.000000

Using SPARSE 1.3 as Direct Linear Solver
 Reference value :  1.00000e-02
 Reference value :  9.71628e+08
No. of Data Rows : 4401
Doing analysis at TEMP = -40.000000 and TNOM = 27.000000

Using SPARSE 1.3 as Direct Linear Solver
 Reference value :  1.00000e-02
No. of Data Rows : 4401
dcg                 =  1.44382e+02
f0                  =  5.38457e+04
phx                 =  -1.03257e+02
f180                =  2.31204e+06
gmx                 =  -4.27180e+01
 meas ac f0r when tdb=0 rise=1 failed!

tres                =  -4.24937e-01 at=  5.65588e+04
ROW iload_a=0.0001 ceff_f=1e-06 esr_ohm=0.5 vout_v=1.79945 dcgain_db=144.382 f0_hz=53845.7 phase_at_f0_deg=-103.257 f180_hz=2.31204E+06 gain_at_f180_db=-42.718 f0_rising_hz= resurgence_db=-0.424937
Doing analysis at TEMP = -40.000000 and TNOM = 27.000000

Using SPARSE 1.3 as Direct Linear Solver
 Reference value :  0.00000e+00
No. of Data Rows : 1
Doing analysis at TEMP = -40.000000 and TNOM = 27.000000

Using SPARSE 1.3 as Direct Linear Solver
 Reference value :  1.00000e-02
No. of Data Rows : 4401
Doing analysis at TEMP = -40.000000 and TNOM = 27.000000

Using SPARSE 1.3 as Direct Linear Solver
 Reference value :  1.00000e-02
No. of Data Rows : 4401
dcg                 =  1.44382e+02
f0                  =  1.13557e+04
phx                 =  -1.18085e+02
f180                =  4.28870e+05
gmx                 =  -4.12450e+01
 meas ac f0r when tdb=0 rise=1 failed!

tres                =  -5.19153e-01 at=  1.19536e+04
ROW iload_a=0.0001 ceff_f=4.7e-06 esr_ohm=0.001 vout_v=1.79945 dcgain_db=144.382 f0_hz=11355.7 phase_at_f0_deg=-118.084 f180_hz=428870 gain_at_f180_db=-41.245 f0_rising_hz= resurgence_db=-0.519153
Doing analysis at TEMP = -40.000000 and TNOM = 27.000000

Using SPARSE 1.3 as Direct Linear Solver
 Reference value :  0.00000e+00
No. of Data Rows : 1
Doing analysis at TEMP = -40.000000 and TNOM = 27.000000

Using SPARSE 1.3 as Direct Linear Solver
 Reference value :  1.00000e-02
 Reference value :  5.82103e+08
No. of Data Rows : 4401
Doing analysis at TEMP = -40.000000 and TNOM = 27.000000

Using SPARSE 1.3 as Direct Linear Solver
 Reference value :  1.00000e-02
 Reference value :  2.91743e+08
No. of Data Rows : 4401
dcg                 =  1.44382e+02
f0                  =  1.13570e+04
phx                 =  -1.17140e+02
f180                =  2.07994e+06
gmx                 =  -6.08598e+01
 meas ac f0r when tdb=0 rise=1 failed!

tres                =  -5.17821e-01 at=  1.19536e+04
ROW iload_a=0.0001 ceff_f=4.7e-06 esr_ohm=0.05 vout_v=1.79945 dcgain_db=144.382 f0_hz=11357 phase_at_f0_deg=-117.141 f180_hz=2.07994E+06 gain_at_f180_db=-60.8599 f0_rising_hz= resurgence_db=-0.517821
Doing analysis at TEMP = -40.000000 and TNOM = 27.000000

Using SPARSE 1.3 as Direct Linear Solver
 Reference value :  0.00000e+00
No. of Data Rows : 1
Doing analysis at TEMP = -40.000000 and TNOM = 27.000000

Using SPARSE 1.3 as Direct Linear Solver
 Reference value :  1.00000e-02
No. of Data Rows : 4401
Doing analysis at TEMP = -40.000000 and TNOM = 27.000000

Using SPARSE 1.3 as Direct Linear Solver
 Reference value :  1.00000e-02
No. of Data Rows : 4401
dcg                 =  1.44382e+02
f0                  =  1.13774e+04
phx                 =  -1.14218e+02
f180                =  2.46373e+06
gmx                 =  -5.16423e+01
 meas ac f0r when tdb=0 rise=1 failed!

tres                =  -4.97644e-01 at=  1.19536e+04
ROW iload_a=0.0001 ceff_f=4.7e-06 esr_ohm=0.2 vout_v=1.79945 dcgain_db=144.382 f0_hz=11377.4 phase_at_f0_deg=-114.218 f180_hz=2.46373E+06 gain_at_f180_db=-51.6423 f0_rising_hz= resurgence_db=-0.497644
Doing analysis at TEMP = -40.000000 and TNOM = 27.000000

Using SPARSE 1.3 as Direct Linear Solver
 Reference value :  0.00000e+00
No. of Data Rows : 1
Doing analysis at TEMP = -40.000000 and TNOM = 27.000000

Using SPARSE 1.3 as Direct Linear Solver
 Reference value :  1.00000e-02
 Reference value :  2.77013e+08
No. of Data Rows : 4401
Doing analysis at TEMP = -40.000000 and TNOM = 27.000000

Using SPARSE 1.3 as Direct Linear Solver
 Reference value :  1.00000e-02
 Reference value :  2.83465e+08
No. of Data Rows : 4401
dcg                 =  1.44382e+02
f0                  =  1.14938e+04
phx                 =  -1.08208e+02
f180                =  2.51957e+06
gmx                 =  -4.40701e+01
 meas ac f0r when tdb=0 rise=1 failed!

tres                =  -4.98344e-01 at=  1.20921e+04
ROW iload_a=0.0001 ceff_f=4.7e-06 esr_ohm=0.5 vout_v=1.79945 dcgain_db=144.382 f0_hz=11493.8 phase_at_f0_deg=-108.208 f180_hz=2.51957E+06 gain_at_f180_db=-44.0701 f0_rising_hz= resurgence_db=-0.498344
Doing analysis at TEMP = -40.000000 and TNOM = 27.000000

Using SPARSE 1.3 as Direct Linear Solver
 Reference value :  0.00000e+00
No. of Data Rows : 1
Doing analysis at TEMP = -40.000000 and TNOM = 27.000000

Using SPARSE 1.3 as Direct Linear Solver
 Reference value :  1.00000e-02
No. of Data Rows : 4401
Doing analysis at TEMP = -40.000000 and TNOM = 27.000000

Using SPARSE 1.3 as Direct Linear Solver
 Reference value :  1.00000e-02
 Reference value :  2.25165e+08
No. of Data Rows : 4401
dcg                 =  1.44681e+02
f0                  =  3.56906e+05
phx                 =  -1.48555e+02
f180                =  6.62034e+05
gmx                 =  -8.81360e+00
 meas ac f0r when tdb=0 rise=1 failed!

tres                =  -6.59145e-01 at=  3.75837e+05
ROW iload_a=0.001 ceff_f=3.3e-07 esr_ohm=0.001 vout_v=1.79945 dcgain_db=144.681 f0_hz=356906 phase_at_f0_deg=-148.555 f180_hz=662034 gain_at_f180_db=-8.8136 f0_rising_hz= resurgence_db=-0.659145
Doing analysis at TEMP = -40.000000 and TNOM = 27.000000

Using SPARSE 1.3 as Direct Linear Solver
 Reference value :  0.00000e+00
No. of Data Rows : 1
Doing analysis at TEMP = -40.000000 and TNOM = 27.000000

Using SPARSE 1.3 as Direct Linear Solver
 Reference value :  1.00000e-02
No. of Data Rows : 4401
Doing analysis at TEMP = -40.000000 and TNOM = 27.000000

Using SPARSE 1.3 as Direct Linear Solver
 Reference value :  1.00000e-02
No. of Data Rows : 4401
dcg                 =  1.44681e+02
f0                  =  3.57072e+05
phx                 =  -1.46499e+02
f180                =  7.12024e+05
gmx                 =  -9.96678e+00
 meas ac f0r when tdb=0 rise=1 failed!

tres                =  -6.52638e-01 at=  3.75837e+05
ROW iload_a=0.001 ceff_f=3.3e-07 esr_ohm=0.05 vout_v=1.79945 dcgain_db=144.681 f0_hz=357072 phase_at_f0_deg=-146.499 f180_hz=712024 gain_at_f180_db=-9.96678 f0_rising_hz= resurgence_db=-0.652638
Doing analysis at TEMP = -40.000000 and TNOM = 27.000000

Using SPARSE 1.3 as Direct Linear Solver
 Reference value :  0.00000e+00
No. of Data Rows : 1
Doing analysis at TEMP = -40.000000 and TNOM = 27.000000

Using SPARSE 1.3 as Direct Linear Solver
 Reference value :  1.00000e-02
No. of Data Rows : 4401
Doing analysis at TEMP = -40.000000 and TNOM = 27.000000

Using SPARSE 1.3 as Direct Linear Solver
 Reference value :  1.00000e-02
No. of Data Rows : 4401
dcg                 =  1.44681e+02
f0                  =  3.59604e+05
phx                 =  -1.40458e+02
f180                =  9.49874e+05
gmx                 =  -1.43177e+01
 meas ac f0r when tdb=0 rise=1 failed!

tres                =  -6.28291e-01 at=  3.78007e+05
ROW iload_a=0.001 ceff_f=3.3e-07 esr_ohm=0.2 vout_v=1.79945 dcgain_db=144.681 f0_hz=359604 phase_at_f0_deg=-140.458 f180_hz=949874 gain_at_f180_db=-14.3177 f0_rising_hz= resurgence_db=-0.628291
Doing analysis at TEMP = -40.000000 and TNOM = 27.000000

Using SPARSE 1.3 as Direct Linear Solver
 Reference value :  0.00000e+00
No. of Data Rows : 1
Doing analysis at TEMP = -40.000000 and TNOM = 27.000000

Using SPARSE 1.3 as Direct Linear Solver
 Reference value :  1.00000e-02
No. of Data Rows : 4401
Doing analysis at TEMP = -40.000000 and TNOM = 27.000000

Using SPARSE 1.3 as Direct Linear Solver
 Reference value :  1.00000e-02
No. of Data Rows : 4401
dcg                 =  1.44681e+02
f0                  =  3.74365e+05
phx                 =  -1.29567e+02
f180                =  1.67680e+06
gmx                 =  -2.01916e+01
 meas ac f0r when tdb=0 rise=1 failed!

tres                =  -5.90006e-01 at=  3.93550e+05
ROW iload_a=0.001 ceff_f=3.3e-07 esr_ohm=0.5 vout_v=1.79945 dcgain_db=144.681 f0_hz=374365 phase_at_f0_deg=-129.567 f180_hz=1.6768E+06 gain_at_f180_db=-20.1916 f0_rising_hz= resurgence_db=-0.590006
Doing analysis at TEMP = -40.000000 and TNOM = 27.000000

Using SPARSE 1.3 as Direct Linear Solver
 Reference value :  0.00000e+00
No. of Data Rows : 1
Doing analysis at TEMP = -40.000000 and TNOM = 27.000000

Using SPARSE 1.3 as Direct Linear Solver
 Reference value :  1.00000e-02
 Reference value :  2.29087e+08
No. of Data Rows : 4401
Doing analysis at TEMP = -40.000000 and TNOM = 27.000000

Using SPARSE 1.3 as Direct Linear Solver
 Reference value :  1.00000e-02
 Reference value :  8.22243e+08
No. of Data Rows : 4401
dcg                 =  1.44681e+02
f0                  =  1.46187e+05
phx                 =  -1.18167e+02
f180                =  6.63864e+05
gmx                 =  -1.84849e+01
 meas ac f0r when tdb=0 rise=1 failed!

tres                =  -4.90841e-01 at=  1.53993e+05
ROW iload_a=0.001 ceff_f=1e-06 esr_ohm=0.001 vout_v=1.79945 dcgain_db=144.681 f0_hz=146187 phase_at_f0_deg=-118.167 f180_hz=663864 gain_at_f180_db=-18.4849 f0_rising_hz= resurgence_db=-0.490841
Doing analysis at TEMP = -40.000000 and TNOM = 27.000000

Using SPARSE 1.3 as Direct Linear Solver
 Reference value :  0.00000e+00
No. of Data Rows : 1
Doing analysis at TEMP = -40.000000 and TNOM = 27.000000

Using SPARSE 1.3 as Direct Linear Solver
 Reference value :  1.00000e-02
No. of Data Rows : 4401
Doing analysis at TEMP = -40.000000 and TNOM = 27.000000

Using SPARSE 1.3 as Direct Linear Solver
 Reference value :  1.00000e-02
 Reference value :  1.40443e+08
No. of Data Rows : 4401
dcg                 =  1.44681e+02
f0                  =  1.46328e+05
phx                 =  -1.15609e+02
f180                =  8.55227e+05
gmx                 =  -2.24093e+01
 meas ac f0r when tdb=0 rise=1 failed!

tres                =  -4.80821e-01 at=  1.53993e+05
ROW iload_a=0.001 ceff_f=1e-06 esr_ohm=0.05 vout_v=1.79945 dcgain_db=144.681 f0_hz=146328 phase_at_f0_deg=-115.61 f180_hz=855227 gain_at_f180_db=-22.4093 f0_rising_hz= resurgence_db=-0.480821
Doing analysis at TEMP = -40.000000 and TNOM = 27.000000

Using SPARSE 1.3 as Direct Linear Solver
 Reference value :  0.00000e+00
No. of Data Rows : 1
Doing analysis at TEMP = -40.000000 and TNOM = 27.000000

Using SPARSE 1.3 as Direct Linear Solver
 Reference value :  1.00000e-02
No. of Data Rows : 4401
Doing analysis at TEMP = -40.000000 and TNOM = 27.000000

Using SPARSE 1.3 as Direct Linear Solver
 Reference value :  1.00000e-02
No. of Data Rows : 4401
dcg                 =  1.44681e+02
f0                  =  1.48511e+05
phx                 =  -1.08008e+02
f180                =  1.83003e+06
gmx                 =  -2.98198e+01
 meas ac f0r when tdb=0 rise=1 failed!

tres                =  -4.90582e-01 at=  1.56675e+05
ROW iload_a=0.001 ceff_f=1e-06 esr_ohm=0.2 vout_v=1.79945 dcgain_db=144.681 f0_hz=148511 phase_at_f0_deg=-108.008 f180_hz=1.83003E+06 gain_at_f180_db=-29.8197 f0_rising_hz= resurgence_db=-0.490582
Doing analysis at TEMP = -40.000000 and TNOM = 27.000000

Using SPARSE 1.3 as Direct Linear Solver
 Reference value :  0.00000e+00
No. of Data Rows : 1
Doing analysis at TEMP = -40.000000 and TNOM = 27.000000

Using SPARSE 1.3 as Direct Linear Solver
 Reference value :  1.00000e-02
No. of Data Rows : 4401
Doing analysis at TEMP = -40.000000 and TNOM = 27.000000

Using SPARSE 1.3 as Direct Linear Solver
 Reference value :  1.00000e-02
No. of Data Rows : 4401
dcg                 =  1.44681e+02
f0                  =  1.62489e+05
phx                 =  -9.37077e+01
f180                =  2.23996e+06
gmx                 =  -2.55089e+01
 meas ac f0r when tdb=0 rise=1 failed!

tres                =  -3.90760e-01 at=  1.70805e+05
ROW iload_a=0.001 ceff_f=1e-06 esr_ohm=0.5 vout_v=1.79945 dcgain_db=144.681 f0_hz=162488 phase_at_f0_deg=-93.7077 f180_hz=2.23996E+06 gain_at_f180_db=-25.509 f0_rising_hz= resurgence_db=-0.39076
Doing analysis at TEMP = -40.000000 and TNOM = 27.000000

Using SPARSE 1.3 as Direct Linear Solver
 Reference value :  0.00000e+00
No. of Data Rows : 1
Doing analysis at TEMP = -40.000000 and TNOM = 27.000000

Using SPARSE 1.3 as Direct Linear Solver
 Reference value :  1.00000e-02
No. of Data Rows : 4401
Doing analysis at TEMP = -40.000000 and TNOM = 27.000000

Using SPARSE 1.3 as Direct Linear Solver
 Reference value :  1.00000e-02
No. of Data Rows : 4401
dcg                 =  1.44681e+02
f0                  =  3.10320e+04
phx                 =  -1.16965e+02
f180                =  6.74619e+05
gmx                 =  -3.21833e+01
 meas ac f0r when tdb=0 rise=1 failed!

tres                =  -5.08615e-01 at=  3.27341e+04
ROW iload_a=0.001 ceff_f=4.7e-06 esr_ohm=0.001 vout_v=1.79945 dcgain_db=144.681 f0_hz=31032 phase_at_f0_deg=-116.965 f180_hz=674619 gain_at_f180_db=-32.1834 f0_rising_hz= resurgence_db=-0.508615
Doing analysis at TEMP = -40.000000 and TNOM = 27.000000

Using SPARSE 1.3 as Direct Linear Solver
 Reference value :  0.00000e+00
No. of Data Rows : 1
Doing analysis at TEMP = -40.000000 and TNOM = 27.000000

Using SPARSE 1.3 as Direct Linear Solver
 Reference value :  1.00000e-02
No. of Data Rows : 4401
Doing analysis at TEMP = -40.000000 and TNOM = 27.000000

Using SPARSE 1.3 as Direct Linear Solver
 Reference value :  1.00000e-02
No. of Data Rows : 4401
dcg                 =  1.44681e+02
f0                  =  3.10608e+04
phx                 =  -1.14371e+02
f180                =  1.94486e+06
gmx                 =  -4.29720e+01
 meas ac f0r when tdb=0 rise=1 failed!

tres                =  -4.98637e-01 at=  3.27341e+04
ROW iload_a=0.001 ceff_f=4.7e-06 esr_ohm=0.05 vout_v=1.79945 dcgain_db=144.681 f0_hz=31060.8 phase_at_f0_deg=-114.371 f180_hz=1.94486E+06 gain_at_f180_db=-42.972 f0_rising_hz= resurgence_db=-0.498637
Doing analysis at TEMP = -40.000000 and TNOM = 27.000000

Using SPARSE 1.3 as Direct Linear Solver
 Reference value :  0.00000e+00
No. of Data Rows : 1
Doing analysis at TEMP = -40.000000 and TNOM = 27.000000

Using SPARSE 1.3 as Direct Linear Solver
 Reference value :  1.00000e-02
No. of Data Rows : 4401
Doing analysis at TEMP = -40.000000 and TNOM = 27.000000

Using SPARSE 1.3 as Direct Linear Solver
 Reference value :  1.00000e-02
No. of Data Rows : 4401
dcg                 =  1.44681e+02
f0                  =  3.15117e+04
phx                 =  -1.06132e+02
f180                =  2.36176e+06
gmx                 =  -3.43605e+01
 meas ac f0r when tdb=0 rise=1 failed!

tres                =  -4.54403e-01 at=  3.31131e+04
ROW iload_a=0.001 ceff_f=4.7e-06 esr_ohm=0.2 vout_v=1.79945 dcgain_db=144.681 f0_hz=31511.7 phase_at_f0_deg=-106.132 f180_hz=2.36176E+06 gain_at_f180_db=-34.3605 f0_rising_hz= resurgence_db=-0.454403
Doing analysis at TEMP = -40.000000 and TNOM = 27.000000

Using SPARSE 1.3 as Direct Linear Solver
 Reference value :  0.00000e+00
No. of Data Rows : 1
Doing analysis at TEMP = -40.000000 and TNOM = 27.000000

Using SPARSE 1.3 as Direct Linear Solver
 Reference value :  1.00000e-02
No. of Data Rows : 4401
Doing analysis at TEMP = -40.000000 and TNOM = 27.000000

Using SPARSE 1.3 as Direct Linear Solver
 Reference value :  1.00000e-02
No. of Data Rows : 4401
dcg                 =  1.44681e+02
f0                  =  3.45099e+04
phx                 =  -8.77717e+01
f180                =  2.43586e+06
gmx                 =  -2.69285e+01
 meas ac f0r when tdb=0 rise=1 failed!

tres                =  -3.69362e-01 at=  3.63078e+04
ROW iload_a=0.001 ceff_f=4.7e-06 esr_ohm=0.5 vout_v=1.79945 dcgain_db=144.681 f0_hz=34509.9 phase_at_f0_deg=-87.7717 f180_hz=2.43586E+06 gain_at_f180_db=-26.9285 f0_rising_hz= resurgence_db=-0.369362
Doing analysis at TEMP = -40.000000 and TNOM = 27.000000

Using SPARSE 1.3 as Direct Linear Solver
 Reference value :  0.00000e+00
No. of Data Rows : 1
Doing analysis at TEMP = -40.000000 and TNOM = 27.000000

Using SPARSE 1.3 as Direct Linear Solver
 Reference value :  1.00000e-02
No. of Data Rows : 4401
Doing analysis at TEMP = -40.000000 and TNOM = 27.000000

Using SPARSE 1.3 as Direct Linear Solver
 Reference value :  1.00000e-02
No. of Data Rows : 4401
dcg                 =  1.43515e+02
f0                  =  6.63632e+05
phx                 =  -1.74102e+02
f180                =  7.31937e+05
gmx                 =  -1.49230e+00
 meas ac f0r when tdb=0 rise=1 failed!

tres                =  -8.00978e-01 at=  6.99842e+05
ROW iload_a=0.01 ceff_f=3.3e-07 esr_ohm=0.001 vout_v=1.79945 dcgain_db=143.515 f0_hz=663632 phase_at_f0_deg=-174.102 f180_hz=731937 gain_at_f180_db=-1.4923 f0_rising_hz= resurgence_db=-0.800978
Doing analysis at TEMP = -40.000000 and TNOM = 27.000000

Using SPARSE 1.3 as Direct Linear Solver
 Reference value :  0.00000e+00
No. of Data Rows : 1
Doing analysis at TEMP = -40.000000 and TNOM = 27.000000

Using SPARSE 1.3 as Direct Linear Solver
 Reference value :  1.00000e-02
No. of Data Rows : 4401
Doing analysis at TEMP = -40.000000 and TNOM = 27.000000

Using SPARSE 1.3 as Direct Linear Solver
 Reference value :  1.00000e-02
No. of Data Rows : 4401
dcg                 =  1.43515e+02
f0                  =  6.64528e+05
phx                 =  -1.70328e+02
f180                =  7.87671e+05
gmx                 =  -2.62638e+00
 meas ac f0r when tdb=0 rise=1 failed!

tres                =  -7.78644e-01 at=  6.99842e+05
ROW iload_a=0.01 ceff_f=3.3e-07 esr_ohm=0.05 vout_v=1.79945 dcgain_db=143.515 f0_hz=664528 phase_at_f0_deg=-170.328 f180_hz=787671 gain_at_f180_db=-2.62638 f0_rising_hz= resurgence_db=-0.778644
Doing analysis at TEMP = -40.000000 and TNOM = 27.000000

Using SPARSE 1.3 as Direct Linear Solver
 Reference value :  0.00000e+00
No. of Data Rows : 1
Doing analysis at TEMP = -40.000000 and TNOM = 27.000000

Using SPARSE 1.3 as Direct Linear Solver
 Reference value :  1.00000e-02
No. of Data Rows : 4401
Doing analysis at TEMP = -40.000000 and TNOM = 27.000000

Using SPARSE 1.3 as Direct Linear Solver
 Reference value :  1.00000e-02
No. of Data Rows : 4401
dcg                 =  1.43515e+02
f0                  =  6.78379e+05
phx                 =  -1.59807e+02
f180                =  1.04671e+06
gmx                 =  -6.78963e+00
 meas ac f0r when tdb=0 rise=1 failed!

tres                =  -7.89084e-01 at=  7.16143e+05
ROW iload_a=0.01 ceff_f=3.3e-07 esr_ohm=0.2 vout_v=1.79945 dcgain_db=143.515 f0_hz=678379 phase_at_f0_deg=-159.807 f180_hz=1.04671E+06 gain_at_f180_db=-6.78963 f0_rising_hz= resurgence_db=-0.789084
Doing analysis at TEMP = -40.000000 and TNOM = 27.000000

Using SPARSE 1.3 as Direct Linear Solver
 Reference value :  0.00000e+00
No. of Data Rows : 1
Doing analysis at TEMP = -40.000000 and TNOM = 27.000000

Using SPARSE 1.3 as Direct Linear Solver
 Reference value :  1.00000e-02
No. of Data Rows : 4401
Doing analysis at TEMP = -40.000000 and TNOM = 27.000000

Using SPARSE 1.3 as Direct Linear Solver
 Reference value :  1.00000e-02
No. of Data Rows : 4401
dcg                 =  1.43515e+02
f0                  =  7.60523e+05
phx                 =  -1.44304e+02
f180                =  1.77248e+06
gmx                 =  -1.18570e+01
 meas ac f0r when tdb=0 rise=1 failed!

tres                =  -6.20882e-01 at=  7.98914e+05
ROW iload_a=0.01 ceff_f=3.3e-07 esr_ohm=0.5 vout_v=1.79945 dcgain_db=143.515 f0_hz=760523 phase_at_f0_deg=-144.304 f180_hz=1.77248E+06 gain_at_f180_db=-11.857 f0_rising_hz= resurgence_db=-0.620882
Doing analysis at TEMP = -40.000000 and TNOM = 27.000000

Using SPARSE 1.3 as Direct Linear Solver
 Reference value :  0.00000e+00
No. of Data Rows : 1
Doing analysis at TEMP = -40.000000 and TNOM = 27.000000

Using SPARSE 1.3 as Direct Linear Solver
 Reference value :  1.00000e-02
No. of Data Rows : 4401
Doing analysis at TEMP = -40.000000 and TNOM = 27.000000

Using SPARSE 1.3 as Direct Linear Solver
 Reference value :  1.00000e-02
No. of Data Rows : 4401
dcg                 =  1.43515e+02
f0                  =  3.10387e+05
phx                 =  -1.37662e+02
f180                =  7.33706e+05
gmx                 =  -1.11469e+01
 meas ac f0r when tdb=0 rise=1 failed!

tres                =  -5.82439e-01 at=  3.27341e+05
ROW iload_a=0.01 ceff_f=1e-06 esr_ohm=0.001 vout_v=1.79945 dcgain_db=143.515 f0_hz=310387 phase_at_f0_deg=-137.661 f180_hz=733706 gain_at_f180_db=-11.1469 f0_rising_hz= resurgence_db=-0.582439
Doing analysis at TEMP = -40.000000 and TNOM = 27.000000

Using SPARSE 1.3 as Direct Linear Solver
 Reference value :  0.00000e+00
No. of Data Rows : 1
Doing analysis at TEMP = -40.000000 and TNOM = 27.000000

Using SPARSE 1.3 as Direct Linear Solver
 Reference value :  1.00000e-02
No. of Data Rows : 4401
Doing analysis at TEMP = -40.000000 and TNOM = 27.000000

Using SPARSE 1.3 as Direct Linear Solver
 Reference value :  1.00000e-02
No. of Data Rows : 4401
dcg                 =  1.43515e+02
f0                  =  3.11557e+05
phx                 =  -1.32320e+02
f180                =  9.44923e+05
gmx                 =  -1.49591e+01
 meas ac f0r when tdb=0 rise=1 failed!

tres                =  -5.37273e-01 at=  3.27341e+05
ROW iload_a=0.01 ceff_f=1e-06 esr_ohm=0.05 vout_v=1.79945 dcgain_db=143.515 f0_hz=311557 phase_at_f0_deg=-132.32 f180_hz=944923 gain_at_f180_db=-14.9591 f0_rising_hz= resurgence_db=-0.537273
Doing analysis at TEMP = -40.000000 and TNOM = 27.000000

Using SPARSE 1.3 as Direct Linear Solver
 Reference value :  0.00000e+00
No. of Data Rows : 1
Doing analysis at TEMP = -40.000000 and TNOM = 27.000000

Using SPARSE 1.3 as Direct Linear Solver
 Reference value :  1.00000e-02
No. of Data Rows : 4401
Doing analysis at TEMP = -40.000000 and TNOM = 27.000000

Using SPARSE 1.3 as Direct Linear Solver
 Reference value :  1.00000e-02
No. of Data Rows : 4401
dcg                 =  1.43515e+02
f0                  =  3.30511e+05
phx                 =  -1.17539e+02
f180                =  1.92540e+06
gmx                 =  -2.13976e+01
 meas ac f0r when tdb=0 rise=1 failed!

tres                =  -5.28946e-01 at=  3.48739e+05
ROW iload_a=0.01 ceff_f=1e-06 esr_ohm=0.2 vout_v=1.79945 dcgain_db=143.515 f0_hz=330511 phase_at_f0_deg=-117.54 f180_hz=1.9254E+06 gain_at_f180_db=-21.3976 f0_rising_hz= resurgence_db=-0.528946
Doing analysis at TEMP = -40.000000 and TNOM = 27.000000

Using SPARSE 1.3 as Direct Linear Solver
 Reference value :  0.00000e+00
No. of Data Rows : 1
Doing analysis at TEMP = -40.000000 and TNOM = 27.000000

Using SPARSE 1.3 as Direct Linear Solver
 Reference value :  1.00000e-02
No. of Data Rows : 4401
Doing analysis at TEMP = -40.000000 and TNOM = 27.000000

Using SPARSE 1.3 as Direct Linear Solver
 Reference value :  1.00000e-02
No. of Data Rows : 4401
dcg                 =  1.43515e+02
f0                  =  4.80825e+05
phx                 =  -1.00136e+02
f180                =  2.33945e+06
gmx                 =  -1.70119e+01
 meas ac f0r when tdb=0 rise=1 failed!

tres                =  -3.64524e-01 at=  5.06991e+05
ROW iload_a=0.01 ceff_f=1e-06 esr_ohm=0.5 vout_v=1.79945 dcgain_db=143.515 f0_hz=480825 phase_at_f0_deg=-100.136 f180_hz=2.33945E+06 gain_at_f180_db=-17.0119 f0_rising_hz= resurgence_db=-0.364524
Doing analysis at TEMP = -40.000000 and TNOM = 27.000000

Using SPARSE 1.3 as Direct Linear Solver
 Reference value :  0.00000e+00
No. of Data Rows : 1
Doing analysis at TEMP = -40.000000 and TNOM = 27.000000

Using SPARSE 1.3 as Direct Linear Solver
 Reference value :  1.00000e-02
No. of Data Rows : 4401
Doing analysis at TEMP = -40.000000 and TNOM = 27.000000

Using SPARSE 1.3 as Direct Linear Solver
 Reference value :  1.00000e-02
No. of Data Rows : 4401
dcg                 =  1.43515e+02
f0                  =  7.64402e+04
phx                 =  -1.18053e+02
f180                =  7.45561e+05
gmx                 =  -2.48334e+01
 meas ac f0r when tdb=0 rise=1 failed!

tres                =  -4.65102e-01 at=  8.03526e+04
ROW iload_a=0.01 ceff_f=4.7e-06 esr_ohm=0.001 vout_v=1.79945 dcgain_db=143.515 f0_hz=76440.2 phase_at_f0_deg=-118.053 f180_hz=745560 gain_at_f180_db=-24.8334 f0_rising_hz= resurgence_db=-0.465102
Doing analysis at TEMP = -40.000000 and TNOM = 27.000000

Using SPARSE 1.3 as Direct Linear Solver
 Reference value :  0.00000e+00
No. of Data Rows : 1
Doing analysis at TEMP = -40.000000 and TNOM = 27.000000

Using SPARSE 1.3 as Direct Linear Solver
 Reference value :  1.00000e-02
No. of Data Rows : 4401
Doing analysis at TEMP = -40.000000 and TNOM = 27.000000

Using SPARSE 1.3 as Direct Linear Solver
 Reference value :  1.00000e-02
No. of Data Rows : 4401
dcg                 =  1.43515e+02
f0                  =  7.68901e+04
phx                 =  -1.11668e+02
f180                =  2.03568e+06
gmx                 =  -3.44680e+01
 meas ac f0r when tdb=0 rise=1 failed!

tres                =  -4.57965e-01 at=  8.08165e+04
ROW iload_a=0.01 ceff_f=4.7e-06 esr_ohm=0.05 vout_v=1.79945 dcgain_db=143.515 f0_hz=76890.1 phase_at_f0_deg=-111.668 f180_hz=2.03568E+06 gain_at_f180_db=-34.468 f0_rising_hz= resurgence_db=-0.457965
Doing analysis at TEMP = -40.000000 and TNOM = 27.000000

Using SPARSE 1.3 as Direct Linear Solver
 Reference value :  0.00000e+00
No. of Data Rows : 1
Doing analysis at TEMP = -40.000000 and TNOM = 27.000000

Using SPARSE 1.3 as Direct Linear Solver
 Reference value :  1.00000e-02
No. of Data Rows : 4401
Doing analysis at TEMP = -40.000000 and TNOM = 27.000000

Using SPARSE 1.3 as Direct Linear Solver
 Reference value :  1.00000e-02
No. of Data Rows : 4401
dcg                 =  1.43515e+02
f0                  =  8.48517e+04
phx                 =  -9.10469e+01
f180                =  2.46532e+06
gmx                 =  -2.58465e+01
 meas ac f0r when tdb=0 rise=1 failed!

tres                =  -3.64371e-01 at=  8.91251e+04
ROW iload_a=0.01 ceff_f=4.7e-06 esr_ohm=0.2 vout_v=1.79945 dcgain_db=143.515 f0_hz=84851.7 phase_at_f0_deg=-91.0469 f180_hz=2.46532E+06 gain_at_f180_db=-25.8465 f0_rising_hz= resurgence_db=-0.364371
Doing analysis at TEMP = -40.000000 and TNOM = 27.000000

Using SPARSE 1.3 as Direct Linear Solver
 Reference value :  0.00000e+00
No. of Data Rows : 1
Doing analysis at TEMP = -40.000000 and TNOM = 27.000000

Using SPARSE 1.3 as Direct Linear Solver
 Reference value :  1.00000e-02
No. of Data Rows : 4401
Doing analysis at TEMP = -40.000000 and TNOM = 27.000000

Using SPARSE 1.3 as Direct Linear Solver
 Reference value :  1.00000e-02
No. of Data Rows : 4401
dcg                 =  1.43515e+02
f0                  =  3.07961e+05
phx                 =  -5.99438e+01
f180                =  2.54115e+06
gmx                 =  -1.84224e+01
 meas ac f0r when tdb=0 rise=1 failed!

tres                =  -1.29045e-01 at=  3.23594e+05
ROW iload_a=0.01 ceff_f=4.7e-06 esr_ohm=0.5 vout_v=1.79945 dcgain_db=143.515 f0_hz=307960 phase_at_f0_deg=-59.9438 f180_hz=2.54115E+06 gain_at_f180_db=-18.4224 f0_rising_hz= resurgence_db=-0.129045
Doing analysis at TEMP = -40.000000 and TNOM = 27.000000

Using SPARSE 1.3 as Direct Linear Solver
 Reference value :  0.00000e+00
No. of Data Rows : 1
Doing analysis at TEMP = -40.000000 and TNOM = 27.000000

Using SPARSE 1.3 as Direct Linear Solver
 Reference value :  1.00000e-02
No. of Data Rows : 4401
Doing analysis at TEMP = -40.000000 and TNOM = 27.000000

Using SPARSE 1.3 as Direct Linear Solver
 Reference value :  1.00000e-02
No. of Data Rows : 4401
dcg                 =  1.42011e+02
f0                  =  7.82873e+05
phx                 =  -1.86549e+02
f180                =  7.03642e+05
gmx                 =  1.69985e+00
 meas ac f0r when tdb=0 rise=1 failed!

tres                =  -8.08397e-01 at=  8.22243e+05
ROW iload_a=0.025 ceff_f=3.3e-07 esr_ohm=0.001 vout_v=1.79945 dcgain_db=142.011 f0_hz=782873 phase_at_f0_deg=-186.549 f180_hz=703642 gain_at_f180_db=1.69985 f0_rising_hz= resurgence_db=-0.808397
Doing analysis at TEMP = -40.000000 and TNOM = 27.000000

Using SPARSE 1.3 as Direct Linear Solver
 Reference value :  0.00000e+00
No. of Data Rows : 1
Doing analysis at TEMP = -40.000000 and TNOM = 27.000000

Using SPARSE 1.3 as Direct Linear Solver
 Reference value :  1.00000e-02
No. of Data Rows : 4401
Doing analysis at TEMP = -40.000000 and TNOM = 27.000000

Using SPARSE 1.3 as Direct Linear Solver
 Reference value :  1.00000e-02
No. of Data Rows : 4401
dcg                 =  1.42011e+02
f0                  =  7.84192e+05
phx                 =  -1.82115e+02
f180                =  7.55987e+05
gmx                 =  5.90931e-01
 meas ac f0r when tdb=0 rise=1 failed!

tres                =  -8.73781e-01 at=  8.26990e+05
ROW iload_a=0.025 ceff_f=3.3e-07 esr_ohm=0.05 vout_v=1.79945 dcgain_db=142.011 f0_hz=784192 phase_at_f0_deg=-182.115 f180_hz=755987 gain_at_f180_db=0.590931 f0_rising_hz= resurgence_db=-0.873781
Doing analysis at TEMP = -40.000000 and TNOM = 27.000000

Using SPARSE 1.3 as Direct Linear Solver
 Reference value :  0.00000e+00
No. of Data Rows : 1
Doing analysis at TEMP = -40.000000 and TNOM = 27.000000

Using SPARSE 1.3 as Direct Linear Solver
 Reference value :  1.00000e-02
No. of Data Rows : 4401
Doing analysis at TEMP = -40.000000 and TNOM = 27.000000

Using SPARSE 1.3 as Direct Linear Solver
 Reference value :  1.00000e-02
 Reference value :  4.67735e+08
No. of Data Rows : 4401
dcg                 =  1.42011e+02
f0                  =  8.04844e+05
phx                 =  -1.69992e+02
f180                =  9.97158e+05
gmx                 =  -3.47506e+00
 meas ac f0r when tdb=0 rise=1 failed!

tres                =  -7.91300e-01 at=  8.46253e+05
ROW iload_a=0.025 ceff_f=3.3e-07 esr_ohm=0.2 vout_v=1.79945 dcgain_db=142.011 f0_hz=804844 phase_at_f0_deg=-169.992 f180_hz=997158 gain_at_f180_db=-3.47506 f0_rising_hz= resurgence_db=-0.7913
Doing analysis at TEMP = -40.000000 and TNOM = 27.000000

Using SPARSE 1.3 as Direct Linear Solver
 Reference value :  0.00000e+00
No. of Data Rows : 1
Doing analysis at TEMP = -40.000000 and TNOM = 27.000000

Using SPARSE 1.3 as Direct Linear Solver
 Reference value :  1.00000e-02
No. of Data Rows : 4401
Doing analysis at TEMP = -40.000000 and TNOM = 27.000000

Using SPARSE 1.3 as Direct Linear Solver
 Reference value :  1.00000e-02
 Reference value :  4.54465e+08
No. of Data Rows : 4401
dcg                 =  1.42011e+02
f0                  =  9.24905e+05
phx                 =  -1.53763e+02
f180                =  1.68997e+06
gmx                 =  -8.68628e+00
 meas ac f0r when tdb=0 rise=1 failed!

tres                =  -6.62229e-01 at=  9.71628e+05
ROW iload_a=0.025 ceff_f=3.3e-07 esr_ohm=0.5 vout_v=1.79945 dcgain_db=142.011 f0_hz=924905 phase_at_f0_deg=-153.763 f180_hz=1.68997E+06 gain_at_f180_db=-8.68628 f0_rising_hz= resurgence_db=-0.662229
Doing analysis at TEMP = -40.000000 and TNOM = 27.000000

Using SPARSE 1.3 as Direct Linear Solver
 Reference value :  0.00000e+00
No. of Data Rows : 1
Doing analysis at TEMP = -40.000000 and TNOM = 27.000000

Using SPARSE 1.3 as Direct Linear Solver
 Reference value :  1.00000e-02
No. of Data Rows : 4401
Doing analysis at TEMP = -40.000000 and TNOM = 27.000000

Using SPARSE 1.3 as Direct Linear Solver
 Reference value :  1.00000e-02
No. of Data Rows : 4401
dcg                 =  1.42011e+02
f0                  =  3.95742e+05
phx                 =  -1.49671e+02
f180                =  7.04914e+05
gmx                 =  -7.93874e+00
 meas ac f0r when tdb=0 rise=1 failed!

tres                =  -6.37314e-01 at=  4.16869e+05
ROW iload_a=0.025 ceff_f=1e-06 esr_ohm=0.001 vout_v=1.79945 dcgain_db=142.011 f0_hz=395742 phase_at_f0_deg=-149.671 f180_hz=704914 gain_at_f180_db=-7.93874 f0_rising_hz= resurgence_db=-0.637313
Doing analysis at TEMP = -40.000000 and TNOM = 27.000000

Using SPARSE 1.3 as Direct Linear Solver
 Reference value :  0.00000e+00
No. of Data Rows : 1
Doing analysis at TEMP = -40.000000 and TNOM = 27.000000

Using SPARSE 1.3 as Direct Linear Solver
 Reference value :  1.00000e-02
No. of Data Rows : 4401
Doing analysis at TEMP = -40.000000 and TNOM = 27.000000

Using SPARSE 1.3 as Direct Linear Solver
 Reference value :  1.00000e-02
No. of Data Rows : 4401
dcg                 =  1.42011e+02
f0                  =  3.97913e+05
phx                 =  -1.42936e+02
f180                =  9.02288e+05
gmx                 =  -1.16612e+01
 meas ac f0r when tdb=0 rise=1 failed!

tres                =  -6.34903e-01 at=  4.19276e+05
ROW iload_a=0.025 ceff_f=1e-06 esr_ohm=0.05 vout_v=1.79945 dcgain_db=142.011 f0_hz=397913 phase_at_f0_deg=-142.936 f180_hz=902288 gain_at_f180_db=-11.6612 f0_rising_hz= resurgence_db=-0.634903
Doing analysis at TEMP = -40.000000 and TNOM = 27.000000

Using SPARSE 1.3 as Direct Linear Solver
 Reference value :  0.00000e+00
No. of Data Rows : 1
Doing analysis at TEMP = -40.000000 and TNOM = 27.000000

Using SPARSE 1.3 as Direct Linear Solver
 Reference value :  1.00000e-02
No. of Data Rows : 4401
Doing analysis at TEMP = -40.000000 and TNOM = 27.000000

Using SPARSE 1.3 as Direct Linear Solver
 Reference value :  1.00000e-02
 Reference value :  7.32825e+08
No. of Data Rows : 4401
dcg                 =  1.42011e+02
f0                  =  4.33472e+05
phx                 =  -1.25423e+02
f180                =  1.84137e+06
gmx                 =  -1.82740e+01
 meas ac f0r when tdb=0 rise=1 failed!

tres                =  -5.65307e-01 at=  4.57088e+05
ROW iload_a=0.025 ceff_f=1e-06 esr_ohm=0.2 vout_v=1.79945 dcgain_db=142.011 f0_hz=433472 phase_at_f0_deg=-125.423 f180_hz=1.84136E+06 gain_at_f180_db=-18.274 f0_rising_hz= resurgence_db=-0.565307
Doing analysis at TEMP = -40.000000 and TNOM = 27.000000

Using SPARSE 1.3 as Direct Linear Solver
 Reference value :  0.00000e+00
No. of Data Rows : 1
Doing analysis at TEMP = -40.000000 and TNOM = 27.000000

Using SPARSE 1.3 as Direct Linear Solver
 Reference value :  1.00000e-02
No. of Data Rows : 4401
Doing analysis at TEMP = -40.000000 and TNOM = 27.000000

Using SPARSE 1.3 as Direct Linear Solver
 Reference value :  1.00000e-02
No. of Data Rows : 4401
dcg                 =  1.42011e+02
f0                  =  6.85049e+05
phx                 =  -1.13594e+02
f180                =  2.24951e+06
gmx                 =  -1.39956e+01
 meas ac f0r when tdb=0 rise=1 failed!

tres                =  -4.18709e-01 at=  7.20278e+05
ROW iload_a=0.025 ceff_f=1e-06 esr_ohm=0.5 vout_v=1.79945 dcgain_db=142.011 f0_hz=685049 phase_at_f0_deg=-113.594 f180_hz=2.24951E+06 gain_at_f180_db=-13.9956 f0_rising_hz= resurgence_db=-0.418709
Doing analysis at TEMP = -40.000000 and TNOM = 27.000000

Using SPARSE 1.3 as Direct Linear Solver
 Reference value :  0.00000e+00
No. of Data Rows : 1
Doing analysis at TEMP = -40.000000 and TNOM = 27.000000

Using SPARSE 1.3 as Direct Linear Solver
 Reference value :  1.00000e-02
No. of Data Rows : 4401
Doing analysis at TEMP = -40.000000 and TNOM = 27.000000

Using SPARSE 1.3 as Direct Linear Solver
 Reference value :  1.00000e-02
 Reference value :  5.88844e+08
No. of Data Rows : 4401
dcg                 =  1.42011e+02
f0                  =  1.05721e+05
phx                 =  -1.19421e+02
f180                =  7.15898e+05
gmx                 =  -2.16133e+01
 meas ac f0r when tdb=0 rise=1 failed!

tres                =  -5.01210e-01 at=  1.11558e+05
ROW iload_a=0.025 ceff_f=4.7e-06 esr_ohm=0.001 vout_v=1.79945 dcgain_db=142.011 f0_hz=105721 phase_at_f0_deg=-119.421 f180_hz=715898 gain_at_f180_db=-21.6133 f0_rising_hz= resurgence_db=-0.50121
Doing analysis at TEMP = -40.000000 and TNOM = 27.000000

Using SPARSE 1.3 as Direct Linear Solver
 Reference value :  0.00000e+00
No. of Data Rows : 1
Doing analysis at TEMP = -40.000000 and TNOM = 27.000000

Using SPARSE 1.3 as Direct Linear Solver
 Reference value :  1.00000e-02
No. of Data Rows : 4401
Doing analysis at TEMP = -40.000000 and TNOM = 27.000000

Using SPARSE 1.3 as Direct Linear Solver
 Reference value :  1.00000e-02
 Reference value :  4.09732e+08
No. of Data Rows : 4401
dcg                 =  1.42011e+02
f0                  =  1.06923e+05
phx                 =  -1.10660e+02
f180                =  1.94987e+06
gmx                 =  -3.13688e+01
 meas ac f0r when tdb=0 rise=1 failed!

tres                =  -4.91064e-01 at=  1.12850e+05
ROW iload_a=0.025 ceff_f=4.7e-06 esr_ohm=0.05 vout_v=1.79945 dcgain_db=142.011 f0_hz=106924 phase_at_f0_deg=-110.66 f180_hz=1.94987E+06 gain_at_f180_db=-31.3688 f0_rising_hz= resurgence_db=-0.491064
Doing analysis at TEMP = -40.000000 and TNOM = 27.000000

Using SPARSE 1.3 as Direct Linear Solver
 Reference value :  0.00000e+00
No. of Data Rows : 1
Doing analysis at TEMP = -40.000000 and TNOM = 27.000000

Using SPARSE 1.3 as Direct Linear Solver
 Reference value :  1.00000e-02
 Reference value :  1.07771e+08
No. of Data Rows : 4401
Doing analysis at TEMP = -40.000000 and TNOM = 27.000000

Using SPARSE 1.3 as Direct Linear Solver
 Reference value :  1.00000e-02
 Reference value :  2.13796e+08
No. of Data Rows : 4401
dcg                 =  1.42011e+02
f0                  =  1.31644e+05
phx                 =  -8.30106e+01
f180                =  2.37474e+06
gmx                 =  -2.28453e+01
 meas ac f0r when tdb=0 rise=1 failed!

tres                =  -3.19500e-01 at=  1.38835e+05
ROW iload_a=0.025 ceff_f=4.7e-06 esr_ohm=0.2 vout_v=1.79945 dcgain_db=142.011 f0_hz=131644 phase_at_f0_deg=-83.0106 f180_hz=2.37474E+06 gain_at_f180_db=-22.8453 f0_rising_hz= resurgence_db=-0.3195
Doing analysis at TEMP = -40.000000 and TNOM = 27.000000

Using SPARSE 1.3 as Direct Linear Solver
 Reference value :  0.00000e+00
No. of Data Rows : 1
Doing analysis at TEMP = -40.000000 and TNOM = 27.000000

Using SPARSE 1.3 as Direct Linear Solver
 Reference value :  1.00000e-02
No. of Data Rows : 4401
Doing analysis at TEMP = -40.000000 and TNOM = 27.000000

Using SPARSE 1.3 as Direct Linear Solver
 Reference value :  1.00000e-02
No. of Data Rows : 4401
dcg                 =  1.42011e+02
f0                  =  6.04233e+05
phx                 =  -8.77723e+01
f180                =  2.44818e+06
gmx                 =  -1.54331e+01
 meas ac f0r when tdb=0 rise=1 failed!

tres                =  -3.00144e-01 at=  6.34600e+05
ROW iload_a=0.025 ceff_f=4.7e-06 esr_ohm=0.5 vout_v=1.79945 dcgain_db=142.011 f0_hz=604233 phase_at_f0_deg=-87.7723 f180_hz=2.44818E+06 gain_at_f180_db=-15.4331 f0_rising_hz= resurgence_db=-0.300144
Doing analysis at TEMP = -40.000000 and TNOM = 27.000000

Using SPARSE 1.3 as Direct Linear Solver
 Reference value :  0.00000e+00
No. of Data Rows : 1
Doing analysis at TEMP = -40.000000 and TNOM = 27.000000

Using SPARSE 1.3 as Direct Linear Solver
 Reference value :  1.00000e-02
No. of Data Rows : 4401
Doing analysis at TEMP = -40.000000 and TNOM = 27.000000

Using SPARSE 1.3 as Direct Linear Solver
 Reference value :  1.00000e-02
No. of Data Rows : 4401
dcg                 =  1.40232e+02
f0                  =  8.82539e+05
phx                 =  -1.95401e+02
f180                =  6.90857e+05
gmx                 =  4.00664e+00
 meas ac f0r when tdb=0 rise=1 failed!

tres                =  -8.72279e-01 at=  9.27897e+05
ROW iload_a=0.05 ceff_f=3.3e-07 esr_ohm=0.001 vout_v=1.79945 dcgain_db=140.232 f0_hz=882539 phase_at_f0_deg=-195.401 f180_hz=690858 gain_at_f180_db=4.00664 f0_rising_hz= resurgence_db=-0.872279
Doing analysis at TEMP = -40.000000 and TNOM = 27.000000

Using SPARSE 1.3 as Direct Linear Solver
 Reference value :  0.00000e+00
No. of Data Rows : 1
Doing analysis at TEMP = -40.000000 and TNOM = 27.000000

Using SPARSE 1.3 as Direct Linear Solver
 Reference value :  1.00000e-02
No. of Data Rows : 4401
Doing analysis at TEMP = -40.000000 and TNOM = 27.000000

Using SPARSE 1.3 as Direct Linear Solver
 Reference value :  1.00000e-02
No. of Data Rows : 4401
dcg                 =  1.40232e+02
f0                  =  8.84286e+05
phx                 =  -1.90421e+02
f180                =  7.41149e+05
gmx                 =  2.92307e+00
 meas ac f0r when tdb=0 rise=1 failed!

tres                =  -9.35594e-01 at=  9.33254e+05
ROW iload_a=0.05 ceff_f=3.3e-07 esr_ohm=0.05 vout_v=1.79945 dcgain_db=140.232 f0_hz=884286 phase_at_f0_deg=-190.422 f180_hz=741149 gain_at_f180_db=2.92307 f0_rising_hz= resurgence_db=-0.935594
Doing analysis at TEMP = -40.000000 and TNOM = 27.000000

Using SPARSE 1.3 as Direct Linear Solver
 Reference value :  0.00000e+00
No. of Data Rows : 1
Doing analysis at TEMP = -40.000000 and TNOM = 27.000000

Using SPARSE 1.3 as Direct Linear Solver
 Reference value :  1.00000e-02
No. of Data Rows : 4401
Doing analysis at TEMP = -40.000000 and TNOM = 27.000000

Using SPARSE 1.3 as Direct Linear Solver
 Reference value :  1.00000e-02
No. of Data Rows : 4401
dcg                 =  1.40232e+02
f0                  =  9.12088e+05
phx                 =  -1.77058e+02
f180                =  9.70344e+05
gmx                 =  -1.02469e+00
 meas ac f0r when tdb=0 rise=1 failed!

tres                =  -8.54663e-01 at=  9.60506e+05
ROW iload_a=0.05 ceff_f=3.3e-07 esr_ohm=0.2 vout_v=1.79945 dcgain_db=140.232 f0_hz=912088 phase_at_f0_deg=-177.059 f180_hz=970344 gain_at_f180_db=-1.02469 f0_rising_hz= resurgence_db=-0.854663
Doing analysis at TEMP = -40.000000 and TNOM = 27.000000

Using SPARSE 1.3 as Direct Linear Solver
 Reference value :  0.00000e+00
No. of Data Rows : 1
Doing analysis at TEMP = -40.000000 and TNOM = 27.000000

Using SPARSE 1.3 as Direct Linear Solver
 Reference value :  1.00000e-02
No. of Data Rows : 4401
Doing analysis at TEMP = -40.000000 and TNOM = 27.000000

Using SPARSE 1.3 as Direct Linear Solver
 Reference value :  1.00000e-02
No. of Data Rows : 4401
dcg                 =  1.40232e+02
f0                  =  1.07015e+06
phx                 =  -1.60822e+02
f180                =  1.63148e+06
gmx                 =  -6.17958e+00
 meas ac f0r when tdb=0 rise=1 failed!

tres                =  -7.41720e-01 at=  1.12850e+06
ROW iload_a=0.05 ceff_f=3.3e-07 esr_ohm=0.5 vout_v=1.79945 dcgain_db=140.232 f0_hz=1.07015E+06 phase_at_f0_deg=-160.822 f180_hz=1.63148E+06 gain_at_f180_db=-6.17958 f0_rising_hz= resurgence_db=-0.74172
Doing analysis at TEMP = -40.000000 and TNOM = 27.000000

Using SPARSE 1.3 as Direct Linear Solver
 Reference value :  0.00000e+00
No. of Data Rows : 1
Doing analysis at TEMP = -40.000000 and TNOM = 27.000000

Using SPARSE 1.3 as Direct Linear Solver
 Reference value :  1.00000e-02
 Reference value :  5.46387e+08
No. of Data Rows : 4401
Doing analysis at TEMP = -40.000000 and TNOM = 27.000000

Using SPARSE 1.3 as Direct Linear Solver
 Reference value :  1.00000e-02
No. of Data Rows : 4401
dcg                 =  1.40232e+02
f0                  =  4.66415e+05
phx                 =  -1.58339e+02
f180                =  6.91510e+05
gmx                 =  -5.61205e+00
 meas ac f0r when tdb=0 rise=1 failed!

tres                =  -6.45276e-01 at=  4.89779e+05
ROW iload_a=0.05 ceff_f=1e-06 esr_ohm=0.001 vout_v=1.79945 dcgain_db=140.232 f0_hz=466415 phase_at_f0_deg=-158.339 f180_hz=691510 gain_at_f180_db=-5.61205 f0_rising_hz= resurgence_db=-0.645276
Doing analysis at TEMP = -40.000000 and TNOM = 27.000000

Using SPARSE 1.3 as Direct Linear Solver
 Reference value :  0.00000e+00
No. of Data Rows : 1
Doing analysis at TEMP = -40.000000 and TNOM = 27.000000

Using SPARSE 1.3 as Direct Linear Solver
 Reference value :  1.00000e-02
No. of Data Rows : 4401
Doing analysis at TEMP = -40.000000 and TNOM = 27.000000

Using SPARSE 1.3 as Direct Linear Solver
 Reference value :  1.00000e-02
No. of Data Rows : 4401
dcg                 =  1.40232e+02
f0                  =  4.69704e+05
phx                 =  -1.50472e+02
f180                =  8.80045e+05
gmx                 =  -9.23618e+00
 meas ac f0r when tdb=0 rise=1 failed!

tres                =  -6.96900e-01 at=  4.95450e+05
ROW iload_a=0.05 ceff_f=1e-06 esr_ohm=0.05 vout_v=1.79945 dcgain_db=140.232 f0_hz=469704 phase_at_f0_deg=-150.472 f180_hz=880045 gain_at_f180_db=-9.23618 f0_rising_hz= resurgence_db=-0.6969
Doing analysis at TEMP = -40.000000 and TNOM = 27.000000

Using SPARSE 1.3 as Direct Linear Solver
 Reference value :  0.00000e+00
No. of Data Rows : 1
Doing analysis at TEMP = -40.000000 and TNOM = 27.000000

Using SPARSE 1.3 as Direct Linear Solver
 Reference value :  1.00000e-02
No. of Data Rows : 4401
Doing analysis at TEMP = -40.000000 and TNOM = 27.000000

Using SPARSE 1.3 as Direct Linear Solver
 Reference value :  1.00000e-02
No. of Data Rows : 4401
dcg                 =  1.40232e+02
f0                  =  5.23918e+05
phx                 =  -1.31174e+02
f180                =  1.77987e+06
gmx                 =  -1.57792e+01
 meas ac f0r when tdb=0 rise=1 failed!

tres                =  -5.97908e-01 at=  5.52713e+05
ROW iload_a=0.05 ceff_f=1e-06 esr_ohm=0.2 vout_v=1.79945 dcgain_db=140.232 f0_hz=523918 phase_at_f0_deg=-131.174 f180_hz=1.77987E+06 gain_at_f180_db=-15.7792 f0_rising_hz= resurgence_db=-0.597908
Doing analysis at TEMP = -40.000000 and TNOM = 27.000000

Using SPARSE 1.3 as Direct Linear Solver
 Reference value :  0.00000e+00
No. of Data Rows : 1
Doing analysis at TEMP = -40.000000 and TNOM = 27.000000

Using SPARSE 1.3 as Direct Linear Solver
 Reference value :  1.00000e-02
No. of Data Rows : 4401
Doing analysis at TEMP = -40.000000 and TNOM = 27.000000

Using SPARSE 1.3 as Direct Linear Solver
 Reference value :  1.00000e-02
No. of Data Rows : 4401
dcg                 =  1.40232e+02
f0                  =  8.60811e+05
phx                 =  -1.24520e+02
f180                =  2.17941e+06
gmx                 =  -1.15463e+01
 meas ac f0r when tdb=0 rise=1 failed!

tres                =  -4.97864e-01 at=  9.06776e+05
ROW iload_a=0.05 ceff_f=1e-06 esr_ohm=0.5 vout_v=1.79945 dcgain_db=140.232 f0_hz=860811 phase_at_f0_deg=-124.52 f180_hz=2.17942E+06 gain_at_f180_db=-11.5463 f0_rising_hz= resurgence_db=-0.497864
Doing analysis at TEMP = -40.000000 and TNOM = 27.000000

Using SPARSE 1.3 as Direct Linear Solver
 Reference value :  0.00000e+00
No. of Data Rows : 1
Doing analysis at TEMP = -40.000000 and TNOM = 27.000000

Using SPARSE 1.3 as Direct Linear Solver
 Reference value :  1.00000e-02
No. of Data Rows : 4401
Doing analysis at TEMP = -40.000000 and TNOM = 27.000000

Using SPARSE 1.3 as Direct Linear Solver
 Reference value :  1.00000e-02
No. of Data Rows : 4401
dcg                 =  1.40232e+02
f0                  =  1.32903e+05
phx                 =  -1.21473e+02
f180                =  7.01851e+05
gmx                 =  -1.92735e+01
 meas ac f0r when tdb=0 rise=1 failed!

tres                =  -4.66843e-01 at=  1.39637e+05
ROW iload_a=0.05 ceff_f=4.7e-06 esr_ohm=0.001 vout_v=1.79945 dcgain_db=140.232 f0_hz=132903 phase_at_f0_deg=-121.473 f180_hz=701851 gain_at_f180_db=-19.2735 f0_rising_hz= resurgence_db=-0.466843
Doing analysis at TEMP = -40.000000 and TNOM = 27.000000

Using SPARSE 1.3 as Direct Linear Solver
 Reference value :  0.00000e+00
No. of Data Rows : 1
Doing analysis at TEMP = -40.000000 and TNOM = 27.000000

Using SPARSE 1.3 as Direct Linear Solver
 Reference value :  1.00000e-02
No. of Data Rows : 4401
Doing analysis at TEMP = -40.000000 and TNOM = 27.000000

Using SPARSE 1.3 as Direct Linear Solver
 Reference value :  1.00000e-02
No. of Data Rows : 4401
dcg                 =  1.40232e+02
f0                  =  1.35285e+05
phx                 =  -1.10572e+02
f180                =  1.88622e+06
gmx                 =  -2.88813e+01
 meas ac f0r when tdb=0 rise=1 failed!

tres                =  -4.45585e-01 at=  1.42069e+05
ROW iload_a=0.05 ceff_f=4.7e-06 esr_ohm=0.05 vout_v=1.79945 dcgain_db=140.232 f0_hz=135286 phase_at_f0_deg=-110.572 f180_hz=1.88622E+06 gain_at_f180_db=-28.8813 f0_rising_hz= resurgence_db=-0.445585
Doing analysis at TEMP = -40.000000 and TNOM = 27.000000

Using SPARSE 1.3 as Direct Linear Solver
 Reference value :  0.00000e+00
No. of Data Rows : 1
Doing analysis at TEMP = -40.000000 and TNOM = 27.000000

Using SPARSE 1.3 as Direct Linear Solver
 Reference value :  1.00000e-02
No. of Data Rows : 4401
Doing analysis at TEMP = -40.000000 and TNOM = 27.000000

Using SPARSE 1.3 as Direct Linear Solver
 Reference value :  1.00000e-02
No. of Data Rows : 4401
dcg                 =  1.40232e+02
f0                  =  1.93975e+05
phx                 =  -7.85431e+01
f180                =  2.30330e+06
gmx                 =  -2.03943e+01
 meas ac f0r when tdb=0 rise=1 failed!

tres                =  -2.49402e-01 at=  2.04174e+05
ROW iload_a=0.05 ceff_f=4.7e-06 esr_ohm=0.2 vout_v=1.79945 dcgain_db=140.232 f0_hz=193975 phase_at_f0_deg=-78.5431 f180_hz=2.3033E+06 gain_at_f180_db=-20.3943 f0_rising_hz= resurgence_db=-0.249402
Doing analysis at TEMP = -40.000000 and TNOM = 27.000000

Using SPARSE 1.3 as Direct Linear Solver
 Reference value :  0.00000e+00
No. of Data Rows : 1
Doing analysis at TEMP = -40.000000 and TNOM = 27.000000

Using SPARSE 1.3 as Direct Linear Solver
 Reference value :  1.00000e-02
No. of Data Rows : 4401
Doing analysis at TEMP = -40.000000 and TNOM = 27.000000

Using SPARSE 1.3 as Direct Linear Solver
 Reference value :  1.00000e-02
No. of Data Rows : 4401
dcg                 =  1.40232e+02
f0                  =  8.08059e+05
phx                 =  -1.04969e+02
f180                =  2.37393e+06
gmx                 =  -1.29861e+01
 meas ac f0r when tdb=0 rise=1 failed!

tres                =  -4.24387e-01 at=  8.51138e+05
ROW iload_a=0.05 ceff_f=4.7e-06 esr_ohm=0.5 vout_v=1.79945 dcgain_db=140.232 f0_hz=808059 phase_at_f0_deg=-104.969 f180_hz=2.37393E+06 gain_at_f180_db=-12.9861 f0_rising_hz= resurgence_db=-0.424387
* SWEEP COMPLETE res_ss_-40c_3.30v
Note: Simulation executed from .control section 
Warning: m=xx on .subckt line will override multiplier m hierarchy!

Note: Starting dynamic gmin stepping
Note: Dynamic gmin stepping completed
Note: Starting dynamic gmin stepping
Note: Dynamic gmin stepping completed
Note: Starting dynamic gmin stepping
Note: Dynamic gmin stepping completed

Error: measure  f0r  when(WHEN) : out of interval
Error: &f0r: no such variable.
Note: Starting dynamic gmin stepping
Note: Dynamic gmin stepping completed
Note: Starting dynamic gmin stepping
Note: Dynamic gmin stepping completed
Note: Starting dynamic gmin stepping
Note: Dynamic gmin stepping completed

Error: measure  f0r  when(WHEN) : out of interval
Error: &f0r: no such variable.
Note: Starting dynamic gmin stepping
Note: Dynamic gmin stepping completed
Note: Starting dynamic gmin stepping
Note: Dynamic gmin stepping completed
Note: Starting dynamic gmin stepping
Note: Dynamic gmin stepping completed

Error: measure  f0r  when(WHEN) : out of interval
Error: &f0r: no such variable.
Note: Starting dynamic gmin stepping
Note: Dynamic gmin stepping completed
Note: Starting dynamic gmin stepping
Note: Dynamic gmin stepping completed
Note: Starting dynamic gmin stepping
Note: Dynamic gmin stepping completed

Error: measure  f0r  when(WHEN) : out of interval
Error: &f0r: no such variable.
Note: Starting dynamic gmin stepping
Note: Dynamic gmin stepping completed
Note: Starting dynamic gmin stepping
Note: Dynamic gmin stepping completed
Note: Starting dynamic gmin stepping
Note: Dynamic gmin stepping completed

Error: measure  f0r  when(WHEN) : out of interval
Error: &f0r: no such variable.
Note: Starting dynamic gmin stepping
Note: Dynamic gmin stepping completed
Note: Starting dynamic gmin stepping
Note: Dynamic gmin stepping completed
Note: Starting dynamic gmin stepping
Note: Dynamic gmin stepping completed

Error: measure  f0r  when(WHEN) : out of interval
Error: &f0r: no such variable.
Note: Starting dynamic gmin stepping
Note: Dynamic gmin stepping completed
Note: Starting dynamic gmin stepping
Note: Dynamic gmin stepping completed
Note: Starting dynamic gmin stepping
Note: Dynamic gmin stepping completed

Error: measure  f0r  when(WHEN) : out of interval
Error: &f0r: no such variable.
Note: Starting dynamic gmin stepping
Note: Dynamic gmin stepping completed
Note: Starting dynamic gmin stepping
Note: Dynamic gmin stepping completed
Note: Starting dynamic gmin stepping
Note: Dynamic gmin stepping completed

Error: measure  f0r  when(WHEN) : out of interval
Error: &f0r: no such variable.
Note: Starting dynamic gmin stepping
Note: Dynamic gmin stepping completed
Note: Starting dynamic gmin stepping
Note: Dynamic gmin stepping completed
Note: Starting dynamic gmin stepping
Note: Dynamic gmin stepping completed

Error: measure  f0r  when(WHEN) : out of interval
Error: &f0r: no such variable.
Note: Starting dynamic gmin stepping
Note: Dynamic gmin stepping completed
Note: Starting dynamic gmin stepping
Note: Dynamic gmin stepping completed
Note: Starting dynamic gmin stepping
Note: Dynamic gmin stepping completed

Error: measure  f0r  when(WHEN) : out of interval
Error: &f0r: no such variable.
Note: Starting dynamic gmin stepping
Note: Dynamic gmin stepping completed
Note: Starting dynamic gmin stepping
Note: Dynamic gmin stepping completed
Note: Starting dynamic gmin stepping
Note: Dynamic gmin stepping completed

Error: measure  f0r  when(WHEN) : out of interval
Error: &f0r: no such variable.
Note: Starting dynamic gmin stepping
Note: Dynamic gmin stepping completed
Note: Starting dynamic gmin stepping
Note: Dynamic gmin stepping completed
Note: Starting dynamic gmin stepping
Note: Dynamic gmin stepping completed

Error: measure  f0r  when(WHEN) : out of interval
Error: &f0r: no such variable.
Note: Starting dynamic gmin stepping
Warning: Dynamic gmin stepping failed
Note: Starting true gmin stepping
Note: True gmin stepping completed
Note: Starting dynamic gmin stepping
Warning: Dynamic gmin stepping failed
Note: Starting true gmin stepping
Note: True gmin stepping completed
Note: Starting dynamic gmin stepping
Warning: Dynamic gmin stepping failed
Note: Starting true gmin stepping
Note: True gmin stepping completed

Error: measure  f0r  when(WHEN) : out of interval
Error: &f0r: no such variable.
Note: Starting dynamic gmin stepping
Warning: Dynamic gmin stepping failed
Note: Starting true gmin stepping
Note: True gmin stepping completed
Note: Starting dynamic gmin stepping
Warning: Dynamic gmin stepping failed
Note: Starting true gmin stepping
Note: True gmin stepping completed
Note: Starting dynamic gmin stepping
Warning: Dynamic gmin stepping failed
Note: Starting true gmin stepping
Note: True gmin stepping completed

Error: measure  f0r  when(WHEN) : out of interval
Error: &f0r: no such variable.
Note: Starting dynamic gmin stepping
Warning: Dynamic gmin stepping failed
Note: Starting true gmin stepping
Note: True gmin stepping completed
Note: Starting dynamic gmin stepping
Warning: Dynamic gmin stepping failed
Note: Starting true gmin stepping
Note: True gmin stepping completed
Note: Starting dynamic gmin stepping
Warning: Dynamic gmin stepping failed
Note: Starting true gmin stepping
Note: True gmin stepping completed

Error: measure  f0r  when(WHEN) : out of interval
Error: &f0r: no such variable.
Note: Starting dynamic gmin stepping
Warning: Dynamic gmin stepping failed
Note: Starting true gmin stepping
Note: True gmin stepping completed
Note: Starting dynamic gmin stepping
Warning: Dynamic gmin stepping failed
Note: Starting true gmin stepping
Note: True gmin stepping completed
Note: Starting dynamic gmin stepping
Warning: Dynamic gmin stepping failed
Note: Starting true gmin stepping
Note: True gmin stepping completed

Error: measure  f0r  when(WHEN) : out of interval
Error: &f0r: no such variable.
Note: Starting dynamic gmin stepping
Warning: Dynamic gmin stepping failed
Note: Starting true gmin stepping
Note: True gmin stepping completed
Note: Starting dynamic gmin stepping
Warning: Dynamic gmin stepping failed
Note: Starting true gmin stepping
Note: True gmin stepping completed
Note: Starting dynamic gmin stepping
Warning: Dynamic gmin stepping failed
Note: Starting true gmin stepping
Note: True gmin stepping completed

Error: measure  f0r  when(WHEN) : out of interval
Error: &f0r: no such variable.
Note: Starting dynamic gmin stepping
Warning: Dynamic gmin stepping failed
Note: Starting true gmin stepping
Note: True gmin stepping completed
Note: Starting dynamic gmin stepping
Warning: Dynamic gmin stepping failed
Note: Starting true gmin stepping
Note: True gmin stepping completed
Note: Starting dynamic gmin stepping
Warning: Dynamic gmin stepping failed
Note: Starting true gmin stepping
Note: True gmin stepping completed

Error: measure  f0r  when(WHEN) : out of interval
Error: &f0r: no such variable.
Note: Starting dynamic gmin stepping
Warning: Dynamic gmin stepping failed
Note: Starting true gmin stepping
Note: True gmin stepping completed
Note: Starting dynamic gmin stepping
Warning: Dynamic gmin stepping failed
Note: Starting true gmin stepping
Note: True gmin stepping completed
Note: Starting dynamic gmin stepping
Warning: Dynamic gmin stepping failed
Note: Starting true gmin stepping
Note: True gmin stepping completed

Error: measure  f0r  when(WHEN) : out of interval
Error: &f0r: no such variable.
Note: Starting dynamic gmin stepping
Warning: Dynamic gmin stepping failed
Note: Starting true gmin stepping
Note: True gmin stepping completed
Note: Starting dynamic gmin stepping
Warning: Dynamic gmin stepping failed
Note: Starting true gmin stepping
Note: True gmin stepping completed
Note: Starting dynamic gmin stepping
Warning: Dynamic gmin stepping failed
Note: Starting true gmin stepping
Note: True gmin stepping completed

Error: measure  f0r  when(WHEN) : out of interval
Error: &f0r: no such variable.
Note: Starting dynamic gmin stepping
Warning: Dynamic gmin stepping failed
Note: Starting true gmin stepping
Note: True gmin stepping completed
Note: Starting dynamic gmin stepping
Warning: Dynamic gmin stepping failed
Note: Starting true gmin stepping
Note: True gmin stepping completed
Note: Starting dynamic gmin stepping
Warning: Dynamic gmin stepping failed
Note: Starting true gmin stepping
Note: True gmin stepping completed

Error: measure  f0r  when(WHEN) : out of interval
Error: &f0r: no such variable.
Note: Starting dynamic gmin stepping
Warning: Dynamic gmin stepping failed
Note: Starting true gmin stepping
Note: True gmin stepping completed
Note: Starting dynamic gmin stepping
Warning: Dynamic gmin stepping failed
Note: Starting true gmin stepping
Note: True gmin stepping completed
Note: Starting dynamic gmin stepping
Warning: Dynamic gmin stepping failed
Note: Starting true gmin stepping
Note: True gmin stepping completed

Error: measure  f0r  when(WHEN) : out of interval
Error: &f0r: no such variable.
Note: Starting dynamic gmin stepping
Warning: Dynamic gmin stepping failed
Note: Starting true gmin stepping
Note: True gmin stepping completed
Note: Starting dynamic gmin stepping
Warning: Dynamic gmin stepping failed
Note: Starting true gmin stepping
Note: True gmin stepping completed
Note: Starting dynamic gmin stepping
Warning: Dynamic gmin stepping failed
Note: Starting true gmin stepping
Note: True gmin stepping completed

Error: measure  f0r  when(WHEN) : out of interval
Error: &f0r: no such variable.
Note: Starting dynamic gmin stepping
Warning: Dynamic gmin stepping failed
Note: Starting true gmin stepping
Note: True gmin stepping completed
Note: Starting dynamic gmin stepping
Warning: Dynamic gmin stepping failed
Note: Starting true gmin stepping
Note: True gmin stepping completed
Note: Starting dynamic gmin stepping
Warning: Dynamic gmin stepping failed
Note: Starting true gmin stepping
Note: True gmin stepping completed

Error: measure  f0r  when(WHEN) : out of interval
Error: &f0r: no such variable.
Note: Starting dynamic gmin stepping
Warning: Dynamic gmin stepping failed
Note: Starting true gmin stepping
Note: True gmin stepping completed
Note: Starting dynamic gmin stepping
Warning: Dynamic gmin stepping failed
Note: Starting true gmin stepping
Note: True gmin stepping completed
Note: Starting dynamic gmin stepping
Warning: Dynamic gmin stepping failed
Note: Starting true gmin stepping
Note: True gmin stepping completed

Error: measure  f0r  when(WHEN) : out of interval
Error: &f0r: no such variable.
Note: Starting dynamic gmin stepping
Warning: Dynamic gmin stepping failed
Note: Starting true gmin stepping
Note: True gmin stepping completed
Note: Starting dynamic gmin stepping
Warning: Dynamic gmin stepping failed
Note: Starting true gmin stepping
Note: True gmin stepping completed
Note: Starting dynamic gmin stepping
Warning: Dynamic gmin stepping failed
Note: Starting true gmin stepping
Note: True gmin stepping completed

Error: measure  f0r  when(WHEN) : out of interval
Error: &f0r: no such variable.
Note: Starting dynamic gmin stepping
Warning: Dynamic gmin stepping failed
Note: Starting true gmin stepping
Note: True gmin stepping completed
Note: Starting dynamic gmin stepping
Warning: Dynamic gmin stepping failed
Note: Starting true gmin stepping
Note: True gmin stepping completed
Note: Starting dynamic gmin stepping
Warning: Dynamic gmin stepping failed
Note: Starting true gmin stepping
Note: True gmin stepping completed

Error: measure  f0r  when(WHEN) : out of interval
Error: &f0r: no such variable.
Note: Starting dynamic gmin stepping
Warning: Dynamic gmin stepping failed
Note: Starting true gmin stepping
Note: True gmin stepping completed
Note: Starting dynamic gmin stepping
Warning: Dynamic gmin stepping failed
Note: Starting true gmin stepping
Note: True gmin stepping completed
Note: Starting dynamic gmin stepping
Warning: Dynamic gmin stepping failed
Note: Starting true gmin stepping
Note: True gmin stepping completed

Error: measure  f0r  when(WHEN) : out of interval
Error: &f0r: no such variable.
Note: Starting dynamic gmin stepping
Warning: Dynamic gmin stepping failed
Note: Starting true gmin stepping
Note: True gmin stepping completed
Note: Starting dynamic gmin stepping
Warning: Dynamic gmin stepping failed
Note: Starting true gmin stepping
Note: True gmin stepping completed
Note: Starting dynamic gmin stepping
Warning: Dynamic gmin stepping failed
Note: Starting true gmin stepping
Note: True gmin stepping completed

Error: measure  f0r  when(WHEN) : out of interval
Error: &f0r: no such variable.
Note: Starting dynamic gmin stepping
Warning: Dynamic gmin stepping failed
Note: Starting true gmin stepping
Note: True gmin stepping completed
Note: Starting dynamic gmin stepping
Warning: Dynamic gmin stepping failed
Note: Starting true gmin stepping
Note: True gmin stepping completed
Note: Starting dynamic gmin stepping
Warning: Dynamic gmin stepping failed
Note: Starting true gmin stepping
Note: True gmin stepping completed

Error: measure  f0r  when(WHEN) : out of interval
Error: &f0r: no such variable.
Note: Starting dynamic gmin stepping
Warning: Dynamic gmin stepping failed
Note: Starting true gmin stepping
Note: True gmin stepping completed
Note: Starting dynamic gmin stepping
Warning: Dynamic gmin stepping failed
Note: Starting true gmin stepping
Note: True gmin stepping completed
Note: Starting dynamic gmin stepping
Warning: Dynamic gmin stepping failed
Note: Starting true gmin stepping
Note: True gmin stepping completed

Error: measure  f0r  when(WHEN) : out of interval
Error: &f0r: no such variable.
Note: Starting dynamic gmin stepping
Warning: Dynamic gmin stepping failed
Note: Starting true gmin stepping
Note: True gmin stepping completed
Note: Starting dynamic gmin stepping
Warning: Dynamic gmin stepping failed
Note: Starting true gmin stepping
Note: True gmin stepping completed
Note: Starting dynamic gmin stepping
Warning: Dynamic gmin stepping failed
Note: Starting true gmin stepping
Note: True gmin stepping completed

Error: measure  f0r  when(WHEN) : out of interval
Error: &f0r: no such variable.
Note: Starting dynamic gmin stepping
Warning: Dynamic gmin stepping failed
Note: Starting true gmin stepping
Note: True gmin stepping completed
Note: Starting dynamic gmin stepping
Warning: Dynamic gmin stepping failed
Note: Starting true gmin stepping
Note: True gmin stepping completed
Note: Starting dynamic gmin stepping
Warning: Dynamic gmin stepping failed
Note: Starting true gmin stepping
Note: True gmin stepping completed

Error: measure  f0r  when(WHEN) : out of interval
Error: &f0r: no such variable.
Note: Starting dynamic gmin stepping
Warning: Dynamic gmin stepping failed
Note: Starting true gmin stepping
Note: True gmin stepping completed
Note: Starting dynamic gmin stepping
Warning: Dynamic gmin stepping failed
Note: Starting true gmin stepping
Note: True gmin stepping completed
Note: Starting dynamic gmin stepping
Warning: Dynamic gmin stepping failed
Note: Starting true gmin stepping
Note: True gmin stepping completed

Error: measure  f0r  when(WHEN) : out of interval
Error: &f0r: no such variable.
Note: Starting dynamic gmin stepping
Warning: Dynamic gmin stepping failed
Note: Starting true gmin stepping
Note: True gmin stepping completed
Note: Starting dynamic gmin stepping
Warning: Dynamic gmin stepping failed
Note: Starting true gmin stepping
Note: True gmin stepping completed
Note: Starting dynamic gmin stepping
Warning: Dynamic gmin stepping failed
Note: Starting true gmin stepping
Note: True gmin stepping completed

Error: measure  f0r  when(WHEN) : out of interval
Error: &f0r: no such variable.
Note: Starting dynamic gmin stepping
Warning: Dynamic gmin stepping failed
Note: Starting true gmin stepping
Note: True gmin stepping completed
Note: Starting dynamic gmin stepping
Warning: Dynamic gmin stepping failed
Note: Starting true gmin stepping
Note: True gmin stepping completed
Note: Starting dynamic gmin stepping
Warning: Dynamic gmin stepping failed
Note: Starting true gmin stepping
Note: True gmin stepping completed

Error: measure  f0r  when(WHEN) : out of interval
Error: &f0r: no such variable.
Note: Starting dynamic gmin stepping
Warning: Dynamic gmin stepping failed
Note: Starting true gmin stepping
Note: True gmin stepping completed
Note: Starting dynamic gmin stepping
Warning: Dynamic gmin stepping failed
Note: Starting true gmin stepping
Note: True gmin stepping completed
Note: Starting dynamic gmin stepping
Warning: Dynamic gmin stepping failed
Note: Starting true gmin stepping
Note: True gmin stepping completed

Error: measure  f0r  when(WHEN) : out of interval
Error: &f0r: no such variable.
Note: Starting dynamic gmin stepping
Warning: Dynamic gmin stepping failed
Note: Starting true gmin stepping
Note: True gmin stepping completed
Note: Starting dynamic gmin stepping
Warning: Dynamic gmin stepping failed
Note: Starting true gmin stepping
Note: True gmin stepping completed
Note: Starting dynamic gmin stepping
Warning: Dynamic gmin stepping failed
Note: Starting true gmin stepping
Note: True gmin stepping completed

Error: measure  f0r  when(WHEN) : out of interval
Error: &f0r: no such variable.
Note: Starting dynamic gmin stepping
Warning: Dynamic gmin stepping failed
Note: Starting true gmin stepping
Note: True gmin stepping completed
Note: Starting dynamic gmin stepping
Warning: Dynamic gmin stepping failed
Note: Starting true gmin stepping
Note: True gmin stepping completed
Note: Starting dynamic gmin stepping
Warning: Dynamic gmin stepping failed
Note: Starting true gmin stepping
Note: True gmin stepping completed

Error: measure  f0r  when(WHEN) : out of interval
Error: &f0r: no such variable.
Note: Starting dynamic gmin stepping
Warning: Dynamic gmin stepping failed
Note: Starting true gmin stepping
Note: True gmin stepping completed
Note: Starting dynamic gmin stepping
Warning: Dynamic gmin stepping failed
Note: Starting true gmin stepping
Note: True gmin stepping completed
Note: Starting dynamic gmin stepping
Warning: Dynamic gmin stepping failed
Note: Starting true gmin stepping
Note: True gmin stepping completed

Error: measure  f0r  when(WHEN) : out of interval
Error: &f0r: no such variable.
Note: Starting dynamic gmin stepping
Warning: Dynamic gmin stepping failed
Note: Starting true gmin stepping
Note: True gmin stepping completed
Note: Starting dynamic gmin stepping
Warning: Dynamic gmin stepping failed
Note: Starting true gmin stepping
Note: True gmin stepping completed
Note: Starting dynamic gmin stepping
Warning: Dynamic gmin stepping failed
Note: Starting true gmin stepping
Note: True gmin stepping completed

Error: measure  f0r  when(WHEN) : out of interval
Error: &f0r: no such variable.
Note: Starting dynamic gmin stepping
Warning: Dynamic gmin stepping failed
Note: Starting true gmin stepping
Note: True gmin stepping completed
Note: Starting dynamic gmin stepping
Warning: Dynamic gmin stepping failed
Note: Starting true gmin stepping
Note: True gmin stepping completed
Note: Starting dynamic gmin stepping
Warning: Dynamic gmin stepping failed
Note: Starting true gmin stepping
Note: True gmin stepping completed

Error: measure  f0r  when(WHEN) : out of interval
Error: &f0r: no such variable.
Note: Starting dynamic gmin stepping
Warning: Dynamic gmin stepping failed
Note: Starting true gmin stepping
Note: True gmin stepping completed
Note: Starting dynamic gmin stepping
Warning: Dynamic gmin stepping failed
Note: Starting true gmin stepping
Note: True gmin stepping completed
Note: Starting dynamic gmin stepping
Warning: Dynamic gmin stepping failed
Note: Starting true gmin stepping
Note: True gmin stepping completed

Error: measure  f0r  when(WHEN) : out of interval
Error: &f0r: no such variable.
Note: Starting dynamic gmin stepping
Warning: Dynamic gmin stepping failed
Note: Starting true gmin stepping
Note: True gmin stepping completed
Note: Starting dynamic gmin stepping
Warning: Dynamic gmin stepping failed
Note: Starting true gmin stepping
Note: True gmin stepping completed
Note: Starting dynamic gmin stepping
Warning: Dynamic gmin stepping failed
Note: Starting true gmin stepping
Note: True gmin stepping completed

Error: measure  f0r  when(WHEN) : out of interval
Error: &f0r: no such variable.
Note: Starting dynamic gmin stepping
Warning: Dynamic gmin stepping failed
Note: Starting true gmin stepping
Note: True gmin stepping completed
Note: Starting dynamic gmin stepping
Warning: Dynamic gmin stepping failed
Note: Starting true gmin stepping
Note: True gmin stepping completed
Note: Starting dynamic gmin stepping
Warning: Dynamic gmin stepping failed
Note: Starting true gmin stepping
Note: True gmin stepping completed

Error: measure  f0r  when(WHEN) : out of interval
Error: &f0r: no such variable.
Note: Starting dynamic gmin stepping
Warning: Dynamic gmin stepping failed
Note: Starting true gmin stepping
Note: True gmin stepping completed
Note: Starting dynamic gmin stepping
Warning: Dynamic gmin stepping failed
Note: Starting true gmin stepping
Note: True gmin stepping completed
Note: Starting dynamic gmin stepping
Warning: Dynamic gmin stepping failed
Note: Starting true gmin stepping
Note: True gmin stepping completed

Error: measure  f0r  when(WHEN) : out of interval
Error: &f0r: no such variable.
Note: Starting dynamic gmin stepping
Warning: Dynamic gmin stepping failed
Note: Starting true gmin stepping
Note: True gmin stepping completed
Note: Starting dynamic gmin stepping
Warning: Dynamic gmin stepping failed
Note: Starting true gmin stepping
Note: True gmin stepping completed
Note: Starting dynamic gmin stepping
Warning: Dynamic gmin stepping failed
Note: Starting true gmin stepping
Note: True gmin stepping completed

Error: measure  f0r  when(WHEN) : out of interval
Error: &f0r: no such variable.
Note: Starting dynamic gmin stepping
Warning: Dynamic gmin stepping failed
Note: Starting true gmin stepping
Note: True gmin stepping completed
Note: Starting dynamic gmin stepping
Warning: Dynamic gmin stepping failed
Note: Starting true gmin stepping
Note: True gmin stepping completed
Note: Starting dynamic gmin stepping
Warning: Dynamic gmin stepping failed
Note: Starting true gmin stepping
Note: True gmin stepping completed

Error: measure  f0r  when(WHEN) : out of interval
Error: &f0r: no such variable.
Note: Starting dynamic gmin stepping
Warning: Dynamic gmin stepping failed
Note: Starting true gmin stepping
Note: True gmin stepping completed
Note: Starting dynamic gmin stepping
Warning: Dynamic gmin stepping failed
Note: Starting true gmin stepping
Note: True gmin stepping completed
Note: Starting dynamic gmin stepping
Warning: Dynamic gmin stepping failed
Note: Starting true gmin stepping
Note: True gmin stepping completed

Error: measure  f0r  when(WHEN) : out of interval
Error: &f0r: no such variable.
Note: Starting dynamic gmin stepping
Warning: Dynamic gmin stepping failed
Note: Starting true gmin stepping
Note: True gmin stepping completed
Note: Starting dynamic gmin stepping
Warning: Dynamic gmin stepping failed
Note: Starting true gmin stepping
Note: True gmin stepping completed
Note: Starting dynamic gmin stepping
Warning: Dynamic gmin stepping failed
Note: Starting true gmin stepping
Note: True gmin stepping completed

Error: measure  f0r  when(WHEN) : out of interval
Error: &f0r: no such variable.
Note: Starting dynamic gmin stepping
Warning: Dynamic gmin stepping failed
Note: Starting true gmin stepping
Note: True gmin stepping completed
Note: Starting dynamic gmin stepping
Warning: Dynamic gmin stepping failed
Note: Starting true gmin stepping
Note: True gmin stepping completed
Note: Starting dynamic gmin stepping
Warning: Dynamic gmin stepping failed
Note: Starting true gmin stepping
Note: True gmin stepping completed

Error: measure  f0r  when(WHEN) : out of interval
Error: &f0r: no such variable.
Note: Starting dynamic gmin stepping
Warning: Dynamic gmin stepping failed
Note: Starting true gmin stepping
Note: True gmin stepping completed
Note: Starting dynamic gmin stepping
Warning: Dynamic gmin stepping failed
Note: Starting true gmin stepping
Note: True gmin stepping completed
Note: Starting dynamic gmin stepping
Warning: Dynamic gmin stepping failed
Note: Starting true gmin stepping
Note: True gmin stepping completed

Error: measure  f0r  when(WHEN) : out of interval
Error: &f0r: no such variable.
Note: Starting dynamic gmin stepping
Warning: Dynamic gmin stepping failed
Note: Starting true gmin stepping
Note: True gmin stepping completed
Note: Starting dynamic gmin stepping
Warning: Dynamic gmin stepping failed
Note: Starting true gmin stepping
Note: True gmin stepping completed
Note: Starting dynamic gmin stepping
Warning: Dynamic gmin stepping failed
Note: Starting true gmin stepping
Note: True gmin stepping completed

Error: measure  f0r  when(WHEN) : out of interval
Error: &f0r: no such variable.
Note: Starting dynamic gmin stepping
Warning: Dynamic gmin stepping failed
Note: Starting true gmin stepping
Note: True gmin stepping completed
Note: Starting dynamic gmin stepping
Warning: Dynamic gmin stepping failed
Note: Starting true gmin stepping
Note: True gmin stepping completed
Note: Starting dynamic gmin stepping
Warning: Dynamic gmin stepping failed
Note: Starting true gmin stepping
Note: True gmin stepping completed

Error: measure  f0r  when(WHEN) : out of interval
Error: &f0r: no such variable.
Note: Starting dynamic gmin stepping
Warning: Dynamic gmin stepping failed
Note: Starting true gmin stepping
Note: True gmin stepping completed
Note: Starting dynamic gmin stepping
Warning: Dynamic gmin stepping failed
Note: Starting true gmin stepping
Note: True gmin stepping completed
Note: Starting dynamic gmin stepping
Warning: Dynamic gmin stepping failed
Note: Starting true gmin stepping
Note: True gmin stepping completed

Error: measure  f0r  when(WHEN) : out of interval
Error: &f0r: no such variable.
Note: Starting dynamic gmin stepping
Warning: Dynamic gmin stepping failed
Note: Starting true gmin stepping
Note: True gmin stepping completed
Note: Starting dynamic gmin stepping
Warning: Dynamic gmin stepping failed
Note: Starting true gmin stepping
Note: True gmin stepping completed
Note: Starting dynamic gmin stepping
Warning: Dynamic gmin stepping failed
Note: Starting true gmin stepping
Note: True gmin stepping completed

Error: measure  f0r  when(WHEN) : out of interval
Error: &f0r: no such variable.
Note: Starting dynamic gmin stepping
Warning: Dynamic gmin stepping failed
Note: Starting true gmin stepping
Note: True gmin stepping completed
Note: Starting dynamic gmin stepping
Warning: Dynamic gmin stepping failed
Note: Starting true gmin stepping
Note: True gmin stepping completed
Note: Starting dynamic gmin stepping
Warning: Dynamic gmin stepping failed
Note: Starting true gmin stepping
Note: True gmin stepping completed

Error: measure  f0r  when(WHEN) : out of interval
Error: &f0r: no such variable.
Note: Starting dynamic gmin stepping
Warning: Dynamic gmin stepping failed
Note: Starting true gmin stepping
Note: True gmin stepping completed
Note: Starting dynamic gmin stepping
Warning: Dynamic gmin stepping failed
Note: Starting true gmin stepping
Note: True gmin stepping completed
Note: Starting dynamic gmin stepping
Warning: Dynamic gmin stepping failed
Note: Starting true gmin stepping
Note: True gmin stepping completed

Error: measure  f0r  when(WHEN) : out of interval
Error: &f0r: no such variable.
Note: Starting dynamic gmin stepping
Warning: Dynamic gmin stepping failed
Note: Starting true gmin stepping
Note: True gmin stepping completed
Note: Starting dynamic gmin stepping
Warning: Dynamic gmin stepping failed
Note: Starting true gmin stepping
Note: True gmin stepping completed
Note: Starting dynamic gmin stepping
Warning: Dynamic gmin stepping failed
Note: Starting true gmin stepping
Note: True gmin stepping completed

Error: measure  f0r  when(WHEN) : out of interval
Error: &f0r: no such variable.
Note: Starting dynamic gmin stepping
Warning: Dynamic gmin stepping failed
Note: Starting true gmin stepping
Note: True gmin stepping completed
Note: Starting dynamic gmin stepping
Warning: Dynamic gmin stepping failed
Note: Starting true gmin stepping
Note: True gmin stepping completed
Note: Starting dynamic gmin stepping
Warning: Dynamic gmin stepping failed
Note: Starting true gmin stepping
Note: True gmin stepping completed

Error: measure  f0r  when(WHEN) : out of interval
Error: &f0r: no such variable.
Note: Starting dynamic gmin stepping
Warning: Dynamic gmin stepping failed
Note: Starting true gmin stepping
Note: True gmin stepping completed
Note: Starting dynamic gmin stepping
Warning: Dynamic gmin stepping failed
Note: Starting true gmin stepping
Note: True gmin stepping completed
Note: Starting dynamic gmin stepping
Warning: Dynamic gmin stepping failed
Note: Starting true gmin stepping
Note: True gmin stepping completed

Error: measure  f0r  when(WHEN) : out of interval
Error: &f0r: no such variable.
Note: Starting dynamic gmin stepping
Warning: Dynamic gmin stepping failed
Note: Starting true gmin stepping
Note: True gmin stepping completed
Note: Starting dynamic gmin stepping
Warning: Dynamic gmin stepping failed
Note: Starting true gmin stepping
Note: True gmin stepping completed
Note: Starting dynamic gmin stepping
Warning: Dynamic gmin stepping failed
Note: Starting true gmin stepping
Note: True gmin stepping completed

Error: measure  f0r  when(WHEN) : out of interval
Error: &f0r: no such variable.
Note: Starting dynamic gmin stepping
Warning: Dynamic gmin stepping failed
Note: Starting true gmin stepping
Note: True gmin stepping completed
Note: Starting dynamic gmin stepping
Warning: Dynamic gmin stepping failed
Note: Starting true gmin stepping
Note: True gmin stepping completed
Note: Starting dynamic gmin stepping
Warning: Dynamic gmin stepping failed
Note: Starting true gmin stepping
Note: True gmin stepping completed

Error: measure  f0r  when(WHEN) : out of interval
Error: &f0r: no such variable.
Note: Starting dynamic gmin stepping
Warning: Dynamic gmin stepping failed
Note: Starting true gmin stepping
Note: True gmin stepping completed
Note: Starting dynamic gmin stepping
Warning: Dynamic gmin stepping failed
Note: Starting true gmin stepping
Note: True gmin stepping completed
Note: Starting dynamic gmin stepping
Warning: Dynamic gmin stepping failed
Note: Starting true gmin stepping
Note: True gmin stepping completed

Error: measure  f0r  when(WHEN) : out of interval
Error: &f0r: no such variable.
Note: Starting dynamic gmin stepping
Warning: Dynamic gmin stepping failed
Note: Starting true gmin stepping
Note: True gmin stepping completed
Note: Starting dynamic gmin stepping
Warning: Dynamic gmin stepping failed
Note: Starting true gmin stepping
Note: True gmin stepping completed
Note: Starting dynamic gmin stepping
Warning: Dynamic gmin stepping failed
Note: Starting true gmin stepping
Note: True gmin stepping completed

Error: measure  f0r  when(WHEN) : out of interval
Error: &f0r: no such variable.
Note: Starting dynamic gmin stepping
Warning: Dynamic gmin stepping failed
Note: Starting true gmin stepping
Note: True gmin stepping completed
Note: Starting dynamic gmin stepping
Warning: Dynamic gmin stepping failed
Note: Starting true gmin stepping
Note: True gmin stepping completed
Note: Starting dynamic gmin stepping
Warning: Dynamic gmin stepping failed
Note: Starting true gmin stepping
Note: True gmin stepping completed

Error: measure  f0r  when(WHEN) : out of interval
Error: &f0r: no such variable.
Note: Starting dynamic gmin stepping
Warning: Dynamic gmin stepping failed
Note: Starting true gmin stepping
Note: True gmin stepping completed
Note: Starting dynamic gmin stepping
Warning: Dynamic gmin stepping failed
Note: Starting true gmin stepping
Note: True gmin stepping completed
Note: Starting dynamic gmin stepping
Warning: Dynamic gmin stepping failed
Note: Starting true gmin stepping
Note: True gmin stepping completed

Error: measure  f0r  when(WHEN) : out of interval
Error: &f0r: no such variable.
Note: Starting dynamic gmin stepping
Warning: Dynamic gmin stepping failed
Note: Starting true gmin stepping
Note: True gmin stepping completed
Note: Starting dynamic gmin stepping
Warning: Dynamic gmin stepping failed
Note: Starting true gmin stepping
Note: True gmin stepping completed
Note: Starting dynamic gmin stepping
Warning: Dynamic gmin stepping failed
Note: Starting true gmin stepping
Note: True gmin stepping completed

Error: measure  f0r  when(WHEN) : out of interval
Error: &f0r: no such variable.
Note: Starting dynamic gmin stepping
Warning: Dynamic gmin stepping failed
Note: Starting true gmin stepping
Note: True gmin stepping completed
Note: Starting dynamic gmin stepping
Warning: Dynamic gmin stepping failed
Note: Starting true gmin stepping
Note: True gmin stepping completed
Note: Starting dynamic gmin stepping
Warning: Dynamic gmin stepping failed
Note: Starting true gmin stepping
Note: True gmin stepping completed

Error: measure  f0r  when(WHEN) : out of interval
Error: &f0r: no such variable.
Note: Starting dynamic gmin stepping
Warning: Dynamic gmin stepping failed
Note: Starting true gmin stepping
Note: True gmin stepping completed
Note: Starting dynamic gmin stepping
Warning: Dynamic gmin stepping failed
Note: Starting true gmin stepping
Note: True gmin stepping completed
Note: Starting dynamic gmin stepping
Warning: Dynamic gmin stepping failed
Note: Starting true gmin stepping
Note: True gmin stepping completed

Error: measure  f0r  when(WHEN) : out of interval
Error: &f0r: no such variable.
Note: Starting dynamic gmin stepping
Warning: Dynamic gmin stepping failed
Note: Starting true gmin stepping
Note: True gmin stepping completed
Note: Starting dynamic gmin stepping
Warning: Dynamic gmin stepping failed
Note: Starting true gmin stepping
Note: True gmin stepping completed
Note: Starting dynamic gmin stepping
Warning: Dynamic gmin stepping failed
Note: Starting true gmin stepping
Note: True gmin stepping completed

Error: measure  f0r  when(WHEN) : out of interval
Error: &f0r: no such variable.
Note: Starting dynamic gmin stepping
Warning: Dynamic gmin stepping failed
Note: Starting true gmin stepping
Note: True gmin stepping completed
Note: Starting dynamic gmin stepping
Warning: Dynamic gmin stepping failed
Note: Starting true gmin stepping
Note: True gmin stepping completed
Note: Starting dynamic gmin stepping
Warning: Dynamic gmin stepping failed
Note: Starting true gmin stepping
Note: True gmin stepping completed

Error: measure  f0r  when(WHEN) : out of interval
Error: &f0r: no such variable.
