device,corner,temp_c,vin_v,l_um,w_mm,metric,vsd_v,id_a,rds_ohm,rdsw_ohm_mm,vd_v
pfet_03v3,typical,-40,2.10,0.28u,1,drop_at_50mA,0.32846,0.05,6.5692,6.5692,1.77154
pfet_03v3,typical,-40,2.10,0.28u,1,drop_at_100mA,1.19617,0.1,11.9617,11.9617,0.903827
pfet_03v3,typical,-40,2.10,0.28u,1,rlin_at_50mV,0.05,0.00893941,5.59321,5.59321,2.05
pfet_03v3,typical,-40,2.10,0.28u,2,drop_at_50mA,0.147727,0.05,2.95453,5.90907,1.95227
pfet_03v3,typical,-40,2.10,0.28u,2,drop_at_100mA,0.32846,0.1,3.2846,6.5692,1.77154
pfet_03v3,typical,-40,2.10,0.28u,2,rlin_at_50mV,0.05,0.0178788,2.79661,5.59321,2.05
pfet_03v3,typical,-40,2.10,0.28u,4,drop_at_50mA,0.0707256,0.05,1.41451,5.65805,2.02927
pfet_03v3,typical,-40,2.10,0.28u,4,drop_at_100mA,0.147727,0.1,1.47727,5.90907,1.95227
pfet_03v3,typical,-40,2.10,0.28u,4,rlin_at_50mV,0.05,0.0357576,1.3983,5.59321,2.05
pfet_03v3,typical,-40,2.10,0.28u,8,drop_at_50mA,0.0346622,0.05,0.693243,5.54594,2.06534
pfet_03v3,typical,-40,2.10,0.28u,8,drop_at_100mA,0.0707256,0.1,0.707256,5.65805,2.02927
pfet_03v3,typical,-40,2.10,0.28u,8,rlin_at_50mV,0.05,0.0715153,0.699152,5.59321,2.05
pfet_03v3,typical,-40,2.10,0.28u,16,drop_at_50mA,0.0171648,0.05,0.343297,5.49274,2.08284
pfet_03v3,typical,-40,2.10,0.28u,16,drop_at_100mA,0.0346622,0.1,0.346622,5.54594,2.06534
pfet_03v3,typical,-40,2.10,0.28u,16,rlin_at_50mV,0.05,0.143031,0.349576,5.59321,2.05
pfet_03v3,typical,-40,2.10,0.50u,1,drop_at_50mA,0.777093,0.05,15.5419,15.5419,1.32291
pfet_03v3,typical,-40,2.10,0.50u,1,drop_at_100mA,6.82863,0.1,68.2863,68.2863,-4.72863
pfet_03v3,typical,-40,2.10,0.50u,1,rlin_at_50mV,0.05,0.0051929,9.62853,9.62853,2.05
pfet_03v3,typical,-40,2.10,0.50u,2,drop_at_50mA,0.274295,0.05,5.48589,10.9718,1.82571
pfet_03v3,typical,-40,2.10,0.50u,2,drop_at_100mA,0.777093,0.1,7.77093,15.5419,1.32291
pfet_03v3,typical,-40,2.10,0.50u,2,rlin_at_50mV,0.05,0.0103858,4.81427,9.62853,2.05
pfet_03v3,typical,-40,2.10,0.50u,4,drop_at_50mA,0.125605,0.05,2.51209,10.0484,1.9744
pfet_03v3,typical,-40,2.10,0.50u,4,drop_at_100mA,0.274295,0.1,2.74295,10.9718,1.82571
pfet_03v3,typical,-40,2.10,0.50u,4,rlin_at_50mV,0.05,0.0207716,2.40713,9.62853,2.05
pfet_03v3,typical,-40,2.10,0.50u,8,drop_at_50mA,0.0605326,0.05,1.21065,9.68522,2.03947
pfet_03v3,typical,-40,2.10,0.50u,8,drop_at_100mA,0.125605,0.1,1.25605,10.0484,1.9744
pfet_03v3,typical,-40,2.10,0.50u,8,rlin_at_50mV,0.05,0.0415432,1.20357,9.62853,2.05
pfet_03v3,typical,-40,2.10,0.50u,16,drop_at_50mA,0.0297536,0.05,0.595071,9.52114,2.07025
pfet_03v3,typical,-40,2.10,0.50u,16,drop_at_100mA,0.0605326,0.1,0.605326,9.68522,2.03947
pfet_03v3,typical,-40,2.10,0.50u,16,rlin_at_50mV,0.05,0.0830864,0.601783,9.62853,2.05
pfet_03v3,typical,-40,2.10,1.00u,1,drop_at_50mA,6.87673,0.05,137.535,137.535,-4.77673
pfet_03v3,typical,-40,2.10,1.00u,1,drop_at_100mA,8.02425,0.1,80.2425,80.2425,-5.92425
pfet_03v3,typical,-40,2.10,1.00u,1,rlin_at_50mV,0.05,0.00264416,18.9096,18.9096,2.05
pfet_03v3,typical,-40,2.10,1.00u,2,drop_at_50mA,0.794155,0.05,15.8831,31.7662,1.30584
pfet_03v3,typical,-40,2.10,1.00u,2,drop_at_100mA,6.87673,0.1,68.7673,137.535,-4.77673
pfet_03v3,typical,-40,2.10,1.00u,2,rlin_at_50mV,0.05,0.00528832,9.4548,18.9096,2.05
pfet_03v3,typical,-40,2.10,1.00u,4,drop_at_50mA,0.269263,0.05,5.38526,21.541,1.83074
pfet_03v3,typical,-40,2.10,1.00u,4,drop_at_100mA,0.794155,0.1,7.94155,31.7662,1.30584
pfet_03v3,typical,-40,2.10,1.00u,4,rlin_at_50mV,0.05,0.0105766,4.7274,18.9096,2.05
pfet_03v3,typical,-40,2.10,1.00u,8,drop_at_50mA,0.123245,0.05,2.4649,19.7192,1.97675
pfet_03v3,typical,-40,2.10,1.00u,8,drop_at_100mA,0.269263,0.1,2.69263,21.541,1.83074
pfet_03v3,typical,-40,2.10,1.00u,8,rlin_at_50mV,0.05,0.0211533,2.3637,18.9096,2.05
pfet_03v3,typical,-40,2.10,1.00u,16,drop_at_50mA,0.0594066,0.05,1.18813,19.0101,2.04059
pfet_03v3,typical,-40,2.10,1.00u,16,drop_at_100mA,0.123245,0.1,1.23245,19.7192,1.97675
pfet_03v3,typical,-40,2.10,1.00u,16,rlin_at_50mV,0.05,0.0423066,1.18185,18.9096,2.05
pfet_03v3,typical,-40,2.97,0.28u,1,drop_at_50mA,0.215717,0.05,4.31434,4.31434,2.75428
pfet_03v3,typical,-40,2.97,0.28u,1,drop_at_100mA,0.475613,0.1,4.75613,4.75613,2.49439
pfet_03v3,typical,-40,2.97,0.28u,1,rlin_at_50mV,0.05,0.0123089,4.0621,4.0621,2.92
pfet_03v3,typical,-40,2.97,0.28u,2,drop_at_50mA,0.103533,0.05,2.07066,4.14131,2.86647
pfet_03v3,typical,-40,2.97,0.28u,2,drop_at_100mA,0.215717,0.1,2.15717,4.31434,2.75428
pfet_03v3,typical,-40,2.97,0.28u,2,rlin_at_50mV,0.05,0.0246178,2.03105,4.0621,2.92
pfet_03v3,typical,-40,2.97,0.28u,4,drop_at_50mA,0.0507907,0.05,1.01581,4.06326,2.91921
pfet_03v3,typical,-40,2.97,0.28u,4,drop_at_100mA,0.103533,0.1,1.03533,4.14131,2.86647
pfet_03v3,typical,-40,2.97,0.28u,4,rlin_at_50mV,0.05,0.0492356,1.01553,4.0621,2.92
pfet_03v3,typical,-40,2.97,0.28u,8,drop_at_50mA,0.0251629,0.05,0.503257,4.02606,2.94484
pfet_03v3,typical,-40,2.97,0.28u,8,drop_at_100mA,0.0507907,0.1,0.507907,4.06326,2.91921
pfet_03v3,typical,-40,2.97,0.28u,8,rlin_at_50mV,0.05,0.0984712,0.507763,4.0621,2.92
pfet_03v3,typical,-40,2.97,0.28u,16,drop_at_50mA,0.0125246,0.05,0.250493,4.00788,2.95748
pfet_03v3,typical,-40,2.97,0.28u,16,drop_at_100mA,0.0251629,0.1,0.251629,4.02606,2.94484
pfet_03v3,typical,-40,2.97,0.28u,16,rlin_at_50mV,0.05,0.196942,0.253881,4.0621,2.92
pfet_03v3,typical,-40,2.97,0.50u,1,drop_at_50mA,0.373181,0.05,7.46362,7.46362,2.59682
pfet_03v3,typical,-40,2.97,0.50u,1,drop_at_100mA,0.927127,0.1,9.27127,9.27127,2.04287
pfet_03v3,typical,-40,2.97,0.50u,1,rlin_at_50mV,0.05,0.00750854,6.65908,6.65908,2.92
pfet_03v3,typical,-40,2.97,0.50u,2,drop_at_50mA,0.173749,0.05,3.47498,6.94995,2.79625
pfet_03v3,typical,-40,2.97,0.50u,2,drop_at_100mA,0.373181,0.1,3.73181,7.46362,2.59682
pfet_03v3,typical,-40,2.97,0.50u,2,rlin_at_50mV,0.05,0.0150171,3.32954,6.65908,2.92
pfet_03v3,typical,-40,2.97,0.50u,4,drop_at_50mA,0.0842194,0.05,1.68439,6.73755,2.88578
pfet_03v3,typical,-40,2.97,0.50u,4,drop_at_100mA,0.173749,0.1,1.73749,6.94995,2.79625
pfet_03v3,typical,-40,2.97,0.50u,4,rlin_at_50mV,0.05,0.0300342,1.66477,6.65908,2.92
pfet_03v3,typical,-40,2.97,0.50u,8,drop_at_50mA,0.0414988,0.05,0.829977,6.63981,2.9285
pfet_03v3,typical,-40,2.97,0.50u,8,drop_at_100mA,0.0842194,0.1,0.842194,6.73755,2.88578
pfet_03v3,typical,-40,2.97,0.50u,8,rlin_at_50mV,0.05,0.0600683,0.832385,6.65908,2.92
pfet_03v3,typical,-40,2.97,0.50u,16,drop_at_50mA,0.0206026,0.05,0.412051,6.59282,2.9494
pfet_03v3,typical,-40,2.97,0.50u,16,drop_at_100mA,0.0414988,0.1,0.414988,6.63981,2.9285
pfet_03v3,typical,-40,2.97,0.50u,16,rlin_at_50mV,0.05,0.120137,0.416193,6.65908,2.92
pfet_03v3,typical,-40,2.97,1.00u,1,drop_at_50mA,0.855233,0.05,17.1047,17.1047,2.11477
pfet_03v3,typical,-40,2.97,1.00u,1,drop_at_100mA,7.08214,0.1,70.8214,70.8214,-4.11214
pfet_03v3,typical,-40,2.97,1.00u,1,rlin_at_50mV,0.05,0.00393436,12.7086,12.7086,2.92
pfet_03v3,typical,-40,2.97,1.00u,2,drop_at_50mA,0.352328,0.05,7.04655,14.0931,2.61767
pfet_03v3,typical,-40,2.97,1.00u,2,drop_at_100mA,0.855233,0.1,8.55233,17.1047,2.11477
pfet_03v3,typical,-40,2.97,1.00u,2,rlin_at_50mV,0.05,0.00786871,6.35428,12.7086,2.92
pfet_03v3,typical,-40,2.97,1.00u,4,drop_at_50mA,0.165071,0.05,3.30142,13.2057,2.80493
pfet_03v3,typical,-40,2.97,1.00u,4,drop_at_100mA,0.352328,0.1,3.52328,14.0931,2.61767
pfet_03v3,typical,-40,2.97,1.00u,4,rlin_at_50mV,0.05,0.0157374,3.17714,12.7086,2.92
pfet_03v3,typical,-40,2.97,1.00u,8,drop_at_50mA,0.0802242,0.05,1.60448,12.8359,2.88978
pfet_03v3,typical,-40,2.97,1.00u,8,drop_at_100mA,0.165071,0.1,1.65071,13.2057,2.80493
pfet_03v3,typical,-40,2.97,1.00u,8,rlin_at_50mV,0.05,0.0314748,1.58857,12.7086,2.92
pfet_03v3,typical,-40,2.97,1.00u,16,drop_at_50mA,0.0395787,0.05,0.791574,12.6652,2.93042
pfet_03v3,typical,-40,2.97,1.00u,16,drop_at_100mA,0.0802242,0.1,0.802242,12.8359,2.88978
pfet_03v3,typical,-40,2.97,1.00u,16,rlin_at_50mV,0.05,0.0629497,0.794285,12.7086,2.92
pfet_03v3,typical,-40,3.30,0.28u,1,drop_at_50mA,0.198143,0.05,3.96285,3.96285,3.10186
pfet_03v3,typical,-40,3.30,0.28u,1,drop_at_100mA,0.427242,0.1,4.27242,4.27242,2.87276
pfet_03v3,typical,-40,3.30,0.28u,1,rlin_at_50mV,0.05,0.0132319,3.77874,3.77874,3.25
pfet_03v3,typical,-40,3.30,0.28u,2,drop_at_50mA,0.0958622,0.05,1.91724,3.83449,3.20414
pfet_03v3,typical,-40,3.30,0.28u,2,drop_at_100mA,0.198143,0.1,1.98143,3.96285,3.10186
pfet_03v3,typical,-40,3.30,0.28u,2,rlin_at_50mV,0.05,0.0264638,1.88937,3.77874,3.25
pfet_03v3,typical,-40,3.30,0.28u,4,drop_at_50mA,0.0471921,0.05,0.943841,3.77537,3.25281
pfet_03v3,typical,-40,3.30,0.28u,4,drop_at_100mA,0.0958622,0.1,0.958622,3.83449,3.20414
pfet_03v3,typical,-40,3.30,0.28u,4,rlin_at_50mV,0.05,0.0529277,0.944686,3.77874,3.25
pfet_03v3,typical,-40,3.30,0.28u,8,drop_at_50mA,0.0234183,0.05,0.468366,3.74693,3.27658
pfet_03v3,typical,-40,3.30,0.28u,8,drop_at_100mA,0.0471921,0.1,0.471921,3.77537,3.25281
pfet_03v3,typical,-40,3.30,0.28u,8,rlin_at_50mV,0.05,0.105855,0.472343,3.77874,3.25
pfet_03v3,typical,-40,3.30,0.28u,16,drop_at_50mA,0.0116655,0.05,0.233311,3.73298,3.28833
pfet_03v3,typical,-40,3.30,0.28u,16,drop_at_100mA,0.0234183,0.1,0.234183,3.74693,3.27658
pfet_03v3,typical,-40,3.30,0.28u,16,rlin_at_50mV,0.05,0.211711,0.236171,3.77874,3.25
pfet_03v3,typical,-40,3.30,0.50u,1,drop_at_50mA,0.333847,0.05,6.67694,6.67694,2.96615
pfet_03v3,typical,-40,3.30,0.50u,1,drop_at_100mA,0.769938,0.1,7.69938,7.69938,2.53006
pfet_03v3,typical,-40,3.30,0.50u,1,rlin_at_50mV,0.05,0.00816672,6.12241,6.12241,3.25
pfet_03v3,typical,-40,3.30,0.50u,2,drop_at_50mA,0.15812,0.05,3.16241,6.32481,3.14188
pfet_03v3,typical,-40,3.30,0.50u,2,drop_at_100mA,0.333847,0.1,3.33847,6.67694,2.96615
pfet_03v3,typical,-40,3.30,0.50u,2,rlin_at_50mV,0.05,0.0163334,3.0612,6.12241,3.25
pfet_03v3,typical,-40,3.30,0.50u,4,drop_at_50mA,0.0771535,0.05,1.54307,6.17228,3.22285
pfet_03v3,typical,-40,3.30,0.50u,4,drop_at_100mA,0.15812,0.1,1.5812,6.32481,3.14188
pfet_03v3,typical,-40,3.30,0.50u,4,rlin_at_50mV,0.05,0.0326669,1.5306,6.12241,3.25
pfet_03v3,typical,-40,3.30,0.50u,8,drop_at_50mA,0.03813,0.05,0.7626,6.1008,3.26187
pfet_03v3,typical,-40,3.30,0.50u,8,drop_at_100mA,0.0771535,0.1,0.771535,6.17228,3.22285
pfet_03v3,typical,-40,3.30,0.50u,8,rlin_at_50mV,0.05,0.0653338,0.765301,6.12241,3.25
pfet_03v3,typical,-40,3.30,0.50u,16,drop_at_50mA,0.0189567,0.05,0.379134,6.06615,3.28104
pfet_03v3,typical,-40,3.30,0.50u,16,drop_at_100mA,0.03813,0.1,0.3813,6.1008,3.26187
pfet_03v3,typical,-40,3.30,0.50u,16,rlin_at_50mV,0.05,0.130668,0.38265,6.12241,3.25
pfet_03v3,typical,-40,3.30,1.00u,1,drop_at_50mA,0.708671,0.05,14.1734,14.1734,2.59133
pfet_03v3,typical,-40,3.30,1.00u,1,drop_at_100mA,6.6024,0.1,66.024,66.024,-3.3024
pfet_03v3,typical,-40,3.30,1.00u,1,rlin_at_50mV,0.05,0.00431298,11.5929,11.5929,3.25
pfet_03v3,typical,-40,3.30,1.00u,2,drop_at_50mA,0.312863,0.05,6.25725,12.5145,2.98714
pfet_03v3,typical,-40,3.30,1.00u,2,drop_at_100mA,0.708671,0.1,7.08671,14.1734,2.59133
pfet_03v3,typical,-40,3.30,1.00u,2,rlin_at_50mV,0.05,0.00862596,5.79646,11.5929,3.25
pfet_03v3,typical,-40,3.30,1.00u,4,drop_at_50mA,0.149072,0.05,2.98144,11.9258,3.15093
pfet_03v3,typical,-40,3.30,1.00u,4,drop_at_100mA,0.312863,0.1,3.12863,12.5145,2.98714
pfet_03v3,typical,-40,3.30,1.00u,4,rlin_at_50mV,0.05,0.0172519,2.89823,11.5929,3.25
pfet_03v3,typical,-40,3.30,1.00u,8,drop_at_50mA,0.072928,0.05,1.45856,11.6685,3.22707
pfet_03v3,typical,-40,3.30,1.00u,8,drop_at_100mA,0.149072,0.1,1.49072,11.9258,3.15093
pfet_03v3,typical,-40,3.30,1.00u,8,rlin_at_50mV,0.05,0.0345038,1.44911,11.5929,3.25
pfet_03v3,typical,-40,3.30,1.00u,16,drop_at_50mA,0.0360859,0.05,0.721717,11.5475,3.26391
pfet_03v3,typical,-40,3.30,1.00u,16,drop_at_100mA,0.072928,0.1,0.72928,11.6685,3.22707
pfet_03v3,typical,-40,3.30,1.00u,16,rlin_at_50mV,0.05,0.0690077,0.724557,11.5929,3.25
pfet_03v3,typical,-40,3.63,0.28u,1,drop_at_50mA,0.185532,0.05,3.71064,3.71064,3.44447
pfet_03v3,typical,-40,3.63,0.28u,1,drop_at_100mA,0.394475,0.1,3.94475,3.94475,3.23552
pfet_03v3,typical,-40,3.63,0.28u,1,rlin_at_50mV,0.05,0.0140112,3.56858,3.56858,3.58
pfet_03v3,typical,-40,3.63,0.28u,2,drop_at_50mA,0.0902502,0.05,1.805,3.61001,3.53975
pfet_03v3,typical,-40,3.63,0.28u,2,drop_at_100mA,0.185532,0.1,1.85532,3.71064,3.44447
pfet_03v3,typical,-40,3.63,0.28u,2,rlin_at_50mV,0.05,0.0280223,1.78429,3.56858,3.58
pfet_03v3,typical,-40,3.63,0.28u,4,drop_at_50mA,0.0445376,0.05,0.890752,3.56301,3.58546
pfet_03v3,typical,-40,3.63,0.28u,4,drop_at_100mA,0.0902502,0.1,0.902502,3.61001,3.53975
pfet_03v3,typical,-40,3.63,0.28u,4,rlin_at_50mV,0.05,0.0560447,0.892145,3.56858,3.58
pfet_03v3,typical,-40,3.63,0.28u,8,drop_at_50mA,0.0221266,0.05,0.442532,3.54026,3.60787
pfet_03v3,typical,-40,3.63,0.28u,8,drop_at_100mA,0.0445376,0.1,0.445376,3.56301,3.58546
pfet_03v3,typical,-40,3.63,0.28u,8,rlin_at_50mV,0.05,0.112089,0.446073,3.56858,3.58
pfet_03v3,typical,-40,3.63,0.28u,16,drop_at_50mA,0.0110283,0.05,0.220566,3.52906,3.61897
pfet_03v3,typical,-40,3.63,0.28u,16,drop_at_100mA,0.0221266,0.1,0.221266,3.54026,3.60787
pfet_03v3,typical,-40,3.63,0.28u,16,rlin_at_50mV,0.05,0.224179,0.223036,3.56858,3.58
pfet_03v3,typical,-40,3.63,0.50u,1,drop_at_50mA,0.306935,0.05,6.13869,6.13869,3.32307
pfet_03v3,typical,-40,3.63,0.50u,1,drop_at_100mA,0.682787,0.1,6.82787,6.82787,2.94721
pfet_03v3,typical,-40,3.63,0.50u,1,rlin_at_50mV,0.05,0.00872936,5.7278,5.7278,3.58
pfet_03v3,typical,-40,3.63,0.50u,2,drop_at_50mA,0.146943,0.05,2.93886,5.87772,3.48306
pfet_03v3,typical,-40,3.63,0.50u,2,drop_at_100mA,0.306935,0.1,3.06935,6.13869,3.32307
pfet_03v3,typical,-40,3.63,0.50u,2,rlin_at_50mV,0.05,0.0174587,2.8639,5.7278,3.58
pfet_03v3,typical,-40,3.63,0.50u,4,drop_at_50mA,0.0720166,0.05,1.44033,5.76133,3.55798
pfet_03v3,typical,-40,3.63,0.50u,4,drop_at_100mA,0.146943,0.1,1.46943,5.87772,3.48306
pfet_03v3,typical,-40,3.63,0.50u,4,rlin_at_50mV,0.05,0.0349174,1.43195,5.7278,3.58
pfet_03v3,typical,-40,3.63,0.50u,8,drop_at_50mA,0.0356633,0.05,0.713265,5.70612,3.59434
pfet_03v3,typical,-40,3.63,0.50u,8,drop_at_100mA,0.0720166,0.1,0.720166,5.76133,3.55798
pfet_03v3,typical,-40,3.63,0.50u,8,rlin_at_50mV,0.05,0.0698349,0.715975,5.7278,3.58
pfet_03v3,typical,-40,3.63,0.50u,16,drop_at_50mA,0.0177475,0.05,0.354951,5.67921,3.61225
pfet_03v3,typical,-40,3.63,0.50u,16,drop_at_100mA,0.0356633,0.1,0.356633,5.70612,3.59434
pfet_03v3,typical,-40,3.63,0.50u,16,rlin_at_50mV,0.05,0.13967,0.357987,5.7278,3.58
pfet_03v3,typical,-40,3.63,1.00u,1,drop_at_50mA,0.626482,0.05,12.5296,12.5296,3.00352
pfet_03v3,typical,-40,3.63,1.00u,1,drop_at_100mA,1.8813,0.1,18.813,18.813,1.7487
pfet_03v3,typical,-40,3.63,1.00u,1,rlin_at_50mV,0.05,0.00464024,10.7753,10.7753,3.58
pfet_03v3,typical,-40,3.63,1.00u,2,drop_at_50mA,0.285951,0.05,5.71902,11.438,3.34405
pfet_03v3,typical,-40,3.63,1.00u,2,drop_at_100mA,0.626482,0.1,6.26482,12.5296,3.00352
pfet_03v3,typical,-40,3.63,1.00u,2,rlin_at_50mV,0.05,0.00928048,5.38765,10.7753,3.58
pfet_03v3,typical,-40,3.63,1.00u,4,drop_at_50mA,0.137669,0.05,2.75339,11.0136,3.49233
pfet_03v3,typical,-40,3.63,1.00u,4,drop_at_100mA,0.285951,0.1,2.85951,11.438,3.34405
pfet_03v3,typical,-40,3.63,1.00u,4,rlin_at_50mV,0.05,0.018561,2.69383,10.7753,3.58
pfet_03v3,typical,-40,3.63,1.00u,8,drop_at_50mA,0.0676408,0.05,1.35282,10.8225,3.56236
pfet_03v3,typical,-40,3.63,1.00u,8,drop_at_100mA,0.137669,0.1,1.37669,11.0136,3.49233
pfet_03v3,typical,-40,3.63,1.00u,8,rlin_at_50mV,0.05,0.0371219,1.34691,10.7753,3.58
pfet_03v3,typical,-40,3.63,1.00u,16,drop_at_50mA,0.0335361,0.05,0.670722,10.7316,3.59646
pfet_03v3,typical,-40,3.63,1.00u,16,drop_at_100mA,0.0676408,0.1,0.676408,10.8225,3.56236
pfet_03v3,typical,-40,3.63,1.00u,16,rlin_at_50mV,0.05,0.0742439,0.673456,10.7753,3.58
pfet_03v3,typical,27,2.10,0.28u,1,drop_at_50mA,0.397157,0.05,7.94314,7.94314,1.70284
pfet_03v3,typical,27,2.10,0.28u,1,drop_at_100mA,2.35242,0.1,23.5242,23.5242,-0.252415
pfet_03v3,typical,27,2.10,0.28u,1,rlin_at_50mV,0.05,0.00756628,6.60827,6.60827,2.05
pfet_03v3,typical,27,2.10,0.28u,2,drop_at_50mA,0.176252,0.05,3.52503,7.05007,1.92375
pfet_03v3,typical,27,2.10,0.28u,2,drop_at_100mA,0.397157,0.1,3.97157,7.94314,1.70284
pfet_03v3,typical,27,2.10,0.28u,2,rlin_at_50mV,0.05,0.0151326,3.30413,6.60827,2.05
pfet_03v3,typical,27,2.10,0.28u,4,drop_at_50mA,0.0840383,0.05,1.68077,6.72307,2.01596
pfet_03v3,typical,27,2.10,0.28u,4,drop_at_100mA,0.176252,0.1,1.76252,7.05007,1.92375
pfet_03v3,typical,27,2.10,0.28u,4,rlin_at_50mV,0.05,0.0302651,1.65207,6.60827,2.05
pfet_03v3,typical,27,2.10,0.28u,8,drop_at_50mA,0.0411175,0.05,0.822351,6.57881,2.05888
pfet_03v3,typical,27,2.10,0.28u,8,drop_at_100mA,0.0840383,0.1,0.840383,6.72307,2.01596
pfet_03v3,typical,27,2.10,0.28u,8,rlin_at_50mV,0.05,0.0605302,0.826033,6.60827,2.05
pfet_03v3,typical,27,2.10,0.28u,16,drop_at_50mA,0.0203459,0.05,0.406918,6.51069,2.07965
pfet_03v3,typical,27,2.10,0.28u,16,drop_at_100mA,0.0411175,0.1,0.411175,6.57881,2.05888
pfet_03v3,typical,27,2.10,0.28u,16,rlin_at_50mV,0.05,0.12106,0.413017,6.60827,2.05
pfet_03v3,typical,27,2.10,0.50u,1,drop_at_50mA,1.87769,0.05,37.5538,37.5538,0.222309
pfet_03v3,typical,27,2.10,0.50u,1,drop_at_100mA,7.17399,0.1,71.7399,71.7399,-5.07399
pfet_03v3,typical,27,2.10,0.50u,1,rlin_at_50mV,0.05,0.0042857,11.6667,11.6667,2.05
pfet_03v3,typical,27,2.10,0.50u,2,drop_at_50mA,0.341315,0.05,6.8263,13.6526,1.75869
pfet_03v3,typical,27,2.10,0.50u,2,drop_at_100mA,1.87769,0.1,18.7769,37.5538,0.222309
pfet_03v3,typical,27,2.10,0.50u,2,rlin_at_50mV,0.05,0.0085714,5.83335,11.6667,2.05
pfet_03v3,typical,27,2.10,0.50u,4,drop_at_50mA,0.153923,0.05,3.07845,12.3138,1.94608
pfet_03v3,typical,27,2.10,0.50u,4,drop_at_100mA,0.341315,0.1,3.41315,13.6526,1.75869
pfet_03v3,typical,27,2.10,0.50u,4,rlin_at_50mV,0.05,0.0171428,2.91668,11.6667,2.05
pfet_03v3,typical,27,2.10,0.50u,8,drop_at_50mA,0.0738105,0.05,1.47621,11.8097,2.02619
pfet_03v3,typical,27,2.10,0.50u,8,drop_at_100mA,0.153923,0.1,1.53923,12.3138,1.94608
pfet_03v3,typical,27,2.10,0.50u,8,rlin_at_50mV,0.05,0.0342856,1.45834,11.6667,2.05
pfet_03v3,typical,27,2.10,0.50u,16,drop_at_50mA,0.0362039,0.05,0.724077,11.5852,2.0638
pfet_03v3,typical,27,2.10,0.50u,16,drop_at_100mA,0.0738105,0.1,0.738105,11.8097,2.02619
pfet_03v3,typical,27,2.10,0.50u,16,rlin_at_50mV,0.05,0.0685712,0.729169,11.6667,2.05
pfet_03v3,typical,27,2.10,1.00u,1,drop_at_50mA,7.2049,0.05,144.098,144.098,-5.1049
pfet_03v3,typical,27,2.10,1.00u,1,drop_at_100mA,8.32401,0.1,83.2401,83.2401,-6.22401
pfet_03v3,typical,27,2.10,1.00u,1,rlin_at_50mV,0.05,0.00214734,23.2847,23.2847,2.05
pfet_03v3,typical,27,2.10,1.00u,2,drop_at_50mA,5.19264,0.05,103.853,207.705,-3.09264
pfet_03v3,typical,27,2.10,1.00u,2,drop_at_100mA,7.2049,0.1,72.049,144.098,-5.1049
pfet_03v3,typical,27,2.10,1.00u,2,rlin_at_50mV,0.05,0.00429467,11.6423,23.2847,2.05
pfet_03v3,typical,27,2.10,1.00u,4,drop_at_50mA,0.342687,0.05,6.85375,27.415,1.75731
pfet_03v3,typical,27,2.10,1.00u,4,drop_at_100mA,5.19264,0.1,51.9264,207.705,-3.09264
pfet_03v3,typical,27,2.10,1.00u,4,rlin_at_50mV,0.05,0.00858935,5.82116,23.2847,2.05
pfet_03v3,typical,27,2.10,1.00u,8,drop_at_50mA,0.153799,0.05,3.07598,24.6078,1.9462
pfet_03v3,typical,27,2.10,1.00u,8,drop_at_100mA,0.342687,0.1,3.42687,27.415,1.75731
pfet_03v3,typical,27,2.10,1.00u,8,rlin_at_50mV,0.05,0.0171787,2.91058,23.2847,2.05
pfet_03v3,typical,27,2.10,1.00u,16,drop_at_50mA,0.0736703,0.05,1.47341,23.5745,2.02633
pfet_03v3,typical,27,2.10,1.00u,16,drop_at_100mA,0.153799,0.1,1.53799,24.6078,1.9462
pfet_03v3,typical,27,2.10,1.00u,16,rlin_at_50mV,0.05,0.0343574,1.45529,23.2847,2.05
pfet_03v3,typical,27,2.97,0.28u,1,drop_at_50mA,0.258727,0.05,5.17453,5.17453,2.71127
pfet_03v3,typical,27,2.97,0.28u,1,drop_at_100mA,0.579037,0.1,5.79037,5.79037,2.39096
pfet_03v3,typical,27,2.97,0.28u,1,rlin_at_50mV,0.05,0.0103663,4.82332,4.82332,2.92
pfet_03v3,typical,27,2.97,0.28u,2,drop_at_50mA,0.123578,0.05,2.47155,4.9431,2.84642
pfet_03v3,typical,27,2.97,0.28u,2,drop_at_100mA,0.258727,0.1,2.58727,5.17453,2.71127
pfet_03v3,typical,27,2.97,0.28u,2,rlin_at_50mV,0.05,0.0207326,2.41166,4.82332,2.92
pfet_03v3,typical,27,2.97,0.28u,4,drop_at_50mA,0.060502,0.05,1.21004,4.84016,2.9095
pfet_03v3,typical,27,2.97,0.28u,4,drop_at_100mA,0.123578,0.1,1.23578,4.9431,2.84642
pfet_03v3,typical,27,2.97,0.28u,4,rlin_at_50mV,0.05,0.0414652,1.20583,4.82332,2.92
pfet_03v3,typical,27,2.97,0.28u,8,drop_at_50mA,0.0299462,0.05,0.598923,4.79139,2.94005
pfet_03v3,typical,27,2.97,0.28u,8,drop_at_100mA,0.060502,0.1,0.60502,4.84016,2.9095
pfet_03v3,typical,27,2.97,0.28u,8,rlin_at_50mV,0.05,0.0829305,0.602915,4.82332,2.92
pfet_03v3,typical,27,2.97,0.28u,16,drop_at_50mA,0.0148988,0.05,0.297976,4.76762,2.9551
pfet_03v3,typical,27,2.97,0.28u,16,drop_at_100mA,0.0299462,0.1,0.299462,4.79139,2.94005
pfet_03v3,typical,27,2.97,0.28u,16,rlin_at_50mV,0.05,0.165861,0.301457,4.82332,2.92
pfet_03v3,typical,27,2.97,0.50u,1,drop_at_50mA,0.465929,0.05,9.31857,9.31857,2.50407
pfet_03v3,typical,27,2.97,0.50u,1,drop_at_100mA,1.27357,0.1,12.7357,12.7357,1.69643
pfet_03v3,typical,27,2.97,0.50u,1,rlin_at_50mV,0.05,0.00616018,8.11664,8.11664,2.92
pfet_03v3,typical,27,2.97,0.50u,2,drop_at_50mA,0.213952,0.05,4.27904,8.55807,2.75605
pfet_03v3,typical,27,2.97,0.50u,2,drop_at_100mA,0.465929,0.1,4.65929,9.31857,2.50407
pfet_03v3,typical,27,2.97,0.50u,2,rlin_at_50mV,0.05,0.0123204,4.05832,8.11664,2.92
pfet_03v3,typical,27,2.97,0.50u,4,drop_at_50mA,0.103196,0.05,2.06392,8.2557,2.8668
pfet_03v3,typical,27,2.97,0.50u,4,drop_at_100mA,0.213952,0.1,2.13952,8.55807,2.75605
pfet_03v3,typical,27,2.97,0.50u,4,rlin_at_50mV,0.05,0.0246407,2.02916,8.11664,2.92
pfet_03v3,typical,27,2.97,0.50u,8,drop_at_50mA,0.0507409,0.05,1.01482,8.11855,2.91926
pfet_03v3,typical,27,2.97,0.50u,8,drop_at_100mA,0.103196,0.1,1.03196,8.2557,2.8668
pfet_03v3,typical,27,2.97,0.50u,8,rlin_at_50mV,0.05,0.0492815,1.01458,8.11664,2.92
pfet_03v3,typical,27,2.97,0.50u,16,drop_at_50mA,0.0251657,0.05,0.503314,8.05303,2.94483
pfet_03v3,typical,27,2.97,0.50u,16,drop_at_100mA,0.0507409,0.1,0.507409,8.11855,2.91926
pfet_03v3,typical,27,2.97,0.50u,16,rlin_at_50mV,0.05,0.0985629,0.50729,8.11664,2.92
pfet_03v3,typical,27,2.97,1.00u,1,drop_at_50mA,1.20148,0.05,24.0297,24.0297,1.76852
pfet_03v3,typical,27,2.97,1.00u,1,drop_at_100mA,7.52615,0.1,75.2615,75.2615,-4.55615
pfet_03v3,typical,27,2.97,1.00u,1,rlin_at_50mV,0.05,0.00317496,15.7482,15.7482,2.92
pfet_03v3,typical,27,2.97,1.00u,2,drop_at_50mA,0.448345,0.05,8.96689,17.9338,2.52166
pfet_03v3,typical,27,2.97,1.00u,2,drop_at_100mA,1.20148,0.1,12.0148,24.0297,1.76852
pfet_03v3,typical,27,2.97,1.00u,2,rlin_at_50mV,0.05,0.00634991,7.87412,15.7482,2.92
pfet_03v3,typical,27,2.97,1.00u,4,drop_at_50mA,0.206849,0.05,4.13698,16.5479,2.76315
pfet_03v3,typical,27,2.97,1.00u,4,drop_at_100mA,0.448345,0.1,4.48345,17.9338,2.52166
pfet_03v3,typical,27,2.97,1.00u,4,rlin_at_50mV,0.05,0.0126998,3.93706,15.7482,2.92
pfet_03v3,typical,27,2.97,1.00u,8,drop_at_50mA,0.0999705,0.05,1.99941,15.9953,2.87003
pfet_03v3,typical,27,2.97,1.00u,8,drop_at_100mA,0.206849,0.1,2.06849,16.5479,2.76315
pfet_03v3,typical,27,2.97,1.00u,8,rlin_at_50mV,0.05,0.0253997,1.96853,15.7482,2.92
pfet_03v3,typical,27,2.97,1.00u,16,drop_at_50mA,0.0492011,0.05,0.984022,15.7444,2.9208
pfet_03v3,typical,27,2.97,1.00u,16,drop_at_100mA,0.0999705,0.1,0.999705,15.9953,2.87003
pfet_03v3,typical,27,2.97,1.00u,16,rlin_at_50mV,0.05,0.0507993,0.984265,15.7482,2.92
pfet_03v3,typical,27,3.30,0.28u,1,drop_at_50mA,0.236719,0.05,4.73438,4.73438,3.06328
pfet_03v3,typical,27,3.30,0.28u,1,drop_at_100mA,0.515824,0.1,5.15824,5.15824,2.78418
pfet_03v3,typical,27,3.30,0.28u,1,rlin_at_50mV,0.05,0.0111658,4.47794,4.47794,3.25
pfet_03v3,typical,27,3.30,0.28u,2,drop_at_50mA,0.114093,0.05,2.28186,4.56372,3.18591
pfet_03v3,typical,27,3.30,0.28u,2,drop_at_100mA,0.236719,0.1,2.36719,4.73438,3.06328
pfet_03v3,typical,27,3.30,0.28u,2,rlin_at_50mV,0.05,0.0223317,2.23897,4.47794,3.25
pfet_03v3,typical,27,3.30,0.28u,4,drop_at_50mA,0.0560747,0.05,1.12149,4.48597,3.24393
pfet_03v3,typical,27,3.30,0.28u,4,drop_at_100mA,0.114093,0.1,1.14093,4.56372,3.18591
pfet_03v3,typical,27,3.30,0.28u,4,rlin_at_50mV,0.05,0.0446634,1.11948,4.47794,3.25
pfet_03v3,typical,27,3.30,0.28u,8,drop_at_50mA,0.0278047,0.05,0.556095,4.44876,3.2722
pfet_03v3,typical,27,3.30,0.28u,8,drop_at_100mA,0.0560747,0.1,0.560747,4.48597,3.24393
pfet_03v3,typical,27,3.30,0.28u,8,rlin_at_50mV,0.05,0.0893268,0.559742,4.47794,3.25
pfet_03v3,typical,27,3.30,0.28u,16,drop_at_50mA,0.0138454,0.05,0.276909,4.43054,3.28615
pfet_03v3,typical,27,3.30,0.28u,16,drop_at_100mA,0.0278047,0.1,0.278047,4.44876,3.2722
pfet_03v3,typical,27,3.30,0.28u,16,rlin_at_50mV,0.05,0.178654,0.279871,4.47794,3.25
pfet_03v3,typical,27,3.30,0.50u,1,drop_at_50mA,0.413168,0.05,8.26336,8.26336,2.88683
pfet_03v3,typical,27,3.30,0.50u,1,drop_at_100mA,0.99147,0.1,9.9147,9.9147,2.30853
pfet_03v3,typical,27,3.30,0.50u,1,rlin_at_50mV,0.05,0.00671655,7.4443,7.4443,3.25
pfet_03v3,typical,27,3.30,0.50u,2,drop_at_50mA,0.193805,0.05,3.87611,7.75221,3.10619
pfet_03v3,typical,27,3.30,0.50u,2,drop_at_100mA,0.413168,0.1,4.13168,8.26336,2.88683
pfet_03v3,typical,27,3.30,0.50u,2,rlin_at_50mV,0.05,0.0134331,3.72215,7.4443,3.25
pfet_03v3,typical,27,3.30,0.50u,4,drop_at_50mA,0.0942104,0.05,1.88421,7.53683,3.20579
pfet_03v3,typical,27,3.30,0.50u,4,drop_at_100mA,0.193805,0.1,1.93805,7.75221,3.10619
pfet_03v3,typical,27,3.30,0.50u,4,rlin_at_50mV,0.05,0.0268662,1.86107,7.4443,3.25
pfet_03v3,typical,27,3.30,0.50u,8,drop_at_50mA,0.0464813,0.05,0.929627,7.43701,3.25352
pfet_03v3,typical,27,3.30,0.50u,8,drop_at_100mA,0.0942104,0.1,0.942104,7.53683,3.20579
pfet_03v3,typical,27,3.30,0.50u,8,rlin_at_50mV,0.05,0.0537324,0.930537,7.4443,3.25
pfet_03v3,typical,27,3.30,0.50u,16,drop_at_50mA,0.0230902,0.05,0.461804,7.38886,3.27691
pfet_03v3,typical,27,3.30,0.50u,16,drop_at_100mA,0.0464813,0.1,0.464813,7.43701,3.25352
pfet_03v3,typical,27,3.30,0.50u,16,rlin_at_50mV,0.05,0.107465,0.465269,7.4443,3.25
pfet_03v3,typical,27,3.30,1.00u,1,drop_at_50mA,0.92945,0.05,18.589,18.589,2.37055
pfet_03v3,typical,27,3.30,1.00u,1,drop_at_100mA,7.26428,0.1,72.6428,72.6428,-3.96428
pfet_03v3,typical,27,3.30,1.00u,1,rlin_at_50mV,0.05,0.00349013,14.3261,14.3261,3.25
pfet_03v3,typical,27,3.30,1.00u,2,drop_at_50mA,0.394029,0.05,7.88058,15.7612,2.90597
pfet_03v3,typical,27,3.30,1.00u,2,drop_at_100mA,0.92945,0.1,9.2945,18.589,2.37055
pfet_03v3,typical,27,3.30,1.00u,2,rlin_at_50mV,0.05,0.00698026,7.16306,14.3261,3.25
pfet_03v3,typical,27,3.30,1.00u,4,drop_at_50mA,0.185793,0.05,3.71585,14.8634,3.11421
pfet_03v3,typical,27,3.30,1.00u,4,drop_at_100mA,0.394029,0.1,3.94029,15.7612,2.90597
pfet_03v3,typical,27,3.30,1.00u,4,rlin_at_50mV,0.05,0.0139605,3.58153,14.3261,3.25
pfet_03v3,typical,27,3.30,1.00u,8,drop_at_50mA,0.0905172,0.05,1.81034,14.4827,3.20948
pfet_03v3,typical,27,3.30,1.00u,8,drop_at_100mA,0.185793,0.1,1.85793,14.8634,3.11421
pfet_03v3,typical,27,3.30,1.00u,8,rlin_at_50mV,0.05,0.027921,1.79077,14.3261,3.25
pfet_03v3,typical,27,3.30,1.00u,16,drop_at_50mA,0.0447059,0.05,0.894117,14.3059,3.25529
pfet_03v3,typical,27,3.30,1.00u,16,drop_at_100mA,0.0905172,0.1,0.905172,14.4827,3.20948
pfet_03v3,typical,27,3.30,1.00u,16,rlin_at_50mV,0.05,0.0558421,0.895383,14.3261,3.25
pfet_03v3,typical,27,3.63,0.28u,1,drop_at_50mA,0.220718,0.05,4.41436,4.41436,3.40928
pfet_03v3,typical,27,3.63,0.28u,1,drop_at_100mA,0.473062,0.1,4.73062,4.73062,3.15694
pfet_03v3,typical,27,3.63,0.28u,1,rlin_at_50mV,0.05,0.0118572,4.21684,4.21684,3.58
pfet_03v3,typical,27,3.63,0.28u,2,drop_at_50mA,0.107036,0.05,2.14073,4.28146,3.52296
pfet_03v3,typical,27,3.63,0.28u,2,drop_at_100mA,0.220718,0.1,2.20718,4.41436,3.40928
pfet_03v3,typical,27,3.63,0.28u,2,rlin_at_50mV,0.05,0.0237144,2.10842,4.21684,3.58
pfet_03v3,typical,27,3.63,0.28u,4,drop_at_50mA,0.0527491,0.05,1.05498,4.21993,3.57725
pfet_03v3,typical,27,3.63,0.28u,4,drop_at_100mA,0.107036,0.1,1.07036,4.28146,3.52296
pfet_03v3,typical,27,3.63,0.28u,4,rlin_at_50mV,0.05,0.0474288,1.05421,4.21684,3.58
pfet_03v3,typical,27,3.63,0.28u,8,drop_at_50mA,0.0261892,0.05,0.523783,4.19027,3.60381
pfet_03v3,typical,27,3.63,0.28u,8,drop_at_100mA,0.0527491,0.1,0.527491,4.21993,3.57725
pfet_03v3,typical,27,3.63,0.28u,8,rlin_at_50mV,0.05,0.0948576,0.527106,4.21684,3.58
pfet_03v3,typical,27,3.63,0.28u,16,drop_at_50mA,0.013049,0.05,0.260981,4.17569,3.61695
pfet_03v3,typical,27,3.63,0.28u,16,drop_at_100mA,0.0261892,0.1,0.261892,4.19027,3.60381
pfet_03v3,typical,27,3.63,0.28u,16,rlin_at_50mV,0.05,0.189715,0.263553,4.21684,3.58
pfet_03v3,typical,27,3.63,0.50u,1,drop_at_50mA,0.37703,0.05,7.54061,7.54061,3.25297
pfet_03v3,typical,27,3.63,0.50u,1,drop_at_100mA,0.859326,0.1,8.59326,8.59326,2.77067
pfet_03v3,typical,27,3.63,0.50u,1,rlin_at_50mV,0.05,0.00720484,6.93978,6.93978,3.58
pfet_03v3,typical,27,3.63,0.50u,2,drop_at_50mA,0.179193,0.05,3.58386,7.16771,3.45081
pfet_03v3,typical,27,3.63,0.50u,2,drop_at_100mA,0.37703,0.1,3.7703,7.54061,3.25297
pfet_03v3,typical,27,3.63,0.50u,2,rlin_at_50mV,0.05,0.0144097,3.46989,6.93978,3.58
pfet_03v3,typical,27,3.63,0.50u,4,drop_at_50mA,0.0875606,0.05,1.75121,7.00485,3.54244
pfet_03v3,typical,27,3.63,0.50u,4,drop_at_100mA,0.179193,0.1,1.79193,7.16771,3.45081
pfet_03v3,typical,27,3.63,0.50u,4,rlin_at_50mV,0.05,0.0288194,1.73494,6.93978,3.58
pfet_03v3,typical,27,3.63,0.50u,8,drop_at_50mA,0.0433017,0.05,0.866034,6.92827,3.5867
pfet_03v3,typical,27,3.63,0.50u,8,drop_at_100mA,0.0875606,0.1,0.875606,7.00485,3.54244
pfet_03v3,typical,27,3.63,0.50u,8,rlin_at_50mV,0.05,0.0576387,0.867472,6.93978,3.58
pfet_03v3,typical,27,3.63,0.50u,16,drop_at_50mA,0.0215347,0.05,0.430693,6.89109,3.60847
pfet_03v3,typical,27,3.63,0.50u,16,drop_at_100mA,0.0433017,0.1,0.433017,6.92827,3.5867
pfet_03v3,typical,27,3.63,0.50u,16,rlin_at_50mV,0.05,0.115277,0.433736,6.93978,3.58
pfet_03v3,typical,27,3.63,1.00u,1,drop_at_50mA,0.801519,0.05,16.0304,16.0304,2.82848
pfet_03v3,typical,27,3.63,1.00u,1,drop_at_100mA,6.77625,0.1,67.7625,67.7625,-3.14625
pfet_03v3,typical,27,3.63,1.00u,1,rlin_at_50mV,0.05,0.00377033,13.2614,13.2614,3.58
pfet_03v3,typical,27,3.63,1.00u,2,drop_at_50mA,0.357031,0.05,7.14061,14.2812,3.27297
pfet_03v3,typical,27,3.63,1.00u,2,drop_at_100mA,0.801519,0.1,8.01519,16.0304,2.82848
pfet_03v3,typical,27,3.63,1.00u,2,rlin_at_50mV,0.05,0.00754066,6.63072,13.2614,3.58
pfet_03v3,typical,27,3.63,1.00u,4,drop_at_50mA,0.170575,0.05,3.41151,13.646,3.45942
pfet_03v3,typical,27,3.63,1.00u,4,drop_at_100mA,0.357031,0.1,3.57031,14.2812,3.27297
pfet_03v3,typical,27,3.63,1.00u,4,rlin_at_50mV,0.05,0.0150813,3.31536,13.2614,3.58
pfet_03v3,typical,27,3.63,1.00u,8,drop_at_50mA,0.0835404,0.05,1.67081,13.3665,3.54646
pfet_03v3,typical,27,3.63,1.00u,8,drop_at_100mA,0.170575,0.1,1.70575,13.646,3.45942
pfet_03v3,typical,27,3.63,1.00u,8,rlin_at_50mV,0.05,0.0301627,1.65768,13.2614,3.58
pfet_03v3,typical,27,3.63,1.00u,16,drop_at_50mA,0.0413581,0.05,0.827163,13.2346,3.58864
pfet_03v3,typical,27,3.63,1.00u,16,drop_at_100mA,0.0835404,0.1,0.835404,13.3665,3.54646
pfet_03v3,typical,27,3.63,1.00u,16,rlin_at_50mV,0.05,0.0603253,0.82884,13.2614,3.58
pfet_03v3,typical,125,2.10,0.28u,1,drop_at_50mA,0.485119,0.05,9.70239,9.70239,1.61488
pfet_03v3,typical,125,2.10,0.28u,1,drop_at_100mA,4.36142,0.1,43.6142,43.6142,-2.26142
pfet_03v3,typical,125,2.10,0.28u,1,rlin_at_50mV,0.05,0.00634379,7.88173,7.88173,2.05
pfet_03v3,typical,125,2.10,0.28u,2,drop_at_50mA,0.212278,0.05,4.24556,8.49112,1.88772
pfet_03v3,typical,125,2.10,0.28u,2,drop_at_100mA,0.485119,0.1,4.85119,9.70239,1.61488
pfet_03v3,typical,125,2.10,0.28u,2,rlin_at_50mV,0.05,0.0126876,3.94086,7.88173,2.05
pfet_03v3,typical,125,2.10,0.28u,4,drop_at_50mA,0.100811,0.05,2.01621,8.06486,1.99919
pfet_03v3,typical,125,2.10,0.28u,4,drop_at_100mA,0.212278,0.1,2.12278,8.49112,1.88772
pfet_03v3,typical,125,2.10,0.28u,4,rlin_at_50mV,0.05,0.0253751,1.97043,7.88173,2.05
pfet_03v3,typical,125,2.10,0.28u,8,drop_at_50mA,0.0492441,0.05,0.984882,7.87905,2.05076
pfet_03v3,typical,125,2.10,0.28u,8,drop_at_100mA,0.100811,0.1,1.00811,8.06486,1.99919
pfet_03v3,typical,125,2.10,0.28u,8,rlin_at_50mV,0.05,0.0507503,0.985216,7.88173,2.05
pfet_03v3,typical,125,2.10,0.28u,16,drop_at_50mA,0.0243492,0.05,0.486985,7.79176,2.07565
pfet_03v3,typical,125,2.10,0.28u,16,drop_at_100mA,0.0492441,0.1,0.492441,7.87905,2.05076
pfet_03v3,typical,125,2.10,0.28u,16,rlin_at_50mV,0.05,0.101501,0.492608,7.88173,2.05
pfet_03v3,typical,125,2.10,0.50u,1,drop_at_50mA,5.48421,0.05,109.684,109.684,-3.38421
pfet_03v3,typical,125,2.10,0.50u,1,drop_at_100mA,7.52808,0.1,75.2808,75.2808,-5.42808
pfet_03v3,typical,125,2.10,0.50u,1,rlin_at_50mV,0.05,0.00347937,14.3704,14.3704,2.05
pfet_03v3,typical,125,2.10,0.50u,2,drop_at_50mA,0.433656,0.05,8.67312,17.3462,1.66634
pfet_03v3,typical,125,2.10,0.50u,2,drop_at_100mA,5.48421,0.1,54.8421,109.684,-3.38421
pfet_03v3,typical,125,2.10,0.50u,2,rlin_at_50mV,0.05,0.00695873,7.18522,14.3704,2.05
pfet_03v3,typical,125,2.10,0.50u,4,drop_at_50mA,0.191977,0.05,3.83953,15.3581,1.90802
pfet_03v3,typical,125,2.10,0.50u,4,drop_at_100mA,0.433656,0.1,4.33656,17.3462,1.66634
pfet_03v3,typical,125,2.10,0.50u,4,rlin_at_50mV,0.05,0.0139175,3.59261,14.3704,2.05
pfet_03v3,typical,125,2.10,0.50u,8,drop_at_50mA,0.0915474,0.05,1.83095,14.6476,2.00845
pfet_03v3,typical,125,2.10,0.50u,8,drop_at_100mA,0.191977,0.1,1.91977,15.3581,1.90802
pfet_03v3,typical,125,2.10,0.50u,8,rlin_at_50mV,0.05,0.0278349,1.7963,14.3704,2.05
pfet_03v3,typical,125,2.10,0.50u,16,drop_at_50mA,0.0448013,0.05,0.896025,14.3364,2.0552
pfet_03v3,typical,125,2.10,0.50u,16,drop_at_100mA,0.0915474,0.1,0.915474,14.6476,2.00845
pfet_03v3,typical,125,2.10,0.50u,16,rlin_at_50mV,0.05,0.0556699,0.898152,14.3704,2.05
pfet_03v3,typical,125,2.10,1.00u,1,drop_at_50mA,7.54543,0.05,150.909,150.909,-5.44543
pfet_03v3,typical,125,2.10,1.00u,1,drop_at_100mA,8.65384,0.1,86.5384,86.5384,-6.55384
pfet_03v3,typical,125,2.10,1.00u,1,rlin_at_50mV,0.05,0.00170958,29.247,29.247,2.05
pfet_03v3,typical,125,2.10,1.00u,2,drop_at_50mA,6.07069,0.05,121.414,242.828,-3.97069
pfet_03v3,typical,125,2.10,1.00u,2,drop_at_100mA,7.54543,0.1,75.4543,150.909,-5.44543
pfet_03v3,typical,125,2.10,1.00u,2,rlin_at_50mV,0.05,0.00341915,14.6235,29.247,2.05
pfet_03v3,typical,125,2.10,1.00u,4,drop_at_50mA,0.448741,0.05,8.97482,35.8993,1.65126
pfet_03v3,typical,125,2.10,1.00u,4,drop_at_100mA,6.07069,0.1,60.7069,242.828,-3.97069
pfet_03v3,typical,125,2.10,1.00u,4,rlin_at_50mV,0.05,0.0068383,7.31176,29.247,2.05
pfet_03v3,typical,125,2.10,1.00u,8,drop_at_50mA,0.196215,0.05,3.92431,31.3945,1.90378
pfet_03v3,typical,125,2.10,1.00u,8,drop_at_100mA,0.448741,0.1,4.48741,35.8993,1.65126
pfet_03v3,typical,125,2.10,1.00u,8,rlin_at_50mV,0.05,0.0136766,3.65588,29.247,2.05
pfet_03v3,typical,125,2.10,1.00u,16,drop_at_50mA,0.0932914,0.05,1.86583,29.8533,2.00671
pfet_03v3,typical,125,2.10,1.00u,16,drop_at_100mA,0.196215,0.1,1.96215,31.3945,1.90378
pfet_03v3,typical,125,2.10,1.00u,16,rlin_at_50mV,0.05,0.0273532,1.82794,29.247,2.05
pfet_03v3,typical,125,2.97,0.28u,1,drop_at_50mA,0.314702,0.05,6.29404,6.29404,2.6553
pfet_03v3,typical,125,2.97,0.28u,1,drop_at_100mA,0.717826,0.1,7.17826,7.17826,2.25217
pfet_03v3,typical,125,2.97,0.28u,1,rlin_at_50mV,0.05,0.00862087,5.79988,5.79988,2.92
pfet_03v3,typical,125,2.97,0.28u,2,drop_at_50mA,0.149464,0.05,2.98928,5.97857,2.82054
pfet_03v3,typical,125,2.97,0.28u,2,drop_at_100mA,0.314702,0.1,3.14702,6.29404,2.6553
pfet_03v3,typical,125,2.97,0.28u,2,rlin_at_50mV,0.05,0.0172417,2.89994,5.79988,2.92
pfet_03v3,typical,125,2.97,0.28u,4,drop_at_50mA,0.0730063,0.05,1.46013,5.8405,2.89699
pfet_03v3,typical,125,2.97,0.28u,4,drop_at_100mA,0.149464,0.1,1.49464,5.97857,2.82054
pfet_03v3,typical,125,2.97,0.28u,4,rlin_at_50mV,0.05,0.0344835,1.44997,5.79988,2.92
pfet_03v3,typical,125,2.97,0.28u,8,drop_at_50mA,0.0360971,0.05,0.721942,5.77553,2.9339
pfet_03v3,typical,125,2.97,0.28u,8,drop_at_100mA,0.0730063,0.1,0.730063,5.8405,2.89699
pfet_03v3,typical,125,2.97,0.28u,8,rlin_at_50mV,0.05,0.0689669,0.724985,5.79988,2.92
pfet_03v3,typical,125,2.97,0.28u,16,drop_at_50mA,0.0179499,0.05,0.358999,5.74398,2.95205
pfet_03v3,typical,125,2.97,0.28u,16,drop_at_100mA,0.0360971,0.1,0.360971,5.77553,2.9339
pfet_03v3,typical,125,2.97,0.28u,16,rlin_at_50mV,0.05,0.137934,0.362493,5.79988,2.92
pfet_03v3,typical,125,2.97,0.50u,1,drop_at_50mA,0.597945,0.05,11.9589,11.9589,2.37206
pfet_03v3,typical,125,2.97,0.50u,1,drop_at_100mA,3.30062,0.1,33.0062,33.0062,-0.330623
pfet_03v3,typical,125,2.97,0.50u,1,rlin_at_50mV,0.05,0.00495314,10.0946,10.0946,2.92
pfet_03v3,typical,125,2.97,0.50u,2,drop_at_50mA,0.269445,0.05,5.3889,10.7778,2.70055
pfet_03v3,typical,125,2.97,0.50u,2,drop_at_100mA,0.597945,0.1,5.97945,11.9589,2.37206
pfet_03v3,typical,125,2.97,0.50u,2,rlin_at_50mV,0.05,0.00990629,5.0473,10.0946,2.92
pfet_03v3,typical,125,2.97,0.50u,4,drop_at_50mA,0.129155,0.05,2.5831,10.3324,2.84084
pfet_03v3,typical,125,2.97,0.50u,4,drop_at_100mA,0.269445,0.1,2.69445,10.7778,2.70055
pfet_03v3,typical,125,2.97,0.50u,4,rlin_at_50mV,0.05,0.0198126,2.52365,10.0946,2.92
pfet_03v3,typical,125,2.97,0.50u,8,drop_at_50mA,0.0633376,0.05,1.26675,10.134,2.90666
pfet_03v3,typical,125,2.97,0.50u,8,drop_at_100mA,0.129155,0.1,1.29155,10.3324,2.84084
pfet_03v3,typical,125,2.97,0.50u,8,rlin_at_50mV,0.05,0.0396251,1.26183,10.0946,2.92
pfet_03v3,typical,125,2.97,0.50u,16,drop_at_50mA,0.0313749,0.05,0.627499,10.04,2.93863
pfet_03v3,typical,125,2.97,0.50u,16,drop_at_100mA,0.0633376,0.1,0.633376,10.134,2.90666
pfet_03v3,typical,125,2.97,0.50u,16,rlin_at_50mV,0.05,0.0792503,0.630913,10.0946,2.92
pfet_03v3,typical,125,2.97,1.00u,1,drop_at_50mA,5.68945,0.05,113.789,113.789,-2.71945
pfet_03v3,typical,125,2.97,1.00u,1,drop_at_100mA,7.97199,0.1,79.7199,79.7199,-5.00199
pfet_03v3,typical,125,2.97,1.00u,1,rlin_at_50mV,0.05,0.00250254,19.9797,19.9797,2.92
pfet_03v3,typical,125,2.97,1.00u,2,drop_at_50mA,0.589819,0.05,11.7964,23.5927,2.38018
pfet_03v3,typical,125,2.97,1.00u,2,drop_at_100mA,5.68945,0.1,56.8945,113.789,-2.71945
pfet_03v3,typical,125,2.97,1.00u,2,rlin_at_50mV,0.05,0.00500509,9.98984,19.9797,2.92
pfet_03v3,typical,125,2.97,1.00u,4,drop_at_50mA,0.266196,0.05,5.32392,21.2957,2.7038
pfet_03v3,typical,125,2.97,1.00u,4,drop_at_100mA,0.589819,0.1,5.89819,23.5927,2.38018
pfet_03v3,typical,125,2.97,1.00u,4,rlin_at_50mV,0.05,0.0100102,4.99492,19.9797,2.92
pfet_03v3,typical,125,2.97,1.00u,8,drop_at_50mA,0.127719,0.05,2.55439,20.4351,2.84228
pfet_03v3,typical,125,2.97,1.00u,8,drop_at_100mA,0.266196,0.1,2.66196,21.2957,2.7038
pfet_03v3,typical,125,2.97,1.00u,8,rlin_at_50mV,0.05,0.0200203,2.49746,19.9797,2.92
pfet_03v3,typical,125,2.97,1.00u,16,drop_at_50mA,0.0626644,0.05,1.25329,20.0526,2.90734
pfet_03v3,typical,125,2.97,1.00u,16,drop_at_100mA,0.127719,0.1,1.27719,20.4351,2.84228
pfet_03v3,typical,125,2.97,1.00u,16,rlin_at_50mV,0.05,0.0400407,1.24873,19.9797,2.92
pfet_03v3,typical,125,3.30,0.28u,1,drop_at_50mA,0.286583,0.05,5.73165,5.73165,3.01342
pfet_03v3,typical,125,3.30,0.28u,1,drop_at_100mA,0.632739,0.1,6.32739,6.32739,2.66726
pfet_03v3,typical,125,3.30,0.28u,1,rlin_at_50mV,0.05,0.00930954,5.37084,5.37084,3.25
pfet_03v3,typical,125,3.30,0.28u,2,drop_at_50mA,0.137509,0.05,2.75017,5.50034,3.16249
pfet_03v3,typical,125,3.30,0.28u,2,drop_at_100mA,0.286583,0.1,2.86583,5.73165,3.01342
pfet_03v3,typical,125,3.30,0.28u,2,rlin_at_50mV,0.05,0.0186191,2.68542,5.37084,3.25
pfet_03v3,typical,125,3.30,0.28u,4,drop_at_50mA,0.0674539,0.05,1.34908,5.39631,3.23255
pfet_03v3,typical,125,3.30,0.28u,4,drop_at_100mA,0.137509,0.1,1.37509,5.50034,3.16249
pfet_03v3,typical,125,3.30,0.28u,4,rlin_at_50mV,0.05,0.0372381,1.34271,5.37084,3.25
pfet_03v3,typical,125,3.30,0.28u,8,drop_at_50mA,0.0334175,0.05,0.668349,5.34679,3.26658
pfet_03v3,typical,125,3.30,0.28u,8,drop_at_100mA,0.0674539,0.1,0.674539,5.39631,3.23255
pfet_03v3,typical,125,3.30,0.28u,8,rlin_at_50mV,0.05,0.0744763,0.671355,5.37084,3.25
pfet_03v3,typical,125,3.30,0.28u,16,drop_at_50mA,0.0166332,0.05,0.332663,5.32261,3.28337
pfet_03v3,typical,125,3.30,0.28u,16,drop_at_100mA,0.0334175,0.1,0.334175,5.34679,3.26658
pfet_03v3,typical,125,3.30,0.28u,16,rlin_at_50mV,0.05,0.148953,0.335677,5.37084,3.25
pfet_03v3,typical,125,3.30,0.50u,1,drop_at_50mA,0.524076,0.05,10.4815,10.4815,2.77592
pfet_03v3,typical,125,3.30,0.50u,1,drop_at_100mA,1.34809,0.1,13.4809,13.4809,1.95191
pfet_03v3,typical,125,3.30,0.50u,1,rlin_at_50mV,0.05,0.00541672,9.23068,9.23068,3.25
pfet_03v3,typical,125,3.30,0.50u,2,drop_at_50mA,0.242686,0.05,4.85373,9.70745,3.05731
pfet_03v3,typical,125,3.30,0.50u,2,drop_at_100mA,0.524076,0.1,5.24076,10.4815,2.77592
pfet_03v3,typical,125,3.30,0.50u,2,rlin_at_50mV,0.05,0.0108334,4.61534,9.23068,3.25
pfet_03v3,typical,125,3.30,0.50u,4,drop_at_50mA,0.117412,0.05,2.34825,9.39299,3.18259
pfet_03v3,typical,125,3.30,0.50u,4,drop_at_100mA,0.242686,0.1,2.42686,9.70745,3.05731
pfet_03v3,typical,125,3.30,0.50u,4,rlin_at_50mV,0.05,0.0216669,2.30767,9.23068,3.25
pfet_03v3,typical,125,3.30,0.50u,8,drop_at_50mA,0.0578078,0.05,1.15616,9.24924,3.24219
pfet_03v3,typical,125,3.30,0.50u,8,drop_at_100mA,0.117412,0.1,1.17412,9.39299,3.18259
pfet_03v3,typical,125,3.30,0.50u,8,rlin_at_50mV,0.05,0.0433337,1.15384,9.23068,3.25
pfet_03v3,typical,125,3.30,0.50u,16,drop_at_50mA,0.0286885,0.05,0.573771,9.18033,3.27131
pfet_03v3,typical,125,3.30,0.50u,16,drop_at_100mA,0.0578078,0.1,0.578078,9.24924,3.24219
pfet_03v3,typical,125,3.30,0.50u,16,rlin_at_50mV,0.05,0.0866675,0.576918,9.23068,3.25
pfet_03v3,typical,125,3.30,1.00u,1,drop_at_50mA,1.29897,0.05,25.9795,25.9795,2.00103
pfet_03v3,typical,125,3.30,1.00u,1,drop_at_100mA,7.80487,0.1,78.0487,78.0487,-4.50487
pfet_03v3,typical,125,3.30,1.00u,1,rlin_at_50mV,0.05,0.00276042,18.1132,18.1132,3.25
pfet_03v3,typical,125,3.30,1.00u,2,drop_at_50mA,0.510939,0.05,10.2188,20.4375,2.78906
pfet_03v3,typical,125,3.30,1.00u,2,drop_at_100mA,1.29897,0.1,12.9897,25.9795,2.00103
pfet_03v3,typical,125,3.30,1.00u,2,rlin_at_50mV,0.05,0.00552083,9.05661,18.1132,3.25
pfet_03v3,typical,125,3.30,1.00u,4,drop_at_50mA,0.237467,0.05,4.74933,18.9973,3.06253
pfet_03v3,typical,125,3.30,1.00u,4,drop_at_100mA,0.510939,0.1,5.10939,20.4375,2.78906
pfet_03v3,typical,125,3.30,1.00u,4,rlin_at_50mV,0.05,0.0110417,4.5283,18.1132,3.25
pfet_03v3,typical,125,3.30,1.00u,8,drop_at_50mA,0.115072,0.05,2.30143,18.4115,3.18493
pfet_03v3,typical,125,3.30,1.00u,8,drop_at_100mA,0.237467,0.1,2.37467,18.9973,3.06253
pfet_03v3,typical,125,3.30,1.00u,8,rlin_at_50mV,0.05,0.0220833,2.26415,18.1132,3.25
pfet_03v3,typical,125,3.30,1.00u,16,drop_at_50mA,0.0566985,0.05,1.13397,18.1435,3.2433
pfet_03v3,typical,125,3.30,1.00u,16,drop_at_100mA,0.115072,0.1,1.15072,18.4115,3.18493
pfet_03v3,typical,125,3.30,1.00u,16,rlin_at_50mV,0.05,0.0441667,1.13208,18.1132,3.25
pfet_03v3,typical,125,3.63,0.28u,1,drop_at_50mA,0.265718,0.05,5.31437,5.31437,3.36428
pfet_03v3,typical,125,3.63,0.28u,1,drop_at_100mA,0.575154,0.1,5.75154,5.75154,3.05485
pfet_03v3,typical,125,3.63,0.28u,1,rlin_at_50mV,0.05,0.00992575,5.0374,5.0374,3.58
pfet_03v3,typical,125,3.63,0.28u,2,drop_at_50mA,0.12839,0.05,2.56781,5.13562,3.50161
pfet_03v3,typical,125,3.63,0.28u,2,drop_at_100mA,0.265718,0.1,2.65718,5.31437,3.36428
pfet_03v3,typical,125,3.63,0.28u,2,rlin_at_50mV,0.05,0.0198515,2.5187,5.0374,3.58
pfet_03v3,typical,125,3.63,0.28u,4,drop_at_50mA,0.0631715,0.05,1.26343,5.05372,3.56683
pfet_03v3,typical,125,3.63,0.28u,4,drop_at_100mA,0.12839,0.1,1.2839,5.13562,3.50161
pfet_03v3,typical,125,3.63,0.28u,4,rlin_at_50mV,0.05,0.039703,1.25935,5.0374,3.58
pfet_03v3,typical,125,3.63,0.28u,8,drop_at_50mA,0.0313401,0.05,0.626802,5.01442,3.59866
pfet_03v3,typical,125,3.63,0.28u,8,drop_at_100mA,0.0631715,0.1,0.631715,5.05372,3.56683
pfet_03v3,typical,125,3.63,0.28u,8,rlin_at_50mV,0.05,0.079406,0.629675,5.0374,3.58
pfet_03v3,typical,125,3.63,0.28u,16,drop_at_50mA,0.0156099,0.05,0.312197,4.99516,3.61439
pfet_03v3,typical,125,3.63,0.28u,16,drop_at_100mA,0.0313401,0.1,0.313401,5.01442,3.59866
pfet_03v3,typical,125,3.63,0.28u,16,rlin_at_50mV,0.05,0.158812,0.314838,5.0374,3.58
pfet_03v3,typical,125,3.63,0.50u,1,drop_at_50mA,0.473429,0.05,9.46858,9.46858,3.15657
pfet_03v3,typical,125,3.63,0.50u,1,drop_at_100mA,1.11927,0.1,11.1927,11.1927,2.51073
pfet_03v3,typical,125,3.63,0.50u,1,rlin_at_50mV,0.05,0.00583857,8.56375,8.56375,3.58
pfet_03v3,typical,125,3.63,0.50u,2,drop_at_50mA,0.222883,0.05,4.45767,8.91533,3.40712
pfet_03v3,typical,125,3.63,0.50u,2,drop_at_100mA,0.473429,0.1,4.73429,9.46858,3.15657
pfet_03v3,typical,125,3.63,0.50u,2,rlin_at_50mV,0.05,0.0116771,4.28187,8.56375,3.58
pfet_03v3,typical,125,3.63,0.50u,4,drop_at_50mA,0.108502,0.05,2.17004,8.68015,3.5215
pfet_03v3,typical,125,3.63,0.50u,4,drop_at_100mA,0.222883,0.1,2.22883,8.91533,3.40712
pfet_03v3,typical,125,3.63,0.50u,4,rlin_at_50mV,0.05,0.0233543,2.14094,8.56375,3.58
pfet_03v3,typical,125,3.63,0.50u,8,drop_at_50mA,0.0535673,0.05,1.07135,8.57077,3.57643
pfet_03v3,typical,125,3.63,0.50u,8,drop_at_100mA,0.108502,0.1,1.08502,8.68015,3.5215
pfet_03v3,typical,125,3.63,0.50u,8,rlin_at_50mV,0.05,0.0467085,1.07047,8.56375,3.58
pfet_03v3,typical,125,3.63,0.50u,16,drop_at_50mA,0.0266185,0.05,0.532371,8.51793,3.60338
pfet_03v3,typical,125,3.63,0.50u,16,drop_at_100mA,0.0535673,0.1,0.535673,8.57077,3.57643
pfet_03v3,typical,125,3.63,0.50u,16,rlin_at_50mV,0.05,0.093417,0.535234,8.56375,3.58
pfet_03v3,typical,125,3.63,1.00u,1,drop_at_50mA,1.06682,0.05,21.3364,21.3364,2.56318
pfet_03v3,typical,125,3.63,1.00u,1,drop_at_100mA,7.5979,0.1,75.979,75.979,-3.9679
pfet_03v3,typical,125,3.63,1.00u,1,rlin_at_50mV,0.05,0.00299855,16.6747,16.6747,3.58
pfet_03v3,typical,125,3.63,1.00u,2,drop_at_50mA,0.457447,0.05,9.14894,18.2979,3.17255
pfet_03v3,typical,125,3.63,1.00u,2,drop_at_100mA,1.06682,0.1,10.6682,21.3364,2.56318
pfet_03v3,typical,125,3.63,1.00u,2,rlin_at_50mV,0.05,0.0059971,8.33736,16.6747,3.58
pfet_03v3,typical,125,3.63,1.00u,4,drop_at_50mA,0.216307,0.05,4.32614,17.3046,3.41369
pfet_03v3,typical,125,3.63,1.00u,4,drop_at_100mA,0.457447,0.1,4.57447,18.2979,3.17255
pfet_03v3,typical,125,3.63,1.00u,4,rlin_at_50mV,0.05,0.0119942,4.16868,16.6747,3.58
pfet_03v3,typical,125,3.63,1.00u,8,drop_at_50mA,0.105502,0.05,2.11003,16.8803,3.5245
pfet_03v3,typical,125,3.63,1.00u,8,drop_at_100mA,0.216307,0.1,2.16307,17.3046,3.41369
pfet_03v3,typical,125,3.63,1.00u,8,rlin_at_50mV,0.05,0.0239884,2.08434,16.6747,3.58
pfet_03v3,typical,125,3.63,1.00u,16,drop_at_50mA,0.0521329,0.05,1.04266,16.6825,3.57787
pfet_03v3,typical,125,3.63,1.00u,16,drop_at_100mA,0.105502,0.1,1.05502,16.8803,3.5245
pfet_03v3,typical,125,3.63,1.00u,16,rlin_at_50mV,0.05,0.0479768,1.04217,16.6747,3.58
pfet_03v3,ff,-40,2.10,0.28u,1,drop_at_50mA,0.265767,0.05,5.31533,5.31533,1.83423
pfet_03v3,ff,-40,2.10,0.28u,1,drop_at_100mA,0.673418,0.1,6.73418,6.73418,1.42658
pfet_03v3,ff,-40,2.10,0.28u,1,rlin_at_50mV,0.05,0.010549,4.73978,4.73978,2.05
pfet_03v3,ff,-40,2.10,0.28u,2,drop_at_50mA,0.123101,0.05,2.46202,4.92404,1.9769
pfet_03v3,ff,-40,2.10,0.28u,2,drop_at_100mA,0.265767,0.1,2.65767,5.31533,1.83423
pfet_03v3,ff,-40,2.10,0.28u,2,rlin_at_50mV,0.05,0.021098,2.36989,4.73978,2.05
pfet_03v3,ff,-40,2.10,0.28u,4,drop_at_50mA,0.0595407,0.05,1.19081,4.76325,2.04046
pfet_03v3,ff,-40,2.10,0.28u,4,drop_at_100mA,0.123101,0.1,1.23101,4.92404,1.9769
pfet_03v3,ff,-40,2.10,0.28u,4,rlin_at_50mV,0.05,0.042196,1.18495,4.73978,2.05
pfet_03v3,ff,-40,2.10,0.28u,8,drop_at_50mA,0.0293091,0.05,0.586181,4.68945,2.07069
pfet_03v3,ff,-40,2.10,0.28u,8,drop_at_100mA,0.0595407,0.1,0.595407,4.76325,2.04046
pfet_03v3,ff,-40,2.10,0.28u,8,rlin_at_50mV,0.05,0.0843921,0.592473,4.73978,2.05
pfet_03v3,ff,-40,2.10,0.28u,16,drop_at_50mA,0.0145438,0.05,0.290875,4.65401,2.08546
pfet_03v3,ff,-40,2.10,0.28u,16,drop_at_100mA,0.0293091,0.1,0.293091,4.68945,2.07069
pfet_03v3,ff,-40,2.10,0.28u,16,rlin_at_50mV,0.05,0.168784,0.296236,4.73978,2.05
pfet_03v3,ff,-40,2.10,0.50u,1,drop_at_50mA,0.541804,0.05,10.8361,10.8361,1.5582
pfet_03v3,ff,-40,2.10,0.50u,1,drop_at_100mA,6.20474,0.1,62.0474,62.0474,-4.10474
pfet_03v3,ff,-40,2.10,0.50u,1,rlin_at_50mV,0.05,0.00607627,8.22873,8.22873,2.05
pfet_03v3,ff,-40,2.10,0.50u,2,drop_at_50mA,0.225613,0.05,4.51225,9.02451,1.87439
pfet_03v3,ff,-40,2.10,0.50u,2,drop_at_100mA,0.541804,0.1,5.41804,10.8361,1.5582
pfet_03v3,ff,-40,2.10,0.50u,2,rlin_at_50mV,0.05,0.0121525,4.11436,8.22873,2.05
pfet_03v3,ff,-40,2.10,0.50u,4,drop_at_50mA,0.105858,0.05,2.11716,8.46863,1.99414
pfet_03v3,ff,-40,2.10,0.50u,4,drop_at_100mA,0.225613,0.1,2.25613,9.02451,1.87439
pfet_03v3,ff,-40,2.10,0.50u,4,rlin_at_50mV,0.05,0.0243051,2.05718,8.22873,2.05
pfet_03v3,ff,-40,2.10,0.50u,8,drop_at_50mA,0.0514681,0.05,1.02936,8.23489,2.04853
pfet_03v3,ff,-40,2.10,0.50u,8,drop_at_100mA,0.105858,0.1,1.05858,8.46863,1.99414
pfet_03v3,ff,-40,2.10,0.50u,8,rlin_at_50mV,0.05,0.0486102,1.02859,8.22873,2.05
pfet_03v3,ff,-40,2.10,0.50u,16,drop_at_50mA,0.0253957,0.05,0.507915,8.12664,2.0746
pfet_03v3,ff,-40,2.10,0.50u,16,drop_at_100mA,0.0514681,0.1,0.514681,8.23489,2.04853
pfet_03v3,ff,-40,2.10,0.50u,16,rlin_at_50mV,0.05,0.0972203,0.514296,8.22873,2.05
pfet_03v3,ff,-40,2.10,1.00u,1,drop_at_50mA,6.41028,0.05,128.206,128.206,-4.31028
pfet_03v3,ff,-40,2.10,1.00u,1,drop_at_100mA,7.67792,0.1,76.7792,76.7792,-5.57792
pfet_03v3,ff,-40,2.10,1.00u,1,rlin_at_50mV,0.05,0.00307694,16.2499,16.2499,2.05
pfet_03v3,ff,-40,2.10,1.00u,2,drop_at_50mA,0.535527,0.05,10.7105,21.4211,1.56447
pfet_03v3,ff,-40,2.10,1.00u,2,drop_at_100mA,6.41028,0.1,64.1028,128.206,-4.31028
pfet_03v3,ff,-40,2.10,1.00u,2,rlin_at_50mV,0.05,0.00615387,8.12497,16.2499,2.05
pfet_03v3,ff,-40,2.10,1.00u,4,drop_at_50mA,0.222446,0.05,4.44892,17.7957,1.87755
pfet_03v3,ff,-40,2.10,1.00u,4,drop_at_100mA,0.535527,0.1,5.35527,21.4211,1.56447
pfet_03v3,ff,-40,2.10,1.00u,4,rlin_at_50mV,0.05,0.0123077,4.06248,16.2499,2.05
pfet_03v3,ff,-40,2.10,1.00u,8,drop_at_50mA,0.10444,0.05,2.0888,16.7104,1.99556
pfet_03v3,ff,-40,2.10,1.00u,8,drop_at_100mA,0.222446,0.1,2.22446,17.7957,1.87755
pfet_03v3,ff,-40,2.10,1.00u,8,rlin_at_50mV,0.05,0.0246155,2.03124,16.2499,2.05
pfet_03v3,ff,-40,2.10,1.00u,16,drop_at_50mA,0.0508017,0.05,1.01603,16.2565,2.0492
pfet_03v3,ff,-40,2.10,1.00u,16,drop_at_100mA,0.10444,0.1,1.0444,16.7104,1.99556
pfet_03v3,ff,-40,2.10,1.00u,16,rlin_at_50mV,0.05,0.049231,1.01562,16.2499,2.05
pfet_03v3,ff,-40,2.97,0.28u,1,drop_at_50mA,0.189116,0.05,3.78232,3.78232,2.78088
pfet_03v3,ff,-40,2.97,0.28u,1,drop_at_100mA,0.409047,0.1,4.09047,4.09047,2.56095
pfet_03v3,ff,-40,2.97,0.28u,1,rlin_at_50mV,0.05,0.013875,3.6036,3.6036,2.92
pfet_03v3,ff,-40,2.97,0.28u,2,drop_at_50mA,0.091389,0.05,1.82778,3.65556,2.87861
pfet_03v3,ff,-40,2.97,0.28u,2,drop_at_100mA,0.189116,0.1,1.89116,3.78232,2.78088
pfet_03v3,ff,-40,2.97,0.28u,2,rlin_at_50mV,0.05,0.02775,1.8018,3.6036,2.92
pfet_03v3,ff,-40,2.97,0.28u,4,drop_at_50mA,0.0449669,0.05,0.899338,3.59735,2.92503
pfet_03v3,ff,-40,2.97,0.28u,4,drop_at_100mA,0.091389,0.1,0.91389,3.65556,2.87861
pfet_03v3,ff,-40,2.97,0.28u,4,rlin_at_50mV,0.05,0.0555,0.9009,3.6036,2.92
pfet_03v3,ff,-40,2.97,0.28u,8,drop_at_50mA,0.0223087,0.05,0.446174,3.56939,2.94769
pfet_03v3,ff,-40,2.97,0.28u,8,drop_at_100mA,0.0449669,0.1,0.449669,3.59735,2.92503
pfet_03v3,ff,-40,2.97,0.28u,8,rlin_at_50mV,0.05,0.111,0.45045,3.6036,2.92
pfet_03v3,ff,-40,2.97,0.28u,16,drop_at_50mA,0.0111115,0.05,0.22223,3.55568,2.95889
pfet_03v3,ff,-40,2.97,0.28u,16,drop_at_100mA,0.0223087,0.1,0.223087,3.56939,2.94769
pfet_03v3,ff,-40,2.97,0.28u,16,rlin_at_50mV,0.05,0.222,0.225225,3.6036,2.92
pfet_03v3,ff,-40,2.97,0.50u,1,drop_at_50mA,0.327076,0.05,6.54152,6.54152,2.64292
pfet_03v3,ff,-40,2.97,0.50u,1,drop_at_100mA,0.765406,0.1,7.65406,7.65406,2.20459
pfet_03v3,ff,-40,2.97,0.50u,1,rlin_at_50mV,0.05,0.00838093,5.96592,5.96592,2.92
pfet_03v3,ff,-40,2.97,0.50u,2,drop_at_50mA,0.154322,0.05,3.08644,6.17288,2.81568
pfet_03v3,ff,-40,2.97,0.50u,2,drop_at_100mA,0.327076,0.1,3.27076,6.54152,2.64292
pfet_03v3,ff,-40,2.97,0.50u,2,rlin_at_50mV,0.05,0.0167619,2.98296,5.96592,2.92
pfet_03v3,ff,-40,2.97,0.50u,4,drop_at_50mA,0.075186,0.05,1.50372,6.01488,2.89481
pfet_03v3,ff,-40,2.97,0.50u,4,drop_at_100mA,0.154322,0.1,1.54322,6.17288,2.81568
pfet_03v3,ff,-40,2.97,0.50u,4,rlin_at_50mV,0.05,0.0335237,1.49148,5.96592,2.92
pfet_03v3,ff,-40,2.97,0.50u,8,drop_at_50mA,0.0371322,0.05,0.742644,5.94115,2.93287
pfet_03v3,ff,-40,2.97,0.50u,8,drop_at_100mA,0.075186,0.1,0.75186,6.01488,2.89481
pfet_03v3,ff,-40,2.97,0.50u,8,rlin_at_50mV,0.05,0.0670475,0.74574,5.96592,2.92
pfet_03v3,ff,-40,2.97,0.50u,16,drop_at_50mA,0.0184546,0.05,0.369093,5.90548,2.95155
pfet_03v3,ff,-40,2.97,0.50u,16,drop_at_100mA,0.0371322,0.1,0.371322,5.94115,2.93287
pfet_03v3,ff,-40,2.97,0.50u,16,rlin_at_50mV,0.05,0.134095,0.37287,5.96592,2.92
pfet_03v3,ff,-40,2.97,1.00u,1,drop_at_50mA,0.715715,0.05,14.3143,14.3143,2.25428
pfet_03v3,ff,-40,2.97,1.00u,1,drop_at_100mA,6.68314,0.1,66.8314,66.8314,-3.71314
pfet_03v3,ff,-40,2.97,1.00u,1,rlin_at_50mV,0.05,0.00436797,11.447,11.447,2.92
pfet_03v3,ff,-40,2.97,1.00u,2,drop_at_50mA,0.310938,0.05,6.21875,12.4375,2.65906
pfet_03v3,ff,-40,2.97,1.00u,2,drop_at_100mA,0.715715,0.1,7.15715,14.3143,2.25428
pfet_03v3,ff,-40,2.97,1.00u,2,rlin_at_50mV,0.05,0.00873593,5.72349,11.447,2.92
pfet_03v3,ff,-40,2.97,1.00u,4,drop_at_50mA,0.147502,0.05,2.95004,11.8002,2.8225
pfet_03v3,ff,-40,2.97,1.00u,4,drop_at_100mA,0.310938,0.1,3.10938,12.4375,2.65906
pfet_03v3,ff,-40,2.97,1.00u,4,rlin_at_50mV,0.05,0.0174719,2.86174,11.447,2.92
pfet_03v3,ff,-40,2.97,1.00u,8,drop_at_50mA,0.0720321,0.05,1.44064,11.5251,2.89797
pfet_03v3,ff,-40,2.97,1.00u,8,drop_at_100mA,0.147502,0.1,1.47502,11.8002,2.8225
pfet_03v3,ff,-40,2.97,1.00u,8,rlin_at_50mV,0.05,0.0349437,1.43087,11.447,2.92
pfet_03v3,ff,-40,2.97,1.00u,16,drop_at_50mA,0.0356139,0.05,0.712278,11.3964,2.93439
pfet_03v3,ff,-40,2.97,1.00u,16,drop_at_100mA,0.0720321,0.1,0.720321,11.5251,2.89797
pfet_03v3,ff,-40,2.97,1.00u,16,rlin_at_50mV,0.05,0.0698874,0.715436,11.447,2.92
pfet_03v3,ff,-40,3.30,0.28u,1,drop_at_50mA,0.176022,0.05,3.52044,3.52044,3.12398
pfet_03v3,ff,-40,3.30,0.28u,1,drop_at_100mA,0.374753,0.1,3.74753,3.74753,2.92525
pfet_03v3,ff,-40,3.30,0.28u,1,rlin_at_50mV,0.05,0.0147672,3.38588,3.38588,3.25
pfet_03v3,ff,-40,3.30,0.28u,2,drop_at_50mA,0.0855793,0.05,1.71159,3.42317,3.21442
pfet_03v3,ff,-40,3.30,0.28u,2,drop_at_100mA,0.176022,0.1,1.76022,3.52044,3.12398
pfet_03v3,ff,-40,3.30,0.28u,2,rlin_at_50mV,0.05,0.0295344,1.69294,3.38588,3.25
pfet_03v3,ff,-40,3.30,0.28u,4,drop_at_50mA,0.0422225,0.05,0.844451,3.3778,3.25778
pfet_03v3,ff,-40,3.30,0.28u,4,drop_at_100mA,0.0855793,0.1,0.855793,3.42317,3.21442
pfet_03v3,ff,-40,3.30,0.28u,4,rlin_at_50mV,0.05,0.0590688,0.846471,3.38588,3.25
pfet_03v3,ff,-40,3.30,0.28u,8,drop_at_50mA,0.0209741,0.05,0.419482,3.35585,3.27903
pfet_03v3,ff,-40,3.30,0.28u,8,drop_at_100mA,0.0422225,0.1,0.422225,3.3778,3.25778
pfet_03v3,ff,-40,3.30,0.28u,8,rlin_at_50mV,0.05,0.118138,0.423235,3.38588,3.25
pfet_03v3,ff,-40,3.30,0.28u,16,drop_at_50mA,0.0104533,0.05,0.209066,3.34506,3.28955
pfet_03v3,ff,-40,3.30,0.28u,16,drop_at_100mA,0.0209741,0.1,0.209741,3.35585,3.27903
pfet_03v3,ff,-40,3.30,0.28u,16,rlin_at_50mV,0.05,0.236275,0.211618,3.38588,3.25
pfet_03v3,ff,-40,3.30,0.50u,1,drop_at_50mA,0.297768,0.05,5.95536,5.95536,3.00223
pfet_03v3,ff,-40,3.30,0.50u,1,drop_at_100mA,0.666732,0.1,6.66732,6.66732,2.63327
pfet_03v3,ff,-40,3.30,0.50u,1,rlin_at_50mV,0.05,0.0090222,5.54188,5.54188,3.25
pfet_03v3,ff,-40,3.30,0.50u,2,drop_at_50mA,0.142262,0.05,2.84525,5.6905,3.15774
pfet_03v3,ff,-40,3.30,0.50u,2,drop_at_100mA,0.297768,0.1,2.97768,5.95536,3.00223
pfet_03v3,ff,-40,3.30,0.50u,2,rlin_at_50mV,0.05,0.0180444,2.77094,5.54188,3.25
pfet_03v3,ff,-40,3.30,0.50u,4,drop_at_50mA,0.0696631,0.05,1.39326,5.57305,3.23034
pfet_03v3,ff,-40,3.30,0.50u,4,drop_at_100mA,0.142262,0.1,1.42262,5.6905,3.15774
pfet_03v3,ff,-40,3.30,0.50u,4,rlin_at_50mV,0.05,0.0360888,1.38547,5.54188,3.25
pfet_03v3,ff,-40,3.30,0.50u,8,drop_at_50mA,0.0344842,0.05,0.689685,5.51748,3.26552
pfet_03v3,ff,-40,3.30,0.50u,8,drop_at_100mA,0.0696631,0.1,0.696631,5.57305,3.23034
pfet_03v3,ff,-40,3.30,0.50u,8,rlin_at_50mV,0.05,0.0721776,0.692735,5.54188,3.25
pfet_03v3,ff,-40,3.30,0.50u,16,drop_at_50mA,0.0171576,0.05,0.343151,5.49042,3.28284
pfet_03v3,ff,-40,3.30,0.50u,16,drop_at_100mA,0.0344842,0.1,0.344842,5.51748,3.26552
pfet_03v3,ff,-40,3.30,0.50u,16,rlin_at_50mV,0.05,0.144355,0.346368,5.54188,3.25
pfet_03v3,ff,-40,3.30,1.00u,1,drop_at_50mA,0.620289,0.05,12.4058,12.4058,2.67971
pfet_03v3,ff,-40,3.30,1.00u,1,drop_at_100mA,2.99202,0.1,29.9202,29.9202,0.30798
pfet_03v3,ff,-40,3.30,1.00u,1,rlin_at_50mV,0.05,0.00473867,10.5515,10.5515,3.25
pfet_03v3,ff,-40,3.30,1.00u,2,drop_at_50mA,0.280993,0.05,5.61986,11.2397,3.01901
pfet_03v3,ff,-40,3.30,1.00u,2,drop_at_100mA,0.620289,0.1,6.20289,12.4058,2.67971
pfet_03v3,ff,-40,3.30,1.00u,2,rlin_at_50mV,0.05,0.00947734,5.27574,10.5515,3.25
pfet_03v3,ff,-40,3.30,1.00u,4,drop_at_50mA,0.134947,0.05,2.69894,10.7958,3.16505
pfet_03v3,ff,-40,3.30,1.00u,4,drop_at_100mA,0.280993,0.1,2.80993,11.2397,3.01901
pfet_03v3,ff,-40,3.30,1.00u,4,rlin_at_50mV,0.05,0.0189547,2.63787,10.5515,3.25
pfet_03v3,ff,-40,3.30,1.00u,8,drop_at_50mA,0.0662339,0.05,1.32468,10.5974,3.23377
pfet_03v3,ff,-40,3.30,1.00u,8,drop_at_100mA,0.134947,0.1,1.34947,10.7958,3.16505
pfet_03v3,ff,-40,3.30,1.00u,8,rlin_at_50mV,0.05,0.0379094,1.31894,10.5515,3.25
pfet_03v3,ff,-40,3.30,1.00u,16,drop_at_50mA,0.0328227,0.05,0.656453,10.5033,3.26718
pfet_03v3,ff,-40,3.30,1.00u,16,drop_at_100mA,0.0662339,0.1,0.662339,10.5974,3.23377
pfet_03v3,ff,-40,3.30,1.00u,16,rlin_at_50mV,0.05,0.0758187,0.659468,10.5515,3.25
pfet_03v3,ff,-40,3.63,0.28u,1,drop_at_50mA,0.16648,0.05,3.32961,3.32961,3.46352
pfet_03v3,ff,-40,3.63,0.28u,1,drop_at_100mA,0.350734,0.1,3.50734,3.50734,3.27927
pfet_03v3,ff,-40,3.63,0.28u,1,rlin_at_50mV,0.05,0.015512,3.2233,3.2233,3.58
pfet_03v3,ff,-40,3.63,0.28u,2,drop_at_50mA,0.0812855,0.05,1.62571,3.25142,3.54871
pfet_03v3,ff,-40,3.63,0.28u,2,drop_at_100mA,0.16648,0.1,1.6648,3.32961,3.46352
pfet_03v3,ff,-40,3.63,0.28u,2,rlin_at_50mV,0.05,0.0310241,1.61165,3.2233,3.58
pfet_03v3,ff,-40,3.63,0.28u,4,drop_at_50mA,0.0401818,0.05,0.803637,3.21455,3.58982
pfet_03v3,ff,-40,3.63,0.28u,4,drop_at_100mA,0.0812855,0.1,0.812855,3.25142,3.54871
pfet_03v3,ff,-40,3.63,0.28u,4,rlin_at_50mV,0.05,0.0620481,0.805826,3.2233,3.58
pfet_03v3,ff,-40,3.63,0.28u,8,drop_at_50mA,0.0199789,0.05,0.399578,3.19662,3.61002
pfet_03v3,ff,-40,3.63,0.28u,8,drop_at_100mA,0.0401818,0.1,0.401818,3.21455,3.58982
pfet_03v3,ff,-40,3.63,0.28u,8,rlin_at_50mV,0.05,0.124096,0.402913,3.2233,3.58
pfet_03v3,ff,-40,3.63,0.28u,16,drop_at_50mA,0.00996181,0.05,0.199236,3.18778,3.62004
pfet_03v3,ff,-40,3.63,0.28u,16,drop_at_100mA,0.0199789,0.1,0.199789,3.19662,3.61002
pfet_03v3,ff,-40,3.63,0.28u,16,rlin_at_50mV,0.05,0.248193,0.201457,3.2233,3.58
pfet_03v3,ff,-40,3.63,0.50u,1,drop_at_50mA,0.277183,0.05,5.54365,5.54365,3.35282
pfet_03v3,ff,-40,3.63,0.50u,1,drop_at_100mA,0.605428,0.1,6.05428,6.05428,3.02457
pfet_03v3,ff,-40,3.63,0.50u,1,rlin_at_50mV,0.05,0.00956389,5.228,5.228,3.58
pfet_03v3,ff,-40,3.63,0.50u,2,drop_at_50mA,0.13352,0.05,2.67039,5.34078,3.49648
pfet_03v3,ff,-40,3.63,0.50u,2,drop_at_100mA,0.277183,0.1,2.77183,5.54365,3.35282
pfet_03v3,ff,-40,3.63,0.50u,2,rlin_at_50mV,0.05,0.0191278,2.614,5.228,3.58
pfet_03v3,ff,-40,3.63,0.50u,4,drop_at_50mA,0.06561,0.05,1.3122,5.2488,3.56439
pfet_03v3,ff,-40,3.63,0.50u,4,drop_at_100mA,0.13352,0.1,1.3352,5.34078,3.49648
pfet_03v3,ff,-40,3.63,0.50u,4,rlin_at_50mV,0.05,0.0382556,1.307,5.228,3.58
pfet_03v3,ff,-40,3.63,0.50u,8,drop_at_50mA,0.0325304,0.05,0.650608,5.20486,3.59747
pfet_03v3,ff,-40,3.63,0.50u,8,drop_at_100mA,0.06561,0.1,0.6561,5.2488,3.56439
pfet_03v3,ff,-40,3.63,0.50u,8,rlin_at_50mV,0.05,0.0765111,0.6535,5.228,3.58
pfet_03v3,ff,-40,3.63,0.50u,16,drop_at_50mA,0.016198,0.05,0.323961,5.18338,3.6138
pfet_03v3,ff,-40,3.63,0.50u,16,drop_at_100mA,0.0325304,0.1,0.325304,5.20486,3.59747
pfet_03v3,ff,-40,3.63,0.50u,16,rlin_at_50mV,0.05,0.153022,0.32675,5.228,3.58
pfet_03v3,ff,-40,3.63,1.00u,1,drop_at_50mA,0.560891,0.05,11.2178,11.2178,3.06911
pfet_03v3,ff,-40,3.63,1.00u,1,drop_at_100mA,1.4398,0.1,14.398,14.398,2.1902
pfet_03v3,ff,-40,3.63,1.00u,1,rlin_at_50mV,0.05,0.00505503,9.89113,9.89113,3.58
pfet_03v3,ff,-40,3.63,1.00u,2,drop_at_50mA,0.260044,0.05,5.20088,10.4018,3.36996
pfet_03v3,ff,-40,3.63,1.00u,2,drop_at_100mA,0.560891,0.1,5.60891,11.2178,3.06911
pfet_03v3,ff,-40,3.63,1.00u,2,rlin_at_50mV,0.05,0.0101101,4.94557,9.89113,3.58
pfet_03v3,ff,-40,3.63,1.00u,4,drop_at_50mA,0.125881,0.05,2.51762,10.0705,3.50412
pfet_03v3,ff,-40,3.63,1.00u,4,drop_at_100mA,0.260044,0.1,2.60044,10.4018,3.36996
pfet_03v3,ff,-40,3.63,1.00u,4,rlin_at_50mV,0.05,0.0202201,2.47278,9.89113,3.58
pfet_03v3,ff,-40,3.63,1.00u,8,drop_at_50mA,0.0619945,0.05,1.23989,9.91911,3.56801
pfet_03v3,ff,-40,3.63,1.00u,8,drop_at_100mA,0.125881,0.1,1.25881,10.0705,3.50412
pfet_03v3,ff,-40,3.63,1.00u,8,rlin_at_50mV,0.05,0.0404403,1.23639,9.89113,3.58
pfet_03v3,ff,-40,3.63,1.00u,16,drop_at_50mA,0.0307705,0.05,0.61541,9.84655,3.59923
pfet_03v3,ff,-40,3.63,1.00u,16,drop_at_100mA,0.0619945,0.1,0.619945,9.91911,3.56801
pfet_03v3,ff,-40,3.63,1.00u,16,rlin_at_50mV,0.05,0.0808805,0.618196,9.89113,3.58
pfet_03v3,ff,27,2.10,0.28u,1,drop_at_50mA,0.319573,0.05,6.39145,6.39145,1.78043
pfet_03v3,ff,27,2.10,0.28u,1,drop_at_100mA,0.859729,0.1,8.59729,8.59729,1.24027
pfet_03v3,ff,27,2.10,0.28u,1,rlin_at_50mV,0.05,0.008921,5.60475,5.60475,2.05
pfet_03v3,ff,27,2.10,0.28u,2,drop_at_50mA,0.14673,0.05,2.93459,5.86918,1.95327
pfet_03v3,ff,27,2.10,0.28u,2,drop_at_100mA,0.319573,0.1,3.19573,6.39145,1.78043
pfet_03v3,ff,27,2.10,0.28u,2,rlin_at_50mV,0.05,0.017842,2.80238,5.60475,2.05
pfet_03v3,ff,27,2.10,0.28u,4,drop_at_50mA,0.0707493,0.05,1.41499,5.65994,2.02925
pfet_03v3,ff,27,2.10,0.28u,4,drop_at_100mA,0.14673,0.1,1.4673,5.86918,1.95327
pfet_03v3,ff,27,2.10,0.28u,4,rlin_at_50mV,0.05,0.035684,1.40119,5.60475,2.05
pfet_03v3,ff,27,2.10,0.28u,8,drop_at_50mA,0.0347799,0.05,0.695598,5.56478,2.06522
pfet_03v3,ff,27,2.10,0.28u,8,drop_at_100mA,0.0707493,0.1,0.707493,5.65994,2.02925
pfet_03v3,ff,27,2.10,0.28u,8,rlin_at_50mV,0.05,0.071368,0.700594,5.60475,2.05
pfet_03v3,ff,27,2.10,0.28u,16,drop_at_50mA,0.0172477,0.05,0.344954,5.51927,2.08275
pfet_03v3,ff,27,2.10,0.28u,16,drop_at_100mA,0.0347799,0.1,0.347799,5.56478,2.06522
pfet_03v3,ff,27,2.10,0.28u,16,rlin_at_50mV,0.05,0.142736,0.350297,5.60475,2.05
pfet_03v3,ff,27,2.10,0.50u,1,drop_at_50mA,0.708936,0.05,14.1787,14.1787,1.39106
pfet_03v3,ff,27,2.10,0.50u,1,drop_at_100mA,6.63692,0.1,66.3692,66.3692,-4.53692
pfet_03v3,ff,27,2.10,0.50u,1,rlin_at_50mV,0.05,0.00500316,9.99369,9.99369,2.05
pfet_03v3,ff,27,2.10,0.50u,2,drop_at_50mA,0.279384,0.05,5.58769,11.1754,1.82062
pfet_03v3,ff,27,2.10,0.50u,2,drop_at_100mA,0.708936,0.1,7.08936,14.1787,1.39106
pfet_03v3,ff,27,2.10,0.50u,2,rlin_at_50mV,0.05,0.0100063,4.99684,9.99369,2.05
pfet_03v3,ff,27,2.10,0.50u,4,drop_at_50mA,0.129738,0.05,2.59477,10.3791,1.97026
pfet_03v3,ff,27,2.10,0.50u,4,drop_at_100mA,0.279384,0.1,2.79384,11.1754,1.82062
pfet_03v3,ff,27,2.10,0.50u,4,rlin_at_50mV,0.05,0.0200126,2.49842,9.99369,2.05
pfet_03v3,ff,27,2.10,0.50u,8,drop_at_50mA,0.0628379,0.05,1.25676,10.0541,2.03716
pfet_03v3,ff,27,2.10,0.50u,8,drop_at_100mA,0.129738,0.1,1.29738,10.3791,1.97026
pfet_03v3,ff,27,2.10,0.50u,8,rlin_at_50mV,0.05,0.0400253,1.24921,9.99369,2.05
pfet_03v3,ff,27,2.10,0.50u,16,drop_at_50mA,0.0309539,0.05,0.619078,9.90525,2.06905
pfet_03v3,ff,27,2.10,0.50u,16,drop_at_100mA,0.0628379,0.1,0.628379,10.0541,2.03716
pfet_03v3,ff,27,2.10,0.50u,16,rlin_at_50mV,0.05,0.0800505,0.624605,9.99369,2.05
pfet_03v3,ff,27,2.10,1.00u,1,drop_at_50mA,6.81422,0.05,136.284,136.284,-4.71422
pfet_03v3,ff,27,2.10,1.00u,1,drop_at_100mA,7.99128,0.1,79.9128,79.9128,-5.89128
pfet_03v3,ff,27,2.10,1.00u,1,rlin_at_50mV,0.05,0.00249063,20.0752,20.0752,2.05
pfet_03v3,ff,27,2.10,1.00u,2,drop_at_50mA,0.73121,0.05,14.6242,29.2484,1.36879
pfet_03v3,ff,27,2.10,1.00u,2,drop_at_100mA,6.81422,0.1,68.1422,136.284,-4.71422
pfet_03v3,ff,27,2.10,1.00u,2,rlin_at_50mV,0.05,0.00498126,10.0376,20.0752,2.05
pfet_03v3,ff,27,2.10,1.00u,4,drop_at_50mA,0.281371,0.05,5.62742,22.5097,1.81863
pfet_03v3,ff,27,2.10,1.00u,4,drop_at_100mA,0.73121,0.1,7.3121,29.2484,1.36879
pfet_03v3,ff,27,2.10,1.00u,4,rlin_at_50mV,0.05,0.00996252,5.01881,20.0752,2.05
pfet_03v3,ff,27,2.10,1.00u,8,drop_at_50mA,0.130395,0.05,2.6079,20.8632,1.96961
pfet_03v3,ff,27,2.10,1.00u,8,drop_at_100mA,0.281371,0.1,2.81371,22.5097,1.81863
pfet_03v3,ff,27,2.10,1.00u,8,rlin_at_50mV,0.05,0.019925,2.5094,20.0752,2.05
pfet_03v3,ff,27,2.10,1.00u,16,drop_at_50mA,0.0631252,0.05,1.2625,20.2001,2.03687
pfet_03v3,ff,27,2.10,1.00u,16,drop_at_100mA,0.130395,0.1,1.30395,20.8632,1.96961
pfet_03v3,ff,27,2.10,1.00u,16,rlin_at_50mV,0.05,0.0398501,1.2547,20.0752,2.05
pfet_03v3,ff,27,2.97,0.28u,1,drop_at_50mA,0.225802,0.05,4.51604,4.51604,2.7442
pfet_03v3,ff,27,2.97,0.28u,1,drop_at_100mA,0.493687,0.1,4.93687,4.93687,2.47631
pfet_03v3,ff,27,2.97,0.28u,1,rlin_at_50mV,0.05,0.0117174,4.26716,4.26716,2.92
pfet_03v3,ff,27,2.97,0.28u,2,drop_at_50mA,0.108702,0.05,2.17403,4.34807,2.8613
pfet_03v3,ff,27,2.97,0.28u,2,drop_at_100mA,0.225802,0.1,2.25802,4.51604,2.7442
pfet_03v3,ff,27,2.97,0.28u,2,rlin_at_50mV,0.05,0.0234348,2.13358,4.26716,2.92
pfet_03v3,ff,27,2.97,0.28u,4,drop_at_50mA,0.0533973,0.05,1.06795,4.27178,2.9166
pfet_03v3,ff,27,2.97,0.28u,4,drop_at_100mA,0.108702,0.1,1.08702,4.34807,2.8613
pfet_03v3,ff,27,2.97,0.28u,4,rlin_at_50mV,0.05,0.0468696,1.06679,4.26716,2.92
pfet_03v3,ff,27,2.97,0.28u,8,drop_at_50mA,0.0264708,0.05,0.529415,4.23532,2.94353
pfet_03v3,ff,27,2.97,0.28u,8,drop_at_100mA,0.0533973,0.1,0.533973,4.27178,2.9166
pfet_03v3,ff,27,2.97,0.28u,8,rlin_at_50mV,0.05,0.0937392,0.533395,4.26716,2.92
pfet_03v3,ff,27,2.97,0.28u,16,drop_at_50mA,0.0131796,0.05,0.263593,4.21748,2.95682
pfet_03v3,ff,27,2.97,0.28u,16,drop_at_100mA,0.0264708,0.1,0.264708,4.23532,2.94353
pfet_03v3,ff,27,2.97,0.28u,16,rlin_at_50mV,0.05,0.187478,0.266698,4.26716,2.92
pfet_03v3,ff,27,2.97,0.50u,1,drop_at_50mA,0.405596,0.05,8.11192,8.11192,2.5644
pfet_03v3,ff,27,2.97,0.50u,1,drop_at_100mA,0.994827,0.1,9.94827,9.94827,1.97517
pfet_03v3,ff,27,2.97,0.50u,1,rlin_at_50mV,0.05,0.00688797,7.25904,7.25904,2.92
pfet_03v3,ff,27,2.97,0.50u,2,drop_at_50mA,0.189377,0.05,3.78754,7.57507,2.78062
pfet_03v3,ff,27,2.97,0.50u,2,drop_at_100mA,0.405596,0.1,4.05596,8.11192,2.5644
pfet_03v3,ff,27,2.97,0.50u,2,rlin_at_50mV,0.05,0.0137759,3.62952,7.25904,2.92
pfet_03v3,ff,27,2.97,0.50u,4,drop_at_50mA,0.0918969,0.05,1.83794,7.35176,2.8781
pfet_03v3,ff,27,2.97,0.50u,4,drop_at_100mA,0.189377,0.1,1.89377,7.57507,2.78062
pfet_03v3,ff,27,2.97,0.50u,4,rlin_at_50mV,0.05,0.0275519,1.81476,7.25904,2.92
pfet_03v3,ff,27,2.97,0.50u,8,drop_at_50mA,0.0453048,0.05,0.906096,7.24876,2.9247
pfet_03v3,ff,27,2.97,0.50u,8,drop_at_100mA,0.0918969,0.1,0.918969,7.35176,2.8781
pfet_03v3,ff,27,2.97,0.50u,8,rlin_at_50mV,0.05,0.0551037,0.90738,7.25904,2.92
pfet_03v3,ff,27,2.97,0.50u,16,drop_at_50mA,0.0224975,0.05,0.44995,7.1992,2.9475
pfet_03v3,ff,27,2.97,0.50u,16,drop_at_100mA,0.0453048,0.1,0.453048,7.24876,2.9247
pfet_03v3,ff,27,2.97,0.50u,16,rlin_at_50mV,0.05,0.110207,0.45369,7.25904,2.92
pfet_03v3,ff,27,2.97,1.00u,1,drop_at_50mA,0.951478,0.05,19.0296,19.0296,2.01852
pfet_03v3,ff,27,2.97,1.00u,1,drop_at_100mA,7.23689,0.1,72.3689,72.3689,-4.26689
pfet_03v3,ff,27,2.97,1.00u,1,rlin_at_50mV,0.05,0.00352832,14.1711,14.1711,2.92
pfet_03v3,ff,27,2.97,1.00u,2,drop_at_50mA,0.393088,0.05,7.86175,15.7235,2.57691
pfet_03v3,ff,27,2.97,1.00u,2,drop_at_100mA,0.951478,0.1,9.51478,19.0296,2.01852
pfet_03v3,ff,27,2.97,1.00u,2,rlin_at_50mV,0.05,0.00705663,7.08553,14.1711,2.92
pfet_03v3,ff,27,2.97,1.00u,4,drop_at_50mA,0.184305,0.05,3.6861,14.7444,2.7857
pfet_03v3,ff,27,2.97,1.00u,4,drop_at_100mA,0.393088,0.1,3.93088,15.7235,2.57691
pfet_03v3,ff,27,2.97,1.00u,4,rlin_at_50mV,0.05,0.0141133,3.54277,14.1711,2.92
pfet_03v3,ff,27,2.97,1.00u,8,drop_at_50mA,0.0895992,0.05,1.79198,14.3359,2.8804
pfet_03v3,ff,27,2.97,1.00u,8,drop_at_100mA,0.184305,0.1,1.84305,14.7444,2.7857
pfet_03v3,ff,27,2.97,1.00u,8,rlin_at_50mV,0.05,0.0282265,1.77138,14.1711,2.92
pfet_03v3,ff,27,2.97,1.00u,16,drop_at_50mA,0.0442102,0.05,0.884203,14.1473,2.92579
pfet_03v3,ff,27,2.97,1.00u,16,drop_at_100mA,0.0895992,0.1,0.895992,14.3359,2.8804
pfet_03v3,ff,27,2.97,1.00u,16,rlin_at_50mV,0.05,0.0564531,0.885691,14.1711,2.92
pfet_03v3,ff,27,3.30,0.28u,1,drop_at_50mA,0.209322,0.05,4.18643,4.18643,3.09068
pfet_03v3,ff,27,3.30,0.28u,1,drop_at_100mA,0.449246,0.1,4.49246,4.49246,2.85075
pfet_03v3,ff,27,3.30,0.28u,1,rlin_at_50mV,0.05,0.012503,3.99905,3.99905,3.25
pfet_03v3,ff,27,3.30,0.28u,2,drop_at_50mA,0.101457,0.05,2.02914,4.05829,3.19854
pfet_03v3,ff,27,3.30,0.28u,2,drop_at_100mA,0.209322,0.1,2.09322,4.18643,3.09068
pfet_03v3,ff,27,3.30,0.28u,2,rlin_at_50mV,0.05,0.0250059,1.99953,3.99905,3.25
pfet_03v3,ff,27,3.30,0.28u,4,drop_at_50mA,0.049988,0.05,0.99976,3.99904,3.25001
pfet_03v3,ff,27,3.30,0.28u,4,drop_at_100mA,0.101457,0.1,1.01457,4.05829,3.19854
pfet_03v3,ff,27,3.30,0.28u,4,rlin_at_50mV,0.05,0.0500118,0.999763,3.99905,3.25
pfet_03v3,ff,27,3.30,0.28u,8,drop_at_50mA,0.0248156,0.05,0.496312,3.9705,3.27518
pfet_03v3,ff,27,3.30,0.28u,8,drop_at_100mA,0.049988,0.1,0.49988,3.99904,3.25001
pfet_03v3,ff,27,3.30,0.28u,8,rlin_at_50mV,0.05,0.100024,0.499882,3.99905,3.25
pfet_03v3,ff,27,3.30,0.28u,16,drop_at_50mA,0.012364,0.05,0.24728,3.95648,3.28764
pfet_03v3,ff,27,3.30,0.28u,16,drop_at_100mA,0.0248156,0.1,0.248156,3.9705,3.27518
pfet_03v3,ff,27,3.30,0.28u,16,rlin_at_50mV,0.05,0.200047,0.249941,3.99905,3.25
pfet_03v3,ff,27,3.30,0.50u,1,drop_at_50mA,0.366432,0.05,7.32865,7.32865,2.93357
pfet_03v3,ff,27,3.30,0.50u,1,drop_at_100mA,0.842598,0.1,8.42598,8.42598,2.4574
pfet_03v3,ff,27,3.30,0.50u,1,rlin_at_50mV,0.05,0.00743856,6.72173,6.72173,3.25
pfet_03v3,ff,27,3.30,0.50u,2,drop_at_50mA,0.173728,0.05,3.47455,6.9491,3.12627
pfet_03v3,ff,27,3.30,0.50u,2,drop_at_100mA,0.366432,0.1,3.66432,7.32865,2.93357
pfet_03v3,ff,27,3.30,0.50u,2,rlin_at_50mV,0.05,0.0148771,3.36086,6.72173,3.25
pfet_03v3,ff,27,3.30,0.50u,4,drop_at_50mA,0.084806,0.05,1.69612,6.78448,3.21519
pfet_03v3,ff,27,3.30,0.50u,4,drop_at_100mA,0.173728,0.1,1.73728,6.9491,3.12627
pfet_03v3,ff,27,3.30,0.50u,4,rlin_at_50mV,0.05,0.0297543,1.68043,6.72173,3.25
pfet_03v3,ff,27,3.30,0.50u,8,drop_at_50mA,0.0419206,0.05,0.838412,6.70729,3.25808
pfet_03v3,ff,27,3.30,0.50u,8,drop_at_100mA,0.084806,0.1,0.84806,6.78448,3.21519
pfet_03v3,ff,27,3.30,0.50u,8,rlin_at_50mV,0.05,0.0595085,0.840216,6.72173,3.25
pfet_03v3,ff,27,3.30,0.50u,16,drop_at_50mA,0.0208433,0.05,0.416867,6.66987,3.27916
pfet_03v3,ff,27,3.30,0.50u,16,drop_at_100mA,0.0419206,0.1,0.419206,6.70729,3.25808
pfet_03v3,ff,27,3.30,0.50u,16,rlin_at_50mV,0.05,0.119017,0.420108,6.72173,3.25
pfet_03v3,ff,27,3.30,1.00u,1,drop_at_50mA,0.798988,0.05,15.9798,15.9798,2.50101
pfet_03v3,ff,27,3.30,1.00u,1,drop_at_100mA,6.84419,0.1,68.4419,68.4419,-3.54419
pfet_03v3,ff,27,3.30,1.00u,1,rlin_at_50mV,0.05,0.00384161,13.0154,13.0154,3.25
pfet_03v3,ff,27,3.30,1.00u,2,drop_at_50mA,0.352045,0.05,7.0409,14.0818,2.94795
pfet_03v3,ff,27,3.30,1.00u,2,drop_at_100mA,0.798988,0.1,7.98988,15.9798,2.50101
pfet_03v3,ff,27,3.30,1.00u,2,rlin_at_50mV,0.05,0.00768321,6.50769,13.0154,3.25
pfet_03v3,ff,27,3.30,1.00u,4,drop_at_50mA,0.167664,0.05,3.35328,13.4131,3.13234
pfet_03v3,ff,27,3.30,1.00u,4,drop_at_100mA,0.352045,0.1,3.52045,14.0818,2.94795
pfet_03v3,ff,27,3.30,1.00u,4,rlin_at_50mV,0.05,0.0153664,3.25385,13.0154,3.25
pfet_03v3,ff,27,3.30,1.00u,8,drop_at_50mA,0.0820092,0.05,1.64018,13.1215,3.21799
pfet_03v3,ff,27,3.30,1.00u,8,drop_at_100mA,0.167664,0.1,1.67664,13.4131,3.13234
pfet_03v3,ff,27,3.30,1.00u,8,rlin_at_50mV,0.05,0.0307329,1.62692,13.0154,3.25
pfet_03v3,ff,27,3.30,1.00u,16,drop_at_50mA,0.0405764,0.05,0.811528,12.9844,3.25942
pfet_03v3,ff,27,3.30,1.00u,16,drop_at_100mA,0.0820092,0.1,0.820092,13.1215,3.21799
pfet_03v3,ff,27,3.30,1.00u,16,rlin_at_50mV,0.05,0.0614657,0.813462,13.0154,3.25
pfet_03v3,ff,27,3.63,0.28u,1,drop_at_50mA,0.197115,0.05,3.9423,3.9423,3.43288
pfet_03v3,ff,27,3.63,0.28u,1,drop_at_100mA,0.417915,0.1,4.17915,4.17915,3.21209
pfet_03v3,ff,27,3.63,0.28u,1,rlin_at_50mV,0.05,0.0131767,3.79458,3.79458,3.58
pfet_03v3,ff,27,3.63,0.28u,2,drop_at_50mA,0.0959988,0.05,1.91998,3.83995,3.534
pfet_03v3,ff,27,3.63,0.28u,2,drop_at_100mA,0.197115,0.1,1.97115,3.9423,3.43288
pfet_03v3,ff,27,3.63,0.28u,2,rlin_at_50mV,0.05,0.0263534,1.89729,3.79458,3.58
pfet_03v3,ff,27,3.63,0.28u,4,drop_at_50mA,0.0474005,0.05,0.94801,3.79204,3.5826
pfet_03v3,ff,27,3.63,0.28u,4,drop_at_100mA,0.0959988,0.1,0.959988,3.83995,3.534
pfet_03v3,ff,27,3.63,0.28u,4,rlin_at_50mV,0.05,0.0527067,0.948646,3.79458,3.58
pfet_03v3,ff,27,3.63,0.28u,8,drop_at_50mA,0.0235552,0.05,0.471103,3.76883,3.60644
pfet_03v3,ff,27,3.63,0.28u,8,drop_at_100mA,0.0474005,0.1,0.474005,3.79204,3.5826
pfet_03v3,ff,27,3.63,0.28u,8,rlin_at_50mV,0.05,0.105413,0.474323,3.79458,3.58
pfet_03v3,ff,27,3.63,0.28u,16,drop_at_50mA,0.0117419,0.05,0.234837,3.7574,3.61826
pfet_03v3,ff,27,3.63,0.28u,16,drop_at_100mA,0.0235552,0.1,0.235552,3.76883,3.60644
pfet_03v3,ff,27,3.63,0.28u,16,rlin_at_50mV,0.05,0.210827,0.237161,3.79458,3.58
pfet_03v3,ff,27,3.63,0.50u,1,drop_at_50mA,0.338695,0.05,6.7739,6.7739,3.29131
pfet_03v3,ff,27,3.63,0.50u,1,drop_at_100mA,0.753242,0.1,7.53242,7.53242,2.87676
pfet_03v3,ff,27,3.63,0.50u,1,rlin_at_50mV,0.05,0.00791775,6.31492,6.31492,3.58
pfet_03v3,ff,27,3.63,0.50u,2,drop_at_50mA,0.162182,0.05,3.24364,6.48728,3.46782
pfet_03v3,ff,27,3.63,0.50u,2,drop_at_100mA,0.338695,0.1,3.38695,6.7739,3.29131
pfet_03v3,ff,27,3.63,0.50u,2,rlin_at_50mV,0.05,0.0158355,3.15746,6.31492,3.58
pfet_03v3,ff,27,3.63,0.50u,4,drop_at_50mA,0.0794942,0.05,1.58988,6.35953,3.55051
pfet_03v3,ff,27,3.63,0.50u,4,drop_at_100mA,0.162182,0.1,1.62182,6.48728,3.46782
pfet_03v3,ff,27,3.63,0.50u,4,rlin_at_50mV,0.05,0.031671,1.57873,6.31492,3.58
pfet_03v3,ff,27,3.63,0.50u,8,drop_at_50mA,0.0393685,0.05,0.78737,6.29896,3.59063
pfet_03v3,ff,27,3.63,0.50u,8,drop_at_100mA,0.0794942,0.1,0.794942,6.35953,3.55051
pfet_03v3,ff,27,3.63,0.50u,8,rlin_at_50mV,0.05,0.063342,0.789365,6.31492,3.58
pfet_03v3,ff,27,3.63,0.50u,16,drop_at_50mA,0.019592,0.05,0.39184,6.26944,3.61041
pfet_03v3,ff,27,3.63,0.50u,16,drop_at_100mA,0.0393685,0.1,0.393685,6.29896,3.59063
pfet_03v3,ff,27,3.63,0.50u,16,rlin_at_50mV,0.05,0.126684,0.394683,6.31492,3.58
pfet_03v3,ff,27,3.63,1.00u,1,drop_at_50mA,0.709893,0.05,14.1979,14.1979,2.92011
pfet_03v3,ff,27,3.63,1.00u,1,drop_at_100mA,2.3236,0.1,23.236,23.236,1.3064
pfet_03v3,ff,27,3.63,1.00u,1,rlin_at_50mV,0.05,0.00411772,12.1426,12.1426,3.58
pfet_03v3,ff,27,3.63,1.00u,2,drop_at_50mA,0.323122,0.05,6.46244,12.9249,3.30688
pfet_03v3,ff,27,3.63,1.00u,2,drop_at_100mA,0.709893,0.1,7.09893,14.1979,2.92011
pfet_03v3,ff,27,3.63,1.00u,2,rlin_at_50mV,0.05,0.00823544,6.07132,12.1426,3.58
pfet_03v3,ff,27,3.63,1.00u,4,drop_at_50mA,0.15543,0.05,3.10861,12.4344,3.47457
pfet_03v3,ff,27,3.63,1.00u,4,drop_at_100mA,0.323122,0.1,3.23122,12.9249,3.30688
pfet_03v3,ff,27,3.63,1.00u,4,rlin_at_50mV,0.05,0.0164709,3.03566,12.1426,3.58
pfet_03v3,ff,27,3.63,1.00u,8,drop_at_50mA,0.07634,0.05,1.5268,12.2144,3.55366
pfet_03v3,ff,27,3.63,1.00u,8,drop_at_100mA,0.15543,0.1,1.5543,12.4344,3.47457
pfet_03v3,ff,27,3.63,1.00u,8,rlin_at_50mV,0.05,0.0329418,1.51783,12.1426,3.58
pfet_03v3,ff,27,3.63,1.00u,16,drop_at_50mA,0.037843,0.05,0.75686,12.1098,3.59216
pfet_03v3,ff,27,3.63,1.00u,16,drop_at_100mA,0.07634,0.1,0.7634,12.2144,3.55366
pfet_03v3,ff,27,3.63,1.00u,16,rlin_at_50mV,0.05,0.0658836,0.758915,12.1426,3.58
pfet_03v3,ff,125,2.10,0.28u,1,drop_at_50mA,0.388822,0.05,7.77645,7.77645,1.71118
pfet_03v3,ff,125,2.10,0.28u,1,drop_at_100mA,1.15866,0.1,11.5866,11.5866,0.941337
pfet_03v3,ff,125,2.10,0.28u,1,rlin_at_50mV,0.05,0.00746258,6.70009,6.70009,2.05
pfet_03v3,ff,125,2.10,0.28u,2,drop_at_50mA,0.176851,0.05,3.53703,7.07406,1.92315
pfet_03v3,ff,125,2.10,0.28u,2,drop_at_100mA,0.388822,0.1,3.88822,7.77645,1.71118
pfet_03v3,ff,125,2.10,0.28u,2,rlin_at_50mV,0.05,0.0149252,3.35005,6.70009,2.05
pfet_03v3,ff,125,2.10,0.28u,4,drop_at_50mA,0.085002,0.05,1.70004,6.80016,2.015
pfet_03v3,ff,125,2.10,0.28u,4,drop_at_100mA,0.176851,0.1,1.76851,7.07406,1.92315
pfet_03v3,ff,125,2.10,0.28u,4,rlin_at_50mV,0.05,0.0298503,1.67502,6.70009,2.05
pfet_03v3,ff,125,2.10,0.28u,8,drop_at_50mA,0.0417299,0.05,0.834598,6.67678,2.05827
pfet_03v3,ff,125,2.10,0.28u,8,drop_at_100mA,0.085002,0.1,0.85002,6.80016,2.015
pfet_03v3,ff,125,2.10,0.28u,8,rlin_at_50mV,0.05,0.0597007,0.837511,6.70009,2.05
pfet_03v3,ff,125,2.10,0.28u,16,drop_at_50mA,0.0206813,0.05,0.413626,6.61801,2.07932
pfet_03v3,ff,125,2.10,0.28u,16,drop_at_100mA,0.0417299,0.1,0.417299,6.67678,2.05827
pfet_03v3,ff,125,2.10,0.28u,16,rlin_at_50mV,0.05,0.119401,0.418756,6.70009,2.05
pfet_03v3,ff,125,2.10,0.50u,1,drop_at_50mA,0.993963,0.05,19.8793,19.8793,1.10604
pfet_03v3,ff,125,2.10,0.50u,1,drop_at_100mA,7.04815,0.1,70.4815,70.4815,-4.94815
pfet_03v3,ff,125,2.10,0.50u,1,rlin_at_50mV,0.05,0.00404671,12.3557,12.3557,2.05
pfet_03v3,ff,125,2.10,0.50u,2,drop_at_50mA,0.353384,0.05,7.06768,14.1354,1.74662
pfet_03v3,ff,125,2.10,0.50u,2,drop_at_100mA,0.993963,0.1,9.93963,19.8793,1.10604
pfet_03v3,ff,125,2.10,0.50u,2,rlin_at_50mV,0.05,0.00809342,6.17786,12.3557,2.05
pfet_03v3,ff,125,2.10,0.50u,4,drop_at_50mA,0.162061,0.05,3.24121,12.9648,1.93794
pfet_03v3,ff,125,2.10,0.50u,4,drop_at_100mA,0.353384,0.1,3.53384,14.1354,1.74662
pfet_03v3,ff,125,2.10,0.50u,4,rlin_at_50mV,0.05,0.0161868,3.08893,12.3557,2.05
pfet_03v3,ff,125,2.10,0.50u,8,drop_at_50mA,0.0781498,0.05,1.563,12.504,2.02185
pfet_03v3,ff,125,2.10,0.50u,8,drop_at_100mA,0.162061,0.1,1.62061,12.9648,1.93794
pfet_03v3,ff,125,2.10,0.50u,8,rlin_at_50mV,0.05,0.0323737,1.54446,12.3557,2.05
pfet_03v3,ff,125,2.10,0.50u,16,drop_at_50mA,0.0384239,0.05,0.768477,12.2956,2.06158
pfet_03v3,ff,125,2.10,0.50u,16,drop_at_100mA,0.0781498,0.1,0.781498,12.504,2.02185
pfet_03v3,ff,125,2.10,0.50u,16,rlin_at_50mV,0.05,0.0647474,0.772232,12.3557,2.05
pfet_03v3,ff,125,2.10,1.00u,1,drop_at_50mA,7.20646,0.05,144.129,144.129,-5.10646
pfet_03v3,ff,125,2.10,1.00u,1,drop_at_100mA,8.33615,0.1,83.3615,83.3615,-6.23615
pfet_03v3,ff,125,2.10,1.00u,1,rlin_at_50mV,0.05,0.00197363,25.334,25.334,2.05
pfet_03v3,ff,125,2.10,1.00u,2,drop_at_50mA,1.25317,0.05,25.0634,50.1269,0.846828
pfet_03v3,ff,125,2.10,1.00u,2,drop_at_100mA,7.20646,0.1,72.0646,144.129,-5.10646
pfet_03v3,ff,125,2.10,1.00u,2,rlin_at_50mV,0.05,0.00394727,12.667,25.334,2.05
pfet_03v3,ff,125,2.10,1.00u,4,drop_at_50mA,0.365693,0.05,7.31387,29.2555,1.73431
pfet_03v3,ff,125,2.10,1.00u,4,drop_at_100mA,1.25317,0.1,12.5317,50.1269,0.846828
pfet_03v3,ff,125,2.10,1.00u,4,rlin_at_50mV,0.05,0.00789453,6.3335,25.334,2.05
pfet_03v3,ff,125,2.10,1.00u,8,drop_at_50mA,0.166632,0.05,3.33264,26.6611,1.93337
pfet_03v3,ff,125,2.10,1.00u,8,drop_at_100mA,0.365693,0.1,3.65693,29.2555,1.73431
pfet_03v3,ff,125,2.10,1.00u,8,rlin_at_50mV,0.05,0.0157891,3.16675,25.334,2.05
pfet_03v3,ff,125,2.10,1.00u,16,drop_at_50mA,0.080205,0.05,1.6041,25.6656,2.0198
pfet_03v3,ff,125,2.10,1.00u,16,drop_at_100mA,0.166632,0.1,1.66632,26.6611,1.93337
pfet_03v3,ff,125,2.10,1.00u,16,rlin_at_50mV,0.05,0.0315781,1.58337,25.334,2.05
pfet_03v3,ff,125,2.97,0.28u,1,drop_at_50mA,0.273438,0.05,5.46877,5.46877,2.69656
pfet_03v3,ff,125,2.97,0.28u,1,drop_at_100mA,0.605896,0.1,6.05896,6.05896,2.3641
pfet_03v3,ff,125,2.97,0.28u,1,rlin_at_50mV,0.05,0.00976819,5.11865,5.11865,2.92
pfet_03v3,ff,125,2.97,0.28u,2,drop_at_50mA,0.131044,0.05,2.62088,5.24176,2.83896
pfet_03v3,ff,125,2.97,0.28u,2,drop_at_100mA,0.273438,0.1,2.73438,5.46877,2.69656
pfet_03v3,ff,125,2.97,0.28u,2,rlin_at_50mV,0.05,0.0195364,2.55933,5.11865,2.92
pfet_03v3,ff,125,2.97,0.28u,4,drop_at_50mA,0.0642499,0.05,1.285,5.13999,2.90575
pfet_03v3,ff,125,2.97,0.28u,4,drop_at_100mA,0.131044,0.1,1.31044,5.24176,2.83896
pfet_03v3,ff,125,2.97,0.28u,4,rlin_at_50mV,0.05,0.0390728,1.27966,5.11865,2.92
pfet_03v3,ff,125,2.97,0.28u,8,drop_at_50mA,0.0318226,0.05,0.636452,5.09162,2.93818
pfet_03v3,ff,125,2.97,0.28u,8,drop_at_100mA,0.0642499,0.1,0.642499,5.13999,2.90575
pfet_03v3,ff,125,2.97,0.28u,8,rlin_at_50mV,0.05,0.0781456,0.639832,5.11865,2.92
pfet_03v3,ff,125,2.97,0.28u,16,drop_at_50mA,0.0158375,0.05,0.316751,5.06801,2.95416
pfet_03v3,ff,125,2.97,0.28u,16,drop_at_100mA,0.0318226,0.1,0.318226,5.09162,2.93818
pfet_03v3,ff,125,2.97,0.28u,16,rlin_at_50mV,0.05,0.156291,0.319916,5.11865,2.92
pfet_03v3,ff,125,2.97,0.50u,1,drop_at_50mA,0.516136,0.05,10.3227,10.3227,2.45386
pfet_03v3,ff,125,2.97,0.50u,1,drop_at_100mA,1.38404,0.1,13.8404,13.8404,1.58596
pfet_03v3,ff,125,2.97,0.50u,1,rlin_at_50mV,0.05,0.00554658,9.01456,9.01456,2.92
pfet_03v3,ff,125,2.97,0.50u,2,drop_at_50mA,0.237645,0.05,4.75289,9.50579,2.73236
pfet_03v3,ff,125,2.97,0.50u,2,drop_at_100mA,0.516136,0.1,5.16136,10.3227,2.45386
pfet_03v3,ff,125,2.97,0.50u,2,rlin_at_50mV,0.05,0.0110932,4.50728,9.01456,2.92
pfet_03v3,ff,125,2.97,0.50u,4,drop_at_50mA,0.114739,0.05,2.29479,9.17916,2.85526
pfet_03v3,ff,125,2.97,0.50u,4,drop_at_100mA,0.237645,0.1,2.37645,9.50579,2.73236
pfet_03v3,ff,125,2.97,0.50u,4,rlin_at_50mV,0.05,0.0221863,2.25364,9.01456,2.92
pfet_03v3,ff,125,2.97,0.50u,8,drop_at_50mA,0.056442,0.05,1.12884,9.03072,2.91356
pfet_03v3,ff,125,2.97,0.50u,8,drop_at_100mA,0.114739,0.1,1.14739,9.17916,2.85526
pfet_03v3,ff,125,2.97,0.50u,8,rlin_at_50mV,0.05,0.0443727,1.12682,9.01456,2.92
pfet_03v3,ff,125,2.97,0.50u,16,drop_at_50mA,0.0279992,0.05,0.559984,8.95974,2.942
pfet_03v3,ff,125,2.97,0.50u,16,drop_at_100mA,0.056442,0.1,0.56442,9.03072,2.91356
pfet_03v3,ff,125,2.97,0.50u,16,rlin_at_50mV,0.05,0.0887453,0.56341,9.01456,2.92
pfet_03v3,ff,125,2.97,1.00u,1,drop_at_50mA,1.37848,0.05,27.5696,27.5696,1.59152
pfet_03v3,ff,125,2.97,1.00u,1,drop_at_100mA,7.73565,0.1,77.3565,77.3565,-4.76565
pfet_03v3,ff,125,2.97,1.00u,1,rlin_at_50mV,0.05,0.00278307,17.9657,17.9657,2.92
pfet_03v3,ff,125,2.97,1.00u,2,drop_at_50mA,0.512567,0.05,10.2513,20.5027,2.45743
pfet_03v3,ff,125,2.97,1.00u,2,drop_at_100mA,1.37848,0.1,13.7848,27.5696,1.59152
pfet_03v3,ff,125,2.97,1.00u,2,rlin_at_50mV,0.05,0.00556615,8.98287,17.9657,2.92
pfet_03v3,ff,125,2.97,1.00u,4,drop_at_50mA,0.236439,0.05,4.72878,18.9151,2.73356
pfet_03v3,ff,125,2.97,1.00u,4,drop_at_100mA,0.512567,0.1,5.12567,20.5027,2.45743
pfet_03v3,ff,125,2.97,1.00u,4,rlin_at_50mV,0.05,0.0111323,4.49144,17.9657,2.92
pfet_03v3,ff,125,2.97,1.00u,8,drop_at_50mA,0.114269,0.05,2.28537,18.283,2.85573
pfet_03v3,ff,125,2.97,1.00u,8,drop_at_100mA,0.236439,0.1,2.36439,18.9151,2.73356
pfet_03v3,ff,125,2.97,1.00u,8,rlin_at_50mV,0.05,0.0222646,2.24572,17.9657,2.92
pfet_03v3,ff,125,2.97,1.00u,16,drop_at_50mA,0.0562378,0.05,1.12476,17.9961,2.91376
pfet_03v3,ff,125,2.97,1.00u,16,drop_at_100mA,0.114269,0.1,1.14269,18.283,2.85573
pfet_03v3,ff,125,2.97,1.00u,16,rlin_at_50mV,0.05,0.0445292,1.12286,17.9657,2.92
pfet_03v3,ff,125,3.30,0.28u,1,drop_at_50mA,0.252195,0.05,5.0439,5.0439,3.04781
pfet_03v3,ff,125,3.30,0.28u,1,drop_at_100mA,0.546642,0.1,5.46642,5.46642,2.75336
pfet_03v3,ff,125,3.30,0.28u,1,rlin_at_50mV,0.05,0.010459,4.78057,4.78057,3.25
pfet_03v3,ff,125,3.30,0.28u,2,drop_at_50mA,0.121794,0.05,2.43588,4.87177,3.17821
pfet_03v3,ff,125,3.30,0.28u,2,drop_at_100mA,0.252195,0.1,2.52195,5.0439,3.04781
pfet_03v3,ff,125,3.30,0.28u,2,rlin_at_50mV,0.05,0.020918,2.39028,4.78057,3.25
pfet_03v3,ff,125,3.30,0.28u,4,drop_at_50mA,0.0599127,0.05,1.19825,4.79302,3.24009
pfet_03v3,ff,125,3.30,0.28u,4,drop_at_100mA,0.121794,0.1,1.21794,4.87177,3.17821
pfet_03v3,ff,125,3.30,0.28u,4,rlin_at_50mV,0.05,0.041836,1.19514,4.78057,3.25
pfet_03v3,ff,125,3.30,0.28u,8,drop_at_50mA,0.0297203,0.05,0.594406,4.75525,3.27028
pfet_03v3,ff,125,3.30,0.28u,8,drop_at_100mA,0.0599127,0.1,0.599127,4.79302,3.24009
pfet_03v3,ff,125,3.30,0.28u,8,rlin_at_50mV,0.05,0.0836721,0.597571,4.78057,3.25
pfet_03v3,ff,125,3.30,0.28u,16,drop_at_50mA,0.0148023,0.05,0.296046,4.73674,3.2852
pfet_03v3,ff,125,3.30,0.28u,16,drop_at_100mA,0.0297203,0.1,0.297203,4.75525,3.27028
pfet_03v3,ff,125,3.30,0.28u,16,rlin_at_50mV,0.05,0.167344,0.298786,4.78057,3.25
pfet_03v3,ff,125,3.30,0.50u,1,drop_at_50mA,0.461626,0.05,9.23251,9.23251,2.83837
pfet_03v3,ff,125,3.30,0.50u,1,drop_at_100mA,1.10598,0.1,11.0598,11.0598,2.19402
pfet_03v3,ff,125,3.30,0.50u,1,rlin_at_50mV,0.05,0.00601436,8.31343,8.31343,3.25
pfet_03v3,ff,125,3.30,0.50u,2,drop_at_50mA,0.216664,0.05,4.33328,8.66656,3.08334
pfet_03v3,ff,125,3.30,0.50u,2,drop_at_100mA,0.461626,0.1,4.61626,9.23251,2.83837
pfet_03v3,ff,125,3.30,0.50u,2,rlin_at_50mV,0.05,0.0120287,4.15672,8.31343,3.25
pfet_03v3,ff,125,3.30,0.50u,4,drop_at_50mA,0.105351,0.05,2.10701,8.42805,3.19465
pfet_03v3,ff,125,3.30,0.50u,4,drop_at_100mA,0.216664,0.1,2.16664,8.66656,3.08334
pfet_03v3,ff,125,3.30,0.50u,4,rlin_at_50mV,0.05,0.0240575,2.07836,8.31343,3.25
pfet_03v3,ff,125,3.30,0.50u,8,drop_at_50mA,0.0519843,0.05,1.03969,8.31749,3.24802
pfet_03v3,ff,125,3.30,0.50u,8,drop_at_100mA,0.105351,0.1,1.05351,8.42805,3.19465
pfet_03v3,ff,125,3.30,0.50u,8,rlin_at_50mV,0.05,0.0481149,1.03918,8.31343,3.25
pfet_03v3,ff,125,3.30,0.50u,16,drop_at_50mA,0.0258255,0.05,0.516511,8.26417,3.27417
pfet_03v3,ff,125,3.30,0.50u,16,drop_at_100mA,0.0519843,0.1,0.519843,8.31749,3.24802
pfet_03v3,ff,125,3.30,0.50u,16,rlin_at_50mV,0.05,0.0962298,0.519589,8.31343,3.25
pfet_03v3,ff,125,3.30,1.00u,1,drop_at_50mA,1.07644,0.05,21.5289,21.5289,2.22356
pfet_03v3,ff,125,3.30,1.00u,1,drop_at_100mA,7.53518,0.1,75.3518,75.3518,-4.23518
pfet_03v3,ff,125,3.30,1.00u,1,rlin_at_50mV,0.05,0.00304425,16.4244,16.4244,3.25
pfet_03v3,ff,125,3.30,1.00u,2,drop_at_50mA,0.453456,0.05,9.06911,18.1382,2.84654
pfet_03v3,ff,125,3.30,1.00u,2,drop_at_100mA,1.07644,0.1,10.7644,21.5289,2.22356
pfet_03v3,ff,125,3.30,1.00u,2,rlin_at_50mV,0.05,0.0060885,8.21221,16.4244,3.25
pfet_03v3,ff,125,3.30,1.00u,4,drop_at_50mA,0.213526,0.05,4.27053,17.0821,3.08647
pfet_03v3,ff,125,3.30,1.00u,4,drop_at_100mA,0.453456,0.1,4.53456,18.1382,2.84654
pfet_03v3,ff,125,3.30,1.00u,4,rlin_at_50mV,0.05,0.012177,4.1061,16.4244,3.25
pfet_03v3,ff,125,3.30,1.00u,8,drop_at_50mA,0.103977,0.05,2.07954,16.6364,3.19602
pfet_03v3,ff,125,3.30,1.00u,8,drop_at_100mA,0.213526,0.1,2.13526,17.0821,3.08647
pfet_03v3,ff,125,3.30,1.00u,8,rlin_at_50mV,0.05,0.024354,2.05305,16.4244,3.25
pfet_03v3,ff,125,3.30,1.00u,16,drop_at_50mA,0.0513426,0.05,1.02685,16.4296,3.24866
pfet_03v3,ff,125,3.30,1.00u,16,drop_at_100mA,0.103977,0.1,1.03977,16.6364,3.19602
pfet_03v3,ff,125,3.30,1.00u,16,rlin_at_50mV,0.05,0.048708,1.02653,16.4244,3.25
pfet_03v3,ff,125,3.63,0.28u,1,drop_at_50mA,0.236074,0.05,4.72148,4.72148,3.39393
pfet_03v3,ff,125,3.63,0.28u,1,drop_at_100mA,0.50439,0.1,5.0439,5.0439,3.12561
pfet_03v3,ff,125,3.63,0.28u,1,rlin_at_50mV,0.05,0.0110747,4.51479,4.51479,3.58
pfet_03v3,ff,125,3.63,0.28u,2,drop_at_50mA,0.114628,0.05,2.29256,4.58511,3.51537
pfet_03v3,ff,125,3.63,0.28u,2,drop_at_100mA,0.236074,0.1,2.36074,4.72148,3.39393
pfet_03v3,ff,125,3.63,0.28u,2,rlin_at_50mV,0.05,0.0221494,2.25739,4.51479,3.58
pfet_03v3,ff,125,3.63,0.28u,4,drop_at_50mA,0.0565227,0.05,1.13045,4.52182,3.57348
pfet_03v3,ff,125,3.63,0.28u,4,drop_at_100mA,0.114628,0.1,1.14628,4.58511,3.51537
pfet_03v3,ff,125,3.63,0.28u,4,rlin_at_50mV,0.05,0.0442989,1.1287,4.51479,3.58
pfet_03v3,ff,125,3.63,0.28u,8,drop_at_50mA,0.0280704,0.05,0.561409,4.49127,3.60193
pfet_03v3,ff,125,3.63,0.28u,8,drop_at_100mA,0.0565227,0.1,0.565227,4.52182,3.57348
pfet_03v3,ff,125,3.63,0.28u,8,rlin_at_50mV,0.05,0.0885977,0.564349,4.51479,3.58
pfet_03v3,ff,125,3.63,0.28u,16,drop_at_50mA,0.0139883,0.05,0.279766,4.47626,3.61601
pfet_03v3,ff,125,3.63,0.28u,16,drop_at_100mA,0.0280704,0.1,0.280704,4.49127,3.60193
pfet_03v3,ff,125,3.63,0.28u,16,rlin_at_50mV,0.05,0.177195,0.282174,4.51479,3.58
pfet_03v3,ff,125,3.63,0.50u,1,drop_at_50mA,0.422585,0.05,8.45169,8.45169,3.20742
pfet_03v3,ff,125,3.63,0.50u,1,drop_at_100mA,0.964309,0.1,9.64309,9.64309,2.66569
pfet_03v3,ff,125,3.63,0.50u,1,rlin_at_50mV,0.05,0.00643843,7.76587,7.76587,3.58
pfet_03v3,ff,125,3.63,0.50u,2,drop_at_50mA,0.200804,0.05,4.01609,8.03218,3.4292
pfet_03v3,ff,125,3.63,0.50u,2,drop_at_100mA,0.422585,0.1,4.22585,8.45169,3.20742
pfet_03v3,ff,125,3.63,0.50u,2,rlin_at_50mV,0.05,0.0128769,3.88294,7.76587,3.58
pfet_03v3,ff,125,3.63,0.50u,4,drop_at_50mA,0.0981159,0.05,1.96232,7.84927,3.53188
pfet_03v3,ff,125,3.63,0.50u,4,drop_at_100mA,0.200804,0.1,2.00804,8.03218,3.4292
pfet_03v3,ff,125,3.63,0.50u,4,rlin_at_50mV,0.05,0.0257537,1.94147,7.76587,3.58
pfet_03v3,ff,125,3.63,0.50u,8,drop_at_50mA,0.0485208,0.05,0.970417,7.76333,3.58148
pfet_03v3,ff,125,3.63,0.50u,8,drop_at_100mA,0.0981159,0.1,0.981159,7.84927,3.53188
pfet_03v3,ff,125,3.63,0.50u,8,rlin_at_50mV,0.05,0.0515074,0.970734,7.76587,3.58
pfet_03v3,ff,125,3.63,0.50u,16,drop_at_50mA,0.0241301,0.05,0.482601,7.72162,3.60587
pfet_03v3,ff,125,3.63,0.50u,16,drop_at_100mA,0.0485208,0.1,0.485208,7.76333,3.58148
pfet_03v3,ff,125,3.63,0.50u,16,rlin_at_50mV,0.05,0.103015,0.485367,7.76587,3.58
pfet_03v3,ff,125,3.63,1.00u,1,drop_at_50mA,0.928924,0.05,18.5785,18.5785,2.70108
pfet_03v3,ff,125,3.63,1.00u,1,drop_at_100mA,7.18415,0.1,71.8415,71.8415,-3.55415
pfet_03v3,ff,125,3.63,1.00u,1,rlin_at_50mV,0.05,0.00328454,15.2228,15.2228,3.58
pfet_03v3,ff,125,3.63,1.00u,2,drop_at_50mA,0.411477,0.05,8.22954,16.4591,3.21852
pfet_03v3,ff,125,3.63,1.00u,2,drop_at_100mA,0.928924,0.1,9.28924,18.5785,2.70108
pfet_03v3,ff,125,3.63,1.00u,2,rlin_at_50mV,0.05,0.00656908,7.61141,15.2228,3.58
pfet_03v3,ff,125,3.63,1.00u,4,drop_at_50mA,0.196279,0.05,3.92558,15.7023,3.43372
pfet_03v3,ff,125,3.63,1.00u,4,drop_at_100mA,0.411477,0.1,4.11477,16.4591,3.21852
pfet_03v3,ff,125,3.63,1.00u,4,rlin_at_50mV,0.05,0.0131382,3.80571,15.2228,3.58
pfet_03v3,ff,125,3.63,1.00u,8,drop_at_50mA,0.0960685,0.05,1.92137,15.371,3.53393
pfet_03v3,ff,125,3.63,1.00u,8,drop_at_100mA,0.196279,0.1,1.96279,15.7023,3.43372
pfet_03v3,ff,125,3.63,1.00u,8,rlin_at_50mV,0.05,0.0262763,1.90285,15.2228,3.58
pfet_03v3,ff,125,3.63,1.00u,16,drop_at_50mA,0.0475469,0.05,0.950938,15.215,3.58245
pfet_03v3,ff,125,3.63,1.00u,16,drop_at_100mA,0.0960685,0.1,0.960685,15.371,3.53393
pfet_03v3,ff,125,3.63,1.00u,16,rlin_at_50mV,0.05,0.0525527,0.951426,15.2228,3.58
pfet_03v3,ss,-40,2.10,0.28u,1,drop_at_50mA,0.426689,0.05,8.53378,8.53378,1.67331
pfet_03v3,ss,-40,2.10,0.28u,1,drop_at_100mA,5.02006,0.1,50.2006,50.2006,-2.92006
pfet_03v3,ss,-40,2.10,0.28u,1,rlin_at_50mV,0.05,0.00751209,6.65594,6.65594,2.05
pfet_03v3,ss,-40,2.10,0.28u,2,drop_at_50mA,0.180734,0.05,3.61469,7.22937,1.91927
pfet_03v3,ss,-40,2.10,0.28u,2,drop_at_100mA,0.426689,0.1,4.26689,8.53378,1.67331
pfet_03v3,ss,-40,2.10,0.28u,2,rlin_at_50mV,0.05,0.0150242,3.32797,6.65594,2.05
pfet_03v3,ss,-40,2.10,0.28u,4,drop_at_50mA,0.0850342,0.05,1.70068,6.80274,2.01497
pfet_03v3,ss,-40,2.10,0.28u,4,drop_at_100mA,0.180734,0.1,1.80734,7.22937,1.91927
pfet_03v3,ss,-40,2.10,0.28u,4,rlin_at_50mV,0.05,0.0300484,1.66398,6.65594,2.05
pfet_03v3,ss,-40,2.10,0.28u,8,drop_at_50mA,0.0413783,0.05,0.827567,6.62053,2.05862
pfet_03v3,ss,-40,2.10,0.28u,8,drop_at_100mA,0.0850342,0.1,0.850342,6.80274,2.01497
pfet_03v3,ss,-40,2.10,0.28u,8,rlin_at_50mV,0.05,0.0600967,0.831992,6.65594,2.05
pfet_03v3,ss,-40,2.10,0.28u,16,drop_at_50mA,0.0204239,0.05,0.408478,6.53564,2.07958
pfet_03v3,ss,-40,2.10,0.28u,16,drop_at_100mA,0.0413783,0.1,0.413783,6.62053,2.05862
pfet_03v3,ss,-40,2.10,0.28u,16,rlin_at_50mV,0.05,0.120193,0.415996,6.65594,2.05
pfet_03v3,ss,-40,2.10,0.50u,1,drop_at_50mA,5.43992,0.05,108.798,108.798,-3.33992
pfet_03v3,ss,-40,2.10,0.50u,1,drop_at_100mA,7.3897,0.1,73.897,73.897,-5.2897
pfet_03v3,ss,-40,2.10,0.50u,1,rlin_at_50mV,0.05,0.0043969,11.3717,11.3717,2.05
pfet_03v3,ss,-40,2.10,0.50u,2,drop_at_50mA,0.346854,0.05,6.93708,13.8742,1.75315
pfet_03v3,ss,-40,2.10,0.50u,2,drop_at_100mA,5.43992,0.1,54.3992,108.798,-3.33992
pfet_03v3,ss,-40,2.10,0.50u,2,rlin_at_50mV,0.05,0.00879379,5.68583,11.3717,2.05
pfet_03v3,ss,-40,2.10,0.50u,4,drop_at_50mA,0.151695,0.05,3.03391,12.1356,1.9483
pfet_03v3,ss,-40,2.10,0.50u,4,drop_at_100mA,0.346854,0.1,3.46854,13.8742,1.75315
pfet_03v3,ss,-40,2.10,0.50u,4,rlin_at_50mV,0.05,0.0175876,2.84291,11.3717,2.05
pfet_03v3,ss,-40,2.10,0.50u,8,drop_at_50mA,0.0720647,0.05,1.44129,11.5304,2.02794
pfet_03v3,ss,-40,2.10,0.50u,8,drop_at_100mA,0.151695,0.1,1.51695,12.1356,1.9483
pfet_03v3,ss,-40,2.10,0.50u,8,rlin_at_50mV,0.05,0.0351752,1.42146,11.3717,2.05
pfet_03v3,ss,-40,2.10,0.50u,16,drop_at_50mA,0.0352104,0.05,0.704208,11.2673,2.06479
pfet_03v3,ss,-40,2.10,0.50u,16,drop_at_100mA,0.0720647,0.1,0.720647,11.5304,2.02794
pfet_03v3,ss,-40,2.10,0.50u,16,rlin_at_50mV,0.05,0.0703504,0.710728,11.3717,2.05
pfet_03v3,ss,-40,2.10,1.00u,1,drop_at_50mA,7.28909,0.05,145.782,145.782,-5.18909
pfet_03v3,ss,-40,2.10,1.00u,1,drop_at_100mA,8.40329,0.1,84.0329,84.0329,-6.30329
pfet_03v3,ss,-40,2.10,1.00u,1,rlin_at_50mV,0.05,0.00225219,22.2007,22.2007,2.05
pfet_03v3,ss,-40,2.10,1.00u,2,drop_at_50mA,5.78153,0.05,115.631,231.261,-3.68153
pfet_03v3,ss,-40,2.10,1.00u,2,drop_at_100mA,7.28909,0.1,72.8909,145.782,-5.18909
pfet_03v3,ss,-40,2.10,1.00u,2,rlin_at_50mV,0.05,0.00450437,11.1003,22.2007,2.05
pfet_03v3,ss,-40,2.10,1.00u,4,drop_at_50mA,0.338866,0.05,6.77732,27.1093,1.76113
pfet_03v3,ss,-40,2.10,1.00u,4,drop_at_100mA,5.78153,0.1,57.8153,231.261,-3.68153
pfet_03v3,ss,-40,2.10,1.00u,4,rlin_at_50mV,0.05,0.00900875,5.55016,22.2007,2.05
pfet_03v3,ss,-40,2.10,1.00u,8,drop_at_50mA,0.147918,0.05,2.95836,23.6669,1.95208
pfet_03v3,ss,-40,2.10,1.00u,8,drop_at_100mA,0.338866,0.1,3.38866,27.1093,1.76113
pfet_03v3,ss,-40,2.10,1.00u,8,rlin_at_50mV,0.05,0.0180175,2.77508,22.2007,2.05
pfet_03v3,ss,-40,2.10,1.00u,16,drop_at_50mA,0.0702824,0.05,1.40565,22.4904,2.02972
pfet_03v3,ss,-40,2.10,1.00u,16,drop_at_100mA,0.147918,0.1,1.47918,23.6669,1.95208
pfet_03v3,ss,-40,2.10,1.00u,16,rlin_at_50mV,0.05,0.036035,1.38754,22.2007,2.05
pfet_03v3,ss,-40,2.97,0.28u,1,drop_at_50mA,0.248379,0.05,4.96758,4.96758,2.72162
pfet_03v3,ss,-40,2.97,0.28u,1,drop_at_100mA,0.566538,0.1,5.66538,5.66538,2.40346
pfet_03v3,ss,-40,2.97,0.28u,1,rlin_at_50mV,0.05,0.0108902,4.59128,4.59128,2.92
pfet_03v3,ss,-40,2.97,0.28u,2,drop_at_50mA,0.11789,0.05,2.35779,4.71558,2.85211
pfet_03v3,ss,-40,2.97,0.28u,2,drop_at_100mA,0.248379,0.1,2.48379,4.96758,2.72162
pfet_03v3,ss,-40,2.97,0.28u,2,rlin_at_50mV,0.05,0.0217804,2.29564,4.59128,2.92
pfet_03v3,ss,-40,2.97,0.28u,4,drop_at_50mA,0.0575613,0.05,1.15123,4.60491,2.91244
pfet_03v3,ss,-40,2.97,0.28u,4,drop_at_100mA,0.11789,0.1,1.1789,4.71558,2.85211
pfet_03v3,ss,-40,2.97,0.28u,4,rlin_at_50mV,0.05,0.0435608,1.14782,4.59128,2.92
pfet_03v3,ss,-40,2.97,0.28u,8,drop_at_50mA,0.0284547,0.05,0.569094,4.55275,2.94155
pfet_03v3,ss,-40,2.97,0.28u,8,drop_at_100mA,0.0575613,0.1,0.575613,4.60491,2.91244
pfet_03v3,ss,-40,2.97,0.28u,8,rlin_at_50mV,0.05,0.0871216,0.57391,4.59128,2.92
pfet_03v3,ss,-40,2.97,0.28u,16,drop_at_50mA,0.0141481,0.05,0.282963,4.52741,2.95585
pfet_03v3,ss,-40,2.97,0.28u,16,drop_at_100mA,0.0284547,0.1,0.284547,4.55275,2.94155
pfet_03v3,ss,-40,2.97,0.28u,16,rlin_at_50mV,0.05,0.174243,0.286955,4.59128,2.92
pfet_03v3,ss,-40,2.97,0.50u,1,drop_at_50mA,0.432197,0.05,8.64394,8.64394,2.5378
pfet_03v3,ss,-40,2.97,0.50u,1,drop_at_100mA,1.25957,0.1,12.5957,12.5957,1.71043
pfet_03v3,ss,-40,2.97,0.50u,1,rlin_at_50mV,0.05,0.00670653,7.45542,7.45542,2.92
pfet_03v3,ss,-40,2.97,0.50u,2,drop_at_50mA,0.197001,0.05,3.94003,7.88005,2.773
pfet_03v3,ss,-40,2.97,0.50u,2,drop_at_100mA,0.432197,0.1,4.32197,8.64394,2.5378
pfet_03v3,ss,-40,2.97,0.50u,2,rlin_at_50mV,0.05,0.0134131,3.72771,7.45542,2.92
pfet_03v3,ss,-40,2.97,0.50u,4,drop_at_50mA,0.0947605,0.05,1.89521,7.58084,2.87524
pfet_03v3,ss,-40,2.97,0.50u,4,drop_at_100mA,0.197001,0.1,1.97001,7.88005,2.773
pfet_03v3,ss,-40,2.97,0.50u,4,rlin_at_50mV,0.05,0.0268261,1.86385,7.45542,2.92
pfet_03v3,ss,-40,2.97,0.50u,8,drop_at_50mA,0.0465365,0.05,0.930731,7.44585,2.92346
pfet_03v3,ss,-40,2.97,0.50u,8,drop_at_100mA,0.0947605,0.1,0.947605,7.58084,2.87524
pfet_03v3,ss,-40,2.97,0.50u,8,rlin_at_50mV,0.05,0.0536523,0.931927,7.45542,2.92
pfet_03v3,ss,-40,2.97,0.50u,16,drop_at_50mA,0.0230672,0.05,0.461344,7.3815,2.94693
pfet_03v3,ss,-40,2.97,0.50u,16,drop_at_100mA,0.0465365,0.1,0.465365,7.44585,2.92346
pfet_03v3,ss,-40,2.97,0.50u,16,rlin_at_50mV,0.05,0.107305,0.465963,7.45542,2.92
pfet_03v3,ss,-40,2.97,1.00u,1,drop_at_50mA,1.10744,0.05,22.1488,22.1488,1.86256
pfet_03v3,ss,-40,2.97,1.00u,1,drop_at_100mA,7.38638,0.1,73.8638,73.8638,-4.41638
pfet_03v3,ss,-40,2.97,1.00u,1,rlin_at_50mV,0.05,0.0035344,14.1467,14.1467,2.92
pfet_03v3,ss,-40,2.97,1.00u,2,drop_at_50mA,0.403974,0.05,8.07948,16.159,2.56603
pfet_03v3,ss,-40,2.97,1.00u,2,drop_at_100mA,1.10744,0.1,11.0744,22.1488,1.86256
pfet_03v3,ss,-40,2.97,1.00u,2,rlin_at_50mV,0.05,0.0070688,7.07334,14.1467,2.92
pfet_03v3,ss,-40,2.97,1.00u,4,drop_at_50mA,0.18579,0.05,3.71581,14.8632,2.78421
pfet_03v3,ss,-40,2.97,1.00u,4,drop_at_100mA,0.403974,0.1,4.03974,16.159,2.56603
pfet_03v3,ss,-40,2.97,1.00u,4,rlin_at_50mV,0.05,0.0141376,3.53667,14.1467,2.92
pfet_03v3,ss,-40,2.97,1.00u,8,drop_at_50mA,0.0896855,0.05,1.79371,14.3497,2.88031
pfet_03v3,ss,-40,2.97,1.00u,8,drop_at_100mA,0.18579,0.1,1.8579,14.8632,2.78421
pfet_03v3,ss,-40,2.97,1.00u,8,rlin_at_50mV,0.05,0.0282752,1.76833,14.1467,2.92
pfet_03v3,ss,-40,2.97,1.00u,16,drop_at_50mA,0.0441157,0.05,0.882313,14.117,2.92588
pfet_03v3,ss,-40,2.97,1.00u,16,drop_at_100mA,0.0896855,0.1,0.896855,14.3497,2.88031
pfet_03v3,ss,-40,2.97,1.00u,16,rlin_at_50mV,0.05,0.0565504,0.884167,14.1467,2.92
pfet_03v3,ss,-40,3.30,0.28u,1,drop_at_50mA,0.22455,0.05,4.491,4.491,3.07545
pfet_03v3,ss,-40,3.30,0.28u,1,drop_at_100mA,0.494766,0.1,4.94766,4.94766,2.80523
pfet_03v3,ss,-40,3.30,0.28u,1,rlin_at_50mV,0.05,0.011833,4.22549,4.22549,3.25
pfet_03v3,ss,-40,3.30,0.28u,2,drop_at_50mA,0.107776,0.05,2.15552,4.31104,3.19222
pfet_03v3,ss,-40,3.30,0.28u,2,drop_at_100mA,0.22455,0.1,2.2455,4.491,3.07545
pfet_03v3,ss,-40,3.30,0.28u,2,rlin_at_50mV,0.05,0.0236659,2.11274,4.22549,3.25
pfet_03v3,ss,-40,3.30,0.28u,4,drop_at_50mA,0.0528711,0.05,1.05742,4.22969,3.24713
pfet_03v3,ss,-40,3.30,0.28u,4,drop_at_100mA,0.107776,0.1,1.07776,4.31104,3.19222
pfet_03v3,ss,-40,3.30,0.28u,4,rlin_at_50mV,0.05,0.0473318,1.05637,4.22549,3.25
pfet_03v3,ss,-40,3.30,0.28u,8,drop_at_50mA,0.026193,0.05,0.52386,4.19088,3.27381
pfet_03v3,ss,-40,3.30,0.28u,8,drop_at_100mA,0.0528711,0.1,0.528711,4.22969,3.24713
pfet_03v3,ss,-40,3.30,0.28u,8,rlin_at_50mV,0.05,0.0946636,0.528186,4.22549,3.25
pfet_03v3,ss,-40,3.30,0.28u,16,drop_at_50mA,0.0130372,0.05,0.260744,4.17191,3.28696
pfet_03v3,ss,-40,3.30,0.28u,16,drop_at_100mA,0.026193,0.1,0.26193,4.19088,3.27381
pfet_03v3,ss,-40,3.30,0.28u,16,rlin_at_50mV,0.05,0.189327,0.264093,4.22549,3.25
pfet_03v3,ss,-40,3.30,0.50u,1,drop_at_50mA,0.377957,0.05,7.55913,7.55913,2.92204
pfet_03v3,ss,-40,3.30,0.50u,1,drop_at_100mA,0.919689,0.1,9.19689,9.19689,2.38031
pfet_03v3,ss,-40,3.30,0.50u,1,rlin_at_50mV,0.05,0.00737534,6.77935,6.77935,3.25
pfet_03v3,ss,-40,3.30,0.50u,2,drop_at_50mA,0.176627,0.05,3.53253,7.06507,3.12337
pfet_03v3,ss,-40,3.30,0.50u,2,drop_at_100mA,0.377957,0.1,3.77957,7.55913,2.92204
pfet_03v3,ss,-40,3.30,0.50u,2,rlin_at_50mV,0.05,0.0147507,3.38968,6.77935,3.25
pfet_03v3,ss,-40,3.30,0.50u,4,drop_at_50mA,0.0857269,0.05,1.71454,6.85815,3.21427
pfet_03v3,ss,-40,3.30,0.50u,4,drop_at_100mA,0.176627,0.1,1.76627,7.06507,3.12337
pfet_03v3,ss,-40,3.30,0.50u,4,rlin_at_50mV,0.05,0.0295013,1.69484,6.77935,3.25
pfet_03v3,ss,-40,3.30,0.50u,8,drop_at_50mA,0.0422655,0.05,0.845309,6.76247,3.25773
pfet_03v3,ss,-40,3.30,0.50u,8,drop_at_100mA,0.0857269,0.1,0.857269,6.85815,3.21427
pfet_03v3,ss,-40,3.30,0.50u,8,rlin_at_50mV,0.05,0.0590027,0.847419,6.77935,3.25
pfet_03v3,ss,-40,3.30,0.50u,16,drop_at_50mA,0.0209887,0.05,0.419774,6.71638,3.27901
pfet_03v3,ss,-40,3.30,0.50u,16,drop_at_100mA,0.0422655,0.1,0.422655,6.76247,3.25773
pfet_03v3,ss,-40,3.30,0.50u,16,rlin_at_50mV,0.05,0.118005,0.423709,6.77935,3.25
pfet_03v3,ss,-40,3.30,1.00u,1,drop_at_50mA,0.829331,0.05,16.5866,16.5866,2.47067
pfet_03v3,ss,-40,3.30,1.00u,1,drop_at_100mA,7.06834,0.1,70.6834,70.6834,-3.76834
pfet_03v3,ss,-40,3.30,1.00u,1,rlin_at_50mV,0.05,0.0039178,12.7622,12.7622,3.25
pfet_03v3,ss,-40,3.30,1.00u,2,drop_at_50mA,0.350886,0.05,7.01771,14.0354,2.94911
pfet_03v3,ss,-40,3.30,1.00u,2,drop_at_100mA,0.829331,0.1,8.29331,16.5866,2.47067
pfet_03v3,ss,-40,3.30,1.00u,2,rlin_at_50mV,0.05,0.00783561,6.38112,12.7622,3.25
pfet_03v3,ss,-40,3.30,1.00u,4,drop_at_50mA,0.165318,0.05,3.30637,13.2255,3.13468
pfet_03v3,ss,-40,3.30,1.00u,4,drop_at_100mA,0.350886,0.1,3.50886,14.0354,2.94911
pfet_03v3,ss,-40,3.30,1.00u,4,rlin_at_50mV,0.05,0.0156712,3.19056,12.7622,3.25
pfet_03v3,ss,-40,3.30,1.00u,8,drop_at_50mA,0.0805127,0.05,1.61025,12.882,3.21949
pfet_03v3,ss,-40,3.30,1.00u,8,drop_at_100mA,0.165318,0.1,1.65318,13.2255,3.13468
pfet_03v3,ss,-40,3.30,1.00u,8,rlin_at_50mV,0.05,0.0313424,1.59528,12.7622,3.25
pfet_03v3,ss,-40,3.30,1.00u,16,drop_at_50mA,0.0397577,0.05,0.795155,12.7225,3.26024
pfet_03v3,ss,-40,3.30,1.00u,16,drop_at_100mA,0.0805127,0.1,0.805127,12.882,3.21949
pfet_03v3,ss,-40,3.30,1.00u,16,rlin_at_50mV,0.05,0.0626849,0.797641,12.7622,3.25
pfet_03v3,ss,-40,3.63,0.28u,1,drop_at_50mA,0.207831,0.05,4.15661,4.15661,3.42217
pfet_03v3,ss,-40,3.63,0.28u,1,drop_at_100mA,0.448767,0.1,4.48767,4.48767,3.18123
pfet_03v3,ss,-40,3.63,0.28u,1,rlin_at_50mV,0.05,0.0126366,3.95675,3.95675,3.58
pfet_03v3,ss,-40,3.63,0.28u,2,drop_at_50mA,0.100483,0.05,2.00966,4.01931,3.52952
pfet_03v3,ss,-40,3.63,0.28u,2,drop_at_100mA,0.207831,0.1,2.07831,4.15661,3.42217
pfet_03v3,ss,-40,3.63,0.28u,2,rlin_at_50mV,0.05,0.0252733,1.97837,3.95675,3.58
pfet_03v3,ss,-40,3.63,0.28u,4,drop_at_50mA,0.0494509,0.05,0.989018,3.95607,3.58055
pfet_03v3,ss,-40,3.63,0.28u,4,drop_at_100mA,0.100483,0.1,1.00483,4.01931,3.52952
pfet_03v3,ss,-40,3.63,0.28u,4,rlin_at_50mV,0.05,0.0505466,0.989187,3.95675,3.58
pfet_03v3,ss,-40,3.63,0.28u,8,drop_at_50mA,0.0245354,0.05,0.490707,3.92566,3.60546
pfet_03v3,ss,-40,3.63,0.28u,8,drop_at_100mA,0.0494509,0.1,0.494509,3.95607,3.58055
pfet_03v3,ss,-40,3.63,0.28u,8,rlin_at_50mV,0.05,0.101093,0.494593,3.95675,3.58
pfet_03v3,ss,-40,3.63,0.28u,16,drop_at_50mA,0.012221,0.05,0.244421,3.91073,3.61778
pfet_03v3,ss,-40,3.63,0.28u,16,drop_at_100mA,0.0245354,0.1,0.245354,3.92566,3.60546
pfet_03v3,ss,-40,3.63,0.28u,16,rlin_at_50mV,0.05,0.202186,0.247297,3.95675,3.58
pfet_03v3,ss,-40,3.63,0.50u,1,drop_at_50mA,0.342304,0.05,6.84607,6.84607,3.2877
pfet_03v3,ss,-40,3.63,0.50u,1,drop_at_100mA,0.784954,0.1,7.84954,7.84954,2.84505
pfet_03v3,ss,-40,3.63,0.50u,1,rlin_at_50mV,0.05,0.00795292,6.287,6.287,3.58
pfet_03v3,ss,-40,3.63,0.50u,2,drop_at_50mA,0.162336,0.05,3.24672,6.49343,3.46766
pfet_03v3,ss,-40,3.63,0.50u,2,drop_at_100mA,0.342304,0.1,3.42304,6.84607,3.2877
pfet_03v3,ss,-40,3.63,0.50u,2,rlin_at_50mV,0.05,0.0159058,3.1435,6.287,3.58
pfet_03v3,ss,-40,3.63,0.50u,4,drop_at_50mA,0.0792474,0.05,1.58495,6.33979,3.55075
pfet_03v3,ss,-40,3.63,0.50u,4,drop_at_100mA,0.162336,0.1,1.62336,6.49343,3.46766
pfet_03v3,ss,-40,3.63,0.50u,4,rlin_at_50mV,0.05,0.0318117,1.57175,6.287,3.58
pfet_03v3,ss,-40,3.63,0.50u,8,drop_at_50mA,0.0391727,0.05,0.783453,6.26762,3.59083
pfet_03v3,ss,-40,3.63,0.50u,8,drop_at_100mA,0.0792474,0.1,0.792474,6.33979,3.55075
pfet_03v3,ss,-40,3.63,0.50u,8,rlin_at_50mV,0.05,0.0636233,0.785875,6.287,3.58
pfet_03v3,ss,-40,3.63,0.50u,16,drop_at_50mA,0.0194769,0.05,0.389538,6.2326,3.61052
pfet_03v3,ss,-40,3.63,0.50u,16,drop_at_100mA,0.0391727,0.1,0.391727,6.26762,3.59083
pfet_03v3,ss,-40,3.63,0.50u,16,rlin_at_50mV,0.05,0.127247,0.392938,6.287,3.58
pfet_03v3,ss,-40,3.63,1.00u,1,drop_at_50mA,0.708938,0.05,14.1788,14.1788,2.92106
pfet_03v3,ss,-40,3.63,1.00u,1,drop_at_100mA,6.46237,0.1,64.6237,64.6237,-2.83237
pfet_03v3,ss,-40,3.63,1.00u,1,rlin_at_50mV,0.05,0.0042528,11.757,11.757,3.58
pfet_03v3,ss,-40,3.63,1.00u,2,drop_at_50mA,0.316043,0.05,6.32087,12.6417,3.31396
pfet_03v3,ss,-40,3.63,1.00u,2,drop_at_100mA,0.708938,0.1,7.08938,14.1788,2.92106
pfet_03v3,ss,-40,3.63,1.00u,2,rlin_at_50mV,0.05,0.00850559,5.87848,11.757,3.58
pfet_03v3,ss,-40,3.63,1.00u,4,drop_at_50mA,0.150999,0.05,3.01999,12.0799,3.479
pfet_03v3,ss,-40,3.63,1.00u,4,drop_at_100mA,0.316043,0.1,3.16043,12.6417,3.31396
pfet_03v3,ss,-40,3.63,1.00u,4,rlin_at_50mV,0.05,0.0170112,2.93924,11.757,3.58
pfet_03v3,ss,-40,3.63,1.00u,8,drop_at_50mA,0.0739513,0.05,1.47903,11.8322,3.55605
pfet_03v3,ss,-40,3.63,1.00u,8,drop_at_100mA,0.150999,0.1,1.50999,12.0799,3.479
pfet_03v3,ss,-40,3.63,1.00u,8,rlin_at_50mV,0.05,0.0340224,1.46962,11.757,3.58
pfet_03v3,ss,-40,3.63,1.00u,16,drop_at_50mA,0.0366102,0.05,0.732204,11.7153,3.59339
pfet_03v3,ss,-40,3.63,1.00u,16,drop_at_100mA,0.0739513,0.1,0.739513,11.8322,3.55605
pfet_03v3,ss,-40,3.63,1.00u,16,rlin_at_50mV,0.05,0.0680447,0.734811,11.757,3.58
pfet_03v3,ss,27,2.10,0.28u,1,drop_at_50mA,0.521921,0.05,10.4384,10.4384,1.57808
pfet_03v3,ss,27,2.10,0.28u,1,drop_at_100mA,5.58193,0.1,55.8193,55.8193,-3.48193
pfet_03v3,ss,27,2.10,0.28u,1,rlin_at_50mV,0.05,0.00637415,7.84418,7.84418,2.05
pfet_03v3,ss,27,2.10,0.28u,2,drop_at_50mA,0.215667,0.05,4.31335,8.62669,1.88433
pfet_03v3,ss,27,2.10,0.28u,2,drop_at_100mA,0.521921,0.1,5.21921,10.4384,1.57808
pfet_03v3,ss,27,2.10,0.28u,2,rlin_at_50mV,0.05,0.0127483,3.92209,7.84418,2.05
pfet_03v3,ss,27,2.10,0.28u,4,drop_at_50mA,0.100907,0.05,2.01814,8.07257,1.99909
pfet_03v3,ss,27,2.10,0.28u,4,drop_at_100mA,0.215667,0.1,2.15667,8.62669,1.88433
pfet_03v3,ss,27,2.10,0.28u,4,rlin_at_50mV,0.05,0.0254966,1.96105,7.84418,2.05
pfet_03v3,ss,27,2.10,0.28u,8,drop_at_50mA,0.0489987,0.05,0.979974,7.83979,2.051
pfet_03v3,ss,27,2.10,0.28u,8,drop_at_100mA,0.100907,0.1,1.00907,8.07257,1.99909
pfet_03v3,ss,27,2.10,0.28u,8,rlin_at_50mV,0.05,0.0509932,0.980523,7.84418,2.05
pfet_03v3,ss,27,2.10,0.28u,16,drop_at_50mA,0.0241626,0.05,0.483252,7.73203,2.07584
pfet_03v3,ss,27,2.10,0.28u,16,drop_at_100mA,0.0489987,0.1,0.489987,7.83979,2.051
pfet_03v3,ss,27,2.10,0.28u,16,rlin_at_50mV,0.05,0.101986,0.490261,7.84418,2.05
pfet_03v3,ss,27,2.10,0.50u,1,drop_at_50mA,6.05409,0.05,121.082,121.082,-3.95409
pfet_03v3,ss,27,2.10,0.50u,1,drop_at_100mA,7.69117,0.1,76.9117,76.9117,-5.59117
pfet_03v3,ss,27,2.10,0.50u,1,rlin_at_50mV,0.05,0.0036427,13.7261,13.7261,2.05
pfet_03v3,ss,27,2.10,0.50u,2,drop_at_50mA,0.436103,0.05,8.72207,17.4441,1.6639
pfet_03v3,ss,27,2.10,0.50u,2,drop_at_100mA,6.05409,0.1,60.5409,121.082,-3.95409
pfet_03v3,ss,27,2.10,0.50u,2,rlin_at_50mV,0.05,0.00728541,6.86303,13.7261,2.05
pfet_03v3,ss,27,2.10,0.50u,4,drop_at_50mA,0.185771,0.05,3.71542,14.8617,1.91423
pfet_03v3,ss,27,2.10,0.50u,4,drop_at_100mA,0.436103,0.1,4.36103,17.4441,1.6639
pfet_03v3,ss,27,2.10,0.50u,4,rlin_at_50mV,0.05,0.0145708,3.43152,13.7261,2.05
pfet_03v3,ss,27,2.10,0.50u,8,drop_at_50mA,0.0876601,0.05,1.7532,14.0256,2.01234
pfet_03v3,ss,27,2.10,0.50u,8,drop_at_100mA,0.185771,0.1,1.85771,14.8617,1.91423
pfet_03v3,ss,27,2.10,0.50u,8,rlin_at_50mV,0.05,0.0291416,1.71576,13.7261,2.05
pfet_03v3,ss,27,2.10,0.50u,16,drop_at_50mA,0.0427169,0.05,0.854338,13.6694,2.05728
pfet_03v3,ss,27,2.10,0.50u,16,drop_at_100mA,0.0876601,0.1,0.876601,14.0256,2.01234
pfet_03v3,ss,27,2.10,0.50u,16,rlin_at_50mV,0.05,0.0582833,0.857879,13.7261,2.05
pfet_03v3,ss,27,2.10,1.00u,1,drop_at_50mA,7.5766,0.05,151.532,151.532,-5.4766
pfet_03v3,ss,27,2.10,1.00u,1,drop_at_100mA,8.69113,0.1,86.9113,86.9113,-6.59113
pfet_03v3,ss,27,2.10,1.00u,1,rlin_at_50mV,0.05,0.0018375,27.2109,27.2109,2.05
pfet_03v3,ss,27,2.10,1.00u,2,drop_at_50mA,6.2617,0.05,125.234,250.468,-4.1617
pfet_03v3,ss,27,2.10,1.00u,2,drop_at_100mA,7.5766,0.1,75.766,151.532,-5.4766
pfet_03v3,ss,27,2.10,1.00u,2,rlin_at_50mV,0.05,0.003675,13.6055,27.2109,2.05
pfet_03v3,ss,27,2.10,1.00u,4,drop_at_50mA,0.437752,0.05,8.75504,35.0202,1.66225
pfet_03v3,ss,27,2.10,1.00u,4,drop_at_100mA,6.2617,0.1,62.617,250.468,-4.1617
pfet_03v3,ss,27,2.10,1.00u,4,rlin_at_50mV,0.05,0.00734999,6.80273,27.2109,2.05
pfet_03v3,ss,27,2.10,1.00u,8,drop_at_50mA,0.184478,0.05,3.68956,29.5165,1.91552
pfet_03v3,ss,27,2.10,1.00u,8,drop_at_100mA,0.437752,0.1,4.37752,35.0202,1.66225
pfet_03v3,ss,27,2.10,1.00u,8,rlin_at_50mV,0.05,0.0147,3.40136,27.2109,2.05
pfet_03v3,ss,27,2.10,1.00u,16,drop_at_50mA,0.0869041,0.05,1.73808,27.8093,2.0131
pfet_03v3,ss,27,2.10,1.00u,16,drop_at_100mA,0.184478,0.1,1.84478,29.5165,1.91552
pfet_03v3,ss,27,2.10,1.00u,16,rlin_at_50mV,0.05,0.0294,1.70068,27.2109,2.05
pfet_03v3,ss,27,2.97,0.28u,1,drop_at_50mA,0.29927,0.05,5.9854,5.9854,2.67073
pfet_03v3,ss,27,2.97,0.28u,1,drop_at_100mA,0.698556,0.1,6.98556,6.98556,2.27144
pfet_03v3,ss,27,2.97,0.28u,1,rlin_at_50mV,0.05,0.0091533,5.46251,5.46251,2.92
pfet_03v3,ss,27,2.97,0.28u,2,drop_at_50mA,0.141149,0.05,2.82298,5.64596,2.82885
pfet_03v3,ss,27,2.97,0.28u,2,drop_at_100mA,0.29927,0.1,2.9927,5.9854,2.67073
pfet_03v3,ss,27,2.97,0.28u,2,rlin_at_50mV,0.05,0.0183066,2.73126,5.46251,2.92
pfet_03v3,ss,27,2.97,0.28u,4,drop_at_50mA,0.0687444,0.05,1.37489,5.49955,2.90126
pfet_03v3,ss,27,2.97,0.28u,4,drop_at_100mA,0.141149,0.1,1.41149,5.64596,2.82885
pfet_03v3,ss,27,2.97,0.28u,4,rlin_at_50mV,0.05,0.0366132,1.36563,5.46251,2.92
pfet_03v3,ss,27,2.97,0.28u,8,drop_at_50mA,0.0339441,0.05,0.678883,5.43106,2.93606
pfet_03v3,ss,27,2.97,0.28u,8,drop_at_100mA,0.0687444,0.1,0.687444,5.49955,2.90126
pfet_03v3,ss,27,2.97,0.28u,8,rlin_at_50mV,0.05,0.0732264,0.682814,5.46251,2.92
pfet_03v3,ss,27,2.97,0.28u,16,drop_at_50mA,0.0168684,0.05,0.337368,5.39789,2.95313
pfet_03v3,ss,27,2.97,0.28u,16,drop_at_100mA,0.0339441,0.1,0.339441,5.43106,2.93606
pfet_03v3,ss,27,2.97,0.28u,16,rlin_at_50mV,0.05,0.146453,0.341407,5.46251,2.92
pfet_03v3,ss,27,2.97,0.50u,1,drop_at_50mA,0.544532,0.05,10.8906,10.8906,2.42547
pfet_03v3,ss,27,2.97,0.50u,1,drop_at_100mA,4.89594,0.1,48.9594,48.9594,-1.92594
pfet_03v3,ss,27,2.97,0.50u,1,rlin_at_50mV,0.05,0.00549607,9.09741,9.09741,2.92
pfet_03v3,ss,27,2.97,0.50u,2,drop_at_50mA,0.243425,0.05,4.86851,9.73701,2.72657
pfet_03v3,ss,27,2.97,0.50u,2,drop_at_100mA,0.544532,0.1,5.44532,10.8906,2.42547
pfet_03v3,ss,27,2.97,0.50u,2,rlin_at_50mV,0.05,0.0109921,4.54871,9.09741,2.92
pfet_03v3,ss,27,2.97,0.50u,4,drop_at_50mA,0.116362,0.05,2.32725,9.30899,2.85364
pfet_03v3,ss,27,2.97,0.50u,4,drop_at_100mA,0.243425,0.1,2.43425,9.73701,2.72657
pfet_03v3,ss,27,2.97,0.50u,4,rlin_at_50mV,0.05,0.0219843,2.27435,9.09741,2.92
pfet_03v3,ss,27,2.97,0.50u,8,drop_at_50mA,0.0569959,0.05,1.13992,9.11935,2.913
pfet_03v3,ss,27,2.97,0.50u,8,drop_at_100mA,0.116362,0.1,1.16362,9.30899,2.85364
pfet_03v3,ss,27,2.97,0.50u,8,rlin_at_50mV,0.05,0.0439685,1.13718,9.09741,2.92
pfet_03v3,ss,27,2.97,0.50u,16,drop_at_50mA,0.0282177,0.05,0.564353,9.02965,2.94178
pfet_03v3,ss,27,2.97,0.50u,16,drop_at_100mA,0.0569959,0.1,0.569959,9.11935,2.913
pfet_03v3,ss,27,2.97,0.50u,16,rlin_at_50mV,0.05,0.0879371,0.568588,9.09741,2.92
pfet_03v3,ss,27,2.97,1.00u,1,drop_at_50mA,5.52959,0.05,110.592,110.592,-2.55959
pfet_03v3,ss,27,2.97,1.00u,1,drop_at_100mA,7.77654,0.1,77.7654,77.7654,-4.80654
pfet_03v3,ss,27,2.97,1.00u,1,rlin_at_50mV,0.05,0.00285095,17.538,17.538,2.92
pfet_03v3,ss,27,2.97,1.00u,2,drop_at_50mA,0.518659,0.05,10.3732,20.7464,2.45134
pfet_03v3,ss,27,2.97,1.00u,2,drop_at_100mA,5.52959,0.1,55.2959,110.592,-2.55959
pfet_03v3,ss,27,2.97,1.00u,2,rlin_at_50mV,0.05,0.00570191,8.769,17.538,2.92
pfet_03v3,ss,27,2.97,1.00u,4,drop_at_50mA,0.233501,0.05,4.67002,18.6801,2.7365
pfet_03v3,ss,27,2.97,1.00u,4,drop_at_100mA,0.518659,0.1,5.18659,20.7464,2.45134
pfet_03v3,ss,27,2.97,1.00u,4,rlin_at_50mV,0.05,0.0114038,4.3845,17.538,2.92
pfet_03v3,ss,27,2.97,1.00u,8,drop_at_50mA,0.111932,0.05,2.23863,17.9091,2.85807
pfet_03v3,ss,27,2.97,1.00u,8,drop_at_100mA,0.233501,0.1,2.33501,18.6801,2.7365
pfet_03v3,ss,27,2.97,1.00u,8,rlin_at_50mV,0.05,0.0228076,2.19225,17.538,2.92
pfet_03v3,ss,27,2.97,1.00u,16,drop_at_50mA,0.0548963,0.05,1.09793,17.5668,2.9151
pfet_03v3,ss,27,2.97,1.00u,16,drop_at_100mA,0.111932,0.1,1.11932,17.9091,2.85807
pfet_03v3,ss,27,2.97,1.00u,16,rlin_at_50mV,0.05,0.0456153,1.09612,17.538,2.92
pfet_03v3,ss,27,3.30,0.28u,1,drop_at_50mA,0.269492,0.05,5.38983,5.38983,3.03051
pfet_03v3,ss,27,3.30,0.28u,1,drop_at_100mA,0.602608,0.1,6.02608,6.02608,2.69739
pfet_03v3,ss,27,3.30,0.28u,1,rlin_at_50mV,0.05,0.0099587,5.02074,5.02074,3.25
pfet_03v3,ss,27,3.30,0.28u,2,drop_at_50mA,0.128725,0.05,2.57451,5.14902,3.17127
pfet_03v3,ss,27,3.30,0.28u,2,drop_at_100mA,0.269492,0.1,2.69492,5.38983,3.03051
pfet_03v3,ss,27,3.30,0.28u,2,rlin_at_50mV,0.05,0.0199174,2.51037,5.02074,3.25
pfet_03v3,ss,27,3.30,0.28u,4,drop_at_50mA,0.0630206,0.05,1.26041,5.04165,3.23698
pfet_03v3,ss,27,3.30,0.28u,4,drop_at_100mA,0.128725,0.1,1.28725,5.14902,3.17127
pfet_03v3,ss,27,3.30,0.28u,4,rlin_at_50mV,0.05,0.0398348,1.25518,5.02074,3.25
pfet_03v3,ss,27,3.30,0.28u,8,drop_at_50mA,0.0311921,0.05,0.623842,4.99073,3.26881
pfet_03v3,ss,27,3.30,0.28u,8,drop_at_100mA,0.0630206,0.1,0.630206,5.04165,3.23698
pfet_03v3,ss,27,3.30,0.28u,8,rlin_at_50mV,0.05,0.0796696,0.627592,5.02074,3.25
pfet_03v3,ss,27,3.30,0.28u,16,drop_at_50mA,0.0155185,0.05,0.31037,4.96592,3.28448
pfet_03v3,ss,27,3.30,0.28u,16,drop_at_100mA,0.0311921,0.1,0.311921,4.99073,3.26881
pfet_03v3,ss,27,3.30,0.28u,16,rlin_at_50mV,0.05,0.159339,0.313796,5.02074,3.25
pfet_03v3,ss,27,3.30,0.50u,1,drop_at_50mA,0.470836,0.05,9.41672,9.41672,2.82916
pfet_03v3,ss,27,3.30,0.50u,1,drop_at_100mA,1.23229,0.1,12.3229,12.3229,2.06771
pfet_03v3,ss,27,3.30,0.50u,1,rlin_at_50mV,0.05,0.00605403,8.25896,8.25896,3.25
pfet_03v3,ss,27,3.30,0.50u,2,drop_at_50mA,0.21726,0.05,4.3452,8.6904,3.08274
pfet_03v3,ss,27,3.30,0.50u,2,drop_at_100mA,0.470836,0.1,4.70836,9.41672,2.82916
pfet_03v3,ss,27,3.30,0.50u,2,rlin_at_50mV,0.05,0.0121081,4.12948,8.25896,3.25
pfet_03v3,ss,27,3.30,0.50u,4,drop_at_50mA,0.104961,0.05,2.09923,8.39692,3.19504
pfet_03v3,ss,27,3.30,0.50u,4,drop_at_100mA,0.21726,0.1,2.1726,8.6904,3.08274
pfet_03v3,ss,27,3.30,0.50u,4,rlin_at_50mV,0.05,0.0242161,2.06474,8.25896,3.25
pfet_03v3,ss,27,3.30,0.50u,8,drop_at_50mA,0.051644,0.05,1.03288,8.26303,3.24836
pfet_03v3,ss,27,3.30,0.50u,8,drop_at_100mA,0.104961,0.1,1.04961,8.39692,3.19504
pfet_03v3,ss,27,3.30,0.50u,8,rlin_at_50mV,0.05,0.0484323,1.03237,8.25896,3.25
pfet_03v3,ss,27,3.30,0.50u,16,drop_at_50mA,0.0256216,0.05,0.512432,8.19891,3.27438
pfet_03v3,ss,27,3.30,0.50u,16,drop_at_100mA,0.051644,0.1,0.51644,8.26303,3.24836
pfet_03v3,ss,27,3.30,0.50u,16,rlin_at_50mV,0.05,0.0968645,0.516185,8.25896,3.25
pfet_03v3,ss,27,3.30,1.00u,1,drop_at_50mA,1.12611,0.05,22.5222,22.5222,2.17389
pfet_03v3,ss,27,3.30,1.00u,1,drop_at_100mA,7.55536,0.1,75.5536,75.5536,-4.25536
pfet_03v3,ss,27,3.30,1.00u,1,rlin_at_50mV,0.05,0.00316611,15.7923,15.7923,3.25
pfet_03v3,ss,27,3.30,1.00u,2,drop_at_50mA,0.444603,0.05,8.89207,17.7841,2.8554
pfet_03v3,ss,27,3.30,1.00u,2,drop_at_100mA,1.12611,0.1,11.2611,22.5222,2.17389
pfet_03v3,ss,27,3.30,1.00u,2,rlin_at_50mV,0.05,0.00633222,7.89613,15.7923,3.25
pfet_03v3,ss,27,3.30,1.00u,4,drop_at_50mA,0.206664,0.05,4.13329,16.5331,3.09334
pfet_03v3,ss,27,3.30,1.00u,4,drop_at_100mA,0.444603,0.1,4.44603,17.7841,2.8554
pfet_03v3,ss,27,3.30,1.00u,4,rlin_at_50mV,0.05,0.0126644,3.94806,15.7923,3.25
pfet_03v3,ss,27,3.30,1.00u,8,drop_at_50mA,0.100143,0.05,2.00286,16.0229,3.19986
pfet_03v3,ss,27,3.30,1.00u,8,drop_at_100mA,0.206664,0.1,2.06664,16.5331,3.09334
pfet_03v3,ss,27,3.30,1.00u,8,rlin_at_50mV,0.05,0.0253289,1.97403,15.7923,3.25
pfet_03v3,ss,27,3.30,1.00u,16,drop_at_50mA,0.0493415,0.05,0.986829,15.7893,3.25066
pfet_03v3,ss,27,3.30,1.00u,16,drop_at_100mA,0.100143,0.1,1.00143,16.0229,3.19986
pfet_03v3,ss,27,3.30,1.00u,16,rlin_at_50mV,0.05,0.0506577,0.987016,15.7923,3.25
pfet_03v3,ss,27,3.63,0.28u,1,drop_at_50mA,0.248387,0.05,4.96774,4.96774,3.38161
pfet_03v3,ss,27,3.63,0.28u,1,drop_at_100mA,0.542085,0.1,5.42085,5.42085,3.08791
pfet_03v3,ss,27,3.63,0.28u,1,rlin_at_50mV,0.05,0.0106602,4.69032,4.69032,3.58
pfet_03v3,ss,27,3.63,0.28u,2,drop_at_50mA,0.119632,0.05,2.39264,4.78528,3.51037
pfet_03v3,ss,27,3.63,0.28u,2,drop_at_100mA,0.248387,0.1,2.48387,4.96774,3.38161
pfet_03v3,ss,27,3.63,0.28u,2,rlin_at_50mV,0.05,0.0213205,2.34516,4.69032,3.58
pfet_03v3,ss,27,3.63,0.28u,4,drop_at_50mA,0.0587769,0.05,1.17554,4.70215,3.57122
pfet_03v3,ss,27,3.63,0.28u,4,drop_at_100mA,0.119632,0.1,1.19632,4.78528,3.51037
pfet_03v3,ss,27,3.63,0.28u,4,rlin_at_50mV,0.05,0.042641,1.17258,4.69032,3.58
pfet_03v3,ss,27,3.63,0.28u,8,drop_at_50mA,0.0291398,0.05,0.582796,4.66237,3.60086
pfet_03v3,ss,27,3.63,0.28u,8,drop_at_100mA,0.0587769,0.1,0.587769,4.70215,3.57122
pfet_03v3,ss,27,3.63,0.28u,8,rlin_at_50mV,0.05,0.085282,0.58629,4.69032,3.58
pfet_03v3,ss,27,3.63,0.28u,16,drop_at_50mA,0.014509,0.05,0.290181,4.64289,3.61549
pfet_03v3,ss,27,3.63,0.28u,16,drop_at_100mA,0.0291398,0.1,0.291398,4.66237,3.60086
pfet_03v3,ss,27,3.63,0.28u,16,rlin_at_50mV,0.05,0.170564,0.293145,4.69032,3.58
pfet_03v3,ss,27,3.63,0.50u,1,drop_at_50mA,0.422853,0.05,8.45706,8.45706,3.20715
pfet_03v3,ss,27,3.63,0.50u,1,drop_at_100mA,1.0051,0.1,10.051,10.051,2.6249
pfet_03v3,ss,27,3.63,0.50u,1,rlin_at_50mV,0.05,0.00654737,7.63665,7.63665,3.58
pfet_03v3,ss,27,3.63,0.50u,2,drop_at_50mA,0.198708,0.05,3.97416,7.94831,3.43129
pfet_03v3,ss,27,3.63,0.50u,2,drop_at_100mA,0.422853,0.1,4.22853,8.45706,3.20715
pfet_03v3,ss,27,3.63,0.50u,2,rlin_at_50mV,0.05,0.0130947,3.81833,7.63665,3.58
pfet_03v3,ss,27,3.63,0.50u,4,drop_at_50mA,0.0966545,0.05,1.93309,7.73236,3.53335
pfet_03v3,ss,27,3.63,0.50u,4,drop_at_100mA,0.198708,0.1,1.98708,7.94831,3.43129
pfet_03v3,ss,27,3.63,0.50u,4,rlin_at_50mV,0.05,0.0261895,1.90916,7.63665,3.58
pfet_03v3,ss,27,3.63,0.50u,8,drop_at_50mA,0.0476999,0.05,0.953998,7.63198,3.5823
pfet_03v3,ss,27,3.63,0.50u,8,drop_at_100mA,0.0966545,0.1,0.966545,7.73236,3.53335
pfet_03v3,ss,27,3.63,0.50u,8,rlin_at_50mV,0.05,0.052379,0.954582,7.63665,3.58
pfet_03v3,ss,27,3.63,0.50u,16,drop_at_50mA,0.0236984,0.05,0.473969,7.5835,3.6063
pfet_03v3,ss,27,3.63,0.50u,16,drop_at_100mA,0.0476999,0.1,0.476999,7.63198,3.5823
pfet_03v3,ss,27,3.63,0.50u,16,rlin_at_50mV,0.05,0.104758,0.477291,7.63665,3.58
pfet_03v3,ss,27,3.63,1.00u,1,drop_at_50mA,0.920954,0.05,18.4191,18.4191,2.70905
pfet_03v3,ss,27,3.63,1.00u,1,drop_at_100mA,7.28354,0.1,72.8354,72.8354,-3.65354
pfet_03v3,ss,27,3.63,1.00u,1,rlin_at_50mV,0.05,0.00344843,14.4994,14.4994,3.58
pfet_03v3,ss,27,3.63,1.00u,2,drop_at_50mA,0.396624,0.05,7.93249,15.865,3.23338
pfet_03v3,ss,27,3.63,1.00u,2,drop_at_100mA,0.920954,0.1,9.20954,18.4191,2.70905
pfet_03v3,ss,27,3.63,1.00u,2,rlin_at_50mV,0.05,0.00689686,7.24968,14.4994,3.58
pfet_03v3,ss,27,3.63,1.00u,4,drop_at_50mA,0.187703,0.05,3.75405,15.0162,3.4423
pfet_03v3,ss,27,3.63,1.00u,4,drop_at_100mA,0.396624,0.1,3.96624,15.865,3.23338
pfet_03v3,ss,27,3.63,1.00u,4,rlin_at_50mV,0.05,0.0137937,3.62484,14.4994,3.58
pfet_03v3,ss,27,3.63,1.00u,8,drop_at_50mA,0.0915755,0.05,1.83151,14.6521,3.53842
pfet_03v3,ss,27,3.63,1.00u,8,drop_at_100mA,0.187703,0.1,1.87703,15.0162,3.4423
pfet_03v3,ss,27,3.63,1.00u,8,rlin_at_50mV,0.05,0.0275874,1.81242,14.4994,3.58
pfet_03v3,ss,27,3.63,1.00u,16,drop_at_50mA,0.0452566,0.05,0.905132,14.4821,3.58474
pfet_03v3,ss,27,3.63,1.00u,16,drop_at_100mA,0.0915755,0.1,0.915755,14.6521,3.53842
pfet_03v3,ss,27,3.63,1.00u,16,rlin_at_50mV,0.05,0.0551749,0.90621,14.4994,3.58
pfet_03v3,ss,125,2.10,0.28u,1,drop_at_50mA,0.644058,0.05,12.8812,12.8812,1.45594
pfet_03v3,ss,125,2.10,0.28u,1,drop_at_100mA,5.99635,0.1,59.9635,59.9635,-3.89635
pfet_03v3,ss,125,2.10,0.28u,1,rlin_at_50mV,0.05,0.00536617,9.31764,9.31764,2.05
pfet_03v3,ss,125,2.10,0.28u,2,drop_at_50mA,0.259226,0.05,5.18452,10.369,1.84077
pfet_03v3,ss,125,2.10,0.28u,2,drop_at_100mA,0.644058,0.1,6.44058,12.8812,1.45594
pfet_03v3,ss,125,2.10,0.28u,2,rlin_at_50mV,0.05,0.0107323,4.65882,9.31764,2.05
pfet_03v3,ss,125,2.10,0.28u,4,drop_at_50mA,0.120664,0.05,2.41328,9.6531,1.97934
pfet_03v3,ss,125,2.10,0.28u,4,drop_at_100mA,0.259226,0.1,2.59226,10.369,1.84077
pfet_03v3,ss,125,2.10,0.28u,4,rlin_at_50mV,0.05,0.0214647,2.32941,9.31764,2.05
pfet_03v3,ss,125,2.10,0.28u,8,drop_at_50mA,0.0584808,0.05,1.16962,9.35692,2.04152
pfet_03v3,ss,125,2.10,0.28u,8,drop_at_100mA,0.120664,0.1,1.20664,9.6531,1.97934
pfet_03v3,ss,125,2.10,0.28u,8,rlin_at_50mV,0.05,0.0429293,1.1647,9.31764,2.05
pfet_03v3,ss,125,2.10,0.28u,16,drop_at_50mA,0.0288144,0.05,0.576289,9.22062,2.07119
pfet_03v3,ss,125,2.10,0.28u,16,drop_at_100mA,0.0584808,0.1,0.584808,9.35692,2.04152
pfet_03v3,ss,125,2.10,0.28u,16,rlin_at_50mV,0.05,0.0858587,0.582352,9.31764,2.05
pfet_03v3,ss,125,2.10,0.50u,1,drop_at_50mA,6.51308,0.05,130.262,130.262,-4.41308
pfet_03v3,ss,125,2.10,0.50u,1,drop_at_100mA,8.00733,0.1,80.0733,80.0733,-5.90733
pfet_03v3,ss,125,2.10,0.50u,1,rlin_at_50mV,0.05,0.00297351,16.8151,16.8151,2.05
pfet_03v3,ss,125,2.10,0.50u,2,drop_at_50mA,0.5608,0.05,11.216,22.432,1.5392
pfet_03v3,ss,125,2.10,0.50u,2,drop_at_100mA,6.51308,0.1,65.1308,130.262,-4.41308
pfet_03v3,ss,125,2.10,0.50u,2,rlin_at_50mV,0.05,0.00594703,8.40756,16.8151,2.05
pfet_03v3,ss,125,2.10,0.50u,4,drop_at_50mA,0.231131,0.05,4.62262,18.4905,1.86887
pfet_03v3,ss,125,2.10,0.50u,4,drop_at_100mA,0.5608,0.1,5.608,22.432,1.5392
pfet_03v3,ss,125,2.10,0.50u,4,rlin_at_50mV,0.05,0.0118941,4.20378,16.8151,2.05
pfet_03v3,ss,125,2.10,0.50u,8,drop_at_50mA,0.108275,0.05,2.1655,17.324,1.99173
pfet_03v3,ss,125,2.10,0.50u,8,drop_at_100mA,0.231131,0.1,2.31131,18.4905,1.86887
pfet_03v3,ss,125,2.10,0.50u,8,rlin_at_50mV,0.05,0.0237881,2.10189,16.8151,2.05
pfet_03v3,ss,125,2.10,0.50u,16,drop_at_50mA,0.0526169,0.05,1.05234,16.8374,2.04738
pfet_03v3,ss,125,2.10,0.50u,16,drop_at_100mA,0.108275,0.1,1.08275,17.324,1.99173
pfet_03v3,ss,125,2.10,0.50u,16,rlin_at_50mV,0.05,0.0475762,1.05095,16.8151,2.05
pfet_03v3,ss,125,2.10,1.00u,1,drop_at_50mA,7.88176,0.05,157.635,157.635,-5.78176
pfet_03v3,ss,125,2.10,1.00u,1,drop_at_100mA,9.00502,0.1,90.0502,90.0502,-6.90502
pfet_03v3,ss,125,2.10,1.00u,1,rlin_at_50mV,0.05,0.00147206,33.966,33.966,2.05
pfet_03v3,ss,125,2.10,1.00u,2,drop_at_50mA,6.66307,0.05,133.261,266.523,-4.56307
pfet_03v3,ss,125,2.10,1.00u,2,drop_at_100mA,7.88176,0.1,78.8176,157.635,-5.78176
pfet_03v3,ss,125,2.10,1.00u,2,rlin_at_50mV,0.05,0.00294412,16.983,33.966,2.05
pfet_03v3,ss,125,2.10,1.00u,4,drop_at_50mA,0.586494,0.05,11.7299,46.9195,1.51351
pfet_03v3,ss,125,2.10,1.00u,4,drop_at_100mA,6.66307,0.1,66.6307,266.523,-4.56307
pfet_03v3,ss,125,2.10,1.00u,4,rlin_at_50mV,0.05,0.00588824,8.49151,33.966,2.05
pfet_03v3,ss,125,2.10,1.00u,8,drop_at_50mA,0.23488,0.05,4.6976,37.5808,1.86512
pfet_03v3,ss,125,2.10,1.00u,8,drop_at_100mA,0.586494,0.1,5.86494,46.9195,1.51351
pfet_03v3,ss,125,2.10,1.00u,8,rlin_at_50mV,0.05,0.0117765,4.24575,33.966,2.05
pfet_03v3,ss,125,2.10,1.00u,16,drop_at_50mA,0.109551,0.05,2.19102,35.0563,1.99045
pfet_03v3,ss,125,2.10,1.00u,16,drop_at_100mA,0.23488,0.1,2.3488,37.5808,1.86512
pfet_03v3,ss,125,2.10,1.00u,16,rlin_at_50mV,0.05,0.0235529,2.12288,33.966,2.05
pfet_03v3,ss,125,2.97,0.28u,1,drop_at_50mA,0.365693,0.05,7.31385,7.31385,2.60431
pfet_03v3,ss,125,2.97,0.28u,1,drop_at_100mA,0.880425,0.1,8.80425,8.80425,2.08958
pfet_03v3,ss,125,2.97,0.28u,1,rlin_at_50mV,0.05,0.00759995,6.57899,6.57899,2.92
pfet_03v3,ss,125,2.97,0.28u,2,drop_at_50mA,0.171194,0.05,3.42388,6.84776,2.79881
pfet_03v3,ss,125,2.97,0.28u,2,drop_at_100mA,0.365693,0.1,3.65693,7.31385,2.60431
pfet_03v3,ss,125,2.97,0.28u,2,rlin_at_50mV,0.05,0.0151999,3.28949,6.57899,2.92
pfet_03v3,ss,125,2.97,0.28u,4,drop_at_50mA,0.0831367,0.05,1.66273,6.65093,2.88686
pfet_03v3,ss,125,2.97,0.28u,4,drop_at_100mA,0.171194,0.1,1.71194,6.84776,2.79881
pfet_03v3,ss,125,2.97,0.28u,4,rlin_at_50mV,0.05,0.0303998,1.64475,6.57899,2.92
pfet_03v3,ss,125,2.97,0.28u,8,drop_at_50mA,0.0409977,0.05,0.819955,6.55964,2.929
pfet_03v3,ss,125,2.97,0.28u,8,drop_at_100mA,0.0831367,0.1,0.831367,6.65093,2.88686
pfet_03v3,ss,125,2.97,0.28u,8,rlin_at_50mV,0.05,0.0607996,0.822374,6.57899,2.92
pfet_03v3,ss,125,2.97,0.28u,16,drop_at_50mA,0.0203612,0.05,0.407224,6.51558,2.94964
pfet_03v3,ss,125,2.97,0.28u,16,drop_at_100mA,0.0409977,0.1,0.409977,6.55964,2.929
pfet_03v3,ss,125,2.97,0.28u,16,rlin_at_50mV,0.05,0.121599,0.411187,6.57899,2.92
pfet_03v3,ss,125,2.97,0.50u,1,drop_at_50mA,0.707505,0.05,14.1501,14.1501,2.2625
pfet_03v3,ss,125,2.97,0.50u,1,drop_at_100mA,6.58656,0.1,65.8656,65.8656,-3.61656
pfet_03v3,ss,125,2.97,0.50u,1,rlin_at_50mV,0.05,0.00441583,11.3229,11.3229,2.92
pfet_03v3,ss,125,2.97,0.50u,2,drop_at_50mA,0.307682,0.05,6.15365,12.3073,2.66232
pfet_03v3,ss,125,2.97,0.50u,2,drop_at_100mA,0.707505,0.1,7.07505,14.1501,2.2625
pfet_03v3,ss,125,2.97,0.50u,2,rlin_at_50mV,0.05,0.00883167,5.66145,11.3229,2.92
pfet_03v3,ss,125,2.97,0.50u,4,drop_at_50mA,0.145919,0.05,2.91837,11.6735,2.82408
pfet_03v3,ss,125,2.97,0.50u,4,drop_at_100mA,0.307682,0.1,3.07682,12.3073,2.66232
pfet_03v3,ss,125,2.97,0.50u,4,rlin_at_50mV,0.05,0.0176633,2.83072,11.3229,2.92
pfet_03v3,ss,125,2.97,0.50u,8,drop_at_50mA,0.0712439,0.05,1.42488,11.399,2.89876
pfet_03v3,ss,125,2.97,0.50u,8,drop_at_100mA,0.145919,0.1,1.45919,11.6735,2.82408
pfet_03v3,ss,125,2.97,0.50u,8,rlin_at_50mV,0.05,0.0353267,1.41536,11.3229,2.92
pfet_03v3,ss,125,2.97,0.50u,16,drop_at_50mA,0.0352201,0.05,0.704401,11.2704,2.93478
pfet_03v3,ss,125,2.97,0.50u,16,drop_at_100mA,0.0712439,0.1,0.712439,11.399,2.89876
pfet_03v3,ss,125,2.97,0.50u,16,rlin_at_50mV,0.05,0.0706533,0.707681,11.3229,2.92
pfet_03v3,ss,125,2.97,1.00u,1,drop_at_50mA,6.7287,0.05,134.574,134.574,-3.7587
pfet_03v3,ss,125,2.97,1.00u,1,drop_at_100mA,8.18965,0.1,81.8965,81.8965,-5.21965
pfet_03v3,ss,125,2.97,1.00u,1,rlin_at_50mV,0.05,0.00224699,22.252,22.252,2.92
pfet_03v3,ss,125,2.97,1.00u,2,drop_at_50mA,0.69138,0.05,13.8276,27.6552,2.27862
pfet_03v3,ss,125,2.97,1.00u,2,drop_at_100mA,6.7287,0.1,67.287,134.574,-3.7587
pfet_03v3,ss,125,2.97,1.00u,2,rlin_at_50mV,0.05,0.00449398,11.126,22.252,2.92
pfet_03v3,ss,125,2.97,1.00u,4,drop_at_50mA,0.301492,0.05,6.02984,24.1194,2.66851
pfet_03v3,ss,125,2.97,1.00u,4,drop_at_100mA,0.69138,0.1,6.9138,27.6552,2.27862
pfet_03v3,ss,125,2.97,1.00u,4,rlin_at_50mV,0.05,0.00898796,5.563,22.252,2.92
pfet_03v3,ss,125,2.97,1.00u,8,drop_at_50mA,0.143201,0.05,2.86403,22.9122,2.8268
pfet_03v3,ss,125,2.97,1.00u,8,drop_at_100mA,0.301492,0.1,3.01492,24.1194,2.66851
pfet_03v3,ss,125,2.97,1.00u,8,rlin_at_50mV,0.05,0.0179759,2.7815,22.252,2.92
pfet_03v3,ss,125,2.97,1.00u,16,drop_at_50mA,0.0699703,0.05,1.39941,22.3905,2.90003
pfet_03v3,ss,125,2.97,1.00u,16,drop_at_100mA,0.143201,0.1,1.43201,22.9122,2.8268
pfet_03v3,ss,125,2.97,1.00u,16,rlin_at_50mV,0.05,0.0359519,1.39075,22.252,2.92
pfet_03v3,ss,125,3.30,0.28u,1,drop_at_50mA,0.327828,0.05,6.55656,6.55656,2.97217
pfet_03v3,ss,125,3.30,0.28u,1,drop_at_100mA,0.747083,0.1,7.47083,7.47083,2.55292
pfet_03v3,ss,125,3.30,0.28u,1,rlin_at_50mV,0.05,0.00828165,6.03744,6.03744,3.25
pfet_03v3,ss,125,3.30,0.28u,2,drop_at_50mA,0.155695,0.05,3.1139,6.2278,3.14431
pfet_03v3,ss,125,3.30,0.28u,2,drop_at_100mA,0.327828,0.1,3.27828,6.55656,2.97217
pfet_03v3,ss,125,3.30,0.28u,2,rlin_at_50mV,0.05,0.0165633,3.01872,6.03744,3.25
pfet_03v3,ss,125,3.30,0.28u,4,drop_at_50mA,0.0760447,0.05,1.52089,6.08358,3.22396
pfet_03v3,ss,125,3.30,0.28u,4,drop_at_100mA,0.155695,0.1,1.55695,6.2278,3.14431
pfet_03v3,ss,125,3.30,0.28u,4,rlin_at_50mV,0.05,0.0331266,1.50936,6.03744,3.25
pfet_03v3,ss,125,3.30,0.28u,8,drop_at_50mA,0.0375978,0.05,0.751956,6.01565,3.2624
pfet_03v3,ss,125,3.30,0.28u,8,drop_at_100mA,0.0760447,0.1,0.760447,6.08358,3.22396
pfet_03v3,ss,125,3.30,0.28u,8,rlin_at_50mV,0.05,0.0662532,0.754681,6.03744,3.25
pfet_03v3,ss,125,3.30,0.28u,16,drop_at_50mA,0.0186958,0.05,0.373915,5.98264,3.2813
pfet_03v3,ss,125,3.30,0.28u,16,drop_at_100mA,0.0375978,0.1,0.375978,6.01565,3.2624
pfet_03v3,ss,125,3.30,0.28u,16,rlin_at_50mV,0.05,0.132506,0.37734,6.03744,3.25
pfet_03v3,ss,125,3.30,0.50u,1,drop_at_50mA,0.602201,0.05,12.044,12.044,2.6978
pfet_03v3,ss,125,3.30,0.50u,1,drop_at_100mA,1.98871,0.1,19.8871,19.8871,1.31129
pfet_03v3,ss,125,3.30,0.50u,1,rlin_at_50mV,0.05,0.00487318,10.2602,10.2602,3.25
pfet_03v3,ss,125,3.30,0.50u,2,drop_at_50mA,0.273128,0.05,5.46256,10.9251,3.02687
pfet_03v3,ss,125,3.30,0.50u,2,drop_at_100mA,0.602201,0.1,6.02201,12.044,2.6978
pfet_03v3,ss,125,3.30,0.50u,2,rlin_at_50mV,0.05,0.00974636,5.13012,10.2602,3.25
pfet_03v3,ss,125,3.30,0.50u,4,drop_at_50mA,0.131179,0.05,2.62358,10.4943,3.16882
pfet_03v3,ss,125,3.30,0.50u,4,drop_at_100mA,0.273128,0.1,2.73128,10.9251,3.02687
pfet_03v3,ss,125,3.30,0.50u,4,rlin_at_50mV,0.05,0.0194927,2.56506,10.2602,3.25
pfet_03v3,ss,125,3.30,0.50u,8,drop_at_50mA,0.0643818,0.05,1.28764,10.3011,3.23562
pfet_03v3,ss,125,3.30,0.50u,8,drop_at_100mA,0.131179,0.1,1.31179,10.4943,3.16882
pfet_03v3,ss,125,3.30,0.50u,8,rlin_at_50mV,0.05,0.0389854,1.28253,10.2602,3.25
pfet_03v3,ss,125,3.30,0.50u,16,drop_at_50mA,0.0319038,0.05,0.638076,10.2092,3.2681
pfet_03v3,ss,125,3.30,0.50u,16,drop_at_100mA,0.0643818,0.1,0.643818,10.3011,3.23562
pfet_03v3,ss,125,3.30,0.50u,16,rlin_at_50mV,0.05,0.0779709,0.641265,10.2602,3.25
pfet_03v3,ss,125,3.30,1.00u,1,drop_at_50mA,1.82845,0.05,36.5689,36.5689,1.47155
pfet_03v3,ss,125,3.30,1.00u,1,drop_at_100mA,8.02635,0.1,80.2635,80.2635,-4.72635
pfet_03v3,ss,125,3.30,1.00u,1,rlin_at_50mV,0.05,0.00250084,19.9933,19.9933,3.25
pfet_03v3,ss,125,3.30,1.00u,2,drop_at_50mA,0.581218,0.05,11.6244,23.2487,2.71878
pfet_03v3,ss,125,3.30,1.00u,2,drop_at_100mA,1.82845,0.1,18.2845,36.5689,1.47155
pfet_03v3,ss,125,3.30,1.00u,2,rlin_at_50mV,0.05,0.00500167,9.99666,19.9933,3.25
pfet_03v3,ss,125,3.30,1.00u,4,drop_at_50mA,0.265068,0.05,5.30136,21.2054,3.03493
pfet_03v3,ss,125,3.30,1.00u,4,drop_at_100mA,0.581218,0.1,5.81218,23.2487,2.71878
pfet_03v3,ss,125,3.30,1.00u,4,rlin_at_50mV,0.05,0.0100033,4.99833,19.9933,3.25
pfet_03v3,ss,125,3.30,1.00u,8,drop_at_50mA,0.127599,0.05,2.55199,20.4159,3.1724
pfet_03v3,ss,125,3.30,1.00u,8,drop_at_100mA,0.265068,0.1,2.65068,21.2054,3.03493
pfet_03v3,ss,125,3.30,1.00u,8,rlin_at_50mV,0.05,0.0200067,2.49916,19.9933,3.25
pfet_03v3,ss,125,3.30,1.00u,16,drop_at_50mA,0.0626917,0.05,1.25383,20.0613,3.23731
pfet_03v3,ss,125,3.30,1.00u,16,drop_at_100mA,0.127599,0.1,1.27599,20.4159,3.1724
pfet_03v3,ss,125,3.30,1.00u,16,rlin_at_50mV,0.05,0.0400134,1.24958,19.9933,3.25
pfet_03v3,ss,125,3.63,0.28u,1,drop_at_50mA,0.300548,0.05,6.01095,6.01095,3.32945
pfet_03v3,ss,125,3.63,0.28u,1,drop_at_100mA,0.66478,0.1,6.6478,6.6478,2.96522
pfet_03v3,ss,125,3.63,0.28u,1,rlin_at_50mV,0.05,0.00889397,5.62179,5.62179,3.58
pfet_03v3,ss,125,3.63,0.28u,2,drop_at_50mA,0.144093,0.05,2.88186,5.76371,3.48591
pfet_03v3,ss,125,3.63,0.28u,2,drop_at_100mA,0.300548,0.1,3.00548,6.01095,3.32945
pfet_03v3,ss,125,3.63,0.28u,2,rlin_at_50mV,0.05,0.0177879,2.81089,5.62179,3.58
pfet_03v3,ss,125,3.63,0.28u,4,drop_at_50mA,0.0706566,0.05,1.41313,5.65253,3.55934
pfet_03v3,ss,125,3.63,0.28u,4,drop_at_100mA,0.144093,0.1,1.44093,5.76371,3.48591
pfet_03v3,ss,125,3.63,0.28u,4,rlin_at_50mV,0.05,0.0355759,1.40545,5.62179,3.58
pfet_03v3,ss,125,3.63,0.28u,8,drop_at_50mA,0.0349975,0.05,0.699951,5.5996,3.595
pfet_03v3,ss,125,3.63,0.28u,8,drop_at_100mA,0.0706566,0.1,0.706566,5.65253,3.55934
pfet_03v3,ss,125,3.63,0.28u,8,rlin_at_50mV,0.05,0.0711518,0.702723,5.62179,3.58
pfet_03v3,ss,125,3.63,0.28u,16,drop_at_50mA,0.017418,0.05,0.34836,5.57377,3.61258
pfet_03v3,ss,125,3.63,0.28u,16,drop_at_100mA,0.0349975,0.1,0.349975,5.5996,3.595
pfet_03v3,ss,125,3.63,0.28u,16,rlin_at_50mV,0.05,0.142304,0.351362,5.62179,3.58
pfet_03v3,ss,125,3.63,0.50u,1,drop_at_50mA,0.534697,0.05,10.6939,10.6939,3.0953
pfet_03v3,ss,125,3.63,0.50u,1,drop_at_100mA,1.34998,0.1,13.4998,13.4998,2.28002
pfet_03v3,ss,125,3.63,0.50u,1,rlin_at_50mV,0.05,0.00529086,9.45025,9.45025,3.58
pfet_03v3,ss,125,3.63,0.50u,2,drop_at_50mA,0.24823,0.05,4.9646,9.92921,3.38177
pfet_03v3,ss,125,3.63,0.50u,2,drop_at_100mA,0.534697,0.1,5.34697,10.6939,3.0953
pfet_03v3,ss,125,3.63,0.50u,2,rlin_at_50mV,0.05,0.0105817,4.72513,9.45025,3.58
pfet_03v3,ss,125,3.63,0.50u,4,drop_at_50mA,0.120194,0.05,2.40389,9.61554,3.50981
pfet_03v3,ss,125,3.63,0.50u,4,drop_at_100mA,0.24823,0.1,2.4823,9.92921,3.38177
pfet_03v3,ss,125,3.63,0.50u,4,rlin_at_50mV,0.05,0.0211635,2.36256,9.45025,3.58
pfet_03v3,ss,125,3.63,0.50u,8,drop_at_50mA,0.0591978,0.05,1.18396,9.47165,3.5708
pfet_03v3,ss,125,3.63,0.50u,8,drop_at_100mA,0.120194,0.1,1.20194,9.61554,3.50981
pfet_03v3,ss,125,3.63,0.50u,8,rlin_at_50mV,0.05,0.0423269,1.18128,9.45025,3.58
pfet_03v3,ss,125,3.63,0.50u,16,drop_at_50mA,0.029383,0.05,0.58766,9.40256,3.60062
pfet_03v3,ss,125,3.63,0.50u,16,drop_at_100mA,0.0591978,0.1,0.591978,9.47165,3.5708
pfet_03v3,ss,125,3.63,0.50u,16,rlin_at_50mV,0.05,0.0846538,0.590641,9.45025,3.58
pfet_03v3,ss,125,3.63,1.00u,1,drop_at_50mA,1.26067,0.05,25.2134,25.2134,2.36933
pfet_03v3,ss,125,3.63,1.00u,1,drop_at_100mA,7.8689,0.1,78.689,78.689,-4.2389
pfet_03v3,ss,125,3.63,1.00u,1,rlin_at_50mV,0.05,0.00273606,18.2745,18.2745,3.58
pfet_03v3,ss,125,3.63,1.00u,2,drop_at_50mA,0.511551,0.05,10.231,20.4621,3.11845
pfet_03v3,ss,125,3.63,1.00u,2,drop_at_100mA,1.26067,0.1,12.6067,25.2134,2.36933
pfet_03v3,ss,125,3.63,1.00u,2,rlin_at_50mV,0.05,0.00547212,9.13723,18.2745,3.58
pfet_03v3,ss,125,3.63,1.00u,4,drop_at_50mA,0.238963,0.05,4.77925,19.117,3.39104
pfet_03v3,ss,125,3.63,1.00u,4,drop_at_100mA,0.511551,0.1,5.11551,20.4621,3.11845
pfet_03v3,ss,125,3.63,1.00u,4,rlin_at_50mV,0.05,0.0109442,4.56862,18.2745,3.58
pfet_03v3,ss,125,3.63,1.00u,8,drop_at_50mA,0.116007,0.05,2.32014,18.5611,3.51399
pfet_03v3,ss,125,3.63,1.00u,8,drop_at_100mA,0.238963,0.1,2.38963,19.117,3.39104
pfet_03v3,ss,125,3.63,1.00u,8,rlin_at_50mV,0.05,0.0218885,2.28431,18.2745,3.58
pfet_03v3,ss,125,3.63,1.00u,16,drop_at_50mA,0.0572043,0.05,1.14409,18.3054,3.5728
pfet_03v3,ss,125,3.63,1.00u,16,drop_at_100mA,0.116007,0.1,1.16007,18.5611,3.51399
pfet_03v3,ss,125,3.63,1.00u,16,rlin_at_50mV,0.05,0.0437769,1.14215,18.2745,3.58
pfet_03v3,fs,-40,2.10,0.28u,1,drop_at_50mA,0.390878,0.05,7.81756,7.81756,1.70912
pfet_03v3,fs,-40,2.10,0.28u,1,drop_at_100mA,4.05928,0.1,40.5928,40.5928,-1.95928
pfet_03v3,fs,-40,2.10,0.28u,1,rlin_at_50mV,0.05,0.00792094,6.31239,6.31239,2.05
pfet_03v3,fs,-40,2.10,0.28u,2,drop_at_50mA,0.169639,0.05,3.39278,6.78557,1.93036
pfet_03v3,fs,-40,2.10,0.28u,2,drop_at_100mA,0.390878,0.1,3.90878,7.81756,1.70912
pfet_03v3,fs,-40,2.10,0.28u,2,rlin_at_50mV,0.05,0.0158419,3.15619,6.31239,2.05
pfet_03v3,fs,-40,2.10,0.28u,4,drop_at_50mA,0.0803444,0.05,1.60689,6.42755,2.01966
pfet_03v3,fs,-40,2.10,0.28u,4,drop_at_100mA,0.169639,0.1,1.69639,6.78557,1.93036
pfet_03v3,fs,-40,2.10,0.28u,4,rlin_at_50mV,0.05,0.0316837,1.5781,6.31239,2.05
pfet_03v3,fs,-40,2.10,0.28u,8,drop_at_50mA,0.0392009,0.05,0.784019,6.27215,2.0608
pfet_03v3,fs,-40,2.10,0.28u,8,drop_at_100mA,0.0803444,0.1,0.803444,6.42755,2.01966
pfet_03v3,fs,-40,2.10,0.28u,8,rlin_at_50mV,0.05,0.0633675,0.789048,6.31239,2.05
pfet_03v3,fs,-40,2.10,0.28u,16,drop_at_50mA,0.0193727,0.05,0.387454,6.19927,2.08063
pfet_03v3,fs,-40,2.10,0.28u,16,drop_at_100mA,0.0392009,0.1,0.392009,6.27215,2.0608
pfet_03v3,fs,-40,2.10,0.28u,16,rlin_at_50mV,0.05,0.126735,0.394524,6.31239,2.05
pfet_03v3,fs,-40,2.10,0.50u,1,drop_at_50mA,4.51663,0.05,90.3326,90.3326,-2.41663
pfet_03v3,fs,-40,2.10,0.50u,1,drop_at_100mA,7.20357,0.1,72.0357,72.0357,-5.10357
pfet_03v3,fs,-40,2.10,0.50u,1,rlin_at_50mV,0.05,0.00463218,10.7941,10.7941,2.05
pfet_03v3,fs,-40,2.10,0.50u,2,drop_at_50mA,0.320695,0.05,6.41389,12.8278,1.77931
pfet_03v3,fs,-40,2.10,0.50u,2,drop_at_100mA,4.51663,0.1,45.1663,90.3326,-2.41663
pfet_03v3,fs,-40,2.10,0.50u,2,rlin_at_50mV,0.05,0.00926436,5.39703,10.7941,2.05
pfet_03v3,fs,-40,2.10,0.50u,4,drop_at_50mA,0.14281,0.05,2.8562,11.4248,1.95719
pfet_03v3,fs,-40,2.10,0.50u,4,drop_at_100mA,0.320695,0.1,3.20695,12.8278,1.77931
pfet_03v3,fs,-40,2.10,0.50u,4,rlin_at_50mV,0.05,0.0185287,2.69851,10.7941,2.05
pfet_03v3,fs,-40,2.10,0.50u,8,drop_at_50mA,0.0682064,0.05,1.36413,10.913,2.03179
pfet_03v3,fs,-40,2.10,0.50u,8,drop_at_100mA,0.14281,0.1,1.4281,11.4248,1.95719
pfet_03v3,fs,-40,2.10,0.50u,8,rlin_at_50mV,0.05,0.0370574,1.34926,10.7941,2.05
pfet_03v3,fs,-40,2.10,0.50u,16,drop_at_50mA,0.0333984,0.05,0.667968,10.6875,2.0666
pfet_03v3,fs,-40,2.10,0.50u,16,drop_at_100mA,0.0682064,0.1,0.682064,10.913,2.03179
pfet_03v3,fs,-40,2.10,0.50u,16,rlin_at_50mV,0.05,0.0741148,0.674629,10.7941,2.05
pfet_03v3,fs,-40,2.10,1.00u,1,drop_at_50mA,7.15744,0.05,143.149,143.149,-5.05744
pfet_03v3,fs,-40,2.10,1.00u,1,drop_at_100mA,8.27508,0.1,82.7508,82.7508,-6.17508
pfet_03v3,fs,-40,2.10,1.00u,1,rlin_at_50mV,0.05,0.00237027,21.0946,21.0946,2.05
pfet_03v3,fs,-40,2.10,1.00u,2,drop_at_50mA,5.39483,0.05,107.897,215.793,-3.29483
pfet_03v3,fs,-40,2.10,1.00u,2,drop_at_100mA,7.15744,0.1,71.5744,143.149,-5.05744
pfet_03v3,fs,-40,2.10,1.00u,2,rlin_at_50mV,0.05,0.00474054,10.5473,21.0946,2.05
pfet_03v3,fs,-40,2.10,1.00u,4,drop_at_50mA,0.313544,0.05,6.27087,25.0835,1.78646
pfet_03v3,fs,-40,2.10,1.00u,4,drop_at_100mA,5.39483,0.1,53.9483,215.793,-3.29483
pfet_03v3,fs,-40,2.10,1.00u,4,rlin_at_50mV,0.05,0.00948109,5.27366,21.0946,2.05
pfet_03v3,fs,-40,2.10,1.00u,8,drop_at_50mA,0.139423,0.05,2.78846,22.3077,1.96058
pfet_03v3,fs,-40,2.10,1.00u,8,drop_at_100mA,0.313544,0.1,3.13544,25.0835,1.78646
pfet_03v3,fs,-40,2.10,1.00u,8,rlin_at_50mV,0.05,0.0189622,2.63683,21.0946,2.05
pfet_03v3,fs,-40,2.10,1.00u,16,drop_at_50mA,0.0665949,0.05,1.3319,21.3104,2.03341
pfet_03v3,fs,-40,2.10,1.00u,16,drop_at_100mA,0.139423,0.1,1.39423,22.3077,1.96058
pfet_03v3,fs,-40,2.10,1.00u,16,rlin_at_50mV,0.05,0.0379244,1.31841,21.0946,2.05
pfet_03v3,fs,-40,2.97,0.28u,1,drop_at_50mA,0.237486,0.05,4.74972,4.74972,2.73251
pfet_03v3,fs,-40,2.97,0.28u,1,drop_at_100mA,0.5342,0.1,5.342,5.342,2.4358
pfet_03v3,fs,-40,2.97,0.28u,1,rlin_at_50mV,0.05,0.0113069,4.42209,4.42209,2.92
pfet_03v3,fs,-40,2.97,0.28u,2,drop_at_50mA,0.113225,0.05,2.26449,4.52898,2.85678
pfet_03v3,fs,-40,2.97,0.28u,2,drop_at_100mA,0.237486,0.1,2.37486,4.74972,2.73251
pfet_03v3,fs,-40,2.97,0.28u,2,rlin_at_50mV,0.05,0.0226137,2.21104,4.42209,2.92
pfet_03v3,fs,-40,2.97,0.28u,4,drop_at_50mA,0.0553883,0.05,1.10777,4.43106,2.91461
pfet_03v3,fs,-40,2.97,0.28u,4,drop_at_100mA,0.113225,0.1,1.13225,4.52898,2.85678
pfet_03v3,fs,-40,2.97,0.28u,4,rlin_at_50mV,0.05,0.0452275,1.10552,4.42209,2.92
pfet_03v3,fs,-40,2.97,0.28u,8,drop_at_50mA,0.0274045,0.05,0.548091,4.38473,2.9426
pfet_03v3,fs,-40,2.97,0.28u,8,drop_at_100mA,0.0553883,0.1,0.553883,4.43106,2.91461
pfet_03v3,fs,-40,2.97,0.28u,8,rlin_at_50mV,0.05,0.090455,0.552761,4.42209,2.92
pfet_03v3,fs,-40,2.97,0.28u,16,drop_at_50mA,0.0136318,0.05,0.272635,4.36216,2.95637
pfet_03v3,fs,-40,2.97,0.28u,16,drop_at_100mA,0.0274045,0.1,0.274045,4.38473,2.9426
pfet_03v3,fs,-40,2.97,0.28u,16,rlin_at_50mV,0.05,0.18091,0.276381,4.42209,2.92
pfet_03v3,fs,-40,2.97,0.50u,1,drop_at_50mA,0.411731,0.05,8.23461,8.23461,2.55827
pfet_03v3,fs,-40,2.97,0.50u,1,drop_at_100mA,1.11032,0.1,11.1032,11.1032,1.85968
pfet_03v3,fs,-40,2.97,0.50u,1,rlin_at_50mV,0.05,0.00694862,7.19567,7.19567,2.92
pfet_03v3,fs,-40,2.97,0.50u,2,drop_at_50mA,0.189232,0.05,3.78464,7.56927,2.78077
pfet_03v3,fs,-40,2.97,0.50u,2,drop_at_100mA,0.411731,0.1,4.11731,8.23461,2.55827
pfet_03v3,fs,-40,2.97,0.50u,2,rlin_at_50mV,0.05,0.0138972,3.59784,7.19567,2.92
pfet_03v3,fs,-40,2.97,0.50u,4,drop_at_50mA,0.0912919,0.05,1.82584,7.30336,2.87871
pfet_03v3,fs,-40,2.97,0.50u,4,drop_at_100mA,0.189232,0.1,1.89232,7.56927,2.78077
pfet_03v3,fs,-40,2.97,0.50u,4,rlin_at_50mV,0.05,0.0277945,1.79892,7.19567,2.92
pfet_03v3,fs,-40,2.97,0.50u,8,drop_at_50mA,0.0448908,0.05,0.897816,7.18253,2.92511
pfet_03v3,fs,-40,2.97,0.50u,8,drop_at_100mA,0.0912919,0.1,0.912919,7.30336,2.87871
pfet_03v3,fs,-40,2.97,0.50u,8,rlin_at_50mV,0.05,0.055589,0.899459,7.19567,2.92
pfet_03v3,fs,-40,2.97,0.50u,16,drop_at_50mA,0.0222649,0.05,0.445297,7.12475,2.94774
pfet_03v3,fs,-40,2.97,0.50u,16,drop_at_100mA,0.0448908,0.1,0.448908,7.18253,2.92511
pfet_03v3,fs,-40,2.97,0.50u,16,rlin_at_50mV,0.05,0.111178,0.44973,7.19567,2.92
pfet_03v3,fs,-40,2.97,1.00u,1,drop_at_50mA,1.00246,0.05,20.0492,20.0492,1.96754
pfet_03v3,fs,-40,2.97,1.00u,1,drop_at_100mA,7.29066,0.1,72.9066,72.9066,-4.32066
pfet_03v3,fs,-40,2.97,1.00u,1,rlin_at_50mV,0.05,0.00365733,13.6712,13.6712,2.92
pfet_03v3,fs,-40,2.97,1.00u,2,drop_at_50mA,0.386155,0.05,7.7231,15.4462,2.58384
pfet_03v3,fs,-40,2.97,1.00u,2,drop_at_100mA,1.00246,0.1,10.0246,20.0492,1.96754
pfet_03v3,fs,-40,2.97,1.00u,2,rlin_at_50mV,0.05,0.00731466,6.83559,13.6712,2.92
pfet_03v3,fs,-40,2.97,1.00u,4,drop_at_50mA,0.178828,0.05,3.57655,14.3062,2.79117
pfet_03v3,fs,-40,2.97,1.00u,4,drop_at_100mA,0.386155,0.1,3.86155,15.4462,2.58384
pfet_03v3,fs,-40,2.97,1.00u,4,rlin_at_50mV,0.05,0.0146293,3.41779,13.6712,2.92
pfet_03v3,fs,-40,2.97,1.00u,8,drop_at_50mA,0.0865382,0.05,1.73076,13.8461,2.88346
pfet_03v3,fs,-40,2.97,1.00u,8,drop_at_100mA,0.178828,0.1,1.78828,14.3062,2.79117
pfet_03v3,fs,-40,2.97,1.00u,8,rlin_at_50mV,0.05,0.0292586,1.7089,13.6712,2.92
pfet_03v3,fs,-40,2.97,1.00u,16,drop_at_50mA,0.0426134,0.05,0.852268,13.6363,2.92739
pfet_03v3,fs,-40,2.97,1.00u,16,drop_at_100mA,0.0865382,0.1,0.865382,13.8461,2.88346
pfet_03v3,fs,-40,2.97,1.00u,16,rlin_at_50mV,0.05,0.0585173,0.854449,13.6712,2.92
pfet_03v3,fs,-40,3.30,0.28u,1,drop_at_50mA,0.215837,0.05,4.31675,4.31675,3.08416
pfet_03v3,fs,-40,3.30,0.28u,1,drop_at_100mA,0.47134,0.1,4.7134,4.7134,2.82866
pfet_03v3,fs,-40,3.30,0.28u,1,rlin_at_50mV,0.05,0.012245,4.08331,4.08331,3.25
pfet_03v3,fs,-40,3.30,0.28u,2,drop_at_50mA,0.103933,0.05,2.07866,4.15732,3.19607
pfet_03v3,fs,-40,3.30,0.28u,2,drop_at_100mA,0.215837,0.1,2.15837,4.31675,3.08416
pfet_03v3,fs,-40,3.30,0.28u,2,rlin_at_50mV,0.05,0.02449,2.04165,4.08331,3.25
pfet_03v3,fs,-40,3.30,0.28u,4,drop_at_50mA,0.0510593,0.05,1.02119,4.08474,3.24894
pfet_03v3,fs,-40,3.30,0.28u,4,drop_at_100mA,0.103933,0.1,1.03933,4.15732,3.19607
pfet_03v3,fs,-40,3.30,0.28u,4,rlin_at_50mV,0.05,0.0489799,1.02083,4.08331,3.25
pfet_03v3,fs,-40,3.30,0.28u,8,drop_at_50mA,0.0253126,0.05,0.506252,4.05001,3.27469
pfet_03v3,fs,-40,3.30,0.28u,8,drop_at_100mA,0.0510593,0.1,0.510593,4.08474,3.24894
pfet_03v3,fs,-40,3.30,0.28u,8,rlin_at_50mV,0.05,0.0979598,0.510413,4.08331,3.25
pfet_03v3,fs,-40,3.30,0.28u,16,drop_at_50mA,0.0126032,0.05,0.252063,4.03302,3.2874
pfet_03v3,fs,-40,3.30,0.28u,16,drop_at_100mA,0.0253126,0.1,0.253126,4.05001,3.27469
pfet_03v3,fs,-40,3.30,0.28u,16,rlin_at_50mV,0.05,0.19592,0.255207,4.08331,3.25
pfet_03v3,fs,-40,3.30,0.50u,1,drop_at_50mA,0.362958,0.05,7.25916,7.25916,2.93704
pfet_03v3,fs,-40,3.30,0.50u,1,drop_at_100mA,0.863878,0.1,8.63878,8.63878,2.43612
pfet_03v3,fs,-40,3.30,0.50u,1,rlin_at_50mV,0.05,0.00761427,6.56661,6.56661,3.25
pfet_03v3,fs,-40,3.30,0.50u,2,drop_at_50mA,0.170513,0.05,3.41026,6.82053,3.12949
pfet_03v3,fs,-40,3.30,0.50u,2,drop_at_100mA,0.362958,0.1,3.62958,7.25916,2.93704
pfet_03v3,fs,-40,3.30,0.50u,2,rlin_at_50mV,0.05,0.0152285,3.28331,6.56661,3.25
pfet_03v3,fs,-40,3.30,0.50u,4,drop_at_50mA,0.0829315,0.05,1.65863,6.63452,3.21707
pfet_03v3,fs,-40,3.30,0.50u,4,drop_at_100mA,0.170513,0.1,1.70513,6.82053,3.12949
pfet_03v3,fs,-40,3.30,0.50u,4,rlin_at_50mV,0.05,0.0304571,1.64165,6.56661,3.25
pfet_03v3,fs,-40,3.30,0.50u,8,drop_at_50mA,0.0409256,0.05,0.818512,6.54809,3.25907
pfet_03v3,fs,-40,3.30,0.50u,8,drop_at_100mA,0.0829315,0.1,0.829315,6.63452,3.21707
pfet_03v3,fs,-40,3.30,0.50u,8,rlin_at_50mV,0.05,0.0609142,0.820827,6.56661,3.25
pfet_03v3,fs,-40,3.30,0.50u,16,drop_at_50mA,0.0203324,0.05,0.406647,6.50636,3.27967
pfet_03v3,fs,-40,3.30,0.50u,16,drop_at_100mA,0.0409256,0.1,0.409256,6.54809,3.25907
pfet_03v3,fs,-40,3.30,0.50u,16,rlin_at_50mV,0.05,0.121828,0.410413,6.56661,3.25
pfet_03v3,fs,-40,3.30,1.00u,1,drop_at_50mA,0.785809,0.05,15.7162,15.7162,2.51419
pfet_03v3,fs,-40,3.30,1.00u,1,drop_at_100mA,6.94157,0.1,69.4157,69.4157,-3.64157
pfet_03v3,fs,-40,3.30,1.00u,1,rlin_at_50mV,0.05,0.00403911,12.379,12.379,3.25
pfet_03v3,fs,-40,3.30,1.00u,2,drop_at_50mA,0.338025,0.05,6.76049,13.521,2.96198
pfet_03v3,fs,-40,3.30,1.00u,2,drop_at_100mA,0.785809,0.1,7.85809,15.7162,2.51419
pfet_03v3,fs,-40,3.30,1.00u,2,rlin_at_50mV,0.05,0.00807822,6.18948,12.379,3.25
pfet_03v3,fs,-40,3.30,1.00u,4,drop_at_50mA,0.159926,0.05,3.19851,12.7941,3.14007
pfet_03v3,fs,-40,3.30,1.00u,4,drop_at_100mA,0.338025,0.1,3.38025,13.521,2.96198
pfet_03v3,fs,-40,3.30,1.00u,4,rlin_at_50mV,0.05,0.0161564,3.09474,12.379,3.25
pfet_03v3,fs,-40,3.30,1.00u,8,drop_at_50mA,0.0780155,0.05,1.56031,12.4825,3.22198
pfet_03v3,fs,-40,3.30,1.00u,8,drop_at_100mA,0.159926,0.1,1.59926,12.7941,3.14007
pfet_03v3,fs,-40,3.30,1.00u,8,rlin_at_50mV,0.05,0.0323129,1.54737,12.379,3.25
pfet_03v3,fs,-40,3.30,1.00u,16,drop_at_50mA,0.0385534,0.05,0.771069,12.3371,3.26145
pfet_03v3,fs,-40,3.30,1.00u,16,drop_at_100mA,0.0780155,0.1,0.780155,12.4825,3.22198
pfet_03v3,fs,-40,3.30,1.00u,16,rlin_at_50mV,0.05,0.0646258,0.773685,12.379,3.25
pfet_03v3,fs,-40,3.63,0.28u,1,drop_at_50mA,0.20054,0.05,4.01081,4.01081,3.42946
pfet_03v3,fs,-40,3.63,0.28u,1,drop_at_100mA,0.430234,0.1,4.30234,4.30234,3.19977
pfet_03v3,fs,-40,3.63,0.28u,1,rlin_at_50mV,0.05,0.0130417,3.83385,3.83385,3.58
pfet_03v3,fs,-40,3.63,0.28u,2,drop_at_50mA,0.0972053,0.05,1.94411,3.88821,3.53279
pfet_03v3,fs,-40,3.63,0.28u,2,drop_at_100mA,0.20054,0.1,2.0054,4.01081,3.42946
pfet_03v3,fs,-40,3.63,0.28u,2,rlin_at_50mV,0.05,0.0260835,1.91692,3.83385,3.58
pfet_03v3,fs,-40,3.63,0.28u,4,drop_at_50mA,0.0478931,0.05,0.957861,3.83144,3.58211
pfet_03v3,fs,-40,3.63,0.28u,4,drop_at_100mA,0.0972053,0.1,0.972053,3.88821,3.53279
pfet_03v3,fs,-40,3.63,0.28u,4,rlin_at_50mV,0.05,0.0521669,0.958462,3.83385,3.58
pfet_03v3,fs,-40,3.63,0.28u,8,drop_at_50mA,0.0237755,0.05,0.475509,3.80407,3.60622
pfet_03v3,fs,-40,3.63,0.28u,8,drop_at_100mA,0.0478931,0.1,0.478931,3.83144,3.58211
pfet_03v3,fs,-40,3.63,0.28u,8,rlin_at_50mV,0.05,0.104334,0.479231,3.83385,3.58
pfet_03v3,fs,-40,3.63,0.28u,16,drop_at_50mA,0.0118457,0.05,0.236914,3.79063,3.61815
pfet_03v3,fs,-40,3.63,0.28u,16,drop_at_100mA,0.0237755,0.1,0.237755,3.80407,3.60622
pfet_03v3,fs,-40,3.63,0.28u,16,rlin_at_50mV,0.05,0.208668,0.239615,3.83385,3.58
pfet_03v3,fs,-40,3.63,0.50u,1,drop_at_50mA,0.330455,0.05,6.6091,6.6091,3.29955
pfet_03v3,fs,-40,3.63,0.50u,1,drop_at_100mA,0.748523,0.1,7.48523,7.48523,2.88148
pfet_03v3,fs,-40,3.63,0.50u,1,rlin_at_50mV,0.05,0.00818677,6.10742,6.10742,3.58
pfet_03v3,fs,-40,3.63,0.50u,2,drop_at_50mA,0.157306,0.05,3.14612,6.29224,3.47269
pfet_03v3,fs,-40,3.63,0.50u,2,drop_at_100mA,0.330455,0.1,3.30455,6.6091,3.29955
pfet_03v3,fs,-40,3.63,0.50u,2,rlin_at_50mV,0.05,0.0163735,3.05371,6.10742,3.58
pfet_03v3,fs,-40,3.63,0.50u,4,drop_at_50mA,0.0769123,0.05,1.53825,6.15298,3.55309
pfet_03v3,fs,-40,3.63,0.50u,4,drop_at_100mA,0.157306,0.1,1.57306,6.29224,3.47269
pfet_03v3,fs,-40,3.63,0.50u,4,rlin_at_50mV,0.05,0.0327471,1.52685,6.10742,3.58
pfet_03v3,fs,-40,3.63,0.50u,8,drop_at_50mA,0.0380459,0.05,0.760917,6.08734,3.59195
pfet_03v3,fs,-40,3.63,0.50u,8,drop_at_100mA,0.0769123,0.1,0.769123,6.15298,3.55309
pfet_03v3,fs,-40,3.63,0.50u,8,rlin_at_50mV,0.05,0.0654942,0.763427,6.10742,3.58
pfet_03v3,fs,-40,3.63,0.50u,16,drop_at_50mA,0.0189232,0.05,0.378465,6.05543,3.61108
pfet_03v3,fs,-40,3.63,0.50u,16,drop_at_100mA,0.0380459,0.1,0.380459,6.08734,3.59195
pfet_03v3,fs,-40,3.63,0.50u,16,rlin_at_50mV,0.05,0.130988,0.381713,6.10742,3.58
pfet_03v3,fs,-40,3.63,1.00u,1,drop_at_50mA,0.680347,0.05,13.6069,13.6069,2.94965
pfet_03v3,fs,-40,3.63,1.00u,1,drop_at_100mA,5.99957,0.1,59.9957,59.9957,-2.36957
pfet_03v3,fs,-40,3.63,1.00u,1,rlin_at_50mV,0.05,0.00437118,11.4386,11.4386,3.58
pfet_03v3,fs,-40,3.63,1.00u,2,drop_at_50mA,0.306027,0.05,6.12054,12.2411,3.32397
pfet_03v3,fs,-40,3.63,1.00u,2,drop_at_100mA,0.680347,0.1,6.80347,13.6069,2.94965
pfet_03v3,fs,-40,3.63,1.00u,2,rlin_at_50mV,0.05,0.00874236,5.71928,11.4386,3.58
pfet_03v3,fs,-40,3.63,1.00u,4,drop_at_50mA,0.14663,0.05,2.9326,11.7304,3.48337
pfet_03v3,fs,-40,3.63,1.00u,4,drop_at_100mA,0.306027,0.1,3.06027,12.2411,3.32397
pfet_03v3,fs,-40,3.63,1.00u,4,rlin_at_50mV,0.05,0.0174847,2.85964,11.4386,3.58
pfet_03v3,fs,-40,3.63,1.00u,8,drop_at_50mA,0.0718974,0.05,1.43795,11.5036,3.5581
pfet_03v3,fs,-40,3.63,1.00u,8,drop_at_100mA,0.14663,0.1,1.4663,11.7304,3.48337
pfet_03v3,fs,-40,3.63,1.00u,8,rlin_at_50mV,0.05,0.0349694,1.42982,11.4386,3.58
pfet_03v3,fs,-40,3.63,1.00u,16,drop_at_50mA,0.0356131,0.05,0.712261,11.3962,3.59439
pfet_03v3,fs,-40,3.63,1.00u,16,drop_at_100mA,0.0718974,0.1,0.718974,11.5036,3.5581
pfet_03v3,fs,-40,3.63,1.00u,16,rlin_at_50mV,0.05,0.0699389,0.71491,11.4386,3.58
pfet_03v3,fs,27,2.10,0.28u,1,drop_at_50mA,0.475293,0.05,9.50586,9.50586,1.62471
pfet_03v3,fs,27,2.10,0.28u,1,drop_at_100mA,5.16512,0.1,51.6512,51.6512,-3.06512
pfet_03v3,fs,27,2.10,0.28u,1,rlin_at_50mV,0.05,0.00671966,7.44085,7.44085,2.05
pfet_03v3,fs,27,2.10,0.28u,2,drop_at_50mA,0.202263,0.05,4.04527,8.09054,1.89774
pfet_03v3,fs,27,2.10,0.28u,2,drop_at_100mA,0.475293,0.1,4.75293,9.50586,1.62471
pfet_03v3,fs,27,2.10,0.28u,2,rlin_at_50mV,0.05,0.0134393,3.72042,7.44085,2.05
pfet_03v3,fs,27,2.10,0.28u,4,drop_at_50mA,0.095318,0.05,1.90636,7.62544,2.00468
pfet_03v3,fs,27,2.10,0.28u,4,drop_at_100mA,0.202263,0.1,2.02263,8.09054,1.89774
pfet_03v3,fs,27,2.10,0.28u,4,rlin_at_50mV,0.05,0.0268787,1.86021,7.44085,2.05
pfet_03v3,fs,27,2.10,0.28u,8,drop_at_50mA,0.0464159,0.05,0.928318,7.42654,2.05358
pfet_03v3,fs,27,2.10,0.28u,8,drop_at_100mA,0.095318,0.1,0.95318,7.62544,2.00468
pfet_03v3,fs,27,2.10,0.28u,8,rlin_at_50mV,0.05,0.0537573,0.930106,7.44085,2.05
pfet_03v3,fs,27,2.10,0.28u,16,drop_at_50mA,0.0229182,0.05,0.458364,7.33382,2.07708
pfet_03v3,fs,27,2.10,0.28u,16,drop_at_100mA,0.0464159,0.1,0.464159,7.42654,2.05358
pfet_03v3,fs,27,2.10,0.28u,16,rlin_at_50mV,0.05,0.107515,0.465053,7.44085,2.05
pfet_03v3,fs,27,2.10,0.50u,1,drop_at_50mA,5.69772,0.05,113.954,113.954,-3.59772
pfet_03v3,fs,27,2.10,0.50u,1,drop_at_100mA,7.51455,0.1,75.1455,75.1455,-5.41455
pfet_03v3,fs,27,2.10,0.50u,1,rlin_at_50mV,0.05,0.00383529,13.0368,13.0368,2.05
pfet_03v3,fs,27,2.10,0.50u,2,drop_at_50mA,0.401063,0.05,8.02126,16.0425,1.69894
pfet_03v3,fs,27,2.10,0.50u,2,drop_at_100mA,5.69772,0.1,56.9772,113.954,-3.59772
pfet_03v3,fs,27,2.10,0.50u,2,rlin_at_50mV,0.05,0.00767058,6.51841,13.0368,2.05
pfet_03v3,fs,27,2.10,0.50u,4,drop_at_50mA,0.174789,0.05,3.49577,13.9831,1.92521
pfet_03v3,fs,27,2.10,0.50u,4,drop_at_100mA,0.401063,0.1,4.01063,16.0425,1.69894
pfet_03v3,fs,27,2.10,0.50u,4,rlin_at_50mV,0.05,0.0153412,3.25921,13.0368,2.05
pfet_03v3,fs,27,2.10,0.50u,8,drop_at_50mA,0.0829735,0.05,1.65947,13.2758,2.01703
pfet_03v3,fs,27,2.10,0.50u,8,drop_at_100mA,0.174789,0.1,1.74789,13.9831,1.92521
pfet_03v3,fs,27,2.10,0.50u,8,rlin_at_50mV,0.05,0.0306823,1.6296,13.0368,2.05
pfet_03v3,fs,27,2.10,0.50u,16,drop_at_50mA,0.0405299,0.05,0.810599,12.9696,2.05947
pfet_03v3,fs,27,2.10,0.50u,16,drop_at_100mA,0.0829735,0.1,0.829735,13.2758,2.01703
pfet_03v3,fs,27,2.10,0.50u,16,rlin_at_50mV,0.05,0.0613646,0.814802,13.0368,2.05
pfet_03v3,fs,27,2.10,1.00u,1,drop_at_50mA,7.4542,0.05,149.084,149.084,-5.3542
pfet_03v3,fs,27,2.10,1.00u,1,drop_at_100mA,8.56524,0.1,85.6524,85.6524,-6.46524
pfet_03v3,fs,27,2.10,1.00u,1,rlin_at_50mV,0.05,0.00193222,25.877,25.877,2.05
pfet_03v3,fs,27,2.10,1.00u,2,drop_at_50mA,6.03937,0.05,120.787,241.575,-3.93937
pfet_03v3,fs,27,2.10,1.00u,2,drop_at_100mA,7.4542,0.1,74.542,149.084,-5.3542
pfet_03v3,fs,27,2.10,1.00u,2,rlin_at_50mV,0.05,0.00386443,12.9385,25.877,2.05
pfet_03v3,fs,27,2.10,1.00u,4,drop_at_50mA,0.402014,0.05,8.04028,32.1611,1.69799
pfet_03v3,fs,27,2.10,1.00u,4,drop_at_100mA,6.03937,0.1,60.3937,241.575,-3.93937
pfet_03v3,fs,27,2.10,1.00u,4,rlin_at_50mV,0.05,0.00772887,6.46925,25.877,2.05
pfet_03v3,fs,27,2.10,1.00u,8,drop_at_50mA,0.173767,0.05,3.47533,27.8027,1.92623
pfet_03v3,fs,27,2.10,1.00u,8,drop_at_100mA,0.402014,0.1,4.02014,32.1611,1.69799
pfet_03v3,fs,27,2.10,1.00u,8,rlin_at_50mV,0.05,0.0154577,3.23463,25.877,2.05
pfet_03v3,fs,27,2.10,1.00u,16,drop_at_50mA,0.0823621,0.05,1.64724,26.3559,2.01764
pfet_03v3,fs,27,2.10,1.00u,16,drop_at_100mA,0.173767,0.1,1.73767,27.8027,1.92623
pfet_03v3,fs,27,2.10,1.00u,16,rlin_at_50mV,0.05,0.0309155,1.61731,25.877,2.05
pfet_03v3,fs,27,2.97,0.28u,1,drop_at_50mA,0.285488,0.05,5.70976,5.70976,2.68451
pfet_03v3,fs,27,2.97,0.28u,1,drop_at_100mA,0.654918,0.1,6.54918,6.54918,2.31508
pfet_03v3,fs,27,2.97,0.28u,1,rlin_at_50mV,0.05,0.00951564,5.25451,5.25451,2.92
pfet_03v3,fs,27,2.97,0.28u,2,drop_at_50mA,0.135331,0.05,2.70661,5.41323,2.83467
pfet_03v3,fs,27,2.97,0.28u,2,drop_at_100mA,0.285488,0.1,2.85488,5.70976,2.68451
pfet_03v3,fs,27,2.97,0.28u,2,rlin_at_50mV,0.05,0.0190313,2.62725,5.25451,2.92
pfet_03v3,fs,27,2.97,0.28u,4,drop_at_50mA,0.0660481,0.05,1.32096,5.28384,2.90395
pfet_03v3,fs,27,2.97,0.28u,4,drop_at_100mA,0.135331,0.1,1.35331,5.41323,2.83467
pfet_03v3,fs,27,2.97,0.28u,4,rlin_at_50mV,0.05,0.0380626,1.31363,5.25451,2.92
pfet_03v3,fs,27,2.97,0.28u,8,drop_at_50mA,0.032644,0.05,0.65288,5.22304,2.93736
pfet_03v3,fs,27,2.97,0.28u,8,drop_at_100mA,0.0660481,0.1,0.660481,5.28384,2.90395
pfet_03v3,fs,27,2.97,0.28u,8,rlin_at_50mV,0.05,0.0761251,0.656813,5.25451,2.92
pfet_03v3,fs,27,2.97,0.28u,16,drop_at_50mA,0.0162298,0.05,0.324595,5.19352,2.95377
pfet_03v3,fs,27,2.97,0.28u,16,drop_at_100mA,0.032644,0.1,0.32644,5.22304,2.93736
pfet_03v3,fs,27,2.97,0.28u,16,rlin_at_50mV,0.05,0.15225,0.328407,5.25451,2.92
pfet_03v3,fs,27,2.97,0.50u,1,drop_at_50mA,0.516534,0.05,10.3307,10.3307,2.45347
pfet_03v3,fs,27,2.97,0.50u,1,drop_at_100mA,2.06514,0.1,20.6514,20.6514,0.904862
pfet_03v3,fs,27,2.97,0.50u,1,rlin_at_50mV,0.05,0.00570084,8.77064,8.77064,2.92
pfet_03v3,fs,27,2.97,0.50u,2,drop_at_50mA,0.233352,0.05,4.66704,9.33409,2.73665
pfet_03v3,fs,27,2.97,0.50u,2,drop_at_100mA,0.516534,0.1,5.16534,10.3307,2.45347
pfet_03v3,fs,27,2.97,0.50u,2,rlin_at_50mV,0.05,0.0114017,4.38532,8.77064,2.92
pfet_03v3,fs,27,2.97,0.50u,4,drop_at_50mA,0.111932,0.05,2.23864,8.95457,2.85807
pfet_03v3,fs,27,2.97,0.50u,4,drop_at_100mA,0.233352,0.1,2.33352,9.33409,2.73665
pfet_03v3,fs,27,2.97,0.50u,4,rlin_at_50mV,0.05,0.0228034,2.19266,8.77064,2.92
pfet_03v3,fs,27,2.97,0.50u,8,drop_at_50mA,0.0549061,0.05,1.09812,8.78498,2.91509
pfet_03v3,fs,27,2.97,0.50u,8,drop_at_100mA,0.111932,0.1,1.11932,8.95457,2.85807
pfet_03v3,fs,27,2.97,0.50u,8,rlin_at_50mV,0.05,0.0456067,1.09633,8.77064,2.92
pfet_03v3,fs,27,2.97,0.50u,16,drop_at_50mA,0.0272015,0.05,0.54403,8.70448,2.9428
pfet_03v3,fs,27,2.97,0.50u,16,drop_at_100mA,0.0549061,0.1,0.549061,8.78498,2.91509
pfet_03v3,fs,27,2.97,0.50u,16,rlin_at_50mV,0.05,0.0912134,0.548165,8.77064,2.92
pfet_03v3,fs,27,2.97,1.00u,1,drop_at_50mA,1.92241,0.05,38.4482,38.4482,1.04759
pfet_03v3,fs,27,2.97,1.00u,1,drop_at_100mA,7.69297,0.1,76.9297,76.9297,-4.72297
pfet_03v3,fs,27,2.97,1.00u,1,rlin_at_50mV,0.05,0.00295307,16.9315,16.9315,2.92
pfet_03v3,fs,27,2.97,1.00u,2,drop_at_50mA,0.493653,0.05,9.87306,19.7461,2.47635
pfet_03v3,fs,27,2.97,1.00u,2,drop_at_100mA,1.92241,0.1,19.2241,38.4482,1.04759
pfet_03v3,fs,27,2.97,1.00u,2,rlin_at_50mV,0.05,0.00590614,8.46577,16.9315,2.92
pfet_03v3,fs,27,2.97,1.00u,4,drop_at_50mA,0.224311,0.05,4.48622,17.9449,2.74569
pfet_03v3,fs,27,2.97,1.00u,4,drop_at_100mA,0.493653,0.1,4.93653,19.7461,2.47635
pfet_03v3,fs,27,2.97,1.00u,4,rlin_at_50mV,0.05,0.0118123,4.23288,16.9315,2.92
pfet_03v3,fs,27,2.97,1.00u,8,drop_at_50mA,0.107851,0.05,2.15701,17.2561,2.86215
pfet_03v3,fs,27,2.97,1.00u,8,drop_at_100mA,0.224311,0.1,2.24311,17.9449,2.74569
pfet_03v3,fs,27,2.97,1.00u,8,rlin_at_50mV,0.05,0.0236246,2.11644,16.9315,2.92
pfet_03v3,fs,27,2.97,1.00u,16,drop_at_50mA,0.0529621,0.05,1.05924,16.9479,2.91704
pfet_03v3,fs,27,2.97,1.00u,16,drop_at_100mA,0.107851,0.1,1.07851,17.2561,2.86215
pfet_03v3,fs,27,2.97,1.00u,16,rlin_at_50mV,0.05,0.0472491,1.05822,16.9315,2.92
pfet_03v3,fs,27,3.30,0.28u,1,drop_at_50mA,0.258444,0.05,5.16888,5.16888,3.04156
pfet_03v3,fs,27,3.30,0.28u,1,drop_at_100mA,0.571781,0.1,5.71781,5.71781,2.72822
pfet_03v3,fs,27,3.30,0.28u,1,rlin_at_50mV,0.05,0.0103212,4.84438,4.84438,3.25
pfet_03v3,fs,27,3.30,0.28u,2,drop_at_50mA,0.123902,0.05,2.47803,4.95607,3.1761
pfet_03v3,fs,27,3.30,0.28u,2,drop_at_100mA,0.258444,0.1,2.58444,5.16888,3.04156
pfet_03v3,fs,27,3.30,0.28u,2,rlin_at_50mV,0.05,0.0206425,2.42219,4.84438,3.25
pfet_03v3,fs,27,3.30,0.28u,4,drop_at_50mA,0.0607551,0.05,1.2151,4.86041,3.23924
pfet_03v3,fs,27,3.30,0.28u,4,drop_at_100mA,0.123902,0.1,1.23902,4.95607,3.1761
pfet_03v3,fs,27,3.30,0.28u,4,rlin_at_50mV,0.05,0.041285,1.21109,4.84438,3.25
pfet_03v3,fs,27,3.30,0.28u,8,drop_at_50mA,0.0300931,0.05,0.601861,4.81489,3.26991
pfet_03v3,fs,27,3.30,0.28u,8,drop_at_100mA,0.0607551,0.1,0.607551,4.86041,3.23924
pfet_03v3,fs,27,3.30,0.28u,8,rlin_at_50mV,0.05,0.08257,0.605547,4.84438,3.25
pfet_03v3,fs,27,3.30,0.28u,16,drop_at_50mA,0.0149771,0.05,0.299542,4.79266,3.28502
pfet_03v3,fs,27,3.30,0.28u,16,drop_at_100mA,0.0300931,0.1,0.300931,4.81489,3.26991
pfet_03v3,fs,27,3.30,0.28u,16,rlin_at_50mV,0.05,0.16514,0.302773,4.84438,3.25
pfet_03v3,fs,27,3.30,0.50u,1,drop_at_50mA,0.450679,0.05,9.01358,9.01358,2.84932
pfet_03v3,fs,27,3.30,0.50u,1,drop_at_100mA,1.1359,0.1,11.359,11.359,2.1641
pfet_03v3,fs,27,3.30,0.50u,1,rlin_at_50mV,0.05,0.00625919,7.98826,7.98826,3.25
pfet_03v3,fs,27,3.30,0.50u,2,drop_at_50mA,0.209304,0.05,4.18607,8.37215,3.0907
pfet_03v3,fs,27,3.30,0.50u,2,drop_at_100mA,0.450679,0.1,4.50679,9.01358,2.84932
pfet_03v3,fs,27,3.30,0.50u,2,rlin_at_50mV,0.05,0.0125184,3.99413,7.98826,3.25
pfet_03v3,fs,27,3.30,0.50u,4,drop_at_50mA,0.101361,0.05,2.02722,8.10888,3.19864
pfet_03v3,fs,27,3.30,0.50u,4,drop_at_100mA,0.209304,0.1,2.09304,8.37215,3.0907
pfet_03v3,fs,27,3.30,0.50u,4,rlin_at_50mV,0.05,0.0250368,1.99706,7.98826,3.25
pfet_03v3,fs,27,3.30,0.50u,8,drop_at_50mA,0.0499255,0.05,0.99851,7.98808,3.25007
pfet_03v3,fs,27,3.30,0.50u,8,drop_at_100mA,0.101361,0.1,1.01361,8.10888,3.19864
pfet_03v3,fs,27,3.30,0.50u,8,rlin_at_50mV,0.05,0.0500735,0.998532,7.98826,3.25
pfet_03v3,fs,27,3.30,0.50u,16,drop_at_50mA,0.0247815,0.05,0.49563,7.93008,3.27522
pfet_03v3,fs,27,3.30,0.50u,16,drop_at_100mA,0.0499255,0.1,0.499255,7.98808,3.25007
pfet_03v3,fs,27,3.30,0.50u,16,rlin_at_50mV,0.05,0.100147,0.499266,7.98826,3.25
pfet_03v3,fs,27,3.30,1.00u,1,drop_at_50mA,1.05012,0.05,21.0024,21.0024,2.24988
pfet_03v3,fs,27,3.30,1.00u,1,drop_at_100mA,7.46402,0.1,74.6402,74.6402,-4.16402
pfet_03v3,fs,27,3.30,1.00u,1,rlin_at_50mV,0.05,0.00326864,15.2969,15.2969,3.25
pfet_03v3,fs,27,3.30,1.00u,2,drop_at_50mA,0.42694,0.05,8.5388,17.0776,2.87306
pfet_03v3,fs,27,3.30,1.00u,2,drop_at_100mA,1.05012,0.1,10.5012,21.0024,2.24988
pfet_03v3,fs,27,3.30,1.00u,2,rlin_at_50mV,0.05,0.00653729,7.64843,15.2969,3.25
pfet_03v3,fs,27,3.30,1.00u,4,drop_at_50mA,0.199519,0.05,3.99038,15.9615,3.10048
pfet_03v3,fs,27,3.30,1.00u,4,drop_at_100mA,0.42694,0.1,4.2694,17.0776,2.87306
pfet_03v3,fs,27,3.30,1.00u,4,rlin_at_50mV,0.05,0.0130746,3.82422,15.2969,3.25
pfet_03v3,fs,27,3.30,1.00u,8,drop_at_50mA,0.0968739,0.05,1.93748,15.4998,3.20313
pfet_03v3,fs,27,3.30,1.00u,8,drop_at_100mA,0.199519,0.1,1.99519,15.9615,3.10048
pfet_03v3,fs,27,3.30,1.00u,8,rlin_at_50mV,0.05,0.0261492,1.91211,15.2969,3.25
pfet_03v3,fs,27,3.30,1.00u,16,drop_at_50mA,0.0477729,0.05,0.955459,15.2873,3.25223
pfet_03v3,fs,27,3.30,1.00u,16,drop_at_100mA,0.0968739,0.1,0.968739,15.4998,3.20313
pfet_03v3,fs,27,3.30,1.00u,16,rlin_at_50mV,0.05,0.0522983,0.956054,15.2969,3.25
pfet_03v3,fs,27,3.63,0.28u,1,drop_at_50mA,0.23912,0.05,4.78241,4.78241,3.39088
pfet_03v3,fs,27,3.63,0.28u,1,drop_at_100mA,0.517942,0.1,5.17942,5.17942,3.11206
pfet_03v3,fs,27,3.63,0.28u,1,rlin_at_50mV,0.05,0.011021,4.5368,4.5368,3.58
pfet_03v3,fs,27,3.63,0.28u,2,drop_at_50mA,0.115496,0.05,2.30993,4.61986,3.5145
pfet_03v3,fs,27,3.63,0.28u,2,drop_at_100mA,0.23912,0.1,2.3912,4.78241,3.39088
pfet_03v3,fs,27,3.63,0.28u,2,rlin_at_50mV,0.05,0.022042,2.2684,4.5368,3.58
pfet_03v3,fs,27,3.63,0.28u,4,drop_at_50mA,0.0568169,0.05,1.13634,4.54535,3.57318
pfet_03v3,fs,27,3.63,0.28u,4,drop_at_100mA,0.115496,0.1,1.15496,4.61986,3.5145
pfet_03v3,fs,27,3.63,0.28u,4,rlin_at_50mV,0.05,0.0440839,1.1342,4.5368,3.58
pfet_03v3,fs,27,3.63,0.28u,8,drop_at_50mA,0.0281849,0.05,0.563699,4.50959,3.60182
pfet_03v3,fs,27,3.63,0.28u,8,drop_at_100mA,0.0568169,0.1,0.568169,4.54535,3.57318
pfet_03v3,fs,27,3.63,0.28u,8,rlin_at_50mV,0.05,0.0881678,0.5671,4.5368,3.58
pfet_03v3,fs,27,3.63,0.28u,16,drop_at_50mA,0.0140377,0.05,0.280754,4.49206,3.61596
pfet_03v3,fs,27,3.63,0.28u,16,drop_at_100mA,0.0281849,0.1,0.281849,4.50959,3.60182
pfet_03v3,fs,27,3.63,0.28u,16,rlin_at_50mV,0.05,0.176336,0.28355,4.5368,3.58
pfet_03v3,fs,27,3.63,0.50u,1,drop_at_50mA,0.407024,0.05,8.14049,8.14049,3.22298
pfet_03v3,fs,27,3.63,0.50u,1,drop_at_100mA,0.950961,0.1,9.50961,9.50961,2.67904
pfet_03v3,fs,27,3.63,0.50u,1,rlin_at_50mV,0.05,0.00675137,7.4059,7.4059,3.58
pfet_03v3,fs,27,3.63,0.50u,2,drop_at_50mA,0.192131,0.05,3.84261,7.68523,3.43787
pfet_03v3,fs,27,3.63,0.50u,2,drop_at_100mA,0.407024,0.1,4.07024,8.14049,3.22298
pfet_03v3,fs,27,3.63,0.50u,2,rlin_at_50mV,0.05,0.0135027,3.70295,7.4059,3.58
pfet_03v3,fs,27,3.63,0.50u,4,drop_at_50mA,0.0936239,0.05,1.87248,7.48991,3.53638
pfet_03v3,fs,27,3.63,0.50u,4,drop_at_100mA,0.192131,0.1,1.92131,7.68523,3.43787
pfet_03v3,fs,27,3.63,0.50u,4,rlin_at_50mV,0.05,0.0270055,1.85148,7.4059,3.58
pfet_03v3,fs,27,3.63,0.50u,8,drop_at_50mA,0.0462421,0.05,0.924842,7.39874,3.58376
pfet_03v3,fs,27,3.63,0.50u,8,drop_at_100mA,0.0936239,0.1,0.936239,7.48991,3.53638
pfet_03v3,fs,27,3.63,0.50u,8,rlin_at_50mV,0.05,0.054011,0.925738,7.4059,3.58
pfet_03v3,fs,27,3.63,0.50u,16,drop_at_50mA,0.0229832,0.05,0.459664,7.35462,3.60702
pfet_03v3,fs,27,3.63,0.50u,16,drop_at_100mA,0.0462421,0.1,0.462421,7.39874,3.58376
pfet_03v3,fs,27,3.63,0.50u,16,rlin_at_50mV,0.05,0.108022,0.462869,7.4059,3.58
pfet_03v3,fs,27,3.63,1.00u,1,drop_at_50mA,0.877642,0.05,17.5528,17.5528,2.75236
pfet_03v3,fs,27,3.63,1.00u,1,drop_at_100mA,7.15064,0.1,71.5064,71.5064,-3.52064
pfet_03v3,fs,27,3.63,1.00u,1,rlin_at_50mV,0.05,0.00355043,14.0828,14.0828,3.58
pfet_03v3,fs,27,3.63,1.00u,2,drop_at_50mA,0.382952,0.05,7.65904,15.3181,3.24705
pfet_03v3,fs,27,3.63,1.00u,2,drop_at_100mA,0.877642,0.1,8.77642,17.5528,2.75236
pfet_03v3,fs,27,3.63,1.00u,2,rlin_at_50mV,0.05,0.00710086,7.0414,14.0828,3.58
pfet_03v3,fs,27,3.63,1.00u,4,drop_at_50mA,0.181878,0.05,3.63755,14.5502,3.44812
pfet_03v3,fs,27,3.63,1.00u,4,drop_at_100mA,0.382952,0.1,3.82952,15.3181,3.24705
pfet_03v3,fs,27,3.63,1.00u,4,rlin_at_50mV,0.05,0.0142017,3.5207,14.0828,3.58
pfet_03v3,fs,27,3.63,1.00u,8,drop_at_50mA,0.0888609,0.05,1.77722,14.2177,3.54114
pfet_03v3,fs,27,3.63,1.00u,8,drop_at_100mA,0.181878,0.1,1.81878,14.5502,3.44812
pfet_03v3,fs,27,3.63,1.00u,8,rlin_at_50mV,0.05,0.0284034,1.76035,14.0828,3.58
pfet_03v3,fs,27,3.63,1.00u,16,drop_at_50mA,0.0439437,0.05,0.878873,14.062,3.58606
pfet_03v3,fs,27,3.63,1.00u,16,drop_at_100mA,0.0888609,0.1,0.888609,14.2177,3.54114
pfet_03v3,fs,27,3.63,1.00u,16,rlin_at_50mV,0.05,0.0568069,0.880175,14.0828,3.58
pfet_03v3,fs,125,2.10,0.28u,1,drop_at_50mA,0.582846,0.05,11.6569,11.6569,1.51715
pfet_03v3,fs,125,2.10,0.28u,1,drop_at_100mA,5.70669,0.1,57.0669,57.0669,-3.60669
pfet_03v3,fs,125,2.10,0.28u,1,rlin_at_50mV,0.05,0.00565458,8.84239,8.84239,2.05
pfet_03v3,fs,125,2.10,0.28u,2,drop_at_50mA,0.243014,0.05,4.86028,9.72056,1.85699
pfet_03v3,fs,125,2.10,0.28u,2,drop_at_100mA,0.582846,0.1,5.82846,11.6569,1.51715
pfet_03v3,fs,125,2.10,0.28u,2,rlin_at_50mV,0.05,0.0113092,4.4212,8.84239,2.05
pfet_03v3,fs,125,2.10,0.28u,4,drop_at_50mA,0.113987,0.05,2.27974,9.11894,1.98601
pfet_03v3,fs,125,2.10,0.28u,4,drop_at_100mA,0.243014,0.1,2.43014,9.72056,1.85699
pfet_03v3,fs,125,2.10,0.28u,4,rlin_at_50mV,0.05,0.0226183,2.2106,8.84239,2.05
pfet_03v3,fs,125,2.10,0.28u,8,drop_at_50mA,0.0554078,0.05,1.10816,8.86524,2.04459
pfet_03v3,fs,125,2.10,0.28u,8,drop_at_100mA,0.113987,0.1,1.13987,9.11894,1.98601
pfet_03v3,fs,125,2.10,0.28u,8,rlin_at_50mV,0.05,0.0452366,1.1053,8.84239,2.05
pfet_03v3,fs,125,2.10,0.28u,16,drop_at_50mA,0.0273363,0.05,0.546727,8.74762,2.07266
pfet_03v3,fs,125,2.10,0.28u,16,drop_at_100mA,0.0554078,0.1,0.554078,8.86524,2.04459
pfet_03v3,fs,125,2.10,0.28u,16,rlin_at_50mV,0.05,0.0904733,0.552649,8.84239,2.05
pfet_03v3,fs,125,2.10,0.50u,1,drop_at_50mA,6.26105,0.05,125.221,125.221,-4.16105
pfet_03v3,fs,125,2.10,0.50u,1,drop_at_100mA,7.83916,0.1,78.3916,78.3916,-5.73916
pfet_03v3,fs,125,2.10,0.50u,1,rlin_at_50mV,0.05,0.00312785,15.9854,15.9854,2.05
pfet_03v3,fs,125,2.10,0.50u,2,drop_at_50mA,0.512202,0.05,10.244,20.4881,1.5878
pfet_03v3,fs,125,2.10,0.50u,2,drop_at_100mA,6.26105,0.1,62.6105,125.221,-4.16105
pfet_03v3,fs,125,2.10,0.50u,2,rlin_at_50mV,0.05,0.0062557,7.99271,15.9854,2.05
pfet_03v3,fs,125,2.10,0.50u,4,drop_at_50mA,0.217413,0.05,4.34825,17.393,1.88259
pfet_03v3,fs,125,2.10,0.50u,4,drop_at_100mA,0.512202,0.1,5.12202,20.4881,1.5878
pfet_03v3,fs,125,2.10,0.50u,4,rlin_at_50mV,0.05,0.0125114,3.99635,15.9854,2.05
pfet_03v3,fs,125,2.10,0.50u,8,drop_at_50mA,0.102529,0.05,2.05059,16.4047,1.99747
pfet_03v3,fs,125,2.10,0.50u,8,drop_at_100mA,0.217413,0.1,2.17413,17.393,1.88259
pfet_03v3,fs,125,2.10,0.50u,8,rlin_at_50mV,0.05,0.0250228,1.99818,15.9854,2.05
pfet_03v3,fs,125,2.10,0.50u,16,drop_at_50mA,0.0499533,0.05,0.999066,15.985,2.05005
pfet_03v3,fs,125,2.10,0.50u,16,drop_at_100mA,0.102529,0.1,1.02529,16.4047,1.99747
pfet_03v3,fs,125,2.10,0.50u,16,rlin_at_50mV,0.05,0.0500456,0.999088,15.9854,2.05
pfet_03v3,fs,125,2.10,1.00u,1,drop_at_50mA,7.76771,0.05,155.354,155.354,-5.66771
pfet_03v3,fs,125,2.10,1.00u,1,drop_at_100mA,8.88256,0.1,88.8256,88.8256,-6.78256
pfet_03v3,fs,125,2.10,1.00u,1,rlin_at_50mV,0.05,0.00154611,32.3393,32.3393,2.05
pfet_03v3,fs,125,2.10,1.00u,2,drop_at_50mA,6.49812,0.05,129.962,259.925,-4.39812
pfet_03v3,fs,125,2.10,1.00u,2,drop_at_100mA,7.76771,0.1,77.6771,155.354,-5.66771
pfet_03v3,fs,125,2.10,1.00u,2,rlin_at_50mV,0.05,0.00309221,16.1696,32.3393,2.05
pfet_03v3,fs,125,2.10,1.00u,4,drop_at_50mA,0.532029,0.05,10.6406,42.5623,1.56797
pfet_03v3,fs,125,2.10,1.00u,4,drop_at_100mA,6.49812,0.1,64.9812,259.925,-4.39812
pfet_03v3,fs,125,2.10,1.00u,4,rlin_at_50mV,0.05,0.00618443,8.08482,32.3393,2.05
pfet_03v3,fs,125,2.10,1.00u,8,drop_at_50mA,0.221145,0.05,4.4229,35.3832,1.87885
pfet_03v3,fs,125,2.10,1.00u,8,drop_at_100mA,0.532029,0.1,5.32029,42.5623,1.56797
pfet_03v3,fs,125,2.10,1.00u,8,rlin_at_50mV,0.05,0.0123689,4.04241,32.3393,2.05
pfet_03v3,fs,125,2.10,1.00u,16,drop_at_50mA,0.103883,0.05,2.07766,33.2426,1.99612
pfet_03v3,fs,125,2.10,1.00u,16,drop_at_100mA,0.221145,0.1,2.21145,35.3832,1.87885
pfet_03v3,fs,125,2.10,1.00u,16,rlin_at_50mV,0.05,0.0247377,2.02121,32.3393,2.05
pfet_03v3,fs,125,2.97,0.28u,1,drop_at_50mA,0.347895,0.05,6.9579,6.9579,2.62211
pfet_03v3,fs,125,2.97,0.28u,1,drop_at_100mA,0.818764,0.1,8.18764,8.18764,2.15124
pfet_03v3,fs,125,2.97,0.28u,1,rlin_at_50mV,0.05,0.00791267,6.31898,6.31898,2.92
pfet_03v3,fs,125,2.97,0.28u,2,drop_at_50mA,0.163808,0.05,3.27617,6.55234,2.80619
pfet_03v3,fs,125,2.97,0.28u,2,drop_at_100mA,0.347895,0.1,3.47895,6.9579,2.62211
pfet_03v3,fs,125,2.97,0.28u,2,rlin_at_50mV,0.05,0.0158253,3.15949,6.31898,2.92
pfet_03v3,fs,125,2.97,0.28u,4,drop_at_50mA,0.0797343,0.05,1.59469,6.37875,2.89027
pfet_03v3,fs,125,2.97,0.28u,4,drop_at_100mA,0.163808,0.1,1.63808,6.55234,2.80619
pfet_03v3,fs,125,2.97,0.28u,4,rlin_at_50mV,0.05,0.0316507,1.57974,6.31898,2.92
pfet_03v3,fs,125,2.97,0.28u,8,drop_at_50mA,0.0393612,0.05,0.787224,6.29779,2.93064
pfet_03v3,fs,125,2.97,0.28u,8,drop_at_100mA,0.0797343,0.1,0.797343,6.37875,2.89027
pfet_03v3,fs,125,2.97,0.28u,8,rlin_at_50mV,0.05,0.0633014,0.789872,6.31898,2.92
pfet_03v3,fs,125,2.97,0.28u,16,drop_at_50mA,0.0195582,0.05,0.391165,6.25864,2.95044
pfet_03v3,fs,125,2.97,0.28u,16,drop_at_100mA,0.0393612,0.1,0.393612,6.29779,2.93064
pfet_03v3,fs,125,2.97,0.28u,16,rlin_at_50mV,0.05,0.126603,0.394936,6.31898,2.92
pfet_03v3,fs,125,2.97,0.50u,1,drop_at_50mA,0.667016,0.05,13.3403,13.3403,2.30298
pfet_03v3,fs,125,2.97,0.50u,1,drop_at_100mA,6.269,0.1,62.69,62.69,-3.299
pfet_03v3,fs,125,2.97,0.50u,1,rlin_at_50mV,0.05,0.00458639,10.9018,10.9018,2.92
pfet_03v3,fs,125,2.97,0.50u,2,drop_at_50mA,0.294221,0.05,5.88443,11.7689,2.67578
pfet_03v3,fs,125,2.97,0.50u,2,drop_at_100mA,0.667016,0.1,6.67016,13.3403,2.30298
pfet_03v3,fs,125,2.97,0.50u,2,rlin_at_50mV,0.05,0.00917278,5.45091,10.9018,2.92
pfet_03v3,fs,125,2.97,0.50u,4,drop_at_50mA,0.14011,0.05,2.80221,11.2088,2.82989
pfet_03v3,fs,125,2.97,0.50u,4,drop_at_100mA,0.294221,0.1,2.94221,11.7689,2.67578
pfet_03v3,fs,125,2.97,0.50u,4,rlin_at_50mV,0.05,0.0183456,2.72546,10.9018,2.92
pfet_03v3,fs,125,2.97,0.50u,8,drop_at_50mA,0.0685236,0.05,1.37047,10.9638,2.90148
pfet_03v3,fs,125,2.97,0.50u,8,drop_at_100mA,0.14011,0.1,1.4011,11.2088,2.82989
pfet_03v3,fs,125,2.97,0.50u,8,rlin_at_50mV,0.05,0.0366911,1.36273,10.9018,2.92
pfet_03v3,fs,125,2.97,0.50u,16,drop_at_50mA,0.0339014,0.05,0.678029,10.8485,2.9361
pfet_03v3,fs,125,2.97,0.50u,16,drop_at_100mA,0.0685236,0.1,0.685236,10.9638,2.90148
pfet_03v3,fs,125,2.97,0.50u,16,rlin_at_50mV,0.05,0.0733822,0.681364,10.9018,2.92
pfet_03v3,fs,125,2.97,1.00u,1,drop_at_50mA,6.52624,0.05,130.525,130.525,-3.55624
pfet_03v3,fs,125,2.97,1.00u,1,drop_at_100mA,8.11294,0.1,81.1294,81.1294,-5.14294
pfet_03v3,fs,125,2.97,1.00u,1,rlin_at_50mV,0.05,0.00233021,21.4572,21.4572,2.92
pfet_03v3,fs,125,2.97,1.00u,2,drop_at_50mA,0.653747,0.05,13.0749,26.1499,2.31625
pfet_03v3,fs,125,2.97,1.00u,2,drop_at_100mA,6.52624,0.1,65.2624,130.525,-3.55624
pfet_03v3,fs,125,2.97,1.00u,2,rlin_at_50mV,0.05,0.00466043,10.7286,21.4572,2.92
pfet_03v3,fs,125,2.97,1.00u,4,drop_at_50mA,0.288918,0.05,5.77835,23.1134,2.68108
pfet_03v3,fs,125,2.97,1.00u,4,drop_at_100mA,0.653747,0.1,6.53747,26.1499,2.31625
pfet_03v3,fs,125,2.97,1.00u,4,rlin_at_50mV,0.05,0.00932086,5.36431,21.4572,2.92
pfet_03v3,fs,125,2.97,1.00u,8,drop_at_50mA,0.137746,0.05,2.75493,22.0394,2.83225
pfet_03v3,fs,125,2.97,1.00u,8,drop_at_100mA,0.288918,0.1,2.88918,23.1134,2.68108
pfet_03v3,fs,125,2.97,1.00u,8,rlin_at_50mV,0.05,0.0186417,2.68216,21.4572,2.92
pfet_03v3,fs,125,2.97,1.00u,16,drop_at_50mA,0.0674078,0.05,1.34816,21.5705,2.90259
pfet_03v3,fs,125,2.97,1.00u,16,drop_at_100mA,0.137746,0.1,1.37746,22.0394,2.83225
pfet_03v3,fs,125,2.97,1.00u,16,rlin_at_50mV,0.05,0.0372834,1.34108,21.4572,2.92
pfet_03v3,fs,125,3.30,0.28u,1,drop_at_50mA,0.313502,0.05,6.27004,6.27004,2.9865
pfet_03v3,fs,125,3.30,0.28u,1,drop_at_100mA,0.705089,0.1,7.05089,7.05089,2.59491
pfet_03v3,fs,125,3.30,0.28u,1,rlin_at_50mV,0.05,0.00859939,5.81437,5.81437,3.25
pfet_03v3,fs,125,3.30,0.28u,2,drop_at_50mA,0.149515,0.05,2.99031,5.98062,3.15048
pfet_03v3,fs,125,3.30,0.28u,2,drop_at_100mA,0.313502,0.1,3.13502,6.27004,2.9865
pfet_03v3,fs,125,3.30,0.28u,2,rlin_at_50mV,0.05,0.0171988,2.90718,5.81437,3.25
pfet_03v3,fs,125,3.30,0.28u,4,drop_at_50mA,0.0731556,0.05,1.46311,5.85245,3.22684
pfet_03v3,fs,125,3.30,0.28u,4,drop_at_100mA,0.149515,0.1,1.49515,5.98062,3.15048
pfet_03v3,fs,125,3.30,0.28u,4,rlin_at_50mV,0.05,0.0343976,1.45359,5.81437,3.25
pfet_03v3,fs,125,3.30,0.28u,8,drop_at_50mA,0.036199,0.05,0.72398,5.79184,3.2638
pfet_03v3,fs,125,3.30,0.28u,8,drop_at_100mA,0.0731556,0.1,0.731556,5.85245,3.22684
pfet_03v3,fs,125,3.30,0.28u,8,rlin_at_50mV,0.05,0.0687951,0.726796,5.81437,3.25
pfet_03v3,fs,125,3.30,0.28u,16,drop_at_50mA,0.0180073,0.05,0.360146,5.76233,3.28199
pfet_03v3,fs,125,3.30,0.28u,16,drop_at_100mA,0.036199,0.1,0.36199,5.79184,3.2638
pfet_03v3,fs,125,3.30,0.28u,16,rlin_at_50mV,0.05,0.13759,0.363398,5.81437,3.25
pfet_03v3,fs,125,3.30,0.50u,1,drop_at_50mA,0.573874,0.05,11.4775,11.4775,2.72613
pfet_03v3,fs,125,3.30,0.50u,1,drop_at_100mA,1.63907,0.1,16.3907,16.3907,1.66093
pfet_03v3,fs,125,3.30,0.50u,1,rlin_at_50mV,0.05,0.00504737,9.90615,9.90615,3.25
pfet_03v3,fs,125,3.30,0.50u,2,drop_at_50mA,0.262436,0.05,5.24872,10.4974,3.03756
pfet_03v3,fs,125,3.30,0.50u,2,drop_at_100mA,0.573874,0.1,5.73874,11.4775,2.72613
pfet_03v3,fs,125,3.30,0.50u,2,rlin_at_50mV,0.05,0.0100947,4.95307,9.90615,3.25
pfet_03v3,fs,125,3.30,0.50u,4,drop_at_50mA,0.126404,0.05,2.52808,10.1123,3.1736
pfet_03v3,fs,125,3.30,0.50u,4,drop_at_100mA,0.262436,0.1,2.62436,10.4974,3.03756
pfet_03v3,fs,125,3.30,0.50u,4,rlin_at_50mV,0.05,0.0201895,2.47654,9.90615,3.25
pfet_03v3,fs,125,3.30,0.50u,8,drop_at_50mA,0.0621148,0.05,1.2423,9.93837,3.23789
pfet_03v3,fs,125,3.30,0.50u,8,drop_at_100mA,0.126404,0.1,1.26404,10.1123,3.1736
pfet_03v3,fs,125,3.30,0.50u,8,rlin_at_50mV,0.05,0.040379,1.23827,9.90615,3.25
pfet_03v3,fs,125,3.30,0.50u,16,drop_at_50mA,0.0307982,0.05,0.615964,9.85542,3.2692
pfet_03v3,fs,125,3.30,0.50u,16,drop_at_100mA,0.0621148,0.1,0.621148,9.93837,3.23789
pfet_03v3,fs,125,3.30,0.50u,16,rlin_at_50mV,0.05,0.0807579,0.619134,9.90615,3.25
pfet_03v3,fs,125,3.30,1.00u,1,drop_at_50mA,1.55473,0.05,31.0946,31.0946,1.74527
pfet_03v3,fs,125,3.30,1.00u,1,drop_at_100mA,7.95036,0.1,79.5036,79.5036,-4.65036
pfet_03v3,fs,125,3.30,1.00u,1,rlin_at_50mV,0.05,0.00258628,19.3328,19.3328,3.25
pfet_03v3,fs,125,3.30,1.00u,2,drop_at_50mA,0.555641,0.05,11.1128,22.2256,2.74436
pfet_03v3,fs,125,3.30,1.00u,2,drop_at_100mA,1.55473,0.1,15.5473,31.0946,1.74527
pfet_03v3,fs,125,3.30,1.00u,2,rlin_at_50mV,0.05,0.00517256,9.66638,19.3328,3.25
pfet_03v3,fs,125,3.30,1.00u,4,drop_at_50mA,0.255241,0.05,5.10482,20.4193,3.04476
pfet_03v3,fs,125,3.30,1.00u,4,drop_at_100mA,0.555641,0.1,5.55641,22.2256,2.74436
pfet_03v3,fs,125,3.30,1.00u,4,rlin_at_50mV,0.05,0.0103451,4.83319,19.3328,3.25
pfet_03v3,fs,125,3.30,1.00u,8,drop_at_50mA,0.123174,0.05,2.46348,19.7078,3.17683
pfet_03v3,fs,125,3.30,1.00u,8,drop_at_100mA,0.255241,0.1,2.55241,20.4193,3.04476
pfet_03v3,fs,125,3.30,1.00u,8,rlin_at_50mV,0.05,0.0206903,2.4166,19.3328,3.25
pfet_03v3,fs,125,3.30,1.00u,16,drop_at_50mA,0.0605819,0.05,1.21164,19.3862,3.23942
pfet_03v3,fs,125,3.30,1.00u,16,drop_at_100mA,0.123174,0.1,1.23174,19.7078,3.17683
pfet_03v3,fs,125,3.30,1.00u,16,rlin_at_50mV,0.05,0.0413805,1.2083,19.3328,3.25
pfet_03v3,fs,125,3.63,0.28u,1,drop_at_50mA,0.288482,0.05,5.76963,5.76963,3.34152
pfet_03v3,fs,125,3.63,0.28u,1,drop_at_100mA,0.632331,0.1,6.32331,6.32331,2.99767
pfet_03v3,fs,125,3.63,0.28u,1,rlin_at_50mV,0.05,0.0092153,5.42576,5.42576,3.58
pfet_03v3,fs,125,3.63,0.28u,2,drop_at_50mA,0.138756,0.05,2.77512,5.55024,3.49124
pfet_03v3,fs,125,3.63,0.28u,2,drop_at_100mA,0.288482,0.1,2.88482,5.76963,3.34152
pfet_03v3,fs,125,3.63,0.28u,2,rlin_at_50mV,0.05,0.0184306,2.71288,5.42576,3.58
pfet_03v3,fs,125,3.63,0.28u,4,drop_at_50mA,0.0681359,0.05,1.36272,5.45087,3.56186
pfet_03v3,fs,125,3.63,0.28u,4,drop_at_100mA,0.138756,0.1,1.38756,5.55024,3.49124
pfet_03v3,fs,125,3.63,0.28u,4,rlin_at_50mV,0.05,0.0368612,1.35644,5.42576,3.58
pfet_03v3,fs,125,3.63,0.28u,8,drop_at_50mA,0.0337714,0.05,0.675428,5.40343,3.59623
pfet_03v3,fs,125,3.63,0.28u,8,drop_at_100mA,0.0681359,0.1,0.681359,5.45087,3.56186
pfet_03v3,fs,125,3.63,0.28u,8,rlin_at_50mV,0.05,0.0737224,0.67822,5.42576,3.58
pfet_03v3,fs,125,3.63,0.28u,16,drop_at_50mA,0.0168132,0.05,0.336264,5.38023,3.61319
pfet_03v3,fs,125,3.63,0.28u,16,drop_at_100mA,0.0337714,0.1,0.337714,5.40343,3.59623
pfet_03v3,fs,125,3.63,0.28u,16,rlin_at_50mV,0.05,0.147445,0.33911,5.42576,3.58
pfet_03v3,fs,125,3.63,0.50u,1,drop_at_50mA,0.512658,0.05,10.2532,10.2532,3.11734
pfet_03v3,fs,125,3.63,0.50u,1,drop_at_100mA,1.25843,0.1,12.5843,12.5843,2.37157
pfet_03v3,fs,125,3.63,0.50u,1,rlin_at_50mV,0.05,0.00546776,9.14452,9.14452,3.58
pfet_03v3,fs,125,3.63,0.50u,2,drop_at_50mA,0.239334,0.05,4.78667,9.57334,3.39067
pfet_03v3,fs,125,3.63,0.50u,2,drop_at_100mA,0.512658,0.1,5.12658,10.2532,3.11734
pfet_03v3,fs,125,3.63,0.50u,2,rlin_at_50mV,0.05,0.0109355,4.57226,9.14452,3.58
pfet_03v3,fs,125,3.63,0.50u,4,drop_at_50mA,0.116134,0.05,2.32267,9.29069,3.51387
pfet_03v3,fs,125,3.63,0.50u,4,drop_at_100mA,0.239334,0.1,2.39334,9.57334,3.39067
pfet_03v3,fs,125,3.63,0.50u,4,rlin_at_50mV,0.05,0.021871,2.28613,9.14452,3.58
pfet_03v3,fs,125,3.63,0.50u,8,drop_at_50mA,0.0572523,0.05,1.14505,9.16037,3.57275
pfet_03v3,fs,125,3.63,0.50u,8,drop_at_100mA,0.116134,0.1,1.16134,9.29069,3.51387
pfet_03v3,fs,125,3.63,0.50u,8,rlin_at_50mV,0.05,0.043742,1.14306,9.14452,3.58
pfet_03v3,fs,125,3.63,0.50u,16,drop_at_50mA,0.0284302,0.05,0.568603,9.09765,3.60157
pfet_03v3,fs,125,3.63,0.50u,16,drop_at_100mA,0.0572523,0.1,0.572523,9.16037,3.57275
pfet_03v3,fs,125,3.63,0.50u,16,rlin_at_50mV,0.05,0.0874841,0.571532,9.14452,3.58
pfet_03v3,fs,125,3.63,1.00u,1,drop_at_50mA,1.18539,0.05,23.7078,23.7078,2.44461
pfet_03v3,fs,125,3.63,1.00u,1,drop_at_100mA,7.78159,0.1,77.8159,77.8159,-4.15159
pfet_03v3,fs,125,3.63,1.00u,1,rlin_at_50mV,0.05,0.00282322,17.7103,17.7103,3.58
pfet_03v3,fs,125,3.63,1.00u,2,drop_at_50mA,0.491978,0.05,9.83957,19.6791,3.13802
pfet_03v3,fs,125,3.63,1.00u,2,drop_at_100mA,1.18539,0.1,11.8539,23.7078,2.44461
pfet_03v3,fs,125,3.63,1.00u,2,rlin_at_50mV,0.05,0.00564644,8.85514,17.7103,3.58
pfet_03v3,fs,125,3.63,1.00u,4,drop_at_50mA,0.23089,0.05,4.61779,18.4712,3.39911
pfet_03v3,fs,125,3.63,1.00u,4,drop_at_100mA,0.491978,0.1,4.91978,19.6791,3.13802
pfet_03v3,fs,125,3.63,1.00u,4,rlin_at_50mV,0.05,0.0112929,4.42757,17.7103,3.58
pfet_03v3,fs,125,3.63,1.00u,8,drop_at_50mA,0.112286,0.05,2.24573,17.9658,3.51771
pfet_03v3,fs,125,3.63,1.00u,8,drop_at_100mA,0.23089,0.1,2.3089,18.4712,3.39911
pfet_03v3,fs,125,3.63,1.00u,8,rlin_at_50mV,0.05,0.0225858,2.21379,17.7103,3.58
pfet_03v3,fs,125,3.63,1.00u,16,drop_at_50mA,0.0554132,0.05,1.10826,17.7322,3.57459
pfet_03v3,fs,125,3.63,1.00u,16,drop_at_100mA,0.112286,0.1,1.12286,17.9658,3.51771
pfet_03v3,fs,125,3.63,1.00u,16,rlin_at_50mV,0.05,0.0451715,1.10689,17.7103,3.58
pfet_03v3,sf,-40,2.10,0.28u,1,drop_at_50mA,0.282529,0.05,5.65058,5.65058,1.81747
pfet_03v3,sf,-40,2.10,0.28u,1,drop_at_100mA,0.748971,0.1,7.48971,7.48971,1.35103
pfet_03v3,sf,-40,2.10,0.28u,1,rlin_at_50mV,0.05,0.0100409,4.97961,4.97961,2.05
pfet_03v3,sf,-40,2.10,0.28u,2,drop_at_50mA,0.129905,0.05,2.5981,5.19621,1.97009
pfet_03v3,sf,-40,2.10,0.28u,2,drop_at_100mA,0.282529,0.1,2.82529,5.65058,1.81747
pfet_03v3,sf,-40,2.10,0.28u,2,rlin_at_50mV,0.05,0.0200819,2.48981,4.97961,2.05
pfet_03v3,sf,-40,2.10,0.28u,4,drop_at_50mA,0.0626631,0.05,1.25326,5.01305,2.03734
pfet_03v3,sf,-40,2.10,0.28u,4,drop_at_100mA,0.129905,0.1,1.29905,5.19621,1.97009
pfet_03v3,sf,-40,2.10,0.28u,4,rlin_at_50mV,0.05,0.0401638,1.2449,4.97961,2.05
pfet_03v3,sf,-40,2.10,0.28u,8,drop_at_50mA,0.0308098,0.05,0.616196,4.92957,2.06919
pfet_03v3,sf,-40,2.10,0.28u,8,drop_at_100mA,0.0626631,0.1,0.626631,5.01305,2.03734
pfet_03v3,sf,-40,2.10,0.28u,8,rlin_at_50mV,0.05,0.0803275,0.622452,4.97961,2.05
pfet_03v3,sf,-40,2.10,0.28u,16,drop_at_50mA,0.01528,0.05,0.3056,4.8896,2.08472
pfet_03v3,sf,-40,2.10,0.28u,16,drop_at_100mA,0.0308098,0.1,0.308098,4.92957,2.06919
pfet_03v3,sf,-40,2.10,0.28u,16,rlin_at_50mV,0.05,0.160655,0.311226,4.97961,2.05
pfet_03v3,sf,-40,2.10,0.50u,1,drop_at_50mA,0.591737,0.05,11.8347,11.8347,1.50826
pfet_03v3,sf,-40,2.10,0.50u,1,drop_at_100mA,6.42628,0.1,64.2628,64.2628,-4.32628
pfet_03v3,sf,-40,2.10,0.50u,1,rlin_at_50mV,0.05,0.00579186,8.63281,8.63281,2.05
pfet_03v3,sf,-40,2.10,0.50u,2,drop_at_50mA,0.239062,0.05,4.78125,9.5625,1.86094
pfet_03v3,sf,-40,2.10,0.50u,2,drop_at_100mA,0.591737,0.1,5.91737,11.8347,1.50826
pfet_03v3,sf,-40,2.10,0.50u,2,rlin_at_50mV,0.05,0.0115837,4.3164,8.63281,2.05
pfet_03v3,sf,-40,2.10,0.50u,4,drop_at_50mA,0.111472,0.05,2.22944,8.91774,1.98853
pfet_03v3,sf,-40,2.10,0.50u,4,drop_at_100mA,0.239062,0.1,2.39062,9.5625,1.86094
pfet_03v3,sf,-40,2.10,0.50u,4,rlin_at_50mV,0.05,0.0231674,2.1582,8.63281,2.05
pfet_03v3,sf,-40,2.10,0.50u,8,drop_at_50mA,0.05407,0.05,1.0814,8.6512,2.04593
pfet_03v3,sf,-40,2.10,0.50u,8,drop_at_100mA,0.111472,0.1,1.11472,8.91774,1.98853
pfet_03v3,sf,-40,2.10,0.50u,8,rlin_at_50mV,0.05,0.0463349,1.0791,8.63281,2.05
pfet_03v3,sf,-40,2.10,0.50u,16,drop_at_50mA,0.0266518,0.05,0.533035,8.52856,2.07335
pfet_03v3,sf,-40,2.10,0.50u,16,drop_at_100mA,0.05407,0.1,0.5407,8.6512,2.04593
pfet_03v3,sf,-40,2.10,0.50u,16,rlin_at_50mV,0.05,0.0926697,0.53955,8.63281,2.05
pfet_03v3,sf,-40,2.10,1.00u,1,drop_at_50mA,6.57424,0.05,131.485,131.485,-4.47424
pfet_03v3,sf,-40,2.10,1.00u,1,drop_at_100mA,7.79123,0.1,77.9123,77.9123,-5.69123
pfet_03v3,sf,-40,2.10,1.00u,1,rlin_at_50mV,0.05,0.00293508,17.0353,17.0353,2.05
pfet_03v3,sf,-40,2.10,1.00u,2,drop_at_50mA,0.586872,0.05,11.7374,23.4749,1.51313
pfet_03v3,sf,-40,2.10,1.00u,2,drop_at_100mA,6.57424,0.1,65.7424,131.485,-4.47424
pfet_03v3,sf,-40,2.10,1.00u,2,rlin_at_50mV,0.05,0.00587017,8.51764,17.0353,2.05
pfet_03v3,sf,-40,2.10,1.00u,4,drop_at_50mA,0.235622,0.05,4.71244,18.8498,1.86438
pfet_03v3,sf,-40,2.10,1.00u,4,drop_at_100mA,0.586872,0.1,5.86872,23.4749,1.51313
pfet_03v3,sf,-40,2.10,1.00u,4,rlin_at_50mV,0.05,0.0117403,4.25882,17.0353,2.05
pfet_03v3,sf,-40,2.10,1.00u,8,drop_at_50mA,0.109903,0.05,2.19805,17.5844,1.9901
pfet_03v3,sf,-40,2.10,1.00u,8,drop_at_100mA,0.235622,0.1,2.35622,18.8498,1.86438
pfet_03v3,sf,-40,2.10,1.00u,8,rlin_at_50mV,0.05,0.0234807,2.12941,17.0353,2.05
pfet_03v3,sf,-40,2.10,1.00u,16,drop_at_50mA,0.053328,0.05,1.06656,17.065,2.04667
pfet_03v3,sf,-40,2.10,1.00u,16,drop_at_100mA,0.109903,0.1,1.09903,17.5844,1.9901
pfet_03v3,sf,-40,2.10,1.00u,16,rlin_at_50mV,0.05,0.0469614,1.06471,17.0353,2.05
pfet_03v3,sf,-40,2.97,0.28u,1,drop_at_50mA,0.196787,0.05,3.93574,3.93574,2.77321
pfet_03v3,sf,-40,2.97,0.28u,1,drop_at_100mA,0.427916,0.1,4.27916,4.27916,2.54208
pfet_03v3,sf,-40,2.97,0.28u,1,rlin_at_50mV,0.05,0.0133797,3.73701,3.73701,2.92
pfet_03v3,sf,-40,2.97,0.28u,2,drop_at_50mA,0.0949085,0.05,1.89817,3.79634,2.87509
pfet_03v3,sf,-40,2.97,0.28u,2,drop_at_100mA,0.196787,0.1,1.96787,3.93574,2.77321
pfet_03v3,sf,-40,2.97,0.28u,2,rlin_at_50mV,0.05,0.0267594,1.8685,3.73701,2.92
pfet_03v3,sf,-40,2.97,0.28u,4,drop_at_50mA,0.046658,0.05,0.933161,3.73264,2.92334
pfet_03v3,sf,-40,2.97,0.28u,4,drop_at_100mA,0.0949085,0.1,0.949085,3.79634,2.87509
pfet_03v3,sf,-40,2.97,0.28u,4,rlin_at_50mV,0.05,0.0535187,0.934252,3.73701,2.92
pfet_03v3,sf,-40,2.97,0.28u,8,drop_at_50mA,0.0231382,0.05,0.462764,3.70212,2.94686
pfet_03v3,sf,-40,2.97,0.28u,8,drop_at_100mA,0.046658,0.1,0.46658,3.73264,2.92334
pfet_03v3,sf,-40,2.97,0.28u,8,rlin_at_50mV,0.05,0.107037,0.467126,3.73701,2.92
pfet_03v3,sf,-40,2.97,0.28u,16,drop_at_50mA,0.0115224,0.05,0.230448,3.68716,2.95848
pfet_03v3,sf,-40,2.97,0.28u,16,drop_at_100mA,0.0231382,0.1,0.231382,3.70212,2.94686
pfet_03v3,sf,-40,2.97,0.28u,16,rlin_at_50mV,0.05,0.214075,0.233563,3.73701,2.92
pfet_03v3,sf,-40,2.97,0.50u,1,drop_at_50mA,0.340527,0.05,6.81055,6.81055,2.62947
pfet_03v3,sf,-40,2.97,0.50u,1,drop_at_100mA,0.809026,0.1,8.09026,8.09026,2.16097
pfet_03v3,sf,-40,2.97,0.50u,1,rlin_at_50mV,0.05,0.00810047,6.17248,6.17248,2.92
pfet_03v3,sf,-40,2.97,0.50u,2,drop_at_50mA,0.160065,0.05,3.20131,6.40262,2.80993
pfet_03v3,sf,-40,2.97,0.50u,2,drop_at_100mA,0.340527,0.1,3.40527,6.81055,2.62947
pfet_03v3,sf,-40,2.97,0.50u,2,rlin_at_50mV,0.05,0.0162009,3.08624,6.17248,2.92
pfet_03v3,sf,-40,2.97,0.50u,4,drop_at_50mA,0.0778689,0.05,1.55738,6.22951,2.89213
pfet_03v3,sf,-40,2.97,0.50u,4,drop_at_100mA,0.160065,0.1,1.60065,6.40262,2.80993
pfet_03v3,sf,-40,2.97,0.50u,4,rlin_at_50mV,0.05,0.0324019,1.54312,6.17248,2.92
pfet_03v3,sf,-40,2.97,0.50u,8,drop_at_50mA,0.0384316,0.05,0.768632,6.14905,2.93157
pfet_03v3,sf,-40,2.97,0.50u,8,drop_at_100mA,0.0778689,0.1,0.778689,6.22951,2.89213
pfet_03v3,sf,-40,2.97,0.50u,8,rlin_at_50mV,0.05,0.0648037,0.771561,6.17248,2.92
pfet_03v3,sf,-40,2.97,0.50u,16,drop_at_50mA,0.0190944,0.05,0.381887,6.1102,2.95091
pfet_03v3,sf,-40,2.97,0.50u,16,drop_at_100mA,0.0384316,0.1,0.384316,6.14905,2.93157
pfet_03v3,sf,-40,2.97,0.50u,16,rlin_at_50mV,0.05,0.129607,0.38578,6.17248,2.92
pfet_03v3,sf,-40,2.97,1.00u,1,drop_at_50mA,0.754293,0.05,15.0859,15.0859,2.21571
pfet_03v3,sf,-40,2.97,1.00u,1,drop_at_100mA,6.83271,0.1,68.3271,68.3271,-3.86271
pfet_03v3,sf,-40,2.97,1.00u,1,rlin_at_50mV,0.05,0.00422609,11.8313,11.8313,2.92
pfet_03v3,sf,-40,2.97,1.00u,2,drop_at_50mA,0.323258,0.05,6.46516,12.9303,2.64674
pfet_03v3,sf,-40,2.97,1.00u,2,drop_at_100mA,0.754293,0.1,7.54293,15.0859,2.21571
pfet_03v3,sf,-40,2.97,1.00u,2,rlin_at_50mV,0.05,0.00845219,5.91563,11.8313,2.92
pfet_03v3,sf,-40,2.97,1.00u,4,drop_at_50mA,0.152807,0.05,3.05615,12.2246,2.81719
pfet_03v3,sf,-40,2.97,1.00u,4,drop_at_100mA,0.323258,0.1,3.23258,12.9303,2.64674
pfet_03v3,sf,-40,2.97,1.00u,4,rlin_at_50mV,0.05,0.0169044,2.95781,11.8313,2.92
pfet_03v3,sf,-40,2.97,1.00u,8,drop_at_50mA,0.0745188,0.05,1.49038,11.923,2.89548
pfet_03v3,sf,-40,2.97,1.00u,8,drop_at_100mA,0.152807,0.1,1.52807,12.2246,2.81719
pfet_03v3,sf,-40,2.97,1.00u,8,rlin_at_50mV,0.05,0.0338087,1.47891,11.8313,2.92
pfet_03v3,sf,-40,2.97,1.00u,16,drop_at_50mA,0.0368202,0.05,0.736403,11.7825,2.93318
pfet_03v3,sf,-40,2.97,1.00u,16,drop_at_100mA,0.0745188,0.1,0.745188,11.923,2.89548
pfet_03v3,sf,-40,2.97,1.00u,16,rlin_at_50mV,0.05,0.0676175,0.739454,11.8313,2.92
pfet_03v3,sf,-40,3.30,0.28u,1,drop_at_50mA,0.182447,0.05,3.64895,3.64895,3.11755
pfet_03v3,sf,-40,3.30,0.28u,1,drop_at_100mA,0.389858,0.1,3.89858,3.89858,2.91014
pfet_03v3,sf,-40,3.30,0.28u,1,rlin_at_50mV,0.05,0.0142832,3.50062,3.50062,3.25
pfet_03v3,sf,-40,3.30,0.28u,2,drop_at_50mA,0.0885746,0.05,1.77149,3.54298,3.21143
pfet_03v3,sf,-40,3.30,0.28u,2,drop_at_100mA,0.182447,0.1,1.82447,3.64895,3.11755
pfet_03v3,sf,-40,3.30,0.28u,2,rlin_at_50mV,0.05,0.0285664,1.75031,3.50062,3.25
pfet_03v3,sf,-40,3.30,0.28u,4,drop_at_50mA,0.0436717,0.05,0.873433,3.49373,3.25633
pfet_03v3,sf,-40,3.30,0.28u,4,drop_at_100mA,0.0885746,0.1,0.885746,3.54298,3.21143
pfet_03v3,sf,-40,3.30,0.28u,4,rlin_at_50mV,0.05,0.0571328,0.875155,3.50062,3.25
pfet_03v3,sf,-40,3.30,0.28u,8,drop_at_50mA,0.0216872,0.05,0.433744,3.46995,3.27831
pfet_03v3,sf,-40,3.30,0.28u,8,drop_at_100mA,0.0436717,0.1,0.436717,3.49373,3.25633
pfet_03v3,sf,-40,3.30,0.28u,8,rlin_at_50mV,0.05,0.114266,0.437577,3.50062,3.25
pfet_03v3,sf,-40,3.30,0.28u,16,drop_at_50mA,0.010807,0.05,0.216141,3.45826,3.28919
pfet_03v3,sf,-40,3.30,0.28u,16,drop_at_100mA,0.0216872,0.1,0.216872,3.46995,3.27831
pfet_03v3,sf,-40,3.30,0.28u,16,rlin_at_50mV,0.05,0.228531,0.218789,3.50062,3.25
pfet_03v3,sf,-40,3.30,0.50u,1,drop_at_50mA,0.308393,0.05,6.16786,6.16786,2.99161
pfet_03v3,sf,-40,3.30,0.50u,1,drop_at_100mA,0.696157,0.1,6.96157,6.96157,2.60384
pfet_03v3,sf,-40,3.30,0.50u,1,rlin_at_50mV,0.05,0.00874892,5.71499,5.71499,3.25
pfet_03v3,sf,-40,3.30,0.50u,2,drop_at_50mA,0.146968,0.05,2.93935,5.8787,3.15303
pfet_03v3,sf,-40,3.30,0.50u,2,drop_at_100mA,0.308393,0.1,3.08393,6.16786,2.99161
pfet_03v3,sf,-40,3.30,0.50u,2,rlin_at_50mV,0.05,0.0174978,2.85749,5.71499,3.25
pfet_03v3,sf,-40,3.30,0.50u,4,drop_at_50mA,0.0718916,0.05,1.43783,5.75133,3.22811
pfet_03v3,sf,-40,3.30,0.50u,4,drop_at_100mA,0.146968,0.1,1.46968,5.8787,3.15303
pfet_03v3,sf,-40,3.30,0.50u,4,rlin_at_50mV,0.05,0.0349957,1.42875,5.71499,3.25
pfet_03v3,sf,-40,3.30,0.50u,8,drop_at_50mA,0.0355702,0.05,0.711404,5.69123,3.26443
pfet_03v3,sf,-40,3.30,0.50u,8,drop_at_100mA,0.0718916,0.1,0.718916,5.75133,3.22811
pfet_03v3,sf,-40,3.30,0.50u,8,rlin_at_50mV,0.05,0.0699914,0.714374,5.71499,3.25
pfet_03v3,sf,-40,3.30,0.50u,16,drop_at_50mA,0.0176938,0.05,0.353875,5.662,3.28231
pfet_03v3,sf,-40,3.30,0.50u,16,drop_at_100mA,0.0355702,0.1,0.355702,5.69123,3.26443
pfet_03v3,sf,-40,3.30,0.50u,16,rlin_at_50mV,0.05,0.139983,0.357187,5.71499,3.25
pfet_03v3,sf,-40,3.30,1.00u,1,drop_at_50mA,0.64597,0.05,12.9194,12.9194,2.65403
pfet_03v3,sf,-40,3.30,1.00u,1,drop_at_100mA,5.87958,0.1,58.7958,58.7958,-2.57958
pfet_03v3,sf,-40,3.30,1.00u,1,rlin_at_50mV,0.05,0.00460055,10.8683,10.8683,3.25
pfet_03v3,sf,-40,3.30,1.00u,2,drop_at_50mA,0.290551,0.05,5.81102,11.622,3.00945
pfet_03v3,sf,-40,3.30,1.00u,2,drop_at_100mA,0.64597,0.1,6.4597,12.9194,2.65403
pfet_03v3,sf,-40,3.30,1.00u,2,rlin_at_50mV,0.05,0.0092011,5.43413,10.8683,3.25
pfet_03v3,sf,-40,3.30,1.00u,4,drop_at_50mA,0.13922,0.05,2.78439,11.1376,3.16078
pfet_03v3,sf,-40,3.30,1.00u,4,drop_at_100mA,0.290551,0.1,2.90551,11.622,3.00945
pfet_03v3,sf,-40,3.30,1.00u,4,rlin_at_50mV,0.05,0.0184022,2.71707,10.8683,3.25
pfet_03v3,sf,-40,3.30,1.00u,8,drop_at_50mA,0.0682654,0.05,1.36531,10.9225,3.23173
pfet_03v3,sf,-40,3.30,1.00u,8,drop_at_100mA,0.13922,0.1,1.3922,11.1376,3.16078
pfet_03v3,sf,-40,3.30,1.00u,8,rlin_at_50mV,0.05,0.0368044,1.35853,10.8683,3.25
pfet_03v3,sf,-40,3.30,1.00u,16,drop_at_50mA,0.0338145,0.05,0.676289,10.8206,3.26619
pfet_03v3,sf,-40,3.30,1.00u,16,drop_at_100mA,0.0682654,0.1,0.682654,10.9225,3.23173
pfet_03v3,sf,-40,3.30,1.00u,16,rlin_at_50mV,0.05,0.0736088,0.679267,10.8683,3.25
pfet_03v3,sf,-40,3.63,0.28u,1,drop_at_50mA,0.172032,0.05,3.44063,3.44063,3.45797
pfet_03v3,sf,-40,3.63,0.28u,1,drop_at_100mA,0.363414,0.1,3.63414,3.63414,3.26659
pfet_03v3,sf,-40,3.63,0.28u,1,rlin_at_50mV,0.05,0.015041,3.32425,3.32425,3.58
pfet_03v3,sf,-40,3.63,0.28u,2,drop_at_50mA,0.0839016,0.05,1.67803,3.35606,3.5461
pfet_03v3,sf,-40,3.63,0.28u,2,drop_at_100mA,0.172032,0.1,1.72032,3.44063,3.45797
pfet_03v3,sf,-40,3.63,0.28u,2,rlin_at_50mV,0.05,0.030082,1.66212,3.32425,3.58
pfet_03v3,sf,-40,3.63,0.28u,4,drop_at_50mA,0.0414536,0.05,0.829073,3.31629,3.58855
pfet_03v3,sf,-40,3.63,0.28u,4,drop_at_100mA,0.0839016,0.1,0.839016,3.35606,3.5461
pfet_03v3,sf,-40,3.63,0.28u,4,rlin_at_50mV,0.05,0.060164,0.831062,3.32425,3.58
pfet_03v3,sf,-40,3.63,0.28u,8,drop_at_50mA,0.0206061,0.05,0.412122,3.29698,3.60939
pfet_03v3,sf,-40,3.63,0.28u,8,drop_at_100mA,0.0414536,0.1,0.414536,3.31629,3.58855
pfet_03v3,sf,-40,3.63,0.28u,8,rlin_at_50mV,0.05,0.120328,0.415531,3.32425,3.58
pfet_03v3,sf,-40,3.63,0.28u,16,drop_at_50mA,0.0102733,0.05,0.205466,3.28746,3.61973
pfet_03v3,sf,-40,3.63,0.28u,16,drop_at_100mA,0.0206061,0.1,0.206061,3.29698,3.60939
pfet_03v3,sf,-40,3.63,0.28u,16,rlin_at_50mV,0.05,0.240656,0.207766,3.32425,3.58
pfet_03v3,sf,-40,3.63,0.50u,1,drop_at_50mA,0.285961,0.05,5.71923,5.71923,3.34404
pfet_03v3,sf,-40,3.63,0.50u,1,drop_at_100mA,0.627873,0.1,6.27873,6.27873,3.00213
pfet_03v3,sf,-40,3.63,0.50u,1,rlin_at_50mV,0.05,0.00929955,5.3766,5.3766,3.58
pfet_03v3,sf,-40,3.63,0.50u,2,drop_at_50mA,0.137498,0.05,2.74996,5.49991,3.4925
pfet_03v3,sf,-40,3.63,0.50u,2,drop_at_100mA,0.285961,0.1,2.85961,5.71923,3.34404
pfet_03v3,sf,-40,3.63,0.50u,2,rlin_at_50mV,0.05,0.0185991,2.6883,5.3766,3.58
pfet_03v3,sf,-40,3.63,0.50u,4,drop_at_50mA,0.0675118,0.05,1.35024,5.40094,3.56249
pfet_03v3,sf,-40,3.63,0.50u,4,drop_at_100mA,0.137498,0.1,1.37498,5.49991,3.4925
pfet_03v3,sf,-40,3.63,0.50u,4,rlin_at_50mV,0.05,0.0371982,1.34415,5.3766,3.58
pfet_03v3,sf,-40,3.63,0.50u,8,drop_at_50mA,0.033461,0.05,0.669221,5.35377,3.59654
pfet_03v3,sf,-40,3.63,0.50u,8,drop_at_100mA,0.0675118,0.1,0.675118,5.40094,3.56249
pfet_03v3,sf,-40,3.63,0.50u,8,rlin_at_50mV,0.05,0.0743964,0.672075,5.3766,3.58
pfet_03v3,sf,-40,3.63,0.50u,16,drop_at_50mA,0.0166585,0.05,0.33317,5.33072,3.61334
pfet_03v3,sf,-40,3.63,0.50u,16,drop_at_100mA,0.033461,0.1,0.33461,5.35377,3.59654
pfet_03v3,sf,-40,3.63,0.50u,16,rlin_at_50mV,0.05,0.148793,0.336038,5.3766,3.58
pfet_03v3,sf,-40,3.63,1.00u,1,drop_at_50mA,0.580205,0.05,11.6041,11.6041,3.04979
pfet_03v3,sf,-40,3.63,1.00u,1,drop_at_100mA,1.53638,0.1,15.3638,15.3638,2.09362
pfet_03v3,sf,-40,3.63,1.00u,1,rlin_at_50mV,0.05,0.00492198,10.1585,10.1585,3.58
pfet_03v3,sf,-40,3.63,1.00u,2,drop_at_50mA,0.267807,0.05,5.35614,10.7123,3.36219
pfet_03v3,sf,-40,3.63,1.00u,2,drop_at_100mA,0.580205,0.1,5.80205,11.6041,3.04979
pfet_03v3,sf,-40,3.63,1.00u,2,rlin_at_50mV,0.05,0.00984395,5.07926,10.1585,3.58
pfet_03v3,sf,-40,3.63,1.00u,4,drop_at_50mA,0.129433,0.05,2.58865,10.3546,3.50057
pfet_03v3,sf,-40,3.63,1.00u,4,drop_at_100mA,0.267807,0.1,2.67807,10.7123,3.36219
pfet_03v3,sf,-40,3.63,1.00u,4,rlin_at_50mV,0.05,0.0196879,2.53963,10.1585,3.58
pfet_03v3,sf,-40,3.63,1.00u,8,drop_at_50mA,0.0636992,0.05,1.27398,10.1919,3.5663
pfet_03v3,sf,-40,3.63,1.00u,8,drop_at_100mA,0.129433,0.1,1.29433,10.3546,3.50057
pfet_03v3,sf,-40,3.63,1.00u,8,rlin_at_50mV,0.05,0.0393758,1.26982,10.1585,3.58
pfet_03v3,sf,-40,3.63,1.00u,16,drop_at_50mA,0.0316063,0.05,0.632127,10.114,3.59839
pfet_03v3,sf,-40,3.63,1.00u,16,drop_at_100mA,0.0636992,0.1,0.636992,10.1919,3.5663
pfet_03v3,sf,-40,3.63,1.00u,16,rlin_at_50mV,0.05,0.0787516,0.634908,10.1585,3.58
pfet_03v3,sf,27,2.10,0.28u,1,drop_at_50mA,0.340515,0.05,6.81029,6.81029,1.75949
pfet_03v3,sf,27,2.10,0.28u,1,drop_at_100mA,0.992784,0.1,9.92784,9.92784,1.10722
pfet_03v3,sf,27,2.10,0.28u,1,rlin_at_50mV,0.05,0.008486,5.89206,5.89206,2.05
pfet_03v3,sf,27,2.10,0.28u,2,drop_at_50mA,0.155021,0.05,3.10042,6.20084,1.94498
pfet_03v3,sf,27,2.10,0.28u,2,drop_at_100mA,0.340515,0.1,3.40515,6.81029,1.75949
pfet_03v3,sf,27,2.10,0.28u,2,rlin_at_50mV,0.05,0.016972,2.94603,5.89206,2.05
pfet_03v3,sf,27,2.10,0.28u,4,drop_at_50mA,0.0745256,0.05,1.49051,5.96205,2.02547
pfet_03v3,sf,27,2.10,0.28u,4,drop_at_100mA,0.155021,0.1,1.55021,6.20084,1.94498
pfet_03v3,sf,27,2.10,0.28u,4,rlin_at_50mV,0.05,0.033944,1.47301,5.89206,2.05
pfet_03v3,sf,27,2.10,0.28u,8,drop_at_50mA,0.0365894,0.05,0.731789,5.85431,2.06341
pfet_03v3,sf,27,2.10,0.28u,8,drop_at_100mA,0.0745256,0.1,0.745256,5.96205,2.02547
pfet_03v3,sf,27,2.10,0.28u,8,rlin_at_50mV,0.05,0.067888,0.736507,5.89206,2.05
pfet_03v3,sf,27,2.10,0.28u,16,drop_at_50mA,0.0181342,0.05,0.362685,5.80295,2.08187
pfet_03v3,sf,27,2.10,0.28u,16,drop_at_100mA,0.0365894,0.1,0.365894,5.85431,2.06341
pfet_03v3,sf,27,2.10,0.28u,16,rlin_at_50mV,0.05,0.135776,0.368253,5.89206,2.05
pfet_03v3,sf,27,2.10,0.50u,1,drop_at_50mA,0.792968,0.05,15.8594,15.8594,1.30703
pfet_03v3,sf,27,2.10,0.50u,1,drop_at_100mA,6.82566,0.1,68.2566,68.2566,-4.72566
pfet_03v3,sf,27,2.10,0.50u,1,rlin_at_50mV,0.05,0.00476813,10.4863,10.4863,2.05
pfet_03v3,sf,27,2.10,0.50u,2,drop_at_50mA,0.296664,0.05,5.93327,11.8665,1.80334
pfet_03v3,sf,27,2.10,0.50u,2,drop_at_100mA,0.792968,0.1,7.92968,15.8594,1.30703
pfet_03v3,sf,27,2.10,0.50u,2,rlin_at_50mV,0.05,0.00953626,5.24315,10.4863,2.05
pfet_03v3,sf,27,2.10,0.50u,4,drop_at_50mA,0.136732,0.05,2.73464,10.9386,1.96327
pfet_03v3,sf,27,2.10,0.50u,4,drop_at_100mA,0.296664,0.1,2.96664,11.8665,1.80334
pfet_03v3,sf,27,2.10,0.50u,4,rlin_at_50mV,0.05,0.0190725,2.62157,10.4863,2.05
pfet_03v3,sf,27,2.10,0.50u,8,drop_at_50mA,0.066047,0.05,1.32094,10.5675,2.03395
pfet_03v3,sf,27,2.10,0.50u,8,drop_at_100mA,0.136732,0.1,1.36732,10.9386,1.96327
pfet_03v3,sf,27,2.10,0.50u,8,rlin_at_50mV,0.05,0.038145,1.31079,10.4863,2.05
pfet_03v3,sf,27,2.10,0.50u,16,drop_at_50mA,0.0324966,0.05,0.649932,10.3989,2.0675
pfet_03v3,sf,27,2.10,0.50u,16,drop_at_100mA,0.066047,0.1,0.66047,10.5675,2.03395
pfet_03v3,sf,27,2.10,0.50u,16,rlin_at_50mV,0.05,0.0762901,0.655393,10.4863,2.05
pfet_03v3,sf,27,2.10,1.00u,1,drop_at_50mA,6.9496,0.05,138.992,138.992,-4.8496
pfet_03v3,sf,27,2.10,1.00u,1,drop_at_100mA,8.10135,0.1,81.0135,81.0135,-6.00135
pfet_03v3,sf,27,2.10,1.00u,1,rlin_at_50mV,0.05,0.00237614,21.0425,21.0425,2.05
pfet_03v3,sf,27,2.10,1.00u,2,drop_at_50mA,0.836016,0.05,16.7203,33.4406,1.26398
pfet_03v3,sf,27,2.10,1.00u,2,drop_at_100mA,6.9496,0.1,69.496,138.992,-4.8496
pfet_03v3,sf,27,2.10,1.00u,2,rlin_at_50mV,0.05,0.00475228,10.5213,21.0425,2.05
pfet_03v3,sf,27,2.10,1.00u,4,drop_at_50mA,0.29875,0.05,5.97501,23.9,1.80125
pfet_03v3,sf,27,2.10,1.00u,4,drop_at_100mA,0.836016,0.1,8.36016,33.4406,1.26398
pfet_03v3,sf,27,2.10,1.00u,4,rlin_at_50mV,0.05,0.00950456,5.26063,21.0425,2.05
pfet_03v3,sf,27,2.10,1.00u,8,drop_at_50mA,0.137309,0.05,2.74618,21.9695,1.96269
pfet_03v3,sf,27,2.10,1.00u,8,drop_at_100mA,0.29875,0.1,2.9875,23.9,1.80125
pfet_03v3,sf,27,2.10,1.00u,8,rlin_at_50mV,0.05,0.0190091,2.63032,21.0425,2.05
pfet_03v3,sf,27,2.10,1.00u,16,drop_at_50mA,0.0662806,0.05,1.32561,21.2098,2.03372
pfet_03v3,sf,27,2.10,1.00u,16,drop_at_100mA,0.137309,0.1,1.37309,21.9695,1.96269
pfet_03v3,sf,27,2.10,1.00u,16,rlin_at_50mV,0.05,0.0380182,1.31516,21.0425,2.05
pfet_03v3,sf,27,2.97,0.28u,1,drop_at_50mA,0.235491,0.05,4.70982,4.70982,2.73451
pfet_03v3,sf,27,2.97,0.28u,1,drop_at_100mA,0.518215,0.1,5.18215,5.18215,2.45178
pfet_03v3,sf,27,2.97,0.28u,1,rlin_at_50mV,0.05,0.0112797,4.43273,4.43273,2.92
pfet_03v3,sf,27,2.97,0.28u,2,drop_at_50mA,0.113109,0.05,2.26218,4.52436,2.85689
pfet_03v3,sf,27,2.97,0.28u,2,drop_at_100mA,0.235491,0.1,2.35491,4.70982,2.73451
pfet_03v3,sf,27,2.97,0.28u,2,rlin_at_50mV,0.05,0.0225595,2.21636,4.43273,2.92
pfet_03v3,sf,27,2.97,0.28u,4,drop_at_50mA,0.0555077,0.05,1.11015,4.44062,2.91449
pfet_03v3,sf,27,2.97,0.28u,4,drop_at_100mA,0.113109,0.1,1.13109,4.52436,2.85689
pfet_03v3,sf,27,2.97,0.28u,4,rlin_at_50mV,0.05,0.045119,1.10818,4.43273,2.92
pfet_03v3,sf,27,2.97,0.28u,8,drop_at_50mA,0.0275043,0.05,0.550087,4.40069,2.9425
pfet_03v3,sf,27,2.97,0.28u,8,drop_at_100mA,0.0555077,0.1,0.555077,4.44062,2.91449
pfet_03v3,sf,27,2.97,0.28u,8,rlin_at_50mV,0.05,0.0902379,0.554091,4.43273,2.92
pfet_03v3,sf,27,2.97,0.28u,16,drop_at_50mA,0.0136912,0.05,0.273824,4.38118,2.95631
pfet_03v3,sf,27,2.97,0.28u,16,drop_at_100mA,0.0275043,0.1,0.275043,4.40069,2.9425
pfet_03v3,sf,27,2.97,0.28u,16,rlin_at_50mV,0.05,0.180476,0.277045,4.43273,2.92
pfet_03v3,sf,27,2.97,0.50u,1,drop_at_50mA,0.42355,0.05,8.47099,8.47099,2.54645
pfet_03v3,sf,27,2.97,0.50u,1,drop_at_100mA,1.06487,0.1,10.6487,10.6487,1.90513
pfet_03v3,sf,27,2.97,0.50u,1,rlin_at_50mV,0.05,0.00664739,7.52175,7.52175,2.92
pfet_03v3,sf,27,2.97,0.50u,2,drop_at_50mA,0.196827,0.05,3.93654,7.87308,2.77317
pfet_03v3,sf,27,2.97,0.50u,2,drop_at_100mA,0.42355,0.1,4.2355,8.47099,2.54645
pfet_03v3,sf,27,2.97,0.50u,2,rlin_at_50mV,0.05,0.0132948,3.76088,7.52175,2.92
pfet_03v3,sf,27,2.97,0.50u,4,drop_at_50mA,0.0953436,0.05,1.90687,7.62749,2.87466
pfet_03v3,sf,27,2.97,0.50u,4,drop_at_100mA,0.196827,0.1,1.96827,7.87308,2.77317
pfet_03v3,sf,27,2.97,0.50u,4,rlin_at_50mV,0.05,0.0265896,1.88044,7.52175,2.92
pfet_03v3,sf,27,2.97,0.50u,8,drop_at_50mA,0.0469673,0.05,0.939346,7.51476,2.92303
pfet_03v3,sf,27,2.97,0.50u,8,drop_at_100mA,0.0953436,0.1,0.953436,7.62749,2.87466
pfet_03v3,sf,27,2.97,0.50u,8,rlin_at_50mV,0.05,0.0531791,0.940219,7.52175,2.92
pfet_03v3,sf,27,2.97,0.50u,16,drop_at_50mA,0.0233145,0.05,0.466289,7.46063,2.94669
pfet_03v3,sf,27,2.97,0.50u,16,drop_at_100mA,0.0469673,0.1,0.469673,7.51476,2.92303
pfet_03v3,sf,27,2.97,0.50u,16,rlin_at_50mV,0.05,0.106358,0.470109,7.52175,2.92
pfet_03v3,sf,27,2.97,1.00u,1,drop_at_50mA,1.01596,0.05,20.3193,20.3193,1.95404
pfet_03v3,sf,27,2.97,1.00u,1,drop_at_100mA,7.3434,0.1,73.434,73.434,-4.3734
pfet_03v3,sf,27,2.97,1.00u,1,rlin_at_50mV,0.05,0.0034091,14.6666,14.6666,2.92
pfet_03v3,sf,27,2.97,1.00u,2,drop_at_50mA,0.409906,0.05,8.19812,16.3962,2.56009
pfet_03v3,sf,27,2.97,1.00u,2,drop_at_100mA,1.01596,0.1,10.1596,20.3193,1.95404
pfet_03v3,sf,27,2.97,1.00u,2,rlin_at_50mV,0.05,0.00681819,7.33332,14.6666,2.92
pfet_03v3,sf,27,2.97,1.00u,4,drop_at_50mA,0.191307,0.05,3.82614,15.3046,2.77869
pfet_03v3,sf,27,2.97,1.00u,4,drop_at_100mA,0.409906,0.1,4.09906,16.3962,2.56009
pfet_03v3,sf,27,2.97,1.00u,4,rlin_at_50mV,0.05,0.0136364,3.66666,14.6666,2.92
pfet_03v3,sf,27,2.97,1.00u,8,drop_at_50mA,0.0928432,0.05,1.85686,14.8549,2.87716
pfet_03v3,sf,27,2.97,1.00u,8,drop_at_100mA,0.191307,0.1,1.91307,15.3046,2.77869
pfet_03v3,sf,27,2.97,1.00u,8,rlin_at_50mV,0.05,0.0272728,1.83333,14.6666,2.92
pfet_03v3,sf,27,2.97,1.00u,16,drop_at_50mA,0.045776,0.05,0.91552,14.6483,2.92422
pfet_03v3,sf,27,2.97,1.00u,16,drop_at_100mA,0.0928432,0.1,0.928432,14.8549,2.87716
pfet_03v3,sf,27,2.97,1.00u,16,rlin_at_50mV,0.05,0.0545455,0.916665,14.6666,2.92
pfet_03v3,sf,27,3.30,0.28u,1,drop_at_50mA,0.217469,0.05,4.34939,4.34939,3.08253
pfet_03v3,sf,27,3.30,0.28u,1,drop_at_100mA,0.468781,0.1,4.68781,4.68781,2.83122
pfet_03v3,sf,27,3.30,0.28u,1,rlin_at_50mV,0.05,0.0120699,4.14254,4.14254,3.25
pfet_03v3,sf,27,3.30,0.28u,2,drop_at_50mA,0.105231,0.05,2.10461,4.20922,3.19477
pfet_03v3,sf,27,3.30,0.28u,2,drop_at_100mA,0.217469,0.1,2.17469,4.34939,3.08253
pfet_03v3,sf,27,3.30,0.28u,2,rlin_at_50mV,0.05,0.0241398,2.07127,4.14254,3.25
pfet_03v3,sf,27,3.30,0.28u,4,drop_at_50mA,0.0518087,0.05,1.03617,4.1447,3.24819
pfet_03v3,sf,27,3.30,0.28u,4,drop_at_100mA,0.105231,0.1,1.05231,4.20922,3.19477
pfet_03v3,sf,27,3.30,0.28u,4,rlin_at_50mV,0.05,0.0482796,1.03563,4.14254,3.25
pfet_03v3,sf,27,3.30,0.28u,8,drop_at_50mA,0.0257104,0.05,0.514209,4.11367,3.27429
pfet_03v3,sf,27,3.30,0.28u,8,drop_at_100mA,0.0518087,0.1,0.518087,4.1447,3.24819
pfet_03v3,sf,27,3.30,0.28u,8,rlin_at_50mV,0.05,0.0965592,0.517817,4.14254,3.25
pfet_03v3,sf,27,3.30,0.28u,16,drop_at_50mA,0.0128076,0.05,0.256153,4.09844,3.28719
pfet_03v3,sf,27,3.30,0.28u,16,drop_at_100mA,0.0257104,0.1,0.257104,4.11367,3.27429
pfet_03v3,sf,27,3.30,0.28u,16,rlin_at_50mV,0.05,0.193118,0.258909,4.14254,3.25
pfet_03v3,sf,27,3.30,0.50u,1,drop_at_50mA,0.380569,0.05,7.61139,7.61139,2.91943
pfet_03v3,sf,27,3.30,0.50u,1,drop_at_100mA,0.885254,0.1,8.85254,8.85254,2.41475
pfet_03v3,sf,27,3.30,0.50u,1,rlin_at_50mV,0.05,0.00720023,6.94422,6.94422,3.25
pfet_03v3,sf,27,3.30,0.50u,2,drop_at_50mA,0.179868,0.05,3.59735,7.1947,3.12013
pfet_03v3,sf,27,3.30,0.50u,2,drop_at_100mA,0.380569,0.1,3.80569,7.61139,2.91943
pfet_03v3,sf,27,3.30,0.50u,2,rlin_at_50mV,0.05,0.0144005,3.47211,6.94422,3.25
pfet_03v3,sf,27,3.30,0.50u,4,drop_at_50mA,0.0876934,0.05,1.75387,7.01547,3.21231
pfet_03v3,sf,27,3.30,0.50u,4,drop_at_100mA,0.179868,0.1,1.79868,7.1947,3.12013
pfet_03v3,sf,27,3.30,0.50u,4,rlin_at_50mV,0.05,0.0288009,1.73606,6.94422,3.25
pfet_03v3,sf,27,3.30,0.50u,8,drop_at_50mA,0.0433233,0.05,0.866465,6.93172,3.25668
pfet_03v3,sf,27,3.30,0.50u,8,drop_at_100mA,0.0876934,0.1,0.876934,7.01547,3.21231
pfet_03v3,sf,27,3.30,0.50u,8,rlin_at_50mV,0.05,0.0576018,0.868028,6.94422,3.25
pfet_03v3,sf,27,3.30,0.50u,16,drop_at_50mA,0.0215349,0.05,0.430698,6.89118,3.27847
pfet_03v3,sf,27,3.30,0.50u,16,drop_at_100mA,0.0433233,0.1,0.433233,6.93172,3.25668
pfet_03v3,sf,27,3.30,0.50u,16,rlin_at_50mV,0.05,0.115204,0.434014,6.94422,3.25
pfet_03v3,sf,27,3.30,1.00u,1,drop_at_50mA,0.837258,0.05,16.7452,16.7452,2.46274
pfet_03v3,sf,27,3.30,1.00u,1,drop_at_100mA,7.01026,0.1,70.1026,70.1026,-3.71026
pfet_03v3,sf,27,3.30,1.00u,1,rlin_at_50mV,0.05,0.00372323,13.4292,13.4292,3.25
pfet_03v3,sf,27,3.30,1.00u,2,drop_at_50mA,0.365038,0.05,7.30076,14.6015,2.93496
pfet_03v3,sf,27,3.30,1.00u,2,drop_at_100mA,0.837258,0.1,8.37258,16.7452,2.46274
pfet_03v3,sf,27,3.30,1.00u,2,rlin_at_50mV,0.05,0.00744646,6.7146,13.4292,3.25
pfet_03v3,sf,27,3.30,1.00u,4,drop_at_50mA,0.173343,0.05,3.46686,13.8674,3.12666
pfet_03v3,sf,27,3.30,1.00u,4,drop_at_100mA,0.365038,0.1,3.65038,14.6015,2.93496
pfet_03v3,sf,27,3.30,1.00u,4,rlin_at_50mV,0.05,0.0148929,3.3573,13.4292,3.25
pfet_03v3,sf,27,3.30,1.00u,8,drop_at_50mA,0.084687,0.05,1.69374,13.5499,3.21531
pfet_03v3,sf,27,3.30,1.00u,8,drop_at_100mA,0.173343,0.1,1.73343,13.8674,3.12666
pfet_03v3,sf,27,3.30,1.00u,8,rlin_at_50mV,0.05,0.0297858,1.67865,13.4292,3.25
pfet_03v3,sf,27,3.30,1.00u,16,drop_at_50mA,0.0418788,0.05,0.837576,13.4012,3.25812
pfet_03v3,sf,27,3.30,1.00u,16,drop_at_100mA,0.084687,0.1,0.84687,13.5499,3.21531
pfet_03v3,sf,27,3.30,1.00u,16,rlin_at_50mV,0.05,0.0595717,0.839325,13.4292,3.25
pfet_03v3,sf,27,3.63,0.28u,1,drop_at_50mA,0.20418,0.05,4.0836,4.0836,3.42582
pfet_03v3,sf,27,3.63,0.28u,1,drop_at_100mA,0.434286,0.1,4.34286,4.34286,3.19571
pfet_03v3,sf,27,3.63,0.28u,1,rlin_at_50mV,0.05,0.0127499,3.92161,3.92161,3.58
pfet_03v3,sf,27,3.63,0.28u,2,drop_at_50mA,0.0993114,0.05,1.98623,3.97245,3.53069
pfet_03v3,sf,27,3.63,0.28u,2,drop_at_100mA,0.20418,0.1,2.0418,4.0836,3.42582
pfet_03v3,sf,27,3.63,0.28u,2,rlin_at_50mV,0.05,0.0254997,1.9608,3.92161,3.58
pfet_03v3,sf,27,3.63,0.28u,4,drop_at_50mA,0.0490074,0.05,0.980148,3.92059,3.58099
pfet_03v3,sf,27,3.63,0.28u,4,drop_at_100mA,0.0993114,0.1,0.993114,3.97245,3.53069
pfet_03v3,sf,27,3.63,0.28u,4,rlin_at_50mV,0.05,0.0509995,0.980402,3.92161,3.58
pfet_03v3,sf,27,3.63,0.28u,8,drop_at_50mA,0.0243469,0.05,0.486938,3.8955,3.60565
pfet_03v3,sf,27,3.63,0.28u,8,drop_at_100mA,0.0490074,0.1,0.490074,3.92059,3.58099
pfet_03v3,sf,27,3.63,0.28u,8,rlin_at_50mV,0.05,0.101999,0.490201,3.92161,3.58
pfet_03v3,sf,27,3.63,0.28u,16,drop_at_50mA,0.0121349,0.05,0.242697,3.88316,3.61787
pfet_03v3,sf,27,3.63,0.28u,16,drop_at_100mA,0.0243469,0.1,0.243469,3.8955,3.60565
pfet_03v3,sf,27,3.63,0.28u,16,rlin_at_50mV,0.05,0.203998,0.2451,3.92161,3.58
pfet_03v3,sf,27,3.63,0.50u,1,drop_at_50mA,0.350387,0.05,7.00773,7.00773,3.27961
pfet_03v3,sf,27,3.63,0.50u,1,drop_at_100mA,0.784713,0.1,7.84713,7.84713,2.84529
pfet_03v3,sf,27,3.63,0.50u,1,rlin_at_50mV,0.05,0.00768315,6.50774,6.50774,3.58
pfet_03v3,sf,27,3.63,0.50u,2,drop_at_50mA,0.167406,0.05,3.34813,6.69626,3.46259
pfet_03v3,sf,27,3.63,0.50u,2,drop_at_100mA,0.350387,0.1,3.50387,7.00773,3.27961
pfet_03v3,sf,27,3.63,0.50u,2,rlin_at_50mV,0.05,0.0153663,3.25387,6.50774,3.58
pfet_03v3,sf,27,3.63,0.50u,4,drop_at_50mA,0.0819782,0.05,1.63956,6.55826,3.54802
pfet_03v3,sf,27,3.63,0.50u,4,drop_at_100mA,0.167406,0.1,1.67406,6.69626,3.46259
pfet_03v3,sf,27,3.63,0.50u,4,rlin_at_50mV,0.05,0.0307326,1.62694,6.50774,3.58
pfet_03v3,sf,27,3.63,0.50u,8,drop_at_50mA,0.0405811,0.05,0.811623,6.49298,3.58942
pfet_03v3,sf,27,3.63,0.50u,8,drop_at_100mA,0.0819782,0.1,0.819782,6.55826,3.54802
pfet_03v3,sf,27,3.63,0.50u,8,rlin_at_50mV,0.05,0.0614652,0.813468,6.50774,3.58
pfet_03v3,sf,27,3.63,0.50u,16,drop_at_50mA,0.0201913,0.05,0.403825,6.46121,3.60981
pfet_03v3,sf,27,3.63,0.50u,16,drop_at_100mA,0.0405811,0.1,0.405811,6.49298,3.58942
pfet_03v3,sf,27,3.63,0.50u,16,rlin_at_50mV,0.05,0.12293,0.406734,6.50774,3.58
pfet_03v3,sf,27,3.63,1.00u,1,drop_at_50mA,0.737667,0.05,14.7533,14.7533,2.89233
pfet_03v3,sf,27,3.63,1.00u,1,drop_at_100mA,5.17045,0.1,51.7045,51.7045,-1.54045
pfet_03v3,sf,27,3.63,1.00u,1,rlin_at_50mV,0.05,0.0040012,12.4963,12.4963,3.58
pfet_03v3,sf,27,3.63,1.00u,2,drop_at_50mA,0.333695,0.05,6.67389,13.3478,3.29631
pfet_03v3,sf,27,3.63,1.00u,2,drop_at_100mA,0.737667,0.1,7.37667,14.7533,2.89233
pfet_03v3,sf,27,3.63,1.00u,2,rlin_at_50mV,0.05,0.00800239,6.24813,12.4963,3.58
pfet_03v3,sf,27,3.63,1.00u,4,drop_at_50mA,0.160191,0.05,3.20382,12.8153,3.46981
pfet_03v3,sf,27,3.63,1.00u,4,drop_at_100mA,0.333695,0.1,3.33695,13.3478,3.29631
pfet_03v3,sf,27,3.63,1.00u,4,rlin_at_50mV,0.05,0.0160048,3.12407,12.4963,3.58
pfet_03v3,sf,27,3.63,1.00u,8,drop_at_50mA,0.0786109,0.05,1.57222,12.5777,3.55139
pfet_03v3,sf,27,3.63,1.00u,8,drop_at_100mA,0.160191,0.1,1.60191,12.8153,3.46981
pfet_03v3,sf,27,3.63,1.00u,8,rlin_at_50mV,0.05,0.0320096,1.56203,12.4963,3.58
pfet_03v3,sf,27,3.63,1.00u,16,drop_at_50mA,0.0389533,0.05,0.779066,12.4651,3.59105
pfet_03v3,sf,27,3.63,1.00u,16,drop_at_100mA,0.0786109,0.1,0.786109,12.5777,3.55139
pfet_03v3,sf,27,3.63,1.00u,16,rlin_at_50mV,0.05,0.0640192,0.781016,12.4963,3.58
pfet_03v3,sf,125,2.10,0.28u,1,drop_at_50mA,0.415222,0.05,8.30445,8.30445,1.68478
pfet_03v3,sf,125,2.10,0.28u,1,drop_at_100mA,1.54372,0.1,15.4372,15.4372,0.556279
pfet_03v3,sf,125,2.10,0.28u,1,rlin_at_50mV,0.05,0.00709533,7.04689,7.04689,2.05
pfet_03v3,sf,125,2.10,0.28u,2,drop_at_50mA,0.18703,0.05,3.74059,7.48118,1.91297
pfet_03v3,sf,125,2.10,0.28u,2,drop_at_100mA,0.415222,0.1,4.15222,8.30445,1.68478
pfet_03v3,sf,125,2.10,0.28u,2,rlin_at_50mV,0.05,0.0141907,3.52345,7.04689,2.05
pfet_03v3,sf,125,2.10,0.28u,4,drop_at_50mA,0.0896036,0.05,1.79207,7.16828,2.0104
pfet_03v3,sf,125,2.10,0.28u,4,drop_at_100mA,0.18703,0.1,1.8703,7.48118,1.91297
pfet_03v3,sf,125,2.10,0.28u,4,rlin_at_50mV,0.05,0.0283813,1.76172,7.04689,2.05
pfet_03v3,sf,125,2.10,0.28u,8,drop_at_50mA,0.0439285,0.05,0.878571,7.02856,2.05607
pfet_03v3,sf,125,2.10,0.28u,8,drop_at_100mA,0.0896036,0.1,0.896036,7.16828,2.0104
pfet_03v3,sf,125,2.10,0.28u,8,rlin_at_50mV,0.05,0.0567626,0.880861,7.04689,2.05
pfet_03v3,sf,125,2.10,0.28u,16,drop_at_50mA,0.0217571,0.05,0.435141,6.96226,2.07824
pfet_03v3,sf,125,2.10,0.28u,16,drop_at_100mA,0.0439285,0.1,0.439285,7.02856,2.05607
pfet_03v3,sf,125,2.10,0.28u,16,rlin_at_50mV,0.05,0.113525,0.440431,7.04689,2.05
pfet_03v3,sf,125,2.10,0.50u,1,drop_at_50mA,1.26449,0.05,25.2898,25.2898,0.835508
pfet_03v3,sf,125,2.10,0.50u,1,drop_at_100mA,7.21835,0.1,72.1835,72.1835,-5.11835
pfet_03v3,sf,125,2.10,0.50u,1,rlin_at_50mV,0.05,0.00385674,12.9643,12.9643,2.05
pfet_03v3,sf,125,2.10,0.50u,2,drop_at_50mA,0.376086,0.05,7.52173,15.0435,1.72391
pfet_03v3,sf,125,2.10,0.50u,2,drop_at_100mA,1.26449,0.1,12.6449,25.2898,0.835508
pfet_03v3,sf,125,2.10,0.50u,2,rlin_at_50mV,0.05,0.00771348,6.48216,12.9643,2.05
pfet_03v3,sf,125,2.10,0.50u,4,drop_at_50mA,0.17091,0.05,3.4182,13.6728,1.92909
pfet_03v3,sf,125,2.10,0.50u,4,drop_at_100mA,0.376086,0.1,3.76086,15.0435,1.72391
pfet_03v3,sf,125,2.10,0.50u,4,rlin_at_50mV,0.05,0.015427,3.24108,12.9643,2.05
pfet_03v3,sf,125,2.10,0.50u,8,drop_at_50mA,0.0821651,0.05,1.6433,13.1464,2.01783
pfet_03v3,sf,125,2.10,0.50u,8,drop_at_100mA,0.17091,0.1,1.7091,13.6728,1.92909
pfet_03v3,sf,125,2.10,0.50u,8,rlin_at_50mV,0.05,0.0308539,1.62054,12.9643,2.05
pfet_03v3,sf,125,2.10,0.50u,16,drop_at_50mA,0.0403454,0.05,0.806907,12.9105,2.05965
pfet_03v3,sf,125,2.10,0.50u,16,drop_at_100mA,0.0821651,0.1,0.821651,13.1464,2.01783
pfet_03v3,sf,125,2.10,0.50u,16,rlin_at_50mV,0.05,0.0617078,0.81027,12.9643,2.05
pfet_03v3,sf,125,2.10,1.00u,1,drop_at_50mA,7.32459,0.05,146.492,146.492,-5.22459
pfet_03v3,sf,125,2.10,1.00u,1,drop_at_100mA,8.44316,0.1,84.4316,84.4316,-6.34316
pfet_03v3,sf,125,2.10,1.00u,1,rlin_at_50mV,0.05,0.00188363,26.5444,26.5444,2.05
pfet_03v3,sf,125,2.10,1.00u,2,drop_at_50mA,5.11235,0.05,102.247,204.494,-3.01235
pfet_03v3,sf,125,2.10,1.00u,2,drop_at_100mA,7.32459,0.1,73.2459,146.492,-5.22459
pfet_03v3,sf,125,2.10,1.00u,2,rlin_at_50mV,0.05,0.00376727,13.2722,26.5444,2.05
pfet_03v3,sf,125,2.10,1.00u,4,drop_at_50mA,0.389414,0.05,7.78828,31.1531,1.71059
pfet_03v3,sf,125,2.10,1.00u,4,drop_at_100mA,5.11235,0.1,51.1235,204.494,-3.01235
pfet_03v3,sf,125,2.10,1.00u,4,rlin_at_50mV,0.05,0.00753453,6.63611,26.5444,2.05
pfet_03v3,sf,125,2.10,1.00u,8,drop_at_50mA,0.175565,0.05,3.5113,28.0904,1.92443
pfet_03v3,sf,125,2.10,1.00u,8,drop_at_100mA,0.389414,0.1,3.89414,31.1531,1.71059
pfet_03v3,sf,125,2.10,1.00u,8,rlin_at_50mV,0.05,0.0150691,3.31806,26.5444,2.05
pfet_03v3,sf,125,2.10,1.00u,16,drop_at_50mA,0.0842175,0.05,1.68435,26.9496,2.01578
pfet_03v3,sf,125,2.10,1.00u,16,drop_at_100mA,0.175565,0.1,1.75565,28.0904,1.92443
pfet_03v3,sf,125,2.10,1.00u,16,rlin_at_50mV,0.05,0.0301381,1.65903,26.5444,2.05
pfet_03v3,sf,125,2.97,0.28u,1,drop_at_50mA,0.285927,0.05,5.71855,5.71855,2.68407
pfet_03v3,sf,125,2.97,0.28u,1,drop_at_100mA,0.638686,0.1,6.38686,6.38686,2.33131
pfet_03v3,sf,125,2.97,0.28u,1,rlin_at_50mV,0.05,0.00938458,5.32789,5.32789,2.92
pfet_03v3,sf,125,2.97,0.28u,2,drop_at_50mA,0.136668,0.05,2.73336,5.46673,2.83333
pfet_03v3,sf,125,2.97,0.28u,2,drop_at_100mA,0.285927,0.1,2.85927,5.71855,2.68407
pfet_03v3,sf,125,2.97,0.28u,2,rlin_at_50mV,0.05,0.0187692,2.66394,5.32789,2.92
pfet_03v3,sf,125,2.97,0.28u,4,drop_at_50mA,0.0669326,0.05,1.33865,5.35461,2.90307
pfet_03v3,sf,125,2.97,0.28u,4,drop_at_100mA,0.136668,0.1,1.36668,5.46673,2.83333
pfet_03v3,sf,125,2.97,0.28u,4,rlin_at_50mV,0.05,0.0375383,1.33197,5.32789,2.92
pfet_03v3,sf,125,2.97,0.28u,8,drop_at_50mA,0.0331342,0.05,0.662683,5.30147,2.93687
pfet_03v3,sf,125,2.97,0.28u,8,drop_at_100mA,0.0669326,0.1,0.669326,5.35461,2.90307
pfet_03v3,sf,125,2.97,0.28u,8,rlin_at_50mV,0.05,0.0750766,0.665986,5.32789,2.92
pfet_03v3,sf,125,2.97,0.28u,16,drop_at_50mA,0.0164862,0.05,0.329723,5.27557,2.95351
pfet_03v3,sf,125,2.97,0.28u,16,drop_at_100mA,0.0331342,0.1,0.331342,5.30147,2.93687
pfet_03v3,sf,125,2.97,0.28u,16,rlin_at_50mV,0.05,0.150153,0.332993,5.32789,2.92
pfet_03v3,sf,125,2.97,0.50u,1,drop_at_50mA,0.541091,0.05,10.8218,10.8218,2.42891
pfet_03v3,sf,125,2.97,0.50u,1,drop_at_100mA,1.53891,0.1,15.3891,15.3891,1.43109
pfet_03v3,sf,125,2.97,0.50u,1,rlin_at_50mV,0.05,0.00534332,9.35748,9.35748,2.92
pfet_03v3,sf,125,2.97,0.50u,2,drop_at_50mA,0.247604,0.05,4.95208,9.90417,2.7224
pfet_03v3,sf,125,2.97,0.50u,2,drop_at_100mA,0.541091,0.1,5.41091,10.8218,2.42891
pfet_03v3,sf,125,2.97,0.50u,2,rlin_at_50mV,0.05,0.0106866,4.67874,9.35748,2.92
pfet_03v3,sf,125,2.97,0.50u,4,drop_at_50mA,0.119291,0.05,2.38583,9.54332,2.85071
pfet_03v3,sf,125,2.97,0.50u,4,drop_at_100mA,0.247604,0.1,2.47604,9.90417,2.7224
pfet_03v3,sf,125,2.97,0.50u,4,rlin_at_50mV,0.05,0.0213733,2.33937,9.35748,2.92
pfet_03v3,sf,125,2.97,0.50u,8,drop_at_50mA,0.0586268,0.05,1.17254,9.38029,2.91137
pfet_03v3,sf,125,2.97,0.50u,8,drop_at_100mA,0.119291,0.1,1.19291,9.54332,2.85071
pfet_03v3,sf,125,2.97,0.50u,8,rlin_at_50mV,0.05,0.0427465,1.16969,9.35748,2.92
pfet_03v3,sf,125,2.97,0.50u,16,drop_at_50mA,0.0290704,0.05,0.581408,9.30253,2.94093
pfet_03v3,sf,125,2.97,0.50u,16,drop_at_100mA,0.0586268,0.1,0.586268,9.38029,2.91137
pfet_03v3,sf,125,2.97,0.50u,16,rlin_at_50mV,0.05,0.0854931,0.584843,9.35748,2.92
pfet_03v3,sf,125,2.97,1.00u,1,drop_at_50mA,1.54587,0.05,30.9173,30.9173,1.42413
pfet_03v3,sf,125,2.97,1.00u,1,drop_at_100mA,7.82457,0.1,78.2457,78.2457,-4.85457
pfet_03v3,sf,125,2.97,1.00u,1,rlin_at_50mV,0.05,0.00268472,18.6239,18.6239,2.92
pfet_03v3,sf,125,2.97,1.00u,2,drop_at_50mA,0.536697,0.05,10.7339,21.4679,2.4333
pfet_03v3,sf,125,2.97,1.00u,2,drop_at_100mA,1.54587,0.1,15.4587,30.9173,1.42413
pfet_03v3,sf,125,2.97,1.00u,2,rlin_at_50mV,0.05,0.00536944,9.31196,18.6239,2.92
pfet_03v3,sf,125,2.97,1.00u,4,drop_at_50mA,0.246014,0.05,4.92028,19.6811,2.72399
pfet_03v3,sf,125,2.97,1.00u,4,drop_at_100mA,0.536697,0.1,5.36697,21.4679,2.4333
pfet_03v3,sf,125,2.97,1.00u,4,rlin_at_50mV,0.05,0.0107389,4.65598,18.6239,2.92
pfet_03v3,sf,125,2.97,1.00u,8,drop_at_50mA,0.118638,0.05,2.37275,18.982,2.85136
pfet_03v3,sf,125,2.97,1.00u,8,drop_at_100mA,0.246014,0.1,2.46014,19.6811,2.72399
pfet_03v3,sf,125,2.97,1.00u,8,rlin_at_50mV,0.05,0.0214778,2.32799,18.6239,2.92
pfet_03v3,sf,125,2.97,1.00u,16,drop_at_50mA,0.0583335,0.05,1.16667,18.6667,2.91167
pfet_03v3,sf,125,2.97,1.00u,16,drop_at_100mA,0.118638,0.1,1.18638,18.982,2.85136
pfet_03v3,sf,125,2.97,1.00u,16,rlin_at_50mV,0.05,0.0429555,1.16399,18.6239,2.92
pfet_03v3,sf,125,3.30,0.28u,1,drop_at_50mA,0.26276,0.05,5.2552,5.2552,3.03724
pfet_03v3,sf,125,3.30,0.28u,1,drop_at_100mA,0.5726,0.1,5.726,5.726,2.7274
pfet_03v3,sf,125,3.30,0.28u,1,rlin_at_50mV,0.05,0.010073,4.96374,4.96374,3.25
pfet_03v3,sf,125,3.30,0.28u,2,drop_at_50mA,0.12665,0.05,2.53301,5.06601,3.17335
pfet_03v3,sf,125,3.30,0.28u,2,drop_at_100mA,0.26276,0.1,2.6276,5.2552,3.03724
pfet_03v3,sf,125,3.30,0.28u,2,rlin_at_50mV,0.05,0.0201461,2.48187,4.96374,3.25
pfet_03v3,sf,125,3.30,0.28u,4,drop_at_50mA,0.0622486,0.05,1.24497,4.97989,3.23775
pfet_03v3,sf,125,3.30,0.28u,4,drop_at_100mA,0.12665,0.1,1.2665,5.06601,3.17335
pfet_03v3,sf,125,3.30,0.28u,4,rlin_at_50mV,0.05,0.0402922,1.24094,4.96374,3.25
pfet_03v3,sf,125,3.30,0.28u,8,drop_at_50mA,0.0308667,0.05,0.617334,4.93867,3.26913
pfet_03v3,sf,125,3.30,0.28u,8,drop_at_100mA,0.0622486,0.1,0.622486,4.97989,3.23775
pfet_03v3,sf,125,3.30,0.28u,8,rlin_at_50mV,0.05,0.0805844,0.620468,4.96374,3.25
pfet_03v3,sf,125,3.30,0.28u,16,drop_at_50mA,0.0153703,0.05,0.307406,4.9185,3.28463
pfet_03v3,sf,125,3.30,0.28u,16,drop_at_100mA,0.0308667,0.1,0.308667,4.93867,3.26913
pfet_03v3,sf,125,3.30,0.28u,16,rlin_at_50mV,0.05,0.161169,0.310234,4.96374,3.25
pfet_03v3,sf,125,3.30,0.50u,1,drop_at_50mA,0.481177,0.05,9.62353,9.62353,2.81882
pfet_03v3,sf,125,3.30,0.50u,1,drop_at_100mA,1.17426,0.1,11.7426,11.7426,2.12574
pfet_03v3,sf,125,3.30,0.50u,1,rlin_at_50mV,0.05,0.00580862,8.60789,8.60789,3.25
pfet_03v3,sf,125,3.30,0.50u,2,drop_at_50mA,0.22494,0.05,4.4988,8.9976,3.07506
pfet_03v3,sf,125,3.30,0.50u,2,drop_at_100mA,0.481177,0.1,4.81177,9.62353,2.81882
pfet_03v3,sf,125,3.30,0.50u,2,rlin_at_50mV,0.05,0.0116172,4.30395,8.60789,3.25
pfet_03v3,sf,125,3.30,0.50u,4,drop_at_50mA,0.109208,0.05,2.18416,8.73663,3.19079
pfet_03v3,sf,125,3.30,0.50u,4,drop_at_100mA,0.22494,0.1,2.2494,8.9976,3.07506
pfet_03v3,sf,125,3.30,0.50u,4,rlin_at_50mV,0.05,0.0232345,2.15197,8.60789,3.25
pfet_03v3,sf,125,3.30,0.50u,8,drop_at_50mA,0.0538511,0.05,1.07702,8.61617,3.24615
pfet_03v3,sf,125,3.30,0.50u,8,drop_at_100mA,0.109208,0.1,1.09208,8.73663,3.19079
pfet_03v3,sf,125,3.30,0.50u,8,rlin_at_50mV,0.05,0.046469,1.07599,8.60789,3.25
pfet_03v3,sf,125,3.30,0.50u,16,drop_at_50mA,0.0267443,0.05,0.534886,8.55817,3.27326
pfet_03v3,sf,125,3.30,0.50u,16,drop_at_100mA,0.0538511,0.1,0.538511,8.61617,3.24615
pfet_03v3,sf,125,3.30,0.50u,16,rlin_at_50mV,0.05,0.092938,0.537993,8.60789,3.25
pfet_03v3,sf,125,3.30,1.00u,1,drop_at_50mA,1.14067,0.05,22.8135,22.8135,2.15933
pfet_03v3,sf,125,3.30,1.00u,1,drop_at_100mA,7.64004,0.1,76.4004,76.4004,-4.34004
pfet_03v3,sf,125,3.30,1.00u,1,rlin_at_50mV,0.05,0.0029441,16.9831,16.9831,3.25
pfet_03v3,sf,125,3.30,1.00u,2,drop_at_50mA,0.47194,0.05,9.43881,18.8776,2.82806
pfet_03v3,sf,125,3.30,1.00u,2,drop_at_100mA,1.14067,0.1,11.4067,22.8135,2.15933
pfet_03v3,sf,125,3.30,1.00u,2,rlin_at_50mV,0.05,0.00588819,8.49157,16.9831,3.25
pfet_03v3,sf,125,3.30,1.00u,4,drop_at_50mA,0.221362,0.05,4.42725,17.709,3.07864
pfet_03v3,sf,125,3.30,1.00u,4,drop_at_100mA,0.47194,0.1,4.7194,18.8776,2.82806
pfet_03v3,sf,125,3.30,1.00u,4,rlin_at_50mV,0.05,0.0117764,4.24579,16.9831,3.25
pfet_03v3,sf,125,3.30,1.00u,8,drop_at_50mA,0.107632,0.05,2.15264,17.2211,3.19237
pfet_03v3,sf,125,3.30,1.00u,8,drop_at_100mA,0.221362,0.1,2.21362,17.709,3.07864
pfet_03v3,sf,125,3.30,1.00u,8,rlin_at_50mV,0.05,0.0235528,2.12289,16.9831,3.25
pfet_03v3,sf,125,3.30,1.00u,16,drop_at_50mA,0.053112,0.05,1.06224,16.9958,3.24689
pfet_03v3,sf,125,3.30,1.00u,16,drop_at_100mA,0.107632,0.1,1.07632,17.2211,3.19237
pfet_03v3,sf,125,3.30,1.00u,16,rlin_at_50mV,0.05,0.0471055,1.06145,16.9831,3.25
pfet_03v3,sf,125,3.63,0.28u,1,drop_at_50mA,0.245284,0.05,4.90567,4.90567,3.38472
pfet_03v3,sf,125,3.63,0.28u,1,drop_at_100mA,0.526109,0.1,5.26109,5.26109,3.10389
pfet_03v3,sf,125,3.63,0.28u,1,rlin_at_50mV,0.05,0.0106876,4.67831,4.67831,3.58
pfet_03v3,sf,125,3.63,0.28u,2,drop_at_50mA,0.118921,0.05,2.37841,4.75682,3.51108
pfet_03v3,sf,125,3.63,0.28u,2,drop_at_100mA,0.245284,0.1,2.45284,4.90567,3.38472
pfet_03v3,sf,125,3.63,0.28u,2,rlin_at_50mV,0.05,0.0213752,2.33915,4.67831,3.58
pfet_03v3,sf,125,3.63,0.28u,4,drop_at_50mA,0.0586001,0.05,1.172,4.68801,3.5714
pfet_03v3,sf,125,3.63,0.28u,4,drop_at_100mA,0.118921,0.1,1.18921,4.75682,3.51108
pfet_03v3,sf,125,3.63,0.28u,4,rlin_at_50mV,0.05,0.0427505,1.16958,4.67831,3.58
pfet_03v3,sf,125,3.63,0.28u,8,drop_at_50mA,0.0290928,0.05,0.581856,4.65485,3.60091
pfet_03v3,sf,125,3.63,0.28u,8,drop_at_100mA,0.0586001,0.1,0.586001,4.68801,3.5714
pfet_03v3,sf,125,3.63,0.28u,8,rlin_at_50mV,0.05,0.085501,0.584788,4.67831,3.58
pfet_03v3,sf,125,3.63,0.28u,16,drop_at_50mA,0.0144955,0.05,0.28991,4.63857,3.6155
pfet_03v3,sf,125,3.63,0.28u,16,drop_at_100mA,0.0290928,0.1,0.290928,4.65485,3.60091
pfet_03v3,sf,125,3.63,0.28u,16,rlin_at_50mV,0.05,0.171002,0.292394,4.67831,3.58
pfet_03v3,sf,125,3.63,0.50u,1,drop_at_50mA,0.438768,0.05,8.77535,8.77535,3.19123
pfet_03v3,sf,125,3.63,0.50u,1,drop_at_100mA,1.0114,0.1,10.114,10.114,2.6186
pfet_03v3,sf,125,3.63,0.50u,1,rlin_at_50mV,0.05,0.00623112,8.02424,8.02424,3.58
pfet_03v3,sf,125,3.63,0.50u,2,drop_at_50mA,0.207906,0.05,4.15812,8.31623,3.42209
pfet_03v3,sf,125,3.63,0.50u,2,drop_at_100mA,0.438768,0.1,4.38768,8.77535,3.19123
pfet_03v3,sf,125,3.63,0.50u,2,rlin_at_50mV,0.05,0.0124622,4.01212,8.02424,3.58
pfet_03v3,sf,125,3.63,0.50u,4,drop_at_50mA,0.10147,0.05,2.02939,8.11757,3.52853
pfet_03v3,sf,125,3.63,0.50u,4,drop_at_100mA,0.207906,0.1,2.07906,8.31623,3.42209
pfet_03v3,sf,125,3.63,0.50u,4,rlin_at_50mV,0.05,0.0249245,2.00606,8.02424,3.58
pfet_03v3,sf,125,3.63,0.50u,8,drop_at_50mA,0.0501532,0.05,1.00306,8.02452,3.57985
pfet_03v3,sf,125,3.63,0.50u,8,drop_at_100mA,0.10147,0.1,1.0147,8.11757,3.52853
pfet_03v3,sf,125,3.63,0.50u,8,rlin_at_50mV,0.05,0.0498489,1.00303,8.02424,3.58
pfet_03v3,sf,125,3.63,0.50u,16,drop_at_50mA,0.0249357,0.05,0.498714,7.97942,3.60506
pfet_03v3,sf,125,3.63,0.50u,16,drop_at_100mA,0.0501532,0.1,0.501532,8.02452,3.57985
pfet_03v3,sf,125,3.63,0.50u,16,rlin_at_50mV,0.05,0.0996979,0.501515,8.02424,3.58
pfet_03v3,sf,125,3.63,1.00u,1,drop_at_50mA,0.971981,0.05,19.4396,19.4396,2.65802
pfet_03v3,sf,125,3.63,1.00u,1,drop_at_100mA,7.35649,0.1,73.5649,73.5649,-3.72649
pfet_03v3,sf,125,3.63,1.00u,1,rlin_at_50mV,0.05,0.00318313,15.7078,15.7078,3.58
pfet_03v3,sf,125,3.63,1.00u,2,drop_at_50mA,0.426532,0.05,8.53063,17.0613,3.20347
pfet_03v3,sf,125,3.63,1.00u,2,drop_at_100mA,0.971981,0.1,9.71981,19.4396,2.65802
pfet_03v3,sf,125,3.63,1.00u,2,rlin_at_50mV,0.05,0.00636625,7.85391,15.7078,3.58
pfet_03v3,sf,125,3.63,1.00u,4,drop_at_50mA,0.202917,0.05,4.05834,16.2334,3.42708
pfet_03v3,sf,125,3.63,1.00u,4,drop_at_100mA,0.426532,0.1,4.26532,17.0613,3.20347
pfet_03v3,sf,125,3.63,1.00u,4,rlin_at_50mV,0.05,0.0127325,3.92696,15.7078,3.58
pfet_03v3,sf,125,3.63,1.00u,8,drop_at_50mA,0.0992099,0.05,1.9842,15.8736,3.53079
pfet_03v3,sf,125,3.63,1.00u,8,drop_at_100mA,0.202917,0.1,2.02917,16.2334,3.42708
pfet_03v3,sf,125,3.63,1.00u,8,rlin_at_50mV,0.05,0.025465,1.96348,15.7078,3.58
pfet_03v3,sf,125,3.63,1.00u,16,drop_at_50mA,0.0490773,0.05,0.981547,15.7048,3.58092
pfet_03v3,sf,125,3.63,1.00u,16,drop_at_100mA,0.0992099,0.1,0.992099,15.8736,3.53079
pfet_03v3,sf,125,3.63,1.00u,16,rlin_at_50mV,0.05,0.05093,0.981739,15.7078,3.58
pfet_05v0,typical,-40,2.10,0.50u,1,drop_at_50mA,6.20398,0.05,124.08,124.08,-4.10398
pfet_05v0,typical,-40,2.10,0.50u,1,drop_at_100mA,9.04059,0.1,90.4059,90.4059,-6.94059
pfet_05v0,typical,-40,2.10,0.50u,1,rlin_at_50mV,0.05,0.00427444,11.6974,11.6974,2.05
pfet_05v0,typical,-40,2.10,0.50u,2,drop_at_50mA,0.369185,0.05,7.38371,14.7674,1.73081
pfet_05v0,typical,-40,2.10,0.50u,2,drop_at_100mA,6.20398,0.1,62.0398,124.08,-4.10398
pfet_05v0,typical,-40,2.10,0.50u,2,rlin_at_50mV,0.05,0.00854889,5.84871,11.6974,2.05
pfet_05v0,typical,-40,2.10,0.50u,4,drop_at_50mA,0.157655,0.05,3.1531,12.6124,1.94235
pfet_05v0,typical,-40,2.10,0.50u,4,drop_at_100mA,0.369185,0.1,3.69185,14.7674,1.73081
pfet_05v0,typical,-40,2.10,0.50u,4,rlin_at_50mV,0.05,0.0170978,2.92436,11.6974,2.05
pfet_05v0,typical,-40,2.10,0.50u,8,drop_at_50mA,0.0743454,0.05,1.48691,11.8953,2.02565
pfet_05v0,typical,-40,2.10,0.50u,8,drop_at_100mA,0.157655,0.1,1.57655,12.6124,1.94235
pfet_05v0,typical,-40,2.10,0.50u,8,rlin_at_50mV,0.05,0.0341956,1.46218,11.6974,2.05
pfet_05v0,typical,-40,2.10,0.50u,16,drop_at_50mA,0.0362112,0.05,0.724224,11.5876,2.06379
pfet_05v0,typical,-40,2.10,0.50u,16,drop_at_100mA,0.0743454,0.1,0.743454,11.8953,2.02565
pfet_05v0,typical,-40,2.10,0.50u,16,rlin_at_50mV,0.05,0.0683911,0.731089,11.6974,2.05
pfet_05v0,typical,-40,2.10,0.60u,1,drop_at_50mA,7.95441,0.05,159.088,159.088,-5.85441
pfet_05v0,typical,-40,2.10,0.60u,1,drop_at_100mA,9.69537,0.1,96.9537,96.9537,-7.59537
pfet_05v0,typical,-40,2.10,0.60u,1,rlin_at_50mV,0.05,0.0034477,14.5024,14.5024,2.05
pfet_05v0,typical,-40,2.10,0.60u,2,drop_at_50mA,0.51397,0.05,10.2794,20.5588,1.58603
pfet_05v0,typical,-40,2.10,0.60u,2,drop_at_100mA,7.95441,0.1,79.5441,159.088,-5.85441
pfet_05v0,typical,-40,2.10,0.60u,2,rlin_at_50mV,0.05,0.0068954,7.25121,14.5024,2.05
pfet_05v0,typical,-40,2.10,0.60u,4,drop_at_50mA,0.201459,0.05,4.02919,16.1167,1.89854
pfet_05v0,typical,-40,2.10,0.60u,4,drop_at_100mA,0.51397,0.1,5.1397,20.5588,1.58603
pfet_05v0,typical,-40,2.10,0.60u,4,rlin_at_50mV,0.05,0.0137908,3.62561,14.5024,2.05
pfet_05v0,typical,-40,2.10,0.60u,8,drop_at_50mA,0.0933554,0.05,1.86711,14.9369,2.00664
pfet_05v0,typical,-40,2.10,0.60u,8,drop_at_100mA,0.201459,0.1,2.01459,16.1167,1.89854
pfet_05v0,typical,-40,2.10,0.60u,8,rlin_at_50mV,0.05,0.0275816,1.8128,14.5024,2.05
pfet_05v0,typical,-40,2.10,0.60u,16,drop_at_50mA,0.0451728,0.05,0.903457,14.4553,2.05483
pfet_05v0,typical,-40,2.10,0.60u,16,drop_at_100mA,0.0933554,0.1,0.933554,14.9369,2.00664
pfet_05v0,typical,-40,2.10,0.60u,16,rlin_at_50mV,0.05,0.0551632,0.906401,14.5024,2.05
pfet_05v0,typical,-40,2.10,1.00u,1,drop_at_50mA,9.72227,0.05,194.445,194.445,-7.62227
pfet_05v0,typical,-40,2.10,1.00u,1,drop_at_100mA,11.1858,0.1,111.858,111.858,-9.08578
pfet_05v0,typical,-40,2.10,1.00u,1,rlin_at_50mV,0.05,0.0019269,25.9484,25.9484,2.05
pfet_05v0,typical,-40,2.10,1.00u,2,drop_at_50mA,7.93874,0.05,158.775,317.55,-5.83874
pfet_05v0,typical,-40,2.10,1.00u,2,drop_at_100mA,9.72227,0.1,97.2227,194.445,-7.62227
pfet_05v0,typical,-40,2.10,1.00u,2,rlin_at_50mV,0.05,0.00385381,12.9742,25.9484,2.05
pfet_05v0,typical,-40,2.10,1.00u,4,drop_at_50mA,0.427683,0.05,8.55365,34.2146,1.67232
pfet_05v0,typical,-40,2.10,1.00u,4,drop_at_100mA,7.93874,0.1,79.3874,317.55,-5.83874
pfet_05v0,typical,-40,2.10,1.00u,4,rlin_at_50mV,0.05,0.00770761,6.48709,25.9484,2.05
pfet_05v0,typical,-40,2.10,1.00u,8,drop_at_50mA,0.176787,0.05,3.53573,28.2858,1.92321
pfet_05v0,typical,-40,2.10,1.00u,8,drop_at_100mA,0.427683,0.1,4.27683,34.2146,1.67232
pfet_05v0,typical,-40,2.10,1.00u,8,rlin_at_50mV,0.05,0.0154152,3.24355,25.9484,2.05
pfet_05v0,typical,-40,2.10,1.00u,16,drop_at_50mA,0.0828771,0.05,1.65754,26.5207,2.01712
pfet_05v0,typical,-40,2.10,1.00u,16,drop_at_100mA,0.176787,0.1,1.76787,28.2858,1.92321
pfet_05v0,typical,-40,2.10,1.00u,16,rlin_at_50mV,0.05,0.0308305,1.62177,25.9484,2.05
pfet_05v0,typical,-40,2.97,0.50u,1,drop_at_50mA,0.461782,0.05,9.23564,9.23564,2.50822
pfet_05v0,typical,-40,2.97,0.50u,1,drop_at_100mA,2.70541,0.1,27.0541,27.0541,0.264594
pfet_05v0,typical,-40,2.97,0.50u,1,rlin_at_50mV,0.05,0.00653444,7.65176,7.65176,2.92
pfet_05v0,typical,-40,2.97,0.50u,2,drop_at_50mA,0.205005,0.05,4.1001,8.20021,2.76499
pfet_05v0,typical,-40,2.97,0.50u,2,drop_at_100mA,0.461782,0.1,4.61782,9.23564,2.50822
pfet_05v0,typical,-40,2.97,0.50u,2,rlin_at_50mV,0.05,0.0130689,3.82588,7.65176,2.92
pfet_05v0,typical,-40,2.97,0.50u,4,drop_at_50mA,0.0976878,0.05,1.95376,7.81503,2.87231
pfet_05v0,typical,-40,2.97,0.50u,4,drop_at_100mA,0.205005,0.1,2.05005,8.20021,2.76499
pfet_05v0,typical,-40,2.97,0.50u,4,rlin_at_50mV,0.05,0.0261378,1.91294,7.65176,2.92
pfet_05v0,typical,-40,2.97,0.50u,8,drop_at_50mA,0.0477766,0.05,0.955533,7.64426,2.92222
pfet_05v0,typical,-40,2.97,0.50u,8,drop_at_100mA,0.0976878,0.1,0.976878,7.81503,2.87231
pfet_05v0,typical,-40,2.97,0.50u,8,rlin_at_50mV,0.05,0.0522755,0.95647,7.65176,2.92
pfet_05v0,typical,-40,2.97,0.50u,16,drop_at_50mA,0.0236359,0.05,0.472717,7.56348,2.94636
pfet_05v0,typical,-40,2.97,0.50u,16,drop_at_100mA,0.0477766,0.1,0.477766,7.64426,2.92222
pfet_05v0,typical,-40,2.97,0.50u,16,rlin_at_50mV,0.05,0.104551,0.478235,7.65176,2.92
pfet_05v0,typical,-40,2.97,0.60u,1,drop_at_50mA,0.597364,0.05,11.9473,11.9473,2.37264
pfet_05v0,typical,-40,2.97,0.60u,1,drop_at_100mA,7.67366,0.1,76.7366,76.7366,-4.70366
pfet_05v0,typical,-40,2.97,0.60u,1,rlin_at_50mV,0.05,0.00535562,9.33599,9.33599,2.92
pfet_05v0,typical,-40,2.97,0.60u,2,drop_at_50mA,0.255112,0.05,5.10225,10.2045,2.71489
pfet_05v0,typical,-40,2.97,0.60u,2,drop_at_100mA,0.597364,0.1,5.97364,11.9473,2.37264
pfet_05v0,typical,-40,2.97,0.60u,2,rlin_at_50mV,0.05,0.0107112,4.668,9.33599,2.92
pfet_05v0,typical,-40,2.97,0.60u,4,drop_at_50mA,0.120261,0.05,2.40522,9.62087,2.84974
pfet_05v0,typical,-40,2.97,0.60u,4,drop_at_100mA,0.255112,0.1,2.55112,10.2045,2.71489
pfet_05v0,typical,-40,2.97,0.60u,4,rlin_at_50mV,0.05,0.0214225,2.334,9.33599,2.92
pfet_05v0,typical,-40,2.97,0.60u,8,drop_at_50mA,0.0585628,0.05,1.17126,9.37005,2.91144
pfet_05v0,typical,-40,2.97,0.60u,8,drop_at_100mA,0.120261,0.1,1.20261,9.62087,2.84974
pfet_05v0,typical,-40,2.97,0.60u,8,rlin_at_50mV,0.05,0.0428449,1.167,9.33599,2.92
pfet_05v0,typical,-40,2.97,0.60u,16,drop_at_50mA,0.0289153,0.05,0.578306,9.25289,2.94108
pfet_05v0,typical,-40,2.97,0.60u,16,drop_at_100mA,0.0585628,0.1,0.585628,9.37005,2.91144
pfet_05v0,typical,-40,2.97,0.60u,16,rlin_at_50mV,0.05,0.0856899,0.583499,9.33599,2.92
pfet_05v0,typical,-40,2.97,1.00u,1,drop_at_50mA,6.43697,0.05,128.739,128.739,-3.46697
pfet_05v0,typical,-40,2.97,1.00u,1,drop_at_100mA,9.6698,0.1,96.698,96.698,-6.6998
pfet_05v0,typical,-40,2.97,1.00u,1,rlin_at_50mV,0.05,0.00308749,16.1944,16.1944,2.92
pfet_05v0,typical,-40,2.97,1.00u,2,drop_at_50mA,0.486274,0.05,9.72547,19.4509,2.48373
pfet_05v0,typical,-40,2.97,1.00u,2,drop_at_100mA,6.43697,0.1,64.3697,128.739,-3.46697
pfet_05v0,typical,-40,2.97,1.00u,2,rlin_at_50mV,0.05,0.00617498,8.09719,16.1944,2.92
pfet_05v0,typical,-40,2.97,1.00u,4,drop_at_50mA,0.216512,0.05,4.33023,17.3209,2.75349
pfet_05v0,typical,-40,2.97,1.00u,4,drop_at_100mA,0.486274,0.1,4.86274,19.4509,2.48373
pfet_05v0,typical,-40,2.97,1.00u,4,rlin_at_50mV,0.05,0.01235,4.04859,16.1944,2.92
pfet_05v0,typical,-40,2.97,1.00u,8,drop_at_50mA,0.103387,0.05,2.06774,16.5419,2.86661
pfet_05v0,typical,-40,2.97,1.00u,8,drop_at_100mA,0.216512,0.1,2.16512,17.3209,2.75349
pfet_05v0,typical,-40,2.97,1.00u,8,rlin_at_50mV,0.05,0.0246999,2.0243,16.1944,2.92
pfet_05v0,typical,-40,2.97,1.00u,16,drop_at_50mA,0.0506198,0.05,1.0124,16.1983,2.91938
pfet_05v0,typical,-40,2.97,1.00u,16,drop_at_100mA,0.103387,0.1,1.03387,16.5419,2.86661
pfet_05v0,typical,-40,2.97,1.00u,16,rlin_at_50mV,0.05,0.0493999,1.01215,16.1944,2.92
pfet_05v0,typical,-40,3.30,0.50u,1,drop_at_50mA,0.39716,0.05,7.94319,7.94319,2.90284
pfet_05v0,typical,-40,3.30,0.50u,1,drop_at_100mA,1.06118,0.1,10.6118,10.6118,2.23882
pfet_05v0,typical,-40,3.30,0.50u,1,rlin_at_50mV,0.05,0.00723684,6.90909,6.90909,3.25
pfet_05v0,typical,-40,3.30,0.50u,2,drop_at_50mA,0.181996,0.05,3.63993,7.27985,3.118
pfet_05v0,typical,-40,3.30,0.50u,2,drop_at_100mA,0.39716,0.1,3.9716,7.94319,2.90284
pfet_05v0,typical,-40,3.30,0.50u,2,rlin_at_50mV,0.05,0.0144737,3.45455,6.90909,3.25
pfet_05v0,typical,-40,3.30,0.50u,4,drop_at_50mA,0.0876535,0.05,1.75307,7.01228,3.21235
pfet_05v0,typical,-40,3.30,0.50u,4,drop_at_100mA,0.181996,0.1,1.81996,7.27985,3.118
pfet_05v0,typical,-40,3.30,0.50u,4,rlin_at_50mV,0.05,0.0289474,1.72727,6.90909,3.25
pfet_05v0,typical,-40,3.30,0.50u,8,drop_at_50mA,0.0430644,0.05,0.861288,6.89031,3.25694
pfet_05v0,typical,-40,3.30,0.50u,8,drop_at_100mA,0.0876535,0.1,0.876535,7.01228,3.21235
pfet_05v0,typical,-40,3.30,0.50u,8,rlin_at_50mV,0.05,0.0578947,0.863637,6.90909,3.25
pfet_05v0,typical,-40,3.30,0.50u,16,drop_at_50mA,0.0213497,0.05,0.426994,6.83191,3.27865
pfet_05v0,typical,-40,3.30,0.50u,16,drop_at_100mA,0.0430644,0.1,0.430644,6.89031,3.25694
pfet_05v0,typical,-40,3.30,0.50u,16,rlin_at_50mV,0.05,0.115789,0.431818,6.90909,3.25
pfet_05v0,typical,-40,3.30,0.60u,1,drop_at_50mA,0.500591,0.05,10.0118,10.0118,2.79941
pfet_05v0,typical,-40,3.30,0.60u,1,drop_at_100mA,2.12589,0.1,21.2589,21.2589,1.17411
pfet_05v0,typical,-40,3.30,0.60u,1,rlin_at_50mV,0.05,0.00595601,8.39488,8.39488,3.25
pfet_05v0,typical,-40,3.30,0.60u,2,drop_at_50mA,0.224312,0.05,4.48623,8.97247,3.07569
pfet_05v0,typical,-40,3.30,0.60u,2,drop_at_100mA,0.500591,0.1,5.00591,10.0118,2.79941
pfet_05v0,typical,-40,3.30,0.60u,2,rlin_at_50mV,0.05,0.011912,4.19744,8.39488,3.25
pfet_05v0,typical,-40,3.30,0.60u,4,drop_at_50mA,0.107232,0.05,2.14464,8.57855,3.19277
pfet_05v0,typical,-40,3.30,0.60u,4,drop_at_100mA,0.224312,0.1,2.24312,8.97247,3.07569
pfet_05v0,typical,-40,3.30,0.60u,4,rlin_at_50mV,0.05,0.0238241,2.09872,8.39488,3.25
pfet_05v0,typical,-40,3.30,0.60u,8,drop_at_50mA,0.0525177,0.05,1.05035,8.40284,3.24748
pfet_05v0,typical,-40,3.30,0.60u,8,drop_at_100mA,0.107232,0.1,1.07232,8.57855,3.19277
pfet_05v0,typical,-40,3.30,0.60u,8,rlin_at_50mV,0.05,0.0476481,1.04936,8.39488,3.25
pfet_05v0,typical,-40,3.30,0.60u,16,drop_at_50mA,0.0259984,0.05,0.519968,8.31949,3.274
pfet_05v0,typical,-40,3.30,0.60u,16,drop_at_100mA,0.0525177,0.1,0.525177,8.40284,3.24748
pfet_05v0,typical,-40,3.30,0.60u,16,rlin_at_50mV,0.05,0.0952962,0.52468,8.39488,3.25
pfet_05v0,typical,-40,3.30,1.00u,1,drop_at_50mA,1.08758,0.05,21.7516,21.7516,2.21242
pfet_05v0,typical,-40,3.30,1.00u,1,drop_at_100mA,9.24498,0.1,92.4498,92.4498,-5.94498
pfet_05v0,typical,-40,3.30,1.00u,1,rlin_at_50mV,0.05,0.00346205,14.4423,14.4423,3.25
pfet_05v0,typical,-40,3.30,1.00u,2,drop_at_50mA,0.411223,0.05,8.22445,16.4489,2.88878
pfet_05v0,typical,-40,3.30,1.00u,2,drop_at_100mA,1.08758,0.1,10.8758,21.7516,2.21242
pfet_05v0,typical,-40,3.30,1.00u,2,rlin_at_50mV,0.05,0.0069241,7.22116,14.4423,3.25
pfet_05v0,typical,-40,3.30,1.00u,4,drop_at_50mA,0.189593,0.05,3.79186,15.1674,3.11041
pfet_05v0,typical,-40,3.30,1.00u,4,drop_at_100mA,0.411223,0.1,4.11223,16.4489,2.88878
pfet_05v0,typical,-40,3.30,1.00u,4,rlin_at_50mV,0.05,0.0138482,3.61058,14.4423,3.25
pfet_05v0,typical,-40,3.30,1.00u,8,drop_at_50mA,0.0915766,0.05,1.83153,14.6523,3.20842
pfet_05v0,typical,-40,3.30,1.00u,8,drop_at_100mA,0.189593,0.1,1.89593,15.1674,3.11041
pfet_05v0,typical,-40,3.30,1.00u,8,rlin_at_50mV,0.05,0.0276964,1.80529,14.4423,3.25
pfet_05v0,typical,-40,3.30,1.00u,16,drop_at_50mA,0.0450552,0.05,0.901104,14.4177,3.25494
pfet_05v0,typical,-40,3.30,1.00u,16,drop_at_100mA,0.0915766,0.1,0.915766,14.6523,3.20842
pfet_05v0,typical,-40,3.30,1.00u,16,rlin_at_50mV,0.05,0.0553928,0.902644,14.4423,3.25
pfet_05v0,typical,-40,3.63,0.50u,1,drop_at_50mA,0.354431,0.05,7.08862,7.08862,3.27557
pfet_05v0,typical,-40,3.63,0.50u,1,drop_at_100mA,0.857903,0.1,8.57903,8.57903,2.7721
pfet_05v0,typical,-40,3.63,0.50u,1,rlin_at_50mV,0.05,0.00787273,6.35103,6.35103,3.58
pfet_05v0,typical,-40,3.63,0.50u,2,drop_at_50mA,0.165465,0.05,3.30929,6.61859,3.46454
pfet_05v0,typical,-40,3.63,0.50u,2,drop_at_100mA,0.354431,0.1,3.54431,7.08862,3.27557
pfet_05v0,typical,-40,3.63,0.50u,2,rlin_at_50mV,0.05,0.0157455,3.17552,6.35103,3.58
pfet_05v0,typical,-40,3.63,0.50u,4,drop_at_50mA,0.0802471,0.05,1.60494,6.41977,3.54975
pfet_05v0,typical,-40,3.63,0.50u,4,drop_at_100mA,0.165465,0.1,1.65465,6.61859,3.46454
pfet_05v0,typical,-40,3.63,0.50u,4,rlin_at_50mV,0.05,0.0314909,1.58776,6.35103,3.58
pfet_05v0,typical,-40,3.63,0.50u,8,drop_at_50mA,0.0395468,0.05,0.790937,6.32749,3.59045
pfet_05v0,typical,-40,3.63,0.50u,8,drop_at_100mA,0.0802471,0.1,0.802471,6.41977,3.54975
pfet_05v0,typical,-40,3.63,0.50u,8,rlin_at_50mV,0.05,0.0629819,0.793879,6.35103,3.58
pfet_05v0,typical,-40,3.63,0.50u,16,drop_at_50mA,0.0196342,0.05,0.392685,6.28296,3.61037
pfet_05v0,typical,-40,3.63,0.50u,16,drop_at_100mA,0.0395468,0.1,0.395468,6.32749,3.59045
pfet_05v0,typical,-40,3.63,0.50u,16,rlin_at_50mV,0.05,0.125964,0.39694,6.35103,3.58
pfet_05v0,typical,-40,3.63,0.60u,1,drop_at_50mA,0.440493,0.05,8.80986,8.80986,3.18951
pfet_05v0,typical,-40,3.63,0.60u,1,drop_at_100mA,1.15785,0.1,11.5785,11.5785,2.47215
pfet_05v0,typical,-40,3.63,0.60u,1,rlin_at_50mV,0.05,0.00650218,7.68973,7.68973,3.58
pfet_05v0,typical,-40,3.63,0.60u,2,drop_at_50mA,0.202558,0.05,4.05116,8.10231,3.42744
pfet_05v0,typical,-40,3.63,0.60u,2,drop_at_100mA,0.440493,0.1,4.40493,8.80986,3.18951
pfet_05v0,typical,-40,3.63,0.60u,2,rlin_at_50mV,0.05,0.0130044,3.84487,7.68973,3.58
pfet_05v0,typical,-40,3.63,0.60u,4,drop_at_50mA,0.0976943,0.05,1.95389,7.81555,3.53231
pfet_05v0,typical,-40,3.63,0.60u,4,drop_at_100mA,0.202558,0.1,2.02558,8.10231,3.42744
pfet_05v0,typical,-40,3.63,0.60u,4,rlin_at_50mV,0.05,0.0260087,1.92243,7.68973,3.58
pfet_05v0,typical,-40,3.63,0.60u,8,drop_at_50mA,0.0480287,0.05,0.960574,7.68459,3.58197
pfet_05v0,typical,-40,3.63,0.60u,8,drop_at_100mA,0.0976943,0.1,0.976943,7.81555,3.53231
pfet_05v0,typical,-40,3.63,0.60u,8,rlin_at_50mV,0.05,0.0520174,0.961217,7.68973,3.58
pfet_05v0,typical,-40,3.63,0.60u,16,drop_at_50mA,0.0238183,0.05,0.476365,7.62184,3.60618
pfet_05v0,typical,-40,3.63,0.60u,16,drop_at_100mA,0.0480287,0.1,0.480287,7.68459,3.58197
pfet_05v0,typical,-40,3.63,0.60u,16,rlin_at_50mV,0.05,0.104035,0.480608,7.68973,3.58
pfet_05v0,typical,-40,3.63,1.00u,1,drop_at_50mA,0.862114,0.05,17.2423,17.2423,2.76789
pfet_05v0,typical,-40,3.63,1.00u,1,drop_at_100mA,8.756,0.1,87.56,87.56,-5.126
pfet_05v0,typical,-40,3.63,1.00u,1,rlin_at_50mV,0.05,0.00380623,13.1364,13.1364,3.58
pfet_05v0,typical,-40,3.63,1.00u,2,drop_at_50mA,0.362673,0.05,7.25345,14.5069,3.26733
pfet_05v0,typical,-40,3.63,1.00u,2,drop_at_100mA,0.862114,0.1,8.62114,17.2423,2.76789
pfet_05v0,typical,-40,3.63,1.00u,2,rlin_at_50mV,0.05,0.00761245,6.56819,13.1364,3.58
pfet_05v0,typical,-40,3.63,1.00u,4,drop_at_50mA,0.170485,0.05,3.40969,13.6388,3.45952
pfet_05v0,typical,-40,3.63,1.00u,4,drop_at_100mA,0.362673,0.1,3.62673,14.5069,3.26733
pfet_05v0,typical,-40,3.63,1.00u,4,rlin_at_50mV,0.05,0.0152249,3.28409,13.1364,3.58
pfet_05v0,typical,-40,3.63,1.00u,8,drop_at_50mA,0.0829422,0.05,1.65884,13.2708,3.54706
pfet_05v0,typical,-40,3.63,1.00u,8,drop_at_100mA,0.170485,0.1,1.70485,13.6388,3.45952
pfet_05v0,typical,-40,3.63,1.00u,8,rlin_at_50mV,0.05,0.0304498,1.64205,13.1364,3.58
pfet_05v0,typical,-40,3.63,1.00u,16,drop_at_50mA,0.0409368,0.05,0.818736,13.0998,3.58906
pfet_05v0,typical,-40,3.63,1.00u,16,drop_at_100mA,0.0829422,0.1,0.829422,13.2708,3.54706
pfet_05v0,typical,-40,3.63,1.00u,16,rlin_at_50mV,0.05,0.0608996,0.821023,13.1364,3.58
pfet_05v0,typical,-40,4.50,0.50u,1,drop_at_50mA,0.288227,0.05,5.76454,5.76454,4.21177
pfet_05v0,typical,-40,4.50,0.50u,1,drop_at_100mA,0.639259,0.1,6.39259,6.39259,3.86074
pfet_05v0,typical,-40,4.50,0.50u,1,rlin_at_50mV,0.05,0.00929201,5.38097,5.38097,4.45
pfet_05v0,typical,-40,4.50,0.50u,2,drop_at_50mA,0.137974,0.05,2.75947,5.51894,4.36203
pfet_05v0,typical,-40,4.50,0.50u,2,drop_at_100mA,0.288227,0.1,2.88227,5.76454,4.21177
pfet_05v0,typical,-40,4.50,0.50u,2,rlin_at_50mV,0.05,0.018584,2.69048,5.38097,4.45
pfet_05v0,typical,-40,4.50,0.50u,4,drop_at_50mA,0.0676031,0.05,1.35206,5.40824,4.4324
pfet_05v0,typical,-40,4.50,0.50u,4,drop_at_100mA,0.137974,0.1,1.37974,5.51894,4.36203
pfet_05v0,typical,-40,4.50,0.50u,4,rlin_at_50mV,0.05,0.037168,1.34524,5.38097,4.45
pfet_05v0,typical,-40,4.50,0.50u,8,drop_at_50mA,0.0334719,0.05,0.669438,5.3555,4.46653
pfet_05v0,typical,-40,4.50,0.50u,8,drop_at_100mA,0.0676031,0.1,0.676031,5.40824,4.4324
pfet_05v0,typical,-40,4.50,0.50u,8,rlin_at_50mV,0.05,0.0743361,0.672621,5.38097,4.45
pfet_05v0,typical,-40,4.50,0.50u,16,drop_at_50mA,0.0166554,0.05,0.333109,5.32974,4.48334
pfet_05v0,typical,-40,4.50,0.50u,16,drop_at_100mA,0.0334719,0.1,0.334719,5.3555,4.46653
pfet_05v0,typical,-40,4.50,0.50u,16,rlin_at_50mV,0.05,0.148672,0.33631,5.38097,4.45
pfet_05v0,typical,-40,4.50,0.60u,1,drop_at_50mA,0.351465,0.05,7.02929,7.02929,4.14854
pfet_05v0,typical,-40,4.50,0.60u,1,drop_at_100mA,0.798418,0.1,7.98418,7.98418,3.70158
pfet_05v0,typical,-40,4.50,0.60u,1,rlin_at_50mV,0.05,0.00772855,6.46952,6.46952,4.45
pfet_05v0,typical,-40,4.50,0.60u,2,drop_at_50mA,0.16699,0.05,3.3398,6.6796,4.33301
pfet_05v0,typical,-40,4.50,0.60u,2,drop_at_100mA,0.351465,0.1,3.51465,7.02929,4.14854
pfet_05v0,typical,-40,4.50,0.60u,2,rlin_at_50mV,0.05,0.0154571,3.23476,6.46952,4.45
pfet_05v0,typical,-40,4.50,0.60u,4,drop_at_50mA,0.0815669,0.05,1.63134,6.52535,4.41843
pfet_05v0,typical,-40,4.50,0.60u,4,drop_at_100mA,0.16699,0.1,1.6699,6.6796,4.33301
pfet_05v0,typical,-40,4.50,0.60u,4,rlin_at_50mV,0.05,0.0309142,1.61738,6.46952,4.45
pfet_05v0,typical,-40,4.50,0.60u,8,drop_at_50mA,0.0403284,0.05,0.806567,6.45254,4.45967
pfet_05v0,typical,-40,4.50,0.60u,8,drop_at_100mA,0.0815669,0.1,0.815669,6.52535,4.41843
pfet_05v0,typical,-40,4.50,0.60u,8,rlin_at_50mV,0.05,0.0618284,0.80869,6.46952,4.45
pfet_05v0,typical,-40,4.50,0.60u,16,drop_at_50mA,0.0200535,0.05,0.40107,6.41712,4.47995
pfet_05v0,typical,-40,4.50,0.60u,16,drop_at_100mA,0.0403284,0.1,0.403284,6.45254,4.45967
pfet_05v0,typical,-40,4.50,0.60u,16,rlin_at_50mV,0.05,0.123657,0.404345,6.46952,4.45
pfet_05v0,typical,-40,4.50,1.00u,1,drop_at_50mA,0.630187,0.05,12.6037,12.6037,3.86981
pfet_05v0,typical,-40,4.50,1.00u,1,drop_at_100mA,1.72915,0.1,17.2915,17.2915,2.77085
pfet_05v0,typical,-40,4.50,1.00u,1,rlin_at_50mV,0.05,0.00458928,10.895,10.895,4.45
pfet_05v0,typical,-40,4.50,1.00u,2,drop_at_50mA,0.288798,0.05,5.77597,11.5519,4.2112
pfet_05v0,typical,-40,4.50,1.00u,2,drop_at_100mA,0.630187,0.1,6.30187,12.6037,3.86981
pfet_05v0,typical,-40,4.50,1.00u,2,rlin_at_50mV,0.05,0.00917855,5.44748,10.895,4.45
pfet_05v0,typical,-40,4.50,1.00u,4,drop_at_50mA,0.139167,0.05,2.78335,11.1334,4.36083
pfet_05v0,typical,-40,4.50,1.00u,4,drop_at_100mA,0.288798,0.1,2.88798,11.5519,4.2112
pfet_05v0,typical,-40,4.50,1.00u,4,rlin_at_50mV,0.05,0.0183571,2.72374,10.895,4.45
pfet_05v0,typical,-40,4.50,1.00u,8,drop_at_50mA,0.0683969,0.05,1.36794,10.9435,4.4316
pfet_05v0,typical,-40,4.50,1.00u,8,drop_at_100mA,0.139167,0.1,1.39167,11.1334,4.36083
pfet_05v0,typical,-40,4.50,1.00u,8,rlin_at_50mV,0.05,0.0367142,1.36187,10.895,4.45
pfet_05v0,typical,-40,4.50,1.00u,16,drop_at_50mA,0.033915,0.05,0.678299,10.8528,4.46609
pfet_05v0,typical,-40,4.50,1.00u,16,drop_at_100mA,0.0683969,0.1,0.683969,10.9435,4.4316
pfet_05v0,typical,-40,4.50,1.00u,16,rlin_at_50mV,0.05,0.0734284,0.680935,10.895,4.45
pfet_05v0,typical,-40,5.00,0.50u,1,drop_at_50mA,0.26516,0.05,5.3032,5.3032,4.73484
pfet_05v0,typical,-40,5.00,0.50u,1,drop_at_100mA,0.575646,0.1,5.75646,5.75646,4.42435
pfet_05v0,typical,-40,5.00,0.50u,1,rlin_at_50mV,0.05,0.0099727,5.01369,5.01369,4.95
pfet_05v0,typical,-40,5.00,0.50u,2,drop_at_50mA,0.127909,0.05,2.55817,5.11635,4.87209
pfet_05v0,typical,-40,5.00,0.50u,2,drop_at_100mA,0.26516,0.1,2.6516,5.3032,4.73484
pfet_05v0,typical,-40,5.00,0.50u,2,rlin_at_50mV,0.05,0.0199454,2.50684,5.01369,4.95
pfet_05v0,typical,-40,5.00,0.50u,4,drop_at_50mA,0.0628812,0.05,1.25762,5.03049,4.93712
pfet_05v0,typical,-40,5.00,0.50u,4,drop_at_100mA,0.127909,0.1,1.27909,5.11635,4.87209
pfet_05v0,typical,-40,5.00,0.50u,4,rlin_at_50mV,0.05,0.0398908,1.25342,5.01369,4.95
pfet_05v0,typical,-40,5.00,0.50u,8,drop_at_50mA,0.0311828,0.05,0.623656,4.98925,4.96882
pfet_05v0,typical,-40,5.00,0.50u,8,drop_at_100mA,0.0628812,0.1,0.628812,5.03049,4.93712
pfet_05v0,typical,-40,5.00,0.50u,8,rlin_at_50mV,0.05,0.0797816,0.626711,5.01369,4.95
pfet_05v0,typical,-40,5.00,0.50u,16,drop_at_50mA,0.0155282,0.05,0.310564,4.96902,4.98447
pfet_05v0,typical,-40,5.00,0.50u,16,drop_at_100mA,0.0311828,0.1,0.311828,4.98925,4.96882
pfet_05v0,typical,-40,5.00,0.50u,16,rlin_at_50mV,0.05,0.159563,0.313355,5.01369,4.95
pfet_05v0,typical,-40,5.00,0.60u,1,drop_at_50mA,0.321362,0.05,6.42725,6.42725,4.67864
pfet_05v0,typical,-40,5.00,0.60u,1,drop_at_100mA,0.709008,0.1,7.09008,7.09008,4.29099
pfet_05v0,typical,-40,5.00,0.60u,1,rlin_at_50mV,0.05,0.00831935,6.01008,6.01008,4.95
pfet_05v0,typical,-40,5.00,0.60u,2,drop_at_50mA,0.154151,0.05,3.08301,6.16602,4.84585
pfet_05v0,typical,-40,5.00,0.60u,2,drop_at_100mA,0.321362,0.1,3.21362,6.42725,4.67864
pfet_05v0,typical,-40,5.00,0.60u,2,rlin_at_50mV,0.05,0.0166387,3.00504,6.01008,4.95
pfet_05v0,typical,-40,5.00,0.60u,4,drop_at_50mA,0.0755994,0.05,1.51199,6.04795,4.9244
pfet_05v0,typical,-40,5.00,0.60u,4,drop_at_100mA,0.154151,0.1,1.54151,6.16602,4.84585
pfet_05v0,typical,-40,5.00,0.60u,4,rlin_at_50mV,0.05,0.0332774,1.50252,6.01008,4.95
pfet_05v0,typical,-40,5.00,0.60u,8,drop_at_50mA,0.0374476,0.05,0.748953,5.99162,4.96255
pfet_05v0,typical,-40,5.00,0.60u,8,drop_at_100mA,0.0755994,0.1,0.755994,6.04795,4.9244
pfet_05v0,typical,-40,5.00,0.60u,8,rlin_at_50mV,0.05,0.0665548,0.75126,6.01008,4.95
pfet_05v0,typical,-40,5.00,0.60u,16,drop_at_50mA,0.0186378,0.05,0.372756,5.96409,4.98136
pfet_05v0,typical,-40,5.00,0.60u,16,drop_at_100mA,0.0374476,0.1,0.374476,5.99162,4.96255
pfet_05v0,typical,-40,5.00,0.60u,16,rlin_at_50mV,0.05,0.13311,0.37563,6.01008,4.95
pfet_05v0,typical,-40,5.00,1.00u,1,drop_at_50mA,0.563674,0.05,11.2735,11.2735,4.43633
pfet_05v0,typical,-40,5.00,1.00u,1,drop_at_100mA,1.36906,0.1,13.6906,13.6906,3.63094
pfet_05v0,typical,-40,5.00,1.00u,1,rlin_at_50mV,0.05,0.00497041,10.0595,10.0595,4.95
pfet_05v0,typical,-40,5.00,1.00u,2,drop_at_50mA,0.263468,0.05,5.26936,10.5387,4.73653
pfet_05v0,typical,-40,5.00,1.00u,2,drop_at_100mA,0.563674,0.1,5.63674,11.2735,4.43633
pfet_05v0,typical,-40,5.00,1.00u,2,rlin_at_50mV,0.05,0.00994083,5.02976,10.0595,4.95
pfet_05v0,typical,-40,5.00,1.00u,4,drop_at_50mA,0.127881,0.05,2.55762,10.2305,4.87212
pfet_05v0,typical,-40,5.00,1.00u,4,drop_at_100mA,0.263468,0.1,2.63468,10.5387,4.73653
pfet_05v0,typical,-40,5.00,1.00u,4,rlin_at_50mV,0.05,0.0198817,2.51488,10.0595,4.95
pfet_05v0,typical,-40,5.00,1.00u,8,drop_at_50mA,0.0630492,0.05,1.26098,10.0879,4.93695
pfet_05v0,typical,-40,5.00,1.00u,8,drop_at_100mA,0.127881,0.1,1.27881,10.2305,4.87212
pfet_05v0,typical,-40,5.00,1.00u,8,rlin_at_50mV,0.05,0.0397633,1.25744,10.0595,4.95
pfet_05v0,typical,-40,5.00,1.00u,16,drop_at_50mA,0.0313098,0.05,0.626196,10.0191,4.96869
pfet_05v0,typical,-40,5.00,1.00u,16,drop_at_100mA,0.0630492,0.1,0.630492,10.0879,4.93695
pfet_05v0,typical,-40,5.00,1.00u,16,rlin_at_50mV,0.05,0.0795266,0.62872,10.0595,4.95
pfet_05v0,typical,-40,5.50,0.50u,1,drop_at_50mA,0.247821,0.05,4.95643,4.95643,5.25218
pfet_05v0,typical,-40,5.50,0.50u,1,drop_at_100mA,0.530488,0.1,5.30488,5.30488,4.96951
pfet_05v0,typical,-40,5.50,0.50u,1,rlin_at_50mV,0.05,0.0105751,4.72808,4.72808,5.45
pfet_05v0,typical,-40,5.50,0.50u,2,drop_at_50mA,0.120193,0.05,2.40386,4.80772,5.37981
pfet_05v0,typical,-40,5.50,0.50u,2,drop_at_100mA,0.247821,0.1,2.47821,4.95643,5.25218
pfet_05v0,typical,-40,5.50,0.50u,2,rlin_at_50mV,0.05,0.0211502,2.36404,4.72808,5.45
pfet_05v0,typical,-40,5.50,0.50u,4,drop_at_50mA,0.0592308,0.05,1.18462,4.73847,5.44077
pfet_05v0,typical,-40,5.50,0.50u,4,drop_at_100mA,0.120193,0.1,1.20193,4.80772,5.37981
pfet_05v0,typical,-40,5.50,0.50u,4,rlin_at_50mV,0.05,0.0423005,1.18202,4.72808,5.45
pfet_05v0,typical,-40,5.50,0.50u,8,drop_at_50mA,0.0294062,0.05,0.588124,4.70499,5.47059
pfet_05v0,typical,-40,5.50,0.50u,8,drop_at_100mA,0.0592308,0.1,0.592308,4.73847,5.44077
pfet_05v0,typical,-40,5.50,0.50u,8,rlin_at_50mV,0.05,0.084601,0.59101,4.72808,5.45
pfet_05v0,typical,-40,5.50,0.50u,16,drop_at_50mA,0.0146517,0.05,0.293033,4.68853,5.48535
pfet_05v0,typical,-40,5.50,0.50u,16,drop_at_100mA,0.0294062,0.1,0.294062,4.70499,5.47059
pfet_05v0,typical,-40,5.50,0.50u,16,rlin_at_50mV,0.05,0.169202,0.295505,4.72808,5.45
pfet_05v0,typical,-40,5.50,0.60u,1,drop_at_50mA,0.299012,0.05,5.98024,5.98024,5.20099
pfet_05v0,typical,-40,5.50,0.60u,1,drop_at_100mA,0.647725,0.1,6.47725,6.47725,4.85227
pfet_05v0,typical,-40,5.50,0.60u,1,rlin_at_50mV,0.05,0.00884298,5.65421,5.65421,5.45
pfet_05v0,typical,-40,5.50,0.60u,2,drop_at_50mA,0.144378,0.05,2.88757,5.77514,5.35562
pfet_05v0,typical,-40,5.50,0.60u,2,drop_at_100mA,0.299012,0.1,2.99012,5.98024,5.20099
pfet_05v0,typical,-40,5.50,0.60u,2,rlin_at_50mV,0.05,0.017686,2.8271,5.65421,5.45
pfet_05v0,typical,-40,5.50,0.60u,4,drop_at_50mA,0.0710107,0.05,1.42021,5.68086,5.42899
pfet_05v0,typical,-40,5.50,0.60u,4,drop_at_100mA,0.144378,0.1,1.44378,5.77514,5.35562
pfet_05v0,typical,-40,5.50,0.60u,4,rlin_at_50mV,0.05,0.0353719,1.41355,5.65421,5.45
pfet_05v0,typical,-40,5.50,0.60u,8,drop_at_50mA,0.0352222,0.05,0.704444,5.63555,5.46478
pfet_05v0,typical,-40,5.50,0.60u,8,drop_at_100mA,0.0710107,0.1,0.710107,5.68086,5.42899
pfet_05v0,typical,-40,5.50,0.60u,8,rlin_at_50mV,0.05,0.0707438,0.706776,5.65421,5.45
pfet_05v0,typical,-40,5.50,0.60u,16,drop_at_50mA,0.0175417,0.05,0.350833,5.61333,5.48246
pfet_05v0,typical,-40,5.50,0.60u,16,drop_at_100mA,0.0352222,0.1,0.352222,5.63555,5.46478
pfet_05v0,typical,-40,5.50,0.60u,16,rlin_at_50mV,0.05,0.141488,0.353388,5.65421,5.45
pfet_05v0,typical,-40,5.50,1.00u,1,drop_at_50mA,0.516755,0.05,10.3351,10.3351,4.98324
pfet_05v0,typical,-40,5.50,1.00u,1,drop_at_100mA,1.19235,0.1,11.9235,11.9235,4.30765
pfet_05v0,typical,-40,5.50,1.00u,1,rlin_at_50mV,0.05,0.0053095,9.41708,9.41708,5.45
pfet_05v0,typical,-40,5.50,1.00u,2,drop_at_50mA,0.244614,0.05,4.89227,9.78455,5.25539
pfet_05v0,typical,-40,5.50,1.00u,2,drop_at_100mA,0.516755,0.1,5.16755,10.3351,4.98324
pfet_05v0,typical,-40,5.50,1.00u,2,rlin_at_50mV,0.05,0.010619,4.70854,9.41708,5.45
pfet_05v0,typical,-40,5.50,1.00u,4,drop_at_50mA,0.11932,0.05,2.3864,9.5456,5.38068
pfet_05v0,typical,-40,5.50,1.00u,4,drop_at_100mA,0.244614,0.1,2.44614,9.78455,5.25539
pfet_05v0,typical,-40,5.50,1.00u,4,rlin_at_50mV,0.05,0.021238,2.35427,9.41708,5.45
pfet_05v0,typical,-40,5.50,1.00u,8,drop_at_50mA,0.0589597,0.05,1.17919,9.43355,5.44104
pfet_05v0,typical,-40,5.50,1.00u,8,drop_at_100mA,0.11932,0.1,1.1932,9.5456,5.38068
pfet_05v0,typical,-40,5.50,1.00u,8,rlin_at_50mV,0.05,0.042476,1.17713,9.41708,5.45
pfet_05v0,typical,-40,5.50,1.00u,16,drop_at_50mA,0.02931,0.05,0.586201,9.37921,5.47069
pfet_05v0,typical,-40,5.50,1.00u,16,drop_at_100mA,0.0589597,0.1,0.589597,9.43355,5.44104
pfet_05v0,typical,-40,5.50,1.00u,16,rlin_at_50mV,0.05,0.084952,0.588567,9.41708,5.45
pfet_05v0,typical,27,2.10,0.50u,1,drop_at_50mA,7.3385,0.05,146.77,146.77,-5.2385
pfet_05v0,typical,27,2.10,0.50u,1,drop_at_100mA,9.42648,0.1,94.2648,94.2648,-7.32648
pfet_05v0,typical,27,2.10,0.50u,1,rlin_at_50mV,0.05,0.00332271,15.048,15.048,2.05
pfet_05v0,typical,27,2.10,0.50u,2,drop_at_50mA,0.499595,0.05,9.9919,19.9838,1.6004
pfet_05v0,typical,27,2.10,0.50u,2,drop_at_100mA,7.3385,0.1,73.385,146.77,-5.2385
pfet_05v0,typical,27,2.10,0.50u,2,rlin_at_50mV,0.05,0.00664542,7.52398,15.048,2.05
pfet_05v0,typical,27,2.10,0.50u,4,drop_at_50mA,0.206351,0.05,4.12703,16.5081,1.89365
pfet_05v0,typical,27,2.10,0.50u,4,drop_at_100mA,0.499595,0.1,4.99595,19.9838,1.6004
pfet_05v0,typical,27,2.10,0.50u,4,rlin_at_50mV,0.05,0.0132908,3.76199,15.048,2.05
pfet_05v0,typical,27,2.10,0.50u,8,drop_at_50mA,0.096627,0.05,1.93254,15.4603,2.00337
pfet_05v0,typical,27,2.10,0.50u,8,drop_at_100mA,0.206351,0.1,2.06351,16.5081,1.89365
pfet_05v0,typical,27,2.10,0.50u,8,rlin_at_50mV,0.05,0.0265817,1.88099,15.048,2.05
pfet_05v0,typical,27,2.10,0.50u,16,drop_at_50mA,0.0469423,0.05,0.938847,15.0216,2.05306
pfet_05v0,typical,27,2.10,0.50u,16,drop_at_100mA,0.096627,0.1,0.96627,15.4603,2.00337
pfet_05v0,typical,27,2.10,0.50u,16,rlin_at_50mV,0.05,0.0531634,0.940497,15.048,2.05
pfet_05v0,typical,27,2.10,0.60u,1,drop_at_50mA,8.47387,0.05,169.477,169.477,-6.37387
pfet_05v0,typical,27,2.10,0.60u,1,drop_at_100mA,10.0764,0.1,100.764,100.764,-7.97645
pfet_05v0,typical,27,2.10,0.60u,1,rlin_at_50mV,0.05,0.00268852,18.5976,18.5976,2.05
pfet_05v0,typical,27,2.10,0.60u,2,drop_at_50mA,0.749282,0.05,14.9856,29.9713,1.35072
pfet_05v0,typical,27,2.10,0.60u,2,drop_at_100mA,8.47387,0.1,84.7387,169.477,-6.37387
pfet_05v0,typical,27,2.10,0.60u,2,rlin_at_50mV,0.05,0.00537705,9.29878,18.5976,2.05
pfet_05v0,typical,27,2.10,0.60u,4,drop_at_50mA,0.264545,0.05,5.29089,21.1636,1.83546
pfet_05v0,typical,27,2.10,0.60u,4,drop_at_100mA,0.749282,0.1,7.49282,29.9713,1.35072
pfet_05v0,typical,27,2.10,0.60u,4,rlin_at_50mV,0.05,0.0107541,4.64939,18.5976,2.05
pfet_05v0,typical,27,2.10,0.60u,8,drop_at_50mA,0.121165,0.05,2.42331,19.3865,1.97883
pfet_05v0,typical,27,2.10,0.60u,8,drop_at_100mA,0.264545,0.1,2.64545,21.1636,1.83546
pfet_05v0,typical,27,2.10,0.60u,8,rlin_at_50mV,0.05,0.0215082,2.3247,18.5976,2.05
pfet_05v0,typical,27,2.10,0.60u,16,drop_at_50mA,0.0583993,0.05,1.16799,18.6878,2.0416
pfet_05v0,typical,27,2.10,0.60u,16,drop_at_100mA,0.121165,0.1,1.21165,19.3865,1.97883
pfet_05v0,typical,27,2.10,0.60u,16,rlin_at_50mV,0.05,0.0430164,1.16235,18.5976,2.05
pfet_05v0,typical,27,2.10,1.00u,1,drop_at_50mA,10.122,0.05,202.439,202.439,-8.02197
pfet_05v0,typical,27,2.10,1.00u,1,drop_at_100mA,11.5932,0.1,115.932,115.932,-9.49323
pfet_05v0,typical,27,2.10,1.00u,1,rlin_at_50mV,0.05,0.00151136,33.0829,33.0829,2.05
pfet_05v0,typical,27,2.10,1.00u,2,drop_at_50mA,8.50039,0.05,170.008,340.015,-6.40039
pfet_05v0,typical,27,2.10,1.00u,2,drop_at_100mA,10.122,0.1,101.22,202.439,-8.02197
pfet_05v0,typical,27,2.10,1.00u,2,rlin_at_50mV,0.05,0.00302271,16.5414,33.0829,2.05
pfet_05v0,typical,27,2.10,1.00u,4,drop_at_50mA,0.599275,0.05,11.9855,47.942,1.50073
pfet_05v0,typical,27,2.10,1.00u,4,drop_at_100mA,8.50039,0.1,85.0039,340.015,-6.40039
pfet_05v0,typical,27,2.10,1.00u,4,rlin_at_50mV,0.05,0.00604542,8.27072,33.0829,2.05
pfet_05v0,typical,27,2.10,1.00u,8,drop_at_50mA,0.230711,0.05,4.61423,36.9138,1.86929
pfet_05v0,typical,27,2.10,1.00u,8,drop_at_100mA,0.599275,0.1,5.99275,47.942,1.50073
pfet_05v0,typical,27,2.10,1.00u,8,rlin_at_50mV,0.05,0.0120908,4.13536,33.0829,2.05
pfet_05v0,typical,27,2.10,1.00u,16,drop_at_50mA,0.106897,0.05,2.13794,34.207,1.9931
pfet_05v0,typical,27,2.10,1.00u,16,drop_at_100mA,0.230711,0.1,2.30711,36.9138,1.86929
pfet_05v0,typical,27,2.10,1.00u,16,rlin_at_50mV,0.05,0.0241817,2.06768,33.0829,2.05
pfet_05v0,typical,27,2.97,0.50u,1,drop_at_50mA,0.628866,0.05,12.5773,12.5773,2.34113
pfet_05v0,typical,27,2.97,0.50u,1,drop_at_100mA,7.11167,0.1,71.1167,71.1167,-4.14167
pfet_05v0,typical,27,2.97,0.50u,1,rlin_at_50mV,0.05,0.00499692,10.0062,10.0062,2.92
pfet_05v0,typical,27,2.97,0.50u,2,drop_at_50mA,0.272186,0.05,5.44372,10.8874,2.69781
pfet_05v0,typical,27,2.97,0.50u,2,drop_at_100mA,0.628866,0.1,6.28866,12.5773,2.34113
pfet_05v0,typical,27,2.97,0.50u,2,rlin_at_50mV,0.05,0.00999385,5.00308,10.0062,2.92
pfet_05v0,typical,27,2.97,0.50u,4,drop_at_50mA,0.128824,0.05,2.57648,10.3059,2.84118
pfet_05v0,typical,27,2.97,0.50u,4,drop_at_100mA,0.272186,0.1,2.72186,10.8874,2.69781
pfet_05v0,typical,27,2.97,0.50u,4,rlin_at_50mV,0.05,0.0199877,2.50154,10.0062,2.92
pfet_05v0,typical,27,2.97,0.50u,8,drop_at_50mA,0.0628379,0.05,1.25676,10.0541,2.90716
pfet_05v0,typical,27,2.97,0.50u,8,drop_at_100mA,0.128824,0.1,1.28824,10.3059,2.84118
pfet_05v0,typical,27,2.97,0.50u,8,rlin_at_50mV,0.05,0.0399754,1.25077,10.0062,2.92
pfet_05v0,typical,27,2.97,0.50u,16,drop_at_50mA,0.0310502,0.05,0.621004,9.93606,2.93895
pfet_05v0,typical,27,2.97,0.50u,16,drop_at_100mA,0.0628379,0.1,0.628379,10.0541,2.90716
pfet_05v0,typical,27,2.97,0.50u,16,rlin_at_50mV,0.05,0.0799508,0.625385,10.0062,2.92
pfet_05v0,typical,27,2.97,0.60u,1,drop_at_50mA,0.837463,0.05,16.7493,16.7493,2.13254
pfet_05v0,typical,27,2.97,0.60u,1,drop_at_100mA,8.54564,0.1,85.4564,85.4564,-5.57564
pfet_05v0,typical,27,2.97,0.60u,1,rlin_at_50mV,0.05,0.00409885,12.1985,12.1985,2.92
pfet_05v0,typical,27,2.97,0.60u,2,drop_at_50mA,0.340269,0.05,6.80538,13.6108,2.62973
pfet_05v0,typical,27,2.97,0.60u,2,drop_at_100mA,0.837463,0.1,8.37463,16.7493,2.13254
pfet_05v0,typical,27,2.97,0.60u,2,rlin_at_50mV,0.05,0.00819771,6.09926,12.1985,2.92
pfet_05v0,typical,27,2.97,0.60u,4,drop_at_50mA,0.158733,0.05,3.17466,12.6986,2.81127
pfet_05v0,typical,27,2.97,0.60u,4,drop_at_100mA,0.340269,0.1,3.40269,13.6108,2.62973
pfet_05v0,typical,27,2.97,0.60u,4,rlin_at_50mV,0.05,0.0163954,3.04963,12.1985,2.92
pfet_05v0,typical,27,2.97,0.60u,8,drop_at_50mA,0.0769983,0.05,1.53997,12.3197,2.893
pfet_05v0,typical,27,2.97,0.60u,8,drop_at_100mA,0.158733,0.1,1.58733,12.6986,2.81127
pfet_05v0,typical,27,2.97,0.60u,8,rlin_at_50mV,0.05,0.0327908,1.52482,12.1985,2.92
pfet_05v0,typical,27,2.97,0.60u,16,drop_at_50mA,0.0379533,0.05,0.759067,12.1451,2.93205
pfet_05v0,typical,27,2.97,0.60u,16,drop_at_100mA,0.0769983,0.1,0.769983,12.3197,2.893
pfet_05v0,typical,27,2.97,0.60u,16,rlin_at_50mV,0.05,0.0655817,0.762408,12.1985,2.92
pfet_05v0,typical,27,2.97,1.00u,1,drop_at_50mA,8.26271,0.05,165.254,165.254,-5.29271
pfet_05v0,typical,27,2.97,1.00u,1,drop_at_100mA,10.2094,0.1,102.094,102.094,-7.2394
pfet_05v0,typical,27,2.97,1.00u,1,rlin_at_50mV,0.05,0.00236608,21.132,21.132,2.92
pfet_05v0,typical,27,2.97,1.00u,2,drop_at_50mA,0.672404,0.05,13.4481,26.8962,2.2976
pfet_05v0,typical,27,2.97,1.00u,2,drop_at_100mA,8.26271,0.1,82.6271,165.254,-5.29271
pfet_05v0,typical,27,2.97,1.00u,2,rlin_at_50mV,0.05,0.00473216,10.566,21.132,2.92
pfet_05v0,typical,27,2.97,1.00u,4,drop_at_50mA,0.28816,0.05,5.7632,23.0528,2.68184
pfet_05v0,typical,27,2.97,1.00u,4,drop_at_100mA,0.672404,0.1,6.72404,26.8962,2.2976
pfet_05v0,typical,27,2.97,1.00u,4,rlin_at_50mV,0.05,0.00946432,5.283,21.132,2.92
pfet_05v0,typical,27,2.97,1.00u,8,drop_at_50mA,0.136209,0.05,2.72419,21.7935,2.83379
pfet_05v0,typical,27,2.97,1.00u,8,drop_at_100mA,0.28816,0.1,2.8816,23.0528,2.68184
pfet_05v0,typical,27,2.97,1.00u,8,rlin_at_50mV,0.05,0.0189286,2.6415,21.132,2.92
pfet_05v0,typical,27,2.97,1.00u,16,drop_at_50mA,0.0664227,0.05,1.32845,21.2553,2.90358
pfet_05v0,typical,27,2.97,1.00u,16,drop_at_100mA,0.136209,0.1,1.36209,21.7935,2.83379
pfet_05v0,typical,27,2.97,1.00u,16,rlin_at_50mV,0.05,0.0378573,1.32075,21.132,2.92
pfet_05v0,typical,27,3.30,0.50u,1,drop_at_50mA,0.533606,0.05,10.6721,10.6721,2.76639
pfet_05v0,typical,27,3.30,0.50u,1,drop_at_100mA,1.80121,0.1,18.0121,18.0121,1.49879
pfet_05v0,typical,27,3.30,0.50u,1,rlin_at_50mV,0.05,0.00553432,9.03453,9.03453,3.25
pfet_05v0,typical,27,3.30,0.50u,2,drop_at_50mA,0.240806,0.05,4.81612,9.63225,3.05919
pfet_05v0,typical,27,3.30,0.50u,2,drop_at_100mA,0.533606,0.1,5.33606,10.6721,2.76639
pfet_05v0,typical,27,3.30,0.50u,2,rlin_at_50mV,0.05,0.0110686,4.51726,9.03453,3.25
pfet_05v0,typical,27,3.30,0.50u,4,drop_at_50mA,0.115413,0.05,2.30827,9.23307,3.18459
pfet_05v0,typical,27,3.30,0.50u,4,drop_at_100mA,0.240806,0.1,2.40806,9.63225,3.05919
pfet_05v0,typical,27,3.30,0.50u,4,rlin_at_50mV,0.05,0.0221373,2.25863,9.03453,3.25
pfet_05v0,typical,27,3.30,0.50u,8,drop_at_50mA,0.056589,0.05,1.13178,9.05424,3.24341
pfet_05v0,typical,27,3.30,0.50u,8,drop_at_100mA,0.115413,0.1,1.15413,9.23307,3.18459
pfet_05v0,typical,27,3.30,0.50u,8,rlin_at_50mV,0.05,0.0442746,1.12932,9.03453,3.25
pfet_05v0,typical,27,3.30,0.50u,16,drop_at_50mA,0.0280289,0.05,0.560578,8.96925,3.27197
pfet_05v0,typical,27,3.30,0.50u,16,drop_at_100mA,0.056589,0.1,0.56589,9.05424,3.24341
pfet_05v0,typical,27,3.30,0.50u,16,rlin_at_50mV,0.05,0.0885492,0.564658,9.03453,3.25
pfet_05v0,typical,27,3.30,0.60u,1,drop_at_50mA,0.682133,0.05,13.6427,13.6427,2.61787
pfet_05v0,typical,27,3.30,0.60u,1,drop_at_100mA,7.48477,0.1,74.8477,74.8477,-4.18477
pfet_05v0,typical,27,3.30,0.60u,1,rlin_at_50mV,0.05,0.00455592,10.9747,10.9747,3.25
pfet_05v0,typical,27,3.30,0.60u,2,drop_at_50mA,0.297813,0.05,5.95625,11.9125,3.00219
pfet_05v0,typical,27,3.30,0.60u,2,drop_at_100mA,0.682133,0.1,6.82133,13.6427,2.61787
pfet_05v0,typical,27,3.30,0.60u,2,rlin_at_50mV,0.05,0.00911184,5.48737,10.9747,3.25
pfet_05v0,typical,27,3.30,0.60u,4,drop_at_50mA,0.14133,0.05,2.82659,11.3064,3.15867
pfet_05v0,typical,27,3.30,0.60u,4,drop_at_100mA,0.297813,0.1,2.97813,11.9125,3.00219
pfet_05v0,typical,27,3.30,0.60u,4,rlin_at_50mV,0.05,0.0182237,2.74368,10.9747,3.25
pfet_05v0,typical,27,3.30,0.60u,8,drop_at_50mA,0.0690158,0.05,1.38032,11.0425,3.23098
pfet_05v0,typical,27,3.30,0.60u,8,drop_at_100mA,0.14133,0.1,1.4133,11.3064,3.15867
pfet_05v0,typical,27,3.30,0.60u,8,rlin_at_50mV,0.05,0.0364474,1.37184,10.9747,3.25
pfet_05v0,typical,27,3.30,0.60u,16,drop_at_50mA,0.0341207,0.05,0.682414,10.9186,3.26588
pfet_05v0,typical,27,3.30,0.60u,16,drop_at_100mA,0.0690158,0.1,0.690158,11.0425,3.23098
pfet_05v0,typical,27,3.30,0.60u,16,rlin_at_50mV,0.05,0.0728947,0.685921,10.9747,3.25
pfet_05v0,typical,27,3.30,1.00u,1,drop_at_50mA,3.27435,0.05,65.487,65.487,0.0256486
pfet_05v0,typical,27,3.30,1.00u,1,drop_at_100mA,9.86777,0.1,98.6777,98.6777,-6.56777
pfet_05v0,typical,27,3.30,1.00u,1,rlin_at_50mV,0.05,0.00264854,18.8783,18.8783,3.25
pfet_05v0,typical,27,3.30,1.00u,2,drop_at_50mA,0.55784,0.05,11.1568,22.3136,2.74216
pfet_05v0,typical,27,3.30,1.00u,2,drop_at_100mA,3.27435,0.1,32.7435,65.487,0.0256486
pfet_05v0,typical,27,3.30,1.00u,2,rlin_at_50mV,0.05,0.00529709,9.43915,18.8783,3.25
pfet_05v0,typical,27,3.30,1.00u,4,drop_at_50mA,0.251538,0.05,5.03075,20.123,3.04846
pfet_05v0,typical,27,3.30,1.00u,4,drop_at_100mA,0.55784,0.1,5.5784,22.3136,2.74216
pfet_05v0,typical,27,3.30,1.00u,4,rlin_at_50mV,0.05,0.0105942,4.71957,18.8783,3.25
pfet_05v0,typical,27,3.30,1.00u,8,drop_at_50mA,0.120617,0.05,2.41235,19.2988,3.17938
pfet_05v0,typical,27,3.30,1.00u,8,drop_at_100mA,0.251538,0.1,2.51538,20.123,3.04846
pfet_05v0,typical,27,3.30,1.00u,8,rlin_at_50mV,0.05,0.0211883,2.35979,18.8783,3.25
pfet_05v0,typical,27,3.30,1.00u,16,drop_at_50mA,0.0591624,0.05,1.18325,18.932,3.24084
pfet_05v0,typical,27,3.30,1.00u,16,drop_at_100mA,0.120617,0.1,1.20617,19.2988,3.17938
pfet_05v0,typical,27,3.30,1.00u,16,rlin_at_50mV,0.05,0.0423767,1.17989,18.8783,3.25
pfet_05v0,typical,27,3.63,0.50u,1,drop_at_50mA,0.472208,0.05,9.44416,9.44416,3.15779
pfet_05v0,typical,27,3.63,0.50u,1,drop_at_100mA,1.21412,0.1,12.1412,12.1412,2.41588
pfet_05v0,typical,27,3.63,0.50u,1,rlin_at_50mV,0.05,0.00602876,8.29358,8.29358,3.58
pfet_05v0,typical,27,3.63,0.50u,2,drop_at_50mA,0.218145,0.05,4.3629,8.7258,3.41185
pfet_05v0,typical,27,3.63,0.50u,2,drop_at_100mA,0.472208,0.1,4.72208,9.44416,3.15779
pfet_05v0,typical,27,3.63,0.50u,2,rlin_at_50mV,0.05,0.0120575,4.14679,8.29358,3.58
pfet_05v0,typical,27,3.63,0.50u,4,drop_at_50mA,0.105406,0.05,2.10813,8.43251,3.52459
pfet_05v0,typical,27,3.63,0.50u,4,drop_at_100mA,0.218145,0.1,2.18145,8.7258,3.41185
pfet_05v0,typical,27,3.63,0.50u,4,rlin_at_50mV,0.05,0.024115,2.0734,8.29358,3.58
pfet_05v0,typical,27,3.63,0.50u,8,drop_at_50mA,0.0518638,0.05,1.03728,8.2982,3.57814
pfet_05v0,typical,27,3.63,0.50u,8,drop_at_100mA,0.105406,0.1,1.05406,8.43251,3.52459
pfet_05v0,typical,27,3.63,0.50u,8,rlin_at_50mV,0.05,0.0482301,1.0367,8.29358,3.58
pfet_05v0,typical,27,3.63,0.50u,16,drop_at_50mA,0.0257305,0.05,0.514611,8.23377,3.60427
pfet_05v0,typical,27,3.63,0.50u,16,drop_at_100mA,0.0518638,0.1,0.518638,8.2982,3.57814
pfet_05v0,typical,27,3.63,0.50u,16,rlin_at_50mV,0.05,0.0964601,0.518349,8.29358,3.58
pfet_05v0,typical,27,3.63,0.60u,1,drop_at_50mA,0.592281,0.05,11.8456,11.8456,3.03772
pfet_05v0,typical,27,3.63,0.60u,1,drop_at_100mA,1.98016,0.1,19.8016,19.8016,1.64984
pfet_05v0,typical,27,3.63,0.60u,1,rlin_at_50mV,0.05,0.00497812,10.044,10.044,3.58
pfet_05v0,typical,27,3.63,0.60u,2,drop_at_50mA,0.267819,0.05,5.35639,10.7128,3.36218
pfet_05v0,typical,27,3.63,0.60u,2,drop_at_100mA,0.592281,0.1,5.92281,11.8456,3.03772
pfet_05v0,typical,27,3.63,0.60u,2,rlin_at_50mV,0.05,0.00995624,5.02198,10.044,3.58
pfet_05v0,typical,27,3.63,0.60u,4,drop_at_50mA,0.128466,0.05,2.56932,10.2773,3.50153
pfet_05v0,typical,27,3.63,0.60u,4,drop_at_100mA,0.267819,0.1,2.67819,10.7128,3.36218
pfet_05v0,typical,27,3.63,0.60u,4,rlin_at_50mV,0.05,0.0199125,2.51099,10.044,3.58
pfet_05v0,typical,27,3.63,0.60u,8,drop_at_50mA,0.063013,0.05,1.26026,10.0821,3.56699
pfet_05v0,typical,27,3.63,0.60u,8,drop_at_100mA,0.128466,0.1,1.28466,10.2773,3.50153
pfet_05v0,typical,27,3.63,0.60u,8,rlin_at_50mV,0.05,0.039825,1.25549,10.044,3.58
pfet_05v0,typical,27,3.63,0.60u,16,drop_at_50mA,0.0312166,0.05,0.624331,9.9893,3.59878
pfet_05v0,typical,27,3.63,0.60u,16,drop_at_100mA,0.063013,0.1,0.63013,10.0821,3.56699
pfet_05v0,typical,27,3.63,0.60u,16,rlin_at_50mV,0.05,0.0796499,0.627747,10.044,3.58
pfet_05v0,typical,27,3.63,1.00u,1,drop_at_50mA,1.25947,0.05,25.1895,25.1895,2.37053
pfet_05v0,typical,27,3.63,1.00u,1,drop_at_100mA,9.53448,0.1,95.3448,95.3448,-5.90448
pfet_05v0,typical,27,3.63,1.00u,1,rlin_at_50mV,0.05,0.00291164,17.1724,17.1724,3.58
pfet_05v0,typical,27,3.63,1.00u,2,drop_at_50mA,0.487009,0.05,9.74017,19.4803,3.14299
pfet_05v0,typical,27,3.63,1.00u,2,drop_at_100mA,1.25947,0.1,12.5947,25.1895,2.37053
pfet_05v0,typical,27,3.63,1.00u,2,rlin_at_50mV,0.05,0.00582328,8.58622,17.1724,3.58
pfet_05v0,typical,27,3.63,1.00u,4,drop_at_50mA,0.225494,0.05,4.50988,18.0395,3.40451
pfet_05v0,typical,27,3.63,1.00u,4,drop_at_100mA,0.487009,0.1,4.87009,19.4803,3.14299
pfet_05v0,typical,27,3.63,1.00u,4,rlin_at_50mV,0.05,0.0116466,4.29311,17.1724,3.58
pfet_05v0,typical,27,3.63,1.00u,8,drop_at_50mA,0.109102,0.05,2.18204,17.4563,3.5209
pfet_05v0,typical,27,3.63,1.00u,8,drop_at_100mA,0.225494,0.1,2.25494,18.0395,3.40451
pfet_05v0,typical,27,3.63,1.00u,8,rlin_at_50mV,0.05,0.0232931,2.14656,17.1724,3.58
pfet_05v0,typical,27,3.63,1.00u,16,drop_at_50mA,0.053719,0.05,1.07438,17.1901,3.57628
pfet_05v0,typical,27,3.63,1.00u,16,drop_at_100mA,0.109102,0.1,1.09102,17.4563,3.5209
pfet_05v0,typical,27,3.63,1.00u,16,rlin_at_50mV,0.05,0.0465862,1.07328,17.1724,3.58
pfet_05v0,typical,27,4.50,0.50u,1,drop_at_50mA,0.378139,0.05,7.56279,7.56279,4.12186
pfet_05v0,typical,27,4.50,0.50u,1,drop_at_100mA,0.853498,0.1,8.53498,8.53498,3.6465
pfet_05v0,typical,27,4.50,0.50u,1,rlin_at_50mV,0.05,0.00716302,6.9803,6.9803,4.45
pfet_05v0,typical,27,4.50,0.50u,2,drop_at_50mA,0.180089,0.05,3.60177,7.20354,4.31991
pfet_05v0,typical,27,4.50,0.50u,2,drop_at_100mA,0.378139,0.1,3.78139,7.56279,4.12186
pfet_05v0,typical,27,4.50,0.50u,2,rlin_at_50mV,0.05,0.014326,3.49015,6.9803,4.45
pfet_05v0,typical,27,4.50,0.50u,4,drop_at_50mA,0.0880576,0.05,1.76115,7.04461,4.41194
pfet_05v0,typical,27,4.50,0.50u,4,drop_at_100mA,0.180089,0.1,1.80089,7.20354,4.31991
pfet_05v0,typical,27,4.50,0.50u,4,rlin_at_50mV,0.05,0.0286521,1.74507,6.9803,4.45
pfet_05v0,typical,27,4.50,0.50u,8,drop_at_50mA,0.0435593,0.05,0.871186,6.96949,4.45644
pfet_05v0,typical,27,4.50,0.50u,8,drop_at_100mA,0.0880576,0.1,0.880576,7.04461,4.41194
pfet_05v0,typical,27,4.50,0.50u,8,rlin_at_50mV,0.05,0.0573042,0.872537,6.9803,4.45
pfet_05v0,typical,27,4.50,0.50u,16,drop_at_50mA,0.0216654,0.05,0.433308,6.93293,4.47833
pfet_05v0,typical,27,4.50,0.50u,16,drop_at_100mA,0.0435593,0.1,0.435593,6.96949,4.45644
pfet_05v0,typical,27,4.50,0.50u,16,rlin_at_50mV,0.05,0.114608,0.436268,6.9803,4.45
pfet_05v0,typical,27,4.50,0.60u,1,drop_at_50mA,0.463404,0.05,9.26807,9.26807,4.0366
pfet_05v0,typical,27,4.50,0.60u,1,drop_at_100mA,1.08497,0.1,10.8497,10.8497,3.41503
pfet_05v0,typical,27,4.50,0.60u,1,rlin_at_50mV,0.05,0.00595206,8.40045,8.40045,4.45
pfet_05v0,typical,27,4.50,0.60u,2,drop_at_50mA,0.218473,0.05,4.36947,8.73893,4.28153
pfet_05v0,typical,27,4.50,0.60u,2,drop_at_100mA,0.463404,0.1,4.63404,9.26807,4.0366
pfet_05v0,typical,27,4.50,0.60u,2,rlin_at_50mV,0.05,0.0119041,4.20023,8.40045,4.45
pfet_05v0,typical,27,4.50,0.60u,4,drop_at_50mA,0.106395,0.05,2.1279,8.51158,4.39361
pfet_05v0,typical,27,4.50,0.60u,4,drop_at_100mA,0.218473,0.1,2.18473,8.73893,4.28153
pfet_05v0,typical,27,4.50,0.60u,4,rlin_at_50mV,0.05,0.0238082,2.10011,8.40045,4.45
pfet_05v0,typical,27,4.50,0.60u,8,drop_at_50mA,0.0525337,0.05,1.05067,8.4054,4.44747
pfet_05v0,typical,27,4.50,0.60u,8,drop_at_100mA,0.106395,0.1,1.06395,8.51158,4.39361
pfet_05v0,typical,27,4.50,0.60u,8,rlin_at_50mV,0.05,0.0476165,1.05006,8.40045,4.45
pfet_05v0,typical,27,4.50,0.60u,16,drop_at_50mA,0.0261063,0.05,0.522125,8.354,4.47389
pfet_05v0,typical,27,4.50,0.60u,16,drop_at_100mA,0.0525337,0.1,0.525337,8.4054,4.44747
pfet_05v0,typical,27,4.50,0.60u,16,rlin_at_50mV,0.05,0.095233,0.525028,8.40045,4.45
pfet_05v0,typical,27,4.50,1.00u,1,drop_at_50mA,0.852361,0.05,17.0472,17.0472,3.64764
pfet_05v0,typical,27,4.50,1.00u,1,drop_at_100mA,7.18907,0.1,71.8907,71.8907,-2.68907
pfet_05v0,typical,27,4.50,1.00u,1,rlin_at_50mV,0.05,0.00352576,14.1813,14.1813,4.45
pfet_05v0,typical,27,4.50,1.00u,2,drop_at_50mA,0.381483,0.05,7.62966,15.2593,4.11852
pfet_05v0,typical,27,4.50,1.00u,2,drop_at_100mA,0.852361,0.1,8.52361,17.0472,3.64764
pfet_05v0,typical,27,4.50,1.00u,2,rlin_at_50mV,0.05,0.00705152,7.09067,14.1813,4.45
pfet_05v0,typical,27,4.50,1.00u,4,drop_at_50mA,0.182455,0.05,3.64909,14.5964,4.31755
pfet_05v0,typical,27,4.50,1.00u,4,drop_at_100mA,0.381483,0.1,3.81483,15.2593,4.11852
pfet_05v0,typical,27,4.50,1.00u,4,rlin_at_50mV,0.05,0.014103,3.54534,14.1813,4.45
pfet_05v0,typical,27,4.50,1.00u,8,drop_at_50mA,0.0893919,0.05,1.78784,14.3027,4.41061
pfet_05v0,typical,27,4.50,1.00u,8,drop_at_100mA,0.182455,0.1,1.82455,14.5964,4.31755
pfet_05v0,typical,27,4.50,1.00u,8,rlin_at_50mV,0.05,0.0282061,1.77267,14.1813,4.45
pfet_05v0,typical,27,4.50,1.00u,16,drop_at_50mA,0.0442619,0.05,0.885238,14.1638,4.45574
pfet_05v0,typical,27,4.50,1.00u,16,drop_at_100mA,0.0893919,0.1,0.893919,14.3027,4.41061
pfet_05v0,typical,27,4.50,1.00u,16,rlin_at_50mV,0.05,0.0564122,0.886334,14.1813,4.45
pfet_05v0,typical,27,5.00,0.50u,1,drop_at_50mA,0.345359,0.05,6.90718,6.90718,4.65464
pfet_05v0,typical,27,5.00,0.50u,1,drop_at_100mA,0.758371,0.1,7.58371,7.58371,4.24163
pfet_05v0,typical,27,5.00,0.50u,1,rlin_at_50mV,0.05,0.00772446,6.47295,6.47295,4.95
pfet_05v0,typical,27,5.00,0.50u,2,drop_at_50mA,0.165974,0.05,3.31947,6.63895,4.83403
pfet_05v0,typical,27,5.00,0.50u,2,drop_at_100mA,0.345359,0.1,3.45359,6.90718,4.65464
pfet_05v0,typical,27,5.00,0.50u,2,rlin_at_50mV,0.05,0.0154489,3.23647,6.47295,4.95
pfet_05v0,typical,27,5.00,0.50u,4,drop_at_50mA,0.0814679,0.05,1.62936,6.51744,4.91853
pfet_05v0,typical,27,5.00,0.50u,4,drop_at_100mA,0.165974,0.1,1.65974,6.63895,4.83403
pfet_05v0,typical,27,5.00,0.50u,4,rlin_at_50mV,0.05,0.0308978,1.61824,6.47295,4.95
pfet_05v0,typical,27,5.00,0.50u,8,drop_at_50mA,0.0403713,0.05,0.807427,6.45941,4.95963
pfet_05v0,typical,27,5.00,0.50u,8,drop_at_100mA,0.0814679,0.1,0.814679,6.51744,4.91853
pfet_05v0,typical,27,5.00,0.50u,8,rlin_at_50mV,0.05,0.0617957,0.809118,6.47295,4.95
pfet_05v0,typical,27,5.00,0.50u,16,drop_at_50mA,0.020097,0.05,0.40194,6.43104,4.9799
pfet_05v0,typical,27,5.00,0.50u,16,drop_at_100mA,0.0403713,0.1,0.403713,6.45941,4.95963
pfet_05v0,typical,27,5.00,0.50u,16,rlin_at_50mV,0.05,0.123591,0.404559,6.47295,4.95
pfet_05v0,typical,27,5.00,0.60u,1,drop_at_50mA,0.420249,0.05,8.40498,8.40498,4.57975
pfet_05v0,typical,27,5.00,0.60u,1,drop_at_100mA,0.944513,0.1,9.44513,9.44513,4.05549
pfet_05v0,typical,27,5.00,0.60u,1,rlin_at_50mV,0.05,0.00643648,7.76822,7.76822,4.95
pfet_05v0,typical,27,5.00,0.60u,2,drop_at_50mA,0.200458,0.05,4.00916,8.01832,4.79954
pfet_05v0,typical,27,5.00,0.60u,2,drop_at_100mA,0.420249,0.1,4.20249,8.40498,4.57975
pfet_05v0,typical,27,5.00,0.60u,2,rlin_at_50mV,0.05,0.012873,3.88411,7.76822,4.95
pfet_05v0,typical,27,5.00,0.60u,4,drop_at_50mA,0.0980866,0.05,1.96173,7.84692,4.90191
pfet_05v0,typical,27,5.00,0.60u,4,drop_at_100mA,0.200458,0.1,2.00458,8.01832,4.79954
pfet_05v0,typical,27,5.00,0.60u,4,rlin_at_50mV,0.05,0.0257459,1.94206,7.76822,4.95
pfet_05v0,typical,27,5.00,0.60u,8,drop_at_50mA,0.0485365,0.05,0.97073,7.76584,4.95146
pfet_05v0,typical,27,5.00,0.60u,8,drop_at_100mA,0.0980866,0.1,0.980866,7.84692,4.90191
pfet_05v0,typical,27,5.00,0.60u,8,rlin_at_50mV,0.05,0.0514918,0.971028,7.76822,4.95
pfet_05v0,typical,27,5.00,0.60u,16,drop_at_50mA,0.0241449,0.05,0.482898,7.72637,4.97586
pfet_05v0,typical,27,5.00,0.60u,16,drop_at_100mA,0.0485365,0.1,0.485365,7.76584,4.95146
pfet_05v0,typical,27,5.00,0.60u,16,rlin_at_50mV,0.05,0.102984,0.485514,7.76822,4.95
pfet_05v0,typical,27,5.00,1.00u,1,drop_at_50mA,0.750683,0.05,15.0137,15.0137,4.24932
pfet_05v0,typical,27,5.00,1.00u,1,drop_at_100mA,2.01726,0.1,20.1726,20.1726,2.98274
pfet_05v0,typical,27,5.00,1.00u,1,rlin_at_50mV,0.05,0.00383446,13.0397,13.0397,4.95
pfet_05v0,typical,27,5.00,1.00u,2,drop_at_50mA,0.345411,0.05,6.90822,13.8164,4.65459
pfet_05v0,typical,27,5.00,1.00u,2,drop_at_100mA,0.750683,0.1,7.50683,15.0137,4.24932
pfet_05v0,typical,27,5.00,1.00u,2,rlin_at_50mV,0.05,0.00766891,6.51983,13.0397,4.95
pfet_05v0,typical,27,5.00,1.00u,4,drop_at_50mA,0.166723,0.05,3.33445,13.3378,4.83328
pfet_05v0,typical,27,5.00,1.00u,4,drop_at_100mA,0.345411,0.1,3.45411,13.8164,4.65459
pfet_05v0,typical,27,5.00,1.00u,4,rlin_at_50mV,0.05,0.0153378,3.25992,13.0397,4.95
pfet_05v0,typical,27,5.00,1.00u,8,drop_at_50mA,0.082002,0.05,1.64004,13.1203,4.918
pfet_05v0,typical,27,5.00,1.00u,8,drop_at_100mA,0.166723,0.1,1.66723,13.3378,4.83328
pfet_05v0,typical,27,5.00,1.00u,8,rlin_at_50mV,0.05,0.0306756,1.62996,13.0397,4.95
pfet_05v0,typical,27,5.00,1.00u,16,drop_at_50mA,0.040676,0.05,0.81352,13.0163,4.95932
pfet_05v0,typical,27,5.00,1.00u,16,drop_at_100mA,0.082002,0.1,0.82002,13.1203,4.918
pfet_05v0,typical,27,5.00,1.00u,16,rlin_at_50mV,0.05,0.0613513,0.814979,13.0397,4.95
pfet_05v0,typical,27,5.50,0.50u,1,drop_at_50mA,0.320604,0.05,6.41208,6.41208,5.1794
pfet_05v0,typical,27,5.50,0.50u,1,drop_at_100mA,0.691864,0.1,6.91864,6.91864,4.80814
pfet_05v0,typical,27,5.50,0.50u,1,rlin_at_50mV,0.05,0.00823253,6.07347,6.07347,5.45
pfet_05v0,typical,27,5.50,0.50u,2,drop_at_50mA,0.155052,0.05,3.10104,6.20207,5.34495
pfet_05v0,typical,27,5.50,0.50u,2,drop_at_100mA,0.320604,0.1,3.20604,6.41208,5.1794
pfet_05v0,typical,27,5.50,0.50u,2,rlin_at_50mV,0.05,0.0164651,3.03674,6.07347,5.45
pfet_05v0,typical,27,5.50,0.50u,4,drop_at_50mA,0.076317,0.05,1.52634,6.10536,5.42368
pfet_05v0,typical,27,5.50,0.50u,4,drop_at_100mA,0.155052,0.1,1.55052,6.20207,5.34495
pfet_05v0,typical,27,5.50,0.50u,4,rlin_at_50mV,0.05,0.0329301,1.51837,6.07347,5.45
pfet_05v0,typical,27,5.50,0.50u,8,drop_at_50mA,0.0378678,0.05,0.757355,6.05884,5.46213
pfet_05v0,typical,27,5.50,0.50u,8,drop_at_100mA,0.076317,0.1,0.76317,6.10536,5.42368
pfet_05v0,typical,27,5.50,0.50u,8,rlin_at_50mV,0.05,0.0658602,0.759184,6.07347,5.45
pfet_05v0,typical,27,5.50,0.50u,16,drop_at_50mA,0.0188626,0.05,0.377251,6.03602,5.48114
pfet_05v0,typical,27,5.50,0.50u,16,drop_at_100mA,0.0378678,0.1,0.378678,6.05884,5.46213
pfet_05v0,typical,27,5.50,0.50u,16,rlin_at_50mV,0.05,0.13172,0.379592,6.07347,5.45
pfet_05v0,typical,27,5.50,0.60u,1,drop_at_50mA,0.388134,0.05,7.76267,7.76267,5.11187
pfet_05v0,typical,27,5.50,0.60u,1,drop_at_100mA,0.851562,0.1,8.51562,8.51562,4.64844
pfet_05v0,typical,27,5.50,0.60u,1,rlin_at_50mV,0.05,0.00687589,7.27179,7.27179,5.45
pfet_05v0,typical,27,5.50,0.60u,2,drop_at_50mA,0.186618,0.05,3.73236,7.46471,5.31338
pfet_05v0,typical,27,5.50,0.60u,2,drop_at_100mA,0.388134,0.1,3.88134,7.76267,5.11187
pfet_05v0,typical,27,5.50,0.60u,2,rlin_at_50mV,0.05,0.0137518,3.63589,7.27179,5.45
pfet_05v0,typical,27,5.50,0.60u,4,drop_at_50mA,0.0916227,0.05,1.83245,7.32982,5.40838
pfet_05v0,typical,27,5.50,0.60u,4,drop_at_100mA,0.186618,0.1,1.86618,7.46471,5.31338
pfet_05v0,typical,27,5.50,0.60u,4,rlin_at_50mV,0.05,0.0275036,1.81795,7.27179,5.45
pfet_05v0,typical,27,5.50,0.60u,8,drop_at_50mA,0.0454089,0.05,0.908178,7.26542,5.45459
pfet_05v0,typical,27,5.50,0.60u,8,drop_at_100mA,0.0916227,0.1,0.916227,7.32982,5.40838
pfet_05v0,typical,27,5.50,0.60u,8,rlin_at_50mV,0.05,0.0550071,0.908973,7.27179,5.45
pfet_05v0,typical,27,5.50,0.60u,16,drop_at_50mA,0.0226061,0.05,0.452121,7.23394,5.47739
pfet_05v0,typical,27,5.50,0.60u,16,drop_at_100mA,0.0454089,0.1,0.454089,7.26542,5.45459
pfet_05v0,typical,27,5.50,0.60u,16,rlin_at_50mV,0.05,0.110014,0.454487,7.27179,5.45
pfet_05v0,typical,27,5.50,1.00u,1,drop_at_50mA,0.680334,0.05,13.6067,13.6067,4.81967
pfet_05v0,typical,27,5.50,1.00u,1,drop_at_100mA,1.64939,0.1,16.4939,16.4939,3.85061
pfet_05v0,typical,27,5.50,1.00u,1,rlin_at_50mV,0.05,0.00411598,12.1478,12.1478,5.45
pfet_05v0,typical,27,5.50,1.00u,2,drop_at_50mA,0.31841,0.05,6.3682,12.7364,5.18159
pfet_05v0,typical,27,5.50,1.00u,2,drop_at_100mA,0.680334,0.1,6.80334,13.6067,4.81967
pfet_05v0,typical,27,5.50,1.00u,2,rlin_at_50mV,0.05,0.00823197,6.07388,12.1478,5.45
pfet_05v0,typical,27,5.50,1.00u,4,drop_at_50mA,0.154649,0.05,3.09298,12.3719,5.34535
pfet_05v0,typical,27,5.50,1.00u,4,drop_at_100mA,0.31841,0.1,3.1841,12.7364,5.18159
pfet_05v0,typical,27,5.50,1.00u,4,rlin_at_50mV,0.05,0.0164639,3.03694,12.1478,5.45
pfet_05v0,typical,27,5.50,1.00u,8,drop_at_50mA,0.0762714,0.05,1.52543,12.2034,5.42373
pfet_05v0,typical,27,5.50,1.00u,8,drop_at_100mA,0.154649,0.1,1.54649,12.3719,5.34535
pfet_05v0,typical,27,5.50,1.00u,8,rlin_at_50mV,0.05,0.0329279,1.51847,12.1478,5.45
pfet_05v0,typical,27,5.50,1.00u,16,drop_at_50mA,0.0378819,0.05,0.757639,12.1222,5.46212
pfet_05v0,typical,27,5.50,1.00u,16,drop_at_100mA,0.0762714,0.1,0.762714,12.2034,5.42373
pfet_05v0,typical,27,5.50,1.00u,16,rlin_at_50mV,0.05,0.0658558,0.759235,12.1478,5.45
pfet_05v0,typical,125,2.10,0.50u,1,drop_at_50mA,8.03706,0.05,160.741,160.741,-5.93706
pfet_05v0,typical,125,2.10,0.50u,1,drop_at_100mA,9.84053,0.1,98.4053,98.4053,-7.74053
pfet_05v0,typical,125,2.10,0.50u,1,rlin_at_50mV,0.05,0.00256177,19.5178,19.5178,2.05
pfet_05v0,typical,125,2.10,0.50u,2,drop_at_50mA,0.688376,0.05,13.7675,27.535,1.41162
pfet_05v0,typical,125,2.10,0.50u,2,drop_at_100mA,8.03706,0.1,80.3706,160.741,-5.93706
pfet_05v0,typical,125,2.10,0.50u,2,rlin_at_50mV,0.05,0.00512353,9.75889,19.5178,2.05
pfet_05v0,typical,125,2.10,0.50u,4,drop_at_50mA,0.272203,0.05,5.44406,21.7763,1.8278
pfet_05v0,typical,125,2.10,0.50u,4,drop_at_100mA,0.688376,0.1,6.88376,27.535,1.41162
pfet_05v0,typical,125,2.10,0.50u,4,rlin_at_50mV,0.05,0.0102471,4.87944,19.5178,2.05
pfet_05v0,typical,125,2.10,0.50u,8,drop_at_50mA,0.126544,0.05,2.53087,20.247,1.97346
pfet_05v0,typical,125,2.10,0.50u,8,drop_at_100mA,0.272203,0.1,2.72203,21.7763,1.8278
pfet_05v0,typical,125,2.10,0.50u,8,rlin_at_50mV,0.05,0.0204941,2.43972,19.5178,2.05
pfet_05v0,typical,125,2.10,0.50u,16,drop_at_50mA,0.0613209,0.05,1.22642,19.6227,2.03868
pfet_05v0,typical,125,2.10,0.50u,16,drop_at_100mA,0.126544,0.1,1.26544,20.247,1.97346
pfet_05v0,typical,125,2.10,0.50u,16,rlin_at_50mV,0.05,0.0409883,1.21986,19.5178,2.05
pfet_05v0,typical,125,2.10,0.60u,1,drop_at_50mA,8.95845,0.05,179.169,179.169,-6.85845
pfet_05v0,typical,125,2.10,0.60u,1,drop_at_100mA,10.4831,0.1,104.831,104.831,-8.38307
pfet_05v0,typical,125,2.10,0.60u,1,rlin_at_50mV,0.05,0.0020763,24.0812,24.0812,2.05
pfet_05v0,typical,125,2.10,0.60u,2,drop_at_50mA,1.57988,0.05,31.5976,63.1952,0.520119
pfet_05v0,typical,125,2.10,0.60u,2,drop_at_100mA,8.95845,0.1,89.5845,179.169,-6.85845
pfet_05v0,typical,125,2.10,0.60u,2,rlin_at_50mV,0.05,0.00415261,12.0406,24.0812,2.05
pfet_05v0,typical,125,2.10,0.60u,4,drop_at_50mA,0.351119,0.05,7.02237,28.0895,1.74888
pfet_05v0,typical,125,2.10,0.60u,4,drop_at_100mA,1.57988,0.1,15.7988,63.1952,0.520119
pfet_05v0,typical,125,2.10,0.60u,4,rlin_at_50mV,0.05,0.00830522,6.02031,24.0812,2.05
pfet_05v0,typical,125,2.10,0.60u,8,drop_at_50mA,0.158761,0.05,3.17523,25.4018,1.94124
pfet_05v0,typical,125,2.10,0.60u,8,drop_at_100mA,0.351119,0.1,3.51119,28.0895,1.74888
pfet_05v0,typical,125,2.10,0.60u,8,rlin_at_50mV,0.05,0.0166104,3.01016,24.0812,2.05
pfet_05v0,typical,125,2.10,0.60u,16,drop_at_50mA,0.0762123,0.05,1.52425,24.3879,2.02379
pfet_05v0,typical,125,2.10,0.60u,16,drop_at_100mA,0.158761,0.1,1.58761,25.4018,1.94124
pfet_05v0,typical,125,2.10,0.60u,16,rlin_at_50mV,0.05,0.0332209,1.50508,24.0812,2.05
pfet_05v0,typical,125,2.10,1.00u,1,drop_at_50mA,10.5339,0.05,210.679,210.679,-8.43395
pfet_05v0,typical,125,2.10,1.00u,1,drop_at_100mA,12.0228,0.1,120.228,120.228,-9.9228
pfet_05v0,typical,125,2.10,1.00u,1,rlin_at_50mV,0.05,0.00117103,42.6974,42.6974,2.05
pfet_05v0,typical,125,2.10,1.00u,2,drop_at_50mA,8.99535,0.05,179.907,359.814,-6.89535
pfet_05v0,typical,125,2.10,1.00u,2,drop_at_100mA,10.5339,0.1,105.339,210.679,-8.43395
pfet_05v0,typical,125,2.10,1.00u,2,rlin_at_50mV,0.05,0.00234207,21.3487,42.6974,2.05
pfet_05v0,typical,125,2.10,1.00u,4,drop_at_50mA,0.935104,0.05,18.7021,74.8083,1.1649
pfet_05v0,typical,125,2.10,1.00u,4,drop_at_100mA,8.99535,0.1,89.9535,359.814,-6.89535
pfet_05v0,typical,125,2.10,1.00u,4,rlin_at_50mV,0.05,0.00468413,10.6743,42.6974,2.05
pfet_05v0,typical,125,2.10,1.00u,8,drop_at_50mA,0.305449,0.05,6.10898,48.8718,1.79455
pfet_05v0,typical,125,2.10,1.00u,8,drop_at_100mA,0.935104,0.1,9.35104,74.8083,1.1649
pfet_05v0,typical,125,2.10,1.00u,8,rlin_at_50mV,0.05,0.00936826,5.33717,42.6974,2.05
pfet_05v0,typical,125,2.10,1.00u,16,drop_at_50mA,0.139647,0.05,2.79294,44.6871,1.96035
pfet_05v0,typical,125,2.10,1.00u,16,drop_at_100mA,0.305449,0.1,3.05449,48.8718,1.79455
pfet_05v0,typical,125,2.10,1.00u,16,rlin_at_50mV,0.05,0.0187365,2.66858,42.6974,2.05
pfet_05v0,typical,125,2.97,0.50u,1,drop_at_50mA,0.880248,0.05,17.605,17.605,2.08975
pfet_05v0,typical,125,2.97,0.50u,1,drop_at_100mA,8.35339,0.1,83.5339,83.5339,-5.38339
pfet_05v0,typical,125,2.97,0.50u,1,rlin_at_50mV,0.05,0.00377581,13.2422,13.2422,2.92
pfet_05v0,typical,125,2.97,0.50u,2,drop_at_50mA,0.366584,0.05,7.33168,14.6634,2.60342
pfet_05v0,typical,125,2.97,0.50u,2,drop_at_100mA,0.880248,0.1,8.80248,17.605,2.08975
pfet_05v0,typical,125,2.97,0.50u,2,rlin_at_50mV,0.05,0.00755162,6.62109,13.2422,2.92
pfet_05v0,typical,125,2.97,0.50u,4,drop_at_50mA,0.172016,0.05,3.44031,13.7613,2.79798
pfet_05v0,typical,125,2.97,0.50u,4,drop_at_100mA,0.366584,0.1,3.66584,14.6634,2.60342
pfet_05v0,typical,125,2.97,0.50u,4,rlin_at_50mV,0.05,0.0151032,3.31055,13.2422,2.92
pfet_05v0,typical,125,2.97,0.50u,8,drop_at_50mA,0.0836373,0.05,1.67275,13.382,2.88636
pfet_05v0,typical,125,2.97,0.50u,8,drop_at_100mA,0.172016,0.1,1.72016,13.7613,2.79798
pfet_05v0,typical,125,2.97,0.50u,8,rlin_at_50mV,0.05,0.0302065,1.65527,13.2422,2.92
pfet_05v0,typical,125,2.97,0.50u,16,drop_at_50mA,0.0412697,0.05,0.825395,13.2063,2.92873
pfet_05v0,typical,125,2.97,0.50u,16,drop_at_100mA,0.0836373,0.1,0.836373,13.382,2.88636
pfet_05v0,typical,125,2.97,0.50u,16,rlin_at_50mV,0.05,0.060413,0.827637,13.2422,2.92
pfet_05v0,typical,125,2.97,0.60u,1,drop_at_50mA,1.26151,0.05,25.2302,25.2302,1.70849
pfet_05v0,typical,125,2.97,0.60u,1,drop_at_100mA,9.2625,0.1,92.625,92.625,-6.2925
pfet_05v0,typical,125,2.97,0.60u,1,rlin_at_50mV,0.05,0.00309202,16.1707,16.1707,2.92
pfet_05v0,typical,125,2.97,0.60u,2,drop_at_50mA,0.462733,0.05,9.25466,18.5093,2.50727
pfet_05v0,typical,125,2.97,0.60u,2,drop_at_100mA,1.26151,0.1,12.6151,25.2302,1.70849
pfet_05v0,typical,125,2.97,0.60u,2,rlin_at_50mV,0.05,0.00618403,8.08534,16.1707,2.92
pfet_05v0,typical,125,2.97,0.60u,4,drop_at_50mA,0.212854,0.05,4.25707,17.0283,2.75715
pfet_05v0,typical,125,2.97,0.60u,4,drop_at_100mA,0.462733,0.1,4.62733,18.5093,2.50727
pfet_05v0,typical,125,2.97,0.60u,4,rlin_at_50mV,0.05,0.0123681,4.04267,16.1707,2.92
pfet_05v0,typical,125,2.97,0.60u,8,drop_at_50mA,0.102751,0.05,2.05501,16.4401,2.86725
pfet_05v0,typical,125,2.97,0.60u,8,drop_at_100mA,0.212854,0.1,2.12854,17.0283,2.75715
pfet_05v0,typical,125,2.97,0.60u,8,rlin_at_50mV,0.05,0.0247361,2.02134,16.1707,2.92
pfet_05v0,typical,125,2.97,0.60u,16,drop_at_50mA,0.0505419,0.05,1.01084,16.1734,2.91946
pfet_05v0,typical,125,2.97,0.60u,16,drop_at_100mA,0.102751,0.1,1.02751,16.4401,2.86725
pfet_05v0,typical,125,2.97,0.60u,16,rlin_at_50mV,0.05,0.0494722,1.01067,16.1707,2.92
pfet_05v0,typical,125,2.97,1.00u,1,drop_at_50mA,9.12676,0.05,182.535,182.535,-6.15676
pfet_05v0,typical,125,2.97,1.00u,1,drop_at_100mA,10.7794,0.1,107.794,107.794,-7.80937
pfet_05v0,typical,125,2.97,1.00u,1,rlin_at_50mV,0.05,0.00177973,28.0941,28.0941,2.92
pfet_05v0,typical,125,2.97,1.00u,2,drop_at_50mA,0.983039,0.05,19.6608,39.3216,1.98696
pfet_05v0,typical,125,2.97,1.00u,2,drop_at_100mA,9.12676,0.1,91.2676,182.535,-6.15676
pfet_05v0,typical,125,2.97,1.00u,2,rlin_at_50mV,0.05,0.00355946,14.0471,28.0941,2.92
pfet_05v0,typical,125,2.97,1.00u,4,drop_at_50mA,0.392997,0.05,7.85995,31.4398,2.577
pfet_05v0,typical,125,2.97,1.00u,4,drop_at_100mA,0.983039,0.1,9.83039,39.3216,1.98696
pfet_05v0,typical,125,2.97,1.00u,4,rlin_at_50mV,0.05,0.00711892,7.02354,28.0941,2.92
pfet_05v0,typical,125,2.97,1.00u,8,drop_at_50mA,0.183196,0.05,3.66391,29.3113,2.7868
pfet_05v0,typical,125,2.97,1.00u,8,drop_at_100mA,0.392997,0.1,3.92997,31.4398,2.577
pfet_05v0,typical,125,2.97,1.00u,8,rlin_at_50mV,0.05,0.0142378,3.51177,28.0941,2.92
pfet_05v0,typical,125,2.97,1.00u,16,drop_at_50mA,0.0888737,0.05,1.77747,28.4396,2.88113
pfet_05v0,typical,125,2.97,1.00u,16,drop_at_100mA,0.183196,0.1,1.83196,29.3113,2.7868
pfet_05v0,typical,125,2.97,1.00u,16,rlin_at_50mV,0.05,0.0284757,1.75588,28.0941,2.92
pfet_05v0,typical,125,3.30,0.50u,1,drop_at_50mA,0.73111,0.05,14.6222,14.6222,2.56889
pfet_05v0,typical,125,3.30,0.50u,1,drop_at_100mA,6.23871,0.1,62.3871,62.3871,-2.93871
pfet_05v0,typical,125,3.30,0.50u,1,rlin_at_50mV,0.05,0.00418349,11.9517,11.9517,3.25
pfet_05v0,typical,125,3.30,0.50u,2,drop_at_50mA,0.322887,0.05,6.45774,12.9155,2.97711
pfet_05v0,typical,125,3.30,0.50u,2,drop_at_100mA,0.73111,0.1,7.3111,14.6222,2.56889
pfet_05v0,typical,125,3.30,0.50u,2,rlin_at_50mV,0.05,0.00836698,5.97587,11.9517,3.25
pfet_05v0,typical,125,3.30,0.50u,4,drop_at_50mA,0.153798,0.05,3.07596,12.3038,3.1462
pfet_05v0,typical,125,3.30,0.50u,4,drop_at_100mA,0.322887,0.1,3.22887,12.9155,2.97711
pfet_05v0,typical,125,3.30,0.50u,4,rlin_at_50mV,0.05,0.016734,2.98793,11.9517,3.25
pfet_05v0,typical,125,3.30,0.50u,8,drop_at_50mA,0.0752235,0.05,1.50447,12.0358,3.22478
pfet_05v0,typical,125,3.30,0.50u,8,drop_at_100mA,0.153798,0.1,1.53798,12.3038,3.1462
pfet_05v0,typical,125,3.30,0.50u,8,rlin_at_50mV,0.05,0.0334679,1.49397,11.9517,3.25
pfet_05v0,typical,125,3.30,0.50u,16,drop_at_50mA,0.0372173,0.05,0.744345,11.9095,3.26278
pfet_05v0,typical,125,3.30,0.50u,16,drop_at_100mA,0.0752235,0.1,0.752235,12.0358,3.22478
pfet_05v0,typical,125,3.30,0.50u,16,rlin_at_50mV,0.05,0.0669359,0.746984,11.9517,3.25
pfet_05v0,typical,125,3.30,0.60u,1,drop_at_50mA,0.961156,0.05,19.2231,19.2231,2.33884
pfet_05v0,typical,125,3.30,0.60u,1,drop_at_100mA,8.73539,0.1,87.3539,87.3539,-5.43539
pfet_05v0,typical,125,3.30,0.60u,1,rlin_at_50mV,0.05,0.00343489,14.5565,14.5565,3.25
pfet_05v0,typical,125,3.30,0.60u,2,drop_at_50mA,0.402563,0.05,8.05126,16.1025,2.89744
pfet_05v0,typical,125,3.30,0.60u,2,drop_at_100mA,0.961156,0.1,9.61156,19.2231,2.33884
pfet_05v0,typical,125,3.30,0.60u,2,rlin_at_50mV,0.05,0.00686978,7.27825,14.5565,3.25
pfet_05v0,typical,125,3.30,0.60u,4,drop_at_50mA,0.189188,0.05,3.78376,15.1351,3.11081
pfet_05v0,typical,125,3.30,0.60u,4,drop_at_100mA,0.402563,0.1,4.02563,16.1025,2.89744
pfet_05v0,typical,125,3.30,0.60u,4,rlin_at_50mV,0.05,0.0137396,3.63913,14.5565,3.25
pfet_05v0,typical,125,3.30,0.60u,8,drop_at_50mA,0.0920451,0.05,1.8409,14.7272,3.20795
pfet_05v0,typical,125,3.30,0.60u,8,drop_at_100mA,0.189188,0.1,1.89188,15.1351,3.11081
pfet_05v0,typical,125,3.30,0.60u,8,rlin_at_50mV,0.05,0.0274791,1.81956,14.5565,3.25
pfet_05v0,typical,125,3.30,0.60u,16,drop_at_50mA,0.0454318,0.05,0.908635,14.5382,3.25457
pfet_05v0,typical,125,3.30,0.60u,16,drop_at_100mA,0.0920451,0.1,0.920451,14.7272,3.20795
pfet_05v0,typical,125,3.30,0.60u,16,rlin_at_50mV,0.05,0.0549582,0.909782,14.5565,3.25
pfet_05v0,typical,125,3.30,1.00u,1,drop_at_50mA,8.42753,0.05,168.551,168.551,-5.12753
pfet_05v0,typical,125,3.30,1.00u,1,drop_at_100mA,10.4952,0.1,104.952,104.952,-7.19524
pfet_05v0,typical,125,3.30,1.00u,1,rlin_at_50mV,0.05,0.00198753,25.1568,25.1568,3.25
pfet_05v0,typical,125,3.30,1.00u,2,drop_at_50mA,0.784852,0.05,15.697,31.3941,2.51515
pfet_05v0,typical,125,3.30,1.00u,2,drop_at_100mA,8.42753,0.1,84.2753,168.551,-5.12753
pfet_05v0,typical,125,3.30,1.00u,2,rlin_at_50mV,0.05,0.00397506,12.5784,25.1568,3.25
pfet_05v0,typical,125,3.30,1.00u,4,drop_at_50mA,0.341675,0.05,6.8335,27.334,2.95833
pfet_05v0,typical,125,3.30,1.00u,4,drop_at_100mA,0.784852,0.1,7.84852,31.3941,2.51515
pfet_05v0,typical,125,3.30,1.00u,4,rlin_at_50mV,0.05,0.00795012,6.28921,25.1568,3.25
pfet_05v0,typical,125,3.30,1.00u,8,drop_at_50mA,0.162222,0.05,3.24444,25.9555,3.13778
pfet_05v0,typical,125,3.30,1.00u,8,drop_at_100mA,0.341675,0.1,3.41675,27.334,2.95833
pfet_05v0,typical,125,3.30,1.00u,8,rlin_at_50mV,0.05,0.0159002,3.14461,25.1568,3.25
pfet_05v0,typical,125,3.30,1.00u,16,drop_at_50mA,0.079252,0.05,1.58504,25.3606,3.22075
pfet_05v0,typical,125,3.30,1.00u,16,drop_at_100mA,0.162222,0.1,1.62222,25.9555,3.13778
pfet_05v0,typical,125,3.30,1.00u,16,rlin_at_50mV,0.05,0.0318005,1.5723,25.1568,3.25
pfet_05v0,typical,125,3.63,0.50u,1,drop_at_50mA,0.639019,0.05,12.7804,12.7804,2.99098
pfet_05v0,typical,125,3.63,0.50u,1,drop_at_100mA,1.91391,0.1,19.1391,19.1391,1.71609
pfet_05v0,typical,125,3.63,0.50u,1,rlin_at_50mV,0.05,0.00456783,10.9461,10.9461,3.58
pfet_05v0,typical,125,3.63,0.50u,2,drop_at_50mA,0.291025,0.05,5.82051,11.641,3.33897
pfet_05v0,typical,125,3.63,0.50u,2,drop_at_100mA,0.639019,0.1,6.39019,12.7804,2.99098
pfet_05v0,typical,125,3.63,0.50u,2,rlin_at_50mV,0.05,0.00913566,5.47306,10.9461,3.58
pfet_05v0,typical,125,3.63,0.50u,4,drop_at_50mA,0.139968,0.05,2.79935,11.1974,3.49003
pfet_05v0,typical,125,3.63,0.50u,4,drop_at_100mA,0.291025,0.1,2.91025,11.641,3.33897
pfet_05v0,typical,125,3.63,0.50u,4,rlin_at_50mV,0.05,0.0182713,2.73653,10.9461,3.58
pfet_05v0,typical,125,3.63,0.50u,8,drop_at_50mA,0.0687355,0.05,1.37471,10.9977,3.56126
pfet_05v0,typical,125,3.63,0.50u,8,drop_at_100mA,0.139968,0.1,1.39968,11.1974,3.49003
pfet_05v0,typical,125,3.63,0.50u,8,rlin_at_50mV,0.05,0.0365427,1.36826,10.9461,3.58
pfet_05v0,typical,125,3.63,0.50u,16,drop_at_50mA,0.0340705,0.05,0.681411,10.9026,3.59593
pfet_05v0,typical,125,3.63,0.50u,16,drop_at_100mA,0.0687355,0.1,0.687355,10.9977,3.56126
pfet_05v0,typical,125,3.63,0.50u,16,rlin_at_50mV,0.05,0.0730853,0.684132,10.9461,3.58
pfet_05v0,typical,125,3.63,0.60u,1,drop_at_50mA,0.816059,0.05,16.3212,16.3212,2.81394
pfet_05v0,typical,125,3.63,0.60u,1,drop_at_100mA,7.61204,0.1,76.1204,76.1204,-3.98204
pfet_05v0,typical,125,3.63,0.60u,1,rlin_at_50mV,0.05,0.0037589,13.3018,13.3018,3.58
pfet_05v0,typical,125,3.63,0.60u,2,drop_at_50mA,0.359963,0.05,7.19927,14.3985,3.27004
pfet_05v0,typical,125,3.63,0.60u,2,drop_at_100mA,0.816059,0.1,8.16059,16.3212,2.81394
pfet_05v0,typical,125,3.63,0.60u,2,rlin_at_50mV,0.05,0.00751779,6.65089,13.3018,3.58
pfet_05v0,typical,125,3.63,0.60u,4,drop_at_50mA,0.171425,0.05,3.4285,13.714,3.45858
pfet_05v0,typical,125,3.63,0.60u,4,drop_at_100mA,0.359963,0.1,3.59963,14.3985,3.27004
pfet_05v0,typical,125,3.63,0.60u,4,rlin_at_50mV,0.05,0.0150356,3.32544,13.3018,3.58
pfet_05v0,typical,125,3.63,0.60u,8,drop_at_50mA,0.0838408,0.05,1.67682,13.4145,3.54616
pfet_05v0,typical,125,3.63,0.60u,8,drop_at_100mA,0.171425,0.1,1.71425,13.714,3.45858
pfet_05v0,typical,125,3.63,0.60u,8,rlin_at_50mV,0.05,0.0300712,1.66272,13.3018,3.58
pfet_05v0,typical,125,3.63,0.60u,16,drop_at_50mA,0.0414801,0.05,0.829603,13.2736,3.58852
pfet_05v0,typical,125,3.63,0.60u,16,drop_at_100mA,0.0838408,0.1,0.838408,13.4145,3.54616
pfet_05v0,typical,125,3.63,0.60u,16,rlin_at_50mV,0.05,0.0601423,0.831361,13.3018,3.58
pfet_05v0,typical,125,3.63,1.00u,1,drop_at_50mA,3.41126,0.05,68.2251,68.2251,0.218743
pfet_05v0,typical,125,3.63,1.00u,1,drop_at_100mA,10.2448,0.1,102.448,102.448,-6.61479
pfet_05v0,typical,125,3.63,1.00u,1,rlin_at_50mV,0.05,0.0021849,22.8843,22.8843,3.58
pfet_05v0,typical,125,3.63,1.00u,2,drop_at_50mA,0.673942,0.05,13.4788,26.9577,2.95606
pfet_05v0,typical,125,3.63,1.00u,2,drop_at_100mA,3.41126,0.1,34.1126,68.2251,0.218743
pfet_05v0,typical,125,3.63,1.00u,2,rlin_at_50mV,0.05,0.0043698,11.4422,22.8843,3.58
pfet_05v0,typical,125,3.63,1.00u,4,drop_at_50mA,0.30505,0.05,6.101,24.404,3.32495
pfet_05v0,typical,125,3.63,1.00u,4,drop_at_100mA,0.673942,0.1,6.73942,26.9577,2.95606
pfet_05v0,typical,125,3.63,1.00u,4,rlin_at_50mV,0.05,0.0087396,5.72108,22.8843,3.58
pfet_05v0,typical,125,3.63,1.00u,8,drop_at_50mA,0.14649,0.05,2.92981,23.4384,3.48351
pfet_05v0,typical,125,3.63,1.00u,8,drop_at_100mA,0.30505,0.1,3.0505,24.404,3.32495
pfet_05v0,typical,125,3.63,1.00u,8,rlin_at_50mV,0.05,0.0174792,2.86054,22.8843,3.58
pfet_05v0,typical,125,3.63,1.00u,16,drop_at_50mA,0.0719,0.05,1.438,23.008,3.5581
pfet_05v0,typical,125,3.63,1.00u,16,drop_at_100mA,0.14649,0.1,1.4649,23.4384,3.48351
pfet_05v0,typical,125,3.63,1.00u,16,rlin_at_50mV,0.05,0.0349584,1.43027,22.8843,3.58
pfet_05v0,typical,125,4.50,0.50u,1,drop_at_50mA,0.499918,0.05,9.99836,9.99836,4.00008
pfet_05v0,typical,125,4.50,0.50u,1,drop_at_100mA,1.15709,0.1,11.5709,11.5709,3.34291
pfet_05v0,typical,125,4.50,0.50u,1,rlin_at_50mV,0.05,0.00548926,9.10869,9.10869,4.45
pfet_05v0,typical,125,4.50,0.50u,2,drop_at_50mA,0.236547,0.05,4.73093,9.46186,4.26345
pfet_05v0,typical,125,4.50,0.50u,2,drop_at_100mA,0.499918,0.1,4.99918,9.99836,4.00008
pfet_05v0,typical,125,4.50,0.50u,2,rlin_at_50mV,0.05,0.0109785,4.55435,9.10869,4.45
pfet_05v0,typical,125,4.50,0.50u,4,drop_at_50mA,0.115376,0.05,2.30752,9.23008,4.38462
pfet_05v0,typical,125,4.50,0.50u,4,drop_at_100mA,0.236547,0.1,2.36547,9.46186,4.26345
pfet_05v0,typical,125,4.50,0.50u,4,rlin_at_50mV,0.05,0.0219571,2.27717,9.10869,4.45
pfet_05v0,typical,125,4.50,0.50u,8,drop_at_50mA,0.0570099,0.05,1.1402,9.12159,4.44299
pfet_05v0,typical,125,4.50,0.50u,8,drop_at_100mA,0.115376,0.1,1.15376,9.23008,4.38462
pfet_05v0,typical,125,4.50,0.50u,8,rlin_at_50mV,0.05,0.0439141,1.13859,9.10869,4.45
pfet_05v0,typical,125,4.50,0.50u,16,drop_at_50mA,0.0283407,0.05,0.566814,9.06902,4.47166
pfet_05v0,typical,125,4.50,0.50u,16,drop_at_100mA,0.0570099,0.1,0.570099,9.12159,4.44299
pfet_05v0,typical,125,4.50,0.50u,16,rlin_at_50mV,0.05,0.0878282,0.569293,9.10869,4.45
pfet_05v0,typical,125,4.50,0.60u,1,drop_at_50mA,0.619483,0.05,12.3897,12.3897,3.88052
pfet_05v0,typical,125,4.50,0.60u,1,drop_at_100mA,1.52604,0.1,15.2604,15.2604,2.97396
pfet_05v0,typical,125,4.50,0.60u,1,rlin_at_50mV,0.05,0.00453848,11.0169,11.0169,4.45
pfet_05v0,typical,125,4.50,0.60u,2,drop_at_50mA,0.289026,0.05,5.78051,11.561,4.21097
pfet_05v0,typical,125,4.50,0.60u,2,drop_at_100mA,0.619483,0.1,6.19483,12.3897,3.88052
pfet_05v0,typical,125,4.50,0.60u,2,rlin_at_50mV,0.05,0.00907697,5.50845,11.0169,4.45
pfet_05v0,typical,125,4.50,0.60u,4,drop_at_50mA,0.140216,0.05,2.80431,11.2172,4.35978
pfet_05v0,typical,125,4.50,0.60u,4,drop_at_100mA,0.289026,0.1,2.89026,11.561,4.21097
pfet_05v0,typical,125,4.50,0.60u,4,rlin_at_50mV,0.05,0.0181539,2.75422,11.0169,4.45
pfet_05v0,typical,125,4.50,0.60u,8,drop_at_50mA,0.0691179,0.05,1.38236,11.0589,4.43088
pfet_05v0,typical,125,4.50,0.60u,8,drop_at_100mA,0.140216,0.1,1.40216,11.2172,4.35978
pfet_05v0,typical,125,4.50,0.60u,8,rlin_at_50mV,0.05,0.0363079,1.37711,11.0169,4.45
pfet_05v0,typical,125,4.50,0.60u,16,drop_at_50mA,0.0343208,0.05,0.686417,10.9827,4.46568
pfet_05v0,typical,125,4.50,0.60u,16,drop_at_100mA,0.0691179,0.1,0.691179,11.0589,4.43088
pfet_05v0,typical,125,4.50,0.60u,16,rlin_at_50mV,0.05,0.0726157,0.688556,11.0169,4.45
pfet_05v0,typical,125,4.50,1.00u,1,drop_at_50mA,1.19623,0.05,23.9246,23.9246,3.30377
pfet_05v0,typical,125,4.50,1.00u,1,drop_at_100mA,9.46642,0.1,94.6642,94.6642,-4.96642
pfet_05v0,typical,125,4.50,1.00u,1,rlin_at_50mV,0.05,0.00266355,18.772,18.772,4.45
pfet_05v0,typical,125,4.50,1.00u,2,drop_at_50mA,0.514926,0.05,10.2985,20.597,3.98507
pfet_05v0,typical,125,4.50,1.00u,2,drop_at_100mA,1.19623,0.1,11.9623,23.9246,3.30377
pfet_05v0,typical,125,4.50,1.00u,2,rlin_at_50mV,0.05,0.0053271,9.38598,18.772,4.45
pfet_05v0,typical,125,4.50,1.00u,4,drop_at_50mA,0.243697,0.05,4.87395,19.4958,4.2563
pfet_05v0,typical,125,4.50,1.00u,4,drop_at_100mA,0.514926,0.1,5.14926,20.597,3.98507
pfet_05v0,typical,125,4.50,1.00u,4,rlin_at_50mV,0.05,0.0106542,4.69299,18.772,4.45
pfet_05v0,typical,125,4.50,1.00u,8,drop_at_50mA,0.118899,0.05,2.37798,19.0239,4.3811
pfet_05v0,typical,125,4.50,1.00u,8,drop_at_100mA,0.243697,0.1,2.43697,19.4958,4.2563
pfet_05v0,typical,125,4.50,1.00u,8,rlin_at_50mV,0.05,0.0213084,2.34649,18.772,4.45
pfet_05v0,typical,125,4.50,1.00u,16,drop_at_50mA,0.0587614,0.05,1.17523,18.8037,4.44124
pfet_05v0,typical,125,4.50,1.00u,16,drop_at_100mA,0.118899,0.1,1.18899,19.0239,4.3811
pfet_05v0,typical,125,4.50,1.00u,16,rlin_at_50mV,0.05,0.0426168,1.17325,18.772,4.45
pfet_05v0,typical,125,5.00,0.50u,1,drop_at_50mA,0.451194,0.05,9.02388,9.02388,4.54881
pfet_05v0,typical,125,5.00,0.50u,1,drop_at_100mA,1.0058,0.1,10.058,10.058,3.9942
pfet_05v0,typical,125,5.00,0.50u,1,rlin_at_50mV,0.05,0.00597005,8.37514,8.37514,4.95
pfet_05v0,typical,125,5.00,0.50u,2,drop_at_50mA,0.21586,0.05,4.31719,8.63438,4.78414
pfet_05v0,typical,125,5.00,0.50u,2,drop_at_100mA,0.451194,0.1,4.51194,9.02388,4.54881
pfet_05v0,typical,125,5.00,0.50u,2,rlin_at_50mV,0.05,0.0119401,4.18757,8.37514,4.95
pfet_05v0,typical,125,5.00,0.50u,4,drop_at_50mA,0.105762,0.05,2.11524,8.46095,4.89424
pfet_05v0,typical,125,5.00,0.50u,4,drop_at_100mA,0.21586,0.1,2.1586,8.63438,4.78414
pfet_05v0,typical,125,5.00,0.50u,4,rlin_at_50mV,0.05,0.0238802,2.09378,8.37514,4.95
pfet_05v0,typical,125,5.00,0.50u,8,drop_at_50mA,0.0523672,0.05,1.04734,8.37875,4.94763
pfet_05v0,typical,125,5.00,0.50u,8,drop_at_100mA,0.105762,0.1,1.05762,8.46095,4.89424
pfet_05v0,typical,125,5.00,0.50u,8,rlin_at_50mV,0.05,0.0477604,1.04689,8.37514,4.95
pfet_05v0,typical,125,5.00,0.50u,16,drop_at_50mA,0.0260584,0.05,0.521169,8.3387,4.97394
pfet_05v0,typical,125,5.00,0.50u,16,drop_at_100mA,0.0523672,0.1,0.523672,8.37875,4.94763
pfet_05v0,typical,125,5.00,0.50u,16,rlin_at_50mV,0.05,0.0955208,0.523446,8.37514,4.95
pfet_05v0,typical,125,5.00,0.60u,1,drop_at_50mA,0.554515,0.05,11.0903,11.0903,4.44548
pfet_05v0,typical,125,5.00,0.60u,1,drop_at_100mA,1.28066,0.1,12.8066,12.8066,3.71934
pfet_05v0,typical,125,5.00,0.60u,1,rlin_at_50mV,0.05,0.00494671,10.1077,10.1077,4.95
pfet_05v0,typical,125,5.00,0.60u,2,drop_at_50mA,0.262599,0.05,5.25198,10.504,4.7374
pfet_05v0,typical,125,5.00,0.60u,2,drop_at_100mA,0.554515,0.1,5.54515,11.0903,4.44548
pfet_05v0,typical,125,5.00,0.60u,2,rlin_at_50mV,0.05,0.00989342,5.05386,10.1077,4.95
pfet_05v0,typical,125,5.00,0.60u,4,drop_at_50mA,0.128131,0.05,2.56263,10.2505,4.87187
pfet_05v0,typical,125,5.00,0.60u,4,drop_at_100mA,0.262599,0.1,2.62599,10.504,4.7374
pfet_05v0,typical,125,5.00,0.60u,4,rlin_at_50mV,0.05,0.0197868,2.52693,10.1077,4.95
pfet_05v0,typical,125,5.00,0.60u,8,drop_at_50mA,0.0633241,0.05,1.26648,10.1318,4.93668
pfet_05v0,typical,125,5.00,0.60u,8,drop_at_100mA,0.128131,0.1,1.28131,10.2505,4.87187
pfet_05v0,typical,125,5.00,0.60u,8,rlin_at_50mV,0.05,0.0395737,1.26347,10.1077,4.95
pfet_05v0,typical,125,5.00,0.60u,16,drop_at_50mA,0.0314823,0.05,0.629647,10.0744,4.96852
pfet_05v0,typical,125,5.00,0.60u,16,drop_at_100mA,0.0633241,0.1,0.633241,10.1318,4.93668
pfet_05v0,typical,125,5.00,0.60u,16,rlin_at_50mV,0.05,0.0791474,0.631733,10.1077,4.95
pfet_05v0,typical,125,5.00,1.00u,1,drop_at_50mA,1.0256,0.05,20.512,20.512,3.9744
pfet_05v0,typical,125,5.00,1.00u,1,drop_at_100mA,7.5234,0.1,75.234,75.234,-2.5234
pfet_05v0,typical,125,5.00,1.00u,1,rlin_at_50mV,0.05,0.00291616,17.1458,17.1458,4.95
pfet_05v0,typical,125,5.00,1.00u,2,drop_at_50mA,0.460864,0.05,9.21728,18.4346,4.53914
pfet_05v0,typical,125,5.00,1.00u,2,drop_at_100mA,1.0256,0.1,10.256,20.512,3.9744
pfet_05v0,typical,125,5.00,1.00u,2,rlin_at_50mV,0.05,0.00583232,8.57291,17.1458,4.95
pfet_05v0,typical,125,5.00,1.00u,4,drop_at_50mA,0.22077,0.05,4.4154,17.6616,4.77923
pfet_05v0,typical,125,5.00,1.00u,4,drop_at_100mA,0.460864,0.1,4.60864,18.4346,4.53914
pfet_05v0,typical,125,5.00,1.00u,4,rlin_at_50mV,0.05,0.0116646,4.28646,17.1458,4.95
pfet_05v0,typical,125,5.00,1.00u,8,drop_at_50mA,0.108242,0.05,2.16484,17.3187,4.89176
pfet_05v0,typical,125,5.00,1.00u,8,drop_at_100mA,0.22077,0.1,2.2077,17.6616,4.77923
pfet_05v0,typical,125,5.00,1.00u,8,rlin_at_50mV,0.05,0.0233293,2.14323,17.1458,4.95
pfet_05v0,typical,125,5.00,1.00u,16,drop_at_50mA,0.0536139,0.05,1.07228,17.1565,4.94639
pfet_05v0,typical,125,5.00,1.00u,16,drop_at_100mA,0.108242,0.1,1.08242,17.3187,4.89176
pfet_05v0,typical,125,5.00,1.00u,16,rlin_at_50mV,0.05,0.0466586,1.07161,17.1458,4.95
pfet_05v0,typical,125,5.50,0.50u,1,drop_at_50mA,0.414015,0.05,8.2803,8.2803,5.08599
pfet_05v0,typical,125,5.50,0.50u,1,drop_at_100mA,0.902324,0.1,9.02324,9.02324,4.59768
pfet_05v0,typical,125,5.50,0.50u,1,rlin_at_50mV,0.05,0.00642242,7.78523,7.78523,5.45
pfet_05v0,typical,125,5.50,0.50u,2,drop_at_50mA,0.199578,0.05,3.99156,7.98312,5.30042
pfet_05v0,typical,125,5.50,0.50u,2,drop_at_100mA,0.414015,0.1,4.14015,8.2803,5.08599
pfet_05v0,typical,125,5.50,0.50u,2,rlin_at_50mV,0.05,0.0128448,3.89261,7.78523,5.45
pfet_05v0,typical,125,5.50,0.50u,4,drop_at_50mA,0.0981007,0.05,1.96201,7.84806,5.4019
pfet_05v0,typical,125,5.50,0.50u,4,drop_at_100mA,0.199578,0.1,1.99578,7.98312,5.30042
pfet_05v0,typical,125,5.50,0.50u,4,rlin_at_50mV,0.05,0.0256897,1.94631,7.78523,5.45
pfet_05v0,typical,125,5.50,0.50u,8,drop_at_50mA,0.0486467,0.05,0.972934,7.78347,5.45135
pfet_05v0,typical,125,5.50,0.50u,8,drop_at_100mA,0.0981007,0.1,0.981007,7.84806,5.4019
pfet_05v0,typical,125,5.50,0.50u,8,rlin_at_50mV,0.05,0.0513793,0.973154,7.78523,5.45
pfet_05v0,typical,125,5.50,0.50u,16,drop_at_50mA,0.0242246,0.05,0.484492,7.75187,5.47578
pfet_05v0,typical,125,5.50,0.50u,16,drop_at_100mA,0.0486467,0.1,0.486467,7.78347,5.45135
pfet_05v0,typical,125,5.50,0.50u,16,rlin_at_50mV,0.05,0.102759,0.486577,7.78523,5.45
pfet_05v0,typical,125,5.50,0.60u,1,drop_at_50mA,0.50589,0.05,10.1178,10.1178,4.99411
pfet_05v0,typical,125,5.50,0.60u,1,drop_at_100mA,1.12915,0.1,11.2915,11.2915,4.37085
pfet_05v0,typical,125,5.50,0.60u,1,rlin_at_50mV,0.05,0.00533165,9.37797,9.37797,5.45
pfet_05v0,typical,125,5.50,0.60u,2,drop_at_50mA,0.241967,0.05,4.83935,9.67869,5.25803
pfet_05v0,typical,125,5.50,0.60u,2,drop_at_100mA,0.50589,0.1,5.0589,10.1178,4.99411
pfet_05v0,typical,125,5.50,0.60u,2,rlin_at_50mV,0.05,0.0106633,4.68898,9.37797,5.45
pfet_05v0,typical,125,5.50,0.60u,4,drop_at_50mA,0.118545,0.05,2.37091,9.48363,5.38145
pfet_05v0,typical,125,5.50,0.60u,4,drop_at_100mA,0.241967,0.1,2.41967,9.67869,5.25803
pfet_05v0,typical,125,5.50,0.60u,4,rlin_at_50mV,0.05,0.0213266,2.34449,9.37797,5.45
pfet_05v0,typical,125,5.50,0.60u,8,drop_at_50mA,0.0586954,0.05,1.17391,9.39127,5.4413
pfet_05v0,typical,125,5.50,0.60u,8,drop_at_100mA,0.118545,0.1,1.18545,9.48363,5.38145
pfet_05v0,typical,125,5.50,0.60u,8,rlin_at_50mV,0.05,0.0426532,1.17225,9.37797,5.45
pfet_05v0,typical,125,5.50,0.60u,16,drop_at_50mA,0.0292071,0.05,0.584142,9.34628,5.47079
pfet_05v0,typical,125,5.50,0.60u,16,drop_at_100mA,0.0586954,0.1,0.586954,9.39127,5.4413
pfet_05v0,typical,125,5.50,0.60u,16,rlin_at_50mV,0.05,0.0853063,0.586123,9.37797,5.45
pfet_05v0,typical,125,5.50,1.00u,1,drop_at_50mA,0.912099,0.05,18.242,18.242,4.5879
pfet_05v0,typical,125,5.50,1.00u,1,drop_at_100mA,2.46294,0.1,24.6294,24.6294,3.03706
pfet_05v0,typical,125,5.50,1.00u,1,rlin_at_50mV,0.05,0.00315552,15.8453,15.8453,5.45
pfet_05v0,typical,125,5.50,1.00u,2,drop_at_50mA,0.420056,0.05,8.40111,16.8022,5.07994
pfet_05v0,typical,125,5.50,1.00u,2,drop_at_100mA,0.912099,0.1,9.12099,18.242,4.5879
pfet_05v0,typical,125,5.50,1.00u,2,rlin_at_50mV,0.05,0.00631103,7.92263,15.8453,5.45
pfet_05v0,typical,125,5.50,1.00u,4,drop_at_50mA,0.202859,0.05,4.05719,16.2287,5.29714
pfet_05v0,typical,125,5.50,1.00u,4,drop_at_100mA,0.420056,0.1,4.20056,16.8022,5.07994
pfet_05v0,typical,125,5.50,1.00u,4,rlin_at_50mV,0.05,0.0126221,3.96132,15.8453,5.45
pfet_05v0,typical,125,5.50,1.00u,8,drop_at_50mA,0.0998029,0.05,1.99606,15.9685,5.4002
pfet_05v0,typical,125,5.50,1.00u,8,drop_at_100mA,0.202859,0.1,2.02859,16.2287,5.29714
pfet_05v0,typical,125,5.50,1.00u,8,rlin_at_50mV,0.05,0.0252441,1.98066,15.8453,5.45
pfet_05v0,typical,125,5.50,1.00u,16,drop_at_50mA,0.0495127,0.05,0.990254,15.8441,5.45049
pfet_05v0,typical,125,5.50,1.00u,16,drop_at_100mA,0.0998029,0.1,0.998029,15.9685,5.4002
pfet_05v0,typical,125,5.50,1.00u,16,rlin_at_50mV,0.05,0.0504883,0.990329,15.8453,5.45
pfet_05v0,ff,-40,2.10,0.50u,1,drop_at_50mA,0.735185,0.05,14.7037,14.7037,1.36482
pfet_05v0,ff,-40,2.10,0.50u,1,drop_at_100mA,8.16011,0.1,81.6011,81.6011,-6.06011
pfet_05v0,ff,-40,2.10,0.50u,1,rlin_at_50mV,0.05,0.00555738,8.99704,8.99704,2.05
pfet_05v0,ff,-40,2.10,0.50u,2,drop_at_50mA,0.257796,0.05,5.15593,10.3119,1.8422
pfet_05v0,ff,-40,2.10,0.50u,2,drop_at_100mA,0.735185,0.1,7.35185,14.7037,1.36482
pfet_05v0,ff,-40,2.10,0.50u,2,rlin_at_50mV,0.05,0.0111148,4.49852,8.99704,2.05
pfet_05v0,ff,-40,2.10,0.50u,4,drop_at_50mA,0.117443,0.05,2.34885,9.39541,1.98256
pfet_05v0,ff,-40,2.10,0.50u,4,drop_at_100mA,0.257796,0.1,2.57796,10.3119,1.8422
pfet_05v0,ff,-40,2.10,0.50u,4,rlin_at_50mV,0.05,0.0222295,2.24926,8.99704,2.05
pfet_05v0,ff,-40,2.10,0.50u,8,drop_at_50mA,0.0564634,0.05,1.12927,9.03415,2.04354
pfet_05v0,ff,-40,2.10,0.50u,8,drop_at_100mA,0.117443,0.1,1.17443,9.39541,1.98256
pfet_05v0,ff,-40,2.10,0.50u,8,rlin_at_50mV,0.05,0.044459,1.12463,8.99704,2.05
pfet_05v0,ff,-40,2.10,0.50u,16,drop_at_50mA,0.0277213,0.05,0.554426,8.87082,2.07228
pfet_05v0,ff,-40,2.10,0.50u,16,drop_at_100mA,0.0564634,0.1,0.564634,9.03415,2.04354
pfet_05v0,ff,-40,2.10,0.50u,16,rlin_at_50mV,0.05,0.0889181,0.562315,8.99704,2.05
pfet_05v0,ff,-40,2.10,0.60u,1,drop_at_50mA,4.35006,0.05,87.0011,87.0011,-2.25006
pfet_05v0,ff,-40,2.10,0.60u,1,drop_at_100mA,9.00956,0.1,90.0956,90.0956,-6.90956
pfet_05v0,ff,-40,2.10,0.60u,1,rlin_at_50mV,0.05,0.00440969,11.3387,11.3387,2.05
pfet_05v0,ff,-40,2.10,0.60u,2,drop_at_50mA,0.343636,0.05,6.87272,13.7454,1.75636
pfet_05v0,ff,-40,2.10,0.60u,2,drop_at_100mA,4.35006,0.1,43.5006,87.0011,-2.25006
pfet_05v0,ff,-40,2.10,0.60u,2,rlin_at_50mV,0.05,0.00881939,5.66933,11.3387,2.05
pfet_05v0,ff,-40,2.10,0.60u,4,drop_at_50mA,0.151083,0.05,3.02166,12.0866,1.94892
pfet_05v0,ff,-40,2.10,0.60u,4,drop_at_100mA,0.343636,0.1,3.43636,13.7454,1.75636
pfet_05v0,ff,-40,2.10,0.60u,4,rlin_at_50mV,0.05,0.0176388,2.83466,11.3387,2.05
pfet_05v0,ff,-40,2.10,0.60u,8,drop_at_50mA,0.0718376,0.05,1.43675,11.494,2.02816
pfet_05v0,ff,-40,2.10,0.60u,8,drop_at_100mA,0.151083,0.1,1.51083,12.0866,1.94892
pfet_05v0,ff,-40,2.10,0.60u,8,rlin_at_50mV,0.05,0.0352776,1.41733,11.3387,2.05
pfet_05v0,ff,-40,2.10,0.60u,16,drop_at_50mA,0.035108,0.05,0.70216,11.2346,2.06489
pfet_05v0,ff,-40,2.10,0.60u,16,drop_at_100mA,0.0718376,0.1,0.718376,11.494,2.02816
pfet_05v0,ff,-40,2.10,0.60u,16,rlin_at_50mV,0.05,0.0705551,0.708666,11.3387,2.05
pfet_05v0,ff,-40,2.10,1.00u,1,drop_at_50mA,9.11217,0.05,182.243,182.243,-7.01217
pfet_05v0,ff,-40,2.10,1.00u,1,drop_at_100mA,10.6117,0.1,106.117,106.117,-8.51173
pfet_05v0,ff,-40,2.10,1.00u,1,rlin_at_50mV,0.05,0.00238668,20.9496,20.9496,2.05
pfet_05v0,ff,-40,2.10,1.00u,2,drop_at_50mA,3.80261,0.05,76.0522,152.104,-1.70261
pfet_05v0,ff,-40,2.10,1.00u,2,drop_at_100mA,9.11217,0.1,91.1217,182.243,-7.01217
pfet_05v0,ff,-40,2.10,1.00u,2,rlin_at_50mV,0.05,0.00477336,10.4748,20.9496,2.05
pfet_05v0,ff,-40,2.10,1.00u,4,drop_at_50mA,0.308707,0.05,6.17414,24.6965,1.79129
pfet_05v0,ff,-40,2.10,1.00u,4,drop_at_100mA,3.80261,0.1,38.0261,152.104,-1.70261
pfet_05v0,ff,-40,2.10,1.00u,4,rlin_at_50mV,0.05,0.00954673,5.2374,20.9496,2.05
pfet_05v0,ff,-40,2.10,1.00u,8,drop_at_50mA,0.138171,0.05,2.76342,22.1074,1.96183
pfet_05v0,ff,-40,2.10,1.00u,8,drop_at_100mA,0.308707,0.1,3.08707,24.6965,1.79129
pfet_05v0,ff,-40,2.10,1.00u,8,rlin_at_50mV,0.05,0.0190935,2.6187,20.9496,2.05
pfet_05v0,ff,-40,2.10,1.00u,16,drop_at_50mA,0.0661032,0.05,1.32206,21.153,2.0339
pfet_05v0,ff,-40,2.10,1.00u,16,drop_at_100mA,0.138171,0.1,1.38171,22.1074,1.96183
pfet_05v0,ff,-40,2.10,1.00u,16,rlin_at_50mV,0.05,0.0381869,1.30935,20.9496,2.05
pfet_05v0,ff,-40,2.97,0.50u,1,drop_at_50mA,0.356924,0.05,7.13849,7.13849,2.61308
pfet_05v0,ff,-40,2.97,0.50u,1,drop_at_100mA,0.937232,0.1,9.37232,9.37232,2.03277
pfet_05v0,ff,-40,2.97,0.50u,1,rlin_at_50mV,0.05,0.00800603,6.24529,6.24529,2.92
pfet_05v0,ff,-40,2.97,0.50u,2,drop_at_50mA,0.16397,0.05,3.27939,6.55878,2.80603
pfet_05v0,ff,-40,2.97,0.50u,2,drop_at_100mA,0.356924,0.1,3.56924,7.13849,2.61308
pfet_05v0,ff,-40,2.97,0.50u,2,rlin_at_50mV,0.05,0.0160121,3.12265,6.24529,2.92
pfet_05v0,ff,-40,2.97,0.50u,4,drop_at_50mA,0.0790411,0.05,1.58082,6.32329,2.89096
pfet_05v0,ff,-40,2.97,0.50u,4,drop_at_100mA,0.16397,0.1,1.6397,6.55878,2.80603
pfet_05v0,ff,-40,2.97,0.50u,4,rlin_at_50mV,0.05,0.0320241,1.56132,6.24529,2.92
pfet_05v0,ff,-40,2.97,0.50u,8,drop_at_50mA,0.0388479,0.05,0.776959,6.21567,2.93115
pfet_05v0,ff,-40,2.97,0.50u,8,drop_at_100mA,0.0790411,0.1,0.790411,6.32329,2.89096
pfet_05v0,ff,-40,2.97,0.50u,8,rlin_at_50mV,0.05,0.0640483,0.780661,6.24529,2.92
pfet_05v0,ff,-40,2.97,0.50u,16,drop_at_50mA,0.0192628,0.05,0.385255,6.16408,2.95074
pfet_05v0,ff,-40,2.97,0.50u,16,drop_at_100mA,0.0388479,0.1,0.388479,6.21567,2.93115
pfet_05v0,ff,-40,2.97,0.50u,16,rlin_at_50mV,0.05,0.128097,0.390331,6.24529,2.92
pfet_05v0,ff,-40,2.97,0.60u,1,drop_at_50mA,0.459726,0.05,9.19451,9.19451,2.51027
pfet_05v0,ff,-40,2.97,0.60u,1,drop_at_100mA,1.85471,0.1,18.5471,18.5471,1.11529
pfet_05v0,ff,-40,2.97,0.60u,1,rlin_at_50mV,0.05,0.00646791,7.73048,7.73048,2.92
pfet_05v0,ff,-40,2.97,0.60u,2,drop_at_50mA,0.206151,0.05,4.12301,8.24602,2.76385
pfet_05v0,ff,-40,2.97,0.60u,2,drop_at_100mA,0.459726,0.1,4.59726,9.19451,2.51027
pfet_05v0,ff,-40,2.97,0.60u,2,rlin_at_50mV,0.05,0.0129358,3.86524,7.73048,2.92
pfet_05v0,ff,-40,2.97,0.60u,4,drop_at_50mA,0.0985729,0.05,1.97146,7.88583,2.87143
pfet_05v0,ff,-40,2.97,0.60u,4,drop_at_100mA,0.206151,0.1,2.06151,8.24602,2.76385
pfet_05v0,ff,-40,2.97,0.60u,4,rlin_at_50mV,0.05,0.0258716,1.93262,7.73048,2.92
pfet_05v0,ff,-40,2.97,0.60u,8,drop_at_50mA,0.0482816,0.05,0.965632,7.72506,2.92172
pfet_05v0,ff,-40,2.97,0.60u,8,drop_at_100mA,0.0985729,0.1,0.985729,7.88583,2.87143
pfet_05v0,ff,-40,2.97,0.60u,8,rlin_at_50mV,0.05,0.0517433,0.96631,7.73048,2.92
pfet_05v0,ff,-40,2.97,0.60u,16,drop_at_50mA,0.0239024,0.05,0.478049,7.64878,2.9461
pfet_05v0,ff,-40,2.97,0.60u,16,drop_at_100mA,0.0482816,0.1,0.482816,7.72506,2.92172
pfet_05v0,ff,-40,2.97,0.60u,16,rlin_at_50mV,0.05,0.103487,0.483155,7.73048,2.92
pfet_05v0,ff,-40,2.97,1.00u,1,drop_at_50mA,1.08083,0.05,21.6166,21.6166,1.88917
pfet_05v0,ff,-40,2.97,1.00u,1,drop_at_100mA,9.20722,0.1,92.0722,92.0722,-6.23722
pfet_05v0,ff,-40,2.97,1.00u,1,rlin_at_50mV,0.05,0.00362093,13.8086,13.8086,2.92
pfet_05v0,ff,-40,2.97,1.00u,2,drop_at_50mA,0.395186,0.05,7.90372,15.8074,2.57481
pfet_05v0,ff,-40,2.97,1.00u,2,drop_at_100mA,1.08083,0.1,10.8083,21.6166,1.88917
pfet_05v0,ff,-40,2.97,1.00u,2,rlin_at_50mV,0.05,0.00724186,6.90431,13.8086,2.92
pfet_05v0,ff,-40,2.97,1.00u,4,drop_at_50mA,0.181472,0.05,3.62943,14.5177,2.78853
pfet_05v0,ff,-40,2.97,1.00u,4,drop_at_100mA,0.395186,0.1,3.95186,15.8074,2.57481
pfet_05v0,ff,-40,2.97,1.00u,4,rlin_at_50mV,0.05,0.0144837,3.45215,13.8086,2.92
pfet_05v0,ff,-40,2.97,1.00u,8,drop_at_50mA,0.0875321,0.05,1.75064,14.0051,2.88247
pfet_05v0,ff,-40,2.97,1.00u,8,drop_at_100mA,0.181472,0.1,1.81472,14.5177,2.78853
pfet_05v0,ff,-40,2.97,1.00u,8,rlin_at_50mV,0.05,0.0289674,1.72608,13.8086,2.92
pfet_05v0,ff,-40,2.97,1.00u,16,drop_at_50mA,0.0430396,0.05,0.860792,13.7727,2.92696
pfet_05v0,ff,-40,2.97,1.00u,16,drop_at_100mA,0.0875321,0.1,0.875321,14.0051,2.88247
pfet_05v0,ff,-40,2.97,1.00u,16,rlin_at_50mV,0.05,0.0579349,0.863038,13.8086,2.92
pfet_05v0,ff,-40,3.30,0.50u,1,drop_at_50mA,0.316652,0.05,6.33304,6.33304,2.98335
pfet_05v0,ff,-40,3.30,0.50u,1,drop_at_100mA,0.756988,0.1,7.56988,7.56988,2.54301
pfet_05v0,ff,-40,3.30,0.50u,1,rlin_at_50mV,0.05,0.00875574,5.71054,5.71054,3.25
pfet_05v0,ff,-40,3.30,0.50u,2,drop_at_50mA,0.148262,0.05,2.96524,5.93048,3.15174
pfet_05v0,ff,-40,3.30,0.50u,2,drop_at_100mA,0.316652,0.1,3.16652,6.33304,2.98335
pfet_05v0,ff,-40,3.30,0.50u,2,rlin_at_50mV,0.05,0.0175115,2.85527,5.71054,3.25
pfet_05v0,ff,-40,3.30,0.50u,4,drop_at_50mA,0.0719856,0.05,1.43971,5.75885,3.22801
pfet_05v0,ff,-40,3.30,0.50u,4,drop_at_100mA,0.148262,0.1,1.48262,5.93048,3.15174
pfet_05v0,ff,-40,3.30,0.50u,4,rlin_at_50mV,0.05,0.035023,1.42763,5.71054,3.25
pfet_05v0,ff,-40,3.30,0.50u,8,drop_at_50mA,0.0354934,0.05,0.709867,5.67894,3.26451
pfet_05v0,ff,-40,3.30,0.50u,8,drop_at_100mA,0.0719856,0.1,0.719856,5.75885,3.22801
pfet_05v0,ff,-40,3.30,0.50u,8,rlin_at_50mV,0.05,0.0700459,0.713817,5.71054,3.25
pfet_05v0,ff,-40,3.30,0.50u,16,drop_at_50mA,0.017626,0.05,0.35252,5.64032,3.28237
pfet_05v0,ff,-40,3.30,0.50u,16,drop_at_100mA,0.0354934,0.1,0.354934,5.67894,3.26451
pfet_05v0,ff,-40,3.30,0.50u,16,rlin_at_50mV,0.05,0.140092,0.356909,5.71054,3.25
pfet_05v0,ff,-40,3.30,0.60u,1,drop_at_50mA,0.401057,0.05,8.02113,8.02113,2.89894
pfet_05v0,ff,-40,3.30,0.60u,1,drop_at_100mA,1.03989,0.1,10.3989,10.3989,2.26011
pfet_05v0,ff,-40,3.30,0.60u,1,rlin_at_50mV,0.05,0.00710684,7.03547,7.03547,3.25
pfet_05v0,ff,-40,3.30,0.60u,2,drop_at_50mA,0.184825,0.05,3.6965,7.39299,3.11518
pfet_05v0,ff,-40,3.30,0.60u,2,drop_at_100mA,0.401057,0.1,4.01057,8.02113,2.89894
pfet_05v0,ff,-40,3.30,0.60u,2,rlin_at_50mV,0.05,0.0142137,3.51774,7.03547,3.25
pfet_05v0,ff,-40,3.30,0.60u,4,drop_at_50mA,0.089212,0.05,1.78424,7.13696,3.21079
pfet_05v0,ff,-40,3.30,0.60u,4,drop_at_100mA,0.184825,0.1,1.84825,7.39299,3.11518
pfet_05v0,ff,-40,3.30,0.60u,4,rlin_at_50mV,0.05,0.0284274,1.75887,7.03547,3.25
pfet_05v0,ff,-40,3.30,0.60u,8,drop_at_50mA,0.0438737,0.05,0.877474,7.01979,3.25613
pfet_05v0,ff,-40,3.30,0.60u,8,drop_at_100mA,0.089212,0.1,0.89212,7.13696,3.21079
pfet_05v0,ff,-40,3.30,0.60u,8,rlin_at_50mV,0.05,0.0568548,0.879434,7.03547,3.25
pfet_05v0,ff,-40,3.30,0.60u,16,drop_at_50mA,0.0217613,0.05,0.435225,6.9636,3.27824
pfet_05v0,ff,-40,3.30,0.60u,16,drop_at_100mA,0.0438737,0.1,0.438737,7.01979,3.25613
pfet_05v0,ff,-40,3.30,0.60u,16,rlin_at_50mV,0.05,0.11371,0.439717,7.03547,3.25
pfet_05v0,ff,-40,3.30,1.00u,1,drop_at_50mA,0.822965,0.05,16.4593,16.4593,2.47704
pfet_05v0,ff,-40,3.30,1.00u,1,drop_at_100mA,8.68636,0.1,86.8636,86.8636,-5.38636
pfet_05v0,ff,-40,3.30,1.00u,1,rlin_at_50mV,0.05,0.00401475,12.4541,12.4541,3.25
pfet_05v0,ff,-40,3.30,1.00u,2,drop_at_50mA,0.3442,0.05,6.88399,13.768,2.9558
pfet_05v0,ff,-40,3.30,1.00u,2,drop_at_100mA,0.822965,0.1,8.22965,16.4593,2.47704
pfet_05v0,ff,-40,3.30,1.00u,2,rlin_at_50mV,0.05,0.0080295,6.22704,12.4541,3.25
pfet_05v0,ff,-40,3.30,1.00u,4,drop_at_50mA,0.161594,0.05,3.23188,12.9275,3.13841
pfet_05v0,ff,-40,3.30,1.00u,4,drop_at_100mA,0.3442,0.1,3.442,13.768,2.9558
pfet_05v0,ff,-40,3.30,1.00u,4,rlin_at_50mV,0.05,0.016059,3.11352,12.4541,3.25
pfet_05v0,ff,-40,3.30,1.00u,8,drop_at_50mA,0.0785789,0.05,1.57158,12.5726,3.22142
pfet_05v0,ff,-40,3.30,1.00u,8,drop_at_100mA,0.161594,0.1,1.61594,12.9275,3.13841
pfet_05v0,ff,-40,3.30,1.00u,8,rlin_at_50mV,0.05,0.032118,1.55676,12.4541,3.25
pfet_05v0,ff,-40,3.30,1.00u,16,drop_at_50mA,0.038775,0.05,0.775501,12.408,3.26122
pfet_05v0,ff,-40,3.30,1.00u,16,drop_at_100mA,0.0785789,0.1,0.785789,12.5726,3.22142
pfet_05v0,ff,-40,3.30,1.00u,16,rlin_at_50mV,0.05,0.064236,0.77838,12.4541,3.25
pfet_05v0,ff,-40,3.63,0.50u,1,drop_at_50mA,0.288267,0.05,5.76534,5.76534,3.34173
pfet_05v0,ff,-40,3.63,0.50u,1,drop_at_100mA,0.659306,0.1,6.59306,6.59306,2.97069
pfet_05v0,ff,-40,3.63,0.50u,1,rlin_at_50mV,0.05,0.00943011,5.30217,5.30217,3.58
pfet_05v0,ff,-40,3.63,0.50u,2,drop_at_50mA,0.136627,0.05,2.73254,5.46507,3.49337
pfet_05v0,ff,-40,3.63,0.50u,2,drop_at_100mA,0.288267,0.1,2.88267,5.76534,3.34173
pfet_05v0,ff,-40,3.63,0.50u,2,rlin_at_50mV,0.05,0.0188602,2.65108,5.30217,3.58
pfet_05v0,ff,-40,3.63,0.50u,4,drop_at_50mA,0.066663,0.05,1.33326,5.33304,3.56334
pfet_05v0,ff,-40,3.63,0.50u,4,drop_at_100mA,0.136627,0.1,1.36627,5.46507,3.49337
pfet_05v0,ff,-40,3.63,0.50u,4,rlin_at_50mV,0.05,0.0377204,1.32554,5.30217,3.58
pfet_05v0,ff,-40,3.63,0.50u,8,drop_at_50mA,0.0329424,0.05,0.658849,5.27079,3.59706
pfet_05v0,ff,-40,3.63,0.50u,8,drop_at_100mA,0.066663,0.1,0.66663,5.33304,3.56334
pfet_05v0,ff,-40,3.63,0.50u,8,rlin_at_50mV,0.05,0.0754409,0.662771,5.30217,3.58
pfet_05v0,ff,-40,3.63,0.50u,16,drop_at_50mA,0.0163767,0.05,0.327533,5.24053,3.61362
pfet_05v0,ff,-40,3.63,0.50u,16,drop_at_100mA,0.0329424,0.1,0.329424,5.27079,3.59706
pfet_05v0,ff,-40,3.63,0.50u,16,rlin_at_50mV,0.05,0.150882,0.331385,5.30217,3.58
pfet_05v0,ff,-40,3.63,0.60u,1,drop_at_50mA,0.361194,0.05,7.22389,7.22389,3.26881
pfet_05v0,ff,-40,3.63,0.60u,1,drop_at_100mA,0.863174,0.1,8.63174,8.63174,2.76683
pfet_05v0,ff,-40,3.63,0.60u,1,rlin_at_50mV,0.05,0.00768449,6.50661,6.50661,3.58
pfet_05v0,ff,-40,3.63,0.60u,2,drop_at_50mA,0.169239,0.05,3.38479,6.76958,3.46076
pfet_05v0,ff,-40,3.63,0.60u,2,drop_at_100mA,0.361194,0.1,3.61194,7.22389,3.26881
pfet_05v0,ff,-40,3.63,0.60u,2,rlin_at_50mV,0.05,0.015369,3.25331,6.50661,3.58
pfet_05v0,ff,-40,3.63,0.60u,4,drop_at_50mA,0.0822034,0.05,1.64407,6.57627,3.5478
pfet_05v0,ff,-40,3.63,0.60u,4,drop_at_100mA,0.169239,0.1,1.69239,6.76958,3.46076
pfet_05v0,ff,-40,3.63,0.60u,4,rlin_at_50mV,0.05,0.030738,1.62665,6.50661,3.58
pfet_05v0,ff,-40,3.63,0.60u,8,drop_at_50mA,0.0405396,0.05,0.810792,6.48634,3.58946
pfet_05v0,ff,-40,3.63,0.60u,8,drop_at_100mA,0.0822034,0.1,0.822034,6.57627,3.5478
pfet_05v0,ff,-40,3.63,0.60u,8,rlin_at_50mV,0.05,0.0614759,0.813327,6.50661,3.58
pfet_05v0,ff,-40,3.63,0.60u,16,drop_at_50mA,0.020134,0.05,0.40268,6.44289,3.60987
pfet_05v0,ff,-40,3.63,0.60u,16,drop_at_100mA,0.0405396,0.1,0.405396,6.48634,3.58946
pfet_05v0,ff,-40,3.63,0.60u,16,rlin_at_50mV,0.05,0.122952,0.406663,6.50661,3.58
pfet_05v0,ff,-40,3.63,1.00u,1,drop_at_50mA,0.701741,0.05,14.0348,14.0348,2.92826
pfet_05v0,ff,-40,3.63,1.00u,1,drop_at_100mA,7.78732,0.1,77.8732,77.8732,-4.15732
pfet_05v0,ff,-40,3.63,1.00u,1,rlin_at_50mV,0.05,0.00437457,11.4297,11.4297,3.58
pfet_05v0,ff,-40,3.63,1.00u,2,drop_at_50mA,0.3091,0.05,6.182,12.364,3.3209
pfet_05v0,ff,-40,3.63,1.00u,2,drop_at_100mA,0.701741,0.1,7.01741,14.0348,2.92826
pfet_05v0,ff,-40,3.63,1.00u,2,rlin_at_50mV,0.05,0.00874914,5.71485,11.4297,3.58
pfet_05v0,ff,-40,3.63,1.00u,4,drop_at_50mA,0.147077,0.05,2.94154,11.7662,3.48292
pfet_05v0,ff,-40,3.63,1.00u,4,drop_at_100mA,0.3091,0.1,3.091,12.364,3.3209
pfet_05v0,ff,-40,3.63,1.00u,4,rlin_at_50mV,0.05,0.0174983,2.85742,11.4297,3.58
pfet_05v0,ff,-40,3.63,1.00u,8,drop_at_50mA,0.0719016,0.05,1.43803,11.5043,3.5581
pfet_05v0,ff,-40,3.63,1.00u,8,drop_at_100mA,0.147077,0.1,1.47077,11.7662,3.48292
pfet_05v0,ff,-40,3.63,1.00u,8,rlin_at_50mV,0.05,0.0349966,1.42871,11.4297,3.58
pfet_05v0,ff,-40,3.63,1.00u,16,drop_at_50mA,0.0355655,0.05,0.71131,11.381,3.59443
pfet_05v0,ff,-40,3.63,1.00u,16,drop_at_100mA,0.0719016,0.1,0.719016,11.5043,3.5581
pfet_05v0,ff,-40,3.63,1.00u,16,rlin_at_50mV,0.05,0.0699931,0.714356,11.4297,3.58
pfet_05v0,ff,-40,4.50,0.50u,1,drop_at_50mA,0.241774,0.05,4.83549,4.83549,4.25823
pfet_05v0,ff,-40,4.50,0.50u,1,drop_at_100mA,0.524624,0.1,5.24624,5.24624,3.97538
pfet_05v0,ff,-40,4.50,0.50u,1,rlin_at_50mV,0.05,0.010921,4.57835,4.57835,4.45
pfet_05v0,ff,-40,4.50,0.50u,2,drop_at_50mA,0.116647,0.05,2.33294,4.66589,4.38335
pfet_05v0,ff,-40,4.50,0.50u,2,drop_at_100mA,0.241774,0.1,2.41774,4.83549,4.25823
pfet_05v0,ff,-40,4.50,0.50u,2,rlin_at_50mV,0.05,0.0218419,2.28917,4.57835,4.45
pfet_05v0,ff,-40,4.50,0.50u,4,drop_at_50mA,0.0573488,0.05,1.14698,4.58791,4.44265
pfet_05v0,ff,-40,4.50,0.50u,4,drop_at_100mA,0.116647,0.1,1.16647,4.66589,4.38335
pfet_05v0,ff,-40,4.50,0.50u,4,rlin_at_50mV,0.05,0.0436839,1.14459,4.57835,4.45
pfet_05v0,ff,-40,4.50,0.50u,8,drop_at_50mA,0.0284402,0.05,0.568804,4.55043,4.47156
pfet_05v0,ff,-40,4.50,0.50u,8,drop_at_100mA,0.0573488,0.1,0.573488,4.58791,4.44265
pfet_05v0,ff,-40,4.50,0.50u,8,rlin_at_50mV,0.05,0.0873678,0.572294,4.57835,4.45
pfet_05v0,ff,-40,4.50,0.50u,16,drop_at_50mA,0.0141627,0.05,0.283253,4.53205,4.48584
pfet_05v0,ff,-40,4.50,0.50u,16,drop_at_100mA,0.0284402,0.1,0.284402,4.55043,4.47156
pfet_05v0,ff,-40,4.50,0.50u,16,rlin_at_50mV,0.05,0.174736,0.286147,4.57835,4.45
pfet_05v0,ff,-40,4.50,0.60u,1,drop_at_50mA,0.297987,0.05,5.95973,5.95973,4.20201
pfet_05v0,ff,-40,4.50,0.60u,1,drop_at_100mA,0.658254,0.1,6.58254,6.58254,3.84175
pfet_05v0,ff,-40,4.50,0.60u,1,rlin_at_50mV,0.05,0.00896917,5.57465,5.57465,4.45
pfet_05v0,ff,-40,4.50,0.60u,2,drop_at_50mA,0.142877,0.05,2.85754,5.71507,4.35712
pfet_05v0,ff,-40,4.50,0.60u,2,drop_at_100mA,0.297987,0.1,2.97987,5.95973,4.20201
pfet_05v0,ff,-40,4.50,0.60u,2,rlin_at_50mV,0.05,0.0179383,2.78733,5.57465,4.45
pfet_05v0,ff,-40,4.50,0.60u,4,drop_at_50mA,0.0700576,0.05,1.40115,5.60461,4.42994
pfet_05v0,ff,-40,4.50,0.60u,4,drop_at_100mA,0.142877,0.1,1.42877,5.71507,4.35712
pfet_05v0,ff,-40,4.50,0.60u,4,rlin_at_50mV,0.05,0.0358767,1.39366,5.57465,4.45
pfet_05v0,ff,-40,4.50,0.60u,8,drop_at_50mA,0.0346996,0.05,0.693992,5.55194,4.4653
pfet_05v0,ff,-40,4.50,0.60u,8,drop_at_100mA,0.0700576,0.1,0.700576,5.60461,4.42994
pfet_05v0,ff,-40,4.50,0.60u,8,rlin_at_50mV,0.05,0.0717533,0.696832,5.57465,4.45
pfet_05v0,ff,-40,4.50,0.60u,16,drop_at_50mA,0.0172694,0.05,0.345388,5.5262,4.48273
pfet_05v0,ff,-40,4.50,0.60u,16,drop_at_100mA,0.0346996,0.1,0.346996,5.55194,4.4653
pfet_05v0,ff,-40,4.50,0.60u,16,rlin_at_50mV,0.05,0.143507,0.348416,5.57465,4.45
pfet_05v0,ff,-40,4.50,1.00u,1,drop_at_50mA,0.543261,0.05,10.8652,10.8652,3.95674
pfet_05v0,ff,-40,4.50,1.00u,1,drop_at_100mA,1.34449,0.1,13.4449,13.4449,3.15551
pfet_05v0,ff,-40,4.50,1.00u,1,rlin_at_50mV,0.05,0.00518539,9.64247,9.64247,4.45
pfet_05v0,ff,-40,4.50,1.00u,2,drop_at_50mA,0.252967,0.05,5.05934,10.1187,4.24703
pfet_05v0,ff,-40,4.50,1.00u,2,drop_at_100mA,0.543261,0.1,5.43261,10.8652,3.95674
pfet_05v0,ff,-40,4.50,1.00u,2,rlin_at_50mV,0.05,0.0103708,4.82124,9.64247,4.45
pfet_05v0,ff,-40,4.50,1.00u,4,drop_at_50mA,0.12261,0.05,2.45221,9.80883,4.37739
pfet_05v0,ff,-40,4.50,1.00u,4,drop_at_100mA,0.252967,0.1,2.52967,10.1187,4.24703
pfet_05v0,ff,-40,4.50,1.00u,4,rlin_at_50mV,0.05,0.0207416,2.41062,9.64247,4.45
pfet_05v0,ff,-40,4.50,1.00u,8,drop_at_50mA,0.0604129,0.05,1.20826,9.66607,4.43959
pfet_05v0,ff,-40,4.50,1.00u,8,drop_at_100mA,0.12261,0.1,1.2261,9.80883,4.37739
pfet_05v0,ff,-40,4.50,1.00u,8,rlin_at_50mV,0.05,0.0414831,1.20531,9.64247,4.45
pfet_05v0,ff,-40,4.50,1.00u,16,drop_at_50mA,0.0299918,0.05,0.599836,9.59738,4.47001
pfet_05v0,ff,-40,4.50,1.00u,16,drop_at_100mA,0.0604129,0.1,0.604129,9.66607,4.43959
pfet_05v0,ff,-40,4.50,1.00u,16,rlin_at_50mV,0.05,0.0829663,0.602655,9.64247,4.45
pfet_05v0,ff,-40,5.00,0.50u,1,drop_at_50mA,0.224905,0.05,4.49811,4.49811,4.77509
pfet_05v0,ff,-40,5.00,0.50u,1,drop_at_100mA,0.480767,0.1,4.80767,4.80767,4.51923
pfet_05v0,ff,-40,5.00,0.50u,1,rlin_at_50mV,0.05,0.0116293,4.29947,4.29947,4.95
pfet_05v0,ff,-40,5.00,0.50u,2,drop_at_50mA,0.109138,0.05,2.18276,4.36552,4.89086
pfet_05v0,ff,-40,5.00,0.50u,2,drop_at_100mA,0.224905,0.1,2.24905,4.49811,4.77509
pfet_05v0,ff,-40,5.00,0.50u,2,rlin_at_50mV,0.05,0.0232587,2.14974,4.29947,4.95
pfet_05v0,ff,-40,5.00,0.50u,4,drop_at_50mA,0.053796,0.05,1.07592,4.30368,4.9462
pfet_05v0,ff,-40,5.00,0.50u,4,drop_at_100mA,0.109138,0.1,1.09138,4.36552,4.89086
pfet_05v0,ff,-40,5.00,0.50u,4,rlin_at_50mV,0.05,0.0465174,1.07487,4.29947,4.95
pfet_05v0,ff,-40,5.00,0.50u,8,drop_at_50mA,0.026711,0.05,0.534221,4.27377,4.97329
pfet_05v0,ff,-40,5.00,0.50u,8,drop_at_100mA,0.053796,0.1,0.53796,4.30368,4.9462
pfet_05v0,ff,-40,5.00,0.50u,8,rlin_at_50mV,0.05,0.0930347,0.537434,4.29947,4.95
pfet_05v0,ff,-40,5.00,0.50u,16,drop_at_50mA,0.0133095,0.05,0.266191,4.25905,4.98669
pfet_05v0,ff,-40,5.00,0.50u,16,drop_at_100mA,0.026711,0.1,0.26711,4.27377,4.97329
pfet_05v0,ff,-40,5.00,0.50u,16,rlin_at_50mV,0.05,0.186069,0.268717,4.29947,4.95
pfet_05v0,ff,-40,5.00,0.60u,1,drop_at_50mA,0.275615,0.05,5.51229,5.51229,4.72439
pfet_05v0,ff,-40,5.00,0.60u,1,drop_at_100mA,0.596763,0.1,5.96763,5.96763,4.40324
pfet_05v0,ff,-40,5.00,0.60u,1,rlin_at_50mV,0.05,0.00958191,5.21816,5.21816,4.95
pfet_05v0,ff,-40,5.00,0.60u,2,drop_at_50mA,0.133105,0.05,2.6621,5.3242,4.86689
pfet_05v0,ff,-40,5.00,0.60u,2,drop_at_100mA,0.275615,0.1,2.75615,5.51229,4.72439
pfet_05v0,ff,-40,5.00,0.60u,2,rlin_at_50mV,0.05,0.0191638,2.60908,5.21816,4.95
pfet_05v0,ff,-40,5.00,0.60u,4,drop_at_50mA,0.0654714,0.05,1.30943,5.23771,4.93453
pfet_05v0,ff,-40,5.00,0.60u,4,drop_at_100mA,0.133105,0.1,1.33105,5.3242,4.86689
pfet_05v0,ff,-40,5.00,0.60u,4,rlin_at_50mV,0.05,0.0383277,1.30454,5.21816,4.95
pfet_05v0,ff,-40,5.00,0.60u,8,drop_at_50mA,0.0324758,0.05,0.649517,5.19613,4.96752
pfet_05v0,ff,-40,5.00,0.60u,8,drop_at_100mA,0.0654714,0.1,0.654714,5.23771,4.93453
pfet_05v0,ff,-40,5.00,0.60u,8,rlin_at_50mV,0.05,0.0766553,0.652271,5.21816,4.95
pfet_05v0,ff,-40,5.00,0.60u,16,drop_at_50mA,0.0161742,0.05,0.323484,5.17574,4.98383
pfet_05v0,ff,-40,5.00,0.60u,16,drop_at_100mA,0.0324758,0.1,0.324758,5.19613,4.96752
pfet_05v0,ff,-40,5.00,0.60u,16,rlin_at_50mV,0.05,0.153311,0.326135,5.21816,4.95
pfet_05v0,ff,-40,5.00,1.00u,1,drop_at_50mA,0.493224,0.05,9.86448,9.86448,4.50678
pfet_05v0,ff,-40,5.00,1.00u,1,drop_at_100mA,1.14576,0.1,11.4576,11.4576,3.85424
pfet_05v0,ff,-40,5.00,1.00u,1,rlin_at_50mV,0.05,0.00557576,8.96739,8.96739,4.95
pfet_05v0,ff,-40,5.00,1.00u,2,drop_at_50mA,0.23306,0.05,4.66121,9.32242,4.76694
pfet_05v0,ff,-40,5.00,1.00u,2,drop_at_100mA,0.493224,0.1,4.93224,9.86448,4.50678
pfet_05v0,ff,-40,5.00,1.00u,2,rlin_at_50mV,0.05,0.0111515,4.48369,8.96739,4.95
pfet_05v0,ff,-40,5.00,1.00u,4,drop_at_50mA,0.113605,0.05,2.27211,9.08842,4.88639
pfet_05v0,ff,-40,5.00,1.00u,4,drop_at_100mA,0.23306,0.1,2.3306,9.32242,4.76694
pfet_05v0,ff,-40,5.00,1.00u,4,rlin_at_50mV,0.05,0.022303,2.24185,8.96739,4.95
pfet_05v0,ff,-40,5.00,1.00u,8,drop_at_50mA,0.0561183,0.05,1.12237,8.97892,4.94388
pfet_05v0,ff,-40,5.00,1.00u,8,drop_at_100mA,0.113605,0.1,1.13605,9.08842,4.88639
pfet_05v0,ff,-40,5.00,1.00u,8,rlin_at_50mV,0.05,0.0446061,1.12092,8.96739,4.95
pfet_05v0,ff,-40,5.00,1.00u,16,drop_at_50mA,0.0278934,0.05,0.557867,8.92588,4.97211
pfet_05v0,ff,-40,5.00,1.00u,16,drop_at_100mA,0.0561183,0.1,0.561183,8.97892,4.94388
pfet_05v0,ff,-40,5.00,1.00u,16,rlin_at_50mV,0.05,0.0892122,0.560462,8.96739,4.95
pfet_05v0,ff,-40,5.50,0.50u,1,drop_at_50mA,0.212008,0.05,4.24017,4.24017,5.28799
pfet_05v0,ff,-40,5.50,0.50u,1,drop_at_100mA,0.448545,0.1,4.48545,4.48545,5.05146
pfet_05v0,ff,-40,5.50,0.50u,1,rlin_at_50mV,0.05,0.0122528,4.08069,4.08069,5.45
pfet_05v0,ff,-40,5.50,0.50u,2,drop_at_50mA,0.103311,0.05,2.06622,4.13244,5.39669
pfet_05v0,ff,-40,5.50,0.50u,2,drop_at_100mA,0.212008,0.1,2.12008,4.24017,5.28799
pfet_05v0,ff,-40,5.50,0.50u,2,rlin_at_50mV,0.05,0.0245057,2.04035,4.08069,5.45
pfet_05v0,ff,-40,5.50,0.50u,4,drop_at_50mA,0.0510209,0.05,1.02042,4.08167,5.44898
pfet_05v0,ff,-40,5.50,0.50u,4,drop_at_100mA,0.103311,0.1,1.03311,4.13244,5.39669
pfet_05v0,ff,-40,5.50,0.50u,4,rlin_at_50mV,0.05,0.0490113,1.02017,4.08069,5.45
pfet_05v0,ff,-40,5.50,0.50u,8,drop_at_50mA,0.0253563,0.05,0.507126,4.05701,5.47464
pfet_05v0,ff,-40,5.50,0.50u,8,drop_at_100mA,0.0510209,0.1,0.510209,4.08167,5.44898
pfet_05v0,ff,-40,5.50,0.50u,8,rlin_at_50mV,0.05,0.0980226,0.510086,4.08069,5.45
pfet_05v0,ff,-40,5.50,0.50u,16,drop_at_50mA,0.0126401,0.05,0.252803,4.04484,5.48736
pfet_05v0,ff,-40,5.50,0.50u,16,drop_at_100mA,0.0253563,0.1,0.253563,4.05701,5.47464
pfet_05v0,ff,-40,5.50,0.50u,16,rlin_at_50mV,0.05,0.196045,0.255043,4.08069,5.45
pfet_05v0,ff,-40,5.50,0.60u,1,drop_at_50mA,0.258708,0.05,5.17416,5.17416,5.24129
pfet_05v0,ff,-40,5.50,0.60u,1,drop_at_100mA,0.552749,0.1,5.52749,5.52749,4.94725
pfet_05v0,ff,-40,5.50,0.60u,1,rlin_at_50mV,0.05,0.0101216,4.93994,4.93994,5.45
pfet_05v0,ff,-40,5.50,0.60u,2,drop_at_50mA,0.125582,0.05,2.51163,5.02326,5.37442
pfet_05v0,ff,-40,5.50,0.60u,2,drop_at_100mA,0.258708,0.1,2.58708,5.17416,5.24129
pfet_05v0,ff,-40,5.50,0.60u,2,rlin_at_50mV,0.05,0.0202431,2.46997,4.93994,5.45
pfet_05v0,ff,-40,5.50,0.60u,4,drop_at_50mA,0.0619121,0.05,1.23824,4.95297,5.43809
pfet_05v0,ff,-40,5.50,0.60u,4,drop_at_100mA,0.125582,0.1,1.25582,5.02326,5.37442
pfet_05v0,ff,-40,5.50,0.60u,4,rlin_at_50mV,0.05,0.0404863,1.23499,4.93994,5.45
pfet_05v0,ff,-40,5.50,0.60u,8,drop_at_50mA,0.0307436,0.05,0.614872,4.91898,5.46926
pfet_05v0,ff,-40,5.50,0.60u,8,drop_at_100mA,0.0619121,0.1,0.619121,4.95297,5.43809
pfet_05v0,ff,-40,5.50,0.60u,8,rlin_at_50mV,0.05,0.0809726,0.617493,4.93994,5.45
pfet_05v0,ff,-40,5.50,0.60u,16,drop_at_50mA,0.0153196,0.05,0.306392,4.90226,5.48468
pfet_05v0,ff,-40,5.50,0.60u,16,drop_at_100mA,0.0307436,0.1,0.307436,4.91898,5.46926
pfet_05v0,ff,-40,5.50,0.60u,16,rlin_at_50mV,0.05,0.161945,0.308746,4.93994,5.45
pfet_05v0,ff,-40,5.50,1.00u,1,drop_at_50mA,0.456975,0.05,9.1395,9.1395,5.04302
pfet_05v0,ff,-40,5.50,1.00u,1,drop_at_100mA,1.02632,0.1,10.2632,10.2632,4.47368
pfet_05v0,ff,-40,5.50,1.00u,1,rlin_at_50mV,0.05,0.00592044,8.44532,8.44532,5.45
pfet_05v0,ff,-40,5.50,1.00u,2,drop_at_50mA,0.218056,0.05,4.36112,8.72225,5.28194
pfet_05v0,ff,-40,5.50,1.00u,2,drop_at_100mA,0.456975,0.1,4.56975,9.1395,5.04302
pfet_05v0,ff,-40,5.50,1.00u,2,rlin_at_50mV,0.05,0.0118409,4.22266,8.44532,5.45
pfet_05v0,ff,-40,5.50,1.00u,4,drop_at_50mA,0.106717,0.05,2.13433,8.53732,5.39328
pfet_05v0,ff,-40,5.50,1.00u,4,drop_at_100mA,0.218056,0.1,2.18056,8.72225,5.28194
pfet_05v0,ff,-40,5.50,1.00u,4,rlin_at_50mV,0.05,0.0236818,2.11133,8.44532,5.45
pfet_05v0,ff,-40,5.50,1.00u,8,drop_at_50mA,0.0528115,0.05,1.05623,8.44984,5.44719
pfet_05v0,ff,-40,5.50,1.00u,8,drop_at_100mA,0.106717,0.1,1.06717,8.53732,5.39328
pfet_05v0,ff,-40,5.50,1.00u,8,rlin_at_50mV,0.05,0.0473635,1.05566,8.44532,5.45
pfet_05v0,ff,-40,5.50,1.00u,16,drop_at_50mA,0.0262727,0.05,0.525454,8.40726,5.47373
pfet_05v0,ff,-40,5.50,1.00u,16,drop_at_100mA,0.0528115,0.1,0.528115,8.44984,5.44719
pfet_05v0,ff,-40,5.50,1.00u,16,rlin_at_50mV,0.05,0.094727,0.527832,8.44532,5.45
pfet_05v0,ff,27,2.10,0.50u,1,drop_at_50mA,1.38412,0.05,27.6823,27.6823,0.715885
pfet_05v0,ff,27,2.10,0.50u,1,drop_at_100mA,8.63019,0.1,86.3019,86.3019,-6.53019
pfet_05v0,ff,27,2.10,0.50u,1,rlin_at_50mV,0.05,0.00429436,11.6432,11.6432,2.05
pfet_05v0,ff,27,2.10,0.50u,2,drop_at_50mA,0.342408,0.05,6.84816,13.6963,1.75759
pfet_05v0,ff,27,2.10,0.50u,2,drop_at_100mA,1.38412,0.1,13.8412,27.6823,0.715885
pfet_05v0,ff,27,2.10,0.50u,2,rlin_at_50mV,0.05,0.00858871,5.82159,11.6432,2.05
pfet_05v0,ff,27,2.10,0.50u,4,drop_at_50mA,0.153904,0.05,3.07808,12.3123,1.9461
pfet_05v0,ff,27,2.10,0.50u,4,drop_at_100mA,0.342408,0.1,3.42408,13.6963,1.75759
pfet_05v0,ff,27,2.10,0.50u,4,rlin_at_50mV,0.05,0.0171774,2.9108,11.6432,2.05
pfet_05v0,ff,27,2.10,0.50u,8,drop_at_50mA,0.073691,0.05,1.47382,11.7906,2.02631
pfet_05v0,ff,27,2.10,0.50u,8,drop_at_100mA,0.153904,0.1,1.53904,12.3123,1.9461
pfet_05v0,ff,27,2.10,0.50u,8,rlin_at_50mV,0.05,0.0343548,1.4554,11.6432,2.05
pfet_05v0,ff,27,2.10,0.50u,16,drop_at_50mA,0.0361194,0.05,0.722388,11.5582,2.06388
pfet_05v0,ff,27,2.10,0.50u,16,drop_at_100mA,0.073691,0.1,0.73691,11.7906,2.02631
pfet_05v0,ff,27,2.10,0.50u,16,rlin_at_50mV,0.05,0.0687097,0.727699,11.6432,2.05
pfet_05v0,ff,27,2.10,0.60u,1,drop_at_50mA,7.12104,0.05,142.421,142.421,-5.02104
pfet_05v0,ff,27,2.10,0.60u,1,drop_at_100mA,9.43157,0.1,94.3157,94.3157,-7.33157
pfet_05v0,ff,27,2.10,0.60u,1,rlin_at_50mV,0.05,0.00341838,14.6268,14.6268,2.05
pfet_05v0,ff,27,2.10,0.60u,2,drop_at_50mA,0.463046,0.05,9.26093,18.5219,1.63695
pfet_05v0,ff,27,2.10,0.60u,2,drop_at_100mA,7.12104,0.1,71.2104,142.421,-5.02104
pfet_05v0,ff,27,2.10,0.60u,2,rlin_at_50mV,0.05,0.00683676,7.3134,14.6268,2.05
pfet_05v0,ff,27,2.10,0.60u,4,drop_at_50mA,0.198113,0.05,3.96226,15.8491,1.90189
pfet_05v0,ff,27,2.10,0.60u,4,drop_at_100mA,0.463046,0.1,4.63046,18.5219,1.63695
pfet_05v0,ff,27,2.10,0.60u,4,rlin_at_50mV,0.05,0.0136735,3.6567,14.6268,2.05
pfet_05v0,ff,27,2.10,0.60u,8,drop_at_50mA,0.0935584,0.05,1.87117,14.9694,2.00644
pfet_05v0,ff,27,2.10,0.60u,8,drop_at_100mA,0.198113,0.1,1.98113,15.8491,1.90189
pfet_05v0,ff,27,2.10,0.60u,8,rlin_at_50mV,0.05,0.0273471,1.82835,14.6268,2.05
pfet_05v0,ff,27,2.10,0.60u,16,drop_at_50mA,0.045603,0.05,0.91206,14.593,2.0544
pfet_05v0,ff,27,2.10,0.60u,16,drop_at_100mA,0.0935584,0.1,0.935584,14.9694,2.00644
pfet_05v0,ff,27,2.10,0.60u,16,rlin_at_50mV,0.05,0.0546941,0.914175,14.6268,2.05
pfet_05v0,ff,27,2.10,1.00u,1,drop_at_50mA,9.56285,0.05,191.257,191.257,-7.46285
pfet_05v0,ff,27,2.10,1.00u,1,drop_at_100mA,11.0327,0.1,110.327,110.327,-8.93266
pfet_05v0,ff,27,2.10,1.00u,1,rlin_at_50mV,0.05,0.00186051,26.8743,26.8743,2.05
pfet_05v0,ff,27,2.10,1.00u,2,drop_at_50mA,7.39774,0.05,147.955,295.91,-5.29774
pfet_05v0,ff,27,2.10,1.00u,2,drop_at_100mA,9.56285,0.1,95.6285,191.257,-7.46285
pfet_05v0,ff,27,2.10,1.00u,2,rlin_at_50mV,0.05,0.00372103,13.4372,26.8743,2.05
pfet_05v0,ff,27,2.10,1.00u,4,drop_at_50mA,0.414207,0.05,8.28414,33.1366,1.68579
pfet_05v0,ff,27,2.10,1.00u,4,drop_at_100mA,7.39774,0.1,73.9774,295.91,-5.29774
pfet_05v0,ff,27,2.10,1.00u,4,rlin_at_50mV,0.05,0.00744205,6.71858,26.8743,2.05
pfet_05v0,ff,27,2.10,1.00u,8,drop_at_50mA,0.180286,0.05,3.60572,28.8457,1.91971
pfet_05v0,ff,27,2.10,1.00u,8,drop_at_100mA,0.414207,0.1,4.14207,33.1366,1.68579
pfet_05v0,ff,27,2.10,1.00u,8,rlin_at_50mV,0.05,0.0148841,3.35929,26.8743,2.05
pfet_05v0,ff,27,2.10,1.00u,16,drop_at_50mA,0.085587,0.05,1.71174,27.3878,2.01441
pfet_05v0,ff,27,2.10,1.00u,16,drop_at_100mA,0.180286,0.1,1.80286,28.8457,1.91971
pfet_05v0,ff,27,2.10,1.00u,16,rlin_at_50mV,0.05,0.0297682,1.67964,26.8743,2.05
pfet_05v0,ff,27,2.97,0.50u,1,drop_at_50mA,0.477551,0.05,9.55102,9.55102,2.49245
pfet_05v0,ff,27,2.97,0.50u,1,drop_at_100mA,1.45878,0.1,14.5878,14.5878,1.51122
pfet_05v0,ff,27,2.97,0.50u,1,rlin_at_50mV,0.05,0.00613108,8.15516,8.15516,2.92
pfet_05v0,ff,27,2.97,0.50u,2,drop_at_50mA,0.216502,0.05,4.33005,8.66009,2.7535
pfet_05v0,ff,27,2.97,0.50u,2,drop_at_100mA,0.477551,0.1,4.77551,9.55102,2.49245
pfet_05v0,ff,27,2.97,0.50u,2,rlin_at_50mV,0.05,0.0122622,4.07758,8.15516,2.92
pfet_05v0,ff,27,2.97,0.50u,4,drop_at_50mA,0.103923,0.05,2.07846,8.31382,2.86608
pfet_05v0,ff,27,2.97,0.50u,4,drop_at_100mA,0.216502,0.1,2.16502,8.66009,2.7535
pfet_05v0,ff,27,2.97,0.50u,4,rlin_at_50mV,0.05,0.0245243,2.03879,8.15516,2.92
pfet_05v0,ff,27,2.97,0.50u,8,drop_at_50mA,0.0509877,0.05,1.01975,8.15803,2.91901
pfet_05v0,ff,27,2.97,0.50u,8,drop_at_100mA,0.103923,0.1,1.03923,8.31382,2.86608
pfet_05v0,ff,27,2.97,0.50u,8,rlin_at_50mV,0.05,0.0490487,1.0194,8.15516,2.92
pfet_05v0,ff,27,2.97,0.50u,16,drop_at_50mA,0.0252621,0.05,0.505241,8.08386,2.94474
pfet_05v0,ff,27,2.97,0.50u,16,drop_at_100mA,0.0509877,0.1,0.509877,8.15803,2.91901
pfet_05v0,ff,27,2.97,0.50u,16,rlin_at_50mV,0.05,0.0980973,0.509698,8.15516,2.92
pfet_05v0,ff,27,2.97,0.60u,1,drop_at_50mA,0.623831,0.05,12.4766,12.4766,2.34617
pfet_05v0,ff,27,2.97,0.60u,1,drop_at_100mA,7.04044,0.1,70.4044,70.4044,-4.07044
pfet_05v0,ff,27,2.97,0.60u,1,rlin_at_50mV,0.05,0.00495571,10.0894,10.0894,2.92
pfet_05v0,ff,27,2.97,0.60u,2,drop_at_50mA,0.273083,0.05,5.46165,10.9233,2.69692
pfet_05v0,ff,27,2.97,0.60u,2,drop_at_100mA,0.623831,0.1,6.23831,12.4766,2.34617
pfet_05v0,ff,27,2.97,0.60u,2,rlin_at_50mV,0.05,0.00991142,5.04468,10.0894,2.92
pfet_05v0,ff,27,2.97,0.60u,4,drop_at_50mA,0.129693,0.05,2.59385,10.3754,2.84031
pfet_05v0,ff,27,2.97,0.60u,4,drop_at_100mA,0.273083,0.1,2.73083,10.9233,2.69692
pfet_05v0,ff,27,2.97,0.60u,4,rlin_at_50mV,0.05,0.0198228,2.52234,10.0894,2.92
pfet_05v0,ff,27,2.97,0.60u,8,drop_at_50mA,0.0633527,0.05,1.26705,10.1364,2.90665
pfet_05v0,ff,27,2.97,0.60u,8,drop_at_100mA,0.129693,0.1,1.29693,10.3754,2.84031
pfet_05v0,ff,27,2.97,0.60u,8,rlin_at_50mV,0.05,0.0396457,1.26117,10.0894,2.92
pfet_05v0,ff,27,2.97,0.60u,16,drop_at_50mA,0.0313254,0.05,0.626508,10.0241,2.93867
pfet_05v0,ff,27,2.97,0.60u,16,drop_at_100mA,0.0633527,0.1,0.633527,10.1364,2.90665
pfet_05v0,ff,27,2.97,0.60u,16,rlin_at_50mV,0.05,0.0792914,0.630586,10.0894,2.92
pfet_05v0,ff,27,2.97,1.00u,1,drop_at_50mA,5.05097,0.05,101.019,101.019,-2.08097
pfet_05v0,ff,27,2.97,1.00u,1,drop_at_100mA,9.79937,0.1,97.9937,97.9937,-6.82937
pfet_05v0,ff,27,2.97,1.00u,1,rlin_at_50mV,0.05,0.00277585,18.0125,18.0125,2.92
pfet_05v0,ff,27,2.97,1.00u,2,drop_at_50mA,0.535642,0.05,10.7128,21.4257,2.43436
pfet_05v0,ff,27,2.97,1.00u,2,drop_at_100mA,5.05097,0.1,50.5097,101.019,-2.08097
pfet_05v0,ff,27,2.97,1.00u,2,rlin_at_50mV,0.05,0.0055517,9.00624,18.0125,2.92
pfet_05v0,ff,27,2.97,1.00u,4,drop_at_50mA,0.240349,0.05,4.80697,19.2279,2.72965
pfet_05v0,ff,27,2.97,1.00u,4,drop_at_100mA,0.535642,0.1,5.35642,21.4257,2.43436
pfet_05v0,ff,27,2.97,1.00u,4,rlin_at_50mV,0.05,0.0111034,4.50312,18.0125,2.92
pfet_05v0,ff,27,2.97,1.00u,8,drop_at_50mA,0.115078,0.05,2.30156,18.4125,2.85492
pfet_05v0,ff,27,2.97,1.00u,8,drop_at_100mA,0.240349,0.1,2.40349,19.2279,2.72965
pfet_05v0,ff,27,2.97,1.00u,8,rlin_at_50mV,0.05,0.0222068,2.25156,18.0125,2.92
pfet_05v0,ff,27,2.97,1.00u,16,drop_at_50mA,0.05641,0.05,1.1282,18.0512,2.91359
pfet_05v0,ff,27,2.97,1.00u,16,drop_at_100mA,0.115078,0.1,1.15078,18.4125,2.85492
pfet_05v0,ff,27,2.97,1.00u,16,rlin_at_50mV,0.05,0.0444136,1.12578,18.0125,2.92
pfet_05v0,ff,27,3.30,0.50u,1,drop_at_50mA,0.420422,0.05,8.40844,8.40844,2.87958
pfet_05v0,ff,27,3.30,0.50u,1,drop_at_100mA,1.05381,0.1,10.5381,10.5381,2.24619
pfet_05v0,ff,27,3.30,0.50u,1,rlin_at_50mV,0.05,0.00671357,7.4476,7.4476,3.25
pfet_05v0,ff,27,3.30,0.50u,2,drop_at_50mA,0.1951,0.05,3.902,7.80399,3.1049
pfet_05v0,ff,27,3.30,0.50u,2,drop_at_100mA,0.420422,0.1,4.20422,8.40844,2.87958
pfet_05v0,ff,27,3.30,0.50u,2,rlin_at_50mV,0.05,0.0134271,3.7238,7.4476,3.25
pfet_05v0,ff,27,3.30,0.50u,4,drop_at_50mA,0.0944274,0.05,1.88855,7.55419,3.20557
pfet_05v0,ff,27,3.30,0.50u,4,drop_at_100mA,0.1951,0.1,1.951,7.80399,3.1049
pfet_05v0,ff,27,3.30,0.50u,4,rlin_at_50mV,0.05,0.0268543,1.8619,7.4476,3.25
pfet_05v0,ff,27,3.30,0.50u,8,drop_at_50mA,0.0464955,0.05,0.92991,7.43928,3.2535
pfet_05v0,ff,27,3.30,0.50u,8,drop_at_100mA,0.0944274,0.1,0.944274,7.55419,3.20557
pfet_05v0,ff,27,3.30,0.50u,8,rlin_at_50mV,0.05,0.0537086,0.93095,7.4476,3.25
pfet_05v0,ff,27,3.30,0.50u,16,drop_at_50mA,0.0230751,0.05,0.461503,7.38404,3.27692
pfet_05v0,ff,27,3.30,0.50u,16,drop_at_100mA,0.0464955,0.1,0.464955,7.43928,3.2535
pfet_05v0,ff,27,3.30,0.50u,16,rlin_at_50mV,0.05,0.107417,0.465475,7.4476,3.25
pfet_05v0,ff,27,3.30,0.60u,1,drop_at_50mA,0.537342,0.05,10.7468,10.7468,2.76266
pfet_05v0,ff,27,3.30,0.60u,1,drop_at_100mA,1.64976,0.1,16.4976,16.4976,1.65024
pfet_05v0,ff,27,3.30,0.60u,1,rlin_at_50mV,0.05,0.00544859,9.17669,9.17669,3.25
pfet_05v0,ff,27,3.30,0.60u,2,drop_at_50mA,0.243896,0.05,4.87791,9.75583,3.0561
pfet_05v0,ff,27,3.30,0.60u,2,drop_at_100mA,0.537342,0.1,5.37342,10.7468,2.76266
pfet_05v0,ff,27,3.30,0.60u,2,rlin_at_50mV,0.05,0.0108972,4.58834,9.17669,3.25
pfet_05v0,ff,27,3.30,0.60u,4,drop_at_50mA,0.117139,0.05,2.34277,9.37109,3.18286
pfet_05v0,ff,27,3.30,0.60u,4,drop_at_100mA,0.243896,0.1,2.43896,9.75583,3.0561
pfet_05v0,ff,27,3.30,0.60u,4,rlin_at_50mV,0.05,0.0217944,2.29417,9.17669,3.25
pfet_05v0,ff,27,3.30,0.60u,8,drop_at_50mA,0.0574879,0.05,1.14976,9.19806,3.24251
pfet_05v0,ff,27,3.30,0.60u,8,drop_at_100mA,0.117139,0.1,1.17139,9.37109,3.18286
pfet_05v0,ff,27,3.30,0.60u,8,rlin_at_50mV,0.05,0.0435887,1.14709,9.17669,3.25
pfet_05v0,ff,27,3.30,0.60u,16,drop_at_50mA,0.0284865,0.05,0.569731,9.11569,3.27151
pfet_05v0,ff,27,3.30,0.60u,16,drop_at_100mA,0.0574879,0.1,0.574879,9.19806,3.24251
pfet_05v0,ff,27,3.30,0.60u,16,rlin_at_50mV,0.05,0.0871774,0.573543,9.17669,3.25
pfet_05v0,ff,27,3.30,1.00u,1,drop_at_50mA,1.20588,0.05,24.1176,24.1176,2.09412
pfet_05v0,ff,27,3.30,1.00u,1,drop_at_100mA,9.43108,0.1,94.3108,94.3108,-6.13108
pfet_05v0,ff,27,3.30,1.00u,1,rlin_at_50mV,0.05,0.00307572,16.2563,16.2563,3.25
pfet_05v0,ff,27,3.30,1.00u,2,drop_at_50mA,0.461594,0.05,9.23189,18.4638,2.83841
pfet_05v0,ff,27,3.30,1.00u,2,drop_at_100mA,1.20588,0.1,12.0588,24.1176,2.09412
pfet_05v0,ff,27,3.30,1.00u,2,rlin_at_50mV,0.05,0.00615145,8.12817,16.2563,3.25
pfet_05v0,ff,27,3.30,1.00u,4,drop_at_50mA,0.213439,0.05,4.26877,17.0751,3.08656
pfet_05v0,ff,27,3.30,1.00u,4,drop_at_100mA,0.461594,0.1,4.61594,18.4638,2.83841
pfet_05v0,ff,27,3.30,1.00u,4,rlin_at_50mV,0.05,0.0123029,4.06409,16.2563,3.25
pfet_05v0,ff,27,3.30,1.00u,8,drop_at_50mA,0.103221,0.05,2.06442,16.5154,3.19678
pfet_05v0,ff,27,3.30,1.00u,8,drop_at_100mA,0.213439,0.1,2.13439,17.0751,3.08656
pfet_05v0,ff,27,3.30,1.00u,8,rlin_at_50mV,0.05,0.0246058,2.03204,16.2563,3.25
pfet_05v0,ff,27,3.30,1.00u,16,drop_at_50mA,0.0508133,0.05,1.01627,16.2602,3.24919
pfet_05v0,ff,27,3.30,1.00u,16,drop_at_100mA,0.103221,0.1,1.03221,16.5154,3.19678
pfet_05v0,ff,27,3.30,1.00u,16,rlin_at_50mV,0.05,0.0492116,1.01602,16.2563,3.25
pfet_05v0,ff,27,3.63,0.50u,1,drop_at_50mA,0.380388,0.05,7.60776,7.60776,3.24961
pfet_05v0,ff,27,3.63,0.50u,1,drop_at_100mA,0.89331,0.1,8.9331,8.9331,2.73669
pfet_05v0,ff,27,3.63,0.50u,1,rlin_at_50mV,0.05,0.00724666,6.89973,6.89973,3.58
pfet_05v0,ff,27,3.63,0.50u,2,drop_at_50mA,0.179122,0.05,3.58243,7.16487,3.45088
pfet_05v0,ff,27,3.63,0.50u,2,drop_at_100mA,0.380388,0.1,3.80388,7.60776,3.24961
pfet_05v0,ff,27,3.63,0.50u,2,rlin_at_50mV,0.05,0.0144933,3.44986,6.89973,3.58
pfet_05v0,ff,27,3.63,0.50u,4,drop_at_50mA,0.0871831,0.05,1.74366,6.97465,3.54282
pfet_05v0,ff,27,3.63,0.50u,4,drop_at_100mA,0.179122,0.1,1.79122,7.16487,3.45088
pfet_05v0,ff,27,3.63,0.50u,4,rlin_at_50mV,0.05,0.0289866,1.72493,6.89973,3.58
pfet_05v0,ff,27,3.63,0.50u,8,drop_at_50mA,0.0430364,0.05,0.860728,6.88582,3.58696
pfet_05v0,ff,27,3.63,0.50u,8,drop_at_100mA,0.0871831,0.1,0.871831,6.97465,3.54282
pfet_05v0,ff,27,3.63,0.50u,8,rlin_at_50mV,0.05,0.0579733,0.862466,6.89973,3.58
pfet_05v0,ff,27,3.63,0.50u,16,drop_at_50mA,0.0213839,0.05,0.427677,6.84284,3.60862
pfet_05v0,ff,27,3.63,0.50u,16,drop_at_100mA,0.0430364,0.1,0.430364,6.88582,3.58696
pfet_05v0,ff,27,3.63,0.50u,16,rlin_at_50mV,0.05,0.115947,0.431233,6.89973,3.58
pfet_05v0,ff,27,3.63,0.60u,1,drop_at_50mA,0.479881,0.05,9.59762,9.59762,3.15012
pfet_05v0,ff,27,3.63,0.60u,1,drop_at_100mA,1.21439,0.1,12.1439,12.1439,2.41561
pfet_05v0,ff,27,3.63,0.60u,1,rlin_at_50mV,0.05,0.00590166,8.4722,8.4722,3.58
pfet_05v0,ff,27,3.63,0.60u,2,drop_at_50mA,0.222458,0.05,4.44916,8.89832,3.40754
pfet_05v0,ff,27,3.63,0.60u,2,drop_at_100mA,0.479881,0.1,4.79881,9.59762,3.15012
pfet_05v0,ff,27,3.63,0.60u,2,rlin_at_50mV,0.05,0.0118033,4.2361,8.4722,3.58
pfet_05v0,ff,27,3.63,0.60u,4,drop_at_50mA,0.107639,0.05,2.15278,8.61113,3.52236
pfet_05v0,ff,27,3.63,0.60u,4,drop_at_100mA,0.222458,0.1,2.22458,8.89832,3.40754
pfet_05v0,ff,27,3.63,0.60u,4,rlin_at_50mV,0.05,0.0236066,2.11805,8.4722,3.58
pfet_05v0,ff,27,3.63,0.60u,8,drop_at_50mA,0.0529958,0.05,1.05992,8.47934,3.577
pfet_05v0,ff,27,3.63,0.60u,8,drop_at_100mA,0.107639,0.1,1.07639,8.61113,3.52236
pfet_05v0,ff,27,3.63,0.60u,8,rlin_at_50mV,0.05,0.0472133,1.05902,8.4722,3.58
pfet_05v0,ff,27,3.63,0.60u,16,drop_at_50mA,0.0263001,0.05,0.526003,8.41604,3.6037
pfet_05v0,ff,27,3.63,0.60u,16,drop_at_100mA,0.0529958,0.1,0.529958,8.47934,3.577
pfet_05v0,ff,27,3.63,0.60u,16,rlin_at_50mV,0.05,0.0944265,0.529512,8.4722,3.58
pfet_05v0,ff,27,3.63,1.00u,1,drop_at_50mA,0.976418,0.05,19.5284,19.5284,2.65358
pfet_05v0,ff,27,3.63,1.00u,1,drop_at_100mA,9.00211,0.1,90.0211,90.0211,-5.37211
pfet_05v0,ff,27,3.63,1.00u,1,rlin_at_50mV,0.05,0.00335386,14.9082,14.9082,3.58
pfet_05v0,ff,27,3.63,1.00u,2,drop_at_50mA,0.411539,0.05,8.23077,16.4615,3.21846
pfet_05v0,ff,27,3.63,1.00u,2,drop_at_100mA,0.976418,0.1,9.76418,19.5284,2.65358
pfet_05v0,ff,27,3.63,1.00u,2,rlin_at_50mV,0.05,0.00670773,7.45409,14.9082,3.58
pfet_05v0,ff,27,3.63,1.00u,4,drop_at_50mA,0.193677,0.05,3.87355,15.4942,3.43632
pfet_05v0,ff,27,3.63,1.00u,4,drop_at_100mA,0.411539,0.1,4.11539,16.4615,3.21846
pfet_05v0,ff,27,3.63,1.00u,4,rlin_at_50mV,0.05,0.0134155,3.72704,14.9082,3.58
pfet_05v0,ff,27,3.63,1.00u,8,drop_at_50mA,0.0942793,0.05,1.88559,15.0847,3.53572
pfet_05v0,ff,27,3.63,1.00u,8,drop_at_100mA,0.193677,0.1,1.93677,15.4942,3.43632
pfet_05v0,ff,27,3.63,1.00u,8,rlin_at_50mV,0.05,0.0268309,1.86352,14.9082,3.58
pfet_05v0,ff,27,3.63,1.00u,16,drop_at_50mA,0.0465455,0.05,0.930909,14.8946,3.58345
pfet_05v0,ff,27,3.63,1.00u,16,drop_at_100mA,0.0942793,0.1,0.942793,15.0847,3.53572
pfet_05v0,ff,27,3.63,1.00u,16,rlin_at_50mV,0.05,0.0536618,0.931761,14.9082,3.58
pfet_05v0,ff,27,4.50,0.50u,1,drop_at_50mA,0.314755,0.05,6.2951,6.2951,4.18525
pfet_05v0,ff,27,4.50,0.50u,1,drop_at_100mA,0.690157,0.1,6.90157,6.90157,3.80984
pfet_05v0,ff,27,4.50,0.50u,1,rlin_at_50mV,0.05,0.00845996,5.91019,5.91019,4.45
pfet_05v0,ff,27,4.50,0.50u,2,drop_at_50mA,0.151342,0.05,3.02685,6.0537,4.34866
pfet_05v0,ff,27,4.50,0.50u,2,drop_at_100mA,0.314755,0.1,3.14755,6.2951,4.18525
pfet_05v0,ff,27,4.50,0.50u,2,rlin_at_50mV,0.05,0.0169199,2.9551,5.91019,4.45
pfet_05v0,ff,27,4.50,0.50u,4,drop_at_50mA,0.0743024,0.05,1.48605,5.94419,4.4257
pfet_05v0,ff,27,4.50,0.50u,4,drop_at_100mA,0.151342,0.1,1.51342,6.0537,4.34866
pfet_05v0,ff,27,4.50,0.50u,4,rlin_at_50mV,0.05,0.0338399,1.47755,5.91019,4.45
pfet_05v0,ff,27,4.50,0.50u,8,drop_at_50mA,0.0368242,0.05,0.736483,5.89187,4.46318
pfet_05v0,ff,27,4.50,0.50u,8,drop_at_100mA,0.0743024,0.1,0.743024,5.94419,4.4257
pfet_05v0,ff,27,4.50,0.50u,8,rlin_at_50mV,0.05,0.0676797,0.738774,5.91019,4.45
pfet_05v0,ff,27,4.50,0.50u,16,drop_at_50mA,0.0183321,0.05,0.366642,5.86627,4.48167
pfet_05v0,ff,27,4.50,0.50u,16,drop_at_100mA,0.0368242,0.1,0.368242,5.89187,4.46318
pfet_05v0,ff,27,4.50,0.50u,16,rlin_at_50mV,0.05,0.135359,0.369387,5.91019,4.45
pfet_05v0,ff,27,4.50,0.60u,1,drop_at_50mA,0.389651,0.05,7.79302,7.79302,4.11035
pfet_05v0,ff,27,4.50,0.60u,1,drop_at_100mA,0.876515,0.1,8.76515,8.76515,3.62349
pfet_05v0,ff,27,4.50,0.60u,1,rlin_at_50mV,0.05,0.00693897,7.20568,7.20568,4.45
pfet_05v0,ff,27,4.50,0.60u,2,drop_at_50mA,0.185815,0.05,3.7163,7.4326,4.31418
pfet_05v0,ff,27,4.50,0.60u,2,drop_at_100mA,0.389651,0.1,3.89651,7.79302,4.11035
pfet_05v0,ff,27,4.50,0.60u,2,rlin_at_50mV,0.05,0.0138779,3.60284,7.20568,4.45
pfet_05v0,ff,27,4.50,0.60u,4,drop_at_50mA,0.0909123,0.05,1.81825,7.27298,4.40909
pfet_05v0,ff,27,4.50,0.60u,4,drop_at_100mA,0.185815,0.1,1.85815,7.4326,4.31418
pfet_05v0,ff,27,4.50,0.60u,4,rlin_at_50mV,0.05,0.0277559,1.80142,7.20568,4.45
pfet_05v0,ff,27,4.50,0.60u,8,drop_at_50mA,0.0449843,0.05,0.899687,7.19749,4.45502
pfet_05v0,ff,27,4.50,0.60u,8,drop_at_100mA,0.0909123,0.1,0.909123,7.27298,4.40909
pfet_05v0,ff,27,4.50,0.60u,8,rlin_at_50mV,0.05,0.0555117,0.90071,7.20568,4.45
pfet_05v0,ff,27,4.50,0.60u,16,drop_at_50mA,0.0223773,0.05,0.447547,7.16075,4.47762
pfet_05v0,ff,27,4.50,0.60u,16,drop_at_100mA,0.0449843,0.1,0.449843,7.19749,4.45502
pfet_05v0,ff,27,4.50,0.60u,16,rlin_at_50mV,0.05,0.111023,0.450355,7.20568,4.45
pfet_05v0,ff,27,4.50,1.00u,1,drop_at_50mA,0.725125,0.05,14.5025,14.5025,3.77488
pfet_05v0,ff,27,4.50,1.00u,1,drop_at_100mA,2.04639,0.1,20.4639,20.4639,2.45361
pfet_05v0,ff,27,4.50,1.00u,1,rlin_at_50mV,0.05,0.00399869,12.5041,12.5041,4.45
pfet_05v0,ff,27,4.50,1.00u,2,drop_at_50mA,0.331982,0.05,6.63964,13.2793,4.16802
pfet_05v0,ff,27,4.50,1.00u,2,drop_at_100mA,0.725125,0.1,7.25125,14.5025,3.77488
pfet_05v0,ff,27,4.50,1.00u,2,rlin_at_50mV,0.05,0.00799737,6.25205,12.5041,4.45
pfet_05v0,ff,27,4.50,1.00u,4,drop_at_50mA,0.159966,0.05,3.19931,12.7973,4.34003
pfet_05v0,ff,27,4.50,1.00u,4,drop_at_100mA,0.331982,0.1,3.31982,13.2793,4.16802
pfet_05v0,ff,27,4.50,1.00u,4,rlin_at_50mV,0.05,0.0159947,3.12603,12.5041,4.45
pfet_05v0,ff,27,4.50,1.00u,8,drop_at_50mA,0.0786208,0.05,1.57242,12.5793,4.42138
pfet_05v0,ff,27,4.50,1.00u,8,drop_at_100mA,0.159966,0.1,1.59966,12.7973,4.34003
pfet_05v0,ff,27,4.50,1.00u,8,rlin_at_50mV,0.05,0.0319895,1.56301,12.5041,4.45
pfet_05v0,ff,27,4.50,1.00u,16,drop_at_50mA,0.0389855,0.05,0.77971,12.4754,4.46101
pfet_05v0,ff,27,4.50,1.00u,16,drop_at_100mA,0.0786208,0.1,0.786208,12.5793,4.42138
pfet_05v0,ff,27,4.50,1.00u,16,rlin_at_50mV,0.05,0.063979,0.781507,12.5041,4.45
pfet_05v0,ff,27,5.00,0.50u,1,drop_at_50mA,0.290771,0.05,5.81542,5.81542,4.70923
pfet_05v0,ff,27,5.00,0.50u,1,drop_at_100mA,0.626047,0.1,6.26047,6.26047,4.37395
pfet_05v0,ff,27,5.00,0.50u,1,rlin_at_50mV,0.05,0.00905589,5.52127,5.52127,4.95
pfet_05v0,ff,27,5.00,0.50u,2,drop_at_50mA,0.140745,0.05,2.8149,5.6298,4.85925
pfet_05v0,ff,27,5.00,0.50u,2,drop_at_100mA,0.290771,0.1,2.90771,5.81542,4.70923
pfet_05v0,ff,27,5.00,0.50u,2,rlin_at_50mV,0.05,0.0181118,2.76063,5.52127,4.95
pfet_05v0,ff,27,5.00,0.50u,4,drop_at_50mA,0.0693016,0.05,1.38603,5.54413,4.9307
pfet_05v0,ff,27,5.00,0.50u,4,drop_at_100mA,0.140745,0.1,1.40745,5.6298,4.85925
pfet_05v0,ff,27,5.00,0.50u,4,rlin_at_50mV,0.05,0.0362236,1.38032,5.52127,4.95
pfet_05v0,ff,27,5.00,0.50u,8,drop_at_50mA,0.034393,0.05,0.68786,5.50288,4.96561
pfet_05v0,ff,27,5.00,0.50u,8,drop_at_100mA,0.0693016,0.1,0.693016,5.54413,4.9307
pfet_05v0,ff,27,5.00,0.50u,8,rlin_at_50mV,0.05,0.0724471,0.690159,5.52127,4.95
pfet_05v0,ff,27,5.00,0.50u,16,drop_at_50mA,0.0171332,0.05,0.342664,5.48263,4.98287
pfet_05v0,ff,27,5.00,0.50u,16,drop_at_100mA,0.034393,0.1,0.34393,5.50288,4.96561
pfet_05v0,ff,27,5.00,0.50u,16,rlin_at_50mV,0.05,0.144894,0.345079,5.52127,4.95
pfet_05v0,ff,27,5.00,0.60u,1,drop_at_50mA,0.357657,0.05,7.15313,7.15313,4.64234
pfet_05v0,ff,27,5.00,0.60u,1,drop_at_100mA,0.783821,0.1,7.83821,7.83821,4.21618
pfet_05v0,ff,27,5.00,0.60u,1,rlin_at_50mV,0.05,0.00745099,6.71052,6.71052,4.95
pfet_05v0,ff,27,5.00,0.60u,2,drop_at_50mA,0.172033,0.05,3.44067,6.88133,4.82797
pfet_05v0,ff,27,5.00,0.60u,2,drop_at_100mA,0.357657,0.1,3.57657,7.15313,4.64234
pfet_05v0,ff,27,5.00,0.60u,2,rlin_at_50mV,0.05,0.014902,3.35526,6.71052,4.95
pfet_05v0,ff,27,5.00,0.60u,4,drop_at_50mA,0.0844771,0.05,1.68954,6.75817,4.91552
pfet_05v0,ff,27,5.00,0.60u,4,drop_at_100mA,0.172033,0.1,1.72033,6.88133,4.82797
pfet_05v0,ff,27,5.00,0.60u,4,rlin_at_50mV,0.05,0.029804,1.67763,6.71052,4.95
pfet_05v0,ff,27,5.00,0.60u,8,drop_at_50mA,0.0418709,0.05,0.837419,6.69935,4.95813
pfet_05v0,ff,27,5.00,0.60u,8,drop_at_100mA,0.0844771,0.1,0.844771,6.75817,4.91552
pfet_05v0,ff,27,5.00,0.60u,8,rlin_at_50mV,0.05,0.0596079,0.838815,6.71052,4.95
pfet_05v0,ff,27,5.00,0.60u,16,drop_at_50mA,0.0208456,0.05,0.416912,6.67059,4.97915
pfet_05v0,ff,27,5.00,0.60u,16,drop_at_100mA,0.0418709,0.1,0.418709,6.69935,4.95813
pfet_05v0,ff,27,5.00,0.60u,16,rlin_at_50mV,0.05,0.119216,0.419407,6.71052,4.95
pfet_05v0,ff,27,5.00,1.00u,1,drop_at_50mA,0.650162,0.05,13.0032,13.0032,4.34984
pfet_05v0,ff,27,5.00,1.00u,1,drop_at_100mA,1.59434,0.1,15.9434,15.9434,3.40566
pfet_05v0,ff,27,5.00,1.00u,1,rlin_at_50mV,0.05,0.00432045,11.5729,11.5729,4.95
pfet_05v0,ff,27,5.00,1.00u,2,drop_at_50mA,0.303605,0.05,6.0721,12.1442,4.69639
pfet_05v0,ff,27,5.00,1.00u,2,drop_at_100mA,0.650162,0.1,6.50162,13.0032,4.34984
pfet_05v0,ff,27,5.00,1.00u,2,rlin_at_50mV,0.05,0.0086409,5.78643,11.5729,4.95
pfet_05v0,ff,27,5.00,1.00u,4,drop_at_50mA,0.147336,0.05,2.94672,11.7869,4.85266
pfet_05v0,ff,27,5.00,1.00u,4,drop_at_100mA,0.303605,0.1,3.03605,12.1442,4.69639
pfet_05v0,ff,27,5.00,1.00u,4,rlin_at_50mV,0.05,0.0172818,2.89322,11.5729,4.95
pfet_05v0,ff,27,5.00,1.00u,8,drop_at_50mA,0.072638,0.05,1.45276,11.6221,4.92736
pfet_05v0,ff,27,5.00,1.00u,8,drop_at_100mA,0.147336,0.1,1.47336,11.7869,4.85266
pfet_05v0,ff,27,5.00,1.00u,8,rlin_at_50mV,0.05,0.0345636,1.44661,11.5729,4.95
pfet_05v0,ff,27,5.00,1.00u,16,drop_at_50mA,0.0360711,0.05,0.721423,11.5428,4.96393
pfet_05v0,ff,27,5.00,1.00u,16,drop_at_100mA,0.072638,0.1,0.72638,11.6221,4.92736
pfet_05v0,ff,27,5.00,1.00u,16,rlin_at_50mV,0.05,0.0691272,0.723304,11.5729,4.95
pfet_05v0,ff,27,5.50,0.50u,1,drop_at_50mA,0.272302,0.05,5.44605,5.44605,5.2277
pfet_05v0,ff,27,5.50,0.50u,1,drop_at_100mA,0.579134,0.1,5.79134,5.79134,4.92087
pfet_05v0,ff,27,5.50,0.50u,1,rlin_at_50mV,0.05,0.00959272,5.21229,5.21229,5.45
pfet_05v0,ff,27,5.50,0.50u,2,drop_at_50mA,0.132436,0.05,2.64873,5.29745,5.36756
pfet_05v0,ff,27,5.50,0.50u,2,drop_at_100mA,0.272302,0.1,2.72302,5.44605,5.2277
pfet_05v0,ff,27,5.50,0.50u,2,rlin_at_50mV,0.05,0.0191854,2.60614,5.21229,5.45
pfet_05v0,ff,27,5.50,0.50u,4,drop_at_50mA,0.0653502,0.05,1.307,5.22801,5.43465
pfet_05v0,ff,27,5.50,0.50u,4,drop_at_100mA,0.132436,0.1,1.32436,5.29745,5.36756
pfet_05v0,ff,27,5.50,0.50u,4,rlin_at_50mV,0.05,0.0383709,1.30307,5.21229,5.45
pfet_05v0,ff,27,5.50,0.50u,8,drop_at_50mA,0.032465,0.05,0.6493,5.1944,5.46754
pfet_05v0,ff,27,5.50,0.50u,8,drop_at_100mA,0.0653502,0.1,0.653502,5.22801,5.43465
pfet_05v0,ff,27,5.50,0.50u,8,rlin_at_50mV,0.05,0.0767417,0.651536,5.21229,5.45
pfet_05v0,ff,27,5.50,0.50u,16,drop_at_50mA,0.0161808,0.05,0.323616,5.17785,5.48382
pfet_05v0,ff,27,5.50,0.50u,16,drop_at_100mA,0.032465,0.1,0.32465,5.1944,5.46754
pfet_05v0,ff,27,5.50,0.50u,16,rlin_at_50mV,0.05,0.153483,0.325768,5.21229,5.45
pfet_05v0,ff,27,5.50,0.60u,1,drop_at_50mA,0.333328,0.05,6.66656,6.66656,5.16667
pfet_05v0,ff,27,5.50,0.60u,1,drop_at_100mA,0.718395,0.1,7.18395,7.18395,4.7816
pfet_05v0,ff,27,5.50,0.60u,1,rlin_at_50mV,0.05,0.00791328,6.3185,6.3185,5.45
pfet_05v0,ff,27,5.50,0.60u,2,drop_at_50mA,0.161304,0.05,3.22609,6.45217,5.3387
pfet_05v0,ff,27,5.50,0.60u,2,drop_at_100mA,0.333328,0.1,3.33328,6.66656,5.16667
pfet_05v0,ff,27,5.50,0.60u,2,rlin_at_50mV,0.05,0.0158266,3.15925,6.3185,5.45
pfet_05v0,ff,27,5.50,0.60u,4,drop_at_50mA,0.0794182,0.05,1.58836,6.35345,5.42058
pfet_05v0,ff,27,5.50,0.60u,4,drop_at_100mA,0.161304,0.1,1.61304,6.45217,5.3387
pfet_05v0,ff,27,5.50,0.60u,4,rlin_at_50mV,0.05,0.0316531,1.57962,6.3185,5.45
pfet_05v0,ff,27,5.50,0.60u,8,drop_at_50mA,0.0394124,0.05,0.788247,6.30598,5.46059
pfet_05v0,ff,27,5.50,0.60u,8,drop_at_100mA,0.0794182,0.1,0.794182,6.35345,5.42058
pfet_05v0,ff,27,5.50,0.60u,8,rlin_at_50mV,0.05,0.0633062,0.789812,6.3185,5.45
pfet_05v0,ff,27,5.50,0.60u,16,drop_at_50mA,0.0196334,0.05,0.392668,6.28269,5.48037
pfet_05v0,ff,27,5.50,0.60u,16,drop_at_100mA,0.0394124,0.1,0.394124,6.30598,5.46059
pfet_05v0,ff,27,5.50,0.60u,16,rlin_at_50mV,0.05,0.126612,0.394906,6.3185,5.45
pfet_05v0,ff,27,5.50,1.00u,1,drop_at_50mA,0.596247,0.05,11.9249,11.9249,4.90375
pfet_05v0,ff,27,5.50,1.00u,1,drop_at_100mA,1.38333,0.1,13.8333,13.8333,4.11667
pfet_05v0,ff,27,5.50,1.00u,1,rlin_at_50mV,0.05,0.00461249,10.8401,10.8401,5.45
pfet_05v0,ff,27,5.50,1.00u,2,drop_at_50mA,0.282015,0.05,5.64031,11.2806,5.21798
pfet_05v0,ff,27,5.50,1.00u,2,drop_at_100mA,0.596247,0.1,5.96247,11.9249,4.90375
pfet_05v0,ff,27,5.50,1.00u,2,rlin_at_50mV,0.05,0.00922498,5.42007,10.8401,5.45
pfet_05v0,ff,27,5.50,1.00u,4,drop_at_50mA,0.137538,0.05,2.75076,11.003,5.36246
pfet_05v0,ff,27,5.50,1.00u,4,drop_at_100mA,0.282015,0.1,2.82015,11.2806,5.21798
pfet_05v0,ff,27,5.50,1.00u,4,rlin_at_50mV,0.05,0.01845,2.71003,10.8401,5.45
pfet_05v0,ff,27,5.50,1.00u,8,drop_at_50mA,0.0679577,0.05,1.35915,10.8732,5.43204
pfet_05v0,ff,27,5.50,1.00u,8,drop_at_100mA,0.137538,0.1,1.37538,11.003,5.36246
pfet_05v0,ff,27,5.50,1.00u,8,rlin_at_50mV,0.05,0.0368999,1.35502,10.8401,5.45
pfet_05v0,ff,27,5.50,1.00u,16,drop_at_50mA,0.0337824,0.05,0.675649,10.8104,5.46622
pfet_05v0,ff,27,5.50,1.00u,16,drop_at_100mA,0.0679577,0.1,0.679577,10.8732,5.43204
pfet_05v0,ff,27,5.50,1.00u,16,rlin_at_50mV,0.05,0.0737998,0.677508,10.8401,5.45
pfet_05v0,ff,125,2.10,0.50u,1,drop_at_50mA,3.5556,0.05,71.1119,71.1119,-1.4556
pfet_05v0,ff,125,2.10,0.50u,1,drop_at_100mA,9.11333,0.1,91.1333,91.1333,-7.01333
pfet_05v0,ff,125,2.10,0.50u,1,rlin_at_50mV,0.05,0.00328851,15.2045,15.2045,2.05
pfet_05v0,ff,125,2.10,0.50u,2,drop_at_50mA,0.459707,0.05,9.19415,18.3883,1.64029
pfet_05v0,ff,125,2.10,0.50u,2,drop_at_100mA,3.5556,0.1,35.556,71.1119,-1.4556
pfet_05v0,ff,125,2.10,0.50u,2,rlin_at_50mV,0.05,0.00657702,7.60223,15.2045,2.05
pfet_05v0,ff,125,2.10,0.50u,4,drop_at_50mA,0.203445,0.05,4.0689,16.2756,1.89655
pfet_05v0,ff,125,2.10,0.50u,4,drop_at_100mA,0.459707,0.1,4.59707,18.3883,1.64029
pfet_05v0,ff,125,2.10,0.50u,4,rlin_at_50mV,0.05,0.013154,3.80112,15.2045,2.05
pfet_05v0,ff,125,2.10,0.50u,8,drop_at_50mA,0.096995,0.05,1.9399,15.5192,2.003
pfet_05v0,ff,125,2.10,0.50u,8,drop_at_100mA,0.203445,0.1,2.03445,16.2756,1.89655
pfet_05v0,ff,125,2.10,0.50u,8,rlin_at_50mV,0.05,0.0263081,1.90056,15.2045,2.05
pfet_05v0,ff,125,2.10,0.50u,16,drop_at_50mA,0.0474618,0.05,0.949236,15.1878,2.05254
pfet_05v0,ff,125,2.10,0.50u,16,drop_at_100mA,0.096995,0.1,0.96995,15.5192,2.003
pfet_05v0,ff,125,2.10,0.50u,16,rlin_at_50mV,0.05,0.0526161,0.950279,15.2045,2.05
pfet_05v0,ff,125,2.10,0.60u,1,drop_at_50mA,7.99908,0.05,159.982,159.982,-5.89908
pfet_05v0,ff,125,2.10,0.60u,1,drop_at_100mA,9.87712,0.1,98.7712,98.7712,-7.77712
pfet_05v0,ff,125,2.10,0.60u,1,rlin_at_50mV,0.05,0.00262135,19.0741,19.0741,2.05
pfet_05v0,ff,125,2.10,0.60u,2,drop_at_50mA,0.636986,0.05,12.7397,25.4794,1.46301
pfet_05v0,ff,125,2.10,0.60u,2,drop_at_100mA,7.99908,0.1,79.9908,159.982,-5.89908
pfet_05v0,ff,125,2.10,0.60u,2,rlin_at_50mV,0.05,0.0052427,9.53707,19.0741,2.05
pfet_05v0,ff,125,2.10,0.60u,4,drop_at_50mA,0.262793,0.05,5.25585,21.0234,1.83721
pfet_05v0,ff,125,2.10,0.60u,4,drop_at_100mA,0.636986,0.1,6.36986,25.4794,1.46301
pfet_05v0,ff,125,2.10,0.60u,4,rlin_at_50mV,0.05,0.0104854,4.76853,19.0741,2.05
pfet_05v0,ff,125,2.10,0.60u,8,drop_at_50mA,0.123165,0.05,2.4633,19.7064,1.97683
pfet_05v0,ff,125,2.10,0.60u,8,drop_at_100mA,0.262793,0.1,2.62793,21.0234,1.83721
pfet_05v0,ff,125,2.10,0.60u,8,rlin_at_50mV,0.05,0.0209708,2.38427,19.0741,2.05
pfet_05v0,ff,125,2.10,0.60u,16,drop_at_50mA,0.0598665,0.05,1.19733,19.1573,2.04013
pfet_05v0,ff,125,2.10,0.60u,16,drop_at_100mA,0.123165,0.1,1.23165,19.7064,1.97683
pfet_05v0,ff,125,2.10,0.60u,16,rlin_at_50mV,0.05,0.0419416,1.19213,19.0741,2.05
pfet_05v0,ff,125,2.10,1.00u,1,drop_at_50mA,10.0193,0.05,200.387,200.387,-7.91934
pfet_05v0,ff,125,2.10,1.00u,1,drop_at_100mA,11.4815,0.1,114.815,114.815,-9.38152
pfet_05v0,ff,125,2.10,1.00u,1,rlin_at_50mV,0.05,0.00143059,34.9506,34.9506,2.05
pfet_05v0,ff,125,2.10,1.00u,2,drop_at_50mA,8.22589,0.05,164.518,329.036,-6.12589
pfet_05v0,ff,125,2.10,1.00u,2,drop_at_100mA,10.0193,0.1,100.193,200.387,-7.91934
pfet_05v0,ff,125,2.10,1.00u,2,rlin_at_50mV,0.05,0.00286118,17.4753,34.9506,2.05
pfet_05v0,ff,125,2.10,1.00u,4,drop_at_50mA,0.570587,0.05,11.4117,45.647,1.52941
pfet_05v0,ff,125,2.10,1.00u,4,drop_at_100mA,8.22589,0.1,82.2589,329.036,-6.12589
pfet_05v0,ff,125,2.10,1.00u,4,rlin_at_50mV,0.05,0.00572237,8.73764,34.9506,2.05
pfet_05v0,ff,125,2.10,1.00u,8,drop_at_50mA,0.238932,0.05,4.77864,38.2291,1.86107
pfet_05v0,ff,125,2.10,1.00u,8,drop_at_100mA,0.570587,0.1,5.70587,45.647,1.52941
pfet_05v0,ff,125,2.10,1.00u,8,rlin_at_50mV,0.05,0.0114447,4.36882,34.9506,2.05
pfet_05v0,ff,125,2.10,1.00u,16,drop_at_50mA,0.112416,0.05,2.24831,35.973,1.98758
pfet_05v0,ff,125,2.10,1.00u,16,drop_at_100mA,0.238932,0.1,2.38932,38.2291,1.86107
pfet_05v0,ff,125,2.10,1.00u,16,rlin_at_50mV,0.05,0.0228895,2.18441,34.9506,2.05
pfet_05v0,ff,125,2.97,0.50u,1,drop_at_50mA,0.649403,0.05,12.9881,12.9881,2.3206
pfet_05v0,ff,125,2.97,0.50u,1,drop_at_100mA,3.88693,0.1,38.8693,38.8693,-0.916927
pfet_05v0,ff,125,2.97,0.50u,1,rlin_at_50mV,0.05,0.00464571,10.7626,10.7626,2.92
pfet_05v0,ff,125,2.97,0.50u,2,drop_at_50mA,0.289215,0.05,5.7843,11.5686,2.68079
pfet_05v0,ff,125,2.97,0.50u,2,drop_at_100mA,0.649403,0.1,6.49403,12.9881,2.3206
pfet_05v0,ff,125,2.97,0.50u,2,rlin_at_50mV,0.05,0.00929143,5.3813,10.7626,2.92
pfet_05v0,ff,125,2.97,0.50u,4,drop_at_50mA,0.138105,0.05,2.76209,11.0484,2.8319
pfet_05v0,ff,125,2.97,0.50u,4,drop_at_100mA,0.289215,0.1,2.89215,11.5686,2.68079
pfet_05v0,ff,125,2.97,0.50u,4,rlin_at_50mV,0.05,0.0185829,2.69065,10.7626,2.92
pfet_05v0,ff,125,2.97,0.50u,8,drop_at_50mA,0.0676173,0.05,1.35235,10.8188,2.90238
pfet_05v0,ff,125,2.97,0.50u,8,drop_at_100mA,0.138105,0.1,1.38105,11.0484,2.8319
pfet_05v0,ff,125,2.97,0.50u,8,rlin_at_50mV,0.05,0.0371657,1.34533,10.7626,2.92
pfet_05v0,ff,125,2.97,0.50u,16,drop_at_50mA,0.0334698,0.05,0.669397,10.7103,2.93653
pfet_05v0,ff,125,2.97,0.50u,16,drop_at_100mA,0.0676173,0.1,0.676173,10.8188,2.90238
pfet_05v0,ff,125,2.97,0.50u,16,rlin_at_50mV,0.05,0.0743314,0.672663,10.7626,2.92
pfet_05v0,ff,125,2.97,0.60u,1,drop_at_50mA,0.871785,0.05,17.4357,17.4357,2.09821
pfet_05v0,ff,125,2.97,0.60u,1,drop_at_100mA,8.43965,0.1,84.3965,84.3965,-5.46965
pfet_05v0,ff,125,2.97,0.60u,1,rlin_at_50mV,0.05,0.00374507,13.3509,13.3509,2.92
pfet_05v0,ff,125,2.97,0.60u,2,drop_at_50mA,0.367796,0.05,7.35592,14.7118,2.6022
pfet_05v0,ff,125,2.97,0.60u,2,drop_at_100mA,0.871785,0.1,8.71785,17.4357,2.09821
pfet_05v0,ff,125,2.97,0.60u,2,rlin_at_50mV,0.05,0.00749014,6.67544,13.3509,2.92
pfet_05v0,ff,125,2.97,0.60u,4,drop_at_50mA,0.173143,0.05,3.46287,13.8515,2.79686
pfet_05v0,ff,125,2.97,0.60u,4,drop_at_100mA,0.367796,0.1,3.67796,14.7118,2.6022
pfet_05v0,ff,125,2.97,0.60u,4,rlin_at_50mV,0.05,0.0149803,3.33772,13.3509,2.92
pfet_05v0,ff,125,2.97,0.60u,8,drop_at_50mA,0.0842946,0.05,1.68589,13.4871,2.88571
pfet_05v0,ff,125,2.97,0.60u,8,drop_at_100mA,0.173143,0.1,1.73143,13.8515,2.79686
pfet_05v0,ff,125,2.97,0.60u,8,rlin_at_50mV,0.05,0.0299606,1.66886,13.3509,2.92
pfet_05v0,ff,125,2.97,0.60u,16,drop_at_50mA,0.0416186,0.05,0.832372,13.3179,2.92838
pfet_05v0,ff,125,2.97,0.60u,16,drop_at_100mA,0.0842946,0.1,0.842946,13.4871,2.88571
pfet_05v0,ff,125,2.97,0.60u,16,rlin_at_50mV,0.05,0.0599211,0.83443,13.3509,2.92
pfet_05v0,ff,125,2.97,1.00u,1,drop_at_50mA,8.39761,0.05,167.952,167.952,-5.42761
pfet_05v0,ff,125,2.97,1.00u,1,drop_at_100mA,10.4009,0.1,104.009,104.009,-7.43086
pfet_05v0,ff,125,2.97,1.00u,1,rlin_at_50mV,0.05,0.00208842,23.9415,23.9415,2.92
pfet_05v0,ff,125,2.97,1.00u,2,drop_at_50mA,0.752602,0.05,15.052,30.1041,2.2174
pfet_05v0,ff,125,2.97,1.00u,2,drop_at_100mA,8.39761,0.1,83.9761,167.952,-5.42761
pfet_05v0,ff,125,2.97,1.00u,2,rlin_at_50mV,0.05,0.00417685,11.9707,23.9415,2.92
pfet_05v0,ff,125,2.97,1.00u,4,drop_at_50mA,0.325685,0.05,6.5137,26.0548,2.64431
pfet_05v0,ff,125,2.97,1.00u,4,drop_at_100mA,0.752602,0.1,7.52602,30.1041,2.2174
pfet_05v0,ff,125,2.97,1.00u,4,rlin_at_50mV,0.05,0.0083537,5.98537,23.9415,2.92
pfet_05v0,ff,125,2.97,1.00u,8,drop_at_50mA,0.154395,0.05,3.0879,24.7032,2.8156
pfet_05v0,ff,125,2.97,1.00u,8,drop_at_100mA,0.325685,0.1,3.25685,26.0548,2.64431
pfet_05v0,ff,125,2.97,1.00u,8,rlin_at_50mV,0.05,0.0167074,2.99269,23.9415,2.92
pfet_05v0,ff,125,2.97,1.00u,16,drop_at_50mA,0.0753834,0.05,1.50767,24.1227,2.89462
pfet_05v0,ff,125,2.97,1.00u,16,drop_at_100mA,0.154395,0.1,1.54395,24.7032,2.8156
pfet_05v0,ff,125,2.97,1.00u,16,rlin_at_50mV,0.05,0.0334148,1.49634,23.9415,2.92
pfet_05v0,ff,125,3.30,0.50u,1,drop_at_50mA,0.565518,0.05,11.3104,11.3104,2.73448
pfet_05v0,ff,125,3.30,0.50u,1,drop_at_100mA,1.55672,0.1,15.5672,15.5672,1.74328
pfet_05v0,ff,125,3.30,0.50u,1,rlin_at_50mV,0.05,0.00509862,9.80657,9.80657,3.25
pfet_05v0,ff,125,3.30,0.50u,2,drop_at_50mA,0.25939,0.05,5.18779,10.3756,3.04061
pfet_05v0,ff,125,3.30,0.50u,2,drop_at_100mA,0.565518,0.1,5.65518,11.3104,2.73448
pfet_05v0,ff,125,3.30,0.50u,2,rlin_at_50mV,0.05,0.0101972,4.90328,9.80657,3.25
pfet_05v0,ff,125,3.30,0.50u,4,drop_at_50mA,0.125057,0.05,2.50115,10.0046,3.17494
pfet_05v0,ff,125,3.30,0.50u,4,drop_at_100mA,0.25939,0.1,2.5939,10.3756,3.04061
pfet_05v0,ff,125,3.30,0.50u,4,rlin_at_50mV,0.05,0.0203945,2.45164,9.80657,3.25
pfet_05v0,ff,125,3.30,0.50u,8,drop_at_50mA,0.0614777,0.05,1.22955,9.83644,3.23852
pfet_05v0,ff,125,3.30,0.50u,8,drop_at_100mA,0.125057,0.1,1.25057,10.0046,3.17494
pfet_05v0,ff,125,3.30,0.50u,8,rlin_at_50mV,0.05,0.040789,1.22582,9.80657,3.25
pfet_05v0,ff,125,3.30,0.50u,16,drop_at_50mA,0.0304879,0.05,0.609758,9.75612,3.26951
pfet_05v0,ff,125,3.30,0.50u,16,drop_at_100mA,0.0614777,0.1,0.614777,9.83644,3.23852
pfet_05v0,ff,125,3.30,0.50u,16,rlin_at_50mV,0.05,0.081578,0.61291,9.80657,3.25
pfet_05v0,ff,125,3.30,0.60u,1,drop_at_50mA,0.735829,0.05,14.7166,14.7166,2.56417
pfet_05v0,ff,125,3.30,0.60u,1,drop_at_100mA,6.32908,0.1,63.2908,63.2908,-3.02908
pfet_05v0,ff,125,3.30,0.60u,1,rlin_at_50mV,0.05,0.00412228,12.1292,12.1292,3.25
pfet_05v0,ff,125,3.30,0.60u,2,drop_at_50mA,0.326805,0.05,6.53611,13.0722,2.97319
pfet_05v0,ff,125,3.30,0.60u,2,drop_at_100mA,0.735829,0.1,7.35829,14.7166,2.56417
pfet_05v0,ff,125,3.30,0.60u,2,rlin_at_50mV,0.05,0.00824456,6.06461,12.1292,3.25
pfet_05v0,ff,125,3.30,0.60u,4,drop_at_50mA,0.155951,0.05,3.11903,12.4761,3.14405
pfet_05v0,ff,125,3.30,0.60u,4,drop_at_100mA,0.326805,0.1,3.26805,13.0722,2.97319
pfet_05v0,ff,125,3.30,0.60u,4,rlin_at_50mV,0.05,0.0164891,3.0323,12.1292,3.25
pfet_05v0,ff,125,3.30,0.60u,8,drop_at_50mA,0.0763369,0.05,1.52674,12.2139,3.22366
pfet_05v0,ff,125,3.30,0.60u,8,drop_at_100mA,0.155951,0.1,1.55951,12.4761,3.14405
pfet_05v0,ff,125,3.30,0.60u,8,rlin_at_50mV,0.05,0.0329782,1.51615,12.1292,3.25
pfet_05v0,ff,125,3.30,0.60u,16,drop_at_50mA,0.0377821,0.05,0.755641,12.0903,3.26222
pfet_05v0,ff,125,3.30,0.60u,16,drop_at_100mA,0.0763369,0.1,0.763369,12.2139,3.22366
pfet_05v0,ff,125,3.30,0.60u,16,rlin_at_50mV,0.05,0.0659564,0.758076,12.1292,3.25
pfet_05v0,ff,125,3.30,1.00u,1,drop_at_50mA,3.61687,0.05,72.3375,72.3375,-0.316873
pfet_05v0,ff,125,3.30,1.00u,1,drop_at_100mA,10.1182,0.1,101.182,101.182,-6.81817
pfet_05v0,ff,125,3.30,1.00u,1,rlin_at_50mV,0.05,0.00231201,21.6262,21.6262,3.25
pfet_05v0,ff,125,3.30,1.00u,2,drop_at_50mA,0.63753,0.05,12.7506,25.5012,2.66247
pfet_05v0,ff,125,3.30,1.00u,2,drop_at_100mA,3.61687,0.1,36.1687,72.3375,-0.316873
pfet_05v0,ff,125,3.30,1.00u,2,rlin_at_50mV,0.05,0.00462401,10.8131,21.6262,3.25
pfet_05v0,ff,125,3.30,1.00u,4,drop_at_50mA,0.288225,0.05,5.76449,23.058,3.01178
pfet_05v0,ff,125,3.30,1.00u,4,drop_at_100mA,0.63753,0.1,6.3753,25.5012,2.66247
pfet_05v0,ff,125,3.30,1.00u,4,rlin_at_50mV,0.05,0.00924803,5.40656,21.6262,3.25
pfet_05v0,ff,125,3.30,1.00u,8,drop_at_50mA,0.138361,0.05,2.76722,22.1378,3.16164
pfet_05v0,ff,125,3.30,1.00u,8,drop_at_100mA,0.288225,0.1,2.88225,23.058,3.01178
pfet_05v0,ff,125,3.30,1.00u,8,rlin_at_50mV,0.05,0.0184961,2.70328,21.6262,3.25
pfet_05v0,ff,125,3.30,1.00u,16,drop_at_50mA,0.0679003,0.05,1.35801,21.7281,3.2321
pfet_05v0,ff,125,3.30,1.00u,16,drop_at_100mA,0.138361,0.1,1.38361,22.1378,3.16164
pfet_05v0,ff,125,3.30,1.00u,16,rlin_at_50mV,0.05,0.0369921,1.35164,21.6262,3.25
pfet_05v0,ff,125,3.63,0.50u,1,drop_at_50mA,0.507086,0.05,10.1417,10.1417,3.12291
pfet_05v0,ff,125,3.63,0.50u,1,drop_at_100mA,1.24084,0.1,12.4084,12.4084,2.38916
pfet_05v0,ff,125,3.63,0.50u,1,rlin_at_50mV,0.05,0.00552453,9.05055,9.05055,3.58
pfet_05v0,ff,125,3.63,0.50u,2,drop_at_50mA,0.236816,0.05,4.73633,9.47266,3.39318
pfet_05v0,ff,125,3.63,0.50u,2,drop_at_100mA,0.507086,0.1,5.07086,10.1417,3.12291
pfet_05v0,ff,125,3.63,0.50u,2,rlin_at_50mV,0.05,0.0110491,4.52527,9.05055,3.58
pfet_05v0,ff,125,3.63,0.50u,4,drop_at_50mA,0.114922,0.05,2.29845,9.19378,3.51508
pfet_05v0,ff,125,3.63,0.50u,4,drop_at_100mA,0.236816,0.1,2.36816,9.47266,3.39318
pfet_05v0,ff,125,3.63,0.50u,4,rlin_at_50mV,0.05,0.0220981,2.26264,9.05055,3.58
pfet_05v0,ff,125,3.63,0.50u,8,drop_at_50mA,0.0566567,0.05,1.13313,9.06507,3.57334
pfet_05v0,ff,125,3.63,0.50u,8,drop_at_100mA,0.114922,0.1,1.14922,9.19378,3.51508
pfet_05v0,ff,125,3.63,0.50u,8,rlin_at_50mV,0.05,0.0441962,1.13132,9.05055,3.58
pfet_05v0,ff,125,3.63,0.50u,16,drop_at_50mA,0.0281347,0.05,0.562694,9.0031,3.60187
pfet_05v0,ff,125,3.63,0.50u,16,drop_at_100mA,0.0566567,0.1,0.566567,9.06507,3.57334
pfet_05v0,ff,125,3.63,0.50u,16,rlin_at_50mV,0.05,0.0883925,0.565659,9.05055,3.58
pfet_05v0,ff,125,3.63,0.60u,1,drop_at_50mA,0.648897,0.05,12.9779,12.9779,2.9811
pfet_05v0,ff,125,3.63,0.60u,1,drop_at_100mA,1.88606,0.1,18.8606,18.8606,1.74394
pfet_05v0,ff,125,3.63,0.60u,1,rlin_at_50mV,0.05,0.00447793,11.1659,11.1659,3.58
pfet_05v0,ff,125,3.63,0.60u,2,drop_at_50mA,0.296413,0.05,5.92826,11.8565,3.33359
pfet_05v0,ff,125,3.63,0.60u,2,drop_at_100mA,0.648897,0.1,6.48897,12.9779,2.9811
pfet_05v0,ff,125,3.63,0.60u,2,rlin_at_50mV,0.05,0.00895586,5.58294,11.1659,3.58
pfet_05v0,ff,125,3.63,0.60u,4,drop_at_50mA,0.142721,0.05,2.85441,11.4177,3.48728
pfet_05v0,ff,125,3.63,0.60u,4,drop_at_100mA,0.296413,0.1,2.96413,11.8565,3.33359
pfet_05v0,ff,125,3.63,0.60u,4,rlin_at_50mV,0.05,0.0179117,2.79147,11.1659,3.58
pfet_05v0,ff,125,3.63,0.60u,8,drop_at_50mA,0.0701233,0.05,1.40247,11.2197,3.55988
pfet_05v0,ff,125,3.63,0.60u,8,drop_at_100mA,0.142721,0.1,1.42721,11.4177,3.48728
pfet_05v0,ff,125,3.63,0.60u,8,rlin_at_50mV,0.05,0.0358234,1.39573,11.1659,3.58
pfet_05v0,ff,125,3.63,0.60u,16,drop_at_50mA,0.0347668,0.05,0.695337,11.1254,3.59523
pfet_05v0,ff,125,3.63,0.60u,16,drop_at_100mA,0.0701233,0.1,0.701233,11.2197,3.55988
pfet_05v0,ff,125,3.63,0.60u,16,rlin_at_50mV,0.05,0.0716469,0.697867,11.1659,3.58
pfet_05v0,ff,125,3.63,1.00u,1,drop_at_50mA,1.46078,0.05,29.2156,29.2156,2.16922
pfet_05v0,ff,125,3.63,1.00u,1,drop_at_100mA,9.83907,0.1,98.3907,98.3907,-6.20907
pfet_05v0,ff,125,3.63,1.00u,1,rlin_at_50mV,0.05,0.002524,19.8098,19.8098,3.58
pfet_05v0,ff,125,3.63,1.00u,2,drop_at_50mA,0.56227,0.05,11.2454,22.4908,3.06773
pfet_05v0,ff,125,3.63,1.00u,2,drop_at_100mA,1.46078,0.1,14.6078,29.2156,2.16922
pfet_05v0,ff,125,3.63,1.00u,2,rlin_at_50mV,0.05,0.00504801,9.9049,19.8098,3.58
pfet_05v0,ff,125,3.63,1.00u,4,drop_at_50mA,0.260463,0.05,5.20925,20.837,3.36954
pfet_05v0,ff,125,3.63,1.00u,4,drop_at_100mA,0.56227,0.1,5.6227,22.4908,3.06773
pfet_05v0,ff,125,3.63,1.00u,4,rlin_at_50mV,0.05,0.010096,4.95245,19.8098,3.58
pfet_05v0,ff,125,3.63,1.00u,8,drop_at_50mA,0.126064,0.05,2.52128,20.1702,3.50394
pfet_05v0,ff,125,3.63,1.00u,8,drop_at_100mA,0.260463,0.1,2.60463,20.837,3.36954
pfet_05v0,ff,125,3.63,1.00u,8,rlin_at_50mV,0.05,0.020192,2.47622,19.8098,3.58
pfet_05v0,ff,125,3.63,1.00u,16,drop_at_50mA,0.0620821,0.05,1.24164,19.8663,3.56792
pfet_05v0,ff,125,3.63,1.00u,16,drop_at_100mA,0.126064,0.1,1.26064,20.1702,3.50394
pfet_05v0,ff,125,3.63,1.00u,16,rlin_at_50mV,0.05,0.0403841,1.23811,19.8098,3.58
pfet_05v0,ff,125,4.50,0.50u,1,drop_at_50mA,0.410697,0.05,8.21394,8.21394,4.0893
pfet_05v0,ff,125,4.50,0.50u,1,drop_at_100mA,0.912646,0.1,9.12646,9.12646,3.58735
pfet_05v0,ff,125,4.50,0.50u,1,rlin_at_50mV,0.05,0.00654219,7.6427,7.6427,4.45
pfet_05v0,ff,125,4.50,0.50u,2,drop_at_50mA,0.196685,0.05,3.93371,7.86741,4.30331
pfet_05v0,ff,125,4.50,0.50u,2,drop_at_100mA,0.410697,0.1,4.10697,8.21394,4.0893
pfet_05v0,ff,125,4.50,0.50u,2,rlin_at_50mV,0.05,0.0130844,3.82135,7.6427,4.45
pfet_05v0,ff,125,4.50,0.50u,4,drop_at_50mA,0.0964091,0.05,1.92818,7.71272,4.40359
pfet_05v0,ff,125,4.50,0.50u,4,drop_at_100mA,0.196685,0.1,1.96685,7.86741,4.30331
pfet_05v0,ff,125,4.50,0.50u,4,rlin_at_50mV,0.05,0.0261688,1.91068,7.6427,4.45
pfet_05v0,ff,125,4.50,0.50u,8,drop_at_50mA,0.0477458,0.05,0.954916,7.63932,4.45225
pfet_05v0,ff,125,4.50,0.50u,8,drop_at_100mA,0.0964091,0.1,0.964091,7.71272,4.40359
pfet_05v0,ff,125,4.50,0.50u,8,rlin_at_50mV,0.05,0.0523375,0.955338,7.6427,4.45
pfet_05v0,ff,125,4.50,0.50u,16,drop_at_50mA,0.0237611,0.05,0.475221,7.60354,4.47624
pfet_05v0,ff,125,4.50,0.50u,16,drop_at_100mA,0.0477458,0.1,0.477458,7.63932,4.45225
pfet_05v0,ff,125,4.50,0.50u,16,rlin_at_50mV,0.05,0.104675,0.477669,7.6427,4.45
pfet_05v0,ff,125,4.50,0.60u,1,drop_at_50mA,0.514128,0.05,10.2826,10.2826,3.98587
pfet_05v0,ff,125,4.50,0.60u,1,drop_at_100mA,1.18743,0.1,11.8743,11.8743,3.31257
pfet_05v0,ff,125,4.50,0.60u,1,rlin_at_50mV,0.05,0.00533115,9.37883,9.37883,4.45
pfet_05v0,ff,125,4.50,0.60u,2,drop_at_50mA,0.243482,0.05,4.86963,9.73927,4.25652
pfet_05v0,ff,125,4.50,0.60u,2,drop_at_100mA,0.514128,0.1,5.14128,10.2826,3.98587
pfet_05v0,ff,125,4.50,0.60u,2,rlin_at_50mV,0.05,0.0106623,4.68942,9.37883,4.45
pfet_05v0,ff,125,4.50,0.60u,4,drop_at_50mA,0.118806,0.05,2.37613,9.50451,4.38119
pfet_05v0,ff,125,4.50,0.60u,4,drop_at_100mA,0.243482,0.1,2.43482,9.73927,4.25652
pfet_05v0,ff,125,4.50,0.60u,4,rlin_at_50mV,0.05,0.0213246,2.34471,9.37883,4.45
pfet_05v0,ff,125,4.50,0.60u,8,drop_at_50mA,0.0587163,0.05,1.17433,9.3946,4.44128
pfet_05v0,ff,125,4.50,0.60u,8,drop_at_100mA,0.118806,0.1,1.18806,9.50451,4.38119
pfet_05v0,ff,125,4.50,0.60u,8,rlin_at_50mV,0.05,0.0426492,1.17235,9.37883,4.45
pfet_05v0,ff,125,4.50,0.60u,16,drop_at_50mA,0.0291917,0.05,0.583835,9.34135,4.47081
pfet_05v0,ff,125,4.50,0.60u,16,drop_at_100mA,0.0587163,0.1,0.587163,9.3946,4.44128
pfet_05v0,ff,125,4.50,0.60u,16,rlin_at_50mV,0.05,0.0852985,0.586177,9.37883,4.45
pfet_05v0,ff,125,4.50,1.00u,1,drop_at_50mA,0.994876,0.05,19.8975,19.8975,3.50512
pfet_05v0,ff,125,4.50,1.00u,1,drop_at_100mA,8.33629,0.1,83.3629,83.3629,-3.83629
pfet_05v0,ff,125,4.50,1.00u,1,rlin_at_50mV,0.05,0.00303702,16.4635,16.4635,4.45
pfet_05v0,ff,125,4.50,1.00u,2,drop_at_50mA,0.443888,0.05,8.87776,17.7555,4.05611
pfet_05v0,ff,125,4.50,1.00u,2,drop_at_100mA,0.994876,0.1,9.94876,19.8975,3.50512
pfet_05v0,ff,125,4.50,1.00u,2,rlin_at_50mV,0.05,0.00607405,8.23174,16.4635,4.45
pfet_05v0,ff,125,4.50,1.00u,4,drop_at_50mA,0.212182,0.05,4.24363,16.9745,4.28782
pfet_05v0,ff,125,4.50,1.00u,4,drop_at_100mA,0.443888,0.1,4.43888,17.7555,4.05611
pfet_05v0,ff,125,4.50,1.00u,4,rlin_at_50mV,0.05,0.0121481,4.11587,16.4635,4.45
pfet_05v0,ff,125,4.50,1.00u,8,drop_at_50mA,0.10394,0.05,2.0788,16.6304,4.39606
pfet_05v0,ff,125,4.50,1.00u,8,drop_at_100mA,0.212182,0.1,2.12182,16.9745,4.28782
pfet_05v0,ff,125,4.50,1.00u,8,rlin_at_50mV,0.05,0.0242962,2.05794,16.4635,4.45
pfet_05v0,ff,125,4.50,1.00u,16,drop_at_50mA,0.0514624,0.05,1.02925,16.468,4.44854
pfet_05v0,ff,125,4.50,1.00u,16,drop_at_100mA,0.10394,0.1,1.0394,16.6304,4.39606
pfet_05v0,ff,125,4.50,1.00u,16,rlin_at_50mV,0.05,0.0485924,1.02897,16.4635,4.45
pfet_05v0,ff,125,5.00,0.50u,1,drop_at_50mA,0.374881,0.05,7.49761,7.49761,4.62512
pfet_05v0,ff,125,5.00,0.50u,1,drop_at_100mA,0.814033,0.1,8.14033,8.14033,4.18597
pfet_05v0,ff,125,5.00,0.50u,1,rlin_at_50mV,0.05,0.00707176,7.07038,7.07038,4.95
pfet_05v0,ff,125,5.00,0.50u,2,drop_at_50mA,0.180952,0.05,3.61904,7.23807,4.81905
pfet_05v0,ff,125,5.00,0.50u,2,drop_at_100mA,0.374881,0.1,3.74881,7.49761,4.62512
pfet_05v0,ff,125,5.00,0.50u,2,rlin_at_50mV,0.05,0.0141435,3.53519,7.07038,4.95
pfet_05v0,ff,125,5.00,0.50u,4,drop_at_50mA,0.0889963,0.05,1.77993,7.1197,4.911
pfet_05v0,ff,125,5.00,0.50u,4,drop_at_100mA,0.180952,0.1,1.80952,7.23807,4.81905
pfet_05v0,ff,125,5.00,0.50u,4,rlin_at_50mV,0.05,0.028287,1.76759,7.07038,4.95
pfet_05v0,ff,125,5.00,0.50u,8,drop_at_50mA,0.0441438,0.05,0.882877,7.06302,4.95586
pfet_05v0,ff,125,5.00,0.50u,8,drop_at_100mA,0.0889963,0.1,0.889963,7.1197,4.911
pfet_05v0,ff,125,5.00,0.50u,8,rlin_at_50mV,0.05,0.0565741,0.883797,7.07038,4.95
pfet_05v0,ff,125,5.00,0.50u,16,drop_at_50mA,0.0219852,0.05,0.439704,7.03526,4.97801
pfet_05v0,ff,125,5.00,0.50u,16,drop_at_100mA,0.0441438,0.1,0.441438,7.06302,4.95586
pfet_05v0,ff,125,5.00,0.50u,16,rlin_at_50mV,0.05,0.113148,0.441899,7.07038,4.95
pfet_05v0,ff,125,5.00,0.60u,1,drop_at_50mA,0.466012,0.05,9.32024,9.32024,4.53399
pfet_05v0,ff,125,5.00,0.60u,1,drop_at_100mA,1.03784,0.1,10.3784,10.3784,3.96216
pfet_05v0,ff,125,5.00,0.60u,1,rlin_at_50mV,0.05,0.00577693,8.65512,8.65512,4.95
pfet_05v0,ff,125,5.00,0.60u,2,drop_at_50mA,0.223058,0.05,4.46116,8.92233,4.77694
pfet_05v0,ff,125,5.00,0.60u,2,drop_at_100mA,0.466012,0.1,4.66012,9.32024,4.53399
pfet_05v0,ff,125,5.00,0.60u,2,rlin_at_50mV,0.05,0.0115539,4.32756,8.65512,4.95
pfet_05v0,ff,125,5.00,0.60u,4,drop_at_50mA,0.109316,0.05,2.18631,8.74526,4.89068
pfet_05v0,ff,125,5.00,0.60u,4,drop_at_100mA,0.223058,0.1,2.23058,8.92233,4.77694
pfet_05v0,ff,125,5.00,0.60u,4,rlin_at_50mV,0.05,0.0231077,2.16378,8.65512,4.95
pfet_05v0,ff,125,5.00,0.60u,8,drop_at_50mA,0.0541334,0.05,1.08267,8.66135,4.94587
pfet_05v0,ff,125,5.00,0.60u,8,drop_at_100mA,0.109316,0.1,1.09316,8.74526,4.89068
pfet_05v0,ff,125,5.00,0.60u,8,rlin_at_50mV,0.05,0.0462154,1.08189,8.65512,4.95
pfet_05v0,ff,125,5.00,0.60u,16,drop_at_50mA,0.026939,0.05,0.538779,8.62047,4.97306
pfet_05v0,ff,125,5.00,0.60u,16,drop_at_100mA,0.0541334,0.1,0.541334,8.66135,4.94587
pfet_05v0,ff,125,5.00,0.60u,16,rlin_at_50mV,0.05,0.0924309,0.540945,8.65512,4.95
pfet_05v0,ff,125,5.00,1.00u,1,drop_at_50mA,0.873964,0.05,17.4793,17.4793,4.12604
pfet_05v0,ff,125,5.00,1.00u,1,drop_at_100mA,2.4344,0.1,24.344,24.344,2.5656
pfet_05v0,ff,125,5.00,1.00u,1,rlin_at_50mV,0.05,0.00330739,15.1177,15.1177,4.95
pfet_05v0,ff,125,5.00,1.00u,2,drop_at_50mA,0.401275,0.05,8.02549,16.051,4.59873
pfet_05v0,ff,125,5.00,1.00u,2,drop_at_100mA,0.873964,0.1,8.73964,17.4793,4.12604
pfet_05v0,ff,125,5.00,1.00u,2,rlin_at_50mV,0.05,0.00661478,7.55884,15.1177,4.95
pfet_05v0,ff,125,5.00,1.00u,4,drop_at_50mA,0.193592,0.05,3.87184,15.4874,4.80641
pfet_05v0,ff,125,5.00,1.00u,4,drop_at_100mA,0.401275,0.1,4.01275,16.051,4.59873
pfet_05v0,ff,125,5.00,1.00u,4,rlin_at_50mV,0.05,0.0132296,3.77942,15.1177,4.95
pfet_05v0,ff,125,5.00,1.00u,8,drop_at_50mA,0.0952023,0.05,1.90405,15.2324,4.9048
pfet_05v0,ff,125,5.00,1.00u,8,drop_at_100mA,0.193592,0.1,1.93592,15.4874,4.80641
pfet_05v0,ff,125,5.00,1.00u,8,rlin_at_50mV,0.05,0.0264591,1.88971,15.1177,4.95
pfet_05v0,ff,125,5.00,1.00u,16,drop_at_50mA,0.0472208,0.05,0.944417,15.1107,4.95278
pfet_05v0,ff,125,5.00,1.00u,16,drop_at_100mA,0.0952023,0.1,0.952023,15.2324,4.9048
pfet_05v0,ff,125,5.00,1.00u,16,rlin_at_50mV,0.05,0.0529182,0.944854,15.1177,4.95
pfet_05v0,ff,125,5.50,0.50u,1,drop_at_50mA,0.346886,0.05,6.93772,6.93772,5.15311
pfet_05v0,ff,125,5.50,0.50u,1,drop_at_100mA,0.741967,0.1,7.41967,7.41967,4.75803
pfet_05v0,ff,125,5.50,0.50u,1,rlin_at_50mV,0.05,0.00756944,6.60551,6.60551,5.45
pfet_05v0,ff,125,5.50,0.50u,2,drop_at_50mA,0.168378,0.05,3.36755,6.7351,5.33162
pfet_05v0,ff,125,5.50,0.50u,2,drop_at_100mA,0.346886,0.1,3.46886,6.93772,5.15311
pfet_05v0,ff,125,5.50,0.50u,2,rlin_at_50mV,0.05,0.0151389,3.30275,6.60551,5.45
pfet_05v0,ff,125,5.50,0.50u,4,drop_at_50mA,0.083016,0.05,1.66032,6.64128,5.41698
pfet_05v0,ff,125,5.50,0.50u,4,drop_at_100mA,0.168378,0.1,1.68378,6.7351,5.33162
pfet_05v0,ff,125,5.50,0.50u,4,rlin_at_50mV,0.05,0.0302778,1.65138,6.60551,5.45
pfet_05v0,ff,125,5.50,0.50u,8,drop_at_50mA,0.0412253,0.05,0.824506,6.59605,5.45877
pfet_05v0,ff,125,5.50,0.50u,8,drop_at_100mA,0.083016,0.1,0.83016,6.64128,5.41698
pfet_05v0,ff,125,5.50,0.50u,8,rlin_at_50mV,0.05,0.0605555,0.825688,6.60551,5.45
pfet_05v0,ff,125,5.50,0.50u,16,drop_at_50mA,0.0205432,0.05,0.410864,6.57383,5.47946
pfet_05v0,ff,125,5.50,0.50u,16,drop_at_100mA,0.0412253,0.1,0.412253,6.59605,5.45877
pfet_05v0,ff,125,5.50,0.50u,16,rlin_at_50mV,0.05,0.121111,0.412844,6.60551,5.45
pfet_05v0,ff,125,5.50,0.60u,1,drop_at_50mA,0.428976,0.05,8.57953,8.57953,5.07102
pfet_05v0,ff,125,5.50,0.60u,1,drop_at_100mA,0.93449,0.1,9.3449,9.3449,4.56551
pfet_05v0,ff,125,5.50,0.60u,1,rlin_at_50mV,0.05,0.0061969,8.06855,8.06855,5.45
pfet_05v0,ff,125,5.50,0.60u,2,drop_at_50mA,0.206853,0.05,4.13705,8.27411,5.29315
pfet_05v0,ff,125,5.50,0.60u,2,drop_at_100mA,0.428976,0.1,4.28976,8.57953,5.07102
pfet_05v0,ff,125,5.50,0.60u,2,rlin_at_50mV,0.05,0.0123938,4.03427,8.06855,5.45
pfet_05v0,ff,125,5.50,0.60u,4,drop_at_50mA,0.101693,0.05,2.03385,8.13541,5.39831
pfet_05v0,ff,125,5.50,0.60u,4,drop_at_100mA,0.206853,0.1,2.06853,8.27411,5.29315
pfet_05v0,ff,125,5.50,0.60u,4,rlin_at_50mV,0.05,0.0247876,2.01714,8.06855,5.45
pfet_05v0,ff,125,5.50,0.60u,8,drop_at_50mA,0.0504319,0.05,1.00864,8.0691,5.44957
pfet_05v0,ff,125,5.50,0.60u,8,drop_at_100mA,0.101693,0.1,1.01693,8.13541,5.39831
pfet_05v0,ff,125,5.50,0.60u,8,rlin_at_50mV,0.05,0.0495752,1.00857,8.06855,5.45
pfet_05v0,ff,125,5.50,0.60u,16,drop_at_50mA,0.0251146,0.05,0.502292,8.03667,5.47489
pfet_05v0,ff,125,5.50,0.60u,16,drop_at_100mA,0.0504319,0.1,0.504319,8.0691,5.44957
pfet_05v0,ff,125,5.50,0.60u,16,rlin_at_50mV,0.05,0.0991504,0.504284,8.06855,5.45
pfet_05v0,ff,125,5.50,1.00u,1,drop_at_50mA,0.788226,0.05,15.7645,15.7645,4.71177
pfet_05v0,ff,125,5.50,1.00u,1,drop_at_100mA,1.93354,0.1,19.3354,19.3354,3.56646
pfet_05v0,ff,125,5.50,1.00u,1,rlin_at_50mV,0.05,0.00356347,14.0313,14.0313,5.45
pfet_05v0,ff,125,5.50,1.00u,2,drop_at_50mA,0.368396,0.05,7.36792,14.7358,5.1316
pfet_05v0,ff,125,5.50,1.00u,2,drop_at_100mA,0.788226,0.1,7.88226,15.7645,4.71177
pfet_05v0,ff,125,5.50,1.00u,2,rlin_at_50mV,0.05,0.00712694,7.01563,14.0313,5.45
pfet_05v0,ff,125,5.50,1.00u,4,drop_at_50mA,0.178865,0.05,3.5773,14.3092,5.32113
pfet_05v0,ff,125,5.50,1.00u,4,drop_at_100mA,0.368396,0.1,3.68396,14.7358,5.1316
pfet_05v0,ff,125,5.50,1.00u,4,rlin_at_50mV,0.05,0.0142539,3.50781,14.0313,5.45
pfet_05v0,ff,125,5.50,1.00u,8,drop_at_50mA,0.0882042,0.05,1.76408,14.1127,5.4118
pfet_05v0,ff,125,5.50,1.00u,8,drop_at_100mA,0.178865,0.1,1.78865,14.3092,5.32113
pfet_05v0,ff,125,5.50,1.00u,8,rlin_at_50mV,0.05,0.0285078,1.75391,14.0313,5.45
pfet_05v0,ff,125,5.50,1.00u,16,drop_at_50mA,0.0438067,0.05,0.876133,14.0181,5.45619
pfet_05v0,ff,125,5.50,1.00u,16,drop_at_100mA,0.0882042,0.1,0.882042,14.1127,5.4118
pfet_05v0,ff,125,5.50,1.00u,16,rlin_at_50mV,0.05,0.0570156,0.876954,14.0313,5.45
pfet_05v0,ss,-40,2.10,0.50u,1,drop_at_50mA,8.34588,0.05,166.918,166.918,-6.24588
pfet_05v0,ss,-40,2.10,0.50u,1,drop_at_100mA,9.91977,0.1,99.1977,99.1977,-7.81977
pfet_05v0,ss,-40,2.10,0.50u,1,rlin_at_50mV,0.05,0.00312304,16.01,16.01,2.05
pfet_05v0,ss,-40,2.10,0.50u,2,drop_at_50mA,0.764028,0.05,15.2806,30.5611,1.33597
pfet_05v0,ss,-40,2.10,0.50u,2,drop_at_100mA,8.34588,0.1,83.4588,166.918,-6.24588
pfet_05v0,ss,-40,2.10,0.50u,2,rlin_at_50mV,0.05,0.00624608,8.00502,16.01,2.05
pfet_05v0,ss,-40,2.10,0.50u,4,drop_at_50mA,0.230353,0.05,4.60706,18.4283,1.86965
pfet_05v0,ss,-40,2.10,0.50u,4,drop_at_100mA,0.764028,0.1,7.64028,30.5611,1.33597
pfet_05v0,ss,-40,2.10,0.50u,4,rlin_at_50mV,0.05,0.0124922,4.00251,16.01,2.05
pfet_05v0,ss,-40,2.10,0.50u,8,drop_at_50mA,0.104255,0.05,2.0851,16.6808,1.99574
pfet_05v0,ss,-40,2.10,0.50u,8,drop_at_100mA,0.230353,0.1,2.30353,18.4283,1.86965
pfet_05v0,ss,-40,2.10,0.50u,8,rlin_at_50mV,0.05,0.0249843,2.00126,16.01,2.05
pfet_05v0,ss,-40,2.10,0.50u,16,drop_at_50mA,0.0500326,0.05,1.00065,16.0104,2.04997
pfet_05v0,ss,-40,2.10,0.50u,16,drop_at_100mA,0.104255,0.1,1.04255,16.6808,1.99574
pfet_05v0,ss,-40,2.10,0.50u,16,rlin_at_50mV,0.05,0.0499686,1.00063,16.01,2.05
pfet_05v0,ss,-40,2.10,0.60u,1,drop_at_50mA,8.99721,0.05,179.944,179.944,-6.89721
pfet_05v0,ss,-40,2.10,0.60u,1,drop_at_100mA,10.4708,0.1,104.708,104.708,-8.37085
pfet_05v0,ss,-40,2.10,0.60u,1,rlin_at_50mV,0.05,0.00257725,19.4005,19.4005,2.05
pfet_05v0,ss,-40,2.10,0.60u,2,drop_at_50mA,5.84199,0.05,116.84,233.68,-3.74199
pfet_05v0,ss,-40,2.10,0.60u,2,drop_at_100mA,8.99721,0.1,89.9721,179.944,-6.89721
pfet_05v0,ss,-40,2.10,0.60u,2,rlin_at_50mV,0.05,0.0051545,9.70025,19.4005,2.05
pfet_05v0,ss,-40,2.10,0.60u,4,drop_at_50mA,0.294139,0.05,5.88279,23.5312,1.80586
pfet_05v0,ss,-40,2.10,0.60u,4,drop_at_100mA,5.84199,0.1,58.4199,233.68,-3.74199
pfet_05v0,ss,-40,2.10,0.60u,4,rlin_at_50mV,0.05,0.010309,4.85013,19.4005,2.05
pfet_05v0,ss,-40,2.10,0.60u,8,drop_at_50mA,0.128681,0.05,2.57361,20.5889,1.97132
pfet_05v0,ss,-40,2.10,0.60u,8,drop_at_100mA,0.294139,0.1,2.94139,23.5312,1.80586
pfet_05v0,ss,-40,2.10,0.60u,8,rlin_at_50mV,0.05,0.020618,2.42506,19.4005,2.05
pfet_05v0,ss,-40,2.10,0.60u,16,drop_at_50mA,0.0611298,0.05,1.2226,19.5616,2.03887
pfet_05v0,ss,-40,2.10,0.60u,16,drop_at_100mA,0.128681,0.1,1.28681,20.5889,1.97132
pfet_05v0,ss,-40,2.10,0.60u,16,rlin_at_50mV,0.05,0.041236,1.21253,19.4005,2.05
pfet_05v0,ss,-40,2.10,1.00u,1,drop_at_50mA,10.3824,0.05,207.647,207.647,-8.28235
pfet_05v0,ss,-40,2.10,1.00u,1,drop_at_100mA,11.8862,0.1,118.862,118.862,-9.78615
pfet_05v0,ss,-40,2.10,1.00u,1,rlin_at_50mV,0.05,0.00150811,33.154,33.154,2.05
pfet_05v0,ss,-40,2.10,1.00u,2,drop_at_50mA,8.87077,0.05,177.415,354.831,-6.77077
pfet_05v0,ss,-40,2.10,1.00u,2,drop_at_100mA,10.3824,0.1,103.824,207.647,-8.28235
pfet_05v0,ss,-40,2.10,1.00u,2,rlin_at_50mV,0.05,0.00301622,16.577,33.154,2.05
pfet_05v0,ss,-40,2.10,1.00u,4,drop_at_50mA,1.79059,0.05,35.8118,143.247,0.30941
pfet_05v0,ss,-40,2.10,1.00u,4,drop_at_100mA,8.87077,0.1,88.7077,354.831,-6.77077
pfet_05v0,ss,-40,2.10,1.00u,4,rlin_at_50mV,0.05,0.00603245,8.28851,33.154,2.05
pfet_05v0,ss,-40,2.10,1.00u,8,drop_at_50mA,0.240161,0.05,4.80322,38.4258,1.85984
pfet_05v0,ss,-40,2.10,1.00u,8,drop_at_100mA,1.79059,0.1,17.9059,143.247,0.30941
pfet_05v0,ss,-40,2.10,1.00u,8,rlin_at_50mV,0.05,0.0120649,4.14425,33.154,2.05
pfet_05v0,ss,-40,2.10,1.00u,16,drop_at_50mA,0.108192,0.05,2.16384,34.6215,1.99181
pfet_05v0,ss,-40,2.10,1.00u,16,drop_at_100mA,0.240161,0.1,2.40161,38.4258,1.85984
pfet_05v0,ss,-40,2.10,1.00u,16,rlin_at_50mV,0.05,0.0241298,2.07213,33.154,2.05
pfet_05v0,ss,-40,2.97,0.50u,1,drop_at_50mA,0.655589,0.05,13.1118,13.1118,2.31441
pfet_05v0,ss,-40,2.97,0.50u,1,drop_at_100mA,8.02766,0.1,80.2766,80.2766,-5.05766
pfet_05v0,ss,-40,2.97,0.50u,1,rlin_at_50mV,0.05,0.00511902,9.7675,9.7675,2.92
pfet_05v0,ss,-40,2.97,0.50u,2,drop_at_50mA,0.270542,0.05,5.41083,10.8217,2.69946
pfet_05v0,ss,-40,2.97,0.50u,2,drop_at_100mA,0.655589,0.1,6.55589,13.1118,2.31441
pfet_05v0,ss,-40,2.97,0.50u,2,rlin_at_50mV,0.05,0.010238,4.88375,9.7675,2.92
pfet_05v0,ss,-40,2.97,0.50u,4,drop_at_50mA,0.126442,0.05,2.52884,10.1154,2.84356
pfet_05v0,ss,-40,2.97,0.50u,4,drop_at_100mA,0.270542,0.1,2.70542,10.8217,2.69946
pfet_05v0,ss,-40,2.97,0.50u,4,rlin_at_50mV,0.05,0.0204761,2.44187,9.7675,2.92
pfet_05v0,ss,-40,2.97,0.50u,8,drop_at_50mA,0.0613632,0.05,1.22726,9.81811,2.90864
pfet_05v0,ss,-40,2.97,0.50u,8,drop_at_100mA,0.126442,0.1,1.26442,10.1154,2.84356
pfet_05v0,ss,-40,2.97,0.50u,8,rlin_at_50mV,0.05,0.0409521,1.22094,9.7675,2.92
pfet_05v0,ss,-40,2.97,0.50u,16,drop_at_50mA,0.0302513,0.05,0.605026,9.68041,2.93975
pfet_05v0,ss,-40,2.97,0.50u,16,drop_at_100mA,0.0613632,0.1,0.613632,9.81811,2.90864
pfet_05v0,ss,-40,2.97,0.50u,16,rlin_at_50mV,0.05,0.0819043,0.610469,9.7675,2.92
pfet_05v0,ss,-40,2.97,0.60u,1,drop_at_50mA,0.879296,0.05,17.5859,17.5859,2.0907
pfet_05v0,ss,-40,2.97,0.60u,1,drop_at_100mA,8.75959,0.1,87.5959,87.5959,-5.78959
pfet_05v0,ss,-40,2.97,0.60u,1,rlin_at_50mV,0.05,0.00428098,11.6796,11.6796,2.92
pfet_05v0,ss,-40,2.97,0.60u,2,drop_at_50mA,0.332135,0.05,6.64271,13.2854,2.63786
pfet_05v0,ss,-40,2.97,0.60u,2,drop_at_100mA,0.879296,0.1,8.79296,17.5859,2.0907
pfet_05v0,ss,-40,2.97,0.60u,2,rlin_at_50mV,0.05,0.00856197,5.83978,11.6796,2.92
pfet_05v0,ss,-40,2.97,0.60u,4,drop_at_50mA,0.15286,0.05,3.0572,12.2288,2.81714
pfet_05v0,ss,-40,2.97,0.60u,4,drop_at_100mA,0.332135,0.1,3.32135,13.2854,2.63786
pfet_05v0,ss,-40,2.97,0.60u,4,rlin_at_50mV,0.05,0.0171239,2.91989,11.6796,2.92
pfet_05v0,ss,-40,2.97,0.60u,8,drop_at_50mA,0.0737694,0.05,1.47539,11.8031,2.89623
pfet_05v0,ss,-40,2.97,0.60u,8,drop_at_100mA,0.15286,0.1,1.5286,12.2288,2.81714
pfet_05v0,ss,-40,2.97,0.60u,8,rlin_at_50mV,0.05,0.0342479,1.45994,11.6796,2.92
pfet_05v0,ss,-40,2.97,0.60u,16,drop_at_50mA,0.0362785,0.05,0.72557,11.6091,2.93372
pfet_05v0,ss,-40,2.97,0.60u,16,drop_at_100mA,0.0737694,0.1,0.737694,11.8031,2.89623
pfet_05v0,ss,-40,2.97,0.60u,16,rlin_at_50mV,0.05,0.0684957,0.729972,11.6796,2.92
pfet_05v0,ss,-40,2.97,1.00u,1,drop_at_50mA,8.30316,0.05,166.063,166.063,-5.33316
pfet_05v0,ss,-40,2.97,1.00u,1,drop_at_100mA,10.1369,0.1,101.369,101.369,-7.16695
pfet_05v0,ss,-40,2.97,1.00u,1,rlin_at_50mV,0.05,0.00257383,19.4263,19.4263,2.92
pfet_05v0,ss,-40,2.97,1.00u,2,drop_at_50mA,0.634379,0.05,12.6876,25.3751,2.33562
pfet_05v0,ss,-40,2.97,1.00u,2,drop_at_100mA,8.30316,0.1,83.0316,166.063,-5.33316
pfet_05v0,ss,-40,2.97,1.00u,2,rlin_at_50mV,0.05,0.00514766,9.71315,19.4263,2.92
pfet_05v0,ss,-40,2.97,1.00u,4,drop_at_50mA,0.266525,0.05,5.3305,21.322,2.70347
pfet_05v0,ss,-40,2.97,1.00u,4,drop_at_100mA,0.634379,0.1,6.34379,25.3751,2.33562
pfet_05v0,ss,-40,2.97,1.00u,4,rlin_at_50mV,0.05,0.0102953,4.85658,19.4263,2.92
pfet_05v0,ss,-40,2.97,1.00u,8,drop_at_50mA,0.125326,0.05,2.50652,20.0522,2.84467
pfet_05v0,ss,-40,2.97,1.00u,8,drop_at_100mA,0.266525,0.1,2.66525,21.322,2.70347
pfet_05v0,ss,-40,2.97,1.00u,8,rlin_at_50mV,0.05,0.0205906,2.42829,19.4263,2.92
pfet_05v0,ss,-40,2.97,1.00u,16,drop_at_50mA,0.060986,0.05,1.21972,19.5155,2.90901
pfet_05v0,ss,-40,2.97,1.00u,16,drop_at_100mA,0.125326,0.1,1.25326,20.0522,2.84467
pfet_05v0,ss,-40,2.97,1.00u,16,rlin_at_50mV,0.05,0.0411813,1.21414,19.4263,2.92
pfet_05v0,ss,-40,3.30,0.50u,1,drop_at_50mA,0.531568,0.05,10.6314,10.6314,2.76843
pfet_05v0,ss,-40,3.30,0.50u,1,drop_at_100mA,5.18314,0.1,51.8314,51.8314,-1.88314
pfet_05v0,ss,-40,3.30,0.50u,1,rlin_at_50mV,0.05,0.00574975,8.69604,8.69604,3.25
pfet_05v0,ss,-40,3.30,0.50u,2,drop_at_50mA,0.234317,0.05,4.68633,9.37267,3.06568
pfet_05v0,ss,-40,3.30,0.50u,2,drop_at_100mA,0.531568,0.1,5.31568,10.6314,2.76843
pfet_05v0,ss,-40,3.30,0.50u,2,rlin_at_50mV,0.05,0.0114995,4.34802,8.69604,3.25
pfet_05v0,ss,-40,3.30,0.50u,4,drop_at_50mA,0.111422,0.05,2.22843,8.91373,3.18858
pfet_05v0,ss,-40,3.30,0.50u,4,drop_at_100mA,0.234317,0.1,2.34317,9.37267,3.06568
pfet_05v0,ss,-40,3.30,0.50u,4,rlin_at_50mV,0.05,0.022999,2.17401,8.69604,3.25
pfet_05v0,ss,-40,3.30,0.50u,8,drop_at_50mA,0.0544472,0.05,1.08894,8.71155,3.24555
pfet_05v0,ss,-40,3.30,0.50u,8,drop_at_100mA,0.111422,0.1,1.11422,8.91373,3.18858
pfet_05v0,ss,-40,3.30,0.50u,8,rlin_at_50mV,0.05,0.045998,1.087,8.69604,3.25
pfet_05v0,ss,-40,3.30,0.50u,16,drop_at_50mA,0.0269255,0.05,0.53851,8.61615,3.27307
pfet_05v0,ss,-40,3.30,0.50u,16,drop_at_100mA,0.0544472,0.1,0.544472,8.71155,3.24555
pfet_05v0,ss,-40,3.30,0.50u,16,rlin_at_50mV,0.05,0.0919959,0.543502,8.69604,3.25
pfet_05v0,ss,-40,3.30,0.60u,1,drop_at_50mA,0.668776,0.05,13.3755,13.3755,2.63122
pfet_05v0,ss,-40,3.30,0.60u,1,drop_at_100mA,8.00825,0.1,80.0825,80.0825,-4.70825
pfet_05v0,ss,-40,3.30,0.60u,1,rlin_at_50mV,0.05,0.00482493,10.3628,10.3628,3.25
pfet_05v0,ss,-40,3.30,0.60u,2,drop_at_50mA,0.284257,0.05,5.68514,11.3703,3.01574
pfet_05v0,ss,-40,3.30,0.60u,2,drop_at_100mA,0.668776,0.1,6.68776,13.3755,2.63122
pfet_05v0,ss,-40,3.30,0.60u,2,rlin_at_50mV,0.05,0.00964986,5.18142,10.3628,3.25
pfet_05v0,ss,-40,3.30,0.60u,4,drop_at_50mA,0.133846,0.05,2.67692,10.7077,3.16615
pfet_05v0,ss,-40,3.30,0.60u,4,drop_at_100mA,0.284257,0.1,2.84257,11.3703,3.01574
pfet_05v0,ss,-40,3.30,0.60u,4,rlin_at_50mV,0.05,0.0192997,2.59071,10.3628,3.25
pfet_05v0,ss,-40,3.30,0.60u,8,drop_at_50mA,0.0651496,0.05,1.30299,10.4239,3.23485
pfet_05v0,ss,-40,3.30,0.60u,8,drop_at_100mA,0.133846,0.1,1.33846,10.7077,3.16615
pfet_05v0,ss,-40,3.30,0.60u,8,rlin_at_50mV,0.05,0.0385994,1.29536,10.3628,3.25
pfet_05v0,ss,-40,3.30,0.60u,16,drop_at_50mA,0.0321612,0.05,0.643224,10.2916,3.26784
pfet_05v0,ss,-40,3.30,0.60u,16,drop_at_100mA,0.0651496,0.1,0.651496,10.4239,3.23485
pfet_05v0,ss,-40,3.30,0.60u,16,rlin_at_50mV,0.05,0.0771988,0.647678,10.3628,3.25
pfet_05v0,ss,-40,3.30,1.00u,1,drop_at_50mA,4.99097,0.05,99.8194,99.8194,-1.69097
pfet_05v0,ss,-40,3.30,1.00u,1,drop_at_100mA,9.73793,0.1,97.3793,97.3793,-6.43793
pfet_05v0,ss,-40,3.30,1.00u,1,rlin_at_50mV,0.05,0.00292156,17.1141,17.1141,3.25
pfet_05v0,ss,-40,3.30,1.00u,2,drop_at_50mA,0.510237,0.05,10.2047,20.4095,2.78976
pfet_05v0,ss,-40,3.30,1.00u,2,drop_at_100mA,4.99097,0.1,49.9097,99.8194,-1.69097
pfet_05v0,ss,-40,3.30,1.00u,2,rlin_at_50mV,0.05,0.00584313,8.55706,17.1141,3.25
pfet_05v0,ss,-40,3.30,1.00u,4,drop_at_50mA,0.228482,0.05,4.56964,18.2786,3.07152
pfet_05v0,ss,-40,3.30,1.00u,4,drop_at_100mA,0.510237,0.1,5.10237,20.4095,2.78976
pfet_05v0,ss,-40,3.30,1.00u,4,rlin_at_50mV,0.05,0.0116863,4.27853,17.1141,3.25
pfet_05v0,ss,-40,3.30,1.00u,8,drop_at_50mA,0.109293,0.05,2.18587,17.4869,3.19071
pfet_05v0,ss,-40,3.30,1.00u,8,drop_at_100mA,0.228482,0.1,2.28482,18.2786,3.07152
pfet_05v0,ss,-40,3.30,1.00u,8,rlin_at_50mV,0.05,0.0233725,2.13927,17.1141,3.25
pfet_05v0,ss,-40,3.30,1.00u,16,drop_at_50mA,0.0535502,0.05,1.071,17.1361,3.24645
pfet_05v0,ss,-40,3.30,1.00u,16,drop_at_100mA,0.109293,0.1,1.09293,17.4869,3.19071
pfet_05v0,ss,-40,3.30,1.00u,16,rlin_at_50mV,0.05,0.046745,1.06963,17.1141,3.25
pfet_05v0,ss,-40,3.63,0.50u,1,drop_at_50mA,0.459959,0.05,9.19918,9.19918,3.17004
pfet_05v0,ss,-40,3.63,0.50u,1,drop_at_100mA,1.29744,0.1,12.9744,12.9744,2.33256
pfet_05v0,ss,-40,3.63,0.50u,1,rlin_at_50mV,0.05,0.00632489,7.90528,7.90528,3.58
pfet_05v0,ss,-40,3.63,0.50u,2,drop_at_50mA,0.209423,0.05,4.18845,8.3769,3.42058
pfet_05v0,ss,-40,3.63,0.50u,2,drop_at_100mA,0.459959,0.1,4.59959,9.19918,3.17004
pfet_05v0,ss,-40,3.63,0.50u,2,rlin_at_50mV,0.05,0.0126498,3.95264,7.90528,3.58
pfet_05v0,ss,-40,3.63,0.50u,4,drop_at_50mA,0.100639,0.05,2.01278,8.05112,3.52936
pfet_05v0,ss,-40,3.63,0.50u,4,drop_at_100mA,0.209423,0.1,2.09423,8.3769,3.42058
pfet_05v0,ss,-40,3.63,0.50u,4,rlin_at_50mV,0.05,0.0252995,1.97632,7.90528,3.58
pfet_05v0,ss,-40,3.63,0.50u,8,drop_at_50mA,0.0493973,0.05,0.987946,7.90357,3.5806
pfet_05v0,ss,-40,3.63,0.50u,8,drop_at_100mA,0.100639,0.1,1.00639,8.05112,3.52936
pfet_05v0,ss,-40,3.63,0.50u,8,rlin_at_50mV,0.05,0.0505991,0.98816,7.90528,3.58
pfet_05v0,ss,-40,3.63,0.50u,16,drop_at_50mA,0.0244785,0.05,0.48957,7.83312,3.60552
pfet_05v0,ss,-40,3.63,0.50u,16,drop_at_100mA,0.0493973,0.1,0.493973,7.90357,3.5806
pfet_05v0,ss,-40,3.63,0.50u,16,rlin_at_50mV,0.05,0.101198,0.49408,7.90528,3.58
pfet_05v0,ss,-40,3.63,0.60u,1,drop_at_50mA,0.565876,0.05,11.3175,11.3175,3.06412
pfet_05v0,ss,-40,3.63,0.60u,1,drop_at_100mA,3.67384,0.1,36.7384,36.7384,-0.0438423
pfet_05v0,ss,-40,3.63,0.60u,1,rlin_at_50mV,0.05,0.00532298,9.39323,9.39323,3.58
pfet_05v0,ss,-40,3.63,0.60u,2,drop_at_50mA,0.252147,0.05,5.04294,10.0859,3.37785
pfet_05v0,ss,-40,3.63,0.60u,2,drop_at_100mA,0.565876,0.1,5.65876,11.3175,3.06412
pfet_05v0,ss,-40,3.63,0.60u,2,rlin_at_50mV,0.05,0.010646,4.69662,9.39323,3.58
pfet_05v0,ss,-40,3.63,0.60u,4,drop_at_50mA,0.120328,0.05,2.40656,9.62623,3.50967
pfet_05v0,ss,-40,3.63,0.60u,4,drop_at_100mA,0.252147,0.1,2.52147,10.0859,3.37785
pfet_05v0,ss,-40,3.63,0.60u,4,rlin_at_50mV,0.05,0.0212919,2.34831,9.39323,3.58
pfet_05v0,ss,-40,3.63,0.60u,8,drop_at_50mA,0.058889,0.05,1.17778,9.42224,3.57111
pfet_05v0,ss,-40,3.63,0.60u,8,drop_at_100mA,0.120328,0.1,1.20328,9.62623,3.50967
pfet_05v0,ss,-40,3.63,0.60u,8,rlin_at_50mV,0.05,0.0425838,1.17415,9.39323,3.58
pfet_05v0,ss,-40,3.63,0.60u,16,drop_at_50mA,0.0291427,0.05,0.582855,9.32568,3.60086
pfet_05v0,ss,-40,3.63,0.60u,16,drop_at_100mA,0.058889,0.1,0.58889,9.42224,3.57111
pfet_05v0,ss,-40,3.63,0.60u,16,rlin_at_50mV,0.05,0.0851677,0.587077,9.39323,3.58
pfet_05v0,ss,-40,3.63,1.00u,1,drop_at_50mA,1.14954,0.05,22.9908,22.9908,2.48046
pfet_05v0,ss,-40,3.63,1.00u,1,drop_at_100mA,9.3582,0.1,93.582,93.582,-5.7282
pfet_05v0,ss,-40,3.63,1.00u,1,rlin_at_50mV,0.05,0.00324283,15.4187,15.4187,3.58
pfet_05v0,ss,-40,3.63,1.00u,2,drop_at_50mA,0.438694,0.05,8.77388,17.5478,3.19131
pfet_05v0,ss,-40,3.63,1.00u,2,drop_at_100mA,1.14954,0.1,11.4954,22.9908,2.48046
pfet_05v0,ss,-40,3.63,1.00u,2,rlin_at_50mV,0.05,0.00648565,7.70933,15.4187,3.58
pfet_05v0,ss,-40,3.63,1.00u,4,drop_at_50mA,0.20251,0.05,4.0502,16.2008,3.42749
pfet_05v0,ss,-40,3.63,1.00u,4,drop_at_100mA,0.438694,0.1,4.38694,17.5478,3.19131
pfet_05v0,ss,-40,3.63,1.00u,4,rlin_at_50mV,0.05,0.0129713,3.85466,15.4187,3.58
pfet_05v0,ss,-40,3.63,1.00u,8,drop_at_50mA,0.0978585,0.05,1.95717,15.6574,3.53214
pfet_05v0,ss,-40,3.63,1.00u,8,drop_at_100mA,0.20251,0.1,2.0251,16.2008,3.42749
pfet_05v0,ss,-40,3.63,1.00u,8,rlin_at_50mV,0.05,0.0259426,1.92733,15.4187,3.58
pfet_05v0,ss,-40,3.63,1.00u,16,drop_at_50mA,0.0481549,0.05,0.963098,15.4096,3.58185
pfet_05v0,ss,-40,3.63,1.00u,16,drop_at_100mA,0.0978585,0.1,0.978585,15.6574,3.53214
pfet_05v0,ss,-40,3.63,1.00u,16,rlin_at_50mV,0.05,0.0518852,0.963666,15.4187,3.58
pfet_05v0,ss,-40,4.50,0.50u,1,drop_at_50mA,0.35878,0.05,7.17559,7.17559,4.14122
pfet_05v0,ss,-40,4.50,0.50u,1,drop_at_100mA,0.825764,0.1,8.25764,8.25764,3.67424
pfet_05v0,ss,-40,4.50,0.50u,1,rlin_at_50mV,0.05,0.00762231,6.55969,6.55969,4.45
pfet_05v0,ss,-40,4.50,0.50u,2,drop_at_50mA,0.169757,0.05,3.39514,6.79028,4.33024
pfet_05v0,ss,-40,4.50,0.50u,2,drop_at_100mA,0.35878,0.1,3.5878,7.17559,4.14122
pfet_05v0,ss,-40,4.50,0.50u,2,rlin_at_50mV,0.05,0.0152446,3.27985,6.55969,4.45
pfet_05v0,ss,-40,4.50,0.50u,4,drop_at_50mA,0.0827725,0.05,1.65545,6.6218,4.41723
pfet_05v0,ss,-40,4.50,0.50u,4,drop_at_100mA,0.169757,0.1,1.69757,6.79028,4.33024
pfet_05v0,ss,-40,4.50,0.50u,4,rlin_at_50mV,0.05,0.0304892,1.63992,6.55969,4.45
pfet_05v0,ss,-40,4.50,0.50u,8,drop_at_50mA,0.040891,0.05,0.817819,6.54256,4.45911
pfet_05v0,ss,-40,4.50,0.50u,8,drop_at_100mA,0.0827725,0.1,0.827725,6.6218,4.41723
pfet_05v0,ss,-40,4.50,0.50u,8,rlin_at_50mV,0.05,0.0609785,0.819961,6.55969,4.45
pfet_05v0,ss,-40,4.50,0.50u,16,drop_at_50mA,0.0203252,0.05,0.406505,6.50407,4.47967
pfet_05v0,ss,-40,4.50,0.50u,16,drop_at_100mA,0.040891,0.1,0.40891,6.54256,4.45911
pfet_05v0,ss,-40,4.50,0.50u,16,rlin_at_50mV,0.05,0.121957,0.409981,6.55969,4.45
pfet_05v0,ss,-40,4.50,0.60u,1,drop_at_50mA,0.430992,0.05,8.61983,8.61983,4.06901
pfet_05v0,ss,-40,4.50,0.60u,1,drop_at_100mA,1.02848,0.1,10.2848,10.2848,3.47152
pfet_05v0,ss,-40,4.50,0.60u,1,rlin_at_50mV,0.05,0.00645264,7.74877,7.74877,4.45
pfet_05v0,ss,-40,4.50,0.60u,2,drop_at_50mA,0.202034,0.05,4.04067,8.08134,4.29797
pfet_05v0,ss,-40,4.50,0.60u,2,drop_at_100mA,0.430992,0.1,4.30992,8.61983,4.06901
pfet_05v0,ss,-40,4.50,0.60u,2,rlin_at_50mV,0.05,0.0129053,3.87438,7.74877,4.45
pfet_05v0,ss,-40,4.50,0.60u,4,drop_at_50mA,0.0981509,0.05,1.96302,7.85207,4.40185
pfet_05v0,ss,-40,4.50,0.60u,4,drop_at_100mA,0.202034,0.1,2.02034,8.08134,4.29797
pfet_05v0,ss,-40,4.50,0.60u,4,rlin_at_50mV,0.05,0.0258106,1.93719,7.74877,4.45
pfet_05v0,ss,-40,4.50,0.60u,8,drop_at_50mA,0.0484087,0.05,0.968173,7.74539,4.45159
pfet_05v0,ss,-40,4.50,0.60u,8,drop_at_100mA,0.0981509,0.1,0.981509,7.85207,4.40185
pfet_05v0,ss,-40,4.50,0.60u,8,rlin_at_50mV,0.05,0.0516211,0.968596,7.74877,4.45
pfet_05v0,ss,-40,4.50,0.60u,16,drop_at_50mA,0.0240432,0.05,0.480865,7.69383,4.47596
pfet_05v0,ss,-40,4.50,0.60u,16,drop_at_100mA,0.0484087,0.1,0.484087,7.74539,4.45159
pfet_05v0,ss,-40,4.50,0.60u,16,rlin_at_50mV,0.05,0.103242,0.484298,7.74877,4.45
pfet_05v0,ss,-40,4.50,1.00u,1,drop_at_50mA,0.754747,0.05,15.0949,15.0949,3.74525
pfet_05v0,ss,-40,4.50,1.00u,1,drop_at_100mA,6.05571,0.1,60.5571,60.5571,-1.55571
pfet_05v0,ss,-40,4.50,1.00u,1,rlin_at_50mV,0.05,0.00398038,12.5616,12.5616,4.45
pfet_05v0,ss,-40,4.50,1.00u,2,drop_at_50mA,0.337705,0.05,6.75411,13.5082,4.16229
pfet_05v0,ss,-40,4.50,1.00u,2,drop_at_100mA,0.754747,0.1,7.54747,15.0949,3.74525
pfet_05v0,ss,-40,4.50,1.00u,2,rlin_at_50mV,0.05,0.00796076,6.2808,12.5616,4.45
pfet_05v0,ss,-40,4.50,1.00u,4,drop_at_50mA,0.161445,0.05,3.2289,12.9156,4.33855
pfet_05v0,ss,-40,4.50,1.00u,4,drop_at_100mA,0.337705,0.1,3.37705,13.5082,4.16229
pfet_05v0,ss,-40,4.50,1.00u,4,rlin_at_50mV,0.05,0.0159215,3.1404,12.5616,4.45
pfet_05v0,ss,-40,4.50,1.00u,8,drop_at_50mA,0.0790782,0.05,1.58156,12.6525,4.42092
pfet_05v0,ss,-40,4.50,1.00u,8,drop_at_100mA,0.161445,0.1,1.61445,12.9156,4.33855
pfet_05v0,ss,-40,4.50,1.00u,8,rlin_at_50mV,0.05,0.0318431,1.5702,12.5616,4.45
pfet_05v0,ss,-40,4.50,1.00u,16,drop_at_50mA,0.0391498,0.05,0.782997,12.528,4.46085
pfet_05v0,ss,-40,4.50,1.00u,16,drop_at_100mA,0.0790782,0.1,0.790782,12.6525,4.42092
pfet_05v0,ss,-40,4.50,1.00u,16,rlin_at_50mV,0.05,0.0636861,0.785101,12.5616,4.45
pfet_05v0,ss,-40,5.00,0.50u,1,drop_at_50mA,0.325569,0.05,6.51139,6.51139,4.67443
pfet_05v0,ss,-40,5.00,0.50u,1,drop_at_100mA,0.724155,0.1,7.24155,7.24155,4.27585
pfet_05v0,ss,-40,5.00,0.50u,1,rlin_at_50mV,0.05,0.00825107,6.05982,6.05982,4.95
pfet_05v0,ss,-40,5.00,0.50u,2,drop_at_50mA,0.155709,0.05,3.11418,6.22836,4.84429
pfet_05v0,ss,-40,5.00,0.50u,2,drop_at_100mA,0.325569,0.1,3.25569,6.51139,4.67443
pfet_05v0,ss,-40,5.00,0.50u,2,rlin_at_50mV,0.05,0.0165021,3.02991,6.05982,4.95
pfet_05v0,ss,-40,5.00,0.50u,4,drop_at_50mA,0.0762647,0.05,1.52529,6.10117,4.92374
pfet_05v0,ss,-40,5.00,0.50u,4,drop_at_100mA,0.155709,0.1,1.55709,6.22836,4.84429
pfet_05v0,ss,-40,5.00,0.50u,4,rlin_at_50mV,0.05,0.0330043,1.51496,6.05982,4.95
pfet_05v0,ss,-40,5.00,0.50u,8,drop_at_50mA,0.0377541,0.05,0.755082,6.04066,4.96225
pfet_05v0,ss,-40,5.00,0.50u,8,drop_at_100mA,0.0762647,0.1,0.762647,6.10117,4.92374
pfet_05v0,ss,-40,5.00,0.50u,8,rlin_at_50mV,0.05,0.0660085,0.757478,6.05982,4.95
pfet_05v0,ss,-40,5.00,0.50u,16,drop_at_50mA,0.0187847,0.05,0.375695,6.01111,4.98122
pfet_05v0,ss,-40,5.00,0.50u,16,drop_at_100mA,0.0377541,0.1,0.377541,6.04066,4.96225
pfet_05v0,ss,-40,5.00,0.50u,16,rlin_at_50mV,0.05,0.132017,0.378739,6.05982,4.95
pfet_05v0,ss,-40,5.00,0.60u,1,drop_at_50mA,0.388492,0.05,7.76983,7.76983,4.61151
pfet_05v0,ss,-40,5.00,0.60u,1,drop_at_100mA,0.883107,0.1,8.83107,8.83107,4.11689
pfet_05v0,ss,-40,5.00,0.60u,1,rlin_at_50mV,0.05,0.0070025,7.14031,7.14031,4.95
pfet_05v0,ss,-40,5.00,0.60u,2,drop_at_50mA,0.184555,0.05,3.69111,7.38222,4.81544
pfet_05v0,ss,-40,5.00,0.60u,2,drop_at_100mA,0.388492,0.1,3.88492,7.76983,4.61151
pfet_05v0,ss,-40,5.00,0.60u,2,rlin_at_50mV,0.05,0.014005,3.57016,7.14031,4.95
pfet_05v0,ss,-40,5.00,0.60u,4,drop_at_50mA,0.0901423,0.05,1.80285,7.21138,4.90986
pfet_05v0,ss,-40,5.00,0.60u,4,drop_at_100mA,0.184555,0.1,1.84555,7.38222,4.81544
pfet_05v0,ss,-40,5.00,0.60u,4,rlin_at_50mV,0.05,0.02801,1.78508,7.14031,4.95
pfet_05v0,ss,-40,5.00,0.60u,8,drop_at_50mA,0.0445673,0.05,0.891345,7.13076,4.95543
pfet_05v0,ss,-40,5.00,0.60u,8,drop_at_100mA,0.0901423,0.1,0.901423,7.21138,4.90986
pfet_05v0,ss,-40,5.00,0.60u,8,rlin_at_50mV,0.05,0.05602,0.892539,7.14031,4.95
pfet_05v0,ss,-40,5.00,0.60u,16,drop_at_50mA,0.0221611,0.05,0.443222,7.09156,4.97784
pfet_05v0,ss,-40,5.00,0.60u,16,drop_at_100mA,0.0445673,0.1,0.445673,7.13076,4.95543
pfet_05v0,ss,-40,5.00,0.60u,16,rlin_at_50mV,0.05,0.11204,0.446269,7.14031,4.95
pfet_05v0,ss,-40,5.00,1.00u,1,drop_at_50mA,0.661924,0.05,13.2385,13.2385,4.33808
pfet_05v0,ss,-40,5.00,1.00u,1,drop_at_100mA,1.75414,0.1,17.5414,17.5414,3.24586
pfet_05v0,ss,-40,5.00,1.00u,1,rlin_at_50mV,0.05,0.00434302,11.5127,11.5127,4.95
pfet_05v0,ss,-40,5.00,1.00u,2,drop_at_50mA,0.304655,0.05,6.0931,12.1862,4.69534
pfet_05v0,ss,-40,5.00,1.00u,2,drop_at_100mA,0.661924,0.1,6.61924,13.2385,4.33808
pfet_05v0,ss,-40,5.00,1.00u,2,rlin_at_50mV,0.05,0.00868604,5.75637,11.5127,4.95
pfet_05v0,ss,-40,5.00,1.00u,4,drop_at_50mA,0.147031,0.05,2.94062,11.7625,4.85297
pfet_05v0,ss,-40,5.00,1.00u,4,drop_at_100mA,0.304655,0.1,3.04655,12.1862,4.69534
pfet_05v0,ss,-40,5.00,1.00u,4,rlin_at_50mV,0.05,0.0173721,2.87818,11.5127,4.95
pfet_05v0,ss,-40,5.00,1.00u,8,drop_at_50mA,0.072309,0.05,1.44618,11.5694,4.92769
pfet_05v0,ss,-40,5.00,1.00u,8,drop_at_100mA,0.147031,0.1,1.47031,11.7625,4.85297
pfet_05v0,ss,-40,5.00,1.00u,8,rlin_at_50mV,0.05,0.0347441,1.43909,11.5127,4.95
pfet_05v0,ss,-40,5.00,1.00u,16,drop_at_50mA,0.0358657,0.05,0.717314,11.477,4.96413
pfet_05v0,ss,-40,5.00,1.00u,16,drop_at_100mA,0.072309,0.1,0.72309,11.5694,4.92769
pfet_05v0,ss,-40,5.00,1.00u,16,rlin_at_50mV,0.05,0.0694883,0.719546,11.5127,4.95
pfet_05v0,ss,-40,5.50,0.50u,1,drop_at_50mA,0.301168,0.05,6.02335,6.02335,5.19883
pfet_05v0,ss,-40,5.50,0.50u,1,drop_at_100mA,0.656114,0.1,6.56114,6.56114,4.84389
pfet_05v0,ss,-40,5.50,0.50u,1,rlin_at_50mV,0.05,0.00881089,5.67479,5.67479,5.45
pfet_05v0,ss,-40,5.50,0.50u,2,drop_at_50mA,0.145097,0.05,2.90193,5.80387,5.3549
pfet_05v0,ss,-40,5.50,0.50u,2,drop_at_100mA,0.301168,0.1,3.01168,6.02335,5.19883
pfet_05v0,ss,-40,5.50,0.50u,2,rlin_at_50mV,0.05,0.0176218,2.8374,5.67479,5.45
pfet_05v0,ss,-40,5.50,0.50u,4,drop_at_50mA,0.0712925,0.05,1.42585,5.7034,5.42871
pfet_05v0,ss,-40,5.50,0.50u,4,drop_at_100mA,0.145097,0.1,1.45097,5.80387,5.3549
pfet_05v0,ss,-40,5.50,0.50u,4,rlin_at_50mV,0.05,0.0352436,1.4187,5.67479,5.45
pfet_05v0,ss,-40,5.50,0.50u,8,drop_at_50mA,0.035345,0.05,0.7069,5.6552,5.46465
pfet_05v0,ss,-40,5.50,0.50u,8,drop_at_100mA,0.0712925,0.1,0.712925,5.7034,5.42871
pfet_05v0,ss,-40,5.50,0.50u,8,rlin_at_50mV,0.05,0.0704872,0.709349,5.67479,5.45
pfet_05v0,ss,-40,5.50,0.50u,16,drop_at_50mA,0.0175987,0.05,0.351974,5.63159,5.4824
pfet_05v0,ss,-40,5.50,0.50u,16,drop_at_100mA,0.035345,0.1,0.35345,5.6552,5.46465
pfet_05v0,ss,-40,5.50,0.50u,16,rlin_at_50mV,0.05,0.140974,0.354675,5.67479,5.45
pfet_05v0,ss,-40,5.50,0.60u,1,drop_at_50mA,0.357699,0.05,7.15399,7.15399,5.1423
pfet_05v0,ss,-40,5.50,0.60u,1,drop_at_100mA,0.7911,0.1,7.911,7.911,4.7089
pfet_05v0,ss,-40,5.50,0.60u,1,rlin_at_50mV,0.05,0.00749294,6.67295,6.67295,5.45
pfet_05v0,ss,-40,5.50,0.60u,2,drop_at_50mA,0.171443,0.05,3.42885,6.85771,5.32856
pfet_05v0,ss,-40,5.50,0.60u,2,drop_at_100mA,0.357699,0.1,3.57699,7.15399,5.1423
pfet_05v0,ss,-40,5.50,0.60u,2,rlin_at_50mV,0.05,0.0149859,3.33647,6.67295,5.45
pfet_05v0,ss,-40,5.50,0.60u,4,drop_at_50mA,0.0840514,0.05,1.68103,6.72411,5.41595
pfet_05v0,ss,-40,5.50,0.60u,4,drop_at_100mA,0.171443,0.1,1.71443,6.85771,5.32856
pfet_05v0,ss,-40,5.50,0.60u,4,rlin_at_50mV,0.05,0.0299718,1.66824,6.67295,5.45
pfet_05v0,ss,-40,5.50,0.60u,8,drop_at_50mA,0.0416278,0.05,0.832555,6.66044,5.45837
pfet_05v0,ss,-40,5.50,0.60u,8,drop_at_100mA,0.0840514,0.1,0.840514,6.72411,5.41595
pfet_05v0,ss,-40,5.50,0.60u,8,rlin_at_50mV,0.05,0.0599435,0.834118,6.67295,5.45
pfet_05v0,ss,-40,5.50,0.60u,16,drop_at_50mA,0.0207167,0.05,0.414334,6.62934,5.47928
pfet_05v0,ss,-40,5.50,0.60u,16,drop_at_100mA,0.0416278,0.1,0.416278,6.66044,5.45837
pfet_05v0,ss,-40,5.50,0.60u,16,rlin_at_50mV,0.05,0.119887,0.417059,6.67295,5.45
pfet_05v0,ss,-40,5.50,1.00u,1,drop_at_50mA,0.599032,0.05,11.9806,11.9806,4.90097
pfet_05v0,ss,-40,5.50,1.00u,1,drop_at_100mA,1.44386,0.1,14.4386,14.4386,4.05614
pfet_05v0,ss,-40,5.50,1.00u,1,rlin_at_50mV,0.05,0.00466788,10.7115,10.7115,5.45
pfet_05v0,ss,-40,5.50,1.00u,2,drop_at_50mA,0.280458,0.05,5.60916,11.2183,5.21954
pfet_05v0,ss,-40,5.50,1.00u,2,drop_at_100mA,0.599032,0.1,5.99032,11.9806,4.90097
pfet_05v0,ss,-40,5.50,1.00u,2,rlin_at_50mV,0.05,0.00933577,5.35575,10.7115,5.45
pfet_05v0,ss,-40,5.50,1.00u,4,drop_at_50mA,0.136213,0.05,2.72425,10.897,5.36379
pfet_05v0,ss,-40,5.50,1.00u,4,drop_at_100mA,0.280458,0.1,2.80458,11.2183,5.21954
pfet_05v0,ss,-40,5.50,1.00u,4,rlin_at_50mV,0.05,0.0186715,2.67787,10.7115,5.45
pfet_05v0,ss,-40,5.50,1.00u,8,drop_at_50mA,0.0671755,0.05,1.34351,10.7481,5.43282
pfet_05v0,ss,-40,5.50,1.00u,8,drop_at_100mA,0.136213,0.1,1.36213,10.897,5.36379
pfet_05v0,ss,-40,5.50,1.00u,8,rlin_at_50mV,0.05,0.0373431,1.33894,10.7115,5.45
pfet_05v0,ss,-40,5.50,1.00u,16,drop_at_50mA,0.0333632,0.05,0.667265,10.6762,5.46664
pfet_05v0,ss,-40,5.50,1.00u,16,drop_at_100mA,0.0671755,0.1,0.671755,10.7481,5.43282
pfet_05v0,ss,-40,5.50,1.00u,16,rlin_at_50mV,0.05,0.0746862,0.669468,10.7115,5.45
pfet_05v0,ss,27,2.10,0.50u,1,drop_at_50mA,8.76416,0.05,175.283,175.283,-6.66416
pfet_05v0,ss,27,2.10,0.50u,1,drop_at_100mA,10.27,0.1,102.7,102.7,-8.17004
pfet_05v0,ss,27,2.10,0.50u,1,rlin_at_50mV,0.05,0.00245007,20.4076,20.4076,2.05
pfet_05v0,ss,27,2.10,0.50u,2,drop_at_50mA,2.23554,0.05,44.7108,89.4215,-0.135538
pfet_05v0,ss,27,2.10,0.50u,2,drop_at_100mA,8.76416,0.1,87.6416,175.283,-6.66416
pfet_05v0,ss,27,2.10,0.50u,2,rlin_at_50mV,0.05,0.00490013,10.2038,20.4076,2.05
pfet_05v0,ss,27,2.10,0.50u,4,drop_at_50mA,0.302037,0.05,6.04073,24.1629,1.79796
pfet_05v0,ss,27,2.10,0.50u,4,drop_at_100mA,2.23554,0.1,22.3554,89.4215,-0.135538
pfet_05v0,ss,27,2.10,0.50u,4,rlin_at_50mV,0.05,0.00980026,5.1019,20.4076,2.05
pfet_05v0,ss,27,2.10,0.50u,8,drop_at_50mA,0.13469,0.05,2.69379,21.5503,1.96531
pfet_05v0,ss,27,2.10,0.50u,8,drop_at_100mA,0.302037,0.1,3.02037,24.1629,1.79796
pfet_05v0,ss,27,2.10,0.50u,8,rlin_at_50mV,0.05,0.0196005,2.55095,20.4076,2.05
pfet_05v0,ss,27,2.10,0.50u,16,drop_at_50mA,0.064356,0.05,1.28712,20.5939,2.03564
pfet_05v0,ss,27,2.10,0.50u,16,drop_at_100mA,0.13469,0.1,1.3469,21.5503,1.96531
pfet_05v0,ss,27,2.10,0.50u,16,rlin_at_50mV,0.05,0.0392011,1.27548,20.4076,2.05
pfet_05v0,ss,27,2.10,0.60u,1,drop_at_50mA,9.37687,0.05,187.537,187.537,-7.27687
pfet_05v0,ss,27,2.10,0.60u,1,drop_at_100mA,10.828,0.1,108.28,108.28,-8.72804
pfet_05v0,ss,27,2.10,0.60u,1,rlin_at_50mV,0.05,0.00202757,24.6601,24.6601,2.05
pfet_05v0,ss,27,2.10,0.60u,2,drop_at_50mA,7.24135,0.05,144.827,289.654,-5.14135
pfet_05v0,ss,27,2.10,0.60u,2,drop_at_100mA,9.37687,0.1,93.7687,187.537,-7.27687
pfet_05v0,ss,27,2.10,0.60u,2,rlin_at_50mV,0.05,0.00405513,12.33,24.6601,2.05
pfet_05v0,ss,27,2.10,0.60u,4,drop_at_50mA,0.390188,0.05,7.80377,31.2151,1.70981
pfet_05v0,ss,27,2.10,0.60u,4,drop_at_100mA,7.24135,0.1,72.4135,289.654,-5.14135
pfet_05v0,ss,27,2.10,0.60u,4,rlin_at_50mV,0.05,0.00811027,6.16502,24.6601,2.05
pfet_05v0,ss,27,2.10,0.60u,8,drop_at_50mA,0.166263,0.05,3.32526,26.6021,1.93374
pfet_05v0,ss,27,2.10,0.60u,8,drop_at_100mA,0.390188,0.1,3.90188,31.2151,1.70981
pfet_05v0,ss,27,2.10,0.60u,8,rlin_at_50mV,0.05,0.0162205,3.08251,24.6601,2.05
pfet_05v0,ss,27,2.10,0.60u,16,drop_at_50mA,0.0784753,0.05,1.56951,25.1121,2.02152
pfet_05v0,ss,27,2.10,0.60u,16,drop_at_100mA,0.166263,0.1,1.66263,26.6021,1.93374
pfet_05v0,ss,27,2.10,0.60u,16,rlin_at_50mV,0.05,0.0324411,1.54126,24.6601,2.05
pfet_05v0,ss,27,2.10,1.00u,1,drop_at_50mA,10.7477,0.05,214.953,214.953,-8.64766
pfet_05v0,ss,27,2.10,1.00u,1,drop_at_100mA,12.2809,0.1,122.809,122.809,-10.1809
pfet_05v0,ss,27,2.10,1.00u,1,rlin_at_50mV,0.05,0.00119299,41.9115,41.9115,2.05
pfet_05v0,ss,27,2.10,1.00u,2,drop_at_50mA,9.26874,0.05,185.375,370.75,-7.16874
pfet_05v0,ss,27,2.10,1.00u,2,drop_at_100mA,10.7477,0.1,107.477,214.953,-8.64766
pfet_05v0,ss,27,2.10,1.00u,2,rlin_at_50mV,0.05,0.00238598,20.9557,41.9115,2.05
pfet_05v0,ss,27,2.10,1.00u,4,drop_at_50mA,6.79331,0.05,135.866,543.465,-4.69331
pfet_05v0,ss,27,2.10,1.00u,4,drop_at_100mA,9.26874,0.1,92.6874,370.75,-7.16874
pfet_05v0,ss,27,2.10,1.00u,4,rlin_at_50mV,0.05,0.00477196,10.4779,41.9115,2.05
pfet_05v0,ss,27,2.10,1.00u,8,drop_at_50mA,0.314735,0.05,6.29469,50.3575,1.78527
pfet_05v0,ss,27,2.10,1.00u,8,drop_at_100mA,6.79331,0.1,67.9331,543.465,-4.69331
pfet_05v0,ss,27,2.10,1.00u,8,rlin_at_50mV,0.05,0.00954392,5.23894,41.9115,2.05
pfet_05v0,ss,27,2.10,1.00u,16,drop_at_50mA,0.138853,0.05,2.77705,44.4329,1.96115
pfet_05v0,ss,27,2.10,1.00u,16,drop_at_100mA,0.314735,0.1,3.14735,50.3575,1.78527
pfet_05v0,ss,27,2.10,1.00u,16,rlin_at_50mV,0.05,0.0190878,2.61947,41.9115,2.05
pfet_05v0,ss,27,2.97,0.50u,1,drop_at_50mA,0.943037,0.05,18.8607,18.8607,2.02696
pfet_05v0,ss,27,2.97,0.50u,1,drop_at_100mA,8.7323,0.1,87.323,87.323,-5.7623
pfet_05v0,ss,27,2.97,0.50u,1,rlin_at_50mV,0.05,0.0039141,12.7743,12.7743,2.92
pfet_05v0,ss,27,2.97,0.50u,2,drop_at_50mA,0.362109,0.05,7.24217,14.4843,2.60789
pfet_05v0,ss,27,2.97,0.50u,2,drop_at_100mA,0.943037,0.1,9.43037,18.8607,2.02696
pfet_05v0,ss,27,2.97,0.50u,2,rlin_at_50mV,0.05,0.0078282,6.38716,12.7743,2.92
pfet_05v0,ss,27,2.97,0.50u,4,drop_at_50mA,0.16721,0.05,3.3442,13.3768,2.80279
pfet_05v0,ss,27,2.97,0.50u,4,drop_at_100mA,0.362109,0.1,3.62109,14.4843,2.60789
pfet_05v0,ss,27,2.97,0.50u,4,rlin_at_50mV,0.05,0.0156564,3.19358,12.7743,2.92
pfet_05v0,ss,27,2.97,0.50u,8,drop_at_50mA,0.0808027,0.05,1.61605,12.9284,2.8892
pfet_05v0,ss,27,2.97,0.50u,8,drop_at_100mA,0.16721,0.1,1.6721,13.3768,2.80279
pfet_05v0,ss,27,2.97,0.50u,8,rlin_at_50mV,0.05,0.0313128,1.59679,12.7743,2.92
pfet_05v0,ss,27,2.97,0.50u,16,drop_at_50mA,0.0397617,0.05,0.795234,12.7237,2.93024
pfet_05v0,ss,27,2.97,0.50u,16,drop_at_100mA,0.0808027,0.1,0.808027,12.9284,2.8892
pfet_05v0,ss,27,2.97,0.50u,16,rlin_at_50mV,0.05,0.0626256,0.798396,12.7743,2.92
pfet_05v0,ss,27,2.97,0.60u,1,drop_at_50mA,1.68321,0.05,33.6641,33.6641,1.28679
pfet_05v0,ss,27,2.97,0.60u,1,drop_at_100mA,9.34356,0.1,93.4356,93.4356,-6.37356
pfet_05v0,ss,27,2.97,0.60u,1,rlin_at_50mV,0.05,0.00327641,15.2606,15.2606,2.92
pfet_05v0,ss,27,2.97,0.60u,2,drop_at_50mA,0.44798,0.05,8.95959,17.9192,2.52202
pfet_05v0,ss,27,2.97,0.60u,2,drop_at_100mA,1.68321,0.1,16.8321,33.6641,1.28679
pfet_05v0,ss,27,2.97,0.60u,2,rlin_at_50mV,0.05,0.00655283,7.6303,15.2606,2.92
pfet_05v0,ss,27,2.97,0.60u,4,drop_at_50mA,0.202456,0.05,4.04911,16.1965,2.76754
pfet_05v0,ss,27,2.97,0.60u,4,drop_at_100mA,0.44798,0.1,4.4798,17.9192,2.52202
pfet_05v0,ss,27,2.97,0.60u,4,rlin_at_50mV,0.05,0.0131057,3.81515,15.2606,2.92
pfet_05v0,ss,27,2.97,0.60u,8,drop_at_50mA,0.0971259,0.05,1.94252,15.5402,2.87287
pfet_05v0,ss,27,2.97,0.60u,8,drop_at_100mA,0.202456,0.1,2.02456,16.1965,2.76754
pfet_05v0,ss,27,2.97,0.60u,8,rlin_at_50mV,0.05,0.0262113,1.90757,15.2606,2.92
pfet_05v0,ss,27,2.97,0.60u,16,drop_at_50mA,0.0476464,0.05,0.952928,15.2468,2.92235
pfet_05v0,ss,27,2.97,0.60u,16,drop_at_100mA,0.0971259,0.1,0.971259,15.5402,2.87287
pfet_05v0,ss,27,2.97,0.60u,16,rlin_at_50mV,0.05,0.0524226,0.953787,15.2606,2.92
pfet_05v0,ss,27,2.97,1.00u,1,drop_at_50mA,9.03518,0.05,180.704,180.704,-6.06518
pfet_05v0,ss,27,2.97,1.00u,1,drop_at_100mA,10.6485,0.1,106.485,106.485,-7.67854
pfet_05v0,ss,27,2.97,1.00u,1,rlin_at_50mV,0.05,0.00197331,25.3381,25.3381,2.92
pfet_05v0,ss,27,2.97,1.00u,2,drop_at_50mA,0.925619,0.05,18.5124,37.0248,2.04438
pfet_05v0,ss,27,2.97,1.00u,2,drop_at_100mA,9.03518,0.1,90.3518,180.704,-6.06518
pfet_05v0,ss,27,2.97,1.00u,2,rlin_at_50mV,0.05,0.00394663,12.669,25.3381,2.92
pfet_05v0,ss,27,2.97,1.00u,4,drop_at_50mA,0.357205,0.05,7.1441,28.5764,2.61279
pfet_05v0,ss,27,2.97,1.00u,4,drop_at_100mA,0.925619,0.1,9.25619,37.0248,2.04438
pfet_05v0,ss,27,2.97,1.00u,4,rlin_at_50mV,0.05,0.00789326,6.33452,25.3381,2.92
pfet_05v0,ss,27,2.97,1.00u,8,drop_at_50mA,0.165466,0.05,3.30932,26.4745,2.80453
pfet_05v0,ss,27,2.97,1.00u,8,drop_at_100mA,0.357205,0.1,3.57205,28.5764,2.61279
pfet_05v0,ss,27,2.97,1.00u,8,rlin_at_50mV,0.05,0.0157865,3.16726,25.3381,2.92
pfet_05v0,ss,27,2.97,1.00u,16,drop_at_50mA,0.0800801,0.05,1.6016,25.6256,2.88992
pfet_05v0,ss,27,2.97,1.00u,16,drop_at_100mA,0.165466,0.1,1.65466,26.4745,2.80453
pfet_05v0,ss,27,2.97,1.00u,16,rlin_at_50mV,0.05,0.031573,1.58363,25.3381,2.92
pfet_05v0,ss,27,3.30,0.50u,1,drop_at_50mA,0.730794,0.05,14.6159,14.6159,2.56921
pfet_05v0,ss,27,3.30,0.50u,1,drop_at_100mA,7.94168,0.1,79.4168,79.4168,-4.64168
pfet_05v0,ss,27,3.30,0.50u,1,rlin_at_50mV,0.05,0.00439025,11.3889,11.3889,3.25
pfet_05v0,ss,27,3.30,0.50u,2,drop_at_50mA,0.312115,0.05,6.24229,12.4846,2.98789
pfet_05v0,ss,27,3.30,0.50u,2,drop_at_100mA,0.730794,0.1,7.30794,14.6159,2.56921
pfet_05v0,ss,27,3.30,0.50u,2,rlin_at_50mV,0.05,0.0087805,5.69443,11.3889,3.25
pfet_05v0,ss,27,3.30,0.50u,4,drop_at_50mA,0.147215,0.05,2.9443,11.7772,3.15279
pfet_05v0,ss,27,3.30,0.50u,4,drop_at_100mA,0.312115,0.1,3.12115,12.4846,2.98789
pfet_05v0,ss,27,3.30,0.50u,4,rlin_at_50mV,0.05,0.017561,2.84722,11.3889,3.25
pfet_05v0,ss,27,3.30,0.50u,8,drop_at_50mA,0.0717116,0.05,1.43423,11.4739,3.22829
pfet_05v0,ss,27,3.30,0.50u,8,drop_at_100mA,0.147215,0.1,1.47215,11.7772,3.15279
pfet_05v0,ss,27,3.30,0.50u,8,rlin_at_50mV,0.05,0.035122,1.42361,11.3889,3.25
pfet_05v0,ss,27,3.30,0.50u,16,drop_at_50mA,0.0354135,0.05,0.708269,11.3323,3.26459
pfet_05v0,ss,27,3.30,0.50u,16,drop_at_100mA,0.0717116,0.1,0.717116,11.4739,3.22829
pfet_05v0,ss,27,3.30,0.50u,16,rlin_at_50mV,0.05,0.070244,0.711804,11.3889,3.25
pfet_05v0,ss,27,3.30,0.60u,1,drop_at_50mA,0.948392,0.05,18.9678,18.9678,2.35161
pfet_05v0,ss,27,3.30,0.60u,1,drop_at_100mA,8.84567,0.1,88.4567,88.4567,-5.54567
pfet_05v0,ss,27,3.30,0.60u,1,rlin_at_50mV,0.05,0.00368577,13.5657,13.5657,3.25
pfet_05v0,ss,27,3.30,0.60u,2,drop_at_50mA,0.380473,0.05,7.60946,15.2189,2.91953
pfet_05v0,ss,27,3.30,0.60u,2,drop_at_100mA,0.948392,0.1,9.48392,18.9678,2.35161
pfet_05v0,ss,27,3.30,0.60u,2,rlin_at_50mV,0.05,0.00737154,6.78284,13.5657,3.25
pfet_05v0,ss,27,3.30,0.60u,4,drop_at_50mA,0.177065,0.05,3.54131,14.1652,3.12293
pfet_05v0,ss,27,3.30,0.60u,4,drop_at_100mA,0.380473,0.1,3.80473,15.2189,2.91953
pfet_05v0,ss,27,3.30,0.60u,4,rlin_at_50mV,0.05,0.0147431,3.39142,13.5657,3.25
pfet_05v0,ss,27,3.30,0.60u,8,drop_at_50mA,0.0858155,0.05,1.71631,13.7305,3.21418
pfet_05v0,ss,27,3.30,0.60u,8,drop_at_100mA,0.177065,0.1,1.77065,14.1652,3.12293
pfet_05v0,ss,27,3.30,0.60u,8,rlin_at_50mV,0.05,0.0294862,1.69571,13.5657,3.25
pfet_05v0,ss,27,3.30,0.60u,16,drop_at_50mA,0.0422831,0.05,0.845662,13.5306,3.25772
pfet_05v0,ss,27,3.30,0.60u,16,drop_at_100mA,0.0858155,0.1,0.858155,13.7305,3.21418
pfet_05v0,ss,27,3.30,0.60u,16,rlin_at_50mV,0.05,0.0589723,0.847855,13.5657,3.25
pfet_05v0,ss,27,3.30,1.00u,1,drop_at_50mA,8.29746,0.05,165.949,165.949,-4.99746
pfet_05v0,ss,27,3.30,1.00u,1,drop_at_100mA,10.3016,0.1,103.016,103.016,-7.00165
pfet_05v0,ss,27,3.30,1.00u,1,rlin_at_50mV,0.05,0.00223339,22.3875,22.3875,3.25
pfet_05v0,ss,27,3.30,1.00u,2,drop_at_50mA,0.706063,0.05,14.1213,28.2425,2.59394
pfet_05v0,ss,27,3.30,1.00u,2,drop_at_100mA,8.29746,0.1,82.9746,165.949,-4.99746
pfet_05v0,ss,27,3.30,1.00u,2,rlin_at_50mV,0.05,0.00446677,11.1938,22.3875,3.25
pfet_05v0,ss,27,3.30,1.00u,4,drop_at_50mA,0.304767,0.05,6.09535,24.3814,2.99523
pfet_05v0,ss,27,3.30,1.00u,4,drop_at_100mA,0.706063,0.1,7.06063,28.2425,2.59394
pfet_05v0,ss,27,3.30,1.00u,4,rlin_at_50mV,0.05,0.00893355,5.59688,22.3875,3.25
pfet_05v0,ss,27,3.30,1.00u,8,drop_at_50mA,0.144319,0.05,2.88638,23.0911,3.15568
pfet_05v0,ss,27,3.30,1.00u,8,drop_at_100mA,0.304767,0.1,3.04767,24.3814,2.99523
pfet_05v0,ss,27,3.30,1.00u,8,rlin_at_50mV,0.05,0.0178671,2.79844,22.3875,3.25
pfet_05v0,ss,27,3.30,1.00u,16,drop_at_50mA,0.0704271,0.05,1.40854,22.5367,3.22957
pfet_05v0,ss,27,3.30,1.00u,16,drop_at_100mA,0.144319,0.1,1.44319,23.0911,3.15568
pfet_05v0,ss,27,3.30,1.00u,16,rlin_at_50mV,0.05,0.0357342,1.39922,22.3875,3.25
pfet_05v0,ss,27,3.63,0.50u,1,drop_at_50mA,0.621998,0.05,12.44,12.44,3.008
pfet_05v0,ss,27,3.63,0.50u,1,drop_at_100mA,3.38583,0.1,33.8583,33.8583,0.244167
pfet_05v0,ss,27,3.63,0.50u,1,rlin_at_50mV,0.05,0.00483089,10.3501,10.3501,3.58
pfet_05v0,ss,27,3.63,0.50u,2,drop_at_50mA,0.277821,0.05,5.55642,11.1128,3.35218
pfet_05v0,ss,27,3.63,0.50u,2,drop_at_100mA,0.621998,0.1,6.21998,12.44,3.008
pfet_05v0,ss,27,3.63,0.50u,2,rlin_at_50mV,0.05,0.00966178,5.17503,10.3501,3.58
pfet_05v0,ss,27,3.63,0.50u,4,drop_at_50mA,0.13272,0.05,2.6544,10.6176,3.49728
pfet_05v0,ss,27,3.63,0.50u,4,drop_at_100mA,0.277821,0.1,2.77821,11.1128,3.35218
pfet_05v0,ss,27,3.63,0.50u,4,rlin_at_50mV,0.05,0.0193236,2.58751,10.3501,3.58
pfet_05v0,ss,27,3.63,0.50u,8,drop_at_50mA,0.064986,0.05,1.29972,10.3978,3.56501
pfet_05v0,ss,27,3.63,0.50u,8,drop_at_100mA,0.13272,0.1,1.3272,10.6176,3.49728
pfet_05v0,ss,27,3.63,0.50u,8,rlin_at_50mV,0.05,0.0386471,1.29376,10.3501,3.58
pfet_05v0,ss,27,3.63,0.50u,16,drop_at_50mA,0.0321679,0.05,0.643357,10.2937,3.59783
pfet_05v0,ss,27,3.63,0.50u,16,drop_at_100mA,0.064986,0.1,0.64986,10.3978,3.56501
pfet_05v0,ss,27,3.63,0.50u,16,rlin_at_50mV,0.05,0.0772943,0.646879,10.3501,3.58
pfet_05v0,ss,27,3.63,0.60u,1,drop_at_50mA,0.776771,0.05,15.5354,15.5354,2.85323
pfet_05v0,ss,27,3.63,0.60u,1,drop_at_100mA,8.10984,0.1,81.0984,81.0984,-4.47984
pfet_05v0,ss,27,3.63,0.60u,1,rlin_at_50mV,0.05,0.00406586,12.2975,12.2975,3.58
pfet_05v0,ss,27,3.63,0.60u,2,drop_at_50mA,0.335707,0.05,6.71414,13.4283,3.29429
pfet_05v0,ss,27,3.63,0.60u,2,drop_at_100mA,0.776771,0.1,7.76771,15.5354,2.85323
pfet_05v0,ss,27,3.63,0.60u,2,rlin_at_50mV,0.05,0.00813172,6.14876,12.2975,3.58
pfet_05v0,ss,27,3.63,0.60u,4,drop_at_50mA,0.158874,0.05,3.17749,12.7099,3.47113
pfet_05v0,ss,27,3.63,0.60u,4,drop_at_100mA,0.335707,0.1,3.35707,13.4283,3.29429
pfet_05v0,ss,27,3.63,0.60u,4,rlin_at_50mV,0.05,0.0162634,3.07438,12.2975,3.58
pfet_05v0,ss,27,3.63,0.60u,8,drop_at_50mA,0.0774979,0.05,1.54996,12.3997,3.5525
pfet_05v0,ss,27,3.63,0.60u,8,drop_at_100mA,0.158874,0.1,1.58874,12.7099,3.47113
pfet_05v0,ss,27,3.63,0.60u,8,rlin_at_50mV,0.05,0.0325269,1.53719,12.2975,3.58
pfet_05v0,ss,27,3.63,0.60u,16,drop_at_50mA,0.0382951,0.05,0.765902,12.2544,3.5917
pfet_05v0,ss,27,3.63,0.60u,16,drop_at_100mA,0.0774979,0.1,0.774979,12.3997,3.5525
pfet_05v0,ss,27,3.63,0.60u,16,rlin_at_50mV,0.05,0.0650538,0.768595,12.2975,3.58
pfet_05v0,ss,27,3.63,1.00u,1,drop_at_50mA,3.21836,0.05,64.3671,64.3671,0.411644
pfet_05v0,ss,27,3.63,1.00u,1,drop_at_100mA,10.0018,0.1,100.018,100.018,-6.37179
pfet_05v0,ss,27,3.63,1.00u,1,rlin_at_50mV,0.05,0.00247662,20.1888,20.1888,3.58
pfet_05v0,ss,27,3.63,1.00u,2,drop_at_50mA,0.596309,0.05,11.9262,23.8524,3.03369
pfet_05v0,ss,27,3.63,1.00u,2,drop_at_100mA,3.21836,0.1,32.1836,64.3671,0.411644
pfet_05v0,ss,27,3.63,1.00u,2,rlin_at_50mV,0.05,0.00495323,10.0944,20.1888,3.58
pfet_05v0,ss,27,3.63,1.00u,4,drop_at_50mA,0.269152,0.05,5.38303,21.5321,3.36085
pfet_05v0,ss,27,3.63,1.00u,4,drop_at_100mA,0.596309,0.1,5.96309,23.8524,3.03369
pfet_05v0,ss,27,3.63,1.00u,4,rlin_at_50mV,0.05,0.00990646,5.04721,20.1888,3.58
pfet_05v0,ss,27,3.63,1.00u,8,drop_at_50mA,0.129103,0.05,2.58206,20.6565,3.5009
pfet_05v0,ss,27,3.63,1.00u,8,drop_at_100mA,0.269152,0.1,2.69152,21.5321,3.36085
pfet_05v0,ss,27,3.63,1.00u,8,rlin_at_50mV,0.05,0.0198129,2.5236,20.1888,3.58
pfet_05v0,ss,27,3.63,1.00u,16,drop_at_50mA,0.0633324,0.05,1.26665,20.2664,3.56667
pfet_05v0,ss,27,3.63,1.00u,16,drop_at_100mA,0.129103,0.1,1.29103,20.6565,3.5009
pfet_05v0,ss,27,3.63,1.00u,16,rlin_at_50mV,0.05,0.0396259,1.2618,20.1888,3.58
pfet_05v0,ss,27,4.50,0.50u,1,drop_at_50mA,0.475087,0.05,9.50174,9.50174,4.02491
pfet_05v0,ss,27,4.50,0.50u,1,drop_at_100mA,1.13196,0.1,11.3196,11.3196,3.36804
pfet_05v0,ss,27,4.50,0.50u,1,rlin_at_50mV,0.05,0.00585063,8.54609,8.54609,4.45
pfet_05v0,ss,27,4.50,0.50u,2,drop_at_50mA,0.222933,0.05,4.45866,8.91733,4.27707
pfet_05v0,ss,27,4.50,0.50u,2,drop_at_100mA,0.475087,0.1,4.75087,9.50174,4.02491
pfet_05v0,ss,27,4.50,0.50u,2,rlin_at_50mV,0.05,0.0117013,4.27304,8.54609,4.45
pfet_05v0,ss,27,4.50,0.50u,4,drop_at_50mA,0.108361,0.05,2.16721,8.66885,4.39164
pfet_05v0,ss,27,4.50,0.50u,4,drop_at_100mA,0.222933,0.1,2.22933,8.91733,4.27707
pfet_05v0,ss,27,4.50,0.50u,4,rlin_at_50mV,0.05,0.0234025,2.13652,8.54609,4.45
pfet_05v0,ss,27,4.50,0.50u,8,drop_at_50mA,0.0534581,0.05,1.06916,8.55329,4.44654
pfet_05v0,ss,27,4.50,0.50u,8,drop_at_100mA,0.108361,0.1,1.08361,8.66885,4.39164
pfet_05v0,ss,27,4.50,0.50u,8,rlin_at_50mV,0.05,0.0468051,1.06826,8.54609,4.45
pfet_05v0,ss,27,4.50,0.50u,16,drop_at_50mA,0.0265546,0.05,0.531091,8.49746,4.47345
pfet_05v0,ss,27,4.50,0.50u,16,drop_at_100mA,0.0534581,0.1,0.534581,8.55329,4.44654
pfet_05v0,ss,27,4.50,0.50u,16,rlin_at_50mV,0.05,0.0936101,0.53413,8.54609,4.45
pfet_05v0,ss,27,4.50,0.60u,1,drop_at_50mA,0.574183,0.05,11.4837,11.4837,3.92582
pfet_05v0,ss,27,4.50,0.60u,1,drop_at_100mA,1.45974,0.1,14.5974,14.5974,3.04026
pfet_05v0,ss,27,4.50,0.60u,1,rlin_at_50mV,0.05,0.00494966,10.1017,10.1017,4.45
pfet_05v0,ss,27,4.50,0.60u,2,drop_at_50mA,0.265967,0.05,5.31933,10.6387,4.23403
pfet_05v0,ss,27,4.50,0.60u,2,drop_at_100mA,0.574183,0.1,5.74183,11.4837,3.92582
pfet_05v0,ss,27,4.50,0.60u,2,rlin_at_50mV,0.05,0.00989933,5.05085,10.1017,4.45
pfet_05v0,ss,27,4.50,0.60u,4,drop_at_50mA,0.128655,0.05,2.57311,10.2924,4.37134
pfet_05v0,ss,27,4.50,0.60u,4,drop_at_100mA,0.265967,0.1,2.65967,10.6387,4.23403
pfet_05v0,ss,27,4.50,0.60u,4,rlin_at_50mV,0.05,0.0197987,2.52542,10.1017,4.45
pfet_05v0,ss,27,4.50,0.60u,8,drop_at_50mA,0.0633354,0.05,1.26671,10.1337,4.43666
pfet_05v0,ss,27,4.50,0.60u,8,drop_at_100mA,0.128655,0.1,1.28655,10.2924,4.37134
pfet_05v0,ss,27,4.50,0.60u,8,rlin_at_50mV,0.05,0.0395973,1.26271,10.1017,4.45
pfet_05v0,ss,27,4.50,0.60u,16,drop_at_50mA,0.0314295,0.05,0.62859,10.0574,4.46857
pfet_05v0,ss,27,4.50,0.60u,16,drop_at_100mA,0.0633354,0.1,0.633354,10.1337,4.43666
pfet_05v0,ss,27,4.50,0.60u,16,rlin_at_50mV,0.05,0.0791946,0.631356,10.1017,4.45
pfet_05v0,ss,27,4.50,1.00u,1,drop_at_50mA,1.04144,0.05,20.8288,20.8288,3.45856
pfet_05v0,ss,27,4.50,1.00u,1,drop_at_100mA,9.08309,0.1,90.8309,90.8309,-4.58309
pfet_05v0,ss,27,4.50,1.00u,1,rlin_at_50mV,0.05,0.00304812,16.4036,16.4036,4.45
pfet_05v0,ss,27,4.50,1.00u,2,drop_at_50mA,0.449354,0.05,8.98708,17.9742,4.05065
pfet_05v0,ss,27,4.50,1.00u,2,drop_at_100mA,1.04144,0.1,10.4144,20.8288,3.45856
pfet_05v0,ss,27,4.50,1.00u,2,rlin_at_50mV,0.05,0.00609623,8.20179,16.4036,4.45
pfet_05v0,ss,27,4.50,1.00u,4,drop_at_50mA,0.212679,0.05,4.25358,17.0143,4.28732
pfet_05v0,ss,27,4.50,1.00u,4,drop_at_100mA,0.449354,0.1,4.49354,17.9742,4.05065
pfet_05v0,ss,27,4.50,1.00u,4,rlin_at_50mV,0.05,0.0121925,4.10089,16.4036,4.45
pfet_05v0,ss,27,4.50,1.00u,8,drop_at_50mA,0.103758,0.05,2.07516,16.6013,4.39624
pfet_05v0,ss,27,4.50,1.00u,8,drop_at_100mA,0.212679,0.1,2.12679,17.0143,4.28732
pfet_05v0,ss,27,4.50,1.00u,8,rlin_at_50mV,0.05,0.0243849,2.05045,16.4036,4.45
pfet_05v0,ss,27,4.50,1.00u,16,drop_at_50mA,0.0512757,0.05,1.02551,16.4082,4.44872
pfet_05v0,ss,27,4.50,1.00u,16,drop_at_100mA,0.103758,0.1,1.03758,16.6013,4.39624
pfet_05v0,ss,27,4.50,1.00u,16,rlin_at_50mV,0.05,0.0487699,1.02522,16.4036,4.45
pfet_05v0,ss,27,5.00,0.50u,1,drop_at_50mA,0.427597,0.05,8.55194,8.55194,4.5724
pfet_05v0,ss,27,5.00,0.50u,1,drop_at_100mA,0.970533,0.1,9.70533,9.70533,4.02947
pfet_05v0,ss,27,5.00,0.50u,1,rlin_at_50mV,0.05,0.00635973,7.86197,7.86197,4.95
pfet_05v0,ss,27,5.00,0.50u,2,drop_at_50mA,0.203308,0.05,4.06616,8.13233,4.79669
pfet_05v0,ss,27,5.00,0.50u,2,drop_at_100mA,0.427597,0.1,4.27597,8.55194,4.5724
pfet_05v0,ss,27,5.00,0.50u,2,rlin_at_50mV,0.05,0.0127195,3.93098,7.86197,4.95
pfet_05v0,ss,27,5.00,0.50u,4,drop_at_50mA,0.099345,0.05,1.9869,7.9476,4.90065
pfet_05v0,ss,27,5.00,0.50u,4,drop_at_100mA,0.203308,0.1,2.03308,8.13233,4.79669
pfet_05v0,ss,27,5.00,0.50u,4,rlin_at_50mV,0.05,0.0254389,1.96549,7.86197,4.95
pfet_05v0,ss,27,5.00,0.50u,8,drop_at_50mA,0.0491279,0.05,0.982558,7.86046,4.95087
pfet_05v0,ss,27,5.00,0.50u,8,drop_at_100mA,0.099345,0.1,0.99345,7.9476,4.90065
pfet_05v0,ss,27,5.00,0.50u,8,rlin_at_50mV,0.05,0.0508779,0.982746,7.86197,4.95
pfet_05v0,ss,27,5.00,0.50u,16,drop_at_50mA,0.0244315,0.05,0.488631,7.8181,4.97557
pfet_05v0,ss,27,5.00,0.50u,16,drop_at_100mA,0.0491279,0.1,0.491279,7.86046,4.95087
pfet_05v0,ss,27,5.00,0.50u,16,rlin_at_50mV,0.05,0.101756,0.491373,7.86197,4.95
pfet_05v0,ss,27,5.00,0.60u,1,drop_at_50mA,0.512579,0.05,10.2516,10.2516,4.48742
pfet_05v0,ss,27,5.00,0.60u,1,drop_at_100mA,1.20346,0.1,12.0346,12.0346,3.79654
pfet_05v0,ss,27,5.00,0.60u,1,rlin_at_50mV,0.05,0.00539279,9.27164,9.27164,4.95
pfet_05v0,ss,27,5.00,0.60u,2,drop_at_50mA,0.241492,0.05,4.82985,9.6597,4.75851
pfet_05v0,ss,27,5.00,0.60u,2,drop_at_100mA,0.512579,0.1,5.12579,10.2516,4.48742
pfet_05v0,ss,27,5.00,0.60u,2,rlin_at_50mV,0.05,0.0107856,4.63582,9.27164,4.95
pfet_05v0,ss,27,5.00,0.60u,4,drop_at_50mA,0.117574,0.05,2.35148,9.40591,4.88243
pfet_05v0,ss,27,5.00,0.60u,4,drop_at_100mA,0.241492,0.1,2.41492,9.6597,4.75851
pfet_05v0,ss,27,5.00,0.60u,4,rlin_at_50mV,0.05,0.0215712,2.31791,9.27164,4.95
pfet_05v0,ss,27,5.00,0.60u,8,drop_at_50mA,0.0580468,0.05,1.16094,9.28748,4.94195
pfet_05v0,ss,27,5.00,0.60u,8,drop_at_100mA,0.117574,0.1,1.17574,9.40591,4.88243
pfet_05v0,ss,27,5.00,0.60u,8,rlin_at_50mV,0.05,0.0431423,1.15896,9.27164,4.95
pfet_05v0,ss,27,5.00,0.60u,16,drop_at_50mA,0.0288443,0.05,0.576886,9.23018,4.97116
pfet_05v0,ss,27,5.00,0.60u,16,drop_at_100mA,0.0580468,0.1,0.580468,9.28748,4.94195
pfet_05v0,ss,27,5.00,0.60u,16,rlin_at_50mV,0.05,0.0862846,0.579478,9.27164,4.95
pfet_05v0,ss,27,5.00,1.00u,1,drop_at_50mA,0.89323,0.05,17.8646,17.8646,4.10677
pfet_05v0,ss,27,5.00,1.00u,1,drop_at_100mA,5.00088,0.1,50.0088,50.0088,-0.000879567
pfet_05v0,ss,27,5.00,1.00u,1,rlin_at_50mV,0.05,0.00333742,14.9817,14.9817,4.95
pfet_05v0,ss,27,5.00,1.00u,2,drop_at_50mA,0.402093,0.05,8.04186,16.0837,4.59791
pfet_05v0,ss,27,5.00,1.00u,2,drop_at_100mA,0.89323,0.1,8.9323,17.8646,4.10677
pfet_05v0,ss,27,5.00,1.00u,2,rlin_at_50mV,0.05,0.00667483,7.49083,14.9817,4.95
pfet_05v0,ss,27,5.00,1.00u,4,drop_at_50mA,0.192658,0.05,3.85316,15.4126,4.80734
pfet_05v0,ss,27,5.00,1.00u,4,drop_at_100mA,0.402093,0.1,4.02093,16.0837,4.59791
pfet_05v0,ss,27,5.00,1.00u,4,rlin_at_50mV,0.05,0.0133497,3.74541,14.9817,4.95
pfet_05v0,ss,27,5.00,1.00u,8,drop_at_50mA,0.0944614,0.05,1.88923,15.1138,4.90554
pfet_05v0,ss,27,5.00,1.00u,8,drop_at_100mA,0.192658,0.1,1.92658,15.4126,4.80734
pfet_05v0,ss,27,5.00,1.00u,8,rlin_at_50mV,0.05,0.0266993,1.87271,14.9817,4.95
pfet_05v0,ss,27,5.00,1.00u,16,drop_at_50mA,0.0467881,0.05,0.935761,14.9722,4.95321
pfet_05v0,ss,27,5.00,1.00u,16,drop_at_100mA,0.0944614,0.1,0.944614,15.1138,4.90554
pfet_05v0,ss,27,5.00,1.00u,16,rlin_at_50mV,0.05,0.0533986,0.936353,14.9817,4.95
pfet_05v0,ss,27,5.50,0.50u,1,drop_at_50mA,0.392695,0.05,7.8539,7.8539,5.10731
pfet_05v0,ss,27,5.50,0.50u,1,drop_at_100mA,0.867178,0.1,8.67178,8.67178,4.63282
pfet_05v0,ss,27,5.50,0.50u,1,rlin_at_50mV,0.05,0.00682277,7.3284,7.3284,5.45
pfet_05v0,ss,27,5.50,0.50u,2,drop_at_50mA,0.188365,0.05,3.7673,7.5346,5.31163
pfet_05v0,ss,27,5.50,0.50u,2,drop_at_100mA,0.392695,0.1,3.92695,7.8539,5.10731
pfet_05v0,ss,27,5.50,0.50u,2,rlin_at_50mV,0.05,0.0136455,3.6642,7.3284,5.45
pfet_05v0,ss,27,5.50,0.50u,4,drop_at_50mA,0.0923842,0.05,1.84768,7.39074,5.40762
pfet_05v0,ss,27,5.50,0.50u,4,drop_at_100mA,0.188365,0.1,1.88365,7.5346,5.31163
pfet_05v0,ss,27,5.50,0.50u,4,rlin_at_50mV,0.05,0.0272911,1.8321,7.3284,5.45
pfet_05v0,ss,27,5.50,0.50u,8,drop_at_50mA,0.0457638,0.05,0.915276,7.32221,5.45424
pfet_05v0,ss,27,5.50,0.50u,8,drop_at_100mA,0.0923842,0.1,0.923842,7.39074,5.40762
pfet_05v0,ss,27,5.50,0.50u,8,rlin_at_50mV,0.05,0.0545822,0.91605,7.3284,5.45
pfet_05v0,ss,27,5.50,0.50u,16,drop_at_50mA,0.0227773,0.05,0.455546,7.28873,5.47722
pfet_05v0,ss,27,5.50,0.50u,16,drop_at_100mA,0.0457638,0.1,0.457638,7.32221,5.45424
pfet_05v0,ss,27,5.50,0.50u,16,rlin_at_50mV,0.05,0.109164,0.458025,7.3284,5.45
pfet_05v0,ss,27,5.50,0.60u,1,drop_at_50mA,0.468129,0.05,9.36257,9.36257,5.03187
pfet_05v0,ss,27,5.50,0.60u,1,drop_at_100mA,1.05676,0.1,10.5676,10.5676,4.44324
pfet_05v0,ss,27,5.50,0.60u,1,rlin_at_50mV,0.05,0.00579671,8.62558,8.62558,5.45
pfet_05v0,ss,27,5.50,0.60u,2,drop_at_50mA,0.222999,0.05,4.45998,8.91995,5.277
pfet_05v0,ss,27,5.50,0.60u,2,drop_at_100mA,0.468129,0.1,4.68129,9.36257,5.03187
pfet_05v0,ss,27,5.50,0.60u,2,rlin_at_50mV,0.05,0.0115934,4.31279,8.62558,5.45
pfet_05v0,ss,27,5.50,0.60u,4,drop_at_50mA,0.109056,0.05,2.18112,8.72447,5.39094
pfet_05v0,ss,27,5.50,0.60u,4,drop_at_100mA,0.222999,0.1,2.22999,8.91995,5.277
pfet_05v0,ss,27,5.50,0.60u,4,rlin_at_50mV,0.05,0.0231869,2.15639,8.62558,5.45
pfet_05v0,ss,27,5.50,0.60u,8,drop_at_50mA,0.0539509,0.05,1.07902,8.63214,5.44605
pfet_05v0,ss,27,5.50,0.60u,8,drop_at_100mA,0.109056,0.1,1.09056,8.72447,5.39094
pfet_05v0,ss,27,5.50,0.60u,8,rlin_at_50mV,0.05,0.0463737,1.0782,8.62558,5.45
pfet_05v0,ss,27,5.50,0.60u,16,drop_at_50mA,0.0268351,0.05,0.536701,8.58722,5.47316
pfet_05v0,ss,27,5.50,0.60u,16,drop_at_100mA,0.0539509,0.1,0.539509,8.63214,5.44605
pfet_05v0,ss,27,5.50,0.60u,16,rlin_at_50mV,0.05,0.0927474,0.539099,8.62558,5.45
pfet_05v0,ss,27,5.50,1.00u,1,drop_at_50mA,0.796988,0.05,15.9398,15.9398,4.70301
pfet_05v0,ss,27,5.50,1.00u,1,drop_at_100mA,2.10694,0.1,21.0694,21.0694,3.39306
pfet_05v0,ss,27,5.50,1.00u,1,rlin_at_50mV,0.05,0.00360247,13.8794,13.8794,5.45
pfet_05v0,ss,27,5.50,1.00u,2,drop_at_50mA,0.367458,0.05,7.34917,14.6983,5.13254
pfet_05v0,ss,27,5.50,1.00u,2,drop_at_100mA,0.796988,0.1,7.96988,15.9398,4.70301
pfet_05v0,ss,27,5.50,1.00u,2,rlin_at_50mV,0.05,0.00720494,6.93969,13.8794,5.45
pfet_05v0,ss,27,5.50,1.00u,4,drop_at_50mA,0.177489,0.05,3.54978,14.1991,5.32251
pfet_05v0,ss,27,5.50,1.00u,4,drop_at_100mA,0.367458,0.1,3.67458,14.6983,5.13254
pfet_05v0,ss,27,5.50,1.00u,4,rlin_at_50mV,0.05,0.0144099,3.46984,13.8794,5.45
pfet_05v0,ss,27,5.50,1.00u,8,drop_at_50mA,0.0873235,0.05,1.74647,13.9718,5.41268
pfet_05v0,ss,27,5.50,1.00u,8,drop_at_100mA,0.177489,0.1,1.77489,14.1991,5.32251
pfet_05v0,ss,27,5.50,1.00u,8,rlin_at_50mV,0.05,0.0288197,1.73492,13.8794,5.45
pfet_05v0,ss,27,5.50,1.00u,16,drop_at_50mA,0.0433217,0.05,0.866434,13.8629,5.45668
pfet_05v0,ss,27,5.50,1.00u,16,drop_at_100mA,0.0873235,0.1,0.873235,13.9718,5.41268
pfet_05v0,ss,27,5.50,1.00u,16,rlin_at_50mV,0.05,0.0576395,0.867461,13.8794,5.45
pfet_05v0,ss,125,2.10,0.50u,1,drop_at_50mA,9.17742,0.05,183.548,183.548,-7.07742
pfet_05v0,ss,125,2.10,0.50u,1,drop_at_100mA,10.6444,0.1,106.444,106.444,-8.54443
pfet_05v0,ss,125,2.10,0.50u,1,rlin_at_50mV,0.05,0.00190789,26.2069,26.2069,2.05
pfet_05v0,ss,125,2.10,0.50u,2,drop_at_50mA,5.65098,0.05,113.02,226.039,-3.55098
pfet_05v0,ss,125,2.10,0.50u,2,drop_at_100mA,9.17742,0.1,91.7742,183.548,-7.07742
pfet_05v0,ss,125,2.10,0.50u,2,rlin_at_50mV,0.05,0.00381579,13.1035,26.2069,2.05
pfet_05v0,ss,125,2.10,0.50u,4,drop_at_50mA,0.398774,0.05,7.97547,31.9019,1.70123
pfet_05v0,ss,125,2.10,0.50u,4,drop_at_100mA,5.65098,0.1,56.5098,226.039,-3.55098
pfet_05v0,ss,125,2.10,0.50u,4,rlin_at_50mV,0.05,0.00763157,6.55173,26.2069,2.05
pfet_05v0,ss,125,2.10,0.50u,8,drop_at_50mA,0.175138,0.05,3.50277,28.0222,1.92486
pfet_05v0,ss,125,2.10,0.50u,8,drop_at_100mA,0.398774,0.1,3.98774,31.9019,1.70123
pfet_05v0,ss,125,2.10,0.50u,8,rlin_at_50mV,0.05,0.0152631,3.27587,26.2069,2.05
pfet_05v0,ss,125,2.10,0.50u,16,drop_at_50mA,0.0833418,0.05,1.66684,26.6694,2.01666
pfet_05v0,ss,125,2.10,0.50u,16,drop_at_100mA,0.175138,0.1,1.75138,28.0222,1.92486
pfet_05v0,ss,125,2.10,0.50u,16,rlin_at_50mV,0.05,0.0305263,1.63793,26.2069,2.05
pfet_05v0,ss,125,2.10,0.60u,1,drop_at_50mA,9.7613,0.05,195.226,195.226,-7.6613
pfet_05v0,ss,125,2.10,0.60u,1,drop_at_100mA,11.2046,0.1,112.046,112.046,-9.1046
pfet_05v0,ss,125,2.10,0.60u,1,rlin_at_50mV,0.05,0.00158156,31.6144,31.6144,2.05
pfet_05v0,ss,125,2.10,0.60u,2,drop_at_50mA,7.92214,0.05,158.443,316.885,-5.82214
pfet_05v0,ss,125,2.10,0.60u,2,drop_at_100mA,9.7613,0.1,97.613,195.226,-7.6613
pfet_05v0,ss,125,2.10,0.60u,2,rlin_at_50mV,0.05,0.00316311,15.8072,31.6144,2.05
pfet_05v0,ss,125,2.10,0.60u,4,drop_at_50mA,0.523893,0.05,10.4779,41.9114,1.57611
pfet_05v0,ss,125,2.10,0.60u,4,drop_at_100mA,7.92214,0.1,79.2214,316.885,-5.82214
pfet_05v0,ss,125,2.10,0.60u,4,rlin_at_50mV,0.05,0.00632623,7.90361,31.6144,2.05
pfet_05v0,ss,125,2.10,0.60u,8,drop_at_50mA,0.21653,0.05,4.33061,34.6448,1.88347
pfet_05v0,ss,125,2.10,0.60u,8,drop_at_100mA,0.523893,0.1,5.23893,41.9114,1.57611
pfet_05v0,ss,125,2.10,0.60u,8,rlin_at_50mV,0.05,0.0126525,3.9518,31.6144,2.05
pfet_05v0,ss,125,2.10,0.60u,16,drop_at_50mA,0.101559,0.05,2.03118,32.4988,1.99844
pfet_05v0,ss,125,2.10,0.60u,16,drop_at_100mA,0.21653,0.1,2.1653,34.6448,1.88347
pfet_05v0,ss,125,2.10,0.60u,16,rlin_at_50mV,0.05,0.0253049,1.9759,31.6144,2.05
pfet_05v0,ss,125,2.10,1.00u,1,drop_at_50mA,11.1223,0.05,222.445,222.445,-9.02225
pfet_05v0,ss,125,2.10,1.00u,1,drop_at_100mA,12.6876,0.1,126.876,126.876,-10.5876
pfet_05v0,ss,125,2.10,1.00u,1,rlin_at_50mV,0.05,0.000933749,53.5476,53.5476,2.05
pfet_05v0,ss,125,2.10,1.00u,2,drop_at_50mA,9.65649,0.05,193.13,386.26,-7.55649
pfet_05v0,ss,125,2.10,1.00u,2,drop_at_100mA,11.1223,0.1,111.223,222.445,-9.02225
pfet_05v0,ss,125,2.10,1.00u,2,rlin_at_50mV,0.05,0.0018675,26.7738,53.5476,2.05
pfet_05v0,ss,125,2.10,1.00u,4,drop_at_50mA,7.68491,0.05,153.698,614.793,-5.58491
pfet_05v0,ss,125,2.10,1.00u,4,drop_at_100mA,9.65649,0.1,96.5649,386.26,-7.55649
pfet_05v0,ss,125,2.10,1.00u,4,rlin_at_50mV,0.05,0.003735,13.3869,53.5476,2.05
pfet_05v0,ss,125,2.10,1.00u,8,drop_at_50mA,0.418172,0.05,8.36344,66.9075,1.68183
pfet_05v0,ss,125,2.10,1.00u,8,drop_at_100mA,7.68491,0.1,76.8491,614.793,-5.58491
pfet_05v0,ss,125,2.10,1.00u,8,rlin_at_50mV,0.05,0.00746999,6.69345,53.5476,2.05
pfet_05v0,ss,125,2.10,1.00u,16,drop_at_50mA,0.180126,0.05,3.60252,57.6403,1.91987
pfet_05v0,ss,125,2.10,1.00u,16,drop_at_100mA,0.418172,0.1,4.18172,66.9075,1.68183
pfet_05v0,ss,125,2.10,1.00u,16,rlin_at_50mV,0.05,0.01494,3.34672,53.5476,2.05
pfet_05v0,ss,125,2.97,0.50u,1,drop_at_50mA,1.61916,0.05,32.3832,32.3832,1.35084
pfet_05v0,ss,125,2.97,0.50u,1,drop_at_100mA,9.37942,0.1,93.7942,93.7942,-6.40942
pfet_05v0,ss,125,2.97,0.50u,1,rlin_at_50mV,0.05,0.0029533,16.9302,16.9302,2.92
pfet_05v0,ss,125,2.97,0.50u,2,drop_at_50mA,0.49381,0.05,9.87619,19.7524,2.47619
pfet_05v0,ss,125,2.97,0.50u,2,drop_at_100mA,1.61916,0.1,16.1916,32.3832,1.35084
pfet_05v0,ss,125,2.97,0.50u,2,rlin_at_50mV,0.05,0.00590659,8.46512,16.9302,2.92
pfet_05v0,ss,125,2.97,0.50u,4,drop_at_50mA,0.22438,0.05,4.4876,17.9504,2.74562
pfet_05v0,ss,125,2.97,0.50u,4,drop_at_100mA,0.49381,0.1,4.9381,19.7524,2.47619
pfet_05v0,ss,125,2.97,0.50u,4,rlin_at_50mV,0.05,0.0118132,4.23256,16.9302,2.92
pfet_05v0,ss,125,2.97,0.50u,8,drop_at_50mA,0.107859,0.05,2.15718,17.2574,2.86214
pfet_05v0,ss,125,2.97,0.50u,8,drop_at_100mA,0.22438,0.1,2.2438,17.9504,2.74562
pfet_05v0,ss,125,2.97,0.50u,8,rlin_at_50mV,0.05,0.0236264,2.11628,16.9302,2.92
pfet_05v0,ss,125,2.97,0.50u,16,drop_at_50mA,0.0529584,0.05,1.05917,16.9467,2.91704
pfet_05v0,ss,125,2.97,0.50u,16,drop_at_100mA,0.107859,0.1,1.07859,17.2574,2.86214
pfet_05v0,ss,125,2.97,0.50u,16,rlin_at_50mV,0.05,0.0472527,1.05814,16.9302,2.92
pfet_05v0,ss,125,2.97,0.60u,1,drop_at_50mA,7.27563,0.05,145.513,145.513,-4.30563
pfet_05v0,ss,125,2.97,0.60u,1,drop_at_100mA,9.92995,0.1,99.2995,99.2995,-6.95995
pfet_05v0,ss,125,2.97,0.60u,1,rlin_at_50mV,0.05,0.00246996,20.2432,20.2432,2.92
pfet_05v0,ss,125,2.97,0.60u,2,drop_at_50mA,0.619802,0.05,12.396,24.7921,2.3502
pfet_05v0,ss,125,2.97,0.60u,2,drop_at_100mA,7.27563,0.1,72.7563,145.513,-4.30563
pfet_05v0,ss,125,2.97,0.60u,2,rlin_at_50mV,0.05,0.00493992,10.1216,20.2432,2.92
pfet_05v0,ss,125,2.97,0.60u,4,drop_at_50mA,0.272886,0.05,5.45772,21.8309,2.69711
pfet_05v0,ss,125,2.97,0.60u,4,drop_at_100mA,0.619802,0.1,6.19802,24.7921,2.3502
pfet_05v0,ss,125,2.97,0.60u,4,rlin_at_50mV,0.05,0.00987984,5.06081,20.2432,2.92
pfet_05v0,ss,125,2.97,0.60u,8,drop_at_50mA,0.129927,0.05,2.59854,20.7884,2.84007
pfet_05v0,ss,125,2.97,0.60u,8,drop_at_100mA,0.272886,0.1,2.72886,21.8309,2.69711
pfet_05v0,ss,125,2.97,0.60u,8,rlin_at_50mV,0.05,0.0197597,2.53041,20.2432,2.92
pfet_05v0,ss,125,2.97,0.60u,16,drop_at_50mA,0.0635432,0.05,1.27086,20.3338,2.90646
pfet_05v0,ss,125,2.97,0.60u,16,drop_at_100mA,0.129927,0.1,1.29927,20.7884,2.84007
pfet_05v0,ss,125,2.97,0.60u,16,rlin_at_50mV,0.05,0.0395194,1.2652,20.2432,2.92
pfet_05v0,ss,125,2.97,1.00u,1,drop_at_50mA,9.68881,0.05,193.776,193.776,-6.71881
pfet_05v0,ss,125,2.97,1.00u,1,drop_at_100mA,11.2011,0.1,112.011,112.011,-8.23109
pfet_05v0,ss,125,2.97,1.00u,1,rlin_at_50mV,0.05,0.00148523,33.6648,33.6648,2.92
pfet_05v0,ss,125,2.97,1.00u,2,drop_at_50mA,2.41496,0.05,48.2992,96.5985,0.555039
pfet_05v0,ss,125,2.97,1.00u,2,drop_at_100mA,9.68881,0.1,96.8881,193.776,-6.71881
pfet_05v0,ss,125,2.97,1.00u,2,rlin_at_50mV,0.05,0.00297046,16.8324,33.6648,2.92
pfet_05v0,ss,125,2.97,1.00u,4,drop_at_50mA,0.492075,0.05,9.8415,39.366,2.47792
pfet_05v0,ss,125,2.97,1.00u,4,drop_at_100mA,2.41496,0.1,24.1496,96.5985,0.555039
pfet_05v0,ss,125,2.97,1.00u,4,rlin_at_50mV,0.05,0.00594092,8.41621,33.6648,2.92
pfet_05v0,ss,125,2.97,1.00u,8,drop_at_50mA,0.22314,0.05,4.4628,35.7024,2.74686
pfet_05v0,ss,125,2.97,1.00u,8,drop_at_100mA,0.492075,0.1,4.92075,39.366,2.47792
pfet_05v0,ss,125,2.97,1.00u,8,rlin_at_50mV,0.05,0.0118818,4.2081,33.6648,2.92
pfet_05v0,ss,125,2.97,1.00u,16,drop_at_50mA,0.107231,0.05,2.14462,34.3139,2.86277
pfet_05v0,ss,125,2.97,1.00u,16,drop_at_100mA,0.22314,0.1,2.2314,35.7024,2.74686
pfet_05v0,ss,125,2.97,1.00u,16,rlin_at_50mV,0.05,0.0237637,2.10405,33.6648,2.92
pfet_05v0,ss,125,3.30,0.50u,1,drop_at_50mA,1.04418,0.05,20.8836,20.8836,2.25582
pfet_05v0,ss,125,3.30,0.50u,1,drop_at_100mA,8.89887,0.1,88.9887,88.9887,-5.59887
pfet_05v0,ss,125,3.30,0.50u,1,rlin_at_50mV,0.05,0.00330686,15.1201,15.1201,3.25
pfet_05v0,ss,125,3.30,0.50u,2,drop_at_50mA,0.423013,0.05,8.46026,16.9205,2.87699
pfet_05v0,ss,125,3.30,0.50u,2,drop_at_100mA,1.04418,0.1,10.4418,20.8836,2.25582
pfet_05v0,ss,125,3.30,0.50u,2,rlin_at_50mV,0.05,0.00661371,7.56005,15.1201,3.25
pfet_05v0,ss,125,3.30,0.50u,4,drop_at_50mA,0.197383,0.05,3.94766,15.7907,3.10262
pfet_05v0,ss,125,3.30,0.50u,4,drop_at_100mA,0.423013,0.1,4.23013,16.9205,2.87699
pfet_05v0,ss,125,3.30,0.50u,4,rlin_at_50mV,0.05,0.0132274,3.78003,15.1201,3.25
pfet_05v0,ss,125,3.30,0.50u,8,drop_at_50mA,0.0957693,0.05,1.91539,15.3231,3.20423
pfet_05v0,ss,125,3.30,0.50u,8,drop_at_100mA,0.197383,0.1,1.97383,15.7907,3.10262
pfet_05v0,ss,125,3.30,0.50u,8,rlin_at_50mV,0.05,0.0264548,1.89001,15.1201,3.25
pfet_05v0,ss,125,3.30,0.50u,16,drop_at_50mA,0.0472121,0.05,0.944243,15.1079,3.25279
pfet_05v0,ss,125,3.30,0.50u,16,drop_at_100mA,0.0957693,0.1,0.957693,15.3231,3.20423
pfet_05v0,ss,125,3.30,0.50u,16,rlin_at_50mV,0.05,0.0529097,0.945006,15.1201,3.25
pfet_05v0,ss,125,3.30,0.60u,1,drop_at_50mA,1.49283,0.05,29.8566,29.8566,1.80717
pfet_05v0,ss,125,3.30,0.60u,1,drop_at_100mA,9.56354,0.1,95.6354,95.6354,-6.26354
pfet_05v0,ss,125,3.30,0.60u,1,rlin_at_50mV,0.05,0.00277173,18.0393,18.0393,3.25
pfet_05v0,ss,125,3.30,0.60u,2,drop_at_50mA,0.520681,0.05,10.4136,20.8272,2.77932
pfet_05v0,ss,125,3.30,0.60u,2,drop_at_100mA,1.49283,0.1,14.9283,29.8566,1.80717
pfet_05v0,ss,125,3.30,0.60u,2,rlin_at_50mV,0.05,0.00554346,9.01964,18.0393,3.25
pfet_05v0,ss,125,3.30,0.60u,4,drop_at_50mA,0.238399,0.05,4.76798,19.0719,3.0616
pfet_05v0,ss,125,3.30,0.60u,4,drop_at_100mA,0.520681,0.1,5.20681,20.8272,2.77932
pfet_05v0,ss,125,3.30,0.60u,4,rlin_at_50mV,0.05,0.0110869,4.50982,18.0393,3.25
pfet_05v0,ss,125,3.30,0.60u,8,drop_at_50mA,0.114898,0.05,2.29797,18.3837,3.1851
pfet_05v0,ss,125,3.30,0.60u,8,drop_at_100mA,0.238399,0.1,2.38399,19.0719,3.0616
pfet_05v0,ss,125,3.30,0.60u,8,rlin_at_50mV,0.05,0.0221738,2.25491,18.0393,3.25
pfet_05v0,ss,125,3.30,0.60u,16,drop_at_50mA,0.0564786,0.05,1.12957,18.0732,3.24352
pfet_05v0,ss,125,3.30,0.60u,16,drop_at_100mA,0.114898,0.1,1.14898,18.3837,3.1851
pfet_05v0,ss,125,3.30,0.60u,16,rlin_at_50mV,0.05,0.0443477,1.12745,18.0393,3.25
pfet_05v0,ss,125,3.30,1.00u,1,drop_at_50mA,9.2303,0.05,184.606,184.606,-5.9303
pfet_05v0,ss,125,3.30,1.00u,1,drop_at_100mA,10.8961,0.1,108.961,108.961,-7.59609
pfet_05v0,ss,125,3.30,1.00u,1,rlin_at_50mV,0.05,0.00167437,29.8621,29.8621,3.25
pfet_05v0,ss,125,3.30,1.00u,2,drop_at_50mA,1.03366,0.05,20.6732,41.3464,2.26634
pfet_05v0,ss,125,3.30,1.00u,2,drop_at_100mA,9.2303,0.1,92.303,184.606,-5.9303
pfet_05v0,ss,125,3.30,1.00u,2,rlin_at_50mV,0.05,0.00334873,14.931,29.8621,3.25
pfet_05v0,ss,125,3.30,1.00u,4,drop_at_50mA,0.417112,0.05,8.34224,33.369,2.88289
pfet_05v0,ss,125,3.30,1.00u,4,drop_at_100mA,1.03366,0.1,10.3366,41.3464,2.26634
pfet_05v0,ss,125,3.30,1.00u,4,rlin_at_50mV,0.05,0.00669746,7.46551,29.8621,3.25
pfet_05v0,ss,125,3.30,1.00u,8,drop_at_50mA,0.194748,0.05,3.89496,31.1596,3.10525
pfet_05v0,ss,125,3.30,1.00u,8,drop_at_100mA,0.417112,0.1,4.17112,33.369,2.88289
pfet_05v0,ss,125,3.30,1.00u,8,rlin_at_50mV,0.05,0.0133949,3.73276,29.8621,3.25
pfet_05v0,ss,125,3.30,1.00u,16,drop_at_50mA,0.0945328,0.05,1.89066,30.2505,3.20547
pfet_05v0,ss,125,3.30,1.00u,16,drop_at_100mA,0.194748,0.1,1.94748,31.1596,3.10525
pfet_05v0,ss,125,3.30,1.00u,16,rlin_at_50mV,0.05,0.0267899,1.86638,29.8621,3.25
pfet_05v0,ss,125,3.63,0.50u,1,drop_at_50mA,0.862922,0.05,17.2584,17.2584,2.76708
pfet_05v0,ss,125,3.63,0.50u,1,drop_at_100mA,8.10958,0.1,81.0958,81.0958,-4.47958
pfet_05v0,ss,125,3.63,0.50u,1,rlin_at_50mV,0.05,0.00364116,13.7319,13.7319,3.58
pfet_05v0,ss,125,3.63,0.50u,2,drop_at_50mA,0.374487,0.05,7.48974,14.9795,3.25551
pfet_05v0,ss,125,3.63,0.50u,2,drop_at_100mA,0.862922,0.1,8.62922,17.2584,2.76708
pfet_05v0,ss,125,3.63,0.50u,2,rlin_at_50mV,0.05,0.00728233,6.86594,13.7319,3.58
pfet_05v0,ss,125,3.63,0.50u,4,drop_at_50mA,0.177508,0.05,3.55015,14.2006,3.45249
pfet_05v0,ss,125,3.63,0.50u,4,drop_at_100mA,0.374487,0.1,3.74487,14.9795,3.25551
pfet_05v0,ss,125,3.63,0.50u,4,rlin_at_50mV,0.05,0.0145647,3.43297,13.7319,3.58
pfet_05v0,ss,125,3.63,0.50u,8,drop_at_50mA,0.0866496,0.05,1.73299,13.8639,3.54335
pfet_05v0,ss,125,3.63,0.50u,8,drop_at_100mA,0.177508,0.1,1.77508,14.2006,3.45249
pfet_05v0,ss,125,3.63,0.50u,8,rlin_at_50mV,0.05,0.0291293,1.71648,13.7319,3.58
pfet_05v0,ss,125,3.63,0.50u,16,drop_at_50mA,0.0428322,0.05,0.856643,13.7063,3.58717
pfet_05v0,ss,125,3.63,0.50u,16,drop_at_100mA,0.0866496,0.1,0.866496,13.8639,3.54335
pfet_05v0,ss,125,3.63,0.50u,16,rlin_at_50mV,0.05,0.0582586,0.858242,13.7319,3.58
pfet_05v0,ss,125,3.63,0.60u,1,drop_at_50mA,1.1118,0.05,22.236,22.236,2.5182
pfet_05v0,ss,125,3.63,0.60u,1,drop_at_100mA,9.15033,0.1,91.5033,91.5033,-5.52033
pfet_05v0,ss,125,3.63,0.60u,1,rlin_at_50mV,0.05,0.00305763,16.3525,16.3525,3.58
pfet_05v0,ss,125,3.63,0.60u,2,drop_at_50mA,0.456055,0.05,9.1211,18.2422,3.17395
pfet_05v0,ss,125,3.63,0.60u,2,drop_at_100mA,1.1118,0.1,11.118,22.236,2.5182
pfet_05v0,ss,125,3.63,0.60u,2,rlin_at_50mV,0.05,0.00611526,8.17627,16.3525,3.58
pfet_05v0,ss,125,3.63,0.60u,4,drop_at_50mA,0.213379,0.05,4.26757,17.0703,3.41662
pfet_05v0,ss,125,3.63,0.60u,4,drop_at_100mA,0.456055,0.1,4.56055,18.2422,3.17395
pfet_05v0,ss,125,3.63,0.60u,4,rlin_at_50mV,0.05,0.0122305,4.08813,16.3525,3.58
pfet_05v0,ss,125,3.63,0.60u,8,drop_at_50mA,0.10364,0.05,2.0728,16.5824,3.52636
pfet_05v0,ss,125,3.63,0.60u,8,drop_at_100mA,0.213379,0.1,2.13379,17.0703,3.41662
pfet_05v0,ss,125,3.63,0.60u,8,rlin_at_50mV,0.05,0.024461,2.04407,16.3525,3.58
pfet_05v0,ss,125,3.63,0.60u,16,drop_at_50mA,0.0511164,0.05,1.02233,16.3573,3.57888
pfet_05v0,ss,125,3.63,0.60u,16,drop_at_100mA,0.10364,0.1,1.0364,16.5824,3.52636
pfet_05v0,ss,125,3.63,0.60u,16,rlin_at_50mV,0.05,0.0489221,1.02203,16.3525,3.58
pfet_05v0,ss,125,3.63,1.00u,1,drop_at_50mA,8.59491,0.05,171.898,171.898,-4.96491
pfet_05v0,ss,125,3.63,1.00u,1,drop_at_100mA,10.649,0.1,106.49,106.49,-7.01899
pfet_05v0,ss,125,3.63,1.00u,1,rlin_at_50mV,0.05,0.00185435,26.9637,26.9637,3.58
pfet_05v0,ss,125,3.63,1.00u,2,drop_at_50mA,0.842101,0.05,16.842,33.6841,2.7879
pfet_05v0,ss,125,3.63,1.00u,2,drop_at_100mA,8.59491,0.1,85.9491,171.898,-4.96491
pfet_05v0,ss,125,3.63,1.00u,2,rlin_at_50mV,0.05,0.00370869,13.4818,26.9637,3.58
pfet_05v0,ss,125,3.63,1.00u,4,drop_at_50mA,0.36658,0.05,7.33161,29.3264,3.26342
pfet_05v0,ss,125,3.63,1.00u,4,drop_at_100mA,0.842101,0.1,8.42101,33.6841,2.7879
pfet_05v0,ss,125,3.63,1.00u,4,rlin_at_50mV,0.05,0.00741738,6.74092,26.9637,3.58
pfet_05v0,ss,125,3.63,1.00u,8,drop_at_50mA,0.17404,0.05,3.4808,27.8464,3.45596
pfet_05v0,ss,125,3.63,1.00u,8,drop_at_100mA,0.36658,0.1,3.6658,29.3264,3.26342
pfet_05v0,ss,125,3.63,1.00u,8,rlin_at_50mV,0.05,0.0148348,3.37046,26.9637,3.58
pfet_05v0,ss,125,3.63,1.00u,16,drop_at_50mA,0.0850241,0.05,1.70048,27.2077,3.54498
pfet_05v0,ss,125,3.63,1.00u,16,drop_at_100mA,0.17404,0.1,1.7404,27.8464,3.45596
pfet_05v0,ss,125,3.63,1.00u,16,rlin_at_50mV,0.05,0.0296695,1.68523,26.9637,3.58
pfet_05v0,ss,125,4.50,0.50u,1,drop_at_50mA,0.638076,0.05,12.7615,12.7615,3.86192
pfet_05v0,ss,125,4.50,0.50u,1,drop_at_100mA,1.61644,0.1,16.1644,16.1644,2.88356
pfet_05v0,ss,125,4.50,0.50u,1,rlin_at_50mV,0.05,0.00444597,11.2461,11.2461,4.45
pfet_05v0,ss,125,4.50,0.50u,2,drop_at_50mA,0.29607,0.05,5.9214,11.8428,4.20393
pfet_05v0,ss,125,4.50,0.50u,2,drop_at_100mA,0.638076,0.1,6.38076,12.7615,3.86192
pfet_05v0,ss,125,4.50,0.50u,2,rlin_at_50mV,0.05,0.00889194,5.62307,11.2461,4.45
pfet_05v0,ss,125,4.50,0.50u,4,drop_at_50mA,0.143333,0.05,2.86666,11.4666,4.35667
pfet_05v0,ss,125,4.50,0.50u,4,drop_at_100mA,0.29607,0.1,2.9607,11.8428,4.20393
pfet_05v0,ss,125,4.50,0.50u,4,rlin_at_50mV,0.05,0.0177839,2.81153,11.2461,4.45
pfet_05v0,ss,125,4.50,0.50u,8,drop_at_50mA,0.0705887,0.05,1.41177,11.2942,4.42941
pfet_05v0,ss,125,4.50,0.50u,8,drop_at_100mA,0.143333,0.1,1.43333,11.4666,4.35667
pfet_05v0,ss,125,4.50,0.50u,8,rlin_at_50mV,0.05,0.0355678,1.40577,11.2461,4.45
pfet_05v0,ss,125,4.50,0.50u,16,drop_at_50mA,0.0350357,0.05,0.700713,11.2114,4.46496
pfet_05v0,ss,125,4.50,0.50u,16,drop_at_100mA,0.0705887,0.1,0.705887,11.2942,4.42941
pfet_05v0,ss,125,4.50,0.50u,16,rlin_at_50mV,0.05,0.0711356,0.702883,11.2461,4.45
pfet_05v0,ss,125,4.50,0.60u,1,drop_at_50mA,0.780596,0.05,15.6119,15.6119,3.7194
pfet_05v0,ss,125,4.50,0.60u,1,drop_at_100mA,2.38228,0.1,23.8228,23.8228,2.11772
pfet_05v0,ss,125,4.50,0.60u,1,rlin_at_50mV,0.05,0.00374798,13.3405,13.3405,4.45
pfet_05v0,ss,125,4.50,0.60u,2,drop_at_50mA,0.355449,0.05,7.10897,14.2179,4.14455
pfet_05v0,ss,125,4.50,0.60u,2,drop_at_100mA,0.780596,0.1,7.80596,15.6119,3.7194
pfet_05v0,ss,125,4.50,0.60u,2,rlin_at_50mV,0.05,0.00749597,6.67025,13.3405,4.45
pfet_05v0,ss,125,4.50,0.60u,4,drop_at_50mA,0.170961,0.05,3.41922,13.6769,4.32904
pfet_05v0,ss,125,4.50,0.60u,4,drop_at_100mA,0.355449,0.1,3.55449,14.2179,4.14455
pfet_05v0,ss,125,4.50,0.60u,4,rlin_at_50mV,0.05,0.0149919,3.33513,13.3405,4.45
pfet_05v0,ss,125,4.50,0.60u,8,drop_at_50mA,0.0839596,0.05,1.67919,13.4335,4.41604
pfet_05v0,ss,125,4.50,0.60u,8,drop_at_100mA,0.170961,0.1,1.70961,13.6769,4.32904
pfet_05v0,ss,125,4.50,0.60u,8,rlin_at_50mV,0.05,0.0299839,1.66756,13.3405,4.45
pfet_05v0,ss,125,4.50,0.60u,16,drop_at_50mA,0.0416178,0.05,0.832357,13.3177,4.45838
pfet_05v0,ss,125,4.50,0.60u,16,drop_at_100mA,0.0839596,0.1,0.839596,13.4335,4.41604
pfet_05v0,ss,125,4.50,0.60u,16,rlin_at_50mV,0.05,0.0599677,0.833782,13.3405,4.45
pfet_05v0,ss,125,4.50,1.00u,1,drop_at_50mA,1.5233,0.05,30.4659,30.4659,2.9767
pfet_05v0,ss,125,4.50,1.00u,1,drop_at_100mA,10.0692,0.1,100.692,100.692,-5.56919
pfet_05v0,ss,125,4.50,1.00u,1,rlin_at_50mV,0.05,0.0022919,21.816,21.816,4.45
pfet_05v0,ss,125,4.50,1.00u,2,drop_at_50mA,0.613212,0.05,12.2642,24.5285,3.88679
pfet_05v0,ss,125,4.50,1.00u,2,drop_at_100mA,1.5233,0.1,15.233,30.4659,2.9767
pfet_05v0,ss,125,4.50,1.00u,2,rlin_at_50mV,0.05,0.0045838,10.908,21.816,4.45
pfet_05v0,ss,125,4.50,1.00u,4,drop_at_50mA,0.286048,0.05,5.72095,22.8838,4.21395
pfet_05v0,ss,125,4.50,1.00u,4,drop_at_100mA,0.613212,0.1,6.13212,24.5285,3.88679
pfet_05v0,ss,125,4.50,1.00u,4,rlin_at_50mV,0.05,0.00916759,5.454,21.816,4.45
pfet_05v0,ss,125,4.50,1.00u,8,drop_at_50mA,0.138794,0.05,2.77587,22.207,4.36121
pfet_05v0,ss,125,4.50,1.00u,8,drop_at_100mA,0.286048,0.1,2.86048,22.8838,4.21395
pfet_05v0,ss,125,4.50,1.00u,8,rlin_at_50mV,0.05,0.0183352,2.727,21.816,4.45
pfet_05v0,ss,125,4.50,1.00u,16,drop_at_50mA,0.0684253,0.05,1.36851,21.8961,4.43157
pfet_05v0,ss,125,4.50,1.00u,16,drop_at_100mA,0.138794,0.1,1.38794,22.207,4.36121
pfet_05v0,ss,125,4.50,1.00u,16,rlin_at_50mV,0.05,0.0366704,1.3635,21.816,4.45
pfet_05v0,ss,125,5.00,0.50u,1,drop_at_50mA,0.566995,0.05,11.3399,11.3399,4.43301
pfet_05v0,ss,125,5.00,0.50u,1,drop_at_100mA,1.32671,0.1,13.2671,13.2671,3.67329
pfet_05v0,ss,125,5.00,0.50u,1,rlin_at_50mV,0.05,0.00486741,10.2724,10.2724,4.95
pfet_05v0,ss,125,5.00,0.50u,2,drop_at_50mA,0.267533,0.05,5.35066,10.7013,4.73247
pfet_05v0,ss,125,5.00,0.50u,2,drop_at_100mA,0.566995,0.1,5.66995,11.3399,4.43301
pfet_05v0,ss,125,5.00,0.50u,2,rlin_at_50mV,0.05,0.00973482,5.1362,10.2724,4.95
pfet_05v0,ss,125,5.00,0.50u,4,drop_at_50mA,0.130345,0.05,2.6069,10.4276,4.86965
pfet_05v0,ss,125,5.00,0.50u,4,drop_at_100mA,0.267533,0.1,2.67533,10.7013,4.73247
pfet_05v0,ss,125,5.00,0.50u,4,rlin_at_50mV,0.05,0.0194696,2.5681,10.2724,4.95
pfet_05v0,ss,125,5.00,0.50u,8,drop_at_50mA,0.0643744,0.05,1.28749,10.2999,4.93563
pfet_05v0,ss,125,5.00,0.50u,8,drop_at_100mA,0.130345,0.1,1.30345,10.4276,4.86965
pfet_05v0,ss,125,5.00,0.50u,8,rlin_at_50mV,0.05,0.0389393,1.28405,10.2724,4.95
pfet_05v0,ss,125,5.00,0.50u,16,drop_at_50mA,0.0319941,0.05,0.639882,10.2381,4.96801
pfet_05v0,ss,125,5.00,0.50u,16,drop_at_100mA,0.0643744,0.1,0.643744,10.2999,4.93563
pfet_05v0,ss,125,5.00,0.50u,16,rlin_at_50mV,0.05,0.0778785,0.642025,10.2724,4.95
pfet_05v0,ss,125,5.00,0.60u,1,drop_at_50mA,0.686365,0.05,13.7273,13.7273,4.31364
pfet_05v0,ss,125,5.00,0.60u,1,drop_at_100mA,1.70496,0.1,17.0496,17.0496,3.29504
pfet_05v0,ss,125,5.00,0.60u,1,rlin_at_50mV,0.05,0.00411057,12.1638,12.1638,4.95
pfet_05v0,ss,125,5.00,0.60u,2,drop_at_50mA,0.319718,0.05,6.39435,12.7887,4.68028
pfet_05v0,ss,125,5.00,0.60u,2,drop_at_100mA,0.686365,0.1,6.86365,13.7273,4.31364
pfet_05v0,ss,125,5.00,0.60u,2,rlin_at_50mV,0.05,0.00822113,6.08189,12.1638,4.95
pfet_05v0,ss,125,5.00,0.60u,4,drop_at_50mA,0.155013,0.05,3.10025,12.401,4.84499
pfet_05v0,ss,125,5.00,0.60u,4,drop_at_100mA,0.319718,0.1,3.19718,12.7887,4.68028
pfet_05v0,ss,125,5.00,0.60u,4,rlin_at_50mV,0.05,0.0164423,3.04094,12.1638,4.95
pfet_05v0,ss,125,5.00,0.60u,8,drop_at_50mA,0.0763918,0.05,1.52784,12.2227,4.92361
pfet_05v0,ss,125,5.00,0.60u,8,drop_at_100mA,0.155013,0.1,1.55013,12.401,4.84499
pfet_05v0,ss,125,5.00,0.60u,8,rlin_at_50mV,0.05,0.0328845,1.52047,12.1638,4.95
pfet_05v0,ss,125,5.00,0.60u,16,drop_at_50mA,0.0379281,0.05,0.758561,12.137,4.96207
pfet_05v0,ss,125,5.00,0.60u,16,drop_at_100mA,0.0763918,0.1,0.763918,12.2227,4.92361
pfet_05v0,ss,125,5.00,0.60u,16,rlin_at_50mV,0.05,0.0657691,0.760236,12.1638,4.95
pfet_05v0,ss,125,5.00,1.00u,1,drop_at_50mA,1.24825,0.05,24.9651,24.9651,3.75175
pfet_05v0,ss,125,5.00,1.00u,1,drop_at_100mA,9.58118,0.1,95.8118,95.8118,-4.58118
pfet_05v0,ss,125,5.00,1.00u,1,rlin_at_50mV,0.05,0.00252327,19.8156,19.8156,4.95
pfet_05v0,ss,125,5.00,1.00u,2,drop_at_50mA,0.541938,0.05,10.8388,21.6775,4.45806
pfet_05v0,ss,125,5.00,1.00u,2,drop_at_100mA,1.24825,0.1,12.4825,24.9651,3.75175
pfet_05v0,ss,125,5.00,1.00u,2,rlin_at_50mV,0.05,0.00504653,9.9078,19.8156,4.95
pfet_05v0,ss,125,5.00,1.00u,4,drop_at_50mA,0.25704,0.05,5.14081,20.5632,4.74296
pfet_05v0,ss,125,5.00,1.00u,4,drop_at_100mA,0.541938,0.1,5.41938,21.6775,4.45806
pfet_05v0,ss,125,5.00,1.00u,4,rlin_at_50mV,0.05,0.0100931,4.9539,19.8156,4.95
pfet_05v0,ss,125,5.00,1.00u,8,drop_at_50mA,0.125516,0.05,2.51033,20.0826,4.87448
pfet_05v0,ss,125,5.00,1.00u,8,drop_at_100mA,0.25704,0.1,2.5704,20.5632,4.74296
pfet_05v0,ss,125,5.00,1.00u,8,rlin_at_50mV,0.05,0.0201861,2.47695,19.8156,4.95
pfet_05v0,ss,125,5.00,1.00u,16,drop_at_50mA,0.0620556,0.05,1.24111,19.8578,4.93794
pfet_05v0,ss,125,5.00,1.00u,16,drop_at_100mA,0.125516,0.1,1.25516,20.0826,4.87448
pfet_05v0,ss,125,5.00,1.00u,16,rlin_at_50mV,0.05,0.0403722,1.23847,19.8156,4.95
pfet_05v0,ss,125,5.50,0.50u,1,drop_at_50mA,0.514603,0.05,10.2921,10.2921,4.9854
pfet_05v0,ss,125,5.50,0.50u,1,drop_at_100mA,1.15776,0.1,11.5776,11.5776,4.34224
pfet_05v0,ss,125,5.50,0.50u,1,rlin_at_50mV,0.05,0.00526463,9.49734,9.49734,5.45
pfet_05v0,ss,125,5.50,0.50u,2,drop_at_50mA,0.245493,0.05,4.90986,9.81972,5.25451
pfet_05v0,ss,125,5.50,0.50u,2,drop_at_100mA,0.514603,0.1,5.14603,10.2921,4.9854
pfet_05v0,ss,125,5.50,0.50u,2,rlin_at_50mV,0.05,0.0105293,4.74867,9.49734,5.45
pfet_05v0,ss,125,5.50,0.50u,4,drop_at_50mA,0.120139,0.05,2.40277,9.6111,5.37986
pfet_05v0,ss,125,5.50,0.50u,4,drop_at_100mA,0.245493,0.1,2.45493,9.81972,5.25451
pfet_05v0,ss,125,5.50,0.50u,4,rlin_at_50mV,0.05,0.0210585,2.37433,9.49734,5.45
pfet_05v0,ss,125,5.50,0.50u,8,drop_at_50mA,0.0594534,0.05,1.18907,9.51255,5.44055
pfet_05v0,ss,125,5.50,0.50u,8,drop_at_100mA,0.120139,0.1,1.20139,9.6111,5.37986
pfet_05v0,ss,125,5.50,0.50u,8,rlin_at_50mV,0.05,0.0421171,1.18717,9.49734,5.45
pfet_05v0,ss,125,5.50,0.50u,16,drop_at_50mA,0.0295769,0.05,0.591538,9.4646,5.47042
pfet_05v0,ss,125,5.50,0.50u,16,drop_at_100mA,0.0594534,0.1,0.594534,9.51255,5.44055
pfet_05v0,ss,125,5.50,0.50u,16,rlin_at_50mV,0.05,0.0842341,0.593584,9.49734,5.45
pfet_05v0,ss,125,5.50,0.60u,1,drop_at_50mA,0.618741,0.05,12.3748,12.3748,4.88126
pfet_05v0,ss,125,5.50,0.60u,1,drop_at_100mA,1.44078,0.1,14.4078,14.4078,4.05922
pfet_05v0,ss,125,5.50,0.60u,1,rlin_at_50mV,0.05,0.00445294,11.2285,11.2285,5.45
pfet_05v0,ss,125,5.50,0.60u,2,drop_at_50mA,0.292378,0.05,5.84756,11.6951,5.20762
pfet_05v0,ss,125,5.50,0.60u,2,drop_at_100mA,0.618741,0.1,6.18741,12.3748,4.88126
pfet_05v0,ss,125,5.50,0.60u,2,rlin_at_50mV,0.05,0.00890588,5.61427,11.2285,5.45
pfet_05v0,ss,125,5.50,0.60u,4,drop_at_50mA,0.142538,0.05,2.85077,11.4031,5.35746
pfet_05v0,ss,125,5.50,0.60u,4,drop_at_100mA,0.292378,0.1,2.92378,11.6951,5.20762
pfet_05v0,ss,125,5.50,0.60u,4,rlin_at_50mV,0.05,0.0178118,2.80713,11.2285,5.45
pfet_05v0,ss,125,5.50,0.60u,8,drop_at_50mA,0.0704167,0.05,1.40833,11.2667,5.42958
pfet_05v0,ss,125,5.50,0.60u,8,drop_at_100mA,0.142538,0.1,1.42538,11.4031,5.35746
pfet_05v0,ss,125,5.50,0.60u,8,rlin_at_50mV,0.05,0.0356235,1.40357,11.2285,5.45
pfet_05v0,ss,125,5.50,0.60u,16,drop_at_50mA,0.035002,0.05,0.700041,11.2007,5.465
pfet_05v0,ss,125,5.50,0.60u,16,drop_at_100mA,0.0704167,0.1,0.704167,11.2667,5.42958
pfet_05v0,ss,125,5.50,0.60u,16,rlin_at_50mV,0.05,0.0712471,0.701783,11.2285,5.45
pfet_05v0,ss,125,5.50,1.00u,1,drop_at_50mA,1.08681,0.05,21.7362,21.7362,4.41319
pfet_05v0,ss,125,5.50,1.00u,1,drop_at_100mA,6.75785,0.1,67.5785,67.5785,-1.25785
pfet_05v0,ss,125,5.50,1.00u,1,rlin_at_50mV,0.05,0.00274265,18.2306,18.2306,5.45
pfet_05v0,ss,125,5.50,1.00u,2,drop_at_50mA,0.489646,0.05,9.79292,19.5858,5.01035
pfet_05v0,ss,125,5.50,1.00u,2,drop_at_100mA,1.08681,0.1,10.8681,21.7362,4.41319
pfet_05v0,ss,125,5.50,1.00u,2,rlin_at_50mV,0.05,0.0054853,9.11528,18.2306,5.45
pfet_05v0,ss,125,5.50,1.00u,4,drop_at_50mA,0.234742,0.05,4.69484,18.7794,5.26526
pfet_05v0,ss,125,5.50,1.00u,4,drop_at_100mA,0.489646,0.1,4.89646,19.5858,5.01035
pfet_05v0,ss,125,5.50,1.00u,4,rlin_at_50mV,0.05,0.0109706,4.55764,18.2306,5.45
pfet_05v0,ss,125,5.50,1.00u,8,drop_at_50mA,0.11513,0.05,2.3026,18.4208,5.38487
pfet_05v0,ss,125,5.50,1.00u,8,drop_at_100mA,0.234742,0.1,2.34742,18.7794,5.26526
pfet_05v0,ss,125,5.50,1.00u,8,rlin_at_50mV,0.05,0.0219412,2.27882,18.2306,5.45
pfet_05v0,ss,125,5.50,1.00u,16,drop_at_50mA,0.0570342,0.05,1.14068,18.2509,5.44297
pfet_05v0,ss,125,5.50,1.00u,16,drop_at_100mA,0.11513,0.1,1.1513,18.4208,5.38487
pfet_05v0,ss,125,5.50,1.00u,16,rlin_at_50mV,0.05,0.0438824,1.13941,18.2306,5.45
pfet_05v0,fs,-40,2.10,0.50u,1,drop_at_50mA,7.87167,0.05,157.433,157.433,-5.77167
pfet_05v0,fs,-40,2.10,0.50u,1,drop_at_100mA,9.60619,0.1,96.0619,96.0619,-7.50619
pfet_05v0,fs,-40,2.10,0.50u,1,rlin_at_50mV,0.05,0.0034999,14.2861,14.2861,2.05
pfet_05v0,fs,-40,2.10,0.50u,2,drop_at_50mA,0.526482,0.05,10.5296,21.0593,1.57352
pfet_05v0,fs,-40,2.10,0.50u,2,drop_at_100mA,7.87167,0.1,78.7167,157.433,-5.77167
pfet_05v0,fs,-40,2.10,0.50u,2,rlin_at_50mV,0.05,0.00699979,7.14307,14.2861,2.05
pfet_05v0,fs,-40,2.10,0.50u,4,drop_at_50mA,0.199805,0.05,3.9961,15.9844,1.9002
pfet_05v0,fs,-40,2.10,0.50u,4,drop_at_100mA,0.526482,0.1,5.26482,21.0593,1.57352
pfet_05v0,fs,-40,2.10,0.50u,4,rlin_at_50mV,0.05,0.0139996,3.57153,14.2861,2.05
pfet_05v0,fs,-40,2.10,0.50u,8,drop_at_50mA,0.0920825,0.05,1.84165,14.7332,2.00792
pfet_05v0,fs,-40,2.10,0.50u,8,drop_at_100mA,0.199805,0.1,1.99805,15.9844,1.9002
pfet_05v0,fs,-40,2.10,0.50u,8,rlin_at_50mV,0.05,0.0279992,1.78577,14.2861,2.05
pfet_05v0,fs,-40,2.10,0.50u,16,drop_at_50mA,0.0444654,0.05,0.889308,14.2289,2.05553
pfet_05v0,fs,-40,2.10,0.50u,16,drop_at_100mA,0.0920825,0.1,0.920825,14.7332,2.00792
pfet_05v0,fs,-40,2.10,0.50u,16,rlin_at_50mV,0.05,0.0559984,0.892883,14.2861,2.05
pfet_05v0,fs,-40,2.10,0.60u,1,drop_at_50mA,8.66706,0.05,173.341,173.341,-6.56706
pfet_05v0,fs,-40,2.10,0.60u,1,drop_at_100mA,10.1902,0.1,101.902,101.902,-8.09022
pfet_05v0,fs,-40,2.10,0.60u,1,rlin_at_50mV,0.05,0.00286225,17.4687,17.4687,2.05
pfet_05v0,fs,-40,2.10,0.60u,2,drop_at_50mA,1.28296,0.05,25.6592,51.3184,0.817039
pfet_05v0,fs,-40,2.10,0.60u,2,drop_at_100mA,8.66706,0.1,86.6706,173.341,-6.56706
pfet_05v0,fs,-40,2.10,0.60u,2,rlin_at_50mV,0.05,0.00572451,8.73437,17.4687,2.05
pfet_05v0,fs,-40,2.10,0.60u,4,drop_at_50mA,0.254881,0.05,5.09762,20.3905,1.84512
pfet_05v0,fs,-40,2.10,0.60u,4,drop_at_100mA,1.28296,0.1,12.8296,51.3184,0.817039
pfet_05v0,fs,-40,2.10,0.60u,4,rlin_at_50mV,0.05,0.011449,4.36719,17.4687,2.05
pfet_05v0,fs,-40,2.10,0.60u,8,drop_at_50mA,0.114428,0.05,2.28855,18.3084,1.98557
pfet_05v0,fs,-40,2.10,0.60u,8,drop_at_100mA,0.254881,0.1,2.54881,20.3905,1.84512
pfet_05v0,fs,-40,2.10,0.60u,8,rlin_at_50mV,0.05,0.022898,2.18359,17.4687,2.05
pfet_05v0,fs,-40,2.10,0.60u,16,drop_at_50mA,0.0547775,0.05,1.09555,17.5288,2.04522
pfet_05v0,fs,-40,2.10,0.60u,16,drop_at_100mA,0.114428,0.1,1.14428,18.3084,1.98557
pfet_05v0,fs,-40,2.10,0.60u,16,rlin_at_50mV,0.05,0.0457961,1.0918,17.4687,2.05
pfet_05v0,fs,-40,2.10,1.00u,1,drop_at_50mA,10.151,0.05,203.02,203.02,-8.05102
pfet_05v0,fs,-40,2.10,1.00u,1,drop_at_100mA,11.6334,0.1,116.334,116.334,-9.53339
pfet_05v0,fs,-40,2.10,1.00u,1,rlin_at_50mV,0.05,0.00164441,30.4061,30.4061,2.05
pfet_05v0,fs,-40,2.10,1.00u,2,drop_at_50mA,8.58549,0.05,171.71,343.419,-6.48549
pfet_05v0,fs,-40,2.10,1.00u,2,drop_at_100mA,10.151,0.1,101.51,203.02,-8.05102
pfet_05v0,fs,-40,2.10,1.00u,2,rlin_at_50mV,0.05,0.00328881,15.2031,30.4061,2.05
pfet_05v0,fs,-40,2.10,1.00u,4,drop_at_50mA,0.614592,0.05,12.2918,49.1673,1.48541
pfet_05v0,fs,-40,2.10,1.00u,4,drop_at_100mA,8.58549,0.1,85.8549,343.419,-6.48549
pfet_05v0,fs,-40,2.10,1.00u,4,rlin_at_50mV,0.05,0.00657763,7.60153,30.4061,2.05
pfet_05v0,fs,-40,2.10,1.00u,8,drop_at_50mA,0.214695,0.05,4.29389,34.3512,1.88531
pfet_05v0,fs,-40,2.10,1.00u,8,drop_at_100mA,0.614592,0.1,6.14592,49.1673,1.48541
pfet_05v0,fs,-40,2.10,1.00u,8,rlin_at_50mV,0.05,0.0131553,3.80076,30.4061,2.05
pfet_05v0,fs,-40,2.10,1.00u,16,drop_at_50mA,0.0983649,0.05,1.9673,31.4768,2.00164
pfet_05v0,fs,-40,2.10,1.00u,16,drop_at_100mA,0.214695,0.1,2.14695,34.3512,1.88531
pfet_05v0,fs,-40,2.10,1.00u,16,rlin_at_50mV,0.05,0.0263105,1.90038,30.4061,2.05
pfet_05v0,fs,-40,2.97,0.50u,1,drop_at_50mA,0.572283,0.05,11.4457,11.4457,2.39772
pfet_05v0,fs,-40,2.97,0.50u,1,drop_at_100mA,7.42926,0.1,74.2926,74.2926,-4.45926
pfet_05v0,fs,-40,2.97,0.50u,1,rlin_at_50mV,0.05,0.00559857,8.93085,8.93085,2.92
pfet_05v0,fs,-40,2.97,0.50u,2,drop_at_50mA,0.24406,0.05,4.88121,9.76242,2.72594
pfet_05v0,fs,-40,2.97,0.50u,2,drop_at_100mA,0.572283,0.1,5.72283,11.4457,2.39772
pfet_05v0,fs,-40,2.97,0.50u,2,rlin_at_50mV,0.05,0.0111971,4.46542,8.93085,2.92
pfet_05v0,fs,-40,2.97,0.50u,4,drop_at_50mA,0.114971,0.05,2.29942,9.1977,2.85503
pfet_05v0,fs,-40,2.97,0.50u,4,drop_at_100mA,0.24406,0.1,2.4406,9.76242,2.72594
pfet_05v0,fs,-40,2.97,0.50u,4,rlin_at_50mV,0.05,0.0223943,2.23271,8.93085,2.92
pfet_05v0,fs,-40,2.97,0.50u,8,drop_at_50mA,0.0559681,0.05,1.11936,8.9549,2.91403
pfet_05v0,fs,-40,2.97,0.50u,8,drop_at_100mA,0.114971,0.1,1.14971,9.1977,2.85503
pfet_05v0,fs,-40,2.97,0.50u,8,rlin_at_50mV,0.05,0.0447886,1.11636,8.93085,2.92
pfet_05v0,fs,-40,2.97,0.50u,16,drop_at_50mA,0.0276296,0.05,0.552592,8.84148,2.94237
pfet_05v0,fs,-40,2.97,0.50u,16,drop_at_100mA,0.0559681,0.1,0.559681,8.9549,2.91403
pfet_05v0,fs,-40,2.97,0.50u,16,rlin_at_50mV,0.05,0.0895772,0.558178,8.93085,2.92
pfet_05v0,fs,-40,2.97,0.60u,1,drop_at_50mA,0.751451,0.05,15.029,15.029,2.21855
pfet_05v0,fs,-40,2.97,0.60u,1,drop_at_100mA,8.44927,0.1,84.4927,84.4927,-5.47927
pfet_05v0,fs,-40,2.97,0.60u,1,rlin_at_50mV,0.05,0.00464486,10.7646,10.7646,2.92
pfet_05v0,fs,-40,2.97,0.60u,2,drop_at_50mA,0.301235,0.05,6.02471,12.0494,2.66876
pfet_05v0,fs,-40,2.97,0.60u,2,drop_at_100mA,0.751451,0.1,7.51451,15.029,2.21855
pfet_05v0,fs,-40,2.97,0.60u,2,rlin_at_50mV,0.05,0.00928972,5.38229,10.7646,2.92
pfet_05v0,fs,-40,2.97,0.60u,4,drop_at_50mA,0.140001,0.05,2.80002,11.2001,2.83
pfet_05v0,fs,-40,2.97,0.60u,4,drop_at_100mA,0.301235,0.1,3.01235,12.0494,2.66876
pfet_05v0,fs,-40,2.97,0.60u,4,rlin_at_50mV,0.05,0.0185794,2.69115,10.7646,2.92
pfet_05v0,fs,-40,2.97,0.60u,8,drop_at_50mA,0.0678044,0.05,1.35609,10.8487,2.9022
pfet_05v0,fs,-40,2.97,0.60u,8,drop_at_100mA,0.140001,0.1,1.40001,11.2001,2.83
pfet_05v0,fs,-40,2.97,0.60u,8,rlin_at_50mV,0.05,0.0371589,1.34557,10.7646,2.92
pfet_05v0,fs,-40,2.97,0.60u,16,drop_at_50mA,0.0333969,0.05,0.667938,10.687,2.9366
pfet_05v0,fs,-40,2.97,0.60u,16,drop_at_100mA,0.0678044,0.1,0.678044,10.8487,2.9022
pfet_05v0,fs,-40,2.97,0.60u,16,rlin_at_50mV,0.05,0.0743178,0.672787,10.7646,2.92
pfet_05v0,fs,-40,2.97,1.00u,1,drop_at_50mA,7.94844,0.05,158.969,158.969,-4.97844
pfet_05v0,fs,-40,2.97,1.00u,1,drop_at_100mA,9.97527,0.1,99.7527,99.7527,-7.00527
pfet_05v0,fs,-40,2.97,1.00u,1,rlin_at_50mV,0.05,0.00274614,18.2074,18.2074,2.92
pfet_05v0,fs,-40,2.97,1.00u,2,drop_at_50mA,0.574341,0.05,11.4868,22.9736,2.39566
pfet_05v0,fs,-40,2.97,1.00u,2,drop_at_100mA,7.94844,0.1,79.4844,158.969,-4.97844
pfet_05v0,fs,-40,2.97,1.00u,2,rlin_at_50mV,0.05,0.00549228,9.10368,18.2074,2.92
pfet_05v0,fs,-40,2.97,1.00u,4,drop_at_50mA,0.24731,0.05,4.9462,19.7848,2.72269
pfet_05v0,fs,-40,2.97,1.00u,4,drop_at_100mA,0.574341,0.1,5.74341,22.9736,2.39566
pfet_05v0,fs,-40,2.97,1.00u,4,rlin_at_50mV,0.05,0.0109846,4.55184,18.2074,2.92
pfet_05v0,fs,-40,2.97,1.00u,8,drop_at_50mA,0.11699,0.05,2.3398,18.7184,2.85301
pfet_05v0,fs,-40,2.97,1.00u,8,drop_at_100mA,0.24731,0.1,2.4731,19.7848,2.72269
pfet_05v0,fs,-40,2.97,1.00u,8,rlin_at_50mV,0.05,0.0219691,2.27592,18.2074,2.92
pfet_05v0,fs,-40,2.97,1.00u,16,drop_at_50mA,0.0570629,0.05,1.14126,18.2601,2.91294
pfet_05v0,fs,-40,2.97,1.00u,16,drop_at_100mA,0.11699,0.1,1.1699,18.7184,2.85301
pfet_05v0,fs,-40,2.97,1.00u,16,rlin_at_50mV,0.05,0.0439383,1.13796,18.2074,2.92
pfet_05v0,fs,-40,3.30,0.50u,1,drop_at_50mA,0.476174,0.05,9.52348,9.52348,2.82383
pfet_05v0,fs,-40,3.30,0.50u,1,drop_at_100mA,1.84624,0.1,18.4624,18.4624,1.45376
pfet_05v0,fs,-40,3.30,0.50u,1,rlin_at_50mV,0.05,0.00625783,7.98998,7.98998,3.25
pfet_05v0,fs,-40,3.30,0.50u,2,drop_at_50mA,0.213357,0.05,4.26715,8.5343,3.08664
pfet_05v0,fs,-40,3.30,0.50u,2,drop_at_100mA,0.476174,0.1,4.76174,9.52348,2.82383
pfet_05v0,fs,-40,3.30,0.50u,2,rlin_at_50mV,0.05,0.0125157,3.99499,7.98998,3.25
pfet_05v0,fs,-40,3.30,0.50u,4,drop_at_50mA,0.101974,0.05,2.03947,8.1579,3.19803
pfet_05v0,fs,-40,3.30,0.50u,4,drop_at_100mA,0.213357,0.1,2.13357,8.5343,3.08664
pfet_05v0,fs,-40,3.30,0.50u,4,rlin_at_50mV,0.05,0.0250313,1.9975,7.98998,3.25
pfet_05v0,fs,-40,3.30,0.50u,8,drop_at_50mA,0.0499361,0.05,0.998723,7.98978,3.25006
pfet_05v0,fs,-40,3.30,0.50u,8,drop_at_100mA,0.101974,0.1,1.01974,8.1579,3.19803
pfet_05v0,fs,-40,3.30,0.50u,8,rlin_at_50mV,0.05,0.0500627,0.998748,7.98998,3.25
pfet_05v0,fs,-40,3.30,0.50u,16,drop_at_50mA,0.0247187,0.05,0.494375,7.91,3.27528
pfet_05v0,fs,-40,3.30,0.50u,16,drop_at_100mA,0.0499361,0.1,0.499361,7.98978,3.25006
pfet_05v0,fs,-40,3.30,0.50u,16,rlin_at_50mV,0.05,0.100125,0.499374,7.98998,3.25
pfet_05v0,fs,-40,3.30,0.60u,1,drop_at_50mA,0.599123,0.05,11.9825,11.9825,2.70088
pfet_05v0,fs,-40,3.30,0.60u,1,drop_at_100mA,7.37846,0.1,73.7846,73.7846,-4.07846
pfet_05v0,fs,-40,3.30,0.60u,1,rlin_at_50mV,0.05,0.00521111,9.59488,9.59488,3.25
pfet_05v0,fs,-40,3.30,0.60u,2,drop_at_50mA,0.260473,0.05,5.20946,10.4189,3.03953
pfet_05v0,fs,-40,3.30,0.60u,2,drop_at_100mA,0.599123,0.1,5.99123,11.9825,2.70088
pfet_05v0,fs,-40,3.30,0.60u,2,rlin_at_50mV,0.05,0.0104222,4.79744,9.59488,3.25
pfet_05v0,fs,-40,3.30,0.60u,4,drop_at_50mA,0.123389,0.05,2.46777,9.87108,3.17661
pfet_05v0,fs,-40,3.30,0.60u,4,drop_at_100mA,0.260473,0.1,2.60473,10.4189,3.03953
pfet_05v0,fs,-40,3.30,0.60u,4,rlin_at_50mV,0.05,0.0208444,2.39872,9.59488,3.25
pfet_05v0,fs,-40,3.30,0.60u,8,drop_at_50mA,0.0602038,0.05,1.20408,9.63261,3.2398
pfet_05v0,fs,-40,3.30,0.60u,8,drop_at_100mA,0.123389,0.1,1.23389,9.87108,3.17661
pfet_05v0,fs,-40,3.30,0.60u,8,rlin_at_50mV,0.05,0.0416889,1.19936,9.59488,3.25
pfet_05v0,fs,-40,3.30,0.60u,16,drop_at_50mA,0.029752,0.05,0.59504,9.52065,3.27025
pfet_05v0,fs,-40,3.30,0.60u,16,drop_at_100mA,0.0602038,0.1,0.602038,9.63261,3.2398
pfet_05v0,fs,-40,3.30,0.60u,16,rlin_at_50mV,0.05,0.0833778,0.59968,9.59488,3.25
pfet_05v0,fs,-40,3.30,1.00u,1,drop_at_50mA,1.64219,0.05,32.8438,32.8438,1.65781
pfet_05v0,fs,-40,3.30,1.00u,1,drop_at_100mA,9.57221,0.1,95.7221,95.7221,-6.27221
pfet_05v0,fs,-40,3.30,1.00u,1,rlin_at_50mV,0.05,0.00310431,16.1066,16.1066,3.25
pfet_05v0,fs,-40,3.30,1.00u,2,drop_at_50mA,0.471598,0.05,9.43196,18.8639,2.8284
pfet_05v0,fs,-40,3.30,1.00u,2,drop_at_100mA,1.64219,0.1,16.4219,32.8438,1.65781
pfet_05v0,fs,-40,3.30,1.00u,2,rlin_at_50mV,0.05,0.00620862,8.05331,16.1066,3.25
pfet_05v0,fs,-40,3.30,1.00u,4,drop_at_50mA,0.213651,0.05,4.27302,17.0921,3.08635
pfet_05v0,fs,-40,3.30,1.00u,4,drop_at_100mA,0.471598,0.1,4.71598,18.8639,2.8284
pfet_05v0,fs,-40,3.30,1.00u,4,rlin_at_50mV,0.05,0.0124172,4.02666,16.1066,3.25
pfet_05v0,fs,-40,3.30,1.00u,8,drop_at_50mA,0.10258,0.05,2.0516,16.4128,3.19742
pfet_05v0,fs,-40,3.30,1.00u,8,drop_at_100mA,0.213651,0.1,2.13651,17.0921,3.08635
pfet_05v0,fs,-40,3.30,1.00u,8,rlin_at_50mV,0.05,0.0248345,2.01333,16.1066,3.25
pfet_05v0,fs,-40,3.30,1.00u,16,drop_at_50mA,0.0503393,0.05,1.00679,16.1086,3.24966
pfet_05v0,fs,-40,3.30,1.00u,16,drop_at_100mA,0.10258,0.1,1.0258,16.4128,3.19742
pfet_05v0,fs,-40,3.30,1.00u,16,rlin_at_50mV,0.05,0.049669,1.00666,16.1066,3.25
pfet_05v0,fs,-40,3.63,0.50u,1,drop_at_50mA,0.417171,0.05,8.34342,8.34342,3.21283
pfet_05v0,fs,-40,3.63,0.50u,1,drop_at_100mA,1.089,0.1,10.89,10.89,2.541
pfet_05v0,fs,-40,3.63,0.50u,1,rlin_at_50mV,0.05,0.00685745,7.29134,7.29134,3.58
pfet_05v0,fs,-40,3.63,0.50u,2,drop_at_50mA,0.191891,0.05,3.83782,7.67564,3.43811
pfet_05v0,fs,-40,3.63,0.50u,2,drop_at_100mA,0.417171,0.1,4.17171,8.34342,3.21283
pfet_05v0,fs,-40,3.63,0.50u,2,rlin_at_50mV,0.05,0.0137149,3.64567,7.29134,3.58
pfet_05v0,fs,-40,3.63,0.50u,4,drop_at_50mA,0.0925482,0.05,1.85096,7.40386,3.53745
pfet_05v0,fs,-40,3.63,0.50u,4,drop_at_100mA,0.191891,0.1,1.91891,7.67564,3.43811
pfet_05v0,fs,-40,3.63,0.50u,4,rlin_at_50mV,0.05,0.0274298,1.82283,7.29134,3.58
pfet_05v0,fs,-40,3.63,0.50u,8,drop_at_50mA,0.0454973,0.05,0.909945,7.27956,3.5845
pfet_05v0,fs,-40,3.63,0.50u,8,drop_at_100mA,0.0925482,0.1,0.925482,7.40386,3.53745
pfet_05v0,fs,-40,3.63,0.50u,8,rlin_at_50mV,0.05,0.0548596,0.911417,7.29134,3.58
pfet_05v0,fs,-40,3.63,0.50u,16,drop_at_50mA,0.0225624,0.05,0.451248,7.21996,3.60744
pfet_05v0,fs,-40,3.63,0.50u,16,drop_at_100mA,0.0454973,0.1,0.454973,7.27956,3.5845
pfet_05v0,fs,-40,3.63,0.50u,16,rlin_at_50mV,0.05,0.109719,0.455709,7.29134,3.58
pfet_05v0,fs,-40,3.63,0.60u,1,drop_at_50mA,0.515264,0.05,10.3053,10.3053,3.11474
pfet_05v0,fs,-40,3.63,0.60u,1,drop_at_100mA,1.67037,0.1,16.7037,16.7037,1.95963
pfet_05v0,fs,-40,3.63,0.60u,1,rlin_at_50mV,0.05,0.00572841,8.72843,8.72843,3.58
pfet_05v0,fs,-40,3.63,0.60u,2,drop_at_50mA,0.232576,0.05,4.65151,9.30302,3.39742
pfet_05v0,fs,-40,3.63,0.60u,2,drop_at_100mA,0.515264,0.1,5.15264,10.3053,3.11474
pfet_05v0,fs,-40,3.63,0.60u,2,rlin_at_50mV,0.05,0.0114568,4.36422,8.72843,3.58
pfet_05v0,fs,-40,3.63,0.60u,4,drop_at_50mA,0.111451,0.05,2.22902,8.91608,3.51855
pfet_05v0,fs,-40,3.63,0.60u,4,drop_at_100mA,0.232576,0.1,2.32576,9.30302,3.39742
pfet_05v0,fs,-40,3.63,0.60u,4,rlin_at_50mV,0.05,0.0229136,2.18211,8.72843,3.58
pfet_05v0,fs,-40,3.63,0.60u,8,drop_at_50mA,0.05464,0.05,1.0928,8.74241,3.57536
pfet_05v0,fs,-40,3.63,0.60u,8,drop_at_100mA,0.111451,0.1,1.11451,8.91608,3.51855
pfet_05v0,fs,-40,3.63,0.60u,8,rlin_at_50mV,0.05,0.0458273,1.09105,8.72843,3.58
pfet_05v0,fs,-40,3.63,0.60u,16,drop_at_50mA,0.0270619,0.05,0.541238,8.6598,3.60294
pfet_05v0,fs,-40,3.63,0.60u,16,drop_at_100mA,0.05464,0.1,0.5464,8.74241,3.57536
pfet_05v0,fs,-40,3.63,0.60u,16,rlin_at_50mV,0.05,0.0916545,0.545527,8.72843,3.58
pfet_05v0,fs,-40,3.63,1.00u,1,drop_at_50mA,1.02675,0.05,20.535,20.535,2.60325
pfet_05v0,fs,-40,3.63,1.00u,1,drop_at_100mA,9.16723,0.1,91.6723,91.6723,-5.53723
pfet_05v0,fs,-40,3.63,1.00u,1,rlin_at_50mV,0.05,0.00343462,14.5576,14.5576,3.58
pfet_05v0,fs,-40,3.63,1.00u,2,drop_at_50mA,0.409421,0.05,8.18843,16.3769,3.22058
pfet_05v0,fs,-40,3.63,1.00u,2,drop_at_100mA,1.02675,0.1,10.2675,20.535,2.60325
pfet_05v0,fs,-40,3.63,1.00u,2,rlin_at_50mV,0.05,0.00686924,7.27882,14.5576,3.58
pfet_05v0,fs,-40,3.63,1.00u,4,drop_at_50mA,0.190336,0.05,3.80671,15.2269,3.43966
pfet_05v0,fs,-40,3.63,1.00u,4,drop_at_100mA,0.409421,0.1,4.09421,16.3769,3.22058
pfet_05v0,fs,-40,3.63,1.00u,4,rlin_at_50mV,0.05,0.0137385,3.63941,14.5576,3.58
pfet_05v0,fs,-40,3.63,1.00u,8,drop_at_50mA,0.0922116,0.05,1.84423,14.7538,3.53779
pfet_05v0,fs,-40,3.63,1.00u,8,drop_at_100mA,0.190336,0.1,1.90336,15.2269,3.43966
pfet_05v0,fs,-40,3.63,1.00u,8,rlin_at_50mV,0.05,0.027477,1.81971,14.5576,3.58
pfet_05v0,fs,-40,3.63,1.00u,16,drop_at_50mA,0.045427,0.05,0.90854,14.5366,3.58457
pfet_05v0,fs,-40,3.63,1.00u,16,drop_at_100mA,0.0922116,0.1,0.922116,14.7538,3.53779
pfet_05v0,fs,-40,3.63,1.00u,16,rlin_at_50mV,0.05,0.054954,0.909853,14.5576,3.58
pfet_05v0,fs,-40,4.50,0.50u,1,drop_at_50mA,0.330585,0.05,6.61171,6.61171,4.16941
pfet_05v0,fs,-40,4.50,0.50u,1,drop_at_100mA,0.749297,0.1,7.49297,7.49297,3.7507
pfet_05v0,fs,-40,4.50,0.50u,1,rlin_at_50mV,0.05,0.00820498,6.09386,6.09386,4.45
pfet_05v0,fs,-40,4.50,0.50u,2,drop_at_50mA,0.157136,0.05,3.14272,6.28544,4.34286
pfet_05v0,fs,-40,4.50,0.50u,2,drop_at_100mA,0.330585,0.1,3.30585,6.61171,4.16941
pfet_05v0,fs,-40,4.50,0.50u,2,rlin_at_50mV,0.05,0.01641,3.04693,6.09386,4.45
pfet_05v0,fs,-40,4.50,0.50u,4,drop_at_50mA,0.0767629,0.05,1.53526,6.14103,4.42324
pfet_05v0,fs,-40,4.50,0.50u,4,drop_at_100mA,0.157136,0.1,1.57136,6.28544,4.34286
pfet_05v0,fs,-40,4.50,0.50u,4,rlin_at_50mV,0.05,0.0328199,1.52346,6.09386,4.45
pfet_05v0,fs,-40,4.50,0.50u,8,drop_at_50mA,0.0379548,0.05,0.759096,6.07277,4.46205
pfet_05v0,fs,-40,4.50,0.50u,8,drop_at_100mA,0.0767629,0.1,0.767629,6.14103,4.42324
pfet_05v0,fs,-40,4.50,0.50u,8,rlin_at_50mV,0.05,0.0656399,0.761732,6.09386,4.45
pfet_05v0,fs,-40,4.50,0.50u,16,drop_at_50mA,0.0188736,0.05,0.377472,6.03955,4.48113
pfet_05v0,fs,-40,4.50,0.50u,16,drop_at_100mA,0.0379548,0.1,0.379548,6.07277,4.46205
pfet_05v0,fs,-40,4.50,0.50u,16,rlin_at_50mV,0.05,0.13128,0.380866,6.09386,4.45
pfet_05v0,fs,-40,4.50,0.60u,1,drop_at_50mA,0.399507,0.05,7.99013,7.99013,4.10049
pfet_05v0,fs,-40,4.50,0.60u,1,drop_at_100mA,0.933847,0.1,9.33847,9.33847,3.56615
pfet_05v0,fs,-40,4.50,0.60u,1,rlin_at_50mV,0.05,0.00689762,7.24888,7.24888,4.45
pfet_05v0,fs,-40,4.50,0.60u,2,drop_at_50mA,0.188266,0.05,3.76533,7.53065,4.31173
pfet_05v0,fs,-40,4.50,0.60u,2,drop_at_100mA,0.399507,0.1,3.99507,7.99013,4.10049
pfet_05v0,fs,-40,4.50,0.60u,2,rlin_at_50mV,0.05,0.0137952,3.62444,7.24888,4.45
pfet_05v0,fs,-40,4.50,0.60u,4,drop_at_50mA,0.0916534,0.05,1.83307,7.33227,4.40835
pfet_05v0,fs,-40,4.50,0.60u,4,drop_at_100mA,0.188266,0.1,1.88266,7.53065,4.31173
pfet_05v0,fs,-40,4.50,0.60u,4,rlin_at_50mV,0.05,0.0275905,1.81222,7.24888,4.45
pfet_05v0,fs,-40,4.50,0.60u,8,drop_at_50mA,0.0452465,0.05,0.90493,7.23944,4.45475
pfet_05v0,fs,-40,4.50,0.60u,8,drop_at_100mA,0.0916534,0.1,0.916534,7.33227,4.40835
pfet_05v0,fs,-40,4.50,0.60u,8,rlin_at_50mV,0.05,0.055181,0.906109,7.24888,4.45
pfet_05v0,fs,-40,4.50,0.60u,16,drop_at_50mA,0.0224827,0.05,0.449654,7.19447,4.47752
pfet_05v0,fs,-40,4.50,0.60u,16,drop_at_100mA,0.0452465,0.1,0.452465,7.23944,4.45475
pfet_05v0,fs,-40,4.50,0.60u,16,rlin_at_50mV,0.05,0.110362,0.453055,7.24888,4.45
pfet_05v0,fs,-40,4.50,1.00u,1,drop_at_50mA,0.706425,0.05,14.1285,14.1285,3.79358
pfet_05v0,fs,-40,4.50,1.00u,1,drop_at_100mA,2.56867,0.1,25.6867,25.6867,1.93133
pfet_05v0,fs,-40,4.50,1.00u,1,rlin_at_50mV,0.05,0.00419069,11.9312,11.9312,4.45
pfet_05v0,fs,-40,4.50,1.00u,2,drop_at_50mA,0.319055,0.05,6.3811,12.7622,4.18094
pfet_05v0,fs,-40,4.50,1.00u,2,drop_at_100mA,0.706425,0.1,7.06425,14.1285,3.79358
pfet_05v0,fs,-40,4.50,1.00u,2,rlin_at_50mV,0.05,0.00838139,5.9656,11.9312,4.45
pfet_05v0,fs,-40,4.50,1.00u,4,drop_at_50mA,0.152989,0.05,3.05977,12.2391,4.34701
pfet_05v0,fs,-40,4.50,1.00u,4,drop_at_100mA,0.319055,0.1,3.19055,12.7622,4.18094
pfet_05v0,fs,-40,4.50,1.00u,4,rlin_at_50mV,0.05,0.0167628,2.9828,11.9312,4.45
pfet_05v0,fs,-40,4.50,1.00u,8,drop_at_50mA,0.0750307,0.05,1.50061,12.0049,4.42497
pfet_05v0,fs,-40,4.50,1.00u,8,drop_at_100mA,0.152989,0.1,1.52989,12.2391,4.34701
pfet_05v0,fs,-40,4.50,1.00u,8,rlin_at_50mV,0.05,0.0335256,1.4914,11.9312,4.45
pfet_05v0,fs,-40,4.50,1.00u,16,drop_at_50mA,0.0371677,0.05,0.743355,11.8937,4.46283
pfet_05v0,fs,-40,4.50,1.00u,16,drop_at_100mA,0.0750307,0.1,0.750307,12.0049,4.42497
pfet_05v0,fs,-40,4.50,1.00u,16,rlin_at_50mV,0.05,0.0670511,0.7457,11.9312,4.45
pfet_05v0,fs,-40,5.00,0.50u,1,drop_at_50mA,0.301493,0.05,6.02987,6.02987,4.69851
pfet_05v0,fs,-40,5.00,0.50u,1,drop_at_100mA,0.664083,0.1,6.64083,6.64083,4.33592
pfet_05v0,fs,-40,5.00,0.50u,1,rlin_at_50mV,0.05,0.00885563,5.64612,5.64612,4.95
pfet_05v0,fs,-40,5.00,0.50u,2,drop_at_50mA,0.144676,0.05,2.89353,5.78705,4.85532
pfet_05v0,fs,-40,5.00,0.50u,2,drop_at_100mA,0.301493,0.1,3.01493,6.02987,4.69851
pfet_05v0,fs,-40,5.00,0.50u,2,rlin_at_50mV,0.05,0.0177113,2.82306,5.64612,4.95
pfet_05v0,fs,-40,5.00,0.50u,4,drop_at_50mA,0.0709621,0.05,1.41924,5.67697,4.92904
pfet_05v0,fs,-40,5.00,0.50u,4,drop_at_100mA,0.144676,0.1,1.44676,5.78705,4.85532
pfet_05v0,fs,-40,5.00,0.50u,4,rlin_at_50mV,0.05,0.0354225,1.41153,5.64612,4.95
pfet_05v0,fs,-40,5.00,0.50u,8,drop_at_50mA,0.0351525,0.05,0.703049,5.6244,4.96485
pfet_05v0,fs,-40,5.00,0.50u,8,drop_at_100mA,0.0709621,0.1,0.709621,5.67697,4.92904
pfet_05v0,fs,-40,5.00,0.50u,8,rlin_at_50mV,0.05,0.0708451,0.705766,5.64612,4.95
pfet_05v0,fs,-40,5.00,0.50u,16,drop_at_50mA,0.0174959,0.05,0.349918,5.59868,4.9825
pfet_05v0,fs,-40,5.00,0.50u,16,drop_at_100mA,0.0351525,0.1,0.351525,5.6244,4.96485
pfet_05v0,fs,-40,5.00,0.50u,16,rlin_at_50mV,0.05,0.14169,0.352883,5.64612,4.95
pfet_05v0,fs,-40,5.00,0.60u,1,drop_at_50mA,0.361997,0.05,7.23993,7.23993,4.638
pfet_05v0,fs,-40,5.00,0.60u,1,drop_at_100mA,0.813009,0.1,8.13009,8.13009,4.18699
pfet_05v0,fs,-40,5.00,0.60u,1,rlin_at_50mV,0.05,0.00746472,6.69817,6.69817,4.95
pfet_05v0,fs,-40,5.00,0.60u,2,drop_at_50mA,0.172615,0.05,3.4523,6.90461,4.82738
pfet_05v0,fs,-40,5.00,0.60u,2,drop_at_100mA,0.361997,0.1,3.61997,7.23993,4.638
pfet_05v0,fs,-40,5.00,0.60u,2,rlin_at_50mV,0.05,0.0149294,3.34909,6.69817,4.95
pfet_05v0,fs,-40,5.00,0.60u,4,drop_at_50mA,0.0844419,0.05,1.68884,6.75535,4.91556
pfet_05v0,fs,-40,5.00,0.60u,4,drop_at_100mA,0.172615,0.1,1.72615,6.90461,4.82738
pfet_05v0,fs,-40,5.00,0.60u,4,rlin_at_50mV,0.05,0.0298589,1.67454,6.69817,4.95
pfet_05v0,fs,-40,5.00,0.60u,8,drop_at_50mA,0.0417789,0.05,0.835577,6.68462,4.95822
pfet_05v0,fs,-40,5.00,0.60u,8,drop_at_100mA,0.0844419,0.1,0.844419,6.75535,4.91556
pfet_05v0,fs,-40,5.00,0.60u,8,rlin_at_50mV,0.05,0.0597178,0.837272,6.69817,4.95
pfet_05v0,fs,-40,5.00,0.60u,16,drop_at_50mA,0.0207817,0.05,0.415634,6.65015,4.97922
pfet_05v0,fs,-40,5.00,0.60u,16,drop_at_100mA,0.0417789,0.1,0.417789,6.68462,4.95822
pfet_05v0,fs,-40,5.00,0.60u,16,rlin_at_50mV,0.05,0.119436,0.418636,6.69817,4.95
pfet_05v0,fs,-40,5.00,1.00u,1,drop_at_50mA,0.624117,0.05,12.4823,12.4823,4.37588
pfet_05v0,fs,-40,5.00,1.00u,1,drop_at_100mA,1.59183,0.1,15.9183,15.9183,3.40817
pfet_05v0,fs,-40,5.00,1.00u,1,rlin_at_50mV,0.05,0.00456121,10.962,10.962,4.95
pfet_05v0,fs,-40,5.00,1.00u,2,drop_at_50mA,0.28896,0.05,5.7792,11.5584,4.71104
pfet_05v0,fs,-40,5.00,1.00u,2,drop_at_100mA,0.624117,0.1,6.24117,12.4823,4.37588
pfet_05v0,fs,-40,5.00,1.00u,2,rlin_at_50mV,0.05,0.00912242,5.481,10.962,4.95
pfet_05v0,fs,-40,5.00,1.00u,4,drop_at_50mA,0.139755,0.05,2.7951,11.1804,4.86024
pfet_05v0,fs,-40,5.00,1.00u,4,drop_at_100mA,0.28896,0.1,2.8896,11.5584,4.71104
pfet_05v0,fs,-40,5.00,1.00u,4,rlin_at_50mV,0.05,0.0182448,2.7405,10.962,4.95
pfet_05v0,fs,-40,5.00,1.00u,8,drop_at_50mA,0.068795,0.05,1.3759,11.0072,4.9312
pfet_05v0,fs,-40,5.00,1.00u,8,drop_at_100mA,0.139755,0.1,1.39755,11.1804,4.86024
pfet_05v0,fs,-40,5.00,1.00u,8,rlin_at_50mV,0.05,0.0364897,1.37025,10.962,4.95
pfet_05v0,fs,-40,5.00,1.00u,16,drop_at_50mA,0.0341377,0.05,0.682755,10.9241,4.96586
pfet_05v0,fs,-40,5.00,1.00u,16,drop_at_100mA,0.068795,0.1,0.68795,11.0072,4.9312
pfet_05v0,fs,-40,5.00,1.00u,16,rlin_at_50mV,0.05,0.0729794,0.685125,10.962,4.95
pfet_05v0,fs,-40,5.50,0.50u,1,drop_at_50mA,0.279933,0.05,5.59867,5.59867,5.22007
pfet_05v0,fs,-40,5.50,0.50u,1,drop_at_100mA,0.605624,0.1,6.05624,6.05624,4.89438
pfet_05v0,fs,-40,5.50,0.50u,1,rlin_at_50mV,0.05,0.00943373,5.30013,5.30013,5.45
pfet_05v0,fs,-40,5.50,0.50u,2,drop_at_50mA,0.135214,0.05,2.70428,5.40856,5.36479
pfet_05v0,fs,-40,5.50,0.50u,2,drop_at_100mA,0.279933,0.1,2.79933,5.59867,5.22007
pfet_05v0,fs,-40,5.50,0.50u,2,rlin_at_50mV,0.05,0.0188675,2.65007,5.30013,5.45
pfet_05v0,fs,-40,5.50,0.50u,4,drop_at_50mA,0.0665118,0.05,1.33024,5.32094,5.43349
pfet_05v0,fs,-40,5.50,0.50u,4,drop_at_100mA,0.135214,0.1,1.35214,5.40856,5.36479
pfet_05v0,fs,-40,5.50,0.50u,4,rlin_at_50mV,0.05,0.0377349,1.32503,5.30013,5.45
pfet_05v0,fs,-40,5.50,0.50u,8,drop_at_50mA,0.0329924,0.05,0.659849,5.27879,5.46701
pfet_05v0,fs,-40,5.50,0.50u,8,drop_at_100mA,0.0665118,0.1,0.665118,5.32094,5.43349
pfet_05v0,fs,-40,5.50,0.50u,8,rlin_at_50mV,0.05,0.0754698,0.662516,5.30013,5.45
pfet_05v0,fs,-40,5.50,0.50u,16,drop_at_50mA,0.0164316,0.05,0.328632,5.25811,5.48357
pfet_05v0,fs,-40,5.50,0.50u,16,drop_at_100mA,0.0329924,0.1,0.329924,5.27879,5.46701
pfet_05v0,fs,-40,5.50,0.50u,16,rlin_at_50mV,0.05,0.15094,0.331258,5.30013,5.45
pfet_05v0,fs,-40,5.50,0.60u,1,drop_at_50mA,0.334566,0.05,6.69131,6.69131,5.16543
pfet_05v0,fs,-40,5.50,0.60u,1,drop_at_100mA,0.733886,0.1,7.33886,7.33886,4.76611
pfet_05v0,fs,-40,5.50,0.60u,1,rlin_at_50mV,0.05,0.00796946,6.27395,6.27395,5.45
pfet_05v0,fs,-40,5.50,0.60u,2,drop_at_50mA,0.160812,0.05,3.21623,6.43247,5.33919
pfet_05v0,fs,-40,5.50,0.60u,2,drop_at_100mA,0.334566,0.1,3.34566,6.69131,5.16543
pfet_05v0,fs,-40,5.50,0.60u,2,rlin_at_50mV,0.05,0.0159389,3.13698,6.27395,5.45
pfet_05v0,fs,-40,5.50,0.60u,4,drop_at_50mA,0.0789359,0.05,1.57872,6.31487,5.42106
pfet_05v0,fs,-40,5.50,0.60u,4,drop_at_100mA,0.160812,0.1,1.60812,6.43247,5.33919
pfet_05v0,fs,-40,5.50,0.60u,4,rlin_at_50mV,0.05,0.0318778,1.56849,6.27395,5.45
pfet_05v0,fs,-40,5.50,0.60u,8,drop_at_50mA,0.0391165,0.05,0.782331,6.25865,5.46088
pfet_05v0,fs,-40,5.50,0.60u,8,drop_at_100mA,0.0789359,0.1,0.789359,6.31487,5.42106
pfet_05v0,fs,-40,5.50,0.60u,8,rlin_at_50mV,0.05,0.0637557,0.784244,6.27395,5.45
pfet_05v0,fs,-40,5.50,0.60u,16,drop_at_50mA,0.0194723,0.05,0.389446,6.23114,5.48053
pfet_05v0,fs,-40,5.50,0.60u,16,drop_at_100mA,0.0391165,0.1,0.391165,6.25865,5.46088
pfet_05v0,fs,-40,5.50,0.60u,16,rlin_at_50mV,0.05,0.127511,0.392122,6.27395,5.45
pfet_05v0,fs,-40,5.50,1.00u,1,drop_at_50mA,0.567469,0.05,11.3494,11.3494,4.93253
pfet_05v0,fs,-40,5.50,1.00u,1,drop_at_100mA,1.34382,0.1,13.4382,13.4382,4.15618
pfet_05v0,fs,-40,5.50,1.00u,1,rlin_at_50mV,0.05,0.0048924,10.2199,10.2199,5.45
pfet_05v0,fs,-40,5.50,1.00u,2,drop_at_50mA,0.266792,0.05,5.33584,10.6717,5.23321
pfet_05v0,fs,-40,5.50,1.00u,2,drop_at_100mA,0.567469,0.1,5.67469,11.3494,4.93253
pfet_05v0,fs,-40,5.50,1.00u,2,rlin_at_50mV,0.05,0.00978479,5.10997,10.2199,5.45
pfet_05v0,fs,-40,5.50,1.00u,4,drop_at_50mA,0.129785,0.05,2.59571,10.3828,5.37021
pfet_05v0,fs,-40,5.50,1.00u,4,drop_at_100mA,0.266792,0.1,2.66792,10.6717,5.23321
pfet_05v0,fs,-40,5.50,1.00u,4,rlin_at_50mV,0.05,0.0195696,2.55499,10.2199,5.45
pfet_05v0,fs,-40,5.50,1.00u,8,drop_at_50mA,0.0640522,0.05,1.28104,10.2484,5.43595
pfet_05v0,fs,-40,5.50,1.00u,8,drop_at_100mA,0.129785,0.1,1.29785,10.3828,5.37021
pfet_05v0,fs,-40,5.50,1.00u,8,rlin_at_50mV,0.05,0.0391392,1.27749,10.2199,5.45
pfet_05v0,fs,-40,5.50,1.00u,16,drop_at_50mA,0.031823,0.05,0.63646,10.1834,5.46818
pfet_05v0,fs,-40,5.50,1.00u,16,drop_at_100mA,0.0640522,0.1,0.640522,10.2484,5.43595
pfet_05v0,fs,-40,5.50,1.00u,16,rlin_at_50mV,0.05,0.0782783,0.638746,10.2199,5.45
pfet_05v0,fs,27,2.10,0.50u,1,drop_at_50mA,8.36173,0.05,167.235,167.235,-6.26173
pfet_05v0,fs,27,2.10,0.50u,1,drop_at_100mA,9.96543,0.1,99.6543,99.6543,-7.86543
pfet_05v0,fs,27,2.10,0.50u,1,rlin_at_50mV,0.05,0.00273628,18.273,18.273,2.05
pfet_05v0,fs,27,2.10,0.50u,2,drop_at_50mA,0.784058,0.05,15.6812,31.3623,1.31594
pfet_05v0,fs,27,2.10,0.50u,2,drop_at_100mA,8.36173,0.1,83.6173,167.235,-6.26173
pfet_05v0,fs,27,2.10,0.50u,2,rlin_at_50mV,0.05,0.00547256,9.1365,18.273,2.05
pfet_05v0,fs,27,2.10,0.50u,4,drop_at_50mA,0.261558,0.05,5.23117,20.9247,1.83844
pfet_05v0,fs,27,2.10,0.50u,4,drop_at_100mA,0.784058,0.1,7.84058,31.3623,1.31594
pfet_05v0,fs,27,2.10,0.50u,4,rlin_at_50mV,0.05,0.0109451,4.56825,18.273,2.05
pfet_05v0,fs,27,2.10,0.50u,8,drop_at_50mA,0.119217,0.05,2.38433,19.0746,1.98078
pfet_05v0,fs,27,2.10,0.50u,8,drop_at_100mA,0.261558,0.1,2.61558,20.9247,1.83844
pfet_05v0,fs,27,2.10,0.50u,8,rlin_at_50mV,0.05,0.0218902,2.28412,18.273,2.05
pfet_05v0,fs,27,2.10,0.50u,16,drop_at_50mA,0.057361,0.05,1.14722,18.3555,2.04264
pfet_05v0,fs,27,2.10,0.50u,16,drop_at_100mA,0.119217,0.1,1.19217,19.0746,1.98078
pfet_05v0,fs,27,2.10,0.50u,16,rlin_at_50mV,0.05,0.0437805,1.14206,18.273,2.05
pfet_05v0,fs,27,2.10,0.60u,1,drop_at_50mA,9.07715,0.05,181.543,181.543,-6.97715
pfet_05v0,fs,27,2.10,0.60u,1,drop_at_100mA,10.5539,0.1,105.539,105.539,-8.45391
pfet_05v0,fs,27,2.10,0.60u,1,rlin_at_50mV,0.05,0.00224443,22.2773,22.2773,2.05
pfet_05v0,fs,27,2.10,0.60u,2,drop_at_50mA,5.42904,0.05,108.581,217.162,-3.32904
pfet_05v0,fs,27,2.10,0.60u,2,drop_at_100mA,9.07715,0.1,90.7715,181.543,-6.97715
pfet_05v0,fs,27,2.10,0.60u,2,rlin_at_50mV,0.05,0.00448886,11.1387,22.2773,2.05
pfet_05v0,fs,27,2.10,0.60u,4,drop_at_50mA,0.33611,0.05,6.7222,26.8888,1.76389
pfet_05v0,fs,27,2.10,0.60u,4,drop_at_100mA,5.42904,0.1,54.2904,217.162,-3.32904
pfet_05v0,fs,27,2.10,0.60u,4,rlin_at_50mV,0.05,0.00897773,5.56934,22.2773,2.05
pfet_05v0,fs,27,2.10,0.60u,8,drop_at_50mA,0.148067,0.05,2.96133,23.6907,1.95193
pfet_05v0,fs,27,2.10,0.60u,8,drop_at_100mA,0.33611,0.1,3.3611,26.8888,1.76389
pfet_05v0,fs,27,2.10,0.60u,8,rlin_at_50mV,0.05,0.0179555,2.78467,22.2773,2.05
pfet_05v0,fs,27,2.10,0.60u,16,drop_at_50mA,0.0705014,0.05,1.41003,22.5604,2.0295
pfet_05v0,fs,27,2.10,0.60u,16,drop_at_100mA,0.148067,0.1,1.48067,23.6907,1.95193
pfet_05v0,fs,27,2.10,0.60u,16,rlin_at_50mV,0.05,0.0359109,1.39233,22.2773,2.05
pfet_05v0,fs,27,2.10,1.00u,1,drop_at_50mA,10.5265,0.05,210.53,210.53,-8.4265
pfet_05v0,fs,27,2.10,1.00u,1,drop_at_100mA,12.0322,0.1,120.322,120.322,-9.93215
pfet_05v0,fs,27,2.10,1.00u,1,rlin_at_50mV,0.05,0.00129682,38.556,38.556,2.05
pfet_05v0,fs,27,2.10,1.00u,2,drop_at_50mA,9.01998,0.05,180.4,360.799,-6.91998
pfet_05v0,fs,27,2.10,1.00u,2,drop_at_100mA,10.5265,0.1,105.265,210.53,-8.4265
pfet_05v0,fs,27,2.10,1.00u,2,rlin_at_50mV,0.05,0.00259363,19.278,38.556,2.05
pfet_05v0,fs,27,2.10,1.00u,4,drop_at_50mA,2.53123,0.05,50.6246,202.498,-0.431228
pfet_05v0,fs,27,2.10,1.00u,4,drop_at_100mA,9.01998,0.1,90.1998,360.799,-6.91998
pfet_05v0,fs,27,2.10,1.00u,4,rlin_at_50mV,0.05,0.00518726,9.639,38.556,2.05
pfet_05v0,fs,27,2.10,1.00u,8,drop_at_50mA,0.280664,0.05,5.61327,44.9062,1.81934
pfet_05v0,fs,27,2.10,1.00u,8,drop_at_100mA,2.53123,0.1,25.3123,202.498,-0.431228
pfet_05v0,fs,27,2.10,1.00u,8,rlin_at_50mV,0.05,0.0103745,4.8195,38.556,2.05
pfet_05v0,fs,27,2.10,1.00u,16,drop_at_50mA,0.126457,0.05,2.52914,40.4663,1.97354
pfet_05v0,fs,27,2.10,1.00u,16,drop_at_100mA,0.280664,0.1,2.80664,44.9062,1.81934
pfet_05v0,fs,27,2.10,1.00u,16,rlin_at_50mV,0.05,0.020749,2.40975,38.556,2.05
pfet_05v0,fs,27,2.97,0.50u,1,drop_at_50mA,0.799632,0.05,15.9926,15.9926,2.17037
pfet_05v0,fs,27,2.97,0.50u,1,drop_at_100mA,8.3411,0.1,83.411,83.411,-5.3711
pfet_05v0,fs,27,2.97,0.50u,1,rlin_at_50mV,0.05,0.00428025,11.6816,11.6816,2.92
pfet_05v0,fs,27,2.97,0.50u,2,drop_at_50mA,0.325586,0.05,6.51173,13.0235,2.64441
pfet_05v0,fs,27,2.97,0.50u,2,drop_at_100mA,0.799632,0.1,7.99632,15.9926,2.17037
pfet_05v0,fs,27,2.97,0.50u,2,rlin_at_50mV,0.05,0.0085605,5.84078,11.6816,2.92
pfet_05v0,fs,27,2.97,0.50u,4,drop_at_50mA,0.151891,0.05,3.03782,12.1513,2.81811
pfet_05v0,fs,27,2.97,0.50u,4,drop_at_100mA,0.325586,0.1,3.25586,13.0235,2.64441
pfet_05v0,fs,27,2.97,0.50u,4,rlin_at_50mV,0.05,0.017121,2.92039,11.6816,2.92
pfet_05v0,fs,27,2.97,0.50u,8,drop_at_50mA,0.0736759,0.05,1.47352,11.7881,2.89632
pfet_05v0,fs,27,2.97,0.50u,8,drop_at_100mA,0.151891,0.1,1.51891,12.1513,2.81811
pfet_05v0,fs,27,2.97,0.50u,8,rlin_at_50mV,0.05,0.034242,1.46019,11.6816,2.92
pfet_05v0,fs,27,2.97,0.50u,16,drop_at_50mA,0.0363145,0.05,0.726289,11.6206,2.93369
pfet_05v0,fs,27,2.97,0.50u,16,drop_at_100mA,0.0736759,0.1,0.736759,11.7881,2.89632
pfet_05v0,fs,27,2.97,0.50u,16,rlin_at_50mV,0.05,0.068484,0.730097,11.6816,2.92
pfet_05v0,fs,27,2.97,0.60u,1,drop_at_50mA,1.13236,0.05,22.6471,22.6471,1.83764
pfet_05v0,fs,27,2.97,0.60u,1,drop_at_100mA,9.08731,0.1,90.8731,90.8731,-6.11731
pfet_05v0,fs,27,2.97,0.60u,1,rlin_at_50mV,0.05,0.00355444,14.0669,14.0669,2.92
pfet_05v0,fs,27,2.97,0.60u,2,drop_at_50mA,0.404401,0.05,8.08802,16.176,2.5656
pfet_05v0,fs,27,2.97,0.60u,2,drop_at_100mA,1.13236,0.1,11.3236,22.6471,1.83764
pfet_05v0,fs,27,2.97,0.60u,2,rlin_at_50mV,0.05,0.00710887,7.03346,14.0669,2.92
pfet_05v0,fs,27,2.97,0.60u,4,drop_at_50mA,0.185189,0.05,3.70377,14.8151,2.78481
pfet_05v0,fs,27,2.97,0.60u,4,drop_at_100mA,0.404401,0.1,4.04401,16.176,2.5656
pfet_05v0,fs,27,2.97,0.60u,4,rlin_at_50mV,0.05,0.0142177,3.51673,14.0669,2.92
pfet_05v0,fs,27,2.97,0.60u,8,drop_at_50mA,0.089235,0.05,1.7847,14.2776,2.88076
pfet_05v0,fs,27,2.97,0.60u,8,drop_at_100mA,0.185189,0.1,1.85189,14.8151,2.78481
pfet_05v0,fs,27,2.97,0.60u,8,rlin_at_50mV,0.05,0.0284355,1.75837,14.0669,2.92
pfet_05v0,fs,27,2.97,0.60u,16,drop_at_50mA,0.0438575,0.05,0.87715,14.0344,2.92614
pfet_05v0,fs,27,2.97,0.60u,16,drop_at_100mA,0.089235,0.1,0.89235,14.2776,2.88076
pfet_05v0,fs,27,2.97,0.60u,16,rlin_at_50mV,0.05,0.056871,0.879183,14.0669,2.92
pfet_05v0,fs,27,2.97,1.00u,1,drop_at_50mA,8.80349,0.05,176.07,176.07,-5.83349
pfet_05v0,fs,27,2.97,1.00u,1,drop_at_100mA,10.4941,0.1,104.941,104.941,-7.52409
pfet_05v0,fs,27,2.97,1.00u,1,rlin_at_50mV,0.05,0.00210495,23.7535,23.7535,2.92
pfet_05v0,fs,27,2.97,1.00u,2,drop_at_50mA,0.816017,0.05,16.3203,32.6407,2.15398
pfet_05v0,fs,27,2.97,1.00u,2,drop_at_100mA,8.80349,0.1,88.0349,176.07,-5.83349
pfet_05v0,fs,27,2.97,1.00u,2,rlin_at_50mV,0.05,0.0042099,11.8768,23.7535,2.92
pfet_05v0,fs,27,2.97,1.00u,4,drop_at_50mA,0.330541,0.05,6.61083,26.4433,2.63946
pfet_05v0,fs,27,2.97,1.00u,4,drop_at_100mA,0.816017,0.1,8.16017,32.6407,2.15398
pfet_05v0,fs,27,2.97,1.00u,4,rlin_at_50mV,0.05,0.00841981,5.93838,23.7535,2.92
pfet_05v0,fs,27,2.97,1.00u,8,drop_at_50mA,0.154341,0.05,3.08682,24.6946,2.81566
pfet_05v0,fs,27,2.97,1.00u,8,drop_at_100mA,0.330541,0.1,3.30541,26.4433,2.63946
pfet_05v0,fs,27,2.97,1.00u,8,rlin_at_50mV,0.05,0.0168396,2.96919,23.7535,2.92
pfet_05v0,fs,27,2.97,1.00u,16,drop_at_50mA,0.0749136,0.05,1.49827,23.9724,2.89509
pfet_05v0,fs,27,2.97,1.00u,16,drop_at_100mA,0.154341,0.1,1.54341,24.6946,2.81566
pfet_05v0,fs,27,2.97,1.00u,16,rlin_at_50mV,0.05,0.0336792,1.48459,23.7535,2.92
pfet_05v0,fs,27,3.30,0.50u,1,drop_at_50mA,0.64794,0.05,12.9588,12.9588,2.65206
pfet_05v0,fs,27,3.30,0.50u,1,drop_at_100mA,6.90835,0.1,69.0835,69.0835,-3.60835
pfet_05v0,fs,27,3.30,0.50u,1,rlin_at_50mV,0.05,0.00478007,10.4601,10.4601,3.25
pfet_05v0,fs,27,3.30,0.50u,2,drop_at_50mA,0.283473,0.05,5.66946,11.3389,3.01653
pfet_05v0,fs,27,3.30,0.50u,2,drop_at_100mA,0.64794,0.1,6.4794,12.9588,2.65206
pfet_05v0,fs,27,3.30,0.50u,2,rlin_at_50mV,0.05,0.00956014,5.23005,10.4601,3.25
pfet_05v0,fs,27,3.30,0.50u,4,drop_at_50mA,0.134576,0.05,2.69151,10.766,3.16542
pfet_05v0,fs,27,3.30,0.50u,4,drop_at_100mA,0.283473,0.1,2.83473,11.3389,3.01653
pfet_05v0,fs,27,3.30,0.50u,4,rlin_at_50mV,0.05,0.0191203,2.61503,10.4601,3.25
pfet_05v0,fs,27,3.30,0.50u,8,drop_at_50mA,0.0657249,0.05,1.3145,10.516,3.23428
pfet_05v0,fs,27,3.30,0.50u,8,drop_at_100mA,0.134576,0.1,1.34576,10.766,3.16542
pfet_05v0,fs,27,3.30,0.50u,8,rlin_at_50mV,0.05,0.0382405,1.30751,10.4601,3.25
pfet_05v0,fs,27,3.30,0.50u,16,drop_at_50mA,0.0324951,0.05,0.649902,10.3984,3.2675
pfet_05v0,fs,27,3.30,0.50u,16,drop_at_100mA,0.0657249,0.1,0.657249,10.516,3.23428
pfet_05v0,fs,27,3.30,0.50u,16,rlin_at_50mV,0.05,0.0764811,0.653756,10.4601,3.25
pfet_05v0,fs,27,3.30,0.60u,1,drop_at_50mA,0.833555,0.05,16.6711,16.6711,2.46644
pfet_05v0,fs,27,3.30,0.60u,1,drop_at_100mA,8.50317,0.1,85.0317,85.0317,-5.20317
pfet_05v0,fs,27,3.30,0.60u,1,rlin_at_50mV,0.05,0.00398214,12.5561,12.5561,3.25
pfet_05v0,fs,27,3.30,0.60u,2,drop_at_50mA,0.347538,0.05,6.95076,13.9015,2.95246
pfet_05v0,fs,27,3.30,0.60u,2,drop_at_100mA,0.833555,0.1,8.33555,16.6711,2.46644
pfet_05v0,fs,27,3.30,0.60u,2,rlin_at_50mV,0.05,0.00796428,6.27803,12.5561,3.25
pfet_05v0,fs,27,3.30,0.60u,4,drop_at_50mA,0.163019,0.05,3.26038,13.0415,3.13698
pfet_05v0,fs,27,3.30,0.60u,4,drop_at_100mA,0.347538,0.1,3.47538,13.9015,2.95246
pfet_05v0,fs,27,3.30,0.60u,4,rlin_at_50mV,0.05,0.0159286,3.13902,12.5561,3.25
pfet_05v0,fs,27,3.30,0.60u,8,drop_at_50mA,0.079243,0.05,1.58486,12.6789,3.22076
pfet_05v0,fs,27,3.30,0.60u,8,drop_at_100mA,0.163019,0.1,1.63019,13.0415,3.13698
pfet_05v0,fs,27,3.30,0.60u,8,rlin_at_50mV,0.05,0.0318571,1.56951,12.5561,3.25
pfet_05v0,fs,27,3.30,0.60u,16,drop_at_50mA,0.0390961,0.05,0.781922,12.5108,3.2609
pfet_05v0,fs,27,3.30,0.60u,16,drop_at_100mA,0.079243,0.1,0.79243,12.6789,3.22076
pfet_05v0,fs,27,3.30,0.60u,16,rlin_at_50mV,0.05,0.0637142,0.784754,12.5561,3.25
pfet_05v0,fs,27,3.30,1.00u,1,drop_at_50mA,7.84876,0.05,156.975,156.975,-4.54876
pfet_05v0,fs,27,3.30,1.00u,1,drop_at_100mA,10.1515,0.1,101.515,101.515,-6.85155
pfet_05v0,fs,27,3.30,1.00u,1,rlin_at_50mV,0.05,0.00237353,21.0657,21.0657,3.25
pfet_05v0,fs,27,3.30,1.00u,2,drop_at_50mA,0.647169,0.05,12.9434,25.8868,2.65283
pfet_05v0,fs,27,3.30,1.00u,2,drop_at_100mA,7.84876,0.1,78.4876,156.975,-4.54876
pfet_05v0,fs,27,3.30,1.00u,2,rlin_at_50mV,0.05,0.00474706,10.5328,21.0657,3.25
pfet_05v0,fs,27,3.30,1.00u,4,drop_at_50mA,0.284415,0.05,5.6883,22.7532,3.01558
pfet_05v0,fs,27,3.30,1.00u,4,drop_at_100mA,0.647169,0.1,6.47169,25.8868,2.65283
pfet_05v0,fs,27,3.30,1.00u,4,rlin_at_50mV,0.05,0.00949412,5.26642,21.0657,3.25
pfet_05v0,fs,27,3.30,1.00u,8,drop_at_50mA,0.135336,0.05,2.70673,21.6538,3.16466
pfet_05v0,fs,27,3.30,1.00u,8,drop_at_100mA,0.284415,0.1,2.84415,22.7532,3.01558
pfet_05v0,fs,27,3.30,1.00u,8,rlin_at_50mV,0.05,0.0189882,2.63321,21.0657,3.25
pfet_05v0,fs,27,3.30,1.00u,16,drop_at_50mA,0.0661718,0.05,1.32344,21.175,3.23383
pfet_05v0,fs,27,3.30,1.00u,16,drop_at_100mA,0.135336,0.1,1.35336,21.6538,3.16466
pfet_05v0,fs,27,3.30,1.00u,16,rlin_at_50mV,0.05,0.0379765,1.3166,21.0657,3.25
pfet_05v0,fs,27,3.63,0.50u,1,drop_at_50mA,0.560677,0.05,11.2135,11.2135,3.06932
pfet_05v0,fs,27,3.63,0.50u,1,drop_at_100mA,1.74818,0.1,17.4818,17.4818,1.88182
pfet_05v0,fs,27,3.63,0.50u,1,rlin_at_50mV,0.05,0.00524165,9.53898,9.53898,3.58
pfet_05v0,fs,27,3.63,0.50u,2,drop_at_50mA,0.253988,0.05,5.07976,10.1595,3.37601
pfet_05v0,fs,27,3.63,0.50u,2,drop_at_100mA,0.560677,0.1,5.60677,11.2135,3.06932
pfet_05v0,fs,27,3.63,0.50u,2,rlin_at_50mV,0.05,0.0104833,4.76949,9.53898,3.58
pfet_05v0,fs,27,3.63,0.50u,4,drop_at_50mA,0.121888,0.05,2.43776,9.75106,3.50811
pfet_05v0,fs,27,3.63,0.50u,4,drop_at_100mA,0.253988,0.1,2.53988,10.1595,3.37601
pfet_05v0,fs,27,3.63,0.50u,4,rlin_at_50mV,0.05,0.0209666,2.38474,9.53898,3.58
pfet_05v0,fs,27,3.63,0.50u,8,drop_at_50mA,0.0597967,0.05,1.19593,9.56747,3.5702
pfet_05v0,fs,27,3.63,0.50u,8,drop_at_100mA,0.121888,0.1,1.21888,9.75106,3.50811
pfet_05v0,fs,27,3.63,0.50u,8,rlin_at_50mV,0.05,0.0419332,1.19237,9.53898,3.58
pfet_05v0,fs,27,3.63,0.50u,16,drop_at_50mA,0.0296253,0.05,0.592507,9.48011,3.60037
pfet_05v0,fs,27,3.63,0.50u,16,drop_at_100mA,0.0597967,0.1,0.597967,9.56747,3.5702
pfet_05v0,fs,27,3.63,0.50u,16,rlin_at_50mV,0.05,0.0838665,0.596186,9.53898,3.58
pfet_05v0,fs,27,3.63,0.60u,1,drop_at_50mA,0.701083,0.05,14.0217,14.0217,2.92892
pfet_05v0,fs,27,3.63,0.60u,1,drop_at_100mA,7.22602,0.1,72.2602,72.2602,-3.59602
pfet_05v0,fs,27,3.63,0.60u,1,rlin_at_50mV,0.05,0.00437855,11.4193,11.4193,3.58
pfet_05v0,fs,27,3.63,0.60u,2,drop_at_50mA,0.308852,0.05,6.17705,12.3541,3.32115
pfet_05v0,fs,27,3.63,0.60u,2,drop_at_100mA,0.701083,0.1,7.01083,14.0217,2.92892
pfet_05v0,fs,27,3.63,0.60u,2,rlin_at_50mV,0.05,0.0087571,5.70965,11.4193,3.58
pfet_05v0,fs,27,3.63,0.60u,4,drop_at_50mA,0.14695,0.05,2.939,11.756,3.48305
pfet_05v0,fs,27,3.63,0.60u,4,drop_at_100mA,0.308852,0.1,3.08852,12.3541,3.32115
pfet_05v0,fs,27,3.63,0.60u,4,rlin_at_50mV,0.05,0.0175142,2.85483,11.4193,3.58
pfet_05v0,fs,27,3.63,0.60u,8,drop_at_50mA,0.0718364,0.05,1.43673,11.4938,3.55816
pfet_05v0,fs,27,3.63,0.60u,8,drop_at_100mA,0.14695,0.1,1.4695,11.756,3.48305
pfet_05v0,fs,27,3.63,0.60u,8,rlin_at_50mV,0.05,0.0350284,1.42741,11.4193,3.58
pfet_05v0,fs,27,3.63,0.60u,16,drop_at_50mA,0.0355323,0.05,0.710647,11.3704,3.59447
pfet_05v0,fs,27,3.63,0.60u,16,drop_at_100mA,0.0718364,0.1,0.718364,11.4938,3.55816
pfet_05v0,fs,27,3.63,0.60u,16,rlin_at_50mV,0.05,0.0700568,0.713707,11.4193,3.58
pfet_05v0,fs,27,3.63,1.00u,1,drop_at_50mA,1.68759,0.05,33.7519,33.7519,1.94241
pfet_05v0,fs,27,3.63,1.00u,1,drop_at_100mA,9.84441,0.1,98.4441,98.4441,-6.21441
pfet_05v0,fs,27,3.63,1.00u,1,rlin_at_50mV,0.05,0.00262437,19.0522,19.0522,3.58
pfet_05v0,fs,27,3.63,1.00u,2,drop_at_50mA,0.553872,0.05,11.0774,22.1549,3.07613
pfet_05v0,fs,27,3.63,1.00u,2,drop_at_100mA,1.68759,0.1,16.8759,33.7519,1.94241
pfet_05v0,fs,27,3.63,1.00u,2,rlin_at_50mV,0.05,0.00524874,9.52609,19.0522,3.58
pfet_05v0,fs,27,3.63,1.00u,4,drop_at_50mA,0.252534,0.05,5.05069,20.2027,3.37747
pfet_05v0,fs,27,3.63,1.00u,4,drop_at_100mA,0.553872,0.1,5.53872,22.1549,3.07613
pfet_05v0,fs,27,3.63,1.00u,4,rlin_at_50mV,0.05,0.0104975,4.76305,19.0522,3.58
pfet_05v0,fs,27,3.63,1.00u,8,drop_at_50mA,0.121533,0.05,2.43066,19.4453,3.50847
pfet_05v0,fs,27,3.63,1.00u,8,drop_at_100mA,0.252534,0.1,2.52534,20.2027,3.37747
pfet_05v0,fs,27,3.63,1.00u,8,rlin_at_50mV,0.05,0.020995,2.38152,19.0522,3.58
pfet_05v0,fs,27,3.63,1.00u,16,drop_at_50mA,0.0597022,0.05,1.19404,19.1047,3.5703
pfet_05v0,fs,27,3.63,1.00u,16,drop_at_100mA,0.121533,0.1,1.21533,19.4453,3.50847
pfet_05v0,fs,27,3.63,1.00u,16,rlin_at_50mV,0.05,0.0419899,1.19076,19.0522,3.58
pfet_05v0,fs,27,4.50,0.50u,1,drop_at_50mA,0.436245,0.05,8.72491,8.72491,4.06375
pfet_05v0,fs,27,4.50,0.50u,1,drop_at_100mA,1.01545,0.1,10.1545,10.1545,3.48455
pfet_05v0,fs,27,4.50,0.50u,1,rlin_at_50mV,0.05,0.00630656,7.92826,7.92826,4.45
pfet_05v0,fs,27,4.50,0.50u,2,drop_at_50mA,0.205922,0.05,4.11845,8.2369,4.29408
pfet_05v0,fs,27,4.50,0.50u,2,drop_at_100mA,0.436245,0.1,4.36245,8.72491,4.06375
pfet_05v0,fs,27,4.50,0.50u,2,rlin_at_50mV,0.05,0.0126131,3.96413,7.92826,4.45
pfet_05v0,fs,27,4.50,0.50u,4,drop_at_50mA,0.100326,0.05,2.00652,8.02607,4.39967
pfet_05v0,fs,27,4.50,0.50u,4,drop_at_100mA,0.205922,0.1,2.05922,8.2369,4.29408
pfet_05v0,fs,27,4.50,0.50u,4,rlin_at_50mV,0.05,0.0252262,1.98206,7.92826,4.45
pfet_05v0,fs,27,4.50,0.50u,8,drop_at_50mA,0.0495461,0.05,0.990923,7.92738,4.45045
pfet_05v0,fs,27,4.50,0.50u,8,drop_at_100mA,0.100326,0.1,1.00326,8.02607,4.39967
pfet_05v0,fs,27,4.50,0.50u,8,rlin_at_50mV,0.05,0.0504524,0.991032,7.92826,4.45
pfet_05v0,fs,27,4.50,0.50u,16,drop_at_50mA,0.0246237,0.05,0.492473,7.87957,4.47538
pfet_05v0,fs,27,4.50,0.50u,16,drop_at_100mA,0.0495461,0.1,0.495461,7.92738,4.45045
pfet_05v0,fs,27,4.50,0.50u,16,rlin_at_50mV,0.05,0.100905,0.495516,7.92826,4.45
pfet_05v0,fs,27,4.50,0.60u,1,drop_at_50mA,0.53016,0.05,10.6032,10.6032,3.96984
pfet_05v0,fs,27,4.50,0.60u,1,drop_at_100mA,1.29891,0.1,12.9891,12.9891,3.20109
pfet_05v0,fs,27,4.50,0.60u,1,rlin_at_50mV,0.05,0.00529775,9.43797,9.43797,4.45
pfet_05v0,fs,27,4.50,0.60u,2,drop_at_50mA,0.247307,0.05,4.94614,9.89228,4.25269
pfet_05v0,fs,27,4.50,0.60u,2,drop_at_100mA,0.53016,0.1,5.3016,10.6032,3.96984
pfet_05v0,fs,27,4.50,0.60u,2,rlin_at_50mV,0.05,0.0105955,4.71899,9.43797,4.45
pfet_05v0,fs,27,4.50,0.60u,4,drop_at_50mA,0.119942,0.05,2.39885,9.59539,4.38006
pfet_05v0,fs,27,4.50,0.60u,4,drop_at_100mA,0.247307,0.1,2.47307,9.89228,4.25269
pfet_05v0,fs,27,4.50,0.60u,4,rlin_at_50mV,0.05,0.021191,2.35949,9.43797,4.45
pfet_05v0,fs,27,4.50,0.60u,8,drop_at_50mA,0.0591142,0.05,1.18228,9.45827,4.44089
pfet_05v0,fs,27,4.50,0.60u,8,drop_at_100mA,0.119942,0.1,1.19942,9.59539,4.38006
pfet_05v0,fs,27,4.50,0.60u,8,rlin_at_50mV,0.05,0.042382,1.17975,9.43797,4.45
pfet_05v0,fs,27,4.50,0.60u,16,drop_at_50mA,0.0293507,0.05,0.587015,9.39223,4.47065
pfet_05v0,fs,27,4.50,0.60u,16,drop_at_100mA,0.0591142,0.1,0.591142,9.45827,4.44089
pfet_05v0,fs,27,4.50,0.60u,16,rlin_at_50mV,0.05,0.084764,0.589873,9.43797,4.45
pfet_05v0,fs,27,4.50,1.00u,1,drop_at_50mA,0.966992,0.05,19.3398,19.3398,3.53301
pfet_05v0,fs,27,4.50,1.00u,1,drop_at_100mA,8.74488,0.1,87.4488,87.4488,-4.24488
pfet_05v0,fs,27,4.50,1.00u,1,rlin_at_50mV,0.05,0.00321247,15.5644,15.5644,4.45
pfet_05v0,fs,27,4.50,1.00u,2,drop_at_50mA,0.423431,0.05,8.46862,16.9372,4.07657
pfet_05v0,fs,27,4.50,1.00u,2,drop_at_100mA,0.966992,0.1,9.66992,19.3398,3.53301
pfet_05v0,fs,27,4.50,1.00u,2,rlin_at_50mV,0.05,0.00642493,7.78218,15.5644,4.45
pfet_05v0,fs,27,4.50,1.00u,4,drop_at_50mA,0.201212,0.05,4.02424,16.097,4.29879
pfet_05v0,fs,27,4.50,1.00u,4,drop_at_100mA,0.423431,0.1,4.23431,16.9372,4.07657
pfet_05v0,fs,27,4.50,1.00u,4,rlin_at_50mV,0.05,0.0128499,3.89109,15.5644,4.45
pfet_05v0,fs,27,4.50,1.00u,8,drop_at_50mA,0.0983207,0.05,1.96641,15.7313,4.40168
pfet_05v0,fs,27,4.50,1.00u,8,drop_at_100mA,0.201212,0.1,2.01212,16.097,4.29879
pfet_05v0,fs,27,4.50,1.00u,8,rlin_at_50mV,0.05,0.0256997,1.94555,15.5644,4.45
pfet_05v0,fs,27,4.50,1.00u,16,drop_at_50mA,0.0486239,0.05,0.972478,15.5597,4.45138
pfet_05v0,fs,27,4.50,1.00u,16,drop_at_100mA,0.0983207,0.1,0.983207,15.7313,4.40168
pfet_05v0,fs,27,4.50,1.00u,16,rlin_at_50mV,0.05,0.0513995,0.972773,15.5644,4.45
pfet_05v0,fs,27,5.00,0.50u,1,drop_at_50mA,0.394783,0.05,7.89566,7.89566,4.60522
pfet_05v0,fs,27,5.00,0.50u,1,drop_at_100mA,0.883883,0.1,8.83883,8.83883,4.11612
pfet_05v0,fs,27,5.00,0.50u,1,rlin_at_50mV,0.05,0.00683659,7.31359,7.31359,4.95
pfet_05v0,fs,27,5.00,0.50u,2,drop_at_50mA,0.188501,0.05,3.77003,7.54005,4.8115
pfet_05v0,fs,27,5.00,0.50u,2,drop_at_100mA,0.394783,0.1,3.94783,7.89566,4.60522
pfet_05v0,fs,27,5.00,0.50u,2,rlin_at_50mV,0.05,0.0136732,3.65679,7.31359,4.95
pfet_05v0,fs,27,5.00,0.50u,4,drop_at_50mA,0.0922713,0.05,1.84543,7.3817,4.90773
pfet_05v0,fs,27,5.00,0.50u,4,drop_at_100mA,0.188501,0.1,1.88501,7.54005,4.8115
pfet_05v0,fs,27,5.00,0.50u,4,rlin_at_50mV,0.05,0.0273464,1.8284,7.31359,4.95
pfet_05v0,fs,27,5.00,0.50u,8,drop_at_50mA,0.0456666,0.05,0.913331,7.30665,4.95433
pfet_05v0,fs,27,5.00,0.50u,8,drop_at_100mA,0.0922713,0.1,0.922713,7.3817,4.90773
pfet_05v0,fs,27,5.00,0.50u,8,rlin_at_50mV,0.05,0.0546927,0.914198,7.31359,4.95
pfet_05v0,fs,27,5.00,0.50u,16,drop_at_50mA,0.022719,0.05,0.45438,7.27008,4.97728
pfet_05v0,fs,27,5.00,0.50u,16,drop_at_100mA,0.0456666,0.1,0.456666,7.30665,4.95433
pfet_05v0,fs,27,5.00,0.50u,16,rlin_at_50mV,0.05,0.109385,0.457099,7.31359,4.95
pfet_05v0,fs,27,5.00,0.60u,1,drop_at_50mA,0.476074,0.05,9.52148,9.52148,4.52393
pfet_05v0,fs,27,5.00,0.60u,1,drop_at_100mA,1.09753,0.1,10.9753,10.9753,3.90247
pfet_05v0,fs,27,5.00,0.60u,1,rlin_at_50mV,0.05,0.00575734,8.68457,8.68457,4.95
pfet_05v0,fs,27,5.00,0.60u,2,drop_at_50mA,0.225387,0.05,4.50774,9.01549,4.77461
pfet_05v0,fs,27,5.00,0.60u,2,drop_at_100mA,0.476074,0.1,4.76074,9.52148,4.52393
pfet_05v0,fs,27,5.00,0.60u,2,rlin_at_50mV,0.05,0.0115147,4.34228,8.68457,4.95
pfet_05v0,fs,27,5.00,0.60u,4,drop_at_50mA,0.109946,0.05,2.19891,8.79565,4.89005
pfet_05v0,fs,27,5.00,0.60u,4,drop_at_100mA,0.225387,0.1,2.25387,9.01549,4.77461
pfet_05v0,fs,27,5.00,0.60u,4,rlin_at_50mV,0.05,0.0230294,2.17114,8.68457,4.95
pfet_05v0,fs,27,5.00,0.60u,8,drop_at_50mA,0.0543282,0.05,1.08656,8.69252,4.94567
pfet_05v0,fs,27,5.00,0.60u,8,drop_at_100mA,0.109946,0.1,1.09946,8.79565,4.89005
pfet_05v0,fs,27,5.00,0.60u,8,rlin_at_50mV,0.05,0.0460587,1.08557,8.68457,4.95
pfet_05v0,fs,27,5.00,0.60u,16,drop_at_50mA,0.0270078,0.05,0.540156,8.6425,4.97299
pfet_05v0,fs,27,5.00,0.60u,16,drop_at_100mA,0.0543282,0.1,0.543282,8.69252,4.94567
pfet_05v0,fs,27,5.00,0.60u,16,rlin_at_50mV,0.05,0.0921174,0.542785,8.68457,4.95
pfet_05v0,fs,27,5.00,1.00u,1,drop_at_50mA,0.838033,0.05,16.7607,16.7607,4.16197
pfet_05v0,fs,27,5.00,1.00u,1,drop_at_100mA,2.71808,0.1,27.1808,27.1808,2.28192
pfet_05v0,fs,27,5.00,1.00u,1,rlin_at_50mV,0.05,0.00350947,14.2472,14.2472,4.95
pfet_05v0,fs,27,5.00,1.00u,2,drop_at_50mA,0.38049,0.05,7.60979,15.2196,4.61951
pfet_05v0,fs,27,5.00,1.00u,2,drop_at_100mA,0.838033,0.1,8.38033,16.7607,4.16197
pfet_05v0,fs,27,5.00,1.00u,2,rlin_at_50mV,0.05,0.00701895,7.12358,14.2472,4.95
pfet_05v0,fs,27,5.00,1.00u,4,drop_at_50mA,0.182816,0.05,3.65632,14.6253,4.81718
pfet_05v0,fs,27,5.00,1.00u,4,drop_at_100mA,0.38049,0.1,3.8049,15.2196,4.61951
pfet_05v0,fs,27,5.00,1.00u,4,rlin_at_50mV,0.05,0.0140379,3.56179,14.2472,4.95
pfet_05v0,fs,27,5.00,1.00u,8,drop_at_50mA,0.0897413,0.05,1.79483,14.3586,4.91026
pfet_05v0,fs,27,5.00,1.00u,8,drop_at_100mA,0.182816,0.1,1.82816,14.6253,4.81718
pfet_05v0,fs,27,5.00,1.00u,8,rlin_at_50mV,0.05,0.0280758,1.78089,14.2472,4.95
pfet_05v0,fs,27,5.00,1.00u,16,drop_at_50mA,0.0444743,0.05,0.889486,14.2318,4.95553
pfet_05v0,fs,27,5.00,1.00u,16,drop_at_100mA,0.0897413,0.1,0.897413,14.3586,4.91026
pfet_05v0,fs,27,5.00,1.00u,16,rlin_at_50mV,0.05,0.0561516,0.890447,14.2472,4.95
pfet_05v0,fs,27,5.50,0.50u,1,drop_at_50mA,0.36399,0.05,7.27981,7.27981,5.13601
pfet_05v0,fs,27,5.50,0.50u,1,drop_at_100mA,0.796339,0.1,7.96339,7.96339,4.70366
pfet_05v0,fs,27,5.50,0.50u,1,rlin_at_50mV,0.05,0.00731781,6.83264,6.83264,5.45
pfet_05v0,fs,27,5.50,0.50u,2,drop_at_50mA,0.175158,0.05,3.50317,7.00633,5.32484
pfet_05v0,fs,27,5.50,0.50u,2,drop_at_100mA,0.36399,0.1,3.6399,7.27981,5.13601
pfet_05v0,fs,27,5.50,0.50u,2,rlin_at_50mV,0.05,0.0146356,3.41632,6.83264,5.45
pfet_05v0,fs,27,5.50,0.50u,4,drop_at_50mA,0.0860255,0.05,1.72051,6.88204,5.41397
pfet_05v0,fs,27,5.50,0.50u,4,drop_at_100mA,0.175158,0.1,1.75158,7.00633,5.32484
pfet_05v0,fs,27,5.50,0.50u,4,rlin_at_50mV,0.05,0.0292713,1.70816,6.83264,5.45
pfet_05v0,fs,27,5.50,0.50u,8,drop_at_50mA,0.0426413,0.05,0.852826,6.82261,5.45736
pfet_05v0,fs,27,5.50,0.50u,8,drop_at_100mA,0.0860255,0.1,0.860255,6.88204,5.41397
pfet_05v0,fs,27,5.50,0.50u,8,rlin_at_50mV,0.05,0.0585425,0.85408,6.83264,5.45
pfet_05v0,fs,27,5.50,0.50u,16,drop_at_50mA,0.0212298,0.05,0.424596,6.79353,5.47877
pfet_05v0,fs,27,5.50,0.50u,16,drop_at_100mA,0.0426413,0.1,0.426413,6.82261,5.45736
pfet_05v0,fs,27,5.50,0.50u,16,rlin_at_50mV,0.05,0.117085,0.42704,6.83264,5.45
pfet_05v0,fs,27,5.50,0.60u,1,drop_at_50mA,0.436578,0.05,8.73156,8.73156,5.06342
pfet_05v0,fs,27,5.50,0.60u,1,drop_at_100mA,0.97422,0.1,9.7422,9.7422,4.52578
pfet_05v0,fs,27,5.50,0.60u,1,rlin_at_50mV,0.05,0.00617557,8.09642,8.09642,5.45
pfet_05v0,fs,27,5.50,0.60u,2,drop_at_50mA,0.208724,0.05,4.17447,8.34894,5.29128
pfet_05v0,fs,27,5.50,0.60u,2,drop_at_100mA,0.436578,0.1,4.36578,8.73156,5.06342
pfet_05v0,fs,27,5.50,0.60u,2,rlin_at_50mV,0.05,0.0123511,4.04821,8.09642,5.45
pfet_05v0,fs,27,5.50,0.60u,4,drop_at_50mA,0.102229,0.05,2.04458,8.1783,5.39777
pfet_05v0,fs,27,5.50,0.60u,4,drop_at_100mA,0.208724,0.1,2.08724,8.34894,5.29128
pfet_05v0,fs,27,5.50,0.60u,4,rlin_at_50mV,0.05,0.0247023,2.02411,8.09642,5.45
pfet_05v0,fs,27,5.50,0.60u,8,drop_at_50mA,0.0506086,0.05,1.01217,8.09737,5.44939
pfet_05v0,fs,27,5.50,0.60u,8,drop_at_100mA,0.102229,0.1,1.02229,8.1783,5.39777
pfet_05v0,fs,27,5.50,0.60u,8,rlin_at_50mV,0.05,0.0494045,1.01205,8.09642,5.45
pfet_05v0,fs,27,5.50,0.60u,16,drop_at_50mA,0.025181,0.05,0.50362,8.05792,5.47482
pfet_05v0,fs,27,5.50,0.60u,16,drop_at_100mA,0.0506086,0.1,0.506086,8.09737,5.44939
pfet_05v0,fs,27,5.50,0.60u,16,rlin_at_50mV,0.05,0.0988091,0.506026,8.09642,5.45
pfet_05v0,fs,27,5.50,1.00u,1,drop_at_50mA,0.752114,0.05,15.0423,15.0423,4.74789
pfet_05v0,fs,27,5.50,1.00u,1,drop_at_100mA,1.91381,0.1,19.1381,19.1381,3.58619
pfet_05v0,fs,27,5.50,1.00u,1,rlin_at_50mV,0.05,0.00378118,13.2234,13.2234,5.45
pfet_05v0,fs,27,5.50,1.00u,2,drop_at_50mA,0.348775,0.05,6.97549,13.951,5.15123
pfet_05v0,fs,27,5.50,1.00u,2,drop_at_100mA,0.752114,0.1,7.52114,15.0423,4.74789
pfet_05v0,fs,27,5.50,1.00u,2,rlin_at_50mV,0.05,0.00756235,6.6117,13.2234,5.45
pfet_05v0,fs,27,5.50,1.00u,4,drop_at_50mA,0.168815,0.05,3.3763,13.5052,5.33118
pfet_05v0,fs,27,5.50,1.00u,4,drop_at_100mA,0.348775,0.1,3.48775,13.951,5.15123
pfet_05v0,fs,27,5.50,1.00u,4,rlin_at_50mV,0.05,0.0151247,3.30585,13.2234,5.45
pfet_05v0,fs,27,5.50,1.00u,8,drop_at_50mA,0.0831314,0.05,1.66263,13.301,5.41687
pfet_05v0,fs,27,5.50,1.00u,8,drop_at_100mA,0.168815,0.1,1.68815,13.5052,5.33118
pfet_05v0,fs,27,5.50,1.00u,8,rlin_at_50mV,0.05,0.0302494,1.65293,13.2234,5.45
pfet_05v0,fs,27,5.50,1.00u,16,drop_at_50mA,0.0412595,0.05,0.82519,13.203,5.45874
pfet_05v0,fs,27,5.50,1.00u,16,drop_at_100mA,0.0831314,0.1,0.831314,13.301,5.41687
pfet_05v0,fs,27,5.50,1.00u,16,rlin_at_50mV,0.05,0.0604988,0.826463,13.2234,5.45
pfet_05v0,fs,125,2.10,0.50u,1,drop_at_50mA,8.82377,0.05,176.475,176.475,-6.72377
pfet_05v0,fs,125,2.10,0.50u,1,drop_at_100mA,10.3513,0.1,103.513,103.513,-8.25129
pfet_05v0,fs,125,2.10,0.50u,1,rlin_at_50mV,0.05,0.002123,23.5516,23.5516,2.05
pfet_05v0,fs,125,2.10,0.50u,2,drop_at_50mA,1.69545,0.05,33.9091,67.8181,0.404547
pfet_05v0,fs,125,2.10,0.50u,2,drop_at_100mA,8.82377,0.1,88.2377,176.475,-6.72377
pfet_05v0,fs,125,2.10,0.50u,2,rlin_at_50mV,0.05,0.004246,11.7758,23.5516,2.05
pfet_05v0,fs,125,2.10,0.50u,4,drop_at_50mA,0.344829,0.05,6.89658,27.5863,1.75517
pfet_05v0,fs,125,2.10,0.50u,4,drop_at_100mA,1.69545,0.1,16.9545,67.8181,0.404547
pfet_05v0,fs,125,2.10,0.50u,4,rlin_at_50mV,0.05,0.008492,5.88789,23.5516,2.05
pfet_05v0,fs,125,2.10,0.50u,8,drop_at_50mA,0.155405,0.05,3.10809,24.8647,1.9446
pfet_05v0,fs,125,2.10,0.50u,8,drop_at_100mA,0.344829,0.1,3.44829,27.5863,1.75517
pfet_05v0,fs,125,2.10,0.50u,8,rlin_at_50mV,0.05,0.016984,2.94395,23.5516,2.05
pfet_05v0,fs,125,2.10,0.50u,16,drop_at_50mA,0.074518,0.05,1.49036,23.8458,2.02548
pfet_05v0,fs,125,2.10,0.50u,16,drop_at_100mA,0.155405,0.1,1.55405,24.8647,1.9446
pfet_05v0,fs,125,2.10,0.50u,16,rlin_at_50mV,0.05,0.033968,1.47197,23.5516,2.05
pfet_05v0,fs,125,2.10,0.60u,1,drop_at_50mA,9.48683,0.05,189.737,189.737,-7.38683
pfet_05v0,fs,125,2.10,0.60u,1,drop_at_100mA,10.9398,0.1,109.398,109.398,-8.83977
pfet_05v0,fs,125,2.10,0.60u,1,rlin_at_50mV,0.05,0.0017444,28.6631,28.6631,2.05
pfet_05v0,fs,125,2.10,0.60u,2,drop_at_50mA,7.23549,0.05,144.71,289.42,-5.13549
pfet_05v0,fs,125,2.10,0.60u,2,drop_at_100mA,9.48683,0.1,94.8683,189.737,-7.38683
pfet_05v0,fs,125,2.10,0.60u,2,rlin_at_50mV,0.05,0.00348881,14.3316,28.6631,2.05
pfet_05v0,fs,125,2.10,0.60u,4,drop_at_50mA,0.447991,0.05,8.95982,35.8393,1.65201
pfet_05v0,fs,125,2.10,0.60u,4,drop_at_100mA,7.23549,0.1,72.3549,289.42,-5.13549
pfet_05v0,fs,125,2.10,0.60u,4,rlin_at_50mV,0.05,0.00697761,7.16578,28.6631,2.05
pfet_05v0,fs,125,2.10,0.60u,8,drop_at_50mA,0.193222,0.05,3.86445,30.9156,1.90678
pfet_05v0,fs,125,2.10,0.60u,8,drop_at_100mA,0.447991,0.1,4.47991,35.8393,1.65201
pfet_05v0,fs,125,2.10,0.60u,8,rlin_at_50mV,0.05,0.0139552,3.58289,28.6631,2.05
pfet_05v0,fs,125,2.10,0.60u,16,drop_at_50mA,0.0915133,0.05,1.83027,29.2843,2.00849
pfet_05v0,fs,125,2.10,0.60u,16,drop_at_100mA,0.193222,0.1,1.93222,30.9156,1.90678
pfet_05v0,fs,125,2.10,0.60u,16,rlin_at_50mV,0.05,0.0279104,1.79144,28.6631,2.05
pfet_05v0,fs,125,2.10,1.00u,1,drop_at_50mA,10.913,0.05,218.259,218.259,-8.81297
pfet_05v0,fs,125,2.10,1.00u,1,drop_at_100mA,12.4468,0.1,124.468,124.468,-10.3468
pfet_05v0,fs,125,2.10,1.00u,1,rlin_at_50mV,0.05,0.00101137,49.4377,49.4377,2.05
pfet_05v0,fs,125,2.10,1.00u,2,drop_at_50mA,9.43553,0.05,188.711,377.421,-7.33553
pfet_05v0,fs,125,2.10,1.00u,2,drop_at_100mA,10.913,0.1,109.13,218.259,-8.81297
pfet_05v0,fs,125,2.10,1.00u,2,rlin_at_50mV,0.05,0.00202275,24.7188,49.4377,2.05
pfet_05v0,fs,125,2.10,1.00u,4,drop_at_50mA,7.00039,0.05,140.008,560.031,-4.90039
pfet_05v0,fs,125,2.10,1.00u,4,drop_at_100mA,9.43553,0.1,94.3553,377.421,-7.33553
pfet_05v0,fs,125,2.10,1.00u,4,rlin_at_50mV,0.05,0.0040455,12.3594,49.4377,2.05
pfet_05v0,fs,125,2.10,1.00u,8,drop_at_50mA,0.371964,0.05,7.43928,59.5143,1.72804
pfet_05v0,fs,125,2.10,1.00u,8,drop_at_100mA,7.00039,0.1,70.0039,560.031,-4.90039
pfet_05v0,fs,125,2.10,1.00u,8,rlin_at_50mV,0.05,0.00809099,6.17971,49.4377,2.05
pfet_05v0,fs,125,2.10,1.00u,16,drop_at_50mA,0.164442,0.05,3.28884,52.6214,1.93556
pfet_05v0,fs,125,2.10,1.00u,16,drop_at_100mA,0.371964,0.1,3.71964,59.5143,1.72804
pfet_05v0,fs,125,2.10,1.00u,16,rlin_at_50mV,0.05,0.016182,3.08986,49.4377,2.05
pfet_05v0,fs,125,2.97,0.50u,1,drop_at_50mA,1.18531,0.05,23.7063,23.7063,1.78469
pfet_05v0,fs,125,2.97,0.50u,1,drop_at_100mA,9.0684,0.1,90.684,90.684,-6.0984
pfet_05v0,fs,125,2.97,0.50u,1,rlin_at_50mV,0.05,0.00323079,15.4761,15.4761,2.92
pfet_05v0,fs,125,2.97,0.50u,2,drop_at_50mA,0.441689,0.05,8.83377,17.6675,2.52831
pfet_05v0,fs,125,2.97,0.50u,2,drop_at_100mA,1.18531,0.1,11.8531,23.7063,1.78469
pfet_05v0,fs,125,2.97,0.50u,2,rlin_at_50mV,0.05,0.00646159,7.73804,15.4761,2.92
pfet_05v0,fs,125,2.97,0.50u,4,drop_at_50mA,0.20345,0.05,4.069,16.276,2.76655
pfet_05v0,fs,125,2.97,0.50u,4,drop_at_100mA,0.441689,0.1,4.41689,17.6675,2.52831
pfet_05v0,fs,125,2.97,0.50u,4,rlin_at_50mV,0.05,0.0129232,3.86902,15.4761,2.92
pfet_05v0,fs,125,2.97,0.50u,8,drop_at_50mA,0.0982515,0.05,1.96503,15.7202,2.87175
pfet_05v0,fs,125,2.97,0.50u,8,drop_at_100mA,0.20345,0.1,2.0345,16.276,2.76655
pfet_05v0,fs,125,2.97,0.50u,8,rlin_at_50mV,0.05,0.0258463,1.93451,15.4761,2.92
pfet_05v0,fs,125,2.97,0.50u,16,drop_at_50mA,0.0483368,0.05,0.966736,15.4678,2.92166
pfet_05v0,fs,125,2.97,0.50u,16,drop_at_100mA,0.0982515,0.1,0.982515,15.7202,2.87175
pfet_05v0,fs,125,2.97,0.50u,16,rlin_at_50mV,0.05,0.0516927,0.967255,15.4761,2.92
pfet_05v0,fs,125,2.97,0.60u,1,drop_at_50mA,3.68575,0.05,73.7151,73.7151,-0.715753
pfet_05v0,fs,125,2.97,0.60u,1,drop_at_100mA,9.70375,0.1,97.0375,97.0375,-6.73375
pfet_05v0,fs,125,2.97,0.60u,1,rlin_at_50mV,0.05,0.00267991,18.6574,18.6574,2.92
pfet_05v0,fs,125,2.97,0.60u,2,drop_at_50mA,0.555316,0.05,11.1063,22.2126,2.41468
pfet_05v0,fs,125,2.97,0.60u,2,drop_at_100mA,3.68575,0.1,36.8575,73.7151,-0.715753
pfet_05v0,fs,125,2.97,0.60u,2,rlin_at_50mV,0.05,0.00535982,9.32868,18.6574,2.92
pfet_05v0,fs,125,2.97,0.60u,4,drop_at_50mA,0.249119,0.05,4.98237,19.9295,2.72088
pfet_05v0,fs,125,2.97,0.60u,4,drop_at_100mA,0.555316,0.1,5.55316,22.2126,2.41468
pfet_05v0,fs,125,2.97,0.60u,4,rlin_at_50mV,0.05,0.0107196,4.66434,18.6574,2.92
pfet_05v0,fs,125,2.97,0.60u,8,drop_at_50mA,0.119271,0.05,2.38541,19.0833,2.85073
pfet_05v0,fs,125,2.97,0.60u,8,drop_at_100mA,0.249119,0.1,2.49119,19.9295,2.72088
pfet_05v0,fs,125,2.97,0.60u,8,rlin_at_50mV,0.05,0.0214393,2.33217,18.6574,2.92
pfet_05v0,fs,125,2.97,0.60u,16,drop_at_50mA,0.0584641,0.05,1.16928,18.7085,2.91154
pfet_05v0,fs,125,2.97,0.60u,16,drop_at_100mA,0.119271,0.1,1.19271,19.0833,2.85073
pfet_05v0,fs,125,2.97,0.60u,16,rlin_at_50mV,0.05,0.0428785,1.16608,18.6574,2.92
pfet_05v0,fs,125,2.97,1.00u,1,drop_at_50mA,9.50462,0.05,190.092,190.092,-6.53462
pfet_05v0,fs,125,2.97,1.00u,1,drop_at_100mA,11.051,0.1,110.51,110.51,-8.08098
pfet_05v0,fs,125,2.97,1.00u,1,rlin_at_50mV,0.05,0.00158388,31.5681,31.5681,2.92
pfet_05v0,fs,125,2.97,1.00u,2,drop_at_50mA,1.30784,0.05,26.1569,52.3138,1.66216
pfet_05v0,fs,125,2.97,1.00u,2,drop_at_100mA,9.50462,0.1,95.0462,190.092,-6.53462
pfet_05v0,fs,125,2.97,1.00u,2,rlin_at_50mV,0.05,0.00316775,15.7841,31.5681,2.92
pfet_05v0,fs,125,2.97,1.00u,4,drop_at_50mA,0.45348,0.05,9.06961,36.2784,2.51652
pfet_05v0,fs,125,2.97,1.00u,4,drop_at_100mA,1.30784,0.1,13.0784,52.3138,1.66216
pfet_05v0,fs,125,2.97,1.00u,4,rlin_at_50mV,0.05,0.0063355,7.89203,31.5681,2.92
pfet_05v0,fs,125,2.97,1.00u,8,drop_at_50mA,0.207928,0.05,4.15855,33.2684,2.76207
pfet_05v0,fs,125,2.97,1.00u,8,drop_at_100mA,0.45348,0.1,4.5348,36.2784,2.51652
pfet_05v0,fs,125,2.97,1.00u,8,rlin_at_50mV,0.05,0.012671,3.94602,31.5681,2.92
pfet_05v0,fs,125,2.97,1.00u,16,drop_at_50mA,0.100286,0.05,2.00573,32.0917,2.86971
pfet_05v0,fs,125,2.97,1.00u,16,drop_at_100mA,0.207928,0.1,2.07928,33.2684,2.76207
pfet_05v0,fs,125,2.97,1.00u,16,rlin_at_50mV,0.05,0.025342,1.97301,31.5681,2.92
pfet_05v0,fs,125,3.30,0.50u,1,drop_at_50mA,0.907261,0.05,18.1452,18.1452,2.39274
pfet_05v0,fs,125,3.30,0.50u,1,drop_at_100mA,8.45382,0.1,84.5382,84.5382,-5.15382
pfet_05v0,fs,125,3.30,0.50u,1,rlin_at_50mV,0.05,0.0036045,13.8716,13.8716,3.25
pfet_05v0,fs,125,3.30,0.50u,2,drop_at_50mA,0.382596,0.05,7.65192,15.3038,2.9174
pfet_05v0,fs,125,3.30,0.50u,2,drop_at_100mA,0.907261,0.1,9.07261,18.1452,2.39274
pfet_05v0,fs,125,3.30,0.50u,2,rlin_at_50mV,0.05,0.007209,6.93578,13.8716,3.25
pfet_05v0,fs,125,3.30,0.50u,4,drop_at_50mA,0.180045,0.05,3.6009,14.4036,3.11996
pfet_05v0,fs,125,3.30,0.50u,4,drop_at_100mA,0.382596,0.1,3.82596,15.3038,2.9174
pfet_05v0,fs,125,3.30,0.50u,4,rlin_at_50mV,0.05,0.014418,3.46789,13.8716,3.25
pfet_05v0,fs,125,3.30,0.50u,8,drop_at_50mA,0.0876382,0.05,1.75276,14.0221,3.21236
pfet_05v0,fs,125,3.30,0.50u,8,drop_at_100mA,0.180045,0.1,1.80045,14.4036,3.11996
pfet_05v0,fs,125,3.30,0.50u,8,rlin_at_50mV,0.05,0.028836,1.73394,13.8716,3.25
pfet_05v0,fs,125,3.30,0.50u,16,drop_at_50mA,0.0432653,0.05,0.865307,13.8449,3.25673
pfet_05v0,fs,125,3.30,0.50u,16,drop_at_100mA,0.0876382,0.1,0.876382,14.0221,3.21236
pfet_05v0,fs,125,3.30,0.50u,16,rlin_at_50mV,0.05,0.057672,0.866972,13.8716,3.25
pfet_05v0,fs,125,3.30,0.60u,1,drop_at_50mA,1.22923,0.05,24.5846,24.5846,2.07077
pfet_05v0,fs,125,3.30,0.60u,1,drop_at_100mA,9.30468,0.1,93.0468,93.0468,-6.00468
pfet_05v0,fs,125,3.30,0.60u,1,rlin_at_50mV,0.05,0.00299698,16.6835,16.6835,3.25
pfet_05v0,fs,125,3.30,0.60u,2,drop_at_50mA,0.473263,0.05,9.46525,18.9305,2.82674
pfet_05v0,fs,125,3.30,0.60u,2,drop_at_100mA,1.22923,0.1,12.2923,24.5846,2.07077
pfet_05v0,fs,125,3.30,0.60u,2,rlin_at_50mV,0.05,0.00599396,8.34173,16.6835,3.25
pfet_05v0,fs,125,3.30,0.60u,4,drop_at_50mA,0.219027,0.05,4.38054,17.5222,3.08097
pfet_05v0,fs,125,3.30,0.60u,4,drop_at_100mA,0.473263,0.1,4.73263,18.9305,2.82674
pfet_05v0,fs,125,3.30,0.60u,4,rlin_at_50mV,0.05,0.0119879,4.17087,16.6835,3.25
pfet_05v0,fs,125,3.30,0.60u,8,drop_at_50mA,0.105958,0.05,2.11916,16.9533,3.19404
pfet_05v0,fs,125,3.30,0.60u,8,drop_at_100mA,0.219027,0.1,2.19027,17.5222,3.08097
pfet_05v0,fs,125,3.30,0.60u,8,rlin_at_50mV,0.05,0.0239758,2.08543,16.6835,3.25
pfet_05v0,fs,125,3.30,0.60u,16,drop_at_50mA,0.0521681,0.05,1.04336,16.6938,3.24783
pfet_05v0,fs,125,3.30,0.60u,16,drop_at_100mA,0.105958,0.1,1.05958,16.9533,3.19404
pfet_05v0,fs,125,3.30,0.60u,16,rlin_at_50mV,0.05,0.0479517,1.04272,16.6835,3.25
pfet_05v0,fs,125,3.30,1.00u,1,drop_at_50mA,8.99639,0.05,179.928,179.928,-5.69639
pfet_05v0,fs,125,3.30,1.00u,1,drop_at_100mA,10.7548,0.1,107.548,107.548,-7.4548
pfet_05v0,fs,125,3.30,1.00u,1,rlin_at_50mV,0.05,0.00177991,28.0913,28.0913,3.25
pfet_05v0,fs,125,3.30,1.00u,2,drop_at_50mA,0.93038,0.05,18.6076,37.2152,2.36962
pfet_05v0,fs,125,3.30,1.00u,2,drop_at_100mA,8.99639,0.1,89.9639,179.928,-5.69639
pfet_05v0,fs,125,3.30,1.00u,2,rlin_at_50mV,0.05,0.00355983,14.0456,28.0913,3.25
pfet_05v0,fs,125,3.30,1.00u,4,drop_at_50mA,0.388137,0.05,7.76275,31.051,2.91186
pfet_05v0,fs,125,3.30,1.00u,4,drop_at_100mA,0.93038,0.1,9.3038,37.2152,2.36962
pfet_05v0,fs,125,3.30,1.00u,4,rlin_at_50mV,0.05,0.00711965,7.02281,28.0913,3.25
pfet_05v0,fs,125,3.30,1.00u,8,drop_at_50mA,0.182411,0.05,3.64821,29.1857,3.11759
pfet_05v0,fs,125,3.30,1.00u,8,drop_at_100mA,0.388137,0.1,3.88137,31.051,2.91186
pfet_05v0,fs,125,3.30,1.00u,8,rlin_at_50mV,0.05,0.0142393,3.51141,28.0913,3.25
pfet_05v0,fs,125,3.30,1.00u,16,drop_at_50mA,0.0887616,0.05,1.77523,28.4037,3.21124
pfet_05v0,fs,125,3.30,1.00u,16,drop_at_100mA,0.182411,0.1,1.82411,29.1857,3.11759
pfet_05v0,fs,125,3.30,1.00u,16,rlin_at_50mV,0.05,0.0284786,1.7557,28.0913,3.25
pfet_05v0,fs,125,3.63,0.50u,1,drop_at_50mA,0.769617,0.05,15.3923,15.3923,2.86038
pfet_05v0,fs,125,3.63,0.50u,1,drop_at_100mA,6.36255,0.1,63.6255,63.6255,-2.73255
pfet_05v0,fs,125,3.63,0.50u,1,rlin_at_50mV,0.05,0.00395747,12.6343,12.6343,3.58
pfet_05v0,fs,125,3.63,0.50u,2,drop_at_50mA,0.34105,0.05,6.821,13.642,3.28895
pfet_05v0,fs,125,3.63,0.50u,2,drop_at_100mA,0.769617,0.1,7.69617,15.3923,2.86038
pfet_05v0,fs,125,3.63,0.50u,2,rlin_at_50mV,0.05,0.00791494,6.31716,12.6343,3.58
pfet_05v0,fs,125,3.63,0.50u,4,drop_at_50mA,0.162614,0.05,3.25228,13.0091,3.46739
pfet_05v0,fs,125,3.63,0.50u,4,drop_at_100mA,0.34105,0.1,3.4105,13.642,3.28895
pfet_05v0,fs,125,3.63,0.50u,4,rlin_at_50mV,0.05,0.0158299,3.15858,12.6343,3.58
pfet_05v0,fs,125,3.63,0.50u,8,drop_at_50mA,0.0795687,0.05,1.59137,12.731,3.55043
pfet_05v0,fs,125,3.63,0.50u,8,drop_at_100mA,0.162614,0.1,1.62614,13.0091,3.46739
pfet_05v0,fs,125,3.63,0.50u,8,rlin_at_50mV,0.05,0.0316598,1.57929,12.6343,3.58
pfet_05v0,fs,125,3.63,0.50u,16,drop_at_50mA,0.0393746,0.05,0.787493,12.5999,3.59063
pfet_05v0,fs,125,3.63,0.50u,16,drop_at_100mA,0.0795687,0.1,0.795687,12.731,3.55043
pfet_05v0,fs,125,3.63,0.50u,16,rlin_at_50mV,0.05,0.0633196,0.789645,12.6343,3.58
pfet_05v0,fs,125,3.63,0.60u,1,drop_at_50mA,0.986126,0.05,19.7225,19.7225,2.64387
pfet_05v0,fs,125,3.63,0.60u,1,drop_at_100mA,8.79398,0.1,87.9398,87.9398,-5.16398
pfet_05v0,fs,125,3.63,0.60u,1,rlin_at_50mV,0.05,0.0032971,15.1649,15.1649,3.58
pfet_05v0,fs,125,3.63,0.60u,2,drop_at_50mA,0.417873,0.05,8.35745,16.7149,3.21213
pfet_05v0,fs,125,3.63,0.60u,2,drop_at_100mA,0.986126,0.1,9.86126,19.7225,2.64387
pfet_05v0,fs,125,3.63,0.60u,2,rlin_at_50mV,0.05,0.00659419,7.58243,15.1649,3.58
pfet_05v0,fs,125,3.63,0.60u,4,drop_at_50mA,0.196914,0.05,3.93827,15.7531,3.43309
pfet_05v0,fs,125,3.63,0.60u,4,drop_at_100mA,0.417873,0.1,4.17873,16.7149,3.21213
pfet_05v0,fs,125,3.63,0.60u,4,rlin_at_50mV,0.05,0.0131884,3.79121,15.1649,3.58
pfet_05v0,fs,125,3.63,0.60u,8,drop_at_50mA,0.0959035,0.05,1.91807,15.3446,3.5341
pfet_05v0,fs,125,3.63,0.60u,8,drop_at_100mA,0.196914,0.1,1.96914,15.7531,3.43309
pfet_05v0,fs,125,3.63,0.60u,8,rlin_at_50mV,0.05,0.0263768,1.89561,15.1649,3.58
pfet_05v0,fs,125,3.63,0.60u,16,drop_at_50mA,0.0473582,0.05,0.947164,15.1546,3.58264
pfet_05v0,fs,125,3.63,0.60u,16,drop_at_100mA,0.0959035,0.1,0.959035,15.3446,3.5341
pfet_05v0,fs,125,3.63,0.60u,16,rlin_at_50mV,0.05,0.0527536,0.947803,15.1649,3.58
pfet_05v0,fs,125,3.63,1.00u,1,drop_at_50mA,8.13197,0.05,162.639,162.639,-4.50197
pfet_05v0,fs,125,3.63,1.00u,1,drop_at_100mA,10.5086,0.1,105.086,105.086,-6.87856
pfet_05v0,fs,125,3.63,1.00u,1,rlin_at_50mV,0.05,0.00196634,25.428,25.428,3.58
pfet_05v0,fs,125,3.63,1.00u,2,drop_at_50mA,0.77571,0.05,15.5142,31.0284,2.85429
pfet_05v0,fs,125,3.63,1.00u,2,drop_at_100mA,8.13197,0.1,81.3197,162.639,-4.50197
pfet_05v0,fs,125,3.63,1.00u,2,rlin_at_50mV,0.05,0.00393268,12.714,25.428,3.58
pfet_05v0,fs,125,3.63,1.00u,4,drop_at_50mA,0.343099,0.05,6.86199,27.4479,3.2869
pfet_05v0,fs,125,3.63,1.00u,4,drop_at_100mA,0.77571,0.1,7.7571,31.0284,2.85429
pfet_05v0,fs,125,3.63,1.00u,4,rlin_at_50mV,0.05,0.00786536,6.35699,25.428,3.58
pfet_05v0,fs,125,3.63,1.00u,8,drop_at_50mA,0.16361,0.05,3.27221,26.1777,3.46639
pfet_05v0,fs,125,3.63,1.00u,8,drop_at_100mA,0.343099,0.1,3.43099,27.4479,3.2869
pfet_05v0,fs,125,3.63,1.00u,8,rlin_at_50mV,0.05,0.0157307,3.1785,25.428,3.58
pfet_05v0,fs,125,3.63,1.00u,16,drop_at_50mA,0.0800705,0.05,1.60141,25.6225,3.54993
pfet_05v0,fs,125,3.63,1.00u,16,drop_at_100mA,0.16361,0.1,1.6361,26.1777,3.46639
pfet_05v0,fs,125,3.63,1.00u,16,rlin_at_50mV,0.05,0.0314614,1.58925,25.428,3.58
pfet_05v0,fs,125,4.50,0.50u,1,drop_at_50mA,0.582445,0.05,11.6489,11.6489,3.91755
pfet_05v0,fs,125,4.50,0.50u,1,drop_at_100mA,1.41504,0.1,14.1504,14.1504,3.08496
pfet_05v0,fs,125,4.50,0.50u,1,rlin_at_50mV,0.05,0.00480592,10.4038,10.4038,4.45
pfet_05v0,fs,125,4.50,0.50u,2,drop_at_50mA,0.272419,0.05,5.44838,10.8968,4.22758
pfet_05v0,fs,125,4.50,0.50u,2,drop_at_100mA,0.582445,0.1,5.82445,11.6489,3.91755
pfet_05v0,fs,125,4.50,0.50u,2,rlin_at_50mV,0.05,0.00961184,5.20192,10.4038,4.45
pfet_05v0,fs,125,4.50,0.50u,4,drop_at_50mA,0.132275,0.05,2.64549,10.582,4.36773
pfet_05v0,fs,125,4.50,0.50u,4,drop_at_100mA,0.272419,0.1,2.72419,10.8968,4.22758
pfet_05v0,fs,125,4.50,0.50u,4,rlin_at_50mV,0.05,0.0192237,2.60096,10.4038,4.45
pfet_05v0,fs,125,4.50,0.50u,8,drop_at_50mA,0.0652278,0.05,1.30456,10.4364,4.43477
pfet_05v0,fs,125,4.50,0.50u,8,drop_at_100mA,0.132275,0.1,1.32275,10.582,4.36773
pfet_05v0,fs,125,4.50,0.50u,8,rlin_at_50mV,0.05,0.0384474,1.30048,10.4038,4.45
pfet_05v0,fs,125,4.50,0.50u,16,drop_at_50mA,0.0323948,0.05,0.647896,10.3663,4.46761
pfet_05v0,fs,125,4.50,0.50u,16,drop_at_100mA,0.0652278,0.1,0.652278,10.4364,4.43477
pfet_05v0,fs,125,4.50,0.50u,16,rlin_at_50mV,0.05,0.0768947,0.65024,10.4038,4.45
pfet_05v0,fs,125,4.50,0.60u,1,drop_at_50mA,0.716101,0.05,14.322,14.322,3.7839
pfet_05v0,fs,125,4.50,0.60u,1,drop_at_100mA,1.93633,0.1,19.3633,19.3633,2.56367
pfet_05v0,fs,125,4.50,0.60u,1,rlin_at_50mV,0.05,0.00402084,12.4352,12.4352,4.45
pfet_05v0,fs,125,4.50,0.60u,2,drop_at_50mA,0.329322,0.05,6.58643,13.1729,4.17068
pfet_05v0,fs,125,4.50,0.60u,2,drop_at_100mA,0.716101,0.1,7.16101,14.322,3.7839
pfet_05v0,fs,125,4.50,0.60u,2,rlin_at_50mV,0.05,0.00804168,6.21761,12.4352,4.45
pfet_05v0,fs,125,4.50,0.60u,4,drop_at_50mA,0.158932,0.05,3.17864,12.7146,4.34107
pfet_05v0,fs,125,4.50,0.60u,4,drop_at_100mA,0.329322,0.1,3.29322,13.1729,4.17068
pfet_05v0,fs,125,4.50,0.60u,4,rlin_at_50mV,0.05,0.0160834,3.1088,12.4352,4.45
pfet_05v0,fs,125,4.50,0.60u,8,drop_at_50mA,0.0781654,0.05,1.56331,12.5065,4.42183
pfet_05v0,fs,125,4.50,0.60u,8,drop_at_100mA,0.158932,0.1,1.58932,12.7146,4.34107
pfet_05v0,fs,125,4.50,0.60u,8,rlin_at_50mV,0.05,0.0321667,1.5544,12.4352,4.45
pfet_05v0,fs,125,4.50,0.60u,16,drop_at_50mA,0.0387719,0.05,0.775437,12.407,4.46123
pfet_05v0,fs,125,4.50,0.60u,16,drop_at_100mA,0.0781654,0.1,0.781654,12.5065,4.42183
pfet_05v0,fs,125,4.50,0.60u,16,rlin_at_50mV,0.05,0.0643334,0.777201,12.4352,4.45
pfet_05v0,fs,125,4.50,1.00u,1,drop_at_50mA,1.38922,0.05,27.7845,27.7845,3.11078
pfet_05v0,fs,125,4.50,1.00u,1,drop_at_100mA,9.88083,0.1,98.8083,98.8083,-5.38083
pfet_05v0,fs,125,4.50,1.00u,1,rlin_at_50mV,0.05,0.00241917,20.6683,20.6683,4.45
pfet_05v0,fs,125,4.50,1.00u,2,drop_at_50mA,0.575539,0.05,11.5108,23.0215,3.92446
pfet_05v0,fs,125,4.50,1.00u,2,drop_at_100mA,1.38922,0.1,13.8922,27.7845,3.11078
pfet_05v0,fs,125,4.50,1.00u,2,rlin_at_50mV,0.05,0.00483833,10.3341,20.6683,4.45
pfet_05v0,fs,125,4.50,1.00u,4,drop_at_50mA,0.269979,0.05,5.39959,21.5983,4.23002
pfet_05v0,fs,125,4.50,1.00u,4,drop_at_100mA,0.575539,0.1,5.75539,23.0215,3.92446
pfet_05v0,fs,125,4.50,1.00u,4,rlin_at_50mV,0.05,0.00967666,5.16707,20.6683,4.45
pfet_05v0,fs,125,4.50,1.00u,8,drop_at_50mA,0.131271,0.05,2.62543,21.0034,4.36873
pfet_05v0,fs,125,4.50,1.00u,8,drop_at_100mA,0.269979,0.1,2.69979,21.5983,4.23002
pfet_05v0,fs,125,4.50,1.00u,8,rlin_at_50mV,0.05,0.0193533,2.58354,20.6683,4.45
pfet_05v0,fs,125,4.50,1.00u,16,drop_at_50mA,0.0647766,0.05,1.29553,20.7285,4.43522
pfet_05v0,fs,125,4.50,1.00u,16,drop_at_100mA,0.131271,0.1,1.31271,21.0034,4.36873
pfet_05v0,fs,125,4.50,1.00u,16,rlin_at_50mV,0.05,0.0387067,1.29177,20.6683,4.45
pfet_05v0,fs,125,5.00,0.50u,1,drop_at_50mA,0.520663,0.05,10.4133,10.4133,4.47934
pfet_05v0,fs,125,5.00,0.50u,1,drop_at_100mA,1.19319,0.1,11.9319,11.9319,3.80681
pfet_05v0,fs,125,5.00,0.50u,1,rlin_at_50mV,0.05,0.00524961,9.52452,9.52452,4.95
pfet_05v0,fs,125,5.00,0.50u,2,drop_at_50mA,0.247039,0.05,4.94078,9.88157,4.75296
pfet_05v0,fs,125,5.00,0.50u,2,drop_at_100mA,0.520663,0.1,5.20663,10.4133,4.47934
pfet_05v0,fs,125,5.00,0.50u,2,rlin_at_50mV,0.05,0.0104992,4.76226,9.52452,4.95
pfet_05v0,fs,125,5.00,0.50u,4,drop_at_50mA,0.120627,0.05,2.41254,9.65016,4.87937
pfet_05v0,fs,125,5.00,0.50u,4,drop_at_100mA,0.247039,0.1,2.47039,9.88157,4.75296
pfet_05v0,fs,125,5.00,0.50u,4,rlin_at_50mV,0.05,0.0209984,2.38113,9.52452,4.95
pfet_05v0,fs,125,5.00,0.50u,8,drop_at_50mA,0.0596344,0.05,1.19269,9.54151,4.94037
pfet_05v0,fs,125,5.00,0.50u,8,drop_at_100mA,0.120627,0.1,1.20627,9.65016,4.87937
pfet_05v0,fs,125,5.00,0.50u,8,rlin_at_50mV,0.05,0.0419969,1.19056,9.52452,4.95
pfet_05v0,fs,125,5.00,0.50u,16,drop_at_50mA,0.0296525,0.05,0.593049,9.48879,4.97035
pfet_05v0,fs,125,5.00,0.50u,16,drop_at_100mA,0.0596344,0.1,0.596344,9.54151,4.94037
pfet_05v0,fs,125,5.00,0.50u,16,rlin_at_50mV,0.05,0.0839938,0.595282,9.52452,4.95
pfet_05v0,fs,125,5.00,0.60u,1,drop_at_50mA,0.634038,0.05,12.6808,12.6808,4.36596
pfet_05v0,fs,125,5.00,0.60u,1,drop_at_100mA,1.52482,0.1,15.2482,15.2482,3.47518
pfet_05v0,fs,125,5.00,0.60u,1,rlin_at_50mV,0.05,0.00440053,11.3623,11.3623,4.95
pfet_05v0,fs,125,5.00,0.60u,2,drop_at_50mA,0.297297,0.05,5.94593,11.8919,4.7027
pfet_05v0,fs,125,5.00,0.60u,2,drop_at_100mA,0.634038,0.1,6.34038,12.6808,4.36596
pfet_05v0,fs,125,5.00,0.60u,2,rlin_at_50mV,0.05,0.00880107,5.68113,11.3623,4.95
pfet_05v0,fs,125,5.00,0.60u,4,drop_at_50mA,0.1445,0.05,2.89001,11.56,4.8555
pfet_05v0,fs,125,5.00,0.60u,4,drop_at_100mA,0.297297,0.1,2.97297,11.8919,4.7027
pfet_05v0,fs,125,5.00,0.60u,4,rlin_at_50mV,0.05,0.0176021,2.84057,11.3623,4.95
pfet_05v0,fs,125,5.00,0.60u,8,drop_at_50mA,0.0712896,0.05,1.42579,11.4063,4.92871
pfet_05v0,fs,125,5.00,0.60u,8,drop_at_100mA,0.1445,0.1,1.445,11.56,4.8555
pfet_05v0,fs,125,5.00,0.60u,8,rlin_at_50mV,0.05,0.0352043,1.42028,11.3623,4.95
pfet_05v0,fs,125,5.00,0.60u,16,drop_at_50mA,0.0354132,0.05,0.708264,11.3322,4.96459
pfet_05v0,fs,125,5.00,0.60u,16,drop_at_100mA,0.0712896,0.1,0.712896,11.4063,4.92871
pfet_05v0,fs,125,5.00,0.60u,16,rlin_at_50mV,0.05,0.0704085,0.710141,11.3623,4.95
pfet_05v0,fs,125,5.00,1.00u,1,drop_at_50mA,1.16081,0.05,23.2161,23.2161,3.83919
pfet_05v0,fs,125,5.00,1.00u,1,drop_at_100mA,9.23758,0.1,92.3758,92.3758,-4.23758
pfet_05v0,fs,125,5.00,1.00u,1,rlin_at_50mV,0.05,0.00265844,18.808,18.808,4.95
pfet_05v0,fs,125,5.00,1.00u,2,drop_at_50mA,0.511002,0.05,10.22,20.4401,4.489
pfet_05v0,fs,125,5.00,1.00u,2,drop_at_100mA,1.16081,0.1,11.6081,23.2161,3.83919
pfet_05v0,fs,125,5.00,1.00u,2,rlin_at_50mV,0.05,0.00531688,9.404,18.808,4.95
pfet_05v0,fs,125,5.00,1.00u,4,drop_at_50mA,0.24329,0.05,4.8658,19.4632,4.75671
pfet_05v0,fs,125,5.00,1.00u,4,drop_at_100mA,0.511002,0.1,5.11002,20.4401,4.489
pfet_05v0,fs,125,5.00,1.00u,4,rlin_at_50mV,0.05,0.0106338,4.702,18.808,4.95
pfet_05v0,fs,125,5.00,1.00u,8,drop_at_50mA,0.118983,0.05,2.37966,19.0373,4.88102
pfet_05v0,fs,125,5.00,1.00u,8,drop_at_100mA,0.24329,0.1,2.4329,19.4632,4.75671
pfet_05v0,fs,125,5.00,1.00u,8,rlin_at_50mV,0.05,0.0212675,2.351,18.808,4.95
pfet_05v0,fs,125,5.00,1.00u,16,drop_at_50mA,0.0588663,0.05,1.17733,18.8372,4.94113
pfet_05v0,fs,125,5.00,1.00u,16,drop_at_100mA,0.118983,0.1,1.18983,19.0373,4.88102
pfet_05v0,fs,125,5.00,1.00u,16,rlin_at_50mV,0.05,0.0425351,1.1755,18.808,4.95
pfet_05v0,fs,125,5.50,0.50u,1,drop_at_50mA,0.4745,0.05,9.49,9.49,5.0255
pfet_05v0,fs,125,5.50,0.50u,1,drop_at_100mA,1.05354,0.1,10.5354,10.5354,4.44646
pfet_05v0,fs,125,5.50,0.50u,1,rlin_at_50mV,0.05,0.00566752,8.8222,8.8222,5.45
pfet_05v0,fs,125,5.50,0.50u,2,drop_at_50mA,0.227302,0.05,4.54604,9.09208,5.2727
pfet_05v0,fs,125,5.50,0.50u,2,drop_at_100mA,0.4745,0.1,4.745,9.49,5.0255
pfet_05v0,fs,125,5.50,0.50u,2,rlin_at_50mV,0.05,0.011335,4.4111,8.8222,5.45
pfet_05v0,fs,125,5.50,0.50u,4,drop_at_50mA,0.111429,0.05,2.22858,8.91431,5.38857
pfet_05v0,fs,125,5.50,0.50u,4,drop_at_100mA,0.227302,0.1,2.27302,9.09208,5.2727
pfet_05v0,fs,125,5.50,0.50u,4,rlin_at_50mV,0.05,0.0226701,2.20555,8.8222,5.45
pfet_05v0,fs,125,5.50,0.50u,8,drop_at_50mA,0.055187,0.05,1.10374,8.82992,5.44481
pfet_05v0,fs,125,5.50,0.50u,8,drop_at_100mA,0.111429,0.1,1.11429,8.91431,5.38857
pfet_05v0,fs,125,5.50,0.50u,8,rlin_at_50mV,0.05,0.0453402,1.10278,8.8222,5.45
pfet_05v0,fs,125,5.50,0.50u,16,drop_at_50mA,0.0274649,0.05,0.549298,8.78878,5.47254
pfet_05v0,fs,125,5.50,0.50u,16,drop_at_100mA,0.055187,0.1,0.55187,8.82992,5.44481
pfet_05v0,fs,125,5.50,0.50u,16,rlin_at_50mV,0.05,0.0906803,0.551388,8.8222,5.45
pfet_05v0,fs,125,5.50,0.60u,1,drop_at_50mA,0.574154,0.05,11.4831,11.4831,4.92585
pfet_05v0,fs,125,5.50,0.60u,1,drop_at_100mA,1.3134,0.1,13.134,13.134,4.1866
pfet_05v0,fs,125,5.50,0.60u,1,rlin_at_50mV,0.05,0.00475886,10.5067,10.5067,5.45
pfet_05v0,fs,125,5.50,0.60u,2,drop_at_50mA,0.272612,0.05,5.45223,10.9045,5.22739
pfet_05v0,fs,125,5.50,0.60u,2,drop_at_100mA,0.574154,0.1,5.74154,11.4831,4.92585
pfet_05v0,fs,125,5.50,0.60u,2,rlin_at_50mV,0.05,0.00951773,5.25335,10.5067,5.45
pfet_05v0,fs,125,5.50,0.60u,4,drop_at_50mA,0.133157,0.05,2.66313,10.6525,5.36684
pfet_05v0,fs,125,5.50,0.60u,4,drop_at_100mA,0.272612,0.1,2.72612,10.9045,5.22739
pfet_05v0,fs,125,5.50,0.60u,4,rlin_at_50mV,0.05,0.0190355,2.62668,10.5067,5.45
pfet_05v0,fs,125,5.50,0.60u,8,drop_at_50mA,0.065839,0.05,1.31678,10.5342,5.43416
pfet_05v0,fs,125,5.50,0.60u,8,drop_at_100mA,0.133157,0.1,1.33157,10.6525,5.36684
pfet_05v0,fs,125,5.50,0.60u,8,rlin_at_50mV,0.05,0.0380709,1.31334,10.5067,5.45
pfet_05v0,fs,125,5.50,0.60u,16,drop_at_50mA,0.0327401,0.05,0.654802,10.4768,5.46726
pfet_05v0,fs,125,5.50,0.60u,16,drop_at_100mA,0.065839,0.1,0.65839,10.5342,5.43416
pfet_05v0,fs,125,5.50,0.60u,16,rlin_at_50mV,0.05,0.0761418,0.656669,10.5067,5.45
pfet_05v0,fs,125,5.50,1.00u,1,drop_at_50mA,1.01918,0.05,20.3836,20.3836,4.48082
pfet_05v0,fs,125,5.50,1.00u,1,drop_at_100mA,3.48806,0.1,34.8806,34.8806,2.01194
pfet_05v0,fs,125,5.50,1.00u,1,rlin_at_50mV,0.05,0.00288526,17.3295,17.3295,5.45
pfet_05v0,fs,125,5.50,1.00u,2,drop_at_50mA,0.463148,0.05,9.26296,18.5259,5.03685
pfet_05v0,fs,125,5.50,1.00u,2,drop_at_100mA,1.01918,0.1,10.1918,20.3836,4.48082
pfet_05v0,fs,125,5.50,1.00u,2,rlin_at_50mV,0.05,0.00577051,8.66474,17.3295,5.45
pfet_05v0,fs,125,5.50,1.00u,4,drop_at_50mA,0.222657,0.05,4.45314,17.8126,5.27734
pfet_05v0,fs,125,5.50,1.00u,4,drop_at_100mA,0.463148,0.1,4.63148,18.5259,5.03685
pfet_05v0,fs,125,5.50,1.00u,4,rlin_at_50mV,0.05,0.011541,4.33237,17.3295,5.45
pfet_05v0,fs,125,5.50,1.00u,8,drop_at_50mA,0.10933,0.05,2.18661,17.4929,5.39067
pfet_05v0,fs,125,5.50,1.00u,8,drop_at_100mA,0.222657,0.1,2.22657,17.8126,5.27734
pfet_05v0,fs,125,5.50,1.00u,8,rlin_at_50mV,0.05,0.0230821,2.16618,17.3295,5.45
pfet_05v0,fs,125,5.50,1.00u,16,drop_at_50mA,0.0541904,0.05,1.08381,17.3409,5.44581
pfet_05v0,fs,125,5.50,1.00u,16,drop_at_100mA,0.10933,0.1,1.0933,17.4929,5.39067
pfet_05v0,fs,125,5.50,1.00u,16,rlin_at_50mV,0.05,0.0461641,1.08309,17.3295,5.45
pfet_05v0,sf,-40,2.10,0.50u,1,drop_at_50mA,1.12641,0.05,22.5282,22.5282,0.973589
pfet_05v0,sf,-40,2.10,0.50u,1,drop_at_100mA,8.47533,0.1,84.7533,84.7533,-6.37533
pfet_05v0,sf,-40,2.10,0.50u,1,rlin_at_50mV,0.05,0.00510846,9.78769,9.78769,2.05
pfet_05v0,sf,-40,2.10,0.50u,2,drop_at_50mA,0.287393,0.05,5.74786,11.4957,1.81261
pfet_05v0,sf,-40,2.10,0.50u,2,drop_at_100mA,1.12641,0.1,11.2641,22.5282,0.973589
pfet_05v0,sf,-40,2.10,0.50u,2,rlin_at_50mV,0.05,0.0102169,4.89385,9.78769,2.05
pfet_05v0,sf,-40,2.10,0.50u,4,drop_at_50mA,0.128882,0.05,2.57764,10.3106,1.97112
pfet_05v0,sf,-40,2.10,0.50u,4,drop_at_100mA,0.287393,0.1,2.87393,11.4957,1.81261
pfet_05v0,sf,-40,2.10,0.50u,4,rlin_at_50mV,0.05,0.0204338,2.44692,9.78769,2.05
pfet_05v0,sf,-40,2.10,0.50u,8,drop_at_50mA,0.0616397,0.05,1.23279,9.86235,2.03836
pfet_05v0,sf,-40,2.10,0.50u,8,drop_at_100mA,0.128882,0.1,1.28882,10.3106,1.97112
pfet_05v0,sf,-40,2.10,0.50u,8,rlin_at_50mV,0.05,0.0408676,1.22346,9.78769,2.05
pfet_05v0,sf,-40,2.10,0.50u,16,drop_at_50mA,0.0301955,0.05,0.603909,9.66255,2.0698
pfet_05v0,sf,-40,2.10,0.50u,16,drop_at_100mA,0.0616397,0.1,0.616397,9.86235,2.03836
pfet_05v0,sf,-40,2.10,0.50u,16,rlin_at_50mV,0.05,0.0817353,0.611731,9.78769,2.05
pfet_05v0,sf,-40,2.10,0.60u,1,drop_at_50mA,6.79539,0.05,135.908,135.908,-4.69539
pfet_05v0,sf,-40,2.10,0.60u,1,drop_at_100mA,9.2387,0.1,92.387,92.387,-7.1387
pfet_05v0,sf,-40,2.10,0.60u,1,rlin_at_50mV,0.05,0.00407414,12.2725,12.2725,2.05
pfet_05v0,sf,-40,2.10,0.60u,2,drop_at_50mA,0.385725,0.05,7.71449,15.429,1.71428
pfet_05v0,sf,-40,2.10,0.60u,2,drop_at_100mA,6.79539,0.1,67.9539,135.908,-4.69539
pfet_05v0,sf,-40,2.10,0.60u,2,rlin_at_50mV,0.05,0.00814828,6.13627,12.2725,2.05
pfet_05v0,sf,-40,2.10,0.60u,4,drop_at_50mA,0.165386,0.05,3.30771,13.2308,1.93461
pfet_05v0,sf,-40,2.10,0.60u,4,drop_at_100mA,0.385725,0.1,3.85725,15.429,1.71428
pfet_05v0,sf,-40,2.10,0.60u,4,rlin_at_50mV,0.05,0.0162966,3.06813,12.2725,2.05
pfet_05v0,sf,-40,2.10,0.60u,8,drop_at_50mA,0.0780973,0.05,1.56195,12.4956,2.0219
pfet_05v0,sf,-40,2.10,0.60u,8,drop_at_100mA,0.165386,0.1,1.65386,13.2308,1.93461
pfet_05v0,sf,-40,2.10,0.60u,8,rlin_at_50mV,0.05,0.0325931,1.53407,12.2725,2.05
pfet_05v0,sf,-40,2.10,0.60u,16,drop_at_50mA,0.0380614,0.05,0.761228,12.1796,2.06194
pfet_05v0,sf,-40,2.10,0.60u,16,drop_at_100mA,0.0780973,0.1,0.780973,12.4956,2.0219
pfet_05v0,sf,-40,2.10,0.60u,16,rlin_at_50mV,0.05,0.0651862,0.767033,12.2725,2.05
pfet_05v0,sf,-40,2.10,1.00u,1,drop_at_50mA,9.31684,0.05,186.337,186.337,-7.21684
pfet_05v0,sf,-40,2.10,1.00u,1,drop_at_100mA,10.7946,0.1,107.946,107.946,-8.69457
pfet_05v0,sf,-40,2.10,1.00u,1,rlin_at_50mV,0.05,0.00222708,22.4509,22.4509,2.05
pfet_05v0,sf,-40,2.10,1.00u,2,drop_at_50mA,6.86634,0.05,137.327,274.654,-4.76634
pfet_05v0,sf,-40,2.10,1.00u,2,drop_at_100mA,9.31684,0.1,93.1684,186.337,-7.21684
pfet_05v0,sf,-40,2.10,1.00u,2,rlin_at_50mV,0.05,0.00445415,11.2255,22.4509,2.05
pfet_05v0,sf,-40,2.10,1.00u,4,drop_at_50mA,0.340227,0.05,6.80453,27.2181,1.75977
pfet_05v0,sf,-40,2.10,1.00u,4,drop_at_100mA,6.86634,0.1,68.6634,274.654,-4.76634
pfet_05v0,sf,-40,2.10,1.00u,4,rlin_at_50mV,0.05,0.00890831,5.61274,22.4509,2.05
pfet_05v0,sf,-40,2.10,1.00u,8,drop_at_50mA,0.149411,0.05,2.98821,23.9057,1.95059
pfet_05v0,sf,-40,2.10,1.00u,8,drop_at_100mA,0.340227,0.1,3.40227,27.2181,1.75977
pfet_05v0,sf,-40,2.10,1.00u,8,rlin_at_50mV,0.05,0.0178166,2.80637,22.4509,2.05
pfet_05v0,sf,-40,2.10,1.00u,16,drop_at_50mA,0.071082,0.05,1.42164,22.7462,2.02892
pfet_05v0,sf,-40,2.10,1.00u,16,drop_at_100mA,0.149411,0.1,1.49411,23.9057,1.95059
pfet_05v0,sf,-40,2.10,1.00u,16,rlin_at_50mV,0.05,0.0356332,1.40318,22.4509,2.05
pfet_05v0,sf,-40,2.97,0.50u,1,drop_at_50mA,0.38688,0.05,7.7376,7.7376,2.58312
pfet_05v0,sf,-40,2.97,0.50u,1,drop_at_100mA,1.09002,0.1,10.9002,10.9002,1.87998
pfet_05v0,sf,-40,2.97,0.50u,1,rlin_at_50mV,0.05,0.00749988,6.66677,6.66677,2.92
pfet_05v0,sf,-40,2.97,0.50u,2,drop_at_50mA,0.176069,0.05,3.52139,7.04277,2.79393
pfet_05v0,sf,-40,2.97,0.50u,2,drop_at_100mA,0.38688,0.1,3.8688,7.7376,2.58312
pfet_05v0,sf,-40,2.97,0.50u,2,rlin_at_50mV,0.05,0.0149998,3.33339,6.66677,2.92
pfet_05v0,sf,-40,2.97,0.50u,4,drop_at_50mA,0.0845906,0.05,1.69181,6.76725,2.88541
pfet_05v0,sf,-40,2.97,0.50u,4,drop_at_100mA,0.176069,0.1,1.76069,7.04277,2.79393
pfet_05v0,sf,-40,2.97,0.50u,4,rlin_at_50mV,0.05,0.0299995,1.66669,6.66677,2.92
pfet_05v0,sf,-40,2.97,0.50u,8,drop_at_50mA,0.0415152,0.05,0.830303,6.64243,2.92848
pfet_05v0,sf,-40,2.97,0.50u,8,drop_at_100mA,0.0845906,0.1,0.845906,6.76725,2.88541
pfet_05v0,sf,-40,2.97,0.50u,8,rlin_at_50mV,0.05,0.059999,0.833347,6.66677,2.92
pfet_05v0,sf,-40,2.97,0.50u,16,drop_at_50mA,0.0205713,0.05,0.411426,6.58282,2.94943
pfet_05v0,sf,-40,2.97,0.50u,16,drop_at_100mA,0.0415152,0.1,0.415152,6.64243,2.92848
pfet_05v0,sf,-40,2.97,0.50u,16,rlin_at_50mV,0.05,0.119998,0.416673,6.66677,2.92
pfet_05v0,sf,-40,2.97,0.60u,1,drop_at_50mA,0.498501,0.05,9.97001,9.97001,2.4715
pfet_05v0,sf,-40,2.97,0.60u,1,drop_at_100mA,4.41094,0.1,44.1094,44.1094,-1.44094
pfet_05v0,sf,-40,2.97,0.60u,1,rlin_at_50mV,0.05,0.00608613,8.2154,8.2154,2.92
pfet_05v0,sf,-40,2.97,0.60u,2,drop_at_50mA,0.220643,0.05,4.41287,8.82573,2.74936
pfet_05v0,sf,-40,2.97,0.60u,2,drop_at_100mA,0.498501,0.1,4.98501,9.97001,2.4715
pfet_05v0,sf,-40,2.97,0.60u,2,rlin_at_50mV,0.05,0.0121723,4.1077,8.2154,2.92
pfet_05v0,sf,-40,2.97,0.60u,4,drop_at_50mA,0.10507,0.05,2.10139,8.40558,2.86493
pfet_05v0,sf,-40,2.97,0.60u,4,drop_at_100mA,0.220643,0.1,2.20643,8.82573,2.74936
pfet_05v0,sf,-40,2.97,0.60u,4,rlin_at_50mV,0.05,0.0243445,2.05385,8.2154,2.92
pfet_05v0,sf,-40,2.97,0.60u,8,drop_at_50mA,0.0513755,0.05,1.02751,8.22007,2.91862
pfet_05v0,sf,-40,2.97,0.60u,8,drop_at_100mA,0.10507,0.1,1.0507,8.40558,2.86493
pfet_05v0,sf,-40,2.97,0.60u,8,rlin_at_50mV,0.05,0.0486891,1.02692,8.2154,2.92
pfet_05v0,sf,-40,2.97,0.60u,16,drop_at_50mA,0.0254139,0.05,0.508279,8.13246,2.94459
pfet_05v0,sf,-40,2.97,0.60u,16,drop_at_100mA,0.0513755,0.1,0.513755,8.22007,2.91862
pfet_05v0,sf,-40,2.97,0.60u,16,rlin_at_50mV,0.05,0.0973781,0.513462,8.2154,2.92
pfet_05v0,sf,-40,2.97,1.00u,1,drop_at_50mA,1.28506,0.05,25.7012,25.7012,1.68494
pfet_05v0,sf,-40,2.97,1.00u,1,drop_at_100mA,9.36616,0.1,93.6616,93.6616,-6.39616
pfet_05v0,sf,-40,2.97,1.00u,1,rlin_at_50mV,0.05,0.00343824,14.5423,14.5423,2.92
pfet_05v0,sf,-40,2.97,1.00u,2,drop_at_50mA,0.421954,0.05,8.43908,16.8782,2.54805
pfet_05v0,sf,-40,2.97,1.00u,2,drop_at_100mA,1.28506,0.1,12.8506,25.7012,1.68494
pfet_05v0,sf,-40,2.97,1.00u,2,rlin_at_50mV,0.05,0.00687649,7.27115,14.5423,2.92
pfet_05v0,sf,-40,2.97,1.00u,4,drop_at_50mA,0.192089,0.05,3.84179,15.3672,2.77791
pfet_05v0,sf,-40,2.97,1.00u,4,drop_at_100mA,0.421954,0.1,4.21954,16.8782,2.54805
pfet_05v0,sf,-40,2.97,1.00u,4,rlin_at_50mV,0.05,0.013753,3.63558,14.5423,2.92
pfet_05v0,sf,-40,2.97,1.00u,8,drop_at_50mA,0.0923782,0.05,1.84756,14.7805,2.87762
pfet_05v0,sf,-40,2.97,1.00u,8,drop_at_100mA,0.192089,0.1,1.92089,15.3672,2.77791
pfet_05v0,sf,-40,2.97,1.00u,8,rlin_at_50mV,0.05,0.0275059,1.81779,14.5423,2.92
pfet_05v0,sf,-40,2.97,1.00u,16,drop_at_50mA,0.0453645,0.05,0.90729,14.5166,2.92464
pfet_05v0,sf,-40,2.97,1.00u,16,drop_at_100mA,0.0923782,0.1,0.923782,14.7805,2.87762
pfet_05v0,sf,-40,2.97,1.00u,16,rlin_at_50mV,0.05,0.0550119,0.908894,14.5423,2.92
pfet_05v0,sf,-40,3.30,0.50u,1,drop_at_50mA,0.340173,0.05,6.80347,6.80347,2.95983
pfet_05v0,sf,-40,3.30,0.50u,1,drop_at_100mA,0.834793,0.1,8.34793,8.34793,2.46521
pfet_05v0,sf,-40,3.30,0.50u,1,rlin_at_50mV,0.05,0.00823566,6.07116,6.07116,3.25
pfet_05v0,sf,-40,3.30,0.50u,2,drop_at_50mA,0.1583,0.05,3.166,6.33199,3.1417
pfet_05v0,sf,-40,3.30,0.50u,2,drop_at_100mA,0.340173,0.1,3.40173,6.80347,2.95983
pfet_05v0,sf,-40,3.30,0.50u,2,rlin_at_50mV,0.05,0.0164713,3.03558,6.07116,3.25
pfet_05v0,sf,-40,3.30,0.50u,4,drop_at_50mA,0.0766764,0.05,1.53353,6.13411,3.22332
pfet_05v0,sf,-40,3.30,0.50u,4,drop_at_100mA,0.1583,0.1,1.583,6.33199,3.1417
pfet_05v0,sf,-40,3.30,0.50u,4,rlin_at_50mV,0.05,0.0329427,1.51779,6.07116,3.25
pfet_05v0,sf,-40,3.30,0.50u,8,drop_at_50mA,0.037766,0.05,0.75532,6.04256,3.26223
pfet_05v0,sf,-40,3.30,0.50u,8,drop_at_100mA,0.0766764,0.1,0.766764,6.13411,3.22332
pfet_05v0,sf,-40,3.30,0.50u,8,rlin_at_50mV,0.05,0.0658853,0.758894,6.07116,3.25
pfet_05v0,sf,-40,3.30,0.50u,16,drop_at_50mA,0.0187451,0.05,0.374902,5.99843,3.28125
pfet_05v0,sf,-40,3.30,0.50u,16,drop_at_100mA,0.037766,0.1,0.37766,6.04256,3.26223
pfet_05v0,sf,-40,3.30,0.50u,16,rlin_at_50mV,0.05,0.131771,0.379447,6.07116,3.25
pfet_05v0,sf,-40,3.30,0.60u,1,drop_at_50mA,0.430083,0.05,8.60167,8.60167,2.86992
pfet_05v0,sf,-40,3.30,0.60u,1,drop_at_100mA,1.17819,0.1,11.7819,11.7819,2.12181
pfet_05v0,sf,-40,3.30,0.60u,1,rlin_at_50mV,0.05,0.00671354,7.44763,7.44763,3.25
pfet_05v0,sf,-40,3.30,0.60u,2,drop_at_50mA,0.196637,0.05,3.93275,7.8655,3.10336
pfet_05v0,sf,-40,3.30,0.60u,2,drop_at_100mA,0.430083,0.1,4.30083,8.60167,2.86992
pfet_05v0,sf,-40,3.30,0.60u,2,rlin_at_50mV,0.05,0.0134271,3.72382,7.44763,3.25
pfet_05v0,sf,-40,3.30,0.60u,4,drop_at_50mA,0.094644,0.05,1.89288,7.57152,3.20536
pfet_05v0,sf,-40,3.30,0.60u,4,drop_at_100mA,0.196637,0.1,1.96637,7.8655,3.10336
pfet_05v0,sf,-40,3.30,0.60u,4,rlin_at_50mV,0.05,0.0268542,1.86191,7.44763,3.25
pfet_05v0,sf,-40,3.30,0.60u,8,drop_at_50mA,0.0464875,0.05,0.92975,7.438,3.25351
pfet_05v0,sf,-40,3.30,0.60u,8,drop_at_100mA,0.094644,0.1,0.94644,7.57152,3.20536
pfet_05v0,sf,-40,3.30,0.60u,8,rlin_at_50mV,0.05,0.0537083,0.930954,7.44763,3.25
pfet_05v0,sf,-40,3.30,0.60u,16,drop_at_50mA,0.0230443,0.05,0.460886,7.37418,3.27696
pfet_05v0,sf,-40,3.30,0.60u,16,drop_at_100mA,0.0464875,0.1,0.464875,7.438,3.25351
pfet_05v0,sf,-40,3.30,0.60u,16,rlin_at_50mV,0.05,0.107417,0.465477,7.44763,3.25
pfet_05v0,sf,-40,3.30,1.00u,1,drop_at_50mA,0.892745,0.05,17.8549,17.8549,2.40726
pfet_05v0,sf,-40,3.30,1.00u,1,drop_at_100mA,8.89015,0.1,88.9015,88.9015,-5.59015
pfet_05v0,sf,-40,3.30,1.00u,1,rlin_at_50mV,0.05,0.0038262,13.0678,13.0678,3.25
pfet_05v0,sf,-40,3.30,1.00u,2,drop_at_50mA,0.364356,0.05,7.28711,14.5742,2.93564
pfet_05v0,sf,-40,3.30,1.00u,2,drop_at_100mA,0.892745,0.1,8.92745,17.8549,2.40726
pfet_05v0,sf,-40,3.30,1.00u,2,rlin_at_50mV,0.05,0.00765239,6.53391,13.0678,3.25
pfet_05v0,sf,-40,3.30,1.00u,4,drop_at_50mA,0.170154,0.05,3.40307,13.6123,3.12985
pfet_05v0,sf,-40,3.30,1.00u,4,drop_at_100mA,0.364356,0.1,3.64356,14.5742,2.93564
pfet_05v0,sf,-40,3.30,1.00u,4,rlin_at_50mV,0.05,0.0153048,3.26695,13.0678,3.25
pfet_05v0,sf,-40,3.30,1.00u,8,drop_at_50mA,0.0825743,0.05,1.65149,13.2119,3.21743
pfet_05v0,sf,-40,3.30,1.00u,8,drop_at_100mA,0.170154,0.1,1.70154,13.6123,3.12985
pfet_05v0,sf,-40,3.30,1.00u,8,rlin_at_50mV,0.05,0.0306096,1.63348,13.0678,3.25
pfet_05v0,sf,-40,3.30,1.00u,16,drop_at_50mA,0.04071,0.05,0.814199,13.0272,3.25929
pfet_05v0,sf,-40,3.30,1.00u,16,drop_at_100mA,0.0825743,0.1,0.825743,13.2119,3.21743
pfet_05v0,sf,-40,3.30,1.00u,16,rlin_at_50mV,0.05,0.0612191,0.816738,13.0678,3.25
pfet_05v0,sf,-40,3.63,0.50u,1,drop_at_50mA,0.307833,0.05,6.15666,6.15666,3.32217
pfet_05v0,sf,-40,3.63,0.50u,1,drop_at_100mA,0.714772,0.1,7.14772,7.14772,2.91523
pfet_05v0,sf,-40,3.63,0.50u,1,rlin_at_50mV,0.05,0.00889889,5.61868,5.61868,3.58
pfet_05v0,sf,-40,3.63,0.50u,2,drop_at_50mA,0.145258,0.05,2.90517,5.81033,3.48474
pfet_05v0,sf,-40,3.63,0.50u,2,drop_at_100mA,0.307833,0.1,3.07833,6.15666,3.32217
pfet_05v0,sf,-40,3.63,0.50u,2,rlin_at_50mV,0.05,0.0177978,2.80934,5.61868,3.58
pfet_05v0,sf,-40,3.63,0.50u,4,drop_at_50mA,0.0707468,0.05,1.41494,5.65975,3.55925
pfet_05v0,sf,-40,3.63,0.50u,4,drop_at_100mA,0.145258,0.1,1.45258,5.81033,3.48474
pfet_05v0,sf,-40,3.63,0.50u,4,rlin_at_50mV,0.05,0.0355956,1.40467,5.61868,3.58
pfet_05v0,sf,-40,3.63,0.50u,8,drop_at_50mA,0.0349317,0.05,0.698635,5.58908,3.59507
pfet_05v0,sf,-40,3.63,0.50u,8,drop_at_100mA,0.0707468,0.1,0.707468,5.65975,3.55925
pfet_05v0,sf,-40,3.63,0.50u,8,rlin_at_50mV,0.05,0.0711911,0.702335,5.61868,3.58
pfet_05v0,sf,-40,3.63,0.50u,16,drop_at_50mA,0.0173588,0.05,0.347175,5.5548,3.61264
pfet_05v0,sf,-40,3.63,0.50u,16,drop_at_100mA,0.0349317,0.1,0.349317,5.58908,3.59507
pfet_05v0,sf,-40,3.63,0.50u,16,rlin_at_50mV,0.05,0.142382,0.351167,5.61868,3.58
pfet_05v0,sf,-40,3.63,0.60u,1,drop_at_50mA,0.384698,0.05,7.69395,7.69395,3.2453
pfet_05v0,sf,-40,3.63,0.60u,1,drop_at_100mA,0.941164,0.1,9.41164,9.41164,2.68884
pfet_05v0,sf,-40,3.63,0.60u,1,rlin_at_50mV,0.05,0.00728193,6.86632,6.86632,3.58
pfet_05v0,sf,-40,3.63,0.60u,2,drop_at_50mA,0.179272,0.05,3.58544,7.17088,3.45073
pfet_05v0,sf,-40,3.63,0.60u,2,drop_at_100mA,0.384698,0.1,3.84698,7.69395,3.2453
pfet_05v0,sf,-40,3.63,0.60u,2,rlin_at_50mV,0.05,0.0145639,3.43316,6.86632,3.58
pfet_05v0,sf,-40,3.63,0.60u,4,drop_at_50mA,0.0868928,0.05,1.73786,6.95143,3.54311
pfet_05v0,sf,-40,3.63,0.60u,4,drop_at_100mA,0.179272,0.1,1.79272,7.17088,3.45073
pfet_05v0,sf,-40,3.63,0.60u,4,rlin_at_50mV,0.05,0.0291277,1.71658,6.86632,3.58
pfet_05v0,sf,-40,3.63,0.60u,8,drop_at_50mA,0.0428118,0.05,0.856237,6.84989,3.58719
pfet_05v0,sf,-40,3.63,0.60u,8,drop_at_100mA,0.0868928,0.1,0.868928,6.95143,3.54311
pfet_05v0,sf,-40,3.63,0.60u,8,rlin_at_50mV,0.05,0.0582554,0.858289,6.86632,3.58
pfet_05v0,sf,-40,3.63,0.60u,16,drop_at_50mA,0.021253,0.05,0.42506,6.80096,3.60875
pfet_05v0,sf,-40,3.63,0.60u,16,drop_at_100mA,0.0428118,0.1,0.428118,6.84989,3.58719
pfet_05v0,sf,-40,3.63,0.60u,16,rlin_at_50mV,0.05,0.116511,0.429145,6.86632,3.58
pfet_05v0,sf,-40,3.63,1.00u,1,drop_at_50mA,0.748188,0.05,14.9638,14.9638,2.88181
pfet_05v0,sf,-40,3.63,1.00u,1,drop_at_100mA,8.2106,0.1,82.106,82.106,-4.5806
pfet_05v0,sf,-40,3.63,1.00u,1,rlin_at_50mV,0.05,0.00418134,11.9579,11.9579,3.58
pfet_05v0,sf,-40,3.63,1.00u,2,drop_at_50mA,0.325398,0.05,6.50795,13.0159,3.3046
pfet_05v0,sf,-40,3.63,1.00u,2,drop_at_100mA,0.748188,0.1,7.48188,14.9638,2.88181
pfet_05v0,sf,-40,3.63,1.00u,2,rlin_at_50mV,0.05,0.00836268,5.97894,11.9579,3.58
pfet_05v0,sf,-40,3.63,1.00u,4,drop_at_50mA,0.154272,0.05,3.08544,12.3417,3.47573
pfet_05v0,sf,-40,3.63,1.00u,4,drop_at_100mA,0.325398,0.1,3.25398,13.0159,3.3046
pfet_05v0,sf,-40,3.63,1.00u,4,rlin_at_50mV,0.05,0.0167254,2.98947,11.9579,3.58
pfet_05v0,sf,-40,3.63,1.00u,8,drop_at_50mA,0.0753081,0.05,1.50616,12.0493,3.55469
pfet_05v0,sf,-40,3.63,1.00u,8,drop_at_100mA,0.154272,0.1,1.54272,12.3417,3.47573
pfet_05v0,sf,-40,3.63,1.00u,8,rlin_at_50mV,0.05,0.0334507,1.49474,11.9579,3.58
pfet_05v0,sf,-40,3.63,1.00u,16,drop_at_50mA,0.0372255,0.05,0.74451,11.9122,3.59277
pfet_05v0,sf,-40,3.63,1.00u,16,drop_at_100mA,0.0753081,0.1,0.753081,12.0493,3.55469
pfet_05v0,sf,-40,3.63,1.00u,16,rlin_at_50mV,0.05,0.0669015,0.747368,11.9579,3.58
pfet_05v0,sf,-40,4.50,0.50u,1,drop_at_50mA,0.255722,0.05,5.11444,5.11444,4.24428
pfet_05v0,sf,-40,4.50,0.50u,1,drop_at_100mA,0.558434,0.1,5.58434,5.58434,3.94157
pfet_05v0,sf,-40,4.50,0.50u,1,rlin_at_50mV,0.05,0.0103697,4.82176,4.82176,4.45
pfet_05v0,sf,-40,4.50,0.50u,2,drop_at_50mA,0.123086,0.05,2.46172,4.92344,4.37691
pfet_05v0,sf,-40,4.50,0.50u,2,drop_at_100mA,0.255722,0.1,2.55722,5.11444,4.24428
pfet_05v0,sf,-40,4.50,0.50u,2,rlin_at_50mV,0.05,0.0207393,2.41088,4.82176,4.45
pfet_05v0,sf,-40,4.50,0.50u,4,drop_at_50mA,0.0604518,0.05,1.20904,4.83615,4.43955
pfet_05v0,sf,-40,4.50,0.50u,4,drop_at_100mA,0.123086,0.1,1.23086,4.92344,4.37691
pfet_05v0,sf,-40,4.50,0.50u,4,rlin_at_50mV,0.05,0.0414787,1.20544,4.82176,4.45
pfet_05v0,sf,-40,4.50,0.50u,8,drop_at_50mA,0.0299644,0.05,0.599288,4.7943,4.47004
pfet_05v0,sf,-40,4.50,0.50u,8,drop_at_100mA,0.0604518,0.1,0.604518,4.83615,4.43955
pfet_05v0,sf,-40,4.50,0.50u,8,rlin_at_50mV,0.05,0.0829573,0.602719,4.82176,4.45
pfet_05v0,sf,-40,4.50,0.50u,16,drop_at_50mA,0.0149181,0.05,0.298363,4.77381,4.48508
pfet_05v0,sf,-40,4.50,0.50u,16,drop_at_100mA,0.0299644,0.1,0.299644,4.7943,4.47004
pfet_05v0,sf,-40,4.50,0.50u,16,rlin_at_50mV,0.05,0.165915,0.30136,4.82176,4.45
pfet_05v0,sf,-40,4.50,0.60u,1,drop_at_50mA,0.314127,0.05,6.28255,6.28255,4.18587
pfet_05v0,sf,-40,4.50,0.60u,1,drop_at_100mA,0.699529,0.1,6.99529,6.99529,3.80047
pfet_05v0,sf,-40,4.50,0.60u,1,rlin_at_50mV,0.05,0.00855002,5.84794,5.84794,4.45
pfet_05v0,sf,-40,4.50,0.60u,2,drop_at_50mA,0.150204,0.05,3.00408,6.00815,4.3498
pfet_05v0,sf,-40,4.50,0.60u,2,drop_at_100mA,0.314127,0.1,3.14127,6.28255,4.18587
pfet_05v0,sf,-40,4.50,0.60u,2,rlin_at_50mV,0.05,0.0171,2.92397,5.84794,4.45
pfet_05v0,sf,-40,4.50,0.60u,4,drop_at_50mA,0.073564,0.05,1.47128,5.88512,4.42644
pfet_05v0,sf,-40,4.50,0.60u,4,drop_at_100mA,0.150204,0.1,1.50204,6.00815,4.3498
pfet_05v0,sf,-40,4.50,0.60u,4,rlin_at_50mV,0.05,0.0342001,1.46198,5.84794,4.45
pfet_05v0,sf,-40,4.50,0.60u,8,drop_at_50mA,0.0364165,0.05,0.72833,5.82664,4.46358
pfet_05v0,sf,-40,4.50,0.60u,8,drop_at_100mA,0.073564,0.1,0.73564,5.88512,4.42644
pfet_05v0,sf,-40,4.50,0.60u,8,rlin_at_50mV,0.05,0.0684002,0.730992,5.84794,4.45
pfet_05v0,sf,-40,4.50,0.60u,16,drop_at_50mA,0.0181191,0.05,0.362381,5.7981,4.48188
pfet_05v0,sf,-40,4.50,0.60u,16,drop_at_100mA,0.0364165,0.1,0.364165,5.82664,4.46358
pfet_05v0,sf,-40,4.50,0.60u,16,rlin_at_50mV,0.05,0.1368,0.365496,5.84794,4.45
pfet_05v0,sf,-40,4.50,1.00u,1,drop_at_50mA,0.569691,0.05,11.3938,11.3938,3.93031
pfet_05v0,sf,-40,4.50,1.00u,1,drop_at_100mA,1.44619,0.1,14.4619,14.4619,3.05381
pfet_05v0,sf,-40,4.50,1.00u,1,rlin_at_50mV,0.05,0.00498425,10.0316,10.0316,4.45
pfet_05v0,sf,-40,4.50,1.00u,2,drop_at_50mA,0.264012,0.05,5.28024,10.5605,4.23599
pfet_05v0,sf,-40,4.50,1.00u,2,drop_at_100mA,0.569691,0.1,5.69691,11.3938,3.93031
pfet_05v0,sf,-40,4.50,1.00u,2,rlin_at_50mV,0.05,0.0099685,5.0158,10.0316,4.45
pfet_05v0,sf,-40,4.50,1.00u,4,drop_at_50mA,0.127737,0.05,2.55473,10.2189,4.37226
pfet_05v0,sf,-40,4.50,1.00u,4,drop_at_100mA,0.264012,0.1,2.64012,10.5605,4.23599
pfet_05v0,sf,-40,4.50,1.00u,4,rlin_at_50mV,0.05,0.019937,2.5079,10.0316,4.45
pfet_05v0,sf,-40,4.50,1.00u,8,drop_at_50mA,0.0628893,0.05,1.25779,10.0623,4.43711
pfet_05v0,sf,-40,4.50,1.00u,8,drop_at_100mA,0.127737,0.1,1.27737,10.2189,4.37226
pfet_05v0,sf,-40,4.50,1.00u,8,rlin_at_50mV,0.05,0.039874,1.25395,10.0316,4.45
pfet_05v0,sf,-40,4.50,1.00u,16,drop_at_50mA,0.0312097,0.05,0.624194,9.9871,4.46879
pfet_05v0,sf,-40,4.50,1.00u,16,drop_at_100mA,0.0628893,0.1,0.628893,10.0623,4.43711
pfet_05v0,sf,-40,4.50,1.00u,16,rlin_at_50mV,0.05,0.079748,0.626975,10.0316,4.45
pfet_05v0,sf,-40,5.00,0.50u,1,drop_at_50mA,0.237045,0.05,4.7409,4.7409,4.76295
pfet_05v0,sf,-40,5.00,0.50u,1,drop_at_100mA,0.509047,0.1,5.09047,5.09047,4.49095
pfet_05v0,sf,-40,5.00,0.50u,1,rlin_at_50mV,0.05,0.0110706,4.51646,4.51646,4.95
pfet_05v0,sf,-40,5.00,0.50u,2,drop_at_50mA,0.114821,0.05,2.29643,4.59286,4.88518
pfet_05v0,sf,-40,5.00,0.50u,2,drop_at_100mA,0.237045,0.1,2.37045,4.7409,4.76295
pfet_05v0,sf,-40,5.00,0.50u,2,rlin_at_50mV,0.05,0.0221412,2.25823,4.51646,4.95
pfet_05v0,sf,-40,5.00,0.50u,4,drop_at_50mA,0.0565515,0.05,1.13103,4.52412,4.94345
pfet_05v0,sf,-40,5.00,0.50u,4,drop_at_100mA,0.114821,0.1,1.14821,4.59286,4.88518
pfet_05v0,sf,-40,5.00,0.50u,4,rlin_at_50mV,0.05,0.0442824,1.12912,4.51646,4.95
pfet_05v0,sf,-40,5.00,0.50u,8,drop_at_50mA,0.0280684,0.05,0.561367,4.49094,4.97193
pfet_05v0,sf,-40,5.00,0.50u,8,drop_at_100mA,0.0565515,0.1,0.565515,4.52412,4.94345
pfet_05v0,sf,-40,5.00,0.50u,8,rlin_at_50mV,0.05,0.0885649,0.564558,4.51646,4.95
pfet_05v0,sf,-40,5.00,0.50u,16,drop_at_50mA,0.0139832,0.05,0.279664,4.47463,4.98602
pfet_05v0,sf,-40,5.00,0.50u,16,drop_at_100mA,0.0280684,0.1,0.280684,4.49094,4.97193
pfet_05v0,sf,-40,5.00,0.50u,16,rlin_at_50mV,0.05,0.17713,0.282279,4.51646,4.95
pfet_05v0,sf,-40,5.00,0.60u,1,drop_at_50mA,0.289488,0.05,5.78977,5.78977,4.71051
pfet_05v0,sf,-40,5.00,0.60u,1,drop_at_100mA,0.630292,0.1,6.30292,6.30292,4.36971
pfet_05v0,sf,-40,5.00,0.60u,1,rlin_at_50mV,0.05,0.00915687,5.46038,5.46038,4.95
pfet_05v0,sf,-40,5.00,0.60u,2,drop_at_50mA,0.139518,0.05,2.79036,5.58071,4.86048
pfet_05v0,sf,-40,5.00,0.60u,2,drop_at_100mA,0.289488,0.1,2.89488,5.78977,4.71051
pfet_05v0,sf,-40,5.00,0.60u,2,rlin_at_50mV,0.05,0.0183137,2.73019,5.46038,4.95
pfet_05v0,sf,-40,5.00,0.60u,4,drop_at_50mA,0.0685634,0.05,1.37127,5.48507,4.93144
pfet_05v0,sf,-40,5.00,0.60u,4,drop_at_100mA,0.139518,0.1,1.39518,5.58071,4.86048
pfet_05v0,sf,-40,5.00,0.60u,4,rlin_at_50mV,0.05,0.0366275,1.3651,5.46038,4.95
pfet_05v0,sf,-40,5.00,0.60u,8,drop_at_50mA,0.033995,0.05,0.679901,5.43921,4.966
pfet_05v0,sf,-40,5.00,0.60u,8,drop_at_100mA,0.0685634,0.1,0.685634,5.48507,4.93144
pfet_05v0,sf,-40,5.00,0.60u,8,rlin_at_50mV,0.05,0.0732549,0.682548,5.46038,4.95
pfet_05v0,sf,-40,5.00,0.60u,16,drop_at_50mA,0.0169273,0.05,0.338546,5.41674,4.98307
pfet_05v0,sf,-40,5.00,0.60u,16,drop_at_100mA,0.033995,0.1,0.33995,5.43921,4.966
pfet_05v0,sf,-40,5.00,0.60u,16,rlin_at_50mV,0.05,0.14651,0.341274,5.46038,4.95
pfet_05v0,sf,-40,5.00,1.00u,1,drop_at_50mA,0.514825,0.05,10.2965,10.2965,4.48518
pfet_05v0,sf,-40,5.00,1.00u,1,drop_at_100mA,1.21107,0.1,12.1107,12.1107,3.78893
pfet_05v0,sf,-40,5.00,1.00u,1,rlin_at_50mV,0.05,0.00537226,9.30707,9.30707,4.95
pfet_05v0,sf,-40,5.00,1.00u,2,drop_at_50mA,0.242465,0.05,4.8493,9.6986,4.75753
pfet_05v0,sf,-40,5.00,1.00u,2,drop_at_100mA,0.514825,0.1,5.14825,10.2965,4.48518
pfet_05v0,sf,-40,5.00,1.00u,2,rlin_at_50mV,0.05,0.0107445,4.65354,9.30707,4.95
pfet_05v0,sf,-40,5.00,1.00u,4,drop_at_50mA,0.118034,0.05,2.36068,9.44273,4.88197
pfet_05v0,sf,-40,5.00,1.00u,4,drop_at_100mA,0.242465,0.1,2.42465,9.6986,4.75753
pfet_05v0,sf,-40,5.00,1.00u,4,rlin_at_50mV,0.05,0.021489,2.32677,9.30707,4.95
pfet_05v0,sf,-40,5.00,1.00u,8,drop_at_50mA,0.0582713,0.05,1.16543,9.32341,4.94173
pfet_05v0,sf,-40,5.00,1.00u,8,drop_at_100mA,0.118034,0.1,1.18034,9.44273,4.88197
pfet_05v0,sf,-40,5.00,1.00u,8,rlin_at_50mV,0.05,0.0429781,1.16338,9.30707,4.95
pfet_05v0,sf,-40,5.00,1.00u,16,drop_at_50mA,0.0289553,0.05,0.579106,9.2657,4.97104
pfet_05v0,sf,-40,5.00,1.00u,16,drop_at_100mA,0.0582713,0.1,0.582713,9.32341,4.94173
pfet_05v0,sf,-40,5.00,1.00u,16,rlin_at_50mV,0.05,0.0859561,0.581692,9.30707,4.95
pfet_05v0,sf,-40,5.50,0.50u,1,drop_at_50mA,0.222842,0.05,4.45683,4.45683,5.27716
pfet_05v0,sf,-40,5.50,0.50u,1,drop_at_100mA,0.473127,0.1,4.73127,4.73127,5.02687
pfet_05v0,sf,-40,5.50,0.50u,1,rlin_at_50mV,0.05,0.0116887,4.27765,4.27765,5.45
pfet_05v0,sf,-40,5.50,0.50u,2,drop_at_50mA,0.108433,0.05,2.16866,4.33733,5.39157
pfet_05v0,sf,-40,5.50,0.50u,2,drop_at_100mA,0.222842,0.1,2.22842,4.45683,5.27716
pfet_05v0,sf,-40,5.50,0.50u,2,rlin_at_50mV,0.05,0.0233773,2.13883,4.27765,5.45
pfet_05v0,sf,-40,5.50,0.50u,4,drop_at_50mA,0.0535152,0.05,1.0703,4.28122,5.44648
pfet_05v0,sf,-40,5.50,0.50u,4,drop_at_100mA,0.108433,0.1,1.08433,4.33733,5.39157
pfet_05v0,sf,-40,5.50,0.50u,4,rlin_at_50mV,0.05,0.0467546,1.06941,4.27765,5.45
pfet_05v0,sf,-40,5.50,0.50u,8,drop_at_50mA,0.0265875,0.05,0.531749,4.25399,5.47341
pfet_05v0,sf,-40,5.50,0.50u,8,drop_at_100mA,0.0535152,0.1,0.535152,4.28122,5.44648
pfet_05v0,sf,-40,5.50,0.50u,8,rlin_at_50mV,0.05,0.0935092,0.534707,4.27765,5.45
pfet_05v0,sf,-40,5.50,0.50u,16,drop_at_50mA,0.0132518,0.05,0.265036,4.24058,5.48675
pfet_05v0,sf,-40,5.50,0.50u,16,drop_at_100mA,0.0265875,0.1,0.265875,4.25399,5.47341
pfet_05v0,sf,-40,5.50,0.50u,16,rlin_at_50mV,0.05,0.187018,0.267353,4.27765,5.45
pfet_05v0,sf,-40,5.50,0.60u,1,drop_at_50mA,0.270969,0.05,5.41939,5.41939,5.22903
pfet_05v0,sf,-40,5.50,0.60u,1,drop_at_100mA,0.581346,0.1,5.81346,5.81346,4.91865
pfet_05v0,sf,-40,5.50,0.60u,1,rlin_at_50mV,0.05,0.00969245,5.15866,5.15866,5.45
pfet_05v0,sf,-40,5.50,0.60u,2,drop_at_50mA,0.13132,0.05,2.6264,5.25281,5.36868
pfet_05v0,sf,-40,5.50,0.60u,2,drop_at_100mA,0.270969,0.1,2.70969,5.41939,5.22903
pfet_05v0,sf,-40,5.50,0.60u,2,rlin_at_50mV,0.05,0.0193849,2.57933,5.15866,5.45
pfet_05v0,sf,-40,5.50,0.60u,4,drop_at_50mA,0.064694,0.05,1.29388,5.17552,5.43531
pfet_05v0,sf,-40,5.50,0.60u,4,drop_at_100mA,0.13132,0.1,1.3132,5.25281,5.36868
pfet_05v0,sf,-40,5.50,0.60u,4,rlin_at_50mV,0.05,0.0387698,1.28966,5.15866,5.45
pfet_05v0,sf,-40,5.50,0.60u,8,drop_at_50mA,0.0321139,0.05,0.642278,5.13822,5.46789
pfet_05v0,sf,-40,5.50,0.60u,8,drop_at_100mA,0.064694,0.1,0.64694,5.17552,5.43531
pfet_05v0,sf,-40,5.50,0.60u,8,rlin_at_50mV,0.05,0.0775396,0.644832,5.15866,5.45
pfet_05v0,sf,-40,5.50,0.60u,16,drop_at_50mA,0.0159997,0.05,0.319993,5.11989,5.484
pfet_05v0,sf,-40,5.50,0.60u,16,drop_at_100mA,0.0321139,0.1,0.321139,5.13822,5.46789
pfet_05v0,sf,-40,5.50,0.60u,16,rlin_at_50mV,0.05,0.155079,0.322416,5.15866,5.45
pfet_05v0,sf,-40,5.50,1.00u,1,drop_at_50mA,0.475391,0.05,9.50781,9.50781,5.02461
pfet_05v0,sf,-40,5.50,1.00u,1,drop_at_100mA,1.07619,0.1,10.7619,10.7619,4.42381
pfet_05v0,sf,-40,5.50,1.00u,1,rlin_at_50mV,0.05,0.00571574,8.74777,8.74777,5.45
pfet_05v0,sf,-40,5.50,1.00u,2,drop_at_50mA,0.226287,0.05,4.52574,9.05147,5.27371
pfet_05v0,sf,-40,5.50,1.00u,2,drop_at_100mA,0.475391,0.1,4.75391,9.50781,5.02461
pfet_05v0,sf,-40,5.50,1.00u,2,rlin_at_50mV,0.05,0.0114315,4.37388,8.74777,5.45
pfet_05v0,sf,-40,5.50,1.00u,4,drop_at_50mA,0.110631,0.05,2.21263,8.85051,5.38937
pfet_05v0,sf,-40,5.50,1.00u,4,drop_at_100mA,0.226287,0.1,2.26287,9.05147,5.27371
pfet_05v0,sf,-40,5.50,1.00u,4,rlin_at_50mV,0.05,0.022863,2.18694,8.74777,5.45
pfet_05v0,sf,-40,5.50,1.00u,8,drop_at_50mA,0.0547232,0.05,1.09446,8.75571,5.44528
pfet_05v0,sf,-40,5.50,1.00u,8,drop_at_100mA,0.110631,0.1,1.10631,8.85051,5.38937
pfet_05v0,sf,-40,5.50,1.00u,8,rlin_at_50mV,0.05,0.0457259,1.09347,8.74777,5.45
pfet_05v0,sf,-40,5.50,1.00u,16,drop_at_50mA,0.0272175,0.05,0.544351,8.70961,5.47278
pfet_05v0,sf,-40,5.50,1.00u,16,drop_at_100mA,0.0547232,0.1,0.547232,8.75571,5.44528
pfet_05v0,sf,-40,5.50,1.00u,16,rlin_at_50mV,0.05,0.0914519,0.546736,8.74777,5.45
pfet_05v0,sf,27,2.10,0.50u,1,drop_at_50mA,3.22987,0.05,64.5974,64.5974,-1.12987
pfet_05v0,sf,27,2.10,0.50u,1,drop_at_100mA,8.90687,0.1,89.0687,89.0687,-6.80687
pfet_05v0,sf,27,2.10,0.50u,1,rlin_at_50mV,0.05,0.00395419,12.6448,12.6448,2.05
pfet_05v0,sf,27,2.10,0.50u,2,drop_at_50mA,0.383053,0.05,7.66105,15.3221,1.71695
pfet_05v0,sf,27,2.10,0.50u,2,drop_at_100mA,3.22987,0.1,32.2987,64.5974,-1.12987
pfet_05v0,sf,27,2.10,0.50u,2,rlin_at_50mV,0.05,0.00790838,6.32241,12.6448,2.05
pfet_05v0,sf,27,2.10,0.50u,4,drop_at_50mA,0.168822,0.05,3.37645,13.5058,1.93118
pfet_05v0,sf,27,2.10,0.50u,4,drop_at_100mA,0.383053,0.1,3.83053,15.3221,1.71695
pfet_05v0,sf,27,2.10,0.50u,4,rlin_at_50mV,0.05,0.0158168,3.1612,12.6448,2.05
pfet_05v0,sf,27,2.10,0.50u,8,drop_at_50mA,0.0803508,0.05,1.60702,12.8561,2.01965
pfet_05v0,sf,27,2.10,0.50u,8,drop_at_100mA,0.168822,0.1,1.68822,13.5058,1.93118
pfet_05v0,sf,27,2.10,0.50u,8,rlin_at_50mV,0.05,0.0316335,1.5806,12.6448,2.05
pfet_05v0,sf,27,2.10,0.50u,16,drop_at_50mA,0.0392861,0.05,0.785722,12.5716,2.06071
pfet_05v0,sf,27,2.10,0.50u,16,drop_at_100mA,0.0803508,0.1,0.803508,12.8561,2.01965
pfet_05v0,sf,27,2.10,0.50u,16,rlin_at_50mV,0.05,0.063267,0.790301,12.6448,2.05
pfet_05v0,sf,27,2.10,0.60u,1,drop_at_50mA,7.71969,0.05,154.394,154.394,-5.61969
pfet_05v0,sf,27,2.10,0.60u,1,drop_at_100mA,9.64404,0.1,96.4404,96.4404,-7.54404
pfet_05v0,sf,27,2.10,0.60u,1,rlin_at_50mV,0.05,0.0031637,15.8043,15.8043,2.05
pfet_05v0,sf,27,2.10,0.60u,2,drop_at_50mA,0.525135,0.05,10.5027,21.0054,1.57487
pfet_05v0,sf,27,2.10,0.60u,2,drop_at_100mA,7.71969,0.1,77.1969,154.394,-5.61969
pfet_05v0,sf,27,2.10,0.60u,2,rlin_at_50mV,0.05,0.0063274,7.90214,15.8043,2.05
pfet_05v0,sf,27,2.10,0.60u,4,drop_at_50mA,0.216915,0.05,4.3383,17.3532,1.88309
pfet_05v0,sf,27,2.10,0.60u,4,drop_at_100mA,0.525135,0.1,5.25135,21.0054,1.57487
pfet_05v0,sf,27,2.10,0.60u,4,rlin_at_50mV,0.05,0.0126548,3.95107,15.8043,2.05
pfet_05v0,sf,27,2.10,0.60u,8,drop_at_50mA,0.101608,0.05,2.03217,16.2573,1.99839
pfet_05v0,sf,27,2.10,0.60u,8,drop_at_100mA,0.216915,0.1,2.16915,17.3532,1.88309
pfet_05v0,sf,27,2.10,0.60u,8,rlin_at_50mV,0.05,0.0253096,1.97554,15.8043,2.05
pfet_05v0,sf,27,2.10,0.60u,16,drop_at_50mA,0.0493716,0.05,0.987431,15.7989,2.05063
pfet_05v0,sf,27,2.10,0.60u,16,drop_at_100mA,0.101608,0.1,1.01608,16.2573,1.99839
pfet_05v0,sf,27,2.10,0.60u,16,rlin_at_50mV,0.05,0.0506192,0.987768,15.8043,2.05
pfet_05v0,sf,27,2.10,1.00u,1,drop_at_50mA,9.74744,0.05,194.949,194.949,-7.64744
pfet_05v0,sf,27,2.10,1.00u,1,drop_at_100mA,11.2107,0.1,112.107,112.107,-9.11071
pfet_05v0,sf,27,2.10,1.00u,1,rlin_at_50mV,0.05,0.00173929,28.7474,28.7474,2.05
pfet_05v0,sf,27,2.10,1.00u,2,drop_at_50mA,7.86153,0.05,157.231,314.461,-5.76153
pfet_05v0,sf,27,2.10,1.00u,2,drop_at_100mA,9.74744,0.1,97.4744,194.949,-7.64744
pfet_05v0,sf,27,2.10,1.00u,2,rlin_at_50mV,0.05,0.00347858,14.3737,28.7474,2.05
pfet_05v0,sf,27,2.10,1.00u,4,drop_at_50mA,0.459965,0.05,9.1993,36.7972,1.64003
pfet_05v0,sf,27,2.10,1.00u,4,drop_at_100mA,7.86153,0.1,78.6153,314.461,-5.76153
pfet_05v0,sf,27,2.10,1.00u,4,rlin_at_50mV,0.05,0.00695716,7.18684,28.7474,2.05
pfet_05v0,sf,27,2.10,1.00u,8,drop_at_50mA,0.194935,0.05,3.8987,31.1896,1.90506
pfet_05v0,sf,27,2.10,1.00u,8,drop_at_100mA,0.459965,0.1,4.59965,36.7972,1.64003
pfet_05v0,sf,27,2.10,1.00u,8,rlin_at_50mV,0.05,0.0139143,3.59342,28.7474,2.05
pfet_05v0,sf,27,2.10,1.00u,16,drop_at_50mA,0.0919279,0.05,1.83856,29.4169,2.00807
pfet_05v0,sf,27,2.10,1.00u,16,drop_at_100mA,0.194935,0.1,1.94935,31.1896,1.90506
pfet_05v0,sf,27,2.10,1.00u,16,rlin_at_50mV,0.05,0.0278286,1.79671,28.7474,2.05
pfet_05v0,sf,27,2.97,0.50u,1,drop_at_50mA,0.520045,0.05,10.4009,10.4009,2.44995
pfet_05v0,sf,27,2.97,0.50u,1,drop_at_100mA,2.25882,0.1,22.5882,22.5882,0.711179
pfet_05v0,sf,27,2.97,0.50u,1,rlin_at_50mV,0.05,0.00574004,8.71073,8.71073,2.92
pfet_05v0,sf,27,2.97,0.50u,2,drop_at_50mA,0.232882,0.05,4.65764,9.31528,2.73712
pfet_05v0,sf,27,2.97,0.50u,2,drop_at_100mA,0.520045,0.1,5.20045,10.4009,2.44995
pfet_05v0,sf,27,2.97,0.50u,2,rlin_at_50mV,0.05,0.0114801,4.35537,8.71073,2.92
pfet_05v0,sf,27,2.97,0.50u,4,drop_at_50mA,0.111335,0.05,2.2267,8.90679,2.85867
pfet_05v0,sf,27,2.97,0.50u,4,drop_at_100mA,0.232882,0.1,2.32882,9.31528,2.73712
pfet_05v0,sf,27,2.97,0.50u,4,rlin_at_50mV,0.05,0.0229602,2.17768,8.71073,2.92
pfet_05v0,sf,27,2.97,0.50u,8,drop_at_50mA,0.0545312,0.05,1.09062,8.725,2.91547
pfet_05v0,sf,27,2.97,0.50u,8,drop_at_100mA,0.111335,0.1,1.11335,8.90679,2.85867
pfet_05v0,sf,27,2.97,0.50u,8,rlin_at_50mV,0.05,0.0459204,1.08884,8.71073,2.92
pfet_05v0,sf,27,2.97,0.50u,16,drop_at_50mA,0.0269964,0.05,0.539928,8.63885,2.943
pfet_05v0,sf,27,2.97,0.50u,16,drop_at_100mA,0.0545312,0.1,0.545312,8.725,2.91547
pfet_05v0,sf,27,2.97,0.50u,16,rlin_at_50mV,0.05,0.0918407,0.544421,8.71073,2.92
pfet_05v0,sf,27,2.97,0.60u,1,drop_at_50mA,0.681705,0.05,13.6341,13.6341,2.28829
pfet_05v0,sf,27,2.97,0.60u,1,drop_at_100mA,7.78375,0.1,77.8375,77.8375,-4.81375
pfet_05v0,sf,27,2.97,0.60u,1,rlin_at_50mV,0.05,0.00466098,10.7274,10.7274,2.92
pfet_05v0,sf,27,2.97,0.60u,2,drop_at_50mA,0.292887,0.05,5.85774,11.7155,2.67711
pfet_05v0,sf,27,2.97,0.60u,2,drop_at_100mA,0.681705,0.1,6.81705,13.6341,2.28829
pfet_05v0,sf,27,2.97,0.60u,2,rlin_at_50mV,0.05,0.00932197,5.36368,10.7274,2.92
pfet_05v0,sf,27,2.97,0.60u,4,drop_at_50mA,0.138389,0.05,2.76778,11.0711,2.83161
pfet_05v0,sf,27,2.97,0.60u,4,drop_at_100mA,0.292887,0.1,2.92887,11.7155,2.67711
pfet_05v0,sf,27,2.97,0.60u,4,rlin_at_50mV,0.05,0.0186439,2.68184,10.7274,2.92
pfet_05v0,sf,27,2.97,0.60u,8,drop_at_50mA,0.067462,0.05,1.34924,10.7939,2.90254
pfet_05v0,sf,27,2.97,0.60u,8,drop_at_100mA,0.138389,0.1,1.38389,11.0711,2.83161
pfet_05v0,sf,27,2.97,0.60u,8,rlin_at_50mV,0.05,0.0372879,1.34092,10.7274,2.92
pfet_05v0,sf,27,2.97,0.60u,16,drop_at_50mA,0.0333262,0.05,0.666524,10.6644,2.93667
pfet_05v0,sf,27,2.97,0.60u,16,drop_at_100mA,0.067462,0.1,0.67462,10.7939,2.90254
pfet_05v0,sf,27,2.97,0.60u,16,rlin_at_50mV,0.05,0.0745757,0.670459,10.7274,2.92
pfet_05v0,sf,27,2.97,1.00u,1,drop_at_50mA,7.31714,0.05,146.343,146.343,-4.34714
pfet_05v0,sf,27,2.97,1.00u,1,drop_at_100mA,9.93685,0.1,99.3685,99.3685,-6.96685
pfet_05v0,sf,27,2.97,1.00u,1,rlin_at_50mV,0.05,0.00263531,18.9731,18.9731,2.92
pfet_05v0,sf,27,2.97,1.00u,2,drop_at_50mA,0.574959,0.05,11.4992,22.9984,2.39504
pfet_05v0,sf,27,2.97,1.00u,2,drop_at_100mA,7.31714,0.1,73.1714,146.343,-4.34714
pfet_05v0,sf,27,2.97,1.00u,2,rlin_at_50mV,0.05,0.00527062,9.48655,18.9731,2.92
pfet_05v0,sf,27,2.97,1.00u,4,drop_at_50mA,0.254794,0.05,5.09588,20.3835,2.71521
pfet_05v0,sf,27,2.97,1.00u,4,drop_at_100mA,0.574959,0.1,5.74959,22.9984,2.39504
pfet_05v0,sf,27,2.97,1.00u,4,rlin_at_50mV,0.05,0.0105412,4.74327,18.9731,2.92
pfet_05v0,sf,27,2.97,1.00u,8,drop_at_50mA,0.121536,0.05,2.43072,19.4457,2.84846
pfet_05v0,sf,27,2.97,1.00u,8,drop_at_100mA,0.254794,0.1,2.54794,20.3835,2.71521
pfet_05v0,sf,27,2.97,1.00u,8,rlin_at_50mV,0.05,0.0210825,2.37164,18.9731,2.92
pfet_05v0,sf,27,2.97,1.00u,16,drop_at_50mA,0.0594831,0.05,1.18966,19.0346,2.91052
pfet_05v0,sf,27,2.97,1.00u,16,drop_at_100mA,0.121536,0.1,1.21536,19.4457,2.84846
pfet_05v0,sf,27,2.97,1.00u,16,rlin_at_50mV,0.05,0.042165,1.18582,18.9731,2.92
pfet_05v0,sf,27,3.30,0.50u,1,drop_at_50mA,0.453207,0.05,9.06414,9.06414,2.84679
pfet_05v0,sf,27,3.30,0.50u,1,drop_at_100mA,1.18919,0.1,11.8919,11.8919,2.11081
pfet_05v0,sf,27,3.30,0.50u,1,rlin_at_50mV,0.05,0.00630865,7.92562,7.92562,3.25
pfet_05v0,sf,27,3.30,0.50u,2,drop_at_50mA,0.208679,0.05,4.17359,8.34717,3.09132
pfet_05v0,sf,27,3.30,0.50u,2,drop_at_100mA,0.453207,0.1,4.53207,9.06414,2.84679
pfet_05v0,sf,27,3.30,0.50u,2,rlin_at_50mV,0.05,0.0126173,3.96281,7.92562,3.25
pfet_05v0,sf,27,3.30,0.50u,4,drop_at_50mA,0.100711,0.05,2.01423,8.05691,3.19929
pfet_05v0,sf,27,3.30,0.50u,4,drop_at_100mA,0.208679,0.1,2.08679,8.34717,3.09132
pfet_05v0,sf,27,3.30,0.50u,4,rlin_at_50mV,0.05,0.0252346,1.98141,7.92562,3.25
pfet_05v0,sf,27,3.30,0.50u,8,drop_at_50mA,0.0495276,0.05,0.990552,7.92442,3.25047
pfet_05v0,sf,27,3.30,0.50u,8,drop_at_100mA,0.100711,0.1,1.00711,8.05691,3.19929
pfet_05v0,sf,27,3.30,0.50u,8,rlin_at_50mV,0.05,0.0504692,0.990703,7.92562,3.25
pfet_05v0,sf,27,3.30,0.50u,16,drop_at_50mA,0.0245654,0.05,0.491309,7.86094,3.27543
pfet_05v0,sf,27,3.30,0.50u,16,drop_at_100mA,0.0495276,0.1,0.495276,7.92442,3.25047
pfet_05v0,sf,27,3.30,0.50u,16,rlin_at_50mV,0.05,0.100938,0.495351,7.92562,3.25
pfet_05v0,sf,27,3.30,0.60u,1,drop_at_50mA,0.578926,0.05,11.5785,11.5785,2.72107
pfet_05v0,sf,27,3.30,0.60u,1,drop_at_100mA,2.55092,0.1,25.5092,25.5092,0.749079
pfet_05v0,sf,27,3.30,0.60u,1,rlin_at_50mV,0.05,0.00514274,9.72244,9.72244,3.25
pfet_05v0,sf,27,3.30,0.60u,2,drop_at_50mA,0.259985,0.05,5.1997,10.3994,3.04002
pfet_05v0,sf,27,3.30,0.60u,2,drop_at_100mA,0.578926,0.1,5.78926,11.5785,2.72107
pfet_05v0,sf,27,3.30,0.60u,2,rlin_at_50mV,0.05,0.0102855,4.86122,9.72244,3.25
pfet_05v0,sf,27,3.30,0.60u,4,drop_at_50mA,0.12443,0.05,2.48859,9.95437,3.17557
pfet_05v0,sf,27,3.30,0.60u,4,drop_at_100mA,0.259985,0.1,2.59985,10.3994,3.04002
pfet_05v0,sf,27,3.30,0.60u,4,rlin_at_50mV,0.05,0.020571,2.43061,9.72244,3.25
pfet_05v0,sf,27,3.30,0.60u,8,drop_at_50mA,0.0609757,0.05,1.21951,9.75612,3.23902
pfet_05v0,sf,27,3.30,0.60u,8,drop_at_100mA,0.12443,0.1,1.2443,9.95437,3.17557
pfet_05v0,sf,27,3.30,0.60u,8,rlin_at_50mV,0.05,0.0411419,1.21531,9.72244,3.25
pfet_05v0,sf,27,3.30,0.60u,16,drop_at_50mA,0.0301941,0.05,0.603883,9.66212,3.26981
pfet_05v0,sf,27,3.30,0.60u,16,drop_at_100mA,0.0609757,0.1,0.609757,9.75612,3.23902
pfet_05v0,sf,27,3.30,0.60u,16,rlin_at_50mV,0.05,0.0822839,0.607653,9.72244,3.25
pfet_05v0,sf,27,3.30,1.00u,1,drop_at_50mA,1.36138,0.05,27.2276,27.2276,1.93862
pfet_05v0,sf,27,3.30,1.00u,1,drop_at_100mA,9.58219,0.1,95.8219,95.8219,-6.28219
pfet_05v0,sf,27,3.30,1.00u,1,rlin_at_50mV,0.05,0.00292972,17.0665,17.0665,3.25
pfet_05v0,sf,27,3.30,1.00u,2,drop_at_50mA,0.490263,0.05,9.80526,19.6105,2.80974
pfet_05v0,sf,27,3.30,1.00u,2,drop_at_100mA,1.36138,0.1,13.6138,27.2276,1.93862
pfet_05v0,sf,27,3.30,1.00u,2,rlin_at_50mV,0.05,0.00585943,8.53325,17.0665,3.25
pfet_05v0,sf,27,3.30,1.00u,4,drop_at_50mA,0.225066,0.05,4.50132,18.0053,3.07493
pfet_05v0,sf,27,3.30,1.00u,4,drop_at_100mA,0.490263,0.1,4.90263,19.6105,2.80974
pfet_05v0,sf,27,3.30,1.00u,4,rlin_at_50mV,0.05,0.0117189,4.26662,17.0665,3.25
pfet_05v0,sf,27,3.30,1.00u,8,drop_at_50mA,0.108568,0.05,2.17137,17.3709,3.19143
pfet_05v0,sf,27,3.30,1.00u,8,drop_at_100mA,0.225066,0.1,2.25066,18.0053,3.07493
pfet_05v0,sf,27,3.30,1.00u,8,rlin_at_50mV,0.05,0.0234377,2.13331,17.0665,3.25
pfet_05v0,sf,27,3.30,1.00u,16,drop_at_50mA,0.053387,0.05,1.06774,17.0838,3.24661
pfet_05v0,sf,27,3.30,1.00u,16,drop_at_100mA,0.108568,0.1,1.08568,17.3709,3.19143
pfet_05v0,sf,27,3.30,1.00u,16,rlin_at_50mV,0.05,0.0468755,1.06666,17.0665,3.25
pfet_05v0,sf,27,3.63,0.50u,1,drop_at_50mA,0.407399,0.05,8.14797,8.14797,3.2226
pfet_05v0,sf,27,3.63,0.50u,1,drop_at_100mA,0.978256,0.1,9.78256,9.78256,2.65174
pfet_05v0,sf,27,3.63,0.50u,1,rlin_at_50mV,0.05,0.00682994,7.32071,7.32071,3.58
pfet_05v0,sf,27,3.63,0.50u,2,drop_at_50mA,0.190789,0.05,3.81579,7.63158,3.43921
pfet_05v0,sf,27,3.63,0.50u,2,drop_at_100mA,0.407399,0.1,4.07399,8.14797,3.2226
pfet_05v0,sf,27,3.63,0.50u,2,rlin_at_50mV,0.05,0.0136599,3.66036,7.32071,3.58
pfet_05v0,sf,27,3.63,0.50u,4,drop_at_50mA,0.0926623,0.05,1.85325,7.41299,3.53734
pfet_05v0,sf,27,3.63,0.50u,4,drop_at_100mA,0.190789,0.1,1.90789,7.63158,3.43921
pfet_05v0,sf,27,3.63,0.50u,4,rlin_at_50mV,0.05,0.0273197,1.83018,7.32071,3.58
pfet_05v0,sf,27,3.63,0.50u,8,drop_at_50mA,0.0456968,0.05,0.913937,7.3115,3.5843
pfet_05v0,sf,27,3.63,0.50u,8,drop_at_100mA,0.0926623,0.1,0.926623,7.41299,3.53734
pfet_05v0,sf,27,3.63,0.50u,8,rlin_at_50mV,0.05,0.0546395,0.915089,7.32071,3.58
pfet_05v0,sf,27,3.63,0.50u,16,drop_at_50mA,0.0226953,0.05,0.453907,7.26251,3.6073
pfet_05v0,sf,27,3.63,0.50u,16,drop_at_100mA,0.0456968,0.1,0.456968,7.3115,3.5843
pfet_05v0,sf,27,3.63,0.50u,16,rlin_at_50mV,0.05,0.109279,0.457545,7.32071,3.58
pfet_05v0,sf,27,3.63,0.60u,1,drop_at_50mA,0.512919,0.05,10.2584,10.2584,3.11708
pfet_05v0,sf,27,3.63,0.60u,1,drop_at_100mA,1.35686,0.1,13.5686,13.5686,2.27314
pfet_05v0,sf,27,3.63,0.60u,1,rlin_at_50mV,0.05,0.0055863,8.95046,8.95046,3.58
pfet_05v0,sf,27,3.63,0.60u,2,drop_at_50mA,0.236094,0.05,4.72189,9.44377,3.39391
pfet_05v0,sf,27,3.63,0.60u,2,drop_at_100mA,0.512919,0.1,5.12919,10.2584,3.11708
pfet_05v0,sf,27,3.63,0.60u,2,rlin_at_50mV,0.05,0.0111726,4.47523,8.95046,3.58
pfet_05v0,sf,27,3.63,0.60u,4,drop_at_50mA,0.113943,0.05,2.27887,9.11547,3.51606
pfet_05v0,sf,27,3.63,0.60u,4,drop_at_100mA,0.236094,0.1,2.36094,9.44377,3.39391
pfet_05v0,sf,27,3.63,0.60u,4,rlin_at_50mV,0.05,0.0223452,2.23762,8.95046,3.58
pfet_05v0,sf,27,3.63,0.60u,8,drop_at_50mA,0.0560365,0.05,1.12073,8.96585,3.57396
pfet_05v0,sf,27,3.63,0.60u,8,drop_at_100mA,0.113943,0.1,1.13943,9.11547,3.51606
pfet_05v0,sf,27,3.63,0.60u,8,rlin_at_50mV,0.05,0.0446904,1.11881,8.95046,3.58
pfet_05v0,sf,27,3.63,0.60u,16,drop_at_50mA,0.0277944,0.05,0.555888,8.89422,3.60221
pfet_05v0,sf,27,3.63,0.60u,16,drop_at_100mA,0.0560365,0.1,0.560365,8.96585,3.57396
pfet_05v0,sf,27,3.63,0.60u,16,rlin_at_50mV,0.05,0.0893808,0.559404,8.95046,3.58
pfet_05v0,sf,27,3.63,1.00u,1,drop_at_50mA,1.05318,0.05,21.0635,21.0635,2.57682
pfet_05v0,sf,27,3.63,1.00u,1,drop_at_100mA,9.19672,0.1,91.9672,91.9672,-5.56672
pfet_05v0,sf,27,3.63,1.00u,1,rlin_at_50mV,0.05,0.00320318,15.6095,15.6095,3.58
pfet_05v0,sf,27,3.63,1.00u,2,drop_at_50mA,0.434375,0.05,8.6875,17.375,3.19563
pfet_05v0,sf,27,3.63,1.00u,2,drop_at_100mA,1.05318,0.1,10.5318,21.0635,2.57682
pfet_05v0,sf,27,3.63,1.00u,2,rlin_at_50mV,0.05,0.00640636,7.80475,15.6095,3.58
pfet_05v0,sf,27,3.63,1.00u,4,drop_at_50mA,0.203446,0.05,4.06893,16.2757,3.42655
pfet_05v0,sf,27,3.63,1.00u,4,drop_at_100mA,0.434375,0.1,4.34375,17.375,3.19563
pfet_05v0,sf,27,3.63,1.00u,4,rlin_at_50mV,0.05,0.0128127,3.90237,15.6095,3.58
pfet_05v0,sf,27,3.63,1.00u,8,drop_at_50mA,0.0988529,0.05,1.97706,15.8165,3.53115
pfet_05v0,sf,27,3.63,1.00u,8,drop_at_100mA,0.203446,0.1,2.03446,16.2757,3.42655
pfet_05v0,sf,27,3.63,1.00u,8,rlin_at_50mV,0.05,0.0256254,1.95119,15.6095,3.58
pfet_05v0,sf,27,3.63,1.00u,16,drop_at_50mA,0.0487635,0.05,0.97527,15.6043,3.58124
pfet_05v0,sf,27,3.63,1.00u,16,drop_at_100mA,0.0988529,0.1,0.988529,15.8165,3.53115
pfet_05v0,sf,27,3.63,1.00u,16,rlin_at_50mV,0.05,0.0512509,0.975593,15.6095,3.58
pfet_05v0,sf,27,4.50,0.50u,1,drop_at_50mA,0.333743,0.05,6.67486,6.67486,4.16626
pfet_05v0,sf,27,4.50,0.50u,1,drop_at_100mA,0.737843,0.1,7.37843,7.37843,3.76216
pfet_05v0,sf,27,4.50,0.50u,1,rlin_at_50mV,0.05,0.00801944,6.23485,6.23485,4.45
pfet_05v0,sf,27,4.50,0.50u,2,drop_at_50mA,0.160017,0.05,3.20033,6.40066,4.33998
pfet_05v0,sf,27,4.50,0.50u,2,drop_at_100mA,0.333743,0.1,3.33743,6.67486,4.16626
pfet_05v0,sf,27,4.50,0.50u,2,rlin_at_50mV,0.05,0.0160389,3.11742,6.23485,4.45
pfet_05v0,sf,27,4.50,0.50u,4,drop_at_50mA,0.0784649,0.05,1.5693,6.27719,4.42154
pfet_05v0,sf,27,4.50,0.50u,4,drop_at_100mA,0.160017,0.1,1.60017,6.40066,4.33998
pfet_05v0,sf,27,4.50,0.50u,4,rlin_at_50mV,0.05,0.0320778,1.55871,6.23485,4.45
pfet_05v0,sf,27,4.50,0.50u,8,drop_at_50mA,0.0388649,0.05,0.777299,6.21839,4.46114
pfet_05v0,sf,27,4.50,0.50u,8,drop_at_100mA,0.0784649,0.1,0.784649,6.27719,4.42154
pfet_05v0,sf,27,4.50,0.50u,8,rlin_at_50mV,0.05,0.0641555,0.779356,6.23485,4.45
pfet_05v0,sf,27,4.50,0.50u,16,drop_at_50mA,0.0193427,0.05,0.386855,6.18967,4.48066
pfet_05v0,sf,27,4.50,0.50u,16,drop_at_100mA,0.0388649,0.1,0.388649,6.21839,4.46114
pfet_05v0,sf,27,4.50,0.50u,16,rlin_at_50mV,0.05,0.128311,0.389678,6.23485,4.45
pfet_05v0,sf,27,4.50,0.60u,1,drop_at_50mA,0.411844,0.05,8.23688,8.23688,4.08816
pfet_05v0,sf,27,4.50,0.60u,1,drop_at_100mA,0.936835,0.1,9.36835,9.36835,3.56316
pfet_05v0,sf,27,4.50,0.60u,1,rlin_at_50mV,0.05,0.00660437,7.57074,7.57074,4.45
pfet_05v0,sf,27,4.50,0.60u,2,drop_at_50mA,0.195731,0.05,3.91463,7.82925,4.30427
pfet_05v0,sf,27,4.50,0.60u,2,drop_at_100mA,0.411844,0.1,4.11844,8.23688,4.08816
pfet_05v0,sf,27,4.50,0.60u,2,rlin_at_50mV,0.05,0.0132087,3.78537,7.57074,4.45
pfet_05v0,sf,27,4.50,0.60u,4,drop_at_50mA,0.0956292,0.05,1.91258,7.65034,4.40437
pfet_05v0,sf,27,4.50,0.60u,4,drop_at_100mA,0.195731,0.1,1.95731,7.82925,4.30427
pfet_05v0,sf,27,4.50,0.60u,4,rlin_at_50mV,0.05,0.0264175,1.89269,7.57074,4.45
pfet_05v0,sf,27,4.50,0.60u,8,drop_at_50mA,0.0472878,0.05,0.945756,7.56605,4.45271
pfet_05v0,sf,27,4.50,0.60u,8,drop_at_100mA,0.0956292,0.1,0.956292,7.65034,4.40437
pfet_05v0,sf,27,4.50,0.60u,8,rlin_at_50mV,0.05,0.052835,0.946343,7.57074,4.45
pfet_05v0,sf,27,4.50,0.60u,16,drop_at_50mA,0.0235159,0.05,0.470318,7.52508,4.47648
pfet_05v0,sf,27,4.50,0.60u,16,drop_at_100mA,0.0472878,0.1,0.472878,7.56605,4.45271
pfet_05v0,sf,27,4.50,0.60u,16,rlin_at_50mV,0.05,0.10567,0.473171,7.57074,4.45
pfet_05v0,sf,27,4.50,1.00u,1,drop_at_50mA,0.763456,0.05,15.2691,15.2691,3.73654
pfet_05v0,sf,27,4.50,1.00u,1,drop_at_100mA,2.38443,0.1,23.8443,23.8443,2.11557
pfet_05v0,sf,27,4.50,1.00u,1,rlin_at_50mV,0.05,0.00383861,13.0255,13.0255,4.45
pfet_05v0,sf,27,4.50,1.00u,2,drop_at_50mA,0.347214,0.05,6.94427,13.8885,4.15279
pfet_05v0,sf,27,4.50,1.00u,2,drop_at_100mA,0.763456,0.1,7.63456,15.2691,3.73654
pfet_05v0,sf,27,4.50,1.00u,2,rlin_at_50mV,0.05,0.00767723,6.51277,13.0255,4.45
pfet_05v0,sf,27,4.50,1.00u,4,drop_at_50mA,0.166927,0.05,3.33854,13.3541,4.33307
pfet_05v0,sf,27,4.50,1.00u,4,drop_at_100mA,0.347214,0.1,3.47214,13.8885,4.15279
pfet_05v0,sf,27,4.50,1.00u,4,rlin_at_50mV,0.05,0.0153545,3.25638,13.0255,4.45
pfet_05v0,sf,27,4.50,1.00u,8,drop_at_50mA,0.0819627,0.05,1.63925,13.114,4.41804
pfet_05v0,sf,27,4.50,1.00u,8,drop_at_100mA,0.166927,0.1,1.66927,13.3541,4.33307
pfet_05v0,sf,27,4.50,1.00u,8,rlin_at_50mV,0.05,0.0307089,1.62819,13.0255,4.45
pfet_05v0,sf,27,4.50,1.00u,16,drop_at_50mA,0.0406243,0.05,0.812486,12.9998,4.45938
pfet_05v0,sf,27,4.50,1.00u,16,drop_at_100mA,0.0819627,0.1,0.819627,13.114,4.41804
pfet_05v0,sf,27,4.50,1.00u,16,rlin_at_50mV,0.05,0.0614178,0.814096,13.0255,4.45
pfet_05v0,sf,27,5.00,0.50u,1,drop_at_50mA,0.307206,0.05,6.14412,6.14412,4.69279
pfet_05v0,sf,27,5.00,0.50u,1,drop_at_100mA,0.665248,0.1,6.65248,6.65248,4.33475
pfet_05v0,sf,27,5.00,0.50u,1,rlin_at_50mV,0.05,0.00860515,5.81047,5.81047,4.95
pfet_05v0,sf,27,5.00,0.50u,2,drop_at_50mA,0.14838,0.05,2.9676,5.93521,4.85162
pfet_05v0,sf,27,5.00,0.50u,2,drop_at_100mA,0.307206,0.1,3.07206,6.14412,4.69279
pfet_05v0,sf,27,5.00,0.50u,2,rlin_at_50mV,0.05,0.0172103,2.90524,5.81047,4.95
pfet_05v0,sf,27,5.00,0.50u,4,drop_at_50mA,0.0729914,0.05,1.45983,5.83932,4.92701
pfet_05v0,sf,27,5.00,0.50u,4,drop_at_100mA,0.14838,0.1,1.4838,5.93521,4.85162
pfet_05v0,sf,27,5.00,0.50u,4,rlin_at_50mV,0.05,0.0344206,1.45262,5.81047,4.95
pfet_05v0,sf,27,5.00,0.50u,8,drop_at_50mA,0.0362079,0.05,0.724158,5.79326,4.96379
pfet_05v0,sf,27,5.00,0.50u,8,drop_at_100mA,0.0729914,0.1,0.729914,5.83932,4.92701
pfet_05v0,sf,27,5.00,0.50u,8,rlin_at_50mV,0.05,0.0688412,0.726309,5.81047,4.95
pfet_05v0,sf,27,5.00,0.50u,16,drop_at_50mA,0.0180334,0.05,0.360668,5.77068,4.98197
pfet_05v0,sf,27,5.00,0.50u,16,drop_at_100mA,0.0362079,0.1,0.362079,5.79326,4.96379
pfet_05v0,sf,27,5.00,0.50u,16,rlin_at_50mV,0.05,0.137682,0.363155,5.81047,4.95
pfet_05v0,sf,27,5.00,0.60u,1,drop_at_50mA,0.376601,0.05,7.53201,7.53201,4.6234
pfet_05v0,sf,27,5.00,0.60u,1,drop_at_100mA,0.831387,0.1,8.31387,8.31387,4.16861
pfet_05v0,sf,27,5.00,0.60u,1,rlin_at_50mV,0.05,0.00710817,7.03416,7.03416,4.95
pfet_05v0,sf,27,5.00,0.60u,2,drop_at_50mA,0.18069,0.05,3.6138,7.22761,4.81931
pfet_05v0,sf,27,5.00,0.60u,2,drop_at_100mA,0.376601,0.1,3.76601,7.53201,4.6234
pfet_05v0,sf,27,5.00,0.60u,2,rlin_at_50mV,0.05,0.0142163,3.51708,7.03416,4.95
pfet_05v0,sf,27,5.00,0.60u,4,drop_at_50mA,0.0886322,0.05,1.77264,7.09058,4.91137
pfet_05v0,sf,27,5.00,0.60u,4,drop_at_100mA,0.18069,0.1,1.8069,7.22761,4.81931
pfet_05v0,sf,27,5.00,0.60u,4,rlin_at_50mV,0.05,0.0284327,1.75854,7.03416,4.95
pfet_05v0,sf,27,5.00,0.60u,8,drop_at_50mA,0.0439083,0.05,0.878166,7.02533,4.95609
pfet_05v0,sf,27,5.00,0.60u,8,drop_at_100mA,0.0886322,0.1,0.886322,7.09058,4.91137
pfet_05v0,sf,27,5.00,0.60u,8,rlin_at_50mV,0.05,0.0568653,0.87927,7.03416,4.95
pfet_05v0,sf,27,5.00,0.60u,16,drop_at_50mA,0.0218546,0.05,0.437091,6.99346,4.97815
pfet_05v0,sf,27,5.00,0.60u,16,drop_at_100mA,0.0439083,0.1,0.439083,7.02533,4.95609
pfet_05v0,sf,27,5.00,0.60u,16,rlin_at_50mV,0.05,0.113731,0.439635,7.03416,4.95
pfet_05v0,sf,27,5.00,1.00u,1,drop_at_50mA,0.680833,0.05,13.6167,13.6167,4.31917
pfet_05v0,sf,27,5.00,1.00u,1,drop_at_100mA,1.70856,0.1,17.0856,17.0856,3.29144
pfet_05v0,sf,27,5.00,1.00u,1,rlin_at_50mV,0.05,0.00415648,12.0294,12.0294,4.95
pfet_05v0,sf,27,5.00,1.00u,2,drop_at_50mA,0.316523,0.05,6.33045,12.6609,4.68348
pfet_05v0,sf,27,5.00,1.00u,2,drop_at_100mA,0.680833,0.1,6.80833,13.6167,4.31917
pfet_05v0,sf,27,5.00,1.00u,2,rlin_at_50mV,0.05,0.00831296,6.01471,12.0294,4.95
pfet_05v0,sf,27,5.00,1.00u,4,drop_at_50mA,0.153351,0.05,3.06701,12.2681,4.84665
pfet_05v0,sf,27,5.00,1.00u,4,drop_at_100mA,0.316523,0.1,3.16523,12.6609,4.68348
pfet_05v0,sf,27,5.00,1.00u,4,rlin_at_50mV,0.05,0.0166259,3.00735,12.0294,4.95
pfet_05v0,sf,27,5.00,1.00u,8,drop_at_50mA,0.0755481,0.05,1.51096,12.0877,4.92445
pfet_05v0,sf,27,5.00,1.00u,8,drop_at_100mA,0.153351,0.1,1.53351,12.2681,4.84665
pfet_05v0,sf,27,5.00,1.00u,8,rlin_at_50mV,0.05,0.0332518,1.50368,12.0294,4.95
pfet_05v0,sf,27,5.00,1.00u,16,drop_at_50mA,0.0375034,0.05,0.750067,12.0011,4.9625
pfet_05v0,sf,27,5.00,1.00u,16,drop_at_100mA,0.0755481,0.1,0.755481,12.0877,4.92445
pfet_05v0,sf,27,5.00,1.00u,16,rlin_at_50mV,0.05,0.0665036,0.751839,12.0294,4.95
pfet_05v0,sf,27,5.50,0.50u,1,drop_at_50mA,0.286894,0.05,5.73788,5.73788,5.21311
pfet_05v0,sf,27,5.50,0.50u,1,drop_at_100mA,0.612807,0.1,6.12807,6.12807,4.88719
pfet_05v0,sf,27,5.50,0.50u,1,rlin_at_50mV,0.05,0.00913355,5.47432,5.47432,5.45
pfet_05v0,sf,27,5.50,0.50u,2,drop_at_50mA,0.139295,0.05,2.7859,5.57181,5.3607
pfet_05v0,sf,27,5.50,0.50u,2,drop_at_100mA,0.286894,0.1,2.86894,5.73788,5.21311
pfet_05v0,sf,27,5.50,0.50u,2,rlin_at_50mV,0.05,0.0182671,2.73716,5.47432,5.45
pfet_05v0,sf,27,5.50,0.50u,4,drop_at_50mA,0.0686817,0.05,1.37363,5.49454,5.43132
pfet_05v0,sf,27,5.50,0.50u,4,drop_at_100mA,0.139295,0.1,1.39295,5.57181,5.3607
pfet_05v0,sf,27,5.50,0.50u,4,rlin_at_50mV,0.05,0.0365342,1.36858,5.47432,5.45
pfet_05v0,sf,27,5.50,0.50u,8,drop_at_50mA,0.0341075,0.05,0.68215,5.4572,5.46589
pfet_05v0,sf,27,5.50,0.50u,8,drop_at_100mA,0.0686817,0.1,0.686817,5.49454,5.43132
pfet_05v0,sf,27,5.50,0.50u,8,rlin_at_50mV,0.05,0.0730684,0.68429,5.47432,5.45
pfet_05v0,sf,27,5.50,0.50u,16,drop_at_50mA,0.0169964,0.05,0.339928,5.43885,5.483
pfet_05v0,sf,27,5.50,0.50u,16,drop_at_100mA,0.0341075,0.1,0.341075,5.4572,5.46589
pfet_05v0,sf,27,5.50,0.50u,16,rlin_at_50mV,0.05,0.146137,0.342145,5.47432,5.45
pfet_05v0,sf,27,5.50,0.60u,1,drop_at_50mA,0.349977,0.05,6.99954,6.99954,5.15002
pfet_05v0,sf,27,5.50,0.60u,1,drop_at_100mA,0.758262,0.1,7.58262,7.58262,4.74174
pfet_05v0,sf,27,5.50,0.60u,1,rlin_at_50mV,0.05,0.00756372,6.6105,6.6105,5.45
pfet_05v0,sf,27,5.50,0.60u,2,drop_at_50mA,0.16903,0.05,3.3806,6.76119,5.33097
pfet_05v0,sf,27,5.50,0.60u,2,drop_at_100mA,0.349977,0.1,3.49977,6.99954,5.15002
pfet_05v0,sf,27,5.50,0.60u,2,rlin_at_50mV,0.05,0.0151274,3.30525,6.6105,5.45
pfet_05v0,sf,27,5.50,0.60u,4,drop_at_50mA,0.08315,0.05,1.663,6.652,5.41685
pfet_05v0,sf,27,5.50,0.60u,4,drop_at_100mA,0.16903,0.1,1.6903,6.76119,5.33097
pfet_05v0,sf,27,5.50,0.60u,4,rlin_at_50mV,0.05,0.0302549,1.65263,6.6105,5.45
pfet_05v0,sf,27,5.50,0.60u,8,drop_at_50mA,0.0412475,0.05,0.824951,6.59961,5.45875
pfet_05v0,sf,27,5.50,0.60u,8,drop_at_100mA,0.08315,0.1,0.8315,6.652,5.41685
pfet_05v0,sf,27,5.50,0.60u,8,rlin_at_50mV,0.05,0.0605098,0.826313,6.6105,5.45
pfet_05v0,sf,27,5.50,0.60u,16,drop_at_50mA,0.0205435,0.05,0.410871,6.57393,5.47946
pfet_05v0,sf,27,5.50,0.60u,16,drop_at_100mA,0.0412475,0.1,0.412475,6.59961,5.45875
pfet_05v0,sf,27,5.50,0.60u,16,rlin_at_50mV,0.05,0.12102,0.413157,6.6105,5.45
pfet_05v0,sf,27,5.50,1.00u,1,drop_at_50mA,0.622075,0.05,12.4415,12.4415,4.87793
pfet_05v0,sf,27,5.50,1.00u,1,drop_at_100mA,1.46127,0.1,14.6127,14.6127,4.03873
pfet_05v0,sf,27,5.50,1.00u,1,rlin_at_50mV,0.05,0.00444545,11.2475,11.2475,5.45
pfet_05v0,sf,27,5.50,1.00u,2,drop_at_50mA,0.29329,0.05,5.8658,11.7316,5.20671
pfet_05v0,sf,27,5.50,1.00u,2,drop_at_100mA,0.622075,0.1,6.22075,12.4415,4.87793
pfet_05v0,sf,27,5.50,1.00u,2,rlin_at_50mV,0.05,0.0088909,5.62373,11.2475,5.45
pfet_05v0,sf,27,5.50,1.00u,4,drop_at_50mA,0.142855,0.05,2.8571,11.4284,5.35715
pfet_05v0,sf,27,5.50,1.00u,4,drop_at_100mA,0.29329,0.1,2.9329,11.7316,5.20671
pfet_05v0,sf,27,5.50,1.00u,4,rlin_at_50mV,0.05,0.0177818,2.81186,11.2475,5.45
pfet_05v0,sf,27,5.50,1.00u,8,drop_at_50mA,0.0705443,0.05,1.41089,11.2871,5.42946
pfet_05v0,sf,27,5.50,1.00u,8,drop_at_100mA,0.142855,0.1,1.42855,11.4284,5.35715
pfet_05v0,sf,27,5.50,1.00u,8,rlin_at_50mV,0.05,0.0355636,1.40593,11.2475,5.45
pfet_05v0,sf,27,5.50,1.00u,16,drop_at_50mA,0.0350587,0.05,0.701173,11.2188,5.46494
pfet_05v0,sf,27,5.50,1.00u,16,drop_at_100mA,0.0705443,0.1,0.705443,11.2871,5.42946
pfet_05v0,sf,27,5.50,1.00u,16,rlin_at_50mV,0.05,0.0711272,0.702966,11.2475,5.45
pfet_05v0,sf,125,2.10,0.50u,1,drop_at_50mA,6.39639,0.05,127.928,127.928,-4.29639
pfet_05v0,sf,125,2.10,0.50u,1,drop_at_100mA,9.36072,0.1,93.6072,93.6072,-7.26072
pfet_05v0,sf,125,2.10,0.50u,1,rlin_at_50mV,0.05,0.00303401,16.4798,16.4798,2.05
pfet_05v0,sf,125,2.10,0.50u,2,drop_at_50mA,0.516446,0.05,10.3289,20.6578,1.58355
pfet_05v0,sf,125,2.10,0.50u,2,drop_at_100mA,6.39639,0.1,63.9639,127.928,-4.29639
pfet_05v0,sf,125,2.10,0.50u,2,rlin_at_50mV,0.05,0.00606803,8.23991,16.4798,2.05
pfet_05v0,sf,125,2.10,0.50u,4,drop_at_50mA,0.223009,0.05,4.46017,17.8407,1.87699
pfet_05v0,sf,125,2.10,0.50u,4,drop_at_100mA,0.516446,0.1,5.16446,20.6578,1.58355
pfet_05v0,sf,125,2.10,0.50u,4,rlin_at_50mV,0.05,0.0121361,4.11995,16.4798,2.05
pfet_05v0,sf,125,2.10,0.50u,8,drop_at_50mA,0.105605,0.05,2.11211,16.8969,1.99439
pfet_05v0,sf,125,2.10,0.50u,8,drop_at_100mA,0.223009,0.1,2.23009,17.8407,1.87699
pfet_05v0,sf,125,2.10,0.50u,8,rlin_at_50mV,0.05,0.0242721,2.05998,16.4798,2.05
pfet_05v0,sf,125,2.10,0.50u,16,drop_at_50mA,0.0515346,0.05,1.03069,16.4911,2.04847
pfet_05v0,sf,125,2.10,0.50u,16,drop_at_100mA,0.105605,0.1,1.05605,16.8969,1.99439
pfet_05v0,sf,125,2.10,0.50u,16,rlin_at_50mV,0.05,0.0485442,1.02999,16.4798,2.05
pfet_05v0,sf,125,2.10,0.60u,1,drop_at_50mA,8.37068,0.05,167.414,167.414,-6.27068
pfet_05v0,sf,125,2.10,0.60u,1,drop_at_100mA,10.0748,0.1,100.748,100.748,-7.97478
pfet_05v0,sf,125,2.10,0.60u,1,rlin_at_50mV,0.05,0.00243115,20.5664,20.5664,2.05
pfet_05v0,sf,125,2.10,0.60u,2,drop_at_50mA,0.735105,0.05,14.7021,29.4042,1.3649
pfet_05v0,sf,125,2.10,0.60u,2,drop_at_100mA,8.37068,0.1,83.7068,167.414,-6.27068
pfet_05v0,sf,125,2.10,0.60u,2,rlin_at_50mV,0.05,0.0048623,10.2832,20.5664,2.05
pfet_05v0,sf,125,2.10,0.60u,4,drop_at_50mA,0.287709,0.05,5.75419,23.0167,1.81229
pfet_05v0,sf,125,2.10,0.60u,4,drop_at_100mA,0.735105,0.1,7.35105,29.4042,1.3649
pfet_05v0,sf,125,2.10,0.60u,4,rlin_at_50mV,0.05,0.00972461,5.1416,20.5664,2.05
pfet_05v0,sf,125,2.10,0.60u,8,drop_at_50mA,0.133575,0.05,2.6715,21.372,1.96643
pfet_05v0,sf,125,2.10,0.60u,8,drop_at_100mA,0.287709,0.1,2.87709,23.0167,1.81229
pfet_05v0,sf,125,2.10,0.60u,8,rlin_at_50mV,0.05,0.0194492,2.5708,20.5664,2.05
pfet_05v0,sf,125,2.10,0.60u,16,drop_at_50mA,0.0647003,0.05,1.29401,20.7041,2.0353
pfet_05v0,sf,125,2.10,0.60u,16,drop_at_100mA,0.133575,0.1,1.33575,21.372,1.96643
pfet_05v0,sf,125,2.10,0.60u,16,rlin_at_50mV,0.05,0.0388984,1.2854,20.5664,2.05
pfet_05v0,sf,125,2.10,1.00u,1,drop_at_50mA,10.1875,0.05,203.751,203.751,-8.08753
pfet_05v0,sf,125,2.10,1.00u,1,drop_at_100mA,11.6533,0.1,116.533,116.533,-9.55326
pfet_05v0,sf,125,2.10,1.00u,1,rlin_at_50mV,0.05,0.0013405,37.2997,37.2997,2.05
pfet_05v0,sf,125,2.10,1.00u,2,drop_at_50mA,8.5132,0.05,170.264,340.528,-6.4132
pfet_05v0,sf,125,2.10,1.00u,2,drop_at_100mA,10.1875,0.1,101.875,203.751,-8.08753
pfet_05v0,sf,125,2.10,1.00u,2,rlin_at_50mV,0.05,0.00268099,18.6498,37.2997,2.05
pfet_05v0,sf,125,2.10,1.00u,4,drop_at_50mA,0.641819,0.05,12.8364,51.3455,1.45818
pfet_05v0,sf,125,2.10,1.00u,4,drop_at_100mA,8.5132,0.1,85.132,340.528,-6.4132
pfet_05v0,sf,125,2.10,1.00u,4,rlin_at_50mV,0.05,0.00536198,9.32491,37.2997,2.05
pfet_05v0,sf,125,2.10,1.00u,8,drop_at_50mA,0.258223,0.05,5.16447,41.3157,1.84178
pfet_05v0,sf,125,2.10,1.00u,8,drop_at_100mA,0.641819,0.1,6.41819,51.3455,1.45818
pfet_05v0,sf,125,2.10,1.00u,8,rlin_at_50mV,0.05,0.010724,4.66246,37.2997,2.05
pfet_05v0,sf,125,2.10,1.00u,16,drop_at_50mA,0.120545,0.05,2.4109,38.5744,1.97945
pfet_05v0,sf,125,2.10,1.00u,16,drop_at_100mA,0.258223,0.1,2.58223,41.3157,1.84178
pfet_05v0,sf,125,2.10,1.00u,16,rlin_at_50mV,0.05,0.0214479,2.33123,37.2997,2.05
pfet_05v0,sf,125,2.97,0.50u,1,drop_at_50mA,0.712252,0.05,14.245,14.245,2.25775
pfet_05v0,sf,125,2.97,0.50u,1,drop_at_100mA,6.72723,0.1,67.2723,67.2723,-3.75723
pfet_05v0,sf,125,2.97,0.50u,1,rlin_at_50mV,0.05,0.00434481,11.508,11.508,2.92
pfet_05v0,sf,125,2.97,0.50u,2,drop_at_50mA,0.311887,0.05,6.23774,12.4755,2.65811
pfet_05v0,sf,125,2.97,0.50u,2,drop_at_100mA,0.712252,0.1,7.12252,14.245,2.25775
pfet_05v0,sf,125,2.97,0.50u,2,rlin_at_50mV,0.05,0.00868962,5.75399,11.508,2.92
pfet_05v0,sf,125,2.97,0.50u,4,drop_at_50mA,0.148196,0.05,2.96391,11.8557,2.8218
pfet_05v0,sf,125,2.97,0.50u,4,drop_at_100mA,0.311887,0.1,3.11887,12.4755,2.65811
pfet_05v0,sf,125,2.97,0.50u,4,rlin_at_50mV,0.05,0.0173792,2.87699,11.508,2.92
pfet_05v0,sf,125,2.97,0.50u,8,drop_at_50mA,0.0724114,0.05,1.44823,11.5858,2.89759
pfet_05v0,sf,125,2.97,0.50u,8,drop_at_100mA,0.148196,0.1,1.48196,11.8557,2.8218
pfet_05v0,sf,125,2.97,0.50u,8,rlin_at_50mV,0.05,0.0347585,1.4385,11.508,2.92
pfet_05v0,sf,125,2.97,0.50u,16,drop_at_50mA,0.0358098,0.05,0.716196,11.4591,2.93419
pfet_05v0,sf,125,2.97,0.50u,16,drop_at_100mA,0.0724114,0.1,0.724114,11.5858,2.89759
pfet_05v0,sf,125,2.97,0.50u,16,rlin_at_50mV,0.05,0.069517,0.719249,11.508,2.92
pfet_05v0,sf,125,2.97,0.60u,1,drop_at_50mA,0.966261,0.05,19.3252,19.3252,2.00374
pfet_05v0,sf,125,2.97,0.60u,1,drop_at_100mA,8.75908,0.1,87.5908,87.5908,-5.78908
pfet_05v0,sf,125,2.97,0.60u,1,rlin_at_50mV,0.05,0.00351987,14.2051,14.2051,2.92
pfet_05v0,sf,125,2.97,0.60u,2,drop_at_50mA,0.395598,0.05,7.91196,15.8239,2.5744
pfet_05v0,sf,125,2.97,0.60u,2,drop_at_100mA,0.966261,0.1,9.66261,19.3252,2.00374
pfet_05v0,sf,125,2.97,0.60u,2,rlin_at_50mV,0.05,0.00703974,7.10253,14.2051,2.92
pfet_05v0,sf,125,2.97,0.60u,4,drop_at_50mA,0.185024,0.05,3.70047,14.8019,2.78498
pfet_05v0,sf,125,2.97,0.60u,4,drop_at_100mA,0.395598,0.1,3.95598,15.8239,2.5744
pfet_05v0,sf,125,2.97,0.60u,4,rlin_at_50mV,0.05,0.0140795,3.55127,14.2051,2.92
pfet_05v0,sf,125,2.97,0.60u,8,drop_at_50mA,0.0898553,0.05,1.79711,14.3769,2.88014
pfet_05v0,sf,125,2.97,0.60u,8,drop_at_100mA,0.185024,0.1,1.85024,14.8019,2.78498
pfet_05v0,sf,125,2.97,0.60u,8,rlin_at_50mV,0.05,0.028159,1.77563,14.2051,2.92
pfet_05v0,sf,125,2.97,0.60u,16,drop_at_50mA,0.0443151,0.05,0.886303,14.1808,2.92568
pfet_05v0,sf,125,2.97,0.60u,16,drop_at_100mA,0.0898553,0.1,0.898553,14.3769,2.88014
pfet_05v0,sf,125,2.97,0.60u,16,rlin_at_50mV,0.05,0.0563179,0.887816,14.2051,2.92
pfet_05v0,sf,125,2.97,1.00u,1,drop_at_50mA,8.68211,0.05,173.642,173.642,-5.71211
pfet_05v0,sf,125,2.97,1.00u,1,drop_at_100mA,10.5258,0.1,105.258,105.258,-7.55577
pfet_05v0,sf,125,2.97,1.00u,1,rlin_at_50mV,0.05,0.00198239,25.2221,25.2221,2.92
pfet_05v0,sf,125,2.97,1.00u,2,drop_at_50mA,0.815446,0.05,16.3089,32.6179,2.15455
pfet_05v0,sf,125,2.97,1.00u,2,drop_at_100mA,8.68211,0.1,86.8211,173.642,-5.71211
pfet_05v0,sf,125,2.97,1.00u,2,rlin_at_50mV,0.05,0.00396477,12.6111,25.2221,2.92
pfet_05v0,sf,125,2.97,1.00u,4,drop_at_50mA,0.34593,0.05,6.9186,27.6744,2.62407
pfet_05v0,sf,125,2.97,1.00u,4,drop_at_100mA,0.815446,0.1,8.15446,32.6179,2.15455
pfet_05v0,sf,125,2.97,1.00u,4,rlin_at_50mV,0.05,0.00792955,6.30553,25.2221,2.92
pfet_05v0,sf,125,2.97,1.00u,8,drop_at_50mA,0.163193,0.05,3.26386,26.1109,2.80681
pfet_05v0,sf,125,2.97,1.00u,8,drop_at_100mA,0.34593,0.1,3.4593,27.6744,2.62407
pfet_05v0,sf,125,2.97,1.00u,8,rlin_at_50mV,0.05,0.0158591,3.15277,25.2221,2.92
pfet_05v0,sf,125,2.97,1.00u,16,drop_at_50mA,0.0795266,0.05,1.59053,25.4485,2.89047
pfet_05v0,sf,125,2.97,1.00u,16,drop_at_100mA,0.163193,0.1,1.63193,26.1109,2.80681
pfet_05v0,sf,125,2.97,1.00u,16,rlin_at_50mV,0.05,0.0317182,1.57638,25.2221,2.92
pfet_05v0,sf,125,3.30,0.50u,1,drop_at_50mA,0.612808,0.05,12.2562,12.2562,2.68719
pfet_05v0,sf,125,3.30,0.50u,1,drop_at_100mA,1.9447,0.1,19.447,19.447,1.3553
pfet_05v0,sf,125,3.30,0.50u,1,rlin_at_50mV,0.05,0.00478312,10.4534,10.4534,3.25
pfet_05v0,sf,125,3.30,0.50u,2,drop_at_50mA,0.278206,0.05,5.56413,11.1283,3.02179
pfet_05v0,sf,125,3.30,0.50u,2,drop_at_100mA,0.612808,0.1,6.12808,12.2562,2.68719
pfet_05v0,sf,125,3.30,0.50u,2,rlin_at_50mV,0.05,0.00956624,5.22671,10.4534,3.25
pfet_05v0,sf,125,3.30,0.50u,4,drop_at_50mA,0.133661,0.05,2.67322,10.6929,3.16634
pfet_05v0,sf,125,3.30,0.50u,4,drop_at_100mA,0.278206,0.1,2.78206,11.1283,3.02179
pfet_05v0,sf,125,3.30,0.50u,4,rlin_at_50mV,0.05,0.0191325,2.61336,10.4534,3.25
pfet_05v0,sf,125,3.30,0.50u,8,drop_at_50mA,0.065609,0.05,1.31218,10.4974,3.23439
pfet_05v0,sf,125,3.30,0.50u,8,drop_at_100mA,0.133661,0.1,1.33661,10.6929,3.16634
pfet_05v0,sf,125,3.30,0.50u,8,rlin_at_50mV,0.05,0.038265,1.30668,10.4534,3.25
pfet_05v0,sf,125,3.30,0.50u,16,drop_at_50mA,0.032514,0.05,0.65028,10.4045,3.26749
pfet_05v0,sf,125,3.30,0.50u,16,drop_at_100mA,0.065609,0.1,0.65609,10.4974,3.23439
pfet_05v0,sf,125,3.30,0.50u,16,rlin_at_50mV,0.05,0.0765299,0.653339,10.4534,3.25
pfet_05v0,sf,125,3.30,0.60u,1,drop_at_50mA,0.798651,0.05,15.973,15.973,2.50135
pfet_05v0,sf,125,3.30,0.60u,1,drop_at_100mA,7.8088,0.1,78.088,78.088,-4.5088
pfet_05v0,sf,125,3.30,0.60u,1,rlin_at_50mV,0.05,0.003886,12.8667,12.8667,3.25
pfet_05v0,sf,125,3.30,0.60u,2,drop_at_50mA,0.349321,0.05,6.98641,13.9728,2.95068
pfet_05v0,sf,125,3.30,0.60u,2,drop_at_100mA,0.798651,0.1,7.98651,15.973,2.50135
pfet_05v0,sf,125,3.30,0.60u,2,rlin_at_50mV,0.05,0.007772,6.43335,12.8667,3.25
pfet_05v0,sf,125,3.30,0.60u,4,drop_at_50mA,0.165961,0.05,3.31923,13.2769,3.13404
pfet_05v0,sf,125,3.30,0.60u,4,drop_at_100mA,0.349321,0.1,3.49321,13.9728,2.95068
pfet_05v0,sf,125,3.30,0.60u,4,rlin_at_50mV,0.05,0.015544,3.21667,12.8667,3.25
pfet_05v0,sf,125,3.30,0.60u,8,drop_at_50mA,0.0810909,0.05,1.62182,12.9746,3.21891
pfet_05v0,sf,125,3.30,0.60u,8,drop_at_100mA,0.165961,0.1,1.65961,13.2769,3.13404
pfet_05v0,sf,125,3.30,0.60u,8,rlin_at_50mV,0.05,0.031088,1.60834,12.8667,3.25
pfet_05v0,sf,125,3.30,0.60u,16,drop_at_50mA,0.0401021,0.05,0.802043,12.8327,3.2599
pfet_05v0,sf,125,3.30,0.60u,16,drop_at_100mA,0.0810909,0.1,0.810909,12.9746,3.21891
pfet_05v0,sf,125,3.30,0.60u,16,rlin_at_50mV,0.05,0.062176,0.804169,12.8667,3.25
pfet_05v0,sf,125,3.30,1.00u,1,drop_at_50mA,7.19034,0.05,143.807,143.807,-3.89034
pfet_05v0,sf,125,3.30,1.00u,1,drop_at_100mA,10.245,0.1,102.45,102.45,-6.94504
pfet_05v0,sf,125,3.30,1.00u,1,rlin_at_50mV,0.05,0.00220087,22.7183,22.7183,3.25
pfet_05v0,sf,125,3.30,1.00u,2,drop_at_50mA,0.680626,0.05,13.6125,27.225,2.61937
pfet_05v0,sf,125,3.30,1.00u,2,drop_at_100mA,7.19034,0.1,71.9034,143.807,-3.89034
pfet_05v0,sf,125,3.30,1.00u,2,rlin_at_50mV,0.05,0.00440174,11.3591,22.7183,3.25
pfet_05v0,sf,125,3.30,1.00u,4,drop_at_50mA,0.304492,0.05,6.08984,24.3593,2.99551
pfet_05v0,sf,125,3.30,1.00u,4,drop_at_100mA,0.680626,0.1,6.80626,27.225,2.61937
pfet_05v0,sf,125,3.30,1.00u,4,rlin_at_50mV,0.05,0.00880348,5.67957,22.7183,3.25
pfet_05v0,sf,125,3.30,1.00u,8,drop_at_50mA,0.145693,0.05,2.91386,23.3109,3.15431
pfet_05v0,sf,125,3.30,1.00u,8,drop_at_100mA,0.304492,0.1,3.04492,24.3593,2.99551
pfet_05v0,sf,125,3.30,1.00u,8,rlin_at_50mV,0.05,0.017607,2.83979,22.7183,3.25
pfet_05v0,sf,125,3.30,1.00u,16,drop_at_50mA,0.0714013,0.05,1.42803,22.8484,3.2286
pfet_05v0,sf,125,3.30,1.00u,16,drop_at_100mA,0.145693,0.1,1.45693,23.3109,3.15431
pfet_05v0,sf,125,3.30,1.00u,16,rlin_at_50mV,0.05,0.0352139,1.41989,22.7183,3.25
pfet_05v0,sf,125,3.63,0.50u,1,drop_at_50mA,0.54557,0.05,10.9114,10.9114,3.08443
pfet_05v0,sf,125,3.63,0.50u,1,drop_at_100mA,1.38646,0.1,13.8646,13.8646,2.24354
pfet_05v0,sf,125,3.63,0.50u,1,rlin_at_50mV,0.05,0.00519563,9.62348,9.62348,3.58
pfet_05v0,sf,125,3.63,0.50u,2,drop_at_50mA,0.252993,0.05,5.05987,10.1197,3.37701
pfet_05v0,sf,125,3.63,0.50u,2,drop_at_100mA,0.54557,0.1,5.4557,10.9114,3.08443
pfet_05v0,sf,125,3.63,0.50u,2,rlin_at_50mV,0.05,0.0103913,4.81174,9.62348,3.58
pfet_05v0,sf,125,3.63,0.50u,4,drop_at_50mA,0.12245,0.05,2.44901,9.79603,3.50755
pfet_05v0,sf,125,3.63,0.50u,4,drop_at_100mA,0.252993,0.1,2.52993,10.1197,3.37701
pfet_05v0,sf,125,3.63,0.50u,4,rlin_at_50mV,0.05,0.0207825,2.40587,9.62348,3.58
pfet_05v0,sf,125,3.63,0.50u,8,drop_at_50mA,0.0602982,0.05,1.20596,9.64771,3.5697
pfet_05v0,sf,125,3.63,0.50u,8,drop_at_100mA,0.12245,0.1,1.2245,9.79603,3.50755
pfet_05v0,sf,125,3.63,0.50u,8,rlin_at_50mV,0.05,0.041565,1.20293,9.62348,3.58
pfet_05v0,sf,125,3.63,0.50u,16,drop_at_50mA,0.0299266,0.05,0.598533,9.57653,3.60007
pfet_05v0,sf,125,3.63,0.50u,16,drop_at_100mA,0.0602982,0.1,0.602982,9.64771,3.5697
pfet_05v0,sf,125,3.63,0.50u,16,rlin_at_50mV,0.05,0.08313,0.601467,9.62348,3.58
pfet_05v0,sf,125,3.63,0.60u,1,drop_at_50mA,0.697322,0.05,13.9464,13.9464,2.93268
pfet_05v0,sf,125,3.63,0.60u,1,drop_at_100mA,2.56887,0.1,25.6887,25.6887,1.06113
pfet_05v0,sf,125,3.63,0.60u,1,rlin_at_50mV,0.05,0.00423145,11.8163,11.8163,3.58
pfet_05v0,sf,125,3.63,0.60u,2,drop_at_50mA,0.315463,0.05,6.30927,12.6185,3.31454
pfet_05v0,sf,125,3.63,0.60u,2,drop_at_100mA,0.697322,0.1,6.97322,13.9464,2.93268
pfet_05v0,sf,125,3.63,0.60u,2,rlin_at_50mV,0.05,0.00846291,5.90813,11.8163,3.58
pfet_05v0,sf,125,3.63,0.60u,4,drop_at_50mA,0.151404,0.05,3.02808,12.1123,3.4786
pfet_05v0,sf,125,3.63,0.60u,4,drop_at_100mA,0.315463,0.1,3.15463,12.6185,3.31454
pfet_05v0,sf,125,3.63,0.60u,4,rlin_at_50mV,0.05,0.0169258,2.95407,11.8163,3.58
pfet_05v0,sf,125,3.63,0.60u,8,drop_at_50mA,0.0742879,0.05,1.48576,11.8861,3.55571
pfet_05v0,sf,125,3.63,0.60u,8,drop_at_100mA,0.151404,0.1,1.51404,12.1123,3.4786
pfet_05v0,sf,125,3.63,0.60u,8,rlin_at_50mV,0.05,0.0338516,1.47703,11.8163,3.58
pfet_05v0,sf,125,3.63,0.60u,16,drop_at_50mA,0.0368083,0.05,0.736165,11.7786,3.59319
pfet_05v0,sf,125,3.63,0.60u,16,drop_at_100mA,0.0742879,0.1,0.742879,11.8861,3.55571
pfet_05v0,sf,125,3.63,0.60u,16,rlin_at_50mV,0.05,0.0677033,0.738517,11.8163,3.58
pfet_05v0,sf,125,3.63,1.00u,1,drop_at_50mA,1.63684,0.05,32.7368,32.7368,1.99316
pfet_05v0,sf,125,3.63,1.00u,1,drop_at_100mA,9.97933,0.1,99.7933,99.7933,-6.34933
pfet_05v0,sf,125,3.63,1.00u,1,rlin_at_50mV,0.05,0.00240815,20.7629,20.7629,3.58
pfet_05v0,sf,125,3.63,1.00u,2,drop_at_50mA,0.595745,0.05,11.9149,23.8298,3.03425
pfet_05v0,sf,125,3.63,1.00u,2,drop_at_100mA,1.63684,0.1,16.3684,32.7368,1.99316
pfet_05v0,sf,125,3.63,1.00u,2,rlin_at_50mV,0.05,0.00481629,10.3814,20.7629,3.58
pfet_05v0,sf,125,3.63,1.00u,4,drop_at_50mA,0.274128,0.05,5.48255,21.9302,3.35587
pfet_05v0,sf,125,3.63,1.00u,4,drop_at_100mA,0.595745,0.1,5.95745,23.8298,3.03425
pfet_05v0,sf,125,3.63,1.00u,4,rlin_at_50mV,0.05,0.00963258,5.19072,20.7629,3.58
pfet_05v0,sf,125,3.63,1.00u,8,drop_at_50mA,0.132365,0.05,2.64731,21.1784,3.49763
pfet_05v0,sf,125,3.63,1.00u,8,drop_at_100mA,0.274128,0.1,2.74128,21.9302,3.35587
pfet_05v0,sf,125,3.63,1.00u,8,rlin_at_50mV,0.05,0.0192652,2.59536,20.7629,3.58
pfet_05v0,sf,125,3.63,1.00u,16,drop_at_50mA,0.0651189,0.05,1.30238,20.838,3.56488
pfet_05v0,sf,125,3.63,1.00u,16,drop_at_100mA,0.132365,0.1,1.32365,21.1784,3.49763
pfet_05v0,sf,125,3.63,1.00u,16,rlin_at_50mV,0.05,0.0385303,1.29768,20.7629,3.58
pfet_05v0,sf,125,4.50,0.50u,1,drop_at_50mA,0.437329,0.05,8.74658,8.74658,4.06267
pfet_05v0,sf,125,4.50,0.50u,1,drop_at_100mA,0.982763,0.1,9.82763,9.82763,3.51724
pfet_05v0,sf,125,4.50,0.50u,1,rlin_at_50mV,0.05,0.00618231,8.08759,8.08759,4.45
pfet_05v0,sf,125,4.50,0.50u,2,drop_at_50mA,0.2087,0.05,4.174,8.34799,4.2913
pfet_05v0,sf,125,4.50,0.50u,2,drop_at_100mA,0.437329,0.1,4.37329,8.74658,4.06267
pfet_05v0,sf,125,4.50,0.50u,2,rlin_at_50mV,0.05,0.0123646,4.04379,8.08759,4.45
pfet_05v0,sf,125,4.50,0.50u,4,drop_at_50mA,0.102147,0.05,2.04294,8.17176,4.39785
pfet_05v0,sf,125,4.50,0.50u,4,drop_at_100mA,0.2087,0.1,2.087,8.34799,4.2913
pfet_05v0,sf,125,4.50,0.50u,4,rlin_at_50mV,0.05,0.0247292,2.0219,8.08759,4.45
pfet_05v0,sf,125,4.50,0.50u,8,drop_at_50mA,0.050553,0.05,1.01106,8.08848,4.44945
pfet_05v0,sf,125,4.50,0.50u,8,drop_at_100mA,0.102147,0.1,1.02147,8.17176,4.39785
pfet_05v0,sf,125,4.50,0.50u,8,rlin_at_50mV,0.05,0.0494585,1.01095,8.08759,4.45
pfet_05v0,sf,125,4.50,0.50u,16,drop_at_50mA,0.0251498,0.05,0.502997,8.04795,4.47485
pfet_05v0,sf,125,4.50,0.50u,16,drop_at_100mA,0.050553,0.1,0.50553,8.08848,4.44945
pfet_05v0,sf,125,4.50,0.50u,16,rlin_at_50mV,0.05,0.098917,0.505474,8.08759,4.45
pfet_05v0,sf,125,4.50,0.60u,1,drop_at_50mA,0.545673,0.05,10.9135,10.9135,3.95433
pfet_05v0,sf,125,4.50,0.60u,1,drop_at_100mA,1.28177,0.1,12.8177,12.8177,3.21823
pfet_05v0,sf,125,4.50,0.60u,1,rlin_at_50mV,0.05,0.00506098,9.87951,9.87951,4.45
pfet_05v0,sf,125,4.50,0.60u,2,drop_at_50mA,0.257291,0.05,5.14582,10.2916,4.24271
pfet_05v0,sf,125,4.50,0.60u,2,drop_at_100mA,0.545673,0.1,5.45673,10.9135,3.95433
pfet_05v0,sf,125,4.50,0.60u,2,rlin_at_50mV,0.05,0.010122,4.93975,9.87951,4.45
pfet_05v0,sf,125,4.50,0.60u,4,drop_at_50mA,0.125327,0.05,2.50653,10.0261,4.37467
pfet_05v0,sf,125,4.50,0.60u,4,drop_at_100mA,0.257291,0.1,2.57291,10.2916,4.24271
pfet_05v0,sf,125,4.50,0.60u,4,rlin_at_50mV,0.05,0.0202439,2.46988,9.87951,4.45
pfet_05v0,sf,125,4.50,0.60u,8,drop_at_50mA,0.0618901,0.05,1.2378,9.90242,4.43811
pfet_05v0,sf,125,4.50,0.60u,8,drop_at_100mA,0.125327,0.1,1.25327,10.0261,4.37467
pfet_05v0,sf,125,4.50,0.60u,8,rlin_at_50mV,0.05,0.0404878,1.23494,9.87951,4.45
pfet_05v0,sf,125,4.50,0.60u,16,drop_at_50mA,0.0307582,0.05,0.615163,9.84261,4.46924
pfet_05v0,sf,125,4.50,0.60u,16,drop_at_100mA,0.0618901,0.1,0.618901,9.90242,4.43811
pfet_05v0,sf,125,4.50,0.60u,16,rlin_at_50mV,0.05,0.0809757,0.617469,9.87951,4.45
pfet_05v0,sf,125,4.50,1.00u,1,drop_at_50mA,1.05439,0.05,21.0878,21.0878,3.44561
pfet_05v0,sf,125,4.50,1.00u,1,drop_at_100mA,8.87154,0.1,88.7154,88.7154,-4.37154
pfet_05v0,sf,125,4.50,1.00u,1,rlin_at_50mV,0.05,0.00291008,17.1816,17.1816,4.45
pfet_05v0,sf,125,4.50,1.00u,2,drop_at_50mA,0.46568,0.05,9.31359,18.6272,4.03432
pfet_05v0,sf,125,4.50,1.00u,2,drop_at_100mA,1.05439,0.1,10.5439,21.0878,3.44561
pfet_05v0,sf,125,4.50,1.00u,2,rlin_at_50mV,0.05,0.00582017,8.59082,17.1816,4.45
pfet_05v0,sf,125,4.50,1.00u,4,drop_at_50mA,0.22193,0.05,4.43861,17.7544,4.27807
pfet_05v0,sf,125,4.50,1.00u,4,drop_at_100mA,0.46568,0.1,4.6568,18.6272,4.03432
pfet_05v0,sf,125,4.50,1.00u,4,rlin_at_50mV,0.05,0.0116403,4.29541,17.1816,4.45
pfet_05v0,sf,125,4.50,1.00u,8,drop_at_50mA,0.108582,0.05,2.17163,17.3731,4.39142
pfet_05v0,sf,125,4.50,1.00u,8,drop_at_100mA,0.22193,0.1,2.2193,17.7544,4.27807
pfet_05v0,sf,125,4.50,1.00u,8,rlin_at_50mV,0.05,0.0232807,2.14771,17.1816,4.45
pfet_05v0,sf,125,4.50,1.00u,16,drop_at_50mA,0.0537304,0.05,1.07461,17.1937,4.44627
pfet_05v0,sf,125,4.50,1.00u,16,drop_at_100mA,0.108582,0.1,1.08582,17.3731,4.39142
pfet_05v0,sf,125,4.50,1.00u,16,rlin_at_50mV,0.05,0.0465613,1.07385,17.1816,4.45
pfet_05v0,sf,125,5.00,0.50u,1,drop_at_50mA,0.397798,0.05,7.95596,7.95596,4.6022
pfet_05v0,sf,125,5.00,0.50u,1,drop_at_100mA,0.870285,0.1,8.70285,8.70285,4.12971
pfet_05v0,sf,125,5.00,0.50u,1,rlin_at_50mV,0.05,0.00669619,7.46694,7.46694,4.95
pfet_05v0,sf,125,5.00,0.50u,2,drop_at_50mA,0.191507,0.05,3.83013,7.66026,4.80849
pfet_05v0,sf,125,5.00,0.50u,2,drop_at_100mA,0.397798,0.1,3.97798,7.95596,4.6022
pfet_05v0,sf,125,5.00,0.50u,2,rlin_at_50mV,0.05,0.0133924,3.73347,7.46694,4.95
pfet_05v0,sf,125,5.00,0.50u,4,drop_at_50mA,0.0940795,0.05,1.88159,7.52636,4.90592
pfet_05v0,sf,125,5.00,0.50u,4,drop_at_100mA,0.191507,0.1,1.91507,7.66026,4.80849
pfet_05v0,sf,125,5.00,0.50u,4,rlin_at_50mV,0.05,0.0267847,1.86673,7.46694,4.95
pfet_05v0,sf,125,5.00,0.50u,8,drop_at_50mA,0.0466402,0.05,0.932805,7.46244,4.95336
pfet_05v0,sf,125,5.00,0.50u,8,drop_at_100mA,0.0940795,0.1,0.940795,7.52636,4.90592
pfet_05v0,sf,125,5.00,0.50u,8,rlin_at_50mV,0.05,0.0535695,0.933367,7.46694,4.95
pfet_05v0,sf,125,5.00,0.50u,16,drop_at_50mA,0.0232224,0.05,0.464449,7.43118,4.97678
pfet_05v0,sf,125,5.00,0.50u,16,drop_at_100mA,0.0466402,0.1,0.466402,7.46244,4.95336
pfet_05v0,sf,125,5.00,0.50u,16,rlin_at_50mV,0.05,0.107139,0.466684,7.46694,4.95
pfet_05v0,sf,125,5.00,0.60u,1,drop_at_50mA,0.49271,0.05,9.8542,9.8542,4.50729
pfet_05v0,sf,125,5.00,0.60u,1,drop_at_100mA,1.10854,0.1,11.0854,11.0854,3.89146
pfet_05v0,sf,125,5.00,0.60u,1,rlin_at_50mV,0.05,0.00549468,9.09972,9.09972,4.95
pfet_05v0,sf,125,5.00,0.60u,2,drop_at_50mA,0.235088,0.05,4.70177,9.40353,4.76491
pfet_05v0,sf,125,5.00,0.60u,2,drop_at_100mA,0.49271,0.1,4.9271,9.8542,4.50729
pfet_05v0,sf,125,5.00,0.60u,2,rlin_at_50mV,0.05,0.0109894,4.54986,9.09972,4.95
pfet_05v0,sf,125,5.00,0.60u,4,drop_at_50mA,0.115059,0.05,2.30118,9.20471,4.88494
pfet_05v0,sf,125,5.00,0.60u,4,drop_at_100mA,0.235088,0.1,2.35088,9.40353,4.76491
pfet_05v0,sf,125,5.00,0.60u,4,rlin_at_50mV,0.05,0.0219787,2.27493,9.09972,4.95
pfet_05v0,sf,125,5.00,0.60u,8,drop_at_50mA,0.0569427,0.05,1.13885,9.11083,4.94306
pfet_05v0,sf,125,5.00,0.60u,8,drop_at_100mA,0.115059,0.1,1.15059,9.20471,4.88494
pfet_05v0,sf,125,5.00,0.60u,8,rlin_at_50mV,0.05,0.0439574,1.13746,9.09972,4.95
pfet_05v0,sf,125,5.00,0.60u,16,drop_at_50mA,0.0283287,0.05,0.566573,9.06517,4.97167
pfet_05v0,sf,125,5.00,0.60u,16,drop_at_100mA,0.0569427,0.1,0.569427,9.11083,4.94306
pfet_05v0,sf,125,5.00,0.60u,16,rlin_at_50mV,0.05,0.0879148,0.568732,9.09972,4.95
pfet_05v0,sf,125,5.00,1.00u,1,drop_at_50mA,0.919805,0.05,18.3961,18.3961,4.0802
pfet_05v0,sf,125,5.00,1.00u,1,drop_at_100mA,2.80525,0.1,28.0525,28.0525,2.19475
pfet_05v0,sf,125,5.00,1.00u,1,rlin_at_50mV,0.05,0.00317472,15.7494,15.7494,4.95
pfet_05v0,sf,125,5.00,1.00u,2,drop_at_50mA,0.419654,0.05,8.39308,16.7862,4.58035
pfet_05v0,sf,125,5.00,1.00u,2,drop_at_100mA,0.919805,0.1,9.19805,18.3961,4.0802
pfet_05v0,sf,125,5.00,1.00u,2,rlin_at_50mV,0.05,0.00634944,7.87471,15.7494,4.95
pfet_05v0,sf,125,5.00,1.00u,4,drop_at_50mA,0.202022,0.05,4.04045,16.1618,4.79798
pfet_05v0,sf,125,5.00,1.00u,4,drop_at_100mA,0.419654,0.1,4.19654,16.7862,4.58035
pfet_05v0,sf,125,5.00,1.00u,4,rlin_at_50mV,0.05,0.0126989,3.93735,15.7494,4.95
pfet_05v0,sf,125,5.00,1.00u,8,drop_at_50mA,0.0992561,0.05,1.98512,15.881,4.90074
pfet_05v0,sf,125,5.00,1.00u,8,drop_at_100mA,0.202022,0.1,2.02022,16.1618,4.79798
pfet_05v0,sf,125,5.00,1.00u,8,rlin_at_50mV,0.05,0.0253978,1.96868,15.7494,4.95
pfet_05v0,sf,125,5.00,1.00u,16,drop_at_50mA,0.0492104,0.05,0.984208,15.7473,4.95079
pfet_05v0,sf,125,5.00,1.00u,16,drop_at_100mA,0.0992561,0.1,0.992561,15.881,4.90074
pfet_05v0,sf,125,5.00,1.00u,16,rlin_at_50mV,0.05,0.0507955,0.984338,15.7494,4.95
pfet_05v0,sf,125,5.50,0.50u,1,drop_at_50mA,0.367125,0.05,7.3425,7.3425,5.13288
pfet_05v0,sf,125,5.50,0.50u,1,drop_at_100mA,0.78956,0.1,7.8956,7.8956,4.71044
pfet_05v0,sf,125,5.50,0.50u,1,rlin_at_50mV,0.05,0.00717928,6.96448,6.96448,5.45
pfet_05v0,sf,125,5.50,0.50u,2,drop_at_50mA,0.177833,0.05,3.55666,7.11331,5.32217
pfet_05v0,sf,125,5.50,0.50u,2,drop_at_100mA,0.367125,0.1,3.67125,7.3425,5.13288
pfet_05v0,sf,125,5.50,0.50u,2,rlin_at_50mV,0.05,0.0143586,3.48224,6.96448,5.45
pfet_05v0,sf,125,5.50,0.50u,4,drop_at_50mA,0.0875972,0.05,1.75194,7.00777,5.4124
pfet_05v0,sf,125,5.50,0.50u,4,drop_at_100mA,0.177833,0.1,1.77833,7.11331,5.32217
pfet_05v0,sf,125,5.50,0.50u,4,rlin_at_50mV,0.05,0.0287171,1.74112,6.96448,5.45
pfet_05v0,sf,125,5.50,0.50u,8,drop_at_50mA,0.0434814,0.05,0.869627,6.95702,5.45652
pfet_05v0,sf,125,5.50,0.50u,8,drop_at_100mA,0.0875972,0.1,0.875972,7.00777,5.4124
pfet_05v0,sf,125,5.50,0.50u,8,rlin_at_50mV,0.05,0.0574343,0.87056,6.96448,5.45
pfet_05v0,sf,125,5.50,0.50u,16,drop_at_50mA,0.0216629,0.05,0.433257,6.93211,5.47834
pfet_05v0,sf,125,5.50,0.50u,16,drop_at_100mA,0.0434814,0.1,0.434814,6.95702,5.45652
pfet_05v0,sf,125,5.50,0.50u,16,rlin_at_50mV,0.05,0.114869,0.43528,6.96448,5.45
pfet_05v0,sf,125,5.50,0.60u,1,drop_at_50mA,0.452287,0.05,9.04574,9.04574,5.04771
pfet_05v0,sf,125,5.50,0.60u,1,drop_at_100mA,0.992219,0.1,9.92219,9.92219,4.50778
pfet_05v0,sf,125,5.50,0.60u,1,rlin_at_50mV,0.05,0.00590337,8.46975,8.46975,5.45
pfet_05v0,sf,125,5.50,0.60u,2,drop_at_50mA,0.217562,0.05,4.35123,8.70246,5.28244
pfet_05v0,sf,125,5.50,0.60u,2,drop_at_100mA,0.452287,0.1,4.52287,9.04574,5.04771
pfet_05v0,sf,125,5.50,0.60u,2,rlin_at_50mV,0.05,0.0118067,4.23487,8.46975,5.45
pfet_05v0,sf,125,5.50,0.60u,4,drop_at_50mA,0.106845,0.05,2.1369,8.54759,5.39316
pfet_05v0,sf,125,5.50,0.60u,4,drop_at_100mA,0.217562,0.1,2.17562,8.70246,5.28244
pfet_05v0,sf,125,5.50,0.60u,4,rlin_at_50mV,0.05,0.0236135,2.11744,8.46975,5.45
pfet_05v0,sf,125,5.50,0.60u,8,drop_at_50mA,0.0529611,0.05,1.05922,8.47377,5.44704
pfet_05v0,sf,125,5.50,0.60u,8,drop_at_100mA,0.106845,0.1,1.06845,8.54759,5.39316
pfet_05v0,sf,125,5.50,0.60u,8,rlin_at_50mV,0.05,0.0472269,1.05872,8.46975,5.45
pfet_05v0,sf,125,5.50,0.60u,16,drop_at_50mA,0.0263678,0.05,0.527357,8.43771,5.47363
pfet_05v0,sf,125,5.50,0.60u,16,drop_at_100mA,0.0529611,0.1,0.529611,8.47377,5.44704
pfet_05v0,sf,125,5.50,0.60u,16,rlin_at_50mV,0.05,0.0944538,0.529359,8.46975,5.45
pfet_05v0,sf,125,5.50,1.00u,1,drop_at_50mA,0.826077,0.05,16.5215,16.5215,4.67392
pfet_05v0,sf,125,5.50,1.00u,1,drop_at_100mA,2.07539,0.1,20.7539,20.7539,3.42461
pfet_05v0,sf,125,5.50,1.00u,1,rlin_at_50mV,0.05,0.0034254,14.5968,14.5968,5.45
pfet_05v0,sf,125,5.50,1.00u,2,drop_at_50mA,0.384385,0.05,7.68769,15.3754,5.11562
pfet_05v0,sf,125,5.50,1.00u,2,drop_at_100mA,0.826077,0.1,8.26077,16.5215,4.67392
pfet_05v0,sf,125,5.50,1.00u,2,rlin_at_50mV,0.05,0.0068508,7.29842,14.5968,5.45
pfet_05v0,sf,125,5.50,1.00u,4,drop_at_50mA,0.186322,0.05,3.72644,14.9058,5.31368
pfet_05v0,sf,125,5.50,1.00u,4,drop_at_100mA,0.384385,0.1,3.84385,15.3754,5.11562
pfet_05v0,sf,125,5.50,1.00u,4,rlin_at_50mV,0.05,0.0137016,3.64921,14.5968,5.45
pfet_05v0,sf,125,5.50,1.00u,8,drop_at_50mA,0.091815,0.05,1.8363,14.6904,5.40818
pfet_05v0,sf,125,5.50,1.00u,8,drop_at_100mA,0.186322,0.1,1.86322,14.9058,5.31368
pfet_05v0,sf,125,5.50,1.00u,8,rlin_at_50mV,0.05,0.0274032,1.8246,14.5968,5.45
pfet_05v0,sf,125,5.50,1.00u,16,drop_at_50mA,0.0455844,0.05,0.911688,14.587,5.45442
pfet_05v0,sf,125,5.50,1.00u,16,drop_at_100mA,0.091815,0.1,0.91815,14.6904,5.40818
pfet_05v0,sf,125,5.50,1.00u,16,rlin_at_50mV,0.05,0.0548064,0.912302,14.5968,5.45
pfet_06v0,typical,-40,2.10,0.55u,1,drop_at_50mA,7.40006,0.05,148.001,148.001,-5.30006
pfet_06v0,typical,-40,2.10,0.55u,1,drop_at_100mA,9.39719,0.1,93.9719,93.9719,-7.29719
pfet_06v0,typical,-40,2.10,0.55u,1,rlin_at_50mV,0.05,0.00381855,13.094,13.094,2.05
pfet_06v0,typical,-40,2.10,0.55u,2,drop_at_50mA,0.434978,0.05,8.69956,17.3991,1.66502
pfet_06v0,typical,-40,2.10,0.55u,2,drop_at_100mA,7.40006,0.1,74.0006,148.001,-5.30006
pfet_06v0,typical,-40,2.10,0.55u,2,rlin_at_50mV,0.05,0.0076371,6.54699,13.094,2.05
pfet_06v0,typical,-40,2.10,0.55u,4,drop_at_50mA,0.179091,0.05,3.58182,14.3273,1.92091
pfet_06v0,typical,-40,2.10,0.55u,4,drop_at_100mA,0.434978,0.1,4.34978,17.3991,1.66502
pfet_06v0,typical,-40,2.10,0.55u,4,rlin_at_50mV,0.05,0.0152742,3.27349,13.094,2.05
pfet_06v0,typical,-40,2.10,0.55u,8,drop_at_50mA,0.0837485,0.05,1.67497,13.3998,2.01625
pfet_06v0,typical,-40,2.10,0.55u,8,drop_at_100mA,0.179091,0.1,1.79091,14.3273,1.92091
pfet_06v0,typical,-40,2.10,0.55u,8,rlin_at_50mV,0.05,0.0305484,1.63675,13.094,2.05
pfet_06v0,typical,-40,2.10,0.55u,16,drop_at_50mA,0.0406602,0.05,0.813204,13.0113,2.05934
pfet_06v0,typical,-40,2.10,0.55u,16,drop_at_100mA,0.0837485,0.1,0.837485,13.3998,2.01625
pfet_06v0,typical,-40,2.10,0.55u,16,rlin_at_50mV,0.05,0.0610968,0.818373,13.094,2.05
pfet_06v0,typical,-40,2.10,0.70u,1,drop_at_50mA,8.62829,0.05,172.566,172.566,-6.52829
pfet_06v0,typical,-40,2.10,0.70u,1,drop_at_100mA,10.1792,0.1,101.792,101.792,-8.07921
pfet_06v0,typical,-40,2.10,0.70u,1,rlin_at_50mV,0.05,0.00288321,17.3418,17.3418,2.05
pfet_06v0,typical,-40,2.10,0.70u,2,drop_at_50mA,0.802372,0.05,16.0474,32.0949,1.29763
pfet_06v0,typical,-40,2.10,0.70u,2,drop_at_100mA,8.62829,0.1,86.2829,172.566,-6.52829
pfet_06v0,typical,-40,2.10,0.70u,2,rlin_at_50mV,0.05,0.00576641,8.6709,17.3418,2.05
pfet_06v0,typical,-40,2.10,0.70u,4,drop_at_50mA,0.249202,0.05,4.98404,19.9361,1.8508
pfet_06v0,typical,-40,2.10,0.70u,4,drop_at_100mA,0.802372,0.1,8.02372,32.0949,1.29763
pfet_06v0,typical,-40,2.10,0.70u,4,rlin_at_50mV,0.05,0.0115328,4.33545,17.3418,2.05
pfet_06v0,typical,-40,2.10,0.70u,8,drop_at_50mA,0.113122,0.05,2.26243,18.0995,1.98688
pfet_06v0,typical,-40,2.10,0.70u,8,drop_at_100mA,0.249202,0.1,2.49202,19.9361,1.8508
pfet_06v0,typical,-40,2.10,0.70u,8,rlin_at_50mV,0.05,0.0230657,2.16772,17.3418,2.05
pfet_06v0,typical,-40,2.10,0.70u,16,drop_at_50mA,0.054351,0.05,1.08702,17.3923,2.04565
pfet_06v0,typical,-40,2.10,0.70u,16,drop_at_100mA,0.113122,0.1,1.13122,18.0995,1.98688
pfet_06v0,typical,-40,2.10,0.70u,16,rlin_at_50mV,0.05,0.0461313,1.08386,17.3418,2.05
pfet_06v0,typical,-40,2.10,1.20u,1,drop_at_50mA,10.1978,0.05,203.956,203.956,-8.09782
pfet_06v0,typical,-40,2.10,1.20u,1,drop_at_100mA,11.6825,0.1,116.825,116.825,-9.58254
pfet_06v0,typical,-40,2.10,1.20u,1,rlin_at_50mV,0.05,0.00157622,31.7215,31.7215,2.05
pfet_06v0,typical,-40,2.10,1.20u,2,drop_at_50mA,8.62578,0.05,172.516,345.031,-6.52578
pfet_06v0,typical,-40,2.10,1.20u,2,drop_at_100mA,10.1978,0.1,101.978,203.956,-8.09782
pfet_06v0,typical,-40,2.10,1.20u,2,rlin_at_50mV,0.05,0.00315243,15.8608,31.7215,2.05
pfet_06v0,typical,-40,2.10,1.20u,4,drop_at_50mA,0.619476,0.05,12.3895,49.5581,1.48052
pfet_06v0,typical,-40,2.10,1.20u,4,drop_at_100mA,8.62578,0.1,86.2578,345.031,-6.52578
pfet_06v0,typical,-40,2.10,1.20u,4,rlin_at_50mV,0.05,0.00630486,7.93039,31.7215,2.05
pfet_06v0,typical,-40,2.10,1.20u,8,drop_at_50mA,0.223362,0.05,4.46725,35.738,1.87664
pfet_06v0,typical,-40,2.10,1.20u,8,drop_at_100mA,0.619476,0.1,6.19476,49.5581,1.48052
pfet_06v0,typical,-40,2.10,1.20u,8,rlin_at_50mV,0.05,0.0126097,3.96519,31.7215,2.05
pfet_06v0,typical,-40,2.10,1.20u,16,drop_at_50mA,0.10266,0.05,2.05321,32.8513,1.99734
pfet_06v0,typical,-40,2.10,1.20u,16,drop_at_100mA,0.223362,0.1,2.23362,35.738,1.87664
pfet_06v0,typical,-40,2.10,1.20u,16,rlin_at_50mV,0.05,0.0252194,1.9826,31.7215,2.05
pfet_06v0,typical,-40,2.97,0.55u,1,drop_at_50mA,0.526807,0.05,10.5361,10.5361,2.44319
pfet_06v0,typical,-40,2.97,0.55u,1,drop_at_100mA,6.65079,0.1,66.5079,66.5079,-3.68079
pfet_06v0,typical,-40,2.97,0.55u,1,rlin_at_50mV,0.05,0.00588871,8.49082,8.49082,2.92
pfet_06v0,typical,-40,2.97,0.55u,2,drop_at_50mA,0.229707,0.05,4.59413,9.18826,2.74029
pfet_06v0,typical,-40,2.97,0.55u,2,drop_at_100mA,0.526807,0.1,5.26807,10.5361,2.44319
pfet_06v0,typical,-40,2.97,0.55u,2,rlin_at_50mV,0.05,0.0117774,4.24541,8.49082,2.92
pfet_06v0,typical,-40,2.97,0.55u,4,drop_at_50mA,0.108885,0.05,2.17771,8.71083,2.86111
pfet_06v0,typical,-40,2.97,0.55u,4,drop_at_100mA,0.229707,0.1,2.29707,9.18826,2.74029
pfet_06v0,typical,-40,2.97,0.55u,4,rlin_at_50mV,0.05,0.0235548,2.12271,8.49082,2.92
pfet_06v0,typical,-40,2.97,0.55u,8,drop_at_50mA,0.0531397,0.05,1.06279,8.50236,2.91686
pfet_06v0,typical,-40,2.97,0.55u,8,drop_at_100mA,0.108885,0.1,1.08885,8.71083,2.86111
pfet_06v0,typical,-40,2.97,0.55u,8,rlin_at_50mV,0.05,0.0471097,1.06135,8.49082,2.92
pfet_06v0,typical,-40,2.97,0.55u,16,drop_at_50mA,0.0262636,0.05,0.525272,8.40435,2.94374
pfet_06v0,typical,-40,2.97,0.55u,16,drop_at_100mA,0.0531397,0.1,0.531397,8.50236,2.91686
pfet_06v0,typical,-40,2.97,0.55u,16,rlin_at_50mV,0.05,0.0942194,0.530676,8.49082,2.92
pfet_06v0,typical,-40,2.97,0.70u,1,drop_at_50mA,0.761235,0.05,15.2247,15.2247,2.20877
pfet_06v0,typical,-40,2.97,0.70u,1,drop_at_100mA,8.51336,0.1,85.1336,85.1336,-5.54336
pfet_06v0,typical,-40,2.97,0.70u,1,rlin_at_50mV,0.05,0.00452968,11.0383,11.0383,2.92
pfet_06v0,typical,-40,2.97,0.70u,2,drop_at_50mA,0.308029,0.05,6.16058,12.3212,2.66197
pfet_06v0,typical,-40,2.97,0.70u,2,drop_at_100mA,0.761235,0.1,7.61235,15.2247,2.20877
pfet_06v0,typical,-40,2.97,0.70u,2,rlin_at_50mV,0.05,0.00905936,5.51915,11.0383,2.92
pfet_06v0,typical,-40,2.97,0.70u,4,drop_at_50mA,0.143478,0.05,2.86956,11.4782,2.82652
pfet_06v0,typical,-40,2.97,0.70u,4,drop_at_100mA,0.308029,0.1,3.08029,12.3212,2.66197
pfet_06v0,typical,-40,2.97,0.70u,4,rlin_at_50mV,0.05,0.0181187,2.75958,11.0383,2.92
pfet_06v0,typical,-40,2.97,0.70u,8,drop_at_50mA,0.069551,0.05,1.39102,11.1282,2.90045
pfet_06v0,typical,-40,2.97,0.70u,8,drop_at_100mA,0.143478,0.1,1.43478,11.4782,2.82652
pfet_06v0,typical,-40,2.97,0.70u,8,rlin_at_50mV,0.05,0.0362374,1.37979,11.0383,2.92
pfet_06v0,typical,-40,2.97,0.70u,16,drop_at_50mA,0.0342713,0.05,0.685426,10.9668,2.93573
pfet_06v0,typical,-40,2.97,0.70u,16,drop_at_100mA,0.069551,0.1,0.69551,11.1282,2.90045
pfet_06v0,typical,-40,2.97,0.70u,16,rlin_at_50mV,0.05,0.0724749,0.689894,11.0383,2.92
pfet_06v0,typical,-40,2.97,1.20u,1,drop_at_50mA,8.22899,0.05,164.58,164.58,-5.25899
pfet_06v0,typical,-40,2.97,1.20u,1,drop_at_100mA,10.1415,0.1,101.415,101.415,-7.17147
pfet_06v0,typical,-40,2.97,1.20u,1,rlin_at_50mV,0.05,0.00254428,19.6519,19.6519,2.92
pfet_06v0,typical,-40,2.97,1.20u,2,drop_at_50mA,0.627736,0.05,12.5547,25.1094,2.34226
pfet_06v0,typical,-40,2.97,1.20u,2,drop_at_100mA,8.22899,0.1,82.2899,164.58,-5.25899
pfet_06v0,typical,-40,2.97,1.20u,2,rlin_at_50mV,0.05,0.00508857,9.82594,19.6519,2.92
pfet_06v0,typical,-40,2.97,1.20u,4,drop_at_50mA,0.268071,0.05,5.36143,21.4457,2.70193
pfet_06v0,typical,-40,2.97,1.20u,4,drop_at_100mA,0.627736,0.1,6.27736,25.1094,2.34226
pfet_06v0,typical,-40,2.97,1.20u,4,rlin_at_50mV,0.05,0.0101771,4.91297,19.6519,2.92
pfet_06v0,typical,-40,2.97,1.20u,8,drop_at_50mA,0.12657,0.05,2.53141,20.2513,2.84343
pfet_06v0,typical,-40,2.97,1.20u,8,drop_at_100mA,0.268071,0.1,2.68071,21.4457,2.70193
pfet_06v0,typical,-40,2.97,1.20u,8,rlin_at_50mV,0.05,0.0203543,2.45649,19.6519,2.92
pfet_06v0,typical,-40,2.97,1.20u,16,drop_at_50mA,0.0616919,0.05,1.23384,19.7414,2.90831
pfet_06v0,typical,-40,2.97,1.20u,16,drop_at_100mA,0.12657,0.1,1.2657,20.2513,2.84343
pfet_06v0,typical,-40,2.97,1.20u,16,rlin_at_50mV,0.05,0.0407086,1.22824,19.6519,2.92
pfet_06v0,typical,-40,3.30,0.55u,1,drop_at_50mA,0.447593,0.05,8.95187,8.95187,2.85241
pfet_06v0,typical,-40,3.30,0.55u,1,drop_at_100mA,1.32589,0.1,13.2589,13.2589,1.97411
pfet_06v0,typical,-40,3.30,0.55u,1,rlin_at_50mV,0.05,0.00653647,7.64939,7.64939,3.25
pfet_06v0,typical,-40,3.30,0.55u,2,drop_at_50mA,0.202927,0.05,4.05854,8.11708,3.09707
pfet_06v0,typical,-40,3.30,0.55u,2,drop_at_100mA,0.447593,0.1,4.47593,8.95187,2.85241
pfet_06v0,typical,-40,3.30,0.55u,2,rlin_at_50mV,0.05,0.0130729,3.82469,7.64939,3.25
pfet_06v0,typical,-40,3.30,0.55u,4,drop_at_50mA,0.0973781,0.05,1.94756,7.79025,3.20262
pfet_06v0,typical,-40,3.30,0.55u,4,drop_at_100mA,0.202927,0.1,2.02927,8.11708,3.09707
pfet_06v0,typical,-40,3.30,0.55u,4,rlin_at_50mV,0.05,0.0261459,1.91235,7.64939,3.25
pfet_06v0,typical,-40,3.30,0.55u,8,drop_at_50mA,0.0477677,0.05,0.955355,7.64284,3.25223
pfet_06v0,typical,-40,3.30,0.55u,8,drop_at_100mA,0.0973781,0.1,0.973781,7.79025,3.20262
pfet_06v0,typical,-40,3.30,0.55u,8,rlin_at_50mV,0.05,0.0522918,0.956174,7.64939,3.25
pfet_06v0,typical,-40,3.30,0.55u,16,drop_at_50mA,0.0236643,0.05,0.473287,7.57259,3.27634
pfet_06v0,typical,-40,3.30,0.55u,16,drop_at_100mA,0.0477677,0.1,0.477677,7.64284,3.25223
pfet_06v0,typical,-40,3.30,0.55u,16,rlin_at_50mV,0.05,0.104584,0.478087,7.64939,3.25
pfet_06v0,typical,-40,3.30,0.70u,1,drop_at_50mA,0.61541,0.05,12.3082,12.3082,2.68459
pfet_06v0,typical,-40,3.30,0.70u,1,drop_at_100mA,7.49758,0.1,74.9758,74.9758,-4.19758
pfet_06v0,typical,-40,3.30,0.70u,1,rlin_at_50mV,0.05,0.00505249,9.89611,9.89611,3.25
pfet_06v0,typical,-40,3.30,0.70u,2,drop_at_50mA,0.268369,0.05,5.36738,10.7348,3.03163
pfet_06v0,typical,-40,3.30,0.70u,2,drop_at_100mA,0.61541,0.1,6.1541,12.3082,2.68459
pfet_06v0,typical,-40,3.30,0.70u,2,rlin_at_50mV,0.05,0.010105,4.94806,9.89611,3.25
pfet_06v0,typical,-40,3.30,0.70u,4,drop_at_50mA,0.127266,0.05,2.54532,10.1813,3.17273
pfet_06v0,typical,-40,3.30,0.70u,4,drop_at_100mA,0.268369,0.1,2.68369,10.7348,3.03163
pfet_06v0,typical,-40,3.30,0.70u,4,rlin_at_50mV,0.05,0.02021,2.47403,9.89611,3.25
pfet_06v0,typical,-40,3.30,0.70u,8,drop_at_50mA,0.0621255,0.05,1.24251,9.94007,3.23787
pfet_06v0,typical,-40,3.30,0.70u,8,drop_at_100mA,0.127266,0.1,1.27266,10.1813,3.17273
pfet_06v0,typical,-40,3.30,0.70u,8,rlin_at_50mV,0.05,0.0404199,1.23701,9.89611,3.25
pfet_06v0,typical,-40,3.30,0.70u,16,drop_at_50mA,0.0307086,0.05,0.614173,9.82677,3.26929
pfet_06v0,typical,-40,3.30,0.70u,16,drop_at_100mA,0.0621255,0.1,0.621255,9.94007,3.23787
pfet_06v0,typical,-40,3.30,0.70u,16,rlin_at_50mV,0.05,0.0808398,0.618507,9.89611,3.25
pfet_06v0,typical,-40,3.30,1.20u,1,drop_at_50mA,3.19994,0.05,63.9988,63.9988,0.100058
pfet_06v0,typical,-40,3.30,1.20u,1,drop_at_100mA,9.77354,0.1,97.7354,97.7354,-6.47354
pfet_06v0,typical,-40,3.30,1.20u,1,rlin_at_50mV,0.05,0.00285868,17.4906,17.4906,3.25
pfet_06v0,typical,-40,3.30,1.20u,2,drop_at_50mA,0.516978,0.05,10.3396,20.6791,2.78302
pfet_06v0,typical,-40,3.30,1.20u,2,drop_at_100mA,3.19994,0.1,31.9994,63.9988,0.100058
pfet_06v0,typical,-40,3.30,1.20u,2,rlin_at_50mV,0.05,0.00571736,8.74529,17.4906,3.25
pfet_06v0,typical,-40,3.30,1.20u,4,drop_at_50mA,0.232908,0.05,4.65816,18.6327,3.06709
pfet_06v0,typical,-40,3.30,1.20u,4,drop_at_100mA,0.516978,0.1,5.16978,20.6791,2.78302
pfet_06v0,typical,-40,3.30,1.20u,4,rlin_at_50mV,0.05,0.0114347,4.37265,17.4906,3.25
pfet_06v0,typical,-40,3.30,1.20u,8,drop_at_50mA,0.111637,0.05,2.23274,17.8619,3.18836
pfet_06v0,typical,-40,3.30,1.20u,8,drop_at_100mA,0.232908,0.1,2.32908,18.6327,3.06709
pfet_06v0,typical,-40,3.30,1.20u,8,rlin_at_50mV,0.05,0.0228694,2.18632,17.4906,3.25
pfet_06v0,typical,-40,3.30,1.20u,16,drop_at_50mA,0.054746,0.05,1.09492,17.5187,3.24525
pfet_06v0,typical,-40,3.30,1.20u,16,drop_at_100mA,0.111637,0.1,1.11637,17.8619,3.18836
pfet_06v0,typical,-40,3.30,1.20u,16,rlin_at_50mV,0.05,0.0457389,1.09316,17.4906,3.25
pfet_06v0,typical,-40,3.63,0.55u,1,drop_at_50mA,0.396698,0.05,7.93395,7.93395,3.2333
pfet_06v0,typical,-40,3.63,0.55u,1,drop_at_100mA,0.994986,0.1,9.94986,9.94986,2.63501
pfet_06v0,typical,-40,3.63,0.55u,1,rlin_at_50mV,0.05,0.00712442,7.01812,7.01812,3.58
pfet_06v0,typical,-40,3.63,0.55u,2,drop_at_50mA,0.183848,0.05,3.67697,7.35394,3.44615
pfet_06v0,typical,-40,3.63,0.55u,2,drop_at_100mA,0.396698,0.1,3.96698,7.93395,3.2333
pfet_06v0,typical,-40,3.63,0.55u,2,rlin_at_50mV,0.05,0.0142488,3.50906,7.01812,3.58
pfet_06v0,typical,-40,3.63,0.55u,4,drop_at_50mA,0.0889203,0.05,1.77841,7.11363,3.54108
pfet_06v0,typical,-40,3.63,0.55u,4,drop_at_100mA,0.183848,0.1,1.83848,7.35394,3.44615
pfet_06v0,typical,-40,3.63,0.55u,4,rlin_at_50mV,0.05,0.0284977,1.75453,7.01812,3.58
pfet_06v0,typical,-40,3.63,0.55u,8,drop_at_50mA,0.0437686,0.05,0.875373,7.00298,3.58623
pfet_06v0,typical,-40,3.63,0.55u,8,drop_at_100mA,0.0889203,0.1,0.889203,7.11363,3.54108
pfet_06v0,typical,-40,3.63,0.55u,8,rlin_at_50mV,0.05,0.0569954,0.877265,7.01812,3.58
pfet_06v0,typical,-40,3.63,0.55u,16,drop_at_50mA,0.021718,0.05,0.434361,6.94977,3.60828
pfet_06v0,typical,-40,3.63,0.55u,16,drop_at_100mA,0.0437686,0.1,0.437686,7.00298,3.58623
pfet_06v0,typical,-40,3.63,0.55u,16,rlin_at_50mV,0.05,0.113991,0.438632,7.01812,3.58
pfet_06v0,typical,-40,3.63,0.70u,1,drop_at_50mA,0.532939,0.05,10.6588,10.6588,3.09706
pfet_06v0,typical,-40,3.63,0.70u,1,drop_at_100mA,1.72142,0.1,17.2142,17.2142,1.90858
pfet_06v0,typical,-40,3.63,0.70u,1,rlin_at_50mV,0.05,0.00552976,9.04199,9.04199,3.58
pfet_06v0,typical,-40,3.63,0.70u,2,drop_at_50mA,0.240867,0.05,4.81733,9.63466,3.38913
pfet_06v0,typical,-40,3.63,0.70u,2,drop_at_100mA,0.532939,0.1,5.32939,10.6588,3.09706
pfet_06v0,typical,-40,3.63,0.70u,2,rlin_at_50mV,0.05,0.0110595,4.52099,9.04199,3.58
pfet_06v0,typical,-40,3.63,0.70u,4,drop_at_50mA,0.11549,0.05,2.3098,9.23921,3.51451
pfet_06v0,typical,-40,3.63,0.70u,4,drop_at_100mA,0.240867,0.1,2.40867,9.63466,3.38913
pfet_06v0,typical,-40,3.63,0.70u,4,rlin_at_50mV,0.05,0.022119,2.2605,9.04199,3.58
pfet_06v0,typical,-40,3.63,0.70u,8,drop_at_50mA,0.0566356,0.05,1.13271,9.06169,3.57336
pfet_06v0,typical,-40,3.63,0.70u,8,drop_at_100mA,0.11549,0.1,1.1549,9.23921,3.51451
pfet_06v0,typical,-40,3.63,0.70u,8,rlin_at_50mV,0.05,0.0442381,1.13025,9.04199,3.58
pfet_06v0,typical,-40,3.63,0.70u,16,drop_at_50mA,0.0280539,0.05,0.561079,8.97726,3.60195
pfet_06v0,typical,-40,3.63,0.70u,16,drop_at_100mA,0.0566356,0.1,0.566356,9.06169,3.57336
pfet_06v0,typical,-40,3.63,0.70u,16,rlin_at_50mV,0.05,0.0884761,0.565124,9.04199,3.58
pfet_06v0,typical,-40,3.63,1.20u,1,drop_at_50mA,1.16072,0.05,23.2145,23.2145,2.46928
pfet_06v0,typical,-40,3.63,1.20u,1,drop_at_100mA,9.41891,0.1,94.1891,94.1891,-5.78891
pfet_06v0,typical,-40,3.63,1.20u,1,rlin_at_50mV,0.05,0.00314832,15.8815,15.8815,3.58
pfet_06v0,typical,-40,3.63,1.20u,2,drop_at_50mA,0.450079,0.05,9.00159,18.0032,3.17992
pfet_06v0,typical,-40,3.63,1.20u,2,drop_at_100mA,1.16072,0.1,11.6072,23.2145,2.46928
pfet_06v0,typical,-40,3.63,1.20u,2,rlin_at_50mV,0.05,0.00629664,7.94074,15.8815,3.58
pfet_06v0,typical,-40,3.63,1.20u,4,drop_at_50mA,0.208357,0.05,4.16714,16.6686,3.42164
pfet_06v0,typical,-40,3.63,1.20u,4,drop_at_100mA,0.450079,0.1,4.50079,18.0032,3.17992
pfet_06v0,typical,-40,3.63,1.20u,4,rlin_at_50mV,0.05,0.0125933,3.97037,15.8815,3.58
pfet_06v0,typical,-40,3.63,1.20u,8,drop_at_50mA,0.100794,0.05,2.01589,16.1271,3.52921
pfet_06v0,typical,-40,3.63,1.20u,8,drop_at_100mA,0.208357,0.1,2.08357,16.6686,3.42164
pfet_06v0,typical,-40,3.63,1.20u,8,rlin_at_50mV,0.05,0.0251866,1.98519,15.8815,3.58
pfet_06v0,typical,-40,3.63,1.20u,16,drop_at_50mA,0.049624,0.05,0.992481,15.8797,3.58038
pfet_06v0,typical,-40,3.63,1.20u,16,drop_at_100mA,0.100794,0.1,1.00794,16.1271,3.52921
pfet_06v0,typical,-40,3.63,1.20u,16,rlin_at_50mV,0.05,0.0503731,0.992593,15.8815,3.58
pfet_06v0,typical,-40,4.50,0.55u,1,drop_at_50mA,0.319518,0.05,6.39037,6.39037,4.18048
pfet_06v0,typical,-40,4.50,0.55u,1,drop_at_100mA,0.716804,0.1,7.16804,7.16804,3.7832
pfet_06v0,typical,-40,4.50,0.55u,1,rlin_at_50mV,0.05,0.00844094,5.92351,5.92351,4.45
pfet_06v0,typical,-40,4.50,0.55u,2,drop_at_50mA,0.152392,0.05,3.04783,6.09567,4.34761
pfet_06v0,typical,-40,4.50,0.55u,2,drop_at_100mA,0.319518,0.1,3.19518,6.39037,4.18048
pfet_06v0,typical,-40,4.50,0.55u,2,rlin_at_50mV,0.05,0.0168819,2.96176,5.92351,4.45
pfet_06v0,typical,-40,4.50,0.55u,4,drop_at_50mA,0.074553,0.05,1.49106,5.96424,4.42545
pfet_06v0,typical,-40,4.50,0.55u,4,drop_at_100mA,0.152392,0.1,1.52392,6.09567,4.34761
pfet_06v0,typical,-40,4.50,0.55u,4,rlin_at_50mV,0.05,0.0337637,1.48088,5.92351,4.45
pfet_06v0,typical,-40,4.50,0.55u,8,drop_at_50mA,0.0368869,0.05,0.737738,5.90191,4.46311
pfet_06v0,typical,-40,4.50,0.55u,8,drop_at_100mA,0.074553,0.1,0.74553,5.96424,4.42545
pfet_06v0,typical,-40,4.50,0.55u,8,rlin_at_50mV,0.05,0.0675275,0.740439,5.92351,4.45
pfet_06v0,typical,-40,4.50,0.55u,16,drop_at_50mA,0.0183485,0.05,0.36697,5.87152,4.48165
pfet_06v0,typical,-40,4.50,0.55u,16,drop_at_100mA,0.0368869,0.1,0.368869,5.90191,4.46311
pfet_06v0,typical,-40,4.50,0.55u,16,rlin_at_50mV,0.05,0.135055,0.37022,5.92351,4.45
pfet_06v0,typical,-40,4.50,0.70u,1,drop_at_50mA,0.417233,0.05,8.34466,8.34466,4.08277
pfet_06v0,typical,-40,4.50,0.70u,1,drop_at_100mA,0.975896,0.1,9.75896,9.75896,3.5241
pfet_06v0,typical,-40,4.50,0.70u,1,rlin_at_50mV,0.05,0.00660632,7.56851,7.56851,4.45
pfet_06v0,typical,-40,4.50,0.70u,2,drop_at_50mA,0.196648,0.05,3.93297,7.86593,4.30335
pfet_06v0,typical,-40,4.50,0.70u,2,drop_at_100mA,0.417233,0.1,4.17233,8.34466,4.08277
pfet_06v0,typical,-40,4.50,0.70u,2,rlin_at_50mV,0.05,0.0132126,3.78426,7.56851,4.45
pfet_06v0,typical,-40,4.50,0.70u,4,drop_at_50mA,0.0957451,0.05,1.9149,7.65961,4.40425
pfet_06v0,typical,-40,4.50,0.70u,4,drop_at_100mA,0.196648,0.1,1.96648,7.86593,4.30335
pfet_06v0,typical,-40,4.50,0.70u,4,rlin_at_50mV,0.05,0.0264253,1.89213,7.56851,4.45
pfet_06v0,typical,-40,4.50,0.70u,8,drop_at_50mA,0.0472695,0.05,0.945391,7.56312,4.45273
pfet_06v0,typical,-40,4.50,0.70u,8,drop_at_100mA,0.0957451,0.1,0.957451,7.65961,4.40425
pfet_06v0,typical,-40,4.50,0.70u,8,rlin_at_50mV,0.05,0.0528505,0.946064,7.56851,4.45
pfet_06v0,typical,-40,4.50,0.70u,16,drop_at_50mA,0.0234888,0.05,0.469775,7.5164,4.47651
pfet_06v0,typical,-40,4.50,0.70u,16,drop_at_100mA,0.0472695,0.1,0.472695,7.56312,4.45273
pfet_06v0,typical,-40,4.50,0.70u,16,rlin_at_50mV,0.05,0.105701,0.473032,7.56851,4.45
pfet_06v0,typical,-40,4.50,1.20u,1,drop_at_50mA,0.787542,0.05,15.7508,15.7508,3.71246
pfet_06v0,typical,-40,4.50,1.20u,1,drop_at_100mA,6.69117,0.1,66.9117,66.9117,-2.19117
pfet_06v0,typical,-40,4.50,1.20u,1,rlin_at_50mV,0.05,0.00380957,13.1248,13.1248,4.45
pfet_06v0,typical,-40,4.50,1.20u,2,drop_at_50mA,0.352749,0.05,7.05499,14.11,4.14725
pfet_06v0,typical,-40,4.50,1.20u,2,drop_at_100mA,0.787542,0.1,7.87542,15.7508,3.71246
pfet_06v0,typical,-40,4.50,1.20u,2,rlin_at_50mV,0.05,0.00761914,6.56242,13.1248,4.45
pfet_06v0,typical,-40,4.50,1.20u,4,drop_at_50mA,0.16872,0.05,3.37439,13.4976,4.33128
pfet_06v0,typical,-40,4.50,1.20u,4,drop_at_100mA,0.352749,0.1,3.52749,14.11,4.14725
pfet_06v0,typical,-40,4.50,1.20u,4,rlin_at_50mV,0.05,0.0152383,3.28121,13.1248,4.45
pfet_06v0,typical,-40,4.50,1.20u,8,drop_at_50mA,0.0826608,0.05,1.65322,13.2257,4.41734
pfet_06v0,typical,-40,4.50,1.20u,8,drop_at_100mA,0.16872,0.1,1.6872,13.4976,4.33128
pfet_06v0,typical,-40,4.50,1.20u,8,rlin_at_50mV,0.05,0.0304765,1.64061,13.1248,4.45
pfet_06v0,typical,-40,4.50,1.20u,16,drop_at_50mA,0.0409283,0.05,0.818565,13.097,4.45907
pfet_06v0,typical,-40,4.50,1.20u,16,drop_at_100mA,0.0826608,0.1,0.826608,13.2257,4.41734
pfet_06v0,typical,-40,4.50,1.20u,16,rlin_at_50mV,0.05,0.0609531,0.820303,13.1248,4.45
pfet_06v0,typical,-40,5.00,0.55u,1,drop_at_50mA,0.293022,0.05,5.86045,5.86045,4.70698
pfet_06v0,typical,-40,5.00,0.55u,1,drop_at_100mA,0.641117,0.1,6.41117,6.41117,4.35888
pfet_06v0,typical,-40,5.00,0.55u,1,rlin_at_50mV,0.05,0.00907385,5.51034,5.51034,4.95
pfet_06v0,typical,-40,5.00,0.55u,2,drop_at_50mA,0.140958,0.05,2.81916,5.63832,4.85904
pfet_06v0,typical,-40,5.00,0.55u,2,drop_at_100mA,0.293022,0.1,2.93022,5.86045,4.70698
pfet_06v0,typical,-40,5.00,0.55u,2,rlin_at_50mV,0.05,0.0181477,2.75517,5.51034,4.95
pfet_06v0,typical,-40,5.00,0.55u,4,drop_at_50mA,0.0692135,0.05,1.38427,5.53708,4.93079
pfet_06v0,typical,-40,5.00,0.55u,4,drop_at_100mA,0.140958,0.1,1.40958,5.63832,4.85904
pfet_06v0,typical,-40,5.00,0.55u,4,rlin_at_50mV,0.05,0.0362954,1.37759,5.51034,4.95
pfet_06v0,typical,-40,5.00,0.55u,8,drop_at_50mA,0.0343038,0.05,0.686077,5.48861,4.9657
pfet_06v0,typical,-40,5.00,0.55u,8,drop_at_100mA,0.0692135,0.1,0.692135,5.53708,4.93079
pfet_06v0,typical,-40,5.00,0.55u,8,rlin_at_50mV,0.05,0.0725908,0.688793,5.51034,4.95
pfet_06v0,typical,-40,5.00,0.55u,16,drop_at_50mA,0.0170778,0.05,0.341555,5.46488,4.98292
pfet_06v0,typical,-40,5.00,0.55u,16,drop_at_100mA,0.0343038,0.1,0.343038,5.48861,4.9657
pfet_06v0,typical,-40,5.00,0.55u,16,rlin_at_50mV,0.05,0.145182,0.344396,5.51034,4.95
pfet_06v0,typical,-40,5.00,0.70u,1,drop_at_50mA,0.379363,0.05,7.58726,7.58726,4.62064
pfet_06v0,typical,-40,5.00,0.70u,1,drop_at_100mA,0.852594,0.1,8.52594,8.52594,4.14741
pfet_06v0,typical,-40,5.00,0.70u,1,rlin_at_50mV,0.05,0.00712676,7.01581,7.01581,4.95
pfet_06v0,typical,-40,5.00,0.70u,2,drop_at_50mA,0.180893,0.05,3.61786,7.23573,4.81911
pfet_06v0,typical,-40,5.00,0.70u,2,drop_at_100mA,0.379363,0.1,3.79363,7.58726,4.62064
pfet_06v0,typical,-40,5.00,0.70u,2,rlin_at_50mV,0.05,0.0142535,3.5079,7.01581,4.95
pfet_06v0,typical,-40,5.00,0.70u,4,drop_at_50mA,0.0884943,0.05,1.76989,7.07955,4.91151
pfet_06v0,typical,-40,5.00,0.70u,4,drop_at_100mA,0.180893,0.1,1.80893,7.23573,4.81911
pfet_06v0,typical,-40,5.00,0.70u,4,rlin_at_50mV,0.05,0.028507,1.75395,7.01581,4.95
pfet_06v0,typical,-40,5.00,0.70u,8,drop_at_50mA,0.0437849,0.05,0.875699,7.00559,4.95622
pfet_06v0,typical,-40,5.00,0.70u,8,drop_at_100mA,0.0884943,0.1,0.884943,7.07955,4.91151
pfet_06v0,typical,-40,5.00,0.70u,8,rlin_at_50mV,0.05,0.0570141,0.876976,7.01581,4.95
pfet_06v0,typical,-40,5.00,0.70u,16,drop_at_50mA,0.0217799,0.05,0.435598,6.96957,4.97822
pfet_06v0,typical,-40,5.00,0.70u,16,drop_at_100mA,0.0437849,0.1,0.437849,7.00559,4.95622
pfet_06v0,typical,-40,5.00,0.70u,16,rlin_at_50mV,0.05,0.114028,0.438488,7.01581,4.95
pfet_06v0,typical,-40,5.00,1.20u,1,drop_at_50mA,0.695867,0.05,13.9173,13.9173,4.30413
pfet_06v0,typical,-40,5.00,1.20u,1,drop_at_100mA,1.85281,0.1,18.5281,18.5281,3.14719
pfet_06v0,typical,-40,5.00,1.20u,1,rlin_at_50mV,0.05,0.00413232,12.0997,12.0997,4.95
pfet_06v0,typical,-40,5.00,1.20u,2,drop_at_50mA,0.320291,0.05,6.40582,12.8116,4.67971
pfet_06v0,typical,-40,5.00,1.20u,2,drop_at_100mA,0.695867,0.1,6.95867,13.9173,4.30413
pfet_06v0,typical,-40,5.00,1.20u,2,rlin_at_50mV,0.05,0.00826465,6.04987,12.0997,4.95
pfet_06v0,typical,-40,5.00,1.20u,4,drop_at_50mA,0.154596,0.05,3.09191,12.3677,4.8454
pfet_06v0,typical,-40,5.00,1.20u,4,drop_at_100mA,0.320291,0.1,3.20291,12.8116,4.67971
pfet_06v0,typical,-40,5.00,1.20u,4,rlin_at_50mV,0.05,0.0165293,3.02493,12.0997,4.95
pfet_06v0,typical,-40,5.00,1.20u,8,drop_at_50mA,0.0760348,0.05,1.5207,12.1656,4.92397
pfet_06v0,typical,-40,5.00,1.20u,8,drop_at_100mA,0.154596,0.1,1.54596,12.3677,4.8454
pfet_06v0,typical,-40,5.00,1.20u,8,rlin_at_50mV,0.05,0.0330586,1.51247,12.0997,4.95
pfet_06v0,typical,-40,5.00,1.20u,16,drop_at_50mA,0.0377152,0.05,0.754304,12.0689,4.96228
pfet_06v0,typical,-40,5.00,1.20u,16,drop_at_100mA,0.0760348,0.1,0.760348,12.1656,4.92397
pfet_06v0,typical,-40,5.00,1.20u,16,rlin_at_50mV,0.05,0.0661172,0.756233,12.0997,4.95
pfet_06v0,typical,-40,5.50,0.55u,1,drop_at_50mA,0.27323,0.05,5.4646,5.4646,5.22677
pfet_06v0,typical,-40,5.50,0.55u,1,drop_at_100mA,0.58828,0.1,5.8828,5.8828,4.91172
pfet_06v0,typical,-40,5.50,0.55u,1,rlin_at_50mV,0.05,0.00963439,5.18974,5.18974,5.45
pfet_06v0,typical,-40,5.50,0.55u,2,drop_at_50mA,0.132226,0.05,2.64452,5.28904,5.36777
pfet_06v0,typical,-40,5.50,0.55u,2,drop_at_100mA,0.27323,0.1,2.7323,5.4646,5.22677
pfet_06v0,typical,-40,5.50,0.55u,2,rlin_at_50mV,0.05,0.0192688,2.59487,5.18974,5.45
pfet_06v0,typical,-40,5.50,0.55u,4,drop_at_50mA,0.0650976,0.05,1.30195,5.20781,5.4349
pfet_06v0,typical,-40,5.50,0.55u,4,drop_at_100mA,0.132226,0.1,1.32226,5.28904,5.36777
pfet_06v0,typical,-40,5.50,0.55u,4,rlin_at_50mV,0.05,0.0385376,1.29744,5.18974,5.45
pfet_06v0,typical,-40,5.50,0.55u,8,drop_at_50mA,0.0323041,0.05,0.646082,5.16866,5.4677
pfet_06v0,typical,-40,5.50,0.55u,8,drop_at_100mA,0.0650976,0.1,0.650976,5.20781,5.4349
pfet_06v0,typical,-40,5.50,0.55u,8,rlin_at_50mV,0.05,0.0770751,0.648718,5.18974,5.45
pfet_06v0,typical,-40,5.50,0.55u,16,drop_at_50mA,0.016092,0.05,0.321839,5.14943,5.48391
pfet_06v0,typical,-40,5.50,0.55u,16,drop_at_100mA,0.0323041,0.1,0.323041,5.16866,5.4677
pfet_06v0,typical,-40,5.50,0.55u,16,rlin_at_50mV,0.05,0.15415,0.324359,5.18974,5.45
pfet_06v0,typical,-40,5.50,0.70u,1,drop_at_50mA,0.351582,0.05,7.03163,7.03163,5.14842
pfet_06v0,typical,-40,5.50,0.70u,1,drop_at_100mA,0.77171,0.1,7.7171,7.7171,4.72829
pfet_06v0,typical,-40,5.50,0.70u,1,rlin_at_50mV,0.05,0.00758859,6.58884,6.58884,5.45
pfet_06v0,typical,-40,5.50,0.70u,2,drop_at_50mA,0.168976,0.05,3.37951,6.75902,5.33102
pfet_06v0,typical,-40,5.50,0.70u,2,drop_at_100mA,0.351582,0.1,3.51582,7.03163,5.14842
pfet_06v0,typical,-40,5.50,0.70u,2,rlin_at_50mV,0.05,0.0151772,3.29442,6.58884,5.45
pfet_06v0,typical,-40,5.50,0.70u,4,drop_at_50mA,0.0829425,0.05,1.65885,6.6354,5.41706
pfet_06v0,typical,-40,5.50,0.70u,4,drop_at_100mA,0.168976,0.1,1.68976,6.75902,5.33102
pfet_06v0,typical,-40,5.50,0.70u,4,rlin_at_50mV,0.05,0.0303544,1.64721,6.58884,5.45
pfet_06v0,typical,-40,5.50,0.70u,8,drop_at_50mA,0.0411021,0.05,0.822042,6.57634,5.4589
pfet_06v0,typical,-40,5.50,0.70u,8,drop_at_100mA,0.0829425,0.1,0.829425,6.6354,5.41706
pfet_06v0,typical,-40,5.50,0.70u,8,rlin_at_50mV,0.05,0.0607087,0.823605,6.58884,5.45
pfet_06v0,typical,-40,5.50,0.70u,16,drop_at_50mA,0.0204608,0.05,0.409216,6.54745,5.47954
pfet_06v0,typical,-40,5.50,0.70u,16,drop_at_100mA,0.0411021,0.1,0.411021,6.57634,5.4589
pfet_06v0,typical,-40,5.50,0.70u,16,rlin_at_50mV,0.05,0.121417,0.411803,6.58884,5.45
pfet_06v0,typical,-40,5.50,1.20u,1,drop_at_50mA,0.633255,0.05,12.6651,12.6651,4.86674
pfet_06v0,typical,-40,5.50,1.20u,1,drop_at_100mA,1.53159,0.1,15.3159,15.3159,3.96841
pfet_06v0,typical,-40,5.50,1.20u,1,rlin_at_50mV,0.05,0.0044198,11.3127,11.3127,5.45
pfet_06v0,typical,-40,5.50,1.20u,2,drop_at_50mA,0.296379,0.05,5.92758,11.8552,5.20362
pfet_06v0,typical,-40,5.50,1.20u,2,drop_at_100mA,0.633255,0.1,6.33255,12.6651,4.86674
pfet_06v0,typical,-40,5.50,1.20u,2,rlin_at_50mV,0.05,0.00883959,5.65637,11.3127,5.45
pfet_06v0,typical,-40,5.50,1.20u,4,drop_at_50mA,0.143937,0.05,2.87873,11.5149,5.35606
pfet_06v0,typical,-40,5.50,1.20u,4,drop_at_100mA,0.296379,0.1,2.96379,11.8552,5.20362
pfet_06v0,typical,-40,5.50,1.20u,4,rlin_at_50mV,0.05,0.0176792,2.82818,11.3127,5.45
pfet_06v0,typical,-40,5.50,1.20u,8,drop_at_50mA,0.0709839,0.05,1.41968,11.3574,5.42902
pfet_06v0,typical,-40,5.50,1.20u,8,drop_at_100mA,0.143937,0.1,1.43937,11.5149,5.35606
pfet_06v0,typical,-40,5.50,1.20u,8,rlin_at_50mV,0.05,0.0353584,1.41409,11.3127,5.45
pfet_06v0,typical,-40,5.50,1.20u,16,drop_at_50mA,0.0352547,0.05,0.705094,11.2815,5.46475
pfet_06v0,typical,-40,5.50,1.20u,16,drop_at_100mA,0.0709839,0.1,0.709839,11.3574,5.42902
pfet_06v0,typical,-40,5.50,1.20u,16,rlin_at_50mV,0.05,0.0707167,0.707046,11.3127,5.45
pfet_06v0,typical,27,2.10,0.55u,1,drop_at_50mA,8.03452,0.05,160.69,160.69,-5.93452
pfet_06v0,typical,27,2.10,0.55u,1,drop_at_100mA,9.77885,0.1,97.7885,97.7885,-7.67885
pfet_06v0,typical,27,2.10,0.55u,1,rlin_at_50mV,0.05,0.00297349,16.8153,16.8153,2.05
pfet_06v0,typical,27,2.10,0.55u,2,drop_at_50mA,0.602311,0.05,12.0462,24.0924,1.49769
pfet_06v0,typical,27,2.10,0.55u,2,drop_at_100mA,8.03452,0.1,80.3452,160.69,-5.93452
pfet_06v0,typical,27,2.10,0.55u,2,rlin_at_50mV,0.05,0.00594697,8.40764,16.8153,2.05
pfet_06v0,typical,27,2.10,0.55u,4,drop_at_50mA,0.234695,0.05,4.69391,18.7756,1.8653
pfet_06v0,typical,27,2.10,0.55u,4,drop_at_100mA,0.602311,0.1,6.02311,24.0924,1.49769
pfet_06v0,typical,27,2.10,0.55u,4,rlin_at_50mV,0.05,0.0118939,4.20382,16.8153,2.05
pfet_06v0,typical,27,2.10,0.55u,8,drop_at_50mA,0.108749,0.05,2.17497,17.3998,1.99125
pfet_06v0,typical,27,2.10,0.55u,8,drop_at_100mA,0.234695,0.1,2.34695,18.7756,1.8653
pfet_06v0,typical,27,2.10,0.55u,8,rlin_at_50mV,0.05,0.0237879,2.10191,16.8153,2.05
pfet_06v0,typical,27,2.10,0.55u,16,drop_at_50mA,0.0526272,0.05,1.05254,16.8407,2.04737
pfet_06v0,typical,27,2.10,0.55u,16,drop_at_100mA,0.108749,0.1,1.08749,17.3998,1.99125
pfet_06v0,typical,27,2.10,0.55u,16,rlin_at_50mV,0.05,0.0475758,1.05095,16.8153,2.05
pfet_06v0,typical,27,2.10,0.70u,1,drop_at_50mA,9.07108,0.05,181.422,181.422,-6.97108
pfet_06v0,typical,27,2.10,0.70u,1,drop_at_100mA,10.5641,0.1,105.641,105.641,-8.4641
pfet_06v0,typical,27,2.10,0.70u,1,rlin_at_50mV,0.05,0.0022532,22.1906,22.1906,2.05
pfet_06v0,typical,27,2.10,0.70u,2,drop_at_50mA,3.74086,0.05,74.8172,149.634,-1.64086
pfet_06v0,typical,27,2.10,0.70u,2,drop_at_100mA,9.07108,0.1,90.7108,181.422,-6.97108
pfet_06v0,typical,27,2.10,0.70u,2,rlin_at_50mV,0.05,0.00450641,11.0953,22.1906,2.05
pfet_06v0,typical,27,2.10,0.70u,4,drop_at_50mA,0.329386,0.05,6.58771,26.3509,1.77061
pfet_06v0,typical,27,2.10,0.70u,4,drop_at_100mA,3.74086,0.1,37.4086,149.634,-1.64086
pfet_06v0,typical,27,2.10,0.70u,4,rlin_at_50mV,0.05,0.00901282,5.54766,22.1906,2.05
pfet_06v0,typical,27,2.10,0.70u,8,drop_at_50mA,0.146827,0.05,2.93653,23.4923,1.95317
pfet_06v0,typical,27,2.10,0.70u,8,drop_at_100mA,0.329386,0.1,3.29386,26.3509,1.77061
pfet_06v0,typical,27,2.10,0.70u,8,rlin_at_50mV,0.05,0.0180256,2.77383,22.1906,2.05
pfet_06v0,typical,27,2.10,0.70u,16,drop_at_50mA,0.0701593,0.05,1.40319,22.451,2.02984
pfet_06v0,typical,27,2.10,0.70u,16,drop_at_100mA,0.146827,0.1,1.46827,23.4923,1.95317
pfet_06v0,typical,27,2.10,0.70u,16,rlin_at_50mV,0.05,0.0360513,1.38691,22.1906,2.05
pfet_06v0,typical,27,2.10,1.20u,1,drop_at_50mA,10.5962,0.05,211.925,211.925,-8.49624
pfet_06v0,typical,27,2.10,1.20u,1,drop_at_100mA,12.1064,0.1,121.064,121.064,-10.0064
pfet_06v0,typical,27,2.10,1.20u,1,rlin_at_50mV,0.05,0.00123793,40.3899,40.3899,2.05
pfet_06v0,typical,27,2.10,1.20u,2,drop_at_50mA,9.0884,0.05,181.768,363.536,-6.9884
pfet_06v0,typical,27,2.10,1.20u,2,drop_at_100mA,10.5962,0.1,105.962,211.925,-8.49624
pfet_06v0,typical,27,2.10,1.20u,2,rlin_at_50mV,0.05,0.00247587,20.195,40.3899,2.05
pfet_06v0,typical,27,2.10,1.20u,4,drop_at_50mA,2.49604,0.05,49.9207,199.683,-0.396036
pfet_06v0,typical,27,2.10,1.20u,4,drop_at_100mA,9.0884,0.1,90.884,363.536,-6.9884
pfet_06v0,typical,27,2.10,1.20u,4,rlin_at_50mV,0.05,0.00495173,10.0975,40.3899,2.05
pfet_06v0,typical,27,2.10,1.20u,8,drop_at_50mA,0.293605,0.05,5.8721,46.9768,1.8064
pfet_06v0,typical,27,2.10,1.20u,8,drop_at_100mA,2.49604,0.1,24.9604,199.683,-0.396036
pfet_06v0,typical,27,2.10,1.20u,8,rlin_at_50mV,0.05,0.00990346,5.04874,40.3899,2.05
pfet_06v0,typical,27,2.10,1.20u,16,drop_at_50mA,0.132556,0.05,2.65112,42.418,1.96744
pfet_06v0,typical,27,2.10,1.20u,16,drop_at_100mA,0.293605,0.1,2.93605,46.9768,1.8064
pfet_06v0,typical,27,2.10,1.20u,16,rlin_at_50mV,0.05,0.0198069,2.52437,40.3899,2.05
pfet_06v0,typical,27,2.97,0.55u,1,drop_at_50mA,0.72623,0.05,14.5246,14.5246,2.24377
pfet_06v0,typical,27,2.97,0.55u,1,drop_at_100mA,8.05435,0.1,80.5435,80.5435,-5.08435
pfet_06v0,typical,27,2.97,0.55u,1,rlin_at_50mV,0.05,0.00450522,11.0982,11.0982,2.92
pfet_06v0,typical,27,2.97,0.55u,2,drop_at_50mA,0.305623,0.05,6.11247,12.2249,2.66438
pfet_06v0,typical,27,2.97,0.55u,2,drop_at_100mA,0.72623,0.1,7.2623,14.5246,2.24377
pfet_06v0,typical,27,2.97,0.55u,2,rlin_at_50mV,0.05,0.00901043,5.54912,11.0982,2.92
pfet_06v0,typical,27,2.97,0.55u,4,drop_at_50mA,0.143641,0.05,2.87282,11.4913,2.82636
pfet_06v0,typical,27,2.97,0.55u,4,drop_at_100mA,0.305623,0.1,3.05623,12.2249,2.66438
pfet_06v0,typical,27,2.97,0.55u,4,rlin_at_50mV,0.05,0.0180209,2.77456,11.0982,2.92
pfet_06v0,typical,27,2.97,0.55u,8,drop_at_50mA,0.0698743,0.05,1.39749,11.1799,2.90013
pfet_06v0,typical,27,2.97,0.55u,8,drop_at_100mA,0.143641,0.1,1.43641,11.4913,2.82636
pfet_06v0,typical,27,2.97,0.55u,8,rlin_at_50mV,0.05,0.0360417,1.38728,11.0982,2.92
pfet_06v0,typical,27,2.97,0.55u,16,drop_at_50mA,0.0344849,0.05,0.689697,11.0352,2.93552
pfet_06v0,typical,27,2.97,0.55u,16,drop_at_100mA,0.0698743,0.1,0.698743,11.1799,2.90013
pfet_06v0,typical,27,2.97,0.55u,16,rlin_at_50mV,0.05,0.0720834,0.693641,11.0982,2.92
pfet_06v0,typical,27,2.97,0.70u,1,drop_at_50mA,1.14091,0.05,22.8182,22.8182,1.82909
pfet_06v0,typical,27,2.97,0.70u,1,drop_at_100mA,9.16762,0.1,91.6762,91.6762,-6.19762
pfet_06v0,typical,27,2.97,0.70u,1,rlin_at_50mV,0.05,0.00346855,14.4152,14.4152,2.92
pfet_06v0,typical,27,2.97,0.70u,2,drop_at_50mA,0.413356,0.05,8.26711,16.5342,2.55664
pfet_06v0,typical,27,2.97,0.70u,2,drop_at_100mA,1.14091,0.1,11.4091,22.8182,1.82909
pfet_06v0,typical,27,2.97,0.70u,2,rlin_at_50mV,0.05,0.0069371,7.20762,14.4152,2.92
pfet_06v0,typical,27,2.97,0.70u,4,drop_at_50mA,0.189662,0.05,3.79324,15.173,2.78034
pfet_06v0,typical,27,2.97,0.70u,4,drop_at_100mA,0.413356,0.1,4.13356,16.5342,2.55664
pfet_06v0,typical,27,2.97,0.70u,4,rlin_at_50mV,0.05,0.0138742,3.60381,14.4152,2.92
pfet_06v0,typical,27,2.97,0.70u,8,drop_at_50mA,0.0914594,0.05,1.82919,14.6335,2.87854
pfet_06v0,typical,27,2.97,0.70u,8,drop_at_100mA,0.189662,0.1,1.89662,15.173,2.78034
pfet_06v0,typical,27,2.97,0.70u,8,rlin_at_50mV,0.05,0.0277484,1.80191,14.4152,2.92
pfet_06v0,typical,27,2.97,0.70u,16,drop_at_50mA,0.044966,0.05,0.899319,14.3891,2.92503
pfet_06v0,typical,27,2.97,0.70u,16,drop_at_100mA,0.0914594,0.1,0.914594,14.6335,2.87854
pfet_06v0,typical,27,2.97,0.70u,16,rlin_at_50mV,0.05,0.0554968,0.900953,14.4152,2.92
pfet_06v0,typical,27,2.97,1.20u,1,drop_at_50mA,9.02468,0.05,180.494,180.494,-6.05468
pfet_06v0,typical,27,2.97,1.20u,1,drop_at_100mA,10.6668,0.1,106.668,106.668,-7.69676
pfet_06v0,typical,27,2.97,1.20u,1,rlin_at_50mV,0.05,0.0019503,25.6371,25.6371,2.92
pfet_06v0,typical,27,2.97,1.20u,2,drop_at_50mA,0.903951,0.05,18.079,36.158,2.06605
pfet_06v0,typical,27,2.97,1.20u,2,drop_at_100mA,9.02468,0.1,90.2468,180.494,-6.05468
pfet_06v0,typical,27,2.97,1.20u,2,rlin_at_50mV,0.05,0.00390059,12.8186,25.6371,2.92
pfet_06v0,typical,27,2.97,1.20u,4,drop_at_50mA,0.358966,0.05,7.17933,28.7173,2.61103
pfet_06v0,typical,27,2.97,1.20u,4,drop_at_100mA,0.903951,0.1,9.03951,36.158,2.06605
pfet_06v0,typical,27,2.97,1.20u,4,rlin_at_50mV,0.05,0.00780119,6.40928,25.6371,2.92
pfet_06v0,typical,27,2.97,1.20u,8,drop_at_50mA,0.167066,0.05,3.34133,26.7306,2.80293
pfet_06v0,typical,27,2.97,1.20u,8,drop_at_100mA,0.358966,0.1,3.58966,28.7173,2.61103
pfet_06v0,typical,27,2.97,1.20u,8,rlin_at_50mV,0.05,0.0156024,3.20464,25.6371,2.92
pfet_06v0,typical,27,2.97,1.20u,16,drop_at_50mA,0.0809959,0.05,1.61992,25.9187,2.889
pfet_06v0,typical,27,2.97,1.20u,16,drop_at_100mA,0.167066,0.1,1.67066,26.7306,2.80293
pfet_06v0,typical,27,2.97,1.20u,16,rlin_at_50mV,0.05,0.0312047,1.60232,25.6371,2.92
pfet_06v0,typical,27,3.30,0.55u,1,drop_at_50mA,0.605236,0.05,12.1047,12.1047,2.69476
pfet_06v0,typical,27,3.30,0.55u,1,drop_at_100mA,4.37462,0.1,43.7462,43.7462,-1.07462
pfet_06v0,typical,27,3.30,0.55u,1,rlin_at_50mV,0.05,0.00499945,10.0011,10.0011,3.25
pfet_06v0,typical,27,3.30,0.55u,2,drop_at_50mA,0.268932,0.05,5.37864,10.7573,3.03107
pfet_06v0,typical,27,3.30,0.55u,2,drop_at_100mA,0.605236,0.1,6.05236,12.1047,2.69476
pfet_06v0,typical,27,3.30,0.55u,2,rlin_at_50mV,0.05,0.0099989,5.00055,10.0011,3.25
pfet_06v0,typical,27,3.30,0.55u,4,drop_at_50mA,0.128273,0.05,2.56545,10.2618,3.17173
pfet_06v0,typical,27,3.30,0.55u,4,drop_at_100mA,0.268932,0.1,2.68932,10.7573,3.03107
pfet_06v0,typical,27,3.30,0.55u,4,rlin_at_50mV,0.05,0.0199978,2.50028,10.0011,3.25
pfet_06v0,typical,27,3.30,0.55u,8,drop_at_50mA,0.0627684,0.05,1.25537,10.0429,3.23723
pfet_06v0,typical,27,3.30,0.55u,8,drop_at_100mA,0.128273,0.1,1.28273,10.2618,3.17173
pfet_06v0,typical,27,3.30,0.55u,8,rlin_at_50mV,0.05,0.0399956,1.25014,10.0011,3.25
pfet_06v0,typical,27,3.30,0.55u,16,drop_at_50mA,0.0310611,0.05,0.621221,9.93954,3.26894
pfet_06v0,typical,27,3.30,0.55u,16,drop_at_100mA,0.0627684,0.1,0.627684,10.0429,3.23723
pfet_06v0,typical,27,3.30,0.55u,16,rlin_at_50mV,0.05,0.0799912,0.625069,10.0011,3.25
pfet_06v0,typical,27,3.30,0.70u,1,drop_at_50mA,0.856325,0.05,17.1265,17.1265,2.44368
pfet_06v0,typical,27,3.30,0.70u,1,drop_at_100mA,8.61801,0.1,86.1801,86.1801,-5.31801
pfet_06v0,typical,27,3.30,0.70u,1,rlin_at_50mV,0.05,0.00386517,12.936,12.936,3.25
pfet_06v0,typical,27,3.30,0.70u,2,drop_at_50mA,0.357804,0.05,7.15609,14.3122,2.9422
pfet_06v0,typical,27,3.30,0.70u,2,drop_at_100mA,0.856325,0.1,8.56325,17.1265,2.44368
pfet_06v0,typical,27,3.30,0.70u,2,rlin_at_50mV,0.05,0.00773034,6.46802,12.936,3.25
pfet_06v0,typical,27,3.30,0.70u,4,drop_at_50mA,0.167959,0.05,3.35919,13.4368,3.13204
pfet_06v0,typical,27,3.30,0.70u,4,drop_at_100mA,0.357804,0.1,3.57804,14.3122,2.9422
pfet_06v0,typical,27,3.30,0.70u,4,rlin_at_50mV,0.05,0.0154607,3.23401,12.936,3.25
pfet_06v0,typical,27,3.30,0.70u,8,drop_at_50mA,0.0816716,0.05,1.63343,13.0675,3.21833
pfet_06v0,typical,27,3.30,0.70u,8,drop_at_100mA,0.167959,0.1,1.67959,13.4368,3.13204
pfet_06v0,typical,27,3.30,0.70u,8,rlin_at_50mV,0.05,0.0309214,1.617,12.936,3.25
pfet_06v0,typical,27,3.30,0.70u,16,drop_at_50mA,0.0403007,0.05,0.806014,12.8962,3.2597
pfet_06v0,typical,27,3.30,0.70u,16,drop_at_100mA,0.0816716,0.1,0.816716,13.0675,3.21833
pfet_06v0,typical,27,3.30,0.70u,16,rlin_at_50mV,0.05,0.0618427,0.808502,12.936,3.25
pfet_06v0,typical,27,3.30,1.20u,1,drop_at_50mA,8.28966,0.05,165.793,165.793,-4.98966
pfet_06v0,typical,27,3.30,1.20u,1,drop_at_100mA,10.3504,0.1,103.504,103.504,-7.05036
pfet_06v0,typical,27,3.30,1.20u,1,rlin_at_50mV,0.05,0.00218686,22.8638,22.8638,3.25
pfet_06v0,typical,27,3.30,1.20u,2,drop_at_50mA,0.713404,0.05,14.2681,28.5362,2.5866
pfet_06v0,typical,27,3.30,1.20u,2,drop_at_100mA,8.28966,0.1,82.8966,165.793,-4.98966
pfet_06v0,typical,27,3.30,1.20u,2,rlin_at_50mV,0.05,0.00437372,11.4319,22.8638,3.25
pfet_06v0,typical,27,3.30,1.20u,4,drop_at_50mA,0.310329,0.05,6.20659,24.8264,2.98967
pfet_06v0,typical,27,3.30,1.20u,4,drop_at_100mA,0.713404,0.1,7.13404,28.5362,2.5866
pfet_06v0,typical,27,3.30,1.20u,4,rlin_at_50mV,0.05,0.00874745,5.71595,22.8638,3.25
pfet_06v0,typical,27,3.30,1.20u,8,drop_at_50mA,0.147273,0.05,2.94545,23.5636,3.15273
pfet_06v0,typical,27,3.30,1.20u,8,drop_at_100mA,0.310329,0.1,3.10329,24.8264,2.98967
pfet_06v0,typical,27,3.30,1.20u,8,rlin_at_50mV,0.05,0.0174949,2.85798,22.8638,3.25
pfet_06v0,typical,27,3.30,1.20u,16,drop_at_50mA,0.0719323,0.05,1.43865,23.0183,3.22807
pfet_06v0,typical,27,3.30,1.20u,16,drop_at_100mA,0.147273,0.1,1.47273,23.5636,3.15273
pfet_06v0,typical,27,3.30,1.20u,16,rlin_at_50mV,0.05,0.0349898,1.42899,22.8638,3.25
pfet_06v0,typical,27,3.63,0.55u,1,drop_at_50mA,0.530803,0.05,10.6161,10.6161,3.0992
pfet_06v0,typical,27,3.63,0.55u,1,drop_at_100mA,1.47594,0.1,14.7594,14.7594,2.15406
pfet_06v0,typical,27,3.63,0.55u,1,rlin_at_50mV,0.05,0.00545515,9.16565,9.16565,3.58
pfet_06v0,typical,27,3.63,0.55u,2,drop_at_50mA,0.242717,0.05,4.85435,9.70869,3.38728
pfet_06v0,typical,27,3.63,0.55u,2,drop_at_100mA,0.530803,0.1,5.30803,10.6161,3.0992
pfet_06v0,typical,27,3.63,0.55u,2,rlin_at_50mV,0.05,0.0109103,4.58283,9.16565,3.58
pfet_06v0,typical,27,3.63,0.55u,4,drop_at_50mA,0.11686,0.05,2.33719,9.34878,3.51314
pfet_06v0,typical,27,3.63,0.55u,4,drop_at_100mA,0.242717,0.1,2.42717,9.70869,3.38728
pfet_06v0,typical,27,3.63,0.55u,4,rlin_at_50mV,0.05,0.0218206,2.29141,9.16565,3.58
pfet_06v0,typical,27,3.63,0.55u,8,drop_at_50mA,0.0574105,0.05,1.14821,9.18568,3.57259
pfet_06v0,typical,27,3.63,0.55u,8,drop_at_100mA,0.11686,0.1,1.1686,9.34878,3.51314
pfet_06v0,typical,27,3.63,0.55u,8,rlin_at_50mV,0.05,0.0436412,1.14571,9.16565,3.58
pfet_06v0,typical,27,3.63,0.55u,16,drop_at_50mA,0.0284619,0.05,0.569237,9.1078,3.60154
pfet_06v0,typical,27,3.63,0.55u,16,drop_at_100mA,0.0574105,0.1,0.574105,9.18568,3.57259
pfet_06v0,typical,27,3.63,0.55u,16,rlin_at_50mV,0.05,0.0872824,0.572853,9.16565,3.58
pfet_06v0,typical,27,3.63,0.70u,1,drop_at_50mA,0.725074,0.05,14.5015,14.5015,2.90493
pfet_06v0,typical,27,3.63,0.70u,1,drop_at_100mA,7.52953,0.1,75.2953,75.2953,-3.89953
pfet_06v0,typical,27,3.63,0.70u,1,rlin_at_50mV,0.05,0.00423262,11.813,11.813,3.58
pfet_06v0,typical,27,3.63,0.70u,2,drop_at_50mA,0.319525,0.05,6.39049,12.781,3.31048
pfet_06v0,typical,27,3.63,0.70u,2,drop_at_100mA,0.725074,0.1,7.25074,14.5015,2.90493
pfet_06v0,typical,27,3.63,0.70u,2,rlin_at_50mV,0.05,0.00846523,5.90651,11.813,3.58
pfet_06v0,typical,27,3.63,0.70u,4,drop_at_50mA,0.152066,0.05,3.04132,12.1653,3.47793
pfet_06v0,typical,27,3.63,0.70u,4,drop_at_100mA,0.319525,0.1,3.19525,12.781,3.31048
pfet_06v0,typical,27,3.63,0.70u,4,rlin_at_50mV,0.05,0.0169305,2.95326,11.813,3.58
pfet_06v0,typical,27,3.63,0.70u,8,drop_at_50mA,0.0743473,0.05,1.48695,11.8956,3.55565
pfet_06v0,typical,27,3.63,0.70u,8,drop_at_100mA,0.152066,0.1,1.52066,12.1653,3.47793
pfet_06v0,typical,27,3.63,0.70u,8,rlin_at_50mV,0.05,0.0338609,1.47663,11.813,3.58
pfet_06v0,typical,27,3.63,0.70u,16,drop_at_50mA,0.0367768,0.05,0.735536,11.7686,3.59322
pfet_06v0,typical,27,3.63,0.70u,16,drop_at_100mA,0.0743473,0.1,0.743473,11.8956,3.55565
pfet_06v0,typical,27,3.63,0.70u,16,rlin_at_50mV,0.05,0.0677219,0.738314,11.813,3.58
pfet_06v0,typical,27,3.63,1.20u,1,drop_at_50mA,2.76711,0.05,55.3423,55.3423,0.862887
pfet_06v0,typical,27,3.63,1.20u,1,drop_at_100mA,10.0752,0.1,100.752,100.752,-6.44515
pfet_06v0,typical,27,3.63,1.20u,1,rlin_at_50mV,0.05,0.00240767,20.7669,20.7669,3.58
pfet_06v0,typical,27,3.63,1.20u,2,drop_at_50mA,0.610734,0.05,12.2147,24.4294,3.01927
pfet_06v0,typical,27,3.63,1.20u,2,drop_at_100mA,2.76711,0.1,27.6711,55.3423,0.862887
pfet_06v0,typical,27,3.63,1.20u,2,rlin_at_50mV,0.05,0.00481535,10.3835,20.7669,3.58
pfet_06v0,typical,27,3.63,1.20u,4,drop_at_50mA,0.276514,0.05,5.53028,22.1211,3.35349
pfet_06v0,typical,27,3.63,1.20u,4,drop_at_100mA,0.610734,0.1,6.10734,24.4294,3.01927
pfet_06v0,typical,27,3.63,1.20u,4,rlin_at_50mV,0.05,0.0096307,5.19173,20.7669,3.58
pfet_06v0,typical,27,3.63,1.20u,8,drop_at_50mA,0.132778,0.05,2.65555,21.2444,3.49722
pfet_06v0,typical,27,3.63,1.20u,8,drop_at_100mA,0.276514,0.1,2.76514,22.1211,3.35349
pfet_06v0,typical,27,3.63,1.20u,8,rlin_at_50mV,0.05,0.0192614,2.59587,20.7669,3.58
pfet_06v0,typical,27,3.63,1.20u,16,drop_at_50mA,0.0651656,0.05,1.30331,20.853,3.56483
pfet_06v0,typical,27,3.63,1.20u,16,drop_at_100mA,0.132778,0.1,1.32778,21.2444,3.49722
pfet_06v0,typical,27,3.63,1.20u,16,rlin_at_50mV,0.05,0.0385228,1.29793,20.7669,3.58
pfet_06v0,typical,27,4.50,0.55u,1,drop_at_50mA,0.420214,0.05,8.40427,8.40427,4.07979
pfet_06v0,typical,27,4.50,0.55u,1,drop_at_100mA,0.964809,0.1,9.64809,9.64809,3.53519
pfet_06v0,typical,27,4.50,0.55u,1,rlin_at_50mV,0.05,0.00650368,7.68795,7.68795,4.45
pfet_06v0,typical,27,4.50,0.55u,2,drop_at_50mA,0.19914,0.05,3.98279,7.96559,4.30086
pfet_06v0,typical,27,4.50,0.55u,2,drop_at_100mA,0.420214,0.1,4.20214,8.40427,4.07979
pfet_06v0,typical,27,4.50,0.55u,2,rlin_at_50mV,0.05,0.0130074,3.84398,7.68795,4.45
pfet_06v0,typical,27,4.50,0.55u,4,drop_at_50mA,0.0971784,0.05,1.94357,7.77427,4.40282
pfet_06v0,typical,27,4.50,0.55u,4,drop_at_100mA,0.19914,0.1,1.9914,7.96559,4.30086
pfet_06v0,typical,27,4.50,0.55u,4,rlin_at_50mV,0.05,0.0260147,1.92199,7.68795,4.45
pfet_06v0,typical,27,4.50,0.55u,8,drop_at_50mA,0.0480273,0.05,0.960546,7.68437,4.45197
pfet_06v0,typical,27,4.50,0.55u,8,drop_at_100mA,0.0971784,0.1,0.971784,7.77427,4.40282
pfet_06v0,typical,27,4.50,0.55u,8,rlin_at_50mV,0.05,0.0520295,0.960994,7.68795,4.45
pfet_06v0,typical,27,4.50,0.55u,16,drop_at_50mA,0.0238773,0.05,0.477546,7.64074,4.47612
pfet_06v0,typical,27,4.50,0.55u,16,drop_at_100mA,0.0480273,0.1,0.480273,7.68437,4.45197
pfet_06v0,typical,27,4.50,0.55u,16,rlin_at_50mV,0.05,0.104059,0.480497,7.68795,4.45
pfet_06v0,typical,27,4.50,0.70u,1,drop_at_50mA,0.553111,0.05,11.0622,11.0622,3.94689
pfet_06v0,typical,27,4.50,0.70u,1,drop_at_100mA,1.36089,0.1,13.6089,13.6089,3.13911
pfet_06v0,typical,27,4.50,0.70u,1,rlin_at_50mV,0.05,0.00508374,9.83527,9.83527,4.45
pfet_06v0,typical,27,4.50,0.70u,2,drop_at_50mA,0.257886,0.05,5.15771,10.3154,4.24211
pfet_06v0,typical,27,4.50,0.70u,2,drop_at_100mA,0.553111,0.1,5.53111,11.0622,3.94689
pfet_06v0,typical,27,4.50,0.70u,2,rlin_at_50mV,0.05,0.0101675,4.91764,9.83527,4.45
pfet_06v0,typical,27,4.50,0.70u,4,drop_at_50mA,0.125057,0.05,2.50115,10.0046,4.37494
pfet_06v0,typical,27,4.50,0.70u,4,drop_at_100mA,0.257886,0.1,2.57886,10.3154,4.24211
pfet_06v0,typical,27,4.50,0.70u,4,rlin_at_50mV,0.05,0.020335,2.45882,9.83527,4.45
pfet_06v0,typical,27,4.50,0.70u,8,drop_at_50mA,0.0616327,0.05,1.23265,9.86123,4.43837
pfet_06v0,typical,27,4.50,0.70u,8,drop_at_100mA,0.125057,0.1,1.25057,10.0046,4.37494
pfet_06v0,typical,27,4.50,0.70u,8,rlin_at_50mV,0.05,0.0406699,1.22941,9.83527,4.45
pfet_06v0,typical,27,4.50,0.70u,16,drop_at_50mA,0.0306007,0.05,0.612014,9.79222,4.4694
pfet_06v0,typical,27,4.50,0.70u,16,drop_at_100mA,0.0616327,0.1,0.616327,9.86123,4.43837
pfet_06v0,typical,27,4.50,0.70u,16,rlin_at_50mV,0.05,0.0813399,0.614705,9.83527,4.45
pfet_06v0,typical,27,4.50,1.20u,1,drop_at_50mA,1.08534,0.05,21.7068,21.7068,3.41466
pfet_06v0,typical,27,4.50,1.20u,1,drop_at_100mA,9.23732,0.1,92.3732,92.3732,-4.73732
pfet_06v0,typical,27,4.50,1.20u,1,rlin_at_50mV,0.05,0.00292467,17.096,17.096,4.45
pfet_06v0,typical,27,4.50,1.20u,2,drop_at_50mA,0.468343,0.05,9.36685,18.7337,4.03166
pfet_06v0,typical,27,4.50,1.20u,2,drop_at_100mA,1.08534,0.1,10.8534,21.7068,3.41466
pfet_06v0,typical,27,4.50,1.20u,2,rlin_at_50mV,0.05,0.00584933,8.54798,17.096,4.45
pfet_06v0,typical,27,4.50,1.20u,4,drop_at_50mA,0.221715,0.05,4.4343,17.7372,4.27829
pfet_06v0,typical,27,4.50,1.20u,4,drop_at_100mA,0.468343,0.1,4.68343,18.7337,4.03166
pfet_06v0,typical,27,4.50,1.20u,4,rlin_at_50mV,0.05,0.0116987,4.27399,17.096,4.45
pfet_06v0,typical,27,4.50,1.20u,8,drop_at_50mA,0.108179,0.05,2.16359,17.3087,4.39182
pfet_06v0,typical,27,4.50,1.20u,8,drop_at_100mA,0.221715,0.1,2.21715,17.7372,4.27829
pfet_06v0,typical,27,4.50,1.20u,8,rlin_at_50mV,0.05,0.0233973,2.137,17.096,4.45
pfet_06v0,typical,27,4.50,1.20u,16,drop_at_50mA,0.0534641,0.05,1.06928,17.1085,4.44654
pfet_06v0,typical,27,4.50,1.20u,16,drop_at_100mA,0.108179,0.1,1.08179,17.3087,4.39182
pfet_06v0,typical,27,4.50,1.20u,16,rlin_at_50mV,0.05,0.0467947,1.0685,17.096,4.45
pfet_06v0,typical,27,5.00,0.55u,1,drop_at_50mA,0.38241,0.05,7.6482,7.6482,4.61759
pfet_06v0,typical,27,5.00,0.55u,1,drop_at_100mA,0.849098,0.1,8.49098,8.49098,4.1509
pfet_06v0,typical,27,5.00,0.55u,1,rlin_at_50mV,0.05,0.00702404,7.11841,7.11841,4.95
pfet_06v0,typical,27,5.00,0.55u,2,drop_at_50mA,0.183105,0.05,3.66211,7.32422,4.81689
pfet_06v0,typical,27,5.00,0.55u,2,drop_at_100mA,0.38241,0.1,3.8241,7.6482,4.61759
pfet_06v0,typical,27,5.00,0.55u,2,rlin_at_50mV,0.05,0.0140481,3.55921,7.11841,4.95
pfet_06v0,typical,27,5.00,0.55u,4,drop_at_50mA,0.0897376,0.05,1.79475,7.17901,4.91026
pfet_06v0,typical,27,5.00,0.55u,4,drop_at_100mA,0.183105,0.1,1.83105,7.32422,4.81689
pfet_06v0,typical,27,5.00,0.55u,4,rlin_at_50mV,0.05,0.0280961,1.7796,7.11841,4.95
pfet_06v0,typical,27,5.00,0.55u,8,drop_at_50mA,0.0444374,0.05,0.888749,7.10999,4.95556
pfet_06v0,typical,27,5.00,0.55u,8,drop_at_100mA,0.0897376,0.1,0.897376,7.17901,4.91026
pfet_06v0,typical,27,5.00,0.55u,8,rlin_at_50mV,0.05,0.0561923,0.889802,7.11841,4.95
pfet_06v0,typical,27,5.00,0.55u,16,drop_at_50mA,0.0221135,0.05,0.44227,7.07631,4.97789
pfet_06v0,typical,27,5.00,0.55u,16,drop_at_100mA,0.0444374,0.1,0.444374,7.10999,4.95556
pfet_06v0,typical,27,5.00,0.55u,16,rlin_at_50mV,0.05,0.112385,0.444901,7.11841,4.95
pfet_06v0,typical,27,5.00,0.70u,1,drop_at_50mA,0.498181,0.05,9.96362,9.96362,4.50182
pfet_06v0,typical,27,5.00,0.70u,1,drop_at_100mA,1.15165,0.1,11.5165,11.5165,3.84835
pfet_06v0,typical,27,5.00,0.70u,1,rlin_at_50mV,0.05,0.00550862,9.07668,9.07668,4.95
pfet_06v0,typical,27,5.00,0.70u,2,drop_at_50mA,0.235729,0.05,4.71458,9.42916,4.76427
pfet_06v0,typical,27,5.00,0.70u,2,drop_at_100mA,0.498181,0.1,4.98181,9.96362,4.50182
pfet_06v0,typical,27,5.00,0.70u,2,rlin_at_50mV,0.05,0.0110172,4.53834,9.07668,4.95
pfet_06v0,typical,27,5.00,0.70u,4,drop_at_50mA,0.114971,0.05,2.29942,9.1977,4.88503
pfet_06v0,typical,27,5.00,0.70u,4,drop_at_100mA,0.235729,0.1,2.35729,9.42916,4.76427
pfet_06v0,typical,27,5.00,0.70u,4,rlin_at_50mV,0.05,0.0220345,2.26917,9.07668,4.95
pfet_06v0,typical,27,5.00,0.70u,8,drop_at_50mA,0.0568078,0.05,1.13616,9.08924,4.94319
pfet_06v0,typical,27,5.00,0.70u,8,drop_at_100mA,0.114971,0.1,1.14971,9.1977,4.88503
pfet_06v0,typical,27,5.00,0.70u,8,rlin_at_50mV,0.05,0.044069,1.13458,9.07668,4.95
pfet_06v0,typical,27,5.00,0.70u,16,drop_at_50mA,0.0282396,0.05,0.564792,9.03667,4.97176
pfet_06v0,typical,27,5.00,0.70u,16,drop_at_100mA,0.0568078,0.1,0.568078,9.08924,4.94319
pfet_06v0,typical,27,5.00,0.70u,16,rlin_at_50mV,0.05,0.088138,0.567292,9.07668,4.95
pfet_06v0,typical,27,5.00,1.20u,1,drop_at_50mA,0.937336,0.05,18.7467,18.7467,4.06266
pfet_06v0,typical,27,5.00,1.20u,1,drop_at_100mA,6.53289,0.1,65.3289,65.3289,-1.53289
pfet_06v0,typical,27,5.00,1.20u,1,rlin_at_50mV,0.05,0.00318526,15.6973,15.6973,4.95
pfet_06v0,typical,27,5.00,1.20u,2,drop_at_50mA,0.421579,0.05,8.43158,16.8632,4.57842
pfet_06v0,typical,27,5.00,1.20u,2,drop_at_100mA,0.937336,0.1,9.37336,18.7467,4.06266
pfet_06v0,typical,27,5.00,1.20u,2,rlin_at_50mV,0.05,0.00637053,7.84864,15.6973,4.95
pfet_06v0,typical,27,5.00,1.20u,4,drop_at_50mA,0.201963,0.05,4.03926,16.1571,4.79804
pfet_06v0,typical,27,5.00,1.20u,4,drop_at_100mA,0.421579,0.1,4.21579,16.8632,4.57842
pfet_06v0,typical,27,5.00,1.20u,4,rlin_at_50mV,0.05,0.0127411,3.92432,15.6973,4.95
pfet_06v0,typical,27,5.00,1.20u,8,drop_at_50mA,0.0990197,0.05,1.98039,15.8432,4.90098
pfet_06v0,typical,27,5.00,1.20u,8,drop_at_100mA,0.201963,0.1,2.01963,16.1571,4.79804
pfet_06v0,typical,27,5.00,1.20u,8,rlin_at_50mV,0.05,0.0254821,1.96216,15.6973,4.95
pfet_06v0,typical,27,5.00,1.20u,16,drop_at_50mA,0.0490452,0.05,0.980904,15.6945,4.95095
pfet_06v0,typical,27,5.00,1.20u,16,drop_at_100mA,0.0990197,0.1,0.990197,15.8432,4.90098
pfet_06v0,typical,27,5.00,1.20u,16,rlin_at_50mV,0.05,0.0509642,0.981081,15.6973,4.95
pfet_06v0,typical,27,5.50,0.55u,1,drop_at_50mA,0.354069,0.05,7.08137,7.08137,5.14593
pfet_06v0,typical,27,5.50,0.55u,1,drop_at_100mA,0.770212,0.1,7.70212,7.70212,4.72979
pfet_06v0,typical,27,5.50,0.55u,1,rlin_at_50mV,0.05,0.00749552,6.67065,6.67065,5.45
pfet_06v0,typical,27,5.50,0.55u,2,drop_at_50mA,0.170744,0.05,3.41488,6.82976,5.32926
pfet_06v0,typical,27,5.50,0.55u,2,drop_at_100mA,0.354069,0.1,3.54069,7.08137,5.14593
pfet_06v0,typical,27,5.50,0.55u,2,rlin_at_50mV,0.05,0.014991,3.33533,6.67065,5.45
pfet_06v0,typical,27,5.50,0.55u,4,drop_at_50mA,0.0839357,0.05,1.67871,6.71486,5.41606
pfet_06v0,typical,27,5.50,0.55u,4,drop_at_100mA,0.170744,0.1,1.70744,6.82976,5.32926
pfet_06v0,typical,27,5.50,0.55u,4,rlin_at_50mV,0.05,0.0299821,1.66766,6.67065,5.45
pfet_06v0,typical,27,5.50,0.55u,8,drop_at_50mA,0.0416238,0.05,0.832475,6.6598,5.45838
pfet_06v0,typical,27,5.50,0.55u,8,drop_at_100mA,0.0839357,0.1,0.839357,6.71486,5.41606
pfet_06v0,typical,27,5.50,0.55u,8,rlin_at_50mV,0.05,0.0599641,0.833832,6.67065,5.45
pfet_06v0,typical,27,5.50,0.55u,16,drop_at_50mA,0.0207276,0.05,0.414552,6.63284,5.47927
pfet_06v0,typical,27,5.50,0.55u,16,drop_at_100mA,0.0416238,0.1,0.416238,6.6598,5.45838
pfet_06v0,typical,27,5.50,0.55u,16,rlin_at_50mV,0.05,0.119928,0.416916,6.67065,5.45
pfet_06v0,typical,27,5.50,0.70u,1,drop_at_50mA,0.457929,0.05,9.15858,9.15858,5.04207
pfet_06v0,typical,27,5.50,0.70u,1,drop_at_100mA,1.02397,0.1,10.2397,10.2397,4.47603
pfet_06v0,typical,27,5.50,0.70u,1,rlin_at_50mV,0.05,0.00589474,8.48214,8.48214,5.45
pfet_06v0,typical,27,5.50,0.70u,2,drop_at_50mA,0.218821,0.05,4.37641,8.75282,5.28118
pfet_06v0,typical,27,5.50,0.70u,2,drop_at_100mA,0.457929,0.1,4.57929,9.15858,5.04207
pfet_06v0,typical,27,5.50,0.70u,2,rlin_at_50mV,0.05,0.0117895,4.24107,8.48214,5.45
pfet_06v0,typical,27,5.50,0.70u,4,drop_at_50mA,0.107155,0.05,2.1431,8.57238,5.39285
pfet_06v0,typical,27,5.50,0.70u,4,drop_at_100mA,0.218821,0.1,2.18821,8.75282,5.28118
pfet_06v0,typical,27,5.50,0.70u,4,rlin_at_50mV,0.05,0.023579,2.12054,8.48214,5.45
pfet_06v0,typical,27,5.50,0.70u,8,drop_at_50mA,0.0530432,0.05,1.06086,8.48691,5.44696
pfet_06v0,typical,27,5.50,0.70u,8,drop_at_100mA,0.107155,0.1,1.07155,8.57238,5.39285
pfet_06v0,typical,27,5.50,0.70u,8,rlin_at_50mV,0.05,0.0471579,1.06027,8.48214,5.45
pfet_06v0,typical,27,5.50,0.70u,16,drop_at_50mA,0.0263915,0.05,0.527829,8.44527,5.47361
pfet_06v0,typical,27,5.50,0.70u,16,drop_at_100mA,0.0530432,0.1,0.530432,8.48691,5.44696
pfet_06v0,typical,27,5.50,0.70u,16,rlin_at_50mV,0.05,0.0943158,0.530134,8.48214,5.45
pfet_06v0,typical,27,5.50,1.20u,1,drop_at_50mA,0.840415,0.05,16.8083,16.8083,4.65958
pfet_06v0,typical,27,5.50,1.20u,1,drop_at_100mA,2.25064,0.1,22.5064,22.5064,3.24936
pfet_06v0,typical,27,5.50,1.20u,1,rlin_at_50mV,0.05,0.00342328,14.6059,14.6059,5.45
pfet_06v0,typical,27,5.50,1.20u,2,drop_at_50mA,0.387047,0.05,7.74094,15.4819,5.11295
pfet_06v0,typical,27,5.50,1.20u,2,drop_at_100mA,0.840415,0.1,8.40415,16.8083,4.65958
pfet_06v0,typical,27,5.50,1.20u,2,rlin_at_50mV,0.05,0.00684655,7.30295,14.6059,5.45
pfet_06v0,typical,27,5.50,1.20u,4,drop_at_50mA,0.186893,0.05,3.73786,14.9515,5.31311
pfet_06v0,typical,27,5.50,1.20u,4,drop_at_100mA,0.387047,0.1,3.87047,15.4819,5.11295
pfet_06v0,typical,27,5.50,1.20u,4,rlin_at_50mV,0.05,0.0136931,3.65147,14.6059,5.45
pfet_06v0,typical,27,5.50,1.20u,8,drop_at_50mA,0.0919396,0.05,1.83879,14.7103,5.40806
pfet_06v0,typical,27,5.50,1.20u,8,drop_at_100mA,0.186893,0.1,1.86893,14.9515,5.31311
pfet_06v0,typical,27,5.50,1.20u,8,rlin_at_50mV,0.05,0.0273862,1.82574,14.6059,5.45
pfet_06v0,typical,27,5.50,1.20u,16,drop_at_50mA,0.0456095,0.05,0.912189,14.595,5.45439
pfet_06v0,typical,27,5.50,1.20u,16,drop_at_100mA,0.0919396,0.1,0.919396,14.7103,5.40806
pfet_06v0,typical,27,5.50,1.20u,16,rlin_at_50mV,0.05,0.0547724,0.912868,14.6059,5.45
pfet_06v0,typical,125,2.10,0.55u,1,drop_at_50mA,8.577,0.05,171.54,171.54,-6.477
pfet_06v0,typical,125,2.10,0.55u,1,drop_at_100mA,10.1873,0.1,101.873,101.873,-8.08727
pfet_06v0,typical,125,2.10,0.55u,1,rlin_at_50mV,0.05,0.00229461,21.7902,21.7902,2.05
pfet_06v0,typical,125,2.10,0.55u,2,drop_at_50mA,0.87396,0.05,17.4792,34.9584,1.22604
pfet_06v0,typical,125,2.10,0.55u,2,drop_at_100mA,8.577,0.1,85.77,171.54,-6.477
pfet_06v0,typical,125,2.10,0.55u,2,rlin_at_50mV,0.05,0.00458922,10.8951,21.7902,2.05
pfet_06v0,typical,125,2.10,0.55u,4,drop_at_50mA,0.310419,0.05,6.20839,24.8336,1.78958
pfet_06v0,typical,125,2.10,0.55u,4,drop_at_100mA,0.87396,0.1,8.7396,34.9584,1.22604
pfet_06v0,typical,125,2.10,0.55u,4,rlin_at_50mV,0.05,0.00917845,5.44754,21.7902,2.05
pfet_06v0,typical,125,2.10,0.55u,8,drop_at_50mA,0.142436,0.05,2.84873,22.7898,1.95756
pfet_06v0,typical,125,2.10,0.55u,8,drop_at_100mA,0.310419,0.1,3.10419,24.8336,1.78958
pfet_06v0,typical,125,2.10,0.55u,8,rlin_at_50mV,0.05,0.0183569,2.72377,21.7902,2.05
pfet_06v0,typical,125,2.10,0.55u,16,drop_at_50mA,0.0687064,0.05,1.37413,21.9861,2.03129
pfet_06v0,typical,125,2.10,0.55u,16,drop_at_100mA,0.142436,0.1,1.42436,22.7898,1.95756
pfet_06v0,typical,125,2.10,0.55u,16,rlin_at_50mV,0.05,0.0367138,1.36189,21.7902,2.05
pfet_06v0,typical,125,2.10,0.70u,1,drop_at_50mA,9.50957,0.05,190.191,190.191,-7.40957
pfet_06v0,typical,125,2.10,0.70u,1,drop_at_100mA,10.9729,0.1,109.729,109.729,-8.87285
pfet_06v0,typical,125,2.10,0.70u,1,rlin_at_50mV,0.05,0.0017422,28.6993,28.6993,2.05
pfet_06v0,typical,125,2.10,0.70u,2,drop_at_50mA,7.14751,0.05,142.95,285.9,-5.04751
pfet_06v0,typical,125,2.10,0.70u,2,drop_at_100mA,9.50957,0.1,95.0957,190.191,-7.40957
pfet_06v0,typical,125,2.10,0.70u,2,rlin_at_50mV,0.05,0.00348441,14.3497,28.6993,2.05
pfet_06v0,typical,125,2.10,0.70u,4,drop_at_50mA,0.441596,0.05,8.83192,35.3277,1.6584
pfet_06v0,typical,125,2.10,0.70u,4,drop_at_100mA,7.14751,0.1,71.4751,285.9,-5.04751
pfet_06v0,typical,125,2.10,0.70u,4,rlin_at_50mV,0.05,0.00696881,7.17483,28.6993,2.05
pfet_06v0,typical,125,2.10,0.70u,8,drop_at_50mA,0.192665,0.05,3.8533,30.8264,1.90734
pfet_06v0,typical,125,2.10,0.70u,8,drop_at_100mA,0.441596,0.1,4.41596,35.3277,1.6584
pfet_06v0,typical,125,2.10,0.70u,8,rlin_at_50mV,0.05,0.0139376,3.58741,28.6993,2.05
pfet_06v0,typical,125,2.10,0.70u,16,drop_at_50mA,0.0915309,0.05,1.83062,29.2899,2.00847
pfet_06v0,typical,125,2.10,0.70u,16,drop_at_100mA,0.192665,0.1,1.92665,30.8264,1.90734
pfet_06v0,typical,125,2.10,0.70u,16,rlin_at_50mV,0.05,0.0278752,1.79371,28.6993,2.05
pfet_06v0,typical,125,2.10,1.20u,1,drop_at_50mA,11.0098,0.05,220.195,220.195,-8.90977
pfet_06v0,typical,125,2.10,1.20u,1,drop_at_100mA,12.5522,0.1,125.522,125.522,-10.4522
pfet_06v0,typical,125,2.10,1.20u,1,rlin_at_50mV,0.05,0.000959923,52.0875,52.0875,2.05
pfet_06v0,typical,125,2.10,1.20u,2,drop_at_50mA,9.53222,0.05,190.644,381.289,-7.43222
pfet_06v0,typical,125,2.10,1.20u,2,drop_at_100mA,11.0098,0.1,110.098,220.195,-8.90977
pfet_06v0,typical,125,2.10,1.20u,2,rlin_at_50mV,0.05,0.00191985,26.0438,52.0875,2.05
pfet_06v0,typical,125,2.10,1.20u,4,drop_at_50mA,7.20031,0.05,144.006,576.024,-5.10031
pfet_06v0,typical,125,2.10,1.20u,4,drop_at_100mA,9.53222,0.1,95.3222,381.289,-7.43222
pfet_06v0,typical,125,2.10,1.20u,4,rlin_at_50mV,0.05,0.00383969,13.0219,52.0875,2.05
pfet_06v0,typical,125,2.10,1.20u,8,drop_at_50mA,0.392723,0.05,7.85446,62.8357,1.70728
pfet_06v0,typical,125,2.10,1.20u,8,drop_at_100mA,7.20031,0.1,72.0031,576.024,-5.10031
pfet_06v0,typical,125,2.10,1.20u,8,rlin_at_50mV,0.05,0.00767939,6.51094,52.0875,2.05
pfet_06v0,typical,125,2.10,1.20u,16,drop_at_50mA,0.17352,0.05,3.47041,55.5265,1.92648
pfet_06v0,typical,125,2.10,1.20u,16,drop_at_100mA,0.392723,0.1,3.92723,62.8357,1.70728
pfet_06v0,typical,125,2.10,1.20u,16,rlin_at_50mV,0.05,0.0153588,3.25547,52.0875,2.05
pfet_06v0,typical,125,2.97,0.55u,1,drop_at_50mA,1.04393,0.05,20.8785,20.8785,1.92607
pfet_06v0,typical,125,2.97,0.55u,1,drop_at_100mA,8.89031,0.1,88.9031,88.9031,-5.92031
pfet_06v0,typical,125,2.97,0.55u,1,rlin_at_50mV,0.05,0.00340107,14.7012,14.7012,2.92
pfet_06v0,typical,125,2.97,0.55u,2,drop_at_50mA,0.413556,0.05,8.27112,16.5422,2.55644
pfet_06v0,typical,125,2.97,0.55u,2,drop_at_100mA,1.04393,0.1,10.4393,20.8785,1.92607
pfet_06v0,typical,125,2.97,0.55u,2,rlin_at_50mV,0.05,0.00680215,7.35062,14.7012,2.92
pfet_06v0,typical,125,2.97,0.55u,4,drop_at_50mA,0.192217,0.05,3.84435,15.3774,2.77778
pfet_06v0,typical,125,2.97,0.55u,4,drop_at_100mA,0.413556,0.1,4.13556,16.5422,2.55644
pfet_06v0,typical,125,2.97,0.55u,4,rlin_at_50mV,0.05,0.0136043,3.67531,14.7012,2.92
pfet_06v0,typical,125,2.97,0.55u,8,drop_at_50mA,0.0931302,0.05,1.8626,14.9008,2.87687
pfet_06v0,typical,125,2.97,0.55u,8,drop_at_100mA,0.192217,0.1,1.92217,15.3774,2.77778
pfet_06v0,typical,125,2.97,0.55u,8,rlin_at_50mV,0.05,0.0272086,1.83766,14.7012,2.92
pfet_06v0,typical,125,2.97,0.55u,16,drop_at_50mA,0.0458826,0.05,0.917652,14.6824,2.92412
pfet_06v0,typical,125,2.97,0.55u,16,drop_at_100mA,0.0931302,0.1,0.931302,14.9008,2.87687
pfet_06v0,typical,125,2.97,0.55u,16,rlin_at_50mV,0.05,0.0544172,0.918828,14.7012,2.92
pfet_06v0,typical,125,2.97,0.70u,1,drop_at_50mA,3.95464,0.05,79.0928,79.0928,-0.984638
pfet_06v0,typical,125,2.97,0.70u,1,drop_at_100mA,9.79537,0.1,97.9537,97.9537,-6.82537
pfet_06v0,typical,125,2.97,0.70u,1,rlin_at_50mV,0.05,0.00261367,19.1302,19.1302,2.92
pfet_06v0,typical,125,2.97,0.70u,2,drop_at_50mA,0.56851,0.05,11.3702,22.7404,2.40149
pfet_06v0,typical,125,2.97,0.70u,2,drop_at_100mA,3.95464,0.1,39.5464,79.0928,-0.984638
pfet_06v0,typical,125,2.97,0.70u,2,rlin_at_50mV,0.05,0.00522734,9.56509,19.1302,2.92
pfet_06v0,typical,125,2.97,0.70u,4,drop_at_50mA,0.255356,0.05,5.10712,20.4285,2.71464
pfet_06v0,typical,125,2.97,0.70u,4,drop_at_100mA,0.56851,0.1,5.6851,22.7404,2.40149
pfet_06v0,typical,125,2.97,0.70u,4,rlin_at_50mV,0.05,0.0104547,4.78254,19.1302,2.92
pfet_06v0,typical,125,2.97,0.70u,8,drop_at_50mA,0.122313,0.05,2.44627,19.5702,2.84769
pfet_06v0,typical,125,2.97,0.70u,8,drop_at_100mA,0.255356,0.1,2.55356,20.4285,2.71464
pfet_06v0,typical,125,2.97,0.70u,8,rlin_at_50mV,0.05,0.0209094,2.39127,19.1302,2.92
pfet_06v0,typical,125,2.97,0.70u,16,drop_at_50mA,0.059968,0.05,1.19936,19.1898,2.91003
pfet_06v0,typical,125,2.97,0.70u,16,drop_at_100mA,0.122313,0.1,1.22313,19.5702,2.84769
pfet_06v0,typical,125,2.97,0.70u,16,rlin_at_50mV,0.05,0.0418188,1.19564,19.1302,2.92
pfet_06v0,typical,125,2.97,1.20u,1,drop_at_50mA,9.70938,0.05,194.188,194.188,-6.73938
pfet_06v0,typical,125,2.97,1.20u,1,drop_at_100mA,11.233,0.1,112.33,112.33,-8.26296
pfet_06v0,typical,125,2.97,1.20u,1,rlin_at_50mV,0.05,0.00146605,34.1053,34.1053,2.92
pfet_06v0,typical,125,2.97,1.20u,2,drop_at_50mA,1.65036,0.05,33.0072,66.0144,1.31964
pfet_06v0,typical,125,2.97,1.20u,2,drop_at_100mA,9.70938,0.1,97.0938,194.188,-6.73938
pfet_06v0,typical,125,2.97,1.20u,2,rlin_at_50mV,0.05,0.0029321,17.0526,34.1053,2.92
pfet_06v0,typical,125,2.97,1.20u,4,drop_at_50mA,0.494659,0.05,9.89318,39.5727,2.47534
pfet_06v0,typical,125,2.97,1.20u,4,drop_at_100mA,1.65036,0.1,16.5036,66.0144,1.31964
pfet_06v0,typical,125,2.97,1.20u,4,rlin_at_50mV,0.05,0.00586419,8.52632,34.1053,2.92
pfet_06v0,typical,125,2.97,1.20u,8,drop_at_50mA,0.22552,0.05,4.51041,36.0833,2.74448
pfet_06v0,typical,125,2.97,1.20u,8,drop_at_100mA,0.494659,0.1,4.94659,39.5727,2.47534
pfet_06v0,typical,125,2.97,1.20u,8,rlin_at_50mV,0.05,0.0117284,4.26316,34.1053,2.92
pfet_06v0,typical,125,2.97,1.20u,16,drop_at_50mA,0.108569,0.05,2.17139,34.7422,2.86143
pfet_06v0,typical,125,2.97,1.20u,16,drop_at_100mA,0.22552,0.1,2.2552,36.0833,2.74448
pfet_06v0,typical,125,2.97,1.20u,16,rlin_at_50mV,0.05,0.0234568,2.13158,34.1053,2.92
pfet_06v0,typical,125,3.30,0.55u,1,drop_at_50mA,0.839704,0.05,16.7941,16.7941,2.4603
pfet_06v0,typical,125,3.30,0.55u,1,drop_at_100mA,8.12907,0.1,81.2907,81.2907,-4.82907
pfet_06v0,typical,125,3.30,0.55u,1,rlin_at_50mV,0.05,0.00377368,13.2497,13.2497,3.25
pfet_06v0,typical,125,3.30,0.55u,2,drop_at_50mA,0.362067,0.05,7.24135,14.4827,2.93793
pfet_06v0,typical,125,3.30,0.55u,2,drop_at_100mA,0.839704,0.1,8.39704,16.7941,2.4603
pfet_06v0,typical,125,3.30,0.55u,2,rlin_at_50mV,0.05,0.00754735,6.62484,13.2497,3.25
pfet_06v0,typical,125,3.30,0.55u,4,drop_at_50mA,0.17134,0.05,3.42681,13.7072,3.12866
pfet_06v0,typical,125,3.30,0.55u,4,drop_at_100mA,0.362067,0.1,3.62067,14.4827,2.93793
pfet_06v0,typical,125,3.30,0.55u,4,rlin_at_50mV,0.05,0.0150947,3.31242,13.2497,3.25
pfet_06v0,typical,125,3.30,0.55u,8,drop_at_50mA,0.0835857,0.05,1.67171,13.3737,3.21641
pfet_06v0,typical,125,3.30,0.55u,8,drop_at_100mA,0.17134,0.1,1.7134,13.7072,3.12866
pfet_06v0,typical,125,3.30,0.55u,8,rlin_at_50mV,0.05,0.0301894,1.65621,13.2497,3.25
pfet_06v0,typical,125,3.30,0.55u,16,drop_at_50mA,0.0413059,0.05,0.826117,13.2179,3.25869
pfet_06v0,typical,125,3.30,0.55u,16,drop_at_100mA,0.0835857,0.1,0.835857,13.3737,3.21641
pfet_06v0,typical,125,3.30,0.55u,16,rlin_at_50mV,0.05,0.0603788,0.828105,13.2497,3.25
pfet_06v0,typical,125,3.30,0.70u,1,drop_at_50mA,1.26844,0.05,25.3688,25.3688,2.03156
pfet_06v0,typical,125,3.30,0.70u,1,drop_at_100mA,9.42053,0.1,94.2053,94.2053,-6.12053
pfet_06v0,typical,125,3.30,0.70u,1,rlin_at_50mV,0.05,0.00290901,17.188,17.188,3.25
pfet_06v0,typical,125,3.30,0.70u,2,drop_at_50mA,0.487666,0.05,9.75332,19.5066,2.81233
pfet_06v0,typical,125,3.30,0.70u,2,drop_at_100mA,1.26844,0.1,12.6844,25.3688,2.03156
pfet_06v0,typical,125,3.30,0.70u,2,rlin_at_50mV,0.05,0.00581802,8.59399,17.188,3.25
pfet_06v0,typical,125,3.30,0.70u,4,drop_at_50mA,0.225716,0.05,4.51432,18.0573,3.07428
pfet_06v0,typical,125,3.30,0.70u,4,drop_at_100mA,0.487666,0.1,4.87666,19.5066,2.81233
pfet_06v0,typical,125,3.30,0.70u,4,rlin_at_50mV,0.05,0.011636,4.29699,17.188,3.25
pfet_06v0,typical,125,3.30,0.70u,8,drop_at_50mA,0.109203,0.05,2.18406,17.4725,3.1908
pfet_06v0,typical,125,3.30,0.70u,8,drop_at_100mA,0.225716,0.1,2.25716,18.0573,3.07428
pfet_06v0,typical,125,3.30,0.70u,8,rlin_at_50mV,0.05,0.0232721,2.1485,17.188,3.25
pfet_06v0,typical,125,3.30,0.70u,16,drop_at_50mA,0.0537683,0.05,1.07537,17.2058,3.24623
pfet_06v0,typical,125,3.30,0.70u,16,drop_at_100mA,0.109203,0.1,1.09203,17.4725,3.1908
pfet_06v0,typical,125,3.30,0.70u,16,rlin_at_50mV,0.05,0.0465442,1.07425,17.188,3.25
pfet_06v0,typical,125,3.30,1.20u,1,drop_at_50mA,9.27508,0.05,185.502,185.502,-5.97508
pfet_06v0,typical,125,3.30,1.20u,1,drop_at_100mA,10.9557,0.1,109.557,109.557,-7.65572
pfet_06v0,typical,125,3.30,1.20u,1,rlin_at_50mV,0.05,0.00163933,30.5002,30.5002,3.25
pfet_06v0,typical,125,3.30,1.20u,2,drop_at_50mA,1.04058,0.05,20.8116,41.6232,2.25942
pfet_06v0,typical,125,3.30,1.20u,2,drop_at_100mA,9.27508,0.1,92.7508,185.502,-5.97508
pfet_06v0,typical,125,3.30,1.20u,2,rlin_at_50mV,0.05,0.00327867,15.2501,30.5002,3.25
pfet_06v0,typical,125,3.30,1.20u,4,drop_at_50mA,0.424671,0.05,8.49342,33.9737,2.87533
pfet_06v0,typical,125,3.30,1.20u,4,drop_at_100mA,1.04058,0.1,10.4058,41.6232,2.25942
pfet_06v0,typical,125,3.30,1.20u,4,rlin_at_50mV,0.05,0.00655734,7.62505,30.5002,3.25
pfet_06v0,typical,125,3.30,1.20u,8,drop_at_50mA,0.198725,0.05,3.97451,31.796,3.10127
pfet_06v0,typical,125,3.30,1.20u,8,drop_at_100mA,0.424671,0.1,4.24671,33.9737,2.87533
pfet_06v0,typical,125,3.30,1.20u,8,rlin_at_50mV,0.05,0.0131147,3.81252,30.5002,3.25
pfet_06v0,typical,125,3.30,1.20u,16,drop_at_50mA,0.0965469,0.05,1.93094,30.895,3.20345
pfet_06v0,typical,125,3.30,1.20u,16,drop_at_100mA,0.198725,0.1,1.98725,31.796,3.10127
pfet_06v0,typical,125,3.30,1.20u,16,rlin_at_50mV,0.05,0.0262293,1.90626,30.5002,3.25
pfet_06v0,typical,125,3.63,0.55u,1,drop_at_50mA,0.724504,0.05,14.4901,14.4901,2.9055
pfet_06v0,typical,125,3.63,0.55u,1,drop_at_100mA,3.73854,0.1,37.3854,37.3854,-0.108542
pfet_06v0,typical,125,3.63,0.55u,1,rlin_at_50mV,0.05,0.00412539,12.1201,12.1201,3.58
pfet_06v0,typical,125,3.63,0.55u,2,drop_at_50mA,0.325049,0.05,6.50099,13.002,3.30495
pfet_06v0,typical,125,3.63,0.55u,2,drop_at_100mA,0.724504,0.1,7.24504,14.4901,2.9055
pfet_06v0,typical,125,3.63,0.55u,2,rlin_at_50mV,0.05,0.00825079,6.06003,12.1201,3.58
pfet_06v0,typical,125,3.63,0.55u,4,drop_at_50mA,0.155581,0.05,3.11162,12.4465,3.47442
pfet_06v0,typical,125,3.63,0.55u,4,drop_at_100mA,0.325049,0.1,3.25049,13.002,3.30495
pfet_06v0,typical,125,3.63,0.55u,4,rlin_at_50mV,0.05,0.0165016,3.03001,12.1201,3.58
pfet_06v0,typical,125,3.63,0.55u,8,drop_at_50mA,0.0762492,0.05,1.52498,12.1999,3.55375
pfet_06v0,typical,125,3.63,0.55u,8,drop_at_100mA,0.155581,0.1,1.55581,12.4465,3.47442
pfet_06v0,typical,125,3.63,0.55u,8,rlin_at_50mV,0.05,0.0330031,1.51501,12.1201,3.58
pfet_06v0,typical,125,3.63,0.55u,16,drop_at_50mA,0.0377598,0.05,0.755196,12.0831,3.59224
pfet_06v0,typical,125,3.63,0.55u,16,drop_at_100mA,0.0762492,0.1,0.762492,12.1999,3.55375
pfet_06v0,typical,125,3.63,0.55u,16,rlin_at_50mV,0.05,0.0660063,0.757503,12.1201,3.58
pfet_06v0,typical,125,3.63,0.70u,1,drop_at_50mA,1.02252,0.05,20.4504,20.4504,2.60748
pfet_06v0,typical,125,3.63,0.70u,1,drop_at_100mA,8.95613,0.1,89.5613,89.5613,-5.32613
pfet_06v0,typical,125,3.63,0.70u,1,rlin_at_50mV,0.05,0.00318859,15.6809,15.6809,3.58
pfet_06v0,typical,125,3.63,0.70u,2,drop_at_50mA,0.432447,0.05,8.64894,17.2979,3.19755
pfet_06v0,typical,125,3.63,0.70u,2,drop_at_100mA,1.02252,0.1,10.2252,20.4504,2.60748
pfet_06v0,typical,125,3.63,0.70u,2,rlin_at_50mV,0.05,0.00637718,7.84045,15.6809,3.58
pfet_06v0,typical,125,3.63,0.70u,4,drop_at_50mA,0.203723,0.05,4.07446,16.2979,3.42628
pfet_06v0,typical,125,3.63,0.70u,4,drop_at_100mA,0.432447,0.1,4.32447,17.2979,3.19755
pfet_06v0,typical,125,3.63,0.70u,4,rlin_at_50mV,0.05,0.0127544,3.92023,15.6809,3.58
pfet_06v0,typical,125,3.63,0.70u,8,drop_at_50mA,0.0992121,0.05,1.98424,15.8739,3.53079
pfet_06v0,typical,125,3.63,0.70u,8,drop_at_100mA,0.203723,0.1,2.03723,16.2979,3.42628
pfet_06v0,typical,125,3.63,0.70u,8,rlin_at_50mV,0.05,0.0255087,1.96011,15.6809,3.58
pfet_06v0,typical,125,3.63,0.70u,16,drop_at_50mA,0.0489906,0.05,0.979812,15.677,3.58101
pfet_06v0,typical,125,3.63,0.70u,16,drop_at_100mA,0.0992121,0.1,0.992121,15.8739,3.53079
pfet_06v0,typical,125,3.63,0.70u,16,rlin_at_50mV,0.05,0.0510175,0.980056,15.6809,3.58
pfet_06v0,typical,125,3.63,1.20u,1,drop_at_50mA,8.6653,0.05,173.306,173.306,-5.0353
pfet_06v0,typical,125,3.63,1.20u,1,drop_at_100mA,10.7305,0.1,107.305,107.305,-7.10054
pfet_06v0,typical,125,3.63,1.20u,1,rlin_at_50mV,0.05,0.00180414,27.714,27.714,3.58
pfet_06v0,typical,125,3.63,1.20u,2,drop_at_50mA,0.861607,0.05,17.2321,34.4643,2.76839
pfet_06v0,typical,125,3.63,1.20u,2,drop_at_100mA,8.6653,0.1,86.653,173.306,-5.0353
pfet_06v0,typical,125,3.63,1.20u,2,rlin_at_50mV,0.05,0.00360828,13.857,27.714,3.58
pfet_06v0,typical,125,3.63,1.20u,4,drop_at_50mA,0.376323,0.05,7.52646,30.1058,3.25368
pfet_06v0,typical,125,3.63,1.20u,4,drop_at_100mA,0.861607,0.1,8.61607,34.4643,2.76839
pfet_06v0,typical,125,3.63,1.20u,4,rlin_at_50mV,0.05,0.00721657,6.9285,27.714,3.58
pfet_06v0,typical,125,3.63,1.20u,8,drop_at_50mA,0.178843,0.05,3.57686,28.6148,3.45116
pfet_06v0,typical,125,3.63,1.20u,8,drop_at_100mA,0.376323,0.1,3.76323,30.1058,3.25368
pfet_06v0,typical,125,3.63,1.20u,8,rlin_at_50mV,0.05,0.0144331,3.46425,27.714,3.58
pfet_06v0,typical,125,3.63,1.20u,16,drop_at_50mA,0.0874065,0.05,1.74813,27.9701,3.54259
pfet_06v0,typical,125,3.63,1.20u,16,drop_at_100mA,0.178843,0.1,1.78843,28.6148,3.45116
pfet_06v0,typical,125,3.63,1.20u,16,rlin_at_50mV,0.05,0.0288663,1.73213,27.714,3.58
pfet_06v0,typical,125,4.50,0.55u,1,drop_at_50mA,0.558708,0.05,11.1742,11.1742,3.94129
pfet_06v0,typical,125,4.50,0.55u,1,drop_at_100mA,1.32959,0.1,13.2959,13.2959,3.17041
pfet_06v0,typical,125,4.50,0.55u,1,rlin_at_50mV,0.05,0.00497024,10.0599,10.0599,4.45
pfet_06v0,typical,125,4.50,0.55u,2,drop_at_50mA,0.262568,0.05,5.25135,10.5027,4.23743
pfet_06v0,typical,125,4.50,0.55u,2,drop_at_100mA,0.558708,0.1,5.58708,11.1742,3.94129
pfet_06v0,typical,125,4.50,0.55u,2,rlin_at_50mV,0.05,0.00994049,5.02994,10.0599,4.45
pfet_06v0,typical,125,4.50,0.55u,4,drop_at_50mA,0.127728,0.05,2.55457,10.2183,4.37227
pfet_06v0,typical,125,4.50,0.55u,4,drop_at_100mA,0.262568,0.1,2.62568,10.5027,4.23743
pfet_06v0,typical,125,4.50,0.55u,4,rlin_at_50mV,0.05,0.019881,2.51497,10.0599,4.45
pfet_06v0,typical,125,4.50,0.55u,8,drop_at_50mA,0.0630385,0.05,1.26077,10.0862,4.43696
pfet_06v0,typical,125,4.50,0.55u,8,drop_at_100mA,0.127728,0.1,1.27728,10.2183,4.37227
pfet_06v0,typical,125,4.50,0.55u,8,rlin_at_50mV,0.05,0.0397619,1.25748,10.0599,4.45
pfet_06v0,typical,125,4.50,0.55u,16,drop_at_50mA,0.03132,0.05,0.626399,10.0224,4.46868
pfet_06v0,typical,125,4.50,0.55u,16,drop_at_100mA,0.0630385,0.1,0.630385,10.0862,4.43696
pfet_06v0,typical,125,4.50,0.55u,16,rlin_at_50mV,0.05,0.0795239,0.628742,10.0599,4.45
pfet_06v0,typical,125,4.50,0.70u,1,drop_at_50mA,0.747323,0.05,14.9465,14.9465,3.75268
pfet_06v0,typical,125,4.50,0.70u,1,drop_at_100mA,2.05783,0.1,20.5783,20.5783,2.44217
pfet_06v0,typical,125,4.50,0.70u,1,rlin_at_50mV,0.05,0.00386312,12.9429,12.9429,4.45
pfet_06v0,typical,125,4.50,0.70u,2,drop_at_50mA,0.343151,0.05,6.86303,13.7261,4.15685
pfet_06v0,typical,125,4.50,0.70u,2,drop_at_100mA,0.747323,0.1,7.47323,14.9465,3.75268
pfet_06v0,typical,125,4.50,0.70u,2,rlin_at_50mV,0.05,0.00772625,6.47145,12.9429,4.45
pfet_06v0,typical,125,4.50,0.70u,4,drop_at_50mA,0.165529,0.05,3.31057,13.2423,4.33447
pfet_06v0,typical,125,4.50,0.70u,4,drop_at_100mA,0.343151,0.1,3.43151,13.7261,4.15685
pfet_06v0,typical,125,4.50,0.70u,4,rlin_at_50mV,0.05,0.0154525,3.23572,12.9429,4.45
pfet_06v0,typical,125,4.50,0.70u,8,drop_at_50mA,0.0813945,0.05,1.62789,13.0231,4.41861
pfet_06v0,typical,125,4.50,0.70u,8,drop_at_100mA,0.165529,0.1,1.65529,13.2423,4.33447
pfet_06v0,typical,125,4.50,0.70u,8,rlin_at_50mV,0.05,0.030905,1.61786,12.9429,4.45
pfet_06v0,typical,125,4.50,0.70u,16,drop_at_50mA,0.0403702,0.05,0.807403,12.9185,4.45963
pfet_06v0,typical,125,4.50,0.70u,16,drop_at_100mA,0.0813945,0.1,0.813945,13.0231,4.41861
pfet_06v0,typical,125,4.50,0.70u,16,rlin_at_50mV,0.05,0.06181,0.808931,12.9429,4.45
pfet_06v0,typical,125,4.50,1.20u,1,drop_at_50mA,1.58848,0.05,31.7696,31.7696,2.91152
pfet_06v0,typical,125,4.50,1.20u,1,drop_at_100mA,10.2058,0.1,102.058,102.058,-5.70575
pfet_06v0,typical,125,4.50,1.20u,1,rlin_at_50mV,0.05,0.00220465,22.6794,22.6794,4.45
pfet_06v0,typical,125,4.50,1.20u,2,drop_at_50mA,0.637878,0.05,12.7576,25.5151,3.86212
pfet_06v0,typical,125,4.50,1.20u,2,drop_at_100mA,1.58848,0.1,15.8848,31.7696,2.91152
pfet_06v0,typical,125,4.50,1.20u,2,rlin_at_50mV,0.05,0.0044093,11.3397,22.6794,4.45
pfet_06v0,typical,125,4.50,1.20u,4,drop_at_50mA,0.297494,0.05,5.94988,23.7995,4.20251
pfet_06v0,typical,125,4.50,1.20u,4,drop_at_100mA,0.637878,0.1,6.37878,25.5151,3.86212
pfet_06v0,typical,125,4.50,1.20u,4,rlin_at_50mV,0.05,0.00881859,5.66984,22.6794,4.45
pfet_06v0,typical,125,4.50,1.20u,8,drop_at_50mA,0.144343,0.05,2.88685,23.0948,4.35566
pfet_06v0,typical,125,4.50,1.20u,8,drop_at_100mA,0.297494,0.1,2.97494,23.7995,4.20251
pfet_06v0,typical,125,4.50,1.20u,8,rlin_at_50mV,0.05,0.0176372,2.83492,22.6794,4.45
pfet_06v0,typical,125,4.50,1.20u,16,drop_at_50mA,0.0711605,0.05,1.42321,22.7714,4.42884
pfet_06v0,typical,125,4.50,1.20u,16,drop_at_100mA,0.144343,0.1,1.44343,23.0948,4.35566
pfet_06v0,typical,125,4.50,1.20u,16,rlin_at_50mV,0.05,0.0352744,1.41746,22.6794,4.45
pfet_06v0,typical,125,5.00,0.55u,1,drop_at_50mA,0.502196,0.05,10.0439,10.0439,4.4978
pfet_06v0,typical,125,5.00,0.55u,1,drop_at_100mA,1.13816,0.1,11.3816,11.3816,3.86184
pfet_06v0,typical,125,5.00,0.55u,1,rlin_at_50mV,0.05,0.00541191,9.23888,9.23888,4.95
pfet_06v0,typical,125,5.00,0.55u,2,drop_at_50mA,0.239066,0.05,4.78131,9.56263,4.76093
pfet_06v0,typical,125,5.00,0.55u,2,drop_at_100mA,0.502196,0.1,5.02196,10.0439,4.4978
pfet_06v0,typical,125,5.00,0.55u,2,rlin_at_50mV,0.05,0.0108238,4.61944,9.23888,4.95
pfet_06v0,typical,125,5.00,0.55u,4,drop_at_50mA,0.116893,0.05,2.33786,9.35143,4.88311
pfet_06v0,typical,125,5.00,0.55u,4,drop_at_100mA,0.239066,0.1,2.39066,9.56263,4.76093
pfet_06v0,typical,125,5.00,0.55u,4,rlin_at_50mV,0.05,0.0216477,2.30972,9.23888,4.95
pfet_06v0,typical,125,5.00,0.55u,8,drop_at_50mA,0.0578246,0.05,1.15649,9.25193,4.94218
pfet_06v0,typical,125,5.00,0.55u,8,drop_at_100mA,0.116893,0.1,1.16893,9.35143,4.88311
pfet_06v0,typical,125,5.00,0.55u,8,rlin_at_50mV,0.05,0.0432953,1.15486,9.23888,4.95
pfet_06v0,typical,125,5.00,0.55u,16,drop_at_50mA,0.0287612,0.05,0.575224,9.20358,4.97124
pfet_06v0,typical,125,5.00,0.55u,16,drop_at_100mA,0.0578246,0.1,0.578246,9.25193,4.94218
pfet_06v0,typical,125,5.00,0.55u,16,rlin_at_50mV,0.05,0.0865906,0.57743,9.23888,4.95
pfet_06v0,typical,125,5.00,0.70u,1,drop_at_50mA,0.663142,0.05,13.2628,13.2628,4.33686
pfet_06v0,typical,125,5.00,0.70u,1,drop_at_100mA,1.60625,0.1,16.0625,16.0625,3.39375
pfet_06v0,typical,125,5.00,0.70u,1,rlin_at_50mV,0.05,0.0042173,11.8559,11.8559,4.95
pfet_06v0,typical,125,5.00,0.70u,2,drop_at_50mA,0.310545,0.05,6.2109,12.4218,4.68945
pfet_06v0,typical,125,5.00,0.70u,2,drop_at_100mA,0.663142,0.1,6.63142,13.2628,4.33686
pfet_06v0,typical,125,5.00,0.70u,2,rlin_at_50mV,0.05,0.00843459,5.92797,11.8559,4.95
pfet_06v0,typical,125,5.00,0.70u,4,drop_at_50mA,0.150873,0.05,3.01746,12.0698,4.84913
pfet_06v0,typical,125,5.00,0.70u,4,drop_at_100mA,0.310545,0.1,3.10545,12.4218,4.68945
pfet_06v0,typical,125,5.00,0.70u,4,rlin_at_50mV,0.05,0.0168692,2.96398,11.8559,4.95
pfet_06v0,typical,125,5.00,0.70u,8,drop_at_50mA,0.0744196,0.05,1.48839,11.9071,4.92558
pfet_06v0,typical,125,5.00,0.70u,8,drop_at_100mA,0.150873,0.1,1.50873,12.0698,4.84913
pfet_06v0,typical,125,5.00,0.70u,8,rlin_at_50mV,0.05,0.0337384,1.48199,11.8559,4.95
pfet_06v0,typical,125,5.00,0.70u,16,drop_at_50mA,0.0369649,0.05,0.739297,11.8288,4.96304
pfet_06v0,typical,125,5.00,0.70u,16,drop_at_100mA,0.0744196,0.1,0.744196,11.9071,4.92558
pfet_06v0,typical,125,5.00,0.70u,16,rlin_at_50mV,0.05,0.0674767,0.740996,11.8559,4.95
pfet_06v0,typical,125,5.00,1.20u,1,drop_at_50mA,1.30829,0.05,26.1659,26.1659,3.69171
pfet_06v0,typical,125,5.00,1.20u,1,drop_at_100mA,9.77917,0.1,97.7917,97.7917,-4.77917
pfet_06v0,typical,125,5.00,1.20u,1,rlin_at_50mV,0.05,0.00241646,20.6914,20.6914,4.95
pfet_06v0,typical,125,5.00,1.20u,2,drop_at_50mA,0.566559,0.05,11.3312,22.6624,4.43344
pfet_06v0,typical,125,5.00,1.20u,2,drop_at_100mA,1.30829,0.1,13.0829,26.1659,3.69171
pfet_06v0,typical,125,5.00,1.20u,2,rlin_at_50mV,0.05,0.00483292,10.3457,20.6914,4.95
pfet_06v0,typical,125,5.00,1.20u,4,drop_at_50mA,0.268577,0.05,5.37153,21.4861,4.73142
pfet_06v0,typical,125,5.00,1.20u,4,drop_at_100mA,0.566559,0.1,5.66559,22.6624,4.43344
pfet_06v0,typical,125,5.00,1.20u,4,rlin_at_50mV,0.05,0.00966584,5.17286,20.6914,4.95
pfet_06v0,typical,125,5.00,1.20u,8,drop_at_50mA,0.131126,0.05,2.62251,20.9801,4.86887
pfet_06v0,typical,125,5.00,1.20u,8,drop_at_100mA,0.268577,0.1,2.68577,21.4861,4.73142
pfet_06v0,typical,125,5.00,1.20u,8,rlin_at_50mV,0.05,0.0193317,2.58643,20.6914,4.95
pfet_06v0,typical,125,5.00,1.20u,16,drop_at_50mA,0.0648239,0.05,1.29648,20.7436,4.93518
pfet_06v0,typical,125,5.00,1.20u,16,drop_at_100mA,0.131126,0.1,1.31126,20.9801,4.86887
pfet_06v0,typical,125,5.00,1.20u,16,rlin_at_50mV,0.05,0.0386634,1.29321,20.6914,4.95
pfet_06v0,typical,125,5.50,0.55u,1,drop_at_50mA,0.459475,0.05,9.1895,9.1895,5.04052
pfet_06v0,typical,125,5.50,0.55u,1,drop_at_100mA,1.01285,0.1,10.1285,10.1285,4.48715
pfet_06v0,typical,125,5.50,0.55u,1,rlin_at_50mV,0.05,0.00582796,8.57933,8.57933,5.45
pfet_06v0,typical,125,5.50,0.55u,2,drop_at_50mA,0.220644,0.05,4.41288,8.82576,5.27936
pfet_06v0,typical,125,5.50,0.55u,2,drop_at_100mA,0.459475,0.1,4.59475,9.1895,5.04052
pfet_06v0,typical,125,5.50,0.55u,2,rlin_at_50mV,0.05,0.0116559,4.28966,8.57933,5.45
pfet_06v0,typical,125,5.50,0.55u,4,drop_at_50mA,0.108279,0.05,2.16557,8.66228,5.39172
pfet_06v0,typical,125,5.50,0.55u,4,drop_at_100mA,0.220644,0.1,2.20644,8.82576,5.27936
pfet_06v0,typical,125,5.50,0.55u,4,rlin_at_50mV,0.05,0.0233118,2.14483,8.57933,5.45
pfet_06v0,typical,125,5.50,0.55u,8,drop_at_50mA,0.0536531,0.05,1.07306,8.58449,5.44635
pfet_06v0,typical,125,5.50,0.55u,8,drop_at_100mA,0.108279,0.1,1.08279,8.66228,5.39172
pfet_06v0,typical,125,5.50,0.55u,8,rlin_at_50mV,0.05,0.0466237,1.07242,8.57933,5.45
pfet_06v0,typical,125,5.50,0.55u,16,drop_at_50mA,0.0267079,0.05,0.534157,8.54651,5.47329
pfet_06v0,typical,125,5.50,0.55u,16,drop_at_100mA,0.0536531,0.1,0.536531,8.58449,5.44635
pfet_06v0,typical,125,5.50,0.55u,16,rlin_at_50mV,0.05,0.0932474,0.536208,8.57933,5.45
pfet_06v0,typical,125,5.50,0.70u,1,drop_at_50mA,0.601507,0.05,12.0301,12.0301,4.89849
pfet_06v0,typical,125,5.50,0.70u,1,drop_at_100mA,1.38217,0.1,13.8217,13.8217,4.11783
pfet_06v0,typical,125,5.50,0.70u,1,rlin_at_50mV,0.05,0.00455182,10.9846,10.9846,5.45
pfet_06v0,typical,125,5.50,0.70u,2,drop_at_50mA,0.285292,0.05,5.70584,11.4117,5.21471
pfet_06v0,typical,125,5.50,0.70u,2,drop_at_100mA,0.601507,0.1,6.01507,12.0301,4.89849
pfet_06v0,typical,125,5.50,0.70u,2,rlin_at_50mV,0.05,0.00910363,5.49231,10.9846,5.45
pfet_06v0,typical,125,5.50,0.70u,4,drop_at_50mA,0.139295,0.05,2.78589,11.1436,5.36071
pfet_06v0,typical,125,5.50,0.70u,4,drop_at_100mA,0.285292,0.1,2.85292,11.4117,5.21471
pfet_06v0,typical,125,5.50,0.70u,4,rlin_at_50mV,0.05,0.0182073,2.74616,10.9846,5.45
pfet_06v0,typical,125,5.50,0.70u,8,drop_at_50mA,0.0688618,0.05,1.37724,11.0179,5.43114
pfet_06v0,typical,125,5.50,0.70u,8,drop_at_100mA,0.139295,0.1,1.39295,11.1436,5.36071
pfet_06v0,typical,125,5.50,0.70u,8,rlin_at_50mV,0.05,0.0364145,1.37308,10.9846,5.45
pfet_06v0,typical,125,5.50,0.70u,16,drop_at_50mA,0.0342405,0.05,0.68481,10.957,5.46576
pfet_06v0,typical,125,5.50,0.70u,16,drop_at_100mA,0.0688618,0.1,0.688618,11.0179,5.43114
pfet_06v0,typical,125,5.50,0.70u,16,rlin_at_50mV,0.05,0.072829,0.686539,10.9846,5.45
pfet_06v0,typical,125,5.50,1.20u,1,drop_at_50mA,1.14294,0.05,22.8587,22.8587,4.35706
pfet_06v0,typical,125,5.50,1.20u,1,drop_at_100mA,8.33633,0.1,83.3633,83.3633,-2.83633
pfet_06v0,typical,125,5.50,1.20u,1,rlin_at_50mV,0.05,0.00261741,19.1028,19.1028,5.45
pfet_06v0,typical,125,5.50,1.20u,2,drop_at_50mA,0.513766,0.05,10.2753,20.5506,4.98623
pfet_06v0,typical,125,5.50,1.20u,2,drop_at_100mA,1.14294,0.1,11.4294,22.8587,4.35706
pfet_06v0,typical,125,5.50,1.20u,2,rlin_at_50mV,0.05,0.00523483,9.55141,19.1028,5.45
pfet_06v0,typical,125,5.50,1.20u,4,drop_at_50mA,0.246153,0.05,4.92306,19.6922,5.25385
pfet_06v0,typical,125,5.50,1.20u,4,drop_at_100mA,0.513766,0.1,5.13766,20.5506,4.98623
pfet_06v0,typical,125,5.50,1.20u,4,rlin_at_50mV,0.05,0.0104697,4.77571,19.1028,5.45
pfet_06v0,typical,125,5.50,1.20u,8,drop_at_50mA,0.120697,0.05,2.41395,19.3116,5.3793
pfet_06v0,typical,125,5.50,1.20u,8,drop_at_100mA,0.246153,0.1,2.46153,19.6922,5.25385
pfet_06v0,typical,125,5.50,1.20u,8,rlin_at_50mV,0.05,0.0209393,2.38785,19.1028,5.45
pfet_06v0,typical,125,5.50,1.20u,16,drop_at_50mA,0.0597859,0.05,1.19572,19.1315,5.44021
pfet_06v0,typical,125,5.50,1.20u,16,drop_at_100mA,0.120697,0.1,1.20697,19.3116,5.3793
pfet_06v0,typical,125,5.50,1.20u,16,rlin_at_50mV,0.05,0.0418786,1.19393,19.1028,5.45
pfet_06v0,ff,-40,2.10,0.55u,1,drop_at_50mA,1.27839,0.05,25.5678,25.5678,0.821608
pfet_06v0,ff,-40,2.10,0.55u,1,drop_at_100mA,8.6435,0.1,86.435,86.435,-6.5435
pfet_06v0,ff,-40,2.10,0.55u,1,rlin_at_50mV,0.05,0.00492079,10.161,10.161,2.05
pfet_06v0,ff,-40,2.10,0.55u,2,drop_at_50mA,0.298983,0.05,5.97966,11.9593,1.80102
pfet_06v0,ff,-40,2.10,0.55u,2,drop_at_100mA,1.27839,0.1,12.7839,25.5678,0.821608
pfet_06v0,ff,-40,2.10,0.55u,2,rlin_at_50mV,0.05,0.00984158,5.08049,10.161,2.05
pfet_06v0,ff,-40,2.10,0.55u,4,drop_at_50mA,0.133981,0.05,2.67962,10.7185,1.96602
pfet_06v0,ff,-40,2.10,0.55u,4,drop_at_100mA,0.298983,0.1,2.98983,11.9593,1.80102
pfet_06v0,ff,-40,2.10,0.55u,4,rlin_at_50mV,0.05,0.0196832,2.54024,10.161,2.05
pfet_06v0,ff,-40,2.10,0.55u,8,drop_at_50mA,0.0640705,0.05,1.28141,10.2513,2.03593
pfet_06v0,ff,-40,2.10,0.55u,8,drop_at_100mA,0.133981,0.1,1.33981,10.7185,1.96602
pfet_06v0,ff,-40,2.10,0.55u,8,rlin_at_50mV,0.05,0.0393663,1.27012,10.161,2.05
pfet_06v0,ff,-40,2.10,0.55u,16,drop_at_50mA,0.0313854,0.05,0.627707,10.0433,2.06861
pfet_06v0,ff,-40,2.10,0.55u,16,drop_at_100mA,0.0640705,0.1,0.640705,10.2513,2.03593
pfet_06v0,ff,-40,2.10,0.55u,16,rlin_at_50mV,0.05,0.0787326,0.635061,10.161,2.05
pfet_06v0,ff,-40,2.10,0.70u,1,drop_at_50mA,7.60527,0.05,152.105,152.105,-5.50527
pfet_06v0,ff,-40,2.10,0.70u,1,drop_at_100mA,9.55997,0.1,95.5997,95.5997,-7.45997
pfet_06v0,ff,-40,2.10,0.70u,1,rlin_at_50mV,0.05,0.00364466,13.7187,13.7187,2.05
pfet_06v0,ff,-40,2.10,0.70u,2,drop_at_50mA,0.446431,0.05,8.92862,17.8572,1.65357
pfet_06v0,ff,-40,2.10,0.70u,2,drop_at_100mA,7.60527,0.1,76.0527,152.105,-5.50527
pfet_06v0,ff,-40,2.10,0.70u,2,rlin_at_50mV,0.05,0.00728933,6.85935,13.7187,2.05
pfet_06v0,ff,-40,2.10,0.70u,4,drop_at_50mA,0.186883,0.05,3.73767,14.9507,1.91312
pfet_06v0,ff,-40,2.10,0.70u,4,drop_at_100mA,0.446431,0.1,4.46431,17.8572,1.65357
pfet_06v0,ff,-40,2.10,0.70u,4,rlin_at_50mV,0.05,0.0145787,3.42967,13.7187,2.05
pfet_06v0,ff,-40,2.10,0.70u,8,drop_at_50mA,0.0877594,0.05,1.75519,14.0415,2.01224
pfet_06v0,ff,-40,2.10,0.70u,8,drop_at_100mA,0.186883,0.1,1.86883,14.9507,1.91312
pfet_06v0,ff,-40,2.10,0.70u,8,rlin_at_50mV,0.05,0.0291573,1.71484,13.7187,2.05
pfet_06v0,ff,-40,2.10,0.70u,16,drop_at_50mA,0.0426797,0.05,0.853594,13.6575,2.05732
pfet_06v0,ff,-40,2.10,0.70u,16,drop_at_100mA,0.0877594,0.1,0.877594,14.0415,2.01224
pfet_06v0,ff,-40,2.10,0.70u,16,rlin_at_50mV,0.05,0.0583146,0.857418,13.7187,2.05
pfet_06v0,ff,-40,2.10,1.20u,1,drop_at_50mA,9.63726,0.05,192.745,192.745,-7.53726
pfet_06v0,ff,-40,2.10,1.20u,1,drop_at_100mA,11.1052,0.1,111.052,111.052,-9.00522
pfet_06v0,ff,-40,2.10,1.20u,1,rlin_at_50mV,0.05,0.00193763,25.8047,25.8047,2.05
pfet_06v0,ff,-40,2.10,1.20u,2,drop_at_50mA,7.69741,0.05,153.948,307.896,-5.59741
pfet_06v0,ff,-40,2.10,1.20u,2,drop_at_100mA,9.63726,0.1,96.3726,192.745,-7.53726
pfet_06v0,ff,-40,2.10,1.20u,2,rlin_at_50mV,0.05,0.00387527,12.9023,25.8047,2.05
pfet_06v0,ff,-40,2.10,1.20u,4,drop_at_50mA,0.40699,0.05,8.13979,32.5592,1.69301
pfet_06v0,ff,-40,2.10,1.20u,4,drop_at_100mA,7.69741,0.1,76.9741,307.896,-5.59741
pfet_06v0,ff,-40,2.10,1.20u,4,rlin_at_50mV,0.05,0.00775053,6.45117,25.8047,2.05
pfet_06v0,ff,-40,2.10,1.20u,8,drop_at_50mA,0.173996,0.05,3.47992,27.8394,1.926
pfet_06v0,ff,-40,2.10,1.20u,8,drop_at_100mA,0.40699,0.1,4.0699,32.5592,1.69301
pfet_06v0,ff,-40,2.10,1.20u,8,rlin_at_50mV,0.05,0.0155011,3.22558,25.8047,2.05
pfet_06v0,ff,-40,2.10,1.20u,16,drop_at_50mA,0.0822091,0.05,1.64418,26.3069,2.01779
pfet_06v0,ff,-40,2.10,1.20u,16,drop_at_100mA,0.173996,0.1,1.73996,27.8394,1.926
pfet_06v0,ff,-40,2.10,1.20u,16,rlin_at_50mV,0.05,0.0310021,1.61279,25.8047,2.05
pfet_06v0,ff,-40,2.97,0.55u,1,drop_at_50mA,0.406882,0.05,8.13765,8.13765,2.56312
pfet_06v0,ff,-40,2.97,0.55u,1,drop_at_100mA,1.17948,0.1,11.7948,11.7948,1.79052
pfet_06v0,ff,-40,2.97,0.55u,1,rlin_at_50mV,0.05,0.00715902,6.98419,6.98419,2.92
pfet_06v0,ff,-40,2.97,0.55u,2,drop_at_50mA,0.184789,0.05,3.69577,7.39154,2.78521
pfet_06v0,ff,-40,2.97,0.55u,2,drop_at_100mA,0.406882,0.1,4.06882,8.13765,2.56312
pfet_06v0,ff,-40,2.97,0.55u,2,rlin_at_50mV,0.05,0.014318,3.4921,6.98419,2.92
pfet_06v0,ff,-40,2.97,0.55u,4,drop_at_50mA,0.0887253,0.05,1.77451,7.09803,2.88127
pfet_06v0,ff,-40,2.97,0.55u,4,drop_at_100mA,0.184789,0.1,1.84789,7.39154,2.78521
pfet_06v0,ff,-40,2.97,0.55u,4,rlin_at_50mV,0.05,0.0286361,1.74605,6.98419,2.92
pfet_06v0,ff,-40,2.97,0.55u,8,drop_at_50mA,0.0435339,0.05,0.870678,6.96543,2.92647
pfet_06v0,ff,-40,2.97,0.55u,8,drop_at_100mA,0.0887253,0.1,0.887253,7.09803,2.88127
pfet_06v0,ff,-40,2.97,0.55u,8,rlin_at_50mV,0.05,0.0572722,0.873024,6.98419,2.92
pfet_06v0,ff,-40,2.97,0.55u,16,drop_at_50mA,0.0215693,0.05,0.431387,6.90218,2.94843
pfet_06v0,ff,-40,2.97,0.55u,16,drop_at_100mA,0.0435339,0.1,0.435339,6.96543,2.92647
pfet_06v0,ff,-40,2.97,0.55u,16,rlin_at_50mV,0.05,0.114544,0.436512,6.98419,2.92
pfet_06v0,ff,-40,2.97,0.70u,1,drop_at_50mA,0.575318,0.05,11.5064,11.5064,2.39468
pfet_06v0,ff,-40,2.97,0.70u,1,drop_at_100mA,7.38835,0.1,73.8835,73.8835,-4.41835
pfet_06v0,ff,-40,2.97,0.70u,1,rlin_at_50mV,0.05,0.00541314,9.23679,9.23679,2.92
pfet_06v0,ff,-40,2.97,0.70u,2,drop_at_50mA,0.250363,0.05,5.00726,10.0145,2.71964
pfet_06v0,ff,-40,2.97,0.70u,2,drop_at_100mA,0.575318,0.1,5.75318,11.5064,2.39468
pfet_06v0,ff,-40,2.97,0.70u,2,rlin_at_50mV,0.05,0.0108263,4.6184,9.23679,2.92
pfet_06v0,ff,-40,2.97,0.70u,4,drop_at_50mA,0.11866,0.05,2.37319,9.49276,2.85134
pfet_06v0,ff,-40,2.97,0.70u,4,drop_at_100mA,0.250363,0.1,2.50363,10.0145,2.71964
pfet_06v0,ff,-40,2.97,0.70u,4,rlin_at_50mV,0.05,0.0216525,2.3092,9.23679,2.92
pfet_06v0,ff,-40,2.97,0.70u,8,drop_at_50mA,0.057911,0.05,1.15822,9.26576,2.91209
pfet_06v0,ff,-40,2.97,0.70u,8,drop_at_100mA,0.11866,0.1,1.1866,9.49276,2.85134
pfet_06v0,ff,-40,2.97,0.70u,8,rlin_at_50mV,0.05,0.0433051,1.1546,9.23679,2.92
pfet_06v0,ff,-40,2.97,0.70u,16,drop_at_50mA,0.0286225,0.05,0.572449,9.15919,2.94138
pfet_06v0,ff,-40,2.97,0.70u,16,drop_at_100mA,0.057911,0.1,0.57911,9.26576,2.91209
pfet_06v0,ff,-40,2.97,0.70u,16,rlin_at_50mV,0.05,0.0866102,0.577299,9.23679,2.92
pfet_06v0,ff,-40,2.97,1.20u,1,drop_at_50mA,6.30384,0.05,126.077,126.077,-3.33384
pfet_06v0,ff,-40,2.97,1.20u,1,drop_at_100mA,9.7485,0.1,97.485,97.485,-6.7785
pfet_06v0,ff,-40,2.97,1.20u,1,rlin_at_50mV,0.05,0.0029626,16.8771,16.8771,2.92
pfet_06v0,ff,-40,2.97,1.20u,2,drop_at_50mA,0.503981,0.05,10.0796,20.1592,2.46602
pfet_06v0,ff,-40,2.97,1.20u,2,drop_at_100mA,6.30384,0.1,63.0384,126.077,-3.33384
pfet_06v0,ff,-40,2.97,1.20u,2,rlin_at_50mV,0.05,0.00592519,8.43854,16.8771,2.92
pfet_06v0,ff,-40,2.97,1.20u,4,drop_at_50mA,0.225349,0.05,4.50698,18.0279,2.74465
pfet_06v0,ff,-40,2.97,1.20u,4,drop_at_100mA,0.503981,0.1,5.03981,20.1592,2.46602
pfet_06v0,ff,-40,2.97,1.20u,4,rlin_at_50mV,0.05,0.0118504,4.21927,16.8771,2.92
pfet_06v0,ff,-40,2.97,1.20u,8,drop_at_50mA,0.107762,0.05,2.15525,17.242,2.86224
pfet_06v0,ff,-40,2.97,1.20u,8,drop_at_100mA,0.225349,0.1,2.25349,18.0279,2.74465
pfet_06v0,ff,-40,2.97,1.20u,8,rlin_at_50mV,0.05,0.0237008,2.10964,16.8771,2.92
pfet_06v0,ff,-40,2.97,1.20u,16,drop_at_50mA,0.0527951,0.05,1.0559,16.8944,2.9172
pfet_06v0,ff,-40,2.97,1.20u,16,drop_at_100mA,0.107762,0.1,1.07762,17.242,2.86224
pfet_06v0,ff,-40,2.97,1.20u,16,rlin_at_50mV,0.05,0.0474015,1.05482,16.8771,2.92
pfet_06v0,ff,-40,3.30,0.55u,1,drop_at_50mA,0.358012,0.05,7.16025,7.16025,2.94199
pfet_06v0,ff,-40,3.30,0.55u,1,drop_at_100mA,0.886375,0.1,8.86375,8.86375,2.41363
pfet_06v0,ff,-40,3.30,0.55u,1,rlin_at_50mV,0.05,0.00784948,6.36984,6.36984,3.25
pfet_06v0,ff,-40,3.30,0.55u,2,drop_at_50mA,0.166351,0.05,3.32702,6.65404,3.13365
pfet_06v0,ff,-40,3.30,0.55u,2,drop_at_100mA,0.358012,0.1,3.58012,7.16025,2.94199
pfet_06v0,ff,-40,3.30,0.55u,2,rlin_at_50mV,0.05,0.015699,3.18492,6.36984,3.25
pfet_06v0,ff,-40,3.30,0.55u,4,drop_at_50mA,0.0805357,0.05,1.61071,6.44286,3.21946
pfet_06v0,ff,-40,3.30,0.55u,4,drop_at_100mA,0.166351,0.1,1.66351,6.65404,3.13365
pfet_06v0,ff,-40,3.30,0.55u,4,rlin_at_50mV,0.05,0.0313979,1.59246,6.36984,3.25
pfet_06v0,ff,-40,3.30,0.55u,8,drop_at_50mA,0.0396585,0.05,0.79317,6.34536,3.26034
pfet_06v0,ff,-40,3.30,0.55u,8,drop_at_100mA,0.0805357,0.1,0.805357,6.44286,3.21946
pfet_06v0,ff,-40,3.30,0.55u,8,rlin_at_50mV,0.05,0.0627959,0.796231,6.36984,3.25
pfet_06v0,ff,-40,3.30,0.55u,16,drop_at_50mA,0.0196826,0.05,0.393651,6.29842,3.28032
pfet_06v0,ff,-40,3.30,0.55u,16,drop_at_100mA,0.0396585,0.1,0.396585,6.34536,3.26034
pfet_06v0,ff,-40,3.30,0.55u,16,rlin_at_50mV,0.05,0.125592,0.398115,6.36984,3.25
pfet_06v0,ff,-40,3.30,0.70u,1,drop_at_50mA,0.492389,0.05,9.84778,9.84778,2.80761
pfet_06v0,ff,-40,3.30,0.70u,1,drop_at_100mA,1.55544,0.1,15.5544,15.5544,1.74456
pfet_06v0,ff,-40,3.30,0.70u,1,rlin_at_50mV,0.05,0.00596759,8.37859,8.37859,3.25
pfet_06v0,ff,-40,3.30,0.70u,2,drop_at_50mA,0.222779,0.05,4.45559,8.91117,3.07722
pfet_06v0,ff,-40,3.30,0.70u,2,drop_at_100mA,0.492389,0.1,4.92389,9.84778,2.80761
pfet_06v0,ff,-40,3.30,0.70u,2,rlin_at_50mV,0.05,0.0119352,4.1893,8.37859,3.25
pfet_06v0,ff,-40,3.30,0.70u,4,drop_at_50mA,0.106857,0.05,2.13715,8.5486,3.19314
pfet_06v0,ff,-40,3.30,0.70u,4,drop_at_100mA,0.222779,0.1,2.22779,8.91117,3.07722
pfet_06v0,ff,-40,3.30,0.70u,4,rlin_at_50mV,0.05,0.0238704,2.09465,8.37859,3.25
pfet_06v0,ff,-40,3.30,0.70u,8,drop_at_50mA,0.0524106,0.05,1.04821,8.3857,3.24759
pfet_06v0,ff,-40,3.30,0.70u,8,drop_at_100mA,0.106857,0.1,1.06857,8.5486,3.19314
pfet_06v0,ff,-40,3.30,0.70u,8,rlin_at_50mV,0.05,0.0477407,1.04732,8.37859,3.25
pfet_06v0,ff,-40,3.30,0.70u,16,drop_at_50mA,0.0259631,0.05,0.519262,8.30819,3.27404
pfet_06v0,ff,-40,3.30,0.70u,16,drop_at_100mA,0.0524106,0.1,0.524106,8.3857,3.24759
pfet_06v0,ff,-40,3.30,0.70u,16,rlin_at_50mV,0.05,0.0954814,0.523662,8.37859,3.25
pfet_06v0,ff,-40,3.30,1.20u,1,drop_at_50mA,1.13664,0.05,22.7328,22.7328,2.16336
pfet_06v0,ff,-40,3.30,1.20u,1,drop_at_100mA,9.36124,0.1,93.6124,93.6124,-6.06124
pfet_06v0,ff,-40,3.30,1.20u,1,rlin_at_50mV,0.05,0.00329183,15.1891,15.1891,3.25
pfet_06v0,ff,-40,3.30,1.20u,2,drop_at_50mA,0.431959,0.05,8.63919,17.2784,2.86804
pfet_06v0,ff,-40,3.30,1.20u,2,drop_at_100mA,1.13664,0.1,11.3664,22.7328,2.16336
pfet_06v0,ff,-40,3.30,1.20u,2,rlin_at_50mV,0.05,0.00658366,7.59457,15.1891,3.25
pfet_06v0,ff,-40,3.30,1.20u,4,drop_at_50mA,0.199411,0.05,3.98822,15.9529,3.10059
pfet_06v0,ff,-40,3.30,1.20u,4,drop_at_100mA,0.431959,0.1,4.31959,17.2784,2.86804
pfet_06v0,ff,-40,3.30,1.20u,4,rlin_at_50mV,0.05,0.0131673,3.79728,15.1891,3.25
pfet_06v0,ff,-40,3.30,1.20u,8,drop_at_50mA,0.0963718,0.05,1.92744,15.4195,3.20363
pfet_06v0,ff,-40,3.30,1.20u,8,drop_at_100mA,0.199411,0.1,1.99411,15.9529,3.10059
pfet_06v0,ff,-40,3.30,1.20u,8,rlin_at_50mV,0.05,0.0263346,1.89864,15.1891,3.25
pfet_06v0,ff,-40,3.30,1.20u,16,drop_at_50mA,0.0474266,0.05,0.948532,15.1765,3.25257
pfet_06v0,ff,-40,3.30,1.20u,16,drop_at_100mA,0.0963718,0.1,0.963718,15.4195,3.20363
pfet_06v0,ff,-40,3.30,1.20u,16,rlin_at_50mV,0.05,0.0526692,0.949321,15.1891,3.25
pfet_06v0,ff,-40,3.63,0.55u,1,drop_at_50mA,0.324162,0.05,6.48323,6.48323,3.30584
pfet_06v0,ff,-40,3.63,0.55u,1,drop_at_100mA,0.756519,0.1,7.56519,7.56519,2.87348
pfet_06v0,ff,-40,3.63,0.55u,1,rlin_at_50mV,0.05,0.00847226,5.90162,5.90162,3.58
pfet_06v0,ff,-40,3.63,0.55u,2,drop_at_50mA,0.152786,0.05,3.05572,6.11143,3.47721
pfet_06v0,ff,-40,3.63,0.55u,2,drop_at_100mA,0.324162,0.1,3.24162,6.48323,3.30584
pfet_06v0,ff,-40,3.63,0.55u,2,rlin_at_50mV,0.05,0.0169445,2.95081,5.90162,3.58
pfet_06v0,ff,-40,3.63,0.55u,4,drop_at_50mA,0.0743818,0.05,1.48764,5.95054,3.55562
pfet_06v0,ff,-40,3.63,0.55u,4,drop_at_100mA,0.152786,0.1,1.52786,6.11143,3.47721
pfet_06v0,ff,-40,3.63,0.55u,4,rlin_at_50mV,0.05,0.033889,1.4754,5.90162,3.58
pfet_06v0,ff,-40,3.63,0.55u,8,drop_at_50mA,0.0367199,0.05,0.734398,5.87518,3.59328
pfet_06v0,ff,-40,3.63,0.55u,8,drop_at_100mA,0.0743818,0.1,0.743818,5.95054,3.55562
pfet_06v0,ff,-40,3.63,0.55u,8,rlin_at_50mV,0.05,0.067778,0.737702,5.90162,3.58
pfet_06v0,ff,-40,3.63,0.55u,16,drop_at_50mA,0.0182458,0.05,0.364916,5.83866,3.61175
pfet_06v0,ff,-40,3.63,0.55u,16,drop_at_100mA,0.0367199,0.1,0.367199,5.87518,3.59328
pfet_06v0,ff,-40,3.63,0.55u,16,rlin_at_50mV,0.05,0.135556,0.368851,5.90162,3.58
pfet_06v0,ff,-40,3.63,0.70u,1,drop_at_50mA,0.438601,0.05,8.77203,8.77203,3.1914
pfet_06v0,ff,-40,3.63,0.70u,1,drop_at_100mA,1.11718,0.1,11.1718,11.1718,2.51282
pfet_06v0,ff,-40,3.63,0.70u,1,rlin_at_50mV,0.05,0.00647073,7.7271,7.7271,3.58
pfet_06v0,ff,-40,3.63,0.70u,2,drop_at_50mA,0.202892,0.05,4.05784,8.11567,3.42711
pfet_06v0,ff,-40,3.63,0.70u,2,drop_at_100mA,0.438601,0.1,4.38601,8.77203,3.1914
pfet_06v0,ff,-40,3.63,0.70u,2,rlin_at_50mV,0.05,0.0129415,3.86355,7.7271,3.58
pfet_06v0,ff,-40,3.63,0.70u,4,drop_at_50mA,0.0980799,0.05,1.9616,7.84639,3.53192
pfet_06v0,ff,-40,3.63,0.70u,4,drop_at_100mA,0.202892,0.1,2.02892,8.11567,3.42711
pfet_06v0,ff,-40,3.63,0.70u,4,rlin_at_50mV,0.05,0.0258829,1.93178,7.7271,3.58
pfet_06v0,ff,-40,3.63,0.70u,8,drop_at_50mA,0.0482678,0.05,0.965357,7.72285,3.58173
pfet_06v0,ff,-40,3.63,0.70u,8,drop_at_100mA,0.0980799,0.1,0.980799,7.84639,3.53192
pfet_06v0,ff,-40,3.63,0.70u,8,rlin_at_50mV,0.05,0.0517658,0.965888,7.7271,3.58
pfet_06v0,ff,-40,3.63,0.70u,16,drop_at_50mA,0.0239486,0.05,0.478971,7.66354,3.60605
pfet_06v0,ff,-40,3.63,0.70u,16,drop_at_100mA,0.0482678,0.1,0.482678,7.72285,3.58173
pfet_06v0,ff,-40,3.63,0.70u,16,rlin_at_50mV,0.05,0.103532,0.482944,7.7271,3.58
pfet_06v0,ff,-40,3.63,1.20u,1,drop_at_50mA,0.914043,0.05,18.2809,18.2809,2.71596
pfet_06v0,ff,-40,3.63,1.20u,1,drop_at_100mA,8.92223,0.1,89.2223,89.2223,-5.29223
pfet_06v0,ff,-40,3.63,1.20u,1,rlin_at_50mV,0.05,0.00359344,13.9143,13.9143,3.58
pfet_06v0,ff,-40,3.63,1.20u,2,drop_at_50mA,0.384318,0.05,7.68636,15.3727,3.24568
pfet_06v0,ff,-40,3.63,1.20u,2,drop_at_100mA,0.914043,0.1,9.14043,18.2809,2.71596
pfet_06v0,ff,-40,3.63,1.20u,2,rlin_at_50mV,0.05,0.00718687,6.95713,13.9143,3.58
pfet_06v0,ff,-40,3.63,1.20u,4,drop_at_50mA,0.180699,0.05,3.61399,14.4559,3.4493
pfet_06v0,ff,-40,3.63,1.20u,4,drop_at_100mA,0.384318,0.1,3.84318,15.3727,3.24568
pfet_06v0,ff,-40,3.63,1.20u,4,rlin_at_50mV,0.05,0.0143737,3.47856,13.9143,3.58
pfet_06v0,ff,-40,3.63,1.20u,8,drop_at_50mA,0.0879246,0.05,1.75849,14.0679,3.54208
pfet_06v0,ff,-40,3.63,1.20u,8,drop_at_100mA,0.180699,0.1,1.80699,14.4559,3.4493
pfet_06v0,ff,-40,3.63,1.20u,8,rlin_at_50mV,0.05,0.0287475,1.73928,13.9143,3.58
pfet_06v0,ff,-40,3.63,1.20u,16,drop_at_50mA,0.0433993,0.05,0.867987,13.8878,3.5866
pfet_06v0,ff,-40,3.63,1.20u,16,drop_at_100mA,0.0879246,0.1,0.879246,14.0679,3.54208
pfet_06v0,ff,-40,3.63,1.20u,16,rlin_at_50mV,0.05,0.057495,0.869641,13.9143,3.58
pfet_06v0,ff,-40,4.50,0.55u,1,drop_at_50mA,0.269591,0.05,5.39183,5.39183,4.23041
pfet_06v0,ff,-40,4.50,0.55u,1,drop_at_100mA,0.590033,0.1,5.90033,5.90033,3.90997
pfet_06v0,ff,-40,4.50,0.55u,1,rlin_at_50mV,0.05,0.00985345,5.07436,5.07436,4.45
pfet_06v0,ff,-40,4.50,0.55u,2,drop_at_50mA,0.129671,0.05,2.59343,5.18686,4.37033
pfet_06v0,ff,-40,4.50,0.55u,2,drop_at_100mA,0.269591,0.1,2.69591,5.39183,4.23041
pfet_06v0,ff,-40,4.50,0.55u,2,rlin_at_50mV,0.05,0.0197069,2.53718,5.07436,4.45
pfet_06v0,ff,-40,4.50,0.55u,4,drop_at_50mA,0.0636681,0.05,1.27336,5.09345,4.43633
pfet_06v0,ff,-40,4.50,0.55u,4,drop_at_100mA,0.129671,0.1,1.29671,5.18686,4.37033
pfet_06v0,ff,-40,4.50,0.55u,4,rlin_at_50mV,0.05,0.0394138,1.26859,5.07436,4.45
pfet_06v0,ff,-40,4.50,0.55u,8,drop_at_50mA,0.0315546,0.05,0.631092,5.04874,4.46845
pfet_06v0,ff,-40,4.50,0.55u,8,drop_at_100mA,0.0636681,0.1,0.636681,5.09345,4.43633
pfet_06v0,ff,-40,4.50,0.55u,8,rlin_at_50mV,0.05,0.0788276,0.634295,5.07436,4.45
pfet_06v0,ff,-40,4.50,0.55u,16,drop_at_50mA,0.0157089,0.05,0.314178,5.02685,4.48429
pfet_06v0,ff,-40,4.50,0.55u,16,drop_at_100mA,0.0315546,0.1,0.315546,5.04874,4.46845
pfet_06v0,ff,-40,4.50,0.55u,16,rlin_at_50mV,0.05,0.157655,0.317148,5.07436,4.45
pfet_06v0,ff,-40,4.50,0.70u,1,drop_at_50mA,0.356327,0.05,7.12654,7.12654,4.14367
pfet_06v0,ff,-40,4.50,0.70u,1,drop_at_100mA,0.803727,0.1,8.03727,8.03727,3.69627
pfet_06v0,ff,-40,4.50,0.70u,1,rlin_at_50mV,0.05,0.00759481,6.58344,6.58344,4.45
pfet_06v0,ff,-40,4.50,0.70u,2,drop_at_50mA,0.169719,0.05,3.39439,6.78878,4.33028
pfet_06v0,ff,-40,4.50,0.70u,2,drop_at_100mA,0.356327,0.1,3.56327,7.12654,4.14367
pfet_06v0,ff,-40,4.50,0.70u,2,rlin_at_50mV,0.05,0.0151896,3.29172,6.58344,4.45
pfet_06v0,ff,-40,4.50,0.70u,4,drop_at_50mA,0.0829897,0.05,1.65979,6.63918,4.41701
pfet_06v0,ff,-40,4.50,0.70u,4,drop_at_100mA,0.169719,0.1,1.69719,6.78878,4.33028
pfet_06v0,ff,-40,4.50,0.70u,4,rlin_at_50mV,0.05,0.0303792,1.64586,6.58344,4.45
pfet_06v0,ff,-40,4.50,0.70u,8,drop_at_50mA,0.0410527,0.05,0.821054,6.56843,4.45895
pfet_06v0,ff,-40,4.50,0.70u,8,drop_at_100mA,0.0829897,0.1,0.829897,6.63918,4.41701
pfet_06v0,ff,-40,4.50,0.70u,8,rlin_at_50mV,0.05,0.0607585,0.82293,6.58344,4.45
pfet_06v0,ff,-40,4.50,0.70u,16,drop_at_50mA,0.0204187,0.05,0.408375,6.534,4.47958
pfet_06v0,ff,-40,4.50,0.70u,16,drop_at_100mA,0.0410527,0.1,0.410527,6.56843,4.45895
pfet_06v0,ff,-40,4.50,0.70u,16,rlin_at_50mV,0.05,0.121517,0.411465,6.58344,4.45
pfet_06v0,ff,-40,4.50,1.20u,1,drop_at_50mA,0.678792,0.05,13.5758,13.5758,3.82121
pfet_06v0,ff,-40,4.50,1.20u,1,drop_at_100mA,1.91327,0.1,19.1327,19.1327,2.58673
pfet_06v0,ff,-40,4.50,1.20u,1,rlin_at_50mV,0.05,0.00427541,11.6948,11.6948,4.45
pfet_06v0,ff,-40,4.50,1.20u,2,drop_at_50mA,0.310495,0.05,6.2099,12.4198,4.18951
pfet_06v0,ff,-40,4.50,1.20u,2,drop_at_100mA,0.678792,0.1,6.78792,13.5758,3.82121
pfet_06v0,ff,-40,4.50,1.20u,2,rlin_at_50mV,0.05,0.00855082,5.84739,11.6948,4.45
pfet_06v0,ff,-40,4.50,1.20u,4,drop_at_50mA,0.149546,0.05,2.99091,11.9637,4.35045
pfet_06v0,ff,-40,4.50,1.20u,4,drop_at_100mA,0.310495,0.1,3.10495,12.4198,4.18951
pfet_06v0,ff,-40,4.50,1.20u,4,rlin_at_50mV,0.05,0.0171016,2.9237,11.6948,4.45
pfet_06v0,ff,-40,4.50,1.20u,8,drop_at_50mA,0.0734834,0.05,1.46967,11.7573,4.42652
pfet_06v0,ff,-40,4.50,1.20u,8,drop_at_100mA,0.149546,0.1,1.49546,11.9637,4.35045
pfet_06v0,ff,-40,4.50,1.20u,8,rlin_at_50mV,0.05,0.0342033,1.46185,11.6948,4.45
pfet_06v0,ff,-40,4.50,1.20u,16,drop_at_50mA,0.036434,0.05,0.72868,11.6589,4.46357
pfet_06v0,ff,-40,4.50,1.20u,16,drop_at_100mA,0.0734834,0.1,0.734834,11.7573,4.42652
pfet_06v0,ff,-40,4.50,1.20u,16,rlin_at_50mV,0.05,0.0684066,0.730924,11.6948,4.45
pfet_06v0,ff,-40,5.00,0.55u,1,drop_at_50mA,0.250037,0.05,5.00074,5.00074,4.74996
pfet_06v0,ff,-40,5.00,0.55u,1,drop_at_100mA,0.537825,0.1,5.37825,5.37825,4.46217
pfet_06v0,ff,-40,5.00,0.55u,1,rlin_at_50mV,0.05,0.010511,4.7569,4.7569,4.95
pfet_06v0,ff,-40,5.00,0.55u,2,drop_at_50mA,0.121047,0.05,2.42093,4.84187,4.87895
pfet_06v0,ff,-40,5.00,0.55u,2,drop_at_100mA,0.250037,0.1,2.50037,5.00074,4.74996
pfet_06v0,ff,-40,5.00,0.55u,2,rlin_at_50mV,0.05,0.0210221,2.37845,4.7569,4.95
pfet_06v0,ff,-40,5.00,0.55u,4,drop_at_50mA,0.0596036,0.05,1.19207,4.76829,4.9404
pfet_06v0,ff,-40,5.00,0.55u,4,drop_at_100mA,0.121047,0.1,1.21047,4.84187,4.87895
pfet_06v0,ff,-40,5.00,0.55u,4,rlin_at_50mV,0.05,0.0420441,1.18923,4.7569,4.95
pfet_06v0,ff,-40,5.00,0.55u,8,drop_at_50mA,0.02958,0.05,0.591601,4.73281,4.97042
pfet_06v0,ff,-40,5.00,0.55u,8,drop_at_100mA,0.0596036,0.1,0.596036,4.76829,4.9404
pfet_06v0,ff,-40,5.00,0.55u,8,rlin_at_50mV,0.05,0.0840883,0.594613,4.7569,4.95
pfet_06v0,ff,-40,5.00,0.55u,16,drop_at_50mA,0.0147356,0.05,0.294711,4.71538,4.98526
pfet_06v0,ff,-40,5.00,0.55u,16,drop_at_100mA,0.02958,0.1,0.2958,4.73281,4.97042
pfet_06v0,ff,-40,5.00,0.55u,16,rlin_at_50mV,0.05,0.168177,0.297307,4.7569,4.95
pfet_06v0,ff,-40,5.00,0.70u,1,drop_at_50mA,0.327927,0.05,6.55853,6.55853,4.67207
pfet_06v0,ff,-40,5.00,0.70u,1,drop_at_100mA,0.720308,0.1,7.20308,7.20308,4.27969
pfet_06v0,ff,-40,5.00,0.70u,1,rlin_at_50mV,0.05,0.00813263,6.14807,6.14807,4.95
pfet_06v0,ff,-40,5.00,0.70u,2,drop_at_50mA,0.15757,0.05,3.1514,6.3028,4.84243
pfet_06v0,ff,-40,5.00,0.70u,2,drop_at_100mA,0.327927,0.1,3.27927,6.55853,4.67207
pfet_06v0,ff,-40,5.00,0.70u,2,rlin_at_50mV,0.05,0.0162653,3.07404,6.14807,4.95
pfet_06v0,ff,-40,5.00,0.70u,4,drop_at_50mA,0.0773364,0.05,1.54673,6.18691,4.92266
pfet_06v0,ff,-40,5.00,0.70u,4,drop_at_100mA,0.15757,0.1,1.5757,6.3028,4.84243
pfet_06v0,ff,-40,5.00,0.70u,4,rlin_at_50mV,0.05,0.0325305,1.53702,6.14807,4.95
pfet_06v0,ff,-40,5.00,0.70u,8,drop_at_50mA,0.0383223,0.05,0.766447,6.13157,4.96168
pfet_06v0,ff,-40,5.00,0.70u,8,drop_at_100mA,0.0773364,0.1,0.773364,6.18691,4.92266
pfet_06v0,ff,-40,5.00,0.70u,8,rlin_at_50mV,0.05,0.0650611,0.768509,6.14807,4.95
pfet_06v0,ff,-40,5.00,0.70u,16,drop_at_50mA,0.0190766,0.05,0.381532,6.10451,4.98092
pfet_06v0,ff,-40,5.00,0.70u,16,drop_at_100mA,0.0383223,0.1,0.383223,6.13157,4.96168
pfet_06v0,ff,-40,5.00,0.70u,16,rlin_at_50mV,0.05,0.130122,0.384254,6.14807,4.95
pfet_06v0,ff,-40,5.00,1.20u,1,drop_at_50mA,0.610561,0.05,12.2112,12.2112,4.38944
pfet_06v0,ff,-40,5.00,1.20u,1,drop_at_100mA,1.49921,0.1,14.9921,14.9921,3.50079
pfet_06v0,ff,-40,5.00,1.20u,1,rlin_at_50mV,0.05,0.0046046,10.8587,10.8587,4.95
pfet_06v0,ff,-40,5.00,1.20u,2,drop_at_50mA,0.284878,0.05,5.69756,11.3951,4.71512
pfet_06v0,ff,-40,5.00,1.20u,2,drop_at_100mA,0.610561,0.1,6.10561,12.2112,4.38944
pfet_06v0,ff,-40,5.00,1.20u,2,rlin_at_50mV,0.05,0.0092092,5.42936,10.8587,4.95
pfet_06v0,ff,-40,5.00,1.20u,4,drop_at_50mA,0.138192,0.05,2.76385,11.0554,4.86181
pfet_06v0,ff,-40,5.00,1.20u,4,drop_at_100mA,0.284878,0.1,2.84878,11.3951,4.71512
pfet_06v0,ff,-40,5.00,1.20u,4,rlin_at_50mV,0.05,0.0184184,2.71468,10.8587,4.95
pfet_06v0,ff,-40,5.00,1.20u,8,drop_at_50mA,0.0681166,0.05,1.36233,10.8987,4.93188
pfet_06v0,ff,-40,5.00,1.20u,8,drop_at_100mA,0.138192,0.1,1.38192,11.0554,4.86181
pfet_06v0,ff,-40,5.00,1.20u,8,rlin_at_50mV,0.05,0.0368368,1.35734,10.8587,4.95
pfet_06v0,ff,-40,5.00,1.20u,16,drop_at_50mA,0.0338226,0.05,0.676452,10.8232,4.96618
pfet_06v0,ff,-40,5.00,1.20u,16,drop_at_100mA,0.0681166,0.1,0.681166,10.8987,4.93188
pfet_06v0,ff,-40,5.00,1.20u,16,rlin_at_50mV,0.05,0.0736736,0.678669,10.8587,4.95
pfet_06v0,ff,-40,5.50,0.55u,1,drop_at_50mA,0.235176,0.05,4.70352,4.70352,5.26482
pfet_06v0,ff,-40,5.50,0.55u,1,drop_at_100mA,0.499951,0.1,4.99951,4.99951,5.00005
pfet_06v0,ff,-40,5.50,0.55u,1,rlin_at_50mV,0.05,0.01109,4.50857,4.50857,5.45
pfet_06v0,ff,-40,5.50,0.55u,2,drop_at_50mA,0.114382,0.05,2.28764,4.57528,5.38562
pfet_06v0,ff,-40,5.50,0.55u,2,drop_at_100mA,0.235176,0.1,2.35176,4.70352,5.26482
pfet_06v0,ff,-40,5.50,0.55u,2,rlin_at_50mV,0.05,0.02218,2.25429,4.50857,5.45
pfet_06v0,ff,-40,5.50,0.55u,4,drop_at_50mA,0.0564399,0.05,1.1288,4.51519,5.44356
pfet_06v0,ff,-40,5.50,0.55u,4,drop_at_100mA,0.114382,0.1,1.14382,4.57528,5.38562
pfet_06v0,ff,-40,5.50,0.55u,4,rlin_at_50mV,0.05,0.0443599,1.12714,4.50857,5.45
pfet_06v0,ff,-40,5.50,0.55u,8,drop_at_50mA,0.0280379,0.05,0.560759,4.48607,5.47196
pfet_06v0,ff,-40,5.50,0.55u,8,drop_at_100mA,0.0564399,0.1,0.564399,4.51519,5.44356
pfet_06v0,ff,-40,5.50,0.55u,8,rlin_at_50mV,0.05,0.0887199,0.563572,4.50857,5.45
pfet_06v0,ff,-40,5.50,0.55u,16,drop_at_50mA,0.0139741,0.05,0.279483,4.47173,5.48603
pfet_06v0,ff,-40,5.50,0.55u,16,drop_at_100mA,0.0280379,0.1,0.280379,4.48607,5.47196
pfet_06v0,ff,-40,5.50,0.55u,16,rlin_at_50mV,0.05,0.17744,0.281786,4.50857,5.45
pfet_06v0,ff,-40,5.50,0.70u,1,drop_at_50mA,0.306691,0.05,6.13383,6.13383,5.19331
pfet_06v0,ff,-40,5.50,0.70u,1,drop_at_100mA,0.662348,0.1,6.62348,6.62348,4.83765
pfet_06v0,ff,-40,5.50,0.70u,1,rlin_at_50mV,0.05,0.00860665,5.80946,5.80946,5.45
pfet_06v0,ff,-40,5.50,0.70u,2,drop_at_50mA,0.148274,0.05,2.96548,5.93097,5.35173
pfet_06v0,ff,-40,5.50,0.70u,2,drop_at_100mA,0.306691,0.1,3.06691,6.13383,5.19331
pfet_06v0,ff,-40,5.50,0.70u,2,rlin_at_50mV,0.05,0.0172133,2.90473,5.80946,5.45
pfet_06v0,ff,-40,5.50,0.70u,4,drop_at_50mA,0.0729697,0.05,1.45939,5.83757,5.42703
pfet_06v0,ff,-40,5.50,0.70u,4,drop_at_100mA,0.148274,0.1,1.48274,5.93097,5.35173
pfet_06v0,ff,-40,5.50,0.70u,4,rlin_at_50mV,0.05,0.0344266,1.45237,5.80946,5.45
pfet_06v0,ff,-40,5.50,0.70u,8,drop_at_50mA,0.0362041,0.05,0.724083,5.79266,5.4638
pfet_06v0,ff,-40,5.50,0.70u,8,drop_at_100mA,0.0729697,0.1,0.729697,5.83757,5.42703
pfet_06v0,ff,-40,5.50,0.70u,8,rlin_at_50mV,0.05,0.0688532,0.726183,5.80946,5.45
pfet_06v0,ff,-40,5.50,0.70u,16,drop_at_50mA,0.0180332,0.05,0.360664,5.77063,5.48197
pfet_06v0,ff,-40,5.50,0.70u,16,drop_at_100mA,0.0362041,0.1,0.362041,5.79266,5.4638
pfet_06v0,ff,-40,5.50,0.70u,16,rlin_at_50mV,0.05,0.137706,0.363091,5.80946,5.45
pfet_06v0,ff,-40,5.50,1.20u,1,drop_at_50mA,0.562307,0.05,11.2461,11.2461,4.93769
pfet_06v0,ff,-40,5.50,1.20u,1,drop_at_100mA,1.30695,0.1,13.0695,13.0695,4.19305
pfet_06v0,ff,-40,5.50,1.20u,1,rlin_at_50mV,0.05,0.0048955,10.2135,10.2135,5.45
pfet_06v0,ff,-40,5.50,1.20u,2,drop_at_50mA,0.265741,0.05,5.31482,10.6296,5.23426
pfet_06v0,ff,-40,5.50,1.20u,2,drop_at_100mA,0.562307,0.1,5.62307,11.2461,4.93769
pfet_06v0,ff,-40,5.50,1.20u,2,rlin_at_50mV,0.05,0.00979101,5.10673,10.2135,5.45
pfet_06v0,ff,-40,5.50,1.20u,4,drop_at_50mA,0.129549,0.05,2.59098,10.3639,5.37045
pfet_06v0,ff,-40,5.50,1.20u,4,drop_at_100mA,0.265741,0.1,2.65741,10.6296,5.23426
pfet_06v0,ff,-40,5.50,1.20u,4,rlin_at_50mV,0.05,0.019582,2.55336,10.2135,5.45
pfet_06v0,ff,-40,5.50,1.20u,8,drop_at_50mA,0.0639981,0.05,1.27996,10.2397,5.436
pfet_06v0,ff,-40,5.50,1.20u,8,drop_at_100mA,0.129549,0.1,1.29549,10.3639,5.37045
pfet_06v0,ff,-40,5.50,1.20u,8,rlin_at_50mV,0.05,0.039164,1.27668,10.2135,5.45
pfet_06v0,ff,-40,5.50,1.20u,16,drop_at_50mA,0.031811,0.05,0.63622,10.1795,5.46819
pfet_06v0,ff,-40,5.50,1.20u,16,drop_at_100mA,0.0639981,0.1,0.639981,10.2397,5.436
pfet_06v0,ff,-40,5.50,1.20u,16,rlin_at_50mV,0.05,0.0783281,0.638341,10.2135,5.45
pfet_06v0,ff,27,2.10,0.55u,1,drop_at_50mA,4.34428,0.05,86.8855,86.8855,-2.24428
pfet_06v0,ff,27,2.10,0.55u,1,drop_at_100mA,9.08018,0.1,90.8018,90.8018,-6.98018
pfet_06v0,ff,27,2.10,0.55u,1,rlin_at_50mV,0.05,0.00380915,13.1263,13.1263,2.05
pfet_06v0,ff,27,2.10,0.55u,2,drop_at_50mA,0.399442,0.05,7.98884,15.9777,1.70056
pfet_06v0,ff,27,2.10,0.55u,2,drop_at_100mA,4.34428,0.1,43.4428,86.8855,-2.24428
pfet_06v0,ff,27,2.10,0.55u,2,rlin_at_50mV,0.05,0.0076183,6.56314,13.1263,2.05
pfet_06v0,ff,27,2.10,0.55u,4,drop_at_50mA,0.175579,0.05,3.51158,14.0463,1.92442
pfet_06v0,ff,27,2.10,0.55u,4,drop_at_100mA,0.399442,0.1,3.99442,15.9777,1.70056
pfet_06v0,ff,27,2.10,0.55u,4,rlin_at_50mV,0.05,0.0152366,3.28157,13.1263,2.05
pfet_06v0,ff,27,2.10,0.55u,8,drop_at_50mA,0.0835119,0.05,1.67024,13.3619,2.01649
pfet_06v0,ff,27,2.10,0.55u,8,drop_at_100mA,0.175579,0.1,1.75579,14.0463,1.92442
pfet_06v0,ff,27,2.10,0.55u,8,rlin_at_50mV,0.05,0.0304732,1.64079,13.1263,2.05
pfet_06v0,ff,27,2.10,0.55u,16,drop_at_50mA,0.0408217,0.05,0.816433,13.0629,2.05918
pfet_06v0,ff,27,2.10,0.55u,16,drop_at_100mA,0.0835119,0.1,0.835119,13.3619,2.01649
pfet_06v0,ff,27,2.10,0.55u,16,rlin_at_50mV,0.05,0.0609464,0.820393,13.1263,2.05
pfet_06v0,ff,27,2.10,0.70u,1,drop_at_50mA,8.26511,0.05,165.302,165.302,-6.16511
pfet_06v0,ff,27,2.10,0.70u,1,drop_at_100mA,9.97215,0.1,99.7215,99.7215,-7.87215
pfet_06v0,ff,27,2.10,0.70u,1,rlin_at_50mV,0.05,0.00283136,17.6594,17.6594,2.05
pfet_06v0,ff,27,2.10,0.70u,2,drop_at_50mA,0.620856,0.05,12.4171,24.8342,1.47914
pfet_06v0,ff,27,2.10,0.70u,2,drop_at_100mA,8.26511,0.1,82.6511,165.302,-6.16511
pfet_06v0,ff,27,2.10,0.70u,2,rlin_at_50mV,0.05,0.00566271,8.82969,17.6594,2.05
pfet_06v0,ff,27,2.10,0.70u,4,drop_at_50mA,0.245738,0.05,4.91476,19.659,1.85426
pfet_06v0,ff,27,2.10,0.70u,4,drop_at_100mA,0.620856,0.1,6.20856,24.8342,1.47914
pfet_06v0,ff,27,2.10,0.70u,4,rlin_at_50mV,0.05,0.0113254,4.41484,17.6594,2.05
pfet_06v0,ff,27,2.10,0.70u,8,drop_at_50mA,0.114218,0.05,2.28437,18.2749,1.98578
pfet_06v0,ff,27,2.10,0.70u,8,drop_at_100mA,0.245738,0.1,2.45738,19.659,1.85426
pfet_06v0,ff,27,2.10,0.70u,8,rlin_at_50mV,0.05,0.0226509,2.20742,17.6594,2.05
pfet_06v0,ff,27,2.10,0.70u,16,drop_at_50mA,0.0553413,0.05,1.10683,17.7092,2.04466
pfet_06v0,ff,27,2.10,0.70u,16,drop_at_100mA,0.114218,0.1,1.14218,18.2749,1.98578
pfet_06v0,ff,27,2.10,0.70u,16,rlin_at_50mV,0.05,0.0453017,1.10371,17.6594,2.05
pfet_06v0,ff,27,2.10,1.20u,1,drop_at_50mA,10.0694,0.05,201.388,201.388,-7.96938
pfet_06v0,ff,27,2.10,1.20u,1,drop_at_100mA,11.5387,0.1,115.387,115.387,-9.43871
pfet_06v0,ff,27,2.10,1.20u,1,rlin_at_50mV,0.05,0.0015123,33.0623,33.0623,2.05
pfet_06v0,ff,27,2.10,1.20u,2,drop_at_50mA,8.38307,0.05,167.661,335.323,-6.28307
pfet_06v0,ff,27,2.10,1.20u,2,drop_at_100mA,10.0694,0.1,100.694,201.388,-7.96938
pfet_06v0,ff,27,2.10,1.20u,2,rlin_at_50mV,0.05,0.00302459,16.5312,33.0623,2.05
pfet_06v0,ff,27,2.10,1.20u,4,drop_at_50mA,0.563081,0.05,11.2616,45.0465,1.53692
pfet_06v0,ff,27,2.10,1.20u,4,drop_at_100mA,8.38307,0.1,83.8307,335.323,-6.28307
pfet_06v0,ff,27,2.10,1.20u,4,rlin_at_50mV,0.05,0.00604918,8.26558,33.0623,2.05
pfet_06v0,ff,27,2.10,1.20u,8,drop_at_50mA,0.227943,0.05,4.55886,36.4709,1.87206
pfet_06v0,ff,27,2.10,1.20u,8,drop_at_100mA,0.563081,0.1,5.63081,45.0465,1.53692
pfet_06v0,ff,27,2.10,1.20u,8,rlin_at_50mV,0.05,0.0120984,4.13279,33.0623,2.05
pfet_06v0,ff,27,2.10,1.20u,16,drop_at_50mA,0.106494,0.05,2.12988,34.0782,1.99351
pfet_06v0,ff,27,2.10,1.20u,16,drop_at_100mA,0.227943,0.1,2.27943,36.4709,1.87206
pfet_06v0,ff,27,2.10,1.20u,16,rlin_at_50mV,0.05,0.0241967,2.0664,33.0623,2.05
pfet_06v0,ff,27,2.97,0.55u,1,drop_at_50mA,0.547843,0.05,10.9569,10.9569,2.42216
pfet_06v0,ff,27,2.97,0.55u,1,drop_at_100mA,3.09656,0.1,30.9656,30.9656,-0.126564
pfet_06v0,ff,27,2.97,0.55u,1,rlin_at_50mV,0.05,0.00548408,9.11731,9.11731,2.92
pfet_06v0,ff,27,2.97,0.55u,2,drop_at_50mA,0.244354,0.05,4.88707,9.77415,2.72565
pfet_06v0,ff,27,2.97,0.55u,2,drop_at_100mA,0.547843,0.1,5.47843,10.9569,2.42216
pfet_06v0,ff,27,2.97,0.55u,2,rlin_at_50mV,0.05,0.0109682,4.55865,9.11731,2.92
pfet_06v0,ff,27,2.97,0.55u,4,drop_at_50mA,0.116686,0.05,2.33372,9.33486,2.85331
pfet_06v0,ff,27,2.97,0.55u,4,drop_at_100mA,0.244354,0.1,2.44354,9.77415,2.72565
pfet_06v0,ff,27,2.97,0.55u,4,rlin_at_50mV,0.05,0.0219363,2.27933,9.11731,2.92
pfet_06v0,ff,27,2.97,0.55u,8,drop_at_50mA,0.0571262,0.05,1.14252,9.14018,2.91287
pfet_06v0,ff,27,2.97,0.55u,8,drop_at_100mA,0.116686,0.1,1.16686,9.33486,2.85331
pfet_06v0,ff,27,2.97,0.55u,8,rlin_at_50mV,0.05,0.0438726,1.13966,9.11731,2.92
pfet_06v0,ff,27,2.97,0.55u,16,drop_at_50mA,0.0282753,0.05,0.565506,9.04809,2.94172
pfet_06v0,ff,27,2.97,0.55u,16,drop_at_100mA,0.0571262,0.1,0.571262,9.14018,2.91287
pfet_06v0,ff,27,2.97,0.55u,16,rlin_at_50mV,0.05,0.0877452,0.569832,9.11731,2.92
pfet_06v0,ff,27,2.97,0.70u,1,drop_at_50mA,0.798016,0.05,15.9603,15.9603,2.17198
pfet_06v0,ff,27,2.97,0.70u,1,drop_at_100mA,8.46458,0.1,84.6458,84.6458,-5.49458
pfet_06v0,ff,27,2.97,0.70u,1,rlin_at_50mV,0.05,0.00414865,12.0521,12.0521,2.92
pfet_06v0,ff,27,2.97,0.70u,2,drop_at_50mA,0.333064,0.05,6.66129,13.3226,2.63694
pfet_06v0,ff,27,2.97,0.70u,2,drop_at_100mA,0.798016,0.1,7.98016,15.9603,2.17198
pfet_06v0,ff,27,2.97,0.70u,2,rlin_at_50mV,0.05,0.0082973,6.02606,12.0521,2.92
pfet_06v0,ff,27,2.97,0.70u,4,drop_at_50mA,0.156312,0.05,3.12625,12.505,2.81369
pfet_06v0,ff,27,2.97,0.70u,4,drop_at_100mA,0.333064,0.1,3.33064,13.3226,2.63694
pfet_06v0,ff,27,2.97,0.70u,4,rlin_at_50mV,0.05,0.0165946,3.01303,12.0521,2.92
pfet_06v0,ff,27,2.97,0.70u,8,drop_at_50mA,0.0760023,0.05,1.52005,12.1604,2.894
pfet_06v0,ff,27,2.97,0.70u,8,drop_at_100mA,0.156312,0.1,1.56312,12.505,2.81369
pfet_06v0,ff,27,2.97,0.70u,8,rlin_at_50mV,0.05,0.0331892,1.50651,12.0521,2.92
pfet_06v0,ff,27,2.97,0.70u,16,drop_at_50mA,0.037502,0.05,0.75004,12.0006,2.9325
pfet_06v0,ff,27,2.97,0.70u,16,drop_at_100mA,0.0760023,0.1,0.760023,12.1604,2.894
pfet_06v0,ff,27,2.97,0.70u,16,rlin_at_50mV,0.05,0.0663784,0.753257,12.0521,2.92
pfet_06v0,ff,27,2.97,1.20u,1,drop_at_50mA,8.3525,0.05,167.05,167.05,-5.3825
pfet_06v0,ff,27,2.97,1.20u,1,drop_at_100mA,10.3009,0.1,103.009,103.009,-7.33091
pfet_06v0,ff,27,2.97,1.20u,1,rlin_at_50mV,0.05,0.00227126,22.0142,22.0142,2.92
pfet_06v0,ff,27,2.97,1.20u,2,drop_at_50mA,0.696663,0.05,13.9333,27.8665,2.27334
pfet_06v0,ff,27,2.97,1.20u,2,drop_at_100mA,8.3525,0.1,83.525,167.05,-5.3825
pfet_06v0,ff,27,2.97,1.20u,2,rlin_at_50mV,0.05,0.00454252,11.0071,22.0142,2.92
pfet_06v0,ff,27,2.97,1.20u,4,drop_at_50mA,0.299834,0.05,5.99669,23.9868,2.67017
pfet_06v0,ff,27,2.97,1.20u,4,drop_at_100mA,0.696663,0.1,6.96663,27.8665,2.27334
pfet_06v0,ff,27,2.97,1.20u,4,rlin_at_50mV,0.05,0.00908505,5.50355,22.0142,2.92
pfet_06v0,ff,27,2.97,1.20u,8,drop_at_50mA,0.141905,0.05,2.83809,22.7047,2.8281
pfet_06v0,ff,27,2.97,1.20u,8,drop_at_100mA,0.299834,0.1,2.99834,23.9868,2.67017
pfet_06v0,ff,27,2.97,1.20u,8,rlin_at_50mV,0.05,0.0181701,2.75177,22.0142,2.92
pfet_06v0,ff,27,2.97,1.20u,16,drop_at_50mA,0.0692362,0.05,1.38472,22.1556,2.90076
pfet_06v0,ff,27,2.97,1.20u,16,drop_at_100mA,0.141905,0.1,1.41905,22.7047,2.8281
pfet_06v0,ff,27,2.97,1.20u,16,rlin_at_50mV,0.05,0.0363402,1.37589,22.0142,2.92
pfet_06v0,ff,27,3.30,0.55u,1,drop_at_50mA,0.477349,0.05,9.54698,9.54698,2.82265
pfet_06v0,ff,27,3.30,0.55u,1,drop_at_100mA,1.28146,0.1,12.8146,12.8146,2.01854
pfet_06v0,ff,27,3.30,0.55u,1,rlin_at_50mV,0.05,0.00601841,8.30784,8.30784,3.25
pfet_06v0,ff,27,3.30,0.55u,2,drop_at_50mA,0.219193,0.05,4.38386,8.76772,3.08081
pfet_06v0,ff,27,3.30,0.55u,2,drop_at_100mA,0.477349,0.1,4.77349,9.54698,2.82265
pfet_06v0,ff,27,3.30,0.55u,2,rlin_at_50mV,0.05,0.0120368,4.15392,8.30784,3.25
pfet_06v0,ff,27,3.30,0.55u,4,drop_at_50mA,0.105689,0.05,2.11379,8.45515,3.19431
pfet_06v0,ff,27,3.30,0.55u,4,drop_at_100mA,0.219193,0.1,2.19193,8.76772,3.08081
pfet_06v0,ff,27,3.30,0.55u,4,rlin_at_50mV,0.05,0.0240736,2.07696,8.30784,3.25
pfet_06v0,ff,27,3.30,0.55u,8,drop_at_50mA,0.0519559,0.05,1.03912,8.31295,3.24804
pfet_06v0,ff,27,3.30,0.55u,8,drop_at_100mA,0.105689,0.1,1.05689,8.45515,3.19431
pfet_06v0,ff,27,3.30,0.55u,8,rlin_at_50mV,0.05,0.0481473,1.03848,8.30784,3.25
pfet_06v0,ff,27,3.30,0.55u,16,drop_at_50mA,0.0257654,0.05,0.515308,8.24492,3.27423
pfet_06v0,ff,27,3.30,0.55u,16,drop_at_100mA,0.0519559,0.1,0.519559,8.31295,3.24804
pfet_06v0,ff,27,3.30,0.55u,16,rlin_at_50mV,0.05,0.0962946,0.51924,8.30784,3.25
pfet_06v0,ff,27,3.30,0.70u,1,drop_at_50mA,0.667647,0.05,13.3529,13.3529,2.63235
pfet_06v0,ff,27,3.30,0.70u,1,drop_at_100mA,7.10187,0.1,71.0187,71.0187,-3.80187
pfet_06v0,ff,27,3.30,0.70u,1,rlin_at_50mV,0.05,0.00457429,10.9307,10.9307,3.25
pfet_06v0,ff,27,3.30,0.70u,2,drop_at_50mA,0.294966,0.05,5.89932,11.7986,3.00503
pfet_06v0,ff,27,3.30,0.70u,2,drop_at_100mA,0.667647,0.1,6.67647,13.3529,2.63235
pfet_06v0,ff,27,3.30,0.70u,2,rlin_at_50mV,0.05,0.00914857,5.46533,10.9307,3.25
pfet_06v0,ff,27,3.30,0.70u,4,drop_at_50mA,0.140487,0.05,2.80974,11.239,3.15951
pfet_06v0,ff,27,3.30,0.70u,4,drop_at_100mA,0.294966,0.1,2.94966,11.7986,3.00503
pfet_06v0,ff,27,3.30,0.70u,4,rlin_at_50mV,0.05,0.0182971,2.73267,10.9307,3.25
pfet_06v0,ff,27,3.30,0.70u,8,drop_at_50mA,0.068708,0.05,1.37416,10.9933,3.23129
pfet_06v0,ff,27,3.30,0.70u,8,drop_at_100mA,0.140487,0.1,1.40487,11.239,3.15951
pfet_06v0,ff,27,3.30,0.70u,8,rlin_at_50mV,0.05,0.0365943,1.36633,10.9307,3.25
pfet_06v0,ff,27,3.30,0.70u,16,drop_at_50mA,0.0339923,0.05,0.679846,10.8775,3.26601
pfet_06v0,ff,27,3.30,0.70u,16,drop_at_100mA,0.068708,0.1,0.68708,10.9933,3.23129
pfet_06v0,ff,27,3.30,0.70u,16,rlin_at_50mV,0.05,0.0731886,0.683167,10.9307,3.25
pfet_06v0,ff,27,3.30,1.20u,1,drop_at_50mA,3.87688,0.05,77.5375,77.5375,-0.576877
pfet_06v0,ff,27,3.30,1.20u,1,drop_at_100mA,9.99182,0.1,99.9182,99.9182,-6.69182
pfet_06v0,ff,27,3.30,1.20u,1,rlin_at_50mV,0.05,0.00252121,19.8317,19.8317,3.25
pfet_06v0,ff,27,3.30,1.20u,2,drop_at_50mA,0.585866,0.05,11.7173,23.4347,2.71413
pfet_06v0,ff,27,3.30,1.20u,2,drop_at_100mA,3.87688,0.1,38.7688,77.5375,-0.576877
pfet_06v0,ff,27,3.30,1.20u,2,rlin_at_50mV,0.05,0.00504242,9.91587,19.8317,3.25
pfet_06v0,ff,27,3.30,1.20u,4,drop_at_50mA,0.264323,0.05,5.28645,21.1458,3.03568
pfet_06v0,ff,27,3.30,1.20u,4,drop_at_100mA,0.585866,0.1,5.85866,23.4347,2.71413
pfet_06v0,ff,27,3.30,1.20u,4,rlin_at_50mV,0.05,0.0100848,4.95794,19.8317,3.25
pfet_06v0,ff,27,3.30,1.20u,8,drop_at_50mA,0.126784,0.05,2.53568,20.2854,3.17322
pfet_06v0,ff,27,3.30,1.20u,8,drop_at_100mA,0.264323,0.1,2.64323,21.1458,3.03568
pfet_06v0,ff,27,3.30,1.20u,8,rlin_at_50mV,0.05,0.0201697,2.47897,19.8317,3.25
pfet_06v0,ff,27,3.30,1.20u,16,drop_at_50mA,0.0621956,0.05,1.24391,19.9026,3.2378
pfet_06v0,ff,27,3.30,1.20u,16,drop_at_100mA,0.126784,0.1,1.26784,20.2854,3.17322
pfet_06v0,ff,27,3.30,1.20u,16,rlin_at_50mV,0.05,0.0403394,1.23948,19.8317,3.25
pfet_06v0,ff,27,3.63,0.55u,1,drop_at_50mA,0.429145,0.05,8.5829,8.5829,3.20085
pfet_06v0,ff,27,3.63,0.55u,1,drop_at_100mA,1.04115,0.1,10.4115,10.4115,2.58885
pfet_06v0,ff,27,3.63,0.55u,1,rlin_at_50mV,0.05,0.0065086,7.68215,7.68215,3.58
pfet_06v0,ff,27,3.63,0.55u,2,drop_at_50mA,0.20056,0.05,4.0112,8.02239,3.42944
pfet_06v0,ff,27,3.63,0.55u,2,drop_at_100mA,0.429145,0.1,4.29145,8.5829,3.20085
pfet_06v0,ff,27,3.63,0.55u,2,rlin_at_50mV,0.05,0.0130172,3.84107,7.68215,3.58
pfet_06v0,ff,27,3.63,0.55u,4,drop_at_50mA,0.0973352,0.05,1.9467,7.78681,3.53266
pfet_06v0,ff,27,3.63,0.55u,4,drop_at_100mA,0.20056,0.1,2.0056,8.02239,3.42944
pfet_06v0,ff,27,3.63,0.55u,4,rlin_at_50mV,0.05,0.0260344,1.92054,7.68215,3.58
pfet_06v0,ff,27,3.63,0.55u,8,drop_at_50mA,0.0479859,0.05,0.959718,7.67774,3.58201
pfet_06v0,ff,27,3.63,0.55u,8,drop_at_100mA,0.0973352,0.1,0.973352,7.78681,3.53266
pfet_06v0,ff,27,3.63,0.55u,8,rlin_at_50mV,0.05,0.0520688,0.960269,7.68215,3.58
pfet_06v0,ff,27,3.63,0.55u,16,drop_at_50mA,0.0238286,0.05,0.476572,7.62516,3.60617
pfet_06v0,ff,27,3.63,0.55u,16,drop_at_100mA,0.0479859,0.1,0.479859,7.67774,3.58201
pfet_06v0,ff,27,3.63,0.55u,16,rlin_at_50mV,0.05,0.104138,0.480134,7.68215,3.58
pfet_06v0,ff,27,3.63,0.70u,1,drop_at_50mA,0.587512,0.05,11.7502,11.7502,3.04249
pfet_06v0,ff,27,3.63,0.70u,1,drop_at_100mA,1.74661,0.1,17.4661,17.4661,1.88339
pfet_06v0,ff,27,3.63,0.70u,1,rlin_at_50mV,0.05,0.0049668,10.0668,10.0668,3.58
pfet_06v0,ff,27,3.63,0.70u,2,drop_at_50mA,0.267464,0.05,5.34927,10.6985,3.36254
pfet_06v0,ff,27,3.63,0.70u,2,drop_at_100mA,0.587512,0.1,5.87512,11.7502,3.04249
pfet_06v0,ff,27,3.63,0.70u,2,rlin_at_50mV,0.05,0.00993359,5.03342,10.0668,3.58
pfet_06v0,ff,27,3.63,0.70u,4,drop_at_50mA,0.128603,0.05,2.57205,10.2882,3.5014
pfet_06v0,ff,27,3.63,0.70u,4,drop_at_100mA,0.267464,0.1,2.67464,10.6985,3.36254
pfet_06v0,ff,27,3.63,0.70u,4,rlin_at_50mV,0.05,0.0198672,2.51671,10.0668,3.58
pfet_06v0,ff,27,3.63,0.70u,8,drop_at_50mA,0.0631459,0.05,1.26292,10.1033,3.56685
pfet_06v0,ff,27,3.63,0.70u,8,drop_at_100mA,0.128603,0.1,1.28603,10.2882,3.5014
pfet_06v0,ff,27,3.63,0.70u,8,rlin_at_50mV,0.05,0.0397344,1.25836,10.0668,3.58
pfet_06v0,ff,27,3.63,0.70u,16,drop_at_50mA,0.0312978,0.05,0.625955,10.0153,3.5987
pfet_06v0,ff,27,3.63,0.70u,16,drop_at_100mA,0.0631459,0.1,0.631459,10.1033,3.56685
pfet_06v0,ff,27,3.63,0.70u,16,rlin_at_50mV,0.05,0.0794688,0.629178,10.0668,3.58
pfet_06v0,ff,27,3.63,1.20u,1,drop_at_50mA,1.34294,0.05,26.8588,26.8588,2.28706
pfet_06v0,ff,27,3.63,1.20u,1,drop_at_100mA,9.69391,0.1,96.9391,96.9391,-6.06391
pfet_06v0,ff,27,3.63,1.20u,1,rlin_at_50mV,0.05,0.00275357,18.1583,18.1583,3.58
pfet_06v0,ff,27,3.63,1.20u,2,drop_at_50mA,0.515727,0.05,10.3145,20.6291,3.11427
pfet_06v0,ff,27,3.63,1.20u,2,drop_at_100mA,1.34294,0.1,13.4294,26.8588,2.28706
pfet_06v0,ff,27,3.63,1.20u,2,rlin_at_50mV,0.05,0.00550713,9.07914,18.1583,3.58
pfet_06v0,ff,27,3.63,1.20u,4,drop_at_50mA,0.238661,0.05,4.77321,19.0929,3.39134
pfet_06v0,ff,27,3.63,1.20u,4,drop_at_100mA,0.515727,0.1,5.15727,20.6291,3.11427
pfet_06v0,ff,27,3.63,1.20u,4,rlin_at_50mV,0.05,0.0110143,4.53957,18.1583,3.58
pfet_06v0,ff,27,3.63,1.20u,8,drop_at_50mA,0.115458,0.05,2.30916,18.4733,3.51454
pfet_06v0,ff,27,3.63,1.20u,8,drop_at_100mA,0.238661,0.1,2.38661,19.0929,3.39134
pfet_06v0,ff,27,3.63,1.20u,8,rlin_at_50mV,0.05,0.0220285,2.26978,18.1583,3.58
pfet_06v0,ff,27,3.63,1.20u,16,drop_at_50mA,0.0568462,0.05,1.13692,18.1908,3.57315
pfet_06v0,ff,27,3.63,1.20u,16,drop_at_100mA,0.115458,0.1,1.15458,18.4733,3.51454
pfet_06v0,ff,27,3.63,1.20u,16,rlin_at_50mV,0.05,0.0440571,1.13489,18.1583,3.58
pfet_06v0,ff,27,4.50,0.55u,1,drop_at_50mA,0.351733,0.05,7.03466,7.03466,4.14827
pfet_06v0,ff,27,4.50,0.55u,1,drop_at_100mA,0.780656,0.1,7.80656,7.80656,3.71934
pfet_06v0,ff,27,4.50,0.55u,1,rlin_at_50mV,0.05,0.00762782,6.55495,6.55495,4.45
pfet_06v0,ff,27,4.50,0.55u,2,drop_at_50mA,0.168441,0.05,3.36882,6.73764,4.33156
pfet_06v0,ff,27,4.50,0.55u,2,drop_at_100mA,0.351733,0.1,3.51733,7.03466,4.14827
pfet_06v0,ff,27,4.50,0.55u,2,rlin_at_50mV,0.05,0.0152556,3.27747,6.55495,4.45
pfet_06v0,ff,27,4.50,0.55u,4,drop_at_50mA,0.0825559,0.05,1.65112,6.60447,4.41744
pfet_06v0,ff,27,4.50,0.55u,4,drop_at_100mA,0.168441,0.1,1.68441,6.73764,4.33156
pfet_06v0,ff,27,4.50,0.55u,4,rlin_at_50mV,0.05,0.0305113,1.63874,6.55495,4.45
pfet_06v0,ff,27,4.50,0.55u,8,drop_at_50mA,0.0408823,0.05,0.817646,6.54117,4.45912
pfet_06v0,ff,27,4.50,0.55u,8,drop_at_100mA,0.0825559,0.1,0.825559,6.60447,4.41744
pfet_06v0,ff,27,4.50,0.55u,8,rlin_at_50mV,0.05,0.0610226,0.819369,6.55495,4.45
pfet_06v0,ff,27,4.50,0.55u,16,drop_at_50mA,0.0203446,0.05,0.406893,6.51028,4.47966
pfet_06v0,ff,27,4.50,0.55u,16,drop_at_100mA,0.0408823,0.1,0.408823,6.54117,4.45912
pfet_06v0,ff,27,4.50,0.55u,16,rlin_at_50mV,0.05,0.122045,0.409684,6.55495,4.45
pfet_06v0,ff,27,4.50,0.70u,1,drop_at_50mA,0.468108,0.05,9.36216,9.36216,4.03189
pfet_06v0,ff,27,4.50,0.70u,1,drop_at_100mA,1.08702,0.1,10.8702,10.8702,3.41298
pfet_06v0,ff,27,4.50,0.70u,1,rlin_at_50mV,0.05,0.00586943,8.51872,8.51872,4.45
pfet_06v0,ff,27,4.50,0.70u,2,drop_at_50mA,0.22124,0.05,4.4248,8.84959,4.27876
pfet_06v0,ff,27,4.50,0.70u,2,drop_at_100mA,0.468108,0.1,4.68108,9.36216,4.03189
pfet_06v0,ff,27,4.50,0.70u,2,rlin_at_50mV,0.05,0.0117389,4.25936,8.51872,4.45
pfet_06v0,ff,27,4.50,0.70u,4,drop_at_50mA,0.107855,0.05,2.1571,8.62838,4.39215
pfet_06v0,ff,27,4.50,0.70u,4,drop_at_100mA,0.22124,0.1,2.2124,8.84959,4.27876
pfet_06v0,ff,27,4.50,0.70u,4,rlin_at_50mV,0.05,0.0234777,2.12968,8.51872,4.45
pfet_06v0,ff,27,4.50,0.70u,8,drop_at_50mA,0.0532805,0.05,1.06561,8.52488,4.44672
pfet_06v0,ff,27,4.50,0.70u,8,drop_at_100mA,0.107855,0.1,1.07855,8.62838,4.39215
pfet_06v0,ff,27,4.50,0.70u,8,rlin_at_50mV,0.05,0.0469554,1.06484,8.51872,4.45
pfet_06v0,ff,27,4.50,0.70u,16,drop_at_50mA,0.0264836,0.05,0.529672,8.47475,4.47352
pfet_06v0,ff,27,4.50,0.70u,16,drop_at_100mA,0.0532805,0.1,0.532805,8.52488,4.44672
pfet_06v0,ff,27,4.50,0.70u,16,rlin_at_50mV,0.05,0.0939108,0.53242,8.51872,4.45
pfet_06v0,ff,27,4.50,1.20u,1,drop_at_50mA,0.918211,0.05,18.3642,18.3642,3.58179
pfet_06v0,ff,27,4.50,1.20u,1,drop_at_100mA,8.18657,0.1,81.8657,81.8657,-3.68657
pfet_06v0,ff,27,4.50,1.20u,1,rlin_at_50mV,0.05,0.00329395,15.1793,15.1793,4.45
pfet_06v0,ff,27,4.50,1.20u,2,drop_at_50mA,0.409305,0.05,8.1861,16.3722,4.0907
pfet_06v0,ff,27,4.50,1.20u,2,drop_at_100mA,0.918211,0.1,9.18211,18.3642,3.58179
pfet_06v0,ff,27,4.50,1.20u,2,rlin_at_50mV,0.05,0.0065879,7.58967,15.1793,4.45
pfet_06v0,ff,27,4.50,1.20u,4,drop_at_50mA,0.19555,0.05,3.911,15.644,4.30445
pfet_06v0,ff,27,4.50,1.20u,4,drop_at_100mA,0.409305,0.1,4.09305,16.3722,4.0907
pfet_06v0,ff,27,4.50,1.20u,4,rlin_at_50mV,0.05,0.0131758,3.79483,15.1793,4.45
pfet_06v0,ff,27,4.50,1.20u,8,drop_at_50mA,0.095768,0.05,1.91536,15.3229,4.40423
pfet_06v0,ff,27,4.50,1.20u,8,drop_at_100mA,0.19555,0.1,1.9555,15.644,4.30445
pfet_06v0,ff,27,4.50,1.20u,8,rlin_at_50mV,0.05,0.0263516,1.89742,15.1793,4.45
pfet_06v0,ff,27,4.50,1.20u,16,drop_at_50mA,0.0474103,0.05,0.948205,15.1713,4.45259
pfet_06v0,ff,27,4.50,1.20u,16,drop_at_100mA,0.095768,0.1,0.95768,15.3229,4.40423
pfet_06v0,ff,27,4.50,1.20u,16,rlin_at_50mV,0.05,0.0527032,0.948709,15.1793,4.45
pfet_06v0,ff,27,5.00,0.55u,1,drop_at_50mA,0.32386,0.05,6.4772,6.4772,4.67614
pfet_06v0,ff,27,5.00,0.55u,1,drop_at_100mA,0.703265,0.1,7.03265,7.03265,4.29674
pfet_06v0,ff,27,5.00,0.55u,1,rlin_at_50mV,0.05,0.00817901,6.11321,6.11321,4.95
pfet_06v0,ff,27,5.00,0.55u,2,drop_at_50mA,0.156277,0.05,3.12554,6.25108,4.84372
pfet_06v0,ff,27,5.00,0.55u,2,drop_at_100mA,0.32386,0.1,3.2386,6.4772,4.67614
pfet_06v0,ff,27,5.00,0.55u,2,rlin_at_50mV,0.05,0.016358,3.0566,6.11321,4.95
pfet_06v0,ff,27,5.00,0.55u,4,drop_at_50mA,0.0768455,0.05,1.53691,6.14764,4.92315
pfet_06v0,ff,27,5.00,0.55u,4,drop_at_100mA,0.156277,0.1,1.56277,6.25108,4.84372
pfet_06v0,ff,27,5.00,0.55u,4,rlin_at_50mV,0.05,0.032716,1.5283,6.11321,4.95
pfet_06v0,ff,27,5.00,0.55u,8,drop_at_50mA,0.0381128,0.05,0.762256,6.09805,4.96189
pfet_06v0,ff,27,5.00,0.55u,8,drop_at_100mA,0.0768455,0.1,0.768455,6.14764,4.92315
pfet_06v0,ff,27,5.00,0.55u,8,rlin_at_50mV,0.05,0.0654321,0.764151,6.11321,4.95
pfet_06v0,ff,27,5.00,0.55u,16,drop_at_50mA,0.0189805,0.05,0.379609,6.07375,4.98102
pfet_06v0,ff,27,5.00,0.55u,16,drop_at_100mA,0.0381128,0.1,0.381128,6.09805,4.96189
pfet_06v0,ff,27,5.00,0.55u,16,rlin_at_50mV,0.05,0.130864,0.382076,6.11321,4.95
pfet_06v0,ff,27,5.00,0.70u,1,drop_at_50mA,0.427148,0.05,8.54296,8.54296,4.57285
pfet_06v0,ff,27,5.00,0.70u,1,drop_at_100mA,0.955658,0.1,9.55658,9.55658,4.04434
pfet_06v0,ff,27,5.00,0.70u,1,rlin_at_50mV,0.05,0.00631665,7.91559,7.91559,4.95
pfet_06v0,ff,27,5.00,0.70u,2,drop_at_50mA,0.204083,0.05,4.08167,8.16333,4.79592
pfet_06v0,ff,27,5.00,0.70u,2,drop_at_100mA,0.427148,0.1,4.27148,8.54296,4.57285
pfet_06v0,ff,27,5.00,0.70u,2,rlin_at_50mV,0.05,0.0126333,3.95779,7.91559,4.95
pfet_06v0,ff,27,5.00,0.70u,4,drop_at_50mA,0.099933,0.05,1.99866,7.99464,4.90007
pfet_06v0,ff,27,5.00,0.70u,4,drop_at_100mA,0.204083,0.1,2.04083,8.16333,4.79592
pfet_06v0,ff,27,5.00,0.70u,4,rlin_at_50mV,0.05,0.0252666,1.9789,7.91559,4.95
pfet_06v0,ff,27,5.00,0.70u,8,drop_at_50mA,0.0494672,0.05,0.989344,7.91475,4.95053
pfet_06v0,ff,27,5.00,0.70u,8,drop_at_100mA,0.099933,0.1,0.99933,7.99464,4.90007
pfet_06v0,ff,27,5.00,0.70u,8,rlin_at_50mV,0.05,0.0505332,0.989449,7.91559,4.95
pfet_06v0,ff,27,5.00,0.70u,16,drop_at_50mA,0.024612,0.05,0.49224,7.87584,4.97539
pfet_06v0,ff,27,5.00,0.70u,16,drop_at_100mA,0.0494672,0.1,0.494672,7.91475,4.95053
pfet_06v0,ff,27,5.00,0.70u,16,rlin_at_50mV,0.05,0.101066,0.494724,7.91559,4.95
pfet_06v0,ff,27,5.00,1.20u,1,drop_at_50mA,0.812128,0.05,16.2426,16.2426,4.18787
pfet_06v0,ff,27,5.00,1.20u,1,drop_at_100mA,2.26397,0.1,22.6397,22.6397,2.73603
pfet_06v0,ff,27,5.00,1.20u,1,rlin_at_50mV,0.05,0.00356436,14.0278,14.0278,4.95
pfet_06v0,ff,27,5.00,1.20u,2,drop_at_50mA,0.372452,0.05,7.44905,14.8981,4.62755
pfet_06v0,ff,27,5.00,1.20u,2,drop_at_100mA,0.812128,0.1,8.12128,16.2426,4.18787
pfet_06v0,ff,27,5.00,1.20u,2,rlin_at_50mV,0.05,0.00712873,7.01388,14.0278,4.95
pfet_06v0,ff,27,5.00,1.20u,4,drop_at_50mA,0.179587,0.05,3.59173,14.3669,4.82041
pfet_06v0,ff,27,5.00,1.20u,4,drop_at_100mA,0.372452,0.1,3.72452,14.8981,4.62755
pfet_06v0,ff,27,5.00,1.20u,4,rlin_at_50mV,0.05,0.0142575,3.50694,14.0278,4.95
pfet_06v0,ff,27,5.00,1.20u,8,drop_at_50mA,0.088291,0.05,1.76582,14.1266,4.91171
pfet_06v0,ff,27,5.00,1.20u,8,drop_at_100mA,0.179587,0.1,1.79587,14.3669,4.82041
pfet_06v0,ff,27,5.00,1.20u,8,rlin_at_50mV,0.05,0.0285149,1.75347,14.0278,4.95
pfet_06v0,ff,27,5.00,1.20u,16,drop_at_50mA,0.043787,0.05,0.875739,14.0118,4.95621
pfet_06v0,ff,27,5.00,1.20u,16,drop_at_100mA,0.088291,0.1,0.88291,14.1266,4.91171
pfet_06v0,ff,27,5.00,1.20u,16,rlin_at_50mV,0.05,0.0570298,0.876735,14.0278,4.95
pfet_06v0,ff,27,5.50,0.55u,1,drop_at_50mA,0.302532,0.05,6.05065,6.05065,5.19747
pfet_06v0,ff,27,5.50,0.55u,1,drop_at_100mA,0.647585,0.1,6.47585,6.47585,4.85241
pfet_06v0,ff,27,5.50,0.55u,1,rlin_at_50mV,0.05,0.00867613,5.76294,5.76294,5.45
pfet_06v0,ff,27,5.50,0.55u,2,drop_at_50mA,0.146775,0.05,2.9355,5.871,5.35323
pfet_06v0,ff,27,5.50,0.55u,2,drop_at_100mA,0.302532,0.1,3.02532,6.05065,5.19747
pfet_06v0,ff,27,5.50,0.55u,2,rlin_at_50mV,0.05,0.0173523,2.88147,5.76294,5.45
pfet_06v0,ff,27,5.50,0.55u,4,drop_at_50mA,0.0723457,0.05,1.44691,5.78766,5.42765
pfet_06v0,ff,27,5.50,0.55u,4,drop_at_100mA,0.146775,0.1,1.46775,5.871,5.35323
pfet_06v0,ff,27,5.50,0.55u,4,rlin_at_50mV,0.05,0.0347045,1.44074,5.76294,5.45
pfet_06v0,ff,27,5.50,0.55u,8,drop_at_50mA,0.0359215,0.05,0.71843,5.74744,5.46408
pfet_06v0,ff,27,5.50,0.55u,8,drop_at_100mA,0.0723457,0.1,0.723457,5.78766,5.42765
pfet_06v0,ff,27,5.50,0.55u,8,rlin_at_50mV,0.05,0.069409,0.720368,5.76294,5.45
pfet_06v0,ff,27,5.50,0.55u,16,drop_at_50mA,0.017899,0.05,0.35798,5.72768,5.4821
pfet_06v0,ff,27,5.50,0.55u,16,drop_at_100mA,0.0359215,0.1,0.359215,5.74744,5.46408
pfet_06v0,ff,27,5.50,0.55u,16,rlin_at_50mV,0.05,0.138818,0.360184,5.76294,5.45
pfet_06v0,ff,27,5.50,0.70u,1,drop_at_50mA,0.396391,0.05,7.92781,7.92781,5.10361
pfet_06v0,ff,27,5.50,0.70u,1,drop_at_100mA,0.867155,0.1,8.67155,8.67155,4.63284
pfet_06v0,ff,27,5.50,0.70u,1,rlin_at_50mV,0.05,0.00672115,7.4392,7.4392,5.45
pfet_06v0,ff,27,5.50,0.70u,2,drop_at_50mA,0.190809,0.05,3.81619,7.63238,5.30919
pfet_06v0,ff,27,5.50,0.70u,2,drop_at_100mA,0.396391,0.1,3.96391,7.92781,5.10361
pfet_06v0,ff,27,5.50,0.70u,2,rlin_at_50mV,0.05,0.0134423,3.7196,7.4392,5.45
pfet_06v0,ff,27,5.50,0.70u,4,drop_at_50mA,0.0937304,0.05,1.87461,7.49843,5.40627
pfet_06v0,ff,27,5.50,0.70u,4,drop_at_100mA,0.190809,0.1,1.90809,7.63238,5.30919
pfet_06v0,ff,27,5.50,0.70u,4,rlin_at_50mV,0.05,0.0268846,1.8598,7.4392,5.45
pfet_06v0,ff,27,5.50,0.70u,8,drop_at_50mA,0.0464653,0.05,0.929306,7.43445,5.45353
pfet_06v0,ff,27,5.50,0.70u,8,drop_at_100mA,0.0937304,0.1,0.937304,7.49843,5.40627
pfet_06v0,ff,27,5.50,0.70u,8,rlin_at_50mV,0.05,0.0537692,0.9299,7.4392,5.45
pfet_06v0,ff,27,5.50,0.70u,16,drop_at_50mA,0.0231349,0.05,0.462697,7.40315,5.47687
pfet_06v0,ff,27,5.50,0.70u,16,drop_at_100mA,0.0464653,0.1,0.464653,7.43445,5.45353
pfet_06v0,ff,27,5.50,0.70u,16,rlin_at_50mV,0.05,0.107538,0.46495,7.4392,5.45
pfet_06v0,ff,27,5.50,1.20u,1,drop_at_50mA,0.738615,0.05,14.7723,14.7723,4.76138
pfet_06v0,ff,27,5.50,1.20u,1,drop_at_100mA,1.81908,0.1,18.1908,18.1908,3.68092
pfet_06v0,ff,27,5.50,1.20u,1,rlin_at_50mV,0.05,0.00381014,13.1229,13.1229,5.45
pfet_06v0,ff,27,5.50,1.20u,2,drop_at_50mA,0.344724,0.05,6.89448,13.789,5.15528
pfet_06v0,ff,27,5.50,1.20u,2,drop_at_100mA,0.738615,0.1,7.38615,14.7723,4.76138
pfet_06v0,ff,27,5.50,1.20u,2,rlin_at_50mV,0.05,0.00762029,6.56143,13.1229,5.45
pfet_06v0,ff,27,5.50,1.20u,4,drop_at_50mA,0.167267,0.05,3.34534,13.3813,5.33273
pfet_06v0,ff,27,5.50,1.20u,4,drop_at_100mA,0.344724,0.1,3.44724,13.789,5.15528
pfet_06v0,ff,27,5.50,1.20u,4,rlin_at_50mV,0.05,0.0152406,3.28072,13.1229,5.45
pfet_06v0,ff,27,5.50,1.20u,8,drop_at_50mA,0.0824598,0.05,1.6492,13.1936,5.41754
pfet_06v0,ff,27,5.50,1.20u,8,drop_at_100mA,0.167267,0.1,1.67267,13.3813,5.33273
pfet_06v0,ff,27,5.50,1.20u,8,rlin_at_50mV,0.05,0.0304812,1.64036,13.1229,5.45
pfet_06v0,ff,27,5.50,1.20u,16,drop_at_50mA,0.0409477,0.05,0.818953,13.1033,5.45905
pfet_06v0,ff,27,5.50,1.20u,16,drop_at_100mA,0.0824598,0.1,0.824598,13.1936,5.41754
pfet_06v0,ff,27,5.50,1.20u,16,rlin_at_50mV,0.05,0.0609623,0.820179,13.1229,5.45
pfet_06v0,ff,125,2.10,0.55u,1,drop_at_50mA,7.11056,0.05,142.211,142.211,-5.01056
pfet_06v0,ff,125,2.10,0.55u,1,drop_at_100mA,9.53768,0.1,95.3768,95.3768,-7.43768
pfet_06v0,ff,125,2.10,0.55u,1,rlin_at_50mV,0.05,0.00291913,17.1284,17.1284,2.05
pfet_06v0,ff,125,2.10,0.55u,2,drop_at_50mA,0.541547,0.05,10.8309,21.6619,1.55845
pfet_06v0,ff,125,2.10,0.55u,2,drop_at_100mA,7.11056,0.1,71.1056,142.211,-5.01056
pfet_06v0,ff,125,2.10,0.55u,2,rlin_at_50mV,0.05,0.00583827,8.56418,17.1284,2.05
pfet_06v0,ff,125,2.10,0.55u,4,drop_at_50mA,0.23245,0.05,4.64899,18.596,1.86755
pfet_06v0,ff,125,2.10,0.55u,4,drop_at_100mA,0.541547,0.1,5.41547,21.6619,1.55845
pfet_06v0,ff,125,2.10,0.55u,4,rlin_at_50mV,0.05,0.0116765,4.28209,17.1284,2.05
pfet_06v0,ff,125,2.10,0.55u,8,drop_at_50mA,0.109919,0.05,2.19839,17.5871,1.99008
pfet_06v0,ff,125,2.10,0.55u,8,drop_at_100mA,0.23245,0.1,2.3245,18.596,1.86755
pfet_06v0,ff,125,2.10,0.55u,8,rlin_at_50mV,0.05,0.0233531,2.14105,17.1284,2.05
pfet_06v0,ff,125,2.10,0.55u,16,drop_at_50mA,0.0536107,0.05,1.07221,17.1554,2.04639
pfet_06v0,ff,125,2.10,0.55u,16,drop_at_100mA,0.109919,0.1,1.09919,17.5871,1.99008
pfet_06v0,ff,125,2.10,0.55u,16,rlin_at_50mV,0.05,0.0467061,1.07052,17.1284,2.05
pfet_06v0,ff,125,2.10,0.70u,1,drop_at_50mA,8.82929,0.05,176.586,176.586,-6.72929
pfet_06v0,ff,125,2.10,0.70u,1,drop_at_100mA,10.4099,0.1,104.099,104.099,-8.30989
pfet_06v0,ff,125,2.10,0.70u,1,rlin_at_50mV,0.05,0.00217338,23.0057,23.0057,2.05
pfet_06v0,ff,125,2.10,0.70u,2,drop_at_50mA,0.919088,0.05,18.3818,36.7635,1.18091
pfet_06v0,ff,125,2.10,0.70u,2,drop_at_100mA,8.82929,0.1,88.2929,176.586,-6.72929
pfet_06v0,ff,125,2.10,0.70u,2,rlin_at_50mV,0.05,0.00434675,11.5028,23.0057,2.05
pfet_06v0,ff,125,2.10,0.70u,4,drop_at_50mA,0.327684,0.05,6.55368,26.2147,1.77232
pfet_06v0,ff,125,2.10,0.70u,4,drop_at_100mA,0.919088,0.1,9.19088,36.7635,1.18091
pfet_06v0,ff,125,2.10,0.70u,4,rlin_at_50mV,0.05,0.00869351,5.75142,23.0057,2.05
pfet_06v0,ff,125,2.10,0.70u,8,drop_at_50mA,0.150498,0.05,3.00997,24.0797,1.9495
pfet_06v0,ff,125,2.10,0.70u,8,drop_at_100mA,0.327684,0.1,3.27684,26.2147,1.77232
pfet_06v0,ff,125,2.10,0.70u,8,rlin_at_50mV,0.05,0.017387,2.87571,23.0057,2.05
pfet_06v0,ff,125,2.10,0.70u,16,drop_at_50mA,0.0726241,0.05,1.45248,23.2397,2.02738
pfet_06v0,ff,125,2.10,0.70u,16,drop_at_100mA,0.150498,0.1,1.50498,24.0797,1.9495
pfet_06v0,ff,125,2.10,0.70u,16,rlin_at_50mV,0.05,0.034774,1.43785,23.0057,2.05
pfet_06v0,ff,125,2.10,1.20u,1,drop_at_50mA,10.5164,0.05,210.327,210.327,-8.41636
pfet_06v0,ff,125,2.10,1.20u,1,drop_at_100mA,12.0012,0.1,120.012,120.012,-9.90121
pfet_06v0,ff,125,2.10,1.20u,1,rlin_at_50mV,0.05,0.00116357,42.9714,42.9714,2.05
pfet_06v0,ff,125,2.10,1.20u,2,drop_at_50mA,8.94934,0.05,178.987,357.974,-6.84934
pfet_06v0,ff,125,2.10,1.20u,2,drop_at_100mA,10.5164,0.1,105.164,210.327,-8.41636
pfet_06v0,ff,125,2.10,1.20u,2,rlin_at_50mV,0.05,0.00232713,21.4857,42.9714,2.05
pfet_06v0,ff,125,2.10,1.20u,4,drop_at_50mA,0.831169,0.05,16.6234,66.4935,1.26883
pfet_06v0,ff,125,2.10,1.20u,4,drop_at_100mA,8.94934,0.1,89.4934,357.974,-6.84934
pfet_06v0,ff,125,2.10,1.20u,4,rlin_at_50mV,0.05,0.00465426,10.7428,42.9714,2.05
pfet_06v0,ff,125,2.10,1.20u,8,drop_at_50mA,0.303927,0.05,6.07854,48.6284,1.79607
pfet_06v0,ff,125,2.10,1.20u,8,drop_at_100mA,0.831169,0.1,8.31169,66.4935,1.26883
pfet_06v0,ff,125,2.10,1.20u,8,rlin_at_50mV,0.05,0.00930852,5.37142,42.9714,2.05
pfet_06v0,ff,125,2.10,1.20u,16,drop_at_50mA,0.140086,0.05,2.80173,44.8276,1.95991
pfet_06v0,ff,125,2.10,1.20u,16,drop_at_100mA,0.303927,0.1,3.03927,48.6284,1.79607
pfet_06v0,ff,125,2.10,1.20u,16,rlin_at_50mV,0.05,0.018617,2.68571,42.9714,2.05
pfet_06v0,ff,125,2.97,0.55u,1,drop_at_50mA,0.754098,0.05,15.082,15.082,2.2159
pfet_06v0,ff,125,2.97,0.55u,1,drop_at_100mA,7.58189,0.1,75.8189,75.8189,-4.61189
pfet_06v0,ff,125,2.97,0.55u,1,rlin_at_50mV,0.05,0.00414921,12.0505,12.0505,2.92
pfet_06v0,ff,125,2.97,0.55u,2,drop_at_50mA,0.327767,0.05,6.55534,13.1107,2.64223
pfet_06v0,ff,125,2.97,0.55u,2,drop_at_100mA,0.754098,0.1,7.54098,15.082,2.2159
pfet_06v0,ff,125,2.97,0.55u,2,rlin_at_50mV,0.05,0.00829842,6.02524,12.0505,2.92
pfet_06v0,ff,125,2.97,0.55u,4,drop_at_50mA,0.155441,0.05,3.10882,12.4353,2.81456
pfet_06v0,ff,125,2.97,0.55u,4,drop_at_100mA,0.327767,0.1,3.27767,13.1107,2.64223
pfet_06v0,ff,125,2.97,0.55u,4,rlin_at_50mV,0.05,0.0165968,3.01262,12.0505,2.92
pfet_06v0,ff,125,2.97,0.55u,8,drop_at_50mA,0.0758944,0.05,1.51789,12.1431,2.89411
pfet_06v0,ff,125,2.97,0.55u,8,drop_at_100mA,0.155441,0.1,1.55441,12.4353,2.81456
pfet_06v0,ff,125,2.97,0.55u,8,rlin_at_50mV,0.05,0.0331937,1.50631,12.0505,2.92
pfet_06v0,ff,125,2.97,0.55u,16,drop_at_50mA,0.0375196,0.05,0.750392,12.0063,2.93248
pfet_06v0,ff,125,2.97,0.55u,16,drop_at_100mA,0.0758944,0.1,0.758944,12.1431,2.89411
pfet_06v0,ff,125,2.97,0.55u,16,rlin_at_50mV,0.05,0.0663874,0.753155,12.0505,2.92
pfet_06v0,ff,125,2.97,0.70u,1,drop_at_50mA,1.17259,0.05,23.4518,23.4518,1.79741
pfet_06v0,ff,125,2.97,0.70u,1,drop_at_100mA,9.24312,0.1,92.4312,92.4312,-6.27312
pfet_06v0,ff,125,2.97,0.70u,1,rlin_at_50mV,0.05,0.00312981,15.9754,15.9754,2.92
pfet_06v0,ff,125,2.97,0.70u,2,drop_at_50mA,0.452377,0.05,9.04753,18.0951,2.51762
pfet_06v0,ff,125,2.97,0.70u,2,drop_at_100mA,1.17259,0.1,11.7259,23.4518,1.79741
pfet_06v0,ff,125,2.97,0.70u,2,rlin_at_50mV,0.05,0.00625963,7.9877,15.9754,2.92
pfet_06v0,ff,125,2.97,0.70u,4,drop_at_50mA,0.209503,0.05,4.19006,16.7602,2.7605
pfet_06v0,ff,125,2.97,0.70u,4,drop_at_100mA,0.452377,0.1,4.52377,18.0951,2.51762
pfet_06v0,ff,125,2.97,0.70u,4,rlin_at_50mV,0.05,0.0125193,3.99385,15.9754,2.92
pfet_06v0,ff,125,2.97,0.70u,8,drop_at_50mA,0.101381,0.05,2.02763,16.221,2.86862
pfet_06v0,ff,125,2.97,0.70u,8,drop_at_100mA,0.209503,0.1,2.09503,16.7602,2.7605
pfet_06v0,ff,125,2.97,0.70u,8,rlin_at_50mV,0.05,0.0250385,1.99692,15.9754,2.92
pfet_06v0,ff,125,2.97,0.70u,16,drop_at_50mA,0.049922,0.05,0.998439,15.975,2.92008
pfet_06v0,ff,125,2.97,0.70u,16,drop_at_100mA,0.101381,0.1,1.01381,16.221,2.86862
pfet_06v0,ff,125,2.97,0.70u,16,rlin_at_50mV,0.05,0.050077,0.998462,15.9754,2.92
pfet_06v0,ff,125,2.97,1.20u,1,drop_at_50mA,9.23544,0.05,184.709,184.709,-6.26544
pfet_06v0,ff,125,2.97,1.20u,1,drop_at_100mA,10.8834,0.1,108.834,108.834,-7.91341
pfet_06v0,ff,125,2.97,1.20u,1,rlin_at_50mV,0.05,0.00170716,29.2884,29.2884,2.92
pfet_06v0,ff,125,2.97,1.20u,2,drop_at_50mA,1.02103,0.05,20.4206,40.8413,1.94897
pfet_06v0,ff,125,2.97,1.20u,2,drop_at_100mA,9.23544,0.1,92.3544,184.709,-6.26544
pfet_06v0,ff,125,2.97,1.20u,2,rlin_at_50mV,0.05,0.00341432,14.6442,29.2884,2.92
pfet_06v0,ff,125,2.97,1.20u,4,drop_at_50mA,0.40948,0.05,8.18959,32.7584,2.56052
pfet_06v0,ff,125,2.97,1.20u,4,drop_at_100mA,1.02103,0.1,10.2103,40.8413,1.94897
pfet_06v0,ff,125,2.97,1.20u,4,rlin_at_50mV,0.05,0.00682863,7.32211,29.2884,2.92
pfet_06v0,ff,125,2.97,1.20u,8,drop_at_50mA,0.191023,0.05,3.82046,30.5637,2.77898
pfet_06v0,ff,125,2.97,1.20u,8,drop_at_100mA,0.40948,0.1,4.0948,32.7584,2.56052
pfet_06v0,ff,125,2.97,1.20u,8,rlin_at_50mV,0.05,0.0136573,3.66106,29.2884,2.92
pfet_06v0,ff,125,2.97,1.20u,16,drop_at_50mA,0.0926996,0.05,1.85399,29.6639,2.8773
pfet_06v0,ff,125,2.97,1.20u,16,drop_at_100mA,0.191023,0.1,1.91023,30.5637,2.77898
pfet_06v0,ff,125,2.97,1.20u,16,rlin_at_50mV,0.05,0.0273145,1.83053,29.2884,2.92
pfet_06v0,ff,125,3.30,0.55u,1,drop_at_50mA,0.64761,0.05,12.9522,12.9522,2.65239
pfet_06v0,ff,125,3.30,0.55u,1,drop_at_100mA,2.41722,0.1,24.1722,24.1722,0.882782
pfet_06v0,ff,125,3.30,0.55u,1,rlin_at_50mV,0.05,0.004561,10.9625,10.9625,3.25
pfet_06v0,ff,125,3.30,0.55u,2,drop_at_50mA,0.292602,0.05,5.85205,11.7041,3.0074
pfet_06v0,ff,125,3.30,0.55u,2,drop_at_100mA,0.64761,0.1,6.4761,12.9522,2.65239
pfet_06v0,ff,125,3.30,0.55u,2,rlin_at_50mV,0.05,0.009122,5.48125,10.9625,3.25
pfet_06v0,ff,125,3.30,0.55u,4,drop_at_50mA,0.140367,0.05,2.80734,11.2294,3.15963
pfet_06v0,ff,125,3.30,0.55u,4,drop_at_100mA,0.292602,0.1,2.92602,11.7041,3.0074
pfet_06v0,ff,125,3.30,0.55u,4,rlin_at_50mV,0.05,0.018244,2.74063,10.9625,3.25
pfet_06v0,ff,125,3.30,0.55u,8,drop_at_50mA,0.0688583,0.05,1.37717,11.0173,3.23114
pfet_06v0,ff,125,3.30,0.55u,8,drop_at_100mA,0.140367,0.1,1.40367,11.2294,3.15963
pfet_06v0,ff,125,3.30,0.55u,8,rlin_at_50mV,0.05,0.036488,1.37031,10.9625,3.25
pfet_06v0,ff,125,3.30,0.55u,16,drop_at_50mA,0.0341146,0.05,0.682293,10.9167,3.26589
pfet_06v0,ff,125,3.30,0.55u,16,drop_at_100mA,0.0688583,0.1,0.688583,11.0173,3.23114
pfet_06v0,ff,125,3.30,0.55u,16,rlin_at_50mV,0.05,0.072976,0.685157,10.9625,3.25
pfet_06v0,ff,125,3.30,0.70u,1,drop_at_50mA,0.935578,0.05,18.7116,18.7116,2.36442
pfet_06v0,ff,125,3.30,0.70u,1,drop_at_100mA,8.70098,0.1,87.0098,87.0098,-5.40098
pfet_06v0,ff,125,3.30,0.70u,1,rlin_at_50mV,0.05,0.00345228,14.4832,14.4832,3.25
pfet_06v0,ff,125,3.30,0.70u,2,drop_at_50mA,0.398079,0.05,7.96158,15.9232,2.90192
pfet_06v0,ff,125,3.30,0.70u,2,drop_at_100mA,0.935578,0.1,9.35578,18.7116,2.36442
pfet_06v0,ff,125,3.30,0.70u,2,rlin_at_50mV,0.05,0.00690455,7.2416,14.4832,3.25
pfet_06v0,ff,125,3.30,0.70u,4,drop_at_50mA,0.187812,0.05,3.75625,15.025,3.11219
pfet_06v0,ff,125,3.30,0.70u,4,drop_at_100mA,0.398079,0.1,3.98079,15.9232,2.90192
pfet_06v0,ff,125,3.30,0.70u,4,rlin_at_50mV,0.05,0.0138091,3.6208,14.4832,3.25
pfet_06v0,ff,125,3.30,0.70u,8,drop_at_50mA,0.0915174,0.05,1.83035,14.6428,3.20848
pfet_06v0,ff,125,3.30,0.70u,8,drop_at_100mA,0.187812,0.1,1.87812,15.025,3.11219
pfet_06v0,ff,125,3.30,0.70u,8,rlin_at_50mV,0.05,0.0276182,1.8104,14.4832,3.25
pfet_06v0,ff,125,3.30,0.70u,16,drop_at_50mA,0.045203,0.05,0.90406,14.465,3.2548
pfet_06v0,ff,125,3.30,0.70u,16,drop_at_100mA,0.0915174,0.1,0.915174,14.6428,3.20848
pfet_06v0,ff,125,3.30,0.70u,16,rlin_at_50mV,0.05,0.0552364,0.9052,14.4832,3.25
pfet_06v0,ff,125,3.30,1.20u,1,drop_at_50mA,8.61424,0.05,172.285,172.285,-5.31424
pfet_06v0,ff,125,3.30,1.20u,1,drop_at_100mA,10.6263,0.1,106.263,106.263,-7.32631
pfet_06v0,ff,125,3.30,1.20u,1,rlin_at_50mV,0.05,0.00189249,26.4202,26.4202,3.25
pfet_06v0,ff,125,3.30,1.20u,2,drop_at_50mA,0.826056,0.05,16.5211,33.0422,2.47394
pfet_06v0,ff,125,3.30,1.20u,2,drop_at_100mA,8.61424,0.1,86.1424,172.285,-5.31424
pfet_06v0,ff,125,3.30,1.20u,2,rlin_at_50mV,0.05,0.00378499,13.2101,26.4202,3.25
pfet_06v0,ff,125,3.30,1.20u,4,drop_at_50mA,0.359173,0.05,7.18347,28.7339,2.94083
pfet_06v0,ff,125,3.30,1.20u,4,drop_at_100mA,0.826056,0.1,8.26056,33.0422,2.47394
pfet_06v0,ff,125,3.30,1.20u,4,rlin_at_50mV,0.05,0.00756997,6.60504,26.4202,3.25
pfet_06v0,ff,125,3.30,1.20u,8,drop_at_50mA,0.170495,0.05,3.4099,27.2792,3.12951
pfet_06v0,ff,125,3.30,1.20u,8,drop_at_100mA,0.359173,0.1,3.59173,28.7339,2.94083
pfet_06v0,ff,125,3.30,1.20u,8,rlin_at_50mV,0.05,0.0151399,3.30252,26.4202,3.25
pfet_06v0,ff,125,3.30,1.20u,16,drop_at_50mA,0.0832888,0.05,1.66578,26.6524,3.21671
pfet_06v0,ff,125,3.30,1.20u,16,drop_at_100mA,0.170495,0.1,1.70495,27.2792,3.12951
pfet_06v0,ff,125,3.30,1.20u,16,rlin_at_50mV,0.05,0.0302799,1.65126,26.4202,3.25
pfet_06v0,ff,125,3.63,0.55u,1,drop_at_50mA,0.576157,0.05,11.5231,11.5231,3.05384
pfet_06v0,ff,125,3.63,0.55u,1,drop_at_100mA,1.49974,0.1,14.9974,14.9974,2.13026
pfet_06v0,ff,125,3.63,0.55u,1,rlin_at_50mV,0.05,0.00494878,10.1035,10.1035,3.58
pfet_06v0,ff,125,3.63,0.55u,2,drop_at_50mA,0.266253,0.05,5.32506,10.6501,3.36375
pfet_06v0,ff,125,3.63,0.55u,2,drop_at_100mA,0.576157,0.1,5.76157,11.5231,3.05384
pfet_06v0,ff,125,3.63,0.55u,2,rlin_at_50mV,0.05,0.00989757,5.05175,10.1035,3.58
pfet_06v0,ff,125,3.63,0.55u,4,drop_at_50mA,0.128713,0.05,2.57426,10.297,3.50129
pfet_06v0,ff,125,3.63,0.55u,4,drop_at_100mA,0.266253,0.1,2.66253,10.6501,3.36375
pfet_06v0,ff,125,3.63,0.55u,4,rlin_at_50mV,0.05,0.0197951,2.52587,10.1035,3.58
pfet_06v0,ff,125,3.63,0.55u,8,drop_at_50mA,0.0633493,0.05,1.26699,10.1359,3.56665
pfet_06v0,ff,125,3.63,0.55u,8,drop_at_100mA,0.128713,0.1,1.28713,10.297,3.50129
pfet_06v0,ff,125,3.63,0.55u,8,rlin_at_50mV,0.05,0.0395903,1.26294,10.1035,3.58
pfet_06v0,ff,125,3.63,0.55u,16,drop_at_50mA,0.0314335,0.05,0.628669,10.0587,3.59857
pfet_06v0,ff,125,3.63,0.55u,16,drop_at_100mA,0.0633493,0.1,0.633493,10.1359,3.56665
pfet_06v0,ff,125,3.63,0.55u,16,rlin_at_50mV,0.05,0.0791806,0.631468,10.1035,3.58
pfet_06v0,ff,125,3.63,0.70u,1,drop_at_50mA,0.806843,0.05,16.1369,16.1369,2.82316
pfet_06v0,ff,125,3.63,0.70u,1,drop_at_100mA,7.30821,0.1,73.0821,73.0821,-3.67821
pfet_06v0,ff,125,3.63,0.70u,1,rlin_at_50mV,0.05,0.00375691,13.3088,13.3088,3.58
pfet_06v0,ff,125,3.63,0.70u,2,drop_at_50mA,0.358746,0.05,7.17493,14.3499,3.27125
pfet_06v0,ff,125,3.63,0.70u,2,drop_at_100mA,0.806843,0.1,8.06843,16.1369,2.82316
pfet_06v0,ff,125,3.63,0.70u,2,rlin_at_50mV,0.05,0.00751383,6.6544,13.3088,3.58
pfet_06v0,ff,125,3.63,0.70u,4,drop_at_50mA,0.171271,0.05,3.42541,13.7017,3.45873
pfet_06v0,ff,125,3.63,0.70u,4,drop_at_100mA,0.358746,0.1,3.58746,14.3499,3.27125
pfet_06v0,ff,125,3.63,0.70u,4,rlin_at_50mV,0.05,0.0150277,3.3272,13.3088,3.58
pfet_06v0,ff,125,3.63,0.70u,8,drop_at_50mA,0.0838531,0.05,1.67706,13.4165,3.54615
pfet_06v0,ff,125,3.63,0.70u,8,drop_at_100mA,0.171271,0.1,1.71271,13.7017,3.45873
pfet_06v0,ff,125,3.63,0.70u,8,rlin_at_50mV,0.05,0.0300553,1.6636,13.3088,3.58
pfet_06v0,ff,125,3.63,0.70u,16,drop_at_50mA,0.0415063,0.05,0.830126,13.282,3.58849
pfet_06v0,ff,125,3.63,0.70u,16,drop_at_100mA,0.0838531,0.1,0.838531,13.4165,3.54615
pfet_06v0,ff,125,3.63,0.70u,16,rlin_at_50mV,0.05,0.0601106,0.8318,13.3088,3.58
pfet_06v0,ff,125,3.63,1.20u,1,drop_at_50mA,5.00529,0.05,100.106,100.106,-1.37529
pfet_06v0,ff,125,3.63,1.20u,1,drop_at_100mA,10.4022,0.1,104.022,104.022,-6.77216
pfet_06v0,ff,125,3.63,1.20u,1,rlin_at_50mV,0.05,0.00206848,24.1724,24.1724,3.58
pfet_06v0,ff,125,3.63,1.20u,2,drop_at_50mA,0.714387,0.05,14.2877,28.5755,2.91561
pfet_06v0,ff,125,3.63,1.20u,2,drop_at_100mA,5.00529,0.1,50.0529,100.106,-1.37529
pfet_06v0,ff,125,3.63,1.20u,2,rlin_at_50mV,0.05,0.00413695,12.0862,24.1724,3.58
pfet_06v0,ff,125,3.63,1.20u,4,drop_at_50mA,0.322707,0.05,6.45415,25.8166,3.30729
pfet_06v0,ff,125,3.63,1.20u,4,drop_at_100mA,0.714387,0.1,7.14387,28.5755,2.91561
pfet_06v0,ff,125,3.63,1.20u,4,rlin_at_50mV,0.05,0.00827391,6.04309,24.1724,3.58
pfet_06v0,ff,125,3.63,1.20u,8,drop_at_50mA,0.154882,0.05,3.09765,24.7812,3.47512
pfet_06v0,ff,125,3.63,1.20u,8,drop_at_100mA,0.322707,0.1,3.22707,25.8166,3.30729
pfet_06v0,ff,125,3.63,1.20u,8,rlin_at_50mV,0.05,0.0165478,3.02155,24.1724,3.58
pfet_06v0,ff,125,3.63,1.20u,16,drop_at_50mA,0.0760022,0.05,1.52004,24.3207,3.554
pfet_06v0,ff,125,3.63,1.20u,16,drop_at_100mA,0.154882,0.1,1.54882,24.7812,3.47512
pfet_06v0,ff,125,3.63,1.20u,16,rlin_at_50mV,0.05,0.0330956,1.51077,24.1724,3.58
pfet_06v0,ff,125,4.50,0.55u,1,drop_at_50mA,0.461642,0.05,9.23283,9.23283,4.03836
pfet_06v0,ff,125,4.50,0.55u,1,drop_at_100mA,1.04436,0.1,10.4436,10.4436,3.45564
pfet_06v0,ff,125,4.50,0.55u,1,rlin_at_50mV,0.05,0.00587736,8.50722,8.50722,4.45
pfet_06v0,ff,125,4.50,0.55u,2,drop_at_50mA,0.219884,0.05,4.39767,8.79534,4.28012
pfet_06v0,ff,125,4.50,0.55u,2,drop_at_100mA,0.461642,0.1,4.61642,9.23283,4.03836
pfet_06v0,ff,125,4.50,0.55u,2,rlin_at_50mV,0.05,0.0117547,4.25361,8.50722,4.45
pfet_06v0,ff,125,4.50,0.55u,4,drop_at_50mA,0.107539,0.05,2.15078,8.60312,4.39246
pfet_06v0,ff,125,4.50,0.55u,4,drop_at_100mA,0.219884,0.1,2.19884,8.79534,4.28012
pfet_06v0,ff,125,4.50,0.55u,4,rlin_at_50mV,0.05,0.0235094,2.1268,8.50722,4.45
pfet_06v0,ff,125,4.50,0.55u,8,drop_at_50mA,0.0532032,0.05,1.06406,8.51251,4.4468
pfet_06v0,ff,125,4.50,0.55u,8,drop_at_100mA,0.107539,0.1,1.07539,8.60312,4.39246
pfet_06v0,ff,125,4.50,0.55u,8,rlin_at_50mV,0.05,0.0470189,1.0634,8.50722,4.45
pfet_06v0,ff,125,4.50,0.55u,16,drop_at_50mA,0.026464,0.05,0.52928,8.46848,4.47354
pfet_06v0,ff,125,4.50,0.55u,16,drop_at_100mA,0.0532032,0.1,0.532032,8.51251,4.4468
pfet_06v0,ff,125,4.50,0.55u,16,rlin_at_50mV,0.05,0.0940378,0.531701,8.50722,4.45
pfet_06v0,ff,125,4.50,0.70u,1,drop_at_50mA,0.623687,0.05,12.4737,12.4737,3.87631
pfet_06v0,ff,125,4.50,0.70u,1,drop_at_100mA,1.5201,0.1,15.201,15.201,2.9799
pfet_06v0,ff,125,4.50,0.70u,1,rlin_at_50mV,0.05,0.00448997,11.1359,11.1359,4.45
pfet_06v0,ff,125,4.50,0.70u,2,drop_at_50mA,0.291717,0.05,5.83434,11.6687,4.20828
pfet_06v0,ff,125,4.50,0.70u,2,drop_at_100mA,0.623687,0.1,6.23687,12.4737,3.87631
pfet_06v0,ff,125,4.50,0.70u,2,rlin_at_50mV,0.05,0.00897993,5.56797,11.1359,4.45
pfet_06v0,ff,125,4.50,0.70u,4,drop_at_50mA,0.141663,0.05,2.83327,11.3331,4.35834
pfet_06v0,ff,125,4.50,0.70u,4,drop_at_100mA,0.291717,0.1,2.91717,11.6687,4.20828
pfet_06v0,ff,125,4.50,0.70u,4,rlin_at_50mV,0.05,0.0179599,2.78399,11.1359,4.45
pfet_06v0,ff,125,4.50,0.70u,8,drop_at_50mA,0.0698636,0.05,1.39727,11.1782,4.43014
pfet_06v0,ff,125,4.50,0.70u,8,drop_at_100mA,0.141663,0.1,1.41663,11.3331,4.35834
pfet_06v0,ff,125,4.50,0.70u,8,rlin_at_50mV,0.05,0.0359197,1.39199,11.1359,4.45
pfet_06v0,ff,125,4.50,0.70u,16,drop_at_50mA,0.0346987,0.05,0.693975,11.1036,4.4653
pfet_06v0,ff,125,4.50,0.70u,16,drop_at_100mA,0.0698636,0.1,0.698636,11.1782,4.43014
pfet_06v0,ff,125,4.50,0.70u,16,rlin_at_50mV,0.05,0.0718395,0.695996,11.1359,4.45
pfet_06v0,ff,125,4.50,1.20u,1,drop_at_50mA,1.29246,0.05,25.8493,25.8493,3.20754
pfet_06v0,ff,125,4.50,1.20u,1,drop_at_100mA,9.74681,0.1,97.4681,97.4681,-5.24681
pfet_06v0,ff,125,4.50,1.20u,1,rlin_at_50mV,0.05,0.0024953,20.0377,20.0377,4.45
pfet_06v0,ff,125,4.50,1.20u,2,drop_at_50mA,0.551646,0.05,11.0329,22.0658,3.94835
pfet_06v0,ff,125,4.50,1.20u,2,drop_at_100mA,1.29246,0.1,12.9246,25.8493,3.20754
pfet_06v0,ff,125,4.50,1.20u,2,rlin_at_50mV,0.05,0.0049906,10.0188,20.0377,4.45
pfet_06v0,ff,125,4.50,1.20u,4,drop_at_50mA,0.260574,0.05,5.21149,20.8459,4.23943
pfet_06v0,ff,125,4.50,1.20u,4,drop_at_100mA,0.551646,0.1,5.51646,22.0658,3.94835
pfet_06v0,ff,125,4.50,1.20u,4,rlin_at_50mV,0.05,0.0099812,5.00942,20.0377,4.45
pfet_06v0,ff,125,4.50,1.20u,8,drop_at_50mA,0.127042,0.05,2.54083,20.3267,4.37296
pfet_06v0,ff,125,4.50,1.20u,8,drop_at_100mA,0.260574,0.1,2.60574,20.8459,4.23943
pfet_06v0,ff,125,4.50,1.20u,8,rlin_at_50mV,0.05,0.0199624,2.50471,20.0377,4.45
pfet_06v0,ff,125,4.50,1.20u,16,drop_at_50mA,0.0627658,0.05,1.25532,20.085,4.43723
pfet_06v0,ff,125,4.50,1.20u,16,drop_at_100mA,0.127042,0.1,1.27042,20.3267,4.37296
pfet_06v0,ff,125,4.50,1.20u,16,rlin_at_50mV,0.05,0.0399248,1.25235,20.0377,4.45
pfet_06v0,ff,125,5.00,0.55u,1,drop_at_50mA,0.419898,0.05,8.39795,8.39795,4.5801
pfet_06v0,ff,125,5.00,0.55u,1,drop_at_100mA,0.922796,0.1,9.22796,9.22796,4.0772
pfet_06v0,ff,125,5.00,0.55u,1,rlin_at_50mV,0.05,0.00636161,7.85965,7.85965,4.95
pfet_06v0,ff,125,5.00,0.55u,2,drop_at_50mA,0.201849,0.05,4.03698,8.07396,4.79815
pfet_06v0,ff,125,5.00,0.55u,2,drop_at_100mA,0.419898,0.1,4.19898,8.39795,4.5801
pfet_06v0,ff,125,5.00,0.55u,2,rlin_at_50mV,0.05,0.0127232,3.92982,7.85965,4.95
pfet_06v0,ff,125,5.00,0.55u,4,drop_at_50mA,0.0990997,0.05,1.98199,7.92797,4.9009
pfet_06v0,ff,125,5.00,0.55u,4,drop_at_100mA,0.201849,0.1,2.01849,8.07396,4.79815
pfet_06v0,ff,125,5.00,0.55u,4,rlin_at_50mV,0.05,0.0254464,1.96491,7.85965,4.95
pfet_06v0,ff,125,5.00,0.55u,8,drop_at_50mA,0.0491152,0.05,0.982303,7.85842,4.95088
pfet_06v0,ff,125,5.00,0.55u,8,drop_at_100mA,0.0990997,0.1,0.990997,7.92797,4.9009
pfet_06v0,ff,125,5.00,0.55u,8,rlin_at_50mV,0.05,0.0508929,0.982456,7.85965,4.95
pfet_06v0,ff,125,5.00,0.55u,16,drop_at_50mA,0.0244514,0.05,0.489028,7.82445,4.97555
pfet_06v0,ff,125,5.00,0.55u,16,drop_at_100mA,0.0491152,0.1,0.491152,7.85842,4.95088
pfet_06v0,ff,125,5.00,0.55u,16,rlin_at_50mV,0.05,0.101786,0.491228,7.85965,4.95
pfet_06v0,ff,125,5.00,0.70u,1,drop_at_50mA,0.561378,0.05,11.2276,11.2276,4.43862
pfet_06v0,ff,125,5.00,0.70u,1,drop_at_100mA,1.29014,0.1,12.9014,12.9014,3.70986
pfet_06v0,ff,125,5.00,0.70u,1,rlin_at_50mV,0.05,0.00487411,10.2583,10.2583,4.95
pfet_06v0,ff,125,5.00,0.70u,2,drop_at_50mA,0.266265,0.05,5.32531,10.6506,4.73373
pfet_06v0,ff,125,5.00,0.70u,2,drop_at_100mA,0.561378,0.1,5.61378,11.2276,4.43862
pfet_06v0,ff,125,5.00,0.70u,2,rlin_at_50mV,0.05,0.00974823,5.12914,10.2583,4.95
pfet_06v0,ff,125,5.00,0.70u,4,drop_at_50mA,0.130008,0.05,2.60015,10.4006,4.86999
pfet_06v0,ff,125,5.00,0.70u,4,drop_at_100mA,0.266265,0.1,2.66265,10.6506,4.73373
pfet_06v0,ff,125,5.00,0.70u,4,rlin_at_50mV,0.05,0.0194965,2.56457,10.2583,4.95
pfet_06v0,ff,125,5.00,0.70u,8,drop_at_50mA,0.0642714,0.05,1.28543,10.2834,4.93573
pfet_06v0,ff,125,5.00,0.70u,8,drop_at_100mA,0.130008,0.1,1.30008,10.4006,4.86999
pfet_06v0,ff,125,5.00,0.70u,8,rlin_at_50mV,0.05,0.0389929,1.28228,10.2583,4.95
pfet_06v0,ff,125,5.00,0.70u,16,drop_at_50mA,0.0319582,0.05,0.639164,10.2266,4.96804
pfet_06v0,ff,125,5.00,0.70u,16,drop_at_100mA,0.0642714,0.1,0.642714,10.2834,4.93573
pfet_06v0,ff,125,5.00,0.70u,16,rlin_at_50mV,0.05,0.0779858,0.641142,10.2583,4.95
pfet_06v0,ff,125,5.00,1.20u,1,drop_at_50mA,1.10938,0.05,22.1876,22.1876,3.89062
pfet_06v0,ff,125,5.00,1.20u,1,drop_at_100mA,8.79423,0.1,87.9423,87.9423,-3.79423
pfet_06v0,ff,125,5.00,1.20u,1,rlin_at_50mV,0.05,0.00272074,18.3773,18.3773,4.95
pfet_06v0,ff,125,5.00,1.20u,2,drop_at_50mA,0.495596,0.05,9.91192,19.8238,4.5044
pfet_06v0,ff,125,5.00,1.20u,2,drop_at_100mA,1.10938,0.1,11.0938,22.1876,3.89062
pfet_06v0,ff,125,5.00,1.20u,2,rlin_at_50mV,0.05,0.00544148,9.18867,18.3773,4.95
pfet_06v0,ff,125,5.00,1.20u,4,drop_at_50mA,0.237006,0.05,4.74011,18.9605,4.76299
pfet_06v0,ff,125,5.00,1.20u,4,drop_at_100mA,0.495596,0.1,4.95596,19.8238,4.5044
pfet_06v0,ff,125,5.00,1.20u,4,rlin_at_50mV,0.05,0.010883,4.59433,18.3773,4.95
pfet_06v0,ff,125,5.00,1.20u,8,drop_at_50mA,0.116124,0.05,2.32247,18.5798,4.88388
pfet_06v0,ff,125,5.00,1.20u,8,drop_at_100mA,0.237006,0.1,2.37006,18.9605,4.76299
pfet_06v0,ff,125,5.00,1.20u,8,rlin_at_50mV,0.05,0.0217659,2.29717,18.3773,4.95
pfet_06v0,ff,125,5.00,1.20u,16,drop_at_50mA,0.0575003,0.05,1.15001,18.4001,4.9425
pfet_06v0,ff,125,5.00,1.20u,16,drop_at_100mA,0.116124,0.1,1.16124,18.5798,4.88388
pfet_06v0,ff,125,5.00,1.20u,16,rlin_at_50mV,0.05,0.0435319,1.14858,18.3773,4.95
pfet_06v0,ff,125,5.50,0.55u,1,drop_at_50mA,0.387514,0.05,7.75028,7.75028,5.11249
pfet_06v0,ff,125,5.50,0.55u,1,drop_at_100mA,0.83619,0.1,8.3619,8.3619,4.66381
pfet_06v0,ff,125,5.50,0.55u,1,rlin_at_50mV,0.05,0.0068173,7.33428,7.33428,5.45
pfet_06v0,ff,125,5.50,0.55u,2,drop_at_50mA,0.187488,0.05,3.74977,7.49954,5.31251
pfet_06v0,ff,125,5.50,0.55u,2,drop_at_100mA,0.387514,0.1,3.87514,7.75028,5.11249
pfet_06v0,ff,125,5.50,0.55u,2,rlin_at_50mV,0.05,0.0136346,3.66714,7.33428,5.45
pfet_06v0,ff,125,5.50,0.55u,4,drop_at_50mA,0.0923067,0.05,1.84613,7.38454,5.40769
pfet_06v0,ff,125,5.50,0.55u,4,drop_at_100mA,0.187488,0.1,1.87488,7.49954,5.31251
pfet_06v0,ff,125,5.50,0.55u,4,rlin_at_50mV,0.05,0.0272692,1.83357,7.33428,5.45
pfet_06v0,ff,125,5.50,0.55u,8,drop_at_50mA,0.0458083,0.05,0.916166,7.32933,5.45419
pfet_06v0,ff,125,5.50,0.55u,8,drop_at_100mA,0.0923067,0.1,0.923067,7.38454,5.40769
pfet_06v0,ff,125,5.50,0.55u,8,rlin_at_50mV,0.05,0.0545384,0.916785,7.33428,5.45
pfet_06v0,ff,125,5.50,0.55u,16,drop_at_50mA,0.0228196,0.05,0.456391,7.30226,5.47718
pfet_06v0,ff,125,5.50,0.55u,16,drop_at_100mA,0.0458083,0.1,0.458083,7.32933,5.45419
pfet_06v0,ff,125,5.50,0.55u,16,rlin_at_50mV,0.05,0.109077,0.458392,7.33428,5.45
pfet_06v0,ff,125,5.50,0.70u,1,drop_at_50mA,0.51421,0.05,10.2842,10.2842,4.98579
pfet_06v0,ff,125,5.50,0.70u,1,drop_at_100mA,1.14444,0.1,11.4444,11.4444,4.35556
pfet_06v0,ff,125,5.50,0.70u,1,rlin_at_50mV,0.05,0.0052367,9.548,9.548,5.45
pfet_06v0,ff,125,5.50,0.70u,2,drop_at_50mA,0.246209,0.05,4.92417,9.84835,5.25379
pfet_06v0,ff,125,5.50,0.70u,2,drop_at_100mA,0.51421,0.1,5.1421,10.2842,4.98579
pfet_06v0,ff,125,5.50,0.70u,2,rlin_at_50mV,0.05,0.0104734,4.774,9.548,5.45
pfet_06v0,ff,125,5.50,0.70u,4,drop_at_50mA,0.120681,0.05,2.41362,9.65446,5.37932
pfet_06v0,ff,125,5.50,0.70u,4,drop_at_100mA,0.246209,0.1,2.46209,9.84835,5.25379
pfet_06v0,ff,125,5.50,0.70u,4,rlin_at_50mV,0.05,0.0209468,2.387,9.548,5.45
pfet_06v0,ff,125,5.50,0.70u,8,drop_at_50mA,0.0597662,0.05,1.19532,9.5626,5.44023
pfet_06v0,ff,125,5.50,0.70u,8,drop_at_100mA,0.120681,0.1,1.20681,9.65446,5.37932
pfet_06v0,ff,125,5.50,0.70u,8,rlin_at_50mV,0.05,0.0418936,1.1935,9.548,5.45
pfet_06v0,ff,125,5.50,0.70u,16,drop_at_50mA,0.0297433,0.05,0.594865,9.51784,5.47026
pfet_06v0,ff,125,5.50,0.70u,16,drop_at_100mA,0.0597662,0.1,0.597662,9.5626,5.44023
pfet_06v0,ff,125,5.50,0.70u,16,rlin_at_50mV,0.05,0.0837872,0.59675,9.548,5.45
pfet_06v0,ff,125,5.50,1.20u,1,drop_at_50mA,0.988069,0.05,19.7614,19.7614,4.51193
pfet_06v0,ff,125,5.50,1.20u,1,drop_at_100mA,2.81116,0.1,28.1116,28.1116,2.68884
pfet_06v0,ff,125,5.50,1.20u,1,rlin_at_50mV,0.05,0.00293458,17.0382,17.0382,5.45
pfet_06v0,ff,125,5.50,1.20u,2,drop_at_50mA,0.453008,0.05,9.06015,18.1203,5.04699
pfet_06v0,ff,125,5.50,1.20u,2,drop_at_100mA,0.988069,0.1,9.88069,19.7614,4.51193
pfet_06v0,ff,125,5.50,1.20u,2,rlin_at_50mV,0.05,0.00586915,8.51912,17.0382,5.45
pfet_06v0,ff,125,5.50,1.20u,4,drop_at_50mA,0.218451,0.05,4.36903,17.4761,5.28155
pfet_06v0,ff,125,5.50,1.20u,4,drop_at_100mA,0.453008,0.1,4.53008,18.1203,5.04699
pfet_06v0,ff,125,5.50,1.20u,4,rlin_at_50mV,0.05,0.0117383,4.25956,17.0382,5.45
pfet_06v0,ff,125,5.50,1.20u,8,drop_at_50mA,0.107408,0.05,2.14816,17.1852,5.39259
pfet_06v0,ff,125,5.50,1.20u,8,drop_at_100mA,0.218451,0.1,2.18451,17.4761,5.28155
pfet_06v0,ff,125,5.50,1.20u,8,rlin_at_50mV,0.05,0.0234766,2.12978,17.0382,5.45
pfet_06v0,ff,125,5.50,1.20u,16,drop_at_50mA,0.0532705,0.05,1.06541,17.0466,5.44673
pfet_06v0,ff,125,5.50,1.20u,16,drop_at_100mA,0.107408,0.1,1.07408,17.1852,5.39259
pfet_06v0,ff,125,5.50,1.20u,16,rlin_at_50mV,0.05,0.0469532,1.06489,17.0382,5.45
pfet_06v0,ss,-40,2.10,0.55u,1,drop_at_50mA,8.70669,0.05,174.134,174.134,-6.60669
pfet_06v0,ss,-40,2.10,0.55u,1,drop_at_100mA,10.2131,0.1,102.131,102.131,-8.1131
pfet_06v0,ss,-40,2.10,0.55u,1,rlin_at_50mV,0.05,0.00282475,17.7007,17.7007,2.05
pfet_06v0,ss,-40,2.10,0.55u,2,drop_at_50mA,2.00563,0.05,40.1125,80.225,0.0943744
pfet_06v0,ss,-40,2.10,0.55u,2,drop_at_100mA,8.70669,0.1,87.0669,174.134,-6.60669
pfet_06v0,ss,-40,2.10,0.55u,2,rlin_at_50mV,0.05,0.0056495,8.85034,17.7007,2.05
pfet_06v0,ss,-40,2.10,0.55u,4,drop_at_50mA,0.261104,0.05,5.22209,20.8884,1.8389
pfet_06v0,ss,-40,2.10,0.55u,4,drop_at_100mA,2.00563,0.1,20.0563,80.225,0.0943744
pfet_06v0,ss,-40,2.10,0.55u,4,rlin_at_50mV,0.05,0.011299,4.42517,17.7007,2.05
pfet_06v0,ss,-40,2.10,0.55u,8,drop_at_50mA,0.116313,0.05,2.32626,18.6101,1.98369
pfet_06v0,ss,-40,2.10,0.55u,8,drop_at_100mA,0.261104,0.1,2.61104,20.8884,1.8389
pfet_06v0,ss,-40,2.10,0.55u,8,rlin_at_50mV,0.05,0.022598,2.21259,17.7007,2.05
pfet_06v0,ss,-40,2.10,0.55u,16,drop_at_50mA,0.0555434,0.05,1.11087,17.7739,2.04446
pfet_06v0,ss,-40,2.10,0.55u,16,drop_at_100mA,0.116313,0.1,1.16313,18.6101,1.98369
pfet_06v0,ss,-40,2.10,0.55u,16,rlin_at_50mV,0.05,0.045196,1.10629,17.7007,2.05
pfet_06v0,ss,-40,2.10,0.70u,1,drop_at_50mA,9.45543,0.05,189.109,189.109,-7.35543
pfet_06v0,ss,-40,2.10,0.70u,1,drop_at_100mA,10.9097,0.1,109.097,109.097,-8.80966
pfet_06v0,ss,-40,2.10,0.70u,1,rlin_at_50mV,0.05,0.00219117,22.8188,22.8188,2.05
pfet_06v0,ss,-40,2.10,0.70u,2,drop_at_50mA,7.53474,0.05,150.695,301.39,-5.43474
pfet_06v0,ss,-40,2.10,0.70u,2,drop_at_100mA,9.45543,0.1,94.5543,189.109,-7.35543
pfet_06v0,ss,-40,2.10,0.70u,2,rlin_at_50mV,0.05,0.00438235,11.4094,22.8188,2.05
pfet_06v0,ss,-40,2.10,0.70u,4,drop_at_50mA,0.369249,0.05,7.38498,29.5399,1.73075
pfet_06v0,ss,-40,2.10,0.70u,4,drop_at_100mA,7.53474,0.1,75.3474,301.39,-5.43474
pfet_06v0,ss,-40,2.10,0.70u,4,rlin_at_50mV,0.05,0.0087647,5.7047,22.8188,2.05
pfet_06v0,ss,-40,2.10,0.70u,8,drop_at_50mA,0.154357,0.05,3.08714,24.6971,1.94564
pfet_06v0,ss,-40,2.10,0.70u,8,drop_at_100mA,0.369249,0.1,3.69249,29.5399,1.73075
pfet_06v0,ss,-40,2.10,0.70u,8,rlin_at_50mV,0.05,0.0175294,2.85235,22.8188,2.05
pfet_06v0,ss,-40,2.10,0.70u,16,drop_at_50mA,0.0725084,0.05,1.45017,23.2027,2.02749
pfet_06v0,ss,-40,2.10,0.70u,16,drop_at_100mA,0.154357,0.1,1.54357,24.6971,1.94564
pfet_06v0,ss,-40,2.10,0.70u,16,rlin_at_50mV,0.05,0.0350588,1.42618,22.8188,2.05
pfet_06v0,ss,-40,2.10,1.20u,1,drop_at_50mA,10.8318,0.05,216.636,216.636,-8.73181
pfet_06v0,ss,-40,2.10,1.20u,1,drop_at_100mA,12.3906,0.1,123.906,123.906,-10.2906
pfet_06v0,ss,-40,2.10,1.20u,1,rlin_at_50mV,0.05,0.00124754,40.0788,40.0788,2.05
pfet_06v0,ss,-40,2.10,1.20u,2,drop_at_50mA,9.35969,0.05,187.194,374.387,-7.25969
pfet_06v0,ss,-40,2.10,1.20u,2,drop_at_100mA,10.8318,0.1,108.318,216.636,-8.73181
pfet_06v0,ss,-40,2.10,1.20u,2,rlin_at_50mV,0.05,0.00249509,20.0394,40.0788,2.05
pfet_06v0,ss,-40,2.10,1.20u,4,drop_at_50mA,7.26598,0.05,145.32,581.279,-5.16598
pfet_06v0,ss,-40,2.10,1.20u,4,drop_at_100mA,9.35969,0.1,93.5969,374.387,-7.25969
pfet_06v0,ss,-40,2.10,1.20u,4,rlin_at_50mV,0.05,0.00499017,10.0197,40.0788,2.05
pfet_06v0,ss,-40,2.10,1.20u,8,drop_at_50mA,0.307366,0.05,6.14732,49.1785,1.79263
pfet_06v0,ss,-40,2.10,1.20u,8,drop_at_100mA,7.26598,0.1,72.6598,581.279,-5.16598
pfet_06v0,ss,-40,2.10,1.20u,8,rlin_at_50mV,0.05,0.00998034,5.00985,40.0788,2.05
pfet_06v0,ss,-40,2.10,1.20u,16,drop_at_50mA,0.133316,0.05,2.66633,42.6613,1.96668
pfet_06v0,ss,-40,2.10,1.20u,16,drop_at_100mA,0.307366,0.1,3.07366,49.1785,1.79263
pfet_06v0,ss,-40,2.10,1.20u,16,rlin_at_50mV,0.05,0.0199607,2.50492,40.0788,2.05
pfet_06v0,ss,-40,2.97,0.55u,1,drop_at_50mA,0.756968,0.05,15.1394,15.1394,2.21303
pfet_06v0,ss,-40,2.97,0.55u,1,drop_at_100mA,8.44576,0.1,84.4576,84.4576,-5.47576
pfet_06v0,ss,-40,2.97,0.55u,1,rlin_at_50mV,0.05,0.00466363,10.7213,10.7213,2.92
pfet_06v0,ss,-40,2.97,0.55u,2,drop_at_50mA,0.300811,0.05,6.01622,12.0324,2.66919
pfet_06v0,ss,-40,2.97,0.55u,2,drop_at_100mA,0.756968,0.1,7.56968,15.1394,2.21303
pfet_06v0,ss,-40,2.97,0.55u,2,rlin_at_50mV,0.05,0.00932726,5.36063,10.7213,2.92
pfet_06v0,ss,-40,2.97,0.55u,4,drop_at_50mA,0.139547,0.05,2.79095,11.1638,2.83045
pfet_06v0,ss,-40,2.97,0.55u,4,drop_at_100mA,0.300811,0.1,3.00811,12.0324,2.66919
pfet_06v0,ss,-40,2.97,0.55u,4,rlin_at_50mV,0.05,0.0186545,2.68031,10.7213,2.92
pfet_06v0,ss,-40,2.97,0.55u,8,drop_at_50mA,0.0675366,0.05,1.35073,10.8059,2.90246
pfet_06v0,ss,-40,2.97,0.55u,8,drop_at_100mA,0.139547,0.1,1.39547,11.1638,2.83045
pfet_06v0,ss,-40,2.97,0.55u,8,rlin_at_50mV,0.05,0.037309,1.34016,10.7213,2.92
pfet_06v0,ss,-40,2.97,0.55u,16,drop_at_50mA,0.0332543,0.05,0.665087,10.6414,2.93675
pfet_06v0,ss,-40,2.97,0.55u,16,drop_at_100mA,0.0675366,0.1,0.675366,10.8059,2.90246
pfet_06v0,ss,-40,2.97,0.55u,16,rlin_at_50mV,0.05,0.0746181,0.670079,10.7213,2.92
pfet_06v0,ss,-40,2.97,0.70u,1,drop_at_50mA,1.36915,0.05,27.3829,27.3829,1.60085
pfet_06v0,ss,-40,2.97,0.70u,1,drop_at_100mA,9.23104,0.1,92.3104,92.3104,-6.26104
pfet_06v0,ss,-40,2.97,0.70u,1,rlin_at_50mV,0.05,0.00367494,13.6057,13.6057,2.92
pfet_06v0,ss,-40,2.97,0.70u,2,drop_at_50mA,0.398228,0.05,7.96455,15.9291,2.57177
pfet_06v0,ss,-40,2.97,0.70u,2,drop_at_100mA,1.36915,0.1,13.6915,27.3829,1.60085
pfet_06v0,ss,-40,2.97,0.70u,2,rlin_at_50mV,0.05,0.00734988,6.80283,13.6057,2.92
pfet_06v0,ss,-40,2.97,0.70u,4,drop_at_50mA,0.180079,0.05,3.60158,14.4063,2.78992
pfet_06v0,ss,-40,2.97,0.70u,4,drop_at_100mA,0.398228,0.1,3.98228,15.9291,2.57177
pfet_06v0,ss,-40,2.97,0.70u,4,rlin_at_50mV,0.05,0.0146998,3.40142,13.6057,2.92
pfet_06v0,ss,-40,2.97,0.70u,8,drop_at_50mA,0.0863902,0.05,1.7278,13.8224,2.88361
pfet_06v0,ss,-40,2.97,0.70u,8,drop_at_100mA,0.180079,0.1,1.80079,14.4063,2.78992
pfet_06v0,ss,-40,2.97,0.70u,8,rlin_at_50mV,0.05,0.0293995,1.70071,13.6057,2.92
pfet_06v0,ss,-40,2.97,0.70u,16,drop_at_50mA,0.0423779,0.05,0.847558,13.5609,2.92762
pfet_06v0,ss,-40,2.97,0.70u,16,drop_at_100mA,0.0863902,0.1,0.863902,13.8224,2.88361
pfet_06v0,ss,-40,2.97,0.70u,16,rlin_at_50mV,0.05,0.0587991,0.850354,13.6057,2.92
pfet_06v0,ss,-40,2.97,1.20u,1,drop_at_50mA,8.94811,0.05,178.962,178.962,-5.97811
pfet_06v0,ss,-40,2.97,1.20u,1,drop_at_100mA,10.5602,0.1,105.602,105.602,-7.59025
pfet_06v0,ss,-40,2.97,1.20u,1,rlin_at_50mV,0.05,0.0021436,23.3252,23.3252,2.92
pfet_06v0,ss,-40,2.97,1.20u,2,drop_at_50mA,0.851647,0.05,17.0329,34.0659,2.11835
pfet_06v0,ss,-40,2.97,1.20u,2,drop_at_100mA,8.94811,0.1,89.4811,178.962,-5.97811
pfet_06v0,ss,-40,2.97,1.20u,2,rlin_at_50mV,0.05,0.0042872,11.6626,23.3252,2.92
pfet_06v0,ss,-40,2.97,1.20u,4,drop_at_50mA,0.328574,0.05,6.57148,26.2859,2.64143
pfet_06v0,ss,-40,2.97,1.20u,4,drop_at_100mA,0.851647,0.1,8.51647,34.0659,2.11835
pfet_06v0,ss,-40,2.97,1.20u,4,rlin_at_50mV,0.05,0.00857441,5.83131,23.3252,2.92
pfet_06v0,ss,-40,2.97,1.20u,8,drop_at_50mA,0.152123,0.05,3.04246,24.3397,2.81788
pfet_06v0,ss,-40,2.97,1.20u,8,drop_at_100mA,0.328574,0.1,3.28574,26.2859,2.64143
pfet_06v0,ss,-40,2.97,1.20u,8,rlin_at_50mV,0.05,0.0171488,2.91565,23.3252,2.92
pfet_06v0,ss,-40,2.97,1.20u,16,drop_at_50mA,0.0736034,0.05,1.47207,23.5531,2.8964
pfet_06v0,ss,-40,2.97,1.20u,16,drop_at_100mA,0.152123,0.1,1.52123,24.3397,2.81788
pfet_06v0,ss,-40,2.97,1.20u,16,rlin_at_50mV,0.05,0.0342976,1.45783,23.3252,2.92
pfet_06v0,ss,-40,3.30,0.55u,1,drop_at_50mA,0.597621,0.05,11.9524,11.9524,2.70238
pfet_06v0,ss,-40,3.30,0.55u,1,drop_at_100mA,7.39137,0.1,73.9137,73.9137,-4.09137
pfet_06v0,ss,-40,3.30,0.55u,1,rlin_at_50mV,0.05,0.00524795,9.52752,9.52752,3.25
pfet_06v0,ss,-40,3.30,0.55u,2,drop_at_50mA,0.258993,0.05,5.17985,10.3597,3.04101
pfet_06v0,ss,-40,3.30,0.55u,2,drop_at_100mA,0.597621,0.1,5.97621,11.9524,2.70238
pfet_06v0,ss,-40,3.30,0.55u,2,rlin_at_50mV,0.05,0.0104959,4.76376,9.52752,3.25
pfet_06v0,ss,-40,3.30,0.55u,4,drop_at_50mA,0.122565,0.05,2.4513,9.80519,3.17744
pfet_06v0,ss,-40,3.30,0.55u,4,drop_at_100mA,0.258993,0.1,2.58993,10.3597,3.04101
pfet_06v0,ss,-40,3.30,0.55u,4,rlin_at_50mV,0.05,0.0209918,2.38188,9.52752,3.25
pfet_06v0,ss,-40,3.30,0.55u,8,drop_at_50mA,0.0597767,0.05,1.19553,9.56428,3.24022
pfet_06v0,ss,-40,3.30,0.55u,8,drop_at_100mA,0.122565,0.1,1.22565,9.80519,3.17744
pfet_06v0,ss,-40,3.30,0.55u,8,rlin_at_50mV,0.05,0.0419836,1.19094,9.52752,3.25
pfet_06v0,ss,-40,3.30,0.55u,16,drop_at_50mA,0.0295351,0.05,0.590703,9.45125,3.27046
pfet_06v0,ss,-40,3.30,0.55u,16,drop_at_100mA,0.0597767,0.1,0.597767,9.56428,3.24022
pfet_06v0,ss,-40,3.30,0.55u,16,rlin_at_50mV,0.05,0.0839672,0.59547,9.52752,3.25
pfet_06v0,ss,-40,3.30,0.70u,1,drop_at_50mA,0.831804,0.05,16.6361,16.6361,2.4682
pfet_06v0,ss,-40,3.30,0.70u,1,drop_at_100mA,8.68752,0.1,86.8752,86.8752,-5.38752
pfet_06v0,ss,-40,3.30,0.70u,1,rlin_at_50mV,0.05,0.00415227,12.0416,12.0416,3.25
pfet_06v0,ss,-40,3.30,0.70u,2,drop_at_50mA,0.336587,0.05,6.73174,13.4635,2.96341
pfet_06v0,ss,-40,3.30,0.70u,2,drop_at_100mA,0.831804,0.1,8.31804,16.6361,2.4682
pfet_06v0,ss,-40,3.30,0.70u,2,rlin_at_50mV,0.05,0.00830455,6.0208,12.0416,3.25
pfet_06v0,ss,-40,3.30,0.70u,4,drop_at_50mA,0.156788,0.05,3.13576,12.543,3.14321
pfet_06v0,ss,-40,3.30,0.70u,4,drop_at_100mA,0.336587,0.1,3.36587,13.4635,2.96341
pfet_06v0,ss,-40,3.30,0.70u,4,rlin_at_50mV,0.05,0.0166091,3.0104,12.0416,3.25
pfet_06v0,ss,-40,3.30,0.70u,8,drop_at_50mA,0.0760053,0.05,1.52011,12.1608,3.22399
pfet_06v0,ss,-40,3.30,0.70u,8,drop_at_100mA,0.156788,0.1,1.56788,12.543,3.14321
pfet_06v0,ss,-40,3.30,0.70u,8,rlin_at_50mV,0.05,0.0332182,1.5052,12.0416,3.25
pfet_06v0,ss,-40,3.30,0.70u,16,drop_at_50mA,0.0374522,0.05,0.749044,11.9847,3.26255
pfet_06v0,ss,-40,3.30,0.70u,16,drop_at_100mA,0.0760053,0.1,0.760053,12.1608,3.22399
pfet_06v0,ss,-40,3.30,0.70u,16,rlin_at_50mV,0.05,0.0664364,0.7526,12.0416,3.25
pfet_06v0,ss,-40,3.30,1.20u,1,drop_at_50mA,8.15923,0.05,163.185,163.185,-4.85923
pfet_06v0,ss,-40,3.30,1.20u,1,drop_at_100mA,10.1825,0.1,101.825,101.825,-6.88252
pfet_06v0,ss,-40,3.30,1.20u,1,rlin_at_50mV,0.05,0.00243763,20.5117,20.5117,3.25
pfet_06v0,ss,-40,3.30,1.20u,2,drop_at_50mA,0.644527,0.05,12.8905,25.7811,2.65547
pfet_06v0,ss,-40,3.30,1.20u,2,drop_at_100mA,8.15923,0.1,81.5923,163.185,-4.85923
pfet_06v0,ss,-40,3.30,1.20u,2,rlin_at_50mV,0.05,0.00487527,10.2559,20.5117,3.25
pfet_06v0,ss,-40,3.30,1.20u,4,drop_at_50mA,0.278726,0.05,5.57451,22.298,3.02127
pfet_06v0,ss,-40,3.30,1.20u,4,drop_at_100mA,0.644527,0.1,6.44527,25.7811,2.65547
pfet_06v0,ss,-40,3.30,1.20u,4,rlin_at_50mV,0.05,0.00975053,5.12793,20.5117,3.25
pfet_06v0,ss,-40,3.30,1.20u,8,drop_at_50mA,0.13202,0.05,2.64039,21.1231,3.16798
pfet_06v0,ss,-40,3.30,1.20u,8,drop_at_100mA,0.278726,0.1,2.78726,22.298,3.02127
pfet_06v0,ss,-40,3.30,1.20u,8,rlin_at_50mV,0.05,0.0195011,2.56396,20.5117,3.25
pfet_06v0,ss,-40,3.30,1.20u,16,drop_at_50mA,0.0644283,0.05,1.28857,20.6171,3.23557
pfet_06v0,ss,-40,3.30,1.20u,16,drop_at_100mA,0.13202,0.1,1.3202,21.1231,3.16798
pfet_06v0,ss,-40,3.30,1.20u,16,rlin_at_50mV,0.05,0.0390021,1.28198,20.5117,3.25
pfet_06v0,ss,-40,3.63,0.55u,1,drop_at_50mA,0.511716,0.05,10.2343,10.2343,3.11828
pfet_06v0,ss,-40,3.63,0.55u,1,drop_at_100mA,1.70648,0.1,17.0648,17.0648,1.92352
pfet_06v0,ss,-40,3.63,0.55u,1,rlin_at_50mV,0.05,0.00578196,8.64759,8.64759,3.58
pfet_06v0,ss,-40,3.63,0.55u,2,drop_at_50mA,0.230593,0.05,4.61185,9.22371,3.39941
pfet_06v0,ss,-40,3.63,0.55u,2,drop_at_100mA,0.511716,0.1,5.11716,10.2343,3.11828
pfet_06v0,ss,-40,3.63,0.55u,2,rlin_at_50mV,0.05,0.0115639,4.32379,8.64759,3.58
pfet_06v0,ss,-40,3.63,0.55u,4,drop_at_50mA,0.110433,0.05,2.20866,8.83464,3.51957
pfet_06v0,ss,-40,3.63,0.55u,4,drop_at_100mA,0.230593,0.1,2.30593,9.22371,3.39941
pfet_06v0,ss,-40,3.63,0.55u,4,rlin_at_50mV,0.05,0.0231278,2.1619,8.64759,3.58
pfet_06v0,ss,-40,3.63,0.55u,8,drop_at_50mA,0.0541261,0.05,1.08252,8.66018,3.57587
pfet_06v0,ss,-40,3.63,0.55u,8,drop_at_100mA,0.110433,0.1,1.10433,8.83464,3.51957
pfet_06v0,ss,-40,3.63,0.55u,8,rlin_at_50mV,0.05,0.0462557,1.08095,8.64759,3.58
pfet_06v0,ss,-40,3.63,0.55u,16,drop_at_50mA,0.0268039,0.05,0.536078,8.57725,3.6032
pfet_06v0,ss,-40,3.63,0.55u,16,drop_at_100mA,0.0541261,0.1,0.541261,8.66018,3.57587
pfet_06v0,ss,-40,3.63,0.55u,16,rlin_at_50mV,0.05,0.0925114,0.540474,8.64759,3.58
pfet_06v0,ss,-40,3.63,0.70u,1,drop_at_50mA,0.682559,0.05,13.6512,13.6512,2.94744
pfet_06v0,ss,-40,3.63,0.70u,1,drop_at_100mA,7.86444,0.1,78.6444,78.6444,-4.23444
pfet_06v0,ss,-40,3.63,0.70u,1,rlin_at_50mV,0.05,0.00459069,10.8916,10.8916,3.58
pfet_06v0,ss,-40,3.63,0.70u,2,drop_at_50mA,0.296386,0.05,5.92773,11.8555,3.33361
pfet_06v0,ss,-40,3.63,0.70u,2,drop_at_100mA,0.682559,0.1,6.82559,13.6512,2.94744
pfet_06v0,ss,-40,3.63,0.70u,2,rlin_at_50mV,0.05,0.00918138,5.44581,10.8916,3.58
pfet_06v0,ss,-40,3.63,0.70u,4,drop_at_50mA,0.140388,0.05,2.80776,11.231,3.48961
pfet_06v0,ss,-40,3.63,0.70u,4,drop_at_100mA,0.296386,0.1,2.96386,11.8555,3.33361
pfet_06v0,ss,-40,3.63,0.70u,4,rlin_at_50mV,0.05,0.0183628,2.7229,10.8916,3.58
pfet_06v0,ss,-40,3.63,0.70u,8,drop_at_50mA,0.0684989,0.05,1.36998,10.9598,3.5615
pfet_06v0,ss,-40,3.63,0.70u,8,drop_at_100mA,0.140388,0.1,1.40388,11.231,3.48961
pfet_06v0,ss,-40,3.63,0.70u,8,rlin_at_50mV,0.05,0.0367255,1.36145,10.8916,3.58
pfet_06v0,ss,-40,3.63,0.70u,16,drop_at_50mA,0.0338518,0.05,0.677037,10.8326,3.59615
pfet_06v0,ss,-40,3.63,0.70u,16,drop_at_100mA,0.0684989,0.1,0.684989,10.9598,3.5615
pfet_06v0,ss,-40,3.63,0.70u,16,rlin_at_50mV,0.05,0.073451,0.680726,10.8916,3.58
pfet_06v0,ss,-40,3.63,1.20u,1,drop_at_50mA,2.30426,0.05,46.0851,46.0851,1.32574
pfet_06v0,ss,-40,3.63,1.20u,1,drop_at_100mA,9.85711,0.1,98.5711,98.5711,-6.22711
pfet_06v0,ss,-40,3.63,1.20u,1,rlin_at_50mV,0.05,0.00270993,18.4507,18.4507,3.58
pfet_06v0,ss,-40,3.63,1.20u,2,drop_at_50mA,0.542934,0.05,10.8587,21.7174,3.08707
pfet_06v0,ss,-40,3.63,1.20u,2,drop_at_100mA,2.30426,0.1,23.0426,46.0851,1.32574
pfet_06v0,ss,-40,3.63,1.20u,2,rlin_at_50mV,0.05,0.00541985,9.22535,18.4507,3.58
pfet_06v0,ss,-40,3.63,1.20u,4,drop_at_50mA,0.245496,0.05,4.90992,19.6397,3.3845
pfet_06v0,ss,-40,3.63,1.20u,4,drop_at_100mA,0.542934,0.1,5.42934,21.7174,3.08707
pfet_06v0,ss,-40,3.63,1.20u,4,rlin_at_50mV,0.05,0.0108397,4.61267,18.4507,3.58
pfet_06v0,ss,-40,3.63,1.20u,8,drop_at_50mA,0.117806,0.05,2.35613,18.849,3.51219
pfet_06v0,ss,-40,3.63,1.20u,8,drop_at_100mA,0.245496,0.1,2.45496,19.6397,3.3845
pfet_06v0,ss,-40,3.63,1.20u,8,rlin_at_50mV,0.05,0.0216794,2.30634,18.4507,3.58
pfet_06v0,ss,-40,3.63,1.20u,16,drop_at_50mA,0.0577993,0.05,1.15599,18.4958,3.5722
pfet_06v0,ss,-40,3.63,1.20u,16,drop_at_100mA,0.117806,0.1,1.17806,18.849,3.51219
pfet_06v0,ss,-40,3.63,1.20u,16,rlin_at_50mV,0.05,0.0433588,1.15317,18.4507,3.58
pfet_06v0,ss,-40,4.50,0.55u,1,drop_at_50mA,0.394489,0.05,7.88978,7.88978,4.10551
pfet_06v0,ss,-40,4.50,0.55u,1,drop_at_100mA,0.923445,0.1,9.23445,9.23445,3.57656
pfet_06v0,ss,-40,4.50,0.55u,1,rlin_at_50mV,0.05,0.00699011,7.15296,7.15296,4.45
pfet_06v0,ss,-40,4.50,0.55u,2,drop_at_50mA,0.185803,0.05,3.71607,7.43214,4.3142
pfet_06v0,ss,-40,4.50,0.55u,2,drop_at_100mA,0.394489,0.1,3.94489,7.88978,4.10551
pfet_06v0,ss,-40,4.50,0.55u,2,rlin_at_50mV,0.05,0.0139802,3.57648,7.15296,4.45
pfet_06v0,ss,-40,4.50,0.55u,4,drop_at_50mA,0.0904329,0.05,1.80866,7.23463,4.40957
pfet_06v0,ss,-40,4.50,0.55u,4,drop_at_100mA,0.185803,0.1,1.85803,7.43214,4.3142
pfet_06v0,ss,-40,4.50,0.55u,4,rlin_at_50mV,0.05,0.0279604,1.78824,7.15296,4.45
pfet_06v0,ss,-40,4.50,0.55u,8,drop_at_50mA,0.0446389,0.05,0.892778,7.14222,4.45536
pfet_06v0,ss,-40,4.50,0.55u,8,drop_at_100mA,0.0904329,0.1,0.904329,7.23463,4.40957
pfet_06v0,ss,-40,4.50,0.55u,8,rlin_at_50mV,0.05,0.0559209,0.89412,7.15296,4.45
pfet_06v0,ss,-40,4.50,0.55u,16,drop_at_50mA,0.0221796,0.05,0.443591,7.09746,4.47782
pfet_06v0,ss,-40,4.50,0.55u,16,drop_at_100mA,0.0446389,0.1,0.446389,7.14222,4.45536
pfet_06v0,ss,-40,4.50,0.55u,16,rlin_at_50mV,0.05,0.111842,0.44706,7.15296,4.45
pfet_06v0,ss,-40,4.50,0.70u,1,drop_at_50mA,0.50642,0.05,10.1284,10.1284,3.99358
pfet_06v0,ss,-40,4.50,0.70u,1,drop_at_100mA,1.26822,0.1,12.6822,12.6822,3.23178
pfet_06v0,ss,-40,4.50,0.70u,1,rlin_at_50mV,0.05,0.00558921,8.94581,8.94581,4.45
pfet_06v0,ss,-40,4.50,0.70u,2,drop_at_50mA,0.235001,0.05,4.70001,9.40002,4.265
pfet_06v0,ss,-40,4.50,0.70u,2,drop_at_100mA,0.50642,0.1,5.0642,10.1284,3.99358
pfet_06v0,ss,-40,4.50,0.70u,2,rlin_at_50mV,0.05,0.0111784,4.47291,8.94581,4.45
pfet_06v0,ss,-40,4.50,0.70u,4,drop_at_50mA,0.113734,0.05,2.27468,9.09871,4.38627
pfet_06v0,ss,-40,4.50,0.70u,4,drop_at_100mA,0.235001,0.1,2.35001,9.40002,4.265
pfet_06v0,ss,-40,4.50,0.70u,4,rlin_at_50mV,0.05,0.0223568,2.23645,8.94581,4.45
pfet_06v0,ss,-40,4.50,0.70u,8,drop_at_50mA,0.0560003,0.05,1.12001,8.96005,4.444
pfet_06v0,ss,-40,4.50,0.70u,8,drop_at_100mA,0.113734,0.1,1.13734,9.09871,4.38627
pfet_06v0,ss,-40,4.50,0.70u,8,rlin_at_50mV,0.05,0.0447137,1.11823,8.94581,4.45
pfet_06v0,ss,-40,4.50,0.70u,16,drop_at_50mA,0.0277918,0.05,0.555837,8.89339,4.47221
pfet_06v0,ss,-40,4.50,0.70u,16,drop_at_100mA,0.0560003,0.1,0.560003,8.96005,4.444
pfet_06v0,ss,-40,4.50,0.70u,16,rlin_at_50mV,0.05,0.0894273,0.559113,8.94581,4.45
pfet_06v0,ss,-40,4.50,1.20u,1,drop_at_50mA,0.94407,0.05,18.8814,18.8814,3.55593
pfet_06v0,ss,-40,4.50,1.20u,1,drop_at_100mA,8.84433,0.1,88.4433,88.4433,-4.34433
pfet_06v0,ss,-40,4.50,1.20u,1,rlin_at_50mV,0.05,0.00333711,14.983,14.983,4.45
pfet_06v0,ss,-40,4.50,1.20u,2,drop_at_50mA,0.409381,0.05,8.18763,16.3753,4.09062
pfet_06v0,ss,-40,4.50,1.20u,2,drop_at_100mA,0.94407,0.1,9.4407,18.8814,3.55593
pfet_06v0,ss,-40,4.50,1.20u,2,rlin_at_50mV,0.05,0.00667422,7.49151,14.983,4.45
pfet_06v0,ss,-40,4.50,1.20u,4,drop_at_50mA,0.193959,0.05,3.87918,15.5167,4.30604
pfet_06v0,ss,-40,4.50,1.20u,4,drop_at_100mA,0.409381,0.1,4.09381,16.3753,4.09062
pfet_06v0,ss,-40,4.50,1.20u,4,rlin_at_50mV,0.05,0.0133484,3.74576,14.983,4.45
pfet_06v0,ss,-40,4.50,1.20u,8,drop_at_50mA,0.0946586,0.05,1.89317,15.1454,4.40534
pfet_06v0,ss,-40,4.50,1.20u,8,drop_at_100mA,0.193959,0.1,1.93959,15.5167,4.30604
pfet_06v0,ss,-40,4.50,1.20u,8,rlin_at_50mV,0.05,0.0266969,1.87288,14.983,4.45
pfet_06v0,ss,-40,4.50,1.20u,16,drop_at_50mA,0.0467858,0.05,0.935716,14.9715,4.45321
pfet_06v0,ss,-40,4.50,1.20u,16,drop_at_100mA,0.0946586,0.1,0.946586,15.1454,4.40534
pfet_06v0,ss,-40,4.50,1.20u,16,rlin_at_50mV,0.05,0.0533937,0.936439,14.983,4.45
pfet_06v0,ss,-40,5.00,0.55u,1,drop_at_50mA,0.356763,0.05,7.13525,7.13525,4.64324
pfet_06v0,ss,-40,5.00,0.55u,1,drop_at_100mA,0.801856,0.1,8.01856,8.01856,4.19814
pfet_06v0,ss,-40,5.00,0.55u,1,rlin_at_50mV,0.05,0.00757697,6.59894,6.59894,4.95
pfet_06v0,ss,-40,5.00,0.55u,2,drop_at_50mA,0.170063,0.05,3.40126,6.80252,4.82994
pfet_06v0,ss,-40,5.00,0.55u,2,drop_at_100mA,0.356763,0.1,3.56763,7.13525,4.64324
pfet_06v0,ss,-40,5.00,0.55u,2,rlin_at_50mV,0.05,0.0151539,3.29947,6.59894,4.95
pfet_06v0,ss,-40,5.00,0.55u,4,drop_at_50mA,0.0831803,0.05,1.66361,6.65442,4.91682
pfet_06v0,ss,-40,5.00,0.55u,4,drop_at_100mA,0.170063,0.1,1.70063,6.80252,4.82994
pfet_06v0,ss,-40,5.00,0.55u,4,rlin_at_50mV,0.05,0.0303079,1.64974,6.59894,4.95
pfet_06v0,ss,-40,5.00,0.55u,8,drop_at_50mA,0.0411515,0.05,0.82303,6.58424,4.95885
pfet_06v0,ss,-40,5.00,0.55u,8,drop_at_100mA,0.0831803,0.1,0.831803,6.65442,4.91682
pfet_06v0,ss,-40,5.00,0.55u,8,rlin_at_50mV,0.05,0.0606158,0.824868,6.59894,4.95
pfet_06v0,ss,-40,5.00,0.55u,16,drop_at_50mA,0.0204689,0.05,0.409378,6.55005,4.97953
pfet_06v0,ss,-40,5.00,0.55u,16,drop_at_100mA,0.0411515,0.1,0.411515,6.58424,4.95885
pfet_06v0,ss,-40,5.00,0.55u,16,rlin_at_50mV,0.05,0.121232,0.412434,6.59894,4.95
pfet_06v0,ss,-40,5.00,0.70u,1,drop_at_50mA,0.453527,0.05,9.07055,9.07055,4.54647
pfet_06v0,ss,-40,5.00,0.70u,1,drop_at_100mA,1.05797,0.1,10.5797,10.5797,3.94203
pfet_06v0,ss,-40,5.00,0.70u,1,rlin_at_50mV,0.05,0.00607689,8.2279,8.2279,4.95
pfet_06v0,ss,-40,5.00,0.70u,2,drop_at_50mA,0.213912,0.05,4.27825,8.5565,4.78609
pfet_06v0,ss,-40,5.00,0.70u,2,drop_at_100mA,0.453527,0.1,4.53527,9.07055,4.54647
pfet_06v0,ss,-40,5.00,0.70u,2,rlin_at_50mV,0.05,0.0121538,4.11395,8.2279,4.95
pfet_06v0,ss,-40,5.00,0.70u,4,drop_at_50mA,0.104182,0.05,2.08364,8.33457,4.89582
pfet_06v0,ss,-40,5.00,0.70u,4,drop_at_100mA,0.213912,0.1,2.13912,8.5565,4.78609
pfet_06v0,ss,-40,5.00,0.70u,4,rlin_at_50mV,0.05,0.0243076,2.05697,8.2279,4.95
pfet_06v0,ss,-40,5.00,0.70u,8,drop_at_50mA,0.0514419,0.05,1.02884,8.23071,4.94856
pfet_06v0,ss,-40,5.00,0.70u,8,drop_at_100mA,0.104182,0.1,1.04182,8.33457,4.89582
pfet_06v0,ss,-40,5.00,0.70u,8,rlin_at_50mV,0.05,0.0486151,1.02849,8.2279,4.95
pfet_06v0,ss,-40,5.00,0.70u,16,drop_at_50mA,0.0255637,0.05,0.511275,8.1804,4.97444
pfet_06v0,ss,-40,5.00,0.70u,16,drop_at_100mA,0.0514419,0.1,0.514419,8.23071,4.94856
pfet_06v0,ss,-40,5.00,0.70u,16,rlin_at_50mV,0.05,0.0972302,0.514244,8.2279,4.95
pfet_06v0,ss,-40,5.00,1.20u,1,drop_at_50mA,0.813667,0.05,16.2733,16.2733,4.18633
pfet_06v0,ss,-40,5.00,1.20u,1,drop_at_100mA,3.32679,0.1,33.2679,33.2679,1.67321
pfet_06v0,ss,-40,5.00,1.20u,1,rlin_at_50mV,0.05,0.00364634,13.7124,13.7124,4.95
pfet_06v0,ss,-40,5.00,1.20u,2,drop_at_50mA,0.367296,0.05,7.34592,14.6918,4.6327
pfet_06v0,ss,-40,5.00,1.20u,2,drop_at_100mA,0.813667,0.1,8.13667,16.2733,4.18633
pfet_06v0,ss,-40,5.00,1.20u,2,rlin_at_50mV,0.05,0.00729268,6.85619,13.7124,4.95
pfet_06v0,ss,-40,5.00,1.20u,4,drop_at_50mA,0.176111,0.05,3.52221,14.0889,4.82389
pfet_06v0,ss,-40,5.00,1.20u,4,drop_at_100mA,0.367296,0.1,3.67296,14.6918,4.6327
pfet_06v0,ss,-40,5.00,1.20u,4,rlin_at_50mV,0.05,0.0145854,3.4281,13.7124,4.95
pfet_06v0,ss,-40,5.00,1.20u,8,drop_at_50mA,0.0863707,0.05,1.72741,13.8193,4.91363
pfet_06v0,ss,-40,5.00,1.20u,8,drop_at_100mA,0.176111,0.1,1.76111,14.0889,4.82389
pfet_06v0,ss,-40,5.00,1.20u,8,rlin_at_50mV,0.05,0.0291707,1.71405,13.7124,4.95
pfet_06v0,ss,-40,5.00,1.20u,16,drop_at_50mA,0.0427854,0.05,0.855708,13.6913,4.95721
pfet_06v0,ss,-40,5.00,1.20u,16,drop_at_100mA,0.0863707,0.1,0.863707,13.8193,4.91363
pfet_06v0,ss,-40,5.00,1.20u,16,rlin_at_50mV,0.05,0.0583414,0.857024,13.7124,4.95
pfet_06v0,ss,-40,5.50,0.55u,1,drop_at_50mA,0.329236,0.05,6.58471,6.58471,5.17076
pfet_06v0,ss,-40,5.50,0.55u,1,drop_at_100mA,0.722523,0.1,7.22523,7.22523,4.77748
pfet_06v0,ss,-40,5.50,0.55u,1,rlin_at_50mV,0.05,0.00809999,6.17285,6.17285,5.45
pfet_06v0,ss,-40,5.50,0.55u,2,drop_at_50mA,0.158214,0.05,3.16429,6.32857,5.34179
pfet_06v0,ss,-40,5.50,0.55u,2,drop_at_100mA,0.329236,0.1,3.29236,6.58471,5.17076
pfet_06v0,ss,-40,5.50,0.55u,2,rlin_at_50mV,0.05,0.0162,3.08642,6.17285,5.45
pfet_06v0,ss,-40,5.50,0.55u,4,drop_at_50mA,0.0776524,0.05,1.55305,6.21219,5.42235
pfet_06v0,ss,-40,5.50,0.55u,4,drop_at_100mA,0.158214,0.1,1.58214,6.32857,5.34179
pfet_06v0,ss,-40,5.50,0.55u,4,rlin_at_50mV,0.05,0.0323999,1.54321,6.17285,5.45
pfet_06v0,ss,-40,5.50,0.55u,8,drop_at_50mA,0.0384784,0.05,0.769568,6.15655,5.46152
pfet_06v0,ss,-40,5.50,0.55u,8,drop_at_100mA,0.0776524,0.1,0.776524,6.21219,5.42235
pfet_06v0,ss,-40,5.50,0.55u,8,rlin_at_50mV,0.05,0.0647999,0.771606,6.17285,5.45
pfet_06v0,ss,-40,5.50,0.55u,16,drop_at_50mA,0.0191541,0.05,0.383083,6.12932,5.48085
pfet_06v0,ss,-40,5.50,0.55u,16,drop_at_100mA,0.0384784,0.1,0.384784,6.15655,5.46152
pfet_06v0,ss,-40,5.50,0.55u,16,rlin_at_50mV,0.05,0.1296,0.385803,6.17285,5.45
pfet_06v0,ss,-40,5.50,0.70u,1,drop_at_50mA,0.415762,0.05,8.31525,8.31525,5.08424
pfet_06v0,ss,-40,5.50,0.70u,1,drop_at_100mA,0.935311,0.1,9.35311,9.35311,4.56469
pfet_06v0,ss,-40,5.50,0.70u,1,rlin_at_50mV,0.05,0.0065125,7.67755,7.67755,5.45
pfet_06v0,ss,-40,5.50,0.70u,2,drop_at_50mA,0.198192,0.05,3.96383,7.92766,5.30181
pfet_06v0,ss,-40,5.50,0.70u,2,drop_at_100mA,0.415762,0.1,4.15762,8.31525,5.08424
pfet_06v0,ss,-40,5.50,0.70u,2,rlin_at_50mV,0.05,0.013025,3.83877,7.67755,5.45
pfet_06v0,ss,-40,5.50,0.70u,4,drop_at_50mA,0.0969452,0.05,1.9389,7.75562,5.40305
pfet_06v0,ss,-40,5.50,0.70u,4,drop_at_100mA,0.198192,0.1,1.98192,7.92766,5.30181
pfet_06v0,ss,-40,5.50,0.70u,4,rlin_at_50mV,0.05,0.02605,1.91939,7.67755,5.45
pfet_06v0,ss,-40,5.50,0.70u,8,drop_at_50mA,0.0479636,0.05,0.959273,7.67418,5.45204
pfet_06v0,ss,-40,5.50,0.70u,8,drop_at_100mA,0.0969452,0.1,0.969452,7.75562,5.40305
pfet_06v0,ss,-40,5.50,0.70u,8,rlin_at_50mV,0.05,0.0521,0.959693,7.67755,5.45
pfet_06v0,ss,-40,5.50,0.70u,16,drop_at_50mA,0.0238579,0.05,0.477158,7.63453,5.47614
pfet_06v0,ss,-40,5.50,0.70u,16,drop_at_100mA,0.0479636,0.1,0.479636,7.67418,5.45204
pfet_06v0,ss,-40,5.50,0.70u,16,rlin_at_50mV,0.05,0.1042,0.479847,7.67755,5.45
pfet_06v0,ss,-40,5.50,1.20u,1,drop_at_50mA,0.729412,0.05,14.5882,14.5882,4.77059
pfet_06v0,ss,-40,5.50,1.20u,1,drop_at_100mA,1.89538,0.1,18.9538,18.9538,3.60462
pfet_06v0,ss,-40,5.50,1.20u,1,rlin_at_50mV,0.05,0.00392371,12.743,12.743,5.45
pfet_06v0,ss,-40,5.50,1.20u,2,drop_at_50mA,0.336864,0.05,6.73728,13.4746,5.16314
pfet_06v0,ss,-40,5.50,1.20u,2,drop_at_100mA,0.729412,0.1,7.29412,14.5882,4.77059
pfet_06v0,ss,-40,5.50,1.20u,2,rlin_at_50mV,0.05,0.00784742,6.37152,12.743,5.45
pfet_06v0,ss,-40,5.50,1.20u,4,drop_at_50mA,0.162788,0.05,3.25577,13.0231,5.33721
pfet_06v0,ss,-40,5.50,1.20u,4,drop_at_100mA,0.336864,0.1,3.36864,13.4746,5.16314
pfet_06v0,ss,-40,5.50,1.20u,4,rlin_at_50mV,0.05,0.0156948,3.18576,12.743,5.45
pfet_06v0,ss,-40,5.50,1.20u,8,drop_at_50mA,0.0801054,0.05,1.60211,12.8169,5.41989
pfet_06v0,ss,-40,5.50,1.20u,8,drop_at_100mA,0.162788,0.1,1.62788,13.0231,5.33721
pfet_06v0,ss,-40,5.50,1.20u,8,rlin_at_50mV,0.05,0.0313897,1.59288,12.743,5.45
pfet_06v0,ss,-40,5.50,1.20u,16,drop_at_50mA,0.0397439,0.05,0.794878,12.718,5.46026
pfet_06v0,ss,-40,5.50,1.20u,16,drop_at_100mA,0.0801054,0.1,0.801054,12.8169,5.41989
pfet_06v0,ss,-40,5.50,1.20u,16,rlin_at_50mV,0.05,0.0627794,0.79644,12.743,5.45
pfet_06v0,ss,27,2.10,0.55u,1,drop_at_50mA,9.09996,0.05,181.999,181.999,-6.99996
pfet_06v0,ss,27,2.10,0.55u,1,drop_at_100mA,10.5664,0.1,105.664,105.664,-8.46644
pfet_06v0,ss,27,2.10,0.55u,1,rlin_at_50mV,0.05,0.00221945,22.5281,22.5281,2.05
pfet_06v0,ss,27,2.10,0.55u,2,drop_at_50mA,6.0668,0.05,121.336,242.672,-3.9668
pfet_06v0,ss,27,2.10,0.55u,2,drop_at_100mA,9.09996,0.1,90.9996,181.999,-6.99996
pfet_06v0,ss,27,2.10,0.55u,2,rlin_at_50mV,0.05,0.0044389,11.2641,22.5281,2.05
pfet_06v0,ss,27,2.10,0.55u,4,drop_at_50mA,0.344006,0.05,6.88012,27.5205,1.75599
pfet_06v0,ss,27,2.10,0.55u,4,drop_at_100mA,6.0668,0.1,60.668,242.672,-3.9668
pfet_06v0,ss,27,2.10,0.55u,4,rlin_at_50mV,0.05,0.0088778,5.63203,22.5281,2.05
pfet_06v0,ss,27,2.10,0.55u,8,drop_at_50mA,0.150244,0.05,3.00488,24.039,1.94976
pfet_06v0,ss,27,2.10,0.55u,8,drop_at_100mA,0.344006,0.1,3.44006,27.5205,1.75599
pfet_06v0,ss,27,2.10,0.55u,8,rlin_at_50mV,0.05,0.0177556,2.81601,22.5281,2.05
pfet_06v0,ss,27,2.10,0.55u,16,drop_at_50mA,0.0713625,0.05,1.42725,22.836,2.02864
pfet_06v0,ss,27,2.10,0.55u,16,drop_at_100mA,0.150244,0.1,1.50244,24.039,1.94976
pfet_06v0,ss,27,2.10,0.55u,16,rlin_at_50mV,0.05,0.0355112,1.40801,22.5281,2.05
pfet_06v0,ss,27,2.10,0.70u,1,drop_at_50mA,9.82263,0.05,196.453,196.453,-7.72263
pfet_06v0,ss,27,2.10,0.70u,1,drop_at_100mA,11.2758,0.1,112.758,112.758,-9.17575
pfet_06v0,ss,27,2.10,0.70u,1,rlin_at_50mV,0.05,0.00172726,28.9475,28.9475,2.05
pfet_06v0,ss,27,2.10,0.70u,2,drop_at_50mA,8.114,0.05,162.28,324.56,-6.014
pfet_06v0,ss,27,2.10,0.70u,2,drop_at_100mA,9.82263,0.1,98.2263,196.453,-7.72263
pfet_06v0,ss,27,2.10,0.70u,2,rlin_at_50mV,0.05,0.00345453,14.4738,28.9475,2.05
pfet_06v0,ss,27,2.10,0.70u,4,drop_at_50mA,0.501721,0.05,10.0344,40.1377,1.59828
pfet_06v0,ss,27,2.10,0.70u,4,drop_at_100mA,8.114,0.1,81.14,324.56,-6.014
pfet_06v0,ss,27,2.10,0.70u,4,rlin_at_50mV,0.05,0.00690906,7.23688,28.9475,2.05
pfet_06v0,ss,27,2.10,0.70u,8,drop_at_50mA,0.199756,0.05,3.99511,31.9609,1.90024
pfet_06v0,ss,27,2.10,0.70u,8,drop_at_100mA,0.501721,0.1,5.01721,40.1377,1.59828
pfet_06v0,ss,27,2.10,0.70u,8,rlin_at_50mV,0.05,0.0138181,3.61844,28.9475,2.05
pfet_06v0,ss,27,2.10,0.70u,16,drop_at_50mA,0.0929959,0.05,1.85992,29.7587,2.007
pfet_06v0,ss,27,2.10,0.70u,16,drop_at_100mA,0.199756,0.1,1.99756,31.9609,1.90024
pfet_06v0,ss,27,2.10,0.70u,16,rlin_at_50mV,0.05,0.0276362,1.80922,28.9475,2.05
pfet_06v0,ss,27,2.10,1.20u,1,drop_at_50mA,11.2037,0.05,224.074,224.074,-9.10368
pfet_06v0,ss,27,2.10,1.20u,1,drop_at_100mA,12.8037,0.1,128.037,128.037,-10.7037
pfet_06v0,ss,27,2.10,1.20u,1,rlin_at_50mV,0.05,0.000988179,50.5981,50.5981,2.05
pfet_06v0,ss,27,2.10,1.20u,2,drop_at_50mA,9.73664,0.05,194.733,389.466,-7.63664
pfet_06v0,ss,27,2.10,1.20u,2,drop_at_100mA,11.2037,0.1,112.037,224.074,-9.10368
pfet_06v0,ss,27,2.10,1.20u,2,rlin_at_50mV,0.05,0.00197636,25.2991,50.5981,2.05
pfet_06v0,ss,27,2.10,1.20u,4,drop_at_50mA,7.94994,0.05,158.999,635.995,-5.84994
pfet_06v0,ss,27,2.10,1.20u,4,drop_at_100mA,9.73664,0.1,97.3664,389.466,-7.63664
pfet_06v0,ss,27,2.10,1.20u,4,rlin_at_50mV,0.05,0.00395272,12.6495,50.5981,2.05
pfet_06v0,ss,27,2.10,1.20u,8,drop_at_50mA,0.409985,0.05,8.19971,65.5976,1.69001
pfet_06v0,ss,27,2.10,1.20u,8,drop_at_100mA,7.94994,0.1,79.4994,635.995,-5.84994
pfet_06v0,ss,27,2.10,1.20u,8,rlin_at_50mV,0.05,0.00790543,6.32476,50.5981,2.05
pfet_06v0,ss,27,2.10,1.20u,16,drop_at_50mA,0.171472,0.05,3.42944,54.871,1.92853
pfet_06v0,ss,27,2.10,1.20u,16,drop_at_100mA,0.409985,0.1,4.09985,65.5976,1.69001
pfet_06v0,ss,27,2.10,1.20u,16,rlin_at_50mV,0.05,0.0158109,3.16238,50.5981,2.05
pfet_06v0,ss,27,2.97,0.55u,1,drop_at_50mA,1.15256,0.05,23.0513,23.0513,1.81744
pfet_06v0,ss,27,2.97,0.55u,1,drop_at_100mA,9.07111,0.1,90.7111,90.7111,-6.10111
pfet_06v0,ss,27,2.97,0.55u,1,rlin_at_50mV,0.05,0.00356775,14.0144,14.0144,2.92
pfet_06v0,ss,27,2.97,0.55u,2,drop_at_50mA,0.404048,0.05,8.08095,16.1619,2.56595
pfet_06v0,ss,27,2.97,0.55u,2,drop_at_100mA,1.15256,0.1,11.5256,23.0513,1.81744
pfet_06v0,ss,27,2.97,0.55u,2,rlin_at_50mV,0.05,0.0071355,7.00721,14.0144,2.92
pfet_06v0,ss,27,2.97,0.55u,4,drop_at_50mA,0.184665,0.05,3.69329,14.7732,2.78534
pfet_06v0,ss,27,2.97,0.55u,4,drop_at_100mA,0.404048,0.1,4.04048,16.1619,2.56595
pfet_06v0,ss,27,2.97,0.55u,4,rlin_at_50mV,0.05,0.014271,3.50361,14.0144,2.92
pfet_06v0,ss,27,2.97,0.55u,8,drop_at_50mA,0.0889194,0.05,1.77839,14.2271,2.88108
pfet_06v0,ss,27,2.97,0.55u,8,drop_at_100mA,0.184665,0.1,1.84665,14.7732,2.78534
pfet_06v0,ss,27,2.97,0.55u,8,rlin_at_50mV,0.05,0.028542,1.7518,14.0144,2.92
pfet_06v0,ss,27,2.97,0.55u,16,drop_at_50mA,0.0436888,0.05,0.873776,13.9804,2.92631
pfet_06v0,ss,27,2.97,0.55u,16,drop_at_100mA,0.0889194,0.1,0.889194,14.2271,2.88108
pfet_06v0,ss,27,2.97,0.55u,16,rlin_at_50mV,0.05,0.057084,0.875902,14.0144,2.92
pfet_06v0,ss,27,2.97,0.70u,1,drop_at_50mA,7.12621,0.05,142.524,142.524,-4.15621
pfet_06v0,ss,27,2.97,0.70u,1,drop_at_100mA,9.77409,0.1,97.7409,97.7409,-6.80409
pfet_06v0,ss,27,2.97,0.70u,1,rlin_at_50mV,0.05,0.00281441,17.7657,17.7657,2.92
pfet_06v0,ss,27,2.97,0.70u,2,drop_at_50mA,0.542786,0.05,10.8557,21.7114,2.42721
pfet_06v0,ss,27,2.97,0.70u,2,drop_at_100mA,7.12621,0.1,71.2621,142.524,-4.15621
pfet_06v0,ss,27,2.97,0.70u,2,rlin_at_50mV,0.05,0.00562882,8.88285,17.7657,2.92
pfet_06v0,ss,27,2.97,0.70u,4,drop_at_50mA,0.239029,0.05,4.78058,19.1223,2.73097
pfet_06v0,ss,27,2.97,0.70u,4,drop_at_100mA,0.542786,0.1,5.42786,21.7114,2.42721
pfet_06v0,ss,27,2.97,0.70u,4,rlin_at_50mV,0.05,0.0112576,4.44143,17.7657,2.92
pfet_06v0,ss,27,2.97,0.70u,8,drop_at_50mA,0.113779,0.05,2.27558,18.2047,2.85622
pfet_06v0,ss,27,2.97,0.70u,8,drop_at_100mA,0.239029,0.1,2.39029,19.1223,2.73097
pfet_06v0,ss,27,2.97,0.70u,8,rlin_at_50mV,0.05,0.0225153,2.22071,17.7657,2.92
pfet_06v0,ss,27,2.97,0.70u,16,drop_at_50mA,0.0556368,0.05,1.11274,17.8038,2.91436
pfet_06v0,ss,27,2.97,0.70u,16,drop_at_100mA,0.113779,0.1,1.13779,18.2047,2.85622
pfet_06v0,ss,27,2.97,0.70u,16,rlin_at_50mV,0.05,0.0450306,1.11036,17.7657,2.92
pfet_06v0,ss,27,2.97,1.20u,1,drop_at_50mA,9.55767,0.05,191.153,191.153,-6.58767
pfet_06v0,ss,27,2.97,1.20u,1,drop_at_100mA,11.0713,0.1,110.713,110.713,-8.10129
pfet_06v0,ss,27,2.97,1.20u,1,rlin_at_50mV,0.05,0.00164413,30.4112,30.4112,2.92
pfet_06v0,ss,27,2.97,1.20u,2,drop_at_50mA,2.17366,0.05,43.4732,86.9463,0.796342
pfet_06v0,ss,27,2.97,1.20u,2,drop_at_100mA,9.55767,0.1,95.5767,191.153,-6.58767
pfet_06v0,ss,27,2.97,1.20u,2,rlin_at_50mV,0.05,0.00328826,15.2056,30.4112,2.92
pfet_06v0,ss,27,2.97,1.20u,4,drop_at_50mA,0.444368,0.05,8.88736,35.5494,2.52563
pfet_06v0,ss,27,2.97,1.20u,4,drop_at_100mA,2.17366,0.1,21.7366,86.9463,0.796342
pfet_06v0,ss,27,2.97,1.20u,4,rlin_at_50mV,0.05,0.00657651,7.60281,30.4112,2.92
pfet_06v0,ss,27,2.97,1.20u,8,drop_at_50mA,0.201328,0.05,4.02657,32.2126,2.76867
pfet_06v0,ss,27,2.97,1.20u,8,drop_at_100mA,0.444368,0.1,4.44368,35.5494,2.52563
pfet_06v0,ss,27,2.97,1.20u,8,rlin_at_50mV,0.05,0.013153,3.80141,30.4112,2.92
pfet_06v0,ss,27,2.97,1.20u,16,drop_at_50mA,0.0967104,0.05,1.93421,30.9473,2.87329
pfet_06v0,ss,27,2.97,1.20u,16,drop_at_100mA,0.201328,0.1,2.01328,32.2126,2.76867
pfet_06v0,ss,27,2.97,1.20u,16,rlin_at_50mV,0.05,0.0263061,1.9007,30.4112,2.92
pfet_06v0,ss,27,3.30,0.55u,1,drop_at_50mA,0.832516,0.05,16.6503,16.6503,2.46748
pfet_06v0,ss,27,3.30,0.55u,1,drop_at_100mA,8.48063,0.1,84.8063,84.8063,-5.18063
pfet_06v0,ss,27,3.30,0.55u,1,rlin_at_50mV,0.05,0.00400812,12.4747,12.4747,3.25
pfet_06v0,ss,27,3.30,0.55u,2,drop_at_50mA,0.34577,0.05,6.9154,13.8308,2.95423
pfet_06v0,ss,27,3.30,0.55u,2,drop_at_100mA,0.832516,0.1,8.32516,16.6503,2.46748
pfet_06v0,ss,27,3.30,0.55u,2,rlin_at_50mV,0.05,0.00801624,6.23734,12.4747,3.25
pfet_06v0,ss,27,3.30,0.55u,4,drop_at_50mA,0.16203,0.05,3.2406,12.9624,3.13797
pfet_06v0,ss,27,3.30,0.55u,4,drop_at_100mA,0.34577,0.1,3.4577,13.8308,2.95423
pfet_06v0,ss,27,3.30,0.55u,4,rlin_at_50mV,0.05,0.0160325,3.11867,12.4747,3.25
pfet_06v0,ss,27,3.30,0.55u,8,drop_at_50mA,0.078731,0.05,1.57462,12.597,3.22127
pfet_06v0,ss,27,3.30,0.55u,8,drop_at_100mA,0.16203,0.1,1.6203,12.9624,3.13797
pfet_06v0,ss,27,3.30,0.55u,8,rlin_at_50mV,0.05,0.032065,1.55933,12.4747,3.25
pfet_06v0,ss,27,3.30,0.55u,16,drop_at_50mA,0.0388364,0.05,0.776729,12.4277,3.26116
pfet_06v0,ss,27,3.30,0.55u,16,drop_at_100mA,0.078731,0.1,0.78731,12.597,3.22127
pfet_06v0,ss,27,3.30,0.55u,16,rlin_at_50mV,0.05,0.0641299,0.779667,12.4747,3.25
pfet_06v0,ss,27,3.30,0.70u,1,drop_at_50mA,1.26329,0.05,25.2658,25.2658,2.03671
pfet_06v0,ss,27,3.30,0.70u,1,drop_at_100mA,9.36177,0.1,93.6177,93.6177,-6.06177
pfet_06v0,ss,27,3.30,0.70u,1,rlin_at_50mV,0.05,0.00317284,15.7588,15.7588,3.25
pfet_06v0,ss,27,3.30,0.70u,2,drop_at_50mA,0.453229,0.05,9.06458,18.1292,2.84677
pfet_06v0,ss,27,3.30,0.70u,2,drop_at_100mA,1.26329,0.1,12.6329,25.2658,2.03671
pfet_06v0,ss,27,3.30,0.70u,2,rlin_at_50mV,0.05,0.00634568,7.87938,15.7588,3.25
pfet_06v0,ss,27,3.30,0.70u,4,drop_at_50mA,0.207759,0.05,4.15518,16.6207,3.09224
pfet_06v0,ss,27,3.30,0.70u,4,drop_at_100mA,0.453229,0.1,4.53229,18.1292,2.84677
pfet_06v0,ss,27,3.30,0.70u,4,rlin_at_50mV,0.05,0.0126914,3.93969,15.7588,3.25
pfet_06v0,ss,27,3.30,0.70u,8,drop_at_50mA,0.100154,0.05,2.00307,16.0246,3.19985
pfet_06v0,ss,27,3.30,0.70u,8,drop_at_100mA,0.207759,0.1,2.07759,16.6207,3.09224
pfet_06v0,ss,27,3.30,0.70u,8,rlin_at_50mV,0.05,0.0253827,1.96984,15.7588,3.25
pfet_06v0,ss,27,3.30,0.70u,16,drop_at_50mA,0.0492336,0.05,0.984672,15.7548,3.25077
pfet_06v0,ss,27,3.30,0.70u,16,drop_at_100mA,0.100154,0.1,1.00154,16.0246,3.19985
pfet_06v0,ss,27,3.30,0.70u,16,rlin_at_50mV,0.05,0.0507654,0.984922,15.7588,3.25
pfet_06v0,ss,27,3.30,1.20u,1,drop_at_50mA,9.05129,0.05,181.026,181.026,-5.75129
pfet_06v0,ss,27,3.30,1.20u,1,drop_at_100mA,10.7292,0.1,107.292,107.292,-7.42917
pfet_06v0,ss,27,3.30,1.20u,1,rlin_at_50mV,0.05,0.0018637,26.8284,26.8284,3.25
pfet_06v0,ss,27,3.30,1.20u,2,drop_at_50mA,0.921774,0.05,18.4355,36.871,2.37823
pfet_06v0,ss,27,3.30,1.20u,2,drop_at_100mA,9.05129,0.1,90.5129,181.026,-5.75129
pfet_06v0,ss,27,3.30,1.20u,2,rlin_at_50mV,0.05,0.00372739,13.4142,26.8284,3.25
pfet_06v0,ss,27,3.30,1.20u,4,drop_at_50mA,0.373868,0.05,7.47736,29.9094,2.92613
pfet_06v0,ss,27,3.30,1.20u,4,drop_at_100mA,0.921774,0.1,9.21774,36.871,2.37823
pfet_06v0,ss,27,3.30,1.20u,4,rlin_at_50mV,0.05,0.00745479,6.7071,26.8284,3.25
pfet_06v0,ss,27,3.30,1.20u,8,drop_at_50mA,0.174647,0.05,3.49294,27.9435,3.12535
pfet_06v0,ss,27,3.30,1.20u,8,drop_at_100mA,0.373868,0.1,3.73868,29.9094,2.92613
pfet_06v0,ss,27,3.30,1.20u,8,rlin_at_50mV,0.05,0.0149096,3.35355,26.8284,3.25
pfet_06v0,ss,27,3.30,1.20u,16,drop_at_50mA,0.0847858,0.05,1.69572,27.1315,3.21521
pfet_06v0,ss,27,3.30,1.20u,16,drop_at_100mA,0.174647,0.1,1.74647,27.9435,3.12535
pfet_06v0,ss,27,3.30,1.20u,16,rlin_at_50mV,0.05,0.0298191,1.67677,26.8284,3.25
pfet_06v0,ss,27,3.63,0.55u,1,drop_at_50mA,0.69675,0.05,13.935,13.935,2.93325
pfet_06v0,ss,27,3.63,0.55u,1,drop_at_100mA,7.19394,0.1,71.9394,71.9394,-3.56394
pfet_06v0,ss,27,3.63,0.55u,1,rlin_at_50mV,0.05,0.00441638,11.3215,11.3215,3.58
pfet_06v0,ss,27,3.63,0.55u,2,drop_at_50mA,0.306433,0.05,6.12867,12.2573,3.32357
pfet_06v0,ss,27,3.63,0.55u,2,drop_at_100mA,0.69675,0.1,6.9675,13.935,2.93325
pfet_06v0,ss,27,3.63,0.55u,2,rlin_at_50mV,0.05,0.00883276,5.66075,11.3215,3.58
pfet_06v0,ss,27,3.63,0.55u,4,drop_at_50mA,0.145718,0.05,2.91435,11.6574,3.48428
pfet_06v0,ss,27,3.63,0.55u,4,drop_at_100mA,0.306433,0.1,3.06433,12.2573,3.32357
pfet_06v0,ss,27,3.63,0.55u,4,rlin_at_50mV,0.05,0.0176655,2.83037,11.3215,3.58
pfet_06v0,ss,27,3.63,0.55u,8,drop_at_50mA,0.0712166,0.05,1.42433,11.3946,3.55878
pfet_06v0,ss,27,3.63,0.55u,8,drop_at_100mA,0.145718,0.1,1.45718,11.6574,3.48428
pfet_06v0,ss,27,3.63,0.55u,8,rlin_at_50mV,0.05,0.035331,1.41519,11.3215,3.58
pfet_06v0,ss,27,3.63,0.55u,16,drop_at_50mA,0.0352218,0.05,0.704435,11.271,3.59478
pfet_06v0,ss,27,3.63,0.55u,16,drop_at_100mA,0.0712166,0.1,0.712166,11.3946,3.55878
pfet_06v0,ss,27,3.63,0.55u,16,rlin_at_50mV,0.05,0.0706621,0.707593,11.3215,3.58
pfet_06v0,ss,27,3.63,0.70u,1,drop_at_50mA,0.957468,0.05,19.1494,19.1494,2.67253
pfet_06v0,ss,27,3.63,0.70u,1,drop_at_100mA,8.89835,0.1,88.9835,88.9835,-5.26835
pfet_06v0,ss,27,3.63,0.70u,1,rlin_at_50mV,0.05,0.00350647,14.2593,14.2593,3.58
pfet_06v0,ss,27,3.63,0.70u,2,drop_at_50mA,0.396268,0.05,7.92536,15.8507,3.23373
pfet_06v0,ss,27,3.63,0.70u,2,drop_at_100mA,0.957468,0.1,9.57468,19.1494,2.67253
pfet_06v0,ss,27,3.63,0.70u,2,rlin_at_50mV,0.05,0.00701295,7.12967,14.2593,3.58
pfet_06v0,ss,27,3.63,0.70u,4,drop_at_50mA,0.185625,0.05,3.7125,14.85,3.44437
pfet_06v0,ss,27,3.63,0.70u,4,drop_at_100mA,0.396268,0.1,3.96268,15.8507,3.23373
pfet_06v0,ss,27,3.63,0.70u,4,rlin_at_50mV,0.05,0.0140259,3.56483,14.2593,3.58
pfet_06v0,ss,27,3.63,0.70u,8,drop_at_50mA,0.0901895,0.05,1.80379,14.4303,3.53981
pfet_06v0,ss,27,3.63,0.70u,8,drop_at_100mA,0.185625,0.1,1.85625,14.85,3.44437
pfet_06v0,ss,27,3.63,0.70u,8,rlin_at_50mV,0.05,0.0280518,1.78242,14.2593,3.58
pfet_06v0,ss,27,3.63,0.70u,16,drop_at_50mA,0.044488,0.05,0.889759,14.2361,3.58551
pfet_06v0,ss,27,3.63,0.70u,16,drop_at_100mA,0.0901895,0.1,0.901895,14.4303,3.53981
pfet_06v0,ss,27,3.63,0.70u,16,rlin_at_50mV,0.05,0.0561036,0.891209,14.2593,3.58
pfet_06v0,ss,27,3.63,1.20u,1,drop_at_50mA,8.33484,0.05,166.697,166.697,-4.70484
pfet_06v0,ss,27,3.63,1.20u,1,drop_at_100mA,10.4537,0.1,104.537,104.537,-6.82373
pfet_06v0,ss,27,3.63,1.20u,1,rlin_at_50mV,0.05,0.00206944,24.1612,24.1612,3.58
pfet_06v0,ss,27,3.63,1.20u,2,drop_at_50mA,0.749631,0.05,14.9926,29.9852,2.88037
pfet_06v0,ss,27,3.63,1.20u,2,drop_at_100mA,8.33484,0.1,83.3484,166.697,-4.70484
pfet_06v0,ss,27,3.63,1.20u,2,rlin_at_50mV,0.05,0.00413887,12.0806,24.1612,3.58
pfet_06v0,ss,27,3.63,1.20u,4,drop_at_50mA,0.327602,0.05,6.55205,26.2082,3.3024
pfet_06v0,ss,27,3.63,1.20u,4,drop_at_100mA,0.749631,0.1,7.49631,29.9852,2.88037
pfet_06v0,ss,27,3.63,1.20u,4,rlin_at_50mV,0.05,0.00827775,6.04029,24.1612,3.58
pfet_06v0,ss,27,3.63,1.20u,8,drop_at_50mA,0.15566,0.05,3.11321,24.9057,3.47434
pfet_06v0,ss,27,3.63,1.20u,8,drop_at_100mA,0.327602,0.1,3.27602,26.2082,3.3024
pfet_06v0,ss,27,3.63,1.20u,8,rlin_at_50mV,0.05,0.0165555,3.02015,24.1612,3.58
pfet_06v0,ss,27,3.63,1.20u,16,drop_at_50mA,0.076066,0.05,1.52132,24.3411,3.55393
pfet_06v0,ss,27,3.63,1.20u,16,drop_at_100mA,0.15566,0.1,1.5566,24.9057,3.47434
pfet_06v0,ss,27,3.63,1.20u,16,rlin_at_50mV,0.05,0.033111,1.51007,24.1612,3.58
pfet_06v0,ss,27,4.50,0.55u,1,drop_at_50mA,0.523911,0.05,10.4782,10.4782,3.97609
pfet_06v0,ss,27,4.50,0.55u,1,drop_at_100mA,1.28488,0.1,12.8488,12.8488,3.21512
pfet_06v0,ss,27,4.50,0.55u,1,rlin_at_50mV,0.05,0.00536359,9.32212,9.32212,4.45
pfet_06v0,ss,27,4.50,0.55u,2,drop_at_50mA,0.2443,0.05,4.886,9.772,4.2557
pfet_06v0,ss,27,4.50,0.55u,2,drop_at_100mA,0.523911,0.1,5.23911,10.4782,3.97609
pfet_06v0,ss,27,4.50,0.55u,2,rlin_at_50mV,0.05,0.0107272,4.66106,9.32212,4.45
pfet_06v0,ss,27,4.50,0.55u,4,drop_at_50mA,0.118464,0.05,2.36927,9.47709,4.38154
pfet_06v0,ss,27,4.50,0.55u,4,drop_at_100mA,0.2443,0.1,2.443,9.772,4.2557
pfet_06v0,ss,27,4.50,0.55u,4,rlin_at_50mV,0.05,0.0214544,2.33053,9.32212,4.45
pfet_06v0,ss,27,4.50,0.55u,8,drop_at_50mA,0.0583805,0.05,1.16761,9.34089,4.44162
pfet_06v0,ss,27,4.50,0.55u,8,drop_at_100mA,0.118464,0.1,1.18464,9.47709,4.38154
pfet_06v0,ss,27,4.50,0.55u,8,rlin_at_50mV,0.05,0.0429087,1.16526,9.32212,4.45
pfet_06v0,ss,27,4.50,0.55u,16,drop_at_50mA,0.0289853,0.05,0.579706,9.27529,4.47101
pfet_06v0,ss,27,4.50,0.55u,16,drop_at_100mA,0.0583805,0.1,0.583805,9.34089,4.44162
pfet_06v0,ss,27,4.50,0.55u,16,rlin_at_50mV,0.05,0.0858174,0.582632,9.32212,4.45
pfet_06v0,ss,27,4.50,0.70u,1,drop_at_50mA,0.679333,0.05,13.5867,13.5867,3.82067
pfet_06v0,ss,27,4.50,0.70u,1,drop_at_100mA,1.94364,0.1,19.4364,19.4364,2.55636
pfet_06v0,ss,27,4.50,0.70u,1,rlin_at_50mV,0.05,0.00428504,11.6685,11.6685,4.45
pfet_06v0,ss,27,4.50,0.70u,2,drop_at_50mA,0.310149,0.05,6.20298,12.406,4.18985
pfet_06v0,ss,27,4.50,0.70u,2,drop_at_100mA,0.679333,0.1,6.79333,13.5867,3.82067
pfet_06v0,ss,27,4.50,0.70u,2,rlin_at_50mV,0.05,0.00857008,5.83425,11.6685,4.45
pfet_06v0,ss,27,4.50,0.70u,4,drop_at_50mA,0.14927,0.05,2.9854,11.9416,4.35073
pfet_06v0,ss,27,4.50,0.70u,4,drop_at_100mA,0.310149,0.1,3.10149,12.406,4.18985
pfet_06v0,ss,27,4.50,0.70u,4,rlin_at_50mV,0.05,0.0171402,2.91712,11.6685,4.45
pfet_06v0,ss,27,4.50,0.70u,8,drop_at_50mA,0.0733236,0.05,1.46647,11.7318,4.42668
pfet_06v0,ss,27,4.50,0.70u,8,drop_at_100mA,0.14927,0.1,1.4927,11.9416,4.35073
pfet_06v0,ss,27,4.50,0.70u,8,rlin_at_50mV,0.05,0.0342803,1.45856,11.6685,4.45
pfet_06v0,ss,27,4.50,0.70u,16,drop_at_50mA,0.0363491,0.05,0.726982,11.6317,4.46365
pfet_06v0,ss,27,4.50,0.70u,16,drop_at_100mA,0.0733236,0.1,0.733236,11.7318,4.42668
pfet_06v0,ss,27,4.50,0.70u,16,rlin_at_50mV,0.05,0.0685607,0.729281,11.6685,4.45
pfet_06v0,ss,27,4.50,1.20u,1,drop_at_50mA,1.34388,0.05,26.8776,26.8776,3.15612
pfet_06v0,ss,27,4.50,1.20u,1,drop_at_100mA,9.80835,0.1,98.0835,98.0835,-5.30835
pfet_06v0,ss,27,4.50,1.20u,1,rlin_at_50mV,0.05,0.00255421,19.5756,19.5756,4.45
pfet_06v0,ss,27,4.50,1.20u,2,drop_at_50mA,0.548061,0.05,10.9612,21.9224,3.95194
pfet_06v0,ss,27,4.50,1.20u,2,drop_at_100mA,1.34388,0.1,13.4388,26.8776,3.15612
pfet_06v0,ss,27,4.50,1.20u,2,rlin_at_50mV,0.05,0.00510841,9.78778,19.5756,4.45
pfet_06v0,ss,27,4.50,1.20u,4,drop_at_50mA,0.256143,0.05,5.12286,20.4914,4.24386
pfet_06v0,ss,27,4.50,1.20u,4,drop_at_100mA,0.548061,0.1,5.48061,21.9224,3.95194
pfet_06v0,ss,27,4.50,1.20u,4,rlin_at_50mV,0.05,0.0102168,4.89389,19.5756,4.45
pfet_06v0,ss,27,4.50,1.20u,8,drop_at_50mA,0.12436,0.05,2.4872,19.8976,4.37564
pfet_06v0,ss,27,4.50,1.20u,8,drop_at_100mA,0.256143,0.1,2.56143,20.4914,4.24386
pfet_06v0,ss,27,4.50,1.20u,8,rlin_at_50mV,0.05,0.0204337,2.44694,19.5756,4.45
pfet_06v0,ss,27,4.50,1.20u,16,drop_at_50mA,0.0613251,0.05,1.2265,19.624,4.43867
pfet_06v0,ss,27,4.50,1.20u,16,drop_at_100mA,0.12436,0.1,1.2436,19.8976,4.37564
pfet_06v0,ss,27,4.50,1.20u,16,rlin_at_50mV,0.05,0.0408673,1.22347,19.5756,4.45
pfet_06v0,ss,27,5.00,0.55u,1,drop_at_50mA,0.469622,0.05,9.39243,9.39243,4.53038
pfet_06v0,ss,27,5.00,0.55u,1,drop_at_100mA,1.08299,0.1,10.8299,10.8299,3.91701
pfet_06v0,ss,27,5.00,0.55u,1,rlin_at_50mV,0.05,0.00583756,8.56522,8.56522,4.95
pfet_06v0,ss,27,5.00,0.55u,2,drop_at_50mA,0.22229,0.05,4.44579,8.89159,4.77771
pfet_06v0,ss,27,5.00,0.55u,2,drop_at_100mA,0.469622,0.1,4.69622,9.39243,4.53038
pfet_06v0,ss,27,5.00,0.55u,2,rlin_at_50mV,0.05,0.0116751,4.28261,8.56522,4.95
pfet_06v0,ss,27,5.00,0.55u,4,drop_at_50mA,0.108424,0.05,2.16848,8.67393,4.89158
pfet_06v0,ss,27,5.00,0.55u,4,drop_at_100mA,0.22229,0.1,2.2229,8.89159,4.77771
pfet_06v0,ss,27,5.00,0.55u,4,rlin_at_50mV,0.05,0.0233503,2.1413,8.56522,4.95
pfet_06v0,ss,27,5.00,0.55u,8,drop_at_50mA,0.0535738,0.05,1.07148,8.57181,4.94643
pfet_06v0,ss,27,5.00,0.55u,8,drop_at_100mA,0.108424,0.1,1.08424,8.67393,4.89158
pfet_06v0,ss,27,5.00,0.55u,8,rlin_at_50mV,0.05,0.0467005,1.07065,8.56522,4.95
pfet_06v0,ss,27,5.00,0.55u,16,drop_at_50mA,0.0266321,0.05,0.532642,8.52228,4.97337
pfet_06v0,ss,27,5.00,0.55u,16,drop_at_100mA,0.0535738,0.1,0.535738,8.57181,4.94643
pfet_06v0,ss,27,5.00,0.55u,16,rlin_at_50mV,0.05,0.093401,0.535326,8.56522,4.95
pfet_06v0,ss,27,5.00,0.70u,1,drop_at_50mA,0.601333,0.05,12.0267,12.0267,4.39867
pfet_06v0,ss,27,5.00,0.70u,1,drop_at_100mA,1.47599,0.1,14.7599,14.7599,3.52401
pfet_06v0,ss,27,5.00,0.70u,1,rlin_at_50mV,0.05,0.00467668,10.6913,10.6913,4.95
pfet_06v0,ss,27,5.00,0.70u,2,drop_at_50mA,0.280507,0.05,5.61015,11.2203,4.71949
pfet_06v0,ss,27,5.00,0.70u,2,drop_at_100mA,0.601333,0.1,6.01333,12.0267,4.39867
pfet_06v0,ss,27,5.00,0.70u,2,rlin_at_50mV,0.05,0.00935336,5.34567,10.6913,4.95
pfet_06v0,ss,27,5.00,0.70u,4,drop_at_50mA,0.136053,0.05,2.72106,10.8842,4.86395
pfet_06v0,ss,27,5.00,0.70u,4,drop_at_100mA,0.280507,0.1,2.80507,11.2203,4.71949
pfet_06v0,ss,27,5.00,0.70u,4,rlin_at_50mV,0.05,0.0187067,2.67284,10.6913,4.95
pfet_06v0,ss,27,5.00,0.70u,8,drop_at_50mA,0.0670573,0.05,1.34115,10.7292,4.93294
pfet_06v0,ss,27,5.00,0.70u,8,drop_at_100mA,0.136053,0.1,1.36053,10.8842,4.86395
pfet_06v0,ss,27,5.00,0.70u,8,rlin_at_50mV,0.05,0.0374134,1.33642,10.6913,4.95
pfet_06v0,ss,27,5.00,0.70u,16,drop_at_50mA,0.0332953,0.05,0.665906,10.6545,4.9667
pfet_06v0,ss,27,5.00,0.70u,16,drop_at_100mA,0.0670573,0.1,0.670573,10.7292,4.93294
pfet_06v0,ss,27,5.00,0.70u,16,rlin_at_50mV,0.05,0.0748269,0.668209,10.6913,4.95
pfet_06v0,ss,27,5.00,1.20u,1,drop_at_50mA,1.11524,0.05,22.3048,22.3048,3.88476
pfet_06v0,ss,27,5.00,1.20u,1,drop_at_100mA,9.24817,0.1,92.4817,92.4817,-4.24817
pfet_06v0,ss,27,5.00,1.20u,1,rlin_at_50mV,0.05,0.00280024,17.8556,17.8556,4.95
pfet_06v0,ss,27,5.00,1.20u,2,drop_at_50mA,0.486953,0.05,9.73906,19.4781,4.51305
pfet_06v0,ss,27,5.00,1.20u,2,drop_at_100mA,1.11524,0.1,11.1524,22.3048,3.88476
pfet_06v0,ss,27,5.00,1.20u,2,rlin_at_50mV,0.05,0.00560048,8.92781,17.8556,4.95
pfet_06v0,ss,27,5.00,1.20u,4,drop_at_50mA,0.231244,0.05,4.62488,18.4995,4.76876
pfet_06v0,ss,27,5.00,1.20u,4,drop_at_100mA,0.486953,0.1,4.86953,19.4781,4.51305
pfet_06v0,ss,27,5.00,1.20u,4,rlin_at_50mV,0.05,0.011201,4.4639,17.8556,4.95
pfet_06v0,ss,27,5.00,1.20u,8,drop_at_50mA,0.112968,0.05,2.25937,18.0749,4.88703
pfet_06v0,ss,27,5.00,1.20u,8,drop_at_100mA,0.231244,0.1,2.31244,18.4995,4.76876
pfet_06v0,ss,27,5.00,1.20u,8,rlin_at_50mV,0.05,0.0224019,2.23195,17.8556,4.95
pfet_06v0,ss,27,5.00,1.20u,16,drop_at_50mA,0.055862,0.05,1.11724,17.8758,4.94414
pfet_06v0,ss,27,5.00,1.20u,16,drop_at_100mA,0.112968,0.1,1.12968,18.0749,4.88703
pfet_06v0,ss,27,5.00,1.20u,16,rlin_at_50mV,0.05,0.0448038,1.11598,17.8556,4.95
pfet_06v0,ss,27,5.50,0.55u,1,drop_at_50mA,0.430077,0.05,8.60153,8.60153,5.06992
pfet_06v0,ss,27,5.50,0.55u,1,drop_at_100mA,0.959803,0.1,9.59803,9.59803,4.5402
pfet_06v0,ss,27,5.50,0.55u,1,rlin_at_50mV,0.05,0.00626917,7.97554,7.97554,5.45
pfet_06v0,ss,27,5.50,0.55u,2,drop_at_50mA,0.205595,0.05,4.1119,8.22379,5.29441
pfet_06v0,ss,27,5.50,0.55u,2,drop_at_100mA,0.430077,0.1,4.30077,8.60153,5.06992
pfet_06v0,ss,27,5.50,0.55u,2,rlin_at_50mV,0.05,0.0125383,3.98777,7.97554,5.45
pfet_06v0,ss,27,5.50,0.55u,4,drop_at_50mA,0.100691,0.05,2.01381,8.05525,5.39931
pfet_06v0,ss,27,5.50,0.55u,4,drop_at_100mA,0.205595,0.1,2.05595,8.22379,5.29441
pfet_06v0,ss,27,5.50,0.55u,4,rlin_at_50mV,0.05,0.0250767,1.99389,7.97554,5.45
pfet_06v0,ss,27,5.50,0.55u,8,drop_at_50mA,0.0498456,0.05,0.996913,7.9753,5.45015
pfet_06v0,ss,27,5.50,0.55u,8,drop_at_100mA,0.100691,0.1,1.00691,8.05525,5.39931
pfet_06v0,ss,27,5.50,0.55u,8,rlin_at_50mV,0.05,0.0501533,0.996943,7.97554,5.45
pfet_06v0,ss,27,5.50,0.55u,16,drop_at_50mA,0.024801,0.05,0.496021,7.93633,5.4752
pfet_06v0,ss,27,5.50,0.55u,16,drop_at_100mA,0.0498456,0.1,0.498456,7.9753,5.45015
pfet_06v0,ss,27,5.50,0.55u,16,rlin_at_50mV,0.05,0.100307,0.498471,7.97554,5.45
pfet_06v0,ss,27,5.50,0.70u,1,drop_at_50mA,0.546199,0.05,10.924,10.924,4.9538
pfet_06v0,ss,27,5.50,0.70u,1,drop_at_100mA,1.26581,0.1,12.6581,12.6581,4.23419
pfet_06v0,ss,27,5.50,0.70u,1,rlin_at_50mV,0.05,0.00503429,9.93189,9.93189,5.45
pfet_06v0,ss,27,5.50,0.70u,2,drop_at_50mA,0.258275,0.05,5.16551,10.331,5.24172
pfet_06v0,ss,27,5.50,0.70u,2,drop_at_100mA,0.546199,0.1,5.46199,10.924,4.9538
pfet_06v0,ss,27,5.50,0.70u,2,rlin_at_50mV,0.05,0.0100686,4.96594,9.93189,5.45
pfet_06v0,ss,27,5.50,0.70u,4,drop_at_50mA,0.125933,0.05,2.51867,10.0747,5.37407
pfet_06v0,ss,27,5.50,0.70u,4,drop_at_100mA,0.258275,0.1,2.58275,10.331,5.24172
pfet_06v0,ss,27,5.50,0.70u,4,rlin_at_50mV,0.05,0.0201372,2.48297,9.93189,5.45
pfet_06v0,ss,27,5.50,0.70u,8,drop_at_50mA,0.0622166,0.05,1.24433,9.95466,5.43778
pfet_06v0,ss,27,5.50,0.70u,8,drop_at_100mA,0.125933,0.1,1.25933,10.0747,5.37407
pfet_06v0,ss,27,5.50,0.70u,8,rlin_at_50mV,0.05,0.0402743,1.24149,9.93189,5.45
pfet_06v0,ss,27,5.50,0.70u,16,drop_at_50mA,0.0309266,0.05,0.618531,9.8965,5.46907
pfet_06v0,ss,27,5.50,0.70u,16,drop_at_100mA,0.0622166,0.1,0.622166,9.95466,5.43778
pfet_06v0,ss,27,5.50,0.70u,16,rlin_at_50mV,0.05,0.0805486,0.620743,9.93189,5.45
pfet_06v0,ss,27,5.50,1.20u,1,drop_at_50mA,0.980243,0.05,19.6049,19.6049,4.51976
pfet_06v0,ss,27,5.50,1.20u,1,drop_at_100mA,4.42382,0.1,44.2382,44.2382,1.07618
pfet_06v0,ss,27,5.50,1.20u,1,rlin_at_50mV,0.05,0.00302597,16.5236,16.5236,5.45
pfet_06v0,ss,27,5.50,1.20u,2,drop_at_50mA,0.442933,0.05,8.85867,17.7173,5.05707
pfet_06v0,ss,27,5.50,1.20u,2,drop_at_100mA,0.980243,0.1,9.80243,19.6049,4.51976
pfet_06v0,ss,27,5.50,1.20u,2,rlin_at_50mV,0.05,0.00605194,8.26181,16.5236,5.45
pfet_06v0,ss,27,5.50,1.20u,4,drop_at_50mA,0.212505,0.05,4.2501,17.0004,5.28749
pfet_06v0,ss,27,5.50,1.20u,4,drop_at_100mA,0.442933,0.1,4.42933,17.7173,5.05707
pfet_06v0,ss,27,5.50,1.20u,4,rlin_at_50mV,0.05,0.0121039,4.13091,16.5236,5.45
pfet_06v0,ss,27,5.50,1.20u,8,drop_at_50mA,0.104252,0.05,2.08503,16.6803,5.39575
pfet_06v0,ss,27,5.50,1.20u,8,drop_at_100mA,0.212505,0.1,2.12505,17.0004,5.28749
pfet_06v0,ss,27,5.50,1.20u,8,rlin_at_50mV,0.05,0.0242078,2.06545,16.5236,5.45
pfet_06v0,ss,27,5.50,1.20u,16,drop_at_50mA,0.0516511,0.05,1.03302,16.5284,5.44835
pfet_06v0,ss,27,5.50,1.20u,16,drop_at_100mA,0.104252,0.1,1.04252,16.6803,5.39575
pfet_06v0,ss,27,5.50,1.20u,16,rlin_at_50mV,0.05,0.0484155,1.03273,16.5236,5.45
pfet_06v0,ss,125,2.10,0.55u,1,drop_at_50mA,9.49486,0.05,189.897,189.897,-7.39486
pfet_06v0,ss,125,2.10,0.55u,1,drop_at_100mA,10.9412,0.1,109.412,109.412,-8.84123
pfet_06v0,ss,125,2.10,0.55u,1,rlin_at_50mV,0.05,0.00172989,28.9035,28.9035,2.05
pfet_06v0,ss,125,2.10,0.55u,2,drop_at_50mA,7.32857,0.05,146.571,293.143,-5.22857
pfet_06v0,ss,125,2.10,0.55u,2,drop_at_100mA,9.49486,0.1,94.9486,189.897,-7.39486
pfet_06v0,ss,125,2.10,0.55u,2,rlin_at_50mV,0.05,0.00345978,14.4518,28.9035,2.05
pfet_06v0,ss,125,2.10,0.55u,4,drop_at_50mA,0.457306,0.05,9.14612,36.5845,1.64269
pfet_06v0,ss,125,2.10,0.55u,4,drop_at_100mA,7.32857,0.1,73.2857,293.143,-5.22857
pfet_06v0,ss,125,2.10,0.55u,4,rlin_at_50mV,0.05,0.00691957,7.22588,28.9035,2.05
pfet_06v0,ss,125,2.10,0.55u,8,drop_at_50mA,0.195485,0.05,3.9097,31.2776,1.90452
pfet_06v0,ss,125,2.10,0.55u,8,drop_at_100mA,0.457306,0.1,4.57306,36.5845,1.64269
pfet_06v0,ss,125,2.10,0.55u,8,rlin_at_50mV,0.05,0.0138391,3.61294,28.9035,2.05
pfet_06v0,ss,125,2.10,0.55u,16,drop_at_50mA,0.0923755,0.05,1.84751,29.5602,2.00762
pfet_06v0,ss,125,2.10,0.55u,16,drop_at_100mA,0.195485,0.1,1.95485,31.2776,1.90452
pfet_06v0,ss,125,2.10,0.55u,16,rlin_at_50mV,0.05,0.0276783,1.80647,28.9035,2.05
pfet_06v0,ss,125,2.10,0.70u,1,drop_at_50mA,10.1973,0.05,203.946,203.946,-8.09729
pfet_06v0,ss,125,2.10,0.70u,1,drop_at_100mA,11.6582,0.1,116.582,116.582,-9.55824
pfet_06v0,ss,125,2.10,0.70u,1,rlin_at_50mV,0.05,0.00134896,37.0656,37.0656,2.05
pfet_06v0,ss,125,2.10,0.70u,2,drop_at_50mA,8.59741,0.05,171.948,343.896,-6.49741
pfet_06v0,ss,125,2.10,0.70u,2,drop_at_100mA,10.1973,0.1,101.973,203.946,-8.09729
pfet_06v0,ss,125,2.10,0.70u,2,rlin_at_50mV,0.05,0.00269792,18.5328,37.0656,2.05
pfet_06v0,ss,125,2.10,0.70u,4,drop_at_50mA,0.703215,0.05,14.0643,56.2572,1.39678
pfet_06v0,ss,125,2.10,0.70u,4,drop_at_100mA,8.59741,0.1,85.9741,343.896,-6.49741
pfet_06v0,ss,125,2.10,0.70u,4,rlin_at_50mV,0.05,0.00539584,9.2664,37.0656,2.05
pfet_06v0,ss,125,2.10,0.70u,8,drop_at_50mA,0.260876,0.05,5.21752,41.7402,1.83912
pfet_06v0,ss,125,2.10,0.70u,8,drop_at_100mA,0.703215,0.1,7.03215,56.2572,1.39678
pfet_06v0,ss,125,2.10,0.70u,8,rlin_at_50mV,0.05,0.0107917,4.6332,37.0656,2.05
pfet_06v0,ss,125,2.10,0.70u,16,drop_at_50mA,0.120349,0.05,2.40698,38.5117,1.97965
pfet_06v0,ss,125,2.10,0.70u,16,drop_at_100mA,0.260876,0.1,2.60876,41.7402,1.83912
pfet_06v0,ss,125,2.10,0.70u,16,rlin_at_50mV,0.05,0.0215834,2.3166,37.0656,2.05
pfet_06v0,ss,125,2.10,1.20u,1,drop_at_50mA,11.5849,0.05,231.698,231.698,-9.48488
pfet_06v0,ss,125,2.10,1.20u,1,drop_at_100mA,13.2272,0.1,132.272,132.272,-11.1272
pfet_06v0,ss,125,2.10,1.20u,1,rlin_at_50mV,0.05,0.0007741,64.5911,64.5911,2.05
pfet_06v0,ss,125,2.10,1.20u,2,drop_at_50mA,10.1119,0.05,202.238,404.476,-8.0119
pfet_06v0,ss,125,2.10,1.20u,2,drop_at_100mA,11.5849,0.1,115.849,231.698,-9.48488
pfet_06v0,ss,125,2.10,1.20u,2,rlin_at_50mV,0.05,0.0015482,32.2956,64.5911,2.05
pfet_06v0,ss,125,2.10,1.20u,4,drop_at_50mA,8.46583,0.05,169.317,677.266,-6.36583
pfet_06v0,ss,125,2.10,1.20u,4,drop_at_100mA,10.1119,0.1,101.119,404.476,-8.0119
pfet_06v0,ss,125,2.10,1.20u,4,rlin_at_50mV,0.05,0.0030964,16.1478,64.5911,2.05
pfet_06v0,ss,125,2.10,1.20u,8,drop_at_50mA,0.559594,0.05,11.1919,89.5351,1.54041
pfet_06v0,ss,125,2.10,1.20u,8,drop_at_100mA,8.46583,0.1,84.6583,677.266,-6.36583
pfet_06v0,ss,125,2.10,1.20u,8,rlin_at_50mV,0.05,0.0061928,8.07389,64.5911,2.05
pfet_06v0,ss,125,2.10,1.20u,16,drop_at_50mA,0.223123,0.05,4.46246,71.3993,1.87688
pfet_06v0,ss,125,2.10,1.20u,16,drop_at_100mA,0.559594,0.1,5.59594,89.5351,1.54041
pfet_06v0,ss,125,2.10,1.20u,16,rlin_at_50mV,0.05,0.0123856,4.03694,64.5911,2.05
pfet_06v0,ss,125,2.97,0.55u,1,drop_at_50mA,3.90459,0.05,78.0918,78.0918,-0.934589
pfet_06v0,ss,125,2.97,0.55u,1,drop_at_100mA,9.67957,0.1,96.7957,96.7957,-6.70957
pfet_06v0,ss,125,2.97,0.55u,1,rlin_at_50mV,0.05,0.00269065,18.5829,18.5829,2.92
pfet_06v0,ss,125,2.97,0.55u,2,drop_at_50mA,0.554717,0.05,11.0943,22.1887,2.41528
pfet_06v0,ss,125,2.97,0.55u,2,drop_at_100mA,3.90459,0.1,39.0459,78.0918,-0.934589
pfet_06v0,ss,125,2.97,0.55u,2,rlin_at_50mV,0.05,0.0053813,9.29144,18.5829,2.92
pfet_06v0,ss,125,2.97,0.55u,4,drop_at_50mA,0.248349,0.05,4.96699,19.8679,2.72165
pfet_06v0,ss,125,2.97,0.55u,4,drop_at_100mA,0.554717,0.1,5.54717,22.1887,2.41528
pfet_06v0,ss,125,2.97,0.55u,4,rlin_at_50mV,0.05,0.0107626,4.64572,18.5829,2.92
pfet_06v0,ss,125,2.97,0.55u,8,drop_at_50mA,0.118824,0.05,2.37648,19.0119,2.85118
pfet_06v0,ss,125,2.97,0.55u,8,drop_at_100mA,0.248349,0.1,2.48349,19.8679,2.72165
pfet_06v0,ss,125,2.97,0.55u,8,rlin_at_50mV,0.05,0.0215252,2.32286,18.5829,2.92
pfet_06v0,ss,125,2.97,0.55u,16,drop_at_50mA,0.058229,0.05,1.16458,18.6333,2.91177
pfet_06v0,ss,125,2.97,0.55u,16,drop_at_100mA,0.118824,0.1,1.18824,19.0119,2.85118
pfet_06v0,ss,125,2.97,0.55u,16,rlin_at_50mV,0.05,0.0430504,1.16143,18.5829,2.92
pfet_06v0,ss,125,2.97,0.70u,1,drop_at_50mA,8.46322,0.05,169.264,169.264,-5.49322
pfet_06v0,ss,125,2.97,0.70u,1,drop_at_100mA,10.3383,0.1,103.383,103.383,-7.36825
pfet_06v0,ss,125,2.97,0.70u,1,rlin_at_50mV,0.05,0.00212041,23.5803,23.5803,2.92
pfet_06v0,ss,125,2.97,0.70u,2,drop_at_50mA,0.766183,0.05,15.3237,30.6473,2.20382
pfet_06v0,ss,125,2.97,0.70u,2,drop_at_100mA,8.46322,0.1,84.6322,169.264,-5.49322
pfet_06v0,ss,125,2.97,0.70u,2,rlin_at_50mV,0.05,0.00424082,11.7902,23.5803,2.92
pfet_06v0,ss,125,2.97,0.70u,4,drop_at_50mA,0.323693,0.05,6.47386,25.8954,2.64631
pfet_06v0,ss,125,2.97,0.70u,4,drop_at_100mA,0.766183,0.1,7.66183,30.6473,2.20382
pfet_06v0,ss,125,2.97,0.70u,4,rlin_at_50mV,0.05,0.00848164,5.89508,23.5803,2.92
pfet_06v0,ss,125,2.97,0.70u,8,drop_at_50mA,0.152513,0.05,3.05026,24.4021,2.81749
pfet_06v0,ss,125,2.97,0.70u,8,drop_at_100mA,0.323693,0.1,3.23693,25.8954,2.64631
pfet_06v0,ss,125,2.97,0.70u,8,rlin_at_50mV,0.05,0.0169633,2.94754,23.5803,2.92
pfet_06v0,ss,125,2.97,0.70u,16,drop_at_50mA,0.0742826,0.05,1.48565,23.7704,2.89572
pfet_06v0,ss,125,2.97,0.70u,16,drop_at_100mA,0.152513,0.1,1.52513,24.4021,2.81749
pfet_06v0,ss,125,2.97,0.70u,16,rlin_at_50mV,0.05,0.0339266,1.47377,23.5803,2.92
pfet_06v0,ss,125,2.97,1.20u,1,drop_at_50mA,10.1563,0.05,203.126,203.126,-7.1863
pfet_06v0,ss,125,2.97,1.20u,1,drop_at_100mA,11.6295,0.1,116.295,116.295,-8.65947
pfet_06v0,ss,125,2.97,1.20u,1,rlin_at_50mV,0.05,0.00123701,40.4199,40.4199,2.92
pfet_06v0,ss,125,2.97,1.20u,2,drop_at_50mA,8.02994,0.05,160.599,321.197,-5.05994
pfet_06v0,ss,125,2.97,1.20u,2,drop_at_100mA,10.1563,0.1,101.563,203.126,-7.1863
pfet_06v0,ss,125,2.97,1.20u,2,rlin_at_50mV,0.05,0.00247403,20.21,40.4199,2.92
pfet_06v0,ss,125,2.97,1.20u,4,drop_at_50mA,0.621955,0.05,12.4391,49.7564,2.34805
pfet_06v0,ss,125,2.97,1.20u,4,drop_at_100mA,8.02994,0.1,80.2994,321.197,-5.05994
pfet_06v0,ss,125,2.97,1.20u,4,rlin_at_50mV,0.05,0.00494806,10.105,40.4199,2.92
pfet_06v0,ss,125,2.97,1.20u,8,drop_at_50mA,0.272678,0.05,5.45355,43.6284,2.69732
pfet_06v0,ss,125,2.97,1.20u,8,drop_at_100mA,0.621955,0.1,6.21955,49.7564,2.34805
pfet_06v0,ss,125,2.97,1.20u,8,rlin_at_50mV,0.05,0.00989611,5.05249,40.4199,2.92
pfet_06v0,ss,125,2.97,1.20u,16,drop_at_50mA,0.129738,0.05,2.59476,41.5162,2.84026
pfet_06v0,ss,125,2.97,1.20u,16,drop_at_100mA,0.272678,0.1,2.72678,43.6284,2.69732
pfet_06v0,ss,125,2.97,1.20u,16,rlin_at_50mV,0.05,0.0197922,2.52624,40.4199,2.92
pfet_06v0,ss,125,3.30,0.55u,1,drop_at_50mA,1.22945,0.05,24.589,24.589,2.07055
pfet_06v0,ss,125,3.30,0.55u,1,drop_at_100mA,9.27311,0.1,92.7311,92.7311,-5.97311
pfet_06v0,ss,125,3.30,0.55u,1,rlin_at_50mV,0.05,0.00301634,16.5764,16.5764,3.25
pfet_06v0,ss,125,3.30,0.55u,2,drop_at_50mA,0.47084,0.05,9.41679,18.8336,2.82916
pfet_06v0,ss,125,3.30,0.55u,2,drop_at_100mA,1.22945,0.1,12.2945,24.589,2.07055
pfet_06v0,ss,125,3.30,0.55u,2,rlin_at_50mV,0.05,0.00603268,8.28819,16.5764,3.25
pfet_06v0,ss,125,3.30,0.55u,4,drop_at_50mA,0.21771,0.05,4.3542,17.4168,3.08229
pfet_06v0,ss,125,3.30,0.55u,4,drop_at_100mA,0.47084,0.1,4.7084,18.8336,2.82916
pfet_06v0,ss,125,3.30,0.55u,4,rlin_at_50mV,0.05,0.0120654,4.1441,16.5764,3.25
pfet_06v0,ss,125,3.30,0.55u,8,drop_at_50mA,0.105285,0.05,2.1057,16.8456,3.19472
pfet_06v0,ss,125,3.30,0.55u,8,drop_at_100mA,0.21771,0.1,2.1771,17.4168,3.08229
pfet_06v0,ss,125,3.30,0.55u,8,rlin_at_50mV,0.05,0.0241307,2.07205,16.5764,3.25
pfet_06v0,ss,125,3.30,0.55u,16,drop_at_50mA,0.0518286,0.05,1.03657,16.5852,3.24817
pfet_06v0,ss,125,3.30,0.55u,16,drop_at_100mA,0.105285,0.1,1.05285,16.8456,3.19472
pfet_06v0,ss,125,3.30,0.55u,16,rlin_at_50mV,0.05,0.0482614,1.03602,16.5764,3.25
pfet_06v0,ss,125,3.30,0.70u,1,drop_at_50mA,5.67832,0.05,113.566,113.566,-2.37832
pfet_06v0,ss,125,3.30,0.70u,1,drop_at_100mA,10.0108,0.1,100.108,100.108,-6.71079
pfet_06v0,ss,125,3.30,0.70u,1,rlin_at_50mV,0.05,0.00238332,20.9791,20.9791,3.25
pfet_06v0,ss,125,3.30,0.70u,2,drop_at_50mA,0.627218,0.05,12.5444,25.0887,2.67278
pfet_06v0,ss,125,3.30,0.70u,2,drop_at_100mA,5.67832,0.1,56.7832,113.566,-2.37832
pfet_06v0,ss,125,3.30,0.70u,2,rlin_at_50mV,0.05,0.00476664,10.4896,20.9791,3.25
pfet_06v0,ss,125,3.30,0.70u,4,drop_at_50mA,0.28084,0.05,5.61679,22.4672,3.01916
pfet_06v0,ss,125,3.30,0.70u,4,drop_at_100mA,0.627218,0.1,6.27218,25.0887,2.67278
pfet_06v0,ss,125,3.30,0.70u,4,rlin_at_50mV,0.05,0.00953329,5.24478,20.9791,3.25
pfet_06v0,ss,125,3.30,0.70u,8,drop_at_50mA,0.134389,0.05,2.68777,21.5022,3.16561
pfet_06v0,ss,125,3.30,0.70u,8,drop_at_100mA,0.28084,0.1,2.8084,22.4672,3.01916
pfet_06v0,ss,125,3.30,0.70u,8,rlin_at_50mV,0.05,0.0190666,2.62239,20.9791,3.25
pfet_06v0,ss,125,3.30,0.70u,16,drop_at_50mA,0.0658616,0.05,1.31723,21.0757,3.23414
pfet_06v0,ss,125,3.30,0.70u,16,drop_at_100mA,0.134389,0.1,1.34389,21.5022,3.16561
pfet_06v0,ss,125,3.30,0.70u,16,rlin_at_50mV,0.05,0.0381332,1.3112,20.9791,3.25
pfet_06v0,ss,125,3.30,1.20u,1,drop_at_50mA,9.78244,0.05,195.649,195.649,-6.48244
pfet_06v0,ss,125,3.30,1.20u,1,drop_at_100mA,11.3182,0.1,113.182,113.182,-8.01815
pfet_06v0,ss,125,3.30,1.20u,1,rlin_at_50mV,0.05,0.00139619,35.8119,35.8119,3.25
pfet_06v0,ss,125,3.30,1.20u,2,drop_at_50mA,1.53325,0.05,30.6651,61.3301,1.76675
pfet_06v0,ss,125,3.30,1.20u,2,drop_at_100mA,9.78244,0.1,97.8244,195.649,-6.48244
pfet_06v0,ss,125,3.30,1.20u,2,rlin_at_50mV,0.05,0.00279237,17.9059,35.8119,3.25
pfet_06v0,ss,125,3.30,1.20u,4,drop_at_50mA,0.516626,0.05,10.3325,41.3301,2.78337
pfet_06v0,ss,125,3.30,1.20u,4,drop_at_100mA,1.53325,0.1,15.3325,61.3301,1.76675
pfet_06v0,ss,125,3.30,1.20u,4,rlin_at_50mV,0.05,0.00558474,8.95296,35.8119,3.25
pfet_06v0,ss,125,3.30,1.20u,8,drop_at_50mA,0.236512,0.05,4.73023,37.8419,3.06349
pfet_06v0,ss,125,3.30,1.20u,8,drop_at_100mA,0.516626,0.1,5.16626,41.3301,2.78337
pfet_06v0,ss,125,3.30,1.20u,8,rlin_at_50mV,0.05,0.0111695,4.47648,35.8119,3.25
pfet_06v0,ss,125,3.30,1.20u,16,drop_at_50mA,0.114016,0.05,2.28032,36.4852,3.18598
pfet_06v0,ss,125,3.30,1.20u,16,drop_at_100mA,0.236512,0.1,2.36512,37.8419,3.06349
pfet_06v0,ss,125,3.30,1.20u,16,rlin_at_50mV,0.05,0.022339,2.23824,35.8119,3.25
pfet_06v0,ss,125,3.63,0.55u,1,drop_at_50mA,0.980074,0.05,19.6015,19.6015,2.64993
pfet_06v0,ss,125,3.63,0.55u,1,drop_at_100mA,8.75089,0.1,87.5089,87.5089,-5.12089
pfet_06v0,ss,125,3.63,0.55u,1,rlin_at_50mV,0.05,0.00332462,15.0393,15.0393,3.58
pfet_06v0,ss,125,3.63,0.55u,2,drop_at_50mA,0.414667,0.05,8.29334,16.5867,3.21533
pfet_06v0,ss,125,3.63,0.55u,2,drop_at_100mA,0.980074,0.1,9.80074,19.6015,2.64993
pfet_06v0,ss,125,3.63,0.55u,2,rlin_at_50mV,0.05,0.00664924,7.51966,15.0393,3.58
pfet_06v0,ss,125,3.63,0.55u,4,drop_at_50mA,0.195315,0.05,3.90631,15.6252,3.43468
pfet_06v0,ss,125,3.63,0.55u,4,drop_at_100mA,0.414667,0.1,4.14667,16.5867,3.21533
pfet_06v0,ss,125,3.63,0.55u,4,rlin_at_50mV,0.05,0.0132985,3.75983,15.0393,3.58
pfet_06v0,ss,125,3.63,0.55u,8,drop_at_50mA,0.0951071,0.05,1.90214,15.2171,3.53489
pfet_06v0,ss,125,3.63,0.55u,8,drop_at_100mA,0.195315,0.1,1.95315,15.6252,3.43468
pfet_06v0,ss,125,3.63,0.55u,8,rlin_at_50mV,0.05,0.026597,1.87991,15.0393,3.58
pfet_06v0,ss,125,3.63,0.55u,16,drop_at_50mA,0.0469608,0.05,0.939216,15.0275,3.58304
pfet_06v0,ss,125,3.63,0.55u,16,drop_at_100mA,0.0951071,0.1,0.951071,15.2171,3.53489
pfet_06v0,ss,125,3.63,0.55u,16,rlin_at_50mV,0.05,0.0531939,0.939957,15.0393,3.58
pfet_06v0,ss,125,3.63,0.70u,1,drop_at_50mA,1.45297,0.05,29.0595,29.0595,2.17703
pfet_06v0,ss,125,3.63,0.70u,1,drop_at_100mA,9.69237,0.1,96.9237,96.9237,-6.06237
pfet_06v0,ss,125,3.63,0.70u,1,rlin_at_50mV,0.05,0.00263278,18.9913,18.9913,3.58
pfet_06v0,ss,125,3.63,0.70u,2,drop_at_50mA,0.542691,0.05,10.8538,21.7076,3.08731
pfet_06v0,ss,125,3.63,0.70u,2,drop_at_100mA,1.45297,0.1,14.5297,29.0595,2.17703
pfet_06v0,ss,125,3.63,0.70u,2,rlin_at_50mV,0.05,0.00526556,9.49566,18.9913,3.58
pfet_06v0,ss,125,3.63,0.70u,4,drop_at_50mA,0.250233,0.05,5.00466,20.0187,3.37977
pfet_06v0,ss,125,3.63,0.70u,4,drop_at_100mA,0.542691,0.1,5.42691,21.7076,3.08731
pfet_06v0,ss,125,3.63,0.70u,4,rlin_at_50mV,0.05,0.0105311,4.74783,18.9913,3.58
pfet_06v0,ss,125,3.63,0.70u,8,drop_at_50mA,0.120902,0.05,2.41803,19.3443,3.5091
pfet_06v0,ss,125,3.63,0.70u,8,drop_at_100mA,0.250233,0.1,2.50233,20.0187,3.37977
pfet_06v0,ss,125,3.63,0.70u,8,rlin_at_50mV,0.05,0.0210622,2.37392,18.9913,3.58
pfet_06v0,ss,125,3.63,0.70u,16,drop_at_50mA,0.0594935,0.05,1.18987,19.0379,3.57051
pfet_06v0,ss,125,3.63,0.70u,16,drop_at_100mA,0.120902,0.1,1.20902,19.3443,3.5091
pfet_06v0,ss,125,3.63,0.70u,16,rlin_at_50mV,0.05,0.0421245,1.18696,18.9913,3.58
pfet_06v0,ss,125,3.63,1.20u,1,drop_at_50mA,9.38589,0.05,187.718,187.718,-5.75589
pfet_06v0,ss,125,3.63,1.20u,1,drop_at_100mA,11.0784,0.1,110.784,110.784,-7.44842
pfet_06v0,ss,125,3.63,1.20u,1,rlin_at_50mV,0.05,0.00154783,32.3033,32.3033,3.58
pfet_06v0,ss,125,3.63,1.20u,2,drop_at_50mA,1.09436,0.05,21.8871,43.7742,2.53564
pfet_06v0,ss,125,3.63,1.20u,2,drop_at_100mA,9.38589,0.1,93.8589,187.718,-5.75589
pfet_06v0,ss,125,3.63,1.20u,2,rlin_at_50mV,0.05,0.00309566,16.1516,32.3033,3.58
pfet_06v0,ss,125,3.63,1.20u,4,drop_at_50mA,0.449346,0.05,8.98692,35.9477,3.18065
pfet_06v0,ss,125,3.63,1.20u,4,drop_at_100mA,1.09436,0.1,10.9436,43.7742,2.53564
pfet_06v0,ss,125,3.63,1.20u,4,rlin_at_50mV,0.05,0.00619132,8.07582,32.3033,3.58
pfet_06v0,ss,125,3.63,1.20u,8,drop_at_50mA,0.210511,0.05,4.21021,33.6817,3.41949
pfet_06v0,ss,125,3.63,1.20u,8,drop_at_100mA,0.449346,0.1,4.49346,35.9477,3.18065
pfet_06v0,ss,125,3.63,1.20u,8,rlin_at_50mV,0.05,0.0123826,4.03791,32.3033,3.58
pfet_06v0,ss,125,3.63,1.20u,16,drop_at_50mA,0.102315,0.05,2.0463,32.7409,3.52768
pfet_06v0,ss,125,3.63,1.20u,16,drop_at_100mA,0.210511,0.1,2.10511,33.6817,3.41949
pfet_06v0,ss,125,3.63,1.20u,16,rlin_at_50mV,0.05,0.0247653,2.01895,32.3033,3.58
pfet_06v0,ss,125,4.50,0.55u,1,drop_at_50mA,0.707902,0.05,14.158,14.158,3.7921
pfet_06v0,ss,125,4.50,0.55u,1,drop_at_100mA,1.91281,0.1,19.1281,19.1281,2.58719
pfet_06v0,ss,125,4.50,0.55u,1,rlin_at_50mV,0.05,0.00406797,12.2911,12.2911,4.45
pfet_06v0,ss,125,4.50,0.55u,2,drop_at_50mA,0.325509,0.05,6.51019,13.0204,4.17449
pfet_06v0,ss,125,4.50,0.55u,2,drop_at_100mA,0.707902,0.1,7.07902,14.158,3.7921
pfet_06v0,ss,125,4.50,0.55u,2,rlin_at_50mV,0.05,0.00813594,6.14557,12.2911,4.45
pfet_06v0,ss,125,4.50,0.55u,4,drop_at_50mA,0.15708,0.05,3.1416,12.5664,4.34292
pfet_06v0,ss,125,4.50,0.55u,4,drop_at_100mA,0.325509,0.1,3.25509,13.0204,4.17449
pfet_06v0,ss,125,4.50,0.55u,4,rlin_at_50mV,0.05,0.0162719,3.07279,12.2911,4.45
pfet_06v0,ss,125,4.50,0.55u,8,drop_at_50mA,0.0772516,0.05,1.54503,12.3603,4.42275
pfet_06v0,ss,125,4.50,0.55u,8,drop_at_100mA,0.15708,0.1,1.5708,12.5664,4.34292
pfet_06v0,ss,125,4.50,0.55u,8,rlin_at_50mV,0.05,0.0325438,1.53639,12.2911,4.45
pfet_06v0,ss,125,4.50,0.55u,16,drop_at_50mA,0.0383178,0.05,0.766357,12.2617,4.46168
pfet_06v0,ss,125,4.50,0.55u,16,drop_at_100mA,0.0772516,0.1,0.772516,12.3603,4.42275
pfet_06v0,ss,125,4.50,0.55u,16,rlin_at_50mV,0.05,0.0650875,0.768197,12.2911,4.45
pfet_06v0,ss,125,4.50,0.70u,1,drop_at_50mA,0.935736,0.05,18.7147,18.7147,3.56426
pfet_06v0,ss,125,4.50,0.70u,1,drop_at_100mA,7.82952,0.1,78.2952,78.2952,-3.32952
pfet_06v0,ss,125,4.50,0.70u,1,rlin_at_50mV,0.05,0.00323653,15.4486,15.4486,4.45
pfet_06v0,ss,125,4.50,0.70u,2,drop_at_50mA,0.416799,0.05,8.33598,16.672,4.0832
pfet_06v0,ss,125,4.50,0.70u,2,drop_at_100mA,0.935736,0.1,9.35736,18.7147,3.56426
pfet_06v0,ss,125,4.50,0.70u,2,rlin_at_50mV,0.05,0.00647307,7.72431,15.4486,4.45
pfet_06v0,ss,125,4.50,0.70u,4,drop_at_50mA,0.199084,0.05,3.98167,15.9267,4.30092
pfet_06v0,ss,125,4.50,0.70u,4,drop_at_100mA,0.416799,0.1,4.16799,16.672,4.0832
pfet_06v0,ss,125,4.50,0.70u,4,rlin_at_50mV,0.05,0.0129461,3.86216,15.4486,4.45
pfet_06v0,ss,125,4.50,0.70u,8,drop_at_50mA,0.0974888,0.05,1.94978,15.5982,4.40251
pfet_06v0,ss,125,4.50,0.70u,8,drop_at_100mA,0.199084,0.1,1.99084,15.9267,4.30092
pfet_06v0,ss,125,4.50,0.70u,8,rlin_at_50mV,0.05,0.0258923,1.93108,15.4486,4.45
pfet_06v0,ss,125,4.50,0.70u,16,drop_at_50mA,0.04826,0.05,0.965199,15.4432,4.45174
pfet_06v0,ss,125,4.50,0.70u,16,drop_at_100mA,0.0974888,0.1,0.974888,15.5982,4.40251
pfet_06v0,ss,125,4.50,0.70u,16,rlin_at_50mV,0.05,0.0517845,0.965539,15.4486,4.45
pfet_06v0,ss,125,4.50,1.20u,1,drop_at_50mA,2.21553,0.05,44.3106,44.3106,2.28447
pfet_06v0,ss,125,4.50,1.20u,1,drop_at_100mA,10.6052,0.1,106.052,106.052,-6.10523
pfet_06v0,ss,125,4.50,1.20u,1,rlin_at_50mV,0.05,0.00191718,26.0799,26.0799,4.45
pfet_06v0,ss,125,4.50,1.20u,2,drop_at_50mA,0.75602,0.05,15.1204,30.2408,3.74398
pfet_06v0,ss,125,4.50,1.20u,2,drop_at_100mA,2.21553,0.1,22.1553,44.3106,2.28447
pfet_06v0,ss,125,4.50,1.20u,2,rlin_at_50mV,0.05,0.00383437,13.04,26.0799,4.45
pfet_06v0,ss,125,4.50,1.20u,4,drop_at_50mA,0.346115,0.05,6.92229,27.6892,4.15389
pfet_06v0,ss,125,4.50,1.20u,4,drop_at_100mA,0.75602,0.1,7.5602,30.2408,3.74398
pfet_06v0,ss,125,4.50,1.20u,4,rlin_at_50mV,0.05,0.00766873,6.51998,26.0799,4.45
pfet_06v0,ss,125,4.50,1.20u,8,drop_at_50mA,0.166837,0.05,3.33675,26.694,4.33316
pfet_06v0,ss,125,4.50,1.20u,8,drop_at_100mA,0.346115,0.1,3.46115,27.6892,4.15389
pfet_06v0,ss,125,4.50,1.20u,8,rlin_at_50mV,0.05,0.0153375,3.25999,26.0799,4.45
pfet_06v0,ss,125,4.50,1.20u,16,drop_at_50mA,0.0820176,0.05,1.64035,26.2456,4.41798
pfet_06v0,ss,125,4.50,1.20u,16,drop_at_100mA,0.166837,0.1,1.66837,26.694,4.33316
pfet_06v0,ss,125,4.50,1.20u,16,rlin_at_50mV,0.05,0.0306749,1.63,26.0799,4.45
pfet_06v0,ss,125,5.00,0.55u,1,drop_at_50mA,0.625824,0.05,12.5165,12.5165,4.37418
pfet_06v0,ss,125,5.00,0.55u,1,drop_at_100mA,1.50418,0.1,15.0418,15.0418,3.49582
pfet_06v0,ss,125,5.00,0.55u,1,rlin_at_50mV,0.05,0.00445784,11.2162,11.2162,4.95
pfet_06v0,ss,125,5.00,0.55u,2,drop_at_50mA,0.293449,0.05,5.86898,11.738,4.70655
pfet_06v0,ss,125,5.00,0.55u,2,drop_at_100mA,0.625824,0.1,6.25824,12.5165,4.37418
pfet_06v0,ss,125,5.00,0.55u,2,rlin_at_50mV,0.05,0.00891569,5.60809,11.2162,4.95
pfet_06v0,ss,125,5.00,0.55u,4,drop_at_50mA,0.142628,0.05,2.85256,11.4102,4.85737
pfet_06v0,ss,125,5.00,0.55u,4,drop_at_100mA,0.293449,0.1,2.93449,11.738,4.70655
pfet_06v0,ss,125,5.00,0.55u,4,rlin_at_50mV,0.05,0.0178314,2.80405,11.2162,4.95
pfet_06v0,ss,125,5.00,0.55u,8,drop_at_50mA,0.0703649,0.05,1.4073,11.2584,4.92964
pfet_06v0,ss,125,5.00,0.55u,8,drop_at_100mA,0.142628,0.1,1.42628,11.4102,4.85737
pfet_06v0,ss,125,5.00,0.55u,8,rlin_at_50mV,0.05,0.0356628,1.40202,11.2162,4.95
pfet_06v0,ss,125,5.00,0.55u,16,drop_at_50mA,0.0349536,0.05,0.699073,11.1852,4.96505
pfet_06v0,ss,125,5.00,0.55u,16,drop_at_100mA,0.0703649,0.1,0.703649,11.2584,4.92964
pfet_06v0,ss,125,5.00,0.55u,16,rlin_at_50mV,0.05,0.0713255,0.701012,11.2162,4.95
pfet_06v0,ss,125,5.00,0.70u,1,drop_at_50mA,0.812921,0.05,16.2584,16.2584,4.18708
pfet_06v0,ss,125,5.00,0.70u,1,drop_at_100mA,2.23771,0.1,22.3771,22.3771,2.76229
pfet_06v0,ss,125,5.00,0.70u,1,rlin_at_50mV,0.05,0.00355436,14.0672,14.0672,4.95
pfet_06v0,ss,125,5.00,0.70u,2,drop_at_50mA,0.373266,0.05,7.46531,14.9306,4.62673
pfet_06v0,ss,125,5.00,0.70u,2,drop_at_100mA,0.812921,0.1,8.12921,16.2584,4.18708
pfet_06v0,ss,125,5.00,0.70u,2,rlin_at_50mV,0.05,0.00710872,7.03361,14.0672,4.95
pfet_06v0,ss,125,5.00,0.70u,4,drop_at_50mA,0.180053,0.05,3.60105,14.4042,4.81995
pfet_06v0,ss,125,5.00,0.70u,4,drop_at_100mA,0.373266,0.1,3.73266,14.9306,4.62673
pfet_06v0,ss,125,5.00,0.70u,4,rlin_at_50mV,0.05,0.0142174,3.51681,14.0672,4.95
pfet_06v0,ss,125,5.00,0.70u,8,drop_at_50mA,0.0885355,0.05,1.77071,14.1657,4.91146
pfet_06v0,ss,125,5.00,0.70u,8,drop_at_100mA,0.180053,0.1,1.80053,14.4042,4.81995
pfet_06v0,ss,125,5.00,0.70u,8,rlin_at_50mV,0.05,0.0284349,1.7584,14.0672,4.95
pfet_06v0,ss,125,5.00,0.70u,16,drop_at_50mA,0.0439118,0.05,0.878236,14.0518,4.95609
pfet_06v0,ss,125,5.00,0.70u,16,drop_at_100mA,0.0885355,0.1,0.885355,14.1657,4.91146
pfet_06v0,ss,125,5.00,0.70u,16,rlin_at_50mV,0.05,0.0568698,0.879201,14.0672,4.95
pfet_06v0,ss,125,5.00,1.20u,1,drop_at_50mA,1.6113,0.05,32.226,32.226,3.3887
pfet_06v0,ss,125,5.00,1.20u,1,drop_at_100mA,10.3301,0.1,103.301,103.301,-5.33013
pfet_06v0,ss,125,5.00,1.20u,1,rlin_at_50mV,0.05,0.00211285,23.6647,23.6647,4.95
pfet_06v0,ss,125,5.00,1.20u,2,drop_at_50mA,0.661567,0.05,13.2313,26.4627,4.33843
pfet_06v0,ss,125,5.00,1.20u,2,drop_at_100mA,1.6113,0.1,16.113,32.226,3.3887
pfet_06v0,ss,125,5.00,1.20u,2,rlin_at_50mV,0.05,0.0042257,11.8324,23.6647,4.95
pfet_06v0,ss,125,5.00,1.20u,4,drop_at_50mA,0.309808,0.05,6.19616,24.7846,4.69019
pfet_06v0,ss,125,5.00,1.20u,4,drop_at_100mA,0.661567,0.1,6.61567,26.4627,4.33843
pfet_06v0,ss,125,5.00,1.20u,4,rlin_at_50mV,0.05,0.0084514,5.91618,23.6647,4.95
pfet_06v0,ss,125,5.00,1.20u,8,drop_at_50mA,0.150544,0.05,3.01088,24.0871,4.84946
pfet_06v0,ss,125,5.00,1.20u,8,drop_at_100mA,0.309808,0.1,3.09808,24.7846,4.69019
pfet_06v0,ss,125,5.00,1.20u,8,rlin_at_50mV,0.05,0.0169028,2.95809,23.6647,4.95
pfet_06v0,ss,125,5.00,1.20u,16,drop_at_50mA,0.074267,0.05,1.48534,23.7654,4.92573
pfet_06v0,ss,125,5.00,1.20u,16,drop_at_100mA,0.150544,0.1,1.50544,24.0871,4.84946
pfet_06v0,ss,125,5.00,1.20u,16,rlin_at_50mV,0.05,0.0338056,1.47905,23.6647,4.95
pfet_06v0,ss,125,5.50,0.55u,1,drop_at_50mA,0.566096,0.05,11.3219,11.3219,4.9339
pfet_06v0,ss,125,5.50,0.55u,1,drop_at_100mA,1.29432,0.1,12.9432,12.9432,4.20568
pfet_06v0,ss,125,5.50,0.55u,1,rlin_at_50mV,0.05,0.00482568,10.3612,10.3612,5.45
pfet_06v0,ss,125,5.50,0.55u,2,drop_at_50mA,0.268802,0.05,5.37605,10.7521,5.2312
pfet_06v0,ss,125,5.50,0.55u,2,drop_at_100mA,0.566096,0.1,5.66096,11.3219,4.9339
pfet_06v0,ss,125,5.50,0.55u,2,rlin_at_50mV,0.05,0.00965135,5.18062,10.3612,5.45
pfet_06v0,ss,125,5.50,0.55u,4,drop_at_50mA,0.131298,0.05,2.62595,10.5038,5.3687
pfet_06v0,ss,125,5.50,0.55u,4,drop_at_100mA,0.268802,0.1,2.68802,10.7521,5.2312
pfet_06v0,ss,125,5.50,0.55u,4,rlin_at_50mV,0.05,0.0193027,2.59031,10.3612,5.45
pfet_06v0,ss,125,5.50,0.55u,8,drop_at_50mA,0.0649198,0.05,1.2984,10.3872,5.43508
pfet_06v0,ss,125,5.50,0.55u,8,drop_at_100mA,0.131298,0.1,1.31298,10.5038,5.3687
pfet_06v0,ss,125,5.50,0.55u,8,rlin_at_50mV,0.05,0.0386054,1.29516,10.3612,5.45
pfet_06v0,ss,125,5.50,0.55u,16,drop_at_50mA,0.0322831,0.05,0.645661,10.3306,5.46772
pfet_06v0,ss,125,5.50,0.55u,16,drop_at_100mA,0.0649198,0.1,0.649198,10.3872,5.43508
pfet_06v0,ss,125,5.50,0.55u,16,rlin_at_50mV,0.05,0.0772108,0.647578,10.3612,5.45
pfet_06v0,ss,125,5.50,0.70u,1,drop_at_50mA,0.727585,0.05,14.5517,14.5517,4.77241
pfet_06v0,ss,125,5.50,0.70u,1,drop_at_100mA,1.77321,0.1,17.7321,17.7321,3.72679
pfet_06v0,ss,125,5.50,0.70u,1,rlin_at_50mV,0.05,0.0038549,12.9705,12.9705,5.45
pfet_06v0,ss,125,5.50,0.70u,2,drop_at_50mA,0.340275,0.05,6.80549,13.611,5.15973
pfet_06v0,ss,125,5.50,0.70u,2,drop_at_100mA,0.727585,0.1,7.27585,14.5517,4.77241
pfet_06v0,ss,125,5.50,0.70u,2,rlin_at_50mV,0.05,0.0077098,6.48526,12.9705,5.45
pfet_06v0,ss,125,5.50,0.70u,4,drop_at_50mA,0.165233,0.05,3.30466,13.2187,5.33477
pfet_06v0,ss,125,5.50,0.70u,4,drop_at_100mA,0.340275,0.1,3.40275,13.611,5.15973
pfet_06v0,ss,125,5.50,0.70u,4,rlin_at_50mV,0.05,0.0154196,3.24263,12.9705,5.45
pfet_06v0,ss,125,5.50,0.70u,8,drop_at_50mA,0.0814846,0.05,1.62969,13.0375,5.41852
pfet_06v0,ss,125,5.50,0.70u,8,drop_at_100mA,0.165233,0.1,1.65233,13.2187,5.33477
pfet_06v0,ss,125,5.50,0.70u,8,rlin_at_50mV,0.05,0.0308392,1.62131,12.9705,5.45
pfet_06v0,ss,125,5.50,0.70u,16,drop_at_50mA,0.0404698,0.05,0.809396,12.9503,5.45953
pfet_06v0,ss,125,5.50,0.70u,16,drop_at_100mA,0.0814846,0.1,0.814846,13.0375,5.41852
pfet_06v0,ss,125,5.50,0.70u,16,rlin_at_50mV,0.05,0.0616784,0.810657,12.9705,5.45
pfet_06v0,ss,125,5.50,1.20u,1,drop_at_50mA,1.36199,0.05,27.2398,27.2398,4.13801
pfet_06v0,ss,125,5.50,1.20u,1,drop_at_100mA,9.90583,0.1,99.0583,99.0583,-4.40583
pfet_06v0,ss,125,5.50,1.20u,1,rlin_at_50mV,0.05,0.00229859,21.7524,21.7524,5.45
pfet_06v0,ss,125,5.50,1.20u,2,drop_at_50mA,0.594069,0.05,11.8814,23.7628,4.90593
pfet_06v0,ss,125,5.50,1.20u,2,drop_at_100mA,1.36199,0.1,13.6199,27.2398,4.13801
pfet_06v0,ss,125,5.50,1.20u,2,rlin_at_50mV,0.05,0.00459719,10.8762,21.7524,5.45
pfet_06v0,ss,125,5.50,1.20u,4,drop_at_50mA,0.282143,0.05,5.64286,22.5714,5.21786
pfet_06v0,ss,125,5.50,1.20u,4,drop_at_100mA,0.594069,0.1,5.94069,23.7628,4.90593
pfet_06v0,ss,125,5.50,1.20u,4,rlin_at_50mV,0.05,0.00919437,5.43811,21.7524,5.45
pfet_06v0,ss,125,5.50,1.20u,8,drop_at_50mA,0.13785,0.05,2.757,22.056,5.36215
pfet_06v0,ss,125,5.50,1.20u,8,drop_at_100mA,0.282143,0.1,2.82143,22.5714,5.21786
pfet_06v0,ss,125,5.50,1.20u,8,rlin_at_50mV,0.05,0.0183887,2.71905,21.7524,5.45
pfet_06v0,ss,125,5.50,1.20u,16,drop_at_50mA,0.0681707,0.05,1.36341,21.8146,5.43183
pfet_06v0,ss,125,5.50,1.20u,16,drop_at_100mA,0.13785,0.1,1.3785,22.056,5.36215
pfet_06v0,ss,125,5.50,1.20u,16,rlin_at_50mV,0.05,0.0367775,1.35953,21.7524,5.45
pfet_06v0,fs,-40,2.10,0.55u,1,drop_at_50mA,8.32632,0.05,166.526,166.526,-6.22632
pfet_06v0,fs,-40,2.10,0.55u,1,drop_at_100mA,9.91916,0.1,99.1916,99.1916,-7.81916
pfet_06v0,fs,-40,2.10,0.55u,1,rlin_at_50mV,0.05,0.00315014,15.8723,15.8723,2.05
pfet_06v0,fs,-40,2.10,0.55u,2,drop_at_50mA,0.677357,0.05,13.5471,27.0943,1.42264
pfet_06v0,fs,-40,2.10,0.55u,2,drop_at_100mA,8.32632,0.1,83.2632,166.526,-6.22632
pfet_06v0,fs,-40,2.10,0.55u,2,rlin_at_50mV,0.05,0.00630029,7.93614,15.8723,2.05
pfet_06v0,fs,-40,2.10,0.55u,4,drop_at_50mA,0.226553,0.05,4.53106,18.1242,1.87345
pfet_06v0,fs,-40,2.10,0.55u,4,drop_at_100mA,0.677357,0.1,6.77357,27.0943,1.42264
pfet_06v0,fs,-40,2.10,0.55u,4,rlin_at_50mV,0.05,0.0126006,3.96807,15.8723,2.05
pfet_06v0,fs,-40,2.10,0.55u,8,drop_at_50mA,0.103124,0.05,2.06247,16.4998,1.99688
pfet_06v0,fs,-40,2.10,0.55u,8,drop_at_100mA,0.226553,0.1,2.26553,18.1242,1.87345
pfet_06v0,fs,-40,2.10,0.55u,8,rlin_at_50mV,0.05,0.0252012,1.98404,15.8723,2.05
pfet_06v0,fs,-40,2.10,0.55u,16,drop_at_50mA,0.0495861,0.05,0.991722,15.8676,2.05041
pfet_06v0,fs,-40,2.10,0.55u,16,drop_at_100mA,0.103124,0.1,1.03124,16.4998,1.99688
pfet_06v0,fs,-40,2.10,0.55u,16,rlin_at_50mV,0.05,0.0504023,0.992018,15.8723,2.05
pfet_06v0,fs,-40,2.10,0.70u,1,drop_at_50mA,9.17681,0.05,183.536,183.536,-7.07681
pfet_06v0,fs,-40,2.10,0.70u,1,drop_at_100mA,10.6448,0.1,106.448,106.448,-8.54476
pfet_06v0,fs,-40,2.10,0.70u,1,rlin_at_50mV,0.05,0.00241756,20.682,20.682,2.05
pfet_06v0,fs,-40,2.10,0.70u,2,drop_at_50mA,6.71301,0.05,134.26,268.52,-4.61301
pfet_06v0,fs,-40,2.10,0.70u,2,drop_at_100mA,9.17681,0.1,91.7681,183.536,-7.07681
pfet_06v0,fs,-40,2.10,0.70u,2,rlin_at_50mV,0.05,0.00483513,10.341,20.682,2.05
pfet_06v0,fs,-40,2.10,0.70u,4,drop_at_50mA,0.317253,0.05,6.34505,25.3802,1.78275
pfet_06v0,fs,-40,2.10,0.70u,4,drop_at_100mA,6.71301,0.1,67.1301,268.52,-4.61301
pfet_06v0,fs,-40,2.10,0.70u,4,rlin_at_50mV,0.05,0.00967025,5.1705,20.682,2.05
pfet_06v0,fs,-40,2.10,0.70u,8,drop_at_50mA,0.137805,0.05,2.75611,22.0489,1.96219
pfet_06v0,fs,-40,2.10,0.70u,8,drop_at_100mA,0.317253,0.1,3.17253,25.3802,1.78275
pfet_06v0,fs,-40,2.10,0.70u,8,rlin_at_50mV,0.05,0.0193405,2.58525,20.682,2.05
pfet_06v0,fs,-40,2.10,0.70u,16,drop_at_50mA,0.0653446,0.05,1.30689,20.9103,2.03466
pfet_06v0,fs,-40,2.10,0.70u,16,drop_at_100mA,0.137805,0.1,1.37805,22.0489,1.96219
pfet_06v0,fs,-40,2.10,0.70u,16,rlin_at_50mV,0.05,0.038681,1.29262,20.682,2.05
pfet_06v0,fs,-40,2.10,1.20u,1,drop_at_50mA,10.6085,0.05,212.169,212.169,-8.50847
pfet_06v0,fs,-40,2.10,1.20u,1,drop_at_100mA,12.136,0.1,121.36,121.36,-10.036
pfet_06v0,fs,-40,2.10,1.20u,1,rlin_at_50mV,0.05,0.00135412,36.9242,36.9242,2.05
pfet_06v0,fs,-40,2.10,1.20u,2,drop_at_50mA,9.11918,0.05,182.384,364.767,-7.01918
pfet_06v0,fs,-40,2.10,1.20u,2,drop_at_100mA,10.6085,0.1,106.085,212.169,-8.50847
pfet_06v0,fs,-40,2.10,1.20u,2,rlin_at_50mV,0.05,0.00270825,18.4621,36.9242,2.05
pfet_06v0,fs,-40,2.10,1.20u,4,drop_at_50mA,6.22047,0.05,124.409,497.638,-4.12047
pfet_06v0,fs,-40,2.10,1.20u,4,drop_at_100mA,9.11918,0.1,91.1918,364.767,-7.01918
pfet_06v0,fs,-40,2.10,1.20u,4,rlin_at_50mV,0.05,0.0054165,9.23106,36.9242,2.05
pfet_06v0,fs,-40,2.10,1.20u,8,drop_at_50mA,0.27309,0.05,5.4618,43.6944,1.82691
pfet_06v0,fs,-40,2.10,1.20u,8,drop_at_100mA,6.22047,0.1,62.2047,497.638,-4.12047
pfet_06v0,fs,-40,2.10,1.20u,8,rlin_at_50mV,0.05,0.010833,4.61553,36.9242,2.05
pfet_06v0,fs,-40,2.10,1.20u,16,drop_at_50mA,0.121474,0.05,2.42948,38.8717,1.97853
pfet_06v0,fs,-40,2.10,1.20u,16,drop_at_100mA,0.27309,0.1,2.7309,43.6944,1.82691
pfet_06v0,fs,-40,2.10,1.20u,16,rlin_at_50mV,0.05,0.021666,2.30776,36.9242,2.05
pfet_06v0,fs,-40,2.97,0.55u,1,drop_at_50mA,0.656145,0.05,13.1229,13.1229,2.31385
pfet_06v0,fs,-40,2.97,0.55u,1,drop_at_100mA,8.05005,0.1,80.5005,80.5005,-5.08005
pfet_06v0,fs,-40,2.97,0.55u,1,rlin_at_50mV,0.05,0.00507864,9.84515,9.84515,2.92
pfet_06v0,fs,-40,2.97,0.55u,2,drop_at_50mA,0.272196,0.05,5.44392,10.8878,2.6978
pfet_06v0,fs,-40,2.97,0.55u,2,drop_at_100mA,0.656145,0.1,6.56145,13.1229,2.31385
pfet_06v0,fs,-40,2.97,0.55u,2,rlin_at_50mV,0.05,0.0101573,4.92257,9.84515,2.92
pfet_06v0,fs,-40,2.97,0.55u,4,drop_at_50mA,0.127388,0.05,2.54776,10.191,2.84261
pfet_06v0,fs,-40,2.97,0.55u,4,drop_at_100mA,0.272196,0.1,2.72196,10.8878,2.6978
pfet_06v0,fs,-40,2.97,0.55u,4,rlin_at_50mV,0.05,0.0203146,2.46129,9.84515,2.92
pfet_06v0,fs,-40,2.97,0.55u,8,drop_at_50mA,0.0618564,0.05,1.23713,9.89703,2.90814
pfet_06v0,fs,-40,2.97,0.55u,8,drop_at_100mA,0.127388,0.1,1.27388,10.191,2.84261
pfet_06v0,fs,-40,2.97,0.55u,8,rlin_at_50mV,0.05,0.0406292,1.23064,9.84515,2.92
pfet_06v0,fs,-40,2.97,0.55u,16,drop_at_50mA,0.0305021,0.05,0.610043,9.76068,2.9395
pfet_06v0,fs,-40,2.97,0.55u,16,drop_at_100mA,0.0618564,0.1,0.618564,9.89703,2.90814
pfet_06v0,fs,-40,2.97,0.55u,16,rlin_at_50mV,0.05,0.0812583,0.615322,9.84515,2.92
pfet_06v0,fs,-40,2.97,0.70u,1,drop_at_50mA,1.00734,0.05,20.1468,20.1468,1.96266
pfet_06v0,fs,-40,2.97,0.70u,1,drop_at_100mA,8.99865,0.1,89.9865,89.9865,-6.02865
pfet_06v0,fs,-40,2.97,0.70u,1,rlin_at_50mV,0.05,0.00396386,12.614,12.614,2.92
pfet_06v0,fs,-40,2.97,0.70u,2,drop_at_50mA,0.362172,0.05,7.24344,14.4869,2.60783
pfet_06v0,fs,-40,2.97,0.70u,2,drop_at_100mA,1.00734,0.1,10.0734,20.1468,1.96266
pfet_06v0,fs,-40,2.97,0.70u,2,rlin_at_50mV,0.05,0.00792772,6.30698,12.614,2.92
pfet_06v0,fs,-40,2.97,0.70u,4,drop_at_50mA,0.16577,0.05,3.31539,13.2616,2.80423
pfet_06v0,fs,-40,2.97,0.70u,4,drop_at_100mA,0.362172,0.1,3.62172,14.4869,2.60783
pfet_06v0,fs,-40,2.97,0.70u,4,rlin_at_50mV,0.05,0.0158554,3.15349,12.614,2.92
pfet_06v0,fs,-40,2.97,0.70u,8,drop_at_50mA,0.0798509,0.05,1.59702,12.7761,2.89015
pfet_06v0,fs,-40,2.97,0.70u,8,drop_at_100mA,0.16577,0.1,1.6577,13.2616,2.80423
pfet_06v0,fs,-40,2.97,0.70u,8,rlin_at_50mV,0.05,0.0317109,1.57674,12.614,2.92
pfet_06v0,fs,-40,2.97,0.70u,16,drop_at_50mA,0.0392384,0.05,0.784767,12.5563,2.93076
pfet_06v0,fs,-40,2.97,0.70u,16,drop_at_100mA,0.0798509,0.1,0.798509,12.7761,2.89015
pfet_06v0,fs,-40,2.97,0.70u,16,rlin_at_50mV,0.05,0.0634218,0.788372,12.614,2.92
pfet_06v0,fs,-40,2.97,1.20u,1,drop_at_50mA,8.73115,0.05,174.623,174.623,-5.76115
pfet_06v0,fs,-40,2.97,1.20u,1,drop_at_100mA,10.4141,0.1,104.141,104.141,-7.44414
pfet_06v0,fs,-40,2.97,1.20u,1,rlin_at_50mV,0.05,0.00227732,21.9556,21.9556,2.92
pfet_06v0,fs,-40,2.97,1.20u,2,drop_at_50mA,0.756019,0.05,15.1204,30.2407,2.21398
pfet_06v0,fs,-40,2.97,1.20u,2,drop_at_100mA,8.73115,0.1,87.3115,174.623,-5.76115
pfet_06v0,fs,-40,2.97,1.20u,2,rlin_at_50mV,0.05,0.00455465,10.9778,21.9556,2.92
pfet_06v0,fs,-40,2.97,1.20u,4,drop_at_50mA,0.305463,0.05,6.10926,24.437,2.66454
pfet_06v0,fs,-40,2.97,1.20u,4,drop_at_100mA,0.756019,0.1,7.56019,30.2407,2.21398
pfet_06v0,fs,-40,2.97,1.20u,4,rlin_at_50mV,0.05,0.00910929,5.4889,21.9556,2.92
pfet_06v0,fs,-40,2.97,1.20u,8,drop_at_50mA,0.142509,0.05,2.85018,22.8014,2.82749
pfet_06v0,fs,-40,2.97,1.20u,8,drop_at_100mA,0.305463,0.1,3.05463,24.437,2.66454
pfet_06v0,fs,-40,2.97,1.20u,8,rlin_at_50mV,0.05,0.0182186,2.74445,21.9556,2.92
pfet_06v0,fs,-40,2.97,1.20u,16,drop_at_50mA,0.0691442,0.05,1.38288,22.1261,2.90086
pfet_06v0,fs,-40,2.97,1.20u,16,drop_at_100mA,0.142509,0.1,1.42509,22.8014,2.82749
pfet_06v0,fs,-40,2.97,1.20u,16,rlin_at_50mV,0.05,0.0364372,1.37223,21.9556,2.92
pfet_06v0,fs,-40,3.30,0.55u,1,drop_at_50mA,0.535717,0.05,10.7143,10.7143,2.76428
pfet_06v0,fs,-40,3.30,0.55u,1,drop_at_100mA,5.12025,0.1,51.2025,51.2025,-1.82025
pfet_06v0,fs,-40,3.30,0.55u,1,rlin_at_50mV,0.05,0.00568811,8.79026,8.79026,3.25
pfet_06v0,fs,-40,3.30,0.55u,2,drop_at_50mA,0.236649,0.05,4.73297,9.46595,3.06335
pfet_06v0,fs,-40,3.30,0.55u,2,drop_at_100mA,0.535717,0.1,5.35717,10.7143,2.76428
pfet_06v0,fs,-40,3.30,0.55u,2,rlin_at_50mV,0.05,0.0113762,4.39513,8.79026,3.25
pfet_06v0,fs,-40,3.30,0.55u,4,drop_at_50mA,0.112614,0.05,2.25228,9.00911,3.18739
pfet_06v0,fs,-40,3.30,0.55u,4,drop_at_100mA,0.236649,0.1,2.36649,9.46595,3.06335
pfet_06v0,fs,-40,3.30,0.55u,4,rlin_at_50mV,0.05,0.0227525,2.19756,8.79026,3.25
pfet_06v0,fs,-40,3.30,0.55u,8,drop_at_50mA,0.0550476,0.05,1.10095,8.80762,3.24495
pfet_06v0,fs,-40,3.30,0.55u,8,drop_at_100mA,0.112614,0.1,1.12614,9.00911,3.18739
pfet_06v0,fs,-40,3.30,0.55u,8,rlin_at_50mV,0.05,0.0455049,1.09878,8.79026,3.25
pfet_06v0,fs,-40,3.30,0.55u,16,drop_at_50mA,0.0272266,0.05,0.544532,8.71251,3.27277
pfet_06v0,fs,-40,3.30,0.55u,16,drop_at_100mA,0.0550476,0.1,0.550476,8.80762,3.24495
pfet_06v0,fs,-40,3.30,0.55u,16,rlin_at_50mV,0.05,0.0910098,0.549391,8.79026,3.25
pfet_06v0,fs,-40,3.30,0.70u,1,drop_at_50mA,0.740527,0.05,14.8105,14.8105,2.55947
pfet_06v0,fs,-40,3.30,0.70u,1,drop_at_100mA,8.37561,0.1,83.7561,83.7561,-5.07561
pfet_06v0,fs,-40,3.30,0.70u,1,rlin_at_50mV,0.05,0.00445907,11.2131,11.2131,3.25
pfet_06v0,fs,-40,3.30,0.70u,2,drop_at_50mA,0.309714,0.05,6.19428,12.3886,2.99029
pfet_06v0,fs,-40,3.30,0.70u,2,drop_at_100mA,0.740527,0.1,7.40527,14.8105,2.55947
pfet_06v0,fs,-40,3.30,0.70u,2,rlin_at_50mV,0.05,0.00891815,5.60655,11.2131,3.25
pfet_06v0,fs,-40,3.30,0.70u,4,drop_at_50mA,0.145298,0.05,2.90596,11.6238,3.1547
pfet_06v0,fs,-40,3.30,0.70u,4,drop_at_100mA,0.309714,0.1,3.09714,12.3886,2.99029
pfet_06v0,fs,-40,3.30,0.70u,4,rlin_at_50mV,0.05,0.0178363,2.80327,11.2131,3.25
pfet_06v0,fs,-40,3.30,0.70u,8,drop_at_50mA,0.0706256,0.05,1.41251,11.3001,3.22937
pfet_06v0,fs,-40,3.30,0.70u,8,drop_at_100mA,0.145298,0.1,1.45298,11.6238,3.1547
pfet_06v0,fs,-40,3.30,0.70u,8,rlin_at_50mV,0.05,0.0356726,1.40164,11.2131,3.25
pfet_06v0,fs,-40,3.30,0.70u,16,drop_at_50mA,0.0348431,0.05,0.696862,11.1498,3.26516
pfet_06v0,fs,-40,3.30,0.70u,16,drop_at_100mA,0.0706256,0.1,0.706256,11.3001,3.22937
pfet_06v0,fs,-40,3.30,0.70u,16,rlin_at_50mV,0.05,0.0713452,0.700818,11.2131,3.25
pfet_06v0,fs,-40,3.30,1.20u,1,drop_at_50mA,7.73159,0.05,154.632,154.632,-4.43159
pfet_06v0,fs,-40,3.30,1.20u,1,drop_at_100mA,10.0421,0.1,100.421,100.421,-6.74208
pfet_06v0,fs,-40,3.30,1.20u,1,rlin_at_50mV,0.05,0.00257923,19.3856,19.3856,3.25
pfet_06v0,fs,-40,3.30,1.20u,2,drop_at_50mA,0.594542,0.05,11.8908,23.7817,2.70546
pfet_06v0,fs,-40,3.30,1.20u,2,drop_at_100mA,7.73159,0.1,77.3159,154.632,-4.43159
pfet_06v0,fs,-40,3.30,1.20u,2,rlin_at_50mV,0.05,0.00515846,9.69282,19.3856,3.25
pfet_06v0,fs,-40,3.30,1.20u,4,drop_at_50mA,0.261405,0.05,5.22809,20.9124,3.0386
pfet_06v0,fs,-40,3.30,1.20u,4,drop_at_100mA,0.594542,0.1,5.94542,23.7817,2.70546
pfet_06v0,fs,-40,3.30,1.20u,4,rlin_at_50mV,0.05,0.0103169,4.84641,19.3856,3.25
pfet_06v0,fs,-40,3.30,1.20u,8,drop_at_50mA,0.124378,0.05,2.48756,19.9005,3.17562
pfet_06v0,fs,-40,3.30,1.20u,8,drop_at_100mA,0.261405,0.1,2.61405,20.9124,3.0386
pfet_06v0,fs,-40,3.30,1.20u,8,rlin_at_50mV,0.05,0.0206338,2.4232,19.3856,3.25
pfet_06v0,fs,-40,3.30,1.20u,16,drop_at_50mA,0.0608095,0.05,1.21619,19.459,3.23919
pfet_06v0,fs,-40,3.30,1.20u,16,drop_at_100mA,0.124378,0.1,1.24378,19.9005,3.17562
pfet_06v0,fs,-40,3.30,1.20u,16,rlin_at_50mV,0.05,0.0412677,1.2116,19.3856,3.25
pfet_06v0,fs,-40,3.63,0.55u,1,drop_at_50mA,0.46521,0.05,9.30419,9.30419,3.16479
pfet_06v0,fs,-40,3.63,0.55u,1,drop_at_100mA,1.30368,0.1,13.0368,13.0368,2.32632
pfet_06v0,fs,-40,3.63,0.55u,1,rlin_at_50mV,0.05,0.00624376,8.00799,8.00799,3.58
pfet_06v0,fs,-40,3.63,0.55u,2,drop_at_50mA,0.212053,0.05,4.24105,8.48211,3.41795
pfet_06v0,fs,-40,3.63,0.55u,2,drop_at_100mA,0.46521,0.1,4.6521,9.30419,3.16479
pfet_06v0,fs,-40,3.63,0.55u,2,rlin_at_50mV,0.05,0.0124875,4.00399,8.00799,3.58
pfet_06v0,fs,-40,3.63,0.55u,4,drop_at_50mA,0.101949,0.05,2.03898,8.15594,3.52805
pfet_06v0,fs,-40,3.63,0.55u,4,drop_at_100mA,0.212053,0.1,2.12053,8.48211,3.41795
pfet_06v0,fs,-40,3.63,0.55u,4,rlin_at_50mV,0.05,0.0249751,2.002,8.00799,3.58
pfet_06v0,fs,-40,3.63,0.55u,8,drop_at_50mA,0.0500508,0.05,1.00102,8.00813,3.57995
pfet_06v0,fs,-40,3.63,0.55u,8,drop_at_100mA,0.101949,0.1,1.01949,8.15594,3.52805
pfet_06v0,fs,-40,3.63,0.55u,8,rlin_at_50mV,0.05,0.0499501,1.001,8.00799,3.58
pfet_06v0,fs,-40,3.63,0.55u,16,drop_at_50mA,0.0248048,0.05,0.496097,7.93755,3.6052
pfet_06v0,fs,-40,3.63,0.55u,16,drop_at_100mA,0.0500508,0.1,0.500508,8.00813,3.57995
pfet_06v0,fs,-40,3.63,0.55u,16,rlin_at_50mV,0.05,0.0999002,0.500499,8.00799,3.58
pfet_06v0,fs,-40,3.63,0.70u,1,drop_at_50mA,0.62215,0.05,12.443,12.443,3.00785
pfet_06v0,fs,-40,3.63,0.70u,1,drop_at_100mA,6.96158,0.1,69.6158,69.6158,-3.33158
pfet_06v0,fs,-40,3.63,0.70u,1,rlin_at_50mV,0.05,0.00491296,10.1772,10.1772,3.58
pfet_06v0,fs,-40,3.63,0.70u,2,drop_at_50mA,0.274658,0.05,5.49316,10.9863,3.35534
pfet_06v0,fs,-40,3.63,0.70u,2,drop_at_100mA,0.62215,0.1,6.2215,12.443,3.00785
pfet_06v0,fs,-40,3.63,0.70u,2,rlin_at_50mV,0.05,0.00982592,5.08858,10.1772,3.58
pfet_06v0,fs,-40,3.63,0.70u,4,drop_at_50mA,0.130717,0.05,2.61434,10.4574,3.49928
pfet_06v0,fs,-40,3.63,0.70u,4,drop_at_100mA,0.274658,0.1,2.74658,10.9863,3.35534
pfet_06v0,fs,-40,3.63,0.70u,4,rlin_at_50mV,0.05,0.0196518,2.54429,10.1772,3.58
pfet_06v0,fs,-40,3.63,0.70u,8,drop_at_50mA,0.0639039,0.05,1.27808,10.2246,3.5661
pfet_06v0,fs,-40,3.63,0.70u,8,drop_at_100mA,0.130717,0.1,1.30717,10.4574,3.49928
pfet_06v0,fs,-40,3.63,0.70u,8,rlin_at_50mV,0.05,0.0393037,1.27214,10.1772,3.58
pfet_06v0,fs,-40,3.63,0.70u,16,drop_at_50mA,0.031609,0.05,0.632179,10.1149,3.59839
pfet_06v0,fs,-40,3.63,0.70u,16,drop_at_100mA,0.0639039,0.1,0.639039,10.2246,3.5661
pfet_06v0,fs,-40,3.63,0.70u,16,rlin_at_50mV,0.05,0.0786074,0.636072,10.1772,3.58
pfet_06v0,fs,-40,3.63,1.20u,1,drop_at_50mA,1.49826,0.05,29.9651,29.9651,2.13174
pfet_06v0,fs,-40,3.63,1.20u,1,drop_at_100mA,9.71049,0.1,97.1049,97.1049,-6.08049
pfet_06v0,fs,-40,3.63,1.20u,1,rlin_at_50mV,0.05,0.00285834,17.4927,17.4927,3.58
pfet_06v0,fs,-40,3.63,1.20u,2,drop_at_50mA,0.507347,0.05,10.1469,20.2939,3.12265
pfet_06v0,fs,-40,3.63,1.20u,2,drop_at_100mA,1.49826,0.1,14.9826,29.9651,2.13174
pfet_06v0,fs,-40,3.63,1.20u,2,rlin_at_50mV,0.05,0.00571668,8.74634,17.4927,3.58
pfet_06v0,fs,-40,3.63,1.20u,4,drop_at_50mA,0.231518,0.05,4.63036,18.5215,3.39848
pfet_06v0,fs,-40,3.63,1.20u,4,drop_at_100mA,0.507347,0.1,5.07347,20.2939,3.12265
pfet_06v0,fs,-40,3.63,1.20u,4,rlin_at_50mV,0.05,0.0114334,4.37317,17.4927,3.58
pfet_06v0,fs,-40,3.63,1.20u,8,drop_at_50mA,0.111437,0.05,2.22874,17.8299,3.51856
pfet_06v0,fs,-40,3.63,1.20u,8,drop_at_100mA,0.231518,0.1,2.31518,18.5215,3.39848
pfet_06v0,fs,-40,3.63,1.20u,8,rlin_at_50mV,0.05,0.0228667,2.18658,17.4927,3.58
pfet_06v0,fs,-40,3.63,1.20u,16,drop_at_50mA,0.0547448,0.05,1.0949,17.5183,3.57526
pfet_06v0,fs,-40,3.63,1.20u,16,drop_at_100mA,0.111437,0.1,1.11437,17.8299,3.51856
pfet_06v0,fs,-40,3.63,1.20u,16,rlin_at_50mV,0.05,0.0457334,1.09329,17.4927,3.58
pfet_06v0,fs,-40,4.50,0.55u,1,drop_at_50mA,0.364677,0.05,7.29354,7.29354,4.13532
pfet_06v0,fs,-40,4.50,0.55u,1,drop_at_100mA,0.838676,0.1,8.38676,8.38676,3.66132
pfet_06v0,fs,-40,4.50,0.55u,1,rlin_at_50mV,0.05,0.00749633,6.66993,6.66993,4.45
pfet_06v0,fs,-40,4.50,0.55u,2,drop_at_50mA,0.17261,0.05,3.4522,6.9044,4.32739
pfet_06v0,fs,-40,4.50,0.55u,2,drop_at_100mA,0.364677,0.1,3.64677,7.29354,4.13532
pfet_06v0,fs,-40,4.50,0.55u,2,rlin_at_50mV,0.05,0.0149927,3.33496,6.66993,4.45
pfet_06v0,fs,-40,4.50,0.55u,4,drop_at_50mA,0.0841781,0.05,1.68356,6.73425,4.41582
pfet_06v0,fs,-40,4.50,0.55u,4,drop_at_100mA,0.17261,0.1,1.7261,6.9044,4.32739
pfet_06v0,fs,-40,4.50,0.55u,4,rlin_at_50mV,0.05,0.0299853,1.66748,6.66993,4.45
pfet_06v0,fs,-40,4.50,0.55u,8,drop_at_50mA,0.0415889,0.05,0.831777,6.65422,4.45841
pfet_06v0,fs,-40,4.50,0.55u,8,drop_at_100mA,0.0841781,0.1,0.841781,6.73425,4.41582
pfet_06v0,fs,-40,4.50,0.55u,8,rlin_at_50mV,0.05,0.0599707,0.833741,6.66993,4.45
pfet_06v0,fs,-40,4.50,0.55u,16,drop_at_50mA,0.020673,0.05,0.41346,6.61536,4.47933
pfet_06v0,fs,-40,4.50,0.55u,16,drop_at_100mA,0.0415889,0.1,0.415889,6.65422,4.45841
pfet_06v0,fs,-40,4.50,0.55u,16,rlin_at_50mV,0.05,0.119941,0.41687,6.66993,4.45
pfet_06v0,fs,-40,4.50,0.70u,1,drop_at_50mA,0.471371,0.05,9.42742,9.42742,4.02863
pfet_06v0,fs,-40,4.50,0.70u,1,drop_at_100mA,1.14618,0.1,11.4618,11.4618,3.35382
pfet_06v0,fs,-40,4.50,0.70u,1,rlin_at_50mV,0.05,0.00594333,8.4128,8.4128,4.45
pfet_06v0,fs,-40,4.50,0.70u,2,drop_at_50mA,0.22007,0.05,4.4014,8.8028,4.27993
pfet_06v0,fs,-40,4.50,0.70u,2,drop_at_100mA,0.471371,0.1,4.71371,9.42742,4.02863
pfet_06v0,fs,-40,4.50,0.70u,2,rlin_at_50mV,0.05,0.0118867,4.2064,8.4128,4.45
pfet_06v0,fs,-40,4.50,0.70u,4,drop_at_50mA,0.106753,0.05,2.13505,8.5402,4.39325
pfet_06v0,fs,-40,4.50,0.70u,4,drop_at_100mA,0.22007,0.1,2.2007,8.8028,4.27993
pfet_06v0,fs,-40,4.50,0.70u,4,rlin_at_50mV,0.05,0.0237733,2.1032,8.4128,4.45
pfet_06v0,fs,-40,4.50,0.70u,8,drop_at_50mA,0.0526163,0.05,1.05233,8.41861,4.44738
pfet_06v0,fs,-40,4.50,0.70u,8,drop_at_100mA,0.106753,0.1,1.06753,8.5402,4.39325
pfet_06v0,fs,-40,4.50,0.70u,8,rlin_at_50mV,0.05,0.0475466,1.0516,8.4128,4.45
pfet_06v0,fs,-40,4.50,0.70u,16,drop_at_50mA,0.026125,0.05,0.522499,8.35999,4.47388
pfet_06v0,fs,-40,4.50,0.70u,16,drop_at_100mA,0.0526163,0.1,0.526163,8.41861,4.44738
pfet_06v0,fs,-40,4.50,0.70u,16,rlin_at_50mV,0.05,0.0950932,0.5258,8.4128,4.45
pfet_06v0,fs,-40,4.50,1.20u,1,drop_at_50mA,0.883393,0.05,17.6679,17.6679,3.61661
pfet_06v0,fs,-40,4.50,1.20u,1,drop_at_100mA,8.50661,0.1,85.0661,85.0661,-4.00661
pfet_06v0,fs,-40,4.50,1.20u,1,rlin_at_50mV,0.05,0.00349937,14.2883,14.2883,4.45
pfet_06v0,fs,-40,4.50,1.20u,2,drop_at_50mA,0.387995,0.05,7.75991,15.5198,4.112
pfet_06v0,fs,-40,4.50,1.20u,2,drop_at_100mA,0.883393,0.1,8.83393,17.6679,3.61661
pfet_06v0,fs,-40,4.50,1.20u,2,rlin_at_50mV,0.05,0.00699874,7.14414,14.2883,4.45
pfet_06v0,fs,-40,4.50,1.20u,4,drop_at_50mA,0.184483,0.05,3.68967,14.7587,4.31552
pfet_06v0,fs,-40,4.50,1.20u,4,drop_at_100mA,0.387995,0.1,3.87995,15.5198,4.112
pfet_06v0,fs,-40,4.50,1.20u,4,rlin_at_50mV,0.05,0.0139975,3.57207,14.2883,4.45
pfet_06v0,fs,-40,4.50,1.20u,8,drop_at_50mA,0.0901638,0.05,1.80328,14.4262,4.40984
pfet_06v0,fs,-40,4.50,1.20u,8,drop_at_100mA,0.184483,0.1,1.84483,14.7587,4.31552
pfet_06v0,fs,-40,4.50,1.20u,8,rlin_at_50mV,0.05,0.027995,1.78604,14.2883,4.45
pfet_06v0,fs,-40,4.50,1.20u,16,drop_at_50mA,0.0445934,0.05,0.891868,14.2699,4.45541
pfet_06v0,fs,-40,4.50,1.20u,16,drop_at_100mA,0.0901638,0.1,0.901638,14.4262,4.40984
pfet_06v0,fs,-40,4.50,1.20u,16,rlin_at_50mV,0.05,0.0559899,0.893018,14.2883,4.45
pfet_06v0,fs,-40,5.00,0.55u,1,drop_at_50mA,0.331489,0.05,6.62977,6.62977,4.66851
pfet_06v0,fs,-40,5.00,0.55u,1,drop_at_100mA,0.737017,0.1,7.37017,7.37017,4.26298
pfet_06v0,fs,-40,5.00,0.55u,1,rlin_at_50mV,0.05,0.00810259,6.17087,6.17087,4.95
pfet_06v0,fs,-40,5.00,0.55u,2,drop_at_50mA,0.158576,0.05,3.17151,6.34302,4.84142
pfet_06v0,fs,-40,5.00,0.55u,2,drop_at_100mA,0.331489,0.1,3.31489,6.62977,4.66851
pfet_06v0,fs,-40,5.00,0.55u,2,rlin_at_50mV,0.05,0.0162052,3.08543,6.17087,4.95
pfet_06v0,fs,-40,5.00,0.55u,4,drop_at_50mA,0.0776775,0.05,1.55355,6.2142,4.92232
pfet_06v0,fs,-40,5.00,0.55u,4,drop_at_100mA,0.158576,0.1,1.58576,6.34302,4.84142
pfet_06v0,fs,-40,5.00,0.55u,4,rlin_at_50mV,0.05,0.0324103,1.54272,6.17087,4.95
pfet_06v0,fs,-40,5.00,0.55u,8,drop_at_50mA,0.0384557,0.05,0.769113,6.15291,4.96154
pfet_06v0,fs,-40,5.00,0.55u,8,drop_at_100mA,0.0776775,0.1,0.776775,6.2142,4.92232
pfet_06v0,fs,-40,5.00,0.55u,8,rlin_at_50mV,0.05,0.0648207,0.771359,6.17087,4.95
pfet_06v0,fs,-40,5.00,0.55u,16,drop_at_50mA,0.0191343,0.05,0.382687,6.12299,4.98087
pfet_06v0,fs,-40,5.00,0.55u,16,drop_at_100mA,0.0384557,0.1,0.384557,6.15291,4.96154
pfet_06v0,fs,-40,5.00,0.55u,16,rlin_at_50mV,0.05,0.129641,0.385679,6.17087,4.95
pfet_06v0,fs,-40,5.00,0.70u,1,drop_at_50mA,0.424492,0.05,8.48985,8.48985,4.57551
pfet_06v0,fs,-40,5.00,0.70u,1,drop_at_100mA,0.975338,0.1,9.75338,9.75338,4.02466
pfet_06v0,fs,-40,5.00,0.70u,1,rlin_at_50mV,0.05,0.00644483,7.75816,7.75816,4.95
pfet_06v0,fs,-40,5.00,0.70u,2,drop_at_50mA,0.201062,0.05,4.02124,8.04248,4.79894
pfet_06v0,fs,-40,5.00,0.70u,2,drop_at_100mA,0.424492,0.1,4.24492,8.48985,4.57551
pfet_06v0,fs,-40,5.00,0.70u,2,rlin_at_50mV,0.05,0.0128897,3.87908,7.75816,4.95
pfet_06v0,fs,-40,5.00,0.70u,4,drop_at_50mA,0.0980896,0.05,1.96179,7.84717,4.90191
pfet_06v0,fs,-40,5.00,0.70u,4,drop_at_100mA,0.201062,0.1,2.01062,8.04248,4.79894
pfet_06v0,fs,-40,5.00,0.70u,4,rlin_at_50mV,0.05,0.0257793,1.93954,7.75816,4.95
pfet_06v0,fs,-40,5.00,0.70u,8,drop_at_50mA,0.0484709,0.05,0.969419,7.75535,4.95153
pfet_06v0,fs,-40,5.00,0.70u,8,drop_at_100mA,0.0980896,0.1,0.980896,7.84717,4.90191
pfet_06v0,fs,-40,5.00,0.70u,8,rlin_at_50mV,0.05,0.0515586,0.96977,7.75816,4.95
pfet_06v0,fs,-40,5.00,0.70u,16,drop_at_50mA,0.0240962,0.05,0.481924,7.71078,4.9759
pfet_06v0,fs,-40,5.00,0.70u,16,drop_at_100mA,0.0484709,0.1,0.484709,7.75535,4.95153
pfet_06v0,fs,-40,5.00,0.70u,16,rlin_at_50mV,0.05,0.103117,0.484885,7.75816,4.95
pfet_06v0,fs,-40,5.00,1.20u,1,drop_at_50mA,0.768637,0.05,15.3727,15.3727,4.23136
pfet_06v0,fs,-40,5.00,1.20u,1,drop_at_100mA,2.32975,0.1,23.2975,23.2975,2.67025
pfet_06v0,fs,-40,5.00,1.20u,1,rlin_at_50mV,0.05,0.0038144,13.1082,13.1082,4.95
pfet_06v0,fs,-40,5.00,1.20u,2,drop_at_50mA,0.34957,0.05,6.99139,13.9828,4.65043
pfet_06v0,fs,-40,5.00,1.20u,2,drop_at_100mA,0.768637,0.1,7.68637,15.3727,4.23136
pfet_06v0,fs,-40,5.00,1.20u,2,rlin_at_50mV,0.05,0.0076288,6.55411,13.1082,4.95
pfet_06v0,fs,-40,5.00,1.20u,4,drop_at_50mA,0.168027,0.05,3.36054,13.4421,4.83197
pfet_06v0,fs,-40,5.00,1.20u,4,drop_at_100mA,0.34957,0.1,3.4957,13.9828,4.65043
pfet_06v0,fs,-40,5.00,1.20u,4,rlin_at_50mV,0.05,0.0152576,3.27706,13.1082,4.95
pfet_06v0,fs,-40,5.00,1.20u,8,drop_at_50mA,0.0824927,0.05,1.64985,13.1988,4.91751
pfet_06v0,fs,-40,5.00,1.20u,8,drop_at_100mA,0.168027,0.1,1.68027,13.4421,4.83197
pfet_06v0,fs,-40,5.00,1.20u,8,rlin_at_50mV,0.05,0.0305152,1.63853,13.1082,4.95
pfet_06v0,fs,-40,5.00,1.20u,16,drop_at_50mA,0.0408843,0.05,0.817686,13.083,4.95912
pfet_06v0,fs,-40,5.00,1.20u,16,drop_at_100mA,0.0824927,0.1,0.824927,13.1988,4.91751
pfet_06v0,fs,-40,5.00,1.20u,16,rlin_at_50mV,0.05,0.0610304,0.819264,13.1082,4.95
pfet_06v0,fs,-40,5.50,0.55u,1,drop_at_50mA,0.307056,0.05,6.14112,6.14112,5.19294
pfet_06v0,fs,-40,5.50,0.55u,1,drop_at_100mA,0.668778,0.1,6.68778,6.68778,4.83122
pfet_06v0,fs,-40,5.50,0.55u,1,rlin_at_50mV,0.05,0.00864173,5.78588,5.78588,5.45
pfet_06v0,fs,-40,5.50,0.55u,2,drop_at_50mA,0.147956,0.05,2.95912,5.91823,5.35204
pfet_06v0,fs,-40,5.50,0.55u,2,drop_at_100mA,0.307056,0.1,3.07056,6.14112,5.19294
pfet_06v0,fs,-40,5.50,0.55u,2,rlin_at_50mV,0.05,0.0172835,2.89294,5.78588,5.45
pfet_06v0,fs,-40,5.50,0.55u,4,drop_at_50mA,0.0727029,0.05,1.45406,5.81624,5.4273
pfet_06v0,fs,-40,5.50,0.55u,4,drop_at_100mA,0.147956,0.1,1.47956,5.91823,5.35204
pfet_06v0,fs,-40,5.50,0.55u,4,rlin_at_50mV,0.05,0.0345669,1.44647,5.78588,5.45
pfet_06v0,fs,-40,5.50,0.55u,8,drop_at_50mA,0.0360457,0.05,0.720915,5.76732,5.46395
pfet_06v0,fs,-40,5.50,0.55u,8,drop_at_100mA,0.0727029,0.1,0.727029,5.81624,5.4273
pfet_06v0,fs,-40,5.50,0.55u,8,rlin_at_50mV,0.05,0.0691338,0.723235,5.78588,5.45
pfet_06v0,fs,-40,5.50,0.55u,16,drop_at_50mA,0.017948,0.05,0.358959,5.74335,5.48205
pfet_06v0,fs,-40,5.50,0.55u,16,drop_at_100mA,0.0360457,0.1,0.360457,5.76732,5.46395
pfet_06v0,fs,-40,5.50,0.55u,16,rlin_at_50mV,0.05,0.138268,0.361618,5.78588,5.45
pfet_06v0,fs,-40,5.50,0.70u,1,drop_at_50mA,0.390672,0.05,7.81344,7.81344,5.10933
pfet_06v0,fs,-40,5.50,0.70u,1,drop_at_100mA,0.87034,0.1,8.7034,8.7034,4.62966
pfet_06v0,fs,-40,5.50,0.70u,1,rlin_at_50mV,0.05,0.0068918,7.25499,7.25499,5.45
pfet_06v0,fs,-40,5.50,0.70u,2,drop_at_50mA,0.186816,0.05,3.73633,7.47265,5.31318
pfet_06v0,fs,-40,5.50,0.70u,2,drop_at_100mA,0.390672,0.1,3.90672,7.81344,5.10933
pfet_06v0,fs,-40,5.50,0.70u,2,rlin_at_50mV,0.05,0.0137836,3.6275,7.25499,5.45
pfet_06v0,fs,-40,5.50,0.70u,4,drop_at_50mA,0.0915015,0.05,1.83003,7.32012,5.4085
pfet_06v0,fs,-40,5.50,0.70u,4,drop_at_100mA,0.186816,0.1,1.86816,7.47265,5.31318
pfet_06v0,fs,-40,5.50,0.70u,4,rlin_at_50mV,0.05,0.0275672,1.81375,7.25499,5.45
pfet_06v0,fs,-40,5.50,0.70u,8,drop_at_50mA,0.0452979,0.05,0.905958,7.24766,5.4547
pfet_06v0,fs,-40,5.50,0.70u,8,drop_at_100mA,0.0915015,0.1,0.915015,7.32012,5.4085
pfet_06v0,fs,-40,5.50,0.70u,8,rlin_at_50mV,0.05,0.0551344,0.906874,7.25499,5.45
pfet_06v0,fs,-40,5.50,0.70u,16,drop_at_50mA,0.0225385,0.05,0.45077,7.21232,5.47746
pfet_06v0,fs,-40,5.50,0.70u,16,drop_at_100mA,0.0452979,0.1,0.452979,7.24766,5.4547
pfet_06v0,fs,-40,5.50,0.70u,16,rlin_at_50mV,0.05,0.110269,0.453437,7.25499,5.45
pfet_06v0,fs,-40,5.50,1.20u,1,drop_at_50mA,0.692842,0.05,13.8568,13.8568,4.80716
pfet_06v0,fs,-40,5.50,1.20u,1,drop_at_100mA,1.74647,0.1,17.4647,17.4647,3.75353
pfet_06v0,fs,-40,5.50,1.20u,1,rlin_at_50mV,0.05,0.00409634,12.206,12.206,5.45
pfet_06v0,fs,-40,5.50,1.20u,2,drop_at_50mA,0.321593,0.05,6.43185,12.8637,5.17841
pfet_06v0,fs,-40,5.50,1.20u,2,drop_at_100mA,0.692842,0.1,6.92842,13.8568,4.80716
pfet_06v0,fs,-40,5.50,1.20u,2,rlin_at_50mV,0.05,0.00819267,6.10301,12.206,5.45
pfet_06v0,fs,-40,5.50,1.20u,4,drop_at_50mA,0.155695,0.05,3.1139,12.4556,5.3443
pfet_06v0,fs,-40,5.50,1.20u,4,drop_at_100mA,0.321593,0.1,3.21593,12.8637,5.17841
pfet_06v0,fs,-40,5.50,1.20u,4,rlin_at_50mV,0.05,0.0163853,3.05151,12.206,5.45
pfet_06v0,fs,-40,5.50,1.20u,8,drop_at_50mA,0.0766768,0.05,1.53354,12.2683,5.42332
pfet_06v0,fs,-40,5.50,1.20u,8,drop_at_100mA,0.155695,0.1,1.55695,12.4556,5.3443
pfet_06v0,fs,-40,5.50,1.20u,8,rlin_at_50mV,0.05,0.0327707,1.52575,12.206,5.45
pfet_06v0,fs,-40,5.50,1.20u,16,drop_at_50mA,0.0380572,0.05,0.761145,12.1783,5.46194
pfet_06v0,fs,-40,5.50,1.20u,16,drop_at_100mA,0.0766768,0.1,0.766768,12.2683,5.42332
pfet_06v0,fs,-40,5.50,1.20u,16,rlin_at_50mV,0.05,0.0655414,0.762877,12.206,5.45
pfet_06v0,fs,27,2.10,0.55u,1,drop_at_50mA,8.76271,0.05,175.254,175.254,-6.66271
pfet_06v0,fs,27,2.10,0.55u,1,drop_at_100mA,10.28,0.1,102.8,102.8,-8.17995
pfet_06v0,fs,27,2.10,0.55u,1,rlin_at_50mV,0.05,0.00246685,20.2687,20.2687,2.05
pfet_06v0,fs,27,2.10,0.55u,2,drop_at_50mA,1.71087,0.05,34.2175,68.4349,0.389127
pfet_06v0,fs,27,2.10,0.55u,2,drop_at_100mA,8.76271,0.1,87.6271,175.254,-6.66271
pfet_06v0,fs,27,2.10,0.55u,2,rlin_at_50mV,0.05,0.00493371,10.1344,20.2687,2.05
pfet_06v0,fs,27,2.10,0.55u,4,drop_at_50mA,0.297469,0.05,5.94937,23.7975,1.80253
pfet_06v0,fs,27,2.10,0.55u,4,drop_at_100mA,1.71087,0.1,17.1087,68.4349,0.389127
pfet_06v0,fs,27,2.10,0.55u,4,rlin_at_50mV,0.05,0.00986742,5.06718,20.2687,2.05
pfet_06v0,fs,27,2.10,0.55u,8,drop_at_50mA,0.133447,0.05,2.66894,21.3515,1.96655
pfet_06v0,fs,27,2.10,0.55u,8,drop_at_100mA,0.297469,0.1,2.97469,23.7975,1.80253
pfet_06v0,fs,27,2.10,0.55u,8,rlin_at_50mV,0.05,0.0197348,2.53359,20.2687,2.05
pfet_06v0,fs,27,2.10,0.55u,16,drop_at_50mA,0.0638819,0.05,1.27764,20.4422,2.03612
pfet_06v0,fs,27,2.10,0.55u,16,drop_at_100mA,0.133447,0.1,1.33447,21.3515,1.96655
pfet_06v0,fs,27,2.10,0.55u,16,rlin_at_50mV,0.05,0.0394697,1.2668,20.2687,2.05
pfet_06v0,fs,27,2.10,0.70u,1,drop_at_50mA,9.56332,0.05,191.266,191.266,-7.46332
pfet_06v0,fs,27,2.10,0.70u,1,drop_at_100mA,11.0162,0.1,110.162,110.162,-8.91622
pfet_06v0,fs,27,2.10,0.70u,1,rlin_at_50mV,0.05,0.00189968,26.3202,26.3202,2.05
pfet_06v0,fs,27,2.10,0.70u,2,drop_at_50mA,7.62725,0.05,152.545,305.09,-5.52725
pfet_06v0,fs,27,2.10,0.70u,2,drop_at_100mA,9.56332,0.1,95.6332,191.266,-7.46332
pfet_06v0,fs,27,2.10,0.70u,2,rlin_at_50mV,0.05,0.00379936,13.1601,26.3202,2.05
pfet_06v0,fs,27,2.10,0.70u,4,drop_at_50mA,0.42419,0.05,8.4838,33.9352,1.67581
pfet_06v0,fs,27,2.10,0.70u,4,drop_at_100mA,7.62725,0.1,76.2725,305.09,-5.52725
pfet_06v0,fs,27,2.10,0.70u,4,rlin_at_50mV,0.05,0.00759873,6.58005,26.3202,2.05
pfet_06v0,fs,27,2.10,0.70u,8,drop_at_50mA,0.178481,0.05,3.56962,28.557,1.92152
pfet_06v0,fs,27,2.10,0.70u,8,drop_at_100mA,0.42419,0.1,4.2419,33.9352,1.67581
pfet_06v0,fs,27,2.10,0.70u,8,rlin_at_50mV,0.05,0.0151975,3.29002,26.3202,2.05
pfet_06v0,fs,27,2.10,0.70u,16,drop_at_50mA,0.084003,0.05,1.68006,26.8809,2.016
pfet_06v0,fs,27,2.10,0.70u,16,drop_at_100mA,0.178481,0.1,1.78481,28.557,1.92152
pfet_06v0,fs,27,2.10,0.70u,16,rlin_at_50mV,0.05,0.0303949,1.64501,26.3202,2.05
pfet_06v0,fs,27,2.10,1.20u,1,drop_at_50mA,10.9886,0.05,219.771,219.771,-8.88855
pfet_06v0,fs,27,2.10,1.20u,1,drop_at_100mA,12.5527,0.1,125.527,125.527,-10.4527
pfet_06v0,fs,27,2.10,1.20u,1,rlin_at_50mV,0.05,0.00106933,46.7583,46.7583,2.05
pfet_06v0,fs,27,2.10,1.20u,2,drop_at_50mA,9.51858,0.05,190.372,380.743,-7.41858
pfet_06v0,fs,27,2.10,1.20u,2,drop_at_100mA,10.9886,0.1,109.886,219.771,-8.88855
pfet_06v0,fs,27,2.10,1.20u,2,rlin_at_50mV,0.05,0.00213866,23.3792,46.7583,2.05
pfet_06v0,fs,27,2.10,1.20u,4,drop_at_50mA,7.49152,0.05,149.83,599.322,-5.39152
pfet_06v0,fs,27,2.10,1.20u,4,drop_at_100mA,9.51858,0.1,95.1858,380.743,-7.41858
pfet_06v0,fs,27,2.10,1.20u,4,rlin_at_50mV,0.05,0.00427731,11.6896,46.7583,2.05
pfet_06v0,fs,27,2.10,1.20u,8,drop_at_50mA,0.36143,0.05,7.22859,57.8287,1.73857
pfet_06v0,fs,27,2.10,1.20u,8,drop_at_100mA,7.49152,0.1,74.9152,599.322,-5.39152
pfet_06v0,fs,27,2.10,1.20u,8,rlin_at_50mV,0.05,0.00855463,5.84479,46.7583,2.05
pfet_06v0,fs,27,2.10,1.20u,16,drop_at_50mA,0.156436,0.05,3.12871,50.0594,1.94356
pfet_06v0,fs,27,2.10,1.20u,16,drop_at_100mA,0.36143,0.1,3.6143,57.8287,1.73857
pfet_06v0,fs,27,2.10,1.20u,16,rlin_at_50mV,0.05,0.0171093,2.92239,46.7583,2.05
pfet_06v0,fs,27,2.97,0.55u,1,drop_at_50mA,0.941567,0.05,18.8313,18.8313,2.02843
pfet_06v0,fs,27,2.97,0.55u,1,drop_at_100mA,8.76731,0.1,87.6731,87.6731,-5.79731
pfet_06v0,fs,27,2.97,0.55u,1,rlin_at_50mV,0.05,0.00388476,12.8708,12.8708,2.92
pfet_06v0,fs,27,2.97,0.55u,2,drop_at_50mA,0.364174,0.05,7.28348,14.567,2.60583
pfet_06v0,fs,27,2.97,0.55u,2,drop_at_100mA,0.941567,0.1,9.41567,18.8313,2.02843
pfet_06v0,fs,27,2.97,0.55u,2,rlin_at_50mV,0.05,0.00776952,6.4354,12.8708,2.92
pfet_06v0,fs,27,2.97,0.55u,4,drop_at_50mA,0.168384,0.05,3.36768,13.4707,2.80162
pfet_06v0,fs,27,2.97,0.55u,4,drop_at_100mA,0.364174,0.1,3.64174,14.567,2.60583
pfet_06v0,fs,27,2.97,0.55u,4,rlin_at_50mV,0.05,0.015539,3.2177,12.8708,2.92
pfet_06v0,fs,27,2.97,0.55u,8,drop_at_50mA,0.081411,0.05,1.62822,13.0258,2.88859
pfet_06v0,fs,27,2.97,0.55u,8,drop_at_100mA,0.168384,0.1,1.68384,13.4707,2.80162
pfet_06v0,fs,27,2.97,0.55u,8,rlin_at_50mV,0.05,0.0310781,1.60885,12.8708,2.92
pfet_06v0,fs,27,2.97,0.55u,16,drop_at_50mA,0.0400701,0.05,0.801402,12.8224,2.92993
pfet_06v0,fs,27,2.97,0.55u,16,drop_at_100mA,0.081411,0.1,0.81411,13.0258,2.88859
pfet_06v0,fs,27,2.97,0.55u,16,rlin_at_50mV,0.05,0.0621562,0.804425,12.8708,2.92
pfet_06v0,fs,27,2.97,0.70u,1,drop_at_50mA,3.51905,0.05,70.381,70.381,-0.549052
pfet_06v0,fs,27,2.97,0.70u,1,drop_at_100mA,9.56816,0.1,95.6816,95.6816,-6.59816
pfet_06v0,fs,27,2.97,0.70u,1,rlin_at_50mV,0.05,0.00303522,16.4733,16.4733,2.92
pfet_06v0,fs,27,2.97,0.70u,2,drop_at_50mA,0.490347,0.05,9.80694,19.6139,2.47965
pfet_06v0,fs,27,2.97,0.70u,2,drop_at_100mA,3.51905,0.1,35.1905,70.381,-0.549052
pfet_06v0,fs,27,2.97,0.70u,2,rlin_at_50mV,0.05,0.00607043,8.23664,16.4733,2.92
pfet_06v0,fs,27,2.97,0.70u,4,drop_at_50mA,0.219691,0.05,4.39382,17.5753,2.75031
pfet_06v0,fs,27,2.97,0.70u,4,drop_at_100mA,0.490347,0.1,4.90347,19.6139,2.47965
pfet_06v0,fs,27,2.97,0.70u,4,rlin_at_50mV,0.05,0.0121409,4.11832,16.4733,2.92
pfet_06v0,fs,27,2.97,0.70u,8,drop_at_50mA,0.105113,0.05,2.10227,16.8181,2.86489
pfet_06v0,fs,27,2.97,0.70u,8,drop_at_100mA,0.219691,0.1,2.19691,17.5753,2.75031
pfet_06v0,fs,27,2.97,0.70u,8,rlin_at_50mV,0.05,0.0242817,2.05916,16.4733,2.92
pfet_06v0,fs,27,2.97,0.70u,16,drop_at_50mA,0.051508,0.05,1.03016,16.4826,2.91849
pfet_06v0,fs,27,2.97,0.70u,16,drop_at_100mA,0.105113,0.1,1.05113,16.8181,2.86489
pfet_06v0,fs,27,2.97,0.70u,16,rlin_at_50mV,0.05,0.0485635,1.02958,16.4733,2.92
pfet_06v0,fs,27,2.97,1.20u,1,drop_at_50mA,9.38357,0.05,187.671,187.671,-6.41357
pfet_06v0,fs,27,2.97,1.20u,1,drop_at_100mA,10.9286,0.1,109.286,109.286,-7.9586
pfet_06v0,fs,27,2.97,1.20u,1,rlin_at_50mV,0.05,0.00174623,28.6331,28.6331,2.92
pfet_06v0,fs,27,2.97,1.20u,2,drop_at_50mA,1.19583,0.05,23.9166,47.8333,1.77417
pfet_06v0,fs,27,2.97,1.20u,2,drop_at_100mA,9.38357,0.1,93.8357,187.671,-6.41357
pfet_06v0,fs,27,2.97,1.20u,2,rlin_at_50mV,0.05,0.00349247,14.3165,28.6331,2.92
pfet_06v0,fs,27,2.97,1.20u,4,drop_at_50mA,0.411468,0.05,8.22937,32.9175,2.55853
pfet_06v0,fs,27,2.97,1.20u,4,drop_at_100mA,1.19583,0.1,11.9583,47.8333,1.77417
pfet_06v0,fs,27,2.97,1.20u,4,rlin_at_50mV,0.05,0.00698493,7.15827,28.6331,2.92
pfet_06v0,fs,27,2.97,1.20u,8,drop_at_50mA,0.18842,0.05,3.76839,30.1471,2.78158
pfet_06v0,fs,27,2.97,1.20u,8,drop_at_100mA,0.411468,0.1,4.11468,32.9175,2.55853
pfet_06v0,fs,27,2.97,1.20u,8,rlin_at_50mV,0.05,0.0139699,3.57913,28.6331,2.92
pfet_06v0,fs,27,2.97,1.20u,16,drop_at_50mA,0.0908283,0.05,1.81657,29.0651,2.87917
pfet_06v0,fs,27,2.97,1.20u,16,drop_at_100mA,0.18842,0.1,1.8842,30.1471,2.78158
pfet_06v0,fs,27,2.97,1.20u,16,rlin_at_50mV,0.05,0.0279397,1.78957,28.6331,2.92
pfet_06v0,fs,27,3.30,0.55u,1,drop_at_50mA,0.736117,0.05,14.7223,14.7223,2.56388
pfet_06v0,fs,27,3.30,0.55u,1,drop_at_100mA,7.99517,0.1,79.9517,79.9517,-4.69517
pfet_06v0,fs,27,3.30,0.55u,1,rlin_at_50mV,0.05,0.00434589,11.5051,11.5051,3.25
pfet_06v0,fs,27,3.30,0.55u,2,drop_at_50mA,0.315043,0.05,6.30087,12.6017,2.98496
pfet_06v0,fs,27,3.30,0.55u,2,drop_at_100mA,0.736117,0.1,7.36117,14.7223,2.56388
pfet_06v0,fs,27,3.30,0.55u,2,rlin_at_50mV,0.05,0.00869178,5.75256,11.5051,3.25
pfet_06v0,fs,27,3.30,0.55u,4,drop_at_50mA,0.148691,0.05,2.97383,11.8953,3.15131
pfet_06v0,fs,27,3.30,0.55u,4,drop_at_100mA,0.315043,0.1,3.15043,12.6017,2.98496
pfet_06v0,fs,27,3.30,0.55u,4,rlin_at_50mV,0.05,0.0173836,2.87628,11.5051,3.25
pfet_06v0,fs,27,3.30,0.55u,8,drop_at_50mA,0.0724507,0.05,1.44901,11.5921,3.22755
pfet_06v0,fs,27,3.30,0.55u,8,drop_at_100mA,0.148691,0.1,1.48691,11.8953,3.15131
pfet_06v0,fs,27,3.30,0.55u,8,rlin_at_50mV,0.05,0.0347671,1.43814,11.5051,3.25
pfet_06v0,fs,27,3.30,0.55u,16,drop_at_50mA,0.035783,0.05,0.71566,11.4506,3.26422
pfet_06v0,fs,27,3.30,0.55u,16,drop_at_100mA,0.0724507,0.1,0.724507,11.5921,3.22755
pfet_06v0,fs,27,3.30,0.55u,16,rlin_at_50mV,0.05,0.0695342,0.719071,11.5051,3.25
pfet_06v0,fs,27,3.30,0.70u,1,drop_at_50mA,1.07175,0.05,21.4351,21.4351,2.22825
pfet_06v0,fs,27,3.30,0.70u,1,drop_at_100mA,9.12684,0.1,91.2684,91.2684,-5.82684
pfet_06v0,fs,27,3.30,0.70u,1,rlin_at_50mV,0.05,0.00340828,14.6702,14.6702,3.25
pfet_06v0,fs,27,3.30,0.70u,2,drop_at_50mA,0.415404,0.05,8.30807,16.6161,2.8846
pfet_06v0,fs,27,3.30,0.70u,2,drop_at_100mA,1.07175,0.1,10.7175,21.4351,2.22825
pfet_06v0,fs,27,3.30,0.70u,2,rlin_at_50mV,0.05,0.00681656,7.33508,14.6702,3.25
pfet_06v0,fs,27,3.30,0.70u,4,drop_at_50mA,0.192256,0.05,3.84511,15.3804,3.10774
pfet_06v0,fs,27,3.30,0.70u,4,drop_at_100mA,0.415404,0.1,4.15404,16.6161,2.8846
pfet_06v0,fs,27,3.30,0.70u,4,rlin_at_50mV,0.05,0.0136331,3.66754,14.6702,3.25
pfet_06v0,fs,27,3.30,0.70u,8,drop_at_50mA,0.0929939,0.05,1.85988,14.879,3.20701
pfet_06v0,fs,27,3.30,0.70u,8,drop_at_100mA,0.192256,0.1,1.92256,15.3804,3.10774
pfet_06v0,fs,27,3.30,0.70u,8,rlin_at_50mV,0.05,0.0272662,1.83377,14.6702,3.25
pfet_06v0,fs,27,3.30,0.70u,16,drop_at_50mA,0.045781,0.05,0.91562,14.6499,3.25422
pfet_06v0,fs,27,3.30,0.70u,16,drop_at_100mA,0.0929939,0.1,0.929939,14.879,3.20701
pfet_06v0,fs,27,3.30,0.70u,16,rlin_at_50mV,0.05,0.0545325,0.916885,14.6702,3.25
pfet_06v0,fs,27,3.30,1.20u,1,drop_at_50mA,8.82949,0.05,176.59,176.59,-5.52949
pfet_06v0,fs,27,3.30,1.20u,1,drop_at_100mA,10.5968,0.1,105.968,105.968,-7.2968
pfet_06v0,fs,27,3.30,1.20u,1,rlin_at_50mV,0.05,0.00197222,25.3521,25.3521,3.25
pfet_06v0,fs,27,3.30,1.20u,2,drop_at_50mA,0.836831,0.05,16.7366,33.4732,2.46317
pfet_06v0,fs,27,3.30,1.20u,2,drop_at_100mA,8.82949,0.1,88.2949,176.59,-5.52949
pfet_06v0,fs,27,3.30,1.20u,2,rlin_at_50mV,0.05,0.00394444,12.6761,25.3521,3.25
pfet_06v0,fs,27,3.30,1.20u,4,drop_at_50mA,0.34975,0.05,6.99501,27.98,2.95025
pfet_06v0,fs,27,3.30,1.20u,4,drop_at_100mA,0.836831,0.1,8.36831,33.4732,2.46317
pfet_06v0,fs,27,3.30,1.20u,4,rlin_at_50mV,0.05,0.00788888,6.33803,25.3521,3.25
pfet_06v0,fs,27,3.30,1.20u,8,drop_at_50mA,0.164378,0.05,3.28756,26.3005,3.13562
pfet_06v0,fs,27,3.30,1.20u,8,drop_at_100mA,0.34975,0.1,3.4975,27.98,2.95025
pfet_06v0,fs,27,3.30,1.20u,8,rlin_at_50mV,0.05,0.0157778,3.16902,25.3521,3.25
pfet_06v0,fs,27,3.30,1.20u,16,drop_at_50mA,0.0799836,0.05,1.59967,25.5948,3.22002
pfet_06v0,fs,27,3.30,1.20u,16,drop_at_100mA,0.164378,0.1,1.64378,26.3005,3.13562
pfet_06v0,fs,27,3.30,1.20u,16,rlin_at_50mV,0.05,0.0315555,1.58451,25.3521,3.25
pfet_06v0,fs,27,3.63,0.55u,1,drop_at_50mA,0.628811,0.05,12.5762,12.5762,3.00119
pfet_06v0,fs,27,3.63,0.55u,1,drop_at_100mA,3.4471,0.1,34.471,34.471,0.182902
pfet_06v0,fs,27,3.63,0.55u,1,rlin_at_50mV,0.05,0.00477257,10.4765,10.4765,3.58
pfet_06v0,fs,27,3.63,0.55u,2,drop_at_50mA,0.281116,0.05,5.62232,11.2446,3.34888
pfet_06v0,fs,27,3.63,0.55u,2,drop_at_100mA,0.628811,0.1,6.28811,12.5762,3.00119
pfet_06v0,fs,27,3.63,0.55u,2,rlin_at_50mV,0.05,0.00954514,5.23827,10.4765,3.58
pfet_06v0,fs,27,3.63,0.55u,4,drop_at_50mA,0.134341,0.05,2.68681,10.7473,3.49566
pfet_06v0,fs,27,3.63,0.55u,4,drop_at_100mA,0.281116,0.1,2.81116,11.2446,3.34888
pfet_06v0,fs,27,3.63,0.55u,4,rlin_at_50mV,0.05,0.0190903,2.61913,10.4765,3.58
pfet_06v0,fs,27,3.63,0.55u,8,drop_at_50mA,0.0657902,0.05,1.3158,10.5264,3.56421
pfet_06v0,fs,27,3.63,0.55u,8,drop_at_100mA,0.134341,0.1,1.34341,10.7473,3.49566
pfet_06v0,fs,27,3.63,0.55u,8,rlin_at_50mV,0.05,0.0381806,1.30957,10.4765,3.58
pfet_06v0,fs,27,3.63,0.55u,16,drop_at_50mA,0.0325684,0.05,0.651368,10.4219,3.59743
pfet_06v0,fs,27,3.63,0.55u,16,drop_at_100mA,0.0657902,0.1,0.657902,10.5264,3.56421
pfet_06v0,fs,27,3.63,0.55u,16,rlin_at_50mV,0.05,0.0763611,0.654784,10.4765,3.58
pfet_06v0,fs,27,3.63,0.70u,1,drop_at_50mA,0.860926,0.05,17.2185,17.2185,2.76907
pfet_06v0,fs,27,3.63,0.70u,1,drop_at_100mA,8.5691,0.1,85.691,85.691,-4.9391
pfet_06v0,fs,27,3.63,0.70u,1,rlin_at_50mV,0.05,0.00375498,13.3157,13.3157,3.58
pfet_06v0,fs,27,3.63,0.70u,2,drop_at_50mA,0.366133,0.05,7.32266,14.6453,3.26387
pfet_06v0,fs,27,3.63,0.70u,2,drop_at_100mA,0.860926,0.1,8.60926,17.2185,2.76907
pfet_06v0,fs,27,3.63,0.70u,2,rlin_at_50mV,0.05,0.00750995,6.65783,13.3157,3.58
pfet_06v0,fs,27,3.63,0.70u,4,drop_at_50mA,0.172588,0.05,3.45176,13.807,3.45741
pfet_06v0,fs,27,3.63,0.70u,4,drop_at_100mA,0.366133,0.1,3.66133,14.6453,3.26387
pfet_06v0,fs,27,3.63,0.70u,4,rlin_at_50mV,0.05,0.0150199,3.32892,13.3157,3.58
pfet_06v0,fs,27,3.63,0.70u,8,drop_at_50mA,0.0840582,0.05,1.68116,13.4493,3.54594
pfet_06v0,fs,27,3.63,0.70u,8,drop_at_100mA,0.172588,0.1,1.72588,13.807,3.45741
pfet_06v0,fs,27,3.63,0.70u,8,rlin_at_50mV,0.05,0.0300398,1.66446,13.3157,3.58
pfet_06v0,fs,27,3.63,0.70u,16,drop_at_50mA,0.0415084,0.05,0.830168,13.2827,3.58849
pfet_06v0,fs,27,3.63,0.70u,16,drop_at_100mA,0.0840582,0.1,0.840582,13.4493,3.54594
pfet_06v0,fs,27,3.63,0.70u,16,rlin_at_50mV,0.05,0.0600796,0.832229,13.3157,3.58
pfet_06v0,fs,27,3.63,1.20u,1,drop_at_50mA,7.8577,0.05,157.154,157.154,-4.2277
pfet_06v0,fs,27,3.63,1.20u,1,drop_at_100mA,10.3232,0.1,103.232,103.232,-6.69325
pfet_06v0,fs,27,3.63,1.20u,1,rlin_at_50mV,0.05,0.00218371,22.8969,22.8969,3.58
pfet_06v0,fs,27,3.63,1.20u,2,drop_at_50mA,0.695622,0.05,13.9124,27.8249,2.93438
pfet_06v0,fs,27,3.63,1.20u,2,drop_at_100mA,7.8577,0.1,78.577,157.154,-4.2277
pfet_06v0,fs,27,3.63,1.20u,2,rlin_at_50mV,0.05,0.00436741,11.4484,22.8969,3.58
pfet_06v0,fs,27,3.63,1.20u,4,drop_at_50mA,0.308334,0.05,6.16668,24.6667,3.32167
pfet_06v0,fs,27,3.63,1.20u,4,drop_at_100mA,0.695622,0.1,6.95622,27.8249,2.93438
pfet_06v0,fs,27,3.63,1.20u,4,rlin_at_50mV,0.05,0.00873482,5.72421,22.8969,3.58
pfet_06v0,fs,27,3.63,1.20u,8,drop_at_50mA,0.147093,0.05,2.94185,23.5348,3.48291
pfet_06v0,fs,27,3.63,1.20u,8,drop_at_100mA,0.308334,0.1,3.08334,24.6667,3.32167
pfet_06v0,fs,27,3.63,1.20u,8,rlin_at_50mV,0.05,0.0174696,2.86211,22.8969,3.58
pfet_06v0,fs,27,3.63,1.20u,16,drop_at_50mA,0.0719959,0.05,1.43992,23.0387,3.558
pfet_06v0,fs,27,3.63,1.20u,16,drop_at_100mA,0.147093,0.1,1.47093,23.5348,3.48291
pfet_06v0,fs,27,3.63,1.20u,16,rlin_at_50mV,0.05,0.0349393,1.43105,22.8969,3.58
pfet_06v0,fs,27,4.50,0.55u,1,drop_at_50mA,0.482547,0.05,9.65094,9.65094,4.01745
pfet_06v0,fs,27,4.50,0.55u,1,drop_at_100mA,1.14975,0.1,11.4975,11.4975,3.35025
pfet_06v0,fs,27,4.50,0.55u,1,rlin_at_50mV,0.05,0.00575964,8.6811,8.6811,4.45
pfet_06v0,fs,27,4.50,0.55u,2,drop_at_50mA,0.226468,0.05,4.52936,9.05872,4.27353
pfet_06v0,fs,27,4.50,0.55u,2,drop_at_100mA,0.482547,0.1,4.82547,9.65094,4.01745
pfet_06v0,fs,27,4.50,0.55u,2,rlin_at_50mV,0.05,0.0115193,4.34055,8.6811,4.45
pfet_06v0,fs,27,4.50,0.55u,4,drop_at_50mA,0.110088,0.05,2.20177,8.80707,4.38991
pfet_06v0,fs,27,4.50,0.55u,4,drop_at_100mA,0.226468,0.1,2.26468,9.05872,4.27353
pfet_06v0,fs,27,4.50,0.55u,4,rlin_at_50mV,0.05,0.0230386,2.17027,8.6811,4.45
pfet_06v0,fs,27,4.50,0.55u,8,drop_at_50mA,0.0543128,0.05,1.08626,8.69005,4.44569
pfet_06v0,fs,27,4.50,0.55u,8,drop_at_100mA,0.110088,0.1,1.10088,8.80707,4.38991
pfet_06v0,fs,27,4.50,0.55u,8,rlin_at_50mV,0.05,0.0460771,1.08514,8.6811,4.45
pfet_06v0,fs,27,4.50,0.55u,16,drop_at_50mA,0.0269798,0.05,0.539596,8.63353,4.47302
pfet_06v0,fs,27,4.50,0.55u,16,drop_at_100mA,0.0543128,0.1,0.543128,8.69005,4.44569
pfet_06v0,fs,27,4.50,0.55u,16,rlin_at_50mV,0.05,0.0921542,0.542569,8.6811,4.45
pfet_06v0,fs,27,4.50,0.70u,1,drop_at_50mA,0.629464,0.05,12.5893,12.5893,3.87054
pfet_06v0,fs,27,4.50,0.70u,1,drop_at_100mA,1.66945,0.1,16.6945,16.6945,2.83055
pfet_06v0,fs,27,4.50,0.70u,1,rlin_at_50mV,0.05,0.00456196,10.9602,10.9602,4.45
pfet_06v0,fs,27,4.50,0.70u,2,drop_at_50mA,0.289795,0.05,5.7959,11.5918,4.2102
pfet_06v0,fs,27,4.50,0.70u,2,drop_at_100mA,0.629464,0.1,6.29464,12.5893,3.87054
pfet_06v0,fs,27,4.50,0.70u,2,rlin_at_50mV,0.05,0.00912392,5.4801,10.9602,4.45
pfet_06v0,fs,27,4.50,0.70u,4,drop_at_50mA,0.139882,0.05,2.79763,11.1905,4.36012
pfet_06v0,fs,27,4.50,0.70u,4,drop_at_100mA,0.289795,0.1,2.89795,11.5918,4.2102
pfet_06v0,fs,27,4.50,0.70u,4,rlin_at_50mV,0.05,0.0182478,2.74005,10.9602,4.45
pfet_06v0,fs,27,4.50,0.70u,8,drop_at_50mA,0.0687985,0.05,1.37597,11.0078,4.4312
pfet_06v0,fs,27,4.50,0.70u,8,drop_at_100mA,0.139882,0.1,1.39882,11.1905,4.36012
pfet_06v0,fs,27,4.50,0.70u,8,rlin_at_50mV,0.05,0.0364957,1.37002,10.9602,4.45
pfet_06v0,fs,27,4.50,0.70u,16,drop_at_50mA,0.0341259,0.05,0.682518,10.9203,4.46587
pfet_06v0,fs,27,4.50,0.70u,16,drop_at_100mA,0.0687985,0.1,0.687985,11.0078,4.4312
pfet_06v0,fs,27,4.50,0.70u,16,rlin_at_50mV,0.05,0.0729914,0.685012,10.9602,4.45
pfet_06v0,fs,27,4.50,1.20u,1,drop_at_50mA,1.24047,0.05,24.8094,24.8094,3.25953
pfet_06v0,fs,27,4.50,1.20u,1,drop_at_100mA,9.63122,0.1,96.3122,96.3122,-5.13122
pfet_06v0,fs,27,4.50,1.20u,1,rlin_at_50mV,0.05,0.00268097,18.6499,18.6499,4.45
pfet_06v0,fs,27,4.50,1.20u,2,drop_at_50mA,0.517875,0.05,10.3575,20.715,3.98212
pfet_06v0,fs,27,4.50,1.20u,2,drop_at_100mA,1.24047,0.1,12.4047,24.8094,3.25953
pfet_06v0,fs,27,4.50,1.20u,2,rlin_at_50mV,0.05,0.00536195,9.32497,18.6499,4.45
pfet_06v0,fs,27,4.50,1.20u,4,drop_at_50mA,0.24322,0.05,4.86441,19.4576,4.25678
pfet_06v0,fs,27,4.50,1.20u,4,drop_at_100mA,0.517875,0.1,5.17875,20.715,3.98212
pfet_06v0,fs,27,4.50,1.20u,4,rlin_at_50mV,0.05,0.0107239,4.66248,18.6499,4.45
pfet_06v0,fs,27,4.50,1.20u,8,drop_at_50mA,0.118305,0.05,2.36609,18.9288,4.3817
pfet_06v0,fs,27,4.50,1.20u,8,drop_at_100mA,0.24322,0.1,2.4322,19.4576,4.25678
pfet_06v0,fs,27,4.50,1.20u,8,rlin_at_50mV,0.05,0.0214478,2.33124,18.6499,4.45
pfet_06v0,fs,27,4.50,1.20u,16,drop_at_50mA,0.0583868,0.05,1.16774,18.6838,4.44161
pfet_06v0,fs,27,4.50,1.20u,16,drop_at_100mA,0.118305,0.1,1.18305,18.9288,4.3817
pfet_06v0,fs,27,4.50,1.20u,16,rlin_at_50mV,0.05,0.0428956,1.16562,18.6499,4.45
pfet_06v0,fs,27,5.00,0.55u,1,drop_at_50mA,0.434991,0.05,8.69982,8.69982,4.56501
pfet_06v0,fs,27,5.00,0.55u,1,drop_at_100mA,0.987476,0.1,9.87476,9.87476,4.01252
pfet_06v0,fs,27,5.00,0.55u,1,rlin_at_50mV,0.05,0.00625213,7.99727,7.99727,4.95
pfet_06v0,fs,27,5.00,0.55u,2,drop_at_50mA,0.206834,0.05,4.13667,8.27334,4.79317
pfet_06v0,fs,27,5.00,0.55u,2,drop_at_100mA,0.434991,0.1,4.34991,8.69982,4.56501
pfet_06v0,fs,27,5.00,0.55u,2,rlin_at_50mV,0.05,0.0125043,3.99864,7.99727,4.95
pfet_06v0,fs,27,5.00,0.55u,4,drop_at_50mA,0.101072,0.05,2.02143,8.08572,4.89893
pfet_06v0,fs,27,5.00,0.55u,4,drop_at_100mA,0.206834,0.1,2.06834,8.27334,4.79317
pfet_06v0,fs,27,5.00,0.55u,4,rlin_at_50mV,0.05,0.0250085,1.99932,7.99727,4.95
pfet_06v0,fs,27,5.00,0.55u,8,drop_at_50mA,0.0499828,0.05,0.999656,7.99724,4.95002
pfet_06v0,fs,27,5.00,0.55u,8,drop_at_100mA,0.101072,0.1,1.01072,8.08572,4.89893
pfet_06v0,fs,27,5.00,0.55u,8,rlin_at_50mV,0.05,0.050017,0.999659,7.99727,4.95
pfet_06v0,fs,27,5.00,0.55u,16,drop_at_50mA,0.024857,0.05,0.497139,7.95423,4.97514
pfet_06v0,fs,27,5.00,0.55u,16,drop_at_100mA,0.0499828,0.1,0.499828,7.99724,4.95002
pfet_06v0,fs,27,5.00,0.55u,16,rlin_at_50mV,0.05,0.100034,0.49983,7.99727,4.95
pfet_06v0,fs,27,5.00,0.70u,1,drop_at_50mA,0.560849,0.05,11.217,11.217,4.43915
pfet_06v0,fs,27,5.00,0.70u,1,drop_at_100mA,1.3418,0.1,13.418,13.418,3.6582
pfet_06v0,fs,27,5.00,0.70u,1,rlin_at_50mV,0.05,0.00496684,10.0668,10.0668,4.95
pfet_06v0,fs,27,5.00,0.70u,2,drop_at_50mA,0.263088,0.05,5.26177,10.5235,4.73691
pfet_06v0,fs,27,5.00,0.70u,2,drop_at_100mA,0.560849,0.1,5.60849,11.217,4.43915
pfet_06v0,fs,27,5.00,0.70u,2,rlin_at_50mV,0.05,0.00993368,5.03338,10.0668,4.95
pfet_06v0,fs,27,5.00,0.70u,4,drop_at_50mA,0.127877,0.05,2.55754,10.2301,4.87212
pfet_06v0,fs,27,5.00,0.70u,4,drop_at_100mA,0.263088,0.1,2.63088,10.5235,4.73691
pfet_06v0,fs,27,5.00,0.70u,4,rlin_at_50mV,0.05,0.0198674,2.51669,10.0668,4.95
pfet_06v0,fs,27,5.00,0.70u,8,drop_at_50mA,0.0630871,0.05,1.26174,10.0939,4.93691
pfet_06v0,fs,27,5.00,0.70u,8,drop_at_100mA,0.127877,0.1,1.27877,10.2301,4.87212
pfet_06v0,fs,27,5.00,0.70u,8,rlin_at_50mV,0.05,0.0397347,1.25835,10.0668,4.95
pfet_06v0,fs,27,5.00,0.70u,16,drop_at_50mA,0.0313381,0.05,0.626763,10.0282,4.96866
pfet_06v0,fs,27,5.00,0.70u,16,drop_at_100mA,0.0630871,0.1,0.630871,10.0939,4.93691
pfet_06v0,fs,27,5.00,0.70u,16,rlin_at_50mV,0.05,0.0794694,0.629173,10.0668,4.95
pfet_06v0,fs,27,5.00,1.20u,1,drop_at_50mA,1.04647,0.05,20.9294,20.9294,3.95353
pfet_06v0,fs,27,5.00,1.20u,1,drop_at_100mA,8.89577,0.1,88.9577,88.9577,-3.89577
pfet_06v0,fs,27,5.00,1.20u,1,rlin_at_50mV,0.05,0.00293278,17.0486,17.0486,4.95
pfet_06v0,fs,27,5.00,1.20u,2,drop_at_50mA,0.462281,0.05,9.24562,18.4912,4.53772
pfet_06v0,fs,27,5.00,1.20u,2,drop_at_100mA,1.04647,0.1,10.4647,20.9294,3.95353
pfet_06v0,fs,27,5.00,1.20u,2,rlin_at_50mV,0.05,0.00586557,8.52432,17.0486,4.95
pfet_06v0,fs,27,5.00,1.20u,4,drop_at_50mA,0.220254,0.05,4.40508,17.6203,4.77975
pfet_06v0,fs,27,5.00,1.20u,4,drop_at_100mA,0.462281,0.1,4.62281,18.4912,4.53772
pfet_06v0,fs,27,5.00,1.20u,4,rlin_at_50mV,0.05,0.0117311,4.26216,17.0486,4.95
pfet_06v0,fs,27,5.00,1.20u,8,drop_at_50mA,0.107744,0.05,2.15487,17.239,4.89226
pfet_06v0,fs,27,5.00,1.20u,8,drop_at_100mA,0.220254,0.1,2.20254,17.6203,4.77975
pfet_06v0,fs,27,5.00,1.20u,8,rlin_at_50mV,0.05,0.0234623,2.13108,17.0486,4.95
pfet_06v0,fs,27,5.00,1.20u,16,drop_at_50mA,0.0533108,0.05,1.06622,17.0595,4.94669
pfet_06v0,fs,27,5.00,1.20u,16,drop_at_100mA,0.107744,0.1,1.07744,17.239,4.89226
pfet_06v0,fs,27,5.00,1.20u,16,rlin_at_50mV,0.05,0.0469246,1.06554,17.0486,4.95
pfet_06v0,fs,27,5.50,0.55u,1,drop_at_50mA,0.399962,0.05,7.99924,7.99924,5.10004
pfet_06v0,fs,27,5.50,0.55u,1,drop_at_100mA,0.883402,0.1,8.83402,8.83402,4.6166
pfet_06v0,fs,27,5.50,0.55u,1,rlin_at_50mV,0.05,0.00669982,7.46289,7.46289,5.45
pfet_06v0,fs,27,5.50,0.55u,2,drop_at_50mA,0.191852,0.05,3.83705,7.6741,5.30815
pfet_06v0,fs,27,5.50,0.55u,2,drop_at_100mA,0.399962,0.1,3.99962,7.99924,5.10004
pfet_06v0,fs,27,5.50,0.55u,2,rlin_at_50mV,0.05,0.0133996,3.73145,7.46289,5.45
pfet_06v0,fs,27,5.50,0.55u,4,drop_at_50mA,0.094096,0.05,1.88192,7.52768,5.4059
pfet_06v0,fs,27,5.50,0.55u,4,drop_at_100mA,0.191852,0.1,1.91852,7.6741,5.30815
pfet_06v0,fs,27,5.50,0.55u,4,rlin_at_50mV,0.05,0.0267993,1.86572,7.46289,5.45
pfet_06v0,fs,27,5.50,0.55u,8,drop_at_50mA,0.0466122,0.05,0.932243,7.45795,5.45339
pfet_06v0,fs,27,5.50,0.55u,8,drop_at_100mA,0.094096,0.1,0.94096,7.52768,5.4059
pfet_06v0,fs,27,5.50,0.55u,8,rlin_at_50mV,0.05,0.0535985,0.932861,7.46289,5.45
pfet_06v0,fs,27,5.50,0.55u,16,drop_at_50mA,0.0231997,0.05,0.463993,7.42389,5.4768
pfet_06v0,fs,27,5.50,0.55u,16,drop_at_100mA,0.0466122,0.1,0.466122,7.45795,5.45339
pfet_06v0,fs,27,5.50,0.55u,16,rlin_at_50mV,0.05,0.107197,0.466431,7.46289,5.45
pfet_06v0,fs,27,5.50,0.70u,1,drop_at_50mA,0.511661,0.05,10.2332,10.2332,4.98834
pfet_06v0,fs,27,5.50,0.70u,1,drop_at_100mA,1.1686,0.1,11.686,11.686,4.3314
pfet_06v0,fs,27,5.50,0.70u,1,rlin_at_50mV,0.05,0.00533594,9.37043,9.37043,5.45
pfet_06v0,fs,27,5.50,0.70u,2,drop_at_50mA,0.242931,0.05,4.85861,9.71722,5.25707
pfet_06v0,fs,27,5.50,0.70u,2,drop_at_100mA,0.511661,0.1,5.11661,10.2332,4.98834
pfet_06v0,fs,27,5.50,0.70u,2,rlin_at_50mV,0.05,0.0106719,4.68521,9.37043,5.45
pfet_06v0,fs,27,5.50,0.70u,4,drop_at_50mA,0.118646,0.05,2.37292,9.49168,5.38135
pfet_06v0,fs,27,5.50,0.70u,4,drop_at_100mA,0.242931,0.1,2.42931,9.71722,5.25707
pfet_06v0,fs,27,5.50,0.70u,4,rlin_at_50mV,0.05,0.0213437,2.34261,9.37043,5.45
pfet_06v0,fs,27,5.50,0.70u,8,drop_at_50mA,0.05866,0.05,1.1732,9.3856,5.44134
pfet_06v0,fs,27,5.50,0.70u,8,drop_at_100mA,0.118646,0.1,1.18646,9.49168,5.38135
pfet_06v0,fs,27,5.50,0.70u,8,rlin_at_50mV,0.05,0.0426875,1.1713,9.37043,5.45
pfet_06v0,fs,27,5.50,0.70u,16,drop_at_50mA,0.029169,0.05,0.583381,9.33409,5.47083
pfet_06v0,fs,27,5.50,0.70u,16,drop_at_100mA,0.05866,0.1,0.5866,9.3856,5.44134
pfet_06v0,fs,27,5.50,0.70u,16,rlin_at_50mV,0.05,0.085375,0.585652,9.37043,5.45
pfet_06v0,fs,27,5.50,1.20u,1,drop_at_50mA,0.926806,0.05,18.5361,18.5361,4.57319
pfet_06v0,fs,27,5.50,1.20u,1,drop_at_100mA,2.86823,0.1,28.6823,28.6823,2.63177
pfet_06v0,fs,27,5.50,1.20u,1,rlin_at_50mV,0.05,0.00316348,15.8054,15.8054,5.45
pfet_06v0,fs,27,5.50,1.20u,2,drop_at_50mA,0.421864,0.05,8.43729,16.8746,5.07814
pfet_06v0,fs,27,5.50,1.20u,2,drop_at_100mA,0.926806,0.1,9.26806,18.5361,4.57319
pfet_06v0,fs,27,5.50,1.20u,2,rlin_at_50mV,0.05,0.00632695,7.9027,15.8054,5.45
pfet_06v0,fs,27,5.50,1.20u,4,drop_at_50mA,0.202886,0.05,4.05771,16.2308,5.29711
pfet_06v0,fs,27,5.50,1.20u,4,drop_at_100mA,0.421864,0.1,4.21864,16.8746,5.07814
pfet_06v0,fs,27,5.50,1.20u,4,rlin_at_50mV,0.05,0.0126539,3.95135,15.8054,5.45
pfet_06v0,fs,27,5.50,1.20u,8,drop_at_50mA,0.0996341,0.05,1.99268,15.9415,5.40037
pfet_06v0,fs,27,5.50,1.20u,8,drop_at_100mA,0.202886,0.1,2.02886,16.2308,5.29711
pfet_06v0,fs,27,5.50,1.20u,8,rlin_at_50mV,0.05,0.0253078,1.97568,15.8054,5.45
pfet_06v0,fs,27,5.50,1.20u,16,drop_at_50mA,0.0493867,0.05,0.987733,15.8037,5.45061
pfet_06v0,fs,27,5.50,1.20u,16,drop_at_100mA,0.0996341,0.1,0.996341,15.9415,5.40037
pfet_06v0,fs,27,5.50,1.20u,16,rlin_at_50mV,0.05,0.0506156,0.987838,15.8054,5.45
pfet_06v0,fs,125,2.10,0.55u,1,drop_at_50mA,9.1906,0.05,183.812,183.812,-7.0906
pfet_06v0,fs,125,2.10,0.55u,1,drop_at_100mA,10.6649,0.1,106.649,106.649,-8.56487
pfet_06v0,fs,125,2.10,0.55u,1,rlin_at_50mV,0.05,0.00191576,26.0993,26.0993,2.05
pfet_06v0,fs,125,2.10,0.55u,2,drop_at_50mA,5.2949,0.05,105.898,211.796,-3.1949
pfet_06v0,fs,125,2.10,0.55u,2,drop_at_100mA,9.1906,0.1,91.906,183.812,-7.0906
pfet_06v0,fs,125,2.10,0.55u,2,rlin_at_50mV,0.05,0.00383152,13.0497,26.0993,2.05
pfet_06v0,fs,125,2.10,0.55u,4,drop_at_50mA,0.393992,0.05,7.87984,31.5193,1.70601
pfet_06v0,fs,125,2.10,0.55u,4,drop_at_100mA,5.2949,0.1,52.949,211.796,-3.1949
pfet_06v0,fs,125,2.10,0.55u,4,rlin_at_50mV,0.05,0.00766304,6.52483,26.0993,2.05
pfet_06v0,fs,125,2.10,0.55u,8,drop_at_50mA,0.174023,0.05,3.48047,27.8437,1.92598
pfet_06v0,fs,125,2.10,0.55u,8,drop_at_100mA,0.393992,0.1,3.93992,31.5193,1.70601
pfet_06v0,fs,125,2.10,0.55u,8,rlin_at_50mV,0.05,0.0153261,3.26241,26.0993,2.05
pfet_06v0,fs,125,2.10,0.55u,16,drop_at_50mA,0.0829468,0.05,1.65894,26.543,2.01705
pfet_06v0,fs,125,2.10,0.55u,16,drop_at_100mA,0.174023,0.1,1.74023,27.8437,1.92598
pfet_06v0,fs,125,2.10,0.55u,16,rlin_at_50mV,0.05,0.0306521,1.63121,26.0993,2.05
pfet_06v0,fs,125,2.10,0.70u,1,drop_at_50mA,9.956,0.05,199.12,199.12,-7.856
pfet_06v0,fs,125,2.10,0.70u,1,drop_at_100mA,11.4072,0.1,114.072,114.072,-9.30715
pfet_06v0,fs,125,2.10,0.70u,1,rlin_at_50mV,0.05,0.00147829,33.8228,33.8228,2.05
pfet_06v0,fs,125,2.10,0.70u,2,drop_at_50mA,8.22985,0.05,164.597,329.194,-6.12985
pfet_06v0,fs,125,2.10,0.70u,2,drop_at_100mA,9.956,0.1,99.56,199.12,-7.856
pfet_06v0,fs,125,2.10,0.70u,2,rlin_at_50mV,0.05,0.00295658,16.9114,33.8228,2.05
pfet_06v0,fs,125,2.10,0.70u,4,drop_at_50mA,0.577565,0.05,11.5513,46.2052,1.52244
pfet_06v0,fs,125,2.10,0.70u,4,drop_at_100mA,8.22985,0.1,82.2985,329.194,-6.12985
pfet_06v0,fs,125,2.10,0.70u,4,rlin_at_50mV,0.05,0.00591317,8.4557,33.8228,2.05
pfet_06v0,fs,125,2.10,0.70u,8,drop_at_50mA,0.233424,0.05,4.66847,37.3478,1.86658
pfet_06v0,fs,125,2.10,0.70u,8,drop_at_100mA,0.577565,0.1,5.77565,46.2052,1.52244
pfet_06v0,fs,125,2.10,0.70u,8,rlin_at_50mV,0.05,0.0118263,4.22785,33.8228,2.05
pfet_06v0,fs,125,2.10,0.70u,16,drop_at_50mA,0.109023,0.05,2.18045,34.8872,1.99098
pfet_06v0,fs,125,2.10,0.70u,16,drop_at_100mA,0.233424,0.1,2.33424,37.3478,1.86658
pfet_06v0,fs,125,2.10,0.70u,16,rlin_at_50mV,0.05,0.0236527,2.11393,33.8228,2.05
pfet_06v0,fs,125,2.10,1.20u,1,drop_at_50mA,11.3804,0.05,227.608,227.608,-9.28042
pfet_06v0,fs,125,2.10,1.20u,1,drop_at_100mA,12.9841,0.1,129.841,129.841,-10.8841
pfet_06v0,fs,125,2.10,1.20u,1,rlin_at_50mV,0.05,0.000834658,59.9048,59.9048,2.05
pfet_06v0,fs,125,2.10,1.20u,2,drop_at_50mA,9.91358,0.05,198.272,396.543,-7.81358
pfet_06v0,fs,125,2.10,1.20u,2,drop_at_100mA,11.3804,0.1,113.804,227.608,-9.28042
pfet_06v0,fs,125,2.10,1.20u,2,rlin_at_50mV,0.05,0.00166932,29.9524,59.9048,2.05
pfet_06v0,fs,125,2.10,1.20u,4,drop_at_50mA,8.14595,0.05,162.919,651.676,-6.04595
pfet_06v0,fs,125,2.10,1.20u,4,drop_at_100mA,9.91358,0.1,99.1358,396.543,-7.81358
pfet_06v0,fs,125,2.10,1.20u,4,rlin_at_50mV,0.05,0.00333863,14.9762,59.9048,2.05
pfet_06v0,fs,125,2.10,1.20u,8,drop_at_50mA,0.487576,0.05,9.75153,78.0122,1.61242
pfet_06v0,fs,125,2.10,1.20u,8,drop_at_100mA,8.14595,0.1,81.4595,651.676,-6.04595
pfet_06v0,fs,125,2.10,1.20u,8,rlin_at_50mV,0.05,0.00667726,7.4881,59.9048,2.05
pfet_06v0,fs,125,2.10,1.20u,16,drop_at_50mA,0.203962,0.05,4.07925,65.268,1.89604
pfet_06v0,fs,125,2.10,1.20u,16,drop_at_100mA,0.487576,0.1,4.87576,78.0122,1.61242
pfet_06v0,fs,125,2.10,1.20u,16,rlin_at_50mV,0.05,0.0133545,3.74405,59.9048,2.05
pfet_06v0,fs,125,2.97,0.55u,1,drop_at_50mA,1.5932,0.05,31.864,31.864,1.3768
pfet_06v0,fs,125,2.97,0.55u,1,drop_at_100mA,9.42138,0.1,94.2138,94.2138,-6.45138
pfet_06v0,fs,125,2.97,0.55u,1,rlin_at_50mV,0.05,0.00293043,17.0623,17.0623,2.92
pfet_06v0,fs,125,2.97,0.55u,2,drop_at_50mA,0.496884,0.05,9.93767,19.8753,2.47312
pfet_06v0,fs,125,2.97,0.55u,2,drop_at_100mA,1.5932,0.1,15.932,31.864,1.3768
pfet_06v0,fs,125,2.97,0.55u,2,rlin_at_50mV,0.05,0.00586086,8.53117,17.0623,2.92
pfet_06v0,fs,125,2.97,0.55u,4,drop_at_50mA,0.226028,0.05,4.52055,18.0822,2.74397
pfet_06v0,fs,125,2.97,0.55u,4,drop_at_100mA,0.496884,0.1,4.96884,19.8753,2.47312
pfet_06v0,fs,125,2.97,0.55u,4,rlin_at_50mV,0.05,0.0117217,4.26559,17.0623,2.92
pfet_06v0,fs,125,2.97,0.55u,8,drop_at_50mA,0.108694,0.05,2.17388,17.3911,2.86131
pfet_06v0,fs,125,2.97,0.55u,8,drop_at_100mA,0.226028,0.1,2.26028,18.0822,2.74397
pfet_06v0,fs,125,2.97,0.55u,8,rlin_at_50mV,0.05,0.0234434,2.13279,17.0623,2.92
pfet_06v0,fs,125,2.97,0.55u,16,drop_at_50mA,0.053378,0.05,1.06756,17.081,2.91662
pfet_06v0,fs,125,2.97,0.55u,16,drop_at_100mA,0.108694,0.1,1.08694,17.3911,2.86131
pfet_06v0,fs,125,2.97,0.55u,16,rlin_at_50mV,0.05,0.0468869,1.0664,17.0623,2.92
pfet_06v0,fs,125,2.97,0.70u,1,drop_at_50mA,7.99614,0.05,159.923,159.923,-5.02614
pfet_06v0,fs,125,2.97,0.70u,1,drop_at_100mA,10.1485,0.1,101.485,101.485,-7.17849
pfet_06v0,fs,125,2.97,0.70u,1,rlin_at_50mV,0.05,0.00228672,21.8654,21.8654,2.92
pfet_06v0,fs,125,2.97,0.70u,2,drop_at_50mA,0.684012,0.05,13.6802,27.3605,2.28599
pfet_06v0,fs,125,2.97,0.70u,2,drop_at_100mA,7.99614,0.1,79.9614,159.923,-5.02614
pfet_06v0,fs,125,2.97,0.70u,2,rlin_at_50mV,0.05,0.00457343,10.9327,21.8654,2.92
pfet_06v0,fs,125,2.97,0.70u,4,drop_at_50mA,0.296828,0.05,5.93657,23.7463,2.67317
pfet_06v0,fs,125,2.97,0.70u,4,drop_at_100mA,0.684012,0.1,6.84012,27.3605,2.28599
pfet_06v0,fs,125,2.97,0.70u,4,rlin_at_50mV,0.05,0.00914686,5.46636,21.8654,2.92
pfet_06v0,fs,125,2.97,0.70u,8,drop_at_50mA,0.140782,0.05,2.81563,22.5251,2.82922
pfet_06v0,fs,125,2.97,0.70u,8,drop_at_100mA,0.296828,0.1,2.96828,23.7463,2.67317
pfet_06v0,fs,125,2.97,0.70u,8,rlin_at_50mV,0.05,0.0182937,2.73318,21.8654,2.92
pfet_06v0,fs,125,2.97,0.70u,16,drop_at_50mA,0.0687462,0.05,1.37492,21.9988,2.90125
pfet_06v0,fs,125,2.97,0.70u,16,drop_at_100mA,0.140782,0.1,1.40782,22.5251,2.82922
pfet_06v0,fs,125,2.97,0.70u,16,rlin_at_50mV,0.05,0.0365874,1.36659,21.8654,2.92
pfet_06v0,fs,125,2.97,1.20u,1,drop_at_50mA,10.0047,0.05,200.093,200.093,-7.03467
pfet_06v0,fs,125,2.97,1.20u,1,drop_at_100mA,11.4884,0.1,114.884,114.884,-8.51844
pfet_06v0,fs,125,2.97,1.20u,1,rlin_at_50mV,0.05,0.00131337,38.0701,38.0701,2.92
pfet_06v0,fs,125,2.97,1.20u,2,drop_at_50mA,7.43795,0.05,148.759,297.518,-4.46795
pfet_06v0,fs,125,2.97,1.20u,2,drop_at_100mA,10.0047,0.1,100.047,200.093,-7.03467
pfet_06v0,fs,125,2.97,1.20u,2,rlin_at_50mV,0.05,0.00262673,19.0351,38.0701,2.92
pfet_06v0,fs,125,2.97,1.20u,4,drop_at_50mA,0.572159,0.05,11.4432,45.7727,2.39784
pfet_06v0,fs,125,2.97,1.20u,4,drop_at_100mA,7.43795,0.1,74.3795,297.518,-4.46795
pfet_06v0,fs,125,2.97,1.20u,4,rlin_at_50mV,0.05,0.00525346,9.51754,38.0701,2.92
pfet_06v0,fs,125,2.97,1.20u,8,drop_at_50mA,0.254868,0.05,5.09736,40.7789,2.71513
pfet_06v0,fs,125,2.97,1.20u,8,drop_at_100mA,0.572159,0.1,5.72159,45.7727,2.39784
pfet_06v0,fs,125,2.97,1.20u,8,rlin_at_50mV,0.05,0.0105069,4.75877,38.0701,2.92
pfet_06v0,fs,125,2.97,1.20u,16,drop_at_50mA,0.121813,0.05,2.43625,38.9801,2.84819
pfet_06v0,fs,125,2.97,1.20u,16,drop_at_100mA,0.254868,0.1,2.54868,40.7789,2.71513
pfet_06v0,fs,125,2.97,1.20u,16,rlin_at_50mV,0.05,0.0210138,2.37938,38.0701,2.92
pfet_06v0,fs,125,3.30,0.55u,1,drop_at_50mA,1.05246,0.05,21.0492,21.0492,2.24754
pfet_06v0,fs,125,3.30,0.55u,1,drop_at_100mA,8.95346,0.1,89.5346,89.5346,-5.65346
pfet_06v0,fs,125,3.30,0.55u,1,rlin_at_50mV,0.05,0.00327359,15.2738,15.2738,3.25
pfet_06v0,fs,125,3.30,0.55u,2,drop_at_50mA,0.427075,0.05,8.54149,17.083,2.87293
pfet_06v0,fs,125,3.30,0.55u,2,drop_at_100mA,1.05246,0.1,10.5246,21.0492,2.24754
pfet_06v0,fs,125,3.30,0.55u,2,rlin_at_50mV,0.05,0.00654717,7.63689,15.2738,3.25
pfet_06v0,fs,125,3.30,0.55u,4,drop_at_50mA,0.199366,0.05,3.98732,15.9493,3.10063
pfet_06v0,fs,125,3.30,0.55u,4,drop_at_100mA,0.427075,0.1,4.27075,17.083,2.87293
pfet_06v0,fs,125,3.30,0.55u,4,rlin_at_50mV,0.05,0.0130943,3.81844,15.2738,3.25
pfet_06v0,fs,125,3.30,0.55u,8,drop_at_50mA,0.0967491,0.05,1.93498,15.4799,3.20325
pfet_06v0,fs,125,3.30,0.55u,8,drop_at_100mA,0.199366,0.1,1.99366,15.9493,3.10063
pfet_06v0,fs,125,3.30,0.55u,8,rlin_at_50mV,0.05,0.0261887,1.90922,15.2738,3.25
pfet_06v0,fs,125,3.30,0.55u,16,drop_at_50mA,0.0476992,0.05,0.953984,15.2638,3.2523
pfet_06v0,fs,125,3.30,0.55u,16,drop_at_100mA,0.0967491,0.1,0.967491,15.4799,3.20325
pfet_06v0,fs,125,3.30,0.55u,16,rlin_at_50mV,0.05,0.0523774,0.954611,15.2738,3.25
pfet_06v0,fs,125,3.30,0.70u,1,drop_at_50mA,2.0636,0.05,41.272,41.272,1.2364
pfet_06v0,fs,125,3.30,0.70u,1,drop_at_100mA,9.81178,0.1,98.1178,98.1178,-6.51178
pfet_06v0,fs,125,3.30,0.70u,1,rlin_at_50mV,0.05,0.00256169,19.5184,19.5184,3.25
pfet_06v0,fs,125,3.30,0.70u,2,drop_at_50mA,0.571277,0.05,11.4255,22.8511,2.72872
pfet_06v0,fs,125,3.30,0.70u,2,drop_at_100mA,2.0636,0.1,20.636,41.272,1.2364
pfet_06v0,fs,125,3.30,0.70u,2,rlin_at_50mV,0.05,0.00512337,9.7592,19.5184,3.25
pfet_06v0,fs,125,3.30,0.70u,4,drop_at_50mA,0.259322,0.05,5.18643,20.7457,3.04068
pfet_06v0,fs,125,3.30,0.70u,4,drop_at_100mA,0.571277,0.1,5.71277,22.8511,2.72872
pfet_06v0,fs,125,3.30,0.70u,4,rlin_at_50mV,0.05,0.0102467,4.8796,19.5184,3.25
pfet_06v0,fs,125,3.30,0.70u,8,drop_at_50mA,0.12463,0.05,2.49261,19.9409,3.17537
pfet_06v0,fs,125,3.30,0.70u,8,drop_at_100mA,0.259322,0.1,2.59322,20.7457,3.04068
pfet_06v0,fs,125,3.30,0.70u,8,rlin_at_50mV,0.05,0.0204935,2.4398,19.5184,3.25
pfet_06v0,fs,125,3.30,0.70u,16,drop_at_50mA,0.0611898,0.05,1.2238,19.5807,3.23881
pfet_06v0,fs,125,3.30,0.70u,16,drop_at_100mA,0.12463,0.1,1.2463,19.9409,3.17537
pfet_06v0,fs,125,3.30,0.70u,16,rlin_at_50mV,0.05,0.040987,1.2199,19.5184,3.25
pfet_06v0,fs,125,3.30,1.20u,1,drop_at_50mA,9.6174,0.05,192.348,192.348,-6.3174
pfet_06v0,fs,125,3.30,1.20u,1,drop_at_100mA,11.1899,0.1,111.899,111.899,-7.88993
pfet_06v0,fs,125,3.30,1.20u,1,rlin_at_50mV,0.05,0.00147773,33.8357,33.8357,3.25
pfet_06v0,fs,125,3.30,1.20u,2,drop_at_50mA,1.28911,0.05,25.7821,51.5643,2.01089
pfet_06v0,fs,125,3.30,1.20u,2,drop_at_100mA,9.6174,0.1,96.174,192.348,-6.3174
pfet_06v0,fs,125,3.30,1.20u,2,rlin_at_50mV,0.05,0.00295546,16.9178,33.8357,3.25
pfet_06v0,fs,125,3.30,1.20u,4,drop_at_50mA,0.481473,0.05,9.62947,38.5179,2.81853
pfet_06v0,fs,125,3.30,1.20u,4,drop_at_100mA,1.28911,0.1,12.8911,51.5643,2.01089
pfet_06v0,fs,125,3.30,1.20u,4,rlin_at_50mV,0.05,0.00591092,8.45892,33.8357,3.25
pfet_06v0,fs,125,3.30,1.20u,8,drop_at_50mA,0.222318,0.05,4.44636,35.5709,3.07768
pfet_06v0,fs,125,3.30,1.20u,8,drop_at_100mA,0.481473,0.1,4.81473,38.5179,2.81853
pfet_06v0,fs,125,3.30,1.20u,8,rlin_at_50mV,0.05,0.0118218,4.22946,33.8357,3.25
pfet_06v0,fs,125,3.30,1.20u,16,drop_at_50mA,0.10749,0.05,2.14979,34.3967,3.19251
pfet_06v0,fs,125,3.30,1.20u,16,drop_at_100mA,0.222318,0.1,2.22318,35.5709,3.07768
pfet_06v0,fs,125,3.30,1.20u,16,rlin_at_50mV,0.05,0.0236437,2.11473,33.8357,3.25
pfet_06v0,fs,125,3.63,0.55u,1,drop_at_50mA,0.872835,0.05,17.4567,17.4567,2.75716
pfet_06v0,fs,125,3.63,0.55u,1,drop_at_100mA,8.20418,0.1,82.0418,82.0418,-4.57418
pfet_06v0,fs,125,3.63,0.55u,1,rlin_at_50mV,0.05,0.00359807,13.8963,13.8963,3.58
pfet_06v0,fs,125,3.63,0.55u,2,drop_at_50mA,0.378923,0.05,7.57847,15.1569,3.25108
pfet_06v0,fs,125,3.63,0.55u,2,drop_at_100mA,0.872835,0.1,8.72835,17.4567,2.75716
pfet_06v0,fs,125,3.63,0.55u,2,rlin_at_50mV,0.05,0.00719615,6.94816,13.8963,3.58
pfet_06v0,fs,125,3.63,0.55u,4,drop_at_50mA,0.179641,0.05,3.59282,14.3713,3.45036
pfet_06v0,fs,125,3.63,0.55u,4,drop_at_100mA,0.378923,0.1,3.78923,15.1569,3.25108
pfet_06v0,fs,125,3.63,0.55u,4,rlin_at_50mV,0.05,0.0143923,3.47408,13.8963,3.58
pfet_06v0,fs,125,3.63,0.55u,8,drop_at_50mA,0.087698,0.05,1.75396,14.0317,3.5423
pfet_06v0,fs,125,3.63,0.55u,8,drop_at_100mA,0.179641,0.1,1.79641,14.3713,3.45036
pfet_06v0,fs,125,3.63,0.55u,8,rlin_at_50mV,0.05,0.0287846,1.73704,13.8963,3.58
pfet_06v0,fs,125,3.63,0.55u,16,drop_at_50mA,0.0433521,0.05,0.867043,13.8727,3.58665
pfet_06v0,fs,125,3.63,0.55u,16,drop_at_100mA,0.087698,0.1,0.87698,14.0317,3.5423
pfet_06v0,fs,125,3.63,0.55u,16,rlin_at_50mV,0.05,0.0575692,0.86852,13.8963,3.58
pfet_06v0,fs,125,3.63,0.70u,1,drop_at_50mA,1.25808,0.05,25.1615,25.1615,2.37192
pfet_06v0,fs,125,3.63,0.70u,1,drop_at_100mA,9.46132,0.1,94.6132,94.6132,-5.83132
pfet_06v0,fs,125,3.63,0.70u,1,rlin_at_50mV,0.05,0.00282237,17.7156,17.7156,3.58
pfet_06v0,fs,125,3.63,0.70u,2,drop_at_50mA,0.499129,0.05,9.98258,19.9652,3.13087
pfet_06v0,fs,125,3.63,0.70u,2,drop_at_100mA,1.25808,0.1,12.5808,25.1615,2.37192
pfet_06v0,fs,125,3.63,0.70u,2,rlin_at_50mV,0.05,0.00564475,8.85779,17.7156,3.58
pfet_06v0,fs,125,3.63,0.70u,4,drop_at_50mA,0.232143,0.05,4.64286,18.5714,3.39786
pfet_06v0,fs,125,3.63,0.70u,4,drop_at_100mA,0.499129,0.1,4.99129,19.9652,3.13087
pfet_06v0,fs,125,3.63,0.70u,4,rlin_at_50mV,0.05,0.0112895,4.4289,17.7156,3.58
pfet_06v0,fs,125,3.63,0.70u,8,drop_at_50mA,0.112509,0.05,2.25017,18.0014,3.51749
pfet_06v0,fs,125,3.63,0.70u,8,drop_at_100mA,0.232143,0.1,2.32143,18.5714,3.39786
pfet_06v0,fs,125,3.63,0.70u,8,rlin_at_50mV,0.05,0.022579,2.21445,17.7156,3.58
pfet_06v0,fs,125,3.63,0.70u,16,drop_at_50mA,0.0554379,0.05,1.10876,17.7401,3.57456
pfet_06v0,fs,125,3.63,0.70u,16,drop_at_100mA,0.112509,0.1,1.12509,18.0014,3.51749
pfet_06v0,fs,125,3.63,0.70u,16,rlin_at_50mV,0.05,0.045158,1.10722,17.7156,3.58
pfet_06v0,fs,125,3.63,1.20u,1,drop_at_50mA,9.1747,0.05,183.494,183.494,-5.5447
pfet_06v0,fs,125,3.63,1.20u,1,drop_at_100mA,10.9563,0.1,109.563,109.563,-7.32628
pfet_06v0,fs,125,3.63,1.20u,1,rlin_at_50mV,0.05,0.00163423,30.5955,30.5955,3.58
pfet_06v0,fs,125,3.63,1.20u,2,drop_at_50mA,1.00059,0.05,20.0117,40.0235,2.62941
pfet_06v0,fs,125,3.63,1.20u,2,drop_at_100mA,9.1747,0.1,91.747,183.494,-5.5447
pfet_06v0,fs,125,3.63,1.20u,2,rlin_at_50mV,0.05,0.00326846,15.2977,30.5955,3.58
pfet_06v0,fs,125,3.63,1.20u,4,drop_at_50mA,0.421697,0.05,8.43394,33.7358,3.2083
pfet_06v0,fs,125,3.63,1.20u,4,drop_at_100mA,1.00059,0.1,10.0059,40.0235,2.62941
pfet_06v0,fs,125,3.63,1.20u,4,rlin_at_50mV,0.05,0.00653692,7.64887,30.5955,3.58
pfet_06v0,fs,125,3.63,1.20u,8,drop_at_50mA,0.198647,0.05,3.97293,31.7835,3.43135
pfet_06v0,fs,125,3.63,1.20u,8,drop_at_100mA,0.421697,0.1,4.21697,33.7358,3.2083
pfet_06v0,fs,125,3.63,1.20u,8,rlin_at_50mV,0.05,0.0130738,3.82443,30.5955,3.58
pfet_06v0,fs,125,3.63,1.20u,16,drop_at_50mA,0.0967503,0.05,1.93501,30.9601,3.53325
pfet_06v0,fs,125,3.63,1.20u,16,drop_at_100mA,0.198647,0.1,1.98647,31.7835,3.43135
pfet_06v0,fs,125,3.63,1.20u,16,rlin_at_50mV,0.05,0.0261477,1.91222,30.5955,3.58
pfet_06v0,fs,125,4.50,0.55u,1,drop_at_50mA,0.648028,0.05,12.9606,12.9606,3.85197
pfet_06v0,fs,125,4.50,0.55u,1,drop_at_100mA,1.64517,0.1,16.4517,16.4517,2.85483
pfet_06v0,fs,125,4.50,0.55u,1,rlin_at_50mV,0.05,0.00437941,11.4171,11.4171,4.45
pfet_06v0,fs,125,4.50,0.55u,2,drop_at_50mA,0.300632,0.05,6.01265,12.0253,4.19937
pfet_06v0,fs,125,4.50,0.55u,2,drop_at_100mA,0.648028,0.1,6.48028,12.9606,3.85197
pfet_06v0,fs,125,4.50,0.55u,2,rlin_at_50mV,0.05,0.00875882,5.70853,11.4171,4.45
pfet_06v0,fs,125,4.50,0.55u,4,drop_at_50mA,0.145536,0.05,2.91072,11.6429,4.35446
pfet_06v0,fs,125,4.50,0.55u,4,drop_at_100mA,0.300632,0.1,3.00632,12.0253,4.19937
pfet_06v0,fs,125,4.50,0.55u,4,rlin_at_50mV,0.05,0.0175176,2.85427,11.4171,4.45
pfet_06v0,fs,125,4.50,0.55u,8,drop_at_50mA,0.0716729,0.05,1.43346,11.4677,4.42833
pfet_06v0,fs,125,4.50,0.55u,8,drop_at_100mA,0.145536,0.1,1.45536,11.6429,4.35446
pfet_06v0,fs,125,4.50,0.55u,8,rlin_at_50mV,0.05,0.0350353,1.42713,11.4171,4.45
pfet_06v0,fs,125,4.50,0.55u,16,drop_at_50mA,0.0355737,0.05,0.711474,11.3836,4.46443
pfet_06v0,fs,125,4.50,0.55u,16,drop_at_100mA,0.0716729,0.1,0.716729,11.4677,4.42833
pfet_06v0,fs,125,4.50,0.55u,16,rlin_at_50mV,0.05,0.0700705,0.713567,11.4171,4.45
pfet_06v0,fs,125,4.50,0.70u,1,drop_at_50mA,0.860497,0.05,17.2099,17.2099,3.6395
pfet_06v0,fs,125,4.50,0.70u,1,drop_at_100mA,4.0273,0.1,40.273,40.273,0.472695
pfet_06v0,fs,125,4.50,0.70u,1,rlin_at_50mV,0.05,0.00345259,14.4819,14.4819,4.45
pfet_06v0,fs,125,4.50,0.70u,2,drop_at_50mA,0.388072,0.05,7.76144,15.5229,4.11193
pfet_06v0,fs,125,4.50,0.70u,2,drop_at_100mA,0.860497,0.1,8.60497,17.2099,3.6395
pfet_06v0,fs,125,4.50,0.70u,2,rlin_at_50mV,0.05,0.00690517,7.24095,14.4819,4.45
pfet_06v0,fs,125,4.50,0.70u,4,drop_at_50mA,0.186077,0.05,3.72154,14.8862,4.31392
pfet_06v0,fs,125,4.50,0.70u,4,drop_at_100mA,0.388072,0.1,3.88072,15.5229,4.11193
pfet_06v0,fs,125,4.50,0.70u,4,rlin_at_50mV,0.05,0.0138103,3.62047,14.4819,4.45
pfet_06v0,fs,125,4.50,0.70u,8,drop_at_50mA,0.0912656,0.05,1.82531,14.6025,4.40873
pfet_06v0,fs,125,4.50,0.70u,8,drop_at_100mA,0.186077,0.1,1.86077,14.8862,4.31392
pfet_06v0,fs,125,4.50,0.70u,8,rlin_at_50mV,0.05,0.0276207,1.81024,14.4819,4.45
pfet_06v0,fs,125,4.50,0.70u,16,drop_at_50mA,0.0452125,0.05,0.904251,14.468,4.45479
pfet_06v0,fs,125,4.50,0.70u,16,drop_at_100mA,0.0912656,0.1,0.912656,14.6025,4.40873
pfet_06v0,fs,125,4.50,0.70u,16,rlin_at_50mV,0.05,0.0552414,0.905118,14.4819,4.45
pfet_06v0,fs,125,4.50,1.20u,1,drop_at_50mA,1.91741,0.05,38.3482,38.3482,2.58259
pfet_06v0,fs,125,4.50,1.20u,1,drop_at_100mA,10.4711,0.1,104.711,104.711,-5.97111
pfet_06v0,fs,125,4.50,1.20u,1,rlin_at_50mV,0.05,0.0020151,24.8126,24.8126,4.45
pfet_06v0,fs,125,4.50,1.20u,2,drop_at_50mA,0.711029,0.05,14.2206,28.4412,3.78897
pfet_06v0,fs,125,4.50,1.20u,2,drop_at_100mA,1.91741,0.1,19.1741,38.3482,2.58259
pfet_06v0,fs,125,4.50,1.20u,2,rlin_at_50mV,0.05,0.00403021,12.4063,24.8126,4.45
pfet_06v0,fs,125,4.50,1.20u,4,drop_at_50mA,0.327857,0.05,6.55715,26.2286,4.17214
pfet_06v0,fs,125,4.50,1.20u,4,drop_at_100mA,0.711029,0.1,7.11029,28.4412,3.78897
pfet_06v0,fs,125,4.50,1.20u,4,rlin_at_50mV,0.05,0.00806042,6.20315,24.8126,4.45
pfet_06v0,fs,125,4.50,1.20u,8,drop_at_50mA,0.158426,0.05,3.16852,25.3482,4.34157
pfet_06v0,fs,125,4.50,1.20u,8,drop_at_100mA,0.327857,0.1,3.27857,26.2286,4.17214
pfet_06v0,fs,125,4.50,1.20u,8,rlin_at_50mV,0.05,0.0161208,3.10158,24.8126,4.45
pfet_06v0,fs,125,4.50,1.20u,16,drop_at_50mA,0.0779649,0.05,1.5593,24.9488,4.42204
pfet_06v0,fs,125,4.50,1.20u,16,drop_at_100mA,0.158426,0.1,1.58426,25.3482,4.34157
pfet_06v0,fs,125,4.50,1.20u,16,rlin_at_50mV,0.05,0.0322417,1.55079,24.8126,4.45
pfet_06v0,fs,125,5.00,0.55u,1,drop_at_50mA,0.576575,0.05,11.5315,11.5315,4.42343
pfet_06v0,fs,125,5.00,0.55u,1,drop_at_100mA,1.35081,0.1,13.5081,13.5081,3.64919
pfet_06v0,fs,125,5.00,0.55u,1,rlin_at_50mV,0.05,0.0047887,10.4412,10.4412,4.95
pfet_06v0,fs,125,5.00,0.55u,2,drop_at_50mA,0.271996,0.05,5.43993,10.8799,4.728
pfet_06v0,fs,125,5.00,0.55u,2,drop_at_100mA,0.576575,0.1,5.76575,11.5315,4.42343
pfet_06v0,fs,125,5.00,0.55u,2,rlin_at_50mV,0.05,0.00957741,5.22062,10.4412,4.95
pfet_06v0,fs,125,5.00,0.55u,4,drop_at_50mA,0.132511,0.05,2.65023,10.6009,4.86749
pfet_06v0,fs,125,5.00,0.55u,4,drop_at_100mA,0.271996,0.1,2.71996,10.8799,4.728
pfet_06v0,fs,125,5.00,0.55u,4,rlin_at_50mV,0.05,0.0191548,2.61031,10.4412,4.95
pfet_06v0,fs,125,5.00,0.55u,8,drop_at_50mA,0.0654427,0.05,1.30885,10.4708,4.93456
pfet_06v0,fs,125,5.00,0.55u,8,drop_at_100mA,0.132511,0.1,1.32511,10.6009,4.86749
pfet_06v0,fs,125,5.00,0.55u,8,rlin_at_50mV,0.05,0.0383096,1.30515,10.4412,4.95
pfet_06v0,fs,125,5.00,0.55u,16,drop_at_50mA,0.0325247,0.05,0.650494,10.4079,4.96748
pfet_06v0,fs,125,5.00,0.55u,16,drop_at_100mA,0.0654427,0.1,0.654427,10.4708,4.93456
pfet_06v0,fs,125,5.00,0.55u,16,rlin_at_50mV,0.05,0.0766193,0.652577,10.4412,4.95
pfet_06v0,fs,125,5.00,0.70u,1,drop_at_50mA,0.75383,0.05,15.0766,15.0766,4.24617
pfet_06v0,fs,125,5.00,0.70u,1,drop_at_100mA,1.94991,0.1,19.4991,19.4991,3.05009
pfet_06v0,fs,125,5.00,0.70u,1,rlin_at_50mV,0.05,0.00378402,13.2134,13.2134,4.95
pfet_06v0,fs,125,5.00,0.70u,2,drop_at_50mA,0.34886,0.05,6.9772,13.9544,4.65114
pfet_06v0,fs,125,5.00,0.70u,2,drop_at_100mA,0.75383,0.1,7.5383,15.0766,4.24617
pfet_06v0,fs,125,5.00,0.70u,2,rlin_at_50mV,0.05,0.00756805,6.60672,13.2134,4.95
pfet_06v0,fs,125,5.00,0.70u,4,drop_at_50mA,0.168747,0.05,3.37494,13.4998,4.83125
pfet_06v0,fs,125,5.00,0.70u,4,drop_at_100mA,0.34886,0.1,3.4886,13.9544,4.65114
pfet_06v0,fs,125,5.00,0.70u,4,rlin_at_50mV,0.05,0.0151361,3.30336,13.2134,4.95
pfet_06v0,fs,125,5.00,0.70u,8,drop_at_50mA,0.0830761,0.05,1.66152,13.2922,4.91692
pfet_06v0,fs,125,5.00,0.70u,8,drop_at_100mA,0.168747,0.1,1.68747,13.4998,4.83125
pfet_06v0,fs,125,5.00,0.70u,8,rlin_at_50mV,0.05,0.0302722,1.65168,13.2134,4.95
pfet_06v0,fs,125,5.00,0.70u,16,drop_at_50mA,0.0412272,0.05,0.824544,13.1927,4.95877
pfet_06v0,fs,125,5.00,0.70u,16,drop_at_100mA,0.0830761,0.1,0.830761,13.2922,4.91692
pfet_06v0,fs,125,5.00,0.70u,16,rlin_at_50mV,0.05,0.0605444,0.825841,13.2134,4.95
pfet_06v0,fs,125,5.00,1.20u,1,drop_at_50mA,1.49059,0.05,29.8118,29.8118,3.50941
pfet_06v0,fs,125,5.00,1.20u,1,drop_at_100mA,10.1584,0.1,101.584,101.584,-5.15843
pfet_06v0,fs,125,5.00,1.20u,1,rlin_at_50mV,0.05,0.00221675,22.5555,22.5555,4.95
pfet_06v0,fs,125,5.00,1.20u,2,drop_at_50mA,0.625631,0.05,12.5126,25.0253,4.37437
pfet_06v0,fs,125,5.00,1.20u,2,drop_at_100mA,1.49059,0.1,14.9059,29.8118,3.50941
pfet_06v0,fs,125,5.00,1.20u,2,rlin_at_50mV,0.05,0.0044335,11.2778,22.5555,4.95
pfet_06v0,fs,125,5.00,1.20u,4,drop_at_50mA,0.294344,0.05,5.88689,23.5476,4.70566
pfet_06v0,fs,125,5.00,1.20u,4,drop_at_100mA,0.625631,0.1,6.25631,25.0253,4.37437
pfet_06v0,fs,125,5.00,1.20u,4,rlin_at_50mV,0.05,0.008867,5.63888,22.5555,4.95
pfet_06v0,fs,125,5.00,1.20u,8,drop_at_50mA,0.143282,0.05,2.86565,22.9252,4.85672
pfet_06v0,fs,125,5.00,1.20u,8,drop_at_100mA,0.294344,0.1,2.94344,23.5476,4.70566
pfet_06v0,fs,125,5.00,1.20u,8,rlin_at_50mV,0.05,0.017734,2.81944,22.5555,4.95
pfet_06v0,fs,125,5.00,1.20u,16,drop_at_50mA,0.07074,0.05,1.4148,22.6368,4.92926
pfet_06v0,fs,125,5.00,1.20u,16,drop_at_100mA,0.143282,0.1,1.43282,22.9252,4.85672
pfet_06v0,fs,125,5.00,1.20u,16,rlin_at_50mV,0.05,0.035468,1.40972,22.5555,4.95
pfet_06v0,fs,125,5.50,0.55u,1,drop_at_50mA,0.52379,0.05,10.4758,10.4758,4.97621
pfet_06v0,fs,125,5.50,0.55u,1,drop_at_100mA,1.17948,0.1,11.7948,11.7948,4.32052
pfet_06v0,fs,125,5.50,0.55u,1,rlin_at_50mV,0.05,0.00517462,9.66254,9.66254,5.45
pfet_06v0,fs,125,5.50,0.55u,2,drop_at_50mA,0.249825,0.05,4.9965,9.99301,5.25017
pfet_06v0,fs,125,5.50,0.55u,2,drop_at_100mA,0.52379,0.1,5.2379,10.4758,4.97621
pfet_06v0,fs,125,5.50,0.55u,2,rlin_at_50mV,0.05,0.0103492,4.83127,9.66254,5.45
pfet_06v0,fs,125,5.50,0.55u,4,drop_at_50mA,0.12225,0.05,2.44501,9.78003,5.37775
pfet_06v0,fs,125,5.50,0.55u,4,drop_at_100mA,0.249825,0.1,2.49825,9.99301,5.25017
pfet_06v0,fs,125,5.50,0.55u,4,rlin_at_50mV,0.05,0.0206985,2.41564,9.66254,5.45
pfet_06v0,fs,125,5.50,0.55u,8,drop_at_50mA,0.0604967,0.05,1.20993,9.67947,5.4395
pfet_06v0,fs,125,5.50,0.55u,8,drop_at_100mA,0.12225,0.1,1.2225,9.78003,5.37775
pfet_06v0,fs,125,5.50,0.55u,8,rlin_at_50mV,0.05,0.041397,1.20782,9.66254,5.45
pfet_06v0,fs,125,5.50,0.55u,16,drop_at_50mA,0.0300955,0.05,0.60191,9.63056,5.4699
pfet_06v0,fs,125,5.50,0.55u,16,drop_at_100mA,0.0604967,0.1,0.604967,9.67947,5.4395
pfet_06v0,fs,125,5.50,0.55u,16,rlin_at_50mV,0.05,0.0827939,0.603909,9.66254,5.45
pfet_06v0,fs,125,5.50,0.70u,1,drop_at_50mA,0.678135,0.05,13.5627,13.5627,4.82187
pfet_06v0,fs,125,5.50,0.70u,1,drop_at_100mA,1.61149,0.1,16.1149,16.1149,3.88851
pfet_06v0,fs,125,5.50,0.70u,1,rlin_at_50mV,0.05,0.00409729,12.2032,12.2032,5.45
pfet_06v0,fs,125,5.50,0.70u,2,drop_at_50mA,0.318906,0.05,6.37812,12.7562,5.18109
pfet_06v0,fs,125,5.50,0.70u,2,drop_at_100mA,0.678135,0.1,6.78135,13.5627,4.82187
pfet_06v0,fs,125,5.50,0.70u,2,rlin_at_50mV,0.05,0.00819457,6.1016,12.2032,5.45
pfet_06v0,fs,125,5.50,0.70u,4,drop_at_50mA,0.155184,0.05,3.10368,12.4147,5.34482
pfet_06v0,fs,125,5.50,0.70u,4,drop_at_100mA,0.318906,0.1,3.18906,12.7562,5.18109
pfet_06v0,fs,125,5.50,0.70u,4,rlin_at_50mV,0.05,0.0163891,3.0508,12.2032,5.45
pfet_06v0,fs,125,5.50,0.70u,8,drop_at_50mA,0.0766008,0.05,1.53202,12.2561,5.4234
pfet_06v0,fs,125,5.50,0.70u,8,drop_at_100mA,0.155184,0.1,1.55184,12.4147,5.34482
pfet_06v0,fs,125,5.50,0.70u,8,rlin_at_50mV,0.05,0.0327783,1.5254,12.2032,5.45
pfet_06v0,fs,125,5.50,0.70u,16,drop_at_50mA,0.0380612,0.05,0.761223,12.1796,5.46194
pfet_06v0,fs,125,5.50,0.70u,16,drop_at_100mA,0.0766008,0.1,0.766008,12.2561,5.4234
pfet_06v0,fs,125,5.50,0.70u,16,rlin_at_50mV,0.05,0.0655566,0.7627,12.2032,5.45
pfet_06v0,fs,125,5.50,1.20u,1,drop_at_50mA,1.2773,0.05,25.546,25.546,4.2227
pfet_06v0,fs,125,5.50,1.20u,1,drop_at_100mA,9.59812,0.1,95.9812,95.9812,-4.09812
pfet_06v0,fs,125,5.50,1.20u,1,rlin_at_50mV,0.05,0.00240813,20.763,20.763,5.45
pfet_06v0,fs,125,5.50,1.20u,2,drop_at_50mA,0.563791,0.05,11.2758,22.5517,4.93621
pfet_06v0,fs,125,5.50,1.20u,2,drop_at_100mA,1.2773,0.1,12.773,25.546,4.2227
pfet_06v0,fs,125,5.50,1.20u,2,rlin_at_50mV,0.05,0.00481625,10.3815,20.763,5.45
pfet_06v0,fs,125,5.50,1.20u,4,drop_at_50mA,0.26865,0.05,5.37301,21.492,5.23135
pfet_06v0,fs,125,5.50,1.20u,4,drop_at_100mA,0.563791,0.1,5.63791,22.5517,4.93621
pfet_06v0,fs,125,5.50,1.20u,4,rlin_at_50mV,0.05,0.0096325,5.19076,20.763,5.45
pfet_06v0,fs,125,5.50,1.20u,8,drop_at_50mA,0.131433,0.05,2.62866,21.0293,5.36857
pfet_06v0,fs,125,5.50,1.20u,8,drop_at_100mA,0.26865,0.1,2.6865,21.492,5.23135
pfet_06v0,fs,125,5.50,1.20u,8,rlin_at_50mV,0.05,0.019265,2.59538,20.763,5.45
pfet_06v0,fs,125,5.50,1.20u,16,drop_at_50mA,0.0650367,0.05,1.30073,20.8117,5.43496
pfet_06v0,fs,125,5.50,1.20u,16,drop_at_100mA,0.131433,0.1,1.31433,21.0293,5.36857
pfet_06v0,fs,125,5.50,1.20u,16,rlin_at_50mV,0.05,0.03853,1.29769,20.763,5.45
pfet_06v0,sf,-40,2.10,0.55u,1,drop_at_50mA,3.6474,0.05,72.9479,72.9479,-1.5474
pfet_06v0,sf,-40,2.10,0.55u,1,drop_at_100mA,8.9015,0.1,89.015,89.015,-6.8015
pfet_06v0,sf,-40,2.10,0.55u,1,rlin_at_50mV,0.05,0.00453575,11.0235,11.0235,2.05
pfet_06v0,sf,-40,2.10,0.55u,2,drop_at_50mA,0.334146,0.05,6.68293,13.3659,1.76585
pfet_06v0,sf,-40,2.10,0.55u,2,drop_at_100mA,3.6474,0.1,36.474,72.9479,-1.5474
pfet_06v0,sf,-40,2.10,0.55u,2,rlin_at_50mV,0.05,0.00907151,5.51176,11.0235,2.05
pfet_06v0,sf,-40,2.10,0.55u,4,drop_at_50mA,0.14681,0.05,2.93619,11.7448,1.95319
pfet_06v0,sf,-40,2.10,0.55u,4,drop_at_100mA,0.334146,0.1,3.34146,13.3659,1.76585
pfet_06v0,sf,-40,2.10,0.55u,4,rlin_at_50mV,0.05,0.018143,2.75588,11.0235,2.05
pfet_06v0,sf,-40,2.10,0.55u,8,drop_at_50mA,0.0697831,0.05,1.39566,11.1653,2.03022
pfet_06v0,sf,-40,2.10,0.55u,8,drop_at_100mA,0.14681,0.1,1.4681,11.7448,1.95319
pfet_06v0,sf,-40,2.10,0.55u,8,rlin_at_50mV,0.05,0.036286,1.37794,11.0235,2.05
pfet_06v0,sf,-40,2.10,0.55u,16,drop_at_50mA,0.0340986,0.05,0.681972,10.9115,2.0659
pfet_06v0,sf,-40,2.10,0.55u,16,drop_at_100mA,0.0697831,0.1,0.697831,11.1653,2.03022
pfet_06v0,sf,-40,2.10,0.55u,16,rlin_at_50mV,0.05,0.0725721,0.68897,11.0235,2.05
pfet_06v0,sf,-40,2.10,0.70u,1,drop_at_50mA,8.00806,0.05,160.161,160.161,-5.90806
pfet_06v0,sf,-40,2.10,0.70u,1,drop_at_100mA,9.76185,0.1,97.6185,97.6185,-7.66185
pfet_06v0,sf,-40,2.10,0.70u,1,rlin_at_50mV,0.05,0.00337962,14.7946,14.7946,2.05
pfet_06v0,sf,-40,2.10,0.70u,2,drop_at_50mA,0.510049,0.05,10.201,20.4019,1.58995
pfet_06v0,sf,-40,2.10,0.70u,2,drop_at_100mA,8.00806,0.1,80.0806,160.161,-5.90806
pfet_06v0,sf,-40,2.10,0.70u,2,rlin_at_50mV,0.05,0.00675924,7.39728,14.7946,2.05
pfet_06v0,sf,-40,2.10,0.70u,4,drop_at_50mA,0.204455,0.05,4.0891,16.3564,1.89555
pfet_06v0,sf,-40,2.10,0.70u,4,drop_at_100mA,0.510049,0.1,5.10049,20.4019,1.58995
pfet_06v0,sf,-40,2.10,0.70u,4,rlin_at_50mV,0.05,0.0135185,3.69864,14.7946,2.05
pfet_06v0,sf,-40,2.10,0.70u,8,drop_at_50mA,0.0951555,0.05,1.90311,15.2249,2.00484
pfet_06v0,sf,-40,2.10,0.70u,8,drop_at_100mA,0.204455,0.1,2.04455,16.3564,1.89555
pfet_06v0,sf,-40,2.10,0.70u,8,rlin_at_50mV,0.05,0.027037,1.84932,14.7946,2.05
pfet_06v0,sf,-40,2.10,0.70u,16,drop_at_50mA,0.0461204,0.05,0.922408,14.7585,2.05388
pfet_06v0,sf,-40,2.10,0.70u,16,drop_at_100mA,0.0951555,0.1,0.951555,15.2249,2.00484
pfet_06v0,sf,-40,2.10,0.70u,16,rlin_at_50mV,0.05,0.0540739,0.92466,14.7946,2.05
pfet_06v0,sf,-40,2.10,1.20u,1,drop_at_50mA,9.821,0.05,196.42,196.42,-7.721
pfet_06v0,sf,-40,2.10,1.20u,1,drop_at_100mA,11.2881,0.1,112.881,112.881,-9.18812
pfet_06v0,sf,-40,2.10,1.20u,1,rlin_at_50mV,0.05,0.00181224,27.5901,27.5901,2.05
pfet_06v0,sf,-40,2.10,1.20u,2,drop_at_50mA,8.06031,0.05,161.206,322.412,-5.96031
pfet_06v0,sf,-40,2.10,1.20u,2,drop_at_100mA,9.821,0.1,98.21,196.42,-7.721
pfet_06v0,sf,-40,2.10,1.20u,2,rlin_at_50mV,0.05,0.00362449,13.7951,27.5901,2.05
pfet_06v0,sf,-40,2.10,1.20u,4,drop_at_50mA,0.455173,0.05,9.10345,36.4138,1.64483
pfet_06v0,sf,-40,2.10,1.20u,4,drop_at_100mA,8.06031,0.1,80.6031,322.412,-5.96031
pfet_06v0,sf,-40,2.10,1.20u,4,rlin_at_50mV,0.05,0.00724898,6.89753,27.5901,2.05
pfet_06v0,sf,-40,2.10,1.20u,8,drop_at_50mA,0.188262,0.05,3.76524,30.122,1.91174
pfet_06v0,sf,-40,2.10,1.20u,8,drop_at_100mA,0.455173,0.1,4.55173,36.4138,1.64483
pfet_06v0,sf,-40,2.10,1.20u,8,rlin_at_50mV,0.05,0.014498,3.44876,27.5901,2.05
pfet_06v0,sf,-40,2.10,1.20u,16,drop_at_50mA,0.0882866,0.05,1.76573,28.2517,2.01171
pfet_06v0,sf,-40,2.10,1.20u,16,drop_at_100mA,0.188262,0.1,1.88262,30.122,1.91174
pfet_06v0,sf,-40,2.10,1.20u,16,rlin_at_50mV,0.05,0.0289959,1.72438,27.5901,2.05
pfet_06v0,sf,-40,2.97,0.55u,1,drop_at_50mA,0.440958,0.05,8.81915,8.81915,2.52904
pfet_06v0,sf,-40,2.97,0.55u,1,drop_at_100mA,1.58691,0.1,15.8691,15.8691,1.38309
pfet_06v0,sf,-40,2.97,0.55u,1,rlin_at_50mV,0.05,0.0067226,7.4376,7.4376,2.92
pfet_06v0,sf,-40,2.97,0.55u,2,drop_at_50mA,0.198064,0.05,3.96128,7.92255,2.77194
pfet_06v0,sf,-40,2.97,0.55u,2,drop_at_100mA,0.440958,0.1,4.40958,8.81915,2.52904
pfet_06v0,sf,-40,2.97,0.55u,2,rlin_at_50mV,0.05,0.0134452,3.7188,7.4376,2.92
pfet_06v0,sf,-40,2.97,0.55u,4,drop_at_50mA,0.0947467,0.05,1.89493,7.57974,2.87525
pfet_06v0,sf,-40,2.97,0.55u,4,drop_at_100mA,0.198064,0.1,1.98064,7.92255,2.77194
pfet_06v0,sf,-40,2.97,0.55u,4,rlin_at_50mV,0.05,0.0268904,1.8594,7.4376,2.92
pfet_06v0,sf,-40,2.97,0.55u,8,drop_at_50mA,0.0464148,0.05,0.928296,7.42637,2.92359
pfet_06v0,sf,-40,2.97,0.55u,8,drop_at_100mA,0.0947467,0.1,0.947467,7.57974,2.87525
pfet_06v0,sf,-40,2.97,0.55u,8,rlin_at_50mV,0.05,0.0537808,0.9297,7.4376,2.92
pfet_06v0,sf,-40,2.97,0.55u,16,drop_at_50mA,0.0229798,0.05,0.459596,7.35354,2.94702
pfet_06v0,sf,-40,2.97,0.55u,16,drop_at_100mA,0.0464148,0.1,0.464148,7.42637,2.92359
pfet_06v0,sf,-40,2.97,0.55u,16,rlin_at_50mV,0.05,0.107562,0.46485,7.4376,2.92
pfet_06v0,sf,-40,2.97,0.70u,1,drop_at_50mA,0.62607,0.05,12.5214,12.5214,2.34393
pfet_06v0,sf,-40,2.97,0.70u,1,drop_at_100mA,7.8837,0.1,78.837,78.837,-4.9137
pfet_06v0,sf,-40,2.97,0.70u,1,rlin_at_50mV,0.05,0.00511029,9.78418,9.78418,2.92
pfet_06v0,sf,-40,2.97,0.70u,2,drop_at_50mA,0.267454,0.05,5.34909,10.6982,2.70255
pfet_06v0,sf,-40,2.97,0.70u,2,drop_at_100mA,0.62607,0.1,6.2607,12.5214,2.34393
pfet_06v0,sf,-40,2.97,0.70u,2,rlin_at_50mV,0.05,0.0102206,4.89209,9.78418,2.92
pfet_06v0,sf,-40,2.97,0.70u,4,drop_at_50mA,0.126128,0.05,2.52256,10.0902,2.84387
pfet_06v0,sf,-40,2.97,0.70u,4,drop_at_100mA,0.267454,0.1,2.67454,10.6982,2.70255
pfet_06v0,sf,-40,2.97,0.70u,4,rlin_at_50mV,0.05,0.0204412,2.44604,9.78418,2.92
pfet_06v0,sf,-40,2.97,0.70u,8,drop_at_50mA,0.0614328,0.05,1.22866,9.82924,2.90857
pfet_06v0,sf,-40,2.97,0.70u,8,drop_at_100mA,0.126128,0.1,1.26128,10.0902,2.84387
pfet_06v0,sf,-40,2.97,0.70u,8,rlin_at_50mV,0.05,0.0408823,1.22302,9.78418,2.92
pfet_06v0,sf,-40,2.97,0.70u,16,drop_at_50mA,0.0303356,0.05,0.606712,9.70739,2.93966
pfet_06v0,sf,-40,2.97,0.70u,16,drop_at_100mA,0.0614328,0.1,0.614328,9.82924,2.90857
pfet_06v0,sf,-40,2.97,0.70u,16,rlin_at_50mV,0.05,0.0817647,0.611511,9.78418,2.92
pfet_06v0,sf,-40,2.97,1.20u,1,drop_at_50mA,7.42693,0.05,148.539,148.539,-4.45693
pfet_06v0,sf,-40,2.97,1.20u,1,drop_at_100mA,9.88002,0.1,98.8002,98.8002,-6.91002
pfet_06v0,sf,-40,2.97,1.20u,1,rlin_at_50mV,0.05,0.0028193,17.7349,17.7349,2.92
pfet_06v0,sf,-40,2.97,1.20u,2,drop_at_50mA,0.539686,0.05,10.7937,21.5874,2.43031
pfet_06v0,sf,-40,2.97,1.20u,2,drop_at_100mA,7.42693,0.1,74.2693,148.539,-4.45693
pfet_06v0,sf,-40,2.97,1.20u,2,rlin_at_50mV,0.05,0.0056386,8.86745,17.7349,2.92
pfet_06v0,sf,-40,2.97,1.20u,4,drop_at_50mA,0.238309,0.05,4.76617,19.0647,2.73169
pfet_06v0,sf,-40,2.97,1.20u,4,drop_at_100mA,0.539686,0.1,5.39686,21.5874,2.43031
pfet_06v0,sf,-40,2.97,1.20u,4,rlin_at_50mV,0.05,0.0112772,4.43372,17.7349,2.92
pfet_06v0,sf,-40,2.97,1.20u,8,drop_at_50mA,0.113533,0.05,2.27066,18.1653,2.85647
pfet_06v0,sf,-40,2.97,1.20u,8,drop_at_100mA,0.238309,0.1,2.38309,19.0647,2.73169
pfet_06v0,sf,-40,2.97,1.20u,8,rlin_at_50mV,0.05,0.0225544,2.21686,17.7349,2.92
pfet_06v0,sf,-40,2.97,1.20u,16,drop_at_50mA,0.0555366,0.05,1.11073,17.7717,2.91446
pfet_06v0,sf,-40,2.97,1.20u,16,drop_at_100mA,0.113533,0.1,1.13533,18.1653,2.85647
pfet_06v0,sf,-40,2.97,1.20u,16,rlin_at_50mV,0.05,0.0451088,1.10843,17.7349,2.92
pfet_06v0,sf,-40,3.30,0.55u,1,drop_at_50mA,0.384177,0.05,7.68354,7.68354,2.91582
pfet_06v0,sf,-40,3.30,0.55u,1,drop_at_100mA,0.98625,0.1,9.8625,9.8625,2.31375
pfet_06v0,sf,-40,3.30,0.55u,1,rlin_at_50mV,0.05,0.00740037,6.75642,6.75642,3.25
pfet_06v0,sf,-40,3.30,0.55u,2,drop_at_50mA,0.177267,0.05,3.54534,7.09068,3.12273
pfet_06v0,sf,-40,3.30,0.55u,2,drop_at_100mA,0.384177,0.1,3.84177,7.68354,2.91582
pfet_06v0,sf,-40,3.30,0.55u,2,rlin_at_50mV,0.05,0.0148007,3.37821,6.75642,3.25
pfet_06v0,sf,-40,3.30,0.55u,4,drop_at_50mA,0.085597,0.05,1.71194,6.84776,3.2144
pfet_06v0,sf,-40,3.30,0.55u,4,drop_at_100mA,0.177267,0.1,1.77267,7.09068,3.12273
pfet_06v0,sf,-40,3.30,0.55u,4,rlin_at_50mV,0.05,0.0296015,1.6891,6.75642,3.25
pfet_06v0,sf,-40,3.30,0.55u,8,drop_at_50mA,0.0421023,0.05,0.842047,6.73637,3.2579
pfet_06v0,sf,-40,3.30,0.55u,8,drop_at_100mA,0.085597,0.1,0.85597,6.84776,3.2144
pfet_06v0,sf,-40,3.30,0.55u,8,rlin_at_50mV,0.05,0.059203,0.844552,6.75642,3.25
pfet_06v0,sf,-40,3.30,0.55u,16,drop_at_50mA,0.0208841,0.05,0.417682,6.68291,3.27912
pfet_06v0,sf,-40,3.30,0.55u,16,drop_at_100mA,0.0421023,0.1,0.421023,6.73637,3.2579
pfet_06v0,sf,-40,3.30,0.55u,16,rlin_at_50mV,0.05,0.118406,0.422276,6.75642,3.25
pfet_06v0,sf,-40,3.30,0.70u,1,drop_at_50mA,0.52801,0.05,10.5602,10.5602,2.77199
pfet_06v0,sf,-40,3.30,0.70u,1,drop_at_100mA,2.64047,0.1,26.4047,26.4047,0.659526
pfet_06v0,sf,-40,3.30,0.70u,1,rlin_at_50mV,0.05,0.0056552,8.84141,8.84141,3.25
pfet_06v0,sf,-40,3.30,0.70u,2,drop_at_50mA,0.236463,0.05,4.72925,9.45851,3.06354
pfet_06v0,sf,-40,3.30,0.70u,2,drop_at_100mA,0.52801,0.1,5.2801,10.5602,2.77199
pfet_06v0,sf,-40,3.30,0.70u,2,rlin_at_50mV,0.05,0.0113104,4.42071,8.84141,3.25
pfet_06v0,sf,-40,3.30,0.70u,4,drop_at_50mA,0.113041,0.05,2.26081,9.04324,3.18696
pfet_06v0,sf,-40,3.30,0.70u,4,drop_at_100mA,0.236463,0.1,2.36463,9.45851,3.06354
pfet_06v0,sf,-40,3.30,0.70u,4,rlin_at_50mV,0.05,0.0226208,2.21035,8.84141,3.25
pfet_06v0,sf,-40,3.30,0.70u,8,drop_at_50mA,0.0553646,0.05,1.10729,8.85833,3.24464
pfet_06v0,sf,-40,3.30,0.70u,8,drop_at_100mA,0.113041,0.1,1.13041,9.04324,3.18696
pfet_06v0,sf,-40,3.30,0.70u,8,rlin_at_50mV,0.05,0.0452416,1.10518,8.84141,3.25
pfet_06v0,sf,-40,3.30,0.70u,16,drop_at_50mA,0.0274084,0.05,0.548168,8.77069,3.27259
pfet_06v0,sf,-40,3.30,0.70u,16,drop_at_100mA,0.0553646,0.1,0.553646,8.85833,3.24464
pfet_06v0,sf,-40,3.30,0.70u,16,rlin_at_50mV,0.05,0.0904833,0.552588,8.84141,3.25
pfet_06v0,sf,-40,3.30,1.20u,1,drop_at_50mA,1.2792,0.05,25.5839,25.5839,2.0208
pfet_06v0,sf,-40,3.30,1.20u,1,drop_at_100mA,9.5034,0.1,95.034,95.034,-6.2034
pfet_06v0,sf,-40,3.30,1.20u,1,rlin_at_50mV,0.05,0.003144,15.9033,15.9033,3.25
pfet_06v0,sf,-40,3.30,1.20u,2,drop_at_50mA,0.45742,0.05,9.14839,18.2968,2.84258
pfet_06v0,sf,-40,3.30,1.20u,2,drop_at_100mA,1.2792,0.1,12.792,25.5839,2.0208
pfet_06v0,sf,-40,3.30,1.20u,2,rlin_at_50mV,0.05,0.00628799,7.95167,15.9033,3.25
pfet_06v0,sf,-40,3.30,1.20u,4,drop_at_50mA,0.209682,0.05,4.19363,16.7745,3.09032
pfet_06v0,sf,-40,3.30,1.20u,4,drop_at_100mA,0.45742,0.1,4.5742,18.2968,2.84258
pfet_06v0,sf,-40,3.30,1.20u,4,rlin_at_50mV,0.05,0.012576,3.97583,15.9033,3.25
pfet_06v0,sf,-40,3.30,1.20u,8,drop_at_50mA,0.101085,0.05,2.0217,16.1736,3.19892
pfet_06v0,sf,-40,3.30,1.20u,8,drop_at_100mA,0.209682,0.1,2.09682,16.7745,3.09032
pfet_06v0,sf,-40,3.30,1.20u,8,rlin_at_50mV,0.05,0.025152,1.98792,15.9033,3.25
pfet_06v0,sf,-40,3.30,1.20u,16,drop_at_50mA,0.0496929,0.05,0.993858,15.9017,3.25031
pfet_06v0,sf,-40,3.30,1.20u,16,drop_at_100mA,0.101085,0.1,1.01085,16.1736,3.19892
pfet_06v0,sf,-40,3.30,1.20u,16,rlin_at_50mV,0.05,0.0503039,0.993958,15.9033,3.25
pfet_06v0,sf,-40,3.63,0.55u,1,drop_at_50mA,0.345645,0.05,6.9129,6.9129,3.28435
pfet_06v0,sf,-40,3.63,0.55u,1,drop_at_100mA,0.821826,0.1,8.21826,8.21826,2.80817
pfet_06v0,sf,-40,3.63,0.55u,1,rlin_at_50mV,0.05,0.00801296,6.23989,6.23989,3.58
pfet_06v0,sf,-40,3.63,0.55u,2,drop_at_50mA,0.162114,0.05,3.24228,6.48455,3.46789
pfet_06v0,sf,-40,3.63,0.55u,2,drop_at_100mA,0.345645,0.1,3.45645,6.9129,3.28435
pfet_06v0,sf,-40,3.63,0.55u,2,rlin_at_50mV,0.05,0.0160259,3.11994,6.23989,3.58
pfet_06v0,sf,-40,3.63,0.55u,4,drop_at_50mA,0.0787689,0.05,1.57538,6.30151,3.55123
pfet_06v0,sf,-40,3.63,0.55u,4,drop_at_100mA,0.162114,0.1,1.62114,6.48455,3.46789
pfet_06v0,sf,-40,3.63,0.55u,4,rlin_at_50mV,0.05,0.0320518,1.55997,6.23989,3.58
pfet_06v0,sf,-40,3.63,0.55u,8,drop_at_50mA,0.0388514,0.05,0.777027,6.21622,3.59115
pfet_06v0,sf,-40,3.63,0.55u,8,drop_at_100mA,0.0787689,0.1,0.787689,6.30151,3.55123
pfet_06v0,sf,-40,3.63,0.55u,8,rlin_at_50mV,0.05,0.0641037,0.779986,6.23989,3.58
pfet_06v0,sf,-40,3.63,0.55u,16,drop_at_50mA,0.0192968,0.05,0.385936,6.17498,3.6107
pfet_06v0,sf,-40,3.63,0.55u,16,drop_at_100mA,0.0388514,0.1,0.388514,6.21622,3.59115
pfet_06v0,sf,-40,3.63,0.55u,16,rlin_at_50mV,0.05,0.128207,0.389993,6.23989,3.58
pfet_06v0,sf,-40,3.63,0.70u,1,drop_at_50mA,0.466542,0.05,9.33085,9.33085,3.16346
pfet_06v0,sf,-40,3.63,0.70u,1,drop_at_100mA,1.23909,0.1,12.3909,12.3909,2.39091
pfet_06v0,sf,-40,3.63,0.70u,1,rlin_at_50mV,0.05,0.00615067,8.12919,8.12919,3.58
pfet_06v0,sf,-40,3.63,0.70u,2,drop_at_50mA,0.214374,0.05,4.28749,8.57498,3.41563
pfet_06v0,sf,-40,3.63,0.70u,2,drop_at_100mA,0.466542,0.1,4.66542,9.33085,3.16346
pfet_06v0,sf,-40,3.63,0.70u,2,rlin_at_50mV,0.05,0.0123013,4.0646,8.12919,3.58
pfet_06v0,sf,-40,3.63,0.70u,4,drop_at_50mA,0.103378,0.05,2.06756,8.27023,3.52662
pfet_06v0,sf,-40,3.63,0.70u,4,drop_at_100mA,0.214374,0.1,2.14374,8.57498,3.41563
pfet_06v0,sf,-40,3.63,0.70u,4,rlin_at_50mV,0.05,0.0246027,2.0323,8.12919,3.58
pfet_06v0,sf,-40,3.63,0.70u,8,drop_at_50mA,0.0508208,0.05,1.01642,8.13133,3.57918
pfet_06v0,sf,-40,3.63,0.70u,8,drop_at_100mA,0.103378,0.1,1.03378,8.27023,3.52662
pfet_06v0,sf,-40,3.63,0.70u,8,rlin_at_50mV,0.05,0.0492054,1.01615,8.12919,3.58
pfet_06v0,sf,-40,3.63,0.70u,16,drop_at_50mA,0.0252026,0.05,0.504052,8.06483,3.6048
pfet_06v0,sf,-40,3.63,0.70u,16,drop_at_100mA,0.0508208,0.1,0.508208,8.13133,3.57918
pfet_06v0,sf,-40,3.63,0.70u,16,rlin_at_50mV,0.05,0.0984108,0.508074,8.12919,3.58
pfet_06v0,sf,-40,3.63,1.20u,1,drop_at_50mA,0.981806,0.05,19.6361,19.6361,2.64819
pfet_06v0,sf,-40,3.63,1.20u,1,drop_at_100mA,9.1025,0.1,91.025,91.025,-5.4725
pfet_06v0,sf,-40,3.63,1.20u,1,rlin_at_50mV,0.05,0.00344202,14.5264,14.5264,3.58
pfet_06v0,sf,-40,3.63,1.20u,2,drop_at_50mA,0.404329,0.05,8.08658,16.1732,3.22567
pfet_06v0,sf,-40,3.63,1.20u,2,drop_at_100mA,0.981806,0.1,9.81806,19.6361,2.64819
pfet_06v0,sf,-40,3.63,1.20u,2,rlin_at_50mV,0.05,0.00688404,7.26318,14.5264,3.58
pfet_06v0,sf,-40,3.63,1.20u,4,drop_at_50mA,0.189233,0.05,3.78467,15.1387,3.44077
pfet_06v0,sf,-40,3.63,1.20u,4,drop_at_100mA,0.404329,0.1,4.04329,16.1732,3.22567
pfet_06v0,sf,-40,3.63,1.20u,4,rlin_at_50mV,0.05,0.0137681,3.63159,14.5264,3.58
pfet_06v0,sf,-40,3.63,1.20u,8,drop_at_50mA,0.0919144,0.05,1.83829,14.7063,3.53809
pfet_06v0,sf,-40,3.63,1.20u,8,drop_at_100mA,0.189233,0.1,1.89233,15.1387,3.44077
pfet_06v0,sf,-40,3.63,1.20u,8,rlin_at_50mV,0.05,0.0275362,1.81579,14.5264,3.58
pfet_06v0,sf,-40,3.63,1.20u,16,drop_at_50mA,0.0453329,0.05,0.906659,14.5065,3.58467
pfet_06v0,sf,-40,3.63,1.20u,16,drop_at_100mA,0.0919144,0.1,0.919144,14.7063,3.53809
pfet_06v0,sf,-40,3.63,1.20u,16,rlin_at_50mV,0.05,0.0550723,0.907897,14.5264,3.58
pfet_06v0,sf,-40,4.50,0.55u,1,drop_at_50mA,0.284625,0.05,5.6925,5.6925,4.21537
pfet_06v0,sf,-40,4.50,0.55u,1,drop_at_100mA,0.627415,0.1,6.27415,6.27415,3.87259
pfet_06v0,sf,-40,4.50,0.55u,1,rlin_at_50mV,0.05,0.00937586,5.33284,5.33284,4.45
pfet_06v0,sf,-40,4.50,0.55u,2,drop_at_50mA,0.136555,0.05,2.7311,5.46219,4.36345
pfet_06v0,sf,-40,4.50,0.55u,2,drop_at_100mA,0.284625,0.1,2.84625,5.6925,4.21537
pfet_06v0,sf,-40,4.50,0.55u,2,rlin_at_50mV,0.05,0.0187517,2.66642,5.33284,4.45
pfet_06v0,sf,-40,4.50,0.55u,4,drop_at_50mA,0.0669739,0.05,1.33948,5.35791,4.43303
pfet_06v0,sf,-40,4.50,0.55u,4,drop_at_100mA,0.136555,0.1,1.36555,5.46219,4.36345
pfet_06v0,sf,-40,4.50,0.55u,4,rlin_at_50mV,0.05,0.0375034,1.33321,5.33284,4.45
pfet_06v0,sf,-40,4.50,0.55u,8,drop_at_50mA,0.0331759,0.05,0.663517,5.30814,4.46682
pfet_06v0,sf,-40,4.50,0.55u,8,drop_at_100mA,0.0669739,0.1,0.669739,5.35791,4.43303
pfet_06v0,sf,-40,4.50,0.55u,8,rlin_at_50mV,0.05,0.0750069,0.666606,5.33284,4.45
pfet_06v0,sf,-40,4.50,0.55u,16,drop_at_50mA,0.0165119,0.05,0.330237,5.2838,4.48349
pfet_06v0,sf,-40,4.50,0.55u,16,drop_at_100mA,0.0331759,0.1,0.331759,5.30814,4.46682
pfet_06v0,sf,-40,4.50,0.55u,16,rlin_at_50mV,0.05,0.150014,0.333303,5.33284,4.45
pfet_06v0,sf,-40,4.50,0.70u,1,drop_at_50mA,0.374774,0.05,7.49549,7.49549,4.12523
pfet_06v0,sf,-40,4.50,0.70u,1,drop_at_100mA,0.854098,0.1,8.54098,8.54098,3.6459
pfet_06v0,sf,-40,4.50,0.70u,1,rlin_at_50mV,0.05,0.00726118,6.88593,6.88593,4.45
pfet_06v0,sf,-40,4.50,0.70u,2,drop_at_50mA,0.177942,0.05,3.55884,7.11767,4.32206
pfet_06v0,sf,-40,4.50,0.70u,2,drop_at_100mA,0.374774,0.1,3.74774,7.49549,4.12523
pfet_06v0,sf,-40,4.50,0.70u,2,rlin_at_50mV,0.05,0.0145224,3.44297,6.88593,4.45
pfet_06v0,sf,-40,4.50,0.70u,4,drop_at_50mA,0.0868962,0.05,1.73792,6.9517,4.4131
pfet_06v0,sf,-40,4.50,0.70u,4,drop_at_100mA,0.177942,0.1,1.77942,7.11767,4.32206
pfet_06v0,sf,-40,4.50,0.70u,4,rlin_at_50mV,0.05,0.0290447,1.72148,6.88593,4.45
pfet_06v0,sf,-40,4.50,0.70u,8,drop_at_50mA,0.0429592,0.05,0.859185,6.87348,4.45704
pfet_06v0,sf,-40,4.50,0.70u,8,drop_at_100mA,0.0868962,0.1,0.868962,6.9517,4.4131
pfet_06v0,sf,-40,4.50,0.70u,8,rlin_at_50mV,0.05,0.0580894,0.860742,6.88593,4.45
pfet_06v0,sf,-40,4.50,0.70u,16,drop_at_50mA,0.0213608,0.05,0.427216,6.83546,4.47864
pfet_06v0,sf,-40,4.50,0.70u,16,drop_at_100mA,0.0429592,0.1,0.429592,6.87348,4.45704
pfet_06v0,sf,-40,4.50,0.70u,16,rlin_at_50mV,0.05,0.116179,0.430371,6.88593,4.45
pfet_06v0,sf,-40,4.50,1.20u,1,drop_at_50mA,0.71179,0.05,14.2358,14.2358,3.78821
pfet_06v0,sf,-40,4.50,1.20u,1,drop_at_100mA,2.1874,0.1,21.874,21.874,2.3126
pfet_06v0,sf,-40,4.50,1.20u,1,rlin_at_50mV,0.05,0.00411812,12.1415,12.1415,4.45
pfet_06v0,sf,-40,4.50,1.20u,2,drop_at_50mA,0.323568,0.05,6.47135,12.9427,4.17643
pfet_06v0,sf,-40,4.50,1.20u,2,drop_at_100mA,0.71179,0.1,7.1179,14.2358,3.78821
pfet_06v0,sf,-40,4.50,1.20u,2,rlin_at_50mV,0.05,0.00823624,6.07073,12.1415,4.45
pfet_06v0,sf,-40,4.50,1.20u,4,drop_at_50mA,0.15551,0.05,3.11021,12.4408,4.34449
pfet_06v0,sf,-40,4.50,1.20u,4,drop_at_100mA,0.323568,0.1,3.23568,12.9427,4.17643
pfet_06v0,sf,-40,4.50,1.20u,4,rlin_at_50mV,0.05,0.0164725,3.03537,12.1415,4.45
pfet_06v0,sf,-40,4.50,1.20u,8,drop_at_50mA,0.0763446,0.05,1.52689,12.2151,4.42366
pfet_06v0,sf,-40,4.50,1.20u,8,drop_at_100mA,0.15551,0.1,1.5551,12.4408,4.34449
pfet_06v0,sf,-40,4.50,1.20u,8,rlin_at_50mV,0.05,0.0329449,1.51768,12.1415,4.45
pfet_06v0,sf,-40,4.50,1.20u,16,drop_at_50mA,0.0378365,0.05,0.756731,12.1077,4.46216
pfet_06v0,sf,-40,4.50,1.20u,16,drop_at_100mA,0.0763446,0.1,0.763446,12.2151,4.42366
pfet_06v0,sf,-40,4.50,1.20u,16,rlin_at_50mV,0.05,0.0658899,0.758842,12.1415,4.45
pfet_06v0,sf,-40,5.00,0.55u,1,drop_at_50mA,0.26304,0.05,5.26079,5.26079,4.73696
pfet_06v0,sf,-40,5.00,0.55u,1,drop_at_100mA,0.568657,0.1,5.68657,5.68657,4.43134
pfet_06v0,sf,-40,5.00,0.55u,1,rlin_at_50mV,0.05,0.0100268,4.98664,4.98664,4.95
pfet_06v0,sf,-40,5.00,0.55u,2,drop_at_50mA,0.127096,0.05,2.54192,5.08384,4.8729
pfet_06v0,sf,-40,5.00,0.55u,2,drop_at_100mA,0.26304,0.1,2.6304,5.26079,4.73696
pfet_06v0,sf,-40,5.00,0.55u,2,rlin_at_50mV,0.05,0.0200536,2.49332,4.98664,4.95
pfet_06v0,sf,-40,5.00,0.55u,4,drop_at_50mA,0.0625285,0.05,1.25057,5.00228,4.93747
pfet_06v0,sf,-40,5.00,0.55u,4,drop_at_100mA,0.127096,0.1,1.27096,5.08384,4.8729
pfet_06v0,sf,-40,5.00,0.55u,4,rlin_at_50mV,0.05,0.0401072,1.24666,4.98664,4.95
pfet_06v0,sf,-40,5.00,0.55u,8,drop_at_50mA,0.031019,0.05,0.62038,4.96304,4.96898
pfet_06v0,sf,-40,5.00,0.55u,8,drop_at_100mA,0.0625285,0.1,0.625285,5.00228,4.93747
pfet_06v0,sf,-40,5.00,0.55u,8,rlin_at_50mV,0.05,0.0802144,0.623329,4.98664,4.95
pfet_06v0,sf,-40,5.00,0.55u,16,drop_at_50mA,0.0154493,0.05,0.308986,4.94378,4.98455
pfet_06v0,sf,-40,5.00,0.55u,16,drop_at_100mA,0.031019,0.1,0.31019,4.96304,4.96898
pfet_06v0,sf,-40,5.00,0.55u,16,rlin_at_50mV,0.05,0.160429,0.311665,4.98664,4.95
pfet_06v0,sf,-40,5.00,0.70u,1,drop_at_50mA,0.343589,0.05,6.87179,6.87179,4.65641
pfet_06v0,sf,-40,5.00,0.70u,1,drop_at_100mA,0.759806,0.1,7.59806,7.59806,4.24019
pfet_06v0,sf,-40,5.00,0.70u,1,rlin_at_50mV,0.05,0.00779436,6.41489,6.41489,4.95
pfet_06v0,sf,-40,5.00,0.70u,2,drop_at_50mA,0.164712,0.05,3.29423,6.58846,4.83529
pfet_06v0,sf,-40,5.00,0.70u,2,drop_at_100mA,0.343589,0.1,3.43589,6.87179,4.65641
pfet_06v0,sf,-40,5.00,0.70u,2,rlin_at_50mV,0.05,0.0155887,3.20745,6.41489,4.95
pfet_06v0,sf,-40,5.00,0.70u,4,drop_at_50mA,0.0807605,0.05,1.61521,6.46084,4.91924
pfet_06v0,sf,-40,5.00,0.70u,4,drop_at_100mA,0.164712,0.1,1.64712,6.58846,4.83529
pfet_06v0,sf,-40,5.00,0.70u,4,rlin_at_50mV,0.05,0.0311774,1.60372,6.41489,4.95
pfet_06v0,sf,-40,5.00,0.70u,8,drop_at_50mA,0.0400003,0.05,0.800006,6.40005,4.96
pfet_06v0,sf,-40,5.00,0.70u,8,drop_at_100mA,0.0807605,0.1,0.807605,6.46084,4.91924
pfet_06v0,sf,-40,5.00,0.70u,8,rlin_at_50mV,0.05,0.0623549,0.801862,6.41489,4.95
pfet_06v0,sf,-40,5.00,0.70u,16,drop_at_50mA,0.0199074,0.05,0.398148,6.37036,4.98009
pfet_06v0,sf,-40,5.00,0.70u,16,drop_at_100mA,0.0400003,0.1,0.400003,6.40005,4.96
pfet_06v0,sf,-40,5.00,0.70u,16,rlin_at_50mV,0.05,0.12471,0.400931,6.41489,4.95
pfet_06v0,sf,-40,5.00,1.20u,1,drop_at_50mA,0.636752,0.05,12.735,12.735,4.36325
pfet_06v0,sf,-40,5.00,1.20u,1,drop_at_100mA,1.59691,0.1,15.9691,15.9691,3.40309
pfet_06v0,sf,-40,5.00,1.20u,1,rlin_at_50mV,0.05,0.00444572,11.2468,11.2468,4.95
pfet_06v0,sf,-40,5.00,1.20u,2,drop_at_50mA,0.295877,0.05,5.91755,11.8351,4.70412
pfet_06v0,sf,-40,5.00,1.20u,2,drop_at_100mA,0.636752,0.1,6.36752,12.735,4.36325
pfet_06v0,sf,-40,5.00,1.20u,2,rlin_at_50mV,0.05,0.00889144,5.62339,11.2468,4.95
pfet_06v0,sf,-40,5.00,1.20u,4,drop_at_50mA,0.143306,0.05,2.86613,11.4645,4.85669
pfet_06v0,sf,-40,5.00,1.20u,4,drop_at_100mA,0.295877,0.1,2.95877,11.8351,4.70412
pfet_06v0,sf,-40,5.00,1.20u,4,rlin_at_50mV,0.05,0.0177829,2.81169,11.2468,4.95
pfet_06v0,sf,-40,5.00,1.20u,8,drop_at_50mA,0.0705891,0.05,1.41178,11.2943,4.92941
pfet_06v0,sf,-40,5.00,1.20u,8,drop_at_100mA,0.143306,0.1,1.43306,11.4645,4.85669
pfet_06v0,sf,-40,5.00,1.20u,8,rlin_at_50mV,0.05,0.0355658,1.40585,11.2468,4.95
pfet_06v0,sf,-40,5.00,1.20u,16,drop_at_50mA,0.0350389,0.05,0.700779,11.2125,4.96496
pfet_06v0,sf,-40,5.00,1.20u,16,drop_at_100mA,0.0705891,0.1,0.705891,11.2943,4.92941
pfet_06v0,sf,-40,5.00,1.20u,16,rlin_at_50mV,0.05,0.0711315,0.702923,11.2468,4.95
pfet_06v0,sf,-40,5.50,0.55u,1,drop_at_50mA,0.246723,0.05,4.93445,4.93445,5.25328
pfet_06v0,sf,-40,5.50,0.55u,1,drop_at_100mA,0.526507,0.1,5.26507,5.26507,4.97349
pfet_06v0,sf,-40,5.50,0.55u,1,rlin_at_50mV,0.05,0.010601,4.71653,4.71653,5.45
pfet_06v0,sf,-40,5.50,0.55u,2,drop_at_50mA,0.119814,0.05,2.39628,4.79256,5.38019
pfet_06v0,sf,-40,5.50,0.55u,2,drop_at_100mA,0.246723,0.1,2.46723,4.93445,5.25328
pfet_06v0,sf,-40,5.50,0.55u,2,rlin_at_50mV,0.05,0.021202,2.35826,4.71653,5.45
pfet_06v0,sf,-40,5.50,0.55u,4,drop_at_50mA,0.0590792,0.05,1.18158,4.72634,5.44092
pfet_06v0,sf,-40,5.50,0.55u,4,drop_at_100mA,0.119814,0.1,1.19814,4.79256,5.38019
pfet_06v0,sf,-40,5.50,0.55u,4,rlin_at_50mV,0.05,0.0424041,1.17913,4.71653,5.45
pfet_06v0,sf,-40,5.50,0.55u,8,drop_at_50mA,0.0293393,0.05,0.586786,4.69429,5.47066
pfet_06v0,sf,-40,5.50,0.55u,8,drop_at_100mA,0.0590792,0.1,0.590792,4.72634,5.44092
pfet_06v0,sf,-40,5.50,0.55u,8,rlin_at_50mV,0.05,0.0848082,0.589566,4.71653,5.45
pfet_06v0,sf,-40,5.50,0.55u,16,drop_at_50mA,0.0146204,0.05,0.292408,4.67852,5.48538
pfet_06v0,sf,-40,5.50,0.55u,16,drop_at_100mA,0.0293393,0.1,0.293393,4.69429,5.47066
pfet_06v0,sf,-40,5.50,0.55u,16,rlin_at_50mV,0.05,0.169616,0.294783,4.71653,5.45
pfet_06v0,sf,-40,5.50,0.70u,1,drop_at_50mA,0.320407,0.05,6.40813,6.40813,5.17959
pfet_06v0,sf,-40,5.50,0.70u,1,drop_at_100mA,0.695339,0.1,6.95339,6.95339,4.80466
pfet_06v0,sf,-40,5.50,0.70u,1,rlin_at_50mV,0.05,0.00826536,6.04934,6.04934,5.45
pfet_06v0,sf,-40,5.50,0.70u,2,drop_at_50mA,0.154625,0.05,3.0925,6.185,5.34538
pfet_06v0,sf,-40,5.50,0.70u,2,drop_at_100mA,0.320407,0.1,3.20407,6.40813,5.17959
pfet_06v0,sf,-40,5.50,0.70u,2,rlin_at_50mV,0.05,0.0165307,3.02467,6.04934,5.45
pfet_06v0,sf,-40,5.50,0.70u,4,drop_at_50mA,0.0760342,0.05,1.52068,6.08274,5.42397
pfet_06v0,sf,-40,5.50,0.70u,4,drop_at_100mA,0.154625,0.1,1.54625,6.185,5.34538
pfet_06v0,sf,-40,5.50,0.70u,4,rlin_at_50mV,0.05,0.0330614,1.51234,6.04934,5.45
pfet_06v0,sf,-40,5.50,0.70u,8,drop_at_50mA,0.0377104,0.05,0.754207,6.03366,5.46229
pfet_06v0,sf,-40,5.50,0.70u,8,drop_at_100mA,0.0760342,0.1,0.760342,6.08274,5.42397
pfet_06v0,sf,-40,5.50,0.70u,8,rlin_at_50mV,0.05,0.0661229,0.756168,6.04934,5.45
pfet_06v0,sf,-40,5.50,0.70u,16,drop_at_50mA,0.01878,0.05,0.3756,6.00961,5.48122
pfet_06v0,sf,-40,5.50,0.70u,16,drop_at_100mA,0.0377104,0.1,0.377104,6.03366,5.46229
pfet_06v0,sf,-40,5.50,0.70u,16,rlin_at_50mV,0.05,0.132246,0.378084,6.04934,5.45
pfet_06v0,sf,-40,5.50,1.20u,1,drop_at_50mA,0.584227,0.05,11.6845,11.6845,4.91577
pfet_06v0,sf,-40,5.50,1.20u,1,drop_at_100mA,1.37348,0.1,13.7348,13.7348,4.12652
pfet_06v0,sf,-40,5.50,1.20u,1,rlin_at_50mV,0.05,0.00473601,10.5574,10.5574,5.45
pfet_06v0,sf,-40,5.50,1.20u,2,drop_at_50mA,0.275279,0.05,5.50559,11.0112,5.22472
pfet_06v0,sf,-40,5.50,1.20u,2,drop_at_100mA,0.584227,0.1,5.84227,11.6845,4.91577
pfet_06v0,sf,-40,5.50,1.20u,2,rlin_at_50mV,0.05,0.00947203,5.2787,10.5574,5.45
pfet_06v0,sf,-40,5.50,1.20u,4,drop_at_50mA,0.134041,0.05,2.68081,10.7232,5.36596
pfet_06v0,sf,-40,5.50,1.20u,4,drop_at_100mA,0.275279,0.1,2.75279,11.0112,5.22472
pfet_06v0,sf,-40,5.50,1.20u,4,rlin_at_50mV,0.05,0.0189441,2.63935,10.5574,5.45
pfet_06v0,sf,-40,5.50,1.20u,8,drop_at_50mA,0.0661814,0.05,1.32363,10.589,5.43382
pfet_06v0,sf,-40,5.50,1.20u,8,drop_at_100mA,0.134041,0.1,1.34041,10.7232,5.36596
pfet_06v0,sf,-40,5.50,1.20u,8,rlin_at_50mV,0.05,0.0378881,1.31968,10.5574,5.45
pfet_06v0,sf,-40,5.50,1.20u,16,drop_at_50mA,0.0328879,0.05,0.657757,10.5241,5.46711
pfet_06v0,sf,-40,5.50,1.20u,16,drop_at_100mA,0.0661814,0.1,0.661814,10.589,5.43382
pfet_06v0,sf,-40,5.50,1.20u,16,rlin_at_50mV,0.05,0.0757762,0.659838,10.5574,5.45
pfet_06v0,sf,27,2.10,0.55u,1,drop_at_50mA,6.80313,0.05,136.063,136.063,-4.70313
pfet_06v0,sf,27,2.10,0.55u,1,drop_at_100mA,9.31477,0.1,93.1477,93.1477,-7.21477
pfet_06v0,sf,27,2.10,0.55u,1,rlin_at_50mV,0.05,0.00351711,14.2162,14.2162,2.05
pfet_06v0,sf,27,2.10,0.55u,2,drop_at_50mA,0.449118,0.05,8.98237,17.9647,1.65088
pfet_06v0,sf,27,2.10,0.55u,2,drop_at_100mA,6.80313,0.1,68.0313,136.063,-4.70313
pfet_06v0,sf,27,2.10,0.55u,2,rlin_at_50mV,0.05,0.00703422,7.10811,14.2162,2.05
pfet_06v0,sf,27,2.10,0.55u,4,drop_at_50mA,0.192366,0.05,3.84732,15.3893,1.90763
pfet_06v0,sf,27,2.10,0.55u,4,drop_at_100mA,0.449118,0.1,4.49118,17.9647,1.65088
pfet_06v0,sf,27,2.10,0.55u,4,rlin_at_50mV,0.05,0.0140684,3.55406,14.2162,2.05
pfet_06v0,sf,27,2.10,0.55u,8,drop_at_50mA,0.0908581,0.05,1.81716,14.5373,2.00914
pfet_06v0,sf,27,2.10,0.55u,8,drop_at_100mA,0.192366,0.1,1.92366,15.3893,1.90763
pfet_06v0,sf,27,2.10,0.55u,8,rlin_at_50mV,0.05,0.0281369,1.77703,14.2162,2.05
pfet_06v0,sf,27,2.10,0.55u,16,drop_at_50mA,0.0442884,0.05,0.885767,14.1723,2.05571
pfet_06v0,sf,27,2.10,0.55u,16,drop_at_100mA,0.0908581,0.1,0.908581,14.5373,2.00914
pfet_06v0,sf,27,2.10,0.55u,16,rlin_at_50mV,0.05,0.0562737,0.888514,14.2162,2.05
pfet_06v0,sf,27,2.10,0.70u,1,drop_at_50mA,8.55843,0.05,171.169,171.169,-6.45843
pfet_06v0,sf,27,2.10,0.70u,1,drop_at_100mA,10.1635,0.1,101.635,101.635,-8.06348
pfet_06v0,sf,27,2.10,0.70u,1,rlin_at_50mV,0.05,0.00263006,19.011,19.011,2.05
pfet_06v0,sf,27,2.10,0.70u,2,drop_at_50mA,0.736475,0.05,14.7295,29.459,1.36352
pfet_06v0,sf,27,2.10,0.70u,2,drop_at_100mA,8.55843,0.1,85.5843,171.169,-6.45843
pfet_06v0,sf,27,2.10,0.70u,2,rlin_at_50mV,0.05,0.00526011,9.5055,19.011,2.05
pfet_06v0,sf,27,2.10,0.70u,4,drop_at_50mA,0.269136,0.05,5.38273,21.5309,1.83086
pfet_06v0,sf,27,2.10,0.70u,4,drop_at_100mA,0.736475,0.1,7.36475,29.459,1.36352
pfet_06v0,sf,27,2.10,0.70u,4,rlin_at_50mV,0.05,0.0105202,4.75275,19.011,2.05
pfet_06v0,sf,27,2.10,0.70u,8,drop_at_50mA,0.123742,0.05,2.47485,19.7988,1.97626
pfet_06v0,sf,27,2.10,0.70u,8,drop_at_100mA,0.269136,0.1,2.69136,21.5309,1.83086
pfet_06v0,sf,27,2.10,0.70u,8,rlin_at_50mV,0.05,0.0210404,2.37638,19.011,2.05
pfet_06v0,sf,27,2.10,0.70u,16,drop_at_50mA,0.0597242,0.05,1.19448,19.1117,2.04028
pfet_06v0,sf,27,2.10,0.70u,16,drop_at_100mA,0.123742,0.1,1.23742,19.7988,1.97626
pfet_06v0,sf,27,2.10,0.70u,16,rlin_at_50mV,0.05,0.0420809,1.18819,19.011,2.05
pfet_06v0,sf,27,2.10,1.20u,1,drop_at_50mA,10.2405,0.05,204.81,204.81,-8.14049
pfet_06v0,sf,27,2.10,1.20u,1,drop_at_100mA,11.7184,0.1,117.184,117.184,-9.61837
pfet_06v0,sf,27,2.10,1.20u,1,rlin_at_50mV,0.05,0.0014171,35.2834,35.2834,2.05
pfet_06v0,sf,27,2.10,1.20u,2,drop_at_50mA,8.63715,0.05,172.743,345.486,-6.53715
pfet_06v0,sf,27,2.10,1.20u,2,drop_at_100mA,10.2405,0.1,102.405,204.81,-8.14049
pfet_06v0,sf,27,2.10,1.20u,2,rlin_at_50mV,0.05,0.00283419,17.6417,35.2834,2.05
pfet_06v0,sf,27,2.10,1.20u,4,drop_at_50mA,0.64642,0.05,12.9284,51.7136,1.45358
pfet_06v0,sf,27,2.10,1.20u,4,drop_at_100mA,8.63715,0.1,86.3715,345.486,-6.53715
pfet_06v0,sf,27,2.10,1.20u,4,rlin_at_50mV,0.05,0.00566839,8.82085,35.2834,2.05
pfet_06v0,sf,27,2.10,1.20u,8,drop_at_50mA,0.246805,0.05,4.93611,39.4889,1.85319
pfet_06v0,sf,27,2.10,1.20u,8,drop_at_100mA,0.64642,0.1,6.4642,51.7136,1.45358
pfet_06v0,sf,27,2.10,1.20u,8,rlin_at_50mV,0.05,0.0113368,4.41042,35.2834,2.05
pfet_06v0,sf,27,2.10,1.20u,16,drop_at_50mA,0.114253,0.05,2.28506,36.561,1.98575
pfet_06v0,sf,27,2.10,1.20u,16,drop_at_100mA,0.246805,0.1,2.46805,39.4889,1.85319
pfet_06v0,sf,27,2.10,1.20u,16,rlin_at_50mV,0.05,0.0226736,2.20521,35.2834,2.05
pfet_06v0,sf,27,2.97,0.55u,1,drop_at_50mA,0.597255,0.05,11.9451,11.9451,2.37274
pfet_06v0,sf,27,2.97,0.55u,1,drop_at_100mA,6.25424,0.1,62.5424,62.5424,-3.28424
pfet_06v0,sf,27,2.97,0.55u,1,rlin_at_50mV,0.05,0.00514702,9.71437,9.71437,2.92
pfet_06v0,sf,27,2.97,0.55u,2,drop_at_50mA,0.262403,0.05,5.24806,10.4961,2.7076
pfet_06v0,sf,27,2.97,0.55u,2,drop_at_100mA,0.597255,0.1,5.97255,11.9451,2.37274
pfet_06v0,sf,27,2.97,0.55u,2,rlin_at_50mV,0.05,0.010294,4.85718,9.71437,2.92
pfet_06v0,sf,27,2.97,0.55u,4,drop_at_50mA,0.124736,0.05,2.49472,9.97887,2.84526
pfet_06v0,sf,27,2.97,0.55u,4,drop_at_100mA,0.262403,0.1,2.62403,10.4961,2.7076
pfet_06v0,sf,27,2.97,0.55u,4,rlin_at_50mV,0.05,0.0205881,2.42859,9.71437,2.92
pfet_06v0,sf,27,2.97,0.55u,8,drop_at_50mA,0.0609528,0.05,1.21906,9.75245,2.90905
pfet_06v0,sf,27,2.97,0.55u,8,drop_at_100mA,0.124736,0.1,1.24736,9.97887,2.84526
pfet_06v0,sf,27,2.97,0.55u,8,rlin_at_50mV,0.05,0.0411761,1.2143,9.71437,2.92
pfet_06v0,sf,27,2.97,0.55u,16,drop_at_50mA,0.0301434,0.05,0.602868,9.64589,2.93986
pfet_06v0,sf,27,2.97,0.55u,16,drop_at_100mA,0.0609528,0.1,0.609528,9.75245,2.90905
pfet_06v0,sf,27,2.97,0.55u,16,rlin_at_50mV,0.05,0.0823523,0.607148,9.71437,2.92
pfet_06v0,sf,27,2.97,0.70u,1,drop_at_50mA,0.881211,0.05,17.6242,17.6242,2.08879
pfet_06v0,sf,27,2.97,0.70u,1,drop_at_100mA,8.72733,0.1,87.2733,87.2733,-5.75733
pfet_06v0,sf,27,2.97,0.70u,1,rlin_at_50mV,0.05,0.00391507,12.7712,12.7712,2.92
pfet_06v0,sf,27,2.97,0.70u,2,drop_at_50mA,0.356706,0.05,7.13412,14.2682,2.61329
pfet_06v0,sf,27,2.97,0.70u,2,drop_at_100mA,0.881211,0.1,8.81211,17.6242,2.08879
pfet_06v0,sf,27,2.97,0.70u,2,rlin_at_50mV,0.05,0.00783014,6.38558,12.7712,2.92
pfet_06v0,sf,27,2.97,0.70u,4,drop_at_50mA,0.166339,0.05,3.32678,13.3071,2.80366
pfet_06v0,sf,27,2.97,0.70u,4,drop_at_100mA,0.356706,0.1,3.56706,14.2682,2.61329
pfet_06v0,sf,27,2.97,0.70u,4,rlin_at_50mV,0.05,0.0156603,3.19279,12.7712,2.92
pfet_06v0,sf,27,2.97,0.70u,8,drop_at_50mA,0.0806813,0.05,1.61363,12.909,2.88932
pfet_06v0,sf,27,2.97,0.70u,8,drop_at_100mA,0.166339,0.1,1.66339,13.3071,2.80366
pfet_06v0,sf,27,2.97,0.70u,8,rlin_at_50mV,0.05,0.0313206,1.59639,12.7712,2.92
pfet_06v0,sf,27,2.97,0.70u,16,drop_at_50mA,0.0397679,0.05,0.795358,12.7257,2.93023
pfet_06v0,sf,27,2.97,0.70u,16,drop_at_100mA,0.0806813,0.1,0.806813,12.909,2.88932
pfet_06v0,sf,27,2.97,0.70u,16,rlin_at_50mV,0.05,0.0626411,0.798197,12.7712,2.92
pfet_06v0,sf,27,2.97,1.20u,1,drop_at_50mA,8.60975,0.05,172.195,172.195,-5.63975
pfet_06v0,sf,27,2.97,1.20u,1,drop_at_100mA,10.4216,0.1,104.216,104.216,-7.45156
pfet_06v0,sf,27,2.97,1.20u,1,rlin_at_50mV,0.05,0.00216117,23.1357,23.1357,2.92
pfet_06v0,sf,27,2.97,1.20u,2,drop_at_50mA,0.753244,0.05,15.0649,30.1298,2.21676
pfet_06v0,sf,27,2.97,1.20u,2,drop_at_100mA,8.60975,0.1,86.0975,172.195,-5.63975
pfet_06v0,sf,27,2.97,1.20u,2,rlin_at_50mV,0.05,0.00432233,11.5678,23.1357,2.92
pfet_06v0,sf,27,2.97,1.20u,4,drop_at_50mA,0.317685,0.05,6.35371,25.4148,2.65231
pfet_06v0,sf,27,2.97,1.20u,4,drop_at_100mA,0.753244,0.1,7.53244,30.1298,2.21676
pfet_06v0,sf,27,2.97,1.20u,4,rlin_at_50mV,0.05,0.00864467,5.78391,23.1357,2.92
pfet_06v0,sf,27,2.97,1.20u,8,drop_at_50mA,0.14962,0.05,2.9924,23.9392,2.82038
pfet_06v0,sf,27,2.97,1.20u,8,drop_at_100mA,0.317685,0.1,3.17685,25.4148,2.65231
pfet_06v0,sf,27,2.97,1.20u,8,rlin_at_50mV,0.05,0.0172893,2.89196,23.1357,2.92
pfet_06v0,sf,27,2.97,1.20u,16,drop_at_50mA,0.0728617,0.05,1.45723,23.3157,2.89714
pfet_06v0,sf,27,2.97,1.20u,16,drop_at_100mA,0.14962,0.1,1.4962,23.9392,2.82038
pfet_06v0,sf,27,2.97,1.20u,16,rlin_at_50mV,0.05,0.0345787,1.44598,23.1357,2.92
pfet_06v0,sf,27,3.30,0.55u,1,drop_at_50mA,0.514276,0.05,10.2855,10.2855,2.78572
pfet_06v0,sf,27,3.30,0.55u,1,drop_at_100mA,1.50753,0.1,15.0753,15.0753,1.79247
pfet_06v0,sf,27,3.30,0.55u,1,rlin_at_50mV,0.05,0.00566894,8.81999,8.81999,3.25
pfet_06v0,sf,27,3.30,0.55u,2,drop_at_50mA,0.234008,0.05,4.68016,9.36032,3.06599
pfet_06v0,sf,27,3.30,0.55u,2,drop_at_100mA,0.514276,0.1,5.14276,10.2855,2.78572
pfet_06v0,sf,27,3.30,0.55u,2,rlin_at_50mV,0.05,0.0113379,4.40999,8.81999,3.25
pfet_06v0,sf,27,3.30,0.55u,4,drop_at_50mA,0.112476,0.05,2.24951,8.99806,3.18752
pfet_06v0,sf,27,3.30,0.55u,4,drop_at_100mA,0.234008,0.1,2.34008,9.36032,3.06599
pfet_06v0,sf,27,3.30,0.55u,4,rlin_at_50mV,0.05,0.0226758,2.205,8.81999,3.25
pfet_06v0,sf,27,3.30,0.55u,8,drop_at_50mA,0.0552166,0.05,1.10433,8.83465,3.24478
pfet_06v0,sf,27,3.30,0.55u,8,drop_at_100mA,0.112476,0.1,1.12476,8.99806,3.18752
pfet_06v0,sf,27,3.30,0.55u,8,rlin_at_50mV,0.05,0.0453516,1.1025,8.81999,3.25
pfet_06v0,sf,27,3.30,0.55u,16,drop_at_50mA,0.0273649,0.05,0.547298,8.75677,3.27264
pfet_06v0,sf,27,3.30,0.55u,16,drop_at_100mA,0.0552166,0.1,0.552166,8.83465,3.24478
pfet_06v0,sf,27,3.30,0.55u,16,rlin_at_50mV,0.05,0.0907031,0.551249,8.81999,3.25
pfet_06v0,sf,27,3.30,0.70u,1,drop_at_50mA,0.720762,0.05,14.4152,14.4152,2.57924
pfet_06v0,sf,27,3.30,0.70u,1,drop_at_100mA,7.87532,0.1,78.7532,78.7532,-4.57532
pfet_06v0,sf,27,3.30,0.70u,1,rlin_at_50mV,0.05,0.00433166,11.5429,11.5429,3.25
pfet_06v0,sf,27,3.30,0.70u,2,drop_at_50mA,0.313757,0.05,6.27515,12.5503,2.98624
pfet_06v0,sf,27,3.30,0.70u,2,drop_at_100mA,0.720762,0.1,7.20762,14.4152,2.57924
pfet_06v0,sf,27,3.30,0.70u,2,rlin_at_50mV,0.05,0.00866332,5.77146,11.5429,3.25
pfet_06v0,sf,27,3.30,0.70u,4,drop_at_50mA,0.148806,0.05,2.97611,11.9044,3.15119
pfet_06v0,sf,27,3.30,0.70u,4,drop_at_100mA,0.313757,0.1,3.13757,12.5503,2.98624
pfet_06v0,sf,27,3.30,0.70u,4,rlin_at_50mV,0.05,0.0173266,2.88573,11.5429,3.25
pfet_06v0,sf,27,3.30,0.70u,8,drop_at_50mA,0.0726514,0.05,1.45303,11.6242,3.22735
pfet_06v0,sf,27,3.30,0.70u,8,drop_at_100mA,0.148806,0.1,1.48806,11.9044,3.15119
pfet_06v0,sf,27,3.30,0.70u,8,rlin_at_50mV,0.05,0.0346533,1.44287,11.5429,3.25
pfet_06v0,sf,27,3.30,0.70u,16,drop_at_50mA,0.0359151,0.05,0.718302,11.4928,3.26408
pfet_06v0,sf,27,3.30,0.70u,16,drop_at_100mA,0.0726514,0.1,0.726514,11.6242,3.22735
pfet_06v0,sf,27,3.30,0.70u,16,rlin_at_50mV,0.05,0.0693065,0.721433,11.5429,3.25
pfet_06v0,sf,27,3.30,1.20u,1,drop_at_50mA,7.20661,0.05,144.132,144.132,-3.90661
pfet_06v0,sf,27,3.30,1.20u,1,drop_at_100mA,10.1123,0.1,101.123,101.123,-6.81229
pfet_06v0,sf,27,3.30,1.20u,1,rlin_at_50mV,0.05,0.0024069,20.7736,20.7736,3.25
pfet_06v0,sf,27,3.30,1.20u,2,drop_at_50mA,0.623399,0.05,12.468,24.9359,2.6766
pfet_06v0,sf,27,3.30,1.20u,2,drop_at_100mA,7.20661,0.1,72.0661,144.132,-3.90661
pfet_06v0,sf,27,3.30,1.20u,2,rlin_at_50mV,0.05,0.0048138,10.3868,20.7736,3.25
pfet_06v0,sf,27,3.30,1.20u,4,drop_at_50mA,0.278391,0.05,5.56782,22.2713,3.02161
pfet_06v0,sf,27,3.30,1.20u,4,drop_at_100mA,0.623399,0.1,6.23399,24.9359,2.6766
pfet_06v0,sf,27,3.30,1.20u,4,rlin_at_50mV,0.05,0.00962761,5.1934,20.7736,3.25
pfet_06v0,sf,27,3.30,1.20u,8,drop_at_50mA,0.133108,0.05,2.66216,21.2973,3.16689
pfet_06v0,sf,27,3.30,1.20u,8,drop_at_100mA,0.278391,0.1,2.78391,22.2713,3.02161
pfet_06v0,sf,27,3.30,1.20u,8,rlin_at_50mV,0.05,0.0192552,2.5967,20.7736,3.25
pfet_06v0,sf,27,3.30,1.20u,16,drop_at_50mA,0.0652116,0.05,1.30423,20.8677,3.23479
pfet_06v0,sf,27,3.30,1.20u,16,drop_at_100mA,0.133108,0.1,1.33108,21.2973,3.16689
pfet_06v0,sf,27,3.30,1.20u,16,rlin_at_50mV,0.05,0.0385104,1.29835,20.7736,3.25
pfet_06v0,sf,27,3.63,0.55u,1,drop_at_50mA,0.459054,0.05,9.18109,9.18109,3.17095
pfet_06v0,sf,27,3.63,0.55u,1,drop_at_100mA,1.14793,0.1,11.4793,11.4793,2.48207
pfet_06v0,sf,27,3.63,0.55u,1,rlin_at_50mV,0.05,0.00614855,8.13201,8.13201,3.58
pfet_06v0,sf,27,3.63,0.55u,2,drop_at_50mA,0.213203,0.05,4.26405,8.5281,3.4168
pfet_06v0,sf,27,3.63,0.55u,2,drop_at_100mA,0.459054,0.1,4.59054,9.18109,3.17095
pfet_06v0,sf,27,3.63,0.55u,2,rlin_at_50mV,0.05,0.0122971,4.066,8.13201,3.58
pfet_06v0,sf,27,3.63,0.55u,4,drop_at_50mA,0.103227,0.05,2.06454,8.25816,3.52677
pfet_06v0,sf,27,3.63,0.55u,4,drop_at_100mA,0.213203,0.1,2.13203,8.5281,3.4168
pfet_06v0,sf,27,3.63,0.55u,4,rlin_at_50mV,0.05,0.0245942,2.033,8.13201,3.58
pfet_06v0,sf,27,3.63,0.55u,8,drop_at_50mA,0.0508373,0.05,1.01675,8.13397,3.57916
pfet_06v0,sf,27,3.63,0.55u,8,drop_at_100mA,0.103227,0.1,1.03227,8.25816,3.52677
pfet_06v0,sf,27,3.63,0.55u,8,rlin_at_50mV,0.05,0.0491884,1.0165,8.13201,3.58
pfet_06v0,sf,27,3.63,0.55u,16,drop_at_50mA,0.0252321,0.05,0.504641,8.07426,3.60477
pfet_06v0,sf,27,3.63,0.55u,16,drop_at_100mA,0.0508373,0.1,0.508373,8.13397,3.57916
pfet_06v0,sf,27,3.63,0.55u,16,rlin_at_50mV,0.05,0.0983767,0.50825,8.13201,3.58
pfet_06v0,sf,27,3.63,0.70u,1,drop_at_50mA,0.627726,0.05,12.5545,12.5545,3.00227
pfet_06v0,sf,27,3.63,0.70u,1,drop_at_100mA,2.42157,0.1,24.2157,24.2157,1.20843
pfet_06v0,sf,27,3.63,0.70u,1,rlin_at_50mV,0.05,0.00471642,10.6013,10.6013,3.58
pfet_06v0,sf,27,3.63,0.70u,2,drop_at_50mA,0.283169,0.05,5.66337,11.3267,3.34683
pfet_06v0,sf,27,3.63,0.70u,2,drop_at_100mA,0.627726,0.1,6.27726,12.5545,3.00227
pfet_06v0,sf,27,3.63,0.70u,2,rlin_at_50mV,0.05,0.00943283,5.30064,10.6013,3.58
pfet_06v0,sf,27,3.63,0.70u,4,drop_at_50mA,0.13574,0.05,2.71481,10.8592,3.49426
pfet_06v0,sf,27,3.63,0.70u,4,drop_at_100mA,0.283169,0.1,2.83169,11.3267,3.34683
pfet_06v0,sf,27,3.63,0.70u,4,rlin_at_50mV,0.05,0.0188657,2.65032,10.6013,3.58
pfet_06v0,sf,27,3.63,0.70u,8,drop_at_50mA,0.0665647,0.05,1.33129,10.6503,3.56344
pfet_06v0,sf,27,3.63,0.70u,8,drop_at_100mA,0.13574,0.1,1.3574,10.8592,3.49426
pfet_06v0,sf,27,3.63,0.70u,8,rlin_at_50mV,0.05,0.0377313,1.32516,10.6013,3.58
pfet_06v0,sf,27,3.63,0.70u,16,drop_at_50mA,0.0329725,0.05,0.659449,10.5512,3.59703
pfet_06v0,sf,27,3.63,0.70u,16,drop_at_100mA,0.0665647,0.1,0.665647,10.6503,3.56344
pfet_06v0,sf,27,3.63,0.70u,16,rlin_at_50mV,0.05,0.0754627,0.662579,10.6013,3.58
pfet_06v0,sf,27,3.63,1.20u,1,drop_at_50mA,1.49362,0.05,29.8723,29.8723,2.13638
pfet_06v0,sf,27,3.63,1.20u,1,drop_at_100mA,9.82535,0.1,98.2535,98.2535,-6.19535
pfet_06v0,sf,27,3.63,1.20u,1,rlin_at_50mV,0.05,0.00263566,18.9706,18.9706,3.58
pfet_06v0,sf,27,3.63,1.20u,2,drop_at_50mA,0.544388,0.05,10.8878,21.7755,3.08561
pfet_06v0,sf,27,3.63,1.20u,2,drop_at_100mA,1.49362,0.1,14.9362,29.8723,2.13638
pfet_06v0,sf,27,3.63,1.20u,2,rlin_at_50mV,0.05,0.00527132,9.48529,18.9706,3.58
pfet_06v0,sf,27,3.63,1.20u,4,drop_at_50mA,0.250321,0.05,5.00642,20.0257,3.37968
pfet_06v0,sf,27,3.63,1.20u,4,drop_at_100mA,0.544388,0.1,5.44388,21.7755,3.08561
pfet_06v0,sf,27,3.63,1.20u,4,rlin_at_50mV,0.05,0.0105426,4.74265,18.9706,3.58
pfet_06v0,sf,27,3.63,1.20u,8,drop_at_50mA,0.120826,0.05,2.41653,19.3322,3.50917
pfet_06v0,sf,27,3.63,1.20u,8,drop_at_100mA,0.250321,0.1,2.50321,20.0257,3.37968
pfet_06v0,sf,27,3.63,1.20u,8,rlin_at_50mV,0.05,0.0210853,2.37132,18.9706,3.58
pfet_06v0,sf,27,3.63,1.20u,16,drop_at_50mA,0.0594314,0.05,1.18863,19.0181,3.57057
pfet_06v0,sf,27,3.63,1.20u,16,drop_at_100mA,0.120826,0.1,1.20826,19.3322,3.50917
pfet_06v0,sf,27,3.63,1.20u,16,rlin_at_50mV,0.05,0.0421705,1.18566,18.9706,3.58
pfet_06v0,sf,27,4.50,0.55u,1,drop_at_50mA,0.3723,0.05,7.44599,7.44599,4.1277
pfet_06v0,sf,27,4.50,0.55u,1,drop_at_100mA,0.834242,0.1,8.34242,8.34242,3.66576
pfet_06v0,sf,27,4.50,0.55u,1,rlin_at_50mV,0.05,0.00724638,6.9,6.9,4.45
pfet_06v0,sf,27,4.50,0.55u,2,drop_at_50mA,0.177736,0.05,3.55471,7.10942,4.32226
pfet_06v0,sf,27,4.50,0.55u,2,drop_at_100mA,0.3723,0.1,3.723,7.44599,4.1277
pfet_06v0,sf,27,4.50,0.55u,2,rlin_at_50mV,0.05,0.0144928,3.45,6.9,4.45
pfet_06v0,sf,27,4.50,0.55u,4,drop_at_50mA,0.086997,0.05,1.73994,6.95976,4.413
pfet_06v0,sf,27,4.50,0.55u,4,drop_at_100mA,0.177736,0.1,1.77736,7.10942,4.32226
pfet_06v0,sf,27,4.50,0.55u,4,rlin_at_50mV,0.05,0.0289855,1.725,6.9,4.45
pfet_06v0,sf,27,4.50,0.55u,8,drop_at_50mA,0.0430554,0.05,0.861107,6.88886,4.45694
pfet_06v0,sf,27,4.50,0.55u,8,drop_at_100mA,0.086997,0.1,0.86997,6.95976,4.413
pfet_06v0,sf,27,4.50,0.55u,8,rlin_at_50mV,0.05,0.0579711,0.862499,6.9,4.45
pfet_06v0,sf,27,4.50,0.55u,16,drop_at_50mA,0.0214197,0.05,0.428395,6.85432,4.47858
pfet_06v0,sf,27,4.50,0.55u,16,drop_at_100mA,0.0430554,0.1,0.430554,6.88886,4.45694
pfet_06v0,sf,27,4.50,0.55u,16,rlin_at_50mV,0.05,0.115942,0.43125,6.9,4.45
pfet_06v0,sf,27,4.50,0.70u,1,drop_at_50mA,0.493751,0.05,9.87502,9.87502,4.00625
pfet_06v0,sf,27,4.50,0.70u,1,drop_at_100mA,1.16457,0.1,11.6457,11.6457,3.33543
pfet_06v0,sf,27,4.50,0.70u,1,rlin_at_50mV,0.05,0.00560335,8.92323,8.92323,4.45
pfet_06v0,sf,27,4.50,0.70u,2,drop_at_50mA,0.232419,0.05,4.64838,9.29675,4.26758
pfet_06v0,sf,27,4.50,0.70u,2,drop_at_100mA,0.493751,0.1,4.93751,9.87502,4.00625
pfet_06v0,sf,27,4.50,0.70u,2,rlin_at_50mV,0.05,0.0112067,4.46162,8.92323,4.45
pfet_06v0,sf,27,4.50,0.70u,4,drop_at_50mA,0.113123,0.05,2.26247,9.04986,4.38688
pfet_06v0,sf,27,4.50,0.70u,4,drop_at_100mA,0.232419,0.1,2.32419,9.29675,4.26758
pfet_06v0,sf,27,4.50,0.70u,4,rlin_at_50mV,0.05,0.0224134,2.23081,8.92323,4.45
pfet_06v0,sf,27,4.50,0.70u,8,drop_at_50mA,0.0558428,0.05,1.11686,8.93484,4.44416
pfet_06v0,sf,27,4.50,0.70u,8,drop_at_100mA,0.113123,0.1,1.13123,9.04986,4.38688
pfet_06v0,sf,27,4.50,0.70u,8,rlin_at_50mV,0.05,0.0448268,1.1154,8.92323,4.45
pfet_06v0,sf,27,4.50,0.70u,16,drop_at_50mA,0.0277476,0.05,0.554952,8.87923,4.47225
pfet_06v0,sf,27,4.50,0.70u,16,drop_at_100mA,0.0558428,0.1,0.558428,8.93484,4.44416
pfet_06v0,sf,27,4.50,0.70u,16,rlin_at_50mV,0.05,0.0896536,0.557702,8.92323,4.45
pfet_06v0,sf,27,4.50,1.20u,1,drop_at_50mA,0.968097,0.05,19.3619,19.3619,3.5319
pfet_06v0,sf,27,4.50,1.20u,1,drop_at_100mA,8.67574,0.1,86.7574,86.7574,-4.17574
pfet_06v0,sf,27,4.50,1.20u,1,rlin_at_50mV,0.05,0.00316889,15.7784,15.7784,4.45
pfet_06v0,sf,27,4.50,1.20u,2,drop_at_50mA,0.427523,0.05,8.55046,17.1009,4.07248
pfet_06v0,sf,27,4.50,1.20u,2,drop_at_100mA,0.968097,0.1,9.68097,19.3619,3.5319
pfet_06v0,sf,27,4.50,1.20u,2,rlin_at_50mV,0.05,0.00633777,7.88921,15.7784,4.45
pfet_06v0,sf,27,4.50,1.20u,4,drop_at_50mA,0.203686,0.05,4.07372,16.2949,4.29631
pfet_06v0,sf,27,4.50,1.20u,4,drop_at_100mA,0.427523,0.1,4.27523,17.1009,4.07248
pfet_06v0,sf,27,4.50,1.20u,4,rlin_at_50mV,0.05,0.0126755,3.94461,15.7784,4.45
pfet_06v0,sf,27,4.50,1.20u,8,drop_at_50mA,0.0996383,0.05,1.99277,15.9421,4.40036
pfet_06v0,sf,27,4.50,1.20u,8,drop_at_100mA,0.203686,0.1,2.03686,16.2949,4.29631
pfet_06v0,sf,27,4.50,1.20u,8,rlin_at_50mV,0.05,0.0253511,1.9723,15.7784,4.45
pfet_06v0,sf,27,4.50,1.20u,16,drop_at_50mA,0.0493004,0.05,0.986008,15.7761,4.4507
pfet_06v0,sf,27,4.50,1.20u,16,drop_at_100mA,0.0996383,0.1,0.996383,15.9421,4.40036
pfet_06v0,sf,27,4.50,1.20u,16,rlin_at_50mV,0.05,0.0507022,0.986151,15.7784,4.45
pfet_06v0,sf,27,5.00,0.55u,1,drop_at_50mA,0.341539,0.05,6.83078,6.83078,4.65846
pfet_06v0,sf,27,5.00,0.55u,1,drop_at_100mA,0.746471,0.1,7.46471,7.46471,4.25353
pfet_06v0,sf,27,5.00,0.55u,1,rlin_at_50mV,0.05,0.00778839,6.41981,6.41981,4.95
pfet_06v0,sf,27,5.00,0.55u,2,drop_at_50mA,0.164424,0.05,3.28848,6.57695,4.83558
pfet_06v0,sf,27,5.00,0.55u,2,drop_at_100mA,0.341539,0.1,3.41539,6.83078,4.65846
pfet_06v0,sf,27,5.00,0.55u,2,rlin_at_50mV,0.05,0.0155768,3.2099,6.41981,4.95
pfet_06v0,sf,27,5.00,0.55u,4,drop_at_50mA,0.0807695,0.05,1.61539,6.46156,4.91923
pfet_06v0,sf,27,5.00,0.55u,4,drop_at_100mA,0.164424,0.1,1.64424,6.57695,4.83558
pfet_06v0,sf,27,5.00,0.55u,4,rlin_at_50mV,0.05,0.0311536,1.60495,6.41981,4.95
pfet_06v0,sf,27,5.00,0.55u,8,drop_at_50mA,0.0400398,0.05,0.800796,6.40637,4.95996
pfet_06v0,sf,27,5.00,0.55u,8,drop_at_100mA,0.0807695,0.1,0.807695,6.46156,4.91923
pfet_06v0,sf,27,5.00,0.55u,8,rlin_at_50mV,0.05,0.0623072,0.802476,6.41981,4.95
pfet_06v0,sf,27,5.00,0.55u,16,drop_at_50mA,0.0199355,0.05,0.39871,6.37937,4.98006
pfet_06v0,sf,27,5.00,0.55u,16,drop_at_100mA,0.0400398,0.1,0.400398,6.40637,4.95996
pfet_06v0,sf,27,5.00,0.55u,16,rlin_at_50mV,0.05,0.124614,0.401238,6.41981,4.95
pfet_06v0,sf,27,5.00,0.70u,1,drop_at_50mA,0.448724,0.05,8.97448,8.97448,4.55128
pfet_06v0,sf,27,5.00,0.70u,1,drop_at_100mA,1.01336,0.1,10.1336,10.1336,3.98664
pfet_06v0,sf,27,5.00,0.70u,1,rlin_at_50mV,0.05,0.0060439,8.27281,8.27281,4.95
pfet_06v0,sf,27,5.00,0.70u,2,drop_at_50mA,0.213768,0.05,4.27536,8.55072,4.78623
pfet_06v0,sf,27,5.00,0.70u,2,drop_at_100mA,0.448724,0.1,4.48724,8.97448,4.55128
pfet_06v0,sf,27,5.00,0.70u,2,rlin_at_50mV,0.05,0.0120878,4.1364,8.27281,4.95
pfet_06v0,sf,27,5.00,0.70u,4,drop_at_50mA,0.104548,0.05,2.09097,8.36386,4.89545
pfet_06v0,sf,27,5.00,0.70u,4,drop_at_100mA,0.213768,0.1,2.13768,8.55072,4.78623
pfet_06v0,sf,27,5.00,0.70u,4,rlin_at_50mV,0.05,0.0241756,2.0682,8.27281,4.95
pfet_06v0,sf,27,5.00,0.70u,8,drop_at_50mA,0.0517229,0.05,1.03446,8.27566,4.94828
pfet_06v0,sf,27,5.00,0.70u,8,drop_at_100mA,0.104548,0.1,1.04548,8.36386,4.89545
pfet_06v0,sf,27,5.00,0.70u,8,rlin_at_50mV,0.05,0.0483512,1.0341,8.27281,4.95
pfet_06v0,sf,27,5.00,0.70u,16,drop_at_50mA,0.0257274,0.05,0.514547,8.23276,4.97427
pfet_06v0,sf,27,5.00,0.70u,16,drop_at_100mA,0.0517229,0.1,0.517229,8.27566,4.94828
pfet_06v0,sf,27,5.00,0.70u,16,rlin_at_50mV,0.05,0.0967024,0.51705,8.27281,4.95
pfet_06v0,sf,27,5.00,1.20u,1,drop_at_50mA,0.850272,0.05,17.0054,17.0054,4.14973
pfet_06v0,sf,27,5.00,1.20u,1,drop_at_100mA,2.55834,0.1,25.5834,25.5834,2.44166
pfet_06v0,sf,27,5.00,1.20u,1,rlin_at_50mV,0.05,0.00343638,14.5502,14.5502,4.95
pfet_06v0,sf,27,5.00,1.20u,2,drop_at_50mA,0.38769,0.05,7.75379,15.5076,4.61231
pfet_06v0,sf,27,5.00,1.20u,2,drop_at_100mA,0.850272,0.1,8.50272,17.0054,4.14973
pfet_06v0,sf,27,5.00,1.20u,2,rlin_at_50mV,0.05,0.00687275,7.27511,14.5502,4.95
pfet_06v0,sf,27,5.00,1.20u,4,drop_at_50mA,0.186563,0.05,3.73125,14.925,4.81344
pfet_06v0,sf,27,5.00,1.20u,4,drop_at_100mA,0.38769,0.1,3.8769,15.5076,4.61231
pfet_06v0,sf,27,5.00,1.20u,4,rlin_at_50mV,0.05,0.0137455,3.63755,14.5502,4.95
pfet_06v0,sf,27,5.00,1.20u,8,drop_at_50mA,0.0916425,0.05,1.83285,14.6628,4.90836
pfet_06v0,sf,27,5.00,1.20u,8,drop_at_100mA,0.186563,0.1,1.86563,14.925,4.81344
pfet_06v0,sf,27,5.00,1.20u,8,rlin_at_50mV,0.05,0.027491,1.81878,14.5502,4.95
pfet_06v0,sf,27,5.00,1.20u,16,drop_at_50mA,0.0454311,0.05,0.908622,14.5379,4.95457
pfet_06v0,sf,27,5.00,1.20u,16,drop_at_100mA,0.0916425,0.1,0.916425,14.6628,4.90836
pfet_06v0,sf,27,5.00,1.20u,16,rlin_at_50mV,0.05,0.054982,0.909388,14.5502,4.95
pfet_06v0,sf,27,5.50,0.55u,1,drop_at_50mA,0.318149,0.05,6.36297,6.36297,5.18185
pfet_06v0,sf,27,5.50,0.55u,1,drop_at_100mA,0.684266,0.1,6.84266,6.84266,4.81573
pfet_06v0,sf,27,5.50,0.55u,1,rlin_at_50mV,0.05,0.00827798,6.04012,6.04012,5.45
pfet_06v0,sf,27,5.50,0.55u,2,drop_at_50mA,0.154069,0.05,3.08138,6.16275,5.34593
pfet_06v0,sf,27,5.50,0.55u,2,drop_at_100mA,0.318149,0.1,3.18149,6.36297,5.18185
pfet_06v0,sf,27,5.50,0.55u,2,rlin_at_50mV,0.05,0.016556,3.02006,6.04012,5.45
pfet_06v0,sf,27,5.50,0.55u,4,drop_at_50mA,0.0758789,0.05,1.51758,6.07031,5.42412
pfet_06v0,sf,27,5.50,0.55u,4,drop_at_100mA,0.154069,0.1,1.54069,6.16275,5.34593
pfet_06v0,sf,27,5.50,0.55u,4,rlin_at_50mV,0.05,0.0331119,1.51003,6.04012,5.45
pfet_06v0,sf,27,5.50,0.55u,8,drop_at_50mA,0.0376612,0.05,0.753225,6.0258,5.46234
pfet_06v0,sf,27,5.50,0.55u,8,drop_at_100mA,0.0758789,0.1,0.758789,6.07031,5.42412
pfet_06v0,sf,27,5.50,0.55u,8,rlin_at_50mV,0.05,0.0662238,0.755015,6.04012,5.45
pfet_06v0,sf,27,5.50,0.55u,16,drop_at_50mA,0.0187623,0.05,0.375247,6.00395,5.48124
pfet_06v0,sf,27,5.50,0.55u,16,drop_at_100mA,0.0376612,0.1,0.376612,6.0258,5.46234
pfet_06v0,sf,27,5.50,0.55u,16,rlin_at_50mV,0.05,0.132448,0.377508,6.04012,5.45
pfet_06v0,sf,27,5.50,0.70u,1,drop_at_50mA,0.415162,0.05,8.30323,8.30323,5.08484
pfet_06v0,sf,27,5.50,0.70u,1,drop_at_100mA,0.914086,0.1,9.14086,9.14086,4.58591
pfet_06v0,sf,27,5.50,0.70u,1,rlin_at_50mV,0.05,0.00644299,7.76037,7.76037,5.45
pfet_06v0,sf,27,5.50,0.70u,2,drop_at_50mA,0.1994,0.05,3.988,7.97601,5.3006
pfet_06v0,sf,27,5.50,0.70u,2,drop_at_100mA,0.415162,0.1,4.15162,8.30323,5.08484
pfet_06v0,sf,27,5.50,0.70u,2,rlin_at_50mV,0.05,0.012886,3.88019,7.76037,5.45
pfet_06v0,sf,27,5.50,0.70u,4,drop_at_50mA,0.0978564,0.05,1.95713,7.82851,5.40214
pfet_06v0,sf,27,5.50,0.70u,4,drop_at_100mA,0.1994,0.1,1.994,7.97601,5.3006
pfet_06v0,sf,27,5.50,0.70u,4,rlin_at_50mV,0.05,0.025772,1.94009,7.76037,5.45
pfet_06v0,sf,27,5.50,0.70u,8,drop_at_50mA,0.048489,0.05,0.969779,7.75824,5.45151
pfet_06v0,sf,27,5.50,0.70u,8,drop_at_100mA,0.0978564,0.1,0.978564,7.82851,5.40214
pfet_06v0,sf,27,5.50,0.70u,8,rlin_at_50mV,0.05,0.0515439,0.970047,7.76037,5.45
pfet_06v0,sf,27,5.50,0.70u,16,drop_at_50mA,0.0241372,0.05,0.482744,7.72391,5.47586
pfet_06v0,sf,27,5.50,0.70u,16,drop_at_100mA,0.048489,0.1,0.48489,7.75824,5.45151
pfet_06v0,sf,27,5.50,0.70u,16,rlin_at_50mV,0.05,0.103088,0.485023,7.76037,5.45
pfet_06v0,sf,27,5.50,1.20u,1,drop_at_50mA,0.769928,0.05,15.3986,15.3986,4.73007
pfet_06v0,sf,27,5.50,1.20u,1,drop_at_100mA,1.9377,0.1,19.377,19.377,3.5623
pfet_06v0,sf,27,5.50,1.20u,1,rlin_at_50mV,0.05,0.0036799,13.5873,13.5873,5.45
pfet_06v0,sf,27,5.50,1.20u,2,drop_at_50mA,0.357892,0.05,7.15783,14.3157,5.14211
pfet_06v0,sf,27,5.50,1.20u,2,drop_at_100mA,0.769928,0.1,7.69928,15.3986,4.73007
pfet_06v0,sf,27,5.50,1.20u,2,rlin_at_50mV,0.05,0.00735981,6.79365,13.5873,5.45
pfet_06v0,sf,27,5.50,1.20u,4,drop_at_50mA,0.173396,0.05,3.46791,13.8716,5.3266
pfet_06v0,sf,27,5.50,1.20u,4,drop_at_100mA,0.357892,0.1,3.57892,14.3157,5.14211
pfet_06v0,sf,27,5.50,1.20u,4,rlin_at_50mV,0.05,0.0147196,3.39683,13.5873,5.45
pfet_06v0,sf,27,5.50,1.20u,8,drop_at_50mA,0.0854246,0.05,1.70849,13.6679,5.41458
pfet_06v0,sf,27,5.50,1.20u,8,drop_at_100mA,0.173396,0.1,1.73396,13.8716,5.3266
pfet_06v0,sf,27,5.50,1.20u,8,rlin_at_50mV,0.05,0.0294392,1.69841,13.5873,5.45
pfet_06v0,sf,27,5.50,1.20u,16,drop_at_50mA,0.0424067,0.05,0.848133,13.5701,5.45759
pfet_06v0,sf,27,5.50,1.20u,16,drop_at_100mA,0.0854246,0.1,0.854246,13.6679,5.41458
pfet_06v0,sf,27,5.50,1.20u,16,rlin_at_50mV,0.05,0.0588785,0.849207,13.5873,5.45
pfet_06v0,sf,125,2.10,0.55u,1,drop_at_50mA,7.78466,0.05,155.693,155.693,-5.68466
pfet_06v0,sf,125,2.10,0.55u,1,drop_at_100mA,9.75278,0.1,97.5278,97.5278,-7.65278
pfet_06v0,sf,125,2.10,0.55u,1,rlin_at_50mV,0.05,0.00270085,18.5127,18.5127,2.05
pfet_06v0,sf,125,2.10,0.55u,2,drop_at_50mA,0.614012,0.05,12.2802,24.5605,1.48599
pfet_06v0,sf,125,2.10,0.55u,2,drop_at_100mA,7.78466,0.1,77.8466,155.693,-5.68466
pfet_06v0,sf,125,2.10,0.55u,2,rlin_at_50mV,0.05,0.00540171,9.25634,18.5127,2.05
pfet_06v0,sf,125,2.10,0.55u,4,drop_at_50mA,0.254562,0.05,5.09125,20.365,1.84544
pfet_06v0,sf,125,2.10,0.55u,4,drop_at_100mA,0.614012,0.1,6.14012,24.5605,1.48599
pfet_06v0,sf,125,2.10,0.55u,4,rlin_at_50mV,0.05,0.0108034,4.62817,18.5127,2.05
pfet_06v0,sf,125,2.10,0.55u,8,drop_at_50mA,0.119415,0.05,2.38831,19.1065,1.98058
pfet_06v0,sf,125,2.10,0.55u,8,drop_at_100mA,0.254562,0.1,2.54562,20.365,1.84544
pfet_06v0,sf,125,2.10,0.55u,8,rlin_at_50mV,0.05,0.0216068,2.31408,18.5127,2.05
pfet_06v0,sf,125,2.10,0.55u,16,drop_at_50mA,0.0580623,0.05,1.16125,18.5799,2.04194
pfet_06v0,sf,125,2.10,0.55u,16,drop_at_100mA,0.119415,0.1,1.19415,19.1065,1.98058
pfet_06v0,sf,125,2.10,0.55u,16,rlin_at_50mV,0.05,0.0432136,1.15704,18.5127,2.05
pfet_06v0,sf,125,2.10,0.70u,1,drop_at_50mA,9.06678,0.05,181.336,181.336,-6.96678
pfet_06v0,sf,125,2.10,0.70u,1,drop_at_100mA,10.5908,0.1,105.908,105.908,-8.4908
pfet_06v0,sf,125,2.10,0.70u,1,rlin_at_50mV,0.05,0.00202326,24.7126,24.7126,2.05
pfet_06v0,sf,125,2.10,0.70u,2,drop_at_50mA,1.48745,0.05,29.7489,59.4979,0.612553
pfet_06v0,sf,125,2.10,0.70u,2,drop_at_100mA,9.06678,0.1,90.6678,181.336,-6.96678
pfet_06v0,sf,125,2.10,0.70u,2,rlin_at_50mV,0.05,0.00404653,12.3563,24.7126,2.05
pfet_06v0,sf,125,2.10,0.70u,4,drop_at_50mA,0.359235,0.05,7.1847,28.7388,1.74077
pfet_06v0,sf,125,2.10,0.70u,4,drop_at_100mA,1.48745,0.1,14.8745,59.4979,0.612553
pfet_06v0,sf,125,2.10,0.70u,4,rlin_at_50mV,0.05,0.00809305,6.17814,24.7126,2.05
pfet_06v0,sf,125,2.10,0.70u,8,drop_at_50mA,0.162841,0.05,3.25681,26.0545,1.93716
pfet_06v0,sf,125,2.10,0.70u,8,drop_at_100mA,0.359235,0.1,3.59235,28.7388,1.74077
pfet_06v0,sf,125,2.10,0.70u,8,rlin_at_50mV,0.05,0.0161861,3.08907,24.7126,2.05
pfet_06v0,sf,125,2.10,0.70u,16,drop_at_50mA,0.0782384,0.05,1.56477,25.0363,2.02176
pfet_06v0,sf,125,2.10,0.70u,16,drop_at_100mA,0.162841,0.1,1.62841,26.0545,1.93716
pfet_06v0,sf,125,2.10,0.70u,16,rlin_at_50mV,0.05,0.0323722,1.54453,24.7126,2.05
pfet_06v0,sf,125,2.10,1.20u,1,drop_at_50mA,10.6757,0.05,213.515,213.515,-8.57574
pfet_06v0,sf,125,2.10,1.20u,1,drop_at_100mA,12.1756,0.1,121.756,121.756,-10.0756
pfet_06v0,sf,125,2.10,1.20u,1,rlin_at_50mV,0.05,0.00109292,45.7489,45.7489,2.05
pfet_06v0,sf,125,2.10,1.20u,2,drop_at_50mA,9.15109,0.05,183.022,366.044,-7.05109
pfet_06v0,sf,125,2.10,1.20u,2,drop_at_100mA,10.6757,0.1,106.757,213.515,-8.57574
pfet_06v0,sf,125,2.10,1.20u,2,rlin_at_50mV,0.05,0.00218584,22.8745,45.7489,2.05
pfet_06v0,sf,125,2.10,1.20u,4,drop_at_50mA,1.13623,0.05,22.7247,90.8987,0.963766
pfet_06v0,sf,125,2.10,1.20u,4,drop_at_100mA,9.15109,0.1,91.5109,366.044,-7.05109
pfet_06v0,sf,125,2.10,1.20u,4,rlin_at_50mV,0.05,0.00437169,11.4372,45.7489,2.05
pfet_06v0,sf,125,2.10,1.20u,8,drop_at_50mA,0.329249,0.05,6.58498,52.6798,1.77075
pfet_06v0,sf,125,2.10,1.20u,8,drop_at_100mA,1.13623,0.1,11.3623,90.8987,0.963766
pfet_06v0,sf,125,2.10,1.20u,8,rlin_at_50mV,0.05,0.00874337,5.71862,45.7489,2.05
pfet_06v0,sf,125,2.10,1.20u,16,drop_at_50mA,0.150067,0.05,3.00133,48.0213,1.94993
pfet_06v0,sf,125,2.10,1.20u,16,drop_at_100mA,0.329249,0.1,3.29249,52.6798,1.77075
pfet_06v0,sf,125,2.10,1.20u,16,rlin_at_50mV,0.05,0.0174867,2.85931,45.7489,2.05
pfet_06v0,sf,125,2.97,0.55u,1,drop_at_50mA,0.830125,0.05,16.6025,16.6025,2.13988
pfet_06v0,sf,125,2.97,0.55u,1,drop_at_100mA,8.18312,0.1,81.8312,81.8312,-5.21312
pfet_06v0,sf,125,2.97,0.55u,1,rlin_at_50mV,0.05,0.00389087,12.8506,12.8506,2.92
pfet_06v0,sf,125,2.97,0.55u,2,drop_at_50mA,0.352912,0.05,7.05825,14.1165,2.61709
pfet_06v0,sf,125,2.97,0.55u,2,drop_at_100mA,0.830125,0.1,8.30125,16.6025,2.13988
pfet_06v0,sf,125,2.97,0.55u,2,rlin_at_50mV,0.05,0.00778173,6.4253,12.8506,2.92
pfet_06v0,sf,125,2.97,0.55u,4,drop_at_50mA,0.166418,0.05,3.32835,13.3134,2.80358
pfet_06v0,sf,125,2.97,0.55u,4,drop_at_100mA,0.352912,0.1,3.52912,14.1165,2.61709
pfet_06v0,sf,125,2.97,0.55u,4,rlin_at_50mV,0.05,0.0155635,3.21265,12.8506,2.92
pfet_06v0,sf,125,2.97,0.55u,8,drop_at_50mA,0.0810714,0.05,1.62143,12.9714,2.88893
pfet_06v0,sf,125,2.97,0.55u,8,drop_at_100mA,0.166418,0.1,1.66418,13.3134,2.80358
pfet_06v0,sf,125,2.97,0.55u,8,rlin_at_50mV,0.05,0.0311269,1.60633,12.8506,2.92
pfet_06v0,sf,125,2.97,0.55u,16,drop_at_50mA,0.0400383,0.05,0.800767,12.8123,2.92996
pfet_06v0,sf,125,2.97,0.55u,16,drop_at_100mA,0.0810714,0.1,0.810714,12.9714,2.88893
pfet_06v0,sf,125,2.97,0.55u,16,rlin_at_50mV,0.05,0.0622539,0.803163,12.8506,2.92
pfet_06v0,sf,125,2.97,0.70u,1,drop_at_50mA,1.35426,0.05,27.0852,27.0852,1.61574
pfet_06v0,sf,125,2.97,0.70u,1,drop_at_100mA,9.43715,0.1,94.3715,94.3715,-6.46715
pfet_06v0,sf,125,2.97,0.70u,1,rlin_at_50mV,0.05,0.00295217,16.9367,16.9367,2.92
pfet_06v0,sf,125,2.97,0.70u,2,drop_at_50mA,0.486209,0.05,9.72417,19.4483,2.48379
pfet_06v0,sf,125,2.97,0.70u,2,drop_at_100mA,1.35426,0.1,13.5426,27.0852,1.61574
pfet_06v0,sf,125,2.97,0.70u,2,rlin_at_50mV,0.05,0.00590433,8.46835,16.9367,2.92
pfet_06v0,sf,125,2.97,0.70u,4,drop_at_50mA,0.223267,0.05,4.46533,17.8613,2.74673
pfet_06v0,sf,125,2.97,0.70u,4,drop_at_100mA,0.486209,0.1,4.86209,19.4483,2.48379
pfet_06v0,sf,125,2.97,0.70u,4,rlin_at_50mV,0.05,0.0118087,4.23418,16.9367,2.92
pfet_06v0,sf,125,2.97,0.70u,8,drop_at_50mA,0.107719,0.05,2.15439,17.2351,2.86228
pfet_06v0,sf,125,2.97,0.70u,8,drop_at_100mA,0.223267,0.1,2.23267,17.8613,2.74673
pfet_06v0,sf,125,2.97,0.70u,8,rlin_at_50mV,0.05,0.0236173,2.11709,16.9367,2.92
pfet_06v0,sf,125,2.97,0.70u,16,drop_at_50mA,0.0529746,0.05,1.05949,16.9519,2.91703
pfet_06v0,sf,125,2.97,0.70u,16,drop_at_100mA,0.107719,0.1,1.07719,17.2351,2.86228
pfet_06v0,sf,125,2.97,0.70u,16,rlin_at_50mV,0.05,0.0472347,1.05854,16.9367,2.92
pfet_06v0,sf,125,2.97,1.20u,1,drop_at_50mA,9.40252,0.05,188.05,188.05,-6.43252
pfet_06v0,sf,125,2.97,1.20u,1,drop_at_100mA,10.9975,0.1,109.975,109.975,-8.02753
pfet_06v0,sf,125,2.97,1.20u,1,rlin_at_50mV,0.05,0.00162434,30.7817,30.7817,2.92
pfet_06v0,sf,125,2.97,1.20u,2,drop_at_50mA,1.13206,0.05,22.6411,45.2822,1.83794
pfet_06v0,sf,125,2.97,1.20u,2,drop_at_100mA,9.40252,0.1,94.0252,188.05,-6.43252
pfet_06v0,sf,125,2.97,1.20u,2,rlin_at_50mV,0.05,0.00324868,15.3909,30.7817,2.92
pfet_06v0,sf,125,2.97,1.20u,4,drop_at_50mA,0.434993,0.05,8.69987,34.7995,2.53501
pfet_06v0,sf,125,2.97,1.20u,4,drop_at_100mA,1.13206,0.1,11.3206,45.2822,1.83794
pfet_06v0,sf,125,2.97,1.20u,4,rlin_at_50mV,0.05,0.00649736,7.69543,30.7817,2.92
pfet_06v0,sf,125,2.97,1.20u,8,drop_at_50mA,0.20159,0.05,4.03181,32.2544,2.76841
pfet_06v0,sf,125,2.97,1.20u,8,drop_at_100mA,0.434993,0.1,4.34993,34.7995,2.53501
pfet_06v0,sf,125,2.97,1.20u,8,rlin_at_50mV,0.05,0.0129947,3.84772,30.7817,2.92
pfet_06v0,sf,125,2.97,1.20u,16,drop_at_50mA,0.0975947,0.05,1.95189,31.2303,2.87241
pfet_06v0,sf,125,2.97,1.20u,16,drop_at_100mA,0.20159,0.1,2.0159,32.2544,2.76841
pfet_06v0,sf,125,2.97,1.20u,16,rlin_at_50mV,0.05,0.0259894,1.92386,30.7817,2.92
pfet_06v0,sf,125,3.30,0.55u,1,drop_at_50mA,0.701965,0.05,14.0393,14.0393,2.59804
pfet_06v0,sf,125,3.30,0.55u,1,drop_at_100mA,4.51193,0.1,45.1193,45.1193,-1.21193
pfet_06v0,sf,125,3.30,0.55u,1,rlin_at_50mV,0.05,0.00429001,11.655,11.655,3.25
pfet_06v0,sf,125,3.30,0.55u,2,drop_at_50mA,0.313225,0.05,6.2645,12.529,2.98677
pfet_06v0,sf,125,3.30,0.55u,2,drop_at_100mA,0.701965,0.1,7.01965,14.0393,2.59804
pfet_06v0,sf,125,3.30,0.55u,2,rlin_at_50mV,0.05,0.00858002,5.82749,11.655,3.25
pfet_06v0,sf,125,3.30,0.55u,4,drop_at_50mA,0.14967,0.05,2.9934,11.9736,3.15033
pfet_06v0,sf,125,3.30,0.55u,4,drop_at_100mA,0.313225,0.1,3.13225,12.529,2.98677
pfet_06v0,sf,125,3.30,0.55u,4,rlin_at_50mV,0.05,0.01716,2.91375,11.655,3.25
pfet_06v0,sf,125,3.30,0.55u,8,drop_at_50mA,0.0733012,0.05,1.46602,11.7282,3.2267
pfet_06v0,sf,125,3.30,0.55u,8,drop_at_100mA,0.14967,0.1,1.4967,11.9736,3.15033
pfet_06v0,sf,125,3.30,0.55u,8,rlin_at_50mV,0.05,0.0343201,1.45687,11.655,3.25
pfet_06v0,sf,125,3.30,0.55u,16,drop_at_50mA,0.0362883,0.05,0.725766,11.6123,3.26371
pfet_06v0,sf,125,3.30,0.55u,16,drop_at_100mA,0.0733012,0.1,0.733012,11.7282,3.2267
pfet_06v0,sf,125,3.30,0.55u,16,rlin_at_50mV,0.05,0.0686402,0.728437,11.655,3.25
pfet_06v0,sf,125,3.30,0.70u,1,drop_at_50mA,1.02253,0.05,20.4507,20.4507,2.27747
pfet_06v0,sf,125,3.30,0.70u,1,drop_at_100mA,8.97627,0.1,89.7627,89.7627,-5.67627
pfet_06v0,sf,125,3.30,0.70u,1,rlin_at_50mV,0.05,0.00326588,15.3098,15.3098,3.25
pfet_06v0,sf,125,3.30,0.70u,2,drop_at_50mA,0.42471,0.05,8.49419,16.9884,2.87529
pfet_06v0,sf,125,3.30,0.70u,2,drop_at_100mA,1.02253,0.1,10.2253,20.4507,2.27747
pfet_06v0,sf,125,3.30,0.70u,2,rlin_at_50mV,0.05,0.00653176,7.65491,15.3098,3.25
pfet_06v0,sf,125,3.30,0.70u,4,drop_at_50mA,0.199277,0.05,3.98553,15.9421,3.10072
pfet_06v0,sf,125,3.30,0.70u,4,drop_at_100mA,0.42471,0.1,4.2471,16.9884,2.87529
pfet_06v0,sf,125,3.30,0.70u,4,rlin_at_50mV,0.05,0.0130635,3.82745,15.3098,3.25
pfet_06v0,sf,125,3.30,0.70u,8,drop_at_50mA,0.096898,0.05,1.93796,15.5037,3.2031
pfet_06v0,sf,125,3.30,0.70u,8,drop_at_100mA,0.199277,0.1,1.99277,15.9421,3.10072
pfet_06v0,sf,125,3.30,0.70u,8,rlin_at_50mV,0.05,0.026127,1.91373,15.3098,3.25
pfet_06v0,sf,125,3.30,0.70u,16,drop_at_50mA,0.0478153,0.05,0.956306,15.3009,3.25218
pfet_06v0,sf,125,3.30,0.70u,16,drop_at_100mA,0.096898,0.1,0.96898,15.5037,3.2031
pfet_06v0,sf,125,3.30,0.70u,16,rlin_at_50mV,0.05,0.0522541,0.956864,15.3098,3.25
pfet_06v0,sf,125,3.30,1.20u,1,drop_at_50mA,8.87055,0.05,177.411,177.411,-5.57055
pfet_06v0,sf,125,3.30,1.20u,1,drop_at_100mA,10.7352,0.1,107.352,107.352,-7.43522
pfet_06v0,sf,125,3.30,1.20u,1,rlin_at_50mV,0.05,0.00180578,27.6889,27.6889,3.25
pfet_06v0,sf,125,3.30,1.20u,2,drop_at_50mA,0.886604,0.05,17.7321,35.4641,2.4134
pfet_06v0,sf,125,3.30,1.20u,2,drop_at_100mA,8.87055,0.1,88.7055,177.411,-5.57055
pfet_06v0,sf,125,3.30,1.20u,2,rlin_at_50mV,0.05,0.00361155,13.8445,27.6889,3.25
pfet_06v0,sf,125,3.30,1.20u,4,drop_at_50mA,0.379115,0.05,7.5823,30.3292,2.92089
pfet_06v0,sf,125,3.30,1.20u,4,drop_at_100mA,0.886604,0.1,8.86604,35.4641,2.4134
pfet_06v0,sf,125,3.30,1.20u,4,rlin_at_50mV,0.05,0.00722311,6.92223,27.6889,3.25
pfet_06v0,sf,125,3.30,1.20u,8,drop_at_50mA,0.179203,0.05,3.58405,28.6724,3.1208
pfet_06v0,sf,125,3.30,1.20u,8,drop_at_100mA,0.379115,0.1,3.79115,30.3292,2.92089
pfet_06v0,sf,125,3.30,1.20u,8,rlin_at_50mV,0.05,0.0144462,3.46111,27.6889,3.25
pfet_06v0,sf,125,3.30,1.20u,16,drop_at_50mA,0.087397,0.05,1.74794,27.967,3.2126
pfet_06v0,sf,125,3.30,1.20u,16,drop_at_100mA,0.179203,0.1,1.79203,28.6724,3.1208
pfet_06v0,sf,125,3.30,1.20u,16,rlin_at_50mV,0.05,0.0288924,1.73056,27.6889,3.25
pfet_06v0,sf,125,3.63,0.55u,1,drop_at_50mA,0.619323,0.05,12.3865,12.3865,3.01068
pfet_06v0,sf,125,3.63,0.55u,1,drop_at_100mA,1.72439,0.1,17.2439,17.2439,1.90561
pfet_06v0,sf,125,3.63,0.55u,1,rlin_at_50mV,0.05,0.00466617,10.7154,10.7154,3.58
pfet_06v0,sf,125,3.63,0.55u,2,drop_at_50mA,0.283844,0.05,5.67688,11.3538,3.34616
pfet_06v0,sf,125,3.63,0.55u,2,drop_at_100mA,0.619323,0.1,6.19323,12.3865,3.01068
pfet_06v0,sf,125,3.63,0.55u,2,rlin_at_50mV,0.05,0.00933234,5.35771,10.7154,3.58
pfet_06v0,sf,125,3.63,0.55u,4,drop_at_50mA,0.136817,0.05,2.73634,10.9454,3.49318
pfet_06v0,sf,125,3.63,0.55u,4,drop_at_100mA,0.283844,0.1,2.83844,11.3538,3.34616
pfet_06v0,sf,125,3.63,0.55u,4,rlin_at_50mV,0.05,0.0186647,2.67886,10.7154,3.58
pfet_06v0,sf,125,3.63,0.55u,8,drop_at_50mA,0.067253,0.05,1.34506,10.7605,3.56275
pfet_06v0,sf,125,3.63,0.55u,8,drop_at_100mA,0.136817,0.1,1.36817,10.9454,3.49318
pfet_06v0,sf,125,3.63,0.55u,8,rlin_at_50mV,0.05,0.0373294,1.33943,10.7154,3.58
pfet_06v0,sf,125,3.63,0.55u,16,drop_at_50mA,0.0333507,0.05,0.667015,10.6722,3.59665
pfet_06v0,sf,125,3.63,0.55u,16,drop_at_100mA,0.067253,0.1,0.67253,10.7605,3.56275
pfet_06v0,sf,125,3.63,0.55u,16,rlin_at_50mV,0.05,0.0746587,0.669714,10.7154,3.58
pfet_06v0,sf,125,3.63,0.70u,1,drop_at_50mA,0.868268,0.05,17.3654,17.3654,2.76173
pfet_06v0,sf,125,3.63,0.70u,1,drop_at_100mA,8.18971,0.1,81.8971,81.8971,-4.55971
pfet_06v0,sf,125,3.63,0.70u,1,rlin_at_50mV,0.05,0.00356244,14.0353,14.0353,3.58
pfet_06v0,sf,125,3.63,0.70u,2,drop_at_50mA,0.380893,0.05,7.61786,15.2357,3.24911
pfet_06v0,sf,125,3.63,0.70u,2,drop_at_100mA,0.868268,0.1,8.68268,17.3654,2.76173
pfet_06v0,sf,125,3.63,0.70u,2,rlin_at_50mV,0.05,0.00712488,7.01766,14.0353,3.58
pfet_06v0,sf,125,3.63,0.70u,4,drop_at_50mA,0.181135,0.05,3.62269,14.4908,3.44887
pfet_06v0,sf,125,3.63,0.70u,4,drop_at_100mA,0.380893,0.1,3.80893,15.2357,3.24911
pfet_06v0,sf,125,3.63,0.70u,4,rlin_at_50mV,0.05,0.0142498,3.50883,14.0353,3.58
pfet_06v0,sf,125,3.63,0.70u,8,drop_at_50mA,0.0885412,0.05,1.77082,14.1666,3.54146
pfet_06v0,sf,125,3.63,0.70u,8,drop_at_100mA,0.181135,0.1,1.81135,14.4908,3.44887
pfet_06v0,sf,125,3.63,0.70u,8,rlin_at_50mV,0.05,0.0284995,1.75442,14.0353,3.58
pfet_06v0,sf,125,3.63,0.70u,16,drop_at_50mA,0.0437949,0.05,0.875899,14.0144,3.58621
pfet_06v0,sf,125,3.63,0.70u,16,drop_at_100mA,0.0885412,0.1,0.885412,14.1666,3.54146
pfet_06v0,sf,125,3.63,0.70u,16,rlin_at_50mV,0.05,0.0569991,0.877208,14.0353,3.58
pfet_06v0,sf,125,3.63,1.20u,1,drop_at_50mA,7.69407,0.05,153.881,153.881,-4.06407
pfet_06v0,sf,125,3.63,1.20u,1,drop_at_100mA,10.5124,0.1,105.124,105.124,-6.88242
pfet_06v0,sf,125,3.63,1.20u,1,rlin_at_50mV,0.05,0.00197815,25.2762,25.2762,3.58
pfet_06v0,sf,125,3.63,1.20u,2,drop_at_50mA,0.758055,0.05,15.1611,30.3222,2.87195
pfet_06v0,sf,125,3.63,1.20u,2,drop_at_100mA,7.69407,0.1,76.9407,153.881,-4.06407
pfet_06v0,sf,125,3.63,1.20u,2,rlin_at_50mV,0.05,0.0039563,12.6381,25.2762,3.58
pfet_06v0,sf,125,3.63,1.20u,4,drop_at_50mA,0.339178,0.05,6.78356,27.1342,3.29082
pfet_06v0,sf,125,3.63,1.20u,4,drop_at_100mA,0.758055,0.1,7.58055,30.3222,2.87195
pfet_06v0,sf,125,3.63,1.20u,4,rlin_at_50mV,0.05,0.00791259,6.31904,25.2762,3.58
pfet_06v0,sf,125,3.63,1.20u,8,drop_at_50mA,0.162306,0.05,3.24612,25.969,3.46769
pfet_06v0,sf,125,3.63,1.20u,8,drop_at_100mA,0.339178,0.1,3.39178,27.1342,3.29082
pfet_06v0,sf,125,3.63,1.20u,8,rlin_at_50mV,0.05,0.0158252,3.15952,25.2762,3.58
pfet_06v0,sf,125,3.63,1.20u,16,drop_at_50mA,0.0795472,0.05,1.59094,25.4551,3.55045
pfet_06v0,sf,125,3.63,1.20u,16,drop_at_100mA,0.162306,0.1,1.62306,25.969,3.46769
pfet_06v0,sf,125,3.63,1.20u,16,rlin_at_50mV,0.05,0.0316504,1.57976,25.2762,3.58
pfet_06v0,sf,125,4.50,0.55u,1,drop_at_50mA,0.49067,0.05,9.8134,9.8134,4.00933
pfet_06v0,sf,125,4.50,0.55u,1,drop_at_100mA,1.12529,0.1,11.2529,11.2529,3.37471
pfet_06v0,sf,125,4.50,0.55u,1,rlin_at_50mV,0.05,0.0055678,8.98021,8.98021,4.45
pfet_06v0,sf,125,4.50,0.55u,2,drop_at_50mA,0.23279,0.05,4.65581,9.31161,4.26721
pfet_06v0,sf,125,4.50,0.55u,2,drop_at_100mA,0.49067,0.1,4.9067,9.8134,4.00933
pfet_06v0,sf,125,4.50,0.55u,2,rlin_at_50mV,0.05,0.0111356,4.4901,8.98021,4.45
pfet_06v0,sf,125,4.50,0.55u,4,drop_at_50mA,0.113669,0.05,2.27337,9.09349,4.38633
pfet_06v0,sf,125,4.50,0.55u,4,drop_at_100mA,0.23279,0.1,2.3279,9.31161,4.26721
pfet_06v0,sf,125,4.50,0.55u,4,rlin_at_50mV,0.05,0.0222712,2.24505,8.98021,4.45
pfet_06v0,sf,125,4.50,0.55u,8,drop_at_50mA,0.0561946,0.05,1.12389,8.99113,4.44381
pfet_06v0,sf,125,4.50,0.55u,8,drop_at_100mA,0.113669,0.1,1.13669,9.09349,4.38633
pfet_06v0,sf,125,4.50,0.55u,8,rlin_at_50mV,0.05,0.0445424,1.12253,8.98021,4.45
pfet_06v0,sf,125,4.50,0.55u,16,drop_at_50mA,0.0279421,0.05,0.558842,8.94148,4.47206
pfet_06v0,sf,125,4.50,0.55u,16,drop_at_100mA,0.0561946,0.1,0.561946,8.99113,4.44381
pfet_06v0,sf,125,4.50,0.55u,16,rlin_at_50mV,0.05,0.0890848,0.561263,8.98021,4.45
pfet_06v0,sf,125,4.50,0.70u,1,drop_at_50mA,0.660731,0.05,13.2146,13.2146,3.83927
pfet_06v0,sf,125,4.50,0.70u,1,drop_at_100mA,1.65632,0.1,16.5632,16.5632,2.84368
pfet_06v0,sf,125,4.50,0.70u,1,rlin_at_50mV,0.05,0.00427666,11.6914,11.6914,4.45
pfet_06v0,sf,125,4.50,0.70u,2,drop_at_50mA,0.307381,0.05,6.14761,12.2952,4.19262
pfet_06v0,sf,125,4.50,0.70u,2,drop_at_100mA,0.660731,0.1,6.60731,13.2146,3.83927
pfet_06v0,sf,125,4.50,0.70u,2,rlin_at_50mV,0.05,0.00855331,5.84569,11.6914,4.45
pfet_06v0,sf,125,4.50,0.70u,4,drop_at_50mA,0.148969,0.05,2.97939,11.9176,4.35103
pfet_06v0,sf,125,4.50,0.70u,4,drop_at_100mA,0.307381,0.1,3.07381,12.2952,4.19262
pfet_06v0,sf,125,4.50,0.70u,4,rlin_at_50mV,0.05,0.0171066,2.92284,11.6914,4.45
pfet_06v0,sf,125,4.50,0.70u,8,drop_at_50mA,0.0734013,0.05,1.46803,11.7442,4.4266
pfet_06v0,sf,125,4.50,0.70u,8,drop_at_100mA,0.148969,0.1,1.48969,11.9176,4.35103
pfet_06v0,sf,125,4.50,0.70u,8,rlin_at_50mV,0.05,0.0342133,1.46142,11.6914,4.45
pfet_06v0,sf,125,4.50,0.70u,16,drop_at_50mA,0.0364405,0.05,0.728809,11.6609,4.46356
pfet_06v0,sf,125,4.50,0.70u,16,drop_at_100mA,0.0734013,0.1,0.734013,11.7442,4.4266
pfet_06v0,sf,125,4.50,0.70u,16,rlin_at_50mV,0.05,0.0684265,0.730711,11.6914,4.45
pfet_06v0,sf,125,4.50,1.20u,1,drop_at_50mA,1.37696,0.05,27.5392,27.5392,3.12304
pfet_06v0,sf,125,4.50,1.20u,1,drop_at_100mA,9.91428,0.1,99.1428,99.1428,-5.41428
pfet_06v0,sf,125,4.50,1.20u,1,rlin_at_50mV,0.05,0.00239647,20.864,20.864,4.45
pfet_06v0,sf,125,4.50,1.20u,2,drop_at_50mA,0.578137,0.05,11.5627,23.1255,3.92186
pfet_06v0,sf,125,4.50,1.20u,2,drop_at_100mA,1.37696,0.1,13.7696,27.5392,3.12304
pfet_06v0,sf,125,4.50,1.20u,2,rlin_at_50mV,0.05,0.00479295,10.432,20.864,4.45
pfet_06v0,sf,125,4.50,1.20u,4,drop_at_50mA,0.272044,0.05,5.44087,21.7635,4.22796
pfet_06v0,sf,125,4.50,1.20u,4,drop_at_100mA,0.578137,0.1,5.78137,23.1255,3.92186
pfet_06v0,sf,125,4.50,1.20u,4,rlin_at_50mV,0.05,0.00958589,5.216,20.864,4.45
pfet_06v0,sf,125,4.50,1.20u,8,drop_at_50mA,0.132437,0.05,2.64874,21.1899,4.36756
pfet_06v0,sf,125,4.50,1.20u,8,drop_at_100mA,0.272044,0.1,2.72044,21.7635,4.22796
pfet_06v0,sf,125,4.50,1.20u,8,rlin_at_50mV,0.05,0.0191718,2.608,20.864,4.45
pfet_06v0,sf,125,4.50,1.20u,16,drop_at_50mA,0.0653879,0.05,1.30776,20.9241,4.43461
pfet_06v0,sf,125,4.50,1.20u,16,drop_at_100mA,0.132437,0.1,1.32437,21.1899,4.36756
pfet_06v0,sf,125,4.50,1.20u,16,rlin_at_50mV,0.05,0.0383436,1.304,20.864,4.45
pfet_06v0,sf,125,5.00,0.55u,1,drop_at_50mA,0.444674,0.05,8.89349,8.89349,4.55533
pfet_06v0,sf,125,5.00,0.55u,1,drop_at_100mA,0.985801,0.1,9.85801,9.85801,4.0142
pfet_06v0,sf,125,5.00,0.55u,1,rlin_at_50mV,0.05,0.00603835,8.28041,8.28041,4.95
pfet_06v0,sf,125,5.00,0.55u,2,drop_at_50mA,0.21314,0.05,4.26279,8.52558,4.78686
pfet_06v0,sf,125,5.00,0.55u,2,drop_at_100mA,0.444674,0.1,4.44674,8.89349,4.55533
pfet_06v0,sf,125,5.00,0.55u,2,rlin_at_50mV,0.05,0.0120767,4.1402,8.28041,4.95
pfet_06v0,sf,125,5.00,0.55u,4,drop_at_50mA,0.104514,0.05,2.09028,8.3611,4.89549
pfet_06v0,sf,125,5.00,0.55u,4,drop_at_100mA,0.21314,0.1,2.1314,8.52558,4.78686
pfet_06v0,sf,125,5.00,0.55u,4,rlin_at_50mV,0.05,0.0241534,2.0701,8.28041,4.95
pfet_06v0,sf,125,5.00,0.55u,8,drop_at_50mA,0.0517688,0.05,1.03538,8.28301,4.94823
pfet_06v0,sf,125,5.00,0.55u,8,drop_at_100mA,0.104514,0.1,1.04514,8.3611,4.89549
pfet_06v0,sf,125,5.00,0.55u,8,rlin_at_50mV,0.05,0.0483068,1.03505,8.28041,4.95
pfet_06v0,sf,125,5.00,0.55u,16,drop_at_50mA,0.0257654,0.05,0.515308,8.24492,4.97423
pfet_06v0,sf,125,5.00,0.55u,16,drop_at_100mA,0.0517688,0.1,0.517688,8.28301,4.94823
pfet_06v0,sf,125,5.00,0.55u,16,rlin_at_50mV,0.05,0.0966136,0.517525,8.28041,4.95
pfet_06v0,sf,125,5.00,0.70u,1,drop_at_50mA,0.59216,0.05,11.8432,11.8432,4.40784
pfet_06v0,sf,125,5.00,0.70u,1,drop_at_100mA,1.38046,0.1,13.8046,13.8046,3.61954
pfet_06v0,sf,125,5.00,0.70u,1,rlin_at_50mV,0.05,0.00465115,10.75,10.75,4.95
pfet_06v0,sf,125,5.00,0.70u,2,drop_at_50mA,0.279801,0.05,5.59602,11.192,4.7202
pfet_06v0,sf,125,5.00,0.70u,2,drop_at_100mA,0.59216,0.1,5.9216,11.8432,4.40784
pfet_06v0,sf,125,5.00,0.70u,2,rlin_at_50mV,0.05,0.00930231,5.37501,10.75,4.95
pfet_06v0,sf,125,5.00,0.70u,4,drop_at_50mA,0.13641,0.05,2.7282,10.9128,4.86359
pfet_06v0,sf,125,5.00,0.70u,4,drop_at_100mA,0.279801,0.1,2.79801,11.192,4.7202
pfet_06v0,sf,125,5.00,0.70u,4,rlin_at_50mV,0.05,0.0186046,2.6875,10.75,4.95
pfet_06v0,sf,125,5.00,0.70u,8,drop_at_50mA,0.0673903,0.05,1.34781,10.7825,4.93261
pfet_06v0,sf,125,5.00,0.70u,8,drop_at_100mA,0.13641,0.1,1.3641,10.9128,4.86359
pfet_06v0,sf,125,5.00,0.70u,8,rlin_at_50mV,0.05,0.0372092,1.34375,10.75,4.95
pfet_06v0,sf,125,5.00,0.70u,16,drop_at_50mA,0.0334981,0.05,0.669962,10.7194,4.9665
pfet_06v0,sf,125,5.00,0.70u,16,drop_at_100mA,0.0673903,0.1,0.673903,10.7825,4.93261
pfet_06v0,sf,125,5.00,0.70u,16,rlin_at_50mV,0.05,0.0744185,0.671876,10.75,4.95
pfet_06v0,sf,125,5.00,1.20u,1,drop_at_50mA,1.16899,0.05,23.3799,23.3799,3.83101
pfet_06v0,sf,125,5.00,1.20u,1,drop_at_100mA,9.24419,0.1,92.4419,92.4419,-4.24419
pfet_06v0,sf,125,5.00,1.20u,1,rlin_at_50mV,0.05,0.00261751,19.1021,19.1021,4.95
pfet_06v0,sf,125,5.00,1.20u,2,drop_at_50mA,0.517551,0.05,10.351,20.702,4.48245
pfet_06v0,sf,125,5.00,1.20u,2,drop_at_100mA,1.16899,0.1,11.6899,23.3799,3.83101
pfet_06v0,sf,125,5.00,1.20u,2,rlin_at_50mV,0.05,0.00523502,9.55106,19.1021,4.95
pfet_06v0,sf,125,5.00,1.20u,4,drop_at_50mA,0.246845,0.05,4.93689,19.7476,4.75316
pfet_06v0,sf,125,5.00,1.20u,4,drop_at_100mA,0.517551,0.1,5.17551,20.702,4.48245
pfet_06v0,sf,125,5.00,1.20u,4,rlin_at_50mV,0.05,0.01047,4.77553,19.1021,4.95
pfet_06v0,sf,125,5.00,1.20u,8,drop_at_50mA,0.120812,0.05,2.41624,19.3299,4.87919
pfet_06v0,sf,125,5.00,1.20u,8,drop_at_100mA,0.246845,0.1,2.46845,19.7476,4.75316
pfet_06v0,sf,125,5.00,1.20u,8,rlin_at_50mV,0.05,0.0209401,2.38777,19.1021,4.95
pfet_06v0,sf,125,5.00,1.20u,16,drop_at_50mA,0.0597917,0.05,1.19583,19.1333,4.94021
pfet_06v0,sf,125,5.00,1.20u,16,drop_at_100mA,0.120812,0.1,1.20812,19.3299,4.87919
pfet_06v0,sf,125,5.00,1.20u,16,rlin_at_50mV,0.05,0.0418802,1.19388,19.1021,4.95
pfet_06v0,sf,125,5.50,0.55u,1,drop_at_50mA,0.409272,0.05,8.18544,8.18544,5.09073
pfet_06v0,sf,125,5.50,0.55u,1,drop_at_100mA,0.888628,0.1,8.88628,8.88628,4.61137
pfet_06v0,sf,125,5.50,0.55u,1,rlin_at_50mV,0.05,0.00648128,7.71452,7.71452,5.45
pfet_06v0,sf,125,5.50,0.55u,2,drop_at_50mA,0.19757,0.05,3.9514,7.90281,5.30243
pfet_06v0,sf,125,5.50,0.55u,2,drop_at_100mA,0.409272,0.1,4.09272,8.18544,5.09073
pfet_06v0,sf,125,5.50,0.55u,2,rlin_at_50mV,0.05,0.0129626,3.85726,7.71452,5.45
pfet_06v0,sf,125,5.50,0.55u,4,drop_at_50mA,0.0971745,0.05,1.94349,7.77396,5.40283
pfet_06v0,sf,125,5.50,0.55u,4,drop_at_100mA,0.19757,0.1,1.9757,7.90281,5.30243
pfet_06v0,sf,125,5.50,0.55u,4,rlin_at_50mV,0.05,0.0259251,1.92863,7.71452,5.45
pfet_06v0,sf,125,5.50,0.55u,8,drop_at_50mA,0.0482017,0.05,0.964034,7.71227,5.4518
pfet_06v0,sf,125,5.50,0.55u,8,drop_at_100mA,0.0971745,0.1,0.971745,7.77396,5.40283
pfet_06v0,sf,125,5.50,0.55u,8,rlin_at_50mV,0.05,0.0518503,0.964315,7.71452,5.45
pfet_06v0,sf,125,5.50,0.55u,16,drop_at_50mA,0.0240065,0.05,0.480129,7.68207,5.47599
pfet_06v0,sf,125,5.50,0.55u,16,drop_at_100mA,0.0482017,0.1,0.482017,7.71227,5.4518
pfet_06v0,sf,125,5.50,0.55u,16,rlin_at_50mV,0.05,0.103701,0.482158,7.71452,5.45
pfet_06v0,sf,125,5.50,0.70u,1,drop_at_50mA,0.540765,0.05,10.8153,10.8153,4.95924
pfet_06v0,sf,125,5.50,0.70u,1,drop_at_100mA,1.21456,0.1,12.1456,12.1456,4.28544
pfet_06v0,sf,125,5.50,0.70u,1,rlin_at_50mV,0.05,0.0050047,9.99062,9.99062,5.45
pfet_06v0,sf,125,5.50,0.70u,2,drop_at_50mA,0.258187,0.05,5.16373,10.3275,5.24181
pfet_06v0,sf,125,5.50,0.70u,2,drop_at_100mA,0.540765,0.1,5.40765,10.8153,4.95924
pfet_06v0,sf,125,5.50,0.70u,2,rlin_at_50mV,0.05,0.0100094,4.99531,9.99062,5.45
pfet_06v0,sf,125,5.50,0.70u,4,drop_at_50mA,0.126402,0.05,2.52803,10.1121,5.3736
pfet_06v0,sf,125,5.50,0.70u,4,drop_at_100mA,0.258187,0.1,2.58187,10.3275,5.24181
pfet_06v0,sf,125,5.50,0.70u,4,rlin_at_50mV,0.05,0.0200188,2.49765,9.99062,5.45
pfet_06v0,sf,125,5.50,0.70u,8,drop_at_50mA,0.0625652,0.05,1.2513,10.0104,5.43743
pfet_06v0,sf,125,5.50,0.70u,8,drop_at_100mA,0.126402,0.1,1.26402,10.1121,5.3736
pfet_06v0,sf,125,5.50,0.70u,8,rlin_at_50mV,0.05,0.0400376,1.24883,9.99062,5.45
pfet_06v0,sf,125,5.50,0.70u,16,drop_at_50mA,0.031128,0.05,0.62256,9.96097,5.46887
pfet_06v0,sf,125,5.50,0.70u,16,drop_at_100mA,0.0625652,0.1,0.625652,10.0104,5.43743
pfet_06v0,sf,125,5.50,0.70u,16,rlin_at_50mV,0.05,0.0800751,0.624413,9.99062,5.45
pfet_06v0,sf,125,5.50,1.20u,1,drop_at_50mA,1.03531,0.05,20.7062,20.7062,4.46469
pfet_06v0,sf,125,5.50,1.20u,1,drop_at_100mA,3.27438,0.1,32.7438,32.7438,2.22562
pfet_06v0,sf,125,5.50,1.20u,1,rlin_at_50mV,0.05,0.00282717,17.6855,17.6855,5.45
pfet_06v0,sf,125,5.50,1.20u,2,drop_at_50mA,0.471886,0.05,9.43772,18.8754,5.02811
pfet_06v0,sf,125,5.50,1.20u,2,drop_at_100mA,1.03531,0.1,10.3531,20.7062,4.46469
pfet_06v0,sf,125,5.50,1.20u,2,rlin_at_50mV,0.05,0.00565435,8.84275,17.6855,5.45
pfet_06v0,sf,125,5.50,1.20u,4,drop_at_50mA,0.227103,0.05,4.54206,18.1682,5.2729
pfet_06v0,sf,125,5.50,1.20u,4,drop_at_100mA,0.471886,0.1,4.71886,18.8754,5.02811
pfet_06v0,sf,125,5.50,1.20u,4,rlin_at_50mV,0.05,0.0113087,4.42138,17.6855,5.45
pfet_06v0,sf,125,5.50,1.20u,8,drop_at_50mA,0.111567,0.05,2.23134,17.8507,5.38843
pfet_06v0,sf,125,5.50,1.20u,8,drop_at_100mA,0.227103,0.1,2.27103,18.1682,5.2729
pfet_06v0,sf,125,5.50,1.20u,8,rlin_at_50mV,0.05,0.0226174,2.21069,17.6855,5.45
pfet_06v0,sf,125,5.50,1.20u,16,drop_at_50mA,0.0553114,0.05,1.10623,17.6996,5.44469
pfet_06v0,sf,125,5.50,1.20u,16,drop_at_100mA,0.111567,0.1,1.11567,17.8507,5.38843
pfet_06v0,sf,125,5.50,1.20u,16,rlin_at_50mV,0.05,0.0452348,1.10534,17.6855,5.45
