* full loop-gain curve T(f) at the worst curve point of this record
* corner=res_ss_-40c_2.97v iload=50mA ceff=0.33uF esr=1mohm
* the two printed columns after the frequency are |T| in dB and unwrapped phase(T) in degrees

Note: Compatibility modes selected: hs a


Circuit: * loop-stability -- tian dual-injection loop-gain testbench for ldo_core (issue #10)

* corner_id=res_ss_-40c_2.97v corner=res_ss temp_c=-40 vin_v=2.97
* ac sweep: dec 400 0.01 1e9 ; Tian dual injection at ERRAMP_OUT->PASS_GATE
* columns: ROW iload_a= ceff_f= esr_ohm= vout_v= dcgain_db= f0_hz= phase_at_f0_deg=
*          f180_hz= gain_at_f180_db= f0_rising_hz= resurgence_db=
* (phase margin = 180 + phase_at_f0_deg ; gain margin = -gain_at_f180_db ;
*  resurgence_db = max |T| in dB above the first 0 dB crossing, DR-0008 ;
*  an empty f180/gain field means the phase never reaches -180 deg in band)
* Fields are written key=value BECAUSE a failed meas leaves its value
* empty: with bare positional fields an empty one vanishes into the
* whitespace and every field after it is read as the wrong quantity.
Doing analysis at TEMP = -40.000000 and TNOM = 27.000000

Using SPARSE 1.3 as Direct Linear Solver
 Reference value :  0.00000e+00
No. of Data Rows : 1
Doing analysis at TEMP = -40.000000 and TNOM = 27.000000

Using SPARSE 1.3 as Direct Linear Solver
 Reference value :  6.23735e+03
No. of Data Rows : 4401
Doing analysis at TEMP = -40.000000 and TNOM = 27.000000

Using SPARSE 1.3 as Direct Linear Solver
 Reference value :  5.27837e-02
No. of Data Rows : 4401
dcg                 =  1.38536e+02
f0                  =  7.79126e+05
phx                 =  -1.97064e+02
f180                =  6.11425e+05
gmx                 =  3.90319e+00
 meas ac f0r when tdb=0 rise=1 failed!

tres                =  -9.38474e-01 at=  8.22243e+05
* loop-stability -- tian dual-injection loop-gain testbench for ldo_core (issue #10)
AC Analysis  Thu Sep 24 17:20:18  2026
--------------------------------------------------------------------------------
Index   frequency       tdb             tph             
--------------------------------------------------------------------------------
0	1.000000e-02	1.385363e+02	-3.50009e-01	
1	1.005773e-02	1.385363e+02	-3.52029e-01	
2	1.011579e-02	1.385363e+02	-3.54061e-01	
3	1.017419e-02	1.385363e+02	-3.56105e-01	
4	1.023293e-02	1.385363e+02	-3.58161e-01	
5	1.029201e-02	1.385363e+02	-3.60229e-01	
6	1.035142e-02	1.385363e+02	-3.62308e-01	
7	1.041118e-02	1.385363e+02	-3.64400e-01	
8	1.047129e-02	1.385363e+02	-3.66504e-01	
9	1.053174e-02	1.385363e+02	-3.68619e-01	
10	1.059254e-02	1.385363e+02	-3.70747e-01	
11	1.065369e-02	1.385363e+02	-3.72888e-01	
12	1.071519e-02	1.385363e+02	-3.75040e-01	
13	1.077705e-02	1.385363e+02	-3.77205e-01	
14	1.083927e-02	1.385363e+02	-3.79383e-01	
15	1.090184e-02	1.385363e+02	-3.81573e-01	
16	1.096478e-02	1.385363e+02	-3.83776e-01	
17	1.102808e-02	1.385363e+02	-3.85991e-01	
18	1.109175e-02	1.385363e+02	-3.88220e-01	
19	1.115578e-02	1.385363e+02	-3.90461e-01	
20	1.122018e-02	1.385363e+02	-3.92715e-01	
21	1.128496e-02	1.385363e+02	-3.94982e-01	
22	1.135011e-02	1.385363e+02	-3.97262e-01	
23	1.141563e-02	1.385363e+02	-3.99555e-01	
24	1.148154e-02	1.385363e+02	-4.01862e-01	
25	1.154782e-02	1.385363e+02	-4.04182e-01	
26	1.161449e-02	1.385363e+02	-4.06515e-01	
27	1.168154e-02	1.385363e+02	-4.08862e-01	
28	1.174898e-02	1.385363e+02	-4.11222e-01	
29	1.181680e-02	1.385363e+02	-4.13596e-01	
30	1.188502e-02	1.385362e+02	-4.15984e-01	
31	1.195364e-02	1.385362e+02	-4.18385e-01	
32	1.202264e-02	1.385362e+02	-4.20801e-01	
33	1.209205e-02	1.385362e+02	-4.23230e-01	
34	1.216186e-02	1.385362e+02	-4.25673e-01	
35	1.223207e-02	1.385362e+02	-4.28130e-01	
36	1.230269e-02	1.385362e+02	-4.30602e-01	
37	1.237371e-02	1.385362e+02	-4.33088e-01	
38	1.244515e-02	1.385362e+02	-4.35588e-01	
39	1.251699e-02	1.385362e+02	-4.38102e-01	
40	1.258925e-02	1.385362e+02	-4.40632e-01	
41	1.266193e-02	1.385362e+02	-4.43175e-01	
42	1.273503e-02	1.385362e+02	-4.45734e-01	
43	1.280855e-02	1.385362e+02	-4.48307e-01	
44	1.288250e-02	1.385362e+02	-4.50895e-01	
45	1.295687e-02	1.385362e+02	-4.53498e-01	
46	1.303167e-02	1.385362e+02	-4.56116e-01	
47	1.310690e-02	1.385362e+02	-4.58749e-01	
48	1.318257e-02	1.385362e+02	-4.61397e-01	
49	1.325867e-02	1.385362e+02	-4.64061e-01	
50	1.333521e-02	1.385362e+02	-4.66739e-01	
51	1.341220e-02	1.385362e+02	-4.69434e-01	
52	1.348963e-02	1.385362e+02	-4.72144e-01	
53	1.356751e-02	1.385362e+02	-4.74869e-01	
54	1.364583e-02	1.385362e+02	-4.77611e-01	

Index   frequency       tdb             tph             
--------------------------------------------------------------------------------
55	1.372461e-02	1.385362e+02	-4.80368e-01	
56	1.380384e-02	1.385362e+02	-4.83141e-01	
57	1.388353e-02	1.385362e+02	-4.85930e-01	
58	1.396368e-02	1.385362e+02	-4.88735e-01	
59	1.404430e-02	1.385362e+02	-4.91557e-01	
60	1.412538e-02	1.385362e+02	-4.94394e-01	
61	1.420692e-02	1.385362e+02	-4.97248e-01	
62	1.428894e-02	1.385361e+02	-5.00119e-01	
63	1.437143e-02	1.385361e+02	-5.03006e-01	
64	1.445440e-02	1.385361e+02	-5.05909e-01	
65	1.453784e-02	1.385361e+02	-5.08830e-01	
66	1.462177e-02	1.385361e+02	-5.11767e-01	
67	1.470618e-02	1.385361e+02	-5.14722e-01	
68	1.479108e-02	1.385361e+02	-5.17693e-01	
69	1.487647e-02	1.385361e+02	-5.20682e-01	
70	1.496236e-02	1.385361e+02	-5.23687e-01	
71	1.504874e-02	1.385361e+02	-5.26710e-01	
72	1.513561e-02	1.385361e+02	-5.29751e-01	
73	1.522299e-02	1.385361e+02	-5.32809e-01	
74	1.531087e-02	1.385361e+02	-5.35885e-01	
75	1.539927e-02	1.385361e+02	-5.38978e-01	
76	1.548817e-02	1.385361e+02	-5.42090e-01	
77	1.557758e-02	1.385361e+02	-5.45219e-01	
78	1.566751e-02	1.385361e+02	-5.48366e-01	
79	1.575796e-02	1.385361e+02	-5.51532e-01	
80	1.584893e-02	1.385361e+02	-5.54716e-01	
81	1.594043e-02	1.385361e+02	-5.57918e-01	
82	1.603245e-02	1.385361e+02	-5.61139e-01	
83	1.612501e-02	1.385361e+02	-5.64378e-01	
84	1.621810e-02	1.385361e+02	-5.67636e-01	
85	1.631173e-02	1.385360e+02	-5.70913e-01	
86	1.640590e-02	1.385360e+02	-5.74208e-01	
87	1.650061e-02	1.385360e+02	-5.77523e-01	
88	1.659587e-02	1.385360e+02	-5.80857e-01	
89	1.669168e-02	1.385360e+02	-5.84210e-01	
90	1.678804e-02	1.385360e+02	-5.87583e-01	
91	1.688496e-02	1.385360e+02	-5.90974e-01	
92	1.698244e-02	1.385360e+02	-5.94386e-01	
93	1.708048e-02	1.385360e+02	-5.97817e-01	
94	1.717908e-02	1.385360e+02	-6.01268e-01	
95	1.727826e-02	1.385360e+02	-6.04739e-01	
96	1.737801e-02	1.385360e+02	-6.08230e-01	
97	1.747833e-02	1.385360e+02	-6.11741e-01	
98	1.757924e-02	1.385360e+02	-6.15272e-01	
99	1.768072e-02	1.385360e+02	-6.18824e-01	
100	1.778279e-02	1.385360e+02	-6.22396e-01	
101	1.788546e-02	1.385360e+02	-6.25989e-01	
102	1.798871e-02	1.385360e+02	-6.29603e-01	
103	1.809256e-02	1.385359e+02	-6.33237e-01	
104	1.819701e-02	1.385359e+02	-6.36893e-01	
105	1.830206e-02	1.385359e+02	-6.40569e-01	
106	1.840772e-02	1.385359e+02	-6.44267e-01	
107	1.851399e-02	1.385359e+02	-6.47986e-01	
108	1.862087e-02	1.385359e+02	-6.51727e-01	
109	1.872837e-02	1.385359e+02	-6.55489e-01	
110	1.883649e-02	1.385359e+02	-6.59272e-01	
111	1.894524e-02	1.385359e+02	-6.63078e-01	
112	1.905461e-02	1.385359e+02	-6.66906e-01	

Index   frequency       tdb             tph             
--------------------------------------------------------------------------------
113	1.916461e-02	1.385359e+02	-6.70756e-01	
114	1.927525e-02	1.385359e+02	-6.74628e-01	
115	1.938653e-02	1.385359e+02	-6.78522e-01	
116	1.949845e-02	1.385359e+02	-6.82439e-01	
117	1.961101e-02	1.385359e+02	-6.86378e-01	
118	1.972423e-02	1.385358e+02	-6.90340e-01	
119	1.983810e-02	1.385358e+02	-6.94325e-01	
120	1.995262e-02	1.385358e+02	-6.98333e-01	
121	2.006781e-02	1.385358e+02	-7.02364e-01	
122	2.018366e-02	1.385358e+02	-7.06419e-01	
123	2.030019e-02	1.385358e+02	-7.10496e-01	
124	2.041738e-02	1.385358e+02	-7.14598e-01	
125	2.053525e-02	1.385358e+02	-7.18723e-01	
126	2.065380e-02	1.385358e+02	-7.22871e-01	
127	2.077304e-02	1.385358e+02	-7.27044e-01	
128	2.089296e-02	1.385358e+02	-7.31241e-01	
129	2.101358e-02	1.385358e+02	-7.35462e-01	
130	2.113489e-02	1.385358e+02	-7.39707e-01	
131	2.125690e-02	1.385357e+02	-7.43977e-01	
132	2.137962e-02	1.385357e+02	-7.48272e-01	
133	2.150305e-02	1.385357e+02	-7.52591e-01	
134	2.162719e-02	1.385357e+02	-7.56935e-01	
135	2.175204e-02	1.385357e+02	-7.61305e-01	
136	2.187762e-02	1.385357e+02	-7.65699e-01	
137	2.200392e-02	1.385357e+02	-7.70119e-01	
138	2.213095e-02	1.385357e+02	-7.74565e-01	
139	2.225871e-02	1.385357e+02	-7.79036e-01	
140	2.238721e-02	1.385357e+02	-7.83533e-01	
141	2.251645e-02	1.385357e+02	-7.88055e-01	
142	2.264644e-02	1.385356e+02	-7.92604e-01	
143	2.277718e-02	1.385356e+02	-7.97179e-01	
144	2.290868e-02	1.385356e+02	-8.01781e-01	
145	2.304093e-02	1.385356e+02	-8.06409e-01	
146	2.317395e-02	1.385356e+02	-8.11064e-01	
147	2.330773e-02	1.385356e+02	-8.15746e-01	
148	2.344229e-02	1.385356e+02	-8.20454e-01	
149	2.357762e-02	1.385356e+02	-8.25190e-01	
150	2.371374e-02	1.385356e+02	-8.29954e-01	
151	2.385064e-02	1.385356e+02	-8.34744e-01	
152	2.398833e-02	1.385355e+02	-8.39563e-01	
153	2.412682e-02	1.385355e+02	-8.44409e-01	
154	2.426610e-02	1.385355e+02	-8.49283e-01	
155	2.440619e-02	1.385355e+02	-8.54185e-01	
156	2.454709e-02	1.385355e+02	-8.59116e-01	
157	2.468880e-02	1.385355e+02	-8.64075e-01	
158	2.483133e-02	1.385355e+02	-8.69062e-01	
159	2.497468e-02	1.385355e+02	-8.74079e-01	
160	2.511886e-02	1.385355e+02	-8.79124e-01	
161	2.526388e-02	1.385354e+02	-8.84198e-01	
162	2.540973e-02	1.385354e+02	-8.89302e-01	
163	2.555642e-02	1.385354e+02	-8.94435e-01	
164	2.570396e-02	1.385354e+02	-8.99598e-01	
165	2.585235e-02	1.385354e+02	-9.04791e-01	
166	2.600160e-02	1.385354e+02	-9.10013e-01	
167	2.615170e-02	1.385354e+02	-9.15266e-01	
168	2.630268e-02	1.385354e+02	-9.20549e-01	
169	2.645453e-02	1.385353e+02	-9.25862e-01	
170	2.660725e-02	1.385353e+02	-9.31206e-01	

Index   frequency       tdb             tph             
--------------------------------------------------------------------------------
171	2.676086e-02	1.385353e+02	-9.36581e-01	
172	2.691535e-02	1.385353e+02	-9.41987e-01	
173	2.707073e-02	1.385353e+02	-9.47424e-01	
174	2.722701e-02	1.385353e+02	-9.52893e-01	
175	2.738420e-02	1.385353e+02	-9.58393e-01	
176	2.754229e-02	1.385352e+02	-9.63925e-01	
177	2.770129e-02	1.385352e+02	-9.69489e-01	
178	2.786121e-02	1.385352e+02	-9.75084e-01	
179	2.802206e-02	1.385352e+02	-9.80713e-01	
180	2.818383e-02	1.385352e+02	-9.86373e-01	
181	2.834654e-02	1.385352e+02	-9.92066e-01	
182	2.851018e-02	1.385352e+02	-9.97793e-01	
183	2.867477e-02	1.385351e+02	-1.00355e+00	
184	2.884032e-02	1.385351e+02	-1.00934e+00	
185	2.900681e-02	1.385351e+02	-1.01517e+00	
186	2.917427e-02	1.385351e+02	-1.02103e+00	
187	2.934270e-02	1.385351e+02	-1.02692e+00	
188	2.951209e-02	1.385351e+02	-1.03285e+00	
189	2.968247e-02	1.385351e+02	-1.03881e+00	
190	2.985383e-02	1.385350e+02	-1.04481e+00	
191	3.002617e-02	1.385350e+02	-1.05084e+00	
192	3.019952e-02	1.385350e+02	-1.05690e+00	
193	3.037386e-02	1.385350e+02	-1.06300e+00	
194	3.054921e-02	1.385350e+02	-1.06914e+00	
195	3.072557e-02	1.385349e+02	-1.07531e+00	
196	3.090295e-02	1.385349e+02	-1.08152e+00	
197	3.108136e-02	1.385349e+02	-1.08776e+00	
198	3.126079e-02	1.385349e+02	-1.09404e+00	
199	3.144126e-02	1.385349e+02	-1.10035e+00	
200	3.162278e-02	1.385349e+02	-1.10670e+00	
201	3.180534e-02	1.385348e+02	-1.11309e+00	
202	3.198895e-02	1.385348e+02	-1.11951e+00	
203	3.217363e-02	1.385348e+02	-1.12597e+00	
204	3.235937e-02	1.385348e+02	-1.13247e+00	
205	3.254618e-02	1.385348e+02	-1.13901e+00	
206	3.273407e-02	1.385347e+02	-1.14558e+00	
207	3.292305e-02	1.385347e+02	-1.15219e+00	
208	3.311311e-02	1.385347e+02	-1.15884e+00	
209	3.330428e-02	1.385347e+02	-1.16553e+00	
210	3.349654e-02	1.385347e+02	-1.17226e+00	
211	3.368992e-02	1.385346e+02	-1.17902e+00	
212	3.388442e-02	1.385346e+02	-1.18583e+00	
213	3.408003e-02	1.385346e+02	-1.19267e+00	
214	3.427678e-02	1.385346e+02	-1.19956e+00	
215	3.447466e-02	1.385346e+02	-1.20648e+00	
216	3.467369e-02	1.385345e+02	-1.21344e+00	
217	3.487386e-02	1.385345e+02	-1.22045e+00	
218	3.507519e-02	1.385345e+02	-1.22749e+00	
219	3.527768e-02	1.385345e+02	-1.23457e+00	
220	3.548134e-02	1.385344e+02	-1.24170e+00	
221	3.568617e-02	1.385344e+02	-1.24886e+00	
222	3.589219e-02	1.385344e+02	-1.25607e+00	
223	3.609940e-02	1.385344e+02	-1.26332e+00	
224	3.630781e-02	1.385343e+02	-1.27061e+00	
225	3.651741e-02	1.385343e+02	-1.27795e+00	
226	3.672823e-02	1.385343e+02	-1.28532e+00	
227	3.694026e-02	1.385343e+02	-1.29274e+00	
228	3.715352e-02	1.385342e+02	-1.30020e+00	

Index   frequency       tdb             tph             
--------------------------------------------------------------------------------
229	3.736801e-02	1.385342e+02	-1.30770e+00	
230	3.758374e-02	1.385342e+02	-1.31525e+00	
231	3.780071e-02	1.385342e+02	-1.32284e+00	
232	3.801894e-02	1.385341e+02	-1.33047e+00	
233	3.823843e-02	1.385341e+02	-1.33815e+00	
234	3.845918e-02	1.385341e+02	-1.34587e+00	
235	3.868121e-02	1.385341e+02	-1.35364e+00	
236	3.890451e-02	1.385340e+02	-1.36145e+00	
237	3.912911e-02	1.385340e+02	-1.36931e+00	
238	3.935501e-02	1.385340e+02	-1.37721e+00	
239	3.958221e-02	1.385339e+02	-1.38516e+00	
240	3.981072e-02	1.385339e+02	-1.39315e+00	
241	4.004055e-02	1.385339e+02	-1.40119e+00	
242	4.027170e-02	1.385339e+02	-1.40928e+00	
243	4.050419e-02	1.385338e+02	-1.41741e+00	
244	4.073803e-02	1.385338e+02	-1.42559e+00	
245	4.097321e-02	1.385338e+02	-1.43382e+00	
246	4.120975e-02	1.385337e+02	-1.44209e+00	
247	4.144766e-02	1.385337e+02	-1.45041e+00	
248	4.168694e-02	1.385337e+02	-1.45878e+00	
249	4.192760e-02	1.385336e+02	-1.46720e+00	
250	4.216965e-02	1.385336e+02	-1.47567e+00	
251	4.241310e-02	1.385336e+02	-1.48418e+00	
252	4.265795e-02	1.385335e+02	-1.49275e+00	
253	4.290422e-02	1.385335e+02	-1.50136e+00	
254	4.315191e-02	1.385335e+02	-1.51002e+00	
255	4.340103e-02	1.385334e+02	-1.51874e+00	
256	4.365158e-02	1.385334e+02	-1.52750e+00	
257	4.390359e-02	1.385334e+02	-1.53631e+00	
258	4.415704e-02	1.385333e+02	-1.54518e+00	
259	4.441197e-02	1.385333e+02	-1.55410e+00	
260	4.466836e-02	1.385332e+02	-1.56306e+00	
261	4.492623e-02	1.385332e+02	-1.57208e+00	
262	4.518559e-02	1.385332e+02	-1.58115e+00	
263	4.544645e-02	1.385331e+02	-1.59028e+00	
264	4.570882e-02	1.385331e+02	-1.59945e+00	
265	4.597270e-02	1.385331e+02	-1.60868e+00	
266	4.623810e-02	1.385330e+02	-1.61796e+00	
267	4.650504e-02	1.385330e+02	-1.62730e+00	
268	4.677351e-02	1.385329e+02	-1.63669e+00	
269	4.704354e-02	1.385329e+02	-1.64613e+00	
270	4.731513e-02	1.385329e+02	-1.65563e+00	
271	4.758828e-02	1.385328e+02	-1.66518e+00	
272	4.786301e-02	1.385328e+02	-1.67479e+00	
273	4.813933e-02	1.385327e+02	-1.68445e+00	
274	4.841724e-02	1.385327e+02	-1.69417e+00	
275	4.869675e-02	1.385326e+02	-1.70395e+00	
276	4.897788e-02	1.385326e+02	-1.71378e+00	
277	4.926063e-02	1.385326e+02	-1.72367e+00	
278	4.954502e-02	1.385325e+02	-1.73361e+00	
279	4.983105e-02	1.385325e+02	-1.74361e+00	
280	5.011872e-02	1.385324e+02	-1.75367e+00	
281	5.040806e-02	1.385324e+02	-1.76379e+00	
282	5.069907e-02	1.385323e+02	-1.77397e+00	
283	5.099176e-02	1.385323e+02	-1.78420e+00	
284	5.128614e-02	1.385322e+02	-1.79450e+00	
285	5.158222e-02	1.385322e+02	-1.80485e+00	
286	5.188000e-02	1.385321e+02	-1.81526e+00	

Index   frequency       tdb             tph             
--------------------------------------------------------------------------------
287	5.217951e-02	1.385321e+02	-1.82573e+00	
288	5.248075e-02	1.385320e+02	-1.83627e+00	
289	5.278372e-02	1.385320e+02	-1.84686e+00	
290	5.308844e-02	1.385319e+02	-1.85751e+00	
291	5.339493e-02	1.385319e+02	-1.86823e+00	
292	5.370318e-02	1.385318e+02	-1.87901e+00	
293	5.401321e-02	1.385318e+02	-1.88985e+00	
294	5.432503e-02	1.385317e+02	-1.90075e+00	
295	5.463865e-02	1.385316e+02	-1.91171e+00	
296	5.495409e-02	1.385316e+02	-1.92274e+00	
297	5.527134e-02	1.385315e+02	-1.93383e+00	
298	5.559043e-02	1.385315e+02	-1.94499e+00	
299	5.591135e-02	1.385314e+02	-1.95621e+00	
300	5.623413e-02	1.385314e+02	-1.96749e+00	
301	5.655878e-02	1.385313e+02	-1.97884e+00	
302	5.688529e-02	1.385312e+02	-1.99026e+00	
303	5.721370e-02	1.385312e+02	-2.00174e+00	
304	5.754399e-02	1.385311e+02	-2.01329e+00	
305	5.787620e-02	1.385311e+02	-2.02490e+00	
306	5.821032e-02	1.385310e+02	-2.03658e+00	
307	5.854637e-02	1.385309e+02	-2.04833e+00	
308	5.888437e-02	1.385309e+02	-2.06014e+00	
309	5.922431e-02	1.385308e+02	-2.07202e+00	
310	5.956621e-02	1.385307e+02	-2.08398e+00	
311	5.991009e-02	1.385307e+02	-2.09600e+00	
312	6.025596e-02	1.385306e+02	-2.10809e+00	
313	6.060382e-02	1.385305e+02	-2.12025e+00	
314	6.095369e-02	1.385305e+02	-2.13247e+00	
315	6.130558e-02	1.385304e+02	-2.14477e+00	
316	6.165950e-02	1.385303e+02	-2.15714e+00	
317	6.201546e-02	1.385303e+02	-2.16959e+00	
318	6.237348e-02	1.385302e+02	-2.18210e+00	
319	6.273357e-02	1.385301e+02	-2.19468e+00	
320	6.309573e-02	1.385300e+02	-2.20734e+00	
321	6.345999e-02	1.385300e+02	-2.22007e+00	
322	6.382635e-02	1.385299e+02	-2.23288e+00	
323	6.419482e-02	1.385298e+02	-2.24575e+00	
324	6.456542e-02	1.385297e+02	-2.25870e+00	
325	6.493816e-02	1.385297e+02	-2.27173e+00	
326	6.531306e-02	1.385296e+02	-2.28483e+00	
327	6.569011e-02	1.385295e+02	-2.29801e+00	
328	6.606934e-02	1.385294e+02	-2.31126e+00	
329	6.645077e-02	1.385293e+02	-2.32459e+00	
330	6.683439e-02	1.385293e+02	-2.33799e+00	
331	6.722023e-02	1.385292e+02	-2.35148e+00	
332	6.760830e-02	1.385291e+02	-2.36504e+00	
333	6.799860e-02	1.385290e+02	-2.37867e+00	
334	6.839116e-02	1.385289e+02	-2.39239e+00	
335	6.878599e-02	1.385288e+02	-2.40619e+00	
336	6.918310e-02	1.385287e+02	-2.42006e+00	
337	6.958250e-02	1.385286e+02	-2.43401e+00	
338	6.998420e-02	1.385286e+02	-2.44805e+00	
339	7.038822e-02	1.385285e+02	-2.46216e+00	
340	7.079458e-02	1.385284e+02	-2.47636e+00	
341	7.120328e-02	1.385283e+02	-2.49064e+00	
342	7.161434e-02	1.385282e+02	-2.50500e+00	
343	7.202778e-02	1.385281e+02	-2.51944e+00	
344	7.244360e-02	1.385280e+02	-2.53397e+00	

Index   frequency       tdb             tph             
--------------------------------------------------------------------------------
345	7.286182e-02	1.385279e+02	-2.54858e+00	
346	7.328245e-02	1.385278e+02	-2.56327e+00	
347	7.370552e-02	1.385277e+02	-2.57805e+00	
348	7.413102e-02	1.385276e+02	-2.59291e+00	
349	7.455899e-02	1.385275e+02	-2.60786e+00	
350	7.498942e-02	1.385274e+02	-2.62290e+00	
351	7.542234e-02	1.385273e+02	-2.63802e+00	
352	7.585776e-02	1.385272e+02	-2.65322e+00	
353	7.629569e-02	1.385271e+02	-2.66852e+00	
354	7.673615e-02	1.385270e+02	-2.68390e+00	
355	7.717915e-02	1.385268e+02	-2.69937e+00	
356	7.762471e-02	1.385267e+02	-2.71493e+00	
357	7.807284e-02	1.385266e+02	-2.73058e+00	
358	7.852356e-02	1.385265e+02	-2.74632e+00	
359	7.897688e-02	1.385264e+02	-2.76215e+00	
360	7.943282e-02	1.385263e+02	-2.77808e+00	
361	7.989139e-02	1.385262e+02	-2.79409e+00	
362	8.035261e-02	1.385260e+02	-2.81019e+00	
363	8.081649e-02	1.385259e+02	-2.82639e+00	
364	8.128305e-02	1.385258e+02	-2.84268e+00	
365	8.175230e-02	1.385257e+02	-2.85906e+00	
366	8.222426e-02	1.385255e+02	-2.87554e+00	
367	8.269895e-02	1.385254e+02	-2.89212e+00	
368	8.317638e-02	1.385253e+02	-2.90878e+00	
369	8.365656e-02	1.385252e+02	-2.92555e+00	
370	8.413951e-02	1.385250e+02	-2.94241e+00	
371	8.462526e-02	1.385249e+02	-2.95936e+00	
372	8.511380e-02	1.385248e+02	-2.97642e+00	
373	8.560517e-02	1.385246e+02	-2.99357e+00	
374	8.609938e-02	1.385245e+02	-3.01082e+00	
375	8.659643e-02	1.385244e+02	-3.02817e+00	
376	8.709636e-02	1.385242e+02	-3.04562e+00	
377	8.759917e-02	1.385241e+02	-3.06317e+00	
378	8.810489e-02	1.385239e+02	-3.08082e+00	
379	8.861352e-02	1.385238e+02	-3.09857e+00	
380	8.912509e-02	1.385236e+02	-3.11642e+00	
381	8.963962e-02	1.385235e+02	-3.13438e+00	
382	9.015711e-02	1.385233e+02	-3.15244e+00	
383	9.067760e-02	1.385232e+02	-3.17060e+00	
384	9.120108e-02	1.385230e+02	-3.18886e+00	
385	9.172759e-02	1.385229e+02	-3.20724e+00	
386	9.225714e-02	1.385227e+02	-3.22571e+00	
387	9.278975e-02	1.385226e+02	-3.24429e+00	
388	9.332543e-02	1.385224e+02	-3.26298e+00	
389	9.386420e-02	1.385222e+02	-3.28178e+00	
390	9.440609e-02	1.385221e+02	-3.30068e+00	
391	9.495110e-02	1.385219e+02	-3.31970e+00	
392	9.549926e-02	1.385217e+02	-3.33882e+00	
393	9.605058e-02	1.385216e+02	-3.35805e+00	
394	9.660509e-02	1.385214e+02	-3.37739e+00	
395	9.716280e-02	1.385212e+02	-3.39684e+00	
396	9.772372e-02	1.385210e+02	-3.41641e+00	
397	9.828789e-02	1.385209e+02	-3.43608e+00	
398	9.885531e-02	1.385207e+02	-3.45587e+00	
399	9.942601e-02	1.385205e+02	-3.47578e+00	
400	1.000000e-01	1.385203e+02	-3.49579e+00	
401	1.005773e-01	1.385201e+02	-3.51592e+00	
402	1.011579e-01	1.385199e+02	-3.53617e+00	

Index   frequency       tdb             tph             
--------------------------------------------------------------------------------
403	1.017419e-01	1.385197e+02	-3.55653e+00	
404	1.023293e-01	1.385196e+02	-3.57701e+00	
405	1.029201e-01	1.385194e+02	-3.59761e+00	
406	1.035142e-01	1.385192e+02	-3.61832e+00	
407	1.041118e-01	1.385190e+02	-3.63915e+00	
408	1.047129e-01	1.385188e+02	-3.66011e+00	
409	1.053174e-01	1.385186e+02	-3.68118e+00	
410	1.059254e-01	1.385183e+02	-3.70237e+00	
411	1.065369e-01	1.385181e+02	-3.72368e+00	
412	1.071519e-01	1.385179e+02	-3.74512e+00	
413	1.077705e-01	1.385177e+02	-3.76668e+00	
414	1.083927e-01	1.385175e+02	-3.78836e+00	
415	1.090184e-01	1.385173e+02	-3.81017e+00	
416	1.096478e-01	1.385171e+02	-3.83210e+00	
417	1.102808e-01	1.385168e+02	-3.85416e+00	
418	1.109175e-01	1.385166e+02	-3.87634e+00	
419	1.115578e-01	1.385164e+02	-3.89865e+00	
420	1.122018e-01	1.385161e+02	-3.92109e+00	
421	1.128496e-01	1.385159e+02	-3.94365e+00	
422	1.135011e-01	1.385157e+02	-3.96635e+00	
423	1.141563e-01	1.385154e+02	-3.98917e+00	
424	1.148154e-01	1.385152e+02	-4.01213e+00	
425	1.154782e-01	1.385149e+02	-4.03521e+00	
426	1.161449e-01	1.385147e+02	-4.05843e+00	
427	1.168154e-01	1.385144e+02	-4.08178e+00	
428	1.174898e-01	1.385142e+02	-4.10526e+00	
429	1.181680e-01	1.385139e+02	-4.12888e+00	
430	1.188502e-01	1.385137e+02	-4.15264e+00	
431	1.195364e-01	1.385134e+02	-4.17652e+00	
432	1.202264e-01	1.385131e+02	-4.20055e+00	
433	1.209205e-01	1.385129e+02	-4.22471e+00	
434	1.216186e-01	1.385126e+02	-4.24901e+00	
435	1.223207e-01	1.385123e+02	-4.27345e+00	
436	1.230269e-01	1.385120e+02	-4.29803e+00	
437	1.237371e-01	1.385118e+02	-4.32275e+00	
438	1.244515e-01	1.385115e+02	-4.34761e+00	
439	1.251699e-01	1.385112e+02	-4.37261e+00	
440	1.258925e-01	1.385109e+02	-4.39776e+00	
441	1.266193e-01	1.385106e+02	-4.42305e+00	
442	1.273503e-01	1.385103e+02	-4.44848e+00	
443	1.280855e-01	1.385100e+02	-4.47406e+00	
444	1.288250e-01	1.385097e+02	-4.49978e+00	
445	1.295687e-01	1.385094e+02	-4.52565e+00	
446	1.303167e-01	1.385091e+02	-4.55167e+00	
447	1.310690e-01	1.385088e+02	-4.57783e+00	
448	1.318257e-01	1.385084e+02	-4.60415e+00	
449	1.325867e-01	1.385081e+02	-4.63061e+00	
450	1.333521e-01	1.385078e+02	-4.65723e+00	
451	1.341220e-01	1.385074e+02	-4.68400e+00	
452	1.348963e-01	1.385071e+02	-4.71092e+00	
453	1.356751e-01	1.385068e+02	-4.73799e+00	
454	1.364583e-01	1.385064e+02	-4.76522e+00	
455	1.372461e-01	1.385061e+02	-4.79260e+00	
456	1.380384e-01	1.385057e+02	-4.82014e+00	
457	1.388353e-01	1.385054e+02	-4.84783e+00	
458	1.396368e-01	1.385050e+02	-4.87568e+00	
459	1.404430e-01	1.385047e+02	-4.90369e+00	
460	1.412538e-01	1.385043e+02	-4.93187e+00	

Index   frequency       tdb             tph             
--------------------------------------------------------------------------------
461	1.420692e-01	1.385039e+02	-4.96020e+00	
462	1.428894e-01	1.385035e+02	-4.98869e+00	
463	1.437143e-01	1.385032e+02	-5.01734e+00	
464	1.445440e-01	1.385028e+02	-5.04616e+00	
465	1.453784e-01	1.385024e+02	-5.07514e+00	
466	1.462177e-01	1.385020e+02	-5.10428e+00	
467	1.470618e-01	1.385016e+02	-5.13359e+00	
468	1.479108e-01	1.385012e+02	-5.16307e+00	
469	1.487647e-01	1.385008e+02	-5.19271e+00	
470	1.496236e-01	1.385004e+02	-5.22253e+00	
471	1.504874e-01	1.385000e+02	-5.25251e+00	
472	1.513561e-01	1.384995e+02	-5.28266e+00	
473	1.522299e-01	1.384991e+02	-5.31299e+00	
474	1.531087e-01	1.384987e+02	-5.34348e+00	
475	1.539927e-01	1.384982e+02	-5.37415e+00	
476	1.548817e-01	1.384978e+02	-5.40499e+00	
477	1.557758e-01	1.384974e+02	-5.43601e+00	
478	1.566751e-01	1.384969e+02	-5.46720e+00	
479	1.575796e-01	1.384965e+02	-5.49857e+00	
480	1.584893e-01	1.384960e+02	-5.53012e+00	
481	1.594043e-01	1.384955e+02	-5.56185e+00	
482	1.603245e-01	1.384951e+02	-5.59375e+00	
483	1.612501e-01	1.384946e+02	-5.62584e+00	
484	1.621810e-01	1.384941e+02	-5.65811e+00	
485	1.631173e-01	1.384936e+02	-5.69056e+00	
486	1.640590e-01	1.384931e+02	-5.72319e+00	
487	1.650061e-01	1.384926e+02	-5.75601e+00	
488	1.659587e-01	1.384921e+02	-5.78902e+00	
489	1.669168e-01	1.384916e+02	-5.82221e+00	
490	1.678804e-01	1.384911e+02	-5.85559e+00	
491	1.688496e-01	1.384906e+02	-5.88916e+00	
492	1.698244e-01	1.384900e+02	-5.92291e+00	
493	1.708048e-01	1.384895e+02	-5.95686e+00	
494	1.717908e-01	1.384890e+02	-5.99100e+00	
495	1.727826e-01	1.384884e+02	-6.02534e+00	
496	1.737801e-01	1.384879e+02	-6.05986e+00	
497	1.747833e-01	1.384873e+02	-6.09459e+00	
498	1.757924e-01	1.384867e+02	-6.12950e+00	
499	1.768072e-01	1.384862e+02	-6.16462e+00	
500	1.778279e-01	1.384856e+02	-6.19993e+00	
501	1.788546e-01	1.384850e+02	-6.23544e+00	
502	1.798871e-01	1.384844e+02	-6.27115e+00	
503	1.809256e-01	1.384838e+02	-6.30707e+00	
504	1.819701e-01	1.384832e+02	-6.34318e+00	
505	1.830206e-01	1.384826e+02	-6.37950e+00	
506	1.840772e-01	1.384820e+02	-6.41603e+00	
507	1.851399e-01	1.384813e+02	-6.45275e+00	
508	1.862087e-01	1.384807e+02	-6.48969e+00	
509	1.872837e-01	1.384801e+02	-6.52683e+00	
510	1.883649e-01	1.384794e+02	-6.56419e+00	
511	1.894524e-01	1.384787e+02	-6.60175e+00	
512	1.905461e-01	1.384781e+02	-6.63952e+00	
513	1.916461e-01	1.384774e+02	-6.67751e+00	
514	1.927525e-01	1.384767e+02	-6.71571e+00	
515	1.938653e-01	1.384760e+02	-6.75412e+00	
516	1.949845e-01	1.384754e+02	-6.79275e+00	
517	1.961101e-01	1.384746e+02	-6.83160e+00	
518	1.972423e-01	1.384739e+02	-6.87066e+00	

Index   frequency       tdb             tph             
--------------------------------------------------------------------------------
519	1.983810e-01	1.384732e+02	-6.90994e+00	
520	1.995262e-01	1.384725e+02	-6.94945e+00	
521	2.006781e-01	1.384718e+02	-6.98917e+00	
522	2.018366e-01	1.384710e+02	-7.02912e+00	
523	2.030019e-01	1.384703e+02	-7.06929e+00	
524	2.041738e-01	1.384695e+02	-7.10968e+00	
525	2.053525e-01	1.384687e+02	-7.15031e+00	
526	2.065380e-01	1.384680e+02	-7.19115e+00	
527	2.077304e-01	1.384672e+02	-7.23223e+00	
528	2.089296e-01	1.384664e+02	-7.27354e+00	
529	2.101358e-01	1.384656e+02	-7.31508e+00	
530	2.113489e-01	1.384647e+02	-7.35685e+00	
531	2.125690e-01	1.384639e+02	-7.39885e+00	
532	2.137962e-01	1.384631e+02	-7.44109e+00	
533	2.150305e-01	1.384622e+02	-7.48356e+00	
534	2.162719e-01	1.384614e+02	-7.52627e+00	
535	2.175204e-01	1.384605e+02	-7.56922e+00	
536	2.187762e-01	1.384597e+02	-7.61240e+00	
537	2.200392e-01	1.384588e+02	-7.65583e+00	
538	2.213095e-01	1.384579e+02	-7.69950e+00	
539	2.225871e-01	1.384570e+02	-7.74341e+00	
540	2.238721e-01	1.384561e+02	-7.78757e+00	
541	2.251645e-01	1.384552e+02	-7.83197e+00	
542	2.264644e-01	1.384542e+02	-7.87662e+00	
543	2.277718e-01	1.384533e+02	-7.92152e+00	
544	2.290868e-01	1.384523e+02	-7.96667e+00	
545	2.304093e-01	1.384514e+02	-8.01206e+00	
546	2.317395e-01	1.384504e+02	-8.05771e+00	
547	2.330773e-01	1.384494e+02	-8.10362e+00	
548	2.344229e-01	1.384484e+02	-8.14977e+00	
549	2.357762e-01	1.384474e+02	-8.19619e+00	
550	2.371374e-01	1.384464e+02	-8.24286e+00	
551	2.385064e-01	1.384453e+02	-8.28978e+00	
552	2.398833e-01	1.384443e+02	-8.33697e+00	
553	2.412682e-01	1.384432e+02	-8.38442e+00	
554	2.426610e-01	1.384422e+02	-8.43213e+00	
555	2.440619e-01	1.384411e+02	-8.48011e+00	
556	2.454709e-01	1.384400e+02	-8.52834e+00	
557	2.468880e-01	1.384389e+02	-8.57685e+00	
558	2.483133e-01	1.384378e+02	-8.62562e+00	
559	2.497468e-01	1.384366e+02	-8.67467e+00	
560	2.511886e-01	1.384355e+02	-8.72398e+00	
561	2.526388e-01	1.384343e+02	-8.77356e+00	
562	2.540973e-01	1.384332e+02	-8.82342e+00	
563	2.555642e-01	1.384320e+02	-8.87355e+00	
564	2.570396e-01	1.384308e+02	-8.92396e+00	
565	2.585235e-01	1.384296e+02	-8.97464e+00	
566	2.600160e-01	1.384284e+02	-9.02560e+00	
567	2.615170e-01	1.384271e+02	-9.07684e+00	
568	2.630268e-01	1.384259e+02	-9.12837e+00	
569	2.645453e-01	1.384246e+02	-9.18017e+00	
570	2.660725e-01	1.384233e+02	-9.23226e+00	
571	2.676086e-01	1.384220e+02	-9.28463e+00	
572	2.691535e-01	1.384207e+02	-9.33729e+00	
573	2.707073e-01	1.384194e+02	-9.39024e+00	
574	2.722701e-01	1.384181e+02	-9.44348e+00	
575	2.738420e-01	1.384167e+02	-9.49701e+00	
576	2.754229e-01	1.384154e+02	-9.55083e+00	

Index   frequency       tdb             tph             
--------------------------------------------------------------------------------
577	2.770129e-01	1.384140e+02	-9.60495e+00	
578	2.786121e-01	1.384126e+02	-9.65936e+00	
579	2.802206e-01	1.384112e+02	-9.71406e+00	
580	2.818383e-01	1.384097e+02	-9.76907e+00	
581	2.834654e-01	1.384083e+02	-9.82437e+00	
582	2.851018e-01	1.384068e+02	-9.87997e+00	
583	2.867477e-01	1.384053e+02	-9.93588e+00	
584	2.884032e-01	1.384038e+02	-9.99209e+00	
585	2.900681e-01	1.384023e+02	-1.00486e+01	
586	2.917427e-01	1.384008e+02	-1.01054e+01	
587	2.934270e-01	1.383993e+02	-1.01626e+01	
588	2.951209e-01	1.383977e+02	-1.02200e+01	
589	2.968247e-01	1.383961e+02	-1.02777e+01	
590	2.985383e-01	1.383945e+02	-1.03358e+01	
591	3.002617e-01	1.383929e+02	-1.03942e+01	
592	3.019952e-01	1.383913e+02	-1.04529e+01	
593	3.037386e-01	1.383896e+02	-1.05119e+01	
594	3.054921e-01	1.383879e+02	-1.05712e+01	
595	3.072557e-01	1.383862e+02	-1.06308e+01	
596	3.090295e-01	1.383845e+02	-1.06908e+01	
597	3.108136e-01	1.383828e+02	-1.07511e+01	
598	3.126079e-01	1.383811e+02	-1.08117e+01	
599	3.144126e-01	1.383793e+02	-1.08726e+01	
600	3.162278e-01	1.383775e+02	-1.09339e+01	
601	3.180534e-01	1.383757e+02	-1.09955e+01	
602	3.198895e-01	1.383739e+02	-1.10574e+01	
603	3.217363e-01	1.383720e+02	-1.11197e+01	
604	3.235937e-01	1.383702e+02	-1.11822e+01	
605	3.254618e-01	1.383683e+02	-1.12452e+01	
606	3.273407e-01	1.383664e+02	-1.13084e+01	
607	3.292305e-01	1.383644e+02	-1.13720e+01	
608	3.311311e-01	1.383625e+02	-1.14359e+01	
609	3.330428e-01	1.383605e+02	-1.15002e+01	
610	3.349654e-01	1.383585e+02	-1.15648e+01	
611	3.368992e-01	1.383565e+02	-1.16298e+01	
612	3.388442e-01	1.383544e+02	-1.16951e+01	
613	3.408003e-01	1.383524e+02	-1.17607e+01	
614	3.427678e-01	1.383503e+02	-1.18267e+01	
615	3.447466e-01	1.383482e+02	-1.18930e+01	
616	3.467369e-01	1.383460e+02	-1.19597e+01	
617	3.487386e-01	1.383439e+02	-1.20268e+01	
618	3.507519e-01	1.383417e+02	-1.20942e+01	
619	3.527768e-01	1.383395e+02	-1.21619e+01	
620	3.548134e-01	1.383373e+02	-1.22300e+01	
621	3.568617e-01	1.383350e+02	-1.22985e+01	
622	3.589219e-01	1.383327e+02	-1.23673e+01	
623	3.609940e-01	1.383304e+02	-1.24365e+01	
624	3.630781e-01	1.383281e+02	-1.25060e+01	
625	3.651741e-01	1.383258e+02	-1.25759e+01	
626	3.672823e-01	1.383234e+02	-1.26462e+01	
627	3.694026e-01	1.383210e+02	-1.27169e+01	
628	3.715352e-01	1.383185e+02	-1.27879e+01	
629	3.736801e-01	1.383161e+02	-1.28593e+01	
630	3.758374e-01	1.383136e+02	-1.29310e+01	
631	3.780071e-01	1.383111e+02	-1.30031e+01	
632	3.801894e-01	1.383085e+02	-1.30756e+01	
633	3.823843e-01	1.383060e+02	-1.31485e+01	
634	3.845918e-01	1.383034e+02	-1.32218e+01	

Index   frequency       tdb             tph             
--------------------------------------------------------------------------------
635	3.868121e-01	1.383007e+02	-1.32954e+01	
636	3.890451e-01	1.382981e+02	-1.33694e+01	
637	3.912911e-01	1.382954e+02	-1.34438e+01	
638	3.935501e-01	1.382927e+02	-1.35186e+01	
639	3.958221e-01	1.382899e+02	-1.35937e+01	
640	3.981072e-01	1.382872e+02	-1.36693e+01	
641	4.004055e-01	1.382843e+02	-1.37452e+01	
642	4.027170e-01	1.382815e+02	-1.38215e+01	
643	4.050419e-01	1.382786e+02	-1.38982e+01	
644	4.073803e-01	1.382757e+02	-1.39753e+01	
645	4.097321e-01	1.382728e+02	-1.40528e+01	
646	4.120975e-01	1.382699e+02	-1.41307e+01	
647	4.144766e-01	1.382669e+02	-1.42090e+01	
648	4.168694e-01	1.382638e+02	-1.42877e+01	
649	4.192760e-01	1.382608e+02	-1.43668e+01	
650	4.216965e-01	1.382577e+02	-1.44463e+01	
651	4.241310e-01	1.382546e+02	-1.45262e+01	
652	4.265795e-01	1.382514e+02	-1.46065e+01	
653	4.290422e-01	1.382482e+02	-1.46871e+01	
654	4.315191e-01	1.382450e+02	-1.47682e+01	
655	4.340103e-01	1.382417e+02	-1.48498e+01	
656	4.365158e-01	1.382384e+02	-1.49317e+01	
657	4.390359e-01	1.382351e+02	-1.50140e+01	
658	4.415704e-01	1.382317e+02	-1.50967e+01	
659	4.441197e-01	1.382283e+02	-1.51799e+01	
660	4.466836e-01	1.382249e+02	-1.52634e+01	
661	4.492623e-01	1.382214e+02	-1.53474e+01	
662	4.518559e-01	1.382179e+02	-1.54318e+01	
663	4.544645e-01	1.382143e+02	-1.55166e+01	
664	4.570882e-01	1.382107e+02	-1.56019e+01	
665	4.597270e-01	1.382071e+02	-1.56875e+01	
666	4.623810e-01	1.382034e+02	-1.57736e+01	
667	4.650504e-01	1.381997e+02	-1.58601e+01	
668	4.677351e-01	1.381959e+02	-1.59470e+01	
669	4.704354e-01	1.381922e+02	-1.60344e+01	
670	4.731513e-01	1.381883e+02	-1.61221e+01	
671	4.758828e-01	1.381845e+02	-1.62104e+01	
672	4.786301e-01	1.381805e+02	-1.62990e+01	
673	4.813933e-01	1.381766e+02	-1.63881e+01	
674	4.841724e-01	1.381726e+02	-1.64776e+01	
675	4.869675e-01	1.381685e+02	-1.65675e+01	
676	4.897788e-01	1.381645e+02	-1.66579e+01	
677	4.926063e-01	1.381603e+02	-1.67487e+01	
678	4.954502e-01	1.381562e+02	-1.68399e+01	
679	4.983105e-01	1.381520e+02	-1.69316e+01	
680	5.011872e-01	1.381477e+02	-1.70237e+01	
681	5.040806e-01	1.381434e+02	-1.71163e+01	
682	5.069907e-01	1.381390e+02	-1.72093e+01	
683	5.099176e-01	1.381346e+02	-1.73027e+01	
684	5.128614e-01	1.381302e+02	-1.73966e+01	
685	5.158222e-01	1.381257e+02	-1.74909e+01	
686	5.188000e-01	1.381212e+02	-1.75857e+01	
687	5.217951e-01	1.381166e+02	-1.76809e+01	
688	5.248075e-01	1.381120e+02	-1.77766e+01	
689	5.278372e-01	1.381073e+02	-1.78727e+01	
690	5.308844e-01	1.381026e+02	-1.79693e+01	
691	5.339493e-01	1.380978e+02	-1.80663e+01	
692	5.370318e-01	1.380929e+02	-1.81638e+01	

Index   frequency       tdb             tph             
--------------------------------------------------------------------------------
693	5.401321e-01	1.380881e+02	-1.82617e+01	
694	5.432503e-01	1.380831e+02	-1.83601e+01	
695	5.463865e-01	1.380782e+02	-1.84589e+01	
696	5.495409e-01	1.380731e+02	-1.85582e+01	
697	5.527134e-01	1.380680e+02	-1.86580e+01	
698	5.559043e-01	1.380629e+02	-1.87582e+01	
699	5.591135e-01	1.380577e+02	-1.88589e+01	
700	5.623413e-01	1.380525e+02	-1.89600e+01	
701	5.655878e-01	1.380472e+02	-1.90616e+01	
702	5.688529e-01	1.380418e+02	-1.91636e+01	
703	5.721370e-01	1.380364e+02	-1.92662e+01	
704	5.754399e-01	1.380309e+02	-1.93691e+01	
705	5.787620e-01	1.380254e+02	-1.94726e+01	
706	5.821032e-01	1.380198e+02	-1.95765e+01	
707	5.854637e-01	1.380142e+02	-1.96808e+01	
708	5.888437e-01	1.380085e+02	-1.97857e+01	
709	5.922431e-01	1.380027e+02	-1.98910e+01	
710	5.956621e-01	1.379969e+02	-1.99967e+01	
711	5.991009e-01	1.379911e+02	-2.01030e+01	
712	6.025596e-01	1.379851e+02	-2.02097e+01	
713	6.060382e-01	1.379791e+02	-2.03169e+01	
714	6.095369e-01	1.379731e+02	-2.04245e+01	
715	6.130558e-01	1.379670e+02	-2.05326e+01	
716	6.165950e-01	1.379608e+02	-2.06412e+01	
717	6.201546e-01	1.379546e+02	-2.07502e+01	
718	6.237348e-01	1.379482e+02	-2.08598e+01	
719	6.273357e-01	1.379419e+02	-2.09698e+01	
720	6.309573e-01	1.379355e+02	-2.10802e+01	
721	6.345999e-01	1.379290e+02	-2.11912e+01	
722	6.382635e-01	1.379224e+02	-2.13026e+01	
723	6.419482e-01	1.379158e+02	-2.14145e+01	
724	6.456542e-01	1.379091e+02	-2.15268e+01	
725	6.493816e-01	1.379023e+02	-2.16397e+01	
726	6.531306e-01	1.378955e+02	-2.17530e+01	
727	6.569011e-01	1.378886e+02	-2.18668e+01	
728	6.606934e-01	1.378816e+02	-2.19810e+01	
729	6.645077e-01	1.378746e+02	-2.20958e+01	
730	6.683439e-01	1.378675e+02	-2.22110e+01	
731	6.722023e-01	1.378603e+02	-2.23267e+01	
732	6.760830e-01	1.378531e+02	-2.24428e+01	
733	6.799860e-01	1.378458e+02	-2.25594e+01	
734	6.839116e-01	1.378384e+02	-2.26766e+01	
735	6.878599e-01	1.378309e+02	-2.27941e+01	
736	6.918310e-01	1.378234e+02	-2.29122e+01	
737	6.958250e-01	1.378158e+02	-2.30307e+01	
738	6.998420e-01	1.378081e+02	-2.31497e+01	
739	7.038822e-01	1.378003e+02	-2.32692e+01	
740	7.079458e-01	1.377925e+02	-2.33892e+01	
741	7.120328e-01	1.377846e+02	-2.35096e+01	
742	7.161434e-01	1.377766e+02	-2.36305e+01	
743	7.202778e-01	1.377685e+02	-2.37519e+01	
744	7.244360e-01	1.377604e+02	-2.38737e+01	
745	7.286182e-01	1.377522e+02	-2.39961e+01	
746	7.328245e-01	1.377439e+02	-2.41189e+01	
747	7.370552e-01	1.377355e+02	-2.42421e+01	
748	7.413102e-01	1.377270e+02	-2.43659e+01	
749	7.455899e-01	1.377185e+02	-2.44901e+01	
750	7.498942e-01	1.377099e+02	-2.46148e+01	

Index   frequency       tdb             tph             
--------------------------------------------------------------------------------
751	7.542234e-01	1.377012e+02	-2.47399e+01	
752	7.585776e-01	1.376924e+02	-2.48655e+01	
753	7.629569e-01	1.376835e+02	-2.49916e+01	
754	7.673615e-01	1.376745e+02	-2.51182e+01	
755	7.717915e-01	1.376655e+02	-2.52452e+01	
756	7.762471e-01	1.376564e+02	-2.53727e+01	
757	7.807284e-01	1.376471e+02	-2.55007e+01	
758	7.852356e-01	1.376378e+02	-2.56291e+01	
759	7.897688e-01	1.376285e+02	-2.57580e+01	
760	7.943282e-01	1.376190e+02	-2.58873e+01	
761	7.989139e-01	1.376094e+02	-2.60171e+01	
762	8.035261e-01	1.375998e+02	-2.61474e+01	
763	8.081649e-01	1.375900e+02	-2.62781e+01	
764	8.128305e-01	1.375802e+02	-2.64093e+01	
765	8.175230e-01	1.375702e+02	-2.65410e+01	
766	8.222426e-01	1.375602e+02	-2.66731e+01	
767	8.269895e-01	1.375501e+02	-2.68056e+01	
768	8.317638e-01	1.375399e+02	-2.69386e+01	
769	8.365656e-01	1.375296e+02	-2.70721e+01	
770	8.413951e-01	1.375192e+02	-2.72060e+01	
771	8.462526e-01	1.375087e+02	-2.73404e+01	
772	8.511380e-01	1.374981e+02	-2.74752e+01	
773	8.560517e-01	1.374875e+02	-2.76105e+01	
774	8.609938e-01	1.374767e+02	-2.77462e+01	
775	8.659643e-01	1.374658e+02	-2.78823e+01	
776	8.709636e-01	1.374548e+02	-2.80189e+01	
777	8.759917e-01	1.374438e+02	-2.81560e+01	
778	8.810489e-01	1.374326e+02	-2.82934e+01	
779	8.861352e-01	1.374213e+02	-2.84314e+01	
780	8.912509e-01	1.374099e+02	-2.85697e+01	
781	8.963962e-01	1.373985e+02	-2.87085e+01	
782	9.015711e-01	1.373869e+02	-2.88477e+01	
783	9.067760e-01	1.373752e+02	-2.89873e+01	
784	9.120108e-01	1.373634e+02	-2.91274e+01	
785	9.172759e-01	1.373515e+02	-2.92679e+01	
786	9.225714e-01	1.373395e+02	-2.94088e+01	
787	9.278975e-01	1.373274e+02	-2.95501e+01	
788	9.332543e-01	1.373152e+02	-2.96919e+01	
789	9.386420e-01	1.373029e+02	-2.98341e+01	
790	9.440609e-01	1.372905e+02	-2.99767e+01	
791	9.495110e-01	1.372780e+02	-3.01197e+01	
792	9.549926e-01	1.372654e+02	-3.02631e+01	
793	9.605058e-01	1.372526e+02	-3.04069e+01	
794	9.660509e-01	1.372398e+02	-3.05511e+01	
795	9.716280e-01	1.372268e+02	-3.06957e+01	
796	9.772372e-01	1.372137e+02	-3.08408e+01	
797	9.828789e-01	1.372006e+02	-3.09862e+01	
798	9.885531e-01	1.371873e+02	-3.11320e+01	
799	9.942601e-01	1.371738e+02	-3.12782e+01	
800	1.000000e+00	1.371603e+02	-3.14248e+01	
801	1.005773e+00	1.371467e+02	-3.15718e+01	
802	1.011579e+00	1.371329e+02	-3.17192e+01	
803	1.017419e+00	1.371191e+02	-3.18669e+01	
804	1.023293e+00	1.371051e+02	-3.20150e+01	
805	1.029201e+00	1.370910e+02	-3.21635e+01	
806	1.035142e+00	1.370768e+02	-3.23124e+01	
807	1.041118e+00	1.370624e+02	-3.24617e+01	
808	1.047129e+00	1.370480e+02	-3.26113e+01	

Index   frequency       tdb             tph             
--------------------------------------------------------------------------------
809	1.053174e+00	1.370334e+02	-3.27612e+01	
810	1.059254e+00	1.370187e+02	-3.29116e+01	
811	1.065369e+00	1.370039e+02	-3.30622e+01	
812	1.071519e+00	1.369890e+02	-3.32133e+01	
813	1.077705e+00	1.369740e+02	-3.33647e+01	
814	1.083927e+00	1.369588e+02	-3.35164e+01	
815	1.090184e+00	1.369435e+02	-3.36685e+01	
816	1.096478e+00	1.369281e+02	-3.38209e+01	
817	1.102808e+00	1.369126e+02	-3.39736e+01	
818	1.109175e+00	1.368969e+02	-3.41267e+01	
819	1.115578e+00	1.368811e+02	-3.42801e+01	
820	1.122018e+00	1.368652e+02	-3.44338e+01	
821	1.128496e+00	1.368492e+02	-3.45879e+01	
822	1.135011e+00	1.368330e+02	-3.47423e+01	
823	1.141563e+00	1.368167e+02	-3.48969e+01	
824	1.148154e+00	1.368003e+02	-3.50519e+01	
825	1.154782e+00	1.367838e+02	-3.52072e+01	
826	1.161449e+00	1.367671e+02	-3.53628e+01	
827	1.168154e+00	1.367503e+02	-3.55187e+01	
828	1.174898e+00	1.367334e+02	-3.56749e+01	
829	1.181680e+00	1.367163e+02	-3.58314e+01	
830	1.188502e+00	1.366991e+02	-3.59881e+01	
831	1.195364e+00	1.366818e+02	-3.61451e+01	
832	1.202264e+00	1.366644e+02	-3.63025e+01	
833	1.209205e+00	1.366468e+02	-3.64600e+01	
834	1.216186e+00	1.366291e+02	-3.66179e+01	
835	1.223207e+00	1.366113e+02	-3.67760e+01	
836	1.230269e+00	1.365933e+02	-3.69344e+01	
837	1.237371e+00	1.365752e+02	-3.70930e+01	
838	1.244515e+00	1.365570e+02	-3.72519e+01	
839	1.251699e+00	1.365386e+02	-3.74110e+01	
840	1.258925e+00	1.365201e+02	-3.75704e+01	
841	1.266193e+00	1.365014e+02	-3.77300e+01	
842	1.273503e+00	1.364827e+02	-3.78898e+01	
843	1.280855e+00	1.364638e+02	-3.80499e+01	
844	1.288250e+00	1.364447e+02	-3.82102e+01	
845	1.295687e+00	1.364255e+02	-3.83707e+01	
846	1.303167e+00	1.364062e+02	-3.85314e+01	
847	1.310690e+00	1.363868e+02	-3.86923e+01	
848	1.318257e+00	1.363672e+02	-3.88535e+01	
849	1.325867e+00	1.363475e+02	-3.90148e+01	
850	1.333521e+00	1.363276e+02	-3.91763e+01	
851	1.341220e+00	1.363076e+02	-3.93380e+01	
852	1.348963e+00	1.362874e+02	-3.94999e+01	
853	1.356751e+00	1.362672e+02	-3.96620e+01	
854	1.364583e+00	1.362467e+02	-3.98242e+01	
855	1.372461e+00	1.362262e+02	-3.99867e+01	
856	1.380384e+00	1.362055e+02	-4.01492e+01	
857	1.388353e+00	1.361847e+02	-4.03120e+01	
858	1.396368e+00	1.361637e+02	-4.04749e+01	
859	1.404430e+00	1.361426e+02	-4.06379e+01	
860	1.412538e+00	1.361213e+02	-4.08011e+01	
861	1.420692e+00	1.360999e+02	-4.09644e+01	
862	1.428894e+00	1.360784e+02	-4.11279e+01	
863	1.437143e+00	1.360567e+02	-4.12915e+01	
864	1.445440e+00	1.360349e+02	-4.14552e+01	
865	1.453784e+00	1.360129e+02	-4.16190e+01	
866	1.462177e+00	1.359908e+02	-4.17830e+01	

Index   frequency       tdb             tph             
--------------------------------------------------------------------------------
867	1.470618e+00	1.359685e+02	-4.19470e+01	
868	1.479108e+00	1.359461e+02	-4.21112e+01	
869	1.487647e+00	1.359236e+02	-4.22754e+01	
870	1.496236e+00	1.359009e+02	-4.24398e+01	
871	1.504874e+00	1.358781e+02	-4.26042e+01	
872	1.513561e+00	1.358552e+02	-4.27687e+01	
873	1.522299e+00	1.358321e+02	-4.29333e+01	
874	1.531087e+00	1.358088e+02	-4.30979e+01	
875	1.539927e+00	1.357854e+02	-4.32627e+01	
876	1.548817e+00	1.357619e+02	-4.34274e+01	
877	1.557758e+00	1.357382e+02	-4.35923e+01	
878	1.566751e+00	1.357144e+02	-4.37571e+01	
879	1.575796e+00	1.356904e+02	-4.39221e+01	
880	1.584893e+00	1.356663e+02	-4.40870e+01	
881	1.594043e+00	1.356421e+02	-4.42520e+01	
882	1.603245e+00	1.356177e+02	-4.44170e+01	
883	1.612501e+00	1.355931e+02	-4.45821e+01	
884	1.621810e+00	1.355684e+02	-4.47471e+01	
885	1.631173e+00	1.355436e+02	-4.49122e+01	
886	1.640590e+00	1.355186e+02	-4.50772e+01	
887	1.650061e+00	1.354935e+02	-4.52423e+01	
888	1.659587e+00	1.354683e+02	-4.54074e+01	
889	1.669168e+00	1.354429e+02	-4.55724e+01	
890	1.678804e+00	1.354173e+02	-4.57375e+01	
891	1.688496e+00	1.353916e+02	-4.59025e+01	
892	1.698244e+00	1.353658e+02	-4.60675e+01	
893	1.708048e+00	1.353398e+02	-4.62324e+01	
894	1.717908e+00	1.353137e+02	-4.63973e+01	
895	1.727826e+00	1.352874e+02	-4.65622e+01	
896	1.737801e+00	1.352610e+02	-4.67270e+01	
897	1.747833e+00	1.352345e+02	-4.68918e+01	
898	1.757924e+00	1.352078e+02	-4.70565e+01	
899	1.768072e+00	1.351809e+02	-4.72211e+01	
900	1.778279e+00	1.351539e+02	-4.73857e+01	
901	1.788546e+00	1.351268e+02	-4.75501e+01	
902	1.798871e+00	1.350996e+02	-4.77145e+01	
903	1.809256e+00	1.350721e+02	-4.78789e+01	
904	1.819701e+00	1.350446e+02	-4.80431e+01	
905	1.830206e+00	1.350169e+02	-4.82072e+01	
906	1.840772e+00	1.349891e+02	-4.83712e+01	
907	1.851399e+00	1.349611e+02	-4.85351e+01	
908	1.862087e+00	1.349330e+02	-4.86989e+01	
909	1.872837e+00	1.349047e+02	-4.88626e+01	
910	1.883649e+00	1.348763e+02	-4.90262e+01	
911	1.894524e+00	1.348477e+02	-4.91896e+01	
912	1.905461e+00	1.348191e+02	-4.93529e+01	
913	1.916461e+00	1.347902e+02	-4.95161e+01	
914	1.927525e+00	1.347613e+02	-4.96791e+01	
915	1.938653e+00	1.347322e+02	-4.98419e+01	
916	1.949845e+00	1.347029e+02	-5.00046e+01	
917	1.961101e+00	1.346735e+02	-5.01672e+01	
918	1.972423e+00	1.346440e+02	-5.03295e+01	
919	1.983810e+00	1.346143e+02	-5.04917e+01	
920	1.995262e+00	1.345845e+02	-5.06538e+01	
921	2.006781e+00	1.345546e+02	-5.08156e+01	
922	2.018366e+00	1.345245e+02	-5.09773e+01	
923	2.030019e+00	1.344943e+02	-5.11388e+01	
924	2.041738e+00	1.344639e+02	-5.13000e+01	

Index   frequency       tdb             tph             
--------------------------------------------------------------------------------
925	2.053525e+00	1.344334e+02	-5.14611e+01	
926	2.065380e+00	1.344028e+02	-5.16220e+01	
927	2.077304e+00	1.343720e+02	-5.17827e+01	
928	2.089296e+00	1.343411e+02	-5.19431e+01	
929	2.101358e+00	1.343101e+02	-5.21033e+01	
930	2.113489e+00	1.342789e+02	-5.22633e+01	
931	2.125690e+00	1.342476e+02	-5.24231e+01	
932	2.137962e+00	1.342162e+02	-5.25827e+01	
933	2.150305e+00	1.341846e+02	-5.27420e+01	
934	2.162719e+00	1.341529e+02	-5.29010e+01	
935	2.175204e+00	1.341211e+02	-5.30599e+01	
936	2.187762e+00	1.340891e+02	-5.32184e+01	
937	2.200392e+00	1.340570e+02	-5.33767e+01	
938	2.213095e+00	1.340247e+02	-5.35348e+01	
939	2.225871e+00	1.339924e+02	-5.36926e+01	
940	2.238721e+00	1.339598e+02	-5.38501e+01	
941	2.251645e+00	1.339272e+02	-5.40074e+01	
942	2.264644e+00	1.338944e+02	-5.41643e+01	
943	2.277718e+00	1.338616e+02	-5.43210e+01	
944	2.290868e+00	1.338285e+02	-5.44774e+01	
945	2.304093e+00	1.337954e+02	-5.46336e+01	
946	2.317395e+00	1.337621e+02	-5.47894e+01	
947	2.330773e+00	1.337287e+02	-5.49449e+01	
948	2.344229e+00	1.336951e+02	-5.51001e+01	
949	2.357762e+00	1.336615e+02	-5.52550e+01	
950	2.371374e+00	1.336277e+02	-5.54097e+01	
951	2.385064e+00	1.335938e+02	-5.55640e+01	
952	2.398833e+00	1.335597e+02	-5.57179e+01	
953	2.412682e+00	1.335256e+02	-5.58716e+01	
954	2.426610e+00	1.334913e+02	-5.60249e+01	
955	2.440619e+00	1.334569e+02	-5.61779e+01	
956	2.454709e+00	1.334223e+02	-5.63306e+01	
957	2.468880e+00	1.333877e+02	-5.64829e+01	
958	2.483133e+00	1.333529e+02	-5.66349e+01	
959	2.497468e+00	1.333180e+02	-5.67866e+01	
960	2.511886e+00	1.332830e+02	-5.69379e+01	
961	2.526388e+00	1.332478e+02	-5.70889e+01	
962	2.540973e+00	1.332125e+02	-5.72395e+01	
963	2.555642e+00	1.331772e+02	-5.73898e+01	
964	2.570396e+00	1.331417e+02	-5.75397e+01	
965	2.585235e+00	1.331060e+02	-5.76892e+01	
966	2.600160e+00	1.330703e+02	-5.78384e+01	
967	2.615170e+00	1.330344e+02	-5.79872e+01	
968	2.630268e+00	1.329985e+02	-5.81356e+01	
969	2.645453e+00	1.329624e+02	-5.82836e+01	
970	2.660725e+00	1.329262e+02	-5.84313e+01	
971	2.676086e+00	1.328899e+02	-5.85786e+01	
972	2.691535e+00	1.328534e+02	-5.87255e+01	
973	2.707073e+00	1.328169e+02	-5.88721e+01	
974	2.722701e+00	1.327802e+02	-5.90182e+01	
975	2.738420e+00	1.327434e+02	-5.91640e+01	
976	2.754229e+00	1.327066e+02	-5.93093e+01	
977	2.770129e+00	1.326696e+02	-5.94543e+01	
978	2.786121e+00	1.326325e+02	-5.95988e+01	
979	2.802206e+00	1.325952e+02	-5.97430e+01	
980	2.818383e+00	1.325579e+02	-5.98867e+01	
981	2.834654e+00	1.325205e+02	-6.00301e+01	
982	2.851018e+00	1.324830e+02	-6.01730e+01	

Index   frequency       tdb             tph             
--------------------------------------------------------------------------------
983	2.867477e+00	1.324453e+02	-6.03156e+01	
984	2.884032e+00	1.324075e+02	-6.04577e+01	
985	2.900681e+00	1.323697e+02	-6.05994e+01	
986	2.917427e+00	1.323317e+02	-6.07406e+01	
987	2.934270e+00	1.322936e+02	-6.08815e+01	
988	2.951209e+00	1.322555e+02	-6.10219e+01	
989	2.968247e+00	1.322172e+02	-6.11619e+01	
990	2.985383e+00	1.321788e+02	-6.13015e+01	
991	3.002617e+00	1.321403e+02	-6.14407e+01	
992	3.019952e+00	1.321017e+02	-6.15794e+01	
993	3.037386e+00	1.320631e+02	-6.17177e+01	
994	3.054921e+00	1.320243e+02	-6.18555e+01	
995	3.072557e+00	1.319854e+02	-6.19930e+01	
996	3.090295e+00	1.319464e+02	-6.21300e+01	
997	3.108136e+00	1.319073e+02	-6.22665e+01	
998	3.126079e+00	1.318681e+02	-6.24026e+01	
999	3.144126e+00	1.318288e+02	-6.25383e+01	
1000	3.162278e+00	1.317895e+02	-6.26735e+01	
1001	3.180534e+00	1.317500e+02	-6.28083e+01	
1002	3.198895e+00	1.317104e+02	-6.29426e+01	
1003	3.217363e+00	1.316708e+02	-6.30765e+01	
1004	3.235937e+00	1.316310e+02	-6.32099e+01	
1005	3.254618e+00	1.315912e+02	-6.33429e+01	
1006	3.273407e+00	1.315512e+02	-6.34754e+01	
1007	3.292305e+00	1.315112e+02	-6.36074e+01	
1008	3.311311e+00	1.314710e+02	-6.37391e+01	
1009	3.330428e+00	1.314308e+02	-6.38702e+01	
1010	3.349654e+00	1.313905e+02	-6.40009e+01	
1011	3.368992e+00	1.313501e+02	-6.41312e+01	
1012	3.388442e+00	1.313096e+02	-6.42609e+01	
1013	3.408003e+00	1.312691e+02	-6.43903e+01	
1014	3.427678e+00	1.312284e+02	-6.45191e+01	
1015	3.447466e+00	1.311876e+02	-6.46475e+01	
1016	3.467369e+00	1.311468e+02	-6.47755e+01	
1017	3.487386e+00	1.311059e+02	-6.49029e+01	
1018	3.507519e+00	1.310649e+02	-6.50299e+01	
1019	3.527768e+00	1.310238e+02	-6.51565e+01	
1020	3.548134e+00	1.309826e+02	-6.52826e+01	
1021	3.568617e+00	1.309413e+02	-6.54082e+01	
1022	3.589219e+00	1.309000e+02	-6.55333e+01	
1023	3.609940e+00	1.308586e+02	-6.56580e+01	
1024	3.630781e+00	1.308171e+02	-6.57822e+01	
1025	3.651741e+00	1.307755e+02	-6.59059e+01	
1026	3.672823e+00	1.307338e+02	-6.60292e+01	
1027	3.694026e+00	1.306921e+02	-6.61520e+01	
1028	3.715352e+00	1.306502e+02	-6.62743e+01	
1029	3.736801e+00	1.306083e+02	-6.63962e+01	
1030	3.758374e+00	1.305664e+02	-6.65176e+01	
1031	3.780071e+00	1.305243e+02	-6.66385e+01	
1032	3.801894e+00	1.304822e+02	-6.67589e+01	
1033	3.823843e+00	1.304400e+02	-6.68789e+01	
1034	3.845918e+00	1.303977e+02	-6.69984e+01	
1035	3.868121e+00	1.303553e+02	-6.71174e+01	
1036	3.890451e+00	1.303129e+02	-6.72360e+01	
1037	3.912911e+00	1.302704e+02	-6.73541e+01	
1038	3.935501e+00	1.302278e+02	-6.74717e+01	
1039	3.958221e+00	1.301851e+02	-6.75888e+01	
1040	3.981072e+00	1.301424e+02	-6.77055e+01	

Index   frequency       tdb             tph             
--------------------------------------------------------------------------------
1041	4.004055e+00	1.300996e+02	-6.78217e+01	
1042	4.027170e+00	1.300567e+02	-6.79374e+01	
1043	4.050419e+00	1.300138e+02	-6.80527e+01	
1044	4.073803e+00	1.299708e+02	-6.81674e+01	
1045	4.097321e+00	1.299277e+02	-6.82817e+01	
1046	4.120975e+00	1.298846e+02	-6.83956e+01	
1047	4.144766e+00	1.298413e+02	-6.85089e+01	
1048	4.168694e+00	1.297981e+02	-6.86218e+01	
1049	4.192760e+00	1.297547e+02	-6.87342e+01	
1050	4.216965e+00	1.297113e+02	-6.88462e+01	
1051	4.241310e+00	1.296678e+02	-6.89577e+01	
1052	4.265795e+00	1.296243e+02	-6.90687e+01	
1053	4.290422e+00	1.295807e+02	-6.91792e+01	
1054	4.315191e+00	1.295370e+02	-6.92893e+01	
1055	4.340103e+00	1.294933e+02	-6.93989e+01	
1056	4.365158e+00	1.294495e+02	-6.95080e+01	
1057	4.390359e+00	1.294056e+02	-6.96167e+01	
1058	4.415704e+00	1.293617e+02	-6.97249e+01	
1059	4.441197e+00	1.293177e+02	-6.98326e+01	
1060	4.466836e+00	1.292736e+02	-6.99399e+01	
1061	4.492623e+00	1.292295e+02	-7.00467e+01	
1062	4.518559e+00	1.291854e+02	-7.01530e+01	
1063	4.544645e+00	1.291411e+02	-7.02589e+01	
1064	4.570882e+00	1.290969e+02	-7.03643e+01	
1065	4.597270e+00	1.290525e+02	-7.04692e+01	
1066	4.623810e+00	1.290081e+02	-7.05737e+01	
1067	4.650504e+00	1.289637e+02	-7.06777e+01	
1068	4.677351e+00	1.289192e+02	-7.07813e+01	
1069	4.704354e+00	1.288746e+02	-7.08844e+01	
1070	4.731513e+00	1.288300e+02	-7.09870e+01	
1071	4.758828e+00	1.287853e+02	-7.10892e+01	
1072	4.786301e+00	1.287406e+02	-7.11909e+01	
1073	4.813933e+00	1.286958e+02	-7.12922e+01	
1074	4.841724e+00	1.286509e+02	-7.13930e+01	
1075	4.869675e+00	1.286060e+02	-7.14933e+01	
1076	4.897788e+00	1.285611e+02	-7.15932e+01	
1077	4.926063e+00	1.285161e+02	-7.16927e+01	
1078	4.954502e+00	1.284710e+02	-7.17916e+01	
1079	4.983105e+00	1.284259e+02	-7.18902e+01	
1080	5.011872e+00	1.283808e+02	-7.19883e+01	
1081	5.040806e+00	1.283356e+02	-7.20859e+01	
1082	5.069907e+00	1.282903e+02	-7.21831e+01	
1083	5.099176e+00	1.282450e+02	-7.22798e+01	
1084	5.128614e+00	1.281997e+02	-7.23761e+01	
1085	5.158222e+00	1.281543e+02	-7.24720e+01	
1086	5.188000e+00	1.281089e+02	-7.25674e+01	
1087	5.217951e+00	1.280634e+02	-7.26624e+01	
1088	5.248075e+00	1.280178e+02	-7.27569e+01	
1089	5.278372e+00	1.279722e+02	-7.28510e+01	
1090	5.308844e+00	1.279266e+02	-7.29446e+01	
1091	5.339493e+00	1.278809e+02	-7.30378e+01	
1092	5.370318e+00	1.278352e+02	-7.31306e+01	
1093	5.401321e+00	1.277894e+02	-7.32229e+01	
1094	5.432503e+00	1.277436e+02	-7.33148e+01	
1095	5.463865e+00	1.276978e+02	-7.34062e+01	
1096	5.495409e+00	1.276519e+02	-7.34973e+01	
1097	5.527134e+00	1.276059e+02	-7.35879e+01	
1098	5.559043e+00	1.275599e+02	-7.36780e+01	

Index   frequency       tdb             tph             
--------------------------------------------------------------------------------
1099	5.591135e+00	1.275139e+02	-7.37678e+01	
1100	5.623413e+00	1.274678e+02	-7.38571e+01	
1101	5.655878e+00	1.274217e+02	-7.39459e+01	
1102	5.688529e+00	1.273756e+02	-7.40344e+01	
1103	5.721370e+00	1.273294e+02	-7.41224e+01	
1104	5.754399e+00	1.272831e+02	-7.42100e+01	
1105	5.787620e+00	1.272369e+02	-7.42972e+01	
1106	5.821032e+00	1.271906e+02	-7.43840e+01	
1107	5.854637e+00	1.271442e+02	-7.44703e+01	
1108	5.888437e+00	1.270978e+02	-7.45562e+01	
1109	5.922431e+00	1.270514e+02	-7.46417e+01	
1110	5.956621e+00	1.270049e+02	-7.47268e+01	
1111	5.991009e+00	1.269584e+02	-7.48115e+01	
1112	6.025596e+00	1.269119e+02	-7.48958e+01	
1113	6.060382e+00	1.268653e+02	-7.49796e+01	
1114	6.095369e+00	1.268187e+02	-7.50631e+01	
1115	6.130558e+00	1.267720e+02	-7.51461e+01	
1116	6.165950e+00	1.267253e+02	-7.52288e+01	
1117	6.201546e+00	1.266786e+02	-7.53110e+01	
1118	6.237348e+00	1.266319e+02	-7.53928e+01	
1119	6.273357e+00	1.265851e+02	-7.54742e+01	
1120	6.309573e+00	1.265382e+02	-7.55552e+01	
1121	6.345999e+00	1.264914e+02	-7.56359e+01	
1122	6.382635e+00	1.264445e+02	-7.57161e+01	
1123	6.419482e+00	1.263976e+02	-7.57959e+01	
1124	6.456542e+00	1.263506e+02	-7.58753e+01	
1125	6.493816e+00	1.263036e+02	-7.59544e+01	
1126	6.531306e+00	1.262566e+02	-7.60330e+01	
1127	6.569011e+00	1.262095e+02	-7.61112e+01	
1128	6.606934e+00	1.261624e+02	-7.61891e+01	
1129	6.645077e+00	1.261153e+02	-7.62666e+01	
1130	6.683439e+00	1.260682e+02	-7.63437e+01	
1131	6.722023e+00	1.260210e+02	-7.64203e+01	
1132	6.760830e+00	1.259738e+02	-7.64967e+01	
1133	6.799860e+00	1.259265e+02	-7.65726e+01	
1134	6.839116e+00	1.258792e+02	-7.66481e+01	
1135	6.878599e+00	1.258319e+02	-7.67233e+01	
1136	6.918310e+00	1.257846e+02	-7.67981e+01	
1137	6.958250e+00	1.257372e+02	-7.68725e+01	
1138	6.998420e+00	1.256898e+02	-7.69466e+01	
1139	7.038822e+00	1.256424e+02	-7.70202e+01	
1140	7.079458e+00	1.255950e+02	-7.70935e+01	
1141	7.120328e+00	1.255475e+02	-7.71665e+01	
1142	7.161434e+00	1.255000e+02	-7.72390e+01	
1143	7.202778e+00	1.254525e+02	-7.73112e+01	
1144	7.244360e+00	1.254049e+02	-7.73830e+01	
1145	7.286182e+00	1.253573e+02	-7.74545e+01	
1146	7.328245e+00	1.253097e+02	-7.75256e+01	
1147	7.370552e+00	1.252621e+02	-7.75963e+01	
1148	7.413102e+00	1.252144e+02	-7.76667e+01	
1149	7.455899e+00	1.251668e+02	-7.77367e+01	
1150	7.498942e+00	1.251190e+02	-7.78063e+01	
1151	7.542234e+00	1.250713e+02	-7.78756e+01	
1152	7.585776e+00	1.250235e+02	-7.79446e+01	
1153	7.629569e+00	1.249758e+02	-7.80132e+01	
1154	7.673615e+00	1.249279e+02	-7.80814e+01	
1155	7.717915e+00	1.248801e+02	-7.81493e+01	
1156	7.762471e+00	1.248323e+02	-7.82169e+01	

Index   frequency       tdb             tph             
--------------------------------------------------------------------------------
1157	7.807284e+00	1.247844e+02	-7.82841e+01	
1158	7.852356e+00	1.247365e+02	-7.83509e+01	
1159	7.897688e+00	1.246885e+02	-7.84174e+01	
1160	7.943282e+00	1.246406e+02	-7.84836e+01	
1161	7.989139e+00	1.245926e+02	-7.85494e+01	
1162	8.035261e+00	1.245446e+02	-7.86149e+01	
1163	8.081649e+00	1.244966e+02	-7.86801e+01	
1164	8.128305e+00	1.244486e+02	-7.87449e+01	
1165	8.175230e+00	1.244005e+02	-7.88094e+01	
1166	8.222426e+00	1.243524e+02	-7.88735e+01	
1167	8.269895e+00	1.243043e+02	-7.89373e+01	
1168	8.317638e+00	1.242562e+02	-7.90008e+01	
1169	8.365656e+00	1.242081e+02	-7.90640e+01	
1170	8.413951e+00	1.241599e+02	-7.91268e+01	
1171	8.462526e+00	1.241117e+02	-7.91893e+01	
1172	8.511380e+00	1.240635e+02	-7.92515e+01	
1173	8.560517e+00	1.240153e+02	-7.93134e+01	
1174	8.609938e+00	1.239670e+02	-7.93749e+01	
1175	8.659643e+00	1.239188e+02	-7.94361e+01	
1176	8.709636e+00	1.238705e+02	-7.94970e+01	
1177	8.759917e+00	1.238222e+02	-7.95576e+01	
1178	8.810489e+00	1.237739e+02	-7.96179e+01	
1179	8.861352e+00	1.237255e+02	-7.96779e+01	
1180	8.912509e+00	1.236772e+02	-7.97375e+01	
1181	8.963962e+00	1.236288e+02	-7.97968e+01	
1182	9.015711e+00	1.235804e+02	-7.98559e+01	
1183	9.067760e+00	1.235320e+02	-7.99146e+01	
1184	9.120108e+00	1.234835e+02	-7.99730e+01	
1185	9.172759e+00	1.234351e+02	-8.00311e+01	
1186	9.225714e+00	1.233866e+02	-8.00889e+01	
1187	9.278975e+00	1.233382e+02	-8.01464e+01	
1188	9.332543e+00	1.232897e+02	-8.02036e+01	
1189	9.386420e+00	1.232411e+02	-8.02605e+01	
1190	9.440609e+00	1.231926e+02	-8.03171e+01	
1191	9.495110e+00	1.231441e+02	-8.03734e+01	
1192	9.549926e+00	1.230955e+02	-8.04295e+01	
1193	9.605058e+00	1.230469e+02	-8.04852e+01	
1194	9.660509e+00	1.229983e+02	-8.05406e+01	
1195	9.716280e+00	1.229497e+02	-8.05958e+01	
1196	9.772372e+00	1.229011e+02	-8.06506e+01	
1197	9.828789e+00	1.228524e+02	-8.07052e+01	
1198	9.885531e+00	1.228038e+02	-8.07595e+01	
1199	9.942601e+00	1.227551e+02	-8.08135e+01	
1200	1.000000e+01	1.227064e+02	-8.08672e+01	
1201	1.005773e+01	1.226577e+02	-8.09206e+01	
1202	1.011579e+01	1.226090e+02	-8.09738e+01	
1203	1.017419e+01	1.225603e+02	-8.10266e+01	
1204	1.023293e+01	1.225115e+02	-8.10792e+01	
1205	1.029201e+01	1.224628e+02	-8.11316e+01	
1206	1.035142e+01	1.224140e+02	-8.11836e+01	
1207	1.041118e+01	1.223652e+02	-8.12354e+01	
1208	1.047129e+01	1.223164e+02	-8.12869e+01	
1209	1.053174e+01	1.222676e+02	-8.13381e+01	
1210	1.059254e+01	1.222188e+02	-8.13891e+01	
1211	1.065369e+01	1.221699e+02	-8.14398e+01	
1212	1.071519e+01	1.221211e+02	-8.14902e+01	
1213	1.077705e+01	1.220722e+02	-8.15404e+01	
1214	1.083927e+01	1.220233e+02	-8.15903e+01	

Index   frequency       tdb             tph             
--------------------------------------------------------------------------------
1215	1.090184e+01	1.219744e+02	-8.16399e+01	
1216	1.096478e+01	1.219255e+02	-8.16893e+01	
1217	1.102808e+01	1.218766e+02	-8.17384e+01	
1218	1.109175e+01	1.218277e+02	-8.17873e+01	
1219	1.115578e+01	1.217788e+02	-8.18359e+01	
1220	1.122018e+01	1.217298e+02	-8.18842e+01	
1221	1.128496e+01	1.216808e+02	-8.19323e+01	
1222	1.135011e+01	1.216319e+02	-8.19802e+01	
1223	1.141563e+01	1.215829e+02	-8.20278e+01	
1224	1.148154e+01	1.215339e+02	-8.20751e+01	
1225	1.154782e+01	1.214849e+02	-8.21222e+01	
1226	1.161449e+01	1.214359e+02	-8.21691e+01	
1227	1.168154e+01	1.213868e+02	-8.22157e+01	
1228	1.174898e+01	1.213378e+02	-8.22620e+01	
1229	1.181680e+01	1.212887e+02	-8.23081e+01	
1230	1.188502e+01	1.212397e+02	-8.23540e+01	
1231	1.195364e+01	1.211906e+02	-8.23996e+01	
1232	1.202264e+01	1.211415e+02	-8.24450e+01	
1233	1.209205e+01	1.210924e+02	-8.24902e+01	
1234	1.216186e+01	1.210433e+02	-8.25351e+01	
1235	1.223207e+01	1.209942e+02	-8.25798e+01	
1236	1.230269e+01	1.209451e+02	-8.26243e+01	
1237	1.237371e+01	1.208959e+02	-8.26685e+01	
1238	1.244515e+01	1.208468e+02	-8.27125e+01	
1239	1.251699e+01	1.207976e+02	-8.27562e+01	
1240	1.258925e+01	1.207485e+02	-8.27997e+01	
1241	1.266193e+01	1.206993e+02	-8.28430e+01	
1242	1.273503e+01	1.206501e+02	-8.28861e+01	
1243	1.280855e+01	1.206009e+02	-8.29289e+01	
1244	1.288250e+01	1.205517e+02	-8.29716e+01	
1245	1.295687e+01	1.205025e+02	-8.30140e+01	
1246	1.303167e+01	1.204533e+02	-8.30561e+01	
1247	1.310690e+01	1.204041e+02	-8.30981e+01	
1248	1.318257e+01	1.203548e+02	-8.31398e+01	
1249	1.325867e+01	1.203056e+02	-8.31814e+01	
1250	1.333521e+01	1.202563e+02	-8.32227e+01	
1251	1.341220e+01	1.202071e+02	-8.32638e+01	
1252	1.348963e+01	1.201578e+02	-8.33046e+01	
1253	1.356751e+01	1.201085e+02	-8.33453e+01	
1254	1.364583e+01	1.200592e+02	-8.33857e+01	
1255	1.372461e+01	1.200099e+02	-8.34260e+01	
1256	1.380384e+01	1.199606e+02	-8.34660e+01	
1257	1.388353e+01	1.199113e+02	-8.35058e+01	
1258	1.396368e+01	1.198620e+02	-8.35454e+01	
1259	1.404430e+01	1.198127e+02	-8.35849e+01	
1260	1.412538e+01	1.197633e+02	-8.36241e+01	
1261	1.420692e+01	1.197140e+02	-8.36631e+01	
1262	1.428894e+01	1.196646e+02	-8.37019e+01	
1263	1.437143e+01	1.196153e+02	-8.37404e+01	
1264	1.445440e+01	1.195659e+02	-8.37788e+01	
1265	1.453784e+01	1.195166e+02	-8.38170e+01	
1266	1.462177e+01	1.194672e+02	-8.38550e+01	
1267	1.470618e+01	1.194178e+02	-8.38928e+01	
1268	1.479108e+01	1.193684e+02	-8.39305e+01	
1269	1.487647e+01	1.193190e+02	-8.39679e+01	
1270	1.496236e+01	1.192696e+02	-8.40051e+01	
1271	1.504874e+01	1.192202e+02	-8.40421e+01	
1272	1.513561e+01	1.191708e+02	-8.40789e+01	

Index   frequency       tdb             tph             
--------------------------------------------------------------------------------
1273	1.522299e+01	1.191213e+02	-8.41156e+01	
1274	1.531087e+01	1.190719e+02	-8.41520e+01	
1275	1.539927e+01	1.190225e+02	-8.41883e+01	
1276	1.548817e+01	1.189730e+02	-8.42244e+01	
1277	1.557758e+01	1.189236e+02	-8.42603e+01	
1278	1.566751e+01	1.188741e+02	-8.42960e+01	
1279	1.575796e+01	1.188247e+02	-8.43315e+01	
1280	1.584893e+01	1.187752e+02	-8.43669e+01	
1281	1.594043e+01	1.187257e+02	-8.44021e+01	
1282	1.603245e+01	1.186762e+02	-8.44370e+01	
1283	1.612501e+01	1.186267e+02	-8.44718e+01	
1284	1.621810e+01	1.185772e+02	-8.45065e+01	
1285	1.631173e+01	1.185277e+02	-8.45409e+01	
1286	1.640590e+01	1.184782e+02	-8.45752e+01	
1287	1.650061e+01	1.184287e+02	-8.46093e+01	
1288	1.659587e+01	1.183792e+02	-8.46432e+01	
1289	1.669168e+01	1.183297e+02	-8.46770e+01	
1290	1.678804e+01	1.182802e+02	-8.47106e+01	
1291	1.688496e+01	1.182306e+02	-8.47440e+01	
1292	1.698244e+01	1.181811e+02	-8.47772e+01	
1293	1.708048e+01	1.181315e+02	-8.48103e+01	
1294	1.717908e+01	1.180820e+02	-8.48432e+01	
1295	1.727826e+01	1.180324e+02	-8.48760e+01	
1296	1.737801e+01	1.179829e+02	-8.49085e+01	
1297	1.747833e+01	1.179333e+02	-8.49409e+01	
1298	1.757924e+01	1.178838e+02	-8.49732e+01	
1299	1.768072e+01	1.178342e+02	-8.50053e+01	
1300	1.778279e+01	1.177846e+02	-8.50372e+01	
1301	1.788546e+01	1.177350e+02	-8.50690e+01	
1302	1.798871e+01	1.176854e+02	-8.51006e+01	
1303	1.809256e+01	1.176358e+02	-8.51320e+01	
1304	1.819701e+01	1.175862e+02	-8.51633e+01	
1305	1.830206e+01	1.175366e+02	-8.51944e+01	
1306	1.840772e+01	1.174870e+02	-8.52254e+01	
1307	1.851399e+01	1.174374e+02	-8.52562e+01	
1308	1.862087e+01	1.173878e+02	-8.52869e+01	
1309	1.872837e+01	1.173382e+02	-8.53174e+01	
1310	1.883649e+01	1.172886e+02	-8.53477e+01	
1311	1.894524e+01	1.172389e+02	-8.53780e+01	
1312	1.905461e+01	1.171893e+02	-8.54080e+01	
1313	1.916461e+01	1.171397e+02	-8.54379e+01	
1314	1.927525e+01	1.170900e+02	-8.54677e+01	
1315	1.938653e+01	1.170404e+02	-8.54973e+01	
1316	1.949845e+01	1.169907e+02	-8.55268e+01	
1317	1.961101e+01	1.169411e+02	-8.55561e+01	
1318	1.972423e+01	1.168914e+02	-8.55853e+01	
1319	1.983810e+01	1.168417e+02	-8.56143e+01	
1320	1.995262e+01	1.167921e+02	-8.56432e+01	
1321	2.006781e+01	1.167424e+02	-8.56720e+01	
1322	2.018366e+01	1.166927e+02	-8.57006e+01	
1323	2.030019e+01	1.166431e+02	-8.57290e+01	
1324	2.041738e+01	1.165934e+02	-8.57574e+01	
1325	2.053525e+01	1.165437e+02	-8.57856e+01	
1326	2.065380e+01	1.164940e+02	-8.58136e+01	
1327	2.077304e+01	1.164443e+02	-8.58416e+01	
1328	2.089296e+01	1.163946e+02	-8.58693e+01	
1329	2.101358e+01	1.163449e+02	-8.58970e+01	
1330	2.113489e+01	1.162952e+02	-8.59245e+01	

Index   frequency       tdb             tph             
--------------------------------------------------------------------------------
1331	2.125690e+01	1.162455e+02	-8.59519e+01	
1332	2.137962e+01	1.161958e+02	-8.59792e+01	
1333	2.150305e+01	1.161461e+02	-8.60063e+01	
1334	2.162719e+01	1.160964e+02	-8.60333e+01	
1335	2.175204e+01	1.160467e+02	-8.60601e+01	
1336	2.187762e+01	1.159969e+02	-8.60869e+01	
1337	2.200392e+01	1.159472e+02	-8.61135e+01	
1338	2.213095e+01	1.158975e+02	-8.61400e+01	
1339	2.225871e+01	1.158478e+02	-8.61663e+01	
1340	2.238721e+01	1.157980e+02	-8.61925e+01	
1341	2.251645e+01	1.157483e+02	-8.62186e+01	
1342	2.264644e+01	1.156985e+02	-8.62446e+01	
1343	2.277718e+01	1.156488e+02	-8.62705e+01	
1344	2.290868e+01	1.155990e+02	-8.62962e+01	
1345	2.304093e+01	1.155493e+02	-8.63218e+01	
1346	2.317395e+01	1.154995e+02	-8.63473e+01	
1347	2.330773e+01	1.154498e+02	-8.63727e+01	
1348	2.344229e+01	1.154000e+02	-8.63980e+01	
1349	2.357762e+01	1.153503e+02	-8.64231e+01	
1350	2.371374e+01	1.153005e+02	-8.64481e+01	
1351	2.385064e+01	1.152507e+02	-8.64730e+01	
1352	2.398833e+01	1.152010e+02	-8.64978e+01	
1353	2.412682e+01	1.151512e+02	-8.65225e+01	
1354	2.426610e+01	1.151014e+02	-8.65471e+01	
1355	2.440619e+01	1.150516e+02	-8.65715e+01	
1356	2.454709e+01	1.150019e+02	-8.65959e+01	
1357	2.468880e+01	1.149521e+02	-8.66201e+01	
1358	2.483133e+01	1.149023e+02	-8.66442e+01	
1359	2.497468e+01	1.148525e+02	-8.66682e+01	
1360	2.511886e+01	1.148027e+02	-8.66921e+01	
1361	2.526388e+01	1.147529e+02	-8.67159e+01	
1362	2.540973e+01	1.147031e+02	-8.67396e+01	
1363	2.555642e+01	1.146533e+02	-8.67632e+01	
1364	2.570396e+01	1.146035e+02	-8.67867e+01	
1365	2.585235e+01	1.145537e+02	-8.68100e+01	
1366	2.600160e+01	1.145039e+02	-8.68333e+01	
1367	2.615170e+01	1.144541e+02	-8.68564e+01	
1368	2.630268e+01	1.144043e+02	-8.68795e+01	
1369	2.645453e+01	1.143545e+02	-8.69025e+01	
1370	2.660725e+01	1.143047e+02	-8.69253e+01	
1371	2.676086e+01	1.142549e+02	-8.69481e+01	
1372	2.691535e+01	1.142050e+02	-8.69707e+01	
1373	2.707073e+01	1.141552e+02	-8.69933e+01	
1374	2.722701e+01	1.141054e+02	-8.70157e+01	
1375	2.738420e+01	1.140556e+02	-8.70381e+01	
1376	2.754229e+01	1.140058e+02	-8.70603e+01	
1377	2.770129e+01	1.139559e+02	-8.70825e+01	
1378	2.786121e+01	1.139061e+02	-8.71046e+01	
1379	2.802206e+01	1.138563e+02	-8.71265e+01	
1380	2.818383e+01	1.138064e+02	-8.71484e+01	
1381	2.834654e+01	1.137566e+02	-8.71702e+01	
1382	2.851018e+01	1.137067e+02	-8.71919e+01	
1383	2.867477e+01	1.136569e+02	-8.72135e+01	
1384	2.884032e+01	1.136071e+02	-8.72350e+01	
1385	2.900681e+01	1.135572e+02	-8.72564e+01	
1386	2.917427e+01	1.135074e+02	-8.72777e+01	
1387	2.934270e+01	1.134575e+02	-8.72990e+01	
1388	2.951209e+01	1.134077e+02	-8.73201e+01	

Index   frequency       tdb             tph             
--------------------------------------------------------------------------------
1389	2.968247e+01	1.133578e+02	-8.73412e+01	
1390	2.985383e+01	1.133080e+02	-8.73621e+01	
1391	3.002617e+01	1.132581e+02	-8.73830e+01	
1392	3.019952e+01	1.132083e+02	-8.74038e+01	
1393	3.037386e+01	1.131584e+02	-8.74245e+01	
1394	3.054921e+01	1.131085e+02	-8.74452e+01	
1395	3.072557e+01	1.130587e+02	-8.74657e+01	
1396	3.090295e+01	1.130088e+02	-8.74862e+01	
1397	3.108136e+01	1.129589e+02	-8.75066e+01	
1398	3.126079e+01	1.129091e+02	-8.75269e+01	
1399	3.144126e+01	1.128592e+02	-8.75471e+01	
1400	3.162278e+01	1.128093e+02	-8.75672e+01	
1401	3.180534e+01	1.127595e+02	-8.75873e+01	
1402	3.198895e+01	1.127096e+02	-8.76073e+01	
1403	3.217363e+01	1.126597e+02	-8.76272e+01	
1404	3.235937e+01	1.126098e+02	-8.76470e+01	
1405	3.254618e+01	1.125600e+02	-8.76667e+01	
1406	3.273407e+01	1.125101e+02	-8.76864e+01	
1407	3.292305e+01	1.124602e+02	-8.77060e+01	
1408	3.311311e+01	1.124103e+02	-8.77255e+01	
1409	3.330428e+01	1.123604e+02	-8.77449e+01	
1410	3.349654e+01	1.123105e+02	-8.77643e+01	
1411	3.368992e+01	1.122607e+02	-8.77836e+01	
1412	3.388442e+01	1.122108e+02	-8.78028e+01	
1413	3.408003e+01	1.121609e+02	-8.78220e+01	
1414	3.427678e+01	1.121110e+02	-8.78411e+01	
1415	3.447466e+01	1.120611e+02	-8.78601e+01	
1416	3.467369e+01	1.120112e+02	-8.78790e+01	
1417	3.487386e+01	1.119613e+02	-8.78979e+01	
1418	3.507519e+01	1.119114e+02	-8.79167e+01	
1419	3.527768e+01	1.118615e+02	-8.79354e+01	
1420	3.548134e+01	1.118116e+02	-8.79541e+01	
1421	3.568617e+01	1.117617e+02	-8.79726e+01	
1422	3.589219e+01	1.117118e+02	-8.79912e+01	
1423	3.609940e+01	1.116619e+02	-8.80096e+01	
1424	3.630781e+01	1.116120e+02	-8.80280e+01	
1425	3.651741e+01	1.115621e+02	-8.80464e+01	
1426	3.672823e+01	1.115122e+02	-8.80646e+01	
1427	3.694026e+01	1.114623e+02	-8.80828e+01	
1428	3.715352e+01	1.114124e+02	-8.81010e+01	
1429	3.736801e+01	1.113625e+02	-8.81190e+01	
1430	3.758374e+01	1.113125e+02	-8.81371e+01	
1431	3.780071e+01	1.112626e+02	-8.81550e+01	
1432	3.801894e+01	1.112127e+02	-8.81729e+01	
1433	3.823843e+01	1.111628e+02	-8.81907e+01	
1434	3.845918e+01	1.111129e+02	-8.82085e+01	
1435	3.868121e+01	1.110630e+02	-8.82262e+01	
1436	3.890451e+01	1.110131e+02	-8.82439e+01	
1437	3.912911e+01	1.109631e+02	-8.82615e+01	
1438	3.935501e+01	1.109132e+02	-8.82790e+01	
1439	3.958221e+01	1.108633e+02	-8.82965e+01	
1440	3.981072e+01	1.108134e+02	-8.83139e+01	
1441	4.004055e+01	1.107634e+02	-8.83313e+01	
1442	4.027170e+01	1.107135e+02	-8.83486e+01	
1443	4.050419e+01	1.106636e+02	-8.83659e+01	
1444	4.073803e+01	1.106137e+02	-8.83831e+01	
1445	4.097321e+01	1.105637e+02	-8.84002e+01	
1446	4.120975e+01	1.105138e+02	-8.84173e+01	

Index   frequency       tdb             tph             
--------------------------------------------------------------------------------
1447	4.144766e+01	1.104639e+02	-8.84344e+01	
1448	4.168694e+01	1.104139e+02	-8.84514e+01	
1449	4.192760e+01	1.103640e+02	-8.84683e+01	
1450	4.216965e+01	1.103141e+02	-8.84852e+01	
1451	4.241310e+01	1.102641e+02	-8.85021e+01	
1452	4.265795e+01	1.102142e+02	-8.85189e+01	
1453	4.290422e+01	1.101643e+02	-8.85356e+01	
1454	4.315191e+01	1.101143e+02	-8.85523e+01	
1455	4.340103e+01	1.100644e+02	-8.85690e+01	
1456	4.365158e+01	1.100145e+02	-8.85856e+01	
1457	4.390359e+01	1.099645e+02	-8.86022e+01	
1458	4.415704e+01	1.099146e+02	-8.86187e+01	
1459	4.441197e+01	1.098646e+02	-8.86351e+01	
1460	4.466836e+01	1.098147e+02	-8.86516e+01	
1461	4.492623e+01	1.097647e+02	-8.86679e+01	
1462	4.518559e+01	1.097148e+02	-8.86843e+01	
1463	4.544645e+01	1.096649e+02	-8.87006e+01	
1464	4.570882e+01	1.096149e+02	-8.87168e+01	
1465	4.597270e+01	1.095650e+02	-8.87330e+01	
1466	4.623810e+01	1.095150e+02	-8.87492e+01	
1467	4.650504e+01	1.094651e+02	-8.87653e+01	
1468	4.677351e+01	1.094151e+02	-8.87814e+01	
1469	4.704354e+01	1.093652e+02	-8.87974e+01	
1470	4.731513e+01	1.093152e+02	-8.88134e+01	
1471	4.758828e+01	1.092653e+02	-8.88294e+01	
1472	4.786301e+01	1.092153e+02	-8.88453e+01	
1473	4.813933e+01	1.091654e+02	-8.88612e+01	
1474	4.841724e+01	1.091154e+02	-8.88771e+01	
1475	4.869675e+01	1.090654e+02	-8.88929e+01	
1476	4.897788e+01	1.090155e+02	-8.89087e+01	
1477	4.926063e+01	1.089655e+02	-8.89244e+01	
1478	4.954502e+01	1.089156e+02	-8.89401e+01	
1479	4.983105e+01	1.088656e+02	-8.89558e+01	
1480	5.011872e+01	1.088157e+02	-8.89714e+01	
1481	5.040806e+01	1.087657e+02	-8.89870e+01	
1482	5.069907e+01	1.087157e+02	-8.90026e+01	
1483	5.099176e+01	1.086658e+02	-8.90181e+01	
1484	5.128614e+01	1.086158e+02	-8.90336e+01	
1485	5.158222e+01	1.085658e+02	-8.90491e+01	
1486	5.188000e+01	1.085159e+02	-8.90645e+01	
1487	5.217951e+01	1.084659e+02	-8.90799e+01	
1488	5.248075e+01	1.084160e+02	-8.90953e+01	
1489	5.278372e+01	1.083660e+02	-8.91107e+01	
1490	5.308844e+01	1.083160e+02	-8.91260e+01	
1491	5.339493e+01	1.082661e+02	-8.91413e+01	
1492	5.370318e+01	1.082161e+02	-8.91565e+01	
1493	5.401321e+01	1.081661e+02	-8.91718e+01	
1494	5.432503e+01	1.081161e+02	-8.91870e+01	
1495	5.463865e+01	1.080662e+02	-8.92021e+01	
1496	5.495409e+01	1.080162e+02	-8.92173e+01	
1497	5.527134e+01	1.079662e+02	-8.92324e+01	
1498	5.559043e+01	1.079163e+02	-8.92475e+01	
1499	5.591135e+01	1.078663e+02	-8.92626e+01	
1500	5.623413e+01	1.078163e+02	-8.92777e+01	
1501	5.655878e+01	1.077663e+02	-8.92927e+01	
1502	5.688529e+01	1.077164e+02	-8.93077e+01	
1503	5.721370e+01	1.076664e+02	-8.93227e+01	
1504	5.754399e+01	1.076164e+02	-8.93376e+01	

Index   frequency       tdb             tph             
--------------------------------------------------------------------------------
1505	5.787620e+01	1.075664e+02	-8.93526e+01	
1506	5.821032e+01	1.075165e+02	-8.93675e+01	
1507	5.854637e+01	1.074665e+02	-8.93824e+01	
1508	5.888437e+01	1.074165e+02	-8.93973e+01	
1509	5.922431e+01	1.073665e+02	-8.94121e+01	
1510	5.956621e+01	1.073165e+02	-8.94270e+01	
1511	5.991009e+01	1.072666e+02	-8.94418e+01	
1512	6.025596e+01	1.072166e+02	-8.94566e+01	
1513	6.060382e+01	1.071666e+02	-8.94714e+01	
1514	6.095369e+01	1.071166e+02	-8.94861e+01	
1515	6.130558e+01	1.070666e+02	-8.95009e+01	
1516	6.165950e+01	1.070166e+02	-8.95156e+01	
1517	6.201546e+01	1.069667e+02	-8.95303e+01	
1518	6.237348e+01	1.069167e+02	-8.95450e+01	
1519	6.273357e+01	1.068667e+02	-8.95597e+01	
1520	6.309573e+01	1.068167e+02	-8.95744e+01	
1521	6.345999e+01	1.067667e+02	-8.95890e+01	
1522	6.382635e+01	1.067167e+02	-8.96037e+01	
1523	6.419482e+01	1.066667e+02	-8.96183e+01	
1524	6.456542e+01	1.066167e+02	-8.96329e+01	
1525	6.493816e+01	1.065668e+02	-8.96475e+01	
1526	6.531306e+01	1.065168e+02	-8.96621e+01	
1527	6.569011e+01	1.064668e+02	-8.96767e+01	
1528	6.606934e+01	1.064168e+02	-8.96912e+01	
1529	6.645077e+01	1.063668e+02	-8.97058e+01	
1530	6.683439e+01	1.063168e+02	-8.97204e+01	
1531	6.722023e+01	1.062668e+02	-8.97349e+01	
1532	6.760830e+01	1.062168e+02	-8.97494e+01	
1533	6.799860e+01	1.061668e+02	-8.97640e+01	
1534	6.839116e+01	1.061168e+02	-8.97785e+01	
1535	6.878599e+01	1.060668e+02	-8.97930e+01	
1536	6.918310e+01	1.060168e+02	-8.98075e+01	
1537	6.958250e+01	1.059668e+02	-8.98220e+01	
1538	6.998420e+01	1.059168e+02	-8.98365e+01	
1539	7.038822e+01	1.058668e+02	-8.98510e+01	
1540	7.079458e+01	1.058168e+02	-8.98654e+01	
1541	7.120328e+01	1.057668e+02	-8.98799e+01	
1542	7.161434e+01	1.057168e+02	-8.98944e+01	
1543	7.202778e+01	1.056668e+02	-8.99088e+01	
1544	7.244360e+01	1.056168e+02	-8.99233e+01	
1545	7.286182e+01	1.055668e+02	-8.99378e+01	
1546	7.328245e+01	1.055168e+02	-8.99522e+01	
1547	7.370552e+01	1.054668e+02	-8.99667e+01	
1548	7.413102e+01	1.054168e+02	-8.99812e+01	
1549	7.455899e+01	1.053668e+02	-8.99956e+01	
1550	7.498942e+01	1.053168e+02	-9.00101e+01	
1551	7.542234e+01	1.052668e+02	-9.00245e+01	
1552	7.585776e+01	1.052168e+02	-9.00390e+01	
1553	7.629569e+01	1.051668e+02	-9.00534e+01	
1554	7.673615e+01	1.051168e+02	-9.00679e+01	
1555	7.717915e+01	1.050668e+02	-9.00824e+01	
1556	7.762471e+01	1.050168e+02	-9.00968e+01	
1557	7.807284e+01	1.049668e+02	-9.01113e+01	
1558	7.852356e+01	1.049168e+02	-9.01258e+01	
1559	7.897688e+01	1.048667e+02	-9.01402e+01	
1560	7.943282e+01	1.048167e+02	-9.01547e+01	
1561	7.989139e+01	1.047667e+02	-9.01692e+01	
1562	8.035261e+01	1.047167e+02	-9.01837e+01	

Index   frequency       tdb             tph             
--------------------------------------------------------------------------------
1563	8.081649e+01	1.046667e+02	-9.01982e+01	
1564	8.128305e+01	1.046167e+02	-9.02127e+01	
1565	8.175230e+01	1.045667e+02	-9.02272e+01	
1566	8.222426e+01	1.045166e+02	-9.02417e+01	
1567	8.269895e+01	1.044666e+02	-9.02563e+01	
1568	8.317638e+01	1.044166e+02	-9.02708e+01	
1569	8.365656e+01	1.043666e+02	-9.02853e+01	
1570	8.413951e+01	1.043166e+02	-9.02999e+01	
1571	8.462526e+01	1.042666e+02	-9.03145e+01	
1572	8.511380e+01	1.042165e+02	-9.03290e+01	
1573	8.560517e+01	1.041665e+02	-9.03436e+01	
1574	8.609938e+01	1.041165e+02	-9.03582e+01	
1575	8.659643e+01	1.040665e+02	-9.03728e+01	
1576	8.709636e+01	1.040165e+02	-9.03874e+01	
1577	8.759917e+01	1.039664e+02	-9.04021e+01	
1578	8.810489e+01	1.039164e+02	-9.04167e+01	
1579	8.861352e+01	1.038664e+02	-9.04314e+01	
1580	8.912509e+01	1.038164e+02	-9.04461e+01	
1581	8.963962e+01	1.037663e+02	-9.04607e+01	
1582	9.015711e+01	1.037163e+02	-9.04754e+01	
1583	9.067760e+01	1.036663e+02	-9.04902e+01	
1584	9.120108e+01	1.036163e+02	-9.05049e+01	
1585	9.172759e+01	1.035662e+02	-9.05197e+01	
1586	9.225714e+01	1.035162e+02	-9.05344e+01	
1587	9.278975e+01	1.034662e+02	-9.05492e+01	
1588	9.332543e+01	1.034162e+02	-9.05640e+01	
1589	9.386420e+01	1.033661e+02	-9.05788e+01	
1590	9.440609e+01	1.033161e+02	-9.05937e+01	
1591	9.495110e+01	1.032661e+02	-9.06085e+01	
1592	9.549926e+01	1.032160e+02	-9.06234e+01	
1593	9.605058e+01	1.031660e+02	-9.06383e+01	
1594	9.660509e+01	1.031160e+02	-9.06533e+01	
1595	9.716280e+01	1.030659e+02	-9.06682e+01	
1596	9.772372e+01	1.030159e+02	-9.06832e+01	
1597	9.828789e+01	1.029659e+02	-9.06982e+01	
1598	9.885531e+01	1.029158e+02	-9.07132e+01	
1599	9.942601e+01	1.028658e+02	-9.07282e+01	
1600	1.000000e+02	1.028157e+02	-9.07433e+01	
1601	1.005773e+02	1.027657e+02	-9.07583e+01	
1602	1.011579e+02	1.027157e+02	-9.07735e+01	
1603	1.017419e+02	1.026656e+02	-9.07886e+01	
1604	1.023293e+02	1.026156e+02	-9.08038e+01	
1605	1.029201e+02	1.025655e+02	-9.08189e+01	
1606	1.035142e+02	1.025155e+02	-9.08342e+01	
1607	1.041118e+02	1.024655e+02	-9.08494e+01	
1608	1.047129e+02	1.024154e+02	-9.08647e+01	
1609	1.053174e+02	1.023654e+02	-9.08800e+01	
1610	1.059254e+02	1.023153e+02	-9.08953e+01	
1611	1.065369e+02	1.022653e+02	-9.09107e+01	
1612	1.071519e+02	1.022152e+02	-9.09260e+01	
1613	1.077705e+02	1.021652e+02	-9.09415e+01	
1614	1.083927e+02	1.021151e+02	-9.09569e+01	
1615	1.090184e+02	1.020651e+02	-9.09724e+01	
1616	1.096478e+02	1.020150e+02	-9.09879e+01	
1617	1.102808e+02	1.019650e+02	-9.10034e+01	
1618	1.109175e+02	1.019149e+02	-9.10190e+01	
1619	1.115578e+02	1.018649e+02	-9.10346e+01	
1620	1.122018e+02	1.018148e+02	-9.10503e+01	

Index   frequency       tdb             tph             
--------------------------------------------------------------------------------
1621	1.128496e+02	1.017648e+02	-9.10660e+01	
1622	1.135011e+02	1.017147e+02	-9.10817e+01	
1623	1.141563e+02	1.016646e+02	-9.10974e+01	
1624	1.148154e+02	1.016146e+02	-9.11132e+01	
1625	1.154782e+02	1.015645e+02	-9.11290e+01	
1626	1.161449e+02	1.015145e+02	-9.11449e+01	
1627	1.168154e+02	1.014644e+02	-9.11608e+01	
1628	1.174898e+02	1.014144e+02	-9.11767e+01	
1629	1.181680e+02	1.013643e+02	-9.11927e+01	
1630	1.188502e+02	1.013142e+02	-9.12087e+01	
1631	1.195364e+02	1.012642e+02	-9.12248e+01	
1632	1.202264e+02	1.012141e+02	-9.12409e+01	
1633	1.209205e+02	1.011640e+02	-9.12570e+01	
1634	1.216186e+02	1.011140e+02	-9.12732e+01	
1635	1.223207e+02	1.010639e+02	-9.12894e+01	
1636	1.230269e+02	1.010138e+02	-9.13057e+01	
1637	1.237371e+02	1.009638e+02	-9.13220e+01	
1638	1.244515e+02	1.009137e+02	-9.13383e+01	
1639	1.251699e+02	1.008636e+02	-9.13547e+01	
1640	1.258925e+02	1.008135e+02	-9.13711e+01	
1641	1.266193e+02	1.007635e+02	-9.13876e+01	
1642	1.273503e+02	1.007134e+02	-9.14041e+01	
1643	1.280855e+02	1.006633e+02	-9.14207e+01	
1644	1.288250e+02	1.006132e+02	-9.14373e+01	
1645	1.295687e+02	1.005632e+02	-9.14540e+01	
1646	1.303167e+02	1.005131e+02	-9.14707e+01	
1647	1.310690e+02	1.004630e+02	-9.14875e+01	
1648	1.318257e+02	1.004129e+02	-9.15043e+01	
1649	1.325867e+02	1.003628e+02	-9.15212e+01	
1650	1.333521e+02	1.003127e+02	-9.15381e+01	
1651	1.341220e+02	1.002627e+02	-9.15550e+01	
1652	1.348963e+02	1.002126e+02	-9.15720e+01	
1653	1.356751e+02	1.001625e+02	-9.15891e+01	
1654	1.364583e+02	1.001124e+02	-9.16062e+01	
1655	1.372461e+02	1.000623e+02	-9.16234e+01	
1656	1.380384e+02	1.000122e+02	-9.16406e+01	
1657	1.388353e+02	9.996212e+01	-9.16579e+01	
1658	1.396368e+02	9.991203e+01	-9.16752e+01	
1659	1.404430e+02	9.986194e+01	-9.16926e+01	
1660	1.412538e+02	9.981184e+01	-9.17100e+01	
1661	1.420692e+02	9.976174e+01	-9.17275e+01	
1662	1.428894e+02	9.971164e+01	-9.17451e+01	
1663	1.437143e+02	9.966154e+01	-9.17627e+01	
1664	1.445440e+02	9.961144e+01	-9.17804e+01	
1665	1.453784e+02	9.956134e+01	-9.17981e+01	
1666	1.462177e+02	9.951123e+01	-9.18159e+01	
1667	1.470618e+02	9.946113e+01	-9.18338e+01	
1668	1.479108e+02	9.941102e+01	-9.18517e+01	
1669	1.487647e+02	9.936091e+01	-9.18696e+01	
1670	1.496236e+02	9.931081e+01	-9.18877e+01	
1671	1.504874e+02	9.926069e+01	-9.19057e+01	
1672	1.513561e+02	9.921058e+01	-9.19239e+01	
1673	1.522299e+02	9.916047e+01	-9.19421e+01	
1674	1.531087e+02	9.911035e+01	-9.19604e+01	
1675	1.539927e+02	9.906024e+01	-9.19787e+01	
1676	1.548817e+02	9.901012e+01	-9.19972e+01	
1677	1.557758e+02	9.896000e+01	-9.20156e+01	
1678	1.566751e+02	9.890988e+01	-9.20342e+01	

Index   frequency       tdb             tph             
--------------------------------------------------------------------------------
1679	1.575796e+02	9.885976e+01	-9.20528e+01	
1680	1.584893e+02	9.880963e+01	-9.20715e+01	
1681	1.594043e+02	9.875951e+01	-9.20902e+01	
1682	1.603245e+02	9.870938e+01	-9.21090e+01	
1683	1.612501e+02	9.865925e+01	-9.21279e+01	
1684	1.621810e+02	9.860912e+01	-9.21469e+01	
1685	1.631173e+02	9.855899e+01	-9.21659e+01	
1686	1.640590e+02	9.850885e+01	-9.21850e+01	
1687	1.650061e+02	9.845872e+01	-9.22041e+01	
1688	1.659587e+02	9.840858e+01	-9.22234e+01	
1689	1.669168e+02	9.835844e+01	-9.22427e+01	
1690	1.678804e+02	9.830830e+01	-9.22621e+01	
1691	1.688496e+02	9.825816e+01	-9.22815e+01	
1692	1.698244e+02	9.820802e+01	-9.23011e+01	
1693	1.708048e+02	9.815787e+01	-9.23207e+01	
1694	1.717908e+02	9.810772e+01	-9.23404e+01	
1695	1.727826e+02	9.805757e+01	-9.23601e+01	
1696	1.737801e+02	9.800742e+01	-9.23800e+01	
1697	1.747833e+02	9.795727e+01	-9.23999e+01	
1698	1.757924e+02	9.790711e+01	-9.24199e+01	
1699	1.768072e+02	9.785696e+01	-9.24399e+01	
1700	1.778279e+02	9.780680e+01	-9.24601e+01	
1701	1.788546e+02	9.775664e+01	-9.24803e+01	
1702	1.798871e+02	9.770648e+01	-9.25006e+01	
1703	1.809256e+02	9.765631e+01	-9.25210e+01	
1704	1.819701e+02	9.760614e+01	-9.25415e+01	
1705	1.830206e+02	9.755598e+01	-9.25621e+01	
1706	1.840772e+02	9.750581e+01	-9.25827e+01	
1707	1.851399e+02	9.745563e+01	-9.26035e+01	
1708	1.862087e+02	9.740546e+01	-9.26243e+01	
1709	1.872837e+02	9.735528e+01	-9.26452e+01	
1710	1.883649e+02	9.730510e+01	-9.26662e+01	
1711	1.894524e+02	9.725492e+01	-9.26873e+01	
1712	1.905461e+02	9.720474e+01	-9.27084e+01	
1713	1.916461e+02	9.715455e+01	-9.27297e+01	
1714	1.927525e+02	9.710437e+01	-9.27510e+01	
1715	1.938653e+02	9.705418e+01	-9.27724e+01	
1716	1.949845e+02	9.700398e+01	-9.27940e+01	
1717	1.961101e+02	9.695379e+01	-9.28156e+01	
1718	1.972423e+02	9.690359e+01	-9.28373e+01	
1719	1.983810e+02	9.685339e+01	-9.28591e+01	
1720	1.995262e+02	9.680319e+01	-9.28810e+01	
1721	2.006781e+02	9.675299e+01	-9.29030e+01	
1722	2.018366e+02	9.670278e+01	-9.29250e+01	
1723	2.030019e+02	9.665257e+01	-9.29472e+01	
1724	2.041738e+02	9.660236e+01	-9.29695e+01	
1725	2.053525e+02	9.655215e+01	-9.29919e+01	
1726	2.065380e+02	9.650193e+01	-9.30143e+01	
1727	2.077304e+02	9.645171e+01	-9.30369e+01	
1728	2.089296e+02	9.640149e+01	-9.30596e+01	
1729	2.101358e+02	9.635127e+01	-9.30823e+01	
1730	2.113489e+02	9.630104e+01	-9.31052e+01	
1731	2.125690e+02	9.625081e+01	-9.31282e+01	
1732	2.137962e+02	9.620058e+01	-9.31512e+01	
1733	2.150305e+02	9.615034e+01	-9.31744e+01	
1734	2.162719e+02	9.610010e+01	-9.31977e+01	
1735	2.175204e+02	9.604986e+01	-9.32211e+01	
1736	2.187762e+02	9.599962e+01	-9.32445e+01	

Index   frequency       tdb             tph             
--------------------------------------------------------------------------------
1737	2.200392e+02	9.594937e+01	-9.32681e+01	
1738	2.213095e+02	9.589913e+01	-9.32918e+01	
1739	2.225871e+02	9.584887e+01	-9.33156e+01	
1740	2.238721e+02	9.579862e+01	-9.33395e+01	
1741	2.251645e+02	9.574836e+01	-9.33636e+01	
1742	2.264644e+02	9.569810e+01	-9.33877e+01	
1743	2.277718e+02	9.564784e+01	-9.34119e+01	
1744	2.290868e+02	9.559757e+01	-9.34363e+01	
1745	2.304093e+02	9.554730e+01	-9.34608e+01	
1746	2.317395e+02	9.549702e+01	-9.34853e+01	
1747	2.330773e+02	9.544675e+01	-9.35100e+01	
1748	2.344229e+02	9.539647e+01	-9.35348e+01	
1749	2.357762e+02	9.534618e+01	-9.35597e+01	
1750	2.371374e+02	9.529590e+01	-9.35848e+01	
1751	2.385064e+02	9.524561e+01	-9.36099e+01	
1752	2.398833e+02	9.519531e+01	-9.36352e+01	
1753	2.412682e+02	9.514502e+01	-9.36606e+01	
1754	2.426610e+02	9.509472e+01	-9.36861e+01	
1755	2.440619e+02	9.504441e+01	-9.37117e+01	
1756	2.454709e+02	9.499411e+01	-9.37375e+01	
1757	2.468880e+02	9.494380e+01	-9.37633e+01	
1758	2.483133e+02	9.489348e+01	-9.37893e+01	
1759	2.497468e+02	9.484316e+01	-9.38154e+01	
1760	2.511886e+02	9.479284e+01	-9.38417e+01	
1761	2.526388e+02	9.474252e+01	-9.38680e+01	
1762	2.540973e+02	9.469219e+01	-9.38945e+01	
1763	2.555642e+02	9.464185e+01	-9.39211e+01	
1764	2.570396e+02	9.459152e+01	-9.39479e+01	
1765	2.585235e+02	9.454118e+01	-9.39747e+01	
1766	2.600160e+02	9.449083e+01	-9.40017e+01	
1767	2.615170e+02	9.444048e+01	-9.40288e+01	
1768	2.630268e+02	9.439013e+01	-9.40561e+01	
1769	2.645453e+02	9.433977e+01	-9.40835e+01	
1770	2.660725e+02	9.428941e+01	-9.41110e+01	
1771	2.676086e+02	9.423904e+01	-9.41387e+01	
1772	2.691535e+02	9.418867e+01	-9.41664e+01	
1773	2.707073e+02	9.413830e+01	-9.41944e+01	
1774	2.722701e+02	9.408792e+01	-9.42224e+01	
1775	2.738420e+02	9.403754e+01	-9.42506e+01	
1776	2.754229e+02	9.398715e+01	-9.42789e+01	
1777	2.770129e+02	9.393676e+01	-9.43074e+01	
1778	2.786121e+02	9.388636e+01	-9.43360e+01	
1779	2.802206e+02	9.383596e+01	-9.43648e+01	
1780	2.818383e+02	9.378556e+01	-9.43937e+01	
1781	2.834654e+02	9.373515e+01	-9.44227e+01	
1782	2.851018e+02	9.368473e+01	-9.44519e+01	
1783	2.867477e+02	9.363431e+01	-9.44812e+01	
1784	2.884032e+02	9.358389e+01	-9.45106e+01	
1785	2.900681e+02	9.353346e+01	-9.45402e+01	
1786	2.917427e+02	9.348302e+01	-9.45700e+01	
1787	2.934270e+02	9.343258e+01	-9.45999e+01	
1788	2.951209e+02	9.338214e+01	-9.46299e+01	
1789	2.968247e+02	9.333169e+01	-9.46601e+01	
1790	2.985383e+02	9.328124e+01	-9.46905e+01	
1791	3.002617e+02	9.323078e+01	-9.47210e+01	
1792	3.019952e+02	9.318031e+01	-9.47516e+01	
1793	3.037386e+02	9.312984e+01	-9.47824e+01	
1794	3.054921e+02	9.307936e+01	-9.48134e+01	

Index   frequency       tdb             tph             
--------------------------------------------------------------------------------
1795	3.072557e+02	9.302888e+01	-9.48445e+01	
1796	3.090295e+02	9.297839e+01	-9.48758e+01	
1797	3.108136e+02	9.292790e+01	-9.49072e+01	
1798	3.126079e+02	9.287740e+01	-9.49388e+01	
1799	3.144126e+02	9.282690e+01	-9.49705e+01	
1800	3.162278e+02	9.277639e+01	-9.50024e+01	
1801	3.180534e+02	9.272587e+01	-9.50345e+01	
1802	3.198895e+02	9.267535e+01	-9.50667e+01	
1803	3.217363e+02	9.262482e+01	-9.50991e+01	
1804	3.235937e+02	9.257429e+01	-9.51316e+01	
1805	3.254618e+02	9.252375e+01	-9.51643e+01	
1806	3.273407e+02	9.247320e+01	-9.51972e+01	
1807	3.292305e+02	9.242265e+01	-9.52303e+01	
1808	3.311311e+02	9.237209e+01	-9.52635e+01	
1809	3.330428e+02	9.232152e+01	-9.52968e+01	
1810	3.349654e+02	9.227095e+01	-9.53304e+01	
1811	3.368992e+02	9.222037e+01	-9.53641e+01	
1812	3.388442e+02	9.216979e+01	-9.53980e+01	
1813	3.408003e+02	9.211920e+01	-9.54321e+01	
1814	3.427678e+02	9.206860e+01	-9.54663e+01	
1815	3.447466e+02	9.201799e+01	-9.55007e+01	
1816	3.467369e+02	9.196738e+01	-9.55353e+01	
1817	3.487386e+02	9.191676e+01	-9.55700e+01	
1818	3.507519e+02	9.186613e+01	-9.56050e+01	
1819	3.527768e+02	9.181550e+01	-9.56401e+01	
1820	3.548134e+02	9.176486e+01	-9.56754e+01	
1821	3.568617e+02	9.171421e+01	-9.57109e+01	
1822	3.589219e+02	9.166355e+01	-9.57465e+01	
1823	3.609940e+02	9.161289e+01	-9.57824e+01	
1824	3.630781e+02	9.156222e+01	-9.58184e+01	
1825	3.651741e+02	9.151154e+01	-9.58546e+01	
1826	3.672823e+02	9.146085e+01	-9.58910e+01	
1827	3.694026e+02	9.141016e+01	-9.59276e+01	
1828	3.715352e+02	9.135946e+01	-9.59644e+01	
1829	3.736801e+02	9.130875e+01	-9.60013e+01	
1830	3.758374e+02	9.125803e+01	-9.60385e+01	
1831	3.780071e+02	9.120730e+01	-9.60758e+01	
1832	3.801894e+02	9.115657e+01	-9.61133e+01	
1833	3.823843e+02	9.110582e+01	-9.61511e+01	
1834	3.845918e+02	9.105507e+01	-9.61890e+01	
1835	3.868121e+02	9.100431e+01	-9.62271e+01	
1836	3.890451e+02	9.095354e+01	-9.62654e+01	
1837	3.912911e+02	9.090276e+01	-9.63039e+01	
1838	3.935501e+02	9.085198e+01	-9.63426e+01	
1839	3.958221e+02	9.080118e+01	-9.63815e+01	
1840	3.981072e+02	9.075038e+01	-9.64207e+01	
1841	4.004055e+02	9.069956e+01	-9.64600e+01	
1842	4.027170e+02	9.064874e+01	-9.64995e+01	
1843	4.050419e+02	9.059791e+01	-9.65392e+01	
1844	4.073803e+02	9.054706e+01	-9.65791e+01	
1845	4.097321e+02	9.049621e+01	-9.66193e+01	
1846	4.120975e+02	9.044535e+01	-9.66596e+01	
1847	4.144766e+02	9.039448e+01	-9.67002e+01	
1848	4.168694e+02	9.034360e+01	-9.67409e+01	
1849	4.192760e+02	9.029271e+01	-9.67819e+01	
1850	4.216965e+02	9.024180e+01	-9.68231e+01	
1851	4.241310e+02	9.019089e+01	-9.68645e+01	
1852	4.265795e+02	9.013997e+01	-9.69061e+01	

Index   frequency       tdb             tph             
--------------------------------------------------------------------------------
1853	4.290422e+02	9.008904e+01	-9.69479e+01	
1854	4.315191e+02	9.003809e+01	-9.69900e+01	
1855	4.340103e+02	8.998714e+01	-9.70322e+01	
1856	4.365158e+02	8.993618e+01	-9.70747e+01	
1857	4.390359e+02	8.988520e+01	-9.71174e+01	
1858	4.415704e+02	8.983421e+01	-9.71603e+01	
1859	4.441197e+02	8.978321e+01	-9.72035e+01	
1860	4.466836e+02	8.973221e+01	-9.72468e+01	
1861	4.492623e+02	8.968118e+01	-9.72904e+01	
1862	4.518559e+02	8.963015e+01	-9.73343e+01	
1863	4.544645e+02	8.957911e+01	-9.73783e+01	
1864	4.570882e+02	8.952805e+01	-9.74226e+01	
1865	4.597270e+02	8.947698e+01	-9.74671e+01	
1866	4.623810e+02	8.942590e+01	-9.75119e+01	
1867	4.650504e+02	8.937481e+01	-9.75568e+01	
1868	4.677351e+02	8.932371e+01	-9.76020e+01	
1869	4.704354e+02	8.927259e+01	-9.76475e+01	
1870	4.731513e+02	8.922146e+01	-9.76932e+01	
1871	4.758828e+02	8.917032e+01	-9.77391e+01	
1872	4.786301e+02	8.911916e+01	-9.77852e+01	
1873	4.813933e+02	8.906799e+01	-9.78316e+01	
1874	4.841724e+02	8.901681e+01	-9.78783e+01	
1875	4.869675e+02	8.896561e+01	-9.79252e+01	
1876	4.897788e+02	8.891441e+01	-9.79723e+01	
1877	4.926063e+02	8.886318e+01	-9.80196e+01	
1878	4.954502e+02	8.881195e+01	-9.80673e+01	
1879	4.983105e+02	8.876070e+01	-9.81151e+01	
1880	5.011872e+02	8.870943e+01	-9.81632e+01	
1881	5.040806e+02	8.865815e+01	-9.82116e+01	
1882	5.069907e+02	8.860686e+01	-9.82602e+01	
1883	5.099176e+02	8.855555e+01	-9.83091e+01	
1884	5.128614e+02	8.850423e+01	-9.83582e+01	
1885	5.158222e+02	8.845289e+01	-9.84076e+01	
1886	5.188000e+02	8.840154e+01	-9.84572e+01	
1887	5.217951e+02	8.835017e+01	-9.85071e+01	
1888	5.248075e+02	8.829879e+01	-9.85572e+01	
1889	5.278372e+02	8.824739e+01	-9.86076e+01	
1890	5.308844e+02	8.819598e+01	-9.86583e+01	
1891	5.339493e+02	8.814455e+01	-9.87092e+01	
1892	5.370318e+02	8.809310e+01	-9.87604e+01	
1893	5.401321e+02	8.804164e+01	-9.88119e+01	
1894	5.432503e+02	8.799016e+01	-9.88636e+01	
1895	5.463865e+02	8.793866e+01	-9.89156e+01	
1896	5.495409e+02	8.788715e+01	-9.89678e+01	
1897	5.527134e+02	8.783562e+01	-9.90204e+01	
1898	5.559043e+02	8.778408e+01	-9.90732e+01	
1899	5.591135e+02	8.773251e+01	-9.91262e+01	
1900	5.623413e+02	8.768093e+01	-9.91796e+01	
1901	5.655878e+02	8.762933e+01	-9.92332e+01	
1902	5.688529e+02	8.757771e+01	-9.92871e+01	
1903	5.721370e+02	8.752608e+01	-9.93413e+01	
1904	5.754399e+02	8.747443e+01	-9.93957e+01	
1905	5.787620e+02	8.742275e+01	-9.94505e+01	
1906	5.821032e+02	8.737106e+01	-9.95055e+01	
1907	5.854637e+02	8.731935e+01	-9.95608e+01	
1908	5.888437e+02	8.726762e+01	-9.96164e+01	
1909	5.922431e+02	8.721588e+01	-9.96723e+01	
1910	5.956621e+02	8.716411e+01	-9.97284e+01	

Index   frequency       tdb             tph             
--------------------------------------------------------------------------------
1911	5.991009e+02	8.711232e+01	-9.97849e+01	
1912	6.025596e+02	8.706051e+01	-9.98416e+01	
1913	6.060382e+02	8.700869e+01	-9.98986e+01	
1914	6.095369e+02	8.695684e+01	-9.99559e+01	
1915	6.130558e+02	8.690497e+01	-1.00014e+02	
1916	6.165950e+02	8.685308e+01	-1.00071e+02	
1917	6.201546e+02	8.680117e+01	-1.00130e+02	
1918	6.237348e+02	8.674924e+01	-1.00188e+02	
1919	6.273357e+02	8.669729e+01	-1.00247e+02	
1920	6.309573e+02	8.664531e+01	-1.00306e+02	
1921	6.345999e+02	8.659332e+01	-1.00365e+02	
1922	6.382635e+02	8.654130e+01	-1.00425e+02	
1923	6.419482e+02	8.648926e+01	-1.00485e+02	
1924	6.456542e+02	8.643719e+01	-1.00546e+02	
1925	6.493816e+02	8.638511e+01	-1.00606e+02	
1926	6.531306e+02	8.633300e+01	-1.00667e+02	
1927	6.569011e+02	8.628086e+01	-1.00728e+02	
1928	6.606934e+02	8.622871e+01	-1.00790e+02	
1929	6.645077e+02	8.617653e+01	-1.00852e+02	
1930	6.683439e+02	8.612432e+01	-1.00914e+02	
1931	6.722023e+02	8.607209e+01	-1.00976e+02	
1932	6.760830e+02	8.601984e+01	-1.01039e+02	
1933	6.799860e+02	8.596756e+01	-1.01102e+02	
1934	6.839116e+02	8.591526e+01	-1.01166e+02	
1935	6.878599e+02	8.586293e+01	-1.01229e+02	
1936	6.918310e+02	8.581057e+01	-1.01294e+02	
1937	6.958250e+02	8.575819e+01	-1.01358e+02	
1938	6.998420e+02	8.570578e+01	-1.01423e+02	
1939	7.038822e+02	8.565335e+01	-1.01488e+02	
1940	7.079458e+02	8.560089e+01	-1.01553e+02	
1941	7.120328e+02	8.554840e+01	-1.01619e+02	
1942	7.161434e+02	8.549589e+01	-1.01685e+02	
1943	7.202778e+02	8.544335e+01	-1.01751e+02	
1944	7.244360e+02	8.539078e+01	-1.01818e+02	
1945	7.286182e+02	8.533818e+01	-1.01885e+02	
1946	7.328245e+02	8.528555e+01	-1.01952e+02	
1947	7.370552e+02	8.523289e+01	-1.02020e+02	
1948	7.413102e+02	8.518021e+01	-1.02088e+02	
1949	7.455899e+02	8.512750e+01	-1.02156e+02	
1950	7.498942e+02	8.507475e+01	-1.02225e+02	
1951	7.542234e+02	8.502198e+01	-1.02294e+02	
1952	7.585776e+02	8.496917e+01	-1.02363e+02	
1953	7.629569e+02	8.491634e+01	-1.02433e+02	
1954	7.673615e+02	8.486347e+01	-1.02503e+02	
1955	7.717915e+02	8.481058e+01	-1.02574e+02	
1956	7.762471e+02	8.475765e+01	-1.02644e+02	
1957	7.807284e+02	8.470469e+01	-1.02716e+02	
1958	7.852356e+02	8.465170e+01	-1.02787e+02	
1959	7.897688e+02	8.459867e+01	-1.02859e+02	
1960	7.943282e+02	8.454561e+01	-1.02931e+02	
1961	7.989139e+02	8.449252e+01	-1.03003e+02	
1962	8.035261e+02	8.443940e+01	-1.03076e+02	
1963	8.081649e+02	8.438624e+01	-1.03150e+02	
1964	8.128305e+02	8.433305e+01	-1.03223e+02	
1965	8.175230e+02	8.427982e+01	-1.03297e+02	
1966	8.222426e+02	8.422656e+01	-1.03371e+02	
1967	8.269895e+02	8.417326e+01	-1.03446e+02	
1968	8.317638e+02	8.411993e+01	-1.03521e+02	

Index   frequency       tdb             tph             
--------------------------------------------------------------------------------
1969	8.365656e+02	8.406656e+01	-1.03596e+02	
1970	8.413951e+02	8.401316e+01	-1.03672e+02	
1971	8.462526e+02	8.395971e+01	-1.03748e+02	
1972	8.511380e+02	8.390624e+01	-1.03825e+02	
1973	8.560517e+02	8.385272e+01	-1.03901e+02	
1974	8.609938e+02	8.379917e+01	-1.03979e+02	
1975	8.659643e+02	8.374557e+01	-1.04056e+02	
1976	8.709636e+02	8.369194e+01	-1.04134e+02	
1977	8.759917e+02	8.363827e+01	-1.04212e+02	
1978	8.810489e+02	8.358457e+01	-1.04291e+02	
1979	8.861352e+02	8.353082e+01	-1.04370e+02	
1980	8.912509e+02	8.347703e+01	-1.04449e+02	
1981	8.963962e+02	8.342320e+01	-1.04529e+02	
1982	9.015711e+02	8.336933e+01	-1.04609e+02	
1983	9.067760e+02	8.331542e+01	-1.04690e+02	
1984	9.120108e+02	8.326147e+01	-1.04771e+02	
1985	9.172759e+02	8.320747e+01	-1.04852e+02	
1986	9.225714e+02	8.315344e+01	-1.04934e+02	
1987	9.278975e+02	8.309936e+01	-1.05016e+02	
1988	9.332543e+02	8.304523e+01	-1.05098e+02	
1989	9.386420e+02	8.299107e+01	-1.05181e+02	
1990	9.440609e+02	8.293686e+01	-1.05264e+02	
1991	9.495110e+02	8.288260e+01	-1.05348e+02	
1992	9.549926e+02	8.282830e+01	-1.05432e+02	
1993	9.605058e+02	8.277396e+01	-1.05516e+02	
1994	9.660509e+02	8.271956e+01	-1.05601e+02	
1995	9.716280e+02	8.266513e+01	-1.05686e+02	
1996	9.772372e+02	8.261064e+01	-1.05771e+02	
1997	9.828789e+02	8.255611e+01	-1.05857e+02	
1998	9.885531e+02	8.250153e+01	-1.05943e+02	
1999	9.942601e+02	8.244690e+01	-1.06030e+02	
2000	1.000000e+03	8.239223e+01	-1.06117e+02	
2001	1.005773e+03	8.233750e+01	-1.06204e+02	
2002	1.011579e+03	8.228273e+01	-1.06292e+02	
2003	1.017419e+03	8.222791e+01	-1.06380e+02	
2004	1.023293e+03	8.217303e+01	-1.06469e+02	
2005	1.029201e+03	8.211811e+01	-1.06558e+02	
2006	1.035142e+03	8.206313e+01	-1.06647e+02	
2007	1.041118e+03	8.200811e+01	-1.06737e+02	
2008	1.047129e+03	8.195303e+01	-1.06827e+02	
2009	1.053174e+03	8.189789e+01	-1.06918e+02	
2010	1.059254e+03	8.184271e+01	-1.07009e+02	
2011	1.065369e+03	8.178747e+01	-1.07100e+02	
2012	1.071519e+03	8.173217e+01	-1.07192e+02	
2013	1.077705e+03	8.167683e+01	-1.07284e+02	
2014	1.083927e+03	8.162142e+01	-1.07377e+02	
2015	1.090184e+03	8.156597e+01	-1.07470e+02	
2016	1.096478e+03	8.151045e+01	-1.07563e+02	
2017	1.102808e+03	8.145488e+01	-1.07657e+02	
2018	1.109175e+03	8.139925e+01	-1.07751e+02	
2019	1.115578e+03	8.134357e+01	-1.07845e+02	
2020	1.122018e+03	8.128782e+01	-1.07940e+02	
2021	1.128496e+03	8.123202e+01	-1.08036e+02	
2022	1.135011e+03	8.117616e+01	-1.08131e+02	
2023	1.141563e+03	8.112024e+01	-1.08228e+02	
2024	1.148154e+03	8.106425e+01	-1.08324e+02	
2025	1.154782e+03	8.100821e+01	-1.08421e+02	
2026	1.161449e+03	8.095211e+01	-1.08518e+02	

Index   frequency       tdb             tph             
--------------------------------------------------------------------------------
2027	1.168154e+03	8.089594e+01	-1.08616e+02	
2028	1.174898e+03	8.083971e+01	-1.08714e+02	
2029	1.181680e+03	8.078342e+01	-1.08813e+02	
2030	1.188502e+03	8.072707e+01	-1.08912e+02	
2031	1.195364e+03	8.067065e+01	-1.09011e+02	
2032	1.202264e+03	8.061417e+01	-1.09111e+02	
2033	1.209205e+03	8.055762e+01	-1.09211e+02	
2034	1.216186e+03	8.050101e+01	-1.09312e+02	
2035	1.223207e+03	8.044433e+01	-1.09413e+02	
2036	1.230269e+03	8.038759e+01	-1.09514e+02	
2037	1.237371e+03	8.033077e+01	-1.09616e+02	
2038	1.244515e+03	8.027389e+01	-1.09718e+02	
2039	1.251699e+03	8.021694e+01	-1.09820e+02	
2040	1.258925e+03	8.015993e+01	-1.09923e+02	
2041	1.266193e+03	8.010284e+01	-1.10027e+02	
2042	1.273503e+03	8.004568e+01	-1.10131e+02	
2043	1.280855e+03	7.998845e+01	-1.10235e+02	
2044	1.288250e+03	7.993115e+01	-1.10339e+02	
2045	1.295687e+03	7.987378e+01	-1.10444e+02	
2046	1.303167e+03	7.981634e+01	-1.10550e+02	
2047	1.310690e+03	7.975882e+01	-1.10655e+02	
2048	1.318257e+03	7.970123e+01	-1.10761e+02	
2049	1.325867e+03	7.964357e+01	-1.10868e+02	
2050	1.333521e+03	7.958583e+01	-1.10975e+02	
2051	1.341220e+03	7.952802e+01	-1.11082e+02	
2052	1.348963e+03	7.947013e+01	-1.11190e+02	
2053	1.356751e+03	7.941216e+01	-1.11298e+02	
2054	1.364583e+03	7.935412e+01	-1.11407e+02	
2055	1.372461e+03	7.929600e+01	-1.11516e+02	
2056	1.380384e+03	7.923780e+01	-1.11625e+02	
2057	1.388353e+03	7.917952e+01	-1.11735e+02	
2058	1.396368e+03	7.912116e+01	-1.11845e+02	
2059	1.404430e+03	7.906272e+01	-1.11955e+02	
2060	1.412538e+03	7.900421e+01	-1.12066e+02	
2061	1.420692e+03	7.894561e+01	-1.12177e+02	
2062	1.428894e+03	7.888692e+01	-1.12289e+02	
2063	1.437143e+03	7.882816e+01	-1.12401e+02	
2064	1.445440e+03	7.876931e+01	-1.12513e+02	
2065	1.453784e+03	7.871038e+01	-1.12626e+02	
2066	1.462177e+03	7.865137e+01	-1.12739e+02	
2067	1.470618e+03	7.859227e+01	-1.12853e+02	
2068	1.479108e+03	7.853308e+01	-1.12967e+02	
2069	1.487647e+03	7.847381e+01	-1.13081e+02	
2070	1.496236e+03	7.841445e+01	-1.13195e+02	
2071	1.504874e+03	7.835501e+01	-1.13311e+02	
2072	1.513561e+03	7.829547e+01	-1.13426e+02	
2073	1.522299e+03	7.823585e+01	-1.13542e+02	
2074	1.531087e+03	7.817614e+01	-1.13658e+02	
2075	1.539927e+03	7.811634e+01	-1.13774e+02	
2076	1.548817e+03	7.805645e+01	-1.13891e+02	
2077	1.557758e+03	7.799646e+01	-1.14008e+02	
2078	1.566751e+03	7.793639e+01	-1.14126e+02	
2079	1.575796e+03	7.787622e+01	-1.14244e+02	
2080	1.584893e+03	7.781596e+01	-1.14362e+02	
2081	1.594043e+03	7.775561e+01	-1.14481e+02	
2082	1.603245e+03	7.769516e+01	-1.14600e+02	
2083	1.612501e+03	7.763461e+01	-1.14719e+02	
2084	1.621810e+03	7.757398e+01	-1.14839e+02	

Index   frequency       tdb             tph             
--------------------------------------------------------------------------------
2085	1.631173e+03	7.751324e+01	-1.14959e+02	
2086	1.640590e+03	7.745241e+01	-1.15080e+02	
2087	1.650061e+03	7.739148e+01	-1.15201e+02	
2088	1.659587e+03	7.733046e+01	-1.15322e+02	
2089	1.669168e+03	7.726933e+01	-1.15443e+02	
2090	1.678804e+03	7.720811e+01	-1.15565e+02	
2091	1.688496e+03	7.714678e+01	-1.15687e+02	
2092	1.698244e+03	7.708536e+01	-1.15809e+02	
2093	1.708048e+03	7.702383e+01	-1.15932e+02	
2094	1.717908e+03	7.696221e+01	-1.16055e+02	
2095	1.727826e+03	7.690048e+01	-1.16179e+02	
2096	1.737801e+03	7.683865e+01	-1.16303e+02	
2097	1.747833e+03	7.677671e+01	-1.16427e+02	
2098	1.757924e+03	7.671467e+01	-1.16551e+02	
2099	1.768072e+03	7.665253e+01	-1.16676e+02	
2100	1.778279e+03	7.659028e+01	-1.16801e+02	
2101	1.788546e+03	7.652792e+01	-1.16926e+02	
2102	1.798871e+03	7.646546e+01	-1.17052e+02	
2103	1.809256e+03	7.640289e+01	-1.17178e+02	
2104	1.819701e+03	7.634022e+01	-1.17304e+02	
2105	1.830206e+03	7.627743e+01	-1.17431e+02	
2106	1.840772e+03	7.621454e+01	-1.17557e+02	
2107	1.851399e+03	7.615153e+01	-1.17685e+02	
2108	1.862087e+03	7.608842e+01	-1.17812e+02	
2109	1.872837e+03	7.602520e+01	-1.17940e+02	
2110	1.883649e+03	7.596186e+01	-1.18068e+02	
2111	1.894524e+03	7.589842e+01	-1.18196e+02	
2112	1.905461e+03	7.583486e+01	-1.18324e+02	
2113	1.916461e+03	7.577118e+01	-1.18453e+02	
2114	1.927525e+03	7.570740e+01	-1.18582e+02	
2115	1.938653e+03	7.564350e+01	-1.18712e+02	
2116	1.949845e+03	7.557949e+01	-1.18841e+02	
2117	1.961101e+03	7.551536e+01	-1.18971e+02	
2118	1.972423e+03	7.545111e+01	-1.19101e+02	
2119	1.983810e+03	7.538675e+01	-1.19231e+02	
2120	1.995262e+03	7.532227e+01	-1.19362e+02	
2121	2.006781e+03	7.525768e+01	-1.19493e+02	
2122	2.018366e+03	7.519296e+01	-1.19624e+02	
2123	2.030019e+03	7.512813e+01	-1.19755e+02	
2124	2.041738e+03	7.506318e+01	-1.19887e+02	
2125	2.053525e+03	7.499811e+01	-1.20018e+02	
2126	2.065380e+03	7.493292e+01	-1.20150e+02	
2127	2.077304e+03	7.486761e+01	-1.20283e+02	
2128	2.089296e+03	7.480218e+01	-1.20415e+02	
2129	2.101358e+03	7.473663e+01	-1.20547e+02	
2130	2.113489e+03	7.467095e+01	-1.20680e+02	
2131	2.125690e+03	7.460516e+01	-1.20813e+02	
2132	2.137962e+03	7.453924e+01	-1.20946e+02	
2133	2.150305e+03	7.447319e+01	-1.21080e+02	
2134	2.162719e+03	7.440702e+01	-1.21213e+02	
2135	2.175204e+03	7.434073e+01	-1.21347e+02	
2136	2.187762e+03	7.427431e+01	-1.21481e+02	
2137	2.200392e+03	7.420777e+01	-1.21615e+02	
2138	2.213095e+03	7.414110e+01	-1.21749e+02	
2139	2.225871e+03	7.407431e+01	-1.21884e+02	
2140	2.238721e+03	7.400739e+01	-1.22018e+02	
2141	2.251645e+03	7.394034e+01	-1.22153e+02	
2142	2.264644e+03	7.387316e+01	-1.22288e+02	

Index   frequency       tdb             tph             
--------------------------------------------------------------------------------
2143	2.277718e+03	7.380586e+01	-1.22423e+02	
2144	2.290868e+03	7.373843e+01	-1.22558e+02	
2145	2.304093e+03	7.367087e+01	-1.22693e+02	
2146	2.317395e+03	7.360318e+01	-1.22829e+02	
2147	2.330773e+03	7.353536e+01	-1.22964e+02	
2148	2.344229e+03	7.346741e+01	-1.23100e+02	
2149	2.357762e+03	7.339933e+01	-1.23236e+02	
2150	2.371374e+03	7.333112e+01	-1.23371e+02	
2151	2.385064e+03	7.326277e+01	-1.23507e+02	
2152	2.398833e+03	7.319430e+01	-1.23643e+02	
2153	2.412682e+03	7.312570e+01	-1.23780e+02	
2154	2.426610e+03	7.305696e+01	-1.23916e+02	
2155	2.440619e+03	7.298809e+01	-1.24052e+02	
2156	2.454709e+03	7.291909e+01	-1.24189e+02	
2157	2.468880e+03	7.284995e+01	-1.24325e+02	
2158	2.483133e+03	7.278068e+01	-1.24461e+02	
2159	2.497468e+03	7.271128e+01	-1.24598e+02	
2160	2.511886e+03	7.264174e+01	-1.24735e+02	
2161	2.526388e+03	7.257207e+01	-1.24871e+02	
2162	2.540973e+03	7.250226e+01	-1.25008e+02	
2163	2.555642e+03	7.243232e+01	-1.25145e+02	
2164	2.570396e+03	7.236225e+01	-1.25281e+02	
2165	2.585235e+03	7.229204e+01	-1.25418e+02	
2166	2.600160e+03	7.222169e+01	-1.25555e+02	
2167	2.615170e+03	7.215121e+01	-1.25692e+02	
2168	2.630268e+03	7.208059e+01	-1.25829e+02	
2169	2.645453e+03	7.200983e+01	-1.25965e+02	
2170	2.660725e+03	7.193894e+01	-1.26102e+02	
2171	2.676086e+03	7.186791e+01	-1.26239e+02	
2172	2.691535e+03	7.179675e+01	-1.26376e+02	
2173	2.707073e+03	7.172545e+01	-1.26513e+02	
2174	2.722701e+03	7.165401e+01	-1.26649e+02	
2175	2.738420e+03	7.158243e+01	-1.26786e+02	
2176	2.754229e+03	7.151072e+01	-1.26923e+02	
2177	2.770129e+03	7.143887e+01	-1.27059e+02	
2178	2.786121e+03	7.136688e+01	-1.27196e+02	
2179	2.802206e+03	7.129475e+01	-1.27332e+02	
2180	2.818383e+03	7.122248e+01	-1.27468e+02	
2181	2.834654e+03	7.115008e+01	-1.27605e+02	
2182	2.851018e+03	7.107754e+01	-1.27741e+02	
2183	2.867477e+03	7.100486e+01	-1.27877e+02	
2184	2.884032e+03	7.093204e+01	-1.28013e+02	
2185	2.900681e+03	7.085908e+01	-1.28149e+02	
2186	2.917427e+03	7.078599e+01	-1.28285e+02	
2187	2.934270e+03	7.071275e+01	-1.28421e+02	
2188	2.951209e+03	7.063938e+01	-1.28556e+02	
2189	2.968247e+03	7.056587e+01	-1.28692e+02	
2190	2.985383e+03	7.049222e+01	-1.28827e+02	
2191	3.002617e+03	7.041843e+01	-1.28962e+02	
2192	3.019952e+03	7.034451e+01	-1.29098e+02	
2193	3.037386e+03	7.027044e+01	-1.29232e+02	
2194	3.054921e+03	7.019624e+01	-1.29367e+02	
2195	3.072557e+03	7.012189e+01	-1.29502e+02	
2196	3.090295e+03	7.004741e+01	-1.29636e+02	
2197	3.108136e+03	6.997279e+01	-1.29771e+02	
2198	3.126079e+03	6.989804e+01	-1.29905e+02	
2199	3.144126e+03	6.982314e+01	-1.30039e+02	
2200	3.162278e+03	6.974811e+01	-1.30172e+02	

Index   frequency       tdb             tph             
--------------------------------------------------------------------------------
2201	3.180534e+03	6.967294e+01	-1.30306e+02	
2202	3.198895e+03	6.959763e+01	-1.30439e+02	
2203	3.217363e+03	6.952218e+01	-1.30572e+02	
2204	3.235937e+03	6.944659e+01	-1.30705e+02	
2205	3.254618e+03	6.937087e+01	-1.30838e+02	
2206	3.273407e+03	6.929501e+01	-1.30970e+02	
2207	3.292305e+03	6.921901e+01	-1.31102e+02	
2208	3.311311e+03	6.914288e+01	-1.31234e+02	
2209	3.330428e+03	6.906661e+01	-1.31366e+02	
2210	3.349654e+03	6.899020e+01	-1.31497e+02	
2211	3.368992e+03	6.891365e+01	-1.31628e+02	
2212	3.388442e+03	6.883697e+01	-1.31759e+02	
2213	3.408003e+03	6.876016e+01	-1.31890e+02	
2214	3.427678e+03	6.868320e+01	-1.32020e+02	
2215	3.447466e+03	6.860612e+01	-1.32150e+02	
2216	3.467369e+03	6.852889e+01	-1.32280e+02	
2217	3.487386e+03	6.845153e+01	-1.32409e+02	
2218	3.507519e+03	6.837404e+01	-1.32538e+02	
2219	3.527768e+03	6.829641e+01	-1.32667e+02	
2220	3.548134e+03	6.821865e+01	-1.32795e+02	
2221	3.568617e+03	6.814075e+01	-1.32924e+02	
2222	3.589219e+03	6.806272e+01	-1.33051e+02	
2223	3.609940e+03	6.798456e+01	-1.33179e+02	
2224	3.630781e+03	6.790627e+01	-1.33306e+02	
2225	3.651741e+03	6.782784e+01	-1.33433e+02	
2226	3.672823e+03	6.774928e+01	-1.33559e+02	
2227	3.694026e+03	6.767059e+01	-1.33685e+02	
2228	3.715352e+03	6.759176e+01	-1.33811e+02	
2229	3.736801e+03	6.751281e+01	-1.33936e+02	
2230	3.758374e+03	6.743372e+01	-1.34061e+02	
2231	3.780071e+03	6.735450e+01	-1.34185e+02	
2232	3.801894e+03	6.727516e+01	-1.34309e+02	
2233	3.823843e+03	6.719568e+01	-1.34433e+02	
2234	3.845918e+03	6.711608e+01	-1.34556e+02	
2235	3.868121e+03	6.703634e+01	-1.34679e+02	
2236	3.890451e+03	6.695648e+01	-1.34802e+02	
2237	3.912911e+03	6.687649e+01	-1.34924e+02	
2238	3.935501e+03	6.679638e+01	-1.35045e+02	
2239	3.958221e+03	6.671613e+01	-1.35167e+02	
2240	3.981072e+03	6.663576e+01	-1.35287e+02	
2241	4.004055e+03	6.655527e+01	-1.35408e+02	
2242	4.027170e+03	6.647465e+01	-1.35527e+02	
2243	4.050419e+03	6.639390e+01	-1.35647e+02	
2244	4.073803e+03	6.631303e+01	-1.35766e+02	
2245	4.097321e+03	6.623204e+01	-1.35884e+02	
2246	4.120975e+03	6.615092e+01	-1.36002e+02	
2247	4.144766e+03	6.606968e+01	-1.36119e+02	
2248	4.168694e+03	6.598831e+01	-1.36236e+02	
2249	4.192760e+03	6.590683e+01	-1.36353e+02	
2250	4.216965e+03	6.582522e+01	-1.36469e+02	
2251	4.241310e+03	6.574350e+01	-1.36584e+02	
2252	4.265795e+03	6.566165e+01	-1.36699e+02	
2253	4.290422e+03	6.557969e+01	-1.36814e+02	
2254	4.315191e+03	6.549760e+01	-1.36928e+02	
2255	4.340103e+03	6.541540e+01	-1.37041e+02	
2256	4.365158e+03	6.533308e+01	-1.37154e+02	
2257	4.390359e+03	6.525064e+01	-1.37266e+02	
2258	4.415704e+03	6.516809e+01	-1.37378e+02	

Index   frequency       tdb             tph             
--------------------------------------------------------------------------------
2259	4.441197e+03	6.508542e+01	-1.37489e+02	
2260	4.466836e+03	6.500263e+01	-1.37600e+02	
2261	4.492623e+03	6.491973e+01	-1.37710e+02	
2262	4.518559e+03	6.483672e+01	-1.37820e+02	
2263	4.544645e+03	6.475359e+01	-1.37929e+02	
2264	4.570882e+03	6.467035e+01	-1.38037e+02	
2265	4.597270e+03	6.458700e+01	-1.38145e+02	
2266	4.623810e+03	6.450354e+01	-1.38252e+02	
2267	4.650504e+03	6.441997e+01	-1.38359e+02	
2268	4.677351e+03	6.433628e+01	-1.38465e+02	
2269	4.704354e+03	6.425249e+01	-1.38570e+02	
2270	4.731513e+03	6.416859e+01	-1.38675e+02	
2271	4.758828e+03	6.408458e+01	-1.38779e+02	
2272	4.786301e+03	6.400046e+01	-1.38883e+02	
2273	4.813933e+03	6.391624e+01	-1.38986e+02	
2274	4.841724e+03	6.383191e+01	-1.39089e+02	
2275	4.869675e+03	6.374748e+01	-1.39190e+02	
2276	4.897788e+03	6.366294e+01	-1.39291e+02	
2277	4.926063e+03	6.357830e+01	-1.39392e+02	
2278	4.954502e+03	6.349356e+01	-1.39492e+02	
2279	4.983105e+03	6.340871e+01	-1.39591e+02	
2280	5.011872e+03	6.332377e+01	-1.39690e+02	
2281	5.040806e+03	6.323872e+01	-1.39788e+02	
2282	5.069907e+03	6.315357e+01	-1.39885e+02	
2283	5.099176e+03	6.306832e+01	-1.39982e+02	
2284	5.128614e+03	6.298298e+01	-1.40078e+02	
2285	5.158222e+03	6.289754e+01	-1.40173e+02	
2286	5.188000e+03	6.281200e+01	-1.40268e+02	
2287	5.217951e+03	6.272636e+01	-1.40362e+02	
2288	5.248075e+03	6.264063e+01	-1.40455e+02	
2289	5.278372e+03	6.255481e+01	-1.40547e+02	
2290	5.308844e+03	6.246889e+01	-1.40639e+02	
2291	5.339493e+03	6.238288e+01	-1.40731e+02	
2292	5.370318e+03	6.229677e+01	-1.40821e+02	
2293	5.401321e+03	6.221058e+01	-1.40911e+02	
2294	5.432503e+03	6.212429e+01	-1.41000e+02	
2295	5.463865e+03	6.203792e+01	-1.41088e+02	
2296	5.495409e+03	6.195146e+01	-1.41176e+02	
2297	5.527134e+03	6.186490e+01	-1.41263e+02	
2298	5.559043e+03	6.177826e+01	-1.41349e+02	
2299	5.591135e+03	6.169154e+01	-1.41435e+02	
2300	5.623413e+03	6.160473e+01	-1.41520e+02	
2301	5.655878e+03	6.151783e+01	-1.41604e+02	
2302	5.688529e+03	6.143085e+01	-1.41687e+02	
2303	5.721370e+03	6.134379e+01	-1.41770e+02	
2304	5.754399e+03	6.125664e+01	-1.41852e+02	
2305	5.787620e+03	6.116942e+01	-1.41933e+02	
2306	5.821032e+03	6.108211e+01	-1.42014e+02	
2307	5.854637e+03	6.099472e+01	-1.42093e+02	
2308	5.888437e+03	6.090726e+01	-1.42172e+02	
2309	5.922431e+03	6.081971e+01	-1.42250e+02	
2310	5.956621e+03	6.073209e+01	-1.42328e+02	
2311	5.991009e+03	6.064440e+01	-1.42404e+02	
2312	6.025596e+03	6.055662e+01	-1.42480e+02	
2313	6.060382e+03	6.046877e+01	-1.42556e+02	
2314	6.095369e+03	6.038085e+01	-1.42630e+02	
2315	6.130558e+03	6.029286e+01	-1.42704e+02	
2316	6.165950e+03	6.020479e+01	-1.42776e+02	

Index   frequency       tdb             tph             
--------------------------------------------------------------------------------
2317	6.201546e+03	6.011665e+01	-1.42849e+02	
2318	6.237348e+03	6.002845e+01	-1.42920e+02	
2319	6.273357e+03	5.994017e+01	-1.42990e+02	
2320	6.309573e+03	5.985182e+01	-1.43060e+02	
2321	6.345999e+03	5.976341e+01	-1.43129e+02	
2322	6.382635e+03	5.967493e+01	-1.43197e+02	
2323	6.419482e+03	5.958638e+01	-1.43265e+02	
2324	6.456542e+03	5.949777e+01	-1.43331e+02	
2325	6.493816e+03	5.940909e+01	-1.43397e+02	
2326	6.531306e+03	5.932035e+01	-1.43462e+02	
2327	6.569011e+03	5.923155e+01	-1.43526e+02	
2328	6.606934e+03	5.914268e+01	-1.43590e+02	
2329	6.645077e+03	5.905376e+01	-1.43652e+02	
2330	6.683439e+03	5.896478e+01	-1.43714e+02	
2331	6.722023e+03	5.887573e+01	-1.43775e+02	
2332	6.760830e+03	5.878663e+01	-1.43835e+02	
2333	6.799860e+03	5.869747e+01	-1.43894e+02	
2334	6.839116e+03	5.860826e+01	-1.43953e+02	
2335	6.878599e+03	5.851898e+01	-1.44011e+02	
2336	6.918310e+03	5.842966e+01	-1.44068e+02	
2337	6.958250e+03	5.834028e+01	-1.44124e+02	
2338	6.998420e+03	5.825085e+01	-1.44179e+02	
2339	7.038822e+03	5.816136e+01	-1.44234e+02	
2340	7.079458e+03	5.807183e+01	-1.44287e+02	
2341	7.120328e+03	5.798224e+01	-1.44340e+02	
2342	7.161434e+03	5.789261e+01	-1.44392e+02	
2343	7.202778e+03	5.780293e+01	-1.44443e+02	
2344	7.244360e+03	5.771320e+01	-1.44493e+02	
2345	7.286182e+03	5.762342e+01	-1.44543e+02	
2346	7.328245e+03	5.753360e+01	-1.44592e+02	
2347	7.370552e+03	5.744373e+01	-1.44639e+02	
2348	7.413102e+03	5.735382e+01	-1.44686e+02	
2349	7.455899e+03	5.726386e+01	-1.44733e+02	
2350	7.498942e+03	5.717387e+01	-1.44778e+02	
2351	7.542234e+03	5.708383e+01	-1.44822e+02	
2352	7.585776e+03	5.699375e+01	-1.44866e+02	
2353	7.629569e+03	5.690364e+01	-1.44909e+02	
2354	7.673615e+03	5.681348e+01	-1.44951e+02	
2355	7.717915e+03	5.672329e+01	-1.44992e+02	
2356	7.762471e+03	5.663306e+01	-1.45032e+02	
2357	7.807284e+03	5.654279e+01	-1.45071e+02	
2358	7.852356e+03	5.645249e+01	-1.45110e+02	
2359	7.897688e+03	5.636216e+01	-1.45148e+02	
2360	7.943282e+03	5.627179e+01	-1.45184e+02	
2361	7.989139e+03	5.618139e+01	-1.45220e+02	
2362	8.035261e+03	5.609096e+01	-1.45256e+02	
2363	8.081649e+03	5.600050e+01	-1.45290e+02	
2364	8.128305e+03	5.591001e+01	-1.45323e+02	
2365	8.175230e+03	5.581949e+01	-1.45356e+02	
2366	8.222426e+03	5.572894e+01	-1.45388e+02	
2367	8.269895e+03	5.563837e+01	-1.45418e+02	
2368	8.317638e+03	5.554777e+01	-1.45448e+02	
2369	8.365656e+03	5.545714e+01	-1.45478e+02	
2370	8.413951e+03	5.536649e+01	-1.45506e+02	
2371	8.462526e+03	5.527582e+01	-1.45533e+02	
2372	8.511380e+03	5.518513e+01	-1.45560e+02	
2373	8.560517e+03	5.509441e+01	-1.45585e+02	
2374	8.609938e+03	5.500368e+01	-1.45610e+02	

Index   frequency       tdb             tph             
--------------------------------------------------------------------------------
2375	8.659643e+03	5.491292e+01	-1.45634e+02	
2376	8.709636e+03	5.482215e+01	-1.45657e+02	
2377	8.759917e+03	5.473135e+01	-1.45680e+02	
2378	8.810489e+03	5.464055e+01	-1.45701e+02	
2379	8.861352e+03	5.454972e+01	-1.45721e+02	
2380	8.912509e+03	5.445888e+01	-1.45741e+02	
2381	8.963962e+03	5.436803e+01	-1.45760e+02	
2382	9.015711e+03	5.427716e+01	-1.45778e+02	
2383	9.067760e+03	5.418628e+01	-1.45795e+02	
2384	9.120108e+03	5.409539e+01	-1.45811e+02	
2385	9.172759e+03	5.400449e+01	-1.45826e+02	
2386	9.225714e+03	5.391358e+01	-1.45841e+02	
2387	9.278975e+03	5.382266e+01	-1.45854e+02	
2388	9.332543e+03	5.373174e+01	-1.45867e+02	
2389	9.386420e+03	5.364080e+01	-1.45879e+02	
2390	9.440609e+03	5.354986e+01	-1.45890e+02	
2391	9.495110e+03	5.345892e+01	-1.45900e+02	
2392	9.549926e+03	5.336797e+01	-1.45909e+02	
2393	9.605058e+03	5.327702e+01	-1.45917e+02	
2394	9.660509e+03	5.318606e+01	-1.45925e+02	
2395	9.716280e+03	5.309511e+01	-1.45931e+02	
2396	9.772372e+03	5.300415e+01	-1.45937e+02	
2397	9.828789e+03	5.291320e+01	-1.45942e+02	
2398	9.885531e+03	5.282225e+01	-1.45946e+02	
2399	9.942601e+03	5.273129e+01	-1.45949e+02	
2400	1.000000e+04	5.264035e+01	-1.45951e+02	
2401	1.005773e+04	5.254940e+01	-1.45953e+02	
2402	1.011579e+04	5.245846e+01	-1.45953e+02	
2403	1.017419e+04	5.236753e+01	-1.45953e+02	
2404	1.023293e+04	5.227661e+01	-1.45952e+02	
2405	1.029201e+04	5.218569e+01	-1.45949e+02	
2406	1.035142e+04	5.209478e+01	-1.45946e+02	
2407	1.041118e+04	5.200388e+01	-1.45943e+02	
2408	1.047129e+04	5.191299e+01	-1.45938e+02	
2409	1.053174e+04	5.182211e+01	-1.45932e+02	
2410	1.059254e+04	5.173125e+01	-1.45926e+02	
2411	1.065369e+04	5.164040e+01	-1.45919e+02	
2412	1.071519e+04	5.154956e+01	-1.45911e+02	
2413	1.077705e+04	5.145874e+01	-1.45902e+02	
2414	1.083927e+04	5.136793e+01	-1.45892e+02	
2415	1.090184e+04	5.127715e+01	-1.45881e+02	
2416	1.096478e+04	5.118638e+01	-1.45869e+02	
2417	1.102808e+04	5.109562e+01	-1.45857e+02	
2418	1.109175e+04	5.100489e+01	-1.45843e+02	
2419	1.115578e+04	5.091418e+01	-1.45829e+02	
2420	1.122018e+04	5.082349e+01	-1.45814e+02	
2421	1.128496e+04	5.073283e+01	-1.45798e+02	
2422	1.135011e+04	5.064218e+01	-1.45782e+02	
2423	1.141563e+04	5.055156e+01	-1.45764e+02	
2424	1.148154e+04	5.046097e+01	-1.45745e+02	
2425	1.154782e+04	5.037040e+01	-1.45726e+02	
2426	1.161449e+04	5.027986e+01	-1.45706e+02	
2427	1.168154e+04	5.018935e+01	-1.45685e+02	
2428	1.174898e+04	5.009887e+01	-1.45663e+02	
2429	1.181680e+04	5.000842e+01	-1.45640e+02	
2430	1.188502e+04	4.991800e+01	-1.45617e+02	
2431	1.195364e+04	4.982761e+01	-1.45592e+02	
2432	1.202264e+04	4.973725e+01	-1.45567e+02	

Index   frequency       tdb             tph             
--------------------------------------------------------------------------------
2433	1.209205e+04	4.964693e+01	-1.45541e+02	
2434	1.216186e+04	4.955664e+01	-1.45514e+02	
2435	1.223207e+04	4.946639e+01	-1.45486e+02	
2436	1.230269e+04	4.937618e+01	-1.45457e+02	
2437	1.237371e+04	4.928600e+01	-1.45428e+02	
2438	1.244515e+04	4.919586e+01	-1.45397e+02	
2439	1.251699e+04	4.910576e+01	-1.45366e+02	
2440	1.258925e+04	4.901570e+01	-1.45334e+02	
2441	1.266193e+04	4.892569e+01	-1.45301e+02	
2442	1.273503e+04	4.883571e+01	-1.45267e+02	
2443	1.280855e+04	4.874578e+01	-1.45233e+02	
2444	1.288250e+04	4.865589e+01	-1.45197e+02	
2445	1.295687e+04	4.856605e+01	-1.45161e+02	
2446	1.303167e+04	4.847625e+01	-1.45124e+02	
2447	1.310690e+04	4.838650e+01	-1.45086e+02	
2448	1.318257e+04	4.829680e+01	-1.45048e+02	
2449	1.325867e+04	4.820715e+01	-1.45008e+02	
2450	1.333521e+04	4.811755e+01	-1.44968e+02	
2451	1.341220e+04	4.802799e+01	-1.44927e+02	
2452	1.348963e+04	4.793849e+01	-1.44885e+02	
2453	1.356751e+04	4.784905e+01	-1.44842e+02	
2454	1.364583e+04	4.775965e+01	-1.44798e+02	
2455	1.372461e+04	4.767031e+01	-1.44754e+02	
2456	1.380384e+04	4.758103e+01	-1.44709e+02	
2457	1.388353e+04	4.749180e+01	-1.44663e+02	
2458	1.396368e+04	4.740263e+01	-1.44616e+02	
2459	1.404430e+04	4.731352e+01	-1.44568e+02	
2460	1.412538e+04	4.722447e+01	-1.44520e+02	
2461	1.420692e+04	4.713548e+01	-1.44470e+02	
2462	1.428894e+04	4.704655e+01	-1.44420e+02	
2463	1.437143e+04	4.695768e+01	-1.44369e+02	
2464	1.445440e+04	4.686887e+01	-1.44318e+02	
2465	1.453784e+04	4.678013e+01	-1.44265e+02	
2466	1.462177e+04	4.669146e+01	-1.44212e+02	
2467	1.470618e+04	4.660285e+01	-1.44158e+02	
2468	1.479108e+04	4.651431e+01	-1.44103e+02	
2469	1.487647e+04	4.642583e+01	-1.44048e+02	
2470	1.496236e+04	4.633742e+01	-1.43992e+02	
2471	1.504874e+04	4.624909e+01	-1.43935e+02	
2472	1.513561e+04	4.616082e+01	-1.43877e+02	
2473	1.522299e+04	4.607263e+01	-1.43818e+02	
2474	1.531087e+04	4.598451e+01	-1.43759e+02	
2475	1.539927e+04	4.589646e+01	-1.43698e+02	
2476	1.548817e+04	4.580849e+01	-1.43638e+02	
2477	1.557758e+04	4.572059e+01	-1.43576e+02	
2478	1.566751e+04	4.563277e+01	-1.43513e+02	
2479	1.575796e+04	4.554503e+01	-1.43450e+02	
2480	1.584893e+04	4.545736e+01	-1.43386e+02	
2481	1.594043e+04	4.536978e+01	-1.43322e+02	
2482	1.603245e+04	4.528227e+01	-1.43256e+02	
2483	1.612501e+04	4.519484e+01	-1.43190e+02	
2484	1.621810e+04	4.510750e+01	-1.43123e+02	
2485	1.631173e+04	4.502024e+01	-1.43056e+02	
2486	1.640590e+04	4.493307e+01	-1.42987e+02	
2487	1.650061e+04	4.484598e+01	-1.42918e+02	
2488	1.659587e+04	4.475897e+01	-1.42848e+02	
2489	1.669168e+04	4.467206e+01	-1.42778e+02	
2490	1.678804e+04	4.458523e+01	-1.42707e+02	

Index   frequency       tdb             tph             
--------------------------------------------------------------------------------
2491	1.688496e+04	4.449848e+01	-1.42635e+02	
2492	1.698244e+04	4.441183e+01	-1.42562e+02	
2493	1.708048e+04	4.432527e+01	-1.42489e+02	
2494	1.717908e+04	4.423880e+01	-1.42415e+02	
2495	1.727826e+04	4.415242e+01	-1.42340e+02	
2496	1.737801e+04	4.406614e+01	-1.42265e+02	
2497	1.747833e+04	4.397995e+01	-1.42189e+02	
2498	1.757924e+04	4.389385e+01	-1.42112e+02	
2499	1.768072e+04	4.380786e+01	-1.42034e+02	
2500	1.778279e+04	4.372195e+01	-1.41956e+02	
2501	1.788546e+04	4.363615e+01	-1.41878e+02	
2502	1.798871e+04	4.355044e+01	-1.41798e+02	
2503	1.809256e+04	4.346484e+01	-1.41718e+02	
2504	1.819701e+04	4.337933e+01	-1.41637e+02	
2505	1.830206e+04	4.329393e+01	-1.41556e+02	
2506	1.840772e+04	4.320863e+01	-1.41474e+02	
2507	1.851399e+04	4.312343e+01	-1.41391e+02	
2508	1.862087e+04	4.303834e+01	-1.41308e+02	
2509	1.872837e+04	4.295335e+01	-1.41224e+02	
2510	1.883649e+04	4.286847e+01	-1.41139e+02	
2511	1.894524e+04	4.278369e+01	-1.41054e+02	
2512	1.905461e+04	4.269902e+01	-1.40968e+02	
2513	1.916461e+04	4.261446e+01	-1.40882e+02	
2514	1.927525e+04	4.253001e+01	-1.40795e+02	
2515	1.938653e+04	4.244567e+01	-1.40707e+02	
2516	1.949845e+04	4.236144e+01	-1.40619e+02	
2517	1.961101e+04	4.227733e+01	-1.40530e+02	
2518	1.972423e+04	4.219332e+01	-1.40441e+02	
2519	1.983810e+04	4.210943e+01	-1.40351e+02	
2520	1.995262e+04	4.202566e+01	-1.40260e+02	
2521	2.006781e+04	4.194200e+01	-1.40169e+02	
2522	2.018366e+04	4.185845e+01	-1.40077e+02	
2523	2.030019e+04	4.177502e+01	-1.39985e+02	
2524	2.041738e+04	4.169172e+01	-1.39892e+02	
2525	2.053525e+04	4.160852e+01	-1.39799e+02	
2526	2.065380e+04	4.152545e+01	-1.39705e+02	
2527	2.077304e+04	4.144250e+01	-1.39611e+02	
2528	2.089296e+04	4.135967e+01	-1.39516e+02	
2529	2.101358e+04	4.127696e+01	-1.39420e+02	
2530	2.113489e+04	4.119438e+01	-1.39324e+02	
2531	2.125690e+04	4.111192e+01	-1.39228e+02	
2532	2.137962e+04	4.102958e+01	-1.39131e+02	
2533	2.150305e+04	4.094736e+01	-1.39033e+02	
2534	2.162719e+04	4.086528e+01	-1.38935e+02	
2535	2.175204e+04	4.078332e+01	-1.38837e+02	
2536	2.187762e+04	4.070148e+01	-1.38738e+02	
2537	2.200392e+04	4.061978e+01	-1.38638e+02	
2538	2.213095e+04	4.053820e+01	-1.38538e+02	
2539	2.225871e+04	4.045675e+01	-1.38438e+02	
2540	2.238721e+04	4.037543e+01	-1.38337e+02	
2541	2.251645e+04	4.029425e+01	-1.38236e+02	
2542	2.264644e+04	4.021319e+01	-1.38134e+02	
2543	2.277718e+04	4.013227e+01	-1.38032e+02	
2544	2.290868e+04	4.005148e+01	-1.37930e+02	
2545	2.304093e+04	3.997082e+01	-1.37827e+02	
2546	2.317395e+04	3.989030e+01	-1.37723e+02	
2547	2.330773e+04	3.980991e+01	-1.37620e+02	
2548	2.344229e+04	3.972966e+01	-1.37515e+02	

Index   frequency       tdb             tph             
--------------------------------------------------------------------------------
2549	2.357762e+04	3.964955e+01	-1.37411e+02	
2550	2.371374e+04	3.956957e+01	-1.37306e+02	
2551	2.385064e+04	3.948972e+01	-1.37201e+02	
2552	2.398833e+04	3.941002e+01	-1.37095e+02	
2553	2.412682e+04	3.933046e+01	-1.36989e+02	
2554	2.426610e+04	3.925103e+01	-1.36882e+02	
2555	2.440619e+04	3.917175e+01	-1.36776e+02	
2556	2.454709e+04	3.909260e+01	-1.36669e+02	
2557	2.468880e+04	3.901360e+01	-1.36561e+02	
2558	2.483133e+04	3.893473e+01	-1.36453e+02	
2559	2.497468e+04	3.885601e+01	-1.36345e+02	
2560	2.511886e+04	3.877743e+01	-1.36237e+02	
2561	2.526388e+04	3.869900e+01	-1.36128e+02	
2562	2.540973e+04	3.862071e+01	-1.36019e+02	
2563	2.555642e+04	3.854256e+01	-1.35910e+02	
2564	2.570396e+04	3.846456e+01	-1.35800e+02	
2565	2.585235e+04	3.838670e+01	-1.35691e+02	
2566	2.600160e+04	3.830899e+01	-1.35581e+02	
2567	2.615170e+04	3.823143e+01	-1.35470e+02	
2568	2.630268e+04	3.815401e+01	-1.35360e+02	
2569	2.645453e+04	3.807673e+01	-1.35249e+02	
2570	2.660725e+04	3.799961e+01	-1.35138e+02	
2571	2.676086e+04	3.792263e+01	-1.35027e+02	
2572	2.691535e+04	3.784580e+01	-1.34915e+02	
2573	2.707073e+04	3.776912e+01	-1.34804e+02	
2574	2.722701e+04	3.769259e+01	-1.34692e+02	
2575	2.738420e+04	3.761621e+01	-1.34580e+02	
2576	2.754229e+04	3.753998e+01	-1.34468e+02	
2577	2.770129e+04	3.746390e+01	-1.34355e+02	
2578	2.786121e+04	3.738796e+01	-1.34243e+02	
2579	2.802206e+04	3.731218e+01	-1.34130e+02	
2580	2.818383e+04	3.723655e+01	-1.34017e+02	
2581	2.834654e+04	3.716107e+01	-1.33904e+02	
2582	2.851018e+04	3.708575e+01	-1.33791e+02	
2583	2.867477e+04	3.701057e+01	-1.33678e+02	
2584	2.884032e+04	3.693555e+01	-1.33565e+02	
2585	2.900681e+04	3.686068e+01	-1.33451e+02	
2586	2.917427e+04	3.678596e+01	-1.33338e+02	
2587	2.934270e+04	3.671139e+01	-1.33224e+02	
2588	2.951209e+04	3.663698e+01	-1.33110e+02	
2589	2.968247e+04	3.656272e+01	-1.32997e+02	
2590	2.985383e+04	3.648861e+01	-1.32883e+02	
2591	3.002617e+04	3.641466e+01	-1.32769e+02	
2592	3.019952e+04	3.634086e+01	-1.32655e+02	
2593	3.037386e+04	3.626721e+01	-1.32541e+02	
2594	3.054921e+04	3.619372e+01	-1.32427e+02	
2595	3.072557e+04	3.612038e+01	-1.32313e+02	
2596	3.090295e+04	3.604719e+01	-1.32199e+02	
2597	3.108136e+04	3.597416e+01	-1.32085e+02	
2598	3.126079e+04	3.590128e+01	-1.31971e+02	
2599	3.144126e+04	3.582856e+01	-1.31857e+02	
2600	3.162278e+04	3.575599e+01	-1.31743e+02	
2601	3.180534e+04	3.568358e+01	-1.31630e+02	
2602	3.198895e+04	3.561132e+01	-1.31516e+02	
2603	3.217363e+04	3.553921e+01	-1.31402e+02	
2604	3.235937e+04	3.546726e+01	-1.31288e+02	
2605	3.254618e+04	3.539546e+01	-1.31175e+02	
2606	3.273407e+04	3.532382e+01	-1.31061e+02	

Index   frequency       tdb             tph             
--------------------------------------------------------------------------------
2607	3.292305e+04	3.525233e+01	-1.30948e+02	
2608	3.311311e+04	3.518099e+01	-1.30835e+02	
2609	3.330428e+04	3.510981e+01	-1.30721e+02	
2610	3.349654e+04	3.503878e+01	-1.30608e+02	
2611	3.368992e+04	3.496791e+01	-1.30495e+02	
2612	3.388442e+04	3.489719e+01	-1.30382e+02	
2613	3.408003e+04	3.482662e+01	-1.30270e+02	
2614	3.427678e+04	3.475620e+01	-1.30157e+02	
2615	3.447466e+04	3.468594e+01	-1.30045e+02	
2616	3.467369e+04	3.461583e+01	-1.29933e+02	
2617	3.487386e+04	3.454588e+01	-1.29821e+02	
2618	3.507519e+04	3.447607e+01	-1.29709e+02	
2619	3.527768e+04	3.440642e+01	-1.29597e+02	
2620	3.548134e+04	3.433692e+01	-1.29486e+02	
2621	3.568617e+04	3.426757e+01	-1.29375e+02	
2622	3.589219e+04	3.419837e+01	-1.29264e+02	
2623	3.609940e+04	3.412933e+01	-1.29153e+02	
2624	3.630781e+04	3.406043e+01	-1.29043e+02	
2625	3.651741e+04	3.399168e+01	-1.28932e+02	
2626	3.672823e+04	3.392309e+01	-1.28822e+02	
2627	3.694026e+04	3.385464e+01	-1.28713e+02	
2628	3.715352e+04	3.378635e+01	-1.28603e+02	
2629	3.736801e+04	3.371820e+01	-1.28494e+02	
2630	3.758374e+04	3.365020e+01	-1.28385e+02	
2631	3.780071e+04	3.358235e+01	-1.28277e+02	
2632	3.801894e+04	3.351464e+01	-1.28169e+02	
2633	3.823843e+04	3.344709e+01	-1.28061e+02	
2634	3.845918e+04	3.337968e+01	-1.27953e+02	
2635	3.868121e+04	3.331242e+01	-1.27846e+02	
2636	3.890451e+04	3.324530e+01	-1.27739e+02	
2637	3.912911e+04	3.317833e+01	-1.27632e+02	
2638	3.935501e+04	3.311150e+01	-1.27526e+02	
2639	3.958221e+04	3.304482e+01	-1.27420e+02	
2640	3.981072e+04	3.297828e+01	-1.27315e+02	
2641	4.004055e+04	3.291189e+01	-1.27210e+02	
2642	4.027170e+04	3.284563e+01	-1.27105e+02	
2643	4.050419e+04	3.277953e+01	-1.27001e+02	
2644	4.073803e+04	3.271356e+01	-1.26897e+02	
2645	4.097321e+04	3.264773e+01	-1.26794e+02	
2646	4.120975e+04	3.258205e+01	-1.26691e+02	
2647	4.144766e+04	3.251650e+01	-1.26588e+02	
2648	4.168694e+04	3.245110e+01	-1.26486e+02	
2649	4.192760e+04	3.238583e+01	-1.26384e+02	
2650	4.216965e+04	3.232070e+01	-1.26283e+02	
2651	4.241310e+04	3.225571e+01	-1.26182e+02	
2652	4.265795e+04	3.219085e+01	-1.26082e+02	
2653	4.290422e+04	3.212614e+01	-1.25982e+02	
2654	4.315191e+04	3.206155e+01	-1.25883e+02	
2655	4.340103e+04	3.199711e+01	-1.25784e+02	
2656	4.365158e+04	3.193279e+01	-1.25686e+02	
2657	4.390359e+04	3.186861e+01	-1.25588e+02	
2658	4.415704e+04	3.180457e+01	-1.25491e+02	
2659	4.441197e+04	3.174065e+01	-1.25394e+02	
2660	4.466836e+04	3.167687e+01	-1.25298e+02	
2661	4.492623e+04	3.161322e+01	-1.25202e+02	
2662	4.518559e+04	3.154969e+01	-1.25107e+02	
2663	4.544645e+04	3.148630e+01	-1.25012e+02	
2664	4.570882e+04	3.142303e+01	-1.24918e+02	

Index   frequency       tdb             tph             
--------------------------------------------------------------------------------
2665	4.597270e+04	3.135990e+01	-1.24824e+02	
2666	4.623810e+04	3.129689e+01	-1.24732e+02	
2667	4.650504e+04	3.123400e+01	-1.24639e+02	
2668	4.677351e+04	3.117124e+01	-1.24547e+02	
2669	4.704354e+04	3.110861e+01	-1.24456e+02	
2670	4.731513e+04	3.104610e+01	-1.24366e+02	
2671	4.758828e+04	3.098371e+01	-1.24276e+02	
2672	4.786301e+04	3.092145e+01	-1.24186e+02	
2673	4.813933e+04	3.085930e+01	-1.24097e+02	
2674	4.841724e+04	3.079728e+01	-1.24009e+02	
2675	4.869675e+04	3.073537e+01	-1.23922e+02	
2676	4.897788e+04	3.067359e+01	-1.23835e+02	
2677	4.926063e+04	3.061192e+01	-1.23749e+02	
2678	4.954502e+04	3.055037e+01	-1.23663e+02	
2679	4.983105e+04	3.048894e+01	-1.23578e+02	
2680	5.011872e+04	3.042762e+01	-1.23494e+02	
2681	5.040806e+04	3.036642e+01	-1.23410e+02	
2682	5.069907e+04	3.030533e+01	-1.23327e+02	
2683	5.099176e+04	3.024435e+01	-1.23245e+02	
2684	5.128614e+04	3.018348e+01	-1.23163e+02	
2685	5.158222e+04	3.012273e+01	-1.23082e+02	
2686	5.188000e+04	3.006208e+01	-1.23002e+02	
2687	5.217951e+04	3.000155e+01	-1.22922e+02	
2688	5.248075e+04	2.994112e+01	-1.22843e+02	
2689	5.278372e+04	2.988080e+01	-1.22765e+02	
2690	5.308844e+04	2.982059e+01	-1.22688e+02	
2691	5.339493e+04	2.976048e+01	-1.22611e+02	
2692	5.370318e+04	2.970048e+01	-1.22535e+02	
2693	5.401321e+04	2.964058e+01	-1.22460e+02	
2694	5.432503e+04	2.958078e+01	-1.22385e+02	
2695	5.463865e+04	2.952109e+01	-1.22311e+02	
2696	5.495409e+04	2.946149e+01	-1.22238e+02	
2697	5.527134e+04	2.940200e+01	-1.22166e+02	
2698	5.559043e+04	2.934261e+01	-1.22094e+02	
2699	5.591135e+04	2.928331e+01	-1.22023e+02	
2700	5.623413e+04	2.922411e+01	-1.21953e+02	
2701	5.655878e+04	2.916501e+01	-1.21884e+02	
2702	5.688529e+04	2.910600e+01	-1.21815e+02	
2703	5.721370e+04	2.904709e+01	-1.21747e+02	
2704	5.754399e+04	2.898827e+01	-1.21680e+02	
2705	5.787620e+04	2.892955e+01	-1.21614e+02	
2706	5.821032e+04	2.887091e+01	-1.21548e+02	
2707	5.854637e+04	2.881237e+01	-1.21484e+02	
2708	5.888437e+04	2.875392e+01	-1.21420e+02	
2709	5.922431e+04	2.869555e+01	-1.21356e+02	
2710	5.956621e+04	2.863728e+01	-1.21294e+02	
2711	5.991009e+04	2.857909e+01	-1.21232e+02	
2712	6.025596e+04	2.852098e+01	-1.21172e+02	
2713	6.060382e+04	2.846297e+01	-1.21112e+02	
2714	6.095369e+04	2.840503e+01	-1.21052e+02	
2715	6.130558e+04	2.834718e+01	-1.20994e+02	
2716	6.165950e+04	2.828941e+01	-1.20937e+02	
2717	6.201546e+04	2.823173e+01	-1.20880e+02	
2718	6.237348e+04	2.817412e+01	-1.20824e+02	
2719	6.273357e+04	2.811660e+01	-1.20769e+02	
2720	6.309573e+04	2.805915e+01	-1.20715e+02	
2721	6.345999e+04	2.800178e+01	-1.20661e+02	
2722	6.382635e+04	2.794449e+01	-1.20608e+02	

Index   frequency       tdb             tph             
--------------------------------------------------------------------------------
2723	6.419482e+04	2.788727e+01	-1.20557e+02	
2724	6.456542e+04	2.783013e+01	-1.20506e+02	
2725	6.493816e+04	2.777306e+01	-1.20456e+02	
2726	6.531306e+04	2.771606e+01	-1.20406e+02	
2727	6.569011e+04	2.765914e+01	-1.20358e+02	
2728	6.606934e+04	2.760229e+01	-1.20310e+02	
2729	6.645077e+04	2.754551e+01	-1.20264e+02	
2730	6.683439e+04	2.748880e+01	-1.20218e+02	
2731	6.722023e+04	2.743216e+01	-1.20173e+02	
2732	6.760830e+04	2.737558e+01	-1.20129e+02	
2733	6.799860e+04	2.731908e+01	-1.20085e+02	
2734	6.839116e+04	2.726263e+01	-1.20043e+02	
2735	6.878599e+04	2.720626e+01	-1.20001e+02	
2736	6.918310e+04	2.714995e+01	-1.19961e+02	
2737	6.958250e+04	2.709370e+01	-1.19921e+02	
2738	6.998420e+04	2.703751e+01	-1.19882e+02	
2739	7.038822e+04	2.698139e+01	-1.19844e+02	
2740	7.079458e+04	2.692532e+01	-1.19807e+02	
2741	7.120328e+04	2.686932e+01	-1.19770e+02	
2742	7.161434e+04	2.681337e+01	-1.19735e+02	
2743	7.202778e+04	2.675749e+01	-1.19700e+02	
2744	7.244360e+04	2.670166e+01	-1.19667e+02	
2745	7.286182e+04	2.664588e+01	-1.19634e+02	
2746	7.328245e+04	2.659016e+01	-1.19602e+02	
2747	7.370552e+04	2.653450e+01	-1.19571e+02	
2748	7.413102e+04	2.647889e+01	-1.19541e+02	
2749	7.455899e+04	2.642333e+01	-1.19511e+02	
2750	7.498942e+04	2.636783e+01	-1.19483e+02	
2751	7.542234e+04	2.631238e+01	-1.19456e+02	
2752	7.585776e+04	2.625697e+01	-1.19429e+02	
2753	7.629569e+04	2.620162e+01	-1.19403e+02	
2754	7.673615e+04	2.614632e+01	-1.19378e+02	
2755	7.717915e+04	2.609106e+01	-1.19355e+02	
2756	7.762471e+04	2.603585e+01	-1.19332e+02	
2757	7.807284e+04	2.598069e+01	-1.19310e+02	
2758	7.852356e+04	2.592557e+01	-1.19288e+02	
2759	7.897688e+04	2.587050e+01	-1.19268e+02	
2760	7.943282e+04	2.581547e+01	-1.19249e+02	
2761	7.989139e+04	2.576049e+01	-1.19230e+02	
2762	8.035261e+04	2.570555e+01	-1.19213e+02	
2763	8.081649e+04	2.565065e+01	-1.19196e+02	
2764	8.128305e+04	2.559579e+01	-1.19180e+02	
2765	8.175230e+04	2.554097e+01	-1.19166e+02	
2766	8.222426e+04	2.548619e+01	-1.19152e+02	
2767	8.269895e+04	2.543144e+01	-1.19139e+02	
2768	8.317638e+04	2.537674e+01	-1.19127e+02	
2769	8.365656e+04	2.532207e+01	-1.19116e+02	
2770	8.413951e+04	2.526744e+01	-1.19105e+02	
2771	8.462526e+04	2.521285e+01	-1.19096e+02	
2772	8.511380e+04	2.515829e+01	-1.19088e+02	
2773	8.560517e+04	2.510376e+01	-1.19080e+02	
2774	8.609938e+04	2.504927e+01	-1.19074e+02	
2775	8.659643e+04	2.499481e+01	-1.19068e+02	
2776	8.709636e+04	2.494038e+01	-1.19063e+02	
2777	8.759917e+04	2.488598e+01	-1.19060e+02	
2778	8.810489e+04	2.483161e+01	-1.19057e+02	
2779	8.861352e+04	2.477728e+01	-1.19055e+02	
2780	8.912509e+04	2.472297e+01	-1.19054e+02	

Index   frequency       tdb             tph             
--------------------------------------------------------------------------------
2781	8.963962e+04	2.466869e+01	-1.19054e+02	
2782	9.015711e+04	2.461443e+01	-1.19055e+02	
2783	9.067760e+04	2.456021e+01	-1.19057e+02	
2784	9.120108e+04	2.450601e+01	-1.19060e+02	
2785	9.172759e+04	2.445183e+01	-1.19063e+02	
2786	9.225714e+04	2.439768e+01	-1.19068e+02	
2787	9.278975e+04	2.434356e+01	-1.19074e+02	
2788	9.332543e+04	2.428946e+01	-1.19080e+02	
2789	9.386420e+04	2.423538e+01	-1.19088e+02	
2790	9.440609e+04	2.418132e+01	-1.19096e+02	
2791	9.495110e+04	2.412729e+01	-1.19105e+02	
2792	9.549926e+04	2.407327e+01	-1.19116e+02	
2793	9.605058e+04	2.401928e+01	-1.19127e+02	
2794	9.660509e+04	2.396530e+01	-1.19139e+02	
2795	9.716280e+04	2.391134e+01	-1.19152e+02	
2796	9.772372e+04	2.385740e+01	-1.19166e+02	
2797	9.828789e+04	2.380348e+01	-1.19181e+02	
2798	9.885531e+04	2.374958e+01	-1.19197e+02	
2799	9.942601e+04	2.369569e+01	-1.19214e+02	
2800	1.000000e+05	2.364182e+01	-1.19232e+02	
2801	1.005773e+05	2.358796e+01	-1.19251e+02	
2802	1.011579e+05	2.353411e+01	-1.19270e+02	
2803	1.017419e+05	2.348028e+01	-1.19291e+02	
2804	1.023293e+05	2.342647e+01	-1.19313e+02	
2805	1.029201e+05	2.337266e+01	-1.19335e+02	
2806	1.035142e+05	2.331887e+01	-1.19359e+02	
2807	1.041118e+05	2.326509e+01	-1.19383e+02	
2808	1.047129e+05	2.321132e+01	-1.19409e+02	
2809	1.053174e+05	2.315755e+01	-1.19435e+02	
2810	1.059254e+05	2.310380e+01	-1.19463e+02	
2811	1.065369e+05	2.305006e+01	-1.19491e+02	
2812	1.071519e+05	2.299632e+01	-1.19520e+02	
2813	1.077705e+05	2.294259e+01	-1.19551e+02	
2814	1.083927e+05	2.288887e+01	-1.19582e+02	
2815	1.090184e+05	2.283516e+01	-1.19614e+02	
2816	1.096478e+05	2.278145e+01	-1.19647e+02	
2817	1.102808e+05	2.272774e+01	-1.19682e+02	
2818	1.109175e+05	2.267404e+01	-1.19717e+02	
2819	1.115578e+05	2.262035e+01	-1.19753e+02	
2820	1.122018e+05	2.256665e+01	-1.19790e+02	
2821	1.128496e+05	2.251296e+01	-1.19828e+02	
2822	1.135011e+05	2.245928e+01	-1.19867e+02	
2823	1.141563e+05	2.240559e+01	-1.19907e+02	
2824	1.148154e+05	2.235190e+01	-1.19948e+02	
2825	1.154782e+05	2.229822e+01	-1.19990e+02	
2826	1.161449e+05	2.224453e+01	-1.20032e+02	
2827	1.168154e+05	2.219085e+01	-1.20076e+02	
2828	1.174898e+05	2.213716e+01	-1.20121e+02	
2829	1.181680e+05	2.208347e+01	-1.20167e+02	
2830	1.188502e+05	2.202978e+01	-1.20214e+02	
2831	1.195364e+05	2.197608e+01	-1.20261e+02	
2832	1.202264e+05	2.192238e+01	-1.20310e+02	
2833	1.209205e+05	2.186868e+01	-1.20360e+02	
2834	1.216186e+05	2.181497e+01	-1.20411e+02	
2835	1.223207e+05	2.176126e+01	-1.20462e+02	
2836	1.230269e+05	2.170754e+01	-1.20515e+02	
2837	1.237371e+05	2.165382e+01	-1.20569e+02	
2838	1.244515e+05	2.160009e+01	-1.20623e+02	

Index   frequency       tdb             tph             
--------------------------------------------------------------------------------
2839	1.251699e+05	2.154635e+01	-1.20679e+02	
2840	1.258925e+05	2.149260e+01	-1.20736e+02	
2841	1.266193e+05	2.143884e+01	-1.20793e+02	
2842	1.273503e+05	2.138508e+01	-1.20852e+02	
2843	1.280855e+05	2.133130e+01	-1.20912e+02	
2844	1.288250e+05	2.127751e+01	-1.20972e+02	
2845	1.295687e+05	2.122372e+01	-1.21034e+02	
2846	1.303167e+05	2.116991e+01	-1.21097e+02	
2847	1.310690e+05	2.111609e+01	-1.21160e+02	
2848	1.318257e+05	2.106226e+01	-1.21225e+02	
2849	1.325867e+05	2.100841e+01	-1.21291e+02	
2850	1.333521e+05	2.095455e+01	-1.21357e+02	
2851	1.341220e+05	2.090068e+01	-1.21425e+02	
2852	1.348963e+05	2.084679e+01	-1.21494e+02	
2853	1.356751e+05	2.079288e+01	-1.21563e+02	
2854	1.364583e+05	2.073896e+01	-1.21634e+02	
2855	1.372461e+05	2.068502e+01	-1.21706e+02	
2856	1.380384e+05	2.063107e+01	-1.21779e+02	
2857	1.388353e+05	2.057710e+01	-1.21852e+02	
2858	1.396368e+05	2.052311e+01	-1.21927e+02	
2859	1.404430e+05	2.046910e+01	-1.22003e+02	
2860	1.412538e+05	2.041507e+01	-1.22080e+02	
2861	1.420692e+05	2.036103e+01	-1.22158e+02	
2862	1.428894e+05	2.030696e+01	-1.22236e+02	
2863	1.437143e+05	2.025287e+01	-1.22316e+02	
2864	1.445440e+05	2.019876e+01	-1.22397e+02	
2865	1.453784e+05	2.014463e+01	-1.22479e+02	
2866	1.462177e+05	2.009047e+01	-1.22562e+02	
2867	1.470618e+05	2.003629e+01	-1.22646e+02	
2868	1.479108e+05	1.998209e+01	-1.22731e+02	
2869	1.487647e+05	1.992786e+01	-1.22817e+02	
2870	1.496236e+05	1.987361e+01	-1.22904e+02	
2871	1.504874e+05	1.981934e+01	-1.22993e+02	
2872	1.513561e+05	1.976503e+01	-1.23082e+02	
2873	1.522299e+05	1.971070e+01	-1.23172e+02	
2874	1.531087e+05	1.965635e+01	-1.23263e+02	
2875	1.539927e+05	1.960196e+01	-1.23356e+02	
2876	1.548817e+05	1.954755e+01	-1.23449e+02	
2877	1.557758e+05	1.949310e+01	-1.23543e+02	
2878	1.566751e+05	1.943863e+01	-1.23639e+02	
2879	1.575796e+05	1.938413e+01	-1.23736e+02	
2880	1.584893e+05	1.932960e+01	-1.23833e+02	
2881	1.594043e+05	1.927503e+01	-1.23932e+02	
2882	1.603245e+05	1.922044e+01	-1.24032e+02	
2883	1.612501e+05	1.916581e+01	-1.24132e+02	
2884	1.621810e+05	1.911115e+01	-1.24234e+02	
2885	1.631173e+05	1.905645e+01	-1.24337e+02	
2886	1.640590e+05	1.900172e+01	-1.24441e+02	
2887	1.650061e+05	1.894696e+01	-1.24546e+02	
2888	1.659587e+05	1.889216e+01	-1.24652e+02	
2889	1.669168e+05	1.883732e+01	-1.24760e+02	
2890	1.678804e+05	1.878245e+01	-1.24868e+02	
2891	1.688496e+05	1.872754e+01	-1.24977e+02	
2892	1.698244e+05	1.867259e+01	-1.25088e+02	
2893	1.708048e+05	1.861760e+01	-1.25199e+02	
2894	1.717908e+05	1.856257e+01	-1.25312e+02	
2895	1.727826e+05	1.850751e+01	-1.25426e+02	
2896	1.737801e+05	1.845240e+01	-1.25540e+02	

Index   frequency       tdb             tph             
--------------------------------------------------------------------------------
2897	1.747833e+05	1.839725e+01	-1.25656e+02	
2898	1.757924e+05	1.834206e+01	-1.25773e+02	
2899	1.768072e+05	1.828683e+01	-1.25891e+02	
2900	1.778279e+05	1.823156e+01	-1.26011e+02	
2901	1.788546e+05	1.817624e+01	-1.26131e+02	
2902	1.798871e+05	1.812088e+01	-1.26252e+02	
2903	1.809256e+05	1.806547e+01	-1.26375e+02	
2904	1.819701e+05	1.801002e+01	-1.26498e+02	
2905	1.830206e+05	1.795452e+01	-1.26623e+02	
2906	1.840772e+05	1.789897e+01	-1.26749e+02	
2907	1.851399e+05	1.784337e+01	-1.26876e+02	
2908	1.862087e+05	1.778773e+01	-1.27004e+02	
2909	1.872837e+05	1.773204e+01	-1.27133e+02	
2910	1.883649e+05	1.767630e+01	-1.27263e+02	
2911	1.894524e+05	1.762051e+01	-1.27395e+02	
2912	1.905461e+05	1.756467e+01	-1.27527e+02	
2913	1.916461e+05	1.750877e+01	-1.27661e+02	
2914	1.927525e+05	1.745283e+01	-1.27796e+02	
2915	1.938653e+05	1.739683e+01	-1.27932e+02	
2916	1.949845e+05	1.734077e+01	-1.28069e+02	
2917	1.961101e+05	1.728467e+01	-1.28207e+02	
2918	1.972423e+05	1.722850e+01	-1.28346e+02	
2919	1.983810e+05	1.717229e+01	-1.28487e+02	
2920	1.995262e+05	1.711601e+01	-1.28629e+02	
2921	2.006781e+05	1.705968e+01	-1.28771e+02	
2922	2.018366e+05	1.700329e+01	-1.28915e+02	
2923	2.030019e+05	1.694684e+01	-1.29060e+02	
2924	2.041738e+05	1.689033e+01	-1.29207e+02	
2925	2.053525e+05	1.683376e+01	-1.29354e+02	
2926	2.065380e+05	1.677713e+01	-1.29503e+02	
2927	2.077304e+05	1.672044e+01	-1.29652e+02	
2928	2.089296e+05	1.666369e+01	-1.29803e+02	
2929	2.101358e+05	1.660687e+01	-1.29955e+02	
2930	2.113489e+05	1.654999e+01	-1.30109e+02	
2931	2.125690e+05	1.649304e+01	-1.30263e+02	
2932	2.137962e+05	1.643603e+01	-1.30418e+02	
2933	2.150305e+05	1.637896e+01	-1.30575e+02	
2934	2.162719e+05	1.632181e+01	-1.30733e+02	
2935	2.175204e+05	1.626460e+01	-1.30892e+02	
2936	2.187762e+05	1.620732e+01	-1.31052e+02	
2937	2.200392e+05	1.614997e+01	-1.31214e+02	
2938	2.213095e+05	1.609255e+01	-1.31377e+02	
2939	2.225871e+05	1.603506e+01	-1.31540e+02	
2940	2.238721e+05	1.597749e+01	-1.31705e+02	
2941	2.251645e+05	1.591986e+01	-1.31872e+02	
2942	2.264644e+05	1.586215e+01	-1.32039e+02	
2943	2.277718e+05	1.580437e+01	-1.32208e+02	
2944	2.290868e+05	1.574651e+01	-1.32378e+02	
2945	2.304093e+05	1.568857e+01	-1.32549e+02	
2946	2.317395e+05	1.563056e+01	-1.32721e+02	
2947	2.330773e+05	1.557247e+01	-1.32894e+02	
2948	2.344229e+05	1.551430e+01	-1.33069e+02	
2949	2.357762e+05	1.545606e+01	-1.33245e+02	
2950	2.371374e+05	1.539773e+01	-1.33422e+02	
2951	2.385064e+05	1.533932e+01	-1.33600e+02	
2952	2.398833e+05	1.528083e+01	-1.33780e+02	
2953	2.412682e+05	1.522226e+01	-1.33960e+02	
2954	2.426610e+05	1.516360e+01	-1.34142e+02	

Index   frequency       tdb             tph             
--------------------------------------------------------------------------------
2955	2.440619e+05	1.510486e+01	-1.34326e+02	
2956	2.454709e+05	1.504604e+01	-1.34510e+02	
2957	2.468880e+05	1.498712e+01	-1.34696e+02	
2958	2.483133e+05	1.492812e+01	-1.34883e+02	
2959	2.497468e+05	1.486904e+01	-1.35071e+02	
2960	2.511886e+05	1.480986e+01	-1.35260e+02	
2961	2.526388e+05	1.475059e+01	-1.35451e+02	
2962	2.540973e+05	1.469124e+01	-1.35642e+02	
2963	2.555642e+05	1.463179e+01	-1.35836e+02	
2964	2.570396e+05	1.457224e+01	-1.36030e+02	
2965	2.585235e+05	1.451261e+01	-1.36225e+02	
2966	2.600160e+05	1.445288e+01	-1.36422e+02	
2967	2.615170e+05	1.439305e+01	-1.36620e+02	
2968	2.630268e+05	1.433313e+01	-1.36820e+02	
2969	2.645453e+05	1.427311e+01	-1.37020e+02	
2970	2.660725e+05	1.421299e+01	-1.37222e+02	
2971	2.676086e+05	1.415277e+01	-1.37425e+02	
2972	2.691535e+05	1.409245e+01	-1.37630e+02	
2973	2.707073e+05	1.403203e+01	-1.37835e+02	
2974	2.722701e+05	1.397151e+01	-1.38042e+02	
2975	2.738420e+05	1.391088e+01	-1.38251e+02	
2976	2.754229e+05	1.385015e+01	-1.38460e+02	
2977	2.770129e+05	1.378931e+01	-1.38671e+02	
2978	2.786121e+05	1.372837e+01	-1.38883e+02	
2979	2.802206e+05	1.366732e+01	-1.39096e+02	
2980	2.818383e+05	1.360616e+01	-1.39311e+02	
2981	2.834654e+05	1.354489e+01	-1.39526e+02	
2982	2.851018e+05	1.348351e+01	-1.39744e+02	
2983	2.867477e+05	1.342202e+01	-1.39962e+02	
2984	2.884032e+05	1.336042e+01	-1.40182e+02	
2985	2.900681e+05	1.329870e+01	-1.40403e+02	
2986	2.917427e+05	1.323687e+01	-1.40625e+02	
2987	2.934270e+05	1.317492e+01	-1.40849e+02	
2988	2.951209e+05	1.311286e+01	-1.41073e+02	
2989	2.968247e+05	1.305068e+01	-1.41300e+02	
2990	2.985383e+05	1.298838e+01	-1.41527e+02	
2991	3.002617e+05	1.292596e+01	-1.41756e+02	
2992	3.019952e+05	1.286341e+01	-1.41986e+02	
2993	3.037386e+05	1.280075e+01	-1.42217e+02	
2994	3.054921e+05	1.273796e+01	-1.42450e+02	
2995	3.072557e+05	1.267505e+01	-1.42684e+02	
2996	3.090295e+05	1.261201e+01	-1.42919e+02	
2997	3.108136e+05	1.254884e+01	-1.43156e+02	
2998	3.126079e+05	1.248555e+01	-1.43393e+02	
2999	3.144126e+05	1.242213e+01	-1.43633e+02	
3000	3.162278e+05	1.235857e+01	-1.43873e+02	
3001	3.180534e+05	1.229489e+01	-1.44115e+02	
3002	3.198895e+05	1.223108e+01	-1.44358e+02	
3003	3.217363e+05	1.216713e+01	-1.44603e+02	
3004	3.235937e+05	1.210304e+01	-1.44848e+02	
3005	3.254618e+05	1.203882e+01	-1.45095e+02	
3006	3.273407e+05	1.197446e+01	-1.45344e+02	
3007	3.292305e+05	1.190997e+01	-1.45593e+02	
3008	3.311311e+05	1.184533e+01	-1.45844e+02	
3009	3.330428e+05	1.178056e+01	-1.46097e+02	
3010	3.349654e+05	1.171564e+01	-1.46350e+02	
3011	3.368992e+05	1.165058e+01	-1.46605e+02	
3012	3.388442e+05	1.158538e+01	-1.46862e+02	

Index   frequency       tdb             tph             
--------------------------------------------------------------------------------
3013	3.408003e+05	1.152003e+01	-1.47119e+02	
3014	3.427678e+05	1.145453e+01	-1.47378e+02	
3015	3.447466e+05	1.138889e+01	-1.47638e+02	
3016	3.467369e+05	1.132309e+01	-1.47900e+02	
3017	3.487386e+05	1.125715e+01	-1.48163e+02	
3018	3.507519e+05	1.119106e+01	-1.48427e+02	
3019	3.527768e+05	1.112481e+01	-1.48693e+02	
3020	3.548134e+05	1.105841e+01	-1.48960e+02	
3021	3.568617e+05	1.099186e+01	-1.49228e+02	
3022	3.589219e+05	1.092514e+01	-1.49497e+02	
3023	3.609940e+05	1.085828e+01	-1.49768e+02	
3024	3.630781e+05	1.079125e+01	-1.50040e+02	
3025	3.651741e+05	1.072406e+01	-1.50314e+02	
3026	3.672823e+05	1.065671e+01	-1.50589e+02	
3027	3.694026e+05	1.058920e+01	-1.50865e+02	
3028	3.715352e+05	1.052153e+01	-1.51142e+02	
3029	3.736801e+05	1.045369e+01	-1.51421e+02	
3030	3.758374e+05	1.038568e+01	-1.51701e+02	
3031	3.780071e+05	1.031751e+01	-1.51983e+02	
3032	3.801894e+05	1.024916e+01	-1.52265e+02	
3033	3.823843e+05	1.018065e+01	-1.52550e+02	
3034	3.845918e+05	1.011197e+01	-1.52835e+02	
3035	3.868121e+05	1.004311e+01	-1.53122e+02	
3036	3.890451e+05	9.974085e+00	-1.53410e+02	
3037	3.912911e+05	9.904880e+00	-1.53699e+02	
3038	3.935501e+05	9.835500e+00	-1.53990e+02	
3039	3.958221e+05	9.765942e+00	-1.54282e+02	
3040	3.981072e+05	9.696204e+00	-1.54575e+02	
3041	4.004055e+05	9.626287e+00	-1.54870e+02	
3042	4.027170e+05	9.556189e+00	-1.55166e+02	
3043	4.050419e+05	9.485907e+00	-1.55463e+02	
3044	4.073803e+05	9.415442e+00	-1.55762e+02	
3045	4.097321e+05	9.344791e+00	-1.56062e+02	
3046	4.120975e+05	9.273954e+00	-1.56363e+02	
3047	4.144766e+05	9.202929e+00	-1.56666e+02	
3048	4.168694e+05	9.131715e+00	-1.56969e+02	
3049	4.192760e+05	9.060311e+00	-1.57275e+02	
3050	4.216965e+05	8.988714e+00	-1.57581e+02	
3051	4.241310e+05	8.916925e+00	-1.57889e+02	
3052	4.265795e+05	8.844941e+00	-1.58198e+02	
3053	4.290422e+05	8.772762e+00	-1.58508e+02	
3054	4.315191e+05	8.700386e+00	-1.58820e+02	
3055	4.340103e+05	8.627812e+00	-1.59133e+02	
3056	4.365158e+05	8.555038e+00	-1.59447e+02	
3057	4.390359e+05	8.482064e+00	-1.59763e+02	
3058	4.415704e+05	8.408887e+00	-1.60080e+02	
3059	4.441197e+05	8.335507e+00	-1.60398e+02	
3060	4.466836e+05	8.261923e+00	-1.60717e+02	
3061	4.492623e+05	8.188132e+00	-1.61038e+02	
3062	4.518559e+05	8.114135e+00	-1.61360e+02	
3063	4.544645e+05	8.039929e+00	-1.61683e+02	
3064	4.570882e+05	7.965513e+00	-1.62008e+02	
3065	4.597270e+05	7.890886e+00	-1.62334e+02	
3066	4.623810e+05	7.816046e+00	-1.62661e+02	
3067	4.650504e+05	7.740993e+00	-1.62989e+02	
3068	4.677351e+05	7.665725e+00	-1.63319e+02	
3069	4.704354e+05	7.590241e+00	-1.63650e+02	
3070	4.731513e+05	7.514540e+00	-1.63982e+02	

Index   frequency       tdb             tph             
--------------------------------------------------------------------------------
3071	4.758828e+05	7.438619e+00	-1.64316e+02	
3072	4.786301e+05	7.362479e+00	-1.64651e+02	
3073	4.813933e+05	7.286118e+00	-1.64987e+02	
3074	4.841724e+05	7.209534e+00	-1.65324e+02	
3075	4.869675e+05	7.132726e+00	-1.65662e+02	
3076	4.897788e+05	7.055693e+00	-1.66002e+02	
3077	4.926063e+05	6.978434e+00	-1.66343e+02	
3078	4.954502e+05	6.900947e+00	-1.66685e+02	
3079	4.983105e+05	6.823231e+00	-1.67029e+02	
3080	5.011872e+05	6.745286e+00	-1.67373e+02	
3081	5.040806e+05	6.667109e+00	-1.67719e+02	
3082	5.069907e+05	6.588699e+00	-1.68066e+02	
3083	5.099176e+05	6.510056e+00	-1.68415e+02	
3084	5.128614e+05	6.431178e+00	-1.68764e+02	
3085	5.158222e+05	6.352064e+00	-1.69115e+02	
3086	5.188000e+05	6.272712e+00	-1.69467e+02	
3087	5.217951e+05	6.193122e+00	-1.69820e+02	
3088	5.248075e+05	6.113291e+00	-1.70174e+02	
3089	5.278372e+05	6.033220e+00	-1.70530e+02	
3090	5.308844e+05	5.952907e+00	-1.70887e+02	
3091	5.339493e+05	5.872350e+00	-1.71245e+02	
3092	5.370318e+05	5.791548e+00	-1.71604e+02	
3093	5.401321e+05	5.710501e+00	-1.71964e+02	
3094	5.432503e+05	5.629207e+00	-1.72326e+02	
3095	5.463865e+05	5.547665e+00	-1.72688e+02	
3096	5.495409e+05	5.465873e+00	-1.73052e+02	
3097	5.527134e+05	5.383831e+00	-1.73417e+02	
3098	5.559043e+05	5.301538e+00	-1.73783e+02	
3099	5.591135e+05	5.218992e+00	-1.74150e+02	
3100	5.623413e+05	5.136192e+00	-1.74519e+02	
3101	5.655878e+05	5.053137e+00	-1.74888e+02	
3102	5.688529e+05	4.969826e+00	-1.75259e+02	
3103	5.721370e+05	4.886257e+00	-1.75631e+02	
3104	5.754399e+05	4.802431e+00	-1.76004e+02	
3105	5.787620e+05	4.718345e+00	-1.76378e+02	
3106	5.821032e+05	4.633999e+00	-1.76753e+02	
3107	5.854637e+05	4.549391e+00	-1.77129e+02	
3108	5.888437e+05	4.464520e+00	-1.77507e+02	
3109	5.922431e+05	4.379386e+00	-1.77885e+02	
3110	5.956621e+05	4.293987e+00	-1.78265e+02	
3111	5.991009e+05	4.208323e+00	-1.78645e+02	
3112	6.025596e+05	4.122391e+00	-1.79027e+02	
3113	6.060382e+05	4.036192e+00	-1.79410e+02	
3114	6.095369e+05	3.949724e+00	-1.79793e+02	
3115	6.130558e+05	3.862986e+00	-1.80178e+02	
3116	6.165950e+05	3.775978e+00	-1.80564e+02	
3117	6.201546e+05	3.688697e+00	-1.80951e+02	
3118	6.237348e+05	3.601144e+00	-1.81339e+02	
3119	6.273357e+05	3.513317e+00	-1.81729e+02	
3120	6.309573e+05	3.425216e+00	-1.82119e+02	
3121	6.345999e+05	3.336839e+00	-1.82510e+02	
3122	6.382635e+05	3.248185e+00	-1.82902e+02	
3123	6.419482e+05	3.159254e+00	-1.83295e+02	
3124	6.456542e+05	3.070044e+00	-1.83689e+02	
3125	6.493816e+05	2.980555e+00	-1.84084e+02	
3126	6.531306e+05	2.890786e+00	-1.84481e+02	
3127	6.569011e+05	2.800736e+00	-1.84878e+02	
3128	6.606934e+05	2.710403e+00	-1.85276e+02	

Index   frequency       tdb             tph             
--------------------------------------------------------------------------------
3129	6.645077e+05	2.619788e+00	-1.85675e+02	
3130	6.683439e+05	2.528890e+00	-1.86075e+02	
3131	6.722023e+05	2.437707e+00	-1.86476e+02	
3132	6.760830e+05	2.346238e+00	-1.86878e+02	
3133	6.799860e+05	2.254484e+00	-1.87281e+02	
3134	6.839116e+05	2.162443e+00	-1.87685e+02	
3135	6.878599e+05	2.070114e+00	-1.88090e+02	
3136	6.918310e+05	1.977496e+00	-1.88495e+02	
3137	6.958250e+05	1.884589e+00	-1.88902e+02	
3138	6.998420e+05	1.791393e+00	-1.89309e+02	
3139	7.038822e+05	1.697905e+00	-1.89718e+02	
3140	7.079458e+05	1.604127e+00	-1.90127e+02	
3141	7.120328e+05	1.510056e+00	-1.90537e+02	
3142	7.161434e+05	1.415692e+00	-1.90948e+02	
3143	7.202778e+05	1.321034e+00	-1.91360e+02	
3144	7.244360e+05	1.226083e+00	-1.91773e+02	
3145	7.286182e+05	1.130837e+00	-1.92187e+02	
3146	7.328245e+05	1.035295e+00	-1.92601e+02	
3147	7.370552e+05	9.394569e-01	-1.93017e+02	
3148	7.413102e+05	8.433222e-01	-1.93433e+02	
3149	7.455899e+05	7.468901e-01	-1.93850e+02	
3150	7.498942e+05	6.501600e-01	-1.94268e+02	
3151	7.542234e+05	5.531315e-01	-1.94687e+02	
3152	7.585776e+05	4.558038e-01	-1.95106e+02	
3153	7.629569e+05	3.581765e-01	-1.95526e+02	
3154	7.673615e+05	2.602490e-01	-1.95947e+02	
3155	7.717915e+05	1.620208e-01	-1.96369e+02	
3156	7.762471e+05	6.349136e-02	-1.96792e+02	
3157	7.807284e+05	-3.53398e-02	-1.97215e+02	
3158	7.852356e+05	-1.34473e-01	-1.97640e+02	
3159	7.897688e+05	-2.33909e-01	-1.98064e+02	
3160	7.943282e+05	-3.33648e-01	-1.98490e+02	
3161	7.989139e+05	-4.33691e-01	-1.98917e+02	
3162	8.035261e+05	-5.34038e-01	-1.99344e+02	
3163	8.081649e+05	-6.34689e-01	-1.99772e+02	
3164	8.128305e+05	-7.35645e-01	-2.00200e+02	
3165	8.175230e+05	-8.36907e-01	-2.00629e+02	
3166	8.222426e+05	-9.38474e-01	-2.01059e+02	
3167	8.269895e+05	-1.04035e+00	-2.01490e+02	
3168	8.317638e+05	-1.14253e+00	-2.01921e+02	
3169	8.365656e+05	-1.24501e+00	-2.02353e+02	
3170	8.413951e+05	-1.34780e+00	-2.02786e+02	
3171	8.462526e+05	-1.45090e+00	-2.03219e+02	
3172	8.511380e+05	-1.55431e+00	-2.03653e+02	
3173	8.560517e+05	-1.65803e+00	-2.04088e+02	
3174	8.609938e+05	-1.76205e+00	-2.04523e+02	
3175	8.659643e+05	-1.86638e+00	-2.04959e+02	
3176	8.709636e+05	-1.97102e+00	-2.05396e+02	
3177	8.759917e+05	-2.07597e+00	-2.05833e+02	
3178	8.810489e+05	-2.18123e+00	-2.06271e+02	
3179	8.861352e+05	-2.28680e+00	-2.06709e+02	
3180	8.912509e+05	-2.39267e+00	-2.07148e+02	
3181	8.963962e+05	-2.49886e+00	-2.07588e+02	
3182	9.015711e+05	-2.60535e+00	-2.08028e+02	
3183	9.067760e+05	-2.71216e+00	-2.08468e+02	
3184	9.120108e+05	-2.81928e+00	-2.08910e+02	
3185	9.172759e+05	-2.92670e+00	-2.09351e+02	
3186	9.225714e+05	-3.03444e+00	-2.09794e+02	

Index   frequency       tdb             tph             
--------------------------------------------------------------------------------
3187	9.278975e+05	-3.14248e+00	-2.10237e+02	
3188	9.332543e+05	-3.25084e+00	-2.10680e+02	
3189	9.386420e+05	-3.35951e+00	-2.11124e+02	
3190	9.440609e+05	-3.46848e+00	-2.11568e+02	
3191	9.495110e+05	-3.57777e+00	-2.12013e+02	
3192	9.549926e+05	-3.68737e+00	-2.12459e+02	
3193	9.605058e+05	-3.79728e+00	-2.12905e+02	
3194	9.660509e+05	-3.90750e+00	-2.13351e+02	
3195	9.716280e+05	-4.01802e+00	-2.13798e+02	
3196	9.772372e+05	-4.12886e+00	-2.14245e+02	
3197	9.828789e+05	-4.24001e+00	-2.14693e+02	
3198	9.885531e+05	-4.35147e+00	-2.15142e+02	
3199	9.942601e+05	-4.46324e+00	-2.15590e+02	
3200	1.000000e+06	-4.57532e+00	-2.16040e+02	
3201	1.005773e+06	-4.68771e+00	-2.16489e+02	
3202	1.011579e+06	-4.80042e+00	-2.16939e+02	
3203	1.017419e+06	-4.91343e+00	-2.17390e+02	
3204	1.023293e+06	-5.02674e+00	-2.17841e+02	
3205	1.029201e+06	-5.14037e+00	-2.18292e+02	
3206	1.035142e+06	-5.25431e+00	-2.18744e+02	
3207	1.041118e+06	-5.36856e+00	-2.19196e+02	
3208	1.047129e+06	-5.48312e+00	-2.19648e+02	
3209	1.053174e+06	-5.59798e+00	-2.20101e+02	
3210	1.059254e+06	-5.71316e+00	-2.20554e+02	
3211	1.065369e+06	-5.82864e+00	-2.21008e+02	
3212	1.071519e+06	-5.94443e+00	-2.21462e+02	
3213	1.077705e+06	-6.06053e+00	-2.21916e+02	
3214	1.083927e+06	-6.17693e+00	-2.22371e+02	
3215	1.090184e+06	-6.29365e+00	-2.22826e+02	
3216	1.096478e+06	-6.41067e+00	-2.23281e+02	
3217	1.102808e+06	-6.52799e+00	-2.23736e+02	
3218	1.109175e+06	-6.64563e+00	-2.24192e+02	
3219	1.115578e+06	-6.76357e+00	-2.24649e+02	
3220	1.122018e+06	-6.88181e+00	-2.25105e+02	
3221	1.128496e+06	-7.00036e+00	-2.25562e+02	
3222	1.135011e+06	-7.11922e+00	-2.26019e+02	
3223	1.141563e+06	-7.23838e+00	-2.26477e+02	
3224	1.148154e+06	-7.35785e+00	-2.26934e+02	
3225	1.154782e+06	-7.47761e+00	-2.27392e+02	
3226	1.161449e+06	-7.59769e+00	-2.27850e+02	
3227	1.168154e+06	-7.71806e+00	-2.28309e+02	
3228	1.174898e+06	-7.83874e+00	-2.28768e+02	
3229	1.181680e+06	-7.95973e+00	-2.29227e+02	
3230	1.188502e+06	-8.08101e+00	-2.29686e+02	
3231	1.195364e+06	-8.20260e+00	-2.30145e+02	
3232	1.202264e+06	-8.32448e+00	-2.30605e+02	
3233	1.209205e+06	-8.44667e+00	-2.31065e+02	
3234	1.216186e+06	-8.56916e+00	-2.31525e+02	
3235	1.223207e+06	-8.69195e+00	-2.31986e+02	
3236	1.230269e+06	-8.81504e+00	-2.32446e+02	
3237	1.237371e+06	-8.93842e+00	-2.32907e+02	
3238	1.244515e+06	-9.06211e+00	-2.33368e+02	
3239	1.251699e+06	-9.18609e+00	-2.33829e+02	
3240	1.258925e+06	-9.31037e+00	-2.34290e+02	
3241	1.266193e+06	-9.43495e+00	-2.34752e+02	
3242	1.273503e+06	-9.55982e+00	-2.35214e+02	
3243	1.280855e+06	-9.68499e+00	-2.35675e+02	
3244	1.288250e+06	-9.81046e+00	-2.36137e+02	

Index   frequency       tdb             tph             
--------------------------------------------------------------------------------
3245	1.295687e+06	-9.93622e+00	-2.36600e+02	
3246	1.303167e+06	-1.00623e+01	-2.37062e+02	
3247	1.310690e+06	-1.01886e+01	-2.37524e+02	
3248	1.318257e+06	-1.03153e+01	-2.37987e+02	
3249	1.325867e+06	-1.04422e+01	-2.38450e+02	
3250	1.333521e+06	-1.05694e+01	-2.38913e+02	
3251	1.341220e+06	-1.06969e+01	-2.39376e+02	
3252	1.348963e+06	-1.08247e+01	-2.39839e+02	
3253	1.356751e+06	-1.09528e+01	-2.40302e+02	
3254	1.364583e+06	-1.10812e+01	-2.40766e+02	
3255	1.372461e+06	-1.12099e+01	-2.41229e+02	
3256	1.380384e+06	-1.13389e+01	-2.41693e+02	
3257	1.388353e+06	-1.14681e+01	-2.42156e+02	
3258	1.396368e+06	-1.15977e+01	-2.42620e+02	
3259	1.404430e+06	-1.17275e+01	-2.43084e+02	
3260	1.412538e+06	-1.18576e+01	-2.43548e+02	
3261	1.420692e+06	-1.19880e+01	-2.44012e+02	
3262	1.428894e+06	-1.21187e+01	-2.44476e+02	
3263	1.437143e+06	-1.22497e+01	-2.44940e+02	
3264	1.445440e+06	-1.23809e+01	-2.45405e+02	
3265	1.453784e+06	-1.25124e+01	-2.45869e+02	
3266	1.462177e+06	-1.26442e+01	-2.46333e+02	
3267	1.470618e+06	-1.27763e+01	-2.46798e+02	
3268	1.479108e+06	-1.29087e+01	-2.47262e+02	
3269	1.487647e+06	-1.30414e+01	-2.47727e+02	
3270	1.496236e+06	-1.31743e+01	-2.48191e+02	
3271	1.504874e+06	-1.33075e+01	-2.48656e+02	
3272	1.513561e+06	-1.34410e+01	-2.49121e+02	
3273	1.522299e+06	-1.35748e+01	-2.49586e+02	
3274	1.531087e+06	-1.37088e+01	-2.50050e+02	
3275	1.539927e+06	-1.38432e+01	-2.50515e+02	
3276	1.548817e+06	-1.39778e+01	-2.50980e+02	
3277	1.557758e+06	-1.41126e+01	-2.51445e+02	
3278	1.566751e+06	-1.42478e+01	-2.51909e+02	
3279	1.575796e+06	-1.43832e+01	-2.52374e+02	
3280	1.584893e+06	-1.45189e+01	-2.52839e+02	
3281	1.594043e+06	-1.46548e+01	-2.53304e+02	
3282	1.603245e+06	-1.47911e+01	-2.53769e+02	
3283	1.612501e+06	-1.49276e+01	-2.54234e+02	
3284	1.621810e+06	-1.50643e+01	-2.54699e+02	
3285	1.631173e+06	-1.52014e+01	-2.55163e+02	
3286	1.640590e+06	-1.53387e+01	-2.55628e+02	
3287	1.650061e+06	-1.54763e+01	-2.56093e+02	
3288	1.659587e+06	-1.56141e+01	-2.56558e+02	
3289	1.669168e+06	-1.57522e+01	-2.57023e+02	
3290	1.678804e+06	-1.58906e+01	-2.57487e+02	
3291	1.688496e+06	-1.60292e+01	-2.57952e+02	
3292	1.698244e+06	-1.61681e+01	-2.58417e+02	
3293	1.708048e+06	-1.63073e+01	-2.58881e+02	
3294	1.717908e+06	-1.64467e+01	-2.59346e+02	
3295	1.727826e+06	-1.65864e+01	-2.59811e+02	
3296	1.737801e+06	-1.67263e+01	-2.60275e+02	
3297	1.747833e+06	-1.68665e+01	-2.60740e+02	
3298	1.757924e+06	-1.70070e+01	-2.61204e+02	
3299	1.768072e+06	-1.71477e+01	-2.61668e+02	
3300	1.778279e+06	-1.72887e+01	-2.62133e+02	
3301	1.788546e+06	-1.74299e+01	-2.62597e+02	
3302	1.798871e+06	-1.75714e+01	-2.63061e+02	

Index   frequency       tdb             tph             
--------------------------------------------------------------------------------
3303	1.809256e+06	-1.77131e+01	-2.63526e+02	
3304	1.819701e+06	-1.78551e+01	-2.63990e+02	
3305	1.830206e+06	-1.79973e+01	-2.64454e+02	
3306	1.840772e+06	-1.81398e+01	-2.64918e+02	
3307	1.851399e+06	-1.82826e+01	-2.65382e+02	
3308	1.862087e+06	-1.84256e+01	-2.65845e+02	
3309	1.872837e+06	-1.85688e+01	-2.66309e+02	
3310	1.883649e+06	-1.87123e+01	-2.66773e+02	
3311	1.894524e+06	-1.88561e+01	-2.67236e+02	
3312	1.905461e+06	-1.90001e+01	-2.67700e+02	
3313	1.916461e+06	-1.91443e+01	-2.68163e+02	
3314	1.927525e+06	-1.92888e+01	-2.68627e+02	
3315	1.938653e+06	-1.94335e+01	-2.69090e+02	
3316	1.949845e+06	-1.95785e+01	-2.69553e+02	
3317	1.961101e+06	-1.97237e+01	-2.70016e+02	
3318	1.972423e+06	-1.98692e+01	-2.70479e+02	
3319	1.983810e+06	-2.00149e+01	-2.70942e+02	
3320	1.995262e+06	-2.01608e+01	-2.71405e+02	
3321	2.006781e+06	-2.03070e+01	-2.71868e+02	
3322	2.018366e+06	-2.04534e+01	-2.72330e+02	
3323	2.030019e+06	-2.06000e+01	-2.72793e+02	
3324	2.041738e+06	-2.07469e+01	-2.73255e+02	
3325	2.053525e+06	-2.08941e+01	-2.73717e+02	
3326	2.065380e+06	-2.10414e+01	-2.74179e+02	
3327	2.077304e+06	-2.11890e+01	-2.74641e+02	
3328	2.089296e+06	-2.13369e+01	-2.75103e+02	
3329	2.101358e+06	-2.14849e+01	-2.75565e+02	
3330	2.113489e+06	-2.16332e+01	-2.76026e+02	
3331	2.125690e+06	-2.17817e+01	-2.76488e+02	
3332	2.137962e+06	-2.19305e+01	-2.76949e+02	
3333	2.150305e+06	-2.20795e+01	-2.77411e+02	
3334	2.162719e+06	-2.22287e+01	-2.77872e+02	
3335	2.175204e+06	-2.23781e+01	-2.78333e+02	
3336	2.187762e+06	-2.25278e+01	-2.78794e+02	
3337	2.200392e+06	-2.26777e+01	-2.79254e+02	
3338	2.213095e+06	-2.28278e+01	-2.79715e+02	
3339	2.225871e+06	-2.29781e+01	-2.80175e+02	
3340	2.238721e+06	-2.31287e+01	-2.80636e+02	
3341	2.251645e+06	-2.32794e+01	-2.81096e+02	
3342	2.264644e+06	-2.34304e+01	-2.81556e+02	
3343	2.277718e+06	-2.35817e+01	-2.82015e+02	
3344	2.290868e+06	-2.37331e+01	-2.82475e+02	
3345	2.304093e+06	-2.38847e+01	-2.82935e+02	
3346	2.317395e+06	-2.40366e+01	-2.83394e+02	
3347	2.330773e+06	-2.41887e+01	-2.83853e+02	
3348	2.344229e+06	-2.43410e+01	-2.84312e+02	
3349	2.357762e+06	-2.44935e+01	-2.84771e+02	
3350	2.371374e+06	-2.46462e+01	-2.85230e+02	
3351	2.385064e+06	-2.47992e+01	-2.85689e+02	
3352	2.398833e+06	-2.49523e+01	-2.86147e+02	
3353	2.412682e+06	-2.51057e+01	-2.86605e+02	
3354	2.426610e+06	-2.52593e+01	-2.87063e+02	
3355	2.440619e+06	-2.54130e+01	-2.87521e+02	
3356	2.454709e+06	-2.55670e+01	-2.87979e+02	
3357	2.468880e+06	-2.57212e+01	-2.88436e+02	
3358	2.483133e+06	-2.58756e+01	-2.88894e+02	
3359	2.497468e+06	-2.60302e+01	-2.89351e+02	
3360	2.511886e+06	-2.61850e+01	-2.89808e+02	

Index   frequency       tdb             tph             
--------------------------------------------------------------------------------
3361	2.526388e+06	-2.63400e+01	-2.90265e+02	
3362	2.540973e+06	-2.64952e+01	-2.90721e+02	
3363	2.555642e+06	-2.66506e+01	-2.91178e+02	
3364	2.570396e+06	-2.68062e+01	-2.91634e+02	
3365	2.585235e+06	-2.69620e+01	-2.92090e+02	
3366	2.600160e+06	-2.71180e+01	-2.92546e+02	
3367	2.615170e+06	-2.72741e+01	-2.93001e+02	
3368	2.630268e+06	-2.74305e+01	-2.93457e+02	
3369	2.645453e+06	-2.75871e+01	-2.93912e+02	
3370	2.660725e+06	-2.77439e+01	-2.94367e+02	
3371	2.676086e+06	-2.79008e+01	-2.94822e+02	
3372	2.691535e+06	-2.80579e+01	-2.95277e+02	
3373	2.707073e+06	-2.82153e+01	-2.95731e+02	
3374	2.722701e+06	-2.83728e+01	-2.96185e+02	
3375	2.738420e+06	-2.85305e+01	-2.96639e+02	
3376	2.754229e+06	-2.86884e+01	-2.97093e+02	
3377	2.770129e+06	-2.88465e+01	-2.97547e+02	
3378	2.786121e+06	-2.90047e+01	-2.98000e+02	
3379	2.802206e+06	-2.91631e+01	-2.98453e+02	
3380	2.818383e+06	-2.93218e+01	-2.98906e+02	
3381	2.834654e+06	-2.94805e+01	-2.99359e+02	
3382	2.851018e+06	-2.96395e+01	-2.99811e+02	
3383	2.867477e+06	-2.97987e+01	-3.00263e+02	
3384	2.884032e+06	-2.99580e+01	-3.00715e+02	
3385	2.900681e+06	-3.01175e+01	-3.01167e+02	
3386	2.917427e+06	-3.02771e+01	-3.01618e+02	
3387	2.934270e+06	-3.04370e+01	-3.02070e+02	
3388	2.951209e+06	-3.05970e+01	-3.02521e+02	
3389	2.968247e+06	-3.07572e+01	-3.02971e+02	
3390	2.985383e+06	-3.09175e+01	-3.03422e+02	
3391	3.002617e+06	-3.10780e+01	-3.03872e+02	
3392	3.019952e+06	-3.12387e+01	-3.04322e+02	
3393	3.037386e+06	-3.13995e+01	-3.04772e+02	
3394	3.054921e+06	-3.15606e+01	-3.05222e+02	
3395	3.072557e+06	-3.17217e+01	-3.05671e+02	
3396	3.090295e+06	-3.18830e+01	-3.06120e+02	
3397	3.108136e+06	-3.20445e+01	-3.06569e+02	
3398	3.126079e+06	-3.22062e+01	-3.07017e+02	
3399	3.144126e+06	-3.23680e+01	-3.07466e+02	
3400	3.162278e+06	-3.25299e+01	-3.07914e+02	
3401	3.180534e+06	-3.26920e+01	-3.08361e+02	
3402	3.198895e+06	-3.28543e+01	-3.08809e+02	
3403	3.217363e+06	-3.30167e+01	-3.09256e+02	
3404	3.235937e+06	-3.31792e+01	-3.09703e+02	
3405	3.254618e+06	-3.33419e+01	-3.10150e+02	
3406	3.273407e+06	-3.35048e+01	-3.10596e+02	
3407	3.292305e+06	-3.36677e+01	-3.11042e+02	
3408	3.311311e+06	-3.38309e+01	-3.11488e+02	
3409	3.330428e+06	-3.39941e+01	-3.11933e+02	
3410	3.349654e+06	-3.41576e+01	-3.12379e+02	
3411	3.368992e+06	-3.43211e+01	-3.12824e+02	
3412	3.388442e+06	-3.44848e+01	-3.13268e+02	
3413	3.408003e+06	-3.46486e+01	-3.13713e+02	
3414	3.427678e+06	-3.48126e+01	-3.14157e+02	
3415	3.447466e+06	-3.49767e+01	-3.14601e+02	
3416	3.467369e+06	-3.51409e+01	-3.15044e+02	
3417	3.487386e+06	-3.53053e+01	-3.15487e+02	
3418	3.507519e+06	-3.54697e+01	-3.15930e+02	

Index   frequency       tdb             tph             
--------------------------------------------------------------------------------
3419	3.527768e+06	-3.56344e+01	-3.16373e+02	
3420	3.548134e+06	-3.57991e+01	-3.16815e+02	
3421	3.568617e+06	-3.59639e+01	-3.17257e+02	
3422	3.589219e+06	-3.61289e+01	-3.17699e+02	
3423	3.609940e+06	-3.62940e+01	-3.18140e+02	
3424	3.630781e+06	-3.64592e+01	-3.18582e+02	
3425	3.651741e+06	-3.66246e+01	-3.19022e+02	
3426	3.672823e+06	-3.67900e+01	-3.19463e+02	
3427	3.694026e+06	-3.69556e+01	-3.19903e+02	
3428	3.715352e+06	-3.71213e+01	-3.20343e+02	
3429	3.736801e+06	-3.72871e+01	-3.20782e+02	
3430	3.758374e+06	-3.74530e+01	-3.21222e+02	
3431	3.780071e+06	-3.76190e+01	-3.21661e+02	
3432	3.801894e+06	-3.77851e+01	-3.22099e+02	
3433	3.823843e+06	-3.79513e+01	-3.22537e+02	
3434	3.845918e+06	-3.81176e+01	-3.22975e+02	
3435	3.868121e+06	-3.82840e+01	-3.23413e+02	
3436	3.890451e+06	-3.84506e+01	-3.23850e+02	
3437	3.912911e+06	-3.86172e+01	-3.24287e+02	
3438	3.935501e+06	-3.87839e+01	-3.24724e+02	
3439	3.958221e+06	-3.89507e+01	-3.25160e+02	
3440	3.981072e+06	-3.91176e+01	-3.25596e+02	
3441	4.004055e+06	-3.92846e+01	-3.26032e+02	
3442	4.027170e+06	-3.94517e+01	-3.26467e+02	
3443	4.050419e+06	-3.96188e+01	-3.26902e+02	
3444	4.073803e+06	-3.97861e+01	-3.27336e+02	
3445	4.097321e+06	-3.99534e+01	-3.27771e+02	
3446	4.120975e+06	-4.01208e+01	-3.28204e+02	
3447	4.144766e+06	-4.02883e+01	-3.28638e+02	
3448	4.168694e+06	-4.04559e+01	-3.29071e+02	
3449	4.192760e+06	-4.06236e+01	-3.29504e+02	
3450	4.216965e+06	-4.07913e+01	-3.29937e+02	
3451	4.241310e+06	-4.09591e+01	-3.30369e+02	
3452	4.265795e+06	-4.11270e+01	-3.30801e+02	
3453	4.290422e+06	-4.12949e+01	-3.31232e+02	
3454	4.315191e+06	-4.14629e+01	-3.31663e+02	
3455	4.340103e+06	-4.16310e+01	-3.32094e+02	
3456	4.365158e+06	-4.17992e+01	-3.32524e+02	
3457	4.390359e+06	-4.19674e+01	-3.32955e+02	
3458	4.415704e+06	-4.21357e+01	-3.33384e+02	
3459	4.441197e+06	-4.23040e+01	-3.33814e+02	
3460	4.466836e+06	-4.24724e+01	-3.34243e+02	
3461	4.492623e+06	-4.26408e+01	-3.34671e+02	
3462	4.518559e+06	-4.28093e+01	-3.35099e+02	
3463	4.544645e+06	-4.29779e+01	-3.35527e+02	
3464	4.570882e+06	-4.31465e+01	-3.35955e+02	
3465	4.597270e+06	-4.33151e+01	-3.36382e+02	
3466	4.623810e+06	-4.34838e+01	-3.36809e+02	
3467	4.650504e+06	-4.36525e+01	-3.37235e+02	
3468	4.677351e+06	-4.38213e+01	-3.37661e+02	
3469	4.704354e+06	-4.39901e+01	-3.38087e+02	
3470	4.731513e+06	-4.41590e+01	-3.38513e+02	
3471	4.758828e+06	-4.43279e+01	-3.38938e+02	
3472	4.786301e+06	-4.44968e+01	-3.39362e+02	
3473	4.813933e+06	-4.46658e+01	-3.39786e+02	
3474	4.841724e+06	-4.48348e+01	-3.40210e+02	
3475	4.869675e+06	-4.50038e+01	-3.40634e+02	
3476	4.897788e+06	-4.51729e+01	-3.41057e+02	

Index   frequency       tdb             tph             
--------------------------------------------------------------------------------
3477	4.926063e+06	-4.53420e+01	-3.41480e+02	
3478	4.954502e+06	-4.55111e+01	-3.41902e+02	
3479	4.983105e+06	-4.56802e+01	-3.42324e+02	
3480	5.011872e+06	-4.58494e+01	-3.42746e+02	
3481	5.040806e+06	-4.60186e+01	-3.43167e+02	
3482	5.069907e+06	-4.61878e+01	-3.43588e+02	
3483	5.099176e+06	-4.63570e+01	-3.44009e+02	
3484	5.128614e+06	-4.65262e+01	-3.44429e+02	
3485	5.158222e+06	-4.66954e+01	-3.44849e+02	
3486	5.188000e+06	-4.68647e+01	-3.45268e+02	
3487	5.217951e+06	-4.70339e+01	-3.45687e+02	
3488	5.248075e+06	-4.72032e+01	-3.46106e+02	
3489	5.278372e+06	-4.73724e+01	-3.46524e+02	
3490	5.308844e+06	-4.75417e+01	-3.46942e+02	
3491	5.339493e+06	-4.77110e+01	-3.47360e+02	
3492	5.370318e+06	-4.78802e+01	-3.47777e+02	
3493	5.401321e+06	-4.80495e+01	-3.48194e+02	
3494	5.432503e+06	-4.82188e+01	-3.48611e+02	
3495	5.463865e+06	-4.83880e+01	-3.49027e+02	
3496	5.495409e+06	-4.85573e+01	-3.49443e+02	
3497	5.527134e+06	-4.87265e+01	-3.49858e+02	
3498	5.559043e+06	-4.88957e+01	-3.50273e+02	
3499	5.591135e+06	-4.90649e+01	-3.50688e+02	
3500	5.623413e+06	-4.92341e+01	-3.51102e+02	
3501	5.655878e+06	-4.94033e+01	-3.51516e+02	
3502	5.688529e+06	-4.95725e+01	-3.51930e+02	
3503	5.721370e+06	-4.97416e+01	-3.52343e+02	
3504	5.754399e+06	-4.99108e+01	-3.52756e+02	
3505	5.787620e+06	-5.00799e+01	-3.53168e+02	
3506	5.821032e+06	-5.02489e+01	-3.53580e+02	
3507	5.854637e+06	-5.04180e+01	-3.53992e+02	
3508	5.888437e+06	-5.05870e+01	-3.54404e+02	
3509	5.922431e+06	-5.07560e+01	-3.54815e+02	
3510	5.956621e+06	-5.09250e+01	-3.55225e+02	
3511	5.991009e+06	-5.10939e+01	-3.55636e+02	
3512	6.025596e+06	-5.12628e+01	-3.56046e+02	
3513	6.060382e+06	-5.14316e+01	-3.56455e+02	
3514	6.095369e+06	-5.16005e+01	-3.56865e+02	
3515	6.130558e+06	-5.17692e+01	-3.57274e+02	
3516	6.165950e+06	-5.19380e+01	-3.57682e+02	
3517	6.201546e+06	-5.21067e+01	-3.58091e+02	
3518	6.237348e+06	-5.22753e+01	-3.58498e+02	
3519	6.273357e+06	-5.24439e+01	-3.58906e+02	
3520	6.309573e+06	-5.26125e+01	-3.59313e+02	
3521	6.345999e+06	-5.27810e+01	-3.59720e+02	
3522	6.382635e+06	-5.29494e+01	-3.60127e+02	
3523	6.419482e+06	-5.31178e+01	-3.60533e+02	
3524	6.456542e+06	-5.32862e+01	-3.60939e+02	
3525	6.493816e+06	-5.34545e+01	-3.61344e+02	
3526	6.531306e+06	-5.36227e+01	-3.61750e+02	
3527	6.569011e+06	-5.37909e+01	-3.62155e+02	
3528	6.606934e+06	-5.39590e+01	-3.62559e+02	
3529	6.645077e+06	-5.41271e+01	-3.62963e+02	
3530	6.683439e+06	-5.42951e+01	-3.63367e+02	
3531	6.722023e+06	-5.44631e+01	-3.63771e+02	
3532	6.760830e+06	-5.46309e+01	-3.64174e+02	
3533	6.799860e+06	-5.47987e+01	-3.64577e+02	
3534	6.839116e+06	-5.49665e+01	-3.64980e+02	

Index   frequency       tdb             tph             
--------------------------------------------------------------------------------
3535	6.878599e+06	-5.51342e+01	-3.65382e+02	
3536	6.918310e+06	-5.53018e+01	-3.65784e+02	
3537	6.958250e+06	-5.54693e+01	-3.66186e+02	
3538	6.998420e+06	-5.56368e+01	-3.66587e+02	
3539	7.038822e+06	-5.58042e+01	-3.66988e+02	
3540	7.079458e+06	-5.59715e+01	-3.67389e+02	
3541	7.120328e+06	-5.61387e+01	-3.67790e+02	
3542	7.161434e+06	-5.63059e+01	-3.68190e+02	
3543	7.202778e+06	-5.64730e+01	-3.68590e+02	
3544	7.244360e+06	-5.66400e+01	-3.68990e+02	
3545	7.286182e+06	-5.68069e+01	-3.69389e+02	
3546	7.328245e+06	-5.69737e+01	-3.69788e+02	
3547	7.370552e+06	-5.71405e+01	-3.70187e+02	
3548	7.413102e+06	-5.73072e+01	-3.70585e+02	
3549	7.455899e+06	-5.74738e+01	-3.70984e+02	
3550	7.498942e+06	-5.76403e+01	-3.71382e+02	
3551	7.542234e+06	-5.78067e+01	-3.71779e+02	
3552	7.585776e+06	-5.79731e+01	-3.72177e+02	
3553	7.629569e+06	-5.81393e+01	-3.72574e+02	
3554	7.673615e+06	-5.83055e+01	-3.72971e+02	
3555	7.717915e+06	-5.84715e+01	-3.73368e+02	
3556	7.762471e+06	-5.86375e+01	-3.73764e+02	
3557	7.807284e+06	-5.88034e+01	-3.74160e+02	
3558	7.852356e+06	-5.89692e+01	-3.74556e+02	
3559	7.897688e+06	-5.91349e+01	-3.74952e+02	
3560	7.943282e+06	-5.93005e+01	-3.75347e+02	
3561	7.989139e+06	-5.94661e+01	-3.75742e+02	
3562	8.035261e+06	-5.96315e+01	-3.76137e+02	
3563	8.081649e+06	-5.97968e+01	-3.76532e+02	
3564	8.128305e+06	-5.99620e+01	-3.76927e+02	
3565	8.175230e+06	-6.01272e+01	-3.77321e+02	
3566	8.222426e+06	-6.02922e+01	-3.77715e+02	
3567	8.269895e+06	-6.04572e+01	-3.78109e+02	
3568	8.317638e+06	-6.06220e+01	-3.78502e+02	
3569	8.365656e+06	-6.07867e+01	-3.78896e+02	
3570	8.413951e+06	-6.09514e+01	-3.79289e+02	
3571	8.462526e+06	-6.11159e+01	-3.79682e+02	
3572	8.511380e+06	-6.12804e+01	-3.80075e+02	
3573	8.560517e+06	-6.14447e+01	-3.80468e+02	
3574	8.609938e+06	-6.16089e+01	-3.80860e+02	
3575	8.659643e+06	-6.17731e+01	-3.81252e+02	
3576	8.709636e+06	-6.19371e+01	-3.81645e+02	
3577	8.759917e+06	-6.21011e+01	-3.82036e+02	
3578	8.810489e+06	-6.22649e+01	-3.82428e+02	
3579	8.861352e+06	-6.24286e+01	-3.82820e+02	
3580	8.912509e+06	-6.25922e+01	-3.83211e+02	
3581	8.963962e+06	-6.27558e+01	-3.83602e+02	
3582	9.015711e+06	-6.29192e+01	-3.83994e+02	
3583	9.067760e+06	-6.30825e+01	-3.84385e+02	
3584	9.120108e+06	-6.32457e+01	-3.84775e+02	
3585	9.172759e+06	-6.34088e+01	-3.85166e+02	
3586	9.225714e+06	-6.35718e+01	-3.85556e+02	
3587	9.278975e+06	-6.37347e+01	-3.85947e+02	
3588	9.332543e+06	-6.38975e+01	-3.86337e+02	
3589	9.386420e+06	-6.40602e+01	-3.86727e+02	
3590	9.440609e+06	-6.42228e+01	-3.87117e+02	
3591	9.495110e+06	-6.43853e+01	-3.87507e+02	
3592	9.549926e+06	-6.45477e+01	-3.87897e+02	

Index   frequency       tdb             tph             
--------------------------------------------------------------------------------
3593	9.605058e+06	-6.47099e+01	-3.88286e+02	
3594	9.660509e+06	-6.48721e+01	-3.88676e+02	
3595	9.716280e+06	-6.50342e+01	-3.89065e+02	
3596	9.772372e+06	-6.51961e+01	-3.89455e+02	
3597	9.828789e+06	-6.53580e+01	-3.89844e+02	
3598	9.885531e+06	-6.55197e+01	-3.90233e+02	
3599	9.942601e+06	-6.56814e+01	-3.90622e+02	
3600	1.000000e+07	-6.58430e+01	-3.91011e+02	
3601	1.005773e+07	-6.60044e+01	-3.91400e+02	
3602	1.011579e+07	-6.61657e+01	-3.91789e+02	
3603	1.017419e+07	-6.63270e+01	-3.92178e+02	
3604	1.023293e+07	-6.64881e+01	-3.92566e+02	
3605	1.029201e+07	-6.66492e+01	-3.92955e+02	
3606	1.035142e+07	-6.68101e+01	-3.93344e+02	
3607	1.041118e+07	-6.69710e+01	-3.93732e+02	
3608	1.047129e+07	-6.71317e+01	-3.94121e+02	
3609	1.053174e+07	-6.72924e+01	-3.94509e+02	
3610	1.059254e+07	-6.74529e+01	-3.94898e+02	
3611	1.065369e+07	-6.76133e+01	-3.95286e+02	
3612	1.071519e+07	-6.77737e+01	-3.95674e+02	
3613	1.077705e+07	-6.79339e+01	-3.96063e+02	
3614	1.083927e+07	-6.80941e+01	-3.96451e+02	
3615	1.090184e+07	-6.82542e+01	-3.96839e+02	
3616	1.096478e+07	-6.84141e+01	-3.97228e+02	
3617	1.102808e+07	-6.85740e+01	-3.97616e+02	
3618	1.109175e+07	-6.87338e+01	-3.98004e+02	
3619	1.115578e+07	-6.88934e+01	-3.98393e+02	
3620	1.122018e+07	-6.90530e+01	-3.98781e+02	
3621	1.128496e+07	-6.92125e+01	-3.99169e+02	
3622	1.135011e+07	-6.93719e+01	-3.99558e+02	
3623	1.141563e+07	-6.95312e+01	-3.99946e+02	
3624	1.148154e+07	-6.96905e+01	-4.00334e+02	
3625	1.154782e+07	-6.98496e+01	-4.00723e+02	
3626	1.161449e+07	-7.00086e+01	-4.01111e+02	
3627	1.168154e+07	-7.01676e+01	-4.01500e+02	
3628	1.174898e+07	-7.03265e+01	-4.01888e+02	
3629	1.181680e+07	-7.04852e+01	-4.02277e+02	
3630	1.188502e+07	-7.06439e+01	-4.02666e+02	
3631	1.195364e+07	-7.08026e+01	-4.03055e+02	
3632	1.202264e+07	-7.09611e+01	-4.03443e+02	
3633	1.209205e+07	-7.11195e+01	-4.03832e+02	
3634	1.216186e+07	-7.12779e+01	-4.04221e+02	
3635	1.223207e+07	-7.14362e+01	-4.04610e+02	
3636	1.230269e+07	-7.15944e+01	-4.05000e+02	
3637	1.237371e+07	-7.17525e+01	-4.05389e+02	
3638	1.244515e+07	-7.19106e+01	-4.05778e+02	
3639	1.251699e+07	-7.20686e+01	-4.06168e+02	
3640	1.258925e+07	-7.22265e+01	-4.06557e+02	
3641	1.266193e+07	-7.23843e+01	-4.06947e+02	
3642	1.273503e+07	-7.25421e+01	-4.07337e+02	
3643	1.280855e+07	-7.26997e+01	-4.07727e+02	
3644	1.288250e+07	-7.28574e+01	-4.08117e+02	
3645	1.295687e+07	-7.30149e+01	-4.08507e+02	
3646	1.303167e+07	-7.31724e+01	-4.08897e+02	
3647	1.310690e+07	-7.33298e+01	-4.09288e+02	
3648	1.318257e+07	-7.34871e+01	-4.09679e+02	
3649	1.325867e+07	-7.36444e+01	-4.10069e+02	
3650	1.333521e+07	-7.38016e+01	-4.10460e+02	

Index   frequency       tdb             tph             
--------------------------------------------------------------------------------
3651	1.341220e+07	-7.39587e+01	-4.10851e+02	
3652	1.348963e+07	-7.41158e+01	-4.11243e+02	
3653	1.356751e+07	-7.42728e+01	-4.11634e+02	
3654	1.364583e+07	-7.44298e+01	-4.12026e+02	
3655	1.372461e+07	-7.45867e+01	-4.12418e+02	
3656	1.380384e+07	-7.47435e+01	-4.12810e+02	
3657	1.388353e+07	-7.49003e+01	-4.13202e+02	
3658	1.396368e+07	-7.50571e+01	-4.13595e+02	
3659	1.404430e+07	-7.52137e+01	-4.13988e+02	
3660	1.412538e+07	-7.53704e+01	-4.14381e+02	
3661	1.420692e+07	-7.55270e+01	-4.14774e+02	
3662	1.428894e+07	-7.56835e+01	-4.15167e+02	
3663	1.437143e+07	-7.58400e+01	-4.15561e+02	
3664	1.445440e+07	-7.59964e+01	-4.15955e+02	
3665	1.453784e+07	-7.61528e+01	-4.16349e+02	
3666	1.462177e+07	-7.63091e+01	-4.16743e+02	
3667	1.470618e+07	-7.64654e+01	-4.17138e+02	
3668	1.479108e+07	-7.66217e+01	-4.17533e+02	
3669	1.487647e+07	-7.67779e+01	-4.17928e+02	
3670	1.496236e+07	-7.69341e+01	-4.18324e+02	
3671	1.504874e+07	-7.70902e+01	-4.18720e+02	
3672	1.513561e+07	-7.72463e+01	-4.19116e+02	
3673	1.522299e+07	-7.74023e+01	-4.19513e+02	
3674	1.531087e+07	-7.75584e+01	-4.19909e+02	
3675	1.539927e+07	-7.77144e+01	-4.20306e+02	
3676	1.548817e+07	-7.78703e+01	-4.20704e+02	
3677	1.557758e+07	-7.80263e+01	-4.21102e+02	
3678	1.566751e+07	-7.81822e+01	-4.21500e+02	
3679	1.575796e+07	-7.83381e+01	-4.21898e+02	
3680	1.584893e+07	-7.84939e+01	-4.22297e+02	
3681	1.594043e+07	-7.86497e+01	-4.22697e+02	
3682	1.603245e+07	-7.88055e+01	-4.23096e+02	
3683	1.612501e+07	-7.89613e+01	-4.23496e+02	
3684	1.621810e+07	-7.91171e+01	-4.23897e+02	
3685	1.631173e+07	-7.92728e+01	-4.24297e+02	
3686	1.640590e+07	-7.94285e+01	-4.24699e+02	
3687	1.650061e+07	-7.95842e+01	-4.25100e+02	
3688	1.659587e+07	-7.97399e+01	-4.25502e+02	
3689	1.669168e+07	-7.98956e+01	-4.25905e+02	
3690	1.678804e+07	-8.00513e+01	-4.26308e+02	
3691	1.688496e+07	-8.02069e+01	-4.26711e+02	
3692	1.698244e+07	-8.03626e+01	-4.27115e+02	
3693	1.708048e+07	-8.05182e+01	-4.27519e+02	
3694	1.717908e+07	-8.06739e+01	-4.27924e+02	
3695	1.727826e+07	-8.08295e+01	-4.28330e+02	
3696	1.737801e+07	-8.09851e+01	-4.28735e+02	
3697	1.747833e+07	-8.11407e+01	-4.29142e+02	
3698	1.757924e+07	-8.12964e+01	-4.29549e+02	
3699	1.768072e+07	-8.14520e+01	-4.29956e+02	
3700	1.778279e+07	-8.16076e+01	-4.30364e+02	
3701	1.788546e+07	-8.17632e+01	-4.30773e+02	
3702	1.798871e+07	-8.19189e+01	-4.31182e+02	
3703	1.809256e+07	-8.20745e+01	-4.31591e+02	
3704	1.819701e+07	-8.22301e+01	-4.32002e+02	
3705	1.830206e+07	-8.23858e+01	-4.32413e+02	
3706	1.840772e+07	-8.25415e+01	-4.32824e+02	
3707	1.851399e+07	-8.26971e+01	-4.33236e+02	
3708	1.862087e+07	-8.28528e+01	-4.33649e+02	

Index   frequency       tdb             tph             
--------------------------------------------------------------------------------
3709	1.872837e+07	-8.30085e+01	-4.34062e+02	
3710	1.883649e+07	-8.31643e+01	-4.34476e+02	
3711	1.894524e+07	-8.33200e+01	-4.34891e+02	
3712	1.905461e+07	-8.34758e+01	-4.35307e+02	
3713	1.916461e+07	-8.36315e+01	-4.35723e+02	
3714	1.927525e+07	-8.37873e+01	-4.36140e+02	
3715	1.938653e+07	-8.39432e+01	-4.36557e+02	
3716	1.949845e+07	-8.40990e+01	-4.36975e+02	
3717	1.961101e+07	-8.42549e+01	-4.37395e+02	
3718	1.972423e+07	-8.44108e+01	-4.37814e+02	
3719	1.983810e+07	-8.45667e+01	-4.38235e+02	
3720	1.995262e+07	-8.47227e+01	-4.38656e+02	
3721	2.006781e+07	-8.48787e+01	-4.39079e+02	
3722	2.018366e+07	-8.50347e+01	-4.39502e+02	
3723	2.030019e+07	-8.51908e+01	-4.39926e+02	
3724	2.041738e+07	-8.53469e+01	-4.40350e+02	
3725	2.053525e+07	-8.55030e+01	-4.40776e+02	
3726	2.065380e+07	-8.56592e+01	-4.41203e+02	
3727	2.077304e+07	-8.58154e+01	-4.41630e+02	
3728	2.089296e+07	-8.59717e+01	-4.42059e+02	
3729	2.101358e+07	-8.61280e+01	-4.42488e+02	
3730	2.113489e+07	-8.62844e+01	-4.42918e+02	
3731	2.125690e+07	-8.64408e+01	-4.43349e+02	
3732	2.137962e+07	-8.65972e+01	-4.43782e+02	
3733	2.150305e+07	-8.67537e+01	-4.44215e+02	
3734	2.162719e+07	-8.69103e+01	-4.44649e+02	
3735	2.175204e+07	-8.70669e+01	-4.45085e+02	
3736	2.187762e+07	-8.72235e+01	-4.45521e+02	
3737	2.200392e+07	-8.73802e+01	-4.45959e+02	
3738	2.213095e+07	-8.75370e+01	-4.46398e+02	
3739	2.225871e+07	-8.76938e+01	-4.46837e+02	
3740	2.238721e+07	-8.78507e+01	-4.47278e+02	
3741	2.251645e+07	-8.80077e+01	-4.47721e+02	
3742	2.264644e+07	-8.81647e+01	-4.48164e+02	
3743	2.277718e+07	-8.83217e+01	-4.48609e+02	
3744	2.290868e+07	-8.84789e+01	-4.49055e+02	
3745	2.304093e+07	-8.86361e+01	-4.49502e+02	
3746	2.317395e+07	-8.87934e+01	-4.49950e+02	
3747	2.330773e+07	-8.89507e+01	-4.50400e+02	
3748	2.344229e+07	-8.91081e+01	-4.50851e+02	
3749	2.357762e+07	-8.92656e+01	-4.51304e+02	
3750	2.371374e+07	-8.94231e+01	-4.51757e+02	
3751	2.385064e+07	-8.95808e+01	-4.52213e+02	
3752	2.398833e+07	-8.97385e+01	-4.52670e+02	
3753	2.412682e+07	-8.98963e+01	-4.53128e+02	
3754	2.426610e+07	-9.00541e+01	-4.53588e+02	
3755	2.440619e+07	-9.02121e+01	-4.54049e+02	
3756	2.454709e+07	-9.03701e+01	-4.54512e+02	
3757	2.468880e+07	-9.05282e+01	-4.54976e+02	
3758	2.483133e+07	-9.06864e+01	-4.55443e+02	
3759	2.497468e+07	-9.08446e+01	-4.55910e+02	
3760	2.511886e+07	-9.10030e+01	-4.56380e+02	
3761	2.526388e+07	-9.11614e+01	-4.56851e+02	
3762	2.540973e+07	-9.13199e+01	-4.57324e+02	
3763	2.555642e+07	-9.14786e+01	-4.57799e+02	
3764	2.570396e+07	-9.16373e+01	-4.58275e+02	
3765	2.585235e+07	-9.17961e+01	-4.58754e+02	
3766	2.600160e+07	-9.19549e+01	-4.59234e+02	

Index   frequency       tdb             tph             
--------------------------------------------------------------------------------
3767	2.615170e+07	-9.21139e+01	-4.59716e+02	
3768	2.630268e+07	-9.22730e+01	-4.60201e+02	
3769	2.645453e+07	-9.24322e+01	-4.60687e+02	
3770	2.660725e+07	-9.25914e+01	-4.61175e+02	
3771	2.676086e+07	-9.27508e+01	-4.61666e+02	
3772	2.691535e+07	-9.29103e+01	-4.62158e+02	
3773	2.707073e+07	-9.30698e+01	-4.62653e+02	
3774	2.722701e+07	-9.32295e+01	-4.63150e+02	
3775	2.738420e+07	-9.33892e+01	-4.63649e+02	
3776	2.754229e+07	-9.35491e+01	-4.64151e+02	
3777	2.770129e+07	-9.37090e+01	-4.64654e+02	
3778	2.786121e+07	-9.38691e+01	-4.65161e+02	
3779	2.802206e+07	-9.40292e+01	-4.65669e+02	
3780	2.818383e+07	-9.41895e+01	-4.66180e+02	
3781	2.834654e+07	-9.43498e+01	-4.66694e+02	
3782	2.851018e+07	-9.45103e+01	-4.67210e+02	
3783	2.867477e+07	-9.46709e+01	-4.67729e+02	
3784	2.884032e+07	-9.48315e+01	-4.68251e+02	
3785	2.900681e+07	-9.49923e+01	-4.68775e+02	
3786	2.917427e+07	-9.51532e+01	-4.69302e+02	
3787	2.934270e+07	-9.53141e+01	-4.69832e+02	
3788	2.951209e+07	-9.54752e+01	-4.70365e+02	
3789	2.968247e+07	-9.56364e+01	-4.70901e+02	
3790	2.985383e+07	-9.57977e+01	-4.71440e+02	
3791	3.002617e+07	-9.59590e+01	-4.71982e+02	
3792	3.019952e+07	-9.61205e+01	-4.72527e+02	
3793	3.037386e+07	-9.62821e+01	-4.73075e+02	
3794	3.054921e+07	-9.64438e+01	-4.73627e+02	
3795	3.072557e+07	-9.66055e+01	-4.74182e+02	
3796	3.090295e+07	-9.67674e+01	-4.74740e+02	
3797	3.108136e+07	-9.69293e+01	-4.75302e+02	
3798	3.126079e+07	-9.70914e+01	-4.75867e+02	
3799	3.144126e+07	-9.72535e+01	-4.76436e+02	
3800	3.162278e+07	-9.74157e+01	-4.77009e+02	
3801	3.180534e+07	-9.75781e+01	-4.77585e+02	
3802	3.198895e+07	-9.77404e+01	-4.78165e+02	
3803	3.217363e+07	-9.79029e+01	-4.78749e+02	
3804	3.235937e+07	-9.80655e+01	-4.79337e+02	
3805	3.254618e+07	-9.82281e+01	-4.79930e+02	
3806	3.273407e+07	-9.83908e+01	-4.80526e+02	
3807	3.292305e+07	-9.85536e+01	-4.81126e+02	
3808	3.311311e+07	-9.87164e+01	-4.81731e+02	
3809	3.330428e+07	-9.88793e+01	-4.82340e+02	
3810	3.349654e+07	-9.90422e+01	-4.82954e+02	
3811	3.368992e+07	-9.92052e+01	-4.83572e+02	
3812	3.388442e+07	-9.93683e+01	-4.84195e+02	
3813	3.408003e+07	-9.95314e+01	-4.84823e+02	
3814	3.427678e+07	-9.96945e+01	-4.85456e+02	
3815	3.447466e+07	-9.98576e+01	-4.86093e+02	
3816	3.467369e+07	-1.00021e+02	-4.86735e+02	
3817	3.487386e+07	-1.00184e+02	-4.87383e+02	
3818	3.507519e+07	-1.00347e+02	-4.88036e+02	
3819	3.527768e+07	-1.00510e+02	-4.88694e+02	
3820	3.548134e+07	-1.00674e+02	-4.89358e+02	
3821	3.568617e+07	-1.00837e+02	-4.90027e+02	
3822	3.589219e+07	-1.01000e+02	-4.90702e+02	
3823	3.609940e+07	-1.01163e+02	-4.91382e+02	
3824	3.630781e+07	-1.01326e+02	-4.92068e+02	

Index   frequency       tdb             tph             
--------------------------------------------------------------------------------
3825	3.651741e+07	-1.01489e+02	-4.92761e+02	
3826	3.672823e+07	-1.01652e+02	-4.93459e+02	
3827	3.694026e+07	-1.01815e+02	-4.94164e+02	
3828	3.715352e+07	-1.01978e+02	-4.94875e+02	
3829	3.736801e+07	-1.02140e+02	-4.95592e+02	
3830	3.758374e+07	-1.02303e+02	-4.96316e+02	
3831	3.780071e+07	-1.02465e+02	-4.97046e+02	
3832	3.801894e+07	-1.02628e+02	-4.97783e+02	
3833	3.823843e+07	-1.02790e+02	-4.98527e+02	
3834	3.845918e+07	-1.02952e+02	-4.99278e+02	
3835	3.868121e+07	-1.03113e+02	-5.00037e+02	
3836	3.890451e+07	-1.03275e+02	-5.00802e+02	
3837	3.912911e+07	-1.03436e+02	-5.01575e+02	
3838	3.935501e+07	-1.03597e+02	-5.02355e+02	
3839	3.958221e+07	-1.03758e+02	-5.03142e+02	
3840	3.981072e+07	-1.03918e+02	-5.03938e+02	
3841	4.004055e+07	-1.04078e+02	-5.04741e+02	
3842	4.027170e+07	-1.04238e+02	-5.05552e+02	
3843	4.050419e+07	-1.04398e+02	-5.06371e+02	
3844	4.073803e+07	-1.04557e+02	-5.07198e+02	
3845	4.097321e+07	-1.04715e+02	-5.08033e+02	
3846	4.120975e+07	-1.04873e+02	-5.08877e+02	
3847	4.144766e+07	-1.05031e+02	-5.09729e+02	
3848	4.168694e+07	-1.05188e+02	-5.10589e+02	
3849	4.192760e+07	-1.05344e+02	-5.11458e+02	
3850	4.216965e+07	-1.05500e+02	-5.12336e+02	
3851	4.241310e+07	-1.05656e+02	-5.13223e+02	
3852	4.265795e+07	-1.05810e+02	-5.14119e+02	
3853	4.290422e+07	-1.05964e+02	-5.15023e+02	
3854	4.315191e+07	-1.06118e+02	-5.15936e+02	
3855	4.340103e+07	-1.06270e+02	-5.16859e+02	
3856	4.365158e+07	-1.06422e+02	-5.17791e+02	
3857	4.390359e+07	-1.06573e+02	-5.18731e+02	
3858	4.415704e+07	-1.06723e+02	-5.19681e+02	
3859	4.441197e+07	-1.06872e+02	-5.20641e+02	
3860	4.466836e+07	-1.07020e+02	-5.21609e+02	
3861	4.492623e+07	-1.07167e+02	-5.22587e+02	
3862	4.518559e+07	-1.07313e+02	-5.23574e+02	
3863	4.544645e+07	-1.07458e+02	-5.24570e+02	
3864	4.570882e+07	-1.07601e+02	-5.25575e+02	
3865	4.597270e+07	-1.07744e+02	-5.26590e+02	
3866	4.623810e+07	-1.07885e+02	-5.27614e+02	
3867	4.650504e+07	-1.08025e+02	-5.28647e+02	
3868	4.677351e+07	-1.08163e+02	-5.29689e+02	
3869	4.704354e+07	-1.08301e+02	-5.30739e+02	
3870	4.731513e+07	-1.08436e+02	-5.31799e+02	
3871	4.758828e+07	-1.08570e+02	-5.32867e+02	
3872	4.786301e+07	-1.08703e+02	-5.33944e+02	
3873	4.813933e+07	-1.08834e+02	-5.35029e+02	
3874	4.841724e+07	-1.08963e+02	-5.36122e+02	
3875	4.869675e+07	-1.09091e+02	-5.37224e+02	
3876	4.897788e+07	-1.09216e+02	-5.38333e+02	
3877	4.926063e+07	-1.09340e+02	-5.39450e+02	
3878	4.954502e+07	-1.09462e+02	-5.40574e+02	
3879	4.983105e+07	-1.09583e+02	-5.41705e+02	
3880	5.011872e+07	-1.09701e+02	-5.42843e+02	
3881	5.040806e+07	-1.09817e+02	-5.43988e+02	
3882	5.069907e+07	-1.09931e+02	-5.45139e+02	

Index   frequency       tdb             tph             
--------------------------------------------------------------------------------
3883	5.099176e+07	-1.10043e+02	-5.46295e+02	
3884	5.128614e+07	-1.10153e+02	-5.47457e+02	
3885	5.158222e+07	-1.10260e+02	-5.48625e+02	
3886	5.188000e+07	-1.10366e+02	-5.49797e+02	
3887	5.217951e+07	-1.10469e+02	-5.50974e+02	
3888	5.248075e+07	-1.10569e+02	-5.52155e+02	
3889	5.278372e+07	-1.10668e+02	-5.53339e+02	
3890	5.308844e+07	-1.10764e+02	-5.54526e+02	
3891	5.339493e+07	-1.10858e+02	-5.55717e+02	
3892	5.370318e+07	-1.10949e+02	-5.56909e+02	
3893	5.401321e+07	-1.11038e+02	-5.58104e+02	
3894	5.432503e+07	-1.11125e+02	-5.59300e+02	
3895	5.463865e+07	-1.11209e+02	-5.60496e+02	
3896	5.495409e+07	-1.11290e+02	-5.61694e+02	
3897	5.527134e+07	-1.11370e+02	-5.62891e+02	
3898	5.559043e+07	-1.11446e+02	-5.64088e+02	
3899	5.591135e+07	-1.11521e+02	-5.65283e+02	
3900	5.623413e+07	-1.11593e+02	-5.66478e+02	
3901	5.655878e+07	-1.11662e+02	-5.67670e+02	
3902	5.688529e+07	-1.11729e+02	-5.68861e+02	
3903	5.721370e+07	-1.11793e+02	-5.70048e+02	
3904	5.754399e+07	-1.11856e+02	-5.71232e+02	
3905	5.787620e+07	-1.11915e+02	-5.72413e+02	
3906	5.821032e+07	-1.11973e+02	-5.73589e+02	
3907	5.854637e+07	-1.12028e+02	-5.74761e+02	
3908	5.888437e+07	-1.12081e+02	-5.75928e+02	
3909	5.922431e+07	-1.12132e+02	-5.77090e+02	
3910	5.956621e+07	-1.12180e+02	-5.78245e+02	
3911	5.991009e+07	-1.12226e+02	-5.79395e+02	
3912	6.025596e+07	-1.12270e+02	-5.80539e+02	
3913	6.060382e+07	-1.12312e+02	-5.81675e+02	
3914	6.095369e+07	-1.12352e+02	-5.82805e+02	
3915	6.130558e+07	-1.12390e+02	-5.83927e+02	
3916	6.165950e+07	-1.12426e+02	-5.85041e+02	
3917	6.201546e+07	-1.12460e+02	-5.86148e+02	
3918	6.237348e+07	-1.12492e+02	-5.87246e+02	
3919	6.273357e+07	-1.12523e+02	-5.88336e+02	
3920	6.309573e+07	-1.12551e+02	-5.89417e+02	
3921	6.345999e+07	-1.12578e+02	-5.90490e+02	
3922	6.382635e+07	-1.12603e+02	-5.91553e+02	
3923	6.419482e+07	-1.12627e+02	-5.92607e+02	
3924	6.456542e+07	-1.12649e+02	-5.93652e+02	
3925	6.493816e+07	-1.12669e+02	-5.94687e+02	
3926	6.531306e+07	-1.12689e+02	-5.95713e+02	
3927	6.569011e+07	-1.12706e+02	-5.96729e+02	
3928	6.606934e+07	-1.12723e+02	-5.97736e+02	
3929	6.645077e+07	-1.12738e+02	-5.98732e+02	
3930	6.683439e+07	-1.12751e+02	-5.99719e+02	
3931	6.722023e+07	-1.12764e+02	-6.00696e+02	
3932	6.760830e+07	-1.12775e+02	-6.01662e+02	
3933	6.799860e+07	-1.12785e+02	-6.02619e+02	
3934	6.839116e+07	-1.12795e+02	-6.03566e+02	
3935	6.878599e+07	-1.12803e+02	-6.04502e+02	
3936	6.918310e+07	-1.12810e+02	-6.05429e+02	
3937	6.958250e+07	-1.12816e+02	-6.06346e+02	
3938	6.998420e+07	-1.12822e+02	-6.07253e+02	
3939	7.038822e+07	-1.12826e+02	-6.08150e+02	
3940	7.079458e+07	-1.12830e+02	-6.09037e+02	

Index   frequency       tdb             tph             
--------------------------------------------------------------------------------
3941	7.120328e+07	-1.12833e+02	-6.09914e+02	
3942	7.161434e+07	-1.12835e+02	-6.10782e+02	
3943	7.202778e+07	-1.12837e+02	-6.11640e+02	
3944	7.244360e+07	-1.12838e+02	-6.12488e+02	
3945	7.286182e+07	-1.12838e+02	-6.13327e+02	
3946	7.328245e+07	-1.12838e+02	-6.14156e+02	
3947	7.370552e+07	-1.12837e+02	-6.14976e+02	
3948	7.413102e+07	-1.12836e+02	-6.15787e+02	
3949	7.455899e+07	-1.12834e+02	-6.16589e+02	
3950	7.498942e+07	-1.12831e+02	-6.17382e+02	
3951	7.542234e+07	-1.12828e+02	-6.18165e+02	
3952	7.585776e+07	-1.12825e+02	-6.18940e+02	
3953	7.629569e+07	-1.12822e+02	-6.19706e+02	
3954	7.673615e+07	-1.12818e+02	-6.20464e+02	
3955	7.717915e+07	-1.12813e+02	-6.21213e+02	
3956	7.762471e+07	-1.12809e+02	-6.21954e+02	
3957	7.807284e+07	-1.12804e+02	-6.22686e+02	
3958	7.852356e+07	-1.12799e+02	-6.23410e+02	
3959	7.897688e+07	-1.12793e+02	-6.24126e+02	
3960	7.943282e+07	-1.12788e+02	-6.24835e+02	
3961	7.989139e+07	-1.12782e+02	-6.25535e+02	
3962	8.035261e+07	-1.12776e+02	-6.26228e+02	
3963	8.081649e+07	-1.12769e+02	-6.26913e+02	
3964	8.128305e+07	-1.12763e+02	-6.27590e+02	
3965	8.175230e+07	-1.12756e+02	-6.28260e+02	
3966	8.222426e+07	-1.12749e+02	-6.28923e+02	
3967	8.269895e+07	-1.12743e+02	-6.29579e+02	
3968	8.317638e+07	-1.12736e+02	-6.30228e+02	
3969	8.365656e+07	-1.12728e+02	-6.30869e+02	
3970	8.413951e+07	-1.12721e+02	-6.31504e+02	
3971	8.462526e+07	-1.12714e+02	-6.32132e+02	
3972	8.511380e+07	-1.12707e+02	-6.32754e+02	
3973	8.560517e+07	-1.12699e+02	-6.33369e+02	
3974	8.609938e+07	-1.12692e+02	-6.33978e+02	
3975	8.659643e+07	-1.12684e+02	-6.34580e+02	
3976	8.709636e+07	-1.12677e+02	-6.35176e+02	
3977	8.759917e+07	-1.12669e+02	-6.35766e+02	
3978	8.810489e+07	-1.12662e+02	-6.36350e+02	
3979	8.861352e+07	-1.12654e+02	-6.36928e+02	
3980	8.912509e+07	-1.12646e+02	-6.37500e+02	
3981	8.963962e+07	-1.12639e+02	-6.38067e+02	
3982	9.015711e+07	-1.12631e+02	-6.38627e+02	
3983	9.067760e+07	-1.12624e+02	-6.39183e+02	
3984	9.120108e+07	-1.12616e+02	-6.39733e+02	
3985	9.172759e+07	-1.12609e+02	-6.40277e+02	
3986	9.225714e+07	-1.12601e+02	-6.40816e+02	
3987	9.278975e+07	-1.12594e+02	-6.41350e+02	
3988	9.332543e+07	-1.12586e+02	-6.41879e+02	
3989	9.386420e+07	-1.12579e+02	-6.42403e+02	
3990	9.440609e+07	-1.12571e+02	-6.42922e+02	
3991	9.495110e+07	-1.12564e+02	-6.43435e+02	
3992	9.549926e+07	-1.12557e+02	-6.43945e+02	
3993	9.605058e+07	-1.12550e+02	-6.44449e+02	
3994	9.660509e+07	-1.12542e+02	-6.44949e+02	
3995	9.716280e+07	-1.12535e+02	-6.45444e+02	
3996	9.772372e+07	-1.12528e+02	-6.45934e+02	
3997	9.828789e+07	-1.12521e+02	-6.46420e+02	
3998	9.885531e+07	-1.12514e+02	-6.46902e+02	

Index   frequency       tdb             tph             
--------------------------------------------------------------------------------
3999	9.942601e+07	-1.12507e+02	-6.47380e+02	
4000	1.000000e+08	-1.12501e+02	-6.47853e+02	
4001	1.005773e+08	-1.12494e+02	-6.48322e+02	
4002	1.011579e+08	-1.12487e+02	-6.48787e+02	
4003	1.017419e+08	-1.12481e+02	-6.49247e+02	
4004	1.023293e+08	-1.12474e+02	-6.49704e+02	
4005	1.029201e+08	-1.12468e+02	-6.50157e+02	
4006	1.035142e+08	-1.12461e+02	-6.50606e+02	
4007	1.041118e+08	-1.12455e+02	-6.51051e+02	
4008	1.047129e+08	-1.12449e+02	-6.51492e+02	
4009	1.053174e+08	-1.12443e+02	-6.51930e+02	
4010	1.059254e+08	-1.12437e+02	-6.52364e+02	
4011	1.065369e+08	-1.12430e+02	-6.52794e+02	
4012	1.071519e+08	-1.12425e+02	-6.53221e+02	
4013	1.077705e+08	-1.12419e+02	-6.53644e+02	
4014	1.083927e+08	-1.12413e+02	-6.54064e+02	
4015	1.090184e+08	-1.12407e+02	-6.54480e+02	
4016	1.096478e+08	-1.12402e+02	-6.54893e+02	
4017	1.102808e+08	-1.12396e+02	-6.55303e+02	
4018	1.109175e+08	-1.12390e+02	-6.55709e+02	
4019	1.115578e+08	-1.12385e+02	-6.56112e+02	
4020	1.122018e+08	-1.12380e+02	-6.56512e+02	
4021	1.128496e+08	-1.12374e+02	-6.56908e+02	
4022	1.135011e+08	-1.12369e+02	-6.57302e+02	
4023	1.141563e+08	-1.12364e+02	-6.57692e+02	
4024	1.148154e+08	-1.12359e+02	-6.58080e+02	
4025	1.154782e+08	-1.12354e+02	-6.58464e+02	
4026	1.161449e+08	-1.12349e+02	-6.58846e+02	
4027	1.168154e+08	-1.12344e+02	-6.59224e+02	
4028	1.174898e+08	-1.12339e+02	-6.59600e+02	
4029	1.181680e+08	-1.12335e+02	-6.59973e+02	
4030	1.188502e+08	-1.12330e+02	-6.60343e+02	
4031	1.195364e+08	-1.12325e+02	-6.60710e+02	
4032	1.202264e+08	-1.12321e+02	-6.61075e+02	
4033	1.209205e+08	-1.12317e+02	-6.61436e+02	
4034	1.216186e+08	-1.12312e+02	-6.61795e+02	
4035	1.223207e+08	-1.12308e+02	-6.62152e+02	
4036	1.230269e+08	-1.12304e+02	-6.62506e+02	
4037	1.237371e+08	-1.12299e+02	-6.62857e+02	
4038	1.244515e+08	-1.12295e+02	-6.63206e+02	
4039	1.251699e+08	-1.12291e+02	-6.63552e+02	
4040	1.258925e+08	-1.12287e+02	-6.63895e+02	
4041	1.266193e+08	-1.12283e+02	-6.64236e+02	
4042	1.273503e+08	-1.12280e+02	-6.64575e+02	
4043	1.280855e+08	-1.12276e+02	-6.64911e+02	
4044	1.288250e+08	-1.12272e+02	-6.65245e+02	
4045	1.295687e+08	-1.12268e+02	-6.65577e+02	
4046	1.303167e+08	-1.12265e+02	-6.65906e+02	
4047	1.310690e+08	-1.12261e+02	-6.66233e+02	
4048	1.318257e+08	-1.12258e+02	-6.66557e+02	
4049	1.325867e+08	-1.12254e+02	-6.66880e+02	
4050	1.333521e+08	-1.12251e+02	-6.67200e+02	
4051	1.341220e+08	-1.12247e+02	-6.67518e+02	
4052	1.348963e+08	-1.12244e+02	-6.67833e+02	
4053	1.356751e+08	-1.12241e+02	-6.68147e+02	
4054	1.364583e+08	-1.12238e+02	-6.68458e+02	
4055	1.372461e+08	-1.12235e+02	-6.68767e+02	
4056	1.380384e+08	-1.12231e+02	-6.69075e+02	

Index   frequency       tdb             tph             
--------------------------------------------------------------------------------
4057	1.388353e+08	-1.12228e+02	-6.69380e+02	
4058	1.396368e+08	-1.12225e+02	-6.69682e+02	
4059	1.404430e+08	-1.12222e+02	-6.69983e+02	
4060	1.412538e+08	-1.12220e+02	-6.70282e+02	
4061	1.420692e+08	-1.12217e+02	-6.70579e+02	
4062	1.428894e+08	-1.12214e+02	-6.70874e+02	
4063	1.437143e+08	-1.12211e+02	-6.71167e+02	
4064	1.445440e+08	-1.12209e+02	-6.71458e+02	
4065	1.453784e+08	-1.12206e+02	-6.71747e+02	
4066	1.462177e+08	-1.12203e+02	-6.72034e+02	
4067	1.470618e+08	-1.12201e+02	-6.72319e+02	
4068	1.479108e+08	-1.12198e+02	-6.72603e+02	
4069	1.487647e+08	-1.12196e+02	-6.72884e+02	
4070	1.496236e+08	-1.12193e+02	-6.73164e+02	
4071	1.504874e+08	-1.12191e+02	-6.73442e+02	
4072	1.513561e+08	-1.12188e+02	-6.73718e+02	
4073	1.522299e+08	-1.12186e+02	-6.73992e+02	
4074	1.531087e+08	-1.12184e+02	-6.74265e+02	
4075	1.539927e+08	-1.12182e+02	-6.74535e+02	
4076	1.548817e+08	-1.12179e+02	-6.74804e+02	
4077	1.557758e+08	-1.12177e+02	-6.75072e+02	
4078	1.566751e+08	-1.12175e+02	-6.75337e+02	
4079	1.575796e+08	-1.12173e+02	-6.75601e+02	
4080	1.584893e+08	-1.12171e+02	-6.75863e+02	
4081	1.594043e+08	-1.12169e+02	-6.76124e+02	
4082	1.603245e+08	-1.12167e+02	-6.76382e+02	
4083	1.612501e+08	-1.12165e+02	-6.76640e+02	
4084	1.621810e+08	-1.12163e+02	-6.76895e+02	
4085	1.631173e+08	-1.12161e+02	-6.77149e+02	
4086	1.640590e+08	-1.12159e+02	-6.77401e+02	
4087	1.650061e+08	-1.12157e+02	-6.77652e+02	
4088	1.659587e+08	-1.12156e+02	-6.77901e+02	
4089	1.669168e+08	-1.12154e+02	-6.78149e+02	
4090	1.678804e+08	-1.12152e+02	-6.78395e+02	
4091	1.688496e+08	-1.12150e+02	-6.78640e+02	
4092	1.698244e+08	-1.12149e+02	-6.78883e+02	
4093	1.708048e+08	-1.12147e+02	-6.79124e+02	
4094	1.717908e+08	-1.12145e+02	-6.79364e+02	
4095	1.727826e+08	-1.12144e+02	-6.79602e+02	
4096	1.737801e+08	-1.12142e+02	-6.79840e+02	
4097	1.747833e+08	-1.12141e+02	-6.80075e+02	
4098	1.757924e+08	-1.12139e+02	-6.80309e+02	
4099	1.768072e+08	-1.12138e+02	-6.80542e+02	
4100	1.778279e+08	-1.12136e+02	-6.80773e+02	
4101	1.788546e+08	-1.12135e+02	-6.81003e+02	
4102	1.798871e+08	-1.12133e+02	-6.81231e+02	
4103	1.809256e+08	-1.12132e+02	-6.81458e+02	
4104	1.819701e+08	-1.12131e+02	-6.81684e+02	
4105	1.830206e+08	-1.12129e+02	-6.81908e+02	
4106	1.840772e+08	-1.12128e+02	-6.82131e+02	
4107	1.851399e+08	-1.12127e+02	-6.82352e+02	
4108	1.862087e+08	-1.12125e+02	-6.82573e+02	
4109	1.872837e+08	-1.12124e+02	-6.82791e+02	
4110	1.883649e+08	-1.12123e+02	-6.83009e+02	
4111	1.894524e+08	-1.12122e+02	-6.83225e+02	
4112	1.905461e+08	-1.12120e+02	-6.83440e+02	
4113	1.916461e+08	-1.12119e+02	-6.83653e+02	
4114	1.927525e+08	-1.12118e+02	-6.83866e+02	

Index   frequency       tdb             tph             
--------------------------------------------------------------------------------
4115	1.938653e+08	-1.12117e+02	-6.84077e+02	
4116	1.949845e+08	-1.12116e+02	-6.84286e+02	
4117	1.961101e+08	-1.12115e+02	-6.84495e+02	
4118	1.972423e+08	-1.12114e+02	-6.84702e+02	
4119	1.983810e+08	-1.12112e+02	-6.84908e+02	
4120	1.995262e+08	-1.12111e+02	-6.85113e+02	
4121	2.006781e+08	-1.12110e+02	-6.85316e+02	
4122	2.018366e+08	-1.12109e+02	-6.85519e+02	
4123	2.030019e+08	-1.12108e+02	-6.85720e+02	
4124	2.041738e+08	-1.12107e+02	-6.85920e+02	
4125	2.053525e+08	-1.12106e+02	-6.86118e+02	
4126	2.065380e+08	-1.12105e+02	-6.86316e+02	
4127	2.077304e+08	-1.12105e+02	-6.86512e+02	
4128	2.089296e+08	-1.12104e+02	-6.86707e+02	
4129	2.101358e+08	-1.12103e+02	-6.86901e+02	
4130	2.113489e+08	-1.12102e+02	-6.87094e+02	
4131	2.125690e+08	-1.12101e+02	-6.87286e+02	
4132	2.137962e+08	-1.12100e+02	-6.87476e+02	
4133	2.150305e+08	-1.12099e+02	-6.87666e+02	
4134	2.162719e+08	-1.12098e+02	-6.87854e+02	
4135	2.175204e+08	-1.12098e+02	-6.88041e+02	
4136	2.187762e+08	-1.12097e+02	-6.88227e+02	
4137	2.200392e+08	-1.12096e+02	-6.88412e+02	
4138	2.213095e+08	-1.12095e+02	-6.88596e+02	
4139	2.225871e+08	-1.12094e+02	-6.88779e+02	
4140	2.238721e+08	-1.12094e+02	-6.88961e+02	
4141	2.251645e+08	-1.12093e+02	-6.89141e+02	
4142	2.264644e+08	-1.12092e+02	-6.89321e+02	
4143	2.277718e+08	-1.12092e+02	-6.89499e+02	
4144	2.290868e+08	-1.12091e+02	-6.89677e+02	
4145	2.304093e+08	-1.12090e+02	-6.89853e+02	
4146	2.317395e+08	-1.12089e+02	-6.90029e+02	
4147	2.330773e+08	-1.12089e+02	-6.90203e+02	
4148	2.344229e+08	-1.12088e+02	-6.90376e+02	
4149	2.357762e+08	-1.12087e+02	-6.90549e+02	
4150	2.371374e+08	-1.12087e+02	-6.90720e+02	
4151	2.385064e+08	-1.12086e+02	-6.90890e+02	
4152	2.398833e+08	-1.12086e+02	-6.91060e+02	
4153	2.412682e+08	-1.12085e+02	-6.91228e+02	
4154	2.426610e+08	-1.12084e+02	-6.91395e+02	
4155	2.440619e+08	-1.12084e+02	-6.91562e+02	
4156	2.454709e+08	-1.12083e+02	-6.91727e+02	
4157	2.468880e+08	-1.12083e+02	-6.91892e+02	
4158	2.483133e+08	-1.12082e+02	-6.92055e+02	
4159	2.497468e+08	-1.12082e+02	-6.92218e+02	
4160	2.511886e+08	-1.12081e+02	-6.92379e+02	
4161	2.526388e+08	-1.12080e+02	-6.92540e+02	
4162	2.540973e+08	-1.12080e+02	-6.92700e+02	
4163	2.555642e+08	-1.12079e+02	-6.92859e+02	
4164	2.570396e+08	-1.12079e+02	-6.93016e+02	
4165	2.585235e+08	-1.12078e+02	-6.93173e+02	
4166	2.600160e+08	-1.12078e+02	-6.93329e+02	
4167	2.615170e+08	-1.12077e+02	-6.93485e+02	
4168	2.630268e+08	-1.12077e+02	-6.93639e+02	
4169	2.645453e+08	-1.12076e+02	-6.93792e+02	
4170	2.660725e+08	-1.12076e+02	-6.93945e+02	
4171	2.676086e+08	-1.12076e+02	-6.94096e+02	
4172	2.691535e+08	-1.12075e+02	-6.94247e+02	

Index   frequency       tdb             tph             
--------------------------------------------------------------------------------
4173	2.707073e+08	-1.12075e+02	-6.94397e+02	
4174	2.722701e+08	-1.12074e+02	-6.94546e+02	
4175	2.738420e+08	-1.12074e+02	-6.94694e+02	
4176	2.754229e+08	-1.12073e+02	-6.94841e+02	
4177	2.770129e+08	-1.12073e+02	-6.94987e+02	
4178	2.786121e+08	-1.12073e+02	-6.95133e+02	
4179	2.802206e+08	-1.12072e+02	-6.95278e+02	
4180	2.818383e+08	-1.12072e+02	-6.95421e+02	
4181	2.834654e+08	-1.12071e+02	-6.95564e+02	
4182	2.851018e+08	-1.12071e+02	-6.95707e+02	
4183	2.867477e+08	-1.12071e+02	-6.95848e+02	
4184	2.884032e+08	-1.12070e+02	-6.95989e+02	
4185	2.900681e+08	-1.12070e+02	-6.96128e+02	
4186	2.917427e+08	-1.12070e+02	-6.96267e+02	
4187	2.934270e+08	-1.12069e+02	-6.96406e+02	
4188	2.951209e+08	-1.12069e+02	-6.96543e+02	
4189	2.968247e+08	-1.12068e+02	-6.96680e+02	
4190	2.985383e+08	-1.12068e+02	-6.96815e+02	
4191	3.002617e+08	-1.12068e+02	-6.96950e+02	
4192	3.019952e+08	-1.12067e+02	-6.97085e+02	
4193	3.037386e+08	-1.12067e+02	-6.97218e+02	
4194	3.054921e+08	-1.12067e+02	-6.97351e+02	
4195	3.072557e+08	-1.12066e+02	-6.97483e+02	
4196	3.090295e+08	-1.12066e+02	-6.97614e+02	
4197	3.108136e+08	-1.12066e+02	-6.97744e+02	
4198	3.126079e+08	-1.12066e+02	-6.97874e+02	
4199	3.144126e+08	-1.12065e+02	-6.98003e+02	
4200	3.162278e+08	-1.12065e+02	-6.98131e+02	
4201	3.180534e+08	-1.12065e+02	-6.98259e+02	
4202	3.198895e+08	-1.12064e+02	-6.98386e+02	
4203	3.217363e+08	-1.12064e+02	-6.98512e+02	
4204	3.235937e+08	-1.12064e+02	-6.98637e+02	
4205	3.254618e+08	-1.12064e+02	-6.98762e+02	
4206	3.273407e+08	-1.12063e+02	-6.98885e+02	
4207	3.292305e+08	-1.12063e+02	-6.99009e+02	
4208	3.311311e+08	-1.12063e+02	-6.99131e+02	
4209	3.330428e+08	-1.12063e+02	-6.99253e+02	
4210	3.349654e+08	-1.12062e+02	-6.99374e+02	
4211	3.368992e+08	-1.12062e+02	-6.99494e+02	
4212	3.388442e+08	-1.12062e+02	-6.99614e+02	
4213	3.408003e+08	-1.12062e+02	-6.99733e+02	
4214	3.427678e+08	-1.12061e+02	-6.99851e+02	
4215	3.447466e+08	-1.12061e+02	-6.99969e+02	
4216	3.467369e+08	-1.12061e+02	-7.00086e+02	
4217	3.487386e+08	-1.12061e+02	-7.00202e+02	
4218	3.507519e+08	-1.12060e+02	-7.00318e+02	
4219	3.527768e+08	-1.12060e+02	-7.00433e+02	
4220	3.548134e+08	-1.12060e+02	-7.00547e+02	
4221	3.568617e+08	-1.12060e+02	-7.00661e+02	
4222	3.589219e+08	-1.12060e+02	-7.00774e+02	
4223	3.609940e+08	-1.12059e+02	-7.00887e+02	
4224	3.630781e+08	-1.12059e+02	-7.00998e+02	
4225	3.651741e+08	-1.12059e+02	-7.01110e+02	
4226	3.672823e+08	-1.12059e+02	-7.01220e+02	
4227	3.694026e+08	-1.12059e+02	-7.01330e+02	
4228	3.715352e+08	-1.12058e+02	-7.01439e+02	
4229	3.736801e+08	-1.12058e+02	-7.01548e+02	
4230	3.758374e+08	-1.12058e+02	-7.01656e+02	

Index   frequency       tdb             tph             
--------------------------------------------------------------------------------
4231	3.780071e+08	-1.12058e+02	-7.01763e+02	
4232	3.801894e+08	-1.12058e+02	-7.01870e+02	
4233	3.823843e+08	-1.12057e+02	-7.01976e+02	
4234	3.845918e+08	-1.12057e+02	-7.02082e+02	
4235	3.868121e+08	-1.12057e+02	-7.02187e+02	
4236	3.890451e+08	-1.12057e+02	-7.02291e+02	
4237	3.912911e+08	-1.12057e+02	-7.02395e+02	
4238	3.935501e+08	-1.12057e+02	-7.02498e+02	
4239	3.958221e+08	-1.12056e+02	-7.02601e+02	
4240	3.981072e+08	-1.12056e+02	-7.02703e+02	
4241	4.004055e+08	-1.12056e+02	-7.02805e+02	
4242	4.027170e+08	-1.12056e+02	-7.02906e+02	
4243	4.050419e+08	-1.12056e+02	-7.03006e+02	
4244	4.073803e+08	-1.12056e+02	-7.03106e+02	
4245	4.097321e+08	-1.12056e+02	-7.03205e+02	
4246	4.120975e+08	-1.12055e+02	-7.03304e+02	
4247	4.144766e+08	-1.12055e+02	-7.03402e+02	
4248	4.168694e+08	-1.12055e+02	-7.03499e+02	
4249	4.192760e+08	-1.12055e+02	-7.03596e+02	
4250	4.216965e+08	-1.12055e+02	-7.03693e+02	
4251	4.241310e+08	-1.12055e+02	-7.03789e+02	
4252	4.265795e+08	-1.12055e+02	-7.03884e+02	
4253	4.290422e+08	-1.12054e+02	-7.03979e+02	
4254	4.315191e+08	-1.12054e+02	-7.04073e+02	
4255	4.340103e+08	-1.12054e+02	-7.04167e+02	
4256	4.365158e+08	-1.12054e+02	-7.04260e+02	
4257	4.390359e+08	-1.12054e+02	-7.04353e+02	
4258	4.415704e+08	-1.12054e+02	-7.04445e+02	
4259	4.441197e+08	-1.12054e+02	-7.04537e+02	
4260	4.466836e+08	-1.12054e+02	-7.04628e+02	
4261	4.492623e+08	-1.12053e+02	-7.04719e+02	
4262	4.518559e+08	-1.12053e+02	-7.04809e+02	
4263	4.544645e+08	-1.12053e+02	-7.04899e+02	
4264	4.570882e+08	-1.12053e+02	-7.04988e+02	
4265	4.597270e+08	-1.12053e+02	-7.05076e+02	
4266	4.623810e+08	-1.12053e+02	-7.05164e+02	
4267	4.650504e+08	-1.12053e+02	-7.05252e+02	
4268	4.677351e+08	-1.12053e+02	-7.05339e+02	
4269	4.704354e+08	-1.12052e+02	-7.05426e+02	
4270	4.731513e+08	-1.12052e+02	-7.05512e+02	
4271	4.758828e+08	-1.12052e+02	-7.05598e+02	
4272	4.786301e+08	-1.12052e+02	-7.05683e+02	
4273	4.813933e+08	-1.12052e+02	-7.05768e+02	
4274	4.841724e+08	-1.12052e+02	-7.05852e+02	
4275	4.869675e+08	-1.12052e+02	-7.05936e+02	
4276	4.897788e+08	-1.12052e+02	-7.06019e+02	
4277	4.926063e+08	-1.12052e+02	-7.06102e+02	
4278	4.954502e+08	-1.12052e+02	-7.06185e+02	
4279	4.983105e+08	-1.12051e+02	-7.06267e+02	
4280	5.011872e+08	-1.12051e+02	-7.06348e+02	
4281	5.040806e+08	-1.12051e+02	-7.06429e+02	
4282	5.069907e+08	-1.12051e+02	-7.06510e+02	
4283	5.099176e+08	-1.12051e+02	-7.06590e+02	
4284	5.128614e+08	-1.12051e+02	-7.06670e+02	
4285	5.158222e+08	-1.12051e+02	-7.06749e+02	
4286	5.188000e+08	-1.12051e+02	-7.06828e+02	
4287	5.217951e+08	-1.12051e+02	-7.06906e+02	
4288	5.248075e+08	-1.12051e+02	-7.06984e+02	

Index   frequency       tdb             tph             
--------------------------------------------------------------------------------
4289	5.278372e+08	-1.12051e+02	-7.07062e+02	
4290	5.308844e+08	-1.12051e+02	-7.07139e+02	
4291	5.339493e+08	-1.12050e+02	-7.07215e+02	
4292	5.370318e+08	-1.12050e+02	-7.07292e+02	
4293	5.401321e+08	-1.12050e+02	-7.07367e+02	
4294	5.432503e+08	-1.12050e+02	-7.07443e+02	
4295	5.463865e+08	-1.12050e+02	-7.07518e+02	
4296	5.495409e+08	-1.12050e+02	-7.07592e+02	
4297	5.527134e+08	-1.12050e+02	-7.07666e+02	
4298	5.559043e+08	-1.12050e+02	-7.07740e+02	
4299	5.591135e+08	-1.12050e+02	-7.07813e+02	
4300	5.623413e+08	-1.12050e+02	-7.07886e+02	
4301	5.655878e+08	-1.12050e+02	-7.07959e+02	
4302	5.688529e+08	-1.12050e+02	-7.08031e+02	
4303	5.721370e+08	-1.12050e+02	-7.08103e+02	
4304	5.754399e+08	-1.12049e+02	-7.08174e+02	
4305	5.787620e+08	-1.12049e+02	-7.08245e+02	
4306	5.821032e+08	-1.12049e+02	-7.08316e+02	
4307	5.854637e+08	-1.12049e+02	-7.08386e+02	
4308	5.888437e+08	-1.12049e+02	-7.08456e+02	
4309	5.922431e+08	-1.12049e+02	-7.08525e+02	
4310	5.956621e+08	-1.12049e+02	-7.08594e+02	
4311	5.991009e+08	-1.12049e+02	-7.08663e+02	
4312	6.025596e+08	-1.12049e+02	-7.08731e+02	
4313	6.060382e+08	-1.12049e+02	-7.08799e+02	
4314	6.095369e+08	-1.12049e+02	-7.08866e+02	
4315	6.130558e+08	-1.12049e+02	-7.08933e+02	
4316	6.165950e+08	-1.12049e+02	-7.09000e+02	
4317	6.201546e+08	-1.12049e+02	-7.09067e+02	
4318	6.237348e+08	-1.12049e+02	-7.09133e+02	
4319	6.273357e+08	-1.12049e+02	-7.09198e+02	
4320	6.309573e+08	-1.12048e+02	-7.09264e+02	
4321	6.345999e+08	-1.12048e+02	-7.09329e+02	
4322	6.382635e+08	-1.12048e+02	-7.09393e+02	
4323	6.419482e+08	-1.12048e+02	-7.09458e+02	
4324	6.456542e+08	-1.12048e+02	-7.09521e+02	
4325	6.493816e+08	-1.12048e+02	-7.09585e+02	
4326	6.531306e+08	-1.12048e+02	-7.09648e+02	
4327	6.569011e+08	-1.12048e+02	-7.09711e+02	
4328	6.606934e+08	-1.12048e+02	-7.09774e+02	
4329	6.645077e+08	-1.12048e+02	-7.09836e+02	
4330	6.683439e+08	-1.12048e+02	-7.09898e+02	
4331	6.722023e+08	-1.12048e+02	-7.09959e+02	
4332	6.760830e+08	-1.12048e+02	-7.10020e+02	
4333	6.799860e+08	-1.12048e+02	-7.10081e+02	
4334	6.839116e+08	-1.12048e+02	-7.10142e+02	
4335	6.878599e+08	-1.12048e+02	-7.10202e+02	
4336	6.918310e+08	-1.12048e+02	-7.10262e+02	
4337	6.958250e+08	-1.12048e+02	-7.10321e+02	
4338	6.998420e+08	-1.12048e+02	-7.10381e+02	
4339	7.038822e+08	-1.12048e+02	-7.10440e+02	
4340	7.079458e+08	-1.12048e+02	-7.10498e+02	
4341	7.120328e+08	-1.12047e+02	-7.10557e+02	
4342	7.161434e+08	-1.12047e+02	-7.10615e+02	
4343	7.202778e+08	-1.12047e+02	-7.10672e+02	
4344	7.244360e+08	-1.12047e+02	-7.10730e+02	
4345	7.286182e+08	-1.12047e+02	-7.10787e+02	
4346	7.328245e+08	-1.12047e+02	-7.10843e+02	

Index   frequency       tdb             tph             
--------------------------------------------------------------------------------
4347	7.370552e+08	-1.12047e+02	-7.10900e+02	
4348	7.413102e+08	-1.12047e+02	-7.10956e+02	
4349	7.455899e+08	-1.12047e+02	-7.11012e+02	
4350	7.498942e+08	-1.12047e+02	-7.11067e+02	
4351	7.542234e+08	-1.12047e+02	-7.11122e+02	
4352	7.585776e+08	-1.12047e+02	-7.11177e+02	
4353	7.629569e+08	-1.12047e+02	-7.11232e+02	
4354	7.673615e+08	-1.12047e+02	-7.11286e+02	
4355	7.717915e+08	-1.12047e+02	-7.11341e+02	
4356	7.762471e+08	-1.12047e+02	-7.11394e+02	
4357	7.807284e+08	-1.12047e+02	-7.11448e+02	
4358	7.852356e+08	-1.12047e+02	-7.11501e+02	
4359	7.897688e+08	-1.12047e+02	-7.11554e+02	
4360	7.943282e+08	-1.12047e+02	-7.11607e+02	
4361	7.989139e+08	-1.12047e+02	-7.11659e+02	
4362	8.035261e+08	-1.12047e+02	-7.11711e+02	
4363	8.081649e+08	-1.12047e+02	-7.11763e+02	
4364	8.128305e+08	-1.12047e+02	-7.11814e+02	
4365	8.175230e+08	-1.12047e+02	-7.11866e+02	
4366	8.222426e+08	-1.12047e+02	-7.11917e+02	
4367	8.269895e+08	-1.12047e+02	-7.11967e+02	
4368	8.317638e+08	-1.12046e+02	-7.12018e+02	
4369	8.365656e+08	-1.12046e+02	-7.12068e+02	
4370	8.413951e+08	-1.12046e+02	-7.12118e+02	
4371	8.462526e+08	-1.12046e+02	-7.12168e+02	
4372	8.511380e+08	-1.12046e+02	-7.12217e+02	
4373	8.560517e+08	-1.12046e+02	-7.12266e+02	
4374	8.609938e+08	-1.12046e+02	-7.12315e+02	
4375	8.659643e+08	-1.12046e+02	-7.12364e+02	
4376	8.709636e+08	-1.12046e+02	-7.12412e+02	
4377	8.759917e+08	-1.12046e+02	-7.12460e+02	
4378	8.810489e+08	-1.12046e+02	-7.12508e+02	
4379	8.861352e+08	-1.12046e+02	-7.12556e+02	
4380	8.912509e+08	-1.12046e+02	-7.12603e+02	
4381	8.963962e+08	-1.12046e+02	-7.12651e+02	
4382	9.015711e+08	-1.12046e+02	-7.12698e+02	
4383	9.067760e+08	-1.12046e+02	-7.12744e+02	
4384	9.120108e+08	-1.12046e+02	-7.12791e+02	
4385	9.172759e+08	-1.12046e+02	-7.12837e+02	
4386	9.225714e+08	-1.12046e+02	-7.12883e+02	
4387	9.278975e+08	-1.12046e+02	-7.12929e+02	
4388	9.332543e+08	-1.12046e+02	-7.12974e+02	
4389	9.386420e+08	-1.12046e+02	-7.13019e+02	
4390	9.440609e+08	-1.12046e+02	-7.13064e+02	
4391	9.495110e+08	-1.12046e+02	-7.13109e+02	
4392	9.549926e+08	-1.12046e+02	-7.13154e+02	
4393	9.605058e+08	-1.12046e+02	-7.13198e+02	
4394	9.660509e+08	-1.12046e+02	-7.13242e+02	
4395	9.716280e+08	-1.12046e+02	-7.13286e+02	
4396	9.772372e+08	-1.12046e+02	-7.13330e+02	
4397	9.828789e+08	-1.12046e+02	-7.13373e+02	
4398	9.885531e+08	-1.12046e+02	-7.13416e+02	
4399	9.942601e+08	-1.12046e+02	-7.13459e+02	
4400	1.000000e+09	-1.12046e+02	-7.13502e+02	
ROW iload_a=0.05 ceff_f=3.3e-07 esr_ohm=0.001 vout_v=1.7995 dcgain_db=138.536 f0_hz=779126 phase_at_f0_deg=-197.064 f180_hz=611425 gain_at_f180_db=3.90319 f0_rising_hz= resurgence_db=-0.938473
* SWEEP COMPLETE res_ss_-40c_2.97v
Note: Simulation executed from .control section 
Warning: m=xx on .subckt line will override multiplier m hierarchy!

Note: Starting dynamic gmin stepping
Note: Dynamic gmin stepping completed
Note: Starting dynamic gmin stepping
Note: Dynamic gmin stepping completed
Note: Starting dynamic gmin stepping
Note: Dynamic gmin stepping completed

Error: measure  f0r  when(WHEN) : out of interval
Error: &f0r: no such variable.
