* full loop-gain curve T(f) at the worst curve point of this record
* corner=res_ss_27c_2.97v iload=50mA ceff=0.33uF esr=1mohm
* the two printed columns after the frequency are |T| in dB and unwrapped phase(T) in degrees

Note: Compatibility modes selected: hs a


Circuit: * loop-stability -- tian dual-injection loop-gain testbench for ldo_core (issue #10)

* corner_id=res_ss_27c_2.97v corner=res_ss temp_c=27 vin_v=2.97
* ac sweep: dec 400 0.01 1e9 ; Tian dual injection at ERRAMP_OUT->PASS_GATE
* columns: ROW iload_a= ceff_f= esr_ohm= vout_v= dcgain_db= f0_hz= phase_at_f0_deg=
*          f180_hz= gain_at_f180_db= f0_rising_hz= resurgence_db=
* (phase margin = 180 + phase_at_f0_deg ; gain margin = -gain_at_f180_db ;
*  resurgence_db = max |T| in dB above the first 0 dB crossing, DR-0008 ;
*  an empty f180/gain field means the phase never reaches -180 deg in band)
* Fields are written key=value BECAUSE a failed meas leaves its value
* empty: with bare positional fields an empty one vanishes into the
* whitespace and every field after it is read as the wrong quantity.
Doing analysis at TEMP = 27.000000 and TNOM = 27.000000

Using SPARSE 1.3 as Direct Linear Solver
 Reference value :  0.00000e+00
No. of Data Rows : 1
Doing analysis at TEMP = 27.000000 and TNOM = 27.000000

Using SPARSE 1.3 as Direct Linear Solver

No. of Data Rows : 4401
Doing analysis at TEMP = 27.000000 and TNOM = 27.000000

Using SPARSE 1.3 as Direct Linear Solver
 Reference value :  1.00000e-02
No. of Data Rows : 4401
dcg                 =  1.36053e+02
f0                  =  1.55657e+06
phx                 =  -2.78862e+02
f180                =  5.48255e+05
gmx                 =  2.11472e+01
 meas ac f0r when tdb=0 rise=1 failed!

tres                =  -1.82976e-01 at=  1.56675e+06
* loop-stability -- tian dual-injection loop-gain testbench for ldo_core (issue #10)
AC Analysis  Sun Aug  2 13:43:01  2026
--------------------------------------------------------------------------------
Index   frequency       tdb             tph             
--------------------------------------------------------------------------------
0	1.000000e-02	1.360526e+02	-3.34505e-01	
1	1.005773e-02	1.360526e+02	-3.36436e-01	
2	1.011579e-02	1.360526e+02	-3.38378e-01	
3	1.017419e-02	1.360526e+02	-3.40332e-01	
4	1.023293e-02	1.360526e+02	-3.42297e-01	
5	1.029201e-02	1.360526e+02	-3.44273e-01	
6	1.035142e-02	1.360526e+02	-3.46260e-01	
7	1.041118e-02	1.360526e+02	-3.48259e-01	
8	1.047129e-02	1.360526e+02	-3.50270e-01	
9	1.053174e-02	1.360526e+02	-3.52292e-01	
10	1.059254e-02	1.360526e+02	-3.54325e-01	
11	1.065369e-02	1.360526e+02	-3.56371e-01	
12	1.071519e-02	1.360526e+02	-3.58428e-01	
13	1.077705e-02	1.360526e+02	-3.60497e-01	
14	1.083927e-02	1.360526e+02	-3.62578e-01	
15	1.090184e-02	1.360526e+02	-3.64672e-01	
16	1.096478e-02	1.360526e+02	-3.66777e-01	
17	1.102808e-02	1.360526e+02	-3.68894e-01	
18	1.109175e-02	1.360526e+02	-3.71024e-01	
19	1.115578e-02	1.360526e+02	-3.73166e-01	
20	1.122018e-02	1.360526e+02	-3.75320e-01	
21	1.128496e-02	1.360526e+02	-3.77487e-01	
22	1.135011e-02	1.360526e+02	-3.79666e-01	
23	1.141563e-02	1.360526e+02	-3.81857e-01	
24	1.148154e-02	1.360526e+02	-3.84062e-01	
25	1.154782e-02	1.360526e+02	-3.86279e-01	
26	1.161449e-02	1.360526e+02	-3.88509e-01	
27	1.168154e-02	1.360526e+02	-3.90752e-01	
28	1.174898e-02	1.360526e+02	-3.93008e-01	
29	1.181680e-02	1.360526e+02	-3.95276e-01	
30	1.188502e-02	1.360526e+02	-3.97558e-01	
31	1.195364e-02	1.360526e+02	-3.99853e-01	
32	1.202264e-02	1.360526e+02	-4.02162e-01	
33	1.209205e-02	1.360526e+02	-4.04483e-01	
34	1.216186e-02	1.360526e+02	-4.06818e-01	
35	1.223207e-02	1.360526e+02	-4.09167e-01	
36	1.230269e-02	1.360525e+02	-4.11529e-01	
37	1.237371e-02	1.360525e+02	-4.13905e-01	
38	1.244515e-02	1.360525e+02	-4.16294e-01	
39	1.251699e-02	1.360525e+02	-4.18697e-01	
40	1.258925e-02	1.360525e+02	-4.21114e-01	
41	1.266193e-02	1.360525e+02	-4.23545e-01	
42	1.273503e-02	1.360525e+02	-4.25990e-01	
43	1.280855e-02	1.360525e+02	-4.28450e-01	
44	1.288250e-02	1.360525e+02	-4.30923e-01	
45	1.295687e-02	1.360525e+02	-4.33411e-01	
46	1.303167e-02	1.360525e+02	-4.35913e-01	
47	1.310690e-02	1.360525e+02	-4.38429e-01	
48	1.318257e-02	1.360525e+02	-4.40960e-01	
49	1.325867e-02	1.360525e+02	-4.43506e-01	
50	1.333521e-02	1.360525e+02	-4.46066e-01	
51	1.341220e-02	1.360525e+02	-4.48641e-01	
52	1.348963e-02	1.360525e+02	-4.51231e-01	
53	1.356751e-02	1.360525e+02	-4.53836e-01	
54	1.364583e-02	1.360525e+02	-4.56456e-01	

Index   frequency       tdb             tph             
--------------------------------------------------------------------------------
55	1.372461e-02	1.360525e+02	-4.59091e-01	
56	1.380384e-02	1.360525e+02	-4.61741e-01	
57	1.388353e-02	1.360525e+02	-4.64406e-01	
58	1.396368e-02	1.360525e+02	-4.67087e-01	
59	1.404430e-02	1.360525e+02	-4.69784e-01	
60	1.412538e-02	1.360525e+02	-4.72496e-01	
61	1.420692e-02	1.360525e+02	-4.75223e-01	
62	1.428894e-02	1.360525e+02	-4.77967e-01	
63	1.437143e-02	1.360525e+02	-4.80726e-01	
64	1.445440e-02	1.360525e+02	-4.83501e-01	
65	1.453784e-02	1.360525e+02	-4.86292e-01	
66	1.462177e-02	1.360525e+02	-4.89099e-01	
67	1.470618e-02	1.360525e+02	-4.91923e-01	
68	1.479108e-02	1.360524e+02	-4.94763e-01	
69	1.487647e-02	1.360524e+02	-4.97619e-01	
70	1.496236e-02	1.360524e+02	-5.00491e-01	
71	1.504874e-02	1.360524e+02	-5.03381e-01	
72	1.513561e-02	1.360524e+02	-5.06287e-01	
73	1.522299e-02	1.360524e+02	-5.09209e-01	
74	1.531087e-02	1.360524e+02	-5.12149e-01	
75	1.539927e-02	1.360524e+02	-5.15105e-01	
76	1.548817e-02	1.360524e+02	-5.18079e-01	
77	1.557758e-02	1.360524e+02	-5.21070e-01	
78	1.566751e-02	1.360524e+02	-5.24078e-01	
79	1.575796e-02	1.360524e+02	-5.27103e-01	
80	1.584893e-02	1.360524e+02	-5.30146e-01	
81	1.594043e-02	1.360524e+02	-5.33206e-01	
82	1.603245e-02	1.360524e+02	-5.36284e-01	
83	1.612501e-02	1.360524e+02	-5.39380e-01	
84	1.621810e-02	1.360524e+02	-5.42494e-01	
85	1.631173e-02	1.360524e+02	-5.45625e-01	
86	1.640590e-02	1.360524e+02	-5.48775e-01	
87	1.650061e-02	1.360524e+02	-5.51943e-01	
88	1.659587e-02	1.360524e+02	-5.55129e-01	
89	1.669168e-02	1.360524e+02	-5.58334e-01	
90	1.678804e-02	1.360524e+02	-5.61557e-01	
91	1.688496e-02	1.360524e+02	-5.64799e-01	
92	1.698244e-02	1.360523e+02	-5.68059e-01	
93	1.708048e-02	1.360523e+02	-5.71338e-01	
94	1.717908e-02	1.360523e+02	-5.74636e-01	
95	1.727826e-02	1.360523e+02	-5.77954e-01	
96	1.737801e-02	1.360523e+02	-5.81290e-01	
97	1.747833e-02	1.360523e+02	-5.84646e-01	
98	1.757924e-02	1.360523e+02	-5.88021e-01	
99	1.768072e-02	1.360523e+02	-5.91415e-01	
100	1.778279e-02	1.360523e+02	-5.94829e-01	
101	1.788546e-02	1.360523e+02	-5.98263e-01	
102	1.798871e-02	1.360523e+02	-6.01716e-01	
103	1.809256e-02	1.360523e+02	-6.05190e-01	
104	1.819701e-02	1.360523e+02	-6.08683e-01	
105	1.830206e-02	1.360523e+02	-6.12197e-01	
106	1.840772e-02	1.360523e+02	-6.15731e-01	
107	1.851399e-02	1.360523e+02	-6.19285e-01	
108	1.862087e-02	1.360523e+02	-6.22860e-01	
109	1.872837e-02	1.360523e+02	-6.26456e-01	
110	1.883649e-02	1.360522e+02	-6.30072e-01	
111	1.894524e-02	1.360522e+02	-6.33709e-01	
112	1.905461e-02	1.360522e+02	-6.37367e-01	

Index   frequency       tdb             tph             
--------------------------------------------------------------------------------
113	1.916461e-02	1.360522e+02	-6.41047e-01	
114	1.927525e-02	1.360522e+02	-6.44747e-01	
115	1.938653e-02	1.360522e+02	-6.48469e-01	
116	1.949845e-02	1.360522e+02	-6.52212e-01	
117	1.961101e-02	1.360522e+02	-6.55977e-01	
118	1.972423e-02	1.360522e+02	-6.59764e-01	
119	1.983810e-02	1.360522e+02	-6.63572e-01	
120	1.995262e-02	1.360522e+02	-6.67403e-01	
121	2.006781e-02	1.360522e+02	-6.71256e-01	
122	2.018366e-02	1.360522e+02	-6.75130e-01	
123	2.030019e-02	1.360522e+02	-6.79028e-01	
124	2.041738e-02	1.360522e+02	-6.82947e-01	
125	2.053525e-02	1.360521e+02	-6.86890e-01	
126	2.065380e-02	1.360521e+02	-6.90855e-01	
127	2.077304e-02	1.360521e+02	-6.94843e-01	
128	2.089296e-02	1.360521e+02	-6.98854e-01	
129	2.101358e-02	1.360521e+02	-7.02888e-01	
130	2.113489e-02	1.360521e+02	-7.06945e-01	
131	2.125690e-02	1.360521e+02	-7.11026e-01	
132	2.137962e-02	1.360521e+02	-7.15130e-01	
133	2.150305e-02	1.360521e+02	-7.19258e-01	
134	2.162719e-02	1.360521e+02	-7.23410e-01	
135	2.175204e-02	1.360521e+02	-7.27586e-01	
136	2.187762e-02	1.360521e+02	-7.31786e-01	
137	2.200392e-02	1.360521e+02	-7.36010e-01	
138	2.213095e-02	1.360520e+02	-7.40259e-01	
139	2.225871e-02	1.360520e+02	-7.44532e-01	
140	2.238721e-02	1.360520e+02	-7.48830e-01	
141	2.251645e-02	1.360520e+02	-7.53152e-01	
142	2.264644e-02	1.360520e+02	-7.57500e-01	
143	2.277718e-02	1.360520e+02	-7.61872e-01	
144	2.290868e-02	1.360520e+02	-7.66270e-01	
145	2.304093e-02	1.360520e+02	-7.70693e-01	
146	2.317395e-02	1.360520e+02	-7.75142e-01	
147	2.330773e-02	1.360520e+02	-7.79616e-01	
148	2.344229e-02	1.360520e+02	-7.84117e-01	
149	2.357762e-02	1.360519e+02	-7.88643e-01	
150	2.371374e-02	1.360519e+02	-7.93195e-01	
151	2.385064e-02	1.360519e+02	-7.97774e-01	
152	2.398833e-02	1.360519e+02	-8.02379e-01	
153	2.412682e-02	1.360519e+02	-8.07010e-01	
154	2.426610e-02	1.360519e+02	-8.11669e-01	
155	2.440619e-02	1.360519e+02	-8.16354e-01	
156	2.454709e-02	1.360519e+02	-8.21066e-01	
157	2.468880e-02	1.360519e+02	-8.25805e-01	
158	2.483133e-02	1.360519e+02	-8.30572e-01	
159	2.497468e-02	1.360518e+02	-8.35366e-01	
160	2.511886e-02	1.360518e+02	-8.40188e-01	
161	2.526388e-02	1.360518e+02	-8.45038e-01	
162	2.540973e-02	1.360518e+02	-8.49916e-01	
163	2.555642e-02	1.360518e+02	-8.54822e-01	
164	2.570396e-02	1.360518e+02	-8.59756e-01	
165	2.585235e-02	1.360518e+02	-8.64719e-01	
166	2.600160e-02	1.360518e+02	-8.69710e-01	
167	2.615170e-02	1.360518e+02	-8.74730e-01	
168	2.630268e-02	1.360517e+02	-8.79779e-01	
169	2.645453e-02	1.360517e+02	-8.84857e-01	
170	2.660725e-02	1.360517e+02	-8.89965e-01	

Index   frequency       tdb             tph             
--------------------------------------------------------------------------------
171	2.676086e-02	1.360517e+02	-8.95102e-01	
172	2.691535e-02	1.360517e+02	-9.00268e-01	
173	2.707073e-02	1.360517e+02	-9.05465e-01	
174	2.722701e-02	1.360517e+02	-9.10691e-01	
175	2.738420e-02	1.360517e+02	-9.15948e-01	
176	2.754229e-02	1.360517e+02	-9.21235e-01	
177	2.770129e-02	1.360516e+02	-9.26552e-01	
178	2.786121e-02	1.360516e+02	-9.31900e-01	
179	2.802206e-02	1.360516e+02	-9.37279e-01	
180	2.818383e-02	1.360516e+02	-9.42689e-01	
181	2.834654e-02	1.360516e+02	-9.48131e-01	
182	2.851018e-02	1.360516e+02	-9.53603e-01	
183	2.867477e-02	1.360516e+02	-9.59107e-01	
184	2.884032e-02	1.360515e+02	-9.64643e-01	
185	2.900681e-02	1.360515e+02	-9.70211e-01	
186	2.917427e-02	1.360515e+02	-9.75811e-01	
187	2.934270e-02	1.360515e+02	-9.81443e-01	
188	2.951209e-02	1.360515e+02	-9.87108e-01	
189	2.968247e-02	1.360515e+02	-9.92806e-01	
190	2.985383e-02	1.360515e+02	-9.98536e-01	
191	3.002617e-02	1.360514e+02	-1.00430e+00	
192	3.019952e-02	1.360514e+02	-1.01010e+00	
193	3.037386e-02	1.360514e+02	-1.01593e+00	
194	3.054921e-02	1.360514e+02	-1.02179e+00	
195	3.072557e-02	1.360514e+02	-1.02769e+00	
196	3.090295e-02	1.360514e+02	-1.03362e+00	
197	3.108136e-02	1.360513e+02	-1.03959e+00	
198	3.126079e-02	1.360513e+02	-1.04559e+00	
199	3.144126e-02	1.360513e+02	-1.05162e+00	
200	3.162278e-02	1.360513e+02	-1.05769e+00	
201	3.180534e-02	1.360513e+02	-1.06379e+00	
202	3.198895e-02	1.360513e+02	-1.06993e+00	
203	3.217363e-02	1.360512e+02	-1.07611e+00	
204	3.235937e-02	1.360512e+02	-1.08232e+00	
205	3.254618e-02	1.360512e+02	-1.08857e+00	
206	3.273407e-02	1.360512e+02	-1.09485e+00	
207	3.292305e-02	1.360512e+02	-1.10117e+00	
208	3.311311e-02	1.360512e+02	-1.10753e+00	
209	3.330428e-02	1.360511e+02	-1.11392e+00	
210	3.349654e-02	1.360511e+02	-1.12035e+00	
211	3.368992e-02	1.360511e+02	-1.12681e+00	
212	3.388442e-02	1.360511e+02	-1.13332e+00	
213	3.408003e-02	1.360511e+02	-1.13986e+00	
214	3.427678e-02	1.360510e+02	-1.14644e+00	
215	3.447466e-02	1.360510e+02	-1.15305e+00	
216	3.467369e-02	1.360510e+02	-1.15971e+00	
217	3.487386e-02	1.360510e+02	-1.16640e+00	
218	3.507519e-02	1.360510e+02	-1.17313e+00	
219	3.527768e-02	1.360509e+02	-1.17990e+00	
220	3.548134e-02	1.360509e+02	-1.18671e+00	
221	3.568617e-02	1.360509e+02	-1.19356e+00	
222	3.589219e-02	1.360509e+02	-1.20045e+00	
223	3.609940e-02	1.360508e+02	-1.20738e+00	
224	3.630781e-02	1.360508e+02	-1.21435e+00	
225	3.651741e-02	1.360508e+02	-1.22136e+00	
226	3.672823e-02	1.360508e+02	-1.22840e+00	
227	3.694026e-02	1.360508e+02	-1.23549e+00	
228	3.715352e-02	1.360507e+02	-1.24262e+00	

Index   frequency       tdb             tph             
--------------------------------------------------------------------------------
229	3.736801e-02	1.360507e+02	-1.24980e+00	
230	3.758374e-02	1.360507e+02	-1.25701e+00	
231	3.780071e-02	1.360507e+02	-1.26426e+00	
232	3.801894e-02	1.360506e+02	-1.27156e+00	
233	3.823843e-02	1.360506e+02	-1.27890e+00	
234	3.845918e-02	1.360506e+02	-1.28628e+00	
235	3.868121e-02	1.360506e+02	-1.29370e+00	
236	3.890451e-02	1.360505e+02	-1.30117e+00	
237	3.912911e-02	1.360505e+02	-1.30868e+00	
238	3.935501e-02	1.360505e+02	-1.31623e+00	
239	3.958221e-02	1.360505e+02	-1.32382e+00	
240	3.981072e-02	1.360504e+02	-1.33146e+00	
241	4.004055e-02	1.360504e+02	-1.33915e+00	
242	4.027170e-02	1.360504e+02	-1.34688e+00	
243	4.050419e-02	1.360503e+02	-1.35465e+00	
244	4.073803e-02	1.360503e+02	-1.36247e+00	
245	4.097321e-02	1.360503e+02	-1.37033e+00	
246	4.120975e-02	1.360503e+02	-1.37824e+00	
247	4.144766e-02	1.360502e+02	-1.38619e+00	
248	4.168694e-02	1.360502e+02	-1.39419e+00	
249	4.192760e-02	1.360502e+02	-1.40224e+00	
250	4.216965e-02	1.360501e+02	-1.41033e+00	
251	4.241310e-02	1.360501e+02	-1.41847e+00	
252	4.265795e-02	1.360501e+02	-1.42665e+00	
253	4.290422e-02	1.360500e+02	-1.43488e+00	
254	4.315191e-02	1.360500e+02	-1.44316e+00	
255	4.340103e-02	1.360500e+02	-1.45149e+00	
256	4.365158e-02	1.360500e+02	-1.45987e+00	
257	4.390359e-02	1.360499e+02	-1.46829e+00	
258	4.415704e-02	1.360499e+02	-1.47677e+00	
259	4.441197e-02	1.360499e+02	-1.48529e+00	
260	4.466836e-02	1.360498e+02	-1.49386e+00	
261	4.492623e-02	1.360498e+02	-1.50248e+00	
262	4.518559e-02	1.360498e+02	-1.51115e+00	
263	4.544645e-02	1.360497e+02	-1.51987e+00	
264	4.570882e-02	1.360497e+02	-1.52864e+00	
265	4.597270e-02	1.360496e+02	-1.53746e+00	
266	4.623810e-02	1.360496e+02	-1.54633e+00	
267	4.650504e-02	1.360496e+02	-1.55525e+00	
268	4.677351e-02	1.360495e+02	-1.56423e+00	
269	4.704354e-02	1.360495e+02	-1.57325e+00	
270	4.731513e-02	1.360495e+02	-1.58233e+00	
271	4.758828e-02	1.360494e+02	-1.59146e+00	
272	4.786301e-02	1.360494e+02	-1.60064e+00	
273	4.813933e-02	1.360493e+02	-1.60988e+00	
274	4.841724e-02	1.360493e+02	-1.61917e+00	
275	4.869675e-02	1.360493e+02	-1.62851e+00	
276	4.897788e-02	1.360492e+02	-1.63791e+00	
277	4.926063e-02	1.360492e+02	-1.64736e+00	
278	4.954502e-02	1.360491e+02	-1.65686e+00	
279	4.983105e-02	1.360491e+02	-1.66642e+00	
280	5.011872e-02	1.360491e+02	-1.67604e+00	
281	5.040806e-02	1.360490e+02	-1.68571e+00	
282	5.069907e-02	1.360490e+02	-1.69543e+00	
283	5.099176e-02	1.360489e+02	-1.70522e+00	
284	5.128614e-02	1.360489e+02	-1.71506e+00	
285	5.158222e-02	1.360488e+02	-1.72495e+00	
286	5.188000e-02	1.360488e+02	-1.73490e+00	

Index   frequency       tdb             tph             
--------------------------------------------------------------------------------
287	5.217951e-02	1.360487e+02	-1.74491e+00	
288	5.248075e-02	1.360487e+02	-1.75498e+00	
289	5.278372e-02	1.360487e+02	-1.76510e+00	
290	5.308844e-02	1.360486e+02	-1.77529e+00	
291	5.339493e-02	1.360486e+02	-1.78553e+00	
292	5.370318e-02	1.360485e+02	-1.79583e+00	
293	5.401321e-02	1.360485e+02	-1.80619e+00	
294	5.432503e-02	1.360484e+02	-1.81661e+00	
295	5.463865e-02	1.360484e+02	-1.82709e+00	
296	5.495409e-02	1.360483e+02	-1.83763e+00	
297	5.527134e-02	1.360483e+02	-1.84823e+00	
298	5.559043e-02	1.360482e+02	-1.85890e+00	
299	5.591135e-02	1.360481e+02	-1.86962e+00	
300	5.623413e-02	1.360481e+02	-1.88041e+00	
301	5.655878e-02	1.360480e+02	-1.89125e+00	
302	5.688529e-02	1.360480e+02	-1.90217e+00	
303	5.721370e-02	1.360479e+02	-1.91314e+00	
304	5.754399e-02	1.360479e+02	-1.92417e+00	
305	5.787620e-02	1.360478e+02	-1.93527e+00	
306	5.821032e-02	1.360478e+02	-1.94644e+00	
307	5.854637e-02	1.360477e+02	-1.95767e+00	
308	5.888437e-02	1.360476e+02	-1.96896e+00	
309	5.922431e-02	1.360476e+02	-1.98032e+00	
310	5.956621e-02	1.360475e+02	-1.99174e+00	
311	5.991009e-02	1.360475e+02	-2.00323e+00	
312	6.025596e-02	1.360474e+02	-2.01479e+00	
313	6.060382e-02	1.360473e+02	-2.02641e+00	
314	6.095369e-02	1.360473e+02	-2.03810e+00	
315	6.130558e-02	1.360472e+02	-2.04985e+00	
316	6.165950e-02	1.360472e+02	-2.06168e+00	
317	6.201546e-02	1.360471e+02	-2.07357e+00	
318	6.237348e-02	1.360470e+02	-2.08553e+00	
319	6.273357e-02	1.360470e+02	-2.09756e+00	
320	6.309573e-02	1.360469e+02	-2.10966e+00	
321	6.345999e-02	1.360468e+02	-2.12182e+00	
322	6.382635e-02	1.360467e+02	-2.13406e+00	
323	6.419482e-02	1.360467e+02	-2.14637e+00	
324	6.456542e-02	1.360466e+02	-2.15875e+00	
325	6.493816e-02	1.360465e+02	-2.17120e+00	
326	6.531306e-02	1.360465e+02	-2.18372e+00	
327	6.569011e-02	1.360464e+02	-2.19632e+00	
328	6.606934e-02	1.360463e+02	-2.20898e+00	
329	6.645077e-02	1.360462e+02	-2.22172e+00	
330	6.683439e-02	1.360462e+02	-2.23454e+00	
331	6.722023e-02	1.360461e+02	-2.24742e+00	
332	6.760830e-02	1.360460e+02	-2.26039e+00	
333	6.799860e-02	1.360459e+02	-2.27342e+00	
334	6.839116e-02	1.360459e+02	-2.28653e+00	
335	6.878599e-02	1.360458e+02	-2.29972e+00	
336	6.918310e-02	1.360457e+02	-2.31298e+00	
337	6.958250e-02	1.360456e+02	-2.32632e+00	
338	6.998420e-02	1.360455e+02	-2.33973e+00	
339	7.038822e-02	1.360454e+02	-2.35323e+00	
340	7.079458e-02	1.360454e+02	-2.36680e+00	
341	7.120328e-02	1.360453e+02	-2.38044e+00	
342	7.161434e-02	1.360452e+02	-2.39417e+00	
343	7.202778e-02	1.360451e+02	-2.40798e+00	
344	7.244360e-02	1.360450e+02	-2.42186e+00	

Index   frequency       tdb             tph             
--------------------------------------------------------------------------------
345	7.286182e-02	1.360449e+02	-2.43583e+00	
346	7.328245e-02	1.360448e+02	-2.44987e+00	
347	7.370552e-02	1.360447e+02	-2.46400e+00	
348	7.413102e-02	1.360446e+02	-2.47820e+00	
349	7.455899e-02	1.360446e+02	-2.49249e+00	
350	7.498942e-02	1.360445e+02	-2.50686e+00	
351	7.542234e-02	1.360444e+02	-2.52132e+00	
352	7.585776e-02	1.360443e+02	-2.53585e+00	
353	7.629569e-02	1.360442e+02	-2.55047e+00	
354	7.673615e-02	1.360441e+02	-2.56518e+00	
355	7.717915e-02	1.360440e+02	-2.57997e+00	
356	7.762471e-02	1.360439e+02	-2.59484e+00	
357	7.807284e-02	1.360438e+02	-2.60980e+00	
358	7.852356e-02	1.360437e+02	-2.62485e+00	
359	7.897688e-02	1.360436e+02	-2.63998e+00	
360	7.943282e-02	1.360434e+02	-2.65520e+00	
361	7.989139e-02	1.360433e+02	-2.67050e+00	
362	8.035261e-02	1.360432e+02	-2.68590e+00	
363	8.081649e-02	1.360431e+02	-2.70138e+00	
364	8.128305e-02	1.360430e+02	-2.71695e+00	
365	8.175230e-02	1.360429e+02	-2.73262e+00	
366	8.222426e-02	1.360428e+02	-2.74837e+00	
367	8.269895e-02	1.360427e+02	-2.76421e+00	
368	8.317638e-02	1.360425e+02	-2.78014e+00	
369	8.365656e-02	1.360424e+02	-2.79617e+00	
370	8.413951e-02	1.360423e+02	-2.81228e+00	
371	8.462526e-02	1.360422e+02	-2.82849e+00	
372	8.511380e-02	1.360421e+02	-2.84479e+00	
373	8.560517e-02	1.360419e+02	-2.86119e+00	
374	8.609938e-02	1.360418e+02	-2.87768e+00	
375	8.659643e-02	1.360417e+02	-2.89427e+00	
376	8.709636e-02	1.360416e+02	-2.91095e+00	
377	8.759917e-02	1.360414e+02	-2.92772e+00	
378	8.810489e-02	1.360413e+02	-2.94459e+00	
379	8.861352e-02	1.360412e+02	-2.96156e+00	
380	8.912509e-02	1.360410e+02	-2.97863e+00	
381	8.963962e-02	1.360409e+02	-2.99579e+00	
382	9.015711e-02	1.360408e+02	-3.01306e+00	
383	9.067760e-02	1.360406e+02	-3.03042e+00	
384	9.120108e-02	1.360405e+02	-3.04788e+00	
385	9.172759e-02	1.360403e+02	-3.06544e+00	
386	9.225714e-02	1.360402e+02	-3.08311e+00	
387	9.278975e-02	1.360401e+02	-3.10087e+00	
388	9.332543e-02	1.360399e+02	-3.11874e+00	
389	9.386420e-02	1.360398e+02	-3.13671e+00	
390	9.440609e-02	1.360396e+02	-3.15478e+00	
391	9.495110e-02	1.360395e+02	-3.17295e+00	
392	9.549926e-02	1.360393e+02	-3.19123e+00	
393	9.605058e-02	1.360391e+02	-3.20962e+00	
394	9.660509e-02	1.360390e+02	-3.22811e+00	
395	9.716280e-02	1.360388e+02	-3.24671e+00	
396	9.772372e-02	1.360387e+02	-3.26541e+00	
397	9.828789e-02	1.360385e+02	-3.28422e+00	
398	9.885531e-02	1.360383e+02	-3.30314e+00	
399	9.942601e-02	1.360382e+02	-3.32216e+00	
400	1.000000e-01	1.360380e+02	-3.34130e+00	
401	1.005773e-01	1.360378e+02	-3.36054e+00	
402	1.011579e-01	1.360377e+02	-3.37990e+00	

Index   frequency       tdb             tph             
--------------------------------------------------------------------------------
403	1.017419e-01	1.360375e+02	-3.39937e+00	
404	1.023293e-01	1.360373e+02	-3.41895e+00	
405	1.029201e-01	1.360371e+02	-3.43864e+00	
406	1.035142e-01	1.360369e+02	-3.45844e+00	
407	1.041118e-01	1.360368e+02	-3.47836e+00	
408	1.047129e-01	1.360366e+02	-3.49839e+00	
409	1.053174e-01	1.360364e+02	-3.51853e+00	
410	1.059254e-01	1.360362e+02	-3.53879e+00	
411	1.065369e-01	1.360360e+02	-3.55917e+00	
412	1.071519e-01	1.360358e+02	-3.57967e+00	
413	1.077705e-01	1.360356e+02	-3.60028e+00	
414	1.083927e-01	1.360354e+02	-3.62101e+00	
415	1.090184e-01	1.360352e+02	-3.64186e+00	
416	1.096478e-01	1.360350e+02	-3.66282e+00	
417	1.102808e-01	1.360348e+02	-3.68391e+00	
418	1.109175e-01	1.360346e+02	-3.70512e+00	
419	1.115578e-01	1.360344e+02	-3.72645e+00	
420	1.122018e-01	1.360342e+02	-3.74790e+00	
421	1.128496e-01	1.360340e+02	-3.76948e+00	
422	1.135011e-01	1.360338e+02	-3.79117e+00	
423	1.141563e-01	1.360335e+02	-3.81300e+00	
424	1.148154e-01	1.360333e+02	-3.83494e+00	
425	1.154782e-01	1.360331e+02	-3.85702e+00	
426	1.161449e-01	1.360329e+02	-3.87921e+00	
427	1.168154e-01	1.360326e+02	-3.90154e+00	
428	1.174898e-01	1.360324e+02	-3.92399e+00	
429	1.181680e-01	1.360322e+02	-3.94658e+00	
430	1.188502e-01	1.360319e+02	-3.96929e+00	
431	1.195364e-01	1.360317e+02	-3.99213e+00	
432	1.202264e-01	1.360314e+02	-4.01510e+00	
433	1.209205e-01	1.360312e+02	-4.03820e+00	
434	1.216186e-01	1.360309e+02	-4.06144e+00	
435	1.223207e-01	1.360307e+02	-4.08481e+00	
436	1.230269e-01	1.360304e+02	-4.10831e+00	
437	1.237371e-01	1.360302e+02	-4.13194e+00	
438	1.244515e-01	1.360299e+02	-4.15571e+00	
439	1.251699e-01	1.360297e+02	-4.17962e+00	
440	1.258925e-01	1.360294e+02	-4.20366e+00	
441	1.266193e-01	1.360291e+02	-4.22784e+00	
442	1.273503e-01	1.360288e+02	-4.25216e+00	
443	1.280855e-01	1.360286e+02	-4.27662e+00	
444	1.288250e-01	1.360283e+02	-4.30122e+00	
445	1.295687e-01	1.360280e+02	-4.32595e+00	
446	1.303167e-01	1.360277e+02	-4.35083e+00	
447	1.310690e-01	1.360274e+02	-4.37585e+00	
448	1.318257e-01	1.360271e+02	-4.40102e+00	
449	1.325867e-01	1.360268e+02	-4.42632e+00	
450	1.333521e-01	1.360265e+02	-4.45177e+00	
451	1.341220e-01	1.360262e+02	-4.47737e+00	
452	1.348963e-01	1.360259e+02	-4.50311e+00	
453	1.356751e-01	1.360256e+02	-4.52900e+00	
454	1.364583e-01	1.360253e+02	-4.55504e+00	
455	1.372461e-01	1.360250e+02	-4.58122e+00	
456	1.380384e-01	1.360247e+02	-4.60756e+00	
457	1.388353e-01	1.360243e+02	-4.63404e+00	
458	1.396368e-01	1.360240e+02	-4.66068e+00	
459	1.404430e-01	1.360237e+02	-4.68746e+00	
460	1.412538e-01	1.360233e+02	-4.71440e+00	

Index   frequency       tdb             tph             
--------------------------------------------------------------------------------
461	1.420692e-01	1.360230e+02	-4.74150e+00	
462	1.428894e-01	1.360227e+02	-4.76874e+00	
463	1.437143e-01	1.360223e+02	-4.79615e+00	
464	1.445440e-01	1.360220e+02	-4.82370e+00	
465	1.453784e-01	1.360216e+02	-4.85142e+00	
466	1.462177e-01	1.360213e+02	-4.87929e+00	
467	1.470618e-01	1.360209e+02	-4.90732e+00	
468	1.479108e-01	1.360205e+02	-4.93551e+00	
469	1.487647e-01	1.360201e+02	-4.96386e+00	
470	1.496236e-01	1.360198e+02	-4.99238e+00	
471	1.504874e-01	1.360194e+02	-5.02105e+00	
472	1.513561e-01	1.360190e+02	-5.04989e+00	
473	1.522299e-01	1.360186e+02	-5.07889e+00	
474	1.531087e-01	1.360182e+02	-5.10806e+00	
475	1.539927e-01	1.360178e+02	-5.13739e+00	
476	1.548817e-01	1.360174e+02	-5.16689e+00	
477	1.557758e-01	1.360170e+02	-5.19655e+00	
478	1.566751e-01	1.360166e+02	-5.22639e+00	
479	1.575796e-01	1.360162e+02	-5.25639e+00	
480	1.584893e-01	1.360158e+02	-5.28657e+00	
481	1.594043e-01	1.360153e+02	-5.31691e+00	
482	1.603245e-01	1.360149e+02	-5.34743e+00	
483	1.612501e-01	1.360145e+02	-5.37812e+00	
484	1.621810e-01	1.360140e+02	-5.40898e+00	
485	1.631173e-01	1.360136e+02	-5.44002e+00	
486	1.640590e-01	1.360131e+02	-5.47124e+00	
487	1.650061e-01	1.360127e+02	-5.50263e+00	
488	1.659587e-01	1.360122e+02	-5.53420e+00	
489	1.669168e-01	1.360117e+02	-5.56595e+00	
490	1.678804e-01	1.360113e+02	-5.59788e+00	
491	1.688496e-01	1.360108e+02	-5.62999e+00	
492	1.698244e-01	1.360103e+02	-5.66228e+00	
493	1.708048e-01	1.360098e+02	-5.69476e+00	
494	1.717908e-01	1.360093e+02	-5.72742e+00	
495	1.727826e-01	1.360088e+02	-5.76026e+00	
496	1.737801e-01	1.360083e+02	-5.79329e+00	
497	1.747833e-01	1.360078e+02	-5.82650e+00	
498	1.757924e-01	1.360073e+02	-5.85991e+00	
499	1.768072e-01	1.360068e+02	-5.89350e+00	
500	1.778279e-01	1.360062e+02	-5.92728e+00	
501	1.788546e-01	1.360057e+02	-5.96125e+00	
502	1.798871e-01	1.360052e+02	-5.99542e+00	
503	1.809256e-01	1.360046e+02	-6.02978e+00	
504	1.819701e-01	1.360040e+02	-6.06433e+00	
505	1.830206e-01	1.360035e+02	-6.09908e+00	
506	1.840772e-01	1.360029e+02	-6.13402e+00	
507	1.851399e-01	1.360023e+02	-6.16916e+00	
508	1.862087e-01	1.360018e+02	-6.20450e+00	
509	1.872837e-01	1.360012e+02	-6.24003e+00	
510	1.883649e-01	1.360006e+02	-6.27577e+00	
511	1.894524e-01	1.360000e+02	-6.31171e+00	
512	1.905461e-01	1.359994e+02	-6.34785e+00	
513	1.916461e-01	1.359988e+02	-6.38420e+00	
514	1.927525e-01	1.359981e+02	-6.42075e+00	
515	1.938653e-01	1.359975e+02	-6.45750e+00	
516	1.949845e-01	1.359969e+02	-6.49446e+00	
517	1.961101e-01	1.359962e+02	-6.53163e+00	
518	1.972423e-01	1.359956e+02	-6.56901e+00	

Index   frequency       tdb             tph             
--------------------------------------------------------------------------------
519	1.983810e-01	1.359949e+02	-6.60660e+00	
520	1.995262e-01	1.359943e+02	-6.64440e+00	
521	2.006781e-01	1.359936e+02	-6.68242e+00	
522	2.018366e-01	1.359929e+02	-6.72064e+00	
523	2.030019e-01	1.359922e+02	-6.75908e+00	
524	2.041738e-01	1.359915e+02	-6.79774e+00	
525	2.053525e-01	1.359908e+02	-6.83661e+00	
526	2.065380e-01	1.359901e+02	-6.87571e+00	
527	2.077304e-01	1.359894e+02	-6.91502e+00	
528	2.089296e-01	1.359887e+02	-6.95455e+00	
529	2.101358e-01	1.359879e+02	-6.99430e+00	
530	2.113489e-01	1.359872e+02	-7.03428e+00	
531	2.125690e-01	1.359864e+02	-7.07448e+00	
532	2.137962e-01	1.359857e+02	-7.11490e+00	
533	2.150305e-01	1.359849e+02	-7.15555e+00	
534	2.162719e-01	1.359841e+02	-7.19643e+00	
535	2.175204e-01	1.359833e+02	-7.23753e+00	
536	2.187762e-01	1.359825e+02	-7.27887e+00	
537	2.200392e-01	1.359817e+02	-7.32044e+00	
538	2.213095e-01	1.359809e+02	-7.36224e+00	
539	2.225871e-01	1.359801e+02	-7.40427e+00	
540	2.238721e-01	1.359792e+02	-7.44654e+00	
541	2.251645e-01	1.359784e+02	-7.48904e+00	
542	2.264644e-01	1.359775e+02	-7.53178e+00	
543	2.277718e-01	1.359767e+02	-7.57476e+00	
544	2.290868e-01	1.359758e+02	-7.61798e+00	
545	2.304093e-01	1.359749e+02	-7.66143e+00	
546	2.317395e-01	1.359740e+02	-7.70513e+00	
547	2.330773e-01	1.359731e+02	-7.74908e+00	
548	2.344229e-01	1.359722e+02	-7.79327e+00	
549	2.357762e-01	1.359713e+02	-7.83770e+00	
550	2.371374e-01	1.359703e+02	-7.88238e+00	
551	2.385064e-01	1.359694e+02	-7.92731e+00	
552	2.398833e-01	1.359684e+02	-7.97249e+00	
553	2.412682e-01	1.359675e+02	-8.01792e+00	
554	2.426610e-01	1.359665e+02	-8.06360e+00	
555	2.440619e-01	1.359655e+02	-8.10953e+00	
556	2.454709e-01	1.359645e+02	-8.15572e+00	
557	2.468880e-01	1.359635e+02	-8.20217e+00	
558	2.483133e-01	1.359625e+02	-8.24887e+00	
559	2.497468e-01	1.359614e+02	-8.29583e+00	
560	2.511886e-01	1.359604e+02	-8.34305e+00	
561	2.526388e-01	1.359593e+02	-8.39053e+00	
562	2.540973e-01	1.359583e+02	-8.43828e+00	
563	2.555642e-01	1.359572e+02	-8.48628e+00	
564	2.570396e-01	1.359561e+02	-8.53456e+00	
565	2.585235e-01	1.359550e+02	-8.58310e+00	
566	2.600160e-01	1.359539e+02	-8.63190e+00	
567	2.615170e-01	1.359527e+02	-8.68098e+00	
568	2.630268e-01	1.359516e+02	-8.73033e+00	
569	2.645453e-01	1.359504e+02	-8.77994e+00	
570	2.660725e-01	1.359493e+02	-8.82984e+00	
571	2.676086e-01	1.359481e+02	-8.88000e+00	
572	2.691535e-01	1.359469e+02	-8.93044e+00	
573	2.707073e-01	1.359457e+02	-8.98116e+00	
574	2.722701e-01	1.359444e+02	-9.03216e+00	
575	2.738420e-01	1.359432e+02	-9.08343e+00	
576	2.754229e-01	1.359420e+02	-9.13499e+00	

Index   frequency       tdb             tph             
--------------------------------------------------------------------------------
577	2.770129e-01	1.359407e+02	-9.18683e+00	
578	2.786121e-01	1.359394e+02	-9.23896e+00	
579	2.802206e-01	1.359381e+02	-9.29137e+00	
580	2.818383e-01	1.359368e+02	-9.34407e+00	
581	2.834654e-01	1.359355e+02	-9.39705e+00	
582	2.851018e-01	1.359341e+02	-9.45032e+00	
583	2.867477e-01	1.359328e+02	-9.50389e+00	
584	2.884032e-01	1.359314e+02	-9.55775e+00	
585	2.900681e-01	1.359300e+02	-9.61190e+00	
586	2.917427e-01	1.359286e+02	-9.66635e+00	
587	2.934270e-01	1.359272e+02	-9.72109e+00	
588	2.951209e-01	1.359258e+02	-9.77613e+00	
589	2.968247e-01	1.359243e+02	-9.83147e+00	
590	2.985383e-01	1.359229e+02	-9.88711e+00	
591	3.002617e-01	1.359214e+02	-9.94306e+00	
592	3.019952e-01	1.359199e+02	-9.99930e+00	
593	3.037386e-01	1.359184e+02	-1.00559e+01	
594	3.054921e-01	1.359168e+02	-1.01127e+01	
595	3.072557e-01	1.359153e+02	-1.01699e+01	
596	3.090295e-01	1.359137e+02	-1.02274e+01	
597	3.108136e-01	1.359121e+02	-1.02851e+01	
598	3.126079e-01	1.359105e+02	-1.03432e+01	
599	3.144126e-01	1.359089e+02	-1.04017e+01	
600	3.162278e-01	1.359073e+02	-1.04604e+01	
601	3.180534e-01	1.359056e+02	-1.05194e+01	
602	3.198895e-01	1.359039e+02	-1.05788e+01	
603	3.217363e-01	1.359022e+02	-1.06385e+01	
604	3.235937e-01	1.359005e+02	-1.06985e+01	
605	3.254618e-01	1.358988e+02	-1.07588e+01	
606	3.273407e-01	1.358970e+02	-1.08195e+01	
607	3.292305e-01	1.358953e+02	-1.08804e+01	
608	3.311311e-01	1.358935e+02	-1.09417e+01	
609	3.330428e-01	1.358917e+02	-1.10034e+01	
610	3.349654e-01	1.358898e+02	-1.10653e+01	
611	3.368992e-01	1.358880e+02	-1.11276e+01	
612	3.388442e-01	1.358861e+02	-1.11902e+01	
613	3.408003e-01	1.358842e+02	-1.12532e+01	
614	3.427678e-01	1.358823e+02	-1.13165e+01	
615	3.447466e-01	1.358804e+02	-1.13801e+01	
616	3.467369e-01	1.358784e+02	-1.14441e+01	
617	3.487386e-01	1.358764e+02	-1.15084e+01	
618	3.507519e-01	1.358744e+02	-1.15731e+01	
619	3.527768e-01	1.358724e+02	-1.16381e+01	
620	3.548134e-01	1.358704e+02	-1.17034e+01	
621	3.568617e-01	1.358683e+02	-1.17691e+01	
622	3.589219e-01	1.358662e+02	-1.18351e+01	
623	3.609940e-01	1.358641e+02	-1.19015e+01	
624	3.630781e-01	1.358620e+02	-1.19682e+01	
625	3.651741e-01	1.358598e+02	-1.20353e+01	
626	3.672823e-01	1.358576e+02	-1.21028e+01	
627	3.694026e-01	1.358554e+02	-1.21706e+01	
628	3.715352e-01	1.358532e+02	-1.22387e+01	
629	3.736801e-01	1.358509e+02	-1.23072e+01	
630	3.758374e-01	1.358486e+02	-1.23761e+01	
631	3.780071e-01	1.358463e+02	-1.24453e+01	
632	3.801894e-01	1.358440e+02	-1.25149e+01	
633	3.823843e-01	1.358416e+02	-1.25849e+01	
634	3.845918e-01	1.358392e+02	-1.26552e+01	

Index   frequency       tdb             tph             
--------------------------------------------------------------------------------
635	3.868121e-01	1.358368e+02	-1.27259e+01	
636	3.890451e-01	1.358344e+02	-1.27969e+01	
637	3.912911e-01	1.358319e+02	-1.28684e+01	
638	3.935501e-01	1.358294e+02	-1.29401e+01	
639	3.958221e-01	1.358269e+02	-1.30123e+01	
640	3.981072e-01	1.358244e+02	-1.30849e+01	
641	4.004055e-01	1.358218e+02	-1.31578e+01	
642	4.027170e-01	1.358192e+02	-1.32311e+01	
643	4.050419e-01	1.358166e+02	-1.33048e+01	
644	4.073803e-01	1.358139e+02	-1.33788e+01	
645	4.097321e-01	1.358112e+02	-1.34533e+01	
646	4.120975e-01	1.358085e+02	-1.35281e+01	
647	4.144766e-01	1.358057e+02	-1.36033e+01	
648	4.168694e-01	1.358030e+02	-1.36789e+01	
649	4.192760e-01	1.358001e+02	-1.37549e+01	
650	4.216965e-01	1.357973e+02	-1.38312e+01	
651	4.241310e-01	1.357944e+02	-1.39080e+01	
652	4.265795e-01	1.357915e+02	-1.39851e+01	
653	4.290422e-01	1.357886e+02	-1.40627e+01	
654	4.315191e-01	1.357856e+02	-1.41406e+01	
655	4.340103e-01	1.357826e+02	-1.42190e+01	
656	4.365158e-01	1.357796e+02	-1.42977e+01	
657	4.390359e-01	1.357765e+02	-1.43768e+01	
658	4.415704e-01	1.357734e+02	-1.44563e+01	
659	4.441197e-01	1.357703e+02	-1.45363e+01	
660	4.466836e-01	1.357671e+02	-1.46166e+01	
661	4.492623e-01	1.357639e+02	-1.46974e+01	
662	4.518559e-01	1.357607e+02	-1.47785e+01	
663	4.544645e-01	1.357574e+02	-1.48601e+01	
664	4.570882e-01	1.357541e+02	-1.49420e+01	
665	4.597270e-01	1.357508e+02	-1.50244e+01	
666	4.623810e-01	1.357474e+02	-1.51072e+01	
667	4.650504e-01	1.357440e+02	-1.51904e+01	
668	4.677351e-01	1.357405e+02	-1.52740e+01	
669	4.704354e-01	1.357371e+02	-1.53580e+01	
670	4.731513e-01	1.357335e+02	-1.54425e+01	
671	4.758828e-01	1.357300e+02	-1.55273e+01	
672	4.786301e-01	1.357264e+02	-1.56126e+01	
673	4.813933e-01	1.357227e+02	-1.56983e+01	
674	4.841724e-01	1.357191e+02	-1.57844e+01	
675	4.869675e-01	1.357153e+02	-1.58710e+01	
676	4.897788e-01	1.357116e+02	-1.59580e+01	
677	4.926063e-01	1.357078e+02	-1.60454e+01	
678	4.954502e-01	1.357039e+02	-1.61332e+01	
679	4.983105e-01	1.357001e+02	-1.62214e+01	
680	5.011872e-01	1.356961e+02	-1.63101e+01	
681	5.040806e-01	1.356922e+02	-1.63993e+01	
682	5.069907e-01	1.356882e+02	-1.64888e+01	
683	5.099176e-01	1.356841e+02	-1.65788e+01	
684	5.128614e-01	1.356800e+02	-1.66692e+01	
685	5.158222e-01	1.356759e+02	-1.67601e+01	
686	5.188000e-01	1.356717e+02	-1.68513e+01	
687	5.217951e-01	1.356675e+02	-1.69431e+01	
688	5.248075e-01	1.356632e+02	-1.70352e+01	
689	5.278372e-01	1.356589e+02	-1.71279e+01	
690	5.308844e-01	1.356546e+02	-1.72209e+01	
691	5.339493e-01	1.356502e+02	-1.73144e+01	
692	5.370318e-01	1.356457e+02	-1.74083e+01	

Index   frequency       tdb             tph             
--------------------------------------------------------------------------------
693	5.401321e-01	1.356412e+02	-1.75027e+01	
694	5.432503e-01	1.356367e+02	-1.75975e+01	
695	5.463865e-01	1.356321e+02	-1.76928e+01	
696	5.495409e-01	1.356274e+02	-1.77885e+01	
697	5.527134e-01	1.356227e+02	-1.78847e+01	
698	5.559043e-01	1.356180e+02	-1.79813e+01	
699	5.591135e-01	1.356132e+02	-1.80784e+01	
700	5.623413e-01	1.356084e+02	-1.81759e+01	
701	5.655878e-01	1.356035e+02	-1.82739e+01	
702	5.688529e-01	1.355986e+02	-1.83724e+01	
703	5.721370e-01	1.355936e+02	-1.84713e+01	
704	5.754399e-01	1.355885e+02	-1.85706e+01	
705	5.787620e-01	1.355834e+02	-1.86704e+01	
706	5.821032e-01	1.355783e+02	-1.87707e+01	
707	5.854637e-01	1.355731e+02	-1.88714e+01	
708	5.888437e-01	1.355678e+02	-1.89726e+01	
709	5.922431e-01	1.355625e+02	-1.90742e+01	
710	5.956621e-01	1.355571e+02	-1.91763e+01	
711	5.991009e-01	1.355517e+02	-1.92789e+01	
712	6.025596e-01	1.355462e+02	-1.93819e+01	
713	6.060382e-01	1.355407e+02	-1.94854e+01	
714	6.095369e-01	1.355351e+02	-1.95893e+01	
715	6.130558e-01	1.355295e+02	-1.96938e+01	
716	6.165950e-01	1.355238e+02	-1.97986e+01	
717	6.201546e-01	1.355180e+02	-1.99040e+01	
718	6.237348e-01	1.355122e+02	-2.00098e+01	
719	6.273357e-01	1.355063e+02	-2.01161e+01	
720	6.309573e-01	1.355004e+02	-2.02228e+01	
721	6.345999e-01	1.354944e+02	-2.03301e+01	
722	6.382635e-01	1.354883e+02	-2.04378e+01	
723	6.419482e-01	1.354822e+02	-2.05459e+01	
724	6.456542e-01	1.354760e+02	-2.06546e+01	
725	6.493816e-01	1.354697e+02	-2.07637e+01	
726	6.531306e-01	1.354634e+02	-2.08732e+01	
727	6.569011e-01	1.354570e+02	-2.09833e+01	
728	6.606934e-01	1.354506e+02	-2.10938e+01	
729	6.645077e-01	1.354441e+02	-2.12048e+01	
730	6.683439e-01	1.354375e+02	-2.13162e+01	
731	6.722023e-01	1.354309e+02	-2.14282e+01	
732	6.760830e-01	1.354242e+02	-2.15406e+01	
733	6.799860e-01	1.354174e+02	-2.16535e+01	
734	6.839116e-01	1.354106e+02	-2.17668e+01	
735	6.878599e-01	1.354037e+02	-2.18807e+01	
736	6.918310e-01	1.353967e+02	-2.19950e+01	
737	6.958250e-01	1.353896e+02	-2.21098e+01	
738	6.998420e-01	1.353825e+02	-2.22250e+01	
739	7.038822e-01	1.353753e+02	-2.23407e+01	
740	7.079458e-01	1.353681e+02	-2.24569e+01	
741	7.120328e-01	1.353608e+02	-2.25736e+01	
742	7.161434e-01	1.353534e+02	-2.26908e+01	
743	7.202778e-01	1.353459e+02	-2.28084e+01	
744	7.244360e-01	1.353383e+02	-2.29265e+01	
745	7.286182e-01	1.353307e+02	-2.30451e+01	
746	7.328245e-01	1.353230e+02	-2.31641e+01	
747	7.370552e-01	1.353152e+02	-2.32837e+01	
748	7.413102e-01	1.353074e+02	-2.34037e+01	
749	7.455899e-01	1.352995e+02	-2.35241e+01	
750	7.498942e-01	1.352915e+02	-2.36451e+01	

Index   frequency       tdb             tph             
--------------------------------------------------------------------------------
751	7.542234e-01	1.352834e+02	-2.37665e+01	
752	7.585776e-01	1.352752e+02	-2.38884e+01	
753	7.629569e-01	1.352670e+02	-2.40108e+01	
754	7.673615e-01	1.352587e+02	-2.41336e+01	
755	7.717915e-01	1.352503e+02	-2.42569e+01	
756	7.762471e-01	1.352418e+02	-2.43807e+01	
757	7.807284e-01	1.352333e+02	-2.45050e+01	
758	7.852356e-01	1.352246e+02	-2.46297e+01	
759	7.897688e-01	1.352159e+02	-2.47549e+01	
760	7.943282e-01	1.352071e+02	-2.48805e+01	
761	7.989139e-01	1.351982e+02	-2.50067e+01	
762	8.035261e-01	1.351892e+02	-2.51333e+01	
763	8.081649e-01	1.351802e+02	-2.52603e+01	
764	8.128305e-01	1.351710e+02	-2.53879e+01	
765	8.175230e-01	1.351618e+02	-2.55159e+01	
766	8.222426e-01	1.351525e+02	-2.56443e+01	
767	8.269895e-01	1.351431e+02	-2.57733e+01	
768	8.317638e-01	1.351336e+02	-2.59026e+01	
769	8.365656e-01	1.351240e+02	-2.60325e+01	
770	8.413951e-01	1.351143e+02	-2.61628e+01	
771	8.462526e-01	1.351046e+02	-2.62936e+01	
772	8.511380e-01	1.350947e+02	-2.64248e+01	
773	8.560517e-01	1.350848e+02	-2.65565e+01	
774	8.609938e-01	1.350747e+02	-2.66886e+01	
775	8.659643e-01	1.350646e+02	-2.68212e+01	
776	8.709636e-01	1.350544e+02	-2.69543e+01	
777	8.759917e-01	1.350441e+02	-2.70878e+01	
778	8.810489e-01	1.350337e+02	-2.72217e+01	
779	8.861352e-01	1.350232e+02	-2.73561e+01	
780	8.912509e-01	1.350126e+02	-2.74910e+01	
781	8.963962e-01	1.350019e+02	-2.76263e+01	
782	9.015711e-01	1.349911e+02	-2.77620e+01	
783	9.067760e-01	1.349802e+02	-2.78982e+01	
784	9.120108e-01	1.349692e+02	-2.80348e+01	
785	9.172759e-01	1.349581e+02	-2.81719e+01	
786	9.225714e-01	1.349469e+02	-2.83094e+01	
787	9.278975e-01	1.349356e+02	-2.84473e+01	
788	9.332543e-01	1.349242e+02	-2.85857e+01	
789	9.386420e-01	1.349127e+02	-2.87245e+01	
790	9.440609e-01	1.349011e+02	-2.88637e+01	
791	9.495110e-01	1.348894e+02	-2.90034e+01	
792	9.549926e-01	1.348776e+02	-2.91435e+01	
793	9.605058e-01	1.348657e+02	-2.92840e+01	
794	9.660509e-01	1.348537e+02	-2.94250e+01	
795	9.716280e-01	1.348416e+02	-2.95663e+01	
796	9.772372e-01	1.348294e+02	-2.97081e+01	
797	9.828789e-01	1.348170e+02	-2.98503e+01	
798	9.885531e-01	1.348046e+02	-2.99929e+01	
799	9.942601e-01	1.347921e+02	-3.01359e+01	
800	1.000000e+00	1.347794e+02	-3.02794e+01	
801	1.005773e+00	1.347667e+02	-3.04232e+01	
802	1.011579e+00	1.347538e+02	-3.05674e+01	
803	1.017419e+00	1.347408e+02	-3.07121e+01	
804	1.023293e+00	1.347277e+02	-3.08571e+01	
805	1.029201e+00	1.347145e+02	-3.10026e+01	
806	1.035142e+00	1.347012e+02	-3.11484e+01	
807	1.041118e+00	1.346878e+02	-3.12946e+01	
808	1.047129e+00	1.346742e+02	-3.14412e+01	

Index   frequency       tdb             tph             
--------------------------------------------------------------------------------
809	1.053174e+00	1.346606e+02	-3.15882e+01	
810	1.059254e+00	1.346468e+02	-3.17356e+01	
811	1.065369e+00	1.346329e+02	-3.18834e+01	
812	1.071519e+00	1.346189e+02	-3.20315e+01	
813	1.077705e+00	1.346048e+02	-3.21800e+01	
814	1.083927e+00	1.345906e+02	-3.23289e+01	
815	1.090184e+00	1.345762e+02	-3.24781e+01	
816	1.096478e+00	1.345617e+02	-3.26278e+01	
817	1.102808e+00	1.345471e+02	-3.27777e+01	
818	1.109175e+00	1.345324e+02	-3.29281e+01	
819	1.115578e+00	1.345176e+02	-3.30788e+01	
820	1.122018e+00	1.345027e+02	-3.32298e+01	
821	1.128496e+00	1.344876e+02	-3.33812e+01	
822	1.135011e+00	1.344724e+02	-3.35329e+01	
823	1.141563e+00	1.344571e+02	-3.36850e+01	
824	1.148154e+00	1.344416e+02	-3.38374e+01	
825	1.154782e+00	1.344261e+02	-3.39901e+01	
826	1.161449e+00	1.344104e+02	-3.41432e+01	
827	1.168154e+00	1.343946e+02	-3.42966e+01	
828	1.174898e+00	1.343787e+02	-3.44503e+01	
829	1.181680e+00	1.343626e+02	-3.46044e+01	
830	1.188502e+00	1.343464e+02	-3.47587e+01	
831	1.195364e+00	1.343301e+02	-3.49134e+01	
832	1.202264e+00	1.343137e+02	-3.50684e+01	
833	1.209205e+00	1.342971e+02	-3.52237e+01	
834	1.216186e+00	1.342804e+02	-3.53793e+01	
835	1.223207e+00	1.342636e+02	-3.55351e+01	
836	1.230269e+00	1.342467e+02	-3.56913e+01	
837	1.237371e+00	1.342296e+02	-3.58478e+01	
838	1.244515e+00	1.342124e+02	-3.60045e+01	
839	1.251699e+00	1.341950e+02	-3.61615e+01	
840	1.258925e+00	1.341776e+02	-3.63188e+01	
841	1.266193e+00	1.341600e+02	-3.64764e+01	
842	1.273503e+00	1.341423e+02	-3.66342e+01	
843	1.280855e+00	1.341244e+02	-3.67923e+01	
844	1.288250e+00	1.341064e+02	-3.69507e+01	
845	1.295687e+00	1.340883e+02	-3.71093e+01	
846	1.303167e+00	1.340700e+02	-3.72681e+01	
847	1.310690e+00	1.340516e+02	-3.74272e+01	
848	1.318257e+00	1.340331e+02	-3.75866e+01	
849	1.325867e+00	1.340144e+02	-3.77461e+01	
850	1.333521e+00	1.339956e+02	-3.79060e+01	
851	1.341220e+00	1.339767e+02	-3.80660e+01	
852	1.348963e+00	1.339576e+02	-3.82262e+01	
853	1.356751e+00	1.339384e+02	-3.83867e+01	
854	1.364583e+00	1.339191e+02	-3.85474e+01	
855	1.372461e+00	1.338996e+02	-3.87083e+01	
856	1.380384e+00	1.338800e+02	-3.88694e+01	
857	1.388353e+00	1.338602e+02	-3.90307e+01	
858	1.396368e+00	1.338404e+02	-3.91922e+01	
859	1.404430e+00	1.338203e+02	-3.93538e+01	
860	1.412538e+00	1.338002e+02	-3.95157e+01	
861	1.420692e+00	1.337799e+02	-3.96777e+01	
862	1.428894e+00	1.337594e+02	-3.98399e+01	
863	1.437143e+00	1.337388e+02	-4.00023e+01	
864	1.445440e+00	1.337181e+02	-4.01648e+01	
865	1.453784e+00	1.336972e+02	-4.03275e+01	
866	1.462177e+00	1.336762e+02	-4.04904e+01	

Index   frequency       tdb             tph             
--------------------------------------------------------------------------------
867	1.470618e+00	1.336551e+02	-4.06534e+01	
868	1.479108e+00	1.336338e+02	-4.08165e+01	
869	1.487647e+00	1.336124e+02	-4.09798e+01	
870	1.496236e+00	1.335908e+02	-4.11432e+01	
871	1.504874e+00	1.335691e+02	-4.13067e+01	
872	1.513561e+00	1.335473e+02	-4.14704e+01	
873	1.522299e+00	1.335253e+02	-4.16341e+01	
874	1.531087e+00	1.335032e+02	-4.17980e+01	
875	1.539927e+00	1.334809e+02	-4.19620e+01	
876	1.548817e+00	1.334585e+02	-4.21261e+01	
877	1.557758e+00	1.334359e+02	-4.22903e+01	
878	1.566751e+00	1.334132e+02	-4.24546e+01	
879	1.575796e+00	1.333904e+02	-4.26189e+01	
880	1.584893e+00	1.333674e+02	-4.27833e+01	
881	1.594043e+00	1.333443e+02	-4.29479e+01	
882	1.603245e+00	1.333210e+02	-4.31124e+01	
883	1.612501e+00	1.332976e+02	-4.32771e+01	
884	1.621810e+00	1.332740e+02	-4.34418e+01	
885	1.631173e+00	1.332503e+02	-4.36065e+01	
886	1.640590e+00	1.332265e+02	-4.37713e+01	
887	1.650061e+00	1.332025e+02	-4.39362e+01	
888	1.659587e+00	1.331783e+02	-4.41011e+01	
889	1.669168e+00	1.331541e+02	-4.42660e+01	
890	1.678804e+00	1.331296e+02	-4.44309e+01	
891	1.688496e+00	1.331051e+02	-4.45958e+01	
892	1.698244e+00	1.330804e+02	-4.47608e+01	
893	1.708048e+00	1.330555e+02	-4.49258e+01	
894	1.717908e+00	1.330305e+02	-4.50908e+01	
895	1.727826e+00	1.330054e+02	-4.52557e+01	
896	1.737801e+00	1.329801e+02	-4.54207e+01	
897	1.747833e+00	1.329547e+02	-4.55857e+01	
898	1.757924e+00	1.329291e+02	-4.57506e+01	
899	1.768072e+00	1.329034e+02	-4.59155e+01	
900	1.778279e+00	1.328775e+02	-4.60804e+01	
901	1.788546e+00	1.328515e+02	-4.62453e+01	
902	1.798871e+00	1.328254e+02	-4.64101e+01	
903	1.809256e+00	1.327991e+02	-4.65748e+01	
904	1.819701e+00	1.327726e+02	-4.67395e+01	
905	1.830206e+00	1.327461e+02	-4.69042e+01	
906	1.840772e+00	1.327193e+02	-4.70688e+01	
907	1.851399e+00	1.326925e+02	-4.72333e+01	
908	1.862087e+00	1.326655e+02	-4.73978e+01	
909	1.872837e+00	1.326383e+02	-4.75621e+01	
910	1.883649e+00	1.326110e+02	-4.77264e+01	
911	1.894524e+00	1.325836e+02	-4.78906e+01	
912	1.905461e+00	1.325560e+02	-4.80547e+01	
913	1.916461e+00	1.325283e+02	-4.82187e+01	
914	1.927525e+00	1.325004e+02	-4.83826e+01	
915	1.938653e+00	1.324724e+02	-4.85464e+01	
916	1.949845e+00	1.324443e+02	-4.87101e+01	
917	1.961101e+00	1.324160e+02	-4.88737e+01	
918	1.972423e+00	1.323876e+02	-4.90371e+01	
919	1.983810e+00	1.323590e+02	-4.92004e+01	
920	1.995262e+00	1.323303e+02	-4.93636e+01	
921	2.006781e+00	1.323014e+02	-4.95266e+01	
922	2.018366e+00	1.322724e+02	-4.96895e+01	
923	2.030019e+00	1.322433e+02	-4.98522e+01	
924	2.041738e+00	1.322140e+02	-5.00148e+01	

Index   frequency       tdb             tph             
--------------------------------------------------------------------------------
925	2.053525e+00	1.321846e+02	-5.01772e+01	
926	2.065380e+00	1.321551e+02	-5.03394e+01	
927	2.077304e+00	1.321254e+02	-5.05015e+01	
928	2.089296e+00	1.320955e+02	-5.06634e+01	
929	2.101358e+00	1.320656e+02	-5.08251e+01	
930	2.113489e+00	1.320355e+02	-5.09866e+01	
931	2.125690e+00	1.320052e+02	-5.11479e+01	
932	2.137962e+00	1.319749e+02	-5.13090e+01	
933	2.150305e+00	1.319443e+02	-5.14700e+01	
934	2.162719e+00	1.319137e+02	-5.16307e+01	
935	2.175204e+00	1.318829e+02	-5.17912e+01	
936	2.187762e+00	1.318520e+02	-5.19515e+01	
937	2.200392e+00	1.318209e+02	-5.21116e+01	
938	2.213095e+00	1.317897e+02	-5.22714e+01	
939	2.225871e+00	1.317584e+02	-5.24311e+01	
940	2.238721e+00	1.317269e+02	-5.25904e+01	
941	2.251645e+00	1.316953e+02	-5.27496e+01	
942	2.264644e+00	1.316636e+02	-5.29085e+01	
943	2.277718e+00	1.316317e+02	-5.30672e+01	
944	2.290868e+00	1.315997e+02	-5.32256e+01	
945	2.304093e+00	1.315676e+02	-5.33837e+01	
946	2.317395e+00	1.315353e+02	-5.35416e+01	
947	2.330773e+00	1.315029e+02	-5.36992e+01	
948	2.344229e+00	1.314704e+02	-5.38566e+01	
949	2.357762e+00	1.314377e+02	-5.40136e+01	
950	2.371374e+00	1.314049e+02	-5.41704e+01	
951	2.385064e+00	1.313720e+02	-5.43270e+01	
952	2.398833e+00	1.313390e+02	-5.44832e+01	
953	2.412682e+00	1.313058e+02	-5.46391e+01	
954	2.426610e+00	1.312725e+02	-5.47948e+01	
955	2.440619e+00	1.312391e+02	-5.49501e+01	
956	2.454709e+00	1.312055e+02	-5.51052e+01	
957	2.468880e+00	1.311718e+02	-5.52599e+01	
958	2.483133e+00	1.311380e+02	-5.54143e+01	
959	2.497468e+00	1.311041e+02	-5.55684e+01	
960	2.511886e+00	1.310700e+02	-5.57222e+01	
961	2.526388e+00	1.310358e+02	-5.58757e+01	
962	2.540973e+00	1.310015e+02	-5.60288e+01	
963	2.555642e+00	1.309671e+02	-5.61817e+01	
964	2.570396e+00	1.309325e+02	-5.63341e+01	
965	2.585235e+00	1.308978e+02	-5.64863e+01	
966	2.600160e+00	1.308630e+02	-5.66381e+01	
967	2.615170e+00	1.308281e+02	-5.67895e+01	
968	2.630268e+00	1.307930e+02	-5.69407e+01	
969	2.645453e+00	1.307579e+02	-5.70914e+01	
970	2.660725e+00	1.307226e+02	-5.72418e+01	
971	2.676086e+00	1.306872e+02	-5.73919e+01	
972	2.691535e+00	1.306517e+02	-5.75416e+01	
973	2.707073e+00	1.306160e+02	-5.76909e+01	
974	2.722701e+00	1.305803e+02	-5.78399e+01	
975	2.738420e+00	1.305444e+02	-5.79885e+01	
976	2.754229e+00	1.305084e+02	-5.81367e+01	
977	2.770129e+00	1.304723e+02	-5.82845e+01	
978	2.786121e+00	1.304361e+02	-5.84320e+01	
979	2.802206e+00	1.303997e+02	-5.85791e+01	
980	2.818383e+00	1.303633e+02	-5.87258e+01	
981	2.834654e+00	1.303267e+02	-5.88721e+01	
982	2.851018e+00	1.302900e+02	-5.90180e+01	

Index   frequency       tdb             tph             
--------------------------------------------------------------------------------
983	2.867477e+00	1.302532e+02	-5.91635e+01	
984	2.884032e+00	1.302163e+02	-5.93087e+01	
985	2.900681e+00	1.301793e+02	-5.94534e+01	
986	2.917427e+00	1.301422e+02	-5.95978e+01	
987	2.934270e+00	1.301050e+02	-5.97417e+01	
988	2.951209e+00	1.300676e+02	-5.98852e+01	
989	2.968247e+00	1.300302e+02	-6.00283e+01	
990	2.985383e+00	1.299926e+02	-6.01710e+01	
991	3.002617e+00	1.299549e+02	-6.03133e+01	
992	3.019952e+00	1.299172e+02	-6.04552e+01	
993	3.037386e+00	1.298793e+02	-6.05967e+01	
994	3.054921e+00	1.298413e+02	-6.07377e+01	
995	3.072557e+00	1.298032e+02	-6.08783e+01	
996	3.090295e+00	1.297650e+02	-6.10185e+01	
997	3.108136e+00	1.297267e+02	-6.11583e+01	
998	3.126079e+00	1.296883e+02	-6.12977e+01	
999	3.144126e+00	1.296498e+02	-6.14366e+01	
1000	3.162278e+00	1.296112e+02	-6.15750e+01	
1001	3.180534e+00	1.295725e+02	-6.17131e+01	
1002	3.198895e+00	1.295337e+02	-6.18507e+01	
1003	3.217363e+00	1.294948e+02	-6.19879e+01	
1004	3.235937e+00	1.294558e+02	-6.21246e+01	
1005	3.254618e+00	1.294167e+02	-6.22609e+01	
1006	3.273407e+00	1.293775e+02	-6.23968e+01	
1007	3.292305e+00	1.293382e+02	-6.25322e+01	
1008	3.311311e+00	1.292988e+02	-6.26672e+01	
1009	3.330428e+00	1.292593e+02	-6.28017e+01	
1010	3.349654e+00	1.292197e+02	-6.29357e+01	
1011	3.368992e+00	1.291800e+02	-6.30694e+01	
1012	3.388442e+00	1.291403e+02	-6.32025e+01	
1013	3.408003e+00	1.291004e+02	-6.33353e+01	
1014	3.427678e+00	1.290604e+02	-6.34675e+01	
1015	3.447466e+00	1.290204e+02	-6.35993e+01	
1016	3.467369e+00	1.289802e+02	-6.37307e+01	
1017	3.487386e+00	1.289400e+02	-6.38616e+01	
1018	3.507519e+00	1.288997e+02	-6.39920e+01	
1019	3.527768e+00	1.288593e+02	-6.41220e+01	
1020	3.548134e+00	1.288188e+02	-6.42515e+01	
1021	3.568617e+00	1.287782e+02	-6.43806e+01	
1022	3.589219e+00	1.287375e+02	-6.45091e+01	
1023	3.609940e+00	1.286967e+02	-6.46373e+01	
1024	3.630781e+00	1.286559e+02	-6.47649e+01	
1025	3.651741e+00	1.286149e+02	-6.48921e+01	
1026	3.672823e+00	1.285739e+02	-6.50189e+01	
1027	3.694026e+00	1.285328e+02	-6.51451e+01	
1028	3.715352e+00	1.284916e+02	-6.52709e+01	
1029	3.736801e+00	1.284503e+02	-6.53963e+01	
1030	3.758374e+00	1.284090e+02	-6.55211e+01	
1031	3.780071e+00	1.283675e+02	-6.56455e+01	
1032	3.801894e+00	1.283260e+02	-6.57695e+01	
1033	3.823843e+00	1.282844e+02	-6.58929e+01	
1034	3.845918e+00	1.282427e+02	-6.60159e+01	
1035	3.868121e+00	1.282010e+02	-6.61384e+01	
1036	3.890451e+00	1.281591e+02	-6.62604e+01	
1037	3.912911e+00	1.281172e+02	-6.63820e+01	
1038	3.935501e+00	1.280752e+02	-6.65031e+01	
1039	3.958221e+00	1.280332e+02	-6.66237e+01	
1040	3.981072e+00	1.279910e+02	-6.67439e+01	

Index   frequency       tdb             tph             
--------------------------------------------------------------------------------
1041	4.004055e+00	1.279488e+02	-6.68636e+01	
1042	4.027170e+00	1.279065e+02	-6.69828e+01	
1043	4.050419e+00	1.278641e+02	-6.71015e+01	
1044	4.073803e+00	1.278217e+02	-6.72198e+01	
1045	4.097321e+00	1.277791e+02	-6.73376e+01	
1046	4.120975e+00	1.277365e+02	-6.74549e+01	
1047	4.144766e+00	1.276939e+02	-6.75717e+01	
1048	4.168694e+00	1.276511e+02	-6.76881e+01	
1049	4.192760e+00	1.276083e+02	-6.78040e+01	
1050	4.216965e+00	1.275654e+02	-6.79194e+01	
1051	4.241310e+00	1.275225e+02	-6.80343e+01	
1052	4.265795e+00	1.274795e+02	-6.81488e+01	
1053	4.290422e+00	1.274364e+02	-6.82628e+01	
1054	4.315191e+00	1.273932e+02	-6.83763e+01	
1055	4.340103e+00	1.273500e+02	-6.84894e+01	
1056	4.365158e+00	1.273067e+02	-6.86019e+01	
1057	4.390359e+00	1.272633e+02	-6.87140e+01	
1058	4.415704e+00	1.272199e+02	-6.88257e+01	
1059	4.441197e+00	1.271764e+02	-6.89368e+01	
1060	4.466836e+00	1.271329e+02	-6.90475e+01	
1061	4.492623e+00	1.270892e+02	-6.91577e+01	
1062	4.518559e+00	1.270456e+02	-6.92675e+01	
1063	4.544645e+00	1.270018e+02	-6.93768e+01	
1064	4.570882e+00	1.269580e+02	-6.94856e+01	
1065	4.597270e+00	1.269141e+02	-6.95939e+01	
1066	4.623810e+00	1.268702e+02	-6.97018e+01	
1067	4.650504e+00	1.268262e+02	-6.98092e+01	
1068	4.677351e+00	1.267821e+02	-6.99161e+01	
1069	4.704354e+00	1.267380e+02	-7.00226e+01	
1070	4.731513e+00	1.266939e+02	-7.01286e+01	
1071	4.758828e+00	1.266496e+02	-7.02341e+01	
1072	4.786301e+00	1.266053e+02	-7.03392e+01	
1073	4.813933e+00	1.265610e+02	-7.04438e+01	
1074	4.841724e+00	1.265166e+02	-7.05480e+01	
1075	4.869675e+00	1.264721e+02	-7.06517e+01	
1076	4.897788e+00	1.264276e+02	-7.07549e+01	
1077	4.926063e+00	1.263830e+02	-7.08576e+01	
1078	4.954502e+00	1.263384e+02	-7.09599e+01	
1079	4.983105e+00	1.262937e+02	-7.10618e+01	
1080	5.011872e+00	1.262489e+02	-7.11631e+01	
1081	5.040806e+00	1.262041e+02	-7.12641e+01	
1082	5.069907e+00	1.261593e+02	-7.13645e+01	
1083	5.099176e+00	1.261144e+02	-7.14645e+01	
1084	5.128614e+00	1.260694e+02	-7.15641e+01	
1085	5.158222e+00	1.260244e+02	-7.16632e+01	
1086	5.188000e+00	1.259794e+02	-7.17618e+01	
1087	5.217951e+00	1.259343e+02	-7.18600e+01	
1088	5.248075e+00	1.258891e+02	-7.19577e+01	
1089	5.278372e+00	1.258439e+02	-7.20550e+01	
1090	5.308844e+00	1.257986e+02	-7.21518e+01	
1091	5.339493e+00	1.257533e+02	-7.22482e+01	
1092	5.370318e+00	1.257080e+02	-7.23442e+01	
1093	5.401321e+00	1.256626e+02	-7.24396e+01	
1094	5.432503e+00	1.256171e+02	-7.25347e+01	
1095	5.463865e+00	1.255716e+02	-7.26293e+01	
1096	5.495409e+00	1.255261e+02	-7.27234e+01	
1097	5.527134e+00	1.254805e+02	-7.28172e+01	
1098	5.559043e+00	1.254348e+02	-7.29104e+01	

Index   frequency       tdb             tph             
--------------------------------------------------------------------------------
1099	5.591135e+00	1.253891e+02	-7.30033e+01	
1100	5.623413e+00	1.253434e+02	-7.30957e+01	
1101	5.655878e+00	1.252976e+02	-7.31876e+01	
1102	5.688529e+00	1.252518e+02	-7.32791e+01	
1103	5.721370e+00	1.252059e+02	-7.33702e+01	
1104	5.754399e+00	1.251600e+02	-7.34609e+01	
1105	5.787620e+00	1.251141e+02	-7.35511e+01	
1106	5.821032e+00	1.250681e+02	-7.36408e+01	
1107	5.854637e+00	1.250221e+02	-7.37302e+01	
1108	5.888437e+00	1.249760e+02	-7.38191e+01	
1109	5.922431e+00	1.249299e+02	-7.39076e+01	
1110	5.956621e+00	1.248837e+02	-7.39957e+01	
1111	5.991009e+00	1.248375e+02	-7.40833e+01	
1112	6.025596e+00	1.247913e+02	-7.41705e+01	
1113	6.060382e+00	1.247450e+02	-7.42573e+01	
1114	6.095369e+00	1.246987e+02	-7.43437e+01	
1115	6.130558e+00	1.246523e+02	-7.44296e+01	
1116	6.165950e+00	1.246059e+02	-7.45152e+01	
1117	6.201546e+00	1.245595e+02	-7.46003e+01	
1118	6.237348e+00	1.245130e+02	-7.46850e+01	
1119	6.273357e+00	1.244665e+02	-7.47692e+01	
1120	6.309573e+00	1.244199e+02	-7.48531e+01	
1121	6.345999e+00	1.243734e+02	-7.49366e+01	
1122	6.382635e+00	1.243267e+02	-7.50196e+01	
1123	6.419482e+00	1.242801e+02	-7.51022e+01	
1124	6.456542e+00	1.242334e+02	-7.51845e+01	
1125	6.493816e+00	1.241867e+02	-7.52663e+01	
1126	6.531306e+00	1.241399e+02	-7.53477e+01	
1127	6.569011e+00	1.240931e+02	-7.54287e+01	
1128	6.606934e+00	1.240463e+02	-7.55093e+01	
1129	6.645077e+00	1.239994e+02	-7.55895e+01	
1130	6.683439e+00	1.239525e+02	-7.56693e+01	
1131	6.722023e+00	1.239056e+02	-7.57487e+01	
1132	6.760830e+00	1.238586e+02	-7.58277e+01	
1133	6.799860e+00	1.238116e+02	-7.59063e+01	
1134	6.839116e+00	1.237646e+02	-7.59845e+01	
1135	6.878599e+00	1.237175e+02	-7.60623e+01	
1136	6.918310e+00	1.236704e+02	-7.61398e+01	
1137	6.958250e+00	1.236233e+02	-7.62168e+01	
1138	6.998420e+00	1.235761e+02	-7.62934e+01	
1139	7.038822e+00	1.235289e+02	-7.63697e+01	
1140	7.079458e+00	1.234817e+02	-7.64456e+01	
1141	7.120328e+00	1.234345e+02	-7.65211e+01	
1142	7.161434e+00	1.233872e+02	-7.65962e+01	
1143	7.202778e+00	1.233399e+02	-7.66709e+01	
1144	7.244360e+00	1.232925e+02	-7.67452e+01	
1145	7.286182e+00	1.232452e+02	-7.68192e+01	
1146	7.328245e+00	1.231978e+02	-7.68928e+01	
1147	7.370552e+00	1.231503e+02	-7.69660e+01	
1148	7.413102e+00	1.231029e+02	-7.70389e+01	
1149	7.455899e+00	1.230554e+02	-7.71113e+01	
1150	7.498942e+00	1.230079e+02	-7.71834e+01	
1151	7.542234e+00	1.229604e+02	-7.72552e+01	
1152	7.585776e+00	1.229128e+02	-7.73265e+01	
1153	7.629569e+00	1.228652e+02	-7.73975e+01	
1154	7.673615e+00	1.228176e+02	-7.74681e+01	
1155	7.717915e+00	1.227700e+02	-7.75384e+01	
1156	7.762471e+00	1.227223e+02	-7.76083e+01	

Index   frequency       tdb             tph             
--------------------------------------------------------------------------------
1157	7.807284e+00	1.226746e+02	-7.76779e+01	
1158	7.852356e+00	1.226269e+02	-7.77470e+01	
1159	7.897688e+00	1.225792e+02	-7.78159e+01	
1160	7.943282e+00	1.225314e+02	-7.78843e+01	
1161	7.989139e+00	1.224836e+02	-7.79524e+01	
1162	8.035261e+00	1.224358e+02	-7.80202e+01	
1163	8.081649e+00	1.223880e+02	-7.80876e+01	
1164	8.128305e+00	1.223401e+02	-7.81547e+01	
1165	8.175230e+00	1.222922e+02	-7.82214e+01	
1166	8.222426e+00	1.222443e+02	-7.82878e+01	
1167	8.269895e+00	1.221964e+02	-7.83538e+01	
1168	8.317638e+00	1.221484e+02	-7.84194e+01	
1169	8.365656e+00	1.221004e+02	-7.84848e+01	
1170	8.413951e+00	1.220524e+02	-7.85498e+01	
1171	8.462526e+00	1.220044e+02	-7.86144e+01	
1172	8.511380e+00	1.219564e+02	-7.86787e+01	
1173	8.560517e+00	1.219083e+02	-7.87427e+01	
1174	8.609938e+00	1.218602e+02	-7.88063e+01	
1175	8.659643e+00	1.218121e+02	-7.88696e+01	
1176	8.709636e+00	1.217640e+02	-7.89326e+01	
1177	8.759917e+00	1.217158e+02	-7.89953e+01	
1178	8.810489e+00	1.216677e+02	-7.90576e+01	
1179	8.861352e+00	1.216195e+02	-7.91196e+01	
1180	8.912509e+00	1.215713e+02	-7.91812e+01	
1181	8.963962e+00	1.215230e+02	-7.92426e+01	
1182	9.015711e+00	1.214748e+02	-7.93036e+01	
1183	9.067760e+00	1.214265e+02	-7.93643e+01	
1184	9.120108e+00	1.213782e+02	-7.94246e+01	
1185	9.172759e+00	1.213299e+02	-7.94847e+01	
1186	9.225714e+00	1.212816e+02	-7.95444e+01	
1187	9.278975e+00	1.212333e+02	-7.96038e+01	
1188	9.332543e+00	1.211849e+02	-7.96629e+01	
1189	9.386420e+00	1.211365e+02	-7.97217e+01	
1190	9.440609e+00	1.210881e+02	-7.97802e+01	
1191	9.495110e+00	1.210397e+02	-7.98384e+01	
1192	9.549926e+00	1.209913e+02	-7.98962e+01	
1193	9.605058e+00	1.209428e+02	-7.99538e+01	
1194	9.660509e+00	1.208944e+02	-8.00110e+01	
1195	9.716280e+00	1.208459e+02	-8.00680e+01	
1196	9.772372e+00	1.207974e+02	-8.01246e+01	
1197	9.828789e+00	1.207489e+02	-8.01810e+01	
1198	9.885531e+00	1.207003e+02	-8.02370e+01	
1199	9.942601e+00	1.206518e+02	-8.02927e+01	
1200	1.000000e+01	1.206032e+02	-8.03482e+01	
1201	1.005773e+01	1.205546e+02	-8.04033e+01	
1202	1.011579e+01	1.205060e+02	-8.04582e+01	
1203	1.017419e+01	1.204574e+02	-8.05127e+01	
1204	1.023293e+01	1.204088e+02	-8.05670e+01	
1205	1.029201e+01	1.203601e+02	-8.06210e+01	
1206	1.035142e+01	1.203115e+02	-8.06747e+01	
1207	1.041118e+01	1.202628e+02	-8.07281e+01	
1208	1.047129e+01	1.202141e+02	-8.07812e+01	
1209	1.053174e+01	1.201654e+02	-8.08340e+01	
1210	1.059254e+01	1.201167e+02	-8.08866e+01	
1211	1.065369e+01	1.200680e+02	-8.09388e+01	
1212	1.071519e+01	1.200192e+02	-8.09908e+01	
1213	1.077705e+01	1.199705e+02	-8.10425e+01	
1214	1.083927e+01	1.199217e+02	-8.10940e+01	

Index   frequency       tdb             tph             
--------------------------------------------------------------------------------
1215	1.090184e+01	1.198729e+02	-8.11451e+01	
1216	1.096478e+01	1.198241e+02	-8.11960e+01	
1217	1.102808e+01	1.197753e+02	-8.12466e+01	
1218	1.109175e+01	1.197264e+02	-8.12969e+01	
1219	1.115578e+01	1.196776e+02	-8.13470e+01	
1220	1.122018e+01	1.196288e+02	-8.13968e+01	
1221	1.128496e+01	1.195799e+02	-8.14463e+01	
1222	1.135011e+01	1.195310e+02	-8.14956e+01	
1223	1.141563e+01	1.194821e+02	-8.15446e+01	
1224	1.148154e+01	1.194332e+02	-8.15933e+01	
1225	1.154782e+01	1.193843e+02	-8.16418e+01	
1226	1.161449e+01	1.193354e+02	-8.16900e+01	
1227	1.168154e+01	1.192864e+02	-8.17380e+01	
1228	1.174898e+01	1.192375e+02	-8.17857e+01	
1229	1.181680e+01	1.191885e+02	-8.18331e+01	
1230	1.188502e+01	1.191395e+02	-8.18803e+01	
1231	1.195364e+01	1.190905e+02	-8.19272e+01	
1232	1.202264e+01	1.190415e+02	-8.19739e+01	
1233	1.209205e+01	1.189925e+02	-8.20203e+01	
1234	1.216186e+01	1.189435e+02	-8.20664e+01	
1235	1.223207e+01	1.188945e+02	-8.21124e+01	
1236	1.230269e+01	1.188454e+02	-8.21580e+01	
1237	1.237371e+01	1.187964e+02	-8.22035e+01	
1238	1.244515e+01	1.187473e+02	-8.22486e+01	
1239	1.251699e+01	1.186982e+02	-8.22936e+01	
1240	1.258925e+01	1.186491e+02	-8.23383e+01	
1241	1.266193e+01	1.186000e+02	-8.23827e+01	
1242	1.273503e+01	1.185509e+02	-8.24269e+01	
1243	1.280855e+01	1.185018e+02	-8.24709e+01	
1244	1.288250e+01	1.184527e+02	-8.25146e+01	
1245	1.295687e+01	1.184036e+02	-8.25581e+01	
1246	1.303167e+01	1.183544e+02	-8.26014e+01	
1247	1.310690e+01	1.183053e+02	-8.26444e+01	
1248	1.318257e+01	1.182561e+02	-8.26872e+01	
1249	1.325867e+01	1.182069e+02	-8.27298e+01	
1250	1.333521e+01	1.181577e+02	-8.27721e+01	
1251	1.341220e+01	1.181085e+02	-8.28142e+01	
1252	1.348963e+01	1.180593e+02	-8.28561e+01	
1253	1.356751e+01	1.180101e+02	-8.28978e+01	
1254	1.364583e+01	1.179609e+02	-8.29392e+01	
1255	1.372461e+01	1.179117e+02	-8.29804e+01	
1256	1.380384e+01	1.178624e+02	-8.30214e+01	
1257	1.388353e+01	1.178132e+02	-8.30621e+01	
1258	1.396368e+01	1.177639e+02	-8.31026e+01	
1259	1.404430e+01	1.177147e+02	-8.31430e+01	
1260	1.412538e+01	1.176654e+02	-8.31831e+01	
1261	1.420692e+01	1.176161e+02	-8.32229e+01	
1262	1.428894e+01	1.175668e+02	-8.32626e+01	
1263	1.437143e+01	1.175175e+02	-8.33021e+01	
1264	1.445440e+01	1.174682e+02	-8.33413e+01	
1265	1.453784e+01	1.174189e+02	-8.33803e+01	
1266	1.462177e+01	1.173696e+02	-8.34191e+01	
1267	1.470618e+01	1.173203e+02	-8.34577e+01	
1268	1.479108e+01	1.172709e+02	-8.34961e+01	
1269	1.487647e+01	1.172216e+02	-8.35343e+01	
1270	1.496236e+01	1.171722e+02	-8.35723e+01	
1271	1.504874e+01	1.171229e+02	-8.36101e+01	
1272	1.513561e+01	1.170735e+02	-8.36476e+01	

Index   frequency       tdb             tph             
--------------------------------------------------------------------------------
1273	1.522299e+01	1.170241e+02	-8.36850e+01	
1274	1.531087e+01	1.169748e+02	-8.37222e+01	
1275	1.539927e+01	1.169254e+02	-8.37591e+01	
1276	1.548817e+01	1.168760e+02	-8.37959e+01	
1277	1.557758e+01	1.168266e+02	-8.38324e+01	
1278	1.566751e+01	1.167772e+02	-8.38688e+01	
1279	1.575796e+01	1.167278e+02	-8.39050e+01	
1280	1.584893e+01	1.166783e+02	-8.39410e+01	
1281	1.594043e+01	1.166289e+02	-8.39767e+01	
1282	1.603245e+01	1.165795e+02	-8.40123e+01	
1283	1.612501e+01	1.165300e+02	-8.40477e+01	
1284	1.621810e+01	1.164806e+02	-8.40829e+01	
1285	1.631173e+01	1.164311e+02	-8.41179e+01	
1286	1.640590e+01	1.163817e+02	-8.41527e+01	
1287	1.650061e+01	1.163322e+02	-8.41874e+01	
1288	1.659587e+01	1.162828e+02	-8.42218e+01	
1289	1.669168e+01	1.162333e+02	-8.42561e+01	
1290	1.678804e+01	1.161838e+02	-8.42902e+01	
1291	1.688496e+01	1.161343e+02	-8.43241e+01	
1292	1.698244e+01	1.160848e+02	-8.43578e+01	
1293	1.708048e+01	1.160353e+02	-8.43913e+01	
1294	1.717908e+01	1.159858e+02	-8.44246e+01	
1295	1.727826e+01	1.159363e+02	-8.44578e+01	
1296	1.737801e+01	1.158868e+02	-8.44908e+01	
1297	1.747833e+01	1.158373e+02	-8.45236e+01	
1298	1.757924e+01	1.157877e+02	-8.45562e+01	
1299	1.768072e+01	1.157382e+02	-8.45887e+01	
1300	1.778279e+01	1.156887e+02	-8.46210e+01	
1301	1.788546e+01	1.156391e+02	-8.46531e+01	
1302	1.798871e+01	1.155896e+02	-8.46850e+01	
1303	1.809256e+01	1.155400e+02	-8.47168e+01	
1304	1.819701e+01	1.154904e+02	-8.47484e+01	
1305	1.830206e+01	1.154409e+02	-8.47798e+01	
1306	1.840772e+01	1.153913e+02	-8.48111e+01	
1307	1.851399e+01	1.153417e+02	-8.48421e+01	
1308	1.862087e+01	1.152922e+02	-8.48731e+01	
1309	1.872837e+01	1.152426e+02	-8.49038e+01	
1310	1.883649e+01	1.151930e+02	-8.49344e+01	
1311	1.894524e+01	1.151434e+02	-8.49648e+01	
1312	1.905461e+01	1.150938e+02	-8.49951e+01	
1313	1.916461e+01	1.150442e+02	-8.50252e+01	
1314	1.927525e+01	1.149946e+02	-8.50551e+01	
1315	1.938653e+01	1.149450e+02	-8.50849e+01	
1316	1.949845e+01	1.148954e+02	-8.51145e+01	
1317	1.961101e+01	1.148457e+02	-8.51440e+01	
1318	1.972423e+01	1.147961e+02	-8.51733e+01	
1319	1.983810e+01	1.147465e+02	-8.52024e+01	
1320	1.995262e+01	1.146969e+02	-8.52314e+01	
1321	2.006781e+01	1.146472e+02	-8.52603e+01	
1322	2.018366e+01	1.145976e+02	-8.52889e+01	
1323	2.030019e+01	1.145479e+02	-8.53175e+01	
1324	2.041738e+01	1.144983e+02	-8.53458e+01	
1325	2.053525e+01	1.144486e+02	-8.53741e+01	
1326	2.065380e+01	1.143990e+02	-8.54021e+01	
1327	2.077304e+01	1.143493e+02	-8.54301e+01	
1328	2.089296e+01	1.142996e+02	-8.54578e+01	
1329	2.101358e+01	1.142500e+02	-8.54855e+01	
1330	2.113489e+01	1.142003e+02	-8.55129e+01	

Index   frequency       tdb             tph             
--------------------------------------------------------------------------------
1331	2.125690e+01	1.141506e+02	-8.55403e+01	
1332	2.137962e+01	1.141009e+02	-8.55675e+01	
1333	2.150305e+01	1.140513e+02	-8.55945e+01	
1334	2.162719e+01	1.140016e+02	-8.56214e+01	
1335	2.175204e+01	1.139519e+02	-8.56482e+01	
1336	2.187762e+01	1.139022e+02	-8.56748e+01	
1337	2.200392e+01	1.138525e+02	-8.57013e+01	
1338	2.213095e+01	1.138028e+02	-8.57276e+01	
1339	2.225871e+01	1.137531e+02	-8.57538e+01	
1340	2.238721e+01	1.137034e+02	-8.57799e+01	
1341	2.251645e+01	1.136536e+02	-8.58058e+01	
1342	2.264644e+01	1.136039e+02	-8.58316e+01	
1343	2.277718e+01	1.135542e+02	-8.58572e+01	
1344	2.290868e+01	1.135045e+02	-8.58827e+01	
1345	2.304093e+01	1.134548e+02	-8.59081e+01	
1346	2.317395e+01	1.134050e+02	-8.59334e+01	
1347	2.330773e+01	1.133553e+02	-8.59585e+01	
1348	2.344229e+01	1.133056e+02	-8.59834e+01	
1349	2.357762e+01	1.132558e+02	-8.60083e+01	
1350	2.371374e+01	1.132061e+02	-8.60330e+01	
1351	2.385064e+01	1.131563e+02	-8.60576e+01	
1352	2.398833e+01	1.131066e+02	-8.60821e+01	
1353	2.412682e+01	1.130569e+02	-8.61064e+01	
1354	2.426610e+01	1.130071e+02	-8.61306e+01	
1355	2.440619e+01	1.129573e+02	-8.61547e+01	
1356	2.454709e+01	1.129076e+02	-8.61786e+01	
1357	2.468880e+01	1.128578e+02	-8.62025e+01	
1358	2.483133e+01	1.128081e+02	-8.62262e+01	
1359	2.497468e+01	1.127583e+02	-8.62498e+01	
1360	2.511886e+01	1.127085e+02	-8.62732e+01	
1361	2.526388e+01	1.126588e+02	-8.62966e+01	
1362	2.540973e+01	1.126090e+02	-8.63198e+01	
1363	2.555642e+01	1.125592e+02	-8.63429e+01	
1364	2.570396e+01	1.125094e+02	-8.63658e+01	
1365	2.585235e+01	1.124596e+02	-8.63887e+01	
1366	2.600160e+01	1.124099e+02	-8.64114e+01	
1367	2.615170e+01	1.123601e+02	-8.64341e+01	
1368	2.630268e+01	1.123103e+02	-8.64566e+01	
1369	2.645453e+01	1.122605e+02	-8.64789e+01	
1370	2.660725e+01	1.122107e+02	-8.65012e+01	
1371	2.676086e+01	1.121609e+02	-8.65234e+01	
1372	2.691535e+01	1.121111e+02	-8.65454e+01	
1373	2.707073e+01	1.120613e+02	-8.65674e+01	
1374	2.722701e+01	1.120115e+02	-8.65892e+01	
1375	2.738420e+01	1.119617e+02	-8.66109e+01	
1376	2.754229e+01	1.119119e+02	-8.66325e+01	
1377	2.770129e+01	1.118621e+02	-8.66540e+01	
1378	2.786121e+01	1.118122e+02	-8.66753e+01	
1379	2.802206e+01	1.117624e+02	-8.66966e+01	
1380	2.818383e+01	1.117126e+02	-8.67178e+01	
1381	2.834654e+01	1.116628e+02	-8.67388e+01	
1382	2.851018e+01	1.116130e+02	-8.67598e+01	
1383	2.867477e+01	1.115631e+02	-8.67806e+01	
1384	2.884032e+01	1.115133e+02	-8.68013e+01	
1385	2.900681e+01	1.114635e+02	-8.68220e+01	
1386	2.917427e+01	1.114137e+02	-8.68425e+01	
1387	2.934270e+01	1.113638e+02	-8.68629e+01	
1388	2.951209e+01	1.113140e+02	-8.68832e+01	

Index   frequency       tdb             tph             
--------------------------------------------------------------------------------
1389	2.968247e+01	1.112642e+02	-8.69034e+01	
1390	2.985383e+01	1.112143e+02	-8.69235e+01	
1391	3.002617e+01	1.111645e+02	-8.69435e+01	
1392	3.019952e+01	1.111146e+02	-8.69635e+01	
1393	3.037386e+01	1.110648e+02	-8.69833e+01	
1394	3.054921e+01	1.110149e+02	-8.70030e+01	
1395	3.072557e+01	1.109651e+02	-8.70226e+01	
1396	3.090295e+01	1.109152e+02	-8.70421e+01	
1397	3.108136e+01	1.108654e+02	-8.70615e+01	
1398	3.126079e+01	1.108155e+02	-8.70809e+01	
1399	3.144126e+01	1.107657e+02	-8.71001e+01	
1400	3.162278e+01	1.107158e+02	-8.71192e+01	
1401	3.180534e+01	1.106660e+02	-8.71382e+01	
1402	3.198895e+01	1.106161e+02	-8.71572e+01	
1403	3.217363e+01	1.105663e+02	-8.71760e+01	
1404	3.235937e+01	1.105164e+02	-8.71948e+01	
1405	3.254618e+01	1.104665e+02	-8.72135e+01	
1406	3.273407e+01	1.104167e+02	-8.72320e+01	
1407	3.292305e+01	1.103668e+02	-8.72505e+01	
1408	3.311311e+01	1.103169e+02	-8.72689e+01	
1409	3.330428e+01	1.102670e+02	-8.72872e+01	
1410	3.349654e+01	1.102172e+02	-8.73054e+01	
1411	3.368992e+01	1.101673e+02	-8.73235e+01	
1412	3.388442e+01	1.101174e+02	-8.73416e+01	
1413	3.408003e+01	1.100675e+02	-8.73595e+01	
1414	3.427678e+01	1.100177e+02	-8.73774e+01	
1415	3.447466e+01	1.099678e+02	-8.73952e+01	
1416	3.467369e+01	1.099179e+02	-8.74128e+01	
1417	3.487386e+01	1.098680e+02	-8.74304e+01	
1418	3.507519e+01	1.098181e+02	-8.74480e+01	
1419	3.527768e+01	1.097683e+02	-8.74654e+01	
1420	3.548134e+01	1.097184e+02	-8.74828e+01	
1421	3.568617e+01	1.096685e+02	-8.75000e+01	
1422	3.589219e+01	1.096186e+02	-8.75172e+01	
1423	3.609940e+01	1.095687e+02	-8.75343e+01	
1424	3.630781e+01	1.095188e+02	-8.75513e+01	
1425	3.651741e+01	1.094689e+02	-8.75683e+01	
1426	3.672823e+01	1.094190e+02	-8.75851e+01	
1427	3.694026e+01	1.093691e+02	-8.76019e+01	
1428	3.715352e+01	1.093192e+02	-8.76186e+01	
1429	3.736801e+01	1.092693e+02	-8.76353e+01	
1430	3.758374e+01	1.092194e+02	-8.76518e+01	
1431	3.780071e+01	1.091695e+02	-8.76683e+01	
1432	3.801894e+01	1.091196e+02	-8.76847e+01	
1433	3.823843e+01	1.090697e+02	-8.77010e+01	
1434	3.845918e+01	1.090198e+02	-8.77172e+01	
1435	3.868121e+01	1.089699e+02	-8.77334e+01	
1436	3.890451e+01	1.089200e+02	-8.77495e+01	
1437	3.912911e+01	1.088701e+02	-8.77655e+01	
1438	3.935501e+01	1.088202e+02	-8.77814e+01	
1439	3.958221e+01	1.087703e+02	-8.77973e+01	
1440	3.981072e+01	1.087203e+02	-8.78131e+01	
1441	4.004055e+01	1.086704e+02	-8.78288e+01	
1442	4.027170e+01	1.086205e+02	-8.78445e+01	
1443	4.050419e+01	1.085706e+02	-8.78601e+01	
1444	4.073803e+01	1.085207e+02	-8.78756e+01	
1445	4.097321e+01	1.084708e+02	-8.78910e+01	
1446	4.120975e+01	1.084208e+02	-8.79064e+01	

Index   frequency       tdb             tph             
--------------------------------------------------------------------------------
1447	4.144766e+01	1.083709e+02	-8.79217e+01	
1448	4.168694e+01	1.083210e+02	-8.79370e+01	
1449	4.192760e+01	1.082711e+02	-8.79521e+01	
1450	4.216965e+01	1.082212e+02	-8.79672e+01	
1451	4.241310e+01	1.081712e+02	-8.79823e+01	
1452	4.265795e+01	1.081213e+02	-8.79972e+01	
1453	4.290422e+01	1.080714e+02	-8.80121e+01	
1454	4.315191e+01	1.080214e+02	-8.80270e+01	
1455	4.340103e+01	1.079715e+02	-8.80417e+01	
1456	4.365158e+01	1.079216e+02	-8.80564e+01	
1457	4.390359e+01	1.078717e+02	-8.80711e+01	
1458	4.415704e+01	1.078217e+02	-8.80857e+01	
1459	4.441197e+01	1.077718e+02	-8.81002e+01	
1460	4.466836e+01	1.077219e+02	-8.81146e+01	
1461	4.492623e+01	1.076719e+02	-8.81290e+01	
1462	4.518559e+01	1.076220e+02	-8.81433e+01	
1463	4.544645e+01	1.075721e+02	-8.81576e+01	
1464	4.570882e+01	1.075221e+02	-8.81718e+01	
1465	4.597270e+01	1.074722e+02	-8.81860e+01	
1466	4.623810e+01	1.074222e+02	-8.82000e+01	
1467	4.650504e+01	1.073723e+02	-8.82141e+01	
1468	4.677351e+01	1.073224e+02	-8.82280e+01	
1469	4.704354e+01	1.072724e+02	-8.82420e+01	
1470	4.731513e+01	1.072225e+02	-8.82558e+01	
1471	4.758828e+01	1.071725e+02	-8.82696e+01	
1472	4.786301e+01	1.071226e+02	-8.82833e+01	
1473	4.813933e+01	1.070726e+02	-8.82970e+01	
1474	4.841724e+01	1.070227e+02	-8.83106e+01	
1475	4.869675e+01	1.069728e+02	-8.83242e+01	
1476	4.897788e+01	1.069228e+02	-8.83377e+01	
1477	4.926063e+01	1.068729e+02	-8.83512e+01	
1478	4.954502e+01	1.068229e+02	-8.83646e+01	
1479	4.983105e+01	1.067730e+02	-8.83779e+01	
1480	5.011872e+01	1.067230e+02	-8.83912e+01	
1481	5.040806e+01	1.066731e+02	-8.84045e+01	
1482	5.069907e+01	1.066231e+02	-8.84177e+01	
1483	5.099176e+01	1.065732e+02	-8.84308e+01	
1484	5.128614e+01	1.065232e+02	-8.84439e+01	
1485	5.158222e+01	1.064732e+02	-8.84569e+01	
1486	5.188000e+01	1.064233e+02	-8.84699e+01	
1487	5.217951e+01	1.063733e+02	-8.84828e+01	
1488	5.248075e+01	1.063234e+02	-8.84957e+01	
1489	5.278372e+01	1.062734e+02	-8.85085e+01	
1490	5.308844e+01	1.062235e+02	-8.85213e+01	
1491	5.339493e+01	1.061735e+02	-8.85341e+01	
1492	5.370318e+01	1.061235e+02	-8.85468e+01	
1493	5.401321e+01	1.060736e+02	-8.85594e+01	
1494	5.432503e+01	1.060236e+02	-8.85720e+01	
1495	5.463865e+01	1.059737e+02	-8.85845e+01	
1496	5.495409e+01	1.059237e+02	-8.85970e+01	
1497	5.527134e+01	1.058737e+02	-8.86095e+01	
1498	5.559043e+01	1.058238e+02	-8.86219e+01	
1499	5.591135e+01	1.057738e+02	-8.86342e+01	
1500	5.623413e+01	1.057238e+02	-8.86465e+01	
1501	5.655878e+01	1.056739e+02	-8.86588e+01	
1502	5.688529e+01	1.056239e+02	-8.86710e+01	
1503	5.721370e+01	1.055739e+02	-8.86832e+01	
1504	5.754399e+01	1.055240e+02	-8.86954e+01	

Index   frequency       tdb             tph             
--------------------------------------------------------------------------------
1505	5.787620e+01	1.054740e+02	-8.87075e+01	
1506	5.821032e+01	1.054240e+02	-8.87195e+01	
1507	5.854637e+01	1.053741e+02	-8.87315e+01	
1508	5.888437e+01	1.053241e+02	-8.87435e+01	
1509	5.922431e+01	1.052741e+02	-8.87554e+01	
1510	5.956621e+01	1.052242e+02	-8.87673e+01	
1511	5.991009e+01	1.051742e+02	-8.87791e+01	
1512	6.025596e+01	1.051242e+02	-8.87909e+01	
1513	6.060382e+01	1.050742e+02	-8.88027e+01	
1514	6.095369e+01	1.050243e+02	-8.88144e+01	
1515	6.130558e+01	1.049743e+02	-8.88261e+01	
1516	6.165950e+01	1.049243e+02	-8.88378e+01	
1517	6.201546e+01	1.048743e+02	-8.88494e+01	
1518	6.237348e+01	1.048244e+02	-8.88609e+01	
1519	6.273357e+01	1.047744e+02	-8.88725e+01	
1520	6.309573e+01	1.047244e+02	-8.88840e+01	
1521	6.345999e+01	1.046744e+02	-8.88954e+01	
1522	6.382635e+01	1.046245e+02	-8.89068e+01	
1523	6.419482e+01	1.045745e+02	-8.89182e+01	
1524	6.456542e+01	1.045245e+02	-8.89296e+01	
1525	6.493816e+01	1.044745e+02	-8.89409e+01	
1526	6.531306e+01	1.044245e+02	-8.89522e+01	
1527	6.569011e+01	1.043746e+02	-8.89634e+01	
1528	6.606934e+01	1.043246e+02	-8.89746e+01	
1529	6.645077e+01	1.042746e+02	-8.89858e+01	
1530	6.683439e+01	1.042246e+02	-8.89969e+01	
1531	6.722023e+01	1.041746e+02	-8.90080e+01	
1532	6.760830e+01	1.041246e+02	-8.90191e+01	
1533	6.799860e+01	1.040747e+02	-8.90302e+01	
1534	6.839116e+01	1.040247e+02	-8.90412e+01	
1535	6.878599e+01	1.039747e+02	-8.90521e+01	
1536	6.918310e+01	1.039247e+02	-8.90631e+01	
1537	6.958250e+01	1.038747e+02	-8.90740e+01	
1538	6.998420e+01	1.038247e+02	-8.90849e+01	
1539	7.038822e+01	1.037747e+02	-8.90958e+01	
1540	7.079458e+01	1.037247e+02	-8.91066e+01	
1541	7.120328e+01	1.036748e+02	-8.91174e+01	
1542	7.161434e+01	1.036248e+02	-8.91281e+01	
1543	7.202778e+01	1.035748e+02	-8.91389e+01	
1544	7.244360e+01	1.035248e+02	-8.91496e+01	
1545	7.286182e+01	1.034748e+02	-8.91603e+01	
1546	7.328245e+01	1.034248e+02	-8.91709e+01	
1547	7.370552e+01	1.033748e+02	-8.91816e+01	
1548	7.413102e+01	1.033248e+02	-8.91922e+01	
1549	7.455899e+01	1.032748e+02	-8.92027e+01	
1550	7.498942e+01	1.032248e+02	-8.92133e+01	
1551	7.542234e+01	1.031748e+02	-8.92238e+01	
1552	7.585776e+01	1.031248e+02	-8.92343e+01	
1553	7.629569e+01	1.030748e+02	-8.92448e+01	
1554	7.673615e+01	1.030248e+02	-8.92552e+01	
1555	7.717915e+01	1.029748e+02	-8.92656e+01	
1556	7.762471e+01	1.029248e+02	-8.92760e+01	
1557	7.807284e+01	1.028748e+02	-8.92864e+01	
1558	7.852356e+01	1.028249e+02	-8.92967e+01	
1559	7.897688e+01	1.027749e+02	-8.93071e+01	
1560	7.943282e+01	1.027249e+02	-8.93174e+01	
1561	7.989139e+01	1.026749e+02	-8.93276e+01	
1562	8.035261e+01	1.026249e+02	-8.93379e+01	

Index   frequency       tdb             tph             
--------------------------------------------------------------------------------
1563	8.081649e+01	1.025748e+02	-8.93481e+01	
1564	8.128305e+01	1.025248e+02	-8.93583e+01	
1565	8.175230e+01	1.024748e+02	-8.93685e+01	
1566	8.222426e+01	1.024248e+02	-8.93787e+01	
1567	8.269895e+01	1.023748e+02	-8.93888e+01	
1568	8.317638e+01	1.023248e+02	-8.93990e+01	
1569	8.365656e+01	1.022748e+02	-8.94091e+01	
1570	8.413951e+01	1.022248e+02	-8.94192e+01	
1571	8.462526e+01	1.021748e+02	-8.94292e+01	
1572	8.511380e+01	1.021248e+02	-8.94393e+01	
1573	8.560517e+01	1.020748e+02	-8.94493e+01	
1574	8.609938e+01	1.020248e+02	-8.94593e+01	
1575	8.659643e+01	1.019748e+02	-8.94693e+01	
1576	8.709636e+01	1.019248e+02	-8.94793e+01	
1577	8.759917e+01	1.018748e+02	-8.94893e+01	
1578	8.810489e+01	1.018248e+02	-8.94992e+01	
1579	8.861352e+01	1.017748e+02	-8.95092e+01	
1580	8.912509e+01	1.017247e+02	-8.95191e+01	
1581	8.963962e+01	1.016747e+02	-8.95290e+01	
1582	9.015711e+01	1.016247e+02	-8.95388e+01	
1583	9.067760e+01	1.015747e+02	-8.95487e+01	
1584	9.120108e+01	1.015247e+02	-8.95585e+01	
1585	9.172759e+01	1.014747e+02	-8.95684e+01	
1586	9.225714e+01	1.014247e+02	-8.95782e+01	
1587	9.278975e+01	1.013747e+02	-8.95880e+01	
1588	9.332543e+01	1.013246e+02	-8.95978e+01	
1589	9.386420e+01	1.012746e+02	-8.96076e+01	
1590	9.440609e+01	1.012246e+02	-8.96173e+01	
1591	9.495110e+01	1.011746e+02	-8.96271e+01	
1592	9.549926e+01	1.011246e+02	-8.96368e+01	
1593	9.605058e+01	1.010746e+02	-8.96466e+01	
1594	9.660509e+01	1.010245e+02	-8.96563e+01	
1595	9.716280e+01	1.009745e+02	-8.96660e+01	
1596	9.772372e+01	1.009245e+02	-8.96757e+01	
1597	9.828789e+01	1.008745e+02	-8.96854e+01	
1598	9.885531e+01	1.008245e+02	-8.96950e+01	
1599	9.942601e+01	1.007744e+02	-8.97047e+01	
1600	1.000000e+02	1.007244e+02	-8.97144e+01	
1601	1.005773e+02	1.006744e+02	-8.97240e+01	
1602	1.011579e+02	1.006244e+02	-8.97336e+01	
1603	1.017419e+02	1.005744e+02	-8.97433e+01	
1604	1.023293e+02	1.005243e+02	-8.97529e+01	
1605	1.029201e+02	1.004743e+02	-8.97625e+01	
1606	1.035142e+02	1.004243e+02	-8.97721e+01	
1607	1.041118e+02	1.003743e+02	-8.97817e+01	
1608	1.047129e+02	1.003242e+02	-8.97912e+01	
1609	1.053174e+02	1.002742e+02	-8.98008e+01	
1610	1.059254e+02	1.002242e+02	-8.98104e+01	
1611	1.065369e+02	1.001741e+02	-8.98200e+01	
1612	1.071519e+02	1.001241e+02	-8.98295e+01	
1613	1.077705e+02	1.000741e+02	-8.98391e+01	
1614	1.083927e+02	1.000241e+02	-8.98486e+01	
1615	1.090184e+02	9.997403e+01	-8.98582e+01	
1616	1.096478e+02	9.992400e+01	-8.98677e+01	
1617	1.102808e+02	9.987396e+01	-8.98772e+01	
1618	1.109175e+02	9.982393e+01	-8.98868e+01	
1619	1.115578e+02	9.977390e+01	-8.98963e+01	
1620	1.122018e+02	9.972386e+01	-8.99058e+01	

Index   frequency       tdb             tph             
--------------------------------------------------------------------------------
1621	1.128496e+02	9.967383e+01	-8.99153e+01	
1622	1.135011e+02	9.962379e+01	-8.99248e+01	
1623	1.141563e+02	9.957376e+01	-8.99343e+01	
1624	1.148154e+02	9.952372e+01	-8.99438e+01	
1625	1.154782e+02	9.947368e+01	-8.99533e+01	
1626	1.161449e+02	9.942364e+01	-8.99629e+01	
1627	1.168154e+02	9.937361e+01	-8.99724e+01	
1628	1.174898e+02	9.932357e+01	-8.99819e+01	
1629	1.181680e+02	9.927353e+01	-8.99914e+01	
1630	1.188502e+02	9.922349e+01	-9.00009e+01	
1631	1.195364e+02	9.917344e+01	-9.00104e+01	
1632	1.202264e+02	9.912340e+01	-9.00199e+01	
1633	1.209205e+02	9.907336e+01	-9.00294e+01	
1634	1.216186e+02	9.902331e+01	-9.00389e+01	
1635	1.223207e+02	9.897327e+01	-9.00484e+01	
1636	1.230269e+02	9.892322e+01	-9.00579e+01	
1637	1.237371e+02	9.887318e+01	-9.00674e+01	
1638	1.244515e+02	9.882313e+01	-9.00769e+01	
1639	1.251699e+02	9.877308e+01	-9.00864e+01	
1640	1.258925e+02	9.872304e+01	-9.00959e+01	
1641	1.266193e+02	9.867299e+01	-9.01054e+01	
1642	1.273503e+02	9.862294e+01	-9.01149e+01	
1643	1.280855e+02	9.857289e+01	-9.01245e+01	
1644	1.288250e+02	9.852284e+01	-9.01340e+01	
1645	1.295687e+02	9.847278e+01	-9.01435e+01	
1646	1.303167e+02	9.842273e+01	-9.01530e+01	
1647	1.310690e+02	9.837268e+01	-9.01626e+01	
1648	1.318257e+02	9.832262e+01	-9.01721e+01	
1649	1.325867e+02	9.827257e+01	-9.01817e+01	
1650	1.333521e+02	9.822251e+01	-9.01912e+01	
1651	1.341220e+02	9.817245e+01	-9.02008e+01	
1652	1.348963e+02	9.812239e+01	-9.02104e+01	
1653	1.356751e+02	9.807234e+01	-9.02199e+01	
1654	1.364583e+02	9.802228e+01	-9.02295e+01	
1655	1.372461e+02	9.797222e+01	-9.02391e+01	
1656	1.380384e+02	9.792215e+01	-9.02487e+01	
1657	1.388353e+02	9.787209e+01	-9.02583e+01	
1658	1.396368e+02	9.782203e+01	-9.02679e+01	
1659	1.404430e+02	9.777196e+01	-9.02775e+01	
1660	1.412538e+02	9.772190e+01	-9.02871e+01	
1661	1.420692e+02	9.767183e+01	-9.02968e+01	
1662	1.428894e+02	9.762177e+01	-9.03064e+01	
1663	1.437143e+02	9.757170e+01	-9.03161e+01	
1664	1.445440e+02	9.752163e+01	-9.03258e+01	
1665	1.453784e+02	9.747156e+01	-9.03354e+01	
1666	1.462177e+02	9.742149e+01	-9.03451e+01	
1667	1.470618e+02	9.737142e+01	-9.03548e+01	
1668	1.479108e+02	9.732134e+01	-9.03645e+01	
1669	1.487647e+02	9.727127e+01	-9.03742e+01	
1670	1.496236e+02	9.722120e+01	-9.03840e+01	
1671	1.504874e+02	9.717112e+01	-9.03937e+01	
1672	1.513561e+02	9.712104e+01	-9.04035e+01	
1673	1.522299e+02	9.707097e+01	-9.04132e+01	
1674	1.531087e+02	9.702089e+01	-9.04230e+01	
1675	1.539927e+02	9.697081e+01	-9.04328e+01	
1676	1.548817e+02	9.692073e+01	-9.04426e+01	
1677	1.557758e+02	9.687064e+01	-9.04525e+01	
1678	1.566751e+02	9.682056e+01	-9.04623e+01	

Index   frequency       tdb             tph             
--------------------------------------------------------------------------------
1679	1.575796e+02	9.677048e+01	-9.04722e+01	
1680	1.584893e+02	9.672039e+01	-9.04820e+01	
1681	1.594043e+02	9.667031e+01	-9.04919e+01	
1682	1.603245e+02	9.662022e+01	-9.05018e+01	
1683	1.612501e+02	9.657013e+01	-9.05117e+01	
1684	1.621810e+02	9.652004e+01	-9.05217e+01	
1685	1.631173e+02	9.646995e+01	-9.05316e+01	
1686	1.640590e+02	9.641986e+01	-9.05416e+01	
1687	1.650061e+02	9.636976e+01	-9.05515e+01	
1688	1.659587e+02	9.631967e+01	-9.05615e+01	
1689	1.669168e+02	9.626957e+01	-9.05716e+01	
1690	1.678804e+02	9.621948e+01	-9.05816e+01	
1691	1.688496e+02	9.616938e+01	-9.05917e+01	
1692	1.698244e+02	9.611928e+01	-9.06017e+01	
1693	1.708048e+02	9.606918e+01	-9.06118e+01	
1694	1.717908e+02	9.601908e+01	-9.06219e+01	
1695	1.727826e+02	9.596897e+01	-9.06321e+01	
1696	1.737801e+02	9.591887e+01	-9.06422e+01	
1697	1.747833e+02	9.586876e+01	-9.06524e+01	
1698	1.757924e+02	9.581866e+01	-9.06626e+01	
1699	1.768072e+02	9.576855e+01	-9.06728e+01	
1700	1.778279e+02	9.571844e+01	-9.06830e+01	
1701	1.788546e+02	9.566833e+01	-9.06933e+01	
1702	1.798871e+02	9.561821e+01	-9.07036e+01	
1703	1.809256e+02	9.556810e+01	-9.07139e+01	
1704	1.819701e+02	9.551798e+01	-9.07242e+01	
1705	1.830206e+02	9.546787e+01	-9.07345e+01	
1706	1.840772e+02	9.541775e+01	-9.07449e+01	
1707	1.851399e+02	9.536763e+01	-9.07553e+01	
1708	1.862087e+02	9.531751e+01	-9.07657e+01	
1709	1.872837e+02	9.526738e+01	-9.07762e+01	
1710	1.883649e+02	9.521726e+01	-9.07866e+01	
1711	1.894524e+02	9.516713e+01	-9.07971e+01	
1712	1.905461e+02	9.511701e+01	-9.08076e+01	
1713	1.916461e+02	9.506688e+01	-9.08182e+01	
1714	1.927525e+02	9.501675e+01	-9.08288e+01	
1715	1.938653e+02	9.496661e+01	-9.08393e+01	
1716	1.949845e+02	9.491648e+01	-9.08500e+01	
1717	1.961101e+02	9.486635e+01	-9.08606e+01	
1718	1.972423e+02	9.481621e+01	-9.08713e+01	
1719	1.983810e+02	9.476607e+01	-9.08820e+01	
1720	1.995262e+02	9.471593e+01	-9.08927e+01	
1721	2.006781e+02	9.466579e+01	-9.09035e+01	
1722	2.018366e+02	9.461564e+01	-9.09143e+01	
1723	2.030019e+02	9.456550e+01	-9.09251e+01	
1724	2.041738e+02	9.451535e+01	-9.09359e+01	
1725	2.053525e+02	9.446520e+01	-9.09468e+01	
1726	2.065380e+02	9.441505e+01	-9.09577e+01	
1727	2.077304e+02	9.436490e+01	-9.09687e+01	
1728	2.089296e+02	9.431474e+01	-9.09796e+01	
1729	2.101358e+02	9.426459e+01	-9.09906e+01	
1730	2.113489e+02	9.421443e+01	-9.10017e+01	
1731	2.125690e+02	9.416427e+01	-9.10127e+01	
1732	2.137962e+02	9.411411e+01	-9.10238e+01	
1733	2.150305e+02	9.406394e+01	-9.10349e+01	
1734	2.162719e+02	9.401378e+01	-9.10461e+01	
1735	2.175204e+02	9.396361e+01	-9.10573e+01	
1736	2.187762e+02	9.391344e+01	-9.10685e+01	

Index   frequency       tdb             tph             
--------------------------------------------------------------------------------
1737	2.200392e+02	9.386327e+01	-9.10798e+01	
1738	2.213095e+02	9.381309e+01	-9.10911e+01	
1739	2.225871e+02	9.376292e+01	-9.11024e+01	
1740	2.238721e+02	9.371274e+01	-9.11138e+01	
1741	2.251645e+02	9.366256e+01	-9.11251e+01	
1742	2.264644e+02	9.361238e+01	-9.11366e+01	
1743	2.277718e+02	9.356219e+01	-9.11480e+01	
1744	2.290868e+02	9.351201e+01	-9.11596e+01	
1745	2.304093e+02	9.346182e+01	-9.11711e+01	
1746	2.317395e+02	9.341163e+01	-9.11827e+01	
1747	2.330773e+02	9.336143e+01	-9.11943e+01	
1748	2.344229e+02	9.331124e+01	-9.12059e+01	
1749	2.357762e+02	9.326104e+01	-9.12176e+01	
1750	2.371374e+02	9.321084e+01	-9.12294e+01	
1751	2.385064e+02	9.316064e+01	-9.12411e+01	
1752	2.398833e+02	9.311043e+01	-9.12529e+01	
1753	2.412682e+02	9.306022e+01	-9.12648e+01	
1754	2.426610e+02	9.301001e+01	-9.12767e+01	
1755	2.440619e+02	9.295980e+01	-9.12886e+01	
1756	2.454709e+02	9.290959e+01	-9.13005e+01	
1757	2.468880e+02	9.285937e+01	-9.13125e+01	
1758	2.483133e+02	9.280915e+01	-9.13246e+01	
1759	2.497468e+02	9.275893e+01	-9.13367e+01	
1760	2.511886e+02	9.270870e+01	-9.13488e+01	
1761	2.526388e+02	9.265848e+01	-9.13610e+01	
1762	2.540973e+02	9.260824e+01	-9.13732e+01	
1763	2.555642e+02	9.255801e+01	-9.13855e+01	
1764	2.570396e+02	9.250778e+01	-9.13978e+01	
1765	2.585235e+02	9.245754e+01	-9.14101e+01	
1766	2.600160e+02	9.240730e+01	-9.14225e+01	
1767	2.615170e+02	9.235705e+01	-9.14349e+01	
1768	2.630268e+02	9.230681e+01	-9.14474e+01	
1769	2.645453e+02	9.225656e+01	-9.14599e+01	
1770	2.660725e+02	9.220630e+01	-9.14725e+01	
1771	2.676086e+02	9.215605e+01	-9.14851e+01	
1772	2.691535e+02	9.210579e+01	-9.14977e+01	
1773	2.707073e+02	9.205553e+01	-9.15105e+01	
1774	2.722701e+02	9.200526e+01	-9.15232e+01	
1775	2.738420e+02	9.195499e+01	-9.15360e+01	
1776	2.754229e+02	9.190472e+01	-9.15489e+01	
1777	2.770129e+02	9.185445e+01	-9.15617e+01	
1778	2.786121e+02	9.180417e+01	-9.15747e+01	
1779	2.802206e+02	9.175389e+01	-9.15877e+01	
1780	2.818383e+02	9.170361e+01	-9.16007e+01	
1781	2.834654e+02	9.165332e+01	-9.16138e+01	
1782	2.851018e+02	9.160303e+01	-9.16269e+01	
1783	2.867477e+02	9.155274e+01	-9.16401e+01	
1784	2.884032e+02	9.150244e+01	-9.16534e+01	
1785	2.900681e+02	9.145214e+01	-9.16667e+01	
1786	2.917427e+02	9.140184e+01	-9.16800e+01	
1787	2.934270e+02	9.135153e+01	-9.16934e+01	
1788	2.951209e+02	9.130122e+01	-9.17069e+01	
1789	2.968247e+02	9.125091e+01	-9.17204e+01	
1790	2.985383e+02	9.120059e+01	-9.17339e+01	
1791	3.002617e+02	9.115027e+01	-9.17475e+01	
1792	3.019952e+02	9.109994e+01	-9.17612e+01	
1793	3.037386e+02	9.104961e+01	-9.17749e+01	
1794	3.054921e+02	9.099928e+01	-9.17886e+01	

Index   frequency       tdb             tph             
--------------------------------------------------------------------------------
1795	3.072557e+02	9.094894e+01	-9.18025e+01	
1796	3.090295e+02	9.089860e+01	-9.18163e+01	
1797	3.108136e+02	9.084826e+01	-9.18303e+01	
1798	3.126079e+02	9.079791e+01	-9.18443e+01	
1799	3.144126e+02	9.074756e+01	-9.18583e+01	
1800	3.162278e+02	9.069720e+01	-9.18724e+01	
1801	3.180534e+02	9.064684e+01	-9.18866e+01	
1802	3.198895e+02	9.059647e+01	-9.19008e+01	
1803	3.217363e+02	9.054610e+01	-9.19150e+01	
1804	3.235937e+02	9.049573e+01	-9.19294e+01	
1805	3.254618e+02	9.044535e+01	-9.19438e+01	
1806	3.273407e+02	9.039497e+01	-9.19582e+01	
1807	3.292305e+02	9.034459e+01	-9.19727e+01	
1808	3.311311e+02	9.029420e+01	-9.19873e+01	
1809	3.330428e+02	9.024380e+01	-9.20019e+01	
1810	3.349654e+02	9.019340e+01	-9.20166e+01	
1811	3.368992e+02	9.014300e+01	-9.20313e+01	
1812	3.388442e+02	9.009259e+01	-9.20462e+01	
1813	3.408003e+02	9.004217e+01	-9.20610e+01	
1814	3.427678e+02	8.999176e+01	-9.20760e+01	
1815	3.447466e+02	8.994133e+01	-9.20909e+01	
1816	3.467369e+02	8.989091e+01	-9.21060e+01	
1817	3.487386e+02	8.984047e+01	-9.21211e+01	
1818	3.507519e+02	8.979004e+01	-9.21363e+01	
1819	3.527768e+02	8.973959e+01	-9.21516e+01	
1820	3.548134e+02	8.968915e+01	-9.21669e+01	
1821	3.568617e+02	8.963869e+01	-9.21822e+01	
1822	3.589219e+02	8.958824e+01	-9.21977e+01	
1823	3.609940e+02	8.953777e+01	-9.22132e+01	
1824	3.630781e+02	8.948730e+01	-9.22288e+01	
1825	3.651741e+02	8.943683e+01	-9.22444e+01	
1826	3.672823e+02	8.938635e+01	-9.22601e+01	
1827	3.694026e+02	8.933587e+01	-9.22759e+01	
1828	3.715352e+02	8.928538e+01	-9.22917e+01	
1829	3.736801e+02	8.923488e+01	-9.23076e+01	
1830	3.758374e+02	8.918438e+01	-9.23236e+01	
1831	3.780071e+02	8.913388e+01	-9.23396e+01	
1832	3.801894e+02	8.908336e+01	-9.23558e+01	
1833	3.823843e+02	8.903284e+01	-9.23719e+01	
1834	3.845918e+02	8.898232e+01	-9.23882e+01	
1835	3.868121e+02	8.893179e+01	-9.24045e+01	
1836	3.890451e+02	8.888125e+01	-9.24209e+01	
1837	3.912911e+02	8.883071e+01	-9.24374e+01	
1838	3.935501e+02	8.878016e+01	-9.24539e+01	
1839	3.958221e+02	8.872961e+01	-9.24705e+01	
1840	3.981072e+02	8.867905e+01	-9.24872e+01	
1841	4.004055e+02	8.862848e+01	-9.25039e+01	
1842	4.027170e+02	8.857791e+01	-9.25208e+01	
1843	4.050419e+02	8.852733e+01	-9.25377e+01	
1844	4.073803e+02	8.847674e+01	-9.25546e+01	
1845	4.097321e+02	8.842615e+01	-9.25717e+01	
1846	4.120975e+02	8.837555e+01	-9.25888e+01	
1847	4.144766e+02	8.832494e+01	-9.26060e+01	
1848	4.168694e+02	8.827433e+01	-9.26233e+01	
1849	4.192760e+02	8.822371e+01	-9.26406e+01	
1850	4.216965e+02	8.817308e+01	-9.26580e+01	
1851	4.241310e+02	8.812245e+01	-9.26755e+01	
1852	4.265795e+02	8.807181e+01	-9.26931e+01	

Index   frequency       tdb             tph             
--------------------------------------------------------------------------------
1853	4.290422e+02	8.802116e+01	-9.27107e+01	
1854	4.315191e+02	8.797050e+01	-9.27285e+01	
1855	4.340103e+02	8.791984e+01	-9.27463e+01	
1856	4.365158e+02	8.786917e+01	-9.27641e+01	
1857	4.390359e+02	8.781849e+01	-9.27821e+01	
1858	4.415704e+02	8.776781e+01	-9.28001e+01	
1859	4.441197e+02	8.771711e+01	-9.28183e+01	
1860	4.466836e+02	8.766641e+01	-9.28365e+01	
1861	4.492623e+02	8.761570e+01	-9.28547e+01	
1862	4.518559e+02	8.756499e+01	-9.28731e+01	
1863	4.544645e+02	8.751426e+01	-9.28915e+01	
1864	4.570882e+02	8.746353e+01	-9.29101e+01	
1865	4.597270e+02	8.741279e+01	-9.29287e+01	
1866	4.623810e+02	8.736204e+01	-9.29474e+01	
1867	4.650504e+02	8.731128e+01	-9.29661e+01	
1868	4.677351e+02	8.726051e+01	-9.29850e+01	
1869	4.704354e+02	8.720974e+01	-9.30039e+01	
1870	4.731513e+02	8.715895e+01	-9.30229e+01	
1871	4.758828e+02	8.710816e+01	-9.30420e+01	
1872	4.786301e+02	8.705736e+01	-9.30612e+01	
1873	4.813933e+02	8.700655e+01	-9.30805e+01	
1874	4.841724e+02	8.695573e+01	-9.30998e+01	
1875	4.869675e+02	8.690490e+01	-9.31193e+01	
1876	4.897788e+02	8.685407e+01	-9.31388e+01	
1877	4.926063e+02	8.680322e+01	-9.31584e+01	
1878	4.954502e+02	8.675236e+01	-9.31781e+01	
1879	4.983105e+02	8.670150e+01	-9.31979e+01	
1880	5.011872e+02	8.665062e+01	-9.32177e+01	
1881	5.040806e+02	8.659974e+01	-9.32377e+01	
1882	5.069907e+02	8.654884e+01	-9.32577e+01	
1883	5.099176e+02	8.649794e+01	-9.32779e+01	
1884	5.128614e+02	8.644702e+01	-9.32981e+01	
1885	5.158222e+02	8.639610e+01	-9.33184e+01	
1886	5.188000e+02	8.634516e+01	-9.33388e+01	
1887	5.217951e+02	8.629422e+01	-9.33593e+01	
1888	5.248075e+02	8.624326e+01	-9.33798e+01	
1889	5.278372e+02	8.619230e+01	-9.34005e+01	
1890	5.308844e+02	8.614132e+01	-9.34212e+01	
1891	5.339493e+02	8.609033e+01	-9.34421e+01	
1892	5.370318e+02	8.603934e+01	-9.34630e+01	
1893	5.401321e+02	8.598833e+01	-9.34840e+01	
1894	5.432503e+02	8.593731e+01	-9.35052e+01	
1895	5.463865e+02	8.588627e+01	-9.35264e+01	
1896	5.495409e+02	8.583523e+01	-9.35477e+01	
1897	5.527134e+02	8.578418e+01	-9.35691e+01	
1898	5.559043e+02	8.573311e+01	-9.35906e+01	
1899	5.591135e+02	8.568203e+01	-9.36121e+01	
1900	5.623413e+02	8.563094e+01	-9.36338e+01	
1901	5.655878e+02	8.557984e+01	-9.36556e+01	
1902	5.688529e+02	8.552873e+01	-9.36774e+01	
1903	5.721370e+02	8.547760e+01	-9.36994e+01	
1904	5.754399e+02	8.542646e+01	-9.37214e+01	
1905	5.787620e+02	8.537531e+01	-9.37436e+01	
1906	5.821032e+02	8.532415e+01	-9.37658e+01	
1907	5.854637e+02	8.527297e+01	-9.37881e+01	
1908	5.888437e+02	8.522179e+01	-9.38106e+01	
1909	5.922431e+02	8.517058e+01	-9.38331e+01	
1910	5.956621e+02	8.511937e+01	-9.38557e+01	

Index   frequency       tdb             tph             
--------------------------------------------------------------------------------
1911	5.991009e+02	8.506814e+01	-9.38784e+01	
1912	6.025596e+02	8.501690e+01	-9.39012e+01	
1913	6.060382e+02	8.496565e+01	-9.39241e+01	
1914	6.095369e+02	8.491438e+01	-9.39471e+01	
1915	6.130558e+02	8.486310e+01	-9.39702e+01	
1916	6.165950e+02	8.481180e+01	-9.39934e+01	
1917	6.201546e+02	8.476049e+01	-9.40167e+01	
1918	6.237348e+02	8.470917e+01	-9.40401e+01	
1919	6.273357e+02	8.465783e+01	-9.40636e+01	
1920	6.309573e+02	8.460648e+01	-9.40872e+01	
1921	6.345999e+02	8.455511e+01	-9.41108e+01	
1922	6.382635e+02	8.450373e+01	-9.41346e+01	
1923	6.419482e+02	8.445233e+01	-9.41585e+01	
1924	6.456542e+02	8.440092e+01	-9.41825e+01	
1925	6.493816e+02	8.434949e+01	-9.42066e+01	
1926	6.531306e+02	8.429805e+01	-9.42307e+01	
1927	6.569011e+02	8.424659e+01	-9.42550e+01	
1928	6.606934e+02	8.419512e+01	-9.42794e+01	
1929	6.645077e+02	8.414363e+01	-9.43039e+01	
1930	6.683439e+02	8.409212e+01	-9.43284e+01	
1931	6.722023e+02	8.404060e+01	-9.43531e+01	
1932	6.760830e+02	8.398906e+01	-9.43779e+01	
1933	6.799860e+02	8.393751e+01	-9.44027e+01	
1934	6.839116e+02	8.388594e+01	-9.44277e+01	
1935	6.878599e+02	8.383435e+01	-9.44528e+01	
1936	6.918310e+02	8.378275e+01	-9.44780e+01	
1937	6.958250e+02	8.373113e+01	-9.45032e+01	
1938	6.998420e+02	8.367949e+01	-9.45286e+01	
1939	7.038822e+02	8.362783e+01	-9.45541e+01	
1940	7.079458e+02	8.357616e+01	-9.45797e+01	
1941	7.120328e+02	8.352447e+01	-9.46053e+01	
1942	7.161434e+02	8.347276e+01	-9.46311e+01	
1943	7.202778e+02	8.342103e+01	-9.46570e+01	
1944	7.244360e+02	8.336929e+01	-9.46829e+01	
1945	7.286182e+02	8.331752e+01	-9.47090e+01	
1946	7.328245e+02	8.326574e+01	-9.47352e+01	
1947	7.370552e+02	8.321394e+01	-9.47615e+01	
1948	7.413102e+02	8.316212e+01	-9.47878e+01	
1949	7.455899e+02	8.311028e+01	-9.48143e+01	
1950	7.498942e+02	8.305842e+01	-9.48409e+01	
1951	7.542234e+02	8.300654e+01	-9.48676e+01	
1952	7.585776e+02	8.295465e+01	-9.48943e+01	
1953	7.629569e+02	8.290273e+01	-9.49212e+01	
1954	7.673615e+02	8.285079e+01	-9.49482e+01	
1955	7.717915e+02	8.279883e+01	-9.49753e+01	
1956	7.762471e+02	8.274686e+01	-9.50025e+01	
1957	7.807284e+02	8.269486e+01	-9.50297e+01	
1958	7.852356e+02	8.264284e+01	-9.50571e+01	
1959	7.897688e+02	8.259080e+01	-9.50846e+01	
1960	7.943282e+02	8.253874e+01	-9.51122e+01	
1961	7.989139e+02	8.248665e+01	-9.51398e+01	
1962	8.035261e+02	8.243455e+01	-9.51676e+01	
1963	8.081649e+02	8.238243e+01	-9.51955e+01	
1964	8.128305e+02	8.233028e+01	-9.52234e+01	
1965	8.175230e+02	8.227811e+01	-9.52515e+01	
1966	8.222426e+02	8.222592e+01	-9.52797e+01	
1967	8.269895e+02	8.217370e+01	-9.53079e+01	
1968	8.317638e+02	8.212146e+01	-9.53363e+01	

Index   frequency       tdb             tph             
--------------------------------------------------------------------------------
1969	8.365656e+02	8.206920e+01	-9.53648e+01	
1970	8.413951e+02	8.201692e+01	-9.53933e+01	
1971	8.462526e+02	8.196461e+01	-9.54220e+01	
1972	8.511380e+02	8.191228e+01	-9.54507e+01	
1973	8.560517e+02	8.185993e+01	-9.54796e+01	
1974	8.609938e+02	8.180755e+01	-9.55085e+01	
1975	8.659643e+02	8.175515e+01	-9.55375e+01	
1976	8.709636e+02	8.170273e+01	-9.55667e+01	
1977	8.759917e+02	8.165028e+01	-9.55959e+01	
1978	8.810489e+02	8.159780e+01	-9.56252e+01	
1979	8.861352e+02	8.154530e+01	-9.56546e+01	
1980	8.912509e+02	8.149277e+01	-9.56842e+01	
1981	8.963962e+02	8.144022e+01	-9.57138e+01	
1982	9.015711e+02	8.138765e+01	-9.57435e+01	
1983	9.067760e+02	8.133505e+01	-9.57732e+01	
1984	9.120108e+02	8.128242e+01	-9.58031e+01	
1985	9.172759e+02	8.122976e+01	-9.58331e+01	
1986	9.225714e+02	8.117708e+01	-9.58632e+01	
1987	9.278975e+02	8.112437e+01	-9.58933e+01	
1988	9.332543e+02	8.107164e+01	-9.59236e+01	
1989	9.386420e+02	8.101888e+01	-9.59539e+01	
1990	9.440609e+02	8.096609e+01	-9.59843e+01	
1991	9.495110e+02	8.091327e+01	-9.60148e+01	
1992	9.549926e+02	8.086043e+01	-9.60454e+01	
1993	9.605058e+02	8.080756e+01	-9.60761e+01	
1994	9.660509e+02	8.075466e+01	-9.61069e+01	
1995	9.716280e+02	8.070173e+01	-9.61377e+01	
1996	9.772372e+02	8.064877e+01	-9.61687e+01	
1997	9.828789e+02	8.059579e+01	-9.61997e+01	
1998	9.885531e+02	8.054277e+01	-9.62308e+01	
1999	9.942601e+02	8.048973e+01	-9.62620e+01	
2000	1.000000e+03	8.043665e+01	-9.62932e+01	
2001	1.005773e+03	8.038355e+01	-9.63246e+01	
2002	1.011579e+03	8.033041e+01	-9.63560e+01	
2003	1.017419e+03	8.027725e+01	-9.63875e+01	
2004	1.023293e+03	8.022405e+01	-9.64191e+01	
2005	1.029201e+03	8.017083e+01	-9.64508e+01	
2006	1.035142e+03	8.011757e+01	-9.64825e+01	
2007	1.041118e+03	8.006429e+01	-9.65143e+01	
2008	1.047129e+03	8.001097e+01	-9.65462e+01	
2009	1.053174e+03	7.995762e+01	-9.65782e+01	
2010	1.059254e+03	7.990423e+01	-9.66102e+01	
2011	1.065369e+03	7.985082e+01	-9.66424e+01	
2012	1.071519e+03	7.979737e+01	-9.66745e+01	
2013	1.077705e+03	7.974389e+01	-9.67068e+01	
2014	1.083927e+03	7.969038e+01	-9.67391e+01	
2015	1.090184e+03	7.963684e+01	-9.67715e+01	
2016	1.096478e+03	7.958326e+01	-9.68040e+01	
2017	1.102808e+03	7.952965e+01	-9.68365e+01	
2018	1.109175e+03	7.947600e+01	-9.68691e+01	
2019	1.115578e+03	7.942232e+01	-9.69017e+01	
2020	1.122018e+03	7.936861e+01	-9.69344e+01	
2021	1.128496e+03	7.931486e+01	-9.69672e+01	
2022	1.135011e+03	7.926108e+01	-9.70000e+01	
2023	1.141563e+03	7.920727e+01	-9.70329e+01	
2024	1.148154e+03	7.915341e+01	-9.70658e+01	
2025	1.154782e+03	7.909953e+01	-9.70988e+01	
2026	1.161449e+03	7.904560e+01	-9.71319e+01	

Index   frequency       tdb             tph             
--------------------------------------------------------------------------------
2027	1.168154e+03	7.899165e+01	-9.71650e+01	
2028	1.174898e+03	7.893765e+01	-9.71982e+01	
2029	1.181680e+03	7.888362e+01	-9.72314e+01	
2030	1.188502e+03	7.882955e+01	-9.72646e+01	
2031	1.195364e+03	7.877545e+01	-9.72979e+01	
2032	1.202264e+03	7.872131e+01	-9.73313e+01	
2033	1.209205e+03	7.866713e+01	-9.73647e+01	
2034	1.216186e+03	7.861292e+01	-9.73981e+01	
2035	1.223207e+03	7.855867e+01	-9.74316e+01	
2036	1.230269e+03	7.850438e+01	-9.74651e+01	
2037	1.237371e+03	7.845005e+01	-9.74987e+01	
2038	1.244515e+03	7.839568e+01	-9.75322e+01	
2039	1.251699e+03	7.834128e+01	-9.75659e+01	
2040	1.258925e+03	7.828684e+01	-9.75995e+01	
2041	1.266193e+03	7.823235e+01	-9.76332e+01	
2042	1.273503e+03	7.817783e+01	-9.76669e+01	
2043	1.280855e+03	7.812327e+01	-9.77007e+01	
2044	1.288250e+03	7.806867e+01	-9.77344e+01	
2045	1.295687e+03	7.801403e+01	-9.77682e+01	
2046	1.303167e+03	7.795936e+01	-9.78020e+01	
2047	1.310690e+03	7.790464e+01	-9.78359e+01	
2048	1.318257e+03	7.784988e+01	-9.78697e+01	
2049	1.325867e+03	7.779508e+01	-9.79036e+01	
2050	1.333521e+03	7.774024e+01	-9.79375e+01	
2051	1.341220e+03	7.768536e+01	-9.79714e+01	
2052	1.348963e+03	7.763043e+01	-9.80053e+01	
2053	1.356751e+03	7.757547e+01	-9.80392e+01	
2054	1.364583e+03	7.752047e+01	-9.80731e+01	
2055	1.372461e+03	7.746542e+01	-9.81070e+01	
2056	1.380384e+03	7.741033e+01	-9.81409e+01	
2057	1.388353e+03	7.735520e+01	-9.81749e+01	
2058	1.396368e+03	7.730003e+01	-9.82088e+01	
2059	1.404430e+03	7.724482e+01	-9.82427e+01	
2060	1.412538e+03	7.718956e+01	-9.82766e+01	
2061	1.420692e+03	7.713426e+01	-9.83105e+01	
2062	1.428894e+03	7.707892e+01	-9.83444e+01	
2063	1.437143e+03	7.702353e+01	-9.83783e+01	
2064	1.445440e+03	7.696810e+01	-9.84121e+01	
2065	1.453784e+03	7.691263e+01	-9.84459e+01	
2066	1.462177e+03	7.685711e+01	-9.84797e+01	
2067	1.470618e+03	7.680155e+01	-9.85135e+01	
2068	1.479108e+03	7.674595e+01	-9.85473e+01	
2069	1.487647e+03	7.669030e+01	-9.85810e+01	
2070	1.496236e+03	7.663461e+01	-9.86147e+01	
2071	1.504874e+03	7.657888e+01	-9.86484e+01	
2072	1.513561e+03	7.652310e+01	-9.86820e+01	
2073	1.522299e+03	7.646727e+01	-9.87156e+01	
2074	1.531087e+03	7.641140e+01	-9.87492e+01	
2075	1.539927e+03	7.635549e+01	-9.87827e+01	
2076	1.548817e+03	7.629953e+01	-9.88161e+01	
2077	1.557758e+03	7.624352e+01	-9.88495e+01	
2078	1.566751e+03	7.618748e+01	-9.88829e+01	
2079	1.575796e+03	7.613138e+01	-9.89162e+01	
2080	1.584893e+03	7.607524e+01	-9.89494e+01	
2081	1.594043e+03	7.601906e+01	-9.89826e+01	
2082	1.603245e+03	7.596283e+01	-9.90157e+01	
2083	1.612501e+03	7.590655e+01	-9.90488e+01	
2084	1.621810e+03	7.585023e+01	-9.90817e+01	

Index   frequency       tdb             tph             
--------------------------------------------------------------------------------
2085	1.631173e+03	7.579386e+01	-9.91147e+01	
2086	1.640590e+03	7.573745e+01	-9.91475e+01	
2087	1.650061e+03	7.568099e+01	-9.91802e+01	
2088	1.659587e+03	7.562448e+01	-9.92129e+01	
2089	1.669168e+03	7.556793e+01	-9.92455e+01	
2090	1.678804e+03	7.551133e+01	-9.92780e+01	
2091	1.688496e+03	7.545468e+01	-9.93104e+01	
2092	1.698244e+03	7.539799e+01	-9.93427e+01	
2093	1.708048e+03	7.534126e+01	-9.93749e+01	
2094	1.717908e+03	7.528447e+01	-9.94070e+01	
2095	1.727826e+03	7.522764e+01	-9.94390e+01	
2096	1.737801e+03	7.517077e+01	-9.94710e+01	
2097	1.747833e+03	7.511384e+01	-9.95028e+01	
2098	1.757924e+03	7.505687e+01	-9.95344e+01	
2099	1.768072e+03	7.499986e+01	-9.95660e+01	
2100	1.778279e+03	7.494280e+01	-9.95975e+01	
2101	1.788546e+03	7.488569e+01	-9.96288e+01	
2102	1.798871e+03	7.482853e+01	-9.96600e+01	
2103	1.809256e+03	7.477133e+01	-9.96910e+01	
2104	1.819701e+03	7.471408e+01	-9.97220e+01	
2105	1.830206e+03	7.465679e+01	-9.97528e+01	
2106	1.840772e+03	7.459945e+01	-9.97835e+01	
2107	1.851399e+03	7.454206e+01	-9.98140e+01	
2108	1.862087e+03	7.448463e+01	-9.98444e+01	
2109	1.872837e+03	7.442715e+01	-9.98746e+01	
2110	1.883649e+03	7.436962e+01	-9.99047e+01	
2111	1.894524e+03	7.431205e+01	-9.99346e+01	
2112	1.905461e+03	7.425443e+01	-9.99643e+01	
2113	1.916461e+03	7.419677e+01	-9.99939e+01	
2114	1.927525e+03	7.413906e+01	-1.00023e+02	
2115	1.938653e+03	7.408130e+01	-1.00053e+02	
2116	1.949845e+03	7.402350e+01	-1.00082e+02	
2117	1.961101e+03	7.396565e+01	-1.00111e+02	
2118	1.972423e+03	7.390776e+01	-1.00139e+02	
2119	1.983810e+03	7.384982e+01	-1.00168e+02	
2120	1.995262e+03	7.379184e+01	-1.00196e+02	
2121	2.006781e+03	7.373381e+01	-1.00224e+02	
2122	2.018366e+03	7.367573e+01	-1.00252e+02	
2123	2.030019e+03	7.361762e+01	-1.00280e+02	
2124	2.041738e+03	7.355945e+01	-1.00308e+02	
2125	2.053525e+03	7.350125e+01	-1.00335e+02	
2126	2.065380e+03	7.344299e+01	-1.00362e+02	
2127	2.077304e+03	7.338470e+01	-1.00389e+02	
2128	2.089296e+03	7.332636e+01	-1.00416e+02	
2129	2.101358e+03	7.326797e+01	-1.00442e+02	
2130	2.113489e+03	7.320955e+01	-1.00469e+02	
2131	2.125690e+03	7.315108e+01	-1.00495e+02	
2132	2.137962e+03	7.309256e+01	-1.00521e+02	
2133	2.150305e+03	7.303400e+01	-1.00546e+02	
2134	2.162719e+03	7.297541e+01	-1.00572e+02	
2135	2.175204e+03	7.291676e+01	-1.00597e+02	
2136	2.187762e+03	7.285808e+01	-1.00622e+02	
2137	2.200392e+03	7.279935e+01	-1.00646e+02	
2138	2.213095e+03	7.274059e+01	-1.00671e+02	
2139	2.225871e+03	7.268178e+01	-1.00695e+02	
2140	2.238721e+03	7.262293e+01	-1.00719e+02	
2141	2.251645e+03	7.256403e+01	-1.00742e+02	
2142	2.264644e+03	7.250510e+01	-1.00766e+02	

Index   frequency       tdb             tph             
--------------------------------------------------------------------------------
2143	2.277718e+03	7.244613e+01	-1.00789e+02	
2144	2.290868e+03	7.238712e+01	-1.00812e+02	
2145	2.304093e+03	7.232807e+01	-1.00834e+02	
2146	2.317395e+03	7.226898e+01	-1.00856e+02	
2147	2.330773e+03	7.220985e+01	-1.00878e+02	
2148	2.344229e+03	7.215068e+01	-1.00900e+02	
2149	2.357762e+03	7.209147e+01	-1.00921e+02	
2150	2.371374e+03	7.203223e+01	-1.00942e+02	
2151	2.385064e+03	7.197295e+01	-1.00963e+02	
2152	2.398833e+03	7.191363e+01	-1.00984e+02	
2153	2.412682e+03	7.185427e+01	-1.01004e+02	
2154	2.426610e+03	7.179488e+01	-1.01024e+02	
2155	2.440619e+03	7.173545e+01	-1.01044e+02	
2156	2.454709e+03	7.167599e+01	-1.01063e+02	
2157	2.468880e+03	7.161649e+01	-1.01082e+02	
2158	2.483133e+03	7.155695e+01	-1.01100e+02	
2159	2.497468e+03	7.149739e+01	-1.01119e+02	
2160	2.511886e+03	7.143778e+01	-1.01137e+02	
2161	2.526388e+03	7.137815e+01	-1.01154e+02	
2162	2.540973e+03	7.131848e+01	-1.01172e+02	
2163	2.555642e+03	7.125878e+01	-1.01189e+02	
2164	2.570396e+03	7.119905e+01	-1.01206e+02	
2165	2.585235e+03	7.113928e+01	-1.01222e+02	
2166	2.600160e+03	7.107949e+01	-1.01238e+02	
2167	2.615170e+03	7.101966e+01	-1.01254e+02	
2168	2.630268e+03	7.095981e+01	-1.01269e+02	
2169	2.645453e+03	7.089992e+01	-1.01284e+02	
2170	2.660725e+03	7.084000e+01	-1.01298e+02	
2171	2.676086e+03	7.078006e+01	-1.01313e+02	
2172	2.691535e+03	7.072009e+01	-1.01327e+02	
2173	2.707073e+03	7.066009e+01	-1.01340e+02	
2174	2.722701e+03	7.060006e+01	-1.01353e+02	
2175	2.738420e+03	7.054001e+01	-1.01366e+02	
2176	2.754229e+03	7.047993e+01	-1.01378e+02	
2177	2.770129e+03	7.041983e+01	-1.01391e+02	
2178	2.786121e+03	7.035970e+01	-1.01402e+02	
2179	2.802206e+03	7.029955e+01	-1.01414e+02	
2180	2.818383e+03	7.023937e+01	-1.01424e+02	
2181	2.834654e+03	7.017917e+01	-1.01435e+02	
2182	2.851018e+03	7.011895e+01	-1.01445e+02	
2183	2.867477e+03	7.005871e+01	-1.01455e+02	
2184	2.884032e+03	6.999844e+01	-1.01464e+02	
2185	2.900681e+03	6.993816e+01	-1.01473e+02	
2186	2.917427e+03	6.987785e+01	-1.01482e+02	
2187	2.934270e+03	6.981753e+01	-1.01490e+02	
2188	2.951209e+03	6.975718e+01	-1.01498e+02	
2189	2.968247e+03	6.969682e+01	-1.01505e+02	
2190	2.985383e+03	6.963644e+01	-1.01512e+02	
2191	3.002617e+03	6.957605e+01	-1.01519e+02	
2192	3.019952e+03	6.951563e+01	-1.01525e+02	
2193	3.037386e+03	6.945521e+01	-1.01531e+02	
2194	3.054921e+03	6.939476e+01	-1.01536e+02	
2195	3.072557e+03	6.933431e+01	-1.01541e+02	
2196	3.090295e+03	6.927383e+01	-1.01546e+02	
2197	3.108136e+03	6.921335e+01	-1.01550e+02	
2198	3.126079e+03	6.915285e+01	-1.01554e+02	
2199	3.144126e+03	6.909235e+01	-1.01557e+02	
2200	3.162278e+03	6.903183e+01	-1.01560e+02	

Index   frequency       tdb             tph             
--------------------------------------------------------------------------------
2201	3.180534e+03	6.897130e+01	-1.01563e+02	
2202	3.198895e+03	6.891076e+01	-1.01565e+02	
2203	3.217363e+03	6.885021e+01	-1.01566e+02	
2204	3.235937e+03	6.878965e+01	-1.01568e+02	
2205	3.254618e+03	6.872909e+01	-1.01568e+02	
2206	3.273407e+03	6.866852e+01	-1.01569e+02	
2207	3.292305e+03	6.860794e+01	-1.01569e+02	
2208	3.311311e+03	6.854736e+01	-1.01568e+02	
2209	3.330428e+03	6.848677e+01	-1.01567e+02	
2210	3.349654e+03	6.842618e+01	-1.01566e+02	
2211	3.368992e+03	6.836559e+01	-1.01564e+02	
2212	3.388442e+03	6.830499e+01	-1.01562e+02	
2213	3.408003e+03	6.824439e+01	-1.01560e+02	
2214	3.427678e+03	6.818379e+01	-1.01557e+02	
2215	3.447466e+03	6.812319e+01	-1.01553e+02	
2216	3.467369e+03	6.806259e+01	-1.01549e+02	
2217	3.487386e+03	6.800199e+01	-1.01545e+02	
2218	3.507519e+03	6.794139e+01	-1.01540e+02	
2219	3.527768e+03	6.788079e+01	-1.01535e+02	
2220	3.548134e+03	6.782020e+01	-1.01529e+02	
2221	3.568617e+03	6.775961e+01	-1.01523e+02	
2222	3.589219e+03	6.769902e+01	-1.01517e+02	
2223	3.609940e+03	6.763844e+01	-1.01510e+02	
2224	3.630781e+03	6.757787e+01	-1.01503e+02	
2225	3.651741e+03	6.751730e+01	-1.01495e+02	
2226	3.672823e+03	6.745674e+01	-1.01487e+02	
2227	3.694026e+03	6.739619e+01	-1.01478e+02	
2228	3.715352e+03	6.733564e+01	-1.01469e+02	
2229	3.736801e+03	6.727511e+01	-1.01460e+02	
2230	3.758374e+03	6.721459e+01	-1.01450e+02	
2231	3.780071e+03	6.715407e+01	-1.01439e+02	
2232	3.801894e+03	6.709357e+01	-1.01429e+02	
2233	3.823843e+03	6.703308e+01	-1.01417e+02	
2234	3.845918e+03	6.697261e+01	-1.01406e+02	
2235	3.868121e+03	6.691214e+01	-1.01394e+02	
2236	3.890451e+03	6.685169e+01	-1.01381e+02	
2237	3.912911e+03	6.679126e+01	-1.01368e+02	
2238	3.935501e+03	6.673084e+01	-1.01355e+02	
2239	3.958221e+03	6.667044e+01	-1.01341e+02	
2240	3.981072e+03	6.661006e+01	-1.01327e+02	
2241	4.004055e+03	6.654969e+01	-1.01313e+02	
2242	4.027170e+03	6.648934e+01	-1.01298e+02	
2243	4.050419e+03	6.642901e+01	-1.01282e+02	
2244	4.073803e+03	6.636870e+01	-1.01266e+02	
2245	4.097321e+03	6.630841e+01	-1.01250e+02	
2246	4.120975e+03	6.624815e+01	-1.01234e+02	
2247	4.144766e+03	6.618790e+01	-1.01216e+02	
2248	4.168694e+03	6.612768e+01	-1.01199e+02	
2249	4.192760e+03	6.606748e+01	-1.01181e+02	
2250	4.216965e+03	6.600730e+01	-1.01163e+02	
2251	4.241310e+03	6.594715e+01	-1.01144e+02	
2252	4.265795e+03	6.588702e+01	-1.01125e+02	
2253	4.290422e+03	6.582692e+01	-1.01106e+02	
2254	4.315191e+03	6.576685e+01	-1.01086e+02	
2255	4.340103e+03	6.570680e+01	-1.01065e+02	
2256	4.365158e+03	6.564678e+01	-1.01045e+02	
2257	4.390359e+03	6.558679e+01	-1.01024e+02	
2258	4.415704e+03	6.552683e+01	-1.01002e+02	

Index   frequency       tdb             tph             
--------------------------------------------------------------------------------
2259	4.441197e+03	6.546689e+01	-1.00980e+02	
2260	4.466836e+03	6.540699e+01	-1.00958e+02	
2261	4.492623e+03	6.534712e+01	-1.00935e+02	
2262	4.518559e+03	6.528728e+01	-1.00912e+02	
2263	4.544645e+03	6.522747e+01	-1.00889e+02	
2264	4.570882e+03	6.516769e+01	-1.00865e+02	
2265	4.597270e+03	6.510795e+01	-1.00841e+02	
2266	4.623810e+03	6.504823e+01	-1.00817e+02	
2267	4.650504e+03	6.498856e+01	-1.00792e+02	
2268	4.677351e+03	6.492892e+01	-1.00767e+02	
2269	4.704354e+03	6.486931e+01	-1.00741e+02	
2270	4.731513e+03	6.480974e+01	-1.00715e+02	
2271	4.758828e+03	6.475021e+01	-1.00689e+02	
2272	4.786301e+03	6.469071e+01	-1.00662e+02	
2273	4.813933e+03	6.463125e+01	-1.00635e+02	
2274	4.841724e+03	6.457183e+01	-1.00607e+02	
2275	4.869675e+03	6.451244e+01	-1.00580e+02	
2276	4.897788e+03	6.445310e+01	-1.00552e+02	
2277	4.926063e+03	6.439379e+01	-1.00523e+02	
2278	4.954502e+03	6.433453e+01	-1.00494e+02	
2279	4.983105e+03	6.427530e+01	-1.00465e+02	
2280	5.011872e+03	6.421612e+01	-1.00436e+02	
2281	5.040806e+03	6.415698e+01	-1.00406e+02	
2282	5.069907e+03	6.409788e+01	-1.00376e+02	
2283	5.099176e+03	6.403882e+01	-1.00345e+02	
2284	5.128614e+03	6.397980e+01	-1.00315e+02	
2285	5.158222e+03	6.392083e+01	-1.00284e+02	
2286	5.188000e+03	6.386190e+01	-1.00252e+02	
2287	5.217951e+03	6.380302e+01	-1.00220e+02	
2288	5.248075e+03	6.374418e+01	-1.00188e+02	
2289	5.278372e+03	6.368538e+01	-1.00156e+02	
2290	5.308844e+03	6.362663e+01	-1.00123e+02	
2291	5.339493e+03	6.356793e+01	-1.00090e+02	
2292	5.370318e+03	6.350927e+01	-1.00057e+02	
2293	5.401321e+03	6.345066e+01	-1.00024e+02	
2294	5.432503e+03	6.339209e+01	-9.99898e+01	
2295	5.463865e+03	6.333358e+01	-9.99557e+01	
2296	5.495409e+03	6.327511e+01	-9.99213e+01	
2297	5.527134e+03	6.321668e+01	-9.98866e+01	
2298	5.559043e+03	6.315831e+01	-9.98516e+01	
2299	5.591135e+03	6.309999e+01	-9.98164e+01	
2300	5.623413e+03	6.304171e+01	-9.97809e+01	
2301	5.655878e+03	6.298349e+01	-9.97451e+01	
2302	5.688529e+03	6.292531e+01	-9.97090e+01	
2303	5.721370e+03	6.286718e+01	-9.96727e+01	
2304	5.754399e+03	6.280911e+01	-9.96362e+01	
2305	5.787620e+03	6.275108e+01	-9.95993e+01	
2306	5.821032e+03	6.269311e+01	-9.95623e+01	
2307	5.854637e+03	6.263518e+01	-9.95249e+01	
2308	5.888437e+03	6.257731e+01	-9.94874e+01	
2309	5.922431e+03	6.251949e+01	-9.94496e+01	
2310	5.956621e+03	6.246172e+01	-9.94115e+01	
2311	5.991009e+03	6.240401e+01	-9.93732e+01	
2312	6.025596e+03	6.234635e+01	-9.93347e+01	
2313	6.060382e+03	6.228874e+01	-9.92960e+01	
2314	6.095369e+03	6.223118e+01	-9.92570e+01	
2315	6.130558e+03	6.217368e+01	-9.92178e+01	
2316	6.165950e+03	6.211623e+01	-9.91784e+01	

Index   frequency       tdb             tph             
--------------------------------------------------------------------------------
2317	6.201546e+03	6.205883e+01	-9.91388e+01	
2318	6.237348e+03	6.200149e+01	-9.90990e+01	
2319	6.273357e+03	6.194420e+01	-9.90589e+01	
2320	6.309573e+03	6.188696e+01	-9.90187e+01	
2321	6.345999e+03	6.182978e+01	-9.89782e+01	
2322	6.382635e+03	6.177266e+01	-9.89376e+01	
2323	6.419482e+03	6.171559e+01	-9.88968e+01	
2324	6.456542e+03	6.165858e+01	-9.88557e+01	
2325	6.493816e+03	6.160162e+01	-9.88145e+01	
2326	6.531306e+03	6.154471e+01	-9.87731e+01	
2327	6.569011e+03	6.148786e+01	-9.87316e+01	
2328	6.606934e+03	6.143107e+01	-9.86898e+01	
2329	6.645077e+03	6.137434e+01	-9.86479e+01	
2330	6.683439e+03	6.131766e+01	-9.86058e+01	
2331	6.722023e+03	6.126103e+01	-9.85635e+01	
2332	6.760830e+03	6.120446e+01	-9.85211e+01	
2333	6.799860e+03	6.114795e+01	-9.84785e+01	
2334	6.839116e+03	6.109150e+01	-9.84358e+01	
2335	6.878599e+03	6.103510e+01	-9.83929e+01	
2336	6.918310e+03	6.097876e+01	-9.83499e+01	
2337	6.958250e+03	6.092247e+01	-9.83067e+01	
2338	6.998420e+03	6.086625e+01	-9.82633e+01	
2339	7.038822e+03	6.081008e+01	-9.82199e+01	
2340	7.079458e+03	6.075396e+01	-9.81762e+01	
2341	7.120328e+03	6.069791e+01	-9.81325e+01	
2342	7.161434e+03	6.064191e+01	-9.80886e+01	
2343	7.202778e+03	6.058597e+01	-9.80446e+01	
2344	7.244360e+03	6.053008e+01	-9.80005e+01	
2345	7.286182e+03	6.047426e+01	-9.79562e+01	
2346	7.328245e+03	6.041849e+01	-9.79119e+01	
2347	7.370552e+03	6.036278e+01	-9.78674e+01	
2348	7.413102e+03	6.030712e+01	-9.78228e+01	
2349	7.455899e+03	6.025153e+01	-9.77781e+01	
2350	7.498942e+03	6.019599e+01	-9.77333e+01	
2351	7.542234e+03	6.014051e+01	-9.76884e+01	
2352	7.585776e+03	6.008509e+01	-9.76434e+01	
2353	7.629569e+03	6.002973e+01	-9.75983e+01	
2354	7.673615e+03	5.997442e+01	-9.75531e+01	
2355	7.717915e+03	5.991917e+01	-9.75078e+01	
2356	7.762471e+03	5.986398e+01	-9.74624e+01	
2357	7.807284e+03	5.980885e+01	-9.74170e+01	
2358	7.852356e+03	5.975377e+01	-9.73714e+01	
2359	7.897688e+03	5.969876e+01	-9.73258e+01	
2360	7.943282e+03	5.964380e+01	-9.72801e+01	
2361	7.989139e+03	5.958890e+01	-9.72344e+01	
2362	8.035261e+03	5.953406e+01	-9.71885e+01	
2363	8.081649e+03	5.947927e+01	-9.71426e+01	
2364	8.128305e+03	5.942455e+01	-9.70967e+01	
2365	8.175230e+03	5.936988e+01	-9.70506e+01	
2366	8.222426e+03	5.931527e+01	-9.70046e+01	
2367	8.269895e+03	5.926072e+01	-9.69584e+01	
2368	8.317638e+03	5.920622e+01	-9.69122e+01	
2369	8.365656e+03	5.915179e+01	-9.68660e+01	
2370	8.413951e+03	5.909741e+01	-9.68197e+01	
2371	8.462526e+03	5.904309e+01	-9.67734e+01	
2372	8.511380e+03	5.898883e+01	-9.67270e+01	
2373	8.560517e+03	5.893462e+01	-9.66806e+01	
2374	8.609938e+03	5.888048e+01	-9.66341e+01	

Index   frequency       tdb             tph             
--------------------------------------------------------------------------------
2375	8.659643e+03	5.882639e+01	-9.65877e+01	
2376	8.709636e+03	5.877235e+01	-9.65411e+01	
2377	8.759917e+03	5.871838e+01	-9.64946e+01	
2378	8.810489e+03	5.866446e+01	-9.64480e+01	
2379	8.861352e+03	5.861061e+01	-9.64014e+01	
2380	8.912509e+03	5.855681e+01	-9.63548e+01	
2381	8.963962e+03	5.850306e+01	-9.63082e+01	
2382	9.015711e+03	5.844938e+01	-9.62616e+01	
2383	9.067760e+03	5.839575e+01	-9.62149e+01	
2384	9.120108e+03	5.834218e+01	-9.61682e+01	
2385	9.172759e+03	5.828866e+01	-9.61215e+01	
2386	9.225714e+03	5.823521e+01	-9.60749e+01	
2387	9.278975e+03	5.818181e+01	-9.60282e+01	
2388	9.332543e+03	5.812846e+01	-9.59815e+01	
2389	9.386420e+03	5.807518e+01	-9.59348e+01	
2390	9.440609e+03	5.802195e+01	-9.58881e+01	
2391	9.495110e+03	5.796878e+01	-9.58414e+01	
2392	9.549926e+03	5.791566e+01	-9.57948e+01	
2393	9.605058e+03	5.786261e+01	-9.57481e+01	
2394	9.660509e+03	5.780961e+01	-9.57015e+01	
2395	9.716280e+03	5.775666e+01	-9.56548e+01	
2396	9.772372e+03	5.770378e+01	-9.56082e+01	
2397	9.828789e+03	5.765095e+01	-9.55616e+01	
2398	9.885531e+03	5.759817e+01	-9.55151e+01	
2399	9.942601e+03	5.754545e+01	-9.54685e+01	
2400	1.000000e+04	5.749279e+01	-9.54220e+01	
2401	1.005773e+04	5.744019e+01	-9.53755e+01	
2402	1.011579e+04	5.738764e+01	-9.53291e+01	
2403	1.017419e+04	5.733515e+01	-9.52827e+01	
2404	1.023293e+04	5.728271e+01	-9.52363e+01	
2405	1.029201e+04	5.723033e+01	-9.51899e+01	
2406	1.035142e+04	5.717801e+01	-9.51436e+01	
2407	1.041118e+04	5.712574e+01	-9.50973e+01	
2408	1.047129e+04	5.707353e+01	-9.50511e+01	
2409	1.053174e+04	5.702137e+01	-9.50049e+01	
2410	1.059254e+04	5.696927e+01	-9.49588e+01	
2411	1.065369e+04	5.691722e+01	-9.49127e+01	
2412	1.071519e+04	5.686524e+01	-9.48667e+01	
2413	1.077705e+04	5.681330e+01	-9.48207e+01	
2414	1.083927e+04	5.676142e+01	-9.47748e+01	
2415	1.090184e+04	5.670960e+01	-9.47289e+01	
2416	1.096478e+04	5.665783e+01	-9.46831e+01	
2417	1.102808e+04	5.660612e+01	-9.46374e+01	
2418	1.109175e+04	5.655446e+01	-9.45917e+01	
2419	1.115578e+04	5.650286e+01	-9.45461e+01	
2420	1.122018e+04	5.645132e+01	-9.45006e+01	
2421	1.128496e+04	5.639982e+01	-9.44551e+01	
2422	1.135011e+04	5.634839e+01	-9.44097e+01	
2423	1.141563e+04	5.629701e+01	-9.43644e+01	
2424	1.148154e+04	5.624568e+01	-9.43192e+01	
2425	1.154782e+04	5.619441e+01	-9.42740e+01	
2426	1.161449e+04	5.614319e+01	-9.42289e+01	
2427	1.168154e+04	5.609203e+01	-9.41839e+01	
2428	1.174898e+04	5.604092e+01	-9.41390e+01	
2429	1.181680e+04	5.598987e+01	-9.40942e+01	
2430	1.188502e+04	5.593887e+01	-9.40495e+01	
2431	1.195364e+04	5.588792e+01	-9.40048e+01	
2432	1.202264e+04	5.583703e+01	-9.39603e+01	

Index   frequency       tdb             tph             
--------------------------------------------------------------------------------
2433	1.209205e+04	5.578620e+01	-9.39158e+01	
2434	1.216186e+04	5.573542e+01	-9.38714e+01	
2435	1.223207e+04	5.568469e+01	-9.38272e+01	
2436	1.230269e+04	5.563402e+01	-9.37830e+01	
2437	1.237371e+04	5.558340e+01	-9.37389e+01	
2438	1.244515e+04	5.553283e+01	-9.36950e+01	
2439	1.251699e+04	5.548232e+01	-9.36511e+01	
2440	1.258925e+04	5.543186e+01	-9.36073e+01	
2441	1.266193e+04	5.538146e+01	-9.35637e+01	
2442	1.273503e+04	5.533111e+01	-9.35202e+01	
2443	1.280855e+04	5.528082e+01	-9.34768e+01	
2444	1.288250e+04	5.523057e+01	-9.34335e+01	
2445	1.295687e+04	5.518039e+01	-9.33903e+01	
2446	1.303167e+04	5.513025e+01	-9.33472e+01	
2447	1.310690e+04	5.508017e+01	-9.33043e+01	
2448	1.318257e+04	5.503014e+01	-9.32614e+01	
2449	1.325867e+04	5.498017e+01	-9.32187e+01	
2450	1.333521e+04	5.493025e+01	-9.31762e+01	
2451	1.341220e+04	5.488038e+01	-9.31337e+01	
2452	1.348963e+04	5.483057e+01	-9.30914e+01	
2453	1.356751e+04	5.478081e+01	-9.30493e+01	
2454	1.364583e+04	5.473110e+01	-9.30072e+01	
2455	1.372461e+04	5.468145e+01	-9.29653e+01	
2456	1.380384e+04	5.463185e+01	-9.29235e+01	
2457	1.388353e+04	5.458230e+01	-9.28819e+01	
2458	1.396368e+04	5.453281e+01	-9.28404e+01	
2459	1.404430e+04	5.448337e+01	-9.27991e+01	
2460	1.412538e+04	5.443398e+01	-9.27579e+01	
2461	1.420692e+04	5.438464e+01	-9.27169e+01	
2462	1.428894e+04	5.433536e+01	-9.26760e+01	
2463	1.437143e+04	5.428613e+01	-9.26352e+01	
2464	1.445440e+04	5.423696e+01	-9.25946e+01	
2465	1.453784e+04	5.418783e+01	-9.25542e+01	
2466	1.462177e+04	5.413876e+01	-9.25139e+01	
2467	1.470618e+04	5.408975e+01	-9.24738e+01	
2468	1.479108e+04	5.404078e+01	-9.24339e+01	
2469	1.487647e+04	5.399187e+01	-9.23941e+01	
2470	1.496236e+04	5.394301e+01	-9.23545e+01	
2471	1.504874e+04	5.389420e+01	-9.23150e+01	
2472	1.513561e+04	5.384545e+01	-9.22758e+01	
2473	1.522299e+04	5.379674e+01	-9.22366e+01	
2474	1.531087e+04	5.374809e+01	-9.21977e+01	
2475	1.539927e+04	5.369950e+01	-9.21590e+01	
2476	1.548817e+04	5.365095e+01	-9.21204e+01	
2477	1.557758e+04	5.360246e+01	-9.20820e+01	
2478	1.566751e+04	5.355402e+01	-9.20438e+01	
2479	1.575796e+04	5.350563e+01	-9.20058e+01	
2480	1.584893e+04	5.345730e+01	-9.19680e+01	
2481	1.594043e+04	5.340901e+01	-9.19303e+01	
2482	1.603245e+04	5.336078e+01	-9.18929e+01	
2483	1.612501e+04	5.331260e+01	-9.18556e+01	
2484	1.621810e+04	5.326448e+01	-9.18186e+01	
2485	1.631173e+04	5.321640e+01	-9.17817e+01	
2486	1.640590e+04	5.316838e+01	-9.17451e+01	
2487	1.650061e+04	5.312041e+01	-9.17086e+01	
2488	1.659587e+04	5.307249e+01	-9.16724e+01	
2489	1.669168e+04	5.302462e+01	-9.16363e+01	
2490	1.678804e+04	5.297681e+01	-9.16005e+01	

Index   frequency       tdb             tph             
--------------------------------------------------------------------------------
2491	1.688496e+04	5.292904e+01	-9.15649e+01	
2492	1.698244e+04	5.288133e+01	-9.15295e+01	
2493	1.708048e+04	5.283367e+01	-9.14944e+01	
2494	1.717908e+04	5.278606e+01	-9.14594e+01	
2495	1.727826e+04	5.273851e+01	-9.14247e+01	
2496	1.737801e+04	5.269100e+01	-9.13902e+01	
2497	1.747833e+04	5.264355e+01	-9.13559e+01	
2498	1.757924e+04	5.259615e+01	-9.13219e+01	
2499	1.768072e+04	5.254880e+01	-9.12880e+01	
2500	1.778279e+04	5.250150e+01	-9.12545e+01	
2501	1.788546e+04	5.245425e+01	-9.12211e+01	
2502	1.798871e+04	5.240705e+01	-9.11880e+01	
2503	1.809256e+04	5.235991e+01	-9.11552e+01	
2504	1.819701e+04	5.231281e+01	-9.11226e+01	
2505	1.830206e+04	5.226577e+01	-9.10902e+01	
2506	1.840772e+04	5.221877e+01	-9.10581e+01	
2507	1.851399e+04	5.217183e+01	-9.10262e+01	
2508	1.862087e+04	5.212494e+01	-9.09946e+01	
2509	1.872837e+04	5.207810e+01	-9.09633e+01	
2510	1.883649e+04	5.203131e+01	-9.09322e+01	
2511	1.894524e+04	5.198457e+01	-9.09014e+01	
2512	1.905461e+04	5.193788e+01	-9.08709e+01	
2513	1.916461e+04	5.189124e+01	-9.08406e+01	
2514	1.927525e+04	5.184466e+01	-9.08106e+01	
2515	1.938653e+04	5.179812e+01	-9.07809e+01	
2516	1.949845e+04	5.175163e+01	-9.07514e+01	
2517	1.961101e+04	5.170519e+01	-9.07222e+01	
2518	1.972423e+04	5.165881e+01	-9.06934e+01	
2519	1.983810e+04	5.161247e+01	-9.06647e+01	
2520	1.995262e+04	5.156618e+01	-9.06364e+01	
2521	2.006781e+04	5.151994e+01	-9.06084e+01	
2522	2.018366e+04	5.147375e+01	-9.05807e+01	
2523	2.030019e+04	5.142761e+01	-9.05533e+01	
2524	2.041738e+04	5.138152e+01	-9.05261e+01	
2525	2.053525e+04	5.133548e+01	-9.04993e+01	
2526	2.065380e+04	5.128949e+01	-9.04728e+01	
2527	2.077304e+04	5.124355e+01	-9.04466e+01	
2528	2.089296e+04	5.119766e+01	-9.04207e+01	
2529	2.101358e+04	5.115181e+01	-9.03951e+01	
2530	2.113489e+04	5.110602e+01	-9.03699e+01	
2531	2.125690e+04	5.106027e+01	-9.03449e+01	
2532	2.137962e+04	5.101457e+01	-9.03203e+01	
2533	2.150305e+04	5.096892e+01	-9.02961e+01	
2534	2.162719e+04	5.092331e+01	-9.02721e+01	
2535	2.175204e+04	5.087776e+01	-9.02485e+01	
2536	2.187762e+04	5.083225e+01	-9.02252e+01	
2537	2.200392e+04	5.078679e+01	-9.02023e+01	
2538	2.213095e+04	5.074138e+01	-9.01797e+01	
2539	2.225871e+04	5.069601e+01	-9.01574e+01	
2540	2.238721e+04	5.065069e+01	-9.01355e+01	
2541	2.251645e+04	5.060542e+01	-9.01140e+01	
2542	2.264644e+04	5.056019e+01	-9.00928e+01	
2543	2.277718e+04	5.051502e+01	-9.00719e+01	
2544	2.290868e+04	5.046988e+01	-9.00515e+01	
2545	2.304093e+04	5.042480e+01	-9.00313e+01	
2546	2.317395e+04	5.037976e+01	-9.00116e+01	
2547	2.330773e+04	5.033476e+01	-8.99922e+01	
2548	2.344229e+04	5.028981e+01	-8.99732e+01	

Index   frequency       tdb             tph             
--------------------------------------------------------------------------------
2549	2.357762e+04	5.024491e+01	-8.99546e+01	
2550	2.371374e+04	5.020005e+01	-8.99364e+01	
2551	2.385064e+04	5.015524e+01	-8.99186e+01	
2552	2.398833e+04	5.011047e+01	-8.99011e+01	
2553	2.412682e+04	5.006574e+01	-8.98840e+01	
2554	2.426610e+04	5.002106e+01	-8.98673e+01	
2555	2.440619e+04	4.997643e+01	-8.98511e+01	
2556	2.454709e+04	4.993183e+01	-8.98352e+01	
2557	2.468880e+04	4.988728e+01	-8.98197e+01	
2558	2.483133e+04	4.984278e+01	-8.98047e+01	
2559	2.497468e+04	4.979831e+01	-8.97900e+01	
2560	2.511886e+04	4.975389e+01	-8.97758e+01	
2561	2.526388e+04	4.970952e+01	-8.97619e+01	
2562	2.540973e+04	4.966518e+01	-8.97485e+01	
2563	2.555642e+04	4.962088e+01	-8.97356e+01	
2564	2.570396e+04	4.957663e+01	-8.97230e+01	
2565	2.585235e+04	4.953242e+01	-8.97109e+01	
2566	2.600160e+04	4.948825e+01	-8.96992e+01	
2567	2.615170e+04	4.944412e+01	-8.96879e+01	
2568	2.630268e+04	4.940003e+01	-8.96771e+01	
2569	2.645453e+04	4.935598e+01	-8.96668e+01	
2570	2.660725e+04	4.931197e+01	-8.96568e+01	
2571	2.676086e+04	4.926800e+01	-8.96474e+01	
2572	2.691535e+04	4.922406e+01	-8.96384e+01	
2573	2.707073e+04	4.918017e+01	-8.96298e+01	
2574	2.722701e+04	4.913631e+01	-8.96217e+01	
2575	2.738420e+04	4.909250e+01	-8.96141e+01	
2576	2.754229e+04	4.904872e+01	-8.96069e+01	
2577	2.770129e+04	4.900498e+01	-8.96002e+01	
2578	2.786121e+04	4.896127e+01	-8.95939e+01	
2579	2.802206e+04	4.891760e+01	-8.95882e+01	
2580	2.818383e+04	4.887397e+01	-8.95829e+01	
2581	2.834654e+04	4.883037e+01	-8.95781e+01	
2582	2.851018e+04	4.878681e+01	-8.95738e+01	
2583	2.867477e+04	4.874328e+01	-8.95700e+01	
2584	2.884032e+04	4.869979e+01	-8.95667e+01	
2585	2.900681e+04	4.865633e+01	-8.95638e+01	
2586	2.917427e+04	4.861291e+01	-8.95615e+01	
2587	2.934270e+04	4.856952e+01	-8.95597e+01	
2588	2.951209e+04	4.852616e+01	-8.95584e+01	
2589	2.968247e+04	4.848283e+01	-8.95575e+01	
2590	2.985383e+04	4.843954e+01	-8.95572e+01	
2591	3.002617e+04	4.839628e+01	-8.95574e+01	
2592	3.019952e+04	4.835304e+01	-8.95582e+01	
2593	3.037386e+04	4.830984e+01	-8.95594e+01	
2594	3.054921e+04	4.826667e+01	-8.95612e+01	
2595	3.072557e+04	4.822353e+01	-8.95634e+01	
2596	3.090295e+04	4.818042e+01	-8.95663e+01	
2597	3.108136e+04	4.813734e+01	-8.95696e+01	
2598	3.126079e+04	4.809429e+01	-8.95735e+01	
2599	3.144126e+04	4.805126e+01	-8.95779e+01	
2600	3.162278e+04	4.800826e+01	-8.95829e+01	
2601	3.180534e+04	4.796529e+01	-8.95884e+01	
2602	3.198895e+04	4.792235e+01	-8.95944e+01	
2603	3.217363e+04	4.787943e+01	-8.96010e+01	
2604	3.235937e+04	4.783653e+01	-8.96082e+01	
2605	3.254618e+04	4.779367e+01	-8.96159e+01	
2606	3.273407e+04	4.775082e+01	-8.96241e+01	

Index   frequency       tdb             tph             
--------------------------------------------------------------------------------
2607	3.292305e+04	4.770800e+01	-8.96329e+01	
2608	3.311311e+04	4.766520e+01	-8.96423e+01	
2609	3.330428e+04	4.762243e+01	-8.96523e+01	
2610	3.349654e+04	4.757968e+01	-8.96628e+01	
2611	3.368992e+04	4.753695e+01	-8.96739e+01	
2612	3.388442e+04	4.749424e+01	-8.96855e+01	
2613	3.408003e+04	4.745155e+01	-8.96977e+01	
2614	3.427678e+04	4.740888e+01	-8.97106e+01	
2615	3.447466e+04	4.736623e+01	-8.97239e+01	
2616	3.467369e+04	4.732360e+01	-8.97379e+01	
2617	3.487386e+04	4.728099e+01	-8.97525e+01	
2618	3.507519e+04	4.723840e+01	-8.97676e+01	
2619	3.527768e+04	4.719582e+01	-8.97833e+01	
2620	3.548134e+04	4.715326e+01	-8.97997e+01	
2621	3.568617e+04	4.711072e+01	-8.98166e+01	
2622	3.589219e+04	4.706819e+01	-8.98341e+01	
2623	3.609940e+04	4.702568e+01	-8.98522e+01	
2624	3.630781e+04	4.698318e+01	-8.98709e+01	
2625	3.651741e+04	4.694070e+01	-8.98902e+01	
2626	3.672823e+04	4.689823e+01	-8.99101e+01	
2627	3.694026e+04	4.685577e+01	-8.99306e+01	
2628	3.715352e+04	4.681332e+01	-8.99518e+01	
2629	3.736801e+04	4.677089e+01	-8.99735e+01	
2630	3.758374e+04	4.672846e+01	-8.99959e+01	
2631	3.780071e+04	4.668605e+01	-9.00188e+01	
2632	3.801894e+04	4.664365e+01	-9.00424e+01	
2633	3.823843e+04	4.660125e+01	-9.00666e+01	
2634	3.845918e+04	4.655886e+01	-9.00914e+01	
2635	3.868121e+04	4.651649e+01	-9.01169e+01	
2636	3.890451e+04	4.647411e+01	-9.01429e+01	
2637	3.912911e+04	4.643175e+01	-9.01696e+01	
2638	3.935501e+04	4.638939e+01	-9.01969e+01	
2639	3.958221e+04	4.634704e+01	-9.02249e+01	
2640	3.981072e+04	4.630469e+01	-9.02534e+01	
2641	4.004055e+04	4.626234e+01	-9.02826e+01	
2642	4.027170e+04	4.622000e+01	-9.03125e+01	
2643	4.050419e+04	4.617766e+01	-9.03429e+01	
2644	4.073803e+04	4.613533e+01	-9.03740e+01	
2645	4.097321e+04	4.609299e+01	-9.04058e+01	
2646	4.120975e+04	4.605066e+01	-9.04381e+01	
2647	4.144766e+04	4.600833e+01	-9.04712e+01	
2648	4.168694e+04	4.596600e+01	-9.05048e+01	
2649	4.192760e+04	4.592366e+01	-9.05391e+01	
2650	4.216965e+04	4.588133e+01	-9.05740e+01	
2651	4.241310e+04	4.583899e+01	-9.06096e+01	
2652	4.265795e+04	4.579665e+01	-9.06458e+01	
2653	4.290422e+04	4.575430e+01	-9.06827e+01	
2654	4.315191e+04	4.571196e+01	-9.07202e+01	
2655	4.340103e+04	4.566961e+01	-9.07584e+01	
2656	4.365158e+04	4.562725e+01	-9.07972e+01	
2657	4.390359e+04	4.558488e+01	-9.08366e+01	
2658	4.415704e+04	4.554252e+01	-9.08767e+01	
2659	4.441197e+04	4.550014e+01	-9.09175e+01	
2660	4.466836e+04	4.545775e+01	-9.09589e+01	
2661	4.492623e+04	4.541536e+01	-9.10009e+01	
2662	4.518559e+04	4.537296e+01	-9.10436e+01	
2663	4.544645e+04	4.533055e+01	-9.10870e+01	
2664	4.570882e+04	4.528813e+01	-9.11310e+01	

Index   frequency       tdb             tph             
--------------------------------------------------------------------------------
2665	4.597270e+04	4.524570e+01	-9.11757e+01	
2666	4.623810e+04	4.520325e+01	-9.12210e+01	
2667	4.650504e+04	4.516080e+01	-9.12669e+01	
2668	4.677351e+04	4.511833e+01	-9.13136e+01	
2669	4.704354e+04	4.507585e+01	-9.13608e+01	
2670	4.731513e+04	4.503335e+01	-9.14088e+01	
2671	4.758828e+04	4.499084e+01	-9.14574e+01	
2672	4.786301e+04	4.494832e+01	-9.15066e+01	
2673	4.813933e+04	4.490578e+01	-9.15565e+01	
2674	4.841724e+04	4.486322e+01	-9.16071e+01	
2675	4.869675e+04	4.482065e+01	-9.16583e+01	
2676	4.897788e+04	4.477806e+01	-9.17102e+01	
2677	4.926063e+04	4.473545e+01	-9.17627e+01	
2678	4.954502e+04	4.469283e+01	-9.18159e+01	
2679	4.983105e+04	4.465018e+01	-9.18697e+01	
2680	5.011872e+04	4.460752e+01	-9.19242e+01	
2681	5.040806e+04	4.456483e+01	-9.19794e+01	
2682	5.069907e+04	4.452213e+01	-9.20352e+01	
2683	5.099176e+04	4.447940e+01	-9.20917e+01	
2684	5.128614e+04	4.443665e+01	-9.21488e+01	
2685	5.158222e+04	4.439388e+01	-9.22066e+01	
2686	5.188000e+04	4.435108e+01	-9.22650e+01	
2687	5.217951e+04	4.430827e+01	-9.23241e+01	
2688	5.248075e+04	4.426543e+01	-9.23838e+01	
2689	5.278372e+04	4.422256e+01	-9.24442e+01	
2690	5.308844e+04	4.417967e+01	-9.25053e+01	
2691	5.339493e+04	4.413675e+01	-9.25670e+01	
2692	5.370318e+04	4.409381e+01	-9.26294e+01	
2693	5.401321e+04	4.405084e+01	-9.26924e+01	
2694	5.432503e+04	4.400784e+01	-9.27561e+01	
2695	5.463865e+04	4.396482e+01	-9.28204e+01	
2696	5.495409e+04	4.392176e+01	-9.28854e+01	
2697	5.527134e+04	4.387868e+01	-9.29510e+01	
2698	5.559043e+04	4.383557e+01	-9.30173e+01	
2699	5.591135e+04	4.379243e+01	-9.30842e+01	
2700	5.623413e+04	4.374926e+01	-9.31518e+01	
2701	5.655878e+04	4.370606e+01	-9.32200e+01	
2702	5.688529e+04	4.366283e+01	-9.32889e+01	
2703	5.721370e+04	4.361957e+01	-9.33584e+01	
2704	5.754399e+04	4.357627e+01	-9.34286e+01	
2705	5.787620e+04	4.353294e+01	-9.34994e+01	
2706	5.821032e+04	4.348958e+01	-9.35709e+01	
2707	5.854637e+04	4.344619e+01	-9.36430e+01	
2708	5.888437e+04	4.340276e+01	-9.37158e+01	
2709	5.922431e+04	4.335930e+01	-9.37892e+01	
2710	5.956621e+04	4.331580e+01	-9.38632e+01	
2711	5.991009e+04	4.327227e+01	-9.39379e+01	
2712	6.025596e+04	4.322870e+01	-9.40133e+01	
2713	6.060382e+04	4.318510e+01	-9.40893e+01	
2714	6.095369e+04	4.314146e+01	-9.41659e+01	
2715	6.130558e+04	4.309778e+01	-9.42432e+01	
2716	6.165950e+04	4.305407e+01	-9.43211e+01	
2717	6.201546e+04	4.301031e+01	-9.43996e+01	
2718	6.237348e+04	4.296652e+01	-9.44788e+01	
2719	6.273357e+04	4.292270e+01	-9.45586e+01	
2720	6.309573e+04	4.287883e+01	-9.46391e+01	
2721	6.345999e+04	4.283492e+01	-9.47202e+01	
2722	6.382635e+04	4.279098e+01	-9.48019e+01	

Index   frequency       tdb             tph             
--------------------------------------------------------------------------------
2723	6.419482e+04	4.274699e+01	-9.48843e+01	
2724	6.456542e+04	4.270297e+01	-9.49673e+01	
2725	6.493816e+04	4.265890e+01	-9.50509e+01	
2726	6.531306e+04	4.261480e+01	-9.51352e+01	
2727	6.569011e+04	4.257065e+01	-9.52201e+01	
2728	6.606934e+04	4.252646e+01	-9.53057e+01	
2729	6.645077e+04	4.248223e+01	-9.53918e+01	
2730	6.683439e+04	4.243795e+01	-9.54786e+01	
2731	6.722023e+04	4.239364e+01	-9.55661e+01	
2732	6.760830e+04	4.234928e+01	-9.56541e+01	
2733	6.799860e+04	4.230488e+01	-9.57428e+01	
2734	6.839116e+04	4.226043e+01	-9.58321e+01	
2735	6.878599e+04	4.221594e+01	-9.59221e+01	
2736	6.918310e+04	4.217141e+01	-9.60126e+01	
2737	6.958250e+04	4.212683e+01	-9.61038e+01	
2738	6.998420e+04	4.208221e+01	-9.61957e+01	
2739	7.038822e+04	4.203754e+01	-9.62881e+01	
2740	7.079458e+04	4.199283e+01	-9.63812e+01	
2741	7.120328e+04	4.194807e+01	-9.64749e+01	
2742	7.161434e+04	4.190326e+01	-9.65692e+01	
2743	7.202778e+04	4.185841e+01	-9.66641e+01	
2744	7.244360e+04	4.181352e+01	-9.67597e+01	
2745	7.286182e+04	4.176857e+01	-9.68559e+01	
2746	7.328245e+04	4.172358e+01	-9.69527e+01	
2747	7.370552e+04	4.167854e+01	-9.70501e+01	
2748	7.413102e+04	4.163346e+01	-9.71482e+01	
2749	7.455899e+04	4.158833e+01	-9.72468e+01	
2750	7.498942e+04	4.154315e+01	-9.73461e+01	
2751	7.542234e+04	4.149792e+01	-9.74460e+01	
2752	7.585776e+04	4.145264e+01	-9.75465e+01	
2753	7.629569e+04	4.140732e+01	-9.76477e+01	
2754	7.673615e+04	4.136195e+01	-9.77494e+01	
2755	7.717915e+04	4.131652e+01	-9.78518e+01	
2756	7.762471e+04	4.127105e+01	-9.79548e+01	
2757	7.807284e+04	4.122553e+01	-9.80584e+01	
2758	7.852356e+04	4.117996e+01	-9.81626e+01	
2759	7.897688e+04	4.113434e+01	-9.82675e+01	
2760	7.943282e+04	4.108867e+01	-9.83729e+01	
2761	7.989139e+04	4.104295e+01	-9.84790e+01	
2762	8.035261e+04	4.099718e+01	-9.85857e+01	
2763	8.081649e+04	4.095136e+01	-9.86930e+01	
2764	8.128305e+04	4.090549e+01	-9.88009e+01	
2765	8.175230e+04	4.085956e+01	-9.89094e+01	
2766	8.222426e+04	4.081359e+01	-9.90186e+01	
2767	8.269895e+04	4.076757e+01	-9.91284e+01	
2768	8.317638e+04	4.072149e+01	-9.92387e+01	
2769	8.365656e+04	4.067536e+01	-9.93497e+01	
2770	8.413951e+04	4.062918e+01	-9.94613e+01	
2771	8.462526e+04	4.058295e+01	-9.95736e+01	
2772	8.511380e+04	4.053667e+01	-9.96864e+01	
2773	8.560517e+04	4.049033e+01	-9.97998e+01	
2774	8.609938e+04	4.044394e+01	-9.99139e+01	
2775	8.659643e+04	4.039750e+01	-1.00029e+02	
2776	8.709636e+04	4.035101e+01	-1.00144e+02	
2777	8.759917e+04	4.030447e+01	-1.00260e+02	
2778	8.810489e+04	4.025787e+01	-1.00376e+02	
2779	8.861352e+04	4.021121e+01	-1.00493e+02	
2780	8.912509e+04	4.016451e+01	-1.00611e+02	

Index   frequency       tdb             tph             
--------------------------------------------------------------------------------
2781	8.963962e+04	4.011775e+01	-1.00730e+02	
2782	9.015711e+04	4.007094e+01	-1.00849e+02	
2783	9.067760e+04	4.002407e+01	-1.00968e+02	
2784	9.120108e+04	3.997715e+01	-1.01088e+02	
2785	9.172759e+04	3.993018e+01	-1.01209e+02	
2786	9.225714e+04	3.988315e+01	-1.01331e+02	
2787	9.278975e+04	3.983607e+01	-1.01453e+02	
2788	9.332543e+04	3.978894e+01	-1.01576e+02	
2789	9.386420e+04	3.974175e+01	-1.01699e+02	
2790	9.440609e+04	3.969450e+01	-1.01823e+02	
2791	9.495110e+04	3.964720e+01	-1.01947e+02	
2792	9.549926e+04	3.959985e+01	-1.02073e+02	
2793	9.605058e+04	3.955244e+01	-1.02199e+02	
2794	9.660509e+04	3.950497e+01	-1.02325e+02	
2795	9.716280e+04	3.945746e+01	-1.02452e+02	
2796	9.772372e+04	3.940988e+01	-1.02580e+02	
2797	9.828789e+04	3.936225e+01	-1.02708e+02	
2798	9.885531e+04	3.931456e+01	-1.02837e+02	
2799	9.942601e+04	3.926682e+01	-1.02967e+02	
2800	1.000000e+05	3.921903e+01	-1.03097e+02	
2801	1.005773e+05	3.917117e+01	-1.03228e+02	
2802	1.011579e+05	3.912326e+01	-1.03359e+02	
2803	1.017419e+05	3.907530e+01	-1.03491e+02	
2804	1.023293e+05	3.902728e+01	-1.03624e+02	
2805	1.029201e+05	3.897920e+01	-1.03757e+02	
2806	1.035142e+05	3.893106e+01	-1.03891e+02	
2807	1.041118e+05	3.888287e+01	-1.04026e+02	
2808	1.047129e+05	3.883463e+01	-1.04161e+02	
2809	1.053174e+05	3.878632e+01	-1.04297e+02	
2810	1.059254e+05	3.873796e+01	-1.04434e+02	
2811	1.065369e+05	3.868954e+01	-1.04571e+02	
2812	1.071519e+05	3.864106e+01	-1.04709e+02	
2813	1.077705e+05	3.859253e+01	-1.04847e+02	
2814	1.083927e+05	3.854394e+01	-1.04987e+02	
2815	1.090184e+05	3.849529e+01	-1.05126e+02	
2816	1.096478e+05	3.844658e+01	-1.05267e+02	
2817	1.102808e+05	3.839782e+01	-1.05408e+02	
2818	1.109175e+05	3.834899e+01	-1.05550e+02	
2819	1.115578e+05	3.830011e+01	-1.05692e+02	
2820	1.122018e+05	3.825117e+01	-1.05835e+02	
2821	1.128496e+05	3.820218e+01	-1.05979e+02	
2822	1.135011e+05	3.815312e+01	-1.06123e+02	
2823	1.141563e+05	3.810401e+01	-1.06268e+02	
2824	1.148154e+05	3.805483e+01	-1.06414e+02	
2825	1.154782e+05	3.800560e+01	-1.06560e+02	
2826	1.161449e+05	3.795631e+01	-1.06708e+02	
2827	1.168154e+05	3.790696e+01	-1.06855e+02	
2828	1.174898e+05	3.785754e+01	-1.07004e+02	
2829	1.181680e+05	3.780807e+01	-1.07153e+02	
2830	1.188502e+05	3.775854e+01	-1.07302e+02	
2831	1.195364e+05	3.770895e+01	-1.07453e+02	
2832	1.202264e+05	3.765930e+01	-1.07604e+02	
2833	1.209205e+05	3.760959e+01	-1.07756e+02	
2834	1.216186e+05	3.755982e+01	-1.07908e+02	
2835	1.223207e+05	3.750999e+01	-1.08061e+02	
2836	1.230269e+05	3.746010e+01	-1.08215e+02	
2837	1.237371e+05	3.741014e+01	-1.08369e+02	
2838	1.244515e+05	3.736013e+01	-1.08525e+02	

Index   frequency       tdb             tph             
--------------------------------------------------------------------------------
2839	1.251699e+05	3.731005e+01	-1.08681e+02	
2840	1.258925e+05	3.725992e+01	-1.08837e+02	
2841	1.266193e+05	3.720972e+01	-1.08994e+02	
2842	1.273503e+05	3.715946e+01	-1.09152e+02	
2843	1.280855e+05	3.710914e+01	-1.09311e+02	
2844	1.288250e+05	3.705875e+01	-1.09470e+02	
2845	1.295687e+05	3.700831e+01	-1.09631e+02	
2846	1.303167e+05	3.695780e+01	-1.09791e+02	
2847	1.310690e+05	3.690722e+01	-1.09953e+02	
2848	1.318257e+05	3.685659e+01	-1.10115e+02	
2849	1.325867e+05	3.680589e+01	-1.10278e+02	
2850	1.333521e+05	3.675513e+01	-1.10442e+02	
2851	1.341220e+05	3.670430e+01	-1.10606e+02	
2852	1.348963e+05	3.665341e+01	-1.10771e+02	
2853	1.356751e+05	3.660246e+01	-1.10937e+02	
2854	1.364583e+05	3.655144e+01	-1.11103e+02	
2855	1.372461e+05	3.650036e+01	-1.11271e+02	
2856	1.380384e+05	3.644921e+01	-1.11439e+02	
2857	1.388353e+05	3.639800e+01	-1.11608e+02	
2858	1.396368e+05	3.634672e+01	-1.11777e+02	
2859	1.404430e+05	3.629538e+01	-1.11947e+02	
2860	1.412538e+05	3.624397e+01	-1.12118e+02	
2861	1.420692e+05	3.619250e+01	-1.12290e+02	
2862	1.428894e+05	3.614096e+01	-1.12462e+02	
2863	1.437143e+05	3.608935e+01	-1.12636e+02	
2864	1.445440e+05	3.603768e+01	-1.12810e+02	
2865	1.453784e+05	3.598594e+01	-1.12984e+02	
2866	1.462177e+05	3.593413e+01	-1.13160e+02	
2867	1.470618e+05	3.588226e+01	-1.13336e+02	
2868	1.479108e+05	3.583031e+01	-1.13513e+02	
2869	1.487647e+05	3.577830e+01	-1.13691e+02	
2870	1.496236e+05	3.572622e+01	-1.13870e+02	
2871	1.504874e+05	3.567408e+01	-1.14049e+02	
2872	1.513561e+05	3.562186e+01	-1.14229e+02	
2873	1.522299e+05	3.556957e+01	-1.14410e+02	
2874	1.531087e+05	3.551722e+01	-1.14592e+02	
2875	1.539927e+05	3.546479e+01	-1.14774e+02	
2876	1.548817e+05	3.541230e+01	-1.14958e+02	
2877	1.557758e+05	3.535973e+01	-1.15142e+02	
2878	1.566751e+05	3.530709e+01	-1.15327e+02	
2879	1.575796e+05	3.525438e+01	-1.15512e+02	
2880	1.584893e+05	3.520160e+01	-1.15699e+02	
2881	1.594043e+05	3.514875e+01	-1.15886e+02	
2882	1.603245e+05	3.509583e+01	-1.16074e+02	
2883	1.612501e+05	3.504283e+01	-1.16263e+02	
2884	1.621810e+05	3.498976e+01	-1.16453e+02	
2885	1.631173e+05	3.493662e+01	-1.16643e+02	
2886	1.640590e+05	3.488340e+01	-1.16835e+02	
2887	1.650061e+05	3.483011e+01	-1.17027e+02	
2888	1.659587e+05	3.477675e+01	-1.17220e+02	
2889	1.669168e+05	3.472331e+01	-1.17414e+02	
2890	1.678804e+05	3.466980e+01	-1.17608e+02	
2891	1.688496e+05	3.461621e+01	-1.17804e+02	
2892	1.698244e+05	3.456254e+01	-1.18000e+02	
2893	1.708048e+05	3.450880e+01	-1.18198e+02	
2894	1.717908e+05	3.445498e+01	-1.18396e+02	
2895	1.727826e+05	3.440108e+01	-1.18595e+02	
2896	1.737801e+05	3.434711e+01	-1.18794e+02	

Index   frequency       tdb             tph             
--------------------------------------------------------------------------------
2897	1.747833e+05	3.429306e+01	-1.18995e+02	
2898	1.757924e+05	3.423893e+01	-1.19196e+02	
2899	1.768072e+05	3.418472e+01	-1.19399e+02	
2900	1.778279e+05	3.413044e+01	-1.19602e+02	
2901	1.788546e+05	3.407607e+01	-1.19806e+02	
2902	1.798871e+05	3.402162e+01	-1.20011e+02	
2903	1.809256e+05	3.396710e+01	-1.20217e+02	
2904	1.819701e+05	3.391249e+01	-1.20424e+02	
2905	1.830206e+05	3.385780e+01	-1.20631e+02	
2906	1.840772e+05	3.380303e+01	-1.20840e+02	
2907	1.851399e+05	3.374817e+01	-1.21049e+02	
2908	1.862087e+05	3.369324e+01	-1.21260e+02	
2909	1.872837e+05	3.363822e+01	-1.21471e+02	
2910	1.883649e+05	3.358311e+01	-1.21683e+02	
2911	1.894524e+05	3.352793e+01	-1.21896e+02	
2912	1.905461e+05	3.347265e+01	-1.22110e+02	
2913	1.916461e+05	3.341729e+01	-1.22325e+02	
2914	1.927525e+05	3.336185e+01	-1.22540e+02	
2915	1.938653e+05	3.330632e+01	-1.22757e+02	
2916	1.949845e+05	3.325070e+01	-1.22975e+02	
2917	1.961101e+05	3.319500e+01	-1.23193e+02	
2918	1.972423e+05	3.313921e+01	-1.23413e+02	
2919	1.983810e+05	3.308333e+01	-1.23633e+02	
2920	1.995262e+05	3.302736e+01	-1.23854e+02	
2921	2.006781e+05	3.297130e+01	-1.24077e+02	
2922	2.018366e+05	3.291515e+01	-1.24300e+02	
2923	2.030019e+05	3.285891e+01	-1.24524e+02	
2924	2.041738e+05	3.280258e+01	-1.24749e+02	
2925	2.053525e+05	3.274616e+01	-1.24975e+02	
2926	2.065380e+05	3.268965e+01	-1.25202e+02	
2927	2.077304e+05	3.263304e+01	-1.25430e+02	
2928	2.089296e+05	3.257634e+01	-1.25659e+02	
2929	2.101358e+05	3.251955e+01	-1.25889e+02	
2930	2.113489e+05	3.246266e+01	-1.26120e+02	
2931	2.125690e+05	3.240567e+01	-1.26352e+02	
2932	2.137962e+05	3.234859e+01	-1.26585e+02	
2933	2.150305e+05	3.229142e+01	-1.26818e+02	
2934	2.162719e+05	3.223415e+01	-1.27053e+02	
2935	2.175204e+05	3.217678e+01	-1.27289e+02	
2936	2.187762e+05	3.211931e+01	-1.27526e+02	
2937	2.200392e+05	3.206174e+01	-1.27764e+02	
2938	2.213095e+05	3.200407e+01	-1.28002e+02	
2939	2.225871e+05	3.194631e+01	-1.28242e+02	
2940	2.238721e+05	3.188844e+01	-1.28483e+02	
2941	2.251645e+05	3.183047e+01	-1.28725e+02	
2942	2.264644e+05	3.177240e+01	-1.28968e+02	
2943	2.277718e+05	3.171423e+01	-1.29211e+02	
2944	2.290868e+05	3.165595e+01	-1.29456e+02	
2945	2.304093e+05	3.159757e+01	-1.29702e+02	
2946	2.317395e+05	3.153908e+01	-1.29949e+02	
2947	2.330773e+05	3.148049e+01	-1.30197e+02	
2948	2.344229e+05	3.142180e+01	-1.30446e+02	
2949	2.357762e+05	3.136299e+01	-1.30696e+02	
2950	2.371374e+05	3.130408e+01	-1.30947e+02	
2951	2.385064e+05	3.124506e+01	-1.31199e+02	
2952	2.398833e+05	3.118594e+01	-1.31452e+02	
2953	2.412682e+05	3.112670e+01	-1.31706e+02	
2954	2.426610e+05	3.106735e+01	-1.31961e+02	

Index   frequency       tdb             tph             
--------------------------------------------------------------------------------
2955	2.440619e+05	3.100789e+01	-1.32218e+02	
2956	2.454709e+05	3.094832e+01	-1.32475e+02	
2957	2.468880e+05	3.088864e+01	-1.32733e+02	
2958	2.483133e+05	3.082885e+01	-1.32993e+02	
2959	2.497468e+05	3.076894e+01	-1.33253e+02	
2960	2.511886e+05	3.070892e+01	-1.33515e+02	
2961	2.526388e+05	3.064878e+01	-1.33777e+02	
2962	2.540973e+05	3.058852e+01	-1.34041e+02	
2963	2.555642e+05	3.052815e+01	-1.34306e+02	
2964	2.570396e+05	3.046766e+01	-1.34572e+02	
2965	2.585235e+05	3.040706e+01	-1.34839e+02	
2966	2.600160e+05	3.034633e+01	-1.35107e+02	
2967	2.615170e+05	3.028548e+01	-1.35376e+02	
2968	2.630268e+05	3.022452e+01	-1.35646e+02	
2969	2.645453e+05	3.016343e+01	-1.35918e+02	
2970	2.660725e+05	3.010222e+01	-1.36190e+02	
2971	2.676086e+05	3.004089e+01	-1.36464e+02	
2972	2.691535e+05	2.997943e+01	-1.36738e+02	
2973	2.707073e+05	2.991785e+01	-1.37014e+02	
2974	2.722701e+05	2.985615e+01	-1.37291e+02	
2975	2.738420e+05	2.979431e+01	-1.37569e+02	
2976	2.754229e+05	2.973235e+01	-1.37848e+02	
2977	2.770129e+05	2.967027e+01	-1.38128e+02	
2978	2.786121e+05	2.960805e+01	-1.38410e+02	
2979	2.802206e+05	2.954571e+01	-1.38692e+02	
2980	2.818383e+05	2.948324e+01	-1.38976e+02	
2981	2.834654e+05	2.942063e+01	-1.39260e+02	
2982	2.851018e+05	2.935789e+01	-1.39546e+02	
2983	2.867477e+05	2.929502e+01	-1.39833e+02	
2984	2.884032e+05	2.923202e+01	-1.40121e+02	
2985	2.900681e+05	2.916888e+01	-1.40411e+02	
2986	2.917427e+05	2.910561e+01	-1.40701e+02	
2987	2.934270e+05	2.904220e+01	-1.40993e+02	
2988	2.951209e+05	2.897866e+01	-1.41286e+02	
2989	2.968247e+05	2.891498e+01	-1.41579e+02	
2990	2.985383e+05	2.885116e+01	-1.41874e+02	
2991	3.002617e+05	2.878720e+01	-1.42171e+02	
2992	3.019952e+05	2.872310e+01	-1.42468e+02	
2993	3.037386e+05	2.865886e+01	-1.42767e+02	
2994	3.054921e+05	2.859447e+01	-1.43066e+02	
2995	3.072557e+05	2.852995e+01	-1.43367e+02	
2996	3.090295e+05	2.846528e+01	-1.43669e+02	
2997	3.108136e+05	2.840046e+01	-1.43973e+02	
2998	3.126079e+05	2.833551e+01	-1.44277e+02	
2999	3.144126e+05	2.827040e+01	-1.44583e+02	
3000	3.162278e+05	2.820515e+01	-1.44889e+02	
3001	3.180534e+05	2.813975e+01	-1.45197e+02	
3002	3.198895e+05	2.807420e+01	-1.45506e+02	
3003	3.217363e+05	2.800850e+01	-1.45817e+02	
3004	3.235937e+05	2.794265e+01	-1.46128e+02	
3005	3.254618e+05	2.787665e+01	-1.46441e+02	
3006	3.273407e+05	2.781050e+01	-1.46755e+02	
3007	3.292305e+05	2.774419e+01	-1.47070e+02	
3008	3.311311e+05	2.767773e+01	-1.47386e+02	
3009	3.330428e+05	2.761111e+01	-1.47704e+02	
3010	3.349654e+05	2.754434e+01	-1.48023e+02	
3011	3.368992e+05	2.747741e+01	-1.48343e+02	
3012	3.388442e+05	2.741032e+01	-1.48664e+02	

Index   frequency       tdb             tph             
--------------------------------------------------------------------------------
3013	3.408003e+05	2.734308e+01	-1.48986e+02	
3014	3.427678e+05	2.727567e+01	-1.49310e+02	
3015	3.447466e+05	2.720810e+01	-1.49635e+02	
3016	3.467369e+05	2.714038e+01	-1.49961e+02	
3017	3.487386e+05	2.707249e+01	-1.50288e+02	
3018	3.507519e+05	2.700443e+01	-1.50616e+02	
3019	3.527768e+05	2.693622e+01	-1.50946e+02	
3020	3.548134e+05	2.686783e+01	-1.51277e+02	
3021	3.568617e+05	2.679928e+01	-1.51609e+02	
3022	3.589219e+05	2.673057e+01	-1.51943e+02	
3023	3.609940e+05	2.666168e+01	-1.52277e+02	
3024	3.630781e+05	2.659263e+01	-1.52613e+02	
3025	3.651741e+05	2.652341e+01	-1.52950e+02	
3026	3.672823e+05	2.645401e+01	-1.53288e+02	
3027	3.694026e+05	2.638445e+01	-1.53628e+02	
3028	3.715352e+05	2.631471e+01	-1.53969e+02	
3029	3.736801e+05	2.624479e+01	-1.54311e+02	
3030	3.758374e+05	2.617471e+01	-1.54654e+02	
3031	3.780071e+05	2.610444e+01	-1.54999e+02	
3032	3.801894e+05	2.603401e+01	-1.55345e+02	
3033	3.823843e+05	2.596339e+01	-1.55692e+02	
3034	3.845918e+05	2.589259e+01	-1.56040e+02	
3035	3.868121e+05	2.582162e+01	-1.56390e+02	
3036	3.890451e+05	2.575046e+01	-1.56741e+02	
3037	3.912911e+05	2.567913e+01	-1.57093e+02	
3038	3.935501e+05	2.560761e+01	-1.57446e+02	
3039	3.958221e+05	2.553591e+01	-1.57801e+02	
3040	3.981072e+05	2.546402e+01	-1.58157e+02	
3041	4.004055e+05	2.539195e+01	-1.58514e+02	
3042	4.027170e+05	2.531969e+01	-1.58873e+02	
3043	4.050419e+05	2.524725e+01	-1.59232e+02	
3044	4.073803e+05	2.517462e+01	-1.59593e+02	
3045	4.097321e+05	2.510179e+01	-1.59956e+02	
3046	4.120975e+05	2.502878e+01	-1.60319e+02	
3047	4.144766e+05	2.495558e+01	-1.60684e+02	
3048	4.168694e+05	2.488218e+01	-1.61050e+02	
3049	4.192760e+05	2.480860e+01	-1.61418e+02	
3050	4.216965e+05	2.473481e+01	-1.61787e+02	
3051	4.241310e+05	2.466084e+01	-1.62157e+02	
3052	4.265795e+05	2.458666e+01	-1.62528e+02	
3053	4.290422e+05	2.451229e+01	-1.62900e+02	
3054	4.315191e+05	2.443772e+01	-1.63274e+02	
3055	4.340103e+05	2.436295e+01	-1.63650e+02	
3056	4.365158e+05	2.428799e+01	-1.64026e+02	
3057	4.390359e+05	2.421282e+01	-1.64404e+02	
3058	4.415704e+05	2.413744e+01	-1.64783e+02	
3059	4.441197e+05	2.406187e+01	-1.65164e+02	
3060	4.466836e+05	2.398609e+01	-1.65545e+02	
3061	4.492623e+05	2.391011e+01	-1.65928e+02	
3062	4.518559e+05	2.383392e+01	-1.66313e+02	
3063	4.544645e+05	2.375752e+01	-1.66698e+02	
3064	4.570882e+05	2.368091e+01	-1.67085e+02	
3065	4.597270e+05	2.360410e+01	-1.67474e+02	
3066	4.623810e+05	2.352707e+01	-1.67863e+02	
3067	4.650504e+05	2.344983e+01	-1.68254e+02	
3068	4.677351e+05	2.337238e+01	-1.68646e+02	
3069	4.704354e+05	2.329472e+01	-1.69040e+02	
3070	4.731513e+05	2.321684e+01	-1.69435e+02	

Index   frequency       tdb             tph             
--------------------------------------------------------------------------------
3071	4.758828e+05	2.313875e+01	-1.69831e+02	
3072	4.786301e+05	2.306043e+01	-1.70229e+02	
3073	4.813933e+05	2.298191e+01	-1.70628e+02	
3074	4.841724e+05	2.290316e+01	-1.71028e+02	
3075	4.869675e+05	2.282419e+01	-1.71430e+02	
3076	4.897788e+05	2.274500e+01	-1.71832e+02	
3077	4.926063e+05	2.266559e+01	-1.72237e+02	
3078	4.954502e+05	2.258595e+01	-1.72642e+02	
3079	4.983105e+05	2.250609e+01	-1.73049e+02	
3080	5.011872e+05	2.242600e+01	-1.73458e+02	
3081	5.040806e+05	2.234569e+01	-1.73867e+02	
3082	5.069907e+05	2.226515e+01	-1.74278e+02	
3083	5.099176e+05	2.218438e+01	-1.74691e+02	
3084	5.128614e+05	2.210338e+01	-1.75104e+02	
3085	5.158222e+05	2.202215e+01	-1.75519e+02	
3086	5.188000e+05	2.194068e+01	-1.75936e+02	
3087	5.217951e+05	2.185898e+01	-1.76354e+02	
3088	5.248075e+05	2.177705e+01	-1.76773e+02	
3089	5.278372e+05	2.169488e+01	-1.77193e+02	
3090	5.308844e+05	2.161247e+01	-1.77615e+02	
3091	5.339493e+05	2.152983e+01	-1.78038e+02	
3092	5.370318e+05	2.144694e+01	-1.78463e+02	
3093	5.401321e+05	2.136382e+01	-1.78889e+02	
3094	5.432503e+05	2.128045e+01	-1.79316e+02	
3095	5.463865e+05	2.119683e+01	-1.79745e+02	
3096	5.495409e+05	2.111298e+01	-1.80175e+02	
3097	5.527134e+05	2.102887e+01	-1.80607e+02	
3098	5.559043e+05	2.094452e+01	-1.81040e+02	
3099	5.591135e+05	2.085992e+01	-1.81474e+02	
3100	5.623413e+05	2.077507e+01	-1.81910e+02	
3101	5.655878e+05	2.068997e+01	-1.82347e+02	
3102	5.688529e+05	2.060462e+01	-1.82785e+02	
3103	5.721370e+05	2.051901e+01	-1.83225e+02	
3104	5.754399e+05	2.043315e+01	-1.83666e+02	
3105	5.787620e+05	2.034703e+01	-1.84109e+02	
3106	5.821032e+05	2.026065e+01	-1.84553e+02	
3107	5.854637e+05	2.017402e+01	-1.84999e+02	
3108	5.888437e+05	2.008712e+01	-1.85445e+02	
3109	5.922431e+05	1.999996e+01	-1.85894e+02	
3110	5.956621e+05	1.991254e+01	-1.86343e+02	
3111	5.991009e+05	1.982485e+01	-1.86794e+02	
3112	6.025596e+05	1.973689e+01	-1.87247e+02	
3113	6.060382e+05	1.964867e+01	-1.87701e+02	
3114	6.095369e+05	1.956018e+01	-1.88156e+02	
3115	6.130558e+05	1.947141e+01	-1.88613e+02	
3116	6.165950e+05	1.938238e+01	-1.89071e+02	
3117	6.201546e+05	1.929307e+01	-1.89531e+02	
3118	6.237348e+05	1.920348e+01	-1.89992e+02	
3119	6.273357e+05	1.911362e+01	-1.90454e+02	
3120	6.309573e+05	1.902348e+01	-1.90918e+02	
3121	6.345999e+05	1.893306e+01	-1.91383e+02	
3122	6.382635e+05	1.884235e+01	-1.91850e+02	
3123	6.419482e+05	1.875137e+01	-1.92318e+02	
3124	6.456542e+05	1.866009e+01	-1.92788e+02	
3125	6.493816e+05	1.856854e+01	-1.93259e+02	
3126	6.531306e+05	1.847669e+01	-1.93731e+02	
3127	6.569011e+05	1.838455e+01	-1.94205e+02	
3128	6.606934e+05	1.829212e+01	-1.94681e+02	

Index   frequency       tdb             tph             
--------------------------------------------------------------------------------
3129	6.645077e+05	1.819940e+01	-1.95158e+02	
3130	6.683439e+05	1.810638e+01	-1.95636e+02	
3131	6.722023e+05	1.801306e+01	-1.96115e+02	
3132	6.760830e+05	1.791945e+01	-1.96597e+02	
3133	6.799860e+05	1.782553e+01	-1.97079e+02	
3134	6.839116e+05	1.773132e+01	-1.97563e+02	
3135	6.878599e+05	1.763679e+01	-1.98049e+02	
3136	6.918310e+05	1.754196e+01	-1.98536e+02	
3137	6.958250e+05	1.744683e+01	-1.99024e+02	
3138	6.998420e+05	1.735138e+01	-1.99514e+02	
3139	7.038822e+05	1.725562e+01	-2.00005e+02	
3140	7.079458e+05	1.715955e+01	-2.00498e+02	
3141	7.120328e+05	1.706316e+01	-2.00992e+02	
3142	7.161434e+05	1.696645e+01	-2.01488e+02	
3143	7.202778e+05	1.686943e+01	-2.01985e+02	
3144	7.244360e+05	1.677208e+01	-2.02484e+02	
3145	7.286182e+05	1.667441e+01	-2.02984e+02	
3146	7.328245e+05	1.657641e+01	-2.03485e+02	
3147	7.370552e+05	1.647808e+01	-2.03988e+02	
3148	7.413102e+05	1.637942e+01	-2.04493e+02	
3149	7.455899e+05	1.628043e+01	-2.04998e+02	
3150	7.498942e+05	1.618111e+01	-2.05506e+02	
3151	7.542234e+05	1.608145e+01	-2.06015e+02	
3152	7.585776e+05	1.598145e+01	-2.06525e+02	
3153	7.629569e+05	1.588111e+01	-2.07037e+02	
3154	7.673615e+05	1.578042e+01	-2.07550e+02	
3155	7.717915e+05	1.567939e+01	-2.08064e+02	
3156	7.762471e+05	1.557802e+01	-2.08580e+02	
3157	7.807284e+05	1.547629e+01	-2.09098e+02	
3158	7.852356e+05	1.537421e+01	-2.09617e+02	
3159	7.897688e+05	1.527177e+01	-2.10137e+02	
3160	7.943282e+05	1.516898e+01	-2.10659e+02	
3161	7.989139e+05	1.506582e+01	-2.11182e+02	
3162	8.035261e+05	1.496231e+01	-2.11707e+02	
3163	8.081649e+05	1.485843e+01	-2.12233e+02	
3164	8.128305e+05	1.475418e+01	-2.12761e+02	
3165	8.175230e+05	1.464957e+01	-2.13290e+02	
3166	8.222426e+05	1.454458e+01	-2.13821e+02	
3167	8.269895e+05	1.443922e+01	-2.14352e+02	
3168	8.317638e+05	1.433348e+01	-2.14886e+02	
3169	8.365656e+05	1.422736e+01	-2.15421e+02	
3170	8.413951e+05	1.412086e+01	-2.15957e+02	
3171	8.462526e+05	1.401397e+01	-2.16494e+02	
3172	8.511380e+05	1.390670e+01	-2.17033e+02	
3173	8.560517e+05	1.379903e+01	-2.17574e+02	
3174	8.609938e+05	1.369098e+01	-2.18115e+02	
3175	8.659643e+05	1.358253e+01	-2.18659e+02	
3176	8.709636e+05	1.347368e+01	-2.19203e+02	
3177	8.759917e+05	1.336443e+01	-2.19749e+02	
3178	8.810489e+05	1.325478e+01	-2.20297e+02	
3179	8.861352e+05	1.314472e+01	-2.20845e+02	
3180	8.912509e+05	1.303425e+01	-2.21395e+02	
3181	8.963962e+05	1.292337e+01	-2.21947e+02	
3182	9.015711e+05	1.281208e+01	-2.22500e+02	
3183	9.067760e+05	1.270037e+01	-2.23054e+02	
3184	9.120108e+05	1.258824e+01	-2.23609e+02	
3185	9.172759e+05	1.247569e+01	-2.24166e+02	
3186	9.225714e+05	1.236271e+01	-2.24724e+02	

Index   frequency       tdb             tph             
--------------------------------------------------------------------------------
3187	9.278975e+05	1.224931e+01	-2.25283e+02	
3188	9.332543e+05	1.213547e+01	-2.25844e+02	
3189	9.386420e+05	1.202120e+01	-2.26406e+02	
3190	9.440609e+05	1.190650e+01	-2.26970e+02	
3191	9.495110e+05	1.179135e+01	-2.27534e+02	
3192	9.549926e+05	1.167577e+01	-2.28100e+02	
3193	9.605058e+05	1.155974e+01	-2.28667e+02	
3194	9.660509e+05	1.144326e+01	-2.29235e+02	
3195	9.716280e+05	1.132633e+01	-2.29805e+02	
3196	9.772372e+05	1.120894e+01	-2.30376e+02	
3197	9.828789e+05	1.109110e+01	-2.30948e+02	
3198	9.885531e+05	1.097280e+01	-2.31521e+02	
3199	9.942601e+05	1.085404e+01	-2.32096e+02	
3200	1.000000e+06	1.073482e+01	-2.32671e+02	
3201	1.005773e+06	1.061513e+01	-2.33248e+02	
3202	1.011579e+06	1.049496e+01	-2.33826e+02	
3203	1.017419e+06	1.037433e+01	-2.34405e+02	
3204	1.023293e+06	1.025322e+01	-2.34985e+02	
3205	1.029201e+06	1.013163e+01	-2.35566e+02	
3206	1.035142e+06	1.000956e+01	-2.36149e+02	
3207	1.041118e+06	9.887000e+00	-2.36732e+02	
3208	1.047129e+06	9.763957e+00	-2.37316e+02	
3209	1.053174e+06	9.640426e+00	-2.37902e+02	
3210	1.059254e+06	9.516402e+00	-2.38488e+02	
3211	1.065369e+06	9.391883e+00	-2.39076e+02	
3212	1.071519e+06	9.266867e+00	-2.39665e+02	
3213	1.077705e+06	9.141351e+00	-2.40254e+02	
3214	1.083927e+06	9.015331e+00	-2.40844e+02	
3215	1.090184e+06	8.888807e+00	-2.41436e+02	
3216	1.096478e+06	8.761775e+00	-2.42028e+02	
3217	1.102808e+06	8.634232e+00	-2.42621e+02	
3218	1.109175e+06	8.506176e+00	-2.43216e+02	
3219	1.115578e+06	8.377605e+00	-2.43810e+02	
3220	1.122018e+06	8.248516e+00	-2.44406e+02	
3221	1.128496e+06	8.118907e+00	-2.45003e+02	
3222	1.135011e+06	7.988775e+00	-2.45600e+02	
3223	1.141563e+06	7.858119e+00	-2.46198e+02	
3224	1.148154e+06	7.726935e+00	-2.46797e+02	
3225	1.154782e+06	7.595222e+00	-2.47397e+02	
3226	1.161449e+06	7.462977e+00	-2.47997e+02	
3227	1.168154e+06	7.330198e+00	-2.48599e+02	
3228	1.174898e+06	7.196883e+00	-2.49200e+02	
3229	1.181680e+06	7.063030e+00	-2.49803e+02	
3230	1.188502e+06	6.928637e+00	-2.50406e+02	
3231	1.195364e+06	6.793701e+00	-2.51009e+02	
3232	1.202264e+06	6.658222e+00	-2.51613e+02	
3233	1.209205e+06	6.522197e+00	-2.52218e+02	
3234	1.216186e+06	6.385624e+00	-2.52823e+02	
3235	1.223207e+06	6.248501e+00	-2.53429e+02	
3236	1.230269e+06	6.110827e+00	-2.54035e+02	
3237	1.237371e+06	5.972600e+00	-2.54642e+02	
3238	1.244515e+06	5.833818e+00	-2.55249e+02	
3239	1.251699e+06	5.694480e+00	-2.55856e+02	
3240	1.258925e+06	5.554585e+00	-2.56464e+02	
3241	1.266193e+06	5.414130e+00	-2.57072e+02	
3242	1.273503e+06	5.273115e+00	-2.57680e+02	
3243	1.280855e+06	5.131538e+00	-2.58289e+02	
3244	1.288250e+06	4.989397e+00	-2.58898e+02	

Index   frequency       tdb             tph             
--------------------------------------------------------------------------------
3245	1.295687e+06	4.846693e+00	-2.59507e+02	
3246	1.303167e+06	4.703422e+00	-2.60117e+02	
3247	1.310690e+06	4.559586e+00	-2.60726e+02	
3248	1.318257e+06	4.415182e+00	-2.61336e+02	
3249	1.325867e+06	4.270209e+00	-2.61946e+02	
3250	1.333521e+06	4.124667e+00	-2.62555e+02	
3251	1.341220e+06	3.978554e+00	-2.63165e+02	
3252	1.348963e+06	3.831871e+00	-2.63775e+02	
3253	1.356751e+06	3.684617e+00	-2.64385e+02	
3254	1.364583e+06	3.536790e+00	-2.64995e+02	
3255	1.372461e+06	3.388390e+00	-2.65605e+02	
3256	1.380384e+06	3.239418e+00	-2.66215e+02	
3257	1.388353e+06	3.089871e+00	-2.66824e+02	
3258	1.396368e+06	2.939751e+00	-2.67434e+02	
3259	1.404430e+06	2.789057e+00	-2.68043e+02	
3260	1.412538e+06	2.637789e+00	-2.68652e+02	
3261	1.420692e+06	2.485947e+00	-2.69261e+02	
3262	1.428894e+06	2.333530e+00	-2.69869e+02	
3263	1.437143e+06	2.180539e+00	-2.70477e+02	
3264	1.445440e+06	2.026974e+00	-2.71085e+02	
3265	1.453784e+06	1.872835e+00	-2.71693e+02	
3266	1.462177e+06	1.718122e+00	-2.72300e+02	
3267	1.470618e+06	1.562836e+00	-2.72906e+02	
3268	1.479108e+06	1.406977e+00	-2.73512e+02	
3269	1.487647e+06	1.250546e+00	-2.74118e+02	
3270	1.496236e+06	1.093543e+00	-2.74723e+02	
3271	1.504874e+06	9.359688e-01	-2.75328e+02	
3272	1.513561e+06	7.778240e-01	-2.75932e+02	
3273	1.522299e+06	6.191096e-01	-2.76535e+02	
3274	1.531087e+06	4.598263e-01	-2.77138e+02	
3275	1.539927e+06	2.999751e-01	-2.77740e+02	
3276	1.548817e+06	1.395568e-01	-2.78341e+02	
3277	1.557758e+06	-2.14273e-02	-2.78942e+02	
3278	1.566751e+06	-1.82976e-01	-2.79542e+02	
3279	1.575796e+06	-3.45089e-01	-2.80141e+02	
3280	1.584893e+06	-5.07764e-01	-2.80739e+02	
3281	1.594043e+06	-6.70999e-01	-2.81337e+02	
3282	1.603245e+06	-8.34795e-01	-2.81933e+02	
3283	1.612501e+06	-9.99149e-01	-2.82529e+02	
3284	1.621810e+06	-1.16406e+00	-2.83123e+02	
3285	1.631173e+06	-1.32953e+00	-2.83717e+02	
3286	1.640590e+06	-1.49554e+00	-2.84310e+02	
3287	1.650061e+06	-1.66212e+00	-2.84901e+02	
3288	1.659587e+06	-1.82924e+00	-2.85492e+02	
3289	1.669168e+06	-1.99691e+00	-2.86081e+02	
3290	1.678804e+06	-2.16512e+00	-2.86670e+02	
3291	1.688496e+06	-2.33388e+00	-2.87257e+02	
3292	1.698244e+06	-2.50319e+00	-2.87843e+02	
3293	1.708048e+06	-2.67303e+00	-2.88428e+02	
3294	1.717908e+06	-2.84341e+00	-2.89011e+02	
3295	1.727826e+06	-3.01433e+00	-2.89594e+02	
3296	1.737801e+06	-3.18578e+00	-2.90175e+02	
3297	1.747833e+06	-3.35777e+00	-2.90755e+02	
3298	1.757924e+06	-3.53028e+00	-2.91333e+02	
3299	1.768072e+06	-3.70332e+00	-2.91910e+02	
3300	1.778279e+06	-3.87689e+00	-2.92486e+02	
3301	1.788546e+06	-4.05098e+00	-2.93061e+02	
3302	1.798871e+06	-4.22559e+00	-2.93633e+02	

Index   frequency       tdb             tph             
--------------------------------------------------------------------------------
3303	1.809256e+06	-4.40072e+00	-2.94205e+02	
3304	1.819701e+06	-4.57636e+00	-2.94775e+02	
3305	1.830206e+06	-4.75252e+00	-2.95343e+02	
3306	1.840772e+06	-4.92918e+00	-2.95910e+02	
3307	1.851399e+06	-5.10636e+00	-2.96476e+02	
3308	1.862087e+06	-5.28404e+00	-2.97040e+02	
3309	1.872837e+06	-5.46222e+00	-2.97602e+02	
3310	1.883649e+06	-5.64090e+00	-2.98163e+02	
3311	1.894524e+06	-5.82008e+00	-2.98722e+02	
3312	1.905461e+06	-5.99975e+00	-2.99279e+02	
3313	1.916461e+06	-6.17992e+00	-2.99835e+02	
3314	1.927525e+06	-6.36057e+00	-3.00389e+02	
3315	1.938653e+06	-6.54171e+00	-3.00941e+02	
3316	1.949845e+06	-6.72334e+00	-3.01491e+02	
3317	1.961101e+06	-6.90544e+00	-3.02040e+02	
3318	1.972423e+06	-7.08802e+00	-3.02587e+02	
3319	1.983810e+06	-7.27108e+00	-3.03132e+02	
3320	1.995262e+06	-7.45460e+00	-3.03675e+02	
3321	2.006781e+06	-7.63860e+00	-3.04217e+02	
3322	2.018366e+06	-7.82306e+00	-3.04756e+02	
3323	2.030019e+06	-8.00799e+00	-3.05294e+02	
3324	2.041738e+06	-8.19337e+00	-3.05830e+02	
3325	2.053525e+06	-8.37921e+00	-3.06364e+02	
3326	2.065380e+06	-8.56551e+00	-3.06896e+02	
3327	2.077304e+06	-8.75226e+00	-3.07426e+02	
3328	2.089296e+06	-8.93946e+00	-3.07954e+02	
3329	2.101358e+06	-9.12710e+00	-3.08480e+02	
3330	2.113489e+06	-9.31519e+00	-3.09004e+02	
3331	2.125690e+06	-9.50371e+00	-3.09526e+02	
3332	2.137962e+06	-9.69267e+00	-3.10046e+02	
3333	2.150305e+06	-9.88207e+00	-3.10563e+02	
3334	2.162719e+06	-1.00719e+01	-3.11079e+02	
3335	2.175204e+06	-1.02621e+01	-3.11593e+02	
3336	2.187762e+06	-1.04528e+01	-3.12105e+02	
3337	2.200392e+06	-1.06439e+01	-3.12614e+02	
3338	2.213095e+06	-1.08355e+01	-3.13121e+02	
3339	2.225871e+06	-1.10274e+01	-3.13627e+02	
3340	2.238721e+06	-1.12197e+01	-3.14130e+02	
3341	2.251645e+06	-1.14125e+01	-3.14631e+02	
3342	2.264644e+06	-1.16057e+01	-3.15129e+02	
3343	2.277718e+06	-1.17992e+01	-3.15626e+02	
3344	2.290868e+06	-1.19932e+01	-3.16120e+02	
3345	2.304093e+06	-1.21876e+01	-3.16612e+02	
3346	2.317395e+06	-1.23824e+01	-3.17102e+02	
3347	2.330773e+06	-1.25775e+01	-3.17589e+02	
3348	2.344229e+06	-1.27731e+01	-3.18074e+02	
3349	2.357762e+06	-1.29690e+01	-3.18557e+02	
3350	2.371374e+06	-1.31654e+01	-3.19038e+02	
3351	2.385064e+06	-1.33621e+01	-3.19516e+02	
3352	2.398833e+06	-1.35592e+01	-3.19992e+02	
3353	2.412682e+06	-1.37567e+01	-3.20466e+02	
3354	2.426610e+06	-1.39545e+01	-3.20937e+02	
3355	2.440619e+06	-1.41527e+01	-3.21406e+02	
3356	2.454709e+06	-1.43513e+01	-3.21872e+02	
3357	2.468880e+06	-1.45503e+01	-3.22337e+02	
3358	2.483133e+06	-1.47496e+01	-3.22798e+02	
3359	2.497468e+06	-1.49493e+01	-3.23258e+02	
3360	2.511886e+06	-1.51493e+01	-3.23715e+02	

Index   frequency       tdb             tph             
--------------------------------------------------------------------------------
3361	2.526388e+06	-1.53497e+01	-3.24169e+02	
3362	2.540973e+06	-1.55505e+01	-3.24621e+02	
3363	2.555642e+06	-1.57516e+01	-3.25071e+02	
3364	2.570396e+06	-1.59531e+01	-3.25518e+02	
3365	2.585235e+06	-1.61549e+01	-3.25962e+02	
3366	2.600160e+06	-1.63570e+01	-3.26404e+02	
3367	2.615170e+06	-1.65595e+01	-3.26844e+02	
3368	2.630268e+06	-1.67624e+01	-3.27281e+02	
3369	2.645453e+06	-1.69655e+01	-3.27715e+02	
3370	2.660725e+06	-1.71691e+01	-3.28147e+02	
3371	2.676086e+06	-1.73729e+01	-3.28577e+02	
3372	2.691535e+06	-1.75771e+01	-3.29003e+02	
3373	2.707073e+06	-1.77816e+01	-3.29428e+02	
3374	2.722701e+06	-1.79864e+01	-3.29849e+02	
3375	2.738420e+06	-1.81916e+01	-3.30268e+02	
3376	2.754229e+06	-1.83971e+01	-3.30685e+02	
3377	2.770129e+06	-1.86029e+01	-3.31098e+02	
3378	2.786121e+06	-1.88091e+01	-3.31509e+02	
3379	2.802206e+06	-1.90155e+01	-3.31918e+02	
3380	2.818383e+06	-1.92223e+01	-3.32324e+02	
3381	2.834654e+06	-1.94294e+01	-3.32727e+02	
3382	2.851018e+06	-1.96368e+01	-3.33127e+02	
3383	2.867477e+06	-1.98445e+01	-3.33525e+02	
3384	2.884032e+06	-2.00525e+01	-3.33920e+02	
3385	2.900681e+06	-2.02609e+01	-3.34312e+02	
3386	2.917427e+06	-2.04695e+01	-3.34702e+02	
3387	2.934270e+06	-2.06785e+01	-3.35088e+02	
3388	2.951209e+06	-2.08877e+01	-3.35472e+02	
3389	2.968247e+06	-2.10973e+01	-3.35853e+02	
3390	2.985383e+06	-2.13071e+01	-3.36232e+02	
3391	3.002617e+06	-2.15173e+01	-3.36607e+02	
3392	3.019952e+06	-2.17277e+01	-3.36980e+02	
3393	3.037386e+06	-2.19385e+01	-3.37350e+02	
3394	3.054921e+06	-2.21496e+01	-3.37717e+02	
3395	3.072557e+06	-2.23609e+01	-3.38081e+02	
3396	3.090295e+06	-2.25725e+01	-3.38442e+02	
3397	3.108136e+06	-2.27845e+01	-3.38800e+02	
3398	3.126079e+06	-2.29967e+01	-3.39156e+02	
3399	3.144126e+06	-2.32092e+01	-3.39508e+02	
3400	3.162278e+06	-2.34220e+01	-3.39857e+02	
3401	3.180534e+06	-2.36351e+01	-3.40204e+02	
3402	3.198895e+06	-2.38485e+01	-3.40547e+02	
3403	3.217363e+06	-2.40622e+01	-3.40888e+02	
3404	3.235937e+06	-2.42762e+01	-3.41225e+02	
3405	3.254618e+06	-2.44904e+01	-3.41559e+02	
3406	3.273407e+06	-2.47049e+01	-3.41891e+02	
3407	3.292305e+06	-2.49198e+01	-3.42219e+02	
3408	3.311311e+06	-2.51349e+01	-3.42544e+02	
3409	3.330428e+06	-2.53502e+01	-3.42866e+02	
3410	3.349654e+06	-2.55659e+01	-3.43184e+02	
3411	3.368992e+06	-2.57819e+01	-3.43500e+02	
3412	3.388442e+06	-2.59981e+01	-3.43812e+02	
3413	3.408003e+06	-2.62146e+01	-3.44122e+02	
3414	3.427678e+06	-2.64314e+01	-3.44427e+02	
3415	3.447466e+06	-2.66485e+01	-3.44730e+02	
3416	3.467369e+06	-2.68659e+01	-3.45029e+02	
3417	3.487386e+06	-2.70835e+01	-3.45325e+02	
3418	3.507519e+06	-2.73014e+01	-3.45618e+02	

Index   frequency       tdb             tph             
--------------------------------------------------------------------------------
3419	3.527768e+06	-2.75197e+01	-3.45907e+02	
3420	3.548134e+06	-2.77381e+01	-3.46193e+02	
3421	3.568617e+06	-2.79569e+01	-3.46475e+02	
3422	3.589219e+06	-2.81760e+01	-3.46754e+02	
3423	3.609940e+06	-2.83953e+01	-3.47030e+02	
3424	3.630781e+06	-2.86149e+01	-3.47302e+02	
3425	3.651741e+06	-2.88348e+01	-3.47570e+02	
3426	3.672823e+06	-2.90550e+01	-3.47835e+02	
3427	3.694026e+06	-2.92755e+01	-3.48096e+02	
3428	3.715352e+06	-2.94962e+01	-3.48354e+02	
3429	3.736801e+06	-2.97173e+01	-3.48608e+02	
3430	3.758374e+06	-2.99386e+01	-3.48858e+02	
3431	3.780071e+06	-3.01602e+01	-3.49104e+02	
3432	3.801894e+06	-3.03821e+01	-3.49347e+02	
3433	3.823843e+06	-3.06043e+01	-3.49586e+02	
3434	3.845918e+06	-3.08267e+01	-3.49820e+02	
3435	3.868121e+06	-3.10495e+01	-3.50051e+02	
3436	3.890451e+06	-3.12726e+01	-3.50278e+02	
3437	3.912911e+06	-3.14959e+01	-3.50501e+02	
3438	3.935501e+06	-3.17195e+01	-3.50720e+02	
3439	3.958221e+06	-3.19434e+01	-3.50935e+02	
3440	3.981072e+06	-3.21676e+01	-3.51146e+02	
3441	4.004055e+06	-3.23922e+01	-3.51352e+02	
3442	4.027170e+06	-3.26170e+01	-3.51555e+02	
3443	4.050419e+06	-3.28420e+01	-3.51753e+02	
3444	4.073803e+06	-3.30674e+01	-3.51946e+02	
3445	4.097321e+06	-3.32931e+01	-3.52136e+02	
3446	4.120975e+06	-3.35191e+01	-3.52320e+02	
3447	4.144766e+06	-3.37454e+01	-3.52501e+02	
3448	4.168694e+06	-3.39720e+01	-3.52676e+02	
3449	4.192760e+06	-3.41989e+01	-3.52848e+02	
3450	4.216965e+06	-3.44261e+01	-3.53014e+02	
3451	4.241310e+06	-3.46536e+01	-3.53176e+02	
3452	4.265795e+06	-3.48814e+01	-3.53332e+02	
3453	4.290422e+06	-3.51096e+01	-3.53484e+02	
3454	4.315191e+06	-3.53380e+01	-3.53631e+02	
3455	4.340103e+06	-3.55667e+01	-3.53773e+02	
3456	4.365158e+06	-3.57958e+01	-3.53910e+02	
3457	4.390359e+06	-3.60252e+01	-3.54042e+02	
3458	4.415704e+06	-3.62548e+01	-3.54168e+02	
3459	4.441197e+06	-3.64848e+01	-3.54289e+02	
3460	4.466836e+06	-3.67152e+01	-3.54404e+02	
3461	4.492623e+06	-3.69458e+01	-3.54514e+02	
3462	4.518559e+06	-3.71767e+01	-3.54619e+02	
3463	4.544645e+06	-3.74080e+01	-3.54718e+02	
3464	4.570882e+06	-3.76396e+01	-3.54810e+02	
3465	4.597270e+06	-3.78715e+01	-3.54897e+02	
3466	4.623810e+06	-3.81038e+01	-3.54978e+02	
3467	4.650504e+06	-3.83363e+01	-3.55053e+02	
3468	4.677351e+06	-3.85692e+01	-3.55122e+02	
3469	4.704354e+06	-3.88024e+01	-3.55184e+02	
3470	4.731513e+06	-3.90359e+01	-3.55240e+02	
3471	4.758828e+06	-3.92698e+01	-3.55289e+02	
3472	4.786301e+06	-3.95040e+01	-3.55332e+02	
3473	4.813933e+06	-3.97385e+01	-3.55367e+02	
3474	4.841724e+06	-3.99733e+01	-3.55396e+02	
3475	4.869675e+06	-4.02084e+01	-3.55418e+02	
3476	4.897788e+06	-4.04439e+01	-3.55433e+02	

Index   frequency       tdb             tph             
--------------------------------------------------------------------------------
3477	4.926063e+06	-4.06796e+01	-3.55440e+02	
3478	4.954502e+06	-4.09157e+01	-3.55439e+02	
3479	4.983105e+06	-4.11521e+01	-3.55431e+02	
3480	5.011872e+06	-4.13889e+01	-3.55416e+02	
3481	5.040806e+06	-4.16259e+01	-3.55392e+02	
3482	5.069907e+06	-4.18632e+01	-3.55360e+02	
3483	5.099176e+06	-4.21009e+01	-3.55320e+02	
3484	5.128614e+06	-4.23388e+01	-3.55271e+02	
3485	5.158222e+06	-4.25770e+01	-3.55214e+02	
3486	5.188000e+06	-4.28155e+01	-3.55147e+02	
3487	5.217951e+06	-4.30543e+01	-3.55072e+02	
3488	5.248075e+06	-4.32933e+01	-3.54988e+02	
3489	5.278372e+06	-4.35327e+01	-3.54894e+02	
3490	5.308844e+06	-4.37722e+01	-3.54790e+02	
3491	5.339493e+06	-4.40120e+01	-3.54677e+02	
3492	5.370318e+06	-4.42521e+01	-3.54553e+02	
3493	5.401321e+06	-4.44924e+01	-3.54420e+02	
3494	5.432503e+06	-4.47329e+01	-3.54275e+02	
3495	5.463865e+06	-4.49736e+01	-3.54120e+02	
3496	5.495409e+06	-4.52144e+01	-3.53954e+02	
3497	5.527134e+06	-4.54555e+01	-3.53777e+02	
3498	5.559043e+06	-4.56966e+01	-3.53588e+02	
3499	5.591135e+06	-4.59380e+01	-3.53388e+02	
3500	5.623413e+06	-4.61794e+01	-3.53175e+02	
3501	5.655878e+06	-4.64209e+01	-3.52950e+02	
3502	5.688529e+06	-4.66624e+01	-3.52713e+02	
3503	5.721370e+06	-4.69040e+01	-3.52463e+02	
3504	5.754399e+06	-4.71457e+01	-3.52199e+02	
3505	5.787620e+06	-4.73872e+01	-3.51923e+02	
3506	5.821032e+06	-4.76288e+01	-3.51632e+02	
3507	5.854637e+06	-4.78702e+01	-3.51327e+02	
3508	5.888437e+06	-4.81115e+01	-3.51009e+02	
3509	5.922431e+06	-4.83527e+01	-3.50675e+02	
3510	5.956621e+06	-4.85936e+01	-3.50327e+02	
3511	5.991009e+06	-4.88343e+01	-3.49963e+02	
3512	6.025596e+06	-4.90746e+01	-3.49584e+02	
3513	6.060382e+06	-4.93146e+01	-3.49189e+02	
3514	6.095369e+06	-4.95542e+01	-3.48778e+02	
3515	6.130558e+06	-4.97934e+01	-3.48351e+02	
3516	6.165950e+06	-5.00319e+01	-3.47907e+02	
3517	6.201546e+06	-5.02699e+01	-3.47446e+02	
3518	6.237348e+06	-5.05072e+01	-3.46967e+02	
3519	6.273357e+06	-5.07438e+01	-3.46471e+02	
3520	6.309573e+06	-5.09795e+01	-3.45957e+02	
3521	6.345999e+06	-5.12144e+01	-3.45425e+02	
3522	6.382635e+06	-5.14482e+01	-3.44875e+02	
3523	6.419482e+06	-5.16810e+01	-3.44306e+02	
3524	6.456542e+06	-5.19126e+01	-3.43719e+02	
3525	6.493816e+06	-5.21429e+01	-3.43112e+02	
3526	6.531306e+06	-5.23718e+01	-3.42487e+02	
3527	6.569011e+06	-5.25992e+01	-3.41842e+02	
3528	6.606934e+06	-5.28250e+01	-3.41178e+02	
3529	6.645077e+06	-5.30491e+01	-3.40494e+02	
3530	6.683439e+06	-5.32714e+01	-3.39791e+02	
3531	6.722023e+06	-5.34917e+01	-3.39069e+02	
3532	6.760830e+06	-5.37100e+01	-3.38327e+02	
3533	6.799860e+06	-5.39260e+01	-3.37567e+02	
3534	6.839116e+06	-5.41396e+01	-3.36787e+02	

Index   frequency       tdb             tph             
--------------------------------------------------------------------------------
3535	6.878599e+06	-5.43508e+01	-3.35988e+02	
3536	6.918310e+06	-5.45593e+01	-3.35170e+02	
3537	6.958250e+06	-5.47651e+01	-3.34334e+02	
3538	6.998420e+06	-5.49680e+01	-3.33480e+02	
3539	7.038822e+06	-5.51679e+01	-3.32609e+02	
3540	7.079458e+06	-5.53646e+01	-3.31720e+02	
3541	7.120328e+06	-5.55580e+01	-3.30815e+02	
3542	7.161434e+06	-5.57479e+01	-3.29894e+02	
3543	7.202778e+06	-5.59343e+01	-3.28958e+02	
3544	7.244360e+06	-5.61170e+01	-3.28007e+02	
3545	7.286182e+06	-5.62958e+01	-3.27042e+02	
3546	7.328245e+06	-5.64708e+01	-3.26065e+02	
3547	7.370552e+06	-5.66417e+01	-3.25076e+02	
3548	7.413102e+06	-5.68084e+01	-3.24075e+02	
3549	7.455899e+06	-5.69710e+01	-3.23065e+02	
3550	7.498942e+06	-5.71292e+01	-3.22046e+02	
3551	7.542234e+06	-5.72831e+01	-3.21020e+02	
3552	7.585776e+06	-5.74325e+01	-3.19987e+02	
3553	7.629569e+06	-5.75774e+01	-3.18948e+02	
3554	7.673615e+06	-5.77179e+01	-3.17905e+02	
3555	7.717915e+06	-5.78537e+01	-3.16860e+02	
3556	7.762471e+06	-5.79850e+01	-3.15813e+02	
3557	7.807284e+06	-5.81117e+01	-3.14765e+02	
3558	7.852356e+06	-5.82339e+01	-3.13718e+02	
3559	7.897688e+06	-5.83516e+01	-3.12674e+02	
3560	7.943282e+06	-5.84648e+01	-3.11632e+02	
3561	7.989139e+06	-5.85735e+01	-3.10596e+02	
3562	8.035261e+06	-5.86778e+01	-3.09564e+02	
3563	8.081649e+06	-5.87779e+01	-3.08540e+02	
3564	8.128305e+06	-5.88737e+01	-3.07523e+02	
3565	8.175230e+06	-5.89654e+01	-3.06516e+02	
3566	8.222426e+06	-5.90530e+01	-3.05518e+02	
3567	8.269895e+06	-5.91367e+01	-3.04531e+02	
3568	8.317638e+06	-5.92166e+01	-3.03556e+02	
3569	8.365656e+06	-5.92928e+01	-3.02593e+02	
3570	8.413951e+06	-5.93654e+01	-3.01643e+02	
3571	8.462526e+06	-5.94345e+01	-3.00708e+02	
3572	8.511380e+06	-5.95004e+01	-2.99786e+02	
3573	8.560517e+06	-5.95631e+01	-2.98880e+02	
3574	8.609938e+06	-5.96227e+01	-2.97990e+02	
3575	8.659643e+06	-5.96794e+01	-2.97115e+02	
3576	8.709636e+06	-5.97334e+01	-2.96257e+02	
3577	8.759917e+06	-5.97847e+01	-2.95415e+02	
3578	8.810489e+06	-5.98336e+01	-2.94590e+02	
3579	8.861352e+06	-5.98801e+01	-2.93783e+02	
3580	8.912509e+06	-5.99243e+01	-2.92992e+02	
3581	8.963962e+06	-5.99665e+01	-2.92219e+02	
3582	9.015711e+06	-6.00067e+01	-2.91464e+02	
3583	9.067760e+06	-6.00451e+01	-2.90725e+02	
3584	9.120108e+06	-6.00817e+01	-2.90004e+02	
3585	9.172759e+06	-6.01167e+01	-2.89301e+02	
3586	9.225714e+06	-6.01502e+01	-2.88614e+02	
3587	9.278975e+06	-6.01824e+01	-2.87945e+02	
3588	9.332543e+06	-6.02132e+01	-2.87292e+02	
3589	9.386420e+06	-6.02429e+01	-2.86657e+02	
3590	9.440609e+06	-6.02714e+01	-2.86037e+02	
3591	9.495110e+06	-6.02990e+01	-2.85434e+02	
3592	9.549926e+06	-6.03257e+01	-2.84848e+02	

Index   frequency       tdb             tph             
--------------------------------------------------------------------------------
3593	9.605058e+06	-6.03515e+01	-2.84277e+02	
3594	9.660509e+06	-6.03765e+01	-2.83721e+02	
3595	9.716280e+06	-6.04009e+01	-2.83181e+02	
3596	9.772372e+06	-6.04247e+01	-2.82656e+02	
3597	9.828789e+06	-6.04479e+01	-2.82145e+02	
3598	9.885531e+06	-6.04707e+01	-2.81649e+02	
3599	9.942601e+06	-6.04930e+01	-2.81167e+02	
3600	1.000000e+07	-6.05149e+01	-2.80699e+02	
3601	1.005773e+07	-6.05365e+01	-2.80244e+02	
3602	1.011579e+07	-6.05579e+01	-2.79803e+02	
3603	1.017419e+07	-6.05790e+01	-2.79374e+02	
3604	1.023293e+07	-6.06000e+01	-2.78958e+02	
3605	1.029201e+07	-6.06208e+01	-2.78554e+02	
3606	1.035142e+07	-6.06415e+01	-2.78162e+02	
3607	1.041118e+07	-6.06621e+01	-2.77782e+02	
3608	1.047129e+07	-6.06827e+01	-2.77413e+02	
3609	1.053174e+07	-6.07033e+01	-2.77056e+02	
3610	1.059254e+07	-6.07239e+01	-2.76709e+02	
3611	1.065369e+07	-6.07446e+01	-2.76373e+02	
3612	1.071519e+07	-6.07653e+01	-2.76046e+02	
3613	1.077705e+07	-6.07861e+01	-2.75730e+02	
3614	1.083927e+07	-6.08071e+01	-2.75424e+02	
3615	1.090184e+07	-6.08281e+01	-2.75127e+02	
3616	1.096478e+07	-6.08493e+01	-2.74839e+02	
3617	1.102808e+07	-6.08707e+01	-2.74560e+02	
3618	1.109175e+07	-6.08922e+01	-2.74290e+02	
3619	1.115578e+07	-6.09140e+01	-2.74029e+02	
3620	1.122018e+07	-6.09359e+01	-2.73775e+02	
3621	1.128496e+07	-6.09580e+01	-2.73530e+02	
3622	1.135011e+07	-6.09804e+01	-2.73292e+02	
3623	1.141563e+07	-6.10030e+01	-2.73062e+02	
3624	1.148154e+07	-6.10258e+01	-2.72840e+02	
3625	1.154782e+07	-6.10489e+01	-2.72624e+02	
3626	1.161449e+07	-6.10723e+01	-2.72416e+02	
3627	1.168154e+07	-6.10959e+01	-2.72214e+02	
3628	1.174898e+07	-6.11197e+01	-2.72019e+02	
3629	1.181680e+07	-6.11438e+01	-2.71830e+02	
3630	1.188502e+07	-6.11682e+01	-2.71648e+02	
3631	1.195364e+07	-6.11929e+01	-2.71471e+02	
3632	1.202264e+07	-6.12178e+01	-2.71301e+02	
3633	1.209205e+07	-6.12431e+01	-2.71136e+02	
3634	1.216186e+07	-6.12686e+01	-2.70977e+02	
3635	1.223207e+07	-6.12943e+01	-2.70823e+02	
3636	1.230269e+07	-6.13204e+01	-2.70675e+02	
3637	1.237371e+07	-6.13467e+01	-2.70531e+02	
3638	1.244515e+07	-6.13734e+01	-2.70393e+02	
3639	1.251699e+07	-6.14003e+01	-2.70259e+02	
3640	1.258925e+07	-6.14275e+01	-2.70131e+02	
3641	1.266193e+07	-6.14549e+01	-2.70006e+02	
3642	1.273503e+07	-6.14827e+01	-2.69887e+02	
3643	1.280855e+07	-6.15107e+01	-2.69771e+02	
3644	1.288250e+07	-6.15390e+01	-2.69660e+02	
3645	1.295687e+07	-6.15676e+01	-2.69553e+02	
3646	1.303167e+07	-6.15965e+01	-2.69450e+02	
3647	1.310690e+07	-6.16256e+01	-2.69351e+02	
3648	1.318257e+07	-6.16550e+01	-2.69256e+02	
3649	1.325867e+07	-6.16847e+01	-2.69164e+02	
3650	1.333521e+07	-6.17146e+01	-2.69077e+02	

Index   frequency       tdb             tph             
--------------------------------------------------------------------------------
3651	1.341220e+07	-6.17448e+01	-2.68992e+02	
3652	1.348963e+07	-6.17753e+01	-2.68911e+02	
3653	1.356751e+07	-6.18060e+01	-2.68833e+02	
3654	1.364583e+07	-6.18370e+01	-2.68759e+02	
3655	1.372461e+07	-6.18682e+01	-2.68688e+02	
3656	1.380384e+07	-6.18997e+01	-2.68619e+02	
3657	1.388353e+07	-6.19315e+01	-2.68554e+02	
3658	1.396368e+07	-6.19635e+01	-2.68492e+02	
3659	1.404430e+07	-6.19957e+01	-2.68433e+02	
3660	1.412538e+07	-6.20281e+01	-2.68376e+02	
3661	1.420692e+07	-6.20608e+01	-2.68322e+02	
3662	1.428894e+07	-6.20938e+01	-2.68271e+02	
3663	1.437143e+07	-6.21270e+01	-2.68222e+02	
3664	1.445440e+07	-6.21604e+01	-2.68176e+02	
3665	1.453784e+07	-6.21940e+01	-2.68132e+02	
3666	1.462177e+07	-6.22278e+01	-2.68090e+02	
3667	1.470618e+07	-6.22619e+01	-2.68051e+02	
3668	1.479108e+07	-6.22962e+01	-2.68014e+02	
3669	1.487647e+07	-6.23307e+01	-2.67980e+02	
3670	1.496236e+07	-6.23654e+01	-2.67947e+02	
3671	1.504874e+07	-6.24003e+01	-2.67917e+02	
3672	1.513561e+07	-6.24354e+01	-2.67888e+02	
3673	1.522299e+07	-6.24708e+01	-2.67862e+02	
3674	1.531087e+07	-6.25063e+01	-2.67838e+02	
3675	1.539927e+07	-6.25420e+01	-2.67815e+02	
3676	1.548817e+07	-6.25780e+01	-2.67794e+02	
3677	1.557758e+07	-6.26141e+01	-2.67776e+02	
3678	1.566751e+07	-6.26504e+01	-2.67759e+02	
3679	1.575796e+07	-6.26869e+01	-2.67743e+02	
3680	1.584893e+07	-6.27235e+01	-2.67730e+02	
3681	1.594043e+07	-6.27604e+01	-2.67718e+02	
3682	1.603245e+07	-6.27974e+01	-2.67707e+02	
3683	1.612501e+07	-6.28346e+01	-2.67698e+02	
3684	1.621810e+07	-6.28720e+01	-2.67691e+02	
3685	1.631173e+07	-6.29096e+01	-2.67685e+02	
3686	1.640590e+07	-6.29473e+01	-2.67681e+02	
3687	1.650061e+07	-6.29852e+01	-2.67678e+02	
3688	1.659587e+07	-6.30232e+01	-2.67676e+02	
3689	1.669168e+07	-6.30615e+01	-2.67676e+02	
3690	1.678804e+07	-6.30998e+01	-2.67677e+02	
3691	1.688496e+07	-6.31383e+01	-2.67680e+02	
3692	1.698244e+07	-6.31770e+01	-2.67684e+02	
3693	1.708048e+07	-6.32159e+01	-2.67689e+02	
3694	1.717908e+07	-6.32548e+01	-2.67695e+02	
3695	1.727826e+07	-6.32940e+01	-2.67702e+02	
3696	1.737801e+07	-6.33332e+01	-2.67711e+02	
3697	1.747833e+07	-6.33726e+01	-2.67720e+02	
3698	1.757924e+07	-6.34122e+01	-2.67731e+02	
3699	1.768072e+07	-6.34519e+01	-2.67743e+02	
3700	1.778279e+07	-6.34917e+01	-2.67756e+02	
3701	1.788546e+07	-6.35317e+01	-2.67770e+02	
3702	1.798871e+07	-6.35718e+01	-2.67785e+02	
3703	1.809256e+07	-6.36120e+01	-2.67801e+02	
3704	1.819701e+07	-6.36523e+01	-2.67817e+02	
3705	1.830206e+07	-6.36928e+01	-2.67835e+02	
3706	1.840772e+07	-6.37334e+01	-2.67854e+02	
3707	1.851399e+07	-6.37741e+01	-2.67874e+02	
3708	1.862087e+07	-6.38150e+01	-2.67894e+02	

Index   frequency       tdb             tph             
--------------------------------------------------------------------------------
3709	1.872837e+07	-6.38559e+01	-2.67916e+02	
3710	1.883649e+07	-6.38970e+01	-2.67938e+02	
3711	1.894524e+07	-6.39382e+01	-2.67961e+02	
3712	1.905461e+07	-6.39795e+01	-2.67985e+02	
3713	1.916461e+07	-6.40209e+01	-2.68010e+02	
3714	1.927525e+07	-6.40624e+01	-2.68036e+02	
3715	1.938653e+07	-6.41041e+01	-2.68062e+02	
3716	1.949845e+07	-6.41458e+01	-2.68089e+02	
3717	1.961101e+07	-6.41876e+01	-2.68117e+02	
3718	1.972423e+07	-6.42296e+01	-2.68145e+02	
3719	1.983810e+07	-6.42716e+01	-2.68174e+02	
3720	1.995262e+07	-6.43138e+01	-2.68204e+02	
3721	2.006781e+07	-6.43560e+01	-2.68235e+02	
3722	2.018366e+07	-6.43983e+01	-2.68266e+02	
3723	2.030019e+07	-6.44408e+01	-2.68298e+02	
3724	2.041738e+07	-6.44833e+01	-2.68330e+02	
3725	2.053525e+07	-6.45259e+01	-2.68364e+02	
3726	2.065380e+07	-6.45686e+01	-2.68397e+02	
3727	2.077304e+07	-6.46114e+01	-2.68432e+02	
3728	2.089296e+07	-6.46543e+01	-2.68467e+02	
3729	2.101358e+07	-6.46973e+01	-2.68502e+02	
3730	2.113489e+07	-6.47403e+01	-2.68538e+02	
3731	2.125690e+07	-6.47835e+01	-2.68575e+02	
3732	2.137962e+07	-6.48267e+01	-2.68612e+02	
3733	2.150305e+07	-6.48700e+01	-2.68650e+02	
3734	2.162719e+07	-6.49134e+01	-2.68688e+02	
3735	2.175204e+07	-6.49568e+01	-2.68727e+02	
3736	2.187762e+07	-6.50004e+01	-2.68766e+02	
3737	2.200392e+07	-6.50440e+01	-2.68806e+02	
3738	2.213095e+07	-6.50877e+01	-2.68846e+02	
3739	2.225871e+07	-6.51314e+01	-2.68887e+02	
3740	2.238721e+07	-6.51753e+01	-2.68928e+02	
3741	2.251645e+07	-6.52192e+01	-2.68970e+02	
3742	2.264644e+07	-6.52632e+01	-2.69012e+02	
3743	2.277718e+07	-6.53072e+01	-2.69054e+02	
3744	2.290868e+07	-6.53513e+01	-2.69097e+02	
3745	2.304093e+07	-6.53955e+01	-2.69141e+02	
3746	2.317395e+07	-6.54397e+01	-2.69185e+02	
3747	2.330773e+07	-6.54841e+01	-2.69229e+02	
3748	2.344229e+07	-6.55284e+01	-2.69274e+02	
3749	2.357762e+07	-6.55729e+01	-2.69319e+02	
3750	2.371374e+07	-6.56174e+01	-2.69364e+02	
3751	2.385064e+07	-6.56619e+01	-2.69410e+02	
3752	2.398833e+07	-6.57066e+01	-2.69456e+02	
3753	2.412682e+07	-6.57512e+01	-2.69503e+02	
3754	2.426610e+07	-6.57960e+01	-2.69550e+02	
3755	2.440619e+07	-6.58408e+01	-2.69597e+02	
3756	2.454709e+07	-6.58856e+01	-2.69645e+02	
3757	2.468880e+07	-6.59305e+01	-2.69693e+02	
3758	2.483133e+07	-6.59755e+01	-2.69741e+02	
3759	2.497468e+07	-6.60205e+01	-2.69790e+02	
3760	2.511886e+07	-6.60656e+01	-2.69839e+02	
3761	2.526388e+07	-6.61107e+01	-2.69889e+02	
3762	2.540973e+07	-6.61559e+01	-2.69938e+02	
3763	2.555642e+07	-6.62011e+01	-2.69988e+02	
3764	2.570396e+07	-6.62463e+01	-2.70039e+02	
3765	2.585235e+07	-6.62917e+01	-2.70090e+02	
3766	2.600160e+07	-6.63370e+01	-2.70141e+02	

Index   frequency       tdb             tph             
--------------------------------------------------------------------------------
3767	2.615170e+07	-6.63824e+01	-2.70192e+02	
3768	2.630268e+07	-6.64279e+01	-2.70244e+02	
3769	2.645453e+07	-6.64734e+01	-2.70296e+02	
3770	2.660725e+07	-6.65189e+01	-2.70348e+02	
3771	2.676086e+07	-6.65645e+01	-2.70400e+02	
3772	2.691535e+07	-6.66102e+01	-2.70453e+02	
3773	2.707073e+07	-6.66558e+01	-2.70506e+02	
3774	2.722701e+07	-6.67016e+01	-2.70560e+02	
3775	2.738420e+07	-6.67473e+01	-2.70613e+02	
3776	2.754229e+07	-6.67931e+01	-2.70667e+02	
3777	2.770129e+07	-6.68389e+01	-2.70721e+02	
3778	2.786121e+07	-6.68848e+01	-2.70776e+02	
3779	2.802206e+07	-6.69307e+01	-2.70831e+02	
3780	2.818383e+07	-6.69767e+01	-2.70886e+02	
3781	2.834654e+07	-6.70227e+01	-2.70941e+02	
3782	2.851018e+07	-6.70687e+01	-2.70996e+02	
3783	2.867477e+07	-6.71148e+01	-2.71052e+02	
3784	2.884032e+07	-6.71609e+01	-2.71108e+02	
3785	2.900681e+07	-6.72070e+01	-2.71165e+02	
3786	2.917427e+07	-6.72531e+01	-2.71221e+02	
3787	2.934270e+07	-6.72993e+01	-2.71278e+02	
3788	2.951209e+07	-6.73456e+01	-2.71335e+02	
3789	2.968247e+07	-6.73918e+01	-2.71392e+02	
3790	2.985383e+07	-6.74381e+01	-2.71450e+02	
3791	3.002617e+07	-6.74844e+01	-2.71508e+02	
3792	3.019952e+07	-6.75308e+01	-2.71566e+02	
3793	3.037386e+07	-6.75772e+01	-2.71624e+02	
3794	3.054921e+07	-6.76236e+01	-2.71682e+02	
3795	3.072557e+07	-6.76700e+01	-2.71741e+02	
3796	3.090295e+07	-6.77165e+01	-2.71800e+02	
3797	3.108136e+07	-6.77630e+01	-2.71859e+02	
3798	3.126079e+07	-6.78095e+01	-2.71919e+02	
3799	3.144126e+07	-6.78560e+01	-2.71978e+02	
3800	3.162278e+07	-6.79026e+01	-2.72038e+02	
3801	3.180534e+07	-6.79492e+01	-2.72098e+02	
3802	3.198895e+07	-6.79958e+01	-2.72158e+02	
3803	3.217363e+07	-6.80425e+01	-2.72219e+02	
3804	3.235937e+07	-6.80891e+01	-2.72280e+02	
3805	3.254618e+07	-6.81358e+01	-2.72341e+02	
3806	3.273407e+07	-6.81826e+01	-2.72402e+02	
3807	3.292305e+07	-6.82293e+01	-2.72463e+02	
3808	3.311311e+07	-6.82760e+01	-2.72525e+02	
3809	3.330428e+07	-6.83228e+01	-2.72587e+02	
3810	3.349654e+07	-6.83696e+01	-2.72649e+02	
3811	3.368992e+07	-6.84164e+01	-2.72711e+02	
3812	3.388442e+07	-6.84633e+01	-2.72774e+02	
3813	3.408003e+07	-6.85101e+01	-2.72836e+02	
3814	3.427678e+07	-6.85570e+01	-2.72899e+02	
3815	3.447466e+07	-6.86039e+01	-2.72962e+02	
3816	3.467369e+07	-6.86508e+01	-2.73026e+02	
3817	3.487386e+07	-6.86977e+01	-2.73089e+02	
3818	3.507519e+07	-6.87447e+01	-2.73153e+02	
3819	3.527768e+07	-6.87917e+01	-2.73217e+02	
3820	3.548134e+07	-6.88386e+01	-2.73281e+02	
3821	3.568617e+07	-6.88856e+01	-2.73346e+02	
3822	3.589219e+07	-6.89326e+01	-2.73410e+02	
3823	3.609940e+07	-6.89797e+01	-2.73475e+02	
3824	3.630781e+07	-6.90267e+01	-2.73540e+02	

Index   frequency       tdb             tph             
--------------------------------------------------------------------------------
3825	3.651741e+07	-6.90737e+01	-2.73606e+02	
3826	3.672823e+07	-6.91208e+01	-2.73671e+02	
3827	3.694026e+07	-6.91679e+01	-2.73737e+02	
3828	3.715352e+07	-6.92150e+01	-2.73803e+02	
3829	3.736801e+07	-6.92621e+01	-2.73869e+02	
3830	3.758374e+07	-6.93092e+01	-2.73935e+02	
3831	3.780071e+07	-6.93563e+01	-2.74002e+02	
3832	3.801894e+07	-6.94035e+01	-2.74069e+02	
3833	3.823843e+07	-6.94506e+01	-2.74136e+02	
3834	3.845918e+07	-6.94978e+01	-2.74203e+02	
3835	3.868121e+07	-6.95449e+01	-2.74270e+02	
3836	3.890451e+07	-6.95921e+01	-2.74338e+02	
3837	3.912911e+07	-6.96393e+01	-2.74406e+02	
3838	3.935501e+07	-6.96865e+01	-2.74474e+02	
3839	3.958221e+07	-6.97337e+01	-2.74542e+02	
3840	3.981072e+07	-6.97809e+01	-2.74611e+02	
3841	4.004055e+07	-6.98281e+01	-2.74679e+02	
3842	4.027170e+07	-6.98753e+01	-2.74748e+02	
3843	4.050419e+07	-6.99225e+01	-2.74817e+02	
3844	4.073803e+07	-6.99698e+01	-2.74887e+02	
3845	4.097321e+07	-7.00170e+01	-2.74956e+02	
3846	4.120975e+07	-7.00643e+01	-2.75026e+02	
3847	4.144766e+07	-7.01115e+01	-2.75096e+02	
3848	4.168694e+07	-7.01588e+01	-2.75167e+02	
3849	4.192760e+07	-7.02060e+01	-2.75237e+02	
3850	4.216965e+07	-7.02533e+01	-2.75308e+02	
3851	4.241310e+07	-7.03005e+01	-2.75379e+02	
3852	4.265795e+07	-7.03478e+01	-2.75450e+02	
3853	4.290422e+07	-7.03951e+01	-2.75521e+02	
3854	4.315191e+07	-7.04424e+01	-2.75593e+02	
3855	4.340103e+07	-7.04896e+01	-2.75665e+02	
3856	4.365158e+07	-7.05369e+01	-2.75737e+02	
3857	4.390359e+07	-7.05842e+01	-2.75809e+02	
3858	4.415704e+07	-7.06315e+01	-2.75882e+02	
3859	4.441197e+07	-7.06788e+01	-2.75955e+02	
3860	4.466836e+07	-7.07260e+01	-2.76028e+02	
3861	4.492623e+07	-7.07733e+01	-2.76101e+02	
3862	4.518559e+07	-7.08206e+01	-2.76174e+02	
3863	4.544645e+07	-7.08679e+01	-2.76248e+02	
3864	4.570882e+07	-7.09151e+01	-2.76322e+02	
3865	4.597270e+07	-7.09624e+01	-2.76396e+02	
3866	4.623810e+07	-7.10097e+01	-2.76471e+02	
3867	4.650504e+07	-7.10570e+01	-2.76545e+02	
3868	4.677351e+07	-7.11042e+01	-2.76620e+02	
3869	4.704354e+07	-7.11515e+01	-2.76695e+02	
3870	4.731513e+07	-7.11988e+01	-2.76771e+02	
3871	4.758828e+07	-7.12460e+01	-2.76846e+02	
3872	4.786301e+07	-7.12933e+01	-2.76922e+02	
3873	4.813933e+07	-7.13405e+01	-2.76998e+02	
3874	4.841724e+07	-7.13878e+01	-2.77075e+02	
3875	4.869675e+07	-7.14350e+01	-2.77151e+02	
3876	4.897788e+07	-7.14822e+01	-2.77228e+02	
3877	4.926063e+07	-7.15295e+01	-2.77305e+02	
3878	4.954502e+07	-7.15767e+01	-2.77383e+02	
3879	4.983105e+07	-7.16239e+01	-2.77460e+02	
3880	5.011872e+07	-7.16711e+01	-2.77538e+02	
3881	5.040806e+07	-7.17183e+01	-2.77616e+02	
3882	5.069907e+07	-7.17655e+01	-2.77695e+02	

Index   frequency       tdb             tph             
--------------------------------------------------------------------------------
3883	5.099176e+07	-7.18127e+01	-2.77774e+02	
3884	5.128614e+07	-7.18598e+01	-2.77852e+02	
3885	5.158222e+07	-7.19070e+01	-2.77932e+02	
3886	5.188000e+07	-7.19542e+01	-2.78011e+02	
3887	5.217951e+07	-7.20013e+01	-2.78091e+02	
3888	5.248075e+07	-7.20485e+01	-2.78171e+02	
3889	5.278372e+07	-7.20956e+01	-2.78251e+02	
3890	5.308844e+07	-7.21427e+01	-2.78332e+02	
3891	5.339493e+07	-7.21898e+01	-2.78413e+02	
3892	5.370318e+07	-7.22369e+01	-2.78494e+02	
3893	5.401321e+07	-7.22840e+01	-2.78575e+02	
3894	5.432503e+07	-7.23311e+01	-2.78657e+02	
3895	5.463865e+07	-7.23781e+01	-2.78738e+02	
3896	5.495409e+07	-7.24252e+01	-2.78821e+02	
3897	5.527134e+07	-7.24722e+01	-2.78903e+02	
3898	5.559043e+07	-7.25192e+01	-2.78986e+02	
3899	5.591135e+07	-7.25662e+01	-2.79069e+02	
3900	5.623413e+07	-7.26132e+01	-2.79152e+02	
3901	5.655878e+07	-7.26602e+01	-2.79236e+02	
3902	5.688529e+07	-7.27071e+01	-2.79320e+02	
3903	5.721370e+07	-7.27541e+01	-2.79404e+02	
3904	5.754399e+07	-7.28010e+01	-2.79488e+02	
3905	5.787620e+07	-7.28479e+01	-2.79573e+02	
3906	5.821032e+07	-7.28948e+01	-2.79658e+02	
3907	5.854637e+07	-7.29417e+01	-2.79744e+02	
3908	5.888437e+07	-7.29886e+01	-2.79829e+02	
3909	5.922431e+07	-7.30354e+01	-2.79915e+02	
3910	5.956621e+07	-7.30822e+01	-2.80001e+02	
3911	5.991009e+07	-7.31290e+01	-2.80088e+02	
3912	6.025596e+07	-7.31758e+01	-2.80175e+02	
3913	6.060382e+07	-7.32226e+01	-2.80262e+02	
3914	6.095369e+07	-7.32694e+01	-2.80349e+02	
3915	6.130558e+07	-7.33161e+01	-2.80437e+02	
3916	6.165950e+07	-7.33628e+01	-2.80525e+02	
3917	6.201546e+07	-7.34095e+01	-2.80614e+02	
3918	6.237348e+07	-7.34562e+01	-2.80702e+02	
3919	6.273357e+07	-7.35028e+01	-2.80791e+02	
3920	6.309573e+07	-7.35494e+01	-2.80881e+02	
3921	6.345999e+07	-7.35960e+01	-2.80970e+02	
3922	6.382635e+07	-7.36426e+01	-2.81060e+02	
3923	6.419482e+07	-7.36892e+01	-2.81151e+02	
3924	6.456542e+07	-7.37357e+01	-2.81241e+02	
3925	6.493816e+07	-7.37822e+01	-2.81332e+02	
3926	6.531306e+07	-7.38287e+01	-2.81423e+02	
3927	6.569011e+07	-7.38752e+01	-2.81515e+02	
3928	6.606934e+07	-7.39216e+01	-2.81607e+02	
3929	6.645077e+07	-7.39680e+01	-2.81699e+02	
3930	6.683439e+07	-7.40144e+01	-2.81792e+02	
3931	6.722023e+07	-7.40607e+01	-2.81885e+02	
3932	6.760830e+07	-7.41071e+01	-2.81978e+02	
3933	6.799860e+07	-7.41534e+01	-2.82071e+02	
3934	6.839116e+07	-7.41997e+01	-2.82165e+02	
3935	6.878599e+07	-7.42459e+01	-2.82260e+02	
3936	6.918310e+07	-7.42921e+01	-2.82354e+02	
3937	6.958250e+07	-7.43383e+01	-2.82449e+02	
3938	6.998420e+07	-7.43845e+01	-2.82544e+02	
3939	7.038822e+07	-7.44306e+01	-2.82640e+02	
3940	7.079458e+07	-7.44767e+01	-2.82736e+02	

Index   frequency       tdb             tph             
--------------------------------------------------------------------------------
3941	7.120328e+07	-7.45228e+01	-2.82832e+02	
3942	7.161434e+07	-7.45688e+01	-2.82929e+02	
3943	7.202778e+07	-7.46148e+01	-2.83026e+02	
3944	7.244360e+07	-7.46608e+01	-2.83123e+02	
3945	7.286182e+07	-7.47068e+01	-2.83221e+02	
3946	7.328245e+07	-7.47527e+01	-2.83319e+02	
3947	7.370552e+07	-7.47986e+01	-2.83418e+02	
3948	7.413102e+07	-7.48444e+01	-2.83517e+02	
3949	7.455899e+07	-7.48902e+01	-2.83616e+02	
3950	7.498942e+07	-7.49360e+01	-2.83715e+02	
3951	7.542234e+07	-7.49817e+01	-2.83815e+02	
3952	7.585776e+07	-7.50274e+01	-2.83915e+02	
3953	7.629569e+07	-7.50731e+01	-2.84016e+02	
3954	7.673615e+07	-7.51187e+01	-2.84117e+02	
3955	7.717915e+07	-7.51643e+01	-2.84218e+02	
3956	7.762471e+07	-7.52099e+01	-2.84320e+02	
3957	7.807284e+07	-7.52554e+01	-2.84422e+02	
3958	7.852356e+07	-7.53009e+01	-2.84525e+02	
3959	7.897688e+07	-7.53464e+01	-2.84628e+02	
3960	7.943282e+07	-7.53918e+01	-2.84731e+02	
3961	7.989139e+07	-7.54371e+01	-2.84834e+02	
3962	8.035261e+07	-7.54825e+01	-2.84938e+02	
3963	8.081649e+07	-7.55277e+01	-2.85043e+02	
3964	8.128305e+07	-7.55730e+01	-2.85148e+02	
3965	8.175230e+07	-7.56182e+01	-2.85253e+02	
3966	8.222426e+07	-7.56634e+01	-2.85358e+02	
3967	8.269895e+07	-7.57085e+01	-2.85464e+02	
3968	8.317638e+07	-7.57535e+01	-2.85570e+02	
3969	8.365656e+07	-7.57986e+01	-2.85677e+02	
3970	8.413951e+07	-7.58436e+01	-2.85784e+02	
3971	8.462526e+07	-7.58885e+01	-2.85892e+02	
3972	8.511380e+07	-7.59334e+01	-2.85999e+02	
3973	8.560517e+07	-7.59783e+01	-2.86108e+02	
3974	8.609938e+07	-7.60231e+01	-2.86216e+02	
3975	8.659643e+07	-7.60678e+01	-2.86325e+02	
3976	8.709636e+07	-7.61125e+01	-2.86435e+02	
3977	8.759917e+07	-7.61572e+01	-2.86545e+02	
3978	8.810489e+07	-7.62018e+01	-2.86655e+02	
3979	8.861352e+07	-7.62464e+01	-2.86765e+02	
3980	8.912509e+07	-7.62909e+01	-2.86877e+02	
3981	8.963962e+07	-7.63354e+01	-2.86988e+02	
3982	9.015711e+07	-7.63798e+01	-2.87100e+02	
3983	9.067760e+07	-7.64242e+01	-2.87212e+02	
3984	9.120108e+07	-7.64685e+01	-2.87325e+02	
3985	9.172759e+07	-7.65127e+01	-2.87438e+02	
3986	9.225714e+07	-7.65570e+01	-2.87551e+02	
3987	9.278975e+07	-7.66011e+01	-2.87665e+02	
3988	9.332543e+07	-7.66452e+01	-2.87779e+02	
3989	9.386420e+07	-7.66893e+01	-2.87894e+02	
3990	9.440609e+07	-7.67333e+01	-2.88009e+02	
3991	9.495110e+07	-7.67772e+01	-2.88125e+02	
3992	9.549926e+07	-7.68211e+01	-2.88241e+02	
3993	9.605058e+07	-7.68649e+01	-2.88357e+02	
3994	9.660509e+07	-7.69087e+01	-2.88474e+02	
3995	9.716280e+07	-7.69524e+01	-2.88591e+02	
3996	9.772372e+07	-7.69961e+01	-2.88709e+02	
3997	9.828789e+07	-7.70397e+01	-2.88827e+02	
3998	9.885531e+07	-7.70832e+01	-2.88945e+02	

Index   frequency       tdb             tph             
--------------------------------------------------------------------------------
3999	9.942601e+07	-7.71267e+01	-2.89064e+02	
4000	1.000000e+08	-7.71701e+01	-2.89183e+02	
4001	1.005773e+08	-7.72135e+01	-2.89303e+02	
4002	1.011579e+08	-7.72568e+01	-2.89423e+02	
4003	1.017419e+08	-7.73000e+01	-2.89543e+02	
4004	1.023293e+08	-7.73432e+01	-2.89664e+02	
4005	1.029201e+08	-7.73863e+01	-2.89786e+02	
4006	1.035142e+08	-7.74293e+01	-2.89908e+02	
4007	1.041118e+08	-7.74723e+01	-2.90030e+02	
4008	1.047129e+08	-7.75152e+01	-2.90152e+02	
4009	1.053174e+08	-7.75581e+01	-2.90276e+02	
4010	1.059254e+08	-7.76008e+01	-2.90399e+02	
4011	1.065369e+08	-7.76436e+01	-2.90523e+02	
4012	1.071519e+08	-7.76862e+01	-2.90647e+02	
4013	1.077705e+08	-7.77288e+01	-2.90772e+02	
4014	1.083927e+08	-7.77713e+01	-2.90897e+02	
4015	1.090184e+08	-7.78137e+01	-2.91023e+02	
4016	1.096478e+08	-7.78561e+01	-2.91149e+02	
4017	1.102808e+08	-7.78984e+01	-2.91275e+02	
4018	1.109175e+08	-7.79406e+01	-2.91402e+02	
4019	1.115578e+08	-7.79828e+01	-2.91530e+02	
4020	1.122018e+08	-7.80249e+01	-2.91657e+02	
4021	1.128496e+08	-7.80669e+01	-2.91786e+02	
4022	1.135011e+08	-7.81088e+01	-2.91914e+02	
4023	1.141563e+08	-7.81507e+01	-2.92043e+02	
4024	1.148154e+08	-7.81925e+01	-2.92173e+02	
4025	1.154782e+08	-7.82342e+01	-2.92303e+02	
4026	1.161449e+08	-7.82759e+01	-2.92433e+02	
4027	1.168154e+08	-7.83174e+01	-2.92564e+02	
4028	1.174898e+08	-7.83589e+01	-2.92695e+02	
4029	1.181680e+08	-7.84003e+01	-2.92827e+02	
4030	1.188502e+08	-7.84416e+01	-2.92959e+02	
4031	1.195364e+08	-7.84829e+01	-2.93091e+02	
4032	1.202264e+08	-7.85241e+01	-2.93224e+02	
4033	1.209205e+08	-7.85651e+01	-2.93357e+02	
4034	1.216186e+08	-7.86061e+01	-2.93491e+02	
4035	1.223207e+08	-7.86471e+01	-2.93625e+02	
4036	1.230269e+08	-7.86879e+01	-2.93760e+02	
4037	1.237371e+08	-7.87287e+01	-2.93895e+02	
4038	1.244515e+08	-7.87693e+01	-2.94030e+02	
4039	1.251699e+08	-7.88099e+01	-2.94166e+02	
4040	1.258925e+08	-7.88504e+01	-2.94302e+02	
4041	1.266193e+08	-7.88909e+01	-2.94439e+02	
4042	1.273503e+08	-7.89312e+01	-2.94576e+02	
4043	1.280855e+08	-7.89714e+01	-2.94714e+02	
4044	1.288250e+08	-7.90116e+01	-2.94852e+02	
4045	1.295687e+08	-7.90517e+01	-2.94990e+02	
4046	1.303167e+08	-7.90916e+01	-2.95129e+02	
4047	1.310690e+08	-7.91315e+01	-2.95268e+02	
4048	1.318257e+08	-7.91713e+01	-2.95407e+02	
4049	1.325867e+08	-7.92110e+01	-2.95548e+02	
4050	1.333521e+08	-7.92507e+01	-2.95688e+02	
4051	1.341220e+08	-7.92902e+01	-2.95829e+02	
4052	1.348963e+08	-7.93296e+01	-2.95970e+02	
4053	1.356751e+08	-7.93690e+01	-2.96112e+02	
4054	1.364583e+08	-7.94082e+01	-2.96254e+02	
4055	1.372461e+08	-7.94473e+01	-2.96396e+02	
4056	1.380384e+08	-7.94864e+01	-2.96539e+02	

Index   frequency       tdb             tph             
--------------------------------------------------------------------------------
4057	1.388353e+08	-7.95253e+01	-2.96682e+02	
4058	1.396368e+08	-7.95642e+01	-2.96826e+02	
4059	1.404430e+08	-7.96030e+01	-2.96970e+02	
4060	1.412538e+08	-7.96416e+01	-2.97115e+02	
4061	1.420692e+08	-7.96802e+01	-2.97260e+02	
4062	1.428894e+08	-7.97187e+01	-2.97405e+02	
4063	1.437143e+08	-7.97570e+01	-2.97551e+02	
4064	1.445440e+08	-7.97953e+01	-2.97697e+02	
4065	1.453784e+08	-7.98334e+01	-2.97843e+02	
4066	1.462177e+08	-7.98715e+01	-2.97990e+02	
4067	1.470618e+08	-7.99095e+01	-2.98137e+02	
4068	1.479108e+08	-7.99473e+01	-2.98285e+02	
4069	1.487647e+08	-7.99851e+01	-2.98433e+02	
4070	1.496236e+08	-8.00227e+01	-2.98581e+02	
4071	1.504874e+08	-8.00603e+01	-2.98730e+02	
4072	1.513561e+08	-8.00977e+01	-2.98879e+02	
4073	1.522299e+08	-8.01350e+01	-2.99029e+02	
4074	1.531087e+08	-8.01722e+01	-2.99179e+02	
4075	1.539927e+08	-8.02093e+01	-2.99329e+02	
4076	1.548817e+08	-8.02463e+01	-2.99479e+02	
4077	1.557758e+08	-8.02832e+01	-2.99630e+02	
4078	1.566751e+08	-8.03200e+01	-2.99782e+02	
4079	1.575796e+08	-8.03567e+01	-2.99933e+02	
4080	1.584893e+08	-8.03932e+01	-3.00086e+02	
4081	1.594043e+08	-8.04297e+01	-3.00238e+02	
4082	1.603245e+08	-8.04660e+01	-3.00391e+02	
4083	1.612501e+08	-8.05023e+01	-3.00544e+02	
4084	1.621810e+08	-8.05384e+01	-3.00697e+02	
4085	1.631173e+08	-8.05744e+01	-3.00851e+02	
4086	1.640590e+08	-8.06102e+01	-3.01005e+02	
4087	1.650061e+08	-8.06460e+01	-3.01160e+02	
4088	1.659587e+08	-8.06817e+01	-3.01315e+02	
4089	1.669168e+08	-8.07172e+01	-3.01470e+02	
4090	1.678804e+08	-8.07526e+01	-3.01625e+02	
4091	1.688496e+08	-8.07879e+01	-3.01781e+02	
4092	1.698244e+08	-8.08231e+01	-3.01937e+02	
4093	1.708048e+08	-8.08582e+01	-3.02094e+02	
4094	1.717908e+08	-8.08931e+01	-3.02251e+02	
4095	1.727826e+08	-8.09279e+01	-3.02408e+02	
4096	1.737801e+08	-8.09626e+01	-3.02565e+02	
4097	1.747833e+08	-8.09972e+01	-3.02723e+02	
4098	1.757924e+08	-8.10317e+01	-3.02881e+02	
4099	1.768072e+08	-8.10660e+01	-3.03039e+02	
4100	1.778279e+08	-8.11002e+01	-3.03198e+02	
4101	1.788546e+08	-8.11343e+01	-3.03357e+02	
4102	1.798871e+08	-8.11683e+01	-3.03516e+02	
4103	1.809256e+08	-8.12021e+01	-3.03676e+02	
4104	1.819701e+08	-8.12358e+01	-3.03836e+02	
4105	1.830206e+08	-8.12694e+01	-3.03996e+02	
4106	1.840772e+08	-8.13029e+01	-3.04156e+02	
4107	1.851399e+08	-8.13362e+01	-3.04317e+02	
4108	1.862087e+08	-8.13694e+01	-3.04477e+02	
4109	1.872837e+08	-8.14025e+01	-3.04639e+02	
4110	1.883649e+08	-8.14355e+01	-3.04800e+02	
4111	1.894524e+08	-8.14683e+01	-3.04962e+02	
4112	1.905461e+08	-8.15010e+01	-3.05124e+02	
4113	1.916461e+08	-8.15336e+01	-3.05286e+02	
4114	1.927525e+08	-8.15660e+01	-3.05448e+02	

Index   frequency       tdb             tph             
--------------------------------------------------------------------------------
4115	1.938653e+08	-8.15983e+01	-3.05611e+02	
4116	1.949845e+08	-8.16305e+01	-3.05774e+02	
4117	1.961101e+08	-8.16625e+01	-3.05937e+02	
4118	1.972423e+08	-8.16945e+01	-3.06100e+02	
4119	1.983810e+08	-8.17262e+01	-3.06264e+02	
4120	1.995262e+08	-8.17579e+01	-3.06428e+02	
4121	2.006781e+08	-8.17894e+01	-3.06592e+02	
4122	2.018366e+08	-8.18208e+01	-3.06756e+02	
4123	2.030019e+08	-8.18520e+01	-3.06921e+02	
4124	2.041738e+08	-8.18832e+01	-3.07085e+02	
4125	2.053525e+08	-8.19141e+01	-3.07250e+02	
4126	2.065380e+08	-8.19450e+01	-3.07415e+02	
4127	2.077304e+08	-8.19757e+01	-3.07580e+02	
4128	2.089296e+08	-8.20063e+01	-3.07746e+02	
4129	2.101358e+08	-8.20367e+01	-3.07911e+02	
4130	2.113489e+08	-8.20670e+01	-3.08077e+02	
4131	2.125690e+08	-8.20972e+01	-3.08243e+02	
4132	2.137962e+08	-8.21272e+01	-3.08409e+02	
4133	2.150305e+08	-8.21571e+01	-3.08575e+02	
4134	2.162719e+08	-8.21869e+01	-3.08742e+02	
4135	2.175204e+08	-8.22165e+01	-3.08908e+02	
4136	2.187762e+08	-8.22459e+01	-3.09075e+02	
4137	2.200392e+08	-8.22753e+01	-3.09242e+02	
4138	2.213095e+08	-8.23045e+01	-3.09409e+02	
4139	2.225871e+08	-8.23335e+01	-3.09576e+02	
4140	2.238721e+08	-8.23625e+01	-3.09743e+02	
4141	2.251645e+08	-8.23912e+01	-3.09911e+02	
4142	2.264644e+08	-8.24199e+01	-3.10078e+02	
4143	2.277718e+08	-8.24484e+01	-3.10246e+02	
4144	2.290868e+08	-8.24767e+01	-3.10413e+02	
4145	2.304093e+08	-8.25050e+01	-3.10581e+02	
4146	2.317395e+08	-8.25330e+01	-3.10749e+02	
4147	2.330773e+08	-8.25610e+01	-3.10917e+02	
4148	2.344229e+08	-8.25888e+01	-3.11085e+02	
4149	2.357762e+08	-8.26164e+01	-3.11253e+02	
4150	2.371374e+08	-8.26439e+01	-3.11422e+02	
4151	2.385064e+08	-8.26713e+01	-3.11590e+02	
4152	2.398833e+08	-8.26985e+01	-3.11758e+02	
4153	2.412682e+08	-8.27256e+01	-3.11927e+02	
4154	2.426610e+08	-8.27526e+01	-3.12095e+02	
4155	2.440619e+08	-8.27794e+01	-3.12264e+02	
4156	2.454709e+08	-8.28060e+01	-3.12432e+02	
4157	2.468880e+08	-8.28325e+01	-3.12601e+02	
4158	2.483133e+08	-8.28589e+01	-3.12769e+02	
4159	2.497468e+08	-8.28851e+01	-3.12938e+02	
4160	2.511886e+08	-8.29112e+01	-3.13107e+02	
4161	2.526388e+08	-8.29372e+01	-3.13276e+02	
4162	2.540973e+08	-8.29630e+01	-3.13444e+02	
4163	2.555642e+08	-8.29886e+01	-3.13613e+02	
4164	2.570396e+08	-8.30141e+01	-3.13782e+02	
4165	2.585235e+08	-8.30395e+01	-3.13950e+02	
4166	2.600160e+08	-8.30647e+01	-3.14119e+02	
4167	2.615170e+08	-8.30898e+01	-3.14288e+02	
4168	2.630268e+08	-8.31148e+01	-3.14457e+02	
4169	2.645453e+08	-8.31396e+01	-3.14625e+02	
4170	2.660725e+08	-8.31642e+01	-3.14794e+02	
4171	2.676086e+08	-8.31887e+01	-3.14963e+02	
4172	2.691535e+08	-8.32131e+01	-3.15131e+02	

Index   frequency       tdb             tph             
--------------------------------------------------------------------------------
4173	2.707073e+08	-8.32373e+01	-3.15300e+02	
4174	2.722701e+08	-8.32614e+01	-3.15468e+02	
4175	2.738420e+08	-8.32853e+01	-3.15636e+02	
4176	2.754229e+08	-8.33091e+01	-3.15805e+02	
4177	2.770129e+08	-8.33328e+01	-3.15973e+02	
4178	2.786121e+08	-8.33563e+01	-3.16141e+02	
4179	2.802206e+08	-8.33796e+01	-3.16309e+02	
4180	2.818383e+08	-8.34028e+01	-3.16477e+02	
4181	2.834654e+08	-8.34259e+01	-3.16645e+02	
4182	2.851018e+08	-8.34488e+01	-3.16813e+02	
4183	2.867477e+08	-8.34716e+01	-3.16981e+02	
4184	2.884032e+08	-8.34943e+01	-3.17149e+02	
4185	2.900681e+08	-8.35168e+01	-3.17316e+02	
4186	2.917427e+08	-8.35392e+01	-3.17484e+02	
4187	2.934270e+08	-8.35614e+01	-3.17651e+02	
4188	2.951209e+08	-8.35835e+01	-3.17818e+02	
4189	2.968247e+08	-8.36054e+01	-3.17985e+02	
4190	2.985383e+08	-8.36272e+01	-3.18152e+02	
4191	3.002617e+08	-8.36489e+01	-3.18319e+02	
4192	3.019952e+08	-8.36704e+01	-3.18485e+02	
4193	3.037386e+08	-8.36918e+01	-3.18652e+02	
4194	3.054921e+08	-8.37130e+01	-3.18818e+02	
4195	3.072557e+08	-8.37341e+01	-3.18984e+02	
4196	3.090295e+08	-8.37550e+01	-3.19150e+02	
4197	3.108136e+08	-8.37759e+01	-3.19316e+02	
4198	3.126079e+08	-8.37965e+01	-3.19482e+02	
4199	3.144126e+08	-8.38171e+01	-3.19647e+02	
4200	3.162278e+08	-8.38375e+01	-3.19813e+02	
4201	3.180534e+08	-8.38577e+01	-3.19978e+02	
4202	3.198895e+08	-8.38778e+01	-3.20143e+02	
4203	3.217363e+08	-8.38978e+01	-3.20307e+02	
4204	3.235937e+08	-8.39177e+01	-3.20472e+02	
4205	3.254618e+08	-8.39374e+01	-3.20636e+02	
4206	3.273407e+08	-8.39569e+01	-3.20800e+02	
4207	3.292305e+08	-8.39764e+01	-3.20964e+02	
4208	3.311311e+08	-8.39957e+01	-3.21128e+02	
4209	3.330428e+08	-8.40148e+01	-3.21291e+02	
4210	3.349654e+08	-8.40339e+01	-3.21454e+02	
4211	3.368992e+08	-8.40527e+01	-3.21617e+02	
4212	3.388442e+08	-8.40715e+01	-3.21780e+02	
4213	3.408003e+08	-8.40901e+01	-3.21942e+02	
4214	3.427678e+08	-8.41086e+01	-3.22104e+02	
4215	3.447466e+08	-8.41270e+01	-3.22266e+02	
4216	3.467369e+08	-8.41452e+01	-3.22428e+02	
4217	3.487386e+08	-8.41633e+01	-3.22589e+02	
4218	3.507519e+08	-8.41812e+01	-3.22750e+02	
4219	3.527768e+08	-8.41990e+01	-3.22911e+02	
4220	3.548134e+08	-8.42167e+01	-3.23072e+02	
4221	3.568617e+08	-8.42343e+01	-3.23232e+02	
4222	3.589219e+08	-8.42517e+01	-3.23392e+02	
4223	3.609940e+08	-8.42690e+01	-3.23552e+02	
4224	3.630781e+08	-8.42862e+01	-3.23711e+02	
4225	3.651741e+08	-8.43032e+01	-3.23870e+02	
4226	3.672823e+08	-8.43201e+01	-3.24029e+02	
4227	3.694026e+08	-8.43369e+01	-3.24187e+02	
4228	3.715352e+08	-8.43536e+01	-3.24346e+02	
4229	3.736801e+08	-8.43701e+01	-3.24503e+02	
4230	3.758374e+08	-8.43865e+01	-3.24661e+02	

Index   frequency       tdb             tph             
--------------------------------------------------------------------------------
4231	3.780071e+08	-8.44028e+01	-3.24818e+02	
4232	3.801894e+08	-8.44189e+01	-3.24975e+02	
4233	3.823843e+08	-8.44349e+01	-3.25132e+02	
4234	3.845918e+08	-8.44508e+01	-3.25288e+02	
4235	3.868121e+08	-8.44666e+01	-3.25444e+02	
4236	3.890451e+08	-8.44822e+01	-3.25599e+02	
4237	3.912911e+08	-8.44978e+01	-3.25755e+02	
4238	3.935501e+08	-8.45132e+01	-3.25909e+02	
4239	3.958221e+08	-8.45284e+01	-3.26064e+02	
4240	3.981072e+08	-8.45436e+01	-3.26218e+02	
4241	4.004055e+08	-8.45586e+01	-3.26372e+02	
4242	4.027170e+08	-8.45736e+01	-3.26525e+02	
4243	4.050419e+08	-8.45884e+01	-3.26678e+02	
4244	4.073803e+08	-8.46030e+01	-3.26831e+02	
4245	4.097321e+08	-8.46176e+01	-3.26983e+02	
4246	4.120975e+08	-8.46320e+01	-3.27135e+02	
4247	4.144766e+08	-8.46463e+01	-3.27287e+02	
4248	4.168694e+08	-8.46605e+01	-3.27438e+02	
4249	4.192760e+08	-8.46746e+01	-3.27589e+02	
4250	4.216965e+08	-8.46886e+01	-3.27739e+02	
4251	4.241310e+08	-8.47025e+01	-3.27889e+02	
4252	4.265795e+08	-8.47162e+01	-3.28039e+02	
4253	4.290422e+08	-8.47298e+01	-3.28188e+02	
4254	4.315191e+08	-8.47433e+01	-3.28337e+02	
4255	4.340103e+08	-8.47567e+01	-3.28485e+02	
4256	4.365158e+08	-8.47700e+01	-3.28633e+02	
4257	4.390359e+08	-8.47832e+01	-3.28781e+02	
4258	4.415704e+08	-8.47963e+01	-3.28928e+02	
4259	4.441197e+08	-8.48092e+01	-3.29075e+02	
4260	4.466836e+08	-8.48220e+01	-3.29221e+02	
4261	4.492623e+08	-8.48348e+01	-3.29367e+02	
4262	4.518559e+08	-8.48474e+01	-3.29513e+02	
4263	4.544645e+08	-8.48599e+01	-3.29658e+02	
4264	4.570882e+08	-8.48723e+01	-3.29803e+02	
4265	4.597270e+08	-8.48846e+01	-3.29947e+02	
4266	4.623810e+08	-8.48968e+01	-3.30091e+02	
4267	4.650504e+08	-8.49089e+01	-3.30234e+02	
4268	4.677351e+08	-8.49209e+01	-3.30377e+02	
4269	4.704354e+08	-8.49328e+01	-3.30520e+02	
4270	4.731513e+08	-8.49445e+01	-3.30662e+02	
4271	4.758828e+08	-8.49562e+01	-3.30804e+02	
4272	4.786301e+08	-8.49678e+01	-3.30945e+02	
4273	4.813933e+08	-8.49793e+01	-3.31086e+02	
4274	4.841724e+08	-8.49906e+01	-3.31226e+02	
4275	4.869675e+08	-8.50019e+01	-3.31366e+02	
4276	4.897788e+08	-8.50130e+01	-3.31505e+02	
4277	4.926063e+08	-8.50241e+01	-3.31644e+02	
4278	4.954502e+08	-8.50351e+01	-3.31783e+02	
4279	4.983105e+08	-8.50459e+01	-3.31921e+02	
4280	5.011872e+08	-8.50567e+01	-3.32059e+02	
4281	5.040806e+08	-8.50674e+01	-3.32196e+02	
4282	5.069907e+08	-8.50780e+01	-3.32333e+02	
4283	5.099176e+08	-8.50884e+01	-3.32469e+02	
4284	5.128614e+08	-8.50988e+01	-3.32605e+02	
4285	5.158222e+08	-8.51091e+01	-3.32740e+02	
4286	5.188000e+08	-8.51193e+01	-3.32875e+02	
4287	5.217951e+08	-8.51294e+01	-3.33009e+02	
4288	5.248075e+08	-8.51394e+01	-3.33143e+02	

Index   frequency       tdb             tph             
--------------------------------------------------------------------------------
4289	5.278372e+08	-8.51494e+01	-3.33277e+02	
4290	5.308844e+08	-8.51592e+01	-3.33410e+02	
4291	5.339493e+08	-8.51689e+01	-3.33542e+02	
4292	5.370318e+08	-8.51786e+01	-3.33674e+02	
4293	5.401321e+08	-8.51881e+01	-3.33806e+02	
4294	5.432503e+08	-8.51976e+01	-3.33937e+02	
4295	5.463865e+08	-8.52070e+01	-3.34068e+02	
4296	5.495409e+08	-8.52163e+01	-3.34198e+02	
4297	5.527134e+08	-8.52255e+01	-3.34328e+02	
4298	5.559043e+08	-8.52346e+01	-3.34457e+02	
4299	5.591135e+08	-8.52437e+01	-3.34586e+02	
4300	5.623413e+08	-8.52526e+01	-3.34714e+02	
4301	5.655878e+08	-8.52615e+01	-3.34842e+02	
4302	5.688529e+08	-8.52703e+01	-3.34969e+02	
4303	5.721370e+08	-8.52790e+01	-3.35096e+02	
4304	5.754399e+08	-8.52876e+01	-3.35222e+02	
4305	5.787620e+08	-8.52961e+01	-3.35348e+02	
4306	5.821032e+08	-8.53046e+01	-3.35474e+02	
4307	5.854637e+08	-8.53130e+01	-3.35599e+02	
4308	5.888437e+08	-8.53213e+01	-3.35723e+02	
4309	5.922431e+08	-8.53295e+01	-3.35847e+02	
4310	5.956621e+08	-8.53376e+01	-3.35971e+02	
4311	5.991009e+08	-8.53457e+01	-3.36094e+02	
4312	6.025596e+08	-8.53537e+01	-3.36216e+02	
4313	6.060382e+08	-8.53616e+01	-3.36338e+02	
4314	6.095369e+08	-8.53694e+01	-3.36460e+02	
4315	6.130558e+08	-8.53771e+01	-3.36581e+02	
4316	6.165950e+08	-8.53848e+01	-3.36701e+02	
4317	6.201546e+08	-8.53924e+01	-3.36822e+02	
4318	6.237348e+08	-8.54000e+01	-3.36941e+02	
4319	6.273357e+08	-8.54074e+01	-3.37060e+02	
4320	6.309573e+08	-8.54148e+01	-3.37179e+02	
4321	6.345999e+08	-8.54221e+01	-3.37297e+02	
4322	6.382635e+08	-8.54294e+01	-3.37415e+02	
4323	6.419482e+08	-8.54365e+01	-3.37532e+02	
4324	6.456542e+08	-8.54436e+01	-3.37649e+02	
4325	6.493816e+08	-8.54506e+01	-3.37765e+02	
4326	6.531306e+08	-8.54576e+01	-3.37881e+02	
4327	6.569011e+08	-8.54645e+01	-3.37996e+02	
4328	6.606934e+08	-8.54713e+01	-3.38111e+02	
4329	6.645077e+08	-8.54781e+01	-3.38225e+02	
4330	6.683439e+08	-8.54848e+01	-3.38339e+02	
4331	6.722023e+08	-8.54914e+01	-3.38452e+02	
4332	6.760830e+08	-8.54979e+01	-3.38565e+02	
4333	6.799860e+08	-8.55044e+01	-3.38678e+02	
4334	6.839116e+08	-8.55109e+01	-3.38789e+02	
4335	6.878599e+08	-8.55172e+01	-3.38901e+02	
4336	6.918310e+08	-8.55235e+01	-3.39012e+02	
4337	6.958250e+08	-8.55298e+01	-3.39122e+02	
4338	6.998420e+08	-8.55359e+01	-3.39232e+02	
4339	7.038822e+08	-8.55420e+01	-3.39342e+02	
4340	7.079458e+08	-8.55481e+01	-3.39451e+02	
4341	7.120328e+08	-8.55541e+01	-3.39559e+02	
4342	7.161434e+08	-8.55600e+01	-3.39667e+02	
4343	7.202778e+08	-8.55659e+01	-3.39775e+02	
4344	7.244360e+08	-8.55717e+01	-3.39882e+02	
4345	7.286182e+08	-8.55774e+01	-3.39989e+02	
4346	7.328245e+08	-8.55831e+01	-3.40095e+02	

Index   frequency       tdb             tph             
--------------------------------------------------------------------------------
4347	7.370552e+08	-8.55888e+01	-3.40201e+02	
4348	7.413102e+08	-8.55943e+01	-3.40306e+02	
4349	7.455899e+08	-8.55999e+01	-3.40411e+02	
4350	7.498942e+08	-8.56053e+01	-3.40515e+02	
4351	7.542234e+08	-8.56107e+01	-3.40619e+02	
4352	7.585776e+08	-8.56161e+01	-3.40722e+02	
4353	7.629569e+08	-8.56214e+01	-3.40825e+02	
4354	7.673615e+08	-8.56266e+01	-3.40927e+02	
4355	7.717915e+08	-8.56318e+01	-3.41029e+02	
4356	7.762471e+08	-8.56369e+01	-3.41131e+02	
4357	7.807284e+08	-8.56420e+01	-3.41232e+02	
4358	7.852356e+08	-8.56471e+01	-3.41332e+02	
4359	7.897688e+08	-8.56520e+01	-3.41433e+02	
4360	7.943282e+08	-8.56570e+01	-3.41532e+02	
4361	7.989139e+08	-8.56618e+01	-3.41631e+02	
4362	8.035261e+08	-8.56667e+01	-3.41730e+02	
4363	8.081649e+08	-8.56714e+01	-3.41828e+02	
4364	8.128305e+08	-8.56762e+01	-3.41926e+02	
4365	8.175230e+08	-8.56808e+01	-3.42023e+02	
4366	8.222426e+08	-8.56855e+01	-3.42120e+02	
4367	8.269895e+08	-8.56901e+01	-3.42217e+02	
4368	8.317638e+08	-8.56946e+01	-3.42313e+02	
4369	8.365656e+08	-8.56991e+01	-3.42408e+02	
4370	8.413951e+08	-8.57035e+01	-3.42503e+02	
4371	8.462526e+08	-8.57079e+01	-3.42598e+02	
4372	8.511380e+08	-8.57123e+01	-3.42692e+02	
4373	8.560517e+08	-8.57166e+01	-3.42786e+02	
4374	8.609938e+08	-8.57208e+01	-3.42879e+02	
4375	8.659643e+08	-8.57250e+01	-3.42972e+02	
4376	8.709636e+08	-8.57292e+01	-3.43064e+02	
4377	8.759917e+08	-8.57333e+01	-3.43156e+02	
4378	8.810489e+08	-8.57374e+01	-3.43248e+02	
4379	8.861352e+08	-8.57414e+01	-3.43339e+02	
4380	8.912509e+08	-8.57454e+01	-3.43429e+02	
4381	8.963962e+08	-8.57494e+01	-3.43520e+02	
4382	9.015711e+08	-8.57533e+01	-3.43609e+02	
4383	9.067760e+08	-8.57572e+01	-3.43699e+02	
4384	9.120108e+08	-8.57610e+01	-3.43788e+02	
4385	9.172759e+08	-8.57648e+01	-3.43876e+02	
4386	9.225714e+08	-8.57685e+01	-3.43964e+02	
4387	9.278975e+08	-8.57722e+01	-3.44052e+02	
4388	9.332543e+08	-8.57759e+01	-3.44139e+02	
4389	9.386420e+08	-8.57795e+01	-3.44225e+02	
4390	9.440609e+08	-8.57831e+01	-3.44312e+02	
4391	9.495110e+08	-8.57867e+01	-3.44398e+02	
4392	9.549926e+08	-8.57902e+01	-3.44483e+02	
4393	9.605058e+08	-8.57937e+01	-3.44568e+02	
4394	9.660509e+08	-8.57971e+01	-3.44653e+02	
4395	9.716280e+08	-8.58005e+01	-3.44737e+02	
4396	9.772372e+08	-8.58039e+01	-3.44821e+02	
4397	9.828789e+08	-8.58072e+01	-3.44904e+02	
4398	9.885531e+08	-8.58105e+01	-3.44987e+02	
4399	9.942601e+08	-8.58138e+01	-3.45069e+02	
4400	1.000000e+09	-8.58170e+01	-3.45151e+02	
ROW iload_a=0.05 ceff_f=3.3e-07 esr_ohm=0.001 vout_v=1.79941 dcgain_db=136.053 f0_hz=1.55657E+06 phase_at_f0_deg=-278.862 f180_hz=548255 gain_at_f180_db=21.1472 f0_rising_hz= resurgence_db=-0.182976
* SWEEP COMPLETE res_ss_27c_2.97v
Note: Simulation executed from .control section 
Warning: m=xx on .subckt line will override multiplier m hierarchy!

Note: Starting dynamic gmin stepping
Note: Dynamic gmin stepping completed
Note: Starting dynamic gmin stepping
Note: Dynamic gmin stepping completed
Note: Starting dynamic gmin stepping
Note: Dynamic gmin stepping completed

Error: measure  f0r  when(WHEN) : out of interval
Error: &f0r: no such variable.
