* full loop-gain curve T(f) for this record's attr-acopen-fb-inj-curve point
* corner=res_ss_-40c_3.63v variant=acopen-fb-inj phase=sink ssr=1.15 ceff=1uF esr=1mohm
* the two printed columns after the frequency are |T| in dB and unwrapped phase(T) in degrees

Note: No compatibility mode selected!


Circuit: * soft-start-loop-gain -- tian dual-injection loop-gain testbench for the ldo

* corner_id=res_ss_-40c_3.63v corner=res_ss temp_c=-40 vin_v=3.63
* phase=sink variant=acopen-fb-inj iload_a=0.05 rload_ohm=1e+12
* ac sweep: dec 400 0.01 1e9 ; Tian dual injection at ERRAMP_OUT->PASS_GATE
* columns: ROW ssr_cmd= ssr_v= fb_v= vout_v= isup_a= ceff_f= esr_ohm=
*          dcgain_db= f0_hz= phase_at_f0_deg= f180_hz= gain_at_f180_db=
*          f0_rising_hz= resurgence_db=
* (phase margin = 180 + phase_at_f0_deg ; gain margin = -gain_at_f180_db ;
*  resurgence_db = max |T| in dB above the first 0 dB crossing, DR-0008 ;
*  an empty f180/gain field means the phase never reaches -180 deg in band ;
*  ssr_cmd is what this deck COMMANDED the ramp node to, or 'free' when it
*  is not pinned; ssr_v/fb_v/vout_v are what the DC solve LANDED on)
* Fields are written key=value BECAUSE a failed meas leaves its value
* empty: with bare positional fields an empty one vanishes into the
* whitespace and every field after it is read as the wrong quantity.
Doing analysis at TEMP = -40.000000 and TNOM = 27.000000

Using SPARSE 1.3 as Direct Linear Solver

No. of Data Rows : 1
Doing analysis at TEMP = -40.000000 and TNOM = 27.000000

Using SPARSE 1.3 as Direct Linear Solver
 Reference value :  1.00000e-02
No. of Data Rows : 4401
Doing analysis at TEMP = -40.000000 and TNOM = 27.000000

Using SPARSE 1.3 as Direct Linear Solver
 Reference value :  1.89452e-02
No. of Data Rows : 4401
dcg                 =  1.40612e+02
f0                  =  4.02092e+05
phx                 =  -1.49220e+02
f180                =  7.25928e+05
gmx                 =  -7.98962e+00
 meas ac f0r when tdb=0 rise=1 failed!

tres                =  -6.45505e-01 at=  4.24131e+05
 * soft-start-loop-gain -- tian dual-injection loop-gain testbench for the ldo
 AC Analysis  Thu Sep 10 02:41:02  2026
--------------------------------------------------------------------------------
Index   frequency       tdb             tph             
--------------------------------------------------------------------------------
0	1.000000e-02	1.406117e+02	-1.17340e-01	
1	1.005773e-02	1.406118e+02	-1.19350e-01	
2	1.011579e-02	1.406119e+02	-1.21370e-01	
3	1.017419e-02	1.406120e+02	-1.23400e-01	
4	1.023293e-02	1.406121e+02	-1.25441e-01	
5	1.029201e-02	1.406122e+02	-1.27491e-01	
6	1.035142e-02	1.406123e+02	-1.29552e-01	
7	1.041118e-02	1.406124e+02	-1.31623e-01	
8	1.047129e-02	1.406125e+02	-1.33704e-01	
9	1.053174e-02	1.406126e+02	-1.35796e-01	
10	1.059254e-02	1.406127e+02	-1.37897e-01	
11	1.065369e-02	1.406128e+02	-1.40009e-01	
12	1.071519e-02	1.406129e+02	-1.42131e-01	
13	1.077705e-02	1.406130e+02	-1.44263e-01	
14	1.083927e-02	1.406131e+02	-1.46405e-01	
15	1.090184e-02	1.406132e+02	-1.48558e-01	
16	1.096478e-02	1.406133e+02	-1.50721e-01	
17	1.102808e-02	1.406134e+02	-1.52894e-01	
18	1.109175e-02	1.406134e+02	-1.55077e-01	
19	1.115578e-02	1.406135e+02	-1.57271e-01	
20	1.122018e-02	1.406136e+02	-1.59475e-01	
21	1.128496e-02	1.406137e+02	-1.61689e-01	
22	1.135011e-02	1.406138e+02	-1.63914e-01	
23	1.141563e-02	1.406139e+02	-1.66149e-01	
24	1.148154e-02	1.406140e+02	-1.68394e-01	
25	1.154782e-02	1.406141e+02	-1.70650e-01	
26	1.161449e-02	1.406141e+02	-1.72916e-01	
27	1.168154e-02	1.406142e+02	-1.75193e-01	
28	1.174898e-02	1.406143e+02	-1.77480e-01	
29	1.181680e-02	1.406144e+02	-1.79778e-01	
30	1.188502e-02	1.406145e+02	-1.82086e-01	
31	1.195364e-02	1.406145e+02	-1.84405e-01	
32	1.202264e-02	1.406146e+02	-1.86734e-01	
33	1.209205e-02	1.406147e+02	-1.89073e-01	
34	1.216186e-02	1.406148e+02	-1.91424e-01	
35	1.223207e-02	1.406149e+02	-1.93785e-01	
36	1.230269e-02	1.406149e+02	-1.96156e-01	
37	1.237371e-02	1.406150e+02	-1.98538e-01	
38	1.244515e-02	1.406151e+02	-2.00931e-01	
39	1.251699e-02	1.406152e+02	-2.03335e-01	
40	1.258925e-02	1.406152e+02	-2.05750e-01	
41	1.266193e-02	1.406153e+02	-2.08175e-01	
42	1.273503e-02	1.406154e+02	-2.10611e-01	
43	1.280855e-02	1.406154e+02	-2.13058e-01	
44	1.288250e-02	1.406155e+02	-2.15515e-01	
45	1.295687e-02	1.406156e+02	-2.17984e-01	
46	1.303167e-02	1.406157e+02	-2.20464e-01	
47	1.310690e-02	1.406157e+02	-2.22954e-01	
48	1.318257e-02	1.406158e+02	-2.25456e-01	
49	1.325867e-02	1.406159e+02	-2.27969e-01	
50	1.333521e-02	1.406159e+02	-2.30492e-01	
51	1.341220e-02	1.406160e+02	-2.33027e-01	
52	1.348963e-02	1.406161e+02	-2.35574e-01	
53	1.356751e-02	1.406161e+02	-2.38131e-01	
54	1.364583e-02	1.406162e+02	-2.40699e-01	

Index   frequency       tdb             tph             
--------------------------------------------------------------------------------
55	1.372461e-02	1.406163e+02	-2.43279e-01	
56	1.380384e-02	1.406163e+02	-2.45870e-01	
57	1.388353e-02	1.406164e+02	-2.48473e-01	
58	1.396368e-02	1.406165e+02	-2.51087e-01	
59	1.404430e-02	1.406165e+02	-2.53713e-01	
60	1.412538e-02	1.406166e+02	-2.56350e-01	
61	1.420692e-02	1.406166e+02	-2.58998e-01	
62	1.428894e-02	1.406167e+02	-2.61658e-01	
63	1.437143e-02	1.406168e+02	-2.64330e-01	
64	1.445440e-02	1.406168e+02	-2.67014e-01	
65	1.453784e-02	1.406169e+02	-2.69709e-01	
66	1.462177e-02	1.406169e+02	-2.72416e-01	
67	1.470618e-02	1.406170e+02	-2.75135e-01	
68	1.479108e-02	1.406171e+02	-2.77866e-01	
69	1.487647e-02	1.406171e+02	-2.80608e-01	
70	1.496236e-02	1.406172e+02	-2.83363e-01	
71	1.504874e-02	1.406172e+02	-2.86130e-01	
72	1.513561e-02	1.406173e+02	-2.88909e-01	
73	1.522299e-02	1.406173e+02	-2.91700e-01	
74	1.531087e-02	1.406174e+02	-2.94504e-01	
75	1.539927e-02	1.406174e+02	-2.97319e-01	
76	1.548817e-02	1.406175e+02	-3.00148e-01	
77	1.557758e-02	1.406175e+02	-3.02988e-01	
78	1.566751e-02	1.406176e+02	-3.05841e-01	
79	1.575796e-02	1.406176e+02	-3.08706e-01	
80	1.584893e-02	1.406177e+02	-3.11585e-01	
81	1.594043e-02	1.406177e+02	-3.14475e-01	
82	1.603245e-02	1.406178e+02	-3.17379e-01	
83	1.612501e-02	1.406178e+02	-3.20295e-01	
84	1.621810e-02	1.406179e+02	-3.23224e-01	
85	1.631173e-02	1.406179e+02	-3.26166e-01	
86	1.640590e-02	1.406180e+02	-3.29121e-01	
87	1.650061e-02	1.406180e+02	-3.32089e-01	
88	1.659587e-02	1.406181e+02	-3.35070e-01	
89	1.669168e-02	1.406181e+02	-3.38064e-01	
90	1.678804e-02	1.406182e+02	-3.41072e-01	
91	1.688496e-02	1.406182e+02	-3.44093e-01	
92	1.698244e-02	1.406183e+02	-3.47127e-01	
93	1.708048e-02	1.406183e+02	-3.50175e-01	
94	1.717908e-02	1.406183e+02	-3.53236e-01	
95	1.727826e-02	1.406184e+02	-3.56311e-01	
96	1.737801e-02	1.406184e+02	-3.59400e-01	
97	1.747833e-02	1.406185e+02	-3.62502e-01	
98	1.757924e-02	1.406185e+02	-3.65618e-01	
99	1.768072e-02	1.406186e+02	-3.68748e-01	
100	1.778279e-02	1.406186e+02	-3.71892e-01	
101	1.788546e-02	1.406186e+02	-3.75050e-01	
102	1.798871e-02	1.406187e+02	-3.78223e-01	
103	1.809256e-02	1.406187e+02	-3.81409e-01	
104	1.819701e-02	1.406188e+02	-3.84610e-01	
105	1.830206e-02	1.406188e+02	-3.87825e-01	
106	1.840772e-02	1.406188e+02	-3.91055e-01	
107	1.851399e-02	1.406189e+02	-3.94299e-01	
108	1.862087e-02	1.406189e+02	-3.97558e-01	
109	1.872837e-02	1.406189e+02	-4.00832e-01	
110	1.883649e-02	1.406190e+02	-4.04120e-01	
111	1.894524e-02	1.406190e+02	-4.07424e-01	
112	1.905461e-02	1.406191e+02	-4.10742e-01	

Index   frequency       tdb             tph             
--------------------------------------------------------------------------------
113	1.916461e-02	1.406191e+02	-4.14075e-01	
114	1.927525e-02	1.406191e+02	-4.17424e-01	
115	1.938653e-02	1.406192e+02	-4.20788e-01	
116	1.949845e-02	1.406192e+02	-4.24167e-01	
117	1.961101e-02	1.406192e+02	-4.27561e-01	
118	1.972423e-02	1.406193e+02	-4.30971e-01	
119	1.983810e-02	1.406193e+02	-4.34397e-01	
120	1.995262e-02	1.406193e+02	-4.37839e-01	
121	2.006781e-02	1.406194e+02	-4.41296e-01	
122	2.018366e-02	1.406194e+02	-4.44769e-01	
123	2.030019e-02	1.406194e+02	-4.48258e-01	
124	2.041738e-02	1.406194e+02	-4.51763e-01	
125	2.053525e-02	1.406195e+02	-4.55285e-01	
126	2.065380e-02	1.406195e+02	-4.58822e-01	
127	2.077304e-02	1.406195e+02	-4.62376e-01	
128	2.089296e-02	1.406196e+02	-4.65947e-01	
129	2.101358e-02	1.406196e+02	-4.69534e-01	
130	2.113489e-02	1.406196e+02	-4.73138e-01	
131	2.125690e-02	1.406196e+02	-4.76758e-01	
132	2.137962e-02	1.406197e+02	-4.80396e-01	
133	2.150305e-02	1.406197e+02	-4.84050e-01	
134	2.162719e-02	1.406197e+02	-4.87722e-01	
135	2.175204e-02	1.406197e+02	-4.91411e-01	
136	2.187762e-02	1.406198e+02	-4.95117e-01	
137	2.200392e-02	1.406198e+02	-4.98840e-01	
138	2.213095e-02	1.406198e+02	-5.02581e-01	
139	2.225871e-02	1.406198e+02	-5.06340e-01	
140	2.238721e-02	1.406199e+02	-5.10116e-01	
141	2.251645e-02	1.406199e+02	-5.13911e-01	
142	2.264644e-02	1.406199e+02	-5.17723e-01	
143	2.277718e-02	1.406199e+02	-5.21553e-01	
144	2.290868e-02	1.406200e+02	-5.25402e-01	
145	2.304093e-02	1.406200e+02	-5.29268e-01	
146	2.317395e-02	1.406200e+02	-5.33154e-01	
147	2.330773e-02	1.406200e+02	-5.37057e-01	
148	2.344229e-02	1.406201e+02	-5.40980e-01	
149	2.357762e-02	1.406201e+02	-5.44921e-01	
150	2.371374e-02	1.406201e+02	-5.48881e-01	
151	2.385064e-02	1.406201e+02	-5.52860e-01	
152	2.398833e-02	1.406201e+02	-5.56858e-01	
153	2.412682e-02	1.406202e+02	-5.60875e-01	
154	2.426610e-02	1.406202e+02	-5.64912e-01	
155	2.440619e-02	1.406202e+02	-5.68968e-01	
156	2.454709e-02	1.406202e+02	-5.73044e-01	
157	2.468880e-02	1.406202e+02	-5.77140e-01	
158	2.483133e-02	1.406202e+02	-5.81255e-01	
159	2.497468e-02	1.406203e+02	-5.85390e-01	
160	2.511886e-02	1.406203e+02	-5.89546e-01	
161	2.526388e-02	1.406203e+02	-5.93721e-01	
162	2.540973e-02	1.406203e+02	-5.97917e-01	
163	2.555642e-02	1.406203e+02	-6.02134e-01	
164	2.570396e-02	1.406203e+02	-6.06371e-01	
165	2.585235e-02	1.406204e+02	-6.10629e-01	
166	2.600160e-02	1.406204e+02	-6.14908e-01	
167	2.615170e-02	1.406204e+02	-6.19207e-01	
168	2.630268e-02	1.406204e+02	-6.23528e-01	
169	2.645453e-02	1.406204e+02	-6.27870e-01	
170	2.660725e-02	1.406204e+02	-6.32234e-01	

Index   frequency       tdb             tph             
--------------------------------------------------------------------------------
171	2.676086e-02	1.406204e+02	-6.36619e-01	
172	2.691535e-02	1.406205e+02	-6.41026e-01	
173	2.707073e-02	1.406205e+02	-6.45454e-01	
174	2.722701e-02	1.406205e+02	-6.49905e-01	
175	2.738420e-02	1.406205e+02	-6.54377e-01	
176	2.754229e-02	1.406205e+02	-6.58872e-01	
177	2.770129e-02	1.406205e+02	-6.63389e-01	
178	2.786121e-02	1.406205e+02	-6.67929e-01	
179	2.802206e-02	1.406205e+02	-6.72491e-01	
180	2.818383e-02	1.406206e+02	-6.77076e-01	
181	2.834654e-02	1.406206e+02	-6.81684e-01	
182	2.851018e-02	1.406206e+02	-6.86315e-01	
183	2.867477e-02	1.406206e+02	-6.90969e-01	
184	2.884032e-02	1.406206e+02	-6.95647e-01	
185	2.900681e-02	1.406206e+02	-7.00348e-01	
186	2.917427e-02	1.406206e+02	-7.05073e-01	
187	2.934270e-02	1.406206e+02	-7.09822e-01	
188	2.951209e-02	1.406206e+02	-7.14594e-01	
189	2.968247e-02	1.406206e+02	-7.19391e-01	
190	2.985383e-02	1.406207e+02	-7.24212e-01	
191	3.002617e-02	1.406207e+02	-7.29057e-01	
192	3.019952e-02	1.406207e+02	-7.33927e-01	
193	3.037386e-02	1.406207e+02	-7.38822e-01	
194	3.054921e-02	1.406207e+02	-7.43742e-01	
195	3.072557e-02	1.406207e+02	-7.48686e-01	
196	3.090295e-02	1.406207e+02	-7.53656e-01	
197	3.108136e-02	1.406207e+02	-7.58651e-01	
198	3.126079e-02	1.406207e+02	-7.63672e-01	
199	3.144126e-02	1.406207e+02	-7.68718e-01	
200	3.162278e-02	1.406207e+02	-7.73790e-01	
201	3.180534e-02	1.406207e+02	-7.78888e-01	
202	3.198895e-02	1.406207e+02	-7.84013e-01	
203	3.217363e-02	1.406207e+02	-7.89163e-01	
204	3.235937e-02	1.406207e+02	-7.94340e-01	
205	3.254618e-02	1.406207e+02	-7.99544e-01	
206	3.273407e-02	1.406207e+02	-8.04774e-01	
207	3.292305e-02	1.406207e+02	-8.10032e-01	
208	3.311311e-02	1.406207e+02	-8.15317e-01	
209	3.330428e-02	1.406207e+02	-8.20629e-01	
210	3.349654e-02	1.406208e+02	-8.25968e-01	
211	3.368992e-02	1.406208e+02	-8.31335e-01	
212	3.388442e-02	1.406208e+02	-8.36730e-01	
213	3.408003e-02	1.406208e+02	-8.42153e-01	
214	3.427678e-02	1.406208e+02	-8.47604e-01	
215	3.447466e-02	1.406208e+02	-8.53084e-01	
216	3.467369e-02	1.406208e+02	-8.58592e-01	
217	3.487386e-02	1.406208e+02	-8.64129e-01	
218	3.507519e-02	1.406208e+02	-8.69694e-01	
219	3.527768e-02	1.406208e+02	-8.75289e-01	
220	3.548134e-02	1.406208e+02	-8.80913e-01	
221	3.568617e-02	1.406208e+02	-8.86566e-01	
222	3.589219e-02	1.406208e+02	-8.92249e-01	
223	3.609940e-02	1.406208e+02	-8.97962e-01	
224	3.630781e-02	1.406208e+02	-9.03705e-01	
225	3.651741e-02	1.406207e+02	-9.09478e-01	
226	3.672823e-02	1.406207e+02	-9.15281e-01	
227	3.694026e-02	1.406207e+02	-9.21115e-01	
228	3.715352e-02	1.406207e+02	-9.26980e-01	

Index   frequency       tdb             tph             
--------------------------------------------------------------------------------
229	3.736801e-02	1.406207e+02	-9.32875e-01	
230	3.758374e-02	1.406207e+02	-9.38802e-01	
231	3.780071e-02	1.406207e+02	-9.44760e-01	
232	3.801894e-02	1.406207e+02	-9.50749e-01	
233	3.823843e-02	1.406207e+02	-9.56770e-01	
234	3.845918e-02	1.406207e+02	-9.62823e-01	
235	3.868121e-02	1.406207e+02	-9.68908e-01	
236	3.890451e-02	1.406207e+02	-9.75026e-01	
237	3.912911e-02	1.406207e+02	-9.81176e-01	
238	3.935501e-02	1.406207e+02	-9.87358e-01	
239	3.958221e-02	1.406207e+02	-9.93574e-01	
240	3.981072e-02	1.406207e+02	-9.99822e-01	
241	4.004055e-02	1.406207e+02	-1.00610e+00	
242	4.027170e-02	1.406207e+02	-1.01242e+00	
243	4.050419e-02	1.406207e+02	-1.01877e+00	
244	4.073803e-02	1.406207e+02	-1.02515e+00	
245	4.097321e-02	1.406206e+02	-1.03157e+00	
246	4.120975e-02	1.406206e+02	-1.03802e+00	
247	4.144766e-02	1.406206e+02	-1.04451e+00	
248	4.168694e-02	1.406206e+02	-1.05103e+00	
249	4.192760e-02	1.406206e+02	-1.05758e+00	
250	4.216965e-02	1.406206e+02	-1.06417e+00	
251	4.241310e-02	1.406206e+02	-1.07080e+00	
252	4.265795e-02	1.406206e+02	-1.07746e+00	
253	4.290422e-02	1.406206e+02	-1.08416e+00	
254	4.315191e-02	1.406206e+02	-1.09089e+00	
255	4.340103e-02	1.406205e+02	-1.09766e+00	
256	4.365158e-02	1.406205e+02	-1.10447e+00	
257	4.390359e-02	1.406205e+02	-1.11131e+00	
258	4.415704e-02	1.406205e+02	-1.11819e+00	
259	4.441197e-02	1.406205e+02	-1.12511e+00	
260	4.466836e-02	1.406205e+02	-1.13206e+00	
261	4.492623e-02	1.406205e+02	-1.13905e+00	
262	4.518559e-02	1.406205e+02	-1.14608e+00	
263	4.544645e-02	1.406204e+02	-1.15315e+00	
264	4.570882e-02	1.406204e+02	-1.16026e+00	
265	4.597270e-02	1.406204e+02	-1.16740e+00	
266	4.623810e-02	1.406204e+02	-1.17459e+00	
267	4.650504e-02	1.406204e+02	-1.18181e+00	
268	4.677351e-02	1.406204e+02	-1.18907e+00	
269	4.704354e-02	1.406204e+02	-1.19637e+00	
270	4.731513e-02	1.406203e+02	-1.20371e+00	
271	4.758828e-02	1.406203e+02	-1.21109e+00	
272	4.786301e-02	1.406203e+02	-1.21852e+00	
273	4.813933e-02	1.406203e+02	-1.22598e+00	
274	4.841724e-02	1.406203e+02	-1.23348e+00	
275	4.869675e-02	1.406203e+02	-1.24102e+00	
276	4.897788e-02	1.406202e+02	-1.24861e+00	
277	4.926063e-02	1.406202e+02	-1.25623e+00	
278	4.954502e-02	1.406202e+02	-1.26390e+00	
279	4.983105e-02	1.406202e+02	-1.27161e+00	
280	5.011872e-02	1.406202e+02	-1.27936e+00	
281	5.040806e-02	1.406201e+02	-1.28715e+00	
282	5.069907e-02	1.406201e+02	-1.29499e+00	
283	5.099176e-02	1.406201e+02	-1.30287e+00	
284	5.128614e-02	1.406201e+02	-1.31079e+00	
285	5.158222e-02	1.406201e+02	-1.31876e+00	
286	5.188000e-02	1.406200e+02	-1.32677e+00	

Index   frequency       tdb             tph             
--------------------------------------------------------------------------------
287	5.217951e-02	1.406200e+02	-1.33482e+00	
288	5.248075e-02	1.406200e+02	-1.34292e+00	
289	5.278372e-02	1.406200e+02	-1.35106e+00	
290	5.308844e-02	1.406199e+02	-1.35925e+00	
291	5.339493e-02	1.406199e+02	-1.36748e+00	
292	5.370318e-02	1.406199e+02	-1.37576e+00	
293	5.401321e-02	1.406199e+02	-1.38409e+00	
294	5.432503e-02	1.406198e+02	-1.39246e+00	
295	5.463865e-02	1.406198e+02	-1.40087e+00	
296	5.495409e-02	1.406198e+02	-1.40933e+00	
297	5.527134e-02	1.406198e+02	-1.41784e+00	
298	5.559043e-02	1.406197e+02	-1.42640e+00	
299	5.591135e-02	1.406197e+02	-1.43500e+00	
300	5.623413e-02	1.406197e+02	-1.44365e+00	
301	5.655878e-02	1.406197e+02	-1.45235e+00	
302	5.688529e-02	1.406196e+02	-1.46109e+00	
303	5.721370e-02	1.406196e+02	-1.46989e+00	
304	5.754399e-02	1.406196e+02	-1.47873e+00	
305	5.787620e-02	1.406195e+02	-1.48762e+00	
306	5.821032e-02	1.406195e+02	-1.49657e+00	
307	5.854637e-02	1.406195e+02	-1.50556e+00	
308	5.888437e-02	1.406194e+02	-1.51460e+00	
309	5.922431e-02	1.406194e+02	-1.52369e+00	
310	5.956621e-02	1.406194e+02	-1.53283e+00	
311	5.991009e-02	1.406194e+02	-1.54202e+00	
312	6.025596e-02	1.406193e+02	-1.55127e+00	
313	6.060382e-02	1.406193e+02	-1.56056e+00	
314	6.095369e-02	1.406193e+02	-1.56991e+00	
315	6.130558e-02	1.406192e+02	-1.57931e+00	
316	6.165950e-02	1.406192e+02	-1.58876e+00	
317	6.201546e-02	1.406191e+02	-1.59826e+00	
318	6.237348e-02	1.406191e+02	-1.60782e+00	
319	6.273357e-02	1.406191e+02	-1.61743e+00	
320	6.309573e-02	1.406190e+02	-1.62709e+00	
321	6.345999e-02	1.406190e+02	-1.63680e+00	
322	6.382635e-02	1.406190e+02	-1.64658e+00	
323	6.419482e-02	1.406189e+02	-1.65640e+00	
324	6.456542e-02	1.406189e+02	-1.66628e+00	
325	6.493816e-02	1.406188e+02	-1.67622e+00	
326	6.531306e-02	1.406188e+02	-1.68621e+00	
327	6.569011e-02	1.406188e+02	-1.69625e+00	
328	6.606934e-02	1.406187e+02	-1.70636e+00	
329	6.645077e-02	1.406187e+02	-1.71652e+00	
330	6.683439e-02	1.406186e+02	-1.72673e+00	
331	6.722023e-02	1.406186e+02	-1.73700e+00	
332	6.760830e-02	1.406185e+02	-1.74733e+00	
333	6.799860e-02	1.406185e+02	-1.75772e+00	
334	6.839116e-02	1.406185e+02	-1.76817e+00	
335	6.878599e-02	1.406184e+02	-1.77867e+00	
336	6.918310e-02	1.406184e+02	-1.78924e+00	
337	6.958250e-02	1.406183e+02	-1.79986e+00	
338	6.998420e-02	1.406183e+02	-1.81054e+00	
339	7.038822e-02	1.406182e+02	-1.82129e+00	
340	7.079458e-02	1.406182e+02	-1.83209e+00	
341	7.120328e-02	1.406181e+02	-1.84295e+00	
342	7.161434e-02	1.406181e+02	-1.85387e+00	
343	7.202778e-02	1.406180e+02	-1.86486e+00	
344	7.244360e-02	1.406180e+02	-1.87591e+00	

Index   frequency       tdb             tph             
--------------------------------------------------------------------------------
345	7.286182e-02	1.406179e+02	-1.88702e+00	
346	7.328245e-02	1.406179e+02	-1.89819e+00	
347	7.370552e-02	1.406178e+02	-1.90942e+00	
348	7.413102e-02	1.406178e+02	-1.92072e+00	
349	7.455899e-02	1.406177e+02	-1.93208e+00	
350	7.498942e-02	1.406177e+02	-1.94350e+00	
351	7.542234e-02	1.406176e+02	-1.95499e+00	
352	7.585776e-02	1.406175e+02	-1.96655e+00	
353	7.629569e-02	1.406175e+02	-1.97816e+00	
354	7.673615e-02	1.406174e+02	-1.98985e+00	
355	7.717915e-02	1.406174e+02	-2.00160e+00	
356	7.762471e-02	1.406173e+02	-2.01341e+00	
357	7.807284e-02	1.406172e+02	-2.02529e+00	
358	7.852356e-02	1.406172e+02	-2.03724e+00	
359	7.897688e-02	1.406171e+02	-2.04926e+00	
360	7.943282e-02	1.406171e+02	-2.06134e+00	
361	7.989139e-02	1.406170e+02	-2.07350e+00	
362	8.035261e-02	1.406169e+02	-2.08572e+00	
363	8.081649e-02	1.406169e+02	-2.09800e+00	
364	8.128305e-02	1.406168e+02	-2.11036e+00	
365	8.175230e-02	1.406167e+02	-2.12279e+00	
366	8.222426e-02	1.406167e+02	-2.13529e+00	
367	8.269895e-02	1.406166e+02	-2.14786e+00	
368	8.317638e-02	1.406165e+02	-2.16050e+00	
369	8.365656e-02	1.406165e+02	-2.17321e+00	
370	8.413951e-02	1.406164e+02	-2.18599e+00	
371	8.462526e-02	1.406163e+02	-2.19885e+00	
372	8.511380e-02	1.406162e+02	-2.21178e+00	
373	8.560517e-02	1.406162e+02	-2.22478e+00	
374	8.609938e-02	1.406161e+02	-2.23785e+00	
375	8.659643e-02	1.406160e+02	-2.25100e+00	
376	8.709636e-02	1.406159e+02	-2.26422e+00	
377	8.759917e-02	1.406159e+02	-2.27752e+00	
378	8.810489e-02	1.406158e+02	-2.29089e+00	
379	8.861352e-02	1.406157e+02	-2.30434e+00	
380	8.912509e-02	1.406156e+02	-2.31786e+00	
381	8.963962e-02	1.406155e+02	-2.33146e+00	
382	9.015711e-02	1.406155e+02	-2.34514e+00	
383	9.067760e-02	1.406154e+02	-2.35890e+00	
384	9.120108e-02	1.406153e+02	-2.37273e+00	
385	9.172759e-02	1.406152e+02	-2.38664e+00	
386	9.225714e-02	1.406151e+02	-2.40063e+00	
387	9.278975e-02	1.406150e+02	-2.41470e+00	
388	9.332543e-02	1.406149e+02	-2.42885e+00	
389	9.386420e-02	1.406149e+02	-2.44307e+00	
390	9.440609e-02	1.406148e+02	-2.45738e+00	
391	9.495110e-02	1.406147e+02	-2.47177e+00	
392	9.549926e-02	1.406146e+02	-2.48625e+00	
393	9.605058e-02	1.406145e+02	-2.50080e+00	
394	9.660509e-02	1.406144e+02	-2.51544e+00	
395	9.716280e-02	1.406143e+02	-2.53015e+00	
396	9.772372e-02	1.406142e+02	-2.54496e+00	
397	9.828789e-02	1.406141e+02	-2.55984e+00	
398	9.885531e-02	1.406140e+02	-2.57481e+00	
399	9.942601e-02	1.406139e+02	-2.58987e+00	
400	1.000000e-01	1.406138e+02	-2.60501e+00	
401	1.005773e-01	1.406137e+02	-2.62024e+00	
402	1.011579e-01	1.406136e+02	-2.63555e+00	

Index   frequency       tdb             tph             
--------------------------------------------------------------------------------
403	1.017419e-01	1.406135e+02	-2.65095e+00	
404	1.023293e-01	1.406134e+02	-2.66644e+00	
405	1.029201e-01	1.406133e+02	-2.68201e+00	
406	1.035142e-01	1.406132e+02	-2.69768e+00	
407	1.041118e-01	1.406131e+02	-2.71343e+00	
408	1.047129e-01	1.406129e+02	-2.72927e+00	
409	1.053174e-01	1.406128e+02	-2.74520e+00	
410	1.059254e-01	1.406127e+02	-2.76122e+00	
411	1.065369e-01	1.406126e+02	-2.77734e+00	
412	1.071519e-01	1.406125e+02	-2.79354e+00	
413	1.077705e-01	1.406124e+02	-2.80984e+00	
414	1.083927e-01	1.406122e+02	-2.82623e+00	
415	1.090184e-01	1.406121e+02	-2.84271e+00	
416	1.096478e-01	1.406120e+02	-2.85928e+00	
417	1.102808e-01	1.406119e+02	-2.87595e+00	
418	1.109175e-01	1.406117e+02	-2.89272e+00	
419	1.115578e-01	1.406116e+02	-2.90958e+00	
420	1.122018e-01	1.406115e+02	-2.92653e+00	
421	1.128496e-01	1.406114e+02	-2.94359e+00	
422	1.135011e-01	1.406112e+02	-2.96073e+00	
423	1.141563e-01	1.406111e+02	-2.97798e+00	
424	1.148154e-01	1.406110e+02	-2.99532e+00	
425	1.154782e-01	1.406108e+02	-3.01277e+00	
426	1.161449e-01	1.406107e+02	-3.03031e+00	
427	1.168154e-01	1.406105e+02	-3.04795e+00	
428	1.174898e-01	1.406104e+02	-3.06569e+00	
429	1.181680e-01	1.406103e+02	-3.08353e+00	
430	1.188502e-01	1.406101e+02	-3.10148e+00	
431	1.195364e-01	1.406100e+02	-3.11952e+00	
432	1.202264e-01	1.406098e+02	-3.13767e+00	
433	1.209205e-01	1.406097e+02	-3.15592e+00	
434	1.216186e-01	1.406095e+02	-3.17428e+00	
435	1.223207e-01	1.406094e+02	-3.19274e+00	
436	1.230269e-01	1.406092e+02	-3.21130e+00	
437	1.237371e-01	1.406091e+02	-3.22997e+00	
438	1.244515e-01	1.406089e+02	-3.24875e+00	
439	1.251699e-01	1.406087e+02	-3.26763e+00	
440	1.258925e-01	1.406086e+02	-3.28662e+00	
441	1.266193e-01	1.406084e+02	-3.30572e+00	
442	1.273503e-01	1.406082e+02	-3.32493e+00	
443	1.280855e-01	1.406081e+02	-3.34424e+00	
444	1.288250e-01	1.406079e+02	-3.36367e+00	
445	1.295687e-01	1.406077e+02	-3.38320e+00	
446	1.303167e-01	1.406076e+02	-3.40285e+00	
447	1.310690e-01	1.406074e+02	-3.42261e+00	
448	1.318257e-01	1.406072e+02	-3.44248e+00	
449	1.325867e-01	1.406070e+02	-3.46247e+00	
450	1.333521e-01	1.406068e+02	-3.48256e+00	
451	1.341220e-01	1.406067e+02	-3.50278e+00	
452	1.348963e-01	1.406065e+02	-3.52310e+00	
453	1.356751e-01	1.406063e+02	-3.54355e+00	
454	1.364583e-01	1.406061e+02	-3.56410e+00	
455	1.372461e-01	1.406059e+02	-3.58478e+00	
456	1.380384e-01	1.406057e+02	-3.60557e+00	
457	1.388353e-01	1.406055e+02	-3.62649e+00	
458	1.396368e-01	1.406053e+02	-3.64752e+00	
459	1.404430e-01	1.406051e+02	-3.66867e+00	
460	1.412538e-01	1.406049e+02	-3.68994e+00	

Index   frequency       tdb             tph             
--------------------------------------------------------------------------------
461	1.420692e-01	1.406047e+02	-3.71133e+00	
462	1.428894e-01	1.406045e+02	-3.73284e+00	
463	1.437143e-01	1.406043e+02	-3.75448e+00	
464	1.445440e-01	1.406040e+02	-3.77623e+00	
465	1.453784e-01	1.406038e+02	-3.79811e+00	
466	1.462177e-01	1.406036e+02	-3.82012e+00	
467	1.470618e-01	1.406034e+02	-3.84225e+00	
468	1.479108e-01	1.406032e+02	-3.86451e+00	
469	1.487647e-01	1.406029e+02	-3.88689e+00	
470	1.496236e-01	1.406027e+02	-3.90940e+00	
471	1.504874e-01	1.406025e+02	-3.93204e+00	
472	1.513561e-01	1.406022e+02	-3.95481e+00	
473	1.522299e-01	1.406020e+02	-3.97771e+00	
474	1.531087e-01	1.406018e+02	-4.00073e+00	
475	1.539927e-01	1.406015e+02	-4.02389e+00	
476	1.548817e-01	1.406013e+02	-4.04718e+00	
477	1.557758e-01	1.406010e+02	-4.07060e+00	
478	1.566751e-01	1.406008e+02	-4.09416e+00	
479	1.575796e-01	1.406005e+02	-4.11785e+00	
480	1.584893e-01	1.406002e+02	-4.14167e+00	
481	1.594043e-01	1.406000e+02	-4.16563e+00	
482	1.603245e-01	1.405997e+02	-4.18972e+00	
483	1.612501e-01	1.405995e+02	-4.21396e+00	
484	1.621810e-01	1.405992e+02	-4.23832e+00	
485	1.631173e-01	1.405989e+02	-4.26283e+00	
486	1.640590e-01	1.405986e+02	-4.28748e+00	
487	1.650061e-01	1.405984e+02	-4.31227e+00	
488	1.659587e-01	1.405981e+02	-4.33719e+00	
489	1.669168e-01	1.405978e+02	-4.36226e+00	
490	1.678804e-01	1.405975e+02	-4.38747e+00	
491	1.688496e-01	1.405972e+02	-4.41283e+00	
492	1.698244e-01	1.405969e+02	-4.43833e+00	
493	1.708048e-01	1.405966e+02	-4.46397e+00	
494	1.717908e-01	1.405963e+02	-4.48976e+00	
495	1.727826e-01	1.405960e+02	-4.51569e+00	
496	1.737801e-01	1.405957e+02	-4.54178e+00	
497	1.747833e-01	1.405954e+02	-4.56801e+00	
498	1.757924e-01	1.405951e+02	-4.59439e+00	
499	1.768072e-01	1.405947e+02	-4.62092e+00	
500	1.778279e-01	1.405944e+02	-4.64759e+00	
501	1.788546e-01	1.405941e+02	-4.67443e+00	
502	1.798871e-01	1.405937e+02	-4.70141e+00	
503	1.809256e-01	1.405934e+02	-4.72854e+00	
504	1.819701e-01	1.405931e+02	-4.75583e+00	
505	1.830206e-01	1.405927e+02	-4.78328e+00	
506	1.840772e-01	1.405924e+02	-4.81088e+00	
507	1.851399e-01	1.405920e+02	-4.83863e+00	
508	1.862087e-01	1.405917e+02	-4.86655e+00	
509	1.872837e-01	1.405913e+02	-4.89462e+00	
510	1.883649e-01	1.405909e+02	-4.92285e+00	
511	1.894524e-01	1.405906e+02	-4.95124e+00	
512	1.905461e-01	1.405902e+02	-4.97979e+00	
513	1.916461e-01	1.405898e+02	-5.00851e+00	
514	1.927525e-01	1.405894e+02	-5.03738e+00	
515	1.938653e-01	1.405891e+02	-5.06642e+00	
516	1.949845e-01	1.405887e+02	-5.09563e+00	
517	1.961101e-01	1.405883e+02	-5.12500e+00	
518	1.972423e-01	1.405879e+02	-5.15453e+00	

Index   frequency       tdb             tph             
--------------------------------------------------------------------------------
519	1.983810e-01	1.405875e+02	-5.18424e+00	
520	1.995262e-01	1.405871e+02	-5.21411e+00	
521	2.006781e-01	1.405866e+02	-5.24415e+00	
522	2.018366e-01	1.405862e+02	-5.27436e+00	
523	2.030019e-01	1.405858e+02	-5.30474e+00	
524	2.041738e-01	1.405854e+02	-5.33529e+00	
525	2.053525e-01	1.405849e+02	-5.36602e+00	
526	2.065380e-01	1.405845e+02	-5.39692e+00	
527	2.077304e-01	1.405841e+02	-5.42799e+00	
528	2.089296e-01	1.405836e+02	-5.45924e+00	
529	2.101358e-01	1.405832e+02	-5.49066e+00	
530	2.113489e-01	1.405827e+02	-5.52227e+00	
531	2.125690e-01	1.405822e+02	-5.55405e+00	
532	2.137962e-01	1.405818e+02	-5.58601e+00	
533	2.150305e-01	1.405813e+02	-5.61815e+00	
534	2.162719e-01	1.405808e+02	-5.65048e+00	
535	2.175204e-01	1.405803e+02	-5.68298e+00	
536	2.187762e-01	1.405798e+02	-5.71567e+00	
537	2.200392e-01	1.405793e+02	-5.74855e+00	
538	2.213095e-01	1.405788e+02	-5.78161e+00	
539	2.225871e-01	1.405783e+02	-5.81485e+00	
540	2.238721e-01	1.405778e+02	-5.84828e+00	
541	2.251645e-01	1.405773e+02	-5.88191e+00	
542	2.264644e-01	1.405768e+02	-5.91572e+00	
543	2.277718e-01	1.405762e+02	-5.94972e+00	
544	2.290868e-01	1.405757e+02	-5.98391e+00	
545	2.304093e-01	1.405752e+02	-6.01830e+00	
546	2.317395e-01	1.405746e+02	-6.05288e+00	
547	2.330773e-01	1.405741e+02	-6.08765e+00	
548	2.344229e-01	1.405735e+02	-6.12262e+00	
549	2.357762e-01	1.405729e+02	-6.15779e+00	
550	2.371374e-01	1.405723e+02	-6.19315e+00	
551	2.385064e-01	1.405718e+02	-6.22872e+00	
552	2.398833e-01	1.405712e+02	-6.26448e+00	
553	2.412682e-01	1.405706e+02	-6.30044e+00	
554	2.426610e-01	1.405700e+02	-6.33661e+00	
555	2.440619e-01	1.405694e+02	-6.37298e+00	
556	2.454709e-01	1.405687e+02	-6.40956e+00	
557	2.468880e-01	1.405681e+02	-6.44634e+00	
558	2.483133e-01	1.405675e+02	-6.48332e+00	
559	2.497468e-01	1.405669e+02	-6.52052e+00	
560	2.511886e-01	1.405662e+02	-6.55792e+00	
561	2.526388e-01	1.405656e+02	-6.59553e+00	
562	2.540973e-01	1.405649e+02	-6.63335e+00	
563	2.555642e-01	1.405642e+02	-6.67139e+00	
564	2.570396e-01	1.405636e+02	-6.70964e+00	
565	2.585235e-01	1.405629e+02	-6.74810e+00	
566	2.600160e-01	1.405622e+02	-6.78678e+00	
567	2.615170e-01	1.405615e+02	-6.82568e+00	
568	2.630268e-01	1.405608e+02	-6.86479e+00	
569	2.645453e-01	1.405601e+02	-6.90412e+00	
570	2.660725e-01	1.405593e+02	-6.94367e+00	
571	2.676086e-01	1.405586e+02	-6.98345e+00	
572	2.691535e-01	1.405579e+02	-7.02344e+00	
573	2.707073e-01	1.405571e+02	-7.06366e+00	
574	2.722701e-01	1.405564e+02	-7.10410e+00	
575	2.738420e-01	1.405556e+02	-7.14477e+00	
576	2.754229e-01	1.405548e+02	-7.18567e+00	

Index   frequency       tdb             tph             
--------------------------------------------------------------------------------
577	2.770129e-01	1.405540e+02	-7.22680e+00	
578	2.786121e-01	1.405532e+02	-7.26815e+00	
579	2.802206e-01	1.405524e+02	-7.30974e+00	
580	2.818383e-01	1.405516e+02	-7.35156e+00	
581	2.834654e-01	1.405508e+02	-7.39361e+00	
582	2.851018e-01	1.405500e+02	-7.43589e+00	
583	2.867477e-01	1.405492e+02	-7.47841e+00	
584	2.884032e-01	1.405483e+02	-7.52117e+00	
585	2.900681e-01	1.405474e+02	-7.56417e+00	
586	2.917427e-01	1.405466e+02	-7.60740e+00	
587	2.934270e-01	1.405457e+02	-7.65088e+00	
588	2.951209e-01	1.405448e+02	-7.69459e+00	
589	2.968247e-01	1.405439e+02	-7.73855e+00	
590	2.985383e-01	1.405430e+02	-7.78276e+00	
591	3.002617e-01	1.405421e+02	-7.82721e+00	
592	3.019952e-01	1.405412e+02	-7.87190e+00	
593	3.037386e-01	1.405402e+02	-7.91685e+00	
594	3.054921e-01	1.405393e+02	-7.96204e+00	
595	3.072557e-01	1.405383e+02	-8.00748e+00	
596	3.090295e-01	1.405374e+02	-8.05318e+00	
597	3.108136e-01	1.405364e+02	-8.09913e+00	
598	3.126079e-01	1.405354e+02	-8.14533e+00	
599	3.144126e-01	1.405344e+02	-8.19179e+00	
600	3.162278e-01	1.405334e+02	-8.23851e+00	
601	3.180534e-01	1.405323e+02	-8.28548e+00	
602	3.198895e-01	1.405313e+02	-8.33272e+00	
603	3.217363e-01	1.405302e+02	-8.38021e+00	
604	3.235937e-01	1.405292e+02	-8.42797e+00	
605	3.254618e-01	1.405281e+02	-8.47599e+00	
606	3.273407e-01	1.405270e+02	-8.52428e+00	
607	3.292305e-01	1.405259e+02	-8.57283e+00	
608	3.311311e-01	1.405248e+02	-8.62165e+00	
609	3.330428e-01	1.405237e+02	-8.67074e+00	
610	3.349654e-01	1.405226e+02	-8.72010e+00	
611	3.368992e-01	1.405214e+02	-8.76973e+00	
612	3.388442e-01	1.405202e+02	-8.81963e+00	
613	3.408003e-01	1.405191e+02	-8.86981e+00	
614	3.427678e-01	1.405179e+02	-8.92026e+00	
615	3.447466e-01	1.405167e+02	-8.97099e+00	
616	3.467369e-01	1.405155e+02	-9.02200e+00	
617	3.487386e-01	1.405142e+02	-9.07329e+00	
618	3.507519e-01	1.405130e+02	-9.12486e+00	
619	3.527768e-01	1.405117e+02	-9.17671e+00	
620	3.548134e-01	1.405105e+02	-9.22885e+00	
621	3.568617e-01	1.405092e+02	-9.28127e+00	
622	3.589219e-01	1.405079e+02	-9.33398e+00	
623	3.609940e-01	1.405066e+02	-9.38697e+00	
624	3.630781e-01	1.405052e+02	-9.44026e+00	
625	3.651741e-01	1.405039e+02	-9.49383e+00	
626	3.672823e-01	1.405025e+02	-9.54770e+00	
627	3.694026e-01	1.405011e+02	-9.60187e+00	
628	3.715352e-01	1.404998e+02	-9.65632e+00	
629	3.736801e-01	1.404983e+02	-9.71108e+00	
630	3.758374e-01	1.404969e+02	-9.76613e+00	
631	3.780071e-01	1.404955e+02	-9.82148e+00	
632	3.801894e-01	1.404940e+02	-9.87713e+00	
633	3.823843e-01	1.404926e+02	-9.93308e+00	
634	3.845918e-01	1.404911e+02	-9.98934e+00	

Index   frequency       tdb             tph             
--------------------------------------------------------------------------------
635	3.868121e-01	1.404896e+02	-1.00459e+01	
636	3.890451e-01	1.404880e+02	-1.01028e+01	
637	3.912911e-01	1.404865e+02	-1.01600e+01	
638	3.935501e-01	1.404850e+02	-1.02174e+01	
639	3.958221e-01	1.404834e+02	-1.02752e+01	
640	3.981072e-01	1.404818e+02	-1.03333e+01	
641	4.004055e-01	1.404802e+02	-1.03918e+01	
642	4.027170e-01	1.404786e+02	-1.04505e+01	
643	4.050419e-01	1.404769e+02	-1.05096e+01	
644	4.073803e-01	1.404753e+02	-1.05689e+01	
645	4.097321e-01	1.404736e+02	-1.06286e+01	
646	4.120975e-01	1.404719e+02	-1.06886e+01	
647	4.144766e-01	1.404702e+02	-1.07490e+01	
648	4.168694e-01	1.404684e+02	-1.08096e+01	
649	4.192760e-01	1.404667e+02	-1.08706e+01	
650	4.216965e-01	1.404649e+02	-1.09319e+01	
651	4.241310e-01	1.404631e+02	-1.09936e+01	
652	4.265795e-01	1.404613e+02	-1.10555e+01	
653	4.290422e-01	1.404594e+02	-1.11178e+01	
654	4.315191e-01	1.404576e+02	-1.11805e+01	
655	4.340103e-01	1.404557e+02	-1.12435e+01	
656	4.365158e-01	1.404538e+02	-1.13068e+01	
657	4.390359e-01	1.404519e+02	-1.13704e+01	
658	4.415704e-01	1.404499e+02	-1.14344e+01	
659	4.441197e-01	1.404480e+02	-1.14987e+01	
660	4.466836e-01	1.404460e+02	-1.15634e+01	
661	4.492623e-01	1.404440e+02	-1.16284e+01	
662	4.518559e-01	1.404419e+02	-1.16937e+01	
663	4.544645e-01	1.404399e+02	-1.17594e+01	
664	4.570882e-01	1.404378e+02	-1.18255e+01	
665	4.597270e-01	1.404357e+02	-1.18919e+01	
666	4.623810e-01	1.404336e+02	-1.19586e+01	
667	4.650504e-01	1.404314e+02	-1.20257e+01	
668	4.677351e-01	1.404293e+02	-1.20932e+01	
669	4.704354e-01	1.404271e+02	-1.21610e+01	
670	4.731513e-01	1.404249e+02	-1.22291e+01	
671	4.758828e-01	1.404226e+02	-1.22976e+01	
672	4.786301e-01	1.404204e+02	-1.23665e+01	
673	4.813933e-01	1.404181e+02	-1.24358e+01	
674	4.841724e-01	1.404157e+02	-1.25054e+01	
675	4.869675e-01	1.404134e+02	-1.25753e+01	
676	4.897788e-01	1.404110e+02	-1.26457e+01	
677	4.926063e-01	1.404086e+02	-1.27164e+01	
678	4.954502e-01	1.404062e+02	-1.27875e+01	
679	4.983105e-01	1.404038e+02	-1.28589e+01	
680	5.011872e-01	1.404013e+02	-1.29307e+01	
681	5.040806e-01	1.403988e+02	-1.30029e+01	
682	5.069907e-01	1.403963e+02	-1.30754e+01	
683	5.099176e-01	1.403937e+02	-1.31484e+01	
684	5.128614e-01	1.403911e+02	-1.32217e+01	
685	5.158222e-01	1.403885e+02	-1.32954e+01	
686	5.188000e-01	1.403859e+02	-1.33695e+01	
687	5.217951e-01	1.403832e+02	-1.34439e+01	
688	5.248075e-01	1.403805e+02	-1.35188e+01	
689	5.278372e-01	1.403778e+02	-1.35940e+01	
690	5.308844e-01	1.403750e+02	-1.36696e+01	
691	5.339493e-01	1.403722e+02	-1.37456e+01	
692	5.370318e-01	1.403694e+02	-1.38220e+01	

Index   frequency       tdb             tph             
--------------------------------------------------------------------------------
693	5.401321e-01	1.403665e+02	-1.38988e+01	
694	5.432503e-01	1.403637e+02	-1.39759e+01	
695	5.463865e-01	1.403607e+02	-1.40535e+01	
696	5.495409e-01	1.403578e+02	-1.41315e+01	
697	5.527134e-01	1.403548e+02	-1.42098e+01	
698	5.559043e-01	1.403518e+02	-1.42886e+01	
699	5.591135e-01	1.403488e+02	-1.43677e+01	
700	5.623413e-01	1.403457e+02	-1.44473e+01	
701	5.655878e-01	1.403426e+02	-1.45272e+01	
702	5.688529e-01	1.403394e+02	-1.46076e+01	
703	5.721370e-01	1.403363e+02	-1.46884e+01	
704	5.754399e-01	1.403331e+02	-1.47695e+01	
705	5.787620e-01	1.403298e+02	-1.48511e+01	
706	5.821032e-01	1.403265e+02	-1.49331e+01	
707	5.854637e-01	1.403232e+02	-1.50155e+01	
708	5.888437e-01	1.403199e+02	-1.50983e+01	
709	5.922431e-01	1.403165e+02	-1.51815e+01	
710	5.956621e-01	1.403130e+02	-1.52652e+01	
711	5.991009e-01	1.403096e+02	-1.53492e+01	
712	6.025596e-01	1.403061e+02	-1.54337e+01	
713	6.060382e-01	1.403025e+02	-1.55186e+01	
714	6.095369e-01	1.402990e+02	-1.56039e+01	
715	6.130558e-01	1.402954e+02	-1.56896e+01	
716	6.165950e-01	1.402917e+02	-1.57758e+01	
717	6.201546e-01	1.402880e+02	-1.58624e+01	
718	6.237348e-01	1.402843e+02	-1.59494e+01	
719	6.273357e-01	1.402805e+02	-1.60368e+01	
720	6.309573e-01	1.402767e+02	-1.61247e+01	
721	6.345999e-01	1.402728e+02	-1.62130e+01	
722	6.382635e-01	1.402689e+02	-1.63017e+01	
723	6.419482e-01	1.402650e+02	-1.63909e+01	
724	6.456542e-01	1.402610e+02	-1.64804e+01	
725	6.493816e-01	1.402570e+02	-1.65705e+01	
726	6.531306e-01	1.402530e+02	-1.66609e+01	
727	6.569011e-01	1.402488e+02	-1.67518e+01	
728	6.606934e-01	1.402447e+02	-1.68432e+01	
729	6.645077e-01	1.402405e+02	-1.69349e+01	
730	6.683439e-01	1.402363e+02	-1.70271e+01	
731	6.722023e-01	1.402320e+02	-1.71198e+01	
732	6.760830e-01	1.402277e+02	-1.72129e+01	
733	6.799860e-01	1.402233e+02	-1.73064e+01	
734	6.839116e-01	1.402189e+02	-1.74004e+01	
735	6.878599e-01	1.402144e+02	-1.74949e+01	
736	6.918310e-01	1.402099e+02	-1.75897e+01	
737	6.958250e-01	1.402053e+02	-1.76851e+01	
738	6.998420e-01	1.402007e+02	-1.77808e+01	
739	7.038822e-01	1.401961e+02	-1.78771e+01	
740	7.079458e-01	1.401914e+02	-1.79737e+01	
741	7.120328e-01	1.401866e+02	-1.80709e+01	
742	7.161434e-01	1.401818e+02	-1.81685e+01	
743	7.202778e-01	1.401769e+02	-1.82665e+01	
744	7.244360e-01	1.401720e+02	-1.83650e+01	
745	7.286182e-01	1.401671e+02	-1.84639e+01	
746	7.328245e-01	1.401621e+02	-1.85634e+01	
747	7.370552e-01	1.401570e+02	-1.86632e+01	
748	7.413102e-01	1.401519e+02	-1.87636e+01	
749	7.455899e-01	1.401467e+02	-1.88643e+01	
750	7.498942e-01	1.401415e+02	-1.89656e+01	

Index   frequency       tdb             tph             
--------------------------------------------------------------------------------
751	7.542234e-01	1.401362e+02	-1.90673e+01	
752	7.585776e-01	1.401309e+02	-1.91695e+01	
753	7.629569e-01	1.401255e+02	-1.92721e+01	
754	7.673615e-01	1.401201e+02	-1.93752e+01	
755	7.717915e-01	1.401146e+02	-1.94788e+01	
756	7.762471e-01	1.401090e+02	-1.95828e+01	
757	7.807284e-01	1.401034e+02	-1.96873e+01	
758	7.852356e-01	1.400978e+02	-1.97923e+01	
759	7.897688e-01	1.400920e+02	-1.98977e+01	
760	7.943282e-01	1.400863e+02	-2.00036e+01	
761	7.989139e-01	1.400804e+02	-2.01100e+01	
762	8.035261e-01	1.400745e+02	-2.02168e+01	
763	8.081649e-01	1.400685e+02	-2.03241e+01	
764	8.128305e-01	1.400625e+02	-2.04319e+01	
765	8.175230e-01	1.400564e+02	-2.05402e+01	
766	8.222426e-01	1.400503e+02	-2.06489e+01	
767	8.269895e-01	1.400441e+02	-2.07581e+01	
768	8.317638e-01	1.400378e+02	-2.08678e+01	
769	8.365656e-01	1.400315e+02	-2.09779e+01	
770	8.413951e-01	1.400251e+02	-2.10885e+01	
771	8.462526e-01	1.400186e+02	-2.11996e+01	
772	8.511380e-01	1.400121e+02	-2.13112e+01	
773	8.560517e-01	1.400055e+02	-2.14232e+01	
774	8.609938e-01	1.399988e+02	-2.15358e+01	
775	8.659643e-01	1.399921e+02	-2.16487e+01	
776	8.709636e-01	1.399853e+02	-2.17622e+01	
777	8.759917e-01	1.399785e+02	-2.18762e+01	
778	8.810489e-01	1.399715e+02	-2.19906e+01	
779	8.861352e-01	1.399645e+02	-2.21055e+01	
780	8.912509e-01	1.399575e+02	-2.22209e+01	
781	8.963962e-01	1.399503e+02	-2.23367e+01	
782	9.015711e-01	1.399431e+02	-2.24531e+01	
783	9.067760e-01	1.399358e+02	-2.25699e+01	
784	9.120108e-01	1.399285e+02	-2.26872e+01	
785	9.172759e-01	1.399210e+02	-2.28049e+01	
786	9.225714e-01	1.399135e+02	-2.29232e+01	
787	9.278975e-01	1.399060e+02	-2.30419e+01	
788	9.332543e-01	1.398983e+02	-2.31611e+01	
789	9.386420e-01	1.398906e+02	-2.32808e+01	
790	9.440609e-01	1.398828e+02	-2.34009e+01	
791	9.495110e-01	1.398749e+02	-2.35215e+01	
792	9.549926e-01	1.398670e+02	-2.36426e+01	
793	9.605058e-01	1.398590e+02	-2.37642e+01	
794	9.660509e-01	1.398509e+02	-2.38863e+01	
795	9.716280e-01	1.398427e+02	-2.40088e+01	
796	9.772372e-01	1.398344e+02	-2.41318e+01	
797	9.828789e-01	1.398261e+02	-2.42553e+01	
798	9.885531e-01	1.398176e+02	-2.43792e+01	
799	9.942601e-01	1.398091e+02	-2.45037e+01	
800	1.000000e+00	1.398006e+02	-2.46286e+01	
801	1.005773e+00	1.397919e+02	-2.47539e+01	
802	1.011579e+00	1.397831e+02	-2.48798e+01	
803	1.017419e+00	1.397743e+02	-2.50061e+01	
804	1.023293e+00	1.397654e+02	-2.51329e+01	
805	1.029201e+00	1.397564e+02	-2.52602e+01	
806	1.035142e+00	1.397473e+02	-2.53879e+01	
807	1.041118e+00	1.397381e+02	-2.55161e+01	
808	1.047129e+00	1.397289e+02	-2.56447e+01	

Index   frequency       tdb             tph             
--------------------------------------------------------------------------------
809	1.053174e+00	1.397195e+02	-2.57739e+01	
810	1.059254e+00	1.397101e+02	-2.59035e+01	
811	1.065369e+00	1.397006e+02	-2.60335e+01	
812	1.071519e+00	1.396909e+02	-2.61641e+01	
813	1.077705e+00	1.396812e+02	-2.62951e+01	
814	1.083927e+00	1.396714e+02	-2.64265e+01	
815	1.090184e+00	1.396616e+02	-2.65584e+01	
816	1.096478e+00	1.396516e+02	-2.66908e+01	
817	1.102808e+00	1.396415e+02	-2.68236e+01	
818	1.109175e+00	1.396314e+02	-2.69569e+01	
819	1.115578e+00	1.396211e+02	-2.70907e+01	
820	1.122018e+00	1.396108e+02	-2.72249e+01	
821	1.128496e+00	1.396003e+02	-2.73595e+01	
822	1.135011e+00	1.395898e+02	-2.74946e+01	
823	1.141563e+00	1.395791e+02	-2.76302e+01	
824	1.148154e+00	1.395684e+02	-2.77662e+01	
825	1.154782e+00	1.395576e+02	-2.79026e+01	
826	1.161449e+00	1.395467e+02	-2.80395e+01	
827	1.168154e+00	1.395356e+02	-2.81769e+01	
828	1.174898e+00	1.395245e+02	-2.83146e+01	
829	1.181680e+00	1.395133e+02	-2.84529e+01	
830	1.188502e+00	1.395020e+02	-2.85915e+01	
831	1.195364e+00	1.394905e+02	-2.87306e+01	
832	1.202264e+00	1.394790e+02	-2.88702e+01	
833	1.209205e+00	1.394674e+02	-2.90101e+01	
834	1.216186e+00	1.394556e+02	-2.91505e+01	
835	1.223207e+00	1.394438e+02	-2.92914e+01	
836	1.230269e+00	1.394319e+02	-2.94326e+01	
837	1.237371e+00	1.394198e+02	-2.95743e+01	
838	1.244515e+00	1.394077e+02	-2.97164e+01	
839	1.251699e+00	1.393954e+02	-2.98589e+01	
840	1.258925e+00	1.393830e+02	-3.00019e+01	
841	1.266193e+00	1.393706e+02	-3.01453e+01	
842	1.273503e+00	1.393580e+02	-3.02890e+01	
843	1.280855e+00	1.393453e+02	-3.04332e+01	
844	1.288250e+00	1.393325e+02	-3.05778e+01	
845	1.295687e+00	1.393196e+02	-3.07228e+01	
846	1.303167e+00	1.393066e+02	-3.08682e+01	
847	1.310690e+00	1.392934e+02	-3.10140e+01	
848	1.318257e+00	1.392802e+02	-3.11603e+01	
849	1.325867e+00	1.392668e+02	-3.13069e+01	
850	1.333521e+00	1.392534e+02	-3.14539e+01	
851	1.341220e+00	1.392398e+02	-3.16013e+01	
852	1.348963e+00	1.392261e+02	-3.17490e+01	
853	1.356751e+00	1.392123e+02	-3.18972e+01	
854	1.364583e+00	1.391984e+02	-3.20457e+01	
855	1.372461e+00	1.391843e+02	-3.21947e+01	
856	1.380384e+00	1.391702e+02	-3.23440e+01	
857	1.388353e+00	1.391559e+02	-3.24937e+01	
858	1.396368e+00	1.391415e+02	-3.26437e+01	
859	1.404430e+00	1.391270e+02	-3.27941e+01	
860	1.412538e+00	1.391124e+02	-3.29449e+01	
861	1.420692e+00	1.390976e+02	-3.30960e+01	
862	1.428894e+00	1.390827e+02	-3.32475e+01	
863	1.437143e+00	1.390678e+02	-3.33994e+01	
864	1.445440e+00	1.390526e+02	-3.35516e+01	
865	1.453784e+00	1.390374e+02	-3.37041e+01	
866	1.462177e+00	1.390221e+02	-3.38570e+01	

Index   frequency       tdb             tph             
--------------------------------------------------------------------------------
867	1.470618e+00	1.390066e+02	-3.40103e+01	
868	1.479108e+00	1.389910e+02	-3.41638e+01	
869	1.487647e+00	1.389753e+02	-3.43177e+01	
870	1.496236e+00	1.389594e+02	-3.44720e+01	
871	1.504874e+00	1.389434e+02	-3.46265e+01	
872	1.513561e+00	1.389273e+02	-3.47814e+01	
873	1.522299e+00	1.389111e+02	-3.49366e+01	
874	1.531087e+00	1.388948e+02	-3.50921e+01	
875	1.539927e+00	1.388783e+02	-3.52479e+01	
876	1.548817e+00	1.388617e+02	-3.54041e+01	
877	1.557758e+00	1.388449e+02	-3.55605e+01	
878	1.566751e+00	1.388281e+02	-3.57172e+01	
879	1.575796e+00	1.388111e+02	-3.58743e+01	
880	1.584893e+00	1.387940e+02	-3.60316e+01	
881	1.594043e+00	1.387767e+02	-3.61892e+01	
882	1.603245e+00	1.387593e+02	-3.63471e+01	
883	1.612501e+00	1.387418e+02	-3.65052e+01	
884	1.621810e+00	1.387242e+02	-3.66637e+01	
885	1.631173e+00	1.387064e+02	-3.68224e+01	
886	1.640590e+00	1.386885e+02	-3.69814e+01	
887	1.650061e+00	1.386705e+02	-3.71406e+01	
888	1.659587e+00	1.386523e+02	-3.73001e+01	
889	1.669168e+00	1.386340e+02	-3.74598e+01	
890	1.678804e+00	1.386155e+02	-3.76198e+01	
891	1.688496e+00	1.385970e+02	-3.77801e+01	
892	1.698244e+00	1.385783e+02	-3.79405e+01	
893	1.708048e+00	1.385594e+02	-3.81012e+01	
894	1.717908e+00	1.385404e+02	-3.82622e+01	
895	1.727826e+00	1.385213e+02	-3.84233e+01	
896	1.737801e+00	1.385021e+02	-3.85847e+01	
897	1.747833e+00	1.384827e+02	-3.87463e+01	
898	1.757924e+00	1.384632e+02	-3.89081e+01	
899	1.768072e+00	1.384435e+02	-3.90701e+01	
900	1.778279e+00	1.384237e+02	-3.92323e+01	
901	1.788546e+00	1.384038e+02	-3.93947e+01	
902	1.798871e+00	1.383837e+02	-3.95573e+01	
903	1.809256e+00	1.383635e+02	-3.97201e+01	
904	1.819701e+00	1.383431e+02	-3.98831e+01	
905	1.830206e+00	1.383226e+02	-4.00462e+01	
906	1.840772e+00	1.383020e+02	-4.02095e+01	
907	1.851399e+00	1.382812e+02	-4.03730e+01	
908	1.862087e+00	1.382603e+02	-4.05367e+01	
909	1.872837e+00	1.382393e+02	-4.07005e+01	
910	1.883649e+00	1.382181e+02	-4.08644e+01	
911	1.894524e+00	1.381968e+02	-4.10285e+01	
912	1.905461e+00	1.381753e+02	-4.11927e+01	
913	1.916461e+00	1.381537e+02	-4.13571e+01	
914	1.927525e+00	1.381319e+02	-4.15216e+01	
915	1.938653e+00	1.381100e+02	-4.16862e+01	
916	1.949845e+00	1.380880e+02	-4.18510e+01	
917	1.961101e+00	1.380658e+02	-4.20158e+01	
918	1.972423e+00	1.380435e+02	-4.21808e+01	
919	1.983810e+00	1.380210e+02	-4.23459e+01	
920	1.995262e+00	1.379984e+02	-4.25111e+01	
921	2.006781e+00	1.379757e+02	-4.26763e+01	
922	2.018366e+00	1.379528e+02	-4.28417e+01	
923	2.030019e+00	1.379297e+02	-4.30071e+01	
924	2.041738e+00	1.379066e+02	-4.31726e+01	

Index   frequency       tdb             tph             
--------------------------------------------------------------------------------
925	2.053525e+00	1.378832e+02	-4.33382e+01	
926	2.065380e+00	1.378598e+02	-4.35039e+01	
927	2.077304e+00	1.378362e+02	-4.36696e+01	
928	2.089296e+00	1.378124e+02	-4.38354e+01	
929	2.101358e+00	1.377885e+02	-4.40012e+01	
930	2.113489e+00	1.377645e+02	-4.41671e+01	
931	2.125690e+00	1.377403e+02	-4.43330e+01	
932	2.137962e+00	1.377160e+02	-4.44989e+01	
933	2.150305e+00	1.376915e+02	-4.46649e+01	
934	2.162719e+00	1.376669e+02	-4.48309e+01	
935	2.175204e+00	1.376421e+02	-4.49969e+01	
936	2.187762e+00	1.376172e+02	-4.51629e+01	
937	2.200392e+00	1.375922e+02	-4.53290e+01	
938	2.213095e+00	1.375670e+02	-4.54950e+01	
939	2.225871e+00	1.375416e+02	-4.56610e+01	
940	2.238721e+00	1.375162e+02	-4.58271e+01	
941	2.251645e+00	1.374905e+02	-4.59931e+01	
942	2.264644e+00	1.374648e+02	-4.61591e+01	
943	2.277718e+00	1.374389e+02	-4.63250e+01	
944	2.290868e+00	1.374128e+02	-4.64910e+01	
945	2.304093e+00	1.373866e+02	-4.66569e+01	
946	2.317395e+00	1.373603e+02	-4.68227e+01	
947	2.330773e+00	1.373338e+02	-4.69885e+01	
948	2.344229e+00	1.373072e+02	-4.71543e+01	
949	2.357762e+00	1.372804e+02	-4.73200e+01	
950	2.371374e+00	1.372535e+02	-4.74856e+01	
951	2.385064e+00	1.372264e+02	-4.76512e+01	
952	2.398833e+00	1.371992e+02	-4.78167e+01	
953	2.412682e+00	1.371719e+02	-4.79821e+01	
954	2.426610e+00	1.371444e+02	-4.81474e+01	
955	2.440619e+00	1.371168e+02	-4.83127e+01	
956	2.454709e+00	1.370890e+02	-4.84778e+01	
957	2.468880e+00	1.370611e+02	-4.86429e+01	
958	2.483133e+00	1.370330e+02	-4.88078e+01	
959	2.497468e+00	1.370049e+02	-4.89727e+01	
960	2.511886e+00	1.369765e+02	-4.91374e+01	
961	2.526388e+00	1.369480e+02	-4.93020e+01	
962	2.540973e+00	1.369194e+02	-4.94665e+01	
963	2.555642e+00	1.368907e+02	-4.96308e+01	
964	2.570396e+00	1.368618e+02	-4.97950e+01	
965	2.585235e+00	1.368327e+02	-4.99591e+01	
966	2.600160e+00	1.368035e+02	-5.01230e+01	
967	2.615170e+00	1.367742e+02	-5.02868e+01	
968	2.630268e+00	1.367448e+02	-5.04504e+01	
969	2.645453e+00	1.367152e+02	-5.06138e+01	
970	2.660725e+00	1.366854e+02	-5.07771e+01	
971	2.676086e+00	1.366555e+02	-5.09402e+01	
972	2.691535e+00	1.366255e+02	-5.11031e+01	
973	2.707073e+00	1.365954e+02	-5.12659e+01	
974	2.722701e+00	1.365651e+02	-5.14285e+01	
975	2.738420e+00	1.365347e+02	-5.15908e+01	
976	2.754229e+00	1.365041e+02	-5.17530e+01	
977	2.770129e+00	1.364734e+02	-5.19150e+01	
978	2.786121e+00	1.364426e+02	-5.20768e+01	
979	2.802206e+00	1.364116e+02	-5.22383e+01	
980	2.818383e+00	1.363805e+02	-5.23997e+01	
981	2.834654e+00	1.363492e+02	-5.25608e+01	
982	2.851018e+00	1.363179e+02	-5.27217e+01	

Index   frequency       tdb             tph             
--------------------------------------------------------------------------------
983	2.867477e+00	1.362863e+02	-5.28824e+01	
984	2.884032e+00	1.362547e+02	-5.30429e+01	
985	2.900681e+00	1.362229e+02	-5.32031e+01	
986	2.917427e+00	1.361910e+02	-5.33630e+01	
987	2.934270e+00	1.361590e+02	-5.35228e+01	
988	2.951209e+00	1.361268e+02	-5.36822e+01	
989	2.968247e+00	1.360945e+02	-5.38415e+01	
990	2.985383e+00	1.360620e+02	-5.40004e+01	
991	3.002617e+00	1.360295e+02	-5.41591e+01	
992	3.019952e+00	1.359968e+02	-5.43175e+01	
993	3.037386e+00	1.359639e+02	-5.44757e+01	
994	3.054921e+00	1.359310e+02	-5.46336e+01	
995	3.072557e+00	1.358979e+02	-5.47912e+01	
996	3.090295e+00	1.358646e+02	-5.49485e+01	
997	3.108136e+00	1.358313e+02	-5.51055e+01	
998	3.126079e+00	1.357978e+02	-5.52623e+01	
999	3.144126e+00	1.357642e+02	-5.54187e+01	
1000	3.162278e+00	1.357305e+02	-5.55749e+01	
1001	3.180534e+00	1.356966e+02	-5.57307e+01	
1002	3.198895e+00	1.356626e+02	-5.58862e+01	
1003	3.217363e+00	1.356285e+02	-5.60415e+01	
1004	3.235937e+00	1.355943e+02	-5.61964e+01	
1005	3.254618e+00	1.355600e+02	-5.63510e+01	
1006	3.273407e+00	1.355255e+02	-5.65052e+01	
1007	3.292305e+00	1.354909e+02	-5.66592e+01	
1008	3.311311e+00	1.354561e+02	-5.68128e+01	
1009	3.330428e+00	1.354213e+02	-5.69661e+01	
1010	3.349654e+00	1.353863e+02	-5.71190e+01	
1011	3.368992e+00	1.353512e+02	-5.72716e+01	
1012	3.388442e+00	1.353160e+02	-5.74239e+01	
1013	3.408003e+00	1.352807e+02	-5.75758e+01	
1014	3.427678e+00	1.352453e+02	-5.77274e+01	
1015	3.447466e+00	1.352097e+02	-5.78786e+01	
1016	3.467369e+00	1.351740e+02	-5.80295e+01	
1017	3.487386e+00	1.351382e+02	-5.81800e+01	
1018	3.507519e+00	1.351023e+02	-5.83301e+01	
1019	3.527768e+00	1.350663e+02	-5.84799e+01	
1020	3.548134e+00	1.350301e+02	-5.86293e+01	
1021	3.568617e+00	1.349938e+02	-5.87784e+01	
1022	3.589219e+00	1.349575e+02	-5.89270e+01	
1023	3.609940e+00	1.349210e+02	-5.90753e+01	
1024	3.630781e+00	1.348844e+02	-5.92233e+01	
1025	3.651741e+00	1.348476e+02	-5.93708e+01	
1026	3.672823e+00	1.348108e+02	-5.95180e+01	
1027	3.694026e+00	1.347739e+02	-5.96647e+01	
1028	3.715352e+00	1.347368e+02	-5.98111e+01	
1029	3.736801e+00	1.346997e+02	-5.99571e+01	
1030	3.758374e+00	1.346624e+02	-6.01027e+01	
1031	3.780071e+00	1.346250e+02	-6.02479e+01	
1032	3.801894e+00	1.345875e+02	-6.03927e+01	
1033	3.823843e+00	1.345499e+02	-6.05371e+01	
1034	3.845918e+00	1.345122e+02	-6.06811e+01	
1035	3.868121e+00	1.344744e+02	-6.08247e+01	
1036	3.890451e+00	1.344365e+02	-6.09678e+01	
1037	3.912911e+00	1.343985e+02	-6.11106e+01	
1038	3.935501e+00	1.343603e+02	-6.12530e+01	
1039	3.958221e+00	1.343221e+02	-6.13949e+01	
1040	3.981072e+00	1.342838e+02	-6.15365e+01	

Index   frequency       tdb             tph             
--------------------------------------------------------------------------------
1041	4.004055e+00	1.342453e+02	-6.16776e+01	
1042	4.027170e+00	1.342068e+02	-6.18183e+01	
1043	4.050419e+00	1.341681e+02	-6.19585e+01	
1044	4.073803e+00	1.341294e+02	-6.20984e+01	
1045	4.097321e+00	1.340906e+02	-6.22378e+01	
1046	4.120975e+00	1.340516e+02	-6.23768e+01	
1047	4.144766e+00	1.340126e+02	-6.25154e+01	
1048	4.168694e+00	1.339734e+02	-6.26535e+01	
1049	4.192760e+00	1.339342e+02	-6.27912e+01	
1050	4.216965e+00	1.338949e+02	-6.29285e+01	
1051	4.241310e+00	1.338555e+02	-6.30654e+01	
1052	4.265795e+00	1.338159e+02	-6.32018e+01	
1053	4.290422e+00	1.337763e+02	-6.33377e+01	
1054	4.315191e+00	1.337366e+02	-6.34733e+01	
1055	4.340103e+00	1.336968e+02	-6.36084e+01	
1056	4.365158e+00	1.336569e+02	-6.37430e+01	
1057	4.390359e+00	1.336169e+02	-6.38772e+01	
1058	4.415704e+00	1.335768e+02	-6.40110e+01	
1059	4.441197e+00	1.335366e+02	-6.41443e+01	
1060	4.466836e+00	1.334964e+02	-6.42772e+01	
1061	4.492623e+00	1.334560e+02	-6.44096e+01	
1062	4.518559e+00	1.334156e+02	-6.45416e+01	
1063	4.544645e+00	1.333750e+02	-6.46731e+01	
1064	4.570882e+00	1.333344e+02	-6.48042e+01	
1065	4.597270e+00	1.332937e+02	-6.49348e+01	
1066	4.623810e+00	1.332529e+02	-6.50650e+01	
1067	4.650504e+00	1.332120e+02	-6.51948e+01	
1068	4.677351e+00	1.331710e+02	-6.53240e+01	
1069	4.704354e+00	1.331300e+02	-6.54529e+01	
1070	4.731513e+00	1.330888e+02	-6.55812e+01	
1071	4.758828e+00	1.330476e+02	-6.57091e+01	
1072	4.786301e+00	1.330063e+02	-6.58366e+01	
1073	4.813933e+00	1.329649e+02	-6.59636e+01	
1074	4.841724e+00	1.329235e+02	-6.60902e+01	
1075	4.869675e+00	1.328819e+02	-6.62163e+01	
1076	4.897788e+00	1.328403e+02	-6.63419e+01	
1077	4.926063e+00	1.327986e+02	-6.64671e+01	
1078	4.954502e+00	1.327568e+02	-6.65918e+01	
1079	4.983105e+00	1.327149e+02	-6.67161e+01	
1080	5.011872e+00	1.326730e+02	-6.68399e+01	
1081	5.040806e+00	1.326309e+02	-6.69632e+01	
1082	5.069907e+00	1.325888e+02	-6.70861e+01	
1083	5.099176e+00	1.325467e+02	-6.72085e+01	
1084	5.128614e+00	1.325044e+02	-6.73305e+01	
1085	5.158222e+00	1.324621e+02	-6.74520e+01	
1086	5.188000e+00	1.324197e+02	-6.75731e+01	
1087	5.217951e+00	1.323772e+02	-6.76937e+01	
1088	5.248075e+00	1.323346e+02	-6.78138e+01	
1089	5.278372e+00	1.322920e+02	-6.79335e+01	
1090	5.308844e+00	1.322493e+02	-6.80527e+01	
1091	5.339493e+00	1.322065e+02	-6.81714e+01	
1092	5.370318e+00	1.321637e+02	-6.82897e+01	
1093	5.401321e+00	1.321208e+02	-6.84076e+01	
1094	5.432503e+00	1.320778e+02	-6.85250e+01	
1095	5.463865e+00	1.320348e+02	-6.86419e+01	
1096	5.495409e+00	1.319917e+02	-6.87583e+01	
1097	5.527134e+00	1.319485e+02	-6.88744e+01	
1098	5.559043e+00	1.319052e+02	-6.89899e+01	

Index   frequency       tdb             tph             
--------------------------------------------------------------------------------
1099	5.591135e+00	1.318619e+02	-6.91050e+01	
1100	5.623413e+00	1.318185e+02	-6.92196e+01	
1101	5.655878e+00	1.317751e+02	-6.93338e+01	
1102	5.688529e+00	1.317315e+02	-6.94475e+01	
1103	5.721370e+00	1.316880e+02	-6.95608e+01	
1104	5.754399e+00	1.316443e+02	-6.96736e+01	
1105	5.787620e+00	1.316006e+02	-6.97860e+01	
1106	5.821032e+00	1.315568e+02	-6.98979e+01	
1107	5.854637e+00	1.315130e+02	-7.00093e+01	
1108	5.888437e+00	1.314691e+02	-7.01203e+01	
1109	5.922431e+00	1.314251e+02	-7.02309e+01	
1110	5.956621e+00	1.313811e+02	-7.03409e+01	
1111	5.991009e+00	1.313370e+02	-7.04506e+01	
1112	6.025596e+00	1.312929e+02	-7.05598e+01	
1113	6.060382e+00	1.312487e+02	-7.06685e+01	
1114	6.095369e+00	1.312044e+02	-7.07768e+01	
1115	6.130558e+00	1.311601e+02	-7.08847e+01	
1116	6.165950e+00	1.311158e+02	-7.09921e+01	
1117	6.201546e+00	1.310713e+02	-7.10990e+01	
1118	6.237348e+00	1.310268e+02	-7.12055e+01	
1119	6.273357e+00	1.309823e+02	-7.13116e+01	
1120	6.309573e+00	1.309377e+02	-7.14172e+01	
1121	6.345999e+00	1.308930e+02	-7.15224e+01	
1122	6.382635e+00	1.308483e+02	-7.16271e+01	
1123	6.419482e+00	1.308036e+02	-7.17314e+01	
1124	6.456542e+00	1.307587e+02	-7.18352e+01	
1125	6.493816e+00	1.307139e+02	-7.19386e+01	
1126	6.531306e+00	1.306689e+02	-7.20416e+01	
1127	6.569011e+00	1.306240e+02	-7.21441e+01	
1128	6.606934e+00	1.305789e+02	-7.22462e+01	
1129	6.645077e+00	1.305338e+02	-7.23479e+01	
1130	6.683439e+00	1.304887e+02	-7.24491e+01	
1131	6.722023e+00	1.304435e+02	-7.25499e+01	
1132	6.760830e+00	1.303983e+02	-7.26503e+01	
1133	6.799860e+00	1.303530e+02	-7.27502e+01	
1134	6.839116e+00	1.303077e+02	-7.28497e+01	
1135	6.878599e+00	1.302623e+02	-7.29488e+01	
1136	6.918310e+00	1.302169e+02	-7.30474e+01	
1137	6.958250e+00	1.301714e+02	-7.31457e+01	
1138	6.998420e+00	1.301259e+02	-7.32435e+01	
1139	7.038822e+00	1.300803e+02	-7.33408e+01	
1140	7.079458e+00	1.300347e+02	-7.34378e+01	
1141	7.120328e+00	1.299890e+02	-7.35343e+01	
1142	7.161434e+00	1.299433e+02	-7.36304e+01	
1143	7.202778e+00	1.298976e+02	-7.37261e+01	
1144	7.244360e+00	1.298518e+02	-7.38214e+01	
1145	7.286182e+00	1.298059e+02	-7.39162e+01	
1146	7.328245e+00	1.297601e+02	-7.40106e+01	
1147	7.370552e+00	1.297141e+02	-7.41047e+01	
1148	7.413102e+00	1.296682e+02	-7.41983e+01	
1149	7.455899e+00	1.296221e+02	-7.42915e+01	
1150	7.498942e+00	1.295761e+02	-7.43843e+01	
1151	7.542234e+00	1.295300e+02	-7.44766e+01	
1152	7.585776e+00	1.294838e+02	-7.45686e+01	
1153	7.629569e+00	1.294377e+02	-7.46602e+01	
1154	7.673615e+00	1.293914e+02	-7.47513e+01	
1155	7.717915e+00	1.293452e+02	-7.48421e+01	
1156	7.762471e+00	1.292989e+02	-7.49325e+01	

Index   frequency       tdb             tph             
--------------------------------------------------------------------------------
1157	7.807284e+00	1.292525e+02	-7.50224e+01	
1158	7.852356e+00	1.292062e+02	-7.51120e+01	
1159	7.897688e+00	1.291597e+02	-7.52011e+01	
1160	7.943282e+00	1.291133e+02	-7.52899e+01	
1161	7.989139e+00	1.290668e+02	-7.53783e+01	
1162	8.035261e+00	1.290203e+02	-7.54662e+01	
1163	8.081649e+00	1.289737e+02	-7.55538e+01	
1164	8.128305e+00	1.289271e+02	-7.56410e+01	
1165	8.175230e+00	1.288804e+02	-7.57278e+01	
1166	8.222426e+00	1.288338e+02	-7.58143e+01	
1167	8.269895e+00	1.287870e+02	-7.59003e+01	
1168	8.317638e+00	1.287403e+02	-7.59859e+01	
1169	8.365656e+00	1.286935e+02	-7.60712e+01	
1170	8.413951e+00	1.286467e+02	-7.61561e+01	
1171	8.462526e+00	1.285998e+02	-7.62406e+01	
1172	8.511380e+00	1.285530e+02	-7.63247e+01	
1173	8.560517e+00	1.285060e+02	-7.64085e+01	
1174	8.609938e+00	1.284591e+02	-7.64919e+01	
1175	8.659643e+00	1.284121e+02	-7.65749e+01	
1176	8.709636e+00	1.283651e+02	-7.66575e+01	
1177	8.759917e+00	1.283180e+02	-7.67398e+01	
1178	8.810489e+00	1.282709e+02	-7.68217e+01	
1179	8.861352e+00	1.282238e+02	-7.69032e+01	
1180	8.912509e+00	1.281767e+02	-7.69844e+01	
1181	8.963962e+00	1.281295e+02	-7.70652e+01	
1182	9.015711e+00	1.280823e+02	-7.71456e+01	
1183	9.067760e+00	1.280350e+02	-7.72257e+01	
1184	9.120108e+00	1.279878e+02	-7.73054e+01	
1185	9.172759e+00	1.279405e+02	-7.73848e+01	
1186	9.225714e+00	1.278931e+02	-7.74638e+01	
1187	9.278975e+00	1.278458e+02	-7.75424e+01	
1188	9.332543e+00	1.277984e+02	-7.76207e+01	
1189	9.386420e+00	1.277510e+02	-7.76987e+01	
1190	9.440609e+00	1.277035e+02	-7.77763e+01	
1191	9.495110e+00	1.276561e+02	-7.78535e+01	
1192	9.549926e+00	1.276086e+02	-7.79304e+01	
1193	9.605058e+00	1.275610e+02	-7.80070e+01	
1194	9.660509e+00	1.275135e+02	-7.80832e+01	
1195	9.716280e+00	1.274659e+02	-7.81591e+01	
1196	9.772372e+00	1.274183e+02	-7.82346e+01	
1197	9.828789e+00	1.273707e+02	-7.83098e+01	
1198	9.885531e+00	1.273230e+02	-7.83847e+01	
1199	9.942601e+00	1.272753e+02	-7.84592e+01	
1200	1.000000e+01	1.272276e+02	-7.85334e+01	
1201	1.005773e+01	1.271799e+02	-7.86073e+01	
1202	1.011579e+01	1.271321e+02	-7.86808e+01	
1203	1.017419e+01	1.270843e+02	-7.87540e+01	
1204	1.023293e+01	1.270365e+02	-7.88269e+01	
1205	1.029201e+01	1.269887e+02	-7.88995e+01	
1206	1.035142e+01	1.269408e+02	-7.89717e+01	
1207	1.041118e+01	1.268929e+02	-7.90436e+01	
1208	1.047129e+01	1.268450e+02	-7.91152e+01	
1209	1.053174e+01	1.267971e+02	-7.91865e+01	
1210	1.059254e+01	1.267492e+02	-7.92575e+01	
1211	1.065369e+01	1.267012e+02	-7.93281e+01	
1212	1.071519e+01	1.266532e+02	-7.93984e+01	
1213	1.077705e+01	1.266052e+02	-7.94685e+01	
1214	1.083927e+01	1.265571e+02	-7.95382e+01	

Index   frequency       tdb             tph             
--------------------------------------------------------------------------------
1215	1.090184e+01	1.265091e+02	-7.96076e+01	
1216	1.096478e+01	1.264610e+02	-7.96767e+01	
1217	1.102808e+01	1.264129e+02	-7.97455e+01	
1218	1.109175e+01	1.263647e+02	-7.98140e+01	
1219	1.115578e+01	1.263166e+02	-7.98821e+01	
1220	1.122018e+01	1.262684e+02	-7.99500e+01	
1221	1.128496e+01	1.262202e+02	-8.00176e+01	
1222	1.135011e+01	1.261720e+02	-8.00849e+01	
1223	1.141563e+01	1.261238e+02	-8.01519e+01	
1224	1.148154e+01	1.260755e+02	-8.02186e+01	
1225	1.154782e+01	1.260273e+02	-8.02851e+01	
1226	1.161449e+01	1.259790e+02	-8.03512e+01	
1227	1.168154e+01	1.259307e+02	-8.04170e+01	
1228	1.174898e+01	1.258823e+02	-8.04826e+01	
1229	1.181680e+01	1.258340e+02	-8.05479e+01	
1230	1.188502e+01	1.257856e+02	-8.06128e+01	
1231	1.195364e+01	1.257372e+02	-8.06776e+01	
1232	1.202264e+01	1.256888e+02	-8.07420e+01	
1233	1.209205e+01	1.256404e+02	-8.08061e+01	
1234	1.216186e+01	1.255920e+02	-8.08700e+01	
1235	1.223207e+01	1.255435e+02	-8.09336e+01	
1236	1.230269e+01	1.254950e+02	-8.09969e+01	
1237	1.237371e+01	1.254465e+02	-8.10600e+01	
1238	1.244515e+01	1.253980e+02	-8.11228e+01	
1239	1.251699e+01	1.253495e+02	-8.11853e+01	
1240	1.258925e+01	1.253010e+02	-8.12475e+01	
1241	1.266193e+01	1.252524e+02	-8.13095e+01	
1242	1.273503e+01	1.252038e+02	-8.13712e+01	
1243	1.280855e+01	1.251552e+02	-8.14327e+01	
1244	1.288250e+01	1.251066e+02	-8.14939e+01	
1245	1.295687e+01	1.250580e+02	-8.15548e+01	
1246	1.303167e+01	1.250094e+02	-8.16155e+01	
1247	1.310690e+01	1.249607e+02	-8.16759e+01	
1248	1.318257e+01	1.249120e+02	-8.17361e+01	
1249	1.325867e+01	1.248634e+02	-8.17960e+01	
1250	1.333521e+01	1.248147e+02	-8.18557e+01	
1251	1.341220e+01	1.247659e+02	-8.19151e+01	
1252	1.348963e+01	1.247172e+02	-8.19743e+01	
1253	1.356751e+01	1.246685e+02	-8.20333e+01	
1254	1.364583e+01	1.246197e+02	-8.20920e+01	
1255	1.372461e+01	1.245709e+02	-8.21504e+01	
1256	1.380384e+01	1.245221e+02	-8.22086e+01	
1257	1.388353e+01	1.244733e+02	-8.22666e+01	
1258	1.396368e+01	1.244245e+02	-8.23243e+01	
1259	1.404430e+01	1.243757e+02	-8.23818e+01	
1260	1.412538e+01	1.243268e+02	-8.24391e+01	
1261	1.420692e+01	1.242780e+02	-8.24961e+01	
1262	1.428894e+01	1.242291e+02	-8.25529e+01	
1263	1.437143e+01	1.241802e+02	-8.26095e+01	
1264	1.445440e+01	1.241313e+02	-8.26658e+01	
1265	1.453784e+01	1.240824e+02	-8.27219e+01	
1266	1.462177e+01	1.240335e+02	-8.27778e+01	
1267	1.470618e+01	1.239846e+02	-8.28335e+01	
1268	1.479108e+01	1.239356e+02	-8.28889e+01	
1269	1.487647e+01	1.238867e+02	-8.29441e+01	
1270	1.496236e+01	1.238377e+02	-8.29991e+01	
1271	1.504874e+01	1.237887e+02	-8.30539e+01	
1272	1.513561e+01	1.237397e+02	-8.31085e+01	

Index   frequency       tdb             tph             
--------------------------------------------------------------------------------
1273	1.522299e+01	1.236907e+02	-8.31629e+01	
1274	1.531087e+01	1.236417e+02	-8.32170e+01	
1275	1.539927e+01	1.235926e+02	-8.32710e+01	
1276	1.548817e+01	1.235436e+02	-8.33247e+01	
1277	1.557758e+01	1.234945e+02	-8.33782e+01	
1278	1.566751e+01	1.234455e+02	-8.34315e+01	
1279	1.575796e+01	1.233964e+02	-8.34846e+01	
1280	1.584893e+01	1.233473e+02	-8.35376e+01	
1281	1.594043e+01	1.232982e+02	-8.35903e+01	
1282	1.603245e+01	1.232491e+02	-8.36428e+01	
1283	1.612501e+01	1.232000e+02	-8.36951e+01	
1284	1.621810e+01	1.231508e+02	-8.37472e+01	
1285	1.631173e+01	1.231017e+02	-8.37991e+01	
1286	1.640590e+01	1.230525e+02	-8.38508e+01	
1287	1.650061e+01	1.230034e+02	-8.39024e+01	
1288	1.659587e+01	1.229542e+02	-8.39537e+01	
1289	1.669168e+01	1.229050e+02	-8.40049e+01	
1290	1.678804e+01	1.228558e+02	-8.40558e+01	
1291	1.688496e+01	1.228066e+02	-8.41066e+01	
1292	1.698244e+01	1.227574e+02	-8.41572e+01	
1293	1.708048e+01	1.227082e+02	-8.42076e+01	
1294	1.717908e+01	1.226590e+02	-8.42578e+01	
1295	1.727826e+01	1.226097e+02	-8.43079e+01	
1296	1.737801e+01	1.225605e+02	-8.43578e+01	
1297	1.747833e+01	1.225112e+02	-8.44074e+01	
1298	1.757924e+01	1.224619e+02	-8.44570e+01	
1299	1.768072e+01	1.224127e+02	-8.45063e+01	
1300	1.778279e+01	1.223634e+02	-8.45555e+01	
1301	1.788546e+01	1.223141e+02	-8.46045e+01	
1302	1.798871e+01	1.222648e+02	-8.46533e+01	
1303	1.809256e+01	1.222155e+02	-8.47020e+01	
1304	1.819701e+01	1.221661e+02	-8.47505e+01	
1305	1.830206e+01	1.221168e+02	-8.47988e+01	
1306	1.840772e+01	1.220675e+02	-8.48470e+01	
1307	1.851399e+01	1.220181e+02	-8.48950e+01	
1308	1.862087e+01	1.219688e+02	-8.49428e+01	
1309	1.872837e+01	1.219194e+02	-8.49905e+01	
1310	1.883649e+01	1.218700e+02	-8.50380e+01	
1311	1.894524e+01	1.218206e+02	-8.50854e+01	
1312	1.905461e+01	1.217712e+02	-8.51326e+01	
1313	1.916461e+01	1.217218e+02	-8.51796e+01	
1314	1.927525e+01	1.216724e+02	-8.52265e+01	
1315	1.938653e+01	1.216230e+02	-8.52733e+01	
1316	1.949845e+01	1.215736e+02	-8.53199e+01	
1317	1.961101e+01	1.215242e+02	-8.53663e+01	
1318	1.972423e+01	1.214747e+02	-8.54127e+01	
1319	1.983810e+01	1.214253e+02	-8.54588e+01	
1320	1.995262e+01	1.213759e+02	-8.55048e+01	
1321	2.006781e+01	1.213264e+02	-8.55507e+01	
1322	2.018366e+01	1.212769e+02	-8.55964e+01	
1323	2.030019e+01	1.212275e+02	-8.56420e+01	
1324	2.041738e+01	1.211780e+02	-8.56875e+01	
1325	2.053525e+01	1.211285e+02	-8.57328e+01	
1326	2.065380e+01	1.210790e+02	-8.57780e+01	
1327	2.077304e+01	1.210295e+02	-8.58231e+01	
1328	2.089296e+01	1.209800e+02	-8.58680e+01	
1329	2.101358e+01	1.209305e+02	-8.59128e+01	
1330	2.113489e+01	1.208810e+02	-8.59574e+01	

Index   frequency       tdb             tph             
--------------------------------------------------------------------------------
1331	2.125690e+01	1.208314e+02	-8.60019e+01	
1332	2.137962e+01	1.207819e+02	-8.60463e+01	
1333	2.150305e+01	1.207324e+02	-8.60906e+01	
1334	2.162719e+01	1.206828e+02	-8.61348e+01	
1335	2.175204e+01	1.206332e+02	-8.61788e+01	
1336	2.187762e+01	1.205837e+02	-8.62227e+01	
1337	2.200392e+01	1.205341e+02	-8.62665e+01	
1338	2.213095e+01	1.204845e+02	-8.63102e+01	
1339	2.225871e+01	1.204350e+02	-8.63537e+01	
1340	2.238721e+01	1.203854e+02	-8.63971e+01	
1341	2.251645e+01	1.203358e+02	-8.64404e+01	
1342	2.264644e+01	1.202862e+02	-8.64836e+01	
1343	2.277718e+01	1.202366e+02	-8.65267e+01	
1344	2.290868e+01	1.201870e+02	-8.65697e+01	
1345	2.304093e+01	1.201374e+02	-8.66126e+01	
1346	2.317395e+01	1.200877e+02	-8.66554e+01	
1347	2.330773e+01	1.200381e+02	-8.66980e+01	
1348	2.344229e+01	1.199885e+02	-8.67406e+01	
1349	2.357762e+01	1.199388e+02	-8.67830e+01	
1350	2.371374e+01	1.198892e+02	-8.68253e+01	
1351	2.385064e+01	1.198396e+02	-8.68676e+01	
1352	2.398833e+01	1.197899e+02	-8.69097e+01	
1353	2.412682e+01	1.197402e+02	-8.69518e+01	
1354	2.426610e+01	1.196906e+02	-8.69937e+01	
1355	2.440619e+01	1.196409e+02	-8.70356e+01	
1356	2.454709e+01	1.195912e+02	-8.70773e+01	
1357	2.468880e+01	1.195415e+02	-8.71190e+01	
1358	2.483133e+01	1.194919e+02	-8.71605e+01	
1359	2.497468e+01	1.194422e+02	-8.72020e+01	
1360	2.511886e+01	1.193925e+02	-8.72434e+01	
1361	2.526388e+01	1.193428e+02	-8.72847e+01	
1362	2.540973e+01	1.192930e+02	-8.73259e+01	
1363	2.555642e+01	1.192433e+02	-8.73670e+01	
1364	2.570396e+01	1.191936e+02	-8.74081e+01	
1365	2.585235e+01	1.191439e+02	-8.74490e+01	
1366	2.600160e+01	1.190942e+02	-8.74899e+01	
1367	2.615170e+01	1.190444e+02	-8.75307e+01	
1368	2.630268e+01	1.189947e+02	-8.75714e+01	
1369	2.645453e+01	1.189449e+02	-8.76121e+01	
1370	2.660725e+01	1.188952e+02	-8.76526e+01	
1371	2.676086e+01	1.188454e+02	-8.76931e+01	
1372	2.691535e+01	1.187957e+02	-8.77335e+01	
1373	2.707073e+01	1.187459e+02	-8.77739e+01	
1374	2.722701e+01	1.186962e+02	-8.78141e+01	
1375	2.738420e+01	1.186464e+02	-8.78543e+01	
1376	2.754229e+01	1.185966e+02	-8.78945e+01	
1377	2.770129e+01	1.185468e+02	-8.79345e+01	
1378	2.786121e+01	1.184970e+02	-8.79745e+01	
1379	2.802206e+01	1.184472e+02	-8.80145e+01	
1380	2.818383e+01	1.183974e+02	-8.80543e+01	
1381	2.834654e+01	1.183476e+02	-8.80941e+01	
1382	2.851018e+01	1.182978e+02	-8.81339e+01	
1383	2.867477e+01	1.182480e+02	-8.81736e+01	
1384	2.884032e+01	1.181982e+02	-8.82132e+01	
1385	2.900681e+01	1.181484e+02	-8.82527e+01	
1386	2.917427e+01	1.180986e+02	-8.82923e+01	
1387	2.934270e+01	1.180487e+02	-8.83317e+01	
1388	2.951209e+01	1.179989e+02	-8.83711e+01	

Index   frequency       tdb             tph             
--------------------------------------------------------------------------------
1389	2.968247e+01	1.179491e+02	-8.84105e+01	
1390	2.985383e+01	1.178992e+02	-8.84498e+01	
1391	3.002617e+01	1.178494e+02	-8.84890e+01	
1392	3.019952e+01	1.177995e+02	-8.85282e+01	
1393	3.037386e+01	1.177497e+02	-8.85674e+01	
1394	3.054921e+01	1.176998e+02	-8.86065e+01	
1395	3.072557e+01	1.176500e+02	-8.86455e+01	
1396	3.090295e+01	1.176001e+02	-8.86845e+01	
1397	3.108136e+01	1.175502e+02	-8.87235e+01	
1398	3.126079e+01	1.175004e+02	-8.87624e+01	
1399	3.144126e+01	1.174505e+02	-8.88013e+01	
1400	3.162278e+01	1.174006e+02	-8.88402e+01	
1401	3.180534e+01	1.173507e+02	-8.88790e+01	
1402	3.198895e+01	1.173008e+02	-8.89178e+01	
1403	3.217363e+01	1.172509e+02	-8.89565e+01	
1404	3.235937e+01	1.172010e+02	-8.89952e+01	
1405	3.254618e+01	1.171511e+02	-8.90339e+01	
1406	3.273407e+01	1.171012e+02	-8.90726e+01	
1407	3.292305e+01	1.170513e+02	-8.91112e+01	
1408	3.311311e+01	1.170014e+02	-8.91498e+01	
1409	3.330428e+01	1.169515e+02	-8.91883e+01	
1410	3.349654e+01	1.169015e+02	-8.92269e+01	
1411	3.368992e+01	1.168516e+02	-8.92654e+01	
1412	3.388442e+01	1.168017e+02	-8.93039e+01	
1413	3.408003e+01	1.167517e+02	-8.93424e+01	
1414	3.427678e+01	1.167018e+02	-8.93808e+01	
1415	3.447466e+01	1.166519e+02	-8.94192e+01	
1416	3.467369e+01	1.166019e+02	-8.94576e+01	
1417	3.487386e+01	1.165520e+02	-8.94960e+01	
1418	3.507519e+01	1.165020e+02	-8.95344e+01	
1419	3.527768e+01	1.164520e+02	-8.95727e+01	
1420	3.548134e+01	1.164021e+02	-8.96111e+01	
1421	3.568617e+01	1.163521e+02	-8.96494e+01	
1422	3.589219e+01	1.163021e+02	-8.96877e+01	
1423	3.609940e+01	1.162522e+02	-8.97260e+01	
1424	3.630781e+01	1.162022e+02	-8.97643e+01	
1425	3.651741e+01	1.161522e+02	-8.98026e+01	
1426	3.672823e+01	1.161022e+02	-8.98409e+01	
1427	3.694026e+01	1.160522e+02	-8.98792e+01	
1428	3.715352e+01	1.160022e+02	-8.99175e+01	
1429	3.736801e+01	1.159522e+02	-8.99558e+01	
1430	3.758374e+01	1.159022e+02	-8.99940e+01	
1431	3.780071e+01	1.158522e+02	-9.00323e+01	
1432	3.801894e+01	1.158022e+02	-9.00706e+01	
1433	3.823843e+01	1.157522e+02	-9.01089e+01	
1434	3.845918e+01	1.157022e+02	-9.01471e+01	
1435	3.868121e+01	1.156521e+02	-9.01854e+01	
1436	3.890451e+01	1.156021e+02	-9.02237e+01	
1437	3.912911e+01	1.155521e+02	-9.02620e+01	
1438	3.935501e+01	1.155020e+02	-9.03003e+01	
1439	3.958221e+01	1.154520e+02	-9.03386e+01	
1440	3.981072e+01	1.154020e+02	-9.03769e+01	
1441	4.004055e+01	1.153519e+02	-9.04153e+01	
1442	4.027170e+01	1.153019e+02	-9.04536e+01	
1443	4.050419e+01	1.152518e+02	-9.04920e+01	
1444	4.073803e+01	1.152017e+02	-9.05304e+01	
1445	4.097321e+01	1.151517e+02	-9.05688e+01	
1446	4.120975e+01	1.151016e+02	-9.06072e+01	

Index   frequency       tdb             tph             
--------------------------------------------------------------------------------
1447	4.144766e+01	1.150515e+02	-9.06456e+01	
1448	4.168694e+01	1.150015e+02	-9.06841e+01	
1449	4.192760e+01	1.149514e+02	-9.07226e+01	
1450	4.216965e+01	1.149013e+02	-9.07611e+01	
1451	4.241310e+01	1.148512e+02	-9.07996e+01	
1452	4.265795e+01	1.148011e+02	-9.08381e+01	
1453	4.290422e+01	1.147510e+02	-9.08767e+01	
1454	4.315191e+01	1.147009e+02	-9.09153e+01	
1455	4.340103e+01	1.146508e+02	-9.09540e+01	
1456	4.365158e+01	1.146007e+02	-9.09926e+01	
1457	4.390359e+01	1.145506e+02	-9.10313e+01	
1458	4.415704e+01	1.145005e+02	-9.10701e+01	
1459	4.441197e+01	1.144504e+02	-9.11088e+01	
1460	4.466836e+01	1.144002e+02	-9.11476e+01	
1461	4.492623e+01	1.143501e+02	-9.11865e+01	
1462	4.518559e+01	1.143000e+02	-9.12254e+01	
1463	4.544645e+01	1.142498e+02	-9.12643e+01	
1464	4.570882e+01	1.141997e+02	-9.13032e+01	
1465	4.597270e+01	1.141496e+02	-9.13422e+01	
1466	4.623810e+01	1.140994e+02	-9.13813e+01	
1467	4.650504e+01	1.140492e+02	-9.14204e+01	
1468	4.677351e+01	1.139991e+02	-9.14595e+01	
1469	4.704354e+01	1.139489e+02	-9.14987e+01	
1470	4.731513e+01	1.138988e+02	-9.15379e+01	
1471	4.758828e+01	1.138486e+02	-9.15772e+01	
1472	4.786301e+01	1.137984e+02	-9.16165e+01	
1473	4.813933e+01	1.137482e+02	-9.16559e+01	
1474	4.841724e+01	1.136980e+02	-9.16953e+01	
1475	4.869675e+01	1.136479e+02	-9.17348e+01	
1476	4.897788e+01	1.135977e+02	-9.17743e+01	
1477	4.926063e+01	1.135475e+02	-9.18139e+01	
1478	4.954502e+01	1.134973e+02	-9.18536e+01	
1479	4.983105e+01	1.134470e+02	-9.18933e+01	
1480	5.011872e+01	1.133968e+02	-9.19331e+01	
1481	5.040806e+01	1.133466e+02	-9.19729e+01	
1482	5.069907e+01	1.132964e+02	-9.20128e+01	
1483	5.099176e+01	1.132462e+02	-9.20528e+01	
1484	5.128614e+01	1.131959e+02	-9.20928e+01	
1485	5.158222e+01	1.131457e+02	-9.21329e+01	
1486	5.188000e+01	1.130955e+02	-9.21731e+01	
1487	5.217951e+01	1.130452e+02	-9.22133e+01	
1488	5.248075e+01	1.129950e+02	-9.22537e+01	
1489	5.278372e+01	1.129447e+02	-9.22940e+01	
1490	5.308844e+01	1.128944e+02	-9.23345e+01	
1491	5.339493e+01	1.128442e+02	-9.23750e+01	
1492	5.370318e+01	1.127939e+02	-9.24156e+01	
1493	5.401321e+01	1.127436e+02	-9.24563e+01	
1494	5.432503e+01	1.126934e+02	-9.24971e+01	
1495	5.463865e+01	1.126431e+02	-9.25379e+01	
1496	5.495409e+01	1.125928e+02	-9.25788e+01	
1497	5.527134e+01	1.125425e+02	-9.26198e+01	
1498	5.559043e+01	1.124922e+02	-9.26609e+01	
1499	5.591135e+01	1.124419e+02	-9.27021e+01	
1500	5.623413e+01	1.123916e+02	-9.27434e+01	
1501	5.655878e+01	1.123412e+02	-9.27847e+01	
1502	5.688529e+01	1.122909e+02	-9.28262e+01	
1503	5.721370e+01	1.122406e+02	-9.28677e+01	
1504	5.754399e+01	1.121903e+02	-9.29093e+01	

Index   frequency       tdb             tph             
--------------------------------------------------------------------------------
1505	5.787620e+01	1.121399e+02	-9.29510e+01	
1506	5.821032e+01	1.120896e+02	-9.29928e+01	
1507	5.854637e+01	1.120392e+02	-9.30347e+01	
1508	5.888437e+01	1.119889e+02	-9.30767e+01	
1509	5.922431e+01	1.119385e+02	-9.31188e+01	
1510	5.956621e+01	1.118881e+02	-9.31610e+01	
1511	5.991009e+01	1.118378e+02	-9.32033e+01	
1512	6.025596e+01	1.117874e+02	-9.32457e+01	
1513	6.060382e+01	1.117370e+02	-9.32882e+01	
1514	6.095369e+01	1.116866e+02	-9.33308e+01	
1515	6.130558e+01	1.116362e+02	-9.33736e+01	
1516	6.165950e+01	1.115858e+02	-9.34164e+01	
1517	6.201546e+01	1.115354e+02	-9.34593e+01	
1518	6.237348e+01	1.114850e+02	-9.35023e+01	
1519	6.273357e+01	1.114346e+02	-9.35455e+01	
1520	6.309573e+01	1.113841e+02	-9.35888e+01	
1521	6.345999e+01	1.113337e+02	-9.36321e+01	
1522	6.382635e+01	1.112833e+02	-9.36756e+01	
1523	6.419482e+01	1.112328e+02	-9.37193e+01	
1524	6.456542e+01	1.111824e+02	-9.37630e+01	
1525	6.493816e+01	1.111319e+02	-9.38068e+01	
1526	6.531306e+01	1.110815e+02	-9.38508e+01	
1527	6.569011e+01	1.110310e+02	-9.38949e+01	
1528	6.606934e+01	1.109805e+02	-9.39391e+01	
1529	6.645077e+01	1.109300e+02	-9.39835e+01	
1530	6.683439e+01	1.108795e+02	-9.40279e+01	
1531	6.722023e+01	1.108290e+02	-9.40725e+01	
1532	6.760830e+01	1.107785e+02	-9.41173e+01	
1533	6.799860e+01	1.107280e+02	-9.41621e+01	
1534	6.839116e+01	1.106775e+02	-9.42071e+01	
1535	6.878599e+01	1.106270e+02	-9.42522e+01	
1536	6.918310e+01	1.105764e+02	-9.42975e+01	
1537	6.958250e+01	1.105259e+02	-9.43429e+01	
1538	6.998420e+01	1.104753e+02	-9.43884e+01	
1539	7.038822e+01	1.104248e+02	-9.44341e+01	
1540	7.079458e+01	1.103742e+02	-9.44799e+01	
1541	7.120328e+01	1.103236e+02	-9.45258e+01	
1542	7.161434e+01	1.102731e+02	-9.45719e+01	
1543	7.202778e+01	1.102225e+02	-9.46182e+01	
1544	7.244360e+01	1.101719e+02	-9.46646e+01	
1545	7.286182e+01	1.101213e+02	-9.47111e+01	
1546	7.328245e+01	1.100707e+02	-9.47578e+01	
1547	7.370552e+01	1.100201e+02	-9.48046e+01	
1548	7.413102e+01	1.099694e+02	-9.48516e+01	
1549	7.455899e+01	1.099188e+02	-9.48987e+01	
1550	7.498942e+01	1.098681e+02	-9.49460e+01	
1551	7.542234e+01	1.098175e+02	-9.49935e+01	
1552	7.585776e+01	1.097668e+02	-9.50411e+01	
1553	7.629569e+01	1.097162e+02	-9.50888e+01	
1554	7.673615e+01	1.096655e+02	-9.51367e+01	
1555	7.717915e+01	1.096148e+02	-9.51848e+01	
1556	7.762471e+01	1.095641e+02	-9.52331e+01	
1557	7.807284e+01	1.095134e+02	-9.52815e+01	
1558	7.852356e+01	1.094627e+02	-9.53301e+01	
1559	7.897688e+01	1.094120e+02	-9.53788e+01	
1560	7.943282e+01	1.093612e+02	-9.54277e+01	
1561	7.989139e+01	1.093105e+02	-9.54768e+01	
1562	8.035261e+01	1.092598e+02	-9.55261e+01	

Index   frequency       tdb             tph             
--------------------------------------------------------------------------------
1563	8.081649e+01	1.092090e+02	-9.55755e+01	
1564	8.128305e+01	1.091582e+02	-9.56251e+01	
1565	8.175230e+01	1.091075e+02	-9.56749e+01	
1566	8.222426e+01	1.090567e+02	-9.57248e+01	
1567	8.269895e+01	1.090059e+02	-9.57750e+01	
1568	8.317638e+01	1.089551e+02	-9.58253e+01	
1569	8.365656e+01	1.089043e+02	-9.58758e+01	
1570	8.413951e+01	1.088534e+02	-9.59265e+01	
1571	8.462526e+01	1.088026e+02	-9.59773e+01	
1572	8.511380e+01	1.087517e+02	-9.60284e+01	
1573	8.560517e+01	1.087009e+02	-9.60796e+01	
1574	8.609938e+01	1.086500e+02	-9.61311e+01	
1575	8.659643e+01	1.085991e+02	-9.61827e+01	
1576	8.709636e+01	1.085483e+02	-9.62345e+01	
1577	8.759917e+01	1.084974e+02	-9.62865e+01	
1578	8.810489e+01	1.084464e+02	-9.63387e+01	
1579	8.861352e+01	1.083955e+02	-9.63911e+01	
1580	8.912509e+01	1.083446e+02	-9.64437e+01	
1581	8.963962e+01	1.082936e+02	-9.64965e+01	
1582	9.015711e+01	1.082427e+02	-9.65495e+01	
1583	9.067760e+01	1.081917e+02	-9.66027e+01	
1584	9.120108e+01	1.081407e+02	-9.66561e+01	
1585	9.172759e+01	1.080898e+02	-9.67097e+01	
1586	9.225714e+01	1.080388e+02	-9.67636e+01	
1587	9.278975e+01	1.079877e+02	-9.68176e+01	
1588	9.332543e+01	1.079367e+02	-9.68718e+01	
1589	9.386420e+01	1.078857e+02	-9.69263e+01	
1590	9.440609e+01	1.078346e+02	-9.69810e+01	
1591	9.495110e+01	1.077836e+02	-9.70358e+01	
1592	9.549926e+01	1.077325e+02	-9.70909e+01	
1593	9.605058e+01	1.076814e+02	-9.71463e+01	
1594	9.660509e+01	1.076303e+02	-9.72018e+01	
1595	9.716280e+01	1.075792e+02	-9.72576e+01	
1596	9.772372e+01	1.075281e+02	-9.73135e+01	
1597	9.828789e+01	1.074769e+02	-9.73698e+01	
1598	9.885531e+01	1.074258e+02	-9.74262e+01	
1599	9.942601e+01	1.073746e+02	-9.74828e+01	
1600	1.000000e+02	1.073234e+02	-9.75397e+01	
1601	1.005773e+02	1.072722e+02	-9.75969e+01	
1602	1.011579e+02	1.072210e+02	-9.76542e+01	
1603	1.017419e+02	1.071698e+02	-9.77118e+01	
1604	1.023293e+02	1.071185e+02	-9.77696e+01	
1605	1.029201e+02	1.070673e+02	-9.78277e+01	
1606	1.035142e+02	1.070160e+02	-9.78860e+01	
1607	1.041118e+02	1.069647e+02	-9.79445e+01	
1608	1.047129e+02	1.069134e+02	-9.80033e+01	
1609	1.053174e+02	1.068621e+02	-9.80623e+01	
1610	1.059254e+02	1.068108e+02	-9.81216e+01	
1611	1.065369e+02	1.067595e+02	-9.81811e+01	
1612	1.071519e+02	1.067081e+02	-9.82409e+01	
1613	1.077705e+02	1.066567e+02	-9.83009e+01	
1614	1.083927e+02	1.066053e+02	-9.83612e+01	
1615	1.090184e+02	1.065539e+02	-9.84217e+01	
1616	1.096478e+02	1.065025e+02	-9.84825e+01	
1617	1.102808e+02	1.064511e+02	-9.85435e+01	
1618	1.109175e+02	1.063996e+02	-9.86048e+01	
1619	1.115578e+02	1.063481e+02	-9.86664e+01	
1620	1.122018e+02	1.062966e+02	-9.87282e+01	

Index   frequency       tdb             tph             
--------------------------------------------------------------------------------
1621	1.128496e+02	1.062451e+02	-9.87902e+01	
1622	1.135011e+02	1.061936e+02	-9.88526e+01	
1623	1.141563e+02	1.061421e+02	-9.89152e+01	
1624	1.148154e+02	1.060905e+02	-9.89780e+01	
1625	1.154782e+02	1.060389e+02	-9.90412e+01	
1626	1.161449e+02	1.059873e+02	-9.91046e+01	
1627	1.168154e+02	1.059357e+02	-9.91683e+01	
1628	1.174898e+02	1.058841e+02	-9.92322e+01	
1629	1.181680e+02	1.058324e+02	-9.92965e+01	
1630	1.188502e+02	1.057808e+02	-9.93610e+01	
1631	1.195364e+02	1.057291e+02	-9.94258e+01	
1632	1.202264e+02	1.056774e+02	-9.94908e+01	
1633	1.209205e+02	1.056256e+02	-9.95562e+01	
1634	1.216186e+02	1.055739e+02	-9.96218e+01	
1635	1.223207e+02	1.055221e+02	-9.96878e+01	
1636	1.230269e+02	1.054703e+02	-9.97540e+01	
1637	1.237371e+02	1.054185e+02	-9.98205e+01	
1638	1.244515e+02	1.053667e+02	-9.98872e+01	
1639	1.251699e+02	1.053148e+02	-9.99543e+01	
1640	1.258925e+02	1.052630e+02	-1.00022e+02	
1641	1.266193e+02	1.052111e+02	-1.00089e+02	
1642	1.273503e+02	1.051592e+02	-1.00157e+02	
1643	1.280855e+02	1.051072e+02	-1.00226e+02	
1644	1.288250e+02	1.050553e+02	-1.00294e+02	
1645	1.295687e+02	1.050033e+02	-1.00363e+02	
1646	1.303167e+02	1.049513e+02	-1.00432e+02	
1647	1.310690e+02	1.048993e+02	-1.00502e+02	
1648	1.318257e+02	1.048472e+02	-1.00571e+02	
1649	1.325867e+02	1.047952e+02	-1.00642e+02	
1650	1.333521e+02	1.047431e+02	-1.00712e+02	
1651	1.341220e+02	1.046910e+02	-1.00783e+02	
1652	1.348963e+02	1.046388e+02	-1.00854e+02	
1653	1.356751e+02	1.045867e+02	-1.00925e+02	
1654	1.364583e+02	1.045345e+02	-1.00997e+02	
1655	1.372461e+02	1.044823e+02	-1.01069e+02	
1656	1.380384e+02	1.044300e+02	-1.01141e+02	
1657	1.388353e+02	1.043778e+02	-1.01214e+02	
1658	1.396368e+02	1.043255e+02	-1.01286e+02	
1659	1.404430e+02	1.042732e+02	-1.01360e+02	
1660	1.412538e+02	1.042208e+02	-1.01433e+02	
1661	1.420692e+02	1.041685e+02	-1.01507e+02	
1662	1.428894e+02	1.041161e+02	-1.01581e+02	
1663	1.437143e+02	1.040636e+02	-1.01656e+02	
1664	1.445440e+02	1.040112e+02	-1.01731e+02	
1665	1.453784e+02	1.039587e+02	-1.01806e+02	
1666	1.462177e+02	1.039062e+02	-1.01882e+02	
1667	1.470618e+02	1.038537e+02	-1.01958e+02	
1668	1.479108e+02	1.038012e+02	-1.02034e+02	
1669	1.487647e+02	1.037486e+02	-1.02110e+02	
1670	1.496236e+02	1.036960e+02	-1.02187e+02	
1671	1.504874e+02	1.036433e+02	-1.02265e+02	
1672	1.513561e+02	1.035906e+02	-1.02342e+02	
1673	1.522299e+02	1.035379e+02	-1.02420e+02	
1674	1.531087e+02	1.034852e+02	-1.02499e+02	
1675	1.539927e+02	1.034325e+02	-1.02577e+02	
1676	1.548817e+02	1.033797e+02	-1.02656e+02	
1677	1.557758e+02	1.033269e+02	-1.02736e+02	
1678	1.566751e+02	1.032740e+02	-1.02815e+02	

Index   frequency       tdb             tph             
--------------------------------------------------------------------------------
1679	1.575796e+02	1.032211e+02	-1.02895e+02	
1680	1.584893e+02	1.031682e+02	-1.02976e+02	
1681	1.594043e+02	1.031153e+02	-1.03057e+02	
1682	1.603245e+02	1.030623e+02	-1.03138e+02	
1683	1.612501e+02	1.030093e+02	-1.03219e+02	
1684	1.621810e+02	1.029562e+02	-1.03301e+02	
1685	1.631173e+02	1.029031e+02	-1.03383e+02	
1686	1.640590e+02	1.028500e+02	-1.03466e+02	
1687	1.650061e+02	1.027969e+02	-1.03549e+02	
1688	1.659587e+02	1.027437e+02	-1.03632e+02	
1689	1.669168e+02	1.026905e+02	-1.03716e+02	
1690	1.678804e+02	1.026373e+02	-1.03800e+02	
1691	1.688496e+02	1.025840e+02	-1.03885e+02	
1692	1.698244e+02	1.025307e+02	-1.03970e+02	
1693	1.708048e+02	1.024773e+02	-1.04055e+02	
1694	1.717908e+02	1.024239e+02	-1.04140e+02	
1695	1.727826e+02	1.023705e+02	-1.04226e+02	
1696	1.737801e+02	1.023170e+02	-1.04313e+02	
1697	1.747833e+02	1.022635e+02	-1.04399e+02	
1698	1.757924e+02	1.022100e+02	-1.04487e+02	
1699	1.768072e+02	1.021564e+02	-1.04574e+02	
1700	1.778279e+02	1.021028e+02	-1.04662e+02	
1701	1.788546e+02	1.020491e+02	-1.04750e+02	
1702	1.798871e+02	1.019954e+02	-1.04839e+02	
1703	1.809256e+02	1.019417e+02	-1.04928e+02	
1704	1.819701e+02	1.018879e+02	-1.05018e+02	
1705	1.830206e+02	1.018341e+02	-1.05107e+02	
1706	1.840772e+02	1.017802e+02	-1.05198e+02	
1707	1.851399e+02	1.017263e+02	-1.05288e+02	
1708	1.862087e+02	1.016724e+02	-1.05379e+02	
1709	1.872837e+02	1.016184e+02	-1.05471e+02	
1710	1.883649e+02	1.015644e+02	-1.05563e+02	
1711	1.894524e+02	1.015103e+02	-1.05655e+02	
1712	1.905461e+02	1.014562e+02	-1.05748e+02	
1713	1.916461e+02	1.014020e+02	-1.05841e+02	
1714	1.927525e+02	1.013478e+02	-1.05934e+02	
1715	1.938653e+02	1.012936e+02	-1.06028e+02	
1716	1.949845e+02	1.012393e+02	-1.06122e+02	
1717	1.961101e+02	1.011850e+02	-1.06217e+02	
1718	1.972423e+02	1.011306e+02	-1.06312e+02	
1719	1.983810e+02	1.010762e+02	-1.06407e+02	
1720	1.995262e+02	1.010217e+02	-1.06503e+02	
1721	2.006781e+02	1.009672e+02	-1.06600e+02	
1722	2.018366e+02	1.009126e+02	-1.06696e+02	
1723	2.030019e+02	1.008580e+02	-1.06794e+02	
1724	2.041738e+02	1.008033e+02	-1.06891e+02	
1725	2.053525e+02	1.007486e+02	-1.06989e+02	
1726	2.065380e+02	1.006938e+02	-1.07088e+02	
1727	2.077304e+02	1.006390e+02	-1.07186e+02	
1728	2.089296e+02	1.005842e+02	-1.07286e+02	
1729	2.101358e+02	1.005292e+02	-1.07385e+02	
1730	2.113489e+02	1.004743e+02	-1.07485e+02	
1731	2.125690e+02	1.004193e+02	-1.07586e+02	
1732	2.137962e+02	1.003642e+02	-1.07687e+02	
1733	2.150305e+02	1.003091e+02	-1.07788e+02	
1734	2.162719e+02	1.002539e+02	-1.07890e+02	
1735	2.175204e+02	1.001987e+02	-1.07992e+02	
1736	2.187762e+02	1.001434e+02	-1.08095e+02	

Index   frequency       tdb             tph             
--------------------------------------------------------------------------------
1737	2.200392e+02	1.000880e+02	-1.08198e+02	
1738	2.213095e+02	1.000326e+02	-1.08302e+02	
1739	2.225871e+02	9.997719e+01	-1.08406e+02	
1740	2.238721e+02	9.992168e+01	-1.08510e+02	
1741	2.251645e+02	9.986612e+01	-1.08615e+02	
1742	2.264644e+02	9.981050e+01	-1.08720e+02	
1743	2.277718e+02	9.975482e+01	-1.08826e+02	
1744	2.290868e+02	9.969908e+01	-1.08932e+02	
1745	2.304093e+02	9.964328e+01	-1.09038e+02	
1746	2.317395e+02	9.958743e+01	-1.09145e+02	
1747	2.330773e+02	9.953151e+01	-1.09253e+02	
1748	2.344229e+02	9.947554e+01	-1.09361e+02	
1749	2.357762e+02	9.941950e+01	-1.09469e+02	
1750	2.371374e+02	9.936340e+01	-1.09578e+02	
1751	2.385064e+02	9.930724e+01	-1.09687e+02	
1752	2.398833e+02	9.925102e+01	-1.09797e+02	
1753	2.412682e+02	9.919473e+01	-1.09907e+02	
1754	2.426610e+02	9.913838e+01	-1.10017e+02	
1755	2.440619e+02	9.908197e+01	-1.10128e+02	
1756	2.454709e+02	9.902549e+01	-1.10239e+02	
1757	2.468880e+02	9.896895e+01	-1.10351e+02	
1758	2.483133e+02	9.891234e+01	-1.10464e+02	
1759	2.497468e+02	9.885566e+01	-1.10576e+02	
1760	2.511886e+02	9.879892e+01	-1.10689e+02	
1761	2.526388e+02	9.874211e+01	-1.10803e+02	
1762	2.540973e+02	9.868523e+01	-1.10917e+02	
1763	2.555642e+02	9.862829e+01	-1.11032e+02	
1764	2.570396e+02	9.857127e+01	-1.11147e+02	
1765	2.585235e+02	9.851418e+01	-1.11262e+02	
1766	2.600160e+02	9.845703e+01	-1.11378e+02	
1767	2.615170e+02	9.839980e+01	-1.11494e+02	
1768	2.630268e+02	9.834250e+01	-1.11611e+02	
1769	2.645453e+02	9.828513e+01	-1.11728e+02	
1770	2.660725e+02	9.822769e+01	-1.11845e+02	
1771	2.676086e+02	9.817017e+01	-1.11963e+02	
1772	2.691535e+02	9.811258e+01	-1.12082e+02	
1773	2.707073e+02	9.805491e+01	-1.12201e+02	
1774	2.722701e+02	9.799717e+01	-1.12320e+02	
1775	2.738420e+02	9.793936e+01	-1.12440e+02	
1776	2.754229e+02	9.788146e+01	-1.12560e+02	
1777	2.770129e+02	9.782350e+01	-1.12681e+02	
1778	2.786121e+02	9.776545e+01	-1.12802e+02	
1779	2.802206e+02	9.770732e+01	-1.12924e+02	
1780	2.818383e+02	9.764912e+01	-1.13046e+02	
1781	2.834654e+02	9.759084e+01	-1.13168e+02	
1782	2.851018e+02	9.753248e+01	-1.13291e+02	
1783	2.867477e+02	9.747403e+01	-1.13415e+02	
1784	2.884032e+02	9.741551e+01	-1.13538e+02	
1785	2.900681e+02	9.735690e+01	-1.13663e+02	
1786	2.917427e+02	9.729821e+01	-1.13787e+02	
1787	2.934270e+02	9.723944e+01	-1.13912e+02	
1788	2.951209e+02	9.718059e+01	-1.14038e+02	
1789	2.968247e+02	9.712165e+01	-1.14164e+02	
1790	2.985383e+02	9.706262e+01	-1.14290e+02	
1791	3.002617e+02	9.700352e+01	-1.14417e+02	
1792	3.019952e+02	9.694432e+01	-1.14544e+02	
1793	3.037386e+02	9.688504e+01	-1.14672e+02	
1794	3.054921e+02	9.682567e+01	-1.14800e+02	

Index   frequency       tdb             tph             
--------------------------------------------------------------------------------
1795	3.072557e+02	9.676621e+01	-1.14929e+02	
1796	3.090295e+02	9.670666e+01	-1.15058e+02	
1797	3.108136e+02	9.664703e+01	-1.15187e+02	
1798	3.126079e+02	9.658730e+01	-1.15317e+02	
1799	3.144126e+02	9.652749e+01	-1.15448e+02	
1800	3.162278e+02	9.646758e+01	-1.15578e+02	
1801	3.180534e+02	9.640758e+01	-1.15709e+02	
1802	3.198895e+02	9.634749e+01	-1.15841e+02	
1803	3.217363e+02	9.628730e+01	-1.15973e+02	
1804	3.235937e+02	9.622702e+01	-1.16105e+02	
1805	3.254618e+02	9.616665e+01	-1.16238e+02	
1806	3.273407e+02	9.610618e+01	-1.16372e+02	
1807	3.292305e+02	9.604562e+01	-1.16505e+02	
1808	3.311311e+02	9.598496e+01	-1.16639e+02	
1809	3.330428e+02	9.592421e+01	-1.16774e+02	
1810	3.349654e+02	9.586335e+01	-1.16909e+02	
1811	3.368992e+02	9.580240e+01	-1.17044e+02	
1812	3.388442e+02	9.574135e+01	-1.17180e+02	
1813	3.408003e+02	9.568020e+01	-1.17316e+02	
1814	3.427678e+02	9.561895e+01	-1.17453e+02	
1815	3.447466e+02	9.555760e+01	-1.17590e+02	
1816	3.467369e+02	9.549614e+01	-1.17727e+02	
1817	3.487386e+02	9.543459e+01	-1.17865e+02	
1818	3.507519e+02	9.537293e+01	-1.18003e+02	
1819	3.527768e+02	9.531117e+01	-1.18141e+02	
1820	3.548134e+02	9.524931e+01	-1.18280e+02	
1821	3.568617e+02	9.518734e+01	-1.18420e+02	
1822	3.589219e+02	9.512527e+01	-1.18559e+02	
1823	3.609940e+02	9.506309e+01	-1.18700e+02	
1824	3.630781e+02	9.500080e+01	-1.18840e+02	
1825	3.651741e+02	9.493841e+01	-1.18981e+02	
1826	3.672823e+02	9.487591e+01	-1.19122e+02	
1827	3.694026e+02	9.481330e+01	-1.19264e+02	
1828	3.715352e+02	9.475058e+01	-1.19406e+02	
1829	3.736801e+02	9.468775e+01	-1.19548e+02	
1830	3.758374e+02	9.462482e+01	-1.19691e+02	
1831	3.780071e+02	9.456177e+01	-1.19834e+02	
1832	3.801894e+02	9.449861e+01	-1.19978e+02	
1833	3.823843e+02	9.443534e+01	-1.20122e+02	
1834	3.845918e+02	9.437196e+01	-1.20266e+02	
1835	3.868121e+02	9.430846e+01	-1.20410e+02	
1836	3.890451e+02	9.424485e+01	-1.20555e+02	
1837	3.912911e+02	9.418112e+01	-1.20701e+02	
1838	3.935501e+02	9.411728e+01	-1.20846e+02	
1839	3.958221e+02	9.405333e+01	-1.20992e+02	
1840	3.981072e+02	9.398926e+01	-1.21139e+02	
1841	4.004055e+02	9.392507e+01	-1.21285e+02	
1842	4.027170e+02	9.386076e+01	-1.21432e+02	
1843	4.050419e+02	9.379634e+01	-1.21579e+02	
1844	4.073803e+02	9.373180e+01	-1.21727e+02	
1845	4.097321e+02	9.366714e+01	-1.21875e+02	
1846	4.120975e+02	9.360236e+01	-1.22023e+02	
1847	4.144766e+02	9.353746e+01	-1.22172e+02	
1848	4.168694e+02	9.347244e+01	-1.22321e+02	
1849	4.192760e+02	9.340730e+01	-1.22470e+02	
1850	4.216965e+02	9.334203e+01	-1.22620e+02	
1851	4.241310e+02	9.327665e+01	-1.22770e+02	
1852	4.265795e+02	9.321114e+01	-1.22920e+02	

Index   frequency       tdb             tph             
--------------------------------------------------------------------------------
1853	4.290422e+02	9.314551e+01	-1.23070e+02	
1854	4.315191e+02	9.307975e+01	-1.23221e+02	
1855	4.340103e+02	9.301387e+01	-1.23372e+02	
1856	4.365158e+02	9.294786e+01	-1.23523e+02	
1857	4.390359e+02	9.288173e+01	-1.23675e+02	
1858	4.415704e+02	9.281547e+01	-1.23827e+02	
1859	4.441197e+02	9.274909e+01	-1.23979e+02	
1860	4.466836e+02	9.268258e+01	-1.24131e+02	
1861	4.492623e+02	9.261594e+01	-1.24284e+02	
1862	4.518559e+02	9.254918e+01	-1.24437e+02	
1863	4.544645e+02	9.248228e+01	-1.24590e+02	
1864	4.570882e+02	9.241526e+01	-1.24744e+02	
1865	4.597270e+02	9.234810e+01	-1.24898e+02	
1866	4.623810e+02	9.228082e+01	-1.25052e+02	
1867	4.650504e+02	9.221341e+01	-1.25206e+02	
1868	4.677351e+02	9.214586e+01	-1.25360e+02	
1869	4.704354e+02	9.207819e+01	-1.25515e+02	
1870	4.731513e+02	9.201038e+01	-1.25670e+02	
1871	4.758828e+02	9.194244e+01	-1.25825e+02	
1872	4.786301e+02	9.187437e+01	-1.25980e+02	
1873	4.813933e+02	9.180617e+01	-1.26136e+02	
1874	4.841724e+02	9.173783e+01	-1.26292e+02	
1875	4.869675e+02	9.166935e+01	-1.26448e+02	
1876	4.897788e+02	9.160075e+01	-1.26604e+02	
1877	4.926063e+02	9.153201e+01	-1.26760e+02	
1878	4.954502e+02	9.146313e+01	-1.26917e+02	
1879	4.983105e+02	9.139412e+01	-1.27074e+02	
1880	5.011872e+02	9.132497e+01	-1.27231e+02	
1881	5.040806e+02	9.125569e+01	-1.27388e+02	
1882	5.069907e+02	9.118627e+01	-1.27545e+02	
1883	5.099176e+02	9.111671e+01	-1.27702e+02	
1884	5.128614e+02	9.104702e+01	-1.27860e+02	
1885	5.158222e+02	9.097719e+01	-1.28018e+02	
1886	5.188000e+02	9.090722e+01	-1.28176e+02	
1887	5.217951e+02	9.083711e+01	-1.28334e+02	
1888	5.248075e+02	9.076687e+01	-1.28492e+02	
1889	5.278372e+02	9.069648e+01	-1.28650e+02	
1890	5.308844e+02	9.062596e+01	-1.28809e+02	
1891	5.339493e+02	9.055530e+01	-1.28968e+02	
1892	5.370318e+02	9.048450e+01	-1.29126e+02	
1893	5.401321e+02	9.041355e+01	-1.29285e+02	
1894	5.432503e+02	9.034247e+01	-1.29444e+02	
1895	5.463865e+02	9.027125e+01	-1.29603e+02	
1896	5.495409e+02	9.019989e+01	-1.29762e+02	
1897	5.527134e+02	9.012838e+01	-1.29922e+02	
1898	5.559043e+02	9.005674e+01	-1.30081e+02	
1899	5.591135e+02	8.998495e+01	-1.30240e+02	
1900	5.623413e+02	8.991302e+01	-1.30400e+02	
1901	5.655878e+02	8.984095e+01	-1.30560e+02	
1902	5.688529e+02	8.976874e+01	-1.30719e+02	
1903	5.721370e+02	8.969639e+01	-1.30879e+02	
1904	5.754399e+02	8.962389e+01	-1.31039e+02	
1905	5.787620e+02	8.955125e+01	-1.31199e+02	
1906	5.821032e+02	8.947847e+01	-1.31358e+02	
1907	5.854637e+02	8.940555e+01	-1.31518e+02	
1908	5.888437e+02	8.933248e+01	-1.31678e+02	
1909	5.922431e+02	8.925927e+01	-1.31838e+02	
1910	5.956621e+02	8.918592e+01	-1.31998e+02	

Index   frequency       tdb             tph             
--------------------------------------------------------------------------------
1911	5.991009e+02	8.911243e+01	-1.32158e+02	
1912	6.025596e+02	8.903879e+01	-1.32318e+02	
1913	6.060382e+02	8.896501e+01	-1.32478e+02	
1914	6.095369e+02	8.889108e+01	-1.32639e+02	
1915	6.130558e+02	8.881701e+01	-1.32799e+02	
1916	6.165950e+02	8.874280e+01	-1.32959e+02	
1917	6.201546e+02	8.866844e+01	-1.33119e+02	
1918	6.237348e+02	8.859394e+01	-1.33279e+02	
1919	6.273357e+02	8.851930e+01	-1.33439e+02	
1920	6.309573e+02	8.844451e+01	-1.33599e+02	
1921	6.345999e+02	8.836958e+01	-1.33759e+02	
1922	6.382635e+02	8.829451e+01	-1.33918e+02	
1923	6.419482e+02	8.821929e+01	-1.34078e+02	
1924	6.456542e+02	8.814393e+01	-1.34238e+02	
1925	6.493816e+02	8.806842e+01	-1.34398e+02	
1926	6.531306e+02	8.799277e+01	-1.34557e+02	
1927	6.569011e+02	8.791698e+01	-1.34717e+02	
1928	6.606934e+02	8.784105e+01	-1.34876e+02	
1929	6.645077e+02	8.776497e+01	-1.35036e+02	
1930	6.683439e+02	8.768874e+01	-1.35195e+02	
1931	6.722023e+02	8.761238e+01	-1.35354e+02	
1932	6.760830e+02	8.753587e+01	-1.35513e+02	
1933	6.799860e+02	8.745922e+01	-1.35673e+02	
1934	6.839116e+02	8.738242e+01	-1.35831e+02	
1935	6.878599e+02	8.730548e+01	-1.35990e+02	
1936	6.918310e+02	8.722840e+01	-1.36149e+02	
1937	6.958250e+02	8.715118e+01	-1.36307e+02	
1938	6.998420e+02	8.707381e+01	-1.36466e+02	
1939	7.038822e+02	8.699630e+01	-1.36624e+02	
1940	7.079458e+02	8.691865e+01	-1.36782e+02	
1941	7.120328e+02	8.684086e+01	-1.36940e+02	
1942	7.161434e+02	8.676293e+01	-1.37098e+02	
1943	7.202778e+02	8.668485e+01	-1.37256e+02	
1944	7.244360e+02	8.660664e+01	-1.37413e+02	
1945	7.286182e+02	8.652828e+01	-1.37571e+02	
1946	7.328245e+02	8.644978e+01	-1.37728e+02	
1947	7.370552e+02	8.637114e+01	-1.37885e+02	
1948	7.413102e+02	8.629236e+01	-1.38042e+02	
1949	7.455899e+02	8.621344e+01	-1.38198e+02	
1950	7.498942e+02	8.613438e+01	-1.38355e+02	
1951	7.542234e+02	8.605518e+01	-1.38511e+02	
1952	7.585776e+02	8.597584e+01	-1.38667e+02	
1953	7.629569e+02	8.589637e+01	-1.38823e+02	
1954	7.673615e+02	8.581675e+01	-1.38978e+02	
1955	7.717915e+02	8.573700e+01	-1.39134e+02	
1956	7.762471e+02	8.565710e+01	-1.39289e+02	
1957	7.807284e+02	8.557707e+01	-1.39444e+02	
1958	7.852356e+02	8.549690e+01	-1.39598e+02	
1959	7.897688e+02	8.541660e+01	-1.39753e+02	
1960	7.943282e+02	8.533615e+01	-1.39907e+02	
1961	7.989139e+02	8.525558e+01	-1.40061e+02	
1962	8.035261e+02	8.517486e+01	-1.40214e+02	
1963	8.081649e+02	8.509401e+01	-1.40368e+02	
1964	8.128305e+02	8.501302e+01	-1.40521e+02	
1965	8.175230e+02	8.493190e+01	-1.40673e+02	
1966	8.222426e+02	8.485065e+01	-1.40826e+02	
1967	8.269895e+02	8.476926e+01	-1.40978e+02	
1968	8.317638e+02	8.468773e+01	-1.41130e+02	

Index   frequency       tdb             tph             
--------------------------------------------------------------------------------
1969	8.365656e+02	8.460607e+01	-1.41282e+02	
1970	8.413951e+02	8.452428e+01	-1.41433e+02	
1971	8.462526e+02	8.444236e+01	-1.41584e+02	
1972	8.511380e+02	8.436031e+01	-1.41735e+02	
1973	8.560517e+02	8.427812e+01	-1.41886e+02	
1974	8.609938e+02	8.419580e+01	-1.42036e+02	
1975	8.659643e+02	8.411335e+01	-1.42186e+02	
1976	8.709636e+02	8.403077e+01	-1.42335e+02	
1977	8.759917e+02	8.394806e+01	-1.42484e+02	
1978	8.810489e+02	8.386522e+01	-1.42633e+02	
1979	8.861352e+02	8.378226e+01	-1.42781e+02	
1980	8.912509e+02	8.369916e+01	-1.42930e+02	
1981	8.963962e+02	8.361593e+01	-1.43077e+02	
1982	9.015711e+02	8.353258e+01	-1.43225e+02	
1983	9.067760e+02	8.344910e+01	-1.43372e+02	
1984	9.120108e+02	8.336550e+01	-1.43519e+02	
1985	9.172759e+02	8.328177e+01	-1.43665e+02	
1986	9.225714e+02	8.319791e+01	-1.43811e+02	
1987	9.278975e+02	8.311393e+01	-1.43957e+02	
1988	9.332543e+02	8.302982e+01	-1.44102e+02	
1989	9.386420e+02	8.294559e+01	-1.44247e+02	
1990	9.440609e+02	8.286124e+01	-1.44391e+02	
1991	9.495110e+02	8.277676e+01	-1.44535e+02	
1992	9.549926e+02	8.269216e+01	-1.44679e+02	
1993	9.605058e+02	8.260744e+01	-1.44822e+02	
1994	9.660509e+02	8.252260e+01	-1.44965e+02	
1995	9.716280e+02	8.243764e+01	-1.45107e+02	
1996	9.772372e+02	8.235256e+01	-1.45249e+02	
1997	9.828789e+02	8.226736e+01	-1.45391e+02	
1998	9.885531e+02	8.218204e+01	-1.45532e+02	
1999	9.942601e+02	8.209660e+01	-1.45673e+02	
2000	1.000000e+03	8.201104e+01	-1.45814e+02	
2001	1.005773e+03	8.192537e+01	-1.45954e+02	
2002	1.011579e+03	8.183958e+01	-1.46093e+02	
2003	1.017419e+03	8.175367e+01	-1.46232e+02	
2004	1.023293e+03	8.166765e+01	-1.46371e+02	
2005	1.029201e+03	8.158151e+01	-1.46509e+02	
2006	1.035142e+03	8.149526e+01	-1.46647e+02	
2007	1.041118e+03	8.140890e+01	-1.46784e+02	
2008	1.047129e+03	8.132242e+01	-1.46921e+02	
2009	1.053174e+03	8.123583e+01	-1.47058e+02	
2010	1.059254e+03	8.114913e+01	-1.47194e+02	
2011	1.065369e+03	8.106232e+01	-1.47329e+02	
2012	1.071519e+03	8.097539e+01	-1.47464e+02	
2013	1.077705e+03	8.088836e+01	-1.47599e+02	
2014	1.083927e+03	8.080122e+01	-1.47733e+02	
2015	1.090184e+03	8.071396e+01	-1.47867e+02	
2016	1.096478e+03	8.062661e+01	-1.48000e+02	
2017	1.102808e+03	8.053914e+01	-1.48133e+02	
2018	1.109175e+03	8.045156e+01	-1.48265e+02	
2019	1.115578e+03	8.036389e+01	-1.48397e+02	
2020	1.122018e+03	8.027610e+01	-1.48528e+02	
2021	1.128496e+03	8.018821e+01	-1.48659e+02	
2022	1.135011e+03	8.010021e+01	-1.48789e+02	
2023	1.141563e+03	8.001212e+01	-1.48919e+02	
2024	1.148154e+03	7.992392e+01	-1.49048e+02	
2025	1.154782e+03	7.983561e+01	-1.49177e+02	
2026	1.161449e+03	7.974721e+01	-1.49305e+02	

Index   frequency       tdb             tph             
--------------------------------------------------------------------------------
2027	1.168154e+03	7.965870e+01	-1.49433e+02	
2028	1.174898e+03	7.957009e+01	-1.49560e+02	
2029	1.181680e+03	7.948139e+01	-1.49687e+02	
2030	1.188502e+03	7.939258e+01	-1.49814e+02	
2031	1.195364e+03	7.930368e+01	-1.49939e+02	
2032	1.202264e+03	7.921468e+01	-1.50065e+02	
2033	1.209205e+03	7.912558e+01	-1.50189e+02	
2034	1.216186e+03	7.903638e+01	-1.50314e+02	
2035	1.223207e+03	7.894709e+01	-1.50437e+02	
2036	1.230269e+03	7.885770e+01	-1.50561e+02	
2037	1.237371e+03	7.876822e+01	-1.50683e+02	
2038	1.244515e+03	7.867864e+01	-1.50806e+02	
2039	1.251699e+03	7.858897e+01	-1.50927e+02	
2040	1.258925e+03	7.849921e+01	-1.51048e+02	
2041	1.266193e+03	7.840936e+01	-1.51169e+02	
2042	1.273503e+03	7.831941e+01	-1.51289e+02	
2043	1.280855e+03	7.822938e+01	-1.51409e+02	
2044	1.288250e+03	7.813925e+01	-1.51528e+02	
2045	1.295687e+03	7.804904e+01	-1.51646e+02	
2046	1.303167e+03	7.795873e+01	-1.51764e+02	
2047	1.310690e+03	7.786834e+01	-1.51881e+02	
2048	1.318257e+03	7.777786e+01	-1.51998e+02	
2049	1.325867e+03	7.768729e+01	-1.52115e+02	
2050	1.333521e+03	7.759664e+01	-1.52230e+02	
2051	1.341220e+03	7.750590e+01	-1.52346e+02	
2052	1.348963e+03	7.741508e+01	-1.52460e+02	
2053	1.356751e+03	7.732417e+01	-1.52575e+02	
2054	1.364583e+03	7.723318e+01	-1.52688e+02	
2055	1.372461e+03	7.714211e+01	-1.52801e+02	
2056	1.380384e+03	7.705095e+01	-1.52914e+02	
2057	1.388353e+03	7.695971e+01	-1.53026e+02	
2058	1.396368e+03	7.686839e+01	-1.53137e+02	
2059	1.404430e+03	7.677699e+01	-1.53248e+02	
2060	1.412538e+03	7.668551e+01	-1.53358e+02	
2061	1.420692e+03	7.659395e+01	-1.53468e+02	
2062	1.428894e+03	7.650231e+01	-1.53577e+02	
2063	1.437143e+03	7.641060e+01	-1.53686e+02	
2064	1.445440e+03	7.631880e+01	-1.53794e+02	
2065	1.453784e+03	7.622693e+01	-1.53902e+02	
2066	1.462177e+03	7.613499e+01	-1.54009e+02	
2067	1.470618e+03	7.604297e+01	-1.54115e+02	
2068	1.479108e+03	7.595087e+01	-1.54221e+02	
2069	1.487647e+03	7.585870e+01	-1.54326e+02	
2070	1.496236e+03	7.576645e+01	-1.54431e+02	
2071	1.504874e+03	7.567414e+01	-1.54535e+02	
2072	1.513561e+03	7.558175e+01	-1.54639e+02	
2073	1.522299e+03	7.548928e+01	-1.54742e+02	
2074	1.531087e+03	7.539675e+01	-1.54845e+02	
2075	1.539927e+03	7.530415e+01	-1.54947e+02	
2076	1.548817e+03	7.521147e+01	-1.55048e+02	
2077	1.557758e+03	7.511873e+01	-1.55149e+02	
2078	1.566751e+03	7.502592e+01	-1.55249e+02	
2079	1.575796e+03	7.493304e+01	-1.55349e+02	
2080	1.584893e+03	7.484009e+01	-1.55448e+02	
2081	1.594043e+03	7.474707e+01	-1.55546e+02	
2082	1.603245e+03	7.465399e+01	-1.55644e+02	
2083	1.612501e+03	7.456084e+01	-1.55742e+02	
2084	1.621810e+03	7.446763e+01	-1.55839e+02	

Index   frequency       tdb             tph             
--------------------------------------------------------------------------------
2085	1.631173e+03	7.437435e+01	-1.55935e+02	
2086	1.640590e+03	7.428101e+01	-1.56031e+02	
2087	1.650061e+03	7.418761e+01	-1.56126e+02	
2088	1.659587e+03	7.409414e+01	-1.56221e+02	
2089	1.669168e+03	7.400061e+01	-1.56315e+02	
2090	1.678804e+03	7.390701e+01	-1.56408e+02	
2091	1.688496e+03	7.381336e+01	-1.56501e+02	
2092	1.698244e+03	7.371965e+01	-1.56593e+02	
2093	1.708048e+03	7.362587e+01	-1.56685e+02	
2094	1.717908e+03	7.353204e+01	-1.56776e+02	
2095	1.727826e+03	7.343814e+01	-1.56867e+02	
2096	1.737801e+03	7.334419e+01	-1.56957e+02	
2097	1.747833e+03	7.325018e+01	-1.57047e+02	
2098	1.757924e+03	7.315611e+01	-1.57136e+02	
2099	1.768072e+03	7.306199e+01	-1.57224e+02	
2100	1.778279e+03	7.296780e+01	-1.57312e+02	
2101	1.788546e+03	7.287357e+01	-1.57399e+02	
2102	1.798871e+03	7.277927e+01	-1.57486e+02	
2103	1.809256e+03	7.268493e+01	-1.57572e+02	
2104	1.819701e+03	7.259053e+01	-1.57657e+02	
2105	1.830206e+03	7.249607e+01	-1.57742e+02	
2106	1.840772e+03	7.240156e+01	-1.57827e+02	
2107	1.851399e+03	7.230700e+01	-1.57911e+02	
2108	1.862087e+03	7.221239e+01	-1.57994e+02	
2109	1.872837e+03	7.211772e+01	-1.58077e+02	
2110	1.883649e+03	7.202300e+01	-1.58159e+02	
2111	1.894524e+03	7.192824e+01	-1.58241e+02	
2112	1.905461e+03	7.183342e+01	-1.58322e+02	
2113	1.916461e+03	7.173855e+01	-1.58402e+02	
2114	1.927525e+03	7.164364e+01	-1.58482e+02	
2115	1.938653e+03	7.154867e+01	-1.58561e+02	
2116	1.949845e+03	7.145366e+01	-1.58640e+02	
2117	1.961101e+03	7.135860e+01	-1.58718e+02	
2118	1.972423e+03	7.126349e+01	-1.58796e+02	
2119	1.983810e+03	7.116834e+01	-1.58873e+02	
2120	1.995262e+03	7.107314e+01	-1.58950e+02	
2121	2.006781e+03	7.097789e+01	-1.59026e+02	
2122	2.018366e+03	7.088260e+01	-1.59101e+02	
2123	2.030019e+03	7.078726e+01	-1.59176e+02	
2124	2.041738e+03	7.069188e+01	-1.59250e+02	
2125	2.053525e+03	7.059645e+01	-1.59324e+02	
2126	2.065380e+03	7.050099e+01	-1.59397e+02	
2127	2.077304e+03	7.040547e+01	-1.59470e+02	
2128	2.089296e+03	7.030992e+01	-1.59542e+02	
2129	2.101358e+03	7.021432e+01	-1.59613e+02	
2130	2.113489e+03	7.011869e+01	-1.59684e+02	
2131	2.125690e+03	7.002301e+01	-1.59755e+02	
2132	2.137962e+03	6.992729e+01	-1.59825e+02	
2133	2.150305e+03	6.983153e+01	-1.59894e+02	
2134	2.162719e+03	6.973573e+01	-1.59963e+02	
2135	2.175204e+03	6.963989e+01	-1.60031e+02	
2136	2.187762e+03	6.954401e+01	-1.60099e+02	
2137	2.200392e+03	6.944810e+01	-1.60166e+02	
2138	2.213095e+03	6.935214e+01	-1.60232e+02	
2139	2.225871e+03	6.925615e+01	-1.60298e+02	
2140	2.238721e+03	6.916012e+01	-1.60364e+02	
2141	2.251645e+03	6.906406e+01	-1.60429e+02	
2142	2.264644e+03	6.896795e+01	-1.60493e+02	

Index   frequency       tdb             tph             
--------------------------------------------------------------------------------
2143	2.277718e+03	6.887181e+01	-1.60557e+02	
2144	2.290868e+03	6.877564e+01	-1.60620e+02	
2145	2.304093e+03	6.867943e+01	-1.60683e+02	
2146	2.317395e+03	6.858319e+01	-1.60745e+02	
2147	2.330773e+03	6.848691e+01	-1.60807e+02	
2148	2.344229e+03	6.839060e+01	-1.60868e+02	
2149	2.357762e+03	6.829425e+01	-1.60928e+02	
2150	2.371374e+03	6.819787e+01	-1.60988e+02	
2151	2.385064e+03	6.810146e+01	-1.61048e+02	
2152	2.398833e+03	6.800502e+01	-1.61107e+02	
2153	2.412682e+03	6.790854e+01	-1.61165e+02	
2154	2.426610e+03	6.781203e+01	-1.61223e+02	
2155	2.440619e+03	6.771549e+01	-1.61280e+02	
2156	2.454709e+03	6.761892e+01	-1.61337e+02	
2157	2.468880e+03	6.752232e+01	-1.61393e+02	
2158	2.483133e+03	6.742569e+01	-1.61449e+02	
2159	2.497468e+03	6.732903e+01	-1.61504e+02	
2160	2.511886e+03	6.723234e+01	-1.61558e+02	
2161	2.526388e+03	6.713562e+01	-1.61612e+02	
2162	2.540973e+03	6.703888e+01	-1.61666e+02	
2163	2.555642e+03	6.694210e+01	-1.61719e+02	
2164	2.570396e+03	6.684530e+01	-1.61771e+02	
2165	2.585235e+03	6.674847e+01	-1.61823e+02	
2166	2.600160e+03	6.665161e+01	-1.61875e+02	
2167	2.615170e+03	6.655473e+01	-1.61926e+02	
2168	2.630268e+03	6.645782e+01	-1.61976e+02	
2169	2.645453e+03	6.636088e+01	-1.62026e+02	
2170	2.660725e+03	6.626392e+01	-1.62075e+02	
2171	2.676086e+03	6.616693e+01	-1.62124e+02	
2172	2.691535e+03	6.606991e+01	-1.62172e+02	
2173	2.707073e+03	6.597288e+01	-1.62219e+02	
2174	2.722701e+03	6.587581e+01	-1.62267e+02	
2175	2.738420e+03	6.577873e+01	-1.62313e+02	
2176	2.754229e+03	6.568162e+01	-1.62359e+02	
2177	2.770129e+03	6.558448e+01	-1.62405e+02	
2178	2.786121e+03	6.548733e+01	-1.62450e+02	
2179	2.802206e+03	6.539015e+01	-1.62494e+02	
2180	2.818383e+03	6.529295e+01	-1.62538e+02	
2181	2.834654e+03	6.519572e+01	-1.62582e+02	
2182	2.851018e+03	6.509848e+01	-1.62625e+02	
2183	2.867477e+03	6.500121e+01	-1.62667e+02	
2184	2.884032e+03	6.490392e+01	-1.62709e+02	
2185	2.900681e+03	6.480662e+01	-1.62751e+02	
2186	2.917427e+03	6.470929e+01	-1.62792e+02	
2187	2.934270e+03	6.461194e+01	-1.62832e+02	
2188	2.951209e+03	6.451457e+01	-1.62872e+02	
2189	2.968247e+03	6.441718e+01	-1.62911e+02	
2190	2.985383e+03	6.431977e+01	-1.62950e+02	
2191	3.002617e+03	6.422235e+01	-1.62988e+02	
2192	3.019952e+03	6.412490e+01	-1.63026e+02	
2193	3.037386e+03	6.402744e+01	-1.63063e+02	
2194	3.054921e+03	6.392995e+01	-1.63100e+02	
2195	3.072557e+03	6.383246e+01	-1.63136e+02	
2196	3.090295e+03	6.373494e+01	-1.63172e+02	
2197	3.108136e+03	6.363740e+01	-1.63207e+02	
2198	3.126079e+03	6.353985e+01	-1.63242e+02	
2199	3.144126e+03	6.344229e+01	-1.63276e+02	
2200	3.162278e+03	6.334470e+01	-1.63309e+02	

Index   frequency       tdb             tph             
--------------------------------------------------------------------------------
2201	3.180534e+03	6.324710e+01	-1.63343e+02	
2202	3.198895e+03	6.314949e+01	-1.63375e+02	
2203	3.217363e+03	6.305186e+01	-1.63407e+02	
2204	3.235937e+03	6.295421e+01	-1.63439e+02	
2205	3.254618e+03	6.285655e+01	-1.63470e+02	
2206	3.273407e+03	6.275888e+01	-1.63501e+02	
2207	3.292305e+03	6.266119e+01	-1.63531e+02	
2208	3.311311e+03	6.256349e+01	-1.63560e+02	
2209	3.330428e+03	6.246577e+01	-1.63590e+02	
2210	3.349654e+03	6.236804e+01	-1.63618e+02	
2211	3.368992e+03	6.227030e+01	-1.63646e+02	
2212	3.388442e+03	6.217254e+01	-1.63674e+02	
2213	3.408003e+03	6.207477e+01	-1.63701e+02	
2214	3.427678e+03	6.197699e+01	-1.63727e+02	
2215	3.447466e+03	6.187920e+01	-1.63753e+02	
2216	3.467369e+03	6.178139e+01	-1.63779e+02	
2217	3.487386e+03	6.168358e+01	-1.63804e+02	
2218	3.507519e+03	6.158575e+01	-1.63829e+02	
2219	3.527768e+03	6.148791e+01	-1.63853e+02	
2220	3.548134e+03	6.139006e+01	-1.63876e+02	
2221	3.568617e+03	6.129220e+01	-1.63899e+02	
2222	3.589219e+03	6.119433e+01	-1.63922e+02	
2223	3.609940e+03	6.109645e+01	-1.63944e+02	
2224	3.630781e+03	6.099856e+01	-1.63965e+02	
2225	3.651741e+03	6.090067e+01	-1.63986e+02	
2226	3.672823e+03	6.080276e+01	-1.64007e+02	
2227	3.694026e+03	6.070484e+01	-1.64027e+02	
2228	3.715352e+03	6.060692e+01	-1.64047e+02	
2229	3.736801e+03	6.050898e+01	-1.64066e+02	
2230	3.758374e+03	6.041104e+01	-1.64084e+02	
2231	3.780071e+03	6.031309e+01	-1.64102e+02	
2232	3.801894e+03	6.021513e+01	-1.64120e+02	
2233	3.823843e+03	6.011717e+01	-1.64137e+02	
2234	3.845918e+03	6.001920e+01	-1.64153e+02	
2235	3.868121e+03	5.992122e+01	-1.64169e+02	
2236	3.890451e+03	5.982323e+01	-1.64185e+02	
2237	3.912911e+03	5.972524e+01	-1.64200e+02	
2238	3.935501e+03	5.962724e+01	-1.64215e+02	
2239	3.958221e+03	5.952924e+01	-1.64229e+02	
2240	3.981072e+03	5.943123e+01	-1.64242e+02	
2241	4.004055e+03	5.933322e+01	-1.64255e+02	
2242	4.027170e+03	5.923520e+01	-1.64268e+02	
2243	4.050419e+03	5.913717e+01	-1.64280e+02	
2244	4.073803e+03	5.903915e+01	-1.64292e+02	
2245	4.097321e+03	5.894111e+01	-1.64303e+02	
2246	4.120975e+03	5.884308e+01	-1.64314e+02	
2247	4.144766e+03	5.874503e+01	-1.64324e+02	
2248	4.168694e+03	5.864699e+01	-1.64333e+02	
2249	4.192760e+03	5.854894e+01	-1.64343e+02	
2250	4.216965e+03	5.845089e+01	-1.64351e+02	
2251	4.241310e+03	5.835284e+01	-1.64359e+02	
2252	4.265795e+03	5.825478e+01	-1.64367e+02	
2253	4.290422e+03	5.815672e+01	-1.64374e+02	
2254	4.315191e+03	5.805866e+01	-1.64381e+02	
2255	4.340103e+03	5.796060e+01	-1.64387e+02	
2256	4.365158e+03	5.786253e+01	-1.64393e+02	
2257	4.390359e+03	5.776446e+01	-1.64398e+02	
2258	4.415704e+03	5.766640e+01	-1.64403e+02	

Index   frequency       tdb             tph             
--------------------------------------------------------------------------------
2259	4.441197e+03	5.756833e+01	-1.64407e+02	
2260	4.466836e+03	5.747026e+01	-1.64411e+02	
2261	4.492623e+03	5.737219e+01	-1.64414e+02	
2262	4.518559e+03	5.727412e+01	-1.64417e+02	
2263	4.544645e+03	5.717605e+01	-1.64419e+02	
2264	4.570882e+03	5.707798e+01	-1.64421e+02	
2265	4.597270e+03	5.697991e+01	-1.64422e+02	
2266	4.623810e+03	5.688184e+01	-1.64423e+02	
2267	4.650504e+03	5.678378e+01	-1.64424e+02	
2268	4.677351e+03	5.668571e+01	-1.64423e+02	
2269	4.704354e+03	5.658765e+01	-1.64423e+02	
2270	4.731513e+03	5.648958e+01	-1.64422e+02	
2271	4.758828e+03	5.639152e+01	-1.64420e+02	
2272	4.786301e+03	5.629346e+01	-1.64418e+02	
2273	4.813933e+03	5.619541e+01	-1.64415e+02	
2274	4.841724e+03	5.609735e+01	-1.64412e+02	
2275	4.869675e+03	5.599930e+01	-1.64409e+02	
2276	4.897788e+03	5.590126e+01	-1.64404e+02	
2277	4.926063e+03	5.580321e+01	-1.64400e+02	
2278	4.954502e+03	5.570517e+01	-1.64395e+02	
2279	4.983105e+03	5.560714e+01	-1.64389e+02	
2280	5.011872e+03	5.550911e+01	-1.64383e+02	
2281	5.040806e+03	5.541108e+01	-1.64377e+02	
2282	5.069907e+03	5.531305e+01	-1.64370e+02	
2283	5.099176e+03	5.521504e+01	-1.64362e+02	
2284	5.128614e+03	5.511702e+01	-1.64354e+02	
2285	5.158222e+03	5.501902e+01	-1.64346e+02	
2286	5.188000e+03	5.492101e+01	-1.64337e+02	
2287	5.217951e+03	5.482302e+01	-1.64327e+02	
2288	5.248075e+03	5.472503e+01	-1.64317e+02	
2289	5.278372e+03	5.462705e+01	-1.64307e+02	
2290	5.308844e+03	5.452907e+01	-1.64296e+02	
2291	5.339493e+03	5.443110e+01	-1.64284e+02	
2292	5.370318e+03	5.433314e+01	-1.64272e+02	
2293	5.401321e+03	5.423518e+01	-1.64260e+02	
2294	5.432503e+03	5.413723e+01	-1.64247e+02	
2295	5.463865e+03	5.403929e+01	-1.64234e+02	
2296	5.495409e+03	5.394136e+01	-1.64220e+02	
2297	5.527134e+03	5.384344e+01	-1.64205e+02	
2298	5.559043e+03	5.374553e+01	-1.64191e+02	
2299	5.591135e+03	5.364762e+01	-1.64175e+02	
2300	5.623413e+03	5.354972e+01	-1.64159e+02	
2301	5.655878e+03	5.345184e+01	-1.64143e+02	
2302	5.688529e+03	5.335396e+01	-1.64126e+02	
2303	5.721370e+03	5.325610e+01	-1.64109e+02	
2304	5.754399e+03	5.315824e+01	-1.64091e+02	
2305	5.787620e+03	5.306039e+01	-1.64073e+02	
2306	5.821032e+03	5.296256e+01	-1.64054e+02	
2307	5.854637e+03	5.286473e+01	-1.64034e+02	
2308	5.888437e+03	5.276692e+01	-1.64015e+02	
2309	5.922431e+03	5.266912e+01	-1.63994e+02	
2310	5.956621e+03	5.257133e+01	-1.63973e+02	
2311	5.991009e+03	5.247355e+01	-1.63952e+02	
2312	6.025596e+03	5.237579e+01	-1.63930e+02	
2313	6.060382e+03	5.227804e+01	-1.63908e+02	
2314	6.095369e+03	5.218030e+01	-1.63885e+02	
2315	6.130558e+03	5.208257e+01	-1.63862e+02	
2316	6.165950e+03	5.198486e+01	-1.63838e+02	

Index   frequency       tdb             tph             
--------------------------------------------------------------------------------
2317	6.201546e+03	5.188716e+01	-1.63814e+02	
2318	6.237348e+03	5.178948e+01	-1.63789e+02	
2319	6.273357e+03	5.169181e+01	-1.63764e+02	
2320	6.309573e+03	5.159415e+01	-1.63738e+02	
2321	6.345999e+03	5.149651e+01	-1.63711e+02	
2322	6.382635e+03	5.139889e+01	-1.63685e+02	
2323	6.419482e+03	5.130128e+01	-1.63657e+02	
2324	6.456542e+03	5.120369e+01	-1.63630e+02	
2325	6.493816e+03	5.110611e+01	-1.63601e+02	
2326	6.531306e+03	5.100855e+01	-1.63572e+02	
2327	6.569011e+03	5.091100e+01	-1.63543e+02	
2328	6.606934e+03	5.081348e+01	-1.63513e+02	
2329	6.645077e+03	5.071597e+01	-1.63483e+02	
2330	6.683439e+03	5.061847e+01	-1.63452e+02	
2331	6.722023e+03	5.052100e+01	-1.63421e+02	
2332	6.760830e+03	5.042354e+01	-1.63389e+02	
2333	6.799860e+03	5.032610e+01	-1.63357e+02	
2334	6.839116e+03	5.022869e+01	-1.63324e+02	
2335	6.878599e+03	5.013129e+01	-1.63290e+02	
2336	6.918310e+03	5.003390e+01	-1.63257e+02	
2337	6.958250e+03	4.993654e+01	-1.63222e+02	
2338	6.998420e+03	4.983920e+01	-1.63187e+02	
2339	7.038822e+03	4.974188e+01	-1.63152e+02	
2340	7.079458e+03	4.964458e+01	-1.63116e+02	
2341	7.120328e+03	4.954731e+01	-1.63080e+02	
2342	7.161434e+03	4.945005e+01	-1.63043e+02	
2343	7.202778e+03	4.935281e+01	-1.63005e+02	
2344	7.244360e+03	4.925560e+01	-1.62967e+02	
2345	7.286182e+03	4.915841e+01	-1.62929e+02	
2346	7.328245e+03	4.906124e+01	-1.62890e+02	
2347	7.370552e+03	4.896409e+01	-1.62851e+02	
2348	7.413102e+03	4.886697e+01	-1.62811e+02	
2349	7.455899e+03	4.876987e+01	-1.62770e+02	
2350	7.498942e+03	4.867280e+01	-1.62729e+02	
2351	7.542234e+03	4.857575e+01	-1.62688e+02	
2352	7.585776e+03	4.847872e+01	-1.62646e+02	
2353	7.629569e+03	4.838172e+01	-1.62603e+02	
2354	7.673615e+03	4.828475e+01	-1.62560e+02	
2355	7.717915e+03	4.818780e+01	-1.62516e+02	
2356	7.762471e+03	4.809088e+01	-1.62472e+02	
2357	7.807284e+03	4.799398e+01	-1.62428e+02	
2358	7.852356e+03	4.789711e+01	-1.62383e+02	
2359	7.897688e+03	4.780027e+01	-1.62337e+02	
2360	7.943282e+03	4.770345e+01	-1.62291e+02	
2361	7.989139e+03	4.760666e+01	-1.62244e+02	
2362	8.035261e+03	4.750990e+01	-1.62197e+02	
2363	8.081649e+03	4.741317e+01	-1.62149e+02	
2364	8.128305e+03	4.731647e+01	-1.62101e+02	
2365	8.175230e+03	4.721980e+01	-1.62052e+02	
2366	8.222426e+03	4.712316e+01	-1.62003e+02	
2367	8.269895e+03	4.702655e+01	-1.61953e+02	
2368	8.317638e+03	4.692996e+01	-1.61903e+02	
2369	8.365656e+03	4.683341e+01	-1.61852e+02	
2370	8.413951e+03	4.673690e+01	-1.61801e+02	
2371	8.462526e+03	4.664041e+01	-1.61749e+02	
2372	8.511380e+03	4.654395e+01	-1.61696e+02	
2373	8.560517e+03	4.644753e+01	-1.61643e+02	
2374	8.609938e+03	4.635114e+01	-1.61590e+02	

Index   frequency       tdb             tph             
--------------------------------------------------------------------------------
2375	8.659643e+03	4.625478e+01	-1.61536e+02	
2376	8.709636e+03	4.615846e+01	-1.61481e+02	
2377	8.759917e+03	4.606217e+01	-1.61426e+02	
2378	8.810489e+03	4.596592e+01	-1.61371e+02	
2379	8.861352e+03	4.586970e+01	-1.61315e+02	
2380	8.912509e+03	4.577351e+01	-1.61258e+02	
2381	8.963962e+03	4.567736e+01	-1.61201e+02	
2382	9.015711e+03	4.558125e+01	-1.61143e+02	
2383	9.067760e+03	4.548518e+01	-1.61085e+02	
2384	9.120108e+03	4.538914e+01	-1.61026e+02	
2385	9.172759e+03	4.529314e+01	-1.60967e+02	
2386	9.225714e+03	4.519717e+01	-1.60907e+02	
2387	9.278975e+03	4.510125e+01	-1.60847e+02	
2388	9.332543e+03	4.500536e+01	-1.60786e+02	
2389	9.386420e+03	4.490952e+01	-1.60724e+02	
2390	9.440609e+03	4.481371e+01	-1.60662e+02	
2391	9.495110e+03	4.471794e+01	-1.60600e+02	
2392	9.549926e+03	4.462222e+01	-1.60537e+02	
2393	9.605058e+03	4.452653e+01	-1.60473e+02	
2394	9.660509e+03	4.443089e+01	-1.60409e+02	
2395	9.716280e+03	4.433529e+01	-1.60344e+02	
2396	9.772372e+03	4.423973e+01	-1.60279e+02	
2397	9.828789e+03	4.414421e+01	-1.60214e+02	
2398	9.885531e+03	4.404874e+01	-1.60147e+02	
2399	9.942601e+03	4.395331e+01	-1.60081e+02	
2400	1.000000e+04	4.385793e+01	-1.60013e+02	
2401	1.005773e+04	4.376259e+01	-1.59945e+02	
2402	1.011579e+04	4.366729e+01	-1.59877e+02	
2403	1.017419e+04	4.357205e+01	-1.59808e+02	
2404	1.023293e+04	4.347684e+01	-1.59739e+02	
2405	1.029201e+04	4.338169e+01	-1.59669e+02	
2406	1.035142e+04	4.328658e+01	-1.59598e+02	
2407	1.041118e+04	4.319152e+01	-1.59527e+02	
2408	1.047129e+04	4.309651e+01	-1.59455e+02	
2409	1.053174e+04	4.300155e+01	-1.59383e+02	
2410	1.059254e+04	4.290663e+01	-1.59311e+02	
2411	1.065369e+04	4.281177e+01	-1.59237e+02	
2412	1.071519e+04	4.271695e+01	-1.59164e+02	
2413	1.077705e+04	4.262219e+01	-1.59089e+02	
2414	1.083927e+04	4.252748e+01	-1.59014e+02	
2415	1.090184e+04	4.243282e+01	-1.58939e+02	
2416	1.096478e+04	4.233821e+01	-1.58863e+02	
2417	1.102808e+04	4.224366e+01	-1.58787e+02	
2418	1.109175e+04	4.214916e+01	-1.58710e+02	
2419	1.115578e+04	4.205471e+01	-1.58632e+02	
2420	1.122018e+04	4.196032e+01	-1.58554e+02	
2421	1.128496e+04	4.186599e+01	-1.58475e+02	
2422	1.135011e+04	4.177171e+01	-1.58396e+02	
2423	1.141563e+04	4.167748e+01	-1.58316e+02	
2424	1.148154e+04	4.158331e+01	-1.58236e+02	
2425	1.154782e+04	4.148920e+01	-1.58155e+02	
2426	1.161449e+04	4.139515e+01	-1.58074e+02	
2427	1.168154e+04	4.130116e+01	-1.57992e+02	
2428	1.174898e+04	4.120722e+01	-1.57910e+02	
2429	1.181680e+04	4.111335e+01	-1.57827e+02	
2430	1.188502e+04	4.101954e+01	-1.57743e+02	
2431	1.195364e+04	4.092578e+01	-1.57659e+02	
2432	1.202264e+04	4.083209e+01	-1.57575e+02	

Index   frequency       tdb             tph             
--------------------------------------------------------------------------------
2433	1.209205e+04	4.073846e+01	-1.57489e+02	
2434	1.216186e+04	4.064489e+01	-1.57404e+02	
2435	1.223207e+04	4.055139e+01	-1.57318e+02	
2436	1.230269e+04	4.045795e+01	-1.57231e+02	
2437	1.237371e+04	4.036457e+01	-1.57144e+02	
2438	1.244515e+04	4.027126e+01	-1.57056e+02	
2439	1.251699e+04	4.017802e+01	-1.56967e+02	
2440	1.258925e+04	4.008484e+01	-1.56878e+02	
2441	1.266193e+04	3.999173e+01	-1.56789e+02	
2442	1.273503e+04	3.989868e+01	-1.56699e+02	
2443	1.280855e+04	3.980570e+01	-1.56609e+02	
2444	1.288250e+04	3.971280e+01	-1.56517e+02	
2445	1.295687e+04	3.961996e+01	-1.56426e+02	
2446	1.303167e+04	3.952719e+01	-1.56334e+02	
2447	1.310690e+04	3.943449e+01	-1.56241e+02	
2448	1.318257e+04	3.934186e+01	-1.56148e+02	
2449	1.325867e+04	3.924931e+01	-1.56054e+02	
2450	1.333521e+04	3.915683e+01	-1.55960e+02	
2451	1.341220e+04	3.906442e+01	-1.55865e+02	
2452	1.348963e+04	3.897208e+01	-1.55770e+02	
2453	1.356751e+04	3.887982e+01	-1.55674e+02	
2454	1.364583e+04	3.878764e+01	-1.55578e+02	
2455	1.372461e+04	3.869553e+01	-1.55481e+02	
2456	1.380384e+04	3.860349e+01	-1.55383e+02	
2457	1.388353e+04	3.851154e+01	-1.55285e+02	
2458	1.396368e+04	3.841966e+01	-1.55187e+02	
2459	1.404430e+04	3.832786e+01	-1.55088e+02	
2460	1.412538e+04	3.823614e+01	-1.54988e+02	
2461	1.420692e+04	3.814450e+01	-1.54888e+02	
2462	1.428894e+04	3.805294e+01	-1.54788e+02	
2463	1.437143e+04	3.796146e+01	-1.54687e+02	
2464	1.445440e+04	3.787006e+01	-1.54585e+02	
2465	1.453784e+04	3.777874e+01	-1.54483e+02	
2466	1.462177e+04	3.768751e+01	-1.54380e+02	
2467	1.470618e+04	3.759636e+01	-1.54277e+02	
2468	1.479108e+04	3.750530e+01	-1.54174e+02	
2469	1.487647e+04	3.741432e+01	-1.54069e+02	
2470	1.496236e+04	3.732343e+01	-1.53965e+02	
2471	1.504874e+04	3.723262e+01	-1.53860e+02	
2472	1.513561e+04	3.714190e+01	-1.53754e+02	
2473	1.522299e+04	3.705127e+01	-1.53648e+02	
2474	1.531087e+04	3.696073e+01	-1.53541e+02	
2475	1.539927e+04	3.687028e+01	-1.53434e+02	
2476	1.548817e+04	3.677991e+01	-1.53326e+02	
2477	1.557758e+04	3.668964e+01	-1.53218e+02	
2478	1.566751e+04	3.659946e+01	-1.53109e+02	
2479	1.575796e+04	3.650937e+01	-1.53000e+02	
2480	1.584893e+04	3.641938e+01	-1.52890e+02	
2481	1.594043e+04	3.632948e+01	-1.52780e+02	
2482	1.603245e+04	3.623967e+01	-1.52669e+02	
2483	1.612501e+04	3.614996e+01	-1.52558e+02	
2484	1.621810e+04	3.606034e+01	-1.52446e+02	
2485	1.631173e+04	3.597082e+01	-1.52334e+02	
2486	1.640590e+04	3.588140e+01	-1.52222e+02	
2487	1.650061e+04	3.579208e+01	-1.52109e+02	
2488	1.659587e+04	3.570285e+01	-1.51995e+02	
2489	1.669168e+04	3.561373e+01	-1.51881e+02	
2490	1.678804e+04	3.552470e+01	-1.51766e+02	

Index   frequency       tdb             tph             
--------------------------------------------------------------------------------
2491	1.688496e+04	3.543577e+01	-1.51651e+02	
2492	1.698244e+04	3.534695e+01	-1.51536e+02	
2493	1.708048e+04	3.525823e+01	-1.51420e+02	
2494	1.717908e+04	3.516961e+01	-1.51304e+02	
2495	1.727826e+04	3.508110e+01	-1.51187e+02	
2496	1.737801e+04	3.499268e+01	-1.51069e+02	
2497	1.747833e+04	3.490438e+01	-1.50952e+02	
2498	1.757924e+04	3.481618e+01	-1.50834e+02	
2499	1.768072e+04	3.472809e+01	-1.50715e+02	
2500	1.778279e+04	3.464010e+01	-1.50596e+02	
2501	1.788546e+04	3.455222e+01	-1.50476e+02	
2502	1.798871e+04	3.446446e+01	-1.50356e+02	
2503	1.809256e+04	3.437680e+01	-1.50236e+02	
2504	1.819701e+04	3.428925e+01	-1.50115e+02	
2505	1.830206e+04	3.420181e+01	-1.49994e+02	
2506	1.840772e+04	3.411448e+01	-1.49872e+02	
2507	1.851399e+04	3.402727e+01	-1.49750e+02	
2508	1.862087e+04	3.394017e+01	-1.49627e+02	
2509	1.872837e+04	3.385318e+01	-1.49504e+02	
2510	1.883649e+04	3.376631e+01	-1.49381e+02	
2511	1.894524e+04	3.367955e+01	-1.49257e+02	
2512	1.905461e+04	3.359291e+01	-1.49133e+02	
2513	1.916461e+04	3.350638e+01	-1.49008e+02	
2514	1.927525e+04	3.341997e+01	-1.48883e+02	
2515	1.938653e+04	3.333368e+01	-1.48758e+02	
2516	1.949845e+04	3.324751e+01	-1.48632e+02	
2517	1.961101e+04	3.316146e+01	-1.48506e+02	
2518	1.972423e+04	3.307553e+01	-1.48379e+02	
2519	1.983810e+04	3.298972e+01	-1.48252e+02	
2520	1.995262e+04	3.290403e+01	-1.48125e+02	
2521	2.006781e+04	3.281846e+01	-1.47997e+02	
2522	2.018366e+04	3.273301e+01	-1.47869e+02	
2523	2.030019e+04	3.264769e+01	-1.47740e+02	
2524	2.041738e+04	3.256249e+01	-1.47612e+02	
2525	2.053525e+04	3.247742e+01	-1.47483e+02	
2526	2.065380e+04	3.239248e+01	-1.47353e+02	
2527	2.077304e+04	3.230766e+01	-1.47223e+02	
2528	2.089296e+04	3.222296e+01	-1.47093e+02	
2529	2.101358e+04	3.213840e+01	-1.46962e+02	
2530	2.113489e+04	3.205396e+01	-1.46832e+02	
2531	2.125690e+04	3.196965e+01	-1.46700e+02	
2532	2.137962e+04	3.188547e+01	-1.46569e+02	
2533	2.150305e+04	3.180142e+01	-1.46437e+02	
2534	2.162719e+04	3.171750e+01	-1.46305e+02	
2535	2.175204e+04	3.163371e+01	-1.46172e+02	
2536	2.187762e+04	3.155006e+01	-1.46040e+02	
2537	2.200392e+04	3.146653e+01	-1.45907e+02	
2538	2.213095e+04	3.138314e+01	-1.45773e+02	
2539	2.225871e+04	3.129989e+01	-1.45639e+02	
2540	2.238721e+04	3.121677e+01	-1.45506e+02	
2541	2.251645e+04	3.113378e+01	-1.45371e+02	
2542	2.264644e+04	3.105093e+01	-1.45237e+02	
2543	2.277718e+04	3.096822e+01	-1.45102e+02	
2544	2.290868e+04	3.088564e+01	-1.44967e+02	
2545	2.304093e+04	3.080320e+01	-1.44832e+02	
2546	2.317395e+04	3.072090e+01	-1.44696e+02	
2547	2.330773e+04	3.063873e+01	-1.44561e+02	
2548	2.344229e+04	3.055671e+01	-1.44425e+02	

Index   frequency       tdb             tph             
--------------------------------------------------------------------------------
2549	2.357762e+04	3.047482e+01	-1.44288e+02	
2550	2.371374e+04	3.039308e+01	-1.44152e+02	
2551	2.385064e+04	3.031147e+01	-1.44015e+02	
2552	2.398833e+04	3.023001e+01	-1.43878e+02	
2553	2.412682e+04	3.014869e+01	-1.43741e+02	
2554	2.426610e+04	3.006751e+01	-1.43604e+02	
2555	2.440619e+04	2.998648e+01	-1.43466e+02	
2556	2.454709e+04	2.990558e+01	-1.43329e+02	
2557	2.468880e+04	2.982483e+01	-1.43191e+02	
2558	2.483133e+04	2.974423e+01	-1.43053e+02	
2559	2.497468e+04	2.966377e+01	-1.42914e+02	
2560	2.511886e+04	2.958345e+01	-1.42776e+02	
2561	2.526388e+04	2.950328e+01	-1.42637e+02	
2562	2.540973e+04	2.942326e+01	-1.42499e+02	
2563	2.555642e+04	2.934338e+01	-1.42360e+02	
2564	2.570396e+04	2.926365e+01	-1.42221e+02	
2565	2.585235e+04	2.918407e+01	-1.42082e+02	
2566	2.600160e+04	2.910464e+01	-1.41942e+02	
2567	2.615170e+04	2.902535e+01	-1.41803e+02	
2568	2.630268e+04	2.894621e+01	-1.41663e+02	
2569	2.645453e+04	2.886722e+01	-1.41524e+02	
2570	2.660725e+04	2.878838e+01	-1.41384e+02	
2571	2.676086e+04	2.870969e+01	-1.41244e+02	
2572	2.691535e+04	2.863115e+01	-1.41104e+02	
2573	2.707073e+04	2.855276e+01	-1.40964e+02	
2574	2.722701e+04	2.847452e+01	-1.40824e+02	
2575	2.738420e+04	2.839644e+01	-1.40684e+02	
2576	2.754229e+04	2.831850e+01	-1.40544e+02	
2577	2.770129e+04	2.824072e+01	-1.40404e+02	
2578	2.786121e+04	2.816308e+01	-1.40263e+02	
2579	2.802206e+04	2.808560e+01	-1.40123e+02	
2580	2.818383e+04	2.800827e+01	-1.39983e+02	
2581	2.834654e+04	2.793110e+01	-1.39842e+02	
2582	2.851018e+04	2.785407e+01	-1.39702e+02	
2583	2.867477e+04	2.777721e+01	-1.39562e+02	
2584	2.884032e+04	2.770049e+01	-1.39421e+02	
2585	2.900681e+04	2.762393e+01	-1.39281e+02	
2586	2.917427e+04	2.754752e+01	-1.39140e+02	
2587	2.934270e+04	2.747126e+01	-1.39000e+02	
2588	2.951209e+04	2.739516e+01	-1.38860e+02	
2589	2.968247e+04	2.731922e+01	-1.38719e+02	
2590	2.985383e+04	2.724343e+01	-1.38579e+02	
2591	3.002617e+04	2.716779e+01	-1.38439e+02	
2592	3.019952e+04	2.709231e+01	-1.38299e+02	
2593	3.037386e+04	2.701698e+01	-1.38159e+02	
2594	3.054921e+04	2.694181e+01	-1.38019e+02	
2595	3.072557e+04	2.686679e+01	-1.37879e+02	
2596	3.090295e+04	2.679193e+01	-1.37739e+02	
2597	3.108136e+04	2.671722e+01	-1.37599e+02	
2598	3.126079e+04	2.664267e+01	-1.37460e+02	
2599	3.144126e+04	2.656828e+01	-1.37320e+02	
2600	3.162278e+04	2.649404e+01	-1.37181e+02	
2601	3.180534e+04	2.641995e+01	-1.37041e+02	
2602	3.198895e+04	2.634602e+01	-1.36902e+02	
2603	3.217363e+04	2.627225e+01	-1.36763e+02	
2604	3.235937e+04	2.619863e+01	-1.36624e+02	
2605	3.254618e+04	2.612516e+01	-1.36486e+02	
2606	3.273407e+04	2.605186e+01	-1.36347e+02	

Index   frequency       tdb             tph             
--------------------------------------------------------------------------------
2607	3.292305e+04	2.597870e+01	-1.36209e+02	
2608	3.311311e+04	2.590570e+01	-1.36071e+02	
2609	3.330428e+04	2.583286e+01	-1.35933e+02	
2610	3.349654e+04	2.576017e+01	-1.35795e+02	
2611	3.368992e+04	2.568764e+01	-1.35657e+02	
2612	3.388442e+04	2.561526e+01	-1.35520e+02	
2613	3.408003e+04	2.554304e+01	-1.35383e+02	
2614	3.427678e+04	2.547097e+01	-1.35246e+02	
2615	3.447466e+04	2.539906e+01	-1.35109e+02	
2616	3.467369e+04	2.532730e+01	-1.34973e+02	
2617	3.487386e+04	2.525569e+01	-1.34836e+02	
2618	3.507519e+04	2.518424e+01	-1.34700e+02	
2619	3.527768e+04	2.511294e+01	-1.34565e+02	
2620	3.548134e+04	2.504179e+01	-1.34429e+02	
2621	3.568617e+04	2.497080e+01	-1.34294e+02	
2622	3.589219e+04	2.489996e+01	-1.34159e+02	
2623	3.609940e+04	2.482927e+01	-1.34025e+02	
2624	3.630781e+04	2.475874e+01	-1.33891e+02	
2625	3.651741e+04	2.468835e+01	-1.33757e+02	
2626	3.672823e+04	2.461812e+01	-1.33623e+02	
2627	3.694026e+04	2.454804e+01	-1.33490e+02	
2628	3.715352e+04	2.447811e+01	-1.33357e+02	
2629	3.736801e+04	2.440833e+01	-1.33224e+02	
2630	3.758374e+04	2.433871e+01	-1.33092e+02	
2631	3.780071e+04	2.426923e+01	-1.32960e+02	
2632	3.801894e+04	2.419990e+01	-1.32829e+02	
2633	3.823843e+04	2.413072e+01	-1.32698e+02	
2634	3.845918e+04	2.406169e+01	-1.32567e+02	
2635	3.868121e+04	2.399281e+01	-1.32437e+02	
2636	3.890451e+04	2.392408e+01	-1.32307e+02	
2637	3.912911e+04	2.385549e+01	-1.32177e+02	
2638	3.935501e+04	2.378705e+01	-1.32048e+02	
2639	3.958221e+04	2.371876e+01	-1.31919e+02	
2640	3.981072e+04	2.365062e+01	-1.31791e+02	
2641	4.004055e+04	2.358262e+01	-1.31663e+02	
2642	4.027170e+04	2.351476e+01	-1.31536e+02	
2643	4.050419e+04	2.344705e+01	-1.31409e+02	
2644	4.073803e+04	2.337949e+01	-1.31282e+02	
2645	4.097321e+04	2.331207e+01	-1.31156e+02	
2646	4.120975e+04	2.324479e+01	-1.31030e+02	
2647	4.144766e+04	2.317765e+01	-1.30905e+02	
2648	4.168694e+04	2.311066e+01	-1.30781e+02	
2649	4.192760e+04	2.304381e+01	-1.30656e+02	
2650	4.216965e+04	2.297709e+01	-1.30533e+02	
2651	4.241310e+04	2.291052e+01	-1.30410e+02	
2652	4.265795e+04	2.284409e+01	-1.30287e+02	
2653	4.290422e+04	2.277780e+01	-1.30165e+02	
2654	4.315191e+04	2.271165e+01	-1.30043e+02	
2655	4.340103e+04	2.264563e+01	-1.29922e+02	
2656	4.365158e+04	2.257976e+01	-1.29802e+02	
2657	4.390359e+04	2.251402e+01	-1.29682e+02	
2658	4.415704e+04	2.244841e+01	-1.29562e+02	
2659	4.441197e+04	2.238294e+01	-1.29443e+02	
2660	4.466836e+04	2.231761e+01	-1.29325e+02	
2661	4.492623e+04	2.225240e+01	-1.29207e+02	
2662	4.518559e+04	2.218734e+01	-1.29090e+02	
2663	4.544645e+04	2.212240e+01	-1.28973e+02	
2664	4.570882e+04	2.205760e+01	-1.28857e+02	

Index   frequency       tdb             tph             
--------------------------------------------------------------------------------
2665	4.597270e+04	2.199293e+01	-1.28742e+02	
2666	4.623810e+04	2.192839e+01	-1.28627e+02	
2667	4.650504e+04	2.186398e+01	-1.28513e+02	
2668	4.677351e+04	2.179969e+01	-1.28399e+02	
2669	4.704354e+04	2.173554e+01	-1.28286e+02	
2670	4.731513e+04	2.167151e+01	-1.28174e+02	
2671	4.758828e+04	2.160761e+01	-1.28062e+02	
2672	4.786301e+04	2.154384e+01	-1.27951e+02	
2673	4.813933e+04	2.148019e+01	-1.27840e+02	
2674	4.841724e+04	2.141667e+01	-1.27731e+02	
2675	4.869675e+04	2.135327e+01	-1.27621e+02	
2676	4.897788e+04	2.128999e+01	-1.27513e+02	
2677	4.926063e+04	2.122684e+01	-1.27405e+02	
2678	4.954502e+04	2.116380e+01	-1.27298e+02	
2679	4.983105e+04	2.110089e+01	-1.27191e+02	
2680	5.011872e+04	2.103810e+01	-1.27085e+02	
2681	5.040806e+04	2.097542e+01	-1.26980e+02	
2682	5.069907e+04	2.091286e+01	-1.26876e+02	
2683	5.099176e+04	2.085042e+01	-1.26772e+02	
2684	5.128614e+04	2.078810e+01	-1.26669e+02	
2685	5.158222e+04	2.072589e+01	-1.26566e+02	
2686	5.188000e+04	2.066380e+01	-1.26465e+02	
2687	5.217951e+04	2.060182e+01	-1.26364e+02	
2688	5.248075e+04	2.053996e+01	-1.26264e+02	
2689	5.278372e+04	2.047820e+01	-1.26164e+02	
2690	5.308844e+04	2.041656e+01	-1.26065e+02	
2691	5.339493e+04	2.035503e+01	-1.25967e+02	
2692	5.370318e+04	2.029361e+01	-1.25870e+02	
2693	5.401321e+04	2.023229e+01	-1.25773e+02	
2694	5.432503e+04	2.017109e+01	-1.25677e+02	
2695	5.463865e+04	2.010999e+01	-1.25582e+02	
2696	5.495409e+04	2.004900e+01	-1.25488e+02	
2697	5.527134e+04	1.998811e+01	-1.25394e+02	
2698	5.559043e+04	1.992733e+01	-1.25302e+02	
2699	5.591135e+04	1.986665e+01	-1.25209e+02	
2700	5.623413e+04	1.980607e+01	-1.25118e+02	
2701	5.655878e+04	1.974560e+01	-1.25028e+02	
2702	5.688529e+04	1.968522e+01	-1.24938e+02	
2703	5.721370e+04	1.962495e+01	-1.24849e+02	
2704	5.754399e+04	1.956477e+01	-1.24761e+02	
2705	5.787620e+04	1.950469e+01	-1.24673e+02	
2706	5.821032e+04	1.944471e+01	-1.24587e+02	
2707	5.854637e+04	1.938483e+01	-1.24501e+02	
2708	5.888437e+04	1.932504e+01	-1.24416e+02	
2709	5.922431e+04	1.926535e+01	-1.24332e+02	
2710	5.956621e+04	1.920575e+01	-1.24248e+02	
2711	5.991009e+04	1.914624e+01	-1.24166e+02	
2712	6.025596e+04	1.908682e+01	-1.24084e+02	
2713	6.060382e+04	1.902750e+01	-1.24003e+02	
2714	6.095369e+04	1.896826e+01	-1.23923e+02	
2715	6.130558e+04	1.890911e+01	-1.23844e+02	
2716	6.165950e+04	1.885006e+01	-1.23765e+02	
2717	6.201546e+04	1.879108e+01	-1.23687e+02	
2718	6.237348e+04	1.873220e+01	-1.23611e+02	
2719	6.273357e+04	1.867340e+01	-1.23535e+02	
2720	6.309573e+04	1.861469e+01	-1.23459e+02	
2721	6.345999e+04	1.855606e+01	-1.23385e+02	
2722	6.382635e+04	1.849751e+01	-1.23312e+02	

Index   frequency       tdb             tph             
--------------------------------------------------------------------------------
2723	6.419482e+04	1.843904e+01	-1.23239e+02	
2724	6.456542e+04	1.838066e+01	-1.23167e+02	
2725	6.493816e+04	1.832235e+01	-1.23096e+02	
2726	6.531306e+04	1.826412e+01	-1.23026e+02	
2727	6.569011e+04	1.820598e+01	-1.22957e+02	
2728	6.606934e+04	1.814791e+01	-1.22888e+02	
2729	6.645077e+04	1.808991e+01	-1.22821e+02	
2730	6.683439e+04	1.803199e+01	-1.22754e+02	
2731	6.722023e+04	1.797415e+01	-1.22688e+02	
2732	6.760830e+04	1.791638e+01	-1.22624e+02	
2733	6.799860e+04	1.785868e+01	-1.22559e+02	
2734	6.839116e+04	1.780106e+01	-1.22496e+02	
2735	6.878599e+04	1.774350e+01	-1.22434e+02	
2736	6.918310e+04	1.768602e+01	-1.22372e+02	
2737	6.958250e+04	1.762861e+01	-1.22312e+02	
2738	6.998420e+04	1.757126e+01	-1.22252e+02	
2739	7.038822e+04	1.751398e+01	-1.22193e+02	
2740	7.079458e+04	1.745677e+01	-1.22135e+02	
2741	7.120328e+04	1.739963e+01	-1.22078e+02	
2742	7.161434e+04	1.734255e+01	-1.22022e+02	
2743	7.202778e+04	1.728553e+01	-1.21967e+02	
2744	7.244360e+04	1.722858e+01	-1.21913e+02	
2745	7.286182e+04	1.717169e+01	-1.21859e+02	
2746	7.328245e+04	1.711486e+01	-1.21806e+02	
2747	7.370552e+04	1.705809e+01	-1.21755e+02	
2748	7.413102e+04	1.700139e+01	-1.21704e+02	
2749	7.455899e+04	1.694474e+01	-1.21654e+02	
2750	7.498942e+04	1.688815e+01	-1.21605e+02	
2751	7.542234e+04	1.683161e+01	-1.21557e+02	
2752	7.585776e+04	1.677514e+01	-1.21510e+02	
2753	7.629569e+04	1.671872e+01	-1.21463e+02	
2754	7.673615e+04	1.666235e+01	-1.21418e+02	
2755	7.717915e+04	1.660604e+01	-1.21373e+02	
2756	7.762471e+04	1.654978e+01	-1.21330e+02	
2757	7.807284e+04	1.649358e+01	-1.21287e+02	
2758	7.852356e+04	1.643742e+01	-1.21245e+02	
2759	7.897688e+04	1.638132e+01	-1.21204e+02	
2760	7.943282e+04	1.632527e+01	-1.21165e+02	
2761	7.989139e+04	1.626926e+01	-1.21125e+02	
2762	8.035261e+04	1.621331e+01	-1.21087e+02	
2763	8.081649e+04	1.615740e+01	-1.21050e+02	
2764	8.128305e+04	1.610154e+01	-1.21014e+02	
2765	8.175230e+04	1.604573e+01	-1.20978e+02	
2766	8.222426e+04	1.598996e+01	-1.20944e+02	
2767	8.269895e+04	1.593423e+01	-1.20910e+02	
2768	8.317638e+04	1.587855e+01	-1.20878e+02	
2769	8.365656e+04	1.582291e+01	-1.20846e+02	
2770	8.413951e+04	1.576732e+01	-1.20815e+02	
2771	8.462526e+04	1.571176e+01	-1.20785e+02	
2772	8.511380e+04	1.565625e+01	-1.20756e+02	
2773	8.560517e+04	1.560078e+01	-1.20728e+02	
2774	8.609938e+04	1.554534e+01	-1.20701e+02	
2775	8.659643e+04	1.548995e+01	-1.20675e+02	
2776	8.709636e+04	1.543459e+01	-1.20650e+02	
2777	8.759917e+04	1.537926e+01	-1.20626e+02	
2778	8.810489e+04	1.532398e+01	-1.20602e+02	
2779	8.861352e+04	1.526873e+01	-1.20580e+02	
2780	8.912509e+04	1.521351e+01	-1.20558e+02	

Index   frequency       tdb             tph             
--------------------------------------------------------------------------------
2781	8.963962e+04	1.515833e+01	-1.20538e+02	
2782	9.015711e+04	1.510318e+01	-1.20518e+02	
2783	9.067760e+04	1.504807e+01	-1.20499e+02	
2784	9.120108e+04	1.499298e+01	-1.20481e+02	
2785	9.172759e+04	1.493793e+01	-1.20465e+02	
2786	9.225714e+04	1.488291e+01	-1.20449e+02	
2787	9.278975e+04	1.482791e+01	-1.20434e+02	
2788	9.332543e+04	1.477295e+01	-1.20420e+02	
2789	9.386420e+04	1.471801e+01	-1.20406e+02	
2790	9.440609e+04	1.466311e+01	-1.20394e+02	
2791	9.495110e+04	1.460822e+01	-1.20383e+02	
2792	9.549926e+04	1.455337e+01	-1.20373e+02	
2793	9.605058e+04	1.449854e+01	-1.20363e+02	
2794	9.660509e+04	1.444373e+01	-1.20355e+02	
2795	9.716280e+04	1.438895e+01	-1.20347e+02	
2796	9.772372e+04	1.433419e+01	-1.20341e+02	
2797	9.828789e+04	1.427946e+01	-1.20335e+02	
2798	9.885531e+04	1.422474e+01	-1.20331e+02	
2799	9.942601e+04	1.417005e+01	-1.20327e+02	
2800	1.000000e+05	1.411538e+01	-1.20324e+02	
2801	1.005773e+05	1.406073e+01	-1.20322e+02	
2802	1.011579e+05	1.400610e+01	-1.20321e+02	
2803	1.017419e+05	1.395148e+01	-1.20321e+02	
2804	1.023293e+05	1.389689e+01	-1.20322e+02	
2805	1.029201e+05	1.384231e+01	-1.20324e+02	
2806	1.035142e+05	1.378775e+01	-1.20327e+02	
2807	1.041118e+05	1.373320e+01	-1.20331e+02	
2808	1.047129e+05	1.367867e+01	-1.20336e+02	
2809	1.053174e+05	1.362416e+01	-1.20341e+02	
2810	1.059254e+05	1.356966e+01	-1.20348e+02	
2811	1.065369e+05	1.351517e+01	-1.20356e+02	
2812	1.071519e+05	1.346069e+01	-1.20364e+02	
2813	1.077705e+05	1.340623e+01	-1.20374e+02	
2814	1.083927e+05	1.335178e+01	-1.20384e+02	
2815	1.090184e+05	1.329734e+01	-1.20396e+02	
2816	1.096478e+05	1.324291e+01	-1.20408e+02	
2817	1.102808e+05	1.318849e+01	-1.20421e+02	
2818	1.109175e+05	1.313408e+01	-1.20436e+02	
2819	1.115578e+05	1.307968e+01	-1.20451e+02	
2820	1.122018e+05	1.302528e+01	-1.20467e+02	
2821	1.128496e+05	1.297090e+01	-1.20484e+02	
2822	1.135011e+05	1.291651e+01	-1.20502e+02	
2823	1.141563e+05	1.286214e+01	-1.20521e+02	
2824	1.148154e+05	1.280777e+01	-1.20542e+02	
2825	1.154782e+05	1.275340e+01	-1.20562e+02	
2826	1.161449e+05	1.269904e+01	-1.20584e+02	
2827	1.168154e+05	1.264469e+01	-1.20607e+02	
2828	1.174898e+05	1.259033e+01	-1.20631e+02	
2829	1.181680e+05	1.253598e+01	-1.20656e+02	
2830	1.188502e+05	1.248163e+01	-1.20682e+02	
2831	1.195364e+05	1.242728e+01	-1.20708e+02	
2832	1.202264e+05	1.237293e+01	-1.20736e+02	
2833	1.209205e+05	1.231858e+01	-1.20765e+02	
2834	1.216186e+05	1.226423e+01	-1.20794e+02	
2835	1.223207e+05	1.220988e+01	-1.20825e+02	
2836	1.230269e+05	1.215553e+01	-1.20857e+02	
2837	1.237371e+05	1.210117e+01	-1.20889e+02	
2838	1.244515e+05	1.204682e+01	-1.20923e+02	

Index   frequency       tdb             tph             
--------------------------------------------------------------------------------
2839	1.251699e+05	1.199245e+01	-1.20957e+02	
2840	1.258925e+05	1.193809e+01	-1.20992e+02	
2841	1.266193e+05	1.188372e+01	-1.21029e+02	
2842	1.273503e+05	1.182934e+01	-1.21066e+02	
2843	1.280855e+05	1.177496e+01	-1.21105e+02	
2844	1.288250e+05	1.172057e+01	-1.21144e+02	
2845	1.295687e+05	1.166617e+01	-1.21184e+02	
2846	1.303167e+05	1.161177e+01	-1.21225e+02	
2847	1.310690e+05	1.155736e+01	-1.21268e+02	
2848	1.318257e+05	1.150293e+01	-1.21311e+02	
2849	1.325867e+05	1.144850e+01	-1.21355e+02	
2850	1.333521e+05	1.139406e+01	-1.21400e+02	
2851	1.341220e+05	1.133961e+01	-1.21446e+02	
2852	1.348963e+05	1.128515e+01	-1.21493e+02	
2853	1.356751e+05	1.123067e+01	-1.21541e+02	
2854	1.364583e+05	1.117618e+01	-1.21590e+02	
2855	1.372461e+05	1.112168e+01	-1.21640e+02	
2856	1.380384e+05	1.106717e+01	-1.21691e+02	
2857	1.388353e+05	1.101264e+01	-1.21743e+02	
2858	1.396368e+05	1.095810e+01	-1.21796e+02	
2859	1.404430e+05	1.090354e+01	-1.21850e+02	
2860	1.412538e+05	1.084896e+01	-1.21905e+02	
2861	1.420692e+05	1.079437e+01	-1.21961e+02	
2862	1.428894e+05	1.073977e+01	-1.22018e+02	
2863	1.437143e+05	1.068514e+01	-1.22076e+02	
2864	1.445440e+05	1.063050e+01	-1.22135e+02	
2865	1.453784e+05	1.057583e+01	-1.22195e+02	
2866	1.462177e+05	1.052115e+01	-1.22255e+02	
2867	1.470618e+05	1.046645e+01	-1.22317e+02	
2868	1.479108e+05	1.041172e+01	-1.22380e+02	
2869	1.487647e+05	1.035698e+01	-1.22444e+02	
2870	1.496236e+05	1.030221e+01	-1.22509e+02	
2871	1.504874e+05	1.024742e+01	-1.22575e+02	
2872	1.513561e+05	1.019261e+01	-1.22641e+02	
2873	1.522299e+05	1.013778e+01	-1.22709e+02	
2874	1.531087e+05	1.008292e+01	-1.22778e+02	
2875	1.539927e+05	1.002803e+01	-1.22848e+02	
2876	1.548817e+05	9.973121e+00	-1.22919e+02	
2877	1.557758e+05	9.918186e+00	-1.22990e+02	
2878	1.566751e+05	9.863223e+00	-1.23063e+02	
2879	1.575796e+05	9.808233e+00	-1.23137e+02	
2880	1.584893e+05	9.753216e+00	-1.23212e+02	
2881	1.594043e+05	9.698170e+00	-1.23288e+02	
2882	1.603245e+05	9.643095e+00	-1.23364e+02	
2883	1.612501e+05	9.587991e+00	-1.23442e+02	
2884	1.621810e+05	9.532857e+00	-1.23521e+02	
2885	1.631173e+05	9.477691e+00	-1.23601e+02	
2886	1.640590e+05	9.422495e+00	-1.23682e+02	
2887	1.650061e+05	9.367266e+00	-1.23764e+02	
2888	1.659587e+05	9.312005e+00	-1.23846e+02	
2889	1.669168e+05	9.256710e+00	-1.23930e+02	
2890	1.678804e+05	9.201382e+00	-1.24015e+02	
2891	1.688496e+05	9.146019e+00	-1.24101e+02	
2892	1.698244e+05	9.090621e+00	-1.24188e+02	
2893	1.708048e+05	9.035188e+00	-1.24276e+02	
2894	1.717908e+05	8.979718e+00	-1.24365e+02	
2895	1.727826e+05	8.924211e+00	-1.24455e+02	
2896	1.737801e+05	8.868667e+00	-1.24546e+02	

Index   frequency       tdb             tph             
--------------------------------------------------------------------------------
2897	1.747833e+05	8.813085e+00	-1.24638e+02	
2898	1.757924e+05	8.757464e+00	-1.24731e+02	
2899	1.768072e+05	8.701803e+00	-1.24825e+02	
2900	1.778279e+05	8.646102e+00	-1.24920e+02	
2901	1.788546e+05	8.590361e+00	-1.25016e+02	
2902	1.798871e+05	8.534578e+00	-1.25113e+02	
2903	1.809256e+05	8.478754e+00	-1.25211e+02	
2904	1.819701e+05	8.422886e+00	-1.25311e+02	
2905	1.830206e+05	8.366976e+00	-1.25411e+02	
2906	1.840772e+05	8.311022e+00	-1.25512e+02	
2907	1.851399e+05	8.255023e+00	-1.25614e+02	
2908	1.862087e+05	8.198979e+00	-1.25718e+02	
2909	1.872837e+05	8.142889e+00	-1.25822e+02	
2910	1.883649e+05	8.086753e+00	-1.25928e+02	
2911	1.894524e+05	8.030570e+00	-1.26034e+02	
2912	1.905461e+05	7.974338e+00	-1.26142e+02	
2913	1.916461e+05	7.918059e+00	-1.26250e+02	
2914	1.927525e+05	7.861730e+00	-1.26360e+02	
2915	1.938653e+05	7.805352e+00	-1.26470e+02	
2916	1.949845e+05	7.748923e+00	-1.26582e+02	
2917	1.961101e+05	7.692443e+00	-1.26695e+02	
2918	1.972423e+05	7.635911e+00	-1.26808e+02	
2919	1.983810e+05	7.579327e+00	-1.26923e+02	
2920	1.995262e+05	7.522690e+00	-1.27039e+02	
2921	2.006781e+05	7.465999e+00	-1.27156e+02	
2922	2.018366e+05	7.409253e+00	-1.27274e+02	
2923	2.030019e+05	7.352452e+00	-1.27393e+02	
2924	2.041738e+05	7.295596e+00	-1.27513e+02	
2925	2.053525e+05	7.238683e+00	-1.27634e+02	
2926	2.065380e+05	7.181712e+00	-1.27756e+02	
2927	2.077304e+05	7.124684e+00	-1.27879e+02	
2928	2.089296e+05	7.067597e+00	-1.28003e+02	
2929	2.101358e+05	7.010451e+00	-1.28129e+02	
2930	2.113489e+05	6.953245e+00	-1.28255e+02	
2931	2.125690e+05	6.895978e+00	-1.28383e+02	
2932	2.137962e+05	6.838650e+00	-1.28511e+02	
2933	2.150305e+05	6.781259e+00	-1.28641e+02	
2934	2.162719e+05	6.723806e+00	-1.28771e+02	
2935	2.175204e+05	6.666289e+00	-1.28903e+02	
2936	2.187762e+05	6.608708e+00	-1.29036e+02	
2937	2.200392e+05	6.551062e+00	-1.29170e+02	
2938	2.213095e+05	6.493350e+00	-1.29305e+02	
2939	2.225871e+05	6.435572e+00	-1.29441e+02	
2940	2.238721e+05	6.377727e+00	-1.29578e+02	
2941	2.251645e+05	6.319813e+00	-1.29716e+02	
2942	2.264644e+05	6.261831e+00	-1.29855e+02	
2943	2.277718e+05	6.203780e+00	-1.29995e+02	
2944	2.290868e+05	6.145659e+00	-1.30136e+02	
2945	2.304093e+05	6.087466e+00	-1.30279e+02	
2946	2.317395e+05	6.029202e+00	-1.30422e+02	
2947	2.330773e+05	5.970866e+00	-1.30567e+02	
2948	2.344229e+05	5.912457e+00	-1.30713e+02	
2949	2.357762e+05	5.853974e+00	-1.30859e+02	
2950	2.371374e+05	5.795416e+00	-1.31007e+02	
2951	2.385064e+05	5.736783e+00	-1.31156e+02	
2952	2.398833e+05	5.678073e+00	-1.31306e+02	
2953	2.412682e+05	5.619287e+00	-1.31457e+02	
2954	2.426610e+05	5.560423e+00	-1.31609e+02	

Index   frequency       tdb             tph             
--------------------------------------------------------------------------------
2955	2.440619e+05	5.501481e+00	-1.31762e+02	
2956	2.454709e+05	5.442460e+00	-1.31917e+02	
2957	2.468880e+05	5.383358e+00	-1.32072e+02	
2958	2.483133e+05	5.324176e+00	-1.32228e+02	
2959	2.497468e+05	5.264913e+00	-1.32386e+02	
2960	2.511886e+05	5.205567e+00	-1.32545e+02	
2961	2.526388e+05	5.146138e+00	-1.32704e+02	
2962	2.540973e+05	5.086625e+00	-1.32865e+02	
2963	2.555642e+05	5.027028e+00	-1.33027e+02	
2964	2.570396e+05	4.967345e+00	-1.33190e+02	
2965	2.585235e+05	4.907576e+00	-1.33354e+02	
2966	2.600160e+05	4.847720e+00	-1.33520e+02	
2967	2.615170e+05	4.787776e+00	-1.33686e+02	
2968	2.630268e+05	4.727743e+00	-1.33853e+02	
2969	2.645453e+05	4.667621e+00	-1.34022e+02	
2970	2.660725e+05	4.607409e+00	-1.34191e+02	
2971	2.676086e+05	4.547106e+00	-1.34362e+02	
2972	2.691535e+05	4.486711e+00	-1.34534e+02	
2973	2.707073e+05	4.426223e+00	-1.34707e+02	
2974	2.722701e+05	4.365642e+00	-1.34881e+02	
2975	2.738420e+05	4.304967e+00	-1.35056e+02	
2976	2.754229e+05	4.244197e+00	-1.35232e+02	
2977	2.770129e+05	4.183330e+00	-1.35409e+02	
2978	2.786121e+05	4.122367e+00	-1.35587e+02	
2979	2.802206e+05	4.061307e+00	-1.35767e+02	
2980	2.818383e+05	4.000148e+00	-1.35947e+02	
2981	2.834654e+05	3.938890e+00	-1.36129e+02	
2982	2.851018e+05	3.877532e+00	-1.36312e+02	
2983	2.867477e+05	3.816073e+00	-1.36496e+02	
2984	2.884032e+05	3.754513e+00	-1.36681e+02	
2985	2.900681e+05	3.692850e+00	-1.36867e+02	
2986	2.917427e+05	3.631083e+00	-1.37054e+02	
2987	2.934270e+05	3.569213e+00	-1.37242e+02	
2988	2.951209e+05	3.507238e+00	-1.37432e+02	
2989	2.968247e+05	3.445157e+00	-1.37622e+02	
2990	2.985383e+05	3.382969e+00	-1.37814e+02	
2991	3.002617e+05	3.320674e+00	-1.38006e+02	
2992	3.019952e+05	3.258270e+00	-1.38200e+02	
2993	3.037386e+05	3.195757e+00	-1.38395e+02	
2994	3.054921e+05	3.133134e+00	-1.38591e+02	
2995	3.072557e+05	3.070401e+00	-1.38788e+02	
2996	3.090295e+05	3.007556e+00	-1.38986e+02	
2997	3.108136e+05	2.944598e+00	-1.39185e+02	
2998	3.126079e+05	2.881527e+00	-1.39386e+02	
2999	3.144126e+05	2.818341e+00	-1.39587e+02	
3000	3.162278e+05	2.755041e+00	-1.39790e+02	
3001	3.180534e+05	2.691625e+00	-1.39994e+02	
3002	3.198895e+05	2.628092e+00	-1.40198e+02	
3003	3.217363e+05	2.564441e+00	-1.40404e+02	
3004	3.235937e+05	2.500672e+00	-1.40611e+02	
3005	3.254618e+05	2.436784e+00	-1.40819e+02	
3006	3.273407e+05	2.372775e+00	-1.41029e+02	
3007	3.292305e+05	2.308646e+00	-1.41239e+02	
3008	3.311311e+05	2.244395e+00	-1.41450e+02	
3009	3.330428e+05	2.180021e+00	-1.41663e+02	
3010	3.349654e+05	2.115523e+00	-1.41876e+02	
3011	3.368992e+05	2.050902e+00	-1.42091e+02	
3012	3.388442e+05	1.986155e+00	-1.42307e+02	

Index   frequency       tdb             tph             
--------------------------------------------------------------------------------
3013	3.408003e+05	1.921282e+00	-1.42524e+02	
3014	3.427678e+05	1.856282e+00	-1.42742e+02	
3015	3.447466e+05	1.791154e+00	-1.42961e+02	
3016	3.467369e+05	1.725898e+00	-1.43181e+02	
3017	3.487386e+05	1.660513e+00	-1.43402e+02	
3018	3.507519e+05	1.594997e+00	-1.43625e+02	
3019	3.527768e+05	1.529350e+00	-1.43848e+02	
3020	3.548134e+05	1.463571e+00	-1.44073e+02	
3021	3.568617e+05	1.397660e+00	-1.44298e+02	
3022	3.589219e+05	1.331615e+00	-1.44525e+02	
3023	3.609940e+05	1.265435e+00	-1.44753e+02	
3024	3.630781e+05	1.199120e+00	-1.44982e+02	
3025	3.651741e+05	1.132670e+00	-1.45212e+02	
3026	3.672823e+05	1.066082e+00	-1.45443e+02	
3027	3.694026e+05	9.993561e-01	-1.45675e+02	
3028	3.715352e+05	9.324919e-01	-1.45908e+02	
3029	3.736801e+05	8.654883e-01	-1.46143e+02	
3030	3.758374e+05	7.983445e-01	-1.46378e+02	
3031	3.780071e+05	7.310596e-01	-1.46615e+02	
3032	3.801894e+05	6.636328e-01	-1.46852e+02	
3033	3.823843e+05	5.960633e-01	-1.47091e+02	
3034	3.845918e+05	5.283504e-01	-1.47331e+02	
3035	3.868121e+05	4.604931e-01	-1.47572e+02	
3036	3.890451e+05	3.924907e-01	-1.47813e+02	
3037	3.912911e+05	3.243423e-01	-1.48056e+02	
3038	3.935501e+05	2.560472e-01	-1.48300e+02	
3039	3.958221e+05	1.876045e-01	-1.48546e+02	
3040	3.981072e+05	1.190135e-01	-1.48792e+02	
3041	4.004055e+05	5.027330e-02	-1.49039e+02	
3042	4.027170e+05	-1.86168e-02	-1.49287e+02	
3043	4.050419e+05	-8.76577e-02	-1.49537e+02	
3044	4.073803e+05	-1.56850e-01	-1.49787e+02	
3045	4.097321e+05	-2.26195e-01	-1.50039e+02	
3046	4.120975e+05	-2.95693e-01	-1.50291e+02	
3047	4.144766e+05	-3.65344e-01	-1.50545e+02	
3048	4.168694e+05	-4.35151e-01	-1.50800e+02	
3049	4.192760e+05	-5.05112e-01	-1.51055e+02	
3050	4.216965e+05	-5.75230e-01	-1.51312e+02	
3051	4.241310e+05	-6.45505e-01	-1.51570e+02	
3052	4.265795e+05	-7.15938e-01	-1.51829e+02	
3053	4.290422e+05	-7.86529e-01	-1.52089e+02	
3054	4.315191e+05	-8.57279e-01	-1.52350e+02	
3055	4.340103e+05	-9.28190e-01	-1.52612e+02	
3056	4.365158e+05	-9.99261e-01	-1.52875e+02	
3057	4.390359e+05	-1.07049e+00	-1.53139e+02	
3058	4.415704e+05	-1.14189e+00	-1.53404e+02	
3059	4.441197e+05	-1.21345e+00	-1.53671e+02	
3060	4.466836e+05	-1.28517e+00	-1.53938e+02	
3061	4.492623e+05	-1.35705e+00	-1.54206e+02	
3062	4.518559e+05	-1.42910e+00	-1.54476e+02	
3063	4.544645e+05	-1.50132e+00	-1.54746e+02	
3064	4.570882e+05	-1.57370e+00	-1.55017e+02	
3065	4.597270e+05	-1.64626e+00	-1.55290e+02	
3066	4.623810e+05	-1.71897e+00	-1.55563e+02	
3067	4.650504e+05	-1.79186e+00	-1.55838e+02	
3068	4.677351e+05	-1.86492e+00	-1.56113e+02	
3069	4.704354e+05	-1.93814e+00	-1.56390e+02	
3070	4.731513e+05	-2.01154e+00	-1.56667e+02	

Index   frequency       tdb             tph             
--------------------------------------------------------------------------------
3071	4.758828e+05	-2.08511e+00	-1.56946e+02	
3072	4.786301e+05	-2.15885e+00	-1.57225e+02	
3073	4.813933e+05	-2.23277e+00	-1.57506e+02	
3074	4.841724e+05	-2.30685e+00	-1.57787e+02	
3075	4.869675e+05	-2.38111e+00	-1.58070e+02	
3076	4.897788e+05	-2.45555e+00	-1.58354e+02	
3077	4.926063e+05	-2.53016e+00	-1.58638e+02	
3078	4.954502e+05	-2.60495e+00	-1.58924e+02	
3079	4.983105e+05	-2.67991e+00	-1.59210e+02	
3080	5.011872e+05	-2.75506e+00	-1.59498e+02	
3081	5.040806e+05	-2.83038e+00	-1.59787e+02	
3082	5.069907e+05	-2.90587e+00	-1.60076e+02	
3083	5.099176e+05	-2.98155e+00	-1.60367e+02	
3084	5.128614e+05	-3.05741e+00	-1.60658e+02	
3085	5.158222e+05	-3.13345e+00	-1.60951e+02	
3086	5.188000e+05	-3.20967e+00	-1.61244e+02	
3087	5.217951e+05	-3.28607e+00	-1.61539e+02	
3088	5.248075e+05	-3.36265e+00	-1.61834e+02	
3089	5.278372e+05	-3.43942e+00	-1.62131e+02	
3090	5.308844e+05	-3.51637e+00	-1.62428e+02	
3091	5.339493e+05	-3.59350e+00	-1.62727e+02	
3092	5.370318e+05	-3.67082e+00	-1.63026e+02	
3093	5.401321e+05	-3.74832e+00	-1.63326e+02	
3094	5.432503e+05	-3.82601e+00	-1.63628e+02	
3095	5.463865e+05	-3.90388e+00	-1.63930e+02	
3096	5.495409e+05	-3.98194e+00	-1.64233e+02	
3097	5.527134e+05	-4.06019e+00	-1.64537e+02	
3098	5.559043e+05	-4.13863e+00	-1.64842e+02	
3099	5.591135e+05	-4.21726e+00	-1.65149e+02	
3100	5.623413e+05	-4.29607e+00	-1.65456e+02	
3101	5.655878e+05	-4.37508e+00	-1.65764e+02	
3102	5.688529e+05	-4.45427e+00	-1.66073e+02	
3103	5.721370e+05	-4.53365e+00	-1.66382e+02	
3104	5.754399e+05	-4.61323e+00	-1.66693e+02	
3105	5.787620e+05	-4.69300e+00	-1.67005e+02	
3106	5.821032e+05	-4.77296e+00	-1.67318e+02	
3107	5.854637e+05	-4.85311e+00	-1.67631e+02	
3108	5.888437e+05	-4.93346e+00	-1.67946e+02	
3109	5.922431e+05	-5.01399e+00	-1.68261e+02	
3110	5.956621e+05	-5.09473e+00	-1.68578e+02	
3111	5.991009e+05	-5.17566e+00	-1.68895e+02	
3112	6.025596e+05	-5.25678e+00	-1.69214e+02	
3113	6.060382e+05	-5.33810e+00	-1.69533e+02	
3114	6.095369e+05	-5.41961e+00	-1.69853e+02	
3115	6.130558e+05	-5.50132e+00	-1.70174e+02	
3116	6.165950e+05	-5.58323e+00	-1.70496e+02	
3117	6.201546e+05	-5.66533e+00	-1.70819e+02	
3118	6.237348e+05	-5.74763e+00	-1.71143e+02	
3119	6.273357e+05	-5.83014e+00	-1.71467e+02	
3120	6.309573e+05	-5.91283e+00	-1.71793e+02	
3121	6.345999e+05	-5.99573e+00	-1.72120e+02	
3122	6.382635e+05	-6.07883e+00	-1.72447e+02	
3123	6.419482e+05	-6.16213e+00	-1.72775e+02	
3124	6.456542e+05	-6.24563e+00	-1.73105e+02	
3125	6.493816e+05	-6.32933e+00	-1.73435e+02	
3126	6.531306e+05	-6.41323e+00	-1.73766e+02	
3127	6.569011e+05	-6.49733e+00	-1.74098e+02	
3128	6.606934e+05	-6.58163e+00	-1.74431e+02	

Index   frequency       tdb             tph             
--------------------------------------------------------------------------------
3129	6.645077e+05	-6.66614e+00	-1.74764e+02	
3130	6.683439e+05	-6.75085e+00	-1.75099e+02	
3131	6.722023e+05	-6.83576e+00	-1.75434e+02	
3132	6.760830e+05	-6.92088e+00	-1.75771e+02	
3133	6.799860e+05	-7.00620e+00	-1.76108e+02	
3134	6.839116e+05	-7.09172e+00	-1.76446e+02	
3135	6.878599e+05	-7.17745e+00	-1.76785e+02	
3136	6.918310e+05	-7.26338e+00	-1.77125e+02	
3137	6.958250e+05	-7.34952e+00	-1.77466e+02	
3138	6.998420e+05	-7.43587e+00	-1.77808e+02	
3139	7.038822e+05	-7.52242e+00	-1.78150e+02	
3140	7.079458e+05	-7.60918e+00	-1.78494e+02	
3141	7.120328e+05	-7.69615e+00	-1.78838e+02	
3142	7.161434e+05	-7.78332e+00	-1.79183e+02	
3143	7.202778e+05	-7.87070e+00	-1.79529e+02	
3144	7.244360e+05	-7.95829e+00	-1.79876e+02	
3145	7.286182e+05	-8.04609e+00	-1.80224e+02	
3146	7.328245e+05	-8.13409e+00	-1.80572e+02	
3147	7.370552e+05	-8.22231e+00	-1.80922e+02	
3148	7.413102e+05	-8.31074e+00	-1.81272e+02	
3149	7.455899e+05	-8.39937e+00	-1.81623e+02	
3150	7.498942e+05	-8.48822e+00	-1.81975e+02	
3151	7.542234e+05	-8.57727e+00	-1.82328e+02	
3152	7.585776e+05	-8.66654e+00	-1.82682e+02	
3153	7.629569e+05	-8.75602e+00	-1.83037e+02	
3154	7.673615e+05	-8.84571e+00	-1.83392e+02	
3155	7.717915e+05	-8.93561e+00	-1.83749e+02	
3156	7.762471e+05	-9.02573e+00	-1.84106e+02	
3157	7.807284e+05	-9.11605e+00	-1.84464e+02	
3158	7.852356e+05	-9.20659e+00	-1.84823e+02	
3159	7.897688e+05	-9.29735e+00	-1.85182e+02	
3160	7.943282e+05	-9.38831e+00	-1.85543e+02	
3161	7.989139e+05	-9.47950e+00	-1.85904e+02	
3162	8.035261e+05	-9.57089e+00	-1.86267e+02	
3163	8.081649e+05	-9.66250e+00	-1.86630e+02	
3164	8.128305e+05	-9.75433e+00	-1.86994e+02	
3165	8.175230e+05	-9.84637e+00	-1.87358e+02	
3166	8.222426e+05	-9.93863e+00	-1.87724e+02	
3167	8.269895e+05	-1.00311e+01	-1.88091e+02	
3168	8.317638e+05	-1.01238e+01	-1.88458e+02	
3169	8.365656e+05	-1.02167e+01	-1.88826e+02	
3170	8.413951e+05	-1.03098e+01	-1.89195e+02	
3171	8.462526e+05	-1.04032e+01	-1.89565e+02	
3172	8.511380e+05	-1.04967e+01	-1.89936e+02	
3173	8.560517e+05	-1.05905e+01	-1.90307e+02	
3174	8.609938e+05	-1.06845e+01	-1.90679e+02	
3175	8.659643e+05	-1.07787e+01	-1.91053e+02	
3176	8.709636e+05	-1.08731e+01	-1.91427e+02	
3177	8.759917e+05	-1.09678e+01	-1.91801e+02	
3178	8.810489e+05	-1.10627e+01	-1.92177e+02	
3179	8.861352e+05	-1.11578e+01	-1.92554e+02	
3180	8.912509e+05	-1.12531e+01	-1.92931e+02	
3181	8.963962e+05	-1.13486e+01	-1.93309e+02	
3182	9.015711e+05	-1.14444e+01	-1.93688e+02	
3183	9.067760e+05	-1.15404e+01	-1.94068e+02	
3184	9.120108e+05	-1.16366e+01	-1.94448e+02	
3185	9.172759e+05	-1.17330e+01	-1.94830e+02	
3186	9.225714e+05	-1.18296e+01	-1.95212e+02	

Index   frequency       tdb             tph             
--------------------------------------------------------------------------------
3187	9.278975e+05	-1.19265e+01	-1.95595e+02	
3188	9.332543e+05	-1.20236e+01	-1.95979e+02	
3189	9.386420e+05	-1.21209e+01	-1.96364e+02	
3190	9.440609e+05	-1.22185e+01	-1.96750e+02	
3191	9.495110e+05	-1.23162e+01	-1.97136e+02	
3192	9.549926e+05	-1.24142e+01	-1.97523e+02	
3193	9.605058e+05	-1.25125e+01	-1.97912e+02	
3194	9.660509e+05	-1.26109e+01	-1.98300e+02	
3195	9.716280e+05	-1.27096e+01	-1.98690e+02	
3196	9.772372e+05	-1.28085e+01	-1.99081e+02	
3197	9.828789e+05	-1.29076e+01	-1.99472e+02	
3198	9.885531e+05	-1.30070e+01	-1.99864e+02	
3199	9.942601e+05	-1.31065e+01	-2.00257e+02	
3200	1.000000e+06	-1.32063e+01	-2.00651e+02	
3201	1.005773e+06	-1.33064e+01	-2.01046e+02	
3202	1.011579e+06	-1.34067e+01	-2.01441e+02	
3203	1.017419e+06	-1.35072e+01	-2.01838e+02	
3204	1.023293e+06	-1.36079e+01	-2.02235e+02	
3205	1.029201e+06	-1.37089e+01	-2.02633e+02	
3206	1.035142e+06	-1.38100e+01	-2.03032e+02	
3207	1.041118e+06	-1.39115e+01	-2.03431e+02	
3208	1.047129e+06	-1.40131e+01	-2.03832e+02	
3209	1.053174e+06	-1.41150e+01	-2.04233e+02	
3210	1.059254e+06	-1.42171e+01	-2.04635e+02	
3211	1.065369e+06	-1.43195e+01	-2.05038e+02	
3212	1.071519e+06	-1.44221e+01	-2.05442e+02	
3213	1.077705e+06	-1.45249e+01	-2.05846e+02	
3214	1.083927e+06	-1.46280e+01	-2.06252e+02	
3215	1.090184e+06	-1.47313e+01	-2.06658e+02	
3216	1.096478e+06	-1.48348e+01	-2.07065e+02	
3217	1.102808e+06	-1.49386e+01	-2.07473e+02	
3218	1.109175e+06	-1.50426e+01	-2.07882e+02	
3219	1.115578e+06	-1.51468e+01	-2.08291e+02	
3220	1.122018e+06	-1.52513e+01	-2.08701e+02	
3221	1.128496e+06	-1.53560e+01	-2.09112e+02	
3222	1.135011e+06	-1.54610e+01	-2.09524e+02	
3223	1.141563e+06	-1.55662e+01	-2.09937e+02	
3224	1.148154e+06	-1.56716e+01	-2.10351e+02	
3225	1.154782e+06	-1.57773e+01	-2.10765e+02	
3226	1.161449e+06	-1.58832e+01	-2.11180e+02	
3227	1.168154e+06	-1.59894e+01	-2.11596e+02	
3228	1.174898e+06	-1.60958e+01	-2.12013e+02	
3229	1.181680e+06	-1.62024e+01	-2.12431e+02	
3230	1.188502e+06	-1.63093e+01	-2.12849e+02	
3231	1.195364e+06	-1.64165e+01	-2.13269e+02	
3232	1.202264e+06	-1.65238e+01	-2.13689e+02	
3233	1.209205e+06	-1.66315e+01	-2.14110e+02	
3234	1.216186e+06	-1.67393e+01	-2.14532e+02	
3235	1.223207e+06	-1.68474e+01	-2.14954e+02	
3236	1.230269e+06	-1.69558e+01	-2.15377e+02	
3237	1.237371e+06	-1.70644e+01	-2.15802e+02	
3238	1.244515e+06	-1.71733e+01	-2.16227e+02	
3239	1.251699e+06	-1.72824e+01	-2.16653e+02	
3240	1.258925e+06	-1.73917e+01	-2.17079e+02	
3241	1.266193e+06	-1.75013e+01	-2.17507e+02	
3242	1.273503e+06	-1.76112e+01	-2.17935e+02	
3243	1.280855e+06	-1.77213e+01	-2.18364e+02	
3244	1.288250e+06	-1.78317e+01	-2.18794e+02	

Index   frequency       tdb             tph             
--------------------------------------------------------------------------------
3245	1.295687e+06	-1.79423e+01	-2.19225e+02	
3246	1.303167e+06	-1.80532e+01	-2.19656e+02	
3247	1.310690e+06	-1.81643e+01	-2.20088e+02	
3248	1.318257e+06	-1.82757e+01	-2.20521e+02	
3249	1.325867e+06	-1.83873e+01	-2.20955e+02	
3250	1.333521e+06	-1.84992e+01	-2.21390e+02	
3251	1.341220e+06	-1.86113e+01	-2.21826e+02	
3252	1.348963e+06	-1.87237e+01	-2.22262e+02	
3253	1.356751e+06	-1.88364e+01	-2.22699e+02	
3254	1.364583e+06	-1.89493e+01	-2.23137e+02	
3255	1.372461e+06	-1.90624e+01	-2.23576e+02	
3256	1.380384e+06	-1.91759e+01	-2.24015e+02	
3257	1.388353e+06	-1.92896e+01	-2.24456e+02	
3258	1.396368e+06	-1.94035e+01	-2.24897e+02	
3259	1.404430e+06	-1.95177e+01	-2.25339e+02	
3260	1.412538e+06	-1.96322e+01	-2.25781e+02	
3261	1.420692e+06	-1.97470e+01	-2.26225e+02	
3262	1.428894e+06	-1.98620e+01	-2.26669e+02	
3263	1.437143e+06	-1.99772e+01	-2.27114e+02	
3264	1.445440e+06	-2.00928e+01	-2.27560e+02	
3265	1.453784e+06	-2.02086e+01	-2.28007e+02	
3266	1.462177e+06	-2.03246e+01	-2.28454e+02	
3267	1.470618e+06	-2.04410e+01	-2.28903e+02	
3268	1.479108e+06	-2.05576e+01	-2.29352e+02	
3269	1.487647e+06	-2.06744e+01	-2.29801e+02	
3270	1.496236e+06	-2.07916e+01	-2.30252e+02	
3271	1.504874e+06	-2.09090e+01	-2.30703e+02	
3272	1.513561e+06	-2.10267e+01	-2.31156e+02	
3273	1.522299e+06	-2.11446e+01	-2.31608e+02	
3274	1.531087e+06	-2.12628e+01	-2.32062e+02	
3275	1.539927e+06	-2.13813e+01	-2.32517e+02	
3276	1.548817e+06	-2.15001e+01	-2.32972e+02	
3277	1.557758e+06	-2.16191e+01	-2.33428e+02	
3278	1.566751e+06	-2.17384e+01	-2.33884e+02	
3279	1.575796e+06	-2.18580e+01	-2.34342e+02	
3280	1.584893e+06	-2.19779e+01	-2.34800e+02	
3281	1.594043e+06	-2.20981e+01	-2.35259e+02	
3282	1.603245e+06	-2.22185e+01	-2.35719e+02	
3283	1.612501e+06	-2.23392e+01	-2.36179e+02	
3284	1.621810e+06	-2.24602e+01	-2.36641e+02	
3285	1.631173e+06	-2.25814e+01	-2.37103e+02	
3286	1.640590e+06	-2.27030e+01	-2.37565e+02	
3287	1.650061e+06	-2.28248e+01	-2.38029e+02	
3288	1.659587e+06	-2.29469e+01	-2.38493e+02	
3289	1.669168e+06	-2.30693e+01	-2.38958e+02	
3290	1.678804e+06	-2.31920e+01	-2.39423e+02	
3291	1.688496e+06	-2.33149e+01	-2.39890e+02	
3292	1.698244e+06	-2.34382e+01	-2.40357e+02	
3293	1.708048e+06	-2.35617e+01	-2.40825e+02	
3294	1.717908e+06	-2.36855e+01	-2.41293e+02	
3295	1.727826e+06	-2.38096e+01	-2.41762e+02	
3296	1.737801e+06	-2.39340e+01	-2.42232e+02	
3297	1.747833e+06	-2.40587e+01	-2.42703e+02	
3298	1.757924e+06	-2.41836e+01	-2.43174e+02	
3299	1.768072e+06	-2.43089e+01	-2.43646e+02	
3300	1.778279e+06	-2.44344e+01	-2.44119e+02	
3301	1.788546e+06	-2.45603e+01	-2.44592e+02	
3302	1.798871e+06	-2.46864e+01	-2.45067e+02	

Index   frequency       tdb             tph             
--------------------------------------------------------------------------------
3303	1.809256e+06	-2.48128e+01	-2.45541e+02	
3304	1.819701e+06	-2.49395e+01	-2.46017e+02	
3305	1.830206e+06	-2.50666e+01	-2.46493e+02	
3306	1.840772e+06	-2.51939e+01	-2.46970e+02	
3307	1.851399e+06	-2.53215e+01	-2.47447e+02	
3308	1.862087e+06	-2.54493e+01	-2.47925e+02	
3309	1.872837e+06	-2.55775e+01	-2.48404e+02	
3310	1.883649e+06	-2.57060e+01	-2.48883e+02	
3311	1.894524e+06	-2.58348e+01	-2.49363e+02	
3312	1.905461e+06	-2.59639e+01	-2.49844e+02	
3313	1.916461e+06	-2.60933e+01	-2.50325e+02	
3314	1.927525e+06	-2.62230e+01	-2.50807e+02	
3315	1.938653e+06	-2.63529e+01	-2.51290e+02	
3316	1.949845e+06	-2.64832e+01	-2.51773e+02	
3317	1.961101e+06	-2.66138e+01	-2.52257e+02	
3318	1.972423e+06	-2.67447e+01	-2.52741e+02	
3319	1.983810e+06	-2.68759e+01	-2.53226e+02	
3320	1.995262e+06	-2.70074e+01	-2.53712e+02	
3321	2.006781e+06	-2.71392e+01	-2.54198e+02	
3322	2.018366e+06	-2.72713e+01	-2.54685e+02	
3323	2.030019e+06	-2.74037e+01	-2.55172e+02	
3324	2.041738e+06	-2.75364e+01	-2.55660e+02	
3325	2.053525e+06	-2.76694e+01	-2.56148e+02	
3326	2.065380e+06	-2.78027e+01	-2.56637e+02	
3327	2.077304e+06	-2.79364e+01	-2.57127e+02	
3328	2.089296e+06	-2.80703e+01	-2.57617e+02	
3329	2.101358e+06	-2.82046e+01	-2.58108e+02	
3330	2.113489e+06	-2.83391e+01	-2.58599e+02	
3331	2.125690e+06	-2.84740e+01	-2.59091e+02	
3332	2.137962e+06	-2.86092e+01	-2.59583e+02	
3333	2.150305e+06	-2.87446e+01	-2.60076e+02	
3334	2.162719e+06	-2.88804e+01	-2.60569e+02	
3335	2.175204e+06	-2.90166e+01	-2.61063e+02	
3336	2.187762e+06	-2.91530e+01	-2.61558e+02	
3337	2.200392e+06	-2.92897e+01	-2.62052e+02	
3338	2.213095e+06	-2.94267e+01	-2.62548e+02	
3339	2.225871e+06	-2.95641e+01	-2.63044e+02	
3340	2.238721e+06	-2.97018e+01	-2.63540e+02	
3341	2.251645e+06	-2.98398e+01	-2.64036e+02	
3342	2.264644e+06	-2.99780e+01	-2.64534e+02	
3343	2.277718e+06	-3.01167e+01	-2.65031e+02	
3344	2.290868e+06	-3.02556e+01	-2.65529e+02	
3345	2.304093e+06	-3.03948e+01	-2.66028e+02	
3346	2.317395e+06	-3.05344e+01	-2.66527e+02	
3347	2.330773e+06	-3.06743e+01	-2.67026e+02	
3348	2.344229e+06	-3.08144e+01	-2.67526e+02	
3349	2.357762e+06	-3.09549e+01	-2.68026e+02	
3350	2.371374e+06	-3.10958e+01	-2.68527e+02	
3351	2.385064e+06	-3.12369e+01	-2.69028e+02	
3352	2.398833e+06	-3.13784e+01	-2.69529e+02	
3353	2.412682e+06	-3.15201e+01	-2.70031e+02	
3354	2.426610e+06	-3.16622e+01	-2.70533e+02	
3355	2.440619e+06	-3.18046e+01	-2.71035e+02	
3356	2.454709e+06	-3.19474e+01	-2.71538e+02	
3357	2.468880e+06	-3.20904e+01	-2.72041e+02	
3358	2.483133e+06	-3.22338e+01	-2.72545e+02	
3359	2.497468e+06	-3.23775e+01	-2.73048e+02	
3360	2.511886e+06	-3.25215e+01	-2.73552e+02	

Index   frequency       tdb             tph             
--------------------------------------------------------------------------------
3361	2.526388e+06	-3.26658e+01	-2.74057e+02	
3362	2.540973e+06	-3.28104e+01	-2.74562e+02	
3363	2.555642e+06	-3.29554e+01	-2.75067e+02	
3364	2.570396e+06	-3.31006e+01	-2.75572e+02	
3365	2.585235e+06	-3.32462e+01	-2.76077e+02	
3366	2.600160e+06	-3.33922e+01	-2.76583e+02	
3367	2.615170e+06	-3.35384e+01	-2.77089e+02	
3368	2.630268e+06	-3.36850e+01	-2.77596e+02	
3369	2.645453e+06	-3.38318e+01	-2.78102e+02	
3370	2.660725e+06	-3.39790e+01	-2.78609e+02	
3371	2.676086e+06	-3.41265e+01	-2.79116e+02	
3372	2.691535e+06	-3.42744e+01	-2.79623e+02	
3373	2.707073e+06	-3.44225e+01	-2.80131e+02	
3374	2.722701e+06	-3.45710e+01	-2.80638e+02	
3375	2.738420e+06	-3.47198e+01	-2.81146e+02	
3376	2.754229e+06	-3.48689e+01	-2.81654e+02	
3377	2.770129e+06	-3.50183e+01	-2.82162e+02	
3378	2.786121e+06	-3.51681e+01	-2.82670e+02	
3379	2.802206e+06	-3.53182e+01	-2.83179e+02	
3380	2.818383e+06	-3.54685e+01	-2.83687e+02	
3381	2.834654e+06	-3.56193e+01	-2.84196e+02	
3382	2.851018e+06	-3.57703e+01	-2.84705e+02	
3383	2.867477e+06	-3.59216e+01	-2.85214e+02	
3384	2.884032e+06	-3.60733e+01	-2.85723e+02	
3385	2.900681e+06	-3.62253e+01	-2.86232e+02	
3386	2.917427e+06	-3.63776e+01	-2.86741e+02	
3387	2.934270e+06	-3.65302e+01	-2.87251e+02	
3388	2.951209e+06	-3.66831e+01	-2.87760e+02	
3389	2.968247e+06	-3.68364e+01	-2.88269e+02	
3390	2.985383e+06	-3.69899e+01	-2.88779e+02	
3391	3.002617e+06	-3.71438e+01	-2.89288e+02	
3392	3.019952e+06	-3.72980e+01	-2.89798e+02	
3393	3.037386e+06	-3.74526e+01	-2.90307e+02	
3394	3.054921e+06	-3.76074e+01	-2.90817e+02	
3395	3.072557e+06	-3.77625e+01	-2.91326e+02	
3396	3.090295e+06	-3.79180e+01	-2.91836e+02	
3397	3.108136e+06	-3.80738e+01	-2.92345e+02	
3398	3.126079e+06	-3.82299e+01	-2.92854e+02	
3399	3.144126e+06	-3.83863e+01	-2.93364e+02	
3400	3.162278e+06	-3.85430e+01	-2.93873e+02	
3401	3.180534e+06	-3.87000e+01	-2.94382e+02	
3402	3.198895e+06	-3.88574e+01	-2.94891e+02	
3403	3.217363e+06	-3.90150e+01	-2.95400e+02	
3404	3.235937e+06	-3.91730e+01	-2.95909e+02	
3405	3.254618e+06	-3.93312e+01	-2.96418e+02	
3406	3.273407e+06	-3.94898e+01	-2.96927e+02	
3407	3.292305e+06	-3.96487e+01	-2.97436e+02	
3408	3.311311e+06	-3.98079e+01	-2.97944e+02	
3409	3.330428e+06	-3.99674e+01	-2.98452e+02	
3410	3.349654e+06	-4.01272e+01	-2.98960e+02	
3411	3.368992e+06	-4.02874e+01	-2.99468e+02	
3412	3.388442e+06	-4.04478e+01	-2.99976e+02	
3413	3.408003e+06	-4.06085e+01	-3.00484e+02	
3414	3.427678e+06	-4.07696e+01	-3.00991e+02	
3415	3.447466e+06	-4.09309e+01	-3.01498e+02	
3416	3.467369e+06	-4.10926e+01	-3.02005e+02	
3417	3.487386e+06	-4.12545e+01	-3.02512e+02	
3418	3.507519e+06	-4.14168e+01	-3.03019e+02	

Index   frequency       tdb             tph             
--------------------------------------------------------------------------------
3419	3.527768e+06	-4.15793e+01	-3.03525e+02	
3420	3.548134e+06	-4.17422e+01	-3.04031e+02	
3421	3.568617e+06	-4.19053e+01	-3.04536e+02	
3422	3.589219e+06	-4.20688e+01	-3.05042e+02	
3423	3.609940e+06	-4.22325e+01	-3.05547e+02	
3424	3.630781e+06	-4.23966e+01	-3.06052e+02	
3425	3.651741e+06	-4.25609e+01	-3.06556e+02	
3426	3.672823e+06	-4.27256e+01	-3.07060e+02	
3427	3.694026e+06	-4.28905e+01	-3.07564e+02	
3428	3.715352e+06	-4.30557e+01	-3.08068e+02	
3429	3.736801e+06	-4.32212e+01	-3.08571e+02	
3430	3.758374e+06	-4.33871e+01	-3.09074e+02	
3431	3.780071e+06	-4.35532e+01	-3.09576e+02	
3432	3.801894e+06	-4.37196e+01	-3.10078e+02	
3433	3.823843e+06	-4.38862e+01	-3.10580e+02	
3434	3.845918e+06	-4.40532e+01	-3.11081e+02	
3435	3.868121e+06	-4.42205e+01	-3.11582e+02	
3436	3.890451e+06	-4.43880e+01	-3.12082e+02	
3437	3.912911e+06	-4.45558e+01	-3.12582e+02	
3438	3.935501e+06	-4.47240e+01	-3.13081e+02	
3439	3.958221e+06	-4.48924e+01	-3.13580e+02	
3440	3.981072e+06	-4.50610e+01	-3.14079e+02	
3441	4.004055e+06	-4.52300e+01	-3.14577e+02	
3442	4.027170e+06	-4.53992e+01	-3.15075e+02	
3443	4.050419e+06	-4.55688e+01	-3.15572e+02	
3444	4.073803e+06	-4.57386e+01	-3.16068e+02	
3445	4.097321e+06	-4.59086e+01	-3.16565e+02	
3446	4.120975e+06	-4.60790e+01	-3.17060e+02	
3447	4.144766e+06	-4.62496e+01	-3.17555e+02	
3448	4.168694e+06	-4.64205e+01	-3.18050e+02	
3449	4.192760e+06	-4.65917e+01	-3.18544e+02	
3450	4.216965e+06	-4.67631e+01	-3.19037e+02	
3451	4.241310e+06	-4.69349e+01	-3.19530e+02	
3452	4.265795e+06	-4.71068e+01	-3.20022e+02	
3453	4.290422e+06	-4.72791e+01	-3.20514e+02	
3454	4.315191e+06	-4.74516e+01	-3.21005e+02	
3455	4.340103e+06	-4.76244e+01	-3.21495e+02	
3456	4.365158e+06	-4.77975e+01	-3.21985e+02	
3457	4.390359e+06	-4.79708e+01	-3.22474e+02	
3458	4.415704e+06	-4.81444e+01	-3.22963e+02	
3459	4.441197e+06	-4.83182e+01	-3.23450e+02	
3460	4.466836e+06	-4.84923e+01	-3.23938e+02	
3461	4.492623e+06	-4.86667e+01	-3.24424e+02	
3462	4.518559e+06	-4.88413e+01	-3.24910e+02	
3463	4.544645e+06	-4.90162e+01	-3.25395e+02	
3464	4.570882e+06	-4.91913e+01	-3.25880e+02	
3465	4.597270e+06	-4.93667e+01	-3.26364e+02	
3466	4.623810e+06	-4.95423e+01	-3.26847e+02	
3467	4.650504e+06	-4.97182e+01	-3.27329e+02	
3468	4.677351e+06	-4.98943e+01	-3.27811e+02	
3469	4.704354e+06	-5.00707e+01	-3.28292e+02	
3470	4.731513e+06	-5.02474e+01	-3.28772e+02	
3471	4.758828e+06	-5.04243e+01	-3.29252e+02	
3472	4.786301e+06	-5.06014e+01	-3.29731e+02	
3473	4.813933e+06	-5.07788e+01	-3.30209e+02	
3474	4.841724e+06	-5.09564e+01	-3.30686e+02	
3475	4.869675e+06	-5.11343e+01	-3.31162e+02	
3476	4.897788e+06	-5.13124e+01	-3.31638e+02	

Index   frequency       tdb             tph             
--------------------------------------------------------------------------------
3477	4.926063e+06	-5.14907e+01	-3.32113e+02	
3478	4.954502e+06	-5.16693e+01	-3.32587e+02	
3479	4.983105e+06	-5.18482e+01	-3.33060e+02	
3480	5.011872e+06	-5.20272e+01	-3.33532e+02	
3481	5.040806e+06	-5.22065e+01	-3.34004e+02	
3482	5.069907e+06	-5.23861e+01	-3.34475e+02	
3483	5.099176e+06	-5.25658e+01	-3.34945e+02	
3484	5.128614e+06	-5.27459e+01	-3.35414e+02	
3485	5.158222e+06	-5.29261e+01	-3.35882e+02	
3486	5.188000e+06	-5.31066e+01	-3.36349e+02	
3487	5.217951e+06	-5.32873e+01	-3.36816e+02	
3488	5.248075e+06	-5.34682e+01	-3.37281e+02	
3489	5.278372e+06	-5.36494e+01	-3.37746e+02	
3490	5.308844e+06	-5.38307e+01	-3.38210e+02	
3491	5.339493e+06	-5.40124e+01	-3.38673e+02	
3492	5.370318e+06	-5.41942e+01	-3.39135e+02	
3493	5.401321e+06	-5.43763e+01	-3.39596e+02	
3494	5.432503e+06	-5.45586e+01	-3.40056e+02	
3495	5.463865e+06	-5.47411e+01	-3.40516e+02	
3496	5.495409e+06	-5.49238e+01	-3.40974e+02	
3497	5.527134e+06	-5.51068e+01	-3.41432e+02	
3498	5.559043e+06	-5.52899e+01	-3.41888e+02	
3499	5.591135e+06	-5.54733e+01	-3.42344e+02	
3500	5.623413e+06	-5.56569e+01	-3.42799e+02	
3501	5.655878e+06	-5.58408e+01	-3.43252e+02	
3502	5.688529e+06	-5.60248e+01	-3.43705e+02	
3503	5.721370e+06	-5.62091e+01	-3.44157e+02	
3504	5.754399e+06	-5.63936e+01	-3.44608e+02	
3505	5.787620e+06	-5.65783e+01	-3.45058e+02	
3506	5.821032e+06	-5.67632e+01	-3.45507e+02	
3507	5.854637e+06	-5.69483e+01	-3.45954e+02	
3508	5.888437e+06	-5.71337e+01	-3.46401e+02	
3509	5.922431e+06	-5.73192e+01	-3.46847e+02	
3510	5.956621e+06	-5.75050e+01	-3.47292e+02	
3511	5.991009e+06	-5.76910e+01	-3.47736e+02	
3512	6.025596e+06	-5.78772e+01	-3.48179e+02	
3513	6.060382e+06	-5.80636e+01	-3.48621e+02	
3514	6.095369e+06	-5.82502e+01	-3.49062e+02	
3515	6.130558e+06	-5.84370e+01	-3.49502e+02	
3516	6.165950e+06	-5.86241e+01	-3.49941e+02	
3517	6.201546e+06	-5.88113e+01	-3.50379e+02	
3518	6.237348e+06	-5.89988e+01	-3.50816e+02	
3519	6.273357e+06	-5.91864e+01	-3.51252e+02	
3520	6.309573e+06	-5.93743e+01	-3.51687e+02	
3521	6.345999e+06	-5.95624e+01	-3.52120e+02	
3522	6.382635e+06	-5.97507e+01	-3.52553e+02	
3523	6.419482e+06	-5.99393e+01	-3.52985e+02	
3524	6.456542e+06	-6.01280e+01	-3.53416e+02	
3525	6.493816e+06	-6.03169e+01	-3.53845e+02	
3526	6.531306e+06	-6.05061e+01	-3.54274e+02	
3527	6.569011e+06	-6.06955e+01	-3.54702e+02	
3528	6.606934e+06	-6.08851e+01	-3.55128e+02	
3529	6.645077e+06	-6.10748e+01	-3.55554e+02	
3530	6.683439e+06	-6.12649e+01	-3.55978e+02	
3531	6.722023e+06	-6.14551e+01	-3.56402e+02	
3532	6.760830e+06	-6.16455e+01	-3.56824e+02	
3533	6.799860e+06	-6.18362e+01	-3.57246e+02	
3534	6.839116e+06	-6.20271e+01	-3.57666e+02	

Index   frequency       tdb             tph             
--------------------------------------------------------------------------------
3535	6.878599e+06	-6.22182e+01	-3.58085e+02	
3536	6.918310e+06	-6.24095e+01	-3.58503e+02	
3537	6.958250e+06	-6.26010e+01	-3.58920e+02	
3538	6.998420e+06	-6.27928e+01	-3.59337e+02	
3539	7.038822e+06	-6.29847e+01	-3.59752e+02	
3540	7.079458e+06	-6.31769e+01	-3.60166e+02	
3541	7.120328e+06	-6.33694e+01	-3.60579e+02	
3542	7.161434e+06	-6.35620e+01	-3.60990e+02	
3543	7.202778e+06	-6.37549e+01	-3.61401e+02	
3544	7.244360e+06	-6.39480e+01	-3.61811e+02	
3545	7.286182e+06	-6.41414e+01	-3.62220e+02	
3546	7.328245e+06	-6.43349e+01	-3.62628e+02	
3547	7.370552e+06	-6.45287e+01	-3.63034e+02	
3548	7.413102e+06	-6.47228e+01	-3.63440e+02	
3549	7.455899e+06	-6.49171e+01	-3.63845e+02	
3550	7.498942e+06	-6.51116e+01	-3.64248e+02	
3551	7.542234e+06	-6.53064e+01	-3.64651e+02	
3552	7.585776e+06	-6.55014e+01	-3.65052e+02	
3553	7.629569e+06	-6.56967e+01	-3.65453e+02	
3554	7.673615e+06	-6.58922e+01	-3.65852e+02	
3555	7.717915e+06	-6.60880e+01	-3.66251e+02	
3556	7.762471e+06	-6.62841e+01	-3.66648e+02	
3557	7.807284e+06	-6.64804e+01	-3.67044e+02	
3558	7.852356e+06	-6.66769e+01	-3.67440e+02	
3559	7.897688e+06	-6.68738e+01	-3.67834e+02	
3560	7.943282e+06	-6.70709e+01	-3.68227e+02	
3561	7.989139e+06	-6.72683e+01	-3.68620e+02	
3562	8.035261e+06	-6.74660e+01	-3.69011e+02	
3563	8.081649e+06	-6.76639e+01	-3.69401e+02	
3564	8.128305e+06	-6.78621e+01	-3.69791e+02	
3565	8.175230e+06	-6.80607e+01	-3.70179e+02	
3566	8.222426e+06	-6.82595e+01	-3.70567e+02	
3567	8.269895e+06	-6.84586e+01	-3.70953e+02	
3568	8.317638e+06	-6.86580e+01	-3.71339e+02	
3569	8.365656e+06	-6.88578e+01	-3.71723e+02	
3570	8.413951e+06	-6.90578e+01	-3.72107e+02	
3571	8.462526e+06	-6.92582e+01	-3.72489e+02	
3572	8.511380e+06	-6.94589e+01	-3.72871e+02	
3573	8.560517e+06	-6.96600e+01	-3.73252e+02	
3574	8.609938e+06	-6.98613e+01	-3.73632e+02	
3575	8.659643e+06	-7.00631e+01	-3.74010e+02	
3576	8.709636e+06	-7.02651e+01	-3.74388e+02	
3577	8.759917e+06	-7.04676e+01	-3.74766e+02	
3578	8.810489e+06	-7.06704e+01	-3.75142e+02	
3579	8.861352e+06	-7.08735e+01	-3.75517e+02	
3580	8.912509e+06	-7.10771e+01	-3.75891e+02	
3581	8.963962e+06	-7.12810e+01	-3.76265e+02	
3582	9.015711e+06	-7.14853e+01	-3.76638e+02	
3583	9.067760e+06	-7.16900e+01	-3.77010e+02	
3584	9.120108e+06	-7.18951e+01	-3.77381e+02	
3585	9.172759e+06	-7.21007e+01	-3.77751e+02	
3586	9.225714e+06	-7.23067e+01	-3.78120e+02	
3587	9.278975e+06	-7.25131e+01	-3.78489e+02	
3588	9.332543e+06	-7.27199e+01	-3.78857e+02	
3589	9.386420e+06	-7.29272e+01	-3.79224e+02	
3590	9.440609e+06	-7.31350e+01	-3.79590e+02	
3591	9.495110e+06	-7.33433e+01	-3.79955e+02	
3592	9.549926e+06	-7.35520e+01	-3.80320e+02	

Index   frequency       tdb             tph             
--------------------------------------------------------------------------------
3593	9.605058e+06	-7.37612e+01	-3.80684e+02	
3594	9.660509e+06	-7.39710e+01	-3.81047e+02	
3595	9.716280e+06	-7.41812e+01	-3.81410e+02	
3596	9.772372e+06	-7.43920e+01	-3.81772e+02	
3597	9.828789e+06	-7.46034e+01	-3.82133e+02	
3598	9.885531e+06	-7.48153e+01	-3.82494e+02	
3599	9.942601e+06	-7.50277e+01	-3.82854e+02	
3600	1.000000e+07	-7.52408e+01	-3.83213e+02	
3601	1.005773e+07	-7.54544e+01	-3.83572e+02	
3602	1.011579e+07	-7.56687e+01	-3.83930e+02	
3603	1.017419e+07	-7.58836e+01	-3.84288e+02	
3604	1.023293e+07	-7.60992e+01	-3.84645e+02	
3605	1.029201e+07	-7.63154e+01	-3.85002e+02	
3606	1.035142e+07	-7.65323e+01	-3.85358e+02	
3607	1.041118e+07	-7.67498e+01	-3.85714e+02	
3608	1.047129e+07	-7.69681e+01	-3.86069e+02	
3609	1.053174e+07	-7.71872e+01	-3.86424e+02	
3610	1.059254e+07	-7.74069e+01	-3.86778e+02	
3611	1.065369e+07	-7.76275e+01	-3.87132e+02	
3612	1.071519e+07	-7.78489e+01	-3.87486e+02	
3613	1.077705e+07	-7.80710e+01	-3.87839e+02	
3614	1.083927e+07	-7.82940e+01	-3.88192e+02	
3615	1.090184e+07	-7.85179e+01	-3.88545e+02	
3616	1.096478e+07	-7.87426e+01	-3.88898e+02	
3617	1.102808e+07	-7.89683e+01	-3.89250e+02	
3618	1.109175e+07	-7.91949e+01	-3.89602e+02	
3619	1.115578e+07	-7.94224e+01	-3.89955e+02	
3620	1.122018e+07	-7.96510e+01	-3.90307e+02	
3621	1.128496e+07	-7.98806e+01	-3.90659e+02	
3622	1.135011e+07	-8.01112e+01	-3.91011e+02	
3623	1.141563e+07	-8.03429e+01	-3.91363e+02	
3624	1.148154e+07	-8.05757e+01	-3.91715e+02	
3625	1.154782e+07	-8.08096e+01	-3.92067e+02	
3626	1.161449e+07	-8.10447e+01	-3.92420e+02	
3627	1.168154e+07	-8.12811e+01	-3.92773e+02	
3628	1.174898e+07	-8.15186e+01	-3.93126e+02	
3629	1.181680e+07	-8.17575e+01	-3.93479e+02	
3630	1.188502e+07	-8.19977e+01	-3.93833e+02	
3631	1.195364e+07	-8.22393e+01	-3.94187e+02	
3632	1.202264e+07	-8.24823e+01	-3.94542e+02	
3633	1.209205e+07	-8.27268e+01	-3.94898e+02	
3634	1.216186e+07	-8.29728e+01	-3.95254e+02	
3635	1.223207e+07	-8.32203e+01	-3.95611e+02	
3636	1.230269e+07	-8.34694e+01	-3.95968e+02	
3637	1.237371e+07	-8.37203e+01	-3.96327e+02	
3638	1.244515e+07	-8.39728e+01	-3.96687e+02	
3639	1.251699e+07	-8.42271e+01	-3.97048e+02	
3640	1.258925e+07	-8.44833e+01	-3.97410e+02	
3641	1.266193e+07	-8.47414e+01	-3.97773e+02	
3642	1.273503e+07	-8.50015e+01	-3.98138e+02	
3643	1.280855e+07	-8.52636e+01	-3.98504e+02	
3644	1.288250e+07	-8.55278e+01	-3.98872e+02	
3645	1.295687e+07	-8.57943e+01	-3.99242e+02	
3646	1.303167e+07	-8.60630e+01	-3.99614e+02	
3647	1.310690e+07	-8.63341e+01	-3.99988e+02	
3648	1.318257e+07	-8.66077e+01	-4.00365e+02	
3649	1.325867e+07	-8.68839e+01	-4.00744e+02	
3650	1.333521e+07	-8.71627e+01	-4.01126e+02	

Index   frequency       tdb             tph             
--------------------------------------------------------------------------------
3651	1.341220e+07	-8.74443e+01	-4.01510e+02	
3652	1.348963e+07	-8.77287e+01	-4.01898e+02	
3653	1.356751e+07	-8.80162e+01	-4.02289e+02	
3654	1.364583e+07	-8.83068e+01	-4.02684e+02	
3655	1.372461e+07	-8.86007e+01	-4.03082e+02	
3656	1.380384e+07	-8.88980e+01	-4.03485e+02	
3657	1.388353e+07	-8.91989e+01	-4.03893e+02	
3658	1.396368e+07	-8.95034e+01	-4.04305e+02	
3659	1.404430e+07	-8.98119e+01	-4.04723e+02	
3660	1.412538e+07	-9.01245e+01	-4.05147e+02	
3661	1.420692e+07	-9.04413e+01	-4.05577e+02	
3662	1.428894e+07	-9.07626e+01	-4.06013e+02	
3663	1.437143e+07	-9.10886e+01	-4.06457e+02	
3664	1.445440e+07	-9.14195e+01	-4.06909e+02	
3665	1.453784e+07	-9.17557e+01	-4.07369e+02	
3666	1.462177e+07	-9.20973e+01	-4.07839e+02	
3667	1.470618e+07	-9.24446e+01	-4.08319e+02	
3668	1.479108e+07	-9.27981e+01	-4.08810e+02	
3669	1.487647e+07	-9.31579e+01	-4.09313e+02	
3670	1.496236e+07	-9.35246e+01	-4.09830e+02	
3671	1.504874e+07	-9.38984e+01	-4.10361e+02	
3672	1.513561e+07	-9.42799e+01	-4.10908e+02	
3673	1.522299e+07	-9.46695e+01	-4.11473e+02	
3674	1.531087e+07	-9.50677e+01	-4.12057e+02	
3675	1.539927e+07	-9.54751e+01	-4.12663e+02	
3676	1.548817e+07	-9.58923e+01	-4.13293e+02	
3677	1.557758e+07	-9.63199e+01	-4.13950e+02	
3678	1.566751e+07	-9.67588e+01	-4.14636e+02	
3679	1.575796e+07	-9.72098e+01	-4.15356e+02	
3680	1.584893e+07	-9.76736e+01	-4.16114e+02	
3681	1.594043e+07	-9.81515e+01	-4.16914e+02	
3682	1.603245e+07	-9.86444e+01	-4.17762e+02	
3683	1.612501e+07	-9.91536e+01	-4.18666e+02	
3684	1.621810e+07	-9.96804e+01	-4.19632e+02	
3685	1.631173e+07	-1.00226e+02	-4.20672e+02	
3686	1.640590e+07	-1.00793e+02	-4.21796e+02	
3687	1.650061e+07	-1.01383e+02	-4.23019e+02	
3688	1.659587e+07	-1.01998e+02	-4.24357e+02	
3689	1.669168e+07	-1.02640e+02	-4.25834e+02	
3690	1.678804e+07	-1.03311e+02	-4.27474e+02	
3691	1.688496e+07	-1.04015e+02	-4.29312e+02	
3692	1.698244e+07	-1.04755e+02	-4.31391e+02	
3693	1.708048e+07	-1.05532e+02	-4.33765e+02	
3694	1.717908e+07	-1.06350e+02	-4.36504e+02	
3695	1.727826e+07	-1.07209e+02	-4.39700e+02	
3696	1.737801e+07	-1.08109e+02	-4.43470e+02	
3697	1.747833e+07	-1.09045e+02	-4.47962e+02	
3698	1.757924e+07	-1.10003e+02	-4.53363e+02	
3699	1.768072e+07	-1.10958e+02	-4.59882e+02	
3700	1.778279e+07	-1.11865e+02	-4.67717e+02	
3701	1.788546e+07	-1.12653e+02	-4.76974e+02	
3702	1.798871e+07	-1.13231e+02	-4.87522e+02	
3703	1.809256e+07	-1.13516e+02	-4.98882e+02	
3704	1.819701e+07	-1.13471e+02	-5.10275e+02	
3705	1.830206e+07	-1.13127e+02	-5.20914e+02	
3706	1.840772e+07	-1.12567e+02	-5.30285e+02	
3707	1.851399e+07	-1.11880e+02	-5.38233e+02	
3708	1.862087e+07	-1.11139e+02	-5.44849e+02	

Index   frequency       tdb             tph             
--------------------------------------------------------------------------------
3709	1.872837e+07	-1.10393e+02	-5.50328e+02	
3710	1.883649e+07	-1.09668e+02	-5.54881e+02	
3711	1.894524e+07	-1.08977e+02	-5.58694e+02	
3712	1.905461e+07	-1.08327e+02	-5.61921e+02	
3713	1.916461e+07	-1.07719e+02	-5.64682e+02	
3714	1.927525e+07	-1.07151e+02	-5.67069e+02	
3715	1.938653e+07	-1.06622e+02	-5.69155e+02	
3716	1.949845e+07	-1.06128e+02	-5.70994e+02	
3717	1.961101e+07	-1.05667e+02	-5.72631e+02	
3718	1.972423e+07	-1.05235e+02	-5.74100e+02	
3719	1.983810e+07	-1.04832e+02	-5.75428e+02	
3720	1.995262e+07	-1.04453e+02	-5.76637e+02	
3721	2.006781e+07	-1.04097e+02	-5.77745e+02	
3722	2.018366e+07	-1.03763e+02	-5.78766e+02	
3723	2.030019e+07	-1.03447e+02	-5.79711e+02	
3724	2.041738e+07	-1.03150e+02	-5.80591e+02	
3725	2.053525e+07	-1.02869e+02	-5.81414e+02	
3726	2.065380e+07	-1.02603e+02	-5.82187e+02	
3727	2.077304e+07	-1.02351e+02	-5.82916e+02	
3728	2.089296e+07	-1.02113e+02	-5.83604e+02	
3729	2.101358e+07	-1.01886e+02	-5.84258e+02	
3730	2.113489e+07	-1.01671e+02	-5.84881e+02	
3731	2.125690e+07	-1.01467e+02	-5.85475e+02	
3732	2.137962e+07	-1.01272e+02	-5.86043e+02	
3733	2.150305e+07	-1.01087e+02	-5.86588e+02	
3734	2.162719e+07	-1.00910e+02	-5.87112e+02	
3735	2.175204e+07	-1.00741e+02	-5.87617e+02	
3736	2.187762e+07	-1.00581e+02	-5.88104e+02	
3737	2.200392e+07	-1.00427e+02	-5.88576e+02	
3738	2.213095e+07	-1.00281e+02	-5.89032e+02	
3739	2.225871e+07	-1.00141e+02	-5.89475e+02	
3740	2.238721e+07	-1.00007e+02	-5.89905e+02	
3741	2.251645e+07	-9.98786e+01	-5.90324e+02	
3742	2.264644e+07	-9.97561e+01	-5.90731e+02	
3743	2.277718e+07	-9.96388e+01	-5.91129e+02	
3744	2.290868e+07	-9.95266e+01	-5.91517e+02	
3745	2.304093e+07	-9.94192e+01	-5.91897e+02	
3746	2.317395e+07	-9.93163e+01	-5.92268e+02	
3747	2.330773e+07	-9.92178e+01	-5.92631e+02	
3748	2.344229e+07	-9.91234e+01	-5.92987e+02	
3749	2.357762e+07	-9.90330e+01	-5.93337e+02	
3750	2.371374e+07	-9.89465e+01	-5.93680e+02	
3751	2.385064e+07	-9.88635e+01	-5.94017e+02	
3752	2.398833e+07	-9.87841e+01	-5.94348e+02	
3753	2.412682e+07	-9.87080e+01	-5.94674e+02	
3754	2.426610e+07	-9.86352e+01	-5.94995e+02	
3755	2.440619e+07	-9.85654e+01	-5.95311e+02	
3756	2.454709e+07	-9.84986e+01	-5.95623e+02	
3757	2.468880e+07	-9.84347e+01	-5.95930e+02	
3758	2.483133e+07	-9.83735e+01	-5.96233e+02	
3759	2.497468e+07	-9.83150e+01	-5.96532e+02	
3760	2.511886e+07	-9.82590e+01	-5.96827e+02	
3761	2.526388e+07	-9.82055e+01	-5.97118e+02	
3762	2.540973e+07	-9.81544e+01	-5.97407e+02	
3763	2.555642e+07	-9.81056e+01	-5.97691e+02	
3764	2.570396e+07	-9.80589e+01	-5.97973e+02	
3765	2.585235e+07	-9.80145e+01	-5.98252e+02	
3766	2.600160e+07	-9.79721e+01	-5.98527e+02	

Index   frequency       tdb             tph             
--------------------------------------------------------------------------------
3767	2.615170e+07	-9.79317e+01	-5.98800e+02	
3768	2.630268e+07	-9.78932e+01	-5.99070e+02	
3769	2.645453e+07	-9.78567e+01	-5.99338e+02	
3770	2.660725e+07	-9.78219e+01	-5.99603e+02	
3771	2.676086e+07	-9.77889e+01	-5.99866e+02	
3772	2.691535e+07	-9.77576e+01	-6.00126e+02	
3773	2.707073e+07	-9.77280e+01	-6.00384e+02	
3774	2.722701e+07	-9.76999e+01	-6.00640e+02	
3775	2.738420e+07	-9.76735e+01	-6.00894e+02	
3776	2.754229e+07	-9.76485e+01	-6.01146e+02	
3777	2.770129e+07	-9.76250e+01	-6.01396e+02	
3778	2.786121e+07	-9.76030e+01	-6.01644e+02	
3779	2.802206e+07	-9.75823e+01	-6.01891e+02	
3780	2.818383e+07	-9.75630e+01	-6.02135e+02	
3781	2.834654e+07	-9.75450e+01	-6.02378e+02	
3782	2.851018e+07	-9.75282e+01	-6.02619e+02	
3783	2.867477e+07	-9.75128e+01	-6.02859e+02	
3784	2.884032e+07	-9.74985e+01	-6.03096e+02	
3785	2.900681e+07	-9.74854e+01	-6.03333e+02	
3786	2.917427e+07	-9.74734e+01	-6.03568e+02	
3787	2.934270e+07	-9.74625e+01	-6.03801e+02	
3788	2.951209e+07	-9.74528e+01	-6.04033e+02	
3789	2.968247e+07	-9.74441e+01	-6.04264e+02	
3790	2.985383e+07	-9.74364e+01	-6.04493e+02	
3791	3.002617e+07	-9.74297e+01	-6.04721e+02	
3792	3.019952e+07	-9.74241e+01	-6.04948e+02	
3793	3.037386e+07	-9.74193e+01	-6.05173e+02	
3794	3.054921e+07	-9.74155e+01	-6.05398e+02	
3795	3.072557e+07	-9.74127e+01	-6.05621e+02	
3796	3.090295e+07	-9.74107e+01	-6.05843e+02	
3797	3.108136e+07	-9.74096e+01	-6.06064e+02	
3798	3.126079e+07	-9.74093e+01	-6.06283e+02	
3799	3.144126e+07	-9.74098e+01	-6.06502e+02	
3800	3.162278e+07	-9.74112e+01	-6.06720e+02	
3801	3.180534e+07	-9.74134e+01	-6.06936e+02	
3802	3.198895e+07	-9.74163e+01	-6.07152e+02	
3803	3.217363e+07	-9.74200e+01	-6.07366e+02	
3804	3.235937e+07	-9.74244e+01	-6.07580e+02	
3805	3.254618e+07	-9.74296e+01	-6.07792e+02	
3806	3.273407e+07	-9.74354e+01	-6.08004e+02	
3807	3.292305e+07	-9.74420e+01	-6.08215e+02	
3808	3.311311e+07	-9.74492e+01	-6.08425e+02	
3809	3.330428e+07	-9.74571e+01	-6.08634e+02	
3810	3.349654e+07	-9.74656e+01	-6.08842e+02	
3811	3.368992e+07	-9.74748e+01	-6.09049e+02	
3812	3.388442e+07	-9.74845e+01	-6.09256e+02	
3813	3.408003e+07	-9.74949e+01	-6.09461e+02	
3814	3.427678e+07	-9.75059e+01	-6.09666e+02	
3815	3.447466e+07	-9.75175e+01	-6.09870e+02	
3816	3.467369e+07	-9.75296e+01	-6.10074e+02	
3817	3.487386e+07	-9.75423e+01	-6.10276e+02	
3818	3.507519e+07	-9.75556e+01	-6.10478e+02	
3819	3.527768e+07	-9.75693e+01	-6.10679e+02	
3820	3.548134e+07	-9.75836e+01	-6.10880e+02	
3821	3.568617e+07	-9.75985e+01	-6.11079e+02	
3822	3.589219e+07	-9.76138e+01	-6.11278e+02	
3823	3.609940e+07	-9.76296e+01	-6.11477e+02	
3824	3.630781e+07	-9.76459e+01	-6.11674e+02	

Index   frequency       tdb             tph             
--------------------------------------------------------------------------------
3825	3.651741e+07	-9.76627e+01	-6.11871e+02	
3826	3.672823e+07	-9.76799e+01	-6.12068e+02	
3827	3.694026e+07	-9.76976e+01	-6.12263e+02	
3828	3.715352e+07	-9.77158e+01	-6.12458e+02	
3829	3.736801e+07	-9.77344e+01	-6.12653e+02	
3830	3.758374e+07	-9.77534e+01	-6.12847e+02	
3831	3.780071e+07	-9.77728e+01	-6.13040e+02	
3832	3.801894e+07	-9.77927e+01	-6.13233e+02	
3833	3.823843e+07	-9.78129e+01	-6.13425e+02	
3834	3.845918e+07	-9.78336e+01	-6.13616e+02	
3835	3.868121e+07	-9.78546e+01	-6.13807e+02	
3836	3.890451e+07	-9.78761e+01	-6.13998e+02	
3837	3.912911e+07	-9.78979e+01	-6.14188e+02	
3838	3.935501e+07	-9.79201e+01	-6.14377e+02	
3839	3.958221e+07	-9.79426e+01	-6.14566e+02	
3840	3.981072e+07	-9.79655e+01	-6.14754e+02	
3841	4.004055e+07	-9.79888e+01	-6.14942e+02	
3842	4.027170e+07	-9.80124e+01	-6.15129e+02	
3843	4.050419e+07	-9.80363e+01	-6.15316e+02	
3844	4.073803e+07	-9.80606e+01	-6.15502e+02	
3845	4.097321e+07	-9.80852e+01	-6.15688e+02	
3846	4.120975e+07	-9.81101e+01	-6.15874e+02	
3847	4.144766e+07	-9.81354e+01	-6.16059e+02	
3848	4.168694e+07	-9.81609e+01	-6.16243e+02	
3849	4.192760e+07	-9.81867e+01	-6.16427e+02	
3850	4.216965e+07	-9.82129e+01	-6.16611e+02	
3851	4.241310e+07	-9.82393e+01	-6.16794e+02	
3852	4.265795e+07	-9.82660e+01	-6.16977e+02	
3853	4.290422e+07	-9.82930e+01	-6.17159e+02	
3854	4.315191e+07	-9.83203e+01	-6.17341e+02	
3855	4.340103e+07	-9.83479e+01	-6.17522e+02	
3856	4.365158e+07	-9.83757e+01	-6.17704e+02	
3857	4.390359e+07	-9.84038e+01	-6.17884e+02	
3858	4.415704e+07	-9.84321e+01	-6.18065e+02	
3859	4.441197e+07	-9.84607e+01	-6.18244e+02	
3860	4.466836e+07	-9.84895e+01	-6.18424e+02	
3861	4.492623e+07	-9.85186e+01	-6.18603e+02	
3862	4.518559e+07	-9.85479e+01	-6.18782e+02	
3863	4.544645e+07	-9.85775e+01	-6.18961e+02	
3864	4.570882e+07	-9.86073e+01	-6.19139e+02	
3865	4.597270e+07	-9.86373e+01	-6.19316e+02	
3866	4.623810e+07	-9.86676e+01	-6.19494e+02	
3867	4.650504e+07	-9.86980e+01	-6.19671e+02	
3868	4.677351e+07	-9.87287e+01	-6.19848e+02	
3869	4.704354e+07	-9.87596e+01	-6.20024e+02	
3870	4.731513e+07	-9.87907e+01	-6.20200e+02	
3871	4.758828e+07	-9.88220e+01	-6.20376e+02	
3872	4.786301e+07	-9.88536e+01	-6.20552e+02	
3873	4.813933e+07	-9.88853e+01	-6.20727e+02	
3874	4.841724e+07	-9.89172e+01	-6.20902e+02	
3875	4.869675e+07	-9.89493e+01	-6.21076e+02	
3876	4.897788e+07	-9.89816e+01	-6.21251e+02	
3877	4.926063e+07	-9.90140e+01	-6.21425e+02	
3878	4.954502e+07	-9.90467e+01	-6.21599e+02	
3879	4.983105e+07	-9.90795e+01	-6.21772e+02	
3880	5.011872e+07	-9.91125e+01	-6.21945e+02	
3881	5.040806e+07	-9.91457e+01	-6.22118e+02	
3882	5.069907e+07	-9.91790e+01	-6.22291e+02	

Index   frequency       tdb             tph             
--------------------------------------------------------------------------------
3883	5.099176e+07	-9.92126e+01	-6.22464e+02	
3884	5.128614e+07	-9.92462e+01	-6.22636e+02	
3885	5.158222e+07	-9.92801e+01	-6.22808e+02	
3886	5.188000e+07	-9.93141e+01	-6.22980e+02	
3887	5.217951e+07	-9.93482e+01	-6.23151e+02	
3888	5.248075e+07	-9.93825e+01	-6.23323e+02	
3889	5.278372e+07	-9.94169e+01	-6.23494e+02	
3890	5.308844e+07	-9.94515e+01	-6.23665e+02	
3891	5.339493e+07	-9.94863e+01	-6.23835e+02	
3892	5.370318e+07	-9.95212e+01	-6.24006e+02	
3893	5.401321e+07	-9.95562e+01	-6.24176e+02	
3894	5.432503e+07	-9.95913e+01	-6.24346e+02	
3895	5.463865e+07	-9.96266e+01	-6.24516e+02	
3896	5.495409e+07	-9.96620e+01	-6.24686e+02	
3897	5.527134e+07	-9.96976e+01	-6.24855e+02	
3898	5.559043e+07	-9.97333e+01	-6.25024e+02	
3899	5.591135e+07	-9.97691e+01	-6.25193e+02	
3900	5.623413e+07	-9.98050e+01	-6.25362e+02	
3901	5.655878e+07	-9.98410e+01	-6.25531e+02	
3902	5.688529e+07	-9.98772e+01	-6.25700e+02	
3903	5.721370e+07	-9.99134e+01	-6.25868e+02	
3904	5.754399e+07	-9.99498e+01	-6.26037e+02	
3905	5.787620e+07	-9.99863e+01	-6.26205e+02	
3906	5.821032e+07	-1.00023e+02	-6.26373e+02	
3907	5.854637e+07	-1.00060e+02	-6.26541e+02	
3908	5.888437e+07	-1.00096e+02	-6.26709e+02	
3909	5.922431e+07	-1.00133e+02	-6.26876e+02	
3910	5.956621e+07	-1.00170e+02	-6.27044e+02	
3911	5.991009e+07	-1.00207e+02	-6.27211e+02	
3912	6.025596e+07	-1.00245e+02	-6.27378e+02	
3913	6.060382e+07	-1.00282e+02	-6.27546e+02	
3914	6.095369e+07	-1.00319e+02	-6.27713e+02	
3915	6.130558e+07	-1.00357e+02	-6.27880e+02	
3916	6.165950e+07	-1.00394e+02	-6.28046e+02	
3917	6.201546e+07	-1.00432e+02	-6.28213e+02	
3918	6.237348e+07	-1.00470e+02	-6.28380e+02	
3919	6.273357e+07	-1.00508e+02	-6.28546e+02	
3920	6.309573e+07	-1.00545e+02	-6.28713e+02	
3921	6.345999e+07	-1.00583e+02	-6.28879e+02	
3922	6.382635e+07	-1.00622e+02	-6.29046e+02	
3923	6.419482e+07	-1.00660e+02	-6.29212e+02	
3924	6.456542e+07	-1.00698e+02	-6.29378e+02	
3925	6.493816e+07	-1.00736e+02	-6.29544e+02	
3926	6.531306e+07	-1.00774e+02	-6.29710e+02	
3927	6.569011e+07	-1.00813e+02	-6.29876e+02	
3928	6.606934e+07	-1.00851e+02	-6.30042e+02	
3929	6.645077e+07	-1.00890e+02	-6.30208e+02	
3930	6.683439e+07	-1.00929e+02	-6.30374e+02	
3931	6.722023e+07	-1.00967e+02	-6.30539e+02	
3932	6.760830e+07	-1.01006e+02	-6.30705e+02	
3933	6.799860e+07	-1.01045e+02	-6.30871e+02	
3934	6.839116e+07	-1.01084e+02	-6.31037e+02	
3935	6.878599e+07	-1.01122e+02	-6.31202e+02	
3936	6.918310e+07	-1.01161e+02	-6.31368e+02	
3937	6.958250e+07	-1.01200e+02	-6.31533e+02	
3938	6.998420e+07	-1.01239e+02	-6.31699e+02	
3939	7.038822e+07	-1.01279e+02	-6.31865e+02	
3940	7.079458e+07	-1.01318e+02	-6.32030e+02	

Index   frequency       tdb             tph             
--------------------------------------------------------------------------------
3941	7.120328e+07	-1.01357e+02	-6.32196e+02	
3942	7.161434e+07	-1.01396e+02	-6.32361e+02	
3943	7.202778e+07	-1.01435e+02	-6.32527e+02	
3944	7.244360e+07	-1.01475e+02	-6.32692e+02	
3945	7.286182e+07	-1.01514e+02	-6.32858e+02	
3946	7.328245e+07	-1.01554e+02	-6.33023e+02	
3947	7.370552e+07	-1.01593e+02	-6.33189e+02	
3948	7.413102e+07	-1.01632e+02	-6.33355e+02	
3949	7.455899e+07	-1.01672e+02	-6.33520e+02	
3950	7.498942e+07	-1.01711e+02	-6.33686e+02	
3951	7.542234e+07	-1.01751e+02	-6.33851e+02	
3952	7.585776e+07	-1.01791e+02	-6.34017e+02	
3953	7.629569e+07	-1.01830e+02	-6.34183e+02	
3954	7.673615e+07	-1.01870e+02	-6.34349e+02	
3955	7.717915e+07	-1.01910e+02	-6.34514e+02	
3956	7.762471e+07	-1.01949e+02	-6.34680e+02	
3957	7.807284e+07	-1.01989e+02	-6.34846e+02	
3958	7.852356e+07	-1.02029e+02	-6.35012e+02	
3959	7.897688e+07	-1.02069e+02	-6.35178e+02	
3960	7.943282e+07	-1.02108e+02	-6.35344e+02	
3961	7.989139e+07	-1.02148e+02	-6.35510e+02	
3962	8.035261e+07	-1.02188e+02	-6.35676e+02	
3963	8.081649e+07	-1.02228e+02	-6.35843e+02	
3964	8.128305e+07	-1.02268e+02	-6.36009e+02	
3965	8.175230e+07	-1.02308e+02	-6.36175e+02	
3966	8.222426e+07	-1.02348e+02	-6.36342e+02	
3967	8.269895e+07	-1.02387e+02	-6.36508e+02	
3968	8.317638e+07	-1.02427e+02	-6.36675e+02	
3969	8.365656e+07	-1.02467e+02	-6.36842e+02	
3970	8.413951e+07	-1.02507e+02	-6.37008e+02	
3971	8.462526e+07	-1.02547e+02	-6.37175e+02	
3972	8.511380e+07	-1.02587e+02	-6.37342e+02	
3973	8.560517e+07	-1.02627e+02	-6.37509e+02	
3974	8.609938e+07	-1.02667e+02	-6.37677e+02	
3975	8.659643e+07	-1.02707e+02	-6.37844e+02	
3976	8.709636e+07	-1.02747e+02	-6.38011e+02	
3977	8.759917e+07	-1.02787e+02	-6.38179e+02	
3978	8.810489e+07	-1.02827e+02	-6.38346e+02	
3979	8.861352e+07	-1.02867e+02	-6.38514e+02	
3980	8.912509e+07	-1.02907e+02	-6.38682e+02	
3981	8.963962e+07	-1.02946e+02	-6.38850e+02	
3982	9.015711e+07	-1.02986e+02	-6.39018e+02	
3983	9.067760e+07	-1.03026e+02	-6.39186e+02	
3984	9.120108e+07	-1.03066e+02	-6.39354e+02	
3985	9.172759e+07	-1.03106e+02	-6.39522e+02	
3986	9.225714e+07	-1.03146e+02	-6.39691e+02	
3987	9.278975e+07	-1.03186e+02	-6.39860e+02	
3988	9.332543e+07	-1.03226e+02	-6.40028e+02	
3989	9.386420e+07	-1.03266e+02	-6.40197e+02	
3990	9.440609e+07	-1.03305e+02	-6.40366e+02	
3991	9.495110e+07	-1.03345e+02	-6.40536e+02	
3992	9.549926e+07	-1.03385e+02	-6.40705e+02	
3993	9.605058e+07	-1.03425e+02	-6.40874e+02	
3994	9.660509e+07	-1.03464e+02	-6.41044e+02	
3995	9.716280e+07	-1.03504e+02	-6.41214e+02	
3996	9.772372e+07	-1.03544e+02	-6.41384e+02	
3997	9.828789e+07	-1.03583e+02	-6.41554e+02	
3998	9.885531e+07	-1.03623e+02	-6.41724e+02	

Index   frequency       tdb             tph             
--------------------------------------------------------------------------------
3999	9.942601e+07	-1.03663e+02	-6.41894e+02	
4000	1.000000e+08	-1.03702e+02	-6.42065e+02	
4001	1.005773e+08	-1.03742e+02	-6.42236e+02	
4002	1.011579e+08	-1.03781e+02	-6.42407e+02	
4003	1.017419e+08	-1.03821e+02	-6.42578e+02	
4004	1.023293e+08	-1.03860e+02	-6.42749e+02	
4005	1.029201e+08	-1.03900e+02	-6.42920e+02	
4006	1.035142e+08	-1.03939e+02	-6.43092e+02	
4007	1.041118e+08	-1.03979e+02	-6.43263e+02	
4008	1.047129e+08	-1.04018e+02	-6.43435e+02	
4009	1.053174e+08	-1.04057e+02	-6.43607e+02	
4010	1.059254e+08	-1.04097e+02	-6.43779e+02	
4011	1.065369e+08	-1.04136e+02	-6.43952e+02	
4012	1.071519e+08	-1.04175e+02	-6.44124e+02	
4013	1.077705e+08	-1.04214e+02	-6.44297e+02	
4014	1.083927e+08	-1.04253e+02	-6.44470e+02	
4015	1.090184e+08	-1.04292e+02	-6.44643e+02	
4016	1.096478e+08	-1.04331e+02	-6.44817e+02	
4017	1.102808e+08	-1.04370e+02	-6.44990e+02	
4018	1.109175e+08	-1.04409e+02	-6.45164e+02	
4019	1.115578e+08	-1.04448e+02	-6.45338e+02	
4020	1.122018e+08	-1.04487e+02	-6.45512e+02	
4021	1.128496e+08	-1.04526e+02	-6.45686e+02	
4022	1.135011e+08	-1.04564e+02	-6.45860e+02	
4023	1.141563e+08	-1.04603e+02	-6.46035e+02	
4024	1.148154e+08	-1.04642e+02	-6.46210e+02	
4025	1.154782e+08	-1.04680e+02	-6.46385e+02	
4026	1.161449e+08	-1.04719e+02	-6.46560e+02	
4027	1.168154e+08	-1.04757e+02	-6.46735e+02	
4028	1.174898e+08	-1.04796e+02	-6.46911e+02	
4029	1.181680e+08	-1.04834e+02	-6.47086e+02	
4030	1.188502e+08	-1.04872e+02	-6.47262e+02	
4031	1.195364e+08	-1.04911e+02	-6.47439e+02	
4032	1.202264e+08	-1.04949e+02	-6.47615e+02	
4033	1.209205e+08	-1.04987e+02	-6.47792e+02	
4034	1.216186e+08	-1.05025e+02	-6.47968e+02	
4035	1.223207e+08	-1.05063e+02	-6.48145e+02	
4036	1.230269e+08	-1.05101e+02	-6.48322e+02	
4037	1.237371e+08	-1.05139e+02	-6.48500e+02	
4038	1.244515e+08	-1.05177e+02	-6.48677e+02	
4039	1.251699e+08	-1.05214e+02	-6.48855e+02	
4040	1.258925e+08	-1.05252e+02	-6.49033e+02	
4041	1.266193e+08	-1.05290e+02	-6.49211e+02	
4042	1.273503e+08	-1.05327e+02	-6.49389e+02	
4043	1.280855e+08	-1.05365e+02	-6.49568e+02	
4044	1.288250e+08	-1.05402e+02	-6.49747e+02	
4045	1.295687e+08	-1.05439e+02	-6.49926e+02	
4046	1.303167e+08	-1.05477e+02	-6.50105e+02	
4047	1.310690e+08	-1.05514e+02	-6.50284e+02	
4048	1.318257e+08	-1.05551e+02	-6.50464e+02	
4049	1.325867e+08	-1.05588e+02	-6.50643e+02	
4050	1.333521e+08	-1.05625e+02	-6.50823e+02	
4051	1.341220e+08	-1.05662e+02	-6.51004e+02	
4052	1.348963e+08	-1.05698e+02	-6.51184e+02	
4053	1.356751e+08	-1.05735e+02	-6.51364e+02	
4054	1.364583e+08	-1.05772e+02	-6.51545e+02	
4055	1.372461e+08	-1.05808e+02	-6.51726e+02	
4056	1.380384e+08	-1.05845e+02	-6.51907e+02	

Index   frequency       tdb             tph             
--------------------------------------------------------------------------------
4057	1.388353e+08	-1.05881e+02	-6.52088e+02	
4058	1.396368e+08	-1.05917e+02	-6.52270e+02	
4059	1.404430e+08	-1.05954e+02	-6.52452e+02	
4060	1.412538e+08	-1.05990e+02	-6.52634e+02	
4061	1.420692e+08	-1.06026e+02	-6.52816e+02	
4062	1.428894e+08	-1.06062e+02	-6.52998e+02	
4063	1.437143e+08	-1.06098e+02	-6.53180e+02	
4064	1.445440e+08	-1.06133e+02	-6.53363e+02	
4065	1.453784e+08	-1.06169e+02	-6.53546e+02	
4066	1.462177e+08	-1.06205e+02	-6.53729e+02	
4067	1.470618e+08	-1.06240e+02	-6.53912e+02	
4068	1.479108e+08	-1.06276e+02	-6.54095e+02	
4069	1.487647e+08	-1.06311e+02	-6.54279e+02	
4070	1.496236e+08	-1.06346e+02	-6.54463e+02	
4071	1.504874e+08	-1.06381e+02	-6.54647e+02	
4072	1.513561e+08	-1.06416e+02	-6.54831e+02	
4073	1.522299e+08	-1.06451e+02	-6.55015e+02	
4074	1.531087e+08	-1.06486e+02	-6.55200e+02	
4075	1.539927e+08	-1.06521e+02	-6.55384e+02	
4076	1.548817e+08	-1.06556e+02	-6.55569e+02	
4077	1.557758e+08	-1.06590e+02	-6.55754e+02	
4078	1.566751e+08	-1.06625e+02	-6.55939e+02	
4079	1.575796e+08	-1.06659e+02	-6.56124e+02	
4080	1.584893e+08	-1.06693e+02	-6.56310e+02	
4081	1.594043e+08	-1.06727e+02	-6.56495e+02	
4082	1.603245e+08	-1.06761e+02	-6.56681e+02	
4083	1.612501e+08	-1.06795e+02	-6.56867e+02	
4084	1.621810e+08	-1.06829e+02	-6.57053e+02	
4085	1.631173e+08	-1.06863e+02	-6.57240e+02	
4086	1.640590e+08	-1.06896e+02	-6.57426e+02	
4087	1.650061e+08	-1.06930e+02	-6.57612e+02	
4088	1.659587e+08	-1.06963e+02	-6.57799e+02	
4089	1.669168e+08	-1.06997e+02	-6.57986e+02	
4090	1.678804e+08	-1.07030e+02	-6.58173e+02	
4091	1.688496e+08	-1.07063e+02	-6.58360e+02	
4092	1.698244e+08	-1.07096e+02	-6.58547e+02	
4093	1.708048e+08	-1.07129e+02	-6.58735e+02	
4094	1.717908e+08	-1.07162e+02	-6.58922e+02	
4095	1.727826e+08	-1.07194e+02	-6.59110e+02	
4096	1.737801e+08	-1.07227e+02	-6.59298e+02	
4097	1.747833e+08	-1.07259e+02	-6.59485e+02	
4098	1.757924e+08	-1.07291e+02	-6.59673e+02	
4099	1.768072e+08	-1.07324e+02	-6.59861e+02	
4100	1.778279e+08	-1.07356e+02	-6.60050e+02	
4101	1.788546e+08	-1.07388e+02	-6.60238e+02	
4102	1.798871e+08	-1.07419e+02	-6.60426e+02	
4103	1.809256e+08	-1.07451e+02	-6.60615e+02	
4104	1.819701e+08	-1.07483e+02	-6.60804e+02	
4105	1.830206e+08	-1.07514e+02	-6.60992e+02	
4106	1.840772e+08	-1.07546e+02	-6.61181e+02	
4107	1.851399e+08	-1.07577e+02	-6.61370e+02	
4108	1.862087e+08	-1.07608e+02	-6.61559e+02	
4109	1.872837e+08	-1.07639e+02	-6.61748e+02	
4110	1.883649e+08	-1.07670e+02	-6.61937e+02	
4111	1.894524e+08	-1.07700e+02	-6.62127e+02	
4112	1.905461e+08	-1.07731e+02	-6.62316e+02	
4113	1.916461e+08	-1.07762e+02	-6.62505e+02	
4114	1.927525e+08	-1.07792e+02	-6.62695e+02	

Index   frequency       tdb             tph             
--------------------------------------------------------------------------------
4115	1.938653e+08	-1.07822e+02	-6.62884e+02	
4116	1.949845e+08	-1.07852e+02	-6.63074e+02	
4117	1.961101e+08	-1.07882e+02	-6.63263e+02	
4118	1.972423e+08	-1.07912e+02	-6.63453e+02	
4119	1.983810e+08	-1.07942e+02	-6.63643e+02	
4120	1.995262e+08	-1.07972e+02	-6.63833e+02	
4121	2.006781e+08	-1.08001e+02	-6.64022e+02	
4122	2.018366e+08	-1.08030e+02	-6.64212e+02	
4123	2.030019e+08	-1.08060e+02	-6.64402e+02	
4124	2.041738e+08	-1.08089e+02	-6.64592e+02	
4125	2.053525e+08	-1.08118e+02	-6.64782e+02	
4126	2.065380e+08	-1.08147e+02	-6.64972e+02	
4127	2.077304e+08	-1.08175e+02	-6.65162e+02	
4128	2.089296e+08	-1.08204e+02	-6.65352e+02	
4129	2.101358e+08	-1.08232e+02	-6.65542e+02	
4130	2.113489e+08	-1.08261e+02	-6.65732e+02	
4131	2.125690e+08	-1.08289e+02	-6.65922e+02	
4132	2.137962e+08	-1.08317e+02	-6.66112e+02	
4133	2.150305e+08	-1.08345e+02	-6.66302e+02	
4134	2.162719e+08	-1.08373e+02	-6.66492e+02	
4135	2.175204e+08	-1.08400e+02	-6.66682e+02	
4136	2.187762e+08	-1.08428e+02	-6.66872e+02	
4137	2.200392e+08	-1.08455e+02	-6.67061e+02	
4138	2.213095e+08	-1.08483e+02	-6.67251e+02	
4139	2.225871e+08	-1.08510e+02	-6.67441e+02	
4140	2.238721e+08	-1.08537e+02	-6.67631e+02	
4141	2.251645e+08	-1.08564e+02	-6.67821e+02	
4142	2.264644e+08	-1.08590e+02	-6.68010e+02	
4143	2.277718e+08	-1.08617e+02	-6.68200e+02	
4144	2.290868e+08	-1.08644e+02	-6.68390e+02	
4145	2.304093e+08	-1.08670e+02	-6.68579e+02	
4146	2.317395e+08	-1.08696e+02	-6.68768e+02	
4147	2.330773e+08	-1.08722e+02	-6.68958e+02	
4148	2.344229e+08	-1.08748e+02	-6.69147e+02	
4149	2.357762e+08	-1.08774e+02	-6.69336e+02	
4150	2.371374e+08	-1.08799e+02	-6.69525e+02	
4151	2.385064e+08	-1.08825e+02	-6.69714e+02	
4152	2.398833e+08	-1.08850e+02	-6.69903e+02	
4153	2.412682e+08	-1.08876e+02	-6.70092e+02	
4154	2.426610e+08	-1.08901e+02	-6.70281e+02	
4155	2.440619e+08	-1.08926e+02	-6.70470e+02	
4156	2.454709e+08	-1.08950e+02	-6.70658e+02	
4157	2.468880e+08	-1.08975e+02	-6.70846e+02	
4158	2.483133e+08	-1.09000e+02	-6.71035e+02	
4159	2.497468e+08	-1.09024e+02	-6.71223e+02	
4160	2.511886e+08	-1.09048e+02	-6.71411e+02	
4161	2.526388e+08	-1.09073e+02	-6.71599e+02	
4162	2.540973e+08	-1.09097e+02	-6.71786e+02	
4163	2.555642e+08	-1.09120e+02	-6.71974e+02	
4164	2.570396e+08	-1.09144e+02	-6.72161e+02	
4165	2.585235e+08	-1.09168e+02	-6.72349e+02	
4166	2.600160e+08	-1.09191e+02	-6.72536e+02	
4167	2.615170e+08	-1.09214e+02	-6.72723e+02	
4168	2.630268e+08	-1.09238e+02	-6.72910e+02	
4169	2.645453e+08	-1.09261e+02	-6.73096e+02	
4170	2.660725e+08	-1.09284e+02	-6.73283e+02	
4171	2.676086e+08	-1.09306e+02	-6.73469e+02	
4172	2.691535e+08	-1.09329e+02	-6.73655e+02	

Index   frequency       tdb             tph             
--------------------------------------------------------------------------------
4173	2.707073e+08	-1.09351e+02	-6.73841e+02	
4174	2.722701e+08	-1.09374e+02	-6.74026e+02	
4175	2.738420e+08	-1.09396e+02	-6.74212e+02	
4176	2.754229e+08	-1.09418e+02	-6.74397e+02	
4177	2.770129e+08	-1.09440e+02	-6.74582e+02	
4178	2.786121e+08	-1.09462e+02	-6.74767e+02	
4179	2.802206e+08	-1.09483e+02	-6.74951e+02	
4180	2.818383e+08	-1.09505e+02	-6.75136e+02	
4181	2.834654e+08	-1.09526e+02	-6.75320e+02	
4182	2.851018e+08	-1.09548e+02	-6.75504e+02	
4183	2.867477e+08	-1.09569e+02	-6.75687e+02	
4184	2.884032e+08	-1.09590e+02	-6.75871e+02	
4185	2.900681e+08	-1.09611e+02	-6.76054e+02	
4186	2.917427e+08	-1.09631e+02	-6.76237e+02	
4187	2.934270e+08	-1.09652e+02	-6.76419e+02	
4188	2.951209e+08	-1.09672e+02	-6.76602e+02	
4189	2.968247e+08	-1.09693e+02	-6.76784e+02	
4190	2.985383e+08	-1.09713e+02	-6.76966e+02	
4191	3.002617e+08	-1.09733e+02	-6.77147e+02	
4192	3.019952e+08	-1.09753e+02	-6.77329e+02	
4193	3.037386e+08	-1.09772e+02	-6.77510e+02	
4194	3.054921e+08	-1.09792e+02	-6.77690e+02	
4195	3.072557e+08	-1.09812e+02	-6.77871e+02	
4196	3.090295e+08	-1.09831e+02	-6.78051e+02	
4197	3.108136e+08	-1.09850e+02	-6.78231e+02	
4198	3.126079e+08	-1.09869e+02	-6.78410e+02	
4199	3.144126e+08	-1.09888e+02	-6.78589e+02	
4200	3.162278e+08	-1.09907e+02	-6.78768e+02	
4201	3.180534e+08	-1.09926e+02	-6.78947e+02	
4202	3.198895e+08	-1.09944e+02	-6.79125e+02	
4203	3.217363e+08	-1.09963e+02	-6.79303e+02	
4204	3.235937e+08	-1.09981e+02	-6.79481e+02	
4205	3.254618e+08	-1.09999e+02	-6.79658e+02	
4206	3.273407e+08	-1.10017e+02	-6.79835e+02	
4207	3.292305e+08	-1.10035e+02	-6.80011e+02	
4208	3.311311e+08	-1.10053e+02	-6.80188e+02	
4209	3.330428e+08	-1.10071e+02	-6.80363e+02	
4210	3.349654e+08	-1.10088e+02	-6.80539e+02	
4211	3.368992e+08	-1.10105e+02	-6.80714e+02	
4212	3.388442e+08	-1.10123e+02	-6.80889e+02	
4213	3.408003e+08	-1.10140e+02	-6.81063e+02	
4214	3.427678e+08	-1.10157e+02	-6.81237e+02	
4215	3.447466e+08	-1.10174e+02	-6.81411e+02	
4216	3.467369e+08	-1.10191e+02	-6.81584e+02	
4217	3.487386e+08	-1.10207e+02	-6.81757e+02	
4218	3.507519e+08	-1.10224e+02	-6.81930e+02	
4219	3.527768e+08	-1.10240e+02	-6.82102e+02	
4220	3.548134e+08	-1.10256e+02	-6.82274e+02	
4221	3.568617e+08	-1.10272e+02	-6.82445e+02	
4222	3.589219e+08	-1.10288e+02	-6.82616e+02	
4223	3.609940e+08	-1.10304e+02	-6.82787e+02	
4224	3.630781e+08	-1.10320e+02	-6.82957e+02	
4225	3.651741e+08	-1.10336e+02	-6.83127e+02	
4226	3.672823e+08	-1.10351e+02	-6.83296e+02	
4227	3.694026e+08	-1.10367e+02	-6.83465e+02	
4228	3.715352e+08	-1.10382e+02	-6.83634e+02	
4229	3.736801e+08	-1.10397e+02	-6.83802e+02	
4230	3.758374e+08	-1.10412e+02	-6.83969e+02	

Index   frequency       tdb             tph             
--------------------------------------------------------------------------------
4231	3.780071e+08	-1.10427e+02	-6.84137e+02	
4232	3.801894e+08	-1.10442e+02	-6.84304e+02	
4233	3.823843e+08	-1.10457e+02	-6.84470e+02	
4234	3.845918e+08	-1.10471e+02	-6.84636e+02	
4235	3.868121e+08	-1.10486e+02	-6.84801e+02	
4236	3.890451e+08	-1.10500e+02	-6.84967e+02	
4237	3.912911e+08	-1.10514e+02	-6.85131e+02	
4238	3.935501e+08	-1.10528e+02	-6.85295e+02	
4239	3.958221e+08	-1.10542e+02	-6.85459e+02	
4240	3.981072e+08	-1.10556e+02	-6.85622e+02	
4241	4.004055e+08	-1.10570e+02	-6.85785e+02	
4242	4.027170e+08	-1.10584e+02	-6.85948e+02	
4243	4.050419e+08	-1.10597e+02	-6.86110e+02	
4244	4.073803e+08	-1.10610e+02	-6.86271e+02	
4245	4.097321e+08	-1.10624e+02	-6.86432e+02	
4246	4.120975e+08	-1.10637e+02	-6.86593e+02	
4247	4.144766e+08	-1.10650e+02	-6.86753e+02	
4248	4.168694e+08	-1.10663e+02	-6.86912e+02	
4249	4.192760e+08	-1.10676e+02	-6.87071e+02	
4250	4.216965e+08	-1.10689e+02	-6.87230e+02	
4251	4.241310e+08	-1.10701e+02	-6.87388e+02	
4252	4.265795e+08	-1.10714e+02	-6.87546e+02	
4253	4.290422e+08	-1.10726e+02	-6.87703e+02	
4254	4.315191e+08	-1.10739e+02	-6.87860e+02	
4255	4.340103e+08	-1.10751e+02	-6.88016e+02	
4256	4.365158e+08	-1.10763e+02	-6.88172e+02	
4257	4.390359e+08	-1.10775e+02	-6.88327e+02	
4258	4.415704e+08	-1.10787e+02	-6.88482e+02	
4259	4.441197e+08	-1.10799e+02	-6.88636e+02	
4260	4.466836e+08	-1.10810e+02	-6.88790e+02	
4261	4.492623e+08	-1.10822e+02	-6.88943e+02	
4262	4.518559e+08	-1.10834e+02	-6.89096e+02	
4263	4.544645e+08	-1.10845e+02	-6.89249e+02	
4264	4.570882e+08	-1.10856e+02	-6.89400e+02	
4265	4.597270e+08	-1.10867e+02	-6.89552e+02	
4266	4.623810e+08	-1.10879e+02	-6.89703e+02	
4267	4.650504e+08	-1.10890e+02	-6.89853e+02	
4268	4.677351e+08	-1.10901e+02	-6.90003e+02	
4269	4.704354e+08	-1.10911e+02	-6.90152e+02	
4270	4.731513e+08	-1.10922e+02	-6.90301e+02	
4271	4.758828e+08	-1.10933e+02	-6.90449e+02	
4272	4.786301e+08	-1.10943e+02	-6.90597e+02	
4273	4.813933e+08	-1.10954e+02	-6.90744e+02	
4274	4.841724e+08	-1.10964e+02	-6.90891e+02	
4275	4.869675e+08	-1.10974e+02	-6.91037e+02	
4276	4.897788e+08	-1.10984e+02	-6.91183e+02	
4277	4.926063e+08	-1.10994e+02	-6.91328e+02	
4278	4.954502e+08	-1.11004e+02	-6.91473e+02	
4279	4.983105e+08	-1.11014e+02	-6.91617e+02	
4280	5.011872e+08	-1.11024e+02	-6.91761e+02	
4281	5.040806e+08	-1.11034e+02	-6.91904e+02	
4282	5.069907e+08	-1.11043e+02	-6.92046e+02	
4283	5.099176e+08	-1.11053e+02	-6.92188e+02	
4284	5.128614e+08	-1.11062e+02	-6.92330e+02	
4285	5.158222e+08	-1.11072e+02	-6.92471e+02	
4286	5.188000e+08	-1.11081e+02	-6.92612e+02	
4287	5.217951e+08	-1.11090e+02	-6.92752e+02	
4288	5.248075e+08	-1.11099e+02	-6.92891e+02	

Index   frequency       tdb             tph             
--------------------------------------------------------------------------------
4289	5.278372e+08	-1.11108e+02	-6.93030e+02	
4290	5.308844e+08	-1.11117e+02	-6.93168e+02	
4291	5.339493e+08	-1.11126e+02	-6.93306e+02	
4292	5.370318e+08	-1.11135e+02	-6.93444e+02	
4293	5.401321e+08	-1.11143e+02	-6.93581e+02	
4294	5.432503e+08	-1.11152e+02	-6.93717e+02	
4295	5.463865e+08	-1.11160e+02	-6.93853e+02	
4296	5.495409e+08	-1.11169e+02	-6.93988e+02	
4297	5.527134e+08	-1.11177e+02	-6.94123e+02	
4298	5.559043e+08	-1.11185e+02	-6.94257e+02	
4299	5.591135e+08	-1.11194e+02	-6.94391e+02	
4300	5.623413e+08	-1.11202e+02	-6.94524e+02	
4301	5.655878e+08	-1.11210e+02	-6.94657e+02	
4302	5.688529e+08	-1.11218e+02	-6.94789e+02	
4303	5.721370e+08	-1.11226e+02	-6.94920e+02	
4304	5.754399e+08	-1.11233e+02	-6.95052e+02	
4305	5.787620e+08	-1.11241e+02	-6.95182e+02	
4306	5.821032e+08	-1.11249e+02	-6.95312e+02	
4307	5.854637e+08	-1.11256e+02	-6.95442e+02	
4308	5.888437e+08	-1.11264e+02	-6.95571e+02	
4309	5.922431e+08	-1.11271e+02	-6.95699e+02	
4310	5.956621e+08	-1.11279e+02	-6.95827e+02	
4311	5.991009e+08	-1.11286e+02	-6.95954e+02	
4312	6.025596e+08	-1.11293e+02	-6.96081e+02	
4313	6.060382e+08	-1.11300e+02	-6.96208e+02	
4314	6.095369e+08	-1.11307e+02	-6.96333e+02	
4315	6.130558e+08	-1.11314e+02	-6.96459e+02	
4316	6.165950e+08	-1.11321e+02	-6.96584e+02	
4317	6.201546e+08	-1.11328e+02	-6.96708e+02	
4318	6.237348e+08	-1.11335e+02	-6.96832e+02	
4319	6.273357e+08	-1.11342e+02	-6.96955e+02	
4320	6.309573e+08	-1.11348e+02	-6.97077e+02	
4321	6.345999e+08	-1.11355e+02	-6.97200e+02	
4322	6.382635e+08	-1.11362e+02	-6.97321e+02	
4323	6.419482e+08	-1.11368e+02	-6.97442e+02	
4324	6.456542e+08	-1.11374e+02	-6.97563e+02	
4325	6.493816e+08	-1.11381e+02	-6.97683e+02	
4326	6.531306e+08	-1.11387e+02	-6.97803e+02	
4327	6.569011e+08	-1.11393e+02	-6.97922e+02	
4328	6.606934e+08	-1.11399e+02	-6.98040e+02	
4329	6.645077e+08	-1.11405e+02	-6.98158e+02	
4330	6.683439e+08	-1.11412e+02	-6.98276e+02	
4331	6.722023e+08	-1.11417e+02	-6.98393e+02	
4332	6.760830e+08	-1.11423e+02	-6.98509e+02	
4333	6.799860e+08	-1.11429e+02	-6.98625e+02	
4334	6.839116e+08	-1.11435e+02	-6.98741e+02	
4335	6.878599e+08	-1.11441e+02	-6.98856e+02	
4336	6.918310e+08	-1.11446e+02	-6.98970e+02	
4337	6.958250e+08	-1.11452e+02	-6.99084e+02	
4338	6.998420e+08	-1.11458e+02	-6.99198e+02	
4339	7.038822e+08	-1.11463e+02	-6.99311e+02	
4340	7.079458e+08	-1.11469e+02	-6.99423e+02	
4341	7.120328e+08	-1.11474e+02	-6.99535e+02	
4342	7.161434e+08	-1.11479e+02	-6.99646e+02	
4343	7.202778e+08	-1.11485e+02	-6.99757e+02	
4344	7.244360e+08	-1.11490e+02	-6.99868e+02	
4345	7.286182e+08	-1.11495e+02	-6.99978e+02	
4346	7.328245e+08	-1.11500e+02	-7.00087e+02	

Index   frequency       tdb             tph             
--------------------------------------------------------------------------------
4347	7.370552e+08	-1.11505e+02	-7.00196e+02	
4348	7.413102e+08	-1.11510e+02	-7.00304e+02	
4349	7.455899e+08	-1.11515e+02	-7.00412e+02	
4350	7.498942e+08	-1.11520e+02	-7.00520e+02	
4351	7.542234e+08	-1.11525e+02	-7.00627e+02	
4352	7.585776e+08	-1.11530e+02	-7.00733e+02	
4353	7.629569e+08	-1.11535e+02	-7.00839e+02	
4354	7.673615e+08	-1.11539e+02	-7.00945e+02	
4355	7.717915e+08	-1.11544e+02	-7.01050e+02	
4356	7.762471e+08	-1.11549e+02	-7.01154e+02	
4357	7.807284e+08	-1.11553e+02	-7.01258e+02	
4358	7.852356e+08	-1.11558e+02	-7.01362e+02	
4359	7.897688e+08	-1.11562e+02	-7.01465e+02	
4360	7.943282e+08	-1.11567e+02	-7.01567e+02	
4361	7.989139e+08	-1.11571e+02	-7.01669e+02	
4362	8.035261e+08	-1.11575e+02	-7.01771e+02	
4363	8.081649e+08	-1.11580e+02	-7.01872e+02	
4364	8.128305e+08	-1.11584e+02	-7.01973e+02	
4365	8.175230e+08	-1.11588e+02	-7.02073e+02	
4366	8.222426e+08	-1.11592e+02	-7.02173e+02	
4367	8.269895e+08	-1.11596e+02	-7.02272e+02	
4368	8.317638e+08	-1.11600e+02	-7.02371e+02	
4369	8.365656e+08	-1.11604e+02	-7.02469e+02	
4370	8.413951e+08	-1.11608e+02	-7.02567e+02	
4371	8.462526e+08	-1.11612e+02	-7.02664e+02	
4372	8.511380e+08	-1.11616e+02	-7.02761e+02	
4373	8.560517e+08	-1.11620e+02	-7.02858e+02	
4374	8.609938e+08	-1.11624e+02	-7.02954e+02	
4375	8.659643e+08	-1.11628e+02	-7.03049e+02	
4376	8.709636e+08	-1.11631e+02	-7.03144e+02	
4377	8.759917e+08	-1.11635e+02	-7.03239e+02	
4378	8.810489e+08	-1.11639e+02	-7.03333e+02	
4379	8.861352e+08	-1.11642e+02	-7.03427e+02	
4380	8.912509e+08	-1.11646e+02	-7.03520e+02	
4381	8.963962e+08	-1.11650e+02	-7.03613e+02	
4382	9.015711e+08	-1.11653e+02	-7.03705e+02	
4383	9.067760e+08	-1.11657e+02	-7.03797e+02	
4384	9.120108e+08	-1.11660e+02	-7.03889e+02	
4385	9.172759e+08	-1.11663e+02	-7.03980e+02	
4386	9.225714e+08	-1.11667e+02	-7.04070e+02	
4387	9.278975e+08	-1.11670e+02	-7.04160e+02	
4388	9.332543e+08	-1.11673e+02	-7.04250e+02	
4389	9.386420e+08	-1.11677e+02	-7.04339e+02	
4390	9.440609e+08	-1.11680e+02	-7.04428e+02	
4391	9.495110e+08	-1.11683e+02	-7.04517e+02	
4392	9.549926e+08	-1.11686e+02	-7.04605e+02	
4393	9.605058e+08	-1.11689e+02	-7.04692e+02	
4394	9.660509e+08	-1.11692e+02	-7.04779e+02	
4395	9.716280e+08	-1.11696e+02	-7.04866e+02	
4396	9.772372e+08	-1.11699e+02	-7.04952e+02	
4397	9.828789e+08	-1.11702e+02	-7.05038e+02	
4398	9.885531e+08	-1.11704e+02	-7.05123e+02	
4399	9.942601e+08	-1.11707e+02	-7.05208e+02	
4400	1.000000e+09	-1.11710e+02	-7.05293e+02	
ROW ssr_cmd=1.15 ssr_v=1.15 fb_v=1.19961 vout_v=1.06953 isup_a=0.0500266 ceff_f=1e-06 esr_ohm=0.001 dcgain_db=140.612 f0_hz=402092 phase_at_f0_deg=-149.22 f180_hz=725928 gain_at_f180_db=-7.98961 f0_rising_hz= resurgence_db=-0.645505
* SWEEP COMPLETE res_ss_-40c_3.63v
Note: Simulation executed from .control section 
Note: Starting dynamic gmin stepping
Note: Dynamic gmin stepping completed
Note: Starting dynamic gmin stepping
Note: Dynamic gmin stepping completed
Note: Starting dynamic gmin stepping
Note: Dynamic gmin stepping completed

Error: measure  f0r  when(WHEN) : out of interval
Error: &f0r: no such variable.
