* full loop-gain curve T(f) for this record's attr-as-committed-curve point
* corner=res_ss_-40c_3.63v variant=as-committed phase=sink ssr=1.15 ceff=1uF esr=1mohm
* the two printed columns after the frequency are |T| in dB and unwrapped phase(T) in degrees

Note: No compatibility mode selected!


Circuit: * soft-start-loop-gain -- tian dual-injection loop-gain testbench for the ldo

* corner_id=res_ss_-40c_3.63v corner=res_ss temp_c=-40 vin_v=3.63
* phase=sink variant=as-committed iload_a=0.05 rload_ohm=1e+12
* ac sweep: dec 400 0.01 1e9 ; Tian dual injection at ERRAMP_OUT->PASS_GATE
* columns: ROW ssr_cmd= ssr_v= fb_v= vout_v= isup_a= ceff_f= esr_ohm=
*          dcgain_db= f0_hz= phase_at_f0_deg= f180_hz= gain_at_f180_db=
*          f0_rising_hz= resurgence_db=
* (phase margin = 180 + phase_at_f0_deg ; gain margin = -gain_at_f180_db ;
*  resurgence_db = max |T| in dB above the first 0 dB crossing, DR-0008 ;
*  an empty f180/gain field means the phase never reaches -180 deg in band ;
*  ssr_cmd is what this deck COMMANDED the ramp node to, or 'free' when it
*  is not pinned; ssr_v/fb_v/vout_v are what the DC solve LANDED on)
* Fields are written key=value BECAUSE a failed meas leaves its value
* empty: with bare positional fields an empty one vanishes into the
* whitespace and every field after it is read as the wrong quantity.
Doing analysis at TEMP = -40.000000 and TNOM = 27.000000

Using SPARSE 1.3 as Direct Linear Solver
 Reference value :  0.00000e+00
No. of Data Rows : 1
Doing analysis at TEMP = -40.000000 and TNOM = 27.000000

Using SPARSE 1.3 as Direct Linear Solver
 Reference value :  3.19890e-02
No. of Data Rows : 4401
Doing analysis at TEMP = -40.000000 and TNOM = 27.000000

Using SPARSE 1.3 as Direct Linear Solver
 Reference value :  1.00000e-02
 Reference value :  9.17276e+08
No. of Data Rows : 4401
dcg                 =  1.40453e+02
f0                  =  4.70721e+05
phx                 =  -1.58677e+02
f180                =  6.93779e+05
gmx                 =  -5.54010e+00
 meas ac f0r when tdb=0 rise=1 failed!

tres                =  -6.78848e-01 at=  4.95450e+05
 * soft-start-loop-gain -- tian dual-injection loop-gain testbench for the ldo
 AC Analysis  Mon Oct  5 19:57:46  2026
--------------------------------------------------------------------------------
Index   frequency       tdb             tph             
--------------------------------------------------------------------------------
0	1.000000e-02	1.404526e+02	-2.60749e-01	
1	1.005773e-02	1.404526e+02	-2.62254e-01	
2	1.011579e-02	1.404526e+02	-2.63768e-01	
3	1.017419e-02	1.404526e+02	-2.65291e-01	
4	1.023293e-02	1.404526e+02	-2.66823e-01	
5	1.029201e-02	1.404526e+02	-2.68363e-01	
6	1.035142e-02	1.404526e+02	-2.69912e-01	
7	1.041118e-02	1.404526e+02	-2.71470e-01	
8	1.047129e-02	1.404526e+02	-2.73038e-01	
9	1.053174e-02	1.404526e+02	-2.74614e-01	
10	1.059254e-02	1.404526e+02	-2.76199e-01	
11	1.065369e-02	1.404526e+02	-2.77794e-01	
12	1.071519e-02	1.404526e+02	-2.79397e-01	
13	1.077705e-02	1.404526e+02	-2.81010e-01	
14	1.083927e-02	1.404526e+02	-2.82633e-01	
15	1.090184e-02	1.404526e+02	-2.84264e-01	
16	1.096478e-02	1.404526e+02	-2.85905e-01	
17	1.102808e-02	1.404526e+02	-2.87556e-01	
18	1.109175e-02	1.404526e+02	-2.89216e-01	
19	1.115578e-02	1.404526e+02	-2.90886e-01	
20	1.122018e-02	1.404526e+02	-2.92565e-01	
21	1.128496e-02	1.404526e+02	-2.94254e-01	
22	1.135011e-02	1.404526e+02	-2.95952e-01	
23	1.141563e-02	1.404526e+02	-2.97661e-01	
24	1.148154e-02	1.404526e+02	-2.99379e-01	
25	1.154782e-02	1.404526e+02	-3.01108e-01	
26	1.161449e-02	1.404526e+02	-3.02846e-01	
27	1.168154e-02	1.404526e+02	-3.04594e-01	
28	1.174898e-02	1.404526e+02	-3.06353e-01	
29	1.181680e-02	1.404526e+02	-3.08121e-01	
30	1.188502e-02	1.404526e+02	-3.09900e-01	
31	1.195364e-02	1.404526e+02	-3.11689e-01	
32	1.202264e-02	1.404526e+02	-3.13488e-01	
33	1.209205e-02	1.404526e+02	-3.15298e-01	
34	1.216186e-02	1.404526e+02	-3.17118e-01	
35	1.223207e-02	1.404526e+02	-3.18949e-01	
36	1.230269e-02	1.404526e+02	-3.20790e-01	
37	1.237371e-02	1.404526e+02	-3.22642e-01	
38	1.244515e-02	1.404526e+02	-3.24505e-01	
39	1.251699e-02	1.404526e+02	-3.26378e-01	
40	1.258925e-02	1.404526e+02	-3.28262e-01	
41	1.266193e-02	1.404526e+02	-3.30157e-01	
42	1.273503e-02	1.404526e+02	-3.32063e-01	
43	1.280855e-02	1.404526e+02	-3.33980e-01	
44	1.288250e-02	1.404526e+02	-3.35908e-01	
45	1.295687e-02	1.404526e+02	-3.37848e-01	
46	1.303167e-02	1.404526e+02	-3.39798e-01	
47	1.310690e-02	1.404526e+02	-3.41760e-01	
48	1.318257e-02	1.404526e+02	-3.43733e-01	
49	1.325867e-02	1.404526e+02	-3.45717e-01	
50	1.333521e-02	1.404526e+02	-3.47713e-01	
51	1.341220e-02	1.404526e+02	-3.49720e-01	
52	1.348963e-02	1.404526e+02	-3.51739e-01	
53	1.356751e-02	1.404526e+02	-3.53769e-01	
54	1.364583e-02	1.404526e+02	-3.55812e-01	

Index   frequency       tdb             tph             
--------------------------------------------------------------------------------
55	1.372461e-02	1.404526e+02	-3.57866e-01	
56	1.380384e-02	1.404526e+02	-3.59932e-01	
57	1.388353e-02	1.404526e+02	-3.62010e-01	
58	1.396368e-02	1.404526e+02	-3.64099e-01	
59	1.404430e-02	1.404526e+02	-3.66201e-01	
60	1.412538e-02	1.404526e+02	-3.68315e-01	
61	1.420692e-02	1.404525e+02	-3.70442e-01	
62	1.428894e-02	1.404525e+02	-3.72580e-01	
63	1.437143e-02	1.404525e+02	-3.74731e-01	
64	1.445440e-02	1.404525e+02	-3.76894e-01	
65	1.453784e-02	1.404525e+02	-3.79070e-01	
66	1.462177e-02	1.404525e+02	-3.81258e-01	
67	1.470618e-02	1.404525e+02	-3.83459e-01	
68	1.479108e-02	1.404525e+02	-3.85673e-01	
69	1.487647e-02	1.404525e+02	-3.87899e-01	
70	1.496236e-02	1.404525e+02	-3.90139e-01	
71	1.504874e-02	1.404525e+02	-3.92391e-01	
72	1.513561e-02	1.404525e+02	-3.94656e-01	
73	1.522299e-02	1.404525e+02	-3.96935e-01	
74	1.531087e-02	1.404525e+02	-3.99226e-01	
75	1.539927e-02	1.404525e+02	-4.01531e-01	
76	1.548817e-02	1.404525e+02	-4.03849e-01	
77	1.557758e-02	1.404525e+02	-4.06180e-01	
78	1.566751e-02	1.404525e+02	-4.08525e-01	
79	1.575796e-02	1.404525e+02	-4.10883e-01	
80	1.584893e-02	1.404525e+02	-4.13255e-01	
81	1.594043e-02	1.404525e+02	-4.15641e-01	
82	1.603245e-02	1.404525e+02	-4.18040e-01	
83	1.612501e-02	1.404525e+02	-4.20454e-01	
84	1.621810e-02	1.404525e+02	-4.22881e-01	
85	1.631173e-02	1.404525e+02	-4.25322e-01	
86	1.640590e-02	1.404525e+02	-4.27777e-01	
87	1.650061e-02	1.404525e+02	-4.30247e-01	
88	1.659587e-02	1.404525e+02	-4.32731e-01	
89	1.669168e-02	1.404525e+02	-4.35229e-01	
90	1.678804e-02	1.404525e+02	-4.37741e-01	
91	1.688496e-02	1.404525e+02	-4.40268e-01	
92	1.698244e-02	1.404525e+02	-4.42810e-01	
93	1.708048e-02	1.404525e+02	-4.45366e-01	
94	1.717908e-02	1.404525e+02	-4.47937e-01	
95	1.727826e-02	1.404525e+02	-4.50523e-01	
96	1.737801e-02	1.404525e+02	-4.53124e-01	
97	1.747833e-02	1.404525e+02	-4.55740e-01	
98	1.757924e-02	1.404525e+02	-4.58370e-01	
99	1.768072e-02	1.404525e+02	-4.61017e-01	
100	1.778279e-02	1.404524e+02	-4.63678e-01	
101	1.788546e-02	1.404524e+02	-4.66355e-01	
102	1.798871e-02	1.404524e+02	-4.69047e-01	
103	1.809256e-02	1.404524e+02	-4.71755e-01	
104	1.819701e-02	1.404524e+02	-4.74478e-01	
105	1.830206e-02	1.404524e+02	-4.77217e-01	
106	1.840772e-02	1.404524e+02	-4.79972e-01	
107	1.851399e-02	1.404524e+02	-4.82743e-01	
108	1.862087e-02	1.404524e+02	-4.85529e-01	
109	1.872837e-02	1.404524e+02	-4.88332e-01	
110	1.883649e-02	1.404524e+02	-4.91151e-01	
111	1.894524e-02	1.404524e+02	-4.93987e-01	
112	1.905461e-02	1.404524e+02	-4.96838e-01	

Index   frequency       tdb             tph             
--------------------------------------------------------------------------------
113	1.916461e-02	1.404524e+02	-4.99706e-01	
114	1.927525e-02	1.404524e+02	-5.02591e-01	
115	1.938653e-02	1.404524e+02	-5.05492e-01	
116	1.949845e-02	1.404524e+02	-5.08410e-01	
117	1.961101e-02	1.404524e+02	-5.11345e-01	
118	1.972423e-02	1.404524e+02	-5.14297e-01	
119	1.983810e-02	1.404524e+02	-5.17266e-01	
120	1.995262e-02	1.404524e+02	-5.20252e-01	
121	2.006781e-02	1.404524e+02	-5.23256e-01	
122	2.018366e-02	1.404524e+02	-5.26276e-01	
123	2.030019e-02	1.404524e+02	-5.29314e-01	
124	2.041738e-02	1.404524e+02	-5.32370e-01	
125	2.053525e-02	1.404524e+02	-5.35443e-01	
126	2.065380e-02	1.404523e+02	-5.38534e-01	
127	2.077304e-02	1.404523e+02	-5.41643e-01	
128	2.089296e-02	1.404523e+02	-5.44770e-01	
129	2.101358e-02	1.404523e+02	-5.47914e-01	
130	2.113489e-02	1.404523e+02	-5.51077e-01	
131	2.125690e-02	1.404523e+02	-5.54258e-01	
132	2.137962e-02	1.404523e+02	-5.57458e-01	
133	2.150305e-02	1.404523e+02	-5.60676e-01	
134	2.162719e-02	1.404523e+02	-5.63913e-01	
135	2.175204e-02	1.404523e+02	-5.67168e-01	
136	2.187762e-02	1.404523e+02	-5.70442e-01	
137	2.200392e-02	1.404523e+02	-5.73735e-01	
138	2.213095e-02	1.404523e+02	-5.77047e-01	
139	2.225871e-02	1.404523e+02	-5.80378e-01	
140	2.238721e-02	1.404523e+02	-5.83728e-01	
141	2.251645e-02	1.404523e+02	-5.87098e-01	
142	2.264644e-02	1.404523e+02	-5.90487e-01	
143	2.277718e-02	1.404523e+02	-5.93896e-01	
144	2.290868e-02	1.404523e+02	-5.97324e-01	
145	2.304093e-02	1.404523e+02	-6.00772e-01	
146	2.317395e-02	1.404523e+02	-6.04240e-01	
147	2.330773e-02	1.404522e+02	-6.07729e-01	
148	2.344229e-02	1.404522e+02	-6.11237e-01	
149	2.357762e-02	1.404522e+02	-6.14765e-01	
150	2.371374e-02	1.404522e+02	-6.18314e-01	
151	2.385064e-02	1.404522e+02	-6.21883e-01	
152	2.398833e-02	1.404522e+02	-6.25473e-01	
153	2.412682e-02	1.404522e+02	-6.29084e-01	
154	2.426610e-02	1.404522e+02	-6.32715e-01	
155	2.440619e-02	1.404522e+02	-6.36368e-01	
156	2.454709e-02	1.404522e+02	-6.40041e-01	
157	2.468880e-02	1.404522e+02	-6.43736e-01	
158	2.483133e-02	1.404522e+02	-6.47452e-01	
159	2.497468e-02	1.404522e+02	-6.51189e-01	
160	2.511886e-02	1.404522e+02	-6.54948e-01	
161	2.526388e-02	1.404522e+02	-6.58729e-01	
162	2.540973e-02	1.404522e+02	-6.62532e-01	
163	2.555642e-02	1.404521e+02	-6.66356e-01	
164	2.570396e-02	1.404521e+02	-6.70203e-01	
165	2.585235e-02	1.404521e+02	-6.74071e-01	
166	2.600160e-02	1.404521e+02	-6.77963e-01	
167	2.615170e-02	1.404521e+02	-6.81876e-01	
168	2.630268e-02	1.404521e+02	-6.85812e-01	
169	2.645453e-02	1.404521e+02	-6.89771e-01	
170	2.660725e-02	1.404521e+02	-6.93753e-01	

Index   frequency       tdb             tph             
--------------------------------------------------------------------------------
171	2.676086e-02	1.404521e+02	-6.97757e-01	
172	2.691535e-02	1.404521e+02	-7.01785e-01	
173	2.707073e-02	1.404521e+02	-7.05836e-01	
174	2.722701e-02	1.404521e+02	-7.09911e-01	
175	2.738420e-02	1.404521e+02	-7.14009e-01	
176	2.754229e-02	1.404521e+02	-7.18130e-01	
177	2.770129e-02	1.404520e+02	-7.22276e-01	
178	2.786121e-02	1.404520e+02	-7.26445e-01	
179	2.802206e-02	1.404520e+02	-7.30638e-01	
180	2.818383e-02	1.404520e+02	-7.34856e-01	
181	2.834654e-02	1.404520e+02	-7.39098e-01	
182	2.851018e-02	1.404520e+02	-7.43364e-01	
183	2.867477e-02	1.404520e+02	-7.47655e-01	
184	2.884032e-02	1.404520e+02	-7.51971e-01	
185	2.900681e-02	1.404520e+02	-7.56312e-01	
186	2.917427e-02	1.404520e+02	-7.60677e-01	
187	2.934270e-02	1.404520e+02	-7.65068e-01	
188	2.951209e-02	1.404520e+02	-7.69485e-01	
189	2.968247e-02	1.404519e+02	-7.73926e-01	
190	2.985383e-02	1.404519e+02	-7.78394e-01	
191	3.002617e-02	1.404519e+02	-7.82887e-01	
192	3.019952e-02	1.404519e+02	-7.87406e-01	
193	3.037386e-02	1.404519e+02	-7.91951e-01	
194	3.054921e-02	1.404519e+02	-7.96522e-01	
195	3.072557e-02	1.404519e+02	-8.01120e-01	
196	3.090295e-02	1.404519e+02	-8.05745e-01	
197	3.108136e-02	1.404519e+02	-8.10396e-01	
198	3.126079e-02	1.404519e+02	-8.15073e-01	
199	3.144126e-02	1.404518e+02	-8.19778e-01	
200	3.162278e-02	1.404518e+02	-8.24510e-01	
201	3.180534e-02	1.404518e+02	-8.29270e-01	
202	3.198895e-02	1.404518e+02	-8.34056e-01	
203	3.217363e-02	1.404518e+02	-8.38871e-01	
204	3.235937e-02	1.404518e+02	-8.43713e-01	
205	3.254618e-02	1.404518e+02	-8.48583e-01	
206	3.273407e-02	1.404518e+02	-8.53481e-01	
207	3.292305e-02	1.404518e+02	-8.58408e-01	
208	3.311311e-02	1.404517e+02	-8.63363e-01	
209	3.330428e-02	1.404517e+02	-8.68346e-01	
210	3.349654e-02	1.404517e+02	-8.73358e-01	
211	3.368992e-02	1.404517e+02	-8.78399e-01	
212	3.388442e-02	1.404517e+02	-8.83470e-01	
213	3.408003e-02	1.404517e+02	-8.88569e-01	
214	3.427678e-02	1.404517e+02	-8.93698e-01	
215	3.447466e-02	1.404517e+02	-8.98857e-01	
216	3.467369e-02	1.404517e+02	-9.04045e-01	
217	3.487386e-02	1.404516e+02	-9.09263e-01	
218	3.507519e-02	1.404516e+02	-9.14512e-01	
219	3.527768e-02	1.404516e+02	-9.19790e-01	
220	3.548134e-02	1.404516e+02	-9.25099e-01	
221	3.568617e-02	1.404516e+02	-9.30439e-01	
222	3.589219e-02	1.404516e+02	-9.35810e-01	
223	3.609940e-02	1.404516e+02	-9.41211e-01	
224	3.630781e-02	1.404516e+02	-9.46644e-01	
225	3.651741e-02	1.404515e+02	-9.52108e-01	
226	3.672823e-02	1.404515e+02	-9.57603e-01	
227	3.694026e-02	1.404515e+02	-9.63131e-01	
228	3.715352e-02	1.404515e+02	-9.68690e-01	

Index   frequency       tdb             tph             
--------------------------------------------------------------------------------
229	3.736801e-02	1.404515e+02	-9.74281e-01	
230	3.758374e-02	1.404515e+02	-9.79905e-01	
231	3.780071e-02	1.404515e+02	-9.85561e-01	
232	3.801894e-02	1.404514e+02	-9.91249e-01	
233	3.823843e-02	1.404514e+02	-9.96971e-01	
234	3.845918e-02	1.404514e+02	-1.00272e+00	
235	3.868121e-02	1.404514e+02	-1.00851e+00	
236	3.890451e-02	1.404514e+02	-1.01433e+00	
237	3.912911e-02	1.404514e+02	-1.02019e+00	
238	3.935501e-02	1.404513e+02	-1.02608e+00	
239	3.958221e-02	1.404513e+02	-1.03200e+00	
240	3.981072e-02	1.404513e+02	-1.03796e+00	
241	4.004055e-02	1.404513e+02	-1.04395e+00	
242	4.027170e-02	1.404513e+02	-1.04997e+00	
243	4.050419e-02	1.404513e+02	-1.05603e+00	
244	4.073803e-02	1.404512e+02	-1.06213e+00	
245	4.097321e-02	1.404512e+02	-1.06826e+00	
246	4.120975e-02	1.404512e+02	-1.07442e+00	
247	4.144766e-02	1.404512e+02	-1.08062e+00	
248	4.168694e-02	1.404512e+02	-1.08686e+00	
249	4.192760e-02	1.404512e+02	-1.09313e+00	
250	4.216965e-02	1.404511e+02	-1.09944e+00	
251	4.241310e-02	1.404511e+02	-1.10579e+00	
252	4.265795e-02	1.404511e+02	-1.11217e+00	
253	4.290422e-02	1.404511e+02	-1.11859e+00	
254	4.315191e-02	1.404511e+02	-1.12505e+00	
255	4.340103e-02	1.404510e+02	-1.13154e+00	
256	4.365158e-02	1.404510e+02	-1.13807e+00	
257	4.390359e-02	1.404510e+02	-1.14464e+00	
258	4.415704e-02	1.404510e+02	-1.15125e+00	
259	4.441197e-02	1.404510e+02	-1.15789e+00	
260	4.466836e-02	1.404509e+02	-1.16457e+00	
261	4.492623e-02	1.404509e+02	-1.17129e+00	
262	4.518559e-02	1.404509e+02	-1.17805e+00	
263	4.544645e-02	1.404509e+02	-1.18485e+00	
264	4.570882e-02	1.404509e+02	-1.19169e+00	
265	4.597270e-02	1.404508e+02	-1.19857e+00	
266	4.623810e-02	1.404508e+02	-1.20549e+00	
267	4.650504e-02	1.404508e+02	-1.21244e+00	
268	4.677351e-02	1.404508e+02	-1.21944e+00	
269	4.704354e-02	1.404508e+02	-1.22648e+00	
270	4.731513e-02	1.404507e+02	-1.23356e+00	
271	4.758828e-02	1.404507e+02	-1.24068e+00	
272	4.786301e-02	1.404507e+02	-1.24784e+00	
273	4.813933e-02	1.404507e+02	-1.25504e+00	
274	4.841724e-02	1.404506e+02	-1.26228e+00	
275	4.869675e-02	1.404506e+02	-1.26957e+00	
276	4.897788e-02	1.404506e+02	-1.27689e+00	
277	4.926063e-02	1.404506e+02	-1.28426e+00	
278	4.954502e-02	1.404505e+02	-1.29167e+00	
279	4.983105e-02	1.404505e+02	-1.29913e+00	
280	5.011872e-02	1.404505e+02	-1.30663e+00	
281	5.040806e-02	1.404505e+02	-1.31417e+00	
282	5.069907e-02	1.404504e+02	-1.32175e+00	
283	5.099176e-02	1.404504e+02	-1.32938e+00	
284	5.128614e-02	1.404504e+02	-1.33705e+00	
285	5.158222e-02	1.404504e+02	-1.34477e+00	
286	5.188000e-02	1.404503e+02	-1.35253e+00	

Index   frequency       tdb             tph             
--------------------------------------------------------------------------------
287	5.217951e-02	1.404503e+02	-1.36033e+00	
288	5.248075e-02	1.404503e+02	-1.36818e+00	
289	5.278372e-02	1.404502e+02	-1.37608e+00	
290	5.308844e-02	1.404502e+02	-1.38402e+00	
291	5.339493e-02	1.404502e+02	-1.39201e+00	
292	5.370318e-02	1.404502e+02	-1.40004e+00	
293	5.401321e-02	1.404501e+02	-1.40812e+00	
294	5.432503e-02	1.404501e+02	-1.41624e+00	
295	5.463865e-02	1.404501e+02	-1.42442e+00	
296	5.495409e-02	1.404500e+02	-1.43264e+00	
297	5.527134e-02	1.404500e+02	-1.44090e+00	
298	5.559043e-02	1.404500e+02	-1.44922e+00	
299	5.591135e-02	1.404499e+02	-1.45758e+00	
300	5.623413e-02	1.404499e+02	-1.46599e+00	
301	5.655878e-02	1.404499e+02	-1.47445e+00	
302	5.688529e-02	1.404498e+02	-1.48296e+00	
303	5.721370e-02	1.404498e+02	-1.49152e+00	
304	5.754399e-02	1.404498e+02	-1.50012e+00	
305	5.787620e-02	1.404497e+02	-1.50878e+00	
306	5.821032e-02	1.404497e+02	-1.51749e+00	
307	5.854637e-02	1.404497e+02	-1.52624e+00	
308	5.888437e-02	1.404496e+02	-1.53505e+00	
309	5.922431e-02	1.404496e+02	-1.54391e+00	
310	5.956621e-02	1.404496e+02	-1.55282e+00	
311	5.991009e-02	1.404495e+02	-1.56178e+00	
312	6.025596e-02	1.404495e+02	-1.57079e+00	
313	6.060382e-02	1.404494e+02	-1.57985e+00	
314	6.095369e-02	1.404494e+02	-1.58897e+00	
315	6.130558e-02	1.404494e+02	-1.59814e+00	
316	6.165950e-02	1.404493e+02	-1.60736e+00	
317	6.201546e-02	1.404493e+02	-1.61663e+00	
318	6.237348e-02	1.404493e+02	-1.62596e+00	
319	6.273357e-02	1.404492e+02	-1.63534e+00	
320	6.309573e-02	1.404492e+02	-1.64478e+00	
321	6.345999e-02	1.404491e+02	-1.65427e+00	
322	6.382635e-02	1.404491e+02	-1.66381e+00	
323	6.419482e-02	1.404490e+02	-1.67341e+00	
324	6.456542e-02	1.404490e+02	-1.68307e+00	
325	6.493816e-02	1.404490e+02	-1.69278e+00	
326	6.531306e-02	1.404489e+02	-1.70255e+00	
327	6.569011e-02	1.404489e+02	-1.71237e+00	
328	6.606934e-02	1.404488e+02	-1.72225e+00	
329	6.645077e-02	1.404488e+02	-1.73219e+00	
330	6.683439e-02	1.404487e+02	-1.74218e+00	
331	6.722023e-02	1.404487e+02	-1.75223e+00	
332	6.760830e-02	1.404486e+02	-1.76234e+00	
333	6.799860e-02	1.404486e+02	-1.77251e+00	
334	6.839116e-02	1.404485e+02	-1.78273e+00	
335	6.878599e-02	1.404485e+02	-1.79302e+00	
336	6.918310e-02	1.404485e+02	-1.80336e+00	
337	6.958250e-02	1.404484e+02	-1.81377e+00	
338	6.998420e-02	1.404484e+02	-1.82423e+00	
339	7.038822e-02	1.404483e+02	-1.83476e+00	
340	7.079458e-02	1.404482e+02	-1.84534e+00	
341	7.120328e-02	1.404482e+02	-1.85599e+00	
342	7.161434e-02	1.404481e+02	-1.86669e+00	
343	7.202778e-02	1.404481e+02	-1.87746e+00	
344	7.244360e-02	1.404480e+02	-1.88829e+00	

Index   frequency       tdb             tph             
--------------------------------------------------------------------------------
345	7.286182e-02	1.404480e+02	-1.89919e+00	
346	7.328245e-02	1.404479e+02	-1.91014e+00	
347	7.370552e-02	1.404479e+02	-1.92116e+00	
348	7.413102e-02	1.404478e+02	-1.93225e+00	
349	7.455899e-02	1.404478e+02	-1.94339e+00	
350	7.498942e-02	1.404477e+02	-1.95460e+00	
351	7.542234e-02	1.404476e+02	-1.96588e+00	
352	7.585776e-02	1.404476e+02	-1.97722e+00	
353	7.629569e-02	1.404475e+02	-1.98862e+00	
354	7.673615e-02	1.404475e+02	-2.00010e+00	
355	7.717915e-02	1.404474e+02	-2.01163e+00	
356	7.762471e-02	1.404473e+02	-2.02324e+00	
357	7.807284e-02	1.404473e+02	-2.03491e+00	
358	7.852356e-02	1.404472e+02	-2.04665e+00	
359	7.897688e-02	1.404472e+02	-2.05845e+00	
360	7.943282e-02	1.404471e+02	-2.07032e+00	
361	7.989139e-02	1.404470e+02	-2.08227e+00	
362	8.035261e-02	1.404470e+02	-2.09428e+00	
363	8.081649e-02	1.404469e+02	-2.10636e+00	
364	8.128305e-02	1.404468e+02	-2.11850e+00	
365	8.175230e-02	1.404468e+02	-2.13072e+00	
366	8.222426e-02	1.404467e+02	-2.14301e+00	
367	8.269895e-02	1.404466e+02	-2.15537e+00	
368	8.317638e-02	1.404465e+02	-2.16780e+00	
369	8.365656e-02	1.404465e+02	-2.18031e+00	
370	8.413951e-02	1.404464e+02	-2.19288e+00	
371	8.462526e-02	1.404463e+02	-2.20553e+00	
372	8.511380e-02	1.404463e+02	-2.21825e+00	
373	8.560517e-02	1.404462e+02	-2.23104e+00	
374	8.609938e-02	1.404461e+02	-2.24391e+00	
375	8.659643e-02	1.404460e+02	-2.25685e+00	
376	8.709636e-02	1.404459e+02	-2.26987e+00	
377	8.759917e-02	1.404459e+02	-2.28296e+00	
378	8.810489e-02	1.404458e+02	-2.29612e+00	
379	8.861352e-02	1.404457e+02	-2.30936e+00	
380	8.912509e-02	1.404456e+02	-2.32268e+00	
381	8.963962e-02	1.404455e+02	-2.33608e+00	
382	9.015711e-02	1.404455e+02	-2.34955e+00	
383	9.067760e-02	1.404454e+02	-2.36310e+00	
384	9.120108e-02	1.404453e+02	-2.37672e+00	
385	9.172759e-02	1.404452e+02	-2.39043e+00	
386	9.225714e-02	1.404451e+02	-2.40421e+00	
387	9.278975e-02	1.404450e+02	-2.41808e+00	
388	9.332543e-02	1.404449e+02	-2.43202e+00	
389	9.386420e-02	1.404449e+02	-2.44604e+00	
390	9.440609e-02	1.404448e+02	-2.46015e+00	
391	9.495110e-02	1.404447e+02	-2.47433e+00	
392	9.549926e-02	1.404446e+02	-2.48860e+00	
393	9.605058e-02	1.404445e+02	-2.50295e+00	
394	9.660509e-02	1.404444e+02	-2.51738e+00	
395	9.716280e-02	1.404443e+02	-2.53189e+00	
396	9.772372e-02	1.404442e+02	-2.54649e+00	
397	9.828789e-02	1.404441e+02	-2.56117e+00	
398	9.885531e-02	1.404440e+02	-2.57594e+00	
399	9.942601e-02	1.404439e+02	-2.59079e+00	
400	1.000000e-01	1.404438e+02	-2.60573e+00	
401	1.005773e-01	1.404437e+02	-2.62075e+00	
402	1.011579e-01	1.404436e+02	-2.63586e+00	

Index   frequency       tdb             tph             
--------------------------------------------------------------------------------
403	1.017419e-01	1.404435e+02	-2.65105e+00	
404	1.023293e-01	1.404434e+02	-2.66633e+00	
405	1.029201e-01	1.404433e+02	-2.68171e+00	
406	1.035142e-01	1.404432e+02	-2.69716e+00	
407	1.041118e-01	1.404430e+02	-2.71271e+00	
408	1.047129e-01	1.404429e+02	-2.72835e+00	
409	1.053174e-01	1.404428e+02	-2.74408e+00	
410	1.059254e-01	1.404427e+02	-2.75989e+00	
411	1.065369e-01	1.404426e+02	-2.77580e+00	
412	1.071519e-01	1.404425e+02	-2.79180e+00	
413	1.077705e-01	1.404424e+02	-2.80789e+00	
414	1.083927e-01	1.404422e+02	-2.82408e+00	
415	1.090184e-01	1.404421e+02	-2.84036e+00	
416	1.096478e-01	1.404420e+02	-2.85673e+00	
417	1.102808e-01	1.404419e+02	-2.87319e+00	
418	1.109175e-01	1.404417e+02	-2.88975e+00	
419	1.115578e-01	1.404416e+02	-2.90640e+00	
420	1.122018e-01	1.404415e+02	-2.92316e+00	
421	1.128496e-01	1.404414e+02	-2.94000e+00	
422	1.135011e-01	1.404412e+02	-2.95694e+00	
423	1.141563e-01	1.404411e+02	-2.97398e+00	
424	1.148154e-01	1.404410e+02	-2.99112e+00	
425	1.154782e-01	1.404408e+02	-3.00836e+00	
426	1.161449e-01	1.404407e+02	-3.02569e+00	
427	1.168154e-01	1.404405e+02	-3.04313e+00	
428	1.174898e-01	1.404404e+02	-3.06067e+00	
429	1.181680e-01	1.404403e+02	-3.07830e+00	
430	1.188502e-01	1.404401e+02	-3.09604e+00	
431	1.195364e-01	1.404400e+02	-3.11388e+00	
432	1.202264e-01	1.404398e+02	-3.13182e+00	
433	1.209205e-01	1.404397e+02	-3.14986e+00	
434	1.216186e-01	1.404395e+02	-3.16801e+00	
435	1.223207e-01	1.404394e+02	-3.18626e+00	
436	1.230269e-01	1.404392e+02	-3.20462e+00	
437	1.237371e-01	1.404391e+02	-3.22308e+00	
438	1.244515e-01	1.404389e+02	-3.24165e+00	
439	1.251699e-01	1.404387e+02	-3.26032e+00	
440	1.258925e-01	1.404386e+02	-3.27910e+00	
441	1.266193e-01	1.404384e+02	-3.29799e+00	
442	1.273503e-01	1.404382e+02	-3.31699e+00	
443	1.280855e-01	1.404381e+02	-3.33610e+00	
444	1.288250e-01	1.404379e+02	-3.35531e+00	
445	1.295687e-01	1.404377e+02	-3.37464e+00	
446	1.303167e-01	1.404376e+02	-3.39408e+00	
447	1.310690e-01	1.404374e+02	-3.41362e+00	
448	1.318257e-01	1.404372e+02	-3.43328e+00	
449	1.325867e-01	1.404370e+02	-3.45306e+00	
450	1.333521e-01	1.404369e+02	-3.47294e+00	
451	1.341220e-01	1.404367e+02	-3.49294e+00	
452	1.348963e-01	1.404365e+02	-3.51306e+00	
453	1.356751e-01	1.404363e+02	-3.53329e+00	
454	1.364583e-01	1.404361e+02	-3.55364e+00	
455	1.372461e-01	1.404359e+02	-3.57410e+00	
456	1.380384e-01	1.404357e+02	-3.59468e+00	
457	1.388353e-01	1.404355e+02	-3.61538e+00	
458	1.396368e-01	1.404353e+02	-3.63619e+00	
459	1.404430e-01	1.404351e+02	-3.65713e+00	
460	1.412538e-01	1.404349e+02	-3.67818e+00	

Index   frequency       tdb             tph             
--------------------------------------------------------------------------------
461	1.420692e-01	1.404347e+02	-3.69936e+00	
462	1.428894e-01	1.404345e+02	-3.72066e+00	
463	1.437143e-01	1.404343e+02	-3.74208e+00	
464	1.445440e-01	1.404341e+02	-3.76362e+00	
465	1.453784e-01	1.404339e+02	-3.78528e+00	
466	1.462177e-01	1.404336e+02	-3.80707e+00	
467	1.470618e-01	1.404334e+02	-3.82899e+00	
468	1.479108e-01	1.404332e+02	-3.85103e+00	
469	1.487647e-01	1.404330e+02	-3.87319e+00	
470	1.496236e-01	1.404327e+02	-3.89548e+00	
471	1.504874e-01	1.404325e+02	-3.91790e+00	
472	1.513561e-01	1.404323e+02	-3.94045e+00	
473	1.522299e-01	1.404320e+02	-3.96313e+00	
474	1.531087e-01	1.404318e+02	-3.98593e+00	
475	1.539927e-01	1.404316e+02	-4.00887e+00	
476	1.548817e-01	1.404313e+02	-4.03194e+00	
477	1.557758e-01	1.404311e+02	-4.05514e+00	
478	1.566751e-01	1.404308e+02	-4.07847e+00	
479	1.575796e-01	1.404306e+02	-4.10194e+00	
480	1.584893e-01	1.404303e+02	-4.12554e+00	
481	1.594043e-01	1.404301e+02	-4.14927e+00	
482	1.603245e-01	1.404298e+02	-4.17314e+00	
483	1.612501e-01	1.404295e+02	-4.19715e+00	
484	1.621810e-01	1.404293e+02	-4.22129e+00	
485	1.631173e-01	1.404290e+02	-4.24557e+00	
486	1.640590e-01	1.404287e+02	-4.26999e+00	
487	1.650061e-01	1.404284e+02	-4.29455e+00	
488	1.659587e-01	1.404282e+02	-4.31925e+00	
489	1.669168e-01	1.404279e+02	-4.34410e+00	
490	1.678804e-01	1.404276e+02	-4.36908e+00	
491	1.688496e-01	1.404273e+02	-4.39420e+00	
492	1.698244e-01	1.404270e+02	-4.41947e+00	
493	1.708048e-01	1.404267e+02	-4.44488e+00	
494	1.717908e-01	1.404264e+02	-4.47044e+00	
495	1.727826e-01	1.404261e+02	-4.49615e+00	
496	1.737801e-01	1.404258e+02	-4.52200e+00	
497	1.747833e-01	1.404255e+02	-4.54799e+00	
498	1.757924e-01	1.404252e+02	-4.57414e+00	
499	1.768072e-01	1.404249e+02	-4.60043e+00	
500	1.778279e-01	1.404245e+02	-4.62688e+00	
501	1.788546e-01	1.404242e+02	-4.65347e+00	
502	1.798871e-01	1.404239e+02	-4.68022e+00	
503	1.809256e-01	1.404235e+02	-4.70712e+00	
504	1.819701e-01	1.404232e+02	-4.73417e+00	
505	1.830206e-01	1.404229e+02	-4.76138e+00	
506	1.840772e-01	1.404225e+02	-4.78874e+00	
507	1.851399e-01	1.404222e+02	-4.81626e+00	
508	1.862087e-01	1.404218e+02	-4.84393e+00	
509	1.872837e-01	1.404215e+02	-4.87176e+00	
510	1.883649e-01	1.404211e+02	-4.89975e+00	
511	1.894524e-01	1.404207e+02	-4.92790e+00	
512	1.905461e-01	1.404204e+02	-4.95621e+00	
513	1.916461e-01	1.404200e+02	-4.98468e+00	
514	1.927525e-01	1.404196e+02	-5.01331e+00	
515	1.938653e-01	1.404192e+02	-5.04211e+00	
516	1.949845e-01	1.404189e+02	-5.07106e+00	
517	1.961101e-01	1.404185e+02	-5.10019e+00	
518	1.972423e-01	1.404181e+02	-5.12947e+00	

Index   frequency       tdb             tph             
--------------------------------------------------------------------------------
519	1.983810e-01	1.404177e+02	-5.15893e+00	
520	1.995262e-01	1.404173e+02	-5.18855e+00	
521	2.006781e-01	1.404169e+02	-5.21834e+00	
522	2.018366e-01	1.404164e+02	-5.24830e+00	
523	2.030019e-01	1.404160e+02	-5.27843e+00	
524	2.041738e-01	1.404156e+02	-5.30873e+00	
525	2.053525e-01	1.404152e+02	-5.33920e+00	
526	2.065380e-01	1.404147e+02	-5.36985e+00	
527	2.077304e-01	1.404143e+02	-5.40067e+00	
528	2.089296e-01	1.404139e+02	-5.43166e+00	
529	2.101358e-01	1.404134e+02	-5.46283e+00	
530	2.113489e-01	1.404130e+02	-5.49418e+00	
531	2.125690e-01	1.404125e+02	-5.52570e+00	
532	2.137962e-01	1.404120e+02	-5.55741e+00	
533	2.150305e-01	1.404116e+02	-5.58929e+00	
534	2.162719e-01	1.404111e+02	-5.62135e+00	
535	2.175204e-01	1.404106e+02	-5.65360e+00	
536	2.187762e-01	1.404101e+02	-5.68602e+00	
537	2.200392e-01	1.404096e+02	-5.71863e+00	
538	2.213095e-01	1.404091e+02	-5.75143e+00	
539	2.225871e-01	1.404086e+02	-5.78441e+00	
540	2.238721e-01	1.404081e+02	-5.81758e+00	
541	2.251645e-01	1.404076e+02	-5.85093e+00	
542	2.264644e-01	1.404071e+02	-5.88447e+00	
543	2.277718e-01	1.404066e+02	-5.91821e+00	
544	2.290868e-01	1.404060e+02	-5.95213e+00	
545	2.304093e-01	1.404055e+02	-5.98625e+00	
546	2.317395e-01	1.404050e+02	-6.02055e+00	
547	2.330773e-01	1.404044e+02	-6.05506e+00	
548	2.344229e-01	1.404038e+02	-6.08975e+00	
549	2.357762e-01	1.404033e+02	-6.12464e+00	
550	2.371374e-01	1.404027e+02	-6.15973e+00	
551	2.385064e-01	1.404021e+02	-6.19502e+00	
552	2.398833e-01	1.404016e+02	-6.23051e+00	
553	2.412682e-01	1.404010e+02	-6.26619e+00	
554	2.426610e-01	1.404004e+02	-6.30208e+00	
555	2.440619e-01	1.403998e+02	-6.33817e+00	
556	2.454709e-01	1.403992e+02	-6.37446e+00	
557	2.468880e-01	1.403985e+02	-6.41096e+00	
558	2.483133e-01	1.403979e+02	-6.44766e+00	
559	2.497468e-01	1.403973e+02	-6.48457e+00	
560	2.511886e-01	1.403967e+02	-6.52169e+00	
561	2.526388e-01	1.403960e+02	-6.55901e+00	
562	2.540973e-01	1.403954e+02	-6.59655e+00	
563	2.555642e-01	1.403947e+02	-6.63430e+00	
564	2.570396e-01	1.403940e+02	-6.67225e+00	
565	2.585235e-01	1.403934e+02	-6.71043e+00	
566	2.600160e-01	1.403927e+02	-6.74881e+00	
567	2.615170e-01	1.403920e+02	-6.78741e+00	
568	2.630268e-01	1.403913e+02	-6.82623e+00	
569	2.645453e-01	1.403906e+02	-6.86527e+00	
570	2.660725e-01	1.403899e+02	-6.90452e+00	
571	2.676086e-01	1.403891e+02	-6.94400e+00	
572	2.691535e-01	1.403884e+02	-6.98370e+00	
573	2.707073e-01	1.403877e+02	-7.02362e+00	
574	2.722701e-01	1.403869e+02	-7.06376e+00	
575	2.738420e-01	1.403862e+02	-7.10413e+00	
576	2.754229e-01	1.403854e+02	-7.14472e+00	

Index   frequency       tdb             tph             
--------------------------------------------------------------------------------
577	2.770129e-01	1.403846e+02	-7.18554e+00	
578	2.786121e-01	1.403838e+02	-7.22659e+00	
579	2.802206e-01	1.403830e+02	-7.26787e+00	
580	2.818383e-01	1.403822e+02	-7.30938e+00	
581	2.834654e-01	1.403814e+02	-7.35112e+00	
582	2.851018e-01	1.403806e+02	-7.39309e+00	
583	2.867477e-01	1.403798e+02	-7.43530e+00	
584	2.884032e-01	1.403790e+02	-7.47774e+00	
585	2.900681e-01	1.403781e+02	-7.52042e+00	
586	2.917427e-01	1.403773e+02	-7.56334e+00	
587	2.934270e-01	1.403764e+02	-7.60650e+00	
588	2.951209e-01	1.403755e+02	-7.64990e+00	
589	2.968247e-01	1.403746e+02	-7.69354e+00	
590	2.985383e-01	1.403737e+02	-7.73742e+00	
591	3.002617e-01	1.403728e+02	-7.78155e+00	
592	3.019952e-01	1.403719e+02	-7.82592e+00	
593	3.037386e-01	1.403710e+02	-7.87054e+00	
594	3.054921e-01	1.403700e+02	-7.91541e+00	
595	3.072557e-01	1.403691e+02	-7.96053e+00	
596	3.090295e-01	1.403681e+02	-8.00589e+00	
597	3.108136e-01	1.403672e+02	-8.05151e+00	
598	3.126079e-01	1.403662e+02	-8.09739e+00	
599	3.144126e-01	1.403652e+02	-8.14351e+00	
600	3.162278e-01	1.403642e+02	-8.18989e+00	
601	3.180534e-01	1.403632e+02	-8.23653e+00	
602	3.198895e-01	1.403621e+02	-8.28343e+00	
603	3.217363e-01	1.403611e+02	-8.33059e+00	
604	3.235937e-01	1.403601e+02	-8.37801e+00	
605	3.254618e-01	1.403590e+02	-8.42569e+00	
606	3.273407e-01	1.403579e+02	-8.47363e+00	
607	3.292305e-01	1.403568e+02	-8.52184e+00	
608	3.311311e-01	1.403557e+02	-8.57031e+00	
609	3.330428e-01	1.403546e+02	-8.61906e+00	
610	3.349654e-01	1.403535e+02	-8.66807e+00	
611	3.368992e-01	1.403524e+02	-8.71735e+00	
612	3.388442e-01	1.403512e+02	-8.76690e+00	
613	3.408003e-01	1.403501e+02	-8.81673e+00	
614	3.427678e-01	1.403489e+02	-8.86682e+00	
615	3.447466e-01	1.403477e+02	-8.91720e+00	
616	3.467369e-01	1.403465e+02	-8.96785e+00	
617	3.487386e-01	1.403453e+02	-9.01878e+00	
618	3.507519e-01	1.403440e+02	-9.06999e+00	
619	3.527768e-01	1.403428e+02	-9.12148e+00	
620	3.548134e-01	1.403415e+02	-9.17326e+00	
621	3.568617e-01	1.403403e+02	-9.22531e+00	
622	3.589219e-01	1.403390e+02	-9.27766e+00	
623	3.609940e-01	1.403377e+02	-9.33029e+00	
624	3.630781e-01	1.403364e+02	-9.38320e+00	
625	3.651741e-01	1.403350e+02	-9.43641e+00	
626	3.672823e-01	1.403337e+02	-9.48991e+00	
627	3.694026e-01	1.403323e+02	-9.54370e+00	
628	3.715352e-01	1.403310e+02	-9.59778e+00	
629	3.736801e-01	1.403296e+02	-9.65216e+00	
630	3.758374e-01	1.403282e+02	-9.70683e+00	
631	3.780071e-01	1.403268e+02	-9.76180e+00	
632	3.801894e-01	1.403253e+02	-9.81707e+00	
633	3.823843e-01	1.403239e+02	-9.87264e+00	
634	3.845918e-01	1.403224e+02	-9.92852e+00	

Index   frequency       tdb             tph             
--------------------------------------------------------------------------------
635	3.868121e-01	1.403209e+02	-9.98470e+00	
636	3.890451e-01	1.403194e+02	-1.00412e+01	
637	3.912911e-01	1.403179e+02	-1.00980e+01	
638	3.935501e-01	1.403163e+02	-1.01551e+01	
639	3.958221e-01	1.403148e+02	-1.02125e+01	
640	3.981072e-01	1.403132e+02	-1.02702e+01	
641	4.004055e-01	1.403116e+02	-1.03282e+01	
642	4.027170e-01	1.403100e+02	-1.03866e+01	
643	4.050419e-01	1.403084e+02	-1.04452e+01	
644	4.073803e-01	1.403068e+02	-1.05042e+01	
645	4.097321e-01	1.403051e+02	-1.05635e+01	
646	4.120975e-01	1.403034e+02	-1.06231e+01	
647	4.144766e-01	1.403017e+02	-1.06830e+01	
648	4.168694e-01	1.403000e+02	-1.07433e+01	
649	4.192760e-01	1.402983e+02	-1.08039e+01	
650	4.216965e-01	1.402965e+02	-1.08648e+01	
651	4.241310e-01	1.402947e+02	-1.09260e+01	
652	4.265795e-01	1.402929e+02	-1.09875e+01	
653	4.290422e-01	1.402911e+02	-1.10494e+01	
654	4.315191e-01	1.402893e+02	-1.11116e+01	
655	4.340103e-01	1.402874e+02	-1.11742e+01	
656	4.365158e-01	1.402855e+02	-1.12371e+01	
657	4.390359e-01	1.402836e+02	-1.13003e+01	
658	4.415704e-01	1.402817e+02	-1.13639e+01	
659	4.441197e-01	1.402798e+02	-1.14278e+01	
660	4.466836e-01	1.402778e+02	-1.14920e+01	
661	4.492623e-01	1.402758e+02	-1.15566e+01	
662	4.518559e-01	1.402738e+02	-1.16215e+01	
663	4.544645e-01	1.402718e+02	-1.16868e+01	
664	4.570882e-01	1.402697e+02	-1.17524e+01	
665	4.597270e-01	1.402677e+02	-1.18183e+01	
666	4.623810e-01	1.402656e+02	-1.18846e+01	
667	4.650504e-01	1.402634e+02	-1.19513e+01	
668	4.677351e-01	1.402613e+02	-1.20183e+01	
669	4.704354e-01	1.402591e+02	-1.20857e+01	
670	4.731513e-01	1.402569e+02	-1.21534e+01	
671	4.758828e-01	1.402547e+02	-1.22215e+01	
672	4.786301e-01	1.402525e+02	-1.22899e+01	
673	4.813933e-01	1.402502e+02	-1.23587e+01	
674	4.841724e-01	1.402479e+02	-1.24279e+01	
675	4.869675e-01	1.402456e+02	-1.24974e+01	
676	4.897788e-01	1.402433e+02	-1.25673e+01	
677	4.926063e-01	1.402409e+02	-1.26375e+01	
678	4.954502e-01	1.402385e+02	-1.27081e+01	
679	4.983105e-01	1.402361e+02	-1.27791e+01	
680	5.011872e-01	1.402336e+02	-1.28505e+01	
681	5.040806e-01	1.402312e+02	-1.29222e+01	
682	5.069907e-01	1.402287e+02	-1.29943e+01	
683	5.099176e-01	1.402261e+02	-1.30668e+01	
684	5.128614e-01	1.402236e+02	-1.31396e+01	
685	5.158222e-01	1.402210e+02	-1.32128e+01	
686	5.188000e-01	1.402184e+02	-1.32864e+01	
687	5.217951e-01	1.402158e+02	-1.33604e+01	
688	5.248075e-01	1.402131e+02	-1.34348e+01	
689	5.278372e-01	1.402104e+02	-1.35095e+01	
690	5.308844e-01	1.402077e+02	-1.35847e+01	
691	5.339493e-01	1.402049e+02	-1.36602e+01	
692	5.370318e-01	1.402021e+02	-1.37361e+01	

Index   frequency       tdb             tph             
--------------------------------------------------------------------------------
693	5.401321e-01	1.401993e+02	-1.38124e+01	
694	5.432503e-01	1.401964e+02	-1.38891e+01	
695	5.463865e-01	1.401936e+02	-1.39661e+01	
696	5.495409e-01	1.401906e+02	-1.40436e+01	
697	5.527134e-01	1.401877e+02	-1.41215e+01	
698	5.559043e-01	1.401847e+02	-1.41997e+01	
699	5.591135e-01	1.401817e+02	-1.42784e+01	
700	5.623413e-01	1.401787e+02	-1.43575e+01	
701	5.655878e-01	1.401756e+02	-1.44369e+01	
702	5.688529e-01	1.401725e+02	-1.45168e+01	
703	5.721370e-01	1.401694e+02	-1.45971e+01	
704	5.754399e-01	1.401662e+02	-1.46777e+01	
705	5.787620e-01	1.401630e+02	-1.47588e+01	
706	5.821032e-01	1.401597e+02	-1.48403e+01	
707	5.854637e-01	1.401564e+02	-1.49222e+01	
708	5.888437e-01	1.401531e+02	-1.50045e+01	
709	5.922431e-01	1.401498e+02	-1.50872e+01	
710	5.956621e-01	1.401464e+02	-1.51703e+01	
711	5.991009e-01	1.401430e+02	-1.52539e+01	
712	6.025596e-01	1.401395e+02	-1.53378e+01	
713	6.060382e-01	1.401360e+02	-1.54222e+01	
714	6.095369e-01	1.401325e+02	-1.55070e+01	
715	6.130558e-01	1.401289e+02	-1.55922e+01	
716	6.165950e-01	1.401253e+02	-1.56779e+01	
717	6.201546e-01	1.401216e+02	-1.57639e+01	
718	6.237348e-01	1.401179e+02	-1.58504e+01	
719	6.273357e-01	1.401142e+02	-1.59373e+01	
720	6.309573e-01	1.401104e+02	-1.60246e+01	
721	6.345999e-01	1.401066e+02	-1.61124e+01	
722	6.382635e-01	1.401028e+02	-1.62006e+01	
723	6.419482e-01	1.400989e+02	-1.62892e+01	
724	6.456542e-01	1.400950e+02	-1.63783e+01	
725	6.493816e-01	1.400910e+02	-1.64678e+01	
726	6.531306e-01	1.400870e+02	-1.65577e+01	
727	6.569011e-01	1.400829e+02	-1.66480e+01	
728	6.606934e-01	1.400788e+02	-1.67388e+01	
729	6.645077e-01	1.400747e+02	-1.68301e+01	
730	6.683439e-01	1.400705e+02	-1.69217e+01	
731	6.722023e-01	1.400662e+02	-1.70138e+01	
732	6.760830e-01	1.400620e+02	-1.71064e+01	
733	6.799860e-01	1.400576e+02	-1.71994e+01	
734	6.839116e-01	1.400533e+02	-1.72928e+01	
735	6.878599e-01	1.400488e+02	-1.73867e+01	
736	6.918310e-01	1.400444e+02	-1.74810e+01	
737	6.958250e-01	1.400399e+02	-1.75758e+01	
738	6.998420e-01	1.400353e+02	-1.76710e+01	
739	7.038822e-01	1.400307e+02	-1.77667e+01	
740	7.079458e-01	1.400260e+02	-1.78628e+01	
741	7.120328e-01	1.400213e+02	-1.79594e+01	
742	7.161434e-01	1.400166e+02	-1.80564e+01	
743	7.202778e-01	1.400118e+02	-1.81539e+01	
744	7.244360e-01	1.400069e+02	-1.82518e+01	
745	7.286182e-01	1.400020e+02	-1.83502e+01	
746	7.328245e-01	1.399971e+02	-1.84491e+01	
747	7.370552e-01	1.399921e+02	-1.85484e+01	
748	7.413102e-01	1.399870e+02	-1.86481e+01	
749	7.455899e-01	1.399819e+02	-1.87483e+01	
750	7.498942e-01	1.399767e+02	-1.88490e+01	

Index   frequency       tdb             tph             
--------------------------------------------------------------------------------
751	7.542234e-01	1.399715e+02	-1.89501e+01	
752	7.585776e-01	1.399663e+02	-1.90517e+01	
753	7.629569e-01	1.399609e+02	-1.91538e+01	
754	7.673615e-01	1.399555e+02	-1.92563e+01	
755	7.717915e-01	1.399501e+02	-1.93593e+01	
756	7.762471e-01	1.399446e+02	-1.94628e+01	
757	7.807284e-01	1.399391e+02	-1.95667e+01	
758	7.852356e-01	1.399335e+02	-1.96711e+01	
759	7.897688e-01	1.399278e+02	-1.97759e+01	
760	7.943282e-01	1.399221e+02	-1.98812e+01	
761	7.989139e-01	1.399163e+02	-1.99870e+01	
762	8.035261e-01	1.399105e+02	-2.00933e+01	
763	8.081649e-01	1.399046e+02	-2.02000e+01	
764	8.128305e-01	1.398986e+02	-2.03072e+01	
765	8.175230e-01	1.398926e+02	-2.04149e+01	
766	8.222426e-01	1.398865e+02	-2.05230e+01	
767	8.269895e-01	1.398804e+02	-2.06316e+01	
768	8.317638e-01	1.398741e+02	-2.07407e+01	
769	8.365656e-01	1.398679e+02	-2.08503e+01	
770	8.413951e-01	1.398616e+02	-2.09603e+01	
771	8.462526e-01	1.398552e+02	-2.10708e+01	
772	8.511380e-01	1.398487e+02	-2.11818e+01	
773	8.560517e-01	1.398422e+02	-2.12932e+01	
774	8.609938e-01	1.398356e+02	-2.14051e+01	
775	8.659643e-01	1.398289e+02	-2.15175e+01	
776	8.709636e-01	1.398222e+02	-2.16304e+01	
777	8.759917e-01	1.398154e+02	-2.17438e+01	
778	8.810489e-01	1.398086e+02	-2.18576e+01	
779	8.861352e-01	1.398016e+02	-2.19719e+01	
780	8.912509e-01	1.397946e+02	-2.20867e+01	
781	8.963962e-01	1.397876e+02	-2.22019e+01	
782	9.015711e-01	1.397804e+02	-2.23177e+01	
783	9.067760e-01	1.397732e+02	-2.24339e+01	
784	9.120108e-01	1.397659e+02	-2.25506e+01	
785	9.172759e-01	1.397586e+02	-2.26677e+01	
786	9.225714e-01	1.397512e+02	-2.27854e+01	
787	9.278975e-01	1.397437e+02	-2.29035e+01	
788	9.332543e-01	1.397361e+02	-2.30221e+01	
789	9.386420e-01	1.397285e+02	-2.31411e+01	
790	9.440609e-01	1.397207e+02	-2.32607e+01	
791	9.495110e-01	1.397130e+02	-2.33807e+01	
792	9.549926e-01	1.397051e+02	-2.35012e+01	
793	9.605058e-01	1.396971e+02	-2.36222e+01	
794	9.660509e-01	1.396891e+02	-2.37436e+01	
795	9.716280e-01	1.396810e+02	-2.38656e+01	
796	9.772372e-01	1.396728e+02	-2.39880e+01	
797	9.828789e-01	1.396646e+02	-2.41108e+01	
798	9.885531e-01	1.396562e+02	-2.42342e+01	
799	9.942601e-01	1.396478e+02	-2.43580e+01	
800	1.000000e+00	1.396393e+02	-2.44823e+01	
801	1.005773e+00	1.396307e+02	-2.46071e+01	
802	1.011579e+00	1.396221e+02	-2.47323e+01	
803	1.017419e+00	1.396133e+02	-2.48580e+01	
804	1.023293e+00	1.396045e+02	-2.49842e+01	
805	1.029201e+00	1.395956e+02	-2.51109e+01	
806	1.035142e+00	1.395866e+02	-2.52380e+01	
807	1.041118e+00	1.395775e+02	-2.53656e+01	
808	1.047129e+00	1.395683e+02	-2.54937e+01	

Index   frequency       tdb             tph             
--------------------------------------------------------------------------------
809	1.053174e+00	1.395591e+02	-2.56222e+01	
810	1.059254e+00	1.395497e+02	-2.57512e+01	
811	1.065369e+00	1.395403e+02	-2.58806e+01	
812	1.071519e+00	1.395308e+02	-2.60106e+01	
813	1.077705e+00	1.395212e+02	-2.61410e+01	
814	1.083927e+00	1.395115e+02	-2.62718e+01	
815	1.090184e+00	1.395017e+02	-2.64031e+01	
816	1.096478e+00	1.394918e+02	-2.65349e+01	
817	1.102808e+00	1.394818e+02	-2.66671e+01	
818	1.109175e+00	1.394718e+02	-2.67998e+01	
819	1.115578e+00	1.394616e+02	-2.69330e+01	
820	1.122018e+00	1.394514e+02	-2.70666e+01	
821	1.128496e+00	1.394410e+02	-2.72006e+01	
822	1.135011e+00	1.394306e+02	-2.73351e+01	
823	1.141563e+00	1.394201e+02	-2.74701e+01	
824	1.148154e+00	1.394094e+02	-2.76055e+01	
825	1.154782e+00	1.393987e+02	-2.77414e+01	
826	1.161449e+00	1.393879e+02	-2.78777e+01	
827	1.168154e+00	1.393770e+02	-2.80144e+01	
828	1.174898e+00	1.393659e+02	-2.81516e+01	
829	1.181680e+00	1.393548e+02	-2.82893e+01	
830	1.188502e+00	1.393436e+02	-2.84273e+01	
831	1.195364e+00	1.393323e+02	-2.85659e+01	
832	1.202264e+00	1.393209e+02	-2.87048e+01	
833	1.209205e+00	1.393093e+02	-2.88442e+01	
834	1.216186e+00	1.392977e+02	-2.89840e+01	
835	1.223207e+00	1.392860e+02	-2.91243e+01	
836	1.230269e+00	1.392742e+02	-2.92650e+01	
837	1.237371e+00	1.392622e+02	-2.94061e+01	
838	1.244515e+00	1.392502e+02	-2.95476e+01	
839	1.251699e+00	1.392380e+02	-2.96896e+01	
840	1.258925e+00	1.392258e+02	-2.98319e+01	
841	1.266193e+00	1.392134e+02	-2.99747e+01	
842	1.273503e+00	1.392010e+02	-3.01179e+01	
843	1.280855e+00	1.391884e+02	-3.02616e+01	
844	1.288250e+00	1.391757e+02	-3.04056e+01	
845	1.295687e+00	1.391629e+02	-3.05500e+01	
846	1.303167e+00	1.391500e+02	-3.06949e+01	
847	1.310690e+00	1.391370e+02	-3.08401e+01	
848	1.318257e+00	1.391239e+02	-3.09858e+01	
849	1.325867e+00	1.391106e+02	-3.11319e+01	
850	1.333521e+00	1.390973e+02	-3.12783e+01	
851	1.341220e+00	1.390838e+02	-3.14252e+01	
852	1.348963e+00	1.390703e+02	-3.15724e+01	
853	1.356751e+00	1.390566e+02	-3.17200e+01	
854	1.364583e+00	1.390428e+02	-3.18680e+01	
855	1.372461e+00	1.390288e+02	-3.20164e+01	
856	1.380384e+00	1.390148e+02	-3.21652e+01	
857	1.388353e+00	1.390007e+02	-3.23143e+01	
858	1.396368e+00	1.389864e+02	-3.24638e+01	
859	1.404430e+00	1.389720e+02	-3.26137e+01	
860	1.412538e+00	1.389575e+02	-3.27640e+01	
861	1.420692e+00	1.389429e+02	-3.29146e+01	
862	1.428894e+00	1.389281e+02	-3.30656e+01	
863	1.437143e+00	1.389133e+02	-3.32169e+01	
864	1.445440e+00	1.388983e+02	-3.33686e+01	
865	1.453784e+00	1.388832e+02	-3.35206e+01	
866	1.462177e+00	1.388679e+02	-3.36730e+01	

Index   frequency       tdb             tph             
--------------------------------------------------------------------------------
867	1.470618e+00	1.388526e+02	-3.38257e+01	
868	1.479108e+00	1.388371e+02	-3.39788e+01	
869	1.487647e+00	1.388215e+02	-3.41322e+01	
870	1.496236e+00	1.388058e+02	-3.42859e+01	
871	1.504874e+00	1.387900e+02	-3.44400e+01	
872	1.513561e+00	1.387740e+02	-3.45944e+01	
873	1.522299e+00	1.387579e+02	-3.47491e+01	
874	1.531087e+00	1.387417e+02	-3.49041e+01	
875	1.539927e+00	1.387254e+02	-3.50595e+01	
876	1.548817e+00	1.387089e+02	-3.52151e+01	
877	1.557758e+00	1.386923e+02	-3.53711e+01	
878	1.566751e+00	1.386756e+02	-3.55273e+01	
879	1.575796e+00	1.386587e+02	-3.56839e+01	
880	1.584893e+00	1.386417e+02	-3.58407e+01	
881	1.594043e+00	1.386246e+02	-3.59979e+01	
882	1.603245e+00	1.386074e+02	-3.61553e+01	
883	1.612501e+00	1.385900e+02	-3.63130e+01	
884	1.621810e+00	1.385725e+02	-3.64710e+01	
885	1.631173e+00	1.385548e+02	-3.66293e+01	
886	1.640590e+00	1.385371e+02	-3.67878e+01	
887	1.650061e+00	1.385192e+02	-3.69466e+01	
888	1.659587e+00	1.385011e+02	-3.71057e+01	
889	1.669168e+00	1.384830e+02	-3.72650e+01	
890	1.678804e+00	1.384647e+02	-3.74245e+01	
891	1.688496e+00	1.384462e+02	-3.75843e+01	
892	1.698244e+00	1.384277e+02	-3.77444e+01	
893	1.708048e+00	1.384090e+02	-3.79047e+01	
894	1.717908e+00	1.383901e+02	-3.80652e+01	
895	1.727826e+00	1.383712e+02	-3.82260e+01	
896	1.737801e+00	1.383521e+02	-3.83869e+01	
897	1.747833e+00	1.383328e+02	-3.85481e+01	
898	1.757924e+00	1.383134e+02	-3.87095e+01	
899	1.768072e+00	1.382939e+02	-3.88711e+01	
900	1.778279e+00	1.382743e+02	-3.90330e+01	
901	1.788546e+00	1.382545e+02	-3.91950e+01	
902	1.798871e+00	1.382346e+02	-3.93572e+01	
903	1.809256e+00	1.382145e+02	-3.95196e+01	
904	1.819701e+00	1.381943e+02	-3.96822e+01	
905	1.830206e+00	1.381739e+02	-3.98450e+01	
906	1.840772e+00	1.381535e+02	-4.00079e+01	
907	1.851399e+00	1.381328e+02	-4.01711e+01	
908	1.862087e+00	1.381121e+02	-4.03343e+01	
909	1.872837e+00	1.380912e+02	-4.04978e+01	
910	1.883649e+00	1.380701e+02	-4.06614e+01	
911	1.894524e+00	1.380489e+02	-4.08252e+01	
912	1.905461e+00	1.380276e+02	-4.09890e+01	
913	1.916461e+00	1.380061e+02	-4.11531e+01	
914	1.927525e+00	1.379845e+02	-4.13173e+01	
915	1.938653e+00	1.379628e+02	-4.14816e+01	
916	1.949845e+00	1.379409e+02	-4.16460e+01	
917	1.961101e+00	1.379189e+02	-4.18105e+01	
918	1.972423e+00	1.378967e+02	-4.19752e+01	
919	1.983810e+00	1.378744e+02	-4.21400e+01	
920	1.995262e+00	1.378519e+02	-4.23048e+01	
921	2.006781e+00	1.378293e+02	-4.24698e+01	
922	2.018366e+00	1.378066e+02	-4.26349e+01	
923	2.030019e+00	1.377837e+02	-4.28000e+01	
924	2.041738e+00	1.377607e+02	-4.29652e+01	

Index   frequency       tdb             tph             
--------------------------------------------------------------------------------
925	2.053525e+00	1.377375e+02	-4.31306e+01	
926	2.065380e+00	1.377142e+02	-4.32959e+01	
927	2.077304e+00	1.376907e+02	-4.34614e+01	
928	2.089296e+00	1.376671e+02	-4.36269e+01	
929	2.101358e+00	1.376434e+02	-4.37925e+01	
930	2.113489e+00	1.376195e+02	-4.39581e+01	
931	2.125690e+00	1.375955e+02	-4.41237e+01	
932	2.137962e+00	1.375713e+02	-4.42894e+01	
933	2.150305e+00	1.375470e+02	-4.44552e+01	
934	2.162719e+00	1.375225e+02	-4.46209e+01	
935	2.175204e+00	1.374979e+02	-4.47867e+01	
936	2.187762e+00	1.374732e+02	-4.49525e+01	
937	2.200392e+00	1.374483e+02	-4.51183e+01	
938	2.213095e+00	1.374232e+02	-4.52841e+01	
939	2.225871e+00	1.373980e+02	-4.54499e+01	
940	2.238721e+00	1.373727e+02	-4.56157e+01	
941	2.251645e+00	1.373472e+02	-4.57815e+01	
942	2.264644e+00	1.373216e+02	-4.59473e+01	
943	2.277718e+00	1.372959e+02	-4.61131e+01	
944	2.290868e+00	1.372700e+02	-4.62788e+01	
945	2.304093e+00	1.372439e+02	-4.64446e+01	
946	2.317395e+00	1.372177e+02	-4.66102e+01	
947	2.330773e+00	1.371914e+02	-4.67759e+01	
948	2.344229e+00	1.371649e+02	-4.69414e+01	
949	2.357762e+00	1.371383e+02	-4.71070e+01	
950	2.371374e+00	1.371115e+02	-4.72724e+01	
951	2.385064e+00	1.370846e+02	-4.74379e+01	
952	2.398833e+00	1.370576e+02	-4.76032e+01	
953	2.412682e+00	1.370304e+02	-4.77685e+01	
954	2.426610e+00	1.370031e+02	-4.79336e+01	
955	2.440619e+00	1.369756e+02	-4.80987e+01	
956	2.454709e+00	1.369480e+02	-4.82637e+01	
957	2.468880e+00	1.369202e+02	-4.84287e+01	
958	2.483133e+00	1.368923e+02	-4.85935e+01	
959	2.497468e+00	1.368643e+02	-4.87582e+01	
960	2.511886e+00	1.368361e+02	-4.89228e+01	
961	2.526388e+00	1.368077e+02	-4.90872e+01	
962	2.540973e+00	1.367793e+02	-4.92516e+01	
963	2.555642e+00	1.367507e+02	-4.94158e+01	
964	2.570396e+00	1.367219e+02	-4.95799e+01	
965	2.585235e+00	1.366930e+02	-4.97439e+01	
966	2.600160e+00	1.366640e+02	-4.99077e+01	
967	2.615170e+00	1.366348e+02	-5.00714e+01	
968	2.630268e+00	1.366055e+02	-5.02349e+01	
969	2.645453e+00	1.365760e+02	-5.03982e+01	
970	2.660725e+00	1.365465e+02	-5.05614e+01	
971	2.676086e+00	1.365167e+02	-5.07245e+01	
972	2.691535e+00	1.364869e+02	-5.08873e+01	
973	2.707073e+00	1.364568e+02	-5.10500e+01	
974	2.722701e+00	1.364267e+02	-5.12125e+01	
975	2.738420e+00	1.363964e+02	-5.13748e+01	
976	2.754229e+00	1.363660e+02	-5.15369e+01	
977	2.770129e+00	1.363354e+02	-5.16988e+01	
978	2.786121e+00	1.363048e+02	-5.18606e+01	
979	2.802206e+00	1.362739e+02	-5.20221e+01	
980	2.818383e+00	1.362430e+02	-5.21834e+01	
981	2.834654e+00	1.362119e+02	-5.23445e+01	
982	2.851018e+00	1.361806e+02	-5.25053e+01	

Index   frequency       tdb             tph             
--------------------------------------------------------------------------------
983	2.867477e+00	1.361492e+02	-5.26660e+01	
984	2.884032e+00	1.361177e+02	-5.28264e+01	
985	2.900681e+00	1.360861e+02	-5.29866e+01	
986	2.917427e+00	1.360543e+02	-5.31465e+01	
987	2.934270e+00	1.360224e+02	-5.33062e+01	
988	2.951209e+00	1.359904e+02	-5.34656e+01	
989	2.968247e+00	1.359582e+02	-5.36248e+01	
990	2.985383e+00	1.359259e+02	-5.37838e+01	
991	3.002617e+00	1.358935e+02	-5.39425e+01	
992	3.019952e+00	1.358609e+02	-5.41009e+01	
993	3.037386e+00	1.358282e+02	-5.42590e+01	
994	3.054921e+00	1.357954e+02	-5.44169e+01	
995	3.072557e+00	1.357624e+02	-5.45745e+01	
996	3.090295e+00	1.357293e+02	-5.47318e+01	
997	3.108136e+00	1.356961e+02	-5.48888e+01	
998	3.126079e+00	1.356628e+02	-5.50456e+01	
999	3.144126e+00	1.356293e+02	-5.52020e+01	
1000	3.162278e+00	1.355957e+02	-5.53582e+01	
1001	3.180534e+00	1.355620e+02	-5.55140e+01	
1002	3.198895e+00	1.355282e+02	-5.56696e+01	
1003	3.217363e+00	1.354942e+02	-5.58248e+01	
1004	3.235937e+00	1.354601e+02	-5.59797e+01	
1005	3.254618e+00	1.354259e+02	-5.61344e+01	
1006	3.273407e+00	1.353915e+02	-5.62886e+01	
1007	3.292305e+00	1.353570e+02	-5.64426e+01	
1008	3.311311e+00	1.353224e+02	-5.65962e+01	
1009	3.330428e+00	1.352877e+02	-5.67496e+01	
1010	3.349654e+00	1.352529e+02	-5.69025e+01	
1011	3.368992e+00	1.352179e+02	-5.70552e+01	
1012	3.388442e+00	1.351828e+02	-5.72075e+01	
1013	3.408003e+00	1.351476e+02	-5.73594e+01	
1014	3.427678e+00	1.351123e+02	-5.75110e+01	
1015	3.447466e+00	1.350769e+02	-5.76623e+01	
1016	3.467369e+00	1.350413e+02	-5.78132e+01	
1017	3.487386e+00	1.350056e+02	-5.79637e+01	
1018	3.507519e+00	1.349698e+02	-5.81139e+01	
1019	3.527768e+00	1.349339e+02	-5.82637e+01	
1020	3.548134e+00	1.348979e+02	-5.84132e+01	
1021	3.568617e+00	1.348618e+02	-5.85623e+01	
1022	3.589219e+00	1.348255e+02	-5.87110e+01	
1023	3.609940e+00	1.347891e+02	-5.88593e+01	
1024	3.630781e+00	1.347526e+02	-5.90073e+01	
1025	3.651741e+00	1.347160e+02	-5.91549e+01	
1026	3.672823e+00	1.346793e+02	-5.93021e+01	
1027	3.694026e+00	1.346425e+02	-5.94489e+01	
1028	3.715352e+00	1.346056e+02	-5.95953e+01	
1029	3.736801e+00	1.345685e+02	-5.97414e+01	
1030	3.758374e+00	1.345314e+02	-5.98870e+01	
1031	3.780071e+00	1.344941e+02	-6.00322e+01	
1032	3.801894e+00	1.344567e+02	-6.01771e+01	
1033	3.823843e+00	1.344192e+02	-6.03215e+01	
1034	3.845918e+00	1.343816e+02	-6.04656e+01	
1035	3.868121e+00	1.343439e+02	-6.06092e+01	
1036	3.890451e+00	1.343061e+02	-6.07525e+01	
1037	3.912911e+00	1.342682e+02	-6.08953e+01	
1038	3.935501e+00	1.342302e+02	-6.10377e+01	
1039	3.958221e+00	1.341921e+02	-6.11797e+01	
1040	3.981072e+00	1.341539e+02	-6.13213e+01	

Index   frequency       tdb             tph             
--------------------------------------------------------------------------------
1041	4.004055e+00	1.341155e+02	-6.14624e+01	
1042	4.027170e+00	1.340771e+02	-6.16032e+01	
1043	4.050419e+00	1.340386e+02	-6.17435e+01	
1044	4.073803e+00	1.339999e+02	-6.18834e+01	
1045	4.097321e+00	1.339612e+02	-6.20229e+01	
1046	4.120975e+00	1.339224e+02	-6.21619e+01	
1047	4.144766e+00	1.338834e+02	-6.23005e+01	
1048	4.168694e+00	1.338444e+02	-6.24387e+01	
1049	4.192760e+00	1.338053e+02	-6.25765e+01	
1050	4.216965e+00	1.337660e+02	-6.27138e+01	
1051	4.241310e+00	1.337267e+02	-6.28507e+01	
1052	4.265795e+00	1.336873e+02	-6.29872e+01	
1053	4.290422e+00	1.336478e+02	-6.31232e+01	
1054	4.315191e+00	1.336082e+02	-6.32587e+01	
1055	4.340103e+00	1.335684e+02	-6.33939e+01	
1056	4.365158e+00	1.335286e+02	-6.35286e+01	
1057	4.390359e+00	1.334887e+02	-6.36628e+01	
1058	4.415704e+00	1.334488e+02	-6.37966e+01	
1059	4.441197e+00	1.334087e+02	-6.39300e+01	
1060	4.466836e+00	1.333685e+02	-6.40629e+01	
1061	4.492623e+00	1.333282e+02	-6.41954e+01	
1062	4.518559e+00	1.332879e+02	-6.43274e+01	
1063	4.544645e+00	1.332475e+02	-6.44589e+01	
1064	4.570882e+00	1.332069e+02	-6.45900e+01	
1065	4.597270e+00	1.331663e+02	-6.47207e+01	
1066	4.623810e+00	1.331256e+02	-6.48509e+01	
1067	4.650504e+00	1.330848e+02	-6.49807e+01	
1068	4.677351e+00	1.330439e+02	-6.51100e+01	
1069	4.704354e+00	1.330030e+02	-6.52388e+01	
1070	4.731513e+00	1.329619e+02	-6.53672e+01	
1071	4.758828e+00	1.329208e+02	-6.54951e+01	
1072	4.786301e+00	1.328796e+02	-6.56226e+01	
1073	4.813933e+00	1.328383e+02	-6.57496e+01	
1074	4.841724e+00	1.327969e+02	-6.58762e+01	
1075	4.869675e+00	1.327554e+02	-6.60023e+01	
1076	4.897788e+00	1.327139e+02	-6.61280e+01	
1077	4.926063e+00	1.326722e+02	-6.62531e+01	
1078	4.954502e+00	1.326305e+02	-6.63779e+01	
1079	4.983105e+00	1.325888e+02	-6.65021e+01	
1080	5.011872e+00	1.325469e+02	-6.66259e+01	
1081	5.040806e+00	1.325049e+02	-6.67493e+01	
1082	5.069907e+00	1.324629e+02	-6.68721e+01	
1083	5.099176e+00	1.324208e+02	-6.69946e+01	
1084	5.128614e+00	1.323787e+02	-6.71165e+01	
1085	5.158222e+00	1.323364e+02	-6.72380e+01	
1086	5.188000e+00	1.322941e+02	-6.73591e+01	
1087	5.217951e+00	1.322517e+02	-6.74796e+01	
1088	5.248075e+00	1.322092e+02	-6.75997e+01	
1089	5.278372e+00	1.321667e+02	-6.77194e+01	
1090	5.308844e+00	1.321240e+02	-6.78386e+01	
1091	5.339493e+00	1.320814e+02	-6.79573e+01	
1092	5.370318e+00	1.320386e+02	-6.80756e+01	
1093	5.401321e+00	1.319958e+02	-6.81933e+01	
1094	5.432503e+00	1.319529e+02	-6.83107e+01	
1095	5.463865e+00	1.319099e+02	-6.84276e+01	
1096	5.495409e+00	1.318668e+02	-6.85440e+01	
1097	5.527134e+00	1.318237e+02	-6.86599e+01	
1098	5.559043e+00	1.317805e+02	-6.87754e+01	

Index   frequency       tdb             tph             
--------------------------------------------------------------------------------
1099	5.591135e+00	1.317373e+02	-6.88905e+01	
1100	5.623413e+00	1.316940e+02	-6.90050e+01	
1101	5.655878e+00	1.316506e+02	-6.91191e+01	
1102	5.688529e+00	1.316072e+02	-6.92328e+01	
1103	5.721370e+00	1.315636e+02	-6.93460e+01	
1104	5.754399e+00	1.315201e+02	-6.94587e+01	
1105	5.787620e+00	1.314764e+02	-6.95710e+01	
1106	5.821032e+00	1.314327e+02	-6.96828e+01	
1107	5.854637e+00	1.313890e+02	-6.97942e+01	
1108	5.888437e+00	1.313451e+02	-6.99051e+01	
1109	5.922431e+00	1.313012e+02	-7.00155e+01	
1110	5.956621e+00	1.312573e+02	-7.01255e+01	
1111	5.991009e+00	1.312133e+02	-7.02350e+01	
1112	6.025596e+00	1.311692e+02	-7.03441e+01	
1113	6.060382e+00	1.311250e+02	-7.04528e+01	
1114	6.095369e+00	1.310809e+02	-7.05609e+01	
1115	6.130558e+00	1.310366e+02	-7.06687e+01	
1116	6.165950e+00	1.309923e+02	-7.07759e+01	
1117	6.201546e+00	1.309479e+02	-7.08827e+01	
1118	6.237348e+00	1.309035e+02	-7.09891e+01	
1119	6.273357e+00	1.308590e+02	-7.10950e+01	
1120	6.309573e+00	1.308145e+02	-7.12005e+01	
1121	6.345999e+00	1.307699e+02	-7.13055e+01	
1122	6.382635e+00	1.307252e+02	-7.14101e+01	
1123	6.419482e+00	1.306805e+02	-7.15143e+01	
1124	6.456542e+00	1.306357e+02	-7.16179e+01	
1125	6.493816e+00	1.305909e+02	-7.17212e+01	
1126	6.531306e+00	1.305461e+02	-7.18240e+01	
1127	6.569011e+00	1.305011e+02	-7.19263e+01	
1128	6.606934e+00	1.304562e+02	-7.20283e+01	
1129	6.645077e+00	1.304111e+02	-7.21297e+01	
1130	6.683439e+00	1.303661e+02	-7.22308e+01	
1131	6.722023e+00	1.303209e+02	-7.23314e+01	
1132	6.760830e+00	1.302758e+02	-7.24316e+01	
1133	6.799860e+00	1.302305e+02	-7.25313e+01	
1134	6.839116e+00	1.301853e+02	-7.26306e+01	
1135	6.878599e+00	1.301399e+02	-7.27294e+01	
1136	6.918310e+00	1.300946e+02	-7.28279e+01	
1137	6.958250e+00	1.300491e+02	-7.29259e+01	
1138	6.998420e+00	1.300037e+02	-7.30234e+01	
1139	7.038822e+00	1.299581e+02	-7.31206e+01	
1140	7.079458e+00	1.299126e+02	-7.32173e+01	
1141	7.120328e+00	1.298670e+02	-7.33135e+01	
1142	7.161434e+00	1.298213e+02	-7.34094e+01	
1143	7.202778e+00	1.297756e+02	-7.35048e+01	
1144	7.244360e+00	1.297299e+02	-7.35998e+01	
1145	7.286182e+00	1.296841e+02	-7.36944e+01	
1146	7.328245e+00	1.296382e+02	-7.37886e+01	
1147	7.370552e+00	1.295923e+02	-7.38823e+01	
1148	7.413102e+00	1.295464e+02	-7.39757e+01	
1149	7.455899e+00	1.295005e+02	-7.40686e+01	
1150	7.498942e+00	1.294544e+02	-7.41611e+01	
1151	7.542234e+00	1.294084e+02	-7.42531e+01	
1152	7.585776e+00	1.293623e+02	-7.43448e+01	
1153	7.629569e+00	1.293162e+02	-7.44361e+01	
1154	7.673615e+00	1.292700e+02	-7.45269e+01	
1155	7.717915e+00	1.292238e+02	-7.46174e+01	
1156	7.762471e+00	1.291775e+02	-7.47074e+01	

Index   frequency       tdb             tph             
--------------------------------------------------------------------------------
1157	7.807284e+00	1.291312e+02	-7.47970e+01	
1158	7.852356e+00	1.290849e+02	-7.48862e+01	
1159	7.897688e+00	1.290385e+02	-7.49750e+01	
1160	7.943282e+00	1.289921e+02	-7.50635e+01	
1161	7.989139e+00	1.289456e+02	-7.51515e+01	
1162	8.035261e+00	1.288992e+02	-7.52391e+01	
1163	8.081649e+00	1.288526e+02	-7.53263e+01	
1164	8.128305e+00	1.288061e+02	-7.54131e+01	
1165	8.175230e+00	1.287595e+02	-7.54996e+01	
1166	8.222426e+00	1.287128e+02	-7.55856e+01	
1167	8.269895e+00	1.286661e+02	-7.56712e+01	
1168	8.317638e+00	1.286194e+02	-7.57565e+01	
1169	8.365656e+00	1.285727e+02	-7.58414e+01	
1170	8.413951e+00	1.285259e+02	-7.59258e+01	
1171	8.462526e+00	1.284791e+02	-7.60099e+01	
1172	8.511380e+00	1.284323e+02	-7.60936e+01	
1173	8.560517e+00	1.283854e+02	-7.61769e+01	
1174	8.609938e+00	1.283385e+02	-7.62599e+01	
1175	8.659643e+00	1.282915e+02	-7.63425e+01	
1176	8.709636e+00	1.282445e+02	-7.64246e+01	
1177	8.759917e+00	1.281975e+02	-7.65065e+01	
1178	8.810489e+00	1.281505e+02	-7.65879e+01	
1179	8.861352e+00	1.281034e+02	-7.66689e+01	
1180	8.912509e+00	1.280563e+02	-7.67496e+01	
1181	8.963962e+00	1.280091e+02	-7.68300e+01	
1182	9.015711e+00	1.279620e+02	-7.69099e+01	
1183	9.067760e+00	1.279148e+02	-7.69895e+01	
1184	9.120108e+00	1.278675e+02	-7.70687e+01	
1185	9.172759e+00	1.278203e+02	-7.71476e+01	
1186	9.225714e+00	1.277730e+02	-7.72260e+01	
1187	9.278975e+00	1.277256e+02	-7.73042e+01	
1188	9.332543e+00	1.276783e+02	-7.73819e+01	
1189	9.386420e+00	1.276309e+02	-7.74594e+01	
1190	9.440609e+00	1.275835e+02	-7.75364e+01	
1191	9.495110e+00	1.275361e+02	-7.76131e+01	
1192	9.549926e+00	1.274886e+02	-7.76895e+01	
1193	9.605058e+00	1.274411e+02	-7.77655e+01	
1194	9.660509e+00	1.273936e+02	-7.78411e+01	
1195	9.716280e+00	1.273460e+02	-7.79164e+01	
1196	9.772372e+00	1.272984e+02	-7.79914e+01	
1197	9.828789e+00	1.272508e+02	-7.80660e+01	
1198	9.885531e+00	1.272032e+02	-7.81402e+01	
1199	9.942601e+00	1.271556e+02	-7.82142e+01	
1200	1.000000e+01	1.271079e+02	-7.82877e+01	
1201	1.005773e+01	1.270602e+02	-7.83610e+01	
1202	1.011579e+01	1.270124e+02	-7.84339e+01	
1203	1.017419e+01	1.269647e+02	-7.85065e+01	
1204	1.023293e+01	1.269169e+02	-7.85787e+01	
1205	1.029201e+01	1.268691e+02	-7.86506e+01	
1206	1.035142e+01	1.268213e+02	-7.87222e+01	
1207	1.041118e+01	1.267734e+02	-7.87934e+01	
1208	1.047129e+01	1.267255e+02	-7.88644e+01	
1209	1.053174e+01	1.266776e+02	-7.89350e+01	
1210	1.059254e+01	1.266297e+02	-7.90052e+01	
1211	1.065369e+01	1.265818e+02	-7.90752e+01	
1212	1.071519e+01	1.265338e+02	-7.91448e+01	
1213	1.077705e+01	1.264858e+02	-7.92141e+01	
1214	1.083927e+01	1.264378e+02	-7.92831e+01	

Index   frequency       tdb             tph             
--------------------------------------------------------------------------------
1215	1.090184e+01	1.263898e+02	-7.93518e+01	
1216	1.096478e+01	1.263417e+02	-7.94202e+01	
1217	1.102808e+01	1.262936e+02	-7.94882e+01	
1218	1.109175e+01	1.262455e+02	-7.95560e+01	
1219	1.115578e+01	1.261974e+02	-7.96234e+01	
1220	1.122018e+01	1.261493e+02	-7.96905e+01	
1221	1.128496e+01	1.261011e+02	-7.97573e+01	
1222	1.135011e+01	1.260529e+02	-7.98238e+01	
1223	1.141563e+01	1.260047e+02	-7.98901e+01	
1224	1.148154e+01	1.259565e+02	-7.99560e+01	
1225	1.154782e+01	1.259082e+02	-8.00216e+01	
1226	1.161449e+01	1.258600e+02	-8.00869e+01	
1227	1.168154e+01	1.258117e+02	-8.01519e+01	
1228	1.174898e+01	1.257634e+02	-8.02166e+01	
1229	1.181680e+01	1.257151e+02	-8.02811e+01	
1230	1.188502e+01	1.256667e+02	-8.03452e+01	
1231	1.195364e+01	1.256184e+02	-8.04091e+01	
1232	1.202264e+01	1.255700e+02	-8.04726e+01	
1233	1.209205e+01	1.255216e+02	-8.05359e+01	
1234	1.216186e+01	1.254732e+02	-8.05989e+01	
1235	1.223207e+01	1.254247e+02	-8.06616e+01	
1236	1.230269e+01	1.253763e+02	-8.07240e+01	
1237	1.237371e+01	1.253278e+02	-8.07862e+01	
1238	1.244515e+01	1.252793e+02	-8.08480e+01	
1239	1.251699e+01	1.252308e+02	-8.09096e+01	
1240	1.258925e+01	1.251823e+02	-8.09709e+01	
1241	1.266193e+01	1.251338e+02	-8.10320e+01	
1242	1.273503e+01	1.250852e+02	-8.10928e+01	
1243	1.280855e+01	1.250367e+02	-8.11533e+01	
1244	1.288250e+01	1.249881e+02	-8.12135e+01	
1245	1.295687e+01	1.249395e+02	-8.12735e+01	
1246	1.303167e+01	1.248909e+02	-8.13332e+01	
1247	1.310690e+01	1.248422e+02	-8.13926e+01	
1248	1.318257e+01	1.247936e+02	-8.14518e+01	
1249	1.325867e+01	1.247449e+02	-8.15107e+01	
1250	1.333521e+01	1.246962e+02	-8.15693e+01	
1251	1.341220e+01	1.246475e+02	-8.16277e+01	
1252	1.348963e+01	1.245988e+02	-8.16859e+01	
1253	1.356751e+01	1.245501e+02	-8.17438e+01	
1254	1.364583e+01	1.245014e+02	-8.18014e+01	
1255	1.372461e+01	1.244526e+02	-8.18588e+01	
1256	1.380384e+01	1.244039e+02	-8.19159e+01	
1257	1.388353e+01	1.243551e+02	-8.19728e+01	
1258	1.396368e+01	1.243063e+02	-8.20294e+01	
1259	1.404430e+01	1.242575e+02	-8.20858e+01	
1260	1.412538e+01	1.242087e+02	-8.21420e+01	
1261	1.420692e+01	1.241598e+02	-8.21979e+01	
1262	1.428894e+01	1.241110e+02	-8.22535e+01	
1263	1.437143e+01	1.240621e+02	-8.23090e+01	
1264	1.445440e+01	1.240132e+02	-8.23641e+01	
1265	1.453784e+01	1.239643e+02	-8.24191e+01	
1266	1.462177e+01	1.239154e+02	-8.24738e+01	
1267	1.470618e+01	1.238665e+02	-8.25283e+01	
1268	1.479108e+01	1.238176e+02	-8.25826e+01	
1269	1.487647e+01	1.237687e+02	-8.26366e+01	
1270	1.496236e+01	1.237197e+02	-8.26904e+01	
1271	1.504874e+01	1.236708e+02	-8.27439e+01	
1272	1.513561e+01	1.236218e+02	-8.27973e+01	

Index   frequency       tdb             tph             
--------------------------------------------------------------------------------
1273	1.522299e+01	1.235728e+02	-8.28504e+01	
1274	1.531087e+01	1.235238e+02	-8.29033e+01	
1275	1.539927e+01	1.234748e+02	-8.29560e+01	
1276	1.548817e+01	1.234258e+02	-8.30084e+01	
1277	1.557758e+01	1.233767e+02	-8.30607e+01	
1278	1.566751e+01	1.233277e+02	-8.31127e+01	
1279	1.575796e+01	1.232786e+02	-8.31645e+01	
1280	1.584893e+01	1.232296e+02	-8.32161e+01	
1281	1.594043e+01	1.231805e+02	-8.32675e+01	
1282	1.603245e+01	1.231314e+02	-8.33187e+01	
1283	1.612501e+01	1.230823e+02	-8.33696e+01	
1284	1.621810e+01	1.230332e+02	-8.34204e+01	
1285	1.631173e+01	1.229841e+02	-8.34710e+01	
1286	1.640590e+01	1.229349e+02	-8.35213e+01	
1287	1.650061e+01	1.228858e+02	-8.35715e+01	
1288	1.659587e+01	1.228366e+02	-8.36214e+01	
1289	1.669168e+01	1.227875e+02	-8.36711e+01	
1290	1.678804e+01	1.227383e+02	-8.37207e+01	
1291	1.688496e+01	1.226891e+02	-8.37700e+01	
1292	1.698244e+01	1.226399e+02	-8.38192e+01	
1293	1.708048e+01	1.225907e+02	-8.38682e+01	
1294	1.717908e+01	1.225415e+02	-8.39169e+01	
1295	1.727826e+01	1.224923e+02	-8.39655e+01	
1296	1.737801e+01	1.224431e+02	-8.40139e+01	
1297	1.747833e+01	1.223938e+02	-8.40621e+01	
1298	1.757924e+01	1.223446e+02	-8.41101e+01	
1299	1.768072e+01	1.222953e+02	-8.41579e+01	
1300	1.778279e+01	1.222461e+02	-8.42056e+01	
1301	1.788546e+01	1.221968e+02	-8.42530e+01	
1302	1.798871e+01	1.221475e+02	-8.43003e+01	
1303	1.809256e+01	1.220982e+02	-8.43474e+01	
1304	1.819701e+01	1.220489e+02	-8.43943e+01	
1305	1.830206e+01	1.219996e+02	-8.44410e+01	
1306	1.840772e+01	1.219503e+02	-8.44876e+01	
1307	1.851399e+01	1.219010e+02	-8.45340e+01	
1308	1.862087e+01	1.218516e+02	-8.45802e+01	
1309	1.872837e+01	1.218023e+02	-8.46263e+01	
1310	1.883649e+01	1.217529e+02	-8.46721e+01	
1311	1.894524e+01	1.217036e+02	-8.47179e+01	
1312	1.905461e+01	1.216542e+02	-8.47634e+01	
1313	1.916461e+01	1.216048e+02	-8.48088e+01	
1314	1.927525e+01	1.215555e+02	-8.48540e+01	
1315	1.938653e+01	1.215061e+02	-8.48990e+01	
1316	1.949845e+01	1.214567e+02	-8.49439e+01	
1317	1.961101e+01	1.214073e+02	-8.49886e+01	
1318	1.972423e+01	1.213579e+02	-8.50332e+01	
1319	1.983810e+01	1.213084e+02	-8.50776e+01	
1320	1.995262e+01	1.212590e+02	-8.51219e+01	
1321	2.006781e+01	1.212096e+02	-8.51660e+01	
1322	2.018366e+01	1.211601e+02	-8.52099e+01	
1323	2.030019e+01	1.211107e+02	-8.52537e+01	
1324	2.041738e+01	1.210612e+02	-8.52973e+01	
1325	2.053525e+01	1.210118e+02	-8.53408e+01	
1326	2.065380e+01	1.209623e+02	-8.53842e+01	
1327	2.077304e+01	1.209128e+02	-8.54274e+01	
1328	2.089296e+01	1.208634e+02	-8.54704e+01	
1329	2.101358e+01	1.208139e+02	-8.55133e+01	
1330	2.113489e+01	1.207644e+02	-8.55561e+01	

Index   frequency       tdb             tph             
--------------------------------------------------------------------------------
1331	2.125690e+01	1.207149e+02	-8.55987e+01	
1332	2.137962e+01	1.206654e+02	-8.56412e+01	
1333	2.150305e+01	1.206158e+02	-8.56835e+01	
1334	2.162719e+01	1.205663e+02	-8.57257e+01	
1335	2.175204e+01	1.205168e+02	-8.57678e+01	
1336	2.187762e+01	1.204673e+02	-8.58097e+01	
1337	2.200392e+01	1.204177e+02	-8.58515e+01	
1338	2.213095e+01	1.203682e+02	-8.58932e+01	
1339	2.225871e+01	1.203186e+02	-8.59347e+01	
1340	2.238721e+01	1.202691e+02	-8.59761e+01	
1341	2.251645e+01	1.202195e+02	-8.60174e+01	
1342	2.264644e+01	1.201699e+02	-8.60585e+01	
1343	2.277718e+01	1.201204e+02	-8.60996e+01	
1344	2.290868e+01	1.200708e+02	-8.61405e+01	
1345	2.304093e+01	1.200212e+02	-8.61812e+01	
1346	2.317395e+01	1.199716e+02	-8.62219e+01	
1347	2.330773e+01	1.199220e+02	-8.62624e+01	
1348	2.344229e+01	1.198724e+02	-8.63028e+01	
1349	2.357762e+01	1.198228e+02	-8.63431e+01	
1350	2.371374e+01	1.197732e+02	-8.63833e+01	
1351	2.385064e+01	1.197235e+02	-8.64233e+01	
1352	2.398833e+01	1.196739e+02	-8.64633e+01	
1353	2.412682e+01	1.196243e+02	-8.65031e+01	
1354	2.426610e+01	1.195747e+02	-8.65428e+01	
1355	2.440619e+01	1.195250e+02	-8.65824e+01	
1356	2.454709e+01	1.194754e+02	-8.66219e+01	
1357	2.468880e+01	1.194257e+02	-8.66613e+01	
1358	2.483133e+01	1.193761e+02	-8.67006e+01	
1359	2.497468e+01	1.193264e+02	-8.67398e+01	
1360	2.511886e+01	1.192767e+02	-8.67788e+01	
1361	2.526388e+01	1.192271e+02	-8.68178e+01	
1362	2.540973e+01	1.191774e+02	-8.68567e+01	
1363	2.555642e+01	1.191277e+02	-8.68954e+01	
1364	2.570396e+01	1.190780e+02	-8.69341e+01	
1365	2.585235e+01	1.190283e+02	-8.69727e+01	
1366	2.600160e+01	1.189786e+02	-8.70111e+01	
1367	2.615170e+01	1.189289e+02	-8.70495e+01	
1368	2.630268e+01	1.188792e+02	-8.70878e+01	
1369	2.645453e+01	1.188295e+02	-8.71260e+01	
1370	2.660725e+01	1.187798e+02	-8.71640e+01	
1371	2.676086e+01	1.187301e+02	-8.72020e+01	
1372	2.691535e+01	1.186803e+02	-8.72400e+01	
1373	2.707073e+01	1.186306e+02	-8.72778e+01	
1374	2.722701e+01	1.185809e+02	-8.73155e+01	
1375	2.738420e+01	1.185311e+02	-8.73531e+01	
1376	2.754229e+01	1.184814e+02	-8.73907e+01	
1377	2.770129e+01	1.184317e+02	-8.74282e+01	
1378	2.786121e+01	1.183819e+02	-8.74656e+01	
1379	2.802206e+01	1.183322e+02	-8.75029e+01	
1380	2.818383e+01	1.182824e+02	-8.75401e+01	
1381	2.834654e+01	1.182326e+02	-8.75773e+01	
1382	2.851018e+01	1.181829e+02	-8.76143e+01	
1383	2.867477e+01	1.181331e+02	-8.76513e+01	
1384	2.884032e+01	1.180833e+02	-8.76883e+01	
1385	2.900681e+01	1.180335e+02	-8.77251e+01	
1386	2.917427e+01	1.179838e+02	-8.77619e+01	
1387	2.934270e+01	1.179340e+02	-8.77986e+01	
1388	2.951209e+01	1.178842e+02	-8.78352e+01	

Index   frequency       tdb             tph             
--------------------------------------------------------------------------------
1389	2.968247e+01	1.178344e+02	-8.78718e+01	
1390	2.985383e+01	1.177846e+02	-8.79082e+01	
1391	3.002617e+01	1.177348e+02	-8.79447e+01	
1392	3.019952e+01	1.176850e+02	-8.79810e+01	
1393	3.037386e+01	1.176352e+02	-8.80173e+01	
1394	3.054921e+01	1.175853e+02	-8.80535e+01	
1395	3.072557e+01	1.175355e+02	-8.80897e+01	
1396	3.090295e+01	1.174857e+02	-8.81258e+01	
1397	3.108136e+01	1.174359e+02	-8.81618e+01	
1398	3.126079e+01	1.173860e+02	-8.81978e+01	
1399	3.144126e+01	1.173362e+02	-8.82338e+01	
1400	3.162278e+01	1.172864e+02	-8.82696e+01	
1401	3.180534e+01	1.172365e+02	-8.83054e+01	
1402	3.198895e+01	1.171867e+02	-8.83412e+01	
1403	3.217363e+01	1.171368e+02	-8.83769e+01	
1404	3.235937e+01	1.170870e+02	-8.84125e+01	
1405	3.254618e+01	1.170371e+02	-8.84481e+01	
1406	3.273407e+01	1.169873e+02	-8.84837e+01	
1407	3.292305e+01	1.169374e+02	-8.85192e+01	
1408	3.311311e+01	1.168875e+02	-8.85546e+01	
1409	3.330428e+01	1.168377e+02	-8.85900e+01	
1410	3.349654e+01	1.167878e+02	-8.86254e+01	
1411	3.368992e+01	1.167379e+02	-8.86607e+01	
1412	3.388442e+01	1.166880e+02	-8.86960e+01	
1413	3.408003e+01	1.166382e+02	-8.87312e+01	
1414	3.427678e+01	1.165883e+02	-8.87664e+01	
1415	3.447466e+01	1.165384e+02	-8.88015e+01	
1416	3.467369e+01	1.164885e+02	-8.88367e+01	
1417	3.487386e+01	1.164386e+02	-8.88717e+01	
1418	3.507519e+01	1.163887e+02	-8.89068e+01	
1419	3.527768e+01	1.163388e+02	-8.89418e+01	
1420	3.548134e+01	1.162889e+02	-8.89767e+01	
1421	3.568617e+01	1.162390e+02	-8.90117e+01	
1422	3.589219e+01	1.161890e+02	-8.90465e+01	
1423	3.609940e+01	1.161391e+02	-8.90814e+01	
1424	3.630781e+01	1.160892e+02	-8.91163e+01	
1425	3.651741e+01	1.160393e+02	-8.91511e+01	
1426	3.672823e+01	1.159893e+02	-8.91858e+01	
1427	3.694026e+01	1.159394e+02	-8.92206e+01	
1428	3.715352e+01	1.158895e+02	-8.92553e+01	
1429	3.736801e+01	1.158395e+02	-8.92900e+01	
1430	3.758374e+01	1.157896e+02	-8.93247e+01	
1431	3.780071e+01	1.157397e+02	-8.93594e+01	
1432	3.801894e+01	1.156897e+02	-8.93940e+01	
1433	3.823843e+01	1.156398e+02	-8.94286e+01	
1434	3.845918e+01	1.155898e+02	-8.94632e+01	
1435	3.868121e+01	1.155398e+02	-8.94978e+01	
1436	3.890451e+01	1.154899e+02	-8.95324e+01	
1437	3.912911e+01	1.154399e+02	-8.95670e+01	
1438	3.935501e+01	1.153899e+02	-8.96015e+01	
1439	3.958221e+01	1.153400e+02	-8.96360e+01	
1440	3.981072e+01	1.152900e+02	-8.96705e+01	
1441	4.004055e+01	1.152400e+02	-8.97050e+01	
1442	4.027170e+01	1.151900e+02	-8.97395e+01	
1443	4.050419e+01	1.151401e+02	-8.97740e+01	
1444	4.073803e+01	1.150901e+02	-8.98085e+01	
1445	4.097321e+01	1.150401e+02	-8.98430e+01	
1446	4.120975e+01	1.149901e+02	-8.98774e+01	

Index   frequency       tdb             tph             
--------------------------------------------------------------------------------
1447	4.144766e+01	1.149401e+02	-8.99119e+01	
1448	4.168694e+01	1.148901e+02	-8.99464e+01	
1449	4.192760e+01	1.148401e+02	-8.99808e+01	
1450	4.216965e+01	1.147901e+02	-9.00153e+01	
1451	4.241310e+01	1.147401e+02	-9.00497e+01	
1452	4.265795e+01	1.146901e+02	-9.00842e+01	
1453	4.290422e+01	1.146400e+02	-9.01187e+01	
1454	4.315191e+01	1.145900e+02	-9.01531e+01	
1455	4.340103e+01	1.145400e+02	-9.01876e+01	
1456	4.365158e+01	1.144900e+02	-9.02221e+01	
1457	4.390359e+01	1.144399e+02	-9.02566e+01	
1458	4.415704e+01	1.143899e+02	-9.02910e+01	
1459	4.441197e+01	1.143399e+02	-9.03255e+01	
1460	4.466836e+01	1.142898e+02	-9.03601e+01	
1461	4.492623e+01	1.142398e+02	-9.03946e+01	
1462	4.518559e+01	1.141897e+02	-9.04291e+01	
1463	4.544645e+01	1.141397e+02	-9.04637e+01	
1464	4.570882e+01	1.140896e+02	-9.04982e+01	
1465	4.597270e+01	1.140396e+02	-9.05328e+01	
1466	4.623810e+01	1.139895e+02	-9.05674e+01	
1467	4.650504e+01	1.139395e+02	-9.06020e+01	
1468	4.677351e+01	1.138894e+02	-9.06367e+01	
1469	4.704354e+01	1.138393e+02	-9.06713e+01	
1470	4.731513e+01	1.137893e+02	-9.07060e+01	
1471	4.758828e+01	1.137392e+02	-9.07407e+01	
1472	4.786301e+01	1.136891e+02	-9.07754e+01	
1473	4.813933e+01	1.136390e+02	-9.08102e+01	
1474	4.841724e+01	1.135889e+02	-9.08450e+01	
1475	4.869675e+01	1.135389e+02	-9.08798e+01	
1476	4.897788e+01	1.134888e+02	-9.09146e+01	
1477	4.926063e+01	1.134387e+02	-9.09495e+01	
1478	4.954502e+01	1.133886e+02	-9.09843e+01	
1479	4.983105e+01	1.133385e+02	-9.10193e+01	
1480	5.011872e+01	1.132884e+02	-9.10542e+01	
1481	5.040806e+01	1.132383e+02	-9.10892e+01	
1482	5.069907e+01	1.131881e+02	-9.11242e+01	
1483	5.099176e+01	1.131380e+02	-9.11593e+01	
1484	5.128614e+01	1.130879e+02	-9.11944e+01	
1485	5.158222e+01	1.130378e+02	-9.12295e+01	
1486	5.188000e+01	1.129877e+02	-9.12647e+01	
1487	5.217951e+01	1.129375e+02	-9.12999e+01	
1488	5.248075e+01	1.128874e+02	-9.13352e+01	
1489	5.278372e+01	1.128373e+02	-9.13705e+01	
1490	5.308844e+01	1.127871e+02	-9.14059e+01	
1491	5.339493e+01	1.127370e+02	-9.14413e+01	
1492	5.370318e+01	1.126868e+02	-9.14767e+01	
1493	5.401321e+01	1.126367e+02	-9.15122e+01	
1494	5.432503e+01	1.125865e+02	-9.15477e+01	
1495	5.463865e+01	1.125364e+02	-9.15833e+01	
1496	5.495409e+01	1.124862e+02	-9.16189e+01	
1497	5.527134e+01	1.124360e+02	-9.16546e+01	
1498	5.559043e+01	1.123859e+02	-9.16904e+01	
1499	5.591135e+01	1.123357e+02	-9.17262e+01	
1500	5.623413e+01	1.122855e+02	-9.17620e+01	
1501	5.655878e+01	1.122353e+02	-9.17979e+01	
1502	5.688529e+01	1.121851e+02	-9.18339e+01	
1503	5.721370e+01	1.121350e+02	-9.18699e+01	
1504	5.754399e+01	1.120848e+02	-9.19060e+01	

Index   frequency       tdb             tph             
--------------------------------------------------------------------------------
1505	5.787620e+01	1.120346e+02	-9.19422e+01	
1506	5.821032e+01	1.119844e+02	-9.19784e+01	
1507	5.854637e+01	1.119342e+02	-9.20147e+01	
1508	5.888437e+01	1.118840e+02	-9.20510e+01	
1509	5.922431e+01	1.118337e+02	-9.20874e+01	
1510	5.956621e+01	1.117835e+02	-9.21239e+01	
1511	5.991009e+01	1.117333e+02	-9.21604e+01	
1512	6.025596e+01	1.116831e+02	-9.21970e+01	
1513	6.060382e+01	1.116329e+02	-9.22337e+01	
1514	6.095369e+01	1.115826e+02	-9.22705e+01	
1515	6.130558e+01	1.115324e+02	-9.23073e+01	
1516	6.165950e+01	1.114821e+02	-9.23442e+01	
1517	6.201546e+01	1.114319e+02	-9.23812e+01	
1518	6.237348e+01	1.113816e+02	-9.24182e+01	
1519	6.273357e+01	1.113314e+02	-9.24554e+01	
1520	6.309573e+01	1.112811e+02	-9.24926e+01	
1521	6.345999e+01	1.112309e+02	-9.25299e+01	
1522	6.382635e+01	1.111806e+02	-9.25672e+01	
1523	6.419482e+01	1.111303e+02	-9.26047e+01	
1524	6.456542e+01	1.110801e+02	-9.26422e+01	
1525	6.493816e+01	1.110298e+02	-9.26799e+01	
1526	6.531306e+01	1.109795e+02	-9.27176e+01	
1527	6.569011e+01	1.109292e+02	-9.27554e+01	
1528	6.606934e+01	1.108789e+02	-9.27933e+01	
1529	6.645077e+01	1.108286e+02	-9.28312e+01	
1530	6.683439e+01	1.107783e+02	-9.28693e+01	
1531	6.722023e+01	1.107280e+02	-9.29075e+01	
1532	6.760830e+01	1.106777e+02	-9.29457e+01	
1533	6.799860e+01	1.106274e+02	-9.29841e+01	
1534	6.839116e+01	1.105770e+02	-9.30225e+01	
1535	6.878599e+01	1.105267e+02	-9.30610e+01	
1536	6.918310e+01	1.104764e+02	-9.30997e+01	
1537	6.958250e+01	1.104260e+02	-9.31384e+01	
1538	6.998420e+01	1.103757e+02	-9.31773e+01	
1539	7.038822e+01	1.103253e+02	-9.32162e+01	
1540	7.079458e+01	1.102750e+02	-9.32552e+01	
1541	7.120328e+01	1.102246e+02	-9.32944e+01	
1542	7.161434e+01	1.101743e+02	-9.33336e+01	
1543	7.202778e+01	1.101239e+02	-9.33730e+01	
1544	7.244360e+01	1.100735e+02	-9.34125e+01	
1545	7.286182e+01	1.100231e+02	-9.34520e+01	
1546	7.328245e+01	1.099728e+02	-9.34917e+01	
1547	7.370552e+01	1.099224e+02	-9.35315e+01	
1548	7.413102e+01	1.098720e+02	-9.35714e+01	
1549	7.455899e+01	1.098216e+02	-9.36115e+01	
1550	7.498942e+01	1.097712e+02	-9.36516e+01	
1551	7.542234e+01	1.097207e+02	-9.36919e+01	
1552	7.585776e+01	1.096703e+02	-9.37323e+01	
1553	7.629569e+01	1.096199e+02	-9.37727e+01	
1554	7.673615e+01	1.095695e+02	-9.38134e+01	
1555	7.717915e+01	1.095190e+02	-9.38541e+01	
1556	7.762471e+01	1.094686e+02	-9.38950e+01	
1557	7.807284e+01	1.094181e+02	-9.39360e+01	
1558	7.852356e+01	1.093677e+02	-9.39771e+01	
1559	7.897688e+01	1.093172e+02	-9.40183e+01	
1560	7.943282e+01	1.092668e+02	-9.40597e+01	
1561	7.989139e+01	1.092163e+02	-9.41012e+01	
1562	8.035261e+01	1.091658e+02	-9.41428e+01	

Index   frequency       tdb             tph             
--------------------------------------------------------------------------------
1563	8.081649e+01	1.091153e+02	-9.41846e+01	
1564	8.128305e+01	1.090648e+02	-9.42264e+01	
1565	8.175230e+01	1.090143e+02	-9.42685e+01	
1566	8.222426e+01	1.089638e+02	-9.43106e+01	
1567	8.269895e+01	1.089133e+02	-9.43529e+01	
1568	8.317638e+01	1.088628e+02	-9.43954e+01	
1569	8.365656e+01	1.088123e+02	-9.44380e+01	
1570	8.413951e+01	1.087617e+02	-9.44807e+01	
1571	8.462526e+01	1.087112e+02	-9.45235e+01	
1572	8.511380e+01	1.086607e+02	-9.45665e+01	
1573	8.560517e+01	1.086101e+02	-9.46097e+01	
1574	8.609938e+01	1.085595e+02	-9.46530e+01	
1575	8.659643e+01	1.085090e+02	-9.46964e+01	
1576	8.709636e+01	1.084584e+02	-9.47400e+01	
1577	8.759917e+01	1.084078e+02	-9.47838e+01	
1578	8.810489e+01	1.083572e+02	-9.48277e+01	
1579	8.861352e+01	1.083066e+02	-9.48717e+01	
1580	8.912509e+01	1.082560e+02	-9.49159e+01	
1581	8.963962e+01	1.082054e+02	-9.49603e+01	
1582	9.015711e+01	1.081548e+02	-9.50048e+01	
1583	9.067760e+01	1.081042e+02	-9.50495e+01	
1584	9.120108e+01	1.080535e+02	-9.50943e+01	
1585	9.172759e+01	1.080029e+02	-9.51393e+01	
1586	9.225714e+01	1.079523e+02	-9.51845e+01	
1587	9.278975e+01	1.079016e+02	-9.52298e+01	
1588	9.332543e+01	1.078509e+02	-9.52753e+01	
1589	9.386420e+01	1.078003e+02	-9.53209e+01	
1590	9.440609e+01	1.077496e+02	-9.53667e+01	
1591	9.495110e+01	1.076989e+02	-9.54127e+01	
1592	9.549926e+01	1.076482e+02	-9.54589e+01	
1593	9.605058e+01	1.075975e+02	-9.55052e+01	
1594	9.660509e+01	1.075467e+02	-9.55517e+01	
1595	9.716280e+01	1.074960e+02	-9.55984e+01	
1596	9.772372e+01	1.074453e+02	-9.56453e+01	
1597	9.828789e+01	1.073945e+02	-9.56923e+01	
1598	9.885531e+01	1.073438e+02	-9.57395e+01	
1599	9.942601e+01	1.072930e+02	-9.57869e+01	
1600	1.000000e+02	1.072423e+02	-9.58345e+01	
1601	1.005773e+02	1.071915e+02	-9.58822e+01	
1602	1.011579e+02	1.071407e+02	-9.59302e+01	
1603	1.017419e+02	1.070899e+02	-9.59783e+01	
1604	1.023293e+02	1.070391e+02	-9.60266e+01	
1605	1.029201e+02	1.069883e+02	-9.60751e+01	
1606	1.035142e+02	1.069374e+02	-9.61238e+01	
1607	1.041118e+02	1.068866e+02	-9.61727e+01	
1608	1.047129e+02	1.068357e+02	-9.62218e+01	
1609	1.053174e+02	1.067849e+02	-9.62711e+01	
1610	1.059254e+02	1.067340e+02	-9.63206e+01	
1611	1.065369e+02	1.066831e+02	-9.63702e+01	
1612	1.071519e+02	1.066322e+02	-9.64201e+01	
1613	1.077705e+02	1.065813e+02	-9.64702e+01	
1614	1.083927e+02	1.065304e+02	-9.65204e+01	
1615	1.090184e+02	1.064795e+02	-9.65709e+01	
1616	1.096478e+02	1.064286e+02	-9.66216e+01	
1617	1.102808e+02	1.063776e+02	-9.66725e+01	
1618	1.109175e+02	1.063267e+02	-9.67236e+01	
1619	1.115578e+02	1.062757e+02	-9.67749e+01	
1620	1.122018e+02	1.062247e+02	-9.68264e+01	

Index   frequency       tdb             tph             
--------------------------------------------------------------------------------
1621	1.128496e+02	1.061737e+02	-9.68781e+01	
1622	1.135011e+02	1.061227e+02	-9.69300e+01	
1623	1.141563e+02	1.060717e+02	-9.69822e+01	
1624	1.148154e+02	1.060207e+02	-9.70345e+01	
1625	1.154782e+02	1.059697e+02	-9.70871e+01	
1626	1.161449e+02	1.059186e+02	-9.71399e+01	
1627	1.168154e+02	1.058675e+02	-9.71930e+01	
1628	1.174898e+02	1.058165e+02	-9.72462e+01	
1629	1.181680e+02	1.057654e+02	-9.72997e+01	
1630	1.188502e+02	1.057143e+02	-9.73534e+01	
1631	1.195364e+02	1.056632e+02	-9.74073e+01	
1632	1.202264e+02	1.056120e+02	-9.74614e+01	
1633	1.209205e+02	1.055609e+02	-9.75158e+01	
1634	1.216186e+02	1.055097e+02	-9.75704e+01	
1635	1.223207e+02	1.054586e+02	-9.76253e+01	
1636	1.230269e+02	1.054074e+02	-9.76804e+01	
1637	1.237371e+02	1.053562e+02	-9.77357e+01	
1638	1.244515e+02	1.053050e+02	-9.77912e+01	
1639	1.251699e+02	1.052538e+02	-9.78470e+01	
1640	1.258925e+02	1.052025e+02	-9.79031e+01	
1641	1.266193e+02	1.051513e+02	-9.79593e+01	
1642	1.273503e+02	1.051000e+02	-9.80158e+01	
1643	1.280855e+02	1.050488e+02	-9.80726e+01	
1644	1.288250e+02	1.049975e+02	-9.81296e+01	
1645	1.295687e+02	1.049462e+02	-9.81869e+01	
1646	1.303167e+02	1.048948e+02	-9.82444e+01	
1647	1.310690e+02	1.048435e+02	-9.83021e+01	
1648	1.318257e+02	1.047921e+02	-9.83601e+01	
1649	1.325867e+02	1.047408e+02	-9.84184e+01	
1650	1.333521e+02	1.046894e+02	-9.84769e+01	
1651	1.341220e+02	1.046380e+02	-9.85357e+01	
1652	1.348963e+02	1.045866e+02	-9.85947e+01	
1653	1.356751e+02	1.045351e+02	-9.86540e+01	
1654	1.364583e+02	1.044837e+02	-9.87136e+01	
1655	1.372461e+02	1.044322e+02	-9.87734e+01	
1656	1.380384e+02	1.043807e+02	-9.88335e+01	
1657	1.388353e+02	1.043292e+02	-9.88938e+01	
1658	1.396368e+02	1.042777e+02	-9.89545e+01	
1659	1.404430e+02	1.042262e+02	-9.90154e+01	
1660	1.412538e+02	1.041746e+02	-9.90765e+01	
1661	1.420692e+02	1.041231e+02	-9.91380e+01	
1662	1.428894e+02	1.040715e+02	-9.91997e+01	
1663	1.437143e+02	1.040199e+02	-9.92616e+01	
1664	1.445440e+02	1.039683e+02	-9.93239e+01	
1665	1.453784e+02	1.039166e+02	-9.93864e+01	
1666	1.462177e+02	1.038650e+02	-9.94493e+01	
1667	1.470618e+02	1.038133e+02	-9.95124e+01	
1668	1.479108e+02	1.037616e+02	-9.95758e+01	
1669	1.487647e+02	1.037099e+02	-9.96394e+01	
1670	1.496236e+02	1.036581e+02	-9.97034e+01	
1671	1.504874e+02	1.036064e+02	-9.97676e+01	
1672	1.513561e+02	1.035546e+02	-9.98322e+01	
1673	1.522299e+02	1.035028e+02	-9.98970e+01	
1674	1.531087e+02	1.034510e+02	-9.99621e+01	
1675	1.539927e+02	1.033991e+02	-1.00028e+02	
1676	1.548817e+02	1.033473e+02	-1.00093e+02	
1677	1.557758e+02	1.032954e+02	-1.00159e+02	
1678	1.566751e+02	1.032435e+02	-1.00226e+02	

Index   frequency       tdb             tph             
--------------------------------------------------------------------------------
1679	1.575796e+02	1.031916e+02	-1.00292e+02	
1680	1.584893e+02	1.031396e+02	-1.00359e+02	
1681	1.594043e+02	1.030877e+02	-1.00426e+02	
1682	1.603245e+02	1.030357e+02	-1.00494e+02	
1683	1.612501e+02	1.029837e+02	-1.00562e+02	
1684	1.621810e+02	1.029316e+02	-1.00630e+02	
1685	1.631173e+02	1.028796e+02	-1.00698e+02	
1686	1.640590e+02	1.028275e+02	-1.00767e+02	
1687	1.650061e+02	1.027754e+02	-1.00836e+02	
1688	1.659587e+02	1.027233e+02	-1.00906e+02	
1689	1.669168e+02	1.026711e+02	-1.00975e+02	
1690	1.678804e+02	1.026190e+02	-1.01045e+02	
1691	1.688496e+02	1.025668e+02	-1.01116e+02	
1692	1.698244e+02	1.025146e+02	-1.01186e+02	
1693	1.708048e+02	1.024623e+02	-1.01257e+02	
1694	1.717908e+02	1.024100e+02	-1.01329e+02	
1695	1.727826e+02	1.023577e+02	-1.01400e+02	
1696	1.737801e+02	1.023054e+02	-1.01472e+02	
1697	1.747833e+02	1.022531e+02	-1.01545e+02	
1698	1.757924e+02	1.022007e+02	-1.01617e+02	
1699	1.768072e+02	1.021483e+02	-1.01690e+02	
1700	1.778279e+02	1.020959e+02	-1.01763e+02	
1701	1.788546e+02	1.020434e+02	-1.01837e+02	
1702	1.798871e+02	1.019909e+02	-1.01911e+02	
1703	1.809256e+02	1.019384e+02	-1.01985e+02	
1704	1.819701e+02	1.018859e+02	-1.02060e+02	
1705	1.830206e+02	1.018333e+02	-1.02135e+02	
1706	1.840772e+02	1.017807e+02	-1.02210e+02	
1707	1.851399e+02	1.017281e+02	-1.02286e+02	
1708	1.862087e+02	1.016755e+02	-1.02362e+02	
1709	1.872837e+02	1.016228e+02	-1.02438e+02	
1710	1.883649e+02	1.015701e+02	-1.02515e+02	
1711	1.894524e+02	1.015174e+02	-1.02592e+02	
1712	1.905461e+02	1.014646e+02	-1.02670e+02	
1713	1.916461e+02	1.014118e+02	-1.02747e+02	
1714	1.927525e+02	1.013590e+02	-1.02826e+02	
1715	1.938653e+02	1.013061e+02	-1.02904e+02	
1716	1.949845e+02	1.012532e+02	-1.02983e+02	
1717	1.961101e+02	1.012003e+02	-1.03062e+02	
1718	1.972423e+02	1.011473e+02	-1.03142e+02	
1719	1.983810e+02	1.010943e+02	-1.03222e+02	
1720	1.995262e+02	1.010413e+02	-1.03302e+02	
1721	2.006781e+02	1.009883e+02	-1.03383e+02	
1722	2.018366e+02	1.009352e+02	-1.03464e+02	
1723	2.030019e+02	1.008821e+02	-1.03545e+02	
1724	2.041738e+02	1.008289e+02	-1.03627e+02	
1725	2.053525e+02	1.007757e+02	-1.03709e+02	
1726	2.065380e+02	1.007225e+02	-1.03792e+02	
1727	2.077304e+02	1.006692e+02	-1.03875e+02	
1728	2.089296e+02	1.006160e+02	-1.03958e+02	
1729	2.101358e+02	1.005626e+02	-1.04041e+02	
1730	2.113489e+02	1.005093e+02	-1.04125e+02	
1731	2.125690e+02	1.004559e+02	-1.04210e+02	
1732	2.137962e+02	1.004024e+02	-1.04295e+02	
1733	2.150305e+02	1.003489e+02	-1.04380e+02	
1734	2.162719e+02	1.002954e+02	-1.04465e+02	
1735	2.175204e+02	1.002419e+02	-1.04551e+02	
1736	2.187762e+02	1.001883e+02	-1.04638e+02	

Index   frequency       tdb             tph             
--------------------------------------------------------------------------------
1737	2.200392e+02	1.001347e+02	-1.04724e+02	
1738	2.213095e+02	1.000810e+02	-1.04812e+02	
1739	2.225871e+02	1.000273e+02	-1.04899e+02	
1740	2.238721e+02	9.997355e+01	-1.04987e+02	
1741	2.251645e+02	9.991977e+01	-1.05075e+02	
1742	2.264644e+02	9.986594e+01	-1.05164e+02	
1743	2.277718e+02	9.981207e+01	-1.05253e+02	
1744	2.290868e+02	9.975816e+01	-1.05343e+02	
1745	2.304093e+02	9.970421e+01	-1.05432e+02	
1746	2.317395e+02	9.965022e+01	-1.05523e+02	
1747	2.330773e+02	9.959619e+01	-1.05613e+02	
1748	2.344229e+02	9.954211e+01	-1.05705e+02	
1749	2.357762e+02	9.948799e+01	-1.05796e+02	
1750	2.371374e+02	9.943382e+01	-1.05888e+02	
1751	2.385064e+02	9.937961e+01	-1.05980e+02	
1752	2.398833e+02	9.932536e+01	-1.06073e+02	
1753	2.412682e+02	9.927106e+01	-1.06166e+02	
1754	2.426610e+02	9.921671e+01	-1.06260e+02	
1755	2.440619e+02	9.916232e+01	-1.06354e+02	
1756	2.454709e+02	9.910789e+01	-1.06448e+02	
1757	2.468880e+02	9.905340e+01	-1.06543e+02	
1758	2.483133e+02	9.899887e+01	-1.06638e+02	
1759	2.497468e+02	9.894429e+01	-1.06733e+02	
1760	2.511886e+02	9.888966e+01	-1.06829e+02	
1761	2.526388e+02	9.883499e+01	-1.06926e+02	
1762	2.540973e+02	9.878026e+01	-1.07023e+02	
1763	2.555642e+02	9.872549e+01	-1.07120e+02	
1764	2.570396e+02	9.867066e+01	-1.07218e+02	
1765	2.585235e+02	9.861579e+01	-1.07316e+02	
1766	2.600160e+02	9.856086e+01	-1.07414e+02	
1767	2.615170e+02	9.850589e+01	-1.07513e+02	
1768	2.630268e+02	9.845086e+01	-1.07613e+02	
1769	2.645453e+02	9.839577e+01	-1.07713e+02	
1770	2.660725e+02	9.834064e+01	-1.07813e+02	
1771	2.676086e+02	9.828545e+01	-1.07913e+02	
1772	2.691535e+02	9.823021e+01	-1.08015e+02	
1773	2.707073e+02	9.817491e+01	-1.08116e+02	
1774	2.722701e+02	9.811956e+01	-1.08218e+02	
1775	2.738420e+02	9.806416e+01	-1.08320e+02	
1776	2.754229e+02	9.800869e+01	-1.08423e+02	
1777	2.770129e+02	9.795318e+01	-1.08526e+02	
1778	2.786121e+02	9.789760e+01	-1.08630e+02	
1779	2.802206e+02	9.784197e+01	-1.08734e+02	
1780	2.818383e+02	9.778628e+01	-1.08839e+02	
1781	2.834654e+02	9.773053e+01	-1.08944e+02	
1782	2.851018e+02	9.767472e+01	-1.09049e+02	
1783	2.867477e+02	9.761885e+01	-1.09155e+02	
1784	2.884032e+02	9.756293e+01	-1.09261e+02	
1785	2.900681e+02	9.750694e+01	-1.09368e+02	
1786	2.917427e+02	9.745089e+01	-1.09475e+02	
1787	2.934270e+02	9.739478e+01	-1.09583e+02	
1788	2.951209e+02	9.733861e+01	-1.09691e+02	
1789	2.968247e+02	9.728237e+01	-1.09799e+02	
1790	2.985383e+02	9.722608e+01	-1.09908e+02	
1791	3.002617e+02	9.716971e+01	-1.10018e+02	
1792	3.019952e+02	9.711329e+01	-1.10128e+02	
1793	3.037386e+02	9.705680e+01	-1.10238e+02	
1794	3.054921e+02	9.700024e+01	-1.10348e+02	

Index   frequency       tdb             tph             
--------------------------------------------------------------------------------
1795	3.072557e+02	9.694362e+01	-1.10460e+02	
1796	3.090295e+02	9.688693e+01	-1.10571e+02	
1797	3.108136e+02	9.683018e+01	-1.10683e+02	
1798	3.126079e+02	9.677335e+01	-1.10796e+02	
1799	3.144126e+02	9.671646e+01	-1.10909e+02	
1800	3.162278e+02	9.665950e+01	-1.11022e+02	
1801	3.180534e+02	9.660247e+01	-1.11136e+02	
1802	3.198895e+02	9.654538e+01	-1.11250e+02	
1803	3.217363e+02	9.648821e+01	-1.11365e+02	
1804	3.235937e+02	9.643097e+01	-1.11480e+02	
1805	3.254618e+02	9.637365e+01	-1.11595e+02	
1806	3.273407e+02	9.631627e+01	-1.11711e+02	
1807	3.292305e+02	9.625881e+01	-1.11828e+02	
1808	3.311311e+02	9.620128e+01	-1.11945e+02	
1809	3.330428e+02	9.614368e+01	-1.12062e+02	
1810	3.349654e+02	9.608600e+01	-1.12180e+02	
1811	3.368992e+02	9.602825e+01	-1.12298e+02	
1812	3.388442e+02	9.597042e+01	-1.12416e+02	
1813	3.408003e+02	9.591251e+01	-1.12536e+02	
1814	3.427678e+02	9.585453e+01	-1.12655e+02	
1815	3.447466e+02	9.579647e+01	-1.12775e+02	
1816	3.467369e+02	9.573833e+01	-1.12895e+02	
1817	3.487386e+02	9.568011e+01	-1.13016e+02	
1818	3.507519e+02	9.562181e+01	-1.13138e+02	
1819	3.527768e+02	9.556344e+01	-1.13259e+02	
1820	3.548134e+02	9.550498e+01	-1.13382e+02	
1821	3.568617e+02	9.544644e+01	-1.13504e+02	
1822	3.589219e+02	9.538782e+01	-1.13627e+02	
1823	3.609940e+02	9.532912e+01	-1.13751e+02	
1824	3.630781e+02	9.527033e+01	-1.13875e+02	
1825	3.651741e+02	9.521146e+01	-1.13999e+02	
1826	3.672823e+02	9.515251e+01	-1.14124e+02	
1827	3.694026e+02	9.509347e+01	-1.14249e+02	
1828	3.715352e+02	9.503434e+01	-1.14375e+02	
1829	3.736801e+02	9.497513e+01	-1.14501e+02	
1830	3.758374e+02	9.491583e+01	-1.14627e+02	
1831	3.780071e+02	9.485645e+01	-1.14754e+02	
1832	3.801894e+02	9.479698e+01	-1.14882e+02	
1833	3.823843e+02	9.473741e+01	-1.15009e+02	
1834	3.845918e+02	9.467776e+01	-1.15138e+02	
1835	3.868121e+02	9.461802e+01	-1.15266e+02	
1836	3.890451e+02	9.455819e+01	-1.15395e+02	
1837	3.912911e+02	9.449827e+01	-1.15525e+02	
1838	3.935501e+02	9.443825e+01	-1.15655e+02	
1839	3.958221e+02	9.437814e+01	-1.15785e+02	
1840	3.981072e+02	9.431794e+01	-1.15916e+02	
1841	4.004055e+02	9.425765e+01	-1.16047e+02	
1842	4.027170e+02	9.419726e+01	-1.16179e+02	
1843	4.050419e+02	9.413678e+01	-1.16311e+02	
1844	4.073803e+02	9.407620e+01	-1.16443e+02	
1845	4.097321e+02	9.401552e+01	-1.16576e+02	
1846	4.120975e+02	9.395475e+01	-1.16709e+02	
1847	4.144766e+02	9.389388e+01	-1.16843e+02	
1848	4.168694e+02	9.383291e+01	-1.16977e+02	
1849	4.192760e+02	9.377184e+01	-1.17112e+02	
1850	4.216965e+02	9.371067e+01	-1.17247e+02	
1851	4.241310e+02	9.364941e+01	-1.17382e+02	
1852	4.265795e+02	9.358804e+01	-1.17518e+02	

Index   frequency       tdb             tph             
--------------------------------------------------------------------------------
1853	4.290422e+02	9.352657e+01	-1.17654e+02	
1854	4.315191e+02	9.346500e+01	-1.17790e+02	
1855	4.340103e+02	9.340332e+01	-1.17927e+02	
1856	4.365158e+02	9.334155e+01	-1.18064e+02	
1857	4.390359e+02	9.327967e+01	-1.18202e+02	
1858	4.415704e+02	9.321768e+01	-1.18340e+02	
1859	4.441197e+02	9.315559e+01	-1.18478e+02	
1860	4.466836e+02	9.309339e+01	-1.18617e+02	
1861	4.492623e+02	9.303109e+01	-1.18757e+02	
1862	4.518559e+02	9.296868e+01	-1.18896e+02	
1863	4.544645e+02	9.290616e+01	-1.19036e+02	
1864	4.570882e+02	9.284353e+01	-1.19176e+02	
1865	4.597270e+02	9.278080e+01	-1.19317e+02	
1866	4.623810e+02	9.271795e+01	-1.19458e+02	
1867	4.650504e+02	9.265500e+01	-1.19600e+02	
1868	4.677351e+02	9.259193e+01	-1.19741e+02	
1869	4.704354e+02	9.252875e+01	-1.19884e+02	
1870	4.731513e+02	9.246546e+01	-1.20026e+02	
1871	4.758828e+02	9.240206e+01	-1.20169e+02	
1872	4.786301e+02	9.233855e+01	-1.20312e+02	
1873	4.813933e+02	9.227492e+01	-1.20456e+02	
1874	4.841724e+02	9.221118e+01	-1.20600e+02	
1875	4.869675e+02	9.214732e+01	-1.20744e+02	
1876	4.897788e+02	9.208334e+01	-1.20889e+02	
1877	4.926063e+02	9.201925e+01	-1.21033e+02	
1878	4.954502e+02	9.195505e+01	-1.21179e+02	
1879	4.983105e+02	9.189072e+01	-1.21324e+02	
1880	5.011872e+02	9.182628e+01	-1.21470e+02	
1881	5.040806e+02	9.176172e+01	-1.21617e+02	
1882	5.069907e+02	9.169704e+01	-1.21763e+02	
1883	5.099176e+02	9.163224e+01	-1.21910e+02	
1884	5.128614e+02	9.156732e+01	-1.22057e+02	
1885	5.158222e+02	9.150228e+01	-1.22205e+02	
1886	5.188000e+02	9.143712e+01	-1.22353e+02	
1887	5.217951e+02	9.137184e+01	-1.22501e+02	
1888	5.248075e+02	9.130643e+01	-1.22649e+02	
1889	5.278372e+02	9.124091e+01	-1.22798e+02	
1890	5.308844e+02	9.117526e+01	-1.22947e+02	
1891	5.339493e+02	9.110948e+01	-1.23096e+02	
1892	5.370318e+02	9.104358e+01	-1.23246e+02	
1893	5.401321e+02	9.097755e+01	-1.23396e+02	
1894	5.432503e+02	9.091140e+01	-1.23546e+02	
1895	5.463865e+02	9.084513e+01	-1.23696e+02	
1896	5.495409e+02	9.077872e+01	-1.23847e+02	
1897	5.527134e+02	9.071219e+01	-1.23998e+02	
1898	5.559043e+02	9.064554e+01	-1.24149e+02	
1899	5.591135e+02	9.057875e+01	-1.24301e+02	
1900	5.623413e+02	9.051184e+01	-1.24452e+02	
1901	5.655878e+02	9.044479e+01	-1.24604e+02	
1902	5.688529e+02	9.037762e+01	-1.24756e+02	
1903	5.721370e+02	9.031032e+01	-1.24909e+02	
1904	5.754399e+02	9.024289e+01	-1.25062e+02	
1905	5.787620e+02	9.017532e+01	-1.25214e+02	
1906	5.821032e+02	9.010763e+01	-1.25368e+02	
1907	5.854637e+02	9.003980e+01	-1.25521e+02	
1908	5.888437e+02	8.997184e+01	-1.25675e+02	
1909	5.922431e+02	8.990375e+01	-1.25828e+02	
1910	5.956621e+02	8.983553e+01	-1.25982e+02	

Index   frequency       tdb             tph             
--------------------------------------------------------------------------------
1911	5.991009e+02	8.976717e+01	-1.26137e+02	
1912	6.025596e+02	8.969868e+01	-1.26291e+02	
1913	6.060382e+02	8.963005e+01	-1.26446e+02	
1914	6.095369e+02	8.956129e+01	-1.26600e+02	
1915	6.130558e+02	8.949239e+01	-1.26755e+02	
1916	6.165950e+02	8.942336e+01	-1.26910e+02	
1917	6.201546e+02	8.935420e+01	-1.27066e+02	
1918	6.237348e+02	8.928489e+01	-1.27221e+02	
1919	6.273357e+02	8.921546e+01	-1.27377e+02	
1920	6.309573e+02	8.914588e+01	-1.27533e+02	
1921	6.345999e+02	8.907617e+01	-1.27689e+02	
1922	6.382635e+02	8.900632e+01	-1.27845e+02	
1923	6.419482e+02	8.893633e+01	-1.28001e+02	
1924	6.456542e+02	8.886620e+01	-1.28158e+02	
1925	6.493816e+02	8.879594e+01	-1.28314e+02	
1926	6.531306e+02	8.872553e+01	-1.28471e+02	
1927	6.569011e+02	8.865499e+01	-1.28628e+02	
1928	6.606934e+02	8.858431e+01	-1.28784e+02	
1929	6.645077e+02	8.851349e+01	-1.28941e+02	
1930	6.683439e+02	8.844253e+01	-1.29099e+02	
1931	6.722023e+02	8.837143e+01	-1.29256e+02	
1932	6.760830e+02	8.830018e+01	-1.29413e+02	
1933	6.799860e+02	8.822880e+01	-1.29571e+02	
1934	6.839116e+02	8.815728e+01	-1.29728e+02	
1935	6.878599e+02	8.808562e+01	-1.29886e+02	
1936	6.918310e+02	8.801381e+01	-1.30043e+02	
1937	6.958250e+02	8.794186e+01	-1.30201e+02	
1938	6.998420e+02	8.786978e+01	-1.30359e+02	
1939	7.038822e+02	8.779755e+01	-1.30517e+02	
1940	7.079458e+02	8.772517e+01	-1.30675e+02	
1941	7.120328e+02	8.765266e+01	-1.30833e+02	
1942	7.161434e+02	8.758000e+01	-1.30991e+02	
1943	7.202778e+02	8.750721e+01	-1.31149e+02	
1944	7.244360e+02	8.743426e+01	-1.31307e+02	
1945	7.286182e+02	8.736118e+01	-1.31465e+02	
1946	7.328245e+02	8.728795e+01	-1.31623e+02	
1947	7.370552e+02	8.721458e+01	-1.31781e+02	
1948	7.413102e+02	8.714107e+01	-1.31939e+02	
1949	7.455899e+02	8.706741e+01	-1.32097e+02	
1950	7.498942e+02	8.699361e+01	-1.32256e+02	
1951	7.542234e+02	8.691967e+01	-1.32414e+02	
1952	7.585776e+02	8.684559e+01	-1.32572e+02	
1953	7.629569e+02	8.677136e+01	-1.32730e+02	
1954	7.673615e+02	8.669698e+01	-1.32888e+02	
1955	7.717915e+02	8.662247e+01	-1.33046e+02	
1956	7.762471e+02	8.654781e+01	-1.33204e+02	
1957	7.807284e+02	8.647300e+01	-1.33362e+02	
1958	7.852356e+02	8.639806e+01	-1.33520e+02	
1959	7.897688e+02	8.632297e+01	-1.33678e+02	
1960	7.943282e+02	8.624773e+01	-1.33836e+02	
1961	7.989139e+02	8.617235e+01	-1.33994e+02	
1962	8.035261e+02	8.609683e+01	-1.34151e+02	
1963	8.081649e+02	8.602117e+01	-1.34309e+02	
1964	8.128305e+02	8.594536e+01	-1.34466e+02	
1965	8.175230e+02	8.586941e+01	-1.34624e+02	
1966	8.222426e+02	8.579332e+01	-1.34781e+02	
1967	8.269895e+02	8.571708e+01	-1.34938e+02	
1968	8.317638e+02	8.564070e+01	-1.35096e+02	

Index   frequency       tdb             tph             
--------------------------------------------------------------------------------
1969	8.365656e+02	8.556417e+01	-1.35253e+02	
1970	8.413951e+02	8.548751e+01	-1.35410e+02	
1971	8.462526e+02	8.541070e+01	-1.35566e+02	
1972	8.511380e+02	8.533374e+01	-1.35723e+02	
1973	8.560517e+02	8.525665e+01	-1.35880e+02	
1974	8.609938e+02	8.517941e+01	-1.36036e+02	
1975	8.659643e+02	8.510203e+01	-1.36192e+02	
1976	8.709636e+02	8.502451e+01	-1.36348e+02	
1977	8.759917e+02	8.494685e+01	-1.36504e+02	
1978	8.810489e+02	8.486904e+01	-1.36660e+02	
1979	8.861352e+02	8.479110e+01	-1.36816e+02	
1980	8.912509e+02	8.471301e+01	-1.36971e+02	
1981	8.963962e+02	8.463478e+01	-1.37127e+02	
1982	9.015711e+02	8.455641e+01	-1.37282e+02	
1983	9.067760e+02	8.447790e+01	-1.37437e+02	
1984	9.120108e+02	8.439925e+01	-1.37591e+02	
1985	9.172759e+02	8.432046e+01	-1.37746e+02	
1986	9.225714e+02	8.424153e+01	-1.37900e+02	
1987	9.278975e+02	8.416246e+01	-1.38054e+02	
1988	9.332543e+02	8.408325e+01	-1.38208e+02	
1989	9.386420e+02	8.400390e+01	-1.38362e+02	
1990	9.440609e+02	8.392441e+01	-1.38515e+02	
1991	9.495110e+02	8.384479e+01	-1.38669e+02	
1992	9.549926e+02	8.376502e+01	-1.38822e+02	
1993	9.605058e+02	8.368512e+01	-1.38974e+02	
1994	9.660509e+02	8.360508e+01	-1.39127e+02	
1995	9.716280e+02	8.352490e+01	-1.39279e+02	
1996	9.772372e+02	8.344459e+01	-1.39431e+02	
1997	9.828789e+02	8.336414e+01	-1.39583e+02	
1998	9.885531e+02	8.328355e+01	-1.39734e+02	
1999	9.942601e+02	8.320283e+01	-1.39885e+02	
2000	1.000000e+03	8.312197e+01	-1.40036e+02	
2001	1.005773e+03	8.304098e+01	-1.40187e+02	
2002	1.011579e+03	8.295985e+01	-1.40337e+02	
2003	1.017419e+03	8.287859e+01	-1.40487e+02	
2004	1.023293e+03	8.279719e+01	-1.40637e+02	
2005	1.029201e+03	8.271566e+01	-1.40786e+02	
2006	1.035142e+03	8.263400e+01	-1.40936e+02	
2007	1.041118e+03	8.255220e+01	-1.41084e+02	
2008	1.047129e+03	8.247028e+01	-1.41233e+02	
2009	1.053174e+03	8.238822e+01	-1.41381e+02	
2010	1.059254e+03	8.230602e+01	-1.41529e+02	
2011	1.065369e+03	8.222370e+01	-1.41676e+02	
2012	1.071519e+03	8.214125e+01	-1.41824e+02	
2013	1.077705e+03	8.205867e+01	-1.41971e+02	
2014	1.083927e+03	8.197596e+01	-1.42117e+02	
2015	1.090184e+03	8.189312e+01	-1.42263e+02	
2016	1.096478e+03	8.181015e+01	-1.42409e+02	
2017	1.102808e+03	8.172705e+01	-1.42554e+02	
2018	1.109175e+03	8.164382e+01	-1.42700e+02	
2019	1.115578e+03	8.156047e+01	-1.42844e+02	
2020	1.122018e+03	8.147699e+01	-1.42989e+02	
2021	1.128496e+03	8.139339e+01	-1.43133e+02	
2022	1.135011e+03	8.130965e+01	-1.43276e+02	
2023	1.141563e+03	8.122580e+01	-1.43419e+02	
2024	1.148154e+03	8.114182e+01	-1.43562e+02	
2025	1.154782e+03	8.105771e+01	-1.43705e+02	
2026	1.161449e+03	8.097349e+01	-1.43847e+02	

Index   frequency       tdb             tph             
--------------------------------------------------------------------------------
2027	1.168154e+03	8.088913e+01	-1.43988e+02	
2028	1.174898e+03	8.080466e+01	-1.44130e+02	
2029	1.181680e+03	8.072007e+01	-1.44270e+02	
2030	1.188502e+03	8.063535e+01	-1.44411e+02	
2031	1.195364e+03	8.055051e+01	-1.44551e+02	
2032	1.202264e+03	8.046555e+01	-1.44690e+02	
2033	1.209205e+03	8.038048e+01	-1.44829e+02	
2034	1.216186e+03	8.029528e+01	-1.44968e+02	
2035	1.223207e+03	8.020997e+01	-1.45106e+02	
2036	1.230269e+03	8.012453e+01	-1.45244e+02	
2037	1.237371e+03	8.003898e+01	-1.45382e+02	
2038	1.244515e+03	7.995332e+01	-1.45519e+02	
2039	1.251699e+03	7.986754e+01	-1.45655e+02	
2040	1.258925e+03	7.978164e+01	-1.45791e+02	
2041	1.266193e+03	7.969562e+01	-1.45927e+02	
2042	1.273503e+03	7.960950e+01	-1.46062e+02	
2043	1.280855e+03	7.952326e+01	-1.46197e+02	
2044	1.288250e+03	7.943690e+01	-1.46331e+02	
2045	1.295687e+03	7.935043e+01	-1.46465e+02	
2046	1.303167e+03	7.926386e+01	-1.46598e+02	
2047	1.310690e+03	7.917717e+01	-1.46731e+02	
2048	1.318257e+03	7.909037e+01	-1.46863e+02	
2049	1.325867e+03	7.900345e+01	-1.46995e+02	
2050	1.333521e+03	7.891643e+01	-1.47127e+02	
2051	1.341220e+03	7.882931e+01	-1.47258e+02	
2052	1.348963e+03	7.874207e+01	-1.47388e+02	
2053	1.356751e+03	7.865472e+01	-1.47518e+02	
2054	1.364583e+03	7.856727e+01	-1.47647e+02	
2055	1.372461e+03	7.847971e+01	-1.47776e+02	
2056	1.380384e+03	7.839205e+01	-1.47905e+02	
2057	1.388353e+03	7.830428e+01	-1.48033e+02	
2058	1.396368e+03	7.821641e+01	-1.48160e+02	
2059	1.404430e+03	7.812843e+01	-1.48287e+02	
2060	1.412538e+03	7.804035e+01	-1.48414e+02	
2061	1.420692e+03	7.795217e+01	-1.48540e+02	
2062	1.428894e+03	7.786389e+01	-1.48665e+02	
2063	1.437143e+03	7.777550e+01	-1.48790e+02	
2064	1.445440e+03	7.768702e+01	-1.48914e+02	
2065	1.453784e+03	7.759843e+01	-1.49038e+02	
2066	1.462177e+03	7.750975e+01	-1.49162e+02	
2067	1.470618e+03	7.742097e+01	-1.49284e+02	
2068	1.479108e+03	7.733209e+01	-1.49407e+02	
2069	1.487647e+03	7.724311e+01	-1.49528e+02	
2070	1.496236e+03	7.715403e+01	-1.49650e+02	
2071	1.504874e+03	7.706486e+01	-1.49770e+02	
2072	1.513561e+03	7.697560e+01	-1.49891e+02	
2073	1.522299e+03	7.688624e+01	-1.50010e+02	
2074	1.531087e+03	7.679678e+01	-1.50129e+02	
2075	1.539927e+03	7.670723e+01	-1.50248e+02	
2076	1.548817e+03	7.661759e+01	-1.50366e+02	
2077	1.557758e+03	7.652786e+01	-1.50483e+02	
2078	1.566751e+03	7.643804e+01	-1.50600e+02	
2079	1.575796e+03	7.634812e+01	-1.50717e+02	
2080	1.584893e+03	7.625812e+01	-1.50832e+02	
2081	1.594043e+03	7.616803e+01	-1.50948e+02	
2082	1.603245e+03	7.607784e+01	-1.51062e+02	
2083	1.612501e+03	7.598757e+01	-1.51177e+02	
2084	1.621810e+03	7.589721e+01	-1.51290e+02	

Index   frequency       tdb             tph             
--------------------------------------------------------------------------------
2085	1.631173e+03	7.580677e+01	-1.51403e+02	
2086	1.640590e+03	7.571624e+01	-1.51516e+02	
2087	1.650061e+03	7.562562e+01	-1.51628e+02	
2088	1.659587e+03	7.553492e+01	-1.51739e+02	
2089	1.669168e+03	7.544413e+01	-1.51850e+02	
2090	1.678804e+03	7.535327e+01	-1.51960e+02	
2091	1.688496e+03	7.526231e+01	-1.52070e+02	
2092	1.698244e+03	7.517128e+01	-1.52179e+02	
2093	1.708048e+03	7.508016e+01	-1.52287e+02	
2094	1.717908e+03	7.498897e+01	-1.52395e+02	
2095	1.727826e+03	7.489769e+01	-1.52502e+02	
2096	1.737801e+03	7.480633e+01	-1.52609e+02	
2097	1.747833e+03	7.471490e+01	-1.52715e+02	
2098	1.757924e+03	7.462338e+01	-1.52821e+02	
2099	1.768072e+03	7.453179e+01	-1.52926e+02	
2100	1.778279e+03	7.444012e+01	-1.53031e+02	
2101	1.788546e+03	7.434837e+01	-1.53135e+02	
2102	1.798871e+03	7.425655e+01	-1.53238e+02	
2103	1.809256e+03	7.416465e+01	-1.53341e+02	
2104	1.819701e+03	7.407268e+01	-1.53443e+02	
2105	1.830206e+03	7.398064e+01	-1.53545e+02	
2106	1.840772e+03	7.388852e+01	-1.53646e+02	
2107	1.851399e+03	7.379633e+01	-1.53746e+02	
2108	1.862087e+03	7.370406e+01	-1.53846e+02	
2109	1.872837e+03	7.361173e+01	-1.53945e+02	
2110	1.883649e+03	7.351932e+01	-1.54044e+02	
2111	1.894524e+03	7.342684e+01	-1.54142e+02	
2112	1.905461e+03	7.333430e+01	-1.54239e+02	
2113	1.916461e+03	7.324168e+01	-1.54336e+02	
2114	1.927525e+03	7.314899e+01	-1.54433e+02	
2115	1.938653e+03	7.305624e+01	-1.54529e+02	
2116	1.949845e+03	7.296342e+01	-1.54624e+02	
2117	1.961101e+03	7.287054e+01	-1.54718e+02	
2118	1.972423e+03	7.277758e+01	-1.54812e+02	
2119	1.983810e+03	7.268457e+01	-1.54906e+02	
2120	1.995262e+03	7.259148e+01	-1.54999e+02	
2121	2.006781e+03	7.249834e+01	-1.55091e+02	
2122	2.018366e+03	7.240513e+01	-1.55182e+02	
2123	2.030019e+03	7.231185e+01	-1.55273e+02	
2124	2.041738e+03	7.221852e+01	-1.55364e+02	
2125	2.053525e+03	7.212512e+01	-1.55454e+02	
2126	2.065380e+03	7.203166e+01	-1.55543e+02	
2127	2.077304e+03	7.193814e+01	-1.55632e+02	
2128	2.089296e+03	7.184456e+01	-1.55720e+02	
2129	2.101358e+03	7.175091e+01	-1.55807e+02	
2130	2.113489e+03	7.165722e+01	-1.55894e+02	
2131	2.125690e+03	7.156346e+01	-1.55980e+02	
2132	2.137962e+03	7.146964e+01	-1.56066e+02	
2133	2.150305e+03	7.137577e+01	-1.56151e+02	
2134	2.162719e+03	7.128184e+01	-1.56236e+02	
2135	2.175204e+03	7.118785e+01	-1.56320e+02	
2136	2.187762e+03	7.109381e+01	-1.56403e+02	
2137	2.200392e+03	7.099971e+01	-1.56486e+02	
2138	2.213095e+03	7.090556e+01	-1.56568e+02	
2139	2.225871e+03	7.081135e+01	-1.56650e+02	
2140	2.238721e+03	7.071709e+01	-1.56731e+02	
2141	2.251645e+03	7.062278e+01	-1.56811e+02	
2142	2.264644e+03	7.052841e+01	-1.56891e+02	

Index   frequency       tdb             tph             
--------------------------------------------------------------------------------
2143	2.277718e+03	7.043399e+01	-1.56970e+02	
2144	2.290868e+03	7.033952e+01	-1.57049e+02	
2145	2.304093e+03	7.024500e+01	-1.57127e+02	
2146	2.317395e+03	7.015043e+01	-1.57204e+02	
2147	2.330773e+03	7.005581e+01	-1.57281e+02	
2148	2.344229e+03	6.996114e+01	-1.57357e+02	
2149	2.357762e+03	6.986642e+01	-1.57433e+02	
2150	2.371374e+03	6.977166e+01	-1.57508e+02	
2151	2.385064e+03	6.967684e+01	-1.57582e+02	
2152	2.398833e+03	6.958198e+01	-1.57656e+02	
2153	2.412682e+03	6.948707e+01	-1.57729e+02	
2154	2.426610e+03	6.939211e+01	-1.57802e+02	
2155	2.440619e+03	6.929711e+01	-1.57874e+02	
2156	2.454709e+03	6.920207e+01	-1.57946e+02	
2157	2.468880e+03	6.910698e+01	-1.58016e+02	
2158	2.483133e+03	6.901184e+01	-1.58087e+02	
2159	2.497468e+03	6.891666e+01	-1.58157e+02	
2160	2.511886e+03	6.882144e+01	-1.58226e+02	
2161	2.526388e+03	6.872617e+01	-1.58294e+02	
2162	2.540973e+03	6.863087e+01	-1.58362e+02	
2163	2.555642e+03	6.853552e+01	-1.58430e+02	
2164	2.570396e+03	6.844012e+01	-1.58496e+02	
2165	2.585235e+03	6.834469e+01	-1.58563e+02	
2166	2.600160e+03	6.824922e+01	-1.58628e+02	
2167	2.615170e+03	6.815371e+01	-1.58693e+02	
2168	2.630268e+03	6.805816e+01	-1.58758e+02	
2169	2.645453e+03	6.796256e+01	-1.58821e+02	
2170	2.660725e+03	6.786693e+01	-1.58885e+02	
2171	2.676086e+03	6.777127e+01	-1.58947e+02	
2172	2.691535e+03	6.767556e+01	-1.59010e+02	
2173	2.707073e+03	6.757982e+01	-1.59071e+02	
2174	2.722701e+03	6.748404e+01	-1.59132e+02	
2175	2.738420e+03	6.738822e+01	-1.59192e+02	
2176	2.754229e+03	6.729237e+01	-1.59252e+02	
2177	2.770129e+03	6.719648e+01	-1.59311e+02	
2178	2.786121e+03	6.710056e+01	-1.59370e+02	
2179	2.802206e+03	6.700460e+01	-1.59428e+02	
2180	2.818383e+03	6.690861e+01	-1.59485e+02	
2181	2.834654e+03	6.681259e+01	-1.59542e+02	
2182	2.851018e+03	6.671653e+01	-1.59598e+02	
2183	2.867477e+03	6.662044e+01	-1.59654e+02	
2184	2.884032e+03	6.652432e+01	-1.59709e+02	
2185	2.900681e+03	6.642816e+01	-1.59764e+02	
2186	2.917427e+03	6.633197e+01	-1.59818e+02	
2187	2.934270e+03	6.623575e+01	-1.59871e+02	
2188	2.951209e+03	6.613951e+01	-1.59924e+02	
2189	2.968247e+03	6.604323e+01	-1.59976e+02	
2190	2.985383e+03	6.594692e+01	-1.60028e+02	
2191	3.002617e+03	6.585058e+01	-1.60079e+02	
2192	3.019952e+03	6.575421e+01	-1.60129e+02	
2193	3.037386e+03	6.565781e+01	-1.60179e+02	
2194	3.054921e+03	6.556139e+01	-1.60229e+02	
2195	3.072557e+03	6.546493e+01	-1.60277e+02	
2196	3.090295e+03	6.536845e+01	-1.60325e+02	
2197	3.108136e+03	6.527195e+01	-1.60373e+02	
2198	3.126079e+03	6.517541e+01	-1.60420e+02	
2199	3.144126e+03	6.507885e+01	-1.60467e+02	
2200	3.162278e+03	6.498226e+01	-1.60512e+02	

Index   frequency       tdb             tph             
--------------------------------------------------------------------------------
2201	3.180534e+03	6.488565e+01	-1.60558e+02	
2202	3.198895e+03	6.478901e+01	-1.60603e+02	
2203	3.217363e+03	6.469235e+01	-1.60647e+02	
2204	3.235937e+03	6.459567e+01	-1.60690e+02	
2205	3.254618e+03	6.449895e+01	-1.60733e+02	
2206	3.273407e+03	6.440222e+01	-1.60776e+02	
2207	3.292305e+03	6.430546e+01	-1.60818e+02	
2208	3.311311e+03	6.420868e+01	-1.60859e+02	
2209	3.330428e+03	6.411188e+01	-1.60900e+02	
2210	3.349654e+03	6.401505e+01	-1.60940e+02	
2211	3.368992e+03	6.391821e+01	-1.60980e+02	
2212	3.388442e+03	6.382134e+01	-1.61019e+02	
2213	3.408003e+03	6.372445e+01	-1.61057e+02	
2214	3.427678e+03	6.362754e+01	-1.61095e+02	
2215	3.447466e+03	6.353061e+01	-1.61133e+02	
2216	3.467369e+03	6.343365e+01	-1.61169e+02	
2217	3.487386e+03	6.333668e+01	-1.61206e+02	
2218	3.507519e+03	6.323969e+01	-1.61241e+02	
2219	3.527768e+03	6.314268e+01	-1.61276e+02	
2220	3.548134e+03	6.304566e+01	-1.61311e+02	
2221	3.568617e+03	6.294861e+01	-1.61345e+02	
2222	3.589219e+03	6.285155e+01	-1.61378e+02	
2223	3.609940e+03	6.275447e+01	-1.61411e+02	
2224	3.630781e+03	6.265737e+01	-1.61444e+02	
2225	3.651741e+03	6.256025e+01	-1.61475e+02	
2226	3.672823e+03	6.246312e+01	-1.61506e+02	
2227	3.694026e+03	6.236597e+01	-1.61537e+02	
2228	3.715352e+03	6.226881e+01	-1.61567e+02	
2229	3.736801e+03	6.217163e+01	-1.61597e+02	
2230	3.758374e+03	6.207443e+01	-1.61626e+02	
2231	3.780071e+03	6.197722e+01	-1.61654e+02	
2232	3.801894e+03	6.188000e+01	-1.61682e+02	
2233	3.823843e+03	6.178276e+01	-1.61709e+02	
2234	3.845918e+03	6.168551e+01	-1.61736e+02	
2235	3.868121e+03	6.158824e+01	-1.61762e+02	
2236	3.890451e+03	6.149097e+01	-1.61787e+02	
2237	3.912911e+03	6.139367e+01	-1.61813e+02	
2238	3.935501e+03	6.129637e+01	-1.61837e+02	
2239	3.958221e+03	6.119905e+01	-1.61861e+02	
2240	3.981072e+03	6.110173e+01	-1.61884e+02	
2241	4.004055e+03	6.100439e+01	-1.61907e+02	
2242	4.027170e+03	6.090703e+01	-1.61929e+02	
2243	4.050419e+03	6.080967e+01	-1.61951e+02	
2244	4.073803e+03	6.071230e+01	-1.61972e+02	
2245	4.097321e+03	6.061492e+01	-1.61993e+02	
2246	4.120975e+03	6.051752e+01	-1.62013e+02	
2247	4.144766e+03	6.042012e+01	-1.62032e+02	
2248	4.168694e+03	6.032271e+01	-1.62051e+02	
2249	4.192760e+03	6.022529e+01	-1.62070e+02	
2250	4.216965e+03	6.012786e+01	-1.62088e+02	
2251	4.241310e+03	6.003042e+01	-1.62105e+02	
2252	4.265795e+03	5.993297e+01	-1.62122e+02	
2253	4.290422e+03	5.983552e+01	-1.62138e+02	
2254	4.315191e+03	5.973806e+01	-1.62153e+02	
2255	4.340103e+03	5.964059e+01	-1.62169e+02	
2256	4.365158e+03	5.954312e+01	-1.62183e+02	
2257	4.390359e+03	5.944563e+01	-1.62197e+02	
2258	4.415704e+03	5.934815e+01	-1.62210e+02	

Index   frequency       tdb             tph             
--------------------------------------------------------------------------------
2259	4.441197e+03	5.925065e+01	-1.62223e+02	
2260	4.466836e+03	5.915315e+01	-1.62236e+02	
2261	4.492623e+03	5.905565e+01	-1.62247e+02	
2262	4.518559e+03	5.895814e+01	-1.62259e+02	
2263	4.544645e+03	5.886062e+01	-1.62269e+02	
2264	4.570882e+03	5.876310e+01	-1.62280e+02	
2265	4.597270e+03	5.866558e+01	-1.62289e+02	
2266	4.623810e+03	5.856805e+01	-1.62298e+02	
2267	4.650504e+03	5.847052e+01	-1.62307e+02	
2268	4.677351e+03	5.837299e+01	-1.62315e+02	
2269	4.704354e+03	5.827545e+01	-1.62322e+02	
2270	4.731513e+03	5.817792e+01	-1.62329e+02	
2271	4.758828e+03	5.808037e+01	-1.62335e+02	
2272	4.786301e+03	5.798283e+01	-1.62341e+02	
2273	4.813933e+03	5.788529e+01	-1.62346e+02	
2274	4.841724e+03	5.778774e+01	-1.62351e+02	
2275	4.869675e+03	5.769019e+01	-1.62355e+02	
2276	4.897788e+03	5.759265e+01	-1.62358e+02	
2277	4.926063e+03	5.749510e+01	-1.62361e+02	
2278	4.954502e+03	5.739755e+01	-1.62364e+02	
2279	4.983105e+03	5.730000e+01	-1.62366e+02	
2280	5.011872e+03	5.720246e+01	-1.62367e+02	
2281	5.040806e+03	5.710491e+01	-1.62368e+02	
2282	5.069907e+03	5.700736e+01	-1.62368e+02	
2283	5.099176e+03	5.690982e+01	-1.62368e+02	
2284	5.128614e+03	5.681228e+01	-1.62367e+02	
2285	5.158222e+03	5.671474e+01	-1.62366e+02	
2286	5.188000e+03	5.661720e+01	-1.62364e+02	
2287	5.217951e+03	5.651966e+01	-1.62361e+02	
2288	5.248075e+03	5.642213e+01	-1.62358e+02	
2289	5.278372e+03	5.632460e+01	-1.62355e+02	
2290	5.308844e+03	5.622708e+01	-1.62351e+02	
2291	5.339493e+03	5.612955e+01	-1.62346e+02	
2292	5.370318e+03	5.603204e+01	-1.62341e+02	
2293	5.401321e+03	5.593452e+01	-1.62335e+02	
2294	5.432503e+03	5.583701e+01	-1.62329e+02	
2295	5.463865e+03	5.573951e+01	-1.62322e+02	
2296	5.495409e+03	5.564201e+01	-1.62315e+02	
2297	5.527134e+03	5.554452e+01	-1.62307e+02	
2298	5.559043e+03	5.544703e+01	-1.62298e+02	
2299	5.591135e+03	5.534955e+01	-1.62289e+02	
2300	5.623413e+03	5.525208e+01	-1.62280e+02	
2301	5.655878e+03	5.515461e+01	-1.62270e+02	
2302	5.688529e+03	5.505715e+01	-1.62259e+02	
2303	5.721370e+03	5.495970e+01	-1.62248e+02	
2304	5.754399e+03	5.486226e+01	-1.62236e+02	
2305	5.787620e+03	5.476482e+01	-1.62224e+02	
2306	5.821032e+03	5.466740e+01	-1.62211e+02	
2307	5.854637e+03	5.456998e+01	-1.62197e+02	
2308	5.888437e+03	5.447257e+01	-1.62183e+02	
2309	5.922431e+03	5.437517e+01	-1.62169e+02	
2310	5.956621e+03	5.427778e+01	-1.62154e+02	
2311	5.991009e+03	5.418040e+01	-1.62138e+02	
2312	6.025596e+03	5.408303e+01	-1.62122e+02	
2313	6.060382e+03	5.398567e+01	-1.62105e+02	
2314	6.095369e+03	5.388832e+01	-1.62088e+02	
2315	6.130558e+03	5.379099e+01	-1.62070e+02	
2316	6.165950e+03	5.369366e+01	-1.62052e+02	

Index   frequency       tdb             tph             
--------------------------------------------------------------------------------
2317	6.201546e+03	5.359635e+01	-1.62033e+02	
2318	6.237348e+03	5.349905e+01	-1.62014e+02	
2319	6.273357e+03	5.340176e+01	-1.61994e+02	
2320	6.309573e+03	5.330449e+01	-1.61973e+02	
2321	6.345999e+03	5.320723e+01	-1.61952e+02	
2322	6.382635e+03	5.310998e+01	-1.61930e+02	
2323	6.419482e+03	5.301275e+01	-1.61908e+02	
2324	6.456542e+03	5.291553e+01	-1.61885e+02	
2325	6.493816e+03	5.281832e+01	-1.61862e+02	
2326	6.531306e+03	5.272113e+01	-1.61838e+02	
2327	6.569011e+03	5.262396e+01	-1.61814e+02	
2328	6.606934e+03	5.252680e+01	-1.61789e+02	
2329	6.645077e+03	5.242966e+01	-1.61763e+02	
2330	6.683439e+03	5.233254e+01	-1.61737e+02	
2331	6.722023e+03	5.223543e+01	-1.61710e+02	
2332	6.760830e+03	5.213834e+01	-1.61683e+02	
2333	6.799860e+03	5.204126e+01	-1.61655e+02	
2334	6.839116e+03	5.194420e+01	-1.61627e+02	
2335	6.878599e+03	5.184717e+01	-1.61598e+02	
2336	6.918310e+03	5.175015e+01	-1.61569e+02	
2337	6.958250e+03	5.165315e+01	-1.61539e+02	
2338	6.998420e+03	5.155616e+01	-1.61508e+02	
2339	7.038822e+03	5.145920e+01	-1.61477e+02	
2340	7.079458e+03	5.136226e+01	-1.61446e+02	
2341	7.120328e+03	5.126534e+01	-1.61413e+02	
2342	7.161434e+03	5.116844e+01	-1.61381e+02	
2343	7.202778e+03	5.107156e+01	-1.61347e+02	
2344	7.244360e+03	5.097470e+01	-1.61313e+02	
2345	7.286182e+03	5.087786e+01	-1.61279e+02	
2346	7.328245e+03	5.078105e+01	-1.61244e+02	
2347	7.370552e+03	5.068425e+01	-1.61208e+02	
2348	7.413102e+03	5.058748e+01	-1.61172e+02	
2349	7.455899e+03	5.049074e+01	-1.61136e+02	
2350	7.498942e+03	5.039402e+01	-1.61098e+02	
2351	7.542234e+03	5.029732e+01	-1.61061e+02	
2352	7.585776e+03	5.020064e+01	-1.61022e+02	
2353	7.629569e+03	5.010399e+01	-1.60983e+02	
2354	7.673615e+03	5.000737e+01	-1.60944e+02	
2355	7.717915e+03	4.991077e+01	-1.60904e+02	
2356	7.762471e+03	4.981420e+01	-1.60863e+02	
2357	7.807284e+03	4.971765e+01	-1.60822e+02	
2358	7.852356e+03	4.962114e+01	-1.60780e+02	
2359	7.897688e+03	4.952464e+01	-1.60738e+02	
2360	7.943282e+03	4.942818e+01	-1.60695e+02	
2361	7.989139e+03	4.933174e+01	-1.60652e+02	
2362	8.035261e+03	4.923534e+01	-1.60608e+02	
2363	8.081649e+03	4.913896e+01	-1.60563e+02	
2364	8.128305e+03	4.904261e+01	-1.60518e+02	
2365	8.175230e+03	4.894629e+01	-1.60472e+02	
2366	8.222426e+03	4.885000e+01	-1.60426e+02	
2367	8.269895e+03	4.875374e+01	-1.60379e+02	
2368	8.317638e+03	4.865751e+01	-1.60332e+02	
2369	8.365656e+03	4.856131e+01	-1.60284e+02	
2370	8.413951e+03	4.846515e+01	-1.60235e+02	
2371	8.462526e+03	4.836901e+01	-1.60186e+02	
2372	8.511380e+03	4.827291e+01	-1.60137e+02	
2373	8.560517e+03	4.817685e+01	-1.60086e+02	
2374	8.609938e+03	4.808081e+01	-1.60036e+02	

Index   frequency       tdb             tph             
--------------------------------------------------------------------------------
2375	8.659643e+03	4.798481e+01	-1.59984e+02	
2376	8.709636e+03	4.788885e+01	-1.59932e+02	
2377	8.759917e+03	4.779292e+01	-1.59880e+02	
2378	8.810489e+03	4.769702e+01	-1.59827e+02	
2379	8.861352e+03	4.760116e+01	-1.59773e+02	
2380	8.912509e+03	4.750534e+01	-1.59719e+02	
2381	8.963962e+03	4.740955e+01	-1.59664e+02	
2382	9.015711e+03	4.731380e+01	-1.59609e+02	
2383	9.067760e+03	4.721809e+01	-1.59553e+02	
2384	9.120108e+03	4.712242e+01	-1.59496e+02	
2385	9.172759e+03	4.702678e+01	-1.59439e+02	
2386	9.225714e+03	4.693119e+01	-1.59381e+02	
2387	9.278975e+03	4.683563e+01	-1.59323e+02	
2388	9.332543e+03	4.674011e+01	-1.59264e+02	
2389	9.386420e+03	4.664464e+01	-1.59205e+02	
2390	9.440609e+03	4.654920e+01	-1.59145e+02	
2391	9.495110e+03	4.645381e+01	-1.59085e+02	
2392	9.549926e+03	4.635846e+01	-1.59024e+02	
2393	9.605058e+03	4.626315e+01	-1.58962e+02	
2394	9.660509e+03	4.616788e+01	-1.58900e+02	
2395	9.716280e+03	4.607266e+01	-1.58837e+02	
2396	9.772372e+03	4.597748e+01	-1.58773e+02	
2397	9.828789e+03	4.588235e+01	-1.58709e+02	
2398	9.885531e+03	4.578726e+01	-1.58645e+02	
2399	9.942601e+03	4.569222e+01	-1.58580e+02	
2400	1.000000e+04	4.559722e+01	-1.58514e+02	
2401	1.005773e+04	4.550227e+01	-1.58448e+02	
2402	1.011579e+04	4.540736e+01	-1.58381e+02	
2403	1.017419e+04	4.531251e+01	-1.58313e+02	
2404	1.023293e+04	4.521770e+01	-1.58245e+02	
2405	1.029201e+04	4.512294e+01	-1.58177e+02	
2406	1.035142e+04	4.502823e+01	-1.58108e+02	
2407	1.041118e+04	4.493357e+01	-1.58038e+02	
2408	1.047129e+04	4.483896e+01	-1.57968e+02	
2409	1.053174e+04	4.474440e+01	-1.57897e+02	
2410	1.059254e+04	4.464989e+01	-1.57825e+02	
2411	1.065369e+04	4.455543e+01	-1.57753e+02	
2412	1.071519e+04	4.446103e+01	-1.57681e+02	
2413	1.077705e+04	4.436668e+01	-1.57607e+02	
2414	1.083927e+04	4.427238e+01	-1.57534e+02	
2415	1.090184e+04	4.417814e+01	-1.57459e+02	
2416	1.096478e+04	4.408395e+01	-1.57384e+02	
2417	1.102808e+04	4.398982e+01	-1.57309e+02	
2418	1.109175e+04	4.389574e+01	-1.57233e+02	
2419	1.115578e+04	4.380172e+01	-1.57156e+02	
2420	1.122018e+04	4.370776e+01	-1.57079e+02	
2421	1.128496e+04	4.361385e+01	-1.57001e+02	
2422	1.135011e+04	4.352000e+01	-1.56923e+02	
2423	1.141563e+04	4.342622e+01	-1.56844e+02	
2424	1.148154e+04	4.333249e+01	-1.56764e+02	
2425	1.154782e+04	4.323882e+01	-1.56684e+02	
2426	1.161449e+04	4.314521e+01	-1.56603e+02	
2427	1.168154e+04	4.305166e+01	-1.56522e+02	
2428	1.174898e+04	4.295818e+01	-1.56440e+02	
2429	1.181680e+04	4.286476e+01	-1.56358e+02	
2430	1.188502e+04	4.277140e+01	-1.56275e+02	
2431	1.195364e+04	4.267810e+01	-1.56191e+02	
2432	1.202264e+04	4.258487e+01	-1.56107e+02	

Index   frequency       tdb             tph             
--------------------------------------------------------------------------------
2433	1.209205e+04	4.249170e+01	-1.56023e+02	
2434	1.216186e+04	4.239860e+01	-1.55937e+02	
2435	1.223207e+04	4.230557e+01	-1.55851e+02	
2436	1.230269e+04	4.221260e+01	-1.55765e+02	
2437	1.237371e+04	4.211970e+01	-1.55678e+02	
2438	1.244515e+04	4.202687e+01	-1.55591e+02	
2439	1.251699e+04	4.193411e+01	-1.55502e+02	
2440	1.258925e+04	4.184141e+01	-1.55414e+02	
2441	1.266193e+04	4.174879e+01	-1.55325e+02	
2442	1.273503e+04	4.165624e+01	-1.55235e+02	
2443	1.280855e+04	4.156376e+01	-1.55144e+02	
2444	1.288250e+04	4.147135e+01	-1.55053e+02	
2445	1.295687e+04	4.137901e+01	-1.54962e+02	
2446	1.303167e+04	4.128675e+01	-1.54870e+02	
2447	1.310690e+04	4.119456e+01	-1.54777e+02	
2448	1.318257e+04	4.110245e+01	-1.54684e+02	
2449	1.325867e+04	4.101041e+01	-1.54590e+02	
2450	1.333521e+04	4.091845e+01	-1.54496e+02	
2451	1.341220e+04	4.082656e+01	-1.54401e+02	
2452	1.348963e+04	4.073475e+01	-1.54306e+02	
2453	1.356751e+04	4.064302e+01	-1.54210e+02	
2454	1.364583e+04	4.055137e+01	-1.54113e+02	
2455	1.372461e+04	4.045980e+01	-1.54016e+02	
2456	1.380384e+04	4.036831e+01	-1.53918e+02	
2457	1.388353e+04	4.027690e+01	-1.53820e+02	
2458	1.396368e+04	4.018557e+01	-1.53721e+02	
2459	1.404430e+04	4.009433e+01	-1.53622e+02	
2460	1.412538e+04	4.000316e+01	-1.53522e+02	
2461	1.420692e+04	3.991208e+01	-1.53422e+02	
2462	1.428894e+04	3.982109e+01	-1.53321e+02	
2463	1.437143e+04	3.973018e+01	-1.53219e+02	
2464	1.445440e+04	3.963936e+01	-1.53117e+02	
2465	1.453784e+04	3.954862e+01	-1.53015e+02	
2466	1.462177e+04	3.945797e+01	-1.52911e+02	
2467	1.470618e+04	3.936741e+01	-1.52808e+02	
2468	1.479108e+04	3.927694e+01	-1.52704e+02	
2469	1.487647e+04	3.918656e+01	-1.52599e+02	
2470	1.496236e+04	3.909626e+01	-1.52494e+02	
2471	1.504874e+04	3.900606e+01	-1.52388e+02	
2472	1.513561e+04	3.891595e+01	-1.52282e+02	
2473	1.522299e+04	3.882594e+01	-1.52175e+02	
2474	1.531087e+04	3.873601e+01	-1.52067e+02	
2475	1.539927e+04	3.864618e+01	-1.51959e+02	
2476	1.548817e+04	3.855645e+01	-1.51851e+02	
2477	1.557758e+04	3.846681e+01	-1.51742e+02	
2478	1.566751e+04	3.837726e+01	-1.51633e+02	
2479	1.575796e+04	3.828782e+01	-1.51523e+02	
2480	1.584893e+04	3.819847e+01	-1.51412e+02	
2481	1.594043e+04	3.810922e+01	-1.51301e+02	
2482	1.603245e+04	3.802006e+01	-1.51190e+02	
2483	1.612501e+04	3.793101e+01	-1.51078e+02	
2484	1.621810e+04	3.784206e+01	-1.50965e+02	
2485	1.631173e+04	3.775321e+01	-1.50852e+02	
2486	1.640590e+04	3.766446e+01	-1.50739e+02	
2487	1.650061e+04	3.757582e+01	-1.50625e+02	
2488	1.659587e+04	3.748728e+01	-1.50510e+02	
2489	1.669168e+04	3.739884e+01	-1.50395e+02	
2490	1.678804e+04	3.731051e+01	-1.50280e+02	

Index   frequency       tdb             tph             
--------------------------------------------------------------------------------
2491	1.688496e+04	3.722228e+01	-1.50164e+02	
2492	1.698244e+04	3.713416e+01	-1.50047e+02	
2493	1.708048e+04	3.704615e+01	-1.49931e+02	
2494	1.717908e+04	3.695825e+01	-1.49813e+02	
2495	1.727826e+04	3.687045e+01	-1.49695e+02	
2496	1.737801e+04	3.678277e+01	-1.49577e+02	
2497	1.747833e+04	3.669519e+01	-1.49458e+02	
2498	1.757924e+04	3.660773e+01	-1.49339e+02	
2499	1.768072e+04	3.652038e+01	-1.49219e+02	
2500	1.778279e+04	3.643314e+01	-1.49099e+02	
2501	1.788546e+04	3.634601e+01	-1.48978e+02	
2502	1.798871e+04	3.625900e+01	-1.48857e+02	
2503	1.809256e+04	3.617210e+01	-1.48736e+02	
2504	1.819701e+04	3.608532e+01	-1.48614e+02	
2505	1.830206e+04	3.599866e+01	-1.48491e+02	
2506	1.840772e+04	3.591211e+01	-1.48369e+02	
2507	1.851399e+04	3.582568e+01	-1.48245e+02	
2508	1.862087e+04	3.573937e+01	-1.48122e+02	
2509	1.872837e+04	3.565317e+01	-1.47998e+02	
2510	1.883649e+04	3.556710e+01	-1.47873e+02	
2511	1.894524e+04	3.548115e+01	-1.47748e+02	
2512	1.905461e+04	3.539532e+01	-1.47623e+02	
2513	1.916461e+04	3.530961e+01	-1.47497e+02	
2514	1.927525e+04	3.522403e+01	-1.47371e+02	
2515	1.938653e+04	3.513856e+01	-1.47244e+02	
2516	1.949845e+04	3.505323e+01	-1.47117e+02	
2517	1.961101e+04	3.496801e+01	-1.46990e+02	
2518	1.972423e+04	3.488293e+01	-1.46862e+02	
2519	1.983810e+04	3.479797e+01	-1.46734e+02	
2520	1.995262e+04	3.471313e+01	-1.46605e+02	
2521	2.006781e+04	3.462843e+01	-1.46477e+02	
2522	2.018366e+04	3.454385e+01	-1.46347e+02	
2523	2.030019e+04	3.445940e+01	-1.46218e+02	
2524	2.041738e+04	3.437509e+01	-1.46088e+02	
2525	2.053525e+04	3.429090e+01	-1.45957e+02	
2526	2.065380e+04	3.420684e+01	-1.45827e+02	
2527	2.077304e+04	3.412292e+01	-1.45696e+02	
2528	2.089296e+04	3.403913e+01	-1.45564e+02	
2529	2.101358e+04	3.395547e+01	-1.45433e+02	
2530	2.113489e+04	3.387195e+01	-1.45301e+02	
2531	2.125690e+04	3.378856e+01	-1.45168e+02	
2532	2.137962e+04	3.370530e+01	-1.45036e+02	
2533	2.150305e+04	3.362219e+01	-1.44903e+02	
2534	2.162719e+04	3.353921e+01	-1.44769e+02	
2535	2.175204e+04	3.345636e+01	-1.44636e+02	
2536	2.187762e+04	3.337365e+01	-1.44502e+02	
2537	2.200392e+04	3.329109e+01	-1.44368e+02	
2538	2.213095e+04	3.320866e+01	-1.44233e+02	
2539	2.225871e+04	3.312637e+01	-1.44098e+02	
2540	2.238721e+04	3.304422e+01	-1.43963e+02	
2541	2.251645e+04	3.296221e+01	-1.43828e+02	
2542	2.264644e+04	3.288034e+01	-1.43693e+02	
2543	2.277718e+04	3.279862e+01	-1.43557e+02	
2544	2.290868e+04	3.271704e+01	-1.43421e+02	
2545	2.304093e+04	3.263560e+01	-1.43284e+02	
2546	2.317395e+04	3.255430e+01	-1.43148e+02	
2547	2.330773e+04	3.247315e+01	-1.43011e+02	
2548	2.344229e+04	3.239215e+01	-1.42874e+02	

Index   frequency       tdb             tph             
--------------------------------------------------------------------------------
2549	2.357762e+04	3.231129e+01	-1.42737e+02	
2550	2.371374e+04	3.223057e+01	-1.42599e+02	
2551	2.385064e+04	3.215000e+01	-1.42462e+02	
2552	2.398833e+04	3.206958e+01	-1.42324e+02	
2553	2.412682e+04	3.198931e+01	-1.42186e+02	
2554	2.426610e+04	3.190918e+01	-1.42048e+02	
2555	2.440619e+04	3.182921e+01	-1.41909e+02	
2556	2.454709e+04	3.174938e+01	-1.41771e+02	
2557	2.468880e+04	3.166970e+01	-1.41632e+02	
2558	2.483133e+04	3.159017e+01	-1.41493e+02	
2559	2.497468e+04	3.151079e+01	-1.41354e+02	
2560	2.511886e+04	3.143156e+01	-1.41215e+02	
2561	2.526388e+04	3.135248e+01	-1.41075e+02	
2562	2.540973e+04	3.127356e+01	-1.40936e+02	
2563	2.555642e+04	3.119478e+01	-1.40796e+02	
2564	2.570396e+04	3.111616e+01	-1.40657e+02	
2565	2.585235e+04	3.103770e+01	-1.40517e+02	
2566	2.600160e+04	3.095938e+01	-1.40377e+02	
2567	2.615170e+04	3.088122e+01	-1.40237e+02	
2568	2.630268e+04	3.080321e+01	-1.40097e+02	
2569	2.645453e+04	3.072536e+01	-1.39957e+02	
2570	2.660725e+04	3.064766e+01	-1.39816e+02	
2571	2.676086e+04	3.057012e+01	-1.39676e+02	
2572	2.691535e+04	3.049273e+01	-1.39535e+02	
2573	2.707073e+04	3.041549e+01	-1.39395e+02	
2574	2.722701e+04	3.033842e+01	-1.39255e+02	
2575	2.738420e+04	3.026150e+01	-1.39114e+02	
2576	2.754229e+04	3.018473e+01	-1.38973e+02	
2577	2.770129e+04	3.010812e+01	-1.38833e+02	
2578	2.786121e+04	3.003167e+01	-1.38692e+02	
2579	2.802206e+04	2.995538e+01	-1.38552e+02	
2580	2.818383e+04	2.987924e+01	-1.38411e+02	
2581	2.834654e+04	2.980326e+01	-1.38270e+02	
2582	2.851018e+04	2.972744e+01	-1.38130e+02	
2583	2.867477e+04	2.965178e+01	-1.37989e+02	
2584	2.884032e+04	2.957628e+01	-1.37849e+02	
2585	2.900681e+04	2.950093e+01	-1.37708e+02	
2586	2.917427e+04	2.942574e+01	-1.37568e+02	
2587	2.934270e+04	2.935071e+01	-1.37427e+02	
2588	2.951209e+04	2.927584e+01	-1.37287e+02	
2589	2.968247e+04	2.920113e+01	-1.37147e+02	
2590	2.985383e+04	2.912658e+01	-1.37007e+02	
2591	3.002617e+04	2.905218e+01	-1.36866e+02	
2592	3.019952e+04	2.897795e+01	-1.36726e+02	
2593	3.037386e+04	2.890387e+01	-1.36587e+02	
2594	3.054921e+04	2.882996e+01	-1.36447e+02	
2595	3.072557e+04	2.875620e+01	-1.36307e+02	
2596	3.090295e+04	2.868260e+01	-1.36168e+02	
2597	3.108136e+04	2.860916e+01	-1.36028e+02	
2598	3.126079e+04	2.853588e+01	-1.35889e+02	
2599	3.144126e+04	2.846276e+01	-1.35750e+02	
2600	3.162278e+04	2.838980e+01	-1.35611e+02	
2601	3.180534e+04	2.831700e+01	-1.35472e+02	
2602	3.198895e+04	2.824435e+01	-1.35334e+02	
2603	3.217363e+04	2.817187e+01	-1.35195e+02	
2604	3.235937e+04	2.809955e+01	-1.35057e+02	
2605	3.254618e+04	2.802738e+01	-1.34919e+02	
2606	3.273407e+04	2.795537e+01	-1.34781e+02	

Index   frequency       tdb             tph             
--------------------------------------------------------------------------------
2607	3.292305e+04	2.788352e+01	-1.34644e+02	
2608	3.311311e+04	2.781183e+01	-1.34506e+02	
2609	3.330428e+04	2.774030e+01	-1.34369e+02	
2610	3.349654e+04	2.766893e+01	-1.34232e+02	
2611	3.368992e+04	2.759771e+01	-1.34096e+02	
2612	3.388442e+04	2.752665e+01	-1.33959e+02	
2613	3.408003e+04	2.745575e+01	-1.33823e+02	
2614	3.427678e+04	2.738501e+01	-1.33687e+02	
2615	3.447466e+04	2.731442e+01	-1.33552e+02	
2616	3.467369e+04	2.724399e+01	-1.33417e+02	
2617	3.487386e+04	2.717372e+01	-1.33282e+02	
2618	3.507519e+04	2.710360e+01	-1.33147e+02	
2619	3.527768e+04	2.703364e+01	-1.33013e+02	
2620	3.548134e+04	2.696383e+01	-1.32879e+02	
2621	3.568617e+04	2.689418e+01	-1.32745e+02	
2622	3.589219e+04	2.682468e+01	-1.32612e+02	
2623	3.609940e+04	2.675534e+01	-1.32479e+02	
2624	3.630781e+04	2.668616e+01	-1.32346e+02	
2625	3.651741e+04	2.661712e+01	-1.32214e+02	
2626	3.672823e+04	2.654824e+01	-1.32082e+02	
2627	3.694026e+04	2.647952e+01	-1.31950e+02	
2628	3.715352e+04	2.641095e+01	-1.31819e+02	
2629	3.736801e+04	2.634252e+01	-1.31689e+02	
2630	3.758374e+04	2.627425e+01	-1.31558e+02	
2631	3.780071e+04	2.620614e+01	-1.31428e+02	
2632	3.801894e+04	2.613817e+01	-1.31299e+02	
2633	3.823843e+04	2.607035e+01	-1.31170e+02	
2634	3.845918e+04	2.600269e+01	-1.31041e+02	
2635	3.868121e+04	2.593517e+01	-1.30913e+02	
2636	3.890451e+04	2.586780e+01	-1.30785e+02	
2637	3.912911e+04	2.580058e+01	-1.30658e+02	
2638	3.935501e+04	2.573351e+01	-1.30531e+02	
2639	3.958221e+04	2.566658e+01	-1.30405e+02	
2640	3.981072e+04	2.559981e+01	-1.30279e+02	
2641	4.004055e+04	2.553317e+01	-1.30154e+02	
2642	4.027170e+04	2.546669e+01	-1.30029e+02	
2643	4.050419e+04	2.540035e+01	-1.29904e+02	
2644	4.073803e+04	2.533415e+01	-1.29781e+02	
2645	4.097321e+04	2.526810e+01	-1.29657e+02	
2646	4.120975e+04	2.520219e+01	-1.29534e+02	
2647	4.144766e+04	2.513642e+01	-1.29412e+02	
2648	4.168694e+04	2.507079e+01	-1.29290e+02	
2649	4.192760e+04	2.500531e+01	-1.29169e+02	
2650	4.216965e+04	2.493997e+01	-1.29049e+02	
2651	4.241310e+04	2.487476e+01	-1.28928e+02	
2652	4.265795e+04	2.480970e+01	-1.28809e+02	
2653	4.290422e+04	2.474477e+01	-1.28690e+02	
2654	4.315191e+04	2.467998e+01	-1.28572e+02	
2655	4.340103e+04	2.461533e+01	-1.28454e+02	
2656	4.365158e+04	2.455082e+01	-1.28337e+02	
2657	4.390359e+04	2.448644e+01	-1.28220e+02	
2658	4.415704e+04	2.442219e+01	-1.28104e+02	
2659	4.441197e+04	2.435808e+01	-1.27989e+02	
2660	4.466836e+04	2.429411e+01	-1.27874e+02	
2661	4.492623e+04	2.423026e+01	-1.27760e+02	
2662	4.518559e+04	2.416655e+01	-1.27646e+02	
2663	4.544645e+04	2.410297e+01	-1.27533e+02	
2664	4.570882e+04	2.403951e+01	-1.27421e+02	

Index   frequency       tdb             tph             
--------------------------------------------------------------------------------
2665	4.597270e+04	2.397619e+01	-1.27309e+02	
2666	4.623810e+04	2.391300e+01	-1.27199e+02	
2667	4.650504e+04	2.384993e+01	-1.27088e+02	
2668	4.677351e+04	2.378699e+01	-1.26979e+02	
2669	4.704354e+04	2.372418e+01	-1.26870e+02	
2670	4.731513e+04	2.366149e+01	-1.26762e+02	
2671	4.758828e+04	2.359893e+01	-1.26654e+02	
2672	4.786301e+04	2.353649e+01	-1.26547e+02	
2673	4.813933e+04	2.347417e+01	-1.26441e+02	
2674	4.841724e+04	2.341197e+01	-1.26335e+02	
2675	4.869675e+04	2.334990e+01	-1.26231e+02	
2676	4.897788e+04	2.328795e+01	-1.26127e+02	
2677	4.926063e+04	2.322611e+01	-1.26023e+02	
2678	4.954502e+04	2.316439e+01	-1.25921e+02	
2679	4.983105e+04	2.310279e+01	-1.25819e+02	
2680	5.011872e+04	2.304131e+01	-1.25718e+02	
2681	5.040806e+04	2.297994e+01	-1.25617e+02	
2682	5.069907e+04	2.291869e+01	-1.25518e+02	
2683	5.099176e+04	2.285755e+01	-1.25419e+02	
2684	5.128614e+04	2.279652e+01	-1.25321e+02	
2685	5.158222e+04	2.273561e+01	-1.25223e+02	
2686	5.188000e+04	2.267480e+01	-1.25126e+02	
2687	5.217951e+04	2.261411e+01	-1.25031e+02	
2688	5.248075e+04	2.255353e+01	-1.24935e+02	
2689	5.278372e+04	2.249305e+01	-1.24841e+02	
2690	5.308844e+04	2.243268e+01	-1.24748e+02	
2691	5.339493e+04	2.237242e+01	-1.24655e+02	
2692	5.370318e+04	2.231226e+01	-1.24563e+02	
2693	5.401321e+04	2.225221e+01	-1.24472e+02	
2694	5.432503e+04	2.219226e+01	-1.24381e+02	
2695	5.463865e+04	2.213241e+01	-1.24292e+02	
2696	5.495409e+04	2.207266e+01	-1.24203e+02	
2697	5.527134e+04	2.201302e+01	-1.24115e+02	
2698	5.559043e+04	2.195347e+01	-1.24028e+02	
2699	5.591135e+04	2.189403e+01	-1.23941e+02	
2700	5.623413e+04	2.183468e+01	-1.23856e+02	
2701	5.655878e+04	2.177543e+01	-1.23771e+02	
2702	5.688529e+04	2.171627e+01	-1.23687e+02	
2703	5.721370e+04	2.165721e+01	-1.23604e+02	
2704	5.754399e+04	2.159824e+01	-1.23522e+02	
2705	5.787620e+04	2.153937e+01	-1.23441e+02	
2706	5.821032e+04	2.148058e+01	-1.23360e+02	
2707	5.854637e+04	2.142189e+01	-1.23280e+02	
2708	5.888437e+04	2.136329e+01	-1.23202e+02	
2709	5.922431e+04	2.130478e+01	-1.23124e+02	
2710	5.956621e+04	2.124635e+01	-1.23046e+02	
2711	5.991009e+04	2.118801e+01	-1.22970e+02	
2712	6.025596e+04	2.112976e+01	-1.22895e+02	
2713	6.060382e+04	2.107159e+01	-1.22820e+02	
2714	6.095369e+04	2.101351e+01	-1.22747e+02	
2715	6.130558e+04	2.095551e+01	-1.22674e+02	
2716	6.165950e+04	2.089760e+01	-1.22602e+02	
2717	6.201546e+04	2.083976e+01	-1.22531e+02	
2718	6.237348e+04	2.078201e+01	-1.22460e+02	
2719	6.273357e+04	2.072433e+01	-1.22391e+02	
2720	6.309573e+04	2.066673e+01	-1.22323e+02	
2721	6.345999e+04	2.060921e+01	-1.22255e+02	
2722	6.382635e+04	2.055177e+01	-1.22188e+02	

Index   frequency       tdb             tph             
--------------------------------------------------------------------------------
2723	6.419482e+04	2.049440e+01	-1.22123e+02	
2724	6.456542e+04	2.043711e+01	-1.22058e+02	
2725	6.493816e+04	2.037989e+01	-1.21994e+02	
2726	6.531306e+04	2.032274e+01	-1.21931e+02	
2727	6.569011e+04	2.026567e+01	-1.21868e+02	
2728	6.606934e+04	2.020867e+01	-1.21807e+02	
2729	6.645077e+04	2.015173e+01	-1.21747e+02	
2730	6.683439e+04	2.009487e+01	-1.21687e+02	
2731	6.722023e+04	2.003807e+01	-1.21629e+02	
2732	6.760830e+04	1.998134e+01	-1.21571e+02	
2733	6.799860e+04	1.992468e+01	-1.21514e+02	
2734	6.839116e+04	1.986808e+01	-1.21458e+02	
2735	6.878599e+04	1.981155e+01	-1.21403e+02	
2736	6.918310e+04	1.975507e+01	-1.21349e+02	
2737	6.958250e+04	1.969867e+01	-1.21296e+02	
2738	6.998420e+04	1.964232e+01	-1.21244e+02	
2739	7.038822e+04	1.958604e+01	-1.21192e+02	
2740	7.079458e+04	1.952981e+01	-1.21142e+02	
2741	7.120328e+04	1.947364e+01	-1.21093e+02	
2742	7.161434e+04	1.941754e+01	-1.21044e+02	
2743	7.202778e+04	1.936148e+01	-1.20996e+02	
2744	7.244360e+04	1.930549e+01	-1.20950e+02	
2745	7.286182e+04	1.924955e+01	-1.20904e+02	
2746	7.328245e+04	1.919366e+01	-1.20859e+02	
2747	7.370552e+04	1.913783e+01	-1.20815e+02	
2748	7.413102e+04	1.908205e+01	-1.20772e+02	
2749	7.455899e+04	1.902633e+01	-1.20730e+02	
2750	7.498942e+04	1.897065e+01	-1.20689e+02	
2751	7.542234e+04	1.891503e+01	-1.20649e+02	
2752	7.585776e+04	1.885945e+01	-1.20610e+02	
2753	7.629569e+04	1.880392e+01	-1.20571e+02	
2754	7.673615e+04	1.874844e+01	-1.20534e+02	
2755	7.717915e+04	1.869301e+01	-1.20498e+02	
2756	7.762471e+04	1.863762e+01	-1.20462e+02	
2757	7.807284e+04	1.858228e+01	-1.20427e+02	
2758	7.852356e+04	1.852698e+01	-1.20394e+02	
2759	7.897688e+04	1.847172e+01	-1.20361e+02	
2760	7.943282e+04	1.841651e+01	-1.20329e+02	
2761	7.989139e+04	1.836134e+01	-1.20299e+02	
2762	8.035261e+04	1.830621e+01	-1.20269e+02	
2763	8.081649e+04	1.825112e+01	-1.20240e+02	
2764	8.128305e+04	1.819607e+01	-1.20212e+02	
2765	8.175230e+04	1.814106e+01	-1.20185e+02	
2766	8.222426e+04	1.808608e+01	-1.20159e+02	
2767	8.269895e+04	1.803115e+01	-1.20134e+02	
2768	8.317638e+04	1.797625e+01	-1.20109e+02	
2769	8.365656e+04	1.792138e+01	-1.20086e+02	
2770	8.413951e+04	1.786655e+01	-1.20064e+02	
2771	8.462526e+04	1.781175e+01	-1.20043e+02	
2772	8.511380e+04	1.775699e+01	-1.20022e+02	
2773	8.560517e+04	1.770226e+01	-1.20003e+02	
2774	8.609938e+04	1.764755e+01	-1.19984e+02	
2775	8.659643e+04	1.759288e+01	-1.19967e+02	
2776	8.709636e+04	1.753824e+01	-1.19950e+02	
2777	8.759917e+04	1.748363e+01	-1.19935e+02	
2778	8.810489e+04	1.742905e+01	-1.19920e+02	
2779	8.861352e+04	1.737450e+01	-1.19906e+02	
2780	8.912509e+04	1.731997e+01	-1.19893e+02	

Index   frequency       tdb             tph             
--------------------------------------------------------------------------------
2781	8.963962e+04	1.726547e+01	-1.19882e+02	
2782	9.015711e+04	1.721099e+01	-1.19871e+02	
2783	9.067760e+04	1.715654e+01	-1.19861e+02	
2784	9.120108e+04	1.710211e+01	-1.19852e+02	
2785	9.172759e+04	1.704771e+01	-1.19844e+02	
2786	9.225714e+04	1.699333e+01	-1.19837e+02	
2787	9.278975e+04	1.693897e+01	-1.19831e+02	
2788	9.332543e+04	1.688463e+01	-1.19826e+02	
2789	9.386420e+04	1.683031e+01	-1.19822e+02	
2790	9.440609e+04	1.677602e+01	-1.19818e+02	
2791	9.495110e+04	1.672174e+01	-1.19816e+02	
2792	9.549926e+04	1.666748e+01	-1.19815e+02	
2793	9.605058e+04	1.661323e+01	-1.19814e+02	
2794	9.660509e+04	1.655901e+01	-1.19815e+02	
2795	9.716280e+04	1.650480e+01	-1.19817e+02	
2796	9.772372e+04	1.645060e+01	-1.19819e+02	
2797	9.828789e+04	1.639642e+01	-1.19823e+02	
2798	9.885531e+04	1.634226e+01	-1.19827e+02	
2799	9.942601e+04	1.628811e+01	-1.19833e+02	
2800	1.000000e+05	1.623397e+01	-1.19839e+02	
2801	1.005773e+05	1.617984e+01	-1.19846e+02	
2802	1.011579e+05	1.612573e+01	-1.19855e+02	
2803	1.017419e+05	1.607163e+01	-1.19864e+02	
2804	1.023293e+05	1.601753e+01	-1.19874e+02	
2805	1.029201e+05	1.596345e+01	-1.19886e+02	
2806	1.035142e+05	1.590937e+01	-1.19898e+02	
2807	1.041118e+05	1.585531e+01	-1.19911e+02	
2808	1.047129e+05	1.580125e+01	-1.19925e+02	
2809	1.053174e+05	1.574720e+01	-1.19940e+02	
2810	1.059254e+05	1.569315e+01	-1.19956e+02	
2811	1.065369e+05	1.563911e+01	-1.19973e+02	
2812	1.071519e+05	1.558508e+01	-1.19991e+02	
2813	1.077705e+05	1.553105e+01	-1.20010e+02	
2814	1.083927e+05	1.547702e+01	-1.20030e+02	
2815	1.090184e+05	1.542300e+01	-1.20051e+02	
2816	1.096478e+05	1.536898e+01	-1.20073e+02	
2817	1.102808e+05	1.531496e+01	-1.20096e+02	
2818	1.109175e+05	1.526094e+01	-1.20119e+02	
2819	1.115578e+05	1.520693e+01	-1.20144e+02	
2820	1.122018e+05	1.515291e+01	-1.20170e+02	
2821	1.128496e+05	1.509889e+01	-1.20196e+02	
2822	1.135011e+05	1.504487e+01	-1.20224e+02	
2823	1.141563e+05	1.499085e+01	-1.20253e+02	
2824	1.148154e+05	1.493683e+01	-1.20282e+02	
2825	1.154782e+05	1.488281e+01	-1.20313e+02	
2826	1.161449e+05	1.482878e+01	-1.20344e+02	
2827	1.168154e+05	1.477475e+01	-1.20377e+02	
2828	1.174898e+05	1.472071e+01	-1.20410e+02	
2829	1.181680e+05	1.466667e+01	-1.20445e+02	
2830	1.188502e+05	1.461262e+01	-1.20480e+02	
2831	1.195364e+05	1.455856e+01	-1.20517e+02	
2832	1.202264e+05	1.450450e+01	-1.20554e+02	
2833	1.209205e+05	1.445043e+01	-1.20593e+02	
2834	1.216186e+05	1.439635e+01	-1.20632e+02	
2835	1.223207e+05	1.434226e+01	-1.20672e+02	
2836	1.230269e+05	1.428816e+01	-1.20714e+02	
2837	1.237371e+05	1.423406e+01	-1.20756e+02	
2838	1.244515e+05	1.417994e+01	-1.20799e+02	

Index   frequency       tdb             tph             
--------------------------------------------------------------------------------
2839	1.251699e+05	1.412581e+01	-1.20843e+02	
2840	1.258925e+05	1.407167e+01	-1.20889e+02	
2841	1.266193e+05	1.401751e+01	-1.20935e+02	
2842	1.273503e+05	1.396335e+01	-1.20982e+02	
2843	1.280855e+05	1.390917e+01	-1.21030e+02	
2844	1.288250e+05	1.385497e+01	-1.21079e+02	
2845	1.295687e+05	1.380076e+01	-1.21129e+02	
2846	1.303167e+05	1.374654e+01	-1.21180e+02	
2847	1.310690e+05	1.369229e+01	-1.21233e+02	
2848	1.318257e+05	1.363804e+01	-1.21286e+02	
2849	1.325867e+05	1.358376e+01	-1.21340e+02	
2850	1.333521e+05	1.352947e+01	-1.21395e+02	
2851	1.341220e+05	1.347516e+01	-1.21451e+02	
2852	1.348963e+05	1.342083e+01	-1.21508e+02	
2853	1.356751e+05	1.336648e+01	-1.21566e+02	
2854	1.364583e+05	1.331211e+01	-1.21625e+02	
2855	1.372461e+05	1.325771e+01	-1.21685e+02	
2856	1.380384e+05	1.320330e+01	-1.21746e+02	
2857	1.388353e+05	1.314887e+01	-1.21808e+02	
2858	1.396368e+05	1.309441e+01	-1.21871e+02	
2859	1.404430e+05	1.303993e+01	-1.21935e+02	
2860	1.412538e+05	1.298543e+01	-1.22000e+02	
2861	1.420692e+05	1.293090e+01	-1.22066e+02	
2862	1.428894e+05	1.287635e+01	-1.22133e+02	
2863	1.437143e+05	1.282177e+01	-1.22201e+02	
2864	1.445440e+05	1.276717e+01	-1.22270e+02	
2865	1.453784e+05	1.271254e+01	-1.22340e+02	
2866	1.462177e+05	1.265788e+01	-1.22410e+02	
2867	1.470618e+05	1.260319e+01	-1.22482e+02	
2868	1.479108e+05	1.254848e+01	-1.22555e+02	
2869	1.487647e+05	1.249373e+01	-1.22629e+02	
2870	1.496236e+05	1.243896e+01	-1.22704e+02	
2871	1.504874e+05	1.238416e+01	-1.22780e+02	
2872	1.513561e+05	1.232932e+01	-1.22857e+02	
2873	1.522299e+05	1.227446e+01	-1.22935e+02	
2874	1.531087e+05	1.221956e+01	-1.23014e+02	
2875	1.539927e+05	1.216463e+01	-1.23094e+02	
2876	1.548817e+05	1.210967e+01	-1.23175e+02	
2877	1.557758e+05	1.205467e+01	-1.23257e+02	
2878	1.566751e+05	1.199964e+01	-1.23340e+02	
2879	1.575796e+05	1.194457e+01	-1.23424e+02	
2880	1.584893e+05	1.188947e+01	-1.23509e+02	
2881	1.594043e+05	1.183433e+01	-1.23595e+02	
2882	1.603245e+05	1.177916e+01	-1.23682e+02	
2883	1.612501e+05	1.172395e+01	-1.23770e+02	
2884	1.621810e+05	1.166870e+01	-1.23860e+02	
2885	1.631173e+05	1.161341e+01	-1.23950e+02	
2886	1.640590e+05	1.155808e+01	-1.24041e+02	
2887	1.650061e+05	1.150271e+01	-1.24133e+02	
2888	1.659587e+05	1.144730e+01	-1.24226e+02	
2889	1.669168e+05	1.139185e+01	-1.24320e+02	
2890	1.678804e+05	1.133636e+01	-1.24416e+02	
2891	1.688496e+05	1.128082e+01	-1.24512e+02	
2892	1.698244e+05	1.122524e+01	-1.24609e+02	
2893	1.708048e+05	1.116962e+01	-1.24707e+02	
2894	1.717908e+05	1.111395e+01	-1.24807e+02	
2895	1.727826e+05	1.105824e+01	-1.24907e+02	
2896	1.737801e+05	1.100249e+01	-1.25008e+02	

Index   frequency       tdb             tph             
--------------------------------------------------------------------------------
2897	1.747833e+05	1.094668e+01	-1.25111e+02	
2898	1.757924e+05	1.089083e+01	-1.25214e+02	
2899	1.768072e+05	1.083494e+01	-1.25319e+02	
2900	1.778279e+05	1.077899e+01	-1.25424e+02	
2901	1.788546e+05	1.072299e+01	-1.25531e+02	
2902	1.798871e+05	1.066695e+01	-1.25638e+02	
2903	1.809256e+05	1.061086e+01	-1.25747e+02	
2904	1.819701e+05	1.055471e+01	-1.25857e+02	
2905	1.830206e+05	1.049851e+01	-1.25967e+02	
2906	1.840772e+05	1.044226e+01	-1.26079e+02	
2907	1.851399e+05	1.038596e+01	-1.26192e+02	
2908	1.862087e+05	1.032961e+01	-1.26306e+02	
2909	1.872837e+05	1.027320e+01	-1.26421e+02	
2910	1.883649e+05	1.021673e+01	-1.26536e+02	
2911	1.894524e+05	1.016021e+01	-1.26653e+02	
2912	1.905461e+05	1.010363e+01	-1.26771e+02	
2913	1.916461e+05	1.004700e+01	-1.26890e+02	
2914	1.927525e+05	9.990309e+00	-1.27011e+02	
2915	1.938653e+05	9.933560e+00	-1.27132e+02	
2916	1.949845e+05	9.876751e+00	-1.27254e+02	
2917	1.961101e+05	9.819883e+00	-1.27377e+02	
2918	1.972423e+05	9.762955e+00	-1.27501e+02	
2919	1.983810e+05	9.705965e+00	-1.27627e+02	
2920	1.995262e+05	9.648913e+00	-1.27753e+02	
2921	2.006781e+05	9.591799e+00	-1.27881e+02	
2922	2.018366e+05	9.534622e+00	-1.28009e+02	
2923	2.030019e+05	9.477381e+00	-1.28139e+02	
2924	2.041738e+05	9.420075e+00	-1.28270e+02	
2925	2.053525e+05	9.362704e+00	-1.28401e+02	
2926	2.065380e+05	9.305266e+00	-1.28534e+02	
2927	2.077304e+05	9.247762e+00	-1.28668e+02	
2928	2.089296e+05	9.190191e+00	-1.28803e+02	
2929	2.101358e+05	9.132551e+00	-1.28939e+02	
2930	2.113489e+05	9.074842e+00	-1.29076e+02	
2931	2.125690e+05	9.017063e+00	-1.29214e+02	
2932	2.137962e+05	8.959214e+00	-1.29353e+02	
2933	2.150305e+05	8.901293e+00	-1.29493e+02	
2934	2.162719e+05	8.843301e+00	-1.29635e+02	
2935	2.175204e+05	8.785236e+00	-1.29777e+02	
2936	2.187762e+05	8.727097e+00	-1.29920e+02	
2937	2.200392e+05	8.668885e+00	-1.30065e+02	
2938	2.213095e+05	8.610597e+00	-1.30210e+02	
2939	2.225871e+05	8.552233e+00	-1.30357e+02	
2940	2.238721e+05	8.493793e+00	-1.30505e+02	
2941	2.251645e+05	8.435276e+00	-1.30654e+02	
2942	2.264644e+05	8.376681e+00	-1.30804e+02	
2943	2.277718e+05	8.318007e+00	-1.30955e+02	
2944	2.290868e+05	8.259253e+00	-1.31107e+02	
2945	2.304093e+05	8.200419e+00	-1.31260e+02	
2946	2.317395e+05	8.141504e+00	-1.31414e+02	
2947	2.330773e+05	8.082507e+00	-1.31569e+02	
2948	2.344229e+05	8.023427e+00	-1.31726e+02	
2949	2.357762e+05	7.964263e+00	-1.31883e+02	
2950	2.371374e+05	7.905016e+00	-1.32042e+02	
2951	2.385064e+05	7.845683e+00	-1.32201e+02	
2952	2.398833e+05	7.786264e+00	-1.32362e+02	
2953	2.412682e+05	7.726759e+00	-1.32524e+02	
2954	2.426610e+05	7.667166e+00	-1.32687e+02	

Index   frequency       tdb             tph             
--------------------------------------------------------------------------------
2955	2.440619e+05	7.607485e+00	-1.32851e+02	
2956	2.454709e+05	7.547714e+00	-1.33016e+02	
2957	2.468880e+05	7.487854e+00	-1.33182e+02	
2958	2.483133e+05	7.427903e+00	-1.33349e+02	
2959	2.497468e+05	7.367861e+00	-1.33518e+02	
2960	2.511886e+05	7.307726e+00	-1.33687e+02	
2961	2.526388e+05	7.247497e+00	-1.33857e+02	
2962	2.540973e+05	7.187175e+00	-1.34029e+02	
2963	2.555642e+05	7.126758e+00	-1.34202e+02	
2964	2.570396e+05	7.066245e+00	-1.34376e+02	
2965	2.585235e+05	7.005636e+00	-1.34550e+02	
2966	2.600160e+05	6.944930e+00	-1.34726e+02	
2967	2.615170e+05	6.884125e+00	-1.34904e+02	
2968	2.630268e+05	6.823221e+00	-1.35082e+02	
2969	2.645453e+05	6.762217e+00	-1.35261e+02	
2970	2.660725e+05	6.701113e+00	-1.35441e+02	
2971	2.676086e+05	6.639907e+00	-1.35623e+02	
2972	2.691535e+05	6.578598e+00	-1.35805e+02	
2973	2.707073e+05	6.517187e+00	-1.35989e+02	
2974	2.722701e+05	6.455671e+00	-1.36174e+02	
2975	2.738420e+05	6.394050e+00	-1.36360e+02	
2976	2.754229e+05	6.332323e+00	-1.36546e+02	
2977	2.770129e+05	6.270490e+00	-1.36734e+02	
2978	2.786121e+05	6.208549e+00	-1.36924e+02	
2979	2.802206e+05	6.146500e+00	-1.37114e+02	
2980	2.818383e+05	6.084341e+00	-1.37305e+02	
2981	2.834654e+05	6.022072e+00	-1.37498e+02	
2982	2.851018e+05	5.959692e+00	-1.37691e+02	
2983	2.867477e+05	5.897201e+00	-1.37886e+02	
2984	2.884032e+05	5.834596e+00	-1.38081e+02	
2985	2.900681e+05	5.771878e+00	-1.38278e+02	
2986	2.917427e+05	5.709045e+00	-1.38476e+02	
2987	2.934270e+05	5.646097e+00	-1.38675e+02	
2988	2.951209e+05	5.583033e+00	-1.38875e+02	
2989	2.968247e+05	5.519852e+00	-1.39076e+02	
2990	2.985383e+05	5.456552e+00	-1.39279e+02	
2991	3.002617e+05	5.393134e+00	-1.39482e+02	
2992	3.019952e+05	5.329596e+00	-1.39687e+02	
2993	3.037386e+05	5.265937e+00	-1.39892e+02	
2994	3.054921e+05	5.202156e+00	-1.40099e+02	
2995	3.072557e+05	5.138253e+00	-1.40307e+02	
2996	3.090295e+05	5.074227e+00	-1.40515e+02	
2997	3.108136e+05	5.010077e+00	-1.40725e+02	
2998	3.126079e+05	4.945801e+00	-1.40936e+02	
2999	3.144126e+05	4.881400e+00	-1.41149e+02	
3000	3.162278e+05	4.816872e+00	-1.41362e+02	
3001	3.180534e+05	4.752216e+00	-1.41576e+02	
3002	3.198895e+05	4.687431e+00	-1.41792e+02	
3003	3.217363e+05	4.622516e+00	-1.42008e+02	
3004	3.235937e+05	4.557472e+00	-1.42226e+02	
3005	3.254618e+05	4.492296e+00	-1.42444e+02	
3006	3.273407e+05	4.426987e+00	-1.42664e+02	
3007	3.292305e+05	4.361546e+00	-1.42885e+02	
3008	3.311311e+05	4.295971e+00	-1.43107e+02	
3009	3.330428e+05	4.230260e+00	-1.43330e+02	
3010	3.349654e+05	4.164414e+00	-1.43554e+02	
3011	3.368992e+05	4.098432e+00	-1.43779e+02	
3012	3.388442e+05	4.032312e+00	-1.44006e+02	

Index   frequency       tdb             tph             
--------------------------------------------------------------------------------
3013	3.408003e+05	3.966053e+00	-1.44233e+02	
3014	3.427678e+05	3.899655e+00	-1.44461e+02	
3015	3.447466e+05	3.833117e+00	-1.44691e+02	
3016	3.467369e+05	3.766438e+00	-1.44921e+02	
3017	3.487386e+05	3.699616e+00	-1.45153e+02	
3018	3.507519e+05	3.632652e+00	-1.45386e+02	
3019	3.527768e+05	3.565544e+00	-1.45620e+02	
3020	3.548134e+05	3.498292e+00	-1.45855e+02	
3021	3.568617e+05	3.430894e+00	-1.46091e+02	
3022	3.589219e+05	3.363350e+00	-1.46328e+02	
3023	3.609940e+05	3.295658e+00	-1.46566e+02	
3024	3.630781e+05	3.227818e+00	-1.46805e+02	
3025	3.651741e+05	3.159830e+00	-1.47045e+02	
3026	3.672823e+05	3.091691e+00	-1.47287e+02	
3027	3.694026e+05	3.023401e+00	-1.47529e+02	
3028	3.715352e+05	2.954960e+00	-1.47773e+02	
3029	3.736801e+05	2.886367e+00	-1.48017e+02	
3030	3.758374e+05	2.817620e+00	-1.48263e+02	
3031	3.780071e+05	2.748719e+00	-1.48509e+02	
3032	3.801894e+05	2.679663e+00	-1.48757e+02	
3033	3.823843e+05	2.610451e+00	-1.49006e+02	
3034	3.845918e+05	2.541082e+00	-1.49256e+02	
3035	3.868121e+05	2.471555e+00	-1.49506e+02	
3036	3.890451e+05	2.401870e+00	-1.49758e+02	
3037	3.912911e+05	2.332026e+00	-1.50011e+02	
3038	3.935501e+05	2.262021e+00	-1.50265e+02	
3039	3.958221e+05	2.191855e+00	-1.50520e+02	
3040	3.981072e+05	2.121528e+00	-1.50776e+02	
3041	4.004055e+05	2.051037e+00	-1.51034e+02	
3042	4.027170e+05	1.980384e+00	-1.51292e+02	
3043	4.050419e+05	1.909565e+00	-1.51551e+02	
3044	4.073803e+05	1.838582e+00	-1.51811e+02	
3045	4.097321e+05	1.767432e+00	-1.52072e+02	
3046	4.120975e+05	1.696116e+00	-1.52335e+02	
3047	4.144766e+05	1.624632e+00	-1.52598e+02	
3048	4.168694e+05	1.552979e+00	-1.52862e+02	
3049	4.192760e+05	1.481157e+00	-1.53128e+02	
3050	4.216965e+05	1.409165e+00	-1.53394e+02	
3051	4.241310e+05	1.337002e+00	-1.53662e+02	
3052	4.265795e+05	1.264667e+00	-1.53930e+02	
3053	4.290422e+05	1.192160e+00	-1.54200e+02	
3054	4.315191e+05	1.119479e+00	-1.54470e+02	
3055	4.340103e+05	1.046624e+00	-1.54742e+02	
3056	4.365158e+05	9.735948e-01	-1.55014e+02	
3057	4.390359e+05	9.003894e-01	-1.55287e+02	
3058	4.415704e+05	8.270076e-01	-1.55562e+02	
3059	4.441197e+05	7.534485e-01	-1.55837e+02	
3060	4.466836e+05	6.797114e-01	-1.56114e+02	
3061	4.492623e+05	6.057955e-01	-1.56391e+02	
3062	4.518559e+05	5.317000e-01	-1.56670e+02	
3063	4.544645e+05	4.574243e-01	-1.56949e+02	
3064	4.570882e+05	3.829675e-01	-1.57230e+02	
3065	4.597270e+05	3.083289e-01	-1.57511e+02	
3066	4.623810e+05	2.335078e-01	-1.57794e+02	
3067	4.650504e+05	1.585034e-01	-1.58077e+02	
3068	4.677351e+05	8.331498e-02	-1.58362e+02	
3069	4.704354e+05	7.941808e-03	-1.58647e+02	
3070	4.731513e+05	-6.76168e-02	-1.58933e+02	

Index   frequency       tdb             tph             
--------------------------------------------------------------------------------
3071	4.758828e+05	-1.43362e-01	-1.59221e+02	
3072	4.786301e+05	-2.19293e-01	-1.59509e+02	
3073	4.813933e+05	-2.95413e-01	-1.59798e+02	
3074	4.841724e+05	-3.71720e-01	-1.60088e+02	
3075	4.869675e+05	-4.48217e-01	-1.60379e+02	
3076	4.897788e+05	-5.24904e-01	-1.60672e+02	
3077	4.926063e+05	-6.01780e-01	-1.60965e+02	
3078	4.954502e+05	-6.78848e-01	-1.61259e+02	
3079	4.983105e+05	-7.56108e-01	-1.61554e+02	
3080	5.011872e+05	-8.33560e-01	-1.61849e+02	
3081	5.040806e+05	-9.11205e-01	-1.62146e+02	
3082	5.069907e+05	-9.89044e-01	-1.62444e+02	
3083	5.099176e+05	-1.06708e+00	-1.62743e+02	
3084	5.128614e+05	-1.14531e+00	-1.63042e+02	
3085	5.158222e+05	-1.22373e+00	-1.63343e+02	
3086	5.188000e+05	-1.30235e+00	-1.63645e+02	
3087	5.217951e+05	-1.38117e+00	-1.63947e+02	
3088	5.248075e+05	-1.46018e+00	-1.64250e+02	
3089	5.278372e+05	-1.53940e+00	-1.64555e+02	
3090	5.308844e+05	-1.61881e+00	-1.64860e+02	
3091	5.339493e+05	-1.69842e+00	-1.65166e+02	
3092	5.370318e+05	-1.77824e+00	-1.65473e+02	
3093	5.401321e+05	-1.85825e+00	-1.65781e+02	
3094	5.432503e+05	-1.93846e+00	-1.66089e+02	
3095	5.463865e+05	-2.01888e+00	-1.66399e+02	
3096	5.495409e+05	-2.09950e+00	-1.66710e+02	
3097	5.527134e+05	-2.18032e+00	-1.67021e+02	
3098	5.559043e+05	-2.26135e+00	-1.67334e+02	
3099	5.591135e+05	-2.34258e+00	-1.67647e+02	
3100	5.623413e+05	-2.42401e+00	-1.67961e+02	
3101	5.655878e+05	-2.50565e+00	-1.68276e+02	
3102	5.688529e+05	-2.58750e+00	-1.68592e+02	
3103	5.721370e+05	-2.66955e+00	-1.68909e+02	
3104	5.754399e+05	-2.75181e+00	-1.69226e+02	
3105	5.787620e+05	-2.83428e+00	-1.69545e+02	
3106	5.821032e+05	-2.91695e+00	-1.69864e+02	
3107	5.854637e+05	-2.99984e+00	-1.70184e+02	
3108	5.888437e+05	-3.08293e+00	-1.70506e+02	
3109	5.922431e+05	-3.16623e+00	-1.70827e+02	
3110	5.956621e+05	-3.24975e+00	-1.71150e+02	
3111	5.991009e+05	-3.33347e+00	-1.71474e+02	
3112	6.025596e+05	-3.41741e+00	-1.71798e+02	
3113	6.060382e+05	-3.50156e+00	-1.72124e+02	
3114	6.095369e+05	-3.58592e+00	-1.72450e+02	
3115	6.130558e+05	-3.67049e+00	-1.72777e+02	
3116	6.165950e+05	-3.75528e+00	-1.73105e+02	
3117	6.201546e+05	-3.84028e+00	-1.73433e+02	
3118	6.237348e+05	-3.92549e+00	-1.73763e+02	
3119	6.273357e+05	-4.01092e+00	-1.74093e+02	
3120	6.309573e+05	-4.09656e+00	-1.74424e+02	
3121	6.345999e+05	-4.18242e+00	-1.74756e+02	
3122	6.382635e+05	-4.26850e+00	-1.75089e+02	
3123	6.419482e+05	-4.35479e+00	-1.75423e+02	
3124	6.456542e+05	-4.44130e+00	-1.75757e+02	
3125	6.493816e+05	-4.52803e+00	-1.76092e+02	
3126	6.531306e+05	-4.61497e+00	-1.76428e+02	
3127	6.569011e+05	-4.70214e+00	-1.76765e+02	
3128	6.606934e+05	-4.78952e+00	-1.77103e+02	

Index   frequency       tdb             tph             
--------------------------------------------------------------------------------
3129	6.645077e+05	-4.87712e+00	-1.77441e+02	
3130	6.683439e+05	-4.96495e+00	-1.77780e+02	
3131	6.722023e+05	-5.05299e+00	-1.78120e+02	
3132	6.760830e+05	-5.14125e+00	-1.78461e+02	
3133	6.799860e+05	-5.22973e+00	-1.78803e+02	
3134	6.839116e+05	-5.31844e+00	-1.79145e+02	
3135	6.878599e+05	-5.40736e+00	-1.79488e+02	
3136	6.918310e+05	-5.49651e+00	-1.79832e+02	
3137	6.958250e+05	-5.58589e+00	-1.80177e+02	
3138	6.998420e+05	-5.67548e+00	-1.80522e+02	
3139	7.038822e+05	-5.76530e+00	-1.80868e+02	
3140	7.079458e+05	-5.85534e+00	-1.81215e+02	
3141	7.120328e+05	-5.94561e+00	-1.81563e+02	
3142	7.161434e+05	-6.03610e+00	-1.81911e+02	
3143	7.202778e+05	-6.12681e+00	-1.82260e+02	
3144	7.244360e+05	-6.21775e+00	-1.82610e+02	
3145	7.286182e+05	-6.30892e+00	-1.82961e+02	
3146	7.328245e+05	-6.40031e+00	-1.83312e+02	
3147	7.370552e+05	-6.49193e+00	-1.83665e+02	
3148	7.413102e+05	-6.58378e+00	-1.84017e+02	
3149	7.455899e+05	-6.67585e+00	-1.84371e+02	
3150	7.498942e+05	-6.76816e+00	-1.84726e+02	
3151	7.542234e+05	-6.86068e+00	-1.85081e+02	
3152	7.585776e+05	-6.95344e+00	-1.85436e+02	
3153	7.629569e+05	-7.04643e+00	-1.85793e+02	
3154	7.673615e+05	-7.13964e+00	-1.86150e+02	
3155	7.717915e+05	-7.23309e+00	-1.86508e+02	
3156	7.762471e+05	-7.32676e+00	-1.86867e+02	
3157	7.807284e+05	-7.42067e+00	-1.87226e+02	
3158	7.852356e+05	-7.51480e+00	-1.87587e+02	
3159	7.897688e+05	-7.60917e+00	-1.87947e+02	
3160	7.943282e+05	-7.70377e+00	-1.88309e+02	
3161	7.989139e+05	-7.79860e+00	-1.88671e+02	
3162	8.035261e+05	-7.89366e+00	-1.89034e+02	
3163	8.081649e+05	-7.98895e+00	-1.89398e+02	
3164	8.128305e+05	-8.08448e+00	-1.89762e+02	
3165	8.175230e+05	-8.18023e+00	-1.90127e+02	
3166	8.222426e+05	-8.27623e+00	-1.90493e+02	
3167	8.269895e+05	-8.37245e+00	-1.90859e+02	
3168	8.317638e+05	-8.46891e+00	-1.91226e+02	
3169	8.365656e+05	-8.56560e+00	-1.91594e+02	
3170	8.413951e+05	-8.66253e+00	-1.91963e+02	
3171	8.462526e+05	-8.75969e+00	-1.92332e+02	
3172	8.511380e+05	-8.85709e+00	-1.92701e+02	
3173	8.560517e+05	-8.95472e+00	-1.93072e+02	
3174	8.609938e+05	-9.05259e+00	-1.93443e+02	
3175	8.659643e+05	-9.15070e+00	-1.93815e+02	
3176	8.709636e+05	-9.24904e+00	-1.94187e+02	
3177	8.759917e+05	-9.34761e+00	-1.94560e+02	
3178	8.810489e+05	-9.44643e+00	-1.94934e+02	
3179	8.861352e+05	-9.54548e+00	-1.95309e+02	
3180	8.912509e+05	-9.64477e+00	-1.95684e+02	
3181	8.963962e+05	-9.74430e+00	-1.96060e+02	
3182	9.015711e+05	-9.84407e+00	-1.96436e+02	
3183	9.067760e+05	-9.94407e+00	-1.96813e+02	
3184	9.120108e+05	-1.00443e+01	-1.97191e+02	
3185	9.172759e+05	-1.01448e+01	-1.97569e+02	
3186	9.225714e+05	-1.02455e+01	-1.97948e+02	

Index   frequency       tdb             tph             
--------------------------------------------------------------------------------
3187	9.278975e+05	-1.03465e+01	-1.98327e+02	
3188	9.332543e+05	-1.04477e+01	-1.98708e+02	
3189	9.386420e+05	-1.05491e+01	-1.99089e+02	
3190	9.440609e+05	-1.06508e+01	-1.99470e+02	
3191	9.495110e+05	-1.07527e+01	-1.99852e+02	
3192	9.549926e+05	-1.08549e+01	-2.00235e+02	
3193	9.605058e+05	-1.09573e+01	-2.00618e+02	
3194	9.660509e+05	-1.10600e+01	-2.01002e+02	
3195	9.716280e+05	-1.11629e+01	-2.01387e+02	
3196	9.772372e+05	-1.12660e+01	-2.01772e+02	
3197	9.828789e+05	-1.13694e+01	-2.02158e+02	
3198	9.885531e+05	-1.14730e+01	-2.02544e+02	
3199	9.942601e+05	-1.15769e+01	-2.02931e+02	
3200	1.000000e+06	-1.16810e+01	-2.03319e+02	
3201	1.005773e+06	-1.17853e+01	-2.03707e+02	
3202	1.011579e+06	-1.18899e+01	-2.04096e+02	
3203	1.017419e+06	-1.19948e+01	-2.04485e+02	
3204	1.023293e+06	-1.20998e+01	-2.04875e+02	
3205	1.029201e+06	-1.22052e+01	-2.05266e+02	
3206	1.035142e+06	-1.23108e+01	-2.05657e+02	
3207	1.041118e+06	-1.24166e+01	-2.06049e+02	
3208	1.047129e+06	-1.25227e+01	-2.06441e+02	
3209	1.053174e+06	-1.26290e+01	-2.06834e+02	
3210	1.059254e+06	-1.27355e+01	-2.07228e+02	
3211	1.065369e+06	-1.28423e+01	-2.07622e+02	
3212	1.071519e+06	-1.29494e+01	-2.08016e+02	
3213	1.077705e+06	-1.30567e+01	-2.08412e+02	
3214	1.083927e+06	-1.31643e+01	-2.08807e+02	
3215	1.090184e+06	-1.32721e+01	-2.09204e+02	
3216	1.096478e+06	-1.33801e+01	-2.09601e+02	
3217	1.102808e+06	-1.34884e+01	-2.09998e+02	
3218	1.109175e+06	-1.35970e+01	-2.10396e+02	
3219	1.115578e+06	-1.37058e+01	-2.10795e+02	
3220	1.122018e+06	-1.38148e+01	-2.11194e+02	
3221	1.128496e+06	-1.39241e+01	-2.11594e+02	
3222	1.135011e+06	-1.40337e+01	-2.11994e+02	
3223	1.141563e+06	-1.41435e+01	-2.12395e+02	
3224	1.148154e+06	-1.42535e+01	-2.12796e+02	
3225	1.154782e+06	-1.43638e+01	-2.13198e+02	
3226	1.161449e+06	-1.44744e+01	-2.13600e+02	
3227	1.168154e+06	-1.45852e+01	-2.14003e+02	
3228	1.174898e+06	-1.46962e+01	-2.14407e+02	
3229	1.181680e+06	-1.48075e+01	-2.14811e+02	
3230	1.188502e+06	-1.49191e+01	-2.15215e+02	
3231	1.195364e+06	-1.50309e+01	-2.15620e+02	
3232	1.202264e+06	-1.51430e+01	-2.16026e+02	
3233	1.209205e+06	-1.52553e+01	-2.16432e+02	
3234	1.216186e+06	-1.53679e+01	-2.16838e+02	
3235	1.223207e+06	-1.54807e+01	-2.17246e+02	
3236	1.230269e+06	-1.55938e+01	-2.17653e+02	
3237	1.237371e+06	-1.57071e+01	-2.18061e+02	
3238	1.244515e+06	-1.58207e+01	-2.18470e+02	
3239	1.251699e+06	-1.59345e+01	-2.18879e+02	
3240	1.258925e+06	-1.60486e+01	-2.19289e+02	
3241	1.266193e+06	-1.61630e+01	-2.19699e+02	
3242	1.273503e+06	-1.62776e+01	-2.20109e+02	
3243	1.280855e+06	-1.63925e+01	-2.20520e+02	
3244	1.288250e+06	-1.65076e+01	-2.20932e+02	

Index   frequency       tdb             tph             
--------------------------------------------------------------------------------
3245	1.295687e+06	-1.66230e+01	-2.21344e+02	
3246	1.303167e+06	-1.67386e+01	-2.21756e+02	
3247	1.310690e+06	-1.68545e+01	-2.22169e+02	
3248	1.318257e+06	-1.69707e+01	-2.22583e+02	
3249	1.325867e+06	-1.70871e+01	-2.22997e+02	
3250	1.333521e+06	-1.72037e+01	-2.23411e+02	
3251	1.341220e+06	-1.73207e+01	-2.23826e+02	
3252	1.348963e+06	-1.74378e+01	-2.24241e+02	
3253	1.356751e+06	-1.75553e+01	-2.24657e+02	
3254	1.364583e+06	-1.76730e+01	-2.25073e+02	
3255	1.372461e+06	-1.77909e+01	-2.25490e+02	
3256	1.380384e+06	-1.79091e+01	-2.25907e+02	
3257	1.388353e+06	-1.80276e+01	-2.26325e+02	
3258	1.396368e+06	-1.81464e+01	-2.26743e+02	
3259	1.404430e+06	-1.82653e+01	-2.27161e+02	
3260	1.412538e+06	-1.83846e+01	-2.27580e+02	
3261	1.420692e+06	-1.85041e+01	-2.27999e+02	
3262	1.428894e+06	-1.86239e+01	-2.28419e+02	
3263	1.437143e+06	-1.87439e+01	-2.28839e+02	
3264	1.445440e+06	-1.88642e+01	-2.29260e+02	
3265	1.453784e+06	-1.89848e+01	-2.29681e+02	
3266	1.462177e+06	-1.91056e+01	-2.30102e+02	
3267	1.470618e+06	-1.92266e+01	-2.30524e+02	
3268	1.479108e+06	-1.93480e+01	-2.30946e+02	
3269	1.487647e+06	-1.94696e+01	-2.31368e+02	
3270	1.496236e+06	-1.95914e+01	-2.31791e+02	
3271	1.504874e+06	-1.97136e+01	-2.32215e+02	
3272	1.513561e+06	-1.98359e+01	-2.32639e+02	
3273	1.522299e+06	-1.99586e+01	-2.33063e+02	
3274	1.531087e+06	-2.00815e+01	-2.33487e+02	
3275	1.539927e+06	-2.02047e+01	-2.33912e+02	
3276	1.548817e+06	-2.03281e+01	-2.34337e+02	
3277	1.557758e+06	-2.04518e+01	-2.34763e+02	
3278	1.566751e+06	-2.05757e+01	-2.35189e+02	
3279	1.575796e+06	-2.06999e+01	-2.35615e+02	
3280	1.584893e+06	-2.08244e+01	-2.36042e+02	
3281	1.594043e+06	-2.09492e+01	-2.36469e+02	
3282	1.603245e+06	-2.10742e+01	-2.36897e+02	
3283	1.612501e+06	-2.11994e+01	-2.37325e+02	
3284	1.621810e+06	-2.13250e+01	-2.37753e+02	
3285	1.631173e+06	-2.14507e+01	-2.38181e+02	
3286	1.640590e+06	-2.15768e+01	-2.38610e+02	
3287	1.650061e+06	-2.17031e+01	-2.39039e+02	
3288	1.659587e+06	-2.18297e+01	-2.39469e+02	
3289	1.669168e+06	-2.19565e+01	-2.39898e+02	
3290	1.678804e+06	-2.20837e+01	-2.40329e+02	
3291	1.688496e+06	-2.22110e+01	-2.40759e+02	
3292	1.698244e+06	-2.23387e+01	-2.41190e+02	
3293	1.708048e+06	-2.24666e+01	-2.41621e+02	
3294	1.717908e+06	-2.25947e+01	-2.42052e+02	
3295	1.727826e+06	-2.27231e+01	-2.42484e+02	
3296	1.737801e+06	-2.28518e+01	-2.42916e+02	
3297	1.747833e+06	-2.29808e+01	-2.43348e+02	
3298	1.757924e+06	-2.31100e+01	-2.43780e+02	
3299	1.768072e+06	-2.32395e+01	-2.44213e+02	
3300	1.778279e+06	-2.33692e+01	-2.44646e+02	
3301	1.788546e+06	-2.34992e+01	-2.45080e+02	
3302	1.798871e+06	-2.36295e+01	-2.45513e+02	

Index   frequency       tdb             tph             
--------------------------------------------------------------------------------
3303	1.809256e+06	-2.37600e+01	-2.45947e+02	
3304	1.819701e+06	-2.38908e+01	-2.46381e+02	
3305	1.830206e+06	-2.40218e+01	-2.46816e+02	
3306	1.840772e+06	-2.41532e+01	-2.47250e+02	
3307	1.851399e+06	-2.42847e+01	-2.47685e+02	
3308	1.862087e+06	-2.44166e+01	-2.48120e+02	
3309	1.872837e+06	-2.45487e+01	-2.48556e+02	
3310	1.883649e+06	-2.46810e+01	-2.48991e+02	
3311	1.894524e+06	-2.48137e+01	-2.49427e+02	
3312	1.905461e+06	-2.49466e+01	-2.49863e+02	
3313	1.916461e+06	-2.50797e+01	-2.50300e+02	
3314	1.927525e+06	-2.52131e+01	-2.50736e+02	
3315	1.938653e+06	-2.53468e+01	-2.51173e+02	
3316	1.949845e+06	-2.54807e+01	-2.51610e+02	
3317	1.961101e+06	-2.56149e+01	-2.52047e+02	
3318	1.972423e+06	-2.57494e+01	-2.52484e+02	
3319	1.983810e+06	-2.58841e+01	-2.52922e+02	
3320	1.995262e+06	-2.60191e+01	-2.53359e+02	
3321	2.006781e+06	-2.61543e+01	-2.53797e+02	
3322	2.018366e+06	-2.62899e+01	-2.54235e+02	
3323	2.030019e+06	-2.64256e+01	-2.54674e+02	
3324	2.041738e+06	-2.65616e+01	-2.55112e+02	
3325	2.053525e+06	-2.66979e+01	-2.55551e+02	
3326	2.065380e+06	-2.68345e+01	-2.55989e+02	
3327	2.077304e+06	-2.69713e+01	-2.56428e+02	
3328	2.089296e+06	-2.71083e+01	-2.56867e+02	
3329	2.101358e+06	-2.72456e+01	-2.57306e+02	
3330	2.113489e+06	-2.73832e+01	-2.57746e+02	
3331	2.125690e+06	-2.75211e+01	-2.58185e+02	
3332	2.137962e+06	-2.76591e+01	-2.58625e+02	
3333	2.150305e+06	-2.77975e+01	-2.59065e+02	
3334	2.162719e+06	-2.79361e+01	-2.59504e+02	
3335	2.175204e+06	-2.80750e+01	-2.59944e+02	
3336	2.187762e+06	-2.82141e+01	-2.60385e+02	
3337	2.200392e+06	-2.83535e+01	-2.60825e+02	
3338	2.213095e+06	-2.84931e+01	-2.61265e+02	
3339	2.225871e+06	-2.86330e+01	-2.61705e+02	
3340	2.238721e+06	-2.87731e+01	-2.62146e+02	
3341	2.251645e+06	-2.89135e+01	-2.62587e+02	
3342	2.264644e+06	-2.90542e+01	-2.63027e+02	
3343	2.277718e+06	-2.91951e+01	-2.63468e+02	
3344	2.290868e+06	-2.93362e+01	-2.63909e+02	
3345	2.304093e+06	-2.94776e+01	-2.64350e+02	
3346	2.317395e+06	-2.96193e+01	-2.64791e+02	
3347	2.330773e+06	-2.97612e+01	-2.65232e+02	
3348	2.344229e+06	-2.99034e+01	-2.65673e+02	
3349	2.357762e+06	-3.00458e+01	-2.66114e+02	
3350	2.371374e+06	-3.01885e+01	-2.66555e+02	
3351	2.385064e+06	-3.03314e+01	-2.66996e+02	
3352	2.398833e+06	-3.04746e+01	-2.67438e+02	
3353	2.412682e+06	-3.06180e+01	-2.67879e+02	
3354	2.426610e+06	-3.07617e+01	-2.68320e+02	
3355	2.440619e+06	-3.09056e+01	-2.68762e+02	
3356	2.454709e+06	-3.10497e+01	-2.69203e+02	
3357	2.468880e+06	-3.11941e+01	-2.69645e+02	
3358	2.483133e+06	-3.13388e+01	-2.70086e+02	
3359	2.497468e+06	-3.14837e+01	-2.70527e+02	
3360	2.511886e+06	-3.16288e+01	-2.70969e+02	

Index   frequency       tdb             tph             
--------------------------------------------------------------------------------
3361	2.526388e+06	-3.17742e+01	-2.71410e+02	
3362	2.540973e+06	-3.19199e+01	-2.71852e+02	
3363	2.555642e+06	-3.20657e+01	-2.72293e+02	
3364	2.570396e+06	-3.22119e+01	-2.72734e+02	
3365	2.585235e+06	-3.23582e+01	-2.73176e+02	
3366	2.600160e+06	-3.25048e+01	-2.73617e+02	
3367	2.615170e+06	-3.26517e+01	-2.74058e+02	
3368	2.630268e+06	-3.27988e+01	-2.74500e+02	
3369	2.645453e+06	-3.29461e+01	-2.74941e+02	
3370	2.660725e+06	-3.30937e+01	-2.75382e+02	
3371	2.676086e+06	-3.32415e+01	-2.75823e+02	
3372	2.691535e+06	-3.33895e+01	-2.76264e+02	
3373	2.707073e+06	-3.35378e+01	-2.76705e+02	
3374	2.722701e+06	-3.36863e+01	-2.77146e+02	
3375	2.738420e+06	-3.38351e+01	-2.77587e+02	
3376	2.754229e+06	-3.39841e+01	-2.78028e+02	
3377	2.770129e+06	-3.41333e+01	-2.78468e+02	
3378	2.786121e+06	-3.42827e+01	-2.78909e+02	
3379	2.802206e+06	-3.44324e+01	-2.79350e+02	
3380	2.818383e+06	-3.45823e+01	-2.79790e+02	
3381	2.834654e+06	-3.47325e+01	-2.80230e+02	
3382	2.851018e+06	-3.48829e+01	-2.80671e+02	
3383	2.867477e+06	-3.50335e+01	-2.81111e+02	
3384	2.884032e+06	-3.51843e+01	-2.81551e+02	
3385	2.900681e+06	-3.53354e+01	-2.81991e+02	
3386	2.917427e+06	-3.54867e+01	-2.82430e+02	
3387	2.934270e+06	-3.56382e+01	-2.82870e+02	
3388	2.951209e+06	-3.57899e+01	-2.83310e+02	
3389	2.968247e+06	-3.59419e+01	-2.83749e+02	
3390	2.985383e+06	-3.60941e+01	-2.84188e+02	
3391	3.002617e+06	-3.62465e+01	-2.84627e+02	
3392	3.019952e+06	-3.63991e+01	-2.85066e+02	
3393	3.037386e+06	-3.65520e+01	-2.85505e+02	
3394	3.054921e+06	-3.67050e+01	-2.85944e+02	
3395	3.072557e+06	-3.68583e+01	-2.86382e+02	
3396	3.090295e+06	-3.70119e+01	-2.86821e+02	
3397	3.108136e+06	-3.71656e+01	-2.87259e+02	
3398	3.126079e+06	-3.73195e+01	-2.87697e+02	
3399	3.144126e+06	-3.74737e+01	-2.88135e+02	
3400	3.162278e+06	-3.76281e+01	-2.88572e+02	
3401	3.180534e+06	-3.77826e+01	-2.89010e+02	
3402	3.198895e+06	-3.79374e+01	-2.89447e+02	
3403	3.217363e+06	-3.80924e+01	-2.89884e+02	
3404	3.235937e+06	-3.82477e+01	-2.90321e+02	
3405	3.254618e+06	-3.84031e+01	-2.90758e+02	
3406	3.273407e+06	-3.85587e+01	-2.91194e+02	
3407	3.292305e+06	-3.87146e+01	-2.91631e+02	
3408	3.311311e+06	-3.88706e+01	-2.92067e+02	
3409	3.330428e+06	-3.90269e+01	-2.92503e+02	
3410	3.349654e+06	-3.91833e+01	-2.92938e+02	
3411	3.368992e+06	-3.93400e+01	-2.93374e+02	
3412	3.388442e+06	-3.94969e+01	-2.93809e+02	
3413	3.408003e+06	-3.96539e+01	-2.94244e+02	
3414	3.427678e+06	-3.98112e+01	-2.94678e+02	
3415	3.447466e+06	-3.99686e+01	-2.95113e+02	
3416	3.467369e+06	-4.01263e+01	-2.95547e+02	
3417	3.487386e+06	-4.02842e+01	-2.95981e+02	
3418	3.507519e+06	-4.04422e+01	-2.96415e+02	

Index   frequency       tdb             tph             
--------------------------------------------------------------------------------
3419	3.527768e+06	-4.06004e+01	-2.96848e+02	
3420	3.548134e+06	-4.07589e+01	-2.97281e+02	
3421	3.568617e+06	-4.09175e+01	-2.97714e+02	
3422	3.589219e+06	-4.10763e+01	-2.98147e+02	
3423	3.609940e+06	-4.12353e+01	-2.98579e+02	
3424	3.630781e+06	-4.13945e+01	-2.99011e+02	
3425	3.651741e+06	-4.15539e+01	-2.99443e+02	
3426	3.672823e+06	-4.17135e+01	-2.99875e+02	
3427	3.694026e+06	-4.18732e+01	-3.00306e+02	
3428	3.715352e+06	-4.20332e+01	-3.00737e+02	
3429	3.736801e+06	-4.21933e+01	-3.01168e+02	
3430	3.758374e+06	-4.23536e+01	-3.01598e+02	
3431	3.780071e+06	-4.25141e+01	-3.02028e+02	
3432	3.801894e+06	-4.26747e+01	-3.02458e+02	
3433	3.823843e+06	-4.28356e+01	-3.02888e+02	
3434	3.845918e+06	-4.29966e+01	-3.03317e+02	
3435	3.868121e+06	-4.31578e+01	-3.03746e+02	
3436	3.890451e+06	-4.33191e+01	-3.04174e+02	
3437	3.912911e+06	-4.34807e+01	-3.04602e+02	
3438	3.935501e+06	-4.36424e+01	-3.05030e+02	
3439	3.958221e+06	-4.38042e+01	-3.05458e+02	
3440	3.981072e+06	-4.39663e+01	-3.05885e+02	
3441	4.004055e+06	-4.41285e+01	-3.06312e+02	
3442	4.027170e+06	-4.42909e+01	-3.06739e+02	
3443	4.050419e+06	-4.44534e+01	-3.07165e+02	
3444	4.073803e+06	-4.46161e+01	-3.07591e+02	
3445	4.097321e+06	-4.47790e+01	-3.08017e+02	
3446	4.120975e+06	-4.49420e+01	-3.08442e+02	
3447	4.144766e+06	-4.51052e+01	-3.08867e+02	
3448	4.168694e+06	-4.52685e+01	-3.09291e+02	
3449	4.192760e+06	-4.54320e+01	-3.09716e+02	
3450	4.216965e+06	-4.55957e+01	-3.10139e+02	
3451	4.241310e+06	-4.57595e+01	-3.10563e+02	
3452	4.265795e+06	-4.59235e+01	-3.10986e+02	
3453	4.290422e+06	-4.60876e+01	-3.11409e+02	
3454	4.315191e+06	-4.62518e+01	-3.11831e+02	
3455	4.340103e+06	-4.64163e+01	-3.12253e+02	
3456	4.365158e+06	-4.65808e+01	-3.12675e+02	
3457	4.390359e+06	-4.67455e+01	-3.13096e+02	
3458	4.415704e+06	-4.69104e+01	-3.13517e+02	
3459	4.441197e+06	-4.70754e+01	-3.13938e+02	
3460	4.466836e+06	-4.72405e+01	-3.14358e+02	
3461	4.492623e+06	-4.74058e+01	-3.14778e+02	
3462	4.518559e+06	-4.75713e+01	-3.15197e+02	
3463	4.544645e+06	-4.77368e+01	-3.15616e+02	
3464	4.570882e+06	-4.79025e+01	-3.16035e+02	
3465	4.597270e+06	-4.80684e+01	-3.16453e+02	
3466	4.623810e+06	-4.82343e+01	-3.16871e+02	
3467	4.650504e+06	-4.84005e+01	-3.17289e+02	
3468	4.677351e+06	-4.85667e+01	-3.17706e+02	
3469	4.704354e+06	-4.87331e+01	-3.18122e+02	
3470	4.731513e+06	-4.88996e+01	-3.18539e+02	
3471	4.758828e+06	-4.90662e+01	-3.18955e+02	
3472	4.786301e+06	-4.92330e+01	-3.19370e+02	
3473	4.813933e+06	-4.93999e+01	-3.19785e+02	
3474	4.841724e+06	-4.95669e+01	-3.20200e+02	
3475	4.869675e+06	-4.97340e+01	-3.20614e+02	
3476	4.897788e+06	-4.99013e+01	-3.21028e+02	

Index   frequency       tdb             tph             
--------------------------------------------------------------------------------
3477	4.926063e+06	-5.00686e+01	-3.21442e+02	
3478	4.954502e+06	-5.02361e+01	-3.21855e+02	
3479	4.983105e+06	-5.04038e+01	-3.22267e+02	
3480	5.011872e+06	-5.05715e+01	-3.22680e+02	
3481	5.040806e+06	-5.07393e+01	-3.23092e+02	
3482	5.069907e+06	-5.09073e+01	-3.23503e+02	
3483	5.099176e+06	-5.10754e+01	-3.23914e+02	
3484	5.128614e+06	-5.12436e+01	-3.24325e+02	
3485	5.158222e+06	-5.14119e+01	-3.24735e+02	
3486	5.188000e+06	-5.15803e+01	-3.25145e+02	
3487	5.217951e+06	-5.17488e+01	-3.25554e+02	
3488	5.248075e+06	-5.19175e+01	-3.25963e+02	
3489	5.278372e+06	-5.20862e+01	-3.26372e+02	
3490	5.308844e+06	-5.22550e+01	-3.26780e+02	
3491	5.339493e+06	-5.24240e+01	-3.27187e+02	
3492	5.370318e+06	-5.25931e+01	-3.27595e+02	
3493	5.401321e+06	-5.27622e+01	-3.28002e+02	
3494	5.432503e+06	-5.29315e+01	-3.28408e+02	
3495	5.463865e+06	-5.31008e+01	-3.28814e+02	
3496	5.495409e+06	-5.32703e+01	-3.29220e+02	
3497	5.527134e+06	-5.34398e+01	-3.29625e+02	
3498	5.559043e+06	-5.36095e+01	-3.30030e+02	
3499	5.591135e+06	-5.37793e+01	-3.30434e+02	
3500	5.623413e+06	-5.39491e+01	-3.30838e+02	
3501	5.655878e+06	-5.41190e+01	-3.31241e+02	
3502	5.688529e+06	-5.42891e+01	-3.31644e+02	
3503	5.721370e+06	-5.44592e+01	-3.32047e+02	
3504	5.754399e+06	-5.46294e+01	-3.32449e+02	
3505	5.787620e+06	-5.47997e+01	-3.32851e+02	
3506	5.821032e+06	-5.49701e+01	-3.33252e+02	
3507	5.854637e+06	-5.51406e+01	-3.33653e+02	
3508	5.888437e+06	-5.53112e+01	-3.34054e+02	
3509	5.922431e+06	-5.54819e+01	-3.34454e+02	
3510	5.956621e+06	-5.56526e+01	-3.34854e+02	
3511	5.991009e+06	-5.58235e+01	-3.35253e+02	
3512	6.025596e+06	-5.59944e+01	-3.35652e+02	
3513	6.060382e+06	-5.61654e+01	-3.36050e+02	
3514	6.095369e+06	-5.63365e+01	-3.36448e+02	
3515	6.130558e+06	-5.65077e+01	-3.36846e+02	
3516	6.165950e+06	-5.66789e+01	-3.37243e+02	
3517	6.201546e+06	-5.68503e+01	-3.37640e+02	
3518	6.237348e+06	-5.70217e+01	-3.38036e+02	
3519	6.273357e+06	-5.71932e+01	-3.38432e+02	
3520	6.309573e+06	-5.73648e+01	-3.38827e+02	
3521	6.345999e+06	-5.75364e+01	-3.39222e+02	
3522	6.382635e+06	-5.77081e+01	-3.39617e+02	
3523	6.419482e+06	-5.78800e+01	-3.40011e+02	
3524	6.456542e+06	-5.80519e+01	-3.40405e+02	
3525	6.493816e+06	-5.82238e+01	-3.40798e+02	
3526	6.531306e+06	-5.83959e+01	-3.41191e+02	
3527	6.569011e+06	-5.85680e+01	-3.41584e+02	
3528	6.606934e+06	-5.87402e+01	-3.41976e+02	
3529	6.645077e+06	-5.89125e+01	-3.42368e+02	
3530	6.683439e+06	-5.90848e+01	-3.42759e+02	
3531	6.722023e+06	-5.92573e+01	-3.43150e+02	
3532	6.760830e+06	-5.94298e+01	-3.43541e+02	
3533	6.799860e+06	-5.96024e+01	-3.43931e+02	
3534	6.839116e+06	-5.97750e+01	-3.44321e+02	

Index   frequency       tdb             tph             
--------------------------------------------------------------------------------
3535	6.878599e+06	-5.99478e+01	-3.44710e+02	
3536	6.918310e+06	-6.01206e+01	-3.45099e+02	
3537	6.958250e+06	-6.02934e+01	-3.45488e+02	
3538	6.998420e+06	-6.04664e+01	-3.45876e+02	
3539	7.038822e+06	-6.06394e+01	-3.46264e+02	
3540	7.079458e+06	-6.08125e+01	-3.46651e+02	
3541	7.120328e+06	-6.09857e+01	-3.47038e+02	
3542	7.161434e+06	-6.11590e+01	-3.47425e+02	
3543	7.202778e+06	-6.13323e+01	-3.47811e+02	
3544	7.244360e+06	-6.15057e+01	-3.48197e+02	
3545	7.286182e+06	-6.16792e+01	-3.48582e+02	
3546	7.328245e+06	-6.18528e+01	-3.48967e+02	
3547	7.370552e+06	-6.20264e+01	-3.49352e+02	
3548	7.413102e+06	-6.22001e+01	-3.49736e+02	
3549	7.455899e+06	-6.23739e+01	-3.50120e+02	
3550	7.498942e+06	-6.25478e+01	-3.50504e+02	
3551	7.542234e+06	-6.27217e+01	-3.50887e+02	
3552	7.585776e+06	-6.28958e+01	-3.51270e+02	
3553	7.629569e+06	-6.30699e+01	-3.51652e+02	
3554	7.673615e+06	-6.32441e+01	-3.52034e+02	
3555	7.717915e+06	-6.34183e+01	-3.52416e+02	
3556	7.762471e+06	-6.35927e+01	-3.52797e+02	
3557	7.807284e+06	-6.37671e+01	-3.53178e+02	
3558	7.852356e+06	-6.39417e+01	-3.53559e+02	
3559	7.897688e+06	-6.41163e+01	-3.53940e+02	
3560	7.943282e+06	-6.42910e+01	-3.54320e+02	
3561	7.989139e+06	-6.44658e+01	-3.54699e+02	
3562	8.035261e+06	-6.46406e+01	-3.55078e+02	
3563	8.081649e+06	-6.48156e+01	-3.55457e+02	
3564	8.128305e+06	-6.49906e+01	-3.55836e+02	
3565	8.175230e+06	-6.51658e+01	-3.56214e+02	
3566	8.222426e+06	-6.53410e+01	-3.56592e+02	
3567	8.269895e+06	-6.55164e+01	-3.56970e+02	
3568	8.317638e+06	-6.56918e+01	-3.57347e+02	
3569	8.365656e+06	-6.58673e+01	-3.57724e+02	
3570	8.413951e+06	-6.60429e+01	-3.58101e+02	
3571	8.462526e+06	-6.62187e+01	-3.58477e+02	
3572	8.511380e+06	-6.63945e+01	-3.58854e+02	
3573	8.560517e+06	-6.65704e+01	-3.59229e+02	
3574	8.609938e+06	-6.67465e+01	-3.59605e+02	
3575	8.659643e+06	-6.69226e+01	-3.59980e+02	
3576	8.709636e+06	-6.70989e+01	-3.60355e+02	
3577	8.759917e+06	-6.72753e+01	-3.60729e+02	
3578	8.810489e+06	-6.74518e+01	-3.61104e+02	
3579	8.861352e+06	-6.76284e+01	-3.61478e+02	
3580	8.912509e+06	-6.78051e+01	-3.61852e+02	
3581	8.963962e+06	-6.79820e+01	-3.62225e+02	
3582	9.015711e+06	-6.81589e+01	-3.62598e+02	
3583	9.067760e+06	-6.83361e+01	-3.62971e+02	
3584	9.120108e+06	-6.85133e+01	-3.63344e+02	
3585	9.172759e+06	-6.86907e+01	-3.63716e+02	
3586	9.225714e+06	-6.88682e+01	-3.64088e+02	
3587	9.278975e+06	-6.90458e+01	-3.64460e+02	
3588	9.332543e+06	-6.92236e+01	-3.64832e+02	
3589	9.386420e+06	-6.94015e+01	-3.65204e+02	
3590	9.440609e+06	-6.95796e+01	-3.65575e+02	
3591	9.495110e+06	-6.97578e+01	-3.65946e+02	
3592	9.549926e+06	-6.99362e+01	-3.66317e+02	

Index   frequency       tdb             tph             
--------------------------------------------------------------------------------
3593	9.605058e+06	-7.01147e+01	-3.66687e+02	
3594	9.660509e+06	-7.02934e+01	-3.67057e+02	
3595	9.716280e+06	-7.04723e+01	-3.67428e+02	
3596	9.772372e+06	-7.06513e+01	-3.67798e+02	
3597	9.828789e+06	-7.08305e+01	-3.68167e+02	
3598	9.885531e+06	-7.10099e+01	-3.68537e+02	
3599	9.942601e+06	-7.11895e+01	-3.68906e+02	
3600	1.000000e+07	-7.13692e+01	-3.69275e+02	
3601	1.005773e+07	-7.15491e+01	-3.69644e+02	
3602	1.011579e+07	-7.17293e+01	-3.70013e+02	
3603	1.017419e+07	-7.19096e+01	-3.70382e+02	
3604	1.023293e+07	-7.20901e+01	-3.70751e+02	
3605	1.029201e+07	-7.22709e+01	-3.71119e+02	
3606	1.035142e+07	-7.24518e+01	-3.71487e+02	
3607	1.041118e+07	-7.26330e+01	-3.71855e+02	
3608	1.047129e+07	-7.28144e+01	-3.72223e+02	
3609	1.053174e+07	-7.29960e+01	-3.72591e+02	
3610	1.059254e+07	-7.31778e+01	-3.72959e+02	
3611	1.065369e+07	-7.33599e+01	-3.73327e+02	
3612	1.071519e+07	-7.35422e+01	-3.73695e+02	
3613	1.077705e+07	-7.37248e+01	-3.74062e+02	
3614	1.083927e+07	-7.39077e+01	-3.74430e+02	
3615	1.090184e+07	-7.40907e+01	-3.74797e+02	
3616	1.096478e+07	-7.42741e+01	-3.75164e+02	
3617	1.102808e+07	-7.44578e+01	-3.75532e+02	
3618	1.109175e+07	-7.46417e+01	-3.75899e+02	
3619	1.115578e+07	-7.48259e+01	-3.76266e+02	
3620	1.122018e+07	-7.50104e+01	-3.76634e+02	
3621	1.128496e+07	-7.51952e+01	-3.77001e+02	
3622	1.135011e+07	-7.53803e+01	-3.77368e+02	
3623	1.141563e+07	-7.55657e+01	-3.77735e+02	
3624	1.148154e+07	-7.57515e+01	-3.78103e+02	
3625	1.154782e+07	-7.59376e+01	-3.78470e+02	
3626	1.161449e+07	-7.61240e+01	-3.78838e+02	
3627	1.168154e+07	-7.63108e+01	-3.79205e+02	
3628	1.174898e+07	-7.64979e+01	-3.79573e+02	
3629	1.181680e+07	-7.66854e+01	-3.79940e+02	
3630	1.188502e+07	-7.68733e+01	-3.80308e+02	
3631	1.195364e+07	-7.70615e+01	-3.80676e+02	
3632	1.202264e+07	-7.72502e+01	-3.81044e+02	
3633	1.209205e+07	-7.74392e+01	-3.81412e+02	
3634	1.216186e+07	-7.76287e+01	-3.81780e+02	
3635	1.223207e+07	-7.78186e+01	-3.82149e+02	
3636	1.230269e+07	-7.80089e+01	-3.82518e+02	
3637	1.237371e+07	-7.81997e+01	-3.82887e+02	
3638	1.244515e+07	-7.83909e+01	-3.83256e+02	
3639	1.251699e+07	-7.85826e+01	-3.83625e+02	
3640	1.258925e+07	-7.87747e+01	-3.83995e+02	
3641	1.266193e+07	-7.89674e+01	-3.84365e+02	
3642	1.273503e+07	-7.91605e+01	-3.84735e+02	
3643	1.280855e+07	-7.93542e+01	-3.85106e+02	
3644	1.288250e+07	-7.95483e+01	-3.85477e+02	
3645	1.295687e+07	-7.97431e+01	-3.85849e+02	
3646	1.303167e+07	-7.99383e+01	-3.86220e+02	
3647	1.310690e+07	-8.01342e+01	-3.86593e+02	
3648	1.318257e+07	-8.03306e+01	-3.86965e+02	
3649	1.325867e+07	-8.05276e+01	-3.87339e+02	
3650	1.333521e+07	-8.07252e+01	-3.87712e+02	

Index   frequency       tdb             tph             
--------------------------------------------------------------------------------
3651	1.341220e+07	-8.09235e+01	-3.88087e+02	
3652	1.348963e+07	-8.11224e+01	-3.88461e+02	
3653	1.356751e+07	-8.13219e+01	-3.88837e+02	
3654	1.364583e+07	-8.15222e+01	-3.89213e+02	
3655	1.372461e+07	-8.17231e+01	-3.89590e+02	
3656	1.380384e+07	-8.19247e+01	-3.89967e+02	
3657	1.388353e+07	-8.21270e+01	-3.90345e+02	
3658	1.396368e+07	-8.23301e+01	-3.90724e+02	
3659	1.404430e+07	-8.25340e+01	-3.91104e+02	
3660	1.412538e+07	-8.27386e+01	-3.91485e+02	
3661	1.420692e+07	-8.29441e+01	-3.91866e+02	
3662	1.428894e+07	-8.31504e+01	-3.92249e+02	
3663	1.437143e+07	-8.33575e+01	-3.92632e+02	
3664	1.445440e+07	-8.35655e+01	-3.93017e+02	
3665	1.453784e+07	-8.37744e+01	-3.93402e+02	
3666	1.462177e+07	-8.39842e+01	-3.93789e+02	
3667	1.470618e+07	-8.41949e+01	-3.94177e+02	
3668	1.479108e+07	-8.44067e+01	-3.94566e+02	
3669	1.487647e+07	-8.46194e+01	-3.94957e+02	
3670	1.496236e+07	-8.48331e+01	-3.95349e+02	
3671	1.504874e+07	-8.50479e+01	-3.95742e+02	
3672	1.513561e+07	-8.52638e+01	-3.96137e+02	
3673	1.522299e+07	-8.54808e+01	-3.96534e+02	
3674	1.531087e+07	-8.56989e+01	-3.96932e+02	
3675	1.539927e+07	-8.59182e+01	-3.97332e+02	
3676	1.548817e+07	-8.61388e+01	-3.97734e+02	
3677	1.557758e+07	-8.63605e+01	-3.98138e+02	
3678	1.566751e+07	-8.65836e+01	-3.98544e+02	
3679	1.575796e+07	-8.68079e+01	-3.98952e+02	
3680	1.584893e+07	-8.70336e+01	-3.99362e+02	
3681	1.594043e+07	-8.72608e+01	-3.99775e+02	
3682	1.603245e+07	-8.74893e+01	-4.00190e+02	
3683	1.612501e+07	-8.77193e+01	-4.00608e+02	
3684	1.621810e+07	-8.79509e+01	-4.01028e+02	
3685	1.631173e+07	-8.81840e+01	-4.01452e+02	
3686	1.640590e+07	-8.84188e+01	-4.01878e+02	
3687	1.650061e+07	-8.86552e+01	-4.02308e+02	
3688	1.659587e+07	-8.88934e+01	-4.02741e+02	
3689	1.669168e+07	-8.91333e+01	-4.03177e+02	
3690	1.678804e+07	-8.93751e+01	-4.03618e+02	
3691	1.688496e+07	-8.96188e+01	-4.04062e+02	
3692	1.698244e+07	-8.98644e+01	-4.04510e+02	
3693	1.708048e+07	-9.01121e+01	-4.04963e+02	
3694	1.717908e+07	-9.03618e+01	-4.05420e+02	
3695	1.727826e+07	-9.06138e+01	-4.05882e+02	
3696	1.737801e+07	-9.08679e+01	-4.06350e+02	
3697	1.747833e+07	-9.11244e+01	-4.06822e+02	
3698	1.757924e+07	-9.13833e+01	-4.07301e+02	
3699	1.768072e+07	-9.16447e+01	-4.07786e+02	
3700	1.778279e+07	-9.19086e+01	-4.08277e+02	
3701	1.788546e+07	-9.21753e+01	-4.08774e+02	
3702	1.798871e+07	-9.24447e+01	-4.09280e+02	
3703	1.809256e+07	-9.27169e+01	-4.09792e+02	
3704	1.819701e+07	-9.29922e+01	-4.10313e+02	
3705	1.830206e+07	-9.32705e+01	-4.10843e+02	
3706	1.840772e+07	-9.35521e+01	-4.11382e+02	
3707	1.851399e+07	-9.38370e+01	-4.11931e+02	
3708	1.862087e+07	-9.41253e+01	-4.12490e+02	

Index   frequency       tdb             tph             
--------------------------------------------------------------------------------
3709	1.872837e+07	-9.44173e+01	-4.13061e+02	
3710	1.883649e+07	-9.47131e+01	-4.13643e+02	
3711	1.894524e+07	-9.50127e+01	-4.14239e+02	
3712	1.905461e+07	-9.53165e+01	-4.14848e+02	
3713	1.916461e+07	-9.56245e+01	-4.15472e+02	
3714	1.927525e+07	-9.59369e+01	-4.16112e+02	
3715	1.938653e+07	-9.62540e+01	-4.16769e+02	
3716	1.949845e+07	-9.65759e+01	-4.17444e+02	
3717	1.961101e+07	-9.69029e+01	-4.18139e+02	
3718	1.972423e+07	-9.72351e+01	-4.18855e+02	
3719	1.983810e+07	-9.75729e+01	-4.19595e+02	
3720	1.995262e+07	-9.79164e+01	-4.20360e+02	
3721	2.006781e+07	-9.82660e+01	-4.21152e+02	
3722	2.018366e+07	-9.86219e+01	-4.21974e+02	
3723	2.030019e+07	-9.89844e+01	-4.22828e+02	
3724	2.041738e+07	-9.93538e+01	-4.23717e+02	
3725	2.053525e+07	-9.97305e+01	-4.24645e+02	
3726	2.065380e+07	-1.00115e+02	-4.25615e+02	
3727	2.077304e+07	-1.00507e+02	-4.26632e+02	
3728	2.089296e+07	-1.00907e+02	-4.27700e+02	
3729	2.101358e+07	-1.01316e+02	-4.28825e+02	
3730	2.113489e+07	-1.01735e+02	-4.30012e+02	
3731	2.125690e+07	-1.02162e+02	-4.31268e+02	
3732	2.137962e+07	-1.02599e+02	-4.32601e+02	
3733	2.150305e+07	-1.03047e+02	-4.34021e+02	
3734	2.162719e+07	-1.03504e+02	-4.35536e+02	
3735	2.175204e+07	-1.03972e+02	-4.37158e+02	
3736	2.187762e+07	-1.04451e+02	-4.38900e+02	
3737	2.200392e+07	-1.04940e+02	-4.40778e+02	
3738	2.213095e+07	-1.05439e+02	-4.42807e+02	
3739	2.225871e+07	-1.05948e+02	-4.45006e+02	
3740	2.238721e+07	-1.06466e+02	-4.47398e+02	
3741	2.251645e+07	-1.06991e+02	-4.50004e+02	
3742	2.264644e+07	-1.07520e+02	-4.52852e+02	
3743	2.277718e+07	-1.08052e+02	-4.55968e+02	
3744	2.290868e+07	-1.08581e+02	-4.59380e+02	
3745	2.304093e+07	-1.09102e+02	-4.63115e+02	
3746	2.317395e+07	-1.09607e+02	-4.67196e+02	
3747	2.330773e+07	-1.10087e+02	-4.71639e+02	
3748	2.344229e+07	-1.10533e+02	-4.76446e+02	
3749	2.357762e+07	-1.10932e+02	-4.81604e+02	
3750	2.371374e+07	-1.11271e+02	-4.87076e+02	
3751	2.385064e+07	-1.11540e+02	-4.92799e+02	
3752	2.398833e+07	-1.11729e+02	-4.98688e+02	
3753	2.412682e+07	-1.11834e+02	-5.04639e+02	
3754	2.426610e+07	-1.11853e+02	-5.10542e+02	
3755	2.440619e+07	-1.11792e+02	-5.16290e+02	
3756	2.454709e+07	-1.11659e+02	-5.21796e+02	
3757	2.468880e+07	-1.11465e+02	-5.26993e+02	
3758	2.483133e+07	-1.11223e+02	-5.31842e+02	
3759	2.497468e+07	-1.10944e+02	-5.36326e+02	
3760	2.511886e+07	-1.10639e+02	-5.40446e+02	
3761	2.526388e+07	-1.10318e+02	-5.44217e+02	
3762	2.540973e+07	-1.09988e+02	-5.47660e+02	
3763	2.555642e+07	-1.09654e+02	-5.50802e+02	
3764	2.570396e+07	-1.09322e+02	-5.53670e+02	
3765	2.585235e+07	-1.08994e+02	-5.56294e+02	
3766	2.600160e+07	-1.08673e+02	-5.58697e+02	

Index   frequency       tdb             tph             
--------------------------------------------------------------------------------
3767	2.615170e+07	-1.08361e+02	-5.60905e+02	
3768	2.630268e+07	-1.08058e+02	-5.62938e+02	
3769	2.645453e+07	-1.07765e+02	-5.64816e+02	
3770	2.660725e+07	-1.07483e+02	-5.66556e+02	
3771	2.676086e+07	-1.07211e+02	-5.68173e+02	
3772	2.691535e+07	-1.06950e+02	-5.69679e+02	
3773	2.707073e+07	-1.06700e+02	-5.71088e+02	
3774	2.722701e+07	-1.06459e+02	-5.72408e+02	
3775	2.738420e+07	-1.06228e+02	-5.73649e+02	
3776	2.754229e+07	-1.06007e+02	-5.74818e+02	
3777	2.770129e+07	-1.05795e+02	-5.75923e+02	
3778	2.786121e+07	-1.05591e+02	-5.76970e+02	
3779	2.802206e+07	-1.05396e+02	-5.77964e+02	
3780	2.818383e+07	-1.05208e+02	-5.78909e+02	
3781	2.834654e+07	-1.05029e+02	-5.79810e+02	
3782	2.851018e+07	-1.04857e+02	-5.80672e+02	
3783	2.867477e+07	-1.04691e+02	-5.81496e+02	
3784	2.884032e+07	-1.04533e+02	-5.82287e+02	
3785	2.900681e+07	-1.04380e+02	-5.83046e+02	
3786	2.917427e+07	-1.04234e+02	-5.83777e+02	
3787	2.934270e+07	-1.04094e+02	-5.84481e+02	
3788	2.951209e+07	-1.03959e+02	-5.85161e+02	
3789	2.968247e+07	-1.03830e+02	-5.85818e+02	
3790	2.985383e+07	-1.03705e+02	-5.86454e+02	
3791	3.002617e+07	-1.03586e+02	-5.87070e+02	
3792	3.019952e+07	-1.03471e+02	-5.87668e+02	
3793	3.037386e+07	-1.03361e+02	-5.88248e+02	
3794	3.054921e+07	-1.03255e+02	-5.88813e+02	
3795	3.072557e+07	-1.03153e+02	-5.89363e+02	
3796	3.090295e+07	-1.03056e+02	-5.89899e+02	
3797	3.108136e+07	-1.02962e+02	-5.90421e+02	
3798	3.126079e+07	-1.02871e+02	-5.90931e+02	
3799	3.144126e+07	-1.02784e+02	-5.91430e+02	
3800	3.162278e+07	-1.02701e+02	-5.91917e+02	
3801	3.180534e+07	-1.02621e+02	-5.92394e+02	
3802	3.198895e+07	-1.02544e+02	-5.92861e+02	
3803	3.217363e+07	-1.02470e+02	-5.93319e+02	
3804	3.235937e+07	-1.02399e+02	-5.93768e+02	
3805	3.254618e+07	-1.02331e+02	-5.94209e+02	
3806	3.273407e+07	-1.02265e+02	-5.94641e+02	
3807	3.292305e+07	-1.02202e+02	-5.95066e+02	
3808	3.311311e+07	-1.02142e+02	-5.95484e+02	
3809	3.330428e+07	-1.02084e+02	-5.95896e+02	
3810	3.349654e+07	-1.02029e+02	-5.96300e+02	
3811	3.368992e+07	-1.01975e+02	-5.96699e+02	
3812	3.388442e+07	-1.01924e+02	-5.97091e+02	
3813	3.408003e+07	-1.01876e+02	-5.97478e+02	
3814	3.427678e+07	-1.01829e+02	-5.97859e+02	
3815	3.447466e+07	-1.01784e+02	-5.98235e+02	
3816	3.467369e+07	-1.01741e+02	-5.98607e+02	
3817	3.487386e+07	-1.01700e+02	-5.98973e+02	
3818	3.507519e+07	-1.01661e+02	-5.99335e+02	
3819	3.527768e+07	-1.01624e+02	-5.99692e+02	
3820	3.548134e+07	-1.01589e+02	-6.00045e+02	
3821	3.568617e+07	-1.01555e+02	-6.00395e+02	
3822	3.589219e+07	-1.01523e+02	-6.00740e+02	
3823	3.609940e+07	-1.01492e+02	-6.01081e+02	
3824	3.630781e+07	-1.01463e+02	-6.01419e+02	

Index   frequency       tdb             tph             
--------------------------------------------------------------------------------
3825	3.651741e+07	-1.01435e+02	-6.01754e+02	
3826	3.672823e+07	-1.01409e+02	-6.02085e+02	
3827	3.694026e+07	-1.01384e+02	-6.02412e+02	
3828	3.715352e+07	-1.01361e+02	-6.02737e+02	
3829	3.736801e+07	-1.01339e+02	-6.03059e+02	
3830	3.758374e+07	-1.01318e+02	-6.03377e+02	
3831	3.780071e+07	-1.01299e+02	-6.03693e+02	
3832	3.801894e+07	-1.01280e+02	-6.04006e+02	
3833	3.823843e+07	-1.01263e+02	-6.04317e+02	
3834	3.845918e+07	-1.01248e+02	-6.04625e+02	
3835	3.868121e+07	-1.01233e+02	-6.04930e+02	
3836	3.890451e+07	-1.01219e+02	-6.05233e+02	
3837	3.912911e+07	-1.01207e+02	-6.05534e+02	
3838	3.935501e+07	-1.01195e+02	-6.05832e+02	
3839	3.958221e+07	-1.01185e+02	-6.06128e+02	
3840	3.981072e+07	-1.01176e+02	-6.06422e+02	
3841	4.004055e+07	-1.01167e+02	-6.06714e+02	
3842	4.027170e+07	-1.01160e+02	-6.07004e+02	
3843	4.050419e+07	-1.01153e+02	-6.07292e+02	
3844	4.073803e+07	-1.01148e+02	-6.07578e+02	
3845	4.097321e+07	-1.01143e+02	-6.07863e+02	
3846	4.120975e+07	-1.01139e+02	-6.08145e+02	
3847	4.144766e+07	-1.01136e+02	-6.08426e+02	
3848	4.168694e+07	-1.01134e+02	-6.08705e+02	
3849	4.192760e+07	-1.01133e+02	-6.08982e+02	
3850	4.216965e+07	-1.01132e+02	-6.09258e+02	
3851	4.241310e+07	-1.01132e+02	-6.09532e+02	
3852	4.265795e+07	-1.01133e+02	-6.09804e+02	
3853	4.290422e+07	-1.01135e+02	-6.10075e+02	
3854	4.315191e+07	-1.01137e+02	-6.10345e+02	
3855	4.340103e+07	-1.01141e+02	-6.10613e+02	
3856	4.365158e+07	-1.01145e+02	-6.10880e+02	
3857	4.390359e+07	-1.01149e+02	-6.11145e+02	
3858	4.415704e+07	-1.01154e+02	-6.11409e+02	
3859	4.441197e+07	-1.01160e+02	-6.11672e+02	
3860	4.466836e+07	-1.01167e+02	-6.11933e+02	
3861	4.492623e+07	-1.01174e+02	-6.12193e+02	
3862	4.518559e+07	-1.01181e+02	-6.12452e+02	
3863	4.544645e+07	-1.01190e+02	-6.12710e+02	
3864	4.570882e+07	-1.01199e+02	-6.12967e+02	
3865	4.597270e+07	-1.01208e+02	-6.13222e+02	
3866	4.623810e+07	-1.01218e+02	-6.13477e+02	
3867	4.650504e+07	-1.01229e+02	-6.13730e+02	
3868	4.677351e+07	-1.01240e+02	-6.13982e+02	
3869	4.704354e+07	-1.01252e+02	-6.14234e+02	
3870	4.731513e+07	-1.01264e+02	-6.14484e+02	
3871	4.758828e+07	-1.01276e+02	-6.14733e+02	
3872	4.786301e+07	-1.01290e+02	-6.14981e+02	
3873	4.813933e+07	-1.01303e+02	-6.15229e+02	
3874	4.841724e+07	-1.01317e+02	-6.15475e+02	
3875	4.869675e+07	-1.01332e+02	-6.15720e+02	
3876	4.897788e+07	-1.01347e+02	-6.15965e+02	
3877	4.926063e+07	-1.01363e+02	-6.16209e+02	
3878	4.954502e+07	-1.01379e+02	-6.16452e+02	
3879	4.983105e+07	-1.01395e+02	-6.16694e+02	
3880	5.011872e+07	-1.01412e+02	-6.16935e+02	
3881	5.040806e+07	-1.01429e+02	-6.17175e+02	
3882	5.069907e+07	-1.01446e+02	-6.17415e+02	

Index   frequency       tdb             tph             
--------------------------------------------------------------------------------
3883	5.099176e+07	-1.01464e+02	-6.17654e+02	
3884	5.128614e+07	-1.01483e+02	-6.17892e+02	
3885	5.158222e+07	-1.01502e+02	-6.18129e+02	
3886	5.188000e+07	-1.01521e+02	-6.18366e+02	
3887	5.217951e+07	-1.01540e+02	-6.18601e+02	
3888	5.248075e+07	-1.01560e+02	-6.18837e+02	
3889	5.278372e+07	-1.01580e+02	-6.19071e+02	
3890	5.308844e+07	-1.01601e+02	-6.19305e+02	
3891	5.339493e+07	-1.01622e+02	-6.19538e+02	
3892	5.370318e+07	-1.01643e+02	-6.19771e+02	
3893	5.401321e+07	-1.01664e+02	-6.20003e+02	
3894	5.432503e+07	-1.01686e+02	-6.20234e+02	
3895	5.463865e+07	-1.01709e+02	-6.20465e+02	
3896	5.495409e+07	-1.01731e+02	-6.20695e+02	
3897	5.527134e+07	-1.01754e+02	-6.20924e+02	
3898	5.559043e+07	-1.01777e+02	-6.21153e+02	
3899	5.591135e+07	-1.01800e+02	-6.21382e+02	
3900	5.623413e+07	-1.01824e+02	-6.21609e+02	
3901	5.655878e+07	-1.01848e+02	-6.21837e+02	
3902	5.688529e+07	-1.01872e+02	-6.22063e+02	
3903	5.721370e+07	-1.01896e+02	-6.22290e+02	
3904	5.754399e+07	-1.01921e+02	-6.22515e+02	
3905	5.787620e+07	-1.01946e+02	-6.22741e+02	
3906	5.821032e+07	-1.01971e+02	-6.22966e+02	
3907	5.854637e+07	-1.01997e+02	-6.23190e+02	
3908	5.888437e+07	-1.02023e+02	-6.23414e+02	
3909	5.922431e+07	-1.02048e+02	-6.23637e+02	
3910	5.956621e+07	-1.02075e+02	-6.23860e+02	
3911	5.991009e+07	-1.02101e+02	-6.24083e+02	
3912	6.025596e+07	-1.02128e+02	-6.24305e+02	
3913	6.060382e+07	-1.02154e+02	-6.24526e+02	
3914	6.095369e+07	-1.02182e+02	-6.24748e+02	
3915	6.130558e+07	-1.02209e+02	-6.24968e+02	
3916	6.165950e+07	-1.02236e+02	-6.25189e+02	
3917	6.201546e+07	-1.02264e+02	-6.25409e+02	
3918	6.237348e+07	-1.02292e+02	-6.25629e+02	
3919	6.273357e+07	-1.02320e+02	-6.25848e+02	
3920	6.309573e+07	-1.02348e+02	-6.26067e+02	
3921	6.345999e+07	-1.02376e+02	-6.26286e+02	
3922	6.382635e+07	-1.02405e+02	-6.26504e+02	
3923	6.419482e+07	-1.02434e+02	-6.26722e+02	
3924	6.456542e+07	-1.02463e+02	-6.26939e+02	
3925	6.493816e+07	-1.02492e+02	-6.27157e+02	
3926	6.531306e+07	-1.02521e+02	-6.27374e+02	
3927	6.569011e+07	-1.02551e+02	-6.27590e+02	
3928	6.606934e+07	-1.02580e+02	-6.27807e+02	
3929	6.645077e+07	-1.02610e+02	-6.28023e+02	
3930	6.683439e+07	-1.02640e+02	-6.28239e+02	
3931	6.722023e+07	-1.02670e+02	-6.28454e+02	
3932	6.760830e+07	-1.02700e+02	-6.28669e+02	
3933	6.799860e+07	-1.02731e+02	-6.28884e+02	
3934	6.839116e+07	-1.02761e+02	-6.29099e+02	
3935	6.878599e+07	-1.02792e+02	-6.29314e+02	
3936	6.918310e+07	-1.02822e+02	-6.29528e+02	
3937	6.958250e+07	-1.02853e+02	-6.29742e+02	
3938	6.998420e+07	-1.02884e+02	-6.29956e+02	
3939	7.038822e+07	-1.02915e+02	-6.30169e+02	
3940	7.079458e+07	-1.02947e+02	-6.30382e+02	

Index   frequency       tdb             tph             
--------------------------------------------------------------------------------
3941	7.120328e+07	-1.02978e+02	-6.30595e+02	
3942	7.161434e+07	-1.03009e+02	-6.30808e+02	
3943	7.202778e+07	-1.03041e+02	-6.31021e+02	
3944	7.244360e+07	-1.03073e+02	-6.31233e+02	
3945	7.286182e+07	-1.03104e+02	-6.31446e+02	
3946	7.328245e+07	-1.03136e+02	-6.31658e+02	
3947	7.370552e+07	-1.03168e+02	-6.31870e+02	
3948	7.413102e+07	-1.03200e+02	-6.32081e+02	
3949	7.455899e+07	-1.03233e+02	-6.32293e+02	
3950	7.498942e+07	-1.03265e+02	-6.32504e+02	
3951	7.542234e+07	-1.03297e+02	-6.32716e+02	
3952	7.585776e+07	-1.03330e+02	-6.32927e+02	
3953	7.629569e+07	-1.03362e+02	-6.33138e+02	
3954	7.673615e+07	-1.03395e+02	-6.33348e+02	
3955	7.717915e+07	-1.03427e+02	-6.33559e+02	
3956	7.762471e+07	-1.03460e+02	-6.33770e+02	
3957	7.807284e+07	-1.03493e+02	-6.33980e+02	
3958	7.852356e+07	-1.03526e+02	-6.34190e+02	
3959	7.897688e+07	-1.03559e+02	-6.34400e+02	
3960	7.943282e+07	-1.03592e+02	-6.34610e+02	
3961	7.989139e+07	-1.03625e+02	-6.34820e+02	
3962	8.035261e+07	-1.03658e+02	-6.35030e+02	
3963	8.081649e+07	-1.03691e+02	-6.35240e+02	
3964	8.128305e+07	-1.03725e+02	-6.35449e+02	
3965	8.175230e+07	-1.03758e+02	-6.35659e+02	
3966	8.222426e+07	-1.03791e+02	-6.35868e+02	
3967	8.269895e+07	-1.03825e+02	-6.36077e+02	
3968	8.317638e+07	-1.03858e+02	-6.36286e+02	
3969	8.365656e+07	-1.03892e+02	-6.36496e+02	
3970	8.413951e+07	-1.03925e+02	-6.36705e+02	
3971	8.462526e+07	-1.03959e+02	-6.36914e+02	
3972	8.511380e+07	-1.03993e+02	-6.37122e+02	
3973	8.560517e+07	-1.04026e+02	-6.37331e+02	
3974	8.609938e+07	-1.04060e+02	-6.37540e+02	
3975	8.659643e+07	-1.04094e+02	-6.37749e+02	
3976	8.709636e+07	-1.04127e+02	-6.37957e+02	
3977	8.759917e+07	-1.04161e+02	-6.38166e+02	
3978	8.810489e+07	-1.04195e+02	-6.38374e+02	
3979	8.861352e+07	-1.04229e+02	-6.38583e+02	
3980	8.912509e+07	-1.04263e+02	-6.38791e+02	
3981	8.963962e+07	-1.04297e+02	-6.39000e+02	
3982	9.015711e+07	-1.04331e+02	-6.39208e+02	
3983	9.067760e+07	-1.04365e+02	-6.39416e+02	
3984	9.120108e+07	-1.04399e+02	-6.39625e+02	
3985	9.172759e+07	-1.04432e+02	-6.39833e+02	
3986	9.225714e+07	-1.04466e+02	-6.40041e+02	
3987	9.278975e+07	-1.04500e+02	-6.40250e+02	
3988	9.332543e+07	-1.04534e+02	-6.40458e+02	
3989	9.386420e+07	-1.04568e+02	-6.40666e+02	
3990	9.440609e+07	-1.04602e+02	-6.40874e+02	
3991	9.495110e+07	-1.04636e+02	-6.41082e+02	
3992	9.549926e+07	-1.04671e+02	-6.41290e+02	
3993	9.605058e+07	-1.04705e+02	-6.41498e+02	
3994	9.660509e+07	-1.04739e+02	-6.41707e+02	
3995	9.716280e+07	-1.04773e+02	-6.41915e+02	
3996	9.772372e+07	-1.04807e+02	-6.42123e+02	
3997	9.828789e+07	-1.04841e+02	-6.42331e+02	
3998	9.885531e+07	-1.04875e+02	-6.42539e+02	

Index   frequency       tdb             tph             
--------------------------------------------------------------------------------
3999	9.942601e+07	-1.04908e+02	-6.42747e+02	
4000	1.000000e+08	-1.04942e+02	-6.42955e+02	
4001	1.005773e+08	-1.04976e+02	-6.43163e+02	
4002	1.011579e+08	-1.05010e+02	-6.43371e+02	
4003	1.017419e+08	-1.05044e+02	-6.43580e+02	
4004	1.023293e+08	-1.05078e+02	-6.43788e+02	
4005	1.029201e+08	-1.05112e+02	-6.43996e+02	
4006	1.035142e+08	-1.05146e+02	-6.44204e+02	
4007	1.041118e+08	-1.05180e+02	-6.44412e+02	
4008	1.047129e+08	-1.05213e+02	-6.44620e+02	
4009	1.053174e+08	-1.05247e+02	-6.44829e+02	
4010	1.059254e+08	-1.05281e+02	-6.45037e+02	
4011	1.065369e+08	-1.05315e+02	-6.45245e+02	
4012	1.071519e+08	-1.05348e+02	-6.45453e+02	
4013	1.077705e+08	-1.05382e+02	-6.45662e+02	
4014	1.083927e+08	-1.05416e+02	-6.45870e+02	
4015	1.090184e+08	-1.05449e+02	-6.46078e+02	
4016	1.096478e+08	-1.05483e+02	-6.46287e+02	
4017	1.102808e+08	-1.05516e+02	-6.46495e+02	
4018	1.109175e+08	-1.05550e+02	-6.46704e+02	
4019	1.115578e+08	-1.05583e+02	-6.46912e+02	
4020	1.122018e+08	-1.05617e+02	-6.47121e+02	
4021	1.128496e+08	-1.05650e+02	-6.47329e+02	
4022	1.135011e+08	-1.05683e+02	-6.47538e+02	
4023	1.141563e+08	-1.05717e+02	-6.47746e+02	
4024	1.148154e+08	-1.05750e+02	-6.47955e+02	
4025	1.154782e+08	-1.05783e+02	-6.48164e+02	
4026	1.161449e+08	-1.05816e+02	-6.48372e+02	
4027	1.168154e+08	-1.05849e+02	-6.48581e+02	
4028	1.174898e+08	-1.05882e+02	-6.48790e+02	
4029	1.181680e+08	-1.05915e+02	-6.48998e+02	
4030	1.188502e+08	-1.05948e+02	-6.49207e+02	
4031	1.195364e+08	-1.05981e+02	-6.49416e+02	
4032	1.202264e+08	-1.06013e+02	-6.49625e+02	
4033	1.209205e+08	-1.06046e+02	-6.49834e+02	
4034	1.216186e+08	-1.06079e+02	-6.50043e+02	
4035	1.223207e+08	-1.06111e+02	-6.50252e+02	
4036	1.230269e+08	-1.06144e+02	-6.50460e+02	
4037	1.237371e+08	-1.06176e+02	-6.50669e+02	
4038	1.244515e+08	-1.06209e+02	-6.50878e+02	
4039	1.251699e+08	-1.06241e+02	-6.51088e+02	
4040	1.258925e+08	-1.06273e+02	-6.51297e+02	
4041	1.266193e+08	-1.06306e+02	-6.51506e+02	
4042	1.273503e+08	-1.06338e+02	-6.51715e+02	
4043	1.280855e+08	-1.06370e+02	-6.51924e+02	
4044	1.288250e+08	-1.06402e+02	-6.52133e+02	
4045	1.295687e+08	-1.06434e+02	-6.52342e+02	
4046	1.303167e+08	-1.06466e+02	-6.52551e+02	
4047	1.310690e+08	-1.06497e+02	-6.52761e+02	
4048	1.318257e+08	-1.06529e+02	-6.52970e+02	
4049	1.325867e+08	-1.06561e+02	-6.53179e+02	
4050	1.333521e+08	-1.06592e+02	-6.53388e+02	
4051	1.341220e+08	-1.06624e+02	-6.53598e+02	
4052	1.348963e+08	-1.06655e+02	-6.53807e+02	
4053	1.356751e+08	-1.06686e+02	-6.54016e+02	
4054	1.364583e+08	-1.06717e+02	-6.54226e+02	
4055	1.372461e+08	-1.06748e+02	-6.54435e+02	
4056	1.380384e+08	-1.06779e+02	-6.54644e+02	

Index   frequency       tdb             tph             
--------------------------------------------------------------------------------
4057	1.388353e+08	-1.06810e+02	-6.54854e+02	
4058	1.396368e+08	-1.06841e+02	-6.55063e+02	
4059	1.404430e+08	-1.06872e+02	-6.55272e+02	
4060	1.412538e+08	-1.06903e+02	-6.55481e+02	
4061	1.420692e+08	-1.06933e+02	-6.55691e+02	
4062	1.428894e+08	-1.06964e+02	-6.55900e+02	
4063	1.437143e+08	-1.06994e+02	-6.56109e+02	
4064	1.445440e+08	-1.07024e+02	-6.56319e+02	
4065	1.453784e+08	-1.07055e+02	-6.56528e+02	
4066	1.462177e+08	-1.07085e+02	-6.56737e+02	
4067	1.470618e+08	-1.07115e+02	-6.56946e+02	
4068	1.479108e+08	-1.07145e+02	-6.57156e+02	
4069	1.487647e+08	-1.07175e+02	-6.57365e+02	
4070	1.496236e+08	-1.07204e+02	-6.57574e+02	
4071	1.504874e+08	-1.07234e+02	-6.57783e+02	
4072	1.513561e+08	-1.07263e+02	-6.57992e+02	
4073	1.522299e+08	-1.07293e+02	-6.58201e+02	
4074	1.531087e+08	-1.07322e+02	-6.58411e+02	
4075	1.539927e+08	-1.07351e+02	-6.58620e+02	
4076	1.548817e+08	-1.07381e+02	-6.58829e+02	
4077	1.557758e+08	-1.07410e+02	-6.59038e+02	
4078	1.566751e+08	-1.07439e+02	-6.59246e+02	
4079	1.575796e+08	-1.07467e+02	-6.59455e+02	
4080	1.584893e+08	-1.07496e+02	-6.59664e+02	
4081	1.594043e+08	-1.07525e+02	-6.59873e+02	
4082	1.603245e+08	-1.07553e+02	-6.60081e+02	
4083	1.612501e+08	-1.07581e+02	-6.60290e+02	
4084	1.621810e+08	-1.07610e+02	-6.60499e+02	
4085	1.631173e+08	-1.07638e+02	-6.60707e+02	
4086	1.640590e+08	-1.07666e+02	-6.60916e+02	
4087	1.650061e+08	-1.07694e+02	-6.61124e+02	
4088	1.659587e+08	-1.07722e+02	-6.61332e+02	
4089	1.669168e+08	-1.07749e+02	-6.61540e+02	
4090	1.678804e+08	-1.07777e+02	-6.61749e+02	
4091	1.688496e+08	-1.07805e+02	-6.61957e+02	
4092	1.698244e+08	-1.07832e+02	-6.62164e+02	
4093	1.708048e+08	-1.07859e+02	-6.62372e+02	
4094	1.717908e+08	-1.07886e+02	-6.62580e+02	
4095	1.727826e+08	-1.07913e+02	-6.62788e+02	
4096	1.737801e+08	-1.07940e+02	-6.62995e+02	
4097	1.747833e+08	-1.07967e+02	-6.63203e+02	
4098	1.757924e+08	-1.07994e+02	-6.63410e+02	
4099	1.768072e+08	-1.08020e+02	-6.63617e+02	
4100	1.778279e+08	-1.08047e+02	-6.63824e+02	
4101	1.788546e+08	-1.08073e+02	-6.64031e+02	
4102	1.798871e+08	-1.08099e+02	-6.64238e+02	
4103	1.809256e+08	-1.08125e+02	-6.64445e+02	
4104	1.819701e+08	-1.08151e+02	-6.64651e+02	
4105	1.830206e+08	-1.08177e+02	-6.64858e+02	
4106	1.840772e+08	-1.08203e+02	-6.65064e+02	
4107	1.851399e+08	-1.08228e+02	-6.65270e+02	
4108	1.862087e+08	-1.08254e+02	-6.65476e+02	
4109	1.872837e+08	-1.08279e+02	-6.65682e+02	
4110	1.883649e+08	-1.08304e+02	-6.65888e+02	
4111	1.894524e+08	-1.08330e+02	-6.66093e+02	
4112	1.905461e+08	-1.08355e+02	-6.66299e+02	
4113	1.916461e+08	-1.08379e+02	-6.66504e+02	
4114	1.927525e+08	-1.08404e+02	-6.66709e+02	

Index   frequency       tdb             tph             
--------------------------------------------------------------------------------
4115	1.938653e+08	-1.08429e+02	-6.66914e+02	
4116	1.949845e+08	-1.08453e+02	-6.67118e+02	
4117	1.961101e+08	-1.08478e+02	-6.67323e+02	
4118	1.972423e+08	-1.08502e+02	-6.67527e+02	
4119	1.983810e+08	-1.08526e+02	-6.67731e+02	
4120	1.995262e+08	-1.08550e+02	-6.67935e+02	
4121	2.006781e+08	-1.08574e+02	-6.68139e+02	
4122	2.018366e+08	-1.08598e+02	-6.68342e+02	
4123	2.030019e+08	-1.08621e+02	-6.68546e+02	
4124	2.041738e+08	-1.08645e+02	-6.68749e+02	
4125	2.053525e+08	-1.08668e+02	-6.68951e+02	
4126	2.065380e+08	-1.08691e+02	-6.69154e+02	
4127	2.077304e+08	-1.08714e+02	-6.69356e+02	
4128	2.089296e+08	-1.08737e+02	-6.69559e+02	
4129	2.101358e+08	-1.08760e+02	-6.69761e+02	
4130	2.113489e+08	-1.08783e+02	-6.69962e+02	
4131	2.125690e+08	-1.08805e+02	-6.70164e+02	
4132	2.137962e+08	-1.08828e+02	-6.70365e+02	
4133	2.150305e+08	-1.08850e+02	-6.70566e+02	
4134	2.162719e+08	-1.08872e+02	-6.70766e+02	
4135	2.175204e+08	-1.08894e+02	-6.70967e+02	
4136	2.187762e+08	-1.08916e+02	-6.71167e+02	
4137	2.200392e+08	-1.08938e+02	-6.71367e+02	
4138	2.213095e+08	-1.08960e+02	-6.71566e+02	
4139	2.225871e+08	-1.08981e+02	-6.71766e+02	
4140	2.238721e+08	-1.09003e+02	-6.71965e+02	
4141	2.251645e+08	-1.09024e+02	-6.72164e+02	
4142	2.264644e+08	-1.09045e+02	-6.72362e+02	
4143	2.277718e+08	-1.09066e+02	-6.72560e+02	
4144	2.290868e+08	-1.09087e+02	-6.72758e+02	
4145	2.304093e+08	-1.09108e+02	-6.72956e+02	
4146	2.317395e+08	-1.09129e+02	-6.73153e+02	
4147	2.330773e+08	-1.09149e+02	-6.73350e+02	
4148	2.344229e+08	-1.09170e+02	-6.73547e+02	
4149	2.357762e+08	-1.09190e+02	-6.73743e+02	
4150	2.371374e+08	-1.09210e+02	-6.73939e+02	
4151	2.385064e+08	-1.09230e+02	-6.74135e+02	
4152	2.398833e+08	-1.09250e+02	-6.74330e+02	
4153	2.412682e+08	-1.09270e+02	-6.74525e+02	
4154	2.426610e+08	-1.09289e+02	-6.74720e+02	
4155	2.440619e+08	-1.09309e+02	-6.74914e+02	
4156	2.454709e+08	-1.09328e+02	-6.75108e+02	
4157	2.468880e+08	-1.09348e+02	-6.75302e+02	
4158	2.483133e+08	-1.09367e+02	-6.75495e+02	
4159	2.497468e+08	-1.09386e+02	-6.75688e+02	
4160	2.511886e+08	-1.09404e+02	-6.75880e+02	
4161	2.526388e+08	-1.09423e+02	-6.76073e+02	
4162	2.540973e+08	-1.09442e+02	-6.76264e+02	
4163	2.555642e+08	-1.09460e+02	-6.76456e+02	
4164	2.570396e+08	-1.09479e+02	-6.76647e+02	
4165	2.585235e+08	-1.09497e+02	-6.76838e+02	
4166	2.600160e+08	-1.09515e+02	-6.77028e+02	
4167	2.615170e+08	-1.09533e+02	-6.77218e+02	
4168	2.630268e+08	-1.09551e+02	-6.77407e+02	
4169	2.645453e+08	-1.09569e+02	-6.77596e+02	
4170	2.660725e+08	-1.09586e+02	-6.77785e+02	
4171	2.676086e+08	-1.09604e+02	-6.77973e+02	
4172	2.691535e+08	-1.09621e+02	-6.78161e+02	

Index   frequency       tdb             tph             
--------------------------------------------------------------------------------
4173	2.707073e+08	-1.09638e+02	-6.78349e+02	
4174	2.722701e+08	-1.09655e+02	-6.78536e+02	
4175	2.738420e+08	-1.09672e+02	-6.78723e+02	
4176	2.754229e+08	-1.09689e+02	-6.78909e+02	
4177	2.770129e+08	-1.09706e+02	-6.79095e+02	
4178	2.786121e+08	-1.09723e+02	-6.79280e+02	
4179	2.802206e+08	-1.09739e+02	-6.79465e+02	
4180	2.818383e+08	-1.09756e+02	-6.79649e+02	
4181	2.834654e+08	-1.09772e+02	-6.79834e+02	
4182	2.851018e+08	-1.09788e+02	-6.80017e+02	
4183	2.867477e+08	-1.09804e+02	-6.80200e+02	
4184	2.884032e+08	-1.09820e+02	-6.80383e+02	
4185	2.900681e+08	-1.09836e+02	-6.80565e+02	
4186	2.917427e+08	-1.09851e+02	-6.80747e+02	
4187	2.934270e+08	-1.09867e+02	-6.80929e+02	
4188	2.951209e+08	-1.09882e+02	-6.81110e+02	
4189	2.968247e+08	-1.09898e+02	-6.81290e+02	
4190	2.985383e+08	-1.09913e+02	-6.81470e+02	
4191	3.002617e+08	-1.09928e+02	-6.81650e+02	
4192	3.019952e+08	-1.09943e+02	-6.81829e+02	
4193	3.037386e+08	-1.09958e+02	-6.82007e+02	
4194	3.054921e+08	-1.09973e+02	-6.82185e+02	
4195	3.072557e+08	-1.09987e+02	-6.82363e+02	
4196	3.090295e+08	-1.10002e+02	-6.82540e+02	
4197	3.108136e+08	-1.10016e+02	-6.82717e+02	
4198	3.126079e+08	-1.10030e+02	-6.82893e+02	
4199	3.144126e+08	-1.10045e+02	-6.83069e+02	
4200	3.162278e+08	-1.10059e+02	-6.83244e+02	
4201	3.180534e+08	-1.10073e+02	-6.83419e+02	
4202	3.198895e+08	-1.10086e+02	-6.83593e+02	
4203	3.217363e+08	-1.10100e+02	-6.83767e+02	
4204	3.235937e+08	-1.10114e+02	-6.83940e+02	
4205	3.254618e+08	-1.10127e+02	-6.84113e+02	
4206	3.273407e+08	-1.10141e+02	-6.84285e+02	
4207	3.292305e+08	-1.10154e+02	-6.84457e+02	
4208	3.311311e+08	-1.10167e+02	-6.84628e+02	
4209	3.330428e+08	-1.10180e+02	-6.84799e+02	
4210	3.349654e+08	-1.10193e+02	-6.84969e+02	
4211	3.368992e+08	-1.10206e+02	-6.85138e+02	
4212	3.388442e+08	-1.10219e+02	-6.85307e+02	
4213	3.408003e+08	-1.10231e+02	-6.85476e+02	
4214	3.427678e+08	-1.10244e+02	-6.85644e+02	
4215	3.447466e+08	-1.10256e+02	-6.85812e+02	
4216	3.467369e+08	-1.10269e+02	-6.85979e+02	
4217	3.487386e+08	-1.10281e+02	-6.86145e+02	
4218	3.507519e+08	-1.10293e+02	-6.86311e+02	
4219	3.527768e+08	-1.10305e+02	-6.86477e+02	
4220	3.548134e+08	-1.10317e+02	-6.86642e+02	
4221	3.568617e+08	-1.10329e+02	-6.86806e+02	
4222	3.589219e+08	-1.10340e+02	-6.86970e+02	
4223	3.609940e+08	-1.10352e+02	-6.87133e+02	
4224	3.630781e+08	-1.10363e+02	-6.87296e+02	
4225	3.651741e+08	-1.10375e+02	-6.87458e+02	
4226	3.672823e+08	-1.10386e+02	-6.87620e+02	
4227	3.694026e+08	-1.10397e+02	-6.87781e+02	
4228	3.715352e+08	-1.10408e+02	-6.87942e+02	
4229	3.736801e+08	-1.10419e+02	-6.88102e+02	
4230	3.758374e+08	-1.10430e+02	-6.88261e+02	

Index   frequency       tdb             tph             
--------------------------------------------------------------------------------
4231	3.780071e+08	-1.10441e+02	-6.88420e+02	
4232	3.801894e+08	-1.10452e+02	-6.88579e+02	
4233	3.823843e+08	-1.10463e+02	-6.88737e+02	
4234	3.845918e+08	-1.10473e+02	-6.88894e+02	
4235	3.868121e+08	-1.10484e+02	-6.89051e+02	
4236	3.890451e+08	-1.10494e+02	-6.89207e+02	
4237	3.912911e+08	-1.10504e+02	-6.89363e+02	
4238	3.935501e+08	-1.10514e+02	-6.89518e+02	
4239	3.958221e+08	-1.10524e+02	-6.89673e+02	
4240	3.981072e+08	-1.10534e+02	-6.89827e+02	
4241	4.004055e+08	-1.10544e+02	-6.89980e+02	
4242	4.027170e+08	-1.10554e+02	-6.90133e+02	
4243	4.050419e+08	-1.10564e+02	-6.90285e+02	
4244	4.073803e+08	-1.10573e+02	-6.90437e+02	
4245	4.097321e+08	-1.10583e+02	-6.90588e+02	
4246	4.120975e+08	-1.10592e+02	-6.90739e+02	
4247	4.144766e+08	-1.10602e+02	-6.90889e+02	
4248	4.168694e+08	-1.10611e+02	-6.91039e+02	
4249	4.192760e+08	-1.10620e+02	-6.91188e+02	
4250	4.216965e+08	-1.10629e+02	-6.91336e+02	
4251	4.241310e+08	-1.10638e+02	-6.91484e+02	
4252	4.265795e+08	-1.10647e+02	-6.91631e+02	
4253	4.290422e+08	-1.10656e+02	-6.91778e+02	
4254	4.315191e+08	-1.10665e+02	-6.91924e+02	
4255	4.340103e+08	-1.10674e+02	-6.92070e+02	
4256	4.365158e+08	-1.10682e+02	-6.92215e+02	
4257	4.390359e+08	-1.10691e+02	-6.92359e+02	
4258	4.415704e+08	-1.10699e+02	-6.92503e+02	
4259	4.441197e+08	-1.10708e+02	-6.92647e+02	
4260	4.466836e+08	-1.10716e+02	-6.92790e+02	
4261	4.492623e+08	-1.10724e+02	-6.92932e+02	
4262	4.518559e+08	-1.10732e+02	-6.93074e+02	
4263	4.544645e+08	-1.10740e+02	-6.93215e+02	
4264	4.570882e+08	-1.10748e+02	-6.93355e+02	
4265	4.597270e+08	-1.10756e+02	-6.93495e+02	
4266	4.623810e+08	-1.10764e+02	-6.93635e+02	
4267	4.650504e+08	-1.10772e+02	-6.93774e+02	
4268	4.677351e+08	-1.10780e+02	-6.93912e+02	
4269	4.704354e+08	-1.10787e+02	-6.94050e+02	
4270	4.731513e+08	-1.10795e+02	-6.94187e+02	
4271	4.758828e+08	-1.10802e+02	-6.94324e+02	
4272	4.786301e+08	-1.10810e+02	-6.94460e+02	
4273	4.813933e+08	-1.10817e+02	-6.94595e+02	
4274	4.841724e+08	-1.10824e+02	-6.94730e+02	
4275	4.869675e+08	-1.10831e+02	-6.94864e+02	
4276	4.897788e+08	-1.10839e+02	-6.94998e+02	
4277	4.926063e+08	-1.10846e+02	-6.95132e+02	
4278	4.954502e+08	-1.10853e+02	-6.95264e+02	
4279	4.983105e+08	-1.10860e+02	-6.95397e+02	
4280	5.011872e+08	-1.10866e+02	-6.95528e+02	
4281	5.040806e+08	-1.10873e+02	-6.95659e+02	
4282	5.069907e+08	-1.10880e+02	-6.95790e+02	
4283	5.099176e+08	-1.10887e+02	-6.95920e+02	
4284	5.128614e+08	-1.10893e+02	-6.96049e+02	
4285	5.158222e+08	-1.10900e+02	-6.96178e+02	
4286	5.188000e+08	-1.10906e+02	-6.96306e+02	
4287	5.217951e+08	-1.10912e+02	-6.96434e+02	
4288	5.248075e+08	-1.10919e+02	-6.96561e+02	

Index   frequency       tdb             tph             
--------------------------------------------------------------------------------
4289	5.278372e+08	-1.10925e+02	-6.96688e+02	
4290	5.308844e+08	-1.10931e+02	-6.96814e+02	
4291	5.339493e+08	-1.10937e+02	-6.96940e+02	
4292	5.370318e+08	-1.10943e+02	-6.97065e+02	
4293	5.401321e+08	-1.10949e+02	-6.97189e+02	
4294	5.432503e+08	-1.10955e+02	-6.97313e+02	
4295	5.463865e+08	-1.10961e+02	-6.97436e+02	
4296	5.495409e+08	-1.10967e+02	-6.97559e+02	
4297	5.527134e+08	-1.10973e+02	-6.97682e+02	
4298	5.559043e+08	-1.10979e+02	-6.97803e+02	
4299	5.591135e+08	-1.10984e+02	-6.97925e+02	
4300	5.623413e+08	-1.10990e+02	-6.98045e+02	
4301	5.655878e+08	-1.10995e+02	-6.98165e+02	
4302	5.688529e+08	-1.11001e+02	-6.98285e+02	
4303	5.721370e+08	-1.11006e+02	-6.98404e+02	
4304	5.754399e+08	-1.11012e+02	-6.98523e+02	
4305	5.787620e+08	-1.11017e+02	-6.98641e+02	
4306	5.821032e+08	-1.11022e+02	-6.98758e+02	
4307	5.854637e+08	-1.11028e+02	-6.98875e+02	
4308	5.888437e+08	-1.11033e+02	-6.98992e+02	
4309	5.922431e+08	-1.11038e+02	-6.99108e+02	
4310	5.956621e+08	-1.11043e+02	-6.99223e+02	
4311	5.991009e+08	-1.11048e+02	-6.99338e+02	
4312	6.025596e+08	-1.11053e+02	-6.99452e+02	
4313	6.060382e+08	-1.11058e+02	-6.99566e+02	
4314	6.095369e+08	-1.11063e+02	-6.99679e+02	
4315	6.130558e+08	-1.11067e+02	-6.99792e+02	
4316	6.165950e+08	-1.11072e+02	-6.99904e+02	
4317	6.201546e+08	-1.11077e+02	-7.00016e+02	
4318	6.237348e+08	-1.11082e+02	-7.00127e+02	
4319	6.273357e+08	-1.11086e+02	-7.00238e+02	
4320	6.309573e+08	-1.11091e+02	-7.00348e+02	
4321	6.345999e+08	-1.11095e+02	-7.00458e+02	
4322	6.382635e+08	-1.11100e+02	-7.00567e+02	
4323	6.419482e+08	-1.11104e+02	-7.00676e+02	
4324	6.456542e+08	-1.11109e+02	-7.00784e+02	
4325	6.493816e+08	-1.11113e+02	-7.00892e+02	
4326	6.531306e+08	-1.11117e+02	-7.00999e+02	
4327	6.569011e+08	-1.11121e+02	-7.01105e+02	
4328	6.606934e+08	-1.11126e+02	-7.01212e+02	
4329	6.645077e+08	-1.11130e+02	-7.01317e+02	
4330	6.683439e+08	-1.11134e+02	-7.01422e+02	
4331	6.722023e+08	-1.11138e+02	-7.01527e+02	
4332	6.760830e+08	-1.11142e+02	-7.01631e+02	
4333	6.799860e+08	-1.11146e+02	-7.01735e+02	
4334	6.839116e+08	-1.11150e+02	-7.01838e+02	
4335	6.878599e+08	-1.11154e+02	-7.01941e+02	
4336	6.918310e+08	-1.11158e+02	-7.02043e+02	
4337	6.958250e+08	-1.11161e+02	-7.02145e+02	
4338	6.998420e+08	-1.11165e+02	-7.02246e+02	
4339	7.038822e+08	-1.11169e+02	-7.02347e+02	
4340	7.079458e+08	-1.11173e+02	-7.02447e+02	
4341	7.120328e+08	-1.11176e+02	-7.02547e+02	
4342	7.161434e+08	-1.11180e+02	-7.02646e+02	
4343	7.202778e+08	-1.11184e+02	-7.02745e+02	
4344	7.244360e+08	-1.11187e+02	-7.02844e+02	
4345	7.286182e+08	-1.11191e+02	-7.02942e+02	
4346	7.328245e+08	-1.11194e+02	-7.03039e+02	

Index   frequency       tdb             tph             
--------------------------------------------------------------------------------
4347	7.370552e+08	-1.11198e+02	-7.03136e+02	
4348	7.413102e+08	-1.11201e+02	-7.03233e+02	
4349	7.455899e+08	-1.11204e+02	-7.03329e+02	
4350	7.498942e+08	-1.11208e+02	-7.03424e+02	
4351	7.542234e+08	-1.11211e+02	-7.03519e+02	
4352	7.585776e+08	-1.11214e+02	-7.03614e+02	
4353	7.629569e+08	-1.11217e+02	-7.03708e+02	
4354	7.673615e+08	-1.11221e+02	-7.03802e+02	
4355	7.717915e+08	-1.11224e+02	-7.03895e+02	
4356	7.762471e+08	-1.11227e+02	-7.03988e+02	
4357	7.807284e+08	-1.11230e+02	-7.04081e+02	
4358	7.852356e+08	-1.11233e+02	-7.04173e+02	
4359	7.897688e+08	-1.11236e+02	-7.04264e+02	
4360	7.943282e+08	-1.11239e+02	-7.04355e+02	
4361	7.989139e+08	-1.11242e+02	-7.04446e+02	
4362	8.035261e+08	-1.11245e+02	-7.04536e+02	
4363	8.081649e+08	-1.11248e+02	-7.04626e+02	
4364	8.128305e+08	-1.11251e+02	-7.04715e+02	
4365	8.175230e+08	-1.11253e+02	-7.04804e+02	
4366	8.222426e+08	-1.11256e+02	-7.04892e+02	
4367	8.269895e+08	-1.11259e+02	-7.04980e+02	
4368	8.317638e+08	-1.11262e+02	-7.05068e+02	
4369	8.365656e+08	-1.11264e+02	-7.05155e+02	
4370	8.413951e+08	-1.11267e+02	-7.05242e+02	
4371	8.462526e+08	-1.11270e+02	-7.05328e+02	
4372	8.511380e+08	-1.11272e+02	-7.05414e+02	
4373	8.560517e+08	-1.11275e+02	-7.05500e+02	
4374	8.609938e+08	-1.11278e+02	-7.05585e+02	
4375	8.659643e+08	-1.11280e+02	-7.05669e+02	
4376	8.709636e+08	-1.11283e+02	-7.05753e+02	
4377	8.759917e+08	-1.11285e+02	-7.05837e+02	
4378	8.810489e+08	-1.11288e+02	-7.05921e+02	
4379	8.861352e+08	-1.11290e+02	-7.06004e+02	
4380	8.912509e+08	-1.11292e+02	-7.06086e+02	
4381	8.963962e+08	-1.11295e+02	-7.06168e+02	
4382	9.015711e+08	-1.11297e+02	-7.06250e+02	
4383	9.067760e+08	-1.11299e+02	-7.06331e+02	
4384	9.120108e+08	-1.11302e+02	-7.06412e+02	
4385	9.172759e+08	-1.11304e+02	-7.06493e+02	
4386	9.225714e+08	-1.11306e+02	-7.06573e+02	
4387	9.278975e+08	-1.11308e+02	-7.06653e+02	
4388	9.332543e+08	-1.11311e+02	-7.06732e+02	
4389	9.386420e+08	-1.11313e+02	-7.06811e+02	
4390	9.440609e+08	-1.11315e+02	-7.06890e+02	
4391	9.495110e+08	-1.11317e+02	-7.06968e+02	
4392	9.549926e+08	-1.11319e+02	-7.07046e+02	
4393	9.605058e+08	-1.11321e+02	-7.07123e+02	
4394	9.660509e+08	-1.11323e+02	-7.07200e+02	
4395	9.716280e+08	-1.11325e+02	-7.07277e+02	
4396	9.772372e+08	-1.11327e+02	-7.07353e+02	
4397	9.828789e+08	-1.11329e+02	-7.07429e+02	
4398	9.885531e+08	-1.11331e+02	-7.07504e+02	
4399	9.942601e+08	-1.11333e+02	-7.07580e+02	
4400	1.000000e+09	-1.11335e+02	-7.07654e+02	
ROW ssr_cmd=1.15 ssr_v=1.15 fb_v=1.19961 vout_v=1.65483 isup_a=0.050026 ceff_f=1e-06 esr_ohm=0.001 dcgain_db=140.453 f0_hz=470721 phase_at_f0_deg=-158.677 f180_hz=693779 gain_at_f180_db=-5.5401 f0_rising_hz= resurgence_db=-0.678848
* SWEEP COMPLETE res_ss_-40c_3.63v
Note: Simulation executed from .control section 
Note: Starting dynamic gmin stepping
Note: Dynamic gmin stepping completed
Note: Starting dynamic gmin stepping
Note: Dynamic gmin stepping completed
Note: Starting dynamic gmin stepping
Note: Dynamic gmin stepping completed

Error: measure  f0r  when(WHEN) : out of interval
Error: &f0r: no such variable.
