corner_id,process,temp_c,vin_v,iload_ma,ceff_uf,esr_ohm,vout_v,dc_loop_gain_db,f_crossover_hz,phase_margin_deg,f_180_hz,gain_margin_db,result,resurgence_db,resurgence_result
ff_-40c_2.97v,ff,-40,2.97,0,0.33,0.001,1.79945,135.7,3129.28,26.69,,inf,FAIL,-0.8883,PASS
ff_-40c_2.97v,ff,-40,2.97,0,0.33,0.05,1.79945,135.7,3129.27,26.71,,inf,FAIL,-0.8883,PASS
ff_-40c_2.97v,ff,-40,2.97,0,0.33,0.2,1.79945,135.7,3129.28,26.77,,inf,FAIL,-0.8883,PASS
ff_-40c_2.97v,ff,-40,2.97,0,0.33,0.5,1.79945,135.7,3129.28,26.88,,inf,FAIL,-0.8883,PASS
ff_-40c_2.97v,ff,-40,2.97,0,1,0.001,1.79945,135.7,1735.43,15.53,,inf,FAIL,-0.7956,PASS
ff_-40c_2.97v,ff,-40,2.97,0,1,0.05,1.79945,135.7,1735.43,15.56,,inf,FAIL,-0.7956,PASS
ff_-40c_2.97v,ff,-40,2.97,0,1,0.2,1.79945,135.7,1735.43,15.66,,inf,FAIL,-0.7956,PASS
ff_-40c_2.97v,ff,-40,2.97,0,1,0.5,1.79945,135.7,1735.44,15.84,,inf,FAIL,-0.7954,PASS
ff_-40c_2.97v,ff,-40,2.97,0,4.7,0.001,1.79945,135.6,789.762,7.30,,inf,FAIL,-0.8953,PASS
ff_-40c_2.97v,ff,-40,2.97,0,4.7,0.05,1.79945,135.6,789.762,7.37,,inf,FAIL,-0.8953,PASS
ff_-40c_2.97v,ff,-40,2.97,0,4.7,0.2,1.79945,135.6,789.766,7.57,,inf,FAIL,-0.8952,PASS
ff_-40c_2.97v,ff,-40,2.97,0,4.7,0.5,1.79945,135.6,789.788,7.97,,inf,FAIL,-0.8946,PASS
ff_-40c_2.97v,ff,-40,2.97,0.1,0.33,0.001,1.79945,146.7,222554,80.19,,inf,PASS,1.565,FAIL
ff_-40c_2.97v,ff,-40,2.97,0.1,0.33,0.05,1.79945,146.7,222622,81.49,,inf,PASS,1.597,FAIL
ff_-40c_2.97v,ff,-40,2.97,0.1,0.33,0.2,1.79945,146.7,223647,85.40,,inf,PASS,2.052,FAIL
ff_-40c_2.97v,ff,-40,2.97,0.1,0.33,0.5,1.79945,146.7,229619,93.13,,inf,PASS,3.978,FAIL
ff_-40c_2.97v,ff,-40,2.97,0.1,1,0.001,1.79945,146.7,63440.6,90.07,,inf,PASS,-0.6379,PASS
ff_-40c_2.97v,ff,-40,2.97,0.1,1,0.05,1.79945,146.7,63455.6,91.19,,inf,PASS,-0.6359,PASS
ff_-40c_2.97v,ff,-40,2.97,0.1,1,0.2,1.79945,146.7,63683.9,94.62,,inf,PASS,-0.6053,PASS
ff_-40c_2.97v,ff,-40,2.97,0.1,1,0.5,1.79945,146.7,65000.3,101.57,,inf,PASS,0.8671,FAIL
ff_-40c_2.97v,ff,-40,2.97,0.1,4.7,0.001,1.79945,146.7,12419.5,66.31,,inf,PASS,-0.6065,PASS
ff_-40c_2.97v,ff,-40,2.97,0.1,4.7,0.05,1.79945,146.7,12421.2,67.34,,inf,PASS,-0.6049,PASS
ff_-40c_2.97v,ff,-40,2.97,0.1,4.7,0.2,1.79945,146.7,12447.5,70.56,,inf,PASS,-0.5804,PASS
ff_-40c_2.97v,ff,-40,2.97,0.1,4.7,0.5,1.79945,146.7,12596.8,77.22,,inf,PASS,0.301,FAIL
ff_-40c_2.97v,ff,-40,2.97,1,0.33,0.001,1.79945,146.9,1.14475e+06,193.29,,inf,PASS,-2.374,PASS
ff_-40c_2.97v,ff,-40,2.97,1,0.33,0.05,1.79945,146.9,1.14606e+06,199.95,,inf,PASS,-2.309,PASS
ff_-40c_2.97v,ff,-40,2.97,1,0.33,0.2,1.79945,146.9,1.16652e+06,219.09,,inf,PASS,-3.45,PASS
ff_-40c_2.97v,ff,-40,2.97,1,0.33,0.5,1.79945,146.9,1.25332e+06,245.61,,inf,PASS,-1.965,PASS
ff_-40c_2.97v,ff,-40,2.97,1,1,0.001,1.79945,146.9,967007,182.83,,inf,PASS,-4.914,PASS
ff_-40c_2.97v,ff,-40,2.97,1,1,0.05,1.79945,146.9,972838,200.27,,inf,PASS,-4.469,PASS
ff_-40c_2.97v,ff,-40,2.97,1,1,0.2,1.79945,146.9,1.03655e+06,242.15,,inf,PASS,-2.817,PASS
ff_-40c_2.97v,ff,-40,2.97,1,1,0.5,1.79945,146.9,1.19704e+06,268.44,,inf,PASS,-1.92,PASS
ff_-40c_2.97v,ff,-40,2.97,1,4.7,0.001,1.79945,146.9,107716,88.07,,inf,PASS,-0.4953,PASS
ff_-40c_2.97v,ff,-40,2.97,1,4.7,0.05,1.79945,146.9,109265,96.94,,inf,PASS,-0.3724,PASS
ff_-40c_2.97v,ff,-40,2.97,1,4.7,0.2,1.79945,146.9,147616,126.19,,inf,PASS,8.93,FAIL
ff_-40c_2.97v,ff,-40,2.97,1,4.7,0.5,1.79945,146.9,1.18865e+06,280.02,,inf,PASS,-2.176,PASS
ff_-40c_2.97v,ff,-40,2.97,10,0.33,0.001,1.79945,145.1,1.50358e+06,189.22,,inf,PASS,-2.111,PASS
ff_-40c_2.97v,ff,-40,2.97,10,0.33,0.05,1.79945,145.1,1.50723e+06,197.86,,inf,PASS,-2,PASS
ff_-40c_2.97v,ff,-40,2.97,10,0.33,0.2,1.79945,145.1,1.56127e+06,221.02,,inf,PASS,-2.258,PASS
ff_-40c_2.97v,ff,-40,2.97,10,0.33,0.5,1.79945,145.1,1.7668e+06,246.11,,inf,PASS,-2.396,PASS
ff_-40c_2.97v,ff,-40,2.97,10,1,0.001,1.79945,145.1,1.20042e+06,192.44,,inf,PASS,-2.159,PASS
ff_-40c_2.97v,ff,-40,2.97,10,1,0.05,1.79945,145.1,1.21619e+06,212.88,,inf,PASS,-3.488,PASS
ff_-40c_2.97v,ff,-40,2.97,10,1,0.2,1.79945,145.1,1.37614e+06,250.64,,inf,PASS,-1.715,PASS
ff_-40c_2.97v,ff,-40,2.97,10,1,0.5,1.79945,145.1,1.70997e+06,265.01,,inf,PASS,-1.889,PASS
ff_-40c_2.97v,ff,-40,2.97,10,4.7,0.001,1.79945,145.1,937976,177.67,,inf,PASS,-3.99,PASS
ff_-40c_2.97v,ff,-40,2.97,10,4.7,0.05,1.79945,145.1,1.02064e+06,243.49,,inf,PASS,-3.464,PASS
ff_-40c_2.97v,ff,-40,2.97,10,4.7,0.2,1.79945,145.1,1.32888e+06,273.90,,inf,PASS,-2.804,PASS
ff_-40c_2.97v,ff,-40,2.97,10,4.7,0.5,1.79945,145.1,1.70211e+06,273.36,,inf,PASS,-2.013,PASS
ff_-40c_2.97v,ff,-40,2.97,25,0.33,0.001,1.79945,143,1.6324e+06,186.83,,inf,PASS,-2.449,PASS
ff_-40c_2.97v,ff,-40,2.97,25,0.33,0.05,1.79945,143,1.63721e+06,196.18,,inf,PASS,-2.317,PASS
ff_-40c_2.97v,ff,-40,2.97,25,0.33,0.2,1.79945,143,1.70667e+06,220.69,,inf,PASS,-2.293,PASS
ff_-40c_2.97v,ff,-40,2.97,25,0.33,0.5,1.79945,143,1.9589e+06,245.19,,inf,PASS,-1.997,PASS
ff_-40c_2.97v,ff,-40,2.97,25,1,0.001,1.79945,143,1.29083e+06,191.50,,inf,PASS,-2.873,PASS
ff_-40c_2.97v,ff,-40,2.97,25,1,0.05,1.79945,143,1.31074e+06,213.26,,inf,PASS,-2.132,PASS
ff_-40c_2.97v,ff,-40,2.97,25,1,0.2,1.79945,143,1.51256e+06,250.53,,inf,PASS,-1.54,PASS
ff_-40c_2.97v,ff,-40,2.97,25,1,0.5,1.79945,143,1.90447e+06,262.60,,inf,PASS,-1.379,PASS
ff_-40c_2.97v,ff,-40,2.97,25,4.7,0.001,1.79945,143,985812,184.77,,inf,PASS,-3.443,PASS
ff_-40c_2.97v,ff,-40,2.97,25,4.7,0.05,1.79945,143,1.09004e+06,247.92,,inf,PASS,-2.254,PASS
ff_-40c_2.97v,ff,-40,2.97,25,4.7,0.2,1.79945,143,1.46596e+06,272.28,,inf,PASS,-2.465,PASS
ff_-40c_2.97v,ff,-40,2.97,25,4.7,0.5,1.79945,143,1.89738e+06,270.10,,inf,PASS,-1.481,PASS
ff_-40c_2.97v,ff,-40,2.97,50,0.33,0.001,1.79945,140.5,1.72282e+06,185.11,,inf,PASS,-2.115,PASS
ff_-40c_2.97v,ff,-40,2.97,50,0.33,0.05,1.79945,140.5,1.72841e+06,194.97,,inf,PASS,-1.973,PASS
ff_-40c_2.97v,ff,-40,2.97,50,0.33,0.2,1.79945,140.5,1.80985e+06,220.38,,inf,PASS,-1.807,PASS
ff_-40c_2.97v,ff,-40,2.97,50,0.33,0.5,1.79945,140.5,2.09542e+06,244.42,,inf,PASS,-2.714,PASS
ff_-40c_2.97v,ff,-40,2.97,50,1,0.001,1.79945,140.5,1.3554e+06,190.45,,inf,PASS,-2.677,PASS
ff_-40c_2.97v,ff,-40,2.97,50,1,0.05,1.79945,140.5,1.37897e+06,213.12,,inf,PASS,-1.873,PASS
ff_-40c_2.97v,ff,-40,2.97,50,1,0.2,1.79945,140.5,1.61264e+06,250.07,,inf,PASS,-2.394,PASS
ff_-40c_2.97v,ff,-40,2.97,50,1,0.5,1.79945,140.5,2.04429e+06,260.83,,inf,PASS,-1.994,PASS
ff_-40c_2.97v,ff,-40,2.97,50,4.7,0.001,1.79945,140.5,1.02061e+06,187.34,,inf,PASS,-3.812,PASS
ff_-40c_2.97v,ff,-40,2.97,50,4.7,0.05,1.79945,140.5,1.14286e+06,249.58,,inf,PASS,-2.048,PASS
ff_-40c_2.97v,ff,-40,2.97,50,4.7,0.2,1.79945,140.5,1.56637e+06,270.77,,inf,PASS,-1.785,PASS
ff_-40c_2.97v,ff,-40,2.97,50,4.7,0.5,1.79945,140.5,2.03746e+06,267.81,,inf,PASS,-2.08,PASS
ff_-40c_3.30v,ff,-40,3.3,0,0.33,0.001,1.79942,135.2,3319.67,28.11,,inf,FAIL,-1.383,PASS
ff_-40c_3.30v,ff,-40,3.3,0,0.33,0.05,1.79942,135.2,3319.67,28.12,,inf,FAIL,-1.383,PASS
ff_-40c_3.30v,ff,-40,3.3,0,0.33,0.2,1.79942,135.2,3319.67,28.18,,inf,FAIL,-1.383,PASS
ff_-40c_3.30v,ff,-40,3.3,0,0.33,0.5,1.79942,135.2,3319.68,28.30,,inf,FAIL,-1.383,PASS
ff_-40c_3.30v,ff,-40,3.3,0,1,0.001,1.79942,135.2,1834.3,16.38,,inf,FAIL,-1.405,PASS
ff_-40c_3.30v,ff,-40,3.3,0,1,0.05,1.79942,135.2,1834.3,16.41,,inf,FAIL,-1.405,PASS
ff_-40c_3.30v,ff,-40,3.3,0,1,0.2,1.79942,135.2,1834.31,16.51,,inf,FAIL,-1.405,PASS
ff_-40c_3.30v,ff,-40,3.3,0,1,0.5,1.79942,135.2,1834.32,16.71,,inf,FAIL,-1.405,PASS
ff_-40c_3.30v,ff,-40,3.3,0,4.7,0.001,1.79942,135.1,833.312,7.71,,inf,FAIL,-1.555,PASS
ff_-40c_3.30v,ff,-40,3.3,0,4.7,0.05,1.79942,135.1,833.313,7.78,,inf,FAIL,-1.554,PASS
ff_-40c_3.30v,ff,-40,3.3,0,4.7,0.2,1.79942,135.1,833.318,7.99,,inf,FAIL,-1.554,PASS
ff_-40c_3.30v,ff,-40,3.3,0,4.7,0.5,1.79942,135.1,833.345,8.42,,inf,FAIL,-1.554,PASS
ff_-40c_3.30v,ff,-40,3.3,0.1,0.33,0.001,1.79942,146.7,250384,78.64,,inf,PASS,4.267,FAIL
ff_-40c_3.30v,ff,-40,3.3,0.1,0.33,0.05,1.79942,146.7,250477,80.09,,inf,PASS,4.306,FAIL
ff_-40c_3.30v,ff,-40,3.3,0.1,0.33,0.2,1.79942,146.7,251937,84.48,,inf,PASS,4.847,FAIL
ff_-40c_3.30v,ff,-40,3.3,0.1,0.33,0.5,1.79942,146.7,260741,93.13,,inf,PASS,7.04,FAIL
ff_-40c_3.30v,ff,-40,3.3,0.1,1,0.001,1.79942,146.7,72346.4,89.95,,inf,PASS,-0.3528,PASS
ff_-40c_3.30v,ff,-40,3.3,0.1,1,0.05,1.79942,146.7,72367.6,91.23,,inf,PASS,-0.3504,PASS
ff_-40c_3.30v,ff,-40,3.3,0.1,1,0.2,1.79942,146.7,72701.1,95.13,,inf,PASS,-0.6541,PASS
ff_-40c_3.30v,ff,-40,3.3,0.1,1,0.5,1.79942,146.7,74658.6,103.04,,inf,PASS,4.275,FAIL
ff_-40c_3.30v,ff,-40,3.3,0.1,4.7,0.001,1.79942,146.7,13683.7,68.89,,inf,PASS,-0.5393,PASS
ff_-40c_3.30v,ff,-40,3.3,0.1,4.7,0.05,1.79942,146.7,13686,70.03,,inf,PASS,-0.5373,PASS
ff_-40c_3.30v,ff,-40,3.3,0.1,4.7,0.2,1.79942,146.7,13722.1,73.58,,inf,PASS,-0.5078,PASS
ff_-40c_3.30v,ff,-40,3.3,0.1,4.7,0.5,1.79942,146.7,13935.7,80.97,,inf,PASS,3.798,FAIL
ff_-40c_3.30v,ff,-40,3.3,1,0.33,0.001,1.79942,147,1.25472e+06,196.09,,inf,PASS,-2.414,PASS
ff_-40c_3.30v,ff,-40,3.3,1,0.33,0.05,1.79942,147,1.25643e+06,203.37,,inf,PASS,-2.335,PASS
ff_-40c_3.30v,ff,-40,3.3,1,0.33,0.2,1.79942,147,1.28281e+06,223.85,,inf,PASS,-3.318,PASS
ff_-40c_3.30v,ff,-40,3.3,1,0.33,0.5,1.79942,147,1.39082e+06,250.17,,inf,PASS,-3.188,PASS
ff_-40c_3.30v,ff,-40,3.3,1,1,0.001,1.79942,147,1.06472e+06,189.71,,inf,PASS,-4.859,PASS
ff_-40c_3.30v,ff,-40,3.3,1,1,0.05,1.79942,147,1.07196e+06,208.62,,inf,PASS,-4.329,PASS
ff_-40c_3.30v,ff,-40,3.3,1,1,0.2,1.79942,147,1.14868e+06,249.94,,inf,PASS,-4.366,PASS
ff_-40c_3.30v,ff,-40,3.3,1,1,0.5,1.79942,147,1.33723e+06,272.05,,inf,PASS,-2.881,PASS
ff_-40c_3.30v,ff,-40,3.3,1,4.7,0.001,1.79942,147,122226,87.19,,inf,PASS,-0.5948,PASS
ff_-40c_3.30v,ff,-40,3.3,1,4.7,0.05,1.79942,147,124492,97.24,,inf,PASS,1.724,FAIL
ff_-40c_3.30v,ff,-40,3.3,1,4.7,0.2,1.79942,147,193920,131.06,,inf,PASS,12,FAIL
ff_-40c_3.30v,ff,-40,3.3,1,4.7,0.5,1.79942,147,1.32904e+06,282.59,,inf,PASS,-3.077,PASS
ff_-40c_3.30v,ff,-40,3.3,10,0.33,0.001,1.79942,145.7,1.64911e+06,190.05,,inf,PASS,-2.106,PASS
ff_-40c_3.30v,ff,-40,3.3,10,0.33,0.05,1.79942,145.7,1.65395e+06,199.50,,inf,PASS,-1.972,PASS
ff_-40c_3.30v,ff,-40,3.3,10,0.33,0.2,1.79942,145.7,1.72378e+06,224.17,,inf,PASS,-1.984,PASS
ff_-40c_3.30v,ff,-40,3.3,10,0.33,0.5,1.79942,145.7,1.97561e+06,248.50,,inf,PASS,-1.761,PASS
ff_-40c_3.30v,ff,-40,3.3,10,1,0.001,1.79942,145.7,1.31775e+06,194.54,,inf,PASS,-2.117,PASS
ff_-40c_3.30v,ff,-40,3.3,10,1,0.05,1.79942,145.7,1.33849e+06,216.70,,inf,PASS,-3.33,PASS
ff_-40c_3.30v,ff,-40,3.3,10,1,0.2,1.79942,145.7,1.53703e+06,254.09,,inf,PASS,-2.623,PASS
ff_-40c_3.30v,ff,-40,3.3,10,1,0.5,1.79942,145.7,1.92302e+06,265.86,,inf,PASS,-2.498,PASS
ff_-40c_3.30v,ff,-40,3.3,10,4.7,0.001,1.79942,145.7,1.03598e+06,185.54,,inf,PASS,-3.754,PASS
ff_-40c_3.30v,ff,-40,3.3,10,4.7,0.05,1.79942,145.7,1.13563e+06,251.26,,inf,PASS,-2.766,PASS
ff_-40c_3.30v,ff,-40,3.3,10,4.7,0.2,1.79942,145.7,1.49273e+06,275.59,,inf,PASS,-1.997,PASS
ff_-40c_3.30v,ff,-40,3.3,10,4.7,0.5,1.79942,145.7,1.91582e+06,273.32,,inf,PASS,-2.592,PASS
ff_-40c_3.30v,ff,-40,3.3,25,0.33,0.001,1.79942,144,1.79192e+06,187.36,,inf,PASS,-2.412,PASS
ff_-40c_3.30v,ff,-40,3.3,25,0.33,0.05,1.79942,144,1.79832e+06,197.60,,inf,PASS,-2.252,PASS
ff_-40c_3.30v,ff,-40,3.3,25,0.33,0.2,1.79942,144,1.88824e+06,223.64,,inf,PASS,-1.952,PASS
ff_-40c_3.30v,ff,-40,3.3,25,0.33,0.5,1.79942,144,2.19547e+06,247.16,,inf,PASS,-2.708,PASS
ff_-40c_3.30v,ff,-40,3.3,25,1,0.001,1.79942,144,1.41806e+06,193.02,,inf,PASS,-2.804,PASS
ff_-40c_3.30v,ff,-40,3.3,25,1,0.05,1.79942,144,1.44406e+06,216.62,,inf,PASS,-1.926,PASS
ff_-40c_3.30v,ff,-40,3.3,25,1,0.2,1.79942,144,1.69435e+06,253.34,,inf,PASS,-2.323,PASS
ff_-40c_3.30v,ff,-40,3.3,25,1,0.5,1.79942,144,2.14657e+06,263.03,,inf,PASS,-1.929,PASS
ff_-40c_3.30v,ff,-40,3.3,25,4.7,0.001,1.79942,144,1.08671e+06,190.22,,inf,PASS,-3.236,PASS
ff_-40c_3.30v,ff,-40,3.3,25,4.7,0.05,1.79942,144,1.21571e+06,253.91,,inf,PASS,-3.39,PASS
ff_-40c_3.30v,ff,-40,3.3,25,4.7,0.2,1.79942,144,1.65049e+06,273.27,,inf,PASS,-1.624,PASS
ff_-40c_3.30v,ff,-40,3.3,25,4.7,0.5,1.79942,144,2.14012e+06,269.70,,inf,PASS,-2.007,PASS
ff_-40c_3.30v,ff,-40,3.3,50,0.33,0.001,1.79942,142,1.89322e+06,185.45,,inf,PASS,-2.035,PASS
ff_-40c_3.30v,ff,-40,3.3,50,0.33,0.05,1.79942,142,1.90071e+06,196.25,,inf,PASS,-1.861,PASS
ff_-40c_3.30v,ff,-40,3.3,50,0.33,0.2,1.79942,142,2.00673e+06,223.20,,inf,PASS,-2.984,PASS
ff_-40c_3.30v,ff,-40,3.3,50,0.33,0.5,1.79942,142,2.35478e+06,246.14,,inf,PASS,-1.964,PASS
ff_-40c_3.30v,ff,-40,3.3,50,1,0.001,1.79942,142,1.49053e+06,191.65,,inf,PASS,-2.565,PASS
ff_-40c_3.30v,ff,-40,3.3,50,1,0.05,1.79942,142,1.52198e+06,216.24,,inf,PASS,-3.398,PASS
ff_-40c_3.30v,ff,-40,3.3,50,1,0.2,1.79942,142,1.80989e+06,252.54,,inf,PASS,-1.633,PASS
ff_-40c_3.30v,ff,-40,3.3,50,1,0.5,1.79942,142,2.30746e+06,261.04,,inf,PASS,-2.489,PASS
ff_-40c_3.30v,ff,-40,3.3,50,4.7,0.001,1.79942,142,1.12535e+06,191.68,,inf,PASS,-3.595,PASS
ff_-40c_3.30v,ff,-40,3.3,50,4.7,0.05,1.79942,142,1.27778e+06,254.71,,inf,PASS,-3.027,PASS
ff_-40c_3.30v,ff,-40,3.3,50,4.7,0.2,1.79942,142,1.76784e+06,271.38,,inf,PASS,-2.295,PASS
ff_-40c_3.30v,ff,-40,3.3,50,4.7,0.5,1.79942,142,2.3013e+06,267.23,,inf,PASS,-2.553,PASS
ff_-40c_3.63v,ff,-40,3.63,0,0.33,0.001,1.79933,132.5,3499.05,29.41,1.04946e+06,29.53,FAIL,-1.271,PASS
ff_-40c_3.63v,ff,-40,3.63,0,0.33,0.05,1.79933,132.5,3499.05,29.44,1.05185e+06,29.54,FAIL,-1.271,PASS
ff_-40c_3.63v,ff,-40,3.63,0,0.33,0.2,1.79933,132.5,3499.05,29.50,1.05872e+06,29.02,FAIL,-1.271,PASS
ff_-40c_3.63v,ff,-40,3.63,0,0.33,0.5,1.79933,132.5,3499.06,29.62,1.06822e+06,26.59,FAIL,-1.271,PASS
ff_-40c_3.63v,ff,-40,3.63,0,1,0.001,1.79933,132.5,1925.89,17.18,1.04956e+06,39.16,FAIL,-1.356,PASS
ff_-40c_3.63v,ff,-40,3.63,0,1,0.05,1.79933,132.5,1925.89,17.22,1.05662e+06,38.91,FAIL,-1.356,PASS
ff_-40c_3.63v,ff,-40,3.63,0,1,0.2,1.79933,132.5,1925.89,17.32,1.07036e+06,35.27,FAIL,-1.356,PASS
ff_-40c_3.63v,ff,-40,3.63,0,1,0.5,1.79933,132.5,1925.9,17.53,1.07829e+06,29.02,FAIL,-1.356,PASS
ff_-40c_3.63v,ff,-40,3.63,0,4.7,0.001,1.79933,132.3,873.606,8.14,1.05011e+06,52.61,FAIL,-1.533,PASS
ff_-40c_3.63v,ff,-40,3.63,0,4.7,0.05,1.79933,132.3,873.606,8.22,1.07207e+06,47.80,FAIL,-1.533,PASS
ff_-40c_3.63v,ff,-40,3.63,0,4.7,0.2,1.79933,132.3,873.612,8.44,1.08126e+06,37.30,FAIL,-1.533,PASS
ff_-40c_3.63v,ff,-40,3.63,0,4.7,0.5,1.79933,132.3,873.643,8.88,1.08335e+06,29.47,FAIL,-1.533,PASS
ff_-40c_3.63v,ff,-40,3.63,0.1,0.33,0.001,1.79933,144.8,277491,77.05,,inf,PASS,8.935,FAIL
ff_-40c_3.63v,ff,-40,3.63,0.1,0.33,0.05,1.79933,144.8,277624,78.66,,inf,PASS,8.981,FAIL
ff_-40c_3.63v,ff,-40,3.63,0.1,0.33,0.2,1.79933,144.8,279649,83.51,,inf,PASS,9.623,FAIL
ff_-40c_3.63v,ff,-40,3.63,0.1,0.33,0.5,1.79933,144.8,291849,93.02,,inf,PASS,12.1,FAIL
ff_-40c_3.63v,ff,-40,3.63,0.1,1,0.001,1.79933,144.8,81084.5,89.61,,inf,PASS,-0.5422,PASS
ff_-40c_3.63v,ff,-40,3.63,0.1,1,0.05,1.79933,144.8,81114.8,91.04,,inf,PASS,-0.2924,PASS
ff_-40c_3.63v,ff,-40,3.63,0.1,1,0.2,1.79933,144.8,81574.1,95.41,,inf,PASS,3.413,FAIL
ff_-40c_3.63v,ff,-40,3.63,0.1,1,0.5,1.79933,144.8,84308.6,104.25,,inf,PASS,9.658,FAIL
ff_-40c_3.63v,ff,-40,3.63,0.1,4.7,0.001,1.79933,144.8,14943.4,71.13,,inf,PASS,-0.5627,PASS
ff_-40c_3.63v,ff,-40,3.63,0.1,4.7,0.05,1.79933,144.8,14946.6,72.38,,inf,PASS,-0.5603,PASS
ff_-40c_3.63v,ff,-40,3.63,0.1,4.7,0.2,1.79933,144.8,14995.3,76.25,,inf,PASS,1.402,FAIL
ff_-40c_3.63v,ff,-40,3.63,0.1,4.7,0.5,1.79933,144.8,15282.8,84.38,,inf,PASS,9.256,FAIL
ff_-40c_3.63v,ff,-40,3.63,1,0.33,0.001,1.79933,145.4,1.36063e+06,198.99,,inf,PASS,-2.973,PASS
ff_-40c_3.63v,ff,-40,3.63,1,0.33,0.05,1.79933,145.4,1.36286e+06,206.85,,inf,PASS,-2.878,PASS
ff_-40c_3.63v,ff,-40,3.63,1,0.33,0.2,1.79933,145.4,1.39496e+06,228.52,,inf,PASS,-3.653,PASS
ff_-40c_3.63v,ff,-40,3.63,1,0.33,0.5,1.79933,145.4,1.52544e+06,254.27,,inf,PASS,-3.134,PASS
ff_-40c_3.63v,ff,-40,3.63,1,1,0.001,1.79933,145.4,1.15746e+06,196.77,,inf,PASS,-5.466,PASS
ff_-40c_3.63v,ff,-40,3.63,1,1,0.05,1.79933,145.4,1.16668e+06,216.88,,inf,PASS,-4.837,PASS
ff_-40c_3.63v,ff,-40,3.63,1,1,0.2,1.79933,145.4,1.25828e+06,256.79,,inf,PASS,-2.289,PASS
ff_-40c_3.63v,ff,-40,3.63,1,1,0.5,1.79933,145.4,1.47431e+06,275.16,,inf,PASS,-2.652,PASS
ff_-40c_3.63v,ff,-40,3.63,1,4.7,0.001,1.79933,145.4,136292,86.29,,inf,PASS,-0.04987,PASS
ff_-40c_3.63v,ff,-40,3.63,1,4.7,0.05,1.79933,145.4,139423,97.48,,inf,PASS,4.967,FAIL
ff_-40c_3.63v,ff,-40,3.63,1,4.7,0.2,1.79933,145.4,295413,136.43,,inf,PASS,15.48,FAIL
ff_-40c_3.63v,ff,-40,3.63,1,4.7,0.5,1.79933,145.4,1.46684e+06,284.81,,inf,PASS,-2.815,PASS
ff_-40c_3.63v,ff,-40,3.63,10,0.33,0.001,1.79933,144.8,1.78815e+06,190.96,,inf,PASS,-2.562,PASS
ff_-40c_3.63v,ff,-40,3.63,10,0.33,0.05,1.79933,144.8,1.79444e+06,201.17,,inf,PASS,-2.4,PASS
ff_-40c_3.63v,ff,-40,3.63,10,0.33,0.2,1.79933,144.8,1.88153e+06,227.12,,inf,PASS,-2.131,PASS
ff_-40c_3.63v,ff,-40,3.63,10,0.33,0.5,1.79933,144.8,2.17989e+06,250.49,,inf,PASS,-1.549,PASS
ff_-40c_3.63v,ff,-40,3.63,10,1,0.001,1.79933,144.8,1.43025e+06,196.62,,inf,PASS,-2.597,PASS
ff_-40c_3.63v,ff,-40,3.63,10,1,0.05,1.79933,144.8,1.45555e+06,220.38,,inf,PASS,-3.654,PASS
ff_-40c_3.63v,ff,-40,3.63,10,1,0.2,1.79933,144.8,1.69417e+06,257.01,,inf,PASS,-2.42,PASS
ff_-40c_3.63v,ff,-40,3.63,10,1,0.5,1.79933,144.8,2.13159e+06,266.53,,inf,PASS,-2.172,PASS
ff_-40c_3.63v,ff,-40,3.63,10,4.7,0.001,1.79933,144.8,1.12913e+06,192.75,,inf,PASS,-4.285,PASS
ff_-40c_3.63v,ff,-40,3.63,10,4.7,0.05,1.79933,144.8,1.24695e+06,257.83,,inf,PASS,-2.663,PASS
ff_-40c_3.63v,ff,-40,3.63,10,4.7,0.2,1.79933,144.8,1.65225e+06,276.97,,inf,PASS,-1.666,PASS
ff_-40c_3.63v,ff,-40,3.63,10,4.7,0.5,1.79933,144.8,2.12515e+06,273.27,,inf,PASS,-2.25,PASS
ff_-40c_3.63v,ff,-40,3.63,25,0.33,0.001,1.79933,143.6,1.94341e+06,187.96,,inf,PASS,-2.844,PASS
ff_-40c_3.63v,ff,-40,3.63,25,0.33,0.05,1.79933,143.6,1.95172e+06,199.03,,inf,PASS,-2.651,PASS
ff_-40c_3.63v,ff,-40,3.63,25,0.33,0.2,1.79933,143.6,2.06406e+06,226.34,,inf,PASS,-2.042,PASS
ff_-40c_3.63v,ff,-40,3.63,25,0.33,0.5,1.79933,143.6,2.42692e+06,248.77,,inf,PASS,-2.452,PASS
ff_-40c_3.63v,ff,-40,3.63,25,1,0.001,1.79933,143.6,1.53884e+06,194.53,,inf,PASS,-3.245,PASS
ff_-40c_3.63v,ff,-40,3.63,25,1,0.05,1.79933,143.6,1.57229e+06,219.77,,inf,PASS,-2.208,PASS
ff_-40c_3.63v,ff,-40,3.63,25,1,0.2,1.79933,143.6,1.87111e+06,255.66,,inf,PASS,-2.073,PASS
ff_-40c_3.63v,ff,-40,3.63,25,1,0.5,1.79933,143.6,2.38125e+06,263.35,,inf,PASS,-1.582,PASS
ff_-40c_3.63v,ff,-40,3.63,25,4.7,0.001,1.79933,143.6,1.18263e+06,195.21,,inf,PASS,-3.733,PASS
ff_-40c_3.63v,ff,-40,3.63,25,4.7,0.05,1.79933,143.6,1.33737e+06,258.90,,inf,PASS,-3.21,PASS
ff_-40c_3.63v,ff,-40,3.63,25,4.7,0.2,1.79933,143.6,1.83035e+06,274.03,,inf,PASS,-2.681,PASS
ff_-40c_3.63v,ff,-40,3.63,25,4.7,0.5,1.79933,143.6,2.37552e+06,269.37,,inf,PASS,-1.646,PASS
ff_-40c_3.63v,ff,-40,3.63,50,0.33,0.001,1.79933,142,2.0548e+06,185.87,,inf,PASS,-2.438,PASS
ff_-40c_3.63v,ff,-40,3.63,50,0.33,0.05,1.79933,142,2.06455e+06,197.55,,inf,PASS,-2.229,PASS
ff_-40c_3.63v,ff,-40,3.63,50,0.33,0.2,1.79933,142,2.19662e+06,225.78,,inf,PASS,-3.011,PASS
ff_-40c_3.63v,ff,-40,3.63,50,0.33,0.5,1.79933,142,2.60613e+06,247.52,,inf,PASS,-1.672,PASS
ff_-40c_3.63v,ff,-40,3.63,50,1,0.001,1.79933,142,1.61856e+06,192.84,,inf,PASS,-2.97,PASS
ff_-40c_3.63v,ff,-40,3.63,50,1,0.05,1.79933,142,1.65822e+06,219.17,,inf,PASS,-1.847,PASS
ff_-40c_3.63v,ff,-40,3.63,50,1,0.2,1.79933,142,2.00197e+06,254.53,,inf,PASS,-2.773,PASS
ff_-40c_3.63v,ff,-40,3.63,50,1,0.5,1.79933,142,2.56322e+06,261.16,,inf,PASS,-2.114,PASS
ff_-40c_3.63v,ff,-40,3.63,50,4.7,0.001,1.79933,142,1.22426e+06,195.72,,inf,PASS,-4.041,PASS
ff_-40c_3.63v,ff,-40,3.63,50,4.7,0.05,1.79933,142,1.40821e+06,258.95,,inf,PASS,-2.792,PASS
ff_-40c_3.63v,ff,-40,3.63,50,4.7,0.2,1.79933,142,1.96329e+06,271.81,,inf,PASS,-1.902,PASS
ff_-40c_3.63v,ff,-40,3.63,50,4.7,0.5,1.79933,142,2.55776e+06,266.74,,inf,PASS,-2.168,PASS
ff_27c_2.97v,ff,27,2.97,0,0.33,0.001,1.79935,131.1,2296.18,18.99,,inf,FAIL,-1.477,PASS
ff_27c_2.97v,ff,27,2.97,0,0.33,0.05,1.79935,131.1,2296.18,19.00,,inf,FAIL,-1.477,PASS
ff_27c_2.97v,ff,27,2.97,0,0.33,0.2,1.79935,131.1,2296.18,19.04,,inf,FAIL,-1.477,PASS
ff_27c_2.97v,ff,27,2.97,0,0.33,0.5,1.79935,131.1,2296.18,19.12,,inf,FAIL,-1.477,PASS
ff_27c_2.97v,ff,27,2.97,0,1,0.001,1.79935,131,1296.64,11.02,,inf,FAIL,-1.072,PASS
ff_27c_2.97v,ff,27,2.97,0,1,0.05,1.79935,131,1296.64,11.05,,inf,FAIL,-1.072,PASS
ff_27c_2.97v,ff,27,2.97,0,1,0.2,1.79935,131,1296.64,11.12,,inf,FAIL,-1.072,PASS
ff_27c_2.97v,ff,27,2.97,0,1,0.5,1.79935,131,1296.64,11.26,,inf,FAIL,-1.072,PASS
ff_27c_2.97v,ff,27,2.97,0,4.7,0.001,1.79935,130.9,594.075,5.25,,inf,FAIL,-1.046,PASS
ff_27c_2.97v,ff,27,2.97,0,4.7,0.05,1.79935,130.9,594.075,5.30,,inf,FAIL,-1.046,PASS
ff_27c_2.97v,ff,27,2.97,0,4.7,0.2,1.79935,130.9,594.077,5.45,,inf,FAIL,-1.046,PASS
ff_27c_2.97v,ff,27,2.97,0,4.7,0.5,1.79935,130.9,594.086,5.75,,inf,FAIL,-1.046,PASS
ff_27c_2.97v,ff,27,2.97,0.1,0.33,0.001,1.79935,145.5,146865,84.98,,inf,PASS,-0.5967,PASS
ff_27c_2.97v,ff,27,2.97,0.1,0.33,0.05,1.79935,145.5,146883,85.84,,inf,PASS,-0.5955,PASS
ff_27c_2.97v,ff,27,2.97,0.1,0.33,0.2,1.79935,145.5,147169,88.44,,inf,PASS,-0.578,PASS
ff_27c_2.97v,ff,27,2.97,0.1,0.33,0.5,1.79935,145.5,148796,93.61,,inf,PASS,0.3945,FAIL
ff_27c_2.97v,ff,27,2.97,0.1,1,0.001,1.79935,145.5,40818.9,87.69,,inf,PASS,-0.5003,PASS
ff_27c_2.97v,ff,27,2.97,0.1,1,0.05,1.79935,145.5,40822.7,88.41,,inf,PASS,-0.4995,PASS
ff_27c_2.97v,ff,27,2.97,0.1,1,0.2,1.79935,145.5,40881,90.63,,inf,PASS,-0.4873,PASS
ff_27c_2.97v,ff,27,2.97,0.1,1,0.5,1.79935,145.5,41212.5,95.14,,inf,PASS,-0.4196,PASS
ff_27c_2.97v,ff,27,2.97,0.1,4.7,0.001,1.79935,145.5,9364.05,56.37,,inf,PASS,-0.7567,PASS
ff_27c_2.97v,ff,27,2.97,0.1,4.7,0.05,1.79935,145.5,9364.7,57.15,,inf,PASS,-0.7557,PASS
ff_27c_2.97v,ff,27,2.97,0.1,4.7,0.2,1.79935,145.5,9374.68,59.56,,inf,PASS,-0.7416,PASS
ff_27c_2.97v,ff,27,2.97,0.1,4.7,0.5,1.79935,145.5,9430.98,64.50,,inf,PASS,-0.6632,PASS
ff_27c_2.97v,ff,27,2.97,1,0.33,0.001,1.79935,145.8,1.03976e+06,190.97,,inf,PASS,-2.694,PASS
ff_27c_2.97v,ff,27,2.97,1,0.33,0.05,1.79935,145.8,1.0407e+06,197.05,,inf,PASS,-2.639,PASS
ff_27c_2.97v,ff,27,2.97,1,0.33,0.2,1.79935,145.8,1.05507e+06,214.97,,inf,PASS,-4,PASS
ff_27c_2.97v,ff,27,2.97,1,0.33,0.5,1.79935,145.8,1.12016e+06,241.66,,inf,PASS,-2.916,PASS
ff_27c_2.97v,ff,27,2.97,1,1,0.001,1.79935,145.8,883038,171.65,,inf,PASS,-4.914,PASS
ff_27c_2.97v,ff,27,2.97,1,1,0.05,1.79935,145.8,887545,188.10,,inf,PASS,-4.541,PASS
ff_27c_2.97v,ff,27,2.97,1,1,0.2,1.79935,145.8,937722,232.44,,inf,PASS,-3.445,PASS
ff_27c_2.97v,ff,27,2.97,1,1,0.5,1.79935,145.8,1.06497e+06,264.85,,inf,PASS,-3.058,PASS
ff_27c_2.97v,ff,27,2.97,1,4.7,0.001,1.79935,145.8,73298,89.63,,inf,PASS,-0.6002,PASS
ff_27c_2.97v,ff,27,2.97,1,4.7,0.05,1.79935,145.8,73808.3,95.71,,inf,PASS,-0.541,PASS
ff_27c_2.97v,ff,27,2.97,1,4.7,0.2,1.79935,145.8,83077.8,115.26,,inf,PASS,5.158,FAIL
ff_27c_2.97v,ff,27,2.97,1,4.7,0.5,1.79935,145.8,1.05582e+06,277.61,,inf,PASS,-3.364,PASS
ff_27c_2.97v,ff,27,2.97,10,0.33,0.001,1.79935,144,1.36569e+06,189.48,,inf,PASS,-2.302,PASS
ff_27c_2.97v,ff,27,2.97,10,0.33,0.05,1.79935,144,1.3684e+06,197.35,,inf,PASS,-2.209,PASS
ff_27c_2.97v,ff,27,2.97,10,0.33,0.2,1.79935,144,1.4089e+06,218.98,,inf,PASS,-2.701,PASS
ff_27c_2.97v,ff,27,2.97,10,0.33,0.5,1.79935,144,1.57132e+06,244.56,,inf,PASS,-1.778,PASS
ff_27c_2.97v,ff,27,2.97,10,1,0.001,1.79935,144,1.09475e+06,190.74,,inf,PASS,-2.212,PASS
ff_27c_2.97v,ff,27,2.97,10,1,0.05,1.79935,144,1.10646e+06,209.63,,inf,PASS,-3.689,PASS
ff_27c_2.97v,ff,27,2.97,10,1,0.2,1.79935,144,1.23155e+06,247.69,,inf,PASS,-2.466,PASS
ff_27c_2.97v,ff,27,2.97,10,1,0.5,1.79935,144,1.51062e+06,265.09,,inf,PASS,-1.482,PASS
ff_27c_2.97v,ff,27,2.97,10,4.7,0.001,1.79935,144,855068,164.58,,inf,PASS,-3.771,PASS
ff_27c_2.97v,ff,27,2.97,10,4.7,0.05,1.79935,144,924818,233.58,,inf,PASS,-3.908,PASS
ff_27c_2.97v,ff,27,2.97,10,4.7,0.2,1.79935,144,1.18235e+06,272.55,,inf,PASS,-2.204,PASS
ff_27c_2.97v,ff,27,2.97,10,4.7,0.5,1.79935,144,1.50209e+06,274.49,,inf,PASS,-1.645,PASS
ff_27c_2.97v,ff,27,2.97,25,0.33,0.001,1.79935,141.8,1.48321e+06,187.29,,inf,PASS,-2.613,PASS
ff_27c_2.97v,ff,27,2.97,25,0.33,0.05,1.79935,141.8,1.48679e+06,195.81,,inf,PASS,-2.503,PASS
ff_27c_2.97v,ff,27,2.97,25,0.33,0.2,1.79935,141.8,1.53922e+06,218.75,,inf,PASS,-2.736,PASS
ff_27c_2.97v,ff,27,2.97,25,0.33,0.5,1.79935,141.8,1.74095e+06,243.94,,inf,PASS,-2.825,PASS
ff_27c_2.97v,ff,27,2.97,25,1,0.001,1.79935,141.8,1.17632e+06,190.52,,inf,PASS,-2.954,PASS
ff_27c_2.97v,ff,27,2.97,25,1,0.05,1.79935,141.8,1.19124e+06,210.61,,inf,PASS,-2.33,PASS
ff_27c_2.97v,ff,27,2.97,25,1,0.2,1.79935,141.8,1.35066e+06,248.24,,inf,PASS,-2.305,PASS
ff_27c_2.97v,ff,27,2.97,25,1,0.5,1.79935,141.8,1.68327e+06,262.99,,inf,PASS,-2.333,PASS
ff_27c_2.97v,ff,27,2.97,25,4.7,0.001,1.79935,141.8,901743,176.71,,inf,PASS,-3.258,PASS
ff_27c_2.97v,ff,27,2.97,25,4.7,0.05,1.79935,141.8,985500,240.76,,inf,PASS,-2.754,PASS
ff_27c_2.97v,ff,27,2.97,25,4.7,0.2,1.79935,141.8,1.30087e+06,271.83,,inf,PASS,-1.938,PASS
ff_27c_2.97v,ff,27,2.97,25,4.7,0.5,1.79935,141.8,1.67503e+06,271.46,,inf,PASS,-2.457,PASS
ff_27c_2.97v,ff,27,2.97,50,0.33,0.001,1.79934,139.1,1.56421e+06,185.69,,inf,PASS,-2.302,PASS
ff_27c_2.97v,ff,27,2.97,50,0.33,0.05,1.79934,139.1,1.56836e+06,194.66,,inf,PASS,-2.184,PASS
ff_27c_2.97v,ff,27,2.97,50,0.33,0.2,1.79934,139.1,1.63013e+06,218.47,,inf,PASS,-2.287,PASS
ff_27c_2.97v,ff,27,2.97,50,0.33,0.5,1.79934,139.1,1.8603e+06,243.34,,inf,PASS,-2.173,PASS
ff_27c_2.97v,ff,27,2.97,50,1,0.001,1.79934,139.1,1.23359e+06,189.81,,inf,PASS,-2.8,PASS
ff_27c_2.97v,ff,27,2.97,50,1,0.05,1.79934,139.1,1.25127e+06,210.72,,inf,PASS,-2.122,PASS
ff_27c_2.97v,ff,27,2.97,50,1,0.2,1.79934,139.1,1.4358e+06,248.14,,inf,PASS,-1.738,PASS
ff_27c_2.97v,ff,27,2.97,50,1,0.5,1.79934,139.1,1.80401e+06,261.41,,inf,PASS,-1.621,PASS
ff_27c_2.97v,ff,27,2.97,50,4.7,0.001,1.79934,139.1,933283,181.01,,inf,PASS,-3.713,PASS
ff_27c_2.97v,ff,27,2.97,50,4.7,0.05,1.79934,139.1,1.03016e+06,243.60,,inf,PASS,-2.638,PASS
ff_27c_2.97v,ff,27,2.97,50,4.7,0.2,1.79934,139.1,1.38644e+06,270.75,,inf,PASS,-2.742,PASS
ff_27c_2.97v,ff,27,2.97,50,4.7,0.5,1.79934,139.1,1.79644e+06,269.30,,inf,PASS,-1.733,PASS
ff_27c_3.30v,ff,27,3.3,0,0.33,0.001,1.79931,129.5,2422.63,19.97,,inf,FAIL,-1.348,PASS
ff_27c_3.30v,ff,27,3.3,0,0.33,0.05,1.79931,129.5,2422.63,19.98,,inf,FAIL,-1.348,PASS
ff_27c_3.30v,ff,27,3.3,0,0.33,0.2,1.79931,129.5,2422.63,20.03,,inf,FAIL,-1.348,PASS
ff_27c_3.30v,ff,27,3.3,0,0.33,0.5,1.79931,129.5,2422.64,20.11,,inf,FAIL,-1.348,PASS
ff_27c_3.30v,ff,27,3.3,0,1,0.001,1.79931,129.5,1365.25,11.61,,inf,FAIL,-0.9755,PASS
ff_27c_3.30v,ff,27,3.3,0,1,0.05,1.79931,129.5,1365.25,11.63,,inf,FAIL,-0.9755,PASS
ff_27c_3.30v,ff,27,3.3,0,1,0.2,1.79931,129.5,1365.25,11.71,,inf,FAIL,-0.9754,PASS
ff_27c_3.30v,ff,27,3.3,0,1,0.5,1.79931,129.5,1365.26,11.86,,inf,FAIL,-0.9754,PASS
ff_27c_3.30v,ff,27,3.3,0,4.7,0.001,1.79931,129.3,625.061,5.57,,inf,FAIL,-0.962,PASS
ff_27c_3.30v,ff,27,3.3,0,4.7,0.05,1.79931,129.3,625.061,5.62,,inf,FAIL,-0.962,PASS
ff_27c_3.30v,ff,27,3.3,0,4.7,0.2,1.79931,129.3,625.063,5.78,,inf,FAIL,-0.962,PASS
ff_27c_3.30v,ff,27,3.3,0,4.7,0.5,1.79931,129.3,625.074,6.09,,inf,FAIL,-0.9616,PASS
ff_27c_3.30v,ff,27,3.3,0.1,0.33,0.001,1.79931,144.9,165120,83.88,,inf,PASS,0.5751,FAIL
ff_27c_3.30v,ff,27,3.3,0.1,0.33,0.05,1.79931,144.9,165146,84.84,,inf,PASS,0.6103,FAIL
ff_27c_3.30v,ff,27,3.3,0.1,0.33,0.2,1.79931,144.9,165539,87.76,,inf,PASS,1.107,FAIL
ff_27c_3.30v,ff,27,3.3,0.1,0.33,0.5,1.79931,144.9,167876,93.56,,inf,PASS,3.163,FAIL
ff_27c_3.30v,ff,27,3.3,0.1,1,0.001,1.79931,144.9,46409.3,88.69,,inf,PASS,-0.5667,PASS
ff_27c_3.30v,ff,27,3.3,0.1,1,0.05,1.79931,144.9,46415.1,89.51,,inf,PASS,-0.5656,PASS
ff_27c_3.30v,ff,27,3.3,0.1,1,0.2,1.79931,144.9,46503,92.03,,inf,PASS,-0.5496,PASS
ff_27c_3.30v,ff,27,3.3,0.1,1,0.5,1.79931,144.9,47004,97.15,,inf,PASS,0.2288,FAIL
ff_27c_3.30v,ff,27,3.3,0.1,4.7,0.001,1.79931,144.9,10180.3,58.89,,inf,PASS,-0.8264,PASS
ff_27c_3.30v,ff,27,3.3,0.1,4.7,0.05,1.79931,144.9,10181.2,59.74,,inf,PASS,-0.8253,PASS
ff_27c_3.30v,ff,27,3.3,0.1,4.7,0.2,1.79931,144.9,10194.6,62.36,,inf,PASS,-0.8083,PASS
ff_27c_3.30v,ff,27,3.3,0.1,4.7,0.5,1.79931,144.9,10270.3,67.76,,inf,PASS,-0.2906,PASS
ff_27c_3.30v,ff,27,3.3,1,0.33,0.001,1.79931,145.5,1.13683e+06,194.16,,inf,PASS,-2.872,PASS
ff_27c_3.30v,ff,27,3.3,1,0.33,0.05,1.79931,145.5,1.13805e+06,200.78,,inf,PASS,-2.806,PASS
ff_27c_3.30v,ff,27,3.3,1,0.33,0.2,1.79931,145.5,1.15626e+06,219.98,,inf,PASS,-4.027,PASS
ff_27c_3.30v,ff,27,3.3,1,0.33,0.5,1.79931,145.5,1.23682e+06,246.73,,inf,PASS,-2.604,PASS
ff_27c_3.30v,ff,27,3.3,1,1,0.001,1.79931,145.5,972588,180.20,,inf,PASS,-4.975,PASS
ff_27c_3.30v,ff,27,3.3,1,1,0.05,1.79931,145.5,977951,198.02,,inf,PASS,-4.53,PASS
ff_27c_3.30v,ff,27,3.3,1,1,0.2,1.79931,145.5,1.03649e+06,241.70,,inf,PASS,-3.066,PASS
ff_27c_3.30v,ff,27,3.3,1,1,0.5,1.79931,145.5,1.1836e+06,269.49,,inf,PASS,-2.496,PASS
ff_27c_3.30v,ff,27,3.3,1,4.7,0.001,1.79931,145.5,83366.1,89.33,,inf,PASS,-0.6803,PASS
ff_27c_3.30v,ff,27,3.3,1,4.7,0.05,1.79931,145.5,84114.1,96.23,,inf,PASS,-0.6024,PASS
ff_27c_3.30v,ff,27,3.3,1,4.7,0.2,1.79931,145.5,98485.5,118.53,,inf,PASS,7.697,FAIL
ff_27c_3.30v,ff,27,3.3,1,4.7,0.5,1.79931,145.5,1.17548e+06,281.16,,inf,PASS,-2.752,PASS
ff_27c_3.30v,ff,27,3.3,10,0.33,0.001,1.79931,144.4,1.4934e+06,190.35,,inf,PASS,-2.418,PASS
ff_27c_3.30v,ff,27,3.3,10,0.33,0.05,1.79931,144.4,1.49698e+06,198.93,,inf,PASS,-2.306,PASS
ff_27c_3.30v,ff,27,3.3,10,0.33,0.2,1.79931,144.4,1.54908e+06,222.01,,inf,PASS,-2.579,PASS
ff_27c_3.30v,ff,27,3.3,10,0.33,0.5,1.79931,144.4,1.74823e+06,247.17,,inf,PASS,-2.749,PASS
ff_27c_3.30v,ff,27,3.3,10,1,0.001,1.79931,144.4,1.19832e+06,192.93,,inf,PASS,-2.308,PASS
ff_27c_3.30v,ff,27,3.3,10,1,0.05,1.79931,144.4,1.21337e+06,213.41,,inf,PASS,-3.683,PASS
ff_27c_3.30v,ff,27,3.3,10,1,0.2,1.79931,144.4,1.3678e+06,251.49,,inf,PASS,-1.975,PASS
ff_27c_3.30v,ff,27,3.3,10,1,0.5,1.79931,144.4,1.692e+06,266.23,,inf,PASS,-2.233,PASS
ff_27c_3.30v,ff,27,3.3,10,4.7,0.001,1.79931,144.4,945419,174.03,,inf,PASS,-3.636,PASS
ff_27c_3.30v,ff,27,3.3,10,4.7,0.05,1.79931,144.4,1.02612e+06,242.49,,inf,PASS,-3.382,PASS
ff_27c_3.30v,ff,27,3.3,10,4.7,0.2,1.79931,144.4,1.32112e+06,274.80,,inf,PASS,-3.064,PASS
ff_27c_3.30v,ff,27,3.3,10,4.7,0.5,1.79931,144.4,1.68404e+06,274.67,,inf,PASS,-2.356,PASS
ff_27c_3.30v,ff,27,3.3,25,0.33,0.001,1.7993,142.7,1.62346e+06,187.82,,inf,PASS,-2.687,PASS
ff_27c_3.30v,ff,27,3.3,25,0.33,0.05,1.7993,142.7,1.62821e+06,197.13,,inf,PASS,-2.554,PASS
ff_27c_3.30v,ff,27,3.3,25,0.33,0.2,1.7993,142.7,1.69596e+06,221.57,,inf,PASS,-2.539,PASS
ff_27c_3.30v,ff,27,3.3,25,0.33,0.5,1.7993,142.7,1.94298e+06,246.11,,inf,PASS,-2.263,PASS
ff_27c_3.30v,ff,27,3.3,25,1,0.001,1.7993,142.7,1.28845e+06,192.08,,inf,PASS,-3.01,PASS
ff_27c_3.30v,ff,27,3.3,25,1,0.05,1.7993,142.7,1.3079e+06,213.84,,inf,PASS,-2.268,PASS
ff_27c_3.30v,ff,27,3.3,25,1,0.2,1.7993,142.7,1.50457e+06,251.36,,inf,PASS,-1.745,PASS
ff_27c_3.30v,ff,27,3.3,25,1,0.5,1.7993,142.7,1.88895e+06,263.66,,inf,PASS,-1.638,PASS
ff_27c_3.30v,ff,27,3.3,25,4.7,0.001,1.7993,142.7,992552,182.70,,inf,PASS,-3.18,PASS
ff_27c_3.30v,ff,27,3.3,25,4.7,0.05,1.7993,142.7,1.09378e+06,247.60,,inf,PASS,-2.187,PASS
ff_27c_3.30v,ff,27,3.3,25,4.7,0.2,1.7993,142.7,1.45824e+06,273.19,,inf,PASS,-2.67,PASS
ff_27c_3.30v,ff,27,3.3,25,4.7,0.5,1.7993,142.7,1.88179e+06,271.23,,inf,PASS,-1.741,PASS
ff_27c_3.30v,ff,27,3.3,50,0.33,0.001,1.7993,140.6,1.71441e+06,186.02,,inf,PASS,-2.324,PASS
ff_27c_3.30v,ff,27,3.3,50,0.33,0.05,1.7993,140.6,1.71996e+06,195.83,,inf,PASS,-2.18,PASS
ff_27c_3.30v,ff,27,3.3,50,0.33,0.2,1.7993,140.6,1.79985e+06,221.18,,inf,PASS,-2.02,PASS
ff_27c_3.30v,ff,27,3.3,50,0.33,0.5,1.7993,140.6,2.08053e+06,245.27,,inf,PASS,-1.546,PASS
ff_27c_3.30v,ff,27,3.3,50,1,0.001,1.7993,140.6,1.35285e+06,191.03,,inf,PASS,-2.801,PASS
ff_27c_3.30v,ff,27,3.3,50,1,0.05,1.7993,140.6,1.37596e+06,213.71,,inf,PASS,-1.995,PASS
ff_27c_3.30v,ff,27,3.3,50,1,0.2,1.7993,140.6,1.60435e+06,250.88,,inf,PASS,-2.585,PASS
ff_27c_3.30v,ff,27,3.3,50,1,0.5,1.7993,140.6,2.02931e+06,261.81,,inf,PASS,-2.222,PASS
ff_27c_3.30v,ff,27,3.3,50,4.7,0.001,1.7993,140.6,1.027e+06,185.69,,inf,PASS,-3.622,PASS
ff_27c_3.30v,ff,27,3.3,50,4.7,0.05,1.7993,140.6,1.14577e+06,249.45,,inf,PASS,-2.01,PASS
ff_27c_3.30v,ff,27,3.3,50,4.7,0.2,1.7993,140.6,1.55874e+06,271.65,,inf,PASS,-1.962,PASS
ff_27c_3.30v,ff,27,3.3,50,4.7,0.5,1.7993,140.6,2.0224e+06,268.85,,inf,PASS,-2.308,PASS
ff_27c_3.63v,ff,27,3.63,0,0.33,0.001,1.7992,125.2,2538.77,20.89,990002,34.94,FAIL,-1.329,PASS
ff_27c_3.63v,ff,27,3.63,0,0.33,0.05,1.7992,125.2,2538.77,20.91,998653,33.25,FAIL,-1.329,PASS
ff_27c_3.63v,ff,27,3.63,0,0.33,0.2,1.7992,125.2,2538.77,20.95,1.0064e+06,32.99,FAIL,-1.329,PASS
ff_27c_3.63v,ff,27,3.63,0,0.33,0.5,1.7992,125.2,2538.78,21.04,1.01603e+06,31.41,FAIL,-1.329,PASS
ff_27c_3.63v,ff,27,3.63,0,1,0.001,1.7992,125.2,1428.17,12.21,990360,44.51,FAIL,-0.9908,PASS
ff_27c_3.63v,ff,27,3.63,0,1,0.05,1.7992,125.2,1428.17,12.23,1.00432e+06,42.70,FAIL,-0.9908,PASS
ff_27c_3.63v,ff,27,3.63,0,1,0.2,1.7992,125.2,1428.17,12.31,1.01826e+06,40.30,FAIL,-0.9908,PASS
ff_27c_3.63v,ff,27,3.63,0,1,0.5,1.7992,125.2,1428.18,12.46,1.02666e+06,34.79,FAIL,-0.9907,PASS
ff_27c_3.63v,ff,27,3.63,0,4.7,0.001,1.7992,125,653.42,5.99,992334,57.57,FAIL,-0.9911,PASS
ff_27c_3.63v,ff,27,3.63,0,4.7,0.05,1.7992,125,653.42,6.04,1.02005e+06,52.99,FAIL,-0.9911,PASS
ff_27c_3.63v,ff,27,3.63,0,4.7,0.2,1.7992,125,653.422,6.21,1.02985e+06,43.32,FAIL,-0.991,PASS
ff_27c_3.63v,ff,27,3.63,0,4.7,0.5,1.7992,125,653.435,6.54,1.03211e+06,35.67,FAIL,-0.9906,PASS
ff_27c_3.63v,ff,27,3.63,0.1,0.33,0.001,1.7992,141.8,182705,82.72,,inf,PASS,4.769,FAIL
ff_27c_3.63v,ff,27,3.63,0.1,0.33,0.05,1.7992,141.8,182741,83.78,,inf,PASS,4.811,FAIL
ff_27c_3.63v,ff,27,3.63,0.1,0.33,0.2,1.7992,141.8,183292,87.01,,inf,PASS,5.4,FAIL
ff_27c_3.63v,ff,27,3.63,0.1,0.33,0.5,1.7992,141.8,186454,93.40,,inf,PASS,7.733,FAIL
ff_27c_3.63v,ff,27,3.63,0.1,1,0.001,1.7992,141.8,51964,89.26,,inf,PASS,-0.4115,PASS
ff_27c_3.63v,ff,27,3.63,0.1,1,0.05,1.7992,141.8,51972,90.18,,inf,PASS,-0.4102,PASS
ff_27c_3.63v,ff,27,3.63,0.1,1,0.2,1.7992,141.8,52093.4,93.00,,inf,PASS,-0.3909,PASS
ff_27c_3.63v,ff,27,3.63,0.1,1,0.5,1.7992,141.8,52802,98.72,,inf,PASS,5.132,FAIL
ff_27c_3.63v,ff,27,3.63,0.1,4.7,0.001,1.7992,141.8,10974.4,61.12,,inf,PASS,-0.9802,PASS
ff_27c_3.63v,ff,27,3.63,0.1,4.7,0.05,1.7992,141.8,10975.6,62.03,,inf,PASS,-0.9788,PASS
ff_27c_3.63v,ff,27,3.63,0.1,4.7,0.2,1.7992,141.8,10993.3,64.86,,inf,PASS,-0.9584,PASS
ff_27c_3.63v,ff,27,3.63,0.1,4.7,0.5,1.7992,141.8,11093.4,70.71,,inf,PASS,4.695,FAIL
ff_27c_3.63v,ff,27,3.63,1,0.33,0.001,1.7992,143,1.23099e+06,197.71,,inf,PASS,-3.53,PASS
ff_27c_3.63v,ff,27,3.63,1,0.33,0.05,1.7992,143,1.23257e+06,204.86,,inf,PASS,-3.451,PASS
ff_27c_3.63v,ff,27,3.63,1,0.33,0.2,1.7992,143,1.25469e+06,225.17,,inf,PASS,-2.399,PASS
ff_27c_3.63v,ff,27,3.63,1,0.33,0.5,1.7992,143,1.35178e+06,251.56,,inf,PASS,-2.697,PASS
ff_27c_3.63v,ff,27,3.63,1,1,0.001,1.7992,143,1.05898e+06,189.35,,inf,PASS,-5.666,PASS
ff_27c_3.63v,ff,27,3.63,1,1,0.05,1.7992,143,1.0655e+06,208.25,,inf,PASS,-5.136,PASS
ff_27c_3.63v,ff,27,3.63,1,1,0.2,1.7992,143,1.13347e+06,250.31,,inf,PASS,-3.215,PASS
ff_27c_3.63v,ff,27,3.63,1,1,0.5,1.7992,143,1.30044e+06,273.71,,inf,PASS,-2.384,PASS
ff_27c_3.63v,ff,27,3.63,1,4.7,0.001,1.7992,143,93136.5,88.84,,inf,PASS,-0.5472,PASS
ff_27c_3.63v,ff,27,3.63,1,4.7,0.05,1.7992,143,94150.1,96.54,,inf,PASS,0.3641,FAIL
ff_27c_3.63v,ff,27,3.63,1,4.7,0.2,1.7992,143,115395,121.58,,inf,PASS,10.64,FAIL
ff_27c_3.63v,ff,27,3.63,1,4.7,0.5,1.7992,143,1.29297e+06,284.49,,inf,PASS,-2.598,PASS
ff_27c_3.63v,ff,27,3.63,10,0.33,0.001,1.7992,142.9,1.61547e+06,191.34,,inf,PASS,-2.968,PASS
ff_27c_3.63v,ff,27,3.63,10,0.33,0.05,1.7992,142.9,1.62011e+06,200.61,,inf,PASS,-2.833,PASS
ff_27c_3.63v,ff,27,3.63,10,0.33,0.2,1.7992,142.9,1.68478e+06,224.94,,inf,PASS,-2.852,PASS
ff_27c_3.63v,ff,27,3.63,10,0.33,0.5,1.7992,142.9,1.92183e+06,249.44,,inf,PASS,-2.647,PASS
ff_27c_3.63v,ff,27,3.63,10,1,0.001,1.7992,142.9,1.29789e+06,195.19,,inf,PASS,-2.897,PASS
ff_27c_3.63v,ff,27,3.63,10,1,0.05,1.7992,142.9,1.31595e+06,217.17,,inf,PASS,-2.153,PASS
ff_27c_3.63v,ff,27,3.63,10,1,0.2,1.7992,142.9,1.50148e+06,254.82,,inf,PASS,-1.908,PASS
ff_27c_3.63v,ff,27,3.63,10,1,0.5,1.7992,142.9,1.86907e+06,267.20,,inf,PASS,-2,PASS
ff_27c_3.63v,ff,27,3.63,10,4.7,0.001,1.7992,142.9,1.03145e+06,182.54,,inf,PASS,-4.238,PASS
ff_27c_3.63v,ff,27,3.63,10,4.7,0.05,1.7992,142.9,1.12413e+06,250.29,,inf,PASS,-3.42,PASS
ff_27c_3.63v,ff,27,3.63,10,4.7,0.2,1.7992,142.9,1.45769e+06,276.67,,inf,PASS,-2.834,PASS
ff_27c_3.63v,ff,27,3.63,10,4.7,0.5,1.7992,142.9,1.8619e+06,274.87,,inf,PASS,-2.103,PASS
ff_27c_3.63v,ff,27,3.63,25,0.33,0.001,1.79919,141.9,1.7565e+06,188.46,,inf,PASS,-3.21,PASS
ff_27c_3.63v,ff,27,3.63,25,0.33,0.05,1.79919,141.9,1.76266e+06,198.50,,inf,PASS,-3.049,PASS
ff_27c_3.63v,ff,27,3.63,25,0.33,0.2,1.79919,141.9,1.84708e+06,224.21,,inf,PASS,-2.753,PASS
ff_27c_3.63v,ff,27,3.63,25,0.33,0.5,1.79919,141.9,2.13951e+06,247.94,,inf,PASS,-2.117,PASS
ff_27c_3.63v,ff,27,3.63,25,1,0.001,1.79919,141.9,1.39488e+06,193.67,,inf,PASS,-3.554,PASS
ff_27c_3.63v,ff,27,3.63,25,1,0.05,1.79919,141.9,1.41987e+06,216.95,,inf,PASS,-2.675,PASS
ff_27c_3.63v,ff,27,3.63,25,1,0.2,1.79919,141.9,1.65484e+06,253.99,,inf,PASS,-1.621,PASS
ff_27c_3.63v,ff,27,3.63,25,1,0.5,1.79919,141.9,2.08882e+06,264.19,,inf,PASS,-1.378,PASS
ff_27c_3.63v,ff,27,3.63,25,4.7,0.001,1.79919,141.9,1.07914e+06,188.14,,inf,PASS,-3.787,PASS
ff_27c_3.63v,ff,27,3.63,25,4.7,0.05,1.79919,141.9,1.19899e+06,253.31,,inf,PASS,-2.173,PASS
ff_27c_3.63v,ff,27,3.63,25,4.7,0.2,1.79919,141.9,1.61179e+06,274.27,,inf,PASS,-2.405,PASS
ff_27c_3.63v,ff,27,3.63,25,4.7,0.5,1.79919,141.9,2.08239e+06,271.04,,inf,PASS,-1.464,PASS
ff_27c_3.63v,ff,27,3.63,50,0.33,0.001,1.79919,140.3,1.85642e+06,186.45,,inf,PASS,-2.814,PASS
ff_27c_3.63v,ff,27,3.63,50,0.33,0.05,1.79919,140.3,1.86364e+06,197.04,,inf,PASS,-2.64,PASS
ff_27c_3.63v,ff,27,3.63,50,0.33,0.2,1.79919,140.3,1.96325e+06,223.68,,inf,PASS,-2.184,PASS
ff_27c_3.63v,ff,27,3.63,50,0.33,0.5,1.79919,140.3,2.29444e+06,246.85,,inf,PASS,-2.756,PASS
ff_27c_3.63v,ff,27,3.63,50,1,0.001,1.79919,140.3,1.46556e+06,192.27,,inf,PASS,-3.304,PASS
ff_27c_3.63v,ff,27,3.63,50,1,0.05,1.79919,140.3,1.49525e+06,216.53,,inf,PASS,-2.351,PASS
ff_27c_3.63v,ff,27,3.63,50,1,0.2,1.79919,140.3,1.76798e+06,253.14,,inf,PASS,-2.403,PASS
ff_27c_3.63v,ff,27,3.63,50,1,0.5,1.79919,140.3,2.24728e+06,262.11,,inf,PASS,-1.931,PASS
ff_27c_3.63v,ff,27,3.63,50,4.7,0.001,1.79919,140.3,1.11552e+06,190.04,,inf,PASS,-4.187,PASS
ff_27c_3.63v,ff,27,3.63,50,4.7,0.05,1.79919,140.3,1.25776e+06,254.27,,inf,PASS,-1.931,PASS
ff_27c_3.63v,ff,27,3.63,50,4.7,0.2,1.79919,140.3,1.72513e+06,272.36,,inf,PASS,-1.66,PASS
ff_27c_3.63v,ff,27,3.63,50,4.7,0.5,1.79919,140.3,2.24111e+06,268.47,,inf,PASS,-2.002,PASS
ff_125c_2.97v,ff,125,2.97,0,0.33,0.001,1.79909,116.4,1465.42,11.54,587251,55.04,FAIL,-1.338,PASS
ff_125c_2.97v,ff,125,2.97,0,0.33,0.05,1.79909,116.4,1465.42,11.55,594155,54.91,FAIL,-1.338,PASS
ff_125c_2.97v,ff,125,2.97,0,0.33,0.2,1.79909,116.4,1465.42,11.57,613408,54.49,FAIL,-1.338,PASS
ff_125c_2.97v,ff,125,2.97,0,0.33,0.5,1.79909,116.4,1465.42,11.62,644568,53.40,FAIL,-1.338,PASS
ff_125c_2.97v,ff,125,2.97,0,1,0.001,1.79909,116.4,836.424,6.88,587534,64.66,FAIL,-1.495,PASS
ff_125c_2.97v,ff,125,2.97,0,1,0.05,1.79909,116.4,836.424,6.90,607663,64.25,FAIL,-1.495,PASS
ff_125c_2.97v,ff,125,2.97,0,1,0.2,1.79909,116.4,836.424,6.94,653177,62.58,FAIL,-1.495,PASS
ff_125c_2.97v,ff,125,2.97,0,1,0.5,1.79909,116.4,836.425,7.03,696641,59.08,FAIL,-1.495,PASS
ff_125c_2.97v,ff,125,2.97,0,4.7,0.001,1.79909,116.1,384.893,3.79,589103,78.08,FAIL,-1.388,PASS
ff_125c_2.97v,ff,125,2.97,0,4.7,0.05,1.79909,116.1,384.893,3.82,660699,75.51,FAIL,-1.388,PASS
ff_125c_2.97v,ff,125,2.97,0,4.7,0.2,1.79909,116.1,384.893,3.92,719966,68.77,FAIL,-1.388,PASS
ff_125c_2.97v,ff,125,2.97,0,4.7,0.5,1.79909,116.1,384.896,4.12,740458,62.09,FAIL,-1.388,PASS
ff_125c_2.97v,ff,125,2.97,0.1,0.33,0.001,1.79909,139.7,88611.7,88.27,,inf,PASS,-0.5694,PASS
ff_125c_2.97v,ff,125,2.97,0.1,0.33,0.05,1.79909,139.7,88615.8,88.79,,inf,PASS,-0.569,PASS
ff_125c_2.97v,ff,125,2.97,0.1,0.33,0.2,1.79909,139.7,88680.2,90.37,,inf,PASS,-0.5627,PASS
ff_125c_2.97v,ff,125,2.97,0.1,0.33,0.5,1.79909,139.7,89044.5,93.52,,inf,PASS,-0.5272,PASS
ff_125c_2.97v,ff,125,2.97,0.1,1,0.001,1.79909,139.7,24940.9,79.85,,inf,PASS,-0.4445,PASS
ff_125c_2.97v,ff,125,2.97,0.1,1,0.05,1.79909,139.7,24941.6,80.29,,inf,PASS,-0.4442,PASS
ff_125c_2.97v,ff,125,2.97,0.1,1,0.2,1.79909,139.7,24953.1,81.65,,inf,PASS,-0.4398,PASS
ff_125c_2.97v,ff,125,2.97,0.1,1,0.5,1.79909,139.7,25018.3,84.40,,inf,PASS,-0.4151,PASS
ff_125c_2.97v,ff,125,2.97,0.1,4.7,0.001,1.79909,139.7,6981.5,45.36,,inf,PASS,-1.085,PASS
ff_125c_2.97v,ff,125,2.97,0.1,4.7,0.05,1.79909,139.7,6981.74,45.94,,inf,PASS,-1.084,PASS
ff_125c_2.97v,ff,125,2.97,0.1,4.7,0.2,1.79909,139.7,6985.44,47.73,,inf,PASS,-1.076,PASS
ff_125c_2.97v,ff,125,2.97,0.1,4.7,0.5,1.79909,139.7,7006.31,51.37,,inf,PASS,-1.031,PASS
ff_125c_2.97v,ff,125,2.97,1,0.33,0.001,1.79909,140.4,922968,187.95,,inf,PASS,-4.255,PASS
ff_125c_2.97v,ff,125,2.97,1,0.33,0.05,1.79909,140.4,923623,193.35,,inf,PASS,-4.209,PASS
ff_125c_2.97v,ff,125,2.97,1,0.33,0.2,1.79909,140.4,933197,209.72,,inf,PASS,-3.569,PASS
ff_125c_2.97v,ff,125,2.97,1,0.33,0.5,1.79909,140.4,977270,236.32,,inf,PASS,-3.12,PASS
ff_125c_2.97v,ff,125,2.97,1,1,0.001,1.79909,140.4,272514,77.66,,inf,PASS,1.849,FAIL
ff_125c_2.97v,ff,125,2.97,1,1,0.05,1.79909,140.4,273792,82.41,,inf,PASS,2.068,FAIL
ff_125c_2.97v,ff,125,2.97,1,1,0.2,1.79909,140.4,297555,96.87,,inf,PASS,4.468,FAIL
ff_125c_2.97v,ff,125,2.97,1,1,0.5,1.79909,140.4,924817,258.91,,inf,PASS,-3.531,PASS
ff_125c_2.97v,ff,125,2.97,1,4.7,0.001,1.79909,140.4,45151.2,87.88,,inf,PASS,-0.4325,PASS
ff_125c_2.97v,ff,125,2.97,1,4.7,0.05,1.79909,140.4,45267.2,91.64,,inf,PASS,-0.4109,PASS
ff_125c_2.97v,ff,125,2.97,1,4.7,0.2,1.79909,140.4,47178.2,103.67,,inf,PASS,1.257,FAIL
ff_125c_2.97v,ff,125,2.97,1,4.7,0.5,1.79909,140.4,68329.9,134.35,,inf,PASS,9.02,FAIL
ff_125c_2.97v,ff,125,2.97,10,0.33,0.001,1.79909,139,1.20752e+06,190.02,,inf,PASS,-3.584,PASS
ff_125c_2.97v,ff,125,2.97,10,0.33,0.05,1.79909,139,1.20944e+06,197.00,,inf,PASS,-3.507,PASS
ff_125c_2.97v,ff,125,2.97,10,0.33,0.2,1.79909,139,1.2374e+06,216.68,,inf,PASS,-2.462,PASS
ff_125c_2.97v,ff,125,2.97,10,0.33,0.5,1.79909,139,1.35622e+06,242.38,,inf,PASS,-2.144,PASS
ff_125c_2.97v,ff,125,2.97,10,1,0.001,1.79909,139,974407,188.59,,inf,PASS,-3.436,PASS
ff_125c_2.97v,ff,125,2.97,10,1,0.05,1.79909,139,982203,205.68,,inf,PASS,-2.994,PASS
ff_125c_2.97v,ff,125,2.97,10,1,0.2,1.79909,139,1.07198e+06,243.59,,inf,PASS,-2.633,PASS
ff_125c_2.97v,ff,125,2.97,10,1,0.5,1.79909,139,1.29205e+06,264.81,,inf,PASS,-2.108,PASS
ff_125c_2.97v,ff,125,2.97,10,4.7,0.001,1.79909,139,281452,78.16,,inf,PASS,0.8624,FAIL
ff_125c_2.97v,ff,125,2.97,10,4.7,0.05,1.79909,139,326967,101.61,,inf,PASS,4.089,FAIL
ff_125c_2.97v,ff,125,2.97,10,4.7,0.2,1.79909,139,1.02161e+06,270.09,,inf,PASS,-2.633,PASS
ff_125c_2.97v,ff,125,2.97,10,4.7,0.5,1.79909,139,1.28218e+06,275.73,,inf,PASS,-2.322,PASS
ff_125c_2.97v,ff,125,2.97,25,0.33,0.001,1.79909,136.8,1.31209e+06,188.01,,inf,PASS,-2.019,PASS
ff_125c_2.97v,ff,125,2.97,25,0.33,0.05,1.79909,136.8,1.31447e+06,195.57,,inf,PASS,-1.937,PASS
ff_125c_2.97v,ff,125,2.97,25,0.33,0.2,1.79909,136.8,1.3513e+06,216.51,,inf,PASS,-2.511,PASS
ff_125c_2.97v,ff,125,2.97,25,0.33,0.5,1.79909,136.8,1.50145e+06,242.06,,inf,PASS,-1.749,PASS
ff_125c_2.97v,ff,125,2.97,25,1,0.001,1.79909,136.8,1.04493e+06,189.42,,inf,PASS,-2.151,PASS
ff_125c_2.97v,ff,125,2.97,25,1,0.05,1.79909,136.8,1.05549e+06,207.48,,inf,PASS,-3.613,PASS
ff_125c_2.97v,ff,125,2.97,25,1,0.2,1.79909,136.8,1.17184e+06,244.98,,inf,PASS,-2.541,PASS
ff_125c_2.97v,ff,125,2.97,25,1,0.5,1.79909,136.8,1.43842e+06,263.19,,inf,PASS,-1.556,PASS
ff_125c_2.97v,ff,125,2.97,25,4.7,0.001,1.79909,136.8,802860,165.11,,inf,PASS,-4.412,PASS
ff_125c_2.97v,ff,125,2.97,25,4.7,0.05,1.79909,136.8,867783,230.47,,inf,PASS,-2.37,PASS
ff_125c_2.97v,ff,125,2.97,25,4.7,0.2,1.79909,136.8,1.11958e+06,270.68,,inf,PASS,-2.423,PASS
ff_125c_2.97v,ff,125,2.97,25,4.7,0.5,1.79909,136.8,1.42931e+06,273.04,,inf,PASS,-1.734,PASS
ff_125c_2.97v,ff,125,2.97,50,0.33,0.001,1.79909,133.9,1.38205e+06,186.51,,inf,PASS,-3.538,PASS
ff_125c_2.97v,ff,125,2.97,50,0.33,0.05,1.79909,133.9,1.38497e+06,194.46,,inf,PASS,-3.44,PASS
ff_125c_2.97v,ff,125,2.97,50,0.33,0.2,1.79909,133.9,1.42809e+06,216.22,,inf,PASS,-2.126,PASS
ff_125c_2.97v,ff,125,2.97,50,0.33,0.5,1.79909,133.9,1.60017e+06,241.64,,inf,PASS,-2.608,PASS
ff_125c_2.97v,ff,125,2.97,50,1,0.001,1.79909,133.9,1.09378e+06,189.08,,inf,PASS,-2.09,PASS
ff_125c_2.97v,ff,125,2.97,50,1,0.05,1.79909,133.9,1.10627e+06,207.86,,inf,PASS,-3.446,PASS
ff_125c_2.97v,ff,125,2.97,50,1,0.2,1.79909,133.9,1.24156e+06,245.25,,inf,PASS,-2.053,PASS
ff_125c_2.97v,ff,125,2.97,50,1,0.5,1.79909,133.9,1.53886e+06,261.83,,inf,PASS,-2.265,PASS
ff_125c_2.97v,ff,125,2.97,50,4.7,0.001,1.79909,133.9,831305,172.46,,inf,PASS,-2.491,PASS
ff_125c_2.97v,ff,125,2.97,50,4.7,0.05,1.79909,133.9,904138,234.90,,inf,PASS,-2.45,PASS
ff_125c_2.97v,ff,125,2.97,50,4.7,0.2,1.79909,133.9,1.18891e+06,270.17,,inf,PASS,-1.871,PASS
ff_125c_2.97v,ff,125,2.97,50,4.7,0.5,1.79909,133.9,1.5299e+06,271.05,,inf,PASS,-2.413,PASS
ff_125c_3.30v,ff,125,3.3,0,0.33,0.001,1.79903,112,1528.47,12.08,567790,56.96,FAIL,-1.402,PASS
ff_125c_3.30v,ff,125,3.3,0,0.33,0.05,1.79903,112,1528.47,12.09,576594,56.96,FAIL,-1.402,PASS
ff_125c_3.30v,ff,125,3.3,0,0.33,0.2,1.79903,112,1528.47,12.12,602136,56.90,FAIL,-1.402,PASS
ff_125c_3.30v,ff,125,3.3,0,0.33,0.5,1.79903,112,1528.47,12.17,647137,56.43,FAIL,-1.402,PASS
ff_125c_3.30v,ff,125,3.3,0,1,0.001,1.79903,112,871.904,7.37,568155,66.59,FAIL,-1.57,PASS
ff_125c_3.30v,ff,125,3.3,0,1,0.05,1.79903,112,871.904,7.39,593815,66.58,FAIL,-1.57,PASS
ff_125c_3.30v,ff,125,3.3,0,1,0.2,1.79903,112,871.904,7.44,660348,65.75,FAIL,-1.57,PASS
ff_125c_3.30v,ff,125,3.3,0,1,0.5,1.79903,112,871.905,7.53,730433,62.91,FAIL,-1.57,PASS
ff_125c_3.30v,ff,125,3.3,0,4.7,0.001,1.79903,111.8,401.119,4.47,570178,80.03,FAIL,-1.469,PASS
ff_125c_3.30v,ff,125,3.3,0,4.7,0.05,1.79903,111.8,401.119,4.51,672688,78.93,FAIL,-1.469,PASS
ff_125c_3.30v,ff,125,3.3,0,4.7,0.2,1.79903,111.8,401.12,4.61,768146,72.78,FAIL,-1.469,PASS
ff_125c_3.30v,ff,125,3.3,0,4.7,0.5,1.79903,111.8,401.123,4.81,798585,66.12,FAIL,-1.469,PASS
ff_125c_3.30v,ff,125,3.3,0.1,0.33,0.001,1.79903,137.8,99896.7,87.67,,inf,PASS,-0.362,PASS
ff_125c_3.30v,ff,125,3.3,0.1,0.33,0.05,1.79903,137.8,99902.5,88.25,,inf,PASS,-0.3615,PASS
ff_125c_3.30v,ff,125,3.3,0.1,0.33,0.2,1.79903,137.8,99991.2,90.03,,inf,PASS,-0.3538,PASS
ff_125c_3.30v,ff,125,3.3,0.1,0.33,0.5,1.79903,137.8,100515,93.57,,inf,PASS,0.2488,FAIL
ff_125c_3.30v,ff,125,3.3,0.1,1,0.001,1.79903,137.8,27908.5,81.87,,inf,PASS,-0.6376,PASS
ff_125c_3.30v,ff,125,3.3,0.1,1,0.05,1.79903,137.8,27909.6,82.36,,inf,PASS,-0.6372,PASS
ff_125c_3.30v,ff,125,3.3,0.1,1,0.2,1.79903,137.8,27926.9,83.88,,inf,PASS,-0.6314,PASS
ff_125c_3.30v,ff,125,3.3,0.1,1,0.5,1.79903,137.8,28024.5,86.96,,inf,PASS,-0.5988,PASS
ff_125c_3.30v,ff,125,3.3,0.1,4.7,0.001,1.79903,137.8,7498.01,47.58,,inf,PASS,-0.7397,PASS
ff_125c_3.30v,ff,125,3.3,0.1,4.7,0.05,1.79903,137.8,7498.31,48.20,,inf,PASS,-0.7391,PASS
ff_125c_3.30v,ff,125,3.3,0.1,4.7,0.2,1.79903,137.8,7502.86,50.12,,inf,PASS,-0.7302,PASS
ff_125c_3.30v,ff,125,3.3,0.1,4.7,0.5,1.79903,137.8,7528.48,54.04,,inf,PASS,-0.6805,PASS
ff_125c_3.30v,ff,125,3.3,1,0.33,0.001,1.79903,139.2,1.00694e+06,192.17,,inf,PASS,-4.572,PASS
ff_125c_3.30v,ff,125,3.3,1,0.33,0.05,1.79903,139.2,1.00778e+06,198.05,,inf,PASS,-4.518,PASS
ff_125c_3.30v,ff,125,3.3,1,0.33,0.2,1.79903,139.2,1.01999e+06,215.54,,inf,PASS,-3.76,PASS
ff_125c_3.30v,ff,125,3.3,1,0.33,0.5,1.79903,139.2,1.07414e+06,242.36,,inf,PASS,-2.992,PASS
ff_125c_3.30v,ff,125,3.3,1,1,0.001,1.79903,139.2,307546,75.85,,inf,PASS,3.627,FAIL
ff_125c_3.30v,ff,125,3.3,1,1,0.05,1.79903,139.2,309498,81.19,,inf,PASS,3.889,FAIL
ff_125c_3.30v,ff,125,3.3,1,1,0.2,1.79903,139.2,347944,97.49,,inf,PASS,6.627,FAIL
ff_125c_3.30v,ff,125,3.3,1,1,0.5,1.79903,139.2,1.02357e+06,265.43,,inf,PASS,-3.116,PASS
ff_125c_3.30v,ff,125,3.3,1,4.7,0.001,1.79903,139.2,51299.6,88.68,,inf,PASS,-0.5076,PASS
ff_125c_3.30v,ff,125,3.3,1,4.7,0.05,1.79903,139.2,51473.3,92.96,,inf,PASS,-0.4793,PASS
ff_125c_3.30v,ff,125,3.3,1,4.7,0.2,1.79903,139.2,54354.8,106.63,,inf,PASS,3.796,FAIL
ff_125c_3.30v,ff,125,3.3,1,4.7,0.5,1.79903,139.2,102746,144.27,,inf,PASS,11.59,FAIL
ff_125c_3.30v,ff,125,3.3,10,0.33,0.001,1.79903,138.8,1.31613e+06,191.03,,inf,PASS,-1.968,PASS
ff_125c_3.30v,ff,125,3.3,10,0.33,0.05,1.79903,138.8,1.3185e+06,198.62,,inf,PASS,-3.736,PASS
ff_125c_3.30v,ff,125,3.3,10,0.33,0.2,1.79903,138.8,1.35453e+06,219.65,,inf,PASS,-2.509,PASS
ff_125c_3.30v,ff,125,3.3,10,0.33,0.5,1.79903,138.8,1.50038e+06,245.30,,inf,PASS,-1.82,PASS
ff_125c_3.30v,ff,125,3.3,10,1,0.001,1.79903,138.8,1.06328e+06,191.13,,inf,PASS,-3.682,PASS
ff_125c_3.30v,ff,125,3.3,10,1,0.05,1.79903,138.8,1.07337e+06,209.59,,inf,PASS,-3.155,PASS
ff_125c_3.30v,ff,125,3.3,10,1,0.2,1.79903,138.8,1.18402e+06,247.89,,inf,PASS,-2.322,PASS
ff_125c_3.30v,ff,125,3.3,10,1,0.5,1.79903,138.8,1.43929e+06,266.46,,inf,PASS,-1.59,PASS
ff_125c_3.30v,ff,125,3.3,10,4.7,0.001,1.79903,138.8,322200,76.34,,inf,PASS,2.242,FAIL
ff_125c_3.30v,ff,125,3.3,10,4.7,0.05,1.79903,138.8,903648,229.75,,inf,PASS,-2.987,PASS
ff_125c_3.30v,ff,125,3.3,10,4.7,0.2,1.79903,138.8,1.13589e+06,273.22,,inf,PASS,-2.096,PASS
ff_125c_3.30v,ff,125,3.3,10,4.7,0.5,1.79903,138.8,1.43054e+06,276.32,,inf,PASS,-1.768,PASS
ff_125c_3.30v,ff,125,3.3,25,0.33,0.001,1.79902,137.3,1.43187e+06,188.59,,inf,PASS,-2.214,PASS
ff_125c_3.30v,ff,125,3.3,25,0.33,0.05,1.79902,137.3,1.43503e+06,196.83,,inf,PASS,-2.114,PASS
ff_125c_3.30v,ff,125,3.3,25,0.33,0.2,1.79902,137.3,1.48214e+06,219.19,,inf,PASS,-2.48,PASS
ff_125c_3.30v,ff,125,3.3,25,0.33,0.5,1.79902,137.3,1.66606e+06,244.51,,inf,PASS,-2.799,PASS
ff_125c_3.30v,ff,125,3.3,25,1,0.001,1.79902,137.3,1.1411e+06,191.10,,inf,PASS,-2.345,PASS
ff_125c_3.30v,ff,125,3.3,25,1,0.05,1.79902,137.3,1.15446e+06,210.69,,inf,PASS,-3.706,PASS
ff_125c_3.30v,ff,125,3.3,25,1,0.2,1.79902,137.3,1.29826e+06,248.48,,inf,PASS,-2.147,PASS
ff_125c_3.30v,ff,125,3.3,25,1,0.5,1.79902,137.3,1.60724e+06,264.21,,inf,PASS,-2.368,PASS
ff_125c_3.30v,ff,125,3.3,25,4.7,0.001,1.79902,137.3,883734,172.30,,inf,PASS,-4.5,PASS
ff_125c_3.30v,ff,125,3.3,25,4.7,0.05,1.79902,137.3,959898,238.46,,inf,PASS,-4.065,PASS
ff_125c_3.30v,ff,125,3.3,25,4.7,0.2,1.79902,137.3,1.2486e+06,272.65,,inf,PASS,-1.83,PASS
ff_125c_3.30v,ff,125,3.3,25,4.7,0.5,1.79902,137.3,1.59873e+06,273.08,,inf,PASS,-2.503,PASS
ff_125c_3.30v,ff,125,3.3,50,0.33,0.001,1.79902,135.1,1.51051e+06,186.88,,inf,PASS,-1.884,PASS
ff_125c_3.30v,ff,125,3.3,50,0.33,0.05,1.79902,135.1,1.51423e+06,195.55,,inf,PASS,-3.55,PASS
ff_125c_3.30v,ff,125,3.3,50,0.33,0.2,1.79902,135.1,1.56993e+06,218.78,,inf,PASS,-2.014,PASS
ff_125c_3.30v,ff,125,3.3,50,0.33,0.5,1.79902,135.1,1.78124e+06,243.82,,inf,PASS,-2.117,PASS
ff_125c_3.30v,ff,125,3.3,50,1,0.001,1.79902,135.1,1.19609e+06,190.40,,inf,PASS,-2.213,PASS
ff_125c_3.30v,ff,125,3.3,50,1,0.05,1.79902,135.1,1.21219e+06,210.77,,inf,PASS,-3.462,PASS
ff_125c_3.30v,ff,125,3.3,50,1,0.2,1.79902,135.1,1.3793e+06,248.38,,inf,PASS,-1.576,PASS
ff_125c_3.30v,ff,125,3.3,50,1,0.5,1.79902,135.1,1.7237e+06,262.55,,inf,PASS,-1.622,PASS
ff_125c_3.30v,ff,125,3.3,50,4.7,0.001,1.79902,135.1,913454,177.92,,inf,PASS,-4.955,PASS
ff_125c_3.30v,ff,125,3.3,50,4.7,0.05,1.79902,135.1,1.00128e+06,241.76,,inf,PASS,-3.928,PASS
ff_125c_3.30v,ff,125,3.3,50,4.7,0.2,1.79902,135.1,1.33014e+06,271.61,,inf,PASS,-2.665,PASS
ff_125c_3.30v,ff,125,3.3,50,4.7,0.5,1.79902,135.1,1.71586e+06,270.81,,inf,PASS,-1.745,PASS
ff_125c_3.63v,ff,125,3.63,0,0.33,0.001,1.79887,105.3,1580.43,12.81,543438,58.50,FAIL,-0.8311,PASS
ff_125c_3.63v,ff,125,3.63,0,0.33,0.05,1.79887,105.3,1580.43,12.81,553559,58.62,FAIL,-0.8311,PASS
ff_125c_3.63v,ff,125,3.63,0,0.33,0.2,1.79887,105.3,1580.43,12.84,584988,58.92,FAIL,-0.8311,PASS
ff_125c_3.63v,ff,125,3.63,0,0.33,0.5,1.79887,105.3,1580.43,12.90,645874,59.07,FAIL,-0.8311,PASS
ff_125c_3.63v,ff,125,3.63,0,1,0.001,1.79887,105.3,901.355,8.32,543858,68.14,FAIL,-0.9999,PASS
ff_125c_3.63v,ff,125,3.63,0,1,0.05,1.79887,105.3,901.353,8.33,574825,68.46,FAIL,-0.9999,PASS
ff_125c_3.63v,ff,125,3.63,0,1,0.2,1.79887,105.3,901.353,8.38,665037,68.60,FAIL,-0.9999,PASS
ff_125c_3.63v,ff,125,3.63,0,1,0.5,1.79887,105.3,901.355,8.48,769380,66.41,FAIL,-0.9999,PASS
ff_125c_3.63v,ff,125,3.63,0,4.7,0.001,1.79887,105.1,414.329,6.24,546190,81.60,FAIL,-0.9056,PASS
ff_125c_3.63v,ff,125,3.63,0,4.7,0.05,1.79887,105.1,414.329,6.27,682784,81.90,FAIL,-0.9057,PASS
ff_125c_3.63v,ff,125,3.63,0,4.7,0.2,1.79887,105.1,414.329,6.38,823811,76.41,FAIL,-0.9056,PASS
ff_125c_3.63v,ff,125,3.63,0,4.7,0.5,1.79887,105.1,414.332,6.59,866336,69.79,FAIL,-0.9055,PASS
ff_125c_3.63v,ff,125,3.63,0.1,0.33,0.001,1.79886,133.1,110643,86.86,,inf,PASS,2.771,FAIL
ff_125c_3.63v,ff,125,3.63,0.1,0.33,0.05,1.79886,133.1,110651,87.50,,inf,PASS,2.809,FAIL
ff_125c_3.63v,ff,125,3.63,0.1,0.33,0.2,1.79886,133.1,110774,89.47,,inf,PASS,3.349,FAIL
ff_125c_3.63v,ff,125,3.63,0.1,0.33,0.5,1.79886,133.1,111473,93.39,,inf,PASS,5.539,FAIL
ff_125c_3.63v,ff,125,3.63,0.1,1,0.001,1.79886,133.1,30850.5,83.42,,inf,PASS,-0.5596,PASS
ff_125c_3.63v,ff,125,3.63,0.1,1,0.05,1.79886,133.1,30852,83.96,,inf,PASS,-0.5591,PASS
ff_125c_3.63v,ff,125,3.63,0.1,1,0.2,1.79886,133.1,30875.7,85.64,,inf,PASS,-0.5521,PASS
ff_125c_3.63v,ff,125,3.63,0.1,1,0.5,1.79886,133.1,31009.8,89.05,,inf,PASS,2.775,FAIL
ff_125c_3.63v,ff,125,3.63,0.1,4.7,0.001,1.79886,133.1,7988.85,49.56,,inf,PASS,-1.073,PASS
ff_125c_3.63v,ff,125,3.63,0.1,4.7,0.05,1.79886,133.1,7989.23,50.22,,inf,PASS,-1.073,PASS
ff_125c_3.63v,ff,125,3.63,0.1,4.7,0.2,1.79886,133.1,7995.09,52.27,,inf,PASS,-1.062,PASS
ff_125c_3.63v,ff,125,3.63,0.1,4.7,0.5,1.79886,133.1,8028.11,56.45,,inf,PASS,2.299,FAIL
ff_125c_3.63v,ff,125,3.63,1,0.33,0.001,1.79886,135.3,1.09056e+06,197.45,,inf,PASS,-2.907,PASS
ff_125c_3.63v,ff,125,3.63,1,0.33,0.05,1.79886,135.3,1.09151e+06,203.82,,inf,PASS,-2.847,PASS
ff_125c_3.63v,ff,125,3.63,1,0.33,0.2,1.79886,135.3,1.10626e+06,222.33,,inf,PASS,-4.321,PASS
ff_125c_3.63v,ff,125,3.63,1,0.33,0.5,1.79886,135.3,1.17138e+06,248.78,,inf,PASS,-3.202,PASS
ff_125c_3.63v,ff,125,3.63,1,1,0.001,1.79886,135.3,341040,73.72,,inf,PASS,6.382,FAIL
ff_125c_3.63v,ff,125,3.63,1,1,0.05,1.79886,135.3,343718,79.62,,inf,PASS,6.694,FAIL
ff_125c_3.63v,ff,125,3.63,1,1,0.2,1.79886,135.3,406551,97.60,,inf,PASS,9.797,FAIL
ff_125c_3.63v,ff,125,3.63,1,1,0.5,1.79886,135.3,1.12274e+06,272.03,,inf,PASS,-3.081,PASS
ff_125c_3.63v,ff,125,3.63,1,4.7,0.001,1.79886,135.3,57309.1,89.06,,inf,PASS,-0.3698,PASS
ff_125c_3.63v,ff,125,3.63,1,4.7,0.05,1.79886,135.3,57547.2,93.83,,inf,PASS,-0.6719,PASS
ff_125c_3.63v,ff,125,3.63,1,4.7,0.2,1.79886,135.3,61688.8,109.11,,inf,PASS,7.316,FAIL
ff_125c_3.63v,ff,125,3.63,1,4.7,0.5,1.79886,135.3,1.11511e+06,284.27,,inf,PASS,-3.361,PASS
ff_125c_3.63v,ff,125,3.63,10,0.33,0.001,1.79886,136.4,1.42134e+06,192.28,,inf,PASS,-2.607,PASS
ff_125c_3.63v,ff,125,3.63,10,0.33,0.05,1.79886,136.4,1.42438e+06,200.46,,inf,PASS,-2.505,PASS
ff_125c_3.63v,ff,125,3.63,10,0.33,0.2,1.79886,136.4,1.46851e+06,222.71,,inf,PASS,-2.917,PASS
ff_125c_3.63v,ff,125,3.63,10,0.33,0.5,1.79886,136.4,1.64268e+06,248.01,,inf,PASS,-1.85,PASS
ff_125c_3.63v,ff,125,3.63,10,1,0.001,1.79886,136.4,1.14894e+06,194.06,,inf,PASS,-4.363,PASS
ff_125c_3.63v,ff,125,3.63,10,1,0.05,1.79886,136.4,1.16189e+06,213.78,,inf,PASS,-3.735,PASS
ff_125c_3.63v,ff,125,3.63,10,1,0.2,1.79886,136.4,1.29474e+06,251.94,,inf,PASS,-2.392,PASS
ff_125c_3.63v,ff,125,3.63,10,1,0.5,1.79886,136.4,1.58451e+06,267.99,,inf,PASS,-1.451,PASS
ff_125c_3.63v,ff,125,3.63,10,4.7,0.001,1.79886,136.4,362653,74.33,,inf,PASS,4.048,FAIL
ff_125c_3.63v,ff,125,3.63,10,4.7,0.05,1.79886,136.4,989973,240.12,,inf,PASS,-3.141,PASS
ff_125c_3.63v,ff,125,3.63,10,4.7,0.2,1.79886,136.4,1.24875e+06,276.08,,inf,PASS,-1.977,PASS
ff_125c_3.63v,ff,125,3.63,10,4.7,0.5,1.79886,136.4,1.57654e+06,276.98,,inf,PASS,-1.6,PASS
ff_125c_3.63v,ff,125,3.63,25,0.33,0.001,1.79886,135.8,1.54617e+06,189.34,,inf,PASS,-2.827,PASS
ff_125c_3.63v,ff,125,3.63,25,0.33,0.05,1.79886,135.8,1.55025e+06,198.22,,inf,PASS,-2.705,PASS
ff_125c_3.63v,ff,125,3.63,25,0.33,0.2,1.79886,135.8,1.60843e+06,221.83,,inf,PASS,-2.832,PASS
ff_125c_3.63v,ff,125,3.63,25,0.33,0.5,1.79886,135.8,1.82713e+06,246.66,,inf,PASS,-2.769,PASS
ff_125c_3.63v,ff,125,3.63,25,1,0.001,1.79886,135.8,1.23327e+06,192.92,,inf,PASS,-2.998,PASS
ff_125c_3.63v,ff,125,3.63,25,1,0.05,1.79886,135.8,1.24976e+06,213.89,,inf,PASS,-2.316,PASS
ff_125c_3.63v,ff,125,3.63,25,1,0.2,1.79886,135.8,1.42199e+06,251.59,,inf,PASS,-2.156,PASS
ff_125c_3.63v,ff,125,3.63,25,1,0.5,1.79886,135.8,1.77193e+06,265.09,,inf,PASS,-2.198,PASS
ff_125c_3.63v,ff,125,3.63,25,4.7,0.001,1.79886,135.8,960991,179.45,,inf,PASS,-5.203,PASS
ff_125c_3.63v,ff,125,3.63,25,4.7,0.05,1.79886,135.8,1.04908e+06,245.53,,inf,PASS,-4.186,PASS
ff_125c_3.63v,ff,125,3.63,25,4.7,0.2,1.79886,135.8,1.37475e+06,274.35,,inf,PASS,-1.672,PASS
ff_125c_3.63v,ff,125,3.63,25,4.7,0.5,1.79886,135.8,1.76422e+06,273.16,,inf,PASS,-2.311,PASS
ff_125c_3.63v,ff,125,3.63,50,0.33,0.001,1.79886,134.5,1.63231e+06,187.36,,inf,PASS,-2.465,PASS
ff_125c_3.63v,ff,125,3.63,50,0.33,0.05,1.79886,134.5,1.63709e+06,196.71,,inf,PASS,-2.333,PASS
ff_125c_3.63v,ff,125,3.63,50,0.33,0.2,1.79886,134.5,1.70612e+06,221.22,,inf,PASS,-2.317,PASS
ff_125c_3.63v,ff,125,3.63,50,0.33,0.5,1.79886,134.5,1.95662e+06,245.69,,inf,PASS,-2.044,PASS
ff_125c_3.63v,ff,125,3.63,50,1,0.001,1.79886,134.5,1.29318e+06,191.75,,inf,PASS,-2.825,PASS
ff_125c_3.63v,ff,125,3.63,50,1,0.05,1.79886,134.5,1.31291e+06,213.59,,inf,PASS,-2.084,PASS
ff_125c_3.63v,ff,125,3.63,50,1,0.2,1.79886,134.5,1.51329e+06,251.04,,inf,PASS,-1.536,PASS
ff_125c_3.63v,ff,125,3.63,50,1,0.5,1.79886,134.5,1.90249e+06,263.13,,inf,PASS,-1.418,PASS
ff_125c_3.63v,ff,125,3.63,50,4.7,0.001,1.79886,134.5,991429,182.75,,inf,PASS,-3.169,PASS
ff_125c_3.63v,ff,125,3.63,50,4.7,0.05,1.79886,134.5,1.09509e+06,247.49,,inf,PASS,-2.088,PASS
ff_125c_3.63v,ff,125,3.63,50,4.7,0.2,1.79886,134.5,1.46718e+06,272.76,,inf,PASS,-2.461,PASS
ff_125c_3.63v,ff,125,3.63,50,4.7,0.5,1.79886,134.5,1.89543e+06,270.63,,inf,PASS,-1.521,PASS
fs_-40c_2.97v,fs,-40,2.97,0,0.33,0.001,1.79946,138.2,3310.86,36.19,,inf,FAIL,-0.665,PASS
fs_-40c_2.97v,fs,-40,2.97,0,0.33,0.05,1.79946,138.2,3310.86,36.21,,inf,FAIL,-0.665,PASS
fs_-40c_2.97v,fs,-40,2.97,0,0.33,0.2,1.79946,138.2,3310.86,36.26,,inf,FAIL,-0.665,PASS
fs_-40c_2.97v,fs,-40,2.97,0,0.33,0.5,1.79946,138.2,3310.87,36.38,,inf,FAIL,-0.6649,PASS
fs_-40c_2.97v,fs,-40,2.97,0,1,0.001,1.79946,138.2,1778.82,21.28,,inf,FAIL,-1.12,PASS
fs_-40c_2.97v,fs,-40,2.97,0,1,0.05,1.79946,138.2,1778.82,21.32,,inf,FAIL,-1.12,PASS
fs_-40c_2.97v,fs,-40,2.97,0,1,0.2,1.79946,138.2,1778.82,21.41,,inf,FAIL,-1.12,PASS
fs_-40c_2.97v,fs,-40,2.97,0,1,0.5,1.79946,138.2,1778.83,21.60,,inf,FAIL,-1.12,PASS
fs_-40c_2.97v,fs,-40,2.97,0,4.7,0.001,1.79946,138.1,799.149,9.97,,inf,FAIL,-1.474,PASS
fs_-40c_2.97v,fs,-40,2.97,0,4.7,0.05,1.79946,138.1,799.149,10.04,,inf,FAIL,-1.474,PASS
fs_-40c_2.97v,fs,-40,2.97,0,4.7,0.2,1.79946,138.1,799.154,10.24,,inf,FAIL,-1.474,PASS
fs_-40c_2.97v,fs,-40,2.97,0,4.7,0.5,1.79946,138.1,799.178,10.65,,inf,FAIL,-1.474,PASS
fs_-40c_2.97v,fs,-40,2.97,0.1,0.33,0.001,1.79946,147.6,225902,75.92,,inf,PASS,7.586,FAIL
fs_-40c_2.97v,fs,-40,2.97,0.1,0.33,0.05,1.79946,147.6,225977,77.23,,inf,PASS,7.607,FAIL
fs_-40c_2.97v,fs,-40,2.97,0.1,0.33,0.2,1.79946,147.6,227115,81.18,,inf,PASS,7.927,FAIL
fs_-40c_2.97v,fs,-40,2.97,0.1,0.33,0.5,1.79946,147.6,234093,88.90,,inf,PASS,9.382,FAIL
fs_-40c_2.97v,fs,-40,2.97,0.1,1,0.001,1.79946,147.6,63136,90.22,,inf,PASS,-0.673,PASS
fs_-40c_2.97v,fs,-40,2.97,0.1,1,0.05,1.79946,147.6,63150.8,91.33,,inf,PASS,-0.671,PASS
fs_-40c_2.97v,fs,-40,2.97,0.1,1,0.2,1.79946,147.6,63376.9,94.74,,inf,PASS,0.3918,FAIL
fs_-40c_2.97v,fs,-40,2.97,0.1,1,0.5,1.79946,147.6,64680.8,101.58,,inf,PASS,5.52,FAIL
fs_-40c_2.97v,fs,-40,2.97,0.1,4.7,0.001,1.79946,147.6,11655.7,71.87,,inf,PASS,-0.7315,PASS
fs_-40c_2.97v,fs,-40,2.97,0.1,4.7,0.05,1.79946,147.6,11657.2,72.84,,inf,PASS,-0.73,PASS
fs_-40c_2.97v,fs,-40,2.97,0.1,4.7,0.2,1.79946,147.6,11681,75.85,,inf,PASS,-0.7076,PASS
fs_-40c_2.97v,fs,-40,2.97,0.1,4.7,0.5,1.79946,147.6,11815.9,82.07,,inf,PASS,4.725,FAIL
fs_-40c_2.97v,fs,-40,2.97,1,0.33,0.001,1.79946,147.6,947261,199.84,,inf,PASS,-2.578,PASS
fs_-40c_2.97v,fs,-40,2.97,1,0.33,0.05,1.79946,147.6,948019,205.34,,inf,PASS,-2.533,PASS
fs_-40c_2.97v,fs,-40,2.97,1,0.33,0.2,1.79946,147.6,959584,221.27,,inf,PASS,-3.906,PASS
fs_-40c_2.97v,fs,-40,2.97,1,0.33,0.5,1.79946,147.6,1.01465e+06,245.06,,inf,PASS,-3.059,PASS
fs_-40c_2.97v,fs,-40,2.97,1,1,0.001,1.79946,147.6,799105,197.49,,inf,PASS,-5.295,PASS
fs_-40c_2.97v,fs,-40,2.97,1,1,0.05,1.79946,147.6,802419,211.54,,inf,PASS,-4.983,PASS
fs_-40c_2.97v,fs,-40,2.97,1,1,0.2,1.79946,147.6,841044,245.86,,inf,PASS,-4.113,PASS
fs_-40c_2.97v,fs,-40,2.97,1,1,0.5,1.79946,147.6,953822,271.12,,inf,PASS,-1.857,PASS
fs_-40c_2.97v,fs,-40,2.97,1,4.7,0.001,1.79946,147.6,103222,86.91,,inf,PASS,0.2836,FAIL
fs_-40c_2.97v,fs,-40,2.97,1,4.7,0.05,1.79946,147.6,104586,95.38,,inf,PASS,3.185,FAIL
fs_-40c_2.97v,fs,-40,2.97,1,4.7,0.2,1.79946,147.6,137094,122.52,,inf,PASS,12.38,FAIL
fs_-40c_2.97v,fs,-40,2.97,1,4.7,0.5,1.79946,147.6,943916,285.54,,inf,PASS,-2.255,PASS
fs_-40c_2.97v,fs,-40,2.97,10,0.33,0.001,1.79946,145.2,1.23562e+06,192.83,,inf,PASS,-2.579,PASS
fs_-40c_2.97v,fs,-40,2.97,10,0.33,0.05,1.79946,145.2,1.23765e+06,199.94,,inf,PASS,-2.503,PASS
fs_-40c_2.97v,fs,-40,2.97,10,0.33,0.2,1.79946,145.2,1.26813e+06,219.64,,inf,PASS,-3.163,PASS
fs_-40c_2.97v,fs,-40,2.97,10,0.33,0.5,1.79946,145.2,1.39852e+06,244.30,,inf,PASS,-2.568,PASS
fs_-40c_2.97v,fs,-40,2.97,10,1,0.001,1.79946,145.2,985194,198.13,,inf,PASS,-2.749,PASS
fs_-40c_2.97v,fs,-40,2.97,10,1,0.05,1.79946,145.2,993597,214.98,,inf,PASS,-2.308,PASS
fs_-40c_2.97v,fs,-40,2.97,10,1,0.2,1.79946,145.2,1.09285e+06,249.66,,inf,PASS,-1.785,PASS
fs_-40c_2.97v,fs,-40,2.97,10,1,0.5,1.79946,145.2,1.33315e+06,266.79,,inf,PASS,-2.475,PASS
fs_-40c_2.97v,fs,-40,2.97,10,4.7,0.001,1.79946,145.2,773144,193.65,,inf,PASS,-4.777,PASS
fs_-40c_2.97v,fs,-40,2.97,10,4.7,0.05,1.79946,145.2,820445,247.04,,inf,PASS,-3.137,PASS
fs_-40c_2.97v,fs,-40,2.97,10,4.7,0.2,1.79946,145.2,1.03944e+06,277.47,,inf,PASS,-1.859,PASS
fs_-40c_2.97v,fs,-40,2.97,10,4.7,0.5,1.79946,145.2,1.32302e+06,277.46,,inf,PASS,-2.67,PASS
fs_-40c_2.97v,fs,-40,2.97,25,0.33,0.001,1.79946,142.7,1.34005e+06,190.15,,inf,PASS,-2.941,PASS
fs_-40c_2.97v,fs,-40,2.97,25,0.33,0.05,1.79946,142.7,1.34269e+06,197.84,,inf,PASS,-2.851,PASS
fs_-40c_2.97v,fs,-40,2.97,25,0.33,0.2,1.79946,142.7,1.38187e+06,218.83,,inf,PASS,-3.288,PASS
fs_-40c_2.97v,fs,-40,2.97,25,0.33,0.5,1.79946,142.7,1.54392e+06,243.50,,inf,PASS,-2.285,PASS
fs_-40c_2.97v,fs,-40,2.97,25,1,0.001,1.79946,142.7,1.05808e+06,196.35,,inf,PASS,-3.454,PASS
fs_-40c_2.97v,fs,-40,2.97,25,1,0.05,1.79946,142.7,1.06951e+06,214.30,,inf,PASS,-2.931,PASS
fs_-40c_2.97v,fs,-40,2.97,25,1,0.2,1.79946,142.7,1.19553e+06,249.32,,inf,PASS,-1.761,PASS
fs_-40c_2.97v,fs,-40,2.97,25,1,0.5,1.79946,142.7,1.48075e+06,264.48,,inf,PASS,-2.031,PASS
fs_-40c_2.97v,fs,-40,2.97,25,4.7,0.001,1.79946,142.7,809366,196.47,,inf,PASS,-4.239,PASS
fs_-40c_2.97v,fs,-40,2.97,25,4.7,0.05,1.79946,142.7,870746,249.56,,inf,PASS,-2.128,PASS
fs_-40c_2.97v,fs,-40,2.97,25,4.7,0.2,1.79946,142.7,1.14128e+06,275.63,,inf,PASS,-1.689,PASS
fs_-40c_2.97v,fs,-40,2.97,25,4.7,0.5,1.79946,142.7,1.4715e+06,274.10,,inf,PASS,-2.193,PASS
fs_-40c_2.97v,fs,-40,2.97,50,0.33,0.001,1.79946,139.6,1.41481e+06,188.33,,inf,PASS,-2.596,PASS
fs_-40c_2.97v,fs,-40,2.97,50,0.33,0.05,1.79946,139.6,1.41786e+06,196.44,,inf,PASS,-2.5,PASS
fs_-40c_2.97v,fs,-40,2.97,50,0.33,0.2,1.79946,139.6,1.46438e+06,218.31,,inf,PASS,-2.824,PASS
fs_-40c_2.97v,fs,-40,2.97,50,0.33,0.5,1.79946,139.6,1.64908e+06,242.92,,inf,PASS,-1.634,PASS
fs_-40c_2.97v,fs,-40,2.97,50,1,0.001,1.79946,139.6,1.11148e+06,194.93,,inf,PASS,-3.234,PASS
fs_-40c_2.97v,fs,-40,2.97,50,1,0.05,1.79946,139.6,1.12498e+06,213.70,,inf,PASS,-2.665,PASS
fs_-40c_2.97v,fs,-40,2.97,50,1,0.2,1.79946,139.6,1.27173e+06,248.91,,inf,PASS,-2.691,PASS
fs_-40c_2.97v,fs,-40,2.97,50,1,0.5,1.79946,139.6,1.58773e+06,262.85,,inf,PASS,-2.651,PASS
fs_-40c_2.97v,fs,-40,2.97,50,4.7,0.001,1.79946,139.6,836931,197.43,,inf,PASS,-4.551,PASS
fs_-40c_2.97v,fs,-40,2.97,50,4.7,0.05,1.79946,139.6,910554,250.52,,inf,PASS,-2.028,PASS
fs_-40c_2.97v,fs,-40,2.97,50,4.7,0.2,1.79946,139.6,1.21788e+06,274.10,,inf,PASS,-2.47,PASS
fs_-40c_2.97v,fs,-40,2.97,50,4.7,0.5,1.79946,139.6,1.57909e+06,271.80,,inf,PASS,-1.451,PASS
fs_-40c_3.30v,fs,-40,3.3,0,0.33,0.001,1.79944,138.5,3543.71,38.12,766265,26.81,FAIL,-0.9944,PASS
fs_-40c_3.30v,fs,-40,3.3,0,0.33,0.05,1.79944,138.5,3543.71,38.14,767873,26.40,FAIL,-0.9944,PASS
fs_-40c_3.30v,fs,-40,3.3,0,0.33,0.2,1.79944,138.5,3543.71,38.20,772637,24.87,FAIL,-0.9944,PASS
fs_-40c_3.30v,fs,-40,3.3,0,0.33,0.5,1.79944,138.5,3543.72,38.33,780279,21.29,FAIL,-0.9943,PASS
fs_-40c_3.30v,fs,-40,3.3,0,1,0.001,1.79944,138.5,1888.26,22.48,766332,36.43,FAIL,-0.891,PASS
fs_-40c_3.30v,fs,-40,3.3,0,1,0.05,1.79944,138.5,1888.26,22.51,771142,35.04,FAIL,-0.891,PASS
fs_-40c_3.30v,fs,-40,3.3,0,1,0.2,1.79944,138.5,1888.27,22.61,782277,29.70,FAIL,-0.891,PASS
fs_-40c_3.30v,fs,-40,3.3,0,1,0.5,1.79944,138.5,1888.28,22.82,790772,22.06,FAIL,-0.8908,PASS
fs_-40c_3.30v,fs,-40,3.3,0,4.7,0.001,1.79944,138.4,845.896,10.54,766700,49.78,FAIL,-1.29,PASS
fs_-40c_3.30v,fs,-40,3.3,0,4.7,0.05,1.79944,138.4,845.897,10.61,783959,41.98,FAIL,-1.29,PASS
fs_-40c_3.30v,fs,-40,3.3,0,4.7,0.2,1.79944,138.4,845.902,10.83,794354,29.60,FAIL,-1.29,PASS
fs_-40c_3.30v,fs,-40,3.3,0,4.7,0.5,1.79944,138.4,845.93,11.26,799418,23.45,FAIL,-1.289,PASS
fs_-40c_3.30v,fs,-40,3.3,0.1,0.33,0.001,1.79944,148.1,254901,73.78,,inf,PASS,12.95,FAIL
fs_-40c_3.30v,fs,-40,3.3,0.1,0.33,0.05,1.79944,148.1,255012,75.26,,inf,PASS,12.97,FAIL
fs_-40c_3.30v,fs,-40,3.3,0.1,0.33,0.2,1.79944,148.1,256707,79.69,,inf,PASS,13.35,FAIL
fs_-40c_3.30v,fs,-40,3.3,0.1,0.33,0.5,1.79944,148.1,267019,88.31,,inf,PASS,15.02,FAIL
fs_-40c_3.30v,fs,-40,3.3,0.1,1,0.001,1.79944,148.1,72112.1,89.67,,inf,PASS,3.31,FAIL
fs_-40c_3.30v,fs,-40,3.3,0.1,1,0.05,1.79944,148.1,72133.2,90.94,,inf,PASS,3.548,FAIL
fs_-40c_3.30v,fs,-40,3.3,0.1,1,0.2,1.79944,148.1,72453.4,94.82,,inf,PASS,6.111,FAIL
fs_-40c_3.30v,fs,-40,3.3,0.1,1,0.5,1.79944,148.1,74390.1,102.62,,inf,PASS,11.54,FAIL
fs_-40c_3.30v,fs,-40,3.3,0.1,4.7,0.001,1.79944,148.1,12948.1,74.28,,inf,PASS,-0.5918,PASS
fs_-40c_3.30v,fs,-40,3.3,0.1,4.7,0.05,1.79944,148.1,12950.3,75.36,,inf,PASS,-0.5901,PASS
fs_-40c_3.30v,fs,-40,3.3,0.1,4.7,0.2,1.79944,148.1,12983.3,78.70,,inf,PASS,3.096,FAIL
fs_-40c_3.30v,fs,-40,3.3,0.1,4.7,0.5,1.79944,148.1,13171.3,85.65,,inf,PASS,10.87,FAIL
fs_-40c_3.30v,fs,-40,3.3,1,0.33,0.001,1.79944,148.3,1.0406e+06,202.57,,inf,PASS,-2.501,PASS
fs_-40c_3.30v,fs,-40,3.3,1,0.33,0.05,1.79944,148.3,1.0416e+06,208.58,,inf,PASS,-2.446,PASS
fs_-40c_3.30v,fs,-40,3.3,1,0.33,0.2,1.79944,148.3,1.05704e+06,225.73,,inf,PASS,-3.702,PASS
fs_-40c_3.30v,fs,-40,3.3,1,0.33,0.5,1.79944,148.3,1.12684e+06,249.79,,inf,PASS,-2.533,PASS
fs_-40c_3.30v,fs,-40,3.3,1,1,0.001,1.79944,148.3,879845,203.87,,inf,PASS,-5.152,PASS
fs_-40c_3.30v,fs,-40,3.3,1,1,0.05,1.79944,148.3,884103,219.14,,inf,PASS,-4.78,PASS
fs_-40c_3.30v,fs,-40,3.3,1,1,0.2,1.79944,148.3,932878,253.49,,inf,PASS,-3.528,PASS
fs_-40c_3.30v,fs,-40,3.3,1,1,0.5,1.79944,148.3,1.06799e+06,275.13,,inf,PASS,-2.76,PASS
fs_-40c_3.30v,fs,-40,3.3,1,4.7,0.001,1.79944,148.3,117418,85.70,,inf,PASS,4.382,FAIL
fs_-40c_3.30v,fs,-40,3.3,1,4.7,0.05,1.79944,148.3,119424,95.31,,inf,PASS,7.692,FAIL
fs_-40c_3.30v,fs,-40,3.3,1,4.7,0.2,1.79944,148.3,177774,126.46,,inf,PASS,17.23,FAIL
fs_-40c_3.30v,fs,-40,3.3,1,4.7,0.5,1.79944,148.3,1.05825e+06,288.28,,inf,PASS,-3.065,PASS
fs_-40c_3.30v,fs,-40,3.3,10,0.33,0.001,1.79944,146.4,1.35944e+06,193.68,,inf,PASS,-2.452,PASS
fs_-40c_3.30v,fs,-40,3.3,10,0.33,0.05,1.79944,146.4,1.36216e+06,201.49,,inf,PASS,-2.36,PASS
fs_-40c_3.30v,fs,-40,3.3,10,0.33,0.2,1.79944,146.4,1.40258e+06,222.66,,inf,PASS,-2.829,PASS
fs_-40c_3.30v,fs,-40,3.3,10,0.33,0.5,1.79944,146.4,1.56583e+06,247.14,,inf,PASS,-1.874,PASS
fs_-40c_3.30v,fs,-40,3.3,10,1,0.001,1.79944,146.4,1.08463e+06,200.26,,inf,PASS,-2.577,PASS
fs_-40c_3.30v,fs,-40,3.3,10,1,0.05,1.79944,146.4,1.09566e+06,218.62,,inf,PASS,-2.051,PASS
fs_-40c_3.30v,fs,-40,3.3,10,1,0.2,1.79944,146.4,1.22198e+06,253.56,,inf,PASS,-2.679,PASS
fs_-40c_3.30v,fs,-40,3.3,10,1,0.5,1.79944,146.4,1.50437e+06,268.05,,inf,PASS,-1.592,PASS
fs_-40c_3.30v,fs,-40,3.3,10,4.7,0.001,1.79944,146.4,853870,201.02,,inf,PASS,-4.457,PASS
fs_-40c_3.30v,fs,-40,3.3,10,4.7,0.05,1.79944,146.4,912459,255.16,,inf,PASS,-4.515,PASS
fs_-40c_3.30v,fs,-40,3.3,10,4.7,0.2,1.79944,146.4,1.17129e+06,279.56,,inf,PASS,-2.457,PASS
fs_-40c_3.30v,fs,-40,3.3,10,4.7,0.5,1.79944,146.4,1.49565e+06,277.55,,inf,PASS,-1.755,PASS
fs_-40c_3.30v,fs,-40,3.3,25,0.33,0.001,1.79944,144.4,1.4754e+06,190.66,,inf,PASS,-2.791,PASS
fs_-40c_3.30v,fs,-40,3.3,25,0.33,0.05,1.79944,144.4,1.47897e+06,199.11,,inf,PASS,-2.682,PASS
fs_-40c_3.30v,fs,-40,3.3,25,0.33,0.2,1.79944,144.4,1.53101e+06,221.63,,inf,PASS,-2.901,PASS
fs_-40c_3.30v,fs,-40,3.3,25,0.33,0.5,1.79944,144.4,1.7324e+06,245.94,,inf,PASS,-1.538,PASS
fs_-40c_3.30v,fs,-40,3.3,25,1,0.001,1.79944,144.4,1.1658e+06,197.85,,inf,PASS,-3.267,PASS
fs_-40c_3.30v,fs,-40,3.3,25,1,0.05,1.79944,144.4,1.18087e+06,217.43,,inf,PASS,-2.643,PASS
fs_-40c_3.30v,fs,-40,3.3,25,1,0.2,1.79944,144.4,1.3403e+06,252.61,,inf,PASS,-2.523,PASS
fs_-40c_3.30v,fs,-40,3.3,25,1,0.5,1.79944,144.4,1.67395e+06,265.26,,inf,PASS,-2.478,PASS
fs_-40c_3.30v,fs,-40,3.3,25,4.7,0.001,1.79944,144.4,893446,201.69,,inf,PASS,-3.932,PASS
fs_-40c_3.30v,fs,-40,3.3,25,4.7,0.05,1.79944,144.4,972053,255.85,,inf,PASS,-3.303,PASS
fs_-40c_3.30v,fs,-40,3.3,25,4.7,0.2,1.79944,144.4,1.28951e+06,276.92,,inf,PASS,-2.181,PASS
fs_-40c_3.30v,fs,-40,3.3,25,4.7,0.5,1.79944,144.4,1.66558e+06,273.81,,inf,PASS,-2.601,PASS
fs_-40c_3.30v,fs,-40,3.3,50,0.33,0.001,1.79944,141.9,1.55809e+06,188.59,,inf,PASS,-2.436,PASS
fs_-40c_3.30v,fs,-40,3.3,50,0.33,0.05,1.79944,141.9,1.56223e+06,197.50,,inf,PASS,-2.318,PASS
fs_-40c_3.30v,fs,-40,3.3,50,0.33,0.2,1.79944,141.9,1.62373e+06,220.94,,inf,PASS,-2.41,PASS
fs_-40c_3.30v,fs,-40,3.3,50,0.33,0.5,1.79944,141.9,1.85359e+06,245.04,,inf,PASS,-2.273,PASS
fs_-40c_3.30v,fs,-40,3.3,50,1,0.001,1.79944,141.9,1.22487e+06,196.02,,inf,PASS,-3.04,PASS
fs_-40c_3.30v,fs,-40,3.3,50,1,0.05,1.79944,141.9,1.24271e+06,216.48,,inf,PASS,-2.362,PASS
fs_-40c_3.30v,fs,-40,3.3,50,1,0.2,1.79944,141.9,1.4277e+06,251.76,,inf,PASS,-1.902,PASS
fs_-40c_3.30v,fs,-40,3.3,50,1,0.5,1.79944,141.9,1.79703e+06,263.30,,inf,PASS,-1.727,PASS
fs_-40c_3.30v,fs,-40,3.3,50,4.7,0.001,1.79944,141.9,923675,201.41,,inf,PASS,-4.271,PASS
fs_-40c_3.30v,fs,-40,3.3,50,4.7,0.05,1.79944,141.9,1.01772e+06,255.85,,inf,PASS,-3.068,PASS
fs_-40c_3.30v,fs,-40,3.3,50,4.7,0.2,1.79944,141.9,1.37723e+06,274.91,,inf,PASS,-1.501,PASS
fs_-40c_3.30v,fs,-40,3.3,50,4.7,0.5,1.79944,141.9,1.78938e+06,271.24,,inf,PASS,-1.839,PASS
fs_-40c_3.63v,fs,-40,3.63,0,0.33,0.001,1.7994,137.9,3764.31,39.87,809707,32.09,FAIL,-0.7786,PASS
fs_-40c_3.63v,fs,-40,3.63,0,0.33,0.05,1.7994,137.9,3764.3,39.89,815852,31.41,FAIL,-0.7786,PASS
fs_-40c_3.63v,fs,-40,3.63,0,0.33,0.2,1.7994,137.9,3764.31,39.96,832964,29.28,FAIL,-0.7786,PASS
fs_-40c_3.63v,fs,-40,3.63,0,0.33,0.5,1.7994,137.9,3764.32,40.09,846632,27.33,FAIL,-0.7785,PASS
fs_-40c_3.63v,fs,-40,3.63,0,1,0.001,1.7994,137.9,1990.61,23.58,809961,41.70,FAIL,-0.7751,PASS
fs_-40c_3.63v,fs,-40,3.63,0,1,0.05,1.7994,137.9,1990.61,23.62,828501,39.45,FAIL,-0.7751,PASS
fs_-40c_3.63v,fs,-40,3.63,0,1,0.2,1.7994,137.9,1990.61,23.73,850087,36.15,FAIL,-0.7751,PASS
fs_-40c_3.63v,fs,-40,3.63,0,1,0.5,1.7994,137.9,1990.63,23.94,864173,30.28,FAIL,-0.7749,PASS
fs_-40c_3.63v,fs,-40,3.63,0,4.7,0.001,1.7994,137.7,889.191,11.08,811363,54.99,FAIL,-1.222,PASS
fs_-40c_3.63v,fs,-40,3.63,0,4.7,0.05,1.7994,137.7,889.191,11.15,852954,48.78,FAIL,-1.222,PASS
fs_-40c_3.63v,fs,-40,3.63,0,4.7,0.2,1.7994,137.7,889.197,11.38,869841,38.59,FAIL,-1.222,PASS
fs_-40c_3.63v,fs,-40,3.63,0,4.7,0.5,1.7994,137.7,889.23,11.83,876513,31.51,FAIL,-1.221,PASS
fs_-40c_3.63v,fs,-40,3.63,0.1,0.33,0.001,1.7994,147.8,283127,71.71,,inf,PASS,15.62,FAIL
fs_-40c_3.63v,fs,-40,3.63,0.1,0.33,0.05,1.7994,147.8,283278,73.35,,inf,PASS,15.65,FAIL
fs_-40c_3.63v,fs,-40,3.63,0.1,0.33,0.2,1.7994,147.8,285575,78.25,,inf,PASS,16.07,FAIL
fs_-40c_3.63v,fs,-40,3.63,0.1,0.33,0.5,1.7994,147.8,300220,87.69,811035,-16.72,FAIL,17.88,FAIL
fs_-40c_3.63v,fs,-40,3.63,0.1,1,0.001,1.7994,147.8,80881.5,89.01,,inf,PASS,5.98,FAIL
fs_-40c_3.63v,fs,-40,3.63,0.1,1,0.05,1.7994,147.8,80911.5,90.43,,inf,PASS,6.244,FAIL
fs_-40c_3.63v,fs,-40,3.63,0.1,1,0.2,1.7994,147.8,81366.1,94.77,812180,-7.78,FAIL,8.989,FAIL
fs_-40c_3.63v,fs,-40,3.63,0.1,1,0.5,1.7994,147.8,84060.7,103.49,,inf,PASS,14.59,FAIL
fs_-40c_3.63v,fs,-40,3.63,0.1,4.7,0.001,1.7994,147.8,14236.7,76.33,,inf,PASS,-0.5521,PASS
fs_-40c_3.63v,fs,-40,3.63,0.1,4.7,0.05,1.7994,147.8,14239.6,77.52,813136,4.96,FAIL,-0.55,PASS
fs_-40c_3.63v,fs,-40,3.63,0.1,4.7,0.2,1.7994,147.8,14284.6,81.20,,inf,PASS,6.161,FAIL
fs_-40c_3.63v,fs,-40,3.63,0.1,4.7,0.5,1.7994,147.8,14546.9,88.88,,inf,PASS,13.97,FAIL
fs_-40c_3.63v,fs,-40,3.63,1,0.33,0.001,1.7994,148.1,1.12943e+06,205.17,,inf,PASS,-2.989,PASS
fs_-40c_3.63v,fs,-40,3.63,1,0.33,0.05,1.7994,148.1,1.13074e+06,211.68,,inf,PASS,-2.923,PASS
fs_-40c_3.63v,fs,-40,3.63,1,0.33,0.2,1.7994,148.1,1.14958e+06,229.91,,inf,PASS,-4.017,PASS
fs_-40c_3.63v,fs,-40,3.63,1,0.33,0.5,1.7994,148.1,1.23556e+06,253.91,,inf,PASS,-2.492,PASS
fs_-40c_3.63v,fs,-40,3.63,1,1,0.001,1.7994,148.1,954775,209.98,,inf,PASS,-3.042,PASS
fs_-40c_3.63v,fs,-40,3.63,1,1,0.05,1.7994,148.1,960325,226.30,,inf,PASS,-5.277,PASS
fs_-40c_3.63v,fs,-40,3.63,1,1,0.2,1.7994,148.1,1.02068e+06,260.12,,inf,PASS,-3.554,PASS
fs_-40c_3.63v,fs,-40,3.63,1,1,0.5,1.7994,148.1,1.17832e+06,278.39,,inf,PASS,-2.486,PASS
fs_-40c_3.63v,fs,-40,3.63,1,4.7,0.001,1.7994,148.1,131176,84.54,,inf,PASS,13.6,FAIL
fs_-40c_3.63v,fs,-40,3.63,1,4.7,0.05,1.7994,148.1,134003,95.25,,inf,PASS,17.35,FAIL
fs_-40c_3.63v,fs,-40,3.63,1,4.7,0.2,1.7994,148.1,259304,130.54,,inf,PASS,27.19,FAIL
fs_-40c_3.63v,fs,-40,3.63,1,4.7,0.5,1.7994,148.1,1.16939e+06,290.44,,inf,PASS,-2.742,PASS
fs_-40c_3.63v,fs,-40,3.63,10,0.33,0.001,1.7994,146.6,1.4769e+06,194.53,,inf,PASS,-2.823,PASS
fs_-40c_3.63v,fs,-40,3.63,10,0.33,0.05,1.7994,146.6,1.48046e+06,202.99,,inf,PASS,-2.711,PASS
fs_-40c_3.63v,fs,-40,3.63,10,0.33,0.2,1.7994,146.6,1.53145e+06,225.45,,inf,PASS,-2.959,PASS
fs_-40c_3.63v,fs,-40,3.63,10,0.33,0.5,1.7994,146.6,1.72869e+06,249.49,,inf,PASS,-1.635,PASS
fs_-40c_3.63v,fs,-40,3.63,10,1,0.001,1.7994,146.6,1.17902e+06,202.28,,inf,PASS,-2.968,PASS
fs_-40c_3.63v,fs,-40,3.63,10,1,0.05,1.7994,146.6,1.19336e+06,222.01,,inf,PASS,-2.342,PASS
fs_-40c_3.63v,fs,-40,3.63,10,1,0.2,1.7994,146.6,1.34734e+06,256.83,,inf,PASS,-2.452,PASS
fs_-40c_3.63v,fs,-40,3.63,10,1,0.5,1.7994,146.6,1.67117e+06,268.98,,inf,PASS,-2.576,PASS
fs_-40c_3.63v,fs,-40,3.63,10,4.7,0.001,1.7994,146.6,929281,207.83,,inf,PASS,-4.95,PASS
fs_-40c_3.63v,fs,-40,3.63,10,4.7,0.05,1.7994,146.6,1.00129e+06,261.86,,inf,PASS,-4.386,PASS
fs_-40c_3.63v,fs,-40,3.63,10,4.7,0.2,1.7994,146.6,1.29916e+06,281.16,,inf,PASS,-2.047,PASS
fs_-40c_3.63v,fs,-40,3.63,10,4.7,0.5,1.7994,146.6,1.66293e+06,277.56,,inf,PASS,-2.699,PASS
fs_-40c_3.63v,fs,-40,3.63,25,0.33,0.001,1.7994,144.9,1.60388e+06,191.23,,inf,PASS,-3.128,PASS
fs_-40c_3.63v,fs,-40,3.63,25,0.33,0.05,1.7994,144.9,1.60856e+06,200.40,,inf,PASS,-2.995,PASS
fs_-40c_3.63v,fs,-40,3.63,25,0.33,0.2,1.7994,144.9,1.67451e+06,224.25,,inf,PASS,-2.965,PASS
fs_-40c_3.63v,fs,-40,3.63,25,0.33,0.5,1.7994,144.9,1.91715e+06,247.94,,inf,PASS,-2.659,PASS
fs_-40c_3.63v,fs,-40,3.63,25,1,0.001,1.7994,144.9,1.26788e+06,199.34,,inf,PASS,-3.606,PASS
fs_-40c_3.63v,fs,-40,3.63,25,1,0.05,1.7994,144.9,1.2874e+06,220.39,,inf,PASS,-2.864,PASS
fs_-40c_3.63v,fs,-40,3.63,25,1,0.2,1.7994,144.9,1.48159e+06,255.34,,inf,PASS,-2.23,PASS
fs_-40c_3.63v,fs,-40,3.63,25,1,0.5,1.7994,144.9,1.86286e+06,265.82,,inf,PASS,-2.042,PASS
fs_-40c_3.63v,fs,-40,3.63,25,4.7,0.001,1.7994,144.9,972802,206.62,,inf,PASS,-4.334,PASS
fs_-40c_3.63v,fs,-40,3.63,25,4.7,0.05,1.7994,144.9,1.06958e+06,261.22,,inf,PASS,-3.091,PASS
fs_-40c_3.63v,fs,-40,3.63,25,4.7,0.2,1.7994,144.9,1.43364e+06,277.91,,inf,PASS,-1.726,PASS
fs_-40c_3.63v,fs,-40,3.63,25,4.7,0.5,1.7994,144.9,1.85544e+06,273.52,,inf,PASS,-2.144,PASS
fs_-40c_3.63v,fs,-40,3.63,50,0.33,0.001,1.7994,142.9,1.69581e+06,188.98,,inf,PASS,-2.726,PASS
fs_-40c_3.63v,fs,-40,3.63,50,0.33,0.05,1.7994,142.9,1.70128e+06,198.66,,inf,PASS,-2.583,PASS
fs_-40c_3.63v,fs,-40,3.63,50,0.33,0.2,1.7994,142.9,1.77932e+06,223.47,,inf,PASS,-2.411,PASS
fs_-40c_3.63v,fs,-40,3.63,50,0.33,0.5,1.7994,142.9,2.05559e+06,246.83,,inf,PASS,-1.913,PASS
fs_-40c_3.63v,fs,-40,3.63,50,1,0.001,1.7994,142.9,1.33377e+06,197.20,,inf,PASS,-3.324,PASS
fs_-40c_3.63v,fs,-40,3.63,50,1,0.05,1.7994,142.9,1.3569e+06,219.23,,inf,PASS,-2.519,PASS
fs_-40c_3.63v,fs,-40,3.63,50,1,0.2,1.7994,142.9,1.58158e+06,254.20,,inf,PASS,-1.548,PASS
fs_-40c_3.63v,fs,-40,3.63,50,1,0.5,1.7994,142.9,2.00294e+06,263.65,,inf,PASS,-2.589,PASS
fs_-40c_3.63v,fs,-40,3.63,50,4.7,0.001,1.7994,142.9,1.00658e+06,205.40,,inf,PASS,-4.586,PASS
fs_-40c_3.63v,fs,-40,3.63,50,4.7,0.05,1.7994,142.9,1.1228e+06,260.52,,inf,PASS,-2.772,PASS
fs_-40c_3.63v,fs,-40,3.63,50,4.7,0.2,1.7994,142.9,1.53521e+06,275.55,,inf,PASS,-2.399,PASS
fs_-40c_3.63v,fs,-40,3.63,50,4.7,0.5,1.7994,142.9,1.99585e+06,270.79,,inf,PASS,-2.674,PASS
fs_27c_2.97v,fs,27,2.97,0,0.33,0.001,1.79938,135.6,2544.55,27.59,,inf,FAIL,-1.231,PASS
fs_27c_2.97v,fs,27,2.97,0,0.33,0.05,1.79938,135.6,2544.55,27.60,,inf,FAIL,-1.231,PASS
fs_27c_2.97v,fs,27,2.97,0,0.33,0.2,1.79938,135.6,2544.55,27.65,,inf,FAIL,-1.231,PASS
fs_27c_2.97v,fs,27,2.97,0,0.33,0.5,1.79938,135.6,2544.55,27.74,,inf,FAIL,-1.231,PASS
fs_27c_2.97v,fs,27,2.97,0,1,0.001,1.79938,135.6,1407.39,16.07,,inf,FAIL,-1.219,PASS
fs_27c_2.97v,fs,27,2.97,0,1,0.05,1.79938,135.6,1407.39,16.09,,inf,FAIL,-1.219,PASS
fs_27c_2.97v,fs,27,2.97,0,1,0.2,1.79938,135.6,1407.39,16.17,,inf,FAIL,-1.219,PASS
fs_27c_2.97v,fs,27,2.97,0,1,0.5,1.79938,135.6,1407.4,16.32,,inf,FAIL,-1.219,PASS
fs_27c_2.97v,fs,27,2.97,0,4.7,0.001,1.79938,135.5,639.668,7.54,,inf,FAIL,-1.354,PASS
fs_27c_2.97v,fs,27,2.97,0,4.7,0.05,1.79938,135.5,639.668,7.59,,inf,FAIL,-1.354,PASS
fs_27c_2.97v,fs,27,2.97,0,4.7,0.2,1.79938,135.5,639.67,7.75,,inf,FAIL,-1.354,PASS
fs_27c_2.97v,fs,27,2.97,0,4.7,0.5,1.79938,135.5,639.682,8.08,,inf,FAIL,-1.354,PASS
fs_27c_2.97v,fs,27,2.97,0.1,0.33,0.001,1.79938,147.1,147001,82.64,,inf,PASS,3.017,FAIL
fs_27c_2.97v,fs,27,2.97,0.1,0.33,0.05,1.79938,147.1,147021,83.50,,inf,PASS,3.037,FAIL
fs_27c_2.97v,fs,27,2.97,0.1,0.33,0.2,1.79938,147.1,147314,86.09,,inf,PASS,3.33,FAIL
fs_27c_2.97v,fs,27,2.97,0.1,0.33,0.5,1.79938,147.1,148983,91.23,,inf,PASS,4.684,FAIL
fs_27c_2.97v,fs,27,2.97,0.1,1,0.001,1.79938,147.1,40475.4,89.69,,inf,PASS,-0.5509,PASS
fs_27c_2.97v,fs,27,2.97,0.1,1,0.05,1.79938,147.1,40479.2,90.40,,inf,PASS,-0.5501,PASS
fs_27c_2.97v,fs,27,2.97,0.1,1,0.2,1.79938,147.1,40538,92.59,,inf,PASS,-0.538,PASS
fs_27c_2.97v,fs,27,2.97,0.1,1,0.5,1.79938,147.1,40872,97.03,,inf,PASS,0.629,FAIL
fs_27c_2.97v,fs,27,2.97,0.1,4.7,0.001,1.79938,147.1,8567.84,62.41,,inf,PASS,-0.667,PASS
fs_27c_2.97v,fs,27,2.97,0.1,4.7,0.05,1.79938,147.1,8568.38,63.12,,inf,PASS,-0.6663,PASS
fs_27c_2.97v,fs,27,2.97,0.1,4.7,0.2,1.79938,147.1,8576.59,65.33,,inf,PASS,-0.6545,PASS
fs_27c_2.97v,fs,27,2.97,0.1,4.7,0.5,1.79938,147.1,8622.97,69.83,,inf,PASS,-0.2339,PASS
fs_27c_2.97v,fs,27,2.97,1,0.33,0.001,1.79938,147.2,860381,198.22,,inf,PASS,-2.9,PASS
fs_27c_2.97v,fs,27,2.97,1,0.33,0.05,1.79938,147.2,860924,203.22,,inf,PASS,-2.862,PASS
fs_27c_2.97v,fs,27,2.97,1,0.33,0.2,1.79938,147.2,868958,218.02,,inf,PASS,-2.324,PASS
fs_27c_2.97v,fs,27,2.97,1,0.33,0.5,1.79938,147.2,909280,241.43,,inf,PASS,-2.081,PASS
fs_27c_2.97v,fs,27,2.97,1,1,0.001,1.79938,147.2,733073,189.63,,inf,PASS,-5.275,PASS
fs_27c_2.97v,fs,27,2.97,1,1,0.05,1.79938,147.2,735445,202.77,,inf,PASS,-5.015,PASS
fs_27c_2.97v,fs,27,2.97,1,1,0.2,1.79938,147.2,763832,237.76,,inf,PASS,-4.674,PASS
fs_27c_2.97v,fs,27,2.97,1,1,0.5,1.79938,147.2,851817,267.43,,inf,PASS,-2.897,PASS
fs_27c_2.97v,fs,27,2.97,1,4.7,0.001,1.79938,147.2,70689.9,89.62,,inf,PASS,-0.5257,PASS
fs_27c_2.97v,fs,27,2.97,1,4.7,0.05,1.79938,147.2,71144.8,95.47,,inf,PASS,-0.4717,PASS
fs_27c_2.97v,fs,27,2.97,1,4.7,0.2,1.79938,147.2,79351.6,113.94,,inf,PASS,7.764,FAIL
fs_27c_2.97v,fs,27,2.97,1,4.7,0.5,1.79938,147.2,841240,283.18,,inf,PASS,-3.371,PASS
fs_27c_2.97v,fs,27,2.97,10,0.33,0.001,1.79938,144.8,1.12307e+06,193.11,,inf,PASS,-2.74,PASS
fs_27c_2.97v,fs,27,2.97,10,0.33,0.05,1.79938,144.8,1.12458e+06,199.59,,inf,PASS,-2.677,PASS
fs_27c_2.97v,fs,27,2.97,10,0.33,0.2,1.79938,144.8,1.14715e+06,217.87,,inf,PASS,-1.792,PASS
fs_27c_2.97v,fs,27,2.97,10,0.33,0.5,1.79938,144.8,1.24914e+06,242.41,,inf,PASS,-1.8,PASS
fs_27c_2.97v,fs,27,2.97,10,1,0.001,1.79938,144.8,899172,196.67,,inf,PASS,-2.783,PASS
fs_27c_2.97v,fs,27,2.97,10,1,0.05,1.79938,144.8,905396,212.22,,inf,PASS,-2.413,PASS
fs_27c_2.97v,fs,27,2.97,10,1,0.2,1.79938,144.8,982164,246.49,,inf,PASS,-2.41,PASS
fs_27c_2.97v,fs,27,2.97,10,1,0.5,1.79938,144.8,1.18122e+06,266.39,,inf,PASS,-2.002,PASS
fs_27c_2.97v,fs,27,2.97,10,4.7,0.001,1.79938,144.8,710246,183.67,,inf,PASS,-4.405,PASS
fs_27c_2.97v,fs,27,2.97,10,4.7,0.05,1.79938,144.8,747665,237.80,,inf,PASS,-3.364,PASS
fs_27c_2.97v,fs,27,2.97,10,4.7,0.2,1.79938,144.8,927805,275.74,,inf,PASS,-2.709,PASS
fs_27c_2.97v,fs,27,2.97,10,4.7,0.5,1.79938,144.8,1.17034e+06,278.35,,inf,PASS,-2.257,PASS
fs_27c_2.97v,fs,27,2.97,25,0.33,0.001,1.79938,142.1,1.2178e+06,190.62,,inf,PASS,-3.095,PASS
fs_27c_2.97v,fs,27,2.97,25,0.33,0.05,1.79938,142.1,1.21977e+06,197.63,,inf,PASS,-3.021,PASS
fs_27c_2.97v,fs,27,2.97,25,0.33,0.2,1.79938,142.1,1.24943e+06,217.12,,inf,PASS,-1.985,PASS
fs_27c_2.97v,fs,27,2.97,25,0.33,0.5,1.79938,142.1,1.37685e+06,241.86,,inf,PASS,-1.568,PASS
fs_27c_2.97v,fs,27,2.97,25,1,0.001,1.79938,142.1,964455,195.54,,inf,PASS,-3.534,PASS
fs_27c_2.97v,fs,27,2.97,25,1,0.05,1.79938,142.1,972990,212.06,,inf,PASS,-3.095,PASS
fs_27c_2.97v,fs,27,2.97,25,1,0.2,1.79938,142.1,1.07125e+06,246.73,,inf,PASS,-2.435,PASS
fs_27c_2.97v,fs,27,2.97,25,1,0.5,1.79938,142.1,1.31016e+06,264.47,,inf,PASS,-1.582,PASS
fs_27c_2.97v,fs,27,2.97,25,4.7,0.001,1.79938,142.1,742912,189.73,,inf,PASS,-3.994,PASS
fs_27c_2.97v,fs,27,2.97,25,4.7,0.05,1.79938,142.1,790679,242.63,,inf,PASS,-2.469,PASS
fs_27c_2.97v,fs,27,2.97,25,4.7,0.2,1.79938,142.1,1.01501e+06,274.80,,inf,PASS,-2.572,PASS
fs_27c_2.97v,fs,27,2.97,25,4.7,0.5,1.79938,142.1,1.30009e+06,275.29,,inf,PASS,-1.794,PASS
fs_27c_2.97v,fs,27,2.97,50,0.33,0.001,1.79938,138.8,1.28493e+06,188.92,,inf,PASS,-2.769,PASS
fs_27c_2.97v,fs,27,2.97,50,0.33,0.05,1.79938,138.8,1.28719e+06,196.30,,inf,PASS,-2.689,PASS
fs_27c_2.97v,fs,27,2.97,50,0.33,0.2,1.79938,138.8,1.32193e+06,216.64,,inf,PASS,-3.225,PASS
fs_27c_2.97v,fs,27,2.97,50,0.33,0.5,1.79938,138.8,1.46885e+06,241.43,,inf,PASS,-2.409,PASS
fs_27c_2.97v,fs,27,2.97,50,1,0.001,1.79938,138.8,1.01189e+06,194.45,,inf,PASS,-3.349,PASS
fs_27c_2.97v,fs,27,2.97,50,1,0.05,1.79938,138.8,1.022e+06,211.70,,inf,PASS,-2.871,PASS
fs_27c_2.97v,fs,27,2.97,50,1,0.2,1.79938,138.8,1.13658e+06,246.63,,inf,PASS,-1.91,PASS
fs_27c_2.97v,fs,27,2.97,50,1,0.5,1.79938,138.8,1.40356e+06,263.04,,inf,PASS,-2.247,PASS
fs_27c_2.97v,fs,27,2.97,50,4.7,0.001,1.79938,138.8,767350,192.12,,inf,PASS,-4.417,PASS
fs_27c_2.97v,fs,27,2.97,50,4.7,0.05,1.79938,138.8,824306,244.64,,inf,PASS,-2.477,PASS
fs_27c_2.97v,fs,27,2.97,50,4.7,0.2,1.79938,138.8,1.08022e+06,273.73,,inf,PASS,-1.963,PASS
fs_27c_2.97v,fs,27,2.97,50,4.7,0.5,1.79938,138.8,1.3937e+06,273.15,,inf,PASS,-2.424,PASS
fs_27c_3.30v,fs,27,3.3,0,0.33,0.001,1.79936,135.7,2704.58,29.07,,inf,FAIL,-0.9895,PASS
fs_27c_3.30v,fs,27,3.3,0,0.33,0.05,1.79936,135.7,2704.58,29.09,,inf,FAIL,-0.9895,PASS
fs_27c_3.30v,fs,27,3.3,0,0.33,0.2,1.79936,135.7,2704.58,29.13,,inf,FAIL,-0.9895,PASS
fs_27c_3.30v,fs,27,3.3,0,0.33,0.5,1.79936,135.7,2704.58,29.23,,inf,FAIL,-0.9894,PASS
fs_27c_3.30v,fs,27,3.3,0,1,0.001,1.79936,135.7,1489.32,16.96,,inf,FAIL,-1.039,PASS
fs_27c_3.30v,fs,27,3.3,0,1,0.05,1.79936,135.7,1489.32,16.98,,inf,FAIL,-1.039,PASS
fs_27c_3.30v,fs,27,3.3,0,1,0.2,1.79936,135.7,1489.32,17.06,,inf,FAIL,-1.039,PASS
fs_27c_3.30v,fs,27,3.3,0,1,0.5,1.79936,135.7,1489.32,17.23,,inf,FAIL,-1.039,PASS
fs_27c_3.30v,fs,27,3.3,0,4.7,0.001,1.79936,135.5,675.8,7.96,,inf,FAIL,-1.201,PASS
fs_27c_3.30v,fs,27,3.3,0,4.7,0.05,1.79936,135.5,675.8,8.01,,inf,FAIL,-1.201,PASS
fs_27c_3.30v,fs,27,3.3,0,4.7,0.2,1.79936,135.5,675.802,8.19,,inf,FAIL,-1.2,PASS
fs_27c_3.30v,fs,27,3.3,0,4.7,0.5,1.79936,135.5,675.817,8.53,,inf,FAIL,-1.2,PASS
fs_27c_3.30v,fs,27,3.3,0.1,0.33,0.001,1.79935,147.6,165694,81.19,,inf,PASS,6.381,FAIL
fs_27c_3.30v,fs,27,3.3,0.1,0.33,0.05,1.79935,147.6,165721,82.15,,inf,PASS,6.405,FAIL
fs_27c_3.30v,fs,27,3.3,0.1,0.33,0.2,1.79935,147.6,166136,85.08,,inf,PASS,6.753,FAIL
fs_27c_3.30v,fs,27,3.3,0.1,0.33,0.5,1.79935,147.6,168578,90.84,,inf,PASS,8.317,FAIL
fs_27c_3.30v,fs,27,3.3,0.1,1,0.001,1.79935,147.6,46263.2,90.22,,inf,PASS,-0.5817,PASS
fs_27c_3.30v,fs,27,3.3,0.1,1,0.05,1.79935,147.6,46269,91.04,,inf,PASS,-0.5807,PASS
fs_27c_3.30v,fs,27,3.3,0.1,1,0.2,1.79935,147.6,46357.8,93.54,,inf,PASS,-0.5646,PASS
fs_27c_3.30v,fs,27,3.3,0.1,1,0.5,1.79935,147.6,46863.5,98.60,,inf,PASS,4.649,FAIL
fs_27c_3.30v,fs,27,3.3,0.1,4.7,0.001,1.79935,147.6,9395.9,64.95,,inf,PASS,-0.645,PASS
fs_27c_3.30v,fs,27,3.3,0.1,4.7,0.05,1.79935,147.6,9396.63,65.73,,inf,PASS,-0.6441,PASS
fs_27c_3.30v,fs,27,3.3,0.1,4.7,0.2,1.79935,147.6,9407.83,68.15,,inf,PASS,-0.63,PASS
fs_27c_3.30v,fs,27,3.3,0.1,4.7,0.5,1.79935,147.6,9471.06,73.12,,inf,PASS,3.919,FAIL
fs_27c_3.30v,fs,27,3.3,1,0.33,0.001,1.79935,147.8,942308,201.16,,inf,PASS,-2.973,PASS
fs_27c_3.30v,fs,27,3.3,1,0.33,0.05,1.79935,147.8,943022,206.62,,inf,PASS,-2.928,PASS
fs_27c_3.30v,fs,27,3.3,1,0.33,0.2,1.79935,147.8,953446,222.56,,inf,PASS,-2.289,PASS
fs_27c_3.30v,fs,27,3.3,1,0.33,0.5,1.79935,147.8,1.00452e+06,246.43,,inf,PASS,-3.579,PASS
fs_27c_3.30v,fs,27,3.3,1,1,0.001,1.79935,147.8,805566,196.89,,inf,PASS,-5.295,PASS
fs_27c_3.30v,fs,27,3.3,1,1,0.05,1.79935,147.8,808555,211.14,,inf,PASS,-4.983,PASS
fs_27c_3.30v,fs,27,3.3,1,1,0.2,1.79935,147.8,843838,246.28,,inf,PASS,-4.287,PASS
fs_27c_3.30v,fs,27,3.3,1,1,0.5,1.79935,147.8,947641,272.37,,inf,PASS,-2.25,PASS
fs_27c_3.30v,fs,27,3.3,1,4.7,0.001,1.79935,147.8,80677.5,88.96,,inf,PASS,-0.58,PASS
fs_27c_3.30v,fs,27,3.3,1,4.7,0.05,1.79935,147.8,81347.7,95.62,,inf,PASS,2.077,FAIL
fs_27c_3.30v,fs,27,3.3,1,4.7,0.2,1.79935,147.8,94128,116.72,,inf,PASS,11.45,FAIL
fs_27c_3.30v,fs,27,3.3,1,4.7,0.5,1.79935,147.8,938232,286.83,,inf,PASS,-2.648,PASS
fs_27c_3.30v,fs,27,3.3,10,0.33,0.001,1.79935,146,1.23179e+06,193.97,,inf,PASS,-2.735,PASS
fs_27c_3.30v,fs,27,3.3,10,0.33,0.05,1.79935,146,1.23381e+06,201.06,,inf,PASS,-2.658,PASS
fs_27c_3.30v,fs,27,3.3,10,0.33,0.2,1.79935,146,1.26351e+06,220.72,,inf,PASS,-3.332,PASS
fs_27c_3.30v,fs,27,3.3,10,0.33,0.5,1.79935,146,1.39129e+06,245.38,,inf,PASS,-2.759,PASS
fs_27c_3.30v,fs,27,3.3,10,1,0.001,1.79935,146,986858,198.85,,inf,PASS,-2.75,PASS
fs_27c_3.30v,fs,27,3.3,10,1,0.05,1.79935,146,995012,215.76,,inf,PASS,-2.309,PASS
fs_27c_3.30v,fs,27,3.3,10,1,0.2,1.79935,146,1.09171e+06,250.64,,inf,PASS,-1.866,PASS
fs_27c_3.30v,fs,27,3.3,10,1,0.5,1.79935,146,1.32653e+06,267.96,,inf,PASS,-2.654,PASS
fs_27c_3.30v,fs,27,3.3,10,4.7,0.001,1.79935,146,783313,191.78,,inf,PASS,-4.226,PASS
fs_27c_3.30v,fs,27,3.3,10,4.7,0.05,1.79935,146,828634,246.83,,inf,PASS,-2.771,PASS
fs_27c_3.30v,fs,27,3.3,10,4.7,0.2,1.79935,146,1.03973e+06,278.38,,inf,PASS,-1.903,PASS
fs_27c_3.30v,fs,27,3.3,10,4.7,0.5,1.79935,146,1.31653e+06,278.69,,inf,PASS,-1.456,PASS
fs_27c_3.30v,fs,27,3.3,25,0.33,0.001,1.79935,143.8,1.33703e+06,191.13,,inf,PASS,-3.053,PASS
fs_27c_3.30v,fs,27,3.3,25,0.33,0.05,1.79935,143.8,1.33968e+06,198.81,,inf,PASS,-2.962,PASS
fs_27c_3.30v,fs,27,3.3,25,0.33,0.2,1.79935,143.8,1.37836e+06,219.76,,inf,PASS,-1.743,PASS
fs_27c_3.30v,fs,27,3.3,25,0.33,0.5,1.79935,143.8,1.53826e+06,244.44,,inf,PASS,-2.417,PASS
fs_27c_3.30v,fs,27,3.3,25,1,0.001,1.79935,143.8,1.0595e+06,197.06,,inf,PASS,-3.466,PASS
fs_27c_3.30v,fs,27,3.3,25,1,0.05,1.79935,143.8,1.07073e+06,215.05,,inf,PASS,-2.941,PASS
fs_27c_3.30v,fs,27,3.3,25,1,0.2,1.79935,143.8,1.19446e+06,250.23,,inf,PASS,-1.82,PASS
fs_27c_3.30v,fs,27,3.3,25,1,0.5,1.79935,143.8,1.47548e+06,265.50,,inf,PASS,-2.154,PASS
fs_27c_3.30v,fs,27,3.3,25,4.7,0.001,1.79935,143.8,818311,195.29,,inf,PASS,-3.823,PASS
fs_27c_3.30v,fs,27,3.3,25,4.7,0.05,1.79935,143.8,878369,249.53,,inf,PASS,-3.898,PASS
fs_27c_3.30v,fs,27,3.3,25,4.7,0.2,1.79935,143.8,1.14118e+06,276.52,,inf,PASS,-1.725,PASS
fs_27c_3.30v,fs,27,3.3,25,4.7,0.5,1.79935,143.8,1.46623e+06,275.17,,inf,PASS,-2.316,PASS
fs_27c_3.30v,fs,27,3.3,50,0.33,0.001,1.79935,141.2,1.41134e+06,189.16,,inf,PASS,-2.709,PASS
fs_27c_3.30v,fs,27,3.3,50,0.33,0.05,1.79935,141.2,1.4144e+06,197.26,,inf,PASS,-2.611,PASS
fs_27c_3.30v,fs,27,3.3,50,0.33,0.2,1.79935,141.2,1.46032e+06,219.09,,inf,PASS,-2.941,PASS
fs_27c_3.30v,fs,27,3.3,50,0.33,0.5,1.79935,141.2,1.64311e+06,243.70,,inf,PASS,-1.759,PASS
fs_27c_3.30v,fs,27,3.3,50,1,0.001,1.79935,141.2,1.11199e+06,195.54,,inf,PASS,-3.266,PASS
fs_27c_3.30v,fs,27,3.3,50,1,0.05,1.79935,141.2,1.12531e+06,214.33,,inf,PASS,-2.696,PASS
fs_27c_3.30v,fs,27,3.3,50,1,0.2,1.79935,141.2,1.26968e+06,249.69,,inf,PASS,-2.774,PASS
fs_27c_3.30v,fs,27,3.3,50,1,0.5,1.79935,141.2,1.58189e+06,263.73,,inf,PASS,-1.422,PASS
fs_27c_3.30v,fs,27,3.3,50,4.7,0.001,1.79935,141.2,844704,196.32,,inf,PASS,-4.27,PASS
fs_27c_3.30v,fs,27,3.3,50,4.7,0.05,1.79935,141.2,916381,250.49,,inf,PASS,-3.745,PASS
fs_27c_3.30v,fs,27,3.3,50,4.7,0.2,1.79935,141.2,1.2166e+06,274.88,,inf,PASS,-2.538,PASS
fs_27c_3.30v,fs,27,3.3,50,4.7,0.5,1.79935,141.2,1.57339e+06,272.73,,inf,PASS,-1.569,PASS
fs_27c_3.63v,fs,27,3.63,0,0.33,0.001,1.7993,134.2,2854.49,30.43,777987,32.58,FAIL,-0.8581,PASS
fs_27c_3.63v,fs,27,3.63,0,0.33,0.05,1.7993,134.2,2854.49,30.45,782583,31.74,FAIL,-0.8581,PASS
fs_27c_3.63v,fs,27,3.63,0,0.33,0.2,1.7993,134.2,2854.49,30.50,795173,29.33,FAIL,-0.8581,PASS
fs_27c_3.63v,fs,27,3.63,0,0.33,0.5,1.7993,134.2,2854.5,30.60,804305,28.23,FAIL,-0.858,PASS
fs_27c_3.63v,fs,27,3.63,0,1,0.001,1.7993,134.2,1565.34,17.79,778177,42.17,FAIL,-0.9725,PASS
fs_27c_3.63v,fs,27,3.63,0,1,0.05,1.7993,134.2,1565.34,17.81,792022,39.48,FAIL,-0.9725,PASS
fs_27c_3.63v,fs,27,3.63,0,1,0.2,1.7993,134.2,1565.34,17.90,806662,37.27,FAIL,-0.9724,PASS
fs_27c_3.63v,fs,27,3.63,0,1,0.5,1.7993,134.2,1565.35,18.07,816532,32.35,FAIL,-0.9723,PASS
fs_27c_3.63v,fs,27,3.63,0,4.7,0.001,1.7993,134,709.153,8.37,779227,55.43,FAIL,-1.163,PASS
fs_27c_3.63v,fs,27,3.63,0,4.7,0.05,1.7993,134,709.153,8.43,808636,50.10,FAIL,-1.163,PASS
fs_27c_3.63v,fs,27,3.63,0,4.7,0.2,1.7993,134,709.156,8.61,820616,41.03,FAIL,-1.163,PASS
fs_27c_3.63v,fs,27,3.63,0,4.7,0.5,1.7993,134,709.172,8.97,823562,33.44,FAIL,-1.162,PASS
fs_27c_3.63v,fs,27,3.63,0.1,0.33,0.001,1.7993,146.8,183899,79.78,,inf,PASS,12.52,FAIL
fs_27c_3.63v,fs,27,3.63,0.1,0.33,0.05,1.7993,146.8,183937,80.85,,inf,PASS,12.55,FAIL
fs_27c_3.63v,fs,27,3.63,0.1,0.33,0.2,1.7993,146.8,184512,84.09,,inf,PASS,12.93,FAIL
fs_27c_3.63v,fs,27,3.63,0.1,0.33,0.5,1.7993,146.8,187814,90.46,,inf,PASS,14.62,FAIL
fs_27c_3.63v,fs,27,3.63,0.1,1,0.001,1.7993,146.8,52019.9,90.40,,inf,PASS,2.882,FAIL
fs_27c_3.63v,fs,27,3.63,0.1,1,0.05,1.7993,146.8,52028,91.32,,inf,PASS,3.122,FAIL
fs_27c_3.63v,fs,27,3.63,0.1,1,0.2,1.7993,146.8,52150.9,94.13,,inf,PASS,5.69,FAIL
fs_27c_3.63v,fs,27,3.63,0.1,1,0.5,1.7993,146.8,52870.5,99.81,,inf,PASS,11.13,FAIL
fs_27c_3.63v,fs,27,3.63,0.1,4.7,0.001,1.7993,146.8,10213,67.17,,inf,PASS,-0.7144,PASS
fs_27c_3.63v,fs,27,3.63,0.1,4.7,0.05,1.7993,146.8,10214,68.02,,inf,PASS,-0.7133,PASS
fs_27c_3.63v,fs,27,3.63,0.1,4.7,0.2,1.7993,146.8,10229,70.65,,inf,PASS,2.673,FAIL
fs_27c_3.63v,fs,27,3.63,0.1,4.7,0.5,1.7993,146.8,10313.6,76.07,,inf,PASS,10.46,FAIL
fs_27c_3.63v,fs,27,3.63,1,0.33,0.001,1.7993,147.3,1.02018e+06,204.03,,inf,PASS,-3.592,PASS
fs_27c_3.63v,fs,27,3.63,1,0.33,0.05,1.7993,147.3,1.02112e+06,209.93,,inf,PASS,-3.537,PASS
fs_27c_3.63v,fs,27,3.63,1,0.33,0.2,1.7993,147.3,1.03464e+06,226.84,,inf,PASS,-2.78,PASS
fs_27c_3.63v,fs,27,3.63,1,0.33,0.5,1.7993,147.3,1.09648e+06,250.90,,inf,PASS,-3.689,PASS
fs_27c_3.63v,fs,27,3.63,1,1,0.001,1.7993,147.3,872993,203.93,,inf,PASS,-6.027,PASS
fs_27c_3.63v,fs,27,3.63,1,1,0.05,1.7993,147.3,876900,219.13,,inf,PASS,-5.654,PASS
fs_27c_3.63v,fs,27,3.63,1,1,0.2,1.7993,147.3,919864,253.86,,inf,PASS,-4.499,PASS
fs_27c_3.63v,fs,27,3.63,1,1,0.5,1.7993,147.3,1.04077e+06,276.43,,inf,PASS,-2.136,PASS
fs_27c_3.63v,fs,27,3.63,1,4.7,0.001,1.7993,147.3,90375.7,88.23,,inf,PASS,2.605,FAIL
fs_27c_3.63v,fs,27,3.63,1,4.7,0.05,1.7993,147.3,91291.5,95.67,,inf,PASS,6.129,FAIL
fs_27c_3.63v,fs,27,3.63,1,4.7,0.2,1.7993,147.3,110303,119.36,,inf,PASS,15.82,FAIL
fs_27c_3.63v,fs,27,3.63,1,4.7,0.5,1.7993,147.3,1.03198e+06,289.83,,inf,PASS,-2.47,PASS
fs_27c_3.63v,fs,27,3.63,10,0.33,0.001,1.7993,145.9,1.33476e+06,194.83,,inf,PASS,-3.206,PASS
fs_27c_3.63v,fs,27,3.63,10,0.33,0.05,1.7993,145.9,1.33739e+06,202.49,,inf,PASS,-3.113,PASS
fs_27c_3.63v,fs,27,3.63,10,0.33,0.2,1.7993,145.9,1.37497e+06,223.38,,inf,PASS,-1.887,PASS
fs_27c_3.63v,fs,27,3.63,10,0.33,0.5,1.7993,145.9,1.52974e+06,247.90,,inf,PASS,-2.642,PASS
fs_27c_3.63v,fs,27,3.63,10,1,0.001,1.7993,145.9,1.07004e+06,200.91,,inf,PASS,-3.26,PASS
fs_27c_3.63v,fs,27,3.63,10,1,0.05,1.7993,145.9,1.08062e+06,219.07,,inf,PASS,-2.734,PASS
fs_27c_3.63v,fs,27,3.63,10,1,0.2,1.7993,145.9,1.19832e+06,254.15,,inf,PASS,-1.796,PASS
fs_27c_3.63v,fs,27,3.63,10,1,0.5,1.7993,145.9,1.46837e+06,269.16,,inf,PASS,-2.355,PASS
fs_27c_3.63v,fs,27,3.63,10,4.7,0.001,1.7993,145.9,851916,199.07,,inf,PASS,-4.869,PASS
fs_27c_3.63v,fs,27,3.63,10,4.7,0.05,1.7993,145.9,906436,254.29,,inf,PASS,-2.863,PASS
fs_27c_3.63v,fs,27,3.63,10,4.7,0.2,1.7993,145.9,1.14825e+06,280.44,,inf,PASS,-3.176,PASS
fs_27c_3.63v,fs,27,3.63,10,4.7,0.5,1.7993,145.9,1.45926e+06,278.90,,inf,PASS,-2.517,PASS
fs_27c_3.63v,fs,27,3.63,25,0.33,0.001,1.7993,144.1,1.44983e+06,191.69,,inf,PASS,-3.482,PASS
fs_27c_3.63v,fs,27,3.63,25,0.33,0.05,1.7993,144.1,1.45329e+06,200.00,,inf,PASS,-3.371,PASS
fs_27c_3.63v,fs,27,3.63,25,0.33,0.2,1.7993,144.1,1.50265e+06,222.24,,inf,PASS,-1.944,PASS
fs_27c_3.63v,fs,27,3.63,25,0.33,0.5,1.7993,144.1,1.69533e+06,246.60,,inf,PASS,-2.235,PASS
fs_27c_3.63v,fs,27,3.63,25,1,0.001,1.7993,144.1,1.14928e+06,198.56,,inf,PASS,-3.91,PASS
fs_27c_3.63v,fs,27,3.63,25,1,0.05,1.7993,144.1,1.16382e+06,217.90,,inf,PASS,-3.285,PASS
fs_27c_3.63v,fs,27,3.63,25,1,0.2,1.7993,144.1,1.31454e+06,253.19,,inf,PASS,-1.667,PASS
fs_27c_3.63v,fs,27,3.63,25,1,0.5,1.7993,144.1,1.63616e+06,266.28,,inf,PASS,-1.811,PASS
fs_27c_3.63v,fs,27,3.63,25,4.7,0.001,1.7993,144.1,889562,200.42,,inf,PASS,-4.365,PASS
fs_27c_3.63v,fs,27,3.63,25,4.7,0.05,1.7993,144.1,962714,255.41,,inf,PASS,-3.845,PASS
fs_27c_3.63v,fs,27,3.63,25,4.7,0.2,1.7993,144.1,1.26406e+06,277.83,,inf,PASS,-2.845,PASS
fs_27c_3.63v,fs,27,3.63,25,4.7,0.5,1.7993,144.1,1.62789e+06,275.03,,inf,PASS,-1.946,PASS
fs_27c_3.63v,fs,27,3.63,50,0.33,0.001,1.7993,142,1.53254e+06,189.54,,inf,PASS,-3.085,PASS
fs_27c_3.63v,fs,27,3.63,50,0.33,0.05,1.7993,142,1.53658e+06,198.32,,inf,PASS,-2.966,PASS
fs_27c_3.63v,fs,27,3.63,50,0.33,0.2,1.7993,142,1.5947e+06,221.49,,inf,PASS,-3.06,PASS
fs_27c_3.63v,fs,27,3.63,50,0.33,0.5,1.7993,142,1.81495e+06,245.66,,inf,PASS,-1.512,PASS
fs_27c_3.63v,fs,27,3.63,50,1,0.001,1.7993,142,1.2079e+06,196.73,,inf,PASS,-3.647,PASS
fs_27c_3.63v,fs,27,3.63,50,1,0.05,1.7993,142,1.22515e+06,216.95,,inf,PASS,-2.968,PASS
fs_27c_3.63v,fs,27,3.63,50,1,0.2,1.7993,142,1.40128e+06,252.34,,inf,PASS,-2.533,PASS
fs_27c_3.63v,fs,27,3.63,50,1,0.5,1.7993,142,1.75827e+06,264.27,,inf,PASS,-2.379,PASS
fs_27c_3.63v,fs,27,3.63,50,4.7,0.001,1.7993,142,918706,200.50,,inf,PASS,-4.711,PASS
fs_27c_3.63v,fs,27,3.63,50,4.7,0.05,1.7993,142,1.00702e+06,255.60,,inf,PASS,-3.591,PASS
fs_27c_3.63v,fs,27,3.63,50,4.7,0.2,1.7993,142,1.35127e+06,275.81,,inf,PASS,-2.124,PASS
fs_27c_3.63v,fs,27,3.63,50,4.7,0.5,1.7993,142,1.75029e+06,272.39,,inf,PASS,-2.491,PASS
fs_125c_2.97v,fs,125,2.97,0,0.33,0.001,1.79922,130.8,1855.91,19.58,,inf,FAIL,-1.192,PASS
fs_125c_2.97v,fs,125,2.97,0,0.33,0.05,1.79922,130.8,1855.91,19.59,,inf,FAIL,-1.192,PASS
fs_125c_2.97v,fs,125,2.97,0,0.33,0.2,1.79922,130.8,1855.91,19.62,,inf,FAIL,-1.192,PASS
fs_125c_2.97v,fs,125,2.97,0,0.33,0.5,1.79922,130.8,1855.91,19.69,,inf,FAIL,-1.192,PASS
fs_125c_2.97v,fs,125,2.97,0,1,0.001,1.79922,130.8,1046.14,11.36,,inf,FAIL,-0.8013,PASS
fs_125c_2.97v,fs,125,2.97,0,1,0.05,1.79922,130.8,1046.14,11.38,,inf,FAIL,-0.8013,PASS
fs_125c_2.97v,fs,125,2.97,0,1,0.2,1.79922,130.8,1046.14,11.44,,inf,FAIL,-0.8013,PASS
fs_125c_2.97v,fs,125,2.97,0,1,0.5,1.79922,130.8,1046.15,11.55,,inf,FAIL,-0.8013,PASS
fs_125c_2.97v,fs,125,2.97,0,4.7,0.001,1.79922,130.6,479.07,5.38,,inf,FAIL,-1.578,PASS
fs_125c_2.97v,fs,125,2.97,0,4.7,0.05,1.79922,130.6,479.07,5.42,,inf,FAIL,-1.578,PASS
fs_125c_2.97v,fs,125,2.97,0,4.7,0.2,1.79922,130.6,479.07,5.55,,inf,FAIL,-1.578,PASS
fs_125c_2.97v,fs,125,2.97,0,4.7,0.5,1.79922,130.6,479.075,5.79,,inf,FAIL,-1.577,PASS
fs_125c_2.97v,fs,125,2.97,0.1,0.33,0.001,1.79922,145.4,88567.8,87.68,,inf,PASS,-0.5715,PASS
fs_125c_2.97v,fs,125,2.97,0.1,0.33,0.05,1.79922,145.4,88571.9,88.20,,inf,PASS,-0.571,PASS
fs_125c_2.97v,fs,125,2.97,0.1,0.33,0.2,1.79922,145.4,88636.5,89.77,,inf,PASS,-0.5647,PASS
fs_125c_2.97v,fs,125,2.97,0.1,0.33,0.5,1.79922,145.4,89001.4,92.90,,inf,PASS,0.2899,FAIL
fs_125c_2.97v,fs,125,2.97,0.1,1,0.001,1.79922,145.4,24302.2,83.92,,inf,PASS,-0.6293,PASS
fs_125c_2.97v,fs,125,2.97,0.1,1,0.05,1.79922,145.4,24303,84.35,,inf,PASS,-0.629,PASS
fs_125c_2.97v,fs,125,2.97,0.1,1,0.2,1.79922,145.4,24314.5,85.67,,inf,PASS,-0.6246,PASS
fs_125c_2.97v,fs,125,2.97,0.1,1,0.5,1.79922,145.4,24380,88.34,,inf,PASS,-0.5998,PASS
fs_125c_2.97v,fs,125,2.97,0.1,4.7,0.001,1.79922,145.4,6219.4,51.13,,inf,PASS,-0.7411,PASS
fs_125c_2.97v,fs,125,2.97,0.1,4.7,0.05,1.79922,145.4,6219.58,51.65,,inf,PASS,-0.7407,PASS
fs_125c_2.97v,fs,125,2.97,0.1,4.7,0.2,1.79922,145.4,6222.3,53.24,,inf,PASS,-0.7345,PASS
fs_125c_2.97v,fs,125,2.97,0.1,4.7,0.5,1.79922,145.4,6237.63,56.48,,inf,PASS,-0.7001,PASS
fs_125c_2.97v,fs,125,2.97,1,0.33,0.001,1.79922,145.7,762309,195.67,,inf,PASS,-4.501,PASS
fs_125c_2.97v,fs,125,2.97,1,0.33,0.05,1.79922,145.7,762686,200.12,,inf,PASS,-4.47,PASS
fs_125c_2.97v,fs,125,2.97,1,0.33,0.2,1.79922,145.7,768351,213.46,,inf,PASS,-4.017,PASS
fs_125c_2.97v,fs,125,2.97,1,0.33,0.5,1.79922,145.7,794948,236.20,,inf,PASS,-4.095,PASS
fs_125c_2.97v,fs,125,2.97,1,1,0.001,1.79922,145.7,286449,73.13,,inf,PASS,5.114,FAIL
fs_125c_2.97v,fs,125,2.97,1,1,0.05,1.79922,145.7,288509,78.09,,inf,PASS,5.254,FAIL
fs_125c_2.97v,fs,125,2.97,1,1,0.2,1.79922,145.7,678239,224.69,,inf,PASS,-4.087,PASS
fs_125c_2.97v,fs,125,2.97,1,1,0.5,1.79922,145.7,741933,260.90,,inf,PASS,-3.251,PASS
fs_125c_2.97v,fs,125,2.97,1,4.7,0.001,1.79922,145.7,43610,89.58,,inf,PASS,-0.3416,PASS
fs_125c_2.97v,fs,125,2.97,1,4.7,0.05,1.79922,145.7,43718.3,93.20,,inf,PASS,-0.6541,PASS
fs_125c_2.97v,fs,125,2.97,1,4.7,0.2,1.79922,145.7,45465.5,104.67,,inf,PASS,2.934,FAIL
fs_125c_2.97v,fs,125,2.97,1,4.7,0.5,1.79922,145.7,63643.2,132.80,,inf,PASS,10.61,FAIL
fs_125c_2.97v,fs,125,2.97,10,0.33,0.001,1.79922,143.4,993220,193.46,,inf,PASS,-2.161,PASS
fs_125c_2.97v,fs,125,2.97,10,0.33,0.05,1.79922,143.4,994215,199.20,,inf,PASS,-2.114,PASS
fs_125c_2.97v,fs,125,2.97,10,0.33,0.2,1.79922,143.4,1.01005e+06,215.71,,inf,PASS,-3.198,PASS
fs_125c_2.97v,fs,125,2.97,10,0.33,0.5,1.79922,143.4,1.0833e+06,239.70,,inf,PASS,-2.013,PASS
fs_125c_2.97v,fs,125,2.97,10,1,0.001,1.79922,143.4,799843,194.67,,inf,PASS,-4.001,PASS
fs_125c_2.97v,fs,125,2.97,10,1,0.05,1.79922,143.4,804312,208.62,,inf,PASS,-3.691,PASS
fs_125c_2.97v,fs,125,2.97,10,1,0.2,1.79922,143.4,858632,241.99,,inf,PASS,-2.405,PASS
fs_125c_2.97v,fs,125,2.97,10,1,0.5,1.79922,143.4,1.0129e+06,265.30,,inf,PASS,-2.566,PASS
fs_125c_2.97v,fs,125,2.97,10,4.7,0.001,1.79922,143.4,271919,74.92,,inf,PASS,3.813,FAIL
fs_125c_2.97v,fs,125,2.97,10,4.7,0.05,1.79922,143.4,663396,223.99,,inf,PASS,-4.956,PASS
fs_125c_2.97v,fs,125,2.97,10,4.7,0.2,1.79922,143.4,804294,272.44,,inf,PASS,-3.07,PASS
fs_125c_2.97v,fs,125,2.97,10,4.7,0.5,1.79922,143.4,1.00049e+06,279.07,,inf,PASS,-2.899,PASS
fs_125c_2.97v,fs,125,2.97,25,0.33,0.001,1.79922,140.6,1.07721e+06,191.17,,inf,PASS,-2.524,PASS
fs_125c_2.97v,fs,125,2.97,25,0.33,0.05,1.79922,140.6,1.07851e+06,197.38,,inf,PASS,-2.468,PASS
fs_125c_2.97v,fs,125,2.97,25,0.33,0.2,1.79922,140.6,1.09879e+06,215.04,,inf,PASS,-3.368,PASS
fs_125c_2.97v,fs,125,2.97,25,0.33,0.5,1.79922,140.6,1.192e+06,239.42,,inf,PASS,-1.815,PASS
fs_125c_2.97v,fs,125,2.97,25,1,0.001,1.79922,140.6,856792,194.34,,inf,PASS,-2.775,PASS
fs_125c_2.97v,fs,125,2.97,25,1,0.05,1.79922,140.6,862427,209.19,,inf,PASS,-2.439,PASS
fs_125c_2.97v,fs,125,2.97,25,1,0.2,1.79922,140.6,933010,242.96,,inf,PASS,-2.547,PASS
fs_125c_2.97v,fs,125,2.97,25,1,0.5,1.79922,140.6,1.12161e+06,263.93,,inf,PASS,-2.152,PASS
fs_125c_2.97v,fs,125,2.97,25,4.7,0.001,1.79922,140.6,664155,180.22,,inf,PASS,-5.135,PASS
fs_125c_2.97v,fs,125,2.97,25,4.7,0.05,1.79922,140.6,699821,232.31,,inf,PASS,-4.075,PASS
fs_125c_2.97v,fs,125,2.97,25,4.7,0.2,1.79922,140.6,875115,272.92,,inf,PASS,-3.034,PASS
fs_125c_2.97v,fs,125,2.97,25,4.7,0.5,1.79922,140.6,1.10992e+06,276.46,,inf,PASS,-2.43,PASS
fs_125c_2.97v,fs,125,2.97,50,0.33,0.001,1.79922,137,1.13522e+06,189.60,,inf,PASS,-2.237,PASS
fs_125c_2.97v,fs,125,2.97,50,0.33,0.05,1.79922,137,1.13671e+06,196.14,,inf,PASS,-2.178,PASS
fs_125c_2.97v,fs,125,2.97,50,0.33,0.2,1.79922,137,1.16094e+06,214.56,,inf,PASS,-2.989,PASS
fs_125c_2.97v,fs,125,2.97,50,0.33,0.5,1.79922,137,1.26829e+06,239.15,,inf,PASS,-2.741,PASS
fs_125c_2.97v,fs,125,2.97,50,1,0.001,1.79922,137,897284,193.66,,inf,PASS,-2.672,PASS
fs_125c_2.97v,fs,125,2.97,50,1,0.05,1.79922,137,903982,209.14,,inf,PASS,-2.306,PASS
fs_125c_2.97v,fs,125,2.97,50,1,0.2,1.79922,137,986651,243.23,,inf,PASS,-2.106,PASS
fs_125c_2.97v,fs,125,2.97,50,1,0.5,1.79922,137,1.1984e+06,262.81,,inf,PASS,-1.494,PASS
fs_125c_2.97v,fs,125,2.97,50,4.7,0.001,1.79922,137,685501,184.39,,inf,PASS,-3.158,PASS
fs_125c_2.97v,fs,125,2.97,50,4.7,0.05,1.79922,137,726615,235.97,,inf,PASS,-4.139,PASS
fs_125c_2.97v,fs,125,2.97,50,4.7,0.2,1.79922,137,927924,272.49,,inf,PASS,-2.497,PASS
fs_125c_2.97v,fs,125,2.97,50,4.7,0.5,1.79922,137,1.18748e+06,274.55,,inf,PASS,-1.748,PASS
fs_125c_3.30v,fs,125,3.3,0,0.33,0.001,1.7992,129.9,1962.38,20.62,,inf,FAIL,-1.026,PASS
fs_125c_3.30v,fs,125,3.3,0,0.33,0.05,1.7992,129.9,1962.38,20.64,,inf,FAIL,-1.026,PASS
fs_125c_3.30v,fs,125,3.3,0,0.33,0.2,1.7992,129.9,1962.38,20.67,,inf,FAIL,-1.026,PASS
fs_125c_3.30v,fs,125,3.3,0,0.33,0.5,1.7992,129.9,1962.38,20.74,,inf,FAIL,-1.026,PASS
fs_125c_3.30v,fs,125,3.3,0,1,0.001,1.7992,129.8,1104.01,11.98,,inf,FAIL,-1.451,PASS
fs_125c_3.30v,fs,125,3.3,0,1,0.05,1.7992,129.8,1104.01,12.00,,inf,FAIL,-1.451,PASS
fs_125c_3.30v,fs,125,3.3,0,1,0.2,1.7992,129.8,1104.01,12.06,,inf,FAIL,-1.451,PASS
fs_125c_3.30v,fs,125,3.3,0,1,0.5,1.7992,129.8,1104.01,12.18,,inf,FAIL,-1.451,PASS
fs_125c_3.30v,fs,125,3.3,0,4.7,0.001,1.7992,129.7,505.17,5.70,,inf,FAIL,-1.458,PASS
fs_125c_3.30v,fs,125,3.3,0,4.7,0.05,1.7992,129.7,505.17,5.74,,inf,FAIL,-1.458,PASS
fs_125c_3.30v,fs,125,3.3,0,4.7,0.2,1.7992,129.7,505.171,5.87,,inf,FAIL,-1.458,PASS
fs_125c_3.30v,fs,125,3.3,0,4.7,0.5,1.7992,129.7,505.177,6.12,,inf,FAIL,-1.458,PASS
fs_125c_3.30v,fs,125,3.3,0.1,0.33,0.001,1.79919,145.5,100179,86.78,,inf,PASS,2.015,FAIL
fs_125c_3.30v,fs,125,3.3,0.1,0.33,0.05,1.79919,145.5,100185,87.36,,inf,PASS,2.035,FAIL
fs_125c_3.30v,fs,125,3.3,0.1,0.33,0.2,1.79919,145.5,100279,89.14,,inf,PASS,2.329,FAIL
fs_125c_3.30v,fs,125,3.3,0.1,0.33,0.5,1.79919,145.5,100808,92.68,,inf,PASS,3.684,FAIL
fs_125c_3.30v,fs,125,3.3,0.1,1,0.001,1.79919,145.5,27431.2,85.63,,inf,PASS,-0.3886,PASS
fs_125c_3.30v,fs,125,3.3,0.1,1,0.05,1.79919,145.5,27432.3,86.12,,inf,PASS,-0.3883,PASS
fs_125c_3.30v,fs,125,3.3,0.1,1,0.2,1.79919,145.5,27448.8,87.61,,inf,PASS,-0.3829,PASS
fs_125c_3.30v,fs,125,3.3,0.1,1,0.5,1.79919,145.5,27542.3,90.62,,inf,PASS,-0.3532,PASS
fs_125c_3.30v,fs,125,3.3,0.1,4.7,0.001,1.79919,145.5,6730.32,53.54,,inf,PASS,-0.8741,PASS
fs_125c_3.30v,fs,125,3.3,0.1,4.7,0.05,1.79919,145.5,6730.56,54.10,,inf,PASS,-0.8737,PASS
fs_125c_3.30v,fs,125,3.3,0.1,4.7,0.2,1.79919,145.5,6734.17,55.83,,inf,PASS,-0.8662,PASS
fs_125c_3.30v,fs,125,3.3,0.1,4.7,0.5,1.79919,145.5,6754.56,59.34,,inf,PASS,-0.8249,PASS
fs_125c_3.30v,fs,125,3.3,1,0.33,0.001,1.79919,146.1,831968,199.09,,inf,PASS,-4.748,PASS
fs_125c_3.30v,fs,125,3.3,1,0.33,0.05,1.79919,146.1,832464,203.93,,inf,PASS,-4.711,PASS
fs_125c_3.30v,fs,125,3.3,1,0.33,0.2,1.79919,146.1,839812,218.29,,inf,PASS,-4.171,PASS
fs_125c_3.30v,fs,125,3.3,1,0.33,0.5,1.79919,146.1,873460,241.64,,inf,PASS,-3.961,PASS
fs_125c_3.30v,fs,125,3.3,1,1,0.001,1.79919,146.1,332269,70.34,,inf,PASS,7.285,FAIL
fs_125c_3.30v,fs,125,3.3,1,1,0.05,1.79919,146.1,336808,76.03,,inf,PASS,7.452,FAIL
fs_125c_3.30v,fs,125,3.3,1,1,0.2,1.79919,146.1,746732,235.15,,inf,PASS,-3.927,PASS
fs_125c_3.30v,fs,125,3.3,1,1,0.5,1.79919,146.1,820746,267.27,,inf,PASS,-2.801,PASS
fs_125c_3.30v,fs,125,3.3,1,4.7,0.001,1.79919,146.1,49857.6,89.99,,inf,PASS,-0.3733,PASS
fs_125c_3.30v,fs,125,3.3,1,4.7,0.05,1.79919,146.1,50016.3,94.14,,inf,PASS,-0.3474,PASS
fs_125c_3.30v,fs,125,3.3,1,4.7,0.2,1.79919,146.1,52685.6,107.23,,inf,PASS,5.56,FAIL
fs_125c_3.30v,fs,125,3.3,1,4.7,0.5,1.79919,146.1,92271.7,141.30,,inf,PASS,13.26,FAIL
fs_125c_3.30v,fs,125,3.3,10,0.33,0.001,1.79919,144.3,1.08569e+06,194.34,,inf,PASS,-2.292,PASS
fs_125c_3.30v,fs,125,3.3,10,0.33,0.05,1.79919,144.3,1.08702e+06,200.61,,inf,PASS,-2.234,PASS
fs_125c_3.30v,fs,125,3.3,10,0.33,0.2,1.79919,144.3,1.10749e+06,218.39,,inf,PASS,-3.181,PASS
fs_125c_3.30v,fs,125,3.3,10,0.33,0.5,1.79919,144.3,1.19911e+06,242.82,,inf,PASS,-1.658,PASS
fs_125c_3.30v,fs,125,3.3,10,1,0.001,1.79919,144.3,874726,196.98,,inf,PASS,-4.13,PASS
fs_125c_3.30v,fs,125,3.3,10,1,0.05,1.79919,144.3,880572,212.13,,inf,PASS,-3.759,PASS
fs_125c_3.30v,fs,125,3.3,10,1,0.2,1.79919,144.3,948801,246.41,,inf,PASS,-2.062,PASS
fs_125c_3.30v,fs,125,3.3,10,1,0.5,1.79919,144.3,1.13144e+06,267.32,,inf,PASS,-1.953,PASS
fs_125c_3.30v,fs,125,3.3,10,4.7,0.001,1.79919,144.3,318530,72.29,,inf,PASS,5.586,FAIL
fs_125c_3.30v,fs,125,3.3,10,4.7,0.05,1.79919,144.3,733765,234.26,,inf,PASS,-4.595,PASS
fs_125c_3.30v,fs,125,3.3,10,4.7,0.2,1.79919,144.3,896364,275.90,,inf,PASS,-2.424,PASS
fs_125c_3.30v,fs,125,3.3,10,4.7,0.5,1.79919,144.3,1.12044e+06,279.77,,inf,PASS,-2.232,PASS
fs_125c_3.30v,fs,125,3.3,25,0.33,0.001,1.79919,142.1,1.17908e+06,191.70,,inf,PASS,-2.597,PASS
fs_125c_3.30v,fs,125,3.3,25,0.33,0.05,1.79919,142.1,1.18083e+06,198.49,,inf,PASS,-2.528,PASS
fs_125c_3.30v,fs,125,3.3,25,0.33,0.2,1.79919,142.1,1.2074e+06,217.49,,inf,PASS,-3.27,PASS
fs_125c_3.30v,fs,125,3.3,25,0.33,0.5,1.79919,142.1,1.32398e+06,242.16,,inf,PASS,-2.855,PASS
fs_125c_3.30v,fs,125,3.3,25,1,0.001,1.79919,142.1,938236,195.95,,inf,PASS,-2.839,PASS
fs_125c_3.30v,fs,125,3.3,25,1,0.05,1.79919,142.1,945633,212.10,,inf,PASS,-2.436,PASS
fs_125c_3.30v,fs,125,3.3,25,1,0.2,1.79919,142.1,1.03456e+06,246.72,,inf,PASS,-2.106,PASS
fs_125c_3.30v,fs,125,3.3,25,1,0.5,1.79919,142.1,1.25655e+06,265.36,,inf,PASS,-1.472,PASS
fs_125c_3.30v,fs,125,3.3,25,4.7,0.001,1.79919,142.1,730472,186.43,,inf,PASS,-5.136,PASS
fs_125c_3.30v,fs,125,3.3,25,4.7,0.05,1.79919,142.1,774270,240.11,,inf,PASS,-3.644,PASS
fs_125c_3.30v,fs,125,3.3,25,4.7,0.2,1.79919,142.1,979248,275.24,,inf,PASS,-2.321,PASS
fs_125c_3.30v,fs,125,3.3,25,4.7,0.5,1.79919,142.1,1.2463e+06,276.62,,inf,PASS,-1.705,PASS
fs_125c_3.30v,fs,125,3.3,50,0.33,0.001,1.79919,139.3,1.24347e+06,189.85,,inf,PASS,-2.28,PASS
fs_125c_3.30v,fs,125,3.3,50,0.33,0.05,1.79919,139.3,1.24549e+06,197.01,,inf,PASS,-2.207,PASS
fs_125c_3.30v,fs,125,3.3,50,0.33,0.2,1.79919,139.3,1.27724e+06,216.83,,inf,PASS,-2.849,PASS
fs_125c_3.30v,fs,125,3.3,50,0.33,0.5,1.79919,139.3,1.41179e+06,241.60,,inf,PASS,-2.235,PASS
fs_125c_3.30v,fs,125,3.3,50,1,0.001,1.79919,139.3,983121,194.82,,inf,PASS,-2.706,PASS
fs_125c_3.30v,fs,125,3.3,50,1,0.05,1.79919,139.3,991940,211.66,,inf,PASS,-2.268,PASS
fs_125c_3.30v,fs,125,3.3,50,1,0.2,1.79919,139.3,1.0959e+06,246.55,,inf,PASS,-1.617,PASS
fs_125c_3.30v,fs,125,3.3,50,1,0.5,1.79919,139.3,1.34561e+06,263.82,,inf,PASS,-2.156,PASS
fs_125c_3.30v,fs,125,3.3,50,4.7,0.001,1.79919,139.3,752894,189.19,,inf,PASS,-3.138,PASS
fs_125c_3.30v,fs,125,3.3,50,4.7,0.05,1.79919,139.3,804539,242.47,,inf,PASS,-3.679,PASS
fs_125c_3.30v,fs,125,3.3,50,4.7,0.2,1.79919,139.3,1.03993e+06,274.20,,inf,PASS,-1.751,PASS
fs_125c_3.30v,fs,125,3.3,50,4.7,0.5,1.79919,139.3,1.33549e+06,274.36,,inf,PASS,-2.35,PASS
fs_125c_3.63v,fs,125,3.63,0,0.33,0.001,1.79912,126.3,2060.93,21.60,725228,35.65,FAIL,-0.972,PASS
fs_125c_3.63v,fs,125,3.63,0,0.33,0.05,1.79912,126.3,2060.93,21.61,726704,35.58,FAIL,-0.972,PASS
fs_125c_3.63v,fs,125,3.63,0,0.33,0.2,1.79912,126.3,2060.93,21.65,731095,35.08,FAIL,-0.972,PASS
fs_125c_3.63v,fs,125,3.63,0,0.33,0.5,1.79912,126.3,2060.93,21.72,738285,33.22,FAIL,-0.9719,PASS
fs_125c_3.63v,fs,125,3.63,0,1,0.001,1.79912,126.3,1157.19,12.59,725289,45.28,FAIL,-1.432,PASS
fs_125c_3.63v,fs,125,3.63,0,1,0.05,1.79912,126.3,1157.19,12.61,729713,44.91,FAIL,-1.432,PASS
fs_125c_3.63v,fs,125,3.63,0,1,0.2,1.79912,126.3,1157.19,12.67,740207,42.08,FAIL,-1.432,PASS
fs_125c_3.63v,fs,125,3.63,0,1,0.5,1.79912,126.3,1157.19,12.80,748613,36.36,FAIL,-1.432,PASS
fs_125c_3.63v,fs,125,3.63,0,4.7,0.001,1.79912,126.1,529.083,6.07,725627,58.71,FAIL,-1.454,PASS
fs_125c_3.63v,fs,125,3.63,0,4.7,0.05,1.79912,126.1,529.083,6.12,741843,54.75,FAIL,-1.454,PASS
fs_125c_3.63v,fs,125,3.63,0,4.7,0.2,1.79912,126.1,529.084,6.25,752234,44.66,FAIL,-1.454,PASS
fs_125c_3.63v,fs,125,3.63,0,4.7,0.5,1.79912,126.1,529.091,6.52,754878,36.76,FAIL,-1.454,PASS
fs_125c_3.63v,fs,125,3.63,0.1,0.33,0.001,1.79912,143.5,111443,85.82,,inf,PASS,6.445,FAIL
fs_125c_3.63v,fs,125,3.63,0.1,0.33,0.05,1.79912,143.5,111451,86.47,,inf,PASS,6.468,FAIL
fs_125c_3.63v,fs,125,3.63,0.1,0.33,0.2,1.79912,143.5,111577,88.44,,inf,PASS,6.817,FAIL
fs_125c_3.63v,fs,125,3.63,0.1,0.33,0.5,1.79912,143.5,112289,92.37,,inf,PASS,8.38,FAIL
fs_125c_3.63v,fs,125,3.63,0.1,1,0.001,1.79912,143.5,30594.8,86.93,,inf,PASS,-0.5999,PASS
fs_125c_3.63v,fs,125,3.63,0.1,1,0.05,1.79912,143.5,30596.4,87.47,,inf,PASS,-0.5994,PASS
fs_125c_3.63v,fs,125,3.63,0.1,1,0.2,1.79912,143.5,30620.8,89.13,,inf,PASS,-0.5714,PASS
fs_125c_3.63v,fs,125,3.63,0.1,1,0.5,1.79912,143.5,30758.6,92.49,,inf,PASS,4.712,FAIL
fs_125c_3.63v,fs,125,3.63,0.1,4.7,0.001,1.79912,143.5,7224.97,55.69,,inf,PASS,-0.5647,PASS
fs_125c_3.63v,fs,125,3.63,0.1,4.7,0.05,1.79912,143.5,7225.26,56.29,,inf,PASS,-0.5642,PASS
fs_125c_3.63v,fs,125,3.63,0.1,4.7,0.2,1.79912,143.5,7229.7,58.14,,inf,PASS,-0.5561,PASS
fs_125c_3.63v,fs,125,3.63,0.1,4.7,0.5,1.79912,143.5,7255.4,61.92,,inf,PASS,3.982,FAIL
fs_125c_3.63v,fs,125,3.63,1,0.33,0.001,1.79912,144.7,899443,202.51,,inf,PASS,-3.227,PASS
fs_125c_3.63v,fs,125,3.63,1,0.33,0.05,1.79912,144.7,900012,207.73,,inf,PASS,-3.185,PASS
fs_125c_3.63v,fs,125,3.63,1,0.33,0.2,1.79912,144.7,908349,223.10,,inf,PASS,-2.598,PASS
fs_125c_3.63v,fs,125,3.63,1,0.33,0.5,1.79912,144.7,949797,246.74,,inf,PASS,-2.327,PASS
fs_125c_3.63v,fs,125,3.63,1,1,0.001,1.79912,144.7,384560,67.05,,inf,PASS,10.44,FAIL
fs_125c_3.63v,fs,125,3.63,1,1,0.05,1.79912,144.7,395138,73.47,,inf,PASS,10.64,FAIL
fs_125c_3.63v,fs,125,3.63,1,1,0.2,1.79912,144.7,812533,244.67,,inf,PASS,-4.382,PASS
fs_125c_3.63v,fs,125,3.63,1,1,0.5,1.79912,144.7,897561,272.78,,inf,PASS,-2.863,PASS
fs_125c_3.63v,fs,125,3.63,1,4.7,0.001,1.79912,144.7,56042.9,90.07,,inf,PASS,-0.5322,PASS
fs_125c_3.63v,fs,125,3.63,1,4.7,0.05,1.79912,144.7,56272.3,94.72,,inf,PASS,0.0887,FAIL
fs_125c_3.63v,fs,125,3.63,1,4.7,0.2,1.79912,144.7,60121,109.42,,inf,PASS,9.459,FAIL
fs_125c_3.63v,fs,125,3.63,1,4.7,0.5,1.79912,144.7,888582,287.87,,inf,PASS,-3.298,PASS
fs_125c_3.63v,fs,125,3.63,10,0.33,0.001,1.79912,143.9,1.17368e+06,195.26,,inf,PASS,-2.871,PASS
fs_125c_3.63v,fs,125,3.63,10,0.33,0.05,1.79912,143.9,1.17541e+06,202.03,,inf,PASS,-2.8,PASS
fs_125c_3.63v,fs,125,3.63,10,0.33,0.2,1.79912,143.9,1.20065e+06,220.96,,inf,PASS,-1.837,PASS
fs_125c_3.63v,fs,125,3.63,10,0.33,0.5,1.79912,143.9,1.3122e+06,245.54,,inf,PASS,-1.705,PASS
fs_125c_3.63v,fs,125,3.63,10,1,0.001,1.79912,143.9,946180,199.19,,inf,PASS,-2.668,PASS
fs_125c_3.63v,fs,125,3.63,10,1,0.05,1.79912,143.9,953002,215.51,,inf,PASS,-2.263,PASS
fs_125c_3.63v,fs,125,3.63,10,1,0.2,1.79912,143.9,1.03662e+06,250.27,,inf,PASS,-2.166,PASS
fs_125c_3.63v,fs,125,3.63,10,1,0.5,1.79912,143.9,1.24689e+06,268.94,,inf,PASS,-1.773,PASS
fs_125c_3.63v,fs,125,3.63,10,4.7,0.001,1.79912,143.9,372594,69.32,,inf,PASS,7.264,FAIL
fs_125c_3.63v,fs,125,3.63,10,4.7,0.05,1.79912,143.9,800293,243.24,,inf,PASS,-4.862,PASS
fs_125c_3.63v,fs,125,3.63,10,4.7,0.2,1.79912,143.9,985665,278.69,,inf,PASS,-2.276,PASS
fs_125c_3.63v,fs,125,3.63,10,4.7,0.5,1.79912,143.9,1.23684e+06,280.32,,inf,PASS,-2.006,PASS
fs_125c_3.63v,fs,125,3.63,25,0.33,0.001,1.79911,142.1,1.27561e+06,192.28,,inf,PASS,-3.122,PASS
fs_125c_3.63v,fs,125,3.63,25,0.33,0.05,1.79911,142.1,1.2779e+06,199.61,,inf,PASS,-3.039,PASS
fs_125c_3.63v,fs,125,3.63,25,0.33,0.2,1.79911,142.1,1.31144e+06,219.82,,inf,PASS,-1.911,PASS
fs_125c_3.63v,fs,125,3.63,25,0.33,0.5,1.79911,142.1,1.45254e+06,244.52,,inf,PASS,-2.806,PASS
fs_125c_3.63v,fs,125,3.63,25,1,0.001,1.79911,142.1,1.01544e+06,197.51,,inf,PASS,-3.403,PASS
fs_125c_3.63v,fs,125,3.63,25,1,0.05,1.79911,142.1,1.02503e+06,214.85,,inf,PASS,-2.922,PASS
fs_125c_3.63v,fs,125,3.63,25,1,0.2,1.79911,142.1,1.13331e+06,249.95,,inf,PASS,-2.106,PASS
fs_125c_3.63v,fs,125,3.63,25,1,0.5,1.79911,142.1,1.38835e+06,266.45,,inf,PASS,-2.623,PASS
fs_125c_3.63v,fs,125,3.63,25,4.7,0.001,1.79911,142.1,792669,192.20,,inf,PASS,-3.132,PASS
fs_125c_3.63v,fs,125,3.63,25,4.7,0.05,1.79911,142.1,845450,246.84,,inf,PASS,-3.796,PASS
fs_125c_3.63v,fs,125,3.63,25,4.7,0.2,1.79911,142.1,1.0801e+06,277.07,,inf,PASS,-2.09,PASS
fs_125c_3.63v,fs,125,3.63,25,4.7,0.5,1.79911,142.1,1.3786e+06,276.71,,inf,PASS,-1.428,PASS
fs_125c_3.63v,fs,125,3.63,50,0.33,0.001,1.79911,139.8,1.34732e+06,190.24,,inf,PASS,-2.746,PASS
fs_125c_3.63v,fs,125,3.63,50,0.33,0.05,1.79911,139.8,1.34999e+06,197.98,,inf,PASS,-2.656,PASS
fs_125c_3.63v,fs,125,3.63,50,0.33,0.2,1.79911,139.8,1.38978e+06,219.06,,inf,PASS,-3.101,PASS
fs_125c_3.63v,fs,125,3.63,50,0.33,0.5,1.79911,139.8,1.55287e+06,243.75,,inf,PASS,-2.113,PASS
fs_125c_3.63v,fs,125,3.63,50,1,0.001,1.79911,139.8,1.06553e+06,196.05,,inf,PASS,-3.195,PASS
fs_125c_3.63v,fs,125,3.63,50,1,0.05,1.79911,139.8,1.07696e+06,214.16,,inf,PASS,-2.671,PASS
fs_125c_3.63v,fs,125,3.63,50,1,0.2,1.79911,139.8,1.2038e+06,249.48,,inf,PASS,-3.072,PASS
fs_125c_3.63v,fs,125,3.63,50,1,0.5,1.79911,139.8,1.49016e+06,264.65,,inf,PASS,-1.851,PASS
fs_125c_3.63v,fs,125,3.63,50,4.7,0.001,1.79911,139.8,817957,193.62,,inf,PASS,-3.726,PASS
fs_125c_3.63v,fs,125,3.63,50,4.7,0.05,1.79911,139.8,880350,248.25,,inf,PASS,-3.71,PASS
fs_125c_3.63v,fs,125,3.63,50,4.7,0.2,1.79911,139.8,1.15018e+06,275.58,,inf,PASS,-2.913,PASS
fs_125c_3.63v,fs,125,3.63,50,4.7,0.5,1.79911,139.8,1.48108e+06,274.21,,inf,PASS,-2.013,PASS
sf_-40c_2.97v,sf,-40,2.97,0,0.33,0.001,1.79948,137.3,3175.08,35.05,,inf,FAIL,-1.276,PASS
sf_-40c_2.97v,sf,-40,2.97,0,0.33,0.05,1.79948,137.3,3175.07,35.07,,inf,FAIL,-1.276,PASS
sf_-40c_2.97v,sf,-40,2.97,0,0.33,0.2,1.79948,137.3,3175.08,35.13,,inf,FAIL,-1.276,PASS
sf_-40c_2.97v,sf,-40,2.97,0,0.33,0.5,1.79948,137.3,3175.08,35.24,,inf,FAIL,-1.276,PASS
sf_-40c_2.97v,sf,-40,2.97,0,1,0.001,1.79948,137.3,1713.31,20.58,,inf,FAIL,-0.9862,PASS
sf_-40c_2.97v,sf,-40,2.97,0,1,0.05,1.79948,137.3,1713.31,20.61,,inf,FAIL,-0.9862,PASS
sf_-40c_2.97v,sf,-40,2.97,0,1,0.2,1.79948,137.3,1713.31,20.71,,inf,FAIL,-0.9862,PASS
sf_-40c_2.97v,sf,-40,2.97,0,1,0.5,1.79948,137.3,1713.32,20.89,,inf,FAIL,-0.9861,PASS
sf_-40c_2.97v,sf,-40,2.97,0,4.7,0.001,1.79948,137.2,771.217,9.65,,inf,FAIL,-1.299,PASS
sf_-40c_2.97v,sf,-40,2.97,0,4.7,0.05,1.79948,137.2,771.217,9.71,,inf,FAIL,-1.299,PASS
sf_-40c_2.97v,sf,-40,2.97,0,4.7,0.2,1.79948,137.2,771.221,9.91,,inf,FAIL,-1.299,PASS
sf_-40c_2.97v,sf,-40,2.97,0,4.7,0.5,1.79948,137.2,771.242,10.30,,inf,FAIL,-1.298,PASS
sf_-40c_2.97v,sf,-40,2.97,0.1,0.33,0.001,1.79948,146.2,211408,78.05,,inf,PASS,3.814,FAIL
sf_-40c_2.97v,sf,-40,2.97,0.1,0.33,0.05,1.79948,146.2,211470,79.28,,inf,PASS,3.834,FAIL
sf_-40c_2.97v,sf,-40,2.97,0.1,0.33,0.2,1.79948,146.2,212417,82.99,,inf,PASS,4.127,FAIL
sf_-40c_2.97v,sf,-40,2.97,0.1,0.33,0.5,1.79948,146.2,217913,90.28,,inf,PASS,5.482,FAIL
sf_-40c_2.97v,sf,-40,2.97,0.1,1,0.001,1.79948,146.2,58830.8,90.73,,inf,PASS,-0.5121,PASS
sf_-40c_2.97v,sf,-40,2.97,0.1,1,0.05,1.79948,146.2,58842.7,91.77,,inf,PASS,-0.5104,PASS
sf_-40c_2.97v,sf,-40,2.97,0.1,1,0.2,1.79948,146.2,59023.2,94.94,,inf,PASS,-0.4849,PASS
sf_-40c_2.97v,sf,-40,2.97,0.1,1,0.5,1.79948,146.2,60059.6,101.34,,inf,PASS,1.427,FAIL
sf_-40c_2.97v,sf,-40,2.97,0.1,4.7,0.001,1.79948,146.2,11024.1,70.66,,inf,PASS,-0.8327,PASS
sf_-40c_2.97v,sf,-40,2.97,0.1,4.7,0.05,1.79948,146.2,11025.4,71.57,,inf,PASS,-0.8314,PASS
sf_-40c_2.97v,sf,-40,2.97,0.1,4.7,0.2,1.79948,146.2,11045.5,74.42,,inf,PASS,-0.811,PASS
sf_-40c_2.97v,sf,-40,2.97,0.1,4.7,0.5,1.79948,146.2,11159.1,80.28,,inf,PASS,0.5639,FAIL
sf_-40c_2.97v,sf,-40,2.97,1,0.33,0.001,1.79948,146.3,916381,195.97,,inf,PASS,-4.016,PASS
sf_-40c_2.97v,sf,-40,2.97,1,0.33,0.05,1.79948,146.3,917130,201.29,,inf,PASS,-3.971,PASS
sf_-40c_2.97v,sf,-40,2.97,1,0.33,0.2,1.79948,146.3,928195,216.87,,inf,PASS,-3.332,PASS
sf_-40c_2.97v,sf,-40,2.97,1,0.33,0.5,1.79948,146.3,979321,240.92,,inf,PASS,-2.645,PASS
sf_-40c_2.97v,sf,-40,2.97,1,1,0.001,1.79948,146.3,768951,189.18,,inf,PASS,-4.688,PASS
sf_-40c_2.97v,sf,-40,2.97,1,1,0.05,1.79948,146.3,771997,202.90,,inf,PASS,-4.403,PASS
sf_-40c_2.97v,sf,-40,2.97,1,1,0.2,1.79948,146.3,808853,238.31,,inf,PASS,-3.71,PASS
sf_-40c_2.97v,sf,-40,2.97,1,1,0.5,1.79948,146.3,917271,266.63,,inf,PASS,-3.294,PASS
sf_-40c_2.97v,sf,-40,2.97,1,4.7,0.001,1.79948,146.3,99413.1,87.72,,inf,PASS,-0.3978,PASS
sf_-40c_2.97v,sf,-40,2.97,1,4.7,0.05,1.79948,146.3,100655,95.89,,inf,PASS,-0.328,PASS
sf_-40c_2.97v,sf,-40,2.97,1,4.7,0.2,1.79948,146.3,128684,122.11,,inf,PASS,8.684,FAIL
sf_-40c_2.97v,sf,-40,2.97,1,4.7,0.5,1.79948,146.3,906486,281.44,,inf,PASS,-2.019,PASS
sf_-40c_2.97v,sf,-40,2.97,10,0.33,0.001,1.79948,144.4,1.20986e+06,190.64,,inf,PASS,-3.368,PASS
sf_-40c_2.97v,sf,-40,2.97,10,0.33,0.05,1.79948,144.4,1.21184e+06,197.60,,inf,PASS,-3.292,PASS
sf_-40c_2.97v,sf,-40,2.97,10,0.33,0.2,1.79948,144.4,1.24112e+06,217.05,,inf,PASS,-2.25,PASS
sf_-40c_2.97v,sf,-40,2.97,10,0.33,0.5,1.79948,144.4,1.3661e+06,241.94,,inf,PASS,-1.835,PASS
sf_-40c_2.97v,sf,-40,2.97,10,1,0.001,1.79948,144.4,961373,194.70,,inf,PASS,-3.731,PASS
sf_-40c_2.97v,sf,-40,2.97,10,1,0.05,1.79948,144.4,969747,211.22,,inf,PASS,-3.29,PASS
sf_-40c_2.97v,sf,-40,2.97,10,1,0.2,1.79948,144.4,1.0653e+06,246.27,,inf,PASS,-2.666,PASS
sf_-40c_2.97v,sf,-40,2.97,10,1,0.5,1.79948,144.4,1.29948e+06,264.65,,inf,PASS,-1.845,PASS
sf_-40c_2.97v,sf,-40,2.97,10,4.7,0.001,1.79948,144.4,745666,184.93,,inf,PASS,-3.878,PASS
sf_-40c_2.97v,sf,-40,2.97,10,4.7,0.05,1.79948,144.4,792490,239.72,,inf,PASS,-2.433,PASS
sf_-40c_2.97v,sf,-40,2.97,10,4.7,0.2,1.79948,144.4,1.00995e+06,274.25,,inf,PASS,-2.785,PASS
sf_-40c_2.97v,sf,-40,2.97,10,4.7,0.5,1.79948,144.4,1.28929e+06,275.56,,inf,PASS,-2.058,PASS
sf_-40c_2.97v,sf,-40,2.97,25,0.33,0.001,1.79948,142.2,1.3144e+06,188.16,,inf,PASS,-1.89,PASS
sf_-40c_2.97v,sf,-40,2.97,25,0.33,0.05,1.79948,142.2,1.31682e+06,195.72,,inf,PASS,-1.809,PASS
sf_-40c_2.97v,sf,-40,2.97,25,0.33,0.2,1.79948,142.2,1.35495e+06,216.46,,inf,PASS,-2.343,PASS
sf_-40c_2.97v,sf,-40,2.97,25,0.33,0.5,1.79948,142.2,1.51027e+06,241.40,,inf,PASS,-1.521,PASS
sf_-40c_2.97v,sf,-40,2.97,25,1,0.001,1.79948,142.2,1.0352e+06,193.39,,inf,PASS,-2.416,PASS
sf_-40c_2.97v,sf,-40,2.97,25,1,0.05,1.79948,142.2,1.04566e+06,211.06,,inf,PASS,-1.937,PASS
sf_-40c_2.97v,sf,-40,2.97,25,1,0.2,1.79948,142.2,1.16772e+06,246.41,,inf,PASS,-2.532,PASS
sf_-40c_2.97v,sf,-40,2.97,25,1,0.5,1.79948,142.2,1.44579e+06,262.62,,inf,PASS,-2.712,PASS
sf_-40c_2.97v,sf,-40,2.97,25,4.7,0.001,1.79948,142.2,784358,189.88,,inf,PASS,-3.258,PASS
sf_-40c_2.97v,sf,-40,2.97,25,4.7,0.05,1.79948,142.2,845283,243.68,,inf,PASS,-3.336,PASS
sf_-40c_2.97v,sf,-40,2.97,25,4.7,0.2,1.79948,142.2,1.11193e+06,272.96,,inf,PASS,-2.49,PASS
sf_-40c_2.97v,sf,-40,2.97,25,4.7,0.5,1.79948,142.2,1.43649e+06,272.44,,inf,PASS,-1.535,PASS
sf_-40c_2.97v,sf,-40,2.97,50,0.33,0.001,1.79948,139.7,1.38822e+06,186.43,,inf,PASS,-3.291,PASS
sf_-40c_2.97v,sf,-40,2.97,50,0.33,0.05,1.79948,139.7,1.39117e+06,194.40,,inf,PASS,-3.195,PASS
sf_-40c_2.97v,sf,-40,2.97,50,0.33,0.2,1.79948,139.7,1.43556e+06,216.03,,inf,PASS,-1.888,PASS
sf_-40c_2.97v,sf,-40,2.97,50,0.33,0.5,1.79948,139.7,1.61391e+06,240.91,,inf,PASS,-2.299,PASS
sf_-40c_2.97v,sf,-40,2.97,50,1,0.001,1.79948,139.7,1.08804e+06,192.17,,inf,PASS,-2.198,PASS
sf_-40c_2.97v,sf,-40,2.97,50,1,0.05,1.79948,139.7,1.1007e+06,210.63,,inf,PASS,-3.468,PASS
sf_-40c_2.97v,sf,-40,2.97,50,1,0.2,1.79948,139.7,1.24245e+06,246.19,,inf,PASS,-1.944,PASS
sf_-40c_2.97v,sf,-40,2.97,50,1,0.5,1.79948,139.7,1.55151e+06,261.09,,inf,PASS,-1.978,PASS
sf_-40c_2.97v,sf,-40,2.97,50,4.7,0.001,1.79948,139.7,813049,191.54,,inf,PASS,-3.559,PASS
sf_-40c_2.97v,sf,-40,2.97,50,4.7,0.05,1.79948,139.7,884961,245.30,,inf,PASS,-3.122,PASS
sf_-40c_2.97v,sf,-40,2.97,50,4.7,0.2,1.79948,139.7,1.18713e+06,271.66,,inf,PASS,-1.823,PASS
sf_-40c_2.97v,sf,-40,2.97,50,4.7,0.5,1.79948,139.7,1.54252e+06,270.24,,inf,PASS,-2.126,PASS
sf_-40c_3.30v,sf,-40,3.3,0,0.33,0.001,1.79944,136.8,3412.07,37.07,,inf,FAIL,-0.8893,PASS
sf_-40c_3.30v,sf,-40,3.3,0,0.33,0.05,1.79944,136.8,3412.07,37.09,,inf,FAIL,-0.8893,PASS
sf_-40c_3.30v,sf,-40,3.3,0,0.33,0.2,1.79944,136.8,3412.07,37.15,,inf,FAIL,-0.8893,PASS
sf_-40c_3.30v,sf,-40,3.3,0,0.33,0.5,1.79944,136.8,3412.08,37.28,,inf,FAIL,-0.8892,PASS
sf_-40c_3.30v,sf,-40,3.3,0,1,0.001,1.79944,136.8,1826.07,21.83,,inf,FAIL,-1.432,PASS
sf_-40c_3.30v,sf,-40,3.3,0,1,0.05,1.79944,136.8,1826.07,21.86,,inf,FAIL,-1.432,PASS
sf_-40c_3.30v,sf,-40,3.3,0,1,0.2,1.79944,136.8,1826.07,21.96,,inf,FAIL,-1.432,PASS
sf_-40c_3.30v,sf,-40,3.3,0,1,0.5,1.79944,136.8,1826.08,22.16,,inf,FAIL,-1.432,PASS
sf_-40c_3.30v,sf,-40,3.3,0,4.7,0.001,1.79944,136.6,819.553,10.25,,inf,FAIL,-1.045,PASS
sf_-40c_3.30v,sf,-40,3.3,0,4.7,0.05,1.79944,136.6,819.553,10.31,,inf,FAIL,-1.045,PASS
sf_-40c_3.30v,sf,-40,3.3,0,4.7,0.2,1.79944,136.6,819.557,10.52,,inf,FAIL,-1.044,PASS
sf_-40c_3.30v,sf,-40,3.3,0,4.7,0.5,1.79944,136.6,819.582,10.94,,inf,FAIL,-1.044,PASS
sf_-40c_3.30v,sf,-40,3.3,0.1,0.33,0.001,1.79944,146,240968,75.95,,inf,PASS,7.313,FAIL
sf_-40c_3.30v,sf,-40,3.3,0.1,0.33,0.05,1.79944,146,241063,77.34,,inf,PASS,7.338,FAIL
sf_-40c_3.30v,sf,-40,3.3,0.1,0.33,0.2,1.79944,146,242499,81.55,,inf,PASS,7.687,FAIL
sf_-40c_3.30v,sf,-40,3.3,0.1,0.33,0.5,1.79944,146,250935,89.79,,inf,PASS,9.253,FAIL
sf_-40c_3.30v,sf,-40,3.3,0.1,1,0.001,1.79944,146,67941.5,90.30,,inf,PASS,-0.4772,PASS
sf_-40c_3.30v,sf,-40,3.3,0.1,1,0.05,1.79944,146,67959.5,91.50,,inf,PASS,-0.475,PASS
sf_-40c_3.30v,sf,-40,3.3,0.1,1,0.2,1.79944,146,68232.2,95.16,,inf,PASS,0.298,FAIL
sf_-40c_3.30v,sf,-40,3.3,0.1,1,0.5,1.79944,146,69836.5,102.52,,inf,PASS,5.584,FAIL
sf_-40c_3.30v,sf,-40,3.3,0.1,4.7,0.001,1.79944,146,12325,73.28,,inf,PASS,-0.6298,PASS
sf_-40c_3.30v,sf,-40,3.3,0.1,4.7,0.05,1.79944,146,12326.8,74.31,,inf,PASS,-0.6281,PASS
sf_-40c_3.30v,sf,-40,3.3,0.1,4.7,0.2,1.79944,146,12355.1,77.49,,inf,PASS,-0.6036,PASS
sf_-40c_3.30v,sf,-40,3.3,0.1,4.7,0.5,1.79944,146,12515.5,84.09,,inf,PASS,4.853,FAIL
sf_-40c_3.30v,sf,-40,3.3,1,0.33,0.001,1.79944,146.3,1.01275e+06,198.64,,inf,PASS,-3.701,PASS
sf_-40c_3.30v,sf,-40,3.3,1,0.33,0.05,1.79944,146.3,1.01374e+06,204.51,,inf,PASS,-3.647,PASS
sf_-40c_3.30v,sf,-40,3.3,1,0.33,0.2,1.79944,146.3,1.02819e+06,221.43,,inf,PASS,-2.89,PASS
sf_-40c_3.30v,sf,-40,3.3,1,0.33,0.5,1.79944,146.3,1.09356e+06,245.95,,inf,PASS,-1.899,PASS
sf_-40c_3.30v,sf,-40,3.3,1,1,0.001,1.79944,146.3,852659,195.58,,inf,PASS,-4.193,PASS
sf_-40c_3.30v,sf,-40,3.3,1,1,0.05,1.79944,146.3,856486,210.65,,inf,PASS,-3.852,PASS
sf_-40c_3.30v,sf,-40,3.3,1,1,0.2,1.79944,146.3,902960,246.52,,inf,PASS,-2.833,PASS
sf_-40c_3.30v,sf,-40,3.3,1,1,0.5,1.79944,146.3,1.03383e+06,271.09,,inf,PASS,-2.247,PASS
sf_-40c_3.30v,sf,-40,3.3,1,4.7,0.001,1.79944,146.3,114142,86.51,,inf,PASS,-0.4038,PASS
sf_-40c_3.30v,sf,-40,3.3,1,4.7,0.05,1.79944,146.3,116012,95.87,,inf,PASS,2.622,FAIL
sf_-40c_3.30v,sf,-40,3.3,1,4.7,0.2,1.79944,146.3,166906,126.34,,inf,PASS,12.16,FAIL
sf_-40c_3.30v,sf,-40,3.3,1,4.7,0.5,1.79944,146.3,1.02403e+06,284.51,,inf,PASS,-2.581,PASS
sf_-40c_3.30v,sf,-40,3.3,10,0.33,0.001,1.79943,144.9,1.33828e+06,191.42,,inf,PASS,-3.042,PASS
sf_-40c_3.30v,sf,-40,3.3,10,0.33,0.05,1.79943,144.9,1.34096e+06,199.11,,inf,PASS,-2.95,PASS
sf_-40c_3.30v,sf,-40,3.3,10,0.33,0.2,1.79943,144.9,1.3795e+06,220.13,,inf,PASS,-1.726,PASS
sf_-40c_3.30v,sf,-40,3.3,10,0.33,0.5,1.79943,144.9,1.53889e+06,244.95,,inf,PASS,-2.415,PASS
sf_-40c_3.30v,sf,-40,3.3,10,1,0.001,1.79943,144.9,1.0644e+06,196.71,,inf,PASS,-3.343,PASS
sf_-40c_3.30v,sf,-40,3.3,10,1,0.05,1.79943,144.9,1.07547e+06,214.83,,inf,PASS,-2.817,PASS
sf_-40c_3.30v,sf,-40,3.3,10,1,0.2,1.79943,144.9,1.19772e+06,250.39,,inf,PASS,-1.752,PASS
sf_-40c_3.30v,sf,-40,3.3,10,1,0.5,1.79943,144.9,1.47648e+06,266.01,,inf,PASS,-2.147,PASS
sf_-40c_3.30v,sf,-40,3.3,10,4.7,0.001,1.79943,144.9,828815,192.33,,inf,PASS,-3.186,PASS
sf_-40c_3.30v,sf,-40,3.3,10,4.7,0.05,1.79943,144.9,888860,248.04,,inf,PASS,-3.524,PASS
sf_-40c_3.30v,sf,-40,3.3,10,4.7,0.2,1.79943,144.9,1.14551e+06,276.52,,inf,PASS,-1.63,PASS
sf_-40c_3.30v,sf,-40,3.3,10,4.7,0.5,1.79943,144.9,1.46729e+06,275.68,,inf,PASS,-2.31,PASS
sf_-40c_3.30v,sf,-40,3.3,25,0.33,0.001,1.79943,143.2,1.45518e+06,188.64,,inf,PASS,-3.294,PASS
sf_-40c_3.30v,sf,-40,3.3,25,0.33,0.05,1.79943,143.2,1.45868e+06,196.99,,inf,PASS,-3.185,PASS
sf_-40c_3.30v,sf,-40,3.3,25,0.33,0.2,1.79943,143.2,1.50904e+06,219.37,,inf,PASS,-1.761,PASS
sf_-40c_3.30v,sf,-40,3.3,25,0.33,0.5,1.79943,143.2,1.70645e+06,244.00,,inf,PASS,-2.006,PASS
sf_-40c_3.30v,sf,-40,3.3,25,1,0.001,1.79943,143.2,1.14653e+06,194.86,,inf,PASS,-1.997,PASS
sf_-40c_3.30v,sf,-40,3.3,25,1,0.05,1.79943,143.2,1.16138e+06,214.21,,inf,PASS,-3.263,PASS
sf_-40c_3.30v,sf,-40,3.3,25,1,0.2,1.79943,143.2,1.3169e+06,249.92,,inf,PASS,-1.564,PASS
sf_-40c_3.30v,sf,-40,3.3,25,1,0.5,1.79943,143.2,1.6466e+06,263.49,,inf,PASS,-1.597,PASS
sf_-40c_3.30v,sf,-40,3.3,25,4.7,0.001,1.79943,143.2,870884,195.13,,inf,PASS,-2.617,PASS
sf_-40c_3.30v,sf,-40,3.3,25,4.7,0.05,1.79943,143.2,949221,250.43,,inf,PASS,-2.283,PASS
sf_-40c_3.30v,sf,-40,3.3,25,4.7,0.2,1.79943,143.2,1.265e+06,274.41,,inf,PASS,-2.742,PASS
sf_-40c_3.30v,sf,-40,3.3,25,4.7,0.5,1.79943,143.2,1.63832e+06,272.16,,inf,PASS,-1.732,PASS
sf_-40c_3.30v,sf,-40,3.3,50,0.33,0.001,1.79943,141.1,1.53869e+06,186.70,,inf,PASS,-2.897,PASS
sf_-40c_3.30v,sf,-40,3.3,50,0.33,0.05,1.79943,141.1,1.54276e+06,195.51,,inf,PASS,-2.779,PASS
sf_-40c_3.30v,sf,-40,3.3,50,0.33,0.2,1.79943,141.1,1.60232e+06,218.83,,inf,PASS,-2.86,PASS
sf_-40c_3.30v,sf,-40,3.3,50,0.33,0.5,1.79943,141.1,1.82714e+06,243.26,,inf,PASS,-2.698,PASS
sf_-40c_3.30v,sf,-40,3.3,50,1,0.001,1.79943,141.1,1.2065e+06,193.30,,inf,PASS,-3.596,PASS
sf_-40c_3.30v,sf,-40,3.3,50,1,0.05,1.79943,141.1,1.22421e+06,213.54,,inf,PASS,-2.919,PASS
sf_-40c_3.30v,sf,-40,3.3,50,1,0.2,1.79943,141.1,1.40533e+06,249.33,,inf,PASS,-2.392,PASS
sf_-40c_3.30v,sf,-40,3.3,50,1,0.5,1.79943,141.1,1.77014e+06,261.67,,inf,PASS,-2.159,PASS
sf_-40c_3.30v,sf,-40,3.3,50,4.7,0.001,1.79943,141.1,903410,195.68,,inf,PASS,-2.934,PASS
sf_-40c_3.30v,sf,-40,3.3,50,4.7,0.05,1.79943,141.1,996019,251.19,,inf,PASS,-2.036,PASS
sf_-40c_3.30v,sf,-40,3.3,50,4.7,0.2,1.79943,141.1,1.3541e+06,272.65,,inf,PASS,-2.009,PASS
sf_-40c_3.30v,sf,-40,3.3,50,4.7,0.5,1.79943,141.1,1.76218e+06,269.73,,inf,PASS,-2.271,PASS
sf_-40c_3.63v,sf,-40,3.63,0,0.33,0.001,1.79933,134,3635.96,38.91,810317,26.93,FAIL,-1.263,PASS
sf_-40c_3.63v,sf,-40,3.63,0,0.33,0.05,1.79933,134,3635.96,38.93,813650,26.10,FAIL,-1.263,PASS
sf_-40c_3.63v,sf,-40,3.63,0,0.33,0.2,1.79933,134,3635.96,39.00,823548,23.26,FAIL,-1.263,PASS
sf_-40c_3.63v,sf,-40,3.63,0,0.33,0.5,1.79933,134,3635.97,39.13,836222,20.32,FAIL,-1.263,PASS
sf_-40c_3.63v,sf,-40,3.63,0,1,0.001,1.79933,134,1931.91,23.00,810456,36.53,FAIL,-1.26,PASS
sf_-40c_3.63v,sf,-40,3.63,0,1,0.05,1.79933,134,1931.91,23.03,820444,33.84,FAIL,-1.26,PASS
sf_-40c_3.63v,sf,-40,3.63,0,1,0.2,1.79933,134,1931.92,23.13,838609,29.68,FAIL,-1.26,PASS
sf_-40c_3.63v,sf,-40,3.63,0,1,0.5,1.79933,134,1931.93,23.34,848422,26.05,FAIL,-1.26,PASS
sf_-40c_3.63v,sf,-40,3.63,0,4.7,0.001,1.79933,133.9,864.212,10.84,811218,49.78,FAIL,-0.9218,PASS
sf_-40c_3.63v,sf,-40,3.63,0,4.7,0.05,1.79933,133.9,864.212,10.91,840595,42.76,FAIL,-0.9218,PASS
sf_-40c_3.63v,sf,-40,3.63,0,4.7,0.2,1.79933,133.9,864.217,11.13,852418,35.27,FAIL,-0.9217,PASS
sf_-40c_3.63v,sf,-40,3.63,0,4.7,0.5,1.79933,133.9,864.247,11.57,855289,28.07,FAIL,-0.921,PASS
sf_-40c_3.63v,sf,-40,3.63,0.1,0.33,0.001,1.79933,143.9,269935,73.82,,inf,PASS,13.13,FAIL
sf_-40c_3.63v,sf,-40,3.63,0.1,0.33,0.05,1.79933,143.9,270065,75.38,,inf,PASS,13.16,FAIL
sf_-40c_3.63v,sf,-40,3.63,0.1,0.33,0.2,1.79933,143.9,272043,80.07,,inf,PASS,13.57,FAIL
sf_-40c_3.63v,sf,-40,3.63,0.1,0.33,0.5,1.79933,143.9,284466,89.20,,inf,PASS,15.37,FAIL
sf_-40c_3.63v,sf,-40,3.63,0.1,1,0.001,1.79933,143.9,76875.4,89.67,,inf,PASS,3.487,FAIL
sf_-40c_3.63v,sf,-40,3.63,0.1,1,0.05,1.79933,143.9,76901.4,91.02,,inf,PASS,3.749,FAIL
sf_-40c_3.63v,sf,-40,3.63,0.1,1,0.2,1.79933,143.9,77296,95.16,,inf,PASS,6.486,FAIL
sf_-40c_3.63v,sf,-40,3.63,0.1,1,0.5,1.79933,143.9,79601,103.46,,inf,PASS,12.07,FAIL
sf_-40c_3.63v,sf,-40,3.63,0.1,4.7,0.001,1.79933,143.9,13624.1,75.51,,inf,PASS,-0.5393,PASS
sf_-40c_3.63v,sf,-40,3.63,0.1,4.7,0.05,1.79933,143.9,13626.7,76.65,,inf,PASS,-0.5373,PASS
sf_-40c_3.63v,sf,-40,3.63,0.1,4.7,0.2,1.79933,143.9,13665.5,80.17,,inf,PASS,3.657,FAIL
sf_-40c_3.63v,sf,-40,3.63,0.1,4.7,0.5,1.79933,143.9,13892.2,87.50,,inf,PASS,11.45,FAIL
sf_-40c_3.63v,sf,-40,3.63,1,0.33,0.001,1.79933,144.5,1.10449e+06,201.42,,inf,PASS,-3.954,PASS
sf_-40c_3.63v,sf,-40,3.63,1,0.33,0.05,1.79933,144.5,1.10579e+06,207.80,,inf,PASS,-3.888,PASS
sf_-40c_3.63v,sf,-40,3.63,1,0.33,0.2,1.79933,144.5,1.12447e+06,225.88,,inf,PASS,-2.994,PASS
sf_-40c_3.63v,sf,-40,3.63,1,0.33,0.5,1.79933,144.5,1.20566e+06,250.47,,inf,PASS,-3.365,PASS
sf_-40c_3.63v,sf,-40,3.63,1,1,0.001,1.79933,144.5,932182,202.03,,inf,PASS,-4.441,PASS
sf_-40c_3.63v,sf,-40,3.63,1,1,0.05,1.79933,144.5,937085,218.24,,inf,PASS,-4.034,PASS
sf_-40c_3.63v,sf,-40,3.63,1,1,0.2,1.79933,144.5,994085,253.87,,inf,PASS,-2.596,PASS
sf_-40c_3.63v,sf,-40,3.63,1,1,0.5,1.79933,144.5,1.14724e+06,274.87,,inf,PASS,-1.756,PASS
sf_-40c_3.63v,sf,-40,3.63,1,4.7,0.001,1.79933,144.5,128492,85.32,,inf,PASS,2.949,FAIL
sf_-40c_3.63v,sf,-40,3.63,1,4.7,0.05,1.79933,144.5,131116,95.83,,inf,PASS,6.478,FAIL
sf_-40c_3.63v,sf,-40,3.63,1,4.7,0.2,1.79933,144.5,235348,130.80,,inf,PASS,16.18,FAIL
sf_-40c_3.63v,sf,-40,3.63,1,4.7,0.5,1.79933,144.5,1.13845e+06,287.12,,inf,PASS,-2.036,PASS
sf_-40c_3.63v,sf,-40,3.63,10,0.33,0.001,1.79933,143.7,1.46038e+06,192.29,,inf,PASS,-3.234,PASS
sf_-40c_3.63v,sf,-40,3.63,10,0.33,0.05,1.79933,143.7,1.4639e+06,200.66,,inf,PASS,-3.123,PASS
sf_-40c_3.63v,sf,-40,3.63,10,0.33,0.2,1.79933,143.7,1.51345e+06,223.06,,inf,PASS,-1.692,PASS
sf_-40c_3.63v,sf,-40,3.63,10,0.33,0.5,1.79933,143.7,1.70831e+06,247.49,,inf,PASS,-2.004,PASS
sf_-40c_3.63v,sf,-40,3.63,10,1,0.001,1.79933,143.7,1.16228e+06,198.74,,inf,PASS,-3.527,PASS
sf_-40c_3.63v,sf,-40,3.63,10,1,0.05,1.79933,143.7,1.17669e+06,218.32,,inf,PASS,-2.901,PASS
sf_-40c_3.63v,sf,-40,3.63,10,1,0.2,1.79933,143.7,1.32785e+06,253.90,,inf,PASS,-2.907,PASS
sf_-40c_3.63v,sf,-40,3.63,10,1,0.5,1.79933,143.7,1.64955e+06,267.07,,inf,PASS,-1.573,PASS
sf_-40c_3.63v,sf,-40,3.63,10,4.7,0.001,1.79933,143.7,907871,199.03,,inf,PASS,-3.334,PASS
sf_-40c_3.63v,sf,-40,3.63,10,4.7,0.05,1.79933,143.7,981463,255.24,,inf,PASS,-3.155,PASS
sf_-40c_3.63v,sf,-40,3.63,10,4.7,0.2,1.79933,143.7,1.2788e+06,278.29,,inf,PASS,-2.531,PASS
sf_-40c_3.63v,sf,-40,3.63,10,4.7,0.5,1.79933,143.7,1.64147e+06,275.75,,inf,PASS,-1.709,PASS
sf_-40c_3.63v,sf,-40,3.63,25,0.33,0.001,1.79933,142.4,1.58857e+06,189.20,,inf,PASS,-3.467,PASS
sf_-40c_3.63v,sf,-40,3.63,25,0.33,0.05,1.79933,142.4,1.5932e+06,198.29,,inf,PASS,-3.335,PASS
sf_-40c_3.63v,sf,-40,3.63,25,0.33,0.2,1.79933,142.4,1.65785e+06,222.10,,inf,PASS,-1.676,PASS
sf_-40c_3.63v,sf,-40,3.63,25,0.33,0.5,1.79933,142.4,1.89758e+06,246.16,,inf,PASS,-1.551,PASS
sf_-40c_3.63v,sf,-40,3.63,25,1,0.001,1.79933,142.4,1.25267e+06,196.31,,inf,PASS,-2.156,PASS
sf_-40c_3.63v,sf,-40,3.63,25,1,0.05,1.79933,142.4,1.27168e+06,217.23,,inf,PASS,-3.306,PASS
sf_-40c_3.63v,sf,-40,3.63,25,1,0.2,1.79933,142.4,1.46355e+06,252.83,,inf,PASS,-2.601,PASS
sf_-40c_3.63v,sf,-40,3.63,25,1,0.5,1.79933,142.4,1.84249e+06,264.13,,inf,PASS,-2.35,PASS
sf_-40c_3.63v,sf,-40,3.63,25,4.7,0.001,1.79933,142.4,953291,199.87,,inf,PASS,-2.753,PASS
sf_-40c_3.63v,sf,-40,3.63,25,4.7,0.05,1.79933,142.4,1.04992e+06,256.10,,inf,PASS,-3.73,PASS
sf_-40c_3.63v,sf,-40,3.63,25,4.7,0.2,1.79933,142.4,1.41497e+06,275.49,,inf,PASS,-2.117,PASS
sf_-40c_3.63v,sf,-40,3.63,25,4.7,0.5,1.79933,142.4,1.83484e+06,271.90,,inf,PASS,-2.453,PASS
sf_-40c_3.63v,sf,-40,3.63,50,0.33,0.001,1.79933,140.8,1.68109e+06,187.08,,inf,PASS,-3.039,PASS
sf_-40c_3.63v,sf,-40,3.63,50,0.33,0.05,1.79933,140.8,1.6865e+06,196.69,,inf,PASS,-2.896,PASS
sf_-40c_3.63v,sf,-40,3.63,50,0.33,0.2,1.79933,140.8,1.76313e+06,221.46,,inf,PASS,-2.714,PASS
sf_-40c_3.63v,sf,-40,3.63,50,0.33,0.5,1.79933,140.8,2.03622e+06,245.17,,inf,PASS,-2.193,PASS
sf_-40c_3.63v,sf,-40,3.63,50,1,0.001,1.79933,140.8,1.31888e+06,194.45,,inf,PASS,-3.724,PASS
sf_-40c_3.63v,sf,-40,3.63,50,1,0.05,1.79933,140.8,1.34195e+06,216.34,,inf,PASS,-2.919,PASS
sf_-40c_3.63v,sf,-40,3.63,50,1,0.2,1.79933,140.8,1.56442e+06,251.92,,inf,PASS,-1.888,PASS
sf_-40c_3.63v,sf,-40,3.63,50,1,0.5,1.79933,140.8,1.98298e+06,262.09,,inf,PASS,-1.53,PASS
sf_-40c_3.63v,sf,-40,3.63,50,4.7,0.001,1.79933,140.8,989181,199.53,,inf,PASS,-3.036,PASS
sf_-40c_3.63v,sf,-40,3.63,50,4.7,0.05,1.79933,140.8,1.10428e+06,256.10,,inf,PASS,-3.327,PASS
sf_-40c_3.63v,sf,-40,3.63,50,4.7,0.2,1.79933,140.8,1.51643e+06,273.38,,inf,PASS,-2.739,PASS
sf_-40c_3.63v,sf,-40,3.63,50,4.7,0.5,1.79933,140.8,1.97605e+06,269.29,,inf,PASS,-1.623,PASS
sf_27c_2.97v,sf,27,2.97,0,0.33,0.001,1.79938,134,2444.44,26.66,,inf,FAIL,-1.149,PASS
sf_27c_2.97v,sf,27,2.97,0,0.33,0.05,1.79938,134,2444.44,26.68,,inf,FAIL,-1.149,PASS
sf_27c_2.97v,sf,27,2.97,0,0.33,0.2,1.79938,134,2444.44,26.72,,inf,FAIL,-1.149,PASS
sf_27c_2.97v,sf,27,2.97,0,0.33,0.5,1.79938,134,2444.44,26.81,,inf,FAIL,-1.149,PASS
sf_27c_2.97v,sf,27,2.97,0,1,0.001,1.79938,134,1355.52,15.52,,inf,FAIL,-1.081,PASS
sf_27c_2.97v,sf,27,2.97,0,1,0.05,1.79938,134,1355.52,15.55,,inf,FAIL,-1.081,PASS
sf_27c_2.97v,sf,27,2.97,0,1,0.2,1.79938,134,1355.52,15.62,,inf,FAIL,-1.08,PASS
sf_27c_2.97v,sf,27,2.97,0,1,0.5,1.79938,134,1355.52,15.77,,inf,FAIL,-1.08,PASS
sf_27c_2.97v,sf,27,2.97,0,4.7,0.001,1.79938,133.9,616.754,7.29,,inf,FAIL,-1.191,PASS
sf_27c_2.97v,sf,27,2.97,0,4.7,0.05,1.79938,133.9,616.754,7.35,,inf,FAIL,-1.191,PASS
sf_27c_2.97v,sf,27,2.97,0,4.7,0.2,1.79938,133.9,616.756,7.50,,inf,FAIL,-1.191,PASS
sf_27c_2.97v,sf,27,2.97,0,4.7,0.5,1.79938,133.9,616.767,7.82,,inf,FAIL,-1.19,PASS
sf_27c_2.97v,sf,27,2.97,0.1,0.33,0.001,1.79938,145.2,137412,84.01,,inf,PASS,0.3195,FAIL
sf_27c_2.97v,sf,27,2.97,0.1,0.33,0.05,1.79938,145.2,137427,84.81,,inf,PASS,0.3378,FAIL
sf_27c_2.97v,sf,27,2.97,0.1,0.33,0.2,1.79938,145.2,137660,87.24,,inf,PASS,0.6063,FAIL
sf_27c_2.97v,sf,27,2.97,0.1,0.33,0.5,1.79938,145.2,139033,92.06,,inf,PASS,1.865,FAIL
sf_27c_2.97v,sf,27,2.97,0.1,1,0.001,1.79938,145.2,37605.1,89.47,,inf,PASS,-0.4178,PASS
sf_27c_2.97v,sf,27,2.97,0.1,1,0.05,1.79938,145.2,37608.1,90.14,,inf,PASS,-0.4172,PASS
sf_27c_2.97v,sf,27,2.97,0.1,1,0.2,1.79938,145.2,37653.9,92.18,,inf,PASS,-0.407,PASS
sf_27c_2.97v,sf,27,2.97,0.1,1,0.5,1.79938,145.2,37914.2,96.31,,inf,PASS,-0.3506,PASS
sf_27c_2.97v,sf,27,2.97,0.1,4.7,0.001,1.79938,145.2,8143.05,61.05,,inf,PASS,-0.7302,PASS
sf_27c_2.97v,sf,27,2.97,0.1,4.7,0.05,1.79938,145.2,8143.51,61.72,,inf,PASS,-0.7295,PASS
sf_27c_2.97v,sf,27,2.97,0.1,4.7,0.2,1.79938,145.2,8150.48,63.82,,inf,PASS,-0.7188,PASS
sf_27c_2.97v,sf,27,2.97,0.1,4.7,0.5,1.79938,145.2,8189.82,68.09,,inf,PASS,-0.6591,PASS
sf_27c_2.97v,sf,27,2.97,1,0.33,0.001,1.79938,145.4,832244,194.49,,inf,PASS,-4.367,PASS
sf_27c_2.97v,sf,27,2.97,1,0.33,0.05,1.79938,145.4,832785,199.33,,inf,PASS,-4.33,PASS
sf_27c_2.97v,sf,27,2.97,1,0.33,0.2,1.79938,145.4,840834,213.74,,inf,PASS,-3.791,PASS
sf_27c_2.97v,sf,27,2.97,1,0.33,0.5,1.79938,145.4,878365,237.30,,inf,PASS,-3.465,PASS
sf_27c_2.97v,sf,27,2.97,1,1,0.001,1.79938,145.4,704323,180.73,,inf,PASS,-4.635,PASS
sf_27c_2.97v,sf,27,2.97,1,1,0.05,1.79938,145.4,706576,193.56,,inf,PASS,-4.396,PASS
sf_27c_2.97v,sf,27,2.97,1,1,0.2,1.79938,145.4,734498,229.63,,inf,PASS,-4.209,PASS
sf_27c_2.97v,sf,27,2.97,1,1,0.5,1.79938,145.4,819396,262.60,,inf,PASS,-2.577,PASS
sf_27c_2.97v,sf,27,2.97,1,4.7,0.001,1.79938,145.4,67441,90.12,,inf,PASS,-0.5298,PASS
sf_27c_2.97v,sf,27,2.97,1,4.7,0.05,1.79938,145.4,67838.3,95.71,,inf,PASS,-0.4806,PASS
sf_27c_2.97v,sf,27,2.97,1,4.7,0.2,1.79938,145.4,74901.3,113.36,,inf,PASS,4.975,FAIL
sf_27c_2.97v,sf,27,2.97,1,4.7,0.5,1.79938,145.4,808498,278.61,,inf,PASS,-3.095,PASS
sf_27c_2.97v,sf,27,2.97,10,0.33,0.001,1.79938,143.6,1.09997e+06,191.11,,inf,PASS,-3.518,PASS
sf_27c_2.97v,sf,27,2.97,10,0.33,0.05,1.79938,143.6,1.10144e+06,197.46,,inf,PASS,-3.455,PASS
sf_27c_2.97v,sf,27,2.97,10,0.33,0.2,1.79938,143.6,1.12357e+06,215.47,,inf,PASS,-2.569,PASS
sf_27c_2.97v,sf,27,2.97,10,0.33,0.5,1.79938,143.6,1.22121e+06,240.15,,inf,PASS,-2.536,PASS
sf_27c_2.97v,sf,27,2.97,10,1,0.001,1.79938,143.6,877644,193.51,,inf,PASS,-3.771,PASS
sf_27c_2.97v,sf,27,2.97,10,1,0.05,1.79938,143.6,883874,208.72,,inf,PASS,-3.401,PASS
sf_27c_2.97v,sf,27,2.97,10,1,0.2,1.79938,143.6,957236,243.25,,inf,PASS,-3.287,PASS
sf_27c_2.97v,sf,27,2.97,10,1,0.5,1.79938,143.6,1.15153e+06,264.30,,inf,PASS,-2.757,PASS
sf_27c_2.97v,sf,27,2.97,10,4.7,0.001,1.79938,143.6,683521,175.07,,inf,PASS,-3.528,PASS
sf_27c_2.97v,sf,27,2.97,10,4.7,0.05,1.79938,143.6,721590,230.38,,inf,PASS,-2.626,PASS
sf_27c_2.97v,sf,27,2.97,10,4.7,0.2,1.79938,143.6,901473,272.51,,inf,PASS,-2.068,PASS
sf_27c_2.97v,sf,27,2.97,10,4.7,0.5,1.79938,143.6,1.1404e+06,276.52,,inf,PASS,-1.624,PASS
sf_27c_2.97v,sf,27,2.97,25,0.33,0.001,1.79938,141.3,1.19565e+06,188.78,,inf,PASS,-2.004,PASS
sf_27c_2.97v,sf,27,2.97,25,0.33,0.05,1.79938,141.3,1.19746e+06,195.67,,inf,PASS,-1.937,PASS
sf_27c_2.97v,sf,27,2.97,25,0.33,0.2,1.79938,141.3,1.2262e+06,214.93,,inf,PASS,-2.66,PASS
sf_27c_2.97v,sf,27,2.97,25,0.33,0.5,1.79938,141.3,1.34926e+06,239.83,,inf,PASS,-2.216,PASS
sf_27c_2.97v,sf,27,2.97,25,1,0.001,1.79938,141.3,944295,192.80,,inf,PASS,-2.447,PASS
sf_27c_2.97v,sf,27,2.97,25,1,0.05,1.79938,141.3,952114,209.07,,inf,PASS,-2.045,PASS
sf_27c_2.97v,sf,27,2.97,25,1,0.2,1.79938,141.3,1.04684e+06,243.94,,inf,PASS,-1.613,PASS
sf_27c_2.97v,sf,27,2.97,25,1,0.5,1.79938,141.3,1.28121e+06,262.64,,inf,PASS,-2.242,PASS
sf_27c_2.97v,sf,27,2.97,25,4.7,0.001,1.79938,141.3,719465,183.56,,inf,PASS,-2.982,PASS
sf_27c_2.97v,sf,27,2.97,25,4.7,0.05,1.79938,141.3,767351,236.83,,inf,PASS,-3.696,PASS
sf_27c_2.97v,sf,27,2.97,25,4.7,0.2,1.79938,141.3,989467,272.17,,inf,PASS,-1.875,PASS
sf_27c_2.97v,sf,27,2.97,25,4.7,0.5,1.79938,141.3,1.27053e+06,273.68,,inf,PASS,-2.455,PASS
sf_27c_2.97v,sf,27,2.97,50,0.33,0.001,1.79938,138.5,1.26171e+06,187.15,,inf,PASS,-3.434,PASS
sf_27c_2.97v,sf,27,2.97,50,0.33,0.05,1.79938,138.5,1.2639e+06,194.41,,inf,PASS,-3.355,PASS
sf_27c_2.97v,sf,27,2.97,50,0.33,0.2,1.79938,138.5,1.29765e+06,214.50,,inf,PASS,-2.239,PASS
sf_27c_2.97v,sf,27,2.97,50,0.33,0.5,1.79938,138.5,1.43877e+06,239.48,,inf,PASS,-1.603,PASS
sf_27c_2.97v,sf,27,2.97,50,1,0.001,1.79938,138.5,991282,191.87,,inf,PASS,-2.271,PASS
sf_27c_2.97v,sf,27,2.97,50,1,0.05,1.79938,138.5,1.00058e+06,208.85,,inf,PASS,-3.651,PASS
sf_27c_2.97v,sf,27,2.97,50,1,0.2,1.79938,138.5,1.11158e+06,243.98,,inf,PASS,-2.631,PASS
sf_27c_2.97v,sf,27,2.97,50,1,0.5,1.79938,138.5,1.37236e+06,261.31,,inf,PASS,-1.538,PASS
sf_27c_2.97v,sf,27,2.97,50,4.7,0.001,1.79938,138.5,745071,186.52,,inf,PASS,-3.388,PASS
sf_27c_2.97v,sf,27,2.97,50,4.7,0.05,1.79938,138.5,800903,239.51,,inf,PASS,-3.578,PASS
sf_27c_2.97v,sf,27,2.97,50,4.7,0.2,1.79938,138.5,1.05355e+06,271.32,,inf,PASS,-2.711,PASS
sf_27c_2.97v,sf,27,2.97,50,4.7,0.5,1.79938,138.5,1.36251e+06,271.62,,inf,PASS,-1.732,PASS
sf_27c_3.30v,sf,27,3.3,0,0.33,0.001,1.79933,132.6,2607.84,28.21,,inf,FAIL,-0.8471,PASS
sf_27c_3.30v,sf,27,3.3,0,0.33,0.05,1.79933,132.6,2607.84,28.23,,inf,FAIL,-0.8471,PASS
sf_27c_3.30v,sf,27,3.3,0,0.33,0.2,1.79933,132.6,2607.84,28.27,,inf,FAIL,-0.8471,PASS
sf_27c_3.30v,sf,27,3.3,0,0.33,0.5,1.79933,132.6,2607.84,28.37,,inf,FAIL,-0.8471,PASS
sf_27c_3.30v,sf,27,3.3,0,1,0.001,1.79933,132.6,1439.75,16.45,,inf,FAIL,-0.8358,PASS
sf_27c_3.30v,sf,27,3.3,0,1,0.05,1.79933,132.6,1439.75,16.48,,inf,FAIL,-0.8358,PASS
sf_27c_3.30v,sf,27,3.3,0,1,0.2,1.79933,132.6,1439.75,16.56,,inf,FAIL,-0.8358,PASS
sf_27c_3.30v,sf,27,3.3,0,1,0.5,1.79933,132.6,1439.75,16.71,,inf,FAIL,-0.8358,PASS
sf_27c_3.30v,sf,27,3.3,0,4.7,0.001,1.79933,132.5,654.034,7.76,,inf,FAIL,-0.9707,PASS
sf_27c_3.30v,sf,27,3.3,0,4.7,0.05,1.79933,132.5,654.034,7.81,,inf,FAIL,-0.9707,PASS
sf_27c_3.30v,sf,27,3.3,0,4.7,0.2,1.79933,132.5,654.036,7.98,,inf,FAIL,-0.9706,PASS
sf_27c_3.30v,sf,27,3.3,0,4.7,0.5,1.79933,132.5,654.049,8.31,,inf,FAIL,-0.9702,PASS
sf_27c_3.30v,sf,27,3.3,0.1,0.33,0.001,1.79933,144.5,156429,82.54,,inf,PASS,3.227,FAIL
sf_27c_3.30v,sf,27,3.3,0.1,0.33,0.05,1.79933,144.5,156452,83.45,,inf,PASS,3.249,FAIL
sf_27c_3.30v,sf,27,3.3,0.1,0.33,0.2,1.79933,144.5,156798,86.21,,inf,PASS,3.57,FAIL
sf_27c_3.30v,sf,27,3.3,0.1,0.33,0.5,1.79933,144.5,158781,91.67,,inf,PASS,5.027,FAIL
sf_27c_3.30v,sf,27,3.3,0.1,1,0.001,1.79933,144.5,43384.6,90.24,,inf,PASS,-0.3791,PASS
sf_27c_3.30v,sf,27,3.3,0.1,1,0.05,1.79933,144.5,43389.2,91.00,,inf,PASS,-0.3782,PASS
sf_27c_3.30v,sf,27,3.3,0.1,1,0.2,1.79933,144.5,43460.2,93.35,,inf,PASS,-0.3648,PASS
sf_27c_3.30v,sf,27,3.3,0.1,1,0.5,1.79933,144.5,43874.5,98.11,,inf,PASS,1.168,FAIL
sf_27c_3.30v,sf,27,3.3,0.1,4.7,0.001,1.79933,144.5,8975.6,63.78,,inf,PASS,-0.6517,PASS
sf_27c_3.30v,sf,27,3.3,0.1,4.7,0.05,1.79933,144.5,8976.23,64.53,,inf,PASS,-0.6509,PASS
sf_27c_3.30v,sf,27,3.3,0.1,4.7,0.2,1.79933,144.5,8985.83,66.84,,inf,PASS,-0.638,PASS
sf_27c_3.30v,sf,27,3.3,0.1,4.7,0.5,1.79933,144.5,9040.04,71.57,,inf,PASS,0.3735,FAIL
sf_27c_3.30v,sf,27,3.3,1,0.33,0.001,1.79932,145.1,916836,197.48,,inf,PASS,-4.195,PASS
sf_27c_3.30v,sf,27,3.3,1,0.33,0.05,1.79932,145.1,917549,202.81,,inf,PASS,-4.15,PASS
sf_27c_3.30v,sf,27,3.3,1,0.33,0.2,1.79932,145.1,928029,218.44,,inf,PASS,-3.51,PASS
sf_27c_3.30v,sf,27,3.3,1,0.33,0.5,1.79932,145.1,976244,242.64,,inf,PASS,-2.895,PASS
sf_27c_3.30v,sf,27,3.3,1,1,0.001,1.79932,145.1,779877,188.42,,inf,PASS,-4.268,PASS
sf_27c_3.30v,sf,27,3.3,1,1,0.05,1.79932,145.1,782628,202.49,,inf,PASS,-3.983,PASS
sf_27c_3.30v,sf,27,3.3,1,1,0.2,1.79932,145.1,817140,238.97,,inf,PASS,-3.511,PASS
sf_27c_3.30v,sf,27,3.3,1,1,0.5,1.79932,145.1,917792,268.17,,inf,PASS,-3.471,PASS
sf_27c_3.30v,sf,27,3.3,1,4.7,0.001,1.79932,145.1,77722.1,89.51,,inf,PASS,-0.5112,PASS
sf_27c_3.30v,sf,27,3.3,1,4.7,0.05,1.79932,145.1,78319.2,95.93,,inf,PASS,-0.4464,PASS
sf_27c_3.30v,sf,27,3.3,1,4.7,0.2,1.79932,145.1,89597,116.30,,inf,PASS,7.814,FAIL
sf_27c_3.30v,sf,27,3.3,1,4.7,0.5,1.79932,145.1,907692,282.92,,inf,PASS,-2.103,PASS
sf_27c_3.30v,sf,27,3.3,10,0.33,0.001,1.79932,143.8,1.21259e+06,191.92,,inf,PASS,-3.321,PASS
sf_27c_3.30v,sf,27,3.3,10,0.33,0.05,1.79932,143.8,1.21457e+06,198.91,,inf,PASS,-3.245,PASS
sf_27c_3.30v,sf,27,3.3,10,0.33,0.2,1.79932,143.8,1.24362e+06,218.39,,inf,PASS,-2.201,PASS
sf_27c_3.30v,sf,27,3.3,10,0.33,0.5,1.79932,143.8,1.36772e+06,243.29,,inf,PASS,-1.814,PASS
sf_27c_3.30v,sf,27,3.3,10,1,0.001,1.79932,143.8,968296,195.60,,inf,PASS,-3.526,PASS
sf_27c_3.30v,sf,27,3.3,10,1,0.05,1.79932,143.8,976505,212.26,,inf,PASS,-3.084,PASS
sf_27c_3.30v,sf,27,3.3,10,1,0.2,1.79932,143.8,1.0708e+06,247.57,,inf,PASS,-2.542,PASS
sf_27c_3.30v,sf,27,3.3,10,1,0.5,1.79932,143.8,1.30192e+06,266.00,,inf,PASS,-1.81,PASS
sf_27c_3.30v,sf,27,3.3,10,4.7,0.001,1.79932,143.8,759024,183.66,,inf,PASS,-5.708,PASS
sf_27c_3.30v,sf,27,3.3,10,4.7,0.05,1.79932,143.8,806054,239.70,,inf,PASS,-4.004,PASS
sf_27c_3.30v,sf,27,3.3,10,4.7,0.2,1.79932,143.8,1.0172e+06,275.37,,inf,PASS,-2.624,PASS
sf_27c_3.30v,sf,27,3.3,10,4.7,0.5,1.79932,143.8,1.2919e+06,276.90,,inf,PASS,-2.023,PASS
sf_27c_3.30v,sf,27,3.3,25,0.33,0.001,1.79932,142,1.31919e+06,189.27,,inf,PASS,-3.537,PASS
sf_27c_3.30v,sf,27,3.3,25,0.33,0.05,1.79932,142,1.32179e+06,196.85,,inf,PASS,-3.446,PASS
sf_27c_3.30v,sf,27,3.3,25,0.33,0.2,1.79932,142,1.36e+06,217.66,,inf,PASS,-2.227,PASS
sf_27c_3.30v,sf,27,3.3,25,0.33,0.5,1.79932,142,1.5155e+06,242.58,,inf,PASS,-2.865,PASS
sf_27c_3.30v,sf,27,3.3,25,1,0.001,1.79932,142,1.04246e+06,194.30,,inf,PASS,-2.163,PASS
sf_27c_3.30v,sf,27,3.3,25,1,0.05,1.79932,142,1.05327e+06,212.09,,inf,PASS,-3.55,PASS
sf_27c_3.30v,sf,27,3.3,25,1,0.2,1.79932,142,1.17487e+06,247.63,,inf,PASS,-2.365,PASS
sf_27c_3.30v,sf,27,3.3,25,1,0.5,1.79932,142,1.45183e+06,263.79,,inf,PASS,-2.613,PASS
sf_27c_3.30v,sf,27,3.3,25,4.7,0.001,1.79932,142,797223,189.15,,inf,PASS,-4.974,PASS
sf_27c_3.30v,sf,27,3.3,25,4.7,0.05,1.79932,142,857935,244.12,,inf,PASS,-2.822,PASS
sf_27c_3.30v,sf,27,3.3,25,4.7,0.2,1.79932,142,1.12031e+06,274.04,,inf,PASS,-2.298,PASS
sf_27c_3.30v,sf,27,3.3,25,4.7,0.5,1.79932,142,1.44236e+06,273.59,,inf,PASS,-1.426,PASS
sf_27c_3.30v,sf,27,3.3,50,0.33,0.001,1.79932,139.8,1.39432e+06,187.41,,inf,PASS,-3.151,PASS
sf_27c_3.30v,sf,27,3.3,50,0.33,0.05,1.79932,139.8,1.39734e+06,195.42,,inf,PASS,-3.053,PASS
sf_27c_3.30v,sf,27,3.3,50,0.33,0.2,1.79932,139.8,1.44187e+06,217.13,,inf,PASS,-1.74,PASS
sf_27c_3.30v,sf,27,3.3,50,0.33,0.5,1.79932,139.8,1.62129e+06,241.98,,inf,PASS,-2.171,PASS
sf_27c_3.30v,sf,27,3.3,50,1,0.001,1.79932,139.8,1.09566e+06,193.03,,inf,PASS,-1.94,PASS
sf_27c_3.30v,sf,27,3.3,50,1,0.05,1.79932,139.8,1.10884e+06,211.61,,inf,PASS,-3.237,PASS
sf_27c_3.30v,sf,27,3.3,50,1,0.2,1.79932,139.8,1.25041e+06,247.33,,inf,PASS,-1.753,PASS
sf_27c_3.30v,sf,27,3.3,50,1,0.5,1.79932,139.8,1.55938e+06,262.14,,inf,PASS,-1.842,PASS
sf_27c_3.30v,sf,27,3.3,50,4.7,0.001,1.79932,139.8,825618,190.97,,inf,PASS,-2.898,PASS
sf_27c_3.30v,sf,27,3.3,50,4.7,0.05,1.79932,139.8,897435,245.84,,inf,PASS,-2.658,PASS
sf_27c_3.30v,sf,27,3.3,50,4.7,0.2,1.79932,139.8,1.19606e+06,272.68,,inf,PASS,-1.612,PASS
sf_27c_3.30v,sf,27,3.3,50,4.7,0.5,1.79932,139.8,1.55054e+06,271.26,,inf,PASS,-1.99,PASS
sf_27c_3.63v,sf,27,3.63,0,0.33,0.001,1.79918,128.3,2760.28,29.64,770565,30.48,FAIL,-1.369,PASS
sf_27c_3.63v,sf,27,3.63,0,0.33,0.05,1.79918,128.3,2760.28,29.65,772821,29.82,FAIL,-1.369,PASS
sf_27c_3.63v,sf,27,3.63,0,0.33,0.2,1.79918,128.3,2760.28,29.70,779523,27.53,FAIL,-1.369,PASS
sf_27c_3.63v,sf,27,3.63,0,0.33,0.5,1.79918,128.3,2760.29,29.80,790286,22.71,FAIL,-1.369,PASS
sf_27c_3.63v,sf,27,3.63,0,1,0.001,1.79918,128.3,1517.68,17.35,770658,40.08,FAIL,-1.484,PASS
sf_27c_3.63v,sf,27,3.63,0,1,0.05,1.79918,128.3,1517.68,17.37,777418,37.93,FAIL,-1.484,PASS
sf_27c_3.63v,sf,27,3.63,0,1,0.2,1.79918,128.3,1517.68,17.46,793090,30.78,FAIL,-1.484,PASS
sf_27c_3.63v,sf,27,3.63,0,1,0.5,1.79918,128.3,1517.69,17.62,804244,27.82,FAIL,-1.484,PASS
sf_27c_3.63v,sf,27,3.63,0,4.7,0.001,1.79918,128.1,688.27,8.27,771175,53.38,FAIL,-0.883,PASS
sf_27c_3.63v,sf,27,3.63,0,4.7,0.05,1.79918,128.1,688.27,8.33,795375,43.43,FAIL,-0.883,PASS
sf_27c_3.63v,sf,27,3.63,0,4.7,0.2,1.79918,128.1,688.273,8.50,808850,37.61,FAIL,-0.8829,PASS
sf_27c_3.63v,sf,27,3.63,0,4.7,0.5,1.79918,128.1,688.288,8.85,812178,30.80,FAIL,-0.8825,PASS
sf_27c_3.63v,sf,27,3.63,0.1,0.33,0.001,1.79918,141.2,174810,81.02,,inf,PASS,7.927,FAIL
sf_27c_3.63v,sf,27,3.63,0.1,0.33,0.05,1.79918,141.2,174843,82.04,,inf,PASS,7.954,FAIL
sf_27c_3.63v,sf,27,3.63,0.1,0.33,0.2,1.79918,141.2,175339,85.12,,inf,PASS,8.335,FAIL
sf_27c_3.63v,sf,27,3.63,0.1,0.33,0.5,1.79918,141.2,178178,91.20,,inf,PASS,10.01,FAIL
sf_27c_3.63v,sf,27,3.63,0.1,1,0.001,1.79918,141.2,49172.1,90.54,,inf,PASS,-0.4742,PASS
sf_27c_3.63v,sf,27,3.63,0.1,1,0.05,1.79918,141.2,49178.9,91.41,,inf,PASS,-0.4731,PASS
sf_27c_3.63v,sf,27,3.63,0.1,1,0.2,1.79918,141.2,49284,94.07,,inf,PASS,1.097,FAIL
sf_27c_3.63v,sf,27,3.63,0.1,1,0.5,1.79918,141.2,49883,99.45,,inf,PASS,6.533,FAIL
sf_27c_3.63v,sf,27,3.63,0.1,4.7,0.001,1.79918,141.2,9797.95,66.15,,inf,PASS,-0.6779,PASS
sf_27c_3.63v,sf,27,3.63,0.1,4.7,0.05,1.79918,141.2,9798.8,66.97,,inf,PASS,-0.6769,PASS
sf_27c_3.63v,sf,27,3.63,0.1,4.7,0.2,1.79918,141.2,9811.75,69.49,,inf,PASS,-0.6614,PASS
sf_27c_3.63v,sf,27,3.63,0.1,4.7,0.5,1.79918,141.2,9884.97,74.68,,inf,PASS,5.861,FAIL
sf_27c_3.63v,sf,27,3.63,1,0.33,0.001,1.79918,142.4,997993,200.80,,inf,PASS,-2.392,PASS
sf_27c_3.63v,sf,27,3.63,1,0.33,0.05,1.79918,142.4,998824,206.59,,inf,PASS,-2.343,PASS
sf_27c_3.63v,sf,27,3.63,1,0.33,0.2,1.79918,142.4,1.01221e+06,223.30,,inf,PASS,-3.741,PASS
sf_27c_3.63v,sf,27,3.63,1,0.33,0.5,1.79918,142.4,1.07202e+06,247.73,,inf,PASS,-2.798,PASS
sf_27c_3.63v,sf,27,3.63,1,1,0.001,1.79918,142.4,852539,196.41,,inf,PASS,-4.618,PASS
sf_27c_3.63v,sf,27,3.63,1,1,0.05,1.79918,142.4,855954,211.53,,inf,PASS,-4.277,PASS
sf_27c_3.63v,sf,27,3.63,1,1,0.2,1.79918,142.4,897461,247.79,,inf,PASS,-3.421,PASS
sf_27c_3.63v,sf,27,3.63,1,1,0.5,1.79918,142.4,1.01509e+06,273.02,,inf,PASS,-3.097,PASS
sf_27c_3.63v,sf,27,3.63,1,4.7,0.001,1.79918,142.4,87710.6,88.76,,inf,PASS,-0.6507,PASS
sf_27c_3.63v,sf,27,3.63,1,4.7,0.05,1.79918,142.4,88571,95.99,,inf,PASS,2.133,FAIL
sf_27c_3.63v,sf,27,3.63,1,4.7,0.2,1.79918,142.4,105662,119.02,,inf,PASS,11.67,FAIL
sf_27c_3.63v,sf,27,3.63,1,4.7,0.5,1.79918,142.4,1.00539e+06,286.67,,inf,PASS,-3.431,PASS
sf_27c_3.63v,sf,27,3.63,10,0.33,0.001,1.79918,142,1.31972e+06,192.86,,inf,PASS,-3.614,PASS
sf_27c_3.63v,sf,27,3.63,10,0.33,0.05,1.79918,142,1.32232e+06,200.45,,inf,PASS,-3.521,PASS
sf_27c_3.63v,sf,27,3.63,10,0.33,0.2,1.79918,142,1.35965e+06,221.24,,inf,PASS,-2.295,PASS
sf_27c_3.63v,sf,27,3.63,10,0.33,0.5,1.79918,142,1.51127e+06,246.04,,inf,PASS,-1.539,PASS
sf_27c_3.63v,sf,27,3.63,10,1,0.001,1.79918,142,1.05462e+06,197.80,,inf,PASS,-3.824,PASS
sf_27c_3.63v,sf,27,3.63,10,1,0.05,1.79918,142,1.06528e+06,215.78,,inf,PASS,-3.297,PASS
sf_27c_3.63v,sf,27,3.63,10,1,0.2,1.79918,142,1.18164e+06,251.41,,inf,PASS,-2.278,PASS
sf_27c_3.63v,sf,27,3.63,10,1,0.5,1.79918,142,1.44892e+06,267.39,,inf,PASS,-2.733,PASS
sf_27c_3.63v,sf,27,3.63,10,4.7,0.001,1.79918,142,830845,191.24,,inf,PASS,-3.212,PASS
sf_27c_3.63v,sf,27,3.63,10,4.7,0.05,1.79918,142,887447,247.92,,inf,PASS,-3.794,PASS
sf_27c_3.63v,sf,27,3.63,10,4.7,0.2,1.79918,142,1.13048e+06,277.72,,inf,PASS,-2.135,PASS
sf_27c_3.63v,sf,27,3.63,10,4.7,0.5,1.79918,142,1.43981e+06,277.24,,inf,PASS,-1.517,PASS
sf_27c_3.63v,sf,27,3.63,25,0.33,0.001,1.79918,140.8,1.43686e+06,189.85,,inf,PASS,-2.03,PASS
sf_27c_3.63v,sf,27,3.63,25,0.33,0.05,1.79918,140.8,1.4401e+06,198.10,,inf,PASS,-1.93,PASS
sf_27c_3.63v,sf,27,3.63,25,0.33,0.2,1.79918,140.8,1.48883e+06,220.27,,inf,PASS,-2.268,PASS
sf_27c_3.63v,sf,27,3.63,25,0.33,0.5,1.79918,140.8,1.67873e+06,244.92,,inf,PASS,-2.528,PASS
sf_27c_3.63v,sf,27,3.63,25,1,0.001,1.79918,140.8,1.13611e+06,195.81,,inf,PASS,-2.431,PASS
sf_27c_3.63v,sf,27,3.63,25,1,0.05,1.79918,140.8,1.14967e+06,215.04,,inf,PASS,-3.716,PASS
sf_27c_3.63v,sf,27,3.63,25,1,0.2,1.79918,140.8,1.29942e+06,250.80,,inf,PASS,-2.043,PASS
sf_27c_3.63v,sf,27,3.63,25,1,0.5,1.79918,140.8,1.61899e+06,264.67,,inf,PASS,-2.113,PASS
sf_27c_3.63v,sf,27,3.63,25,4.7,0.001,1.79918,140.8,870821,194.35,,inf,PASS,-2.745,PASS
sf_27c_3.63v,sf,27,3.63,25,4.7,0.05,1.79918,140.8,945289,250.42,,inf,PASS,-2.568,PASS
sf_27c_3.63v,sf,27,3.63,25,4.7,0.2,1.79918,140.8,1.2477e+06,275.52,,inf,PASS,-1.778,PASS
sf_27c_3.63v,sf,27,3.63,25,4.7,0.5,1.79918,140.8,1.61046e+06,273.50,,inf,PASS,-2.248,PASS
sf_27c_3.63v,sf,27,3.63,50,0.33,0.001,1.79918,139.2,1.51955e+06,187.80,,inf,PASS,-3.385,PASS
sf_27c_3.63v,sf,27,3.63,50,0.33,0.05,1.79918,139.2,1.52355e+06,196.51,,inf,PASS,-3.266,PASS
sf_27c_3.63v,sf,27,3.63,50,0.33,0.2,1.79918,139.2,1.58075e+06,219.62,,inf,PASS,-1.732,PASS
sf_27c_3.63v,sf,27,3.63,50,0.33,0.5,1.79918,139.2,1.79883e+06,244.08,,inf,PASS,-1.786,PASS
sf_27c_3.63v,sf,27,3.63,50,1,0.001,1.79918,139.2,1.19501e+06,194.20,,inf,PASS,-2.169,PASS
sf_27c_3.63v,sf,27,3.63,50,1,0.05,1.79918,139.2,1.21169e+06,214.30,,inf,PASS,-3.357,PASS
sf_27c_3.63v,sf,27,3.63,50,1,0.2,1.79918,139.2,1.38581e+06,250.16,,inf,PASS,-2.861,PASS
sf_27c_3.63v,sf,27,3.63,50,1,0.5,1.79918,139.2,1.74082e+06,262.77,,inf,PASS,-2.653,PASS
sf_27c_3.63v,sf,27,3.63,50,4.7,0.001,1.79918,139.2,902169,195.03,,inf,PASS,-3.127,PASS
sf_27c_3.63v,sf,27,3.63,50,4.7,0.05,1.79918,139.2,990500,251.25,,inf,PASS,-2.343,PASS
sf_27c_3.63v,sf,27,3.63,50,4.7,0.2,1.79918,139.2,1.33504e+06,273.71,,inf,PASS,-2.469,PASS
sf_27c_3.63v,sf,27,3.63,50,4.7,0.5,1.79918,139.2,1.7329e+06,270.96,,inf,PASS,-1.428,PASS
sf_125c_2.97v,sf,125,2.97,0,0.33,0.001,1.79917,125.8,1780.84,18.84,,inf,FAIL,-1.119,PASS
sf_125c_2.97v,sf,125,2.97,0,0.33,0.05,1.79917,125.8,1780.84,18.85,,inf,FAIL,-1.119,PASS
sf_125c_2.97v,sf,125,2.97,0,0.33,0.2,1.79917,125.8,1780.84,18.88,,inf,FAIL,-1.119,PASS
sf_125c_2.97v,sf,125,2.97,0,0.33,0.5,1.79917,125.8,1780.84,18.94,,inf,FAIL,-1.119,PASS
sf_125c_2.97v,sf,125,2.97,0,1,0.001,1.79917,125.8,1005.34,10.96,,inf,FAIL,-1.482,PASS
sf_125c_2.97v,sf,125,2.97,0,1,0.05,1.79917,125.8,1005.34,10.98,,inf,FAIL,-1.482,PASS
sf_125c_2.97v,sf,125,2.97,0,1,0.2,1.79917,125.8,1005.34,11.03,,inf,FAIL,-1.482,PASS
sf_125c_2.97v,sf,125,2.97,0,1,0.5,1.79917,125.8,1005.35,11.14,,inf,FAIL,-1.482,PASS
sf_125c_2.97v,sf,125,2.97,0,4.7,0.001,1.79917,125.6,460.657,5.29,,inf,FAIL,-1.462,PASS
sf_125c_2.97v,sf,125,2.97,0,4.7,0.05,1.79917,125.6,460.657,5.33,,inf,FAIL,-1.462,PASS
sf_125c_2.97v,sf,125,2.97,0,4.7,0.2,1.79917,125.6,460.657,5.44,,inf,FAIL,-1.462,PASS
sf_125c_2.97v,sf,125,2.97,0,4.7,0.5,1.79917,125.6,460.662,5.68,,inf,FAIL,-1.462,PASS
sf_125c_2.97v,sf,125,2.97,0.1,0.33,0.001,1.79916,141.1,82409.3,88.43,,inf,PASS,-0.4159,PASS
sf_125c_2.97v,sf,125,2.97,0.1,0.33,0.05,1.79916,141.1,82412.6,88.91,,inf,PASS,-0.4156,PASS
sf_125c_2.97v,sf,125,2.97,0.1,0.33,0.2,1.79916,141.1,82463.9,90.38,,inf,PASS,-0.4103,PASS
sf_125c_2.97v,sf,125,2.97,0.1,0.33,0.5,1.79916,141.1,82754.2,93.30,,inf,PASS,-0.3808,PASS
sf_125c_2.97v,sf,125,2.97,0.1,1,0.001,1.79916,141.1,22680.6,82.98,,inf,PASS,-0.4546,PASS
sf_125c_2.97v,sf,125,2.97,0.1,1,0.05,1.79916,141.1,22681.2,83.38,,inf,PASS,-0.4543,PASS
sf_125c_2.97v,sf,125,2.97,0.1,1,0.2,1.79916,141.1,22690.1,84.61,,inf,PASS,-0.4507,PASS
sf_125c_2.97v,sf,125,2.97,0.1,1,0.5,1.79916,141.1,22740.9,87.10,,inf,PASS,-0.4301,PASS
sf_125c_2.97v,sf,125,2.97,0.1,4.7,0.001,1.79916,141.1,5943.38,49.79,,inf,PASS,-0.7452,PASS
sf_125c_2.97v,sf,125,2.97,0.1,4.7,0.05,1.79916,141.1,5943.53,50.28,,inf,PASS,-0.7448,PASS
sf_125c_2.97v,sf,125,2.97,0.1,4.7,0.2,1.79916,141.1,5945.86,51.81,,inf,PASS,-0.7392,PASS
sf_125c_2.97v,sf,125,2.97,0.1,4.7,0.5,1.79916,141.1,5959,54.89,,inf,PASS,-0.7078,PASS
sf_125c_2.97v,sf,125,2.97,1,0.33,0.001,1.79916,141.7,738542,192.18,,inf,PASS,-3.759,PASS
sf_125c_2.97v,sf,125,2.97,1,0.33,0.05,1.79916,141.7,738879,196.50,,inf,PASS,-3.73,PASS
sf_125c_2.97v,sf,125,2.97,1,0.33,0.2,1.79916,141.7,743953,209.59,,inf,PASS,-3.315,PASS
sf_125c_2.97v,sf,125,2.97,1,0.33,0.5,1.79916,141.7,769102,232.32,,inf,PASS,-3.542,PASS
sf_125c_2.97v,sf,125,2.97,1,1,0.001,1.79916,141.7,269587,75.16,,inf,PASS,3.644,FAIL
sf_125c_2.97v,sf,125,2.97,1,1,0.05,1.79916,141.7,271242,79.85,,inf,PASS,3.783,FAIL
sf_125c_2.97v,sf,125,2.97,1,1,0.2,1.79916,141.7,311099,94.63,,inf,PASS,5.467,FAIL
sf_125c_2.97v,sf,125,2.97,1,1,0.5,1.79916,141.7,714416,255.85,,inf,PASS,-2.838,PASS
sf_125c_2.97v,sf,125,2.97,1,4.7,0.001,1.79916,141.7,41305.8,89.51,,inf,PASS,-0.4029,PASS
sf_125c_2.97v,sf,125,2.97,1,4.7,0.05,1.79916,141.7,41395.6,92.95,,inf,PASS,-0.385,PASS
sf_125c_2.97v,sf,125,2.97,1,4.7,0.2,1.79916,141.7,42868.5,103.82,,inf,PASS,1.179,FAIL
sf_125c_2.97v,sf,125,2.97,1,4.7,0.5,1.79916,141.7,56844.3,130.04,,inf,PASS,8.832,FAIL
sf_125c_2.97v,sf,125,2.97,10,0.33,0.001,1.79916,140.1,973462,191.79,,inf,PASS,-2.947,PASS
sf_125c_2.97v,sf,125,2.97,10,0.33,0.05,1.79916,140.1,974436,197.42,,inf,PASS,-2.9,PASS
sf_125c_2.97v,sf,125,2.97,10,0.33,0.2,1.79916,140.1,989338,213.69,,inf,PASS,-2.211,PASS
sf_125c_2.97v,sf,125,2.97,10,0.33,0.5,1.79916,140.1,1.05953e+06,237.70,,inf,PASS,-2.752,PASS
sf_125c_2.97v,sf,125,2.97,10,1,0.001,1.79916,140.1,781193,191.91,,inf,PASS,-2.93,PASS
sf_125c_2.97v,sf,125,2.97,10,1,0.05,1.79916,140.1,785266,205.62,,inf,PASS,-2.647,PASS
sf_125c_2.97v,sf,125,2.97,10,1,0.2,1.79916,140.1,837375,239.04,,inf,PASS,-3.309,PASS
sf_125c_2.97v,sf,125,2.97,10,1,0.5,1.79916,140.1,987973,263.37,,inf,PASS,-1.88,PASS
sf_125c_2.97v,sf,125,2.97,10,4.7,0.001,1.79916,140.1,276980,76.03,,inf,PASS,2.669,FAIL
sf_125c_2.97v,sf,125,2.97,10,4.7,0.05,1.79916,140.1,639744,215.96,,inf,PASS,-4.141,PASS
sf_125c_2.97v,sf,125,2.97,10,4.7,0.2,1.79916,140.1,781603,269.31,,inf,PASS,-2.383,PASS
sf_125c_2.97v,sf,125,2.97,10,4.7,0.5,1.79916,140.1,975562,277.40,,inf,PASS,-2.244,PASS
sf_125c_2.97v,sf,125,2.97,25,0.33,0.001,1.79916,137.8,1.05868e+06,189.61,,inf,PASS,-3.172,PASS
sf_125c_2.97v,sf,125,2.97,25,0.33,0.05,1.79916,137.8,1.05995e+06,195.72,,inf,PASS,-3.116,PASS
sf_125c_2.97v,sf,125,2.97,25,0.33,0.2,1.79916,137.8,1.07974e+06,213.15,,inf,PASS,-2.306,PASS
sf_125c_2.97v,sf,125,2.97,25,0.33,0.5,1.79916,137.8,1.16959e+06,237.59,,inf,PASS,-2.431,PASS
sf_125c_2.97v,sf,125,2.97,25,1,0.001,1.79916,137.8,839415,192.02,,inf,PASS,-3.586,PASS
sf_125c_2.97v,sf,125,2.97,25,1,0.05,1.79916,137.8,845030,206.60,,inf,PASS,-3.249,PASS
sf_125c_2.97v,sf,125,2.97,25,1,0.2,1.79916,137.8,912844,240.44,,inf,PASS,-3.273,PASS
sf_125c_2.97v,sf,125,2.97,25,1,0.5,1.79916,137.8,1.09757e+06,262.25,,inf,PASS,-2.783,PASS
sf_125c_2.97v,sf,125,2.97,25,4.7,0.001,1.79916,137.8,643210,174.14,,inf,PASS,-4.047,PASS
sf_125c_2.97v,sf,125,2.97,25,4.7,0.05,1.79916,137.8,679101,226.72,,inf,PASS,-3.161,PASS
sf_125c_2.97v,sf,125,2.97,25,4.7,0.2,1.79916,137.8,854099,270.39,,inf,PASS,-2.276,PASS
sf_125c_2.97v,sf,125,2.97,25,4.7,0.5,1.79916,137.8,1.08588e+06,275.00,,inf,PASS,-1.691,PASS
sf_125c_2.97v,sf,125,2.97,50,0.33,0.001,1.79916,134.8,1.11605e+06,188.05,,inf,PASS,-2.876,PASS
sf_125c_2.97v,sf,125,2.97,50,0.33,0.05,1.79916,134.8,1.1175e+06,194.48,,inf,PASS,-2.817,PASS
sf_125c_2.97v,sf,125,2.97,50,0.33,0.2,1.79916,134.8,1.14052e+06,212.69,,inf,PASS,-1.943,PASS
sf_125c_2.97v,sf,125,2.97,50,0.33,0.5,1.79916,134.8,1.2443e+06,237.34,,inf,PASS,-1.875,PASS
sf_125c_2.97v,sf,125,2.97,50,1,0.001,1.79916,134.8,879613,191.41,,inf,PASS,-3.444,PASS
sf_125c_2.97v,sf,125,2.97,50,1,0.05,1.79916,134.8,886249,206.61,,inf,PASS,-3.078,PASS
sf_125c_2.97v,sf,125,2.97,50,1,0.2,1.79916,134.8,965979,240.78,,inf,PASS,-2.809,PASS
sf_125c_2.97v,sf,125,2.97,50,1,0.5,1.79916,134.8,1.17352e+06,261.16,,inf,PASS,-2.119,PASS
sf_125c_2.97v,sf,125,2.97,50,4.7,0.001,1.79916,134.8,665349,179.43,,inf,PASS,-4.494,PASS
sf_125c_2.97v,sf,125,2.97,50,4.7,0.05,1.79916,134.8,706514,230.91,,inf,PASS,-3.245,PASS
sf_125c_2.97v,sf,125,2.97,50,4.7,0.2,1.79916,134.8,905697,270.18,,inf,PASS,-1.756,PASS
sf_125c_2.97v,sf,125,2.97,50,4.7,0.5,1.79916,134.8,1.16199e+06,273.14,,inf,PASS,-2.374,PASS
sf_125c_3.30v,sf,125,3.3,0,0.33,0.001,1.79909,122.5,1888.06,19.91,644703,34.81,FAIL,-0.9076,PASS
sf_125c_3.30v,sf,125,3.3,0,0.33,0.05,1.79909,122.5,1888.06,19.92,646642,34.17,FAIL,-0.9076,PASS
sf_125c_3.30v,sf,125,3.3,0,0.33,0.2,1.79909,122.5,1888.06,19.96,652472,32.03,FAIL,-0.9076,PASS
sf_125c_3.30v,sf,125,3.3,0,0.33,0.5,1.79909,122.5,1888.06,20.02,661872,28.41,FAIL,-0.9076,PASS
sf_125c_3.30v,sf,125,3.3,0,1,0.001,1.79909,122.5,1063.97,11.64,644784,44.41,FAIL,-1.3,PASS
sf_125c_3.30v,sf,125,3.3,0,1,0.05,1.79909,122.5,1063.97,11.66,650622,42.38,FAIL,-1.3,PASS
sf_125c_3.30v,sf,125,3.3,0,1,0.2,1.79909,122.5,1063.97,11.72,663750,38.00,FAIL,-1.3,PASS
sf_125c_3.30v,sf,125,3.3,0,1,0.5,1.79909,122.5,1063.98,11.83,672422,35.63,FAIL,-1.3,PASS
sf_125c_3.30v,sf,125,3.3,0,4.7,0.001,1.79909,122.3,487.12,5.73,645227,57.71,FAIL,-1.293,PASS
sf_125c_3.30v,sf,125,3.3,0,4.7,0.05,1.79909,122.3,487.119,5.77,665378,51.31,FAIL,-1.293,PASS
sf_125c_3.30v,sf,125,3.3,0,4.7,0.2,1.79909,122.3,487.12,5.89,676362,45.39,FAIL,-1.293,PASS
sf_125c_3.30v,sf,125,3.3,0,4.7,0.5,1.79909,122.3,487.125,6.14,679284,38.52,FAIL,-1.293,PASS
sf_125c_3.30v,sf,125,3.3,0.1,0.33,0.001,1.79909,139.2,94087.3,87.51,,inf,PASS,-0.4658,PASS
sf_125c_3.30v,sf,125,3.3,0.1,0.33,0.05,1.79909,139.2,94092.2,88.06,,inf,PASS,-0.4654,PASS
sf_125c_3.30v,sf,125,3.3,0.1,0.33,0.2,1.79909,139.2,94167.9,89.73,,inf,PASS,-0.1907,PASS
sf_125c_3.30v,sf,125,3.3,0.1,0.33,0.5,1.79909,139.2,94596.5,93.06,,inf,PASS,1.164,FAIL
sf_125c_3.30v,sf,125,3.3,0.1,1,0.001,1.79909,139.2,25762.3,84.89,,inf,PASS,-0.5254,PASS
sf_125c_3.30v,sf,125,3.3,0.1,1,0.05,1.79909,139.2,25763.2,85.35,,inf,PASS,-0.5251,PASS
sf_125c_3.30v,sf,125,3.3,0.1,1,0.2,1.79909,139.2,25777,86.75,,inf,PASS,-0.5203,PASS
sf_125c_3.30v,sf,125,3.3,0.1,1,0.5,1.79909,139.2,25854.9,89.58,,inf,PASS,-0.4932,PASS
sf_125c_3.30v,sf,125,3.3,0.1,4.7,0.001,1.79909,139.2,6456.93,52.33,,inf,PASS,-0.8333,PASS
sf_125c_3.30v,sf,125,3.3,0.1,4.7,0.05,1.79909,139.2,6457.13,52.86,,inf,PASS,-0.8329,PASS
sf_125c_3.30v,sf,125,3.3,0.1,4.7,0.2,1.79909,139.2,6460.26,54.52,,inf,PASS,-0.8261,PASS
sf_125c_3.30v,sf,125,3.3,0.1,4.7,0.5,1.79909,139.2,6477.86,57.88,,inf,PASS,-0.7884,PASS
sf_125c_3.30v,sf,125,3.3,1,0.33,0.001,1.79909,140.5,811177,196.01,,inf,PASS,-3.724,PASS
sf_125c_3.30v,sf,125,3.3,1,0.33,0.05,1.79909,140.5,811618,200.74,,inf,PASS,-3.69,PASS
sf_125c_3.30v,sf,125,3.3,1,0.33,0.2,1.79909,140.5,818159,214.93,,inf,PASS,-3.196,PASS
sf_125c_3.30v,sf,125,3.3,1,0.33,0.5,1.79909,140.5,850248,238.39,,inf,PASS,-3.166,PASS
sf_125c_3.30v,sf,125,3.3,1,1,0.001,1.79909,140.5,314054,72.45,,inf,PASS,5.62,FAIL
sf_125c_3.30v,sf,125,3.3,1,1,0.05,1.79909,140.5,317121,77.88,,inf,PASS,5.787,FAIL
sf_125c_3.30v,sf,125,3.3,1,1,0.2,1.79909,140.5,723341,228.66,,inf,PASS,-2.949,PASS
sf_125c_3.30v,sf,125,3.3,1,1,0.5,1.79909,140.5,795759,263.43,,inf,PASS,-4.074,PASS
sf_125c_3.30v,sf,125,3.3,1,4.7,0.001,1.79909,140.5,47607.2,90.08,,inf,PASS,-0.3736,PASS
sf_125c_3.30v,sf,125,3.3,1,4.7,0.05,1.79909,140.5,47745.3,94.04,,inf,PASS,-0.35,PASS
sf_125c_3.30v,sf,125,3.3,1,4.7,0.2,1.79909,140.5,50049.8,106.56,,inf,PASS,3.895,FAIL
sf_125c_3.30v,sf,125,3.3,1,4.7,0.5,1.79909,140.5,79434.1,138.43,,inf,PASS,11.6,FAIL
sf_125c_3.30v,sf,125,3.3,10,0.33,0.001,1.79908,139.9,1.06907e+06,192.70,,inf,PASS,-2.89,PASS
sf_125c_3.30v,sf,125,3.3,10,0.33,0.05,1.79908,139.9,1.07038e+06,198.88,,inf,PASS,-2.833,PASS
sf_125c_3.30v,sf,125,3.3,10,0.33,0.2,1.79908,139.9,1.0899e+06,216.48,,inf,PASS,-2.016,PASS
sf_125c_3.30v,sf,125,3.3,10,0.33,0.5,1.79908,139.9,1.17932e+06,241.01,,inf,PASS,-2.216,PASS
sf_125c_3.30v,sf,125,3.3,10,1,0.001,1.79908,139.9,858602,194.28,,inf,PASS,-2.838,PASS
sf_125c_3.30v,sf,125,3.3,10,1,0.05,1.79908,139.9,863935,209.25,,inf,PASS,-2.499,PASS
sf_125c_3.30v,sf,125,3.3,10,1,0.2,1.79908,139.9,930703,243.70,,inf,PASS,-2.764,PASS
sf_125c_3.30v,sf,125,3.3,10,1,0.5,1.79908,139.9,1.11015e+06,265.60,,inf,PASS,-2.529,PASS
sf_125c_3.30v,sf,125,3.3,10,4.7,0.001,1.79908,139.9,332781,73.32,,inf,PASS,4.224,FAIL
sf_125c_3.30v,sf,125,3.3,10,4.7,0.05,1.79908,139.9,712795,227.37,,inf,PASS,-3.471,PASS
sf_125c_3.30v,sf,125,3.3,10,4.7,0.2,1.79908,139.9,876252,273.19,,inf,PASS,-3.179,PASS
sf_125c_3.30v,sf,125,3.3,10,4.7,0.5,1.79908,139.9,1.09852e+06,278.26,,inf,PASS,-2.808,PASS
sf_125c_3.30v,sf,125,3.3,25,0.33,0.001,1.79908,138.2,1.16411e+06,190.13,,inf,PASS,-3.07,PASS
sf_125c_3.30v,sf,125,3.3,25,0.33,0.05,1.79908,138.2,1.16583e+06,196.84,,inf,PASS,-3.001,PASS
sf_125c_3.30v,sf,125,3.3,25,0.33,0.2,1.79908,138.2,1.19182e+06,215.69,,inf,PASS,-2.043,PASS
sf_125c_3.30v,sf,125,3.3,25,0.33,0.5,1.79908,138.2,1.3058e+06,240.49,,inf,PASS,-1.813,PASS
sf_125c_3.30v,sf,125,3.3,25,1,0.001,1.79908,138.2,923502,193.62,,inf,PASS,-3.457,PASS
sf_125c_3.30v,sf,125,3.3,25,1,0.05,1.79908,138.2,930915,209.55,,inf,PASS,-3.054,PASS
sf_125c_3.30v,sf,125,3.3,25,1,0.2,1.79908,138.2,1.01795e+06,244.37,,inf,PASS,-2.648,PASS
sf_125c_3.30v,sf,125,3.3,25,1,0.5,1.79908,138.2,1.23757e+06,263.78,,inf,PASS,-1.93,PASS
sf_125c_3.30v,sf,125,3.3,25,4.7,0.001,1.79908,138.2,711602,180.57,,inf,PASS,-3.748,PASS
sf_125c_3.30v,sf,125,3.3,25,4.7,0.05,1.79908,138.2,755382,235.18,,inf,PASS,-2.485,PASS
sf_125c_3.30v,sf,125,3.3,25,4.7,0.2,1.79908,138.2,960940,272.98,,inf,PASS,-2.897,PASS
sf_125c_3.30v,sf,125,3.3,25,4.7,0.5,1.79908,138.2,1.22684e+06,275.21,,inf,PASS,-2.163,PASS
sf_125c_3.30v,sf,125,3.3,50,0.33,0.001,1.79908,136,1.2292e+06,188.34,,inf,PASS,-2.711,PASS
sf_125c_3.30v,sf,125,3.3,50,0.33,0.05,1.79908,136,1.2312e+06,195.42,,inf,PASS,-2.637,PASS
sf_125c_3.30v,sf,125,3.3,50,0.33,0.2,1.79908,136,1.26171e+06,215.11,,inf,PASS,-3.266,PASS
sf_125c_3.30v,sf,125,3.3,50,0.33,0.5,1.79908,136,1.39363e+06,240.02,,inf,PASS,-2.632,PASS
sf_125c_3.30v,sf,125,3.3,50,1,0.001,1.79908,136,969243,192.64,,inf,PASS,-3.252,PASS
sf_125c_3.30v,sf,125,3.3,50,1,0.05,1.79908,136,978049,209.28,,inf,PASS,-2.814,PASS
sf_125c_3.30v,sf,125,3.3,50,1,0.2,1.79908,136,1.08021e+06,244.38,,inf,PASS,-2.103,PASS
sf_125c_3.30v,sf,125,3.3,50,1,0.5,1.79908,136,1.3265e+06,262.37,,inf,PASS,-2.563,PASS
sf_125c_3.30v,sf,125,3.3,50,4.7,0.001,1.79908,136,735826,184.32,,inf,PASS,-4.183,PASS
sf_125c_3.30v,sf,125,3.3,50,4.7,0.05,1.79908,136,787294,238.11,,inf,PASS,-2.513,PASS
sf_125c_3.30v,sf,125,3.3,50,4.7,0.2,1.79908,136,1.02285e+06,272.12,,inf,PASS,-2.264,PASS
sf_125c_3.30v,sf,125,3.3,50,4.7,0.5,1.79908,136,1.31612e+06,273.04,,inf,PASS,-1.409,PASS
sf_125c_3.63v,sf,125,3.63,0,0.33,0.001,1.79887,116.5,1985.6,20.95,667649,44.15,FAIL,-0.8311,PASS
sf_125c_3.63v,sf,125,3.63,0,0.33,0.05,1.79887,116.5,1985.6,20.96,672779,43.81,FAIL,-0.8311,PASS
sf_125c_3.63v,sf,125,3.63,0,0.33,0.2,1.79887,116.5,1985.6,21.00,688448,42.50,FAIL,-0.8311,PASS
sf_125c_3.63v,sf,125,3.63,0,0.33,0.5,1.79887,116.5,1985.6,21.07,706939,40.66,FAIL,-0.8311,PASS
sf_125c_3.63v,sf,125,3.63,0,1,0.001,1.79887,116.5,1116.9,12.40,667861,53.77,FAIL,-1.256,PASS
sf_125c_3.63v,sf,125,3.63,0,1,0.05,1.79887,116.5,1116.9,12.42,683443,52.59,FAIL,-1.256,PASS
sf_125c_3.63v,sf,125,3.63,0,1,0.2,1.79887,116.5,1116.9,12.48,711686,49.58,FAIL,-1.256,PASS
sf_125c_3.63v,sf,125,3.63,0,1,0.5,1.79887,116.5,1116.9,12.60,734263,44.92,FAIL,-1.256,PASS
sf_125c_3.63v,sf,125,3.63,0,4.7,0.001,1.79887,116.3,510.948,6.47,669030,67.13,FAIL,-1.263,PASS
sf_125c_3.63v,sf,125,3.63,0,4.7,0.05,1.79887,116.3,510.948,6.51,715758,62.29,FAIL,-1.263,PASS
sf_125c_3.63v,sf,125,3.63,0,4.7,0.2,1.79887,116.3,510.949,6.64,744926,54.24,FAIL,-1.263,PASS
sf_125c_3.63v,sf,125,3.63,0,4.7,0.5,1.79887,116.3,510.955,6.90,752615,47.07,FAIL,-1.263,PASS
sf_125c_3.63v,sf,125,3.63,0.1,0.33,0.001,1.79887,134.3,105257,86.41,,inf,PASS,4.615,FAIL
sf_125c_3.63v,sf,125,3.63,0.1,0.33,0.05,1.79887,134.3,105264,87.03,,inf,PASS,4.638,FAIL
sf_125c_3.63v,sf,125,3.63,0.1,0.33,0.2,1.79887,134.3,105372,88.89,,inf,PASS,4.959,FAIL
sf_125c_3.63v,sf,125,3.63,0.1,0.33,0.5,1.79887,134.3,105980,92.61,,inf,PASS,6.418,FAIL
sf_125c_3.63v,sf,125,3.63,0.1,1,0.001,1.79887,134.3,28845.2,86.31,,inf,PASS,-0.7013,PASS
sf_125c_3.63v,sf,125,3.63,0.1,1,0.05,1.79887,134.3,28846.5,86.82,,inf,PASS,-0.7009,PASS
sf_125c_3.63v,sf,125,3.63,0.1,1,0.2,1.79887,134.3,28867,88.39,,inf,PASS,-0.6945,PASS
sf_125c_3.63v,sf,125,3.63,0.1,1,0.5,1.79887,134.3,28982.8,91.56,,inf,PASS,2.557,FAIL
sf_125c_3.63v,sf,125,3.63,0.1,4.7,0.001,1.79887,134.3,6951.5,54.57,,inf,PASS,-1.019,PASS
sf_125c_3.63v,sf,125,3.63,0.1,4.7,0.05,1.79887,134.3,6951.77,55.15,,inf,PASS,-1.018,PASS
sf_125c_3.63v,sf,125,3.63,0.1,4.7,0.2,1.79887,134.3,6955.88,56.93,,inf,PASS,-1.01,PASS
sf_125c_3.63v,sf,125,3.63,0.1,4.7,0.5,1.79887,134.3,6979.05,60.56,,inf,PASS,1.762,FAIL
sf_125c_3.63v,sf,125,3.63,1,0.33,0.001,1.79886,136.4,882453,200.74,,inf,PASS,-4.161,PASS
sf_125c_3.63v,sf,125,3.63,1,0.33,0.05,1.79886,136.4,883025,205.87,,inf,PASS,-4.12,PASS
sf_125c_3.63v,sf,125,3.63,1,0.33,0.2,1.79886,136.4,891427,221.00,,inf,PASS,-3.532,PASS
sf_125c_3.63v,sf,125,3.63,1,0.33,0.5,1.79886,136.4,930917,244.77,,inf,PASS,-3.204,PASS
sf_125c_3.63v,sf,125,3.63,1,1,0.001,1.79886,136.4,360952,69.06,,inf,PASS,8.46,FAIL
sf_125c_3.63v,sf,125,3.63,1,1,0.05,1.79886,136.4,367442,75.20,,inf,PASS,8.659,FAIL
sf_125c_3.63v,sf,125,3.63,1,1,0.2,1.79886,136.4,794454,240.90,,inf,PASS,-5.505,PASS
sf_125c_3.63v,sf,125,3.63,1,1,0.5,1.79886,136.4,877701,270.59,,inf,PASS,-3.797,PASS
sf_125c_3.63v,sf,125,3.63,1,4.7,0.001,1.79886,136.4,53845.8,90.20,,inf,PASS,-0.4861,PASS
sf_125c_3.63v,sf,125,3.63,1,4.7,0.05,1.79886,136.4,54048.5,94.67,,inf,PASS,-0.455,PASS
sf_125c_3.63v,sf,125,3.63,1,4.7,0.2,1.79886,136.4,57440.6,108.81,,inf,PASS,7.481,FAIL
sf_125c_3.63v,sf,125,3.63,1,4.7,0.5,1.79886,136.4,141085,147.98,,inf,PASS,15.22,FAIL
sf_125c_3.63v,sf,125,3.63,10,0.33,0.001,1.79886,137.2,1.16085e+06,193.87,,inf,PASS,-3.281,PASS
sf_125c_3.63v,sf,125,3.63,10,0.33,0.05,1.79886,137.2,1.16256e+06,200.56,,inf,PASS,-3.211,PASS
sf_125c_3.63v,sf,125,3.63,10,0.33,0.2,1.79886,137.2,1.18765e+06,219.36,,inf,PASS,-2.247,PASS
sf_125c_3.63v,sf,125,3.63,10,0.33,0.5,1.79886,137.2,1.29718e+06,244.09,,inf,PASS,-2.083,PASS
sf_125c_3.63v,sf,125,3.63,10,1,0.001,1.79886,137.2,933392,196.91,,inf,PASS,-3.249,PASS
sf_125c_3.63v,sf,125,3.63,10,1,0.05,1.79886,137.2,940303,213.05,,inf,PASS,-2.844,PASS
sf_125c_3.63v,sf,125,3.63,10,1,0.2,1.79886,137.2,1.02239e+06,248.11,,inf,PASS,-2.656,PASS
sf_125c_3.63v,sf,125,3.63,10,1,0.5,1.79886,137.2,1.23086e+06,267.56,,inf,PASS,-2.167,PASS
sf_125c_3.63v,sf,125,3.63,10,4.7,0.001,1.79886,137.2,743193,180.25,,inf,PASS,-4.593,PASS
sf_125c_3.63v,sf,125,3.63,10,4.7,0.05,1.79886,137.2,783794,237.83,,inf,PASS,-3.404,PASS
sf_125c_3.63v,sf,125,3.63,10,4.7,0.2,1.79886,137.2,970070,276.54,,inf,PASS,-2.806,PASS
sf_125c_3.63v,sf,125,3.63,10,4.7,0.5,1.79886,137.2,1.2204e+06,279.07,,inf,PASS,-2.4,PASS
sf_125c_3.63v,sf,125,3.63,25,0.33,0.001,1.79886,136.5,1.26434e+06,190.82,,inf,PASS,-3.437,PASS
sf_125c_3.63v,sf,125,3.63,25,0.33,0.05,1.79886,136.5,1.26661e+06,198.09,,inf,PASS,-3.354,PASS
sf_125c_3.63v,sf,125,3.63,25,0.33,0.2,1.79886,136.5,1.29998e+06,218.21,,inf,PASS,-2.226,PASS
sf_125c_3.63v,sf,125,3.63,25,0.33,0.5,1.79886,136.5,1.43908e+06,243.08,,inf,PASS,-1.626,PASS
sf_125c_3.63v,sf,125,3.63,25,1,0.001,1.79886,136.5,1.00349e+06,195.36,,inf,PASS,-3.838,PASS
sf_125c_3.63v,sf,125,3.63,25,1,0.05,1.79886,136.5,1.01311e+06,212.54,,inf,PASS,-3.356,PASS
sf_125c_3.63v,sf,125,3.63,25,1,0.2,1.79886,136.5,1.12042e+06,247.91,,inf,PASS,-2.479,PASS
sf_125c_3.63v,sf,125,3.63,25,1,0.5,1.79886,136.5,1.37408e+06,265.08,,inf,PASS,-1.536,PASS
sf_125c_3.63v,sf,125,3.63,25,4.7,0.001,1.79886,136.5,776984,186.76,,inf,PASS,-4.138,PASS
sf_125c_3.63v,sf,125,3.63,25,4.7,0.05,1.79886,136.5,829429,242.56,,inf,PASS,-2.41,PASS
sf_125c_3.63v,sf,125,3.63,25,4.7,0.2,1.79886,136.5,1.066e+06,275.08,,inf,PASS,-2.49,PASS
sf_125c_3.63v,sf,125,3.63,25,4.7,0.5,1.79886,136.5,1.36449e+06,275.42,,inf,PASS,-1.731,PASS
sf_125c_3.63v,sf,125,3.63,50,0.33,0.001,1.79886,135,1.33626e+06,188.78,,inf,PASS,-3.042,PASS
sf_125c_3.63v,sf,125,3.63,50,0.33,0.05,1.79886,135,1.3389e+06,196.46,,inf,PASS,-2.953,PASS
sf_125c_3.63v,sf,125,3.63,50,0.33,0.2,1.79886,135,1.37793e+06,217.47,,inf,PASS,-1.737,PASS
sf_125c_3.63v,sf,125,3.63,50,0.33,0.5,1.79886,135,1.53919e+06,242.34,,inf,PASS,-2.381,PASS
sf_125c_3.63v,sf,125,3.63,50,1,0.001,1.79886,135,1.05396e+06,193.95,,inf,PASS,-3.592,PASS
sf_125c_3.63v,sf,125,3.63,50,1,0.05,1.79886,135,1.0654e+06,211.91,,inf,PASS,-3.068,PASS
sf_125c_3.63v,sf,125,3.63,50,1,0.2,1.79886,135,1.19118e+06,247.51,,inf,PASS,-1.879,PASS
sf_125c_3.63v,sf,125,3.63,50,1,0.5,1.79886,135,1.47582e+06,263.31,,inf,PASS,-2.128,PASS
sf_125c_3.63v,sf,125,3.63,50,4.7,0.001,1.79886,135,802395,189.05,,inf,PASS,-4.55,PASS
sf_125c_3.63v,sf,125,3.63,50,4.7,0.05,1.79886,135,865260,244.29,,inf,PASS,-2.382,PASS
sf_125c_3.63v,sf,125,3.63,50,4.7,0.2,1.79886,135,1.13653e+06,273.68,,inf,PASS,-1.816,PASS
sf_125c_3.63v,sf,125,3.63,50,4.7,0.5,1.79886,135,1.46648e+06,272.95,,inf,PASS,-2.29,PASS
ss_-40c_2.97v,ss,-40,2.97,0,0.33,0.001,1.79948,138.5,3117.45,42.07,,inf,FAIL,-0.8179,PASS
ss_-40c_2.97v,ss,-40,2.97,0,0.33,0.05,1.79948,138.5,3117.45,42.09,,inf,FAIL,-0.8179,PASS
ss_-40c_2.97v,ss,-40,2.97,0,0.33,0.2,1.79948,138.5,3117.45,42.14,,inf,FAIL,-0.8179,PASS
ss_-40c_2.97v,ss,-40,2.97,0,0.33,0.5,1.79948,138.5,3117.46,42.25,,inf,FAIL,-0.8179,PASS
ss_-40c_2.97v,ss,-40,2.97,0,1,0.001,1.79948,138.5,1630.5,25.01,,inf,FAIL,-1.012,PASS
ss_-40c_2.97v,ss,-40,2.97,0,1,0.05,1.79948,138.5,1630.5,25.04,,inf,FAIL,-1.012,PASS
ss_-40c_2.97v,ss,-40,2.97,0,1,0.2,1.79948,138.5,1630.5,25.13,,inf,FAIL,-1.012,PASS
ss_-40c_2.97v,ss,-40,2.97,0,1,0.5,1.79948,138.5,1630.51,25.30,,inf,FAIL,-1.012,PASS
ss_-40c_2.97v,ss,-40,2.97,0,4.7,0.001,1.79948,138.3,724.667,11.74,,inf,FAIL,-1.56,PASS
ss_-40c_2.97v,ss,-40,2.97,0,4.7,0.05,1.79948,138.3,724.667,11.80,,inf,FAIL,-1.56,PASS
ss_-40c_2.97v,ss,-40,2.97,0,4.7,0.2,1.79948,138.3,724.67,11.98,,inf,FAIL,-1.56,PASS
ss_-40c_2.97v,ss,-40,2.97,0,4.7,0.5,1.79948,138.3,724.688,12.35,,inf,FAIL,-1.56,PASS
ss_-40c_2.97v,ss,-40,2.97,0.1,0.33,0.001,1.79948,146.9,214807,73.48,,inf,PASS,9.704,FAIL
ss_-40c_2.97v,ss,-40,2.97,0.1,0.33,0.05,1.79948,146.9,214880,74.73,,inf,PASS,9.718,FAIL
ss_-40c_2.97v,ss,-40,2.97,0.1,0.33,0.2,1.79948,146.9,215986,78.47,,inf,PASS,9.922,FAIL
ss_-40c_2.97v,ss,-40,2.97,0.1,0.33,0.5,1.79948,146.9,222830,85.75,,inf,PASS,10.92,FAIL
ss_-40c_2.97v,ss,-40,2.97,0.1,1,0.001,1.79948,146.9,57851.1,90.38,,inf,PASS,0.06453,FAIL
ss_-40c_2.97v,ss,-40,2.97,0.1,1,0.05,1.79948,146.9,57862.6,91.40,,inf,PASS,0.1914,FAIL
ss_-40c_2.97v,ss,-40,2.97,0.1,1,0.2,1.79948,146.9,58036.8,94.52,,inf,PASS,1.756,FAIL
ss_-40c_2.97v,ss,-40,2.97,0.1,1,0.5,1.79948,146.9,59037.9,100.76,,inf,PASS,6.058,FAIL
ss_-40c_2.97v,ss,-40,2.97,0.1,4.7,0.001,1.79948,146.9,10431.2,74.73,,inf,PASS,-0.4609,PASS
ss_-40c_2.97v,ss,-40,2.97,0.1,4.7,0.05,1.79948,146.9,10432.3,75.60,,inf,PASS,-0.4598,PASS
ss_-40c_2.97v,ss,-40,2.97,0.1,4.7,0.2,1.79948,146.9,10449.2,78.28,,inf,PASS,-0.4428,PASS
ss_-40c_2.97v,ss,-40,2.97,0.1,4.7,0.5,1.79948,146.9,10549.7,83.80,,inf,PASS,4.863,FAIL
ss_-40c_2.97v,ss,-40,2.97,1,0.33,0.001,1.79948,147,777004,201.38,,inf,PASS,-3.138,PASS
ss_-40c_2.97v,ss,-40,2.97,1,0.33,0.05,1.79948,147,777442,205.89,,inf,PASS,-3.107,PASS
ss_-40c_2.97v,ss,-40,2.97,1,0.33,0.2,1.79948,147,784070,219.15,,inf,PASS,-2.655,PASS
ss_-40c_2.97v,ss,-40,2.97,1,0.33,0.5,1.79948,147,817358,240.61,,inf,PASS,-2.566,PASS
ss_-40c_2.97v,ss,-40,2.97,1,1,0.001,1.79948,147,651219,200.55,,inf,PASS,-3.706,PASS
ss_-40c_2.97v,ss,-40,2.97,1,1,0.05,1.79948,147,652931,212.03,,inf,PASS,-3.508,PASS
ss_-40c_2.97v,ss,-40,2.97,1,1,0.2,1.79948,147,676391,241.82,,inf,PASS,-3.577,PASS
ss_-40c_2.97v,ss,-40,2.97,1,1,0.5,1.79948,147,753906,268.72,,inf,PASS,-2.107,PASS
ss_-40c_2.97v,ss,-40,2.97,1,4.7,0.001,1.79948,147,94271,86.42,,inf,PASS,1.682,FAIL
ss_-40c_2.97v,ss,-40,2.97,1,4.7,0.05,1.79948,147,95319.6,94.15,,inf,PASS,3.723,FAIL
ss_-40c_2.97v,ss,-40,2.97,1,4.7,0.2,1.79948,147,118408,118.39,,inf,PASS,11.93,FAIL
ss_-40c_2.97v,ss,-40,2.97,1,4.7,0.5,1.79948,147,741830,286.50,,inf,PASS,-2.721,PASS
ss_-40c_2.97v,ss,-40,2.97,10,0.33,0.001,1.79948,144.5,1.01696e+06,193.90,,inf,PASS,-2.955,PASS
ss_-40c_2.97v,ss,-40,2.97,10,0.33,0.05,1.79948,144.5,1.01809e+06,199.76,,inf,PASS,-2.904,PASS
ss_-40c_2.97v,ss,-40,2.97,10,0.33,0.2,1.79948,144.5,1.03555e+06,216.45,,inf,PASS,-2.158,PASS
ss_-40c_2.97v,ss,-40,2.97,10,0.33,0.5,1.79948,144.5,1.11662e+06,240.06,,inf,PASS,-2.46,PASS
ss_-40c_2.97v,ss,-40,2.97,10,1,0.001,1.79948,144.5,807578,199.58,,inf,PASS,-3.312,PASS
ss_-40c_2.97v,ss,-40,2.97,10,1,0.05,1.79948,144.5,812474,213.48,,inf,PASS,-3.003,PASS
ss_-40c_2.97v,ss,-40,2.97,10,1,0.2,1.79948,144.5,873075,245.28,,inf,PASS,-3.267,PASS
ss_-40c_2.97v,ss,-40,2.97,10,1,0.5,1.79948,144.5,1.04371e+06,265.78,,inf,PASS,-1.53,PASS
ss_-40c_2.97v,ss,-40,2.97,10,4.7,0.001,1.79948,144.5,628221,197.49,,inf,PASS,-3.247,PASS
ss_-40c_2.97v,ss,-40,2.97,10,4.7,0.05,1.79948,144.5,656864,243.01,,inf,PASS,-2.783,PASS
ss_-40c_2.97v,ss,-40,2.97,10,4.7,0.2,1.79948,144.5,814188,277.24,,inf,PASS,-2.383,PASS
ss_-40c_2.97v,ss,-40,2.97,10,4.7,0.5,1.79948,144.5,1.03156e+06,279.26,,inf,PASS,-1.863,PASS
ss_-40c_2.97v,ss,-40,2.97,25,0.33,0.001,1.79948,141.8,1.10318e+06,191.22,,inf,PASS,-3.297,PASS
ss_-40c_2.97v,ss,-40,2.97,25,0.33,0.05,1.79948,141.8,1.10462e+06,197.57,,inf,PASS,-3.237,PASS
ss_-40c_2.97v,ss,-40,2.97,25,0.33,0.2,1.79948,141.8,1.12741e+06,215.44,,inf,PASS,-2.361,PASS
ss_-40c_2.97v,ss,-40,2.97,25,0.33,0.5,1.79948,141.8,1.22895e+06,239.52,,inf,PASS,-2.268,PASS
ss_-40c_2.97v,ss,-40,2.97,25,1,0.001,1.79948,141.8,868102,197.65,,inf,PASS,-2.066,PASS
ss_-40c_2.97v,ss,-40,2.97,25,1,0.05,1.79948,141.8,874463,212.52,,inf,PASS,-3.577,PASS
ss_-40c_2.97v,ss,-40,2.97,25,1,0.2,1.79948,141.8,952384,245.10,,inf,PASS,-1.701,PASS
ss_-40c_2.97v,ss,-40,2.97,25,1,0.5,1.79948,141.8,1.1572e+06,263.88,,inf,PASS,-2.521,PASS
ss_-40c_2.97v,ss,-40,2.97,25,4.7,0.001,1.79948,141.8,658809,199.38,,inf,PASS,-2.779,PASS
ss_-40c_2.97v,ss,-40,2.97,25,4.7,0.05,1.79948,141.8,696491,245.27,,inf,PASS,-3.903,PASS
ss_-40c_2.97v,ss,-40,2.97,25,4.7,0.2,1.79948,141.8,891672,275.75,,inf,PASS,-2.251,PASS
ss_-40c_2.97v,ss,-40,2.97,25,4.7,0.5,1.79948,141.8,1.14544e+06,276.09,,inf,PASS,-1.43,PASS
ss_-40c_2.97v,ss,-40,2.97,50,0.33,0.001,1.79948,138.6,1.16476e+06,189.44,,inf,PASS,-2.958,PASS
ss_-40c_2.97v,ss,-40,2.97,50,0.33,0.05,1.79948,138.6,1.16641e+06,196.14,,inf,PASS,-2.894,PASS
ss_-40c_2.97v,ss,-40,2.97,50,0.33,0.2,1.79948,138.6,1.19289e+06,214.83,,inf,PASS,-1.95,PASS
ss_-40c_2.97v,ss,-40,2.97,50,0.33,0.5,1.79948,138.6,1.30977e+06,239.15,,inf,PASS,-1.672,PASS
ss_-40c_2.97v,ss,-40,2.97,50,1,0.001,1.79948,138.6,912084,196.19,,inf,PASS,-3.71,PASS
ss_-40c_2.97v,ss,-40,2.97,50,1,0.05,1.79948,138.6,919832,211.75,,inf,PASS,-3.312,PASS
ss_-40c_2.97v,ss,-40,2.97,50,1,0.2,1.79948,138.6,1.01097e+06,244.84,,inf,PASS,-2.728,PASS
ss_-40c_2.97v,ss,-40,2.97,50,1,0.5,1.79948,138.6,1.23974e+06,262.51,,inf,PASS,-1.819,PASS
ss_-40c_2.97v,ss,-40,2.97,50,4.7,0.001,1.79948,138.6,682539,199.78,,inf,PASS,-3.145,PASS
ss_-40c_2.97v,ss,-40,2.97,50,4.7,0.05,1.79948,138.6,727015,246.23,,inf,PASS,-3.759,PASS
ss_-40c_2.97v,ss,-40,2.97,50,4.7,0.2,1.79948,138.6,949546,274.47,,inf,PASS,-1.639,PASS
ss_-40c_2.97v,ss,-40,2.97,50,4.7,0.5,1.79948,138.6,1.22873e+06,273.90,,inf,PASS,-2.051,PASS
ss_-40c_3.30v,ss,-40,3.3,0,0.33,0.001,1.79946,138.7,3375.81,44.43,615924,23.57,FAIL,-0.9594,PASS
ss_-40c_3.30v,ss,-40,3.3,0,0.33,0.05,1.79946,138.7,3375.8,44.45,617829,22.92,FAIL,-0.9594,PASS
ss_-40c_3.30v,ss,-40,3.3,0,0.33,0.2,1.79946,138.7,3375.81,44.51,623574,20.77,FAIL,-0.9594,PASS
ss_-40c_3.30v,ss,-40,3.3,0,0.33,0.5,1.79946,138.7,3375.82,44.63,632509,17.54,FAIL,-0.9593,PASS
ss_-40c_3.30v,ss,-40,3.3,0,1,0.001,1.79946,138.7,1744.42,26.54,616003,33.17,FAIL,-1.378,PASS
ss_-40c_3.30v,ss,-40,3.3,0,1,0.05,1.79946,138.7,1744.42,26.57,621748,31.12,FAIL,-1.378,PASS
ss_-40c_3.30v,ss,-40,3.3,0,1,0.2,1.79946,138.7,1744.43,26.67,634210,27.11,FAIL,-1.378,PASS
ss_-40c_3.30v,ss,-40,3.3,0,1,0.5,1.79946,138.7,1744.44,26.86,642258,24.69,FAIL,-1.378,PASS
ss_-40c_3.30v,ss,-40,3.3,0,4.7,0.001,1.79946,138.6,771.922,12.48,616439,46.47,FAIL,-1.271,PASS
ss_-40c_3.30v,ss,-40,3.3,0,4.7,0.05,1.79946,138.6,771.922,12.54,635697,40.41,FAIL,-1.271,PASS
ss_-40c_3.30v,ss,-40,3.3,0,4.7,0.2,1.79946,138.6,771.926,12.74,646006,34.43,FAIL,-1.271,PASS
ss_-40c_3.30v,ss,-40,3.3,0,4.7,0.5,1.79946,138.6,771.948,13.13,648808,27.54,FAIL,-1.27,PASS
ss_-40c_3.30v,ss,-40,3.3,0.1,0.33,0.001,1.79946,147.4,246054,70.63,,inf,PASS,17.77,FAIL
ss_-40c_3.30v,ss,-40,3.3,0.1,0.33,0.05,1.79946,147.4,246167,72.05,,inf,PASS,17.78,FAIL
ss_-40c_3.30v,ss,-40,3.3,0.1,0.33,0.2,1.79946,147.4,247888,76.31,,inf,PASS,18.03,FAIL
ss_-40c_3.30v,ss,-40,3.3,0.1,0.33,0.5,1.79946,147.4,258918,84.49,,inf,PASS,19.19,FAIL
ss_-40c_3.30v,ss,-40,3.3,0.1,1,0.001,1.79946,147.4,66921.3,89.58,,inf,PASS,8.115,FAIL
ss_-40c_3.30v,ss,-40,3.3,0.1,1,0.05,1.79946,147.4,66938.7,90.76,,inf,PASS,8.267,FAIL
ss_-40c_3.30v,ss,-40,3.3,0.1,1,0.2,1.79946,147.4,67202.2,94.35,,inf,PASS,10.08,FAIL
ss_-40c_3.30v,ss,-40,3.3,0.1,1,0.5,1.79946,147.4,68724.3,101.54,,inf,PASS,14.72,FAIL
ss_-40c_3.30v,ss,-40,3.3,0.1,4.7,0.001,1.79946,147.4,11742.6,77.15,,inf,PASS,-0.6256,PASS
ss_-40c_3.30v,ss,-40,3.3,0.1,4.7,0.05,1.79946,147.4,11744.3,78.12,,inf,PASS,-0.6241,PASS
ss_-40c_3.30v,ss,-40,3.3,0.1,4.7,0.2,1.79946,147.4,11769.8,81.15,,inf,PASS,6.016,FAIL
ss_-40c_3.30v,ss,-40,3.3,0.1,4.7,0.5,1.79946,147.4,11914.9,87.39,,inf,PASS,13.69,FAIL
ss_-40c_3.30v,ss,-40,3.3,1,0.33,0.001,1.79946,147.6,860741,204.07,,inf,PASS,-2.688,PASS
ss_-40c_3.30v,ss,-40,3.3,1,0.33,0.05,1.79946,147.6,861328,209.05,,inf,PASS,-2.651,PASS
ss_-40c_3.30v,ss,-40,3.3,1,0.33,0.2,1.79946,147.6,870043,223.51,,inf,PASS,-2.113,PASS
ss_-40c_3.30v,ss,-40,3.3,1,0.33,0.5,1.79946,147.6,913724,245.71,,inf,PASS,-3.519,PASS
ss_-40c_3.30v,ss,-40,3.3,1,1,0.001,1.79946,147.6,722181,206.91,,inf,PASS,-3.067,PASS
ss_-40c_3.30v,ss,-40,3.3,1,1,0.05,1.79946,147.6,724346,219.51,,inf,PASS,-2.829,PASS
ss_-40c_3.30v,ss,-40,3.3,1,1,0.2,1.79946,147.6,755146,249.98,,inf,PASS,-2.629,PASS
ss_-40c_3.30v,ss,-40,3.3,1,1,0.5,1.79946,147.6,851416,273.64,,inf,PASS,-2.685,PASS
ss_-40c_3.30v,ss,-40,3.3,1,4.7,0.001,1.79946,147.6,108531,84.90,,inf,PASS,6.287,FAIL
ss_-40c_3.30v,ss,-40,3.3,1,4.7,0.05,1.79946,147.6,110131,93.77,,inf,PASS,8.81,FAIL
ss_-40c_3.30v,ss,-40,3.3,1,4.7,0.2,1.79946,147.6,151524,121.76,,inf,PASS,17.61,FAIL
ss_-40c_3.30v,ss,-40,3.3,1,4.7,0.5,1.79946,147.6,839780,289.86,,inf,PASS,-3.159,PASS
ss_-40c_3.30v,ss,-40,3.3,10,0.33,0.001,1.79946,145.6,1.12849e+06,194.72,,inf,PASS,-2.5,PASS
ss_-40c_3.30v,ss,-40,3.3,10,0.33,0.05,1.79946,145.6,1.13004e+06,201.21,,inf,PASS,-2.437,PASS
ss_-40c_3.30v,ss,-40,3.3,10,0.33,0.2,1.79946,145.6,1.1536e+06,219.39,,inf,PASS,-3.253,PASS
ss_-40c_3.30v,ss,-40,3.3,10,0.33,0.5,1.79946,145.6,1.25869e+06,243.41,,inf,PASS,-1.516,PASS
ss_-40c_3.30v,ss,-40,3.3,10,1,0.001,1.79946,145.6,896773,201.67,,inf,PASS,-2.782,PASS
ss_-40c_3.30v,ss,-40,3.3,10,1,0.05,1.79946,145.6,903294,216.99,,inf,PASS,-2.413,PASS
ss_-40c_3.30v,ss,-40,3.3,10,1,0.2,1.79946,145.6,983279,249.72,,inf,PASS,-2.284,PASS
ss_-40c_3.30v,ss,-40,3.3,10,1,0.5,1.79946,145.6,1.1898e+06,267.62,,inf,PASS,-1.738,PASS
ss_-40c_3.30v,ss,-40,3.3,10,4.7,0.001,1.79946,145.6,699516,204.59,,inf,PASS,-5.127,PASS
ss_-40c_3.30v,ss,-40,3.3,10,4.7,0.05,1.79946,145.6,736892,251.65,,inf,PASS,-3.872,PASS
ss_-40c_3.30v,ss,-40,3.3,10,4.7,0.2,1.79946,145.6,926359,279.99,,inf,PASS,-2.638,PASS
ss_-40c_3.30v,ss,-40,3.3,10,4.7,0.5,1.79946,145.6,1.17886e+06,279.56,,inf,PASS,-1.992,PASS
ss_-40c_3.30v,ss,-40,3.3,25,0.33,0.001,1.79946,143.5,1.22496e+06,191.69,,inf,PASS,-2.832,PASS
ss_-40c_3.30v,ss,-40,3.3,25,0.33,0.05,1.79946,143.5,1.22697e+06,198.73,,inf,PASS,-2.758,PASS
ss_-40c_3.30v,ss,-40,3.3,25,0.33,0.2,1.79946,143.5,1.25735e+06,218.17,,inf,PASS,-1.723,PASS
ss_-40c_3.30v,ss,-40,3.3,25,0.33,0.5,1.79946,143.5,1.38883e+06,242.49,,inf,PASS,-2.73,PASS
ss_-40c_3.30v,ss,-40,3.3,25,1,0.001,1.79946,143.5,964583,199.11,,inf,PASS,-3.423,PASS
ss_-40c_3.30v,ss,-40,3.3,25,1,0.05,1.79946,143.5,973413,215.49,,inf,PASS,-2.983,PASS
ss_-40c_3.30v,ss,-40,3.3,25,1,0.2,1.79946,143.5,1.07531e+06,248.94,,inf,PASS,-2.245,PASS
ss_-40c_3.30v,ss,-40,3.3,25,1,0.5,1.79946,143.5,1.32135e+06,265.17,,inf,PASS,-2.666,PASS
ss_-40c_3.30v,ss,-40,3.3,25,4.7,0.001,1.79946,143.5,733373,204.41,,inf,PASS,-4.47,PASS
ss_-40c_3.30v,ss,-40,3.3,25,4.7,0.05,1.79946,143.5,782784,252.20,,inf,PASS,-2.787,PASS
ss_-40c_3.30v,ss,-40,3.3,25,4.7,0.2,1.79946,143.5,1.01737e+06,277.58,,inf,PASS,-2.417,PASS
ss_-40c_3.30v,ss,-40,3.3,25,4.7,0.5,1.79946,143.5,1.31116e+06,275.93,,inf,PASS,-1.517,PASS
ss_-40c_3.30v,ss,-40,3.3,50,0.33,0.001,1.79946,141,1.29343e+06,189.65,,inf,PASS,-2.488,PASS
ss_-40c_3.30v,ss,-40,3.3,50,0.33,0.05,1.79946,141,1.29574e+06,197.07,,inf,PASS,-2.409,PASS
ss_-40c_3.30v,ss,-40,3.3,50,0.33,0.2,1.79946,141,1.33181e+06,217.38,,inf,PASS,-2.932,PASS
ss_-40c_3.30v,ss,-40,3.3,50,0.33,0.5,1.79946,141,1.4827e+06,241.81,,inf,PASS,-2.095,PASS
ss_-40c_3.30v,ss,-40,3.3,50,1,0.001,1.79946,141,1.01374e+06,197.21,,inf,PASS,-3.192,PASS
ss_-40c_3.30v,ss,-40,3.3,50,1,0.05,1.79946,141,1.02416e+06,214.37,,inf,PASS,-2.715,PASS
ss_-40c_3.30v,ss,-40,3.3,50,1,0.2,1.79946,141,1.14265e+06,248.26,,inf,PASS,-1.69,PASS
ss_-40c_3.30v,ss,-40,3.3,50,1,0.5,1.79946,141,1.4171e+06,263.42,,inf,PASS,-1.943,PASS
ss_-40c_3.30v,ss,-40,3.3,50,4.7,0.001,1.79946,141,758664,203.76,,inf,PASS,-4.724,PASS
ss_-40c_3.30v,ss,-40,3.3,50,4.7,0.05,1.79946,141,818142,252.14,,inf,PASS,-2.66,PASS
ss_-40c_3.30v,ss,-40,3.3,50,4.7,0.2,1.79946,141,1.08503e+06,275.72,,inf,PASS,-1.771,PASS
ss_-40c_3.30v,ss,-40,3.3,50,4.7,0.5,1.79946,141,1.40735e+06,273.44,,inf,PASS,-2.119,PASS
ss_-40c_3.63v,ss,-40,3.63,0,0.33,0.001,1.7994,137.9,3623.41,46.56,656941,29.61,PASS,-0.6189,PASS
ss_-40c_3.63v,ss,-40,3.63,0,0.33,0.05,1.7994,137.9,3623.41,46.58,661544,29.12,PASS,-0.6189,PASS
ss_-40c_3.63v,ss,-40,3.63,0,0.33,0.2,1.7994,137.9,3623.41,46.65,668863,28.26,PASS,-0.6189,PASS
ss_-40c_3.63v,ss,-40,3.63,0,0.33,0.5,1.7994,137.9,3623.42,46.78,681334,25.87,PASS,-0.6189,PASS
ss_-40c_3.63v,ss,-40,3.63,0,1,0.001,1.7994,137.9,1852.03,27.96,657180,39.22,FAIL,-1.154,PASS
ss_-40c_3.63v,ss,-40,3.63,0,1,0.05,1.7994,137.9,1852.03,27.99,666540,38.20,FAIL,-1.154,PASS
ss_-40c_3.63v,ss,-40,3.63,0,1,0.2,1.7994,137.9,1852.03,28.09,684797,34.58,FAIL,-1.154,PASS
ss_-40c_3.63v,ss,-40,3.63,0,1,0.5,1.7994,137.9,1852.04,28.29,700948,30.00,FAIL,-1.154,PASS
ss_-40c_3.63v,ss,-40,3.63,0,4.7,0.001,1.7994,137.8,815.536,13.17,658498,52.51,FAIL,-1.117,PASS
ss_-40c_3.63v,ss,-40,3.63,0,4.7,0.05,1.7994,137.8,815.536,13.24,687787,47.12,FAIL,-1.117,PASS
ss_-40c_3.63v,ss,-40,3.63,0,4.7,0.2,1.7994,137.8,815.54,13.44,708238,39.43,FAIL,-1.117,PASS
ss_-40c_3.63v,ss,-40,3.63,0,4.7,0.5,1.7994,137.8,815.566,13.86,713568,32.32,FAIL,-1.116,PASS
ss_-40c_3.63v,ss,-40,3.63,0.1,0.33,0.001,1.7994,146.9,276468,67.86,639886,-15.04,FAIL,24.38,FAIL
ss_-40c_3.63v,ss,-40,3.63,0.1,0.33,0.05,1.7994,146.9,276640,69.45,640882,-15.51,FAIL,24.4,FAIL
ss_-40c_3.63v,ss,-40,3.63,0.1,0.33,0.2,1.7994,146.9,279273,74.18,643860,-17.12,FAIL,24.69,FAIL
ss_-40c_3.63v,ss,-40,3.63,0.1,0.33,0.5,1.7994,146.9,296291,83.15,648909,-20.71,FAIL,26.05,FAIL
ss_-40c_3.63v,ss,-40,3.63,0.1,1,0.001,1.7994,146.9,75762.6,88.68,639938,-5.45,FAIL,14.8,FAIL
ss_-40c_3.63v,ss,-40,3.63,0.1,1,0.05,1.7994,146.9,75786.7,90.01,642934,-6.97,FAIL,14.98,FAIL
ss_-40c_3.63v,ss,-40,3.63,0.1,1,0.2,1.7994,146.9,76164.7,94.07,650373,-12.37,FAIL,17.08,FAIL
ss_-40c_3.63v,ss,-40,3.63,0.1,1,0.5,1.7994,146.9,78383.8,102.18,656986,-20.34,FAIL,22.05,FAIL
ss_-40c_3.63v,ss,-40,3.63,0.1,4.7,0.001,1.7994,146.9,13050.3,79.17,640171,7.88,FAIL,1.378,FAIL
ss_-40c_3.63v,ss,-40,3.63,0.1,4.7,0.05,1.7994,146.9,13052.7,80.26,651634,-0.13,FAIL,4.281,FAIL
ss_-40c_3.63v,ss,-40,3.63,0.1,4.7,0.2,1.7994,146.9,13088,83.62,660104,-13.21,FAIL,13.48,FAIL
ss_-40c_3.63v,ss,-40,3.63,0.1,4.7,0.5,1.7994,146.9,13296.2,90.60,664213,-19.35,FAIL,21.21,FAIL
ss_-40c_3.63v,ss,-40,3.63,1,0.33,0.001,1.7994,147.1,940196,206.65,,inf,PASS,-2.867,PASS
ss_-40c_3.63v,ss,-40,3.63,1,0.33,0.05,1.7994,147.1,940971,212.07,,inf,PASS,-2.822,PASS
ss_-40c_3.63v,ss,-40,3.63,1,0.33,0.2,1.7994,147.1,952331,227.59,,inf,PASS,-2.183,PASS
ss_-40c_3.63v,ss,-40,3.63,1,0.33,0.5,1.7994,147.1,1.00755e+06,250.19,,inf,PASS,-3.263,PASS
ss_-40c_3.63v,ss,-40,3.63,1,1,0.001,1.7994,147.1,789367,212.80,,inf,PASS,-3.277,PASS
ss_-40c_3.63v,ss,-40,3.63,1,1,0.05,1.7994,147.1,792213,226.38,,inf,PASS,-2.992,PASS
ss_-40c_3.63v,ss,-40,3.63,1,1,0.2,1.7994,147.1,830667,257.07,,inf,PASS,-2.409,PASS
ss_-40c_3.63v,ss,-40,3.63,1,1,0.5,1.7994,147.1,945714,277.62,,inf,PASS,-2.144,PASS
ss_-40c_3.63v,ss,-40,3.63,1,4.7,0.001,1.7994,147.1,122401,83.45,,inf,PASS,9.687,FAIL
ss_-40c_3.63v,ss,-40,3.63,1,4.7,0.05,1.7994,147.1,124691,93.42,,inf,PASS,12.58,FAIL
ss_-40c_3.63v,ss,-40,3.63,1,4.7,0.2,1.7994,147.1,205036,125.11,,inf,PASS,21.73,FAIL
ss_-40c_3.63v,ss,-40,3.63,1,4.7,0.5,1.7994,147.1,935215,292.47,,inf,PASS,-2.542,PASS
ss_-40c_3.63v,ss,-40,3.63,10,0.33,0.001,1.7994,145.6,1.23426e+06,195.56,,inf,PASS,-2.604,PASS
ss_-40c_3.63v,ss,-40,3.63,10,0.33,0.05,1.7994,145.6,1.23632e+06,202.65,,inf,PASS,-2.528,PASS
ss_-40c_3.63v,ss,-40,3.63,10,0.33,0.2,1.7994,145.6,1.26696e+06,222.15,,inf,PASS,-3.176,PASS
ss_-40c_3.63v,ss,-40,3.63,10,0.33,0.5,1.7994,145.6,1.39812e+06,246.24,,inf,PASS,-2.565,PASS
ss_-40c_3.63v,ss,-40,3.63,10,1,0.001,1.7994,145.6,981284,203.69,,inf,PASS,-2.876,PASS
ss_-40c_3.63v,ss,-40,3.63,10,1,0.05,1.7994,145.6,989832,220.30,,inf,PASS,-2.434,PASS
ss_-40c_3.63v,ss,-40,3.63,10,1,0.2,1.7994,145.6,1.09003e+06,253.51,,inf,PASS,-1.856,PASS
ss_-40c_3.63v,ss,-40,3.63,10,1,0.5,1.7994,145.6,1.33234e+06,269.00,,inf,PASS,-2.478,PASS
ss_-40c_3.63v,ss,-40,3.63,10,4.7,0.001,1.7994,145.6,766042,211.21,,inf,PASS,-5.223,PASS
ss_-40c_3.63v,ss,-40,3.63,10,4.7,0.05,1.7994,145.6,813303,259.04,,inf,PASS,-3.486,PASS
ss_-40c_3.63v,ss,-40,3.63,10,4.7,0.2,1.7994,145.6,1.03564e+06,282.08,,inf,PASS,-1.953,PASS
ss_-40c_3.63v,ss,-40,3.63,10,4.7,0.5,1.7994,145.6,1.32214e+06,279.73,,inf,PASS,-2.673,PASS
ss_-40c_3.63v,ss,-40,3.63,25,0.33,0.001,1.7994,143.8,1.34087e+06,192.24,,inf,PASS,-2.904,PASS
ss_-40c_3.63v,ss,-40,3.63,25,0.33,0.05,1.7994,143.8,1.34355e+06,199.93,,inf,PASS,-2.814,PASS
ss_-40c_3.63v,ss,-40,3.63,25,0.33,0.2,1.7994,143.8,1.38313e+06,220.77,,inf,PASS,-3.243,PASS
ss_-40c_3.63v,ss,-40,3.63,25,0.33,0.5,1.7994,143.8,1.54641e+06,244.98,,inf,PASS,-2.229,PASS
ss_-40c_3.63v,ss,-40,3.63,25,1,0.001,1.7994,143.8,1.05641e+06,200.58,,inf,PASS,-3.477,PASS
ss_-40c_3.63v,ss,-40,3.63,25,1,0.05,1.7994,143.8,1.06799e+06,218.37,,inf,PASS,-2.952,PASS
ss_-40c_3.63v,ss,-40,3.63,25,1,0.2,1.7994,143.8,1.1954e+06,252.22,,inf,PASS,-1.749,PASS
ss_-40c_3.63v,ss,-40,3.63,25,1,0.5,1.7994,143.8,1.48306e+06,266.12,,inf,PASS,-1.978,PASS
ss_-40c_3.63v,ss,-40,3.63,25,4.7,0.001,1.7994,143.8,803823,209.25,,inf,PASS,-4.507,PASS
ss_-40c_3.63v,ss,-40,3.63,25,4.7,0.05,1.7994,143.8,866044,258.20,,inf,PASS,-2.329,PASS
ss_-40c_3.63v,ss,-40,3.63,25,4.7,0.2,1.7994,143.8,1.14054e+06,278.97,,inf,PASS,-1.69,PASS
ss_-40c_3.63v,ss,-40,3.63,25,4.7,0.5,1.7994,143.8,1.4738e+06,275.75,,inf,PASS,-2.139,PASS
ss_-40c_3.63v,ss,-40,3.63,50,0.33,0.001,1.7994,141.7,1.41746e+06,190.01,,inf,PASS,-2.515,PASS
ss_-40c_3.63v,ss,-40,3.63,50,0.33,0.05,1.7994,141.7,1.42058e+06,198.13,,inf,PASS,-2.418,PASS
ss_-40c_3.63v,ss,-40,3.63,50,0.33,0.2,1.7994,141.7,1.46773e+06,219.89,,inf,PASS,-2.735,PASS
ss_-40c_3.63v,ss,-40,3.63,50,0.33,0.5,1.7994,141.7,1.65417e+06,244.09,,inf,PASS,-1.533,PASS
ss_-40c_3.63v,ss,-40,3.63,50,1,0.001,1.7994,141.7,1.11161e+06,198.38,,inf,PASS,-3.197,PASS
ss_-40c_3.63v,ss,-40,3.63,50,1,0.05,1.7994,141.7,1.12531e+06,217.02,,inf,PASS,-2.627,PASS
ss_-40c_3.63v,ss,-40,3.63,50,1,0.2,1.7994,141.7,1.27395e+06,251.24,,inf,PASS,-2.617,PASS
ss_-40c_3.63v,ss,-40,3.63,50,1,0.5,1.7994,141.7,1.59302e+06,264.12,,inf,PASS,-2.55,PASS
ss_-40c_3.63v,ss,-40,3.63,50,4.7,0.001,1.7994,141.7,832591,207.67,,inf,PASS,-4.699,PASS
ss_-40c_3.63v,ss,-40,3.63,50,4.7,0.05,1.7994,141.7,907558,257.43,,inf,PASS,-2.125,PASS
ss_-40c_3.63v,ss,-40,3.63,50,4.7,0.2,1.7994,141.7,1.21966e+06,276.72,,inf,PASS,-2.405,PASS
ss_-40c_3.63v,ss,-40,3.63,50,4.7,0.5,1.7994,141.7,1.58415e+06,273.07,,inf,PASS,-1.352,PASS
ss_27c_2.97v,ss,27,2.97,0,0.33,0.001,1.79939,136.3,2408,32.90,,inf,FAIL,-1.305,PASS
ss_27c_2.97v,ss,27,2.97,0,0.33,0.05,1.79939,136.3,2408,32.91,,inf,FAIL,-1.305,PASS
ss_27c_2.97v,ss,27,2.97,0,0.33,0.2,1.79939,136.3,2408,32.95,,inf,FAIL,-1.305,PASS
ss_27c_2.97v,ss,27,2.97,0,0.33,0.5,1.79939,136.3,2408.01,33.04,,inf,FAIL,-1.305,PASS
ss_27c_2.97v,ss,27,2.97,0,1,0.001,1.79939,136.3,1308.93,19.27,,inf,FAIL,-0.8756,PASS
ss_27c_2.97v,ss,27,2.97,0,1,0.05,1.79939,136.3,1308.93,19.30,,inf,FAIL,-0.8756,PASS
ss_27c_2.97v,ss,27,2.97,0,1,0.2,1.79939,136.3,1308.94,19.37,,inf,FAIL,-0.8756,PASS
ss_27c_2.97v,ss,27,2.97,0,1,0.5,1.79939,136.3,1308.94,19.51,,inf,FAIL,-0.8755,PASS
ss_27c_2.97v,ss,27,2.97,0,4.7,0.001,1.79939,136.2,590.976,9.03,,inf,FAIL,-1.128,PASS
ss_27c_2.97v,ss,27,2.97,0,4.7,0.05,1.79939,136.2,590.976,9.07,,inf,FAIL,-1.128,PASS
ss_27c_2.97v,ss,27,2.97,0,4.7,0.2,1.79939,136.2,590.977,9.22,,inf,FAIL,-1.128,PASS
ss_27c_2.97v,ss,27,2.97,0,4.7,0.5,1.79939,136.2,590.987,9.53,,inf,FAIL,-1.127,PASS
ss_27c_2.97v,ss,27,2.97,0.1,0.33,0.001,1.79939,146.5,136177,81.53,,inf,PASS,4.94,FAIL
ss_27c_2.97v,ss,27,2.97,0.1,0.33,0.05,1.79939,146.5,136192,82.32,,inf,PASS,4.953,FAIL
ss_27c_2.97v,ss,27,2.97,0.1,0.33,0.2,1.79939,146.5,136428,84.73,,inf,PASS,5.14,FAIL
ss_27c_2.97v,ss,27,2.97,0.1,0.33,0.5,1.79939,146.5,137771,89.47,,inf,PASS,6.063,FAIL
ss_27c_2.97v,ss,27,2.97,0.1,1,0.001,1.79939,146.5,36888.1,90.55,,inf,PASS,-0.551,PASS
ss_27c_2.97v,ss,27,2.97,0.1,1,0.05,1.79939,146.5,36891,91.20,,inf,PASS,-0.5504,PASS
ss_27c_2.97v,ss,27,2.97,0.1,1,0.2,1.79939,146.5,36935.9,93.20,,inf,PASS,-0.5402,PASS
ss_27c_2.97v,ss,27,2.97,0.1,1,0.5,1.79939,146.5,37190.6,97.23,,inf,PASS,1.004,FAIL
ss_27c_2.97v,ss,27,2.97,0.1,4.7,0.001,1.79939,146.5,7552.49,65.77,,inf,PASS,-0.5168,PASS
ss_27c_2.97v,ss,27,2.97,0.1,4.7,0.05,1.79939,146.5,7552.87,66.40,,inf,PASS,-0.5163,PASS
ss_27c_2.97v,ss,27,2.97,0.1,4.7,0.2,1.79939,146.5,7558.64,68.34,,inf,PASS,-0.5074,PASS
ss_27c_2.97v,ss,27,2.97,0.1,4.7,0.5,1.79939,146.5,7591.52,72.29,,inf,PASS,-0.2872,PASS
ss_27c_2.97v,ss,27,2.97,1,0.33,0.001,1.79939,146.6,705908,200.26,,inf,PASS,-3.451,PASS
ss_27c_2.97v,ss,27,2.97,1,0.33,0.05,1.79939,146.6,706223,204.37,,inf,PASS,-3.425,PASS
ss_27c_2.97v,ss,27,2.97,1,0.33,0.2,1.79939,146.6,711021,216.59,,inf,PASS,-3.045,PASS
ss_27c_2.97v,ss,27,2.97,1,0.33,0.5,1.79939,146.6,735255,237.28,,inf,PASS,-3.276,PASS
ss_27c_2.97v,ss,27,2.97,1,1,0.001,1.79939,146.6,597728,194.20,,inf,PASS,-3.549,PASS
ss_27c_2.97v,ss,27,2.97,1,1,0.05,1.79939,146.6,598936,204.91,,inf,PASS,-3.383,PASS
ss_27c_2.97v,ss,27,2.97,1,1,0.2,1.79939,146.6,616389,234.32,,inf,PASS,-3.933,PASS
ss_27c_2.97v,ss,27,2.97,1,1,0.5,1.79939,146.6,675903,264.62,,inf,PASS,-3.024,PASS
ss_27c_2.97v,ss,27,2.97,1,4.7,0.001,1.79939,146.6,64226,89.75,,inf,PASS,-0.5485,PASS
ss_27c_2.97v,ss,27,2.97,1,4.7,0.05,1.79939,146.6,64571.1,95.05,,inf,PASS,-0.5035,PASS
ss_27c_2.97v,ss,27,2.97,1,4.7,0.2,1.79939,146.6,70594.2,111.62,,inf,PASS,7.394,FAIL
ss_27c_2.97v,ss,27,2.97,1,4.7,0.5,1.79939,146.6,663298,283.77,,inf,PASS,-3.752,PASS
ss_27c_2.97v,ss,27,2.97,10,0.33,0.001,1.79939,144.1,925170,194.34,,inf,PASS,-3.079,PASS
ss_27c_2.97v,ss,27,2.97,10,0.33,0.05,1.79939,144.1,926008,199.68,,inf,PASS,-3.037,PASS
ss_27c_2.97v,ss,27,2.97,10,0.33,0.2,1.79939,144.1,939159,215.09,,inf,PASS,-2.406,PASS
ss_27c_2.97v,ss,27,2.97,10,0.33,0.5,1.79939,144.1,1.0015e+06,238.09,,inf,PASS,-3.067,PASS
ss_27c_2.97v,ss,27,2.97,10,1,0.001,1.79939,144.1,737729,198.49,,inf,PASS,-3.319,PASS
ss_27c_2.97v,ss,27,2.97,10,1,0.05,1.79939,144.1,741359,211.29,,inf,PASS,-3.061,PASS
ss_27c_2.97v,ss,27,2.97,10,1,0.2,1.79939,144.1,787796,242.15,,inf,PASS,-2.093,PASS
ss_27c_2.97v,ss,27,2.97,10,1,0.5,1.79939,144.1,927705,264.96,,inf,PASS,-2.381,PASS
ss_27c_2.97v,ss,27,2.97,10,4.7,0.001,1.79939,144.1,578619,189.30,,inf,PASS,-5.499,PASS
ss_27c_2.97v,ss,27,2.97,10,4.7,0.05,1.79939,144.1,600719,234.39,,inf,PASS,-2.793,PASS
ss_27c_2.97v,ss,27,2.97,10,4.7,0.2,1.79939,144.1,728792,275.10,,inf,PASS,-3.157,PASS
ss_27c_2.97v,ss,27,2.97,10,4.7,0.5,1.79939,144.1,913987,279.97,,inf,PASS,-2.779,PASS
ss_27c_2.97v,ss,27,2.97,25,0.33,0.001,1.79939,141.3,1.00346e+06,191.82,,inf,PASS,-3.415,PASS
ss_27c_2.97v,ss,27,2.97,25,0.33,0.05,1.79939,141.3,1.00453e+06,197.61,,inf,PASS,-3.365,PASS
ss_27c_2.97v,ss,27,2.97,25,0.33,0.2,1.79939,141.3,1.02176e+06,214.12,,inf,PASS,-2.624,PASS
ss_27c_2.97v,ss,27,2.97,25,0.33,0.5,1.79939,141.3,1.10073e+06,237.72,,inf,PASS,-2.894,PASS
ss_27c_2.97v,ss,27,2.97,25,1,0.001,1.79939,141.3,791966,197.12,,inf,PASS,-2.088,PASS
ss_27c_2.97v,ss,27,2.97,25,1,0.05,1.79939,141.3,796690,210.79,,inf,PASS,-3.686,PASS
ss_27c_2.97v,ss,27,2.97,25,1,0.2,1.79939,141.3,857051,242.44,,inf,PASS,-2.24,PASS
ss_27c_2.97v,ss,27,2.97,25,1,0.5,1.79939,141.3,1.02687e+06,263.47,,inf,PASS,-2.006,PASS
ss_27c_2.97v,ss,27,2.97,25,4.7,0.001,1.79939,141.3,605787,193.75,,inf,PASS,-4.918,PASS
ss_27c_2.97v,ss,27,2.97,25,4.7,0.05,1.79939,141.3,634648,238.65,,inf,PASS,-4.157,PASS
ss_27c_2.97v,ss,27,2.97,25,4.7,0.2,1.79939,141.3,794793,274.57,,inf,PASS,-3.071,PASS
ss_27c_2.97v,ss,27,2.97,25,4.7,0.5,1.79939,141.3,1.01402e+06,277.13,,inf,PASS,-2.338,PASS
ss_27c_2.97v,ss,27,2.97,50,0.33,0.001,1.79939,137.8,1.05888e+06,190.14,,inf,PASS,-3.091,PASS
ss_27c_2.97v,ss,27,2.97,50,0.33,0.05,1.79939,137.8,1.0601e+06,196.24,,inf,PASS,-3.039,PASS
ss_27c_2.97v,ss,27,2.97,50,0.33,0.2,1.79939,137.8,1.08014e+06,213.52,,inf,PASS,-2.239,PASS
ss_27c_2.97v,ss,27,2.97,50,0.33,0.5,1.79939,137.8,1.17176e+06,237.46,,inf,PASS,-2.326,PASS
ss_27c_2.97v,ss,27,2.97,50,1,0.001,1.79939,137.8,831183,195.95,,inf,PASS,-1.93,PASS
ss_27c_2.97v,ss,27,2.97,50,1,0.05,1.79939,137.8,836931,210.24,,inf,PASS,-3.457,PASS
ss_27c_2.97v,ss,27,2.97,50,1,0.2,1.79939,137.8,907374,242.45,,inf,PASS,-1.78,PASS
ss_27c_2.97v,ss,27,2.97,50,1,0.5,1.79939,137.8,1.0981e+06,262.34,,inf,PASS,-2.701,PASS
ss_27c_2.97v,ss,27,2.97,50,4.7,0.001,1.79939,137.8,626416,195.37,,inf,PASS,-2.909,PASS
ss_27c_2.97v,ss,27,2.97,50,4.7,0.05,1.79939,137.8,660442,240.58,,inf,PASS,-2.134,PASS
ss_27c_2.97v,ss,27,2.97,50,4.7,0.2,1.79939,137.8,844619,273.75,,inf,PASS,-2.491,PASS
ss_27c_2.97v,ss,27,2.97,50,4.7,0.5,1.79939,137.8,1.08605e+06,275.12,,inf,PASS,-1.639,PASS
ss_27c_3.30v,ss,27,3.3,0,0.33,0.001,1.79937,136.3,2585.56,34.82,599594,6.47,FAIL,-0.9235,PASS
ss_27c_3.30v,ss,27,3.3,0,0.33,0.05,1.79937,136.3,2585.56,34.84,601667,4.40,FAIL,-0.9235,PASS
ss_27c_3.30v,ss,27,3.3,0,0.33,0.2,1.79937,136.3,2585.56,34.88,604459,5.16,FAIL,-0.9235,PASS
ss_27c_3.30v,ss,27,3.3,0,0.33,0.5,1.79937,136.3,2585.56,34.97,608293,7.78,FAIL,-0.9235,PASS
ss_27c_3.30v,ss,27,3.3,0,1,0.001,1.79937,136.3,1395.41,20.45,599690,16.00,FAIL,-1.327,PASS
ss_27c_3.30v,ss,27,3.3,0,1,0.05,1.79937,136.3,1395.41,20.48,603759,14.20,FAIL,-1.327,PASS
ss_27c_3.30v,ss,27,3.3,0,1,0.2,1.79937,136.3,1395.41,20.55,609396,17.96,FAIL,-1.327,PASS
ss_27c_3.30v,ss,27,3.3,0,1,0.5,1.79937,136.3,1395.41,20.70,614710,18.51,FAIL,-1.327,PASS
ss_27c_3.30v,ss,27,3.3,0,4.7,0.001,1.79937,136.2,628.136,9.59,600168,28.97,FAIL,-0.8675,PASS
ss_27c_3.30v,ss,27,3.3,0,4.7,0.05,1.79937,136.2,628.137,9.64,610364,31.79,FAIL,-0.8675,PASS
ss_27c_3.30v,ss,27,3.3,0,4.7,0.2,1.79937,136.2,628.139,9.80,617253,29.68,FAIL,-0.8675,PASS
ss_27c_3.30v,ss,27,3.3,0,4.7,0.5,1.79937,136.2,628.15,10.12,619174,23.87,FAIL,-0.8671,PASS
ss_27c_3.30v,ss,27,3.3,0.1,0.33,0.001,1.79937,146.9,155462,79.69,,inf,PASS,9.806,FAIL
ss_27c_3.30v,ss,27,3.3,0.1,0.33,0.05,1.79937,146.9,155485,80.59,,inf,PASS,9.821,FAIL
ss_27c_3.30v,ss,27,3.3,0.1,0.33,0.2,1.79937,146.9,155839,83.33,,inf,PASS,10.04,FAIL
ss_27c_3.30v,ss,27,3.3,0.1,0.33,0.5,1.79937,146.9,157856,88.72,,inf,PASS,11.12,FAIL
ss_27c_3.30v,ss,27,3.3,0.1,1,0.001,1.79937,146.9,42747.4,90.92,,inf,PASS,0.166,FAIL
ss_27c_3.30v,ss,27,3.3,0.1,1,0.05,1.79937,146.9,42752,91.68,,inf,PASS,0.3051,FAIL
ss_27c_3.30v,ss,27,3.3,0.1,1,0.2,1.79937,146.9,42821.6,93.99,,inf,PASS,1.991,FAIL
ss_27c_3.30v,ss,27,3.3,0.1,1,0.5,1.79937,146.9,43217.3,98.64,,inf,PASS,6.463,FAIL
ss_27c_3.30v,ss,27,3.3,0.1,4.7,0.001,1.79937,146.9,8391.22,68.44,,inf,PASS,-0.8232,PASS
ss_27c_3.30v,ss,27,3.3,0.1,4.7,0.05,1.79937,146.9,8391.78,69.14,,inf,PASS,-0.8224,PASS
ss_27c_3.30v,ss,27,3.3,0.1,4.7,0.2,1.79937,146.9,8400.32,71.30,,inf,PASS,-0.8107,PASS
ss_27c_3.30v,ss,27,3.3,0.1,4.7,0.5,1.79937,146.9,8448.57,75.70,,inf,PASS,5.359,FAIL
ss_27c_3.30v,ss,27,3.3,1,0.33,0.001,1.79937,147.1,779239,203.15,,inf,PASS,-3.157,PASS
ss_27c_3.30v,ss,27,3.3,1,0.33,0.05,1.79937,147.1,779658,207.67,,inf,PASS,-3.126,PASS
ss_27c_3.30v,ss,27,3.3,1,0.33,0.2,1.79937,147.1,785947,220.99,,inf,PASS,-2.673,PASS
ss_27c_3.30v,ss,27,3.3,1,0.33,0.5,1.79937,147.1,817760,242.53,,inf,PASS,-2.659,PASS
ss_27c_3.30v,ss,27,3.3,1,1,0.001,1.79937,147.1,661067,201.39,,inf,PASS,-5.8,PASS
ss_27c_3.30v,ss,27,3.3,1,1,0.05,1.79937,147.1,662901,213.02,,inf,PASS,-5.582,PASS
ss_27c_3.30v,ss,27,3.3,1,1,0.2,1.79937,147.1,685205,243.27,,inf,PASS,-3.184,PASS
ss_27c_3.30v,ss,27,3.3,1,1,0.5,1.79937,147.1,757698,270.52,,inf,PASS,-2.025,PASS
ss_27c_3.30v,ss,27,3.3,1,4.7,0.001,1.79937,147.1,74269.8,88.84,,inf,PASS,0.5018,FAIL
ss_27c_3.30v,ss,27,3.3,1,4.7,0.05,1.79937,147.1,74791.4,94.96,,inf,PASS,2.697,FAIL
ss_27c_3.30v,ss,27,3.3,1,4.7,0.2,1.79937,147.1,84444.8,114.08,,inf,PASS,11.12,FAIL
ss_27c_3.30v,ss,27,3.3,1,4.7,0.5,1.79937,147.1,746762,288.15,,inf,PASS,-2.639,PASS
ss_27c_3.30v,ss,27,3.3,10,0.33,0.001,1.79936,145.1,1.02313e+06,195.16,,inf,PASS,-2.754,PASS
ss_27c_3.30v,ss,27,3.3,10,0.33,0.05,1.79936,145.1,1.02428e+06,201.06,,inf,PASS,-2.702,PASS
ss_27c_3.30v,ss,27,3.3,10,0.33,0.2,1.79936,145.1,1.04173e+06,217.84,,inf,PASS,-1.954,PASS
ss_27c_3.30v,ss,27,3.3,10,0.33,0.5,1.79936,145.1,1.12327e+06,241.47,,inf,PASS,-2.287,PASS
ss_27c_3.30v,ss,27,3.3,10,1,0.001,1.79936,145.1,816294,200.63,,inf,PASS,-2.934,PASS
ss_27c_3.30v,ss,27,3.3,10,1,0.05,1.79936,145.1,821110,214.70,,inf,PASS,-2.625,PASS
ss_27c_3.30v,ss,27,3.3,10,1,0.2,1.79936,145.1,881917,246.72,,inf,PASS,-2.98,PASS
ss_27c_3.30v,ss,27,3.3,10,1,0.5,1.79936,145.1,1.05139e+06,267.16,,inf,PASS,-2.745,PASS
ss_27c_3.30v,ss,27,3.3,10,4.7,0.001,1.79936,145.1,643046,196.78,,inf,PASS,-4.894,PASS
ss_27c_3.30v,ss,27,3.3,10,4.7,0.05,1.79936,145.1,671204,243.66,,inf,PASS,-4.209,PASS
ss_27c_3.30v,ss,27,3.3,10,4.7,0.2,1.79936,145.1,824548,278.45,,inf,PASS,-2.003,PASS
ss_27c_3.30v,ss,27,3.3,10,4.7,0.5,1.79936,145.1,1.03936e+06,280.55,,inf,PASS,-1.655,PASS
ss_27c_3.30v,ss,27,3.3,25,0.33,0.001,1.79936,142.9,1.11081e+06,192.28,,inf,PASS,-3.065,PASS
ss_27c_3.30v,ss,27,3.3,25,0.33,0.05,1.79936,142.9,1.1123e+06,198.67,,inf,PASS,-3.004,PASS
ss_27c_3.30v,ss,27,3.3,25,0.33,0.2,1.79936,142.9,1.13523e+06,216.65,,inf,PASS,-2.124,PASS
ss_27c_3.30v,ss,27,3.3,25,0.33,0.5,1.79936,142.9,1.23786e+06,240.74,,inf,PASS,-2.05,PASS
ss_27c_3.30v,ss,27,3.3,25,1,0.001,1.79936,142.9,877094,198.60,,inf,PASS,-3.596,PASS
ss_27c_3.30v,ss,27,3.3,25,1,0.05,1.79936,142.9,883667,213.62,,inf,PASS,-3.228,PASS
ss_27c_3.30v,ss,27,3.3,25,1,0.2,1.79936,142.9,961951,246.40,,inf,PASS,-2.973,PASS
ss_27c_3.30v,ss,27,3.3,25,1,0.5,1.79936,142.9,1.16709e+06,265.05,,inf,PASS,-2.291,PASS
ss_27c_3.30v,ss,27,3.3,25,4.7,0.001,1.79936,142.9,672595,199.00,,inf,PASS,-4.35,PASS
ss_27c_3.30v,ss,27,3.3,25,4.7,0.05,1.79936,142.9,710052,245.98,,inf,PASS,-3.215,PASS
ss_27c_3.30v,ss,27,3.3,25,4.7,0.2,1.79936,142.9,902477,276.85,,inf,PASS,-1.899,PASS
ss_27c_3.30v,ss,27,3.3,25,4.7,0.5,1.79936,142.9,1.15548e+06,277.18,,inf,PASS,-2.546,PASS
ss_27c_3.30v,ss,27,3.3,50,0.33,0.001,1.79936,140.2,1.17242e+06,190.33,,inf,PASS,-2.731,PASS
ss_27c_3.30v,ss,27,3.3,50,0.33,0.05,1.79936,140.2,1.17412e+06,197.07,,inf,PASS,-2.666,PASS
ss_27c_3.30v,ss,27,3.3,50,0.33,0.2,1.79936,140.2,1.20082e+06,215.86,,inf,PASS,-1.718,PASS
ss_27c_3.30v,ss,27,3.3,50,0.33,0.5,1.79936,140.2,1.31902e+06,240.19,,inf,PASS,-2.907,PASS
ss_27c_3.30v,ss,27,3.3,50,1,0.001,1.79936,140.2,920848,196.98,,inf,PASS,-3.391,PASS
ss_27c_3.30v,ss,27,3.3,50,1,0.05,1.79936,140.2,928615,212.69,,inf,PASS,-2.991,PASS
ss_27c_3.30v,ss,27,3.3,50,1,0.2,1.79936,140.2,1.02044e+06,245.96,,inf,PASS,-2.451,PASS
ss_27c_3.30v,ss,27,3.3,50,1,0.5,1.79936,140.2,1.24976e+06,263.50,,inf,PASS,-1.591,PASS
ss_27c_3.30v,ss,27,3.3,50,4.7,0.001,1.79936,140.2,694514,199.51,,inf,PASS,-4.706,PASS
ss_27c_3.30v,ss,27,3.3,50,4.7,0.05,1.79936,140.2,739661,246.79,,inf,PASS,-3.183,PASS
ss_27c_3.30v,ss,27,3.3,50,4.7,0.2,1.79936,140.2,960092,275.40,,inf,PASS,-2.762,PASS
ss_27c_3.30v,ss,27,3.3,50,4.7,0.5,1.79936,140.2,1.23902e+06,274.83,,inf,PASS,-1.822,PASS
ss_27c_3.63v,ss,27,3.63,0,0.33,0.001,1.79929,134.7,2752.39,36.57,632798,29.93,FAIL,-0.6697,PASS
ss_27c_3.63v,ss,27,3.63,0,0.33,0.05,1.79929,134.7,2752.39,36.59,634272,29.76,FAIL,-0.6697,PASS
ss_27c_3.63v,ss,27,3.63,0,0.33,0.2,1.79929,134.7,2752.39,36.63,638696,29.03,FAIL,-0.6697,PASS
ss_27c_3.63v,ss,27,3.63,0,0.33,0.5,1.79929,134.7,2752.39,36.73,646282,26.93,FAIL,-0.6697,PASS
ss_27c_3.63v,ss,27,3.63,0,1,0.001,1.79929,134.6,1475.92,21.54,632860,39.55,FAIL,-1.158,PASS
ss_27c_3.63v,ss,27,3.63,0,1,0.05,1.79929,134.6,1475.92,21.57,637292,38.92,FAIL,-1.158,PASS
ss_27c_3.63v,ss,27,3.63,0,1,0.2,1.79929,134.6,1475.92,21.65,648420,35.73,FAIL,-1.158,PASS
ss_27c_3.63v,ss,27,3.63,0,1,0.5,1.79929,134.6,1475.93,21.81,658421,29.69,FAIL,-1.158,PASS
ss_27c_3.63v,ss,27,3.63,0,4.7,0.001,1.79929,134.5,662.515,10.12,633197,52.96,FAIL,-1.529,PASS
ss_27c_3.63v,ss,27,3.63,0,4.7,0.05,1.79929,134.5,662.516,10.18,650283,48.36,FAIL,-1.529,PASS
ss_27c_3.63v,ss,27,3.63,0,4.7,0.2,1.79929,134.5,662.518,10.35,664564,38.92,FAIL,-1.529,PASS
ss_27c_3.63v,ss,27,3.63,0,4.7,0.5,1.79929,134.5,662.531,10.68,670233,32.51,FAIL,-1.528,PASS
ss_27c_3.63v,ss,27,3.63,0.1,0.33,0.001,1.79929,145.8,174192,77.92,,inf,PASS,17.15,FAIL
ss_27c_3.63v,ss,27,3.63,0.1,0.33,0.05,1.79929,145.8,174226,78.93,,inf,PASS,17.17,FAIL
ss_27c_3.63v,ss,27,3.63,0.1,0.33,0.2,1.79929,145.8,174739,81.99,,inf,PASS,17.43,FAIL
ss_27c_3.63v,ss,27,3.63,0.1,0.33,0.5,1.79929,145.8,177684,87.99,,inf,PASS,18.67,FAIL
ss_27c_3.63v,ss,27,3.63,0.1,1,0.001,1.79929,145.8,48594.5,90.91,,inf,PASS,7.515,FAIL
ss_27c_3.63v,ss,27,3.63,0.1,1,0.05,1.79929,145.8,48601.3,91.77,,inf,PASS,7.68,FAIL
ss_27c_3.63v,ss,27,3.63,0.1,1,0.2,1.79929,145.8,48704.2,94.39,,inf,PASS,9.623,FAIL
ss_27c_3.63v,ss,27,3.63,0.1,1,0.5,1.79929,145.8,49291.5,99.67,,inf,PASS,14.42,FAIL
ss_27c_3.63v,ss,27,3.63,0.1,4.7,0.001,1.79929,145.8,9222.33,70.73,,inf,PASS,-0.7799,PASS
ss_27c_3.63v,ss,27,3.63,0.1,4.7,0.05,1.79929,145.8,9223.09,71.49,,inf,PASS,-0.779,PASS
ss_27c_3.63v,ss,27,3.63,0.1,4.7,0.2,1.79929,145.8,9234.72,73.86,,inf,PASS,5.789,FAIL
ss_27c_3.63v,ss,27,3.63,0.1,4.7,0.5,1.79929,145.8,9300.46,78.72,,inf,PASS,13.48,FAIL
ss_27c_3.63v,ss,27,3.63,1,0.33,0.001,1.79929,146.3,848798,205.97,,inf,PASS,-3.469,PASS
ss_27c_3.63v,ss,27,3.63,1,0.33,0.05,1.79929,146.3,849351,210.88,,inf,PASS,-3.431,PASS
ss_27c_3.63v,ss,27,3.63,1,0.33,0.2,1.79929,146.3,857546,225.17,,inf,PASS,-2.893,PASS
ss_27c_3.63v,ss,27,3.63,1,0.33,0.5,1.79929,146.3,897416,247.26,,inf,PASS,-2.585,PASS
ss_27c_3.63v,ss,27,3.63,1,1,0.001,1.79929,146.3,721289,207.92,,inf,PASS,-3.438,PASS
ss_27c_3.63v,ss,27,3.63,1,1,0.05,1.79929,146.3,723213,220.54,,inf,PASS,-3.2,PASS
ss_27c_3.63v,ss,27,3.63,1,1,0.2,1.79929,146.3,751071,251.16,,inf,PASS,-3.159,PASS
ss_27c_3.63v,ss,27,3.63,1,1,0.5,1.79929,146.3,837737,275.30,,inf,PASS,-3.464,PASS
ss_27c_3.63v,ss,27,3.63,1,4.7,0.001,1.79929,146.3,84047,87.86,,inf,PASS,5.651,FAIL
ss_27c_3.63v,ss,27,3.63,1,4.7,0.05,1.79929,146.3,84802.7,94.77,,inf,PASS,8.182,FAIL
ss_27c_3.63v,ss,27,3.63,1,4.7,0.2,1.79929,146.3,99465.6,116.40,,inf,PASS,17,FAIL
ss_27c_3.63v,ss,27,3.63,1,4.7,0.5,1.79929,146.3,826944,291.70,,inf,PASS,-2.167,PASS
ss_27c_3.63v,ss,27,3.63,10,0.33,0.001,1.79928,144.8,1.11592e+06,196.01,,inf,PASS,-2.966,PASS
ss_27c_3.63v,ss,27,3.63,10,0.33,0.05,1.79928,144.8,1.11744e+06,202.43,,inf,PASS,-2.903,PASS
ss_27c_3.63v,ss,27,3.63,10,0.33,0.2,1.79928,144.8,1.14005e+06,220.44,,inf,PASS,-2.017,PASS
ss_27c_3.63v,ss,27,3.63,10,0.33,0.5,1.79928,144.8,1.24143e+06,244.40,,inf,PASS,-1.996,PASS
ss_27c_3.63v,ss,27,3.63,10,1,0.001,1.79928,144.8,890709,202.69,,inf,PASS,-3.152,PASS
ss_27c_3.63v,ss,27,3.63,10,1,0.05,1.79928,144.8,897010,217.92,,inf,PASS,-2.782,PASS
ss_27c_3.63v,ss,27,3.63,10,1,0.2,1.79928,144.8,973288,250.67,,inf,PASS,-2.702,PASS
ss_27c_3.63v,ss,27,3.63,10,1,0.5,1.79928,144.8,1.17263e+06,268.84,,inf,PASS,-2.209,PASS
ss_27c_3.63v,ss,27,3.63,10,4.7,0.001,1.79928,144.8,703064,203.87,,inf,PASS,-5.143,PASS
ss_27c_3.63v,ss,27,3.63,10,4.7,0.05,1.79928,144.8,738104,251.68,,inf,PASS,-4.008,PASS
ss_27c_3.63v,ss,27,3.63,10,4.7,0.2,1.79928,144.8,917465,281.05,,inf,PASS,-3.035,PASS
ss_27c_3.63v,ss,27,3.63,10,4.7,0.5,1.79928,144.8,1.16146e+06,280.95,,inf,PASS,-2.464,PASS
ss_27c_3.63v,ss,27,3.63,25,0.33,0.001,1.79928,142.9,1.21266e+06,192.82,,inf,PASS,-3.237,PASS
ss_27c_3.63v,ss,27,3.63,25,0.33,0.05,1.79928,142.9,1.21464e+06,199.79,,inf,PASS,-3.162,PASS
ss_27c_3.63v,ss,27,3.63,25,0.33,0.2,1.79928,142.9,1.24438e+06,219.08,,inf,PASS,-2.124,PASS
ss_27c_3.63v,ss,27,3.63,25,0.33,0.5,1.79928,142.9,1.37158e+06,243.35,,inf,PASS,-1.687,PASS
ss_27c_3.63v,ss,27,3.63,25,1,0.001,1.79928,142.9,957872,200.09,,inf,PASS,-3.762,PASS
ss_27c_3.63v,ss,27,3.63,25,1,0.05,1.79928,142.9,966475,216.37,,inf,PASS,-3.322,PASS
ss_27c_3.63v,ss,27,3.63,25,1,0.2,1.79928,142.9,1.06475e+06,249.82,,inf,PASS,-2.615,PASS
ss_27c_3.63v,ss,27,3.63,25,1,0.5,1.79928,142.9,1.30437e+06,266.26,,inf,PASS,-1.708,PASS
ss_27c_3.63v,ss,27,3.63,25,4.7,0.001,1.79928,142.9,735535,204.04,,inf,PASS,-4.529,PASS
ss_27c_3.63v,ss,27,3.63,25,4.7,0.05,1.79928,142.9,782486,252.40,,inf,PASS,-2.928,PASS
ss_27c_3.63v,ss,27,3.63,25,4.7,0.2,1.79928,142.9,1.00745e+06,278.62,,inf,PASS,-2.771,PASS
ss_27c_3.63v,ss,27,3.63,25,4.7,0.5,1.79928,142.9,1.29413e+06,277.17,,inf,PASS,-1.92,PASS
ss_27c_3.63v,ss,27,3.63,50,0.33,0.001,1.79928,140.7,1.28171e+06,190.68,,inf,PASS,-2.851,PASS
ss_27c_3.63v,ss,27,3.63,50,0.33,0.05,1.79928,140.7,1.284e+06,198.04,,inf,PASS,-2.77,PASS
ss_27c_3.63v,ss,27,3.63,50,0.33,0.2,1.79928,140.7,1.31873e+06,218.20,,inf,PASS,-3.295,PASS
ss_27c_3.63v,ss,27,3.63,50,0.33,0.5,1.79928,140.7,1.46594e+06,242.60,,inf,PASS,-2.463,PASS
ss_27c_3.63v,ss,27,3.63,50,1,0.001,1.79928,140.7,1.00711e+06,198.15,,inf,PASS,-3.498,PASS
ss_27c_3.63v,ss,27,3.63,50,1,0.05,1.79928,140.7,1.0173e+06,215.21,,inf,PASS,-3.019,PASS
ss_27c_3.63v,ss,27,3.63,50,1,0.2,1.79928,140.7,1.13233e+06,249.10,,inf,PASS,-2.019,PASS
ss_27c_3.63v,ss,27,3.63,50,1,0.5,1.79928,140.7,1.4003e+06,264.43,,inf,PASS,-2.305,PASS
ss_27c_3.63v,ss,27,3.63,50,4.7,0.001,1.79928,140.7,760313,203.56,,inf,PASS,-4.808,PASS
ss_27c_3.63v,ss,27,3.63,50,4.7,0.05,1.79928,140.7,817247,252.42,,inf,PASS,-2.805,PASS
ss_27c_3.63v,ss,27,3.63,50,4.7,0.2,1.79928,140.7,1.07518e+06,276.72,,inf,PASS,-2.088,PASS
ss_27c_3.63v,ss,27,3.63,50,4.7,0.5,1.79928,140.7,1.39036e+06,274.59,,inf,PASS,-2.482,PASS
ss_125c_2.97v,ss,125,2.97,0,0.33,0.001,1.79924,132.3,1796.56,24.21,,inf,FAIL,-0.9403,PASS
ss_125c_2.97v,ss,125,2.97,0,0.33,0.05,1.79924,132.3,1796.56,24.22,,inf,FAIL,-0.9403,PASS
ss_125c_2.97v,ss,125,2.97,0,0.33,0.2,1.79924,132.3,1796.56,24.26,,inf,FAIL,-0.9403,PASS
ss_125c_2.97v,ss,125,2.97,0,0.33,0.5,1.79924,132.3,1796.56,24.32,,inf,FAIL,-0.9403,PASS
ss_125c_2.97v,ss,125,2.97,0,1,0.001,1.79924,132.3,1002.2,14.07,,inf,FAIL,-1.515,PASS
ss_125c_2.97v,ss,125,2.97,0,1,0.05,1.79924,132.3,1002.2,14.09,,inf,FAIL,-1.515,PASS
ss_125c_2.97v,ss,125,2.97,0,1,0.2,1.79924,132.3,1002.2,14.15,,inf,FAIL,-1.515,PASS
ss_125c_2.97v,ss,125,2.97,0,1,0.5,1.79924,132.3,1002.2,14.25,,inf,FAIL,-1.515,PASS
ss_125c_2.97v,ss,125,2.97,0,4.7,0.001,1.79924,132.1,457.059,6.62,,inf,FAIL,-0.796,PASS
ss_125c_2.97v,ss,125,2.97,0,4.7,0.05,1.79924,132.1,457.059,6.65,,inf,FAIL,-0.796,PASS
ss_125c_2.97v,ss,125,2.97,0,4.7,0.2,1.79924,132.1,457.06,6.77,,inf,FAIL,-0.796,PASS
ss_125c_2.97v,ss,125,2.97,0,4.7,0.5,1.79924,132.1,457.064,7.00,,inf,FAIL,-0.7958,PASS
ss_125c_2.97v,ss,125,2.97,0.1,0.33,0.001,1.79924,145,81259.1,87.50,,inf,PASS,0.08117,FAIL
ss_125c_2.97v,ss,125,2.97,0.1,0.33,0.05,1.79924,145,81262.3,87.97,,inf,PASS,0.0918,FAIL
ss_125c_2.97v,ss,125,2.97,0.1,0.33,0.2,1.79924,145,81312.4,89.42,,inf,PASS,0.2488,FAIL
ss_125c_2.97v,ss,125,2.97,0.1,0.33,0.5,1.79924,145,81595.9,92.29,,inf,PASS,1.037,FAIL
ss_125c_2.97v,ss,125,2.97,0.1,1,0.001,1.79924,145,21986.4,85.66,,inf,PASS,-0.6819,PASS
ss_125c_2.97v,ss,125,2.97,0.1,1,0.05,1.79924,145,21987,86.05,,inf,PASS,-0.6817,PASS
ss_125c_2.97v,ss,125,2.97,0.1,1,0.2,1.79924,145,21995.7,87.24,,inf,PASS,-0.678,PASS
ss_125c_2.97v,ss,125,2.97,0.1,1,0.5,1.79924,145,22045.3,89.65,,inf,PASS,-0.6575,PASS
ss_125c_2.97v,ss,125,2.97,0.1,4.7,0.001,1.79924,145,5385.71,54.57,,inf,PASS,-0.7768,PASS
ss_125c_2.97v,ss,125,2.97,0.1,4.7,0.05,1.79924,145,5385.82,55.02,,inf,PASS,-0.7765,PASS
ss_125c_2.97v,ss,125,2.97,0.1,4.7,0.2,1.79924,145,5387.68,56.40,,inf,PASS,-0.7718,PASS
ss_125c_2.97v,ss,125,2.97,0.1,4.7,0.5,1.79924,145,5398.15,59.19,,inf,PASS,-0.7457,PASS
ss_125c_2.97v,ss,125,2.97,1,0.33,0.001,1.79924,145.3,625351,198.29,,inf,PASS,-2.829,PASS
ss_125c_2.97v,ss,125,2.97,1,0.33,0.05,1.79924,145.3,625545,201.94,,inf,PASS,-2.81,PASS
ss_125c_2.97v,ss,125,2.97,1,0.33,0.2,1.79924,145.3,628532,212.98,,inf,PASS,-2.519,PASS
ss_125c_2.97v,ss,125,2.97,1,0.33,0.5,1.79924,145.3,644964,232.51,,inf,PASS,-3.236,PASS
ss_125c_2.97v,ss,125,2.97,1,1,0.001,1.79924,145.3,535886,183.54,,inf,PASS,-4.874,PASS
ss_125c_2.97v,ss,125,2.97,1,1,0.05,1.79924,145.3,536776,193.27,,inf,PASS,-4.736,PASS
ss_125c_2.97v,ss,125,2.97,1,1,0.2,1.79924,145.3,548348,222.93,,inf,PASS,-3.053,PASS
ss_125c_2.97v,ss,125,2.97,1,1,0.5,1.79924,145.3,591238,257.49,,inf,PASS,-3.206,PASS
ss_125c_2.97v,ss,125,2.97,1,4.7,0.001,1.79924,145.3,39457.9,90.39,,inf,PASS,-0.3966,PASS
ss_125c_2.97v,ss,125,2.97,1,4.7,0.05,1.79924,145.3,39537.1,93.67,,inf,PASS,-0.3803,PASS
ss_125c_2.97v,ss,125,2.97,1,4.7,0.2,1.79924,145.3,40829.4,103.96,,inf,PASS,2.807,FAIL
ss_125c_2.97v,ss,125,2.97,1,4.7,0.5,1.79924,145.3,52347.6,127.97,,inf,PASS,10.33,FAIL
ss_125c_2.97v,ss,125,2.97,10,0.33,0.001,1.79924,142.8,818833,194.84,,inf,PASS,-2.489,PASS
ss_125c_2.97v,ss,125,2.97,10,0.33,0.05,1.79924,142.8,819384,199.58,,inf,PASS,-2.457,PASS
ss_125c_2.97v,ss,125,2.97,10,0.33,0.2,1.79924,142.8,828205,213.44,,inf,PASS,-1.97,PASS
ss_125c_2.97v,ss,125,2.97,10,0.33,0.5,1.79924,142.8,872615,235.38,,inf,PASS,-3.155,PASS
ss_125c_2.97v,ss,125,2.97,10,1,0.001,1.79924,142.8,656519,196.91,,inf,PASS,-2.45,PASS
ss_125c_2.97v,ss,125,2.97,10,1,0.05,1.79924,142.8,658873,208.41,,inf,PASS,-2.253,PASS
ss_125c_2.97v,ss,125,2.97,10,1,0.2,1.79924,142.8,691490,237.80,,inf,PASS,-1.891,PASS
ss_125c_2.97v,ss,125,2.97,10,1,0.5,1.79924,142.8,798184,263.27,,inf,PASS,-2.861,PASS
ss_125c_2.97v,ss,125,2.97,10,4.7,0.001,1.79924,142.8,518639,176.21,,inf,PASS,-3.778,PASS
ss_125c_2.97v,ss,125,2.97,10,4.7,0.05,1.79924,142.8,535682,220.96,,inf,PASS,-4.204,PASS
ss_125c_2.97v,ss,125,2.97,10,4.7,0.2,1.79924,142.8,634139,271.12,,inf,PASS,-3.427,PASS
ss_125c_2.97v,ss,125,2.97,10,4.7,0.5,1.79924,142.8,783642,280.33,,inf,PASS,-1.934,PASS
ss_125c_2.97v,ss,125,2.97,25,0.33,0.001,1.79924,139.9,888277,192.49,,inf,PASS,-2.829,PASS
ss_125c_2.97v,ss,125,2.97,25,0.33,0.05,1.79924,139.9,888984,197.63,,inf,PASS,-2.792,PASS
ss_125c_2.97v,ss,125,2.97,25,0.33,0.2,1.79924,139.9,900649,212.50,,inf,PASS,-2.219,PASS
ss_125c_2.97v,ss,125,2.97,25,0.33,0.5,1.79924,139.9,957370,235.17,,inf,PASS,-3.019,PASS
ss_125c_2.97v,ss,125,2.97,25,1,0.001,1.79924,139.9,704004,196.23,,inf,PASS,-3.24,PASS
ss_125c_2.97v,ss,125,2.97,25,1,0.05,1.79924,139.9,707257,208.47,,inf,PASS,-3.007,PASS
ss_125c_2.97v,ss,125,2.97,25,1,0.2,1.79924,139.9,749797,238.67,,inf,PASS,-2.175,PASS
ss_125c_2.97v,ss,125,2.97,25,1,0.5,1.79924,139.9,881446,262.37,,inf,PASS,-2.507,PASS
ss_125c_2.97v,ss,125,2.97,25,4.7,0.001,1.79924,139.9,543006,185.24,,inf,PASS,-3.474,PASS
ss_125c_2.97v,ss,125,2.97,25,4.7,0.05,1.79924,139.9,564005,228.75,,inf,PASS,-3.466,PASS
ss_125c_2.97v,ss,125,2.97,25,4.7,0.2,1.79924,139.9,687765,272.04,,inf,PASS,-1.88,PASS
ss_125c_2.97v,ss,125,2.97,25,4.7,0.5,1.79924,139.9,867025,278.04,,inf,PASS,-1.553,PASS
ss_125c_2.97v,ss,125,2.97,50,0.33,0.001,1.79924,136.2,936221,190.93,,inf,PASS,-2.543,PASS
ss_125c_2.97v,ss,125,2.97,50,0.33,0.05,1.79924,136.2,937015,196.34,,inf,PASS,-2.504,PASS
ss_125c_2.97v,ss,125,2.97,50,0.33,0.2,1.79924,136.2,950582,211.90,,inf,PASS,-1.885,PASS
ss_125c_2.97v,ss,125,2.97,50,0.33,0.5,1.79924,136.2,1.01681e+06,235.00,,inf,PASS,-2.506,PASS
ss_125c_2.97v,ss,125,2.97,50,1,0.001,1.79924,136.2,737614,195.42,,inf,PASS,-3.112,PASS
ss_125c_2.97v,ss,125,2.97,50,1,0.05,1.79924,136.2,741458,208.20,,inf,PASS,-2.858,PASS
ss_125c_2.97v,ss,125,2.97,50,1,0.2,1.79924,136.2,791328,238.97,,inf,PASS,-1.805,PASS
ss_125c_2.97v,ss,125,2.97,50,1,0.5,1.79924,136.2,940556,261.54,,inf,PASS,-1.881,PASS
ss_125c_2.97v,ss,125,2.97,50,4.7,0.001,1.79924,136.2,560637,188.68,,inf,PASS,-4.011,PASS
ss_125c_2.97v,ss,125,2.97,50,4.7,0.05,1.79924,136.2,585078,232.11,,inf,PASS,-3.641,PASS
ss_125c_2.97v,ss,125,2.97,50,4.7,0.2,1.79924,136.2,727473,271.96,,inf,PASS,-2.964,PASS
ss_125c_2.97v,ss,125,2.97,50,4.7,0.5,1.79924,136.2,926722,276.30,,inf,PASS,-2.277,PASS
ss_125c_3.30v,ss,125,3.3,0,0.33,0.001,1.7992,131.4,1915.35,25.64,,inf,FAIL,-1.368,PASS
ss_125c_3.30v,ss,125,3.3,0,0.33,0.05,1.7992,131.4,1915.35,25.65,,inf,FAIL,-1.368,PASS
ss_125c_3.30v,ss,125,3.3,0,0.33,0.2,1.7992,131.4,1915.35,25.68,,inf,FAIL,-1.368,PASS
ss_125c_3.30v,ss,125,3.3,0,0.33,0.5,1.7992,131.4,1915.36,25.75,,inf,FAIL,-1.368,PASS
ss_125c_3.30v,ss,125,3.3,0,1,0.001,1.7992,131.4,1064.96,14.93,,inf,FAIL,-1.267,PASS
ss_125c_3.30v,ss,125,3.3,0,1,0.05,1.7992,131.4,1064.96,14.94,,inf,FAIL,-1.267,PASS
ss_125c_3.30v,ss,125,3.3,0,1,0.2,1.7992,131.4,1064.96,15.00,,inf,FAIL,-1.267,PASS
ss_125c_3.30v,ss,125,3.3,0,1,0.5,1.7992,131.4,1064.96,15.12,,inf,FAIL,-1.267,PASS
ss_125c_3.30v,ss,125,3.3,0,4.7,0.001,1.7992,131.3,485.001,7.03,,inf,FAIL,-1.364,PASS
ss_125c_3.30v,ss,125,3.3,0,4.7,0.05,1.7992,131.3,485.001,7.07,,inf,FAIL,-1.364,PASS
ss_125c_3.30v,ss,125,3.3,0,4.7,0.2,1.7992,131.3,485.002,7.19,,inf,FAIL,-1.364,PASS
ss_125c_3.30v,ss,125,3.3,0,4.7,0.5,1.7992,131.3,485.007,7.44,,inf,FAIL,-1.364,PASS
ss_125c_3.30v,ss,125,3.3,0.1,0.33,0.001,1.7992,145,93040.7,86.33,,inf,PASS,3.162,FAIL
ss_125c_3.30v,ss,125,3.3,0.1,0.33,0.05,1.7992,145,93045.5,86.87,,inf,PASS,3.175,FAIL
ss_125c_3.30v,ss,125,3.3,0.1,0.33,0.2,1.7992,145,93120,88.52,,inf,PASS,3.363,FAIL
ss_125c_3.30v,ss,125,3.3,0.1,0.33,0.5,1.7992,145,93541.5,91.80,,inf,PASS,4.288,FAIL
ss_125c_3.30v,ss,125,3.3,0.1,1,0.001,1.7992,145,25143.6,87.31,,inf,PASS,-0.6927,PASS
ss_125c_3.30v,ss,125,3.3,0.1,1,0.05,1.7992,145,25144.5,87.75,,inf,PASS,-0.6924,PASS
ss_125c_3.30v,ss,125,3.3,0.1,1,0.2,1.7992,145,25158,89.11,,inf,PASS,-0.6875,PASS
ss_125c_3.30v,ss,125,3.3,0.1,1,0.5,1.7992,145,25234.8,91.87,,inf,PASS,-0.6604,PASS
ss_125c_3.30v,ss,125,3.3,0.1,4.7,0.001,1.7992,145,5893.57,57.23,,inf,PASS,-0.7745,PASS
ss_125c_3.30v,ss,125,3.3,0.1,4.7,0.05,1.7992,145,5893.74,57.72,,inf,PASS,-0.7742,PASS
ss_125c_3.30v,ss,125,3.3,0.1,4.7,0.2,1.7992,145,5896.26,59.23,,inf,PASS,-0.7686,PASS
ss_125c_3.30v,ss,125,3.3,0.1,4.7,0.5,1.7992,145,5910.48,62.29,,inf,PASS,-0.7371,PASS
ss_125c_3.30v,ss,125,3.3,1,0.33,0.001,1.7992,145.5,687517,201.61,,inf,PASS,-2.711,PASS
ss_125c_3.30v,ss,125,3.3,1,0.33,0.05,1.7992,145.5,687773,205.61,,inf,PASS,-2.687,PASS
ss_125c_3.30v,ss,125,3.3,1,0.33,0.2,1.7992,145.5,691659,217.62,,inf,PASS,-2.339,PASS
ss_125c_3.30v,ss,125,3.3,1,0.33,0.5,1.7992,145.5,712994,238.07,,inf,PASS,-2.844,PASS
ss_125c_3.30v,ss,125,3.3,1,1,0.001,1.7992,145.5,592062,192.22,,inf,PASS,-4.616,PASS
ss_125c_3.30v,ss,125,3.3,1,1,0.05,1.7992,145.5,593139,202.89,,inf,PASS,-4.45,PASS
ss_125c_3.30v,ss,125,3.3,1,1,0.2,1.7992,145.5,607545,233.20,,inf,PASS,-5.158,PASS
ss_125c_3.30v,ss,125,3.3,1,1,0.5,1.7992,145.5,658390,264.91,,inf,PASS,-2.414,PASS
ss_125c_3.30v,ss,125,3.3,1,4.7,0.001,1.7992,145.5,45703.8,90.66,,inf,PASS,-0.3325,PASS
ss_125c_3.30v,ss,125,3.3,1,4.7,0.05,1.7992,145.5,45831.8,94.45,,inf,PASS,-0.641,PASS
ss_125c_3.30v,ss,125,3.3,1,4.7,0.2,1.7992,145.5,47870.7,106.34,,inf,PASS,6.008,FAIL
ss_125c_3.30v,ss,125,3.3,1,4.7,0.5,1.7992,145.5,71281.9,135.27,,inf,PASS,13.6,FAIL
ss_125c_3.30v,ss,125,3.3,10,0.33,0.001,1.7992,143.6,901823,195.70,,inf,PASS,-2.314,PASS
ss_125c_3.30v,ss,125,3.3,10,0.33,0.05,1.7992,143.6,902574,200.91,,inf,PASS,-2.275,PASS
ss_125c_3.30v,ss,125,3.3,10,0.33,0.2,1.7992,143.6,914393,215.99,,inf,PASS,-3.455,PASS
ss_125c_3.30v,ss,125,3.3,10,0.33,0.5,1.7992,143.6,972273,238.78,,inf,PASS,-2.575,PASS
ss_125c_3.30v,ss,125,3.3,10,1,0.001,1.7992,143.6,723321,199.19,,inf,PASS,-2.23,PASS
ss_125c_3.30v,ss,125,3.3,10,1,0.05,1.7992,143.6,726637,211.77,,inf,PASS,-4.032,PASS
ss_125c_3.30v,ss,125,3.3,10,1,0.2,1.7992,143.6,769339,242.48,,inf,PASS,-3.086,PASS
ss_125c_3.30v,ss,125,3.3,10,1,0.5,1.7992,143.6,899023,265.95,,inf,PASS,-1.971,PASS
ss_125c_3.30v,ss,125,3.3,10,4.7,0.001,1.7992,143.6,575232,185.94,,inf,PASS,-3.272,PASS
ss_125c_3.30v,ss,125,3.3,10,4.7,0.05,1.7992,143.6,595958,231.77,,inf,PASS,-3.473,PASS
ss_125c_3.30v,ss,125,3.3,10,4.7,0.2,1.7992,143.6,712784,275.39,,inf,PASS,-2.448,PASS
ss_125c_3.30v,ss,125,3.3,10,4.7,0.5,1.7992,143.6,885575,281.37,,inf,PASS,-2.405,PASS
ss_125c_3.30v,ss,125,3.3,25,0.33,0.001,1.7992,141.3,979713,192.98,,inf,PASS,-2.607,PASS
ss_125c_3.30v,ss,125,3.3,25,0.33,0.05,1.7992,141.3,980692,198.63,,inf,PASS,-2.561,PASS
ss_125c_3.30v,ss,125,3.3,25,0.33,0.2,1.7992,141.3,996180,214.82,,inf,PASS,-1.878,PASS
ss_125c_3.30v,ss,125,3.3,25,0.33,0.5,1.7992,141.3,1.07014e+06,238.24,,inf,PASS,-2.353,PASS
ss_125c_3.30v,ss,125,3.3,25,1,0.001,1.7992,141.3,776778,197.80,,inf,PASS,-2.983,PASS
ss_125c_3.30v,ss,125,3.3,25,1,0.05,1.7992,141.3,781108,211.23,,inf,PASS,-2.702,PASS
ss_125c_3.30v,ss,125,3.3,25,1,0.2,1.7992,141.3,836364,242.77,,inf,PASS,-3.163,PASS
ss_125c_3.30v,ss,125,3.3,25,1,0.5,1.7992,141.3,995964,264.38,,inf,PASS,-1.555,PASS
ss_125c_3.30v,ss,125,3.3,25,4.7,0.001,1.7992,141.3,600899,191.47,,inf,PASS,-3.025,PASS
ss_125c_3.30v,ss,125,3.3,25,4.7,0.05,1.7992,141.3,627512,237.00,,inf,PASS,-2.718,PASS
ss_125c_3.30v,ss,125,3.3,25,4.7,0.2,1.7992,141.3,776119,275.05,,inf,PASS,-2.442,PASS
ss_125c_3.30v,ss,125,3.3,25,4.7,0.5,1.7992,141.3,983247,278.43,,inf,PASS,-1.918,PASS
ss_125c_3.30v,ss,125,3.3,50,0.33,0.001,1.7992,138.4,1.03315e+06,191.13,,inf,PASS,-2.299,PASS
ss_125c_3.30v,ss,125,3.3,50,0.33,0.05,1.7992,138.4,1.03426e+06,197.09,,inf,PASS,-2.251,PASS
ss_125c_3.30v,ss,125,3.3,50,0.33,0.2,1.7992,138.4,1.05264e+06,214.01,,inf,PASS,-3.196,PASS
ss_125c_3.30v,ss,125,3.3,50,0.33,0.5,1.7992,138.4,1.13816e+06,237.80,,inf,PASS,-1.798,PASS
ss_125c_3.30v,ss,125,3.3,50,1,0.001,1.7992,138.4,814226,196.52,,inf,PASS,-2.84,PASS
ss_125c_3.30v,ss,125,3.3,50,1,0.05,1.7992,138.4,819364,210.55,,inf,PASS,-2.534,PASS
ss_125c_3.30v,ss,125,3.3,50,1,0.2,1.7992,138.4,884600,242.62,,inf,PASS,-2.709,PASS
ss_125c_3.30v,ss,125,3.3,50,1,0.5,1.7992,138.4,1.06477e+06,263.10,,inf,PASS,-2.285,PASS
ss_125c_3.30v,ss,125,3.3,50,4.7,0.001,1.7992,138.4,619968,193.24,,inf,PASS,-3.625,PASS
ss_125c_3.30v,ss,125,3.3,50,4.7,0.05,1.7992,138.4,651452,238.96,,inf,PASS,-2.903,PASS
ss_125c_3.30v,ss,125,3.3,50,4.7,0.2,1.7992,138.4,822542,274.22,,inf,PASS,-1.922,PASS
ss_125c_3.30v,ss,125,3.3,50,4.7,0.5,1.7992,138.4,1.05212e+06,276.29,,inf,PASS,-2.589,PASS
ss_125c_3.63v,ss,125,3.63,0,0.33,0.001,1.79909,127.8,2026.67,26.95,583856,32.97,FAIL,-1.195,PASS
ss_125c_3.63v,ss,125,3.63,0,0.33,0.05,1.79909,127.8,2026.67,26.96,585312,32.56,FAIL,-1.195,PASS
ss_125c_3.63v,ss,125,3.63,0,0.33,0.2,1.79909,127.8,2026.67,27.00,589706,31.14,FAIL,-1.195,PASS
ss_125c_3.63v,ss,125,3.63,0,0.33,0.5,1.79909,127.8,2026.67,27.07,597418,27.89,FAIL,-1.195,PASS
ss_125c_3.63v,ss,125,3.63,0,1,0.001,1.79909,127.8,1122.75,15.74,583917,42.58,FAIL,-1.15,PASS
ss_125c_3.63v,ss,125,3.63,0,1,0.05,1.79909,127.8,1122.75,15.76,588307,41.25,FAIL,-1.15,PASS
ss_125c_3.63v,ss,125,3.63,0,1,0.2,1.79909,127.8,1122.75,15.82,599655,36.37,FAIL,-1.15,PASS
ss_125c_3.63v,ss,125,3.63,0,1,0.5,1.79909,127.8,1122.75,15.94,609762,33.03,FAIL,-1.15,PASS
ss_125c_3.63v,ss,125,3.63,0,4.7,0.001,1.79909,127.6,510.629,7.48,584250,55.93,FAIL,-1.27,PASS
ss_125c_3.63v,ss,125,3.63,0,4.7,0.05,1.79909,127.6,510.629,7.53,601631,48.70,FAIL,-1.27,PASS
ss_125c_3.63v,ss,125,3.63,0,4.7,0.2,1.79909,127.6,510.63,7.66,614460,43.07,FAIL,-1.27,PASS
ss_125c_3.63v,ss,125,3.63,0,4.7,0.5,1.79909,127.6,510.636,7.91,617998,36.40,FAIL,-1.27,PASS
ss_125c_3.63v,ss,125,3.63,0.1,0.33,0.001,1.79909,142.7,104459,85.12,,inf,PASS,9.439,FAIL
ss_125c_3.63v,ss,125,3.63,0.1,0.33,0.05,1.79909,142.7,104466,85.72,,inf,PASS,9.455,FAIL
ss_125c_3.63v,ss,125,3.63,0.1,0.33,0.2,1.79909,142.7,104568,87.58,,inf,PASS,9.68,FAIL
ss_125c_3.63v,ss,125,3.63,0.1,0.33,0.5,1.79909,142.7,105165,91.25,,inf,PASS,10.76,FAIL
ss_125c_3.63v,ss,125,3.63,0.1,1,0.001,1.79909,142.7,28359.9,88.50,,inf,PASS,-0.2022,PASS
ss_125c_3.63v,ss,125,3.63,0.1,1,0.05,1.79909,142.7,28361.2,89.00,,inf,PASS,-0.06264,PASS
ss_125c_3.63v,ss,125,3.63,0.1,1,0.2,1.79909,142.7,28380.5,90.54,,inf,PASS,1.624,FAIL
ss_125c_3.63v,ss,125,3.63,0.1,1,0.5,1.79909,142.7,28489.6,93.65,,inf,PASS,6.099,FAIL
ss_125c_3.63v,ss,125,3.63,0.1,4.7,0.001,1.79909,142.7,6390.93,59.57,,inf,PASS,-0.8722,PASS
ss_125c_3.63v,ss,125,3.63,0.1,4.7,0.05,1.79909,142.7,6391.14,60.10,,inf,PASS,-0.8718,PASS
ss_125c_3.63v,ss,125,3.63,0.1,4.7,0.2,1.79909,142.7,6394.51,61.74,,inf,PASS,-0.865,PASS
ss_125c_3.63v,ss,125,3.63,0.1,4.7,0.5,1.79909,142.7,6413.48,65.07,,inf,PASS,4.995,FAIL
ss_125c_3.63v,ss,125,3.63,1,0.33,0.001,1.79909,143.8,747152,204.95,,inf,PASS,-3.179,PASS
ss_125c_3.63v,ss,125,3.63,1,0.33,0.05,1.79909,143.8,747490,209.29,,inf,PASS,-3.15,PASS
ss_125c_3.63v,ss,125,3.63,1,0.33,0.2,1.79909,143.8,752560,222.15,,inf,PASS,-2.735,PASS
ss_125c_3.63v,ss,125,3.63,1,0.33,0.5,1.79909,143.8,778892,243.30,,inf,PASS,-2.969,PASS
ss_125c_3.63v,ss,125,3.63,1,1,0.001,1.79909,143.8,645255,200.66,,inf,PASS,-5.159,PASS
ss_125c_3.63v,ss,125,3.63,1,1,0.05,1.79909,143.8,646615,212.11,,inf,PASS,-4.96,PASS
ss_125c_3.63v,ss,125,3.63,1,1,0.2,1.79909,143.8,663755,242.73,,inf,PASS,-5.331,PASS
ss_125c_3.63v,ss,125,3.63,1,1,0.5,1.79909,143.8,723776,271.19,,inf,PASS,-2.234,PASS
ss_125c_3.63v,ss,125,3.63,1,4.7,0.001,1.79909,143.8,51931.8,90.55,,inf,PASS,-0.4121,PASS
ss_125c_3.63v,ss,125,3.63,1,4.7,0.05,1.79909,143.8,52112.7,94.86,,inf,PASS,0.792,FAIL
ss_125c_3.63v,ss,125,3.63,1,4.7,0.2,1.79909,143.8,55151.2,108.33,,inf,PASS,9.409,FAIL
ss_125c_3.63v,ss,125,3.63,1,4.7,0.5,1.79909,143.8,109924,143.06,,inf,PASS,17.05,FAIL
ss_125c_3.63v,ss,125,3.63,10,0.33,0.001,1.79909,142.8,980811,196.60,,inf,PASS,-2.644,PASS
ss_125c_3.63v,ss,125,3.63,10,0.33,0.05,1.79909,142.8,981805,202.26,,inf,PASS,-2.596,PASS
ss_125c_3.63v,ss,125,3.63,10,0.33,0.2,1.79909,142.8,996910,218.46,,inf,PASS,-1.907,PASS
ss_125c_3.63v,ss,125,3.63,10,0.33,0.5,1.79909,142.8,1.06896e+06,241.81,,inf,PASS,-2.45,PASS
ss_125c_3.63v,ss,125,3.63,10,1,0.001,1.79909,142.8,787126,201.37,,inf,PASS,-2.594,PASS
ss_125c_3.63v,ss,125,3.63,10,1,0.05,1.79909,142.8,791186,214.99,,inf,PASS,-2.311,PASS
ss_125c_3.63v,ss,125,3.63,10,1,0.2,1.79909,142.8,844518,246.67,,inf,PASS,-2.994,PASS
ss_125c_3.63v,ss,125,3.63,10,1,0.5,1.79909,142.8,997144,268.11,,inf,PASS,-1.575,PASS
ss_125c_3.63v,ss,125,3.63,10,4.7,0.001,1.79909,142.8,628509,193.78,,inf,PASS,-3.676,PASS
ss_125c_3.63v,ss,125,3.63,10,4.7,0.05,1.79909,142.8,653328,240.99,,inf,PASS,-3.5,PASS
ss_125c_3.63v,ss,125,3.63,10,4.7,0.2,1.79909,142.8,788788,278.84,,inf,PASS,-2.046,PASS
ss_125c_3.63v,ss,125,3.63,10,4.7,0.5,1.79909,142.8,985001,282.17,,inf,PASS,-1.938,PASS
ss_125c_3.63v,ss,125,3.63,25,0.33,0.001,1.79909,140.9,1.06653e+06,193.54,,inf,PASS,-2.889,PASS
ss_125c_3.63v,ss,125,3.63,25,0.33,0.05,1.79909,140.9,1.06784e+06,199.69,,inf,PASS,-2.833,PASS
ss_125c_3.63v,ss,125,3.63,25,0.33,0.2,1.79909,140.9,1.08791e+06,217.07,,inf,PASS,-2.021,PASS
ss_125c_3.63v,ss,125,3.63,25,0.33,0.5,1.79909,140.9,1.17974e+06,240.95,,inf,PASS,-2.147,PASS
ss_125c_3.63v,ss,125,3.63,25,1,0.001,1.79909,140.9,845845,199.35,,inf,PASS,-3.278,PASS
ss_125c_3.63v,ss,125,3.63,25,1,0.05,1.79909,140.9,851506,213.89,,inf,PASS,-2.941,PASS
ss_125c_3.63v,ss,125,3.63,25,1,0.2,1.79909,140.9,920752,246.36,,inf,PASS,-2.976,PASS
ss_125c_3.63v,ss,125,3.63,25,1,0.5,1.79909,140.9,1.1082e+06,265.95,,inf,PASS,-2.496,PASS
ss_125c_3.63v,ss,125,3.63,25,4.7,0.001,1.79909,140.9,655991,196.87,,inf,PASS,-3.368,PASS
ss_125c_3.63v,ss,125,3.63,25,4.7,0.05,1.79909,140.9,688623,244.08,,inf,PASS,-2.649,PASS
ss_125c_3.63v,ss,125,3.63,25,4.7,0.2,1.79909,140.9,861952,277.43,,inf,PASS,-1.965,PASS
ss_125c_3.63v,ss,125,3.63,25,4.7,0.5,1.79909,140.9,1.09612e+06,278.70,,inf,PASS,-1.401,PASS
ss_125c_3.63v,ss,125,3.63,50,0.33,0.001,1.79909,138.5,1.12653e+06,191.49,,inf,PASS,-2.518,PASS
ss_125c_3.63v,ss,125,3.63,50,0.33,0.05,1.79909,138.5,1.12804e+06,197.98,,inf,PASS,-2.458,PASS
ss_125c_3.63v,ss,125,3.63,50,0.33,0.2,1.79909,138.5,1.15172e+06,216.17,,inf,PASS,-3.255,PASS
ss_125c_3.63v,ss,125,3.63,50,0.33,0.5,1.79909,138.5,1.25805e+06,240.33,,inf,PASS,-1.512,PASS
ss_125c_3.63v,ss,125,3.63,50,1,0.001,1.79909,138.5,888046,197.74,,inf,PASS,-3.061,PASS
ss_125c_3.63v,ss,125,3.63,50,1,0.05,1.79909,138.5,894783,212.95,,inf,PASS,-2.695,PASS
ss_125c_3.63v,ss,125,3.63,50,1,0.2,1.79909,138.5,976610,245.94,,inf,PASS,-2.435,PASS
ss_125c_3.63v,ss,125,3.63,50,1,0.5,1.79909,138.5,1.18787e+06,264.37,,inf,PASS,-1.753,PASS
ss_125c_3.63v,ss,125,3.63,50,4.7,0.001,1.79909,138.5,677270,197.67,,inf,PASS,-3.873,PASS
ss_125c_3.63v,ss,125,3.63,50,4.7,0.05,1.79909,138.5,716494,245.15,,inf,PASS,-2.721,PASS
ss_125c_3.63v,ss,125,3.63,50,4.7,0.2,1.79909,138.5,916449,276.09,,inf,PASS,-2.851,PASS
ss_125c_3.63v,ss,125,3.63,50,4.7,0.5,1.79909,138.5,1.17665e+06,276.28,,inf,PASS,-2.007,PASS
tt_-40c_2.97v,tt,-40,2.97,0,0.33,0.001,1.79947,137.8,3244.32,35.63,,inf,FAIL,-0.9646,PASS
tt_-40c_2.97v,tt,-40,2.97,0,0.33,0.05,1.79947,137.8,3244.32,35.65,,inf,FAIL,-0.9646,PASS
tt_-40c_2.97v,tt,-40,2.97,0,0.33,0.2,1.79947,137.8,3244.32,35.71,,inf,FAIL,-0.9646,PASS
tt_-40c_2.97v,tt,-40,2.97,0,0.33,0.5,1.79947,137.8,3244.33,35.82,,inf,FAIL,-0.9646,PASS
tt_-40c_2.97v,tt,-40,2.97,0,1,0.001,1.79947,137.8,1746.08,20.94,,inf,FAIL,-1.42,PASS
tt_-40c_2.97v,tt,-40,2.97,0,1,0.05,1.79947,137.8,1746.08,20.97,,inf,FAIL,-1.42,PASS
tt_-40c_2.97v,tt,-40,2.97,0,1,0.2,1.79947,137.8,1746.08,21.06,,inf,FAIL,-1.42,PASS
tt_-40c_2.97v,tt,-40,2.97,0,1,0.5,1.79947,137.8,1746.09,21.25,,inf,FAIL,-1.42,PASS
tt_-40c_2.97v,tt,-40,2.97,0,4.7,0.001,1.79947,137.7,785.347,9.81,,inf,FAIL,-0.9868,PASS
tt_-40c_2.97v,tt,-40,2.97,0,4.7,0.05,1.79947,137.7,785.347,9.88,,inf,FAIL,-0.9868,PASS
tt_-40c_2.97v,tt,-40,2.97,0,4.7,0.2,1.79947,137.7,785.351,10.07,,inf,FAIL,-0.9867,PASS
tt_-40c_2.97v,tt,-40,2.97,0,4.7,0.5,1.79947,137.7,785.373,10.47,,inf,FAIL,-0.9861,PASS
tt_-40c_2.97v,tt,-40,2.97,0.1,0.33,0.001,1.79947,147,218626,77.01,,inf,PASS,5.523,FAIL
tt_-40c_2.97v,tt,-40,2.97,0.1,0.33,0.05,1.79947,147,218692,78.28,,inf,PASS,5.543,FAIL
tt_-40c_2.97v,tt,-40,2.97,0.1,0.33,0.2,1.79947,147,219760,82.11,,inf,PASS,5.837,FAIL
tt_-40c_2.97v,tt,-40,2.97,0.1,0.33,0.5,1.79947,147,226017,89.62,,inf,PASS,7.192,FAIL
tt_-40c_2.97v,tt,-40,2.97,0.1,1,0.001,1.79947,147,60999.7,90.49,,inf,PASS,-0.586,PASS
tt_-40c_2.97v,tt,-40,2.97,0.1,1,0.05,1.79947,147,61013,91.56,,inf,PASS,-0.5842,PASS
tt_-40c_2.97v,tt,-40,2.97,0.1,1,0.2,1.79947,147,61215.4,94.85,,inf,PASS,-0.5563,PASS
tt_-40c_2.97v,tt,-40,2.97,0.1,1,0.5,1.79947,147,62380.2,101.48,,inf,PASS,3.136,FAIL
tt_-40c_2.97v,tt,-40,2.97,0.1,4.7,0.001,1.79947,147,11341.2,71.28,,inf,PASS,-0.56,PASS
tt_-40c_2.97v,tt,-40,2.97,0.1,4.7,0.05,1.79947,147,11342.6,72.23,,inf,PASS,-0.5586,PASS
tt_-40c_2.97v,tt,-40,2.97,0.1,4.7,0.2,1.79947,147,11363.8,75.15,,inf,PASS,-0.5382,PASS
tt_-40c_2.97v,tt,-40,2.97,0.1,4.7,0.5,1.79947,147,11484,81.19,,inf,PASS,2.272,FAIL
tt_-40c_2.97v,tt,-40,2.97,1,0.33,0.001,1.79947,147.1,932698,197.82,,inf,PASS,-3.272,PASS
tt_-40c_2.97v,tt,-40,2.97,1,0.33,0.05,1.79947,147.1,933454,203.23,,inf,PASS,-3.227,PASS
tt_-40c_2.97v,tt,-40,2.97,1,0.33,0.2,1.79947,147.1,944570,219.02,,inf,PASS,-2.588,PASS
tt_-40c_2.97v,tt,-40,2.97,1,0.33,0.5,1.79947,147.1,997286,242.98,,inf,PASS,-1.938,PASS
tt_-40c_2.97v,tt,-40,2.97,1,1,0.001,1.79947,147.1,784796,193.16,,inf,PASS,-3.64,PASS
tt_-40c_2.97v,tt,-40,2.97,1,1,0.05,1.79947,147.1,787711,207.15,,inf,PASS,-3.355,PASS
tt_-40c_2.97v,tt,-40,2.97,1,1,0.2,1.79947,147.1,825417,242.07,,inf,PASS,-2.777,PASS
tt_-40c_2.97v,tt,-40,2.97,1,1,0.5,1.79947,147.1,936690,268.82,,inf,PASS,-2.551,PASS
tt_-40c_2.97v,tt,-40,2.97,1,4.7,0.001,1.79947,147.1,101462,87.31,,inf,PASS,-0.5967,PASS
tt_-40c_2.97v,tt,-40,2.97,1,4.7,0.05,1.79947,147.1,102782,95.64,,inf,PASS,1.351,FAIL
tt_-40c_2.97v,tt,-40,2.97,1,4.7,0.2,1.79947,147.1,133116,122.37,,inf,PASS,10.54,FAIL
tt_-40c_2.97v,tt,-40,2.97,1,4.7,0.5,1.79947,147.1,926061,283.45,,inf,PASS,-2.949,PASS
tt_-40c_2.97v,tt,-40,2.97,10,0.33,0.001,1.79947,144.9,1.22356e+06,191.70,,inf,PASS,-2.95,PASS
tt_-40c_2.97v,tt,-40,2.97,10,0.33,0.05,1.79947,144.9,1.22557e+06,198.74,,inf,PASS,-2.875,PASS
tt_-40c_2.97v,tt,-40,2.97,10,0.33,0.2,1.79947,144.9,1.2552e+06,218.33,,inf,PASS,-1.833,PASS
tt_-40c_2.97v,tt,-40,2.97,10,0.33,0.5,1.79947,144.9,1.38295e+06,243.12,,inf,PASS,-2.913,PASS
tt_-40c_2.97v,tt,-40,2.97,10,1,0.001,1.79947,144.9,974024,196.34,,inf,PASS,-3.217,PASS
tt_-40c_2.97v,tt,-40,2.97,10,1,0.05,1.79947,144.9,982428,213.04,,inf,PASS,-2.776,PASS
tt_-40c_2.97v,tt,-40,2.97,10,1,0.2,1.79947,144.9,1.07998e+06,247.94,,inf,PASS,-2.202,PASS
tt_-40c_2.97v,tt,-40,2.97,10,1,0.5,1.79947,144.9,1.31696e+06,265.71,,inf,PASS,-1.438,PASS
tt_-40c_2.97v,tt,-40,2.97,10,4.7,0.001,1.79947,144.9,759436,189.45,,inf,PASS,-5.584,PASS
tt_-40c_2.97v,tt,-40,2.97,10,4.7,0.05,1.79947,144.9,807331,243.25,,inf,PASS,-3.828,PASS
tt_-40c_2.97v,tt,-40,2.97,10,4.7,0.2,1.79947,144.9,1.02568e+06,275.81,,inf,PASS,-2.299,PASS
tt_-40c_2.97v,tt,-40,2.97,10,4.7,0.5,1.79947,144.9,1.30713e+06,276.48,,inf,PASS,-1.651,PASS
tt_-40c_2.97v,tt,-40,2.97,25,0.33,0.001,1.79947,142.6,1.328e+06,189.12,,inf,PASS,-3.272,PASS
tt_-40c_2.97v,tt,-40,2.97,25,0.33,0.05,1.79947,142.6,1.33061e+06,196.75,,inf,PASS,-3.182,PASS
tt_-40c_2.97v,tt,-40,2.97,25,0.33,0.2,1.79947,142.6,1.3693e+06,217.62,,inf,PASS,-1.966,PASS
tt_-40c_2.97v,tt,-40,2.97,25,0.33,0.5,1.79947,142.6,1.5282e+06,242.44,,inf,PASS,-2.598,PASS
tt_-40c_2.97v,tt,-40,2.97,25,1,0.001,1.79947,142.6,1.04695e+06,194.83,,inf,PASS,-1.952,PASS
tt_-40c_2.97v,tt,-40,2.97,25,1,0.05,1.79947,142.6,1.05829e+06,212.63,,inf,PASS,-3.326,PASS
tt_-40c_2.97v,tt,-40,2.97,25,1,0.2,1.79947,142.6,1.18258e+06,247.84,,inf,PASS,-2.123,PASS
tt_-40c_2.97v,tt,-40,2.97,25,1,0.5,1.79947,142.6,1.46451e+06,263.52,,inf,PASS,-2.349,PASS
tt_-40c_2.97v,tt,-40,2.97,25,4.7,0.001,1.79947,142.6,796974,193.16,,inf,PASS,-4.903,PASS
tt_-40c_2.97v,tt,-40,2.97,25,4.7,0.05,1.79947,142.6,858893,246.51,,inf,PASS,-2.712,PASS
tt_-40c_2.97v,tt,-40,2.97,25,4.7,0.2,1.79947,142.6,1.12761e+06,274.25,,inf,PASS,-2.066,PASS
tt_-40c_2.97v,tt,-40,2.97,25,4.7,0.5,1.79947,142.6,1.455e+06,273.24,,inf,PASS,-2.511,PASS
tt_-40c_2.97v,tt,-40,2.97,50,0.33,0.001,1.79947,139.8,1.40268e+06,187.33,,inf,PASS,-2.914,PASS
tt_-40c_2.97v,tt,-40,2.97,50,0.33,0.05,1.79947,139.8,1.40568e+06,195.38,,inf,PASS,-2.818,PASS
tt_-40c_2.97v,tt,-40,2.97,50,0.33,0.2,1.79947,139.8,1.45097e+06,217.15,,inf,PASS,-3.136,PASS
tt_-40c_2.97v,tt,-40,2.97,50,0.33,0.5,1.79947,139.8,1.63309e+06,241.90,,inf,PASS,-1.937,PASS
tt_-40c_2.97v,tt,-40,2.97,50,1,0.001,1.79947,139.8,1.1004e+06,193.49,,inf,PASS,-3.605,PASS
tt_-40c_2.97v,tt,-40,2.97,50,1,0.05,1.79947,139.8,1.11381e+06,212.11,,inf,PASS,-3.037,PASS
tt_-40c_2.97v,tt,-40,2.97,50,1,0.2,1.79947,139.8,1.25789e+06,247.53,,inf,PASS,-1.54,PASS
tt_-40c_2.97v,tt,-40,2.97,50,1,0.5,1.79947,139.8,1.57117e+06,261.93,,inf,PASS,-1.612,PASS
tt_-40c_2.97v,tt,-40,2.97,50,4.7,0.001,1.79947,139.8,825519,194.35,,inf,PASS,-2.857,PASS
tt_-40c_2.97v,tt,-40,2.97,50,4.7,0.05,1.79947,139.8,898734,247.82,,inf,PASS,-2.548,PASS
tt_-40c_2.97v,tt,-40,2.97,50,4.7,0.2,1.79947,139.8,1.20333e+06,272.84,,inf,PASS,-2.815,PASS
tt_-40c_2.97v,tt,-40,2.97,50,4.7,0.5,1.79947,139.8,1.56246e+06,270.97,,inf,PASS,-1.759,PASS
tt_-40c_3.30v,tt,-40,3.3,0,0.33,0.001,1.79944,137.9,3477.41,37.60,,inf,FAIL,-1.26,PASS
tt_-40c_3.30v,tt,-40,3.3,0,0.33,0.05,1.79944,137.9,3477.41,37.62,,inf,FAIL,-1.26,PASS
tt_-40c_3.30v,tt,-40,3.3,0,0.33,0.2,1.79944,137.9,3477.41,37.68,,inf,FAIL,-1.26,PASS
tt_-40c_3.30v,tt,-40,3.3,0,0.33,0.5,1.79944,137.9,3477.42,37.80,,inf,FAIL,-1.26,PASS
tt_-40c_3.30v,tt,-40,3.3,0,1,0.001,1.79944,137.9,1857.72,22.16,,inf,FAIL,-1.157,PASS
tt_-40c_3.30v,tt,-40,3.3,0,1,0.05,1.79944,137.9,1857.72,22.19,,inf,FAIL,-1.157,PASS
tt_-40c_3.30v,tt,-40,3.3,0,1,0.2,1.79944,137.9,1857.72,22.29,,inf,FAIL,-1.157,PASS
tt_-40c_3.30v,tt,-40,3.3,0,1,0.5,1.79944,137.9,1857.73,22.49,,inf,FAIL,-1.157,PASS
tt_-40c_3.30v,tt,-40,3.3,0,4.7,0.001,1.79944,137.7,832.667,10.39,,inf,FAIL,-1.555,PASS
tt_-40c_3.30v,tt,-40,3.3,0,4.7,0.05,1.79944,137.7,832.667,10.46,,inf,FAIL,-1.555,PASS
tt_-40c_3.30v,tt,-40,3.3,0,4.7,0.2,1.79944,137.7,832.672,10.67,,inf,FAIL,-1.555,PASS
tt_-40c_3.30v,tt,-40,3.3,0,4.7,0.5,1.79944,137.7,832.699,11.09,,inf,FAIL,-1.555,PASS
tt_-40c_3.30v,tt,-40,3.3,0.1,0.33,0.001,1.79944,147.3,247990,74.89,,inf,PASS,9.274,FAIL
tt_-40c_3.30v,tt,-40,3.3,0.1,0.33,0.05,1.79944,147.3,248090,76.33,,inf,PASS,9.299,FAIL
tt_-40c_3.30v,tt,-40,3.3,0.1,0.33,0.2,1.79944,147.3,249598,80.65,,inf,PASS,9.649,FAIL
tt_-40c_3.30v,tt,-40,3.3,0.1,0.33,0.5,1.79944,147.3,259028,89.09,,inf,PASS,11.22,FAIL
tt_-40c_3.30v,tt,-40,3.3,0.1,1,0.001,1.79944,147.3,70040.5,90.00,,inf,PASS,-0.3636,PASS
tt_-40c_3.30v,tt,-40,3.3,0.1,1,0.05,1.79944,147.3,70060.4,91.23,,inf,PASS,-0.1444,PASS
tt_-40c_3.30v,tt,-40,3.3,0.1,1,0.2,1.79944,147.3,70362.4,95.00,,inf,PASS,2.258,FAIL
tt_-40c_3.30v,tt,-40,3.3,0.1,1,0.5,1.79944,147.3,72111.8,102.58,,inf,PASS,7.545,FAIL
tt_-40c_3.30v,tt,-40,3.3,0.1,4.7,0.001,1.79944,147.3,12633.9,73.80,,inf,PASS,-0.8182,PASS
tt_-40c_3.30v,tt,-40,3.3,0.1,4.7,0.05,1.79944,147.3,12636,74.85,,inf,PASS,-0.8164,PASS
tt_-40c_3.30v,tt,-40,3.3,0.1,4.7,0.2,1.79944,147.3,12667.4,78.11,,inf,PASS,-0.7895,PASS
tt_-40c_3.30v,tt,-40,3.3,0.1,4.7,0.5,1.79944,147.3,12846.6,84.88,,inf,PASS,6.813,FAIL
tt_-40c_3.30v,tt,-40,3.3,1,0.33,0.001,1.79944,147.5,1.02744e+06,200.51,,inf,PASS,-3.08,PASS
tt_-40c_3.30v,tt,-40,3.3,1,0.33,0.05,1.79944,147.5,1.02844e+06,206.46,,inf,PASS,-3.026,PASS
tt_-40c_3.30v,tt,-40,3.3,1,0.33,0.2,1.79944,147.5,1.0429e+06,223.53,,inf,PASS,-2.269,PASS
tt_-40c_3.30v,tt,-40,3.3,1,0.33,0.5,1.79944,147.5,1.11094e+06,247.83,,inf,PASS,-3.054,PASS
tt_-40c_3.30v,tt,-40,3.3,1,1,0.001,1.79944,147.5,866492,199.66,,inf,PASS,-3.294,PASS
tt_-40c_3.30v,tt,-40,3.3,1,1,0.05,1.79944,147.5,870128,214.91,,inf,PASS,-2.953,PASS
tt_-40c_3.30v,tt,-40,3.3,1,1,0.2,1.79944,147.5,918173,249.97,,inf,PASS,-4.206,PASS
tt_-40c_3.30v,tt,-40,3.3,1,1,0.5,1.79944,147.5,1.05117e+06,273.09,,inf,PASS,-3.307,PASS
tt_-40c_3.30v,tt,-40,3.3,1,4.7,0.001,1.79944,147.5,115917,86.10,,inf,PASS,1.907,FAIL
tt_-40c_3.30v,tt,-40,3.3,1,4.7,0.05,1.79944,147.5,117874,95.60,,inf,PASS,5.215,FAIL
tt_-40c_3.30v,tt,-40,3.3,1,4.7,0.2,1.79944,147.5,172646,126.46,,inf,PASS,14.75,FAIL
tt_-40c_3.30v,tt,-40,3.3,1,4.7,0.5,1.79944,147.5,1.04154e+06,286.36,,inf,PASS,-1.96,PASS
tt_-40c_3.30v,tt,-40,3.3,10,0.33,0.001,1.79944,145.8,1.34959e+06,192.51,,inf,PASS,-2.728,PASS
tt_-40c_3.30v,tt,-40,3.3,10,0.33,0.05,1.79944,145.8,1.3523e+06,200.27,,inf,PASS,-2.636,PASS
tt_-40c_3.30v,tt,-40,3.3,10,0.33,0.2,1.79944,145.8,1.39181e+06,221.38,,inf,PASS,-3.096,PASS
tt_-40c_3.30v,tt,-40,3.3,10,0.33,0.5,1.79944,145.8,1.55333e+06,246.03,,inf,PASS,-2.126,PASS
tt_-40c_3.30v,tt,-40,3.3,10,1,0.001,1.79944,145.8,1.07518e+06,198.41,,inf,PASS,-2.94,PASS
tt_-40c_3.30v,tt,-40,3.3,10,1,0.05,1.79944,145.8,1.08625e+06,216.67,,inf,PASS,-2.414,PASS
tt_-40c_3.30v,tt,-40,3.3,10,1,0.2,1.79944,145.8,1.2105e+06,251.95,,inf,PASS,-2.98,PASS
tt_-40c_3.30v,tt,-40,3.3,10,1,0.5,1.79944,145.8,1.49143e+06,267.00,,inf,PASS,-1.851,PASS
tt_-40c_3.30v,tt,-40,3.3,10,4.7,0.001,1.79944,145.8,842014,196.48,,inf,PASS,-5.129,PASS
tt_-40c_3.30v,tt,-40,3.3,10,4.7,0.05,1.79944,145.8,901572,251.48,,inf,PASS,-2.922,PASS
tt_-40c_3.30v,tt,-40,3.3,10,4.7,0.2,1.79944,145.8,1.15918e+06,278.00,,inf,PASS,-2.775,PASS
tt_-40c_3.30v,tt,-40,3.3,10,4.7,0.5,1.79944,145.8,1.48249e+06,276.58,,inf,PASS,-2.014,PASS
tt_-40c_3.30v,tt,-40,3.3,25,0.33,0.001,1.79944,143.9,1.46627e+06,189.62,,inf,PASS,-3.019,PASS
tt_-40c_3.30v,tt,-40,3.3,25,0.33,0.05,1.79944,143.9,1.46981e+06,198.02,,inf,PASS,-2.909,PASS
tt_-40c_3.30v,tt,-40,3.3,25,0.33,0.2,1.79944,143.9,1.52098e+06,220.49,,inf,PASS,-3.122,PASS
tt_-40c_3.30v,tt,-40,3.3,25,0.33,0.5,1.79944,143.9,1.72077e+06,244.96,,inf,PASS,-1.748,PASS
tt_-40c_3.30v,tt,-40,3.3,25,1,0.001,1.79944,143.9,1.15694e+06,196.30,,inf,PASS,-3.552,PASS
tt_-40c_3.30v,tt,-40,3.3,25,1,0.05,1.79944,143.9,1.17198e+06,215.78,,inf,PASS,-2.928,PASS
tt_-40c_3.30v,tt,-40,3.3,25,1,0.2,1.79944,143.9,1.32966e+06,251.24,,inf,PASS,-2.768,PASS
tt_-40c_3.30v,tt,-40,3.3,25,1,0.5,1.79944,143.9,1.66135e+06,264.36,,inf,PASS,-2.689,PASS
tt_-40c_3.30v,tt,-40,3.3,25,4.7,0.001,1.79944,143.9,883038,198.23,,inf,PASS,-4.456,PASS
tt_-40c_3.30v,tt,-40,3.3,25,4.7,0.05,1.79944,143.9,961220,253.10,,inf,PASS,-3.702,PASS
tt_-40c_3.30v,tt,-40,3.3,25,4.7,0.2,1.79944,143.9,1.2784e+06,275.63,,inf,PASS,-2.437,PASS
tt_-40c_3.30v,tt,-40,3.3,25,4.7,0.5,1.79944,143.9,1.65318e+06,272.95,,inf,PASS,-1.469,PASS
tt_-40c_3.30v,tt,-40,3.3,50,0.33,0.001,1.79944,141.7,1.54968e+06,187.61,,inf,PASS,-2.636,PASS
tt_-40c_3.30v,tt,-40,3.3,50,0.33,0.05,1.79944,141.7,1.55379e+06,196.48,,inf,PASS,-2.518,PASS
tt_-40c_3.30v,tt,-40,3.3,50,0.33,0.2,1.79944,141.7,1.61447e+06,219.88,,inf,PASS,-2.605,PASS
tt_-40c_3.30v,tt,-40,3.3,50,0.33,0.5,1.79944,141.7,1.84223e+06,244.14,,inf,PASS,-2.456,PASS
tt_-40c_3.30v,tt,-40,3.3,50,1,0.001,1.79944,141.7,1.21674e+06,194.60,,inf,PASS,-3.286,PASS
tt_-40c_3.30v,tt,-40,3.3,50,1,0.05,1.79944,141.7,1.23454e+06,214.97,,inf,PASS,-2.609,PASS
tt_-40c_3.30v,tt,-40,3.3,50,1,0.2,1.79944,141.7,1.41794e+06,250.53,,inf,PASS,-2.116,PASS
tt_-40c_3.30v,tt,-40,3.3,50,1,0.5,1.79944,141.7,1.78547e+06,262.46,,inf,PASS,-1.913,PASS
tt_-40c_3.30v,tt,-40,3.3,50,4.7,0.001,1.79944,141.7,913922,198.49,,inf,PASS,-4.695,PASS
tt_-40c_3.30v,tt,-40,3.3,50,4.7,0.05,1.79944,141.7,1.00775e+06,253.48,,inf,PASS,-3.403,PASS
tt_-40c_3.30v,tt,-40,3.3,50,4.7,0.2,1.79944,141.7,1.36712e+06,273.74,,inf,PASS,-1.724,PASS
tt_-40c_3.30v,tt,-40,3.3,50,4.7,0.5,1.79944,141.7,1.77768e+06,270.45,,inf,PASS,-2.025,PASS
tt_-40c_3.63v,tt,-40,3.63,0,0.33,0.001,1.79937,136.3,3701.09,39.40,811796,29.60,FAIL,-1.017,PASS
tt_-40c_3.63v,tt,-40,3.63,0,0.33,0.05,1.79937,136.3,3701.09,39.42,816652,28.81,FAIL,-1.017,PASS
tt_-40c_3.63v,tt,-40,3.63,0,0.33,0.2,1.79937,136.3,3701.09,39.49,831168,26.08,FAIL,-1.017,PASS
tt_-40c_3.63v,tt,-40,3.63,0,0.33,0.5,1.79937,136.3,3701.1,39.62,841908,24.79,FAIL,-1.017,PASS
tt_-40c_3.63v,tt,-40,3.63,0,1,0.001,1.79937,136.3,1961.7,23.29,811998,39.20,FAIL,-1.014,PASS
tt_-40c_3.63v,tt,-40,3.63,0,1,0.05,1.79937,136.3,1961.7,23.33,826602,36.63,FAIL,-1.014,PASS
tt_-40c_3.63v,tt,-40,3.63,0,1,0.2,1.79937,136.3,1961.7,23.43,844543,33.81,FAIL,-1.014,PASS
tt_-40c_3.63v,tt,-40,3.63,0,1,0.5,1.79937,136.3,1961.72,23.64,855335,28.77,FAIL,-1.014,PASS
tt_-40c_3.63v,tt,-40,3.63,0,4.7,0.001,1.79937,136.2,876.725,10.95,813107,52.46,FAIL,-1.461,PASS
tt_-40c_3.63v,tt,-40,3.63,0,4.7,0.05,1.79937,136.2,876.725,11.03,846732,46.61,FAIL,-1.461,PASS
tt_-40c_3.63v,tt,-40,3.63,0,4.7,0.2,1.79937,136.2,876.73,11.25,859709,37.42,FAIL,-1.461,PASS
tt_-40c_3.63v,tt,-40,3.63,0,4.7,0.5,1.79937,136.2,876.762,11.69,862848,29.81,FAIL,-1.46,PASS
tt_-40c_3.63v,tt,-40,3.63,0.1,0.33,0.001,1.79937,146.2,276508,72.81,,inf,PASS,17.36,FAIL
tt_-40c_3.63v,tt,-40,3.63,0.1,0.33,0.05,1.79937,146.2,276653,74.41,,inf,PASS,17.39,FAIL
tt_-40c_3.63v,tt,-40,3.63,0.1,0.33,0.2,1.79937,146.2,278864,79.21,,inf,PASS,17.81,FAIL
tt_-40c_3.63v,tt,-40,3.63,0.1,0.33,0.5,1.79937,146.2,292396,88.50,,inf,PASS,19.61,FAIL
tt_-40c_3.63v,tt,-40,3.63,0.1,1,0.001,1.79937,146.2,78878.6,89.35,,inf,PASS,7.715,FAIL
tt_-40c_3.63v,tt,-40,3.63,0.1,1,0.05,1.79937,146.2,78905.9,90.74,,inf,PASS,7.978,FAIL
tt_-40c_3.63v,tt,-40,3.63,0.1,1,0.2,1.79937,146.2,79320.9,94.98,,inf,PASS,10.72,FAIL
tt_-40c_3.63v,tt,-40,3.63,0.1,1,0.5,1.79937,146.2,81843.2,103.49,,inf,PASS,16.31,FAIL
tt_-40c_3.63v,tt,-40,3.63,0.1,4.7,0.001,1.79937,146.2,13928.7,75.93,,inf,PASS,-0.7494,PASS
tt_-40c_3.63v,tt,-40,3.63,0.1,4.7,0.05,1.79937,146.2,13931.5,77.09,,inf,PASS,-0.7473,PASS
tt_-40c_3.63v,tt,-40,3.63,0.1,4.7,0.2,1.79937,146.2,13974.5,80.70,,inf,PASS,7.886,FAIL
tt_-40c_3.63v,tt,-40,3.63,0.1,4.7,0.5,1.79937,146.2,14220.6,88.20,,inf,PASS,15.68,FAIL
tt_-40c_3.63v,tt,-40,3.63,1,0.33,0.001,1.79937,146.6,1.11753e+06,203.17,,inf,PASS,-3.457,PASS
tt_-40c_3.63v,tt,-40,3.63,1,0.33,0.05,1.79937,146.6,1.11884e+06,209.62,,inf,PASS,-3.391,PASS
tt_-40c_3.63v,tt,-40,3.63,1,0.33,0.2,1.79937,146.6,1.13754e+06,227.80,,inf,PASS,-2.498,PASS
tt_-40c_3.63v,tt,-40,3.63,1,0.33,0.5,1.79937,146.6,1.22128e+06,252.11,,inf,PASS,-2.914,PASS
tt_-40c_3.63v,tt,-40,3.63,1,1,0.001,1.79937,146.6,944282,205.76,,inf,PASS,-3.729,PASS
tt_-40c_3.63v,tt,-40,3.63,1,1,0.05,1.79937,146.6,948998,222.09,,inf,PASS,-3.322,PASS
tt_-40c_3.63v,tt,-40,3.63,1,1,0.2,1.79937,146.6,1.00762e+06,256.87,,inf,PASS,-4.098,PASS
tt_-40c_3.63v,tt,-40,3.63,1,1,0.5,1.79937,146.6,1.16346e+06,276.53,,inf,PASS,-2.928,PASS
tt_-40c_3.63v,tt,-40,3.63,1,4.7,0.001,1.79937,146.6,129972,84.93,,inf,PASS,6.538,FAIL
tt_-40c_3.63v,tt,-40,3.63,1,4.7,0.05,1.79937,146.6,132692,95.55,,inf,PASS,10.29,FAIL
tt_-40c_3.63v,tt,-40,3.63,1,4.7,0.2,1.79937,146.6,247566,130.77,,inf,PASS,20.13,FAIL
tt_-40c_3.63v,tt,-40,3.63,1,4.7,0.5,1.79937,146.6,1.15414e+06,288.70,,inf,PASS,-3.184,PASS
tt_-40c_3.63v,tt,-40,3.63,10,0.33,0.001,1.79937,145.4,1.46921e+06,193.36,,inf,PASS,-3.015,PASS
tt_-40c_3.63v,tt,-40,3.63,10,0.33,0.05,1.79937,145.4,1.47275e+06,201.78,,inf,PASS,-2.903,PASS
tt_-40c_3.63v,tt,-40,3.63,10,0.33,0.2,1.79937,145.4,1.52308e+06,224.22,,inf,PASS,-3.143,PASS
tt_-40c_3.63v,tt,-40,3.63,10,0.33,0.5,1.79937,145.4,1.71926e+06,248.46,,inf,PASS,-1.806,PASS
tt_-40c_3.63v,tt,-40,3.63,10,1,0.001,1.79937,145.4,1.17118e+06,200.42,,inf,PASS,-3.233,PASS
tt_-40c_3.63v,tt,-40,3.63,10,1,0.05,1.79937,145.4,1.18556e+06,220.09,,inf,PASS,-2.607,PASS
tt_-40c_3.63v,tt,-40,3.63,10,1,0.2,1.79937,145.4,1.33825e+06,255.32,,inf,PASS,-2.665,PASS
tt_-40c_3.63v,tt,-40,3.63,10,1,0.5,1.79937,145.4,1.66087e+06,267.99,,inf,PASS,-2.747,PASS
tt_-40c_3.63v,tt,-40,3.63,10,4.7,0.001,1.79937,145.4,918925,203.22,,inf,PASS,-5.461,PASS
tt_-40c_3.63v,tt,-40,3.63,10,4.7,0.05,1.79937,145.4,992024,258.42,,inf,PASS,-2.697,PASS
tt_-40c_3.63v,tt,-40,3.63,10,4.7,0.2,1.79937,145.4,1.28966e+06,279.67,,inf,PASS,-2.275,PASS
tt_-40c_3.63v,tt,-40,3.63,10,4.7,0.5,1.79937,145.4,1.65289e+06,276.62,,inf,PASS,-1.505,PASS
tt_-40c_3.63v,tt,-40,3.63,25,0.33,0.001,1.79937,143.9,1.59704e+06,190.18,,inf,PASS,-3.279,PASS
tt_-40c_3.63v,tt,-40,3.63,25,0.33,0.05,1.79937,143.9,1.6017e+06,199.31,,inf,PASS,-3.146,PASS
tt_-40c_3.63v,tt,-40,3.63,25,0.33,0.2,1.79937,143.9,1.66705e+06,223.15,,inf,PASS,-3.111,PASS
tt_-40c_3.63v,tt,-40,3.63,25,0.33,0.5,1.79937,143.9,1.90832e+06,247.03,,inf,PASS,-2.791,PASS
tt_-40c_3.63v,tt,-40,3.63,25,1,0.001,1.79937,143.9,1.26073e+06,197.76,,inf,PASS,-3.807,PASS
tt_-40c_3.63v,tt,-40,3.63,25,1,0.05,1.79937,143.9,1.28026e+06,218.76,,inf,PASS,-3.066,PASS
tt_-40c_3.63v,tt,-40,3.63,25,1,0.2,1.79937,143.9,1.47349e+06,254.05,,inf,PASS,-2.397,PASS
tt_-40c_3.63v,tt,-40,3.63,25,1,0.5,1.79937,143.9,1.85386e+06,264.95,,inf,PASS,-2.178,PASS
tt_-40c_3.63v,tt,-40,3.63,25,4.7,0.001,1.79937,143.9,963673,203.07,,inf,PASS,-4.734,PASS
tt_-40c_3.63v,tt,-40,3.63,25,4.7,0.05,1.79937,143.9,1.06056e+06,258.57,,inf,PASS,-3.389,PASS
tt_-40c_3.63v,tt,-40,3.63,25,4.7,0.2,1.79937,143.9,1.42525e+06,276.65,,inf,PASS,-1.902,PASS
tt_-40c_3.63v,tt,-40,3.63,25,4.7,0.5,1.79937,143.9,1.84634e+06,272.67,,inf,PASS,-2.281,PASS
tt_-40c_3.63v,tt,-40,3.63,50,0.33,0.001,1.79937,142,1.68964e+06,187.99,,inf,PASS,-2.857,PASS
tt_-40c_3.63v,tt,-40,3.63,50,0.33,0.05,1.79937,142,1.69508e+06,197.64,,inf,PASS,-2.713,PASS
tt_-40c_3.63v,tt,-40,3.63,50,0.33,0.2,1.79937,142,1.77257e+06,222.44,,inf,PASS,-2.537,PASS
tt_-40c_3.63v,tt,-40,3.63,50,0.33,0.5,1.79937,142,2.04764e+06,245.98,,inf,PASS,-2.028,PASS
tt_-40c_3.63v,tt,-40,3.63,50,1,0.001,1.79937,142,1.3273e+06,195.77,,inf,PASS,-3.497,PASS
tt_-40c_3.63v,tt,-40,3.63,50,1,0.05,1.79937,142,1.35043e+06,217.75,,inf,PASS,-2.692,PASS
tt_-40c_3.63v,tt,-40,3.63,50,1,0.2,1.79937,142,1.57432e+06,253.03,,inf,PASS,-1.692,PASS
tt_-40c_3.63v,tt,-40,3.63,50,1,0.5,1.79937,142,1.9945e+06,262.84,,inf,PASS,-1.36,PASS
tt_-40c_3.63v,tt,-40,3.63,50,4.7,0.001,1.79937,142,998291,202.38,,inf,PASS,-2.594,PASS
tt_-40c_3.63v,tt,-40,3.63,50,4.7,0.05,1.79937,142,1.11457e+06,258.24,,inf,PASS,-3.02,PASS
tt_-40c_3.63v,tt,-40,3.63,50,4.7,0.2,1.79937,142,1.52723e+06,274.42,,inf,PASS,-2.542,PASS
tt_-40c_3.63v,tt,-40,3.63,50,4.7,0.5,1.79937,142,1.98768e+06,270.00,,inf,PASS,-1.454,PASS
tt_27c_2.97v,tt,27,2.97,0,0.33,0.001,1.79938,135.1,2494.68,27.13,,inf,FAIL,-0.8275,PASS
tt_27c_2.97v,tt,27,2.97,0,0.33,0.05,1.79938,135.1,2494.68,27.15,,inf,FAIL,-0.8275,PASS
tt_27c_2.97v,tt,27,2.97,0,0.33,0.2,1.79938,135.1,2494.68,27.19,,inf,FAIL,-0.8275,PASS
tt_27c_2.97v,tt,27,2.97,0,0.33,0.5,1.79938,135.1,2494.68,27.28,,inf,FAIL,-0.8275,PASS
tt_27c_2.97v,tt,27,2.97,0,1,0.001,1.79938,135,1381.39,15.80,,inf,FAIL,-1.527,PASS
tt_27c_2.97v,tt,27,2.97,0,1,0.05,1.79938,135,1381.39,15.82,,inf,FAIL,-1.527,PASS
tt_27c_2.97v,tt,27,2.97,0,1,0.2,1.79938,135,1381.39,15.90,,inf,FAIL,-1.527,PASS
tt_27c_2.97v,tt,27,2.97,0,1,0.5,1.79938,135,1381.39,16.04,,inf,FAIL,-1.527,PASS
tt_27c_2.97v,tt,27,2.97,0,4.7,0.001,1.79938,134.9,628.25,7.41,,inf,FAIL,-0.8693,PASS
tt_27c_2.97v,tt,27,2.97,0,4.7,0.05,1.79938,134.9,628.25,7.47,,inf,FAIL,-0.8693,PASS
tt_27c_2.97v,tt,27,2.97,0,4.7,0.2,1.79938,134.9,628.252,7.62,,inf,FAIL,-0.8692,PASS
tt_27c_2.97v,tt,27,2.97,0,4.7,0.5,1.79938,134.9,628.263,7.94,,inf,FAIL,-0.8689,PASS
tt_27c_2.97v,tt,27,2.97,0.1,0.33,0.001,1.79938,146.3,142242,83.34,,inf,PASS,1.554,FAIL
tt_27c_2.97v,tt,27,2.97,0.1,0.33,0.05,1.79938,146.3,142260,84.17,,inf,PASS,1.572,FAIL
tt_27c_2.97v,tt,27,2.97,0.1,0.33,0.2,1.79938,146.3,142521,86.68,,inf,PASS,1.841,FAIL
tt_27c_2.97v,tt,27,2.97,0.1,0.33,0.5,1.79938,146.3,144010,91.66,,inf,PASS,3.099,FAIL
tt_27c_2.97v,tt,27,2.97,0.1,1,0.001,1.79938,146.3,39043.8,89.60,,inf,PASS,-0.4791,PASS
tt_27c_2.97v,tt,27,2.97,0.1,1,0.05,1.79938,146.3,39047.2,90.29,,inf,PASS,-0.4783,PASS
tt_27c_2.97v,tt,27,2.97,0.1,1,0.2,1.79938,146.3,39099.3,92.41,,inf,PASS,-0.4672,PASS
tt_27c_2.97v,tt,27,2.97,0.1,1,0.5,1.79938,146.3,39394.7,96.69,,inf,PASS,-0.4054,PASS
tt_27c_2.97v,tt,27,2.97,0.1,4.7,0.001,1.79938,146.3,8354.15,61.75,,inf,PASS,-0.937,PASS
tt_27c_2.97v,tt,27,2.97,0.1,4.7,0.05,1.79938,146.3,8354.66,62.44,,inf,PASS,-0.9362,PASS
tt_27c_2.97v,tt,27,2.97,0.1,4.7,0.2,1.79938,146.3,8362.47,64.59,,inf,PASS,-0.9245,PASS
tt_27c_2.97v,tt,27,2.97,0.1,4.7,0.5,1.79938,146.3,8406.57,68.98,,inf,PASS,-0.8591,PASS
tt_27c_2.97v,tt,27,2.97,1,0.33,0.001,1.79938,146.5,846980,196.24,,inf,PASS,-3.617,PASS
tt_27c_2.97v,tt,27,2.97,1,0.33,0.05,1.79938,146.5,847523,201.17,,inf,PASS,-3.579,PASS
tt_27c_2.97v,tt,27,2.97,1,0.33,0.2,1.79938,146.5,855588,215.79,,inf,PASS,-3.041,PASS
tt_27c_2.97v,tt,27,2.97,1,0.33,0.5,1.79938,146.5,894569,239.31,,inf,PASS,-2.755,PASS
tt_27c_2.97v,tt,27,2.97,1,1,0.001,1.79938,146.5,718974,185.14,,inf,PASS,-3.527,PASS
tt_27c_2.97v,tt,27,2.97,1,1,0.05,1.79938,146.5,721129,198.28,,inf,PASS,-3.288,PASS
tt_27c_2.97v,tt,27,2.97,1,1,0.2,1.79938,146.5,749709,233.58,,inf,PASS,-3.238,PASS
tt_27c_2.97v,tt,27,2.97,1,1,0.5,1.79938,146.5,835699,265.05,,inf,PASS,-3.614,PASS
tt_27c_2.97v,tt,27,2.97,1,4.7,0.001,1.79938,146.5,69090.5,89.88,,inf,PASS,-0.3507,PASS
tt_27c_2.97v,tt,27,2.97,1,4.7,0.05,1.79938,146.5,69521.1,95.60,,inf,PASS,-0.6388,PASS
tt_27c_2.97v,tt,27,2.97,1,4.7,0.2,1.79938,146.5,77177.2,113.67,,inf,PASS,6.282,FAIL
tt_27c_2.97v,tt,27,2.97,1,4.7,0.5,1.79938,146.5,825211,280.88,,inf,PASS,-2.292,PASS
tt_27c_2.97v,tt,27,2.97,10,0.33,0.001,1.79938,144.4,1.11215e+06,192.07,,inf,PASS,-3.11,PASS
tt_27c_2.97v,tt,27,2.97,10,0.33,0.05,1.79938,144.4,1.11365e+06,198.49,,inf,PASS,-3.047,PASS
tt_27c_2.97v,tt,27,2.97,10,0.33,0.2,1.79938,144.4,1.13602e+06,216.65,,inf,PASS,-2.162,PASS
tt_27c_2.97v,tt,27,2.97,10,0.33,0.5,1.79938,144.4,1.23597e+06,241.26,,inf,PASS,-2.149,PASS
tt_27c_2.97v,tt,27,2.97,10,1,0.001,1.79938,144.4,888978,195.01,,inf,PASS,-3.259,PASS
tt_27c_2.97v,tt,27,2.97,10,1,0.05,1.79938,144.4,895217,210.40,,inf,PASS,-2.889,PASS
tt_27c_2.97v,tt,27,2.97,10,1,0.2,1.79938,144.4,970389,244.84,,inf,PASS,-2.83,PASS
tt_27c_2.97v,tt,27,2.97,10,1,0.5,1.79938,144.4,1.16722e+06,265.32,,inf,PASS,-2.36,PASS
tt_27c_2.97v,tt,27,2.97,10,4.7,0.001,1.79938,144.4,697262,179.49,,inf,PASS,-5.277,PASS
tt_27c_2.97v,tt,27,2.97,10,4.7,0.05,1.79938,144.4,735213,233.97,,inf,PASS,-4.099,PASS
tt_27c_2.97v,tt,27,2.97,10,4.7,0.2,1.79938,144.4,914895,274.11,,inf,PASS,-3.154,PASS
tt_27c_2.97v,tt,27,2.97,10,4.7,0.5,1.79938,144.4,1.15598e+06,277.41,,inf,PASS,-2.615,PASS
tt_27c_2.97v,tt,27,2.97,25,0.33,0.001,1.79938,141.9,1.20719e+06,189.67,,inf,PASS,-3.414,PASS
tt_27c_2.97v,tt,27,2.97,25,0.33,0.05,1.79938,141.9,1.20913e+06,196.62,,inf,PASS,-3.34,PASS
tt_27c_2.97v,tt,27,2.97,25,0.33,0.2,1.79938,141.9,1.23851e+06,216.00,,inf,PASS,-2.304,PASS
tt_27c_2.97v,tt,27,2.97,25,0.33,0.5,1.79938,141.9,1.3639e+06,240.83,,inf,PASS,-1.873,PASS
tt_27c_2.97v,tt,27,2.97,25,1,0.001,1.79938,141.9,954541,194.13,,inf,PASS,-1.999,PASS
tt_27c_2.97v,tt,27,2.97,25,1,0.05,1.79938,141.9,962998,210.51,,inf,PASS,-3.483,PASS
tt_27c_2.97v,tt,27,2.97,25,1,0.2,1.79938,141.9,1.05973e+06,245.30,,inf,PASS,-2.787,PASS
tt_27c_2.97v,tt,27,2.97,25,1,0.5,1.79938,141.9,1.29657e+06,263.52,,inf,PASS,-1.893,PASS
tt_27c_2.97v,tt,27,2.97,25,4.7,0.001,1.79938,141.9,731467,186.56,,inf,PASS,-4.69,PASS
tt_27c_2.97v,tt,27,2.97,25,4.7,0.05,1.79938,141.9,779670,239.59,,inf,PASS,-3.071,PASS
tt_27c_2.97v,tt,27,2.97,25,4.7,0.2,1.79938,141.9,1.00256e+06,273.46,,inf,PASS,-2.94,PASS
tt_27c_2.97v,tt,27,2.97,25,4.7,0.5,1.79938,141.9,1.28621e+06,274.45,,inf,PASS,-2.106,PASS
tt_27c_2.97v,tt,27,2.97,50,0.33,0.001,1.79938,138.9,1.27418e+06,187.98,,inf,PASS,-3.077,PASS
tt_27c_2.97v,tt,27,2.97,50,0.33,0.05,1.79938,138.9,1.27641e+06,195.31,,inf,PASS,-2.998,PASS
tt_27c_2.97v,tt,27,2.97,50,0.33,0.2,1.79938,138.9,1.31059e+06,215.54,,inf,PASS,-1.882,PASS
tt_27c_2.97v,tt,27,2.97,50,0.33,0.5,1.79938,138.9,1.45479e+06,240.43,,inf,PASS,-2.702,PASS
tt_27c_2.97v,tt,27,2.97,50,1,0.001,1.79938,138.9,1.00196e+06,193.11,,inf,PASS,-3.715,PASS
tt_27c_2.97v,tt,27,2.97,50,1,0.05,1.79938,138.9,1.012e+06,210.22,,inf,PASS,-3.238,PASS
tt_27c_2.97v,tt,27,2.97,50,1,0.2,1.79938,138.9,1.12498e+06,245.27,,inf,PASS,-2.247,PASS
tt_27c_2.97v,tt,27,2.97,50,1,0.5,1.79938,138.9,1.38895e+06,262.15,,inf,PASS,-2.544,PASS
tt_27c_2.97v,tt,27,2.97,50,4.7,0.001,1.79938,138.9,756311,189.29,,inf,PASS,-2.675,PASS
tt_27c_2.97v,tt,27,2.97,50,4.7,0.05,1.79938,138.9,813315,241.96,,inf,PASS,-3.009,PASS
tt_27c_2.97v,tt,27,2.97,50,4.7,0.2,1.79938,138.9,1.06783e+06,272.47,,inf,PASS,-2.313,PASS
tt_27c_2.97v,tt,27,2.97,50,4.7,0.5,1.79938,138.9,1.37892e+06,272.34,,inf,PASS,-1.381,PASS
tt_27c_3.30v,tt,27,3.3,0,0.33,0.001,1.79935,134.6,2656.58,28.65,,inf,FAIL,-1.265,PASS
tt_27c_3.30v,tt,27,3.3,0,0.33,0.05,1.79935,134.6,2656.58,28.66,,inf,FAIL,-1.265,PASS
tt_27c_3.30v,tt,27,3.3,0,0.33,0.2,1.79935,134.6,2656.58,28.71,,inf,FAIL,-1.265,PASS
tt_27c_3.30v,tt,27,3.3,0,0.33,0.5,1.79935,134.6,2656.58,28.80,,inf,FAIL,-1.265,PASS
tt_27c_3.30v,tt,27,3.3,0,1,0.001,1.79935,134.5,1464.9,16.71,,inf,FAIL,-1.314,PASS
tt_27c_3.30v,tt,27,3.3,0,1,0.05,1.79935,134.5,1464.9,16.73,,inf,FAIL,-1.314,PASS
tt_27c_3.30v,tt,27,3.3,0,1,0.2,1.79935,134.5,1464.9,16.81,,inf,FAIL,-1.314,PASS
tt_27c_3.30v,tt,27,3.3,0,1,0.5,1.79935,134.5,1464.9,16.97,,inf,FAIL,-1.314,PASS
tt_27c_3.30v,tt,27,3.3,0,4.7,0.001,1.79935,134.4,664.983,7.85,,inf,FAIL,-1.476,PASS
tt_27c_3.30v,tt,27,3.3,0,4.7,0.05,1.79935,134.4,664.983,7.91,,inf,FAIL,-1.476,PASS
tt_27c_3.30v,tt,27,3.3,0,4.7,0.2,1.79935,134.4,664.985,8.07,,inf,FAIL,-1.476,PASS
tt_27c_3.30v,tt,27,3.3,0,4.7,0.5,1.79935,134.4,664.999,8.41,,inf,FAIL,-1.476,PASS
tt_27c_3.30v,tt,27,3.3,0.1,0.33,0.001,1.79935,146.4,161112,81.89,,inf,PASS,4.66,FAIL
tt_27c_3.30v,tt,27,3.3,0.1,0.33,0.05,1.79935,146.4,161137,82.82,,inf,PASS,4.682,FAIL
tt_27c_3.30v,tt,27,3.3,0.1,0.33,0.2,1.79935,146.4,161522,85.66,,inf,PASS,5.003,FAIL
tt_27c_3.30v,tt,27,3.3,0.1,0.33,0.5,1.79935,146.4,163718,91.28,,inf,PASS,6.462,FAIL
tt_27c_3.30v,tt,27,3.3,0.1,1,0.001,1.79935,146.4,44832.3,90.25,,inf,PASS,-0.4758,PASS
tt_27c_3.30v,tt,27,3.3,0.1,1,0.05,1.79935,146.4,44837.5,91.04,,inf,PASS,-0.4749,PASS
tt_27c_3.30v,tt,27,3.3,0.1,1,0.2,1.79935,146.4,44917.1,93.47,,inf,PASS,-0.4602,PASS
tt_27c_3.30v,tt,27,3.3,0.1,1,0.5,1.79935,146.4,45369.6,98.38,,inf,PASS,2.601,FAIL
tt_27c_3.30v,tt,27,3.3,0.1,4.7,0.001,1.79935,146.4,9184.85,64.38,,inf,PASS,-0.8806,PASS
tt_27c_3.30v,tt,27,3.3,0.1,4.7,0.05,1.79935,146.4,9185.55,65.14,,inf,PASS,-0.8797,PASS
tt_27c_3.30v,tt,27,3.3,0.1,4.7,0.2,1.79935,146.4,9196.24,67.51,,inf,PASS,-0.8656,PASS
tt_27c_3.30v,tt,27,3.3,0.1,4.7,0.5,1.79935,146.4,9256.69,72.36,,inf,PASS,1.806,FAIL
tt_27c_3.30v,tt,27,3.3,1,0.33,0.001,1.79935,146.7,930087,199.20,,inf,PASS,-3.573,PASS
tt_27c_3.30v,tt,27,3.3,1,0.33,0.05,1.79935,146.7,930802,204.60,,inf,PASS,-3.527,PASS
tt_27c_3.30v,tt,27,3.3,1,0.33,0.2,1.79935,146.7,941274,220.40,,inf,PASS,-2.888,PASS
tt_27c_3.30v,tt,27,3.3,1,0.33,0.5,1.79935,146.7,990729,244.48,,inf,PASS,-2.308,PASS
tt_27c_3.30v,tt,27,3.3,1,1,0.001,1.79935,146.7,792491,192.73,,inf,PASS,-3.321,PASS
tt_27c_3.30v,tt,27,3.3,1,1,0.05,1.79935,146.7,795233,206.96,,inf,PASS,-5.794,PASS
tt_27c_3.30v,tt,27,3.3,1,1,0.2,1.79935,146.7,830219,242.65,,inf,PASS,-2.692,PASS
tt_27c_3.30v,tt,27,3.3,1,1,0.5,1.79935,146.7,933398,270.18,,inf,PASS,-2.849,PASS
tt_27c_3.30v,tt,27,3.3,1,4.7,0.001,1.79935,146.7,79224.8,89.25,,inf,PASS,-0.3666,PASS
tt_27c_3.30v,tt,27,3.3,1,4.7,0.05,1.79935,146.7,79862.4,95.79,,inf,PASS,0.08375,FAIL
tt_27c_3.30v,tt,27,3.3,1,4.7,0.2,1.79935,146.7,91890.2,116.53,,inf,PASS,9.452,FAIL
tt_27c_3.30v,tt,27,3.3,1,4.7,0.5,1.79935,146.7,923375,284.80,,inf,PASS,-3.248,PASS
tt_27c_3.30v,tt,27,3.3,10,0.33,0.001,1.79935,145.1,1.22269e+06,192.90,,inf,PASS,-3.014,PASS
tt_27c_3.30v,tt,27,3.3,10,0.33,0.05,1.79935,145.1,1.22469e+06,199.94,,inf,PASS,-2.938,PASS
tt_27c_3.30v,tt,27,3.3,10,0.33,0.2,1.79935,145.1,1.25394e+06,219.52,,inf,PASS,-1.894,PASS
tt_27c_3.30v,tt,27,3.3,10,0.33,0.5,1.79935,145.1,1.37979e+06,244.32,,inf,PASS,-1.525,PASS
tt_27c_3.30v,tt,27,3.3,10,1,0.001,1.79935,145.1,978033,197.14,,inf,PASS,-3.125,PASS
tt_27c_3.30v,tt,27,3.3,10,1,0.05,1.79935,145.1,986225,213.94,,inf,PASS,-2.683,PASS
tt_27c_3.30v,tt,27,3.3,10,1,0.2,1.79935,145.1,1.08181e+06,249.06,,inf,PASS,-2.19,PASS
tt_27c_3.30v,tt,27,3.3,10,1,0.5,1.79935,145.1,1.31463e+06,266.95,,inf,PASS,-1.512,PASS
tt_27c_3.30v,tt,27,3.3,10,4.7,0.001,1.79935,145.1,771805,187.31,,inf,PASS,-4.968,PASS
tt_27c_3.30v,tt,27,3.3,10,4.7,0.05,1.79935,145.1,818033,243.07,,inf,PASS,-3.381,PASS
tt_27c_3.30v,tt,27,3.3,10,4.7,0.2,1.79935,145.1,1.02907e+06,276.81,,inf,PASS,-2.25,PASS
tt_27c_3.30v,tt,27,3.3,10,4.7,0.5,1.79935,145.1,1.3049e+06,277.76,,inf,PASS,-1.726,PASS
tt_27c_3.30v,tt,27,3.3,25,0.33,0.001,1.79935,143.1,1.3288e+06,190.16,,inf,PASS,-3.276,PASS
tt_27c_3.30v,tt,27,3.3,25,0.33,0.05,1.79935,143.1,1.33143e+06,197.80,,inf,PASS,-3.186,PASS
tt_27c_3.30v,tt,27,3.3,25,0.33,0.2,1.79935,143.1,1.36991e+06,218.69,,inf,PASS,-1.967,PASS
tt_27c_3.30v,tt,27,3.3,25,0.33,0.5,1.79935,143.1,1.52782e+06,243.49,,inf,PASS,-2.623,PASS
tt_27c_3.30v,tt,27,3.3,25,1,0.001,1.79935,143.1,1.05137e+06,195.63,,inf,PASS,-3.751,PASS
tt_27c_3.30v,tt,27,3.3,25,1,0.05,1.79935,143.1,1.06259e+06,213.52,,inf,PASS,-3.227,PASS
tt_27c_3.30v,tt,27,3.3,25,1,0.2,1.79935,143.1,1.1854e+06,248.90,,inf,PASS,-2.074,PASS
tt_27c_3.30v,tt,27,3.3,25,1,0.5,1.79935,143.1,1.46462e+06,264.62,,inf,PASS,-2.365,PASS
tt_27c_3.30v,tt,27,3.3,25,4.7,0.001,1.79935,143.1,808391,192.00,,inf,PASS,-4.385,PASS
tt_27c_3.30v,tt,27,3.3,25,4.7,0.05,1.79935,143.1,868342,246.80,,inf,PASS,-2.313,PASS
tt_27c_3.30v,tt,27,3.3,25,4.7,0.2,1.79935,143.1,1.13152e+06,275.23,,inf,PASS,-1.993,PASS
tt_27c_3.30v,tt,27,3.3,25,4.7,0.5,1.79935,143.1,1.45519e+06,274.35,,inf,PASS,-2.527,PASS
tt_27c_3.30v,tt,27,3.3,50,0.33,0.001,1.79935,140.8,1.40379e+06,188.25,,inf,PASS,-2.905,PASS
tt_27c_3.30v,tt,27,3.3,50,0.33,0.05,1.79935,140.8,1.40683e+06,196.31,,inf,PASS,-2.807,PASS
tt_27c_3.30v,tt,27,3.3,50,0.33,0.2,1.79935,140.8,1.45206e+06,218.09,,inf,PASS,-3.131,PASS
tt_27c_3.30v,tt,27,3.3,50,0.33,0.5,1.79935,140.8,1.63352e+06,242.83,,inf,PASS,-1.94,PASS
tt_27c_3.30v,tt,27,3.3,50,1,0.001,1.79935,140.8,1.10458e+06,194.23,,inf,PASS,-3.511,PASS
tt_27c_3.30v,tt,27,3.3,50,1,0.05,1.79935,140.8,1.11787e+06,212.93,,inf,PASS,-2.941,PASS
tt_27c_3.30v,tt,27,3.3,50,1,0.2,1.79935,140.8,1.26081e+06,248.50,,inf,PASS,-2.985,PASS
tt_27c_3.30v,tt,27,3.3,50,1,0.5,1.79935,140.8,1.57198e+06,262.91,,inf,PASS,-1.607,PASS
tt_27c_3.30v,tt,27,3.3,50,4.7,0.001,1.79935,140.8,835453,193.61,,inf,PASS,-4.716,PASS
tt_27c_3.30v,tt,27,3.3,50,4.7,0.05,1.79935,140.8,907442,248.13,,inf,PASS,-2.221,PASS
tt_27c_3.30v,tt,27,3.3,50,4.7,0.2,1.79935,140.8,1.2072e+06,273.75,,inf,PASS,-2.758,PASS
tt_27c_3.30v,tt,27,3.3,50,4.7,0.5,1.79935,140.8,1.56333e+06,271.96,,inf,PASS,-1.755,PASS
tt_27c_3.63v,tt,27,3.63,0,0.33,0.001,1.79926,131.7,2808.32,30.04,775919,30.67,FAIL,-1.109,PASS
tt_27c_3.63v,tt,27,3.63,0,0.33,0.05,1.79926,131.7,2808.32,30.06,779338,29.81,FAIL,-1.109,PASS
tt_27c_3.63v,tt,27,3.63,0,0.33,0.2,1.79926,131.7,2808.32,30.11,789546,26.92,FAIL,-1.109,PASS
tt_27c_3.63v,tt,27,3.63,0,0.33,0.5,1.79926,131.7,2808.32,30.21,800306,25.16,FAIL,-1.109,PASS
tt_27c_3.63v,tt,27,3.63,0,1,0.001,1.79926,131.7,1541.98,17.56,776061,40.26,FAIL,-1.223,PASS
tt_27c_3.63v,tt,27,3.63,0,1,0.05,1.79926,131.7,1541.98,17.59,786333,37.52,FAIL,-1.223,PASS
tt_27c_3.63v,tt,27,3.63,0,1,0.2,1.79926,131.7,1541.98,17.67,802489,34.46,FAIL,-1.223,PASS
tt_27c_3.63v,tt,27,3.63,0,1,0.5,1.79926,131.7,1541.98,17.84,811657,30.63,FAIL,-1.223,PASS
tt_27c_3.63v,tt,27,3.63,0,4.7,0.001,1.79926,131.5,698.833,8.30,776843,53.51,FAIL,-1.414,PASS
tt_27c_3.63v,tt,27,3.63,0,4.7,0.05,1.79926,131.5,698.834,8.36,804320,47.50,FAIL,-1.414,PASS
tt_27c_3.63v,tt,27,3.63,0,4.7,0.2,1.79926,131.5,698.836,8.54,815463,39.77,FAIL,-1.414,PASS
tt_27c_3.63v,tt,27,3.63,0,4.7,0.5,1.79926,131.5,698.852,8.89,818213,32.50,FAIL,-1.413,PASS
tt_27c_3.63v,tt,27,3.63,0.1,0.33,0.001,1.79926,144.5,179406,80.44,,inf,PASS,10.39,FAIL
tt_27c_3.63v,tt,27,3.63,0.1,0.33,0.05,1.79926,144.5,179440,81.48,,inf,PASS,10.42,FAIL
tt_27c_3.63v,tt,27,3.63,0.1,0.33,0.2,1.79926,144.5,179961,84.64,,inf,PASS,10.8,FAIL
tt_27c_3.63v,tt,27,3.63,0.1,0.33,0.5,1.79926,144.5,182998,90.87,,inf,PASS,12.48,FAIL
tt_27c_3.63v,tt,27,3.63,0.1,1,0.001,1.79926,144.5,50599.3,90.49,,inf,PASS,0.7532,FAIL
tt_27c_3.63v,tt,27,3.63,0.1,1,0.05,1.79926,144.5,50607,91.39,,inf,PASS,0.9925,FAIL
tt_27c_3.63v,tt,27,3.63,0.1,1,0.2,1.79926,144.5,50723.3,94.12,,inf,PASS,3.559,FAIL
tt_27c_3.63v,tt,27,3.63,0.1,1,0.5,1.79926,144.5,51388,99.65,,inf,PASS,8.996,FAIL
tt_27c_3.63v,tt,27,3.63,0.1,4.7,0.001,1.79926,144.5,10002.1,66.67,,inf,PASS,-0.9226,PASS
tt_27c_3.63v,tt,27,3.63,0.1,4.7,0.05,1.79926,144.5,10003.1,67.50,,inf,PASS,-0.9215,PASS
tt_27c_3.63v,tt,27,3.63,0.1,4.7,0.2,1.79926,144.5,10017.4,70.08,,inf,PASS,0.543,FAIL
tt_27c_3.63v,tt,27,3.63,0.1,4.7,0.5,1.79926,144.5,10098.6,75.38,,inf,PASS,8.322,FAIL
tt_27c_3.63v,tt,27,3.63,1,0.33,0.001,1.79925,145.3,1.00917e+06,202.25,,inf,PASS,-4.071,PASS
tt_27c_3.63v,tt,27,3.63,1,0.33,0.05,1.79925,145.3,1.01011e+06,208.09,,inf,PASS,-4.016,PASS
tt_27c_3.63v,tt,27,3.63,1,0.33,0.2,1.79925,145.3,1.02365e+06,224.91,,inf,PASS,-3.259,PASS
tt_27c_3.63v,tt,27,3.63,1,0.33,0.5,1.79925,145.3,1.08452e+06,249.19,,inf,PASS,-2.342,PASS
tt_27c_3.63v,tt,27,3.63,1,1,0.001,1.79925,145.3,862984,199.81,,inf,PASS,-3.898,PASS
tt_27c_3.63v,tt,27,3.63,1,1,0.05,1.79925,145.3,866234,215.07,,inf,PASS,-3.557,PASS
tt_27c_3.63v,tt,27,3.63,1,1,0.2,1.79925,145.3,908337,250.64,,inf,PASS,-2.794,PASS
tt_27c_3.63v,tt,27,3.63,1,1,0.5,1.79925,145.3,1.02823e+06,274.58,,inf,PASS,-2.614,PASS
tt_27c_3.63v,tt,27,3.63,1,4.7,0.001,1.79925,145.3,89089,88.51,,inf,PASS,-0.2089,PASS
tt_27c_3.63v,tt,27,3.63,1,4.7,0.05,1.79925,145.3,89976.2,95.85,,inf,PASS,3.102,FAIL
tt_27c_3.63v,tt,27,3.63,1,4.7,0.2,1.79925,145.3,108041,119.22,,inf,PASS,12.65,FAIL
tt_27c_3.63v,tt,27,3.63,1,4.7,0.5,1.79925,145.3,1.019e+06,288.09,,inf,PASS,-2.948,PASS
tt_27c_3.63v,tt,27,3.63,10,0.33,0.001,1.79925,144.3,1.32754e+06,193.78,,inf,PASS,-3.402,PASS
tt_27c_3.63v,tt,27,3.63,10,0.33,0.05,1.79925,144.3,1.33015e+06,201.41,,inf,PASS,-3.309,PASS
tt_27c_3.63v,tt,27,3.63,10,0.33,0.2,1.79925,144.3,1.36763e+06,222.25,,inf,PASS,-2.084,PASS
tt_27c_3.63v,tt,27,3.63,10,0.33,0.5,1.79925,144.3,1.52084e+06,246.93,,inf,PASS,-2.816,PASS
tt_27c_3.63v,tt,27,3.63,10,1,0.001,1.79925,144.3,1.06259e+06,199.24,,inf,PASS,-3.535,PASS
tt_27c_3.63v,tt,27,3.63,10,1,0.05,1.79925,144.3,1.07322e+06,217.32,,inf,PASS,-3.009,PASS
tt_27c_3.63v,tt,27,3.63,10,1,0.2,1.79925,144.3,1.1903e+06,252.71,,inf,PASS,-2.03,PASS
tt_27c_3.63v,tt,27,3.63,10,1,0.5,1.79925,144.3,1.45906e+06,268.23,,inf,PASS,-2.536,PASS
tt_27c_3.63v,tt,27,3.63,10,4.7,0.001,1.79925,144.3,841683,194.79,,inf,PASS,-5.439,PASS
tt_27c_3.63v,tt,27,3.63,10,4.7,0.05,1.79925,144.3,897361,250.88,,inf,PASS,-3.327,PASS
tt_27c_3.63v,tt,27,3.63,10,4.7,0.2,1.79925,144.3,1.13972e+06,278.99,,inf,PASS,-1.869,PASS
tt_27c_3.63v,tt,27,3.63,10,4.7,0.5,1.79925,144.3,1.44978e+06,278.02,,inf,PASS,-2.699,PASS
tt_27c_3.63v,tt,27,3.63,25,0.33,0.001,1.79925,142.8,1.44369e+06,190.72,,inf,PASS,-1.849,PASS
tt_27c_3.63v,tt,27,3.63,25,0.33,0.05,1.79925,142.8,1.44703e+06,199.00,,inf,PASS,-3.521,PASS
tt_27c_3.63v,tt,27,3.63,25,0.33,0.2,1.79925,142.8,1.49627e+06,221.22,,inf,PASS,-2.094,PASS
tt_27c_3.63v,tt,27,3.63,25,0.33,0.5,1.79925,142.8,1.68772e+06,245.73,,inf,PASS,-2.369,PASS
tt_27c_3.63v,tt,27,3.63,25,1,0.001,1.79925,142.8,1.14305e+06,197.11,,inf,PASS,-2.185,PASS
tt_27c_3.63v,tt,27,3.63,25,1,0.05,1.79925,142.8,1.15717e+06,216.40,,inf,PASS,-3.488,PASS
tt_27c_3.63v,tt,27,3.63,25,1,0.2,1.79925,142.8,1.30751e+06,251.95,,inf,PASS,-1.843,PASS
tt_27c_3.63v,tt,27,3.63,25,1,0.5,1.79925,142.8,1.62827e+06,265.44,,inf,PASS,-1.95,PASS
tt_27c_3.63v,tt,27,3.63,25,4.7,0.001,1.79925,142.8,880631,197.15,,inf,PASS,-4.799,PASS
tt_27c_3.63v,tt,27,3.63,25,4.7,0.05,1.79925,142.8,953966,252.84,,inf,PASS,-2.184,PASS
tt_27c_3.63v,tt,27,3.63,25,4.7,0.2,1.79925,142.8,1.25624e+06,276.62,,inf,PASS,-1.565,PASS
tt_27c_3.63v,tt,27,3.63,25,4.7,0.5,1.79925,142.8,1.61988e+06,274.22,,inf,PASS,-2.085,PASS
tt_27c_3.63v,tt,27,3.63,50,0.33,0.001,1.79925,140.8,1.52688e+06,188.63,,inf,PASS,-3.215,PASS
tt_27c_3.63v,tt,27,3.63,50,0.33,0.05,1.79925,140.8,1.5309e+06,197.37,,inf,PASS,-3.096,PASS
tt_27c_3.63v,tt,27,3.63,50,0.33,0.2,1.79925,140.8,1.58853e+06,220.53,,inf,PASS,-3.185,PASS
tt_27c_3.63v,tt,27,3.63,50,0.33,0.5,1.79925,140.8,1.80804e+06,244.85,,inf,PASS,-1.629,PASS
tt_27c_3.63v,tt,27,3.63,50,1,0.001,1.79925,140.8,1.20189e+06,195.41,,inf,PASS,-1.938,PASS
tt_27c_3.63v,tt,27,3.63,50,1,0.05,1.79925,140.8,1.21911e+06,215.58,,inf,PASS,-3.142,PASS
tt_27c_3.63v,tt,27,3.63,50,1,0.2,1.79925,140.8,1.39447e+06,251.22,,inf,PASS,-2.677,PASS
tt_27c_3.63v,tt,27,3.63,50,1,0.5,1.79925,140.8,1.75076e+06,263.48,,inf,PASS,-2.496,PASS
tt_27c_3.63v,tt,27,3.63,50,4.7,0.001,1.79925,140.8,910573,197.70,,inf,PASS,-2.674,PASS
tt_27c_3.63v,tt,27,3.63,50,4.7,0.05,1.79925,140.8,999022,253.38,,inf,PASS,-2.006,PASS
tt_27c_3.63v,tt,27,3.63,50,4.7,0.2,1.79925,140.8,1.34409e+06,274.71,,inf,PASS,-2.276,PASS
tt_27c_3.63v,tt,27,3.63,50,4.7,0.5,1.79925,140.8,1.74269e+06,271.64,,inf,PASS,-2.608,PASS
tt_125c_2.97v,tt,125,2.97,0,0.33,0.001,1.79921,129.1,1819.45,19.23,,inf,FAIL,-0.7598,PASS
tt_125c_2.97v,tt,125,2.97,0,0.33,0.05,1.79921,129.1,1819.45,19.24,,inf,FAIL,-0.7598,PASS
tt_125c_2.97v,tt,125,2.97,0,0.33,0.2,1.79921,129.1,1819.45,19.28,,inf,FAIL,-0.7598,PASS
tt_125c_2.97v,tt,125,2.97,0,0.33,0.5,1.79921,129.1,1819.45,19.34,,inf,FAIL,-0.7598,PASS
tt_125c_2.97v,tt,125,2.97,0,1,0.001,1.79921,129.1,1026.83,11.17,,inf,FAIL,-1.123,PASS
tt_125c_2.97v,tt,125,2.97,0,1,0.05,1.79921,129.1,1026.83,11.19,,inf,FAIL,-1.123,PASS
tt_125c_2.97v,tt,125,2.97,0,1,0.2,1.79921,129.1,1026.83,11.24,,inf,FAIL,-1.123,PASS
tt_125c_2.97v,tt,125,2.97,0,1,0.5,1.79921,129.1,1026.83,11.35,,inf,FAIL,-1.123,PASS
tt_125c_2.97v,tt,125,2.97,0,4.7,0.001,1.79921,128.9,470.343,5.32,,inf,FAIL,-1.103,PASS
tt_125c_2.97v,tt,125,2.97,0,4.7,0.05,1.79921,128.9,470.343,5.36,,inf,FAIL,-1.103,PASS
tt_125c_2.97v,tt,125,2.97,0,4.7,0.2,1.79921,128.9,470.344,5.48,,inf,FAIL,-1.103,PASS
tt_125c_2.97v,tt,125,2.97,0,4.7,0.5,1.79921,128.9,470.348,5.72,,inf,FAIL,-1.103,PASS
tt_125c_2.97v,tt,125,2.97,0.1,0.33,0.001,1.79921,143.8,85526.8,88.08,,inf,PASS,-0.4855,PASS
tt_125c_2.97v,tt,125,2.97,0.1,0.33,0.05,1.79921,143.8,85530.5,88.57,,inf,PASS,-0.4851,PASS
tt_125c_2.97v,tt,125,2.97,0.1,0.33,0.2,1.79921,143.8,85588.2,90.09,,inf,PASS,-0.4794,PASS
tt_125c_2.97v,tt,125,2.97,0.1,0.33,0.5,1.79921,143.8,85914.4,93.12,,inf,PASS,-0.447,PASS
tt_125c_2.97v,tt,125,2.97,0.1,1,0.001,1.79921,143.8,23496.7,83.48,,inf,PASS,-0.5367,PASS
tt_125c_2.97v,tt,125,2.97,0.1,1,0.05,1.79921,143.8,23497.3,83.89,,inf,PASS,-0.5364,PASS
tt_125c_2.97v,tt,125,2.97,0.1,1,0.2,1.79921,143.8,23507.5,85.17,,inf,PASS,-0.5324,PASS
tt_125c_2.97v,tt,125,2.97,0.1,1,0.5,1.79921,143.8,23565.3,87.75,,inf,PASS,-0.5099,PASS
tt_125c_2.97v,tt,125,2.97,0.1,4.7,0.001,1.79921,143.8,6082.07,50.48,,inf,PASS,-1.017,PASS
tt_125c_2.97v,tt,125,2.97,0.1,4.7,0.05,1.79921,143.8,6082.23,50.98,,inf,PASS,-1.016,PASS
tt_125c_2.97v,tt,125,2.97,0.1,4.7,0.2,1.79921,143.8,6084.83,52.54,,inf,PASS,-1.01,PASS
tt_125c_2.97v,tt,125,2.97,0.1,4.7,0.5,1.79921,143.8,6099.49,55.70,,inf,PASS,-0.9755,PASS
tt_125c_2.97v,tt,125,2.97,1,0.33,0.001,1.79921,144.2,750699,193.76,,inf,PASS,-2.971,PASS
tt_125c_2.97v,tt,125,2.97,1,0.33,0.05,1.79921,144.2,751034,198.14,,inf,PASS,-2.943,PASS
tt_125c_2.97v,tt,125,2.97,1,0.33,0.2,1.79921,144.2,756075,211.45,,inf,PASS,-2.528,PASS
tt_125c_2.97v,tt,125,2.97,1,0.33,0.5,1.79921,144.2,782539,234.11,,inf,PASS,-2.807,PASS
tt_125c_2.97v,tt,125,2.97,1,1,0.001,1.79921,144.2,278076,74.20,,inf,PASS,4.417,FAIL
tt_125c_2.97v,tt,125,2.97,1,1,0.05,1.79921,144.2,280049,79.03,,inf,PASS,4.556,FAIL
tt_125c_2.97v,tt,125,2.97,1,1,0.2,1.79921,144.2,338364,94.65,,inf,PASS,6.241,FAIL
tt_125c_2.97v,tt,125,2.97,1,1,0.5,1.79921,144.2,728087,258.36,,inf,PASS,-4.02,PASS
tt_125c_2.97v,tt,125,2.97,1,4.7,0.001,1.79921,144.2,42491.4,89.56,,inf,PASS,-0.532,PASS
tt_125c_2.97v,tt,125,2.97,1,4.7,0.05,1.79921,144.2,42591.3,93.10,,inf,PASS,-0.5124,PASS
tt_125c_2.97v,tt,125,2.97,1,4.7,0.2,1.79921,144.2,44194,104.27,,inf,PASS,1.952,FAIL
tt_125c_2.97v,tt,125,2.97,1,4.7,0.5,1.79921,144.2,60154.9,131.46,,inf,PASS,9.606,FAIL
tt_125c_2.97v,tt,125,2.97,10,0.33,0.001,1.79921,142.3,983879,192.55,,inf,PASS,-2.535,PASS
tt_125c_2.97v,tt,125,2.97,10,0.33,0.05,1.79921,142.3,984865,198.24,,inf,PASS,-2.488,PASS
tt_125c_2.97v,tt,125,2.97,10,0.33,0.2,1.79921,142.3,999910,214.66,,inf,PASS,-1.799,PASS
tt_125c_2.97v,tt,125,2.97,10,0.33,0.5,1.79921,142.3,1.07209e+06,238.65,,inf,PASS,-2.363,PASS
tt_125c_2.97v,tt,125,2.97,10,1,0.001,1.79921,142.3,790700,193.21,,inf,PASS,-2.394,PASS
tt_125c_2.97v,tt,125,2.97,10,1,0.05,1.79921,142.3,794801,207.07,,inf,PASS,-4.157,PASS
tt_125c_2.97v,tt,125,2.97,10,1,0.2,1.79921,142.3,848553,240.43,,inf,PASS,-2.84,PASS
tt_125c_2.97v,tt,125,2.97,10,1,0.5,1.79921,142.3,1.00072e+06,264.29,,inf,PASS,-2.926,PASS
tt_125c_2.97v,tt,125,2.97,10,4.7,0.001,1.79921,142.3,274784,75.46,,inf,PASS,3.054,FAIL
tt_125c_2.97v,tt,125,2.97,10,4.7,0.05,1.79921,142.3,651790,219.57,,inf,PASS,-3.311,PASS
tt_125c_2.97v,tt,125,2.97,10,4.7,0.2,1.79921,142.3,793014,270.84,,inf,PASS,-1.848,PASS
tt_125c_2.97v,tt,125,2.97,10,4.7,0.5,1.79921,142.3,988726,278.16,,inf,PASS,-1.833,PASS
tt_125c_2.97v,tt,125,2.97,25,0.33,0.001,1.79921,139.7,1.06848e+06,190.33,,inf,PASS,-2.83,PASS
tt_125c_2.97v,tt,125,2.97,25,0.33,0.05,1.79921,139.7,1.06977e+06,196.50,,inf,PASS,-2.775,PASS
tt_125c_2.97v,tt,125,2.97,25,0.33,0.2,1.79921,139.7,1.08975e+06,214.05,,inf,PASS,-1.965,PASS
tt_125c_2.97v,tt,125,2.97,25,0.33,0.5,1.79921,139.7,1.18147e+06,238.47,,inf,PASS,-2.105,PASS
tt_125c_2.97v,tt,125,2.97,25,1,0.001,1.79921,139.7,848540,193.08,,inf,PASS,-3.165,PASS
tt_125c_2.97v,tt,125,2.97,25,1,0.05,1.79921,139.7,854174,207.81,,inf,PASS,-2.828,PASS
tt_125c_2.97v,tt,125,2.97,25,1,0.2,1.79921,139.7,923477,241.64,,inf,PASS,-2.893,PASS
tt_125c_2.97v,tt,125,2.97,25,1,0.5,1.79921,139.7,1.11031e+06,263.04,,inf,PASS,-2.45,PASS
tt_125c_2.97v,tt,125,2.97,25,4.7,0.001,1.79921,139.7,653833,176.89,,inf,PASS,-3.279,PASS
tt_125c_2.97v,tt,125,2.97,25,4.7,0.05,1.79921,139.7,689475,229.51,,inf,PASS,-2.494,PASS
tt_125c_2.97v,tt,125,2.97,25,4.7,0.2,1.79921,139.7,865007,271.59,,inf,PASS,-1.855,PASS
tt_125c_2.97v,tt,125,2.97,25,4.7,0.5,1.79921,139.7,1.0983e+06,275.69,,inf,PASS,-2.728,PASS
tt_125c_2.97v,tt,125,2.97,50,0.33,0.001,1.79921,136.5,1.12626e+06,188.76,,inf,PASS,-2.536,PASS
tt_125c_2.97v,tt,125,2.97,50,0.33,0.05,1.79921,136.5,1.12773e+06,195.25,,inf,PASS,-2.477,PASS
tt_125c_2.97v,tt,125,2.97,50,0.33,0.2,1.79921,136.5,1.15119e+06,213.58,,inf,PASS,-3.282,PASS
tt_125c_2.97v,tt,125,2.97,50,0.33,0.5,1.79921,136.5,1.25682e+06,238.21,,inf,PASS,-1.548,PASS
tt_125c_2.97v,tt,125,2.97,50,1,0.001,1.79921,136.5,888941,192.44,,inf,PASS,-3.039,PASS
tt_125c_2.97v,tt,125,2.97,50,1,0.05,1.79921,136.5,895619,207.79,,inf,PASS,-2.673,PASS
tt_125c_2.97v,tt,125,2.97,50,1,0.2,1.79921,136.5,976952,241.94,,inf,PASS,-2.438,PASS
tt_125c_2.97v,tt,125,2.97,50,1,0.5,1.79921,136.5,1.18681e+06,261.93,,inf,PASS,-1.787,PASS
tt_125c_2.97v,tt,125,2.97,50,4.7,0.001,1.79921,136.5,675755,181.59,,inf,PASS,-3.823,PASS
tt_125c_2.97v,tt,125,2.97,50,4.7,0.05,1.79921,136.5,716913,233.29,,inf,PASS,-2.651,PASS
tt_125c_2.97v,tt,125,2.97,50,4.7,0.2,1.79921,136.5,917231,271.28,,inf,PASS,-2.845,PASS
tt_125c_2.97v,tt,125,2.97,50,4.7,0.5,1.79921,136.5,1.1756e+06,273.78,,inf,PASS,-2.041,PASS
tt_125c_3.30v,tt,125,3.3,0,0.33,0.001,1.79916,127,1927.29,20.30,,inf,FAIL,-1.321,PASS
tt_125c_3.30v,tt,125,3.3,0,0.33,0.05,1.79916,127,1927.29,20.31,,inf,FAIL,-1.321,PASS
tt_125c_3.30v,tt,125,3.3,0,0.33,0.2,1.79916,127,1927.29,20.34,,inf,FAIL,-1.321,PASS
tt_125c_3.30v,tt,125,3.3,0,0.33,0.5,1.79916,127,1927.29,20.41,,inf,FAIL,-1.321,PASS
tt_125c_3.30v,tt,125,3.3,0,1,0.001,1.79916,127,1085.14,11.81,,inf,FAIL,-0.9638,PASS
tt_125c_3.30v,tt,125,3.3,0,1,0.05,1.79916,127,1085.14,11.83,,inf,FAIL,-0.9638,PASS
tt_125c_3.30v,tt,125,3.3,0,1,0.2,1.79916,127,1085.14,11.89,,inf,FAIL,-0.9638,PASS
tt_125c_3.30v,tt,125,3.3,0,1,0.5,1.79916,127,1085.14,12.01,,inf,FAIL,-0.9638,PASS
tt_125c_3.30v,tt,125,3.3,0,4.7,0.001,1.79916,126.9,496.649,5.67,,inf,FAIL,-0.9567,PASS
tt_125c_3.30v,tt,125,3.3,0,4.7,0.05,1.79916,126.9,496.649,5.72,,inf,FAIL,-0.9567,PASS
tt_125c_3.30v,tt,125,3.3,0,4.7,0.2,1.79916,126.9,496.65,5.84,,inf,FAIL,-0.9567,PASS
tt_125c_3.30v,tt,125,3.3,0,4.7,0.5,1.79916,126.9,496.655,6.09,,inf,FAIL,-0.9565,PASS
tt_125c_3.30v,tt,125,3.3,0.1,0.33,0.001,1.79916,143.1,97192.3,87.17,,inf,PASS,0.6273,FAIL
tt_125c_3.30v,tt,125,3.3,0.1,0.33,0.05,1.79916,143.1,97197.8,87.74,,inf,PASS,0.6473,FAIL
tt_125c_3.30v,tt,125,3.3,0.1,0.33,0.2,1.79916,143.1,97282.2,89.46,,inf,PASS,0.9406,FAIL
tt_125c_3.30v,tt,125,3.3,0.1,0.33,0.5,1.79916,143.1,97759.6,92.90,,inf,PASS,2.295,FAIL
tt_125c_3.30v,tt,125,3.3,0.1,1,0.001,1.79916,143.1,26604.2,85.29,,inf,PASS,-0.6283,PASS
tt_125c_3.30v,tt,125,3.3,0.1,1,0.05,1.79916,143.1,26605.2,85.76,,inf,PASS,-0.628,PASS
tt_125c_3.30v,tt,125,3.3,0.1,1,0.2,1.79916,143.1,26620.8,87.21,,inf,PASS,-0.6227,PASS
tt_125c_3.30v,tt,125,3.3,0.1,1,0.5,1.79916,143.1,26708.8,90.13,,inf,PASS,-0.593,PASS
tt_125c_3.30v,tt,125,3.3,0.1,4.7,0.001,1.79916,143.1,6593.08,52.95,,inf,PASS,-0.5769,PASS
tt_125c_3.30v,tt,125,3.3,0.1,4.7,0.05,1.79916,143.1,6593.29,53.50,,inf,PASS,-0.5765,PASS
tt_125c_3.30v,tt,125,3.3,0.1,4.7,0.2,1.79916,143.1,6596.55,55.19,,inf,PASS,-0.5697,PASS
tt_125c_3.30v,tt,125,3.3,0.1,4.7,0.5,1.79916,143.1,6615.42,58.62,,inf,PASS,-1.069,PASS
tt_125c_3.30v,tt,125,3.3,1,0.33,0.001,1.79916,144,821832,197.28,,inf,PASS,-3.086,PASS
tt_125c_3.30v,tt,125,3.3,1,0.33,0.05,1.79916,144,822270,202.08,,inf,PASS,-3.052,PASS
tt_125c_3.30v,tt,125,3.3,1,0.33,0.2,1.79916,144,828766,216.43,,inf,PASS,-2.558,PASS
tt_125c_3.30v,tt,125,3.3,1,0.33,0.5,1.79916,144,862029,239.82,,inf,PASS,-2.571,PASS
tt_125c_3.30v,tt,125,3.3,1,1,0.001,1.79916,144,323494,71.48,,inf,PASS,6.436,FAIL
tt_125c_3.30v,tt,125,3.3,1,1,0.05,1.79916,144,327086,77.05,,inf,PASS,6.603,FAIL
tt_125c_3.30v,tt,125,3.3,1,1,0.2,1.79916,144,735186,231.44,,inf,PASS,-4.724,PASS
tt_125c_3.30v,tt,125,3.3,1,1,0.5,1.79916,144,808600,265.07,,inf,PASS,-3.437,PASS
tt_125c_3.30v,tt,125,3.3,1,4.7,0.001,1.79916,144,48771.7,90.05,,inf,PASS,-0.5339,PASS
tt_125c_3.30v,tt,125,3.3,1,4.7,0.05,1.79916,144,48923.6,94.11,,inf,PASS,-0.508,PASS
tt_125c_3.30v,tt,125,3.3,1,4.7,0.2,1.79916,144,51413.3,106.92,,inf,PASS,4.711,FAIL
tt_125c_3.30v,tt,125,3.3,1,4.7,0.5,1.79916,144,85547.9,139.92,,inf,PASS,12.41,FAIL
tt_125c_3.30v,tt,125,3.3,10,0.33,0.001,1.79916,142.8,1.07778e+06,193.43,,inf,PASS,-2.578,PASS
tt_125c_3.30v,tt,125,3.3,10,0.33,0.05,1.79916,142.8,1.0791e+06,199.65,,inf,PASS,-2.52,PASS
tt_125c_3.30v,tt,125,3.3,10,0.33,0.2,1.79916,142.8,1.0989e+06,217.36,,inf,PASS,-3.455,PASS
tt_125c_3.30v,tt,125,3.3,10,0.33,0.5,1.79916,142.8,1.18974e+06,241.85,,inf,PASS,-1.923,PASS
tt_125c_3.30v,tt,125,3.3,10,1,0.001,1.79916,142.8,866787,195.50,,inf,PASS,-2.418,PASS
tt_125c_3.30v,tt,125,3.3,10,1,0.05,1.79916,142.8,872207,210.59,,inf,PASS,-4.126,PASS
tt_125c_3.30v,tt,125,3.3,10,1,0.2,1.79916,142.8,940151,244.94,,inf,PASS,-2.401,PASS
tt_125c_3.30v,tt,125,3.3,10,1,0.5,1.79916,142.8,1.12134e+06,266.38,,inf,PASS,-2.228,PASS
tt_125c_3.30v,tt,125,3.3,10,4.7,0.001,1.79916,142.8,325980,72.79,,inf,PASS,4.641,FAIL
tt_125c_3.30v,tt,125,3.3,10,4.7,0.05,1.79916,142.8,722996,230.82,,inf,PASS,-2.778,PASS
tt_125c_3.30v,tt,125,3.3,10,4.7,0.2,1.79916,142.8,886731,274.40,,inf,PASS,-2.791,PASS
tt_125c_3.30v,tt,125,3.3,10,4.7,0.5,1.79916,142.8,1.11003e+06,278.93,,inf,PASS,-2.507,PASS
tt_125c_3.30v,tt,125,3.3,25,0.33,0.001,1.79916,140.7,1.1721e+06,190.85,,inf,PASS,-2.818,PASS
tt_125c_3.30v,tt,125,3.3,25,0.33,0.05,1.79916,140.7,1.17384e+06,197.60,,inf,PASS,-2.749,PASS
tt_125c_3.30v,tt,125,3.3,25,0.33,0.2,1.79916,140.7,1.19998e+06,216.54,,inf,PASS,-1.792,PASS
tt_125c_3.30v,tt,125,3.3,25,0.33,0.5,1.79916,140.7,1.31536e+06,241.29,,inf,PASS,-1.575,PASS
tt_125c_3.30v,tt,125,3.3,25,1,0.001,1.79916,140.7,931278,194.68,,inf,PASS,-3.133,PASS
tt_125c_3.30v,tt,125,3.3,25,1,0.05,1.79916,140.7,938692,210.73,,inf,PASS,-2.73,PASS
tt_125c_3.30v,tt,125,3.3,25,1,0.2,1.79916,140.7,1.02678e+06,245.48,,inf,PASS,-2.362,PASS
tt_125c_3.30v,tt,125,3.3,25,1,0.5,1.79916,140.7,1.24774e+06,264.52,,inf,PASS,-1.686,PASS
tt_125c_3.30v,tt,125,3.3,25,4.7,0.001,1.79916,140.7,721063,183.39,,inf,PASS,-3.094,PASS
tt_125c_3.30v,tt,125,3.3,25,4.7,0.05,1.79916,140.7,765043,237.52,,inf,PASS,-4.104,PASS
tt_125c_3.30v,tt,125,3.3,25,4.7,0.2,1.79916,140.7,970651,274.02,,inf,PASS,-2.594,PASS
tt_125c_3.30v,tt,125,3.3,25,4.7,0.5,1.79916,140.7,1.23726e+06,275.86,,inf,PASS,-1.918,PASS
tt_125c_3.30v,tt,125,3.3,50,0.33,0.001,1.79916,138.2,1.23709e+06,189.04,,inf,PASS,-2.473,PASS
tt_125c_3.30v,tt,125,3.3,50,0.33,0.05,1.79916,138.2,1.2391e+06,196.16,,inf,PASS,-2.4,PASS
tt_125c_3.30v,tt,125,3.3,50,0.33,0.2,1.79916,138.2,1.27031e+06,215.93,,inf,PASS,-3.035,PASS
tt_125c_3.30v,tt,125,3.3,50,0.33,0.5,1.79916,138.2,1.40373e+06,240.78,,inf,PASS,-2.411,PASS
tt_125c_3.30v,tt,125,3.3,50,1,0.001,1.79916,138.2,976782,193.65,,inf,PASS,-2.956,PASS
tt_125c_3.30v,tt,125,3.3,50,1,0.05,1.79916,138.2,985607,210.40,,inf,PASS,-2.518,PASS
tt_125c_3.30v,tt,125,3.3,50,1,0.2,1.79916,138.2,1.08882e+06,245.42,,inf,PASS,-1.837,PASS
tt_125c_3.30v,tt,125,3.3,50,1,0.5,1.79916,138.2,1.33711e+06,263.05,,inf,PASS,-2.337,PASS
tt_125c_3.30v,tt,125,3.3,50,4.7,0.001,1.79916,138.2,744840,186.51,,inf,PASS,-3.645,PASS
tt_125c_3.30v,tt,125,3.3,50,4.7,0.05,1.79916,138.2,796075,240.26,,inf,PASS,-4.05,PASS
tt_125c_3.30v,tt,125,3.3,50,4.7,0.2,1.79916,138.2,1.0322e+06,273.10,,inf,PASS,-1.985,PASS
tt_125c_3.30v,tt,125,3.3,50,4.7,0.5,1.79916,138.2,1.32682e+06,273.65,,inf,PASS,-2.531,PASS
tt_125c_3.63v,tt,125,3.63,0,0.33,0.001,1.79903,122,2026.22,21.30,709726,38.40,FAIL,-1.249,PASS
tt_125c_3.63v,tt,125,3.63,0,0.33,0.05,1.79903,122,2026.22,21.31,713827,37.68,FAIL,-1.249,PASS
tt_125c_3.63v,tt,125,3.63,0,0.33,0.2,1.79903,122,2026.22,21.35,725176,35.57,FAIL,-1.249,PASS
tt_125c_3.63v,tt,125,3.63,0,0.33,0.5,1.79903,122,2026.22,21.42,733745,34.42,FAIL,-1.249,PASS
tt_125c_3.63v,tt,125,3.63,0,1,0.001,1.79903,122,1138.51,12.47,709896,48.00,FAIL,-0.9282,PASS
tt_125c_3.63v,tt,125,3.63,0,1,0.05,1.79903,122,1138.51,12.49,722282,45.69,FAIL,-0.9282,PASS
tt_125c_3.63v,tt,125,3.63,0,1,0.2,1.79903,122,1138.51,12.55,736045,43.47,FAIL,-0.9282,PASS
tt_125c_3.63v,tt,125,3.63,0,1,0.5,1.79903,122,1138.51,12.68,746120,38.56,FAIL,-0.9282,PASS
tt_125c_3.63v,tt,125,3.63,0,4.7,0.001,1.79903,121.9,520.675,6.17,710832,61.28,FAIL,-0.9354,PASS
tt_125c_3.63v,tt,125,3.63,0,4.7,0.05,1.79903,121.9,520.675,6.21,738003,56.30,FAIL,-0.9354,PASS
tt_125c_3.63v,tt,125,3.63,0,4.7,0.2,1.79903,121.9,520.676,6.34,750461,47.21,FAIL,-0.9353,PASS
tt_125c_3.63v,tt,125,3.63,0,4.7,0.5,1.79903,121.9,520.683,6.61,753628,39.56,FAIL,-0.9351,PASS
tt_125c_3.63v,tt,125,3.63,0.1,0.33,0.001,1.79903,139.6,108421,86.16,,inf,PASS,4.36,FAIL
tt_125c_3.63v,tt,125,3.63,0.1,0.33,0.05,1.79903,139.6,108429,86.79,,inf,PASS,4.384,FAIL
tt_125c_3.63v,tt,125,3.63,0.1,0.33,0.2,1.79903,139.6,108543,88.71,,inf,PASS,4.733,FAIL
tt_125c_3.63v,tt,125,3.63,0.1,0.33,0.5,1.79903,139.6,109188,92.54,,inf,PASS,6.296,FAIL
tt_125c_3.63v,tt,125,3.63,0.1,1,0.001,1.79903,139.6,29735.9,86.65,,inf,PASS,-0.4702,PASS
tt_125c_3.63v,tt,125,3.63,0.1,1,0.05,1.79903,139.6,29737.3,87.18,,inf,PASS,-0.4698,PASS
tt_125c_3.63v,tt,125,3.63,0.1,1,0.2,1.79903,139.6,29759.1,88.79,,inf,PASS,-0.4634,PASS
tt_125c_3.63v,tt,125,3.63,0.1,1,0.5,1.79903,139.6,29882.2,92.06,,inf,PASS,2.631,FAIL
tt_125c_3.63v,tt,125,3.63,0.1,4.7,0.001,1.79903,139.6,7091.77,55.15,,inf,PASS,-0.7859,PASS
tt_125c_3.63v,tt,125,3.63,0.1,4.7,0.05,1.79903,139.6,7092.05,55.74,,inf,PASS,-0.7854,PASS
tt_125c_3.63v,tt,125,3.63,0.1,4.7,0.2,1.79903,139.6,7096.33,57.56,,inf,PASS,-0.7773,PASS
tt_125c_3.63v,tt,125,3.63,0.1,4.7,0.5,1.79903,139.6,7120.45,61.26,,inf,PASS,1.901,FAIL
tt_125c_3.63v,tt,125,3.63,1,0.33,0.001,1.79903,141.3,890757,201.23,,inf,PASS,-3.708,PASS
tt_125c_3.63v,tt,125,3.63,1,0.33,0.05,1.79903,141.3,891330,206.41,,inf,PASS,-3.666,PASS
tt_125c_3.63v,tt,125,3.63,1,0.33,0.2,1.79903,141.3,899722,221.66,,inf,PASS,-3.079,PASS
tt_125c_3.63v,tt,125,3.63,1,0.33,0.5,1.79903,141.3,940218,245.43,,inf,PASS,-2.776,PASS
tt_125c_3.63v,tt,125,3.63,1,1,0.001,1.79903,141.3,373152,68.22,,inf,PASS,9.228,FAIL
tt_125c_3.63v,tt,125,3.63,1,1,0.05,1.79903,141.3,380587,74.54,,inf,PASS,9.427,FAIL
tt_125c_3.63v,tt,125,3.63,1,1,0.2,1.79903,141.3,803122,242.10,,inf,PASS,-4.971,PASS
tt_125c_3.63v,tt,125,3.63,1,1,0.5,1.79903,141.3,887433,271.28,,inf,PASS,-3.344,PASS
tt_125c_3.63v,tt,125,3.63,1,4.7,0.001,1.79903,141.3,54971.1,90.16,,inf,PASS,-0.6709,PASS
tt_125c_3.63v,tt,125,3.63,1,4.7,0.05,1.79903,141.3,55191.9,94.73,,inf,PASS,-0.6368,PASS
tt_125c_3.63v,tt,125,3.63,1,4.7,0.2,1.79903,141.3,58840.1,109.16,,inf,PASS,8.248,FAIL
tt_125c_3.63v,tt,125,3.63,1,4.7,0.5,1.79903,141.3,877992,286.50,,inf,PASS,-3.779,PASS
tt_125c_3.63v,tt,125,3.63,10,0.33,0.001,1.79903,141.3,1.16742e+06,194.43,,inf,PASS,-3.071,PASS
tt_125c_3.63v,tt,125,3.63,10,0.33,0.05,1.79903,141.3,1.16914e+06,201.16,,inf,PASS,-3.001,PASS
tt_125c_3.63v,tt,125,3.63,10,0.33,0.2,1.79903,141.3,1.19432e+06,220.03,,inf,PASS,-2.037,PASS
tt_125c_3.63v,tt,125,3.63,10,0.33,0.5,1.79903,141.3,1.30493e+06,244.71,,inf,PASS,-1.888,PASS
tt_125c_3.63v,tt,125,3.63,10,1,0.001,1.79903,141.3,939822,197.83,,inf,PASS,-2.959,PASS
tt_125c_3.63v,tt,125,3.63,10,1,0.05,1.79903,141.3,946700,214.06,,inf,PASS,-2.554,PASS
tt_125c_3.63v,tt,125,3.63,10,1,0.2,1.79903,141.3,1.02962e+06,249.01,,inf,PASS,-2.408,PASS
tt_125c_3.63v,tt,125,3.63,10,1,0.5,1.79903,141.3,1.23912e+06,268.13,,inf,PASS,-1.964,PASS
tt_125c_3.63v,tt,125,3.63,10,4.7,0.001,1.79903,141.3,392533,69.50,,inf,PASS,6.699,FAIL
tt_125c_3.63v,tt,125,3.63,10,4.7,0.05,1.79903,141.3,791502,240.20,,inf,PASS,-2.913,PASS
tt_125c_3.63v,tt,125,3.63,10,4.7,0.2,1.79903,141.3,977963,277.42,,inf,PASS,-2.54,PASS
tt_125c_3.63v,tt,125,3.63,10,4.7,0.5,1.79903,141.3,1.22886e+06,279.57,,inf,PASS,-2.198,PASS
tt_125c_3.63v,tt,125,3.63,25,0.33,0.001,1.79903,139.9,1.27025e+06,191.46,,inf,PASS,-3.272,PASS
tt_125c_3.63v,tt,125,3.63,25,0.33,0.05,1.79903,139.9,1.27253e+06,198.77,,inf,PASS,-3.189,PASS
tt_125c_3.63v,tt,125,3.63,25,0.33,0.2,1.79903,139.9,1.306e+06,218.94,,inf,PASS,-2.061,PASS
tt_125c_3.63v,tt,125,3.63,25,0.33,0.5,1.79903,139.9,1.446e+06,243.74,,inf,PASS,-2.939,PASS
tt_125c_3.63v,tt,125,3.63,25,1,0.001,1.79903,139.9,1.00966e+06,196.30,,inf,PASS,-3.614,PASS
tt_125c_3.63v,tt,125,3.63,25,1,0.05,1.79903,139.9,1.01927e+06,213.56,,inf,PASS,-3.133,PASS
tt_125c_3.63v,tt,125,3.63,25,1,0.2,1.79903,139.9,1.12714e+06,248.83,,inf,PASS,-2.286,PASS
tt_125c_3.63v,tt,125,3.63,25,1,0.5,1.79903,139.9,1.38141e+06,265.69,,inf,PASS,-2.761,PASS
tt_125c_3.63v,tt,125,3.63,25,4.7,0.001,1.79903,139.9,784949,189.04,,inf,PASS,-3.646,PASS
tt_125c_3.63v,tt,125,3.63,25,4.7,0.05,1.79903,139.9,837414,244.47,,inf,PASS,-4.143,PASS
tt_125c_3.63v,tt,125,3.63,25,4.7,0.2,1.79903,139.9,1.07333e+06,275.96,,inf,PASS,-2.283,PASS
tt_125c_3.63v,tt,125,3.63,25,4.7,0.5,1.79903,139.9,1.37192e+06,275.99,,inf,PASS,-1.572,PASS
tt_125c_3.63v,tt,125,3.63,50,0.33,0.001,1.79903,138,1.3424e+06,189.44,,inf,PASS,-2.877,PASS
tt_125c_3.63v,tt,125,3.63,50,0.33,0.05,1.79903,138,1.34506e+06,197.15,,inf,PASS,-2.788,PASS
tt_125c_3.63v,tt,125,3.63,50,0.33,0.2,1.79903,138,1.38446e+06,218.21,,inf,PASS,-3.227,PASS
tt_125c_3.63v,tt,125,3.63,50,0.33,0.5,1.79903,138,1.54687e+06,243.00,,inf,PASS,-2.23,PASS
tt_125c_3.63v,tt,125,3.63,50,1,0.001,1.79903,138,1.06022e+06,194.90,,inf,PASS,-3.377,PASS
tt_125c_3.63v,tt,125,3.63,50,1,0.05,1.79903,138,1.07167e+06,212.94,,inf,PASS,-2.853,PASS
tt_125c_3.63v,tt,125,3.63,50,1,0.2,1.79903,138,1.19806e+06,248.43,,inf,PASS,-1.689,PASS
tt_125c_3.63v,tt,125,3.63,50,1,0.5,1.79903,138,1.48385e+06,263.92,,inf,PASS,-1.973,PASS
tt_125c_3.63v,tt,125,3.63,50,4.7,0.001,1.79903,138,810525,191.07,,inf,PASS,-4.127,PASS
tt_125c_3.63v,tt,125,3.63,50,4.7,0.05,1.79903,138,872882,246.17,,inf,PASS,-3.995,PASS
tt_125c_3.63v,tt,125,3.63,50,4.7,0.2,1.79903,138,1.14393e+06,274.55,,inf,PASS,-1.614,PASS
tt_125c_3.63v,tt,125,3.63,50,4.7,0.5,1.79903,138,1.47465e+06,273.52,,inf,PASS,-2.135,PASS
