corner_id,process,temp_c,vin_v,iload_ma,ceff_uf,esr_ohm,pm_base,pm_head,d_pm,gm_base,gm_head,d_gm,f0_base,f0_head,d_f0_pct,res_base,res_head,d_res,result_base,result_head,res_result_base,res_result_head
ff_-40c_2.97v,ff,-40,2.97,0,0.33,0.001,25.73,25.74,0.01,53.64,53.64,0,3258.75,3258.95,0.00613732,-0.7896,-0.7886,0.001,FAIL,FAIL,PASS,PASS
ff_-40c_2.97v,ff,-40,2.97,0,0.33,0.05,25.76,25.76,0,53.63,53.63,0,3258.95,3258.94,-0.000306847,-0.7886,-0.7886,0,FAIL,FAIL,PASS,PASS
ff_-40c_2.97v,ff,-40,2.97,0,0.33,0.2,25.8,25.82,0.02,53.62,53.62,0,3258.75,3258.95,0.00613732,-0.7896,-0.7886,0.001,FAIL,FAIL,PASS,PASS
ff_-40c_2.97v,ff,-40,2.97,0,0.33,0.5,25.93,25.93,0,53.6,53.6,0,3258.95,3258.95,0,-0.7885,-0.7885,0,FAIL,FAIL,PASS,PASS
ff_-40c_2.97v,ff,-40,2.97,0,1,0.001,15.03,15.04,0.01,53.62,53.63,0.01,1806.05,1806.08,0.00166108,-0.8975,-0.8971,0.0004,FAIL,FAIL,PASS,PASS
ff_-40c_2.97v,ff,-40,2.97,0,1,0.05,15.07,15.07,0,53.62,53.62,0,1806.08,1806.08,0,-0.8971,-0.8971,0,FAIL,FAIL,PASS,PASS
ff_-40c_2.97v,ff,-40,2.97,0,1,0.2,15.16,15.17,0.01,53.61,53.61,0,1806.05,1806.08,0.00166108,-0.8975,-0.8971,0.0004,FAIL,FAIL,PASS,PASS
ff_-40c_2.97v,ff,-40,2.97,0,1,0.5,15.37,15.37,0,53.59,53.59,0,1806.1,1806.1,0,-0.897,-0.897,0,FAIL,FAIL,PASS,PASS
ff_-40c_2.97v,ff,-40,2.97,0,4.7,0.001,7.13,7.13,0,53.62,53.62,0,821.558,821.562,0.00048688,-0.9073,-0.9072,0.0001,FAIL,FAIL,PASS,PASS
ff_-40c_2.97v,ff,-40,2.97,0,4.7,0.05,7.2,7.2,0,53.62,53.62,0,821.562,821.562,0,-0.9072,-0.9072,0,FAIL,FAIL,PASS,PASS
ff_-40c_2.97v,ff,-40,2.97,0,4.7,0.2,7.41,7.41,0,53.61,53.61,0,821.563,821.566,0.000365158,-0.9072,-0.9071,0.0001,FAIL,FAIL,PASS,PASS
ff_-40c_2.97v,ff,-40,2.97,0,4.7,0.5,7.83,7.83,0,53.59,53.59,0,821.591,821.591,0,-0.9065,-0.9065,0,FAIL,FAIL,PASS,PASS
ff_-40c_2.97v,ff,-40,2.97,0.1,0.33,0.001,55.36,55.36,0,21.28,21.28,0,123867,123867,0,-0.5423,-0.5423,0,PASS,PASS,PASS,PASS
ff_-40c_2.97v,ff,-40,2.97,0.1,0.33,0.05,56.08,56.08,0,22.88,22.88,0,123876,123876,0,-0.5415,-0.5415,0,PASS,PASS,PASS,PASS
ff_-40c_2.97v,ff,-40,2.97,0.1,0.33,0.2,58.26,58.26,0,30.33,30.33,0,124001,124001,0,-0.5297,-0.5297,0,PASS,PASS,PASS,PASS
ff_-40c_2.97v,ff,-40,2.97,0.1,0.33,0.5,62.51,62.51,0,37.71,37.71,0,124711,124711,0,-0.5252,-0.5252,0,PASS,PASS,PASS,PASS
ff_-40c_2.97v,ff,-40,2.97,0.1,1,0.001,72.97,72.97,0,31.21,31.21,0,41768.7,41768.7,0,-0.4006,-0.4006,0,PASS,PASS,PASS,PASS
ff_-40c_2.97v,ff,-40,2.97,0.1,1,0.05,73.71,73.71,0,38.12,38.12,0,41772.5,41772.5,0,-0.3998,-0.3998,0,PASS,PASS,PASS,PASS
ff_-40c_2.97v,ff,-40,2.97,0.1,1,0.2,75.97,75.97,0,46.87,46.87,0,41830.6,41830.6,0,-0.4335,-0.4335,0,PASS,PASS,PASS,PASS
ff_-40c_2.97v,ff,-40,2.97,0.1,1,0.5,80.51,80.51,0,40.9,40.9,0,42161.6,42161.6,0,-0.4095,-0.4095,0,PASS,PASS,PASS,PASS
ff_-40c_2.97v,ff,-40,2.97,0.1,4.7,0.001,47.45,47.45,0,47.34,47.34,0,10575.7,10575.7,0,-0.6627,-0.6627,0,PASS,PASS,PASS,PASS
ff_-40c_2.97v,ff,-40,2.97,0.1,4.7,0.05,48.33,48.33,0,53.73,53.73,0,10576.5,10576.5,0,-0.6615,-0.6615,0,PASS,PASS,PASS,PASS
ff_-40c_2.97v,ff,-40,2.97,0.1,4.7,0.2,51.05,51.05,0,48.28,48.28,0,10589.9,10589.9,0,-0.6439,-0.6439,0,PASS,PASS,PASS,PASS
ff_-40c_2.97v,ff,-40,2.97,0.1,4.7,0.5,56.63,56.63,0,41.67,41.67,0,10665.8,10665.8,0,-0.6159,-0.6159,0,PASS,PASS,PASS,PASS
ff_-40c_2.97v,ff,-40,2.97,1,0.33,0.001,49.19,49.19,0,12.36,12.36,0,327073,327073,0,-0.5422,-0.5422,0,PASS,PASS,PASS,PASS
ff_-40c_2.97v,ff,-40,2.97,1,0.33,0.05,51.08,51.08,0,13.64,13.64,0,327229,327229,0,-0.5367,-0.5367,0,PASS,PASS,PASS,PASS
ff_-40c_2.97v,ff,-40,2.97,1,0.33,0.2,56.67,56.67,0,18.09,18.09,0,329639,329639,0,-0.5135,-0.5135,0,PASS,PASS,PASS,PASS
ff_-40c_2.97v,ff,-40,2.97,1,0.33,0.5,67.07,67.07,0,20.74,20.74,0,343973,343973,0,-0.5096,-0.5096,0,PASS,PASS,PASS,PASS
ff_-40c_2.97v,ff,-40,2.97,1,1,0.001,68.12,68.12,0,22.1,22.1,0,116001,116001,0,-0.4645,-0.4645,0,PASS,PASS,PASS,PASS
ff_-40c_2.97v,ff,-40,2.97,1,1,0.05,70.17,70.17,0,26.43,26.43,0,116076,116076,0,-0.4582,-0.4582,0,PASS,PASS,PASS,PASS
ff_-40c_2.97v,ff,-40,2.97,1,1,0.2,76.41,76.41,0,29.85,29.85,0,117237,117237,0,-0.4623,-0.4623,0,PASS,PASS,PASS,PASS
ff_-40c_2.97v,ff,-40,2.97,1,1,0.5,89.04,89.04,0,24.44,24.44,0,124455,124455,0,-0.3929,-0.3929,0,PASS,PASS,PASS,PASS
ff_-40c_2.97v,ff,-40,2.97,1,4.7,0.001,48.49,48.49,0,36.24,36.24,0,28849,28849,0,-0.6183,-0.6183,0,PASS,PASS,PASS,PASS
ff_-40c_2.97v,ff,-40,2.97,1,4.7,0.05,50.9,50.9,0,42.57,42.57,0,28867.4,28867.4,0,-0.6098,-0.6098,0,PASS,PASS,PASS,PASS
ff_-40c_2.97v,ff,-40,2.97,1,4.7,0.2,58.52,58.52,0,32.96,32.96,0,29151.2,29151.2,0,-0.6145,-0.6145,0,PASS,PASS,PASS,PASS
ff_-40c_2.97v,ff,-40,2.97,1,4.7,0.5,74.94,74.94,0,25.51,25.51,0,30894.9,30894.9,0,-0.5247,-0.5247,0,PASS,PASS,PASS,PASS
ff_-40c_2.97v,ff,-40,2.97,10,0.33,0.001,27.08,27.08,0,6.2,6.2,0,602798,602798,0,-0.6138,-0.6138,0,FAIL,FAIL,PASS,PASS
ff_-40c_2.97v,ff,-40,2.97,10,0.33,0.05,30.52,30.52,0,7.5,7.5,0,603642,603642,0,-0.5954,-0.5954,0,FAIL,FAIL,PASS,PASS
ff_-40c_2.97v,ff,-40,2.97,10,0.33,0.2,40.22,40.22,0,11.85,11.85,0,616844,616844,0,-0.5907,-0.5907,0,FAIL,FAIL,PASS,PASS
ff_-40c_2.97v,ff,-40,2.97,10,0.33,0.5,55.24,55.24,0,13.75,13.75,0,700715,700715,0,-0.4878,-0.4878,0,PASS,PASS,PASS,PASS
ff_-40c_2.97v,ff,-40,2.97,10,1,0.001,54.95,54.95,0,15.89,15.89,0,238327,238327,0,-0.5053,-0.5053,0,PASS,PASS,PASS,PASS
ff_-40c_2.97v,ff,-40,2.97,10,1,0.05,59.12,59.12,0,20.16,20.16,0,238915,238915,0,-0.4791,-0.4791,0,PASS,PASS,PASS,PASS
ff_-40c_2.97v,ff,-40,2.97,10,1,0.2,71.61,71.61,0,22.73,22.73,0,248481,248482,0.000402445,-0.4515,-0.4515,0,PASS,PASS,PASS,PASS
ff_-40c_2.97v,ff,-40,2.97,10,1,0.5,94.72,94.72,0,17.2,17.2,0,329594,329594,0,-0.2725,-0.2725,0,PASS,PASS,PASS,PASS
ff_-40c_2.97v,ff,-40,2.97,10,4.7,0.001,48.85,48.85,0,29.74,29.74,0,63453.3,63453.3,0,-0.5971,-0.5971,0,PASS,PASS,PASS,PASS
ff_-40c_2.97v,ff,-40,2.97,10,4.7,0.05,54.17,54.17,0,35.43,35.43,0,63658.6,63658.6,0,-0.6211,-0.6211,0,PASS,PASS,PASS,PASS
ff_-40c_2.97v,ff,-40,2.97,10,4.7,0.2,71.36,71.36,0,25.75,25.75,0,67020.3,67020.3,0,-0.4952,-0.4952,0,PASS,PASS,PASS,PASS
ff_-40c_2.97v,ff,-40,2.97,10,4.7,0.5,111.98,111.98,0,18.21,18.21,0,101342,101342,0,-0.2068,-0.2068,0,PASS,PASS,PASS,PASS
ff_-40c_2.97v,ff,-40,2.97,25,0.33,0.001,14.58,14.58,0,3.32,3.32,0,736545,736545,0,-0.6971,-0.6971,0,FAIL,FAIL,PASS,PASS
ff_-40c_2.97v,ff,-40,2.97,25,0.33,0.05,18.76,18.76,0,4.6,4.6,0,737914,737914,0,-0.67,-0.67,0,FAIL,FAIL,PASS,PASS
ff_-40c_2.97v,ff,-40,2.97,25,0.33,0.2,30.19,30.19,0,8.9,8.9,0,759582,759582,0,-0.6383,-0.6383,0,FAIL,FAIL,PASS,PASS
ff_-40c_2.97v,ff,-40,2.97,25,0.33,0.5,45.47,45.47,0,10.95,10.95,0,895732,895732,0,-0.5504,-0.5504,0,PASS,PASS,PASS,PASS
ff_-40c_2.97v,ff,-40,2.97,25,1,0.001,48.25,48.25,0,12.99,12.99,0,312271,312271,0,-0.5305,-0.5305,0,PASS,PASS,PASS,PASS
ff_-40c_2.97v,ff,-40,2.97,25,1,0.05,53.67,53.67,0,17.18,17.18,0,313542,313542,0,-0.4856,-0.4856,0,PASS,PASS,PASS,PASS
ff_-40c_2.97v,ff,-40,2.97,25,1,0.2,69.28,69.28,0,19.95,19.95,0,334896,334896,0,-0.4568,-0.4568,0,PASS,PASS,PASS,PASS
ff_-40c_2.97v,ff,-40,2.97,25,1,0.5,89.25,89.25,0,14.46,14.46,0,546176,546176,0,-0.2658,-0.2658,0,PASS,PASS,PASS,PASS
ff_-40c_2.97v,ff,-40,2.97,25,4.7,0.001,50.82,50.82,0,26.79,26.79,0,82283.6,82283.6,0,-0.5645,-0.5645,0,PASS,PASS,PASS,PASS
ff_-40c_2.97v,ff,-40,2.97,25,4.7,0.05,57.73,57.73,0,32.67,32.67,0,82749.6,82749.6,0,-0.558,-0.558,0,PASS,PASS,PASS,PASS
ff_-40c_2.97v,ff,-40,2.97,25,4.7,0.2,80.29,80.29,0,23.03,23.03,0,90898.5,90898.5,0,-0.4328,-0.4328,0,PASS,PASS,PASS,PASS
ff_-40c_2.97v,ff,-40,2.97,25,4.7,0.5,125.67,125.67,0,15.49,15.49,0,316013,316013,0,-0.09041,-0.09041,0,PASS,PASS,PASS,PASS
ff_-40c_2.97v,ff,-40,2.97,50,0.33,0.001,5.57,5.57,0,1.25,1.25,0,845297,845297,0,-0.7545,-0.7545,0,FAIL,FAIL,PASS,PASS
ff_-40c_2.97v,ff,-40,2.97,50,0.33,0.05,10.34,10.34,0,2.51,2.51,0,847187,847187,0,-0.7195,-0.7195,0,FAIL,FAIL,PASS,PASS
ff_-40c_2.97v,ff,-40,2.97,50,0.33,0.2,23.06,23.06,0,6.72,6.72,0,877587,877587,0,-0.6721,-0.6721,0,FAIL,FAIL,PASS,PASS
ff_-40c_2.97v,ff,-40,2.97,50,0.33,0.5,37.78,37.78,0,8.81,8.81,0,1.06456e+06,1.06456e+06,0,-0.5852,-0.5852,0,FAIL,FAIL,PASS,PASS
ff_-40c_2.97v,ff,-40,2.97,50,1,0.001,42.67,42.67,0,10.91,10.91,0,376847,376847,0,-0.5129,-0.5129,0,FAIL,FAIL,PASS,PASS
ff_-40c_2.97v,ff,-40,2.97,50,1,0.05,49.15,49.15,0,15.01,15.01,0,378985,378985,0,-0.5083,-0.5083,0,PASS,PASS,PASS,PASS
ff_-40c_2.97v,ff,-40,2.97,50,1,0.2,66.99,66.99,0,17.81,17.81,0,416072,416072,0,-0.4708,-0.4708,0,PASS,PASS,PASS,PASS
ff_-40c_2.97v,ff,-40,2.97,50,1,0.5,78.42,78.42,0,12.35,12.35,0,770291,770291,0,-0.3299,-0.3299,0,PASS,PASS,PASS,PASS
ff_-40c_2.97v,ff,-40,2.97,50,4.7,0.001,52.31,52.31,0,24.68,24.68,0,98942.2,98942.2,0,-0.545,-0.545,0,PASS,PASS,PASS,PASS
ff_-40c_2.97v,ff,-40,2.97,50,4.7,0.05,60.61,60.61,0,30.53,30.53,0,99779,99779,0,-0.5663,-0.5663,0,PASS,PASS,PASS,PASS
ff_-40c_2.97v,ff,-40,2.97,50,4.7,0.2,87.96,87.96,0,20.92,20.92,0,115666,115666,0,-0.3765,-0.3765,0,PASS,PASS,PASS,PASS
ff_-40c_2.97v,ff,-40,2.97,50,4.7,0.5,103.25,103.25,0,13.38,13.38,0,664398,664398,0,-0.213,-0.213,0,PASS,PASS,PASS,PASS
ff_-40c_3.30v,ff,-40,3.3,0,0.33,0.001,27.1,27.1,0,53.56,53.56,0,3457.39,3457.39,0,-0.756,-0.7561,-0.0001,FAIL,FAIL,PASS,PASS
ff_-40c_3.30v,ff,-40,3.3,0,0.33,0.05,27.12,27.12,0,53.56,53.56,0,3457.39,3457.39,0,-0.7561,-0.7561,0,FAIL,FAIL,PASS,PASS
ff_-40c_3.30v,ff,-40,3.3,0,0.33,0.2,27.18,27.18,0,53.55,53.55,0,3457.39,3457.39,0,-0.756,-0.756,0,FAIL,FAIL,PASS,PASS
ff_-40c_3.30v,ff,-40,3.3,0,0.33,0.5,27.3,27.3,0,53.53,53.53,0,3457.4,3457.4,0,-0.756,-0.756,0,FAIL,FAIL,PASS,PASS
ff_-40c_3.30v,ff,-40,3.3,0,1,0.001,15.86,15.86,0,53.55,53.55,0,1908.3,1908.3,0,-0.8394,-0.8394,0,FAIL,FAIL,PASS,PASS
ff_-40c_3.30v,ff,-40,3.3,0,1,0.05,15.9,15.9,0,53.55,53.55,0,1908.3,1908.3,0,-0.8394,-0.8394,0,FAIL,FAIL,PASS,PASS
ff_-40c_3.30v,ff,-40,3.3,0,1,0.2,16,16,0,53.54,53.54,0,1908.3,1908.3,0,-0.8394,-0.8394,0,FAIL,FAIL,PASS,PASS
ff_-40c_3.30v,ff,-40,3.3,0,1,0.5,16.21,16.21,0,53.52,53.52,0,1908.32,1908.32,0,-0.8393,-0.8393,0,FAIL,FAIL,PASS,PASS
ff_-40c_3.30v,ff,-40,3.3,0,4.7,0.001,7.54,7.54,0,53.55,53.55,0,866.693,866.693,0,-0.8777,-0.8777,0,FAIL,FAIL,PASS,PASS
ff_-40c_3.30v,ff,-40,3.3,0,4.7,0.05,7.61,7.61,0,53.54,53.54,0,866.693,866.693,0,-0.8777,-0.8777,0,FAIL,FAIL,PASS,PASS
ff_-40c_3.30v,ff,-40,3.3,0,4.7,0.2,7.83,7.83,0,53.54,53.54,0,866.699,866.699,0,-0.8776,-0.8776,0,FAIL,FAIL,PASS,PASS
ff_-40c_3.30v,ff,-40,3.3,0,4.7,0.5,8.27,8.27,0,53.52,53.52,0,866.728,866.728,0,-0.8769,-0.8769,0,FAIL,FAIL,PASS,PASS
ff_-40c_3.30v,ff,-40,3.3,0.1,0.33,0.001,50.41,50.41,0,20.78,20.78,0,139368,139368,0,-0.619,-0.619,0,PASS,PASS,PASS,PASS
ff_-40c_3.30v,ff,-40,3.3,0.1,0.33,0.05,51.22,51.22,0,22.6,22.6,0,139379,139379,0,-0.618,-0.618,0,PASS,PASS,PASS,PASS
ff_-40c_3.30v,ff,-40,3.3,0.1,0.33,0.2,53.67,53.67,0,31.87,31.87,0,139545,139545,0,-0.6029,-0.6029,0,PASS,PASS,PASS,PASS
ff_-40c_3.30v,ff,-40,3.3,0.1,0.33,0.5,58.42,58.42,0,38.4,38.4,0,140484,140484,0,-0.5853,-0.5853,0,PASS,PASS,PASS,PASS
ff_-40c_3.30v,ff,-40,3.3,0.1,1,0.001,72.36,72.36,0,30.71,30.71,0,50007.5,50007.5,0,-0.4391,-0.4391,0,PASS,PASS,PASS,PASS
ff_-40c_3.30v,ff,-40,3.3,0.1,1,0.05,73.25,73.25,0,39.13,39.13,0,50014,50014,0,-0.4379,-0.4379,0,PASS,PASS,PASS,PASS
ff_-40c_3.30v,ff,-40,3.3,0.1,1,0.2,75.94,75.94,0,47.3,47.3,0,50113,50113,0,-0.4201,-0.4201,0,PASS,PASS,PASS,PASS
ff_-40c_3.30v,ff,-40,3.3,0.1,1,0.5,81.3,81.3,0,41.11,41.11,0,50681.2,50681.2,0,-0.4127,-0.4127,0,PASS,PASS,PASS,PASS
ff_-40c_3.30v,ff,-40,3.3,0.1,4.7,0.001,52.01,52.01,0,46.68,46.68,0,11749.3,11749.3,0,-0.6036,-0.6036,0,PASS,PASS,PASS,PASS
ff_-40c_3.30v,ff,-40,3.3,0.1,4.7,0.05,52.98,52.98,0,53.72,53.72,0,11750.6,11750.6,0,-0.6022,-0.6022,0,PASS,PASS,PASS,PASS
ff_-40c_3.30v,ff,-40,3.3,0.1,4.7,0.2,56.01,56.01,0,48.45,48.45,0,11770.2,11770.2,0,-0.5806,-0.5806,0,PASS,PASS,PASS,PASS
ff_-40c_3.30v,ff,-40,3.3,0.1,4.7,0.5,62.25,62.25,0,41.79,41.79,0,11881.4,11881.4,0,-0.5905,-0.5905,0,PASS,PASS,PASS,PASS
ff_-40c_3.30v,ff,-40,3.3,1,0.33,0.001,43.79,43.79,0,11.71,11.71,0,374425,374425,0,-0.5525,-0.5525,0,FAIL,FAIL,PASS,PASS
ff_-40c_3.30v,ff,-40,3.3,1,0.33,0.05,45.95,45.95,0,13.19,13.19,0,374645,374645,0,-0.5454,-0.5454,0,PASS,PASS,PASS,PASS
ff_-40c_3.30v,ff,-40,3.3,1,0.33,0.2,52.3,52.3,0,18.59,18.59,0,378013,378013,0,-0.5651,-0.5651,0,PASS,PASS,PASS,PASS
ff_-40c_3.30v,ff,-40,3.3,1,0.33,0.5,63.83,63.83,0,21.12,21.12,0,398134,398134,0,-0.5181,-0.5181,0,PASS,PASS,PASS,PASS
ff_-40c_3.30v,ff,-40,3.3,1,1,0.001,67.09,67.09,0,21.46,21.46,0,138946,138946,0,-0.4542,-0.4542,0,PASS,PASS,PASS,PASS
ff_-40c_3.30v,ff,-40,3.3,1,1,0.05,69.53,69.53,0,26.63,26.63,0,139074,139074,0,-0.4452,-0.4452,0,PASS,PASS,PASS,PASS
ff_-40c_3.30v,ff,-40,3.3,1,1,0.2,76.93,76.93,0,30.11,30.11,0,141054,141054,0,-0.46,-0.46,0,PASS,PASS,PASS,PASS
ff_-40c_3.30v,ff,-40,3.3,1,1,0.5,91.62,91.62,0,24.42,24.42,0,153855,153855,0,-0.3849,-0.3849,0,PASS,PASS,PASS,PASS
ff_-40c_3.30v,ff,-40,3.3,1,4.7,0.001,53.74,53.74,0,35.62,35.62,0,32354.3,32354.3,0,-0.5758,-0.5758,0,PASS,PASS,PASS,PASS
ff_-40c_3.30v,ff,-40,3.3,1,4.7,0.05,56.45,56.45,0,42.77,42.77,0,32382.6,32382.6,0,-0.565,-0.565,0,PASS,PASS,PASS,PASS
ff_-40c_3.30v,ff,-40,3.3,1,4.7,0.2,65.05,65.05,0,32.88,32.88,0,32819.7,32819.7,0,-0.5257,-0.5257,0,PASS,PASS,PASS,PASS
ff_-40c_3.30v,ff,-40,3.3,1,4.7,0.5,84.04,84.04,0,25.38,25.38,0,35637.1,35637.1,0,-0.4595,-0.4595,0,PASS,PASS,PASS,PASS
ff_-40c_3.30v,ff,-40,3.3,10,0.33,0.001,25.08,25.08,0,6.09,6.09,0,658415,658415,0,-0.6155,-0.6155,0,FAIL,FAIL,PASS,PASS
ff_-40c_3.30v,ff,-40,3.3,10,0.33,0.05,28.83,28.83,0,7.59,7.59,0,659476,659476,0,-0.6658,-0.6658,0,FAIL,FAIL,PASS,PASS
ff_-40c_3.30v,ff,-40,3.3,10,0.33,0.2,39.36,39.36,0,12.73,12.73,0,676037,676037,0,-0.6179,-0.6179,0,FAIL,FAIL,PASS,PASS
ff_-40c_3.30v,ff,-40,3.3,10,0.33,0.5,55.15,55.15,0,14.18,14.18,0,781488,781488,0,-0.5006,-0.5006,0,PASS,PASS,PASS,PASS
ff_-40c_3.30v,ff,-40,3.3,10,1,0.001,53.95,53.95,0,15.79,15.79,0,267820,267820,0,-0.4974,-0.4974,0,PASS,PASS,PASS,PASS
ff_-40c_3.30v,ff,-40,3.3,10,1,0.05,58.63,58.63,0,20.83,20.83,0,268652,268652,0,-0.5201,-0.5201,0,PASS,PASS,PASS,PASS
ff_-40c_3.30v,ff,-40,3.3,10,1,0.2,72.47,72.47,0,23.04,23.04,0,282256,282256,0,-0.4425,-0.4425,0,PASS,PASS,PASS,PASS
ff_-40c_3.30v,ff,-40,3.3,10,1,0.5,95.95,95.95,0,17.21,17.21,0,407212,407212,0,-0.2627,-0.2627,0,PASS,PASS,PASS,PASS
ff_-40c_3.30v,ff,-40,3.3,10,4.7,0.001,51.07,51.07,0,29.69,29.69,0,69999.6,69999.6,0,-0.5753,-0.5753,0,PASS,PASS,PASS,PASS
ff_-40c_3.30v,ff,-40,3.3,10,4.7,0.05,56.95,56.95,0,35.67,35.67,0,70285.6,70285.6,0,-0.5881,-0.5881,0,PASS,PASS,PASS,PASS
ff_-40c_3.30v,ff,-40,3.3,10,4.7,0.2,76.05,76.05,0,25.7,25.7,0,75057.5,75057.5,0,-0.4813,-0.4813,0,PASS,PASS,PASS,PASS
ff_-40c_3.30v,ff,-40,3.3,10,4.7,0.5,122.62,122.62,0,18.12,18.12,0,141174,141174,0,-0.1362,-0.1362,0,PASS,PASS,PASS,PASS
ff_-40c_3.30v,ff,-40,3.3,25,0.33,0.001,13.25,13.25,0,3.22,3.22,0,794646,794646,0,-0.7057,-0.7057,0,FAIL,FAIL,PASS,PASS
ff_-40c_3.30v,ff,-40,3.3,25,0.33,0.05,17.75,17.75,0,4.7,4.7,0,796324,796324,0,-0.674,-0.674,0,FAIL,FAIL,PASS,PASS
ff_-40c_3.30v,ff,-40,3.3,25,0.33,0.2,30.03,30.03,0,9.79,9.79,0,822704,822704,0,-0.6657,-0.6657,0,FAIL,FAIL,PASS,PASS
ff_-40c_3.30v,ff,-40,3.3,25,0.33,0.5,45.96,45.96,0,11.45,11.45,0,988164,988164,0,-0.5526,-0.5526,0,PASS,PASS,PASS,PASS
ff_-40c_3.30v,ff,-40,3.3,25,1,0.001,46.58,46.58,0,12.91,12.91,0,347321,347321,0,-0.5163,-0.5163,0,PASS,PASS,PASS,PASS
ff_-40c_3.30v,ff,-40,3.3,25,1,0.05,52.58,52.58,0,17.85,17.85,0,349042,349042,0,-0.5197,-0.5197,0,PASS,PASS,PASS,PASS
ff_-40c_3.30v,ff,-40,3.3,25,1,0.2,69.58,69.58,0,20.33,20.33,0,378154,378154,0,-0.4539,-0.4539,0,PASS,PASS,PASS,PASS
ff_-40c_3.30v,ff,-40,3.3,25,1,0.5,86.79,86.79,0,14.56,14.56,0,663572,663572,0,-0.2961,-0.2961,0,PASS,PASS,PASS,PASS
ff_-40c_3.30v,ff,-40,3.3,25,4.7,0.001,52.49,52.49,0,26.75,26.75,0,91048.9,91048.9,0,-0.5762,-0.5762,0,PASS,PASS,PASS,PASS
ff_-40c_3.30v,ff,-40,3.3,25,4.7,0.05,60.14,60.14,0,32.98,32.98,0,91702.1,91702.1,0,-0.5517,-0.5517,0,PASS,PASS,PASS,PASS
ff_-40c_3.30v,ff,-40,3.3,25,4.7,0.2,85.29,85.29,0,23.06,23.06,0,103547,103547,0,-0.413,-0.413,0,PASS,PASS,PASS,PASS
ff_-40c_3.30v,ff,-40,3.3,25,4.7,0.5,116.08,116.08,0,15.48,15.48,0,515732,515732,0,-0.1539,-0.1539,0,PASS,PASS,PASS,PASS
ff_-40c_3.30v,ff,-40,3.3,50,0.33,0.001,4.69,4.69,0,1.13,1.13,0,908537,908537,0,-0.7296,-0.7296,0,FAIL,FAIL,PASS,PASS
ff_-40c_3.30v,ff,-40,3.3,50,0.33,0.05,9.81,9.81,0,2.58,2.58,0,910857,910857,0,-0.7736,-0.7736,0,FAIL,FAIL,PASS,PASS
ff_-40c_3.30v,ff,-40,3.3,50,0.33,0.2,23.44,23.44,0,7.56,7.56,0,947751,947751,0,-0.7354,-0.7354,0,FAIL,FAIL,PASS,PASS
ff_-40c_3.30v,ff,-40,3.3,50,0.33,0.5,38.66,38.66,0,9.28,9.28,0,1.17372e+06,1.17372e+06,0,-0.5885,-0.5885,0,FAIL,FAIL,PASS,PASS
ff_-40c_3.30v,ff,-40,3.3,50,1,0.001,40.63,40.63,0,10.8,10.8,0,417133,417133,0,-0.5533,-0.5533,0,FAIL,FAIL,PASS,PASS
ff_-40c_3.30v,ff,-40,3.3,50,1,0.05,47.78,47.78,0,15.63,15.63,0,419976,419976,0,-0.5352,-0.5352,0,PASS,PASS,PASS,PASS
ff_-40c_3.30v,ff,-40,3.3,50,1,0.2,66.97,66.97,0,18.17,18.17,0,469401,469401,0,-0.479,-0.479,0,PASS,PASS,PASS,PASS
ff_-40c_3.30v,ff,-40,3.3,50,1,0.5,75.23,75.23,0,12.41,12.41,0,905266,905266,0,-0.3655,-0.3655,0,PASS,PASS,PASS,PASS
ff_-40c_3.30v,ff,-40,3.3,50,4.7,0.001,53.64,53.64,0,24.61,24.61,0,110010,110010,0,-0.5682,-0.5682,0,PASS,PASS,PASS,PASS
ff_-40c_3.30v,ff,-40,3.3,50,4.7,0.05,62.87,62.87,0,30.81,30.81,0,111200,111200,0,-0.5031,-0.5031,0,PASS,PASS,PASS,PASS
ff_-40c_3.30v,ff,-40,3.3,50,4.7,0.2,93.45,93.45,0,20.92,20.92,0,135272,135272,0,-0.3249,-0.3249,0,PASS,PASS,PASS,PASS
ff_-40c_3.30v,ff,-40,3.3,50,4.7,0.5,94.96,94.96,0,13.34,13.34,0,830172,830172,0,-0.2911,-0.2911,0,PASS,PASS,PASS,PASS
ff_-40c_3.63v,ff,-40,3.63,0,0.33,0.001,28.35,28.35,0,53.51,53.51,0,3643.37,3643.37,0,-0.8266,-0.8266,0,FAIL,FAIL,PASS,PASS
ff_-40c_3.63v,ff,-40,3.63,0,0.33,0.05,28.38,28.38,0,53.51,53.51,0,3643.37,3643.37,0,-0.8266,-0.8266,0,FAIL,FAIL,PASS,PASS
ff_-40c_3.63v,ff,-40,3.63,0,0.33,0.2,28.44,28.44,0,53.5,53.5,0,3643.37,3643.38,0.000274471,-0.8266,-0.8266,0,FAIL,FAIL,PASS,PASS
ff_-40c_3.63v,ff,-40,3.63,0,0.33,0.5,28.57,28.57,0,53.49,53.49,0,3643.38,3643.39,0.00027447,-0.8265,-0.8265,0,FAIL,FAIL,PASS,PASS
ff_-40c_3.63v,ff,-40,3.63,0,1,0.001,16.65,16.65,0,53.5,53.5,0,2003.09,2003.08,-0.000499229,-0.8915,-0.8915,0,FAIL,FAIL,PASS,PASS
ff_-40c_3.63v,ff,-40,3.63,0,1,0.05,16.68,16.68,0,53.5,53.5,0,2003.08,2003.09,0.000499231,-0.8915,-0.8915,0,FAIL,FAIL,PASS,PASS
ff_-40c_3.63v,ff,-40,3.63,0,1,0.2,16.79,16.79,0,53.49,53.49,0,2003.09,2003.09,0,-0.8914,-0.8914,0,FAIL,FAIL,PASS,PASS
ff_-40c_3.63v,ff,-40,3.63,0,1,0.5,17.01,17.01,0,53.48,53.48,0,2003.1,2003.1,0,-0.8913,-0.8913,0,FAIL,FAIL,PASS,PASS
ff_-40c_3.63v,ff,-40,3.63,0,4.7,0.001,7.97,7.97,0,53.49,53.49,0,908.351,908.351,0,-0.8616,-0.8616,0,FAIL,FAIL,PASS,PASS
ff_-40c_3.63v,ff,-40,3.63,0,4.7,0.05,8.05,8.05,0,53.49,53.49,0,908.351,908.351,0,-0.8616,-0.8616,0,FAIL,FAIL,PASS,PASS
ff_-40c_3.63v,ff,-40,3.63,0,4.7,0.2,8.28,8.28,0,53.49,53.49,0,908.357,908.357,0,-0.8614,-0.8614,0,FAIL,FAIL,PASS,PASS
ff_-40c_3.63v,ff,-40,3.63,0,4.7,0.5,8.74,8.74,0,53.47,53.47,0,908.392,908.392,0,-0.8607,-0.8607,0,FAIL,FAIL,PASS,PASS
ff_-40c_3.63v,ff,-40,3.63,0.1,0.33,0.001,46.15,46.15,0,20.34,20.34,0,153016,153016,0,-0.6414,-0.6414,0,PASS,PASS,PASS,PASS
ff_-40c_3.63v,ff,-40,3.63,0.1,0.33,0.05,47.04,47.04,0,22.38,22.38,0,153029,153029,0,-0.6402,-0.6402,0,PASS,PASS,PASS,PASS
ff_-40c_3.63v,ff,-40,3.63,0.1,0.33,0.2,49.72,49.72,0,33.76,33.76,0,153236,153236,0,-0.622,-0.622,0,PASS,PASS,PASS,PASS
ff_-40c_3.63v,ff,-40,3.63,0.1,0.33,0.5,54.92,54.92,0,38.95,38.95,0,154407,154407,0,-0.5917,-0.5917,0,PASS,PASS,PASS,PASS
ff_-40c_3.63v,ff,-40,3.63,0.1,1,0.001,70.52,70.52,0,30.26,30.26,0,58309,58309,0,-0.4221,-0.4221,0,PASS,PASS,PASS,PASS
ff_-40c_3.63v,ff,-40,3.63,0.1,1,0.05,71.55,71.55,0,40.56,40.56,0,58319.1,58319.1,0,-0.4205,-0.4205,0,PASS,PASS,PASS,PASS
ff_-40c_3.63v,ff,-40,3.63,0.1,1,0.2,74.67,74.67,0,47.64,47.64,0,58471.5,58471.5,0,-0.445,-0.445,0,PASS,PASS,PASS,PASS
ff_-40c_3.63v,ff,-40,3.63,0.1,1,0.5,80.83,80.83,0,41.29,41.29,0,59348.3,59348.3,0,-0.4053,-0.4053,0,PASS,PASS,PASS,PASS
ff_-40c_3.63v,ff,-40,3.63,0.1,4.7,0.001,56.03,56.03,0,46.11,46.11,0,13002.4,13002.4,0,-0.5942,-0.5942,0,PASS,PASS,PASS,PASS
ff_-40c_3.63v,ff,-40,3.63,0.1,4.7,0.05,57.12,57.12,0,53.71,53.71,0,13004.3,13004.3,0,-0.5924,-0.5924,0,PASS,PASS,PASS,PASS
ff_-40c_3.63v,ff,-40,3.63,0.1,4.7,0.2,60.48,60.48,0,48.6,48.6,0,13032.3,13032.3,0,-0.5658,-0.5658,0,PASS,PASS,PASS,PASS
ff_-40c_3.63v,ff,-40,3.63,0.1,4.7,0.5,67.42,67.42,0,41.9,41.9,0,13193.4,13193.4,0,-0.5405,-0.5405,0,PASS,PASS,PASS,PASS
ff_-40c_3.63v,ff,-40,3.63,1,0.33,0.001,38.48,38.48,0,11.05,11.05,0,418496,418496,0,-0.6414,-0.6414,0,FAIL,FAIL,PASS,PASS
ff_-40c_3.63v,ff,-40,3.63,1,0.33,0.05,40.89,40.89,0,12.73,12.73,0,418782,418782,0,-0.6323,-0.6323,0,FAIL,FAIL,PASS,PASS
ff_-40c_3.63v,ff,-40,3.63,1,0.33,0.2,47.93,47.93,0,19.15,19.15,0,423161,423161,0,-0.6343,-0.6343,0,PASS,PASS,PASS,PASS
ff_-40c_3.63v,ff,-40,3.63,1,0.33,0.5,60.5,60.5,0,21.44,21.44,0,449323,449323,0,-0.5503,-0.5503,0,PASS,PASS,PASS,PASS
ff_-40c_3.63v,ff,-40,3.63,1,1,0.001,64.77,64.77,0,20.8,20.8,0,163796,163796,0,-0.4912,-0.4912,0,PASS,PASS,PASS,PASS
ff_-40c_3.63v,ff,-40,3.63,1,1,0.05,67.64,67.64,0,26.86,26.86,0,163999,163999,0,-0.4785,-0.4785,0,PASS,PASS,PASS,PASS
ff_-40c_3.63v,ff,-40,3.63,1,1,0.2,76.24,76.24,0,30.33,30.33,0,167171,167171,0,-0.4446,-0.4446,0,PASS,PASS,PASS,PASS
ff_-40c_3.63v,ff,-40,3.63,1,1,0.5,92.83,92.83,0,24.41,24.41,0,188553,188553,0,-0.3607,-0.3607,0,PASS,PASS,PASS,PASS
ff_-40c_3.63v,ff,-40,3.63,1,4.7,0.001,58.86,58.86,0,34.99,34.99,0,36486.3,36486.3,0,-0.5367,-0.5367,0,PASS,PASS,PASS,PASS
ff_-40c_3.63v,ff,-40,3.63,1,4.7,0.05,61.92,61.92,0,42.94,42.94,0,36530.4,36530.4,0,-0.5228,-0.5228,0,PASS,PASS,PASS,PASS
ff_-40c_3.63v,ff,-40,3.63,1,4.7,0.2,71.69,71.69,0,32.83,32.83,0,37220.1,37220.1,0,-0.4846,-0.4846,0,PASS,PASS,PASS,PASS
ff_-40c_3.63v,ff,-40,3.63,1,4.7,0.5,93.89,93.89,0,25.28,25.28,0,42021.8,42021.8,0,-0.3531,-0.3531,0,PASS,PASS,PASS,PASS
ff_-40c_3.63v,ff,-40,3.63,10,0.33,0.001,23.39,23.39,0,5.98,5.98,0,710562,710562,0,-0.6933,-0.6933,0,FAIL,FAIL,PASS,PASS
ff_-40c_3.63v,ff,-40,3.63,10,0.33,0.05,27.43,27.43,0,7.69,7.69,0,711855,711855,0,-0.6675,-0.6675,0,FAIL,FAIL,PASS,PASS
ff_-40c_3.63v,ff,-40,3.63,10,0.33,0.2,38.72,38.72,0,13.6,13.6,0,732031,732031,0,-0.6481,-0.6481,0,FAIL,FAIL,PASS,PASS
ff_-40c_3.63v,ff,-40,3.63,10,0.33,0.5,55.17,55.17,0,14.5,14.5,0,860680,860680,0,-0.5208,-0.5208,0,PASS,PASS,PASS,PASS
ff_-40c_3.63v,ff,-40,3.63,10,1,0.001,52.84,52.84,0,15.68,15.68,0,296556,296556,0,-0.5227,-0.5227,0,PASS,PASS,PASS,PASS
ff_-40c_3.63v,ff,-40,3.63,10,1,0.05,58,58,0,21.53,21.53,0,297674,297674,0,-0.4816,-0.4816,0,PASS,PASS,PASS,PASS
ff_-40c_3.63v,ff,-40,3.63,10,1,0.2,73.1,73.1,0,23.26,23.26,0,316111,316111,0,-0.458,-0.458,0,PASS,PASS,PASS,PASS
ff_-40c_3.63v,ff,-40,3.63,10,1,0.5,95.81,95.81,0,17.19,17.19,0,494991,494991,0,-0.2627,-0.2627,0,PASS,PASS,PASS,PASS
ff_-40c_3.63v,ff,-40,3.63,10,4.7,0.001,53,53,0,29.63,29.63,0,76549.4,76549.4,0,-0.5885,-0.5885,0,PASS,PASS,PASS,PASS
ff_-40c_3.63v,ff,-40,3.63,10,4.7,0.05,59.43,59.43,0,35.82,35.82,0,76935.4,76935.4,0,-0.5279,-0.5279,0,PASS,PASS,PASS,PASS
ff_-40c_3.63v,ff,-40,3.63,10,4.7,0.2,80.47,80.47,0,25.63,25.63,0,83532.3,83532.3,0,-0.4712,-0.4712,0,PASS,PASS,PASS,PASS
ff_-40c_3.63v,ff,-40,3.63,10,4.7,0.5,130.16,130.16,0,18.01,18.01,0,231010,231010,0,-0.07989,-0.07989,0,PASS,PASS,PASS,PASS
ff_-40c_3.63v,ff,-40,3.63,25,0.33,0.001,12.18,12.18,0,3.14,3.14,0,848050,848050,0,-0.6999,-0.6999,0,FAIL,FAIL,PASS,PASS
ff_-40c_3.63v,ff,-40,3.63,25,0.33,0.05,16.99,16.99,0,4.82,4.82,0,850044,850044,0,-0.7454,-0.7454,0,FAIL,FAIL,PASS,PASS
ff_-40c_3.63v,ff,-40,3.63,25,0.33,0.2,30.04,30.04,0,10.69,10.69,0,881341,881341,0,-0.6819,-0.6819,0,FAIL,FAIL,PASS,PASS
ff_-40c_3.63v,ff,-40,3.63,25,0.33,0.5,46.5,46.5,0,11.86,11.86,0,1.07728e+06,1.07728e+06,0,-0.5554,-0.5554,0,PASS,PASS,PASS,PASS
ff_-40c_3.63v,ff,-40,3.63,25,1,0.001,44.99,44.99,0,12.83,12.83,0,380178,380178,0,-0.5483,-0.5483,0,FAIL,FAIL,PASS,PASS
ff_-40c_3.63v,ff,-40,3.63,25,1,0.05,51.54,51.54,0,18.56,18.56,0,382393,382393,0,-0.5418,-0.5418,0,PASS,PASS,PASS,PASS
ff_-40c_3.63v,ff,-40,3.63,25,1,0.2,69.77,69.77,0,20.65,20.65,0,420123,420123,0,-0.4425,-0.4425,0,PASS,PASS,PASS,PASS
ff_-40c_3.63v,ff,-40,3.63,25,1,0.5,84.33,84.33,0,14.64,14.64,0,775736,775736,0,-0.3192,-0.3192,0,PASS,PASS,PASS,PASS
ff_-40c_3.63v,ff,-40,3.63,25,4.7,0.001,53.83,53.83,0,26.72,26.72,0,99654.8,99654.8,0,-0.5229,-0.5229,0,PASS,PASS,PASS,PASS
ff_-40c_3.63v,ff,-40,3.63,25,4.7,0.05,62.2,62.2,0,33.23,33.23,0,100535,100535,0,-0.5401,-0.5401,0,PASS,PASS,PASS,PASS
ff_-40c_3.63v,ff,-40,3.63,25,4.7,0.2,89.9,89.9,0,23.1,23.1,0,117220,117220,0,-0.3958,-0.3958,0,PASS,PASS,PASS,PASS
ff_-40c_3.63v,ff,-40,3.63,25,4.7,0.5,107.93,107.93,0,15.48,15.48,0,671157,671157,0,-0.2235,-0.2235,0,PASS,PASS,PASS,PASS
ff_-40c_3.63v,ff,-40,3.63,50,0.33,0.001,4.03,4.03,0,1.03,1.03,0,966131,966131,0,-0.7726,-0.7726,0,FAIL,FAIL,PASS,PASS
ff_-40c_3.63v,ff,-40,3.63,50,0.33,0.05,9.48,9.48,0,2.68,2.68,0,968890,968890,0,-0.726,-0.726,0,FAIL,FAIL,PASS,PASS
ff_-40c_3.63v,ff,-40,3.63,50,0.33,0.2,23.92,23.92,0,8.42,8.42,0,1.01247e+06,1.01247e+06,0,-0.7062,-0.7062,0,FAIL,FAIL,PASS,PASS
ff_-40c_3.63v,ff,-40,3.63,50,0.33,0.5,39.52,39.52,0,9.68,9.68,0,1.27838e+06,1.27838e+06,0,-0.5976,-0.5976,0,FAIL,FAIL,PASS,PASS
ff_-40c_3.63v,ff,-40,3.63,50,1,0.001,38.84,38.83,-0.01,10.71,10.71,0,454074,454074,0,-0.5879,-0.5879,0,FAIL,FAIL,PASS,PASS
ff_-40c_3.63v,ff,-40,3.63,50,1,0.05,46.58,46.58,0,16.29,16.29,0,457656,457656,0,-0.5562,-0.5562,0,PASS,PASS,PASS,PASS
ff_-40c_3.63v,ff,-40,3.63,50,1,0.2,66.94,66.94,0,18.46,18.46,0,520221,520221,0,-0.4402,-0.4402,0,PASS,PASS,PASS,PASS
ff_-40c_3.63v,ff,-40,3.63,50,1,0.5,72.8,72.8,0,12.48,12.48,0,1.03014e+06,1.03014e+06,0,-0.375,-0.375,0,PASS,PASS,PASS,PASS
ff_-40c_3.63v,ff,-40,3.63,50,4.7,0.001,54.62,54.62,0,24.57,24.57,0,120761,120761,0,-0.5473,-0.5473,0,PASS,PASS,PASS,PASS
ff_-40c_3.63v,ff,-40,3.63,50,4.7,0.05,64.75,64.75,0,31.05,31.05,0,122377,122377,0,-0.513,-0.513,0,PASS,PASS,PASS,PASS
ff_-40c_3.63v,ff,-40,3.63,50,4.7,0.2,98.39,98.39,0,20.94,20.94,0,157640,157640,0,-0.2986,-0.2986,0,PASS,PASS,PASS,PASS
ff_-40c_3.63v,ff,-40,3.63,50,4.7,0.5,89.42,89.42,0,13.32,13.32,0,971155,971155,0,-0.3304,-0.3304,0,PASS,PASS,PASS,PASS
ff_125c_2.97v,ff,125,2.97,0,0.33,0.001,11.1,11.1,0,55.25,55.25,0,1515.96,1515.96,0,-0.8553,-0.8553,0,FAIL,FAIL,PASS,PASS
ff_125c_2.97v,ff,125,2.97,0,0.33,0.05,11.11,11.11,0,55.25,55.25,0,1515.96,1515.96,0,-0.8553,-0.8553,0,FAIL,FAIL,PASS,PASS
ff_125c_2.97v,ff,125,2.97,0,0.33,0.2,11.14,11.14,0,55.25,55.25,0,1515.96,1515.96,0,-0.8553,-0.8553,0,FAIL,FAIL,PASS,PASS
ff_125c_2.97v,ff,125,2.97,0,0.33,0.5,11.19,11.19,0,55.25,55.25,0,1515.96,1515.96,0,-0.8553,-0.8553,0,FAIL,FAIL,PASS,PASS
ff_125c_2.97v,ff,125,2.97,0,1,0.001,6.77,6.77,0,55.24,55.24,0,865.245,865.246,0.000115574,-0.9084,-0.9083,0.0001,FAIL,FAIL,PASS,PASS
ff_125c_2.97v,ff,125,2.97,0,1,0.05,6.78,6.78,0,55.24,55.24,0,865.244,865.244,0,-0.9084,-0.9084,0,FAIL,FAIL,PASS,PASS
ff_125c_2.97v,ff,125,2.97,0,1,0.2,6.83,6.83,0,55.24,55.24,0,865.245,865.244,-0.000115574,-0.9084,-0.9084,0,FAIL,FAIL,PASS,PASS
ff_125c_2.97v,ff,125,2.97,0,1,0.5,6.92,6.92,0,55.25,55.25,0,865.246,865.246,0,-0.9083,-0.9083,0,FAIL,FAIL,PASS,PASS
ff_125c_2.97v,ff,125,2.97,0,4.7,0.001,4.08,4.08,0,55.24,55.24,0,398.077,398.077,0,-0.8999,-0.8999,0,FAIL,FAIL,PASS,PASS
ff_125c_2.97v,ff,125,2.97,0,4.7,0.05,4.11,4.11,0,55.24,55.24,0,398.076,398.076,0,-0.8999,-0.8999,0,FAIL,FAIL,PASS,PASS
ff_125c_2.97v,ff,125,2.97,0,4.7,0.2,4.22,4.22,0,55.24,55.24,0,398.077,398.077,0,-0.8999,-0.8999,0,FAIL,FAIL,PASS,PASS
ff_125c_2.97v,ff,125,2.97,0,4.7,0.5,4.42,4.42,0,55.24,55.24,0,398.08,398.079,-0.000251206,-0.8997,-0.8997,0,FAIL,FAIL,PASS,PASS
ff_125c_2.97v,ff,125,2.97,0.1,0.33,0.001,68.04,67.5,-0.54,25.33,25.25,-0.08,67461.6,66552.3,-1.34788,-0.4679,-0.4373,0.0306,PASS,PASS,PASS,PASS
ff_125c_2.97v,ff,125,2.97,0.1,0.33,0.05,67.89,68.43,0.54,26.53,26.64,0.11,66553.8,67463.2,1.36641,-0.437,-0.4677,-0.0307,PASS,PASS,PASS,PASS
ff_125c_2.97v,ff,125,2.97,0.1,0.33,0.2,69.63,69.63,0,32.36,32.36,0,67487.9,67487.9,0,-0.4642,-0.4642,0,PASS,PASS,PASS,PASS
ff_125c_2.97v,ff,125,2.97,0.1,0.33,0.5,72,72,0,41.32,41.32,0,67627.8,67627.8,0,-0.4444,-0.4444,0,PASS,PASS,PASS,PASS
ff_125c_2.97v,ff,125,2.97,0.1,1,0.001,65.87,65.27,-0.6,35.53,35.42,-0.11,21478.4,21310.9,-0.779853,-0.4918,-0.4607,0.0311,PASS,PASS,PASS,PASS
ff_125c_2.97v,ff,125,2.97,0.1,1,0.05,65.65,66.25,0.6,41.51,41.91,0.4,21311.3,21478.9,0.786437,-0.4605,-0.4915,-0.031,PASS,PASS,PASS,PASS
ff_125c_2.97v,ff,125,2.97,0.1,1,0.2,67.42,67.42,0,50.11,50.11,0,21485.5,21485.5,0,-0.4883,-0.4883,0,PASS,PASS,PASS,PASS
ff_125c_2.97v,ff,125,2.97,0.1,1,0.5,69.77,69.77,0,44.74,44.74,0,21523.6,21523.6,0,-0.4699,-0.4699,0,PASS,PASS,PASS,PASS
ff_125c_2.97v,ff,125,2.97,0.1,4.7,0.001,35.91,35.51,-0.4,53.78,53.69,-0.09,6856.45,6842.92,-0.197332,-0.702,-0.7323,-0.0303,FAIL,FAIL,PASS,PASS
ff_125c_2.97v,ff,125,2.97,0.1,4.7,0.05,36.08,36.47,0.39,53.17,53.13,-0.04,6843.13,6856.66,0.197717,-0.7318,-0.7015,0.0303,FAIL,FAIL,PASS,PASS
ff_125c_2.97v,ff,125,2.97,0.1,4.7,0.2,38.23,38.23,0,50.49,50.49,0,6859.83,6859.83,0,-0.7754,-0.7754,0,FAIL,FAIL,PASS,PASS
ff_125c_2.97v,ff,125,2.97,0.1,4.7,0.5,41.78,41.78,0,45.37,45.37,0,6877.69,6877.69,0,-0.734,-0.734,0,FAIL,FAIL,PASS,PASS
ff_125c_2.97v,ff,125,2.97,1,0.33,0.001,55.63,55.63,0,13.99,13.99,0,225018,225018,0,-0.5092,-0.5092,0,PASS,PASS,PASS,PASS
ff_125c_2.97v,ff,125,2.97,1,0.33,0.05,56.93,56.93,0,15,15,0,225071,225071,0,-0.5066,-0.5066,0,PASS,PASS,PASS,PASS
ff_125c_2.97v,ff,125,2.97,1,0.33,0.2,58.89,60.84,1.95,18.92,18.41,-0.51,219693,225898,2.8244,-0.5278,-0.5235,0.0043,PASS,PASS,PASS,PASS
ff_125c_2.97v,ff,125,2.97,1,0.33,0.5,68.34,68.34,0,21.83,21.83,0,230690,230690,0,-0.4689,-0.4689,0,PASS,PASS,PASS,PASS
ff_125c_2.97v,ff,125,2.97,1,1,0.001,69.67,69.67,0,23.76,23.76,0,75890,75890,0,-0.4345,-0.4345,0,PASS,PASS,PASS,PASS
ff_125c_2.97v,ff,125,2.97,1,1,0.05,71.01,71.01,0,27.12,27.12,0,75911.3,75911.3,0,-0.4319,-0.4319,0,PASS,PASS,PASS,PASS
ff_125c_2.97v,ff,125,2.97,1,1,0.2,73.84,75.13,1.29,32.3,31.36,-0.94,75249.1,76243.2,1.32108,-0.4567,-0.4396,0.0171,PASS,PASS,PASS,PASS
ff_125c_2.97v,ff,125,2.97,1,1,0.5,83.5,83.5,0,26.68,26.68,0,78199,78199,0,-0.3984,-0.3984,0,PASS,PASS,PASS,PASS
ff_125c_2.97v,ff,125,2.97,1,4.7,0.001,43.19,43.19,0,38.13,38.13,0,20206.2,20206.2,0,-0.661,-0.661,0,FAIL,FAIL,PASS,PASS
ff_125c_2.97v,ff,125,2.97,1,4.7,0.05,44.87,44.87,0,44.47,44.47,0,20212,20212,0,-0.6569,-0.6569,0,FAIL,FAIL,PASS,PASS
ff_125c_2.97v,ff,125,2.97,1,4.7,0.2,49.43,50.13,0.7,36.06,35.32,-0.74,20239.4,20300.9,0.303863,-0.6356,-0.667,-0.0314,PASS,PASS,PASS,PASS
ff_125c_2.97v,ff,125,2.97,1,4.7,0.5,61.14,61.14,0,28.01,28.01,0,20818.8,20818.8,0,-0.6002,-0.6002,0,PASS,PASS,PASS,PASS
ff_125c_2.97v,ff,125,2.97,10,0.33,0.001,42.27,42.27,0,8.14,8.14,0,430787,430787,0,-0.5187,-0.5187,0,FAIL,FAIL,PASS,PASS
ff_125c_2.97v,ff,125,2.97,10,0.33,0.05,44.74,44.74,0,9.03,9.03,0,431154,431154,0,-0.5095,-0.5095,0,FAIL,FAIL,PASS,PASS
ff_125c_2.97v,ff,125,2.97,10,0.33,0.2,51.96,51.96,0,11.71,11.71,0,437012,437012,0,-0.4777,-0.4777,0,PASS,PASS,PASS,PASS
ff_125c_2.97v,ff,125,2.97,10,0.33,0.5,64.68,64.68,0,13.28,13.28,0,474256,474256,0,-0.4024,-0.4024,0,PASS,PASS,PASS,PASS
ff_125c_2.97v,ff,125,2.97,10,1,0.001,58.52,58.52,0,17.83,17.83,0,154264,154264,0,-0.4775,-0.4775,0,PASS,PASS,PASS,PASS
ff_125c_2.97v,ff,125,2.97,10,1,0.05,61.25,61.25,0,20.58,20.58,0,154419,154419,0,-0.4669,-0.4669,0,PASS,PASS,PASS,PASS
ff_125c_2.97v,ff,125,2.97,10,1,0.2,69.63,69.63,0,22.48,22.48,0,156918,156918,0,-0.4614,-0.4614,0,PASS,PASS,PASS,PASS
ff_125c_2.97v,ff,125,2.97,10,1,0.5,86.96,86.96,0,17.59,17.59,0,173645,173645,0,-0.3864,-0.3864,0,PASS,PASS,PASS,PASS
ff_125c_2.97v,ff,125,2.97,10,4.7,0.001,41.32,41.32,0,31.66,31.66,0,45228.1,45228.1,0,-0.6532,-0.6532,0,FAIL,FAIL,PASS,PASS
ff_125c_2.97v,ff,125,2.97,10,4.7,0.05,45.1,45.1,0,35.35,35.35,0,45293.6,45293.6,0,-0.6325,-0.6325,0,PASS,PASS,PASS,PASS
ff_125c_2.97v,ff,125,2.97,10,4.7,0.2,57.1,57.1,0,26.29,26.29,0,46332.1,46332.1,0,-0.6031,-0.6031,0,PASS,PASS,PASS,PASS
ff_125c_2.97v,ff,125,2.97,10,4.7,0.5,83.19,83.19,0,18.88,18.88,0,53384.1,53384.1,0,-0.4559,-0.4559,0,PASS,PASS,PASS,PASS
ff_125c_2.97v,ff,125,2.97,25,0.33,0.001,30.12,30.12,0,5.66,5.66,0,536211,536211,0,-0.5653,-0.5653,0,FAIL,FAIL,PASS,PASS
ff_125c_2.97v,ff,125,2.97,25,0.33,0.05,33.18,33.18,0,6.56,6.56,0,536850,536850,0,-0.5512,-0.5512,0,FAIL,FAIL,PASS,PASS
ff_125c_2.97v,ff,125,2.97,25,0.33,0.2,41.83,41.83,0,9.3,9.3,0,547238,547238,0,-0.5136,-0.5136,0,FAIL,FAIL,PASS,PASS
ff_125c_2.97v,ff,125,2.97,25,0.33,0.5,55.39,55.39,0,11.05,11.05,0,614716,614716,0,-0.4221,-0.4221,0,PASS,PASS,PASS,PASS
ff_125c_2.97v,ff,125,2.97,25,1,0.001,54.53,54.53,0,15.33,15.33,0,199097,199097,0,-0.5178,-0.5178,0,PASS,PASS,PASS,PASS
ff_125c_2.97v,ff,125,2.97,25,1,0.05,58.03,58.03,0,18.11,18.11,0,199423,199423,0,-0.5001,-0.5001,0,PASS,PASS,PASS,PASS
ff_125c_2.97v,ff,125,2.97,25,1,0.2,68.71,68.71,0,20.28,20.28,0,204847,204847,0,-0.4887,-0.4887,0,PASS,PASS,PASS,PASS
ff_125c_2.97v,ff,125,2.97,25,1,0.5,90.2,90.2,0,15.42,15.42,0,246060,246060,0,-0.3034,-0.3034,0,PASS,PASS,PASS,PASS
ff_125c_2.97v,ff,125,2.97,25,4.7,0.001,42.58,42.58,0,29.09,29.09,0,57524.2,57524.2,0,-0.6522,-0.6522,0,FAIL,FAIL,PASS,PASS
ff_125c_2.97v,ff,125,2.97,25,4.7,0.05,47.4,47.4,0,33.17,33.17,0,57661.6,57661.6,0,-0.619,-0.619,0,PASS,PASS,PASS,PASS
ff_125c_2.97v,ff,125,2.97,25,4.7,0.2,62.76,62.76,0,24.14,24.14,0,59898.3,59898.3,0,-0.5906,-0.5906,0,PASS,PASS,PASS,PASS
ff_125c_2.97v,ff,125,2.97,25,4.7,0.5,96.91,96.91,0,16.72,16.72,0,77695.3,77695.3,0,-0.3295,-0.3295,0,PASS,PASS,PASS,PASS
ff_125c_2.97v,ff,125,2.97,50,0.33,0.001,20.98,20.98,0,3.83,3.83,0,622986,622986,0,-0.6042,-0.6042,0,FAIL,FAIL,PASS,PASS
ff_125c_2.97v,ff,125,2.97,50,0.33,0.05,24.52,24.52,0,4.72,4.72,0,623891,623891,0,-0.5858,-0.5858,0,FAIL,FAIL,PASS,PASS
ff_125c_2.97v,ff,125,2.97,50,0.33,0.2,34.24,34.24,0,7.43,7.43,0,639013,639013,0,-0.5535,-0.5535,0,FAIL,FAIL,PASS,PASS
ff_125c_2.97v,ff,125,2.97,50,0.33,0.5,47.63,47.63,0,9.22,9.22,0,737399,737399,0,-0.472,-0.472,0,FAIL,FAIL,PASS,PASS
ff_125c_2.97v,ff,125,2.97,50,1,0.001,51.76,51.76,0,13.49,13.49,0,238026,238026,0,-0.5165,-0.5165,0,PASS,PASS,PASS,PASS
ff_125c_2.97v,ff,125,2.97,50,1,0.05,55.93,55.93,0,16.23,16.23,0,238570,238570,0,-0.4919,-0.4919,0,PASS,PASS,PASS,PASS
ff_125c_2.97v,ff,125,2.97,50,1,0.2,68.48,68.48,0,18.44,18.44,0,247975,247975,0,-0.4666,-0.4666,0,PASS,PASS,PASS,PASS
ff_125c_2.97v,ff,125,2.97,50,1,0.5,91.97,91.97,0,13.6,13.6,0,330866,330866,0,-0.2646,-0.2646,0,PASS,PASS,PASS,PASS
ff_125c_2.97v,ff,125,2.97,50,4.7,0.001,44,44,0,27.21,27.21,0,67308,67308,0,-0.617,-0.617,0,FAIL,FAIL,PASS,PASS
ff_125c_2.97v,ff,125,2.97,50,4.7,0.05,49.64,49.64,0,31.32,31.32,0,67529.9,67529.9,0,-0.6415,-0.6415,0,PASS,PASS,PASS,PASS
ff_125c_2.97v,ff,125,2.97,50,4.7,0.2,67.72,67.72,0,22.32,22.32,0,71272,71272,0,-0.5423,-0.5423,0,PASS,PASS,PASS,PASS
ff_125c_2.97v,ff,125,2.97,50,4.7,0.5,108.8,108.8,0,14.89,14.89,0,108057,108057,0,-0.2204,-0.2204,0,PASS,PASS,PASS,PASS
ff_125c_3.30v,ff,125,3.3,0,0.33,0.001,11.62,11.62,0,55.91,55.91,0,1579.39,1579.39,0,-0.8421,-0.8421,0,FAIL,FAIL,PASS,PASS
ff_125c_3.30v,ff,125,3.3,0,0.33,0.05,11.63,11.64,0.01,55.91,55.92,0.01,1579.39,1579.41,0.00126631,-0.8421,-0.8419,0.0002,FAIL,FAIL,PASS,PASS
ff_125c_3.30v,ff,125,3.3,0,0.33,0.2,11.66,11.67,0.01,55.91,55.92,0.01,1579.39,1579.41,0.00126631,-0.8421,-0.8419,0.0002,FAIL,FAIL,PASS,PASS
ff_125c_3.30v,ff,125,3.3,0,0.33,0.5,11.72,11.72,0,55.91,55.93,0.02,1579.39,1579.41,0.00126631,-0.8421,-0.8419,0.0002,FAIL,FAIL,PASS,PASS
ff_125c_3.30v,ff,125,3.3,0,1,0.001,7.29,7.29,0,55.91,55.91,0,900.951,900.951,0,-0.9053,-0.9053,0,FAIL,FAIL,PASS,PASS
ff_125c_3.30v,ff,125,3.3,0,1,0.05,7.31,7.31,0,55.91,55.92,0.01,900.95,900.953,0.000332982,-0.9054,-0.9053,0.0001,FAIL,FAIL,PASS,PASS
ff_125c_3.30v,ff,125,3.3,0,1,0.2,7.36,7.36,0,55.91,55.92,0.01,900.95,900.954,0.000443976,-0.9054,-0.9053,0.0001,FAIL,FAIL,PASS,PASS
ff_125c_3.30v,ff,125,3.3,0,1,0.5,7.46,7.46,0,55.91,55.92,0.01,900.952,900.955,0.000332981,-0.9053,-0.9052,0.0001,FAIL,FAIL,PASS,PASS
ff_125c_3.30v,ff,125,3.3,0,4.7,0.001,4.89,4.89,0,55.91,55.91,0,414.363,414.363,0,-0.9029,-0.9029,0,FAIL,FAIL,PASS,PASS
ff_125c_3.30v,ff,125,3.3,0,4.7,0.05,4.93,4.93,0,55.91,55.92,0.01,414.363,414.363,0,-0.9029,-0.9029,0,FAIL,FAIL,PASS,PASS
ff_125c_3.30v,ff,125,3.3,0,4.7,0.2,5.03,5.03,0,55.91,55.92,0.01,414.363,414.363,0,-0.9029,-0.9029,0,FAIL,FAIL,PASS,PASS
ff_125c_3.30v,ff,125,3.3,0,4.7,0.5,5.24,5.24,0,55.91,55.92,0.01,414.366,414.367,0.000241333,-0.9027,-0.9027,0,FAIL,FAIL,PASS,PASS
ff_125c_3.30v,ff,125,3.3,0.1,0.33,0.001,65.41,65.41,0,25.09,25.09,0,76458.5,76458.5,0,-0.4524,-0.4524,0,PASS,PASS,PASS,PASS
ff_125c_3.30v,ff,125,3.3,0.1,0.33,0.05,65.85,65.35,-0.5,26.57,26.46,-0.11,76460.7,75437.5,-1.3382,-0.4521,-0.4718,-0.0197,PASS,PASS,PASS,PASS
ff_125c_3.30v,ff,125,3.3,0.1,0.33,0.2,67.21,67.21,0,33.47,33.47,0,76495.2,76495.2,0,-0.4476,-0.4476,0,PASS,PASS,PASS,PASS
ff_125c_3.30v,ff,125,3.3,0.1,0.33,0.5,69.88,69.88,0,42.15,42.15,0,76689.6,76689.6,0,-0.475,-0.475,0,PASS,PASS,PASS,PASS
ff_125c_3.30v,ff,125,3.3,0.1,1,0.001,68.3,68.3,0,35.28,35.28,0,24266.7,24266.7,0,-0.4599,-0.4599,0,PASS,PASS,PASS,PASS
ff_125c_3.30v,ff,125,3.3,0.1,1,0.05,68.73,68.15,-0.58,43.11,42.53,-0.58,24267.4,24066.3,-0.828684,-0.4596,-0.485,-0.0254,PASS,PASS,PASS,PASS
ff_125c_3.30v,ff,125,3.3,0.1,1,0.2,70.04,70.04,0,50.34,50.34,0,24277.6,24277.6,0,-0.4555,-0.4555,0,PASS,PASS,PASS,PASS
ff_125c_3.30v,ff,125,3.3,0.1,1,0.5,72.7,72.7,0,44.96,44.96,0,24335.2,24335.2,0,-0.4321,-0.4321,0,PASS,PASS,PASS,PASS
ff_125c_3.30v,ff,125,3.3,0.1,4.7,0.001,38.57,38.57,0,53.71,53.71,0,7363.43,7363.43,0,-0.7296,-0.7296,0,FAIL,FAIL,PASS,PASS
ff_125c_3.30v,ff,125,3.3,0.1,4.7,0.05,39.18,38.78,-0.4,53.11,53.11,0,7363.69,7347.49,-0.219998,-0.729,-0.6827,0.0463,FAIL,FAIL,PASS,PASS
ff_125c_3.30v,ff,125,3.3,0.1,4.7,0.2,41.06,41.06,0,50.6,50.6,0,7367.73,7367.73,0,-0.7205,-0.7205,0,FAIL,FAIL,PASS,PASS
ff_125c_3.30v,ff,125,3.3,0.1,4.7,0.5,44.89,44.89,0,45.51,45.51,0,7390.6,7390.6,0,-0.673,-0.673,0,FAIL,FAIL,PASS,PASS
ff_125c_3.30v,ff,125,3.3,1,0.33,0.001,51.17,51.17,0,13.54,13.54,0,256100,256100,0,-0.5123,-0.5123,0,PASS,PASS,PASS,PASS
ff_125c_3.30v,ff,125,3.3,1,0.33,0.05,52.66,52.66,0,14.7,14.7,0,256175,256175,0,-0.5089,-0.5089,0,PASS,PASS,PASS,PASS
ff_125c_3.30v,ff,125,3.3,1,0.33,0.2,57.08,57.08,0,18.8,18.8,0,257327,257327,0,-0.5179,-0.5179,0,PASS,PASS,PASS,PASS
ff_125c_3.30v,ff,125,3.3,1,0.33,0.5,65.45,65.45,0,22.47,22.47,0,264026,264026,0,-0.5252,-0.5252,0,PASS,PASS,PASS,PASS
ff_125c_3.30v,ff,125,3.3,1,1,0.001,69.97,69.97,0,23.32,23.32,0,89384.3,89384.2,-0.000111876,-0.4146,-0.4146,0,PASS,PASS,PASS,PASS
ff_125c_3.30v,ff,125,3.3,1,1,0.05,71.55,71.55,0,27.28,27.28,0,89419.4,89419.4,0,-0.4597,-0.4597,0,PASS,PASS,PASS,PASS
ff_125c_3.30v,ff,125,3.3,1,1,0.2,76.37,76.37,0,31.87,31.87,0,89964.5,89964.5,0,-0.4514,-0.4514,0,PASS,PASS,PASS,PASS
ff_125c_3.30v,ff,125,3.3,1,1,0.5,86.08,86.08,0,26.84,26.84,0,93223.9,93223.9,0,-0.4118,-0.4118,0,PASS,PASS,PASS,PASS
ff_125c_3.30v,ff,125,3.3,1,4.7,0.001,47.42,47.42,0,37.69,37.69,0,22118.4,22118.4,0,-0.6445,-0.6445,0,PASS,PASS,PASS,PASS
ff_125c_3.30v,ff,125,3.3,1,4.7,0.05,49.26,49.26,0,44.87,44.87,0,22126.4,22126.4,0,-0.6394,-0.6394,0,PASS,PASS,PASS,PASS
ff_125c_3.30v,ff,125,3.3,1,4.7,0.2,55.05,55.05,0,35.41,35.41,0,22250.3,22250.3,0,-0.6323,-0.6323,0,PASS,PASS,PASS,PASS
ff_125c_3.30v,ff,125,3.3,1,4.7,0.5,67.28,67.28,0,28.04,28.04,0,22981.2,22981.2,0,-0.6065,-0.6065,0,PASS,PASS,PASS,PASS
ff_125c_3.30v,ff,125,3.3,10,0.33,0.001,39.93,39.93,0,7.98,7.98,0,478764,478764,0,-0.5187,-0.5187,0,FAIL,FAIL,PASS,PASS
ff_125c_3.30v,ff,125,3.3,10,0.33,0.05,42.07,42.68,0.61,8.97,9.01,0.04,476339,479259,0.613009,-0.515,-0.5072,0.0078,FAIL,FAIL,PASS,PASS
ff_125c_3.30v,ff,125,3.3,10,0.33,0.2,50.61,50.61,0,12.15,12.15,0,487057,487057,0,-0.5034,-0.5034,0,PASS,PASS,PASS,PASS
ff_125c_3.30v,ff,125,3.3,10,0.33,0.5,64.15,64.15,0,13.64,13.64,0,537211,537211,0,-0.4255,-0.4255,0,PASS,PASS,PASS,PASS
ff_125c_3.30v,ff,125,3.3,10,1,0.001,59.08,59.08,0,17.68,17.68,0,173254,173254,0,-0.4634,-0.4634,0,PASS,PASS,PASS,PASS
ff_125c_3.30v,ff,125,3.3,10,1,0.05,61.78,62.14,0.36,20.85,20.88,0.03,173220,173479,0.149521,-0.4647,-0.5038,-0.0391,PASS,PASS,PASS,PASS
ff_125c_3.30v,ff,125,3.3,10,1,0.2,71.51,71.51,0,22.75,22.75,0,177101,177101,0,-0.4509,-0.4509,0,PASS,PASS,PASS,PASS
ff_125c_3.30v,ff,125,3.3,10,1,0.5,90.79,90.79,0,17.55,17.55,0,202592,202592,0,-0.3631,-0.3631,0,PASS,PASS,PASS,PASS
ff_125c_3.30v,ff,125,3.3,10,4.7,0.001,43.67,43.67,0,31.55,31.55,0,49156.1,49156.1,0,-0.6722,-0.6722,0,FAIL,FAIL,PASS,PASS
ff_125c_3.30v,ff,125,3.3,10,4.7,0.05,47.66,47.79,0.13,35.55,35.55,0,49230.5,49243.2,0.025797,-0.6509,-0.6474,0.0035,PASS,PASS,PASS,PASS
ff_125c_3.30v,ff,125,3.3,10,4.7,0.2,60.9,60.9,0,26.19,26.19,0,50629.3,50629.3,0,-0.6171,-0.6171,0,PASS,PASS,PASS,PASS
ff_125c_3.30v,ff,125,3.3,10,4.7,0.5,89.93,89.93,0,18.72,18.72,0,60607.7,60607.7,0,-0.3993,-0.3993,0,PASS,PASS,PASS,PASS
ff_125c_3.30v,ff,125,3.3,25,0.33,0.001,27.95,27.95,0,5.54,5.54,0,586914,586914,0,-0.5471,-0.5471,0,FAIL,FAIL,PASS,PASS
ff_125c_3.30v,ff,125,3.3,25,0.33,0.05,31.3,31.3,0,6.58,6.58,0,587734,587734,0,-0.5945,-0.5945,0,FAIL,FAIL,PASS,PASS
ff_125c_3.30v,ff,125,3.3,25,0.33,0.2,40.68,40.68,0,9.8,9.8,0,600830,600830,0,-0.5216,-0.5216,0,FAIL,FAIL,PASS,PASS
ff_125c_3.30v,ff,125,3.3,25,0.33,0.5,54.86,54.86,0,11.51,11.51,0,686011,686011,0,-0.4842,-0.4842,0,PASS,PASS,PASS,PASS
ff_125c_3.30v,ff,125,3.3,25,1,0.001,54.38,54.38,0,15.22,15.22,0,222500,222500,0,-0.4998,-0.4998,0,PASS,PASS,PASS,PASS
ff_125c_3.30v,ff,125,3.3,25,1,0.05,58.28,58.28,0,18.47,18.47,0,222968,222968,0,-0.4775,-0.4775,0,PASS,PASS,PASS,PASS
ff_125c_3.30v,ff,125,3.3,25,1,0.2,70.13,70.13,0,20.63,20.63,0,230682,230682,0,-0.4485,-0.4485,0,PASS,PASS,PASS,PASS
ff_125c_3.30v,ff,125,3.3,25,1,0.5,93.3,93.3,0,15.47,15.47,0,294161,294161,0,-0.2704,-0.2704,0,PASS,PASS,PASS,PASS
ff_125c_3.30v,ff,125,3.3,25,4.7,0.001,44.54,44.54,0,29.02,29.02,0,62697.8,62697.8,0,-0.639,-0.639,0,FAIL,FAIL,PASS,PASS
ff_125c_3.30v,ff,125,3.3,25,4.7,0.05,49.79,49.79,0,33.44,33.44,0,62882.4,62882.4,0,-0.5991,-0.5991,0,PASS,PASS,PASS,PASS
ff_125c_3.30v,ff,125,3.3,25,4.7,0.2,66.64,66.64,0,24.12,24.12,0,65899.4,65899.4,0,-0.5891,-0.5891,0,PASS,PASS,PASS,PASS
ff_125c_3.30v,ff,125,3.3,25,4.7,0.5,104.96,104.96,0,16.64,16.64,0,92948.8,92948.8,0,-0.2611,-0.2611,0,PASS,PASS,PASS,PASS
ff_125c_3.30v,ff,125,3.3,50,0.33,0.001,18.98,18.98,0,3.69,3.69,0,677536,677536,0,-0.5933,-0.5933,0,FAIL,FAIL,PASS,PASS
ff_125c_3.30v,ff,125,3.3,50,0.33,0.05,22.82,22.82,0,4.71,4.71,0,678686,678686,0,-0.6405,-0.6405,0,FAIL,FAIL,PASS,PASS
ff_125c_3.30v,ff,125,3.3,50,0.33,0.2,33.31,33.31,0,7.9,7.9,0,697379,697379,0,-0.566,-0.566,0,FAIL,FAIL,PASS,PASS
ff_125c_3.30v,ff,125,3.3,50,0.33,0.5,47.22,47.22,0,9.65,9.65,0,818255,818255,0,-0.4848,-0.4848,0,FAIL,FAIL,PASS,PASS
ff_125c_3.30v,ff,125,3.3,50,1,0.001,51.03,51.03,0,13.35,13.35,0,266173,266173,0,-0.4964,-0.4964,0,PASS,PASS,PASS,PASS
ff_125c_3.30v,ff,125,3.3,50,1,0.05,55.69,55.69,0,16.56,16.56,0,266962,266962,0,-0.52,-0.52,0,PASS,PASS,PASS,PASS
ff_125c_3.30v,ff,125,3.3,50,1,0.2,69.54,69.54,0,18.77,18.77,0,280333,280333,0,-0.445,-0.445,0,PASS,PASS,PASS,PASS
ff_125c_3.30v,ff,125,3.3,50,1,0.5,93.2,93.2,0,13.63,13.63,0,410655,410655,0,-0.2251,-0.2251,0,PASS,PASS,PASS,PASS
ff_125c_3.30v,ff,125,3.3,50,4.7,0.001,45.81,45.81,0,27.12,27.12,0,73696.8,73696.8,0,-0.619,-0.619,0,PASS,PASS,PASS,PASS
ff_125c_3.30v,ff,125,3.3,50,4.7,0.05,51.99,51.99,0,31.58,31.58,0,74001.5,74001.5,0,-0.6318,-0.6318,0,PASS,PASS,PASS,PASS
ff_125c_3.30v,ff,125,3.3,50,4.7,0.2,71.94,71.94,0,22.28,22.28,0,79159.8,79159.8,0,-0.4988,-0.4988,0,PASS,PASS,PASS,PASS
ff_125c_3.30v,ff,125,3.3,50,4.7,0.5,118.33,118.33,0,14.8,14.8,0,144166,144166,0,-0.1628,-0.1628,0,PASS,PASS,PASS,PASS
ff_125c_3.63v,ff,125,3.63,0,0.33,0.001,12.37,12.38,0.01,56.72,56.74,0.02,1631.49,1631.51,0.00122587,-0.8761,-0.8759,0.0002,FAIL,FAIL,PASS,PASS
ff_125c_3.63v,ff,125,3.63,0,0.33,0.05,12.38,12.38,0,56.72,56.72,0,1631.49,1631.49,0,-0.8761,-0.8761,0,FAIL,FAIL,PASS,PASS
ff_125c_3.63v,ff,125,3.63,0,0.33,0.2,12.41,12.42,0.01,56.72,56.74,0.02,1631.49,1631.51,0.00122587,-0.8761,-0.8759,0.0002,FAIL,FAIL,PASS,PASS
ff_125c_3.63v,ff,125,3.63,0,0.33,0.5,12.47,12.47,0,56.73,56.73,0,1631.49,1631.49,0,-0.8761,-0.8761,0,FAIL,FAIL,PASS,PASS
ff_125c_3.63v,ff,125,3.63,0,1,0.001,8.34,8.35,0.01,56.72,56.73,0.01,930.149,930.152,0.000322529,-0.851,-0.851,0,FAIL,FAIL,PASS,PASS
ff_125c_3.63v,ff,125,3.63,0,1,0.05,8.36,8.36,0,56.72,56.72,0,930.148,930.149,0.00010751,-0.8511,-0.8511,0,FAIL,FAIL,PASS,PASS
ff_125c_3.63v,ff,125,3.63,0,1,0.2,8.41,8.41,0,56.72,56.74,0.02,930.148,930.151,0.000322529,-0.8511,-0.851,0.0001,FAIL,FAIL,PASS,PASS
ff_125c_3.63v,ff,125,3.63,0,1,0.5,8.51,8.51,0,56.73,56.73,0,930.15,930.15,0,-0.851,-0.851,0,FAIL,FAIL,PASS,PASS
ff_125c_3.63v,ff,125,3.63,0,4.7,0.001,6.95,6.95,0,56.72,56.73,0.01,427.417,427.417,0,-0.8626,-0.8626,0,FAIL,FAIL,PASS,PASS
ff_125c_3.63v,ff,125,3.63,0,4.7,0.05,6.99,6.99,0,56.72,56.72,0,427.417,427.417,0,-0.8627,-0.8627,0,FAIL,FAIL,PASS,PASS
ff_125c_3.63v,ff,125,3.63,0,4.7,0.2,7.09,7.1,0.01,56.72,56.73,0.01,427.417,427.417,0,-0.8626,-0.8626,0,FAIL,FAIL,PASS,PASS
ff_125c_3.63v,ff,125,3.63,0,4.7,0.5,7.31,7.31,0,56.73,56.73,0,427.421,427.421,0,-0.8625,-0.8625,0,FAIL,FAIL,PASS,PASS
ff_125c_3.63v,ff,125,3.63,0.1,0.33,0.001,62.75,62.75,0,24.92,24.92,0,84741.4,84741.4,0,-0.4822,-0.4822,0,PASS,PASS,PASS,PASS
ff_125c_3.63v,ff,125,3.63,0.1,0.33,0.05,62.77,62.77,0,26.44,26.44,0,83630,83630,0,-0.5002,-0.5002,0,PASS,PASS,PASS,PASS
ff_125c_3.63v,ff,125,3.63,0.1,0.33,0.2,64.25,64.25,0,34.55,34.55,0,83672.9,83672.9,0,-0.4948,-0.4948,0,PASS,PASS,PASS,PASS
ff_125c_3.63v,ff,125,3.63,0.1,0.33,0.5,67.69,67.69,0,42.86,42.86,0,85042,85042,0,-0.5006,-0.5006,0,PASS,PASS,PASS,PASS
ff_125c_3.63v,ff,125,3.63,0.1,1,0.001,70.03,70.03,0,35.09,35.09,0,27136.9,27136.9,0,-0.424,-0.424,0,PASS,PASS,PASS,PASS
ff_125c_3.63v,ff,125,3.63,0.1,1,0.05,69.97,69.97,0,44.2,44.2,0,26904.2,26904.2,0,-0.4507,-0.4507,0,PASS,PASS,PASS,PASS
ff_125c_3.63v,ff,125,3.63,0.1,1,0.2,71.43,71.43,0,51.04,51.04,0,26918.5,26918.5,0,-0.4455,-0.4455,0,PASS,PASS,PASS,PASS
ff_125c_3.63v,ff,125,3.63,0.1,1,0.5,74.95,74.95,0,45.22,45.22,0,27236.1,27236.1,0,-0.4381,-0.4381,0,PASS,PASS,PASS,PASS
ff_125c_3.63v,ff,125,3.63,0.1,4.7,0.001,41.04,41.04,0,53.66,53.66,0,7855.88,7855.88,0,-0.6901,-0.6901,0,FAIL,FAIL,PASS,PASS
ff_125c_3.63v,ff,125,3.63,0.1,4.7,0.05,41.29,41.29,0,53.08,53.08,0,7837.35,7837.35,0,-0.7242,-0.7242,0,FAIL,FAIL,PASS,PASS
ff_125c_3.63v,ff,125,3.63,0.1,4.7,0.2,43.3,43.3,0,51.09,51.09,0,7842.34,7842.34,0,-0.7146,-0.7146,0,FAIL,FAIL,PASS,PASS
ff_125c_3.63v,ff,125,3.63,0.1,4.7,0.5,47.79,47.79,0,45.7,45.7,0,7889.85,7889.85,0,-0.7018,-0.7018,0,PASS,PASS,PASS,PASS
ff_125c_3.63v,ff,125,3.63,1,0.33,0.001,46.76,46.76,0,13.12,13.12,0,284900,284900,0,-0.5761,-0.5761,0,PASS,PASS,PASS,PASS
ff_125c_3.63v,ff,125,3.63,1,0.33,0.05,48.41,48.41,0,14.43,14.43,0,284998,284998,0,-0.5719,-0.5719,0,PASS,PASS,PASS,PASS
ff_125c_3.63v,ff,125,3.63,1,0.33,0.2,53.3,53.3,0,19.27,19.27,0,286493,286493,0,-0.5725,-0.5725,0,PASS,PASS,PASS,PASS
ff_125c_3.63v,ff,125,3.63,1,0.33,0.5,62.47,62.47,0,23.07,23.07,0,295196,295196,0,-0.5321,-0.5321,0,PASS,PASS,PASS,PASS
ff_125c_3.63v,ff,125,3.63,1,1,0.001,69.15,69.15,0,22.89,22.89,0,103669,103669,0,-0.4341,-0.4341,0,PASS,PASS,PASS,PASS
ff_125c_3.63v,ff,125,3.63,1,1,0.05,70.97,70.97,0,27.51,27.51,0,103723,103723,0,-0.4291,-0.4291,0,PASS,PASS,PASS,PASS
ff_125c_3.63v,ff,125,3.63,1,1,0.2,76.52,76.52,0,32.35,32.35,0,104564,104564,0,-0.4516,-0.4516,0,PASS,PASS,PASS,PASS
ff_125c_3.63v,ff,125,3.63,1,1,0.5,87.57,87.57,0,27.02,27.02,0,109677,109677,0,-0.3985,-0.3985,0,PASS,PASS,PASS,PASS
ff_125c_3.63v,ff,125,3.63,1,4.7,0.001,51.56,51.56,0,37.27,37.27,0,24172.7,24172.7,0,-0.578,-0.578,0,PASS,PASS,PASS,PASS
ff_125c_3.63v,ff,125,3.63,1,4.7,0.05,53.58,53.58,0,45.25,45.25,0,24184,24184,0,-0.572,-0.572,0,PASS,PASS,PASS,PASS
ff_125c_3.63v,ff,125,3.63,1,4.7,0.2,59.93,59.93,0,35.54,35.54,0,24356.5,24356.5,0,-0.6109,-0.6109,0,PASS,PASS,PASS,PASS
ff_125c_3.63v,ff,125,3.63,1,4.7,0.5,73.51,73.51,0,28.12,28.12,0,25392.5,25392.5,0,-0.5347,-0.5347,0,PASS,PASS,PASS,PASS
ff_125c_3.63v,ff,125,3.63,10,0.33,0.001,37.79,37.79,0,7.84,7.84,0,523907,523907,0,-0.5592,-0.5592,0,FAIL,FAIL,PASS,PASS
ff_125c_3.63v,ff,125,3.63,10,0.33,0.05,40.79,40.79,0,9,9,0,524538,524538,0,-0.5452,-0.5452,0,FAIL,FAIL,PASS,PASS
ff_125c_3.63v,ff,125,3.63,10,0.33,0.2,49.38,49.38,0,12.61,12.61,0,534441,534441,0,-0.5128,-0.5128,0,PASS,PASS,PASS,PASS
ff_125c_3.63v,ff,125,3.63,10,0.33,0.5,63.61,63.61,0,13.96,13.96,0,598682,598682,0,-0.4422,-0.4422,0,PASS,PASS,PASS,PASS
ff_125c_3.63v,ff,125,3.63,10,1,0.001,59.3,59.3,0,17.54,17.54,0,192190,192190,0,-0.4597,-0.4597,0,PASS,PASS,PASS,PASS
ff_125c_3.63v,ff,125,3.63,10,1,0.05,62.69,62.69,0,21.22,21.22,0,192503,192503,0,-0.4966,-0.4966,0,PASS,PASS,PASS,PASS
ff_125c_3.63v,ff,125,3.63,10,1,0.2,73.03,73.03,0,22.97,22.97,0,197531,197531,0,-0.4454,-0.4454,0,PASS,PASS,PASS,PASS
ff_125c_3.63v,ff,125,3.63,10,1,0.5,94.09,94.09,0,17.52,17.52,0,235020,235020,0,-0.3048,-0.3048,0,PASS,PASS,PASS,PASS
ff_125c_3.63v,ff,125,3.63,10,4.7,0.001,45.81,45.81,0,31.44,31.44,0,53014,53014,0,-0.6452,-0.6452,0,PASS,PASS,PASS,PASS
ff_125c_3.63v,ff,125,3.63,10,4.7,0.05,50.26,50.26,0,35.71,35.71,0,53127,53127,0,-0.6163,-0.6163,0,PASS,PASS,PASS,PASS
ff_125c_3.63v,ff,125,3.63,10,4.7,0.2,64.48,64.48,0,26.1,26.1,0,54932.6,54932.6,0,-0.5808,-0.5808,0,PASS,PASS,PASS,PASS
ff_125c_3.63v,ff,125,3.63,10,4.7,0.5,96.59,96.59,0,18.59,18.59,0,68908.4,68908.4,0,-0.3344,-0.3344,0,PASS,PASS,PASS,PASS
ff_125c_3.63v,ff,125,3.63,25,0.33,0.001,26.17,26.17,0,5.45,5.45,0,633111,633111,0,-0.6253,-0.6253,0,FAIL,FAIL,PASS,PASS
ff_125c_3.63v,ff,125,3.63,25,0.33,0.05,29.77,29.77,0,6.62,6.62,0,634112,634112,0,-0.6051,-0.6051,0,FAIL,FAIL,PASS,PASS
ff_125c_3.63v,ff,125,3.63,25,0.33,0.2,39.82,39.82,0,10.33,10.33,0,649984,649984,0,-0.5622,-0.5622,0,FAIL,FAIL,PASS,PASS
ff_125c_3.63v,ff,125,3.63,25,0.33,0.5,54.52,54.52,0,11.91,11.91,0,753245,753245,0,-0.4844,-0.4844,0,PASS,PASS,PASS,PASS
ff_125c_3.63v,ff,125,3.63,25,1,0.001,54,54,0,15.13,15.13,0,245087,245087,0,-0.5124,-0.5124,0,PASS,PASS,PASS,PASS
ff_125c_3.63v,ff,125,3.63,25,1,0.05,58.3,58.3,0,18.86,18.86,0,245720,245720,0,-0.4849,-0.4849,0,PASS,PASS,PASS,PASS
ff_125c_3.63v,ff,125,3.63,25,1,0.2,71.23,71.23,0,20.94,20.94,0,256156,256156,0,-0.4331,-0.4331,0,PASS,PASS,PASS,PASS
ff_125c_3.63v,ff,125,3.63,25,1,0.5,95.41,95.41,0,15.53,15.53,0,349327,349327,0,-0.2489,-0.2489,0,PASS,PASS,PASS,PASS
ff_125c_3.63v,ff,125,3.63,25,4.7,0.001,46.24,46.24,0,28.97,28.97,0,67696.3,67696.3,0,-0.6028,-0.6028,0,PASS,PASS,PASS,PASS
ff_125c_3.63v,ff,125,3.63,25,4.7,0.05,51.92,51.92,0,33.69,33.69,0,67935.4,67935.4,0,-0.6238,-0.6238,0,PASS,PASS,PASS,PASS
ff_125c_3.63v,ff,125,3.63,25,4.7,0.2,70.23,70.23,0,24.12,24.12,0,71883.4,71883.4,0,-0.5568,-0.5568,0,PASS,PASS,PASS,PASS
ff_125c_3.63v,ff,125,3.63,25,4.7,0.5,112.85,112.85,0,16.6,16.6,0,113293,113293,0,-0.2139,-0.2139,0,PASS,PASS,PASS,PASS
ff_125c_3.63v,ff,125,3.63,50,0.33,0.001,17.44,17.44,0,3.59,3.59,0,726330,726330,0,-0.6106,-0.6106,0,FAIL,FAIL,PASS,PASS
ff_125c_3.63v,ff,125,3.63,50,0.33,0.05,21.56,21.56,0,4.74,4.74,0,727717,727717,0,-0.6568,-0.6568,0,FAIL,FAIL,PASS,PASS
ff_125c_3.63v,ff,125,3.63,50,0.33,0.2,32.74,32.74,0,8.41,8.41,0,749983,749983,0,-0.6106,-0.6106,0,FAIL,FAIL,PASS,PASS
ff_125c_3.63v,ff,125,3.63,50,0.33,0.5,47.11,47.11,0,10.05,10.05,0,893311,893311,0,-0.4831,-0.4831,0,PASS,PASS,PASS,PASS
ff_125c_3.63v,ff,125,3.63,50,1,0.001,50.19,50.19,0,13.26,13.26,0,292700,292700,0,-0.5292,-0.5292,0,PASS,PASS,PASS,PASS
ff_125c_3.63v,ff,125,3.63,50,1,0.05,55.3,55.3,0,16.93,16.93,0,293759,293759,0,-0.4901,-0.4901,0,PASS,PASS,PASS,PASS
ff_125c_3.63v,ff,125,3.63,50,1,0.2,70.32,70.32,0,19.07,19.07,0,311696,311696,0,-0.4203,-0.4203,0,PASS,PASS,PASS,PASS
ff_125c_3.63v,ff,125,3.63,50,1,0.5,92.74,92.74,0,13.68,13.68,0,499840,499840,0,-0.2406,-0.2406,0,PASS,PASS,PASS,PASS
ff_125c_3.63v,ff,125,3.63,50,4.7,0.001,47.34,47.34,0,27.05,27.05,0,79801,79801,0,-0.6178,-0.6178,0,PASS,PASS,PASS,PASS
ff_125c_3.63v,ff,125,3.63,50,4.7,0.05,54.04,54.04,0,31.82,31.82,0,80200.5,80200.5,0,-0.619,-0.619,0,PASS,PASS,PASS,PASS
ff_125c_3.63v,ff,125,3.63,50,4.7,0.2,75.79,75.79,0,22.28,22.28,0,87059.6,87059.6,0,-0.497,-0.497,0,PASS,PASS,PASS,PASS
ff_125c_3.63v,ff,125,3.63,50,4.7,0.5,125.99,125.99,0,14.76,14.76,0,213051,213051,0,-0.09012,-0.09012,0,PASS,PASS,PASS,PASS
ff_27c_2.97v,ff,27,2.97,0,0.33,0.001,18.33,18.33,0,53.54,53.54,0,2386.57,2386.57,0,-0.8422,-0.8422,0,FAIL,FAIL,PASS,PASS
ff_27c_2.97v,ff,27,2.97,0,0.33,0.05,18.34,18.34,0,53.54,53.54,0,2386.57,2386.57,0,-0.8422,-0.8422,0,FAIL,FAIL,PASS,PASS
ff_27c_2.97v,ff,27,2.97,0,0.33,0.2,18.38,18.38,0,53.54,53.54,0,2386.57,2386.57,0,-0.8422,-0.8422,0,FAIL,FAIL,PASS,PASS
ff_27c_2.97v,ff,27,2.97,0,0.33,0.5,18.47,18.47,0,53.53,53.53,0,2386.57,2386.57,0,-0.8422,-0.8422,0,FAIL,FAIL,PASS,PASS
ff_27c_2.97v,ff,27,2.97,0,1,0.001,10.69,10.69,0,53.53,53.53,0,1346.87,1346.87,0,-0.9103,-0.9103,0,FAIL,FAIL,PASS,PASS
ff_27c_2.97v,ff,27,2.97,0,1,0.05,10.71,10.71,0,53.53,53.53,0,1346.87,1346.87,0,-0.9103,-0.9103,0,FAIL,FAIL,PASS,PASS
ff_27c_2.97v,ff,27,2.97,0,1,0.2,10.78,10.78,0,53.53,53.53,0,1346.87,1346.87,0,-0.9103,-0.9103,0,FAIL,FAIL,PASS,PASS
ff_27c_2.97v,ff,27,2.97,0,1,0.5,10.93,10.93,0,53.52,53.52,0,1346.87,1346.87,0,-0.9102,-0.9102,0,FAIL,FAIL,PASS,PASS
ff_27c_2.97v,ff,27,2.97,0,4.7,0.001,5.18,5.18,0,53.53,53.53,0,617.001,617.001,0,-0.8851,-0.8851,0,FAIL,FAIL,PASS,PASS
ff_27c_2.97v,ff,27,2.97,0,4.7,0.05,5.23,5.23,0,53.53,53.53,0,617.001,617.001,0,-0.8851,-0.8851,0,FAIL,FAIL,PASS,PASS
ff_27c_2.97v,ff,27,2.97,0,4.7,0.2,5.39,5.39,0,53.53,53.53,0,617.003,617.003,0,-0.8851,-0.885,0.0001,FAIL,FAIL,PASS,PASS
ff_27c_2.97v,ff,27,2.97,0,4.7,0.5,5.7,5.7,0,53.52,53.52,0,617.014,617.014,0,-0.8847,-0.8847,0,FAIL,FAIL,PASS,PASS
ff_27c_2.97v,ff,27,2.97,0.1,0.33,0.001,61.03,61.03,0,23,23,0,95109.7,95109.7,0,-0.4896,-0.4896,0,PASS,PASS,PASS,PASS
ff_27c_2.97v,ff,27,2.97,0.1,0.33,0.05,61.59,61.59,0,24.44,24.44,0,95113.7,95113.7,0,-0.4891,-0.4891,0,PASS,PASS,PASS,PASS
ff_27c_2.97v,ff,27,2.97,0.1,0.33,0.2,63.27,63.27,0,30.93,30.93,0,95175.7,95175.7,0,-0.4822,-0.4822,0,PASS,PASS,PASS,PASS
ff_27c_2.97v,ff,27,2.97,0.1,0.33,0.5,66.57,66.57,0,39.63,39.63,0,95525.7,95525.7,0,-0.4996,-0.4996,0,PASS,PASS,PASS,PASS
ff_27c_2.97v,ff,27,2.97,0.1,1,0.001,70.71,70.71,0,32.98,32.98,0,30563.4,30563.4,0,-0.4318,-0.4318,0,PASS,PASS,PASS,PASS
ff_27c_2.97v,ff,27,2.97,0.1,1,0.05,71.25,71.25,0,39.23,39.23,0,30564.8,30564.8,0,-0.4314,-0.4314,0,PASS,PASS,PASS,PASS
ff_27c_2.97v,ff,27,2.97,0.1,1,0.2,72.91,72.91,0,48.92,48.92,0,30586.4,30586.4,0,-0.4248,-0.4248,0,PASS,PASS,PASS,PASS
ff_27c_2.97v,ff,27,2.97,0.1,1,0.5,76.25,76.25,0,43.05,43.05,0,30708.5,30708.5,0,-0.4354,-0.4354,0,PASS,PASS,PASS,PASS
ff_27c_2.97v,ff,27,2.97,0.1,4.7,0.001,41.82,41.82,0,50.88,50.88,0,8654.76,8654.76,0,-0.697,-0.697,0,FAIL,FAIL,PASS,PASS
ff_27c_2.97v,ff,27,2.97,0.1,4.7,0.05,42.54,42.54,0,53.81,53.81,0,8655.2,8655.2,0,-0.6962,-0.6962,0,FAIL,FAIL,PASS,PASS
ff_27c_2.97v,ff,27,2.97,0.1,4.7,0.2,44.75,44.75,0,49.86,49.86,0,8662.02,8662.02,0,-0.6845,-0.6845,0,FAIL,FAIL,PASS,PASS
ff_27c_2.97v,ff,27,2.97,0.1,4.7,0.5,49.27,49.27,0,43.77,43.77,0,8700.63,8700.63,0,-0.694,-0.694,0,PASS,PASS,PASS,PASS
ff_27c_2.97v,ff,27,2.97,1,0.33,0.001,52.36,52.36,0,13.02,13.02,0,278292,278292,0,-0.5286,-0.5286,0,PASS,PASS,PASS,PASS
ff_27c_2.97v,ff,27,2.97,1,0.33,0.05,53.97,52.56,-1.41,14.15,14.4,0.25,278391,272430,-2.14123,-0.5246,-0.5219,0.0027,PASS,PASS,PASS,PASS
ff_27c_2.97v,ff,27,2.97,1,0.33,0.2,58.77,58.77,0,18.05,18.05,0,279917,279917,0,-0.5222,-0.5222,0,PASS,PASS,PASS,PASS
ff_27c_2.97v,ff,27,2.97,1,0.33,0.5,67.83,67.83,0,21.08,21.08,0,288886,288886,0,-0.4675,-0.4675,0,PASS,PASS,PASS,PASS
ff_27c_2.97v,ff,27,2.97,1,1,0.001,69.1,69.1,0,22.76,22.76,0,96334,96334,0,-0.4206,-0.4206,0,PASS,PASS,PASS,PASS
ff_27c_2.97v,ff,27,2.97,1,1,0.05,70.8,69.86,-0.94,26.56,26.93,0.37,96377.1,95519.6,-0.889734,-0.4659,-0.4463,0.0196,PASS,PASS,PASS,PASS
ff_27c_2.97v,ff,27,2.97,1,1,0.2,76,76,0,30.35,30.35,0,97048.7,97048.7,0,-0.4491,-0.4491,0,PASS,PASS,PASS,PASS
ff_27c_2.97v,ff,27,2.97,1,1,0.5,86.57,86.57,0,25.29,25.29,0,101106,101106,0,-0.4076,-0.4076,0,PASS,PASS,PASS,PASS
ff_27c_2.97v,ff,27,2.97,1,4.7,0.001,46.06,46.06,0,36.92,36.92,0,24608.8,24608.8,0,-0.6159,-0.6159,0,PASS,PASS,PASS,PASS
ff_27c_2.97v,ff,27,2.97,1,4.7,0.05,48.11,47.63,-0.48,43.17,43.71,0.54,24619.8,24567.4,-0.212837,-0.6097,-0.6382,-0.0285,PASS,PASS,PASS,PASS
ff_27c_2.97v,ff,27,2.97,1,4.7,0.2,54.56,54.56,0,33.85,33.85,0,24788.2,24788.2,0,-0.656,-0.656,0,PASS,PASS,PASS,PASS
ff_27c_2.97v,ff,27,2.97,1,4.7,0.5,68.26,68.26,0,26.48,26.48,0,25791.7,25791.7,0,-0.5996,-0.5996,0,PASS,PASS,PASS,PASS
ff_27c_2.97v,ff,27,2.97,10,0.33,0.001,34.03,34.03,0,7.1,7.1,0,525106,525106,0,-0.5525,-0.5525,0,FAIL,FAIL,PASS,PASS
ff_27c_2.97v,ff,27,2.97,10,0.33,0.05,37.03,37.03,0,8.2,8.2,0,525718,525718,0,-0.5387,-0.5387,0,FAIL,FAIL,PASS,PASS
ff_27c_2.97v,ff,27,2.97,10,0.33,0.2,45.61,45.61,0,11.69,11.69,0,535347,535347,0,-0.5128,-0.5128,0,PASS,PASS,PASS,PASS
ff_27c_2.97v,ff,27,2.97,10,0.33,0.5,59.64,59.64,0,13.49,13.49,0,597046,597046,0,-0.4367,-0.4367,0,PASS,PASS,PASS,PASS
ff_27c_2.97v,ff,27,2.97,10,1,0.001,57.39,57.39,0,16.79,16.79,0,196060,196060,0,-0.4928,-0.4928,0,PASS,PASS,PASS,PASS
ff_27c_2.97v,ff,27,2.97,10,1,0.05,60.84,60.84,0,20.28,20.28,0,196387,196387,0,-0.4753,-0.4753,0,PASS,PASS,PASS,PASS
ff_27c_2.97v,ff,27,2.97,10,1,0.2,71.34,71.34,0,22.58,22.58,0,201677,201677,0,-0.4685,-0.4685,0,PASS,PASS,PASS,PASS
ff_27c_2.97v,ff,27,2.97,10,1,0.5,92.45,92.45,0,17.34,17.34,0,241382,241382,0,-0.3172,-0.3172,0,PASS,PASS,PASS,PASS
ff_27c_2.97v,ff,27,2.97,10,4.7,0.001,45.31,45.31,0,30.61,30.61,0,54381.4,54381.4,0,-0.6164,-0.6164,0,PASS,PASS,PASS,PASS
ff_27c_2.97v,ff,27,2.97,10,4.7,0.05,49.86,49.86,0,35.34,35.34,0,54502.9,54502.9,0,-0.6552,-0.6552,0,PASS,PASS,PASS,PASS
ff_27c_2.97v,ff,27,2.97,10,4.7,0.2,64.44,64.44,0,25.95,25.95,0,56452.8,56452.8,0,-0.5952,-0.5952,0,PASS,PASS,PASS,PASS
ff_27c_2.97v,ff,27,2.97,10,4.7,0.5,97.34,97.34,0,18.47,18.47,0,71824.4,71824.4,0,-0.3171,-0.3171,0,PASS,PASS,PASS,PASS
ff_27c_2.97v,ff,27,2.97,25,0.33,0.001,21.25,21.28,0.03,4.38,4.39,0.01,647008,646981,-0.00417306,-0.5978,-0.5983,-0.0005,FAIL,FAIL,PASS,PASS
ff_27c_2.97v,ff,27,2.97,25,0.33,0.05,24.93,24.93,0,5.48,5.48,0,648023,648023,0,-0.6471,-0.6471,0,FAIL,FAIL,PASS,PASS
ff_27c_2.97v,ff,27,2.97,25,0.33,0.2,35.1,35.13,0.03,8.98,8.99,0.01,664211,664181,-0.00451664,-0.6029,-0.6034,-0.0005,FAIL,FAIL,PASS,PASS
ff_27c_2.97v,ff,27,2.97,25,0.33,0.5,49.54,49.54,0,10.95,10.95,0,767867,767867,0,-0.4934,-0.4934,0,PASS,PASS,PASS,PASS
ff_27c_2.97v,ff,27,2.97,25,1,0.001,52.14,52.15,0.01,14.05,14.06,0.01,255900,255887,-0.00508011,-0.4874,-0.4879,-0.0005,PASS,PASS,PASS,PASS
ff_27c_2.97v,ff,27,2.97,25,1,0.05,56.61,56.61,0,17.53,17.53,0,256612,256612,0,-0.5131,-0.5131,0,PASS,PASS,PASS,PASS
ff_27c_2.97v,ff,27,2.97,25,1,0.2,69.94,69.95,0.01,20.06,20.08,0.02,268467,268451,-0.00595976,-0.4752,-0.4757,-0.0005,PASS,PASS,PASS,PASS
ff_27c_2.97v,ff,27,2.97,25,1,0.5,93.38,93.38,0,14.86,14.86,0,377159,377159,0,-0.2644,-0.2644,0,PASS,PASS,PASS,PASS
ff_27c_2.97v,ff,27,2.97,25,4.7,0.001,47.05,47.05,0,27.82,27.83,0.01,69705.4,69703.7,-0.00243884,-0.5872,-0.5875,-0.0003,PASS,PASS,PASS,PASS
ff_27c_2.97v,ff,27,2.97,25,4.7,0.05,52.9,52.9,0,32.84,32.84,0,69969.1,69969.1,0,-0.6045,-0.6045,0,PASS,PASS,PASS,PASS
ff_27c_2.97v,ff,27,2.97,25,4.7,0.2,71.78,71.78,0,23.49,23.51,0.02,74382.7,74380.5,-0.00295768,-0.5445,-0.5448,-0.0003,PASS,PASS,PASS,PASS
ff_27c_2.97v,ff,27,2.97,25,4.7,0.5,116.09,116.09,0,16,16,0,125704,125704,0,-0.1804,-0.1804,0,PASS,PASS,PASS,PASS
ff_27c_2.97v,ff,27,2.97,50,0.33,0.001,11.9,11.91,0.01,2.41,2.42,0.01,746879,746804,-0.0100418,-0.6514,-0.6527,-0.0013,FAIL,FAIL,PASS,PASS
ff_27c_2.97v,ff,27,2.97,50,0.33,0.05,16.12,16.13,0.01,3.49,3.49,0,748290,748214,-0.0101565,-0.7001,-0.7015,-0.0014,FAIL,FAIL,PASS,PASS
ff_27c_2.97v,ff,27,2.97,50,0.33,0.2,27.48,27.48,0,6.93,6.93,0,771244,771244,0,-0.651,-0.651,0,FAIL,FAIL,PASS,PASS
ff_27c_2.97v,ff,27,2.97,50,0.33,0.5,41.48,41.48,0,8.93,8.93,0,915944,915944,0,-0.5541,-0.5541,0,FAIL,FAIL,PASS,PASS
ff_27c_2.97v,ff,27,2.97,50,1,0.001,47.87,47.87,0,12.07,12.07,0,308894,308878,-0.00517977,-0.5142,-0.5147,-0.0005,PASS,PASS,PASS,PASS
ff_27c_2.97v,ff,27,2.97,50,1,0.05,53.24,53.24,0,15.48,15.48,0,310113,310097,-0.00515941,-0.5276,-0.5282,-0.0006,PASS,PASS,PASS,PASS
ff_27c_2.97v,ff,27,2.97,50,1,0.2,68.76,68.76,0,18.03,18.03,0,331101,331101,0,-0.4453,-0.4453,0,PASS,PASS,PASS,PASS
ff_27c_2.97v,ff,27,2.97,50,1,0.5,88.14,88.14,0,12.85,12.85,0,551991,551991,0,-0.2493,-0.2493,0,PASS,PASS,PASS,PASS
ff_27c_2.97v,ff,27,2.97,50,4.7,0.001,48.67,48.67,0,25.8,25.81,0.01,82694.3,82693,-0.00157206,-0.5902,-0.5904,-0.0002,PASS,PASS,PASS,PASS
ff_27c_2.97v,ff,27,2.97,50,4.7,0.05,55.61,55.61,0,30.82,30.82,0,83145.9,83144.6,-0.00156352,-0.5858,-0.586,-0.0002,PASS,PASS,PASS,PASS
ff_27c_2.97v,ff,27,2.97,50,4.7,0.2,78.19,78.19,0,21.49,21.49,0,91083.2,91083.2,0,-0.4817,-0.4817,0,PASS,PASS,PASS,PASS
ff_27c_2.97v,ff,27,2.97,50,4.7,0.5,125.67,125.67,0,14,14,0,293115,293115,0,-0.0804,-0.0804,0,PASS,PASS,PASS,PASS
ff_27c_3.30v,ff,27,3.3,0,0.33,0.001,19.27,19.27,0,53.48,53.48,0,2516.76,2516.76,0,-0.8162,-0.8162,0,FAIL,FAIL,PASS,PASS
ff_27c_3.30v,ff,27,3.3,0,0.33,0.05,19.29,19.29,0,53.48,53.48,0,2516.76,2516.76,0,-0.8162,-0.8162,0,FAIL,FAIL,PASS,PASS
ff_27c_3.30v,ff,27,3.3,0,0.33,0.2,19.33,19.33,0,53.48,53.48,0,2516.77,2516.76,-0.000397335,-0.8162,-0.8162,0,FAIL,FAIL,PASS,PASS
ff_27c_3.30v,ff,27,3.3,0,0.33,0.5,19.42,19.42,0,53.47,53.47,0,2516.77,2516.77,0,-0.8161,-0.8162,-0.0001,FAIL,FAIL,PASS,PASS
ff_27c_3.30v,ff,27,3.3,0,1,0.001,11.26,11.26,0,53.47,53.47,0,1417.66,1417.65,-0.000705388,-0.9185,-0.9185,0,FAIL,FAIL,PASS,PASS
ff_27c_3.30v,ff,27,3.3,0,1,0.05,11.28,11.28,0,53.47,53.47,0,1417.65,1417.65,0,-0.9185,-0.9185,0,FAIL,FAIL,PASS,PASS
ff_27c_3.30v,ff,27,3.3,0,1,0.2,11.36,11.36,0,53.47,53.47,0,1417.66,1417.66,0,-0.9185,-0.9185,0,FAIL,FAIL,PASS,PASS
ff_27c_3.30v,ff,27,3.3,0,1,0.5,11.51,11.51,0,53.46,53.46,0,1417.66,1417.66,0,-0.9184,-0.9184,0,FAIL,FAIL,PASS,PASS
ff_27c_3.30v,ff,27,3.3,0,4.7,0.001,5.5,5.5,0,53.47,53.47,0,648.953,648.953,0,-0.9076,-0.9076,0,FAIL,FAIL,PASS,PASS
ff_27c_3.30v,ff,27,3.3,0,4.7,0.05,5.55,5.55,0,53.47,53.47,0,648.953,648.953,0,-0.9075,-0.9076,-0.0001,FAIL,FAIL,PASS,PASS
ff_27c_3.30v,ff,27,3.3,0,4.7,0.2,5.72,5.72,0,53.47,53.47,0,648.955,648.955,0,-0.9075,-0.9075,0,FAIL,FAIL,PASS,PASS
ff_27c_3.30v,ff,27,3.3,0,4.7,0.5,6.05,6.05,0,53.46,53.46,0,648.967,648.967,0,-0.9071,-0.9071,0,FAIL,FAIL,PASS,PASS
ff_27c_3.30v,ff,27,3.3,0.1,0.33,0.001,57.11,57.11,0,22.64,22.64,0,107302,107302,0,-0.5257,-0.5257,0,PASS,PASS,PASS,PASS
ff_27c_3.30v,ff,27,3.3,0.1,0.33,0.05,57.73,57.73,0,24.27,24.27,0,107308,107308,0,-0.5251,-0.5251,0,PASS,PASS,PASS,PASS
ff_27c_3.30v,ff,27,3.3,0.1,0.33,0.2,59.62,59.62,0,32.21,32.21,0,107392,107392,0,-0.5162,-0.5162,0,PASS,PASS,PASS,PASS
ff_27c_3.30v,ff,27,3.3,0.1,0.33,0.5,63.32,63.32,0,40.39,40.39,0,107863,107863,0,-0.5268,-0.5268,0,PASS,PASS,PASS,PASS
ff_27c_3.30v,ff,27,3.3,0.1,1,0.001,72.05,72.05,0,32.62,32.62,0,35627.9,35627.9,0,-0.4366,-0.4366,0,PASS,PASS,PASS,PASS
ff_27c_3.30v,ff,27,3.3,0.1,1,0.05,72.68,72.68,0,40.14,40.14,0,35630.2,35630.2,0,-0.436,-0.436,0,PASS,PASS,PASS,PASS
ff_27c_3.30v,ff,27,3.3,0.1,1,0.2,74.61,74.61,0,49.27,49.27,0,35665.4,35665.4,0,-0.427,-0.427,0,PASS,PASS,PASS,PASS
ff_27c_3.30v,ff,27,3.3,0.1,1,0.5,78.49,78.49,0,43.24,43.24,0,35866.2,35866.2,0,-0.4229,-0.4229,0,PASS,PASS,PASS,PASS
ff_27c_3.30v,ff,27,3.3,0.1,4.7,0.001,45.38,45.38,0,49.99,49.99,0,9426.41,9426.41,0,-0.6783,-0.6783,0,PASS,PASS,PASS,PASS
ff_27c_3.30v,ff,27,3.3,0.1,4.7,0.05,46.16,46.16,0,53.77,53.77,0,9427.01,9427.01,0,-0.6774,-0.6774,0,PASS,PASS,PASS,PASS
ff_27c_3.30v,ff,27,3.3,0.1,4.7,0.2,48.59,48.59,0,49.99,49.99,0,9436.22,9436.22,0,-0.6634,-0.6634,0,PASS,PASS,PASS,PASS
ff_27c_3.30v,ff,27,3.3,0.1,4.7,0.5,53.53,53.53,0,43.88,43.88,0,9488.48,9488.48,0,-0.6572,-0.6572,0,PASS,PASS,PASS,PASS
ff_27c_3.30v,ff,27,3.3,1,0.33,0.001,47.35,47.35,0,12.48,12.48,0,317834,317834,0,-0.5609,-0.5609,0,PASS,PASS,PASS,PASS
ff_27c_3.30v,ff,27,3.3,1,0.33,0.05,49.19,49.19,0,13.79,13.79,0,317973,317973,0,-0.5557,-0.5557,0,PASS,PASS,PASS,PASS
ff_27c_3.30v,ff,27,3.3,1,0.33,0.2,54.62,53.16,-1.46,18.49,18.96,0.47,320106,311955,-2.54634,-0.5393,-0.5819,-0.0426,PASS,PASS,PASS,PASS
ff_27c_3.30v,ff,27,3.3,1,0.33,0.5,64.71,64.71,0,21.6,21.6,0,332685,332685,0,-0.5222,-0.5222,0,PASS,PASS,PASS,PASS
ff_27c_3.30v,ff,27,3.3,1,1,0.001,68.68,68.68,0,22.22,22.22,0,114506,114506,0,-0.4745,-0.4745,0,PASS,PASS,PASS,PASS
ff_27c_3.30v,ff,27,3.3,1,1,0.05,70.7,70.7,0,26.74,26.74,0,114578,114578,0,-0.4683,-0.4683,0,PASS,PASS,PASS,PASS
ff_27c_3.30v,ff,27,3.3,1,1,0.2,76.83,75.72,-1.11,30.75,31.31,0.56,115703,114415,-1.11319,-0.4249,-0.4257,-0.0008,PASS,PASS,PASS,PASS
ff_27c_3.30v,ff,27,3.3,1,1,0.5,89.13,89.13,0,25.37,25.37,0,122673,122673,0,-0.3715,-0.3715,0,PASS,PASS,PASS,PASS
ff_27c_3.30v,ff,27,3.3,1,4.7,0.001,50.86,50.86,0,36.41,36.41,0,27258.3,27258.3,0,-0.59,-0.59,0,PASS,PASS,PASS,PASS
ff_27c_3.30v,ff,27,3.3,1,4.7,0.05,53.14,53.14,0,43.49,43.49,0,27274.3,27274.3,0,-0.5824,-0.5824,0,PASS,PASS,PASS,PASS
ff_27c_3.30v,ff,27,3.3,1,4.7,0.2,60.33,59.75,-0.58,33.88,34.31,0.43,27520.9,27437.7,-0.302316,-0.597,-0.5692,0.0278,PASS,PASS,PASS,PASS
ff_27c_3.30v,ff,27,3.3,1,4.7,0.5,75.84,75.84,0,26.44,26.44,0,29029.9,29029.9,0,-0.5051,-0.5051,0,PASS,PASS,PASS,PASS
ff_27c_3.30v,ff,27,3.3,10,0.33,0.001,31.76,31.76,0,6.97,6.97,0,577688,577688,0,-0.605,-0.605,0,FAIL,FAIL,PASS,PASS
ff_27c_3.30v,ff,27,3.3,10,0.33,0.05,35.06,34.9,-0.16,8.24,8.22,-0.02,578474,577258,-0.210208,-0.5881,-0.6133,-0.0252,FAIL,FAIL,PASS,PASS
ff_27c_3.30v,ff,27,3.3,10,0.33,0.2,44.41,44.24,-0.17,12.35,12.33,-0.02,590802,589478,-0.224102,-0.5887,-0.5515,0.0372,FAIL,FAIL,PASS,PASS
ff_27c_3.30v,ff,27,3.3,10,0.33,0.5,59.19,59.19,0,13.91,13.91,0,670197,670197,0,-0.4439,-0.4439,0,PASS,PASS,PASS,PASS
ff_27c_3.30v,ff,27,3.3,10,1,0.001,57.13,57.13,0,16.67,16.67,0,220528,220528,0,-0.4701,-0.4701,0,PASS,PASS,PASS,PASS
ff_27c_3.30v,ff,27,3.3,10,1,0.05,61,60.89,-0.11,20.77,20.75,-0.02,220999,220855,-0.0651587,-0.5021,-0.5087,-0.0066,PASS,PASS,PASS,PASS
ff_27c_3.30v,ff,27,3.3,10,1,0.2,72.71,72.58,-0.13,22.88,22.88,0,228626,228459,-0.0730451,-0.473,-0.4294,0.0436,PASS,PASS,PASS,PASS
ff_27c_3.30v,ff,27,3.3,10,1,0.5,95.58,95.58,0,17.33,17.33,0,290630,290630,0,-0.2771,-0.2771,0,PASS,PASS,PASS,PASS
ff_27c_3.30v,ff,27,3.3,10,4.7,0.001,47.63,47.63,0,30.53,30.53,0,59533.6,59533.6,0,-0.6162,-0.6162,0,PASS,PASS,PASS,PASS
ff_27c_3.30v,ff,27,3.3,10,4.7,0.05,52.62,52.58,-0.04,35.56,35.57,0.01,59699.2,59691.7,-0.012563,-0.5798,-0.5813,-0.0015,PASS,PASS,PASS,PASS
ff_27c_3.30v,ff,27,3.3,10,4.7,0.2,68.69,68.65,-0.04,25.88,25.89,0.01,62378.9,62369.7,-0.0147486,-0.5441,-0.5458,-0.0017,PASS,PASS,PASS,PASS
ff_27c_3.30v,ff,27,3.3,10,4.7,0.5,105.98,105.98,0,18.35,18.35,0,86396,86396,0,-0.2776,-0.2776,0,PASS,PASS,PASS,PASS
ff_27c_3.30v,ff,27,3.3,25,0.33,0.001,19.5,19.5,0,4.29,4.29,0,701593,701593,0,-0.6183,-0.6183,0,FAIL,FAIL,PASS,PASS
ff_27c_3.30v,ff,27,3.3,25,0.33,0.05,23.49,23.49,0,5.55,5.55,0,702849,702849,0,-0.6666,-0.6666,0,FAIL,FAIL,PASS,PASS
ff_27c_3.30v,ff,27,3.3,25,0.33,0.2,34.45,34.45,0,9.68,9.68,0,722718,722718,0,-0.6488,-0.6488,0,FAIL,FAIL,PASS,PASS
ff_27c_3.30v,ff,27,3.3,25,0.33,0.5,49.52,49.52,0,11.45,11.45,0,849678,849678,0,-0.5293,-0.5293,0,PASS,PASS,PASS,PASS
ff_27c_3.30v,ff,27,3.3,25,1,0.001,51.11,51.11,0,13.96,13.96,0,285717,285717,0,-0.4858,-0.4858,0,PASS,PASS,PASS,PASS
ff_27c_3.30v,ff,27,3.3,25,1,0.05,56.09,56.09,0,18.05,18.05,0,286710,286710,0,-0.5045,-0.5045,0,PASS,PASS,PASS,PASS
ff_27c_3.30v,ff,27,3.3,25,1,0.2,70.75,70.75,0,20.44,20.44,0,303291,303291,0,-0.4629,-0.4629,0,PASS,PASS,PASS,PASS
ff_27c_3.30v,ff,27,3.3,25,1,0.5,93.5,93.5,0,14.93,14.93,0,467552,467552,0,-0.2453,-0.2453,0,PASS,PASS,PASS,PASS
ff_27c_3.30v,ff,27,3.3,25,4.7,0.001,48.93,48.93,0,27.77,27.77,0,76538.3,76538.3,0,-0.6214,-0.6214,0,PASS,PASS,PASS,PASS
ff_27c_3.30v,ff,27,3.3,25,4.7,0.05,55.35,55.35,0,33.14,33.14,0,76900.6,76900.6,0,-0.5613,-0.5613,0,PASS,PASS,PASS,PASS
ff_27c_3.30v,ff,27,3.3,25,4.7,0.2,76.24,76.24,0,23.5,23.5,0,83063.5,83063.5,0,-0.5011,-0.5011,0,PASS,PASS,PASS,PASS
ff_27c_3.30v,ff,27,3.3,25,4.7,0.5,125.61,125.61,0,15.97,15.97,0,188536,188536,0,-0.1012,-0.1012,0,PASS,PASS,PASS,PASS
ff_27c_3.30v,ff,27,3.3,50,0.33,0.001,10.54,10.54,0,2.29,2.29,0,805693,805693,0,-0.6628,-0.6628,0,FAIL,FAIL,PASS,PASS
ff_27c_3.30v,ff,27,3.3,50,0.33,0.05,15.09,15.1,0.01,3.53,3.53,0,807435,807352,-0.0102795,-0.7093,-0.7108,-0.0015,FAIL,FAIL,PASS,PASS
ff_27c_3.30v,ff,27,3.3,50,0.33,0.2,27.29,27.3,0.01,7.59,7.6,0.01,835339,835246,-0.0111332,-0.6809,-0.6824,-0.0015,FAIL,FAIL,PASS,PASS
ff_27c_3.30v,ff,27,3.3,50,0.33,0.5,41.84,41.85,0.01,9.4,9.41,0.01,1.0103e+06,1.01013e+06,-0.0168267,-0.561,-0.5629,-0.0019,FAIL,FAIL,PASS,PASS
ff_27c_3.30v,ff,27,3.3,50,1,0.001,46.3,46.3,0,11.95,11.95,0,344067,344067,0,-0.5418,-0.5418,0,PASS,PASS,PASS,PASS
ff_27c_3.30v,ff,27,3.3,50,1,0.05,52.26,52.26,0,15.96,15.96,0,345750,345731,-0.0054953,-0.4876,-0.4882,-0.0006,PASS,PASS,PASS,PASS
ff_27c_3.30v,ff,27,3.3,50,1,0.2,69.16,69.16,0,18.39,18.4,0.01,374713,374687,-0.00693864,-0.4209,-0.4215,-0.0006,PASS,PASS,PASS,PASS
ff_27c_3.30v,ff,27,3.3,50,1,0.5,84.93,84.94,0.01,12.91,12.92,0.01,678158,678012,-0.0215289,-0.2854,-0.256,0.0294,PASS,PASS,PASS,PASS
ff_27c_3.30v,ff,27,3.3,50,4.7,0.001,50.32,50.32,0,25.73,25.73,0,91243.2,91243.2,0,-0.5701,-0.5701,0,PASS,PASS,PASS,PASS
ff_27c_3.30v,ff,27,3.3,50,4.7,0.05,57.99,57.99,0,31.1,31.11,0.01,91874.6,91872.9,-0.00185035,-0.5483,-0.5485,-0.0002,PASS,PASS,PASS,PASS
ff_27c_3.30v,ff,27,3.3,50,4.7,0.2,83.12,83.11,-0.01,21.48,21.49,0.01,103294,103291,-0.00290433,-0.4491,-0.4493,-0.0002,PASS,PASS,PASS,PASS
ff_27c_3.30v,ff,27,3.3,50,4.7,0.5,115.24,115.26,0.02,13.94,13.95,0.01,518472,518304,-0.0324029,-0.1366,-0.1375,-0.0009,PASS,PASS,PASS,PASS
ff_27c_3.63v,ff,27,3.63,0,0.33,0.001,20.18,20.17,-0.01,53.45,53.44,-0.01,2636.73,2636.64,-0.00341332,-0.8035,-0.8041,-0.0006,FAIL,FAIL,PASS,PASS
ff_27c_3.63v,ff,27,3.63,0,0.33,0.05,20.18,20.18,0,53.44,53.44,0,2636.64,2636.64,0,-0.8041,-0.8041,0,FAIL,FAIL,PASS,PASS
ff_27c_3.63v,ff,27,3.63,0,0.33,0.2,20.23,20.23,0,53.44,53.44,0,2636.64,2636.64,0,-0.8041,-0.8041,0,FAIL,FAIL,PASS,PASS
ff_27c_3.63v,ff,27,3.63,0,0.33,0.5,20.32,20.32,0,53.44,53.44,0,2636.64,2636.64,0,-0.8041,-0.8041,0,FAIL,FAIL,PASS,PASS
ff_27c_3.63v,ff,27,3.63,0,1,0.001,11.86,11.85,-0.01,53.44,53.43,-0.01,1482.51,1482.49,-0.00134906,-0.8415,-0.8417,-0.0002,FAIL,FAIL,PASS,PASS
ff_27c_3.63v,ff,27,3.63,0,1,0.05,11.88,11.88,0,53.43,53.43,0,1482.49,1482.49,0,-0.8417,-0.8417,0,FAIL,FAIL,PASS,PASS
ff_27c_3.63v,ff,27,3.63,0,1,0.2,11.96,11.96,0,53.43,53.43,0,1482.49,1482.49,0,-0.8417,-0.8417,0,FAIL,FAIL,PASS,PASS
ff_27c_3.63v,ff,27,3.63,0,1,0.5,12.12,12.12,0,53.43,53.43,0,1482.5,1482.5,0,-0.8416,-0.8416,0,FAIL,FAIL,PASS,PASS
ff_27c_3.63v,ff,27,3.63,0,4.7,0.001,5.95,5.94,-0.01,53.44,53.43,-0.01,678.15,678.149,-0.00014746,-0.9425,-0.9426,-0.0001,FAIL,FAIL,PASS,PASS
ff_27c_3.63v,ff,27,3.63,0,4.7,0.05,6,6,0,53.43,53.43,0,678.149,678.149,0,-0.9425,-0.9425,0,FAIL,FAIL,PASS,PASS
ff_27c_3.63v,ff,27,3.63,0,4.7,0.2,6.17,6.17,0,53.43,53.43,0,678.152,678.152,0,-0.9425,-0.9425,0,FAIL,FAIL,PASS,PASS
ff_27c_3.63v,ff,27,3.63,0,4.7,0.5,6.52,6.52,0,53.43,53.43,0,678.166,678.166,0,-0.9421,-0.9421,0,FAIL,FAIL,PASS,PASS
ff_27c_3.63v,ff,27,3.63,0.1,0.33,0.001,53.54,53.54,0,22.34,22.34,0,118294,118294,0,-0.5602,-0.5602,0,PASS,PASS,PASS,PASS
ff_27c_3.63v,ff,27,3.63,0.1,0.33,0.05,54.23,54.23,0,24.16,24.16,0,118301,118301,0,-0.5595,-0.5595,0,PASS,PASS,PASS,PASS
ff_27c_3.63v,ff,27,3.63,0.1,0.33,0.2,56.31,56.31,0,33.8,33.8,0,118407,118407,0,-0.5487,-0.5487,0,PASS,PASS,PASS,PASS
ff_27c_3.63v,ff,27,3.63,0.1,0.33,0.5,60.37,60.37,0,40.99,40.99,0,119005,119005,0,-0.5522,-0.5522,0,PASS,PASS,PASS,PASS
ff_27c_3.63v,ff,27,3.63,0.1,1,0.001,72.32,72.32,0,32.31,32.31,0,40888.5,40888.5,0,-0.4369,-0.4369,0,PASS,PASS,PASS,PASS
ff_27c_3.63v,ff,27,3.63,0.1,1,0.05,73.04,73.04,0,41.38,41.38,0,40892.1,40892.1,0,-0.4361,-0.4361,0,PASS,PASS,PASS,PASS
ff_27c_3.63v,ff,27,3.63,0.1,1,0.2,75.25,75.25,0,49.55,49.55,0,40946.1,40946.1,0,-0.4242,-0.4242,0,PASS,PASS,PASS,PASS
ff_27c_3.63v,ff,27,3.63,0.1,1,0.5,79.68,79.68,0,43.44,43.44,0,41254,41254,0,-0.4037,-0.4037,0,PASS,PASS,PASS,PASS
ff_27c_3.63v,ff,27,3.63,0.1,4.7,0.001,48.64,48.64,0,49.37,49.37,0,10210.4,10210.4,0,-0.6581,-0.6581,0,PASS,PASS,PASS,PASS
ff_27c_3.63v,ff,27,3.63,0.1,4.7,0.05,49.49,49.49,0,53.74,53.74,0,10211.2,10211.2,0,-0.657,-0.657,0,PASS,PASS,PASS,PASS
ff_27c_3.63v,ff,27,3.63,0.1,4.7,0.2,52.11,52.11,0,50.12,50.12,0,10223.4,10223.4,0,-0.6406,-0.6406,0,PASS,PASS,PASS,PASS
ff_27c_3.63v,ff,27,3.63,0.1,4.7,0.5,57.49,57.49,0,44.01,44.01,0,10292.9,10292.9,0,-0.6177,-0.6177,0,PASS,PASS,PASS,PASS
ff_27c_3.63v,ff,27,3.63,1,0.33,0.001,42.42,42.42,0,11.93,11.93,0,354505,354505,0,-0.6031,-0.6031,0,FAIL,FAIL,PASS,PASS
ff_27c_3.63v,ff,27,3.63,1,0.33,0.05,44.46,44.46,0,13.42,13.42,0,354686,354686,0,-0.5967,-0.5967,0,FAIL,FAIL,PASS,PASS
ff_27c_3.63v,ff,27,3.63,1,0.33,0.2,50.49,49.13,-1.36,19.01,19.49,0.48,357455,347356,-2.82525,-0.5657,-0.5765,-0.0108,PASS,PASS,PASS,PASS
ff_27c_3.63v,ff,27,3.63,1,0.33,0.5,61.5,61.5,0,22.06,22.06,0,373804,373804,0,-0.5396,-0.5396,0,PASS,PASS,PASS,PASS
ff_27c_3.63v,ff,27,3.63,1,1,0.001,67.07,67.07,0,21.68,21.68,0,133948,133948,0,-0.4739,-0.4739,0,PASS,PASS,PASS,PASS
ff_27c_3.63v,ff,27,3.63,1,1,0.05,69.43,69.43,0,26.96,26.96,0,134062,134062,0,-0.4655,-0.4655,0,PASS,PASS,PASS,PASS
ff_27c_3.63v,ff,27,3.63,1,1,0.2,76.53,75.31,-1.22,31.1,31.64,0.54,135832,134012,-1.33989,-0.4399,-0.4619,-0.022,PASS,PASS,PASS,PASS
ff_27c_3.63v,ff,27,3.63,1,1,0.5,90.51,90.51,0,25.46,25.46,0,147117,147117,0,-0.384,-0.384,0,PASS,PASS,PASS,PASS
ff_27c_3.63v,ff,27,3.63,1,4.7,0.001,55.57,55.57,0,35.89,35.89,0,30242.2,30242.2,0,-0.545,-0.545,0,PASS,PASS,PASS,PASS
ff_27c_3.63v,ff,27,3.63,1,4.7,0.05,58.09,58.09,0,43.78,43.78,0,30265.9,30265.9,0,-0.5356,-0.5356,0,PASS,PASS,PASS,PASS
ff_27c_3.63v,ff,27,3.63,1,4.7,0.2,66.12,65.46,-0.66,33.92,34.35,0.43,30631,30505.8,-0.408736,-0.5142,-0.5597,-0.0455,PASS,PASS,PASS,PASS
ff_27c_3.63v,ff,27,3.63,1,4.7,0.5,83.77,83.77,0,26.44,26.44,0,32955.9,32955.9,0,-0.4399,-0.4399,0,PASS,PASS,PASS,PASS
ff_27c_3.63v,ff,27,3.63,10,0.33,0.001,29.79,29.61,-0.18,6.85,6.83,-0.02,626867,625200,-0.265926,-0.6153,-0.5801,0.0352,FAIL,FAIL,PASS,PASS
ff_27c_3.63v,ff,27,3.63,10,0.33,0.05,33.37,33.37,0,8.29,8.29,0,627841,627841,0,-0.5953,-0.5953,0,FAIL,FAIL,PASS,PASS
ff_27c_3.63v,ff,27,3.63,10,0.33,0.2,43.44,43.44,0,13.02,13.02,0,643055,643055,0,-0.5618,-0.5618,0,FAIL,FAIL,PASS,PASS
ff_27c_3.63v,ff,27,3.63,10,0.33,0.5,58.86,58.86,0,14.23,14.23,0,741381,741381,0,-0.4781,-0.4781,0,PASS,PASS,PASS,PASS
ff_27c_3.63v,ff,27,3.63,10,1,0.001,56.63,56.48,-0.15,16.55,16.53,-0.02,244655,244440,-0.0878788,-0.4708,-0.4797,-0.0089,PASS,PASS,PASS,PASS
ff_27c_3.63v,ff,27,3.63,10,1,0.05,60.92,60.92,0,21.28,21.28,0,245300,245300,0,-0.4978,-0.4978,0,PASS,PASS,PASS,PASS
ff_27c_3.63v,ff,27,3.63,10,1,0.2,73.78,73.78,0,23.1,23.1,0,255798,255798,0,-0.443,-0.443,0,PASS,PASS,PASS,PASS
ff_27c_3.63v,ff,27,3.63,10,1,0.5,97.75,97.75,0,17.3,17.3,0,348445,348445,0,-0.2661,-0.2661,0,PASS,PASS,PASS,PASS
ff_27c_3.63v,ff,27,3.63,10,4.7,0.001,49.71,49.65,-0.06,30.46,30.44,-0.02,64642.1,64631.4,-0.0165527,-0.5794,-0.5814,-0.002,PASS,PASS,PASS,PASS
ff_27c_3.63v,ff,27,3.63,10,4.7,0.05,55.13,55.13,0,35.72,35.72,0,64861.1,64861.1,0,-0.6013,-0.6013,0,PASS,PASS,PASS,PASS
ff_27c_3.63v,ff,27,3.63,10,4.7,0.2,72.7,72.7,0,25.8,25.8,0,68451.9,68451.9,0,-0.5083,-0.5083,0,PASS,PASS,PASS,PASS
ff_27c_3.63v,ff,27,3.63,10,4.7,0.5,114.74,114.74,0,18.23,18.23,0,106834,106834,0,-0.1881,-0.1881,0,PASS,PASS,PASS,PASS
ff_27c_3.63v,ff,27,3.63,25,0.33,0.001,18.13,18.1,-0.03,4.21,4.2,-0.01,751384,751438,0.00718674,-0.6461,-0.6452,0.0009,FAIL,FAIL,PASS,PASS
ff_27c_3.63v,ff,27,3.63,25,0.33,0.05,22.36,22.4,0.04,5.63,5.65,0.02,752941,752887,-0.00717188,-0.6921,-0.6931,-0.001,FAIL,FAIL,PASS,PASS
ff_27c_3.63v,ff,27,3.63,25,0.33,0.2,34.05,34.05,0,10.4,10.4,0,776606,776606,0,-0.6321,-0.6321,0,FAIL,FAIL,PASS,PASS
ff_27c_3.63v,ff,27,3.63,25,0.33,0.5,49.65,49.65,0,11.87,11.87,0,927558,927558,0,-0.5243,-0.5243,0,PASS,PASS,PASS,PASS
ff_27c_3.63v,ff,27,3.63,25,1,0.001,50.02,50.01,-0.01,13.9,13.89,-0.01,314020,314040,0.00636902,-0.5277,-0.527,0.0007,PASS,PASS,PASS,PASS
ff_27c_3.63v,ff,27,3.63,25,1,0.05,55.47,55.48,0.01,18.6,18.61,0.01,315353,315333,-0.0063421,-0.4814,-0.482,-0.0006,PASS,PASS,PASS,PASS
ff_27c_3.63v,ff,27,3.63,25,1,0.2,71.33,71.33,0,20.76,20.76,0,337367,337367,0,-0.437,-0.437,0,PASS,PASS,PASS,PASS
ff_27c_3.63v,ff,27,3.63,25,1,0.5,92.26,92.26,0,15.01,15.01,0,564058,564058,0,-0.2641,-0.2641,0,PASS,PASS,PASS,PASS
ff_27c_3.63v,ff,27,3.63,25,4.7,0.001,50.51,50.51,0,27.75,27.74,-0.01,83193,83195.8,0.00336567,-0.5766,-0.5762,0.0004,PASS,PASS,PASS,PASS
ff_27c_3.63v,ff,27,3.63,25,4.7,0.05,57.5,57.5,0,33.4,33.44,0.04,83675.1,83672.2,-0.00346579,-0.5684,-0.5688,-0.0004,PASS,PASS,PASS,PASS
ff_27c_3.63v,ff,27,3.63,25,4.7,0.2,80.36,80.36,0,23.53,23.53,0,92017.4,92017.4,0,-0.4803,-0.4803,0,PASS,PASS,PASS,PASS
ff_27c_3.63v,ff,27,3.63,25,4.7,0.5,127.25,127.25,0,15.95,15.95,0,327852,327852,0,-0.08309,-0.08309,0,PASS,PASS,PASS,PASS
ff_27c_3.63v,ff,27,3.63,50,0.33,0.001,9.52,9.53,0.01,2.19,2.2,0.01,858767,858678,-0.0103637,-0.7562,-0.7577,-0.0015,FAIL,FAIL,PASS,PASS
ff_27c_3.63v,ff,27,3.63,50,0.33,0.05,14.37,14.37,0,3.6,3.6,0,860839,860839,0,-0.7192,-0.7192,0,FAIL,FAIL,PASS,PASS
ff_27c_3.63v,ff,27,3.63,50,0.33,0.2,27.34,27.33,-0.01,8.29,8.28,-0.01,893678,893781,0.0115254,-0.6408,-0.6393,0.0015,FAIL,FAIL,PASS,PASS
ff_27c_3.63v,ff,27,3.63,50,0.33,0.5,42.32,42.32,0,9.81,9.81,0,1.09947e+06,1.09947e+06,0,-0.5231,-0.5231,0,FAIL,FAIL,PASS,PASS
ff_27c_3.63v,ff,27,3.63,50,1,0.001,44.81,44.81,0,11.87,11.87,0,376652,376630,-0.00584094,-0.5121,-0.5127,-0.0006,FAIL,FAIL,PASS,PASS
ff_27c_3.63v,ff,27,3.63,50,1,0.05,51.31,51.31,0,16.47,16.47,0,378835,378835,0,-0.5061,-0.5061,0,PASS,PASS,PASS,PASS
ff_27c_3.63v,ff,27,3.63,50,1,0.2,69.41,69.41,0,18.71,18.7,-0.01,416545,416576,0.00744217,-0.4526,-0.4519,0.0007,PASS,PASS,PASS,PASS
ff_27c_3.63v,ff,27,3.63,50,1,0.5,81.89,81.89,0,12.97,12.97,0,794949,794949,0,-0.2982,-0.2982,0,PASS,PASS,PASS,PASS
ff_27c_3.63v,ff,27,3.63,50,4.7,0.001,51.66,51.66,0,25.68,25.68,0,99489.6,99487.5,-0.00211077,-0.5565,-0.5568,-0.0003,PASS,PASS,PASS,PASS
ff_27c_3.63v,ff,27,3.63,50,4.7,0.05,60.03,60.03,0,31.35,31.35,0,100333,100333,0,-0.5779,-0.5779,0,PASS,PASS,PASS,PASS
ff_27c_3.63v,ff,27,3.63,50,4.7,0.2,87.62,87.62,0,21.51,21.49,-0.02,116182,116186,0.00344287,-0.3931,-0.3928,0.0003,PASS,PASS,PASS,PASS
ff_27c_3.63v,ff,27,3.63,50,4.7,0.5,105.84,105.84,0,13.92,13.92,0,686877,686877,0,-0.2092,-0.2092,0,PASS,PASS,PASS,PASS
fs_-40c_2.97v,fs,-40,2.97,0,0.33,0.001,34.88,34.88,0,52.95,52.95,0,3461.97,3461.96,-0.000288853,-0.7648,-0.7649,-0.0001,FAIL,FAIL,PASS,PASS
fs_-40c_2.97v,fs,-40,2.97,0,0.33,0.05,34.88,34.9,0.02,52.94,52.94,0,3461.49,3461.96,0.013578,-0.767,-0.7649,0.0021,FAIL,FAIL,PASS,PASS
fs_-40c_2.97v,fs,-40,2.97,0,0.33,0.2,34.94,34.96,0.02,52.92,52.92,0,3461.5,3461.97,0.0135779,-0.7669,-0.7648,0.0021,FAIL,FAIL,PASS,PASS
fs_-40c_2.97v,fs,-40,2.97,0,0.33,0.5,35.06,35.09,0.03,52.88,52.88,0,3461.51,3461.98,0.0135779,-0.7669,-0.7648,0.0021,FAIL,FAIL,PASS,PASS
fs_-40c_2.97v,fs,-40,2.97,0,1,0.001,20.62,20.62,0,52.93,52.93,0,1856.81,1856.81,0,-0.7929,-0.7929,0,FAIL,FAIL,PASS,PASS
fs_-40c_2.97v,fs,-40,2.97,0,1,0.05,20.64,20.66,0.02,52.92,52.92,0,1856.73,1856.81,0.00430865,-0.7937,-0.7929,0.0008,FAIL,FAIL,PASS,PASS
fs_-40c_2.97v,fs,-40,2.97,0,1,0.2,20.74,20.76,0.02,52.9,52.9,0,1856.73,1856.81,0.00430865,-0.7937,-0.7929,0.0008,FAIL,FAIL,PASS,PASS
fs_-40c_2.97v,fs,-40,2.97,0,1,0.5,20.94,20.96,0.02,52.86,52.86,0,1856.74,1856.83,0.00484721,-0.7936,-0.7928,0.0008,FAIL,FAIL,PASS,PASS
fs_-40c_2.97v,fs,-40,2.97,0,4.7,0.001,9.72,9.72,0,52.92,52.92,0,833.862,833.862,0,-0.8435,-0.8435,0,FAIL,FAIL,PASS,PASS
fs_-40c_2.97v,fs,-40,2.97,0,4.7,0.05,9.78,9.79,0.01,52.91,52.91,0,833.854,833.862,0.000959401,-0.8437,-0.8435,0.0002,FAIL,FAIL,PASS,PASS
fs_-40c_2.97v,fs,-40,2.97,0,4.7,0.2,9.99,10,0.01,52.89,52.89,0,833.859,833.867,0.000959395,-0.8436,-0.8434,0.0002,FAIL,FAIL,PASS,PASS
fs_-40c_2.97v,fs,-40,2.97,0,4.7,0.5,10.41,10.42,0.01,52.85,52.85,0,833.886,833.894,0.000959364,-0.8429,-0.8428,0.0001,FAIL,FAIL,PASS,PASS
fs_-40c_2.97v,fs,-40,2.97,0.1,0.33,0.001,57.17,57.17,0,20.61,20.61,0,107520,107520,0,-0.5624,-0.5624,0,PASS,PASS,PASS,PASS
fs_-40c_2.97v,fs,-40,2.97,0.1,0.33,0.05,57.79,57.79,0,21.84,21.84,0,107525,107525,0,-0.5618,-0.5618,0,PASS,PASS,PASS,PASS
fs_-40c_2.97v,fs,-40,2.97,0.1,0.33,0.2,59.69,59.69,0,26.92,26.92,0,107610,107610,0,-0.5528,-0.5528,0,PASS,PASS,PASS,PASS
fs_-40c_2.97v,fs,-40,2.97,0.1,0.33,0.5,63.39,63.39,0,35.84,35.84,0,108087,108087,0,-0.5028,-0.5028,0,PASS,PASS,PASS,PASS
fs_-40c_2.97v,fs,-40,2.97,0.1,1,0.001,74.07,74.07,0,30.54,30.54,0,35318.8,35318.8,0,-0.4033,-0.4033,0,PASS,PASS,PASS,PASS
fs_-40c_2.97v,fs,-40,2.97,0.1,1,0.05,74.69,74.69,0,35.38,35.38,0,35321.1,35321.1,0,-0.4028,-0.4028,0,PASS,PASS,PASS,PASS
fs_-40c_2.97v,fs,-40,2.97,0.1,1,0.2,76.6,76.6,0,45.92,45.92,0,35356.5,35356.5,0,-0.394,-0.394,0,PASS,PASS,PASS,PASS
fs_-40c_2.97v,fs,-40,2.97,0.1,1,0.5,80.45,80.45,0,40.54,40.54,0,35557.2,35557.2,0,-0.3898,-0.3898,0,PASS,PASS,PASS,PASS
fs_-40c_2.97v,fs,-40,2.97,0.1,4.7,0.001,47.69,47.69,0,46.71,46.71,0,8953.2,8953.2,0,-0.6578,-0.6578,0,PASS,PASS,PASS,PASS
fs_-40c_2.97v,fs,-40,2.97,0.1,4.7,0.05,48.43,48.43,0,52.95,52.95,0,8953.73,8953.73,0,-0.6569,-0.6569,0,PASS,PASS,PASS,PASS
fs_-40c_2.97v,fs,-40,2.97,0.1,4.7,0.2,50.73,50.73,0,47.85,47.85,0,8961.81,8961.81,0,-0.6444,-0.6444,0,PASS,PASS,PASS,PASS
fs_-40c_2.97v,fs,-40,2.97,0.1,4.7,0.5,55.43,55.43,0,41.51,41.51,0,9007.69,9007.69,0,-0.644,-0.644,0,PASS,PASS,PASS,PASS
fs_-40c_2.97v,fs,-40,2.97,1,0.33,0.001,52.12,52.12,0,12.19,12.19,0,270658,270658,0,-0.5117,-0.5117,0,PASS,PASS,PASS,PASS
fs_-40c_2.97v,fs,-40,2.97,1,0.33,0.05,53.68,53.68,0,13.16,13.16,0,270751,270751,0,-0.5079,-0.5079,0,PASS,PASS,PASS,PASS
fs_-40c_2.97v,fs,-40,2.97,1,0.33,0.2,58.35,58.35,0,16.45,16.45,0,272175,272175,0,-0.508,-0.508,0,PASS,PASS,PASS,PASS
fs_-40c_2.97v,fs,-40,2.97,1,0.33,0.5,67.15,67.15,0,19.81,19.81,0,280531,280531,0,-0.4673,-0.4673,0,PASS,PASS,PASS,PASS
fs_-40c_2.97v,fs,-40,2.97,1,1,0.001,69.33,69.33,0,21.92,21.92,0,93171.2,93171.2,0,-0.4605,-0.4605,0,PASS,PASS,PASS,PASS
fs_-40c_2.97v,fs,-40,2.97,1,1,0.05,70.98,70.98,0,25.13,25.13,0,93210.1,93210.1,0,-0.4565,-0.4565,0,PASS,PASS,PASS,PASS
fs_-40c_2.97v,fs,-40,2.97,1,1,0.2,76.01,76.01,0,29.31,29.31,0,93816.5,93816.5,0,-0.4442,-0.4442,0,PASS,PASS,PASS,PASS
fs_-40c_2.97v,fs,-40,2.97,1,1,0.5,86.2,86.2,0,24.74,24.74,0,97463.3,97463.3,0,-0.4274,-0.4274,0,PASS,PASS,PASS,PASS
fs_-40c_2.97v,fs,-40,2.97,1,4.7,0.001,46.88,46.88,0,36.01,36.01,0,23560.4,23560.4,0,-0.6485,-0.6485,0,PASS,PASS,PASS,PASS
fs_-40c_2.97v,fs,-40,2.97,1,4.7,0.05,48.85,48.85,0,42.33,42.33,0,23570.1,23570.1,0,-0.6428,-0.6428,0,PASS,PASS,PASS,PASS
fs_-40c_2.97v,fs,-40,2.97,1,4.7,0.2,55.02,55.02,0,33.41,33.41,0,23719.4,23719.4,0,-0.6257,-0.6257,0,PASS,PASS,PASS,PASS
fs_-40c_2.97v,fs,-40,2.97,1,4.7,0.5,68.1,68.1,0,26.1,26.1,0,24606.3,24606.3,0,-0.5463,-0.5463,0,PASS,PASS,PASS,PASS
fs_-40c_2.97v,fs,-40,2.97,10,0.33,0.001,24.25,24.25,0,5.24,5.24,0,525548,525548,0,-0.6104,-0.6104,0,FAIL,FAIL,PASS,PASS
fs_-40c_2.97v,fs,-40,2.97,10,0.33,0.05,27.25,27.25,0,6.24,6.24,0,526103,526103,0,-0.5964,-0.5964,0,FAIL,FAIL,PASS,PASS
fs_-40c_2.97v,fs,-40,2.97,10,0.33,0.2,35.76,35.76,0,9.57,9.57,0,534692,534692,0,-0.5938,-0.5938,0,FAIL,FAIL,PASS,PASS
fs_-40c_2.97v,fs,-40,2.97,10,0.33,0.5,49.34,49.34,0,12.69,12.69,0,587422,587422,0,-0.5602,-0.5602,0,PASS,PASS,PASS,PASS
fs_-40c_2.97v,fs,-40,2.97,10,1,0.001,55.62,55.62,0,14.92,14.92,0,207802,207802,0,-0.4882,-0.4882,0,PASS,PASS,PASS,PASS
fs_-40c_2.97v,fs,-40,2.97,10,1,0.05,59.25,59.25,0,18.14,18.14,0,208196,208196,0,-0.4683,-0.4683,0,PASS,PASS,PASS,PASS
fs_-40c_2.97v,fs,-40,2.97,10,1,0.2,70.07,70.07,0,22.07,22.07,0,214536,214536,0,-0.4814,-0.4814,0,PASS,PASS,PASS,PASS
fs_-40c_2.97v,fs,-40,2.97,10,1,0.5,90.2,90.2,0,17.42,17.42,0,262824,262824,0,-0.3231,-0.3231,0,PASS,PASS,PASS,PASS
fs_-40c_2.97v,fs,-40,2.97,10,4.7,0.001,51.86,51.86,0,28.7,28.7,0,52611.5,52611.5,0,-0.543,-0.543,0,PASS,PASS,PASS,PASS
fs_-40c_2.97v,fs,-40,2.97,10,4.7,0.05,56.27,56.27,0,35.05,35.05,0,52732.7,52732.7,0,-0.5774,-0.5774,0,PASS,PASS,PASS,PASS
fs_-40c_2.97v,fs,-40,2.97,10,4.7,0.2,70.42,70.42,0,26.16,26.16,0,54694.6,54694.6,0,-0.5086,-0.5086,0,PASS,PASS,PASS,PASS
fs_-40c_2.97v,fs,-40,2.97,10,4.7,0.5,103.3,103.3,0,18.75,18.75,0,71388.3,71388.3,0,-0.2682,-0.2682,0,PASS,PASS,PASS,PASS
fs_-40c_2.97v,fs,-40,2.97,25,0.33,0.001,10.54,10.54,0,2.26,2.26,0,648768,648768,0,-0.7179,-0.7179,0,FAIL,FAIL,PASS,PASS
fs_-40c_2.97v,fs,-40,2.97,25,0.33,0.05,14.22,14.22,0,3.24,3.24,0,649685,649685,0,-0.6968,-0.6968,0,FAIL,FAIL,PASS,PASS
fs_-40c_2.97v,fs,-40,2.97,25,0.33,0.2,24.36,24.36,0,6.51,6.51,0,664061,664061,0,-0.689,-0.689,0,FAIL,FAIL,PASS,PASS
fs_-40c_2.97v,fs,-40,2.97,25,0.33,0.5,38.69,38.69,0,9.69,9.69,0,751592,751592,0,-0.5611,-0.5611,0,FAIL,FAIL,PASS,PASS
fs_-40c_2.97v,fs,-40,2.97,25,1,0.001,48.02,48.02,0,11.92,11.92,0,277067,277067,0,-0.5146,-0.5146,0,PASS,PASS,PASS,PASS
fs_-40c_2.97v,fs,-40,2.97,25,1,0.05,52.83,52.83,0,15.07,15.07,0,277959,277959,0,-0.5366,-0.5366,0,PASS,PASS,PASS,PASS
fs_-40c_2.97v,fs,-40,2.97,25,1,0.2,66.58,66.58,0,19.09,19.09,0,292674,292674,0,-0.4892,-0.4892,0,PASS,PASS,PASS,PASS
fs_-40c_2.97v,fs,-40,2.97,25,1,0.5,86.08,86.08,0,14.49,14.49,0,422368,422368,0,-0.2792,-0.2792,0,PASS,PASS,PASS,PASS
fs_-40c_2.97v,fs,-40,2.97,25,4.7,0.001,54.75,54.75,0,25.65,25.65,0,69461.8,69461.8,0,-0.5577,-0.5577,0,PASS,PASS,PASS,PASS
fs_-40c_2.97v,fs,-40,2.97,25,4.7,0.05,60.58,60.58,0,32.08,32.08,0,69757.1,69757.1,0,-0.5085,-0.5085,0,PASS,PASS,PASS,PASS
fs_-40c_2.97v,fs,-40,2.97,25,4.7,0.2,79.44,79.44,0,23.25,23.25,0,74795.5,74795.5,0,-0.4761,-0.4761,0,PASS,PASS,PASS,PASS
fs_-40c_2.97v,fs,-40,2.97,25,4.7,0.5,124.42,124.42,0,15.83,15.83,0,160358,160358,0,-0.1046,-0.1046,0,PASS,PASS,PASS,PASS
fs_-40c_2.97v,fs,-40,2.97,50,0.33,0.001,0.77,0.77,0,0.16,0.16,0,745868,745790,-0.0104576,-0.7563,-0.7578,-0.0015,FAIL,FAIL,PASS,PASS
fs_-40c_2.97v,fs,-40,2.97,50,0.33,0.05,4.98,4.98,0,1.13,1.13,0,747123,747045,-0.01044,-0.7292,-0.7307,-0.0015,FAIL,FAIL,PASS,PASS
fs_-40c_2.97v,fs,-40,2.97,50,0.33,0.2,16.33,16.33,0,4.35,4.35,0,767206,767123,-0.0108185,-0.7331,-0.7346,-0.0015,FAIL,FAIL,PASS,PASS
fs_-40c_2.97v,fs,-40,2.97,50,0.33,0.5,30.67,30.67,0,7.51,7.51,0,887546,887432,-0.0128444,-0.6074,-0.6089,-0.0015,FAIL,FAIL,PASS,PASS
fs_-40c_2.97v,fs,-40,2.97,50,1,0.001,41.54,41.55,0.01,9.8,9.8,0,336834,336784,-0.0148441,-0.544,-0.5455,-0.0015,FAIL,FAIL,PASS,PASS
fs_-40c_2.97v,fs,-40,2.97,50,1,0.05,47.33,47.33,0,12.9,12.9,0,338354,338303,-0.015073,-0.5524,-0.5539,-0.0015,PASS,PASS,PASS,PASS
fs_-40c_2.97v,fs,-40,2.97,50,1,0.2,63.17,63.18,0.01,16.91,16.91,0,364113,364052,-0.016753,-0.4467,-0.4482,-0.0015,PASS,PASS,PASS,PASS
fs_-40c_2.97v,fs,-40,2.97,50,1,0.5,76.77,76.78,0.01,12.34,12.34,0,593485,593340,-0.024432,-0.3086,-0.3101,-0.0015,PASS,PASS,PASS,PASS
fs_-40c_2.97v,fs,-40,2.97,50,4.7,0.001,56.42,56.42,0,23.5,23.51,0.01,84777.4,84764,-0.0158061,-0.5035,-0.5051,-0.0016,PASS,PASS,PASS,PASS
fs_-40c_2.97v,fs,-40,2.97,50,4.7,0.05,63.52,63.52,0,29.9,29.9,0,85332.2,85318.5,-0.0160549,-0.4882,-0.4898,-0.0016,PASS,PASS,PASS,PASS
fs_-40c_2.97v,fs,-40,2.97,50,4.7,0.2,86.62,86.62,0,21.1,21.1,0,95476.3,95456.9,-0.0203192,-0.3999,-0.4015,-0.0016,PASS,PASS,PASS,PASS
fs_-40c_2.97v,fs,-40,2.97,50,4.7,0.5,111.69,111.71,0.02,13.68,13.68,0,441467,441230,-0.0536846,-0.1523,-0.1538,-0.0015,PASS,PASS,PASS,PASS
fs_-40c_3.30v,fs,-40,3.3,0,0.33,0.001,36.71,36.73,0.02,52.85,52.86,0.01,3704.32,3704.82,0.0134978,-0.6895,-0.6874,0.0021,FAIL,FAIL,PASS,PASS
fs_-40c_3.30v,fs,-40,3.3,0,0.33,0.05,36.73,36.75,0.02,52.85,52.85,0,3704.32,3704.82,0.0134978,-0.6895,-0.6874,0.0021,FAIL,FAIL,PASS,PASS
fs_-40c_3.30v,fs,-40,3.3,0,0.33,0.2,36.79,36.82,0.03,52.83,52.83,0,3704.32,3704.83,0.0137677,-0.6895,-0.6874,0.0021,FAIL,FAIL,PASS,PASS
fs_-40c_3.30v,fs,-40,3.3,0,0.33,0.5,36.93,36.95,0.02,52.79,52.8,0.01,3704.33,3704.84,0.0137677,-0.6894,-0.6873,0.0021,FAIL,FAIL,PASS,PASS
fs_-40c_3.30v,fs,-40,3.3,0,1,0.001,21.78,21.79,0.01,52.84,52.84,0,1970.93,1971.02,0.00456637,-0.8457,-0.8449,0.0008,FAIL,FAIL,PASS,PASS
fs_-40c_3.30v,fs,-40,3.3,0,1,0.05,21.81,21.83,0.02,52.83,52.84,0.01,1970.93,1971.02,0.00456637,-0.8457,-0.8449,0.0008,FAIL,FAIL,PASS,PASS
fs_-40c_3.30v,fs,-40,3.3,0,1,0.2,21.92,21.94,0.02,52.81,52.82,0.01,1970.93,1971.02,0.00456637,-0.8457,-0.8449,0.0008,FAIL,FAIL,PASS,PASS
fs_-40c_3.30v,fs,-40,3.3,0,1,0.5,22.13,22.15,0.02,52.78,52.78,0,1970.94,1971.04,0.00507372,-0.8455,-0.8447,0.0008,FAIL,FAIL,PASS,PASS
fs_-40c_3.30v,fs,-40,3.3,0,4.7,0.001,10.27,10.28,0.01,52.83,52.83,0,882.302,882.31,0.000906719,-0.8607,-0.8605,0.0002,FAIL,FAIL,PASS,PASS
fs_-40c_3.30v,fs,-40,3.3,0,4.7,0.05,10.34,10.35,0.01,52.82,52.83,0.01,882.302,882.311,0.00102006,-0.8607,-0.8605,0.0002,FAIL,FAIL,PASS,PASS
fs_-40c_3.30v,fs,-40,3.3,0,4.7,0.2,10.57,10.57,0,52.81,52.81,0,882.308,882.316,0.000906713,-0.8606,-0.8604,0.0002,FAIL,FAIL,PASS,PASS
fs_-40c_3.30v,fs,-40,3.3,0,4.7,0.5,11.02,11.02,0,52.77,52.77,0,882.339,882.348,0.00102002,-0.8599,-0.8597,0.0002,FAIL,FAIL,PASS,PASS
fs_-40c_3.30v,fs,-40,3.3,0.1,0.33,0.001,51.8,51.8,0,20.11,20.11,0,122036,122036,0,-0.6102,-0.6102,0,PASS,PASS,PASS,PASS
fs_-40c_3.30v,fs,-40,3.3,0.1,0.33,0.05,52.51,52.51,0,21.51,21.51,0,122044,122044,0,-0.6094,-0.6094,0,PASS,PASS,PASS,PASS
fs_-40c_3.30v,fs,-40,3.3,0.1,0.33,0.2,54.65,54.65,0,27.72,27.72,0,122158,122158,0,-0.5979,-0.5979,0,PASS,PASS,PASS,PASS
fs_-40c_3.30v,fs,-40,3.3,0.1,0.33,0.5,58.5,58.83,0.33,37.19,36.9,-0.29,121766,122801,0.849991,-0.5658,-0.5984,-0.0326,PASS,PASS,PASS,PASS
fs_-40c_3.30v,fs,-40,3.3,0.1,1,0.001,73.72,73.72,0,30.03,30.03,0,42757.2,42757.2,0,-0.3956,-0.3956,0,PASS,PASS,PASS,PASS
fs_-40c_3.30v,fs,-40,3.3,0.1,1,0.05,74.47,74.47,0,35.8,35.8,0,42761.3,42761.3,0,-0.3948,-0.3948,0,PASS,PASS,PASS,PASS
fs_-40c_3.30v,fs,-40,3.3,0.1,1,0.2,76.78,76.78,0,46.5,46.5,0,42824.2,42824.2,0,-0.4278,-0.4278,0,PASS,PASS,PASS,PASS
fs_-40c_3.30v,fs,-40,3.3,0.1,1,0.5,81.05,81.37,0.32,41.05,40.78,-0.27,42925.2,43182.5,0.599415,-0.4032,-0.4004,0.0028,PASS,PASS,PASS,PASS
fs_-40c_3.30v,fs,-40,3.3,0.1,4.7,0.001,52.56,52.56,0,46.02,46.02,0,9990.32,9990.32,0,-0.6128,-0.6128,0,PASS,PASS,PASS,PASS
fs_-40c_3.30v,fs,-40,3.3,0.1,4.7,0.05,53.39,53.39,0,52.94,52.94,0,9991.11,9991.11,0,-0.6118,-0.6118,0,PASS,PASS,PASS,PASS
fs_-40c_3.30v,fs,-40,3.3,0.1,4.7,0.2,55.96,55.96,0,48.01,48.01,0,10003.1,10003.1,0,-0.5961,-0.5961,0,PASS,PASS,PASS,PASS
fs_-40c_3.30v,fs,-40,3.3,0.1,4.7,0.5,60.96,61.22,0.26,41.88,41.63,-0.25,10050.2,10071.5,0.211936,-0.5995,-0.5741,0.0254,PASS,PASS,PASS,PASS
fs_-40c_3.30v,fs,-40,3.3,1,0.33,0.001,47.53,47.53,0,11.71,11.71,0,309941,309941,0,-0.5114,-0.5114,0,PASS,PASS,PASS,PASS
fs_-40c_3.30v,fs,-40,3.3,1,0.33,0.05,49.32,49.32,0,12.84,12.84,0,310073,310073,0,-0.5672,-0.5672,0,PASS,PASS,PASS,PASS
fs_-40c_3.30v,fs,-40,3.3,1,0.33,0.2,54.62,54.62,0,16.81,16.81,0,312091,312091,0,-0.5529,-0.5529,0,PASS,PASS,PASS,PASS
fs_-40c_3.30v,fs,-40,3.3,1,0.33,0.5,64.44,64.44,0,20.36,20.36,0,323992,323992,0,-0.4901,-0.4901,0,PASS,PASS,PASS,PASS
fs_-40c_3.30v,fs,-40,3.3,1,1,0.001,69.03,69.03,0,21.45,21.45,0,110471,110471,0,-0.4353,-0.4353,0,PASS,PASS,PASS,PASS
fs_-40c_3.30v,fs,-40,3.3,1,1,0.05,70.97,70.97,0,25.26,25.26,0,110537,110537,0,-0.4297,-0.4297,0,PASS,PASS,PASS,PASS
fs_-40c_3.30v,fs,-40,3.3,1,1,0.2,76.89,76.89,0,29.71,29.71,0,111546,111546,0,-0.4425,-0.4425,0,PASS,PASS,PASS,PASS
fs_-40c_3.30v,fs,-40,3.3,1,1,0.5,88.76,88.76,0,24.75,24.75,0,117763,117763,0,-0.3786,-0.3786,0,PASS,PASS,PASS,PASS
fs_-40c_3.30v,fs,-40,3.3,1,4.7,0.001,51.53,51.53,0,35.57,35.57,0,26155.7,26155.7,0,-0.5958,-0.5958,0,PASS,PASS,PASS,PASS
fs_-40c_3.30v,fs,-40,3.3,1,4.7,0.05,53.71,53.71,0,42.63,42.63,0,26170,26170,0,-0.5887,-0.5887,0,PASS,PASS,PASS,PASS
fs_-40c_3.30v,fs,-40,3.3,1,4.7,0.2,60.6,60.6,0,33.34,33.34,0,26389.8,26389.8,0,-0.6111,-0.6111,0,PASS,PASS,PASS,PASS
fs_-40c_3.30v,fs,-40,3.3,1,4.7,0.5,75.43,75.43,0,25.96,25.96,0,27726.6,27726.6,0,-0.5051,-0.5051,0,PASS,PASS,PASS,PASS
fs_-40c_3.30v,fs,-40,3.3,10,0.33,0.001,22.44,22.44,0,5.19,5.19,0,571271,571271,0,-0.6738,-0.6738,0,FAIL,FAIL,PASS,PASS
fs_-40c_3.30v,fs,-40,3.3,10,0.33,0.05,25.7,25.7,0,6.35,6.35,0,571956,571956,0,-0.6571,-0.6571,0,FAIL,FAIL,PASS,PASS
fs_-40c_3.30v,fs,-40,3.3,10,0.33,0.2,34.91,34.91,0,10.33,10.33,0,582555,582555,0,-0.6244,-0.6244,0,FAIL,FAIL,PASS,PASS
fs_-40c_3.30v,fs,-40,3.3,10,0.33,0.5,49.34,49.34,0,13.39,13.39,0,647748,647748,0,-0.5751,-0.5751,0,PASS,PASS,PASS,PASS
fs_-40c_3.30v,fs,-40,3.3,10,1,0.001,54.25,54.25,0,14.88,14.88,0,233244,233244,0,-0.4944,-0.4944,0,PASS,PASS,PASS,PASS
fs_-40c_3.30v,fs,-40,3.3,10,1,0.05,58.32,58.32,0,18.69,18.69,0,233797,233797,0,-0.5248,-0.5248,0,PASS,PASS,PASS,PASS
fs_-40c_3.30v,fs,-40,3.3,10,1,0.2,70.31,70.31,0,22.61,22.61,0,242695,242695,0,-0.4628,-0.4628,0,PASS,PASS,PASS,PASS
fs_-40c_3.30v,fs,-40,3.3,10,1,0.5,91.42,91.42,0,17.55,17.55,0,314458,314458,0,-0.3015,-0.3015,0,PASS,PASS,PASS,PASS
fs_-40c_3.30v,fs,-40,3.3,10,4.7,0.001,54.08,54.08,0,28.7,28.7,0,58296.2,58296.2,0,-0.5363,-0.5363,0,PASS,PASS,PASS,PASS
fs_-40c_3.30v,fs,-40,3.3,10,4.7,0.05,58.97,58.97,0,35.48,35.48,0,58468.1,58468.1,0,-0.5619,-0.5619,0,PASS,PASS,PASS,PASS
fs_-40c_3.30v,fs,-40,3.3,10,4.7,0.2,74.74,74.74,0,26.2,26.2,0,61280.7,61280.7,0,-0.4934,-0.4934,0,PASS,PASS,PASS,PASS
fs_-40c_3.30v,fs,-40,3.3,10,4.7,0.5,112.52,112.52,0,18.72,18.72,0,89906.4,89906.4,0,-0.1982,-0.1982,0,PASS,PASS,PASS,PASS
fs_-40c_3.30v,fs,-40,3.3,25,0.33,0.001,9.52,9.52,0,2.2,2.2,0,698056,698056,0,-0.7639,-0.7639,0,FAIL,FAIL,PASS,PASS
fs_-40c_3.30v,fs,-40,3.3,25,0.33,0.05,13.48,13.48,0,3.33,3.33,0,699171,699171,0,-0.7392,-0.7392,0,FAIL,FAIL,PASS,PASS
fs_-40c_3.30v,fs,-40,3.3,25,0.33,0.2,24.38,24.38,0,7.24,7.24,0,716552,716552,0,-0.6905,-0.6905,0,FAIL,FAIL,PASS,PASS
fs_-40c_3.30v,fs,-40,3.3,25,0.33,0.5,39.5,39.5,0,10.39,10.39,0,822442,822442,0,-0.5895,-0.5895,0,FAIL,FAIL,PASS,PASS
fs_-40c_3.30v,fs,-40,3.3,25,1,0.001,46.02,46.02,0,11.86,11.86,0,308018,308018,0,-0.5081,-0.5081,0,PASS,PASS,PASS,PASS
fs_-40c_3.30v,fs,-40,3.3,25,1,0.05,51.34,51.34,0,15.59,15.59,0,309217,309217,0,-0.5235,-0.5235,0,PASS,PASS,PASS,PASS
fs_-40c_3.30v,fs,-40,3.3,25,1,0.2,66.35,66.35,0,19.63,19.63,0,329049,329049,0,-0.4789,-0.4789,0,PASS,PASS,PASS,PASS
fs_-40c_3.30v,fs,-40,3.3,25,1,0.5,84.55,84.55,0,14.63,14.63,0,505611,505611,0,-0.3176,-0.3176,0,PASS,PASS,PASS,PASS
fs_-40c_3.30v,fs,-40,3.3,25,4.7,0.001,56.37,56.37,0,25.63,25.63,0,77404.8,77404.8,0,-0.4973,-0.4973,0,PASS,PASS,PASS,PASS
fs_-40c_3.30v,fs,-40,3.3,25,4.7,0.05,62.86,62.86,0,32.52,32.52,0,77828.3,77828.3,0,-0.494,-0.494,0,PASS,PASS,PASS,PASS
fs_-40c_3.30v,fs,-40,3.3,25,4.7,0.2,83.97,83.97,0,23.3,23.3,0,85240.3,85240.3,0,-0.4104,-0.4104,0,PASS,PASS,PASS,PASS
fs_-40c_3.30v,fs,-40,3.3,25,4.7,0.5,124.18,124.18,0,15.82,15.82,0,294039,294039,0,-0.09529,-0.09529,0,PASS,PASS,PASS,PASS
fs_-40c_3.30v,fs,-40,3.3,50,0.33,0.001,0.22,0.22,0,0.05,0.05,0,800488,800488,0,-0.7498,-0.7498,0,FAIL,FAIL,PASS,PASS
fs_-40c_3.30v,fs,-40,3.3,50,0.33,0.05,4.75,4.75,0,1.17,1.17,0,802031,802031,0,-0.8055,-0.8055,0,FAIL,FAIL,PASS,PASS
fs_-40c_3.30v,fs,-40,3.3,50,0.33,0.2,16.91,16.91,0,4.99,4.99,0,826387,826387,0,-0.7528,-0.7528,0,FAIL,FAIL,PASS,PASS
fs_-40c_3.30v,fs,-40,3.3,50,0.33,0.5,31.94,31.94,0,8.15,8.15,0,972210,972210,0,-0.6176,-0.6176,0,FAIL,FAIL,PASS,PASS
fs_-40c_3.30v,fs,-40,3.3,50,1,0.001,39.22,39.22,0,9.7,9.7,0,372590,372590,0,-0.5331,-0.5331,0,FAIL,FAIL,PASS,PASS
fs_-40c_3.30v,fs,-40,3.3,50,1,0.05,45.6,45.6,0,13.35,13.35,0,374598,374598,0,-0.5319,-0.5319,0,PASS,PASS,PASS,PASS
fs_-40c_3.30v,fs,-40,3.3,50,1,0.2,62.72,62.72,0,17.4,17.4,0,408542,408542,0,-0.4569,-0.4569,0,PASS,PASS,PASS,PASS
fs_-40c_3.30v,fs,-40,3.3,50,1,0.5,74.1,74.1,0,12.43,12.43,0,696111,696111,0,-0.3501,-0.3501,0,PASS,PASS,PASS,PASS
fs_-40c_3.30v,fs,-40,3.3,50,4.7,0.001,57.58,57.58,0,23.44,23.44,0,95023.5,95023.5,0,-0.5046,-0.5046,0,PASS,PASS,PASS,PASS
fs_-40c_3.30v,fs,-40,3.3,50,4.7,0.05,65.53,65.53,0,30.28,30.28,0,95832.3,95832.3,0,-0.5242,-0.5242,0,PASS,PASS,PASS,PASS
fs_-40c_3.30v,fs,-40,3.3,50,4.7,0.2,91.46,91.46,0,21.1,21.1,0,111298,111298,0,-0.3773,-0.3773,0,PASS,PASS,PASS,PASS
fs_-40c_3.30v,fs,-40,3.3,50,4.7,0.5,101.44,101.44,0,13.62,13.62,0,591456,591456,0,-0.2365,-0.2365,0,PASS,PASS,PASS,PASS
fs_-40c_3.63v,fs,-40,3.63,0,0.33,0.001,38.41,38.41,0,52.79,52.79,0,3936.44,3936.44,0,-0.7114,-0.7114,0,FAIL,FAIL,PASS,PASS
fs_-40c_3.63v,fs,-40,3.63,0,0.33,0.05,38.43,38.43,0,52.79,52.79,0,3936.44,3936.44,0,-0.7114,-0.7114,0,FAIL,FAIL,PASS,PASS
fs_-40c_3.63v,fs,-40,3.63,0,0.33,0.2,38.5,38.5,0,52.77,52.77,0,3936.44,3936.44,0,-0.7114,-0.7114,0,FAIL,FAIL,PASS,PASS
fs_-40c_3.63v,fs,-40,3.63,0,0.33,0.5,38.64,38.64,0,52.74,52.74,0,3936.46,3936.46,0,-0.7113,-0.7113,0,FAIL,FAIL,PASS,PASS
fs_-40c_3.63v,fs,-40,3.63,0,1,0.001,22.88,22.88,0,52.78,52.78,0,2077.87,2077.87,0,-0.8228,-0.8228,0,FAIL,FAIL,PASS,PASS
fs_-40c_3.63v,fs,-40,3.63,0,1,0.05,22.91,22.91,0,52.77,52.77,0,2077.87,2077.87,0,-0.8228,-0.8228,0,FAIL,FAIL,PASS,PASS
fs_-40c_3.63v,fs,-40,3.63,0,1,0.2,23.03,23.03,0,52.76,52.76,0,2077.87,2077.87,0,-0.8227,-0.8227,0,FAIL,FAIL,PASS,PASS
fs_-40c_3.63v,fs,-40,3.63,0,1,0.5,23.25,23.25,0,52.72,52.72,0,2077.89,2077.89,0,-0.8226,-0.8226,0,FAIL,FAIL,PASS,PASS
fs_-40c_3.63v,fs,-40,3.63,0,4.7,0.001,10.81,10.81,0,52.77,52.77,0,927.234,927.234,0,-0.8956,-0.8956,0,FAIL,FAIL,PASS,PASS
fs_-40c_3.63v,fs,-40,3.63,0,4.7,0.05,10.89,10.89,0,52.77,52.77,0,927.235,927.235,0,-0.8956,-0.8956,0,FAIL,FAIL,PASS,PASS
fs_-40c_3.63v,fs,-40,3.63,0,4.7,0.2,11.12,11.12,0,52.75,52.75,0,927.241,927.241,0,-0.8954,-0.8954,0,FAIL,FAIL,PASS,PASS
fs_-40c_3.63v,fs,-40,3.63,0,4.7,0.5,11.59,11.59,0,52.72,52.72,0,927.278,927.278,0,-0.8947,-0.8947,0,FAIL,FAIL,PASS,PASS
fs_-40c_3.63v,fs,-40,3.63,0.1,0.33,0.001,47.09,47.09,0,19.64,19.64,0,134878,134878,0,-0.6262,-0.6262,0,PASS,PASS,PASS,PASS
fs_-40c_3.63v,fs,-40,3.63,0.1,0.33,0.05,47.63,47.87,0.24,21.18,21.21,0.03,133797,134888,0.815414,-0.6557,-0.6252,0.0305,PASS,PASS,PASS,PASS
fs_-40c_3.63v,fs,-40,3.63,0.1,0.33,0.2,50.23,50.23,0,28.69,28.69,0,135032,135032,0,-0.6112,-0.6112,0,PASS,PASS,PASS,PASS
fs_-40c_3.63v,fs,-40,3.63,0.1,0.33,0.5,54.84,54.84,0,37.68,37.68,0,135844,135844,0,-0.6022,-0.6022,0,PASS,PASS,PASS,PASS
fs_-40c_3.63v,fs,-40,3.63,0.1,1,0.001,71.88,71.88,0,29.55,29.55,0,50460.8,50460.8,0,-0.4199,-0.4199,0,PASS,PASS,PASS,PASS
fs_-40c_3.63v,fs,-40,3.63,0.1,1,0.05,72.52,72.77,0.25,36.23,36.33,0.1,50167,50467.4,0.5988,-0.4212,-0.4187,0.0025,PASS,PASS,PASS,PASS
fs_-40c_3.63v,fs,-40,3.63,0.1,1,0.2,75.48,75.48,0,46.92,46.92,0,50567.9,50567.9,0,-0.4483,-0.4483,0,PASS,PASS,PASS,PASS
fs_-40c_3.63v,fs,-40,3.63,0.1,1,0.5,80.83,80.83,0,40.98,40.98,0,51142.5,51142.5,0,-0.394,-0.394,0,PASS,PASS,PASS,PASS
fs_-40c_3.63v,fs,-40,3.63,0.1,4.7,0.001,56.93,56.93,0,45.39,45.39,0,11121.7,11121.7,0,-0.536,-0.536,0,PASS,PASS,PASS,PASS
fs_-40c_3.63v,fs,-40,3.63,0.1,4.7,0.05,57.61,57.85,0.24,52.93,52.92,-0.01,11096.5,11122.9,0.237913,-0.5618,-0.5348,0.027,PASS,PASS,PASS,PASS
fs_-40c_3.63v,fs,-40,3.63,0.1,4.7,0.2,60.72,60.72,0,48.15,48.15,0,11140.6,11140.6,0,-0.5774,-0.5774,0,PASS,PASS,PASS,PASS
fs_-40c_3.63v,fs,-40,3.63,0.1,4.7,0.5,66.61,66.61,0,41.74,41.74,0,11241.6,11241.6,0,-0.5302,-0.5302,0,PASS,PASS,PASS,PASS
fs_-40c_3.63v,fs,-40,3.63,1,0.33,0.001,42.91,42.91,0,11.2,11.2,0,347470,347470,0,-0.5546,-0.5546,0,FAIL,FAIL,PASS,PASS
fs_-40c_3.63v,fs,-40,3.63,1,0.33,0.05,44.91,44.91,0,12.48,12.48,0,347645,347645,0,-0.5484,-0.5484,0,FAIL,FAIL,PASS,PASS
fs_-40c_3.63v,fs,-40,3.63,1,0.33,0.2,50.81,50.81,0,17.17,17.17,0,350320,350320,0,-0.5839,-0.5839,0,PASS,PASS,PASS,PASS
fs_-40c_3.63v,fs,-40,3.63,1,0.33,0.5,61.58,61.58,0,20.79,20.79,0,366132,366132,0,-0.503,-0.503,0,PASS,PASS,PASS,PASS
fs_-40c_3.63v,fs,-40,3.63,1,1,0.001,67.71,67.71,0,20.94,20.94,0,129126,129126,0,-0.4388,-0.4388,0,PASS,PASS,PASS,PASS
fs_-40c_3.63v,fs,-40,3.63,1,1,0.05,69.98,69.98,0,25.38,25.38,0,129228,129228,0,-0.4821,-0.4821,0,PASS,PASS,PASS,PASS
fs_-40c_3.63v,fs,-40,3.63,1,1,0.2,76.84,76.84,0,30.01,30.01,0,130820,130820,0,-0.4643,-0.4643,0,PASS,PASS,PASS,PASS
fs_-40c_3.63v,fs,-40,3.63,1,1,0.5,90.38,90.38,0,24.74,24.74,0,140902,140902,0,-0.4067,-0.4067,0,PASS,PASS,PASS,PASS
fs_-40c_3.63v,fs,-40,3.63,1,4.7,0.001,56.1,56.1,0,35.09,35.09,0,29062.4,29062.4,0,-0.5358,-0.5358,0,PASS,PASS,PASS,PASS
fs_-40c_3.63v,fs,-40,3.63,1,4.7,0.05,58.53,58.53,0,42.85,42.85,0,29083.5,29083.5,0,-0.5271,-0.5271,0,PASS,PASS,PASS,PASS
fs_-40c_3.63v,fs,-40,3.63,1,4.7,0.2,66.23,66.23,0,33.27,33.27,0,29409.4,29409.4,0,-0.5159,-0.5159,0,PASS,PASS,PASS,PASS
fs_-40c_3.63v,fs,-40,3.63,1,4.7,0.5,83.09,83.09,0,25.84,25.84,0,31466,31466,0,-0.4461,-0.4461,0,PASS,PASS,PASS,PASS
fs_-40c_3.63v,fs,-40,3.63,10,0.33,0.001,20.94,20.94,0,5.13,5.13,0,613715,613715,0,-0.6623,-0.6623,0,FAIL,FAIL,PASS,PASS
fs_-40c_3.63v,fs,-40,3.63,10,0.33,0.05,24.43,24.43,0,6.45,6.45,0,614541,614541,0,-0.6431,-0.6431,0,FAIL,FAIL,PASS,PASS
fs_-40c_3.63v,fs,-40,3.63,10,0.33,0.2,34.29,34.29,0,11.1,11.1,0,627266,627266,0,-0.6543,-0.6543,0,FAIL,FAIL,PASS,PASS
fs_-40c_3.63v,fs,-40,3.63,10,0.33,0.5,49.48,49.48,0,13.94,13.94,0,705702,705702,0,-0.5291,-0.5291,0,PASS,PASS,PASS,PASS
fs_-40c_3.63v,fs,-40,3.63,10,1,0.001,52.85,52.85,0,14.82,14.82,0,257636,257636,0,-0.4891,-0.4891,0,PASS,PASS,PASS,PASS
fs_-40c_3.63v,fs,-40,3.63,10,1,0.05,57.33,57.33,0,19.25,19.25,0,258370,258370,0,-0.5151,-0.5151,0,PASS,PASS,PASS,PASS
fs_-40c_3.63v,fs,-40,3.63,10,1,0.2,70.42,70.42,0,23.02,23.02,0,270241,270241,0,-0.4835,-0.4835,0,PASS,PASS,PASS,PASS
fs_-40c_3.63v,fs,-40,3.63,10,1,0.5,91.85,91.85,0,17.63,17.63,0,370440,370440,0,-0.2784,-0.2784,0,PASS,PASS,PASS,PASS
fs_-40c_3.63v,fs,-40,3.63,10,4.7,0.001,55.94,55.94,0,28.69,28.69,0,63966.8,63966.8,0,-0.5145,-0.5145,0,PASS,PASS,PASS,PASS
fs_-40c_3.63v,fs,-40,3.63,10,4.7,0.05,61.3,61.3,0,35.8,35.8,0,64201.3,64201.3,0,-0.5314,-0.5314,0,PASS,PASS,PASS,PASS
fs_-40c_3.63v,fs,-40,3.63,10,4.7,0.2,78.69,78.69,0,26.21,26.21,0,68103.2,68103.2,0,-0.4498,-0.4498,0,PASS,PASS,PASS,PASS
fs_-40c_3.63v,fs,-40,3.63,10,4.7,0.5,121.34,121.34,0,18.69,18.69,0,119313,119313,0,-0.1492,-0.1492,0,PASS,PASS,PASS,PASS
fs_-40c_3.63v,fs,-40,3.63,25,0.33,0.001,8.72,8.72,0,2.14,2.14,0,743203,743203,0,-0.7083,-0.7083,0,FAIL,FAIL,PASS,PASS
fs_-40c_3.63v,fs,-40,3.63,25,0.33,0.05,12.94,12.94,0,3.43,3.43,0,744522,744522,0,-0.7639,-0.7639,0,FAIL,FAIL,PASS,PASS
fs_-40c_3.63v,fs,-40,3.63,25,0.33,0.2,24.52,24.52,0,7.99,7.99,0,765021,765021,0,-0.6742,-0.6742,0,FAIL,FAIL,PASS,PASS
fs_-40c_3.63v,fs,-40,3.63,25,0.33,0.5,40.34,40.34,0,10.98,10.98,0,890005,890005,0,-0.6104,-0.6104,0,FAIL,FAIL,PASS,PASS
fs_-40c_3.63v,fs,-40,3.63,25,1,0.001,44.2,44.2,0,11.82,11.82,0,336714,336714,0,-0.5563,-0.5563,0,FAIL,FAIL,PASS,PASS
fs_-40c_3.63v,fs,-40,3.63,25,1,0.05,50,50,0,16.14,16.14,0,338245,338245,0,-0.5646,-0.5646,0,PASS,PASS,PASS,PASS
fs_-40c_3.63v,fs,-40,3.63,25,1,0.2,66.12,66.12,0,20.08,20.08,0,363636,363636,0,-0.4673,-0.4673,0,PASS,PASS,PASS,PASS
fs_-40c_3.63v,fs,-40,3.63,25,1,0.5,82.85,82.85,0,14.75,14.75,0,586600,586600,0,-0.3082,-0.3082,0,PASS,PASS,PASS,PASS
fs_-40c_3.63v,fs,-40,3.63,25,4.7,0.001,57.59,57.59,0,25.63,25.63,0,85204,85204,0,-0.5069,-0.5069,0,PASS,PASS,PASS,PASS
fs_-40c_3.63v,fs,-40,3.63,25,4.7,0.05,64.73,64.73,0,32.88,32.88,0,85783.9,85783.9,0,-0.4889,-0.4889,0,PASS,PASS,PASS,PASS
fs_-40c_3.63v,fs,-40,3.63,25,4.7,0.2,88.03,88.03,0,23.35,23.35,0,96265.1,96265.1,0,-0.3767,-0.3767,0,PASS,PASS,PASS,PASS
fs_-40c_3.63v,fs,-40,3.63,25,4.7,0.5,115.98,115.98,0,15.83,15.83,0,435494,435494,0,-0.1647,-0.1647,0,PASS,PASS,PASS,PASS
fs_-40c_3.63v,fs,-40,3.63,50,0.33,0.001,-0.06,-0.09,-0.03,-0.02,-0.02,0,849989,850540,0.0648244,-0.8141,-0.8042,0.0099,FAIL,FAIL,PASS,PASS
fs_-40c_3.63v,fs,-40,3.63,50,0.33,0.05,4.74,4.74,0,1.25,1.25,0,851820,851820,0,-0.7779,-0.7779,0,FAIL,FAIL,PASS,PASS
fs_-40c_3.63v,fs,-40,3.63,50,0.33,0.2,17.64,17.64,0,5.72,5.72,0,880553,880553,0,-0.7582,-0.7582,0,FAIL,FAIL,PASS,PASS
fs_-40c_3.63v,fs,-40,3.63,50,0.33,0.5,33.26,33.26,0,8.72,8.72,0,1.05262e+06,1.05262e+06,0,-0.6268,-0.6268,0,FAIL,FAIL,PASS,PASS
fs_-40c_3.63v,fs,-40,3.63,50,1,0.001,37.27,37.24,-0.03,9.64,9.64,0,404984,405344,0.0888924,-0.5861,-0.5762,0.0099,FAIL,FAIL,PASS,PASS
fs_-40c_3.63v,fs,-40,3.63,50,1,0.05,44.18,44.18,0,13.87,13.87,0,407495,407495,0,-0.5748,-0.5748,0,FAIL,FAIL,PASS,PASS
fs_-40c_3.63v,fs,-40,3.63,50,1,0.2,62.41,62.41,0,17.83,17.83,0,449965,449965,0,-0.4782,-0.4782,0,PASS,PASS,PASS,PASS
fs_-40c_3.63v,fs,-40,3.63,50,1,0.5,72.11,72.11,0,12.53,12.53,0,791062,791062,0,-0.3659,-0.3659,0,PASS,PASS,PASS,PASS
fs_-40c_3.63v,fs,-40,3.63,50,4.7,0.001,58.35,58.35,0,23.42,23.41,-0.01,104965,105075,0.104797,-0.4827,-0.5285,-0.0458,PASS,PASS,PASS,PASS
fs_-40c_3.63v,fs,-40,3.63,50,4.7,0.05,67.11,67.11,0,30.63,30.63,0,106080,106080,0,-0.4803,-0.4803,0,PASS,PASS,PASS,PASS
fs_-40c_3.63v,fs,-40,3.63,50,4.7,0.2,95.71,95.71,0,21.14,21.14,0,128628,128628,0,-0.3369,-0.3369,0,PASS,PASS,PASS,PASS
fs_-40c_3.63v,fs,-40,3.63,50,4.7,0.5,94.87,94.87,0,13.61,13.61,0,710054,710054,0,-0.2691,-0.2691,0,PASS,PASS,PASS,PASS
fs_125c_2.97v,fs,125,2.97,0,0.33,0.001,18.96,18.96,0,52.96,52.96,0,1933.1,1933.1,0,-0.802,-0.802,0,FAIL,FAIL,PASS,PASS
fs_125c_2.97v,fs,125,2.97,0,0.33,0.05,18.97,18.99,0.02,52.95,52.95,0,1933.1,1933.22,0.00620765,-0.802,-0.8009,0.0011,FAIL,FAIL,PASS,PASS
fs_125c_2.97v,fs,125,2.97,0,0.33,0.2,19,19.03,0.03,52.95,52.95,0,1933.1,1933.22,0.00620765,-0.802,-0.8009,0.0011,FAIL,FAIL,PASS,PASS
fs_125c_2.97v,fs,125,2.97,0,0.33,0.5,19.07,19.09,0.02,52.93,52.93,0,1933.1,1933.22,0.00620765,-0.802,-0.8009,0.0011,FAIL,FAIL,PASS,PASS
fs_125c_2.97v,fs,125,2.97,0,1,0.001,11.04,11.04,0,52.95,52.95,0,1089.46,1089.46,0,-0.8938,-0.8938,0,FAIL,FAIL,PASS,PASS
fs_125c_2.97v,fs,125,2.97,0,1,0.05,11.06,11.08,0.02,52.94,52.94,0,1089.46,1089.48,0.00183577,-0.8938,-0.8934,0.0004,FAIL,FAIL,PASS,PASS
fs_125c_2.97v,fs,125,2.97,0,1,0.2,11.12,11.13,0.01,52.94,52.93,-0.01,1089.46,1089.48,0.00183577,-0.8938,-0.8934,0.0004,FAIL,FAIL,PASS,PASS
fs_125c_2.97v,fs,125,2.97,0,1,0.5,11.24,11.25,0.01,52.92,52.92,0,1089.46,1089.49,0.00275366,-0.8938,-0.8934,0.0004,FAIL,FAIL,PASS,PASS
fs_125c_2.97v,fs,125,2.97,0,4.7,0.001,5.31,5.31,0,52.94,52.94,0,498.822,498.822,0,-0.8785,-0.8785,0,FAIL,FAIL,PASS,PASS
fs_125c_2.97v,fs,125,2.97,0,4.7,0.05,5.35,5.36,0.01,52.94,52.94,0,498.822,498.825,0.000601417,-0.8785,-0.8784,0.0001,FAIL,FAIL,PASS,PASS
fs_125c_2.97v,fs,125,2.97,0,4.7,0.2,5.48,5.49,0.01,52.93,52.93,0,498.823,498.825,0.000400944,-0.8785,-0.8784,0.0001,FAIL,FAIL,PASS,PASS
fs_125c_2.97v,fs,125,2.97,0,4.7,0.5,5.73,5.74,0.01,52.92,52.91,-0.01,498.829,498.831,0.000400939,-0.8782,-0.8782,0,FAIL,FAIL,PASS,PASS
fs_125c_2.97v,fs,125,2.97,0.1,0.33,0.001,68.11,68.11,0,24.19,24.19,0,59418.7,59418.7,0,-0.469,-0.469,0,PASS,PASS,PASS,PASS
fs_125c_2.97v,fs,125,2.97,0.1,0.33,0.05,68.45,68.45,0,25.18,25.18,0,59419.8,59419.8,0,-0.4688,-0.4688,0,PASS,PASS,PASS,PASS
fs_125c_2.97v,fs,125,2.97,0.1,0.33,0.2,69.5,69.5,0,29.05,29.05,0,59436.7,59436.7,0,-0.4661,-0.4661,0,PASS,PASS,PASS,PASS
fs_125c_2.97v,fs,125,2.97,0.1,0.33,0.5,71.59,71.59,0,38.82,38.82,0,59532.4,59532.4,0,-0.4508,-0.4508,0,PASS,PASS,PASS,PASS
fs_125c_2.97v,fs,125,2.97,0.1,1,0.001,67.11,67.11,0,34.26,34.26,0,18739.1,18739.1,0,-0.4692,-0.4692,0,PASS,PASS,PASS,PASS
fs_125c_2.97v,fs,125,2.97,0.1,1,0.05,67.44,67.44,0,38.27,38.27,0,18739.4,18739.4,0,-0.469,-0.469,0,PASS,PASS,PASS,PASS
fs_125c_2.97v,fs,125,2.97,0.1,1,0.2,68.46,68.46,0,49.84,49.84,0,18743.9,18743.9,0,-0.4666,-0.4666,0,PASS,PASS,PASS,PASS
fs_125c_2.97v,fs,125,2.97,0.1,1,0.5,70.51,70.51,0,44.73,44.73,0,18769.5,18769.5,0,-0.4527,-0.4527,0,PASS,PASS,PASS,PASS
fs_125c_2.97v,fs,125,2.97,0.1,4.7,0.001,37.18,37.18,0,53.71,53.71,0,5861.5,5861.5,0,-0.7112,-0.7112,0,FAIL,FAIL,PASS,PASS
fs_125c_2.97v,fs,125,2.97,0.1,4.7,0.05,37.66,37.66,0,53.07,53.07,0,5861.62,5861.62,0,-0.7109,-0.7109,0,FAIL,FAIL,PASS,PASS
fs_125c_2.97v,fs,125,2.97,0.1,4.7,0.2,39.16,39.16,0,50.49,50.49,0,5863.64,5863.64,0,-0.7055,-0.7055,0,FAIL,FAIL,PASS,PASS
fs_125c_2.97v,fs,125,2.97,0.1,4.7,0.5,42.19,42.19,0,45.55,45.55,0,5874.96,5874.96,0,-0.7553,-0.7553,0,FAIL,FAIL,PASS,PASS
fs_125c_2.97v,fs,125,2.97,1,0.33,0.001,59.73,59.73,0,13.83,13.83,0,182800,182800,0,-0.4867,-0.4867,0,PASS,PASS,PASS,PASS
fs_125c_2.97v,fs,125,2.97,1,0.33,0.05,60.79,60.79,0,14.57,14.57,0,182830,182830,0,-0.485,-0.485,0,PASS,PASS,PASS,PASS
fs_125c_2.97v,fs,125,2.97,1,0.33,0.2,63.98,63.98,0,16.99,16.99,0,183295,183295,0,-0.4592,-0.4592,0,PASS,PASS,PASS,PASS
fs_125c_2.97v,fs,125,2.97,1,0.33,0.5,70.19,70.19,0,20.24,20.24,0,185980,185980,0,-0.4709,-0.4709,0,PASS,PASS,PASS,PASS
fs_125c_2.97v,fs,125,2.97,1,1,0.001,69.94,69.94,0,23.57,23.57,0,59692.4,59692.4,0,-0.4189,-0.4189,0,PASS,PASS,PASS,PASS
fs_125c_2.97v,fs,125,2.97,1,1,0.05,71,71,0,25.96,25.96,0,59702.5,59702.5,0,-0.4173,-0.4173,0,PASS,PASS,PASS,PASS
fs_125c_2.97v,fs,125,2.97,1,1,0.2,74.24,74.24,0,30.11,30.11,0,59862.9,59862.9,0,-0.4405,-0.4405,0,PASS,PASS,PASS,PASS
fs_125c_2.97v,fs,125,2.97,1,1,0.5,80.85,80.85,0,26.54,26.54,0,60795.9,60795.9,0,-0.4403,-0.4403,0,PASS,PASS,PASS,PASS
fs_125c_2.97v,fs,125,2.97,1,4.7,0.001,40.93,40.93,0,37.74,37.74,0,16601,16601,0,-0.6933,-0.6933,0,FAIL,FAIL,PASS,PASS
fs_125c_2.97v,fs,125,2.97,1,4.7,0.05,42.31,42.31,0,43.46,43.46,0,16604.1,16604.1,0,-0.6905,-0.6905,0,FAIL,FAIL,PASS,PASS
fs_125c_2.97v,fs,125,2.97,1,4.7,0.2,46.6,46.6,0,35.36,35.36,0,16651.8,16651.8,0,-0.7238,-0.7238,0,PASS,PASS,PASS,PASS
fs_125c_2.97v,fs,125,2.97,1,4.7,0.5,55.51,55.51,0,28.26,28.26,0,16925.5,16925.5,0,-0.6342,-0.6342,0,PASS,PASS,PASS,PASS
fs_125c_2.97v,fs,125,2.97,10,0.33,0.001,40.89,40.89,0,7.38,7.38,0,372348,372348,0,-0.478,-0.478,0,FAIL,FAIL,PASS,PASS
fs_125c_2.97v,fs,125,2.97,10,0.33,0.05,43.03,43.03,0,8.07,8.07,0,372588,372588,0,-0.4711,-0.4711,0,FAIL,FAIL,PASS,PASS
fs_125c_2.97v,fs,125,2.97,10,0.33,0.2,49.28,49.28,0,10.17,10.17,0,376379,376379,0,-0.4753,-0.4753,0,PASS,PASS,PASS,PASS
fs_125c_2.97v,fs,125,2.97,10,0.33,0.5,60.36,60.36,0,12.33,12.33,0,399738,399738,0,-0.4527,-0.4527,0,PASS,PASS,PASS,PASS
fs_125c_2.97v,fs,125,2.97,10,1,0.001,60.23,60.23,0,17.05,17.05,0,131108,131108,0,-0.4782,-0.4782,0,PASS,PASS,PASS,PASS
fs_125c_2.97v,fs,125,2.97,10,1,0.05,62.54,62.54,0,19.16,19.16,0,131205,131205,0,-0.4706,-0.4706,0,PASS,PASS,PASS,PASS
fs_125c_2.97v,fs,125,2.97,10,1,0.2,69.63,69.63,0,21.88,21.88,0,132768,132768,0,-0.4554,-0.4554,0,PASS,PASS,PASS,PASS
fs_125c_2.97v,fs,125,2.97,10,1,0.5,84.11,84.11,0,17.99,17.99,0,142777,142777,0,-0.4051,-0.4051,0,PASS,PASS,PASS,PASS
fs_125c_2.97v,fs,125,2.97,10,4.7,0.001,42.85,42.85,0,30.79,30.79,0,36949.2,36949.2,0,-0.6508,-0.6508,0,FAIL,FAIL,PASS,PASS
fs_125c_2.97v,fs,125,2.97,10,4.7,0.05,45.93,45.93,0,34.99,34.99,0,36985.1,36985.1,0,-0.6371,-0.6371,0,PASS,PASS,PASS,PASS
fs_125c_2.97v,fs,125,2.97,10,4.7,0.2,55.68,55.68,0,26.92,26.92,0,37554.1,37554.1,0,-0.6375,-0.6375,0,PASS,PASS,PASS,PASS
fs_125c_2.97v,fs,125,2.97,10,4.7,0.5,76.71,76.71,0,19.67,19.67,0,41202,41202,0,-0.5053,-0.5053,0,PASS,PASS,PASS,PASS
fs_125c_2.97v,fs,125,2.97,25,0.33,0.001,27.08,27.08,0,4.7,4.7,0,474039,474039,0,-0.5323,-0.5323,0,FAIL,FAIL,PASS,PASS
fs_125c_2.97v,fs,125,2.97,25,0.33,0.05,29.78,29.78,0,5.38,5.38,0,474483,474483,0,-0.5213,-0.5213,0,FAIL,FAIL,PASS,PASS
fs_125c_2.97v,fs,125,2.97,25,0.33,0.2,37.42,37.42,0,7.5,7.5,0,481592,481592,0,-0.5336,-0.5336,0,FAIL,FAIL,PASS,PASS
fs_125c_2.97v,fs,125,2.97,25,0.33,0.5,49.53,49.53,0,9.77,9.77,0,526119,526119,0,-0.4501,-0.4501,0,FAIL,FAIL,PASS,PASS
fs_125c_2.97v,fs,125,2.97,25,1,0.001,56.35,56.35,0,14.35,14.35,0,173392,173392,0,-0.503,-0.503,0,PASS,PASS,PASS,PASS
fs_125c_2.97v,fs,125,2.97,25,1,0.05,59.4,59.4,0,16.46,16.46,0,173611,173611,0,-0.4898,-0.4898,0,PASS,PASS,PASS,PASS
fs_125c_2.97v,fs,125,2.97,25,1,0.2,68.63,68.63,0,19.34,19.34,0,177266,177266,0,-0.4365,-0.4365,0,PASS,PASS,PASS,PASS
fs_125c_2.97v,fs,125,2.97,25,1,0.5,86.97,86.97,0,15.51,15.51,0,203185,203185,0,-0.3391,-0.3391,0,PASS,PASS,PASS,PASS
fs_125c_2.97v,fs,125,2.97,25,4.7,0.001,45.52,45.52,0,28.04,28.04,0,47276,47276,0,-0.6337,-0.6337,0,PASS,PASS,PASS,PASS
fs_125c_2.97v,fs,125,2.97,25,4.7,0.05,49.47,49.47,0,32.47,32.47,0,47353.8,47353.8,0,-0.6115,-0.6115,0,PASS,PASS,PASS,PASS
fs_125c_2.97v,fs,125,2.97,25,4.7,0.2,62.05,62.05,0,24.46,24.46,0,48621.7,48621.7,0,-0.5995,-0.5995,0,PASS,PASS,PASS,PASS
fs_125c_2.97v,fs,125,2.97,25,4.7,0.5,89.93,89.93,0,17.18,17.18,0,57796.2,57796.2,0,-0.4011,-0.4011,0,PASS,PASS,PASS,PASS
fs_125c_2.97v,fs,125,2.97,50,0.33,0.001,16.52,16.52,0,2.79,2.79,0,556434,556434,0,-0.5928,-0.5928,0,FAIL,FAIL,PASS,PASS
fs_125c_2.97v,fs,125,2.97,50,0.33,0.05,19.68,19.68,0,3.47,3.47,0,557066,557066,0,-0.5782,-0.5782,0,FAIL,FAIL,PASS,PASS
fs_125c_2.97v,fs,125,2.97,50,0.33,0.2,28.35,28.35,0,5.56,5.56,0,567542,567542,0,-0.6128,-0.6128,0,FAIL,FAIL,PASS,PASS
fs_125c_2.97v,fs,125,2.97,50,0.33,0.5,40.58,40.58,0,7.83,7.83,0,633025,633025,0,-0.542,-0.542,0,FAIL,FAIL,PASS,PASS
fs_125c_2.97v,fs,125,2.97,50,1,0.001,53.1,53.1,0,12.42,12.42,0,210822,210822,0,-0.5066,-0.5066,0,PASS,PASS,PASS,PASS
fs_125c_2.97v,fs,125,2.97,50,1,0.05,56.79,56.79,0,14.51,14.51,0,211205,211205,0,-0.4875,-0.4875,0,PASS,PASS,PASS,PASS
fs_125c_2.97v,fs,125,2.97,50,1,0.2,67.8,67.8,0,17.38,17.38,0,217833,217833,0,-0.4379,-0.4379,0,PASS,PASS,PASS,PASS
fs_125c_2.97v,fs,125,2.97,50,1,0.5,88.28,88.28,0,13.57,13.57,0,270936,270936,0,-0.2884,-0.2884,0,PASS,PASS,PASS,PASS
fs_125c_2.97v,fs,125,2.97,50,4.7,0.001,47.72,47.72,0,26.08,26.08,0,55888.9,55888.9,0,-0.6061,-0.6061,0,PASS,PASS,PASS,PASS
fs_125c_2.97v,fs,125,2.97,50,4.7,0.05,52.4,52.4,0,30.52,30.52,0,56019.6,56019.6,0,-0.5758,-0.5758,0,PASS,PASS,PASS,PASS
fs_125c_2.97v,fs,125,2.97,50,4.7,0.2,67.36,67.36,0,22.53,22.53,0,58223.9,58223.9,0,-0.542,-0.542,0,PASS,PASS,PASS,PASS
fs_125c_2.97v,fs,125,2.97,50,4.7,0.5,101.46,101.46,0,15.25,15.25,0,76981.3,76981.3,0,-0.3051,-0.3051,0,PASS,PASS,PASS,PASS
fs_125c_3.30v,fs,125,3.3,0,0.33,0.001,19.99,19.99,0,52.9,52.9,0,2043.45,2043.45,0,-0.8302,-0.8302,0,FAIL,FAIL,PASS,PASS
fs_125c_3.30v,fs,125,3.3,0,0.33,0.05,19.97,20,0.03,52.89,52.89,0,2043.32,2043.45,0.00636219,-0.8313,-0.8302,0.0011,FAIL,FAIL,PASS,PASS
fs_125c_3.30v,fs,125,3.3,0,0.33,0.2,20.01,20.03,0.02,52.89,52.89,0,2043.32,2043.45,0.00636219,-0.8313,-0.8302,0.0011,FAIL,FAIL,PASS,PASS
fs_125c_3.30v,fs,125,3.3,0,0.33,0.5,20.09,20.11,0.02,52.87,52.88,0.01,2043.32,2043.45,0.00636219,-0.8313,-0.8302,0.0011,FAIL,FAIL,PASS,PASS
fs_125c_3.30v,fs,125,3.3,0,1,0.001,11.66,11.66,0,52.89,52.89,0,1149.17,1149.17,0,-0.8656,-0.8656,0,FAIL,FAIL,PASS,PASS
fs_125c_3.30v,fs,125,3.3,0,1,0.05,11.67,11.68,0.01,52.88,52.88,0,1149.14,1149.17,0.00261065,-0.866,-0.8656,0.0004,FAIL,FAIL,PASS,PASS
fs_125c_3.30v,fs,125,3.3,0,1,0.2,11.73,11.74,0.01,52.88,52.88,0,1149.14,1149.17,0.00261065,-0.866,-0.8656,0.0004,FAIL,FAIL,PASS,PASS
fs_125c_3.30v,fs,125,3.3,0,1,0.5,11.85,11.87,0.02,52.86,52.86,0,1149.15,1149.17,0.00174042,-0.866,-0.8656,0.0004,FAIL,FAIL,PASS,PASS
fs_125c_3.30v,fs,125,3.3,0,4.7,0.001,5.63,5.63,0,52.88,52.88,0,525.718,525.718,0,-0.8659,-0.8659,0,FAIL,FAIL,PASS,PASS
fs_125c_3.30v,fs,125,3.3,0,4.7,0.05,5.67,5.67,0,52.88,52.88,0,525.716,525.718,0.000380434,-0.866,-0.8659,0.0001,FAIL,FAIL,PASS,PASS
fs_125c_3.30v,fs,125,3.3,0,4.7,0.2,5.8,5.81,0.01,52.87,52.87,0,525.717,525.719,0.000380433,-0.8659,-0.8658,0.0001,FAIL,FAIL,PASS,PASS
fs_125c_3.30v,fs,125,3.3,0,4.7,0.5,6.07,6.07,0,52.86,52.86,0,525.723,525.726,0.000570643,-0.8657,-0.8656,0.0001,FAIL,FAIL,PASS,PASS
fs_125c_3.30v,fs,125,3.3,0.1,0.33,0.001,65.13,65.61,0.48,23.92,24.02,0.1,67883.5,68779.4,1.31976,-0.4886,-0.4721,0.0165,PASS,PASS,PASS,PASS
fs_125c_3.30v,fs,125,3.3,0.1,0.33,0.05,66.02,65.53,-0.49,25.15,25.04,-0.11,68781.1,67885,-1.30283,-0.4719,-0.4884,-0.0165,PASS,PASS,PASS,PASS
fs_125c_3.30v,fs,125,3.3,0.1,0.33,0.2,66.73,66.73,0,29.61,29.61,0,67909,67909,0,-0.4848,-0.4848,0,PASS,PASS,PASS,PASS
fs_125c_3.30v,fs,125,3.3,0.1,0.33,0.5,69.64,69.1,-0.54,39.7,40.22,0.52,68947.9,68044.6,-1.31012,-0.4478,-0.4648,-0.017,PASS,PASS,PASS,PASS
fs_125c_3.30v,fs,125,3.3,0.1,1,0.001,69.6,70.13,0.53,33.99,34.11,0.12,21386.2,21564.9,0.835586,-0.4506,-0.4261,0.0245,PASS,PASS,PASS,PASS
fs_125c_3.30v,fs,125,3.3,0.1,1,0.05,70.51,69.98,-0.53,38.93,38.66,-0.27,21565.4,21386.7,-0.828642,-0.4259,-0.4504,-0.0245,PASS,PASS,PASS,PASS
fs_125c_3.30v,fs,125,3.3,0.1,1,0.2,71.14,71.14,0,50.14,50.14,0,21393.7,21393.7,0,-0.4472,-0.4472,0,PASS,PASS,PASS,PASS
fs_125c_3.30v,fs,125,3.3,0.1,1,0.5,74.04,73.48,-0.56,44.3,44.94,0.64,21613.8,21433.7,-0.833264,-0.4538,-0.429,0.0248,PASS,PASS,PASS,PASS
fs_125c_3.30v,fs,125,3.3,0.1,4.7,0.001,40.15,40.54,0.39,53.61,53.72,0.11,6325.96,6340.82,0.234905,-0.6685,-0.7118,-0.0433,FAIL,FAIL,PASS,PASS
fs_125c_3.30v,fs,125,3.3,0.1,4.7,0.05,41.07,40.68,-0.39,52.99,53.01,0.02,6340.99,6326.13,-0.234348,-0.7114,-0.6681,0.0433,FAIL,FAIL,PASS,PASS
fs_125c_3.30v,fs,125,3.3,0.1,4.7,0.2,42.29,42.29,0,50.56,50.56,0,6328.74,6328.74,0,-0.7392,-0.7392,0,FAIL,FAIL,PASS,PASS
fs_125c_3.30v,fs,125,3.3,0.1,4.7,0.5,45.98,45.57,-0.41,45.06,45.65,0.59,6358.52,6343.44,-0.237162,-0.6698,-0.704,-0.0342,PASS,PASS,PASS,PASS
fs_125c_3.30v,fs,125,3.3,1,0.33,0.001,55.89,55.89,0,13.46,13.46,0,209604,209604,0,-0.5233,-0.5233,0,PASS,PASS,PASS,PASS
fs_125c_3.30v,fs,125,3.3,1,0.33,0.05,57.1,57.1,0,14.32,14.32,0,209647,209647,0,-0.5211,-0.5211,0,PASS,PASS,PASS,PASS
fs_125c_3.30v,fs,125,3.3,1,0.33,0.2,60.75,60.75,0,17.22,17.22,0,210320,210320,0,-0.4871,-0.4871,0,PASS,PASS,PASS,PASS
fs_125c_3.30v,fs,125,3.3,1,0.33,0.5,67.75,67.75,0,20.93,20.93,0,214208,214208,0,-0.4611,-0.4611,0,PASS,PASS,PASS,PASS
fs_125c_3.30v,fs,125,3.3,1,1,0.001,71.13,71.13,0,23.21,23.21,0,70015.6,70015.6,0,-0.4281,-0.4281,0,PASS,PASS,PASS,PASS
fs_125c_3.30v,fs,125,3.3,1,1,0.05,72.36,72.36,0,26.04,26.04,0,70032.6,70032.6,0,-0.4259,-0.4259,0,PASS,PASS,PASS,PASS
fs_125c_3.30v,fs,125,3.3,1,1,0.2,76.15,76.15,0,30.72,30.72,0,70296.8,70296.8,0,-0.439,-0.439,0,PASS,PASS,PASS,PASS
fs_125c_3.30v,fs,125,3.3,1,1,0.5,83.83,83.83,0,26.71,26.71,0,71844.3,71844.3,0,-0.4293,-0.4293,0,PASS,PASS,PASS,PASS
fs_125c_3.30v,fs,125,3.3,1,4.7,0.001,44.78,44.78,0,37.42,37.42,0,18083.7,18083.7,0,-0.6702,-0.6702,0,FAIL,FAIL,PASS,PASS
fs_125c_3.30v,fs,125,3.3,1,4.7,0.05,46.29,46.29,0,43.96,43.96,0,18087.9,18087.9,0,-0.6669,-0.6669,0,PASS,PASS,PASS,PASS
fs_125c_3.30v,fs,125,3.3,1,4.7,0.2,50.99,50.99,0,35.44,35.44,0,18152.7,18152.7,0,-0.6882,-0.6882,0,PASS,PASS,PASS,PASS
fs_125c_3.30v,fs,125,3.3,1,4.7,0.5,60.79,60.79,0,28.26,28.26,0,18527.5,18527.5,0,-0.6157,-0.6157,0,PASS,PASS,PASS,PASS
fs_125c_3.30v,fs,125,3.3,10,0.33,0.001,38.48,38.48,0,7.28,7.28,0,412483,412483,0,-0.5116,-0.5116,0,FAIL,FAIL,PASS,PASS
fs_125c_3.30v,fs,125,3.3,10,0.33,0.05,40.85,40.85,0,8.08,8.08,0,412801,412801,0,-0.503,-0.503,0,FAIL,FAIL,PASS,PASS
fs_125c_3.30v,fs,125,3.3,10,0.33,0.2,47.71,47.71,0,10.56,10.56,0,417771,417771,0,-0.4877,-0.4877,0,PASS,PASS,PASS,PASS
fs_125c_3.30v,fs,125,3.3,10,0.33,0.5,59.59,59.59,0,12.88,12.88,0,448588,448588,0,-0.4642,-0.4642,0,PASS,PASS,PASS,PASS
fs_125c_3.30v,fs,125,3.3,10,1,0.001,60.48,60.48,0,16.96,16.96,0,147512,147512,0,-0.5033,-0.5033,0,PASS,PASS,PASS,PASS
fs_125c_3.30v,fs,125,3.3,10,1,0.05,63.08,63.08,0,19.44,19.44,0,147653,147653,0,-0.4934,-0.4934,0,PASS,PASS,PASS,PASS
fs_125c_3.30v,fs,125,3.3,10,1,0.2,71.02,71.02,0,22.33,22.33,0,149917,149917,0,-0.4444,-0.4444,0,PASS,PASS,PASS,PASS
fs_125c_3.30v,fs,125,3.3,10,1,0.5,87.15,87.15,0,18.05,18.05,0,164898,164898,0,-0.3817,-0.3817,0,PASS,PASS,PASS,PASS
fs_125c_3.30v,fs,125,3.3,10,4.7,0.001,45.26,45.26,0,30.73,30.73,0,40258.2,40258.2,0,-0.6373,-0.6373,0,PASS,PASS,PASS,PASS
fs_125c_3.30v,fs,125,3.3,10,4.7,0.05,48.62,48.62,0,35.36,35.36,0,40306.7,40306.7,0,-0.6208,-0.6208,0,PASS,PASS,PASS,PASS
fs_125c_3.30v,fs,125,3.3,10,4.7,0.2,59.3,59.3,0,26.88,26.88,0,41072.8,41072.8,0,-0.5747,-0.5747,0,PASS,PASS,PASS,PASS
fs_125c_3.30v,fs,125,3.3,10,4.7,0.5,82.65,82.65,0,19.56,19.56,0,46179.5,46179.5,0,-0.467,-0.467,0,PASS,PASS,PASS,PASS
fs_125c_3.30v,fs,125,3.3,25,0.33,0.001,24.92,24.92,0,4.61,4.61,0,517394,517394,0,-0.6125,-0.6125,0,FAIL,FAIL,PASS,PASS
fs_125c_3.30v,fs,125,3.3,25,0.33,0.05,27.87,27.87,0,5.41,5.41,0,517952,517952,0,-0.5991,-0.5991,0,FAIL,FAIL,PASS,PASS
fs_125c_3.30v,fs,125,3.3,25,0.33,0.2,36.15,36.15,0,7.91,7.91,0,526784,526784,0,-0.5869,-0.5869,0,FAIL,FAIL,PASS,PASS
fs_125c_3.30v,fs,125,3.3,25,0.33,0.5,48.97,48.97,0,10.36,10.36,0,582045,582045,0,-0.4934,-0.4934,0,PASS,PASS,PASS,PASS
fs_125c_3.30v,fs,125,3.3,25,1,0.001,55.79,55.79,0,14.27,14.27,0,194486,194486,0,-0.5081,-0.5081,0,PASS,PASS,PASS,PASS
fs_125c_3.30v,fs,125,3.3,25,1,0.05,59.2,59.2,0,16.75,16.75,0,194804,194804,0,-0.491,-0.491,0,PASS,PASS,PASS,PASS
fs_125c_3.30v,fs,125,3.3,25,1,0.2,69.47,69.47,0,19.83,19.83,0,200019,200019,0,-0.4344,-0.4344,0,PASS,PASS,PASS,PASS
fs_125c_3.30v,fs,125,3.3,25,1,0.5,89.4,89.4,0,15.61,15.61,0,239145,239145,0,-0.3028,-0.3028,0,PASS,PASS,PASS,PASS
fs_125c_3.30v,fs,125,3.3,25,4.7,0.001,47.64,47.64,0,27.99,27.99,0,51788.5,51788.5,0,-0.6264,-0.6264,0,PASS,PASS,PASS,PASS
fs_125c_3.30v,fs,125,3.3,25,4.7,0.05,51.97,51.97,0,32.88,32.88,0,51895.4,51895.4,0,-0.5993,-0.5993,0,PASS,PASS,PASS,PASS
fs_125c_3.30v,fs,125,3.3,25,4.7,0.2,65.83,65.83,0,24.46,24.46,0,53636,53636,0,-0.5696,-0.5696,0,PASS,PASS,PASS,PASS
fs_125c_3.30v,fs,125,3.3,25,4.7,0.5,97.17,97.17,0,17.12,17.12,0,67329.1,67329.1,0,-0.3216,-0.3216,0,PASS,PASS,PASS,PASS
fs_125c_3.30v,fs,125,3.3,50,0.33,0.001,14.6,14.6,0,2.64,2.64,0,603897,603897,0,-0.6078,-0.6078,0,FAIL,FAIL,PASS,PASS
fs_125c_3.30v,fs,125,3.3,50,0.33,0.05,18.02,18.02,0,3.43,3.43,0,604694,604694,0,-0.6616,-0.6616,0,FAIL,FAIL,PASS,PASS
fs_125c_3.30v,fs,125,3.3,50,0.33,0.2,27.38,27.38,0,5.89,5.89,0,617530,617530,0,-0.5963,-0.5963,0,FAIL,FAIL,PASS,PASS
fs_125c_3.30v,fs,125,3.3,50,0.33,0.5,40.3,40.3,0,8.35,8.35,0,697294,697294,0,-0.5141,-0.5141,0,FAIL,FAIL,PASS,PASS
fs_125c_3.30v,fs,125,3.3,50,1,0.001,51.88,51.88,0,12.29,12.29,0,236793,236793,0,-0.5033,-0.5033,0,PASS,PASS,PASS,PASS
fs_125c_3.30v,fs,125,3.3,50,1,0.05,56.02,56.02,0,14.73,14.73,0,237355,237355,0,-0.4783,-0.4783,0,PASS,PASS,PASS,PASS
fs_125c_3.30v,fs,125,3.3,50,1,0.2,68.21,68.21,0,17.81,17.81,0,246829,246829,0,-0.4512,-0.4512,0,PASS,PASS,PASS,PASS
fs_125c_3.30v,fs,125,3.3,50,1,0.5,89.38,89.38,0,13.62,13.62,0,328675,328675,0,-0.2782,-0.2782,0,PASS,PASS,PASS,PASS
fs_125c_3.30v,fs,125,3.3,50,4.7,0.001,49.7,49.7,0,25.97,25.97,0,61638.7,61638.7,0,-0.5884,-0.5884,0,PASS,PASS,PASS,PASS
fs_125c_3.30v,fs,125,3.3,50,4.7,0.05,54.86,54.86,0,30.87,30.87,0,61824.4,61824.4,0,-0.5506,-0.5506,0,PASS,PASS,PASS,PASS
fs_125c_3.30v,fs,125,3.3,50,4.7,0.2,71.47,71.47,0,22.47,22.47,0,64937.4,64937.4,0,-0.5158,-0.5158,0,PASS,PASS,PASS,PASS
fs_125c_3.30v,fs,125,3.3,50,4.7,0.5,110.37,110.37,0,15.13,15.13,0,96282.3,96282.3,0,-0.2082,-0.2082,0,PASS,PASS,PASS,PASS
fs_125c_3.63v,fs,125,3.63,0,0.33,0.001,20.91,20.91,0,52.86,52.86,0,2145.36,2145.36,0,-0.876,-0.876,0,FAIL,FAIL,PASS,PASS
fs_125c_3.63v,fs,125,3.63,0,0.33,0.05,20.92,20.94,0.02,52.85,52.86,0.01,2145.36,2145.5,0.00652571,-0.876,-0.8749,0.0011,FAIL,FAIL,PASS,PASS
fs_125c_3.63v,fs,125,3.63,0,0.33,0.2,20.96,20.98,0.02,52.85,52.85,0,2145.36,2145.5,0.00652571,-0.876,-0.8749,0.0011,FAIL,FAIL,PASS,PASS
fs_125c_3.63v,fs,125,3.63,0,0.33,0.5,21.03,21.06,0.03,52.84,52.84,0,2145.36,2145.5,0.00652571,-0.876,-0.8749,0.0011,FAIL,FAIL,PASS,PASS
fs_125c_3.63v,fs,125,3.63,0,1,0.001,12.24,12.24,0,52.85,52.85,0,1204.07,1204.07,0,-0.8535,-0.8534,0.0001,FAIL,FAIL,PASS,PASS
fs_125c_3.63v,fs,125,3.63,0,1,0.05,12.27,12.28,0.01,52.84,52.85,0.01,1204.07,1204.09,0.00166103,-0.8535,-0.8531,0.0004,FAIL,FAIL,PASS,PASS
fs_125c_3.63v,fs,125,3.63,0,1,0.2,12.33,12.34,0.01,52.84,52.84,0,1204.07,1204.09,0.00166103,-0.8534,-0.853,0.0004,FAIL,FAIL,PASS,PASS
fs_125c_3.63v,fs,125,3.63,0,1,0.5,12.46,12.47,0.01,52.83,52.83,0,1204.07,1204.1,0.00249155,-0.8534,-0.853,0.0004,FAIL,FAIL,PASS,PASS
fs_125c_3.63v,fs,125,3.63,0,4.7,0.001,6.01,6.01,0,52.84,52.84,0,550.403,550.403,0,-0.8684,-0.8684,0,FAIL,FAIL,PASS,PASS
fs_125c_3.63v,fs,125,3.63,0,4.7,0.05,6.06,6.06,0,52.84,52.85,0.01,550.403,550.405,0.00036337,-0.8684,-0.8683,0.0001,FAIL,FAIL,PASS,PASS
fs_125c_3.63v,fs,125,3.63,0,4.7,0.2,6.19,6.2,0.01,52.84,52.84,0,550.404,550.406,0.000363369,-0.8683,-0.8682,0.0001,FAIL,FAIL,PASS,PASS
fs_125c_3.63v,fs,125,3.63,0,4.7,0.5,6.47,6.48,0.01,52.83,52.83,0,550.411,550.414,0.000545047,-0.8681,-0.868,0.0001,FAIL,FAIL,PASS,PASS
fs_125c_3.63v,fs,125,3.63,0.1,0.33,0.001,62.12,62.12,0,23.68,23.68,0,75787.4,75787.4,0,-0.5083,-0.5083,0,PASS,PASS,PASS,PASS
fs_125c_3.63v,fs,125,3.63,0.1,0.33,0.05,63.02,63.02,0,25.05,25.05,0,76784.5,76784.5,0,-0.4914,-0.4914,0,PASS,PASS,PASS,PASS
fs_125c_3.63v,fs,125,3.63,0.1,0.33,0.2,64.38,63.9,-0.48,30.5,30.25,-0.25,76817.7,75821.1,-1.29736,-0.4868,-0.5036,-0.0168,PASS,PASS,PASS,PASS
fs_125c_3.63v,fs,125,3.63,0.1,0.33,0.5,66.54,66.54,0,41.28,41.28,0,76000.5,76000.5,0,-0.4787,-0.4787,0,PASS,PASS,PASS,PASS
fs_125c_3.63v,fs,125,3.63,0.1,1,0.001,71.32,71.32,0,33.74,33.74,0,24171.6,24171.6,0,-0.4225,-0.4225,0,PASS,PASS,PASS,PASS
fs_125c_3.63v,fs,125,3.63,0.1,1,0.05,72.25,72.25,0,39.44,39.44,0,24384.3,24384.3,0,-0.4435,-0.4435,0,PASS,PASS,PASS,PASS
fs_125c_3.63v,fs,125,3.63,0.1,1,0.2,73.57,73.05,-0.52,49.76,50.35,0.59,24395.2,24182.9,-0.870253,-0.4393,-0.4181,0.0212,PASS,PASS,PASS,PASS
fs_125c_3.63v,fs,125,3.63,0.1,1,0.5,75.69,75.69,0,45.13,45.13,0,24242.7,24242.7,0,-0.4431,-0.4431,0,PASS,PASS,PASS,PASS
fs_125c_3.63v,fs,125,3.63,0.1,4.7,0.001,42.93,42.93,0,53.53,53.53,0,6787.23,6787.23,0,-0.7045,-0.7045,0,FAIL,FAIL,PASS,PASS
fs_125c_3.63v,fs,125,3.63,0.1,4.7,0.05,43.89,43.89,0,52.97,52.97,0,6805.27,6805.27,0,-0.6674,-0.6674,0,FAIL,FAIL,PASS,PASS
fs_125c_3.63v,fs,125,3.63,0.1,4.7,0.2,45.63,45.23,-0.4,50.25,50.63,0.38,6808.66,6790.78,-0.262607,-0.6601,-0.6968,-0.0367,PASS,PASS,PASS,PASS
fs_125c_3.63v,fs,125,3.63,0.1,4.7,0.5,48.75,48.75,0,45.75,45.75,0,6809.59,6809.59,0,-0.6564,-0.6564,0,PASS,PASS,PASS,PASS
fs_125c_3.63v,fs,125,3.63,1,0.33,0.001,51.93,51.93,0,13.09,13.09,0,235307,235307,0,-0.5461,-0.5461,0,PASS,PASS,PASS,PASS
fs_125c_3.63v,fs,125,3.63,1,0.33,0.05,53.29,53.29,0,14.07,14.07,0,235366,235366,0,-0.5432,-0.5432,0,PASS,PASS,PASS,PASS
fs_125c_3.63v,fs,125,3.63,1,0.33,0.2,57.36,57.36,0,17.47,17.47,0,236273,236273,0,-0.5004,-0.5004,0,PASS,PASS,PASS,PASS
fs_125c_3.63v,fs,125,3.63,1,0.33,0.5,65.09,65.09,0,21.57,21.57,0,241523,241523,0,-0.4914,-0.4914,0,PASS,PASS,PASS,PASS
fs_125c_3.63v,fs,125,3.63,1,1,0.001,71.25,71.25,0,22.84,22.84,0,81082,81082,0,-0.4549,-0.4549,0,PASS,PASS,PASS,PASS
fs_125c_3.63v,fs,125,3.63,1,1,0.05,72.67,72.67,0,26.12,26.12,0,81108.4,81108.4,0,-0.4519,-0.4519,0,PASS,PASS,PASS,PASS
fs_125c_3.63v,fs,125,3.63,1,1,0.2,77.04,77.04,0,31.24,31.24,0,81519.3,81519.3,0,-0.4053,-0.4053,0,PASS,PASS,PASS,PASS
fs_125c_3.63v,fs,125,3.63,1,1,0.5,85.83,85.83,0,26.87,26.87,0,83951.1,83951.1,0,-0.4222,-0.4222,0,PASS,PASS,PASS,PASS
fs_125c_3.63v,fs,125,3.63,1,4.7,0.001,48.57,48.57,0,37.07,37.07,0,19637.9,19637.9,0,-0.6137,-0.6137,0,PASS,PASS,PASS,PASS
fs_125c_3.63v,fs,125,3.63,1,4.7,0.05,50.21,50.21,0,44.39,44.39,0,19643.6,19643.6,0,-0.6098,-0.6098,0,PASS,PASS,PASS,PASS
fs_125c_3.63v,fs,125,3.63,1,4.7,0.2,55.33,55.33,0,35.52,35.52,0,19731,19731,0,-0.6183,-0.6183,0,PASS,PASS,PASS,PASS
fs_125c_3.63v,fs,125,3.63,1,4.7,0.5,66.1,66.1,0,28.28,28.28,0,20242.7,20242.7,0,-0.5505,-0.5505,0,PASS,PASS,PASS,PASS
fs_125c_3.63v,fs,125,3.63,10,0.33,0.001,36.34,36.34,0,7.19,7.19,0,449948,449948,0,-0.5259,-0.5259,0,FAIL,FAIL,PASS,PASS
fs_125c_3.63v,fs,125,3.63,10,0.33,0.05,38.91,38.91,0,8.09,8.09,0,450349,450349,0,-0.5157,-0.5157,0,FAIL,FAIL,PASS,PASS
fs_125c_3.63v,fs,125,3.63,10,0.33,0.2,46.34,46.34,0,10.97,10.97,0,456577,456577,0,-0.5397,-0.5397,0,PASS,PASS,PASS,PASS
fs_125c_3.63v,fs,125,3.63,10,0.33,0.5,58.94,58.94,0,13.36,13.36,0,495399,495399,0,-0.464,-0.464,0,PASS,PASS,PASS,PASS
fs_125c_3.63v,fs,125,3.63,10,1,0.001,60.43,60.43,0,16.87,16.87,0,163714,163714,0,-0.4973,-0.4973,0,PASS,PASS,PASS,PASS
fs_125c_3.63v,fs,125,3.63,10,1,0.05,63.31,63.31,0,19.72,19.72,0,163909,163909,0,-0.485,-0.485,0,PASS,PASS,PASS,PASS
fs_125c_3.63v,fs,125,3.63,10,1,0.2,72.08,72.08,0,22.71,22.71,0,167036,167036,0,-0.4514,-0.4514,0,PASS,PASS,PASS,PASS
fs_125c_3.63v,fs,125,3.63,10,1,0.5,89.74,89.74,0,18.1,18.1,0,188533,188533,0,-0.3501,-0.3501,0,PASS,PASS,PASS,PASS
fs_125c_3.63v,fs,125,3.63,10,4.7,0.001,47.42,47.42,0,30.68,30.68,0,43513,43513,0,-0.5845,-0.5845,0,PASS,PASS,PASS,PASS
fs_125c_3.63v,fs,125,3.63,10,4.7,0.05,51.06,51.06,0,35.66,35.66,0,43576.4,43576.4,0,-0.6328,-0.6328,0,PASS,PASS,PASS,PASS
fs_125c_3.63v,fs,125,3.63,10,4.7,0.2,62.66,62.66,0,26.85,26.85,0,44580.7,44580.7,0,-0.6008,-0.6008,0,PASS,PASS,PASS,PASS
fs_125c_3.63v,fs,125,3.63,10,4.7,0.5,88.41,88.41,0,19.47,19.47,0,51600,51600,0,-0.4072,-0.4072,0,PASS,PASS,PASS,PASS
fs_125c_3.63v,fs,125,3.63,25,0.33,0.001,23.17,23.17,0,4.54,4.54,0,556767,556767,0,-0.5883,-0.5883,0,FAIL,FAIL,PASS,PASS
fs_125c_3.63v,fs,125,3.63,25,0.33,0.05,26.34,26.34,0,5.44,5.44,0,557443,557443,0,-0.5727,-0.5727,0,FAIL,FAIL,PASS,PASS
fs_125c_3.63v,fs,125,3.63,25,0.33,0.2,35.21,35.21,0,8.34,8.34,0,568028,568028,0,-0.6042,-0.6042,0,FAIL,FAIL,PASS,PASS
fs_125c_3.63v,fs,125,3.63,25,0.33,0.5,48.66,48.66,0,10.89,10.89,0,634248,634248,0,-0.5132,-0.5132,0,PASS,PASS,PASS,PASS
fs_125c_3.63v,fs,125,3.63,25,1,0.001,55.06,55.06,0,14.21,14.21,0,214729,214729,0,-0.5012,-0.5012,0,PASS,PASS,PASS,PASS
fs_125c_3.63v,fs,125,3.63,25,1,0.05,58.82,58.82,0,17.06,17.06,0,215161,215161,0,-0.4802,-0.4802,0,PASS,PASS,PASS,PASS
fs_125c_3.63v,fs,125,3.63,25,1,0.2,70.06,70.06,0,20.26,20.26,0,222214,222214,0,-0.4692,-0.4692,0,PASS,PASS,PASS,PASS
fs_125c_3.63v,fs,125,3.63,25,1,0.5,91.16,91.16,0,15.7,15.7,0,278266,278266,0,-0.3042,-0.3042,0,PASS,PASS,PASS,PASS
fs_125c_3.63v,fs,125,3.63,25,4.7,0.001,49.46,49.46,0,27.95,27.95,0,56177.9,56177.9,0,-0.602,-0.602,0,PASS,PASS,PASS,PASS
fs_125c_3.63v,fs,125,3.63,25,4.7,0.05,54.16,54.16,0,33.23,33.23,0,56319.8,56319.8,0,-0.5699,-0.5699,0,PASS,PASS,PASS,PASS
fs_125c_3.63v,fs,125,3.63,25,4.7,0.2,69.27,69.27,0,24.47,24.47,0,58630.9,58630.9,0,-0.5181,-0.5181,0,PASS,PASS,PASS,PASS
fs_125c_3.63v,fs,125,3.63,25,4.7,0.5,104.2,104.2,0,17.08,17.08,0,78821.3,78821.3,0,-0.2848,-0.2848,0,PASS,PASS,PASS,PASS
fs_125c_3.63v,fs,125,3.63,50,0.33,0.001,13.27,13.27,0,2.56,2.56,0,645955,645955,0,-0.6543,-0.6543,0,FAIL,FAIL,PASS,PASS
fs_125c_3.63v,fs,125,3.63,50,0.33,0.05,16.93,16.93,0,3.45,3.45,0,646911,646911,0,-0.6336,-0.6336,0,FAIL,FAIL,PASS,PASS
fs_125c_3.63v,fs,125,3.63,50,0.33,0.2,26.92,26.92,0,6.31,6.31,0,662082,662082,0,-0.6103,-0.6103,0,FAIL,FAIL,PASS,PASS
fs_125c_3.63v,fs,125,3.63,50,0.33,0.5,40.45,40.45,0,8.86,8.86,0,756106,756106,0,-0.5224,-0.5224,0,FAIL,FAIL,PASS,PASS
fs_125c_3.63v,fs,125,3.63,50,1,0.001,50.65,50.65,0,12.21,12.21,0,261028,261028,0,-0.5154,-0.5154,0,PASS,PASS,PASS,PASS
fs_125c_3.63v,fs,125,3.63,50,1,0.05,55.19,55.19,0,15.03,15.03,0,261787,261787,0,-0.4845,-0.4845,0,PASS,PASS,PASS,PASS
fs_125c_3.63v,fs,125,3.63,50,1,0.2,68.45,68.45,0,18.24,18.24,0,274478,274478,0,-0.4298,-0.4298,0,PASS,PASS,PASS,PASS
fs_125c_3.63v,fs,125,3.63,50,1,0.5,89.41,89.41,0,13.7,13.7,0,390940,390940,0,-0.2629,-0.2629,0,PASS,PASS,PASS,PASS
fs_125c_3.63v,fs,125,3.63,50,4.7,0.001,51.33,51.33,0,25.93,25.93,0,67165.9,67165.9,0,-0.5798,-0.5798,0,PASS,PASS,PASS,PASS
fs_125c_3.63v,fs,125,3.63,50,4.7,0.05,56.96,56.96,0,31.21,31.21,0,67415.7,67415.7,0,-0.5343,-0.5343,0,PASS,PASS,PASS,PASS
fs_125c_3.63v,fs,125,3.63,50,4.7,0.2,75.16,75.16,0,22.48,22.48,0,71632.6,71632.6,0,-0.4875,-0.4875,0,PASS,PASS,PASS,PASS
fs_125c_3.63v,fs,125,3.63,50,4.7,0.5,118.75,118.75,0,15.08,15.08,0,125277,125277,0,-0.1488,-0.1488,0,PASS,PASS,PASS,PASS
fs_27c_2.97v,fs,27,2.97,0,0.33,0.001,26.66,26.66,0,52.91,52.91,0,2654.79,2654.79,0,-0.8374,-0.8374,0,FAIL,FAIL,PASS,PASS
fs_27c_2.97v,fs,27,2.97,0,0.33,0.05,26.68,26.68,0,52.91,52.91,0,2654.79,2654.79,0,-0.8374,-0.8374,0,FAIL,FAIL,PASS,PASS
fs_27c_2.97v,fs,27,2.97,0,0.33,0.2,26.72,26.72,0,52.9,52.9,0,2654.79,2654.79,0,-0.8374,-0.8374,0,FAIL,FAIL,PASS,PASS
fs_27c_2.97v,fs,27,2.97,0,0.33,0.5,26.82,26.82,0,52.87,52.87,0,2654.79,2654.79,0,-0.8374,-0.8374,0,FAIL,FAIL,PASS,PASS
fs_27c_2.97v,fs,27,2.97,0,1,0.001,15.59,15.59,0,52.9,52.9,0,1467.09,1467.09,0,-0.9053,-0.9053,0,FAIL,FAIL,PASS,PASS
fs_27c_2.97v,fs,27,2.97,0,1,0.05,15.61,15.61,0,52.89,52.89,0,1467.09,1467.09,0,-0.9053,-0.9053,0,FAIL,FAIL,PASS,PASS
fs_27c_2.97v,fs,27,2.97,0,1,0.2,15.69,15.69,0,52.88,52.88,0,1467.09,1467.09,0,-0.9053,-0.9053,0,FAIL,FAIL,PASS,PASS
fs_27c_2.97v,fs,27,2.97,0,1,0.5,15.85,15.85,0,52.85,52.85,0,1467.1,1467.1,0,-0.9052,-0.9052,0,FAIL,FAIL,PASS,PASS
fs_27c_2.97v,fs,27,2.97,0,4.7,0.001,7.37,7.37,0,52.89,52.89,0,666.619,666.619,0,-0.9369,-0.9369,0,FAIL,FAIL,PASS,PASS
fs_27c_2.97v,fs,27,2.97,0,4.7,0.05,7.42,7.42,0,52.89,52.89,0,666.619,666.619,0,-0.9369,-0.9369,0,FAIL,FAIL,PASS,PASS
fs_27c_2.97v,fs,27,2.97,0,4.7,0.2,7.59,7.59,0,52.87,52.87,0,666.621,666.621,0,-0.9369,-0.9368,0.0001,FAIL,FAIL,PASS,PASS
fs_27c_2.97v,fs,27,2.97,0,4.7,0.5,7.93,7.93,0,52.85,52.85,0,666.635,666.635,0,-0.9365,-0.9365,0,FAIL,FAIL,PASS,PASS
fs_27c_2.97v,fs,27,2.97,0.1,0.33,0.001,62.15,62.15,0,22.17,22.17,0,83447.7,83447.7,0,-0.5213,-0.5213,0,PASS,PASS,PASS,PASS
fs_27c_2.97v,fs,27,2.97,0.1,0.33,0.05,62.63,62.63,0,23.28,23.28,0,83450.4,83450.4,0,-0.521,-0.521,0,PASS,PASS,PASS,PASS
fs_27c_2.97v,fs,27,2.97,0.1,0.33,0.2,64.11,64.11,0,27.78,27.78,0,83492.9,83492.9,0,-0.5156,-0.5156,0,PASS,PASS,PASS,PASS
fs_27c_2.97v,fs,27,2.97,0.1,0.33,0.5,67.01,67.01,0,37.38,37.38,0,83733.3,83733.3,0,-0.4854,-0.4854,0,PASS,PASS,PASS,PASS
fs_27c_2.97v,fs,27,2.97,0.1,1,0.001,71.82,71.82,0,32.15,32.15,0,26389.4,26389.4,0,-0.4529,-0.4529,0,PASS,PASS,PASS,PASS
fs_27c_2.97v,fs,27,2.97,0.1,1,0.05,72.29,72.29,0,36.56,36.56,0,26390.3,26390.3,0,-0.4526,-0.4526,0,PASS,PASS,PASS,PASS
fs_27c_2.97v,fs,27,2.97,0.1,1,0.2,73.72,73.72,0,47.96,47.96,0,26404.2,26404.2,0,-0.4477,-0.4477,0,PASS,PASS,PASS,PASS
fs_27c_2.97v,fs,27,2.97,0.1,1,0.5,76.61,76.61,0,42.59,42.59,0,26483.2,26483.2,0,-0.42,-0.42,0,PASS,PASS,PASS,PASS
fs_27c_2.97v,fs,27,2.97,0.1,4.7,0.001,42.81,42.81,0,49.94,49.94,0,7381.13,7381.13,0,-0.6639,-0.6639,0,FAIL,FAIL,PASS,PASS
fs_27c_2.97v,fs,27,2.97,0.1,4.7,0.05,43.42,43.42,0,53.11,53.11,0,7381.41,7381.41,0,-0.6633,-0.6633,0,FAIL,FAIL,PASS,PASS
fs_27c_2.97v,fs,27,2.97,0.1,4.7,0.2,45.31,45.31,0,49.32,49.32,0,7385.69,7385.69,0,-0.6548,-0.6548,0,PASS,PASS,PASS,PASS
fs_27c_2.97v,fs,27,2.97,0.1,4.7,0.5,49.15,49.15,0,43.51,43.51,0,7409.79,7409.79,0,-0.6818,-0.6818,0,PASS,PASS,PASS,PASS
fs_27c_2.97v,fs,27,2.97,1,0.33,0.001,55.97,55.97,0,12.87,12.87,0,228175,228175,0,-0.4739,-0.4739,0,PASS,PASS,PASS,PASS
fs_27c_2.97v,fs,27,2.97,1,0.33,0.05,57.29,57.29,0,13.72,13.72,0,228232,228232,0,-0.4712,-0.4712,0,PASS,PASS,PASS,PASS
fs_27c_2.97v,fs,27,2.97,1,0.33,0.2,61.25,61.25,0,16.54,16.54,0,229114,229114,0,-0.4857,-0.4857,0,PASS,PASS,PASS,PASS
fs_27c_2.97v,fs,27,2.97,1,0.33,0.5,68.84,68.84,0,19.85,19.85,0,234247,234247,0,-0.4737,-0.4737,0,PASS,PASS,PASS,PASS
fs_27c_2.97v,fs,27,2.97,1,1,0.001,69.97,69.97,0,22.6,22.6,0,76488.7,76488.7,0,-0.4189,-0.4189,0,PASS,PASS,PASS,PASS
fs_27c_2.97v,fs,27,2.97,1,1,0.05,71.32,71.32,0,25.37,25.37,0,76510.2,76510.2,0,-0.4162,-0.4162,0,PASS,PASS,PASS,PASS
fs_27c_2.97v,fs,27,2.97,1,1,0.2,75.47,75.47,0,29.52,29.52,0,76848.1,76848.1,0,-0.4237,-0.4237,0,PASS,PASS,PASS,PASS
fs_27c_2.97v,fs,27,2.97,1,1,0.5,83.89,83.89,0,25.4,25.4,0,78840.7,78840.7,0,-0.4267,-0.4267,0,PASS,PASS,PASS,PASS
fs_27c_2.97v,fs,27,2.97,1,4.7,0.001,44.04,44.04,0,36.71,36.71,0,20147.5,20147.5,0,-0.6906,-0.6906,0,FAIL,FAIL,PASS,PASS
fs_27c_2.97v,fs,27,2.97,1,4.7,0.05,45.72,45.72,0,42.68,42.68,0,20153.3,20153.3,0,-0.6865,-0.6865,0,PASS,PASS,PASS,PASS
fs_27c_2.97v,fs,27,2.97,1,4.7,0.2,50.96,50.96,0,34.14,34.14,0,20242.5,20242.5,0,-0.6232,-0.6232,0,PASS,PASS,PASS,PASS
fs_27c_2.97v,fs,27,2.97,1,4.7,0.5,61.95,61.95,0,26.93,26.93,0,20761.9,20761.9,0,-0.6252,-0.6252,0,PASS,PASS,PASS,PASS
fs_27c_2.97v,fs,27,2.97,10,0.33,0.001,31.72,31.66,-0.06,6.23,6.23,0,456730,456354,-0.0823243,-0.5713,-0.5809,-0.0096,FAIL,FAIL,PASS,PASS
fs_27c_2.97v,fs,27,2.97,10,0.33,0.05,34.33,34.27,-0.06,7.07,7.07,0,457132,456754,-0.0826895,-0.5607,-0.5703,-0.0096,FAIL,FAIL,PASS,PASS
fs_27c_2.97v,fs,27,2.97,10,0.33,0.2,41.82,41.82,0,9.78,9.78,0,463404,463404,0,-0.5253,-0.5253,0,FAIL,FAIL,PASS,PASS
fs_27c_2.97v,fs,27,2.97,10,0.33,0.5,54.29,54.29,0,12.47,12.47,0,502164,502164,0,-0.4669,-0.4669,0,PASS,PASS,PASS,PASS
fs_27c_2.97v,fs,27,2.97,10,1,0.001,58.68,58.63,-0.05,15.9,15.9,0,169162,169121,-0.0242371,-0.463,-0.4653,-0.0023,PASS,PASS,PASS,PASS
fs_27c_2.97v,fs,27,2.97,10,1,0.05,61.65,61.61,-0.04,18.57,18.57,0,169376,169335,-0.0242065,-0.5032,-0.4524,0.0508,PASS,PASS,PASS,PASS
fs_27c_2.97v,fs,27,2.97,10,1,0.2,70.66,70.66,0,21.95,21.95,0,172810,172810,0,-0.4573,-0.4573,0,PASS,PASS,PASS,PASS
fs_27c_2.97v,fs,27,2.97,10,1,0.5,88.55,88.55,0,17.65,17.65,0,196720,196719,-0.000508337,-0.3699,-0.3699,0,PASS,PASS,PASS,PASS
fs_27c_2.97v,fs,27,2.97,10,4.7,0.001,47.66,47.65,-0.01,29.66,29.66,0,44692.7,44690.6,-0.00469875,-0.6028,-0.6034,-0.0006,PASS,PASS,PASS,PASS
fs_27c_2.97v,fs,27,2.97,10,4.7,0.05,51.41,51.39,-0.02,35,35,0,44761.8,44759.7,-0.0046915,-0.5825,-0.5831,-0.0006,PASS,PASS,PASS,PASS
fs_27c_2.97v,fs,27,2.97,10,4.7,0.2,63.32,63.32,0,26.47,26.47,0,45861.6,45861.6,0,-0.5979,-0.5979,0,PASS,PASS,PASS,PASS
fs_27c_2.97v,fs,27,2.97,10,4.7,0.5,89.88,89.88,0,19.13,19.13,0,53700.6,53700.6,0,-0.3944,-0.3944,0,PASS,PASS,PASS,PASS
fs_27c_2.97v,fs,27,2.97,25,0.33,0.001,17.46,17.46,0,3.37,3.37,0,571332,571332,0,-0.6539,-0.6539,0,FAIL,FAIL,PASS,PASS
fs_27c_2.97v,fs,27,2.97,25,0.33,0.05,20.71,20.71,0,4.2,4.2,0,572021,572021,0,-0.6375,-0.6375,0,FAIL,FAIL,PASS,PASS
fs_27c_2.97v,fs,27,2.97,25,0.33,0.2,29.72,29.72,0,6.89,6.89,0,582898,582898,0,-0.6005,-0.6005,0,FAIL,FAIL,PASS,PASS
fs_27c_2.97v,fs,27,2.97,25,0.33,0.5,42.97,42.97,0,9.66,9.66,0,650032,650032,0,-0.5287,-0.5287,0,FAIL,FAIL,PASS,PASS
fs_27c_2.97v,fs,27,2.97,25,1,0.001,52.91,52.91,0,13.02,13.02,0,225681,225681,0,-0.4694,-0.4694,0,PASS,PASS,PASS,PASS
fs_27c_2.97v,fs,27,2.97,25,1,0.05,56.85,56.85,0,15.66,15.66,0,226176,226176,0,-0.5008,-0.5008,0,PASS,PASS,PASS,PASS
fs_27c_2.97v,fs,27,2.97,25,1,0.2,68.5,68.5,0,19.15,19.15,0,234337,234337,0,-0.458,-0.458,0,PASS,PASS,PASS,PASS
fs_27c_2.97v,fs,27,2.97,25,1,0.5,89.28,89.28,0,14.91,14.91,0,300997,300997,0,-0.2769,-0.2769,0,PASS,PASS,PASS,PASS
fs_27c_2.97v,fs,27,2.97,25,4.7,0.001,50.66,50.66,0,26.73,26.73,0,58017.2,58017.2,0,-0.5502,-0.5502,0,PASS,PASS,PASS,PASS
fs_27c_2.97v,fs,27,2.97,25,4.7,0.05,55.52,55.52,0,32.22,32.22,0,58175.5,58175.5,0,-0.5797,-0.5797,0,PASS,PASS,PASS,PASS
fs_27c_2.97v,fs,27,2.97,25,4.7,0.2,71.14,71.14,0,23.75,23.75,0,60795.6,60795.6,0,-0.5409,-0.5409,0,PASS,PASS,PASS,PASS
fs_27c_2.97v,fs,27,2.97,25,4.7,0.5,107.68,107.68,0,16.4,16.4,0,85439.9,85439.9,0,-0.2503,-0.2503,0,PASS,PASS,PASS,PASS
fs_27c_2.97v,fs,27,2.97,50,0.33,0.001,7.08,7.08,0,1.35,1.35,0,662344,662344,0,-0.6622,-0.6622,0,FAIL,FAIL,PASS,PASS
fs_27c_2.97v,fs,27,2.97,50,0.33,0.05,10.82,10.82,0,2.17,2.17,0,663296,663296,0,-0.7195,-0.7195,0,FAIL,FAIL,PASS,PASS
fs_27c_2.97v,fs,27,2.97,50,0.33,0.2,20.97,20.97,0,4.82,4.82,0,678695,678695,0,-0.6971,-0.6971,0,FAIL,FAIL,PASS,PASS
fs_27c_2.97v,fs,27,2.97,50,0.33,0.5,34.28,34.27,-0.01,7.58,7.58,0,772486,772327,-0.0205829,-0.5772,-0.5796,-0.0024,FAIL,FAIL,PASS,PASS
fs_27c_2.97v,fs,27,2.97,50,1,0.001,47.83,47.83,0,10.98,10.98,0,275663,275663,0,-0.4952,-0.4952,0,PASS,PASS,PASS,PASS
fs_27c_2.97v,fs,27,2.97,50,1,0.05,52.61,52.61,0,13.58,13.58,0,276534,276534,0,-0.5171,-0.5171,0,PASS,PASS,PASS,PASS
fs_27c_2.97v,fs,27,2.97,50,1,0.2,66.31,66.31,0,17.06,17.06,0,291340,291340,0,-0.4643,-0.4643,0,PASS,PASS,PASS,PASS
fs_27c_2.97v,fs,27,2.97,50,1,0.5,85.24,85.23,-0.01,12.84,12.84,0,429055,428960,-0.0221417,-0.2654,-0.2666,-0.0012,PASS,PASS,PASS,PASS
fs_27c_2.97v,fs,27,2.97,50,4.7,0.001,52.81,52.81,0,24.66,24.66,0,69730.7,69730.7,0,-0.5324,-0.5324,0,PASS,PASS,PASS,PASS
fs_27c_2.97v,fs,27,2.97,50,4.7,0.05,58.65,58.65,0,30.13,30.13,0,70014.2,70014.2,0,-0.5449,-0.5449,0,PASS,PASS,PASS,PASS
fs_27c_2.97v,fs,27,2.97,50,4.7,0.2,77.55,77.55,0,21.69,21.69,0,74919,74919,0,-0.4765,-0.4765,0,PASS,PASS,PASS,PASS
fs_27c_2.97v,fs,27,2.97,50,4.7,0.5,122.7,122.7,0,14.33,14.33,0,152112,152093,-0.0124908,-0.1141,-0.1144,-0.0003,PASS,PASS,PASS,PASS
fs_27c_3.30v,fs,27,3.3,0,0.33,0.001,28.09,28.09,0,52.83,52.83,0,2820.97,2820.97,0,-0.7793,-0.7793,0,FAIL,FAIL,PASS,PASS
fs_27c_3.30v,fs,27,3.3,0,0.33,0.05,28.11,28.11,0,52.83,52.83,0,2820.97,2820.97,0,-0.7793,-0.7793,0,FAIL,FAIL,PASS,PASS
fs_27c_3.30v,fs,27,3.3,0,0.33,0.2,28.16,28.16,0,52.82,52.82,0,2820.97,2820.97,0,-0.7793,-0.7793,0,FAIL,FAIL,PASS,PASS
fs_27c_3.30v,fs,27,3.3,0,0.33,0.5,28.26,28.26,0,52.79,52.79,0,2820.97,2820.97,0,-0.7792,-0.7792,0,FAIL,FAIL,PASS,PASS
fs_27c_3.30v,fs,27,3.3,0,1,0.001,16.45,16.45,0,52.82,52.82,0,1551.99,1551.99,0,-0.8275,-0.8275,0,FAIL,FAIL,PASS,PASS
fs_27c_3.30v,fs,27,3.3,0,1,0.05,16.48,16.48,0,52.81,52.81,0,1551.99,1551.99,0,-0.8275,-0.8275,0,FAIL,FAIL,PASS,PASS
fs_27c_3.30v,fs,27,3.3,0,1,0.2,16.56,16.56,0,52.8,52.8,0,1551.99,1551.99,0,-0.8275,-0.8275,0,FAIL,FAIL,PASS,PASS
fs_27c_3.30v,fs,27,3.3,0,1,0.5,16.73,16.73,0,52.78,52.78,0,1552,1552,0,-0.8274,-0.8274,0,FAIL,FAIL,PASS,PASS
fs_27c_3.30v,fs,27,3.3,0,4.7,0.001,7.78,7.78,0,52.81,52.81,0,703.965,703.965,0,-0.8895,-0.8895,0,FAIL,FAIL,PASS,PASS
fs_27c_3.30v,fs,27,3.3,0,4.7,0.05,7.84,7.84,0,52.81,52.81,0,703.965,703.965,0,-0.8895,-0.8895,0,FAIL,FAIL,PASS,PASS
fs_27c_3.30v,fs,27,3.3,0,4.7,0.2,8.02,8.02,0,52.8,52.8,0,703.968,703.968,0,-0.8894,-0.8894,0,FAIL,FAIL,PASS,PASS
fs_27c_3.30v,fs,27,3.3,0,4.7,0.5,8.37,8.37,0,52.77,52.77,0,703.984,703.984,0,-0.889,-0.889,0,FAIL,FAIL,PASS,PASS
fs_27c_3.30v,fs,27,3.3,0.1,0.33,0.001,57.83,57.83,0,21.79,21.79,0,94907.8,94907.8,0,-0.5389,-0.5389,0,PASS,PASS,PASS,PASS
fs_27c_3.30v,fs,27,3.3,0.1,0.33,0.05,58.38,58.38,0,23.06,23.06,0,94911.7,94911.7,0,-0.5384,-0.5384,0,PASS,PASS,PASS,PASS
fs_27c_3.30v,fs,27,3.3,0.1,0.33,0.2,60.05,60.05,0,28.45,28.45,0,94970.1,94970.1,0,-0.5315,-0.5315,0,PASS,PASS,PASS,PASS
fs_27c_3.30v,fs,27,3.3,0.1,0.33,0.5,63.34,63.34,0,38.57,38.57,0,95300.1,95300.1,0,-0.5521,-0.5521,0,PASS,PASS,PASS,PASS
fs_27c_3.30v,fs,27,3.3,0.1,1,0.001,73.24,73.24,0,31.76,31.76,0,31076.3,31076.3,0,-0.4205,-0.4205,0,PASS,PASS,PASS,PASS
fs_27c_3.30v,fs,27,3.3,0.1,1,0.05,73.79,73.79,0,36.95,36.95,0,31077.8,31077.8,0,-0.4201,-0.4201,0,PASS,PASS,PASS,PASS
fs_27c_3.30v,fs,27,3.3,0.1,1,0.2,75.47,75.47,0,48.44,48.44,0,31101.5,31101.5,0,-0.4132,-0.4132,0,PASS,PASS,PASS,PASS
fs_27c_3.30v,fs,27,3.3,0.1,1,0.5,78.85,78.85,0,42.81,42.81,0,31235.5,31235.5,0,-0.4209,-0.4209,0,PASS,PASS,PASS,PASS
fs_27c_3.30v,fs,27,3.3,0.1,4.7,0.001,46.7,46.7,0,49.03,49.03,0,8081.6,8081.6,0,-0.6498,-0.6498,0,PASS,PASS,PASS,PASS
fs_27c_3.30v,fs,27,3.3,0.1,4.7,0.05,47.37,47.37,0,53.06,53.06,0,8081.98,8081.98,0,-0.6491,-0.6491,0,PASS,PASS,PASS,PASS
fs_27c_3.30v,fs,27,3.3,0.1,4.7,0.2,49.44,49.44,0,49.44,49.44,0,8087.9,8087.9,0,-0.6389,-0.6389,0,PASS,PASS,PASS,PASS
fs_27c_3.30v,fs,27,3.3,0.1,4.7,0.5,53.67,53.67,0,43.61,43.61,0,8121.23,8121.23,0,-0.6525,-0.6525,0,PASS,PASS,PASS,PASS
fs_27c_3.30v,fs,27,3.3,1,0.33,0.001,51.67,51.67,0,12.45,12.45,0,261659,261658,-0.000382177,-0.5131,-0.5131,0,PASS,PASS,PASS,PASS
fs_27c_3.30v,fs,27,3.3,1,0.33,0.05,53.19,53.19,0,13.44,13.44,0,261741,261741,0,-0.5096,-0.5096,0,PASS,PASS,PASS,PASS
fs_27c_3.30v,fs,27,3.3,1,0.33,0.2,57.7,57.7,0,16.83,16.83,0,263006,263006,0,-0.5144,-0.5144,0,PASS,PASS,PASS,PASS
fs_27c_3.30v,fs,27,3.3,1,0.33,0.5,66.21,66.21,0,20.49,20.49,0,270396,270396,0,-0.4996,-0.4996,0,PASS,PASS,PASS,PASS
fs_27c_3.30v,fs,27,3.3,1,1,0.001,70.35,70.35,0,22.19,22.19,0,90298.4,90298.4,0,-0.4276,-0.4276,0,PASS,PASS,PASS,PASS
fs_27c_3.30v,fs,27,3.3,1,1,0.05,71.94,71.94,0,25.48,25.48,0,90334.5,90334.5,0,-0.4238,-0.4238,0,PASS,PASS,PASS,PASS
fs_27c_3.30v,fs,27,3.3,1,1,0.2,76.81,76.81,0,30.03,30.03,0,90894,90894,0,-0.415,-0.415,0,PASS,PASS,PASS,PASS
fs_27c_3.30v,fs,27,3.3,1,1,0.5,86.63,86.63,0,25.5,25.5,0,94243.7,94243.7,0,-0.4175,-0.4175,0,PASS,PASS,PASS,PASS
fs_27c_3.30v,fs,27,3.3,1,4.7,0.001,48.34,48.34,0,36.33,36.33,0,22148.2,22148.1,-0.000451504,-0.62,-0.62,0,PASS,PASS,PASS,PASS
fs_27c_3.30v,fs,27,3.3,1,4.7,0.05,50.18,50.18,0,43.1,43.1,0,22156.3,22156.3,0,-0.615,-0.615,0,PASS,PASS,PASS,PASS
fs_27c_3.30v,fs,27,3.3,1,4.7,0.2,55.98,55.98,0,34.16,34.16,0,22282.3,22282.3,0,-0.6071,-0.6071,0,PASS,PASS,PASS,PASS
fs_27c_3.30v,fs,27,3.3,1,4.7,0.5,68.25,68.25,0,26.87,26.87,0,23026.7,23026.7,0,-0.5761,-0.5761,0,PASS,PASS,PASS,PASS
fs_27c_3.30v,fs,27,3.3,10,0.33,0.001,29.51,29.51,0,6.16,6.16,0,500250,500250,0,-0.6115,-0.6115,0,FAIL,FAIL,PASS,PASS
fs_27c_3.30v,fs,27,3.3,10,0.33,0.05,32.37,32.37,0,7.14,7.14,0,500758,500758,0,-0.5987,-0.5987,0,FAIL,FAIL,PASS,PASS
fs_27c_3.30v,fs,27,3.3,10,0.33,0.2,40.52,40.52,0,10.36,10.36,0,508643,508643,0,-0.6018,-0.6018,0,FAIL,FAIL,PASS,PASS
fs_27c_3.30v,fs,27,3.3,10,0.33,0.5,53.8,53.8,0,13.12,13.12,0,557526,557526,0,-0.4732,-0.4732,0,PASS,PASS,PASS,PASS
fs_27c_3.30v,fs,27,3.3,10,1,0.001,58.05,58.05,0,15.84,15.84,0,190380,190380,0,-0.4917,-0.4917,0,PASS,PASS,PASS,PASS
fs_27c_3.30v,fs,27,3.3,10,1,0.05,61.39,61.39,0,18.99,18.99,0,190687,190687,0,-0.475,-0.475,0,PASS,PASS,PASS,PASS
fs_27c_3.30v,fs,27,3.3,10,1,0.2,71.44,71.44,0,22.46,22.46,0,195607,195607,0,-0.4798,-0.4798,0,PASS,PASS,PASS,PASS
fs_27c_3.30v,fs,27,3.3,10,1,0.5,90.98,90.98,0,17.75,17.75,0,231722,231722,0,-0.3291,-0.3291,0,PASS,PASS,PASS,PASS
fs_27c_3.30v,fs,27,3.3,10,4.7,0.001,50.05,50.05,0,29.64,29.64,0,49104.4,49104.4,0,-0.5598,-0.5598,0,PASS,PASS,PASS,PASS
fs_27c_3.30v,fs,27,3.3,10,4.7,0.05,54.16,54.16,0,35.41,35.41,0,49199.8,49199.8,0,-0.5999,-0.5999,0,PASS,PASS,PASS,PASS
fs_27c_3.30v,fs,27,3.3,10,4.7,0.2,67.33,67.33,0,26.48,26.48,0,50727.8,50727.8,0,-0.5379,-0.5379,0,PASS,PASS,PASS,PASS
fs_27c_3.30v,fs,27,3.3,10,4.7,0.5,97.34,97.34,0,19.07,19.07,0,62575.1,62575.1,0,-0.3498,-0.3498,0,PASS,PASS,PASS,PASS
fs_27c_3.30v,fs,27,3.3,25,0.33,0.001,15.92,15.92,0,3.3,3.3,0,617664,617664,0,-0.6415,-0.6415,0,FAIL,FAIL,PASS,PASS
fs_27c_3.30v,fs,27,3.3,25,0.33,0.05,19.43,19.43,0,4.27,4.27,0,618508,618508,0,-0.6969,-0.6969,0,FAIL,FAIL,PASS,PASS
fs_27c_3.30v,fs,27,3.3,25,0.33,0.2,29.15,29.15,0,7.46,7.46,0,631714,631714,0,-0.6262,-0.6262,0,FAIL,FAIL,PASS,PASS
fs_27c_3.30v,fs,27,3.3,25,0.33,0.5,43.17,43.17,0,10.33,10.33,0,713168,713168,0,-0.5359,-0.5359,0,FAIL,FAIL,PASS,PASS
fs_27c_3.30v,fs,27,3.3,25,1,0.001,51.46,51.46,0,12.96,12.96,0,252371,252371,0,-0.5114,-0.5114,0,PASS,PASS,PASS,PASS
fs_27c_3.30v,fs,27,3.3,25,1,0.05,55.86,55.86,0,16.07,16.07,0,253063,253063,0,-0.4821,-0.4821,0,PASS,PASS,PASS,PASS
fs_27c_3.30v,fs,27,3.3,25,1,0.2,68.7,68.7,0,19.69,19.69,0,264419,264419,0,-0.4614,-0.4614,0,PASS,PASS,PASS,PASS
fs_27c_3.30v,fs,27,3.3,25,1,0.5,89.75,89.75,0,15.04,15.04,0,363029,363029,0,-0.2781,-0.2781,0,PASS,PASS,PASS,PASS
fs_27c_3.30v,fs,27,3.3,25,4.7,0.001,52.62,52.62,0,26.71,26.71,0,64115.5,64115.5,0,-0.5741,-0.5741,0,PASS,PASS,PASS,PASS
fs_27c_3.30v,fs,27,3.3,25,4.7,0.05,58,58,0,32.66,32.66,0,64338.8,64338.8,0,-0.5322,-0.5322,0,PASS,PASS,PASS,PASS
fs_27c_3.30v,fs,27,3.3,25,4.7,0.2,75.36,75.36,0,23.79,23.79,0,68062.5,68062.5,0,-0.4778,-0.4778,0,PASS,PASS,PASS,PASS
fs_27c_3.30v,fs,27,3.3,25,4.7,0.5,117.11,117.11,0,16.37,16.37,0,112276,112276,0,-0.1651,-0.1651,0,PASS,PASS,PASS,PASS
fs_27c_3.30v,fs,27,3.3,50,0.33,0.001,5.97,5.97,0,1.22,1.22,0,713262,713262,0,-0.6967,-0.6967,0,FAIL,FAIL,PASS,PASS
fs_27c_3.30v,fs,27,3.3,50,0.33,0.05,10,10,0,2.18,2.18,0,714438,714328,-0.0153967,-0.7527,-0.7549,-0.0022,FAIL,FAIL,PASS,PASS
fs_27c_3.30v,fs,27,3.3,50,0.33,0.2,20.9,20.9,0,5.31,5.31,0,733097,733097,0,-0.6872,-0.6872,0,FAIL,FAIL,PASS,PASS
fs_27c_3.30v,fs,27,3.3,50,0.33,0.5,34.93,34.93,0,8.18,8.18,0,846460,846460,0,-0.5923,-0.5923,0,FAIL,FAIL,PASS,PASS
fs_27c_3.30v,fs,27,3.3,50,1,0.001,45.82,45.82,0,10.87,10.87,0,307553,307553,0,-0.5095,-0.5095,0,PASS,PASS,PASS,PASS
fs_27c_3.30v,fs,27,3.3,50,1,0.05,51.13,51.12,-0.01,13.92,13.92,0,308759,308737,-0.0071253,-0.5239,-0.5247,-0.0008,PASS,PASS,PASS,PASS
fs_27c_3.30v,fs,27,3.3,50,1,0.2,66.1,66.1,0,17.54,17.54,0,329076,329076,0,-0.462,-0.462,0,PASS,PASS,PASS,PASS
fs_27c_3.30v,fs,27,3.3,50,1,0.5,82.99,82.99,0,12.92,12.92,0,521009,521009,0,-0.2898,-0.2898,0,PASS,PASS,PASS,PASS
fs_27c_3.30v,fs,27,3.3,50,4.7,0.001,54.48,54.48,0,24.58,24.58,0,77584.6,77584.6,0,-0.5464,-0.5464,0,PASS,PASS,PASS,PASS
fs_27c_3.30v,fs,27,3.3,50,4.7,0.05,60.98,60.98,0,30.5,30.5,0,77993.9,77992.8,-0.00141037,-0.5445,-0.5447,-0.0002,PASS,PASS,PASS,PASS
fs_27c_3.30v,fs,27,3.3,50,4.7,0.2,82.13,82.13,0,21.67,21.67,0,85190.6,85190.6,0,-0.4279,-0.4279,0,PASS,PASS,PASS,PASS
fs_27c_3.30v,fs,27,3.3,50,4.7,0.5,124.17,124.17,0,14.25,14.25,0,288052,288052,0,-0.08707,-0.08707,0,PASS,PASS,PASS,PASS
fs_27c_3.63v,fs,27,3.63,0,0.33,0.001,29.4,29.4,0,52.77,52.77,0,2976.97,2976.97,0,-0.7399,-0.7399,0,FAIL,FAIL,PASS,PASS
fs_27c_3.63v,fs,27,3.63,0,0.33,0.05,29.42,29.42,0,52.77,52.77,0,2976.97,2976.97,0,-0.7399,-0.7399,0,FAIL,FAIL,PASS,PASS
fs_27c_3.63v,fs,27,3.63,0,0.33,0.2,29.47,29.47,0,52.76,52.76,0,2976.97,2976.97,0,-0.7399,-0.7399,0,FAIL,FAIL,PASS,PASS
fs_27c_3.63v,fs,27,3.63,0,0.33,0.5,29.58,29.58,0,52.74,52.74,0,2976.97,2976.97,0,-0.7399,-0.7399,0,FAIL,FAIL,PASS,PASS
fs_27c_3.63v,fs,27,3.63,0,1,0.001,17.26,17.26,0,52.76,52.76,0,1630.74,1630.74,0,-0.8621,-0.8621,0,FAIL,FAIL,PASS,PASS
fs_27c_3.63v,fs,27,3.63,0,1,0.05,17.29,17.29,0,52.76,52.76,0,1630.74,1630.74,0,-0.8621,-0.8621,0,FAIL,FAIL,PASS,PASS
fs_27c_3.63v,fs,27,3.63,0,1,0.2,17.38,17.38,0,52.75,52.75,0,1630.74,1630.74,0,-0.8621,-0.8621,0,FAIL,FAIL,PASS,PASS
fs_27c_3.63v,fs,27,3.63,0,1,0.5,17.55,17.55,0,52.73,52.73,0,1630.75,1630.75,0,-0.862,-0.862,0,FAIL,FAIL,PASS,PASS
fs_27c_3.63v,fs,27,3.63,0,4.7,0.001,8.19,8.19,0,52.76,52.76,0,738.443,738.443,0,-0.8584,-0.8584,0,FAIL,FAIL,PASS,PASS
fs_27c_3.63v,fs,27,3.63,0,4.7,0.05,8.25,8.25,0,52.75,52.75,0,738.443,738.443,0,-0.8584,-0.8584,0,FAIL,FAIL,PASS,PASS
fs_27c_3.63v,fs,27,3.63,0,4.7,0.2,8.44,8.44,0,52.74,52.74,0,738.447,738.447,0,-0.8583,-0.8583,0,FAIL,FAIL,PASS,PASS
fs_27c_3.63v,fs,27,3.63,0,4.7,0.5,8.81,8.81,0,52.72,52.72,0,738.465,738.465,0,-0.8578,-0.8578,0,FAIL,FAIL,PASS,PASS
fs_27c_3.63v,fs,27,3.63,0.1,0.33,0.001,53.86,53.86,0,21.45,21.45,0,105305,105305,0,-0.5701,-0.5701,0,PASS,PASS,PASS,PASS
fs_27c_3.63v,fs,27,3.63,0.1,0.33,0.05,54.47,54.47,0,22.86,22.86,0,105310,105310,0,-0.5695,-0.5695,0,PASS,PASS,PASS,PASS
fs_27c_3.63v,fs,27,3.63,0.1,0.33,0.2,56.33,56.33,0,29.24,29.24,0,105385,105385,0,-0.5609,-0.5609,0,PASS,PASS,PASS,PASS
fs_27c_3.63v,fs,27,3.63,0.1,0.33,0.5,59.96,59.96,0,39.46,39.46,0,105809,105809,0,-0.5765,-0.5765,0,PASS,PASS,PASS,PASS
fs_27c_3.63v,fs,27,3.63,0.1,1,0.001,73.46,73.46,0,31.41,31.41,0,36042.4,36042.4,0,-0.4284,-0.4284,0,PASS,PASS,PASS,PASS
fs_27c_3.63v,fs,27,3.63,0.1,1,0.05,74.09,74.09,0,37.43,37.43,0,36044.8,36044.8,0,-0.4278,-0.4278,0,PASS,PASS,PASS,PASS
fs_27c_3.63v,fs,27,3.63,0.1,1,0.2,76.04,76.04,0,48.78,48.78,0,36082.1,36082.1,0,-0.4186,-0.4186,0,PASS,PASS,PASS,PASS
fs_27c_3.63v,fs,27,3.63,0.1,1,0.5,79.94,79.94,0,43,43,0,36294.4,36294.4,0,-0.4125,-0.4125,0,PASS,PASS,PASS,PASS
fs_27c_3.63v,fs,27,3.63,0.1,4.7,0.001,50.29,50.29,0,48.34,48.34,0,8807.59,8807.59,0,-0.6232,-0.6232,0,PASS,PASS,PASS,PASS
fs_27c_3.63v,fs,27,3.63,0.1,4.7,0.05,51.02,51.02,0,53.02,53.02,0,8808.11,8808.11,0,-0.6224,-0.6224,0,PASS,PASS,PASS,PASS
fs_27c_3.63v,fs,27,3.63,0.1,4.7,0.2,53.28,53.28,0,49.54,49.54,0,8816.14,8816.14,0,-0.6103,-0.6103,0,PASS,PASS,PASS,PASS
fs_27c_3.63v,fs,27,3.63,0.1,4.7,0.5,57.9,57.9,0,43.71,43.71,0,8861.48,8861.48,0,-0.6097,-0.6097,0,PASS,PASS,PASS,PASS
fs_27c_3.63v,fs,27,3.63,1,0.33,0.001,47.3,47.3,0,12.01,12.01,0,293638,293638,0,-0.5427,-0.5427,0,PASS,PASS,PASS,PASS
fs_27c_3.63v,fs,27,3.63,1,0.33,0.05,49,49,0,13.13,13.13,0,293749,293749,0,-0.5383,-0.5383,0,PASS,PASS,PASS,PASS
fs_27c_3.63v,fs,27,3.63,1,0.33,0.2,54.03,54.03,0,17.13,17.13,0,295440,295440,0,-0.533,-0.533,0,PASS,PASS,PASS,PASS
fs_27c_3.63v,fs,27,3.63,1,0.33,0.5,63.39,63.39,0,21.04,21.04,0,305338,305338,0,-0.5194,-0.5194,0,PASS,PASS,PASS,PASS
fs_27c_3.63v,fs,27,3.63,1,1,0.001,69.7,69.7,0,21.75,21.75,0,105110,105110,0,-0.4641,-0.4641,0,PASS,PASS,PASS,PASS
fs_27c_3.63v,fs,27,3.63,1,1,0.05,71.55,71.55,0,25.58,25.58,0,105167,105167,0,-0.459,-0.459,0,PASS,PASS,PASS,PASS
fs_27c_3.63v,fs,27,3.63,1,1,0.2,77.18,77.18,0,30.46,30.46,0,106042,106042,0,-0.4299,-0.4299,0,PASS,PASS,PASS,PASS
fs_27c_3.63v,fs,27,3.63,1,1,0.5,88.41,88.41,0,25.59,25.59,0,111387,111387,0,-0.4104,-0.4104,0,PASS,PASS,PASS,PASS
fs_27c_3.63v,fs,27,3.63,1,4.7,0.001,52.57,52.57,0,35.91,35.91,0,24314.1,24314.1,0,-0.5687,-0.5687,0,PASS,PASS,PASS,PASS
fs_27c_3.63v,fs,27,3.63,1,4.7,0.05,54.6,54.6,0,43.44,43.44,0,24325.7,24325.7,0,-0.5626,-0.5626,0,PASS,PASS,PASS,PASS
fs_27c_3.63v,fs,27,3.63,1,4.7,0.2,61,61,0,34.18,34.18,0,24503.8,24503.8,0,-0.5985,-0.5985,0,PASS,PASS,PASS,PASS
fs_27c_3.63v,fs,27,3.63,1,4.7,0.5,74.7,74.7,0,26.83,26.83,0,25577.6,25577.6,0,-0.5099,-0.5099,0,PASS,PASS,PASS,PASS
fs_27c_3.63v,fs,27,3.63,10,0.33,0.001,27.65,27.57,-0.08,6.09,6.08,-0.01,540551,539848,-0.130052,-0.6043,-0.6206,-0.0163,FAIL,FAIL,PASS,PASS
fs_27c_3.63v,fs,27,3.63,10,0.33,0.05,30.74,30.74,0,7.2,7.2,0,541172,541172,0,-0.5894,-0.5894,0,FAIL,FAIL,PASS,PASS
fs_27c_3.63v,fs,27,3.63,10,0.33,0.2,39.5,39.5,0,10.95,10.95,0,550758,550758,0,-0.5694,-0.5694,0,FAIL,FAIL,PASS,PASS
fs_27c_3.63v,fs,27,3.63,10,0.33,0.5,53.49,53.39,-0.1,13.66,13.65,-0.01,610331,609236,-0.179411,-0.5015,-0.5203,-0.0188,PASS,PASS,PASS,PASS
fs_27c_3.63v,fs,27,3.63,10,1,0.001,57.24,57.17,-0.07,15.78,15.77,-0.01,211015,210924,-0.0431249,-0.5036,-0.5079,-0.0043,PASS,PASS,PASS,PASS
fs_27c_3.63v,fs,27,3.63,10,1,0.05,60.93,60.93,0,19.41,19.41,0,211433,211433,0,-0.4829,-0.4829,0,PASS,PASS,PASS,PASS
fs_27c_3.63v,fs,27,3.63,10,1,0.2,71.97,71.97,0,22.87,22.87,0,218133,218133,0,-0.4321,-0.4321,0,PASS,PASS,PASS,PASS
fs_27c_3.63v,fs,27,3.63,10,1,0.5,92.8,92.7,-0.1,17.82,17.83,0.01,270087,269831,-0.0947843,-0.3219,-0.2942,0.0277,PASS,PASS,PASS,PASS
fs_27c_3.63v,fs,27,3.63,10,4.7,0.001,52.12,52.09,-0.03,29.61,29.6,-0.01,53475.5,53471.1,-0.00822807,-0.5552,-0.5561,-0.0009,PASS,PASS,PASS,PASS
fs_27c_3.63v,fs,27,3.63,10,4.7,0.05,56.6,56.6,0,35.73,35.73,0,53603.3,53603.3,0,-0.5885,-0.5885,0,PASS,PASS,PASS,PASS
fs_27c_3.63v,fs,27,3.63,10,4.7,0.2,71.02,71.02,0,26.47,26.47,0,55664.3,55664.3,0,-0.5055,-0.5055,0,PASS,PASS,PASS,PASS
fs_27c_3.63v,fs,27,3.63,10,4.7,0.5,104.67,104.63,-0.04,19.02,19.02,0,73446.3,73429.5,-0.0228739,-0.2641,-0.2655,-0.0014,PASS,PASS,PASS,PASS
fs_27c_3.63v,fs,27,3.63,25,0.33,0.001,14.71,14.71,0,3.24,3.24,0,659840,659840,0,-0.7036,-0.7036,0,FAIL,FAIL,PASS,PASS
fs_27c_3.63v,fs,27,3.63,25,0.33,0.05,18.46,18.47,0.01,4.34,4.35,0.01,660841,660772,-0.0104412,-0.6815,-0.6829,-0.0014,FAIL,FAIL,PASS,PASS
fs_27c_3.63v,fs,27,3.63,25,0.33,0.2,28.81,28.81,0,8.05,8.05,0,676442,676442,0,-0.6532,-0.6532,0,FAIL,FAIL,PASS,PASS
fs_27c_3.63v,fs,27,3.63,25,0.33,0.5,43.52,43.53,0.01,10.91,10.92,0.01,772667,772548,-0.0154012,-0.5496,-0.5513,-0.0017,FAIL,FAIL,PASS,PASS
fs_27c_3.63v,fs,27,3.63,25,1,0.001,50.03,50.03,0,12.91,12.91,0,277481,277481,0,-0.4953,-0.4953,0,PASS,PASS,PASS,PASS
fs_27c_3.63v,fs,27,3.63,25,1,0.05,54.85,54.86,0.01,16.5,16.5,0,278390,278374,-0.00574733,-0.5166,-0.5172,-0.0006,PASS,PASS,PASS,PASS
fs_27c_3.63v,fs,27,3.63,25,1,0.2,68.77,68.77,0,20.14,20.14,0,293351,293351,0,-0.463,-0.463,0,PASS,PASS,PASS,PASS
fs_27c_3.63v,fs,27,3.63,25,1,0.5,89.33,89.34,0.01,15.15,15.17,0.02,428601,428533,-0.0158656,-0.2814,-0.2823,-0.0009,PASS,PASS,PASS,PASS
fs_27c_3.63v,fs,27,3.63,25,4.7,0.001,54.22,54.22,0,26.69,26.69,0,70081.2,70081.2,0,-0.5332,-0.5332,0,PASS,PASS,PASS,PASS
fs_27c_3.63v,fs,27,3.63,25,4.7,0.05,60.1,60.1,0,33.02,33.04,0.02,70382,70380.4,-0.00227331,-0.543,-0.5433,-0.0003,PASS,PASS,PASS,PASS
fs_27c_3.63v,fs,27,3.63,25,4.7,0.2,79.17,79.17,0,23.83,23.83,0,75484.2,75484.2,0,-0.453,-0.453,0,PASS,PASS,PASS,PASS
fs_27c_3.63v,fs,27,3.63,25,4.7,0.5,125.16,125.16,0,16.36,16.38,0.02,160747,160716,-0.019285,-0.1009,-0.1014,-0.0005,PASS,PASS,PASS,PASS
fs_27c_3.63v,fs,27,3.63,50,0.33,0.001,5.28,5.28,0,1.15,1.15,0,758876,758876,0,-0.7341,-0.7341,0,FAIL,FAIL,PASS,PASS
fs_27c_3.63v,fs,27,3.63,50,0.33,0.05,9.57,9.56,-0.01,2.24,2.24,0,760272,760152,-0.0157838,-0.7054,-0.7077,-0.0023,FAIL,FAIL,PASS,PASS
fs_27c_3.63v,fs,27,3.63,50,0.33,0.2,21.15,21.15,0,5.88,5.88,0,782227,782095,-0.0168749,-0.6801,-0.6825,-0.0024,FAIL,FAIL,PASS,PASS
fs_27c_3.63v,fs,27,3.63,50,0.33,0.5,35.81,35.81,0,8.74,8.74,0,915526,915526,0,-0.6202,-0.6202,0,FAIL,FAIL,PASS,PASS
fs_27c_3.63v,fs,27,3.63,50,1,0.001,44.03,44.03,0,10.81,10.81,0,336704,336704,0,-0.5408,-0.5408,0,FAIL,FAIL,PASS,PASS
fs_27c_3.63v,fs,27,3.63,50,1,0.05,49.83,49.82,-0.01,14.33,14.32,-0.01,338261,338235,-0.00768637,-0.5478,-0.5487,-0.0009,PASS,PASS,PASS,PASS
fs_27c_3.63v,fs,27,3.63,50,1,0.2,65.91,65.9,-0.01,17.98,17.98,0,364493,364457,-0.00987673,-0.4811,-0.482,-0.0009,PASS,PASS,PASS,PASS
fs_27c_3.63v,fs,27,3.63,50,1,0.5,80.7,80.7,0,13.02,13.02,0,607889,607889,0,-0.3211,-0.3211,0,PASS,PASS,PASS,PASS
fs_27c_3.63v,fs,27,3.63,50,4.7,0.001,55.76,55.76,0,24.56,24.56,0,85178.4,85178.4,0,-0.5228,-0.5228,0,PASS,PASS,PASS,PASS
fs_27c_3.63v,fs,27,3.63,50,4.7,0.05,62.9,62.9,0,30.86,30.86,0,85737.6,85736.1,-0.00174952,-0.5069,-0.5071,-0.0002,PASS,PASS,PASS,PASS
fs_27c_3.63v,fs,27,3.63,50,4.7,0.2,86.22,86.21,-0.01,21.7,21.7,0,95842.4,95840.1,-0.00239977,-0.4221,-0.4223,-0.0002,PASS,PASS,PASS,PASS
fs_27c_3.63v,fs,27,3.63,50,4.7,0.5,114.55,114.55,0,14.23,14.23,0,449578,449578,0,-0.1407,-0.1407,0,PASS,PASS,PASS,PASS
res_ff_-40c_2.97v,res_ff,-40,2.97,0,0.33,0.001,26.12,26.12,0,53.13,53.13,0,2985.84,2985.84,0,-0.8052,-0.8052,0,FAIL,FAIL,PASS,PASS
res_ff_-40c_2.97v,res_ff,-40,2.97,0,0.33,0.05,26.13,26.14,0.01,53.13,53.13,0,2985.67,2985.84,0.00569386,-0.8062,-0.8052,0.001,FAIL,FAIL,PASS,PASS
res_ff_-40c_2.97v,res_ff,-40,2.97,0,0.33,0.2,26.18,26.2,0.02,53.12,53.12,0,2985.67,2985.84,0.00569386,-0.8062,-0.8052,0.001,FAIL,FAIL,PASS,PASS
res_ff_-40c_2.97v,res_ff,-40,2.97,0,0.33,0.5,26.29,26.3,0.01,53.1,53.1,0,2985.67,2985.85,0.0060288,-0.8061,-0.8051,0.001,FAIL,FAIL,PASS,PASS
res_ff_-40c_2.97v,res_ff,-40,2.97,0,1,0.001,15.26,15.26,0,53.12,53.12,0,1653.55,1653.54,-0.000604759,-0.8319,-0.8319,0,FAIL,FAIL,PASS,PASS
res_ff_-40c_2.97v,res_ff,-40,2.97,0,1,0.05,15.28,15.28,0,53.11,53.12,0.01,1653.51,1653.54,0.00181432,-0.8323,-0.8319,0.0004,FAIL,FAIL,PASS,PASS
res_ff_-40c_2.97v,res_ff,-40,2.97,0,1,0.2,15.37,15.38,0.01,53.11,53.11,0,1653.52,1653.55,0.00181431,-0.8323,-0.8319,0.0004,FAIL,FAIL,PASS,PASS
res_ff_-40c_2.97v,res_ff,-40,2.97,0,1,0.5,15.54,15.55,0.01,53.09,53.09,0,1653.52,1653.55,0.00181431,-0.8321,-0.8318,0.0003,FAIL,FAIL,PASS,PASS
res_ff_-40c_2.97v,res_ff,-40,2.97,0,4.7,0.001,7.21,7.21,0,53.11,53.11,0,751.968,751.968,0,-0.8453,-0.8453,0,FAIL,FAIL,PASS,PASS
res_ff_-40c_2.97v,res_ff,-40,2.97,0,4.7,0.05,7.27,7.28,0.01,53.11,53.11,0,751.965,751.968,0.000398955,-0.8454,-0.8453,0.0001,FAIL,FAIL,PASS,PASS
res_ff_-40c_2.97v,res_ff,-40,2.97,0,4.7,0.2,7.46,7.47,0.01,53.1,53.1,0,751.969,751.972,0.000398953,-0.8453,-0.8452,0.0001,FAIL,FAIL,PASS,PASS
res_ff_-40c_2.97v,res_ff,-40,2.97,0,4.7,0.5,7.84,7.85,0.01,53.08,53.08,0,751.988,751.991,0.000398943,-0.8448,-0.8447,0.0001,FAIL,FAIL,PASS,PASS
res_ff_-40c_2.97v,res_ff,-40,2.97,0.1,0.33,0.001,57.42,57.72,0.3,21.53,21.55,0.02,113444,114340,0.789817,-0.5444,-0.5206,0.0238,PASS,PASS,PASS,PASS
res_ff_-40c_2.97v,res_ff,-40,2.97,0.1,0.33,0.05,58.39,58.39,0,23.03,23.03,0,114346,114346,0,-0.5199,-0.5199,0,PASS,PASS,PASS,PASS
res_ff_-40c_2.97v,res_ff,-40,2.97,0.1,0.33,0.2,60.08,60.4,0.32,29.59,29.64,0.05,113549,114448,0.791729,-0.5338,-0.5099,0.0239,PASS,PASS,PASS,PASS
res_ff_-40c_2.97v,res_ff,-40,2.97,0.1,0.33,0.5,63.98,64.33,0.35,37.79,37.48,-0.31,114108,115022,0.800996,-0.5382,-0.5134,0.0248,PASS,PASS,PASS,PASS
res_ff_-40c_2.97v,res_ff,-40,2.97,0.1,1,0.001,73.77,74.06,0.29,31.48,31.51,0.03,37502,37706.4,0.545038,-0.4308,-0.4323,-0.0015,PASS,PASS,PASS,PASS
res_ff_-40c_2.97v,res_ff,-40,2.97,0.1,1,0.05,74.72,74.72,0,37.78,37.78,0,37709.2,37709.2,0,-0.4317,-0.4317,0,PASS,PASS,PASS,PASS
res_ff_-40c_2.97v,res_ff,-40,2.97,0.1,1,0.2,76.46,76.76,0.3,47.15,46.8,-0.35,37546.9,37752.2,0.546783,-0.4201,-0.4215,-0.0014,PASS,PASS,PASS,PASS
res_ff_-40c_2.97v,res_ff,-40,2.97,0.1,1,0.5,80.54,80.87,0.33,41.28,40.98,-0.3,37787.2,37997.1,0.555479,-0.4094,-0.4101,-0.0007,PASS,PASS,PASS,PASS
res_ff_-40c_2.97v,res_ff,-40,2.97,0.1,4.7,0.001,46.92,47.16,0.24,48.03,48.21,0.18,9569.86,9585.73,0.165833,-0.6236,-0.673,-0.0494,PASS,PASS,PASS,PASS
res_ff_-40c_2.97v,res_ff,-40,2.97,0.1,4.7,0.05,47.96,47.96,0,53.26,53.26,0,9586.37,9586.37,0,-0.672,-0.672,0,PASS,PASS,PASS,PASS
res_ff_-40c_2.97v,res_ff,-40,2.97,0.1,4.7,0.2,50.18,50.42,0.24,48.47,48.21,-0.26,9580.31,9596.22,0.16607,-0.6796,-0.6576,0.022,PASS,PASS,PASS,PASS
res_ff_-40c_2.97v,res_ff,-40,2.97,0.1,4.7,0.5,55.21,55.46,0.25,42.06,41.78,-0.28,9635.81,9652.13,0.169368,-0.6696,-0.6474,0.0222,PASS,PASS,PASS,PASS
res_ff_-40c_2.97v,res_ff,-40,2.97,1,0.33,0.001,52.51,52.51,0,12.85,12.85,0,294799,294799,0,-0.5252,-0.5252,0,PASS,PASS,PASS,PASS
res_ff_-40c_2.97v,res_ff,-40,2.97,1,0.33,0.05,54.22,54.22,0,14.02,14.02,0,294918,294918,0,-0.5207,-0.5207,0,PASS,PASS,PASS,PASS
res_ff_-40c_2.97v,res_ff,-40,2.97,1,0.33,0.2,59.29,59.29,0,18,18,0,296743,296743,0,-0.5107,-0.5107,0,PASS,PASS,PASS,PASS
res_ff_-40c_2.97v,res_ff,-40,2.97,1,0.33,0.5,68.84,68.84,0,20.73,20.73,0,307541,307541,0,-0.4675,-0.4675,0,PASS,PASS,PASS,PASS
res_ff_-40c_2.97v,res_ff,-40,2.97,1,1,0.001,69.12,69.12,0,22.59,22.59,0,102575,102575,0,-0.4308,-0.4308,0,PASS,PASS,PASS,PASS
res_ff_-40c_2.97v,res_ff,-40,2.97,1,1,0.05,70.93,70.93,0,26.5,26.5,0,102627,102627,0,-0.426,-0.426,0,PASS,PASS,PASS,PASS
res_ff_-40c_2.97v,res_ff,-40,2.97,1,1,0.2,76.47,76.47,0,29.93,29.93,0,103428,103428,0,-0.4511,-0.4511,0,PASS,PASS,PASS,PASS
res_ff_-40c_2.97v,res_ff,-40,2.97,1,1,0.5,87.71,87.71,0,24.73,24.73,0,108309,108309,0,-0.4097,-0.4097,0,PASS,PASS,PASS,PASS
res_ff_-40c_2.97v,res_ff,-40,2.97,1,4.7,0.001,47.75,47.75,0,36.76,36.76,0,25868.9,25868.9,0,-0.6229,-0.6229,0,PASS,PASS,PASS,PASS
res_ff_-40c_2.97v,res_ff,-40,2.97,1,4.7,0.05,49.91,49.91,0,42.69,42.69,0,25881.9,25881.9,0,-0.616,-0.616,0,PASS,PASS,PASS,PASS
res_ff_-40c_2.97v,res_ff,-40,2.97,1,4.7,0.2,56.71,56.71,0,33.27,33.27,0,26083,26083,0,-0.6483,-0.6483,0,PASS,PASS,PASS,PASS
res_ff_-40c_2.97v,res_ff,-40,2.97,1,4.7,0.5,71.23,71.23,0,25.87,25.87,0,27293.4,27293.4,0,-0.5246,-0.5246,0,PASS,PASS,PASS,PASS
res_ff_-40c_2.97v,res_ff,-40,2.97,10,0.33,0.001,30.74,30.74,0,6.7,6.7,0,552726,552726,0,-0.5892,-0.5892,0,FAIL,FAIL,PASS,PASS
res_ff_-40c_2.97v,res_ff,-40,2.97,10,0.33,0.05,33.89,33.89,0,7.88,7.88,0,553409,553409,0,-0.5738,-0.5738,0,FAIL,FAIL,PASS,PASS
res_ff_-40c_2.97v,res_ff,-40,2.97,10,0.33,0.2,42.86,42.86,0,11.73,11.73,0,564076,564076,0,-0.5993,-0.5993,0,FAIL,FAIL,PASS,PASS
res_ff_-40c_2.97v,res_ff,-40,2.97,10,0.33,0.5,57.19,57.19,0,13.73,13.73,0,631765,631765,0,-0.4715,-0.4715,0,PASS,PASS,PASS,PASS
res_ff_-40c_2.97v,res_ff,-40,2.97,10,1,0.001,57.29,57.29,0,16.39,16.39,0,211750,211750,0,-0.472,-0.472,0,PASS,PASS,PASS,PASS
res_ff_-40c_2.97v,res_ff,-40,2.97,10,1,0.05,61,61,0,20.2,20.2,0,212166,212166,0,-0.5057,-0.5057,0,PASS,PASS,PASS,PASS
res_ff_-40c_2.97v,res_ff,-40,2.97,10,1,0.2,72.21,72.21,0,22.8,22.8,0,218902,218902,0,-0.452,-0.452,0,PASS,PASS,PASS,PASS
res_ff_-40c_2.97v,res_ff,-40,2.97,10,1,0.5,93.98,93.98,0,17.46,17.46,0,271806,271806,0,-0.3117,-0.3117,0,PASS,PASS,PASS,PASS
res_ff_-40c_2.97v,res_ff,-40,2.97,10,4.7,0.001,48.99,48.99,0,30.23,30.23,0,56287.3,56287.3,0,-0.5887,-0.5887,0,PASS,PASS,PASS,PASS
res_ff_-40c_2.97v,res_ff,-40,2.97,10,4.7,0.05,53.7,53.7,0,35.55,35.55,0,56429,56429,0,-0.622,-0.622,0,PASS,PASS,PASS,PASS
res_ff_-40c_2.97v,res_ff,-40,2.97,10,4.7,0.2,68.85,68.85,0,26.06,26.06,0,58719.6,58719.6,0,-0.511,-0.511,0,PASS,PASS,PASS,PASS
res_ff_-40c_2.97v,res_ff,-40,2.97,10,4.7,0.5,103.79,103.79,0,18.56,18.56,0,78364.1,78364.1,0,-0.2955,-0.2955,0,PASS,PASS,PASS,PASS
res_ff_-40c_2.97v,res_ff,-40,2.97,25,0.33,0.001,17.9,17.9,0,3.83,3.83,0,686107,686107,0,-0.6899,-0.6899,0,FAIL,FAIL,PASS,PASS
res_ff_-40c_2.97v,res_ff,-40,2.97,25,0.33,0.05,21.79,21.79,0,5,5,0,687267,687267,0,-0.6663,-0.6663,0,FAIL,FAIL,PASS,PASS
res_ff_-40c_2.97v,res_ff,-40,2.97,25,0.33,0.2,32.49,32.49,0,8.8,8.8,0,705614,705614,0,-0.5987,-0.5987,0,FAIL,FAIL,PASS,PASS
res_ff_-40c_2.97v,res_ff,-40,2.97,25,0.33,0.5,47.19,47.19,0,10.89,10.89,0,821570,821570,0,-0.534,-0.534,0,PASS,PASS,PASS,PASS
res_ff_-40c_2.97v,res_ff,-40,2.97,25,1,0.001,51.44,51.44,0,13.51,13.51,0,280207,280207,0,-0.5049,-0.5049,0,PASS,PASS,PASS,PASS
res_ff_-40c_2.97v,res_ff,-40,2.97,25,1,0.05,56.32,56.32,0,17.25,17.25,0,281146,281146,0,-0.5248,-0.5248,0,PASS,PASS,PASS,PASS
res_ff_-40c_2.97v,res_ff,-40,2.97,25,1,0.2,70.59,70.59,0,19.97,19.97,0,296807,296807,0,-0.4508,-0.4508,0,PASS,PASS,PASS,PASS
res_ff_-40c_2.97v,res_ff,-40,2.97,25,1,0.5,92.48,92.48,0,14.67,14.67,0,448026,448026,0,-0.2357,-0.2357,0,PASS,PASS,PASS,PASS
res_ff_-40c_2.97v,res_ff,-40,2.97,25,4.7,0.001,51.39,51.39,0,27.29,27.29,0,73020,73020,0,-0.5503,-0.5503,0,PASS,PASS,PASS,PASS
res_ff_-40c_2.97v,res_ff,-40,2.97,25,4.7,0.05,57.52,57.52,0,32.73,32.73,0,73342.6,73342.6,0,-0.5591,-0.5591,0,PASS,PASS,PASS,PASS
res_ff_-40c_2.97v,res_ff,-40,2.97,25,4.7,0.2,77.4,77.4,0,23.28,23.28,0,78833.7,78833.7,0,-0.4959,-0.4959,0,PASS,PASS,PASS,PASS
res_ff_-40c_2.97v,res_ff,-40,2.97,25,4.7,0.5,125.15,125.15,0,15.77,15.77,0,168306,168306,0,-0.1032,-0.1032,0,PASS,PASS,PASS,PASS
res_ff_-40c_2.97v,res_ff,-40,2.97,50,0.33,0.001,8.41,8.41,0,1.78,1.78,0,794214,794214,0,-0.7121,-0.7121,0,FAIL,FAIL,PASS,PASS
res_ff_-40c_2.97v,res_ff,-40,2.97,50,0.33,0.05,12.89,12.89,0,2.92,2.92,0,795849,795849,0,-0.6812,-0.6812,0,FAIL,FAIL,PASS,PASS
res_ff_-40c_2.97v,res_ff,-40,2.97,50,0.33,0.2,24.87,24.87,0,6.66,6.66,0,822090,822090,0,-0.6765,-0.6765,0,FAIL,FAIL,PASS,PASS
res_ff_-40c_2.97v,res_ff,-40,2.97,50,0.33,0.5,39.08,39.08,0,8.75,8.75,0,984759,984759,0,-0.5431,-0.5431,0,FAIL,FAIL,PASS,PASS
res_ff_-40c_2.97v,res_ff,-40,2.97,50,1,0.001,46.28,46.28,0,11.43,11.43,0,341122,341122,0,-0.5113,-0.5113,0,PASS,PASS,PASS,PASS
res_ff_-40c_2.97v,res_ff,-40,2.97,50,1,0.05,52.17,52.17,0,15.1,15.1,0,342755,342755,0,-0.5161,-0.5161,0,PASS,PASS,PASS,PASS
res_ff_-40c_2.97v,res_ff,-40,2.97,50,1,0.2,68.73,68.73,0,17.83,17.83,0,370944,370944,0,-0.4593,-0.4593,0,PASS,PASS,PASS,PASS
res_ff_-40c_2.97v,res_ff,-40,2.97,50,1,0.5,83.41,83.41,0,12.55,12.55,0,659429,659429,0,-0.2881,-0.2881,0,PASS,PASS,PASS,PASS
res_ff_-40c_2.97v,res_ff,-40,2.97,50,4.7,0.001,53.18,53.18,0,25.18,25.18,0,87922,87922,0,-0.5769,-0.5769,0,PASS,PASS,PASS,PASS
res_ff_-40c_2.97v,res_ff,-40,2.97,50,4.7,0.05,60.56,60.56,0,30.59,30.59,0,88503.4,88503.4,0,-0.559,-0.559,0,PASS,PASS,PASS,PASS
res_ff_-40c_2.97v,res_ff,-40,2.97,50,4.7,0.2,84.72,84.72,0,21.16,21.16,0,99067.1,99067.1,0,-0.404,-0.404,0,PASS,PASS,PASS,PASS
res_ff_-40c_2.97v,res_ff,-40,2.97,50,4.7,0.5,115.19,115.19,0,13.65,13.65,0,497320,497320,0,-0.1381,-0.1381,0,PASS,PASS,PASS,PASS
res_ff_-40c_3.30v,res_ff,-40,3.3,0,0.33,0.001,27.56,27.57,0.01,53.04,53.04,0,3177.46,3177.64,0.0056649,-0.8128,-0.8119,0.0009,FAIL,FAIL,PASS,PASS
res_ff_-40c_3.30v,res_ff,-40,3.3,0,0.33,0.05,27.58,27.59,0.01,53.04,53.04,0,3177.46,3177.64,0.0056649,-0.8128,-0.8119,0.0009,FAIL,FAIL,PASS,PASS
res_ff_-40c_3.30v,res_ff,-40,3.3,0,0.33,0.2,27.64,27.65,0.01,53.03,53.03,0,3177.46,3177.64,0.0056649,-0.8128,-0.8119,0.0009,FAIL,FAIL,PASS,PASS
res_ff_-40c_3.30v,res_ff,-40,3.3,0,0.33,0.5,27.75,27.76,0.01,53.02,53.02,0,3177.47,3177.65,0.00566488,-0.8128,-0.8118,0.001,FAIL,FAIL,PASS,PASS
res_ff_-40c_3.30v,res_ff,-40,3.3,0,1,0.001,16.12,16.13,0.01,53.03,53.03,0,1752.08,1752.11,0.00171225,-0.8231,-0.8228,0.0003,FAIL,FAIL,PASS,PASS
res_ff_-40c_3.30v,res_ff,-40,3.3,0,1,0.05,16.15,16.16,0.01,53.03,53.03,0,1752.07,1752.11,0.00228301,-0.8231,-0.8228,0.0003,FAIL,FAIL,PASS,PASS
res_ff_-40c_3.30v,res_ff,-40,3.3,0,1,0.2,16.25,16.25,0,53.02,53.02,0,1752.08,1752.11,0.00171225,-0.8231,-0.8228,0.0003,FAIL,FAIL,PASS,PASS
res_ff_-40c_3.30v,res_ff,-40,3.3,0,1,0.5,16.44,16.44,0,53,53.01,0.01,1752.09,1752.12,0.00171224,-0.823,-0.8226,0.0004,FAIL,FAIL,PASS,PASS
res_ff_-40c_3.30v,res_ff,-40,3.3,0,4.7,0.001,7.63,7.63,0,53.02,53.03,0.01,795.438,795.441,0.000377151,-0.868,-0.8679,0.0001,FAIL,FAIL,PASS,PASS
res_ff_-40c_3.30v,res_ff,-40,3.3,0,4.7,0.05,7.7,7.7,0,53.02,53.02,0,795.438,795.441,0.000377151,-0.868,-0.8679,0.0001,FAIL,FAIL,PASS,PASS
res_ff_-40c_3.30v,res_ff,-40,3.3,0,4.7,0.2,7.9,7.9,0,53.02,53.02,0,795.442,795.445,0.000377149,-0.8679,-0.8678,0.0001,FAIL,FAIL,PASS,PASS
res_ff_-40c_3.30v,res_ff,-40,3.3,0,4.7,0.5,8.3,8.31,0.01,53,53,0,795.465,795.469,0.000502851,-0.8673,-0.8672,0.0001,FAIL,FAIL,PASS,PASS
res_ff_-40c_3.30v,res_ff,-40,3.3,0.1,0.33,0.001,52.7,52.7,0,21.08,21.08,0,129788,129788,0,-0.5607,-0.5607,0,PASS,PASS,PASS,PASS
res_ff_-40c_3.30v,res_ff,-40,3.3,0.1,0.33,0.05,53.18,53.45,0.27,22.72,22.77,0.05,128790,129797,0.781893,-0.5845,-0.5598,0.0247,PASS,PASS,PASS,PASS
res_ff_-40c_3.30v,res_ff,-40,3.3,0.1,0.33,0.2,55.73,55.73,0,31.01,31.01,0,129935,129935,0,-0.5468,-0.5468,0,PASS,PASS,PASS,PASS
res_ff_-40c_3.30v,res_ff,-40,3.3,0.1,0.33,0.5,59.85,60.17,0.32,38.58,38.29,-0.29,129684,130715,0.795009,-0.5648,-0.6032,-0.0384,PASS,PASS,PASS,PASS
res_ff_-40c_3.30v,res_ff,-40,3.3,0.1,1,0.001,73.81,73.81,0,31.02,31.02,0,45467.2,45467.2,0,-0.411,-0.411,0,PASS,PASS,PASS,PASS
res_ff_-40c_3.30v,res_ff,-40,3.3,0.1,1,0.05,74.35,74.61,0.26,38.56,38.69,0.13,45216.6,45472.1,0.565058,-0.4098,-0.4101,-0.0003,PASS,PASS,PASS,PASS
res_ff_-40c_3.30v,res_ff,-40,3.3,0.1,1,0.2,77.06,77.06,0,47.26,47.26,0,45547.8,45547.8,0,-0.3954,-0.3954,0,PASS,PASS,PASS,PASS
res_ff_-40c_3.30v,res_ff,-40,3.3,0.1,1,0.5,81.66,81.96,0.3,41.48,41.2,-0.28,45714.3,45979.3,0.579687,-0.4054,-0.4043,0.0011,PASS,PASS,PASS,PASS
res_ff_-40c_3.30v,res_ff,-40,3.3,0.1,4.7,0.001,51.82,51.82,0,47.47,47.47,0,10668.8,10668.8,0,-0.5918,-0.5918,0,PASS,PASS,PASS,PASS
res_ff_-40c_3.30v,res_ff,-40,3.3,0.1,4.7,0.05,52.47,52.71,0.24,53.27,53.24,-0.03,10648.9,10669.8,0.196264,-0.6148,-0.5906,0.0242,PASS,PASS,PASS,PASS
res_ff_-40c_3.30v,res_ff,-40,3.3,0.1,4.7,0.2,55.45,55.45,0,48.38,48.38,0,10684.3,10684.3,0,-0.5728,-0.5728,0,PASS,PASS,PASS,PASS
res_ff_-40c_3.30v,res_ff,-40,3.3,0.1,4.7,0.5,60.84,61.1,0.26,42.16,41.9,-0.26,10745.1,10766.7,0.201022,-0.5642,-0.6052,-0.041,PASS,PASS,PASS,PASS
res_ff_-40c_3.30v,res_ff,-40,3.3,1,0.33,0.001,47.43,47.43,0,12.28,12.28,0,340189,340189,0,-0.5695,-0.5695,0,PASS,PASS,PASS,PASS
res_ff_-40c_3.30v,res_ff,-40,3.3,1,0.33,0.05,49.39,49.39,0,13.64,13.64,0,340361,340361,0,-0.5636,-0.5636,0,PASS,PASS,PASS,PASS
res_ff_-40c_3.30v,res_ff,-40,3.3,1,0.33,0.2,55.19,55.19,0,18.5,18.5,0,342995,342995,0,-0.5353,-0.5353,0,PASS,PASS,PASS,PASS
res_ff_-40c_3.30v,res_ff,-40,3.3,1,0.33,0.5,65.89,65.89,0,21.2,21.2,0,358657,358657,0,-0.5095,-0.5095,0,PASS,PASS,PASS,PASS
res_ff_-40c_3.30v,res_ff,-40,3.3,1,1,0.001,68.65,68.65,0,22.02,22.02,0,122914,122914,0,-0.4644,-0.4644,0,PASS,PASS,PASS,PASS
res_ff_-40c_3.30v,res_ff,-40,3.3,1,1,0.05,70.81,70.81,0,26.72,26.72,0,123002,123002,0,-0.4573,-0.4573,0,PASS,PASS,PASS,PASS
res_ff_-40c_3.30v,res_ff,-40,3.3,1,1,0.2,77.39,77.39,0,30.26,30.26,0,124380,124380,0,-0.4504,-0.4504,0,PASS,PASS,PASS,PASS
res_ff_-40c_3.30v,res_ff,-40,3.3,1,1,0.5,90.58,90.58,0,24.74,24.74,0,133037,133037,0,-0.4074,-0.4074,0,PASS,PASS,PASS,PASS
res_ff_-40c_3.30v,res_ff,-40,3.3,1,4.7,0.001,52.85,52.85,0,36.23,36.23,0,28962.7,28962.7,0,-0.6015,-0.6015,0,PASS,PASS,PASS,PASS
res_ff_-40c_3.30v,res_ff,-40,3.3,1,4.7,0.05,55.27,55.27,0,42.95,42.95,0,28982.5,28982.5,0,-0.5928,-0.5928,0,PASS,PASS,PASS,PASS
res_ff_-40c_3.30v,res_ff,-40,3.3,1,4.7,0.2,62.93,62.93,0,33.22,33.22,0,29288.8,29288.8,0,-0.5877,-0.5877,0,PASS,PASS,PASS,PASS
res_ff_-40c_3.30v,res_ff,-40,3.3,1,4.7,0.5,79.61,79.61,0,25.76,25.76,0,31197.6,31197.6,0,-0.5012,-0.5012,0,PASS,PASS,PASS,PASS
res_ff_-40c_3.30v,res_ff,-40,3.3,10,0.33,0.001,28.51,28.51,0,6.61,6.61,0,606952,606952,0,-0.5989,-0.5989,0,FAIL,FAIL,PASS,PASS
res_ff_-40c_3.30v,res_ff,-40,3.3,10,0.33,0.05,31.97,31.97,0,7.99,7.99,0,607821,607821,0,-0.5802,-0.5802,0,FAIL,FAIL,PASS,PASS
res_ff_-40c_3.30v,res_ff,-40,3.3,10,0.33,0.2,41.75,41.75,0,12.6,12.6,0,621360,621360,0,-0.571,-0.571,0,FAIL,FAIL,PASS,PASS
res_ff_-40c_3.30v,res_ff,-40,3.3,10,0.33,0.5,56.91,56.91,0,14.26,14.26,0,707556,707556,0,-0.5017,-0.5017,0,PASS,PASS,PASS,PASS
res_ff_-40c_3.30v,res_ff,-40,3.3,10,1,0.001,56.45,56.45,0,16.31,16.31,0,239262,239262,0,-0.5199,-0.5199,0,PASS,PASS,PASS,PASS
res_ff_-40c_3.30v,res_ff,-40,3.3,10,1,0.05,60.64,60.64,0,20.85,20.85,0,239863,239863,0,-0.4932,-0.4932,0,PASS,PASS,PASS,PASS
res_ff_-40c_3.30v,res_ff,-40,3.3,10,1,0.2,73.15,73.15,0,23.19,23.19,0,249627,249627,0,-0.4585,-0.4585,0,PASS,PASS,PASS,PASS
res_ff_-40c_3.30v,res_ff,-40,3.3,10,1,0.5,96.24,96.24,0,17.53,17.53,0,332995,332995,0,-0.2756,-0.2756,0,PASS,PASS,PASS,PASS
res_ff_-40c_3.30v,res_ff,-40,3.3,10,4.7,0.001,51.29,51.29,0,30.2,30.2,0,62256,62256,0,-0.6018,-0.6018,0,PASS,PASS,PASS,PASS
res_ff_-40c_3.30v,res_ff,-40,3.3,10,4.7,0.05,56.52,56.52,0,35.86,35.86,0,62455.1,62455.1,0,-0.5619,-0.5619,0,PASS,PASS,PASS,PASS
res_ff_-40c_3.30v,res_ff,-40,3.3,10,4.7,0.2,73.39,73.39,0,26.05,26.05,0,65718.5,65718.5,0,-0.5063,-0.5063,0,PASS,PASS,PASS,PASS
res_ff_-40c_3.30v,res_ff,-40,3.3,10,4.7,0.5,113.63,113.63,0,18.5,18.5,0,99501,99501,0,-0.2048,-0.2048,0,PASS,PASS,PASS,PASS
res_ff_-40c_3.30v,res_ff,-40,3.3,25,0.33,0.001,16.33,16.33,0,3.76,3.76,0,743772,743772,0,-0.7164,-0.7164,0,FAIL,FAIL,PASS,PASS
res_ff_-40c_3.30v,res_ff,-40,3.3,25,0.33,0.05,20.54,20.54,0,5.11,5.11,0,745205,745205,0,-0.6884,-0.6884,0,FAIL,FAIL,PASS,PASS
res_ff_-40c_3.30v,res_ff,-40,3.3,25,0.33,0.2,32.09,32.09,0,9.66,9.66,0,767723,767723,0,-0.6444,-0.6444,0,FAIL,FAIL,PASS,PASS
res_ff_-40c_3.30v,res_ff,-40,3.3,25,0.33,0.5,47.51,47.51,0,11.46,11.46,0,909815,909815,0,-0.5604,-0.5604,0,PASS,PASS,PASS,PASS
res_ff_-40c_3.30v,res_ff,-40,3.3,25,1,0.001,49.84,49.84,0,13.44,13.44,0,313986,313986,0,-0.5301,-0.5301,0,PASS,PASS,PASS,PASS
res_ff_-40c_3.30v,res_ff,-40,3.3,25,1,0.05,55.29,55.29,0,17.89,17.89,0,315295,315295,0,-0.4845,-0.4845,0,PASS,PASS,PASS,PASS
res_ff_-40c_3.30v,res_ff,-40,3.3,25,1,0.2,70.97,70.97,0,20.4,20.4,0,337216,337216,0,-0.4432,-0.4432,0,PASS,PASS,PASS,PASS
res_ff_-40c_3.30v,res_ff,-40,3.3,25,1,0.5,90.85,90.85,0,14.78,14.78,0,556932,556932,0,-0.2511,-0.2511,0,PASS,PASS,PASS,PASS
res_ff_-40c_3.30v,res_ff,-40,3.3,25,4.7,0.001,53.22,53.22,0,27.27,27.27,0,81087.9,81087.9,0,-0.5849,-0.5849,0,PASS,PASS,PASS,PASS
res_ff_-40c_3.30v,res_ff,-40,3.3,25,4.7,0.05,60.02,60.02,0,33.08,33.08,0,81546.4,81546.4,0,-0.5782,-0.5782,0,PASS,PASS,PASS,PASS
res_ff_-40c_3.30v,res_ff,-40,3.3,25,4.7,0.2,82.27,82.27,0,23.32,23.32,0,89557.2,89557.2,0,-0.4517,-0.4517,0,PASS,PASS,PASS,PASS
res_ff_-40c_3.30v,res_ff,-40,3.3,25,4.7,0.5,126.98,126.98,0,15.76,15.76,0,327298,327298,0,-0.08778,-0.08778,0,PASS,PASS,PASS,PASS
res_ff_-40c_3.30v,res_ff,-40,3.3,50,0.33,0.001,7.29,7.29,0,1.66,1.66,0,857273,857273,0,-0.7134,-0.7134,0,FAIL,FAIL,PASS,PASS
res_ff_-40c_3.30v,res_ff,-40,3.3,50,0.33,0.05,12.13,12.13,0,2.99,2.99,0,859295,859295,0,-0.7591,-0.7591,0,FAIL,FAIL,PASS,PASS
res_ff_-40c_3.30v,res_ff,-40,3.3,50,0.33,0.2,25.02,25.02,0,7.45,7.45,0,891359,891359,0,-0.6895,-0.6895,0,FAIL,FAIL,PASS,PASS
res_ff_-40c_3.30v,res_ff,-40,3.3,50,0.33,0.5,39.81,39.81,0,9.27,9.27,0,1.0893e+06,1.0893e+06,0,-0.5772,-0.5772,0,FAIL,FAIL,PASS,PASS
res_ff_-40c_3.30v,res_ff,-40,3.3,50,1,0.001,44.2,44.2,0,11.32,11.32,0,380749,380749,0,-0.523,-0.523,0,FAIL,FAIL,PASS,PASS
res_ff_-40c_3.30v,res_ff,-40,3.3,50,1,0.05,50.75,50.75,0,15.68,15.68,0,382988,382988,0,-0.5161,-0.5161,0,PASS,PASS,PASS,PASS
res_ff_-40c_3.30v,res_ff,-40,3.3,50,1,0.2,68.73,68.73,0,18.22,18.22,0,421669,421669,0,-0.4503,-0.4503,0,PASS,PASS,PASS,PASS
res_ff_-40c_3.30v,res_ff,-40,3.3,50,1,0.5,79.71,79.71,0,12.62,12.62,0,794788,794788,0,-0.3129,-0.3129,0,PASS,PASS,PASS,PASS
res_ff_-40c_3.30v,res_ff,-40,3.3,50,4.7,0.001,54.69,54.69,0,25.12,25.12,0,98181,98181,0,-0.5531,-0.5531,0,PASS,PASS,PASS,PASS
res_ff_-40c_3.30v,res_ff,-40,3.3,50,4.7,0.05,62.94,62.94,0,30.9,30.9,0,99022.8,99022.8,0,-0.5137,-0.5137,0,PASS,PASS,PASS,PASS
res_ff_-40c_3.30v,res_ff,-40,3.3,50,4.7,0.2,90.11,90.11,0,21.16,21.16,0,115038,115038,0,-0.3647,-0.3647,0,PASS,PASS,PASS,PASS
res_ff_-40c_3.30v,res_ff,-40,3.3,50,4.7,0.5,103.6,103.6,0,13.6,13.6,0,692754,692754,0,-0.2115,-0.2115,0,PASS,PASS,PASS,PASS
res_ff_-40c_3.63v,res_ff,-40,3.63,0,0.33,0.001,28.89,28.9,0.01,52.97,52.98,0.01,3357.09,3357.28,0.00565966,-0.7554,-0.7544,0.001,FAIL,FAIL,PASS,PASS
res_ff_-40c_3.63v,res_ff,-40,3.63,0,0.33,0.05,28.92,28.92,0,52.98,52.98,0,3357.28,3357.28,0,-0.7544,-0.7544,0,FAIL,FAIL,PASS,PASS
res_ff_-40c_3.63v,res_ff,-40,3.63,0,0.33,0.2,28.98,28.98,0,52.97,52.97,0,3357.28,3357.28,0,-0.7544,-0.7544,0,FAIL,FAIL,PASS,PASS
res_ff_-40c_3.63v,res_ff,-40,3.63,0,0.33,0.5,29.1,29.1,0,52.96,52.96,0,3357.29,3357.29,0,-0.7544,-0.7544,0,FAIL,FAIL,PASS,PASS
res_ff_-40c_3.63v,res_ff,-40,3.63,0,1,0.001,16.94,16.95,0.01,52.96,52.97,0.01,1843.32,1843.36,0.00217,-0.8369,-0.8365,0.0004,FAIL,FAIL,PASS,PASS
res_ff_-40c_3.63v,res_ff,-40,3.63,0,1,0.05,16.98,16.98,0,52.97,52.97,0,1843.36,1843.36,0,-0.8365,-0.8365,0,FAIL,FAIL,PASS,PASS
res_ff_-40c_3.63v,res_ff,-40,3.63,0,1,0.2,17.08,17.08,0,52.96,52.96,0,1843.36,1843.36,0,-0.8365,-0.8365,0,FAIL,FAIL,PASS,PASS
res_ff_-40c_3.63v,res_ff,-40,3.63,0,1,0.5,17.28,17.28,0,52.95,52.95,0,1843.37,1843.37,0,-0.8364,-0.8364,0,FAIL,FAIL,PASS,PASS
res_ff_-40c_3.63v,res_ff,-40,3.63,0,4.7,0.001,8.05,8.06,0.01,52.96,52.96,0,835.492,835.495,0.00035907,-0.9132,-0.9132,0,FAIL,FAIL,PASS,PASS
res_ff_-40c_3.63v,res_ff,-40,3.63,0,4.7,0.05,8.12,8.12,0,52.96,52.96,0,835.495,835.495,0,-0.9132,-0.9132,0,FAIL,FAIL,PASS,PASS
res_ff_-40c_3.63v,res_ff,-40,3.63,0,4.7,0.2,8.34,8.34,0,52.96,52.96,0,835.5,835.5,0,-0.9131,-0.9131,0,FAIL,FAIL,PASS,PASS
res_ff_-40c_3.63v,res_ff,-40,3.63,0,4.7,0.5,8.76,8.76,0,52.94,52.94,0,835.526,835.526,0,-0.9124,-0.9124,0,FAIL,FAIL,PASS,PASS
res_ff_-40c_3.63v,res_ff,-40,3.63,0.1,0.33,0.001,48.3,48.3,0,20.64,20.64,0,143492,143492,0,-0.6362,-0.6362,0,PASS,PASS,PASS,PASS
res_ff_-40c_3.63v,res_ff,-40,3.63,0.1,0.33,0.05,49.14,49.14,0,22.54,22.54,0,143504,143504,0,-0.6352,-0.6352,0,PASS,PASS,PASS,PASS
res_ff_-40c_3.63v,res_ff,-40,3.63,0.1,0.33,0.2,51.4,51.65,0.25,32.61,32.7,0.09,142595,143679,0.760195,-0.6426,-0.6192,0.0234,PASS,PASS,PASS,PASS
res_ff_-40c_3.63v,res_ff,-40,3.63,0.1,0.33,0.5,56.54,56.54,0,38.89,38.89,0,144669,144669,0,-0.5989,-0.5989,0,PASS,PASS,PASS,PASS
res_ff_-40c_3.63v,res_ff,-40,3.63,0.1,1,0.001,72.22,72.22,0,30.58,30.58,0,53397,53397,0,-0.4279,-0.4279,0,PASS,PASS,PASS,PASS
res_ff_-40c_3.63v,res_ff,-40,3.63,0.1,1,0.05,73.16,73.16,0,39.91,39.91,0,53404.9,53404.9,0,-0.4266,-0.4266,0,PASS,PASS,PASS,PASS
res_ff_-40c_3.63v,res_ff,-40,3.63,0.1,1,0.2,75.78,76.03,0.25,47.9,47.6,-0.3,53221.3,53524.2,0.569133,-0.4063,-0.4063,0,PASS,PASS,PASS,PASS
res_ff_-40c_3.63v,res_ff,-40,3.63,0.1,1,0.5,81.69,81.69,0,41.39,41.39,0,54207.4,54207.4,0,-0.4338,-0.4338,0,PASS,PASS,PASS,PASS
res_ff_-40c_3.63v,res_ff,-40,3.63,0.1,4.7,0.001,55.98,55.98,0,46.84,46.84,0,11825.2,11825.2,0,-0.5652,-0.5652,0,PASS,PASS,PASS,PASS
res_ff_-40c_3.63v,res_ff,-40,3.63,0.1,4.7,0.05,56.97,56.97,0,53.22,53.22,0,11826.6,11826.6,0,-0.5637,-0.5637,0,PASS,PASS,PASS,PASS
res_ff_-40c_3.63v,res_ff,-40,3.63,0.1,4.7,0.2,59.78,60.02,0.24,48.74,48.52,-0.22,11821.3,11847.7,0.223326,-0.5675,-0.5418,0.0257,PASS,PASS,PASS,PASS
res_ff_-40c_3.63v,res_ff,-40,3.63,0.1,4.7,0.5,66.31,66.31,0,42.01,42.01,0,11967.5,11967.5,0,-0.5436,-0.5436,0,PASS,PASS,PASS,PASS
res_ff_-40c_3.63v,res_ff,-40,3.63,1,0.33,0.001,42.31,42.31,0,11.67,11.67,0,383103,383103,0,-0.5689,-0.5689,0,FAIL,FAIL,PASS,PASS
res_ff_-40c_3.63v,res_ff,-40,3.63,1,0.33,0.05,44.52,44.52,0,13.23,13.23,0,383333,383333,0,-0.5614,-0.5614,0,FAIL,FAIL,PASS,PASS
res_ff_-40c_3.63v,res_ff,-40,3.63,1,0.33,0.2,51,51,0,19.03,19.03,0,386849,386849,0,-0.5795,-0.5795,0,PASS,PASS,PASS,PASS
res_ff_-40c_3.63v,res_ff,-40,3.63,1,0.33,0.5,62.74,62.74,0,21.56,21.56,0,407804,407804,0,-0.5218,-0.5218,0,PASS,PASS,PASS,PASS
res_ff_-40c_3.63v,res_ff,-40,3.63,1,1,0.001,66.98,66.98,0,21.43,21.43,0,144994,144994,0,-0.4909,-0.4909,0,PASS,PASS,PASS,PASS
res_ff_-40c_3.63v,res_ff,-40,3.63,1,1,0.05,69.52,69.52,0,26.96,26.96,0,145138,145138,0,-0.481,-0.481,0,PASS,PASS,PASS,PASS
res_ff_-40c_3.63v,res_ff,-40,3.63,1,1,0.2,77.2,77.2,0,30.52,30.52,0,147367,147367,0,-0.4342,-0.4342,0,PASS,PASS,PASS,PASS
res_ff_-40c_3.63v,res_ff,-40,3.63,1,1,0.5,92.28,92.28,0,24.74,24.74,0,161896,161896,0,-0.391,-0.391,0,PASS,PASS,PASS,PASS
res_ff_-40c_3.63v,res_ff,-40,3.63,1,4.7,0.001,57.83,57.83,0,35.65,35.65,0,32520.1,32520.1,0,-0.5481,-0.5481,0,PASS,PASS,PASS,PASS
res_ff_-40c_3.63v,res_ff,-40,3.63,1,4.7,0.05,60.55,60.55,0,43.15,43.15,0,32550.5,32550.5,0,-0.5372,-0.5372,0,PASS,PASS,PASS,PASS
res_ff_-40c_3.63v,res_ff,-40,3.63,1,4.7,0.2,69.21,69.21,0,33.18,33.18,0,33024.3,33024.3,0,-0.5454,-0.5454,0,PASS,PASS,PASS,PASS
res_ff_-40c_3.63v,res_ff,-40,3.63,1,4.7,0.5,88.49,88.49,0,25.66,25.66,0,36139.3,36139.3,0,-0.4036,-0.4036,0,PASS,PASS,PASS,PASS
res_ff_-40c_3.63v,res_ff,-40,3.63,10,0.33,0.001,26.63,26.63,0,6.51,6.51,0,657374,657374,0,-0.6315,-0.6315,0,FAIL,FAIL,PASS,PASS
res_ff_-40c_3.63v,res_ff,-40,3.63,10,0.33,0.05,30.38,30.38,0,8.09,8.09,0,658443,658443,0,-0.6096,-0.6096,0,FAIL,FAIL,PASS,PASS
res_ff_-40c_3.63v,res_ff,-40,3.63,10,0.33,0.2,40.9,40.9,0,13.45,13.45,0,675051,675051,0,-0.6314,-0.6314,0,FAIL,FAIL,PASS,PASS
res_ff_-40c_3.63v,res_ff,-40,3.63,10,0.33,0.5,56.77,56.77,0,14.65,14.65,0,781029,781029,0,-0.5019,-0.5019,0,PASS,PASS,PASS,PASS
res_ff_-40c_3.63v,res_ff,-40,3.63,10,1,0.001,55.44,55.44,0,16.22,16.22,0,266042,266042,0,-0.503,-0.503,0,PASS,PASS,PASS,PASS
res_ff_-40c_3.63v,res_ff,-40,3.63,10,1,0.05,60.09,60.09,0,21.51,21.51,0,266866,266866,0,-0.47,-0.47,0,PASS,PASS,PASS,PASS
res_ff_-40c_3.63v,res_ff,-40,3.63,10,1,0.2,73.83,73.83,0,23.48,23.48,0,280295,280295,0,-0.4507,-0.4507,0,PASS,PASS,PASS,PASS
res_ff_-40c_3.63v,res_ff,-40,3.63,10,1,0.5,97.29,97.29,0,17.55,17.55,0,403741,403741,0,-0.2463,-0.2463,0,PASS,PASS,PASS,PASS
res_ff_-40c_3.63v,res_ff,-40,3.63,10,4.7,0.001,53.28,53.28,0,30.16,30.16,0,68194.5,68194.5,0,-0.5338,-0.5338,0,PASS,PASS,PASS,PASS
res_ff_-40c_3.63v,res_ff,-40,3.63,10,4.7,0.05,59,59,0,36.07,36.07,0,68465,68465,0,-0.548,-0.548,0,PASS,PASS,PASS,PASS
res_ff_-40c_3.63v,res_ff,-40,3.63,10,4.7,0.2,77.6,77.6,0,26.02,26.02,0,72975,72975,0,-0.4673,-0.4673,0,PASS,PASS,PASS,PASS
res_ff_-40c_3.63v,res_ff,-40,3.63,10,4.7,0.5,123.36,123.36,0,18.43,18.43,0,134764,134764,0,-0.1384,-0.1384,0,PASS,PASS,PASS,PASS
res_ff_-40c_3.63v,res_ff,-40,3.63,25,0.33,0.001,15.06,15.06,0,3.68,3.68,0,796468,796468,0,-0.6682,-0.6682,0,FAIL,FAIL,PASS,PASS
res_ff_-40c_3.63v,res_ff,-40,3.63,25,0.33,0.05,19.58,19.58,0,5.23,5.23,0,798184,798184,0,-0.7151,-0.7151,0,FAIL,FAIL,PASS,PASS
res_ff_-40c_3.63v,res_ff,-40,3.63,25,0.33,0.2,31.89,31.89,0,10.52,10.52,0,825046,825046,0,-0.6973,-0.6973,0,FAIL,FAIL,PASS,PASS
res_ff_-40c_3.63v,res_ff,-40,3.63,25,0.33,0.5,47.9,47.9,0,11.91,11.91,0,994276,994276,0,-0.5407,-0.5407,0,PASS,PASS,PASS,PASS
res_ff_-40c_3.63v,res_ff,-40,3.63,25,1,0.001,48.28,48.28,0,13.37,13.37,0,345728,345728,0,-0.5002,-0.5002,0,PASS,PASS,PASS,PASS
res_ff_-40c_3.63v,res_ff,-40,3.63,25,1,0.05,54.26,54.26,0,18.56,18.56,0,347447,347447,0,-0.5035,-0.5035,0,PASS,PASS,PASS,PASS
res_ff_-40c_3.63v,res_ff,-40,3.63,25,1,0.2,71.2,71.2,0,20.75,20.75,0,376454,376454,0,-0.4391,-0.4391,0,PASS,PASS,PASS,PASS
res_ff_-40c_3.63v,res_ff,-40,3.63,25,1,0.5,88.55,88.55,0,14.88,14.88,0,664988,664988,0,-0.2786,-0.2786,0,PASS,PASS,PASS,PASS
res_ff_-40c_3.63v,res_ff,-40,3.63,25,4.7,0.001,54.68,54.68,0,27.25,27.25,0,88995.1,88995.1,0,-0.5624,-0.5624,0,PASS,PASS,PASS,PASS
res_ff_-40c_3.63v,res_ff,-40,3.63,25,4.7,0.05,62.16,62.16,0,33.37,33.37,0,89619,89619,0,-0.5404,-0.5404,0,PASS,PASS,PASS,PASS
res_ff_-40c_3.63v,res_ff,-40,3.63,25,4.7,0.2,86.73,86.73,0,23.36,23.36,0,100896,100896,0,-0.4307,-0.4307,0,PASS,PASS,PASS,PASS
res_ff_-40c_3.63v,res_ff,-40,3.63,25,4.7,0.5,117.91,117.91,0,15.77,15.77,0,513262,513262,0,-0.1455,-0.1455,0,PASS,PASS,PASS,PASS
res_ff_-40c_3.63v,res_ff,-40,3.63,50,0.33,0.001,6.5,6.5,0,1.57,1.57,0,914293,914293,0,-0.7154,-0.7154,0,FAIL,FAIL,PASS,PASS
res_ff_-40c_3.63v,res_ff,-40,3.63,50,0.33,0.05,11.65,11.65,0,3.09,3.09,0,916703,916703,0,-0.7578,-0.7578,0,FAIL,FAIL,PASS,PASS
res_ff_-40c_3.63v,res_ff,-40,3.63,50,0.33,0.2,25.36,25.36,0,8.27,8.27,0,954751,954751,0,-0.7063,-0.7063,0,FAIL,FAIL,PASS,PASS
res_ff_-40c_3.63v,res_ff,-40,3.63,50,0.33,0.5,40.62,40.62,0,9.71,9.71,0,1.18885e+06,1.18885e+06,0,-0.5659,-0.5659,0,FAIL,FAIL,PASS,PASS
res_ff_-40c_3.63v,res_ff,-40,3.63,50,1,0.001,42.34,42.34,0,11.25,11.25,0,417087,417087,0,-0.5499,-0.5499,0,FAIL,FAIL,PASS,PASS
res_ff_-40c_3.63v,res_ff,-40,3.63,50,1,0.05,49.49,49.49,0,16.32,16.32,0,419968,419968,0,-0.5309,-0.5309,0,PASS,PASS,PASS,PASS
res_ff_-40c_3.63v,res_ff,-40,3.63,50,1,0.2,68.7,68.7,0,18.55,18.55,0,469995,469995,0,-0.4627,-0.4627,0,PASS,PASS,PASS,PASS
res_ff_-40c_3.63v,res_ff,-40,3.63,50,1,0.5,76.83,76.83,0,12.7,12.7,0,918237,918237,0,-0.342,-0.342,0,PASS,PASS,PASS,PASS
res_ff_-40c_3.63v,res_ff,-40,3.63,50,4.7,0.001,55.83,55.83,0,25.09,25.09,0,108141,108141,0,-0.5558,-0.5558,0,PASS,PASS,PASS,PASS
res_ff_-40c_3.63v,res_ff,-40,3.63,50,4.7,0.05,64.91,64.91,0,31.17,31.17,0,109298,109298,0,-0.4935,-0.4935,0,PASS,PASS,PASS,PASS
res_ff_-40c_3.63v,res_ff,-40,3.63,50,4.7,0.2,95,95,0,21.19,21.19,0,132640,132640,0,-0.3361,-0.3361,0,PASS,PASS,PASS,PASS
res_ff_-40c_3.63v,res_ff,-40,3.63,50,4.7,0.5,96.27,96.27,0,13.59,13.59,0,843207,843207,0,-0.2657,-0.2657,0,PASS,PASS,PASS,PASS
res_ff_125c_2.97v,res_ff,125,2.97,0,0.33,0.001,11.6,11.61,0.01,53.13,53.13,0,1414.62,1414.64,0.00141381,-0.8561,-0.8558,0.0003,FAIL,FAIL,PASS,PASS
res_ff_125c_2.97v,res_ff,125,2.97,0,0.33,0.05,11.62,11.62,0,53.13,53.13,0,1414.63,1414.63,0,-0.8558,-0.8558,0,FAIL,FAIL,PASS,PASS
res_ff_125c_2.97v,res_ff,125,2.97,0,0.33,0.2,11.65,11.65,0,53.13,53.13,0,1414.63,1414.63,0,-0.8558,-0.8558,0,FAIL,FAIL,PASS,PASS
res_ff_125c_2.97v,res_ff,125,2.97,0,0.33,0.5,11.7,11.7,0,53.13,53.13,0,1414.63,1414.63,0,-0.8558,-0.8558,0,FAIL,FAIL,PASS,PASS
res_ff_125c_2.97v,res_ff,125,2.97,0,1,0.001,6.84,6.84,0,53.12,53.12,0,807.076,807.079,0.000371712,-0.9169,-0.9169,0,FAIL,FAIL,PASS,PASS
res_ff_125c_2.97v,res_ff,125,2.97,0,1,0.05,6.85,6.85,0,53.12,53.12,0,807.078,807.079,0.000123904,-0.9169,-0.9169,0,FAIL,FAIL,PASS,PASS
res_ff_125c_2.97v,res_ff,125,2.97,0,1,0.2,6.9,6.9,0,53.12,53.12,0,807.079,807.079,0,-0.9169,-0.9169,0,FAIL,FAIL,PASS,PASS
res_ff_125c_2.97v,res_ff,125,2.97,0,1,0.5,6.99,6.99,0,53.12,53.12,0,807.08,807.08,0,-0.9168,-0.9168,0,FAIL,FAIL,PASS,PASS
res_ff_125c_2.97v,res_ff,125,2.97,0,4.7,0.001,3.55,3.55,0,53.12,53.12,0,371.282,371.282,0,-0.9105,-0.9105,0,FAIL,FAIL,PASS,PASS
res_ff_125c_2.97v,res_ff,125,2.97,0,4.7,0.05,3.58,3.58,0,53.12,53.12,0,371.281,371.282,0.000269338,-0.9105,-0.9105,0,FAIL,FAIL,PASS,PASS
res_ff_125c_2.97v,res_ff,125,2.97,0,4.7,0.2,3.68,3.68,0,53.12,53.12,0,371.282,371.282,0,-0.9105,-0.9105,0,FAIL,FAIL,PASS,PASS
res_ff_125c_2.97v,res_ff,125,2.97,0,4.7,0.5,3.87,3.87,0,53.12,53.12,0,371.284,371.284,0,-0.9103,-0.9103,0,FAIL,FAIL,PASS,PASS
res_ff_125c_2.97v,res_ff,125,2.97,0.1,0.33,0.001,69.92,69.92,0,25.54,25.54,0,61677.6,61677.6,0,-0.4369,-0.4369,0,PASS,PASS,PASS,PASS
res_ff_125c_2.97v,res_ff,125,2.97,0.1,0.33,0.05,70.28,69.78,-0.5,26.75,26.63,-0.12,61678.8,60929.4,-1.215,-0.4368,-0.4442,-0.0074,PASS,PASS,PASS,PASS
res_ff_125c_2.97v,res_ff,125,2.97,0.1,0.33,0.2,70.86,70.86,0,31.56,31.56,0,60947.9,60947.9,0,-0.4413,-0.4413,0,PASS,PASS,PASS,PASS
res_ff_125c_2.97v,res_ff,125,2.97,0.1,0.33,0.5,73.01,73.55,0.54,41.2,40.64,-0.56,61052.8,61807.3,1.23582,-0.4253,-0.4174,0.0079,PASS,PASS,PASS,PASS
res_ff_125c_2.97v,res_ff,125,2.97,0.1,1,0.001,66.23,66.23,0,35.72,35.72,0,19429.3,19429.3,0,-0.4616,-0.4616,0,PASS,PASS,PASS,PASS
res_ff_125c_2.97v,res_ff,125,2.97,0.1,1,0.05,66.57,66.02,-0.55,41.21,40.87,-0.34,19429.6,19291.5,-0.710771,-0.4614,-0.4768,-0.0154,PASS,PASS,PASS,PASS
res_ff_125c_2.97v,res_ff,125,2.97,0.1,1,0.2,67.07,67.07,0,50.44,50.44,0,19296.3,19296.3,0,-0.4742,-0.4742,0,PASS,PASS,PASS,PASS
res_ff_125c_2.97v,res_ff,125,2.97,0.1,1,0.5,69.18,69.75,0.57,45.24,44.57,-0.67,19323.6,19462.6,0.719328,-0.4594,-0.4967,-0.0373,PASS,PASS,PASS,PASS
res_ff_125c_2.97v,res_ff,125,2.97,0.1,4.7,0.001,35.7,35.7,0,53.84,53.84,0,6237.44,6237.44,0,-0.7407,-0.7407,0,FAIL,FAIL,PASS,PASS
res_ff_125c_2.97v,res_ff,125,2.97,0.1,4.7,0.05,36.22,35.86,-0.36,53.12,53.19,0.07,6237.6,6226.54,-0.177312,-0.7403,-0.7678,-0.0275,FAIL,FAIL,PASS,PASS
res_ff_125c_2.97v,res_ff,125,2.97,0.1,4.7,0.2,37.45,37.45,0,50.78,50.78,0,6228.89,6228.89,0,-0.7618,-0.7618,0,FAIL,FAIL,PASS,PASS
res_ff_125c_2.97v,res_ff,125,2.97,0.1,4.7,0.5,40.67,41.04,0.37,45.89,45.26,-0.63,6242.17,6253.4,0.179905,-0.7277,-0.7002,0.0275,FAIL,FAIL,PASS,PASS
res_ff_125c_2.97v,res_ff,125,2.97,1,0.33,0.001,59.02,59.02,0,14.52,14.52,0,200408,200408,0,-0.4984,-0.4984,0,PASS,PASS,PASS,PASS
res_ff_125c_2.97v,res_ff,125,2.97,1,0.33,0.05,60.18,60.18,0,15.43,15.43,0,200446,200446,0,-0.4964,-0.4964,0,PASS,PASS,PASS,PASS
res_ff_125c_2.97v,res_ff,125,2.97,1,0.33,0.2,63.68,63.68,0,18.46,18.46,0,201048,201048,0,-0.4655,-0.4655,0,PASS,PASS,PASS,PASS
res_ff_125c_2.97v,res_ff,125,2.97,1,0.33,0.5,70.46,70.46,0,21.68,21.68,0,204528,204528,0,-0.4515,-0.4515,0,PASS,PASS,PASS,PASS
res_ff_125c_2.97v,res_ff,125,2.97,1,1,0.001,70.04,70.04,0,24.28,24.28,0,66594.2,66594.2,0,-0.4214,-0.4214,0,PASS,PASS,PASS,PASS
res_ff_125c_2.97v,res_ff,125,2.97,1,1,0.05,71.21,71.21,0,27.27,27.27,0,66608.3,66608.3,0,-0.4194,-0.4194,0,PASS,PASS,PASS,PASS
res_ff_125c_2.97v,res_ff,125,2.97,1,1,0.2,74.83,74.83,0,31.25,31.25,0,66830.4,66830.4,0,-0.4367,-0.4367,0,PASS,PASS,PASS,PASS
res_ff_125c_2.97v,res_ff,125,2.97,1,1,0.5,82.19,82.19,0,26.85,26.85,0,68129.2,68129.2,0,-0.4031,-0.4031,0,PASS,PASS,PASS,PASS
res_ff_125c_2.97v,res_ff,125,2.97,1,4.7,0.001,42.13,42.13,0,38.58,38.58,0,18150.9,18150.9,0,-0.7194,-0.7194,0,FAIL,FAIL,PASS,PASS
res_ff_125c_2.97v,res_ff,125,2.97,1,4.7,0.05,43.64,43.64,0,44.23,44.23,0,18155,18155,0,-0.7161,-0.7161,0,FAIL,FAIL,PASS,PASS
res_ff_125c_2.97v,res_ff,125,2.97,1,4.7,0.2,48.35,48.35,0,35.48,35.48,0,18218.3,18218.3,0,-0.6646,-0.6646,0,PASS,PASS,PASS,PASS
res_ff_125c_2.97v,res_ff,125,2.97,1,4.7,0.5,58.15,58.15,0,28.27,28.27,0,18584.3,18584.3,0,-0.6709,-0.6709,0,PASS,PASS,PASS,PASS
res_ff_125c_2.97v,res_ff,125,2.97,10,0.33,0.001,45.93,45.93,0,8.66,8.66,0,384558,384558,0,-0.4862,-0.4862,0,FAIL,FAIL,PASS,PASS
res_ff_125c_2.97v,res_ff,125,2.97,10,0.33,0.05,48.14,48.14,0,9.46,9.46,0,384826,384826,0,-0.4789,-0.4789,0,FAIL,FAIL,PASS,PASS
res_ff_125c_2.97v,res_ff,125,2.97,10,0.33,0.2,54.66,54.66,0,11.84,11.84,0,389111,389111,0,-0.4724,-0.4724,0,PASS,PASS,PASS,PASS
res_ff_125c_2.97v,res_ff,125,2.97,10,0.33,0.5,66.5,66.5,0,13.37,13.37,0,415962,415962,0,-0.4345,-0.4345,0,PASS,PASS,PASS,PASS
res_ff_125c_2.97v,res_ff,125,2.97,10,1,0.001,59.51,59.51,0,18.34,18.34,0,136077,136077,0,-0.4669,-0.4669,0,PASS,PASS,PASS,PASS
res_ff_125c_2.97v,res_ff,125,2.97,10,1,0.05,61.91,61.91,0,20.79,20.79,0,136181,136181,0,-0.5135,-0.5135,0,PASS,PASS,PASS,PASS
res_ff_125c_2.97v,res_ff,125,2.97,10,1,0.2,69.32,69.32,0,22.62,22.62,0,137878,137878,0,-0.4911,-0.4911,0,PASS,PASS,PASS,PASS
res_ff_125c_2.97v,res_ff,125,2.97,10,1,0.5,84.64,84.64,0,17.94,17.94,0,148804,148804,0,-0.4032,-0.4032,0,PASS,PASS,PASS,PASS
res_ff_125c_2.97v,res_ff,125,2.97,10,4.7,0.001,41.09,41.09,0,32.13,32.13,0,40240.1,40240.1,0,-0.6799,-0.6799,0,FAIL,FAIL,PASS,PASS
res_ff_125c_2.97v,res_ff,125,2.97,10,4.7,0.05,44.45,44.45,0,35.48,35.48,0,40285.5,40285.5,0,-0.6636,-0.6636,0,FAIL,FAIL,PASS,PASS
res_ff_125c_2.97v,res_ff,125,2.97,10,4.7,0.2,55.07,55.07,0,26.68,26.68,0,41006,41006,0,-0.6301,-0.6301,0,PASS,PASS,PASS,PASS
res_ff_125c_2.97v,res_ff,125,2.97,10,4.7,0.5,77.92,77.92,0,19.32,19.32,0,45685,45685,0,-0.5036,-0.5036,0,PASS,PASS,PASS,PASS
res_ff_125c_2.97v,res_ff,125,2.97,25,0.33,0.001,34.5,34.5,0,6.2,6.2,0,486463,486463,0,-0.5303,-0.5303,0,FAIL,FAIL,PASS,PASS
res_ff_125c_2.97v,res_ff,125,2.97,25,0.33,0.05,37.28,37.28,0,7.01,7.01,0,486963,486963,0,-0.5188,-0.5188,0,FAIL,FAIL,PASS,PASS
res_ff_125c_2.97v,res_ff,125,2.97,25,0.33,0.2,45.23,45.23,0,9.42,9.42,0,495116,495116,0,-0.5098,-0.5098,0,FAIL,FAIL,PASS,PASS
res_ff_125c_2.97v,res_ff,125,2.97,25,0.33,0.5,58.22,58.22,0,11.06,11.06,0,547956,547956,0,-0.4027,-0.4027,0,PASS,PASS,PASS,PASS
res_ff_125c_2.97v,res_ff,125,2.97,25,1,0.001,56.42,56.42,0,15.86,15.86,0,176099,176099,0,-0.4776,-0.4776,0,PASS,PASS,PASS,PASS
res_ff_125c_2.97v,res_ff,125,2.97,25,1,0.05,59.52,59.52,0,18.33,18.33,0,176322,176322,0,-0.4641,-0.4641,0,PASS,PASS,PASS,PASS
res_ff_125c_2.97v,res_ff,125,2.97,25,1,0.2,69.03,69.03,0,20.33,20.33,0,180048,180048,0,-0.4618,-0.4618,0,PASS,PASS,PASS,PASS
res_ff_125c_2.97v,res_ff,125,2.97,25,1,0.5,88.43,88.43,0,15.67,15.67,0,206564,206564,0,-0.3481,-0.3481,0,PASS,PASS,PASS,PASS
res_ff_125c_2.97v,res_ff,125,2.97,25,4.7,0.001,42.71,42.71,0,29.59,29.59,0,51055.9,51055.9,0,-0.6356,-0.6356,0,FAIL,FAIL,PASS,PASS
res_ff_125c_2.97v,res_ff,125,2.97,25,4.7,0.05,46.97,46.97,0,33.22,33.22,0,51150.5,51150.5,0,-0.6812,-0.6812,0,PASS,PASS,PASS,PASS
res_ff_125c_2.97v,res_ff,125,2.97,25,4.7,0.2,60.54,60.54,0,24.43,24.43,0,52686.1,52686.1,0,-0.6254,-0.6254,0,PASS,PASS,PASS,PASS
res_ff_125c_2.97v,res_ff,125,2.97,25,4.7,0.5,90.3,90.3,0,17.05,17.05,0,63876,63876,0,-0.3889,-0.3889,0,PASS,PASS,PASS,PASS
res_ff_125c_2.97v,res_ff,125,2.97,50,0.33,0.001,25.33,25.33,0,4.37,4.37,0,573256,573256,0,-0.5338,-0.5338,0,FAIL,FAIL,PASS,PASS
res_ff_125c_2.97v,res_ff,125,2.97,50,0.33,0.05,28.59,28.59,0,5.17,5.17,0,573999,573999,0,-0.5806,-0.5806,0,FAIL,FAIL,PASS,PASS
res_ff_125c_2.97v,res_ff,125,2.97,50,0.33,0.2,37.62,37.62,0,7.56,7.56,0,586494,586494,0,-0.5156,-0.5156,0,FAIL,FAIL,PASS,PASS
res_ff_125c_2.97v,res_ff,125,2.97,50,0.33,0.5,50.59,50.59,0,9.21,9.21,0,668558,668558,0,-0.4457,-0.4457,0,FAIL,FAIL,PASS,PASS
res_ff_125c_2.97v,res_ff,125,2.97,50,1,0.001,54.25,54.25,0,14.01,14.01,0,211699,211699,0,-0.4753,-0.4753,0,PASS,PASS,PASS,PASS
res_ff_125c_2.97v,res_ff,125,2.97,50,1,0.05,57.97,57.97,0,16.45,16.45,0,212078,212078,0,-0.5106,-0.5106,0,PASS,PASS,PASS,PASS
res_ff_125c_2.97v,res_ff,125,2.97,50,1,0.2,69.24,69.24,0,18.46,18.46,0,218664,218664,0,-0.4612,-0.4612,0,PASS,PASS,PASS,PASS
res_ff_125c_2.97v,res_ff,125,2.97,50,1,0.5,91.42,91.42,0,13.82,13.82,0,271766,271766,0,-0.3013,-0.3013,0,PASS,PASS,PASS,PASS
res_ff_125c_2.97v,res_ff,125,2.97,50,4.7,0.001,44.37,44.37,0,27.71,27.71,0,59832.6,59832.6,0,-0.6509,-0.6509,0,FAIL,FAIL,PASS,PASS
res_ff_125c_2.97v,res_ff,125,2.97,50,4.7,0.05,49.38,49.38,0,31.36,31.36,0,59985.7,59985.7,0,-0.6157,-0.6157,0,PASS,PASS,PASS,PASS
res_ff_125c_2.97v,res_ff,125,2.97,50,4.7,0.2,65.37,65.37,0,22.58,22.58,0,62555.3,62555.3,0,-0.5393,-0.5393,0,PASS,PASS,PASS,PASS
res_ff_125c_2.97v,res_ff,125,2.97,50,4.7,0.5,101.21,101.21,0,15.19,15.19,0,84248.3,84248.3,0,-0.2937,-0.2937,0,PASS,PASS,PASS,PASS
res_ff_125c_3.30v,res_ff,125,3.3,0,0.33,0.001,12.22,12.22,0,53.09,53.09,0,1486.67,1486.67,0,-0.8902,-0.8902,0,FAIL,FAIL,PASS,PASS
res_ff_125c_3.30v,res_ff,125,3.3,0,0.33,0.05,12.22,12.22,0,53.09,53.09,0,1486.67,1486.67,0,-0.8902,-0.8902,0,FAIL,FAIL,PASS,PASS
res_ff_125c_3.30v,res_ff,125,3.3,0,0.33,0.2,12.25,12.25,0,53.09,53.09,0,1486.67,1486.67,0,-0.8902,-0.8902,0,FAIL,FAIL,PASS,PASS
res_ff_125c_3.30v,res_ff,125,3.3,0,0.33,0.5,12.3,12.3,0,53.09,53.09,0,1486.67,1486.67,0,-0.8902,-0.8902,0,FAIL,FAIL,PASS,PASS
res_ff_125c_3.30v,res_ff,125,3.3,0,1,0.001,7.23,7.23,0,53.09,53.09,0,847.581,847.581,0,-0.866,-0.866,0,FAIL,FAIL,PASS,PASS
res_ff_125c_3.30v,res_ff,125,3.3,0,1,0.05,7.25,7.25,0,53.09,53.09,0,847.58,847.58,0,-0.866,-0.866,0,FAIL,FAIL,PASS,PASS
res_ff_125c_3.30v,res_ff,125,3.3,0,1,0.2,7.29,7.29,0,53.09,53.09,0,847.58,847.581,0.000117983,-0.866,-0.866,0,FAIL,FAIL,PASS,PASS
res_ff_125c_3.30v,res_ff,125,3.3,0,1,0.5,7.39,7.39,0,53.09,53.09,0,847.582,847.582,0,-0.866,-0.866,0,FAIL,FAIL,PASS,PASS
res_ff_125c_3.30v,res_ff,125,3.3,0,4.7,0.001,3.85,3.85,0,53.09,53.09,0,389.804,389.804,0,-0.8647,-0.8647,0,FAIL,FAIL,PASS,PASS
res_ff_125c_3.30v,res_ff,125,3.3,0,4.7,0.05,3.88,3.88,0,53.09,53.09,0,389.804,389.804,0,-0.8647,-0.8647,0,FAIL,FAIL,PASS,PASS
res_ff_125c_3.30v,res_ff,125,3.3,0,4.7,0.2,3.98,3.98,0,53.09,53.09,0,389.805,389.805,0,-0.8647,-0.8647,0,FAIL,FAIL,PASS,PASS
res_ff_125c_3.30v,res_ff,125,3.3,0,4.7,0.5,4.18,4.18,0,53.09,53.09,0,389.807,389.808,0.000256537,-0.8646,-0.8645,0.0001,FAIL,FAIL,PASS,PASS
res_ff_125c_3.30v,res_ff,125,3.3,0.1,0.33,0.001,66.89,66.89,0,25.21,25.21,0,69681.4,69681.4,0,-0.4502,-0.4502,0,PASS,PASS,PASS,PASS
res_ff_125c_3.30v,res_ff,125,3.3,0.1,0.33,0.05,67.3,67.3,0,26.54,26.54,0,69683.1,69683.1,0,-0.4499,-0.4499,0,PASS,PASS,PASS,PASS
res_ff_125c_3.30v,res_ff,125,3.3,0.1,0.33,0.2,68.53,68.53,0,32.48,32.48,0,69709.6,69709.6,0,-0.4462,-0.4462,0,PASS,PASS,PASS,PASS
res_ff_125c_3.30v,res_ff,125,3.3,0.1,0.33,0.5,70.98,71.49,0.51,42.21,41.61,-0.6,69859.4,70720.7,1.2329,-0.4769,-0.4688,0.0081,PASS,PASS,PASS,PASS
res_ff_125c_3.30v,res_ff,125,3.3,0.1,1,0.001,68.41,68.41,0,35.34,35.34,0,21896.2,21896.2,0,-0.4538,-0.4538,0,PASS,PASS,PASS,PASS
res_ff_125c_3.30v,res_ff,125,3.3,0.1,1,0.05,68.79,68.79,0,41.67,41.67,0,21896.7,21896.7,0,-0.4536,-0.4536,0,PASS,PASS,PASS,PASS
res_ff_125c_3.30v,res_ff,125,3.3,0.1,1,0.2,69.98,69.98,0,50.65,50.65,0,21904.1,21904.1,0,-0.4502,-0.4502,0,PASS,PASS,PASS,PASS
res_ff_125c_3.30v,res_ff,125,3.3,0.1,1,0.5,72.38,72.93,0.55,45.44,44.8,-0.64,21946.2,22116,0.77371,-0.4818,-0.4622,0.0196,PASS,PASS,PASS,PASS
res_ff_125c_3.30v,res_ff,125,3.3,0.1,4.7,0.001,38.09,38.09,0,53.67,53.67,0,6704.06,6704.06,0,-0.7583,-0.7583,0,FAIL,FAIL,PASS,PASS
res_ff_125c_3.30v,res_ff,125,3.3,0.1,4.7,0.05,38.65,38.65,0,53.13,53.13,0,6704.26,6704.26,0,-0.7579,-0.7579,0,FAIL,FAIL,PASS,PASS
res_ff_125c_3.30v,res_ff,125,3.3,0.1,4.7,0.2,40.36,40.36,0,50.86,50.86,0,6707.29,6707.29,0,-0.7508,-0.7508,0,FAIL,FAIL,PASS,PASS
res_ff_125c_3.30v,res_ff,125,3.3,0.1,4.7,0.5,43.84,44.22,0.38,46,45.4,-0.6,6724.36,6738.07,0.203886,-0.7113,-0.6811,0.0302,FAIL,FAIL,PASS,PASS
res_ff_125c_3.30v,res_ff,125,3.3,1,0.33,0.001,54.95,54.95,0,14.11,14.11,0,230182,230182,0,-0.5213,-0.5213,0,PASS,PASS,PASS,PASS
res_ff_125c_3.30v,res_ff,125,3.3,1,0.33,0.05,56.28,56.28,0,15.17,15.17,0,230238,230238,0,-0.5186,-0.5186,0,PASS,PASS,PASS,PASS
res_ff_125c_3.30v,res_ff,125,3.3,1,0.33,0.2,60.28,60.28,0,18.82,18.82,0,231109,231109,0,-0.5345,-0.5345,0,PASS,PASS,PASS,PASS
res_ff_125c_3.30v,res_ff,125,3.3,1,0.33,0.5,67.92,67.92,0,22.35,22.35,0,236157,236157,0,-0.4728,-0.4728,0,PASS,PASS,PASS,PASS
res_ff_125c_3.30v,res_ff,125,3.3,1,1,0.001,70.9,70.9,0,23.88,23.88,0,78512.1,78512.1,0,-0.4386,-0.4386,0,PASS,PASS,PASS,PASS
res_ff_125c_3.30v,res_ff,125,3.3,1,1,0.05,72.28,72.28,0,27.44,27.44,0,78535.8,78535.8,0,-0.4358,-0.4358,0,PASS,PASS,PASS,PASS
res_ff_125c_3.30v,res_ff,125,3.3,1,1,0.2,76.53,76.53,0,31.8,31.8,0,78905.1,78905.1,0,-0.4405,-0.4405,0,PASS,PASS,PASS,PASS
res_ff_125c_3.30v,res_ff,125,3.3,1,1,0.5,85.11,85.11,0,27.02,27.02,0,81084.9,81084.9,0,-0.4285,-0.4285,0,PASS,PASS,PASS,PASS
res_ff_125c_3.30v,res_ff,125,3.3,1,4.7,0.001,46.25,46.25,0,38.21,38.21,0,19863,19863,0,-0.6343,-0.6343,0,PASS,PASS,PASS,PASS
res_ff_125c_3.30v,res_ff,125,3.3,1,4.7,0.05,47.91,47.91,0,44.68,44.68,0,19868.7,19868.7,0,-0.6302,-0.6302,0,PASS,PASS,PASS,PASS
res_ff_125c_3.30v,res_ff,125,3.3,1,4.7,0.2,53.08,53.08,0,35.58,35.58,0,19956.5,19956.5,0,-0.6396,-0.6396,0,PASS,PASS,PASS,PASS
res_ff_125c_3.30v,res_ff,125,3.3,1,4.7,0.5,63.95,63.95,0,28.29,28.29,0,20468.9,20468.9,0,-0.573,-0.573,0,PASS,PASS,PASS,PASS
res_ff_125c_3.30v,res_ff,125,3.3,10,0.33,0.001,43.63,43.63,0,8.52,8.52,0,430185,430185,0,-0.4765,-0.4765,0,FAIL,FAIL,PASS,PASS
res_ff_125c_3.30v,res_ff,125,3.3,10,0.33,0.05,46.1,46.1,0,9.46,9.46,0,430555,430555,0,-0.5233,-0.5233,0,FAIL,FAIL,PASS,PASS
res_ff_125c_3.30v,res_ff,125,3.3,10,0.33,0.2,53.31,53.31,0,12.28,12.28,0,436397,436397,0,-0.4913,-0.4913,0,PASS,PASS,PASS,PASS
res_ff_125c_3.30v,res_ff,125,3.3,10,0.33,0.5,66.06,66.06,0,13.8,13.8,0,473477,473477,0,-0.4162,-0.4162,0,PASS,PASS,PASS,PASS
res_ff_125c_3.30v,res_ff,125,3.3,10,1,0.001,60.25,60.25,0,18.21,18.21,0,153299,153299,0,-0.4768,-0.4768,0,PASS,PASS,PASS,PASS
res_ff_125c_3.30v,res_ff,125,3.3,10,1,0.05,62.96,62.96,0,21.1,21.1,0,153454,153454,0,-0.4662,-0.4662,0,PASS,PASS,PASS,PASS
res_ff_125c_3.30v,res_ff,125,3.3,10,1,0.2,71.28,71.28,0,22.95,22.95,0,155942,155942,0,-0.4606,-0.4606,0,PASS,PASS,PASS,PASS
res_ff_125c_3.30v,res_ff,125,3.3,10,1,0.5,88.45,88.45,0,17.95,17.95,0,172580,172580,0,-0.3856,-0.3856,0,PASS,PASS,PASS,PASS
res_ff_125c_3.30v,res_ff,125,3.3,10,4.7,0.001,43.46,43.46,0,32.05,32.05,0,43833.7,43833.7,0,-0.6705,-0.6705,0,FAIL,FAIL,PASS,PASS
res_ff_125c_3.30v,res_ff,125,3.3,10,4.7,0.05,47.13,47.13,0,35.74,35.74,0,43894.7,43894.7,0,-0.6508,-0.6508,0,PASS,PASS,PASS,PASS
res_ff_125c_3.30v,res_ff,125,3.3,10,4.7,0.2,58.76,58.76,0,26.61,26.61,0,44861.5,44861.5,0,-0.6319,-0.6319,0,PASS,PASS,PASS,PASS
res_ff_125c_3.30v,res_ff,125,3.3,10,4.7,0.5,84.14,84.14,0,19.19,19.19,0,51414.8,51414.8,0,-0.4284,-0.4284,0,PASS,PASS,PASS,PASS
res_ff_125c_3.30v,res_ff,125,3.3,25,0.33,0.001,32.15,32.15,0,6.1,6.1,0,536422,536422,0,-0.5573,-0.5573,0,FAIL,FAIL,PASS,PASS
res_ff_125c_3.30v,res_ff,125,3.3,25,0.33,0.05,35.21,35.21,0,7.04,7.04,0,537078,537078,0,-0.543,-0.543,0,FAIL,FAIL,PASS,PASS
res_ff_125c_3.30v,res_ff,125,3.3,25,0.33,0.2,43.89,43.89,0,9.91,9.91,0,547589,547589,0,-0.5034,-0.5034,0,FAIL,FAIL,PASS,PASS
res_ff_125c_3.30v,res_ff,125,3.3,25,0.33,0.5,57.57,57.57,0,11.56,11.56,0,615971,615971,0,-0.4491,-0.4491,0,PASS,PASS,PASS,PASS
res_ff_125c_3.30v,res_ff,125,3.3,25,1,0.001,56.48,56.48,0,15.77,15.77,0,197751,197751,0,-0.467,-0.467,0,PASS,PASS,PASS,PASS
res_ff_125c_3.30v,res_ff,125,3.3,25,1,0.05,59.96,59.96,0,18.69,18.69,0,198078,198078,0,-0.5039,-0.5039,0,PASS,PASS,PASS,PASS
res_ff_125c_3.30v,res_ff,125,3.3,25,1,0.2,70.56,70.56,0,20.73,20.73,0,203473,203473,0,-0.4409,-0.4409,0,PASS,PASS,PASS,PASS
res_ff_125c_3.30v,res_ff,125,3.3,25,1,0.5,91.92,91.92,0,15.74,15.74,0,244445,244445,0,-0.3057,-0.3057,0,PASS,PASS,PASS,PASS
res_ff_125c_3.30v,res_ff,125,3.3,25,4.7,0.001,44.74,44.74,0,29.54,29.54,0,55799.3,55799.3,0,-0.6594,-0.6594,0,FAIL,FAIL,PASS,PASS
res_ff_125c_3.30v,res_ff,125,3.3,25,4.7,0.05,49.42,49.42,0,33.54,33.54,0,55927.6,55927.6,0,-0.6278,-0.6278,0,PASS,PASS,PASS,PASS
res_ff_125c_3.30v,res_ff,125,3.3,25,4.7,0.2,64.33,64.33,0,24.42,24.42,0,58012.3,58012.3,0,-0.5528,-0.5528,0,PASS,PASS,PASS,PASS
res_ff_125c_3.30v,res_ff,125,3.3,25,4.7,0.5,97.7,97.7,0,16.98,16.98,0,74531.4,74531.4,0,-0.3368,-0.3368,0,PASS,PASS,PASS,PASS
res_ff_125c_3.30v,res_ff,125,3.3,50,0.33,0.001,23.01,23.01,0,4.23,4.23,0,628057,628057,0,-0.5723,-0.5723,0,FAIL,FAIL,PASS,PASS
res_ff_125c_3.30v,res_ff,125,3.3,50,0.33,0.05,26.57,26.57,0,5.16,5.16,0,629024,629024,0,-0.5532,-0.5532,0,FAIL,FAIL,PASS,PASS
res_ff_125c_3.30v,res_ff,125,3.3,50,0.33,0.2,36.38,36.38,0,8,8,0,644757,644757,0,-0.5763,-0.5763,0,FAIL,FAIL,PASS,PASS
res_ff_125c_3.30v,res_ff,125,3.3,50,0.33,0.5,49.89,49.89,0,9.66,9.66,0,747525,747525,0,-0.4446,-0.4446,0,FAIL,FAIL,PASS,PASS
res_ff_125c_3.30v,res_ff,125,3.3,50,1,0.001,53.72,53.72,0,13.89,13.89,0,238229,238229,0,-0.5028,-0.5028,0,PASS,PASS,PASS,PASS
res_ff_125c_3.30v,res_ff,125,3.3,50,1,0.05,57.9,57.9,0,16.77,16.77,0,238794,238795,0.000418771,-0.4776,-0.4776,0,PASS,PASS,PASS,PASS
res_ff_125c_3.30v,res_ff,125,3.3,50,1,0.2,70.45,70.45,0,18.82,18.82,0,248385,248385,0,-0.4469,-0.4469,0,PASS,PASS,PASS,PASS
res_ff_125c_3.30v,res_ff,125,3.3,50,1,0.5,93.97,93.97,0,13.85,13.85,0,333649,333649,0,-0.2466,-0.2466,0,PASS,PASS,PASS,PASS
res_ff_125c_3.30v,res_ff,125,3.3,50,4.7,0.001,46.3,46.3,0,27.63,27.63,0,65727.3,65727.3,0,-0.6126,-0.6126,0,PASS,PASS,PASS,PASS
res_ff_125c_3.30v,res_ff,125,3.3,50,4.7,0.05,51.81,51.81,0,31.64,31.64,0,65940.9,65940.9,0,-0.6372,-0.6372,0,PASS,PASS,PASS,PASS
res_ff_125c_3.30v,res_ff,125,3.3,50,4.7,0.2,69.49,69.49,0,22.53,22.53,0,69509.6,69509.6,0,-0.5531,-0.5531,0,PASS,PASS,PASS,PASS
res_ff_125c_3.30v,res_ff,125,3.3,50,4.7,0.5,110.22,110.22,0,15.09,15.09,0,104867,104867,0,-0.221,-0.221,0,PASS,PASS,PASS,PASS
res_ff_125c_3.63v,res_ff,125,3.63,0,0.33,0.001,12.84,12.84,0,53.09,53.09,0,1551.78,1551.78,0,-0.845,-0.845,0,FAIL,FAIL,PASS,PASS
res_ff_125c_3.63v,res_ff,125,3.63,0,0.33,0.05,12.85,12.85,0,53.09,53.09,0,1551.78,1551.78,0,-0.845,-0.845,0,FAIL,FAIL,PASS,PASS
res_ff_125c_3.63v,res_ff,125,3.63,0,0.33,0.2,12.88,12.88,0,53.09,53.09,0,1551.78,1551.78,0,-0.845,-0.845,0,FAIL,FAIL,PASS,PASS
res_ff_125c_3.63v,res_ff,125,3.63,0,0.33,0.5,12.93,12.93,0,53.09,53.09,0,1551.78,1551.78,0,-0.845,-0.845,0,FAIL,FAIL,PASS,PASS
res_ff_125c_3.63v,res_ff,125,3.63,0,1,0.001,7.74,7.74,0,53.08,53.08,0,884.105,884.106,0.000113109,-0.9319,-0.9319,0,FAIL,FAIL,PASS,PASS
res_ff_125c_3.63v,res_ff,125,3.63,0,1,0.05,7.75,7.75,0,53.08,53.08,0,884.105,884.106,0.000113109,-0.9319,-0.9319,0,FAIL,FAIL,PASS,PASS
res_ff_125c_3.63v,res_ff,125,3.63,0,1,0.2,7.8,7.8,0,53.08,53.08,0,884.106,884.106,0,-0.9319,-0.9319,0,FAIL,FAIL,PASS,PASS
res_ff_125c_3.63v,res_ff,125,3.63,0,1,0.5,7.9,7.9,0,53.09,53.09,0,884.107,884.107,0,-0.9319,-0.9319,0,FAIL,FAIL,PASS,PASS
res_ff_125c_3.63v,res_ff,125,3.63,0,4.7,0.001,4.45,4.45,0,53.08,53.08,0,406.478,406.478,0,-0.9367,-0.9367,0,FAIL,FAIL,PASS,PASS
res_ff_125c_3.63v,res_ff,125,3.63,0,4.7,0.05,4.48,4.48,0,53.08,53.08,0,406.478,406.478,0,-0.9367,-0.9367,0,FAIL,FAIL,PASS,PASS
res_ff_125c_3.63v,res_ff,125,3.63,0,4.7,0.2,4.58,4.58,0,53.08,53.08,0,406.478,406.478,0,-0.9367,-0.9367,0,FAIL,FAIL,PASS,PASS
res_ff_125c_3.63v,res_ff,125,3.63,0,4.7,0.5,4.79,4.79,0,53.09,53.09,0,406.481,406.482,0.000246014,-0.9366,-0.9365,0.0001,FAIL,FAIL,PASS,PASS
res_ff_125c_3.63v,res_ff,125,3.63,0.1,0.33,0.001,64.26,64.26,0,25,25,0,77866.6,77866.6,0,-0.511,-0.511,0,PASS,PASS,PASS,PASS
res_ff_125c_3.63v,res_ff,125,3.63,0.1,0.33,0.05,64.71,64.71,0,26.49,26.49,0,77868.9,77868.9,0,-0.5107,-0.5107,0,PASS,PASS,PASS,PASS
res_ff_125c_3.63v,res_ff,125,3.63,0.1,0.33,0.2,66.09,66.09,0,33.57,33.57,0,77904.2,77904.2,0,-0.506,-0.506,0,PASS,PASS,PASS,PASS
res_ff_125c_3.63v,res_ff,125,3.63,0.1,0.33,0.5,68.81,68.81,0,42.99,42.99,0,78103.8,78103.8,0,-0.4797,-0.4797,0,PASS,PASS,PASS,PASS
res_ff_125c_3.63v,res_ff,125,3.63,0.1,1,0.001,70.41,70.41,0,35.13,35.13,0,24610.6,24610.6,0,-0.422,-0.422,0,PASS,PASS,PASS,PASS
res_ff_125c_3.63v,res_ff,125,3.63,0.1,1,0.05,70.84,70.84,0,42.73,42.73,0,24611.3,24611.3,0,-0.4217,-0.4217,0,PASS,PASS,PASS,PASS
res_ff_125c_3.63v,res_ff,125,3.63,0.1,1,0.2,72.17,72.17,0,50.81,50.81,0,24622.3,24622.3,0,-0.4664,-0.4664,0,PASS,PASS,PASS,PASS
res_ff_125c_3.63v,res_ff,125,3.63,0.1,1,0.5,74.87,74.87,0,45.64,45.64,0,24684.5,24684.5,0,-0.4422,-0.4422,0,PASS,PASS,PASS,PASS
res_ff_125c_3.63v,res_ff,125,3.63,0.1,4.7,0.001,40.65,40.65,0,53.6,53.6,0,7170.05,7170.05,0,-0.6844,-0.6844,0,FAIL,FAIL,PASS,PASS
res_ff_125c_3.63v,res_ff,125,3.63,0.1,4.7,0.05,41.25,41.25,0,53.1,53.1,0,7170.31,7170.3,-0.000139464,-0.6839,-0.6839,0,FAIL,FAIL,PASS,PASS
res_ff_125c_3.63v,res_ff,125,3.63,0.1,4.7,0.2,43.08,43.08,0,50.95,50.95,0,7174.13,7174.13,0,-0.6759,-0.6759,0,FAIL,FAIL,PASS,PASS
res_ff_125c_3.63v,res_ff,125,3.63,0.1,4.7,0.5,46.81,46.81,0,46.13,46.13,0,7195.67,7195.67,0,-0.7075,-0.7075,0,PASS,PASS,PASS,PASS
res_ff_125c_3.63v,res_ff,125,3.63,1,0.33,0.001,50.79,50.79,0,13.71,13.71,0,258415,258415,0,-0.5453,-0.5453,0,PASS,PASS,PASS,PASS
res_ff_125c_3.63v,res_ff,125,3.63,1,0.33,0.05,52.28,52.28,0,14.91,14.91,0,258492,258492,0,-0.5419,-0.5419,0,PASS,PASS,PASS,PASS
res_ff_125c_3.63v,res_ff,125,3.63,1,0.33,0.2,56.75,56.75,0,19.24,19.24,0,259661,259661,0,-0.5505,-0.5505,0,PASS,PASS,PASS,PASS
res_ff_125c_3.63v,res_ff,125,3.63,1,0.33,0.5,65.18,65.18,0,22.96,22.96,0,266454,266454,0,-0.4983,-0.4983,0,PASS,PASS,PASS,PASS
res_ff_125c_3.63v,res_ff,125,3.63,1,1,0.001,70.66,70.66,0,23.48,23.48,0,91211.6,91211.6,0,-0.4408,-0.4408,0,PASS,PASS,PASS,PASS
res_ff_125c_3.63v,res_ff,125,3.63,1,1,0.05,72.27,72.27,0,27.64,27.64,0,91248.9,91248.9,0,-0.437,-0.437,0,PASS,PASS,PASS,PASS
res_ff_125c_3.63v,res_ff,125,3.63,1,1,0.2,77.17,77.17,0,32.28,32.28,0,91825.7,91825.7,0,-0.4269,-0.4269,0,PASS,PASS,PASS,PASS
res_ff_125c_3.63v,res_ff,125,3.63,1,1,0.5,87,87,0,27.18,27.18,0,95277.4,95277.4,0,-0.4232,-0.4232,0,PASS,PASS,PASS,PASS
res_ff_125c_3.63v,res_ff,125,3.63,1,4.7,0.001,50.29,50.29,0,37.83,37.83,0,21676.7,21676.7,0,-0.5866,-0.5866,0,PASS,PASS,PASS,PASS
res_ff_125c_3.63v,res_ff,125,3.63,1,4.7,0.05,52.1,52.1,0,45.07,45.07,0,21684.6,21684.6,0,-0.5818,-0.5818,0,PASS,PASS,PASS,PASS
res_ff_125c_3.63v,res_ff,125,3.63,1,4.7,0.2,57.77,57.77,0,35.69,35.69,0,21805.8,21805.8,0,-0.5756,-0.5756,0,PASS,PASS,PASS,PASS
res_ff_125c_3.63v,res_ff,125,3.63,1,4.7,0.5,69.8,69.8,0,28.34,28.34,0,22522.4,22522.4,0,-0.5527,-0.5527,0,PASS,PASS,PASS,PASS
res_ff_125c_3.63v,res_ff,125,3.63,10,0.33,0.001,41.48,41.48,0,8.4,8.4,0,473259,473259,0,-0.5177,-0.5177,0,FAIL,FAIL,PASS,PASS
res_ff_125c_3.63v,res_ff,125,3.63,10,0.33,0.05,44.19,44.19,0,9.46,9.46,0,473742,473742,0,-0.5064,-0.5064,0,FAIL,FAIL,PASS,PASS
res_ff_125c_3.63v,res_ff,125,3.63,10,0.33,0.2,52.05,52.05,0,12.73,12.73,0,481302,481302,0,-0.5059,-0.5059,0,PASS,PASS,PASS,PASS
res_ff_125c_3.63v,res_ff,125,3.63,10,0.33,0.5,65.57,65.57,0,14.16,14.16,0,529802,529802,0,-0.445,-0.445,0,PASS,PASS,PASS,PASS
res_ff_125c_3.63v,res_ff,125,3.63,10,1,0.001,60.64,60.64,0,18.09,18.09,0,170463,170463,0,-0.5035,-0.5035,0,PASS,PASS,PASS,PASS
res_ff_125c_3.63v,res_ff,125,3.63,10,1,0.05,63.65,63.65,0,21.43,21.43,0,170680,170680,0,-0.4901,-0.4901,0,PASS,PASS,PASS,PASS
res_ff_125c_3.63v,res_ff,125,3.63,10,1,0.2,72.86,72.86,0,23.22,23.22,0,174163,174163,0,-0.4429,-0.4429,0,PASS,PASS,PASS,PASS
res_ff_125c_3.63v,res_ff,125,3.63,10,1,0.5,91.79,91.79,0,17.94,17.94,0,198525,198525,0,-0.3454,-0.3454,0,PASS,PASS,PASS,PASS
res_ff_125c_3.63v,res_ff,125,3.63,10,4.7,0.001,45.61,45.61,0,31.96,31.96,0,47350.4,47350.4,0,-0.6241,-0.6241,0,PASS,PASS,PASS,PASS
res_ff_125c_3.63v,res_ff,125,3.63,10,4.7,0.05,49.57,49.57,0,35.95,35.95,0,47430.2,47430.2,0,-0.6012,-0.6012,0,PASS,PASS,PASS,PASS
res_ff_125c_3.63v,res_ff,125,3.63,10,4.7,0.2,62.2,62.2,0,26.55,26.55,0,48692.6,48692.6,0,-0.5926,-0.5926,0,PASS,PASS,PASS,PASS
res_ff_125c_3.63v,res_ff,125,3.63,10,4.7,0.5,90.21,90.21,0,19.08,19.08,0,57711.5,57711.5,0,-0.3793,-0.3793,0,PASS,PASS,PASS,PASS
res_ff_125c_3.63v,res_ff,125,3.63,25,0.33,0.001,30.18,30.18,0,6.02,6.02,0,581984,581984,0,-0.5706,-0.5706,0,FAIL,FAIL,PASS,PASS
res_ff_125c_3.63v,res_ff,125,3.63,25,0.33,0.05,33.49,33.49,0,7.09,7.09,0,582801,582801,0,-0.5537,-0.5537,0,FAIL,FAIL,PASS,PASS
res_ff_125c_3.63v,res_ff,125,3.63,25,0.33,0.2,42.83,42.83,0,10.42,10.42,0,595742,595742,0,-0.5448,-0.5448,0,FAIL,FAIL,PASS,PASS
res_ff_125c_3.63v,res_ff,125,3.63,25,0.33,0.5,57.08,57.08,0,12,12,0,680145,680145,0,-0.4511,-0.4511,0,PASS,PASS,PASS,PASS
res_ff_125c_3.63v,res_ff,125,3.63,25,1,0.001,56.28,56.28,0,15.7,15.7,0,218722,218722,0,-0.4935,-0.4935,0,PASS,PASS,PASS,PASS
res_ff_125c_3.63v,res_ff,125,3.63,25,1,0.05,60.12,60.12,0,19.06,19.06,0,219174,219174,0,-0.4717,-0.4717,0,PASS,PASS,PASS,PASS
res_ff_125c_3.63v,res_ff,125,3.63,25,1,0.2,71.76,71.76,0,21.07,21.07,0,226580,226580,0,-0.4508,-0.4508,0,PASS,PASS,PASS,PASS
res_ff_125c_3.63v,res_ff,125,3.63,25,1,0.5,94.67,94.67,0,15.81,15.81,0,287021,287021,0,-0.2799,-0.2799,0,PASS,PASS,PASS,PASS
res_ff_125c_3.63v,res_ff,125,3.63,25,4.7,0.001,46.52,46.52,0,29.5,29.5,0,60375.7,60375.7,0,-0.5971,-0.5971,0,PASS,PASS,PASS,PASS
res_ff_125c_3.63v,res_ff,125,3.63,25,4.7,0.05,51.58,51.58,0,33.82,33.82,0,60543.7,60543.7,0,-0.6282,-0.6282,0,PASS,PASS,PASS,PASS
res_ff_125c_3.63v,res_ff,125,3.63,25,4.7,0.2,67.81,67.81,0,24.43,24.43,0,63282.3,63282.3,0,-0.5238,-0.5238,0,PASS,PASS,PASS,PASS
res_ff_125c_3.63v,res_ff,125,3.63,25,4.7,0.5,104.9,104.9,0,16.95,16.95,0,87398.9,87398.9,0,-0.288,-0.288,0,PASS,PASS,PASS,PASS
res_ff_125c_3.63v,res_ff,125,3.63,50,0.33,0.001,21.24,21.24,0,4.14,4.14,0,676808,676808,0,-0.5985,-0.5985,0,FAIL,FAIL,PASS,PASS
res_ff_125c_3.63v,res_ff,125,3.63,50,0.33,0.05,25.08,25.08,0,5.2,5.2,0,677989,677989,0,-0.5759,-0.5759,0,FAIL,FAIL,PASS,PASS
res_ff_125c_3.63v,res_ff,125,3.63,50,0.33,0.2,35.57,35.57,0,8.49,8.49,0,696946,696946,0,-0.5652,-0.5652,0,FAIL,FAIL,PASS,PASS
res_ff_125c_3.63v,res_ff,125,3.63,50,0.33,0.5,49.57,49.57,0,10.09,10.09,0,820252,820252,0,-0.5062,-0.5062,0,PASS,PASS,PASS,PASS
res_ff_125c_3.63v,res_ff,125,3.63,50,1,0.001,53.03,53.03,0,13.81,13.81,0,263336,263336,0,-0.4836,-0.4836,0,PASS,PASS,PASS,PASS
res_ff_125c_3.63v,res_ff,125,3.63,50,1,0.05,57.64,57.64,0,17.13,17.13,0,264115,264115,0,-0.5071,-0.5071,0,PASS,PASS,PASS,PASS
res_ff_125c_3.63v,res_ff,125,3.63,50,1,0.2,71.36,71.36,0,19.16,19.16,0,277228,277228,0,-0.4378,-0.4378,0,PASS,PASS,PASS,PASS
res_ff_125c_3.63v,res_ff,125,3.63,50,1,0.5,95.1,95.1,0,13.91,13.91,0,405123,405123,0,-0.2315,-0.2315,0,PASS,PASS,PASS,PASS
res_ff_125c_3.63v,res_ff,125,3.63,50,4.7,0.001,47.93,47.93,0,27.58,27.58,0,71352.4,71352.4,0,-0.5816,-0.5816,0,PASS,PASS,PASS,PASS
res_ff_125c_3.63v,res_ff,125,3.63,50,4.7,0.05,53.92,53.92,0,31.91,31.91,0,71635,71635,0,-0.5966,-0.5966,0,PASS,PASS,PASS,PASS
res_ff_125c_3.63v,res_ff,125,3.63,50,4.7,0.2,73.24,73.24,0,22.53,22.53,0,76401.9,76401.9,0,-0.5019,-0.5019,0,PASS,PASS,PASS,PASS
res_ff_125c_3.63v,res_ff,125,3.63,50,4.7,0.5,118.87,118.87,0,15.04,15.04,0,135417,135417,0,-0.1641,-0.1641,0,PASS,PASS,PASS,PASS
res_ff_27c_2.97v,res_ff,27,2.97,0,0.33,0.001,18.61,18.61,0,53.11,53.11,0,2186.92,2186.92,0,-0.8579,-0.8579,0,FAIL,FAIL,PASS,PASS
res_ff_27c_2.97v,res_ff,27,2.97,0,0.33,0.05,18.62,18.62,0,53.11,53.11,0,2186.92,2186.92,0,-0.8579,-0.8579,0,FAIL,FAIL,PASS,PASS
res_ff_27c_2.97v,res_ff,27,2.97,0,0.33,0.2,18.66,18.66,0,53.11,53.11,0,2186.92,2186.92,0,-0.8579,-0.8579,0,FAIL,FAIL,PASS,PASS
res_ff_27c_2.97v,res_ff,27,2.97,0,0.33,0.5,18.74,18.74,0,53.1,53.1,0,2186.92,2186.92,0,-0.8578,-0.8578,0,FAIL,FAIL,PASS,PASS
res_ff_27c_2.97v,res_ff,27,2.97,0,1,0.001,10.83,10.83,0,53.1,53.1,0,1233.72,1233.72,0,-0.8357,-0.8357,0,FAIL,FAIL,PASS,PASS
res_ff_27c_2.97v,res_ff,27,2.97,0,1,0.05,10.85,10.85,0,53.1,53.1,0,1233.72,1233.72,0,-0.8357,-0.8357,0,FAIL,FAIL,PASS,PASS
res_ff_27c_2.97v,res_ff,27,2.97,0,1,0.2,10.92,10.92,0,53.1,53.1,0,1233.72,1233.72,0,-0.8357,-0.8357,0,FAIL,FAIL,PASS,PASS
res_ff_27c_2.97v,res_ff,27,2.97,0,1,0.5,11.05,11.05,0,53.09,53.09,0,1233.73,1233.73,0,-0.8356,-0.8356,0,FAIL,FAIL,PASS,PASS
res_ff_27c_2.97v,res_ff,27,2.97,0,4.7,0.001,5.2,5.2,0,53.1,53.1,0,565.088,565.088,0,-0.9117,-0.9117,0,FAIL,FAIL,PASS,PASS
res_ff_27c_2.97v,res_ff,27,2.97,0,4.7,0.05,5.25,5.25,0,53.1,53.1,0,565.088,565.088,0,-0.9117,-0.9117,0,FAIL,FAIL,PASS,PASS
res_ff_27c_2.97v,res_ff,27,2.97,0,4.7,0.2,5.39,5.39,0,53.09,53.09,0,565.089,565.089,0,-0.9117,-0.9117,0,FAIL,FAIL,PASS,PASS
res_ff_27c_2.97v,res_ff,27,2.97,0,4.7,0.5,5.68,5.68,0,53.08,53.08,0,565.097,565.097,0,-0.9114,-0.9114,0,FAIL,FAIL,PASS,PASS
res_ff_27c_2.97v,res_ff,27,2.97,0.1,0.33,0.001,63.3,63.3,0,23.25,23.25,0,87404.4,87404.4,0,-0.5136,-0.5136,0,PASS,PASS,PASS,PASS
res_ff_27c_2.97v,res_ff,27,2.97,0.1,0.33,0.05,63.8,63.8,0,24.59,24.59,0,87407.6,87407.6,0,-0.5133,-0.5133,0,PASS,PASS,PASS,PASS
res_ff_27c_2.97v,res_ff,27,2.97,0.1,0.33,0.2,65.77,65.35,-0.42,30.48,30.36,-0.12,88353.8,87456.9,-1.01512,-0.4632,-0.5073,-0.0441,PASS,PASS,PASS,PASS
res_ff_27c_2.97v,res_ff,27,2.97,0.1,0.33,0.5,68.39,68.84,0.45,39.3,38.87,-0.43,87735.9,88642.2,1.03299,-0.4742,-0.4843,-0.0101,PASS,PASS,PASS,PASS
res_ff_27c_2.97v,res_ff,27,2.97,0.1,1,0.001,71.43,71.43,0,33.27,33.27,0,27580.7,27580.7,0,-0.4226,-0.4226,0,PASS,PASS,PASS,PASS
res_ff_27c_2.97v,res_ff,27,2.97,0.1,1,0.05,71.92,71.92,0,38.96,38.96,0,27581.7,27581.7,0,-0.4222,-0.4222,0,PASS,PASS,PASS,PASS
res_ff_27c_2.97v,res_ff,27,2.97,0.1,1,0.2,73.84,73.42,-0.42,48.23,48.78,0.55,27784.7,27597.6,-0.673392,-0.4069,-0.4169,-0.01,PASS,PASS,PASS,PASS
res_ff_27c_2.97v,res_ff,27,2.97,0.1,1,0.5,76.44,76.89,0.45,43.08,42.61,-0.47,27687.4,27876.7,0.683705,-0.4343,-0.4239,0.0104,PASS,PASS,PASS,PASS
res_ff_27c_2.97v,res_ff,27,2.97,0.1,4.7,0.001,41.56,41.56,0,54.27,54.27,0,7856.47,7856.47,0,-0.6869,-0.6869,0,FAIL,FAIL,PASS,PASS
res_ff_27c_2.97v,res_ff,27,2.97,0.1,4.7,0.05,42.21,42.21,0,53.39,53.39,0,7856.8,7856.8,0,-0.6863,-0.6863,0,FAIL,FAIL,PASS,PASS
res_ff_27c_2.97v,res_ff,27,2.97,0.1,4.7,0.2,44.53,44.22,-0.31,49.32,49.71,0.39,7876.53,7861.88,-0.185996,-0.7262,-0.6767,0.0495,FAIL,FAIL,PASS,PASS
res_ff_27c_2.97v,res_ff,27,2.97,0.1,4.7,0.5,48.31,48.64,0.33,43.83,43.39,-0.44,7890.52,7905.39,0.188454,-0.6984,-0.6718,0.0266,PASS,PASS,PASS,PASS
res_ff_27c_2.97v,res_ff,27,2.97,1,0.33,0.001,55.77,54.5,-1.27,13.54,13.74,0.2,249104,244848,-1.70852,-0.5236,-0.533,-0.0094,PASS,PASS,PASS,PASS
res_ff_27c_2.97v,res_ff,27,2.97,1,0.33,0.05,55.91,55.91,0,14.81,14.81,0,244916,244916,0,-0.53,-0.53,0,PASS,PASS,PASS,PASS
res_ff_27c_2.97v,res_ff,27,2.97,1,0.33,0.2,61.53,60.16,-1.37,18.05,18.45,0.4,250309,245970,-1.73346,-0.4725,-0.4837,-0.0112,PASS,PASS,PASS,PASS
res_ff_27c_2.97v,res_ff,27,2.97,1,0.33,0.5,69.79,68.27,-1.52,21.02,21.58,0.56,256923,252118,-1.87021,-0.4747,-0.5004,-0.0257,PASS,PASS,PASS,PASS
res_ff_27c_2.97v,res_ff,27,2.97,1,1,0.001,69.82,69.04,-0.78,23.29,23.49,0.2,84766.2,84170.5,-0.702757,-0.4312,-0.4443,-0.0131,PASS,PASS,PASS,PASS
res_ff_27c_2.97v,res_ff,27,2.97,1,1,0.05,70.53,70.53,0,27.05,27.05,0,84199,84199,0,-0.4411,-0.4411,0,PASS,PASS,PASS,PASS
res_ff_27c_2.97v,res_ff,27,2.97,1,1,0.2,75.91,75.08,-0.83,30.38,30.92,0.54,85251.3,84643.2,-0.713303,-0.4265,-0.4404,-0.0139,PASS,PASS,PASS,PASS
res_ff_27c_2.97v,res_ff,27,2.97,1,1,0.5,85.24,84.34,-0.9,25.54,25.98,0.44,87963.6,87283.2,-0.773502,-0.4249,-0.3977,0.0272,PASS,PASS,PASS,PASS
res_ff_27c_2.97v,res_ff,27,2.97,1,4.7,0.001,45.13,44.74,-0.39,37.49,37.7,0.21,22071.3,22034.8,-0.165373,-0.6908,-0.6411,0.0497,PASS,FAIL,PASS,PASS
res_ff_27c_2.97v,res_ff,27,2.97,1,4.7,0.05,46.58,46.58,0,43.75,43.75,0,22042.5,22042.5,0,-0.6362,-0.6362,0,PASS,PASS,PASS,PASS
res_ff_27c_2.97v,res_ff,27,2.97,1,4.7,0.2,52.74,52.33,-0.41,34.14,34.54,0.4,22198.4,22161,-0.168481,-0.6808,-0.6324,0.0484,PASS,PASS,PASS,PASS
res_ff_27c_2.97v,res_ff,27,2.97,1,4.7,0.5,64.88,64.44,-0.44,26.81,27.2,0.39,22900,22856.9,-0.18821,-0.6025,-0.6261,-0.0236,PASS,PASS,PASS,PASS
res_ff_27c_2.97v,res_ff,27,2.97,10,0.33,0.001,37.91,37.83,-0.08,7.61,7.61,0,475179,474681,-0.104803,-0.5485,-0.5601,-0.0116,FAIL,FAIL,PASS,PASS
res_ff_27c_2.97v,res_ff,27,2.97,10,0.33,0.05,40.63,40.63,0,8.61,8.61,0,475651,475651,0,-0.5371,-0.5371,0,FAIL,FAIL,PASS,PASS
res_ff_27c_2.97v,res_ff,27,2.97,10,0.33,0.2,48.48,48.39,-0.09,11.71,11.71,0,483105,482571,-0.110535,-0.5395,-0.4935,0.046,PASS,PASS,PASS,PASS
res_ff_27c_2.97v,res_ff,27,2.97,10,0.33,0.5,61.69,61.79,0.1,13.54,13.53,-0.01,529756,530532,0.146483,-0.4627,-0.4492,0.0135,PASS,PASS,PASS,PASS
res_ff_27c_2.97v,res_ff,27,2.97,10,1,0.001,59.08,59.02,-0.06,17.3,17.3,0,173243,173190,-0.0305929,-0.4622,-0.4652,-0.003,PASS,PASS,PASS,PASS
res_ff_27c_2.97v,res_ff,27,2.97,10,1,0.05,62.13,62.13,0,20.42,20.42,0,173468,173468,0,-0.5025,-0.5025,0,PASS,PASS,PASS,PASS
res_ff_27c_2.97v,res_ff,27,2.97,10,1,0.2,71.46,71.4,-0.06,22.7,22.7,0,177102,177044,-0.0327495,-0.4493,-0.4524,-0.0031,PASS,PASS,PASS,PASS
res_ff_27c_2.97v,res_ff,27,2.97,10,1,0.5,90.4,90.48,0.08,17.66,17.66,0,202575,202676,0.0498581,-0.3636,-0.36,0.0036,PASS,PASS,PASS,PASS
res_ff_27c_2.97v,res_ff,27,2.97,10,4.7,0.001,45.23,45.21,-0.02,31.11,31.11,0,48271.2,48268.2,-0.00621489,-0.6001,-0.6009,-0.0008,PASS,PASS,PASS,PASS
res_ff_27c_2.97v,res_ff,27,2.97,10,4.7,0.05,49.27,49.27,0,35.49,35.49,0,48355,48355,0,-0.646,-0.646,0,PASS,PASS,PASS,PASS
res_ff_27c_2.97v,res_ff,27,2.97,10,4.7,0.2,62.14,62.11,-0.03,26.31,26.32,0.01,49693.1,49689.5,-0.00724447,-0.5567,-0.5575,-0.0008,PASS,PASS,PASS,PASS
res_ff_27c_2.97v,res_ff,27,2.97,10,4.7,0.5,90.63,90.66,0.03,18.88,18.88,0,59343,59350.7,0.0129754,-0.3794,-0.3784,0.001,PASS,PASS,PASS,PASS
res_ff_27c_2.97v,res_ff,27,2.97,25,0.33,0.001,25.22,25.22,0,4.92,4.92,0,596095,596095,0,-0.5817,-0.5817,0,FAIL,FAIL,PASS,PASS
res_ff_27c_2.97v,res_ff,27,2.97,25,0.33,0.05,28.61,28.63,0.02,5.91,5.91,0,596934,596892,-0.00703595,-0.5641,-0.5649,-0.0008,FAIL,FAIL,PASS,PASS
res_ff_27c_2.97v,res_ff,27,2.97,25,0.33,0.2,38.06,38.08,0.02,9,9.01,0.01,610297,610252,-0.00737346,-0.5539,-0.5548,-0.0009,FAIL,FAIL,PASS,PASS
res_ff_27c_2.97v,res_ff,27,2.97,25,0.33,0.5,51.98,51.98,0,10.94,10.94,0,696251,696251,0,-0.4717,-0.4717,0,PASS,PASS,PASS,PASS
res_ff_27c_2.97v,res_ff,27,2.97,25,1,0.001,54.79,54.79,0,14.58,14.58,0,227584,227584,0,-0.4991,-0.4991,0,PASS,PASS,PASS,PASS
res_ff_27c_2.97v,res_ff,27,2.97,25,1,0.05,58.78,58.78,0,17.68,17.69,0.01,228088,228076,-0.00526113,-0.4757,-0.4763,-0.0006,PASS,PASS,PASS,PASS
res_ff_27c_2.97v,res_ff,27,2.97,25,1,0.2,70.77,70.78,0.01,20.1,20.11,0.01,236450,236436,-0.00592091,-0.4282,-0.4287,-0.0005,PASS,PASS,PASS,PASS
res_ff_27c_2.97v,res_ff,27,2.97,25,1,0.5,93.55,93.55,0,15.1,15.1,0,306736,306736,0,-0.2843,-0.2843,0,PASS,PASS,PASS,PASS
res_ff_27c_2.97v,res_ff,27,2.97,25,4.7,0.001,47.37,47.37,0,28.34,28.34,0,61827.3,61827.3,0,-0.5787,-0.5787,0,PASS,PASS,PASS,PASS
res_ff_27c_2.97v,res_ff,27,2.97,25,4.7,0.05,52.55,52.55,0,32.92,32.93,0.01,62009,62007.7,-0.00209647,-0.6073,-0.6075,-0.0002,PASS,PASS,PASS,PASS
res_ff_27c_2.97v,res_ff,27,2.97,25,4.7,0.2,69.19,69.19,0,23.76,23.78,0.02,65010.1,65008.5,-0.00246116,-0.5302,-0.5305,-0.0003,PASS,PASS,PASS,PASS
res_ff_27c_2.97v,res_ff,27,2.97,25,4.7,0.5,107.57,107.57,0,16.33,16.33,0,92986.3,92986.3,0,-0.2401,-0.2401,0,PASS,PASS,PASS,PASS
res_ff_27c_2.97v,res_ff,27,2.97,50,0.33,0.001,15.49,15.49,0,2.95,2.95,0,696069,696069,0,-0.6357,-0.6357,0,FAIL,FAIL,PASS,PASS
res_ff_27c_2.97v,res_ff,27,2.97,50,0.33,0.05,19.43,19.43,0,3.93,3.93,0,697272,697272,0,-0.6122,-0.6122,0,FAIL,FAIL,PASS,PASS
res_ff_27c_2.97v,res_ff,27,2.97,50,0.33,0.2,30.07,30.07,0,6.98,6.98,0,716853,716853,0,-0.6002,-0.6002,0,FAIL,FAIL,PASS,PASS
res_ff_27c_2.97v,res_ff,27,2.97,50,0.33,0.5,43.58,43.58,0,8.9,8.9,0,841585,841585,0,-0.5145,-0.5145,0,FAIL,FAIL,PASS,PASS
res_ff_27c_2.97v,res_ff,27,2.97,50,1,0.001,51.09,51.09,0,12.6,12.6,0,276660,276660,0,-0.5087,-0.5087,0,PASS,PASS,PASS,PASS
res_ff_27c_2.97v,res_ff,27,2.97,50,1,0.05,55.92,55.92,0,15.65,15.65,0,277548,277548,0,-0.4746,-0.4746,0,PASS,PASS,PASS,PASS
res_ff_27c_2.97v,res_ff,27,2.97,50,1,0.2,70.08,70.08,0,18.06,18.06,0,292764,292764,0,-0.4613,-0.4613,0,PASS,PASS,PASS,PASS
res_ff_27c_2.97v,res_ff,27,2.97,50,1,0.5,91.99,91.99,0,13.07,13.07,0,446591,446591,0,-0.2316,-0.2316,0,PASS,PASS,PASS,PASS
res_ff_27c_2.97v,res_ff,27,2.97,50,4.7,0.001,49.26,49.26,0,26.33,26.33,0,73442.2,73442.2,0,-0.5668,-0.5668,0,PASS,PASS,PASS,PASS
res_ff_27c_2.97v,res_ff,27,2.97,50,4.7,0.05,55.42,55.42,0,30.89,30.89,0,73754,73754,0,-0.5779,-0.5779,0,PASS,PASS,PASS,PASS
res_ff_27c_2.97v,res_ff,27,2.97,50,4.7,0.2,75.34,75.34,0,21.74,21.74,0,79121.1,79121.1,0,-0.4787,-0.4787,0,PASS,PASS,PASS,PASS
res_ff_27c_2.97v,res_ff,27,2.97,50,4.7,0.5,122.7,122.7,0,14.29,14.29,0,158324,158324,0,-0.1245,-0.1245,0,PASS,PASS,PASS,PASS
res_ff_27c_3.30v,res_ff,27,3.3,0,0.33,0.001,19.62,19.62,0,53.03,53.03,0,2313.05,2313.05,0,-0.877,-0.877,0,FAIL,FAIL,PASS,PASS
res_ff_27c_3.30v,res_ff,27,3.3,0,0.33,0.05,19.63,19.63,0,53.03,53.03,0,2313.05,2313.05,0,-0.877,-0.877,0,FAIL,FAIL,PASS,PASS
res_ff_27c_3.30v,res_ff,27,3.3,0,0.33,0.2,19.67,19.67,0,53.03,53.03,0,2313.05,2313.05,0,-0.877,-0.877,0,FAIL,FAIL,PASS,PASS
res_ff_27c_3.30v,res_ff,27,3.3,0,0.33,0.5,19.75,19.75,0,53.02,53.02,0,2313.06,2313.06,0,-0.877,-0.877,0,FAIL,FAIL,PASS,PASS
res_ff_27c_3.30v,res_ff,27,3.3,0,1,0.001,11.43,11.43,0,53.02,53.02,0,1302.21,1302.21,0,-0.8941,-0.8941,0,FAIL,FAIL,PASS,PASS
res_ff_27c_3.30v,res_ff,27,3.3,0,1,0.05,11.45,11.45,0,53.02,53.02,0,1302.21,1302.21,0,-0.8941,-0.8941,0,FAIL,FAIL,PASS,PASS
res_ff_27c_3.30v,res_ff,27,3.3,0,1,0.2,11.52,11.52,0,53.02,53.02,0,1302.21,1302.21,0,-0.8941,-0.8941,0,FAIL,FAIL,PASS,PASS
res_ff_27c_3.30v,res_ff,27,3.3,0,1,0.5,11.66,11.66,0,53.02,53.02,0,1302.21,1302.21,0,-0.894,-0.894,0,FAIL,FAIL,PASS,PASS
res_ff_27c_3.30v,res_ff,27,3.3,0,4.7,0.001,5.51,5.51,0,53.02,53.02,0,595.985,595.986,0.000167789,-0.8867,-0.8866,0.0001,FAIL,FAIL,PASS,PASS
res_ff_27c_3.30v,res_ff,27,3.3,0,4.7,0.05,5.56,5.56,0,53.02,53.02,0,595.985,595.986,0.000167789,-0.8866,-0.8866,0,FAIL,FAIL,PASS,PASS
res_ff_27c_3.30v,res_ff,27,3.3,0,4.7,0.2,5.71,5.71,0,53.02,53.02,0,595.987,595.987,0,-0.8866,-0.8866,0,FAIL,FAIL,PASS,PASS
res_ff_27c_3.30v,res_ff,27,3.3,0,4.7,0.5,6.01,6.01,0,53.01,53.01,0,595.997,595.997,0,-0.8863,-0.8863,0,FAIL,FAIL,PASS,PASS
res_ff_27c_3.30v,res_ff,27,3.3,0.1,0.33,0.001,59.34,59.34,0,22.91,22.91,0,99482.7,99482.7,0,-0.52,-0.52,0,PASS,PASS,PASS,PASS
res_ff_27c_3.30v,res_ff,27,3.3,0.1,0.33,0.05,59.92,60.3,0.38,24.42,24.5,0.08,99487.2,100502,1.02003,-0.5195,-0.5316,-0.0121,PASS,PASS,PASS,PASS
res_ff_27c_3.30v,res_ff,27,3.3,0.1,0.33,0.2,61.67,61.67,0,31.49,31.49,0,99555.6,99555.6,0,-0.5118,-0.5118,0,PASS,PASS,PASS,PASS
res_ff_27c_3.30v,res_ff,27,3.3,0.1,0.33,0.5,65.12,65.12,0,40.18,40.18,0,99941.5,99941.5,0,-0.5277,-0.5277,0,PASS,PASS,PASS,PASS
res_ff_27c_3.30v,res_ff,27,3.3,0.1,1,0.001,73.1,73.1,0,32.92,32.92,0,32344.6,32344.6,0,-0.4233,-0.4233,0,PASS,PASS,PASS,PASS
res_ff_27c_3.30v,res_ff,27,3.3,0.1,1,0.05,73.67,74.05,0.38,39.77,40.02,0.25,32346.3,32577.7,0.715383,-0.4228,-0.4103,0.0125,PASS,PASS,PASS,PASS
res_ff_27c_3.30v,res_ff,27,3.3,0.1,1,0.2,75.42,75.42,0,49.15,49.15,0,32372.9,32372.9,0,-0.4154,-0.4154,0,PASS,PASS,PASS,PASS
res_ff_27c_3.30v,res_ff,27,3.3,0.1,1,0.5,78.95,78.95,0,43.28,43.28,0,32524,32524,0,-0.4198,-0.4198,0,PASS,PASS,PASS,PASS
res_ff_27c_3.30v,res_ff,27,3.3,0.1,4.7,0.001,45.22,45.22,0,54.15,54.15,0,8577.37,8577.37,0,-0.6382,-0.6382,0,PASS,PASS,PASS,PASS
res_ff_27c_3.30v,res_ff,27,3.3,0.1,4.7,0.05,45.94,46.25,0.31,53.34,53.31,-0.03,8577.83,8596.19,0.21404,-0.6374,-0.6812,-0.0438,PASS,PASS,PASS,PASS
res_ff_27c_3.30v,res_ff,27,3.3,0.1,4.7,0.2,48.14,48.14,0,49.83,49.83,0,8584.74,8584.74,0,-0.626,-0.626,0,PASS,PASS,PASS,PASS
res_ff_27c_3.30v,res_ff,27,3.3,0.1,4.7,0.5,52.62,52.62,0,43.94,43.94,0,8623.8,8623.8,0,-0.6341,-0.6341,0,PASS,PASS,PASS,PASS
res_ff_27c_3.30v,res_ff,27,3.3,1,0.33,0.001,49.88,49.88,0,13.24,13.24,0,281092,281092,0,-0.5682,-0.5682,0,PASS,PASS,PASS,PASS
res_ff_27c_3.30v,res_ff,27,3.3,1,0.33,0.05,51.5,51.5,0,14.48,14.48,0,281190,281190,0,-0.5641,-0.5641,0,PASS,PASS,PASS,PASS
res_ff_27c_3.30v,res_ff,27,3.3,1,0.33,0.2,56.34,56.34,0,18.9,18.9,0,282697,282697,0,-0.563,-0.563,0,PASS,PASS,PASS,PASS
res_ff_27c_3.30v,res_ff,27,3.3,1,0.33,0.5,65.45,65.45,0,22.16,22.16,0,291515,291515,0,-0.5143,-0.5143,0,PASS,PASS,PASS,PASS
res_ff_27c_3.30v,res_ff,27,3.3,1,1,0.001,69.1,69.1,0,23,23,0,99956.4,99956.4,0,-0.4536,-0.4536,0,PASS,PASS,PASS,PASS
res_ff_27c_3.30v,res_ff,27,3.3,1,1,0.05,70.86,70.86,0,27.25,27.25,0,100004,100004,0,-0.449,-0.449,0,PASS,PASS,PASS,PASS
res_ff_27c_3.30v,res_ff,27,3.3,1,1,0.2,76.24,76.24,0,31.36,31.36,0,100751,100751,0,-0.4279,-0.4279,0,PASS,PASS,PASS,PASS
res_ff_27c_3.30v,res_ff,27,3.3,1,1,0.5,87.05,87.05,0,26.08,26.08,0,105269,105269,0,-0.4088,-0.4088,0,PASS,PASS,PASS,PASS
res_ff_27c_3.30v,res_ff,27,3.3,1,4.7,0.001,49.34,49.34,0,37.24,37.24,0,24365,24365,0,-0.6371,-0.6371,0,PASS,PASS,PASS,PASS
res_ff_27c_3.30v,res_ff,27,3.3,1,4.7,0.05,51.38,51.38,0,44.1,44.1,0,24376.1,24376.1,0,-0.6309,-0.6309,0,PASS,PASS,PASS,PASS
res_ff_27c_3.30v,res_ff,27,3.3,1,4.7,0.2,57.77,57.77,0,34.57,34.57,0,24547.5,24547.5,0,-0.6051,-0.6051,0,PASS,PASS,PASS,PASS
res_ff_27c_3.30v,res_ff,27,3.3,1,4.7,0.5,71.41,71.41,0,27.17,27.17,0,25574.8,25574.8,0,-0.5374,-0.5374,0,PASS,PASS,PASS,PASS
res_ff_27c_3.30v,res_ff,27,3.3,10,0.33,0.001,35.5,35.4,-0.1,7.51,7.5,-0.01,526085,525358,-0.138191,-0.5315,-0.5473,-0.0158,FAIL,FAIL,PASS,PASS
res_ff_27c_3.30v,res_ff,27,3.3,10,0.33,0.05,38.4,38.4,0,8.66,8.66,0,525976,525976,0,-0.5334,-0.5334,0,FAIL,FAIL,PASS,PASS
res_ff_27c_3.30v,res_ff,27,3.3,10,0.33,0.2,47,47,0,12.36,12.36,0,535636,535636,0,-0.5675,-0.5675,0,PASS,PASS,PASS,PASS
res_ff_27c_3.30v,res_ff,27,3.3,10,0.33,0.5,61.12,61.12,0,14.04,14.04,0,597507,597507,0,-0.4802,-0.4802,0,PASS,PASS,PASS,PASS
res_ff_27c_3.30v,res_ff,27,3.3,10,1,0.001,59.01,58.94,-0.07,17.2,17.2,0,195706,195625,-0.0413886,-0.5056,-0.5097,-0.0041,PASS,PASS,PASS,PASS
res_ff_27c_3.30v,res_ff,27,3.3,10,1,0.05,62.38,62.38,0,20.9,20.9,0,195955,195955,0,-0.4921,-0.4921,0,PASS,PASS,PASS,PASS
res_ff_27c_3.30v,res_ff,27,3.3,10,1,0.2,72.84,72.84,0,23.08,23.08,0,201264,201264,0,-0.4322,-0.4322,0,PASS,PASS,PASS,PASS
res_ff_27c_3.30v,res_ff,27,3.3,10,1,0.5,93.83,93.83,0,17.71,17.71,0,241138,241138,0,-0.3211,-0.3211,0,PASS,PASS,PASS,PASS
res_ff_27c_3.30v,res_ff,27,3.3,10,4.7,0.001,47.61,47.58,-0.03,31.07,31.06,-0.01,52971.4,52966.8,-0.00868393,-0.6399,-0.641,-0.0011,PASS,PASS,PASS,PASS
res_ff_27c_3.30v,res_ff,27,3.3,10,4.7,0.05,52.02,52.02,0,35.8,35.8,0,53081.8,53081.8,0,-0.6121,-0.6121,0,PASS,PASS,PASS,PASS
res_ff_27c_3.30v,res_ff,27,3.3,10,4.7,0.2,66.22,66.22,0,26.3,26.3,0,54928.4,54928.4,0,-0.5674,-0.5674,0,PASS,PASS,PASS,PASS
res_ff_27c_3.30v,res_ff,27,3.3,10,4.7,0.5,98.45,98.45,0,18.8,18.8,0,69493.8,69493.8,0,-0.3393,-0.3393,0,PASS,PASS,PASS,PASS
res_ff_27c_3.30v,res_ff,27,3.3,25,0.33,0.001,23.2,23.2,0,4.84,4.84,0,650273,650273,0,-0.6023,-0.6023,0,FAIL,FAIL,PASS,PASS
res_ff_27c_3.30v,res_ff,27,3.3,25,0.33,0.05,26.92,26.9,-0.02,6,5.99,-0.01,651276,651325,0.00752369,-0.5821,-0.5812,0.0009,FAIL,FAIL,PASS,PASS
res_ff_27c_3.30v,res_ff,27,3.3,25,0.33,0.2,37.16,37.14,-0.02,9.69,9.68,-0.01,667883,667937,0.00808525,-0.6008,-0.5998,0.001,FAIL,FAIL,PASS,PASS
res_ff_27c_3.30v,res_ff,27,3.3,25,0.33,0.5,51.74,51.72,-0.02,11.49,11.48,-0.01,774643,774729,0.0111019,-0.5127,-0.5116,0.0011,PASS,PASS,PASS,PASS
res_ff_27c_3.30v,res_ff,27,3.3,25,1,0.001,53.93,53.93,0,14.51,14.51,0,255714,255715,0.000391062,-0.4903,-0.4903,0,PASS,PASS,PASS,PASS
res_ff_27c_3.30v,res_ff,27,3.3,25,1,0.05,58.4,58.4,0,18.2,18.19,-0.01,256423,256438,0.00584971,-0.5159,-0.5153,0.0006,PASS,PASS,PASS,PASS
res_ff_27c_3.30v,res_ff,27,3.3,25,1,0.2,71.71,71.7,-0.01,20.55,20.53,-0.02,268384,268402,0.00670681,-0.4241,-0.4235,0.0006,PASS,PASS,PASS,PASS
res_ff_27c_3.30v,res_ff,27,3.3,25,1,0.5,95.18,95.16,-0.02,15.21,15.19,-0.02,378793,378843,0.0131998,-0.2401,-0.2394,0.0007,PASS,PASS,PASS,PASS
res_ff_27c_3.30v,res_ff,27,3.3,25,4.7,0.001,49.37,49.37,0,28.31,28.31,0,68096.2,68096.2,0,-0.5779,-0.5779,0,PASS,PASS,PASS,PASS
res_ff_27c_3.30v,res_ff,27,3.3,25,4.7,0.05,55.08,55.08,0,33.29,33.27,-0.02,68347.2,68349,0.00263361,-0.5961,-0.5958,0.0003,PASS,PASS,PASS,PASS
res_ff_27c_3.30v,res_ff,27,3.3,25,4.7,0.2,73.53,73.53,0,23.81,23.79,-0.02,72559.9,72562.2,0.00316979,-0.4956,-0.4953,0.0003,PASS,PASS,PASS,PASS
res_ff_27c_3.30v,res_ff,27,3.3,25,4.7,0.5,117.44,117.44,0,16.31,16.28,-0.03,121931,121947,0.0131222,-0.164,-0.1635,0.0005,PASS,PASS,PASS,PASS
res_ff_27c_3.30v,res_ff,27,3.3,50,0.33,0.001,13.83,13.83,0,2.83,2.83,0,754860,754860,0,-0.658,-0.658,0,FAIL,FAIL,PASS,PASS
res_ff_27c_3.30v,res_ff,27,3.3,50,0.33,0.05,18.09,18.09,0,3.97,3.97,0,756472,756472,0,-0.628,-0.628,0,FAIL,FAIL,PASS,PASS
res_ff_27c_3.30v,res_ff,27,3.3,50,0.33,0.2,29.58,29.58,0,7.59,7.59,0,780504,780504,0,-0.6396,-0.6396,0,FAIL,FAIL,PASS,PASS
res_ff_27c_3.30v,res_ff,27,3.3,50,0.33,0.5,43.69,43.68,-0.01,9.41,9.4,-0.01,932482,932696,0.0229495,-0.5387,-0.5362,0.0025,FAIL,FAIL,PASS,PASS
res_ff_27c_3.30v,res_ff,27,3.3,50,1,0.001,49.62,49.62,0,12.49,12.49,0,310538,310538,0,-0.5149,-0.5149,0,PASS,PASS,PASS,PASS
res_ff_27c_3.30v,res_ff,27,3.3,50,1,0.05,55.02,55.02,0,16.1,16.1,0,311824,311824,0,-0.5263,-0.5263,0,PASS,PASS,PASS,PASS
res_ff_27c_3.30v,res_ff,27,3.3,50,1,0.2,70.6,70.6,0,18.45,18.45,0,333430,333430,0,-0.4305,-0.4305,0,PASS,PASS,PASS,PASS
res_ff_27c_3.30v,res_ff,27,3.3,50,1,0.5,89.85,89.85,0,13.13,13.13,0,564412,564570,0.0279937,-0.249,-0.2476,0.0014,PASS,PASS,PASS,PASS
res_ff_27c_3.30v,res_ff,27,3.3,50,4.7,0.001,51.06,51.06,0,26.26,26.26,0,81333.9,81333.9,0,-0.5692,-0.5692,0,PASS,PASS,PASS,PASS
res_ff_27c_3.30v,res_ff,27,3.3,50,4.7,0.05,57.89,57.89,0,31.2,31.2,0,81778.4,81778.4,0,-0.565,-0.565,0,PASS,PASS,PASS,PASS
res_ff_27c_3.30v,res_ff,27,3.3,50,4.7,0.2,80.14,80.14,0,21.73,21.73,0,89538.3,89538.3,0,-0.47,-0.47,0,PASS,PASS,PASS,PASS
res_ff_27c_3.30v,res_ff,27,3.3,50,4.7,0.5,127.27,127.27,0,14.23,14.22,-0.01,304036,304164,0.0421003,-0.07359,-0.07295,0.00064,PASS,PASS,PASS,PASS
res_ff_27c_3.63v,res_ff,27,3.63,0,0.33,0.001,20.55,20.55,0,52.98,52.98,0,2429.36,2429.36,0,-0.8233,-0.8233,0,FAIL,FAIL,PASS,PASS
res_ff_27c_3.63v,res_ff,27,3.63,0,0.33,0.05,20.56,20.56,0,52.98,52.98,0,2429.36,2429.36,0,-0.8233,-0.8233,0,FAIL,FAIL,PASS,PASS
res_ff_27c_3.63v,res_ff,27,3.63,0,0.33,0.2,20.61,20.61,0,52.98,52.98,0,2429.36,2429.36,0,-0.8233,-0.8233,0,FAIL,FAIL,PASS,PASS
res_ff_27c_3.63v,res_ff,27,3.63,0,0.33,0.5,20.69,20.69,0,52.97,52.97,0,2429.36,2429.36,0,-0.8233,-0.8233,0,FAIL,FAIL,PASS,PASS
res_ff_27c_3.63v,res_ff,27,3.63,0,1,0.001,12.01,12.01,0,52.97,52.97,0,1365,1365,0,-0.8746,-0.8746,0,FAIL,FAIL,PASS,PASS
res_ff_27c_3.63v,res_ff,27,3.63,0,1,0.05,12.04,12.04,0,52.97,52.97,0,1365,1365,0,-0.8746,-0.8746,0,FAIL,FAIL,PASS,PASS
res_ff_27c_3.63v,res_ff,27,3.63,0,1,0.2,12.11,12.11,0,52.97,52.97,0,1365.01,1365,-0.000732595,-0.8746,-0.8746,0,FAIL,FAIL,PASS,PASS
res_ff_27c_3.63v,res_ff,27,3.63,0,1,0.5,12.26,12.26,0,52.97,52.97,0,1365.01,1365.01,0,-0.8745,-0.8745,0,FAIL,FAIL,PASS,PASS
res_ff_27c_3.63v,res_ff,27,3.63,0,4.7,0.001,5.87,5.87,0,52.97,52.97,0,624.249,624.249,0,-0.8814,-0.8814,0,FAIL,FAIL,PASS,PASS
res_ff_27c_3.63v,res_ff,27,3.63,0,4.7,0.05,5.92,5.92,0,52.97,52.97,0,624.249,624.249,0,-0.8814,-0.8814,0,FAIL,FAIL,PASS,PASS
res_ff_27c_3.63v,res_ff,27,3.63,0,4.7,0.2,6.08,6.08,0,52.97,52.97,0,624.251,624.251,0,-0.8813,-0.8813,0,FAIL,FAIL,PASS,PASS
res_ff_27c_3.63v,res_ff,27,3.63,0,4.7,0.5,6.39,6.39,0,52.96,52.96,0,624.262,624.262,0,-0.881,-0.881,0,FAIL,FAIL,PASS,PASS
res_ff_27c_3.63v,res_ff,27,3.63,0.1,0.33,0.001,55.7,55.7,0,22.6,22.6,0,110471,110471,0,-0.5386,-0.5386,0,PASS,PASS,PASS,PASS
res_ff_27c_3.63v,res_ff,27,3.63,0.1,0.33,0.05,56.34,56.34,0,24.29,24.29,0,110476,110476,0,-0.5379,-0.5379,0,PASS,PASS,PASS,PASS
res_ff_27c_3.63v,res_ff,27,3.63,0.1,0.33,0.2,58.28,58.28,0,32.86,32.86,0,110565,110565,0,-0.5285,-0.5285,0,PASS,PASS,PASS,PASS
res_ff_27c_3.63v,res_ff,27,3.63,0.1,0.33,0.5,62.09,62.09,0,40.85,40.85,0,111064,111064,0,-0.5381,-0.5381,0,PASS,PASS,PASS,PASS
res_ff_27c_3.63v,res_ff,27,3.63,0.1,1,0.001,73.63,73.63,0,32.6,32.6,0,37348.6,37348.6,0,-0.4188,-0.4188,0,PASS,PASS,PASS,PASS
res_ff_27c_3.63v,res_ff,27,3.63,0.1,1,0.05,74.29,74.29,0,40.84,40.84,0,37351.3,37351.3,0,-0.4181,-0.4181,0,PASS,PASS,PASS,PASS
res_ff_27c_3.63v,res_ff,27,3.63,0.1,1,0.2,76.31,76.31,0,49.42,49.42,0,37393,37393,0,-0.4082,-0.4082,0,PASS,PASS,PASS,PASS
res_ff_27c_3.63v,res_ff,27,3.63,0.1,1,0.5,80.36,80.36,0,43.47,43.47,0,37630.1,37630.1,0,-0.3983,-0.3983,0,PASS,PASS,PASS,PASS
res_ff_27c_3.63v,res_ff,27,3.63,0.1,4.7,0.001,48.59,48.59,0,51.51,51.51,0,9309.95,9309.95,0,-0.6639,-0.6639,0,PASS,PASS,PASS,PASS
res_ff_27c_3.63v,res_ff,27,3.63,0.1,4.7,0.05,49.36,49.36,0,53.3,53.3,0,9310.56,9310.56,0,-0.663,-0.663,0,PASS,PASS,PASS,PASS
res_ff_27c_3.63v,res_ff,27,3.63,0.1,4.7,0.2,51.75,51.75,0,49.94,49.94,0,9319.79,9319.79,0,-0.6494,-0.6494,0,PASS,PASS,PASS,PASS
res_ff_27c_3.63v,res_ff,27,3.63,0.1,4.7,0.5,56.65,56.65,0,44.05,44.05,0,9372.11,9372.11,0,-0.6422,-0.6422,0,PASS,PASS,PASS,PASS
res_ff_27c_3.63v,res_ff,27,3.63,1,0.33,0.001,45.26,45.26,0,12.73,12.73,0,315239,315239,0,-0.5466,-0.5466,0,PASS,PASS,PASS,PASS
res_ff_27c_3.63v,res_ff,27,3.63,1,0.33,0.05,47.08,47.08,0,14.14,14.14,0,315370,315370,0,-0.606,-0.606,0,PASS,PASS,PASS,PASS
res_ff_27c_3.63v,res_ff,27,3.63,1,0.33,0.2,53.8,52.47,-1.33,18.96,19.4,0.44,325124,317370,-2.38494,-0.5688,-0.5931,-0.0243,PASS,PASS,PASS,PASS
res_ff_27c_3.63v,res_ff,27,3.63,1,0.33,0.5,64.01,62.49,-1.52,22.1,22.64,0.54,338033,329096,-2.64382,-0.5462,-0.5396,0.0066,PASS,PASS,PASS,PASS
res_ff_27c_3.63v,res_ff,27,3.63,1,1,0.001,68.04,68.04,0,22.49,22.49,0,116853,116853,0,-0.4554,-0.4554,0,PASS,PASS,PASS,PASS
res_ff_27c_3.63v,res_ff,27,3.63,1,1,0.05,70.09,70.09,0,27.47,27.47,0,116929,116929,0,-0.449,-0.449,0,PASS,PASS,PASS,PASS
res_ff_27c_3.63v,res_ff,27,3.63,1,1,0.2,77.36,76.32,-1.04,31.22,31.73,0.51,119362,118107,-1.05142,-0.4577,-0.4531,0.0046,PASS,PASS,PASS,PASS
res_ff_27c_3.63v,res_ff,27,3.63,1,1,0.5,89.9,88.7,-1.2,25.74,26.16,0.42,126975,125406,-1.23568,-0.3732,-0.385,-0.0118,PASS,PASS,PASS,PASS
res_ff_27c_3.63v,res_ff,27,3.63,1,4.7,0.001,53.86,53.86,0,36.75,36.75,0,26929.9,26929.9,0,-0.5699,-0.5699,0,PASS,PASS,PASS,PASS
res_ff_27c_3.63v,res_ff,27,3.63,1,4.7,0.05,56.11,56.11,0,44.39,44.39,0,26946.2,26946.2,0,-0.5624,-0.5624,0,PASS,PASS,PASS,PASS
res_ff_27c_3.63v,res_ff,27,3.63,1,4.7,0.2,63.76,63.21,-0.55,34.22,34.61,0.39,27281.7,27195.6,-0.315596,-0.5374,-0.5736,-0.0362,PASS,PASS,PASS,PASS
res_ff_27c_3.63v,res_ff,27,3.63,1,4.7,0.5,79.22,78.6,-0.62,26.77,27.15,0.38,28841,28731.6,-0.379321,-0.4835,-0.4687,0.0148,PASS,PASS,PASS,PASS
res_ff_27c_3.63v,res_ff,27,3.63,10,0.33,0.001,33.39,33.27,-0.12,7.41,7.4,-0.01,573494,572483,-0.176288,-0.5538,-0.5748,-0.021,FAIL,FAIL,PASS,PASS
res_ff_27c_3.63v,res_ff,27,3.63,10,0.33,0.05,36.67,36.54,-0.13,8.73,8.72,-0.01,574272,573256,-0.17692,-0.6021,-0.5581,0.044,FAIL,FAIL,PASS,PASS
res_ff_27c_3.63v,res_ff,27,3.63,10,0.33,0.2,45.83,45.83,0,13.01,13.01,0,585309,585309,0,-0.563,-0.563,0,PASS,PASS,PASS,PASS
res_ff_27c_3.63v,res_ff,27,3.63,10,0.33,0.5,60.8,60.65,-0.15,14.42,14.43,0.01,664638,662885,-0.263753,-0.4643,-0.4897,-0.0254,PASS,PASS,PASS,PASS
res_ff_27c_3.63v,res_ff,27,3.63,10,1,0.001,58.67,58.58,-0.09,17.11,17.1,-0.01,217832,217712,-0.0550883,-0.4741,-0.4796,-0.0055,PASS,PASS,PASS,PASS
res_ff_27c_3.63v,res_ff,27,3.63,10,1,0.05,62.49,62.4,-0.09,21.4,21.39,-0.01,218292,218171,-0.0554303,-0.5062,-0.4577,0.0485,PASS,PASS,PASS,PASS
res_ff_27c_3.63v,res_ff,27,3.63,10,1,0.2,73.95,73.95,0,23.36,23.36,0,225558,225558,0,-0.438,-0.438,0,PASS,PASS,PASS,PASS
res_ff_27c_3.63v,res_ff,27,3.63,10,1,0.5,96.68,96.54,-0.14,17.71,17.73,0.02,285522,285152,-0.129587,-0.2806,-0.2885,-0.0079,PASS,PASS,PASS,PASS
res_ff_27c_3.63v,res_ff,27,3.63,10,4.7,0.001,49.72,49.68,-0.04,31.01,31,-0.01,57606.8,57600.2,-0.011457,-0.5844,-0.5858,-0.0014,PASS,PASS,PASS,PASS
res_ff_27c_3.63v,res_ff,27,3.63,10,4.7,0.05,54.55,54.51,-0.04,36.01,36.02,0.01,57760.2,57753.7,-0.0112534,-0.6158,-0.6172,-0.0014,PASS,PASS,PASS,PASS
res_ff_27c_3.63v,res_ff,27,3.63,10,4.7,0.2,70.05,70.05,0,26.26,26.26,0,60230.2,60230.2,0,-0.5407,-0.5407,0,PASS,PASS,PASS,PASS
res_ff_27c_3.63v,res_ff,27,3.63,10,4.7,0.5,106.28,106.22,-0.06,18.7,18.72,0.02,82177.5,82148.3,-0.0355328,-0.2722,-0.2742,-0.002,PASS,PASS,PASS,PASS
res_ff_27c_3.63v,res_ff,27,3.63,25,0.33,0.001,21.6,21.6,0,4.77,4.77,0,699458,699458,0,-0.6499,-0.6499,0,FAIL,FAIL,PASS,PASS
res_ff_27c_3.63v,res_ff,27,3.63,25,0.33,0.05,25.55,25.57,0.02,6.08,6.09,0.01,700788,700729,-0.00841909,-0.6241,-0.6252,-0.0011,FAIL,FAIL,PASS,PASS
res_ff_27c_3.63v,res_ff,27,3.63,25,0.33,0.2,36.5,36.53,0.03,10.37,10.39,0.02,720745,720680,-0.00901845,-0.6053,-0.6064,-0.0011,FAIL,FAIL,PASS,PASS
res_ff_27c_3.63v,res_ff,27,3.63,25,0.33,0.5,51.66,51.69,0.03,11.94,11.96,0.02,848878,848767,-0.0130761,-0.5301,-0.4751,0.055,PASS,PASS,PASS,PASS
res_ff_27c_3.63v,res_ff,27,3.63,25,1,0.001,52.95,52.95,0,14.46,14.46,0,282510,282510,0,-0.4793,-0.4793,0,PASS,PASS,PASS,PASS
res_ff_27c_3.63v,res_ff,27,3.63,25,1,0.05,57.87,57.88,0.01,18.71,18.73,0.02,283502,283484,-0.00634916,-0.4976,-0.4982,-0.0006,PASS,PASS,PASS,PASS
res_ff_27c_3.63v,res_ff,27,3.63,25,1,0.2,72.38,72.39,0.01,20.88,20.91,0.03,299689,299667,-0.00734094,-0.4633,-0.4639,-0.0006,PASS,PASS,PASS,PASS
res_ff_27c_3.63v,res_ff,27,3.63,25,1,0.5,95.31,95.32,0.01,15.28,15.31,0.03,460426,460351,-0.0162893,-0.233,-0.2338,-0.0008,PASS,PASS,PASS,PASS
res_ff_27c_3.63v,res_ff,27,3.63,25,4.7,0.001,51.05,51.05,0,28.3,28.3,0,74188.8,74188.8,0,-0.5718,-0.5718,0,PASS,PASS,PASS,PASS
res_ff_27c_3.63v,res_ff,27,3.63,25,4.7,0.05,57.28,57.28,0,33.56,33.58,0.02,74528.3,74526.1,-0.0029519,-0.5786,-0.5789,-0.0003,PASS,PASS,PASS,PASS
res_ff_27c_3.63v,res_ff,27,3.63,25,4.7,0.2,77.52,77.52,0,23.82,23.85,0.03,80242.6,80239.6,-0.00373866,-0.4954,-0.4957,-0.0003,PASS,PASS,PASS,PASS
res_ff_27c_3.63v,res_ff,27,3.63,25,4.7,0.5,126.37,126.37,0,16.28,16.3,0.02,175134,175090,-0.0251236,-0.1014,-0.1019,-0.0005,PASS,PASS,PASS,PASS
res_ff_27c_3.63v,res_ff,27,3.63,50,0.33,0.001,12.61,12.61,0,2.75,2.75,0,807694,807694,0,-0.6998,-0.6998,0,FAIL,FAIL,PASS,PASS
res_ff_27c_3.63v,res_ff,27,3.63,50,0.33,0.05,17.17,17.17,0,4.04,4.04,0,809494,809494,0,-0.6672,-0.6672,0,FAIL,FAIL,PASS,PASS
res_ff_27c_3.63v,res_ff,27,3.63,50,0.33,0.2,29.42,29.42,0,8.26,8.26,0,838031,837895,-0.0162285,-0.6316,-0.6337,-0.0021,FAIL,FAIL,PASS,PASS
res_ff_27c_3.63v,res_ff,27,3.63,50,0.33,0.5,44.02,44.02,0,9.85,9.85,0,1.01801e+06,1.01801e+06,0,-0.532,-0.532,0,FAIL,FAIL,PASS,PASS
res_ff_27c_3.63v,res_ff,27,3.63,50,1,0.001,48.19,48.19,0,12.42,12.42,0,342054,342054,0,-0.5379,-0.5379,0,PASS,PASS,PASS,PASS
res_ff_27c_3.63v,res_ff,27,3.63,50,1,0.05,54.11,54.11,0,16.6,16.6,0,343735,343735,0,-0.484,-0.484,0,PASS,PASS,PASS,PASS
res_ff_27c_3.63v,res_ff,27,3.63,50,1,0.2,70.94,70.94,0,18.8,18.8,0,372529,372496,-0.00885837,-0.4177,-0.4185,-0.0008,PASS,PASS,PASS,PASS
res_ff_27c_3.63v,res_ff,27,3.63,50,1,0.5,86.94,86.94,0,13.21,13.21,0,679682,679682,0,-0.2668,-0.2668,0,PASS,PASS,PASS,PASS
res_ff_27c_3.63v,res_ff,27,3.63,50,4.7,0.001,52.53,52.53,0,26.22,26.22,0,88938.7,88938.7,0,-0.5863,-0.5863,0,PASS,PASS,PASS,PASS
res_ff_27c_3.63v,res_ff,27,3.63,50,4.7,0.05,60,60,0,31.48,31.48,0,89537.3,89537.3,0,-0.5667,-0.5667,0,PASS,PASS,PASS,PASS
res_ff_27c_3.63v,res_ff,27,3.63,50,4.7,0.2,84.51,84.51,0,21.76,21.77,0.01,100318,100315,-0.00299049,-0.4476,-0.4479,-0.0003,PASS,PASS,PASS,PASS
res_ff_27c_3.63v,res_ff,27,3.63,50,4.7,0.5,117.39,117.39,0,14.21,14.21,0,514377,514377,0,-0.1208,-0.1208,0,PASS,PASS,PASS,PASS
res_ss_-40c_2.97v,res_ss,-40,2.97,0,0.33,0.001,40.19,40.19,0,53.29,53.29,0,3556.95,3556.95,0,-0.6652,-0.6652,0,FAIL,FAIL,PASS,PASS
res_ss_-40c_2.97v,res_ss,-40,2.97,0,0.33,0.05,40.18,40.21,0.03,53.27,53.28,0.01,3556.26,3556.95,0.0194024,-0.668,-0.6653,0.0027,FAIL,FAIL,PASS,PASS
res_ss_-40c_2.97v,res_ss,-40,2.97,0,0.33,0.2,40.25,40.27,0.02,53.24,53.25,0.01,3556.27,3556.95,0.0191212,-0.668,-0.6652,0.0028,FAIL,FAIL,PASS,PASS
res_ss_-40c_2.97v,res_ss,-40,2.97,0,0.33,0.5,40.37,40.4,0.03,53.18,53.19,0.01,3556.28,3556.96,0.0191211,-0.668,-0.6652,0.0028,FAIL,FAIL,PASS,PASS
res_ss_-40c_2.97v,res_ss,-40,2.97,0,1,0.001,24.07,24.07,0,53.26,53.26,0,1858.46,1858.46,0,-0.8496,-0.8496,0,FAIL,FAIL,PASS,PASS
res_ss_-40c_2.97v,res_ss,-40,2.97,0,1,0.05,24.09,24.1,0.01,53.25,53.25,0,1858.34,1858.46,0.00645738,-0.8507,-0.8496,0.0011,FAIL,FAIL,PASS,PASS
res_ss_-40c_2.97v,res_ss,-40,2.97,0,1,0.2,24.19,24.21,0.02,53.22,53.22,0,1858.34,1858.46,0.00645738,-0.8507,-0.8496,0.0011,FAIL,FAIL,PASS,PASS
res_ss_-40c_2.97v,res_ss,-40,2.97,0,1,0.5,24.39,24.41,0.02,53.16,53.16,0,1858.35,1858.47,0.00645734,-0.8506,-0.8494,0.0012,FAIL,FAIL,PASS,PASS
res_ss_-40c_2.97v,res_ss,-40,2.97,0,4.7,0.001,11.36,11.36,0,53.25,53.25,0,825.859,825.859,0,-0.9046,-0.9046,0,FAIL,FAIL,PASS,PASS
res_ss_-40c_2.97v,res_ss,-40,2.97,0,4.7,0.05,11.42,11.43,0.01,53.24,53.24,0,825.848,825.859,0.00133196,-0.9048,-0.9046,0.0002,FAIL,FAIL,PASS,PASS
res_ss_-40c_2.97v,res_ss,-40,2.97,0,4.7,0.2,11.63,11.64,0.01,53.21,53.21,0,825.852,825.864,0.00145304,-0.9047,-0.9045,0.0002,FAIL,FAIL,PASS,PASS
res_ss_-40c_2.97v,res_ss,-40,2.97,0,4.7,0.5,12.05,12.06,0.01,53.15,53.15,0,825.878,825.89,0.001453,-0.9041,-0.9039,0.0002,FAIL,FAIL,PASS,PASS
res_ss_-40c_2.97v,res_ss,-40,2.97,0.1,0.33,0.001,55.36,55.36,0,19.66,19.66,0,101001,101001,0,-0.5652,-0.5652,0,PASS,PASS,PASS,PASS
res_ss_-40c_2.97v,res_ss,-40,2.97,0.1,0.33,0.05,55.94,55.94,0,20.69,20.69,0,101005,101005,0,-0.5647,-0.5647,0,PASS,PASS,PASS,PASS
res_ss_-40c_2.97v,res_ss,-40,2.97,0.1,0.33,0.2,57.72,57.72,0,24.75,24.75,0,101074,101074,0,-0.5568,-0.5568,0,PASS,PASS,PASS,PASS
res_ss_-40c_2.97v,res_ss,-40,2.97,0.1,0.33,0.5,61.2,61.2,0,34.06,34.06,0,101461,101461,0,-0.5127,-0.5127,0,PASS,PASS,PASS,PASS
res_ss_-40c_2.97v,res_ss,-40,2.97,0.1,1,0.001,73.97,73.97,0,29.54,29.54,0,33503,33503,0,-0.4118,-0.4118,0,PASS,PASS,PASS,PASS
res_ss_-40c_2.97v,res_ss,-40,2.97,0.1,1,0.05,74.56,74.56,0,33.41,33.41,0,33504.9,33504.9,0,-0.4113,-0.4113,0,PASS,PASS,PASS,PASS
res_ss_-40c_2.97v,res_ss,-40,2.97,0.1,1,0.2,76.37,76.37,0,45.2,45.2,0,33535,33535,0,-0.4033,-0.4033,0,PASS,PASS,PASS,PASS
res_ss_-40c_2.97v,res_ss,-40,2.97,0.1,1,0.5,80,80,0,40.45,40.45,0,33705.8,33705.8,0,-0.4042,-0.4042,0,PASS,PASS,PASS,PASS
res_ss_-40c_2.97v,res_ss,-40,2.97,0.1,4.7,0.001,49.3,49.3,0,45.08,45.08,0,8337.96,8337.96,0,-0.5992,-0.5992,0,PASS,PASS,PASS,PASS
res_ss_-40c_2.97v,res_ss,-40,2.97,0.1,4.7,0.05,49.99,49.99,0,53.18,53.18,0,8338.4,8338.4,0,-0.5985,-0.5985,0,PASS,PASS,PASS,PASS
res_ss_-40c_2.97v,res_ss,-40,2.97,0.1,4.7,0.2,52.13,52.13,0,47.93,47.93,0,8345.08,8345.08,0,-0.6567,-0.6567,0,PASS,PASS,PASS,PASS
res_ss_-40c_2.97v,res_ss,-40,2.97,0.1,4.7,0.5,56.49,56.49,0,41.63,41.63,0,8382.93,8382.93,0,-0.5957,-0.5957,0,PASS,PASS,PASS,PASS
res_ss_-40c_2.97v,res_ss,-40,2.97,1,0.33,0.001,49.44,49.44,0,11.14,11.14,0,258264,258264,0,-0.5284,-0.5284,0,PASS,PASS,PASS,PASS
res_ss_-40c_2.97v,res_ss,-40,2.97,1,0.33,0.05,50.94,50.94,0,11.96,11.96,0,258343,258343,0,-0.525,-0.525,0,PASS,PASS,PASS,PASS
res_ss_-40c_2.97v,res_ss,-40,2.97,1,0.33,0.2,55.38,55.38,0,14.72,14.72,0,259559,259559,0,-0.531,-0.531,0,PASS,PASS,PASS,PASS
res_ss_-40c_2.97v,res_ss,-40,2.97,1,0.33,0.5,63.72,63.72,0,18.48,18.48,0,266659,266659,0,-0.4684,-0.4684,0,PASS,PASS,PASS,PASS
res_ss_-40c_2.97v,res_ss,-40,2.97,1,1,0.001,69.7,69.7,0,20.85,20.85,0,88870.6,88870.6,0,-0.4149,-0.4149,0,PASS,PASS,PASS,PASS
res_ss_-40c_2.97v,res_ss,-40,2.97,1,1,0.05,71.27,71.27,0,23.53,23.53,0,88904.7,88904.7,0,-0.4602,-0.4602,0,PASS,PASS,PASS,PASS
res_ss_-40c_2.97v,res_ss,-40,2.97,1,1,0.2,76.06,76.06,0,28.31,28.31,0,89438.4,89438.4,0,-0.4526,-0.4526,0,PASS,PASS,PASS,PASS
res_ss_-40c_2.97v,res_ss,-40,2.97,1,1,0.5,85.69,85.69,0,24.55,24.55,0,92633.2,92633.2,0,-0.4169,-0.4169,0,PASS,PASS,PASS,PASS
res_ss_-40c_2.97v,res_ss,-40,2.97,1,4.7,0.001,47.95,47.95,0,34.83,34.83,0,21823.9,21823.9,0,-0.6612,-0.6612,0,PASS,PASS,PASS,PASS
res_ss_-40c_2.97v,res_ss,-40,2.97,1,4.7,0.05,49.77,49.77,0,41.69,41.69,0,21831.6,21831.6,0,-0.6563,-0.6563,0,PASS,PASS,PASS,PASS
res_ss_-40c_2.97v,res_ss,-40,2.97,1,4.7,0.2,55.48,55.48,0,33.39,33.39,0,21951.5,21951.5,0,-0.6503,-0.6503,0,PASS,PASS,PASS,PASS
res_ss_-40c_2.97v,res_ss,-40,2.97,1,4.7,0.5,67.54,67.54,0,26.17,26.17,0,22659.2,22659.2,0,-0.5673,-0.5673,0,PASS,PASS,PASS,PASS
res_ss_-40c_2.97v,res_ss,-40,2.97,10,0.33,0.001,17.29,17.29,0,3.73,3.73,0,502331,502331,0,-0.6402,-0.6402,0,FAIL,FAIL,PASS,PASS
res_ss_-40c_2.97v,res_ss,-40,2.97,10,0.33,0.05,20.16,20.16,0,4.57,4.57,0,502783,502783,0,-0.7028,-0.7028,0,FAIL,FAIL,PASS,PASS
res_ss_-40c_2.97v,res_ss,-40,2.97,10,0.33,0.2,28.29,28.29,0,7.4,7.4,0,509780,509780,0,-0.6581,-0.6581,0,FAIL,FAIL,PASS,PASS
res_ss_-40c_2.97v,res_ss,-40,2.97,10,0.33,0.5,41.3,41.3,0,11.17,11.17,0,551734,551734,0,-0.6076,-0.6076,0,FAIL,FAIL,PASS,PASS
res_ss_-40c_2.97v,res_ss,-40,2.97,10,1,0.001,52.72,52.72,0,13.39,13.39,0,206626,206626,0,-0.4957,-0.4957,0,PASS,PASS,PASS,PASS
res_ss_-40c_2.97v,res_ss,-40,2.97,10,1,0.05,56.33,56.33,0,16.11,16.11,0,207007,207007,0,-0.476,-0.476,0,PASS,PASS,PASS,PASS
res_ss_-40c_2.97v,res_ss,-40,2.97,10,1,0.2,66.91,66.91,0,20.91,20.91,0,213128,213128,0,-0.4468,-0.4468,0,PASS,PASS,PASS,PASS
res_ss_-40c_2.97v,res_ss,-40,2.97,10,1,0.5,85.69,85.69,0,17.09,17.09,0,258442,258442,0,-0.3401,-0.3401,0,PASS,PASS,PASS,PASS
res_ss_-40c_2.97v,res_ss,-40,2.97,10,4.7,0.001,54.46,54.46,0,27.11,27.11,0,50402.6,50402.6,0,-0.5439,-0.5439,0,PASS,PASS,PASS,PASS
res_ss_-40c_2.97v,res_ss,-40,2.97,10,4.7,0.05,58.68,58.68,0,34.16,34.16,0,50514.3,50514.3,0,-0.5181,-0.5181,0,PASS,PASS,PASS,PASS
res_ss_-40c_2.97v,res_ss,-40,2.97,10,4.7,0.2,72.22,72.22,0,26,26,0,52325.5,52325.5,0,-0.4689,-0.4689,0,PASS,PASS,PASS,PASS
res_ss_-40c_2.97v,res_ss,-40,2.97,10,4.7,0.5,103.83,103.83,0,18.69,18.69,0,67886.6,67886.6,0,-0.2792,-0.2792,0,PASS,PASS,PASS,PASS
res_ss_-40c_2.97v,res_ss,-40,2.97,25,0.33,0.001,3.05,3.05,0,0.66,0.66,0,612126,612126,0,-0.7763,-0.7763,0,FAIL,FAIL,PASS,PASS
res_ss_-40c_2.97v,res_ss,-40,2.97,25,0.33,0.05,6.52,6.52,0,1.49,1.49,0,612837,612837,0,-0.7576,-0.7576,0,FAIL,FAIL,PASS,PASS
res_ss_-40c_2.97v,res_ss,-40,2.97,25,0.33,0.2,16.15,16.15,0,4.27,4.27,0,624046,624046,0,-0.7247,-0.7247,0,FAIL,FAIL,PASS,PASS
res_ss_-40c_2.97v,res_ss,-40,2.97,25,0.33,0.5,30.17,30.17,0,8.09,8.09,0,690621,690621,0,-0.6684,-0.6684,0,FAIL,FAIL,PASS,PASS
res_ss_-40c_2.97v,res_ss,-40,2.97,25,1,0.001,43.16,43.16,0,10.3,10.3,0,274662,274662,0,-0.5067,-0.5067,0,FAIL,FAIL,PASS,PASS
res_ss_-40c_2.97v,res_ss,-40,2.97,25,1,0.05,47.9,47.9,0,12.97,12.97,0,275495,275495,0,-0.532,-0.532,0,PASS,PASS,PASS,PASS
res_ss_-40c_2.97v,res_ss,-40,2.97,25,1,0.2,61.23,61.23,0,17.85,17.85,0,289162,289162,0,-0.4657,-0.4657,0,PASS,PASS,PASS,PASS
res_ss_-40c_2.97v,res_ss,-40,2.97,25,1,0.5,78.98,78.98,0,14.13,14.13,0,399465,399465,0,-0.3468,-0.3468,0,PASS,PASS,PASS,PASS
res_ss_-40c_2.97v,res_ss,-40,2.97,25,4.7,0.001,57.21,57.21,0,23.98,23.98,0,67689.1,67689.1,0,-0.5004,-0.5004,0,PASS,PASS,PASS,PASS
res_ss_-40c_2.97v,res_ss,-40,2.97,25,4.7,0.05,62.87,62.87,0,31.12,31.12,0,67976.2,67976.2,0,-0.5102,-0.5102,0,PASS,PASS,PASS,PASS
res_ss_-40c_2.97v,res_ss,-40,2.97,25,4.7,0.2,81.14,81.14,0,23.06,23.06,0,72910.9,72910.9,0,-0.4257,-0.4257,0,PASS,PASS,PASS,PASS
res_ss_-40c_2.97v,res_ss,-40,2.97,25,4.7,0.5,122.96,122.96,0,15.74,15.74,0,161135,161135,0,-0.1057,-0.1057,0,PASS,PASS,PASS,PASS
res_ss_-40c_2.97v,res_ss,-40,2.97,50,0.33,0.001,-6.81,-6.81,0,-1.47,-1.47,0,698107,698107,0,-0.8514,-0.8514,0,FAIL,FAIL,PASS,PASS
res_ss_-40c_2.97v,res_ss,-40,2.97,50,0.33,0.05,-2.86,-2.86,0,-0.65,-0.65,0,699052,699052,0,-0.828,-0.828,0,FAIL,FAIL,PASS,PASS
res_ss_-40c_2.97v,res_ss,-40,2.97,50,0.33,0.2,7.89,7.89,0,2.09,2.09,0,714354,714354,0,-0.8223,-0.8223,0,FAIL,FAIL,PASS,PASS
res_ss_-40c_2.97v,res_ss,-40,2.97,50,0.33,0.5,22.26,22.26,0,5.88,5.88,0,804158,804158,0,-0.6757,-0.6757,0,FAIL,FAIL,PASS,PASS
res_ss_-40c_2.97v,res_ss,-40,2.97,50,1,0.001,35.5,35.5,0,8.15,8.15,0,331695,331695,0,-0.5537,-0.5537,0,FAIL,FAIL,PASS,PASS
res_ss_-40c_2.97v,res_ss,-40,2.97,50,1,0.05,41.17,41.17,0,10.77,10.77,0,333068,333068,0,-0.5674,-0.5674,0,FAIL,FAIL,PASS,PASS
res_ss_-40c_2.97v,res_ss,-40,2.97,50,1,0.2,56.41,56.41,0,15.64,15.64,0,356004,356004,0,-0.5328,-0.5328,0,PASS,PASS,PASS,PASS
res_ss_-40c_2.97v,res_ss,-40,2.97,50,1,0.5,69.67,69.67,0,11.96,11.96,0,537662,537662,0,-0.361,-0.361,0,PASS,PASS,PASS,PASS
res_ss_-40c_2.97v,res_ss,-40,2.97,50,4.7,0.001,58.37,58.37,0,21.8,21.8,0,83590.7,83590.7,0,-0.5052,-0.5052,0,PASS,PASS,PASS,PASS
res_ss_-40c_2.97v,res_ss,-40,2.97,50,4.7,0.05,65.35,65.35,0,28.9,28.9,0,84147.6,84147.6,0,-0.4891,-0.4891,0,PASS,PASS,PASS,PASS
res_ss_-40c_2.97v,res_ss,-40,2.97,50,4.7,0.2,87.8,87.8,0,20.9,20.9,0,94425.3,94425.3,0,-0.3786,-0.3786,0,PASS,PASS,PASS,PASS
res_ss_-40c_2.97v,res_ss,-40,2.97,50,4.7,0.5,107.45,107.45,0,13.58,13.58,0,396339,396339,0,-0.1702,-0.1702,0,PASS,PASS,PASS,PASS
res_ss_-40c_3.30v,res_ss,-40,3.3,0,0.33,0.001,42.32,42.32,0,53.2,53.2,0,3837.56,3837.56,0,-0.7092,-0.7092,0,FAIL,FAIL,PASS,PASS
res_ss_-40c_3.30v,res_ss,-40,3.3,0,0.33,0.05,42.34,42.34,0,53.19,53.19,0,3837.56,3837.56,0,-0.7092,-0.7092,0,FAIL,FAIL,PASS,PASS
res_ss_-40c_3.30v,res_ss,-40,3.3,0,0.33,0.2,42.41,42.41,0,53.17,53.17,0,3837.56,3837.56,0,-0.7092,-0.7092,0,FAIL,FAIL,PASS,PASS
res_ss_-40c_3.30v,res_ss,-40,3.3,0,0.33,0.5,42.55,42.55,0,53.11,53.11,0,3837.58,3837.58,0,-0.7091,-0.7091,0,FAIL,FAIL,PASS,PASS
res_ss_-40c_3.30v,res_ss,-40,3.3,0,1,0.001,25.5,25.5,0,53.18,53.18,0,1981.97,1981.97,0,-0.8242,-0.8242,0,FAIL,FAIL,PASS,PASS
res_ss_-40c_3.30v,res_ss,-40,3.3,0,1,0.05,25.53,25.53,0,53.17,53.17,0,1981.97,1981.97,0,-0.8242,-0.8242,0,FAIL,FAIL,PASS,PASS
res_ss_-40c_3.30v,res_ss,-40,3.3,0,1,0.2,25.64,25.64,0,53.15,53.15,0,1981.97,1981.97,0,-0.8241,-0.8241,0,FAIL,FAIL,PASS,PASS
res_ss_-40c_3.30v,res_ss,-40,3.3,0,1,0.5,25.85,25.85,0,53.09,53.09,0,1981.99,1981.99,0,-0.824,-0.824,0,FAIL,FAIL,PASS,PASS
res_ss_-40c_3.30v,res_ss,-40,3.3,0,4.7,0.001,12.06,12.06,0,53.17,53.17,0,876.588,876.588,0,-0.8675,-0.8675,0,FAIL,FAIL,PASS,PASS
res_ss_-40c_3.30v,res_ss,-40,3.3,0,4.7,0.05,12.13,12.13,0,53.16,53.16,0,876.588,876.588,0,-0.8675,-0.8675,0,FAIL,FAIL,PASS,PASS
res_ss_-40c_3.30v,res_ss,-40,3.3,0,4.7,0.2,12.35,12.35,0,53.14,53.14,0,876.593,876.593,0,-0.8673,-0.8673,0,FAIL,FAIL,PASS,PASS
res_ss_-40c_3.30v,res_ss,-40,3.3,0,4.7,0.5,12.8,12.8,0,53.08,53.08,0,876.625,876.625,0,-0.8667,-0.8667,0,FAIL,FAIL,PASS,PASS
res_ss_-40c_3.30v,res_ss,-40,3.3,0.1,0.33,0.001,49.52,49.52,0,19.12,19.12,0,114795,114795,0,-0.6015,-0.6015,0,PASS,PASS,PASS,PASS
res_ss_-40c_3.30v,res_ss,-40,3.3,0.1,0.33,0.05,49.9,50.18,0.28,20.3,20.31,0.01,113787,114801,0.891139,-0.5717,-0.6008,-0.0291,PASS,PASS,PASS,PASS
res_ss_-40c_3.30v,res_ss,-40,3.3,0.1,0.33,0.2,52.2,52.2,0,25.23,25.23,0,114893,114893,0,-0.5906,-0.5906,0,PASS,PASS,PASS,PASS
res_ss_-40c_3.30v,res_ss,-40,3.3,0.1,0.33,0.5,56.14,56.14,0,35.52,35.52,0,115414,115414,0,-0.6005,-0.6005,0,PASS,PASS,PASS,PASS
res_ss_-40c_3.30v,res_ss,-40,3.3,0.1,1,0.001,73.06,73.06,0,29,29,0,40977.3,40977.3,0,-0.4167,-0.4167,0,PASS,PASS,PASS,PASS
res_ss_-40c_3.30v,res_ss,-40,3.3,0.1,1,0.05,73.48,73.78,0.3,33.55,33.58,0.03,40736.8,40980.9,0.599213,-0.4188,-0.4159,0.0029,PASS,PASS,PASS,PASS
res_ss_-40c_3.30v,res_ss,-40,3.3,0.1,1,0.2,75.98,75.98,0,46.01,46.01,0,41035.9,41035.9,0,-0.404,-0.404,0,PASS,PASS,PASS,PASS
res_ss_-40c_3.30v,res_ss,-40,3.3,0.1,1,0.5,80.38,80.38,0,40.73,40.73,0,41348.5,41348.5,0,-0.4291,-0.4291,0,PASS,PASS,PASS,PASS
res_ss_-40c_3.30v,res_ss,-40,3.3,0.1,4.7,0.001,54.49,54.49,0,44.42,44.42,0,9408.48,9408.48,0,-0.5588,-0.5588,0,PASS,PASS,PASS,PASS
res_ss_-40c_3.30v,res_ss,-40,3.3,0.1,4.7,0.05,55.02,55.27,0.25,53.21,53.19,-0.02,9388.64,9409.16,0.218562,-0.5836,-0.5579,0.0257,PASS,PASS,PASS,PASS
res_ss_-40c_3.30v,res_ss,-40,3.3,0.1,4.7,0.2,57.69,57.69,0,48.1,48.1,0,9419.5,9419.5,0,-0.6082,-0.6082,0,PASS,PASS,PASS,PASS
res_ss_-40c_3.30v,res_ss,-40,3.3,0.1,4.7,0.5,62.64,62.64,0,41.75,41.75,0,9478.17,9478.17,0,-0.5938,-0.5938,0,PASS,PASS,PASS,PASS
res_ss_-40c_3.30v,res_ss,-40,3.3,1,0.33,0.001,44.47,44.47,0,10.65,10.65,0,295696,295696,0,-0.5345,-0.5345,0,FAIL,FAIL,PASS,PASS
res_ss_-40c_3.30v,res_ss,-40,3.3,1,0.33,0.05,46.18,46.18,0,11.61,11.61,0,295808,295808,0,-0.53,-0.53,0,PASS,PASS,PASS,PASS
res_ss_-40c_3.30v,res_ss,-40,3.3,1,0.33,0.2,51.22,51.22,0,14.95,14.95,0,297519,297519,0,-0.5246,-0.5246,0,PASS,PASS,PASS,PASS
res_ss_-40c_3.30v,res_ss,-40,3.3,1,0.33,0.5,60.55,60.55,0,19.14,19.14,0,307529,307529,0,-0.5105,-0.5105,0,PASS,PASS,PASS,PASS
res_ss_-40c_3.30v,res_ss,-40,3.3,1,1,0.001,68.89,68.89,0,20.37,20.37,0,106242,106242,0,-0.4212,-0.4212,0,PASS,PASS,PASS,PASS
res_ss_-40c_3.30v,res_ss,-40,3.3,1,1,0.05,70.75,70.75,0,23.56,23.56,0,106300,106300,0,-0.4657,-0.4657,0,PASS,PASS,PASS,PASS
res_ss_-40c_3.30v,res_ss,-40,3.3,1,1,0.2,76.43,76.43,0,28.84,28.84,0,107204,107204,0,-0.4349,-0.4349,0,PASS,PASS,PASS,PASS
res_ss_-40c_3.30v,res_ss,-40,3.3,1,1,0.5,87.71,87.71,0,24.58,24.58,0,112732,112732,0,-0.4057,-0.4057,0,PASS,PASS,PASS,PASS
res_ss_-40c_3.30v,res_ss,-40,3.3,1,4.7,0.001,52.86,52.86,0,34.38,34.38,0,24388.4,24388.4,0,-0.5951,-0.5951,0,PASS,PASS,PASS,PASS
res_ss_-40c_3.30v,res_ss,-40,3.3,1,4.7,0.05,54.9,54.9,0,42.08,42.08,0,24400.1,24400.1,0,-0.589,-0.589,0,PASS,PASS,PASS,PASS
res_ss_-40c_3.30v,res_ss,-40,3.3,1,4.7,0.2,61.31,61.31,0,33.32,33.32,0,24581,24581,0,-0.5599,-0.5599,0,PASS,PASS,PASS,PASS
res_ss_-40c_3.30v,res_ss,-40,3.3,1,4.7,0.5,75.06,75.06,0,26.02,26.02,0,25673.2,25673.2,0,-0.5253,-0.5253,0,PASS,PASS,PASS,PASS
res_ss_-40c_3.30v,res_ss,-40,3.3,10,0.33,0.001,15.86,15.86,0,3.68,3.68,0,544776,544776,0,-0.6576,-0.6576,0,FAIL,FAIL,PASS,PASS
res_ss_-40c_3.30v,res_ss,-40,3.3,10,0.33,0.05,18.97,18.97,0,4.66,4.66,0,545334,545334,0,-0.7207,-0.7207,0,FAIL,FAIL,PASS,PASS
res_ss_-40c_3.30v,res_ss,-40,3.3,10,0.33,0.2,27.76,27.76,0,8.07,8.07,0,553940,553940,0,-0.6481,-0.6481,0,FAIL,FAIL,PASS,PASS
res_ss_-40c_3.30v,res_ss,-40,3.3,10,0.33,0.5,41.67,41.67,0,12.05,12.05,0,605629,605629,0,-0.6071,-0.6071,0,FAIL,FAIL,PASS,PASS
res_ss_-40c_3.30v,res_ss,-40,3.3,10,1,0.001,50.85,50.85,0,13.35,13.35,0,232015,232015,0,-0.5031,-0.5031,0,PASS,PASS,PASS,PASS
res_ss_-40c_3.30v,res_ss,-40,3.3,10,1,0.05,54.88,54.88,0,16.58,16.58,0,232545,232545,0,-0.5354,-0.5354,0,PASS,PASS,PASS,PASS
res_ss_-40c_3.30v,res_ss,-40,3.3,10,1,0.2,66.6,66.6,0,21.61,21.61,0,241046,241046,0,-0.488,-0.488,0,PASS,PASS,PASS,PASS
res_ss_-40c_3.30v,res_ss,-40,3.3,10,1,0.5,86.15,86.15,0,17.25,17.25,0,306518,306518,0,-0.3461,-0.3461,0,PASS,PASS,PASS,PASS
res_ss_-40c_3.30v,res_ss,-40,3.3,10,4.7,0.001,56.72,56.72,0,27.11,27.11,0,56367.7,56367.7,0,-0.5005,-0.5005,0,PASS,PASS,PASS,PASS
res_ss_-40c_3.30v,res_ss,-40,3.3,10,4.7,0.05,61.44,61.44,0,34.72,34.72,0,56530.7,56530.7,0,-0.5255,-0.5255,0,PASS,PASS,PASS,PASS
res_ss_-40c_3.30v,res_ss,-40,3.3,10,4.7,0.2,76.65,76.65,0,26.05,26.05,0,59211.2,59211.2,0,-0.4681,-0.4681,0,PASS,PASS,PASS,PASS
res_ss_-40c_3.30v,res_ss,-40,3.3,10,4.7,0.5,113.15,113.15,0,18.66,18.66,0,87213.1,87213.1,0,-0.1935,-0.1935,0,PASS,PASS,PASS,PASS
res_ss_-40c_3.30v,res_ss,-40,3.3,25,0.33,0.001,2.58,2.58,0,0.6,0.6,0,657870,657870,0,-0.7499,-0.7499,0,FAIL,FAIL,PASS,PASS
res_ss_-40c_3.30v,res_ss,-40,3.3,25,0.33,0.05,6.32,6.32,0,1.57,1.57,0,658741,658741,0,-0.7283,-0.7283,0,FAIL,FAIL,PASS,PASS
res_ss_-40c_3.30v,res_ss,-40,3.3,25,0.33,0.2,16.66,16.66,0,4.91,4.91,0,672349,672349,0,-0.7427,-0.7427,0,FAIL,FAIL,PASS,PASS
res_ss_-40c_3.30v,res_ss,-40,3.3,25,0.33,0.5,31.55,31.55,0,8.99,8.99,0,753335,753335,0,-0.6619,-0.6619,0,FAIL,FAIL,PASS,PASS
res_ss_-40c_3.30v,res_ss,-40,3.3,25,1,0.001,40.85,40.85,0,10.26,10.26,0,304512,304512,0,-0.5329,-0.5329,0,FAIL,FAIL,PASS,PASS
res_ss_-40c_3.30v,res_ss,-40,3.3,25,1,0.05,46.09,46.09,0,13.41,13.41,0,305615,305615,0,-0.5524,-0.5524,0,PASS,PASS,PASS,PASS
res_ss_-40c_3.30v,res_ss,-40,3.3,25,1,0.2,60.61,60.61,0,18.57,18.57,0,323664,323664,0,-0.5026,-0.5026,0,PASS,PASS,PASS,PASS
res_ss_-40c_3.30v,res_ss,-40,3.3,25,1,0.5,77.66,77.66,0,14.31,14.31,0,468752,468752,0,-0.3327,-0.3327,0,PASS,PASS,PASS,PASS
res_ss_-40c_3.30v,res_ss,-40,3.3,25,4.7,0.001,58.6,58.6,0,23.97,23.97,0,76156,76156,0,-0.5193,-0.5193,0,PASS,PASS,PASS,PASS
res_ss_-40c_3.30v,res_ss,-40,3.3,25,4.7,0.05,64.97,64.97,0,31.7,31.7,0,76579.4,76579.4,0,-0.5147,-0.5147,0,PASS,PASS,PASS,PASS
res_ss_-40c_3.30v,res_ss,-40,3.3,25,4.7,0.2,85.53,85.53,0,23.13,23.13,0,84047.5,84047.5,0,-0.4105,-0.4105,0,PASS,PASS,PASS,PASS
res_ss_-40c_3.30v,res_ss,-40,3.3,25,4.7,0.5,119.8,119.8,0,15.73,15.73,0,281778,281778,0,-0.1212,-0.1212,0,PASS,PASS,PASS,PASS
res_ss_-40c_3.30v,res_ss,-40,3.3,50,0.33,0.001,-6.72,-6.72,0,-1.57,-1.57,0,749114,749114,0,-0.8406,-0.8406,0,FAIL,FAIL,PASS,PASS
res_ss_-40c_3.30v,res_ss,-40,3.3,50,0.33,0.05,-2.48,-2.48,0,-0.62,-0.62,0,750292,750292,0,-0.8131,-0.8131,0,FAIL,FAIL,PASS,PASS
res_ss_-40c_3.30v,res_ss,-40,3.3,50,0.33,0.2,9.04,9.04,0,2.66,2.66,0,769013,769013,0,-0.7574,-0.7574,0,FAIL,FAIL,PASS,PASS
res_ss_-40c_3.30v,res_ss,-40,3.3,50,0.33,0.5,24.19,24.19,0,6.73,6.73,0,878981,878981,0,-0.709,-0.709,0,FAIL,FAIL,PASS,PASS
res_ss_-40c_3.30v,res_ss,-40,3.3,50,1,0.001,33.1,33.1,0,8.07,8.07,0,365386,365386,0,-0.5925,-0.5925,0,FAIL,FAIL,PASS,PASS
res_ss_-40c_3.30v,res_ss,-40,3.3,50,1,0.05,39.33,39.33,0,11.17,11.17,0,367167,367167,0,-0.5977,-0.5977,0,FAIL,FAIL,PASS,PASS
res_ss_-40c_3.30v,res_ss,-40,3.3,50,1,0.2,55.8,55.8,0,16.31,16.31,0,396733,396733,0,-0.5017,-0.5017,0,PASS,PASS,PASS,PASS
res_ss_-40c_3.30v,res_ss,-40,3.3,50,1,0.5,67.88,67.88,0,12.1,12.1,0,621900,621900,0,-0.3725,-0.3725,0,PASS,PASS,PASS,PASS
res_ss_-40c_3.30v,res_ss,-40,3.3,50,4.7,0.001,59.11,59.11,0,21.75,21.75,0,94534.4,94534.4,0,-0.4794,-0.4794,0,PASS,PASS,PASS,PASS
res_ss_-40c_3.30v,res_ss,-40,3.3,50,4.7,0.05,66.98,66.98,0,29.44,29.44,0,95363.4,95363.4,0,-0.496,-0.496,0,PASS,PASS,PASS,PASS
res_ss_-40c_3.30v,res_ss,-40,3.3,50,4.7,0.2,92.22,92.22,0,20.92,20.92,0,111387,111387,0,-0.3573,-0.3573,0,PASS,PASS,PASS,PASS
res_ss_-40c_3.30v,res_ss,-40,3.3,50,4.7,0.5,98.18,98.18,0,13.53,13.53,0,518320,518320,0,-0.255,-0.255,0,PASS,PASS,PASS,PASS
res_ss_-40c_3.63v,res_ss,-40,3.63,0,0.33,0.001,44.24,44.24,0,53.14,53.14,0,4108.09,4108.09,0,-0.6317,-0.6317,0,FAIL,FAIL,PASS,PASS
res_ss_-40c_3.63v,res_ss,-40,3.63,0,0.33,0.05,44.26,44.26,0,53.14,53.14,0,4108.09,4108.09,0,-0.6317,-0.6317,0,FAIL,FAIL,PASS,PASS
res_ss_-40c_3.63v,res_ss,-40,3.63,0,0.33,0.2,44.33,44.33,0,53.11,53.11,0,4108.09,4108.09,0,-0.6316,-0.6317,-0.0001,FAIL,FAIL,PASS,PASS
res_ss_-40c_3.63v,res_ss,-40,3.63,0,0.33,0.5,44.48,44.48,0,53.06,53.06,0,4108.11,4108.11,0,-0.6316,-0.6316,0,FAIL,FAIL,PASS,PASS
res_ss_-40c_3.63v,res_ss,-40,3.63,0,1,0.001,26.81,26.81,0,53.12,53.12,0,2098.12,2098.12,0,-0.8247,-0.8247,0,FAIL,FAIL,PASS,PASS
res_ss_-40c_3.63v,res_ss,-40,3.63,0,1,0.05,26.85,26.85,0,53.12,53.12,0,2098.13,2098.13,0,-0.8247,-0.8247,0,FAIL,FAIL,PASS,PASS
res_ss_-40c_3.63v,res_ss,-40,3.63,0,1,0.2,26.96,26.96,0,53.09,53.09,0,2098.13,2098.13,0,-0.8246,-0.8246,0,FAIL,FAIL,PASS,PASS
res_ss_-40c_3.63v,res_ss,-40,3.63,0,1,0.5,27.19,27.19,0,53.04,53.04,0,2098.15,2098.15,0,-0.8245,-0.8245,0,FAIL,FAIL,PASS,PASS
res_ss_-40c_3.63v,res_ss,-40,3.63,0,4.7,0.001,12.72,12.72,0,53.12,53.12,0,923.689,923.689,0,-0.8563,-0.8563,0,FAIL,FAIL,PASS,PASS
res_ss_-40c_3.63v,res_ss,-40,3.63,0,4.7,0.05,12.8,12.8,0,53.11,53.11,0,923.69,923.69,0,-0.8563,-0.8563,0,FAIL,FAIL,PASS,PASS
res_ss_-40c_3.63v,res_ss,-40,3.63,0,4.7,0.2,13.03,13.03,0,53.09,53.09,0,923.696,923.696,0,-0.8561,-0.8561,0,FAIL,FAIL,PASS,PASS
res_ss_-40c_3.63v,res_ss,-40,3.63,0,4.7,0.5,13.5,13.5,0,53.03,53.03,0,923.733,923.733,0,-0.8554,-0.8554,0,FAIL,FAIL,PASS,PASS
res_ss_-40c_3.63v,res_ss,-40,3.63,0.1,0.33,0.001,44.5,44.5,0,18.62,18.62,0,126848,126848,0,-0.6209,-0.6209,0,FAIL,FAIL,PASS,PASS
res_ss_-40c_3.63v,res_ss,-40,3.63,0.1,0.33,0.05,45.24,45.24,0,19.96,19.96,0,126855,126855,0,-0.62,-0.62,0,PASS,PASS,PASS,PASS
res_ss_-40c_3.63v,res_ss,-40,3.63,0.1,0.33,0.2,47.47,47.47,0,25.84,25.84,0,126971,126971,0,-0.6076,-0.6076,0,PASS,PASS,PASS,PASS
res_ss_-40c_3.63v,res_ss,-40,3.63,0.1,0.33,0.5,51.8,51.51,-0.29,36.62,36.91,0.29,127626,126524,-0.86346,-0.6101,-0.648,-0.0379,PASS,PASS,PASS,PASS
res_ss_-40c_3.63v,res_ss,-40,3.63,0.1,1,0.001,70.56,70.56,0,28.49,28.49,0,48684.2,48684.2,0,-0.4382,-0.4382,0,PASS,PASS,PASS,PASS
res_ss_-40c_3.63v,res_ss,-40,3.63,0.1,1,0.05,71.42,71.42,0,33.82,33.82,0,48690,48690,0,-0.4371,-0.4371,0,PASS,PASS,PASS,PASS
res_ss_-40c_3.63v,res_ss,-40,3.63,0.1,1,0.2,74.02,74.02,0,46.58,46.58,0,48778.8,48778.8,0,-0.4203,-0.4203,0,PASS,PASS,PASS,PASS
res_ss_-40c_3.63v,res_ss,-40,3.63,0.1,1,0.5,79.17,78.85,-0.32,40.96,41.21,0.25,49284.9,48972.7,-0.63346,-0.4223,-0.4284,-0.0061,PASS,PASS,PASS,PASS
res_ss_-40c_3.63v,res_ss,-40,3.63,0.1,4.7,0.001,59.05,59.05,0,43.82,43.82,0,10598.2,10598.2,0,-0.5422,-0.5422,0,PASS,PASS,PASS,PASS
res_ss_-40c_3.63v,res_ss,-40,3.63,0.1,4.7,0.05,59.93,59.93,0,53.18,53.18,0,10599.3,10599.3,0,-0.541,-0.541,0,PASS,PASS,PASS,PASS
res_ss_-40c_3.63v,res_ss,-40,3.63,0.1,4.7,0.2,62.66,62.66,0,48.25,48.25,0,10615.1,10615.1,0,-0.5234,-0.5234,0,PASS,PASS,PASS,PASS
res_ss_-40c_3.63v,res_ss,-40,3.63,0.1,4.7,0.5,68.26,67.99,-0.27,41.86,42.09,0.23,10705.2,10677.7,-0.256885,-0.5438,-0.5127,0.0311,PASS,PASS,PASS,PASS
res_ss_-40c_3.63v,res_ss,-40,3.63,1,0.33,0.001,39.58,39.58,0,10.13,10.13,0,331112,331112,0,-0.5962,-0.5962,0,FAIL,FAIL,PASS,PASS
res_ss_-40c_3.63v,res_ss,-40,3.63,1,0.33,0.05,41.49,41.49,0,11.22,11.22,0,331259,331259,0,-0.5906,-0.5906,0,FAIL,FAIL,PASS,PASS
res_ss_-40c_3.63v,res_ss,-40,3.63,1,0.33,0.2,47.11,47.11,0,15.17,15.17,0,333506,333506,0,-0.5723,-0.5723,0,PASS,PASS,PASS,PASS
res_ss_-40c_3.63v,res_ss,-40,3.63,1,0.33,0.5,57.34,57.34,0,19.7,19.7,0,346666,346666,0,-0.5542,-0.5542,0,PASS,PASS,PASS,PASS
res_ss_-40c_3.63v,res_ss,-40,3.63,1,1,0.001,66.99,66.99,0,19.85,19.85,0,124959,124959,0,-0.475,-0.475,0,PASS,PASS,PASS,PASS
res_ss_-40c_3.63v,res_ss,-40,3.63,1,1,0.05,69.18,69.18,0,23.57,23.57,0,125052,125052,0,-0.4677,-0.4677,0,PASS,PASS,PASS,PASS
res_ss_-40c_3.63v,res_ss,-40,3.63,1,1,0.2,75.79,75.79,0,29.25,29.25,0,126492,126492,0,-0.458,-0.458,0,PASS,PASS,PASS,PASS
res_ss_-40c_3.63v,res_ss,-40,3.63,1,1,0.5,88.69,88.69,0,24.59,24.59,0,135523,135523,0,-0.4027,-0.4027,0,PASS,PASS,PASS,PASS
res_ss_-40c_3.63v,res_ss,-40,3.63,1,4.7,0.001,57.69,57.69,0,33.88,33.88,0,27310.5,27310.5,0,-0.5712,-0.5712,0,PASS,PASS,PASS,PASS
res_ss_-40c_3.63v,res_ss,-40,3.63,1,4.7,0.05,59.97,59.97,0,42.37,42.37,0,27328.4,27328.4,0,-0.5635,-0.5635,0,PASS,PASS,PASS,PASS
res_ss_-40c_3.63v,res_ss,-40,3.63,1,4.7,0.2,67.19,67.19,0,33.25,33.25,0,27604.5,27604.5,0,-0.5056,-0.5056,0,PASS,PASS,PASS,PASS
res_ss_-40c_3.63v,res_ss,-40,3.63,1,4.7,0.5,82.95,82.95,0,25.89,25.89,0,29331.4,29331.4,0,-0.4545,-0.4545,0,PASS,PASS,PASS,PASS
res_ss_-40c_3.63v,res_ss,-40,3.63,10,0.33,0.001,14.68,14.68,0,3.62,3.62,0,584371,584371,0,-0.7424,-0.7424,0,FAIL,FAIL,PASS,PASS
res_ss_-40c_3.63v,res_ss,-40,3.63,10,0.33,0.05,18.01,18.01,0,4.75,4.75,0,585041,585041,0,-0.725,-0.725,0,FAIL,FAIL,PASS,PASS
res_ss_-40c_3.63v,res_ss,-40,3.63,10,0.33,0.2,27.43,27.43,0,8.75,8.75,0,595365,595365,0,-0.7016,-0.7016,0,FAIL,FAIL,PASS,PASS
res_ss_-40c_3.63v,res_ss,-40,3.63,10,0.33,0.5,42.14,42.14,0,12.77,12.77,0,657509,657509,0,-0.5955,-0.5955,0,FAIL,FAIL,PASS,PASS
res_ss_-40c_3.63v,res_ss,-40,3.63,10,1,0.001,49.06,49.06,0,13.3,13.3,0,256153,256153,0,-0.5065,-0.5065,0,PASS,PASS,PASS,PASS
res_ss_-40c_3.63v,res_ss,-40,3.63,10,1,0.05,53.5,53.5,0,17.05,17.05,0,256850,256850,0,-0.535,-0.535,0,PASS,PASS,PASS,PASS
res_ss_-40c_3.63v,res_ss,-40,3.63,10,1,0.2,66.27,66.27,0,22.15,22.15,0,268063,268063,0,-0.4722,-0.4722,0,PASS,PASS,PASS,PASS
res_ss_-40c_3.63v,res_ss,-40,3.63,10,1,0.5,86.1,86.1,0,17.37,17.37,0,356827,356827,0,-0.3302,-0.3302,0,PASS,PASS,PASS,PASS
res_ss_-40c_3.63v,res_ss,-40,3.63,10,4.7,0.001,58.51,58.51,0,27.09,27.09,0,62377.2,62377.2,0,-0.5098,-0.5098,0,PASS,PASS,PASS,PASS
res_ss_-40c_3.63v,res_ss,-40,3.63,10,4.7,0.05,63.74,63.74,0,35.15,35.15,0,62606.4,62606.4,0,-0.5257,-0.5257,0,PASS,PASS,PASS,PASS
res_ss_-40c_3.63v,res_ss,-40,3.63,10,4.7,0.2,80.61,80.61,0,26.08,26.08,0,66428,66428,0,-0.4437,-0.4437,0,PASS,PASS,PASS,PASS
res_ss_-40c_3.63v,res_ss,-40,3.63,10,4.7,0.5,121.6,121.6,0,18.63,18.63,0,119078,119078,0,-0.1308,-0.1308,0,PASS,PASS,PASS,PASS
res_ss_-40c_3.63v,res_ss,-40,3.63,25,0.33,0.001,2.21,2.21,0,0.55,0.55,0,700015,700015,0,-0.7826,-0.7826,0,FAIL,FAIL,PASS,PASS
res_ss_-40c_3.63v,res_ss,-40,3.63,25,0.33,0.05,6.18,6.18,0,1.65,1.65,0,701052,701052,0,-0.758,-0.758,0,FAIL,FAIL,PASS,PASS
res_ss_-40c_3.63v,res_ss,-40,3.63,25,0.33,0.2,17.18,17.18,0,5.57,5.57,0,717168,717168,0,-0.735,-0.735,0,FAIL,FAIL,PASS,PASS
res_ss_-40c_3.63v,res_ss,-40,3.63,25,0.33,0.5,32.81,32.81,0,9.73,9.73,0,813266,813266,0,-0.6385,-0.6385,0,FAIL,FAIL,PASS,PASS
res_ss_-40c_3.63v,res_ss,-40,3.63,25,1,0.001,38.84,38.84,0,10.21,10.21,0,331988,331988,0,-0.552,-0.552,0,FAIL,FAIL,PASS,PASS
res_ss_-40c_3.63v,res_ss,-40,3.63,25,1,0.05,44.54,44.54,0,13.87,13.87,0,333377,333377,0,-0.5656,-0.5656,0,FAIL,FAIL,PASS,PASS
res_ss_-40c_3.63v,res_ss,-40,3.63,25,1,0.2,60.13,60.13,0,19.15,19.15,0,356103,356103,0,-0.5385,-0.5385,0,PASS,PASS,PASS,PASS
res_ss_-40c_3.63v,res_ss,-40,3.63,25,1,0.5,76.39,76.39,0,14.46,14.46,0,535874,535874,0,-0.3792,-0.3792,0,PASS,PASS,PASS,PASS
res_ss_-40c_3.63v,res_ss,-40,3.63,25,4.7,0.001,59.54,59.54,0,23.96,23.96,0,84509.3,84509.3,0,-0.5082,-0.5082,0,PASS,PASS,PASS,PASS
res_ss_-40c_3.63v,res_ss,-40,3.63,25,4.7,0.05,66.59,66.59,0,32.16,32.16,0,85100.6,85100.6,0,-0.4888,-0.4888,0,PASS,PASS,PASS,PASS
res_ss_-40c_3.63v,res_ss,-40,3.63,25,4.7,0.2,89.36,89.36,0,23.19,23.19,0,95896.6,95896.6,0,-0.3874,-0.3874,0,PASS,PASS,PASS,PASS
res_ss_-40c_3.63v,res_ss,-40,3.63,25,4.7,0.5,111.93,111.93,0,15.74,15.74,0,395257,395257,0,-0.1862,-0.1862,0,PASS,PASS,PASS,PASS
res_ss_-40c_3.63v,res_ss,-40,3.63,50,0.33,0.001,-6.57,-6.57,0,-1.63,-1.63,0,795632,795632,0,-0.8062,-0.8062,0,FAIL,FAIL,PASS,PASS
res_ss_-40c_3.63v,res_ss,-40,3.63,50,0.33,0.05,-2.06,-2.06,0,-0.55,-0.55,0,797044,797044,0,-0.8682,-0.8682,0,FAIL,FAIL,PASS,PASS
res_ss_-40c_3.63v,res_ss,-40,3.63,50,0.33,0.2,10.16,10.16,0,3.29,3.29,0,819292,819292,0,-0.7609,-0.7609,0,FAIL,FAIL,PASS,PASS
res_ss_-40c_3.63v,res_ss,-40,3.63,50,0.33,0.5,25.97,25.97,0,7.46,7.46,0,950176,950176,0,-0.66,-0.66,0,FAIL,FAIL,PASS,PASS
res_ss_-40c_3.63v,res_ss,-40,3.63,50,1,0.001,31.14,31.14,0,8.01,8.01,0,395808,395808,0,-0.6226,-0.6226,0,FAIL,FAIL,PASS,PASS
res_ss_-40c_3.63v,res_ss,-40,3.63,50,1,0.05,37.88,37.88,0,11.6,11.6,0,398007,398007,0,-0.6192,-0.6192,0,FAIL,FAIL,PASS,PASS
res_ss_-40c_3.63v,res_ss,-40,3.63,50,1,0.2,55.44,55.44,0,16.88,16.88,0,434429,434429,0,-0.5276,-0.5276,0,PASS,PASS,PASS,PASS
res_ss_-40c_3.63v,res_ss,-40,3.63,50,1,0.5,66.58,66.58,0,12.23,12.23,0,701371,701371,0,-0.3955,-0.3955,0,PASS,PASS,PASS,PASS
res_ss_-40c_3.63v,res_ss,-40,3.63,50,4.7,0.001,59.44,59.44,0,21.73,21.73,0,105153,105153,0,-0.5049,-0.5049,0,PASS,PASS,PASS,PASS
res_ss_-40c_3.63v,res_ss,-40,3.63,50,4.7,0.05,68.17,68.17,0,29.89,29.89,0,106312,106312,0,-0.4981,-0.4981,0,PASS,PASS,PASS,PASS
res_ss_-40c_3.63v,res_ss,-40,3.63,50,4.7,0.2,95.94,95.94,0,20.96,20.96,0,130017,130017,0,-0.3314,-0.3314,0,PASS,PASS,PASS,PASS
res_ss_-40c_3.63v,res_ss,-40,3.63,50,4.7,0.5,92.14,92.14,0,13.51,13.51,0,618176,618176,0,-0.2877,-0.2877,0,PASS,PASS,PASS,PASS
res_ss_125c_2.97v,res_ss,125,2.97,0,0.33,0.001,23.28,23.31,0.03,53.1,53.1,0,2043.23,2043.44,0.0102778,-0.8123,-0.8105,0.0018,FAIL,FAIL,PASS,PASS
res_ss_125c_2.97v,res_ss,125,2.97,0,0.33,0.05,23.32,23.32,0,53.09,53.09,0,2043.44,2043.44,0,-0.8105,-0.8105,0,FAIL,FAIL,PASS,PASS
res_ss_125c_2.97v,res_ss,125,2.97,0,0.33,0.2,23.36,23.36,0,53.08,53.08,0,2043.44,2043.44,0,-0.8105,-0.8105,0,FAIL,FAIL,PASS,PASS
res_ss_125c_2.97v,res_ss,125,2.97,0,0.33,0.5,23.43,23.43,0,53.05,53.05,0,2043.45,2043.45,0,-0.8105,-0.8105,0,FAIL,FAIL,PASS,PASS
res_ss_125c_2.97v,res_ss,125,2.97,0,1,0.001,13.6,13.62,0.02,53.08,53.08,0,1139.55,1139.59,0.00351016,-0.9029,-0.9023,0.0006,FAIL,FAIL,PASS,PASS
res_ss_125c_2.97v,res_ss,125,2.97,0,1,0.05,13.64,13.64,0,53.08,53.08,0,1139.59,1139.59,0,-0.9023,-0.9023,0,FAIL,FAIL,PASS,PASS
res_ss_125c_2.97v,res_ss,125,2.97,0,1,0.2,13.7,13.7,0,53.06,53.06,0,1139.59,1139.59,0,-0.9023,-0.9023,0,FAIL,FAIL,PASS,PASS
res_ss_125c_2.97v,res_ss,125,2.97,0,1,0.5,13.82,13.82,0,53.04,53.04,0,1139.6,1139.6,0,-0.9022,-0.9022,0,FAIL,FAIL,PASS,PASS
res_ss_125c_2.97v,res_ss,125,2.97,0,4.7,0.001,6.5,6.5,0,53.08,53.08,0,519.641,519.644,0.000577322,-0.8663,-0.8662,0.0001,FAIL,FAIL,PASS,PASS
res_ss_125c_2.97v,res_ss,125,2.97,0,4.7,0.05,6.55,6.55,0,53.07,53.07,0,519.644,519.644,0,-0.8662,-0.8662,0,FAIL,FAIL,PASS,PASS
res_ss_125c_2.97v,res_ss,125,2.97,0,4.7,0.2,6.68,6.68,0,53.06,53.06,0,519.645,519.645,0,-0.8661,-0.8661,0,FAIL,FAIL,PASS,PASS
res_ss_125c_2.97v,res_ss,125,2.97,0,4.7,0.5,6.94,6.94,0,53.03,53.03,0,519.651,519.651,0,-0.8659,-0.8659,0,FAIL,FAIL,PASS,PASS
res_ss_125c_2.97v,res_ss,125,2.97,0.1,0.33,0.001,66.66,67.22,0.56,23.22,23.28,0.06,56373.1,57146.3,1.37158,-0.4327,-0.4627,-0.03,PASS,PASS,PASS,PASS
res_ss_125c_2.97v,res_ss,125,2.97,0.1,0.33,0.05,66.98,67.55,0.57,24.06,24.13,0.07,56374,57147.2,1.37155,-0.4325,-0.4626,-0.0301,PASS,PASS,PASS,PASS
res_ss_125c_2.97v,res_ss,125,2.97,0.1,0.33,0.2,67.98,68.56,0.58,27.2,27.32,0.12,56388.2,57162.1,1.37245,-0.4301,-0.4601,-0.03,PASS,PASS,PASS,PASS
res_ss_125c_2.97v,res_ss,125,2.97,0.1,0.33,0.5,69.97,69.97,0,36.21,36.21,0,56468.7,56468.7,0,-0.4672,-0.4672,0,PASS,PASS,PASS,PASS
res_ss_125c_2.97v,res_ss,125,2.97,0.1,1,0.001,68.06,68.62,0.56,33.25,33.33,0.08,17837.5,17978.9,0.792712,-0.4924,-0.4707,0.0217,PASS,PASS,PASS,PASS
res_ss_125c_2.97v,res_ss,125,2.97,0.1,1,0.05,68.37,68.94,0.57,36.45,36.6,0.15,17837.8,17979.2,0.792699,-0.4923,-0.4706,0.0217,PASS,PASS,PASS,PASS
res_ss_125c_2.97v,res_ss,125,2.97,0.1,1,0.2,69.34,69.91,0.57,49.56,48.68,-0.88,17841.7,17983.2,0.793086,-0.49,-0.4683,0.0217,PASS,PASS,PASS,PASS
res_ss_125c_2.97v,res_ss,125,2.97,0.1,1,0.5,71.29,71.29,0,44.68,44.68,0,17864,17864,0,-0.4773,-0.4773,0,PASS,PASS,PASS,PASS
res_ss_125c_2.97v,res_ss,125,2.97,0.1,4.7,0.001,38.91,39.3,0.39,53.84,53.94,0.1,5424.88,5436.95,0.222493,-0.7313,-0.6986,0.0327,FAIL,FAIL,PASS,PASS
res_ss_125c_2.97v,res_ss,125,2.97,0.1,4.7,0.05,39.36,39.75,0.39,53.19,53.13,-0.06,5424.99,5437.05,0.222305,-0.731,-0.6983,0.0327,FAIL,FAIL,PASS,PASS
res_ss_125c_2.97v,res_ss,125,2.97,0.1,4.7,0.2,40.74,41.14,0.4,50.58,50.11,-0.47,5426.61,5438.69,0.222607,-0.7264,-0.6937,0.0327,FAIL,FAIL,PASS,PASS
res_ss_125c_2.97v,res_ss,125,2.97,0.1,4.7,0.5,43.54,43.54,0,45.67,45.67,0,5435.75,5435.75,0,-0.7005,-0.7005,0,FAIL,FAIL,PASS,PASS
res_ss_125c_2.97v,res_ss,125,2.97,1,0.33,0.001,58.48,58.48,0,12.89,12.89,0,172630,172630,0,-0.4832,-0.4832,0,PASS,PASS,PASS,PASS
res_ss_125c_2.97v,res_ss,125,2.97,1,0.33,0.05,59.49,59.49,0,13.51,13.51,0,172655,172655,0,-0.4817,-0.4817,0,PASS,PASS,PASS,PASS
res_ss_125c_2.97v,res_ss,125,2.97,1,0.33,0.2,62.5,62.5,0,15.52,15.52,0,173047,173047,0,-0.4588,-0.4588,0,PASS,PASS,PASS,PASS
res_ss_125c_2.97v,res_ss,125,2.97,1,0.33,0.5,68.34,68.34,0,18.75,18.75,0,175304,175304,0,-0.4347,-0.4347,0,PASS,PASS,PASS,PASS
res_ss_125c_2.97v,res_ss,125,2.97,1,1,0.001,70.65,70.65,0,22.62,22.62,0,55614.3,55614.3,0,-0.425,-0.425,0,PASS,PASS,PASS,PASS
res_ss_125c_2.97v,res_ss,125,2.97,1,1,0.05,71.64,71.64,0,24.6,24.6,0,55622.6,55622.6,0,-0.4236,-0.4236,0,PASS,PASS,PASS,PASS
res_ss_125c_2.97v,res_ss,125,2.97,1,1,0.2,74.66,74.66,0,28.9,28.9,0,55754.6,55754.6,0,-0.4019,-0.4019,0,PASS,PASS,PASS,PASS
res_ss_125c_2.97v,res_ss,125,2.97,1,1,0.5,80.79,80.79,0,26.29,26.29,0,56519.8,56519.8,0,-0.419,-0.419,0,PASS,PASS,PASS,PASS
res_ss_125c_2.97v,res_ss,125,2.97,1,4.7,0.001,41.44,41.44,0,36.68,36.68,0,15258.1,15258.1,0,-0.6635,-0.6635,0,FAIL,FAIL,PASS,PASS
res_ss_125c_2.97v,res_ss,125,2.97,1,4.7,0.05,42.72,42.72,0,42.7,42.7,0,15260.5,15260.5,0,-0.6612,-0.6612,0,FAIL,FAIL,PASS,PASS
res_ss_125c_2.97v,res_ss,125,2.97,1,4.7,0.2,46.66,46.66,0,35.34,35.34,0,15297.5,15297.5,0,-0.7011,-0.7011,0,PASS,PASS,PASS,PASS
res_ss_125c_2.97v,res_ss,125,2.97,1,4.7,0.5,54.81,54.81,0,28.36,28.36,0,15510.1,15510.1,0,-0.6482,-0.6482,0,PASS,PASS,PASS,PASS
res_ss_125c_2.97v,res_ss,125,2.97,10,0.33,0.001,34.55,34.55,0,5.98,5.98,0,365620,365620,0,-0.5083,-0.5083,0,FAIL,FAIL,PASS,PASS
res_ss_125c_2.97v,res_ss,125,2.97,10,0.33,0.05,36.65,36.65,0,6.56,6.56,0,365840,365840,0,-0.5016,-0.5016,0,FAIL,FAIL,PASS,PASS
res_ss_125c_2.97v,res_ss,125,2.97,10,0.33,0.2,42.72,42.72,0,8.38,8.38,0,369286,369286,0,-0.5146,-0.5146,0,FAIL,FAIL,PASS,PASS
res_ss_125c_2.97v,res_ss,125,2.97,10,0.33,0.5,53.22,53.22,0,10.83,10.83,0,390208,390208,0,-0.4396,-0.4396,0,PASS,PASS,PASS,PASS
res_ss_125c_2.97v,res_ss,125,2.97,10,1,0.001,60.29,60.29,0,15.64,15.64,0,129169,129169,0,-0.4459,-0.4459,0,PASS,PASS,PASS,PASS
res_ss_125c_2.97v,res_ss,125,2.97,10,1,0.05,62.56,62.56,0,17.44,17.44,0,129262,129262,0,-0.4907,-0.4907,0,PASS,PASS,PASS,PASS
res_ss_125c_2.97v,res_ss,125,2.97,10,1,0.2,69.5,69.5,0,20.64,20.64,0,130792,130792,0,-0.476,-0.476,0,PASS,PASS,PASS,PASS
res_ss_125c_2.97v,res_ss,125,2.97,10,1,0.5,83.45,83.45,0,17.65,17.65,0,140586,140586,0,-0.3845,-0.3845,0,PASS,PASS,PASS,PASS
res_ss_125c_2.97v,res_ss,125,2.97,10,4.7,0.001,44.81,44.81,0,29.33,29.33,0,34620.8,34620.8,0,-0.6544,-0.6544,0,FAIL,FAIL,PASS,PASS
res_ss_125c_2.97v,res_ss,125,2.97,10,4.7,0.05,47.7,47.7,0,34.02,34.02,0,34650.7,34650.7,0,-0.6424,-0.6424,0,PASS,PASS,PASS,PASS
res_ss_125c_2.97v,res_ss,125,2.97,10,4.7,0.2,56.84,56.84,0,26.8,26.8,0,35130.2,35130.2,0,-0.5944,-0.5944,0,PASS,PASS,PASS,PASS
res_ss_125c_2.97v,res_ss,125,2.97,10,4.7,0.5,76.59,76.59,0,19.66,19.66,0,38186.8,38186.8,0,-0.5122,-0.5122,0,PASS,PASS,PASS,PASS
res_ss_125c_2.97v,res_ss,125,2.97,25,0.33,0.001,18.51,18.51,0,3.16,3.16,0,460774,460774,0,-0.5722,-0.5722,0,FAIL,FAIL,PASS,PASS
res_ss_125c_2.97v,res_ss,125,2.97,25,0.33,0.05,21.13,21.13,0,3.74,3.74,0,461150,461150,0,-0.6293,-0.6293,0,FAIL,FAIL,PASS,PASS
res_ss_125c_2.97v,res_ss,125,2.97,25,0.33,0.2,28.5,28.5,0,5.57,5.57,0,467164,467164,0,-0.6005,-0.6005,0,FAIL,FAIL,PASS,PASS
res_ss_125c_2.97v,res_ss,125,2.97,25,0.33,0.5,39.97,39.97,0,8.13,8.13,0,503681,503681,0,-0.5404,-0.5404,0,FAIL,FAIL,PASS,PASS
res_ss_125c_2.97v,res_ss,125,2.97,25,1,0.001,54.75,54.75,0,12.8,12.8,0,173191,173191,0,-0.4556,-0.4556,0,PASS,PASS,PASS,PASS
res_ss_125c_2.97v,res_ss,125,2.97,25,1,0.05,57.78,57.78,0,14.6,14.6,0,173412,173412,0,-0.4954,-0.4954,0,PASS,PASS,PASS,PASS
res_ss_125c_2.97v,res_ss,125,2.97,25,1,0.2,66.87,66.87,0,17.98,17.98,0,177094,177094,0,-0.4409,-0.4409,0,PASS,PASS,PASS,PASS
res_ss_125c_2.97v,res_ss,125,2.97,25,1,0.5,84.28,84.28,0,15.11,15.11,0,203156,203156,0,-0.3401,-0.3401,0,PASS,PASS,PASS,PASS
res_ss_125c_2.97v,res_ss,125,2.97,25,4.7,0.001,48.01,48.01,0,26.44,26.44,0,44775.1,44775.1,0,-0.5706,-0.5706,0,PASS,PASS,PASS,PASS
res_ss_125c_2.97v,res_ss,125,2.97,25,4.7,0.05,51.76,51.76,0,31.39,31.39,0,44843.2,44843.2,0,-0.6166,-0.6166,0,PASS,PASS,PASS,PASS
res_ss_125c_2.97v,res_ss,125,2.97,25,4.7,0.2,63.68,63.68,0,24.28,24.28,0,45963.1,45963.1,0,-0.5623,-0.5623,0,PASS,PASS,PASS,PASS
res_ss_125c_2.97v,res_ss,125,2.97,25,4.7,0.5,90.26,90.26,0,17.13,17.13,0,54081,54081,0,-0.3716,-0.3716,0,PASS,PASS,PASS,PASS
res_ss_125c_2.97v,res_ss,125,2.97,50,0.33,0.001,7.06,7.06,0,1.19,1.19,0,534441,534441,0,-0.6541,-0.6541,0,FAIL,FAIL,PASS,PASS
res_ss_125c_2.97v,res_ss,125,2.97,50,0.33,0.05,10.09,10.09,0,1.77,1.77,0,534943,534943,0,-0.6409,-0.6409,0,FAIL,FAIL,PASS,PASS
res_ss_125c_2.97v,res_ss,125,2.97,50,0.33,0.2,18.41,18.41,0,3.58,3.58,0,543309,543309,0,-0.6498,-0.6498,0,FAIL,FAIL,PASS,PASS
res_ss_125c_2.97v,res_ss,125,2.97,50,0.33,0.5,30.26,30.26,0,6.14,6.14,0,593704,593704,0,-0.5643,-0.5643,0,FAIL,FAIL,PASS,PASS
res_ss_125c_2.97v,res_ss,125,2.97,50,1,0.001,50.05,50.05,0,10.81,10.81,0,211538,211538,0,-0.4762,-0.4762,0,PASS,PASS,PASS,PASS
res_ss_125c_2.97v,res_ss,125,2.97,50,1,0.05,53.74,53.74,0,12.59,12.59,0,211927,211927,0,-0.4571,-0.4571,0,PASS,PASS,PASS,PASS
res_ss_125c_2.97v,res_ss,125,2.97,50,1,0.2,64.54,64.54,0,15.98,15.98,0,218612,218612,0,-0.4592,-0.4592,0,PASS,PASS,PASS,PASS
res_ss_125c_2.97v,res_ss,125,2.97,50,1,0.5,83.29,83.29,0,13.15,13.15,0,271289,271289,0,-0.2919,-0.2919,0,PASS,PASS,PASS,PASS
res_ss_125c_2.97v,res_ss,125,2.97,50,4.7,0.001,50.44,50.44,0,24.42,24.42,0,53371.2,53371.2,0,-0.5767,-0.5767,0,PASS,PASS,PASS,PASS
res_ss_125c_2.97v,res_ss,125,2.97,50,4.7,0.05,54.9,54.9,0,29.38,29.38,0,53489.7,53489.6,-0.000186952,-0.5492,-0.5492,0,PASS,PASS,PASS,PASS
res_ss_125c_2.97v,res_ss,125,2.97,50,4.7,0.2,69.19,69.19,0,22.33,22.33,0,55505.8,55505.8,0,-0.5342,-0.5342,0,PASS,PASS,PASS,PASS
res_ss_125c_2.97v,res_ss,125,2.97,50,4.7,0.5,102.04,102.04,0,15.18,15.18,0,72940.8,72940.8,0,-0.2717,-0.2717,0,PASS,PASS,PASS,PASS
res_ss_125c_3.30v,res_ss,125,3.3,0,0.33,0.001,24.58,24.58,0,53.04,53.04,0,2170.98,2170.98,0,-0.8463,-0.8463,0,FAIL,FAIL,PASS,PASS
res_ss_125c_3.30v,res_ss,125,3.3,0,0.33,0.05,24.59,24.62,0.03,53.04,53.04,0,2170.98,2171.22,0.0110549,-0.8463,-0.8444,0.0019,FAIL,FAIL,PASS,PASS
res_ss_125c_3.30v,res_ss,125,3.3,0,0.33,0.2,24.63,24.66,0.03,53.03,53.03,0,2170.98,2171.22,0.0110549,-0.8463,-0.8444,0.0019,FAIL,FAIL,PASS,PASS
res_ss_125c_3.30v,res_ss,125,3.3,0,0.33,0.5,24.71,24.74,0.03,53.01,53.01,0,2170.98,2171.22,0.0110549,-0.8463,-0.8444,0.0019,FAIL,FAIL,PASS,PASS
res_ss_125c_3.30v,res_ss,125,3.3,0,1,0.001,14.39,14.39,0,53.03,53.03,0,1206.58,1206.58,0,-0.9066,-0.9066,0,FAIL,FAIL,PASS,PASS
res_ss_125c_3.30v,res_ss,125,3.3,0,1,0.05,14.41,14.43,0.02,53.03,53.03,0,1206.58,1206.62,0.00331516,-0.9066,-0.906,0.0006,FAIL,FAIL,PASS,PASS
res_ss_125c_3.30v,res_ss,125,3.3,0,1,0.2,14.48,14.5,0.02,53.02,53.02,0,1206.58,1206.63,0.00414394,-0.9066,-0.906,0.0006,FAIL,FAIL,PASS,PASS
res_ss_125c_3.30v,res_ss,125,3.3,0,1,0.5,14.61,14.63,0.02,52.99,53,0.01,1206.59,1206.63,0.00331513,-0.9066,-0.9059,0.0007,FAIL,FAIL,PASS,PASS
res_ss_125c_3.30v,res_ss,125,3.3,0,4.7,0.001,6.92,6.92,0,53.03,53.03,0,549.457,549.457,0,-0.8961,-0.8961,0,FAIL,FAIL,PASS,PASS
res_ss_125c_3.30v,res_ss,125,3.3,0,4.7,0.05,6.97,6.97,0,53.02,53.03,0.01,549.456,549.46,0.000727993,-0.8961,-0.896,0.0001,FAIL,FAIL,PASS,PASS
res_ss_125c_3.30v,res_ss,125,3.3,0,4.7,0.2,7.11,7.11,0,53.01,53.01,0,549.458,549.462,0.00072799,-0.8961,-0.8959,0.0002,FAIL,FAIL,PASS,PASS
res_ss_125c_3.30v,res_ss,125,3.3,0,4.7,0.5,7.38,7.39,0.01,52.99,52.99,0,549.465,549.469,0.000727981,-0.8958,-0.8957,0.0001,FAIL,FAIL,PASS,PASS
res_ss_125c_3.30v,res_ss,125,3.3,0.1,0.33,0.001,63.2,63.2,0,22.93,22.93,0,64645,64645,0,-0.4726,-0.4726,0,PASS,PASS,PASS,PASS
res_ss_125c_3.30v,res_ss,125,3.3,0.1,0.33,0.05,63.57,63.57,0,23.88,23.88,0,64646.3,64646.3,0,-0.4724,-0.4724,0,PASS,PASS,PASS,PASS
res_ss_125c_3.30v,res_ss,125,3.3,0.1,0.33,0.2,64.72,64.72,0,27.57,27.57,0,64666.5,64666.5,0,-0.4692,-0.4692,0,PASS,PASS,PASS,PASS
res_ss_125c_3.30v,res_ss,125,3.3,0.1,0.33,0.5,66.98,66.98,0,38.1,38.1,0,64781,64781,0,-0.5053,-0.5053,0,PASS,PASS,PASS,PASS
res_ss_125c_3.30v,res_ss,125,3.3,0.1,1,0.001,70.31,70.31,0,32.95,32.95,0,20561.3,20561.3,0,-0.4381,-0.4381,0,PASS,PASS,PASS,PASS
res_ss_125c_3.30v,res_ss,125,3.3,0.1,1,0.05,70.67,70.67,0,36.66,36.66,0,20561.8,20561.8,0,-0.4379,-0.4379,0,PASS,PASS,PASS,PASS
res_ss_125c_3.30v,res_ss,125,3.3,0.1,1,0.2,71.79,71.79,0,50.02,50.02,0,20568.1,20568.1,0,-0.435,-0.435,0,PASS,PASS,PASS,PASS
res_ss_125c_3.30v,res_ss,125,3.3,0.1,1,0.5,74.03,74.03,0,44.92,44.92,0,20603.9,20603.9,0,-0.4676,-0.4676,0,PASS,PASS,PASS,PASS
res_ss_125c_3.30v,res_ss,125,3.3,0.1,4.7,0.001,42.18,42.18,0,53.75,53.75,0,5893.8,5893.8,0,-0.6732,-0.6732,0,FAIL,FAIL,PASS,PASS
res_ss_125c_3.30v,res_ss,125,3.3,0.1,4.7,0.05,42.67,42.67,0,53.14,53.14,0,5893.94,5893.94,0,-0.6728,-0.6728,0,FAIL,FAIL,PASS,PASS
res_ss_125c_3.30v,res_ss,125,3.3,0.1,4.7,0.2,44.17,44.17,0,50.65,50.65,0,5896.11,5896.11,0,-0.6674,-0.6674,0,FAIL,FAIL,PASS,PASS
res_ss_125c_3.30v,res_ss,125,3.3,0.1,4.7,0.5,47.22,47.22,0,45.77,45.77,0,5908.32,5908.32,0,-0.712,-0.712,0,PASS,PASS,PASS,PASS
res_ss_125c_3.30v,res_ss,125,3.3,1,0.33,0.001,54.15,54.15,0,12.51,12.51,0,198717,198717,0,-0.4857,-0.4857,0,PASS,PASS,PASS,PASS
res_ss_125c_3.30v,res_ss,125,3.3,1,0.33,0.05,55.3,55.3,0,13.23,13.23,0,198754,198754,0,-0.4837,-0.4837,0,PASS,PASS,PASS,PASS
res_ss_125c_3.30v,res_ss,125,3.3,1,0.33,0.2,58.75,58.75,0,15.65,15.65,0,199323,199323,0,-0.5092,-0.5092,0,PASS,PASS,PASS,PASS
res_ss_125c_3.30v,res_ss,125,3.3,1,0.33,0.5,65.36,65.36,0,19.46,19.46,0,202603,202603,0,-0.5031,-0.5031,0,PASS,PASS,PASS,PASS
res_ss_125c_3.30v,res_ss,125,3.3,1,1,0.001,71.69,71.69,0,22.24,22.24,0,65909.1,65909.1,0,-0.4444,-0.4444,0,PASS,PASS,PASS,PASS
res_ss_125c_3.30v,res_ss,125,3.3,1,1,0.05,72.86,72.86,0,24.6,24.6,0,65923.4,65923.4,0,-0.4424,-0.4424,0,PASS,PASS,PASS,PASS
res_ss_125c_3.30v,res_ss,125,3.3,1,1,0.2,76.42,76.42,0,29.59,29.59,0,66147.1,66147.1,0,-0.4117,-0.4117,0,PASS,PASS,PASS,PASS
res_ss_125c_3.30v,res_ss,125,3.3,1,1,0.5,83.62,83.62,0,26.5,26.5,0,67454.6,67454.6,0,-0.4221,-0.4221,0,PASS,PASS,PASS,PASS
res_ss_125c_3.30v,res_ss,125,3.3,1,4.7,0.001,45.53,45.53,0,36.33,36.33,0,16700.6,16700.7,0.000598781,-0.6519,-0.6519,0,PASS,PASS,PASS,PASS
res_ss_125c_3.30v,res_ss,125,3.3,1,4.7,0.05,46.92,46.92,0,43.31,43.31,0,16704,16704,0,-0.6491,-0.6491,0,PASS,PASS,PASS,PASS
res_ss_125c_3.30v,res_ss,125,3.3,1,4.7,0.2,51.25,51.25,0,35.43,35.43,0,16755.3,16755.3,0,-0.6775,-0.6775,0,PASS,PASS,PASS,PASS
res_ss_125c_3.30v,res_ss,125,3.3,1,4.7,0.5,60.27,60.27,0,28.36,28.36,0,17051.4,17051.4,0,-0.645,-0.645,0,PASS,PASS,PASS,PASS
res_ss_125c_3.30v,res_ss,125,3.3,10,0.33,0.001,32.02,32.02,0,5.87,5.87,0,403802,403802,0,-0.5196,-0.5196,0,FAIL,FAIL,PASS,PASS
res_ss_125c_3.30v,res_ss,125,3.3,10,0.33,0.05,34.33,34.33,0,6.56,6.56,0,404087,404087,0,-0.5728,-0.5728,0,FAIL,FAIL,PASS,PASS
res_ss_125c_3.30v,res_ss,125,3.3,10,0.33,0.2,40.98,40.98,0,8.71,8.71,0,408519,408519,0,-0.5083,-0.5083,0,FAIL,FAIL,PASS,PASS
res_ss_125c_3.30v,res_ss,125,3.3,10,0.33,0.5,52.27,52.27,0,11.45,11.45,0,435492,435492,0,-0.5083,-0.5083,0,PASS,PASS,PASS,PASS
res_ss_125c_3.30v,res_ss,125,3.3,10,1,0.001,60.03,60.03,0,15.54,15.54,0,146240,146240,0,-0.4697,-0.4697,0,PASS,PASS,PASS,PASS
res_ss_125c_3.30v,res_ss,125,3.3,10,1,0.05,62.6,62.6,0,17.67,17.67,0,146380,146380,0,-0.46,-0.46,0,PASS,PASS,PASS,PASS
res_ss_125c_3.30v,res_ss,125,3.3,10,1,0.2,70.4,70.4,0,21.2,21.2,0,148620,148620,0,-0.4636,-0.4636,0,PASS,PASS,PASS,PASS
res_ss_125c_3.30v,res_ss,125,3.3,10,1,0.5,85.93,85.93,0,17.75,17.75,0,163435,163435,0,-0.3599,-0.3599,0,PASS,PASS,PASS,PASS
res_ss_125c_3.30v,res_ss,125,3.3,10,4.7,0.001,47.45,47.45,0,29.26,29.26,0,37956.1,37956.1,0,-0.6317,-0.6317,0,PASS,PASS,PASS,PASS
res_ss_125c_3.30v,res_ss,125,3.3,10,4.7,0.05,50.62,50.62,0,34.49,34.49,0,37997.5,37997.5,0,-0.6171,-0.6171,0,PASS,PASS,PASS,PASS
res_ss_125c_3.30v,res_ss,125,3.3,10,4.7,0.2,60.69,60.69,0,26.77,26.77,0,38659.2,38659.2,0,-0.5909,-0.5909,0,PASS,PASS,PASS,PASS
res_ss_125c_3.30v,res_ss,125,3.3,10,4.7,0.5,82.79,82.79,0,19.55,19.55,0,43051.8,43051.8,0,-0.4692,-0.4692,0,PASS,PASS,PASS,PASS
res_ss_125c_3.30v,res_ss,125,3.3,25,0.33,0.001,16.69,16.69,0,3.06,3.06,0,500652,500652,0,-0.6433,-0.6433,0,FAIL,FAIL,PASS,PASS
res_ss_125c_3.30v,res_ss,125,3.3,25,0.33,0.05,19.53,19.53,0,3.74,3.74,0,501119,501119,0,-0.6308,-0.6308,0,FAIL,FAIL,PASS,PASS
res_ss_125c_3.30v,res_ss,125,3.3,25,0.33,0.2,27.52,27.52,0,5.91,5.91,0,508481,508481,0,-0.5801,-0.5801,0,FAIL,FAIL,PASS,PASS
res_ss_125c_3.30v,res_ss,125,3.3,25,0.33,0.5,39.77,39.77,0,8.8,8.8,0,553116,553116,0,-0.5452,-0.5452,0,FAIL,FAIL,PASS,PASS
res_ss_125c_3.30v,res_ss,125,3.3,25,1,0.001,53.55,53.55,0,12.71,12.71,0,194960,194960,0,-0.4855,-0.4855,0,PASS,PASS,PASS,PASS
res_ss_125c_3.30v,res_ss,125,3.3,25,1,0.05,56.96,56.96,0,14.84,14.84,0,195281,195281,0,-0.4684,-0.4684,0,PASS,PASS,PASS,PASS
res_ss_125c_3.30v,res_ss,125,3.3,25,1,0.2,67.08,67.08,0,18.58,18.58,0,200537,200537,0,-0.4632,-0.4632,0,PASS,PASS,PASS,PASS
res_ss_125c_3.30v,res_ss,125,3.3,25,1,0.5,85.79,85.79,0,15.24,15.24,0,239589,239589,0,-0.3337,-0.3337,0,PASS,PASS,PASS,PASS
res_ss_125c_3.30v,res_ss,125,3.3,25,4.7,0.001,50.29,50.29,0,26.38,26.38,0,49430,49430,0,-0.6036,-0.6036,0,PASS,PASS,PASS,PASS
res_ss_125c_3.30v,res_ss,125,3.3,25,4.7,0.05,54.43,54.43,0,31.91,31.91,0,49526.8,49526.8,0,-0.579,-0.579,0,PASS,PASS,PASS,PASS
res_ss_125c_3.30v,res_ss,125,3.3,25,4.7,0.2,67.66,67.66,0,24.29,24.29,0,51111.3,51111.3,0,-0.5084,-0.5084,0,PASS,PASS,PASS,PASS
res_ss_125c_3.30v,res_ss,125,3.3,25,4.7,0.5,97.84,97.84,0,17.06,17.06,0,63696.3,63696.3,0,-0.3307,-0.3307,0,PASS,PASS,PASS,PASS
res_ss_125c_3.30v,res_ss,125,3.3,50,0.33,0.001,5.78,5.78,0,1.05,1.05,0,577536,577536,0,-0.7238,-0.7238,0,FAIL,FAIL,PASS,PASS
res_ss_125c_3.30v,res_ss,125,3.3,50,0.33,0.05,9.05,9.05,0,1.72,1.72,0,578167,578167,0,-0.7077,-0.7077,0,FAIL,FAIL,PASS,PASS
res_ss_125c_3.30v,res_ss,125,3.3,50,0.33,0.2,18.03,18.03,0,3.86,3.86,0,588358,588358,0,-0.6878,-0.6878,0,FAIL,FAIL,PASS,PASS
res_ss_125c_3.30v,res_ss,125,3.3,50,0.33,0.5,30.67,30.67,0,6.76,6.76,0,649523,649523,0,-0.6053,-0.6053,0,FAIL,FAIL,PASS,PASS
res_ss_125c_3.30v,res_ss,125,3.3,50,1,0.001,48.17,48.17,0,10.68,10.68,0,237808,237808,0,-0.4699,-0.4699,0,PASS,PASS,PASS,PASS
res_ss_125c_3.30v,res_ss,125,3.3,50,1,0.05,52.31,52.31,0,12.78,12.78,0,238370,238370,0,-0.5001,-0.5001,0,PASS,PASS,PASS,PASS
res_ss_125c_3.30v,res_ss,125,3.3,50,1,0.2,64.25,64.25,0,16.54,16.54,0,247813,247813,0,-0.476,-0.476,0,PASS,PASS,PASS,PASS
res_ss_125c_3.30v,res_ss,125,3.3,50,1,0.5,83.23,83.23,0,13.24,13.24,0,326078,326078,0,-0.283,-0.283,0,PASS,PASS,PASS,PASS
res_ss_125c_3.30v,res_ss,125,3.3,50,4.7,0.001,52.48,52.48,0,24.33,24.33,0,59373.6,59373.6,0,-0.5273,-0.5273,0,PASS,PASS,PASS,PASS
res_ss_125c_3.30v,res_ss,125,3.3,50,4.7,0.05,57.45,57.45,0,29.86,29.86,0,59547,59547,0,-0.5533,-0.5533,0,PASS,PASS,PASS,PASS
res_ss_125c_3.30v,res_ss,125,3.3,50,4.7,0.2,73.43,73.43,0,22.3,22.3,0,62486.7,62486.7,0,-0.4728,-0.4728,0,PASS,PASS,PASS,PASS
res_ss_125c_3.30v,res_ss,125,3.3,50,4.7,0.5,111.17,111.17,0,15.06,15.06,0,93216.4,93216.4,0,-0.2067,-0.2067,0,PASS,PASS,PASS,PASS
res_ss_125c_3.63v,res_ss,125,3.63,0,0.33,0.001,25.8,25.8,0,53.02,53.02,0,2289.64,2289.64,0,-0.8165,-0.8165,0,FAIL,FAIL,PASS,PASS
res_ss_125c_3.63v,res_ss,125,3.63,0,0.33,0.05,25.81,25.81,0,53.02,53.02,0,2289.64,2289.64,0,-0.8165,-0.8165,0,FAIL,FAIL,PASS,PASS
res_ss_125c_3.63v,res_ss,125,3.63,0,0.33,0.2,25.85,25.85,0,53.01,53.01,0,2289.64,2289.64,0,-0.8165,-0.8165,0,FAIL,FAIL,PASS,PASS
res_ss_125c_3.63v,res_ss,125,3.63,0,0.33,0.5,25.93,25.93,0,52.99,52.99,0,2289.65,2289.65,0,-0.8164,-0.8164,0,FAIL,FAIL,PASS,PASS
res_ss_125c_3.63v,res_ss,125,3.63,0,1,0.001,15.19,15.19,0,53.01,53.01,0,1268.26,1268.26,0,-0.84,-0.84,0,FAIL,FAIL,PASS,PASS
res_ss_125c_3.63v,res_ss,125,3.63,0,1,0.05,15.21,15.21,0,53,53,0,1268.26,1268.26,0,-0.84,-0.84,0,FAIL,FAIL,PASS,PASS
res_ss_125c_3.63v,res_ss,125,3.63,0,1,0.2,15.28,15.28,0,53,53,0,1268.26,1268.26,0,-0.84,-0.84,0,FAIL,FAIL,PASS,PASS
res_ss_125c_3.63v,res_ss,125,3.63,0,1,0.5,15.42,15.42,0,52.98,52.98,0,1268.27,1268.27,0,-0.84,-0.84,0,FAIL,FAIL,PASS,PASS
res_ss_125c_3.63v,res_ss,125,3.63,0,4.7,0.001,7.47,7.47,0,53,53,0,576.784,576.784,0,-0.8527,-0.8527,0,FAIL,FAIL,PASS,PASS
res_ss_125c_3.63v,res_ss,125,3.63,0,4.7,0.05,7.51,7.51,0,53,53,0,576.784,576.784,0,-0.8527,-0.8527,0,FAIL,FAIL,PASS,PASS
res_ss_125c_3.63v,res_ss,125,3.63,0,4.7,0.2,7.66,7.66,0,52.99,52.99,0,576.785,576.785,0,-0.8526,-0.8526,0,FAIL,FAIL,PASS,PASS
res_ss_125c_3.63v,res_ss,125,3.63,0,4.7,0.5,7.95,7.95,0,52.97,52.97,0,576.794,576.794,0,-0.8523,-0.8523,0,FAIL,FAIL,PASS,PASS
res_ss_125c_3.63v,res_ss,125,3.63,0.1,0.33,0.001,59.78,59.78,0,22.68,22.68,0,72282.7,72282.7,0,-0.5369,-0.5369,0,PASS,PASS,PASS,PASS
res_ss_125c_3.63v,res_ss,125,3.63,0.1,0.33,0.05,60.2,60.2,0,23.73,23.73,0,72284.4,72284.4,0,-0.5366,-0.5366,0,PASS,PASS,PASS,PASS
res_ss_125c_3.63v,res_ss,125,3.63,0.1,0.33,0.2,61.48,61.48,0,28.02,28.02,0,72311.2,72311.2,0,-0.5326,-0.5326,0,PASS,PASS,PASS,PASS
res_ss_125c_3.63v,res_ss,125,3.63,0.1,0.33,0.5,64,64,0,39.67,39.67,0,72461.9,72461.9,0,-0.5099,-0.5099,0,PASS,PASS,PASS,PASS
res_ss_125c_3.63v,res_ss,125,3.63,0.1,1,0.001,71.7,71.7,0,32.68,32.68,0,23434.4,23434.4,0,-0.4389,-0.4389,0,PASS,PASS,PASS,PASS
res_ss_125c_3.63v,res_ss,125,3.63,0.1,1,0.05,72.11,72.11,0,36.93,36.93,0,23435,23435,0,-0.4386,-0.4386,0,PASS,PASS,PASS,PASS
res_ss_125c_3.63v,res_ss,125,3.63,0.1,1,0.2,73.38,73.38,0,50.32,50.32,0,23444.7,23444.7,0,-0.4347,-0.4347,0,PASS,PASS,PASS,PASS
res_ss_125c_3.63v,res_ss,125,3.63,0.1,1,0.5,75.93,75.93,0,45.14,45.14,0,23499.7,23499.7,0,-0.4129,-0.4129,0,PASS,PASS,PASS,PASS
res_ss_125c_3.63v,res_ss,125,3.63,0.1,4.7,0.001,45.22,45.22,0,53.68,53.68,0,6365.36,6365.36,0,-0.6939,-0.6939,0,PASS,PASS,PASS,PASS
res_ss_125c_3.63v,res_ss,125,3.63,0.1,4.7,0.05,45.75,45.75,0,53.11,53.11,0,6365.55,6365.55,0,-0.6934,-0.6934,0,PASS,PASS,PASS,PASS
res_ss_125c_3.63v,res_ss,125,3.63,0.1,4.7,0.2,47.37,47.37,0,50.73,50.73,0,6368.38,6368.38,0,-0.6871,-0.6871,0,PASS,PASS,PASS,PASS
res_ss_125c_3.63v,res_ss,125,3.63,0.1,4.7,0.5,50.68,50.68,0,45.88,45.88,0,6384.34,6384.34,0,-0.6514,-0.6514,0,PASS,PASS,PASS,PASS
res_ss_125c_3.63v,res_ss,125,3.63,1,0.33,0.001,49.74,49.74,0,12.12,12.12,0,223508,223508,0,-0.5502,-0.5502,0,PASS,PASS,PASS,PASS
res_ss_125c_3.63v,res_ss,125,3.63,1,0.33,0.05,51.03,51.03,0,12.95,12.95,0,223558,223558,0,-0.5477,-0.5477,0,PASS,PASS,PASS,PASS
res_ss_125c_3.63v,res_ss,125,3.63,1,0.33,0.2,54.9,54.9,0,15.8,15.8,0,224324,224324,0,-0.5091,-0.5091,0,PASS,PASS,PASS,PASS
res_ss_125c_3.63v,res_ss,125,3.63,1,0.33,0.5,62.22,62.22,0,20.18,20.18,0,228740,228740,0,-0.5271,-0.5271,0,PASS,PASS,PASS,PASS
res_ss_125c_3.63v,res_ss,125,3.63,1,1,0.001,71.52,71.52,0,21.86,21.86,0,77025.6,77025.6,0,-0.4451,-0.4451,0,PASS,PASS,PASS,PASS
res_ss_125c_3.63v,res_ss,125,3.63,1,1,0.05,72.88,72.88,0,24.6,24.6,0,77048.5,77048.5,0,-0.4423,-0.4423,0,PASS,PASS,PASS,PASS
res_ss_125c_3.63v,res_ss,125,3.63,1,1,0.2,77.02,77.02,0,30.23,30.23,0,77404.8,77404.8,0,-0.4004,-0.4004,0,PASS,PASS,PASS,PASS
res_ss_125c_3.63v,res_ss,125,3.63,1,1,0.5,85.31,85.31,0,26.7,26.7,0,79506,79506,0,-0.3951,-0.3951,0,PASS,PASS,PASS,PASS
res_ss_125c_3.63v,res_ss,125,3.63,1,4.7,0.001,49.56,49.56,0,35.98,35.98,0,18230.3,18230.3,0,-0.601,-0.601,0,PASS,PASS,PASS,PASS
res_ss_125c_3.63v,res_ss,125,3.63,1,4.7,0.05,51.08,51.08,0,43.85,43.85,0,18234.9,18234.9,0,-0.5977,-0.5977,0,PASS,PASS,PASS,PASS
res_ss_125c_3.63v,res_ss,125,3.63,1,4.7,0.2,55.82,55.82,0,35.53,35.53,0,18305.5,18305.5,0,-0.6138,-0.6138,0,PASS,PASS,PASS,PASS
res_ss_125c_3.63v,res_ss,125,3.63,1,4.7,0.5,65.78,65.78,0,28.38,28.38,0,18717.2,18717.2,0,-0.5883,-0.5883,0,PASS,PASS,PASS,PASS
res_ss_125c_3.63v,res_ss,125,3.63,10,0.33,0.001,29.86,29.86,0,5.78,5.78,0,439223,439223,0,-0.5686,-0.5686,0,FAIL,FAIL,PASS,PASS
res_ss_125c_3.63v,res_ss,125,3.63,10,0.33,0.05,32.37,32.37,0,6.55,6.55,0,439577,439577,0,-0.5588,-0.5588,0,FAIL,FAIL,PASS,PASS
res_ss_125c_3.63v,res_ss,125,3.63,10,0.33,0.2,39.57,39.57,0,9.06,9.06,0,445050,445050,0,-0.5381,-0.5381,0,FAIL,FAIL,PASS,PASS
res_ss_125c_3.63v,res_ss,125,3.63,10,0.33,0.5,51.56,51.56,0,12.03,12.03,0,478423,478423,0,-0.5074,-0.5074,0,PASS,PASS,PASS,PASS
res_ss_125c_3.63v,res_ss,125,3.63,10,1,0.001,59.5,59.5,0,15.45,15.45,0,163059,163059,0,-0.4772,-0.4772,0,PASS,PASS,PASS,PASS
res_ss_125c_3.63v,res_ss,125,3.63,10,1,0.05,62.36,62.36,0,17.9,17.9,0,163254,163254,0,-0.4651,-0.4651,0,PASS,PASS,PASS,PASS
res_ss_125c_3.63v,res_ss,125,3.63,10,1,0.2,71,71,0,21.68,21.68,0,166371,166371,0,-0.4327,-0.4327,0,PASS,PASS,PASS,PASS
res_ss_125c_3.63v,res_ss,125,3.63,10,1,0.5,87.96,87.96,0,17.82,17.82,0,187734,187734,0,-0.3402,-0.3402,0,PASS,PASS,PASS,PASS
res_ss_125c_3.63v,res_ss,125,3.63,10,4.7,0.001,49.8,49.79,-0.01,29.2,29.2,0,41276.1,41276.1,0,-0.5734,-0.5734,0,PASS,PASS,PASS,PASS
res_ss_125c_3.63v,res_ss,125,3.63,10,4.7,0.05,53.25,53.25,0,34.88,34.88,0,41332,41332,0,-0.5562,-0.5562,0,PASS,PASS,PASS,PASS
res_ss_125c_3.63v,res_ss,125,3.63,10,4.7,0.2,64.25,64.25,0,26.74,26.74,0,42220.6,42220.6,0,-0.5461,-0.5461,0,PASS,PASS,PASS,PASS
res_ss_125c_3.63v,res_ss,125,3.63,10,4.7,0.5,88.8,88.8,0,19.46,19.46,0,48421.6,48421.6,0,-0.4003,-0.4003,0,PASS,PASS,PASS,PASS
res_ss_125c_3.63v,res_ss,125,3.63,25,0.33,0.001,15.26,15.26,0,2.98,2.98,0,536989,536989,0,-0.6566,-0.6566,0,FAIL,FAIL,PASS,PASS
res_ss_125c_3.63v,res_ss,125,3.63,25,0.33,0.05,18.31,18.31,0,3.76,3.76,0,537549,537549,0,-0.6421,-0.6421,0,FAIL,FAIL,PASS,PASS
res_ss_125c_3.63v,res_ss,125,3.63,25,0.33,0.2,26.85,26.85,0,6.28,6.28,0,546298,546298,0,-0.6407,-0.6407,0,FAIL,FAIL,PASS,PASS
res_ss_125c_3.63v,res_ss,125,3.63,25,0.33,0.5,39.8,39.8,0,9.43,9.43,0,599323,599323,0,-0.5641,-0.5641,0,FAIL,FAIL,PASS,PASS
res_ss_125c_3.63v,res_ss,125,3.63,25,1,0.001,52.27,52.27,0,12.64,12.64,0,215719,215719,0,-0.5173,-0.5173,0,PASS,PASS,PASS,PASS
res_ss_125c_3.63v,res_ss,125,3.63,25,1,0.05,56.04,56.04,0,15.09,15.09,0,216154,216154,0,-0.4959,-0.4959,0,PASS,PASS,PASS,PASS
res_ss_125c_3.63v,res_ss,125,3.63,25,1,0.2,67.11,67.11,0,19.12,19.12,0,223235,223235,0,-0.4345,-0.4345,0,PASS,PASS,PASS,PASS
res_ss_125c_3.63v,res_ss,125,3.63,25,1,0.5,86.67,86.67,0,15.36,15.36,0,278317,278317,0,-0.3183,-0.3183,0,PASS,PASS,PASS,PASS
res_ss_125c_3.63v,res_ss,125,3.63,25,4.7,0.001,52.21,52.21,0,26.34,26.34,0,54018,54018,0,-0.5604,-0.5604,0,PASS,PASS,PASS,PASS
res_ss_125c_3.63v,res_ss,125,3.63,25,4.7,0.05,56.74,56.74,0,32.35,32.35,0,54150.2,54150.2,0,-0.5309,-0.5309,0,PASS,PASS,PASS,PASS
res_ss_125c_3.63v,res_ss,125,3.63,25,4.7,0.2,71.26,71.26,0,24.31,24.31,0,56312.7,56312.7,0,-0.4939,-0.4939,0,PASS,PASS,PASS,PASS
res_ss_125c_3.63v,res_ss,125,3.63,25,4.7,0.5,105.15,105.15,0,17.01,17.01,0,75628.8,75628.8,0,-0.246,-0.246,0,PASS,PASS,PASS,PASS
res_ss_125c_3.63v,res_ss,125,3.63,50,0.33,0.001,4.92,4.92,0,0.96,0.96,0,616254,616254,0,-0.7247,-0.7247,0,FAIL,FAIL,PASS,PASS
res_ss_125c_3.63v,res_ss,125,3.63,50,0.33,0.05,8.41,8.41,0,1.72,1.72,0,617010,617010,0,-0.7061,-0.7061,0,FAIL,FAIL,PASS,PASS
res_ss_125c_3.63v,res_ss,125,3.63,50,0.33,0.2,17.98,17.98,0,4.21,4.21,0,629051,629051,0,-0.6586,-0.6586,0,FAIL,FAIL,PASS,PASS
res_ss_125c_3.63v,res_ss,125,3.63,50,0.33,0.5,31.32,31.32,0,7.37,7.37,0,701236,701236,0,-0.5926,-0.5926,0,FAIL,FAIL,PASS,PASS
res_ss_125c_3.63v,res_ss,125,3.63,50,1,0.001,46.42,46.42,0,10.6,10.6,0,262146,262146,0,-0.4868,-0.4868,0,PASS,PASS,PASS,PASS
res_ss_125c_3.63v,res_ss,125,3.63,50,1,0.05,50.96,50.96,0,13.01,13.01,0,262896,262896,0,-0.5124,-0.5124,0,PASS,PASS,PASS,PASS
res_ss_125c_3.63v,res_ss,125,3.63,50,1,0.2,63.92,63.92,0,17.06,17.06,0,275384,275384,0,-0.4662,-0.4662,0,PASS,PASS,PASS,PASS
res_ss_125c_3.63v,res_ss,125,3.63,50,1,0.5,82.48,82.48,0,13.35,13.35,0,382248,382248,0,-0.2959,-0.2959,0,PASS,PASS,PASS,PASS
res_ss_125c_3.63v,res_ss,125,3.63,50,4.7,0.001,54.11,54.11,0,24.26,24.26,0,65224.4,65224.4,0,-0.5544,-0.5544,0,PASS,PASS,PASS,PASS
res_ss_125c_3.63v,res_ss,125,3.63,50,4.7,0.05,59.57,59.57,0,30.29,30.29,0,65465.1,65465.1,0,-0.5116,-0.5116,0,PASS,PASS,PASS,PASS
res_ss_125c_3.63v,res_ss,125,3.63,50,4.7,0.2,77.19,77.19,0,22.3,22.3,0,69561.3,69561.3,0,-0.4665,-0.4665,0,PASS,PASS,PASS,PASS
res_ss_125c_3.63v,res_ss,125,3.63,50,4.7,0.5,119.36,119.36,0,15,15,0,125622,125622,0,-0.1415,-0.1415,0,PASS,PASS,PASS,PASS
res_ss_27c_2.97v,res_ss,27,2.97,0,0.33,0.001,31.57,31.57,0,53.22,53.22,0,2744.83,2744.83,0,-0.7324,-0.7324,0,FAIL,FAIL,PASS,PASS
res_ss_27c_2.97v,res_ss,27,2.97,0,0.33,0.05,31.58,31.58,0,53.21,53.21,0,2744.83,2744.83,0,-0.7324,-0.7324,0,FAIL,FAIL,PASS,PASS
res_ss_27c_2.97v,res_ss,27,2.97,0,0.33,0.2,31.63,31.63,0,53.19,53.19,0,2744.83,2744.83,0,-0.7324,-0.7324,0,FAIL,FAIL,PASS,PASS
res_ss_27c_2.97v,res_ss,27,2.97,0,0.33,0.5,31.73,31.73,0,53.15,53.15,0,2744.84,2744.84,0,-0.7324,-0.7324,0,FAIL,FAIL,PASS,PASS
res_ss_27c_2.97v,res_ss,27,2.97,0,1,0.001,18.59,18.59,0,53.2,53.2,0,1490.83,1490.83,0,-0.8156,-0.8156,0,FAIL,FAIL,PASS,PASS
res_ss_27c_2.97v,res_ss,27,2.97,0,1,0.05,18.61,18.61,0,53.19,53.19,0,1490.83,1490.83,0,-0.8156,-0.8156,0,FAIL,FAIL,PASS,PASS
res_ss_27c_2.97v,res_ss,27,2.97,0,1,0.2,18.69,18.69,0,53.17,53.17,0,1490.83,1490.83,0,-0.8156,-0.8156,0,FAIL,FAIL,PASS,PASS
res_ss_27c_2.97v,res_ss,27,2.97,0,1,0.5,18.85,18.85,0,53.13,53.13,0,1490.83,1490.83,0,-0.8155,-0.8155,0,FAIL,FAIL,PASS,PASS
res_ss_27c_2.97v,res_ss,27,2.97,0,4.7,0.001,8.77,8.77,0,53.19,53.19,0,672.82,672.82,0,-0.8732,-0.8732,0,FAIL,FAIL,PASS,PASS
res_ss_27c_2.97v,res_ss,27,2.97,0,4.7,0.05,8.82,8.82,0,53.18,53.18,0,672.82,672.82,0,-0.8732,-0.8732,0,FAIL,FAIL,PASS,PASS
res_ss_27c_2.97v,res_ss,27,2.97,0,4.7,0.2,8.99,8.99,0,53.16,53.16,0,672.823,672.823,0,-0.8732,-0.8732,0,FAIL,FAIL,PASS,PASS
res_ss_27c_2.97v,res_ss,27,2.97,0,4.7,0.5,9.33,9.33,0,53.12,53.12,0,672.837,672.837,0,-0.8728,-0.8728,0,FAIL,FAIL,PASS,PASS
res_ss_27c_2.97v,res_ss,27,2.97,0.1,0.33,0.001,60.44,60.9,0.46,21.21,21.23,0.02,78677.3,79590.9,1.1612,-0.4869,-0.4844,0.0025,PASS,PASS,PASS,PASS
res_ss_27c_2.97v,res_ss,27,2.97,0.1,0.33,0.05,60.9,60.9,0,22.15,22.15,0,78679.6,78679.6,0,-0.4866,-0.4866,0,PASS,PASS,PASS,PASS
res_ss_27c_2.97v,res_ss,27,2.97,0.1,0.33,0.2,62.77,62.29,-0.48,25.81,25.77,-0.04,79629.6,78714.6,-1.14907,-0.4792,-0.4819,-0.0027,PASS,PASS,PASS,PASS
res_ss_27c_2.97v,res_ss,27,2.97,0.1,0.33,0.5,65.03,65.03,0,35.23,35.23,0,78912.2,78912.2,0,-0.5118,-0.5118,0,PASS,PASS,PASS,PASS
res_ss_27c_2.97v,res_ss,27,2.97,0.1,1,0.001,72.11,72.56,0.45,31.14,31.17,0.03,25095.1,25272.6,0.707309,-0.4393,-0.4269,0.0124,PASS,PASS,PASS,PASS
res_ss_27c_2.97v,res_ss,27,2.97,0.1,1,0.05,72.56,72.56,0,34.67,34.67,0,25095.9,25095.9,0,-0.4391,-0.4391,0,PASS,PASS,PASS,PASS
res_ss_27c_2.97v,res_ss,27,2.97,0.1,1,0.2,74.37,73.92,-0.45,46.7,47.33,0.63,25285.7,25107.8,-0.70356,-0.4221,-0.4346,-0.0125,PASS,PASS,PASS,PASS
res_ss_27c_2.97v,res_ss,27,2.97,0.1,1,0.5,76.65,76.65,0,42.5,42.5,0,25176,25176,0,-0.4096,-0.4096,0,PASS,PASS,PASS,PASS
res_ss_27c_2.97v,res_ss,27,2.97,0.1,4.7,0.001,44.49,44.82,0.33,47.44,47.65,0.21,6855.07,6869.86,0.215753,-0.6375,-0.6813,-0.0438,FAIL,FAIL,PASS,PASS
res_ss_27c_2.97v,res_ss,27,2.97,0.1,4.7,0.05,45.06,45.06,0,53.36,53.36,0,6855.3,6855.3,0,-0.637,-0.637,0,PASS,PASS,PASS,PASS
res_ss_27c_2.97v,res_ss,27,2.97,0.1,4.7,0.2,47.15,46.82,-0.33,49.05,49.42,0.37,6873.61,6858.8,-0.215462,-0.6734,-0.6297,0.0437,PASS,PASS,PASS,PASS
res_ss_27c_2.97v,res_ss,27,2.97,0.1,4.7,0.5,50.38,50.38,0,43.63,43.63,0,6878.51,6878.51,0,-0.6616,-0.6616,0,PASS,PASS,PASS,PASS
res_ss_27c_2.97v,res_ss,27,2.97,1,0.33,0.001,52.7,52.7,0,12.11,12.11,0,212776,212776,0,-0.4955,-0.4955,0,PASS,PASS,PASS,PASS
res_ss_27c_2.97v,res_ss,27,2.97,1,0.33,0.05,53.93,53.93,0,12.85,12.85,0,212821,212821,0,-0.4932,-0.4932,0,PASS,PASS,PASS,PASS
res_ss_27c_2.97v,res_ss,27,2.97,1,0.33,0.2,59.05,57.62,-1.43,14.95,15.31,0.36,217532,213516,-1.84617,-0.4899,-0.5146,-0.0247,PASS,PASS,PASS,PASS
res_ss_27c_2.97v,res_ss,27,2.97,1,0.33,0.5,64.67,64.67,0,18.97,18.97,0,217531,217531,0,-0.4844,-0.4844,0,PASS,PASS,PASS,PASS
res_ss_27c_2.97v,res_ss,27,2.97,1,1,0.001,69.81,69.81,0,21.83,21.83,0,71644.9,71644.9,0,-0.4305,-0.4305,0,PASS,PASS,PASS,PASS
res_ss_27c_2.97v,res_ss,27,2.97,1,1,0.05,71.08,71.08,0,24.23,24.23,0,71662.7,71662.7,0,-0.4282,-0.4282,0,PASS,PASS,PASS,PASS
res_ss_27c_2.97v,res_ss,27,2.97,1,1,0.2,75.79,74.95,-0.84,28.41,28.95,0.54,72389.1,71943.8,-0.615148,-0.4343,-0.44,-0.0057,PASS,PASS,PASS,PASS
res_ss_27c_2.97v,res_ss,27,2.97,1,1,0.5,82.79,82.79,0,25.59,25.59,0,73594.8,73594.8,0,-0.4222,-0.4222,0,PASS,PASS,PASS,PASS
res_ss_27c_2.97v,res_ss,27,2.97,1,4.7,0.001,44.44,44.44,0,35.84,35.84,0,18551.7,18551.7,0,-0.6383,-0.6383,0,FAIL,FAIL,PASS,PASS
res_ss_27c_2.97v,res_ss,27,2.97,1,4.7,0.05,45.98,45.98,0,42.48,42.48,0,18556.2,18556.2,0,-0.6349,-0.6349,0,PASS,PASS,PASS,PASS
res_ss_27c_2.97v,res_ss,27,2.97,1,4.7,0.2,51.16,50.8,-0.36,34.12,34.48,0.36,18649.7,18625.9,-0.127616,-0.6365,-0.6539,-0.0174,PASS,PASS,PASS,PASS
res_ss_27c_2.97v,res_ss,27,2.97,1,4.7,0.5,60.87,60.87,0,27.34,27.34,0,19031,19031,0,-0.6371,-0.6371,0,PASS,PASS,PASS,PASS
res_ss_27c_2.97v,res_ss,27,2.97,10,0.33,0.001,24.64,24.57,-0.07,4.75,4.74,-0.01,442202,441765,-0.0988236,-0.5832,-0.5953,-0.0121,FAIL,FAIL,PASS,PASS
res_ss_27c_2.97v,res_ss,27,2.97,10,0.33,0.05,27.17,27.1,-0.07,5.47,5.46,-0.01,442546,442107,-0.0991987,-0.5733,-0.5854,-0.0121,FAIL,FAIL,PASS,PASS
res_ss_27c_2.97v,res_ss,27,2.97,10,0.33,0.2,34.3,34.3,0,7.78,7.78,0,447415,447415,0,-0.5695,-0.5695,0,FAIL,FAIL,PASS,PASS
res_ss_27c_2.97v,res_ss,27,2.97,10,0.33,0.5,46.22,46.22,0,10.92,10.92,0,480065,480065,0,-0.501,-0.501,0,PASS,PASS,PASS,PASS
res_ss_27c_2.97v,res_ss,27,2.97,10,1,0.001,57.21,57.16,-0.05,14.41,14.4,-0.01,168118,168069,-0.0291462,-0.465,-0.4679,-0.0029,PASS,PASS,PASS,PASS
res_ss_27c_2.97v,res_ss,27,2.97,10,1,0.05,60.16,60.1,-0.06,16.68,16.67,-0.01,168328,168279,-0.0291098,-0.4522,-0.4551,-0.0029,PASS,PASS,PASS,PASS
res_ss_27c_2.97v,res_ss,27,2.97,10,1,0.2,68.94,68.94,0,20.71,20.71,0,171661,171661,0,-0.4644,-0.4644,0,PASS,PASS,PASS,PASS
res_ss_27c_2.97v,res_ss,27,2.97,10,1,0.5,86.04,86.04,0,17.31,17.31,0,195131,195131,0,-0.3507,-0.3507,0,PASS,PASS,PASS,PASS
res_ss_27c_2.97v,res_ss,27,2.97,10,4.7,0.001,50.07,50.05,-0.02,28.12,28.11,-0.01,42317.1,42315.2,-0.00448991,-0.6102,-0.6107,-0.0005,PASS,PASS,PASS,PASS
res_ss_27c_2.97v,res_ss,27,2.97,10,4.7,0.05,53.61,53.59,-0.02,34.05,34.04,-0.01,42377.5,42375.5,-0.00471949,-0.592,-0.5926,-0.0006,PASS,PASS,PASS,PASS
res_ss_27c_2.97v,res_ss,27,2.97,10,4.7,0.2,64.87,64.87,0,26.32,26.32,0,43345.1,43345.1,0,-0.5642,-0.5642,0,PASS,PASS,PASS,PASS
res_ss_27c_2.97v,res_ss,27,2.97,10,4.7,0.5,90.15,90.15,0,19.09,19.09,0,50247.3,50247.3,0,-0.3668,-0.3668,0,PASS,PASS,PASS,PASS
res_ss_27c_2.97v,res_ss,27,2.97,25,0.33,0.001,9.23,9.25,0.02,1.78,1.78,0,545397,545364,-0.00605064,-0.7139,-0.7147,-0.0008,FAIL,FAIL,PASS,PASS
res_ss_27c_2.97v,res_ss,27,2.97,25,0.33,0.05,12.33,12.33,0,2.49,2.49,0,545946,545946,0,-0.6991,-0.6991,0,FAIL,FAIL,PASS,PASS
res_ss_27c_2.97v,res_ss,27,2.97,25,0.33,0.2,20.96,20.96,0,4.8,4.8,0,554596,554596,0,-0.7035,-0.7035,0,FAIL,FAIL,PASS,PASS
res_ss_27c_2.97v,res_ss,27,2.97,25,0.33,0.5,33.76,33.78,0.02,8.01,8.02,0.01,606643,606596,-0.00774755,-0.592,-0.593,-0.001,FAIL,FAIL,PASS,PASS
res_ss_27c_2.97v,res_ss,27,2.97,25,1,0.001,49.38,49.39,0.01,11.42,11.43,0.01,225497,225488,-0.00399118,-0.4853,-0.4857,-0.0004,PASS,PASS,PASS,PASS
res_ss_27c_2.97v,res_ss,27,2.97,25,1,0.05,53.31,53.31,0,13.66,13.66,0,225983,225983,0,-0.5179,-0.5179,0,PASS,PASS,PASS,PASS
res_ss_27c_2.97v,res_ss,27,2.97,25,1,0.2,64.7,64.7,0,17.84,17.84,0,233966,233966,0,-0.4824,-0.4824,0,PASS,PASS,PASS,PASS
res_ss_27c_2.97v,res_ss,27,2.97,25,1,0.5,83.66,83.66,0,14.52,14.53,0.01,296882,296861,-0.00707352,-0.3123,-0.3128,-0.0005,PASS,PASS,PASS,PASS
res_ss_27c_2.97v,res_ss,27,2.97,25,4.7,0.001,53.35,53.35,0,25.08,25.09,0.01,55736.4,55735.6,-0.00143533,-0.5202,-0.5203,-0.0001,PASS,PASS,PASS,PASS
res_ss_27c_2.97v,res_ss,27,2.97,25,4.7,0.05,58.01,58.01,0,31.18,31.18,0,55883.5,55883.5,0,-0.5492,-0.5492,0,PASS,PASS,PASS,PASS
res_ss_27c_2.97v,res_ss,27,2.97,25,4.7,0.2,73,73,0,23.57,23.57,0,58330.8,58330.8,0,-0.4712,-0.4712,0,PASS,PASS,PASS,PASS
res_ss_27c_2.97v,res_ss,27,2.97,25,4.7,0.5,108.28,108.28,0,16.32,16.32,0,81899.1,81895.5,-0.00439565,-0.2208,-0.221,-0.0002,PASS,PASS,PASS,PASS
res_ss_27c_2.97v,res_ss,27,2.97,50,0.33,0.001,-1.47,-1.47,0,-0.28,-0.28,0,625775,625708,-0.0107067,-0.7926,-0.7942,-0.0016,FAIL,FAIL,PASS,PASS
res_ss_27c_2.97v,res_ss,27,2.97,50,0.33,0.05,2.08,2.08,0,0.42,0.42,0,626500,626500,0,-0.7739,-0.7739,0,FAIL,FAIL,PASS,PASS
res_ss_27c_2.97v,res_ss,27,2.97,50,0.33,0.2,11.73,11.73,0,2.69,2.69,0,638356,638356,0,-0.7323,-0.7323,0,FAIL,FAIL,PASS,PASS
res_ss_27c_2.97v,res_ss,27,2.97,50,0.33,0.5,24.95,24.94,-0.01,5.89,5.89,0,708562,708465,-0.0136897,-0.6458,-0.6476,-0.0018,FAIL,FAIL,PASS,PASS
res_ss_27c_2.97v,res_ss,27,2.97,50,1,0.001,42.81,42.8,-0.01,9.34,9.34,0,274973,274958,-0.00545508,-0.5378,-0.5384,-0.0006,FAIL,FAIL,PASS,PASS
res_ss_27c_2.97v,res_ss,27,2.97,50,1,0.05,47.55,47.55,0,11.54,11.54,0,275811,275811,0,-0.5039,-0.5039,0,PASS,PASS,PASS,PASS
res_ss_27c_2.97v,res_ss,27,2.97,50,1,0.2,60.84,60.84,0,15.7,15.7,0,289933,289933,0,-0.477,-0.477,0,PASS,PASS,PASS,PASS
res_ss_27c_2.97v,res_ss,27,2.97,50,1,0.5,77.52,77.51,-0.01,12.43,12.43,0,409546,409482,-0.0156271,-0.3125,-0.3135,-0.001,PASS,PASS,PASS,PASS
res_ss_27c_2.97v,res_ss,27,2.97,50,4.7,0.001,55.4,55.4,0,22.97,22.97,0,67743.3,67742.6,-0.00103331,-0.5053,-0.5054,-0.0001,PASS,PASS,PASS,PASS
res_ss_27c_2.97v,res_ss,27,2.97,50,4.7,0.05,61.07,61.07,0,29.04,29.04,0,68016.6,68016.6,0,-0.5175,-0.5175,0,PASS,PASS,PASS,PASS
res_ss_27c_2.97v,res_ss,27,2.97,50,4.7,0.2,79.35,79.35,0,21.48,21.48,0,72786,72786,0,-0.4526,-0.4526,0,PASS,PASS,PASS,PASS
res_ss_27c_2.97v,res_ss,27,2.97,50,4.7,0.5,121.88,121.87,-0.01,14.23,14.23,0,153668,153650,-0.0117136,-0.1092,-0.1095,-0.0003,PASS,PASS,PASS,PASS
res_ss_27c_3.30v,res_ss,27,3.3,0,0.33,0.001,33.31,33.31,0,53.14,53.14,0,2935.92,2935.92,0,-0.7454,-0.7454,0,FAIL,FAIL,PASS,PASS
res_ss_27c_3.30v,res_ss,27,3.3,0,0.33,0.05,33.36,33.33,-0.03,53.14,53.14,0,2936.39,2935.92,-0.016006,-0.7429,-0.7454,-0.0025,FAIL,FAIL,PASS,PASS
res_ss_27c_3.30v,res_ss,27,3.3,0,0.33,0.2,33.41,33.38,-0.03,53.12,53.12,0,2936.39,2935.92,-0.016006,-0.7429,-0.7454,-0.0025,FAIL,FAIL,PASS,PASS
res_ss_27c_3.30v,res_ss,27,3.3,0,0.33,0.5,33.52,33.49,-0.03,53.09,53.08,-0.01,2936.39,2935.92,-0.016006,-0.7429,-0.7454,-0.0025,FAIL,FAIL,PASS,PASS
res_ss_27c_3.30v,res_ss,27,3.3,0,1,0.001,19.68,19.68,0,53.12,53.12,0,1583.79,1583.79,0,-0.8561,-0.8561,0,FAIL,FAIL,PASS,PASS
res_ss_27c_3.30v,res_ss,27,3.3,0,1,0.05,19.72,19.7,-0.02,53.12,53.12,0,1583.88,1583.79,-0.00568225,-0.8552,-0.8561,-0.0009,FAIL,FAIL,PASS,PASS
res_ss_27c_3.30v,res_ss,27,3.3,0,1,0.2,19.81,19.79,-0.02,53.11,53.1,-0.01,1583.88,1583.79,-0.00568225,-0.8552,-0.8561,-0.0009,FAIL,FAIL,PASS,PASS
res_ss_27c_3.30v,res_ss,27,3.3,0,1,0.5,19.98,19.96,-0.02,53.07,53.06,-0.01,1583.88,1583.8,-0.00505089,-0.8551,-0.856,-0.0009,FAIL,FAIL,PASS,PASS
res_ss_27c_3.30v,res_ss,27,3.3,0,4.7,0.001,9.3,9.3,0,53.12,53.12,0,712.861,712.861,0,-0.8677,-0.8677,0,FAIL,FAIL,PASS,PASS
res_ss_27c_3.30v,res_ss,27,3.3,0,4.7,0.05,9.36,9.35,-0.01,53.12,53.11,-0.01,712.87,712.862,-0.00112222,-0.8675,-0.8677,-0.0002,FAIL,FAIL,PASS,PASS
res_ss_27c_3.30v,res_ss,27,3.3,0,4.7,0.2,9.54,9.54,0,53.1,53.09,-0.01,712.873,712.865,-0.00112222,-0.8675,-0.8677,-0.0002,FAIL,FAIL,PASS,PASS
res_ss_27c_3.30v,res_ss,27,3.3,0,4.7,0.5,9.91,9.9,-0.01,53.06,53.06,0,712.889,712.881,-0.00112219,-0.867,-0.8672,-0.0002,FAIL,FAIL,PASS,PASS
res_ss_27c_3.30v,res_ss,27,3.3,0.1,0.33,0.001,55.64,56.04,0.4,20.81,20.84,0.03,89727,90772.5,1.1652,-0.5379,-0.535,0.0029,PASS,PASS,PASS,PASS
res_ss_27c_3.30v,res_ss,27,3.3,0.1,0.33,0.05,56.16,56.16,0,21.88,21.88,0,89730.1,89730.1,0,-0.5375,-0.5375,0,PASS,PASS,PASS,PASS
res_ss_27c_3.30v,res_ss,27,3.3,0.1,0.33,0.2,58.17,58.17,0,26.26,26.26,0,90825.8,90825.8,0,-0.5282,-0.5282,0,PASS,PASS,PASS,PASS
res_ss_27c_3.30v,res_ss,27,3.3,0.1,0.33,0.5,60.84,60.84,0,36.88,36.88,0,90049.6,90049.6,0,-0.5579,-0.5579,0,PASS,PASS,PASS,PASS
res_ss_27c_3.30v,res_ss,27,3.3,0.1,1,0.001,73.13,73.54,0.41,30.73,30.77,0.04,29861.6,30088.1,0.758499,-0.4182,-0.4021,0.0161,PASS,PASS,PASS,PASS
res_ss_27c_3.30v,res_ss,27,3.3,0.1,1,0.05,73.66,73.66,0,34.85,34.85,0,29862.9,29862.9,0,-0.4178,-0.4178,0,PASS,PASS,PASS,PASS
res_ss_27c_3.30v,res_ss,27,3.3,0.1,1,0.2,75.7,75.7,0,47.48,47.48,0,30111,30111,0,-0.3953,-0.3953,0,PASS,PASS,PASS,PASS
res_ss_27c_3.30v,res_ss,27,3.3,0.1,1,0.5,78.51,78.51,0,42.76,42.76,0,30002.5,30002.5,0,-0.4222,-0.4222,0,PASS,PASS,PASS,PASS
res_ss_27c_3.30v,res_ss,27,3.3,0.1,4.7,0.001,48.72,49.05,0.33,46.84,47.04,0.2,7573.15,7592.41,0.25432,-0.6516,-0.619,0.0326,PASS,PASS,PASS,PASS
res_ss_27c_3.30v,res_ss,27,3.3,0.1,4.7,0.05,49.35,49.35,0,53.32,53.32,0,7573.47,7573.47,0,-0.6511,-0.6511,0,PASS,PASS,PASS,PASS
res_ss_27c_3.30v,res_ss,27,3.3,0.1,4.7,0.2,51.63,51.63,0,49.21,49.21,0,7597.79,7597.79,0,-0.6094,-0.6094,0,PASS,PASS,PASS,PASS
res_ss_27c_3.30v,res_ss,27,3.3,0.1,4.7,0.5,55.24,55.24,0,43.72,43.72,0,7606.66,7606.66,0,-0.5918,-0.5918,0,PASS,PASS,PASS,PASS
res_ss_27c_3.30v,res_ss,27,3.3,1,0.33,0.001,47.97,47.97,0,11.67,11.67,0,243499,243499,0,-0.5634,-0.5634,0,PASS,PASS,PASS,PASS
res_ss_27c_3.30v,res_ss,27,3.3,1,0.33,0.05,50.7,49.38,-1.32,12.28,12.54,0.26,249124,243563,-2.23222,-0.5516,-0.5603,-0.0087,PASS,PASS,PASS,PASS
res_ss_27c_3.30v,res_ss,27,3.3,1,0.33,0.2,53.58,53.58,0,15.5,15.5,0,244543,244543,0,-0.5145,-0.5145,0,PASS,PASS,PASS,PASS
res_ss_27c_3.30v,res_ss,27,3.3,1,0.33,0.5,63.05,61.48,-1.57,19.14,19.7,0.56,256442,250219,-2.42667,-0.5223,-0.4951,0.0272,PASS,PASS,PASS,PASS
res_ss_27c_3.30v,res_ss,27,3.3,1,1,0.001,69.73,69.73,0,21.4,21.4,0,85279.4,85279.4,0,-0.4214,-0.4214,0,PASS,PASS,PASS,PASS
res_ss_27c_3.30v,res_ss,27,3.3,1,1,0.05,72.17,71.23,-0.94,23.91,24.25,0.34,85978.2,85309.8,-0.777406,-0.4465,-0.418,0.0285,PASS,PASS,PASS,PASS
res_ss_27c_3.30v,res_ss,27,3.3,1,1,0.2,75.81,75.81,0,29.58,29.58,0,85783.7,85783.7,0,-0.4152,-0.4152,0,PASS,PASS,PASS,PASS
res_ss_27c_3.30v,res_ss,27,3.3,1,1,0.5,86.06,84.99,-1.07,25.31,25.72,0.41,89377.4,88603.5,-0.865879,-0.3801,-0.4064,-0.0263,PASS,PASS,PASS,PASS
res_ss_27c_3.30v,res_ss,27,3.3,1,4.7,0.001,48.93,48.93,0,35.44,35.44,0,20500.2,20500.2,0,-0.644,-0.644,0,PASS,PASS,PASS,PASS
res_ss_27c_3.30v,res_ss,27,3.3,1,4.7,0.05,51.05,50.64,-0.41,42.48,42.98,0.5,20542.8,20506.7,-0.175731,-0.617,-0.6397,-0.0227,PASS,PASS,PASS,PASS
res_ss_27c_3.30v,res_ss,27,3.3,1,4.7,0.2,55.99,55.99,0,34.5,34.5,0,20607.3,20607.3,0,-0.6417,-0.6417,0,PASS,PASS,PASS,PASS
res_ss_27c_3.30v,res_ss,27,3.3,1,4.7,0.5,67.74,67.28,-0.46,26.94,27.28,0.34,21240.1,21198.2,-0.197268,-0.5786,-0.5396,0.039,PASS,PASS,PASS,PASS
res_ss_27c_3.30v,res_ss,27,3.3,10,0.33,0.001,22.65,22.56,-0.09,4.68,4.67,-0.01,482801,482198,-0.124896,-0.5934,-0.6093,-0.0159,FAIL,FAIL,PASS,PASS
res_ss_27c_3.30v,res_ss,27,3.3,10,0.33,0.05,25.32,25.32,0,5.5,5.5,0,482625,482625,0,-0.5975,-0.5975,0,FAIL,FAIL,PASS,PASS
res_ss_27c_3.30v,res_ss,27,3.3,10,0.33,0.2,33.24,33.15,-0.09,8.29,8.27,-0.02,489856,489220,-0.129834,-0.6129,-0.6292,-0.0163,FAIL,FAIL,PASS,PASS
res_ss_27c_3.30v,res_ss,27,3.3,10,0.33,0.5,45.93,45.83,-0.1,11.71,11.69,-0.02,529941,529100,-0.158697,-0.5697,-0.5257,0.044,PASS,PASS,PASS,PASS
res_ss_27c_3.30v,res_ss,27,3.3,10,1,0.001,56,55.93,-0.07,14.35,14.34,-0.01,189871,189794,-0.0405538,-0.4654,-0.4695,-0.0041,PASS,PASS,PASS,PASS
res_ss_27c_3.30v,res_ss,27,3.3,10,1,0.05,59.25,59.25,0,17.01,17.01,0,190096,190096,0,-0.5071,-0.5071,0,PASS,PASS,PASS,PASS
res_ss_27c_3.30v,res_ss,27,3.3,10,1,0.2,69.2,69.12,-0.08,21.37,21.36,-0.01,195027,194940,-0.0446092,-0.4588,-0.4631,-0.0043,PASS,PASS,PASS,PASS
res_ss_27c_3.30v,res_ss,27,3.3,10,1,0.5,87.67,87.58,-0.09,17.44,17.43,-0.01,230165,229988,-0.0769014,-0.3455,-0.3511,-0.0056,PASS,PASS,PASS,PASS
res_ss_27c_3.30v,res_ss,27,3.3,10,4.7,0.001,52.62,52.6,-0.02,28.09,28.07,-0.02,46872.1,46869.1,-0.0064004,-0.5399,-0.5407,-0.0008,PASS,PASS,PASS,PASS
res_ss_27c_3.30v,res_ss,27,3.3,10,4.7,0.05,56.52,56.52,0,34.57,34.57,0,46955.5,46955.5,0,-0.5801,-0.5801,0,PASS,PASS,PASS,PASS
res_ss_27c_3.30v,res_ss,27,3.3,10,4.7,0.2,69.11,69.09,-0.02,26.34,26.33,-0.01,48347.9,48344.4,-0.0072392,-0.5352,-0.536,-0.0008,PASS,PASS,PASS,PASS
res_ss_27c_3.30v,res_ss,27,3.3,10,4.7,0.5,97.92,97.88,-0.04,19.02,19.02,0,59169.8,59161.3,-0.0143654,-0.3284,-0.3294,-0.001,PASS,PASS,PASS,PASS
res_ss_27c_3.30v,res_ss,27,3.3,25,0.33,0.001,8.22,8.22,0,1.71,1.71,0,588107,588107,0,-0.7318,-0.7318,0,FAIL,FAIL,PASS,PASS
res_ss_27c_3.30v,res_ss,27,3.3,25,0.33,0.05,11.56,11.55,-0.01,2.54,2.54,0,588779,588819,0.00679372,-0.7145,-0.7135,0.001,FAIL,FAIL,PASS,PASS
res_ss_27c_3.30v,res_ss,27,3.3,25,0.33,0.2,20.83,20.84,0.01,5.28,5.29,0.01,599351,599308,-0.00717443,-0.6884,-0.6894,-0.001,FAIL,FAIL,PASS,PASS
res_ss_27c_3.30v,res_ss,27,3.3,25,0.33,0.5,34.49,34.51,0.02,8.82,8.83,0.01,662460,662400,-0.00905715,-0.5821,-0.5832,-0.0011,FAIL,FAIL,PASS,PASS
res_ss_27c_3.30v,res_ss,27,3.3,25,1,0.001,47.4,47.4,0,11.37,11.37,0,252157,252157,0,-0.5347,-0.5347,0,PASS,PASS,PASS,PASS
res_ss_27c_3.30v,res_ss,27,3.3,25,1,0.05,51.77,51.77,0,14.01,14,-0.01,252828,252838,0.00395526,-0.5054,-0.505,0.0004,PASS,PASS,PASS,PASS
res_ss_27c_3.30v,res_ss,27,3.3,25,1,0.2,64.31,64.31,0,18.52,18.53,0.01,263810,263799,-0.00416967,-0.4466,-0.447,-0.0004,PASS,PASS,PASS,PASS
res_ss_27c_3.30v,res_ss,27,3.3,25,1,0.5,83.34,83.35,0.01,14.69,14.7,0.01,353303,353272,-0.00877434,-0.3024,-0.3029,-0.0005,PASS,PASS,PASS,PASS
res_ss_27c_3.30v,res_ss,27,3.3,25,4.7,0.001,55.31,55.31,0,25.06,25.06,0,62178.9,62178.9,0,-0.5046,-0.5046,0,PASS,PASS,PASS,PASS
res_ss_27c_3.30v,res_ss,27,3.3,25,4.7,0.05,60.52,60.52,0,31.75,31.74,-0.01,62392.8,62393.9,0.00176302,-0.5238,-0.5236,0.0002,PASS,PASS,PASS,PASS
res_ss_27c_3.30v,res_ss,27,3.3,25,4.7,0.2,77.31,77.31,0,23.61,23.62,0.01,65989,65987.7,-0.00197003,-0.4723,-0.4725,-0.0002,PASS,PASS,PASS,PASS
res_ss_27c_3.30v,res_ss,27,3.3,25,4.7,0.5,117.65,117.64,-0.01,16.28,16.29,0.01,110922,110913,-0.00811381,-0.1541,-0.1543,-0.0002,PASS,PASS,PASS,PASS
res_ss_27c_3.30v,res_ss,27,3.3,50,0.33,0.001,-1.9,-1.9,0,-0.4,-0.4,0,672810,672737,-0.01085,-0.7609,-0.7625,-0.0016,FAIL,FAIL,PASS,PASS
res_ss_27c_3.30v,res_ss,27,3.3,50,0.33,0.05,1.91,1.9,-0.01,0.42,0.42,0,673715,673642,-0.0108354,-0.7388,-0.7405,-0.0017,FAIL,FAIL,PASS,PASS
res_ss_27c_3.30v,res_ss,27,3.3,50,0.33,0.2,12.28,12.28,0,3.12,3.12,0,688162,688162,0,-0.7426,-0.7426,0,FAIL,FAIL,PASS,PASS
res_ss_27c_3.30v,res_ss,27,3.3,50,0.33,0.5,26.29,26.29,0,6.64,6.64,0,773553,773553,0,-0.6287,-0.6287,0,FAIL,FAIL,PASS,PASS
res_ss_27c_3.30v,res_ss,27,3.3,50,1,0.001,40.4,40.4,0,9.24,9.24,0,305969,305951,-0.00588295,-0.5268,-0.5274,-0.0006,FAIL,FAIL,PASS,PASS
res_ss_27c_3.30v,res_ss,27,3.3,50,1,0.05,45.66,45.66,0,11.83,11.83,0,307104,307086,-0.00586121,-0.5446,-0.5452,-0.0006,PASS,PASS,PASS,PASS
res_ss_27c_3.30v,res_ss,27,3.3,50,1,0.2,60.15,60.15,0,16.34,16.34,0,326039,326039,0,-0.4693,-0.4693,0,PASS,PASS,PASS,PASS
res_ss_27c_3.30v,res_ss,27,3.3,50,1,0.5,75.49,75.49,0,12.55,12.55,0,485063,485063,0,-0.3184,-0.3184,0,PASS,PASS,PASS,PASS
res_ss_27c_3.30v,res_ss,27,3.3,50,4.7,0.001,56.9,56.9,0,22.9,22.9,0,76113.5,76112.6,-0.00118244,-0.5368,-0.537,-0.0002,PASS,PASS,PASS,PASS
res_ss_27c_3.30v,res_ss,27,3.3,50,4.7,0.05,63.27,63.26,-0.01,29.57,29.57,0,76520.2,76519.2,-0.00130684,-0.4782,-0.4783,-0.0001,PASS,PASS,PASS,PASS
res_ss_27c_3.30v,res_ss,27,3.3,50,4.7,0.2,83.85,83.85,0,21.48,21.48,0,83737.3,83737.3,0,-0.4051,-0.4051,0,PASS,PASS,PASS,PASS
res_ss_27c_3.30v,res_ss,27,3.3,50,4.7,0.5,119.32,119.32,0,14.15,14.15,0,284320,284320,0,-0.09889,-0.09889,0,PASS,PASS,PASS,PASS
res_ss_27c_3.63v,res_ss,27,3.63,0,0.33,0.001,34.91,34.91,0,53.09,53.09,0,3116.8,3116.8,0,-0.7017,-0.7018,-0.0001,FAIL,FAIL,PASS,PASS
res_ss_27c_3.63v,res_ss,27,3.63,0,0.33,0.05,34.93,34.93,0,53.09,53.09,0,3116.8,3116.8,0,-0.7017,-0.7018,-0.0001,FAIL,FAIL,PASS,PASS
res_ss_27c_3.63v,res_ss,27,3.63,0,0.33,0.2,34.98,34.98,0,53.07,53.07,0,3116.8,3116.8,0,-0.7017,-0.7017,0,FAIL,FAIL,PASS,PASS
res_ss_27c_3.63v,res_ss,27,3.63,0,0.33,0.5,35.09,35.09,0,53.04,53.04,0,3116.81,3116.81,0,-0.7017,-0.7017,0,FAIL,FAIL,PASS,PASS
res_ss_27c_3.63v,res_ss,27,3.63,0,1,0.001,20.7,20.7,0,53.08,53.08,0,1670.31,1670.31,0,-0.8283,-0.8283,0,FAIL,FAIL,PASS,PASS
res_ss_27c_3.63v,res_ss,27,3.63,0,1,0.05,20.73,20.73,0,53.07,53.07,0,1670.31,1670.31,0,-0.8283,-0.8283,0,FAIL,FAIL,PASS,PASS
res_ss_27c_3.63v,res_ss,27,3.63,0,1,0.2,20.82,20.82,0,53.05,53.05,0,1670.31,1670.31,0,-0.8283,-0.8283,0,FAIL,FAIL,PASS,PASS
res_ss_27c_3.63v,res_ss,27,3.63,0,1,0.5,21,21,0,53.02,53.02,0,1670.32,1670.32,0,-0.8282,-0.8282,0,FAIL,FAIL,PASS,PASS
res_ss_27c_3.63v,res_ss,27,3.63,0,4.7,0.001,9.83,9.83,0,53.07,53.07,0,749.841,749.841,0,-0.8875,-0.8875,0,FAIL,FAIL,PASS,PASS
res_ss_27c_3.63v,res_ss,27,3.63,0,4.7,0.05,9.9,9.9,0,53.06,53.06,0,749.841,749.841,0,-0.8875,-0.8875,0,FAIL,FAIL,PASS,PASS
res_ss_27c_3.63v,res_ss,27,3.63,0,4.7,0.2,10.09,10.09,0,53.05,53.05,0,749.844,749.844,0,-0.8874,-0.8874,0,FAIL,FAIL,PASS,PASS
res_ss_27c_3.63v,res_ss,27,3.63,0,4.7,0.5,10.47,10.47,0,53.02,53.02,0,749.864,749.864,0,-0.8869,-0.887,-0.0001,FAIL,FAIL,PASS,PASS
res_ss_27c_3.63v,res_ss,27,3.63,0.1,0.33,0.001,51.31,51.31,0,20.43,20.43,0,99636.4,99636.4,0,-0.5628,-0.5628,0,PASS,PASS,PASS,PASS
res_ss_27c_3.63v,res_ss,27,3.63,0.1,0.33,0.05,52.24,52.24,0,21.69,21.69,0,100782,100782,0,-0.5617,-0.5617,0,PASS,PASS,PASS,PASS
res_ss_27c_3.63v,res_ss,27,3.63,0.1,0.33,0.2,53.64,53.64,0,26.7,26.7,0,99702.1,99702.1,0,-0.5546,-0.5546,0,PASS,PASS,PASS,PASS
res_ss_27c_3.63v,res_ss,27,3.63,0.1,0.33,0.5,57.08,57.08,0,38.15,38.15,0,100049,100049,0,-0.5774,-0.5774,0,PASS,PASS,PASS,PASS
res_ss_27c_3.63v,res_ss,27,3.63,0.1,1,0.001,72.84,72.84,0,30.35,30.35,0,34913.9,34913.9,0,-0.4103,-0.4103,0,PASS,PASS,PASS,PASS
res_ss_27c_3.63v,res_ss,27,3.63,0.1,1,0.05,73.84,73.84,0,35.22,35.22,0,35192.1,35192.1,0,-0.4377,-0.4377,0,PASS,PASS,PASS,PASS
res_ss_27c_3.63v,res_ss,27,3.63,0.1,1,0.2,75.34,75.34,0,48.54,48.54,0,34949.8,34949.8,0,-0.4011,-0.4011,0,PASS,PASS,PASS,PASS
res_ss_27c_3.63v,res_ss,27,3.63,0.1,1,0.5,79.1,79.1,0,42.97,42.97,0,35141,35141,0,-0.399,-0.399,0,PASS,PASS,PASS,PASS
res_ss_27c_3.63v,res_ss,27,3.63,0.1,4.7,0.001,52.57,52.57,0,46.31,46.31,0,8330.24,8330.24,0,-0.5819,-0.5819,0,PASS,PASS,PASS,PASS
res_ss_27c_3.63v,res_ss,27,3.63,0.1,4.7,0.05,53.6,53.6,0,53.28,53.28,0,8354.82,8354.82,0,-0.612,-0.612,0,PASS,PASS,PASS,PASS
res_ss_27c_3.63v,res_ss,27,3.63,0.1,4.7,0.2,55.4,55.4,0,49.65,49.65,0,8337.71,8337.71,0,-0.5704,-0.5704,0,PASS,PASS,PASS,PASS
res_ss_27c_3.63v,res_ss,27,3.63,0.1,4.7,0.5,59.76,59.76,0,43.82,43.82,0,8377.35,8377.35,0,-0.5751,-0.5751,0,PASS,PASS,PASS,PASS
res_ss_27c_3.63v,res_ss,27,3.63,1,0.33,0.001,43.33,43.33,0,11.22,11.22,0,272430,272430,0,-0.5693,-0.5693,0,FAIL,FAIL,PASS,PASS
res_ss_27c_3.63v,res_ss,27,3.63,1,0.33,0.05,46.11,44.9,-1.21,11.94,12.2,0.26,279715,272514,-2.57441,-0.582,-0.5656,0.0164,PASS,FAIL,PASS,PASS
res_ss_27c_3.63v,res_ss,27,3.63,1,0.33,0.2,49.57,49.57,0,15.7,15.7,0,273803,273803,0,-0.5725,-0.5725,0,PASS,PASS,PASS,PASS
res_ss_27c_3.63v,res_ss,27,3.63,1,0.33,0.5,59.79,58.28,-1.51,19.79,20.36,0.57,289449,281274,-2.82433,-0.5524,-0.5668,-0.0144,PASS,PASS,PASS,PASS
res_ss_27c_3.63v,res_ss,27,3.63,1,1,0.001,68.51,68.51,0,20.95,20.95,0,99887.4,99887.4,0,-0.4577,-0.4577,0,PASS,PASS,PASS,PASS
res_ss_27c_3.63v,res_ss,27,3.63,1,1,0.05,71.31,70.26,-1.05,23.91,24.27,0.36,100914,99935.7,-0.969439,-0.4645,-0.453,0.0115,PASS,PASS,PASS,PASS
res_ss_27c_3.63v,res_ss,27,3.63,1,1,0.2,75.59,75.59,0,30.1,30.1,0,100685,100685,0,-0.4318,-0.4318,0,PASS,PASS,PASS,PASS
res_ss_27c_3.63v,res_ss,27,3.63,1,1,0.5,87.36,86.12,-1.24,25.42,25.82,0.4,106411,105215,-1.12394,-0.4093,-0.4127,-0.0034,PASS,PASS,PASS,PASS
res_ss_27c_3.63v,res_ss,27,3.63,1,4.7,0.001,53.37,53.37,0,35.01,35.01,0,22636.5,22636.5,0,-0.588,-0.588,0,PASS,PASS,PASS,PASS
res_ss_27c_3.63v,res_ss,27,3.63,1,4.7,0.05,55.73,55.25,-0.48,42.9,43.38,0.48,22700.2,22645.9,-0.239205,-0.5543,-0.5828,-0.0285,PASS,PASS,PASS,PASS
res_ss_27c_3.63v,res_ss,27,3.63,1,4.7,0.2,61.19,61.19,0,34.52,34.52,0,22791.3,22791.3,0,-0.5661,-0.5661,0,PASS,PASS,PASS,PASS
res_ss_27c_3.63v,res_ss,27,3.63,1,4.7,0.5,74.4,73.86,-0.54,26.89,27.23,0.34,23726.5,23660.7,-0.277327,-0.512,-0.5417,-0.0297,PASS,PASS,PASS,PASS
res_ss_27c_3.63v,res_ss,27,3.63,10,0.33,0.001,20.91,21.01,0.1,4.59,4.61,0.02,519665,520466,0.154138,-0.6331,-0.6863,-0.0532,FAIL,FAIL,PASS,PASS
res_ss_27c_3.63v,res_ss,27,3.63,10,0.33,0.05,23.98,23.98,0,5.56,5.56,0,520985,520985,0,-0.6724,-0.6724,0,FAIL,FAIL,PASS,PASS
res_ss_27c_3.63v,res_ss,27,3.63,10,0.33,0.2,32.28,32.28,0,8.77,8.77,0,528137,528137,0,-0.6306,-0.6306,0,FAIL,FAIL,PASS,PASS
res_ss_27c_3.63v,res_ss,27,3.63,10,0.33,0.5,45.84,45.84,0,12.38,12.38,0,577471,577471,0,-0.5887,-0.5887,0,PASS,PASS,PASS,PASS
res_ss_27c_3.63v,res_ss,27,3.63,10,1,0.001,54.6,54.7,0.1,14.27,14.28,0.01,210777,210894,0.0555089,-0.522,-0.5162,0.0058,PASS,PASS,PASS,PASS
res_ss_27c_3.63v,res_ss,27,3.63,10,1,0.05,58.38,58.38,0,17.38,17.38,0,211305,211305,0,-0.4955,-0.4955,0,PASS,PASS,PASS,PASS
res_ss_27c_3.63v,res_ss,27,3.63,10,1,0.2,69.13,69.13,0,21.88,21.88,0,217760,217760,0,-0.4554,-0.4554,0,PASS,PASS,PASS,PASS
res_ss_27c_3.63v,res_ss,27,3.63,10,1,0.5,88.75,88.75,0,17.54,17.54,0,267759,267759,0,-0.3217,-0.3217,0,PASS,PASS,PASS,PASS
res_ss_27c_3.63v,res_ss,27,3.63,10,4.7,0.001,54.76,54.8,0.04,28.03,28.05,0.02,51438.6,51443,0.00855389,-0.5134,-0.5724,-0.059,PASS,PASS,PASS,PASS
res_ss_27c_3.63v,res_ss,27,3.63,10,4.7,0.05,59.11,59.11,0,35,35,0,51561.9,51561.9,0,-0.5452,-0.5452,0,PASS,PASS,PASS,PASS
res_ss_27c_3.63v,res_ss,27,3.63,10,4.7,0.2,72.92,72.92,0,26.33,26.33,0,53484.4,53484.4,0,-0.4792,-0.4792,0,PASS,PASS,PASS,PASS
res_ss_27c_3.63v,res_ss,27,3.63,10,4.7,0.5,105.52,105.52,0,18.96,18.96,0,70372.1,70372.1,0,-0.2639,-0.2639,0,PASS,PASS,PASS,PASS
res_ss_27c_3.63v,res_ss,27,3.63,25,0.33,0.001,7.43,7.41,-0.02,1.65,1.65,0,627282,627330,0.00765206,-0.7352,-0.734,0.0012,FAIL,FAIL,PASS,PASS
res_ss_27c_3.63v,res_ss,27,3.63,25,0.33,0.05,10.99,10.98,-0.01,2.59,2.59,0,628082,628130,0.00764231,-0.7154,-0.7142,0.0012,FAIL,FAIL,PASS,PASS
res_ss_27c_3.63v,res_ss,27,3.63,25,0.33,0.2,20.88,20.88,0,5.8,5.8,0,640531,640531,0,-0.7412,-0.7412,0,FAIL,FAIL,PASS,PASS
res_ss_27c_3.63v,res_ss,27,3.63,25,0.33,0.5,35.26,35.26,0,9.53,9.53,0,715279,715279,0,-0.6342,-0.6342,0,FAIL,FAIL,PASS,PASS
res_ss_27c_3.63v,res_ss,27,3.63,25,1,0.001,45.56,45.55,-0.01,11.31,11.31,0,277017,277029,0.00433186,-0.5315,-0.531,0.0005,PASS,PASS,PASS,PASS
res_ss_27c_3.63v,res_ss,27,3.63,25,1,0.05,50.35,50.34,-0.01,14.37,14.36,-0.01,277891,277903,0.00431824,-0.555,-0.5546,0.0004,PASS,PASS,PASS,PASS
res_ss_27c_3.63v,res_ss,27,3.63,25,1,0.2,63.92,63.92,0,19.11,19.11,0,292142,292142,0,-0.4701,-0.4701,0,PASS,PASS,PASS,PASS
res_ss_27c_3.63v,res_ss,27,3.63,25,1,0.5,82.55,82.55,0,14.83,14.83,0,410471,410471,0,-0.306,-0.306,0,PASS,PASS,PASS,PASS
res_ss_27c_3.63v,res_ss,27,3.63,25,4.7,0.001,56.83,56.83,0,25.03,25.03,0,68547.9,68549.3,0.00204237,-0.4965,-0.4963,0.0002,PASS,PASS,PASS,PASS
res_ss_27c_3.63v,res_ss,27,3.63,25,4.7,0.05,62.57,62.57,0,32.22,32.21,-0.01,68844.5,68845.8,0.00188831,-0.5056,-0.5054,0.0002,PASS,PASS,PASS,PASS
res_ss_27c_3.63v,res_ss,27,3.63,25,4.7,0.2,81.14,81.14,0,23.67,23.67,0,73909.6,73909.6,0,-0.4132,-0.4132,0,PASS,PASS,PASS,PASS
res_ss_27c_3.63v,res_ss,27,3.63,25,4.7,0.5,124.31,124.31,0,16.27,16.27,0,165657,165657,0,-0.1054,-0.1054,0,PASS,PASS,PASS,PASS
res_ss_27c_3.63v,res_ss,27,3.63,50,0.33,0.001,-2.12,-2.12,0,-0.47,-0.47,0,715425,715425,0,-0.8044,-0.8044,0,FAIL,FAIL,PASS,PASS
res_ss_27c_3.63v,res_ss,27,3.63,50,0.33,0.05,1.93,1.93,0,0.45,0.45,0,716507,716507,0,-0.779,-0.779,0,FAIL,FAIL,PASS,PASS
res_ss_27c_3.63v,res_ss,27,3.63,50,0.33,0.2,12.95,12.95,0,3.6,3.6,0,733521,733608,0.0118606,-0.745,-0.7432,0.0018,FAIL,FAIL,PASS,PASS
res_ss_27c_3.63v,res_ss,27,3.63,50,0.33,0.5,27.66,27.66,0,7.34,7.34,0,834902,834772,-0.0155707,-0.6811,-0.6831,-0.002,FAIL,FAIL,PASS,PASS
res_ss_27c_3.63v,res_ss,27,3.63,50,1,0.001,38.35,38.35,0,9.17,9.17,0,334110,334110,0,-0.5918,-0.5918,0,FAIL,FAIL,PASS,PASS
res_ss_27c_3.63v,res_ss,27,3.63,50,1,0.05,44.08,44.08,0,12.17,12.17,0,335554,335554,0,-0.5402,-0.5402,0,FAIL,FAIL,PASS,PASS
res_ss_27c_3.63v,res_ss,27,3.63,50,1,0.2,59.61,59.62,0.01,16.9,16.9,0,359511,359539,0.00778836,-0.4823,-0.4815,0.0008,PASS,PASS,PASS,PASS
res_ss_27c_3.63v,res_ss,27,3.63,50,1,0.5,73.72,73.72,0,12.68,12.68,0,556427,556320,-0.0192298,-0.3453,-0.3466,-0.0013,PASS,PASS,PASS,PASS
res_ss_27c_3.63v,res_ss,27,3.63,50,4.7,0.001,57.95,57.95,0,22.86,22.86,0,84274.6,84274.6,0,-0.4895,-0.4895,0,PASS,PASS,PASS,PASS
res_ss_27c_3.63v,res_ss,27,3.63,50,4.7,0.05,64.99,64.99,0,30.02,30.02,0,84843.3,84843.3,0,-0.4727,-0.4727,0,PASS,PASS,PASS,PASS
res_ss_27c_3.63v,res_ss,27,3.63,50,4.7,0.2,87.78,87.78,0,21.51,21.51,0,95234.9,95236.9,0.00210007,-0.363,-0.3628,0.0002,PASS,PASS,PASS,PASS
res_ss_27c_3.63v,res_ss,27,3.63,50,4.7,0.5,109.88,109.88,0,14.12,14.12,0,412314,412197,-0.0283764,-0.1674,-0.1684,-0.001,PASS,PASS,PASS,PASS
sf_-40c_2.97v,sf,-40,2.97,0,0.33,0.001,33.77,33.79,0.02,53.51,53.52,0.01,3317.55,3317.92,0.0111528,-0.7241,-0.7224,0.0017,FAIL,FAIL,PASS,PASS
sf_-40c_2.97v,sf,-40,2.97,0,0.33,0.05,33.81,33.81,0,53.51,53.51,0,3317.92,3317.92,0,-0.7224,-0.7224,0,FAIL,FAIL,PASS,PASS
sf_-40c_2.97v,sf,-40,2.97,0,0.33,0.2,33.87,33.87,0,53.49,53.49,0,3317.92,3317.92,0,-0.7224,-0.7224,0,FAIL,FAIL,PASS,PASS
sf_-40c_2.97v,sf,-40,2.97,0,0.33,0.5,33.98,33.98,0,53.44,53.44,0,3317.93,3317.93,0,-0.7223,-0.7223,0,FAIL,FAIL,PASS,PASS
sf_-40c_2.97v,sf,-40,2.97,0,1,0.001,19.93,19.94,0.01,53.5,53.5,0,1787.53,1787.6,0.00391602,-0.8531,-0.8524,0.0007,FAIL,FAIL,PASS,PASS
sf_-40c_2.97v,sf,-40,2.97,0,1,0.05,19.97,19.97,0,53.49,53.49,0,1787.6,1787.6,0,-0.8524,-0.8524,0,FAIL,FAIL,PASS,PASS
sf_-40c_2.97v,sf,-40,2.97,0,1,0.2,20.07,20.07,0,53.47,53.47,0,1787.6,1787.6,0,-0.8524,-0.8524,0,FAIL,FAIL,PASS,PASS
sf_-40c_2.97v,sf,-40,2.97,0,1,0.5,20.26,20.26,0,53.42,53.42,0,1787.61,1787.61,0,-0.8523,-0.8523,0,FAIL,FAIL,PASS,PASS
sf_-40c_2.97v,sf,-40,2.97,0,4.7,0.001,9.39,9.4,0.01,53.49,53.49,0,804.206,804.213,0.000870424,-0.8729,-0.8728,0.0001,FAIL,FAIL,PASS,PASS
sf_-40c_2.97v,sf,-40,2.97,0,4.7,0.05,9.47,9.47,0,53.48,53.48,0,804.213,804.213,0,-0.8728,-0.8728,0,FAIL,FAIL,PASS,PASS
sf_-40c_2.97v,sf,-40,2.97,0,4.7,0.2,9.67,9.67,0,53.46,53.46,0,804.217,804.217,0,-0.8727,-0.8727,0,FAIL,FAIL,PASS,PASS
sf_-40c_2.97v,sf,-40,2.97,0,4.7,0.5,10.08,10.08,0,53.42,53.42,0,804.241,804.241,0,-0.8721,-0.8721,0,FAIL,FAIL,PASS,PASS
sf_-40c_2.97v,sf,-40,2.97,0.1,0.33,0.001,55.16,55.16,0,20.3,20.3,0,107012,107012,0,-0.568,-0.568,0,PASS,PASS,PASS,PASS
sf_-40c_2.97v,sf,-40,2.97,0.1,0.33,0.05,55.46,55.78,0.32,21.49,21.5,0.01,106114,107017,0.850972,-0.5364,-0.5674,-0.031,PASS,PASS,PASS,PASS
sf_-40c_2.97v,sf,-40,2.97,0.1,0.33,0.2,57.66,57.66,0,26.45,26.45,0,107098,107098,0,-0.5585,-0.5585,0,PASS,PASS,PASS,PASS
sf_-40c_2.97v,sf,-40,2.97,0.1,0.33,0.5,61.34,61.34,0,35.9,35.9,0,107554,107554,0,-0.5707,-0.5707,0,PASS,PASS,PASS,PASS
sf_-40c_2.97v,sf,-40,2.97,0.1,1,0.001,74.02,74.02,0,30.2,30.2,0,35825.6,35825.6,0,-0.4272,-0.4272,0,PASS,PASS,PASS,PASS
sf_-40c_2.97v,sf,-40,2.97,0.1,1,0.05,74.35,74.65,0.3,34.82,34.86,0.04,35630.3,35828,0.554865,-0.4259,-0.4266,-0.0007,PASS,PASS,PASS,PASS
sf_-40c_2.97v,sf,-40,2.97,0.1,1,0.2,76.59,76.59,0,46.18,46.18,0,35864.8,35864.8,0,-0.4175,-0.4175,0,PASS,PASS,PASS,PASS
sf_-40c_2.97v,sf,-40,2.97,0.1,1,0.5,80.47,80.47,0,40.87,40.87,0,36074.7,36074.7,0,-0.4116,-0.4116,0,PASS,PASS,PASS,PASS
sf_-40c_2.97v,sf,-40,2.97,0.1,4.7,0.001,49.44,49.44,0,45.92,45.92,0,8847.03,8847.03,0,-0.647,-0.647,0,PASS,PASS,PASS,PASS
sf_-40c_2.97v,sf,-40,2.97,0.1,4.7,0.05,49.94,50.18,0.24,53.54,53.49,-0.05,8831.66,8847.55,0.179921,-0.6001,-0.6462,-0.0461,PASS,PASS,PASS,PASS
sf_-40c_2.97v,sf,-40,2.97,0.1,4.7,0.2,52.45,52.45,0,48.26,48.26,0,8855.53,8855.53,0,-0.6339,-0.6339,0,PASS,PASS,PASS,PASS
sf_-40c_2.97v,sf,-40,2.97,0.1,4.7,0.5,57.09,57.09,0,41.87,41.87,0,8900.87,8900.87,0,-0.6335,-0.6335,0,PASS,PASS,PASS,PASS
sf_-40c_2.97v,sf,-40,2.97,1,0.33,0.001,49.69,49.69,0,11.61,11.61,0,277727,277727,0,-0.4968,-0.4968,0,PASS,PASS,PASS,PASS
sf_-40c_2.97v,sf,-40,2.97,1,0.33,0.05,51.29,51.29,0,12.56,12.56,0,277824,277824,0,-0.4929,-0.4929,0,PASS,PASS,PASS,PASS
sf_-40c_2.97v,sf,-40,2.97,1,0.33,0.2,56.06,56.06,0,15.79,15.79,0,279324,279324,0,-0.4918,-0.4918,0,PASS,PASS,PASS,PASS
sf_-40c_2.97v,sf,-40,2.97,1,0.33,0.5,64.99,64.99,0,19.38,19.38,0,288125,288125,0,-0.4988,-0.4988,0,PASS,PASS,PASS,PASS
sf_-40c_2.97v,sf,-40,2.97,1,1,0.001,69.58,69.58,0,21.34,21.34,0,96564.8,96564.8,0,-0.4477,-0.4477,0,PASS,PASS,PASS,PASS
sf_-40c_2.97v,sf,-40,2.97,1,1,0.05,71.29,71.29,0,24.46,24.46,0,96608.1,96608.1,0,-0.4434,-0.4434,0,PASS,PASS,PASS,PASS
sf_-40c_2.97v,sf,-40,2.97,1,1,0.2,76.48,76.48,0,28.94,28.94,0,97287.6,97287.6,0,-0.4265,-0.4265,0,PASS,PASS,PASS,PASS
sf_-40c_2.97v,sf,-40,2.97,1,1,0.5,86.95,86.95,0,24.53,24.53,0,101393,101393,0,-0.3842,-0.3842,0,PASS,PASS,PASS,PASS
sf_-40c_2.97v,sf,-40,2.97,1,4.7,0.001,48.91,48.91,0,35.36,35.36,0,23547,23547,0,-0.6377,-0.6377,0,PASS,PASS,PASS,PASS
sf_-40c_2.97v,sf,-40,2.97,1,4.7,0.05,50.88,50.88,0,42.05,42.05,0,23556.8,23556.8,0,-0.632,-0.632,0,PASS,PASS,PASS,PASS
sf_-40c_2.97v,sf,-40,2.97,1,4.7,0.2,57.05,57.05,0,33.24,33.24,0,23709.9,23709.9,0,-0.613,-0.613,0,PASS,PASS,PASS,PASS
sf_-40c_2.97v,sf,-40,2.97,1,4.7,0.5,70.18,70.18,0,25.93,25.93,0,24623.3,24623.3,0,-0.5825,-0.5825,0,PASS,PASS,PASS,PASS
sf_-40c_2.97v,sf,-40,2.97,10,0.33,0.001,22.76,22.76,0,4.9,4.9,0,527587,527587,0,-0.6408,-0.6408,0,FAIL,FAIL,PASS,PASS
sf_-40c_2.97v,sf,-40,2.97,10,0.33,0.05,25.77,25.77,0,5.86,5.86,0,528137,528137,0,-0.6268,-0.6268,0,FAIL,FAIL,PASS,PASS
sf_-40c_2.97v,sf,-40,2.97,10,0.33,0.2,34.3,34.3,0,9.1,9.1,0,536709,536709,0,-0.6248,-0.6248,0,FAIL,FAIL,PASS,PASS
sf_-40c_2.97v,sf,-40,2.97,10,0.33,0.5,47.84,47.84,0,12.28,12.28,0,589230,589230,0,-0.5356,-0.5356,0,PASS,PASS,PASS,PASS
sf_-40c_2.97v,sf,-40,2.97,10,1,0.001,54.95,54.95,0,14.57,14.57,0,210039,210039,0,-0.4974,-0.4974,0,PASS,PASS,PASS,PASS
sf_-40c_2.97v,sf,-40,2.97,10,1,0.05,58.62,58.62,0,17.69,17.69,0,210444,210444,0,-0.4772,-0.4772,0,PASS,PASS,PASS,PASS
sf_-40c_2.97v,sf,-40,2.97,10,1,0.2,69.53,69.53,0,21.71,21.71,0,216969,216969,0,-0.4847,-0.4847,0,PASS,PASS,PASS,PASS
sf_-40c_2.97v,sf,-40,2.97,10,1,0.5,89.59,89.59,0,17.16,17.16,0,266840,266840,0,-0.3009,-0.3009,0,PASS,PASS,PASS,PASS
sf_-40c_2.97v,sf,-40,2.97,10,4.7,0.001,52.12,52.12,0,28.33,28.33,0,53002.8,53002.8,0,-0.5844,-0.5844,0,PASS,PASS,PASS,PASS
sf_-40c_2.97v,sf,-40,2.97,10,4.7,0.05,56.56,56.56,0,34.72,34.72,0,53127,53127,0,-0.5557,-0.5557,0,PASS,PASS,PASS,PASS
sf_-40c_2.97v,sf,-40,2.97,10,4.7,0.2,70.82,70.82,0,25.92,25.92,0,55146.4,55146.4,0,-0.5369,-0.5369,0,PASS,PASS,PASS,PASS
sf_-40c_2.97v,sf,-40,2.97,10,4.7,0.5,104.03,104.03,0,18.51,18.51,0,72581.1,72581.1,0,-0.2649,-0.2649,0,PASS,PASS,PASS,PASS
sf_-40c_2.97v,sf,-40,2.97,25,0.33,0.001,8.96,8.96,0,1.93,1.93,0,645056,645056,0,-0.727,-0.727,0,FAIL,FAIL,PASS,PASS
sf_-40c_2.97v,sf,-40,2.97,25,0.33,0.05,12.62,12.62,0,2.88,2.88,0,645936,645936,0,-0.7063,-0.7063,0,FAIL,FAIL,PASS,PASS
sf_-40c_2.97v,sf,-40,2.97,25,0.33,0.2,22.72,22.72,0,6.07,6.07,0,659841,659841,0,-0.7069,-0.7069,0,FAIL,FAIL,PASS,PASS
sf_-40c_2.97v,sf,-40,2.97,25,0.33,0.5,37.02,37.02,0,9.36,9.36,0,744208,744208,0,-0.6185,-0.6185,0,FAIL,FAIL,PASS,PASS
sf_-40c_2.97v,sf,-40,2.97,25,1,0.001,46.85,46.85,0,11.58,11.58,0,278288,278288,0,-0.5329,-0.5329,0,PASS,PASS,PASS,PASS
sf_-40c_2.97v,sf,-40,2.97,25,1,0.05,51.67,51.67,0,14.64,14.64,0,279179,279179,0,-0.4974,-0.4974,0,PASS,PASS,PASS,PASS
sf_-40c_2.97v,sf,-40,2.97,25,1,0.2,65.42,65.42,0,18.8,18.8,0,293933,293933,0,-0.4549,-0.4549,0,PASS,PASS,PASS,PASS
sf_-40c_2.97v,sf,-40,2.97,25,1,0.5,84.59,84.59,0,14.32,14.32,0,422166,422166,0,-0.2893,-0.2893,0,PASS,PASS,PASS,PASS
sf_-40c_2.97v,sf,-40,2.97,25,4.7,0.001,54.65,54.65,0,25.29,25.29,0,69962,69962,0,-0.5418,-0.5418,0,PASS,PASS,PASS,PASS
sf_-40c_2.97v,sf,-40,2.97,25,4.7,0.05,60.51,60.51,0,31.83,31.83,0,70263.7,70263.7,0,-0.551,-0.551,0,PASS,PASS,PASS,PASS
sf_-40c_2.97v,sf,-40,2.97,25,4.7,0.2,79.49,79.49,0,23.1,23.1,0,75430,75430,0,-0.4506,-0.4506,0,PASS,PASS,PASS,PASS
sf_-40c_2.97v,sf,-40,2.97,25,4.7,0.5,124.16,124.16,0,15.69,15.69,0,165705,165705,0,-0.1061,-0.1061,0,PASS,PASS,PASS,PASS
sf_-40c_2.97v,sf,-40,2.97,50,0.33,0.001,-0.78,-0.78,0,-0.17,-0.17,0,738690,738690,0,-0.7372,-0.7372,0,FAIL,FAIL,PASS,PASS
sf_-40c_2.97v,sf,-40,2.97,50,0.33,0.05,3.39,3.39,0,0.77,0.77,0,739880,739880,0,-0.7975,-0.7975,0,FAIL,FAIL,PASS,PASS
sf_-40c_2.97v,sf,-40,2.97,50,0.33,0.2,14.66,14.66,0,3.9,3.9,0,759099,759099,0,-0.7295,-0.7295,0,FAIL,FAIL,PASS,PASS
sf_-40c_2.97v,sf,-40,2.97,50,0.33,0.5,29.03,29.03,0,7.19,7.19,0,873947,873947,0,-0.6652,-0.6652,0,FAIL,FAIL,PASS,PASS
sf_-40c_2.97v,sf,-40,2.97,50,1,0.001,40.16,40.16,0,9.46,9.46,0,336980,336980,0,-0.5455,-0.5455,0,FAIL,FAIL,PASS,PASS
sf_-40c_2.97v,sf,-40,2.97,50,1,0.05,45.95,45.95,0,12.48,12.48,0,338478,338478,0,-0.5548,-0.5548,0,PASS,PASS,PASS,PASS
sf_-40c_2.97v,sf,-40,2.97,50,1,0.2,61.73,61.73,0,16.63,16.63,0,363893,363893,0,-0.4587,-0.4587,0,PASS,PASS,PASS,PASS
sf_-40c_2.97v,sf,-40,2.97,50,1,0.5,75.28,75.28,0,12.18,12.18,0,584989,584989,0,-0.3358,-0.3358,0,PASS,PASS,PASS,PASS
sf_-40c_2.97v,sf,-40,2.97,50,4.7,0.001,56.14,56.14,0,23.15,23.15,0,85302,85302,0,-0.4991,-0.4991,0,PASS,PASS,PASS,PASS
sf_-40c_2.97v,sf,-40,2.97,50,4.7,0.05,63.27,63.27,0,29.66,29.66,0,85866.1,85866.1,0,-0.5398,-0.5398,0,PASS,PASS,PASS,PASS
sf_-40c_2.97v,sf,-40,2.97,50,4.7,0.2,86.46,86.46,0,20.96,20.96,0,96223.9,96223.9,0,-0.3831,-0.3831,0,PASS,PASS,PASS,PASS
sf_-40c_2.97v,sf,-40,2.97,50,4.7,0.5,110.45,110.45,0,13.55,13.55,0,436367,436367,0,-0.1588,-0.1588,0,PASS,PASS,PASS,PASS
sf_-40c_3.30v,sf,-40,3.3,0,0.33,0.001,35.7,35.72,0.02,53.43,53.44,0.01,3564.72,3565.12,0.0112211,-0.7516,-0.7499,0.0017,FAIL,FAIL,PASS,PASS
sf_-40c_3.30v,sf,-40,3.3,0,0.33,0.05,35.72,35.74,0.02,53.43,53.43,0,3564.72,3565.12,0.0112211,-0.7516,-0.7499,0.0017,FAIL,FAIL,PASS,PASS
sf_-40c_3.30v,sf,-40,3.3,0,0.33,0.2,35.78,35.8,0.02,53.41,53.41,0,3564.72,3565.12,0.0112211,-0.7516,-0.7499,0.0017,FAIL,FAIL,PASS,PASS
sf_-40c_3.30v,sf,-40,3.3,0,0.33,0.5,35.91,35.93,0.02,53.37,53.37,0,3564.73,3565.13,0.011221,-0.7516,-0.7498,0.0018,FAIL,FAIL,PASS,PASS
sf_-40c_3.30v,sf,-40,3.3,0,1,0.001,21.15,21.16,0.01,53.42,53.42,0,1905.14,1905.22,0.00419917,-0.8398,-0.8392,0.0006,FAIL,FAIL,PASS,PASS
sf_-40c_3.30v,sf,-40,3.3,0,1,0.05,21.18,21.19,0.01,53.41,53.41,0,1905.14,1905.21,0.00367427,-0.8398,-0.8392,0.0006,FAIL,FAIL,PASS,PASS
sf_-40c_3.30v,sf,-40,3.3,0,1,0.2,21.29,21.3,0.01,53.39,53.39,0,1905.14,1905.22,0.00419917,-0.8398,-0.8391,0.0007,FAIL,FAIL,PASS,PASS
sf_-40c_3.30v,sf,-40,3.3,0,1,0.5,21.49,21.5,0.01,53.35,53.35,0,1905.16,1905.23,0.00367423,-0.8397,-0.839,0.0007,FAIL,FAIL,PASS,PASS
sf_-40c_3.30v,sf,-40,3.3,0,4.7,0.001,9.99,9.99,0,53.41,53.41,0,854.368,854.375,0.000819319,-0.9195,-0.9193,0.0002,FAIL,FAIL,PASS,PASS
sf_-40c_3.30v,sf,-40,3.3,0,4.7,0.05,10.06,10.06,0,53.4,53.41,0.01,854.368,854.375,0.000819319,-0.9195,-0.9193,0.0002,FAIL,FAIL,PASS,PASS
sf_-40c_3.30v,sf,-40,3.3,0,4.7,0.2,10.28,10.28,0,53.38,53.39,0.01,854.373,854.38,0.000819314,-0.9194,-0.9192,0.0002,FAIL,FAIL,PASS,PASS
sf_-40c_3.30v,sf,-40,3.3,0,4.7,0.5,10.71,10.72,0.01,53.35,53.35,0,854.402,854.409,0.000819286,-0.9187,-0.9186,0.0001,FAIL,FAIL,PASS,PASS
sf_-40c_3.30v,sf,-40,3.3,0.1,0.33,0.001,49.59,49.59,0,19.78,19.78,0,121513,121513,0,-0.6124,-0.6124,0,PASS,PASS,PASS,PASS
sf_-40c_3.30v,sf,-40,3.3,0.1,0.33,0.05,50.29,50.29,0,21.17,21.17,0,121520,121520,0,-0.6116,-0.6116,0,PASS,PASS,PASS,PASS
sf_-40c_3.30v,sf,-40,3.3,0.1,0.33,0.2,52.42,52.42,0,27.27,27.27,0,121629,121629,0,-0.6002,-0.6002,0,PASS,PASS,PASS,PASS
sf_-40c_3.30v,sf,-40,3.3,0.1,0.33,0.5,56.27,56.59,0.32,37.37,37.08,-0.29,121216,122244,0.848073,-0.5696,-0.6035,-0.0339,PASS,PASS,PASS,PASS
sf_-40c_3.30v,sf,-40,3.3,0.1,1,0.001,73,73,0,29.68,29.68,0,43708,43708,0,-0.4083,-0.4083,0,PASS,PASS,PASS,PASS
sf_-40c_3.30v,sf,-40,3.3,0.1,1,0.05,73.77,73.77,0,35.26,35.26,0,43712.3,43712.3,0,-0.4074,-0.4074,0,PASS,PASS,PASS,PASS
sf_-40c_3.30v,sf,-40,3.3,0.1,1,0.2,76.12,76.12,0,46.82,46.82,0,43778.9,43778.9,0,-0.3939,-0.3939,0,PASS,PASS,PASS,PASS
sf_-40c_3.30v,sf,-40,3.3,0.1,1,0.5,80.48,80.8,0.32,41.4,41.13,-0.27,43896.3,44157.9,0.59595,-0.4127,-0.4102,0.0025,PASS,PASS,PASS,PASS
sf_-40c_3.30v,sf,-40,3.3,0.1,4.7,0.001,54.49,54.49,0,45.27,45.27,0,9979.39,9979.39,0,-0.6083,-0.6083,0,PASS,PASS,PASS,PASS
sf_-40c_3.30v,sf,-40,3.3,0.1,4.7,0.05,55.32,55.32,0,53.49,53.49,0,9980.19,9980.19,0,-0.6072,-0.6072,0,PASS,PASS,PASS,PASS
sf_-40c_3.30v,sf,-40,3.3,0.1,4.7,0.2,57.88,57.88,0,48.43,48.43,0,9992.51,9992.51,0,-0.5916,-0.5916,0,PASS,PASS,PASS,PASS
sf_-40c_3.30v,sf,-40,3.3,0.1,4.7,0.5,62.89,63.15,0.26,42.25,42,-0.25,10040.6,10062.6,0.21911,-0.5932,-0.5678,0.0254,PASS,PASS,PASS,PASS
sf_-40c_3.30v,sf,-40,3.3,1,0.33,0.001,44.11,44.11,0,11.03,11.03,0,320406,320406,0,-0.547,-0.547,0,FAIL,FAIL,PASS,PASS
sf_-40c_3.30v,sf,-40,3.3,1,0.33,0.05,45.95,45.95,0,12.14,12.14,0,320546,320546,0,-0.5418,-0.5418,0,PASS,PASS,PASS,PASS
sf_-40c_3.30v,sf,-40,3.3,1,0.33,0.2,51.41,51.41,0,16.1,16.1,0,322688,322688,0,-0.5257,-0.5257,0,PASS,PASS,PASS,PASS
sf_-40c_3.30v,sf,-40,3.3,1,0.33,0.5,61.44,61.44,0,19.99,19.99,0,335297,335297,0,-0.5128,-0.5128,0,PASS,PASS,PASS,PASS
sf_-40c_3.30v,sf,-40,3.3,1,1,0.001,68.46,68.46,0,20.76,20.76,0,116851,116851,0,-0.4503,-0.4503,0,PASS,PASS,PASS,PASS
sf_-40c_3.30v,sf,-40,3.3,1,1,0.05,70.52,70.52,0,24.52,24.52,0,116928,116928,0,-0.4439,-0.4439,0,PASS,PASS,PASS,PASS
sf_-40c_3.30v,sf,-40,3.3,1,1,0.2,76.75,76.75,0,29.41,29.41,0,118119,118119,0,-0.4469,-0.4469,0,PASS,PASS,PASS,PASS
sf_-40c_3.30v,sf,-40,3.3,1,1,0.5,89.1,89.1,0,24.56,24.56,0,125518,125518,0,-0.3728,-0.3728,0,PASS,PASS,PASS,PASS
sf_-40c_3.30v,sf,-40,3.3,1,4.7,0.001,54.35,54.35,0,34.81,34.81,0,26579.7,26579.7,0,-0.5841,-0.5841,0,PASS,PASS,PASS,PASS
sf_-40c_3.30v,sf,-40,3.3,1,4.7,0.05,56.57,56.57,0,42.4,42.4,0,26595.2,26595.2,0,-0.5768,-0.5768,0,PASS,PASS,PASS,PASS
sf_-40c_3.30v,sf,-40,3.3,1,4.7,0.2,63.59,63.59,0,33.19,33.19,0,26836,26836,0,-0.5288,-0.5288,0,PASS,PASS,PASS,PASS
sf_-40c_3.30v,sf,-40,3.3,1,4.7,0.5,78.77,78.77,0,25.81,25.81,0,28317.2,28317.2,0,-0.4954,-0.4954,0,PASS,PASS,PASS,PASS
sf_-40c_3.30v,sf,-40,3.3,10,0.33,0.001,20.86,20.86,0,4.82,4.82,0,577016,577016,0,-0.6279,-0.6279,0,FAIL,FAIL,PASS,PASS
sf_-40c_3.30v,sf,-40,3.3,10,0.33,0.05,24.15,24.15,0,5.95,5.95,0,577709,577709,0,-0.6855,-0.6855,0,FAIL,FAIL,PASS,PASS
sf_-40c_3.30v,sf,-40,3.3,10,0.33,0.2,33.43,33.43,0,9.86,9.86,0,588465,588465,0,-0.6506,-0.6506,0,FAIL,FAIL,PASS,PASS
sf_-40c_3.30v,sf,-40,3.3,10,0.33,0.5,47.88,47.88,0,13.01,13.01,0,654496,654496,0,-0.5335,-0.5335,0,PASS,PASS,PASS,PASS
sf_-40c_3.30v,sf,-40,3.3,10,1,0.001,53.42,53.42,0,14.5,14.5,0,237780,237780,0,-0.4779,-0.4779,0,PASS,PASS,PASS,PASS
sf_-40c_3.30v,sf,-40,3.3,10,1,0.05,57.56,57.56,0,18.23,18.23,0,238360,238360,0,-0.5078,-0.5078,0,PASS,PASS,PASS,PASS
sf_-40c_3.30v,sf,-40,3.3,10,1,0.2,69.73,69.73,0,22.26,22.26,0,247741,247741,0,-0.4866,-0.4866,0,PASS,PASS,PASS,PASS
sf_-40c_3.30v,sf,-40,3.3,10,1,0.5,90.71,90.71,0,17.26,17.26,0,323847,323847,0,-0.298,-0.298,0,PASS,PASS,PASS,PASS
sf_-40c_3.30v,sf,-40,3.3,10,4.7,0.001,54.53,54.53,0,28.3,28.3,0,59231.1,59231.1,0,-0.5459,-0.5459,0,PASS,PASS,PASS,PASS
sf_-40c_3.30v,sf,-40,3.3,10,4.7,0.05,59.5,59.5,0,35.15,35.15,0,59412.8,59412.8,0,-0.5699,-0.5699,0,PASS,PASS,PASS,PASS
sf_-40c_3.30v,sf,-40,3.3,10,4.7,0.2,75.53,75.53,0,25.93,25.93,0,62397.8,62397.8,0,-0.4795,-0.4795,0,PASS,PASS,PASS,PASS
sf_-40c_3.30v,sf,-40,3.3,10,4.7,0.5,114.09,114.09,0,18.46,18.46,0,94098.3,94098.3,0,-0.1872,-0.1872,0,PASS,PASS,PASS,PASS
sf_-40c_3.30v,sf,-40,3.3,25,0.33,0.001,7.97,7.97,0,1.85,1.85,0,697191,697191,0,-0.7091,-0.7091,0,FAIL,FAIL,PASS,PASS
sf_-40c_3.30v,sf,-40,3.3,25,0.33,0.05,11.93,11.93,0,2.97,2.97,0,698278,698278,0,-0.7675,-0.7675,0,FAIL,FAIL,PASS,PASS
sf_-40c_3.30v,sf,-40,3.3,25,0.33,0.2,22.82,22.82,0,6.81,6.81,0,715315,715315,0,-0.724,-0.724,0,FAIL,FAIL,PASS,PASS
sf_-40c_3.30v,sf,-40,3.3,25,0.33,0.5,37.98,37.98,0,10.12,10.12,0,818762,818762,0,-0.584,-0.584,0,FAIL,FAIL,PASS,PASS
sf_-40c_3.30v,sf,-40,3.3,25,1,0.001,44.68,44.68,0,11.51,11.51,0,311237,311237,0,-0.526,-0.526,0,FAIL,FAIL,PASS,PASS
sf_-40c_3.30v,sf,-40,3.3,25,1,0.05,50.06,50.06,0,15.17,15.17,0,312456,312456,0,-0.5413,-0.5413,0,PASS,PASS,PASS,PASS
sf_-40c_3.30v,sf,-40,3.3,25,1,0.2,65.13,65.13,0,19.4,19.4,0,332640,332640,0,-0.4911,-0.4911,0,PASS,PASS,PASS,PASS
sf_-40c_3.30v,sf,-40,3.3,25,1,0.5,82.96,82.96,0,14.46,14.46,0,509047,509047,0,-0.3215,-0.3215,0,PASS,PASS,PASS,PASS
sf_-40c_3.30v,sf,-40,3.3,25,4.7,0.001,56.33,56.33,0,25.27,25.27,0,78563.9,78563.9,0,-0.5199,-0.5199,0,PASS,PASS,PASS,PASS
sf_-40c_3.30v,sf,-40,3.3,25,4.7,0.05,62.92,62.92,0,32.3,32.3,0,79007.3,79007.3,0,-0.5143,-0.5143,0,PASS,PASS,PASS,PASS
sf_-40c_3.30v,sf,-40,3.3,25,4.7,0.2,84.31,84.31,0,23.15,23.15,0,86822.8,86822.8,0,-0.3971,-0.3971,0,PASS,PASS,PASS,PASS
sf_-40c_3.30v,sf,-40,3.3,25,4.7,0.5,122.24,122.24,0,15.67,15.67,0,310586,310586,0,-0.1107,-0.1107,0,PASS,PASS,PASS,PASS
sf_-40c_3.30v,sf,-40,3.3,50,0.33,0.001,-1.18,-1.18,0,-0.27,-0.27,0,795888,795888,0,-0.7581,-0.7581,0,FAIL,FAIL,PASS,PASS
sf_-40c_3.30v,sf,-40,3.3,50,0.33,0.05,3.32,3.32,0,0.82,0.82,0,797372,797372,0,-0.8154,-0.8154,0,FAIL,FAIL,PASS,PASS
sf_-40c_3.30v,sf,-40,3.3,50,0.33,0.2,15.44,15.44,0,4.6,4.6,0,820972,820972,0,-0.7736,-0.7736,0,FAIL,FAIL,PASS,PASS
sf_-40c_3.30v,sf,-40,3.3,50,0.33,0.5,30.58,30.58,0,7.92,7.92,0,961965,961965,0,-0.614,-0.614,0,FAIL,FAIL,PASS,PASS
sf_-40c_3.30v,sf,-40,3.3,50,1,0.001,37.73,37.73,0,9.37,9.37,0,374505,374505,0,-0.5479,-0.5479,0,FAIL,FAIL,PASS,PASS
sf_-40c_3.30v,sf,-40,3.3,50,1,0.05,44.14,44.14,0,12.96,12.96,0,376508,376508,0,-0.5472,-0.5472,0,FAIL,FAIL,PASS,PASS
sf_-40c_3.30v,sf,-40,3.3,50,1,0.2,61.26,61.26,0,17.19,17.19,0,410349,410349,0,-0.4776,-0.4776,0,PASS,PASS,PASS,PASS
sf_-40c_3.30v,sf,-40,3.3,50,1,0.5,72.7,72.7,0,12.3,12.3,0,690040,690040,0,-0.3804,-0.3804,0,PASS,PASS,PASS,PASS
sf_-40c_3.30v,sf,-40,3.3,50,4.7,0.001,57.3,57.3,0,23.1,23.1,0,96308.6,96308.6,0,-0.4853,-0.4853,0,PASS,PASS,PASS,PASS
sf_-40c_3.30v,sf,-40,3.3,50,4.7,0.05,65.35,65.35,0,30.1,30.1,0,97149.5,97149.5,0,-0.5028,-0.5028,0,PASS,PASS,PASS,PASS
sf_-40c_3.30v,sf,-40,3.3,50,4.7,0.2,91.55,91.55,0,20.98,20.98,0,113371,113371,0,-0.3655,-0.3655,0,PASS,PASS,PASS,PASS
sf_-40c_3.30v,sf,-40,3.3,50,4.7,0.5,100.06,100.06,0,13.51,13.51,0,587969,587969,0,-0.2463,-0.2463,0,PASS,PASS,PASS,PASS
sf_-40c_3.63v,sf,-40,3.63,0,0.33,0.001,37.48,37.48,0,53.38,53.38,0,3800.29,3800.29,0,-0.728,-0.728,0,FAIL,FAIL,PASS,PASS
sf_-40c_3.63v,sf,-40,3.63,0,0.33,0.05,37.5,37.5,0,53.37,53.37,0,3800.28,3800.28,0,-0.728,-0.728,0,FAIL,FAIL,PASS,PASS
sf_-40c_3.63v,sf,-40,3.63,0,0.33,0.2,37.57,37.57,0,53.36,53.36,0,3800.29,3800.29,0,-0.728,-0.728,0,FAIL,FAIL,PASS,PASS
sf_-40c_3.63v,sf,-40,3.63,0,0.33,0.5,37.7,37.7,0,53.32,53.32,0,3800.3,3800.3,0,-0.728,-0.728,0,FAIL,FAIL,PASS,PASS
sf_-40c_3.63v,sf,-40,3.63,0,1,0.001,22.3,22.3,0,53.36,53.36,0,2014.94,2014.94,0,-0.8578,-0.8578,0,FAIL,FAIL,PASS,PASS
sf_-40c_3.63v,sf,-40,3.63,0,1,0.05,22.34,22.34,0,53.36,53.36,0,2014.94,2014.94,0,-0.8578,-0.8578,0,FAIL,FAIL,PASS,PASS
sf_-40c_3.63v,sf,-40,3.63,0,1,0.2,22.44,22.44,0,53.34,53.34,0,2014.95,2014.95,0,-0.8578,-0.8578,0,FAIL,FAIL,PASS,PASS
sf_-40c_3.63v,sf,-40,3.63,0,1,0.5,22.66,22.66,0,53.31,53.31,0,2014.96,2014.96,0,-0.8577,-0.8577,0,FAIL,FAIL,PASS,PASS
sf_-40c_3.63v,sf,-40,3.63,0,4.7,0.001,10.59,10.59,0,53.36,53.36,0,900.747,900.747,0,-0.8999,-0.8999,0,FAIL,FAIL,PASS,PASS
sf_-40c_3.63v,sf,-40,3.63,0,4.7,0.05,10.66,10.66,0,53.35,53.35,0,900.747,900.747,0,-0.8999,-0.8999,0,FAIL,FAIL,PASS,PASS
sf_-40c_3.63v,sf,-40,3.63,0,4.7,0.2,10.89,10.89,0,53.34,53.34,0,900.753,900.753,0,-0.8997,-0.8997,0,FAIL,FAIL,PASS,PASS
sf_-40c_3.63v,sf,-40,3.63,0,4.7,0.5,11.35,11.35,0,53.3,53.3,0,900.787,900.787,0,-0.899,-0.899,0,FAIL,FAIL,PASS,PASS
sf_-40c_3.63v,sf,-40,3.63,0.1,0.33,0.001,44.85,44.85,0,19.32,19.32,0,134196,134196,0,-0.6367,-0.6367,0,FAIL,FAIL,PASS,PASS
sf_-40c_3.63v,sf,-40,3.63,0.1,0.33,0.05,45.63,45.63,0,20.88,20.88,0,134205,134208,0.00223539,-0.6358,-0.6355,0.0003,PASS,PASS,PASS,PASS
sf_-40c_3.63v,sf,-40,3.63,0.1,0.33,0.2,47.98,47.98,0,28.29,28.29,0,134342,134345,0.00223311,-0.6218,-0.6216,0.0002,PASS,PASS,PASS,PASS
sf_-40c_3.63v,sf,-40,3.63,0.1,0.33,0.5,52.57,52.57,0,37.96,37.96,0,135118,135121,0.00222028,-0.6159,-0.6157,0.0002,PASS,PASS,PASS,PASS
sf_-40c_3.63v,sf,-40,3.63,0.1,1,0.001,70.56,70.56,0,29.21,29.21,0,51700.7,51702.8,0.00406184,-0.4184,-0.4181,0.0003,PASS,PASS,PASS,PASS
sf_-40c_3.63v,sf,-40,3.63,0.1,1,0.05,71.47,71.47,0,35.79,35.79,0,51707.6,51709.2,0.00309432,-0.4172,-0.4169,0.0003,PASS,PASS,PASS,PASS
sf_-40c_3.63v,sf,-40,3.63,0.1,1,0.2,74.24,74.24,0,47.29,47.29,0,51813.4,51814.9,0.002895,-0.4471,-0.4469,0.0002,PASS,PASS,PASS,PASS
sf_-40c_3.63v,sf,-40,3.63,0.1,1,0.5,79.69,79.69,0,41.34,41.34,0,52418.7,52420.3,0.00305235,-0.4369,-0.4366,0.0003,PASS,PASS,PASS,PASS
sf_-40c_3.63v,sf,-40,3.63,0.1,4.7,0.001,58.88,58.88,0,44.69,44.69,0,11215.8,11216.1,0.0026748,-0.5532,-0.5529,0.0003,PASS,PASS,PASS,PASS
sf_-40c_3.63v,sf,-40,3.63,0.1,4.7,0.05,59.81,59.81,0,53.49,53.49,0,11217,11217.2,0.00178301,-0.5519,-0.5517,0.0002,PASS,PASS,PASS,PASS
sf_-40c_3.63v,sf,-40,3.63,0.1,4.7,0.2,62.7,62.7,0,48.59,48.59,0,11235.7,11236,0.00267006,-0.5322,-0.532,0.0002,PASS,PASS,PASS,PASS
sf_-40c_3.63v,sf,-40,3.63,0.1,4.7,0.5,68.64,68.64,0,42.11,42.11,0,11342.4,11342.7,0.00264494,-0.5408,-0.5405,0.0003,PASS,PASS,PASS,PASS
sf_-40c_3.63v,sf,-40,3.63,1,0.33,0.001,37.98,38.65,0.67,10.56,10.41,-0.15,353476,360258,1.91866,-0.5944,-0.634,-0.0396,FAIL,FAIL,PASS,PASS
sf_-40c_3.63v,sf,-40,3.63,1,0.33,0.05,40.72,40.72,0,11.69,11.69,0,360444,360444,0,-0.6273,-0.6273,0,FAIL,FAIL,PASS,PASS
sf_-40c_3.63v,sf,-40,3.63,1,0.33,0.2,46.82,46.82,0,16.43,16.43,0,363270,363270,0,-0.5949,-0.5949,0,PASS,PASS,PASS,PASS
sf_-40c_3.63v,sf,-40,3.63,1,0.33,0.5,57.85,57.85,0,20.5,20.5,0,379925,379925,0,-0.5664,-0.5664,0,PASS,PASS,PASS,PASS
sf_-40c_3.63v,sf,-40,3.63,1,1,0.001,65.3,66.05,0.75,20.29,20.14,-0.15,137760,138850,0.791231,-0.4905,-0.4675,0.023,PASS,PASS,PASS,PASS
sf_-40c_3.63v,sf,-40,3.63,1,1,0.05,68.49,68.49,0,24.58,24.58,0,138976,138976,0,-0.4585,-0.4585,0,PASS,PASS,PASS,PASS
sf_-40c_3.63v,sf,-40,3.63,1,1,0.2,75.8,75.8,0,29.77,29.77,0,140923,140923,0,-0.476,-0.476,0,PASS,PASS,PASS,PASS
sf_-40c_3.63v,sf,-40,3.63,1,1,0.5,89.97,89.97,0,24.58,24.58,0,153413,153413,0,-0.3738,-0.3738,0,PASS,PASS,PASS,PASS
sf_-40c_3.63v,sf,-40,3.63,1,4.7,0.001,59.29,59.65,0.36,34.38,34.22,-0.16,30083,30148.5,0.217731,-0.5077,-0.5422,-0.0345,PASS,PASS,PASS,PASS
sf_-40c_3.63v,sf,-40,3.63,1,4.7,0.05,62.17,62.17,0,42.67,42.67,0,30173.3,30173.3,0,-0.5328,-0.5328,0,PASS,PASS,PASS,PASS
sf_-40c_3.63v,sf,-40,3.63,1,4.7,0.2,70.17,70.17,0,33.14,33.14,0,30559.8,30559.8,0,-0.5037,-0.5037,0,PASS,PASS,PASS,PASS
sf_-40c_3.63v,sf,-40,3.63,1,4.7,0.5,87.88,87.88,0,25.71,25.71,0,33061.9,33061.9,0,-0.4262,-0.4262,0,PASS,PASS,PASS,PASS
sf_-40c_3.63v,sf,-40,3.63,10,0.33,0.001,19.29,19.29,0,4.73,4.73,0,623169,623169,0,-0.6987,-0.6987,0,FAIL,FAIL,PASS,PASS
sf_-40c_3.63v,sf,-40,3.63,10,0.33,0.05,22.84,22.84,0,6.03,6.03,0,624014,624014,0,-0.679,-0.679,0,FAIL,FAIL,PASS,PASS
sf_-40c_3.63v,sf,-40,3.63,10,0.33,0.2,32.83,32.83,0,10.64,10.64,0,637126,637126,0,-0.6853,-0.6853,0,FAIL,FAIL,PASS,PASS
sf_-40c_3.63v,sf,-40,3.63,10,0.33,0.5,48.08,48.08,0,13.58,13.58,0,717762,717762,0,-0.54,-0.54,0,PASS,PASS,PASS,PASS
sf_-40c_3.63v,sf,-40,3.63,10,1,0.001,51.85,51.85,0,14.42,14.42,0,264537,264537,0,-0.5169,-0.5169,0,PASS,PASS,PASS,PASS
sf_-40c_3.63v,sf,-40,3.63,10,1,0.05,56.45,56.45,0,18.79,18.79,0,265325,265325,0,-0.4843,-0.4843,0,PASS,PASS,PASS,PASS
sf_-40c_3.63v,sf,-40,3.63,10,1,0.2,69.79,69.79,0,22.68,22.68,0,278086,278086,0,-0.4877,-0.4877,0,PASS,PASS,PASS,PASS
sf_-40c_3.63v,sf,-40,3.63,10,1,0.5,90.94,90.94,0,17.32,17.32,0,386392,386392,0,-0.3025,-0.3025,0,PASS,PASS,PASS,PASS
sf_-40c_3.63v,sf,-40,3.63,10,4.7,0.001,56.52,56.52,0,28.27,28.27,0,65514.9,65514.9,0,-0.5588,-0.5588,0,PASS,PASS,PASS,PASS
sf_-40c_3.63v,sf,-40,3.63,10,4.7,0.05,62.02,62.02,0,35.47,35.47,0,65769.4,65769.4,0,-0.5144,-0.5144,0,PASS,PASS,PASS,PASS
sf_-40c_3.63v,sf,-40,3.63,10,4.7,0.2,79.83,79.83,0,25.91,25.91,0,70032.9,70032.9,0,-0.4485,-0.4485,0,PASS,PASS,PASS,PASS
sf_-40c_3.63v,sf,-40,3.63,10,4.7,0.5,123.55,123.55,0,18.4,18.4,0,131775,131775,0,-0.1277,-0.1277,0,PASS,PASS,PASS,PASS
sf_-40c_3.63v,sf,-40,3.63,25,0.33,0.001,7.19,7.19,0,1.78,1.78,0,745151,745151,0,-0.7642,-0.7642,0,FAIL,FAIL,PASS,PASS
sf_-40c_3.63v,sf,-40,3.63,25,0.33,0.05,11.41,11.41,0,3.06,3.06,0,746454,746454,0,-0.7362,-0.7362,0,FAIL,FAIL,PASS,PASS
sf_-40c_3.63v,sf,-40,3.63,25,0.33,0.2,23.03,23.03,0,7.59,7.59,0,766784,766784,0,-0.7321,-0.7321,0,FAIL,FAIL,PASS,PASS
sf_-40c_3.63v,sf,-40,3.63,25,0.33,0.5,38.93,38.93,0,10.74,10.74,0,890322,890322,0,-0.6151,-0.6151,0,FAIL,FAIL,PASS,PASS
sf_-40c_3.63v,sf,-40,3.63,25,1,0.001,42.72,42.72,0,11.45,11.45,0,341858,341858,0,-0.5877,-0.5877,0,FAIL,FAIL,PASS,PASS
sf_-40c_3.63v,sf,-40,3.63,25,1,0.05,48.6,48.6,0,15.73,15.73,0,343433,343433,0,-0.5332,-0.5332,0,PASS,PASS,PASS,PASS
sf_-40c_3.63v,sf,-40,3.63,25,1,0.2,64.86,64.86,0,19.87,19.87,0,369574,369574,0,-0.4844,-0.4844,0,PASS,PASS,PASS,PASS
sf_-40c_3.63v,sf,-40,3.63,25,1,0.5,81.18,81.18,0,14.59,14.59,0,593945,593945,0,-0.3127,-0.3127,0,PASS,PASS,PASS,PASS
sf_-40c_3.63v,sf,-40,3.63,25,4.7,0.001,57.58,57.58,0,25.25,25.25,0,87072.7,87072.7,0,-0.5181,-0.5181,0,PASS,PASS,PASS,PASS
sf_-40c_3.63v,sf,-40,3.63,25,4.7,0.05,64.87,64.87,0,32.68,32.68,0,87693.4,87693.4,0,-0.4966,-0.4966,0,PASS,PASS,PASS,PASS
sf_-40c_3.63v,sf,-40,3.63,25,4.7,0.2,88.64,88.64,0,23.2,23.2,0,99029.9,99029.9,0,-0.3738,-0.3738,0,PASS,PASS,PASS,PASS
sf_-40c_3.63v,sf,-40,3.63,25,4.7,0.5,113.47,113.47,0,15.68,15.68,0,453364,453364,0,-0.1818,-0.1818,0,PASS,PASS,PASS,PASS
sf_-40c_3.63v,sf,-40,3.63,50,0.33,0.001,-1.44,-1.44,0,-0.36,-0.36,0,848078,848078,0,-0.7682,-0.7682,0,FAIL,FAIL,PASS,PASS
sf_-40c_3.63v,sf,-40,3.63,50,0.33,0.05,3.35,3.35,0,0.9,0.9,0,849861,849861,0,-0.8223,-0.8223,0,FAIL,FAIL,PASS,PASS
sf_-40c_3.63v,sf,-40,3.63,50,0.33,0.2,16.25,16.25,0,5.33,5.33,0,878008,878008,0,-0.7246,-0.7246,0,FAIL,FAIL,PASS,PASS
sf_-40c_3.63v,sf,-40,3.63,50,0.33,0.5,32,32,0,8.52,8.52,0,1.04617e+06,1.04617e+06,0,-0.6387,-0.6387,0,FAIL,FAIL,PASS,PASS
sf_-40c_3.63v,sf,-40,3.63,50,1,0.001,35.67,35.67,0,9.3,9.3,0,408657,408657,0,-0.6249,-0.6249,0,FAIL,FAIL,PASS,PASS
sf_-40c_3.63v,sf,-40,3.63,50,1,0.05,42.64,42.64,0,13.48,13.48,0,411187,411187,0,-0.6132,-0.6132,0,FAIL,FAIL,PASS,PASS
sf_-40c_3.63v,sf,-40,3.63,50,1,0.2,60.93,60.93,0,17.65,17.65,0,453927,453927,0,-0.514,-0.514,0,PASS,PASS,PASS,PASS
sf_-40c_3.63v,sf,-40,3.63,50,1,0.5,70.72,70.72,0,12.4,12.4,0,788521,788521,0,-0.3992,-0.3992,0,PASS,PASS,PASS,PASS
sf_-40c_3.63v,sf,-40,3.63,50,4.7,0.001,58.04,58.04,0,23.06,23.06,0,107056,107056,0,-0.5145,-0.5145,0,PASS,PASS,PASS,PASS
sf_-40c_3.63v,sf,-40,3.63,50,4.7,0.05,66.98,66.98,0,30.46,30.46,0,108239,108239,0,-0.5069,-0.5069,0,PASS,PASS,PASS,PASS
sf_-40c_3.63v,sf,-40,3.63,50,4.7,0.2,95.99,95.99,0,21.02,21.02,0,132482,132482,0,-0.3266,-0.3266,0,PASS,PASS,PASS,PASS
sf_-40c_3.63v,sf,-40,3.63,50,4.7,0.5,93.37,93.37,0,13.5,13.5,0,709722,709722,0,-0.2814,-0.2814,0,PASS,PASS,PASS,PASS
sf_125c_2.97v,sf,125,2.97,0,0.33,0.001,18.23,18.23,0,53.23,53.23,0,1853.79,1853.79,0,-0.8316,-0.8316,0,FAIL,FAIL,PASS,PASS
sf_125c_2.97v,sf,125,2.97,0,0.33,0.05,18.24,18.26,0.02,53.23,53.23,0,1853.79,1853.89,0.00539435,-0.8316,-0.8307,0.0009,FAIL,FAIL,PASS,PASS
sf_125c_2.97v,sf,125,2.97,0,0.33,0.2,18.27,18.29,0.02,53.23,53.23,0,1853.79,1853.89,0.00539435,-0.8316,-0.8307,0.0009,FAIL,FAIL,PASS,PASS
sf_125c_2.97v,sf,125,2.97,0,0.33,0.5,18.34,18.34,0,53.21,53.21,0,1853.79,1853.8,0.000539435,-0.8316,-0.8316,0,FAIL,FAIL,PASS,PASS
sf_125c_2.97v,sf,125,2.97,0,1,0.001,10.67,10.67,0,53.22,53.22,0,1046.29,1046.29,0,-0.8975,-0.8975,0,FAIL,FAIL,PASS,PASS
sf_125c_2.97v,sf,125,2.97,0,1,0.05,10.69,10.7,0.01,53.22,53.22,0,1046.29,1046.31,0.00191152,-0.8975,-0.8972,0.0003,FAIL,FAIL,PASS,PASS
sf_125c_2.97v,sf,125,2.97,0,1,0.2,10.74,10.76,0.02,53.22,53.22,0,1046.29,1046.31,0.00191152,-0.8975,-0.8972,0.0003,FAIL,FAIL,PASS,PASS
sf_125c_2.97v,sf,125,2.97,0,1,0.5,10.86,10.86,0,53.2,53.2,0,1046.29,1046.29,0,-0.8975,-0.8975,0,FAIL,FAIL,PASS,PASS
sf_125c_2.97v,sf,125,2.97,0,4.7,0.001,5.27,5.27,0,53.22,53.22,0,479.322,479.322,0,-0.8716,-0.8715,0.0001,FAIL,FAIL,PASS,PASS
sf_125c_2.97v,sf,125,2.97,0,4.7,0.05,5.31,5.32,0.01,53.22,53.22,0,479.322,479.324,0.000417256,-0.8715,-0.8715,0,FAIL,FAIL,PASS,PASS
sf_125c_2.97v,sf,125,2.97,0,4.7,0.2,5.44,5.44,0,53.21,53.21,0,479.323,479.325,0.000417255,-0.8715,-0.8715,0,FAIL,FAIL,PASS,PASS
sf_125c_2.97v,sf,125,2.97,0,4.7,0.5,5.68,5.68,0,53.2,53.2,0,479.328,479.328,0,-0.8713,-0.8713,0,FAIL,FAIL,PASS,PASS
sf_125c_2.97v,sf,125,2.97,0.1,0.33,0.001,68.14,68.14,0,24.24,24.24,0,58843.9,58843.9,0,-0.4544,-0.4544,0,PASS,PASS,PASS,PASS
sf_125c_2.97v,sf,125,2.97,0.1,0.33,0.05,68.48,68.48,0,25.23,25.23,0,58844.9,58844.9,0,-0.4542,-0.4542,0,PASS,PASS,PASS,PASS
sf_125c_2.97v,sf,125,2.97,0.1,0.33,0.2,68.98,68.98,0,28.92,28.92,0,58110.2,58110.2,0,-0.4651,-0.4651,0,PASS,PASS,PASS,PASS
sf_125c_2.97v,sf,125,2.97,0.1,0.33,0.5,71.02,71.02,0,39.05,39.05,0,58199,58199,0,-0.4504,-0.4504,0,PASS,PASS,PASS,PASS
sf_125c_2.97v,sf,125,2.97,0.1,1,0.001,67.91,67.91,0,34.36,34.36,0,18495.9,18495.9,0,-0.4791,-0.4791,0,PASS,PASS,PASS,PASS
sf_125c_2.97v,sf,125,2.97,0.1,1,0.05,68.23,68.23,0,38.41,38.41,0,18496.2,18496.2,0,-0.479,-0.479,0,PASS,PASS,PASS,PASS
sf_125c_2.97v,sf,125,2.97,0.1,1,0.2,68.68,68.68,0,50.39,50.39,0,18363,18363,0,-0.4945,-0.4945,0,PASS,PASS,PASS,PASS
sf_125c_2.97v,sf,125,2.97,0.1,1,0.5,70.69,70.69,0,45.24,45.24,0,18387.1,18387.1,0,-0.4811,-0.4811,0,PASS,PASS,PASS,PASS
sf_125c_2.97v,sf,125,2.97,0.1,4.7,0.001,38.06,38.06,0,53.82,53.82,0,5706.84,5706.84,0,-0.7557,-0.7557,0,FAIL,FAIL,PASS,PASS
sf_125c_2.97v,sf,125,2.97,0.1,4.7,0.05,38.53,38.53,0,53.12,53.12,0,5706.96,5706.96,0,-0.7554,-0.7554,0,FAIL,FAIL,PASS,PASS
sf_125c_2.97v,sf,125,2.97,0.1,4.7,0.2,39.62,39.62,0,50.84,50.84,0,5697.35,5697.35,0,-0.7009,-0.7009,0,FAIL,FAIL,PASS,PASS
sf_125c_2.97v,sf,125,2.97,0.1,4.7,0.5,42.56,42.56,0,46.03,46.03,0,5707.8,5707.8,0,-0.7518,-0.7518,0,FAIL,FAIL,PASS,PASS
sf_125c_2.97v,sf,125,2.97,1,0.33,0.001,55.7,57.53,1.83,13.66,13.38,-0.28,182688,187279,2.51303,-0.5167,-0.4866,0.0301,PASS,PASS,PASS,PASS
sf_125c_2.97v,sf,125,2.97,1,0.33,0.05,56.76,58.62,1.86,14.44,14.11,-0.33,182716,187310,2.51428,-0.515,-0.4848,0.0302,PASS,PASS,PASS,PASS
sf_125c_2.97v,sf,125,2.97,1,0.33,0.2,61.89,61.89,0,16.54,16.54,0,187801,187801,0,-0.4579,-0.4579,0,PASS,PASS,PASS,PASS
sf_125c_2.97v,sf,125,2.97,1,0.33,0.5,68.19,68.19,0,20.03,20.03,0,190625,190625,0,-0.4666,-0.4666,0,PASS,PASS,PASS,PASS
sf_125c_2.97v,sf,125,2.97,1,1,0.001,69.78,70.89,1.11,23.41,23.12,-0.29,60738.2,61384.9,1.06473,-0.4142,-0.419,-0.0048,PASS,PASS,PASS,PASS
sf_125c_2.97v,sf,125,2.97,1,1,0.05,70.85,71.98,1.13,25.95,25.51,-0.44,60748.9,61396.1,1.06537,-0.4125,-0.4173,-0.0048,PASS,PASS,PASS,PASS
sf_125c_2.97v,sf,125,2.97,1,1,0.2,75.31,75.31,0,30.02,30.02,0,61573.7,61573.7,0,-0.4383,-0.4383,0,PASS,PASS,PASS,PASS
sf_125c_2.97v,sf,125,2.97,1,1,0.5,82.07,82.07,0,26.6,26.6,0,62608.3,62608.3,0,-0.4276,-0.4276,0,PASS,PASS,PASS,PASS
sf_125c_2.97v,sf,125,2.97,1,4.7,0.001,42.19,42.76,0.57,37.64,37.32,-0.32,16390.8,16429.1,0.233668,-0.6971,-0.6639,0.0332,FAIL,FAIL,PASS,PASS
sf_125c_2.97v,sf,125,2.97,1,4.7,0.05,43.56,44.13,0.57,44.59,43.61,-0.98,16393.7,16432.1,0.234236,-0.6944,-0.6612,0.0332,FAIL,FAIL,PASS,PASS
sf_125c_2.97v,sf,125,2.97,1,4.7,0.2,48.39,48.39,0,35.47,35.47,0,16479.2,16479.2,0,-0.6938,-0.6938,0,PASS,PASS,PASS,PASS
sf_125c_2.97v,sf,125,2.97,1,4.7,0.5,57.22,57.22,0,28.36,28.36,0,16750.5,16750.5,0,-0.6775,-0.6775,0,PASS,PASS,PASS,PASS
sf_125c_2.97v,sf,125,2.97,10,0.33,0.001,39.66,39.66,0,7.03,7.03,0,377012,377012,0,-0.5267,-0.5267,0,FAIL,FAIL,PASS,PASS
sf_125c_2.97v,sf,125,2.97,10,0.33,0.05,41.82,41.82,0,7.69,7.69,0,377257,377257,0,-0.5196,-0.5196,0,FAIL,FAIL,PASS,PASS
sf_125c_2.97v,sf,125,2.97,10,0.33,0.2,48.12,48.12,0,9.72,9.72,0,381174,381174,0,-0.466,-0.466,0,FAIL,FAIL,PASS,PASS
sf_125c_2.97v,sf,125,2.97,10,0.33,0.5,59.21,59.21,0,11.87,11.87,0,405352,405352,0,-0.4331,-0.4331,0,PASS,PASS,PASS,PASS
sf_125c_2.97v,sf,125,2.97,10,1,0.001,60.26,60.26,0,16.7,16.7,0,132592,132592,0,-0.4786,-0.4786,0,PASS,PASS,PASS,PASS
sf_125c_2.97v,sf,125,2.97,10,1,0.05,62.59,62.59,0,18.74,18.74,0,132691,132691,0,-0.4709,-0.4709,0,PASS,PASS,PASS,PASS
sf_125c_2.97v,sf,125,2.97,10,1,0.2,69.75,69.75,0,21.45,21.45,0,134314,134314,0,-0.4526,-0.4526,0,PASS,PASS,PASS,PASS
sf_125c_2.97v,sf,125,2.97,10,1,0.5,84.35,84.35,0,17.65,17.65,0,144750,144750,0,-0.3846,-0.3846,0,PASS,PASS,PASS,PASS
sf_125c_2.97v,sf,125,2.97,10,4.7,0.001,43.29,43.29,0,30.44,30.44,0,37034,37034,0,-0.6184,-0.6184,0,FAIL,FAIL,PASS,PASS
sf_125c_2.97v,sf,125,2.97,10,4.7,0.05,46.39,46.39,0,34.62,34.62,0,37070.1,37070.1,0,-0.6761,-0.6761,0,PASS,PASS,PASS,PASS
sf_125c_2.97v,sf,125,2.97,10,4.7,0.2,56.17,56.17,0,26.61,26.61,0,37646,37646,0,-0.6042,-0.6042,0,PASS,PASS,PASS,PASS
sf_125c_2.97v,sf,125,2.97,10,4.7,0.5,77.28,77.28,0,19.37,19.37,0,41352,41352,0,-0.5202,-0.5202,0,PASS,PASS,PASS,PASS
sf_125c_2.97v,sf,125,2.97,25,0.33,0.001,25.24,25.24,0,4.36,4.36,0,475227,475227,0,-0.576,-0.576,0,FAIL,FAIL,PASS,PASS
sf_125c_2.97v,sf,125,2.97,25,0.33,0.05,27.95,27.95,0,5.03,5.03,0,475661,475661,0,-0.565,-0.565,0,FAIL,FAIL,PASS,PASS
sf_125c_2.97v,sf,125,2.97,25,0.33,0.2,35.59,35.59,0,7.09,7.09,0,482701,482701,0,-0.5176,-0.5176,0,FAIL,FAIL,PASS,PASS
sf_125c_2.97v,sf,125,2.97,25,0.33,0.5,47.61,47.61,0,9.41,9.41,0,526630,526630,0,-0.5044,-0.5044,0,FAIL,FAIL,PASS,PASS
sf_125c_2.97v,sf,125,2.97,25,1,0.001,55.72,55.72,0,14.01,14.01,0,174887,174887,0,-0.4769,-0.4769,0,PASS,PASS,PASS,PASS
sf_125c_2.97v,sf,125,2.97,25,1,0.05,58.79,58.79,0,16.07,16.07,0,175111,175111,0,-0.4637,-0.4637,0,PASS,PASS,PASS,PASS
sf_125c_2.97v,sf,125,2.97,25,1,0.2,68.08,68.08,0,19.02,19.02,0,178854,178854,0,-0.4593,-0.4593,0,PASS,PASS,PASS,PASS
sf_125c_2.97v,sf,125,2.97,25,1,0.5,86.42,86.42,0,15.3,15.3,0,205517,205517,0,-0.3385,-0.3385,0,PASS,PASS,PASS,PASS
sf_125c_2.97v,sf,125,2.97,25,4.7,0.001,45.62,45.62,0,27.7,27.7,0,47525.2,47525.2,0,-0.6374,-0.6374,0,PASS,PASS,PASS,PASS
sf_125c_2.97v,sf,125,2.97,25,4.7,0.05,49.6,49.6,0,32.22,32.22,0,47603.9,47603.9,0,-0.6151,-0.6151,0,PASS,PASS,PASS,PASS
sf_125c_2.97v,sf,125,2.97,25,4.7,0.2,62.25,62.25,0,24.29,24.29,0,48895.9,48895.9,0,-0.5982,-0.5982,0,PASS,PASS,PASS,PASS
sf_125c_2.97v,sf,125,2.97,25,4.7,0.5,90.28,90.28,0,17.02,17.02,0,58301.8,58301.8,0,-0.3749,-0.3749,0,PASS,PASS,PASS,PASS
sf_125c_2.97v,sf,125,2.97,50,0.33,0.001,14.59,14.59,0,2.47,2.47,0,553595,553595,0,-0.5959,-0.5959,0,FAIL,FAIL,PASS,PASS
sf_125c_2.97v,sf,125,2.97,50,0.33,0.05,17.73,17.73,0,3.13,3.13,0,554197,554197,0,-0.5817,-0.5817,0,FAIL,FAIL,PASS,PASS
sf_125c_2.97v,sf,125,2.97,50,0.33,0.2,26.36,26.36,0,5.17,5.17,0,564294,564294,0,-0.6246,-0.6246,0,FAIL,FAIL,PASS,PASS
sf_125c_2.97v,sf,125,2.97,50,0.33,0.5,38.54,38.54,0,7.5,7.5,0,627038,627038,0,-0.5348,-0.5348,0,FAIL,FAIL,PASS,PASS
sf_125c_2.97v,sf,125,2.97,50,1,0.001,52.15,52.15,0,12.1,12.1,0,211738,211738,0,-0.4677,-0.4677,0,PASS,PASS,PASS,PASS
sf_125c_2.97v,sf,125,2.97,50,1,0.05,55.85,55.85,0,14.13,14.13,0,212123,212123,0,-0.5024,-0.5024,0,PASS,PASS,PASS,PASS
sf_125c_2.97v,sf,125,2.97,50,1,0.2,66.87,66.87,0,17.1,17.1,0,218806,218806,0,-0.4507,-0.4507,0,PASS,PASS,PASS,PASS
sf_125c_2.97v,sf,125,2.97,50,1,0.5,87.13,87.13,0,13.42,13.42,0,272310,272310,0,-0.2942,-0.2942,0,PASS,PASS,PASS,PASS
sf_125c_2.97v,sf,125,2.97,50,4.7,0.001,47.63,47.63,0,25.75,25.75,0,56108.5,56108.5,0,-0.6262,-0.6262,0,PASS,PASS,PASS,PASS
sf_125c_2.97v,sf,125,2.97,50,4.7,0.05,52.33,52.33,0,30.3,30.3,0,56239.9,56239.9,0,-0.5956,-0.5956,0,PASS,PASS,PASS,PASS
sf_125c_2.97v,sf,125,2.97,50,4.7,0.2,67.34,67.34,0,22.41,22.41,0,58474.1,58474.1,0,-0.5557,-0.5557,0,PASS,PASS,PASS,PASS
sf_125c_2.97v,sf,125,2.97,50,4.7,0.5,101.52,101.52,0,15.14,15.14,0,77604.5,77604.5,0,-0.2893,-0.2893,0,PASS,PASS,PASS,PASS
sf_125c_3.30v,sf,125,3.3,0,0.33,0.001,19.27,19.27,0,53.25,53.25,0,1964.92,1964.92,0,-0.8159,-0.8159,0,FAIL,FAIL,PASS,PASS
sf_125c_3.30v,sf,125,3.3,0,0.33,0.05,19.28,19.28,0,53.25,53.25,0,1964.92,1964.92,0,-0.8159,-0.8159,0,FAIL,FAIL,PASS,PASS
sf_125c_3.30v,sf,125,3.3,0,0.33,0.2,19.31,19.31,0,53.24,53.24,0,1964.92,1964.92,0,-0.8159,-0.8159,0,FAIL,FAIL,PASS,PASS
sf_125c_3.30v,sf,125,3.3,0,0.33,0.5,19.38,19.38,0,53.23,53.23,0,1964.92,1964.92,0,-0.8159,-0.8159,0,FAIL,FAIL,PASS,PASS
sf_125c_3.30v,sf,125,3.3,0,1,0.001,11.34,11.34,0,53.24,53.24,0,1106.72,1106.72,0,-0.9197,-0.9197,0,FAIL,FAIL,PASS,PASS
sf_125c_3.30v,sf,125,3.3,0,1,0.05,11.36,11.36,0,53.24,53.24,0,1106.72,1106.72,0,-0.9197,-0.9197,0,FAIL,FAIL,PASS,PASS
sf_125c_3.30v,sf,125,3.3,0,1,0.2,11.42,11.42,0,53.24,53.24,0,1106.72,1106.72,0,-0.9197,-0.9197,0,FAIL,FAIL,PASS,PASS
sf_125c_3.30v,sf,125,3.3,0,1,0.5,11.54,11.54,0,53.22,53.22,0,1106.72,1106.72,0,-0.9197,-0.9197,0,FAIL,FAIL,PASS,PASS
sf_125c_3.30v,sf,125,3.3,0,4.7,0.001,5.73,5.73,0,53.24,53.24,0,506.592,506.592,0,-0.9097,-0.9097,0,FAIL,FAIL,PASS,PASS
sf_125c_3.30v,sf,125,3.3,0,4.7,0.05,5.78,5.78,0,53.24,53.24,0,506.592,506.592,0,-0.9097,-0.9097,0,FAIL,FAIL,PASS,PASS
sf_125c_3.30v,sf,125,3.3,0,4.7,0.2,5.9,5.9,0,53.23,53.23,0,506.593,506.593,0,-0.9097,-0.9097,0,FAIL,FAIL,PASS,PASS
sf_125c_3.30v,sf,125,3.3,0,4.7,0.5,6.16,6.16,0,53.22,53.22,0,506.599,506.599,0,-0.9094,-0.9094,0,FAIL,FAIL,PASS,PASS
sf_125c_3.30v,sf,125,3.3,0.1,0.33,0.001,64.92,64.43,-0.49,23.98,23.9,-0.08,67555.2,66690.4,-1.28014,-0.4832,-0.4979,-0.0147,PASS,PASS,PASS,PASS
sf_125c_3.30v,sf,125,3.3,0.1,0.33,0.05,64.82,65.31,0.49,25,25.1,0.1,66691.8,67556.7,1.29686,-0.4977,-0.4829,0.0148,PASS,PASS,PASS,PASS
sf_125c_3.30v,sf,125,3.3,0.1,0.33,0.2,66,66.51,0.51,29.51,29.7,0.19,66714.4,67580.2,1.29777,-0.4942,-0.4794,0.0148,PASS,PASS,PASS,PASS
sf_125c_3.30v,sf,125,3.3,0.1,0.33,0.5,68.33,68.33,0,40.65,40.65,0,66841.6,66841.6,0,-0.4749,-0.4749,0,PASS,PASS,PASS,PASS
sf_125c_3.30v,sf,125,3.3,0.1,1,0.001,70.33,69.81,-0.52,34.09,33.99,-0.1,21267.2,21098.6,-0.79277,-0.4455,-0.4668,-0.0213,PASS,PASS,PASS,PASS
sf_125c_3.30v,sf,125,3.3,0.1,1,0.05,70.18,70.7,0.52,38.61,38.86,0.25,21099,21267.6,0.79909,-0.4666,-0.4453,0.0213,PASS,PASS,PASS,PASS
sf_125c_3.30v,sf,125,3.3,0.1,1,0.2,71.33,71.86,0.53,50.64,50.01,-0.63,21105.8,21274.6,0.79978,-0.4635,-0.4421,0.0214,PASS,PASS,PASS,PASS
sf_125c_3.30v,sf,125,3.3,0.1,1,0.5,73.63,73.63,0,45.46,45.46,0,21144.2,21144.2,0,-0.4457,-0.4457,0,PASS,PASS,PASS,PASS
sf_125c_3.30v,sf,125,3.3,0.1,4.7,0.001,41.18,40.79,-0.39,53.75,53.65,-0.1,6192.68,6178.53,-0.228496,-0.7142,-0.6704,0.0438,FAIL,FAIL,PASS,PASS
sf_125c_3.30v,sf,125,3.3,0.1,4.7,0.05,41.31,41.69,0.38,53.12,53.1,-0.02,6178.69,6192.83,0.228851,-0.67,-0.7139,-0.0439,FAIL,FAIL,PASS,PASS
sf_125c_3.30v,sf,125,3.3,0.1,4.7,0.2,42.89,43.27,0.38,50.91,50.51,-0.4,6181.14,6195.3,0.229084,-0.6641,-0.7078,-0.0437,FAIL,FAIL,PASS,PASS
sf_125c_3.30v,sf,125,3.3,0.1,4.7,0.5,46.09,46.09,0,46.14,46.14,0,6194.95,6194.95,0,-0.7072,-0.7072,0,PASS,PASS,PASS,PASS
sf_125c_3.30v,sf,125,3.3,1,0.33,0.001,52.85,52.85,0,12.95,12.95,0,215994,215994,0,-0.5299,-0.5299,0,PASS,PASS,PASS,PASS
sf_125c_3.30v,sf,125,3.3,1,0.33,0.05,54.1,54.1,0,13.81,13.81,0,216041,216041,0,-0.5276,-0.5276,0,PASS,PASS,PASS,PASS
sf_125c_3.30v,sf,125,3.3,1,0.33,0.2,57.85,57.85,0,16.75,16.75,0,216752,216752,0,-0.4916,-0.4916,0,PASS,PASS,PASS,PASS
sf_125c_3.30v,sf,125,3.3,1,0.33,0.5,64.99,64.99,0,20.8,20.8,0,220858,220858,0,-0.5163,-0.5163,0,PASS,PASS,PASS,PASS
sf_125c_3.30v,sf,125,3.3,1,1,0.001,71.5,71.5,0,22.7,22.7,0,73284.8,73284.8,0,-0.4289,-0.4289,0,PASS,PASS,PASS,PASS
sf_125c_3.30v,sf,125,3.3,1,1,0.05,72.8,72.8,0,25.55,25.55,0,73304.3,73304.3,0,-0.4264,-0.4264,0,PASS,PASS,PASS,PASS
sf_125c_3.30v,sf,125,3.3,1,1,0.2,76.75,76.75,0,30.7,30.7,0,73610,73610,0,-0.4359,-0.4359,0,PASS,PASS,PASS,PASS
sf_125c_3.30v,sf,125,3.3,1,1,0.5,84.72,84.72,0,26.81,26.81,0,75405.4,75405.4,0,-0.4066,-0.4066,0,PASS,PASS,PASS,PASS
sf_125c_3.30v,sf,125,3.3,1,4.7,0.001,47.19,47.19,0,36.92,36.92,0,18087.4,18087.4,0,-0.6468,-0.6468,0,PASS,PASS,PASS,PASS
sf_125c_3.30v,sf,125,3.3,1,4.7,0.05,48.69,48.69,0,44.17,44.17,0,18091.7,18091.7,0,-0.6435,-0.6435,0,PASS,PASS,PASS,PASS
sf_125c_3.30v,sf,125,3.3,1,4.7,0.2,53.4,53.4,0,35.58,35.58,0,18158.6,18158.6,0,-0.6625,-0.6625,0,PASS,PASS,PASS,PASS
sf_125c_3.30v,sf,125,3.3,1,4.7,0.5,63.24,63.24,0,28.38,28.38,0,18546.5,18546.5,0,-0.5832,-0.5832,0,PASS,PASS,PASS,PASS
sf_125c_3.30v,sf,125,3.3,10,0.33,0.001,37,37,0,6.89,6.89,0,420613,420613,0,-0.5517,-0.5517,0,FAIL,FAIL,PASS,PASS
sf_125c_3.30v,sf,125,3.3,10,0.33,0.05,39.41,39.41,0,7.67,7.67,0,420945,420945,0,-0.5427,-0.5427,0,FAIL,FAIL,PASS,PASS
sf_125c_3.30v,sf,125,3.3,10,0.33,0.2,46.37,46.37,0,10.09,10.09,0,426169,426169,0,-0.5226,-0.5226,0,PASS,PASS,PASS,PASS
sf_125c_3.30v,sf,125,3.3,10,0.33,0.5,58.3,58.3,0,12.42,12.42,0,458622,458622,0,-0.4751,-0.4751,0,PASS,PASS,PASS,PASS
sf_125c_3.30v,sf,125,3.3,10,1,0.001,60.45,60.45,0,16.57,16.57,0,150587,150587,0,-0.4705,-0.4705,0,PASS,PASS,PASS,PASS
sf_125c_3.30v,sf,125,3.3,10,1,0.05,63.1,63.1,0,18.99,18.99,0,150737,150737,0,-0.4603,-0.4603,0,PASS,PASS,PASS,PASS
sf_125c_3.30v,sf,125,3.3,10,1,0.2,71.19,71.19,0,21.9,21.9,0,153155,153155,0,-0.4566,-0.4566,0,PASS,PASS,PASS,PASS
sf_125c_3.30v,sf,125,3.3,10,1,0.5,87.56,87.56,0,17.69,17.69,0,169300,169300,0,-0.3527,-0.3527,0,PASS,PASS,PASS,PASS
sf_125c_3.30v,sf,125,3.3,10,4.7,0.001,45.94,45.94,0,30.35,30.35,0,40618.9,40618.9,0,-0.5933,-0.5933,0,PASS,PASS,PASS,PASS
sf_125c_3.30v,sf,125,3.3,10,4.7,0.05,49.34,49.34,0,34.99,34.99,0,40668.8,40668.8,0,-0.6455,-0.6455,0,PASS,PASS,PASS,PASS
sf_125c_3.30v,sf,125,3.3,10,4.7,0.2,60.12,60.12,0,26.55,26.55,0,41463.1,41463.1,0,-0.5916,-0.5916,0,PASS,PASS,PASS,PASS
sf_125c_3.30v,sf,125,3.3,10,4.7,0.5,83.78,83.78,0,19.23,19.23,0,46805.1,46805.1,0,-0.4407,-0.4407,0,PASS,PASS,PASS,PASS
sf_125c_3.30v,sf,125,3.3,25,0.33,0.001,22.99,22.99,0,4.26,4.26,0,521066,521066,0,-0.6083,-0.6083,0,FAIL,FAIL,PASS,PASS
sf_125c_3.30v,sf,125,3.3,25,0.33,0.05,25.96,25.96,0,5.04,5.04,0,521621,521621,0,-0.5949,-0.5949,0,FAIL,FAIL,PASS,PASS
sf_125c_3.30v,sf,125,3.3,25,0.33,0.2,34.28,34.28,0,7.5,7.5,0,530463,530463,0,-0.5843,-0.5843,0,FAIL,FAIL,PASS,PASS
sf_125c_3.30v,sf,125,3.3,25,0.33,0.5,47.06,47.06,0,10.02,10.02,0,585568,585568,0,-0.5019,-0.5019,0,PASS,PASS,PASS,PASS
sf_125c_3.30v,sf,125,3.3,25,1,0.001,55.04,55.04,0,13.92,13.92,0,197602,197602,0,-0.4682,-0.4682,0,PASS,PASS,PASS,PASS
sf_125c_3.30v,sf,125,3.3,25,1,0.05,58.5,58.5,0,16.35,16.35,0,197933,197933,0,-0.5045,-0.5045,0,PASS,PASS,PASS,PASS
sf_125c_3.30v,sf,125,3.3,25,1,0.2,68.9,68.9,0,19.54,19.54,0,203392,203392,0,-0.4395,-0.4395,0,PASS,PASS,PASS,PASS
sf_125c_3.30v,sf,125,3.3,25,1,0.5,88.85,88.85,0,15.4,15.4,0,244670,244670,0,-0.3018,-0.3018,0,PASS,PASS,PASS,PASS
sf_125c_3.30v,sf,125,3.3,25,4.7,0.001,47.89,47.89,0,27.63,27.63,0,52390.3,52390.3,0,-0.6223,-0.6223,0,PASS,PASS,PASS,PASS
sf_125c_3.30v,sf,125,3.3,25,4.7,0.05,52.28,52.28,0,32.64,32.64,0,52501.2,52501.2,0,-0.5947,-0.5947,0,PASS,PASS,PASS,PASS
sf_125c_3.30v,sf,125,3.3,25,4.7,0.2,66.3,66.3,0,24.28,24.28,0,54315,54315,0,-0.5537,-0.5537,0,PASS,PASS,PASS,PASS
sf_125c_3.30v,sf,125,3.3,25,4.7,0.5,98.09,98.09,0,16.94,16.94,0,68807.1,68807.1,0,-0.3204,-0.3204,0,PASS,PASS,PASS,PASS
sf_125c_3.30v,sf,125,3.3,50,0.33,0.001,12.76,12.76,0,2.33,2.33,0,602650,602650,0,-0.6456,-0.6456,0,FAIL,FAIL,PASS,PASS
sf_125c_3.30v,sf,125,3.3,50,0.33,0.05,16.17,16.17,0,3.1,3.1,0,603418,603418,0,-0.6281,-0.6281,0,FAIL,FAIL,PASS,PASS
sf_125c_3.30v,sf,125,3.3,50,0.33,0.2,25.53,25.53,0,5.53,5.53,0,615890,615890,0,-0.641,-0.641,0,FAIL,FAIL,PASS,PASS
sf_125c_3.30v,sf,125,3.3,50,0.33,0.5,38.46,38.46,0,8.08,8.08,0,692972,692972,0,-0.5316,-0.5316,0,FAIL,FAIL,PASS,PASS
sf_125c_3.30v,sf,125,3.3,50,1,0.001,50.79,50.79,0,11.97,11.97,0,239175,239175,0,-0.4658,-0.4658,0,PASS,PASS,PASS,PASS
sf_125c_3.30v,sf,125,3.3,50,1,0.05,54.96,54.96,0,14.38,14.38,0,239747,239747,0,-0.4952,-0.4952,0,PASS,PASS,PASS,PASS
sf_125c_3.30v,sf,125,3.3,50,1,0.2,67.22,67.22,0,17.59,17.59,0,249447,249447,0,-0.4621,-0.4621,0,PASS,PASS,PASS,PASS
sf_125c_3.30v,sf,125,3.3,50,1,0.5,88.08,88.08,0,13.49,13.49,0,333065,333065,0,-0.2725,-0.2725,0,PASS,PASS,PASS,PASS
sf_125c_3.30v,sf,125,3.3,50,4.7,0.001,49.7,49.7,0,25.65,25.65,0,62237.8,62237.8,0,-0.607,-0.607,0,PASS,PASS,PASS,PASS
sf_125c_3.30v,sf,125,3.3,50,4.7,0.05,54.92,54.92,0,30.7,30.7,0,62428.5,62428.5,0,-0.5684,-0.5684,0,PASS,PASS,PASS,PASS
sf_125c_3.30v,sf,125,3.3,50,4.7,0.2,71.68,71.68,0,22.37,22.37,0,65648.3,65648.3,0,-0.5187,-0.5187,0,PASS,PASS,PASS,PASS
sf_125c_3.30v,sf,125,3.3,50,4.7,0.5,110.94,110.94,0,15.03,15.03,0,98787.8,98787.8,0,-0.2132,-0.2132,0,PASS,PASS,PASS,PASS
sf_125c_3.63v,sf,125,3.63,0,0.33,0.001,20.29,20.31,0.02,53.31,53.32,0.01,2066,2066.11,0.0053243,-0.8379,-0.8369,0.001,FAIL,FAIL,PASS,PASS
sf_125c_3.63v,sf,125,3.63,0,0.33,0.05,20.32,20.32,0,53.32,53.32,0,2066.11,2066.11,0,-0.8369,-0.837,-0.0001,FAIL,FAIL,PASS,PASS
sf_125c_3.63v,sf,125,3.63,0,0.33,0.2,20.36,20.36,0,53.31,53.31,0,2066.11,2066.11,0,-0.8369,-0.8369,0,FAIL,FAIL,PASS,PASS
sf_125c_3.63v,sf,125,3.63,0,0.33,0.5,20.44,20.44,0,53.3,53.3,0,2066.11,2066.11,0,-0.8369,-0.8369,0,FAIL,FAIL,PASS,PASS
sf_125c_3.63v,sf,125,3.63,0,1,0.001,12.12,12.13,0.01,53.3,53.31,0.01,1161.36,1161.38,0.00172212,-0.8815,-0.8812,0.0003,FAIL,FAIL,PASS,PASS
sf_125c_3.63v,sf,125,3.63,0,1,0.05,12.15,12.15,0,53.31,53.31,0,1161.38,1161.38,0,-0.8812,-0.8812,0,FAIL,FAIL,PASS,PASS
sf_125c_3.63v,sf,125,3.63,0,1,0.2,12.21,12.21,0,53.31,53.31,0,1161.38,1161.38,0,-0.8812,-0.8812,0,FAIL,FAIL,PASS,PASS
sf_125c_3.63v,sf,125,3.63,0,1,0.5,12.34,12.34,0,53.3,53.3,0,1161.38,1161.38,0,-0.8811,-0.8811,0,FAIL,FAIL,PASS,PASS
sf_125c_3.63v,sf,125,3.63,0,4.7,0.001,6.54,6.54,0,53.3,53.31,0.01,531.169,531.171,0.000376528,-0.8863,-0.8862,0.0001,FAIL,FAIL,PASS,PASS
sf_125c_3.63v,sf,125,3.63,0,4.7,0.05,6.59,6.59,0,53.31,53.31,0,531.171,531.171,0,-0.8862,-0.8862,0,FAIL,FAIL,PASS,PASS
sf_125c_3.63v,sf,125,3.63,0,4.7,0.2,6.72,6.72,0,53.3,53.3,0,531.172,531.172,0,-0.8862,-0.8862,0,FAIL,FAIL,PASS,PASS
sf_125c_3.63v,sf,125,3.63,0,4.7,0.5,6.99,6.99,0,53.29,53.29,0,531.179,531.179,0,-0.886,-0.886,0,FAIL,FAIL,PASS,PASS
sf_125c_3.63v,sf,125,3.63,0.1,0.33,0.001,61.26,61.71,0.45,23.69,23.77,0.08,74612.5,75571.7,1.28558,-0.4987,-0.4844,0.0143,PASS,PASS,PASS,PASS
sf_125c_3.63v,sf,125,3.63,0.1,0.33,0.05,61.69,62.15,0.46,24.92,25.03,0.11,74614.4,75573.8,1.28581,-0.4985,-0.4842,0.0143,PASS,PASS,PASS,PASS
sf_125c_3.63v,sf,125,3.63,0.1,0.33,0.2,63.01,63.49,0.48,30.24,30.46,0.22,74644.4,75605,1.2869,-0.4942,-0.4798,0.0144,PASS,PASS,PASS,PASS
sf_125c_3.63v,sf,125,3.63,0.1,0.33,0.5,65.61,65.61,0,41.88,41.88,0,74813.3,74813.3,0,-0.5267,-0.5267,0,PASS,PASS,PASS,PASS
sf_125c_3.63v,sf,125,3.63,0.1,1,0.001,71.42,71.91,0.49,33.76,33.87,0.11,23964.5,24164.3,0.833733,-0.4457,-0.4224,0.0233,PASS,PASS,PASS,PASS
sf_125c_3.63v,sf,125,3.63,0.1,1,0.05,71.84,72.33,0.49,39.14,39.43,0.29,23965.2,24165,0.833709,-0.4454,-0.4221,0.0233,PASS,PASS,PASS,PASS
sf_125c_3.63v,sf,125,3.63,0.1,1,0.2,73.14,73.64,0.5,50.84,50.31,-0.53,23975.5,24175.7,0.835019,-0.4414,-0.418,0.0234,PASS,PASS,PASS,PASS
sf_125c_3.63v,sf,125,3.63,0.1,1,0.5,75.75,75.75,0,45.7,45.7,0,24034.1,24034.1,0,-0.4185,-0.4185,0,PASS,PASS,PASS,PASS
sf_125c_3.63v,sf,125,3.63,0.1,4.7,0.001,43.67,44.06,0.39,53.59,53.7,0.11,6656.62,6673.54,0.254183,-0.6514,-0.6904,-0.039,FAIL,FAIL,PASS,PASS
sf_125c_3.63v,sf,125,3.63,0.1,4.7,0.05,44.23,44.61,0.38,53.09,53.1,0.01,6656.82,6673.75,0.254326,-0.651,-0.6899,-0.0389,FAIL,FAIL,PASS,PASS
sf_125c_3.63v,sf,125,3.63,0.1,4.7,0.2,45.93,46.32,0.39,51,50.65,-0.35,6660,6676.95,0.254505,-0.6441,-0.6829,-0.0388,PASS,PASS,PASS,PASS
sf_125c_3.63v,sf,125,3.63,0.1,4.7,0.5,49.38,49.38,0,46.28,46.28,0,6677.9,6677.9,0,-0.679,-0.679,0,PASS,PASS,PASS,PASS
sf_125c_3.63v,sf,125,3.63,1,0.33,0.001,48.17,48.17,0,12.53,12.53,0,242892,242892,0,-0.5415,-0.5415,0,PASS,PASS,PASS,PASS
sf_125c_3.63v,sf,125,3.63,1,0.33,0.05,49.57,49.57,0,13.52,13.52,0,242954,242954,0,-0.5385,-0.5385,0,PASS,PASS,PASS,PASS
sf_125c_3.63v,sf,125,3.63,1,0.33,0.2,53.76,53.76,0,17.01,17.01,0,243905,243905,0,-0.5545,-0.5545,0,PASS,PASS,PASS,PASS
sf_125c_3.63v,sf,125,3.63,1,0.33,0.5,61.67,61.67,0,21.56,21.56,0,249403,249403,0,-0.541,-0.541,0,PASS,PASS,PASS,PASS
sf_125c_3.63v,sf,125,3.63,1,1,0.001,70.83,70.83,0,22.29,22.29,0,86054.4,86054.4,0,-0.4409,-0.4409,0,PASS,PASS,PASS,PASS
sf_125c_3.63v,sf,125,3.63,1,1,0.05,72.34,72.34,0,25.63,25.63,0,86085.9,86085.9,0,-0.4374,-0.4374,0,PASS,PASS,PASS,PASS
sf_125c_3.63v,sf,125,3.63,1,1,0.2,76.96,76.96,0,31.33,31.33,0,86575.6,86575.6,0,-0.4333,-0.4333,0,PASS,PASS,PASS,PASS
sf_125c_3.63v,sf,125,3.63,1,1,0.5,86.16,86.16,0,27.02,27.02,0,89489.2,89489.2,0,-0.4173,-0.4173,0,PASS,PASS,PASS,PASS
sf_125c_3.63v,sf,125,3.63,1,4.7,0.001,51.53,51.53,0,36.52,36.52,0,19872.3,19872.3,0,-0.5843,-0.5843,0,PASS,PASS,PASS,PASS
sf_125c_3.63v,sf,125,3.63,1,4.7,0.05,53.19,53.19,0,44.67,44.67,0,19878.4,19878.5,0.000503059,-0.5803,-0.5803,0,PASS,PASS,PASS,PASS
sf_125c_3.63v,sf,125,3.63,1,4.7,0.2,58.38,58.38,0,35.71,35.71,0,19973,19973,0,-0.5846,-0.5846,0,PASS,PASS,PASS,PASS
sf_125c_3.63v,sf,125,3.63,1,4.7,0.5,69.33,69.33,0,28.45,28.45,0,20528.7,20528.7,0,-0.5586,-0.5586,0,PASS,PASS,PASS,PASS
sf_125c_3.63v,sf,125,3.63,10,0.33,0.001,34.65,34.65,0,6.77,6.77,0,461315,461315,0,-0.5735,-0.5735,0,FAIL,FAIL,PASS,PASS
sf_125c_3.63v,sf,125,3.63,10,0.33,0.05,37.29,37.29,0,7.66,7.66,0,461740,461740,0,-0.5627,-0.5627,0,FAIL,FAIL,PASS,PASS
sf_125c_3.63v,sf,125,3.63,10,0.33,0.2,44.87,44.87,0,10.49,10.49,0,468368,468368,0,-0.5204,-0.5204,0,FAIL,FAIL,PASS,PASS
sf_125c_3.63v,sf,125,3.63,10,0.33,0.5,57.53,57.53,0,12.91,12.91,0,509744,509744,0,-0.4709,-0.4709,0,PASS,PASS,PASS,PASS
sf_125c_3.63v,sf,125,3.63,10,1,0.001,60.3,60.3,0,16.46,16.46,0,168494,168494,0,-0.496,-0.496,0,PASS,PASS,PASS,PASS
sf_125c_3.63v,sf,125,3.63,10,1,0.05,63.26,63.26,0,19.26,19.26,0,168707,168707,0,-0.483,-0.483,0,PASS,PASS,PASS,PASS
sf_125c_3.63v,sf,125,3.63,10,1,0.2,72.26,72.26,0,22.29,22.29,0,172130,172130,0,-0.4381,-0.4381,0,PASS,PASS,PASS,PASS
sf_125c_3.63v,sf,125,3.63,10,1,0.5,90.27,90.27,0,17.73,17.73,0,195987,195987,0,-0.353,-0.353,0,PASS,PASS,PASS,PASS
sf_125c_3.63v,sf,125,3.63,10,4.7,0.001,48.32,48.32,0,30.26,30.26,0,44176.3,44176.3,0,-0.6018,-0.6018,0,PASS,PASS,PASS,PASS
sf_125c_3.63v,sf,125,3.63,10,4.7,0.05,52.02,52.02,0,35.29,35.29,0,44243.5,44243.5,0,-0.5819,-0.5819,0,PASS,PASS,PASS,PASS
sf_125c_3.63v,sf,125,3.63,10,4.7,0.2,63.81,63.81,0,26.5,26.5,0,45309.6,45309.6,0,-0.5402,-0.5402,0,PASS,PASS,PASS,PASS
sf_125c_3.63v,sf,125,3.63,10,4.7,0.5,90.13,90.13,0,19.12,19.12,0,52881.2,52881.2,0,-0.3817,-0.3817,0,PASS,PASS,PASS,PASS
sf_125c_3.63v,sf,125,3.63,25,0.33,0.001,21.19,21.19,0,4.17,4.17,0,562719,562719,0,-0.6107,-0.6107,0,FAIL,FAIL,PASS,PASS
sf_125c_3.63v,sf,125,3.63,25,0.33,0.05,24.4,24.4,0,5.06,5.06,0,563398,563398,0,-0.5949,-0.5949,0,FAIL,FAIL,PASS,PASS
sf_125c_3.63v,sf,125,3.63,25,0.33,0.2,33.34,33.34,0,7.93,7.93,0,574092,574092,0,-0.627,-0.627,0,FAIL,FAIL,PASS,PASS
sf_125c_3.63v,sf,125,3.63,25,0.33,0.5,46.79,46.79,0,10.59,10.59,0,640694,640694,0,-0.5396,-0.5396,0,PASS,PASS,PASS,PASS
sf_125c_3.63v,sf,125,3.63,25,1,0.001,54.17,54.17,0,13.84,13.84,0,219483,219483,0,-0.5141,-0.5141,0,PASS,PASS,PASS,PASS
sf_125c_3.63v,sf,125,3.63,25,1,0.05,58.01,58.01,0,16.66,16.66,0,219941,219941,0,-0.4921,-0.4921,0,PASS,PASS,PASS,PASS
sf_125c_3.63v,sf,125,3.63,25,1,0.2,69.44,69.44,0,19.99,19.99,0,227449,227449,0,-0.4678,-0.4678,0,PASS,PASS,PASS,PASS
sf_125c_3.63v,sf,125,3.63,25,1,0.5,90.51,90.51,0,15.5,15.5,0,287774,287774,0,-0.3071,-0.3071,0,PASS,PASS,PASS,PASS
sf_125c_3.63v,sf,125,3.63,25,4.7,0.001,49.82,49.82,0,27.58,27.58,0,57156.8,57156.8,0,-0.5974,-0.5974,0,PASS,PASS,PASS,PASS
sf_125c_3.63v,sf,125,3.63,25,4.7,0.05,54.61,54.61,0,33.01,33.01,0,57306.9,57306.9,0,-0.5643,-0.5643,0,PASS,PASS,PASS,PASS
sf_125c_3.63v,sf,125,3.63,25,4.7,0.2,69.99,69.99,0,24.29,24.29,0,59765.8,59765.8,0,-0.5506,-0.5506,0,PASS,PASS,PASS,PASS
sf_125c_3.63v,sf,125,3.63,25,4.7,0.5,105.7,105.7,0,16.9,16.9,0,81913.9,81913.9,0,-0.251,-0.251,0,PASS,PASS,PASS,PASS
sf_125c_3.63v,sf,125,3.63,50,0.33,0.001,11.41,11.41,0,2.23,2.23,0,646621,646621,0,-0.6536,-0.6536,0,FAIL,FAIL,PASS,PASS
sf_125c_3.63v,sf,125,3.63,50,0.33,0.05,15.07,15.07,0,3.11,3.11,0,647551,647551,0,-0.6332,-0.6332,0,FAIL,FAIL,PASS,PASS
sf_125c_3.63v,sf,125,3.63,50,0.33,0.2,25.08,25.08,0,5.94,5.94,0,662426,662426,0,-0.6162,-0.6162,0,FAIL,FAIL,PASS,PASS
sf_125c_3.63v,sf,125,3.63,50,0.33,0.5,38.68,38.68,0,8.63,8.63,0,754100,754100,0,-0.5639,-0.5639,0,FAIL,FAIL,PASS,PASS
sf_125c_3.63v,sf,125,3.63,50,1,0.001,49.41,49.41,0,11.88,11.88,0,264944,264944,0,-0.4871,-0.4871,0,PASS,PASS,PASS,PASS
sf_125c_3.63v,sf,125,3.63,50,1,0.05,54.01,54.01,0,14.66,14.66,0,265728,265728,0,-0.5111,-0.5111,0,PASS,PASS,PASS,PASS
sf_125c_3.63v,sf,125,3.63,50,1,0.2,67.39,67.39,0,18.04,18.04,0,278886,278886,0,-0.4447,-0.4447,0,PASS,PASS,PASS,PASS
sf_125c_3.63v,sf,125,3.63,50,1,0.5,87.87,87.87,0,13.57,13.57,0,398955,398955,0,-0.2536,-0.2536,0,PASS,PASS,PASS,PASS
sf_125c_3.63v,sf,125,3.63,50,4.7,0.001,51.41,51.41,0,25.59,25.59,0,68183.8,68183.8,0,-0.5387,-0.5387,0,PASS,PASS,PASS,PASS
sf_125c_3.63v,sf,125,3.63,50,4.7,0.05,57.12,57.12,0,31.06,31.06,0,68445.3,68445.3,0,-0.5544,-0.5544,0,PASS,PASS,PASS,PASS
sf_125c_3.63v,sf,125,3.63,50,4.7,0.2,75.58,75.58,0,22.37,22.37,0,72892,72892,0,-0.4812,-0.4812,0,PASS,PASS,PASS,PASS
sf_125c_3.63v,sf,125,3.63,50,4.7,0.5,119.71,119.71,0,14.97,14.97,0,132564,132564,0,-0.1407,-0.1407,0,PASS,PASS,PASS,PASS
sf_27c_2.97v,sf,27,2.97,0,0.33,0.001,25.76,25.76,0,53.42,53.42,0,2548.9,2548.9,0,-0.85,-0.85,0,FAIL,FAIL,PASS,PASS
sf_27c_2.97v,sf,27,2.97,0,0.33,0.05,25.77,25.77,0,53.42,53.42,0,2548.9,2548.9,0,-0.85,-0.85,0,FAIL,FAIL,PASS,PASS
sf_27c_2.97v,sf,27,2.97,0,0.33,0.2,25.82,25.82,0,53.41,53.41,0,2548.9,2548.9,0,-0.85,-0.85,0,FAIL,FAIL,PASS,PASS
sf_27c_2.97v,sf,27,2.97,0,0.33,0.5,25.91,25.91,0,53.38,53.38,0,2548.9,2548.9,0,-0.85,-0.85,0,FAIL,FAIL,PASS,PASS
sf_27c_2.97v,sf,27,2.97,0,1,0.001,15.06,15.06,0,53.41,53.41,0,1412.35,1412.35,0,-0.8698,-0.8698,0,FAIL,FAIL,PASS,PASS
sf_27c_2.97v,sf,27,2.97,0,1,0.05,15.08,15.08,0,53.4,53.4,0,1412.35,1412.35,0,-0.8698,-0.8698,0,FAIL,FAIL,PASS,PASS
sf_27c_2.97v,sf,27,2.97,0,1,0.2,15.16,15.16,0,53.39,53.39,0,1412.35,1412.35,0,-0.8698,-0.8698,0,FAIL,FAIL,PASS,PASS
sf_27c_2.97v,sf,27,2.97,0,1,0.5,15.31,15.31,0,53.36,53.36,0,1412.35,1412.35,0,-0.8697,-0.8697,0,FAIL,FAIL,PASS,PASS
sf_27c_2.97v,sf,27,2.97,0,4.7,0.001,7.14,7.14,0,53.4,53.4,0,642.413,642.413,0,-0.8805,-0.8805,0,FAIL,FAIL,PASS,PASS
sf_27c_2.97v,sf,27,2.97,0,4.7,0.05,7.19,7.19,0,53.4,53.4,0,642.413,642.413,0,-0.8805,-0.8805,0,FAIL,FAIL,PASS,PASS
sf_27c_2.97v,sf,27,2.97,0,4.7,0.2,7.35,7.35,0,53.39,53.39,0,642.415,642.415,0,-0.8804,-0.8804,0,FAIL,FAIL,PASS,PASS
sf_27c_2.97v,sf,27,2.97,0,4.7,0.5,7.68,7.68,0,53.36,53.36,0,642.427,642.427,0,-0.88,-0.88,0,FAIL,FAIL,PASS,PASS
sf_27c_2.97v,sf,27,2.97,0.1,0.33,0.001,60.93,60.93,0,21.99,21.99,0,82472.5,82472.5,0,-0.4763,-0.4763,0,PASS,PASS,PASS,PASS
sf_27c_2.97v,sf,27,2.97,0.1,0.33,0.05,61.41,61.41,0,23.07,23.07,0,82475.1,82475.1,0,-0.5328,-0.5328,0,PASS,PASS,PASS,PASS
sf_27c_2.97v,sf,27,2.97,0.1,0.33,0.2,62.86,62.86,0,27.44,27.44,0,82515.4,82515.4,0,-0.5275,-0.5275,0,PASS,PASS,PASS,PASS
sf_27c_2.97v,sf,27,2.97,0.1,0.33,0.5,65.73,65.73,0,37.4,37.4,0,82743.2,82743.2,0,-0.498,-0.498,0,PASS,PASS,PASS,PASS
sf_27c_2.97v,sf,27,2.97,0.1,1,0.001,72.12,72.12,0,31.94,31.94,0,26288.2,26288.2,0,-0.4348,-0.4348,0,PASS,PASS,PASS,PASS
sf_27c_2.97v,sf,27,2.97,0.1,1,0.05,72.59,72.59,0,36.17,36.17,0,26289.1,26289.1,0,-0.4345,-0.4345,0,PASS,PASS,PASS,PASS
sf_27c_2.97v,sf,27,2.97,0.1,1,0.2,74.01,74.01,0,48.28,48.28,0,26302.9,26302.9,0,-0.4296,-0.4296,0,PASS,PASS,PASS,PASS
sf_27c_2.97v,sf,27,2.97,0.1,1,0.5,76.88,76.88,0,42.96,42.96,0,26381.6,26381.6,0,-0.4022,-0.4022,0,PASS,PASS,PASS,PASS
sf_27c_2.97v,sf,27,2.97,0.1,4.7,0.001,43.92,43.92,0,48.69,48.69,0,7223.31,7223.31,0,-0.6361,-0.6361,0,FAIL,FAIL,PASS,PASS
sf_27c_2.97v,sf,27,2.97,0.1,4.7,0.05,44.52,44.52,0,53.62,53.62,0,7223.57,7223.57,0,-0.6356,-0.6356,0,FAIL,FAIL,PASS,PASS
sf_27c_2.97v,sf,27,2.97,0.1,4.7,0.2,46.37,46.37,0,49.77,49.77,0,7227.63,7227.63,0,-0.7014,-0.7014,0,PASS,PASS,PASS,PASS
sf_27c_2.97v,sf,27,2.97,0.1,4.7,0.5,50.13,50.13,0,43.91,43.91,0,7250.54,7250.54,0,-0.6555,-0.6555,0,PASS,PASS,PASS,PASS
sf_27c_2.97v,sf,27,2.97,1,0.33,0.001,52.25,52.25,0,12.58,12.58,0,229381,229381,0,-0.5012,-0.5012,0,PASS,PASS,PASS,PASS
sf_27c_2.97v,sf,27,2.97,1,0.33,0.05,53.58,53.58,0,13.45,13.45,0,229436,229436,0,-0.4986,-0.4986,0,PASS,PASS,PASS,PASS
sf_27c_2.97v,sf,27,2.97,1,0.33,0.2,57.55,57.55,0,16.38,16.38,0,230291,230291,0,-0.5153,-0.5153,0,PASS,PASS,PASS,PASS
sf_27c_2.97v,sf,27,2.97,1,0.33,0.5,65.11,65.11,0,20.11,20.11,0,235256,235256,0,-0.5119,-0.5119,0,PASS,PASS,PASS,PASS
sf_27c_2.97v,sf,27,2.97,1,1,0.001,69.7,69.7,0,22.31,22.31,0,78429.9,78429.9,0,-0.4485,-0.4485,0,PASS,PASS,PASS,PASS
sf_27c_2.97v,sf,27,2.97,1,1,0.05,71.08,71.08,0,25.15,25.15,0,78453.2,78453.2,0,-0.4457,-0.4457,0,PASS,PASS,PASS,PASS
sf_27c_2.97v,sf,27,2.97,1,1,0.2,75.32,75.32,0,29.85,29.85,0,78819.4,78819.4,0,-0.4506,-0.4506,0,PASS,PASS,PASS,PASS
sf_27c_2.97v,sf,27,2.97,1,1,0.5,83.88,83.88,0,25.77,25.77,0,80984.1,80984.1,0,-0.3939,-0.3939,0,PASS,PASS,PASS,PASS
sf_27c_2.97v,sf,27,2.97,1,4.7,0.001,45.58,45.58,0,36.38,36.38,0,19997.2,19997.2,0,-0.6254,-0.6254,0,PASS,PASS,PASS,PASS
sf_27c_2.97v,sf,27,2.97,1,4.7,0.05,47.25,47.25,0,43.08,43.08,0,20002.9,20002.9,0,-0.6213,-0.6213,0,PASS,PASS,PASS,PASS
sf_27c_2.97v,sf,27,2.97,1,4.7,0.2,52.46,52.46,0,34.51,34.51,0,20091.9,20091.9,0,-0.6305,-0.6305,0,PASS,PASS,PASS,PASS
sf_27c_2.97v,sf,27,2.97,1,4.7,0.5,63.39,63.39,0,27.27,27.27,0,20611.7,20611.7,0,-0.6281,-0.6281,0,PASS,PASS,PASS,PASS
sf_27c_2.97v,sf,27,2.97,10,0.33,0.001,30.21,30.11,-0.1,5.87,5.86,-0.01,460647,460030,-0.133942,-0.5461,-0.5617,-0.0156,FAIL,FAIL,PASS,PASS
sf_27c_2.97v,sf,27,2.97,10,0.33,0.05,32.74,32.85,0.11,6.68,6.69,0.01,460434,461053,0.134438,-0.5511,-0.5355,0.0156,FAIL,FAIL,PASS,PASS
sf_27c_2.97v,sf,27,2.97,10,0.33,0.2,40.38,40.26,-0.12,9.31,9.29,-0.02,467412,466759,-0.139705,-0.5618,-0.5778,-0.016,FAIL,FAIL,PASS,PASS
sf_27c_2.97v,sf,27,2.97,10,0.33,0.5,52.81,52.69,-0.12,12.02,12.01,-0.01,506704,505811,-0.176237,-0.4961,-0.514,-0.0179,PASS,PASS,PASS,PASS
sf_27c_2.97v,sf,27,2.97,10,1,0.001,58.32,58.25,-0.07,15.54,15.53,-0.01,171224,171161,-0.0367939,-0.4571,-0.4607,-0.0036,PASS,PASS,PASS,PASS
sf_27c_2.97v,sf,27,2.97,10,1,0.05,61.25,61.33,0.08,18.1,18.12,0.02,171381,171444,0.0367602,-0.5007,-0.497,0.0037,PASS,PASS,PASS,PASS
sf_27c_2.97v,sf,27,2.97,10,1,0.2,70.42,70.34,-0.08,21.53,21.52,-0.01,175007,174938,-0.039427,-0.4467,-0.4504,-0.0037,PASS,PASS,PASS,PASS
sf_27c_2.97v,sf,27,2.97,10,1,0.5,88.4,88.3,-0.1,17.34,17.33,-0.01,199958,199835,-0.0615129,-0.335,-0.3395,-0.0045,PASS,PASS,PASS,PASS
sf_27c_2.97v,sf,27,2.97,10,4.7,0.001,48.04,48.01,-0.03,29.28,29.27,-0.01,44941.7,44938.8,-0.0064528,-0.6012,-0.602,-0.0008,PASS,PASS,PASS,PASS
sf_27c_2.97v,sf,27,2.97,10,4.7,0.05,51.77,51.8,0.03,34.6,34.61,0.01,45009.2,45012,0.00622095,-0.5816,-0.5809,0.0007,PASS,PASS,PASS,PASS
sf_27c_2.97v,sf,27,2.97,10,4.7,0.2,63.78,63.76,-0.02,26.19,26.18,-0.01,46137.4,46134.2,-0.0069358,-0.5908,-0.5916,-0.0008,PASS,PASS,PASS,PASS
sf_27c_2.97v,sf,27,2.97,10,4.7,0.5,90.56,90.52,-0.04,18.86,18.85,-0.01,54220.7,54214.1,-0.0121725,-0.4016,-0.4026,-0.001,PASS,PASS,PASS,PASS
sf_27c_2.97v,sf,27,2.97,25,0.33,0.001,15.69,15.69,0,3.03,3.03,0,569940,569940,0,-0.622,-0.622,0,FAIL,FAIL,PASS,PASS
sf_27c_2.97v,sf,27,2.97,25,0.33,0.05,18.93,18.93,0,3.84,3.84,0,570607,570607,0,-0.6787,-0.6787,0,FAIL,FAIL,PASS,PASS
sf_27c_2.97v,sf,27,2.97,25,0.33,0.2,27.94,27.94,0,6.46,6.46,0,581182,581182,0,-0.6465,-0.6465,0,FAIL,FAIL,PASS,PASS
sf_27c_2.97v,sf,27,2.97,25,0.33,0.5,41.12,41.12,0,9.3,9.3,0,646347,646347,0,-0.5388,-0.5388,0,FAIL,FAIL,PASS,PASS
sf_27c_2.97v,sf,27,2.97,25,1,0.001,51.95,51.95,0,12.68,12.68,0,227258,227258,0,-0.515,-0.515,0,PASS,PASS,PASS,PASS
sf_27c_2.97v,sf,27,2.97,25,1,0.05,55.91,55.91,0,15.24,15.24,0,227758,227758,0,-0.4917,-0.4917,0,PASS,PASS,PASS,PASS
sf_27c_2.97v,sf,27,2.97,25,1,0.2,67.61,67.61,0,18.85,18.85,0,236034,236034,0,-0.4473,-0.4473,0,PASS,PASS,PASS,PASS
sf_27c_2.97v,sf,27,2.97,25,1,0.5,88.14,88.14,0,14.72,14.72,0,303621,303621,0,-0.2953,-0.2953,0,PASS,PASS,PASS,PASS
sf_27c_2.97v,sf,27,2.97,25,4.7,0.001,50.67,50.67,0,26.37,26.37,0,58389.2,58389.2,0,-0.6049,-0.6049,0,PASS,PASS,PASS,PASS
sf_27c_2.97v,sf,27,2.97,25,4.7,0.05,55.56,55.56,0,31.94,31.94,0,58550.3,58550.3,0,-0.5705,-0.5705,0,PASS,PASS,PASS,PASS
sf_27c_2.97v,sf,27,2.97,25,4.7,0.2,71.28,71.28,0,23.6,23.6,0,61229.3,61229.3,0,-0.5251,-0.5251,0,PASS,PASS,PASS,PASS
sf_27c_2.97v,sf,27,2.97,25,4.7,0.5,108.03,108.03,0,16.24,16.24,0,86787.7,86787.7,0,-0.2266,-0.2266,0,PASS,PASS,PASS,PASS
sf_27c_2.97v,sf,27,2.97,50,0.33,0.001,5.3,5.3,0,1.01,1.01,0,657153,657153,0,-0.7015,-0.7015,0,FAIL,FAIL,PASS,PASS
sf_27c_2.97v,sf,27,2.97,50,0.33,0.05,9.01,9.02,0.01,1.81,1.81,0,658057,657996,-0.00926971,-0.6809,-0.6823,-0.0014,FAIL,FAIL,PASS,PASS
sf_27c_2.97v,sf,27,2.97,50,0.33,0.2,19.09,19.09,0,4.39,4.39,0,672815,672749,-0.00980953,-0.6709,-0.6722,-0.0013,FAIL,FAIL,PASS,PASS
sf_27c_2.97v,sf,27,2.97,50,0.33,0.5,32.41,32.41,0,7.23,7.23,0,762322,762322,0,-0.609,-0.609,0,FAIL,FAIL,PASS,PASS
sf_27c_2.97v,sf,27,2.97,50,1,0.001,46.58,46.58,0,10.64,10.64,0,276514,276514,0,-0.5254,-0.5254,0,PASS,PASS,PASS,PASS
sf_27c_2.97v,sf,27,2.97,50,1,0.05,51.38,51.37,-0.01,13.16,13.16,0,277382,277370,-0.00432616,-0.4913,-0.4917,-0.0004,PASS,PASS,PASS,PASS
sf_27c_2.97v,sf,27,2.97,50,1,0.2,65.06,65.05,-0.01,16.76,16.77,0.01,292181,292166,-0.0051338,-0.4431,-0.4436,-0.0005,PASS,PASS,PASS,PASS
sf_27c_2.97v,sf,27,2.97,50,1,0.5,83.58,83.58,0,12.68,12.68,0,427609,427609,0,-0.2609,-0.2609,0,PASS,PASS,PASS,PASS
sf_27c_2.97v,sf,27,2.97,50,4.7,0.001,52.63,52.63,0,24.31,24.31,0,70110.4,70110.4,0,-0.535,-0.535,0,PASS,PASS,PASS,PASS
sf_27c_2.97v,sf,27,2.97,50,4.7,0.05,58.5,58.5,0,29.87,29.87,0,70397.9,70397.1,-0.0011364,-0.547,-0.5472,-0.0002,PASS,PASS,PASS,PASS
sf_27c_2.97v,sf,27,2.97,50,4.7,0.2,77.49,77.48,-0.01,21.55,21.55,0,75394.3,75393.2,-0.001459,-0.4698,-0.4699,-0.0001,PASS,PASS,PASS,PASS
sf_27c_2.97v,sf,27,2.97,50,4.7,0.5,122.4,122.4,0,14.2,14.2,0,155684,155684,0,-0.1115,-0.1115,0,PASS,PASS,PASS,PASS
sf_27c_3.30v,sf,27,3.3,0,0.33,0.001,27.25,27.25,0,53.35,53.35,0,2718.85,2718.85,0,-0.8208,-0.8208,0,FAIL,FAIL,PASS,PASS
sf_27c_3.30v,sf,27,3.3,0,0.33,0.05,27.26,27.26,0,53.35,53.35,0,2718.85,2718.85,0,-0.8208,-0.8208,0,FAIL,FAIL,PASS,PASS
sf_27c_3.30v,sf,27,3.3,0,0.33,0.2,27.31,27.31,0,53.34,53.34,0,2718.85,2718.85,0,-0.8208,-0.8208,0,FAIL,FAIL,PASS,PASS
sf_27c_3.30v,sf,27,3.3,0,0.33,0.5,27.41,27.41,0,53.31,53.31,0,2718.85,2718.85,0,-0.8207,-0.8207,0,FAIL,FAIL,PASS,PASS
sf_27c_3.30v,sf,27,3.3,0,1,0.001,15.96,15.96,0,53.34,53.34,0,1499.82,1499.82,0,-0.824,-0.824,0,FAIL,FAIL,PASS,PASS
sf_27c_3.30v,sf,27,3.3,0,1,0.05,15.99,15.99,0,53.34,53.34,0,1499.82,1499.82,0,-0.824,-0.824,0,FAIL,FAIL,PASS,PASS
sf_27c_3.30v,sf,27,3.3,0,1,0.2,16.07,16.07,0,53.32,53.32,0,1499.82,1499.82,0,-0.824,-0.824,0,FAIL,FAIL,PASS,PASS
sf_27c_3.30v,sf,27,3.3,0,1,0.5,16.23,16.23,0,53.3,53.3,0,1499.83,1499.83,0,-0.8239,-0.8239,0,FAIL,FAIL,PASS,PASS
sf_27c_3.30v,sf,27,3.3,0,4.7,0.001,7.6,7.6,0,53.33,53.33,0,681.014,681.014,0,-0.8661,-0.8661,0,FAIL,FAIL,PASS,PASS
sf_27c_3.30v,sf,27,3.3,0,4.7,0.05,7.65,7.65,0,53.33,53.33,0,681.014,681.014,0,-0.8661,-0.8661,0,FAIL,FAIL,PASS,PASS
sf_27c_3.30v,sf,27,3.3,0,4.7,0.2,7.83,7.83,0,53.32,53.32,0,681.017,681.017,0,-0.866,-0.866,0,FAIL,FAIL,PASS,PASS
sf_27c_3.30v,sf,27,3.3,0,4.7,0.5,8.17,8.17,0,53.3,53.3,0,681.031,681.031,0,-0.8656,-0.8656,0,FAIL,FAIL,PASS,PASS
sf_27c_3.30v,sf,27,3.3,0.1,0.33,0.001,56.75,56.37,-0.38,21.65,21.61,-0.04,95097.8,94070.2,-1.08057,-0.5274,-0.5225,0.0049,PASS,PASS,PASS,PASS
sf_27c_3.30v,sf,27,3.3,0.1,0.33,0.05,56.91,57.3,0.39,22.85,22.91,0.06,94073.8,95101.5,1.09244,-0.5221,-0.527,-0.0049,PASS,PASS,PASS,PASS
sf_27c_3.30v,sf,27,3.3,0.1,0.33,0.2,58.57,58.98,0.41,28.13,28.24,0.11,94129.5,95159.3,1.09402,-0.5153,-0.52,-0.0047,PASS,PASS,PASS,PASS
sf_27c_3.30v,sf,27,3.3,0.1,0.33,0.5,62.27,61.83,-0.44,38.34,38.74,0.4,95485,94443.5,-1.09075,-0.5417,-0.5381,0.0036,PASS,PASS,PASS,PASS
sf_27c_3.30v,sf,27,3.3,0.1,1,0.001,73.64,73.25,-0.39,31.6,31.55,-0.05,31454.2,31226.1,-0.725181,-0.414,-0.4278,-0.0138,PASS,PASS,PASS,PASS
sf_27c_3.30v,sf,27,3.3,0.1,1,0.05,73.8,74.19,0.39,36.56,36.69,0.13,31227.6,31455.8,0.730764,-0.4273,-0.4136,0.0137,PASS,PASS,PASS,PASS
sf_27c_3.30v,sf,27,3.3,0.1,1,0.2,75.49,75.89,0.4,48.82,48.29,-0.53,31251.6,31480.5,0.732442,-0.4204,-0.4066,0.0138,PASS,PASS,PASS,PASS
sf_27c_3.30v,sf,27,3.3,0.1,1,0.5,79.31,78.88,-0.43,42.76,43.19,0.43,31620.1,31387.9,-0.734343,-0.4132,-0.4276,-0.0144,PASS,PASS,PASS,PASS
sf_27c_3.30v,sf,27,3.3,0.1,4.7,0.001,48.31,47.99,-0.32,48.34,48.06,-0.28,7987.76,7968.8,-0.237363,-0.6384,-0.6695,-0.0311,PASS,PASS,PASS,PASS
sf_27c_3.30v,sf,27,3.3,0.1,4.7,0.05,48.65,48.97,0.32,53.58,53.55,-0.03,7969.17,7988.14,0.238042,-0.6688,-0.6378,0.031,PASS,PASS,PASS,PASS
sf_27c_3.30v,sf,27,3.3,0.1,4.7,0.2,50.69,51.02,0.33,49.89,49.55,-0.34,7974.91,7993.96,0.238874,-0.6588,-0.6278,0.031,PASS,PASS,PASS,PASS
sf_27c_3.30v,sf,27,3.3,0.1,4.7,0.5,55.19,54.86,-0.33,43.61,44.01,0.4,8026.82,8007.43,-0.241565,-0.6412,-0.6031,0.0381,PASS,PASS,PASS,PASS
sf_27c_3.30v,sf,27,3.3,1,0.33,0.001,47.1,48.39,1.29,12.06,11.84,-0.22,263756,270134,2.41814,-0.5221,-0.5614,-0.0393,PASS,PASS,PASS,PASS
sf_27c_3.30v,sf,27,3.3,1,0.33,0.05,48.62,48.62,0,13.08,13.08,0,263835,263835,0,-0.5804,-0.5804,0,PASS,PASS,PASS,PASS
sf_27c_3.30v,sf,27,3.3,1,0.33,0.2,53.16,53.16,0,16.65,16.65,0,265053,265053,0,-0.5266,-0.5266,0,PASS,PASS,PASS,PASS
sf_27c_3.30v,sf,27,3.3,1,0.33,0.5,63.28,61.68,-1.6,20.22,20.83,0.61,279378,272131,-2.59398,-0.4812,-0.5278,-0.0466,PASS,PASS,PASS,PASS
sf_27c_3.30v,sf,27,3.3,1,1,0.001,69.27,70.23,0.96,21.8,21.57,-0.23,94209.4,95077.4,0.921352,-0.4622,-0.4299,0.0323,PASS,PASS,PASS,PASS
sf_27c_3.30v,sf,27,3.3,1,1,0.05,70.92,70.92,0,25.21,25.21,0,94249.9,94249.9,0,-0.4581,-0.4581,0,PASS,PASS,PASS,PASS
sf_27c_3.30v,sf,27,3.3,1,1,0.2,75.97,75.97,0,30.42,30.42,0,94881.4,94881.4,0,-0.4442,-0.4442,0,PASS,PASS,PASS,PASS
sf_27c_3.30v,sf,27,3.3,1,1,0.5,87.21,86.06,-1.15,25.44,25.89,0.45,99713,98678.3,-1.03768,-0.379,-0.4193,-0.0403,PASS,PASS,PASS,PASS
sf_27c_3.30v,sf,27,3.3,1,4.7,0.001,50.51,50.98,0.47,35.89,35.65,-0.24,22268.7,22320.3,0.231715,-0.6033,-0.5744,0.0289,PASS,PASS,PASS,PASS
sf_27c_3.30v,sf,27,3.3,1,4.7,0.05,52.37,52.37,0,43.54,43.54,0,22277.3,22277.3,0,-0.5982,-0.5982,0,PASS,PASS,PASS,PASS
sf_27c_3.30v,sf,27,3.3,1,4.7,0.2,58.2,58.2,0,34.54,34.54,0,22409.7,22409.7,0,-0.5871,-0.5871,0,PASS,PASS,PASS,PASS
sf_27c_3.30v,sf,27,3.3,1,4.7,0.5,71.12,70.58,-0.54,26.84,27.23,0.39,23258.1,23196.1,-0.266574,-0.567,-0.5375,0.0295,PASS,PASS,PASS,PASS
sf_27c_3.30v,sf,27,3.3,10,0.33,0.001,27.85,27.85,0,5.77,5.77,0,507817,507817,0,-0.5787,-0.5787,0,FAIL,FAIL,PASS,PASS
sf_27c_3.30v,sf,27,3.3,10,0.33,0.05,30.75,30.62,-0.13,6.73,6.71,-0.02,508339,507450,-0.174883,-0.5657,-0.587,-0.0213,FAIL,FAIL,PASS,PASS
sf_27c_3.30v,sf,27,3.3,10,0.33,0.2,38.99,38.85,-0.14,9.87,9.85,-0.02,516470,515524,-0.183166,-0.5671,-0.5888,-0.0217,FAIL,FAIL,PASS,PASS
sf_27c_3.30v,sf,27,3.3,10,0.33,0.5,52.13,52.13,0,12.67,12.67,0,565500,565500,0,-0.5112,-0.5112,0,PASS,PASS,PASS,PASS
sf_27c_3.30v,sf,27,3.3,10,1,0.001,57.56,57.56,0,15.45,15.45,0,194486,194486,0,-0.508,-0.508,0,PASS,PASS,PASS,PASS
sf_27c_3.30v,sf,27,3.3,10,1,0.05,60.97,60.87,-0.1,18.51,18.49,-0.02,194812,194710,-0.0523582,-0.4906,-0.4958,-0.0052,PASS,PASS,PASS,PASS
sf_27c_3.30v,sf,27,3.3,10,1,0.2,71.21,71.1,-0.11,22.05,22.04,-0.01,200056,199941,-0.0574839,-0.4333,-0.4388,-0.0055,PASS,PASS,PASS,PASS
sf_27c_3.30v,sf,27,3.3,10,1,0.5,90.76,90.76,0,17.41,17.41,0,238751,238751,0,-0.3186,-0.3186,0,PASS,PASS,PASS,PASS
sf_27c_3.30v,sf,27,3.3,10,4.7,0.001,50.65,50.65,0,29.22,29.22,0,49761.7,49761.7,0,-0.5987,-0.5987,0,PASS,PASS,PASS,PASS
sf_27c_3.30v,sf,27,3.3,10,4.7,0.05,54.81,54.78,-0.03,35.02,35.01,-0.01,49861.6,49857.1,-0.00902498,-0.5734,-0.5745,-0.0011,PASS,PASS,PASS,PASS
sf_27c_3.30v,sf,27,3.3,10,4.7,0.2,68.17,68.13,-0.04,26.16,26.16,0,51470.2,51465,-0.0101029,-0.5591,-0.5602,-0.0011,PASS,PASS,PASS,PASS
sf_27c_3.30v,sf,27,3.3,10,4.7,0.5,98.7,98.7,0,18.76,18.76,0,64172.2,64172.2,0,-0.3239,-0.3239,0,PASS,PASS,PASS,PASS
sf_27c_3.30v,sf,27,3.3,25,0.33,0.001,14.16,14.14,-0.02,2.95,2.94,-0.01,618923,618954,0.0050087,-0.7014,-0.7007,0.0007,FAIL,FAIL,PASS,PASS
sf_27c_3.30v,sf,27,3.3,25,0.33,0.05,17.65,17.67,0.02,3.89,3.9,0.01,619781,619750,-0.00500177,-0.6815,-0.6821,-0.0006,FAIL,FAIL,PASS,PASS
sf_27c_3.30v,sf,27,3.3,25,0.33,0.2,27.38,27.38,0,7.03,7.03,0,632815,632815,0,-0.6149,-0.6149,0,FAIL,FAIL,PASS,PASS
sf_27c_3.30v,sf,27,3.3,25,0.33,0.5,41.41,41.41,0,10.02,10.02,0,712856,712856,0,-0.5516,-0.5516,0,FAIL,FAIL,PASS,PASS
sf_27c_3.30v,sf,27,3.3,25,1,0.001,50.35,50.34,-0.01,12.61,12.6,-0.01,255862,255872,0.00390836,-0.4936,-0.4932,0.0004,PASS,PASS,PASS,PASS
sf_27c_3.30v,sf,27,3.3,25,1,0.05,54.79,54.8,0.01,15.65,15.65,0,256585,256575,-0.00389734,-0.5193,-0.5197,-0.0004,PASS,PASS,PASS,PASS
sf_27c_3.30v,sf,27,3.3,25,1,0.2,67.74,67.74,0,19.41,19.41,0,268329,268329,0,-0.4365,-0.4365,0,PASS,PASS,PASS,PASS
sf_27c_3.30v,sf,27,3.3,25,1,0.5,88.44,88.44,0,14.85,14.85,0,370016,370016,0,-0.2728,-0.2728,0,PASS,PASS,PASS,PASS
sf_27c_3.30v,sf,27,3.3,25,4.7,0.001,52.74,52.74,0,26.33,26.33,0,64990.5,64991.9,0.00215416,-0.5494,-0.5491,0.0003,PASS,PASS,PASS,PASS
sf_27c_3.30v,sf,27,3.3,25,4.7,0.05,58.19,58.19,0,32.41,32.42,0.01,65225,65223.6,-0.00214642,-0.5674,-0.5676,-0.0002,PASS,PASS,PASS,PASS
sf_27c_3.30v,sf,27,3.3,25,4.7,0.2,75.79,75.79,0,23.61,23.61,0,69133.5,69133.5,0,-0.4884,-0.4884,0,PASS,PASS,PASS,PASS
sf_27c_3.30v,sf,27,3.3,25,4.7,0.5,118.08,118.08,0,16.2,16.2,0,117619,117619,0,-0.1537,-0.1537,0,PASS,PASS,PASS,PASS
sf_27c_3.30v,sf,27,3.3,50,0.33,0.001,4.33,4.33,0,0.9,0.9,0,710177,710177,0,-0.7692,-0.7692,0,FAIL,FAIL,PASS,PASS
sf_27c_3.30v,sf,27,3.3,50,0.33,0.05,8.35,8.35,0,1.83,1.83,0,711306,711306,0,-0.7444,-0.7444,0,FAIL,FAIL,PASS,PASS
sf_27c_3.30v,sf,27,3.3,50,0.33,0.2,19.22,19.22,0,4.92,4.92,0,729388,729388,0,-0.6886,-0.6886,0,FAIL,FAIL,PASS,PASS
sf_27c_3.30v,sf,27,3.3,50,0.33,0.5,33.33,33.33,0,7.91,7.91,0,838834,838834,0,-0.5737,-0.5737,0,FAIL,FAIL,PASS,PASS
sf_27c_3.30v,sf,27,3.3,50,1,0.001,44.43,44.43,0,10.54,10.54,0,310093,310093,0,-0.5489,-0.5489,0,FAIL,FAIL,PASS,PASS
sf_27c_3.30v,sf,27,3.3,50,1,0.05,49.78,49.78,0,13.53,13.53,0,311310,311310,0,-0.505,-0.505,0,PASS,PASS,PASS,PASS
sf_27c_3.30v,sf,27,3.3,50,1,0.2,64.79,64.79,0,17.31,17.31,0,331859,331859,0,-0.444,-0.444,0,PASS,PASS,PASS,PASS
sf_27c_3.30v,sf,27,3.3,50,1,0.5,81.28,81.28,0,12.78,12.78,0,521567,521567,0,-0.2944,-0.2944,0,PASS,PASS,PASS,PASS
sf_27c_3.30v,sf,27,3.3,50,4.7,0.001,54.36,54.36,0,24.24,24.24,0,78527.9,78527.9,0,-0.539,-0.539,0,PASS,PASS,PASS,PASS
sf_27c_3.30v,sf,27,3.3,50,4.7,0.05,60.94,60.94,0,30.31,30.31,0,78952.4,78952.4,0,-0.5357,-0.5357,0,PASS,PASS,PASS,PASS
sf_27c_3.30v,sf,27,3.3,50,4.7,0.2,82.32,82.32,0,21.55,21.55,0,86462.3,86462.3,0,-0.4444,-0.4444,0,PASS,PASS,PASS,PASS
sf_27c_3.30v,sf,27,3.3,50,4.7,0.5,122.29,122.29,0,14.13,14.13,0,302854,302854,0,-0.08747,-0.08747,0,PASS,PASS,PASS,PASS
sf_27c_3.63v,sf,27,3.63,0,0.33,0.001,28.63,28.63,0,53.31,53.31,0,2877.49,2877.49,0,-0.8242,-0.8242,0,FAIL,FAIL,PASS,PASS
sf_27c_3.63v,sf,27,3.63,0,0.33,0.05,28.64,28.64,0,53.3,53.3,0,2877.49,2877.49,0,-0.8242,-0.8242,0,FAIL,FAIL,PASS,PASS
sf_27c_3.63v,sf,27,3.63,0,0.33,0.2,28.69,28.69,0,53.29,53.29,0,2877.49,2877.49,0,-0.8242,-0.8242,0,FAIL,FAIL,PASS,PASS
sf_27c_3.63v,sf,27,3.63,0,0.33,0.5,28.8,28.8,0,53.27,53.27,0,2877.49,2877.49,0,-0.8242,-0.8242,0,FAIL,FAIL,PASS,PASS
sf_27c_3.63v,sf,27,3.63,0,1,0.001,16.84,16.84,0,53.3,53.3,0,1580.5,1580.5,0,-0.8107,-0.8107,0,FAIL,FAIL,PASS,PASS
sf_27c_3.63v,sf,27,3.63,0,1,0.05,16.87,16.87,0,53.29,53.29,0,1580.5,1580.5,0,-0.8107,-0.8107,0,FAIL,FAIL,PASS,PASS
sf_27c_3.63v,sf,27,3.63,0,1,0.2,16.96,16.96,0,53.28,53.28,0,1580.5,1580.5,0,-0.8107,-0.8107,0,FAIL,FAIL,PASS,PASS
sf_27c_3.63v,sf,27,3.63,0,1,0.5,17.13,17.13,0,53.26,53.26,0,1580.51,1580.51,0,-0.8106,-0.8106,0,FAIL,FAIL,PASS,PASS
sf_27c_3.63v,sf,27,3.63,0,4.7,0.001,8.13,8.13,0,53.29,53.29,0,716.439,716.439,0,-0.8841,-0.8841,0,FAIL,FAIL,PASS,PASS
sf_27c_3.63v,sf,27,3.63,0,4.7,0.05,8.19,8.19,0,53.29,53.29,0,716.439,716.439,0,-0.8841,-0.8841,0,FAIL,FAIL,PASS,PASS
sf_27c_3.63v,sf,27,3.63,0,4.7,0.2,8.37,8.37,0,53.28,53.28,0,716.442,716.442,0,-0.884,-0.884,0,FAIL,FAIL,PASS,PASS
sf_27c_3.63v,sf,27,3.63,0,4.7,0.5,8.73,8.73,0,53.26,53.26,0,716.459,716.459,0,-0.8835,-0.8835,0,FAIL,FAIL,PASS,PASS
sf_27c_3.63v,sf,27,3.63,0.1,0.33,0.001,52.28,52.28,0,21.27,21.27,0,104470,104470,0,-0.6085,-0.6085,0,PASS,PASS,PASS,PASS
sf_27c_3.63v,sf,27,3.63,0.1,0.33,0.05,52.88,53.23,0.35,22.67,22.73,0.06,104475,105592,1.06916,-0.608,-0.5507,0.0573,PASS,PASS,PASS,PASS
sf_27c_3.63v,sf,27,3.63,0.1,0.33,0.2,54.72,54.72,0,28.97,28.97,0,104547,104547,0,-0.5995,-0.5995,0,PASS,PASS,PASS,PASS
sf_27c_3.63v,sf,27,3.63,0.1,0.33,0.5,58.32,58.32,0,39.74,39.74,0,104951,104951,0,-0.5522,-0.5522,0,PASS,PASS,PASS,PASS
sf_27c_3.63v,sf,27,3.63,0.1,1,0.001,73.11,73.11,0,31.21,31.21,0,36411.2,36411.2,0,-0.3948,-0.3948,0,PASS,PASS,PASS,PASS
sf_27c_3.63v,sf,27,3.63,0.1,1,0.05,73.76,74.12,0.36,37.06,37.23,0.17,36413.7,36687.2,0.751091,-0.3942,-0.4254,-0.0312,PASS,PASS,PASS,PASS
sf_27c_3.63v,sf,27,3.63,0.1,1,0.2,75.72,75.72,0,49.21,49.21,0,36452.1,36452.1,0,-0.4312,-0.4312,0,PASS,PASS,PASS,PASS
sf_27c_3.63v,sf,27,3.63,0.1,1,0.5,79.65,79.65,0,43.41,43.41,0,36670.1,36670.1,0,-0.4242,-0.4242,0,PASS,PASS,PASS,PASS
sf_27c_3.63v,sf,27,3.63,0.1,4.7,0.001,51.68,51.68,0,47.53,47.53,0,8742.11,8742.11,0,-0.6309,-0.6309,0,PASS,PASS,PASS,PASS
sf_27c_3.63v,sf,27,3.63,0.1,4.7,0.05,52.4,52.72,0.32,53.55,53.54,-0.01,8742.63,8766,0.267311,-0.6301,-0.5972,0.0329,PASS,PASS,PASS,PASS
sf_27c_3.63v,sf,27,3.63,0.1,4.7,0.2,54.65,54.65,0,50.02,50.02,0,8750.6,8750.6,0,-0.6181,-0.6181,0,PASS,PASS,PASS,PASS
sf_27c_3.63v,sf,27,3.63,0.1,4.7,0.5,59.23,59.23,0,44.13,44.13,0,8795.85,8795.85,0,-0.617,-0.617,0,PASS,PASS,PASS,PASS
sf_27c_3.63v,sf,27,3.63,1,0.33,0.001,43.22,42.08,-1.14,11.33,11.54,0.21,303889,295772,-2.67104,-0.574,-0.567,0.007,FAIL,FAIL,PASS,PASS
sf_27c_3.63v,sf,27,3.63,1,0.33,0.05,43.78,43.78,0,12.7,12.7,0,295877,295877,0,-0.5625,-0.5625,0,FAIL,FAIL,PASS,PASS
sf_27c_3.63v,sf,27,3.63,1,0.33,0.2,48.85,48.85,0,16.96,16.96,0,297481,297481,0,-0.5613,-0.5613,0,PASS,PASS,PASS,PASS
sf_27c_3.63v,sf,27,3.63,1,0.33,0.5,58.23,58.23,0,21.46,21.46,0,306813,306813,0,-0.5726,-0.5726,0,PASS,PASS,PASS,PASS
sf_27c_3.63v,sf,27,3.63,1,1,0.001,68.64,67.58,-1.06,21.06,21.27,0.21,112386,111129,-1.11847,-0.4385,-0.4401,-0.0016,PASS,PASS,PASS,PASS
sf_27c_3.63v,sf,27,3.63,1,1,0.05,69.53,69.53,0,25.27,25.27,0,111194,111194,0,-0.4343,-0.4343,0,PASS,PASS,PASS,PASS
sf_27c_3.63v,sf,27,3.63,1,1,0.2,75.43,75.43,0,30.91,30.91,0,112209,112209,0,-0.4479,-0.4479,0,PASS,PASS,PASS,PASS
sf_27c_3.63v,sf,27,3.63,1,1,0.5,87.04,87.04,0,26,26,0,118432,118432,0,-0.3874,-0.3874,0,PASS,PASS,PASS,PASS
sf_27c_3.63v,sf,27,3.63,1,4.7,0.001,55.88,55.34,-0.54,35.16,35.39,0.23,24897.1,24818.9,-0.314093,-0.5335,-0.5696,-0.0361,PASS,PASS,PASS,PASS
sf_27c_3.63v,sf,27,3.63,1,4.7,0.05,57.42,57.42,0,43.91,43.91,0,24831.7,24831.7,0,-0.5633,-0.5633,0,PASS,PASS,PASS,PASS
sf_27c_3.63v,sf,27,3.63,1,4.7,0.2,63.95,63.95,0,34.58,34.58,0,25030.5,25030.5,0,-0.5284,-0.5284,0,PASS,PASS,PASS,PASS
sf_27c_3.63v,sf,27,3.63,1,4.7,0.5,78.03,78.03,0,27.21,27.21,0,26241,26241,0,-0.5097,-0.5097,0,PASS,PASS,PASS,PASS
sf_27c_3.63v,sf,27,3.63,10,0.33,0.001,25.72,25.72,0,5.65,5.65,0,550427,550427,0,-0.6047,-0.6047,0,FAIL,FAIL,PASS,PASS
sf_27c_3.63v,sf,27,3.63,10,0.33,0.05,29.02,28.86,-0.16,6.77,6.75,-0.02,552286,551067,-0.220719,-0.6313,-0.5894,0.0419,FAIL,FAIL,PASS,PASS
sf_27c_3.63v,sf,27,3.63,10,0.33,0.2,37.93,37.75,-0.18,10.46,10.42,-0.04,562306,561002,-0.231902,-0.6047,-0.6334,-0.0287,FAIL,FAIL,PASS,PASS
sf_27c_3.63v,sf,27,3.63,10,0.33,0.5,51.97,51.79,-0.18,13.23,13.21,-0.02,624516,622623,-0.303115,-0.5094,-0.5417,-0.0323,PASS,PASS,PASS,PASS
sf_27c_3.63v,sf,27,3.63,10,1,0.001,56.48,56.48,0,15.33,15.33,0,217104,217104,0,-0.5089,-0.5089,0,PASS,PASS,PASS,PASS
sf_27c_3.63v,sf,27,3.63,10,1,0.05,60.41,60.28,-0.13,18.93,18.9,-0.03,217714,217556,-0.0725723,-0.4796,-0.487,-0.0074,PASS,PASS,PASS,PASS
sf_27c_3.63v,sf,27,3.63,10,1,0.2,71.72,71.58,-0.14,22.47,22.45,-0.02,225019,224837,-0.0808821,-0.4625,-0.4703,-0.0078,PASS,PASS,PASS,PASS
sf_27c_3.63v,sf,27,3.63,10,1,0.5,92.67,92.49,-0.18,17.46,17.46,0,282614,282135,-0.169489,-0.2874,-0.2982,-0.0108,PASS,PASS,PASS,PASS
sf_27c_3.63v,sf,27,3.63,10,4.7,0.001,52.86,52.86,0,29.15,29.15,0,54581.2,54581.2,0,-0.5759,-0.5759,0,PASS,PASS,PASS,PASS
sf_27c_3.63v,sf,27,3.63,10,4.7,0.05,57.48,57.44,-0.04,35.34,35.33,-0.01,54725.3,54718.6,-0.012243,-0.544,-0.5454,-0.0014,PASS,PASS,PASS,PASS
sf_27c_3.63v,sf,27,3.63,10,4.7,0.2,72.21,72.16,-0.05,26.13,26.13,0,56953.5,56945.5,-0.0140465,-0.4977,-0.4992,-0.0015,PASS,PASS,PASS,PASS
sf_27c_3.63v,sf,27,3.63,10,4.7,0.5,106.89,106.82,-0.07,18.67,18.67,0,76955,76926,-0.0376844,-0.2436,-0.2456,-0.002,PASS,PASS,PASS,PASS
sf_27c_3.63v,sf,27,3.63,25,0.33,0.001,12.94,12.94,0,2.88,2.88,0,663688,663688,0,-0.715,-0.715,0,FAIL,FAIL,PASS,PASS
sf_27c_3.63v,sf,27,3.63,25,0.33,0.05,16.69,16.71,0.02,3.96,3.96,0,664724,664681,-0.00646885,-0.6919,-0.6928,-0.0009,FAIL,FAIL,PASS,PASS
sf_27c_3.63v,sf,27,3.63,25,0.33,0.2,27.09,27.12,0.03,7.63,7.65,0.02,680292,680245,-0.0069088,-0.6658,-0.6668,-0.001,FAIL,FAIL,PASS,PASS
sf_27c_3.63v,sf,27,3.63,25,0.33,0.5,41.87,41.87,0,10.65,10.65,0,775818,775818,0,-0.5792,-0.5792,0,FAIL,FAIL,PASS,PASS
sf_27c_3.63v,sf,27,3.63,25,1,0.001,48.75,48.75,0,12.54,12.54,0,282856,282855,-0.000353537,-0.5392,-0.5392,0,PASS,PASS,PASS,PASS
sf_27c_3.63v,sf,27,3.63,25,1,0.05,53.65,53.66,0.01,16.07,16.08,0.01,283819,283806,-0.00458038,-0.5017,-0.5021,-0.0004,PASS,PASS,PASS,PASS
sf_27c_3.63v,sf,27,3.63,25,1,0.2,67.74,67.75,0.01,19.89,19.91,0.02,299509,299494,-0.0050082,-0.4874,-0.4879,-0.0005,PASS,PASS,PASS,PASS
sf_27c_3.63v,sf,27,3.63,25,1,0.5,87.79,87.79,0,14.98,14.98,0,440233,440233,0,-0.2682,-0.2682,0,PASS,PASS,PASS,PASS
sf_27c_3.63v,sf,27,3.63,25,4.7,0.001,54.42,54.42,0,26.3,26.3,0,71500.2,71500.2,0,-0.561,-0.561,0,PASS,PASS,PASS,PASS
sf_27c_3.63v,sf,27,3.63,25,4.7,0.05,60.42,60.42,0,32.79,32.81,0.02,71823.2,71821.4,-0.00250615,-0.5084,-0.5087,-0.0003,PASS,PASS,PASS,PASS
sf_27c_3.63v,sf,27,3.63,25,4.7,0.2,79.87,79.87,0,23.65,23.67,0.02,77306.7,77304.3,-0.00310452,-0.4393,-0.4396,-0.0003,PASS,PASS,PASS,PASS
sf_27c_3.63v,sf,27,3.63,25,4.7,0.5,125.89,125.89,0,16.21,16.21,0,178505,178505,0,-0.1008,-0.1008,0,PASS,PASS,PASS,PASS
sf_27c_3.63v,sf,27,3.63,50,0.33,0.001,3.65,3.65,0,0.81,0.81,0,758167,758167,0,-0.7589,-0.7589,0,FAIL,FAIL,PASS,PASS
sf_27c_3.63v,sf,27,3.63,50,0.33,0.05,7.94,7.94,0,1.88,1.88,0,759524,759524,0,-0.7304,-0.7304,0,FAIL,FAIL,PASS,PASS
sf_27c_3.63v,sf,27,3.63,50,0.33,0.2,19.53,19.53,0,5.49,5.49,0,780941,780941,0,-0.7137,-0.7137,0,FAIL,FAIL,PASS,PASS
sf_27c_3.63v,sf,27,3.63,50,0.33,0.5,34.29,34.29,0,8.51,8.51,0,911056,911056,0,-0.6202,-0.6202,0,FAIL,FAIL,PASS,PASS
sf_27c_3.63v,sf,27,3.63,50,1,0.001,42.49,42.49,0,10.46,10.46,0,340963,340963,0,-0.5376,-0.5376,0,FAIL,FAIL,PASS,PASS
sf_27c_3.63v,sf,27,3.63,50,1,0.05,48.36,48.36,0,13.93,13.93,0,342551,342551,0,-0.5444,-0.5444,0,PASS,PASS,PASS,PASS
sf_27c_3.63v,sf,27,3.63,50,1,0.2,64.52,64.52,0,17.78,17.78,0,369329,369329,0,-0.4732,-0.4732,0,PASS,PASS,PASS,PASS
sf_27c_3.63v,sf,27,3.63,50,1,0.5,78.92,78.92,0,12.88,12.88,0,611171,611171,0,-0.3002,-0.3002,0,PASS,PASS,PASS,PASS
sf_27c_3.63v,sf,27,3.63,50,4.7,0.001,55.68,55.68,0,24.19,24.19,0,86738.9,86738.9,0,-0.5121,-0.5121,0,PASS,PASS,PASS,PASS
sf_27c_3.63v,sf,27,3.63,50,4.7,0.05,62.94,62.94,0,30.68,30.68,0,87330.4,87330.4,0,-0.4935,-0.4935,0,PASS,PASS,PASS,PASS
sf_27c_3.63v,sf,27,3.63,50,4.7,0.2,86.65,86.65,0,21.58,21.58,0,98114.7,98114.7,0,-0.4131,-0.4131,0,PASS,PASS,PASS,PASS
sf_27c_3.63v,sf,27,3.63,50,4.7,0.5,112.05,112.05,0,14.1,14.1,0,463679,463679,0,-0.1489,-0.1489,0,PASS,PASS,PASS,PASS
ss_-40c_2.97v,ss,-40,2.97,0,0.33,0.001,40.51,40.51,0,52.85,52.85,0,3266.69,3266.69,0,-0.7247,-0.7248,-0.0001,FAIL,FAIL,PASS,PASS
ss_-40c_2.97v,ss,-40,2.97,0,0.33,0.05,40.53,40.53,0,52.84,52.84,0,3266.69,3266.69,0,-0.7248,-0.7248,0,FAIL,FAIL,PASS,PASS
ss_-40c_2.97v,ss,-40,2.97,0,0.33,0.2,40.58,40.58,0,52.82,52.82,0,3266.69,3266.69,0,-0.7247,-0.7247,0,FAIL,FAIL,PASS,PASS
ss_-40c_2.97v,ss,-40,2.97,0,0.33,0.5,40.7,40.7,0,52.76,52.76,0,3266.7,3266.7,0,-0.7247,-0.7247,0,FAIL,FAIL,PASS,PASS
ss_-40c_2.97v,ss,-40,2.97,0,1,0.001,24.25,24.25,0,52.83,52.83,0,1705.71,1705.71,0,-0.8399,-0.8399,0,FAIL,FAIL,PASS,PASS
ss_-40c_2.97v,ss,-40,2.97,0,1,0.05,24.28,24.28,0,52.82,52.82,0,1705.71,1705.71,0,-0.84,-0.84,0,FAIL,FAIL,PASS,PASS
ss_-40c_2.97v,ss,-40,2.97,0,1,0.2,24.37,24.37,0,52.79,52.79,0,1705.71,1705.71,0,-0.8399,-0.8399,0,FAIL,FAIL,PASS,PASS
ss_-40c_2.97v,ss,-40,2.97,0,1,0.5,24.56,24.56,0,52.73,52.73,0,1705.72,1705.72,0,-0.8398,-0.8398,0,FAIL,FAIL,PASS,PASS
ss_-40c_2.97v,ss,-40,2.97,0,4.7,0.001,11.43,11.43,0,52.82,52.82,0,757.794,757.794,0,-0.8988,-0.8988,0,FAIL,FAIL,PASS,PASS
ss_-40c_2.97v,ss,-40,2.97,0,4.7,0.05,11.5,11.5,0,52.81,52.81,0,757.794,757.794,0,-0.8988,-0.8988,0,FAIL,FAIL,PASS,PASS
ss_-40c_2.97v,ss,-40,2.97,0,4.7,0.2,11.69,11.69,0,52.78,52.78,0,757.798,757.798,0,-0.8987,-0.8987,0,FAIL,FAIL,PASS,PASS
ss_-40c_2.97v,ss,-40,2.97,0,4.7,0.5,12.07,12.07,0,52.72,52.72,0,757.818,757.818,0,-0.8982,-0.8982,0,FAIL,FAIL,PASS,PASS
ss_-40c_2.97v,ss,-40,2.97,0.1,0.33,0.001,57.53,57.53,0,19.83,19.83,0,93445,93445,0,-0.5198,-0.5198,0,PASS,PASS,PASS,PASS
ss_-40c_2.97v,ss,-40,2.97,0.1,0.33,0.05,58.07,58.07,0,20.78,20.78,0,93448.6,93448.6,0,-0.5194,-0.5194,0,PASS,PASS,PASS,PASS
ss_-40c_2.97v,ss,-40,2.97,0.1,0.33,0.2,59.72,59.72,0,24.41,24.41,0,93504.5,93504.5,0,-0.5127,-0.5127,0,PASS,PASS,PASS,PASS
ss_-40c_2.97v,ss,-40,2.97,0.1,0.33,0.5,62.59,62.95,0.36,33.5,33.27,-0.23,93080.2,93819.6,0.794369,-0.5589,-0.5345,0.0244,PASS,PASS,PASS,PASS
ss_-40c_2.97v,ss,-40,2.97,0.1,1,0.001,74.94,74.94,0,29.73,29.73,0,30324.6,30324.6,0,-0.4229,-0.4229,0,PASS,PASS,PASS,PASS
ss_-40c_2.97v,ss,-40,2.97,0.1,1,0.05,75.47,75.47,0,33.25,33.25,0,30326.1,30326.1,0,-0.4225,-0.4225,0,PASS,PASS,PASS,PASS
ss_-40c_2.97v,ss,-40,2.97,0.1,1,0.2,77.11,77.11,0,44.93,44.93,0,30348.4,30348.4,0,-0.4159,-0.4159,0,PASS,PASS,PASS,PASS
ss_-40c_2.97v,ss,-40,2.97,0.1,1,0.5,80.1,80.41,0.31,40.76,40.48,-0.28,30324.1,30475.8,0.500262,-0.4194,-0.4244,-0.005,PASS,PASS,PASS,PASS
ss_-40c_2.97v,ss,-40,2.97,0.1,4.7,0.001,48.96,48.96,0,45.53,45.53,0,7583.2,7583.2,0,-0.6375,-0.6375,0,PASS,PASS,PASS,PASS
ss_-40c_2.97v,ss,-40,2.97,0.1,4.7,0.05,49.59,49.59,0,52.78,52.78,0,7583.52,7583.52,0,-0.6369,-0.6369,0,PASS,PASS,PASS,PASS
ss_-40c_2.97v,ss,-40,2.97,0.1,4.7,0.2,51.53,51.53,0,47.85,47.85,0,7588.51,7588.51,0,-0.6279,-0.6279,0,PASS,PASS,PASS,PASS
ss_-40c_2.97v,ss,-40,2.97,0.1,4.7,0.5,55.26,55.49,0.23,41.98,41.73,-0.25,7604.47,7616.74,0.161352,-0.5983,-0.6466,-0.0483,PASS,PASS,PASS,PASS
ss_-40c_2.97v,ss,-40,2.97,1,0.33,0.001,52.37,52.37,0,11.48,11.48,0,234081,234081,0,-0.5156,-0.5156,0,PASS,PASS,PASS,PASS
ss_-40c_2.97v,ss,-40,2.97,1,0.33,0.05,53.73,53.73,0,12.22,12.22,0,234142,234142,0,-0.5128,-0.5128,0,PASS,PASS,PASS,PASS
ss_-40c_2.97v,ss,-40,2.97,1,0.33,0.2,57.77,57.77,0,14.69,14.69,0,235076,235076,0,-0.4705,-0.4705,0,PASS,PASS,PASS,PASS
ss_-40c_2.97v,ss,-40,2.97,1,0.33,0.5,65.44,65.44,0,18.23,18.23,0,240506,240506,0,-0.4529,-0.4529,0,PASS,PASS,PASS,PASS
ss_-40c_2.97v,ss,-40,2.97,1,1,0.001,70.63,70.63,0,21.2,21.2,0,79164.5,79164.5,0,-0.4174,-0.4174,0,PASS,PASS,PASS,PASS
ss_-40c_2.97v,ss,-40,2.97,1,1,0.05,72.02,72.02,0,23.6,23.6,0,79188.5,79188.5,0,-0.4146,-0.4146,0,PASS,PASS,PASS,PASS
ss_-40c_2.97v,ss,-40,2.97,1,1,0.2,76.3,76.3,0,28.16,28.16,0,79566.1,79566.1,0,-0.4189,-0.4189,0,PASS,PASS,PASS,PASS
ss_-40c_2.97v,ss,-40,2.97,1,1,0.5,84.91,84.91,0,24.74,24.74,0,81799.9,81799.9,0,-0.4042,-0.4042,0,PASS,PASS,PASS,PASS
ss_-40c_2.97v,ss,-40,2.97,1,4.7,0.001,47.37,47.37,0,35.19,35.19,0,19659.5,19659.5,0,-0.6087,-0.6087,0,PASS,PASS,PASS,PASS
ss_-40c_2.97v,ss,-40,2.97,1,4.7,0.05,49.01,49.01,0,41.63,41.63,0,19665,19665,0,-0.6047,-0.6047,0,PASS,PASS,PASS,PASS
ss_-40c_2.97v,ss,-40,2.97,1,4.7,0.2,54.13,54.13,0,33.64,33.64,0,19751.5,19751.5,0,-0.6144,-0.6144,0,PASS,PASS,PASS,PASS
ss_-40c_2.97v,ss,-40,2.97,1,4.7,0.5,64.89,64.89,0,26.5,26.5,0,20256.8,20256.8,0,-0.6155,-0.6155,0,PASS,PASS,PASS,PASS
ss_-40c_2.97v,ss,-40,2.97,10,0.33,0.001,20.53,20.53,0,4.17,4.17,0,464996,464996,0,-0.6407,-0.6407,0,FAIL,FAIL,PASS,PASS
ss_-40c_2.97v,ss,-40,2.97,10,0.33,0.05,23.18,23.18,0,4.93,4.93,0,465374,465374,0,-0.6297,-0.6297,0,FAIL,FAIL,PASS,PASS
ss_-40c_2.97v,ss,-40,2.97,10,0.33,0.2,30.73,30.73,0,7.44,7.44,0,471201,471201,0,-0.6062,-0.6062,0,FAIL,FAIL,PASS,PASS
ss_-40c_2.97v,ss,-40,2.97,10,0.33,0.5,43,43,0,10.93,10.93,0,506105,506105,0,-0.5861,-0.5861,0,FAIL,FAIL,PASS,PASS
ss_-40c_2.97v,ss,-40,2.97,10,1,0.001,55.62,55.62,0,13.83,13.83,0,184239,184239,0,-0.4784,-0.4784,0,PASS,PASS,PASS,PASS
ss_-40c_2.97v,ss,-40,2.97,10,1,0.05,58.84,58.84,0,16.26,16.26,0,184515,184515,0,-0.4628,-0.4628,0,PASS,PASS,PASS,PASS
ss_-40c_2.97v,ss,-40,2.97,10,1,0.2,68.39,68.39,0,20.76,20.76,0,188932,188932,0,-0.436,-0.436,0,PASS,PASS,PASS,PASS
ss_-40c_2.97v,ss,-40,2.97,10,1,0.5,86.08,86.08,0,17.28,17.28,0,220330,220330,0,-0.3395,-0.3395,0,PASS,PASS,PASS,PASS
ss_-40c_2.97v,ss,-40,2.97,10,4.7,0.001,54.48,54.48,0,27.55,27.55,0,44619.9,44619.9,0,-0.5591,-0.5591,0,PASS,PASS,PASS,PASS
ss_-40c_2.97v,ss,-40,2.97,10,4.7,0.05,58.21,58.21,0,34.1,34.1,0,44696,44696,0,-0.5389,-0.5389,0,PASS,PASS,PASS,PASS
ss_-40c_2.97v,ss,-40,2.97,10,4.7,0.2,70.14,70.14,0,26.27,26.27,0,45923,45923,0,-0.5207,-0.5207,0,PASS,PASS,PASS,PASS
ss_-40c_2.97v,ss,-40,2.97,10,4.7,0.5,97.34,97.34,0,19.01,19.01,0,55296.6,55296.6,0,-0.3257,-0.3257,0,PASS,PASS,PASS,PASS
ss_-40c_2.97v,ss,-40,2.97,25,0.33,0.001,5.73,5.73,0,1.16,1.16,0,572854,572862,0.00139652,-0.7082,-0.708,0.0002,FAIL,FAIL,PASS,PASS
ss_-40c_2.97v,ss,-40,2.97,25,0.33,0.05,8.98,8.98,0,1.91,1.91,0,573465,573473,0.00139503,-0.6918,-0.6916,0.0002,FAIL,FAIL,PASS,PASS
ss_-40c_2.97v,ss,-40,2.97,25,0.33,0.2,18,18,0,4.38,4.38,0,583026,583035,0.00154367,-0.6853,-0.6851,0.0002,FAIL,FAIL,PASS,PASS
ss_-40c_2.97v,ss,-40,2.97,25,0.33,0.5,31.29,31.29,0,7.89,7.89,0,639850,639860,0.00156287,-0.6016,-0.6014,0.0002,FAIL,FAIL,PASS,PASS
ss_-40c_2.97v,ss,-40,2.97,25,1,0.001,46.9,46.9,0,10.8,10.8,0,247200,247205,0.00202265,-0.5031,-0.5029,0.0002,PASS,PASS,PASS,PASS
ss_-40c_2.97v,ss,-40,2.97,25,1,0.05,51.19,51.19,0,13.19,13.19,0,247830,247835,0.00201751,-0.5325,-0.5323,0.0002,PASS,PASS,PASS,PASS
ss_-40c_2.97v,ss,-40,2.97,25,1,0.2,63.4,63.4,0,17.73,17.73,0,258131,258137,0.0023244,-0.4898,-0.4896,0.0002,PASS,PASS,PASS,PASS
ss_-40c_2.97v,ss,-40,2.97,25,1,0.5,81.7,81.69,-0.01,14.32,14.32,0,340554,340565,0.00323003,-0.3239,-0.3237,0.0002,PASS,PASS,PASS,PASS
ss_-40c_2.97v,ss,-40,2.97,25,4.7,0.001,57.73,57.73,0,24.47,24.47,0,59688.5,59689.7,0.00201044,-0.4942,-0.494,0.0002,PASS,PASS,PASS,PASS
ss_-40c_2.97v,ss,-40,2.97,25,4.7,0.05,62.73,62.73,0,31.07,31.07,0,59882.6,59883.8,0.00200392,-0.5148,-0.5146,0.0002,PASS,PASS,PASS,PASS
ss_-40c_2.97v,ss,-40,2.97,25,4.7,0.2,78.77,78.77,0,23.33,23.33,0,63155,63156.4,0.00221677,-0.4425,-0.4423,0.0002,PASS,PASS,PASS,PASS
ss_-40c_2.97v,ss,-40,2.97,25,4.7,0.5,117.14,117.15,0.01,16.06,16.06,0,102508,102515,0.00682874,-0.1562,-0.156,0.0002,PASS,PASS,PASS,PASS
ss_-40c_2.97v,ss,-40,2.97,50,0.33,0.001,-4.59,-4.59,0,-0.93,-0.93,0,655989,655989,0,-0.8107,-0.8107,0,FAIL,FAIL,PASS,PASS
ss_-40c_2.97v,ss,-40,2.97,50,0.33,0.05,-0.88,-0.88,0,-0.19,-0.19,0,656798,656798,0,-0.79,-0.79,0,FAIL,FAIL,PASS,PASS
ss_-40c_2.97v,ss,-40,2.97,50,0.33,0.2,9.22,9.22,0,2.25,2.25,0,669881,669881,0,-0.731,-0.731,0,FAIL,FAIL,PASS,PASS
ss_-40c_2.97v,ss,-40,2.97,50,0.33,0.5,22.93,22.93,0,5.73,5.73,0,746745,746745,0,-0.6591,-0.6591,0,FAIL,FAIL,PASS,PASS
ss_-40c_2.97v,ss,-40,2.97,50,1,0.001,39.59,39.59,0,8.69,8.69,0,300725,300725,0,-0.5282,-0.5282,0,FAIL,FAIL,PASS,PASS
ss_-40c_2.97v,ss,-40,2.97,50,1,0.05,44.75,44.75,0,11.04,11.04,0,301793,301793,0,-0.5479,-0.5479,0,FAIL,FAIL,PASS,PASS
ss_-40c_2.97v,ss,-40,2.97,50,1,0.2,58.87,58.87,0,15.55,15.55,0,319641,319641,0,-0.497,-0.497,0,PASS,PASS,PASS,PASS
ss_-40c_2.97v,ss,-40,2.97,50,1,0.5,73.57,73.57,0,12.19,12.19,0,466521,466521,0,-0.356,-0.356,0,PASS,PASS,PASS,PASS
ss_-40c_2.97v,ss,-40,2.97,50,4.7,0.001,59.33,59.33,0,22.34,22.34,0,73523.3,73523.3,0,-0.5215,-0.5215,0,PASS,PASS,PASS,PASS
ss_-40c_2.97v,ss,-40,2.97,50,4.7,0.05,65.47,65.47,0,28.89,28.89,0,73897.6,73897.6,0,-0.4672,-0.4672,0,PASS,PASS,PASS,PASS
ss_-40c_2.97v,ss,-40,2.97,50,4.7,0.2,85.2,85.2,0,21.21,21.21,0,80568.4,80568.4,0,-0.3842,-0.3842,0,PASS,PASS,PASS,PASS
ss_-40c_2.97v,ss,-40,2.97,50,4.7,0.5,119.99,119.99,0,13.94,13.94,0,259768,259768,0,-0.1018,-0.1018,0,PASS,PASS,PASS,PASS
ss_-40c_3.30v,ss,-40,3.3,0,0.33,0.001,42.77,42.77,0,52.76,52.76,0,3538.61,3538.61,0,-0.7137,-0.7137,0,FAIL,FAIL,PASS,PASS
ss_-40c_3.30v,ss,-40,3.3,0,0.33,0.05,42.79,42.79,0,52.75,52.75,0,3538.61,3538.61,0,-0.7137,-0.7137,0,FAIL,FAIL,PASS,PASS
ss_-40c_3.30v,ss,-40,3.3,0,0.33,0.2,42.85,42.85,0,52.72,52.72,0,3538.61,3538.61,0,-0.7137,-0.7137,0,FAIL,FAIL,PASS,PASS
ss_-40c_3.30v,ss,-40,3.3,0,0.33,0.5,42.98,42.98,0,52.67,52.67,0,3538.62,3538.62,0,-0.7137,-0.7137,0,FAIL,FAIL,PASS,PASS
ss_-40c_3.30v,ss,-40,3.3,0,1,0.001,25.76,25.76,0,52.73,52.73,0,1825.13,1825.13,0,-0.7624,-0.7624,0,FAIL,FAIL,PASS,PASS
ss_-40c_3.30v,ss,-40,3.3,0,1,0.05,25.79,25.79,0,52.73,52.73,0,1825.13,1825.13,0,-0.7624,-0.7624,0,FAIL,FAIL,PASS,PASS
ss_-40c_3.30v,ss,-40,3.3,0,1,0.2,25.89,25.89,0,52.7,52.7,0,1825.14,1825.13,-0.000547903,-0.7624,-0.7624,0,FAIL,FAIL,PASS,PASS
ss_-40c_3.30v,ss,-40,3.3,0,1,0.5,26.09,26.09,0,52.65,52.65,0,1825.15,1825.15,0,-0.7622,-0.7622,0,FAIL,FAIL,PASS,PASS
ss_-40c_3.30v,ss,-40,3.3,0,4.7,0.001,12.17,12.17,0,52.73,52.73,0,806.798,806.798,0,-0.9074,-0.9074,0,FAIL,FAIL,PASS,PASS
ss_-40c_3.30v,ss,-40,3.3,0,4.7,0.05,12.24,12.24,0,52.72,52.72,0,806.798,806.798,0,-0.9074,-0.9074,0,FAIL,FAIL,PASS,PASS
ss_-40c_3.30v,ss,-40,3.3,0,4.7,0.2,12.44,12.44,0,52.69,52.69,0,806.802,806.802,0,-0.9073,-0.9073,0,FAIL,FAIL,PASS,PASS
ss_-40c_3.30v,ss,-40,3.3,0,4.7,0.5,12.85,12.85,0,52.64,52.64,0,806.826,806.826,0,-0.9068,-0.9068,0,FAIL,FAIL,PASS,PASS
ss_-40c_3.30v,ss,-40,3.3,0.1,0.33,0.001,51.36,51.63,0.27,19.31,19.32,0.01,106315,107155,0.790105,-0.609,-0.5831,0.0259,PASS,PASS,PASS,PASS
ss_-40c_3.30v,ss,-40,3.3,0.1,0.33,0.05,51.98,52.25,0.27,20.4,20.42,0.02,106320,107160,0.790068,-0.6084,-0.5825,0.0259,PASS,PASS,PASS,PASS
ss_-40c_3.30v,ss,-40,3.3,0.1,0.33,0.2,54.14,54.14,0,24.86,24.86,0,107237,107237,0,-0.5736,-0.5736,0,PASS,PASS,PASS,PASS
ss_-40c_3.30v,ss,-40,3.3,0.1,0.33,0.5,57.82,57.82,0,34.97,34.97,0,107672,107672,0,-0.5891,-0.5891,0,PASS,PASS,PASS,PASS
ss_-40c_3.30v,ss,-40,3.3,0.1,1,0.001,74.18,74.45,0.27,29.2,29.22,0.02,37134.5,37331.9,0.531581,-0.4163,-0.419,-0.0027,PASS,PASS,PASS,PASS
ss_-40c_3.30v,ss,-40,3.3,0.1,1,0.05,74.84,75.1,0.26,33.37,33.41,0.04,37137.2,37334.6,0.531542,-0.4156,-0.4183,-0.0027,PASS,PASS,PASS,PASS
ss_-40c_3.30v,ss,-40,3.3,0.1,1,0.2,77.11,77.11,0,45.88,45.88,0,37376.6,37376.6,0,-0.4085,-0.4085,0,PASS,PASS,PASS,PASS
ss_-40c_3.30v,ss,-40,3.3,0.1,1,0.5,81.13,81.13,0,40.79,40.79,0,37615.8,37615.8,0,-0.3983,-0.3983,0,PASS,PASS,PASS,PASS
ss_-40c_3.30v,ss,-40,3.3,0.1,4.7,0.001,54,54.22,0.22,44.81,44.89,0.08,8552.24,8568.83,0.193984,-0.6017,-0.5786,0.0231,PASS,PASS,PASS,PASS
ss_-40c_3.30v,ss,-40,3.3,0.1,4.7,0.05,54.7,54.93,0.23,52.79,52.77,-0.02,8552.74,8569.34,0.19409,-0.6009,-0.5778,0.0231,PASS,PASS,PASS,PASS
ss_-40c_3.30v,ss,-40,3.3,0.1,4.7,0.2,57.13,57.13,0,48.03,48.03,0,8577.09,8577.09,0,-0.5663,-0.5663,0,PASS,PASS,PASS,PASS
ss_-40c_3.30v,ss,-40,3.3,0.1,4.7,0.5,61.62,61.62,0,41.86,41.86,0,8620.97,8620.97,0,-0.5664,-0.5664,0,PASS,PASS,PASS,PASS
ss_-40c_3.30v,ss,-40,3.3,1,0.33,0.001,47.57,47.57,0,11.06,11.06,0,270063,270063,0,-0.5599,-0.5599,0,PASS,PASS,PASS,PASS
ss_-40c_3.30v,ss,-40,3.3,1,0.33,0.05,49.13,49.13,0,11.94,11.94,0,270152,270152,0,-0.5562,-0.5562,0,PASS,PASS,PASS,PASS
ss_-40c_3.30v,ss,-40,3.3,1,0.33,0.2,53.76,53.76,0,14.95,14.95,0,271502,271502,0,-0.4998,-0.4998,0,PASS,PASS,PASS,PASS
ss_-40c_3.30v,ss,-40,3.3,1,0.33,0.5,62.41,62.41,0,18.99,18.99,0,279380,279380,0,-0.4772,-0.4772,0,PASS,PASS,PASS,PASS
ss_-40c_3.30v,ss,-40,3.3,1,1,0.001,70.2,70.2,0,20.78,20.78,0,94882.1,94882.1,0,-0.4492,-0.4492,0,PASS,PASS,PASS,PASS
ss_-40c_3.30v,ss,-40,3.3,1,1,0.05,71.87,71.87,0,23.68,23.68,0,94923.6,94923.6,0,-0.4451,-0.4451,0,PASS,PASS,PASS,PASS
ss_-40c_3.30v,ss,-40,3.3,1,1,0.2,76.96,76.96,0,28.79,28.79,0,95570.8,95570.8,0,-0.4302,-0.4302,0,PASS,PASS,PASS,PASS
ss_-40c_3.30v,ss,-40,3.3,1,1,0.5,87.12,87.12,0,24.83,24.83,0,99466.8,99466.8,0,-0.3999,-0.3999,0,PASS,PASS,PASS,PASS
ss_-40c_3.30v,ss,-40,3.3,1,4.7,0.001,52.21,52.21,0,34.81,34.81,0,21979.8,21979.8,0,-0.6075,-0.6075,0,PASS,PASS,PASS,PASS
ss_-40c_3.30v,ss,-40,3.3,1,4.7,0.05,54.05,54.05,0,42.13,42.13,0,21988.2,21988.2,0,-0.6025,-0.6025,0,PASS,PASS,PASS,PASS
ss_-40c_3.30v,ss,-40,3.3,1,4.7,0.2,59.8,59.8,0,33.61,33.61,0,22118.3,22118.3,0,-0.5916,-0.5916,0,PASS,PASS,PASS,PASS
ss_-40c_3.30v,ss,-40,3.3,1,4.7,0.5,72.05,72.05,0,26.38,26.38,0,22892.6,22892.6,0,-0.5423,-0.5423,0,PASS,PASS,PASS,PASS
ss_-40c_3.30v,ss,-40,3.3,10,0.33,0.001,18.84,18.84,0,4.14,4.14,0,506776,506776,0,-0.6739,-0.6739,0,FAIL,FAIL,PASS,PASS
ss_-40c_3.30v,ss,-40,3.3,10,0.33,0.05,21.73,21.73,0,5.04,5.04,0,507246,507246,0,-0.6608,-0.6608,0,FAIL,FAIL,PASS,PASS
ss_-40c_3.30v,ss,-40,3.3,10,0.33,0.2,29.94,29.94,0,8.08,8.08,0,514466,514466,0,-0.6861,-0.6861,0,FAIL,FAIL,PASS,PASS
ss_-40c_3.30v,ss,-40,3.3,10,0.33,0.5,43.13,43.13,0,11.89,11.89,0,557796,557796,0,-0.6101,-0.6101,0,FAIL,FAIL,PASS,PASS
ss_-40c_3.30v,ss,-40,3.3,10,1,0.001,53.81,53.81,0,13.81,13.81,0,208509,208509,0,-0.5194,-0.5194,0,PASS,PASS,PASS,PASS
ss_-40c_3.30v,ss,-40,3.3,10,1,0.05,57.45,57.45,0,16.72,16.72,0,208902,208902,0,-0.4992,-0.4992,0,PASS,PASS,PASS,PASS
ss_-40c_3.30v,ss,-40,3.3,10,1,0.2,68.12,68.12,0,21.55,21.55,0,215205,215205,0,-0.463,-0.463,0,PASS,PASS,PASS,PASS
ss_-40c_3.30v,ss,-40,3.3,10,1,0.5,87.01,87.01,0,17.49,17.49,0,262046,262046,0,-0.3232,-0.3232,0,PASS,PASS,PASS,PASS
ss_-40c_3.30v,ss,-40,3.3,10,4.7,0.001,56.92,56.92,0,27.57,27.57,0,50076.9,50076.9,0,-0.5361,-0.5361,0,PASS,PASS,PASS,PASS
ss_-40c_3.30v,ss,-40,3.3,10,4.7,0.05,61.11,61.11,0,34.75,34.75,0,50190.1,50190.1,0,-0.5105,-0.5104,0.0001,PASS,PASS,PASS,PASS
ss_-40c_3.30v,ss,-40,3.3,10,4.7,0.2,74.55,74.55,0,26.35,26.35,0,52023.9,52023.9,0,-0.4559,-0.4559,0,PASS,PASS,PASS,PASS
ss_-40c_3.30v,ss,-40,3.3,10,4.7,0.5,106.05,106.05,0,19,19,0,68032.6,68032.6,0,-0.2582,-0.2582,0,PASS,PASS,PASS,PASS
ss_-40c_3.30v,ss,-40,3.3,25,0.33,0.001,5.06,5.06,0,1.11,1.11,0,618177,618177,0,-0.7106,-0.7106,0,FAIL,FAIL,PASS,PASS
ss_-40c_3.30v,ss,-40,3.3,25,0.33,0.05,8.57,8.57,0,1.99,1.99,0,618928,618928,0,-0.7755,-0.7755,0,FAIL,FAIL,PASS,PASS
ss_-40c_3.30v,ss,-40,3.3,25,0.33,0.2,18.3,18.3,0,4.98,4.98,0,630604,630604,0,-0.7334,-0.7334,0,FAIL,FAIL,PASS,PASS
ss_-40c_3.30v,ss,-40,3.3,25,0.33,0.5,32.5,32.5,0,8.83,8.83,0,700120,700120,0,-0.6323,-0.6323,0,FAIL,FAIL,PASS,PASS
ss_-40c_3.30v,ss,-40,3.3,25,1,0.001,44.5,44.5,0,10.77,10.77,0,276592,276592,0,-0.553,-0.553,0,FAIL,FAIL,PASS,PASS
ss_-40c_3.30v,ss,-40,3.3,25,1,0.05,49.28,49.28,0,13.62,13.62,0,277453,277453,0,-0.5175,-0.5175,0,PASS,PASS,PASS,PASS
ss_-40c_3.30v,ss,-40,3.3,25,1,0.2,62.7,62.7,0,18.51,18.51,0,291470,291470,0,-0.4981,-0.4981,0,PASS,PASS,PASS,PASS
ss_-40c_3.30v,ss,-40,3.3,25,1,0.5,80.63,80.63,0,14.53,14.53,0,405339,405339,0,-0.3239,-0.3239,0,PASS,PASS,PASS,PASS
ss_-40c_3.30v,ss,-40,3.3,25,4.7,0.001,59.38,59.38,0,24.47,24.47,0,67478.3,67478.3,0,-0.5207,-0.5207,0,PASS,PASS,PASS,PASS
ss_-40c_3.30v,ss,-40,3.3,25,4.7,0.05,65.02,65.02,0,31.71,31.71,0,67770.6,67770.6,0,-0.4742,-0.4742,0,PASS,PASS,PASS,PASS
ss_-40c_3.30v,ss,-40,3.3,25,4.7,0.2,83.19,83.19,0,23.41,23.41,0,72779.4,72779.4,0,-0.4318,-0.4318,0,PASS,PASS,PASS,PASS
ss_-40c_3.30v,ss,-40,3.3,25,4.7,0.5,124.58,124.58,0,16.06,16.06,0,165873,165873,0,-0.1016,-0.1016,0,PASS,PASS,PASS,PASS
ss_-40c_3.30v,ss,-40,3.3,50,0.33,0.001,-4.69,-4.69,0,-1.03,-1.03,0,706594,706594,0,-0.8347,-0.8347,0,FAIL,FAIL,PASS,PASS
ss_-40c_3.30v,ss,-40,3.3,50,0.33,0.05,-0.7,-0.7,0,-0.16,-0.16,0,707611,707611,0,-0.8101,-0.8101,0,FAIL,FAIL,PASS,PASS
ss_-40c_3.30v,ss,-40,3.3,50,0.33,0.2,10.18,10.18,0,2.77,2.77,0,723725,723725,0,-0.7905,-0.7905,0,FAIL,FAIL,PASS,PASS
ss_-40c_3.30v,ss,-40,3.3,50,0.33,0.5,24.72,24.72,0,6.59,6.59,0,818463,818463,0,-0.6598,-0.6598,0,FAIL,FAIL,PASS,PASS
ss_-40c_3.30v,ss,-40,3.3,50,1,0.001,36.94,36.94,0,8.6,8.6,0,334445,334445,0,-0.5885,-0.5885,0,FAIL,FAIL,PASS,PASS
ss_-40c_3.30v,ss,-40,3.3,50,1,0.05,42.67,42.67,0,11.4,11.4,0,335874,335874,0,-0.5369,-0.5369,0,FAIL,FAIL,PASS,PASS
ss_-40c_3.30v,ss,-40,3.3,50,1,0.2,58.05,58.05,0,16.27,16.27,0,359551,359551,0,-0.4892,-0.4892,0,PASS,PASS,PASS,PASS
ss_-40c_3.30v,ss,-40,3.3,50,1,0.5,71.42,71.42,0,12.34,12.34,0,548654,548654,0,-0.3768,-0.3768,0,PASS,PASS,PASS,PASS
ss_-40c_3.30v,ss,-40,3.3,50,4.7,0.001,60.34,60.34,0,22.28,22.28,0,83649.2,83649.2,0,-0.4913,-0.4913,0,PASS,PASS,PASS,PASS
ss_-40c_3.30v,ss,-40,3.3,50,4.7,0.05,67.31,67.31,0,29.47,29.47,0,84221,84221,0,-0.4739,-0.4739,0,PASS,PASS,PASS,PASS
ss_-40c_3.30v,ss,-40,3.3,50,4.7,0.2,89.72,89.72,0,21.23,21.23,0,94741.6,94741.6,0,-0.3895,-0.3895,0,PASS,PASS,PASS,PASS
ss_-40c_3.30v,ss,-40,3.3,50,4.7,0.5,108.18,108.18,0,13.87,13.87,0,409555,409555,0,-0.1796,-0.1796,0,PASS,PASS,PASS,PASS
ss_-40c_3.63v,ss,-40,3.63,0,0.33,0.001,44.79,44.79,0,52.69,52.69,0,3800.52,3800.52,0,-0.6668,-0.6668,0,FAIL,FAIL,PASS,PASS
ss_-40c_3.63v,ss,-40,3.63,0,0.33,0.05,44.81,44.81,0,52.68,52.68,0,3800.52,3800.52,0,-0.6668,-0.6668,0,FAIL,FAIL,PASS,PASS
ss_-40c_3.63v,ss,-40,3.63,0,0.33,0.2,44.86,44.88,0.02,52.65,52.66,0.01,3799.83,3800.52,0.0181587,-0.6692,-0.6668,0.0024,FAIL,FAIL,PASS,PASS
ss_-40c_3.63v,ss,-40,3.63,0,0.33,0.5,44.99,45.01,0.02,52.6,52.61,0.01,3799.84,3800.53,0.0181587,-0.6692,-0.6667,0.0025,FAIL,PASS,PASS,PASS
ss_-40c_3.63v,ss,-40,3.63,0,1,0.001,27.14,27.14,0,52.67,52.67,0,1937.18,1937.18,0,-0.8111,-0.8111,0,FAIL,FAIL,PASS,PASS
ss_-40c_3.63v,ss,-40,3.63,0,1,0.05,27.18,27.18,0,52.66,52.66,0,1937.18,1937.18,0,-0.8111,-0.8111,0,FAIL,FAIL,PASS,PASS
ss_-40c_3.63v,ss,-40,3.63,0,1,0.2,27.27,27.28,0.01,52.63,52.64,0.01,1937.06,1937.18,0.00619496,-0.8122,-0.8111,0.0011,FAIL,FAIL,PASS,PASS
ss_-40c_3.63v,ss,-40,3.63,0,1,0.5,27.48,27.49,0.01,52.58,52.59,0.01,1937.08,1937.2,0.00619489,-0.812,-0.8109,0.0011,FAIL,FAIL,PASS,PASS
ss_-40c_3.63v,ss,-40,3.63,0,4.7,0.001,12.86,12.86,0,52.66,52.66,0,852.153,852.153,0,-0.8562,-0.8562,0,FAIL,FAIL,PASS,PASS
ss_-40c_3.63v,ss,-40,3.63,0,4.7,0.05,12.93,12.93,0,52.65,52.65,0,852.153,852.153,0,-0.8562,-0.8562,0,FAIL,FAIL,PASS,PASS
ss_-40c_3.63v,ss,-40,3.63,0,4.7,0.2,13.14,13.15,0.01,52.62,52.63,0.01,852.147,852.158,0.00129086,-0.8564,-0.8561,0.0003,FAIL,FAIL,PASS,PASS
ss_-40c_3.63v,ss,-40,3.63,0,4.7,0.5,13.57,13.58,0.01,52.58,52.58,0,852.176,852.187,0.00129081,-0.8557,-0.8555,0.0002,FAIL,FAIL,PASS,PASS
ss_-40c_3.63v,ss,-40,3.63,0.1,0.33,0.001,46.5,46.5,0,18.84,18.84,0,119209,119209,0,-0.6615,-0.6615,0,PASS,PASS,PASS,PASS
ss_-40c_3.63v,ss,-40,3.63,0.1,0.33,0.05,47.19,47.19,0,20.09,20.09,0,119216,119216,0,-0.6608,-0.6608,0,PASS,PASS,PASS,PASS
ss_-40c_3.63v,ss,-40,3.63,0.1,0.33,0.2,49.29,49.29,0,25.39,25.39,0,119314,119314,0,-0.6497,-0.6497,0,PASS,PASS,PASS,PASS
ss_-40c_3.63v,ss,-40,3.63,0.1,0.33,0.5,53.37,53.37,0,36.25,36.25,0,119871,119871,0,-0.5883,-0.5882,0.0001,PASS,PASS,PASS,PASS
ss_-40c_3.63v,ss,-40,3.63,0.1,1,0.001,72.27,72.27,0,28.73,28.73,0,44653.6,44653.6,0,-0.4299,-0.4299,0,PASS,PASS,PASS,PASS
ss_-40c_3.63v,ss,-40,3.63,0.1,1,0.05,73.05,73.05,0,33.63,33.63,0,44658.1,44658.1,0,-0.429,-0.429,0,PASS,PASS,PASS,PASS
ss_-40c_3.63v,ss,-40,3.63,0.1,1,0.2,75.45,75.45,0,46.51,46.51,0,44727.9,44727.9,0,-0.4148,-0.4148,0,PASS,PASS,PASS,PASS
ss_-40c_3.63v,ss,-40,3.63,0.1,1,0.5,80.18,80.18,0,41.04,41.04,0,45125.4,45125.4,0,-0.4297,-0.4297,0,PASS,PASS,PASS,PASS
ss_-40c_3.63v,ss,-40,3.63,0.1,4.7,0.001,58.88,58.88,0,44.28,44.28,0,9659.52,9659.52,0,-0.5526,-0.5526,0,PASS,PASS,PASS,PASS
ss_-40c_3.63v,ss,-40,3.63,0.1,4.7,0.05,59.68,59.68,0,52.76,52.76,0,9660.29,9660.29,0,-0.5517,-0.5517,0,PASS,PASS,PASS,PASS
ss_-40c_3.63v,ss,-40,3.63,0.1,4.7,0.2,62.17,62.17,0,48.18,48.18,0,9672.21,9672.21,0,-0.5371,-0.5371,0,PASS,PASS,PASS,PASS
ss_-40c_3.63v,ss,-40,3.63,0.1,4.7,0.5,67.25,67.25,0,41.97,41.97,0,9739.76,9739.76,0,-0.5154,-0.5154,0,PASS,PASS,PASS,PASS
ss_-40c_3.63v,ss,-40,3.63,1,0.33,0.001,42.81,42.81,0,10.59,10.59,0,304346,304346,0,-0.5499,-0.5499,0,FAIL,FAIL,PASS,PASS
ss_-40c_3.63v,ss,-40,3.63,1,0.33,0.05,44.56,44.56,0,11.6,11.6,0,304465,304465,0,-0.5451,-0.5451,0,FAIL,FAIL,PASS,PASS
ss_-40c_3.63v,ss,-40,3.63,1,0.33,0.2,49.75,49.75,0,15.18,15.18,0,306279,306279,0,-0.5375,-0.5375,0,PASS,PASS,PASS,PASS
ss_-40c_3.63v,ss,-40,3.63,1,0.33,0.5,59.3,59.3,0,19.62,19.62,0,316878,316878,0,-0.5132,-0.5132,0,PASS,PASS,PASS,PASS
ss_-40c_3.63v,ss,-40,3.63,1,1,0.001,68.75,68.75,0,20.32,20.32,0,111767,111767,0,-0.4368,-0.4368,0,PASS,PASS,PASS,PASS
ss_-40c_3.63v,ss,-40,3.63,1,1,0.05,70.71,70.71,0,23.72,23.72,0,111834,111834,0,-0.431,-0.431,0,PASS,PASS,PASS,PASS
ss_-40c_3.63v,ss,-40,3.63,1,1,0.2,76.65,76.65,0,29.28,29.28,0,112874,112874,0,-0.4426,-0.4426,0,PASS,PASS,PASS,PASS
ss_-40c_3.63v,ss,-40,3.63,1,1,0.5,88.36,88.36,0,24.87,24.87,0,119277,119277,0,-0.4162,-0.4162,0,PASS,PASS,PASS,PASS
ss_-40c_3.63v,ss,-40,3.63,1,4.7,0.001,56.94,56.94,0,34.38,34.38,0,24572,24572,0,-0.5416,-0.5416,0,PASS,PASS,PASS,PASS
ss_-40c_3.63v,ss,-40,3.63,1,4.7,0.05,59,58.99,-0.01,42.5,42.5,0,24584.7,24584.7,0,-0.5354,-0.5354,0,PASS,PASS,PASS,PASS
ss_-40c_3.63v,ss,-40,3.63,1,4.7,0.2,65.47,65.47,0,33.57,33.57,0,24781.8,24781.8,0,-0.5607,-0.5607,0,PASS,PASS,PASS,PASS
ss_-40c_3.63v,ss,-40,3.63,1,4.7,0.5,79.42,79.42,0,26.26,26.26,0,25984.2,25984.2,0,-0.4834,-0.4834,0,PASS,PASS,PASS,PASS
ss_-40c_3.63v,ss,-40,3.63,10,0.33,0.001,17.45,17.45,0,4.1,4.1,0,545406,545406,0,-0.716,-0.716,0,FAIL,FAIL,PASS,PASS
ss_-40c_3.63v,ss,-40,3.63,10,0.33,0.05,20.56,20.56,0,5.13,5.13,0,545972,545972,0,-0.7007,-0.7007,0,FAIL,FAIL,PASS,PASS
ss_-40c_3.63v,ss,-40,3.63,10,0.33,0.2,29.38,29.38,0,8.74,8.74,0,554672,554672,0,-0.7023,-0.7023,0,FAIL,FAIL,PASS,PASS
ss_-40c_3.63v,ss,-40,3.63,10,0.33,0.5,43.39,43.39,0,12.68,12.68,0,606995,606995,0,-0.576,-0.576,0,FAIL,FAIL,PASS,PASS
ss_-40c_3.63v,ss,-40,3.63,10,1,0.001,52.05,52.05,0,13.78,13.78,0,231583,231583,0,-0.5204,-0.5204,0,PASS,PASS,PASS,PASS
ss_-40c_3.63v,ss,-40,3.63,10,1,0.05,56.08,56.08,0,17.19,17.19,0,232114,232114,0,-0.4954,-0.4954,0,PASS,PASS,PASS,PASS
ss_-40c_3.63v,ss,-40,3.63,10,1,0.2,67.78,67.78,0,22.17,22.17,0,240597,240597,0,-0.4508,-0.4508,0,PASS,PASS,PASS,PASS
ss_-40c_3.63v,ss,-40,3.63,10,1,0.5,87.38,87.38,0,17.64,17.64,0,305983,305983,0,-0.3193,-0.3193,0,PASS,PASS,PASS,PASS
ss_-40c_3.63v,ss,-40,3.63,10,4.7,0.001,58.86,58.86,0,27.57,27.57,0,55559.2,55559.2,0,-0.5182,-0.5182,0,PASS,PASS,PASS,PASS
ss_-40c_3.63v,ss,-40,3.63,10,4.7,0.05,63.51,63.51,0,35.24,35.24,0,55719.8,55719.8,0,-0.4864,-0.4864,0,PASS,PASS,PASS,PASS
ss_-40c_3.63v,ss,-40,3.63,10,4.7,0.2,78.48,78.48,0,26.4,26.4,0,58349.2,58349.2,0,-0.436,-0.436,0,PASS,PASS,PASS,PASS
ss_-40c_3.63v,ss,-40,3.63,10,4.7,0.5,114.39,114.39,0,18.99,18.99,0,85825.7,85825.7,0,-0.1874,-0.1874,0,PASS,PASS,PASS,PASS
ss_-40c_3.63v,ss,-40,3.63,25,0.33,0.001,4.56,4.56,0,1.08,1.08,0,659623,659623,0,-0.7894,-0.7894,0,FAIL,FAIL,PASS,PASS
ss_-40c_3.63v,ss,-40,3.63,25,0.33,0.05,8.3,8.3,0,2.09,2.09,0,660518,660518,0,-0.7674,-0.7674,0,FAIL,FAIL,PASS,PASS
ss_-40c_3.63v,ss,-40,3.63,25,0.33,0.2,18.69,18.69,0,5.62,5.62,0,674400,674400,0,-0.7746,-0.7746,0,FAIL,FAIL,PASS,PASS
ss_-40c_3.63v,ss,-40,3.63,25,0.33,0.5,33.68,33.68,0,9.65,9.65,0,757216,757216,0,-0.6607,-0.6607,0,FAIL,FAIL,PASS,PASS
ss_-40c_3.63v,ss,-40,3.63,25,1,0.001,42.39,42.39,0,10.74,10.74,0,303607,303607,0,-0.562,-0.562,0,FAIL,FAIL,PASS,PASS
ss_-40c_3.63v,ss,-40,3.63,25,1,0.05,47.62,47.62,0,14.07,14.07,0,304714,304714,0,-0.581,-0.581,0,PASS,PASS,PASS,PASS
ss_-40c_3.63v,ss,-40,3.63,25,1,0.2,62.13,62.13,0,19.16,19.16,0,322737,322737,0,-0.5274,-0.5274,0,PASS,PASS,PASS,PASS
ss_-40c_3.63v,ss,-40,3.63,25,1,0.5,79.42,79.42,0,14.71,14.71,0,468762,468762,0,-0.3278,-0.3278,0,PASS,PASS,PASS,PASS
ss_-40c_3.63v,ss,-40,3.63,25,4.7,0.001,60.52,60.52,0,24.47,24.47,0,75163.6,75163.6,0,-0.4722,-0.4722,0,PASS,PASS,PASS,PASS
ss_-40c_3.63v,ss,-40,3.63,25,4.7,0.05,66.8,66.8,0,32.23,32.23,0,75578.2,75578.2,0,-0.4687,-0.4687,0,PASS,PASS,PASS,PASS
ss_-40c_3.63v,ss,-40,3.63,25,4.7,0.2,87.03,87.03,0,23.48,23.48,0,82867.4,82867.4,0,-0.3826,-0.3826,0,PASS,PASS,PASS,PASS
ss_-40c_3.63v,ss,-40,3.63,25,4.7,0.5,121.51,121.51,0,16.07,16.07,0,277503,277503,0,-0.1125,-0.1125,0,PASS,PASS,PASS,PASS
ss_-40c_3.63v,ss,-40,3.63,50,0.33,0.001,-4.59,-4.59,0,-1.08,-1.08,0,752357,752357,0,-0.8552,-0.8552,0,FAIL,FAIL,PASS,PASS
ss_-40c_3.63v,ss,-40,3.63,50,0.33,0.05,-0.33,-0.33,0,-0.08,-0.08,0,753581,753581,0,-0.8269,-0.8269,0,FAIL,FAIL,PASS,PASS
ss_-40c_3.63v,ss,-40,3.63,50,0.33,0.2,11.25,11.25,0,3.38,3.38,0,772817,772817,0,-0.7616,-0.7616,0,FAIL,FAIL,PASS,PASS
ss_-40c_3.63v,ss,-40,3.63,50,0.33,0.5,26.51,26.51,0,7.39,7.39,0,886137,886137,0,-0.6676,-0.6676,0,FAIL,FAIL,PASS,PASS
ss_-40c_3.63v,ss,-40,3.63,50,1,0.001,34.8,34.8,0,8.56,8.56,0,364692,364692,0,-0.6102,-0.6102,0,FAIL,FAIL,PASS,PASS
ss_-40c_3.63v,ss,-40,3.63,50,1,0.05,41.03,41.03,0,11.83,11.83,0,366488,366488,0,-0.6146,-0.6146,0,FAIL,FAIL,PASS,PASS
ss_-40c_3.63v,ss,-40,3.63,50,1,0.2,57.52,57.52,0,16.91,16.91,0,396187,396187,0,-0.5112,-0.5112,0,PASS,PASS,PASS,PASS
ss_-40c_3.63v,ss,-40,3.63,50,1,0.5,69.87,69.87,0,12.5,12.5,0,625198,625198,0,-0.3695,-0.3695,0,PASS,PASS,PASS,PASS
ss_-40c_3.63v,ss,-40,3.63,50,4.7,0.001,60.89,60.89,0,22.27,22.27,0,93481.6,93481.6,0,-0.4712,-0.4712,0,PASS,PASS,PASS,PASS
ss_-40c_3.63v,ss,-40,3.63,50,4.7,0.05,68.67,68.67,0,29.98,29.98,0,94295.5,94295.5,0,-0.4884,-0.4884,0,PASS,PASS,PASS,PASS
ss_-40c_3.63v,ss,-40,3.63,50,4.7,0.2,93.57,93.57,0,21.28,21.28,0,109950,109950,0,-0.3275,-0.3275,0,PASS,PASS,PASS,PASS
ss_-40c_3.63v,ss,-40,3.63,50,4.7,0.5,100,100,0,13.87,13.87,0,519951,519951,0,-0.2343,-0.2343,0,PASS,PASS,PASS,PASS
ss_125c_2.97v,ss,125,2.97,0,0.33,0.001,23.51,23.51,0,52.86,52.86,0,1876.68,1876.68,0,-0.7907,-0.7907,0,FAIL,FAIL,PASS,PASS
ss_125c_2.97v,ss,125,2.97,0,0.33,0.05,23.52,23.52,0,52.86,52.86,0,1876.68,1876.68,0,-0.7907,-0.7907,0,FAIL,FAIL,PASS,PASS
ss_125c_2.97v,ss,125,2.97,0,0.33,0.2,23.55,23.55,0,52.85,52.85,0,1876.68,1876.68,0,-0.7907,-0.7907,0,FAIL,FAIL,PASS,PASS
ss_125c_2.97v,ss,125,2.97,0,0.33,0.5,23.62,23.62,0,52.82,52.82,0,1876.68,1876.68,0,-0.7907,-0.7907,0,FAIL,FAIL,PASS,PASS
ss_125c_2.97v,ss,125,2.97,0,1,0.001,13.71,13.71,0,52.85,52.85,0,1046.34,1046.34,0,-0.8857,-0.8857,0,FAIL,FAIL,PASS,PASS
ss_125c_2.97v,ss,125,2.97,0,1,0.05,13.73,13.73,0,52.84,52.84,0,1046.34,1046.34,0,-0.8857,-0.8857,0,FAIL,FAIL,PASS,PASS
ss_125c_2.97v,ss,125,2.97,0,1,0.2,13.79,13.79,0,52.83,52.83,0,1046.34,1046.34,0,-0.8857,-0.8857,0,FAIL,FAIL,PASS,PASS
ss_125c_2.97v,ss,125,2.97,0,1,0.5,13.9,13.9,0,52.8,52.8,0,1046.34,1046.34,0,-0.8856,-0.8856,0,FAIL,FAIL,PASS,PASS
ss_125c_2.97v,ss,125,2.97,0,4.7,0.001,6.51,6.51,0,52.84,52.84,0,477.08,477.08,0,-0.8508,-0.8508,0,FAIL,FAIL,PASS,PASS
ss_125c_2.97v,ss,125,2.97,0,4.7,0.05,6.54,6.54,0,52.84,52.84,0,477.079,477.079,0,-0.8508,-0.8508,0,FAIL,FAIL,PASS,PASS
ss_125c_2.97v,ss,125,2.97,0,4.7,0.2,6.67,6.67,0,52.82,52.82,0,477.08,477.08,0,-0.8508,-0.8508,0,FAIL,FAIL,PASS,PASS
ss_125c_2.97v,ss,125,2.97,0,4.7,0.5,6.91,6.91,0,52.8,52.8,0,477.085,477.085,0,-0.8506,-0.8506,0,FAIL,FAIL,PASS,PASS
ss_125c_2.97v,ss,125,2.97,0.1,0.33,0.001,68.73,68.73,0,23.41,23.41,0,51511.2,51511.2,0,-0.4545,-0.4545,0,PASS,PASS,PASS,PASS
ss_125c_2.97v,ss,125,2.97,0.1,0.33,0.05,69.03,69.03,0,24.18,24.18,0,51511.9,51511.9,0,-0.4543,-0.4543,0,PASS,PASS,PASS,PASS
ss_125c_2.97v,ss,125,2.97,0.1,0.33,0.2,69.94,69.94,0,27.01,27.01,0,51523,51523,0,-0.4523,-0.4523,0,PASS,PASS,PASS,PASS
ss_125c_2.97v,ss,125,2.97,0.1,0.33,0.5,71.76,71.76,0,35.08,35.08,0,51585.9,51585.9,0,-0.4408,-0.4408,0,PASS,PASS,PASS,PASS
ss_125c_2.97v,ss,125,2.97,0.1,1,0.001,68.32,68.32,0,33.45,33.45,0,16105.3,16105.3,0,-0.4808,-0.4808,0,PASS,PASS,PASS,PASS
ss_125c_2.97v,ss,125,2.97,0.1,1,0.05,68.6,68.6,0,36.37,36.37,0,16105.5,16105.5,0,-0.4807,-0.4807,0,PASS,PASS,PASS,PASS
ss_125c_2.97v,ss,125,2.97,0.1,1,0.2,69.47,69.47,0,49.23,49.23,0,16108.4,16108.4,0,-0.4789,-0.4789,0,PASS,PASS,PASS,PASS
ss_125c_2.97v,ss,125,2.97,0.1,1,0.5,71.23,71.23,0,44.62,44.62,0,16124.7,16124.7,0,-0.4686,-0.4686,0,PASS,PASS,PASS,PASS
ss_125c_2.97v,ss,125,2.97,0.1,4.7,0.001,38.5,38.5,0,53.61,53.61,0,4943.13,4943.13,0,-0.7488,-0.7488,0,FAIL,FAIL,PASS,PASS
ss_125c_2.97v,ss,125,2.97,0.1,4.7,0.05,38.91,38.91,0,52.96,52.96,0,4943.21,4943.21,0,-0.7485,-0.7485,0,FAIL,FAIL,PASS,PASS
ss_125c_2.97v,ss,125,2.97,0.1,4.7,0.2,40.17,40.17,0,50.42,50.42,0,4944.43,4944.43,0,-0.7447,-0.7447,0,FAIL,FAIL,PASS,PASS
ss_125c_2.97v,ss,125,2.97,0.1,4.7,0.5,42.71,42.71,0,45.67,45.67,0,4951.28,4951.28,0,-0.7232,-0.7232,0,FAIL,FAIL,PASS,PASS
ss_125c_2.97v,ss,125,2.97,1,0.33,0.001,61.33,61.33,0,13.29,13.29,0,154164,154164,0,-0.4531,-0.4531,0,PASS,PASS,PASS,PASS
ss_125c_2.97v,ss,125,2.97,1,0.33,0.05,62.22,62.22,0,13.86,13.86,0,154182,154182,0,-0.452,-0.452,0,PASS,PASS,PASS,PASS
ss_125c_2.97v,ss,125,2.97,1,0.33,0.2,64.93,64.93,0,15.66,15.66,0,154467,154467,0,-0.4852,-0.4852,0,PASS,PASS,PASS,PASS
ss_125c_2.97v,ss,125,2.97,1,0.33,0.5,70.19,70.19,0,18.57,18.57,0,156106,156106,0,-0.4333,-0.4333,0,PASS,PASS,PASS,PASS
ss_125c_2.97v,ss,125,2.97,1,1,0.001,70.75,70.75,0,23.02,23.02,0,49185.7,49185.7,0,-0.4438,-0.4438,0,PASS,PASS,PASS,PASS
ss_125c_2.97v,ss,125,2.97,1,1,0.05,71.62,71.62,0,24.81,24.81,0,49191.2,49191.2,0,-0.4428,-0.4428,0,PASS,PASS,PASS,PASS
ss_125c_2.97v,ss,125,2.97,1,1,0.2,74.29,74.29,0,28.73,28.73,0,49281.4,49281.4,0,-0.4258,-0.4258,0,PASS,PASS,PASS,PASS
ss_125c_2.97v,ss,125,2.97,1,1,0.5,79.72,79.72,0,26.43,26.43,0,49803,49803,0,-0.4238,-0.4238,0,PASS,PASS,PASS,PASS
ss_125c_2.97v,ss,125,2.97,1,4.7,0.001,40.55,40.55,0,37.1,37.1,0,13779.8,13779.8,0,-0.7265,-0.7265,0,FAIL,FAIL,PASS,PASS
ss_125c_2.97v,ss,125,2.97,1,4.7,0.05,41.7,41.7,0,42.55,42.55,0,13781.5,13781.5,0,-0.7246,-0.7246,0,FAIL,FAIL,PASS,PASS
ss_125c_2.97v,ss,125,2.97,1,4.7,0.2,45.26,45.26,0,35.54,35.54,0,13808.4,13808.4,0,-0.695,-0.695,0,PASS,PASS,PASS,PASS
ss_125c_2.97v,ss,125,2.97,1,4.7,0.5,52.58,52.58,0,28.66,28.66,0,13962.2,13962.2,0,-0.6816,-0.6816,0,PASS,PASS,PASS,PASS
ss_125c_2.97v,ss,125,2.97,10,0.33,0.001,38.73,38.73,0,6.46,6.46,0,328913,328913,0,-0.5046,-0.5046,0,FAIL,FAIL,PASS,PASS
ss_125c_2.97v,ss,125,2.97,10,0.33,0.05,40.62,40.62,0,6.98,6.98,0,329079,329079,0,-0.4992,-0.4992,0,FAIL,FAIL,PASS,PASS
ss_125c_2.97v,ss,125,2.97,10,0.33,0.2,46.13,46.13,0,8.6,8.6,0,331707,331707,0,-0.471,-0.471,0,FAIL,FAIL,PASS,PASS
ss_125c_2.97v,ss,125,2.97,10,0.33,0.5,55.91,55.91,0,10.81,10.81,0,347577,347577,0,-0.4274,-0.4274,0,PASS,PASS,PASS,PASS
ss_125c_2.97v,ss,125,2.97,10,1,0.001,61.72,61.72,0,16.12,16.12,0,113738,113738,0,-0.4497,-0.4497,0,PASS,PASS,PASS,PASS
ss_125c_2.97v,ss,125,2.97,10,1,0.05,63.72,63.72,0,17.73,17.73,0,113801,113801,0,-0.4441,-0.4441,0,PASS,PASS,PASS,PASS
ss_125c_2.97v,ss,125,2.97,10,1,0.2,69.85,69.85,0,20.64,20.64,0,114840,114840,0,-0.4566,-0.4566,0,PASS,PASS,PASS,PASS
ss_125c_2.97v,ss,125,2.97,10,1,0.5,82.24,82.24,0,17.92,17.92,0,121323,121323,0,-0.426,-0.426,0,PASS,PASS,PASS,PASS
ss_125c_2.97v,ss,125,2.97,10,4.7,0.001,44.39,44.39,0,29.79,29.79,0,30775.9,30775.9,0,-0.6227,-0.6227,0,FAIL,FAIL,PASS,PASS
ss_125c_2.97v,ss,125,2.97,10,4.7,0.05,46.96,46.96,0,34.05,34.05,0,30796.6,30796.6,0,-0.6134,-0.6134,0,PASS,PASS,PASS,PASS
ss_125c_2.97v,ss,125,2.97,10,4.7,0.2,55.05,55.05,0,27.15,27.15,0,31127.4,31127.4,0,-0.607,-0.607,0,PASS,PASS,PASS,PASS
ss_125c_2.97v,ss,125,2.97,10,4.7,0.5,72.34,72.34,0,20.08,20.08,0,33177.6,33177.6,0,-0.5142,-0.5142,0,PASS,PASS,PASS,PASS
ss_125c_2.97v,ss,125,2.97,25,0.33,0.001,22.95,22.95,0,3.69,3.69,0,422032,422032,0,-0.5515,-0.5515,0,FAIL,FAIL,PASS,PASS
ss_125c_2.97v,ss,125,2.97,25,0.33,0.05,25.35,25.35,0,4.21,4.21,0,422341,422341,0,-0.5427,-0.5427,0,FAIL,FAIL,PASS,PASS
ss_125c_2.97v,ss,125,2.97,25,0.33,0.2,32.15,32.15,0,5.83,5.83,0,427276,427276,0,-0.5318,-0.5318,0,FAIL,FAIL,PASS,PASS
ss_125c_2.97v,ss,125,2.97,25,0.33,0.5,42.98,42.98,0,8.12,8.12,0,457336,457336,0,-0.4949,-0.4949,0,FAIL,FAIL,PASS,PASS
ss_125c_2.97v,ss,125,2.97,25,1,0.001,57.28,57.28,0,13.32,13.32,0,152715,152715,0,-0.4944,-0.4944,0,PASS,PASS,PASS,PASS
ss_125c_2.97v,ss,125,2.97,25,1,0.05,59.96,59.96,0,14.94,14.94,0,152864,152864,0,-0.4843,-0.4843,0,PASS,PASS,PASS,PASS
ss_125c_2.97v,ss,125,2.97,25,1,0.2,68.05,68.05,0,17.98,17.98,0,155393,155393,0,-0.4749,-0.4749,0,PASS,PASS,PASS,PASS
ss_125c_2.97v,ss,125,2.97,25,1,0.5,83.91,83.91,0,15.35,15.35,0,172508,172508,0,-0.3753,-0.3753,0,PASS,PASS,PASS,PASS
ss_125c_2.97v,ss,125,2.97,25,4.7,0.001,47.87,47.87,0,26.96,26.96,0,39608.1,39608.1,0,-0.5966,-0.5966,0,PASS,PASS,PASS,PASS
ss_125c_2.97v,ss,125,2.97,25,4.7,0.05,51.18,51.18,0,31.41,31.41,0,39654.2,39654.2,0,-0.5814,-0.5814,0,PASS,PASS,PASS,PASS
ss_125c_2.97v,ss,125,2.97,25,4.7,0.2,61.67,61.67,0,24.61,24.61,0,40412.3,40412.3,0,-0.5993,-0.5993,0,PASS,PASS,PASS,PASS
ss_125c_2.97v,ss,125,2.97,25,4.7,0.5,84.71,84.71,0,17.52,17.52,0,45566.5,45566.5,0,-0.409,-0.409,0,PASS,PASS,PASS,PASS
ss_125c_2.97v,ss,125,2.97,50,0.33,0.001,11.18,11.18,0,1.76,1.76,0,494997,494997,0,-0.6355,-0.6355,0,FAIL,FAIL,PASS,PASS
ss_125c_2.97v,ss,125,2.97,50,0.33,0.05,13.99,13.99,0,2.28,2.28,0,495420,495420,0,-0.6241,-0.6241,0,FAIL,FAIL,PASS,PASS
ss_125c_2.97v,ss,125,2.97,50,0.33,0.2,21.72,21.72,0,3.89,3.89,0,502511,502511,0,-0.5797,-0.5797,0,FAIL,FAIL,PASS,PASS
ss_125c_2.97v,ss,125,2.97,50,0.33,0.5,32.92,32.92,0,6.17,6.17,0,545507,545507,0,-0.5777,-0.5777,0,FAIL,FAIL,PASS,PASS
ss_125c_2.97v,ss,125,2.97,50,1,0.001,53.37,53.37,0,11.38,11.38,0,187038,187038,0,-0.4857,-0.4857,0,PASS,PASS,PASS,PASS
ss_125c_2.97v,ss,125,2.97,50,1,0.05,56.64,56.64,0,12.97,12.97,0,187302,187302,0,-0.4711,-0.4711,0,PASS,PASS,PASS,PASS
ss_125c_2.97v,ss,125,2.97,50,1,0.2,66.34,66.34,0,16.01,16.01,0,191955,191955,0,-0.4341,-0.4341,0,PASS,PASS,PASS,PASS
ss_125c_2.97v,ss,125,2.97,50,1,0.5,84.25,84.25,0,13.41,13.41,0,226621,226621,0,-0.3173,-0.3173,0,PASS,PASS,PASS,PASS
ss_125c_2.97v,ss,125,2.97,50,4.7,0.001,50.51,50.51,0,24.98,24.98,0,47084.5,47084.5,0,-0.5678,-0.5678,0,PASS,PASS,PASS,PASS
ss_125c_2.97v,ss,125,2.97,50,4.7,0.05,54.44,54.44,0,29.43,29.43,0,47162.9,47162.9,0,-0.5469,-0.5469,0,PASS,PASS,PASS,PASS
ss_125c_2.97v,ss,125,2.97,50,4.7,0.2,66.98,66.98,0,22.67,22.67,0,48508.3,48508.3,0,-0.5168,-0.5168,0,PASS,PASS,PASS,PASS
ss_125c_2.97v,ss,125,2.97,50,4.7,0.5,95.23,95.23,0,15.58,15.58,0,58835.4,58835.4,0,-0.3462,-0.3462,0,PASS,PASS,PASS,PASS
ss_125c_3.30v,ss,125,3.3,0,0.33,0.001,24.85,24.85,0,52.79,52.79,0,2000.28,2000.28,0,-0.7754,-0.7754,0,FAIL,FAIL,PASS,PASS
ss_125c_3.30v,ss,125,3.3,0,0.33,0.05,24.87,24.87,0,52.79,52.79,0,2000.28,2000.28,0,-0.7754,-0.7754,0,FAIL,FAIL,PASS,PASS
ss_125c_3.30v,ss,125,3.3,0,0.33,0.2,24.9,24.9,0,52.78,52.78,0,2000.28,2000.28,0,-0.7754,-0.7754,0,FAIL,FAIL,PASS,PASS
ss_125c_3.30v,ss,125,3.3,0,0.33,0.5,24.97,24.97,0,52.76,52.76,0,2000.28,2000.28,0,-0.7754,-0.7754,0,FAIL,FAIL,PASS,PASS
ss_125c_3.30v,ss,125,3.3,0,1,0.001,14.52,14.52,0,52.78,52.78,0,1111.19,1111.19,0,-0.8394,-0.8394,0,FAIL,FAIL,PASS,PASS
ss_125c_3.30v,ss,125,3.3,0,1,0.05,14.54,14.54,0,52.78,52.78,0,1111.19,1111.19,0,-0.8394,-0.8394,0,FAIL,FAIL,PASS,PASS
ss_125c_3.30v,ss,125,3.3,0,1,0.2,14.6,14.6,0,52.77,52.77,0,1111.19,1111.19,0,-0.8393,-0.8394,-0.0001,FAIL,FAIL,PASS,PASS
ss_125c_3.30v,ss,125,3.3,0,1,0.5,14.72,14.72,0,52.74,52.74,0,1111.2,1111.2,0,-0.8393,-0.8393,0,FAIL,FAIL,PASS,PASS
ss_125c_3.30v,ss,125,3.3,0,4.7,0.001,6.91,6.91,0,52.77,52.77,0,505.93,505.93,0,-0.9295,-0.9295,0,FAIL,FAIL,PASS,PASS
ss_125c_3.30v,ss,125,3.3,0,4.7,0.05,6.95,6.95,0,52.77,52.77,0,505.93,505.93,0,-0.9295,-0.9295,0,FAIL,FAIL,PASS,PASS
ss_125c_3.30v,ss,125,3.3,0,4.7,0.2,7.08,7.08,0,52.76,52.76,0,505.931,505.931,0,-0.9295,-0.9295,0,FAIL,FAIL,PASS,PASS
ss_125c_3.30v,ss,125,3.3,0,4.7,0.5,7.34,7.34,0,52.74,52.74,0,505.937,505.937,0,-0.9293,-0.9293,0,FAIL,FAIL,PASS,PASS
ss_125c_3.30v,ss,125,3.3,0.1,0.33,0.001,65.34,65.81,0.47,23.13,23.22,0.09,59641.5,60379.7,1.23773,-0.4594,-0.4505,0.0089,PASS,PASS,PASS,PASS
ss_125c_3.30v,ss,125,3.3,0.1,0.33,0.05,65.68,65.68,0,24.01,24.01,0,59642.5,59642.5,0,-0.4593,-0.4593,0,PASS,PASS,PASS,PASS
ss_125c_3.30v,ss,125,3.3,0.1,0.33,0.2,66.74,67.24,0.5,27.35,27.51,0.16,59658.9,60397.8,1.23854,-0.4565,-0.4475,0.009,PASS,PASS,PASS,PASS
ss_125c_3.30v,ss,125,3.3,0.1,0.33,0.5,68.83,68.83,0,37.1,37.1,0,59751.1,59751.1,0,-0.4939,-0.4939,0,PASS,PASS,PASS,PASS
ss_125c_3.30v,ss,125,3.3,0.1,1,0.001,70.88,71.36,0.48,33.16,33.27,0.11,18649.2,18793.1,0.771615,-0.4354,-0.4662,-0.0308,PASS,PASS,PASS,PASS
ss_125c_3.30v,ss,125,3.3,0.1,1,0.05,71.21,71.21,0,36.57,36.57,0,18649.5,18649.5,0,-0.4352,-0.4352,0,PASS,PASS,PASS,PASS
ss_125c_3.30v,ss,125,3.3,0.1,1,0.2,72.22,72.71,0.49,49.8,49.04,-0.76,18654.2,18798.2,0.771944,-0.4328,-0.4636,-0.0308,PASS,PASS,PASS,PASS
ss_125c_3.30v,ss,125,3.3,0.1,1,0.5,74.25,74.25,0,44.88,44.88,0,18680.9,18680.9,0,-0.4683,-0.4683,0,PASS,PASS,PASS,PASS
ss_125c_3.30v,ss,125,3.3,0.1,4.7,0.001,41.84,42.2,0.36,53.5,53.61,0.11,5383.57,5395.94,0.229773,-0.6574,-0.7006,-0.0432,FAIL,FAIL,PASS,PASS
ss_125c_3.30v,ss,125,3.3,0.1,4.7,0.05,42.29,42.29,0,52.9,52.9,0,5383.67,5383.67,0,-0.6571,-0.6571,0,FAIL,FAIL,PASS,PASS
ss_125c_3.30v,ss,125,3.3,0.1,4.7,0.2,43.66,44.03,0.37,50.49,50.09,-0.4,5385.31,5397.69,0.229885,-0.6526,-0.6958,-0.0432,FAIL,FAIL,PASS,PASS
ss_125c_3.30v,ss,125,3.3,0.1,4.7,0.5,46.44,46.44,0,45.77,45.77,0,5394.53,5394.53,0,-0.7029,-0.7029,0,PASS,PASS,PASS,PASS
ss_125c_3.30v,ss,125,3.3,1,0.33,0.001,57.36,57.36,0,12.95,12.95,0,178884,178884,0,-0.4841,-0.4841,0,PASS,PASS,PASS,PASS
ss_125c_3.30v,ss,125,3.3,1,0.33,0.05,58.39,58.39,0,13.62,13.62,0,178912,178912,0,-0.4824,-0.4824,0,PASS,PASS,PASS,PASS
ss_125c_3.30v,ss,125,3.3,1,0.33,0.2,61.52,61.52,0,15.79,15.79,0,179341,179341,0,-0.4578,-0.4578,0,PASS,PASS,PASS,PASS
ss_125c_3.30v,ss,125,3.3,1,0.33,0.5,67.54,67.54,0,19.29,19.29,0,181801,181801,0,-0.4795,-0.4795,0,PASS,PASS,PASS,PASS
ss_125c_3.30v,ss,125,3.3,1,1,0.001,72.24,72.24,0,22.69,22.69,0,58361.4,58361.4,0,-0.4031,-0.4031,0,PASS,PASS,PASS,PASS
ss_125c_3.30v,ss,125,3.3,1,1,0.05,73.27,73.27,0,24.83,24.83,0,58371.2,58371.2,0,-0.4016,-0.4016,0,PASS,PASS,PASS,PASS
ss_125c_3.30v,ss,125,3.3,1,1,0.2,76.43,76.43,0,29.46,29.46,0,58525.8,58525.8,0,-0.4246,-0.4246,0,PASS,PASS,PASS,PASS
ss_125c_3.30v,ss,125,3.3,1,1,0.5,82.83,82.83,0,26.68,26.68,0,59424.6,59424.6,0,-0.4271,-0.4271,0,PASS,PASS,PASS,PASS
ss_125c_3.30v,ss,125,3.3,1,4.7,0.001,44.56,44.56,0,36.8,36.8,0,15093.5,15093.5,0,-0.6308,-0.6308,0,FAIL,FAIL,PASS,PASS
ss_125c_3.30v,ss,125,3.3,1,4.7,0.05,45.82,45.82,0,43.23,43.23,0,15095.9,15095.9,0,-0.702,-0.702,0,PASS,PASS,PASS,PASS
ss_125c_3.30v,ss,125,3.3,1,4.7,0.2,49.72,49.72,0,35.65,35.65,0,15133,15133,0,-0.6663,-0.6663,0,PASS,PASS,PASS,PASS
ss_125c_3.30v,ss,125,3.3,1,4.7,0.5,57.81,57.81,0,28.66,28.66,0,15347,15347,0,-0.6122,-0.6122,0,PASS,PASS,PASS,PASS
ss_125c_3.30v,ss,125,3.3,10,0.33,0.001,36.03,36.03,0,6.38,6.38,0,366128,366128,0,-0.4954,-0.4954,0,FAIL,FAIL,PASS,PASS
ss_125c_3.30v,ss,125,3.3,10,0.33,0.05,38.13,38.13,0,7,7,0,366351,366351,0,-0.5471,-0.5471,0,FAIL,FAIL,PASS,PASS
ss_125c_3.30v,ss,125,3.3,10,0.33,0.2,44.22,44.22,0,8.93,8.93,0,369812,369812,0,-0.5015,-0.5015,0,FAIL,FAIL,PASS,PASS
ss_125c_3.30v,ss,125,3.3,10,0.33,0.5,54.8,54.8,0,11.47,11.47,0,390793,390793,0,-0.4789,-0.4789,0,PASS,PASS,PASS,PASS
ss_125c_3.30v,ss,125,3.3,10,1,0.001,61.68,61.68,0,16.04,16.04,0,129427,129427,0,-0.478,-0.478,0,PASS,PASS,PASS,PASS
ss_125c_3.30v,ss,125,3.3,10,1,0.05,63.95,63.95,0,17.96,17.96,0,129522,129522,0,-0.4705,-0.4705,0,PASS,PASS,PASS,PASS
ss_125c_3.30v,ss,125,3.3,10,1,0.2,70.89,70.89,0,21.25,21.25,0,131073,131073,0,-0.4551,-0.4551,0,PASS,PASS,PASS,PASS
ss_125c_3.30v,ss,125,3.3,10,1,0.5,84.83,84.83,0,18.07,18.07,0,140995,140995,0,-0.404,-0.404,0,PASS,PASS,PASS,PASS
ss_125c_3.30v,ss,125,3.3,10,4.7,0.001,47.11,47.11,0,29.76,29.76,0,33825.8,33825.8,0,-0.6392,-0.6392,0,PASS,PASS,PASS,PASS
ss_125c_3.30v,ss,125,3.3,10,4.7,0.05,49.93,49.93,0,34.59,34.59,0,33854.7,33854.7,0,-0.6277,-0.6277,0,PASS,PASS,PASS,PASS
ss_125c_3.30v,ss,125,3.3,10,4.7,0.2,58.86,58.86,0,27.15,27.15,0,34314.8,34314.8,0,-0.5841,-0.5841,0,PASS,PASS,PASS,PASS
ss_125c_3.30v,ss,125,3.3,10,4.7,0.5,78.22,78.22,0,19.99,19.99,0,37251.9,37251.9,0,-0.4633,-0.4633,0,PASS,PASS,PASS,PASS
ss_125c_3.30v,ss,125,3.3,25,0.33,0.001,20.76,20.76,0,3.61,3.61,0,461885,461885,0,-0.6066,-0.6066,0,FAIL,FAIL,PASS,PASS
ss_125c_3.30v,ss,125,3.3,25,0.33,0.05,23.39,23.39,0,4.22,4.22,0,462274,462274,0,-0.5959,-0.5959,0,FAIL,FAIL,PASS,PASS
ss_125c_3.30v,ss,125,3.3,25,0.33,0.2,30.8,30.8,0,6.17,6.17,0,468407,468407,0,-0.565,-0.565,0,FAIL,FAIL,PASS,PASS
ss_125c_3.30v,ss,125,3.3,25,0.33,0.5,42.42,42.42,0,8.8,8.8,0,505680,505680,0,-0.5518,-0.5518,0,FAIL,FAIL,PASS,PASS
ss_125c_3.30v,ss,125,3.3,25,1,0.001,56.29,56.29,0,13.25,13.25,0,173155,173155,0,-0.4559,-0.4559,0,PASS,PASS,PASS,PASS
ss_125c_3.30v,ss,125,3.3,25,1,0.05,59.32,59.32,0,15.17,15.17,0,173381,173381,0,-0.4954,-0.4954,0,PASS,PASS,PASS,PASS
ss_125c_3.30v,ss,125,3.3,25,1,0.2,68.41,68.41,0,18.61,18.61,0,177089,177089,0,-0.4397,-0.4397,0,PASS,PASS,PASS,PASS
ss_125c_3.30v,ss,125,3.3,25,1,0.5,85.83,85.83,0,15.51,15.51,0,203295,203295,0,-0.3345,-0.3345,0,PASS,PASS,PASS,PASS
ss_125c_3.30v,ss,125,3.3,25,4.7,0.001,50.3,50.3,0,26.91,26.91,0,43864.8,43864.8,0,-0.5928,-0.5928,0,PASS,PASS,PASS,PASS
ss_125c_3.30v,ss,125,3.3,25,4.7,0.05,53.97,53.97,0,31.97,31.97,0,43931.2,43931.2,0,-0.5737,-0.5737,0,PASS,PASS,PASS,PASS
ss_125c_3.30v,ss,125,3.3,25,4.7,0.2,65.65,65.65,0,24.63,24.63,0,45014.3,45014.3,0,-0.5263,-0.5263,0,PASS,PASS,PASS,PASS
ss_125c_3.30v,ss,125,3.3,25,4.7,0.5,91.79,91.79,0,17.45,17.45,0,52874.1,52874.1,0,-0.3614,-0.3614,0,PASS,PASS,PASS,PASS
ss_125c_3.30v,ss,125,3.3,50,0.33,0.001,9.42,9.42,0,1.61,1.61,0,538491,538491,0,-0.6232,-0.6232,0,FAIL,FAIL,PASS,PASS
ss_125c_3.30v,ss,125,3.3,50,0.33,0.05,12.47,12.47,0,2.22,2.22,0,539033,539033,0,-0.6835,-0.6835,0,FAIL,FAIL,PASS,PASS
ss_125c_3.30v,ss,125,3.3,50,0.33,0.2,20.87,20.87,0,4.14,4.14,0,547767,547767,0,-0.6109,-0.6109,0,FAIL,FAIL,PASS,PASS
ss_125c_3.30v,ss,125,3.3,50,0.33,0.5,32.87,32.87,0,6.76,6.76,0,600426,600426,0,-0.5566,-0.5566,0,FAIL,FAIL,PASS,PASS
ss_125c_3.30v,ss,125,3.3,50,1,0.001,51.63,51.63,0,11.24,11.24,0,212241,212241,0,-0.4976,-0.4976,0,PASS,PASS,PASS,PASS
ss_125c_3.30v,ss,125,3.3,50,1,0.05,55.33,55.33,0,13.13,13.13,0,212645,212645,0,-0.4778,-0.4778,0,PASS,PASS,PASS,PASS
ss_125c_3.30v,ss,125,3.3,50,1,0.2,66.17,66.17,0,16.56,16.56,0,219462,219462,0,-0.474,-0.474,0,PASS,PASS,PASS,PASS
ss_125c_3.30v,ss,125,3.3,50,1,0.5,85.05,85.05,0,13.5,13.5,0,273254,273254,0,-0.3143,-0.3143,0,PASS,PASS,PASS,PASS
ss_125c_3.30v,ss,125,3.3,50,4.7,0.001,52.75,52.75,0,24.87,24.87,0,52594.5,52594.5,0,-0.5349,-0.5349,0,PASS,PASS,PASS,PASS
ss_125c_3.30v,ss,125,3.3,50,4.7,0.05,57.15,57.15,0,29.92,29.92,0,52712.5,52712.5,0,-0.5692,-0.5692,0,PASS,PASS,PASS,PASS
ss_125c_3.30v,ss,125,3.3,50,4.7,0.2,71.23,71.23,0,22.63,22.63,0,54699.5,54699.5,0,-0.4963,-0.4963,0,PASS,PASS,PASS,PASS
ss_125c_3.30v,ss,125,3.3,50,4.7,0.5,103.79,103.79,0,15.44,15.44,0,71995.5,71995.5,0,-0.2731,-0.2731,0,PASS,PASS,PASS,PASS
ss_125c_3.63v,ss,125,3.63,0,0.33,0.001,26.13,26.16,0.03,52.75,52.75,0,2115.67,2115.9,0.0108713,-0.7906,-0.7888,0.0018,FAIL,FAIL,PASS,PASS
ss_125c_3.63v,ss,125,3.63,0,0.33,0.05,26.14,26.17,0.03,52.75,52.75,0,2115.67,2115.9,0.0108713,-0.7906,-0.7888,0.0018,FAIL,FAIL,PASS,PASS
ss_125c_3.63v,ss,125,3.63,0,0.33,0.2,26.18,26.21,0.03,52.74,52.74,0,2115.67,2115.9,0.0108713,-0.7906,-0.7888,0.0018,FAIL,FAIL,PASS,PASS
ss_125c_3.63v,ss,125,3.63,0,0.33,0.5,26.25,26.28,0.03,52.72,52.72,0,2115.67,2115.9,0.0108713,-0.7906,-0.7888,0.0018,FAIL,FAIL,PASS,PASS
ss_125c_3.63v,ss,125,3.63,0,1,0.001,15.32,15.34,0.02,52.74,52.74,0,1171.08,1171.12,0.00341565,-0.825,-0.8243,0.0007,FAIL,FAIL,PASS,PASS
ss_125c_3.63v,ss,125,3.63,0,1,0.05,15.34,15.36,0.02,52.73,52.74,0.01,1171.08,1171.12,0.00341565,-0.825,-0.8243,0.0007,FAIL,FAIL,PASS,PASS
ss_125c_3.63v,ss,125,3.63,0,1,0.2,15.41,15.42,0.01,52.72,52.73,0.01,1171.08,1171.12,0.00341565,-0.825,-0.8243,0.0007,FAIL,FAIL,PASS,PASS
ss_125c_3.63v,ss,125,3.63,0,1,0.5,15.53,15.55,0.02,52.7,52.71,0.01,1171.08,1171.12,0.00341565,-0.8249,-0.8243,0.0006,FAIL,FAIL,PASS,PASS
ss_125c_3.63v,ss,125,3.63,0,4.7,0.001,7.37,7.38,0.01,52.73,52.74,0.01,532.446,532.45,0.00075125,-0.8421,-0.842,0.0001,FAIL,FAIL,PASS,PASS
ss_125c_3.63v,ss,125,3.63,0,4.7,0.05,7.42,7.42,0,52.73,52.73,0,532.446,532.45,0.00075125,-0.8421,-0.842,0.0001,FAIL,FAIL,PASS,PASS
ss_125c_3.63v,ss,125,3.63,0,4.7,0.2,7.55,7.56,0.01,52.72,52.72,0,532.447,532.451,0.000751248,-0.8421,-0.842,0.0001,FAIL,FAIL,PASS,PASS
ss_125c_3.63v,ss,125,3.63,0,4.7,0.5,7.82,7.83,0.01,52.7,52.7,0,532.454,532.458,0.000751239,-0.8419,-0.8417,0.0002,FAIL,FAIL,PASS,PASS
ss_125c_3.63v,ss,125,3.63,0.1,0.33,0.001,61.91,62.35,0.44,22.87,22.96,0.09,67227.1,68061.2,1.24072,-0.4996,-0.4898,0.0098,PASS,PASS,PASS,PASS
ss_125c_3.63v,ss,125,3.63,0.1,0.33,0.05,62.3,62.75,0.45,23.85,23.97,0.12,67228.5,68062.7,1.24084,-0.4994,-0.4896,0.0098,PASS,PASS,PASS,PASS
ss_125c_3.63v,ss,125,3.63,0.1,0.33,0.2,63.49,63.49,0,27.74,27.74,0,67250.6,67250.6,0,-0.4959,-0.4959,0,PASS,PASS,PASS,PASS
ss_125c_3.63v,ss,125,3.63,0.1,0.33,0.5,65.84,66.33,0.49,38.86,38.49,-0.37,67375.4,68215.6,1.24704,-0.4764,-0.5218,-0.0454,PASS,PASS,PASS,PASS
ss_125c_3.63v,ss,125,3.63,0.1,1,0.001,72.54,73,0.46,32.89,33.01,0.12,21352.8,21526.6,0.813945,-0.444,-0.4226,0.0214,PASS,PASS,PASS,PASS
ss_125c_3.63v,ss,125,3.63,0.1,1,0.05,72.92,73.39,0.47,36.81,37.03,0.22,21353.3,21527.1,0.813926,-0.4438,-0.4224,0.0214,PASS,PASS,PASS,PASS
ss_125c_3.63v,ss,125,3.63,0.1,1,0.2,74.08,74.08,0,50.12,50.12,0,21360.6,21360.6,0,-0.4405,-0.4405,0,PASS,PASS,PASS,PASS
ss_125c_3.63v,ss,125,3.63,0.1,1,0.5,76.4,76.89,0.49,45.1,44.5,-0.6,21402.3,21577.6,0.819071,-0.4224,-0.4483,-0.0259,PASS,PASS,PASS,PASS
ss_125c_3.63v,ss,125,3.63,0.1,4.7,0.001,44.95,45.32,0.37,53.42,53.55,0.13,5826.03,5841.22,0.260726,-0.6531,-0.6906,-0.0375,FAIL,PASS,PASS,PASS
ss_125c_3.63v,ss,125,3.63,0.1,4.7,0.05,45.44,45.81,0.37,52.85,52.86,0.01,5826.17,5841.36,0.26072,-0.6528,-0.6903,-0.0375,PASS,PASS,PASS,PASS
ss_125c_3.63v,ss,125,3.63,0.1,4.7,0.2,46.93,46.93,0,50.56,50.56,0,5828.33,5828.33,0,-0.6475,-0.6475,0,PASS,PASS,PASS,PASS
ss_125c_3.63v,ss,125,3.63,0.1,4.7,0.5,49.94,50.33,0.39,45.87,45.33,-0.54,5840.51,5855.82,0.262135,-0.6904,-0.6549,0.0355,PASS,PASS,PASS,PASS
ss_125c_3.63v,ss,125,3.63,1,0.33,0.001,53.23,53.23,0,12.61,12.61,0,202743,202743,0,-0.5249,-0.5249,0,PASS,PASS,PASS,PASS
ss_125c_3.63v,ss,125,3.63,1,0.33,0.05,54.41,54.41,0,13.37,13.37,0,202782,202782,0,-0.5228,-0.5228,0,PASS,PASS,PASS,PASS
ss_125c_3.63v,ss,125,3.63,1,0.33,0.2,57.93,57.93,0,15.94,15.94,0,203376,203376,0,-0.4911,-0.4911,0,PASS,PASS,PASS,PASS
ss_125c_3.63v,ss,125,3.63,1,0.33,0.5,64.65,64.65,0,20.01,20.01,0,206793,206793,0,-0.4823,-0.4823,0,PASS,PASS,PASS,PASS
ss_125c_3.63v,ss,125,3.63,1,1,0.001,72.54,72.54,0,22.34,22.34,0,68278.3,68278.3,0,-0.4394,-0.4394,0,PASS,PASS,PASS,PASS
ss_125c_3.63v,ss,125,3.63,1,1,0.05,73.75,73.75,0,24.85,24.85,0,68294.2,68294.2,0,-0.4373,-0.4373,0,PASS,PASS,PASS,PASS
ss_125c_3.63v,ss,125,3.63,1,1,0.2,77.43,77.43,0,30.13,30.13,0,68543.1,68543.1,0,-0.4043,-0.4043,0,PASS,PASS,PASS,PASS
ss_125c_3.63v,ss,125,3.63,1,1,0.5,84.83,84.83,0,26.88,26.88,0,69997.8,69997.8,0,-0.4032,-0.4032,0,PASS,PASS,PASS,PASS
ss_125c_3.63v,ss,125,3.63,1,4.7,0.001,48.49,48.49,0,36.48,36.48,0,16467.5,16467.5,0,-0.6584,-0.6584,0,PASS,PASS,PASS,PASS
ss_125c_3.63v,ss,125,3.63,1,4.7,0.05,49.86,49.86,0,43.81,43.81,0,16470.7,16470.7,0,-0.6556,-0.6556,0,PASS,PASS,PASS,PASS
ss_125c_3.63v,ss,125,3.63,1,4.7,0.2,54.14,54.14,0,35.76,35.76,0,16521.8,16521.8,0,-0.6132,-0.6132,0,PASS,PASS,PASS,PASS
ss_125c_3.63v,ss,125,3.63,1,4.7,0.5,63.06,63.06,0,28.67,28.67,0,16817.2,16817.2,0,-0.5808,-0.5808,0,PASS,PASS,PASS,PASS
ss_125c_3.63v,ss,125,3.63,10,0.33,0.001,33.7,33.7,0,6.3,6.3,0,400586,400586,0,-0.5419,-0.5419,0,FAIL,FAIL,PASS,PASS
ss_125c_3.63v,ss,125,3.63,10,0.33,0.05,35.99,35.99,0,7.01,7.01,0,400868,400868,0,-0.5337,-0.5337,0,FAIL,FAIL,PASS,PASS
ss_125c_3.63v,ss,125,3.63,10,0.33,0.2,42.61,42.61,0,9.27,9.27,0,405213,405213,0,-0.5315,-0.5315,0,FAIL,FAIL,PASS,PASS
ss_125c_3.63v,ss,125,3.63,10,0.33,0.5,53.92,53.92,0,12.07,12.07,0,431631,431631,0,-0.4822,-0.4822,0,PASS,PASS,PASS,PASS
ss_125c_3.63v,ss,125,3.63,10,1,0.001,61.33,61.33,0,15.97,15.97,0,144889,144889,0,-0.448,-0.448,0,PASS,PASS,PASS,PASS
ss_125c_3.63v,ss,125,3.63,10,1,0.05,63.87,63.87,0,18.2,18.2,0,145026,145025,-0.000689532,-0.4906,-0.4906,0,PASS,PASS,PASS,PASS
ss_125c_3.63v,ss,125,3.63,10,1,0.2,71.6,71.6,0,21.78,21.78,0,147214,147214,0,-0.4449,-0.4449,0,PASS,PASS,PASS,PASS
ss_125c_3.63v,ss,125,3.63,10,1,0.5,86.97,86.97,0,18.18,18.18,0,161634,161634,0,-0.3574,-0.3574,0,PASS,PASS,PASS,PASS
ss_125c_3.63v,ss,125,3.63,10,4.7,0.001,49.51,49.51,0,29.71,29.71,0,36848.7,36848.7,0,-0.626,-0.626,0,PASS,PASS,PASS,PASS
ss_125c_3.63v,ss,125,3.63,10,4.7,0.05,52.6,52.6,0,35.04,35.04,0,36887.8,36887.8,0,-0.6122,-0.6122,0,PASS,PASS,PASS,PASS
ss_125c_3.63v,ss,125,3.63,10,4.7,0.2,62.37,62.37,0,27.15,27.15,0,37508.6,37508.6,0,-0.5933,-0.5933,0,PASS,PASS,PASS,PASS
ss_125c_3.63v,ss,125,3.63,10,4.7,0.5,83.84,83.84,0,19.92,19.92,0,41619.9,41619.9,0,-0.4568,-0.4568,0,PASS,PASS,PASS,PASS
ss_125c_3.63v,ss,125,3.63,25,0.33,0.001,19.06,19.06,0,3.54,3.54,0,497917,497917,0,-0.6318,-0.6318,0,FAIL,FAIL,PASS,PASS
ss_125c_3.63v,ss,125,3.63,25,0.33,0.05,21.89,21.89,0,4.25,4.25,0,498388,498388,0,-0.6193,-0.6193,0,FAIL,FAIL,PASS,PASS
ss_125c_3.63v,ss,125,3.63,25,0.33,0.2,29.85,29.85,0,6.52,6.52,0,505743,505743,0,-0.6368,-0.6368,0,FAIL,FAIL,PASS,PASS
ss_125c_3.63v,ss,125,3.63,25,0.33,0.5,42.18,42.18,0,9.44,9.44,0,550416,550416,0,-0.5272,-0.5272,0,FAIL,FAIL,PASS,PASS
ss_125c_3.63v,ss,125,3.63,25,1,0.001,55.17,55.17,0,13.19,13.19,0,192711,192711,0,-0.4842,-0.4842,0,PASS,PASS,PASS,PASS
ss_125c_3.63v,ss,125,3.63,25,1,0.05,58.54,58.54,0,15.42,15.42,0,193025,193025,0,-0.4674,-0.4674,0,PASS,PASS,PASS,PASS
ss_125c_3.63v,ss,125,3.63,25,1,0.2,68.55,68.55,0,19.18,19.18,0,198130,198130,0,-0.4666,-0.4666,0,PASS,PASS,PASS,PASS
ss_125c_3.63v,ss,125,3.63,25,1,0.5,87.18,87.18,0,15.66,15.66,0,235857,235857,0,-0.3247,-0.3247,0,PASS,PASS,PASS,PASS
ss_125c_3.63v,ss,125,3.63,25,4.7,0.001,52.34,52.34,0,26.88,26.88,0,48049.9,48049.9,0,-0.5857,-0.5857,0,PASS,PASS,PASS,PASS
ss_125c_3.63v,ss,125,3.63,25,4.7,0.05,56.37,56.37,0,32.46,32.46,0,48141.1,48141.1,0,-0.5624,-0.5624,0,PASS,PASS,PASS,PASS
ss_125c_3.63v,ss,125,3.63,25,4.7,0.2,69.22,69.22,0,24.66,24.66,0,49629,49629,0,-0.5056,-0.5056,0,PASS,PASS,PASS,PASS
ss_125c_3.63v,ss,125,3.63,25,4.7,0.5,98.56,98.56,0,17.41,17.41,0,61349.2,61349.2,0,-0.3148,-0.3148,0,PASS,PASS,PASS,PASS
ss_125c_3.63v,ss,125,3.63,50,0.33,0.001,8.34,8.34,0,1.53,1.53,0,576946,576946,0,-0.649,-0.649,0,FAIL,FAIL,PASS,PASS
ss_125c_3.63v,ss,125,3.63,50,0.33,0.05,11.6,11.6,0,2.23,2.23,0,577599,577599,0,-0.7098,-0.7098,0,FAIL,FAIL,PASS,PASS
ss_125c_3.63v,ss,125,3.63,50,0.33,0.2,20.59,20.59,0,4.48,4.48,0,587972,587972,0,-0.6851,-0.6851,0,FAIL,FAIL,PASS,PASS
ss_125c_3.63v,ss,125,3.63,50,0.33,0.5,33.32,33.32,0,7.39,7.39,0,650413,650413,0,-0.5766,-0.5766,0,FAIL,FAIL,PASS,PASS
ss_125c_3.63v,ss,125,3.63,50,1,0.001,49.96,49.96,0,11.17,11.17,0,235626,235626,0,-0.5005,-0.5005,0,PASS,PASS,PASS,PASS
ss_125c_3.63v,ss,125,3.63,50,1,0.05,54.06,54.06,0,13.37,13.37,0,236183,236183,0,-0.4755,-0.4755,0,PASS,PASS,PASS,PASS
ss_125c_3.63v,ss,125,3.63,50,1,0.2,65.92,65.92,0,17.12,17.12,0,245439,245439,0,-0.4572,-0.4572,0,PASS,PASS,PASS,PASS
ss_125c_3.63v,ss,125,3.63,50,1,0.5,85.09,85.09,0,13.63,13.63,0,322037,322037,0,-0.2866,-0.2866,0,PASS,PASS,PASS,PASS
ss_125c_3.63v,ss,125,3.63,50,4.7,0.001,54.54,54.54,0,24.83,24.83,0,57949.1,57949.1,0,-0.5301,-0.5301,0,PASS,PASS,PASS,PASS
ss_125c_3.63v,ss,125,3.63,50,4.7,0.05,59.39,59.39,0,30.4,30.4,0,58115.3,58115.3,0,-0.5562,-0.5562,0,PASS,PASS,PASS,PASS
ss_125c_3.63v,ss,125,3.63,50,4.7,0.2,74.97,74.97,0,22.64,22.64,0,60905.5,60905.5,0,-0.4894,-0.4894,0,PASS,PASS,PASS,PASS
ss_125c_3.63v,ss,125,3.63,50,4.7,0.5,111.89,111.89,0,15.38,15.38,0,89652.4,89652.4,0,-0.2048,-0.2048,0,PASS,PASS,PASS,PASS
ss_27c_2.97v,ss,27,2.97,0,0.33,0.001,31.81,31.81,0,52.81,52.81,0,2519.59,2519.59,0,-0.8056,-0.8056,0,FAIL,FAIL,PASS,PASS
ss_27c_2.97v,ss,27,2.97,0,0.33,0.05,31.83,31.83,0,52.81,52.81,0,2519.59,2519.59,0,-0.8056,-0.8056,0,FAIL,FAIL,PASS,PASS
ss_27c_2.97v,ss,27,2.97,0,0.33,0.2,31.87,31.87,0,52.79,52.79,0,2519.59,2519.59,0,-0.8056,-0.8056,0,FAIL,FAIL,PASS,PASS
ss_27c_2.97v,ss,27,2.97,0,0.33,0.5,31.96,31.96,0,52.75,52.75,0,2519.6,2519.6,0,-0.8056,-0.8056,0,FAIL,FAIL,PASS,PASS
ss_27c_2.97v,ss,27,2.97,0,1,0.001,18.72,18.72,0,52.79,52.79,0,1367.98,1367.98,0,-0.8095,-0.8095,0,FAIL,FAIL,PASS,PASS
ss_27c_2.97v,ss,27,2.97,0,1,0.05,18.75,18.75,0,52.78,52.78,0,1367.98,1367.98,0,-0.8095,-0.8095,0,FAIL,FAIL,PASS,PASS
ss_27c_2.97v,ss,27,2.97,0,1,0.2,18.82,18.82,0,52.77,52.77,0,1367.98,1367.98,0,-0.8095,-0.8095,0,FAIL,FAIL,PASS,PASS
ss_27c_2.97v,ss,27,2.97,0,1,0.5,18.97,18.97,0,52.73,52.73,0,1367.99,1367.99,0,-0.8095,-0.8095,0,FAIL,FAIL,PASS,PASS
ss_27c_2.97v,ss,27,2.97,0,4.7,0.001,8.81,8.81,0,52.78,52.78,0,617.292,617.292,0,-0.8696,-0.8696,0,FAIL,FAIL,PASS,PASS
ss_27c_2.97v,ss,27,2.97,0,4.7,0.05,8.87,8.87,0,52.78,52.78,0,617.292,617.292,0,-0.8696,-0.8696,0,FAIL,FAIL,PASS,PASS
ss_27c_2.97v,ss,27,2.97,0,4.7,0.2,9.02,9.02,0,52.76,52.76,0,617.294,617.294,0,-0.8695,-0.8695,0,FAIL,FAIL,PASS,PASS
ss_27c_2.97v,ss,27,2.97,0,4.7,0.5,9.34,9.34,0,52.72,52.72,0,617.305,617.305,0,-0.8692,-0.8692,0,FAIL,FAIL,PASS,PASS
ss_27c_2.97v,ss,27,2.97,0.1,0.33,0.001,62.71,62.71,0,21.41,21.41,0,72374.7,72374.7,0,-0.5005,-0.5005,0,PASS,PASS,PASS,PASS
ss_27c_2.97v,ss,27,2.97,0.1,0.33,0.05,63.13,63.13,0,22.27,22.27,0,72376.4,72376.4,0,-0.5003,-0.5003,0,PASS,PASS,PASS,PASS
ss_27c_2.97v,ss,27,2.97,0.1,0.33,0.2,64.41,64.41,0,25.52,25.52,0,72404.4,72404.4,0,-0.4962,-0.4962,0,PASS,PASS,PASS,PASS
ss_27c_2.97v,ss,27,2.97,0.1,0.33,0.5,67.4,66.93,-0.47,34.05,34.28,0.23,73308.3,72562.9,-1.0168,-0.4839,-0.4736,0.0103,PASS,PASS,PASS,PASS
ss_27c_2.97v,ss,27,2.97,0.1,1,0.001,72.76,72.76,0,31.36,31.36,0,22642.8,22642.8,0,-0.4318,-0.4318,0,PASS,PASS,PASS,PASS
ss_27c_2.97v,ss,27,2.97,0.1,1,0.05,73.16,73.16,0,34.58,34.58,0,22643.4,22643.4,0,-0.4316,-0.4316,0,PASS,PASS,PASS,PASS
ss_27c_2.97v,ss,27,2.97,0.1,1,0.2,74.38,74.38,0,47.05,47.05,0,22652.2,22652.2,0,-0.428,-0.428,0,PASS,PASS,PASS,PASS
ss_27c_2.97v,ss,27,2.97,0.1,1,0.5,77.27,76.85,-0.42,42.05,42.5,0.45,22846.8,22702.3,-0.632474,-0.4485,-0.4077,0.0408,PASS,PASS,PASS,PASS
ss_27c_2.97v,ss,27,2.97,0.1,4.7,0.001,44.07,44.07,0,48.23,48.23,0,6236.4,6236.4,0,-0.6746,-0.6746,0,FAIL,FAIL,PASS,PASS
ss_27c_2.97v,ss,27,2.97,0.1,4.7,0.05,44.59,44.59,0,52.95,52.95,0,6236.57,6236.57,0,-0.6742,-0.6742,0,FAIL,FAIL,PASS,PASS
ss_27c_2.97v,ss,27,2.97,0.1,4.7,0.2,46.18,46.18,0,49.27,49.27,0,6239.18,6239.18,0,-0.6681,-0.6681,0,PASS,PASS,PASS,PASS
ss_27c_2.97v,ss,27,2.97,0.1,4.7,0.5,49.72,49.42,-0.3,43.28,43.68,0.4,6265.98,6253.94,-0.192149,-0.6811,-0.6341,0.047,PASS,PASS,PASS,PASS
ss_27c_2.97v,ss,27,2.97,1,0.33,0.001,55.7,55.7,0,12.48,12.48,0,192036,192036,0,-0.4698,-0.4698,0,PASS,PASS,PASS,PASS
ss_27c_2.97v,ss,27,2.97,1,0.33,0.05,58.08,56.81,-1.27,12.91,13.15,0.24,194967,192070,-1.48589,-0.4804,-0.4679,0.0125,PASS,PASS,PASS,PASS
ss_27c_2.97v,ss,27,2.97,1,0.33,0.2,61.48,61.48,0,15.02,15.02,0,195529,195529,0,-0.4511,-0.4511,0,PASS,PASS,PASS,PASS
ss_27c_2.97v,ss,27,2.97,1,0.33,0.5,66.59,68.01,1.42,18.72,18.22,-0.5,195629,198768,1.60457,-0.4947,-0.4447,0.05,PASS,PASS,PASS,PASS
ss_27c_2.97v,ss,27,2.97,1,1,0.001,70.47,70.47,0,22.2,22.2,0,63647.3,63647.3,0,-0.4089,-0.4089,0,PASS,PASS,PASS,PASS
ss_27c_2.97v,ss,27,2.97,1,1,0.05,72.29,71.6,-0.69,24.06,24.36,0.3,63973.1,63659.7,-0.489893,-0.4126,-0.4552,-0.0426,PASS,PASS,PASS,PASS
ss_27c_2.97v,ss,27,2.97,1,1,0.2,75.76,75.76,0,28.27,28.27,0,64173.1,64173.1,0,-0.4316,-0.4316,0,PASS,PASS,PASS,PASS
ss_27c_2.97v,ss,27,2.97,1,1,0.5,82.03,82.78,0.75,25.76,25.37,-0.39,65002.2,65341.4,0.521828,-0.4067,-0.4092,-0.0025,PASS,PASS,PASS,PASS
ss_27c_2.97v,ss,27,2.97,1,4.7,0.001,43.75,43.75,0,36.24,36.24,0,16735.2,16735.2,0,-0.6385,-0.6385,0,FAIL,FAIL,PASS,PASS
ss_27c_2.97v,ss,27,2.97,1,4.7,0.05,45.44,45.14,-0.3,41.9,42.4,0.5,16755.4,16738.5,-0.100863,-0.6954,-0.6357,0.0597,PASS,PASS,PASS,PASS
ss_27c_2.97v,ss,27,2.97,1,4.7,0.2,49.78,49.78,0,34.37,34.37,0,16806.2,16806.2,0,-0.6516,-0.6516,0,PASS,PASS,PASS,PASS
ss_27c_2.97v,ss,27,2.97,1,4.7,0.5,58.49,58.81,0.32,27.65,27.34,-0.31,17080.5,17099.2,0.109482,-0.6379,-0.6235,0.0144,PASS,PASS,PASS,PASS
ss_27c_2.97v,ss,27,2.97,10,0.33,0.001,28.45,28.5,0.05,5.22,5.22,0,404213,404502,0.071497,-0.591,-0.5826,0.0084,FAIL,FAIL,PASS,PASS
ss_27c_2.97v,ss,27,2.97,10,0.33,0.05,30.81,30.81,0,5.87,5.87,0,404780,404780,0,-0.5743,-0.5743,0,FAIL,FAIL,PASS,PASS
ss_27c_2.97v,ss,27,2.97,10,0.33,0.2,37.4,37.4,0,7.92,7.92,0,408786,408786,0,-0.5829,-0.5829,0,FAIL,FAIL,PASS,PASS
ss_27c_2.97v,ss,27,2.97,10,0.33,0.5,48.59,48.59,0,10.79,10.79,0,435078,435078,0,-0.4837,-0.4837,0,PASS,PASS,PASS,PASS
ss_27c_2.97v,ss,27,2.97,10,1,0.001,59.43,59.47,0.04,14.88,14.88,0,148695,148724,0.019503,-0.4756,-0.4737,0.0019,PASS,PASS,PASS,PASS
ss_27c_2.97v,ss,27,2.97,10,1,0.05,62.08,62.08,0,16.9,16.9,0,148870,148870,0,-0.4637,-0.4637,0,PASS,PASS,PASS,PASS
ss_27c_2.97v,ss,27,2.97,10,1,0.2,69.92,69.92,0,20.64,20.64,0,151197,151197,0,-0.4642,-0.4642,0,PASS,PASS,PASS,PASS
ss_27c_2.97v,ss,27,2.97,10,1,0.5,85.45,85.45,0,17.54,17.54,0,166888,166888,0,-0.3733,-0.3733,0,PASS,PASS,PASS,PASS
ss_27c_2.97v,ss,27,2.97,10,4.7,0.001,49.82,49.83,0.01,28.57,28.58,0.01,37521,37522.3,0.00346473,-0.6101,-0.6097,0.0004,PASS,PASS,PASS,PASS
ss_27c_2.97v,ss,27,2.97,10,4.7,0.05,52.97,52.97,0,34.03,34.03,0,37563.6,37563.6,0,-0.5956,-0.5956,0,PASS,PASS,PASS,PASS
ss_27c_2.97v,ss,27,2.97,10,4.7,0.2,62.91,62.91,0,26.63,26.63,0,38224.3,38224.3,0,-0.5682,-0.5682,0,PASS,PASS,PASS,PASS
ss_27c_2.97v,ss,27,2.97,10,4.7,0.5,84.84,84.84,0,19.46,19.46,0,42664.1,42664.1,0,-0.4303,-0.4303,0,PASS,PASS,PASS,PASS
ss_27c_2.97v,ss,27,2.97,25,0.33,0.001,12.76,12.76,0,2.31,2.31,0,506404,506404,0,-0.6689,-0.6689,0,FAIL,FAIL,PASS,PASS
ss_27c_2.97v,ss,27,2.97,25,0.33,0.05,15.63,15.63,0,2.95,2.95,0,506913,506913,0,-0.655,-0.655,0,FAIL,FAIL,PASS,PASS
ss_27c_2.97v,ss,27,2.97,25,0.33,0.2,23.65,23.65,0,4.99,4.99,0,514256,514211,-0.00875051,-0.6055,-0.6066,-0.0011,FAIL,FAIL,PASS,PASS
ss_27c_2.97v,ss,27,2.97,25,0.33,0.5,35.76,35.76,0,7.91,7.91,0,558335,558335,0,-0.595,-0.595,0,FAIL,FAIL,PASS,PASS
ss_27c_2.97v,ss,27,2.97,25,1,0.001,52.74,52.74,0,11.95,11.95,0,200586,200586,0,-0.4894,-0.4894,0,PASS,PASS,PASS,PASS
ss_27c_2.97v,ss,27,2.97,25,1,0.05,56.24,56.24,0,13.95,13.95,0,200943,200943,0,-0.4709,-0.4709,0,PASS,PASS,PASS,PASS
ss_27c_2.97v,ss,27,2.97,25,1,0.2,66.54,66.53,-0.01,17.77,17.77,0,206672,206663,-0.00435473,-0.4509,-0.4513,-0.0004,PASS,PASS,PASS,PASS
ss_27c_2.97v,ss,27,2.97,25,1,0.5,84.92,84.92,0,14.74,14.74,0,249759,249759,0,-0.3222,-0.3222,0,PASS,PASS,PASS,PASS
ss_27c_2.97v,ss,27,2.97,25,4.7,0.001,53.48,53.48,0,25.6,25.6,0,49192.5,49192.5,0,-0.5671,-0.5671,0,PASS,PASS,PASS,PASS
ss_27c_2.97v,ss,27,2.97,25,4.7,0.05,57.6,57.6,0,31.17,31.17,0,49292.2,49292.2,0,-0.5429,-0.5429,0,PASS,PASS,PASS,PASS
ss_27c_2.97v,ss,27,2.97,25,4.7,0.2,70.76,70.76,0,23.87,23.87,0,50929.9,50929.2,-0.00137444,-0.5192,-0.5194,-0.0002,PASS,PASS,PASS,PASS
ss_27c_2.97v,ss,27,2.97,25,4.7,0.5,101.02,101.02,0,16.67,16.67,0,64388.7,64388.7,0,-0.278,-0.278,0,PASS,PASS,PASS,PASS
ss_27c_2.97v,ss,27,2.97,50,0.33,0.001,1.57,1.57,0,0.28,0.28,0,585167,585167,0,-0.7307,-0.7307,0,FAIL,FAIL,PASS,PASS
ss_27c_2.97v,ss,27,2.97,50,0.33,0.05,4.88,4.88,0,0.92,0.92,0,585788,585788,0,-0.7144,-0.7144,0,FAIL,FAIL,PASS,PASS
ss_27c_2.97v,ss,27,2.97,50,0.33,0.2,13.92,13.92,0,2.93,2.93,0,595930,595930,0,-0.6993,-0.6993,0,FAIL,FAIL,PASS,PASS
ss_27c_2.97v,ss,27,2.97,50,0.33,0.5,26.45,26.45,0,5.83,5.83,0,656169,656169,0,-0.6526,-0.6526,0,FAIL,FAIL,PASS,PASS
ss_27c_2.97v,ss,27,2.97,50,1,0.001,46.81,46.81,0,9.9,9.9,0,246000,246000,0,-0.4794,-0.4794,0,FAIL,FAIL,PASS,PASS
ss_27c_2.97v,ss,27,2.97,50,1,0.05,51.08,51.08,0,11.88,11.88,0,246615,246615,0,-0.5083,-0.5083,0,PASS,PASS,PASS,PASS
ss_27c_2.97v,ss,27,2.97,50,1,0.2,63.23,63.23,0,15.68,15.68,0,257023,257023,0,-0.4601,-0.4601,0,PASS,PASS,PASS,PASS
ss_27c_2.97v,ss,27,2.97,50,1,0.5,81.05,81.05,0,12.69,12.69,0,344060,344060,0,-0.3075,-0.3075,0,PASS,PASS,PASS,PASS
ss_27c_2.97v,ss,27,2.97,50,4.7,0.001,55.86,55.86,0,23.53,23.53,0,59613.9,59613.9,0,-0.5206,-0.5206,0,PASS,PASS,PASS,PASS
ss_27c_2.97v,ss,27,2.97,50,4.7,0.05,60.84,60.84,0,29.07,29.07,0,59796.2,59796.2,0,-0.5438,-0.5438,0,PASS,PASS,PASS,PASS
ss_27c_2.97v,ss,27,2.97,50,4.7,0.2,76.86,76.86,0,21.81,21.81,0,62930.4,62930.4,0,-0.4879,-0.4879,0,PASS,PASS,PASS,PASS
ss_27c_2.97v,ss,27,2.97,50,4.7,0.5,114.97,114.97,0,14.62,14.62,0,98753.4,98753.4,0,-0.1779,-0.1779,0,PASS,PASS,PASS,PASS
ss_27c_3.30v,ss,27,3.3,0,0.33,0.001,33.66,33.66,0,52.72,52.72,0,2704.53,2704.53,0,-0.7656,-0.7656,0,FAIL,FAIL,PASS,PASS
ss_27c_3.30v,ss,27,3.3,0,0.33,0.05,33.68,33.68,0,52.72,52.72,0,2704.52,2704.53,0.000369751,-0.7656,-0.7656,0,FAIL,FAIL,PASS,PASS
ss_27c_3.30v,ss,27,3.3,0,0.33,0.2,33.73,33.73,0,52.7,52.7,0,2704.53,2704.53,0,-0.7656,-0.7656,0,FAIL,FAIL,PASS,PASS
ss_27c_3.30v,ss,27,3.3,0,0.33,0.5,33.83,33.83,0,52.66,52.66,0,2704.53,2704.53,0,-0.7656,-0.7656,0,FAIL,FAIL,PASS,PASS
ss_27c_3.30v,ss,27,3.3,0,1,0.001,19.87,19.87,0,52.7,52.7,0,1457.82,1457.82,0,-0.7992,-0.7992,0,FAIL,FAIL,PASS,PASS
ss_27c_3.30v,ss,27,3.3,0,1,0.05,19.9,19.9,0,52.7,52.7,0,1457.82,1457.82,0,-0.7992,-0.7992,0,FAIL,FAIL,PASS,PASS
ss_27c_3.30v,ss,27,3.3,0,1,0.2,19.98,19.98,0,52.68,52.68,0,1457.82,1457.82,0,-0.7991,-0.7991,0,FAIL,FAIL,PASS,PASS
ss_27c_3.30v,ss,27,3.3,0,1,0.5,20.13,20.13,0,52.65,52.65,0,1457.83,1457.83,0,-0.7991,-0.7991,0,FAIL,FAIL,PASS,PASS
ss_27c_3.30v,ss,27,3.3,0,4.7,0.001,9.37,9.37,0,52.7,52.7,0,655.963,655.963,0,-0.912,-0.912,0,FAIL,FAIL,PASS,PASS
ss_27c_3.30v,ss,27,3.3,0,4.7,0.05,9.42,9.42,0,52.69,52.69,0,655.963,655.963,0,-0.912,-0.912,0,FAIL,FAIL,PASS,PASS
ss_27c_3.30v,ss,27,3.3,0,4.7,0.2,9.59,9.59,0,52.67,52.67,0,655.965,655.965,0,-0.9119,-0.9119,0,FAIL,FAIL,PASS,PASS
ss_27c_3.30v,ss,27,3.3,0,4.7,0.5,9.92,9.92,0,52.64,52.64,0,655.978,655.978,0,-0.9115,-0.9115,0,FAIL,FAIL,PASS,PASS
ss_27c_3.30v,ss,27,3.3,0.1,0.33,0.001,57.88,57.88,0,21.02,21.02,0,83318.7,83318.7,0,-0.5149,-0.5149,0,PASS,PASS,PASS,PASS
ss_27c_3.30v,ss,27,3.3,0.1,0.33,0.05,58.36,58.75,0.39,22.01,22.06,0.05,83321.3,84182.8,1.03395,-0.5145,-0.5253,-0.0108,PASS,PASS,PASS,PASS
ss_27c_3.30v,ss,27,3.3,0.1,0.33,0.2,59.83,59.83,0,25.91,25.91,0,83360.9,83360.9,0,-0.5092,-0.5092,0,PASS,PASS,PASS,PASS
ss_27c_3.30v,ss,27,3.3,0.1,0.33,0.5,63.15,62.72,-0.43,35.86,36.16,0.3,84455.4,83584.3,-1.03143,-0.5485,-0.5388,0.0097,PASS,PASS,PASS,PASS
ss_27c_3.30v,ss,27,3.3,0.1,1,0.001,74.16,74.16,0,30.96,30.96,0,27093.3,27093.3,0,-0.41,-0.41,0,PASS,PASS,PASS,PASS
ss_27c_3.30v,ss,27,3.3,0.1,1,0.05,74.63,75.01,0.38,34.76,34.86,0.1,27094.3,27279,0.681693,-0.4096,-0.4,0.0096,PASS,PASS,PASS,PASS
ss_27c_3.30v,ss,27,3.3,0.1,1,0.2,76.1,76.1,0,47.9,47.9,0,27110.1,27110.1,0,-0.4044,-0.4044,0,PASS,PASS,PASS,PASS
ss_27c_3.30v,ss,27,3.3,0.1,1,0.5,79.44,79.04,-0.4,42.36,42.78,0.42,27386.3,27199.2,-0.683188,-0.411,-0.4211,-0.0101,PASS,PASS,PASS,PASS
ss_27c_3.30v,ss,27,3.3,0.1,4.7,0.001,48.37,48.37,0,47.57,47.57,0,6903.43,6903.44,0.000144856,-0.6629,-0.6629,0,PASS,PASS,PASS,PASS
ss_27c_3.30v,ss,27,3.3,0.1,4.7,0.05,48.94,49.24,0.3,52.9,52.88,-0.02,6903.68,6919.31,0.226401,-0.6624,-0.633,0.0294,PASS,PASS,PASS,PASS
ss_27c_3.30v,ss,27,3.3,0.1,4.7,0.2,50.71,50.71,0,49.39,49.39,0,6907.41,6907.41,0,-0.6549,-0.6549,0,PASS,PASS,PASS,PASS
ss_27c_3.30v,ss,27,3.3,0.1,4.7,0.5,54.62,54.3,-0.32,43.41,43.79,0.38,6944.48,6928.56,-0.229247,-0.6529,-0.6131,0.0398,PASS,PASS,PASS,PASS
ss_27c_3.30v,ss,27,3.3,1,0.33,0.001,52.46,51.23,-1.23,11.87,12.09,0.22,225806,221677,-1.82856,-0.4797,-0.5021,-0.0224,PASS,PASS,PASS,PASS
ss_27c_3.30v,ss,27,3.3,1,0.33,0.05,52.51,53.76,1.25,12.88,12.64,-0.24,221727,225860,1.864,-0.4996,-0.5339,-0.0343,PASS,PASS,PASS,PASS
ss_27c_3.30v,ss,27,3.3,1,0.33,0.2,56.35,56.35,0,15.56,15.56,0,222493,222493,0,-0.5195,-0.5195,0,PASS,PASS,PASS,PASS
ss_27c_3.30v,ss,27,3.3,1,0.33,0.5,65.09,65.09,0,18.99,18.99,0,231485,231485,0,-0.4955,-0.4955,0,PASS,PASS,PASS,PASS
ss_27c_3.30v,ss,27,3.3,1,1,0.001,71.62,70.84,-0.78,21.6,21.82,0.22,76420,75949.1,-0.6162,-0.4191,-0.4247,-0.0056,PASS,PASS,PASS,PASS
ss_27c_3.30v,ss,27,3.3,1,1,0.05,72.18,72.97,0.79,24.41,24.1,-0.31,75970.6,76442,0.620503,-0.4221,-0.4164,0.0057,PASS,PASS,PASS,PASS
ss_27c_3.30v,ss,27,3.3,1,1,0.2,76.27,76.27,0,29.48,29.48,0,76306.2,76306.2,0,-0.4295,-0.4295,0,PASS,PASS,PASS,PASS
ss_27c_3.30v,ss,27,3.3,1,1,0.5,85.38,85.38,0,25.54,25.54,0,78813,78813,0,-0.4226,-0.4226,0,PASS,PASS,PASS,PASS
ss_27c_3.30v,ss,27,3.3,1,4.7,0.001,48.52,48.18,-0.34,35.65,35.89,0.24,18532.5,18506.6,-0.139754,-0.6191,-0.6373,-0.0182,PASS,PASS,PASS,PASS
ss_27c_3.30v,ss,27,3.3,1,4.7,0.05,49.72,50.06,0.34,42.98,42.5,-0.48,18511.2,18537.2,0.140456,-0.6338,-0.6156,0.0182,PASS,PASS,PASS,PASS
ss_27c_3.30v,ss,27,3.3,1,4.7,0.2,54.54,54.54,0,34.75,34.75,0,18584.1,18584.1,0,-0.6492,-0.6492,0,PASS,PASS,PASS,PASS
ss_27c_3.30v,ss,27,3.3,1,4.7,0.5,65.01,65.01,0,27.28,27.28,0,19037.2,19037.2,0,-0.599,-0.599,0,PASS,PASS,PASS,PASS
ss_27c_3.30v,ss,27,3.3,10,0.33,0.001,26.23,26.17,-0.06,5.17,5.16,-0.01,444484,444082,-0.090442,-0.5896,-0.6007,-0.0111,FAIL,FAIL,PASS,PASS
ss_27c_3.30v,ss,27,3.3,10,0.33,0.05,28.77,28.71,-0.06,5.93,5.93,0,444837,444433,-0.0908198,-0.5796,-0.5907,-0.0111,FAIL,FAIL,PASS,PASS
ss_27c_3.30v,ss,27,3.3,10,0.33,0.2,35.96,36.03,0.07,8.41,8.42,0.01,449844,450267,0.0940326,-0.5725,-0.5612,0.0113,FAIL,FAIL,PASS,PASS
ss_27c_3.30v,ss,27,3.3,10,0.33,0.5,47.95,47.95,0,11.62,11.62,0,482527,482527,0,-0.5061,-0.5061,0,PASS,PASS,PASS,PASS
ss_27c_3.30v,ss,27,3.3,10,1,0.001,58.43,58.38,-0.05,14.84,14.83,-0.01,169098,169052,-0.0272032,-0.4639,-0.4666,-0.0027,PASS,PASS,PASS,PASS
ss_27c_3.30v,ss,27,3.3,10,1,0.05,61.4,61.34,-0.06,17.26,17.25,-0.01,169314,169269,-0.0265778,-0.4509,-0.4535,-0.0026,PASS,PASS,PASS,PASS
ss_27c_3.30v,ss,27,3.3,10,1,0.2,70.22,70.28,0.06,21.36,21.37,0.01,172724,172774,0.0289479,-0.46,-0.4573,0.0027,PASS,PASS,PASS,PASS
ss_27c_3.30v,ss,27,3.3,10,1,0.5,87.31,87.31,0,17.72,17.72,0,196637,196637,0,-0.3366,-0.3366,0,PASS,PASS,PASS,PASS
ss_27c_3.30v,ss,27,3.3,10,4.7,0.001,52.52,52.5,-0.02,28.57,28.56,-0.01,41683.7,41681.8,-0.00455814,-0.5687,-0.5692,-0.0005,PASS,PASS,PASS,PASS
ss_27c_3.30v,ss,27,3.3,10,4.7,0.05,56,55.99,-0.01,34.65,34.64,-0.01,41743.8,41741.8,-0.00479113,-0.5511,-0.5516,-0.0005,PASS,PASS,PASS,PASS
ss_27c_3.30v,ss,27,3.3,10,4.7,0.2,67.1,67.12,0.02,26.68,26.68,0,42698.3,42700.5,0.00515243,-0.5252,-0.5246,0.0006,PASS,PASS,PASS,PASS
ss_27c_3.30v,ss,27,3.3,10,4.7,0.5,92.07,92.07,0,19.41,19.41,0,49544,49544,0,-0.3743,-0.3743,0,PASS,PASS,PASS,PASS
ss_27c_3.30v,ss,27,3.3,25,0.33,0.001,11.42,11.43,0.01,2.25,2.25,0,548985,548937,-0.00874341,-0.6968,-0.698,-0.0012,FAIL,FAIL,PASS,PASS
ss_27c_3.30v,ss,27,3.3,25,0.33,0.05,14.54,14.54,0,3,3,0,549561,549561,0,-0.6816,-0.6816,0,FAIL,FAIL,PASS,PASS
ss_27c_3.30v,ss,27,3.3,25,0.33,0.2,23.23,23.23,0,5.46,5.46,0,558531,558531,0,-0.6795,-0.6795,0,FAIL,FAIL,PASS,PASS
ss_27c_3.30v,ss,27,3.3,25,0.33,0.5,36.23,36.23,0,8.74,8.74,0,612309,612309,0,-0.609,-0.609,0,FAIL,FAIL,PASS,PASS
ss_27c_3.30v,ss,27,3.3,25,1,0.001,50.83,50.83,0,11.9,11.9,0,226304,226294,-0.00441883,-0.5055,-0.506,-0.0005,PASS,PASS,PASS,PASS
ss_27c_3.30v,ss,27,3.3,25,1,0.05,54.76,54.76,0,14.28,14.28,0,226802,226802,0,-0.4821,-0.4821,0,PASS,PASS,PASS,PASS
ss_27c_3.30v,ss,27,3.3,25,1,0.2,66.2,66.2,0,18.5,18.5,0,234920,234920,0,-0.4448,-0.4448,0,PASS,PASS,PASS,PASS
ss_27c_3.30v,ss,27,3.3,25,1,0.5,85.3,85.3,0,14.94,14.94,0,298963,298963,0,-0.303,-0.303,0,PASS,PASS,PASS,PASS
ss_27c_3.30v,ss,27,3.3,25,4.7,0.001,55.65,55.65,0,25.58,25.58,0,55093.7,55092.9,-0.00145207,-0.5086,-0.5088,-0.0002,PASS,PASS,PASS,PASS
ss_27c_3.30v,ss,27,3.3,25,4.7,0.05,60.26,60.26,0,31.79,31.79,0,55240.5,55240.5,0,-0.5367,-0.5367,0,PASS,PASS,PASS,PASS
ss_27c_3.30v,ss,27,3.3,25,4.7,0.2,75.07,75.07,0,23.92,23.92,0,57671.2,57671.2,0,-0.459,-0.459,0,PASS,PASS,PASS,PASS
ss_27c_3.30v,ss,27,3.3,25,4.7,0.5,110.05,110.05,0,16.65,16.65,0,81307.8,81307.8,0,-0.2214,-0.2214,0,PASS,PASS,PASS,PASS
ss_27c_3.30v,ss,27,3.3,50,0.33,0.001,0.82,0.82,0,0.16,0.16,0,632103,632103,0,-0.7207,-0.7207,0,FAIL,FAIL,PASS,PASS
ss_27c_3.30v,ss,27,3.3,50,0.33,0.05,4.4,4.4,0,0.9,0.9,0,632885,632885,0,-0.7854,-0.7854,0,FAIL,FAIL,PASS,PASS
ss_27c_3.30v,ss,27,3.3,50,0.33,0.2,14.16,14.16,0,3.32,3.32,0,645329,645329,0,-0.7325,-0.7325,0,FAIL,FAIL,PASS,PASS
ss_27c_3.30v,ss,27,3.3,50,0.33,0.5,27.53,27.53,0,6.58,6.58,0,719139,719139,0,-0.665,-0.665,0,FAIL,FAIL,PASS,PASS
ss_27c_3.30v,ss,27,3.3,50,1,0.001,44.33,44.33,0,9.79,9.79,0,276555,276555,0,-0.5368,-0.5368,0,FAIL,FAIL,PASS,PASS
ss_27c_3.30v,ss,27,3.3,50,1,0.05,49.1,49.1,0,12.14,12.14,0,277424,277424,0,-0.502,-0.502,0,PASS,PASS,PASS,PASS
ss_27c_3.30v,ss,27,3.3,50,1,0.2,62.48,62.48,0,16.33,16.33,0,291894,291894,0,-0.4662,-0.4662,0,PASS,PASS,PASS,PASS
ss_27c_3.30v,ss,27,3.3,50,1,0.5,79.36,79.36,0,12.81,12.81,0,415378,415378,0,-0.2931,-0.2931,0,PASS,PASS,PASS,PASS
ss_27c_3.30v,ss,27,3.3,50,4.7,0.001,57.61,57.61,0,23.45,23.45,0,67311,67311,0,-0.5014,-0.5014,0,PASS,PASS,PASS,PASS
ss_27c_3.30v,ss,27,3.3,50,4.7,0.05,63.23,63.23,0,29.62,29.62,0,67588.4,67588.4,0,-0.5125,-0.5125,0,PASS,PASS,PASS,PASS
ss_27c_3.30v,ss,27,3.3,50,4.7,0.2,81.38,81.38,0,21.8,21.8,0,72389.9,72389.9,0,-0.4409,-0.4409,0,PASS,PASS,PASS,PASS
ss_27c_3.30v,ss,27,3.3,50,4.7,0.5,123.67,123.67,0,14.52,14.52,0,156791,156791,0,-0.09916,-0.09916,0,PASS,PASS,PASS,PASS
ss_27c_3.63v,ss,27,3.63,0,0.33,0.001,35.35,35.35,0,52.66,52.66,0,2879.59,2879.59,0,-0.7609,-0.7609,0,FAIL,FAIL,PASS,PASS
ss_27c_3.63v,ss,27,3.63,0,0.33,0.05,35.37,35.37,0,52.65,52.65,0,2879.59,2879.59,0,-0.7609,-0.7609,0,FAIL,FAIL,PASS,PASS
ss_27c_3.63v,ss,27,3.63,0,0.33,0.2,35.42,35.42,0,52.64,52.64,0,2879.59,2879.59,0,-0.7609,-0.7609,0,FAIL,FAIL,PASS,PASS
ss_27c_3.63v,ss,27,3.63,0,0.33,0.5,35.52,35.52,0,52.61,52.61,0,2879.59,2879.59,0,-0.7609,-0.7609,0,FAIL,FAIL,PASS,PASS
ss_27c_3.63v,ss,27,3.63,0,1,0.001,20.94,20.94,0,52.64,52.64,0,1541.35,1541.35,0,-0.8235,-0.8235,0,FAIL,FAIL,PASS,PASS
ss_27c_3.63v,ss,27,3.63,0,1,0.05,20.97,20.97,0,52.64,52.64,0,1541.35,1541.35,0,-0.8235,-0.8235,0,FAIL,FAIL,PASS,PASS
ss_27c_3.63v,ss,27,3.63,0,1,0.2,21.05,21.05,0,52.62,52.62,0,1541.35,1541.35,0,-0.8235,-0.8235,0,FAIL,FAIL,PASS,PASS
ss_27c_3.63v,ss,27,3.63,0,1,0.5,21.22,21.22,0,52.59,52.59,0,1541.36,1541.36,0,-0.8234,-0.8234,0,FAIL,FAIL,PASS,PASS
ss_27c_3.63v,ss,27,3.63,0,4.7,0.001,9.91,9.91,0,52.64,52.64,0,691.626,691.626,0,-0.8912,-0.8912,0,FAIL,FAIL,PASS,PASS
ss_27c_3.63v,ss,27,3.63,0,4.7,0.05,9.96,9.96,0,52.63,52.63,0,691.626,691.626,0,-0.8912,-0.8912,0,FAIL,FAIL,PASS,PASS
ss_27c_3.63v,ss,27,3.63,0,4.7,0.2,10.14,10.14,0,52.62,52.62,0,691.629,691.629,0,-0.8911,-0.8911,0,FAIL,FAIL,PASS,PASS
ss_27c_3.63v,ss,27,3.63,0,4.7,0.5,10.49,10.49,0,52.58,52.58,0,691.644,691.644,0,-0.8907,-0.8907,0,FAIL,FAIL,PASS,PASS
ss_27c_3.63v,ss,27,3.63,0.1,0.33,0.001,53.8,53.46,-0.34,20.71,20.66,-0.05,94159.2,93202.5,-1.01605,-0.5983,-0.5858,0.0125,PASS,PASS,PASS,PASS
ss_27c_3.63v,ss,27,3.63,0.1,0.33,0.05,54,54,0,21.77,21.77,0,93205.9,93205.9,0,-0.5854,-0.5854,0,PASS,PASS,PASS,PASS
ss_27c_3.63v,ss,27,3.63,0.1,0.33,0.2,55.65,56.01,0.36,26.36,26.48,0.12,93257.7,94216.4,1.02801,-0.5787,-0.591,-0.0123,PASS,PASS,PASS,PASS
ss_27c_3.63v,ss,27,3.63,0.1,0.33,0.5,58.87,58.87,0,37.64,37.64,0,93549.9,93549.9,0,-0.5411,-0.5411,0,PASS,PASS,PASS,PASS
ss_27c_3.63v,ss,27,3.63,0.1,1,0.001,74.53,74.19,-0.34,30.65,30.59,-0.06,32086,31858.8,-0.708097,-0.4341,-0.4002,0.0339,PASS,PASS,PASS,PASS
ss_27c_3.63v,ss,27,3.63,0.1,1,0.05,74.75,74.75,0,34.98,34.98,0,31860.5,31860.5,0,-0.3997,-0.3997,0,PASS,PASS,PASS,PASS
ss_27c_3.63v,ss,27,3.63,0.1,1,0.2,76.47,76.83,0.36,48.42,47.92,-0.5,31886.5,32114.2,0.714095,-0.3925,-0.4263,-0.0338,PASS,PASS,PASS,PASS
ss_27c_3.63v,ss,27,3.63,0.1,1,0.5,79.91,79.91,0,43.01,43.01,0,32033.4,32033.4,0,-0.3979,-0.3979,0,PASS,PASS,PASS,PASS
ss_27c_3.63v,ss,27,3.63,0.1,4.7,0.001,52.6,52.3,-0.3,47.26,46.98,-0.28,7623.97,7604.2,-0.259314,-0.6105,-0.5759,0.0346,PASS,PASS,PASS,PASS
ss_27c_3.63v,ss,27,3.63,0.1,4.7,0.05,52.93,52.93,0,52.86,52.86,0,7604.55,7604.55,0,-0.5753,-0.5753,0,PASS,PASS,PASS,PASS
ss_27c_3.63v,ss,27,3.63,0.1,4.7,0.2,54.88,55.19,0.31,49.49,49.21,-0.28,7609.83,7629.64,0.260321,-0.6326,-0.6008,0.0318,PASS,PASS,PASS,PASS
ss_27c_3.63v,ss,27,3.63,0.1,4.7,0.5,58.85,58.85,0,43.88,43.88,0,7639.68,7639.68,0,-0.5818,-0.5818,0,PASS,PASS,PASS,PASS
ss_27c_3.63v,ss,27,3.63,1,0.33,0.001,47.91,46.74,-1.17,11.47,11.68,0.21,255351,249829,-2.16251,-0.5487,-0.5486,0.0001,PASS,PASS,PASS,PASS
ss_27c_3.63v,ss,27,3.63,1,0.33,0.05,48.18,48.18,0,12.59,12.59,0,249897,249897,0,-0.5454,-0.5454,0,PASS,PASS,PASS,PASS
ss_27c_3.63v,ss,27,3.63,1,0.33,0.2,52.48,52.48,0,15.76,15.76,0,250932,250932,0,-0.5587,-0.5587,0,PASS,PASS,PASS,PASS
ss_27c_3.63v,ss,27,3.63,1,0.33,0.5,60.57,60.57,0,20.21,20.21,0,256922,256922,0,-0.5306,-0.5306,0,PASS,PASS,PASS,PASS
ss_27c_3.63v,ss,27,3.63,1,1,0.001,70.96,70.08,-0.88,21.2,21.42,0.22,89804.6,89116.6,-0.766108,-0.4238,-0.443,-0.0192,PASS,PASS,PASS,PASS
ss_27c_3.63v,ss,27,3.63,1,1,0.05,71.65,71.65,0,24.45,24.45,0,89151.3,89151.3,0,-0.4394,-0.4394,0,PASS,PASS,PASS,PASS
ss_27c_3.63v,ss,27,3.63,1,1,0.2,76.42,76.42,0,30.06,30.06,0,89688.2,89688.2,0,-0.4321,-0.4321,0,PASS,PASS,PASS,PASS
ss_27c_3.63v,ss,27,3.63,1,1,0.5,85.92,85.92,0,26.05,26.05,0,92892.2,92892.2,0,-0.3989,-0.3989,0,PASS,PASS,PASS,PASS
ss_27c_3.63v,ss,27,3.63,1,4.7,0.001,52.92,52.52,-0.4,35.27,35.51,0.24,20454.9,20416.1,-0.189686,-0.5708,-0.5938,-0.023,PASS,PASS,PASS,PASS
ss_27c_3.63v,ss,27,3.63,1,4.7,0.05,54.23,54.23,0,43.43,43.43,0,20422.9,20422.9,0,-0.5895,-0.5895,0,PASS,PASS,PASS,PASS
ss_27c_3.63v,ss,27,3.63,1,4.7,0.2,59.56,59.56,0,34.78,34.78,0,20527.4,20527.4,0,-0.5889,-0.5889,0,PASS,PASS,PASS,PASS
ss_27c_3.63v,ss,27,3.63,1,4.7,0.5,70.86,70.86,0,27.55,27.55,0,21144.4,21144.4,0,-0.5367,-0.5367,0,PASS,PASS,PASS,PASS
ss_27c_3.63v,ss,27,3.63,10,0.33,0.001,24.29,24.36,0.07,5.1,5.11,0.01,480761,481297,0.11149,-0.6423,-0.6281,0.0142,FAIL,FAIL,PASS,PASS
ss_27c_3.63v,ss,27,3.63,10,0.33,0.05,27.03,27.03,0,5.98,5.98,0,481189,481189,0,-0.6305,-0.6305,0,FAIL,FAIL,PASS,PASS
ss_27c_3.63v,ss,27,3.63,10,0.33,0.2,34.94,34.86,-0.08,8.91,8.9,-0.01,488340,487773,-0.116108,-0.5776,-0.5921,-0.0145,FAIL,FAIL,PASS,PASS
ss_27c_3.63v,ss,27,3.63,10,0.33,0.5,47.7,47.61,-0.09,12.35,12.34,-0.01,528363,527610,-0.142516,-0.5359,-0.5517,-0.0158,PASS,PASS,PASS,PASS
ss_27c_3.63v,ss,27,3.63,10,1,0.001,57.19,57.25,0.06,14.78,14.79,0.01,188737,188806,0.0365588,-0.4668,-0.4631,0.0037,PASS,PASS,PASS,PASS
ss_27c_3.63v,ss,27,3.63,10,1,0.05,60.49,60.49,0,17.6,17.6,0,189037,189037,0,-0.5043,-0.5043,0,PASS,PASS,PASS,PASS
ss_27c_3.63v,ss,27,3.63,10,1,0.2,70.38,70.31,-0.07,21.96,21.95,-0.01,193892,193815,-0.0397128,-0.4587,-0.4625,-0.0038,PASS,PASS,PASS,PASS
ss_27c_3.63v,ss,27,3.63,10,1,0.5,88.78,88.7,-0.08,17.86,17.85,-0.01,228457,228301,-0.0682842,-0.3197,-0.3245,-0.0048,PASS,PASS,PASS,PASS
ss_27c_3.63v,ss,27,3.63,10,4.7,0.001,54.77,54.8,0.03,28.54,28.55,0.01,45841,45843.8,0.00610807,-0.5185,-0.5178,0.0007,PASS,PASS,PASS,PASS
ss_27c_3.63v,ss,27,3.63,10,4.7,0.05,58.61,58.61,0,35.12,35.12,0,45924.1,45924.1,0,-0.5573,-0.5573,0,PASS,PASS,PASS,PASS
ss_27c_3.63v,ss,27,3.63,10,4.7,0.2,70.91,70.89,-0.02,26.71,26.71,0,47261,47257.8,-0.00677091,-0.5203,-0.521,-0.0007,PASS,PASS,PASS,PASS
ss_27c_3.63v,ss,27,3.63,10,4.7,0.5,99.09,99.06,-0.03,19.38,19.37,-0.01,57635.3,57627.7,-0.0131864,-0.3097,-0.3106,-0.0009,PASS,PASS,PASS,PASS
ss_27c_3.63v,ss,27,3.63,25,0.33,0.001,10.43,10.43,0,2.2,2.2,0,587589,587589,0,-0.7357,-0.7357,0,FAIL,FAIL,PASS,PASS
ss_27c_3.63v,ss,27,3.63,25,0.33,0.05,13.76,13.77,0.01,3.06,3.07,0.01,588331,588275,-0.00951845,-0.7169,-0.7182,-0.0013,FAIL,FAIL,PASS,PASS
ss_27c_3.63v,ss,27,3.63,25,0.33,0.2,23.05,23.05,0,5.95,5.95,0,598985,598985,0,-0.6884,-0.6884,0,FAIL,FAIL,PASS,PASS
ss_27c_3.63v,ss,27,3.63,25,0.33,0.5,36.81,36.82,0.01,9.49,9.5,0.01,663005,662921,-0.0126696,-0.6312,-0.6328,-0.0016,FAIL,FAIL,PASS,PASS
ss_27c_3.63v,ss,27,3.63,25,1,0.001,49.01,49.01,0,11.86,11.86,0,250314,250314,0,-0.4904,-0.4904,0,PASS,PASS,PASS,PASS
ss_27c_3.63v,ss,27,3.63,25,1,0.05,53.35,53.35,0,14.63,14.64,0.01,250990,250978,-0.00478107,-0.5181,-0.5186,-0.0005,PASS,PASS,PASS,PASS
ss_27c_3.63v,ss,27,3.63,25,1,0.2,65.83,65.83,0,19.13,19.13,0,261791,261791,0,-0.4621,-0.4621,0,PASS,PASS,PASS,PASS
ss_27c_3.63v,ss,27,3.63,25,1,0.5,85.05,85.05,0,15.1,15.11,0.01,349998,349958,-0.0114286,-0.3215,-0.3223,-0.0008,PASS,PASS,PASS,PASS
ss_27c_3.63v,ss,27,3.63,25,4.7,0.001,57.35,57.35,0,25.57,25.57,0,60917.7,60917.7,0,-0.5272,-0.5272,0,PASS,PASS,PASS,PASS
ss_27c_3.63v,ss,27,3.63,25,4.7,0.05,62.45,62.45,0,32.3,32.31,0.01,61125.2,61124.1,-0.00179959,-0.4892,-0.4893,-0.0001,PASS,PASS,PASS,PASS
ss_27c_3.63v,ss,27,3.63,25,4.7,0.2,78.87,78.87,0,23.98,23.98,0,64572.5,64572.5,0,-0.4537,-0.4537,0,PASS,PASS,PASS,PASS
ss_27c_3.63v,ss,27,3.63,25,4.7,0.5,118.43,118.43,0,16.63,16.64,0.01,106939,106931,-0.0074809,-0.1628,-0.1631,-0.0003,PASS,PASS,PASS,PASS
ss_27c_3.63v,ss,27,3.63,50,0.33,0.001,0.47,0.47,0,0.1,0.1,0,674147,674054,-0.0137952,-0.7214,-0.7235,-0.0021,FAIL,FAIL,PASS,PASS
ss_27c_3.63v,ss,27,3.63,50,0.33,0.05,4.29,4.29,0,0.95,0.95,0,675086,675086,0,-0.785,-0.785,0,FAIL,FAIL,PASS,PASS
ss_27c_3.63v,ss,27,3.63,50,0.33,0.2,14.7,14.7,0,3.79,3.79,0,689876,689876,0,-0.6965,-0.6965,0,FAIL,FAIL,PASS,PASS
ss_27c_3.63v,ss,27,3.63,50,0.33,0.5,28.81,28.81,0,7.31,7.31,0,777684,777684,0,-0.6227,-0.6227,0,FAIL,FAIL,PASS,PASS
ss_27c_3.63v,ss,27,3.63,50,1,0.001,42.19,42.19,0,9.74,9.74,0,304243,304221,-0.00723106,-0.5221,-0.5229,-0.0008,FAIL,FAIL,PASS,PASS
ss_27c_3.63v,ss,27,3.63,50,1,0.05,47.43,47.43,0,12.47,12.47,0,305376,305376,0,-0.5397,-0.5397,0,PASS,PASS,PASS,PASS
ss_27c_3.63v,ss,27,3.63,50,1,0.2,61.89,61.89,0,16.95,16.95,0,324161,324161,0,-0.4661,-0.4661,0,PASS,PASS,PASS,PASS
ss_27c_3.63v,ss,27,3.63,50,1,0.5,77.63,77.63,0,12.96,12.96,0,483654,483654,0,-0.3303,-0.3303,0,PASS,PASS,PASS,PASS
ss_27c_3.63v,ss,27,3.63,50,4.7,0.001,58.86,58.86,0,23.42,23.42,0,74809.1,74808.1,-0.00133674,-0.5286,-0.5287,-0.0001,PASS,PASS,PASS,PASS
ss_27c_3.63v,ss,27,3.63,50,4.7,0.05,65.11,65.11,0,30.12,30.12,0,75203.6,75203.6,0,-0.4717,-0.4717,0,PASS,PASS,PASS,PASS
ss_27c_3.63v,ss,27,3.63,50,4.7,0.2,85.31,85.31,0,21.84,21.84,0,82164.2,82164.2,0,-0.4143,-0.4143,0,PASS,PASS,PASS,PASS
ss_27c_3.63v,ss,27,3.63,50,4.7,0.5,121.48,121.48,0,14.49,14.49,0,275737,275737,0,-0.09766,-0.09766,0,PASS,PASS,PASS,PASS
tt_-40c_2.97v,tt,-40,2.97,0,0.33,0.001,34.34,34.34,0,53.23,53.23,0,3390.39,3390.39,0,-0.7386,-0.7386,0,FAIL,FAIL,PASS,PASS
tt_-40c_2.97v,tt,-40,2.97,0,0.33,0.05,34.36,34.36,0,53.22,53.22,0,3390.39,3390.39,0,-0.7386,-0.7386,0,FAIL,FAIL,PASS,PASS
tt_-40c_2.97v,tt,-40,2.97,0,0.33,0.2,34.42,34.42,0,53.2,53.2,0,3390.39,3390.39,0,-0.7386,-0.7386,0,FAIL,FAIL,PASS,PASS
tt_-40c_2.97v,tt,-40,2.97,0,0.33,0.5,34.54,34.54,0,53.15,53.15,0,3390.4,3390.4,0,-0.7385,-0.7385,0,FAIL,FAIL,PASS,PASS
tt_-40c_2.97v,tt,-40,2.97,0,1,0.001,20.29,20.29,0,53.21,53.21,0,1822.52,1822.52,0,-0.8169,-0.8169,0,FAIL,FAIL,PASS,PASS
tt_-40c_2.97v,tt,-40,2.97,0,1,0.05,20.32,20.32,0,53.2,53.2,0,1822.52,1822.52,0,-0.8169,-0.8169,0,FAIL,FAIL,PASS,PASS
tt_-40c_2.97v,tt,-40,2.97,0,1,0.2,20.42,20.42,0,53.18,53.18,0,1822.52,1822.52,0,-0.8169,-0.8169,0,FAIL,FAIL,PASS,PASS
tt_-40c_2.97v,tt,-40,2.97,0,1,0.5,20.61,20.61,0,53.14,53.14,0,1822.54,1822.54,0,-0.8167,-0.8167,0,FAIL,FAIL,PASS,PASS
tt_-40c_2.97v,tt,-40,2.97,0,4.7,0.001,9.56,9.56,0,53.2,53.2,0,819.191,819.192,0.000122072,-0.8521,-0.8521,0,FAIL,FAIL,PASS,PASS
tt_-40c_2.97v,tt,-40,2.97,0,4.7,0.05,9.63,9.63,0,53.19,53.19,0,819.192,819.192,0,-0.8521,-0.8521,0,FAIL,FAIL,PASS,PASS
tt_-40c_2.97v,tt,-40,2.97,0,4.7,0.2,9.83,9.83,0,53.17,53.17,0,819.196,819.196,0,-0.852,-0.852,0,FAIL,FAIL,PASS,PASS
tt_-40c_2.97v,tt,-40,2.97,0,4.7,0.5,10.25,10.25,0,53.13,53.13,0,819.221,819.221,0,-0.8514,-0.8514,0,FAIL,FAIL,PASS,PASS
tt_-40c_2.97v,tt,-40,2.97,0.1,0.33,0.001,56.26,56.26,0,20.48,20.48,0,107195,107195,0,-0.5407,-0.5407,0,PASS,PASS,PASS,PASS
tt_-40c_2.97v,tt,-40,2.97,0.1,0.33,0.05,56.56,56.89,0.33,21.68,21.69,0.01,106299,107200,0.847609,-0.5708,-0.5402,0.0306,PASS,PASS,PASS,PASS
tt_-40c_2.97v,tt,-40,2.97,0.1,0.33,0.2,58.77,58.77,0,26.72,26.72,0,107283,107283,0,-0.5313,-0.5313,0,PASS,PASS,PASS,PASS
tt_-40c_2.97v,tt,-40,2.97,0.1,0.33,0.5,62.46,62.46,0,35.88,35.88,0,107749,107749,0,-0.5425,-0.5425,0,PASS,PASS,PASS,PASS
tt_-40c_2.97v,tt,-40,2.97,0.1,1,0.001,74.07,74.07,0,30.39,30.39,0,35503.6,35503.6,0,-0.4074,-0.4074,0,PASS,PASS,PASS,PASS
tt_-40c_2.97v,tt,-40,2.97,0.1,1,0.05,74.39,74.7,0.31,35.11,35.15,0.04,35310,35505.9,0.5548,-0.4061,-0.4068,-0.0007,PASS,PASS,PASS,PASS
tt_-40c_2.97v,tt,-40,2.97,0.1,1,0.2,76.62,76.62,0,46.06,46.06,0,35541.9,35541.9,0,-0.3979,-0.3979,0,PASS,PASS,PASS,PASS
tt_-40c_2.97v,tt,-40,2.97,0.1,1,0.5,80.48,80.48,0,40.71,40.71,0,35746.1,35746.1,0,-0.3932,-0.3932,0,PASS,PASS,PASS,PASS
tt_-40c_2.97v,tt,-40,2.97,0.1,4.7,0.001,48.48,48.48,0,46.33,46.33,0,8892.89,8892.89,0,-0.6628,-0.6628,0,PASS,PASS,PASS,PASS
tt_-40c_2.97v,tt,-40,2.97,0.1,4.7,0.05,48.98,49.22,0.24,53.26,53.22,-0.04,8877.82,8893.41,0.175606,-0.6148,-0.662,-0.0472,PASS,PASS,PASS,PASS
tt_-40c_2.97v,tt,-40,2.97,0.1,4.7,0.2,51.5,51.5,0,48.05,48.05,0,8901.42,8901.42,0,-0.6496,-0.6496,0,PASS,PASS,PASS,PASS
tt_-40c_2.97v,tt,-40,2.97,0.1,4.7,0.5,56.17,56.17,0,41.69,41.69,0,8946.86,8946.86,0,-0.6493,-0.6493,0,PASS,PASS,PASS,PASS
tt_-40c_2.97v,tt,-40,2.97,1,0.33,0.001,51.06,51.06,0,11.93,11.93,0,273729,273729,0,-0.5196,-0.5196,0,PASS,PASS,PASS,PASS
tt_-40c_2.97v,tt,-40,2.97,1,0.33,0.05,52.64,52.64,0,12.89,12.89,0,273824,273824,0,-0.5157,-0.5157,0,PASS,PASS,PASS,PASS
tt_-40c_2.97v,tt,-40,2.97,1,0.33,0.2,57.35,57.35,0,16.15,16.15,0,275281,275281,0,-0.5152,-0.5152,0,PASS,PASS,PASS,PASS
tt_-40c_2.97v,tt,-40,2.97,1,0.33,0.5,66.21,66.21,0,19.61,19.61,0,283831,283831,0,-0.4706,-0.4706,0,PASS,PASS,PASS,PASS
tt_-40c_2.97v,tt,-40,2.97,1,1,0.001,69.48,69.48,0,21.66,21.66,0,94602.3,94602.3,0,-0.4272,-0.4272,0,PASS,PASS,PASS,PASS
tt_-40c_2.97v,tt,-40,2.97,1,1,0.05,71.15,71.15,0,24.82,24.82,0,94643.1,94643.1,0,-0.4231,-0.4231,0,PASS,PASS,PASS,PASS
tt_-40c_2.97v,tt,-40,2.97,1,1,0.2,76.25,76.25,0,29.14,29.14,0,95279.9,95279.9,0,-0.458,-0.458,0,PASS,PASS,PASS,PASS
tt_-40c_2.97v,tt,-40,2.97,1,1,0.5,86.56,86.56,0,24.64,24.64,0,99117.7,99117.6,-0.00010089,-0.3838,-0.3838,0,PASS,PASS,PASS,PASS
tt_-40c_2.97v,tt,-40,2.97,1,4.7,0.001,47.77,47.77,0,35.72,35.72,0,23537.3,23537.3,0,-0.6527,-0.6527,0,PASS,PASS,PASS,PASS
tt_-40c_2.97v,tt,-40,2.97,1,4.7,0.05,49.73,49.73,0,42.21,42.21,0,23547.1,23547.1,0,-0.647,-0.647,0,PASS,PASS,PASS,PASS
tt_-40c_2.97v,tt,-40,2.97,1,4.7,0.2,55.9,55.9,0,33.33,33.33,0,23697.7,23697.7,0,-0.629,-0.629,0,PASS,PASS,PASS,PASS
tt_-40c_2.97v,tt,-40,2.97,1,4.7,0.5,68.99,68.99,0,26.03,26.03,0,24593.7,24593.7,0,-0.5444,-0.5444,0,PASS,PASS,PASS,PASS
tt_-40c_2.97v,tt,-40,2.97,10,0.33,0.001,23.53,23.53,0,5.08,5.08,0,526452,526452,0,-0.6638,-0.6638,0,FAIL,FAIL,PASS,PASS
tt_-40c_2.97v,tt,-40,2.97,10,0.33,0.05,26.54,26.54,0,6.06,6.06,0,527004,527004,0,-0.6497,-0.6497,0,FAIL,FAIL,PASS,PASS
tt_-40c_2.97v,tt,-40,2.97,10,0.33,0.2,35.05,35.05,0,9.35,9.35,0,535578,535578,0,-0.6465,-0.6465,0,FAIL,FAIL,PASS,PASS
tt_-40c_2.97v,tt,-40,2.97,10,0.33,0.5,48.61,48.61,0,12.5,12.5,0,588161,588161,0,-0.551,-0.551,0,PASS,PASS,PASS,PASS
tt_-40c_2.97v,tt,-40,2.97,10,1,0.001,55.28,55.28,0,14.75,14.75,0,208902,208902,0,-0.4936,-0.4936,0,PASS,PASS,PASS,PASS
tt_-40c_2.97v,tt,-40,2.97,10,1,0.05,58.94,58.94,0,17.93,17.93,0,209301,209301,0,-0.4735,-0.4735,0,PASS,PASS,PASS,PASS
tt_-40c_2.97v,tt,-40,2.97,10,1,0.2,69.8,69.8,0,21.91,21.91,0,215731,215731,0,-0.4839,-0.4839,0,PASS,PASS,PASS,PASS
tt_-40c_2.97v,tt,-40,2.97,10,1,0.5,89.9,89.9,0,17.3,17.3,0,264779,264779,0,-0.3131,-0.3131,0,PASS,PASS,PASS,PASS
tt_-40c_2.97v,tt,-40,2.97,10,4.7,0.001,51.98,51.98,0,28.53,28.53,0,52813.1,52813.1,0,-0.5625,-0.5625,0,PASS,PASS,PASS,PASS
tt_-40c_2.97v,tt,-40,2.97,10,4.7,0.05,56.41,56.41,0,34.9,34.9,0,52936.1,52936.1,0,-0.5341,-0.5341,0,PASS,PASS,PASS,PASS
tt_-40c_2.97v,tt,-40,2.97,10,4.7,0.2,70.61,70.61,0,26.05,26.05,0,54926.7,54926.7,0,-0.5217,-0.5217,0,PASS,PASS,PASS,PASS
tt_-40c_2.97v,tt,-40,2.97,10,4.7,0.5,103.66,103.66,0,18.65,18.65,0,71988.1,71988.1,0,-0.2812,-0.2812,0,PASS,PASS,PASS,PASS
tt_-40c_2.97v,tt,-40,2.97,25,0.33,0.001,9.74,9.74,0,2.09,2.09,0,647305,647305,0,-0.6742,-0.6742,0,FAIL,FAIL,PASS,PASS
tt_-40c_2.97v,tt,-40,2.97,25,0.33,0.05,13.42,13.42,0,3.06,3.06,0,648206,648206,0,-0.7331,-0.7331,0,FAIL,FAIL,PASS,PASS
tt_-40c_2.97v,tt,-40,2.97,25,0.33,0.2,23.54,23.54,0,6.29,6.29,0,662368,662368,0,-0.651,-0.651,0,FAIL,FAIL,PASS,PASS
tt_-40c_2.97v,tt,-40,2.97,25,0.33,0.5,37.86,37.86,0,9.53,9.53,0,748443,748443,0,-0.6143,-0.6143,0,FAIL,FAIL,PASS,PASS
tt_-40c_2.97v,tt,-40,2.97,25,1,0.001,47.43,47.43,0,11.75,11.75,0,277901,277901,0,-0.5446,-0.5446,0,PASS,PASS,PASS,PASS
tt_-40c_2.97v,tt,-40,2.97,25,1,0.05,52.25,52.25,0,14.86,14.86,0,278794,278794,0,-0.509,-0.509,0,PASS,PASS,PASS,PASS
tt_-40c_2.97v,tt,-40,2.97,25,1,0.2,66.01,66.01,0,18.95,18.95,0,293564,293564,0,-0.4641,-0.4641,0,PASS,PASS,PASS,PASS
tt_-40c_2.97v,tt,-40,2.97,25,1,0.5,85.33,85.33,0,14.4,14.4,0,422882,422882,0,-0.276,-0.276,0,PASS,PASS,PASS,PASS
tt_-40c_2.97v,tt,-40,2.97,25,4.7,0.001,54.71,54.71,0,25.47,25.47,0,69765.1,69765.1,0,-0.512,-0.512,0,PASS,PASS,PASS,PASS
tt_-40c_2.97v,tt,-40,2.97,25,4.7,0.05,60.56,60.56,0,31.96,31.96,0,70064.1,70064.1,0,-0.5218,-0.5218,0,PASS,PASS,PASS,PASS
tt_-40c_2.97v,tt,-40,2.97,25,4.7,0.2,79.5,79.5,0,23.17,23.17,0,75180.2,75180.2,0,-0.4306,-0.4306,0,PASS,PASS,PASS,PASS
tt_-40c_2.97v,tt,-40,2.97,25,4.7,0.5,124.35,124.35,0,15.76,15.76,0,163635,163635,0,-0.1087,-0.1087,0,PASS,PASS,PASS,PASS
tt_-40c_2.97v,tt,-40,2.97,50,0.33,0.001,-0.04,-0.04,0,-0.01,-0.01,0,743090,743090,0,-0.7306,-0.7306,0,FAIL,FAIL,PASS,PASS
tt_-40c_2.97v,tt,-40,2.97,50,0.33,0.05,4.16,4.16,0,0.94,0.94,0,744316,744316,0,-0.79,-0.79,0,FAIL,FAIL,PASS,PASS
tt_-40c_2.97v,tt,-40,2.97,50,0.33,0.2,15.47,15.47,0,4.12,4.12,0,764023,764023,0,-0.7151,-0.7151,0,FAIL,FAIL,PASS,PASS
tt_-40c_2.97v,tt,-40,2.97,50,0.33,0.5,29.84,29.84,0,7.35,7.35,0,881917,881917,0,-0.6195,-0.6195,0,FAIL,FAIL,PASS,PASS
tt_-40c_2.97v,tt,-40,2.97,50,1,0.001,40.83,40.83,0,9.63,9.63,0,337396,337396,0,-0.5296,-0.5296,0,FAIL,FAIL,PASS,PASS
tt_-40c_2.97v,tt,-40,2.97,50,1,0.05,46.62,46.62,0,12.69,12.69,0,338911,338911,0,-0.5384,-0.5384,0,PASS,PASS,PASS,PASS
tt_-40c_2.97v,tt,-40,2.97,50,1,0.2,62.45,62.45,0,16.76,16.76,0,364608,364608,0,-0.4904,-0.4904,0,PASS,PASS,PASS,PASS
tt_-40c_2.97v,tt,-40,2.97,50,1,0.5,75.97,75.97,0,12.26,12.26,0,590695,590695,0,-0.3433,-0.3433,0,PASS,PASS,PASS,PASS
tt_-40c_2.97v,tt,-40,2.97,50,4.7,0.001,56.3,56.3,0,23.32,23.32,0,85161,85161,0,-0.5156,-0.5156,0,PASS,PASS,PASS,PASS
tt_-40c_2.97v,tt,-40,2.97,50,4.7,0.05,63.43,63.43,0,29.77,29.77,0,85723.3,85723.3,0,-0.4995,-0.4995,0,PASS,PASS,PASS,PASS
tt_-40c_2.97v,tt,-40,2.97,50,4.7,0.2,86.61,86.61,0,21.02,21.02,0,96028,96028,0,-0.3986,-0.3986,0,PASS,PASS,PASS,PASS
tt_-40c_2.97v,tt,-40,2.97,50,4.7,0.5,110.9,110.9,0,13.61,13.61,0,441228,441228,0,-0.1581,-0.1581,0,PASS,PASS,PASS,PASS
tt_-40c_3.30v,tt,-40,3.3,0,0.33,0.001,36.23,36.23,0,53.14,53.14,0,3635.35,3635.35,0,-0.7144,-0.7144,0,FAIL,FAIL,PASS,PASS
tt_-40c_3.30v,tt,-40,3.3,0,0.33,0.05,36.25,36.25,0,53.13,53.13,0,3635.35,3635.35,0,-0.7144,-0.7144,0,FAIL,FAIL,PASS,PASS
tt_-40c_3.30v,tt,-40,3.3,0,0.33,0.2,36.31,36.31,0,53.12,53.12,0,3635.35,3635.35,0,-0.7144,-0.7144,0,FAIL,FAIL,PASS,PASS
tt_-40c_3.30v,tt,-40,3.3,0,0.33,0.5,36.44,36.44,0,53.08,53.08,0,3635.36,3635.36,0,-0.7143,-0.7143,0,FAIL,FAIL,PASS,PASS
tt_-40c_3.30v,tt,-40,3.3,0,1,0.001,21.48,21.48,0,53.12,53.12,0,1938.38,1938.38,0,-0.8375,-0.8375,0,FAIL,FAIL,PASS,PASS
tt_-40c_3.30v,tt,-40,3.3,0,1,0.05,21.51,21.51,0,53.12,53.12,0,1938.38,1938.38,0,-0.8375,-0.8375,0,FAIL,FAIL,PASS,PASS
tt_-40c_3.30v,tt,-40,3.3,0,1,0.2,21.62,21.62,0,53.1,53.1,0,1938.38,1938.38,0,-0.8375,-0.8375,0,FAIL,FAIL,PASS,PASS
tt_-40c_3.30v,tt,-40,3.3,0,1,0.5,21.83,21.83,0,53.06,53.06,0,1938.4,1938.4,0,-0.8373,-0.8373,0,FAIL,FAIL,PASS,PASS
tt_-40c_3.30v,tt,-40,3.3,0,4.7,0.001,10.13,10.13,0,53.12,53.12,0,868.473,868.473,0,-0.836,-0.836,0,FAIL,FAIL,PASS,PASS
tt_-40c_3.30v,tt,-40,3.3,0,4.7,0.05,10.21,10.21,0,53.11,53.11,0,868.473,868.474,0.000115145,-0.836,-0.836,0,FAIL,FAIL,PASS,PASS
tt_-40c_3.30v,tt,-40,3.3,0,4.7,0.2,10.43,10.43,0,53.09,53.09,0,868.479,868.479,0,-0.8359,-0.8359,0,FAIL,FAIL,PASS,PASS
tt_-40c_3.30v,tt,-40,3.3,0,4.7,0.5,10.87,10.87,0,53.05,53.05,0,868.509,868.509,0,-0.8352,-0.8352,0,FAIL,FAIL,PASS,PASS
tt_-40c_3.30v,tt,-40,3.3,0.1,0.33,0.001,50.78,50.78,0,19.97,19.97,0,121736,121736,0,-0.5811,-0.5811,0,PASS,PASS,PASS,PASS
tt_-40c_3.30v,tt,-40,3.3,0.1,0.33,0.05,51.2,51.48,0.28,21.33,21.36,0.03,120728,121743,0.840733,-0.6124,-0.5803,0.0321,PASS,PASS,PASS,PASS
tt_-40c_3.30v,tt,-40,3.3,0.1,0.33,0.2,53.62,53.62,0,27.52,27.52,0,121855,121855,0,-0.5689,-0.5689,0,PASS,PASS,PASS,PASS
tt_-40c_3.30v,tt,-40,3.3,0.1,0.33,0.5,57.79,57.79,0,37,37,0,122484,122484,0,-0.571,-0.571,0,PASS,PASS,PASS,PASS
tt_-40c_3.30v,tt,-40,3.3,0.1,1,0.001,73.42,73.42,0,29.87,29.87,0,43163.7,43163.7,0,-0.4139,-0.4139,0,PASS,PASS,PASS,PASS
tt_-40c_3.30v,tt,-40,3.3,0.1,1,0.05,73.9,74.18,0.28,35.49,35.56,0.07,42916.8,43167.9,0.585086,-0.4146,-0.413,0.0016,PASS,PASS,PASS,PASS
tt_-40c_3.30v,tt,-40,3.3,0.1,1,0.2,76.5,76.5,0,46.67,46.67,0,43232.5,43232.5,0,-0.3998,-0.3998,0,PASS,PASS,PASS,PASS
tt_-40c_3.30v,tt,-40,3.3,0.1,1,0.5,81.14,81.14,0,40.96,40.96,0,43599.8,43599.8,0,-0.4172,-0.4172,0,PASS,PASS,PASS,PASS
tt_-40c_3.30v,tt,-40,3.3,0.1,4.7,0.001,53.45,53.45,0,45.66,45.66,0,9974.66,9974.66,0,-0.6228,-0.6228,0,PASS,PASS,PASS,PASS
tt_-40c_3.30v,tt,-40,3.3,0.1,4.7,0.05,54.03,54.28,0.25,53.24,53.21,-0.03,9954.52,9975.45,0.210256,-0.5817,-0.6218,-0.0401,PASS,PASS,PASS,PASS
tt_-40c_3.30v,tt,-40,3.3,0.1,4.7,0.2,56.85,56.85,0,48.22,48.22,0,9987.58,9987.58,0,-0.6061,-0.6061,0,PASS,PASS,PASS,PASS
tt_-40c_3.30v,tt,-40,3.3,0.1,4.7,0.5,62.11,62.11,0,41.81,41.81,0,10056.5,10056.5,0,-0.5833,-0.5833,0,PASS,PASS,PASS,PASS
tt_-40c_3.30v,tt,-40,3.3,1,0.33,0.001,46.01,46.01,0,11.4,11.4,0,314688,314688,0,-0.5426,-0.5426,0,PASS,PASS,PASS,PASS
tt_-40c_3.30v,tt,-40,3.3,1,0.33,0.05,47.83,47.83,0,12.53,12.53,0,314824,314824,0,-0.5376,-0.5376,0,PASS,PASS,PASS,PASS
tt_-40c_3.30v,tt,-40,3.3,1,0.33,0.2,53.2,53.2,0,16.48,16.48,0,316900,316900,0,-0.5227,-0.5227,0,PASS,PASS,PASS,PASS
tt_-40c_3.30v,tt,-40,3.3,1,0.33,0.5,63.12,63.12,0,20.19,20.19,0,329131,329131,0,-0.514,-0.514,0,PASS,PASS,PASS,PASS
tt_-40c_3.30v,tt,-40,3.3,1,1,0.001,68.84,68.84,0,21.14,21.14,0,113248,113248,0,-0.4706,-0.4706,0,PASS,PASS,PASS,PASS
tt_-40c_3.30v,tt,-40,3.3,1,1,0.05,70.83,70.83,0,24.92,24.92,0,113318,113318,0,-0.4646,-0.4646,0,PASS,PASS,PASS,PASS
tt_-40c_3.30v,tt,-40,3.3,1,1,0.2,76.89,76.89,0,29.57,29.57,0,114405,114405,0,-0.4234,-0.4234,0,PASS,PASS,PASS,PASS
tt_-40c_3.30v,tt,-40,3.3,1,1,0.5,88.97,88.97,0,24.66,24.66,0,121124,121124,0,-0.3821,-0.3821,0,PASS,PASS,PASS,PASS
tt_-40c_3.30v,tt,-40,3.3,1,4.7,0.001,52.78,52.78,0,35.23,35.23,0,26322.5,26322.5,0,-0.5782,-0.5782,0,PASS,PASS,PASS,PASS
tt_-40c_3.30v,tt,-40,3.3,1,4.7,0.05,54.98,54.98,0,42.53,42.53,0,26337.3,26337.3,0,-0.5711,-0.5711,0,PASS,PASS,PASS,PASS
tt_-40c_3.30v,tt,-40,3.3,1,4.7,0.2,61.92,61.92,0,33.27,33.27,0,26565.4,26565.4,0,-0.5899,-0.5899,0,PASS,PASS,PASS,PASS
tt_-40c_3.30v,tt,-40,3.3,1,4.7,0.5,76.89,76.89,0,25.89,25.89,0,27960.5,27960.5,0,-0.5226,-0.5226,0,PASS,PASS,PASS,PASS
tt_-40c_3.30v,tt,-40,3.3,10,0.33,0.001,21.68,21.68,0,5.01,5.01,0,573889,573889,0,-0.6936,-0.6936,0,FAIL,FAIL,PASS,PASS
tt_-40c_3.30v,tt,-40,3.3,10,0.33,0.05,24.95,24.95,0,6.16,6.16,0,574577,574577,0,-0.6768,-0.6768,0,FAIL,FAIL,PASS,PASS
tt_-40c_3.30v,tt,-40,3.3,10,0.33,0.2,34.19,34.19,0,10.11,10.11,0,585240,585240,0,-0.643,-0.643,0,FAIL,FAIL,PASS,PASS
tt_-40c_3.30v,tt,-40,3.3,10,0.33,0.5,48.64,48.64,0,13.22,13.22,0,650761,650761,0,-0.5294,-0.5294,0,PASS,PASS,PASS,PASS
tt_-40c_3.30v,tt,-40,3.3,10,1,0.001,53.84,53.84,0,14.7,14.7,0,235418,235418,0,-0.5177,-0.5177,0,PASS,PASS,PASS,PASS
tt_-40c_3.30v,tt,-40,3.3,10,1,0.05,57.94,57.94,0,18.48,18.48,0,235983,235983,0,-0.492,-0.492,0,PASS,PASS,PASS,PASS
tt_-40c_3.30v,tt,-40,3.3,10,1,0.2,70.02,70.02,0,22.45,22.45,0,245109,245109,0,-0.4783,-0.4783,0,PASS,PASS,PASS,PASS
tt_-40c_3.30v,tt,-40,3.3,10,1,0.5,91.07,91.07,0,17.42,17.42,0,318903,318903,0,-0.2871,-0.2871,0,PASS,PASS,PASS,PASS
tt_-40c_3.30v,tt,-40,3.3,10,4.7,0.001,54.29,54.29,0,28.51,28.51,0,58753.9,58753.9,0,-0.573,-0.573,0,PASS,PASS,PASS,PASS
tt_-40c_3.30v,tt,-40,3.3,10,4.7,0.05,59.22,59.22,0,35.33,35.33,0,58930.3,58930.3,0,-0.5375,-0.5375,0,PASS,PASS,PASS,PASS
tt_-40c_3.30v,tt,-40,3.3,10,4.7,0.2,75.11,75.11,0,26.08,26.08,0,61826,61826,0,-0.4615,-0.4615,0,PASS,PASS,PASS,PASS
tt_-40c_3.30v,tt,-40,3.3,10,4.7,0.5,113.27,113.27,0,18.61,18.61,0,91891.5,91891.5,0,-0.1966,-0.1966,0,PASS,PASS,PASS,PASS
tt_-40c_3.30v,tt,-40,3.3,25,0.33,0.001,8.75,8.75,0,2.03,2.03,0,697922,697922,0,-0.6895,-0.6895,0,FAIL,FAIL,PASS,PASS
tt_-40c_3.30v,tt,-40,3.3,25,0.33,0.05,12.71,12.71,0,3.15,3.15,0,699024,699024,0,-0.7472,-0.7472,0,FAIL,FAIL,PASS,PASS
tt_-40c_3.30v,tt,-40,3.3,25,0.33,0.2,23.61,23.61,0,7.03,7.03,0,716252,716252,0,-0.7011,-0.7011,0,FAIL,FAIL,PASS,PASS
tt_-40c_3.30v,tt,-40,3.3,25,0.33,0.5,38.76,38.76,0,10.27,10.27,0,821037,821037,0,-0.614,-0.614,0,FAIL,FAIL,PASS,PASS
tt_-40c_3.30v,tt,-40,3.3,25,1,0.001,45.35,45.35,0,11.69,11.69,0,309804,309804,0,-0.511,-0.511,0,PASS,PASS,PASS,PASS
tt_-40c_3.30v,tt,-40,3.3,25,1,0.05,50.7,50.7,0,15.39,15.39,0,311014,311014,0,-0.5264,-0.5264,0,PASS,PASS,PASS,PASS
tt_-40c_3.30v,tt,-40,3.3,25,1,0.2,65.75,65.75,0,19.52,19.52,0,331056,331056,0,-0.479,-0.479,0,PASS,PASS,PASS,PASS
tt_-40c_3.30v,tt,-40,3.3,25,1,0.5,83.76,83.76,0,14.55,14.55,0,507857,507857,0,-0.2963,-0.2963,0,PASS,PASS,PASS,PASS
tt_-40c_3.30v,tt,-40,3.3,25,4.7,0.001,56.36,56.36,0,25.45,25.45,0,78026.8,78026.8,0,-0.5319,-0.5319,0,PASS,PASS,PASS,PASS
tt_-40c_3.30v,tt,-40,3.3,25,4.7,0.05,62.9,62.9,0,32.42,32.42,0,78461,78461,0,-0.527,-0.527,0,PASS,PASS,PASS,PASS
tt_-40c_3.30v,tt,-40,3.3,25,4.7,0.2,84.17,84.17,0,23.23,23.23,0,86087,86087,0,-0.421,-0.421,0,PASS,PASS,PASS,PASS
tt_-40c_3.30v,tt,-40,3.3,25,4.7,0.5,123.19,123.19,0,15.75,15.75,0,303367,303367,0,-0.1069,-0.1069,0,PASS,PASS,PASS,PASS
tt_-40c_3.30v,tt,-40,3.3,50,0.33,0.001,-0.5,-0.5,0,-0.11,-0.11,0,798958,798958,0,-0.7834,-0.7834,0,FAIL,FAIL,PASS,PASS
tt_-40c_3.30v,tt,-40,3.3,50,0.33,0.05,4.02,4.02,0,0.99,0.99,0,800477,800477,0,-0.7519,-0.7519,0,FAIL,FAIL,PASS,PASS
tt_-40c_3.30v,tt,-40,3.3,50,0.33,0.2,16.17,16.17,0,4.8,4.8,0,824517,824517,0,-0.7066,-0.7066,0,FAIL,FAIL,PASS,PASS
tt_-40c_3.30v,tt,-40,3.3,50,0.33,0.5,31.26,31.26,0,8.04,8.04,0,968274,968274,0,-0.6007,-0.6007,0,FAIL,FAIL,PASS,PASS
tt_-40c_3.30v,tt,-40,3.3,50,1,0.001,38.46,38.46,0,9.53,9.53,0,374022,374022,0,-0.5584,-0.5584,0,FAIL,FAIL,PASS,PASS
tt_-40c_3.30v,tt,-40,3.3,50,1,0.05,44.85,44.85,0,13.16,13.16,0,376035,376035,0,-0.5571,-0.5571,0,FAIL,FAIL,PASS,PASS
tt_-40c_3.30v,tt,-40,3.3,50,1,0.2,61.99,61.99,0,17.3,17.3,0,410053,410053,0,-0.4804,-0.4804,0,PASS,PASS,PASS,PASS
tt_-40c_3.30v,tt,-40,3.3,50,1,0.5,73.36,73.36,0,12.36,12.36,0,694509,694509,0,-0.3711,-0.3711,0,PASS,PASS,PASS,PASS
tt_-40c_3.30v,tt,-40,3.3,50,4.7,0.001,57.45,57.45,0,23.27,23.27,0,95790.4,95790.4,0,-0.5385,-0.5385,0,PASS,PASS,PASS,PASS
tt_-40c_3.30v,tt,-40,3.3,50,4.7,0.05,65.47,65.47,0,30.19,30.19,0,96618.3,96618.3,0,-0.5004,-0.5004,0,PASS,PASS,PASS,PASS
tt_-40c_3.30v,tt,-40,3.3,50,4.7,0.2,91.57,91.57,0,21.04,21.04,0,112537,112537,0,-0.3388,-0.3388,0,PASS,PASS,PASS,PASS
tt_-40c_3.30v,tt,-40,3.3,50,4.7,0.5,100.63,100.63,0,13.56,13.56,0,591590,591590,0,-0.2408,-0.2408,0,PASS,PASS,PASS,PASS
tt_-40c_3.63v,tt,-40,3.63,0,0.33,0.001,37.95,37.95,0,53.08,53.08,0,3868.6,3868.6,0,-0.7167,-0.7167,0,FAIL,FAIL,PASS,PASS
tt_-40c_3.63v,tt,-40,3.63,0,0.33,0.05,37.97,37.97,0,53.07,53.07,0,3868.6,3868.6,0,-0.7167,-0.7167,0,FAIL,FAIL,PASS,PASS
tt_-40c_3.63v,tt,-40,3.63,0,0.33,0.2,38.04,38.04,0,53.06,53.06,0,3868.6,3868.6,0,-0.7167,-0.7167,0,FAIL,FAIL,PASS,PASS
tt_-40c_3.63v,tt,-40,3.63,0,0.33,0.5,38.18,38.18,0,53.02,53.02,0,3868.62,3868.61,-0.00025849,-0.7166,-0.7166,0,FAIL,FAIL,PASS,PASS
tt_-40c_3.63v,tt,-40,3.63,0,1,0.001,22.59,22.59,0,53.06,53.06,0,2046.6,2046.6,0,-0.791,-0.791,0,FAIL,FAIL,PASS,PASS
tt_-40c_3.63v,tt,-40,3.63,0,1,0.05,22.62,22.62,0,53.06,53.06,0,2046.6,2046.6,0,-0.791,-0.791,0,FAIL,FAIL,PASS,PASS
tt_-40c_3.63v,tt,-40,3.63,0,1,0.2,22.73,22.73,0,53.04,53.04,0,2046.61,2046.61,0,-0.791,-0.791,0,FAIL,FAIL,PASS,PASS
tt_-40c_3.63v,tt,-40,3.63,0,1,0.5,22.95,22.95,0,53.01,53.01,0,2046.62,2046.62,0,-0.7908,-0.7908,0,FAIL,FAIL,PASS,PASS
tt_-40c_3.63v,tt,-40,3.63,0,4.7,0.001,10.69,10.69,0,53.06,53.06,0,914.089,914.089,0,-0.8451,-0.8451,0,FAIL,FAIL,PASS,PASS
tt_-40c_3.63v,tt,-40,3.63,0,4.7,0.05,10.77,10.77,0,53.05,53.05,0,914.089,914.089,0,-0.8451,-0.8451,0,FAIL,FAIL,PASS,PASS
tt_-40c_3.63v,tt,-40,3.63,0,4.7,0.2,11,11,0,53.04,53.04,0,914.095,914.095,0,-0.8449,-0.8449,0,FAIL,FAIL,PASS,PASS
tt_-40c_3.63v,tt,-40,3.63,0,4.7,0.5,11.46,11.46,0,53,53,0,914.131,914.131,0,-0.8442,-0.8442,0,FAIL,FAIL,PASS,PASS
tt_-40c_3.63v,tt,-40,3.63,0.1,0.33,0.001,46.03,46.03,0,19.49,19.49,0,134523,134523,0,-0.5967,-0.5967,0,PASS,PASS,PASS,PASS
tt_-40c_3.63v,tt,-40,3.63,0.1,0.33,0.05,46.81,46.81,0,21.06,21.06,0,134532,134532,0,-0.6669,-0.6669,0,PASS,PASS,PASS,PASS
tt_-40c_3.63v,tt,-40,3.63,0.1,0.33,0.2,48.92,49.17,0.25,28.44,28.51,0.07,133585,134673,0.814463,-0.6124,-0.6528,-0.0404,PASS,PASS,PASS,PASS
tt_-40c_3.63v,tt,-40,3.63,0.1,0.33,0.5,53.76,53.76,0,37.82,37.82,0,135467,135467,0,-0.645,-0.645,0,PASS,PASS,PASS,PASS
tt_-40c_3.63v,tt,-40,3.63,0.1,1,0.001,71.3,71.3,0,29.39,29.39,0,51023,51023,0,-0.4276,-0.4276,0,PASS,PASS,PASS,PASS
tt_-40c_3.63v,tt,-40,3.63,0.1,1,0.05,72.19,72.19,0,36.08,36.08,0,51029.7,51029.7,0,-0.4263,-0.4263,0,PASS,PASS,PASS,PASS
tt_-40c_3.63v,tt,-40,3.63,0.1,1,0.2,74.66,74.92,0.26,47.41,47.11,-0.3,50828.6,51132.7,0.598285,-0.4105,-0.4079,0.0026,PASS,PASS,PASS,PASS
tt_-40c_3.63v,tt,-40,3.63,0.1,1,0.5,80.32,80.32,0,41.16,41.16,0,51721.2,51721.2,0,-0.3999,-0.3999,0,PASS,PASS,PASS,PASS
tt_-40c_3.63v,tt,-40,3.63,0.1,4.7,0.001,57.85,57.85,0,45.05,45.05,0,11155.8,11155.8,0,-0.5574,-0.5574,0,PASS,PASS,PASS,PASS
tt_-40c_3.63v,tt,-40,3.63,0.1,4.7,0.05,58.78,58.78,0,53.2,53.2,0,11157,11157,0,-0.5562,-0.5562,0,PASS,PASS,PASS,PASS
tt_-40c_3.63v,tt,-40,3.63,0.1,4.7,0.2,61.4,61.65,0.25,48.57,48.37,-0.2,11148.3,11175.2,0.241292,-0.5636,-0.5367,0.0269,PASS,PASS,PASS,PASS
tt_-40c_3.63v,tt,-40,3.63,0.1,4.7,0.5,67.57,67.57,0,41.92,41.92,0,11278.5,11278.5,0,-0.5483,-0.5483,0,PASS,PASS,PASS,PASS
tt_-40c_3.63v,tt,-40,3.63,1,0.33,0.001,40.99,40.99,0,10.84,10.84,0,353446,353446,0,-0.5703,-0.5703,0,FAIL,FAIL,PASS,PASS
tt_-40c_3.63v,tt,-40,3.63,1,0.33,0.05,43.03,43.03,0,12.12,12.12,0,353626,353626,0,-0.5639,-0.5639,0,FAIL,FAIL,PASS,PASS
tt_-40c_3.63v,tt,-40,3.63,1,0.33,0.2,49.02,49.02,0,16.83,16.83,0,356376,356376,0,-0.5993,-0.5993,0,PASS,PASS,PASS,PASS
tt_-40c_3.63v,tt,-40,3.63,1,0.33,0.5,59.91,59.91,0,20.65,20.65,0,372604,372604,0,-0.5124,-0.5124,0,PASS,PASS,PASS,PASS
tt_-40c_3.63v,tt,-40,3.63,1,1,0.001,67.06,67.06,0,20.58,20.58,0,133429,133429,0,-0.4578,-0.4578,0,PASS,PASS,PASS,PASS
tt_-40c_3.63v,tt,-40,3.63,1,1,0.05,69.4,69.4,0,25.01,25.01,0,133542,133542,0,-0.4495,-0.4495,0,PASS,PASS,PASS,PASS
tt_-40c_3.63v,tt,-40,3.63,1,1,0.2,76.46,76.46,0,29.9,29.9,0,135287,135287,0,-0.4254,-0.4254,0,PASS,PASS,PASS,PASS
tt_-40c_3.63v,tt,-40,3.63,1,1,0.5,90.29,90.29,0,24.67,24.67,0,146408,146408,0,-0.3781,-0.3781,0,PASS,PASS,PASS,PASS
tt_-40c_3.63v,tt,-40,3.63,1,4.7,0.001,57.69,57.69,0,34.69,34.69,0,29510.8,29510.8,0,-0.5426,-0.5426,0,PASS,PASS,PASS,PASS
tt_-40c_3.63v,tt,-40,3.63,1,4.7,0.05,60.16,60.16,0,42.77,42.77,0,29533.5,29533.5,0,-0.5336,-0.5336,0,PASS,PASS,PASS,PASS
tt_-40c_3.63v,tt,-40,3.63,1,4.7,0.2,67.99,67.99,0,33.21,33.21,0,29884,29884,0,-0.5147,-0.5147,0,PASS,PASS,PASS,PASS
tt_-40c_3.63v,tt,-40,3.63,1,4.7,0.5,85.21,85.21,0,25.78,25.78,0,32119.2,32119.2,0,-0.4495,-0.4495,0,PASS,PASS,PASS,PASS
tt_-40c_3.63v,tt,-40,3.63,10,0.33,0.001,20.14,20.14,0,4.94,4.94,0,618027,618027,0,-0.6507,-0.6507,0,FAIL,FAIL,PASS,PASS
tt_-40c_3.63v,tt,-40,3.63,10,0.33,0.05,23.67,23.67,0,6.25,6.25,0,618861,618861,0,-0.7076,-0.7076,0,FAIL,FAIL,PASS,PASS
tt_-40c_3.63v,tt,-40,3.63,10,0.33,0.2,33.58,33.58,0,10.89,10.89,0,631754,631754,0,-0.6414,-0.6414,0,FAIL,FAIL,PASS,PASS
tt_-40c_3.63v,tt,-40,3.63,10,0.33,0.5,48.81,48.81,0,13.78,13.78,0,711128,711128,0,-0.5747,-0.5747,0,PASS,PASS,PASS,PASS
tt_-40c_3.63v,tt,-40,3.63,10,1,0.001,52.36,52.36,0,14.63,14.63,0,260898,260898,0,-0.538,-0.538,0,PASS,PASS,PASS,PASS
tt_-40c_3.63v,tt,-40,3.63,10,1,0.05,56.9,56.9,0,19.04,19.04,0,261656,261656,0,-0.5061,-0.5061,0,PASS,PASS,PASS,PASS
tt_-40c_3.63v,tt,-40,3.63,10,1,0.2,70.1,70.1,0,22.87,22.87,0,273940,273940,0,-0.466,-0.466,0,PASS,PASS,PASS,PASS
tt_-40c_3.63v,tt,-40,3.63,10,1,0.5,91.4,91.4,0,17.49,17.49,0,377872,377872,0,-0.2974,-0.2974,0,PASS,PASS,PASS,PASS
tt_-40c_3.63v,tt,-40,3.63,10,4.7,0.001,56.2,56.2,0,28.49,28.49,0,64708.2,64708.2,0,-0.5119,-0.5119,0,PASS,PASS,PASS,PASS
tt_-40c_3.63v,tt,-40,3.63,10,4.7,0.05,61.63,61.63,0,35.66,35.66,0,64952,64952,0,-0.5275,-0.5275,0,PASS,PASS,PASS,PASS
tt_-40c_3.63v,tt,-40,3.63,10,4.7,0.2,79.22,79.22,0,26.08,26.08,0,69023.4,69023.4,0,-0.4794,-0.4794,0,PASS,PASS,PASS,PASS
tt_-40c_3.63v,tt,-40,3.63,10,4.7,0.5,122.41,122.41,0,18.56,18.56,0,124925,124925,0,-0.1406,-0.1406,0,PASS,PASS,PASS,PASS
tt_-40c_3.63v,tt,-40,3.63,25,0.33,0.001,7.96,7.96,0,1.97,1.97,0,744392,744392,0,-0.7741,-0.7741,0,FAIL,FAIL,PASS,PASS
tt_-40c_3.63v,tt,-40,3.63,25,0.33,0.05,12.18,12.18,0,3.25,3.25,0,745703,745703,0,-0.746,-0.746,0,FAIL,FAIL,PASS,PASS
tt_-40c_3.63v,tt,-40,3.63,25,0.33,0.2,23.79,23.79,0,7.8,7.8,0,766135,766135,0,-0.7389,-0.7389,0,FAIL,FAIL,PASS,PASS
tt_-40c_3.63v,tt,-40,3.63,25,0.33,0.5,39.65,39.65,0,10.87,10.87,0,890492,890491,-0.000112297,-0.6084,-0.6084,0,FAIL,FAIL,PASS,PASS
tt_-40c_3.63v,tt,-40,3.63,25,1,0.001,43.46,43.46,0,11.64,11.64,0,339412,339412,0,-0.5366,-0.5366,0,FAIL,FAIL,PASS,PASS
tt_-40c_3.63v,tt,-40,3.63,25,1,0.05,49.3,49.3,0,15.94,15.94,0,340966,340966,0,-0.5447,-0.5447,0,PASS,PASS,PASS,PASS
tt_-40c_3.63v,tt,-40,3.63,25,1,0.2,65.5,65.5,0,19.98,19.98,0,366762,366762,0,-0.4985,-0.4985,0,PASS,PASS,PASS,PASS
tt_-40c_3.63v,tt,-40,3.63,25,1,0.5,82.02,82.02,0,14.67,14.67,0,590694,590694,0,-0.3425,-0.3425,0,PASS,PASS,PASS,PASS
tt_-40c_3.63v,tt,-40,3.63,25,4.7,0.001,57.59,57.59,0,25.44,25.44,0,86164.9,86164.9,0,-0.5088,-0.5088,0,PASS,PASS,PASS,PASS
tt_-40c_3.63v,tt,-40,3.63,25,4.7,0.05,64.81,64.81,0,32.78,32.78,0,86765.6,86765.6,0,-0.4891,-0.4891,0,PASS,PASS,PASS,PASS
tt_-40c_3.63v,tt,-40,3.63,25,4.7,0.2,88.35,88.35,0,23.28,23.28,0,97679.6,97679.6,0,-0.3933,-0.3933,0,PASS,PASS,PASS,PASS
tt_-40c_3.63v,tt,-40,3.63,25,4.7,0.5,114.69,114.69,0,15.76,15.76,0,445222,445222,0,-0.1575,-0.1575,0,PASS,PASS,PASS,PASS
tt_-40c_3.63v,tt,-40,3.63,50,0.33,0.001,-0.77,-0.77,0,-0.19,-0.19,0,849745,849745,0,-0.8232,-0.8232,0,FAIL,FAIL,PASS,PASS
tt_-40c_3.63v,tt,-40,3.63,50,0.33,0.05,4.03,4.03,0,1.07,1.07,0,851556,851556,0,-0.7871,-0.7871,0,FAIL,FAIL,PASS,PASS
tt_-40c_3.63v,tt,-40,3.63,50,0.33,0.2,16.94,16.94,0,5.53,5.53,0,880061,880061,0,-0.7709,-0.7709,0,FAIL,FAIL,PASS,PASS
tt_-40c_3.63v,tt,-40,3.63,50,0.33,0.5,32.63,32.63,0,8.62,8.62,0,1.05054e+06,1.05054e+06,0,-0.6543,-0.6543,0,FAIL,FAIL,PASS,PASS
tt_-40c_3.63v,tt,-40,3.63,50,1,0.001,36.45,36.45,0,9.47,9.47,0,407258,407258,0,-0.593,-0.593,0,FAIL,FAIL,PASS,PASS
tt_-40c_3.63v,tt,-40,3.63,50,1,0.05,43.4,43.4,0,13.68,13.68,0,409786,409786,0,-0.5816,-0.5816,0,FAIL,FAIL,PASS,PASS
tt_-40c_3.63v,tt,-40,3.63,50,1,0.2,61.67,61.67,0,17.74,17.74,0,452527,452527,0,-0.4835,-0.4835,0,PASS,PASS,PASS,PASS
tt_-40c_3.63v,tt,-40,3.63,50,1,0.5,71.38,71.38,0,12.46,12.46,0,791165,791165,0,-0.3696,-0.3696,0,PASS,PASS,PASS,PASS
tt_-40c_3.63v,tt,-40,3.63,50,4.7,0.001,58.21,58.21,0,23.24,23.24,0,106126,106126,0,-0.4874,-0.4874,0,PASS,PASS,PASS,PASS
tt_-40c_3.63v,tt,-40,3.63,50,4.7,0.05,67.07,67.07,0,30.54,30.54,0,107278,107278,0,-0.4825,-0.4825,0,PASS,PASS,PASS,PASS
tt_-40c_3.63v,tt,-40,3.63,50,4.7,0.2,95.91,95.91,0,21.07,21.07,0,130762,130762,0,-0.3386,-0.3386,0,PASS,PASS,PASS,PASS
tt_-40c_3.63v,tt,-40,3.63,50,4.7,0.5,94.03,94.03,0,13.55,13.55,0,711527,711527,0,-0.2958,-0.2958,0,PASS,PASS,PASS,PASS
tt_125c_2.97v,tt,125,2.97,0,0.33,0.001,18.64,18.62,-0.02,53.09,53.09,0,1895.26,1895.15,-0.00580395,-0.8445,-0.8455,-0.001,FAIL,FAIL,PASS,PASS
tt_125c_2.97v,tt,125,2.97,0,0.33,0.05,18.63,18.63,0,53.09,53.09,0,1895.15,1895.15,0,-0.8455,-0.8455,0,FAIL,FAIL,PASS,PASS
tt_125c_2.97v,tt,125,2.97,0,0.33,0.2,18.66,18.66,0,53.08,53.08,0,1895.15,1895.15,0,-0.8455,-0.8455,0,FAIL,FAIL,PASS,PASS
tt_125c_2.97v,tt,125,2.97,0,0.33,0.5,18.73,18.73,0,53.07,53.07,0,1895.15,1895.15,0,-0.8454,-0.8454,0,FAIL,FAIL,PASS,PASS
tt_125c_2.97v,tt,125,2.97,0,1,0.001,10.87,10.86,-0.01,53.08,53.08,0,1068.85,1068.83,-0.00187117,-0.9257,-0.926,-0.0003,FAIL,FAIL,PASS,PASS
tt_125c_2.97v,tt,125,2.97,0,1,0.05,10.88,10.88,0,53.08,53.08,0,1068.83,1068.83,0,-0.926,-0.926,0,FAIL,FAIL,PASS,PASS
tt_125c_2.97v,tt,125,2.97,0,1,0.2,10.94,10.94,0,53.07,53.07,0,1068.83,1068.83,0,-0.926,-0.926,0,FAIL,FAIL,PASS,PASS
tt_125c_2.97v,tt,125,2.97,0,1,0.5,11.05,11.05,0,53.05,53.05,0,1068.83,1068.83,0,-0.926,-0.926,0,FAIL,FAIL,PASS,PASS
tt_125c_2.97v,tt,125,2.97,0,4.7,0.001,5.27,5.26,-0.01,53.07,53.07,0,489.507,489.505,-0.000408574,-0.906,-0.906,0,FAIL,FAIL,PASS,PASS
tt_125c_2.97v,tt,125,2.97,0,4.7,0.05,5.31,5.31,0,53.07,53.07,0,489.505,489.505,0,-0.906,-0.906,0,FAIL,FAIL,PASS,PASS
tt_125c_2.97v,tt,125,2.97,0,4.7,0.2,5.43,5.43,0,53.06,53.06,0,489.506,489.506,0,-0.906,-0.906,0,FAIL,FAIL,PASS,PASS
tt_125c_2.97v,tt,125,2.97,0,4.7,0.5,5.68,5.68,0,53.05,53.05,0,489.511,489.511,0,-0.9058,-0.9058,0,FAIL,FAIL,PASS,PASS
tt_125c_2.97v,tt,125,2.97,0.1,0.33,0.001,67.89,67.89,0,24.18,24.18,0,58748.7,58748.7,0,-0.4687,-0.4687,0,PASS,PASS,PASS,PASS
tt_125c_2.97v,tt,125,2.97,0.1,0.33,0.05,68.23,68.76,0.53,25.16,25.25,0.09,58749.7,59517.3,1.30656,-0.4686,-0.454,0.0146,PASS,PASS,PASS,PASS
tt_125c_2.97v,tt,125,2.97,0.1,0.33,0.2,69.27,69.82,0.55,28.98,29.14,0.16,58766,59534.3,1.30739,-0.4659,-0.4513,0.0146,PASS,PASS,PASS,PASS
tt_125c_2.97v,tt,125,2.97,0.1,0.33,0.5,71.34,71.34,0,38.87,38.87,0,58858.2,58858.2,0,-0.4509,-0.4509,0,PASS,PASS,PASS,PASS
tt_125c_2.97v,tt,125,2.97,0.1,1,0.001,67.23,67.23,0,34.25,34.25,0,18544.1,18544.1,0,-0.4589,-0.4589,0,PASS,PASS,PASS,PASS
tt_125c_2.97v,tt,125,2.97,0.1,1,0.05,67.55,68.11,0.56,38.2,38.41,0.21,18544.4,18686.3,0.765191,-0.4588,-0.4915,-0.0327,PASS,PASS,PASS,PASS
tt_125c_2.97v,tt,125,2.97,0.1,1,0.2,68.56,69.12,0.56,50.06,49.28,-0.78,18548.8,18690.8,0.765548,-0.4564,-0.489,-0.0326,PASS,PASS,PASS,PASS
tt_125c_2.97v,tt,125,2.97,0.1,1,0.5,70.59,70.59,0,44.94,44.94,0,18573.6,18573.6,0,-0.4948,-0.4948,0,PASS,PASS,PASS,PASS
tt_125c_2.97v,tt,125,2.97,0.1,4.7,0.001,37.41,37.41,0,53.81,53.81,0,5778.97,5778.97,0,-0.7462,-0.7462,0,FAIL,FAIL,PASS,PASS
tt_125c_2.97v,tt,125,2.97,0.1,4.7,0.05,37.89,38.27,0.38,53.19,53.12,-0.07,5779.1,5790.85,0.203319,-0.7459,-0.7153,0.0306,FAIL,FAIL,PASS,PASS
tt_125c_2.97v,tt,125,2.97,0.1,4.7,0.2,39.36,39.75,0.39,50.67,50.19,-0.48,5781.02,5792.8,0.20377,-0.7407,-0.7101,0.0306,FAIL,FAIL,PASS,PASS
tt_125c_2.97v,tt,125,2.97,0.1,4.7,0.5,42.35,42.35,0,45.76,45.76,0,5791.89,5791.89,0,-0.7113,-0.7113,0,FAIL,FAIL,PASS,PASS
tt_125c_2.97v,tt,125,2.97,1,0.33,0.001,58.78,58.78,0,13.62,13.62,0,184705,184705,0,-0.5019,-0.5019,0,PASS,PASS,PASS,PASS
tt_125c_2.97v,tt,125,2.97,1,0.33,0.05,59.85,59.85,0,14.36,14.36,0,184736,184736,0,-0.5002,-0.5002,0,PASS,PASS,PASS,PASS
tt_125c_2.97v,tt,125,2.97,1,0.33,0.2,63.08,63.08,0,16.78,16.78,0,185211,185211,0,-0.4739,-0.4739,0,PASS,PASS,PASS,PASS
tt_125c_2.97v,tt,125,2.97,1,0.33,0.5,69.33,69.33,0,20.14,20.14,0,187956,187956,0,-0.4838,-0.4838,0,PASS,PASS,PASS,PASS
tt_125c_2.97v,tt,125,2.97,1,1,0.001,70.41,70.41,0,23.37,23.37,0,60371.2,60371.2,0,-0.4173,-0.4173,0,PASS,PASS,PASS,PASS
tt_125c_2.97v,tt,125,2.97,1,1,0.05,71.47,71.47,0,25.75,25.75,0,60381.7,60381.7,0,-0.4157,-0.4157,0,PASS,PASS,PASS,PASS
tt_125c_2.97v,tt,125,2.97,1,1,0.2,74.75,74.75,0,30.05,30.05,0,60549.1,60549.1,0,-0.438,-0.438,0,PASS,PASS,PASS,PASS
tt_125c_2.97v,tt,125,2.97,1,1,0.5,81.42,81.42,0,26.56,26.56,0,61523.3,61523.3,0,-0.4334,-0.4334,0,PASS,PASS,PASS,PASS
tt_125c_2.97v,tt,125,2.97,1,4.7,0.001,41.74,41.74,0,37.53,37.53,0,16505.7,16505.6,-0.000605851,-0.6868,-0.6868,0,FAIL,FAIL,PASS,PASS
tt_125c_2.97v,tt,125,2.97,1,4.7,0.05,43.11,43.11,0,43.47,43.47,0,16508.7,16508.7,0,-0.684,-0.684,0,FAIL,FAIL,PASS,PASS
tt_125c_2.97v,tt,125,2.97,1,4.7,0.2,47.38,47.38,0,35.4,35.4,0,16556,16556,0,-0.7171,-0.7171,0,PASS,PASS,PASS,PASS
tt_125c_2.97v,tt,125,2.97,1,4.7,0.5,56.24,56.24,0,28.3,28.3,0,16827.6,16827.6,0,-0.6287,-0.6287,0,PASS,PASS,PASS,PASS
tt_125c_2.97v,tt,125,2.97,10,0.33,0.001,40.24,40.24,0,7.2,7.2,0,374720,374720,0,-0.4734,-0.4734,0,FAIL,FAIL,PASS,PASS
tt_125c_2.97v,tt,125,2.97,10,0.33,0.05,42.4,42.4,0,7.88,7.88,0,374963,374963,0,-0.5223,-0.5223,0,FAIL,FAIL,PASS,PASS
tt_125c_2.97v,tt,125,2.97,10,0.33,0.2,48.67,48.67,0,9.95,9.95,0,378816,378816,0,-0.4698,-0.4698,0,FAIL,FAIL,PASS,PASS
tt_125c_2.97v,tt,125,2.97,10,0.33,0.5,59.76,59.76,0,12.11,12.11,0,402574,402574,0,-0.4424,-0.4424,0,PASS,PASS,PASS,PASS
tt_125c_2.97v,tt,125,2.97,10,1,0.001,60.22,60.22,0,16.87,16.87,0,131904,131904,0,-0.4745,-0.4745,0,PASS,PASS,PASS,PASS
tt_125c_2.97v,tt,125,2.97,10,1,0.05,62.54,62.54,0,18.95,18.95,0,132002,132002,0,-0.4669,-0.4669,0,PASS,PASS,PASS,PASS
tt_125c_2.97v,tt,125,2.97,10,1,0.2,69.67,69.67,0,21.67,21.67,0,133597,133597,0,-0.4501,-0.4501,0,PASS,PASS,PASS,PASS
tt_125c_2.97v,tt,125,2.97,10,1,0.5,84.22,84.22,0,17.83,17.83,0,143830,143830,0,-0.3912,-0.3912,0,PASS,PASS,PASS,PASS
tt_125c_2.97v,tt,125,2.97,10,4.7,0.001,43.06,43.06,0,30.6,30.6,0,37013.9,37013.9,0,-0.6271,-0.6271,0,FAIL,FAIL,PASS,PASS
tt_125c_2.97v,tt,125,2.97,10,4.7,0.05,46.15,46.15,0,34.8,34.8,0,37049.9,37049.9,0,-0.6134,-0.6134,0,PASS,PASS,PASS,PASS
tt_125c_2.97v,tt,125,2.97,10,4.7,0.2,55.92,55.92,0,26.77,26.77,0,37623.3,37623.3,0,-0.6134,-0.6134,0,PASS,PASS,PASS,PASS
tt_125c_2.97v,tt,125,2.97,10,4.7,0.5,77,77,0,19.52,19.52,0,41307.3,41307.3,0,-0.4784,-0.4784,0,PASS,PASS,PASS,PASS
tt_125c_2.97v,tt,125,2.97,25,0.33,0.001,26.14,26.14,0,4.53,4.53,0,474895,474895,0,-0.5794,-0.5794,0,FAIL,FAIL,PASS,PASS
tt_125c_2.97v,tt,125,2.97,25,0.33,0.05,28.85,28.85,0,5.21,5.21,0,475335,475335,0,-0.5683,-0.5683,0,FAIL,FAIL,PASS,PASS
tt_125c_2.97v,tt,125,2.97,25,0.33,0.2,36.5,36.5,0,7.3,7.3,0,482421,482421,0,-0.5198,-0.5198,0,FAIL,FAIL,PASS,PASS
tt_125c_2.97v,tt,125,2.97,25,0.33,0.5,48.56,48.56,0,9.59,9.59,0,526716,526716,0,-0.4978,-0.4978,0,FAIL,FAIL,PASS,PASS
tt_125c_2.97v,tt,125,2.97,25,1,0.001,56.03,56.03,0,14.18,14.18,0,174247,174247,0,-0.4574,-0.4574,0,PASS,PASS,PASS,PASS
tt_125c_2.97v,tt,125,2.97,25,1,0.05,59.09,59.09,0,16.27,16.27,0,174468,174468,0,-0.4976,-0.4976,0,PASS,PASS,PASS,PASS
tt_125c_2.97v,tt,125,2.97,25,1,0.2,68.36,68.36,0,19.18,19.18,0,178175,178175,0,-0.4421,-0.4421,0,PASS,PASS,PASS,PASS
tt_125c_2.97v,tt,125,2.97,25,1,0.5,86.71,86.71,0,15.4,15.4,0,204523,204523,0,-0.3331,-0.3331,0,PASS,PASS,PASS,PASS
tt_125c_2.97v,tt,125,2.97,25,4.7,0.001,45.58,45.58,0,27.86,27.86,0,47426.4,47426.4,0,-0.5947,-0.5947,0,PASS,PASS,PASS,PASS
tt_125c_2.97v,tt,125,2.97,25,4.7,0.05,49.54,49.54,0,32.33,32.33,0,47504.9,47504.9,0,-0.6408,-0.6408,0,PASS,PASS,PASS,PASS
tt_125c_2.97v,tt,125,2.97,25,4.7,0.2,62.17,62.17,0,24.37,24.37,0,48787,48787,0,-0.5604,-0.5604,0,PASS,PASS,PASS,PASS
tt_125c_2.97v,tt,125,2.97,25,4.7,0.5,90.14,90.14,0,17.1,17.1,0,58096.7,58096.7,0,-0.4026,-0.4026,0,PASS,PASS,PASS,PASS
tt_125c_2.97v,tt,125,2.97,50,0.33,0.001,15.49,15.49,0,2.62,2.62,0,555767,555767,0,-0.6128,-0.6128,0,FAIL,FAIL,PASS,PASS
tt_125c_2.97v,tt,125,2.97,50,0.33,0.05,18.64,18.64,0,3.29,3.29,0,556387,556387,0,-0.5983,-0.5983,0,FAIL,FAIL,PASS,PASS
tt_125c_2.97v,tt,125,2.97,50,0.33,0.2,27.3,27.3,0,5.35,5.35,0,566712,566712,0,-0.5693,-0.5693,0,FAIL,FAIL,PASS,PASS
tt_125c_2.97v,tt,125,2.97,50,0.33,0.5,39.51,39.51,0,7.65,7.65,0,631038,631038,0,-0.5223,-0.5223,0,FAIL,FAIL,PASS,PASS
tt_125c_2.97v,tt,125,2.97,50,1,0.001,52.61,52.61,0,12.25,12.25,0,211600,211600,0,-0.473,-0.473,0,PASS,PASS,PASS,PASS
tt_125c_2.97v,tt,125,2.97,50,1,0.05,56.32,56.32,0,14.31,14.31,0,211986,211986,0,-0.454,-0.454,0,PASS,PASS,PASS,PASS
tt_125c_2.97v,tt,125,2.97,50,1,0.2,67.34,67.34,0,17.23,17.23,0,218675,218675,0,-0.455,-0.455,0,PASS,PASS,PASS,PASS
tt_125c_2.97v,tt,125,2.97,50,1,0.5,87.72,87.72,0,13.49,13.49,0,272307,272307,0,-0.2928,-0.2928,0,PASS,PASS,PASS,PASS
tt_125c_2.97v,tt,125,2.97,50,4.7,0.001,47.7,47.7,0,25.9,25.9,0,56065.3,56065.3,0,-0.5691,-0.5691,0,PASS,PASS,PASS,PASS
tt_125c_2.97v,tt,125,2.97,50,4.7,0.05,52.39,52.39,0,30.39,30.39,0,56196.8,56196.8,0,-0.6047,-0.6047,0,PASS,PASS,PASS,PASS
tt_125c_2.97v,tt,125,2.97,50,4.7,0.2,67.4,67.4,0,22.45,22.45,0,58425.6,58425.6,0,-0.5647,-0.5647,0,PASS,PASS,PASS,PASS
tt_125c_2.97v,tt,125,2.97,50,4.7,0.5,101.59,101.59,0,15.18,15.18,0,77479.3,77479.3,0,-0.2988,-0.2988,0,PASS,PASS,PASS,PASS
tt_125c_3.30v,tt,125,3.3,0,0.33,0.001,19.65,19.67,0.02,53.04,53.04,0,2006.37,2006.49,0.00598095,-0.8489,-0.8479,0.001,FAIL,FAIL,PASS,PASS
tt_125c_3.30v,tt,125,3.3,0,0.33,0.05,19.66,19.66,0,53.04,53.04,0,2006.37,2006.37,0,-0.8489,-0.8489,0,FAIL,FAIL,PASS,PASS
tt_125c_3.30v,tt,125,3.3,0,0.33,0.2,19.69,19.71,0.02,53.03,53.03,0,2006.37,2006.49,0.00598095,-0.8489,-0.8479,0.001,FAIL,FAIL,PASS,PASS
tt_125c_3.30v,tt,125,3.3,0,0.33,0.5,19.76,19.79,0.03,53.02,53.02,0,2006.37,2006.49,0.00598095,-0.8489,-0.8479,0.001,FAIL,FAIL,PASS,PASS
tt_125c_3.30v,tt,125,3.3,0,1,0.001,11.49,11.5,0.01,53.03,53.03,0,1129.17,1129.19,0.00177121,-0.8711,-0.8708,0.0003,FAIL,FAIL,PASS,PASS
tt_125c_3.30v,tt,125,3.3,0,1,0.05,11.51,11.51,0,53.03,53.03,0,1129.17,1129.17,0,-0.8711,-0.8711,0,FAIL,FAIL,PASS,PASS
tt_125c_3.30v,tt,125,3.3,0,1,0.2,11.57,11.58,0.01,53.02,53.02,0,1129.17,1129.19,0.00177121,-0.8711,-0.8708,0.0003,FAIL,FAIL,PASS,PASS
tt_125c_3.30v,tt,125,3.3,0,1,0.5,11.69,11.7,0.01,53.01,53.01,0,1129.17,1129.19,0.00177121,-0.8711,-0.8707,0.0004,FAIL,FAIL,PASS,PASS
tt_125c_3.30v,tt,125,3.3,0,4.7,0.001,5.62,5.63,0.01,53.03,53.03,0,516.719,516.721,0.000387058,-0.866,-0.8659,0.0001,FAIL,FAIL,PASS,PASS
tt_125c_3.30v,tt,125,3.3,0,4.7,0.05,5.67,5.67,0,53.02,53.02,0,516.718,516.718,0,-0.866,-0.866,0,FAIL,FAIL,PASS,PASS
tt_125c_3.30v,tt,125,3.3,0,4.7,0.2,5.8,5.8,0,53.02,53.02,0,516.72,516.721,0.000193528,-0.8659,-0.8659,0,FAIL,FAIL,PASS,PASS
tt_125c_3.30v,tt,125,3.3,0,4.7,0.5,6.06,6.06,0,53.01,53.01,0,516.726,516.728,0.000387052,-0.8657,-0.8656,0.0001,FAIL,FAIL,PASS,PASS
tt_125c_3.30v,tt,125,3.3,0.1,0.33,0.001,64.81,64.81,0,23.91,23.91,0,67290.7,67290.7,0,-0.4654,-0.4654,0,PASS,PASS,PASS,PASS
tt_125c_3.30v,tt,125,3.3,0.1,0.33,0.05,65.2,65.2,0,25.02,25.02,0,67292.2,67292.2,0,-0.4652,-0.4652,0,PASS,PASS,PASS,PASS
tt_125c_3.30v,tt,125,3.3,0.1,0.33,0.2,66.39,66.39,0,29.55,29.55,0,67315.5,67315.5,0,-0.4617,-0.4617,0,PASS,PASS,PASS,PASS
tt_125c_3.30v,tt,125,3.3,0.1,0.33,0.5,68.75,68.75,0,40.36,40.36,0,67447.1,67447.1,0,-0.4953,-0.4953,0,PASS,PASS,PASS,PASS
tt_125c_3.30v,tt,125,3.3,0.1,1,0.001,69.7,69.7,0,33.97,33.97,0,21237.9,21237.9,0,-0.4604,-0.4604,0,PASS,PASS,PASS,PASS
tt_125c_3.30v,tt,125,3.3,0.1,1,0.05,70.08,70.08,0,38.58,38.58,0,21238.3,21238.3,0,-0.4602,-0.4602,0,PASS,PASS,PASS,PASS
tt_125c_3.30v,tt,125,3.3,0.1,1,0.2,71.23,71.23,0,50.36,50.36,0,21245.2,21245.2,0,-0.457,-0.457,0,PASS,PASS,PASS,PASS
tt_125c_3.30v,tt,125,3.3,0.1,1,0.5,73.55,73.55,0,45.16,45.16,0,21284.4,21284.4,0,-0.4391,-0.4391,0,PASS,PASS,PASS,PASS
tt_125c_3.30v,tt,125,3.3,0.1,4.7,0.001,40.45,40.45,0,53.71,53.71,0,6252.69,6252.69,0,-0.6678,-0.6678,0,FAIL,FAIL,PASS,PASS
tt_125c_3.30v,tt,125,3.3,0.1,4.7,0.05,40.97,40.97,0,53.14,53.14,0,6252.85,6252.85,0,-0.6674,-0.6674,0,FAIL,FAIL,PASS,PASS
tt_125c_3.30v,tt,125,3.3,0.1,4.7,0.2,42.57,42.57,0,50.74,50.74,0,6255.38,6255.38,0,-0.6613,-0.6613,0,FAIL,FAIL,PASS,PASS
tt_125c_3.30v,tt,125,3.3,0.1,4.7,0.5,45.8,45.8,0,45.86,45.86,0,6269.63,6269.63,0,-0.7039,-0.7039,0,PASS,PASS,PASS,PASS
tt_125c_3.30v,tt,125,3.3,1,0.33,0.001,54.55,54.55,0,13.23,13.23,0,212473,212473,0,-0.511,-0.511,0,PASS,PASS,PASS,PASS
tt_125c_3.30v,tt,125,3.3,1,0.33,0.05,55.78,55.78,0,14.09,14.09,0,212518,212518,0,-0.5087,-0.5087,0,PASS,PASS,PASS,PASS
tt_125c_3.30v,tt,125,3.3,1,0.33,0.2,59.47,59.47,0,17,17,0,213209,213209,0,-0.4739,-0.4739,0,PASS,PASS,PASS,PASS
tt_125c_3.30v,tt,125,3.3,1,0.33,0.5,66.54,66.54,0,20.86,20.86,0,217197,217197,0,-0.5006,-0.5006,0,PASS,PASS,PASS,PASS
tt_125c_3.30v,tt,125,3.3,1,1,0.001,71.36,71.36,0,22.97,22.97,0,71411.8,71411.8,0,-0.4059,-0.4059,0,PASS,PASS,PASS,PASS
tt_125c_3.30v,tt,125,3.3,1,1,0.05,72.62,72.62,0,25.81,25.81,0,71429.8,71429.8,0,-0.4515,-0.4515,0,PASS,PASS,PASS,PASS
tt_125c_3.30v,tt,125,3.3,1,1,0.2,76.48,76.48,0,30.69,30.69,0,71711.3,71711.3,0,-0.4153,-0.4153,0,PASS,PASS,PASS,PASS
tt_125c_3.30v,tt,125,3.3,1,1,0.5,84.28,84.28,0,26.75,26.75,0,73363.3,73363.3,0,-0.3982,-0.3982,0,PASS,PASS,PASS,PASS
tt_125c_3.30v,tt,125,3.3,1,4.7,0.001,45.85,45.85,0,37.17,37.17,0,18066.7,18066.7,0,-0.6728,-0.6728,0,PASS,PASS,PASS,PASS
tt_125c_3.30v,tt,125,3.3,1,4.7,0.05,47.36,47.36,0,44.01,44.01,0,18070.9,18070.9,0,-0.6694,-0.6694,0,PASS,PASS,PASS,PASS
tt_125c_3.30v,tt,125,3.3,1,4.7,0.2,52.05,52.05,0,35.49,35.49,0,18136.4,18136.4,0,-0.6185,-0.6185,0,PASS,PASS,PASS,PASS
tt_125c_3.30v,tt,125,3.3,1,4.7,0.5,61.86,61.86,0,28.31,28.31,0,18515.5,18515.5,0,-0.6141,-0.6141,0,PASS,PASS,PASS,PASS
tt_125c_3.30v,tt,125,3.3,10,0.33,0.001,37.71,37.71,0,7.09,7.09,0,416506,416506,0,-0.5323,-0.5323,0,FAIL,FAIL,PASS,PASS
tt_125c_3.30v,tt,125,3.3,10,0.33,0.05,40.1,40.1,0,7.87,7.87,0,416830,416830,0,-0.5235,-0.5235,0,FAIL,FAIL,PASS,PASS
tt_125c_3.30v,tt,125,3.3,10,0.33,0.2,47.01,47.01,0,10.33,10.33,0,421923,421923,0,-0.5059,-0.5059,0,PASS,PASS,PASS,PASS
tt_125c_3.30v,tt,125,3.3,10,0.33,0.5,58.92,58.92,0,12.66,12.66,0,453527,453527,0,-0.4708,-0.4708,0,PASS,PASS,PASS,PASS
tt_125c_3.30v,tt,125,3.3,10,1,0.001,60.44,60.44,0,16.76,16.76,0,149071,149071,0,-0.4586,-0.4586,0,PASS,PASS,PASS,PASS
tt_125c_3.30v,tt,125,3.3,10,1,0.05,63.07,63.07,0,19.21,19.21,0,149217,149217,0,-0.5015,-0.5015,0,PASS,PASS,PASS,PASS
tt_125c_3.30v,tt,125,3.3,10,1,0.2,71.09,71.09,0,22.12,22.12,0,151557,151557,0,-0.4488,-0.4488,0,PASS,PASS,PASS,PASS
tt_125c_3.30v,tt,125,3.3,10,1,0.5,87.34,87.34,0,17.88,17.88,0,167115,167115,0,-0.3658,-0.3658,0,PASS,PASS,PASS,PASS
tt_125c_3.30v,tt,125,3.3,10,4.7,0.001,45.58,45.58,0,30.53,30.53,0,40457.1,40457.1,0,-0.6443,-0.6443,0,PASS,PASS,PASS,PASS
tt_125c_3.30v,tt,125,3.3,10,4.7,0.05,48.97,48.97,0,35.17,35.17,0,40506.2,40506.2,0,-0.6277,-0.6277,0,PASS,PASS,PASS,PASS
tt_125c_3.30v,tt,125,3.3,10,4.7,0.2,59.7,59.7,0,26.72,26.72,0,41287.5,41287.5,0,-0.5778,-0.5778,0,PASS,PASS,PASS,PASS
tt_125c_3.30v,tt,125,3.3,10,4.7,0.5,83.22,83.22,0,19.4,19.4,0,46517,46517,0,-0.449,-0.449,0,PASS,PASS,PASS,PASS
tt_125c_3.30v,tt,125,3.3,25,0.33,0.001,23.95,23.95,0,4.43,4.43,0,519396,519396,0,-0.5738,-0.5738,0,FAIL,FAIL,PASS,PASS
tt_125c_3.30v,tt,125,3.3,25,0.33,0.05,26.91,26.91,0,5.22,5.22,0,519955,519955,0,-0.5604,-0.5604,0,FAIL,FAIL,PASS,PASS
tt_125c_3.30v,tt,125,3.3,25,0.33,0.2,35.22,35.22,0,7.7,7.7,0,528799,528799,0,-0.5499,-0.5499,0,FAIL,FAIL,PASS,PASS
tt_125c_3.30v,tt,125,3.3,25,0.33,0.5,48.01,48.01,0,10.19,10.19,0,584033,584033,0,-0.5219,-0.5219,0,PASS,PASS,PASS,PASS
tt_125c_3.30v,tt,125,3.3,25,1,0.001,55.41,55.41,0,14.09,14.09,0,196110,196110,0,-0.4847,-0.4847,0,PASS,PASS,PASS,PASS
tt_125c_3.30v,tt,125,3.3,25,1,0.05,58.85,58.85,0,16.55,16.55,0,196436,196436,0,-0.4674,-0.4674,0,PASS,PASS,PASS,PASS
tt_125c_3.30v,tt,125,3.3,25,1,0.2,69.19,69.19,0,19.68,19.68,0,201777,201777,0,-0.4588,-0.4588,0,PASS,PASS,PASS,PASS
tt_125c_3.30v,tt,125,3.3,25,1,0.5,89.14,89.14,0,15.5,15.5,0,242021,242021,0,-0.3338,-0.3338,0,PASS,PASS,PASS,PASS
tt_125c_3.30v,tt,125,3.3,25,4.7,0.001,47.76,47.76,0,27.8,27.8,0,52107.2,52107.2,0,-0.6202,-0.6202,0,PASS,PASS,PASS,PASS
tt_125c_3.30v,tt,125,3.3,25,4.7,0.05,52.13,52.13,0,32.76,32.76,0,52216.4,52216.4,0,-0.5928,-0.5928,0,PASS,PASS,PASS,PASS
tt_125c_3.30v,tt,125,3.3,25,4.7,0.2,66.07,66.07,0,24.36,24.36,0,53995.1,53995.1,0,-0.5575,-0.5575,0,PASS,PASS,PASS,PASS
tt_125c_3.30v,tt,125,3.3,25,4.7,0.5,97.65,97.65,0,17.03,17.03,0,68101.3,68101.3,0,-0.3176,-0.3176,0,PASS,PASS,PASS,PASS
tt_125c_3.30v,tt,125,3.3,50,0.33,0.001,13.64,13.64,0,2.48,2.48,0,603894,603894,0,-0.6139,-0.6139,0,FAIL,FAIL,PASS,PASS
tt_125c_3.30v,tt,125,3.3,50,0.33,0.05,17.06,17.06,0,3.26,3.26,0,604679,604679,0,-0.6685,-0.6685,0,FAIL,FAIL,PASS,PASS
tt_125c_3.30v,tt,125,3.3,50,0.33,0.2,26.43,26.43,0,5.71,5.71,0,617367,617367,0,-0.6058,-0.6058,0,FAIL,FAIL,PASS,PASS
tt_125c_3.30v,tt,125,3.3,50,0.33,0.5,39.35,39.35,0,8.21,8.21,0,695985,695985,0,-0.5405,-0.5405,0,FAIL,FAIL,PASS,PASS
tt_125c_3.30v,tt,125,3.3,50,1,0.001,51.33,51.33,0,12.12,12.12,0,238266,238266,0,-0.5005,-0.5005,0,PASS,PASS,PASS,PASS
tt_125c_3.30v,tt,125,3.3,50,1,0.05,55.49,55.49,0,14.55,14.55,0,238837,238837,0,-0.4753,-0.4753,0,PASS,PASS,PASS,PASS
tt_125c_3.30v,tt,125,3.3,50,1,0.2,67.72,67.72,0,17.7,17.7,0,248459,248459,0,-0.4452,-0.4452,0,PASS,PASS,PASS,PASS
tt_125c_3.30v,tt,125,3.3,50,1,0.5,88.74,88.74,0,13.54,13.54,0,331600,331600,0,-0.2635,-0.2635,0,PASS,PASS,PASS,PASS
tt_125c_3.30v,tt,125,3.3,50,4.7,0.001,49.72,49.72,0,25.8,25.8,0,61997.8,61997.8,0,-0.5867,-0.5867,0,PASS,PASS,PASS,PASS
tt_125c_3.30v,tt,125,3.3,50,4.7,0.05,54.91,54.91,0,30.77,30.77,0,62186.8,62186.8,0,-0.5485,-0.5485,0,PASS,PASS,PASS,PASS
tt_125c_3.30v,tt,125,3.3,50,4.7,0.2,71.61,71.61,0,22.41,22.41,0,65363.6,65363.6,0,-0.5063,-0.5063,0,PASS,PASS,PASS,PASS
tt_125c_3.30v,tt,125,3.3,50,4.7,0.5,110.75,110.75,0,15.07,15.07,0,97768.7,97768.7,0,-0.2117,-0.2117,0,PASS,PASS,PASS,PASS
tt_125c_3.63v,tt,125,3.63,0,0.33,0.001,20.63,20.63,0,53.02,53.02,0,2108.71,2108.71,0,-0.8773,-0.8773,0,FAIL,FAIL,PASS,PASS
tt_125c_3.63v,tt,125,3.63,0,0.33,0.05,20.64,20.64,0,53.01,53.01,0,2108.71,2108.71,0,-0.8773,-0.8773,0,FAIL,FAIL,PASS,PASS
tt_125c_3.63v,tt,125,3.63,0,0.33,0.2,20.68,20.68,0,53.01,53.01,0,2108.71,2108.71,0,-0.8773,-0.8773,0,FAIL,FAIL,PASS,PASS
tt_125c_3.63v,tt,125,3.63,0,0.33,0.5,20.75,20.75,0,53,53,0,2108.72,2108.72,0,-0.8773,-0.8773,0,FAIL,FAIL,PASS,PASS
tt_125c_3.63v,tt,125,3.63,0,1,0.001,12.15,12.15,0,53.01,53.01,0,1184.37,1184.37,0,-0.841,-0.841,0,FAIL,FAIL,PASS,PASS
tt_125c_3.63v,tt,125,3.63,0,1,0.05,12.17,12.17,0,53.01,53.01,0,1184.37,1184.37,0,-0.841,-0.841,0,FAIL,FAIL,PASS,PASS
tt_125c_3.63v,tt,125,3.63,0,1,0.2,12.23,12.23,0,53,53,0,1184.37,1184.37,0,-0.841,-0.841,0,FAIL,FAIL,PASS,PASS
tt_125c_3.63v,tt,125,3.63,0,1,0.5,12.36,12.36,0,52.99,52.99,0,1184.37,1184.37,0,-0.841,-0.841,0,FAIL,FAIL,PASS,PASS
tt_125c_3.63v,tt,125,3.63,0,4.7,0.001,6.15,6.15,0,53,53,0,541.542,541.542,0,-0.8505,-0.8505,0,FAIL,FAIL,PASS,PASS
tt_125c_3.63v,tt,125,3.63,0,4.7,0.05,6.19,6.19,0,53,53,0,541.542,541.542,0,-0.8505,-0.8505,0,FAIL,FAIL,PASS,PASS
tt_125c_3.63v,tt,125,3.63,0,4.7,0.2,6.33,6.33,0,53,53,0,541.543,541.543,0,-0.8505,-0.8505,0,FAIL,FAIL,PASS,PASS
tt_125c_3.63v,tt,125,3.63,0,4.7,0.5,6.6,6.6,0,52.99,52.99,0,541.551,541.551,0,-0.8502,-0.8502,0,FAIL,FAIL,PASS,PASS
tt_125c_3.63v,tt,125,3.63,0.1,0.33,0.001,61.72,62.17,0.45,23.68,23.77,0.09,75220.3,76201.1,1.3039,-0.5286,-0.5126,0.016,PASS,PASS,PASS,PASS
tt_125c_3.63v,tt,125,3.63,0.1,0.33,0.05,62.16,62.61,0.45,24.91,25.03,0.12,75222.3,76203.2,1.304,-0.5283,-0.5123,0.016,PASS,PASS,PASS,PASS
tt_125c_3.63v,tt,125,3.63,0.1,0.33,0.2,63.48,63.96,0.48,30.22,30.46,0.24,75253.2,76235.3,1.30506,-0.5239,-0.5078,0.0161,PASS,PASS,PASS,PASS
tt_125c_3.63v,tt,125,3.63,0.1,0.33,0.5,66.11,66.62,0.51,41.49,40.92,-0.57,75427.2,76417.2,1.31252,-0.4994,-0.4826,0.0168,PASS,PASS,PASS,PASS
tt_125c_3.63v,tt,125,3.63,0.1,1,0.001,71.38,71.87,0.49,33.73,33.85,0.12,24065.8,24272.2,0.857649,-0.459,-0.4335,0.0255,PASS,PASS,PASS,PASS
tt_125c_3.63v,tt,125,3.63,0.1,1,0.05,71.8,72.3,0.5,39.06,39.37,0.31,24066.4,24272.9,0.858043,-0.4587,-0.4333,0.0254,PASS,PASS,PASS,PASS
tt_125c_3.63v,tt,125,3.63,0.1,1,0.2,73.1,73.62,0.52,50.58,50,-0.58,24076.9,24283.7,0.858915,-0.4546,-0.4291,0.0255,PASS,PASS,PASS,PASS
tt_125c_3.63v,tt,125,3.63,0.1,1,0.5,75.73,76.26,0.53,45.37,44.75,-0.62,24136,24344.8,0.865098,-0.4315,-0.4535,-0.022,PASS,PASS,PASS,PASS
tt_125c_3.63v,tt,125,3.63,0.1,4.7,0.001,43.28,43.67,0.39,53.64,53.77,0.13,6722.42,6739.89,0.259877,-0.6764,-0.6404,0.036,FAIL,FAIL,PASS,PASS
tt_125c_3.63v,tt,125,3.63,0.1,4.7,0.05,43.84,44.23,0.39,53.1,53.1,0,6722.63,6740.1,0.259869,-0.6759,-0.64,0.0359,FAIL,FAIL,PASS,PASS
tt_125c_3.63v,tt,125,3.63,0.1,4.7,0.2,45.56,45.95,0.39,50.83,50.45,-0.38,6725.9,6743.39,0.26004,-0.6689,-0.7071,-0.0382,PASS,PASS,PASS,PASS
tt_125c_3.63v,tt,125,3.63,0.1,4.7,0.5,49.05,49.45,0.4,45.98,45.42,-0.56,6744.28,6761.93,0.261703,-0.7033,-0.6671,0.0362,PASS,PASS,PASS,PASS
tt_125c_3.63v,tt,125,3.63,1,0.33,0.001,50.24,50.24,0,12.84,12.84,0,238842,238842,0,-0.5223,-0.5223,0,PASS,PASS,PASS,PASS
tt_125c_3.63v,tt,125,3.63,1,0.33,0.05,51.62,51.62,0,13.82,13.82,0,238903,238903,0,-0.5194,-0.5194,0,PASS,PASS,PASS,PASS
tt_125c_3.63v,tt,125,3.63,1,0.33,0.2,55.75,55.75,0,17.25,17.25,0,239831,239831,0,-0.5353,-0.5353,0,PASS,PASS,PASS,PASS
tt_125c_3.63v,tt,125,3.63,1,0.33,0.5,63.56,63.56,0,21.55,21.55,0,245204,245204,0,-0.5235,-0.5235,0,PASS,PASS,PASS,PASS
tt_125c_3.63v,tt,125,3.63,1,1,0.001,71.14,71.14,0,22.58,22.58,0,83264.5,83264.5,0,-0.4257,-0.4257,0,PASS,PASS,PASS,PASS
tt_125c_3.63v,tt,125,3.63,1,1,0.05,72.61,72.61,0,25.89,25.89,0,83293.2,83293.2,0,-0.4225,-0.4225,0,PASS,PASS,PASS,PASS
tt_125c_3.63v,tt,125,3.63,1,1,0.2,77.08,77.08,0,31.26,31.26,0,83737.9,83737.9,0,-0.4216,-0.4216,0,PASS,PASS,PASS,PASS
tt_125c_3.63v,tt,125,3.63,1,1,0.5,86.05,86.05,0,26.93,26.93,0,86377.2,86377.2,0,-0.4237,-0.4237,0,PASS,PASS,PASS,PASS
tt_125c_3.63v,tt,125,3.63,1,4.7,0.001,49.9,49.9,0,36.8,36.8,0,19722.2,19722.2,0,-0.6197,-0.6197,0,PASS,PASS,PASS,PASS
tt_125c_3.63v,tt,125,3.63,1,4.7,0.05,51.55,51.55,0,44.47,44.47,0,19728.1,19728.1,0,-0.6157,-0.6157,0,PASS,PASS,PASS,PASS
tt_125c_3.63v,tt,125,3.63,1,4.7,0.2,56.69,56.69,0,35.59,35.59,0,19818.5,19818.5,0,-0.6222,-0.6222,0,PASS,PASS,PASS,PASS
tt_125c_3.63v,tt,125,3.63,1,4.7,0.5,67.54,67.54,0,28.35,28.35,0,20347.6,20347.6,0,-0.5453,-0.5453,0,PASS,PASS,PASS,PASS
tt_125c_3.63v,tt,125,3.63,10,0.33,0.001,35.48,35.48,0,6.98,6.98,0,455519,455519,0,-0.5209,-0.5209,0,FAIL,FAIL,PASS,PASS
tt_125c_3.63v,tt,125,3.63,10,0.33,0.05,38.09,38.09,0,7.87,7.87,0,455932,455932,0,-0.5715,-0.5715,0,FAIL,FAIL,PASS,PASS
tt_125c_3.63v,tt,125,3.63,10,0.33,0.2,45.59,45.59,0,10.73,10.73,0,462351,462351,0,-0.5321,-0.5321,0,PASS,PASS,PASS,PASS
tt_125c_3.63v,tt,125,3.63,10,0.33,0.5,58.22,58.22,0,13.14,13.14,0,502398,502398,0,-0.4439,-0.4439,0,PASS,PASS,PASS,PASS
tt_125c_3.63v,tt,125,3.63,10,1,0.001,60.35,60.35,0,16.66,16.66,0,166084,166084,0,-0.4703,-0.4703,0,PASS,PASS,PASS,PASS
tt_125c_3.63v,tt,125,3.63,10,1,0.05,63.27,63.27,0,19.49,19.49,0,166289,166289,0,-0.4577,-0.4577,0,PASS,PASS,PASS,PASS
tt_125c_3.63v,tt,125,3.63,10,1,0.2,72.15,72.15,0,22.5,22.5,0,169559,169559,0,-0.4703,-0.4703,0,PASS,PASS,PASS,PASS
tt_125c_3.63v,tt,125,3.63,10,1,0.5,89.99,89.99,0,17.92,17.92,0,192198,192198,0,-0.3332,-0.3332,0,PASS,PASS,PASS,PASS
tt_125c_3.63v,tt,125,3.63,10,4.7,0.001,47.84,47.84,0,30.46,30.46,0,43857.8,43857.8,0,-0.6232,-0.6232,0,PASS,PASS,PASS,PASS
tt_125c_3.63v,tt,125,3.63,10,4.7,0.05,51.52,51.52,0,35.47,35.47,0,43922.9,43922.9,0,-0.6036,-0.6036,0,PASS,PASS,PASS,PASS
tt_125c_3.63v,tt,125,3.63,10,4.7,0.2,63.21,63.21,0,26.67,26.67,0,44958.4,44958.4,0,-0.5668,-0.5668,0,PASS,PASS,PASS,PASS
tt_125c_3.63v,tt,125,3.63,10,4.7,0.5,89.26,89.26,0,19.3,19.3,0,52252.6,52252.6,0,-0.3922,-0.3922,0,PASS,PASS,PASS,PASS
tt_125c_3.63v,tt,125,3.63,25,0.33,0.001,22.18,22.18,0,4.35,4.35,0,559847,559847,0,-0.597,-0.597,0,FAIL,FAIL,PASS,PASS
tt_125c_3.63v,tt,125,3.63,25,0.33,0.05,25.37,25.37,0,5.25,5.25,0,560525,560525,0,-0.5813,-0.5813,0,FAIL,FAIL,PASS,PASS
tt_125c_3.63v,tt,125,3.63,25,0.33,0.2,34.28,34.28,0,8.14,8.14,0,571170,571170,0,-0.6131,-0.6131,0,FAIL,FAIL,PASS,PASS
tt_125c_3.63v,tt,125,3.63,25,0.33,0.5,47.73,47.73,0,10.74,10.74,0,637620,637620,0,-0.5239,-0.5239,0,PASS,PASS,PASS,PASS
tt_125c_3.63v,tt,125,3.63,25,1,0.001,54.62,54.62,0,14.02,14.02,0,217132,217132,0,-0.5059,-0.5059,0,PASS,PASS,PASS,PASS
tt_125c_3.63v,tt,125,3.63,25,1,0.05,58.42,58.42,0,16.86,16.86,0,217577,217577,0,-0.4844,-0.4844,0,PASS,PASS,PASS,PASS
tt_125c_3.63v,tt,125,3.63,25,1,0.2,69.76,69.76,0,20.13,20.13,0,224858,224858,0,-0.4668,-0.4668,0,PASS,PASS,PASS,PASS
tt_125c_3.63v,tt,125,3.63,25,1,0.5,90.85,90.85,0,15.6,15.6,0,283056,283056,0,-0.3041,-0.3041,0,PASS,PASS,PASS,PASS
tt_125c_3.63v,tt,125,3.63,25,4.7,0.001,49.64,49.64,0,27.76,27.76,0,56676.2,56676.2,0,-0.5651,-0.5651,0,PASS,PASS,PASS,PASS
tt_125c_3.63v,tt,125,3.63,25,4.7,0.05,54.39,54.39,0,33.12,33.12,0,56822,56822,0,-0.5972,-0.5972,0,PASS,PASS,PASS,PASS
tt_125c_3.63v,tt,125,3.63,25,4.7,0.2,69.63,69.63,0,24.38,24.38,0,59206.9,59206.9,0,-0.5325,-0.5325,0,PASS,PASS,PASS,PASS
tt_125c_3.63v,tt,125,3.63,25,4.7,0.5,104.95,104.95,0,16.99,16.99,0,80361.2,80361.2,0,-0.267,-0.267,0,PASS,PASS,PASS,PASS
tt_125c_3.63v,tt,125,3.63,50,0.33,0.001,12.31,12.31,0,2.39,2.39,0,646856,646856,0,-0.6428,-0.6428,0,FAIL,FAIL,PASS,PASS
tt_125c_3.63v,tt,125,3.63,50,0.33,0.05,15.97,15.97,0,3.27,3.27,0,647800,647800,0,-0.6972,-0.6972,0,FAIL,FAIL,PASS,PASS
tt_125c_3.63v,tt,125,3.63,50,0.33,0.2,25.98,25.98,0,6.12,6.12,0,662858,662858,0,-0.6743,-0.6743,0,FAIL,FAIL,PASS,PASS
tt_125c_3.63v,tt,125,3.63,50,0.33,0.5,39.54,39.54,0,8.74,8.74,0,755911,755911,0,-0.5315,-0.5315,0,FAIL,FAIL,PASS,PASS
tt_125c_3.63v,tt,125,3.63,50,1,0.001,50.02,50.02,0,12.04,12.04,0,263241,263241,0,-0.4917,-0.4917,0,PASS,PASS,PASS,PASS
tt_125c_3.63v,tt,125,3.63,50,1,0.05,54.6,54.6,0,14.84,14.84,0,264016,264016,0,-0.5157,-0.5157,0,PASS,PASS,PASS,PASS
tt_125c_3.63v,tt,125,3.63,50,1,0.2,67.93,67.93,0,18.13,18.13,0,276978,276978,0,-0.4525,-0.4525,0,PASS,PASS,PASS,PASS
tt_125c_3.63v,tt,125,3.63,50,1,0.5,88.64,88.64,0,13.63,13.63,0,395745,395745,0,-0.2621,-0.2621,0,PASS,PASS,PASS,PASS
tt_125c_3.63v,tt,125,3.63,50,4.7,0.001,51.38,51.38,0,25.75,25.75,0,67727.3,67727.3,0,-0.5503,-0.5503,0,PASS,PASS,PASS,PASS
tt_125c_3.63v,tt,125,3.63,50,4.7,0.05,57.06,57.06,0,31.12,31.12,0,67983.4,67983.4,0,-0.5666,-0.5666,0,PASS,PASS,PASS,PASS
tt_125c_3.63v,tt,125,3.63,50,4.7,0.2,75.41,75.41,0,22.41,22.41,0,72326.4,72326.4,0,-0.5022,-0.5022,0,PASS,PASS,PASS,PASS
tt_125c_3.63v,tt,125,3.63,50,4.7,0.5,119.32,119.32,0,15.02,15.02,0,129202,129202,0,-0.1372,-0.1372,0,PASS,PASS,PASS,PASS
tt_27c_2.97v,tt,27,2.97,0,0.33,0.001,26.22,26.22,0,53.18,53.18,0,2602.31,2602.31,0,-0.7931,-0.7931,0,FAIL,FAIL,PASS,PASS
tt_27c_2.97v,tt,27,2.97,0,0.33,0.05,26.23,26.23,0,53.17,53.17,0,2602.31,2602.31,0,-0.7931,-0.7931,0,FAIL,FAIL,PASS,PASS
tt_27c_2.97v,tt,27,2.97,0,0.33,0.2,26.28,26.28,0,53.16,53.16,0,2602.31,2602.31,0,-0.7931,-0.7931,0,FAIL,FAIL,PASS,PASS
tt_27c_2.97v,tt,27,2.97,0,0.33,0.5,26.37,26.37,0,53.13,53.13,0,2602.32,2602.32,0,-0.7931,-0.7931,0,FAIL,FAIL,PASS,PASS
tt_27c_2.97v,tt,27,2.97,0,1,0.001,15.32,15.32,0,53.16,53.16,0,1440.02,1440.02,0,-0.8331,-0.8331,0,FAIL,FAIL,PASS,PASS
tt_27c_2.97v,tt,27,2.97,0,1,0.05,15.35,15.35,0,53.16,53.16,0,1440.02,1440.02,0,-0.8331,-0.8331,0,FAIL,FAIL,PASS,PASS
tt_27c_2.97v,tt,27,2.97,0,1,0.2,15.43,15.43,0,53.14,53.14,0,1440.02,1440.02,0,-0.8331,-0.8331,0,FAIL,FAIL,PASS,PASS
tt_27c_2.97v,tt,27,2.97,0,1,0.5,15.58,15.58,0,53.12,53.12,0,1440.02,1440.02,0,-0.833,-0.833,0,FAIL,FAIL,PASS,PASS
tt_27c_2.97v,tt,27,2.97,0,4.7,0.001,7.25,7.25,0,53.15,53.15,0,654.655,654.655,0,-0.8525,-0.8525,0,FAIL,FAIL,PASS,PASS
tt_27c_2.97v,tt,27,2.97,0,4.7,0.05,7.3,7.3,0,53.15,53.15,0,654.656,654.656,0,-0.8525,-0.8525,0,FAIL,FAIL,PASS,PASS
tt_27c_2.97v,tt,27,2.97,0,4.7,0.2,7.47,7.47,0,53.14,53.14,0,654.658,654.658,0,-0.8525,-0.8525,0,FAIL,FAIL,PASS,PASS
tt_27c_2.97v,tt,27,2.97,0,4.7,0.5,7.8,7.8,0,53.11,53.11,0,654.671,654.671,0,-0.8521,-0.8521,0,FAIL,FAIL,PASS,PASS
tt_27c_2.97v,tt,27,2.97,0.1,0.33,0.001,61.6,61.6,0,22.09,22.09,0,82917.7,82917.7,0,-0.4753,-0.4753,0,PASS,PASS,PASS,PASS
tt_27c_2.97v,tt,27,2.97,0.1,0.33,0.05,62.08,62.08,0,23.19,23.19,0,82920.4,82920.4,0,-0.4749,-0.4749,0,PASS,PASS,PASS,PASS
tt_27c_2.97v,tt,27,2.97,0.1,0.33,0.2,63.54,64,0.46,27.62,27.71,0.09,82961.8,83873.9,1.09942,-0.5259,-0.4734,0.0525,PASS,PASS,PASS,PASS
tt_27c_2.97v,tt,27,2.97,0.1,0.33,0.5,66.43,66.43,0,37.4,37.4,0,83195.6,83195.6,0,-0.496,-0.496,0,PASS,PASS,PASS,PASS
tt_27c_2.97v,tt,27,2.97,0.1,1,0.001,71.97,71.97,0,32.05,32.05,0,26311.5,26311.5,0,-0.4287,-0.4287,0,PASS,PASS,PASS,PASS
tt_27c_2.97v,tt,27,2.97,0.1,1,0.05,72.43,72.43,0,36.38,36.38,0,26312.4,26312.4,0,-0.4284,-0.4284,0,PASS,PASS,PASS,PASS
tt_27c_2.97v,tt,27,2.97,0.1,1,0.2,73.86,74.3,0.44,48.13,47.54,-0.59,26326.2,26510.4,0.699683,-0.4235,-0.4118,0.0117,PASS,PASS,PASS,PASS
tt_27c_2.97v,tt,27,2.97,0.1,1,0.5,76.73,76.73,0,42.77,42.77,0,26404.8,26404.8,0,-0.4433,-0.4433,0,PASS,PASS,PASS,PASS
tt_27c_2.97v,tt,27,2.97,0.1,4.7,0.001,43.31,43.31,0,49.22,49.22,0,7300.17,7300.17,0,-0.6532,-0.6532,0,FAIL,FAIL,PASS,PASS
tt_27c_2.97v,tt,27,2.97,0.1,4.7,0.05,43.92,43.92,0,53.37,53.37,0,7300.44,7300.44,0,-0.6527,-0.6527,0,FAIL,FAIL,PASS,PASS
tt_27c_2.97v,tt,27,2.97,0.1,4.7,0.2,45.79,46.11,0.32,49.55,49.17,-0.38,7304.6,7319.53,0.204392,-0.6444,-0.6904,-0.046,PASS,PASS,PASS,PASS
tt_27c_2.97v,tt,27,2.97,0.1,4.7,0.5,49.59,49.59,0,43.71,43.71,0,7328.05,7328.05,0,-0.672,-0.672,0,PASS,PASS,PASS,PASS
tt_27c_2.97v,tt,27,2.97,1,0.33,0.001,53.64,53.64,0,12.86,12.86,0,226500,226500,0,-0.5045,-0.5045,0,PASS,PASS,PASS,PASS
tt_27c_2.97v,tt,27,2.97,1,0.33,0.05,56.3,54.95,-1.35,13.48,13.73,0.25,230644,226554,-1.7733,-0.4857,-0.5019,-0.0162,PASS,PASS,PASS,PASS
tt_27c_2.97v,tt,27,2.97,1,0.33,0.2,58.89,58.89,0,16.67,16.67,0,227391,227391,0,-0.5186,-0.5186,0,PASS,PASS,PASS,PASS
tt_27c_2.97v,tt,27,2.97,1,0.33,0.5,66.39,66.39,0,20.25,20.25,0,232247,232247,0,-0.4627,-0.4627,0,PASS,PASS,PASS,PASS
tt_27c_2.97v,tt,27,2.97,1,1,0.001,69.48,69.48,0,22.59,22.59,0,76990.4,76990.4,0,-0.4611,-0.4611,0,PASS,PASS,PASS,PASS
tt_27c_2.97v,tt,27,2.97,1,1,0.05,71.64,70.84,-0.8,25.11,25.45,0.34,77516.7,77012.4,-0.650569,-0.4497,-0.4584,-0.0087,PASS,PASS,PASS,PASS
tt_27c_2.97v,tt,27,2.97,1,1,0.2,75,75,0,29.94,29.94,0,77357.1,77357.1,0,-0.4165,-0.4165,0,PASS,PASS,PASS,PASS
tt_27c_2.97v,tt,27,2.97,1,1,0.5,83.44,83.44,0,25.78,25.78,0,79390.8,79390.8,0,-0.417,-0.417,0,PASS,PASS,PASS,PASS
tt_27c_2.97v,tt,27,2.97,1,4.7,0.001,44.51,44.51,0,36.69,36.69,0,20042.1,20042.1,0,-0.6785,-0.6785,0,FAIL,FAIL,PASS,PASS
tt_27c_2.97v,tt,27,2.97,1,4.7,0.05,46.56,46.18,-0.38,42.61,43.12,0.51,20076.5,20047.8,-0.142953,-0.6548,-0.6744,-0.0196,PASS,PASS,PASS,PASS
tt_27c_2.97v,tt,27,2.97,1,4.7,0.2,51.4,51.4,0,34.5,34.5,0,20136.3,20136.3,0,-0.6838,-0.6838,0,PASS,PASS,PASS,PASS
tt_27c_2.97v,tt,27,2.97,1,4.7,0.5,62.34,62.34,0,27.26,27.26,0,20651.8,20651.8,0,-0.6149,-0.6149,0,PASS,PASS,PASS,PASS
tt_27c_2.97v,tt,27,2.97,10,0.33,0.001,30.98,30.91,-0.07,6.06,6.05,-0.01,458493,458019,-0.103382,-0.5952,-0.5437,0.0515,FAIL,FAIL,PASS,PASS
tt_27c_2.97v,tt,27,2.97,10,0.33,0.05,33.53,33.6,0.07,6.88,6.89,0.01,458421,458896,0.103617,-0.5332,-0.5846,-0.0514,FAIL,FAIL,PASS,PASS
tt_27c_2.97v,tt,27,2.97,10,0.33,0.2,41.11,41.11,0,9.56,9.56,0,465201,465202,0.000214961,-0.5482,-0.5482,0,FAIL,FAIL,PASS,PASS
tt_27c_2.97v,tt,27,2.97,10,0.33,0.5,53.56,53.56,0,12.26,12.26,0,504166,504166,0,-0.4865,-0.4865,0,PASS,PASS,PASS,PASS
tt_27c_2.97v,tt,27,2.97,10,1,0.001,58.49,58.43,-0.06,15.73,15.72,-0.01,170151,170101,-0.0293857,-0.4622,-0.4651,-0.0029,PASS,PASS,PASS,PASS
tt_27c_2.97v,tt,27,2.97,10,1,0.05,61.42,61.48,0.06,18.35,18.35,0,170318,170368,0.0293569,-0.452,-0.5023,-0.0503,PASS,PASS,PASS,PASS
tt_27c_2.97v,tt,27,2.97,10,1,0.2,70.53,70.53,0,21.76,21.76,0,173863,173863,0,-0.4542,-0.4542,0,PASS,PASS,PASS,PASS
tt_27c_2.97v,tt,27,2.97,10,1,0.5,88.46,88.46,0,17.51,17.51,0,198261,198261,0,-0.3549,-0.3549,0,PASS,PASS,PASS,PASS
tt_27c_2.97v,tt,27,2.97,10,4.7,0.001,47.83,47.81,-0.02,29.48,29.47,-0.01,44819.9,44817.5,-0.00535476,-0.6349,-0.6356,-0.0007,PASS,PASS,PASS,PASS
tt_27c_2.97v,tt,27,2.97,10,4.7,0.05,51.56,51.58,0.02,34.82,34.82,0,44886.9,44889.3,0.00534677,-0.6151,-0.6144,0.0007,PASS,PASS,PASS,PASS
tt_27c_2.97v,tt,27,2.97,10,4.7,0.2,63.53,63.53,0,26.34,26.34,0,46001.8,46001.8,0,-0.5626,-0.5626,0,PASS,PASS,PASS,PASS
tt_27c_2.97v,tt,27,2.97,10,4.7,0.5,90.2,90.2,0,19.01,19.01,0,53960.8,53960.8,0,-0.3981,-0.3981,0,PASS,PASS,PASS,PASS
tt_27c_2.97v,tt,27,2.97,25,0.33,0.001,16.58,16.58,0,3.2,3.2,0,570910,570910,0,-0.6684,-0.6684,0,FAIL,FAIL,PASS,PASS
tt_27c_2.97v,tt,27,2.97,25,0.33,0.05,19.82,19.81,-0.01,4.02,4.02,0,571588,571626,0.00664815,-0.6521,-0.6513,0.0008,FAIL,FAIL,PASS,PASS
tt_27c_2.97v,tt,27,2.97,25,0.33,0.2,28.83,28.81,-0.02,6.68,6.67,-0.01,582339,582378,0.00669713,-0.6172,-0.6164,0.0008,FAIL,FAIL,PASS,PASS
tt_27c_2.97v,tt,27,2.97,25,0.33,0.5,42.04,42.04,0,9.48,9.48,0,648605,648605,0,-0.5576,-0.5576,0,FAIL,FAIL,PASS,PASS
tt_27c_2.97v,tt,27,2.97,25,1,0.001,52.43,52.43,0,12.85,12.85,0,226611,226611,0,-0.4861,-0.4861,0,PASS,PASS,PASS,PASS
tt_27c_2.97v,tt,27,2.97,25,1,0.05,56.38,56.38,0,15.45,15.45,0,227111,227120,0.00396282,-0.463,-0.4626,0.0004,PASS,PASS,PASS,PASS
tt_27c_2.97v,tt,27,2.97,25,1,0.2,68.06,68.06,0,19.01,19,-0.01,235350,235361,0.00467389,-0.4718,-0.4713,0.0005,PASS,PASS,PASS,PASS
tt_27c_2.97v,tt,27,2.97,25,1,0.5,88.72,88.72,0,14.81,14.81,0,302656,302656,0,-0.2795,-0.2795,0,PASS,PASS,PASS,PASS
tt_27c_2.97v,tt,27,2.97,25,4.7,0.001,50.67,50.67,0,26.55,26.55,0,58236.7,58236.7,0,-0.5711,-0.5711,0,PASS,PASS,PASS,PASS
tt_27c_2.97v,tt,27,2.97,25,4.7,0.05,55.55,55.55,0,32.09,32.08,-0.01,58397.3,58398.3,0.00171241,-0.6001,-0.5999,0.0002,PASS,PASS,PASS,PASS
tt_27c_2.97v,tt,27,2.97,25,4.7,0.2,71.23,71.23,0,23.68,23.67,-0.01,61052.3,61053.5,0.00196553,-0.4982,-0.498,0.0002,PASS,PASS,PASS,PASS
tt_27c_2.97v,tt,27,2.97,25,4.7,0.5,107.9,107.9,0,16.32,16.32,0,86226.9,86226.9,0,-0.232,-0.232,0,PASS,PASS,PASS,PASS
tt_27c_2.97v,tt,27,2.97,50,0.33,0.001,6.14,6.14,0,1.17,1.17,0,660515,660515,0,-0.7056,-0.7056,0,FAIL,FAIL,PASS,PASS
tt_27c_2.97v,tt,27,2.97,50,0.33,0.05,9.87,9.87,0,1.98,1.98,0,661446,661446,0,-0.6847,-0.6847,0,FAIL,FAIL,PASS,PASS
tt_27c_2.97v,tt,27,2.97,50,0.33,0.2,19.99,19.99,0,4.6,4.6,0,676481,676569,0.0130085,-0.6701,-0.6683,0.0018,FAIL,FAIL,PASS,PASS
tt_27c_2.97v,tt,27,2.97,50,0.33,0.5,33.31,33.31,0,7.4,7.4,0,768460,768460,0,-0.5771,-0.5771,0,FAIL,FAIL,PASS,PASS
tt_27c_2.97v,tt,27,2.97,50,1,0.001,47.18,47.18,0,10.8,10.8,0,276497,276497,0,-0.524,-0.524,0,PASS,PASS,PASS,PASS
tt_27c_2.97v,tt,27,2.97,50,1,0.05,51.98,51.98,0,13.36,13.36,0,277371,277371,0,-0.4898,-0.4898,0,PASS,PASS,PASS,PASS
tt_27c_2.97v,tt,27,2.97,50,1,0.2,65.68,65.68,0,16.91,16.9,-0.01,292224,292243,0.00650186,-0.4398,-0.4392,0.0006,PASS,PASS,PASS,PASS
tt_27c_2.97v,tt,27,2.97,50,1,0.5,84.38,84.38,0,12.75,12.75,0,429569,429569,0,-0.2631,-0.2631,0,PASS,PASS,PASS,PASS
tt_27c_2.97v,tt,27,2.97,50,4.7,0.001,52.74,52.74,0,24.47,24.47,0,70010.1,70010.1,0,-0.5504,-0.5504,0,PASS,PASS,PASS,PASS
tt_27c_2.97v,tt,27,2.97,50,4.7,0.05,58.61,58.61,0,29.99,29.99,0,70297.4,70297.4,0,-0.5623,-0.5623,0,PASS,PASS,PASS,PASS
tt_27c_2.97v,tt,27,2.97,50,4.7,0.2,77.57,77.58,0.01,21.61,21.61,0,75269.7,75270.9,0.00159427,-0.4849,-0.4848,0.0001,PASS,PASS,PASS,PASS
tt_27c_2.97v,tt,27,2.97,50,4.7,0.5,122.66,122.66,0,14.26,14.26,0,154865,154865,0,-0.1106,-0.1106,0,PASS,PASS,PASS,PASS
tt_27c_3.30v,tt,27,3.3,0,0.33,0.001,27.67,27.67,0,53.1,53.1,0,2770.36,2770.36,0,-0.7948,-0.7948,0,FAIL,FAIL,PASS,PASS
tt_27c_3.30v,tt,27,3.3,0,0.33,0.05,27.69,27.69,0,53.09,53.09,0,2770.36,2770.36,0,-0.7948,-0.7948,0,FAIL,FAIL,PASS,PASS
tt_27c_3.30v,tt,27,3.3,0,0.33,0.2,27.74,27.74,0,53.08,53.08,0,2770.37,2770.37,0,-0.7948,-0.7948,0,FAIL,FAIL,PASS,PASS
tt_27c_3.30v,tt,27,3.3,0,0.33,0.5,27.84,27.84,0,53.06,53.06,0,2770.37,2770.37,0,-0.7947,-0.7947,0,FAIL,FAIL,PASS,PASS
tt_27c_3.30v,tt,27,3.3,0,1,0.001,16.21,16.21,0,53.08,53.08,0,1526.19,1526.19,0,-0.8202,-0.8202,0,FAIL,FAIL,PASS,PASS
tt_27c_3.30v,tt,27,3.3,0,1,0.05,16.23,16.23,0,53.08,53.08,0,1526.19,1526.19,0,-0.8202,-0.8202,0,FAIL,FAIL,PASS,PASS
tt_27c_3.30v,tt,27,3.3,0,1,0.2,16.32,16.32,0,53.07,53.07,0,1526.19,1526.19,0,-0.8202,-0.8202,0,FAIL,FAIL,PASS,PASS
tt_27c_3.30v,tt,27,3.3,0,1,0.5,16.48,16.48,0,53.05,53.05,0,1526.2,1526.2,0,-0.8201,-0.8201,0,FAIL,FAIL,PASS,PASS
tt_27c_3.30v,tt,27,3.3,0,4.7,0.001,7.68,7.68,0,53.08,53.08,0,692.624,692.624,0,-0.8721,-0.8721,0,FAIL,FAIL,PASS,PASS
tt_27c_3.30v,tt,27,3.3,0,4.7,0.05,7.74,7.74,0,53.08,53.08,0,692.624,692.624,0,-0.8721,-0.8721,0,FAIL,FAIL,PASS,PASS
tt_27c_3.30v,tt,27,3.3,0,4.7,0.2,7.91,7.91,0,53.06,53.06,0,692.627,692.627,0,-0.872,-0.872,0,FAIL,FAIL,PASS,PASS
tt_27c_3.30v,tt,27,3.3,0,4.7,0.5,8.26,8.26,0,53.04,53.04,0,692.642,692.642,0,-0.8716,-0.8716,0,FAIL,FAIL,PASS,PASS
tt_27c_3.30v,tt,27,3.3,0.1,0.33,0.001,57.15,57.15,0,21.71,21.71,0,94462.3,94462.3,0,-0.5333,-0.5333,0,PASS,PASS,PASS,PASS
tt_27c_3.30v,tt,27,3.3,0.1,0.33,0.05,57.7,57.7,0,22.96,22.96,0,94466,94466,0,-0.5328,-0.5328,0,PASS,PASS,PASS,PASS
tt_27c_3.30v,tt,27,3.3,0.1,0.33,0.2,59.37,59.37,0,28.3,28.3,0,94523.1,94523.1,0,-0.526,-0.526,0,PASS,PASS,PASS,PASS
tt_27c_3.30v,tt,27,3.3,0.1,0.33,0.5,62.63,62.63,0,38.66,38.66,0,94845,94845,0,-0.5477,-0.5477,0,PASS,PASS,PASS,PASS
tt_27c_3.30v,tt,27,3.3,0.1,1,0.001,73.26,73.26,0,31.67,31.67,0,31121.2,31121.2,0,-0.4086,-0.4086,0,PASS,PASS,PASS,PASS
tt_27c_3.30v,tt,27,3.3,0.1,1,0.05,73.81,73.81,0,36.77,36.77,0,31122.8,31122.8,0,-0.4082,-0.4082,0,PASS,PASS,PASS,PASS
tt_27c_3.30v,tt,27,3.3,0.1,1,0.2,75.49,75.49,0,48.63,48.63,0,31146.5,31146.5,0,-0.4013,-0.4013,0,PASS,PASS,PASS,PASS
tt_27c_3.30v,tt,27,3.3,0.1,1,0.5,78.87,78.87,0,43,43,0,31281.2,31281.2,0,-0.4089,-0.4089,0,PASS,PASS,PASS,PASS
tt_27c_3.30v,tt,27,3.3,0.1,4.7,0.001,47.3,47.3,0,48.5,48.5,0,8022.12,8022.12,0,-0.6646,-0.6646,0,PASS,PASS,PASS,PASS
tt_27c_3.30v,tt,27,3.3,0.1,4.7,0.05,47.97,47.97,0,53.33,53.33,0,8022.5,8022.5,0,-0.664,-0.664,0,PASS,PASS,PASS,PASS
tt_27c_3.30v,tt,27,3.3,0.1,4.7,0.2,50.02,50.02,0,49.67,49.67,0,8028.3,8028.3,0,-0.6539,-0.6539,0,PASS,PASS,PASS,PASS
tt_27c_3.30v,tt,27,3.3,0.1,4.7,0.5,54.21,54.21,0,43.81,43.81,0,8061.18,8061.18,0,-0.6675,-0.6675,0,PASS,PASS,PASS,PASS
tt_27c_3.30v,tt,27,3.3,1,0.33,0.001,48.95,48.95,0,12.39,12.39,0,259694,259694,0,-0.5523,-0.5523,0,PASS,PASS,PASS,PASS
tt_27c_3.30v,tt,27,3.3,1,0.33,0.05,51.77,50.45,-1.32,13.16,13.41,0.25,265490,259771,-2.15413,-0.5495,-0.5488,0.0007,PASS,PASS,PASS,PASS
tt_27c_3.30v,tt,27,3.3,1,0.33,0.2,56.34,54.93,-1.41,16.56,16.96,0.4,266788,260961,-2.18413,-0.4951,-0.5567,-0.0616,PASS,PASS,PASS,PASS
tt_27c_3.30v,tt,27,3.3,1,0.33,0.5,63.36,63.36,0,20.92,20.92,0,267878,267878,0,-0.5006,-0.5006,0,PASS,PASS,PASS,PASS
tt_27c_3.30v,tt,27,3.3,1,1,0.001,69.47,69.47,0,22.13,22.13,0,91574.8,91574.8,0,-0.4576,-0.4576,0,PASS,PASS,PASS,PASS
tt_27c_3.30v,tt,27,3.3,1,1,0.05,71.99,71.08,-0.91,25.19,25.54,0.35,92363.7,91612.1,-0.81374,-0.4304,-0.4538,-0.0234,PASS,PASS,PASS,PASS
tt_27c_3.30v,tt,27,3.3,1,1,0.2,76.96,76,-0.96,29.94,30.48,0.54,92962.6,92192.7,-0.828183,-0.4189,-0.4432,-0.0243,PASS,PASS,PASS,PASS
tt_27c_3.30v,tt,27,3.3,1,1,0.5,85.88,85.88,0,25.89,25.89,0,95672.7,95672.7,0,-0.3918,-0.3918,0,PASS,PASS,PASS,PASS
tt_27c_3.30v,tt,27,3.3,1,4.7,0.001,49.07,49.07,0,36.26,36.26,0,22153.9,22153.9,0,-0.6089,-0.6089,0,PASS,PASS,PASS,PASS
tt_27c_3.30v,tt,27,3.3,1,4.7,0.05,51.35,50.92,-0.43,43.05,43.55,0.5,22206.4,22162.2,-0.199042,-0.6464,-0.6039,0.0425,PASS,PASS,PASS,PASS
tt_27c_3.30v,tt,27,3.3,1,4.7,0.2,57.16,56.72,-0.44,34.15,34.53,0.38,22335.3,22289.9,-0.203266,-0.6364,-0.5951,0.0413,PASS,PASS,PASS,PASS
tt_27c_3.30v,tt,27,3.3,1,4.7,0.5,69,69,0,27.21,27.21,0,23045.8,23045.8,0,-0.5588,-0.5588,0,PASS,PASS,PASS,PASS
tt_27c_3.30v,tt,27,3.3,10,0.33,0.001,28.7,28.61,-0.09,5.97,5.96,-0.01,503702,503033,-0.132817,-0.6026,-0.6188,-0.0162,FAIL,FAIL,PASS,PASS
tt_27c_3.30v,tt,27,3.3,10,0.33,0.05,31.58,31.48,-0.1,6.94,6.93,-0.01,504216,503544,-0.133276,-0.5897,-0.6059,-0.0162,FAIL,FAIL,PASS,PASS
tt_27c_3.30v,tt,27,3.3,10,0.33,0.2,39.67,39.67,0,10.12,10.12,0,511494,511494,0,-0.6085,-0.6085,0,FAIL,FAIL,PASS,PASS
tt_27c_3.30v,tt,27,3.3,10,0.33,0.5,53.05,52.94,-0.11,12.92,12.91,-0.01,561722,560716,-0.179092,-0.5159,-0.4779,0.038,PASS,PASS,PASS,PASS
tt_27c_3.30v,tt,27,3.3,10,1,0.001,57.8,57.72,-0.08,15.65,15.64,-0.01,192326,192248,-0.0405561,-0.5046,-0.5087,-0.0041,PASS,PASS,PASS,PASS
tt_27c_3.30v,tt,27,3.3,10,1,0.05,61.17,61.09,-0.08,18.76,18.75,-0.01,192641,192563,-0.0404898,-0.4875,-0.4916,-0.0041,PASS,PASS,PASS,PASS
tt_27c_3.30v,tt,27,3.3,10,1,0.2,71.23,71.23,0,22.27,22.27,0,197625,197625,0,-0.4402,-0.4402,0,PASS,PASS,PASS,PASS
tt_27c_3.30v,tt,27,3.3,10,1,0.5,90.92,90.82,-0.1,17.6,17.6,0,235136,234952,-0.0782526,-0.3436,-0.3131,0.0305,PASS,PASS,PASS,PASS
tt_27c_3.30v,tt,27,3.3,10,4.7,0.001,50.32,50.29,-0.03,29.44,29.43,-0.01,49424.3,49420.7,-0.00728387,-0.6136,-0.6145,-0.0009,PASS,PASS,PASS,PASS
tt_27c_3.30v,tt,27,3.3,10,4.7,0.05,54.46,54.43,-0.03,35.23,35.23,0,49521.7,49518.1,-0.00726954,-0.5885,-0.5894,-0.0009,PASS,PASS,PASS,PASS
tt_27c_3.30v,tt,27,3.3,10,4.7,0.2,67.69,67.69,0,26.34,26.34,0,51084.1,51084.1,0,-0.522,-0.522,0,PASS,PASS,PASS,PASS
tt_27c_3.30v,tt,27,3.3,10,4.7,0.5,98,97.97,-0.03,18.93,18.93,0,63344.3,63333.7,-0.0167339,-0.3393,-0.3405,-0.0012,PASS,PASS,PASS,PASS
tt_27c_3.30v,tt,27,3.3,25,0.33,0.001,15.03,15.03,0,3.12,3.12,0,618515,618515,0,-0.7043,-0.7043,0,FAIL,FAIL,PASS,PASS
tt_27c_3.30v,tt,27,3.3,25,0.33,0.05,18.54,18.56,0.02,4.08,4.09,0.01,619352,619307,-0.00726566,-0.685,-0.686,-0.001,FAIL,FAIL,PASS,PASS
tt_27c_3.30v,tt,27,3.3,25,0.33,0.2,28.27,28.28,0.01,7.25,7.26,0.01,632483,632435,-0.00758914,-0.6164,-0.6174,-0.001,FAIL,FAIL,PASS,PASS
tt_27c_3.30v,tt,27,3.3,25,0.33,0.5,42.32,42.32,0,10.19,10.19,0,713225,713225,0,-0.5405,-0.5405,0,FAIL,FAIL,PASS,PASS
tt_27c_3.30v,tt,27,3.3,25,1,0.001,50.9,50.9,0,12.78,12.78,0,254226,254226,0,-0.4981,-0.4981,0,PASS,PASS,PASS,PASS
tt_27c_3.30v,tt,27,3.3,25,1,0.05,55.32,55.33,0.01,15.86,15.87,0.01,254930,254918,-0.00470717,-0.5243,-0.5248,-0.0005,PASS,PASS,PASS,PASS
tt_27c_3.30v,tt,27,3.3,25,1,0.2,68.23,68.23,0,19.56,19.57,0.01,266494,266480,-0.0052534,-0.4448,-0.4452,-0.0004,PASS,PASS,PASS,PASS
tt_27c_3.30v,tt,27,3.3,25,1,0.5,89.11,89.11,0,14.96,14.96,0,366770,366770,0,-0.287,-0.287,0,PASS,PASS,PASS,PASS
tt_27c_3.30v,tt,27,3.3,25,4.7,0.001,52.69,52.69,0,26.52,26.52,0,64578.2,64578.2,0,-0.5572,-0.5572,0,PASS,PASS,PASS,PASS
tt_27c_3.30v,tt,27,3.3,25,4.7,0.05,58.1,58.1,0,32.53,32.55,0.02,64806.8,64805.5,-0.00200596,-0.576,-0.5763,-0.0003,PASS,PASS,PASS,PASS
tt_27c_3.30v,tt,27,3.3,25,4.7,0.2,75.59,75.59,0,23.7,23.72,0.02,68627.2,68625.5,-0.00247715,-0.5053,-0.5056,-0.0003,PASS,PASS,PASS,PASS
tt_27c_3.30v,tt,27,3.3,25,4.7,0.5,117.64,117.64,0,16.3,16.3,0,115013,115013,0,-0.1566,-0.1566,0,PASS,PASS,PASS,PASS
tt_27c_3.30v,tt,27,3.3,50,0.33,0.001,5.12,5.12,0,1.05,1.05,0,712379,712379,0,-0.7197,-0.7197,0,FAIL,FAIL,PASS,PASS
tt_27c_3.30v,tt,27,3.3,50,0.33,0.05,9.15,9.15,0,2,2,0,713536,713446,-0.0126132,-0.6948,-0.6966,-0.0018,FAIL,FAIL,PASS,PASS
tt_27c_3.30v,tt,27,3.3,50,0.33,0.2,20.04,20.04,0,5.11,5.11,0,731950,731852,-0.0133889,-0.7142,-0.7161,-0.0019,FAIL,FAIL,PASS,PASS
tt_27c_3.30v,tt,27,3.3,50,0.33,0.5,34.11,34.11,0,8.04,8.04,0,843600,843449,-0.0178995,-0.5699,-0.5721,-0.0022,FAIL,FAIL,PASS,PASS
tt_27c_3.30v,tt,27,3.3,50,1,0.001,45.11,45.11,0,10.7,10.7,0,309191,309191,0,-0.517,-0.517,0,PASS,PASS,PASS,PASS
tt_27c_3.30v,tt,27,3.3,50,1,0.05,50.45,50.44,-0.01,13.72,13.72,0,310407,310388,-0.006121,-0.5314,-0.532,-0.0006,PASS,PASS,PASS,PASS
tt_27c_3.30v,tt,27,3.3,50,1,0.2,65.45,65.44,-0.01,17.42,17.42,0,330916,330891,-0.00755479,-0.4665,-0.4672,-0.0007,PASS,PASS,PASS,PASS
tt_27c_3.30v,tt,27,3.3,50,1,0.5,82.09,82.09,0,12.84,12.84,0,522488,522373,-0.0220101,-0.2794,-0.2807,-0.0013,PASS,PASS,PASS,PASS
tt_27c_3.30v,tt,27,3.3,50,4.7,0.001,54.44,54.44,0,24.41,24.41,0,78139.5,78139.5,0,-0.5313,-0.5313,0,PASS,PASS,PASS,PASS
tt_27c_3.30v,tt,27,3.3,50,4.7,0.05,60.99,60.98,-0.01,30.4,30.4,0,78557.7,78556.6,-0.00140024,-0.5288,-0.5289,-0.0001,PASS,PASS,PASS,PASS
tt_27c_3.30v,tt,27,3.3,50,4.7,0.2,82.28,82.27,-0.01,21.6,21.6,0,85938.5,85936.9,-0.0018618,-0.4485,-0.4487,-0.0002,PASS,PASS,PASS,PASS
tt_27c_3.30v,tt,27,3.3,50,4.7,0.5,123.15,123.15,0,14.18,14.19,0.01,297687,297586,-0.0339283,-0.08398,-0.0846,-0.00062,PASS,PASS,PASS,PASS
tt_27c_3.63v,tt,27,3.63,0,0.33,0.001,29.01,29.01,0,53.05,53.05,0,2927.68,2927.68,0,-0.8209,-0.8209,0,FAIL,FAIL,PASS,PASS
tt_27c_3.63v,tt,27,3.63,0,0.33,0.05,29.03,29.03,0,53.04,53.04,0,2927.68,2927.68,0,-0.8209,-0.8209,0,FAIL,FAIL,PASS,PASS
tt_27c_3.63v,tt,27,3.63,0,0.33,0.2,29.08,29.08,0,53.03,53.03,0,2927.68,2927.68,0,-0.8208,-0.8208,0,FAIL,FAIL,PASS,PASS
tt_27c_3.63v,tt,27,3.63,0,0.33,0.5,29.19,29.19,0,53.01,53.01,0,2927.68,2927.68,0,-0.8208,-0.8208,0,FAIL,FAIL,PASS,PASS
tt_27c_3.63v,tt,27,3.63,0,1,0.001,17.04,17.04,0,53.03,53.03,0,1605.89,1605.89,0,-0.8316,-0.8316,0,FAIL,FAIL,PASS,PASS
tt_27c_3.63v,tt,27,3.63,0,1,0.05,17.07,17.07,0,53.03,53.03,0,1605.89,1605.89,0,-0.8316,-0.8316,0,FAIL,FAIL,PASS,PASS
tt_27c_3.63v,tt,27,3.63,0,1,0.2,17.16,17.16,0,53.02,53.02,0,1605.89,1605.89,0,-0.8316,-0.8316,0,FAIL,FAIL,PASS,PASS
tt_27c_3.63v,tt,27,3.63,0,1,0.5,17.33,17.33,0,53,53,0,1605.9,1605.9,0,-0.8315,-0.8315,0,FAIL,FAIL,PASS,PASS
tt_27c_3.63v,tt,27,3.63,0,4.7,0.001,8.13,8.13,0,53.03,53.03,0,727.569,727.569,0,-0.9157,-0.9157,0,FAIL,FAIL,PASS,PASS
tt_27c_3.63v,tt,27,3.63,0,4.7,0.05,8.2,8.2,0,53.03,53.03,0,727.569,727.569,0,-0.9157,-0.9157,0,FAIL,FAIL,PASS,PASS
tt_27c_3.63v,tt,27,3.63,0,4.7,0.2,8.38,8.38,0,53.02,53.02,0,727.572,727.572,0,-0.9156,-0.9156,0,FAIL,FAIL,PASS,PASS
tt_27c_3.63v,tt,27,3.63,0,4.7,0.5,8.75,8.75,0,52.99,52.99,0,727.59,727.59,0,-0.9152,-0.9152,0,FAIL,FAIL,PASS,PASS
tt_27c_3.63v,tt,27,3.63,0.1,0.33,0.001,53.11,53.46,0.35,21.37,21.42,0.05,104878,106011,1.0803,-0.5574,-0.5641,-0.0067,PASS,PASS,PASS,PASS
tt_27c_3.63v,tt,27,3.63,0.1,0.33,0.05,53.72,54.08,0.36,22.77,22.84,0.07,104882,106016,1.08122,-0.5569,-0.5635,-0.0066,PASS,PASS,PASS,PASS
tt_27c_3.63v,tt,27,3.63,0.1,0.33,0.2,55.57,55.57,0,29.11,29.11,0,104956,104956,0,-0.5484,-0.5484,0,PASS,PASS,PASS,PASS
tt_27c_3.63v,tt,27,3.63,0.1,0.33,0.5,59.18,59.18,0,39.6,39.6,0,105370,105370,0,-0.5652,-0.5652,0,PASS,PASS,PASS,PASS
tt_27c_3.63v,tt,27,3.63,0.1,1,0.001,73.31,73.68,0.37,31.31,31.38,0.07,36197.9,36475.3,0.766343,-0.3946,-0.4245,-0.0299,PASS,PASS,PASS,PASS
tt_27c_3.63v,tt,27,3.63,0.1,1,0.05,73.95,74.32,0.37,37.25,37.43,0.18,36200.4,36477.9,0.766566,-0.394,-0.4239,-0.0299,PASS,PASS,PASS,PASS
tt_27c_3.63v,tt,27,3.63,0.1,1,0.2,75.91,75.91,0,48.99,48.99,0,36238.2,36238.2,0,-0.431,-0.431,0,PASS,PASS,PASS,PASS
tt_27c_3.63v,tt,27,3.63,0.1,1,0.5,79.82,79.82,0,43.2,43.2,0,36452.9,36452.9,0,-0.4245,-0.4245,0,PASS,PASS,PASS,PASS
tt_27c_3.63v,tt,27,3.63,0.1,4.7,0.001,50.94,51.27,0.33,47.9,48.22,0.32,8770.79,8794.4,0.269189,-0.5991,-0.633,-0.0339,PASS,PASS,PASS,PASS
tt_27c_3.63v,tt,27,3.63,0.1,4.7,0.05,51.67,52,0.33,53.29,53.29,0,8771.31,8794.92,0.269173,-0.5983,-0.6322,-0.0339,PASS,PASS,PASS,PASS
tt_27c_3.63v,tt,27,3.63,0.1,4.7,0.2,53.92,53.92,0,49.78,49.78,0,8779.31,8779.31,0,-0.5863,-0.5863,0,PASS,PASS,PASS,PASS
tt_27c_3.63v,tt,27,3.63,0.1,4.7,0.5,58.52,58.52,0,43.92,43.92,0,8824.51,8824.51,0,-0.586,-0.586,0,PASS,PASS,PASS,PASS
tt_27c_3.63v,tt,27,3.63,1,0.33,0.001,45.48,44.3,-1.18,11.7,11.91,0.21,298343,290972,-2.47065,-0.5703,-0.6053,-0.035,PASS,FAIL,PASS,PASS
tt_27c_3.63v,tt,27,3.63,1,0.33,0.05,45.98,45.98,0,13.07,13.07,0,291075,291075,0,-0.6009,-0.6009,0,PASS,PASS,PASS,PASS
tt_27c_3.63v,tt,27,3.63,1,0.33,0.2,50.97,52.31,1.34,17.28,16.86,-0.42,292647,300190,2.57751,-0.5994,-0.5596,0.0398,PASS,PASS,PASS,PASS
tt_27c_3.63v,tt,27,3.63,1,0.33,0.5,60.25,60.25,0,21.51,21.51,0,301804,301804,0,-0.5476,-0.5476,0,PASS,PASS,PASS,PASS
tt_27c_3.63v,tt,27,3.63,1,1,0.001,69.31,68.32,-0.99,21.44,21.65,0.21,108279,107204,-0.992806,-0.4582,-0.4484,0.0098,PASS,PASS,PASS,PASS
tt_27c_3.63v,tt,27,3.63,1,1,0.05,70.21,70.21,0,25.63,25.63,0,107264,107264,0,-0.443,-0.443,0,PASS,PASS,PASS,PASS
tt_27c_3.63v,tt,27,3.63,1,1,0.2,75.92,77,1.08,30.92,30.4,-0.52,108182,109295,1.02882,-0.4614,-0.4193,0.0421,PASS,PASS,PASS,PASS
tt_27c_3.63v,tt,27,3.63,1,1,0.5,87.25,87.25,0,25.98,25.98,0,113790,113790,0,-0.3835,-0.3835,0,PASS,PASS,PASS,PASS
tt_27c_3.63v,tt,27,3.63,1,4.7,0.001,54.05,53.56,-0.49,35.57,35.8,0.23,24540.6,24474.9,-0.26772,-0.5808,-0.5491,0.0317,PASS,PASS,PASS,PASS
tt_27c_3.63v,tt,27,3.63,1,4.7,0.05,55.6,55.6,0,43.89,43.89,0,24486.9,24486.9,0,-0.6065,-0.6065,0,PASS,PASS,PASS,PASS
tt_27c_3.63v,tt,27,3.63,1,4.7,0.2,62.04,62.56,0.52,34.55,34.18,-0.37,24672,24740.2,0.276427,-0.5754,-0.5434,0.032,PASS,PASS,PASS,PASS
tt_27c_3.63v,tt,27,3.63,1,4.7,0.5,75.86,75.86,0,27.18,27.18,0,25792.4,25792.4,0,-0.5284,-0.5284,0,PASS,PASS,PASS,PASS
tt_27c_3.63v,tt,27,3.63,10,0.33,0.001,26.78,26.67,-0.11,5.89,5.87,-0.02,545631,544724,-0.16623,-0.6351,-0.5865,0.0486,FAIL,FAIL,PASS,PASS
tt_27c_3.63v,tt,27,3.63,10,0.33,0.05,29.9,29.78,-0.12,7,6.98,-0.02,546261,545351,-0.166587,-0.6199,-0.6409,-0.021,FAIL,FAIL,PASS,PASS
tt_27c_3.63v,tt,27,3.63,10,0.33,0.2,38.59,38.59,0,10.69,10.69,0,555064,555064,0,-0.6182,-0.6182,0,FAIL,FAIL,PASS,PASS
tt_27c_3.63v,tt,27,3.63,10,0.33,0.5,52.75,52.61,-0.14,13.46,13.45,-0.01,616760,615350,-0.228614,-0.5156,-0.5399,-0.0243,PASS,PASS,PASS,PASS
tt_27c_3.63v,tt,27,3.63,10,1,0.001,56.92,56.83,-0.09,15.57,15.56,-0.01,213956,213838,-0.0551515,-0.4824,-0.4879,-0.0055,PASS,PASS,PASS,PASS
tt_27c_3.63v,tt,27,3.63,10,1,0.05,60.66,60.57,-0.09,19.18,19.16,-0.02,214390,214272,-0.0550399,-0.4612,-0.4668,-0.0056,PASS,PASS,PASS,PASS
tt_27c_3.63v,tt,27,3.63,10,1,0.2,71.73,71.73,0,22.68,22.68,0,221233,221233,0,-0.4604,-0.4604,0,PASS,PASS,PASS,PASS
tt_27c_3.63v,tt,27,3.63,10,1,0.5,92.72,92.59,-0.13,17.66,17.66,0,275904,275560,-0.124681,-0.2959,-0.3039,-0.008,PASS,PASS,PASS,PASS
tt_27c_3.63v,tt,27,3.63,10,4.7,0.001,52.48,52.45,-0.03,29.4,29.38,-0.02,54008,54002.8,-0.0096282,-0.5693,-0.5705,-0.0012,PASS,PASS,PASS,PASS
tt_27c_3.63v,tt,27,3.63,10,4.7,0.05,57.01,56.97,-0.04,35.55,35.55,0,54140.6,54135.3,-0.00978933,-0.5394,-0.5405,-0.0011,PASS,PASS,PASS,PASS
tt_27c_3.63v,tt,27,3.63,10,4.7,0.2,71.53,71.53,0,26.32,26.32,0,56273.4,56273.4,0,-0.5075,-0.5075,0,PASS,PASS,PASS,PASS
tt_27c_3.63v,tt,27,3.63,10,4.7,0.5,105.71,105.66,-0.05,18.86,18.86,0,75077.8,75056.1,-0.0289034,-0.2611,-0.2627,-0.0016,PASS,PASS,PASS,PASS
tt_27c_3.63v,tt,27,3.63,25,0.33,0.001,13.81,13.81,0,3.06,3.06,0,661909,661909,0,-0.6674,-0.6674,0,FAIL,FAIL,PASS,PASS
tt_27c_3.63v,tt,27,3.63,25,0.33,0.05,17.59,17.59,0,4.16,4.16,0,662854,662854,0,-0.7242,-0.7242,0,FAIL,FAIL,PASS,PASS
tt_27c_3.63v,tt,27,3.63,25,0.33,0.2,27.96,27.96,0,7.85,7.85,0,678501,678501,0,-0.6944,-0.6944,0,FAIL,FAIL,PASS,PASS
tt_27c_3.63v,tt,27,3.63,25,0.33,0.5,42.68,42.7,0.02,10.77,10.79,0.02,774459,774366,-0.0120084,-0.593,-0.5944,-0.0014,FAIL,FAIL,PASS,PASS
tt_27c_3.63v,tt,27,3.63,25,1,0.001,49.39,49.39,0,12.73,12.73,0,280228,280228,0,-0.5145,-0.5145,0,PASS,PASS,PASS,PASS
tt_27c_3.63v,tt,27,3.63,25,1,0.05,54.26,54.26,0,16.3,16.3,0,281146,281146,0,-0.5358,-0.5358,0,PASS,PASS,PASS,PASS
tt_27c_3.63v,tt,27,3.63,25,1,0.2,68.26,68.26,0,20.02,20.02,0,296493,296493,0,-0.4727,-0.4727,0,PASS,PASS,PASS,PASS
tt_27c_3.63v,tt,27,3.63,25,1,0.5,88.56,88.57,0.01,15.06,15.08,0.02,434643,434588,-0.0126541,-0.2715,-0.2723,-0.0008,PASS,PASS,PASS,PASS
tt_27c_3.63v,tt,27,3.63,25,4.7,0.001,54.32,54.32,0,26.49,26.49,0,70802.2,70802.2,0,-0.5449,-0.5449,0,PASS,PASS,PASS,PASS
tt_27c_3.63v,tt,27,3.63,25,4.7,0.05,60.26,60.26,0,32.92,32.92,0,71111.9,71111.9,0,-0.5536,-0.5536,0,PASS,PASS,PASS,PASS
tt_27c_3.63v,tt,27,3.63,25,4.7,0.2,79.53,79.53,0,23.74,23.74,0,76406.3,76406.3,0,-0.4442,-0.4442,0,PASS,PASS,PASS,PASS
tt_27c_3.63v,tt,27,3.63,25,4.7,0.5,125.6,125.6,0,16.28,16.3,0.02,169391,169358,-0.0194816,-0.106,-0.09547,0.01053,PASS,PASS,PASS,PASS
tt_27c_3.63v,tt,27,3.63,50,0.33,0.001,4.44,4.44,0,0.98,0.98,0,759020,759020,0,-0.7371,-0.7371,0,FAIL,FAIL,PASS,PASS
tt_27c_3.63v,tt,27,3.63,50,0.33,0.05,8.73,8.73,0,2.05,2.05,0,760498,760399,-0.0130178,-0.7066,-0.7085,-0.0019,FAIL,FAIL,PASS,PASS
tt_27c_3.63v,tt,27,3.63,50,0.33,0.2,20.32,20.32,0,5.68,5.68,0,782270,782161,-0.0139338,-0.6848,-0.6868,-0.002,FAIL,FAIL,PASS,PASS
tt_27c_3.63v,tt,27,3.63,50,0.33,0.5,35.03,35.03,0,8.62,8.62,0,914187,914187,0,-0.575,-0.575,0,FAIL,FAIL,PASS,PASS
tt_27c_3.63v,tt,27,3.63,50,1,0.001,43.24,43.24,0,10.63,10.63,0,339144,339144,0,-0.5295,-0.5295,0,FAIL,FAIL,PASS,PASS
tt_27c_3.63v,tt,27,3.63,50,1,0.05,49.09,49.08,-0.01,14.13,14.13,0,340743,340720,-0.00674996,-0.5357,-0.5364,-0.0007,PASS,PASS,PASS,PASS
tt_27c_3.63v,tt,27,3.63,50,1,0.2,65.22,65.21,-0.01,17.87,17.87,0,367341,367310,-0.00843903,-0.4663,-0.4671,-0.0008,PASS,PASS,PASS,PASS
tt_27c_3.63v,tt,27,3.63,50,1,0.5,79.77,79.77,0,12.94,12.94,0,610681,610681,0,-0.2996,-0.2996,0,PASS,PASS,PASS,PASS
tt_27c_3.63v,tt,27,3.63,50,4.7,0.001,55.73,55.73,0,24.37,24.37,0,86030.7,86030.7,0,-0.5377,-0.5377,0,PASS,PASS,PASS,PASS
tt_27c_3.63v,tt,27,3.63,50,4.7,0.05,62.94,62.94,0,30.76,30.76,0,86608.7,86607.2,-0.00173193,-0.5198,-0.52,-0.0002,PASS,PASS,PASS,PASS
tt_27c_3.63v,tt,27,3.63,50,4.7,0.2,86.48,86.47,-0.01,21.63,21.63,0,97083.2,97081,-0.0022661,-0.4085,-0.4087,-0.0002,PASS,PASS,PASS,PASS
tt_27c_3.63v,tt,27,3.63,50,4.7,0.5,113.18,113.18,0,14.16,14.16,0,458554,458554,0,-0.1586,-0.1586,0,PASS,PASS,PASS,PASS
