corner_id,process,temp_c,vin_v,iload_ma,ceff_uf,esr_ohm,vout_v,dc_loop_gain_db,f_crossover_hz,phase_margin_deg,f_180_hz,gain_margin_db,result
ff_-40c_2.97v,ff,-40,2.97,0,0.33,0.001,1.79953,131,3731.09,-0.08,2720.45,-5.49,FAIL
ff_-40c_2.97v,ff,-40,2.97,0,0.33,0.05,1.79953,131,3731.09,-0.06,2909.77,-4.32,FAIL
ff_-40c_2.97v,ff,-40,2.97,0,0.33,0.2,1.79953,131,3731.1,0.01,3893.01,0.74,FAIL
ff_-40c_2.97v,ff,-40,2.97,0,0.33,0.5,1.79953,131,3731.11,0.14,1.35923e+06,99.59,FAIL
ff_-40c_2.97v,ff,-40,2.97,0,1,0.001,1.79953,131,2143.37,0.05,2609.85,3.42,FAIL
ff_-40c_2.97v,ff,-40,2.97,0,1,0.05,1.79953,131,2143.37,0.09,3324.35,7.63,FAIL
ff_-40c_2.97v,ff,-40,2.97,0,1,0.2,1.79953,131,2143.37,0.20,1.68986e+06,110.96,FAIL
ff_-40c_2.97v,ff,-40,2.97,0,1,0.5,1.79953,131,2143.39,0.43,2.32143e+06,107.59,FAIL
ff_-40c_2.97v,ff,-40,2.97,0,4.7,0.001,1.79953,130.9,988.594,0.26,2600.89,16.80,FAIL
ff_-40c_2.97v,ff,-40,2.97,0,4.7,0.05,1.79953,130.9,988.595,0.34,1.8769e+06,124.58,FAIL
ff_-40c_2.97v,ff,-40,2.97,0,4.7,0.2,1.79953,130.9,988.602,0.59,2.47154e+06,116.37,FAIL
ff_-40c_2.97v,ff,-40,2.97,0,4.7,0.5,1.79953,130.9,988.646,1.10,2.56576e+06,108.89,FAIL
ff_-40c_2.97v,ff,-40,2.97,0.1,0.33,0.001,1.79953,143.5,39756.1,-1.66,6240.47,-32.17,FAIL
ff_-40c_2.97v,ff,-40,2.97,0.1,0.33,0.05,1.79953,143.5,39756.2,-1.43,6714.58,-30.90,FAIL
ff_-40c_2.97v,ff,-40,2.97,0.1,0.33,0.2,1.79953,143.5,39758.6,-0.72,9334.25,-25.18,FAIL
ff_-40c_2.97v,ff,-40,2.97,0.1,0.33,0.5,1.79953,143.5,39772.2,0.70,1.79021e+06,62.60,FAIL
ff_-40c_2.97v,ff,-40,2.97,0.1,1,0.001,1.79953,143.5,22841.4,-0.94,4096.28,-29.86,FAIL
ff_-40c_2.97v,ff,-40,2.97,0.1,1,0.05,1.79953,143.5,22841.7,-0.54,5355.46,-25.20,FAIL
ff_-40c_2.97v,ff,-40,2.97,0.1,1,0.2,1.79953,143.5,22845.9,0.70,2.0947e+06,73.06,FAIL
ff_-40c_2.97v,ff,-40,2.97,0.1,1,0.5,1.79953,143.5,22869.9,3.16,2.71002e+06,69.04,FAIL
ff_-40c_2.97v,ff,-40,2.97,0.1,4.7,0.001,1.79953,143.5,10537,-0.40,2890.77,-22.47,FAIL
ff_-40c_2.97v,ff,-40,2.97,0.1,4.7,0.05,1.79953,143.5,10537.7,0.47,2.27306e+06,86.38,FAIL
ff_-40c_2.97v,ff,-40,2.97,0.1,4.7,0.2,1.79953,143.5,10547.4,3.15,2.86124e+06,77.79,FAIL
ff_-40c_2.97v,ff,-40,2.97,0.1,4.7,0.5,1.79953,143.5,10601.8,8.47,2.95681e+06,70.30,FAIL
ff_-40c_2.97v,ff,-40,2.97,1,0.33,0.001,1.79953,144.3,108245,-4.61,15651.5,-33.61,FAIL
ff_-40c_2.97v,ff,-40,2.97,1,0.33,0.05,1.79953,144.3,108247,-3.98,16813.9,-32.37,FAIL
ff_-40c_2.97v,ff,-40,2.97,1,0.33,0.2,1.79953,144.3,108294,-2.06,23130,-26.83,FAIL
ff_-40c_2.97v,ff,-40,2.97,1,0.33,0.5,1.79953,144.3,108571,1.78,1.6709e+06,44.25,FAIL
ff_-40c_2.97v,ff,-40,2.97,1,1,0.001,1.79953,144.3,62232.2,-2.64,9206.51,-33.20,FAIL
ff_-40c_2.97v,ff,-40,2.97,1,1,0.05,1.79953,144.3,62237.5,-1.54,11953.1,-28.67,FAIL
ff_-40c_2.97v,ff,-40,2.97,1,1,0.2,1.79953,144.3,62324.1,1.81,1.98168e+06,54.94,FAIL
ff_-40c_2.97v,ff,-40,2.97,1,1,0.5,1.79953,144.3,62815,8.48,2.60067e+06,51.18,FAIL
ff_-40c_2.97v,ff,-40,2.97,1,4.7,0.001,1.79953,144.3,28710.8,-1.17,4775.21,-31.16,FAIL
ff_-40c_2.97v,ff,-40,2.97,1,4.7,0.05,1.79953,144.3,28723.2,1.21,2.16249e+06,68.36,FAIL
ff_-40c_2.97v,ff,-40,2.97,1,4.7,0.2,1.79953,144.3,28915.7,8.46,2.75269e+06,59.98,FAIL
ff_-40c_2.97v,ff,-40,2.97,1,4.7,0.5,1.79953,144.3,30026,22.63,2.84744e+06,52.51,FAIL
ff_-40c_2.97v,ff,-40,2.97,10,0.33,0.001,1.79953,143.4,220650,-9.45,35172.5,-31.97,FAIL
ff_-40c_2.97v,ff,-40,2.97,10,0.33,0.05,1.79953,143.4,220669,-8.17,37740.2,-30.75,FAIL
ff_-40c_2.97v,ff,-40,2.97,10,0.33,0.2,1.79953,143.4,221071,-4.26,51552.9,-25.33,FAIL
ff_-40c_2.97v,ff,-40,2.97,10,0.33,0.5,1.79953,143.4,223441,3.43,1.59098e+06,31.15,FAIL
ff_-40c_2.97v,ff,-40,2.97,10,1,0.001,1.79953,143.4,127178,-5.44,20342.5,-31.87,FAIL
ff_-40c_2.97v,ff,-40,2.97,10,1,0.05,1.79953,143.4,127223,-3.20,26281.8,-27.41,FAIL
ff_-40c_2.97v,ff,-40,2.97,10,1,0.2,1.79953,143.4,127973,3.61,1.90741e+06,42.02,FAIL
ff_-40c_2.97v,ff,-40,2.97,10,1,0.5,1.79953,143.4,132247,16.84,2.52672e+06,38.44,FAIL
ff_-40c_2.97v,ff,-40,2.97,10,4.7,0.001,1.79953,143.4,58744.3,-2.43,9722.55,-31.25,FAIL
ff_-40c_2.97v,ff,-40,2.97,10,4.7,0.05,1.79953,143.4,58852.2,2.43,2.09075e+06,55.51,FAIL
ff_-40c_2.97v,ff,-40,2.97,10,4.7,0.2,1.79953,143.4,60513.2,17.05,2.6815e+06,47.27,FAIL
ff_-40c_2.97v,ff,-40,2.97,10,4.7,0.5,1.79953,143.4,70544.4,43.09,2.77322e+06,39.82,FAIL
ff_-40c_2.97v,ff,-40,2.97,25,0.33,0.001,1.79953,141.8,267594,-11.40,48193.3,-29.88,FAIL
ff_-40c_2.97v,ff,-40,2.97,25,0.33,0.05,1.79953,141.8,267621,-9.84,51701.4,-28.66,FAIL
ff_-40c_2.97v,ff,-40,2.97,25,0.33,0.2,1.79953,141.8,268312,-5.12,70449.5,-23.29,FAIL
ff_-40c_2.97v,ff,-40,2.97,25,0.33,0.5,1.79953,141.8,272446,4.10,1.56598e+06,27.55,FAIL
ff_-40c_2.97v,ff,-40,2.97,25,1,0.001,1.79953,141.8,154473,-6.58,27826.3,-29.81,FAIL
ff_-40c_2.97v,ff,-40,2.97,25,1,0.05,1.79953,141.8,154550,-3.86,35904.3,-25.38,FAIL
ff_-40c_2.97v,ff,-40,2.97,25,1,0.2,1.79953,141.8,155868,4.38,1.88389e+06,38.48,FAIL
ff_-40c_2.97v,ff,-40,2.97,25,1,0.5,1.79953,141.8,163596,20.13,2.50263e+06,34.96,FAIL
ff_-40c_2.97v,ff,-40,2.97,25,4.7,0.001,1.79953,141.8,71389.2,-2.95,13166.6,-29.37,FAIL
ff_-40c_2.97v,ff,-40,2.97,25,4.7,0.05,1.79953,141.8,71579.2,2.95,2.0683e+06,51.99,FAIL
ff_-40c_2.97v,ff,-40,2.97,25,4.7,0.2,1.79953,141.8,74597.9,20.55,2.65898e+06,43.80,FAIL
ff_-40c_2.97v,ff,-40,2.97,25,4.7,0.5,1.79953,141.8,92892.4,49.84,2.74883e+06,36.35,PASS
ff_-40c_2.97v,ff,-40,2.97,50,0.33,0.001,1.79953,139.6,303260,-12.79,63064.1,-27.41,FAIL
ff_-40c_2.97v,ff,-40,2.97,50,0.33,0.05,1.79953,139.6,303287,-11.03,67642.5,-26.20,FAIL
ff_-40c_2.97v,ff,-40,2.97,50,0.33,0.2,1.79953,139.6,304266,-5.69,91972.8,-20.85,FAIL
ff_-40c_2.97v,ff,-40,2.97,50,0.33,0.5,1.79953,139.6,310254,4.65,1.54647e+06,25.18,FAIL
ff_-40c_2.97v,ff,-40,2.97,50,1,0.001,1.79953,139.6,175315,-7.41,36388.4,-27.36,FAIL
ff_-40c_2.97v,ff,-40,2.97,50,1,0.05,1.79953,139.6,175422,-4.32,46899.3,-22.95,FAIL
ff_-40c_2.97v,ff,-40,2.97,50,1,0.2,1.79953,139.6,177346,4.99,1.86455e+06,36.14,FAIL
ff_-40c_2.97v,ff,-40,2.97,50,1,0.5,1.79953,139.6,188635,22.54,2.48248e+06,32.67,FAIL
ff_-40c_2.97v,ff,-40,2.97,50,4.7,0.001,1.79953,139.6,81078.4,-3.33,17146.9,-27.00,FAIL
ff_-40c_2.97v,ff,-40,2.97,50,4.7,0.05,1.79953,139.6,81356.5,3.37,2.04965e+06,49.67,FAIL
ff_-40c_2.97v,ff,-40,2.97,50,4.7,0.2,1.79953,139.6,85782.2,23.18,2.64015e+06,41.52,FAIL
ff_-40c_2.97v,ff,-40,2.97,50,4.7,0.5,1.79953,139.6,112730,54.06,2.72839e+06,34.07,PASS
ff_-40c_3.30v,ff,-40,3.3,0,0.33,0.001,1.79951,127.9,3933.19,-0.04,3456.42,-2.24,FAIL
ff_-40c_3.30v,ff,-40,3.3,0,0.33,0.05,1.79951,127.9,3933.19,-0.02,3713.48,-1.00,FAIL
ff_-40c_3.30v,ff,-40,3.3,0,0.33,0.2,1.79951,127.9,3933.19,0.05,5105.07,4.53,FAIL
ff_-40c_3.30v,ff,-40,3.3,0,0.33,0.5,1.79951,127.9,3933.2,0.19,1.66041e+06,101.34,FAIL
ff_-40c_3.30v,ff,-40,3.3,0,1,0.001,1.79951,127.9,2259.48,0.12,3370.4,6.95,FAIL
ff_-40c_3.30v,ff,-40,3.3,0,1,0.05,1.79951,127.9,2259.48,0.16,4373.03,11.47,FAIL
ff_-40c_3.30v,ff,-40,3.3,0,1,0.2,1.79951,127.9,2259.49,0.28,1.96595e+06,111.84,FAIL
ff_-40c_3.30v,ff,-40,3.3,0,1,0.5,1.79951,127.9,2259.51,0.53,2.57427e+06,107.63,FAIL
ff_-40c_3.30v,ff,-40,3.3,0,4.7,0.001,1.79951,127.8,1042.08,0.42,3384.7,20.46,FAIL
ff_-40c_3.30v,ff,-40,3.3,0,4.7,0.05,1.79951,127.8,1042.08,0.50,2.14347e+06,125.14,FAIL
ff_-40c_3.30v,ff,-40,3.3,0,4.7,0.2,1.79951,127.8,1042.09,0.77,2.72186e+06,116.30,FAIL
ff_-40c_3.30v,ff,-40,3.3,0,4.7,0.5,1.79951,127.8,1042.14,1.30,2.81496e+06,108.75,FAIL
ff_-40c_3.30v,ff,-40,3.3,0.1,0.33,0.001,1.79951,141.1,42043.5,-1.64,6616.52,-32.12,FAIL
ff_-40c_3.30v,ff,-40,3.3,0.1,0.33,0.05,1.79951,141.1,42043.7,-1.40,7158.44,-30.76,FAIL
ff_-40c_3.30v,ff,-40,3.3,0.1,0.33,0.2,1.79951,141.1,42046.5,-0.65,10340.4,-24.37,FAIL
ff_-40c_3.30v,ff,-40,3.3,0.1,0.33,0.5,1.79951,141.1,42063.2,0.85,2.20232e+06,64.30,FAIL
ff_-40c_3.30v,ff,-40,3.3,0.1,1,0.001,1.79951,141.1,24154.3,-0.93,4557.06,-28.97,FAIL
ff_-40c_3.30v,ff,-40,3.3,0.1,1,0.05,1.79951,141.1,24154.7,-0.50,6108.11,-23.89,FAIL
ff_-40c_3.30v,ff,-40,3.3,0.1,1,0.2,1.79951,141.1,24159.9,0.80,2.47572e+06,74.06,FAIL
ff_-40c_3.30v,ff,-40,3.3,0.1,1,0.5,1.79951,141.1,24189.4,3.41,3.0527e+06,69.20,FAIL
ff_-40c_3.30v,ff,-40,3.3,0.1,4.7,0.001,1.79951,141.1,11143.3,-0.39,3485.3,-20.19,FAIL
ff_-40c_3.30v,ff,-40,3.3,0.1,4.7,0.05,1.79951,141.1,11144,0.54,2.64048e+06,87.07,FAIL
ff_-40c_3.30v,ff,-40,3.3,0.1,4.7,0.2,1.79951,141.1,11155.4,3.36,3.19787e+06,77.82,FAIL
ff_-40c_3.30v,ff,-40,3.3,0.1,4.7,0.5,1.79951,141.1,11219.1,9.00,3.28999e+06,70.26,FAIL
ff_-40c_3.30v,ff,-40,3.3,1,0.33,0.001,1.7995,142.4,114599,-4.58,16008.9,-34.21,FAIL
ff_-40c_3.30v,ff,-40,3.3,1,0.33,0.05,1.7995,142.4,114602,-3.91,17287.9,-32.88,FAIL
ff_-40c_3.30v,ff,-40,3.3,1,0.33,0.2,1.7995,142.4,114658,-1.87,24680.5,-26.70,FAIL
ff_-40c_3.30v,ff,-40,3.3,1,0.33,0.5,1.7995,142.4,114991,2.19,2.0655e+06,46.03,FAIL
ff_-40c_3.30v,ff,-40,3.3,1,1,0.001,1.7995,142.4,65889.1,-2.62,9510.15,-33.63,FAIL
ff_-40c_3.30v,ff,-40,3.3,1,1,0.05,1.7995,142.4,65895.4,-1.45,12649.8,-28.68,FAIL
ff_-40c_3.30v,ff,-40,3.3,1,1,0.2,1.7995,142.4,65997.3,2.10,2.34566e+06,55.96,FAIL
ff_-40c_3.30v,ff,-40,3.3,1,1,0.5,1.7995,142.4,66598.2,9.15,2.92743e+06,51.33,FAIL
ff_-40c_3.30v,ff,-40,3.3,1,4.7,0.001,1.7995,142.4,30404.6,-1.16,5141.23,-30.88,FAIL
ff_-40c_3.30v,ff,-40,3.3,1,4.7,0.05,1.7995,142.4,30419.9,1.36,2.51327e+06,69.06,FAIL
ff_-40c_3.30v,ff,-40,3.3,1,4.7,0.2,1.7995,142.4,30652.8,9.04,3.07387e+06,59.98,FAIL
ff_-40c_3.30v,ff,-40,3.3,1,4.7,0.5,1.7995,142.4,31972.1,23.99,3.1652e+06,52.44,FAIL
ff_-40c_3.30v,ff,-40,3.3,10,0.33,0.001,1.7995,142.5,234692,-9.42,35211.5,-33.03,FAIL
ff_-40c_3.30v,ff,-40,3.3,10,0.33,0.05,1.7995,142.5,234716,-8.06,37976,-31.72,FAIL
ff_-40c_3.30v,ff,-40,3.3,10,0.33,0.2,1.7995,142.5,235200,-3.90,53782.3,-25.67,FAIL
ff_-40c_3.30v,ff,-40,3.3,10,0.33,0.5,1.7995,142.5,238017,4.26,1.97426e+06,32.93,FAIL
ff_-40c_3.30v,ff,-40,3.3,10,1,0.001,1.7995,142.5,135296,-5.42,20400.2,-32.89,FAIL
ff_-40c_3.30v,ff,-40,3.3,10,1,0.05,1.7995,142.5,135351,-3.04,26995.8,-28.03,FAIL
ff_-40c_3.30v,ff,-40,3.3,10,1,0.2,1.7995,142.5,136243,4.20,2.26082e+06,43.00,FAIL
ff_-40c_3.30v,ff,-40,3.3,10,1,0.5,1.7995,142.5,141447,18.22,2.84364e+06,38.51,FAIL
ff_-40c_3.30v,ff,-40,3.3,10,4.7,0.001,1.7995,142.5,62489.6,-2.42,9841.05,-32.12,FAIL
ff_-40c_3.30v,ff,-40,3.3,10,4.7,0.05,1.7995,142.5,62617.9,2.75,2.43114e+06,56.15,FAIL
ff_-40c_3.30v,ff,-40,3.3,10,4.7,0.2,1.7995,142.5,64645.1,18.28,2.99323e+06,47.20,FAIL
ff_-40c_3.30v,ff,-40,3.3,10,4.7,0.5,1.7995,142.5,76786.1,45.44,3.08172e+06,39.67,PASS
ff_-40c_3.30v,ff,-40,3.3,25,0.33,0.001,1.7995,141.8,284965,-11.39,47284.8,-31.32,FAIL
ff_-40c_3.30v,ff,-40,3.3,25,0.33,0.05,1.7995,141.8,285003,-9.73,50991.5,-30.01,FAIL
ff_-40c_3.30v,ff,-40,3.3,25,0.33,0.2,1.7995,141.8,285842,-4.71,72012.3,-24.01,FAIL
ff_-40c_3.30v,ff,-40,3.3,25,0.33,0.5,1.7995,141.8,290893,5.09,1.94754e+06,29.34,FAIL
ff_-40c_3.30v,ff,-40,3.3,25,1,0.001,1.7995,141.8,164540,-6.58,27322.4,-31.23,FAIL
ff_-40c_3.30v,ff,-40,3.3,25,1,0.05,1.7995,141.8,164635,-3.69,36099.2,-26.39,FAIL
ff_-40c_3.30v,ff,-40,3.3,25,1,0.2,1.7995,141.8,166222,5.08,2.23628e+06,39.45,FAIL
ff_-40c_3.30v,ff,-40,3.3,25,1,0.5,1.7995,141.8,175647,21.76,2.81857e+06,35.01,FAIL
ff_-40c_3.30v,ff,-40,3.3,25,4.7,0.001,1.7995,141.8,76045.8,-2.95,12996.4,-30.70,FAIL
ff_-40c_3.30v,ff,-40,3.3,25,4.7,0.05,1.7995,141.8,76283.8,3.34,2.40797e+06,52.63,FAIL
ff_-40c_3.30v,ff,-40,3.3,25,4.7,0.2,1.7995,141.8,79945.3,22.03,2.97002e+06,43.71,FAIL
ff_-40c_3.30v,ff,-40,3.3,25,4.7,0.5,1.7995,141.8,102211,52.27,3.05657e+06,36.18,PASS
ff_-40c_3.30v,ff,-40,3.3,50,0.33,0.001,1.7995,140.6,323516,-12.83,60397.1,-29.30,FAIL
ff_-40c_3.30v,ff,-40,3.3,50,0.33,0.05,1.7995,140.6,323563,-10.96,65121.7,-27.99,FAIL
ff_-40c_3.30v,ff,-40,3.3,50,0.33,0.2,1.7995,140.6,324771,-5.27,91790.6,-22.02,FAIL
ff_-40c_3.30v,ff,-40,3.3,50,0.33,0.5,1.7995,140.6,332018,5.74,1.92727e+06,26.98,FAIL
ff_-40c_3.30v,ff,-40,3.3,50,1,0.001,1.7995,140.6,187080,-7.44,34867,-29.23,FAIL
ff_-40c_3.30v,ff,-40,3.3,50,1,0.05,1.7995,140.6,187215,-4.15,46012.7,-24.41,FAIL
ff_-40c_3.30v,ff,-40,3.3,50,1,0.2,1.7995,140.6,189532,5.77,2.21718e+06,37.11,FAIL
ff_-40c_3.30v,ff,-40,3.3,50,1,0.5,1.7995,140.6,203410,24.35,2.79865e+06,32.71,FAIL
ff_-40c_3.30v,ff,-40,3.3,50,4.7,0.001,1.7995,140.6,86514.5,-3.34,16480.8,-28.82,FAIL
ff_-40c_3.30v,ff,-40,3.3,50,4.7,0.05,1.7995,140.6,86849.6,3.81,2.38974e+06,50.30,FAIL
ff_-40c_3.30v,ff,-40,3.3,50,4.7,0.2,1.7995,140.6,92274.5,24.85,2.95174e+06,41.41,FAIL
ff_-40c_3.30v,ff,-40,3.3,50,4.7,0.5,1.7995,140.6,125128,56.43,3.03645e+06,33.89,PASS
ff_-40c_3.63v,ff,-40,3.63,0,0.33,0.001,1.79944,122.9,4117.68,0.07,4860.71,2.88,FAIL
ff_-40c_3.63v,ff,-40,3.63,0,0.33,0.05,1.79944,122.9,4117.68,0.09,5240.22,4.19,FAIL
ff_-40c_3.63v,ff,-40,3.63,0,0.33,0.2,1.79944,122.9,4117.68,0.16,7398.55,10.18,FAIL
ff_-40c_3.63v,ff,-40,3.63,0,0.33,0.5,1.79944,122.9,4117.69,0.31,1.94852e+06,102.55,FAIL
ff_-40c_3.63v,ff,-40,3.63,0,1,0.001,1.79944,122.9,2365.45,0.31,4803.22,12.31,FAIL
ff_-40c_3.63v,ff,-40,3.63,0,1,0.05,1.79944,122.9,2365.45,0.35,6343.07,17.14,FAIL
ff_-40c_3.63v,ff,-40,3.63,0,1,0.2,1.79944,122.9,2365.46,0.47,2.23304e+06,112.48,FAIL
ff_-40c_3.63v,ff,-40,3.63,0,1,0.5,1.79944,122.9,2365.48,0.73,2.81868e+06,107.63,FAIL
ff_-40c_3.63v,ff,-40,3.63,0,4.7,0.001,1.79944,122.8,1090.92,0.82,4855.01,25.93,FAIL
ff_-40c_3.63v,ff,-40,3.63,0,4.7,0.05,1.79944,122.8,1090.92,0.91,2.40193e+06,125.54,FAIL
ff_-40c_3.63v,ff,-40,3.63,0,4.7,0.2,1.79944,122.8,1090.93,1.19,2.96352e+06,116.20,FAIL
ff_-40c_3.63v,ff,-40,3.63,0,4.7,0.5,1.79944,122.8,1090.99,1.74,3.05526e+06,108.60,FAIL
ff_-40c_3.63v,ff,-40,3.63,0.1,0.33,0.001,1.79944,136.4,44140.4,-1.62,7404.23,-31.02,FAIL
ff_-40c_3.63v,ff,-40,3.63,0.1,0.33,0.05,1.79944,136.4,44140.6,-1.37,8048.51,-29.57,FAIL
ff_-40c_3.63v,ff,-40,3.63,0.1,0.33,0.2,1.79944,136.4,44143.9,-0.58,12081.2,-22.51,FAIL
ff_-40c_3.63v,ff,-40,3.63,0.1,0.33,0.5,1.79944,136.4,44163.2,0.99,2.598e+06,65.43,FAIL
ff_-40c_3.63v,ff,-40,3.63,0.1,1,0.001,1.79944,136.4,25359.3,-0.91,5566.54,-26.34,FAIL
ff_-40c_3.63v,ff,-40,3.63,0.1,1,0.05,1.79944,136.4,25359.7,-0.46,7638.25,-20.85,FAIL
ff_-40c_3.63v,ff,-40,3.63,0.1,1,0.2,1.79944,136.4,25365.7,0.91,2.84478e+06,74.75,FAIL
ff_-40c_3.63v,ff,-40,3.63,0.1,1,0.5,1.79944,136.4,25399.8,3.64,3.38506e+06,69.29,FAIL
ff_-40c_3.63v,ff,-40,3.63,0.1,4.7,0.001,1.79944,136.4,11698.9,-0.35,4733.12,-15.72,FAIL
ff_-40c_3.63v,ff,-40,3.63,0.1,4.7,0.05,1.79944,136.4,11699.8,0.62,2.99672e+06,87.55,FAIL
ff_-40c_3.63v,ff,-40,3.63,0.1,4.7,0.2,1.79944,136.4,11712.9,3.58,3.52405e+06,77.80,FAIL
ff_-40c_3.63v,ff,-40,3.63,0.1,4.7,0.5,1.79944,136.4,11786.4,9.49,3.61271e+06,70.18,FAIL
ff_-40c_3.63v,ff,-40,3.63,1,0.33,0.001,1.79944,137.9,120437,-4.55,16526.4,-34.53,FAIL
ff_-40c_3.63v,ff,-40,3.63,1,0.33,0.05,1.79944,137.9,120440,-3.85,17936.9,-33.10,FAIL
ff_-40c_3.63v,ff,-40,3.63,1,0.33,0.2,1.79944,137.9,120509,-1.71,26556.5,-26.29,FAIL
ff_-40c_3.63v,ff,-40,3.63,1,0.33,0.5,1.79944,137.9,120904,2.56,2.44234e+06,47.21,FAIL
ff_-40c_3.63v,ff,-40,3.63,1,1,0.001,1.79944,137.9,69247,-2.60,10074.2,-33.50,FAIL
ff_-40c_3.63v,ff,-40,3.63,1,1,0.05,1.79944,137.9,69254.8,-1.38,13709.8,-28.14,FAIL
ff_-40c_3.63v,ff,-40,3.63,1,1,0.2,1.79944,137.9,69378.4,2.35,2.69589e+06,56.66,FAIL
ff_-40c_3.63v,ff,-40,3.63,1,1,0.5,1.79944,137.9,70078,9.76,3.24174e+06,51.39,FAIL
ff_-40c_3.63v,ff,-40,3.63,1,4.7,0.001,1.79944,137.9,31957.8,-1.14,5957.31,-29.18,FAIL
ff_-40c_3.63v,ff,-40,3.63,1,4.7,0.05,1.79944,137.9,31975.5,1.51,2.85081e+06,69.53,FAIL
ff_-40c_3.63v,ff,-40,3.63,1,4.7,0.2,1.79944,137.9,32245,9.57,3.38231e+06,59.94,FAIL
ff_-40c_3.63v,ff,-40,3.63,1,4.7,0.5,1.79944,137.9,33783,25.24,3.47029e+06,52.34,FAIL
ff_-40c_3.63v,ff,-40,3.63,10,0.33,0.001,1.79944,138.8,247549,-9.41,35519.3,-33.82,FAIL
ff_-40c_3.63v,ff,-40,3.63,10,0.33,0.05,1.79944,138.8,247578,-7.97,38494.5,-32.42,FAIL
ff_-40c_3.63v,ff,-40,3.63,10,0.33,0.2,1.79944,138.8,248146,-3.59,56447.7,-25.77,FAIL
ff_-40c_3.63v,ff,-40,3.63,10,0.33,0.5,1.79944,138.8,251447,5.01,2.33522e+06,34.08,FAIL
ff_-40c_3.63v,ff,-40,3.63,10,1,0.001,1.79944,138.8,142739,-5.42,20671.2,-33.60,FAIL
ff_-40c_3.63v,ff,-40,3.63,10,1,0.05,1.79944,138.8,142804,-2.90,27966.5,-28.35,FAIL
ff_-40c_3.63v,ff,-40,3.63,10,1,0.2,1.79944,138.8,143846,4.73,2.59601e+06,43.64,FAIL
ff_-40c_3.63v,ff,-40,3.63,10,1,0.5,1.79944,138.8,149977,19.46,3.14365e+06,38.50,FAIL
ff_-40c_3.63v,ff,-40,3.63,10,4.7,0.001,1.79944,138.8,65928.6,-2.41,10208.5,-32.41,FAIL
ff_-40c_3.63v,ff,-40,3.63,10,4.7,0.05,1.79944,138.8,66079,3.04,2.75448e+06,56.56,FAIL
ff_-40c_3.63v,ff,-40,3.63,10,4.7,0.2,1.79944,138.8,68468.8,19.39,3.28787e+06,47.08,FAIL
ff_-40c_3.63v,ff,-40,3.63,10,4.7,0.5,1.79944,138.8,82807.7,47.52,3.37279e+06,39.49,PASS
ff_-40c_3.63v,ff,-40,3.63,25,0.33,0.001,1.79944,138.9,300830,-11.39,46998.8,-32.38,FAIL
ff_-40c_3.63v,ff,-40,3.63,25,0.33,0.05,1.79944,138.9,300878,-9.64,50917,-30.99,FAIL
ff_-40c_3.63v,ff,-40,3.63,25,0.33,0.2,1.79944,138.9,301870,-4.34,74438.5,-24.39,FAIL
ff_-40c_3.63v,ff,-40,3.63,25,0.33,0.5,1.79944,138.9,307922,5.98,2.30335e+06,30.48,FAIL
ff_-40c_3.63v,ff,-40,3.63,25,1,0.001,1.79944,138.9,173754,-6.59,27215.4,-32.25,FAIL
ff_-40c_3.63v,ff,-40,3.63,25,1,0.05,1.79944,138.9,173870,-3.53,36751.3,-27.03,FAIL
ff_-40c_3.63v,ff,-40,3.63,25,1,0.2,1.79944,138.9,175805,5.72,2.56654e+06,40.07,FAIL
ff_-40c_3.63v,ff,-40,3.63,25,1,0.5,1.79944,138.9,186942,23.23,3.11388e+06,34.98,FAIL
ff_-40c_3.63v,ff,-40,3.63,25,4.7,0.001,1.79944,138.9,80339.8,-2.95,13094.7,-31.52,FAIL
ff_-40c_3.63v,ff,-40,3.63,25,4.7,0.05,1.79944,138.9,80619.2,3.69,2.72633e+06,53.01,FAIL
ff_-40c_3.63v,ff,-40,3.63,25,4.7,0.2,1.79944,138.9,84953.6,23.37,3.26023e+06,43.57,FAIL
ff_-40c_3.63v,ff,-40,3.63,25,4.7,0.5,1.79944,138.9,111276,54.34,3.34317e+06,35.98,PASS
ff_-40c_3.63v,ff,-40,3.63,50,0.33,0.001,1.79943,138.8,341868,-12.87,59060.8,-30.66,FAIL
ff_-40c_3.63v,ff,-40,3.63,50,0.33,0.05,1.79943,138.8,341932,-10.88,63963.2,-29.28,FAIL
ff_-40c_3.63v,ff,-40,3.63,50,0.33,0.2,1.79943,138.8,343372,-4.88,93308.5,-22.71,FAIL
ff_-40c_3.63v,ff,-40,3.63,50,0.33,0.5,1.79943,138.8,352090,6.71,2.28001e+06,28.11,FAIL
ff_-40c_3.63v,ff,-40,3.63,50,1,0.001,1.79943,138.8,197766,-7.48,34129,-30.58,FAIL
ff_-40c_3.63v,ff,-40,3.63,50,1,0.05,1.79943,138.8,197930,-4.00,46019.1,-25.38,FAIL
ff_-40c_3.63v,ff,-40,3.63,50,1,0.2,1.79943,138.8,200711,6.48,2.54514e+06,37.72,FAIL
ff_-40c_3.63v,ff,-40,3.63,50,1,0.5,1.79943,138.8,217171,25.96,3.09183e+06,32.66,FAIL
ff_-40c_3.63v,ff,-40,3.63,50,4.7,0.001,1.79943,138.8,91475.8,-3.35,16231.9,-30.05,FAIL
ff_-40c_3.63v,ff,-40,3.63,50,4.7,0.05,1.79943,138.8,91889.4,4.21,2.70592e+06,50.67,FAIL
ff_-40c_3.63v,ff,-40,3.63,50,4.7,0.2,1.79943,138.8,98329.1,26.36,3.24001e+06,41.25,FAIL
ff_-40c_3.63v,ff,-40,3.63,50,4.7,0.5,1.79943,138.8,137202,58.37,3.3211e+06,33.66,PASS
ff_27c_2.97v,ff,27,2.97,0,0.33,0.001,1.79945,123.8,2809.6,0.02,3007.85,1.19,FAIL
ff_27c_2.97v,ff,27,2.97,0,0.33,0.05,1.79945,123.8,2809.6,0.04,3191.23,2.21,FAIL
ff_27c_2.97v,ff,27,2.97,0,0.33,0.2,1.79945,123.8,2809.6,0.09,4066.73,6.42,FAIL
ff_27c_2.97v,ff,27,2.97,0,0.33,0.5,1.79945,123.8,2809.61,0.19,819007,97.16,FAIL
ff_27c_2.97v,ff,27,2.97,0,1,0.001,1.79945,123.8,1613.98,0.19,2931.51,10.37,FAIL
ff_27c_2.97v,ff,27,2.97,0,1,0.05,1.79945,123.8,1613.98,0.22,3606.41,13.97,FAIL
ff_27c_2.97v,ff,27,2.97,0,1,0.2,1.79945,123.8,1613.98,0.31,1.22341e+06,111.69,FAIL
ff_27c_2.97v,ff,27,2.97,0,1,0.5,1.79945,123.8,1613.99,0.48,1.90362e+06,110.38,FAIL
ff_27c_2.97v,ff,27,2.97,0,4.7,0.001,1.79945,123.6,744.461,0.55,2936.27,23.84,FAIL
ff_27c_2.97v,ff,27,2.97,0,4.7,0.05,1.79945,123.6,744.462,0.61,1.43234e+06,126.20,FAIL
ff_27c_2.97v,ff,27,2.97,0,4.7,0.2,1.79945,123.6,744.465,0.80,2.05796e+06,119.39,FAIL
ff_27c_2.97v,ff,27,2.97,0,4.7,0.5,1.79945,123.6,744.484,1.18,2.15389e+06,112.03,FAIL
ff_27c_2.97v,ff,27,2.97,0.1,0.33,0.001,1.79945,141.5,34146.4,-1.55,5561.74,-31.53,FAIL
ff_27c_2.97v,ff,27,2.97,0.1,0.33,0.05,1.79945,141.5,34146.5,-1.35,5944.39,-30.37,FAIL
ff_27c_2.97v,ff,27,2.97,0.1,0.33,0.2,1.79945,141.5,34148,-0.75,7911.24,-25.40,FAIL
ff_27c_2.97v,ff,27,2.97,0.1,0.33,0.5,1.79945,141.5,34156.7,0.47,1.35353e+06,61.49,FAIL
ff_27c_2.97v,ff,27,2.97,0.1,1,0.001,1.79945,141.5,19617.6,-0.88,3773.4,-28.64,FAIL
ff_27c_2.97v,ff,27,2.97,0.1,1,0.05,1.79945,141.5,19617.8,-0.53,4789.39,-24.49,FAIL
ff_27c_2.97v,ff,27,2.97,0.1,1,0.2,1.79945,141.5,19620.5,0.53,1.70673e+06,73.27,FAIL
ff_27c_2.97v,ff,27,2.97,0.1,1,0.5,1.79945,141.5,19635.9,2.64,2.38124e+06,70.59,FAIL
ff_27c_2.97v,ff,27,2.97,0.1,4.7,0.001,1.79945,141.5,9048.38,-0.37,2816.64,-20.28,FAIL
ff_27c_2.97v,ff,27,2.97,0.1,4.7,0.05,1.79945,141.5,9048.77,0.38,1.90637e+06,87.10,FAIL
ff_27c_2.97v,ff,27,2.97,0.1,4.7,0.2,1.79945,141.5,9054.71,2.68,2.54247e+06,79.54,FAIL
ff_27c_2.97v,ff,27,2.97,0.1,4.7,0.5,1.79945,141.5,9088.06,7.26,2.64364e+06,72.16,FAIL
ff_27c_2.97v,ff,27,2.97,1,0.33,0.001,1.79945,142.8,94752.6,-4.45,13812.1,-33.47,FAIL
ff_27c_2.97v,ff,27,2.97,1,0.33,0.05,1.79945,142.8,94754.1,-3.90,14736.9,-32.34,FAIL
ff_27c_2.97v,ff,27,2.97,1,0.33,0.2,1.79945,142.8,94785.6,-2.21,19383.5,-27.58,FAIL
ff_27c_2.97v,ff,27,2.97,1,0.33,0.5,1.79945,142.8,94969.9,1.15,1.20983e+06,42.11,FAIL
ff_27c_2.97v,ff,27,2.97,1,1,0.001,1.79945,142.8,54469.7,-2.54,8164.62,-32.98,FAIL
ff_27c_2.97v,ff,27,2.97,1,1,0.05,1.79945,142.8,54473.2,-1.58,10278.4,-28.98,FAIL
ff_27c_2.97v,ff,27,2.97,1,1,0.2,1.79945,142.8,54530.9,1.35,1.57254e+06,54.42,FAIL
ff_27c_2.97v,ff,27,2.97,1,1,0.5,1.79945,142.8,54858.2,7.19,2.24901e+06,52.19,FAIL
ff_27c_2.97v,ff,27,2.97,1,4.7,0.001,1.79945,142.8,25127.8,-1.13,4316.99,-30.60,FAIL
ff_27c_2.97v,ff,27,2.97,1,4.7,0.05,1.79945,142.8,25136.5,0.95,1.77435e+06,68.43,FAIL
ff_27c_2.97v,ff,27,2.97,1,4.7,0.2,1.79945,142.8,25268.6,7.31,2.40977e+06,61.20,FAIL
ff_27c_2.97v,ff,27,2.97,1,4.7,0.5,1.79945,142.8,26010,19.79,2.50965e+06,53.86,FAIL
ff_27c_2.97v,ff,27,2.97,10,0.33,0.001,1.79945,142.3,199414,-9.48,31976.1,-31.87,FAIL
ff_27c_2.97v,ff,27,2.97,10,0.33,0.05,1.79945,142.3,199426,-8.32,34063,-30.77,FAIL
ff_27c_2.97v,ff,27,2.97,10,0.33,0.2,1.79945,142.3,199718,-4.78,44432,-26.15,FAIL
ff_27c_2.97v,ff,27,2.97,10,0.33,0.5,1.79945,142.3,201479,2.18,1.11281e+06,27.90,FAIL
ff_27c_2.97v,ff,27,2.97,10,1,0.001,1.79945,142.3,114908,-5.45,18496,-31.76,FAIL
ff_27c_2.97v,ff,27,2.97,10,1,0.05,1.79945,142.3,114941,-3.43,23148.2,-27.86,FAIL
ff_27c_2.97v,ff,27,2.97,10,1,0.2,1.79945,142.3,115497,2.74,1.48325e+06,40.64,FAIL
ff_27c_2.97v,ff,27,2.97,10,1,0.5,1.79945,142.3,118668,14.76,2.16026e+06,38.75,FAIL
ff_27c_2.97v,ff,27,2.97,10,4.7,0.001,1.79945,142.3,53076.6,-2.45,8843.74,-31.14,FAIL
ff_27c_2.97v,ff,27,2.97,10,4.7,0.05,1.79945,142.3,53156.6,1.95,1.68761e+06,54.79,FAIL
ff_27c_2.97v,ff,27,2.97,10,4.7,0.2,1.79945,142.3,54384.9,15.20,2.32245e+06,47.81,FAIL
ff_27c_2.97v,ff,27,2.97,10,4.7,0.5,1.79945,142.3,61703.8,39.36,2.41979e+06,40.49,FAIL
ff_27c_2.97v,ff,27,2.97,25,0.33,0.001,1.79945,140.7,242921,-11.49,44359.8,-29.64,FAIL
ff_27c_2.97v,ff,27,2.97,25,0.33,0.05,1.79945,140.7,242939,-10.08,47230.9,-28.55,FAIL
ff_27c_2.97v,ff,27,2.97,25,0.33,0.2,1.79945,140.7,243451,-5.79,61460.5,-23.97,FAIL
ff_27c_2.97v,ff,27,2.97,25,0.33,0.5,1.79945,140.7,246546,2.61,1.08752e+06,24.10,FAIL
ff_27c_2.97v,ff,27,2.97,25,1,0.001,1.79945,140.7,140190,-6.63,25607.8,-29.57,FAIL
ff_27c_2.97v,ff,27,2.97,25,1,0.05,1.79945,140.7,140246,-4.16,31994.9,-25.70,FAIL
ff_27c_2.97v,ff,27,2.97,25,1,0.2,1.79945,140.7,141232,3.32,1.45877e+06,36.96,FAIL
ff_27c_2.97v,ff,27,2.97,25,1,0.5,1.79945,140.7,146974,17.75,2.13513e+06,35.16,FAIL
ff_27c_2.97v,ff,27,2.97,25,4.7,0.001,1.79945,140.7,64783.9,-2.98,12104.4,-29.15,FAIL
ff_27c_2.97v,ff,27,2.97,25,4.7,0.05,1.79945,140.7,64925.9,2.38,1.66388e+06,51.15,FAIL
ff_27c_2.97v,ff,27,2.97,25,4.7,0.2,1.79945,140.7,67168.8,18.42,2.29813e+06,44.24,FAIL
ff_27c_2.97v,ff,27,2.97,25,4.7,0.5,1.79945,140.7,80710.5,46.09,2.39397e+06,36.92,PASS
ff_27c_2.97v,ff,27,2.97,50,0.33,0.001,1.79945,138.5,275110,-12.88,58764.8,-26.94,FAIL
ff_27c_2.97v,ff,27,2.97,50,0.33,0.05,1.79945,138.5,275124,-11.28,62542.4,-25.85,FAIL
ff_27c_2.97v,ff,27,2.97,50,0.33,0.2,1.79945,138.5,275826,-6.44,81237.7,-21.31,FAIL
ff_27c_2.97v,ff,27,2.97,50,0.33,0.5,1.79945,138.5,280290,2.99,1.07137e+06,21.70,FAIL
ff_27c_2.97v,ff,27,2.97,50,1,0.001,1.79945,138.5,158978,-7.45,33898.6,-26.89,FAIL
ff_27c_2.97v,ff,27,2.97,50,1,0.05,1.79945,138.5,159054,-4.66,42300.7,-23.04,FAIL
ff_27c_2.97v,ff,27,2.97,50,1,0.2,1.79945,138.5,160487,3.81,1.44111e+06,34.60,FAIL
ff_27c_2.97v,ff,27,2.97,50,1,0.5,1.79945,138.5,168860,19.91,2.11646e+06,32.88,FAIL
ff_27c_2.97v,ff,27,2.97,50,4.7,0.001,1.79945,138.5,73515.6,-3.36,15944.9,-26.56,FAIL
ff_27c_2.97v,ff,27,2.97,50,4.7,0.05,1.79945,138.5,73722.5,2.72,1.64635e+06,48.82,FAIL
ff_27c_2.97v,ff,27,2.97,50,4.7,0.2,1.79945,138.5,77002.8,20.79,2.28031e+06,41.96,FAIL
ff_27c_2.97v,ff,27,2.97,50,4.7,0.5,1.79945,138.5,96955.2,50.36,2.37486e+06,34.65,PASS
ff_27c_3.30v,ff,27,3.3,0,0.33,0.001,1.79942,120.3,2953.29,0.11,3924.58,4.94,FAIL
ff_27c_3.30v,ff,27,3.3,0,0.33,0.05,1.79942,120.3,2953.29,0.13,4178.42,6.03,FAIL
ff_27c_3.30v,ff,27,3.3,0,0.33,0.2,1.79942,120.3,2953.29,0.18,5440.78,10.62,FAIL
ff_27c_3.30v,ff,27,3.3,0,0.33,0.5,1.79942,120.3,2953.29,0.29,1.08118e+06,100.40,FAIL
ff_27c_3.30v,ff,27,3.3,0,1,0.001,1.79942,120.3,1696.52,0.35,3867.17,14.31,FAIL
ff_27c_3.30v,ff,27,3.3,0,1,0.05,1.79942,120.3,1696.52,0.38,4832.55,18.19,FAIL
ff_27c_3.30v,ff,27,3.3,0,1,0.2,1.79942,120.3,1696.52,0.47,1.44848e+06,113.01,FAIL
ff_27c_3.30v,ff,27,3.3,0,1,0.5,1.79942,120.3,1696.53,0.65,2.11074e+06,110.53,FAIL
ff_27c_3.30v,ff,27,3.3,0,4.7,0.001,1.79942,120.1,782.484,0.89,3894.15,27.88,FAIL
ff_27c_3.30v,ff,27,3.3,0,4.7,0.05,1.79942,120.1,782.484,0.95,1.64801e+06,127.01,FAIL
ff_27c_3.30v,ff,27,3.3,0,4.7,0.2,1.79942,120.1,782.488,1.15,2.26459e+06,119.40,FAIL
ff_27c_3.30v,ff,27,3.3,0,4.7,0.5,1.79942,120.1,782.509,1.55,2.36073e+06,111.97,FAIL
ff_27c_3.30v,ff,27,3.3,0.1,0.33,0.001,1.79942,138.5,36053.1,-1.53,6021.3,-31.09,FAIL
ff_27c_3.30v,ff,27,3.3,0.1,0.33,0.05,1.79942,138.5,36053.2,-1.32,6469.93,-29.85,FAIL
ff_27c_3.30v,ff,27,3.3,0.1,0.33,0.2,1.79942,138.5,36054.9,-0.68,8899.03,-24.31,FAIL
ff_27c_3.30v,ff,27,3.3,0.1,0.33,0.5,1.79942,138.5,36065.1,0.61,1.74344e+06,64.09,FAIL
ff_27c_3.30v,ff,27,3.3,0.1,1,0.001,1.79942,138.5,20713.4,-0.86,4350.69,-27.11,FAIL
ff_27c_3.30v,ff,27,3.3,0.1,1,0.05,1.79942,138.5,20713.6,-0.49,5649.07,-22.57,FAIL
ff_27c_3.30v,ff,27,3.3,0.1,1,0.2,1.79942,138.5,20716.8,0.62,2.06529e+06,74.76,FAIL
ff_27c_3.30v,ff,27,3.3,0.1,1,0.5,1.79942,138.5,20734.8,2.86,2.7081e+06,70.98,FAIL
ff_27c_3.30v,ff,27,3.3,0.1,4.7,0.001,1.79942,138.5,9553.24,-0.35,3538.2,-17.26,FAIL
ff_27c_3.30v,ff,27,3.3,0.1,4.7,0.05,1.79942,138.5,9553.71,0.44,2.25252e+06,88.17,FAIL
ff_27c_3.30v,ff,27,3.3,0.1,4.7,0.2,1.79942,138.5,9560.98,2.87,2.86498e+06,79.77,FAIL
ff_27c_3.30v,ff,27,3.3,0.1,4.7,0.5,1.79942,138.5,9601.77,7.70,2.96408e+06,72.30,FAIL
ff_27c_3.30v,ff,27,3.3,1,0.33,0.001,1.79942,140.4,100157,-4.39,14162.1,-34.00,FAIL
ff_27c_3.30v,ff,27,3.3,1,0.33,0.05,1.79942,140.4,100159,-3.81,15179.2,-32.79,FAIL
ff_27c_3.30v,ff,27,3.3,1,0.33,0.2,1.79942,140.4,100198,-2.03,20600.9,-27.49,FAIL
ff_27c_3.30v,ff,27,3.3,1,0.33,0.5,1.79942,140.4,100424,1.53,1.5754e+06,44.91,FAIL
ff_27c_3.30v,ff,27,3.3,1,1,0.001,1.79942,140.4,57576.1,-2.51,8490.77,-33.26,FAIL
ff_27c_3.30v,ff,27,3.3,1,1,0.05,1.79942,140.4,57580.4,-1.49,10920.7,-28.89,FAIL
ff_27c_3.30v,ff,27,3.3,1,1,0.2,1.79942,140.4,57651.3,1.61,1.90609e+06,55.95,FAIL
ff_27c_3.30v,ff,27,3.3,1,1,0.5,1.79942,140.4,58053,7.78,2.55274e+06,52.55,FAIL
ff_27c_3.30v,ff,27,3.3,1,4.7,0.001,1.79942,140.4,26569.8,-1.11,4745.38,-29.93,FAIL
ff_27c_3.30v,ff,27,3.3,1,4.7,0.05,1.79942,140.4,26580,1.09,2.09608e+06,69.50,FAIL
ff_27c_3.30v,ff,27,3.3,1,4.7,0.2,1.79942,140.4,26734.8,7.81,2.71002e+06,61.40,FAIL
ff_27c_3.30v,ff,27,3.3,1,4.7,0.5,1.79942,140.4,27604.7,20.97,2.80807e+06,53.97,FAIL
ff_27c_3.30v,ff,27,3.3,10,0.33,0.001,1.79941,141.1,211794,-9.41,31989.7,-32.91,FAIL
ff_27c_3.30v,ff,27,3.3,10,0.33,0.05,1.79941,141.1,211810,-8.17,34243.5,-31.73,FAIL
ff_27c_3.30v,ff,27,3.3,10,0.33,0.2,1.79941,141.1,212167,-4.42,46025.9,-26.59,FAIL
ff_27c_3.30v,ff,27,3.3,10,0.33,0.5,1.79941,141.1,214257,2.97,1.46267e+06,30.80,FAIL
ff_27c_3.30v,ff,27,3.3,10,1,0.001,1.79941,141.1,122061,-5.41,18544.2,-32.76,FAIL
ff_27c_3.30v,ff,27,3.3,10,1,0.05,1.79941,141.1,122101,-3.26,23702.6,-28.49,FAIL
ff_27c_3.30v,ff,27,3.3,10,1,0.2,1.79941,141.1,122762,3.28,1.80059e+06,42.14,FAIL
ff_27c_3.30v,ff,27,3.3,10,1,0.5,1.79941,141.1,126538,16.01,2.44889e+06,39.02,FAIL
ff_27c_3.30v,ff,27,3.3,10,4.7,0.001,1.79941,141.1,56375.7,-2.42,8969.29,-31.94,FAIL
ff_27c_3.30v,ff,27,3.3,10,4.7,0.05,1.79941,141.1,56470.8,2.24,1.99358e+06,55.81,FAIL
ff_27c_3.30v,ff,27,3.3,10,4.7,0.2,1.79941,141.1,57940.4,16.30,2.60812e+06,47.92,FAIL
ff_27c_3.30v,ff,27,3.3,10,4.7,0.5,1.79941,141.1,66762.9,41.58,2.70365e+06,40.51,FAIL
ff_27c_3.30v,ff,27,3.3,25,0.33,0.001,1.79941,140.5,258429,-11.44,43443.1,-31.08,FAIL
ff_27c_3.30v,ff,27,3.3,25,0.33,0.05,1.79941,140.5,258455,-9.94,46490.2,-29.90,FAIL
ff_27c_3.30v,ff,27,3.3,25,0.33,0.2,1.79941,140.5,259078,-5.38,62326.8,-24.81,FAIL
ff_27c_3.30v,ff,27,3.3,25,0.33,0.5,1.79941,140.5,262772,3.54,1.43374e+06,27.03,FAIL
ff_27c_3.30v,ff,27,3.3,25,1,0.001,1.79941,140.5,149165,-6.61,25100.7,-30.99,FAIL
ff_27c_3.30v,ff,27,3.3,25,1,0.05,1.79941,140.5,149234,-3.98,32035,-26.76,FAIL
ff_27c_3.30v,ff,27,3.3,25,1,0.2,1.79941,140.5,150412,3.98,1.77313e+06,38.44,FAIL
ff_27c_3.30v,ff,27,3.3,25,1,0.5,1.79941,140.5,157371,19.25,2.42112e+06,35.41,FAIL
ff_27c_3.30v,ff,27,3.3,25,4.7,0.001,1.79941,140.5,68925.6,-2.97,11935.5,-30.47,FAIL
ff_27c_3.30v,ff,27,3.3,25,4.7,0.05,1.79941,140.5,69095.2,2.74,1.96701e+06,52.14,FAIL
ff_27c_3.30v,ff,27,3.3,25,4.7,0.2,1.79941,140.5,71817.4,19.76,2.5817e+06,44.32,FAIL
ff_27c_3.30v,ff,27,3.3,25,4.7,0.5,1.79941,140.5,88251.2,48.49,2.67563e+06,36.91,PASS
ff_27c_3.30v,ff,27,3.3,50,0.33,0.001,1.79941,139.4,293286,-12.89,56090.4,-28.87,FAIL
ff_27c_3.30v,ff,27,3.3,50,0.33,0.05,1.79941,139.4,293315,-11.19,59987.9,-27.70,FAIL
ff_27c_3.30v,ff,27,3.3,50,0.33,0.2,1.79941,139.4,294206,-6.02,80289.5,-22.63,FAIL
ff_27c_3.30v,ff,27,3.3,50,0.33,0.5,1.79941,139.4,299589,4.00,1.41551e+06,24.62,FAIL
ff_27c_3.30v,ff,27,3.3,50,1,0.001,1.79941,139.4,169523,-7.47,32372.2,-28.81,FAIL
ff_27c_3.30v,ff,27,3.3,50,1,0.05,1.79941,139.4,169621,-4.48,41254.9,-24.59,FAIL
ff_27c_3.30v,ff,27,3.3,50,1,0.2,1.79941,139.4,171349,4.53,1.75516e+06,36.08,FAIL
ff_27c_3.30v,ff,27,3.3,50,1,0.5,1.79941,139.4,181536,21.58,2.40236e+06,33.10,FAIL
ff_27c_3.30v,ff,27,3.3,50,4.7,0.001,1.79941,139.4,78385,-3.36,15279.4,-28.41,FAIL
ff_27c_3.30v,ff,27,3.3,50,4.7,0.05,1.79941,139.4,78634.6,3.12,1.94949e+06,49.80,FAIL
ff_27c_3.30v,ff,27,3.3,50,4.7,0.2,1.79941,139.4,82629.8,22.32,2.56406e+06,42.02,FAIL
ff_27c_3.30v,ff,27,3.3,50,4.7,0.5,1.79941,139.4,106980,52.80,2.65652e+06,34.61,PASS
ff_27c_3.63v,ff,27,3.63,0,0.33,0.001,1.79933,115.2,3082.76,0.33,5592.95,10.35,FAIL
ff_27c_3.63v,ff,27,3.63,0,0.33,0.05,1.79933,115.2,3082.76,0.35,5976.14,11.50,FAIL
ff_27c_3.63v,ff,27,3.63,0,0.33,0.2,1.79933,115.2,3082.76,0.40,7945.57,16.45,FAIL
ff_27c_3.63v,ff,27,3.63,0,0.33,0.5,1.79933,115.2,3082.77,0.51,1.32947e+06,102.54,FAIL
ff_27c_3.63v,ff,27,3.63,0,1,0.001,1.79933,115.2,1770.85,0.73,5558.05,19.87,FAIL
ff_27c_3.63v,ff,27,3.63,0,1,0.05,1.79933,115.2,1770.85,0.76,7051.07,24.00,FAIL
ff_27c_3.63v,ff,27,3.63,0,1,0.2,1.79933,115.2,1770.85,0.86,1.67106e+06,114.03,FAIL
ff_27c_3.63v,ff,27,3.63,0,1,0.5,1.79933,115.2,1770.86,1.05,2.31604e+06,110.64,FAIL
ff_27c_3.63v,ff,27,3.63,0,4.7,0.001,1.79933,115,816.68,1.71,5620.22,33.50,FAIL
ff_27c_3.63v,ff,27,3.63,0,4.7,0.05,1.79933,115,816.68,1.78,1.86259e+06,127.66,FAIL
ff_27c_3.63v,ff,27,3.63,0,4.7,0.2,1.79933,115,816.684,1.99,2.46885e+06,119.41,FAIL
ff_27c_3.63v,ff,27,3.63,0,4.7,0.5,1.79933,115,816.709,2.40,2.56473e+06,111.91,FAIL
ff_27c_3.63v,ff,27,3.63,0.1,0.33,0.001,1.79933,133.3,37793.9,-1.50,7027.86,-29.23,FAIL
ff_27c_3.63v,ff,27,3.63,0.1,0.33,0.05,1.79933,133.3,37794.1,-1.28,7584.25,-27.90,FAIL
ff_27c_3.63v,ff,27,3.63,0.1,0.33,0.2,1.79933,133.3,37796.1,-0.60,10788.4,-21.78,FAIL
ff_27c_3.63v,ff,27,3.63,0.1,0.33,0.5,1.79933,133.3,37807.8,0.74,2.13514e+06,65.94,FAIL
ff_27c_3.63v,ff,27,3.63,0.1,1,0.001,1.79933,133.3,21713.7,-0.83,5606.35,-23.52,FAIL
ff_27c_3.63v,ff,27,3.63,0.1,1,0.05,1.79933,133.3,21713.9,-0.44,7439.22,-18.61,FAIL
ff_27c_3.63v,ff,27,3.63,0.1,1,0.2,1.79933,133.3,21717.6,0.73,2.42748e+06,75.89,FAIL
ff_27c_3.63v,ff,27,3.63,0.1,1,0.5,1.79933,133.3,21738.3,3.07,3.03435e+06,71.27,FAIL
ff_27c_3.63v,ff,27,3.63,0.1,4.7,0.001,1.79933,133.3,10015,-0.30,5016.23,-12.01,FAIL
ff_27c_3.63v,ff,27,3.63,0.1,4.7,0.05,1.79933,133.3,10015.6,0.53,2.60165e+06,88.99,FAIL
ff_27c_3.63v,ff,27,3.63,0.1,4.7,0.2,1.79933,133.3,10023.9,3.07,3.18574e+06,79.93,FAIL
ff_27c_3.63v,ff,27,3.63,0.1,4.7,0.5,1.79933,133.3,10070.9,8.14,3.28173e+06,72.39,FAIL
ff_27c_3.63v,ff,27,3.63,1,0.33,0.001,1.79933,135.3,105095,-4.34,14734.1,-34.15,FAIL
ff_27c_3.63v,ff,27,3.63,1,0.33,0.05,1.79933,135.3,105098,-3.73,15865.4,-32.86,FAIL
ff_27c_3.63v,ff,27,3.63,1,0.33,0.2,1.79933,135.3,105143,-1.86,22216.4,-27.02,FAIL
ff_27c_3.63v,ff,27,3.63,1,0.33,0.5,1.79933,135.3,105404,1.87,1.93811e+06,46.86,FAIL
ff_27c_3.63v,ff,27,3.63,1,1,0.001,1.79933,135.3,60417.2,-2.47,9162.55,-32.77,FAIL
ff_27c_3.63v,ff,27,3.63,1,1,0.05,1.79933,135.3,60422.3,-1.41,12034.4,-28.03,FAIL
ff_27c_3.63v,ff,27,3.63,1,1,0.2,1.79933,135.3,60504.1,1.85,2.23973e+06,57.10,FAIL
ff_27c_3.63v,ff,27,3.63,1,1,0.5,1.79933,135.3,60967.8,8.32,2.85313e+06,52.82,FAIL
ff_27c_3.63v,ff,27,3.63,1,4.7,0.001,1.79933,135.3,27880.7,-1.09,5736.48,-27.47,FAIL
ff_27c_3.63v,ff,27,3.63,1,4.7,0.05,1.79933,135.3,27892.5,1.23,2.41756e+06,70.33,FAIL
ff_27c_3.63v,ff,27,3.63,1,4.7,0.2,1.79933,135.3,28071,8.27,3.00549e+06,61.54,FAIL
ff_27c_3.63v,ff,27,3.63,1,4.7,0.5,1.79933,135.3,29082,22.05,3.10083e+06,54.03,FAIL
ff_27c_3.63v,ff,27,3.63,10,0.33,0.001,1.79933,136.8,223076,-9.34,32288.9,-33.65,FAIL
ff_27c_3.63v,ff,27,3.63,10,0.33,0.05,1.79933,136.8,223097,-8.05,34710.5,-32.39,FAIL
ff_27c_3.63v,ff,27,3.63,10,0.33,0.2,1.79933,136.8,223515,-4.10,48053.8,-26.74,FAIL
ff_27c_3.63v,ff,27,3.63,10,0.33,0.5,1.79933,136.8,225950,3.68,1.80224e+06,32.75,FAIL
ff_27c_3.63v,ff,27,3.63,10,1,0.001,1.79933,136.8,128583,-5.38,18829.9,-33.40,FAIL
ff_27c_3.63v,ff,27,3.63,10,1,0.05,1.79933,136.8,128630,-3.11,24554,-28.79,FAIL
ff_27c_3.63v,ff,27,3.63,10,1,0.2,1.79933,136.8,129401,3.78,2.1124e+06,43.23,FAIL
ff_27c_3.63v,ff,27,3.63,10,1,0.5,1.79933,136.8,133852,17.15,2.72909e+06,39.21,FAIL
ff_27c_3.63v,ff,27,3.63,10,4.7,0.001,1.79933,136.8,59388.7,-2.40,9388.45,-32.05,FAIL
ff_27c_3.63v,ff,27,3.63,10,4.7,0.05,1.79933,136.8,59499.5,2.51,2.29387e+06,56.55,FAIL
ff_27c_3.63v,ff,27,3.63,10,4.7,0.2,1.79933,136.8,61232.2,17.30,2.88416e+06,47.97,FAIL
ff_27c_3.63v,ff,27,3.63,10,4.7,0.5,1.79933,136.8,71600.5,43.54,2.97698e+06,40.48,FAIL
ff_27c_3.63v,ff,27,3.63,25,0.33,0.001,1.79933,137.2,272537,-11.40,43154.7,-32.13,FAIL
ff_27c_3.63v,ff,27,3.63,25,0.33,0.05,1.79933,137.2,272571,-9.82,46380.9,-30.88,FAIL
ff_27c_3.63v,ff,27,3.63,25,0.33,0.2,1.79933,137.2,273308,-5.01,64000.9,-25.28,FAIL
ff_27c_3.63v,ff,27,3.63,25,0.33,0.5,1.79933,137.2,277735,4.39,1.76512e+06,28.95,FAIL
ff_27c_3.63v,ff,27,3.63,25,1,0.001,1.79933,137.2,157344,-6.59,24999.7,-31.99,FAIL
ff_27c_3.63v,ff,27,3.63,25,1,0.05,1.79933,137.2,157427,-3.81,32534.1,-27.42,FAIL
ff_27c_3.63v,ff,27,3.63,25,1,0.2,1.79933,137.2,158819,4.57,2.07803e+06,39.50,FAIL
ff_27c_3.63v,ff,27,3.63,25,1,0.5,1.79933,137.2,167036,20.61,2.69495e+06,35.56,FAIL
ff_27c_3.63v,ff,27,3.63,25,4.7,0.001,1.79933,137.2,72718.9,-2.95,12055,-31.23,FAIL
ff_27c_3.63v,ff,27,3.63,25,4.7,0.05,1.79933,137.2,72927.1,3.06,2.26061e+06,52.86,FAIL
ff_27c_3.63v,ff,27,3.63,25,4.7,0.2,1.79933,137.2,76117.5,20.98,2.85165e+06,44.34,FAIL
ff_27c_3.63v,ff,27,3.63,25,4.7,0.5,1.79933,137.2,95497.8,50.57,2.94283e+06,36.85,PASS
ff_27c_3.63v,ff,27,3.63,50,0.33,0.001,1.79933,137.3,309687,-12.88,54720.2,-30.25,FAIL
ff_27c_3.63v,ff,27,3.63,50,0.33,0.05,1.79933,137.3,309730,-11.09,58800.7,-29.01,FAIL
ff_27c_3.63v,ff,27,3.63,50,0.33,0.2,1.79933,137.3,310796,-5.64,80972.1,-23.44,FAIL
ff_27c_3.63v,ff,27,3.63,50,0.33,0.5,1.79933,137.3,317166,4.93,1.74281e+06,26.54,FAIL
ff_27c_3.63v,ff,27,3.63,50,1,0.001,1.79933,137.3,179053,-7.47,31617,-30.17,FAIL
ff_27c_3.63v,ff,27,3.63,50,1,0.05,1.79933,137.3,179173,-4.32,41093.5,-25.62,FAIL
ff_27c_3.63v,ff,27,3.63,50,1,0.2,1.79933,137.3,181205,5.19,2.0565e+06,37.12,FAIL
ff_27c_3.63v,ff,27,3.63,50,1,0.5,1.79933,137.3,193353,23.09,2.67333e+06,33.23,FAIL
ff_27c_3.63v,ff,27,3.63,50,4.7,0.001,1.79933,137.3,82795,-3.35,15031,-29.65,FAIL
ff_27c_3.63v,ff,27,3.63,50,4.7,0.05,1.79933,137.3,83088.7,3.49,2.24005e+06,50.49,FAIL
ff_27c_3.63v,ff,27,3.63,50,4.7,0.2,1.79933,137.3,87835.8,23.70,2.83137e+06,42.01,FAIL
ff_27c_3.63v,ff,27,3.63,50,4.7,0.5,1.79933,137.3,116639,54.84,2.92106e+06,34.53,PASS
ff_125c_2.97v,ff,125,2.97,0,0.33,0.001,1.7993,73.87,1342.57,26.40,23988.9,49.13,FAIL
ff_125c_2.97v,ff,125,2.97,0,0.33,0.05,1.7993,73.87,1342.57,26.41,25112.6,49.92,FAIL
ff_125c_2.97v,ff,125,2.97,0,0.33,0.2,1.7993,73.87,1342.57,26.44,29880.5,52.94,FAIL
ff_125c_2.97v,ff,125,2.97,0,0.33,0.5,1.7993,73.87,1342.57,26.48,72126.4,68.23,FAIL
ff_125c_2.97v,ff,125,2.97,0,1,0.001,1.7993,73.86,690.999,44.01,24025.9,58.79,FAIL
ff_125c_2.97v,ff,125,2.97,0,1,0.05,1.7993,73.86,690.999,44.02,28050.1,61.47,FAIL
ff_125c_2.97v,ff,125,2.97,0,1,0.2,1.7993,73.86,690.999,44.06,461814,109.22,FAIL
ff_125c_2.97v,ff,125,2.97,0,1,0.5,1.7993,73.86,690.999,44.13,1.28379e+06,117.55,FAIL
ff_125c_2.97v,ff,125,2.97,0,4.7,0.001,1.7993,73.64,202.455,73.14,24272.1,72.40,PASS
ff_125c_2.97v,ff,125,2.97,0,4.7,0.05,1.7993,73.64,202.455,73.16,763460,129.62,PASS
ff_125c_2.97v,ff,125,2.97,0,4.7,0.2,1.7993,73.64,202.455,73.21,1.43634e+06,127.03,PASS
ff_125c_2.97v,ff,125,2.97,0,4.7,0.5,1.7993,73.64,202.456,73.31,1.52884e+06,119.87,PASS
ff_125c_2.97v,ff,125,2.97,0.1,0.33,0.001,1.79927,135.4,28214.4,-1.42,5212.3,-29.34,FAIL
ff_125c_2.97v,ff,125,2.97,0.1,0.33,0.05,1.79927,135.4,28214.5,-1.25,5530.69,-28.31,FAIL
ff_125c_2.97v,ff,125,2.97,0.1,0.33,0.2,1.79927,135.4,28215.3,-0.75,7056.24,-24.08,FAIL
ff_125c_2.97v,ff,125,2.97,0.1,0.33,0.5,1.79927,135.4,28220.2,0.25,857751,58.05,FAIL
ff_125c_2.97v,ff,125,2.97,0.1,1,0.001,1.79927,135.4,16209.1,-0.79,3881.25,-24.83,FAIL
ff_125c_2.97v,ff,125,2.97,0.1,1,0.05,1.79927,135.4,16209.2,-0.51,4778.24,-21.22,FAIL
ff_125c_2.97v,ff,125,2.97,0.1,1,0.2,1.79927,135.4,16210.7,0.37,1.27799e+06,72.76,FAIL
ff_125c_2.97v,ff,125,2.97,0.1,1,0.5,1.79927,135.4,16219.5,2.12,2.00217e+06,72.14,FAIL
ff_125c_2.97v,ff,125,2.97,0.1,4.7,0.001,1.79927,135.4,7476.64,-0.31,3254.4,-14.45,FAIL
ff_125c_2.97v,ff,125,2.97,0.1,4.7,0.05,1.79927,135.4,7476.86,0.31,1.49819e+06,87.45,FAIL
ff_125c_2.97v,ff,125,2.97,0.1,4.7,0.2,1.79927,135.4,7480.23,2.21,2.16956e+06,81.36,FAIL
ff_125c_2.97v,ff,125,2.97,0.1,4.7,0.5,1.79927,135.4,7499.17,6.00,2.27412e+06,74.13,FAIL
ff_125c_2.97v,ff,125,2.97,1,0.33,0.001,1.79927,138.3,79819.2,-4.19,12061.7,-32.84,FAIL
ff_125c_2.97v,ff,125,2.97,1,0.33,0.05,1.79927,138.3,79820,-3.73,12773.9,-31.85,FAIL
ff_125c_2.97v,ff,125,2.97,1,0.33,0.2,1.79927,138.3,79839.2,-2.31,16108.2,-27.82,FAIL
ff_125c_2.97v,ff,125,2.97,1,0.33,0.5,1.79927,138.3,79952.6,0.53,701385,36.81,FAIL
ff_125c_2.97v,ff,125,2.97,1,1,0.001,1.79927,138.3,45877.6,-2.40,7245.2,-32.06,FAIL
ff_125c_2.97v,ff,125,2.97,1,1,0.05,1.79927,138.3,45879.8,-1.59,8847.97,-28.60,FAIL
ff_125c_2.97v,ff,125,2.97,1,1,0.2,1.79927,138.3,45915.2,0.89,1.14824e+06,53.17,FAIL
ff_125c_2.97v,ff,125,2.97,1,1,0.5,1.79927,138.3,46117.4,5.82,1.87401e+06,53.27,FAIL
ff_125c_2.97v,ff,125,2.97,1,4.7,0.001,1.79927,138.3,21169.4,-1.06,4074.94,-28.63,FAIL
ff_125c_2.97v,ff,125,2.97,1,4.7,0.05,1.79927,138.3,21174.5,0.69,1.372e+06,68.18,FAIL
ff_125c_2.97v,ff,125,2.97,1,4.7,0.2,1.79927,138.3,21252.4,6.05,2.03954e+06,62.57,FAIL
ff_125c_2.97v,ff,125,2.97,1,4.7,0.5,1.79927,138.3,21689.9,16.63,2.14214e+06,55.38,FAIL
ff_125c_2.97v,ff,125,2.97,10,0.33,0.001,1.79927,138.7,174348,-9.36,28681.9,-31.41,FAIL
ff_125c_2.97v,ff,125,2.97,10,0.33,0.05,1.79927,138.7,174356,-8.34,30317.7,-30.45,FAIL
ff_125c_2.97v,ff,125,2.97,10,0.33,0.2,1.79927,138.7,174550,-5.25,37880.3,-26.58,FAIL
ff_125c_2.97v,ff,125,2.97,10,0.33,0.5,1.79927,138.7,175717,0.86,576285,20.04,FAIL
ff_125c_2.97v,ff,125,2.97,10,1,0.001,1.79927,138.7,100433,-5.38,16611.1,-31.28,FAIL
ff_125c_2.97v,ff,125,2.97,10,1,0.05,1.79927,138.7,100454,-3.61,20146.7,-27.93,FAIL
ff_125c_2.97v,ff,125,2.97,10,1,0.2,1.79927,138.7,100823,1.78,1.04872e+06,38.24,FAIL
ff_125c_2.97v,ff,125,2.97,10,1,0.5,1.79927,138.7,102930,12.36,1.77759e+06,39.03,FAIL
ff_125c_2.97v,ff,125,2.97,10,4.7,0.001,1.79927,138.7,46382.6,-2.42,7999.58,-30.53,FAIL
ff_125c_2.97v,ff,125,2.97,10,4.7,0.05,1.79927,138.7,46435.6,1.42,1.27693e+06,53.59,FAIL
ff_125c_2.97v,ff,125,2.97,10,4.7,0.2,1.79927,138.7,47251.9,13.04,1.94286e+06,48.39,FAIL
ff_125c_2.97v,ff,125,2.97,10,4.7,0.5,1.79927,138.7,52063.5,34.72,2.04286e+06,41.23,FAIL
ff_125c_2.97v,ff,125,2.97,25,0.33,0.001,1.79927,137.2,213881,-11.45,40325.9,-29.07,FAIL
ff_125c_2.97v,ff,125,2.97,25,0.33,0.05,1.79927,137.2,213890,-10.21,42607.7,-28.11,FAIL
ff_125c_2.97v,ff,125,2.97,25,0.33,0.2,1.79927,137.2,214228,-6.42,53090.6,-24.29,FAIL
ff_125c_2.97v,ff,125,2.97,25,0.33,0.5,1.79927,137.2,216302,1.01,549051,15.68,FAIL
ff_125c_2.97v,ff,125,2.97,25,1,0.001,1.79927,137.2,123377,-6.60,23287.5,-28.99,FAIL
ff_125c_2.97v,ff,125,2.97,25,1,0.05,1.79927,137.2,123413,-4.43,28185.7,-25.68,FAIL
ff_125c_2.97v,ff,125,2.97,25,1,0.2,1.79927,137.2,124073,2.17,1.02135e+06,34.28,FAIL
ff_125c_2.97v,ff,125,2.97,25,1,0.5,1.79927,137.2,127961,14.98,1.75095e+06,35.28,FAIL
ff_125c_2.97v,ff,125,2.97,25,4.7,0.001,1.79927,137.2,56998,-2.97,11026.6,-28.54,FAIL
ff_125c_2.97v,ff,125,2.97,25,4.7,0.05,1.79927,137.2,57093,1.74,1.25106e+06,49.73,FAIL
ff_125c_2.97v,ff,125,2.97,25,4.7,0.2,1.79927,137.2,58619.1,15.93,1.91645e+06,44.66,FAIL
ff_125c_2.97v,ff,125,2.97,25,4.7,0.5,1.79927,137.2,67720.9,41.30,2.01525e+06,37.51,FAIL
ff_125c_2.97v,ff,125,2.97,50,0.33,0.001,1.79927,134.9,241983,-12.80,54124.8,-26.12,FAIL
ff_125c_2.97v,ff,125,2.97,50,0.33,0.05,1.79927,134.9,241986,-11.40,57158.4,-25.17,FAIL
ff_125c_2.97v,ff,125,2.97,50,0.33,0.2,1.79927,134.9,242448,-7.13,71107.8,-21.38,FAIL
ff_125c_2.97v,ff,125,2.97,50,0.33,0.5,1.79927,134.9,245420,1.21,543651,13.36,FAIL
ff_125c_2.97v,ff,125,2.97,50,1,0.001,1.79927,134.9,139763,-7.40,31221.8,-26.07,FAIL
ff_125c_2.97v,ff,125,2.97,50,1,0.05,1.79927,134.9,139811,-4.94,37737.4,-22.78,FAIL
ff_125c_2.97v,ff,125,2.97,50,1,0.2,1.79927,134.9,140763,2.52,1.00494e+06,31.88,FAIL
ff_125c_2.97v,ff,125,2.97,50,1,0.5,1.79927,134.9,146381,16.84,1.73395e+06,33.00,FAIL
ff_125c_2.97v,ff,125,2.97,50,4.7,0.001,1.79927,134.9,64609.3,-3.34,14686.1,-25.74,FAIL
ff_125c_2.97v,ff,125,2.97,50,4.7,0.05,1.79927,134.9,64746.7,2.00,1.23458e+06,47.37,FAIL
ff_125c_2.97v,ff,125,2.97,50,4.7,0.2,1.79927,134.9,66954.6,17.99,1.8997e+06,42.39,FAIL
ff_125c_2.97v,ff,125,2.97,50,4.7,0.5,1.79927,134.9,80324.8,45.48,1.99727e+06,35.24,PASS
ff_125c_3.30v,ff,125,3.3,0,0.33,0.001,1.79928,69.95,1194.85,38.83,29298.6,53.41,FAIL
ff_125c_3.30v,ff,125,3.3,0,0.33,0.05,1.79928,69.95,1194.86,38.83,30722.4,54.23,FAIL
ff_125c_3.30v,ff,125,3.3,0,0.33,0.2,1.79928,69.95,1194.86,38.85,36842.2,57.39,FAIL
ff_125c_3.30v,ff,125,3.3,0,0.33,0.5,1.79928,69.95,1194.86,38.90,102947,75.20,FAIL
ff_125c_3.30v,ff,125,3.3,0,1,0.001,1.79928,69.94,546.459,60.42,29347.8,63.07,PASS
ff_125c_3.30v,ff,125,3.3,0,1,0.05,1.79928,69.94,546.459,60.43,34470.7,65.87,PASS
ff_125c_3.30v,ff,125,3.3,0,1,0.2,1.79928,69.94,546.459,60.46,574193,113.42,PASS
ff_125c_3.30v,ff,125,3.3,0,1,0.5,1.79928,69.94,546.46,60.52,1.36174e+06,118.98,PASS
ff_125c_3.30v,ff,125,3.3,0,4.7,0.001,1.79928,69.71,132.433,82.18,29655.5,76.69,PASS
ff_125c_3.30v,ff,125,3.3,0,4.7,0.05,1.79928,69.71,132.433,82.19,849623,131.89,PASS
ff_125c_3.30v,ff,125,3.3,0,4.7,0.2,1.79928,69.71,132.433,82.23,1.5155e+06,128.38,PASS
ff_125c_3.30v,ff,125,3.3,0,4.7,0.5,1.79928,69.71,132.434,82.29,1.60938e+06,121.17,PASS
ff_125c_3.30v,ff,125,3.3,0.1,0.33,0.001,1.79922,132,29748.8,-1.38,5954.5,-27.95,FAIL
ff_125c_3.30v,ff,125,3.3,0.1,0.33,0.05,1.79922,132,29748.9,-1.21,6347.75,-26.83,FAIL
ff_125c_3.30v,ff,125,3.3,0.1,0.33,0.2,1.79922,132,29749.9,-0.68,8321.9,-22.13,FAIL
ff_125c_3.30v,ff,125,3.3,0.1,0.33,0.5,1.79922,132,29755.6,0.38,1.20973e+06,62.34,FAIL
ff_125c_3.30v,ff,125,3.3,0.1,1,0.001,1.79922,132,17090.9,-0.76,4785.01,-22.11,FAIL
ff_125c_3.30v,ff,125,3.3,0.1,1,0.05,1.79922,132,17091,-0.46,6010.38,-18.15,FAIL
ff_125c_3.30v,ff,125,3.3,0.1,1,0.2,1.79922,132,17092.8,0.47,1.58939e+06,74.84,FAIL
ff_125c_3.30v,ff,125,3.3,0.1,1,0.5,1.79922,132,17103,2.31,2.29497e+06,72.76,FAIL
ff_125c_3.30v,ff,125,3.3,0.1,4.7,0.001,1.79922,132,7882.87,-0.26,4299.09,-10.53,FAIL
ff_125c_3.30v,ff,125,3.3,0.1,4.7,0.05,1.79922,132,7883.13,0.39,1.79975e+06,88.91,FAIL
ff_125c_3.30v,ff,125,3.3,0.1,4.7,0.2,1.79922,132,7887.06,2.39,2.46203e+06,81.80,FAIL
ff_125c_3.30v,ff,125,3.3,0.1,4.7,0.5,1.79922,132,7909.1,6.39,2.56673e+06,74.47,FAIL
ff_125c_3.30v,ff,125,3.3,1,0.33,0.001,1.79922,135.1,84260.3,-4.12,12456.1,-33.22,FAIL
ff_125c_3.30v,ff,125,3.3,1,0.33,0.05,1.79922,135.1,84261.4,-3.63,13249.1,-32.15,FAIL
ff_125c_3.30v,ff,125,3.3,1,0.33,0.2,1.79922,135.1,84284.1,-2.13,17146.4,-27.67,FAIL
ff_125c_3.30v,ff,125,3.3,1,0.33,0.5,1.79922,135.1,84417,0.86,1.04092e+06,41.98,FAIL
ff_125c_3.30v,ff,125,3.3,1,1,0.001,1.79922,135.1,48431.6,-2.35,7689.38,-31.97,FAIL
ff_125c_3.30v,ff,125,3.3,1,1,0.05,1.79922,135.1,48434.1,-1.50,9565.95,-28.18,FAIL
ff_125c_3.30v,ff,125,3.3,1,1,0.2,1.79922,135.1,48475.7,1.12,1.43378e+06,55.32,FAIL
ff_125c_3.30v,ff,125,3.3,1,1,0.5,1.79922,135.1,48711.9,6.32,2.13978e+06,53.84,FAIL
ff_125c_3.30v,ff,125,3.3,1,4.7,0.001,1.79922,135.1,22346.3,-1.03,4710.22,-27.05,FAIL
ff_125c_3.30v,ff,125,3.3,1,4.7,0.05,1.79922,135.1,22352.2,0.82,1.64656e+06,69.64,FAIL
ff_125c_3.30v,ff,125,3.3,1,4.7,0.2,1.79922,135.1,22443.2,6.47,2.30516e+06,62.95,FAIL
ff_125c_3.30v,ff,125,3.3,1,4.7,0.5,1.79922,135.1,22955.6,17.62,2.40799e+06,55.66,FAIL
ff_125c_3.30v,ff,125,3.3,10,0.33,0.001,1.79922,136.8,184897,-9.25,28681.6,-32.43,FAIL
ff_125c_3.30v,ff,125,3.3,10,0.33,0.05,1.79922,136.8,184907,-8.17,30455.3,-31.39,FAIL
ff_125c_3.30v,ff,125,3.3,10,0.33,0.2,1.79922,136.8,185140,-4.90,39001.3,-27.10,FAIL
ff_125c_3.30v,ff,125,3.3,10,0.33,0.5,1.79922,136.8,186523,1.58,909871,26.23,FAIL
ff_125c_3.30v,ff,125,3.3,10,1,0.001,1.79922,136.8,106518,-5.31,16672.2,-32.24,FAIL
ff_125c_3.30v,ff,125,3.3,10,1,0.05,1.79922,136.8,106544,-3.44,20591.7,-28.57,FAIL
ff_125c_3.30v,ff,125,3.3,10,1,0.2,1.79922,136.8,106980,2.28,1.31644e+06,40.43,FAIL
ff_125c_3.30v,ff,125,3.3,10,1,0.5,1.79922,136.8,109464,13.46,2.02315e+06,39.48,FAIL
ff_125c_3.30v,ff,125,3.3,10,4.7,0.001,1.79922,136.8,49188.2,-2.39,8178.58,-31.17,FAIL
ff_125c_3.30v,ff,125,3.3,10,4.7,0.05,1.79922,136.8,49251,1.69,1.53214e+06,54.98,FAIL
ff_125c_3.30v,ff,125,3.3,10,4.7,0.2,1.79922,136.8,50217.2,14.00,2.18864e+06,48.66,FAIL
ff_125c_3.30v,ff,125,3.3,10,4.7,0.5,1.79922,136.8,56007.2,36.75,2.28887e+06,41.40,FAIL
ff_125c_3.30v,ff,125,3.3,25,0.33,0.001,1.79922,136.7,227277,-11.36,39435.9,-30.52,FAIL
ff_125c_3.30v,ff,125,3.3,25,0.33,0.05,1.79922,136.7,227292,-10.04,41846.8,-29.49,FAIL
ff_125c_3.30v,ff,125,3.3,25,0.33,0.2,1.79922,136.7,227704,-6.02,53436.8,-25.24,FAIL
ff_125c_3.30v,ff,125,3.3,25,0.33,0.5,1.79922,136.7,230233,1.86,876775,22.05,FAIL
ff_125c_3.30v,ff,125,3.3,25,1,0.001,1.79922,136.7,131117,-6.55,22804.2,-30.42,FAIL
ff_125c_3.30v,ff,125,3.3,25,1,0.05,1.79922,136.7,131162,-4.24,28107.6,-26.79,FAIL
ff_125c_3.30v,ff,125,3.3,25,1,0.2,1.79922,136.7,131956,2.77,1.28542e+06,36.47,FAIL
ff_125c_3.30v,ff,125,3.3,25,1,0.5,1.79922,136.7,136670,16.33,1.99214e+06,35.69,FAIL
ff_125c_3.30v,ff,125,3.3,25,4.7,0.001,1.79922,136.7,60582.6,-2.95,10887.8,-29.82,FAIL
ff_125c_3.30v,ff,125,3.3,25,4.7,0.05,1.79922,136.7,60701.5,2.06,1.50227e+06,51.09,FAIL
ff_125c_3.30v,ff,125,3.3,25,4.7,0.2,1.79922,136.7,62534.9,17.12,2.15845e+06,44.88,FAIL
ff_125c_3.30v,ff,125,3.3,25,4.7,0.5,1.79922,136.7,73549.9,43.61,2.25744e+06,37.63,FAIL
ff_125c_3.30v,ff,125,3.3,50,0.33,0.001,1.79922,135.7,257809,-12.79,51480,-28.10,FAIL
ff_125c_3.30v,ff,125,3.3,50,0.33,0.05,1.79922,135.7,257823,-11.29,54608,-27.07,FAIL
ff_125c_3.30v,ff,125,3.3,50,0.33,0.2,1.79922,135.7,258406,-6.75,69601.3,-22.86,FAIL
ff_125c_3.30v,ff,125,3.3,50,0.33,0.5,1.79922,135.7,262001,2.12,861940,19.58,FAIL
ff_125c_3.30v,ff,125,3.3,50,1,0.001,1.79922,135.7,148920,-7.40,29716.2,-28.04,FAIL
ff_125c_3.30v,ff,125,3.3,50,1,0.05,1.79922,135.7,148982,-4.77,36573.7,-24.43,FAIL
ff_125c_3.30v,ff,125,3.3,50,1,0.2,1.79922,135.7,150134,3.16,1.26875e+06,34.07,FAIL
ff_125c_3.30v,ff,125,3.3,50,1,0.5,1.79922,135.7,157002,18.35,1.97486e+06,33.38,FAIL
ff_125c_3.30v,ff,125,3.3,50,4.7,0.001,1.79922,135.7,68833.9,-3.33,14037.9,-27.63,FAIL
ff_125c_3.30v,ff,125,3.3,50,4.7,0.05,1.79922,135.7,68999.9,2.36,1.48568e+06,48.73,FAIL
ff_125c_3.30v,ff,125,3.3,50,4.7,0.2,1.79922,135.7,71699.1,19.34,2.14159e+06,42.58,FAIL
ff_125c_3.30v,ff,125,3.3,50,4.7,0.5,1.79922,135.7,88008.5,47.93,2.2395e+06,35.34,PASS
ff_125c_3.63v,ff,125,3.63,0,0.33,0.001,1.79919,65.31,933.176,57.08,36256.7,58.29,PASS
ff_125c_3.63v,ff,125,3.63,0,0.33,0.05,1.79919,65.31,933.175,57.08,38063,59.13,PASS
ff_125c_3.63v,ff,125,3.63,0,0.33,0.2,1.79919,65.31,933.175,57.10,45911.8,62.39,PASS
ff_125c_3.63v,ff,125,3.63,0,0.33,0.5,1.79919,65.31,933.172,57.13,145781,82.39,PASS
ff_125c_3.63v,ff,125,3.63,0,1,0.001,1.79919,65.3,356.109,76.14,36320.5,67.95,PASS
ff_125c_3.63v,ff,125,3.63,0,1,0.05,1.79919,65.3,356.109,76.14,42870.7,70.82,PASS
ff_125c_3.63v,ff,125,3.63,0,1,0.2,1.79919,65.3,356.109,76.17,650304,116.46,PASS
ff_125c_3.63v,ff,125,3.63,0,1,0.5,1.79919,65.3,356.107,76.20,1.42051e+06,120.60,PASS
ff_125c_3.63v,ff,125,3.63,0,4.7,0.001,1.79919,65.08,77.9313,86.93,36718.1,81.58,PASS
ff_125c_3.63v,ff,125,3.63,0,4.7,0.05,1.79919,65.08,77.9312,86.94,912748,134.02,PASS
ff_125c_3.63v,ff,125,3.63,0,4.7,0.2,1.79919,65.08,77.9312,86.96,1.57546e+06,129.93,PASS
ff_125c_3.63v,ff,125,3.63,0,4.7,0.5,1.79919,65.08,77.9308,87.00,1.67026e+06,122.71,PASS
ff_125c_3.63v,ff,125,3.63,0.1,0.33,0.001,1.7991,126.7,31138.7,-1.33,7502.53,-24.72,FAIL
ff_125c_3.63v,ff,125,3.63,0.1,0.33,0.05,1.7991,126.7,31138.7,-1.15,8035.61,-23.53,FAIL
ff_125c_3.63v,ff,125,3.63,0.1,0.33,0.2,1.7991,126.7,31139.8,-0.59,10839.8,-18.33,FAIL
ff_125c_3.63v,ff,125,3.63,0.1,0.33,0.5,1.7991,126.7,31146.4,0.51,1.57127e+06,65.32,FAIL
ff_125c_3.63v,ff,125,3.63,0.1,1,0.001,1.7991,126.7,17889.3,-0.70,6580.79,-17.37,FAIL
ff_125c_3.63v,ff,125,3.63,0.1,1,0.05,1.7991,126.7,17889.5,-0.38,8432.48,-13.07,FAIL
ff_125c_3.63v,ff,125,3.63,0.1,1,0.2,1.7991,126.7,17891.5,0.58,1.92127e+06,76.55,FAIL
ff_125c_3.63v,ff,125,3.63,0.1,1,0.5,1.7991,126.7,17903.2,2.51,2.60194e+06,73.33,FAIL
ff_125c_3.63v,ff,125,3.63,0.1,4.7,0.001,1.7991,126.7,8251.17,-0.15,6270.97,-4.77,FAIL
ff_125c_3.63v,ff,125,3.63,0.1,4.7,0.05,1.7991,126.7,8251.47,0.53,2.12134e+06,90.17,FAIL
ff_125c_3.63v,ff,125,3.63,0.1,4.7,0.2,1.7991,126.7,8255.97,2.62,2.76594e+06,82.20,FAIL
ff_125c_3.63v,ff,125,3.63,0.1,4.7,0.5,1.7991,126.7,8281.27,6.80,2.86924e+06,74.78,FAIL
ff_125c_3.63v,ff,125,3.63,1,0.33,0.001,1.7991,129.7,88279.2,-4.05,13222.6,-32.99,FAIL
ff_125c_3.63v,ff,125,3.63,1,0.33,0.05,1.7991,129.7,88280.5,-3.53,14130.4,-31.84,FAIL
ff_125c_3.63v,ff,125,3.63,1,0.33,0.2,1.7991,129.7,88306.7,-1.96,18771.3,-26.91,FAIL
ff_125c_3.63v,ff,125,3.63,1,0.33,0.5,1.7991,129.7,88459.9,1.17,1.37032e+06,45.23,FAIL
ff_125c_3.63v,ff,125,3.63,1,1,0.001,1.7991,129.7,50742.6,-2.30,8680,-30.68,FAIL
ff_125c_3.63v,ff,125,3.63,1,1,0.05,1.7991,129.7,50745.5,-1.40,11003.8,-26.56,FAIL
ff_125c_3.63v,ff,125,3.63,1,1,0.2,1.7991,129.7,50793.4,1.33,1.73097e+06,57.03,FAIL
ff_125c_3.63v,ff,125,3.63,1,1,0.5,1.7991,129.7,51065.1,6.78,2.41405e+06,54.35,FAIL
ff_125c_3.63v,ff,125,3.63,1,4.7,0.001,1.7991,129.7,23412.6,-0.99,6122.77,-23.30,FAIL
ff_125c_3.63v,ff,125,3.63,1,4.7,0.05,1.7991,129.7,23419.5,0.95,1.9337e+06,70.86,FAIL
ff_125c_3.63v,ff,125,3.63,1,4.7,0.2,1.7991,129.7,23524.1,6.88,2.57758e+06,63.30,FAIL
ff_125c_3.63v,ff,125,3.63,1,4.7,0.5,1.7991,129.7,24116.7,18.54,2.67948e+06,55.92,FAIL
ff_125c_3.63v,ff,125,3.63,10,0.33,0.001,1.7991,132,194485,-9.15,28999.9,-33.12,FAIL
ff_125c_3.63v,ff,125,3.63,10,0.33,0.05,1.7991,132,194498,-8.01,30925.4,-32.01,FAIL
ff_125c_3.63v,ff,125,3.63,10,0.33,0.2,1.7991,132,194772,-4.57,40571.7,-27.29,FAIL
ff_125c_3.63v,ff,125,3.63,10,0.33,0.5,1.7991,132,196380,2.24,1.21346e+06,29.68,FAIL
ff_125c_3.63v,ff,125,3.63,10,1,0.001,1.7991,132,112053,-5.25,17033.9,-32.75,FAIL
ff_125c_3.63v,ff,125,3.63,10,1,0.05,1.7991,132,112083,-3.28,21406.5,-28.78,FAIL
ff_125c_3.63v,ff,125,3.63,10,1,0.2,1.7991,132,112591,2.73,1.58521e+06,42.07,FAIL
ff_125c_3.63v,ff,125,3.63,10,1,0.5,1.7991,132,115505,14.47,2.27026e+06,39.87,FAIL
ff_125c_3.63v,ff,125,3.63,10,4.7,0.001,1.7991,132,51744.1,-2.35,8763.85,-30.85,FAIL
ff_125c_3.63v,ff,125,3.63,10,4.7,0.05,1.7991,132,51817.1,1.94,1.79113e+06,56.09,FAIL
ff_125c_3.63v,ff,125,3.63,10,4.7,0.2,1.7991,132,52954.3,14.87,2.43471e+06,48.89,FAIL
ff_125c_3.63v,ff,125,3.63,10,4.7,0.5,1.7991,132,59715.7,38.57,2.534e+06,41.54,FAIL
ff_125c_3.63v,ff,125,3.63,25,0.33,0.001,1.7991,132.8,239459,-11.28,39162.8,-31.56,FAIL
ff_125c_3.63v,ff,125,3.63,25,0.33,0.05,1.7991,132.8,239480,-9.89,41721.6,-30.45,FAIL
ff_125c_3.63v,ff,125,3.63,25,0.33,0.2,1.7991,132.8,239972,-5.65,54546.3,-25.80,FAIL
ff_125c_3.63v,ff,125,3.63,25,0.33,0.5,1.7991,132.8,243007,2.64,1.17093e+06,25.50,FAIL
ff_125c_3.63v,ff,125,3.63,25,1,0.001,1.7991,132.8,138171,-6.50,22738.9,-31.38,FAIL
ff_125c_3.63v,ff,125,3.63,25,1,0.05,1.7991,132.8,138228,-4.07,28505.8,-27.46,FAIL
ff_125c_3.63v,ff,125,3.63,25,1,0.2,1.7991,132.8,139193,3.31,1.54532e+06,38.07,FAIL
ff_125c_3.63v,ff,125,3.63,25,1,0.5,1.7991,132.8,144688,17.56,2.23091e+06,36.02,FAIL
ff_125c_3.63v,ff,125,3.63,25,4.7,0.001,1.7991,132.8,63858.1,-2.92,11090.4,-30.42,FAIL
ff_125c_3.63v,ff,125,3.63,25,4.7,0.05,1.7991,132.8,63997.2,2.36,1.7526e+06,52.16,FAIL
ff_125c_3.63v,ff,125,3.63,25,4.7,0.2,1.7991,132.8,66133.9,18.19,2.39595e+06,45.06,FAIL
ff_125c_3.63v,ff,125,3.63,25,4.7,0.5,1.7991,132.8,79102.7,45.63,2.49408e+06,37.73,PASS
ff_125c_3.63v,ff,125,3.63,50,0.33,0.001,1.7991,133.3,272062,-12.75,50117.8,-29.51,FAIL
ff_125c_3.63v,ff,125,3.63,50,0.33,0.05,1.7991,133.3,272085,-11.17,53398.9,-28.41,FAIL
ff_125c_3.63v,ff,125,3.63,50,0.33,0.2,1.7991,133.3,272787,-6.38,69656.6,-23.79,FAIL
ff_125c_3.63v,ff,125,3.63,50,0.33,0.5,1.7991,133.3,277097,2.97,1.15015e+06,23.00,FAIL
ff_125c_3.63v,ff,125,3.63,50,1,0.001,1.7991,133.3,157181,-7.38,28982.7,-29.41,FAIL
ff_125c_3.63v,ff,125,3.63,50,1,0.05,1.7991,133.3,157258,-4.61,36277.8,-25.51,FAIL
ff_125c_3.63v,ff,125,3.63,50,1,0.2,1.7991,133.3,158620,3.76,1.5244e+06,35.64,FAIL
ff_125c_3.63v,ff,125,3.63,50,1,0.5,1.7991,133.3,166756,19.72,2.2096e+06,33.67,FAIL
ff_125c_3.63v,ff,125,3.63,50,4.7,0.001,1.7991,133.3,72662.5,-3.32,13821.7,-28.84,FAIL
ff_125c_3.63v,ff,125,3.63,50,4.7,0.05,1.7991,133.3,72867.5,2.69,1.73213e+06,49.76,FAIL
ff_125c_3.63v,ff,125,3.63,50,4.7,0.2,1.7991,133.3,76039.4,20.57,2.3755e+06,42.73,FAIL
ff_125c_3.63v,ff,125,3.63,50,4.7,0.5,1.7991,133.3,95332.9,50.02,2.47251e+06,35.39,PASS
fs_-40c_2.97v,fs,-40,2.97,0,0.33,0.001,1.79955,135.4,3763.44,-0.09,2313.94,-8.45,FAIL
fs_-40c_2.97v,fs,-40,2.97,0,0.33,0.05,1.79955,135.4,3763.44,-0.07,2500.07,-7.10,FAIL
fs_-40c_2.97v,fs,-40,2.97,0,0.33,0.2,1.79955,135.4,3763.44,-0.01,3582.43,-0.86,FAIL
fs_-40c_2.97v,fs,-40,2.97,0,0.33,0.5,1.79955,135.4,3763.45,0.13,1.59012e+06,100.70,FAIL
fs_-40c_2.97v,fs,-40,2.97,0,1,0.001,1.79955,135.4,2161.98,-0.00,2149.86,-0.10,FAIL
fs_-40c_2.97v,fs,-40,2.97,0,1,0.05,1.79955,135.4,2161.98,0.04,2865.95,4.90,FAIL
fs_-40c_2.97v,fs,-40,2.97,0,1,0.2,1.79955,135.4,2161.98,0.15,1.8296e+06,110.77,FAIL
fs_-40c_2.97v,fs,-40,2.97,0,1,0.5,1.79955,135.4,2162,0.39,2.33201e+06,106.19,FAIL
fs_-40c_2.97v,fs,-40,2.97,0,4.7,0.001,1.79955,135.3,997.106,0.14,2114.83,13.06,FAIL
fs_-40c_2.97v,fs,-40,2.97,0,4.7,0.05,1.79955,135.3,997.106,0.22,1.97343e+06,123.91,FAIL
fs_-40c_2.97v,fs,-40,2.97,0,4.7,0.2,1.79955,135.3,997.114,0.47,2.45683e+06,114.81,FAIL
fs_-40c_2.97v,fs,-40,2.97,0,4.7,0.5,1.79955,135.3,997.158,0.98,2.53584e+06,107.25,FAIL
fs_-40c_2.97v,fs,-40,2.97,0.1,0.33,0.001,1.79955,145.7,33543.7,-1.24,6055.65,-29.74,FAIL
fs_-40c_2.97v,fs,-40,2.97,0.1,0.33,0.05,1.79955,145.7,33543.8,-1.05,6575.58,-28.31,FAIL
fs_-40c_2.97v,fs,-40,2.97,0.1,0.33,0.2,1.79955,145.7,33545.2,-0.45,9784.72,-21.40,FAIL
fs_-40c_2.97v,fs,-40,2.97,0.1,0.33,0.5,1.79955,145.7,33553.5,0.74,1.81079e+06,64.66,FAIL
fs_-40c_2.97v,fs,-40,2.97,0.1,1,0.001,1.79955,145.7,19270.1,-0.70,3858.97,-27.94,FAIL
fs_-40c_2.97v,fs,-40,2.97,0.1,1,0.05,1.79955,145.7,19270.3,-0.36,5266.16,-22.53,FAIL
fs_-40c_2.97v,fs,-40,2.97,0.1,1,0.2,1.79955,145.7,19272.9,0.68,2.03789e+06,74.47,FAIL
fs_-40c_2.97v,fs,-40,2.97,0.1,1,0.5,1.79955,145.7,19287.8,2.75,2.53182e+06,69.78,FAIL
fs_-40c_2.97v,fs,-40,2.97,0.1,4.7,0.001,1.79955,145.7,8889.42,-0.30,2565.83,-21.59,FAIL
fs_-40c_2.97v,fs,-40,2.97,0.1,4.7,0.05,1.79955,145.7,8889.8,0.44,2.17742e+06,87.53,FAIL
fs_-40c_2.97v,fs,-40,2.97,0.1,4.7,0.2,1.79955,145.7,8895.53,2.69,2.65776e+06,78.43,FAIL
fs_-40c_2.97v,fs,-40,2.97,0.1,4.7,0.5,1.79955,145.7,8927.73,7.19,2.73786e+06,70.89,FAIL
fs_-40c_2.97v,fs,-40,2.97,1,0.33,0.001,1.79955,146.1,89850.7,-3.43,15223.4,-30.85,FAIL
fs_-40c_2.97v,fs,-40,2.97,1,0.33,0.05,1.79955,146.1,89851.9,-2.90,16494.1,-29.45,FAIL
fs_-40c_2.97v,fs,-40,2.97,1,0.33,0.2,1.79955,146.1,89878.7,-1.30,24118.1,-22.85,FAIL
fs_-40c_2.97v,fs,-40,2.97,1,0.33,0.5,1.79955,146.1,90036.7,1.89,1.71082e+06,46.85,FAIL
fs_-40c_2.97v,fs,-40,2.97,1,1,0.001,1.79955,146.1,51636.6,-1.96,8916.68,-30.51,FAIL
fs_-40c_2.97v,fs,-40,2.97,1,1,0.05,1.79955,146.1,51639.5,-1.04,12039.4,-25.29,FAIL
fs_-40c_2.97v,fs,-40,2.97,1,1,0.2,1.79955,146.1,51688.9,1.74,1.94448e+06,56.83,FAIL
fs_-40c_2.97v,fs,-40,2.97,1,1,0.5,1.79955,146.1,51969.8,7.28,2.44438e+06,52.35,FAIL
fs_-40c_2.97v,fs,-40,2.97,1,4.7,0.001,1.79955,146.1,23819.4,-0.87,4536.11,-28.81,FAIL
fs_-40c_2.97v,fs,-40,2.97,1,4.7,0.05,1.79955,146.1,23826.5,1.11,2.08694e+06,69.97,FAIL
fs_-40c_2.97v,fs,-40,2.97,1,4.7,0.2,1.79955,146.1,23934.6,7.13,2.572e+06,61.05,FAIL
fs_-40c_2.97v,fs,-40,2.97,1,4.7,0.5,1.79955,146.1,24568.5,19.00,2.65177e+06,53.53,FAIL
fs_-40c_2.97v,fs,-40,2.97,10,0.33,0.001,1.79954,144.3,178640,-6.87,34154,-28.77,FAIL
fs_-40c_2.97v,fs,-40,2.97,10,0.33,0.05,1.79954,144.3,178648,-5.83,36946.1,-27.40,FAIL
fs_-40c_2.97v,fs,-40,2.97,10,0.33,0.2,1.79954,144.3,178854,-2.66,53379.9,-21.01,FAIL
fs_-40c_2.97v,fs,-40,2.97,10,0.33,0.5,1.79954,144.3,180084,3.62,1.6412e+06,34.39,FAIL
fs_-40c_2.97v,fs,-40,2.97,10,1,0.001,1.79954,144.3,102787,-3.93,19744.8,-28.67,FAIL
fs_-40c_2.97v,fs,-40,2.97,10,1,0.05,1.79954,144.3,102810,-2.12,26470.2,-23.57,FAIL
fs_-40c_2.97v,fs,-40,2.97,10,1,0.2,1.79954,144.3,103196,3.40,1.88094e+06,44.50,FAIL
fs_-40c_2.97v,fs,-40,2.97,10,1,0.5,1.79954,144.3,105438,14.24,2.38322e+06,40.17,FAIL
fs_-40c_2.97v,fs,-40,2.97,10,4.7,0.001,1.79954,144.3,47438.1,-1.75,9417.62,-28.09,FAIL
fs_-40c_2.97v,fs,-40,2.97,10,4.7,0.05,1.79954,144.3,47493.5,2.18,2.02613e+06,57.69,FAIL
fs_-40c_2.97v,fs,-40,2.97,10,4.7,0.2,1.79954,144.3,48370.6,14.07,2.51382e+06,48.90,FAIL
fs_-40c_2.97v,fs,-40,2.97,10,4.7,0.5,1.79954,144.3,53541.1,36.24,2.5914e+06,41.39,FAIL
fs_-40c_2.97v,fs,-40,2.97,25,0.33,0.001,1.79954,142.1,216326,-8.25,47464.7,-26.39,FAIL
fs_-40c_2.97v,fs,-40,2.97,25,0.33,0.05,1.79954,142.1,216336,-7.00,51319.8,-25.03,FAIL
fs_-40c_2.97v,fs,-40,2.97,25,0.33,0.2,1.79954,142.1,216684,-3.17,73831.8,-18.71,FAIL
fs_-40c_2.97v,fs,-40,2.97,25,0.33,0.5,1.79954,142.1,218822,4.37,1.61756e+06,30.88,FAIL
fs_-40c_2.97v,fs,-40,2.97,25,1,0.001,1.79954,142.1,124568,-4.74,27403.5,-26.32,FAIL
fs_-40c_2.97v,fs,-40,2.97,25,1,0.05,1.79954,142.1,124605,-2.54,36648.6,-21.27,FAIL
fs_-40c_2.97v,fs,-40,2.97,25,1,0.2,1.79954,142.1,125279,4.13,1.85955e+06,41.03,FAIL
fs_-40c_2.97v,fs,-40,2.97,25,1,0.5,1.79954,142.1,129313,17.11,2.36207e+06,36.76,FAIL
fs_-40c_2.97v,fs,-40,2.97,25,4.7,0.001,1.79954,142.1,57503.2,-2.11,12966.8,-25.88,FAIL
fs_-40c_2.97v,fs,-40,2.97,25,4.7,0.05,1.79954,142.1,57602.5,2.65,2.00615e+06,54.25,FAIL
fs_-40c_2.97v,fs,-40,2.97,25,4.7,0.2,1.79954,142.1,59178.8,16.98,2.49443e+06,45.49,FAIL
fs_-40c_2.97v,fs,-40,2.97,25,4.7,0.5,1.79954,142.1,68537.6,42.66,2.5704e+06,37.99,FAIL
fs_-40c_2.97v,fs,-40,2.97,50,0.33,0.001,1.79954,139.5,245448,-9.22,63222.9,-23.61,FAIL
fs_-40c_2.97v,fs,-40,2.97,50,0.33,0.05,1.79954,139.5,245452,-7.79,68331.7,-22.26,FAIL
fs_-40c_2.97v,fs,-40,2.97,50,0.33,0.2,1.79954,139.5,245936,-3.46,98000.5,-15.99,FAIL
fs_-40c_2.97v,fs,-40,2.97,50,0.33,0.5,1.79954,139.5,249025,5.04,1.60202e+06,28.57,FAIL
fs_-40c_2.97v,fs,-40,2.97,50,1,0.001,1.79954,139.5,141440,-5.30,36487.9,-23.55,FAIL
fs_-40c_2.97v,fs,-40,2.97,50,1,0.05,1.79954,139.5,141489,-2.81,48710,-18.53,FAIL
fs_-40c_2.97v,fs,-40,2.97,50,1,0.2,1.79954,139.5,142470,4.75,1.84478e+06,38.74,FAIL
fs_-40c_2.97v,fs,-40,2.97,50,1,0.5,1.79954,139.5,148330,19.32,2.34711e+06,34.51,FAIL
fs_-40c_2.97v,fs,-40,2.97,50,4.7,0.001,1.79954,139.5,65317.3,-2.36,17201,-23.18,FAIL
fs_-40c_2.97v,fs,-40,2.97,50,4.7,0.05,1.79954,139.5,65458.1,3.04,1.9922e+06,51.97,FAIL
fs_-40c_2.97v,fs,-40,2.97,50,4.7,0.2,1.79954,139.5,67752.8,19.23,2.48088e+06,43.25,FAIL
fs_-40c_2.97v,fs,-40,2.97,50,4.7,0.5,1.79954,139.5,81608.3,47.12,2.5554e+06,35.75,PASS
fs_-40c_3.30v,fs,-40,3.3,0,0.33,0.001,1.79953,133.4,3977.8,-0.07,2792.76,-6.15,FAIL
fs_-40c_3.30v,fs,-40,3.3,0,0.33,0.05,1.79953,133.4,3977.8,-0.05,3042.01,-4.66,FAIL
fs_-40c_3.30v,fs,-40,3.3,0,0.33,0.2,1.79953,133.4,3977.8,0.02,4647.15,2.70,FAIL
fs_-40c_3.30v,fs,-40,3.3,0,0.33,0.5,1.79953,133.4,3977.82,0.16,1.89536e+06,101.66,FAIL
fs_-40c_3.30v,fs,-40,3.3,0,1,0.001,1.79953,133.4,2285.16,0.03,2649.32,2.57,FAIL
fs_-40c_3.30v,fs,-40,3.3,0,1,0.05,1.79953,133.4,2285.16,0.07,3673.44,8.24,FAIL
fs_-40c_3.30v,fs,-40,3.3,0,1,0.2,1.79953,133.4,2285.16,0.19,2.1097e+06,111.17,FAIL
fs_-40c_3.30v,fs,-40,3.3,0,1,0.5,1.79953,133.4,2285.19,0.44,2.58047e+06,105.91,FAIL
fs_-40c_3.30v,fs,-40,3.3,0,4.7,0.001,1.79953,133.3,1054.14,0.20,2635.78,15.92,FAIL
fs_-40c_3.30v,fs,-40,3.3,0,4.7,0.05,1.79953,133.3,1054.14,0.28,2.242e+06,124.06,FAIL
fs_-40c_3.30v,fs,-40,3.3,0,4.7,0.2,1.79953,133.3,1054.15,0.55,2.70056e+06,114.43,FAIL
fs_-40c_3.30v,fs,-40,3.3,0,4.7,0.5,1.79953,133.3,1054.21,1.09,2.77707e+06,106.80,FAIL
fs_-40c_3.30v,fs,-40,3.3,0.1,0.33,0.001,1.79953,144.5,35507.7,-1.19,6409.55,-29.74,FAIL
fs_-40c_3.30v,fs,-40,3.3,0.1,0.33,0.05,1.79953,144.5,35507.8,-0.98,7028.55,-28.14,FAIL
fs_-40c_3.30v,fs,-40,3.3,0.1,0.33,0.2,1.79953,144.5,35509.5,-0.35,11397.9,-19.74,FAIL
fs_-40c_3.30v,fs,-40,3.3,0.1,0.33,0.5,1.79953,144.5,35519.4,0.92,2.16221e+06,65.59,FAIL
fs_-40c_3.30v,fs,-40,3.3,0.1,1,0.001,1.79953,144.5,20398.7,-0.67,4197.28,-27.46,FAIL
fs_-40c_3.30v,fs,-40,3.3,0.1,1,0.05,1.79953,144.5,20398.9,-0.31,6019.1,-21.20,FAIL
fs_-40c_3.30v,fs,-40,3.3,0.1,1,0.2,1.79953,144.5,20402,0.79,2.36356e+06,74.91,FAIL
fs_-40c_3.30v,fs,-40,3.3,0.1,1,0.5,1.79953,144.5,20419.4,2.99,2.82018e+06,69.54,FAIL
fs_-40c_3.30v,fs,-40,3.3,0.1,4.7,0.001,1.79953,144.5,9409.1,-0.28,2958.32,-20.10,FAIL
fs_-40c_3.30v,fs,-40,3.3,0.1,4.7,0.05,1.79953,144.5,9409.54,0.50,2.49022e+06,87.73,FAIL
fs_-40c_3.30v,fs,-40,3.3,0.1,4.7,0.2,1.79953,144.5,9416.27,2.89,2.93972e+06,78.08,FAIL
fs_-40c_3.30v,fs,-40,3.3,0.1,4.7,0.5,1.79953,144.5,9454.05,7.65,3.01617e+06,70.48,FAIL
fs_-40c_3.30v,fs,-40,3.3,1,0.33,0.001,1.79953,145.4,95273,-3.28,15795,-31.23,FAIL
fs_-40c_3.30v,fs,-40,3.3,1,0.33,0.05,1.79953,145.4,95274.6,-2.73,17278.5,-29.67,FAIL
fs_-40c_3.30v,fs,-40,3.3,1,0.33,0.2,1.79953,145.4,95306.5,-1.03,27379.2,-21.67,FAIL
fs_-40c_3.30v,fs,-40,3.3,1,0.33,0.5,1.79953,145.4,95493.1,2.35,2.05622e+06,47.87,FAIL
fs_-40c_3.30v,fs,-40,3.3,1,1,0.001,1.79953,145.4,54751.9,-1.87,9298.73,-30.80,FAIL
fs_-40c_3.30v,fs,-40,3.3,1,1,0.05,1.79953,145.4,54755.5,-0.91,13164.4,-24.76,FAIL
fs_-40c_3.30v,fs,-40,3.3,1,1,0.2,1.79953,145.4,54813.8,2.05,2.26265e+06,57.30,FAIL
fs_-40c_3.30v,fs,-40,3.3,1,1,0.5,1.79953,145.4,55153.8,7.92,2.7242e+06,52.09,FAIL
fs_-40c_3.30v,fs,-40,3.3,1,4.7,0.001,1.79953,145.4,25259.7,-0.82,4840.43,-28.70,FAIL
fs_-40c_3.30v,fs,-40,3.3,1,4.7,0.05,1.79953,145.4,25268.4,1.27,2.3918e+06,70.18,FAIL
fs_-40c_3.30v,fs,-40,3.3,1,4.7,0.2,1.79953,145.4,25402,7.66,2.84536e+06,60.67,FAIL
fs_-40c_3.30v,fs,-40,3.3,1,4.7,0.5,1.79953,145.4,26150.9,20.21,2.92152e+06,53.08,FAIL
fs_-40c_3.30v,fs,-40,3.3,10,0.33,0.001,1.79953,144.6,190237,-6.61,34628.2,-29.62,FAIL
fs_-40c_3.30v,fs,-40,3.3,10,0.33,0.05,1.79953,144.6,190248,-5.50,37817.4,-28.09,FAIL
fs_-40c_3.30v,fs,-40,3.3,10,0.33,0.2,1.79953,144.6,190497,-2.13,59022.5,-20.36,FAIL
fs_-40c_3.30v,fs,-40,3.3,10,0.33,0.5,1.79953,144.6,192036,4.55,1.98549e+06,35.44,FAIL
fs_-40c_3.30v,fs,-40,3.3,10,1,0.001,1.79953,144.6,109446,-3.78,20043.1,-29.50,FAIL
fs_-40c_3.30v,fs,-40,3.3,10,1,0.05,1.79953,144.6,109474,-1.85,28147.6,-23.60,FAIL
fs_-40c_3.30v,fs,-40,3.3,10,1,0.2,1.79953,144.6,109949,4.02,2.19708e+06,44.96,FAIL
fs_-40c_3.30v,fs,-40,3.3,10,1,0.5,1.79953,144.6,112704,15.55,2.65994e+06,39.86,FAIL
fs_-40c_3.30v,fs,-40,3.3,10,4.7,0.001,1.79953,144.6,50518.9,-1.68,9619.42,-28.81,FAIL
fs_-40c_3.30v,fs,-40,3.3,10,4.7,0.05,1.79953,144.6,50588.2,2.51,2.32856e+06,57.87,FAIL
fs_-40c_3.30v,fs,-40,3.3,10,4.7,0.2,1.79953,144.6,51652.1,15.16,2.78427e+06,48.46,FAIL
fs_-40c_3.30v,fs,-40,3.3,10,4.7,0.5,1.79953,144.6,57925.3,38.50,2.85795e+06,40.88,FAIL
fs_-40c_3.30v,fs,-40,3.3,25,0.33,0.001,1.79953,143.2,230755,-7.99,47058.8,-27.66,FAIL
fs_-40c_3.30v,fs,-40,3.3,25,0.33,0.05,1.79953,143.2,230772,-6.64,51357.4,-26.14,FAIL
fs_-40c_3.30v,fs,-40,3.3,25,0.33,0.2,1.79953,143.2,231221,-2.56,79689.4,-18.51,FAIL
fs_-40c_3.30v,fs,-40,3.3,25,0.33,0.5,1.79953,143.2,233919,5.48,1.96056e+06,31.94,FAIL
fs_-40c_3.30v,fs,-40,3.3,25,1,0.001,1.79953,143.2,132853,-4.58,27188,-27.57,FAIL
fs_-40c_3.30v,fs,-40,3.3,25,1,0.05,1.79953,143.2,132902,-2.24,38053.3,-21.73,FAIL
fs_-40c_3.30v,fs,-40,3.3,25,1,0.2,1.79953,143.2,133753,4.88,2.17459e+06,41.48,FAIL
fs_-40c_3.30v,fs,-40,3.3,25,1,0.5,1.79953,143.2,138631,18.68,2.6373e+06,36.43,FAIL
fs_-40c_3.30v,fs,-40,3.3,25,4.7,0.001,1.79953,143.2,61340.3,-2.03,12917,-27.07,FAIL
fs_-40c_3.30v,fs,-40,3.3,25,4.7,0.05,1.79953,143.2,61462.4,3.04,2.30745e+06,54.42,FAIL
fs_-40c_3.30v,fs,-40,3.3,25,4.7,0.2,1.79953,143.2,63353.7,18.30,2.76343e+06,45.03,FAIL
fs_-40c_3.30v,fs,-40,3.3,25,4.7,0.5,1.79953,143.2,74813.7,45.19,2.83551e+06,37.46,PASS
fs_-40c_3.30v,fs,-40,3.3,50,0.33,0.001,1.79953,141.3,262281,-9.00,60969.2,-25.40,FAIL
fs_-40c_3.30v,fs,-40,3.3,50,0.33,0.05,1.79953,141.3,262297,-7.48,66492.4,-23.89,FAIL
fs_-40c_3.30v,fs,-40,3.3,50,0.33,0.2,1.79953,141.3,262910,-2.84,102678,-16.34,FAIL
fs_-40c_3.30v,fs,-40,3.3,50,0.33,0.5,1.79953,141.3,266850,6.22,1.93801e+06,29.58,FAIL
fs_-40c_3.30v,fs,-40,3.3,50,1,0.001,1.79953,141.3,151103,-5.17,35203.4,-25.33,FAIL
fs_-40c_3.30v,fs,-40,3.3,50,1,0.05,1.79953,141.3,151168,-2.51,49143.6,-19.53,FAIL
fs_-40c_3.30v,fs,-40,3.3,50,1,0.2,1.79953,141.3,152408,5.56,2.1537e+06,39.14,FAIL
fs_-40c_3.30v,fs,-40,3.3,50,1,0.5,1.79953,141.3,159620,21.06,2.61626e+06,34.13,FAIL
fs_-40c_3.30v,fs,-40,3.3,50,4.7,0.001,1.79953,141.3,69787.2,-2.29,16645.3,-24.90,FAIL
fs_-40c_3.30v,fs,-40,3.3,50,4.7,0.05,1.79953,141.3,69966.5,3.48,2.28793e+06,52.09,FAIL
fs_-40c_3.30v,fs,-40,3.3,50,4.7,0.2,1.79953,141.3,72766.1,20.72,2.74418e+06,42.74,FAIL
fs_-40c_3.30v,fs,-40,3.3,50,4.7,0.5,1.79953,141.3,89823.6,49.79,2.81458e+06,35.17,PASS
fs_-40c_3.63v,fs,-40,3.63,0,0.33,0.001,1.79949,129.4,4174.93,-0.03,3726.64,-1.98,FAIL
fs_-40c_3.63v,fs,-40,3.63,0,0.33,0.05,1.79949,129.4,4174.93,-0.00,4091.2,-0.36,FAIL
fs_-40c_3.63v,fs,-40,3.63,0,0.33,0.2,1.79949,129.4,4174.93,0.07,6710.04,8.24,FAIL
fs_-40c_3.63v,fs,-40,3.63,0,0.33,0.5,1.79949,129.4,4174.95,0.22,2.16467e+06,102.15,FAIL
fs_-40c_3.63v,fs,-40,3.63,0,1,0.001,1.79949,129.4,2398.25,0.10,3617.82,7.14,FAIL
fs_-40c_3.63v,fs,-40,3.63,0,1,0.05,1.79949,129.4,2398.25,0.15,5220.33,13.51,FAIL
fs_-40c_3.63v,fs,-40,3.63,0,1,0.2,1.79949,129.4,2398.25,0.28,2.36182e+06,111.32,FAIL
fs_-40c_3.63v,fs,-40,3.63,0,1,0.5,1.79949,129.4,2398.28,0.53,2.80874e+06,105.61,FAIL
fs_-40c_3.63v,fs,-40,3.63,0,4.7,0.001,1.79949,129.3,1106.4,0.35,3641.78,20.70,FAIL
fs_-40c_3.63v,fs,-40,3.63,0,4.7,0.05,1.79949,129.3,1106.4,0.45,2.48588e+06,124.06,FAIL
fs_-40c_3.63v,fs,-40,3.63,0,4.7,0.2,1.79949,129.3,1106.41,0.73,2.92501e+06,114.04,FAIL
fs_-40c_3.63v,fs,-40,3.63,0,4.7,0.5,1.79949,129.3,1106.47,1.29,2.99947e+06,106.37,FAIL
fs_-40c_3.63v,fs,-40,3.63,0.1,0.33,0.001,1.79949,141.1,37311.5,-1.14,6963.54,-29.16,FAIL
fs_-40c_3.63v,fs,-40,3.63,0.1,0.33,0.05,1.79949,141.1,37311.6,-0.92,7710.26,-27.39,FAIL
fs_-40c_3.63v,fs,-40,3.63,0.1,0.33,0.2,1.79949,141.1,37313.6,-0.26,13865.6,-17.19,FAIL
fs_-40c_3.63v,fs,-40,3.63,0.1,0.33,0.5,1.79949,141.1,37325.1,1.07,2.47453e+06,66.05,FAIL
fs_-40c_3.63v,fs,-40,3.63,0.1,1,0.001,1.79949,141.1,21435,-0.64,4837.35,-25.86,FAIL
fs_-40c_3.63v,fs,-40,3.63,0.1,1,0.05,1.79949,141.1,21435.2,-0.26,7311.35,-18.68,FAIL
fs_-40c_3.63v,fs,-40,3.63,0.1,1,0.2,1.79949,141.1,21438.8,0.90,2.65789e+06,75.08,FAIL
fs_-40c_3.63v,fs,-40,3.63,0.1,1,0.5,1.79949,141.1,21459,3.21,3.08571e+06,69.26,FAIL
fs_-40c_3.63v,fs,-40,3.63,0.1,4.7,0.001,1.79949,141.1,9886.79,-0.25,3758.21,-16.80,FAIL
fs_-40c_3.63v,fs,-40,3.63,0.1,4.7,0.05,1.79949,141.1,9887.3,0.57,2.77505e+06,87.75,FAIL
fs_-40c_3.63v,fs,-40,3.63,0.1,4.7,0.2,1.79949,141.1,9895.08,3.07,3.19991e+06,77.72,FAIL
fs_-40c_3.63v,fs,-40,3.63,0.1,4.7,0.5,1.79949,141.1,9938.76,8.08,3.27335e+06,70.07,FAIL
fs_-40c_3.63v,fs,-40,3.63,1,0.33,0.001,1.79949,142.4,100270,-3.16,16432.3,-31.43,FAIL
fs_-40c_3.63v,fs,-40,3.63,1,0.33,0.05,1.79949,142.4,100272,-2.58,18139.5,-29.71,FAIL
fs_-40c_3.63v,fs,-40,3.63,1,0.33,0.2,1.79949,142.4,100311,-0.79,31574.4,-20.08,FAIL
fs_-40c_3.63v,fs,-40,3.63,1,0.33,0.5,1.79949,142.4,100539,2.77,2.35953e+06,48.37,FAIL
fs_-40c_3.63v,fs,-40,3.63,1,1,0.001,1.79949,142.4,57619.2,-1.80,9797.04,-30.79,FAIL
fs_-40c_3.63v,fs,-40,3.63,1,1,0.05,1.79949,142.4,57623.6,-0.78,14575,-23.88,FAIL
fs_-40c_3.63v,fs,-40,3.63,1,1,0.2,1.79949,142.4,57694.6,2.32,2.54713e+06,57.48,FAIL
fs_-40c_3.63v,fs,-40,3.63,1,1,0.5,1.79949,142.4,58097.2,8.51,2.9793e+06,51.79,FAIL
fs_-40c_3.63v,fs,-40,3.63,1,4.7,0.001,1.79949,142.4,26585.6,-0.79,5374.09,-27.78,FAIL
fs_-40c_3.63v,fs,-40,3.63,1,4.7,0.05,1.79949,142.4,26595.8,1.42,2.66643e+06,70.19,FAIL
fs_-40c_3.63v,fs,-40,3.63,1,4.7,0.2,1.79949,142.4,26750.8,8.14,3.09515e+06,60.28,FAIL
fs_-40c_3.63v,fs,-40,3.63,1,4.7,0.5,1.79949,142.4,27622.7,21.32,3.16813e+06,52.65,FAIL
fs_-40c_3.63v,fs,-40,3.63,10,0.33,0.001,1.79949,142.8,200962,-6.40,35325.7,-30.23,FAIL
fs_-40c_3.63v,fs,-40,3.63,10,0.33,0.05,1.79949,142.8,200976,-5.24,38925,-28.54,FAIL
fs_-40c_3.63v,fs,-40,3.63,10,0.33,0.2,1.79949,142.8,201285,-1.67,66314.2,-19.28,FAIL
fs_-40c_3.63v,fs,-40,3.63,10,0.33,0.5,1.79949,142.8,203094,5.38,2.28308e+06,35.92,FAIL
fs_-40c_3.63v,fs,-40,3.63,10,1,0.001,1.79949,142.8,115606,-3.66,20492.4,-30.07,FAIL
fs_-40c_3.63v,fs,-40,3.63,10,1,0.05,1.79949,142.8,115640,-1.62,30164.8,-23.35,FAIL
fs_-40c_3.63v,fs,-40,3.63,10,1,0.2,1.79949,142.8,116208,4.58,2.47536e+06,45.09,FAIL
fs_-40c_3.63v,fs,-40,3.63,10,1,0.5,1.79949,142.8,119427,16.72,2.9085e+06,39.50,FAIL
fs_-40c_3.63v,fs,-40,3.63,10,4.7,0.001,1.79949,142.8,53360.2,-1.62,9953.63,-29.17,FAIL
fs_-40c_3.63v,fs,-40,3.63,10,4.7,0.05,1.79949,142.8,53441.5,2.80,2.59725e+06,57.84,FAIL
fs_-40c_3.63v,fs,-40,3.63,10,4.7,0.2,1.79949,142.8,54684.4,16.15,3.02766e+06,48.01,FAIL
fs_-40c_3.63v,fs,-40,3.63,10,4.7,0.5,1.79949,142.8,62136.2,40.52,3.09811e+06,40.38,FAIL
fs_-40c_3.63v,fs,-40,3.63,25,0.33,0.001,1.79949,142.3,244023,-7.76,47245.8,-28.56,FAIL
fs_-40c_3.63v,fs,-40,3.63,25,0.33,0.05,1.79949,142.3,244046,-6.34,52021.8,-26.88,FAIL
fs_-40c_3.63v,fs,-40,3.63,25,0.33,0.2,1.79949,142.3,244583,-2.02,88025.1,-17.75,FAIL
fs_-40c_3.63v,fs,-40,3.63,25,0.33,0.5,1.79949,142.3,247763,6.47,2.25809e+06,32.43,FAIL
fs_-40c_3.63v,fs,-40,3.63,25,1,0.001,1.79949,142.3,140473,-4.44,27326,-28.45,FAIL
fs_-40c_3.63v,fs,-40,3.63,25,1,0.05,1.79949,142.3,140532,-1.97,40094,-21.79,FAIL
fs_-40c_3.63v,fs,-40,3.63,25,1,0.2,1.79949,142.3,141534,5.55,2.45279e+06,41.62,FAIL
fs_-40c_3.63v,fs,-40,3.63,25,1,0.5,1.79949,142.3,147353,20.09,2.88553e+06,36.06,FAIL
fs_-40c_3.63v,fs,-40,3.63,25,4.7,0.001,1.79949,142.3,64848.9,-1.97,13066.4,-27.83,FAIL
fs_-40c_3.63v,fs,-40,3.63,25,4.7,0.05,1.79949,142.3,64992.6,3.40,2.57588e+06,54.38,FAIL
fs_-40c_3.63v,fs,-40,3.63,25,4.7,0.2,1.79949,142.3,67249.4,19.50,3.00656e+06,44.58,FAIL
fs_-40c_3.63v,fs,-40,3.63,25,4.7,0.5,1.79949,142.3,80867.6,47.41,3.07529e+06,36.95,PASS
fs_-40c_3.63v,fs,-40,3.63,50,0.33,0.001,1.79949,141.4,277689,-8.77,60138,-26.62,FAIL
fs_-40c_3.63v,fs,-40,3.63,50,0.33,0.05,1.79949,141.4,277717,-7.16,66182.9,-24.96,FAIL
fs_-40c_3.63v,fs,-40,3.63,50,0.33,0.2,1.79949,141.4,278495,-2.26,111354,-15.92,FAIL
fs_-40c_3.63v,fs,-40,3.63,50,0.33,0.5,1.79949,141.4,283175,7.33,2.2379e+06,30.08,FAIL
fs_-40c_3.63v,fs,-40,3.63,50,1,0.001,1.79949,141.4,159956,-5.03,34744.9,-26.54,FAIL
fs_-40c_3.63v,fs,-40,3.63,50,1,0.05,1.79949,141.4,160041,-2.22,50842.7,-19.93,FAIL
fs_-40c_3.63v,fs,-40,3.63,50,1,0.2,1.79949,141.4,161520,6.32,2.43446e+06,39.29,FAIL
fs_-40c_3.63v,fs,-40,3.63,50,1,0.5,1.79949,141.4,170138,22.66,2.86652e+06,33.76,FAIL
fs_-40c_3.63v,fs,-40,3.63,50,4.7,0.001,1.79949,141.4,73868.1,-2.23,16500.2,-26.04,FAIL
fs_-40c_3.63v,fs,-40,3.63,50,4.7,0.05,1.79949,141.4,74080.6,3.88,2.55855e+06,52.06,FAIL
fs_-40c_3.63v,fs,-40,3.63,50,4.7,0.2,1.79949,141.4,77425.3,22.09,2.98933e+06,42.27,FAIL
fs_-40c_3.63v,fs,-40,3.63,50,4.7,0.5,1.79949,141.4,97761.2,52.09,3.05637e+06,34.65,PASS
fs_27c_2.97v,fs,27,2.97,0,0.33,0.001,1.79947,131.6,3020.37,-0.06,2225.25,-5.31,FAIL
fs_27c_2.97v,fs,27,2.97,0,0.33,0.05,1.79947,131.6,3020.37,-0.05,2377.88,-4.16,FAIL
fs_27c_2.97v,fs,27,2.97,0,0.33,0.2,1.79947,131.6,3020.37,0.01,3162.67,0.80,FAIL
fs_27c_2.97v,fs,27,2.97,0,0.33,0.5,1.79947,131.6,3020.38,0.11,1.14142e+06,100.41,FAIL
fs_27c_2.97v,fs,27,2.97,0,1,0.001,1.79947,131.5,1735.13,0.04,2091.51,3.25,FAIL
fs_27c_2.97v,fs,27,2.97,0,1,0.05,1.79947,131.5,1735.13,0.07,2654.24,7.38,FAIL
fs_27c_2.97v,fs,27,2.97,0,1,0.2,1.79947,131.5,1735.13,0.16,1.44052e+06,112.04,FAIL
fs_27c_2.97v,fs,27,2.97,0,1,0.5,1.79947,131.5,1735.14,0.35,2.0077e+06,108.91,FAIL
fs_27c_2.97v,fs,27,2.97,0,4.7,0.001,1.79947,131.4,800.442,0.21,2065.17,16.46,FAIL
fs_27c_2.97v,fs,27,2.97,0,4.7,0.05,1.79947,131.4,800.443,0.27,1.60884e+06,125.76,FAIL
fs_27c_2.97v,fs,27,2.97,0,4.7,0.2,1.79947,131.4,800.447,0.47,2.14174e+06,117.72,FAIL
fs_27c_2.97v,fs,27,2.97,0,4.7,0.5,1.79947,131.4,800.471,0.88,2.22564e+06,110.25,FAIL
fs_27c_2.97v,fs,27,2.97,0.1,0.33,0.001,1.79947,144.7,28820.9,-1.22,5216.88,-29.69,FAIL
fs_27c_2.97v,fs,27,2.97,0.1,0.33,0.05,1.79947,144.7,28820.9,-1.05,5604.55,-28.45,FAIL
fs_27c_2.97v,fs,27,2.97,0.1,0.33,0.2,1.79947,144.7,28821.8,-0.54,7704.78,-22.92,FAIL
fs_27c_2.97v,fs,27,2.97,0.1,0.33,0.5,1.79947,144.7,28826.9,0.49,1.41513e+06,64.44,FAIL
fs_27c_2.97v,fs,27,2.97,0.1,1,0.001,1.79947,144.7,16557.8,-0.69,3379.92,-27.61,FAIL
fs_27c_2.97v,fs,27,2.97,0.1,1,0.05,1.79947,144.7,16557.9,-0.40,4385.62,-23.08,FAIL
fs_27c_2.97v,fs,27,2.97,0.1,1,0.2,1.79947,144.7,16559.5,0.50,1.69223e+06,75.29,FAIL
fs_27c_2.97v,fs,27,2.97,0.1,1,0.5,1.79947,144.7,16568.6,2.28,2.25118e+06,71.76,FAIL
fs_27c_2.97v,fs,27,2.97,0.1,4.7,0.001,1.79947,144.7,7638.34,-0.29,2324.7,-20.67,FAIL
fs_27c_2.97v,fs,27,2.97,0.1,4.7,0.05,1.79947,144.7,7638.58,0.34,1.85448e+06,88.78,FAIL
fs_27c_2.97v,fs,27,2.97,0.1,4.7,0.2,1.79947,144.7,7642.27,2.28,2.38809e+06,80.59,FAIL
fs_27c_2.97v,fs,27,2.97,0.1,4.7,0.5,1.79947,144.7,7662.97,6.15,2.4746e+06,73.14,FAIL
fs_27c_2.97v,fs,27,2.97,1,0.33,0.001,1.79947,145.4,78885.4,-3.46,13168.9,-31.10,FAIL
fs_27c_2.97v,fs,27,2.97,1,0.33,0.05,1.79947,145.4,78886.2,-3.00,14112.5,-29.91,FAIL
fs_27c_2.97v,fs,27,2.97,1,0.33,0.2,1.79947,145.4,78904,-1.60,19071.8,-24.67,FAIL
fs_27c_2.97v,fs,27,2.97,1,0.33,0.5,1.79947,145.4,79009.7,1.20,1.28145e+06,45.61,FAIL
fs_27c_2.97v,fs,27,2.97,1,1,0.001,1.79947,145.4,45335.5,-1.98,7726.61,-30.74,FAIL
fs_27c_2.97v,fs,27,2.97,1,1,0.05,1.79947,145.4,45337.5,-1.18,9912.88,-26.41,FAIL
fs_27c_2.97v,fs,27,2.97,1,1,0.2,1.79947,145.4,45370.5,1.27,1.57083e+06,56.90,FAIL
fs_27c_2.97v,fs,27,2.97,1,1,0.5,1.79947,145.4,45558.9,6.14,2.13951e+06,53.78,FAIL
fs_27c_2.97v,fs,27,2.97,1,4.7,0.001,1.79947,145.4,20912.2,-0.88,3957.84,-28.92,FAIL
fs_27c_2.97v,fs,27,2.97,1,4.7,0.05,1.79947,145.4,20917.2,0.85,1.73778e+06,70.55,FAIL
fs_27c_2.97v,fs,27,2.97,1,4.7,0.2,1.79947,145.4,20993.2,6.15,2.27798e+06,62.68,FAIL
fs_27c_2.97v,fs,27,2.97,1,4.7,0.5,1.79947,145.4,21420.5,16.61,2.36435e+06,55.27,FAIL
fs_27c_2.97v,fs,27,2.97,10,0.33,0.001,1.79947,143.8,161647,-7.20,30461.3,-29.02,FAIL
fs_27c_2.97v,fs,27,2.97,10,0.33,0.05,1.79947,143.8,161652,-6.26,32579.5,-27.85,FAIL
fs_27c_2.97v,fs,27,2.97,10,0.33,0.2,1.79947,143.8,161803,-3.39,43528.6,-22.82,FAIL
fs_27c_2.97v,fs,27,2.97,10,0.33,0.5,1.79947,143.8,162718,2.30,1.18999e+06,32.12,FAIL
fs_27c_2.97v,fs,27,2.97,10,1,0.001,1.79947,143.8,93021.6,-4.12,17605.6,-28.93,FAIL
fs_27c_2.97v,fs,27,2.97,10,1,0.05,1.79947,143.8,93038,-2.49,22415.9,-24.73,FAIL
fs_27c_2.97v,fs,27,2.97,10,1,0.2,1.79947,143.8,93325.7,2.51,1.4894e+06,43.75,FAIL
fs_27c_2.97v,fs,27,2.97,10,1,0.5,1.79947,143.8,94973.1,12.35,2.06414e+06,40.96,FAIL
fs_27c_2.97v,fs,27,2.97,10,4.7,0.001,1.79947,143.8,42936.4,-1.85,8379.69,-28.38,FAIL
fs_27c_2.97v,fs,27,2.97,10,4.7,0.05,1.79947,143.8,42977.7,1.71,1.66054e+06,57.54,FAIL
fs_27c_2.97v,fs,27,2.97,10,4.7,0.2,1.79947,143.8,43614.9,12.49,2.20526e+06,49.90,FAIL
fs_27c_2.97v,fs,27,2.97,10,4.7,0.5,1.79947,143.8,47416.2,32.86,2.28969e+06,42.51,FAIL
fs_27c_2.97v,fs,27,2.97,25,0.33,0.001,1.79947,141.5,196255,-8.68,42865.6,-26.47,FAIL
fs_27c_2.97v,fs,27,2.97,25,0.33,0.05,1.79947,141.5,196260,-7.54,45806.1,-25.32,FAIL
fs_27c_2.97v,fs,27,2.97,25,0.33,0.2,1.79947,141.5,196516,-4.07,61002.9,-20.34,FAIL
fs_27c_2.97v,fs,27,2.97,25,0.33,0.5,1.79947,141.5,198108,2.79,1.16321e+06,28.43,FAIL
fs_27c_2.97v,fs,27,2.97,25,1,0.001,1.79947,141.5,113035,-4.99,24738.3,-26.41,FAIL
fs_27c_2.97v,fs,27,2.97,25,1,0.05,1.79947,141.5,113062,-2.99,31417.8,-22.25,FAIL
fs_27c_2.97v,fs,27,2.97,25,1,0.2,1.79947,141.5,113565,3.06,1.46532e+06,40.16,FAIL
fs_27c_2.97v,fs,27,2.97,25,1,0.5,1.79947,141.5,116550,14.90,2.04132e+06,37.47,FAIL
fs_27c_2.97v,fs,27,2.97,25,4.7,0.001,1.79947,141.5,52186.3,-2.23,11675.1,-26.02,FAIL
fs_27c_2.97v,fs,27,2.97,25,4.7,0.05,1.79947,141.5,52258.5,2.09,1.63769e+06,53.99,FAIL
fs_27c_2.97v,fs,27,2.97,25,4.7,0.2,1.79947,141.5,53430.5,15.13,2.18374e+06,46.43,FAIL
fs_27c_2.97v,fs,27,2.97,25,4.7,0.5,1.79947,141.5,60338.5,38.97,2.26714e+06,39.05,FAIL
fs_27c_2.97v,fs,27,2.97,50,0.33,0.001,1.79947,138.7,222467,-9.67,57867.5,-23.44,FAIL
fs_27c_2.97v,fs,27,2.97,50,0.33,0.05,1.79947,138.7,222465,-8.38,61834.5,-22.29,FAIL
fs_27c_2.97v,fs,27,2.97,50,0.33,0.2,1.79947,138.7,222813,-4.45,82135.6,-17.36,FAIL
fs_27c_2.97v,fs,27,2.97,50,0.33,0.5,1.79947,138.7,225098,3.27,1.14874e+06,26.08,FAIL
fs_27c_2.97v,fs,27,2.97,50,1,0.001,1.79947,138.7,128234,-5.56,33381.8,-23.40,FAIL
fs_27c_2.97v,fs,27,2.97,50,1,0.05,1.79947,138.7,128269,-3.31,42337.1,-19.27,FAIL
fs_27c_2.97v,fs,27,2.97,50,1,0.2,1.79947,138.7,128995,3.55,1.45064e+06,37.85,FAIL
fs_27c_2.97v,fs,27,2.97,50,1,0.5,1.79947,138.7,133312,16.84,2.02692e+06,35.22,FAIL
fs_27c_2.97v,fs,27,2.97,50,4.7,0.001,1.79947,138.7,59229.1,-2.49,15695.5,-23.07,FAIL
fs_27c_2.97v,fs,27,2.97,50,4.7,0.05,1.79947,138.7,59333.5,2.41,1.62352e+06,51.69,FAIL
fs_27c_2.97v,fs,27,2.97,50,4.7,0.2,1.79947,138.7,61028.4,17.13,2.17043e+06,44.19,FAIL
fs_27c_2.97v,fs,27,2.97,50,4.7,0.5,1.79947,138.7,71246.6,43.25,2.25271e+06,36.81,FAIL
fs_27c_3.30v,fs,27,3.3,0,0.33,0.001,1.79945,128.8,3188.18,-0.03,2797.58,-2.27,FAIL
fs_27c_3.30v,fs,27,3.3,0,0.33,0.05,1.79945,128.8,3188.18,-0.01,3009.51,-1.00,FAIL
fs_27c_3.30v,fs,27,3.3,0,0.33,0.2,1.79945,128.8,3188.18,0.04,4183.49,4.72,FAIL
fs_27c_3.30v,fs,27,3.3,0,0.33,0.5,1.79945,128.8,3188.19,0.16,1.44928e+06,102.51,FAIL
fs_27c_3.30v,fs,27,3.3,0,1,0.001,1.79945,128.8,1831.42,0.09,2686.86,6.66,FAIL
fs_27c_3.30v,fs,27,3.3,0,1,0.05,1.79945,128.8,1831.42,0.12,3512.54,11.31,FAIL
fs_27c_3.30v,fs,27,3.3,0,1,0.2,1.79945,128.8,1831.42,0.22,1.70939e+06,112.98,FAIL
fs_27c_3.30v,fs,27,3.3,0,1,0.5,1.79945,128.8,1831.44,0.42,2.23853e+06,108.79,FAIL
fs_27c_3.30v,fs,27,3.3,0,4.7,0.001,1.79945,128.6,844.86,0.32,2681.73,20.06,FAIL
fs_27c_3.30v,fs,27,3.3,0,4.7,0.05,1.79945,128.6,844.86,0.39,1.86275e+06,126.27,FAIL
fs_27c_3.30v,fs,27,3.3,0,4.7,0.2,1.79945,128.6,844.865,0.60,2.36779e+06,117.46,FAIL
fs_27c_3.30v,fs,27,3.3,0,4.7,0.5,1.79945,128.6,844.893,1.03,2.44933e+06,109.92,FAIL
fs_27c_3.30v,fs,27,3.3,0.1,0.33,0.001,1.79945,142.9,30481.2,-1.16,5563.75,-29.55,FAIL
fs_27c_3.30v,fs,27,3.3,0.1,0.33,0.05,1.79945,142.9,30481.2,-0.98,6025.29,-28.16,FAIL
fs_27c_3.30v,fs,27,3.3,0.1,0.33,0.2,1.79945,142.9,30482.3,-0.44,8794.36,-21.59,FAIL
fs_27c_3.30v,fs,27,3.3,0.1,0.33,0.5,1.79945,142.9,30488.6,0.65,1.78076e+06,66.31,FAIL
fs_27c_3.30v,fs,27,3.3,0.1,1,0.001,1.79945,142.9,17510.6,-0.66,3743.22,-26.80,FAIL
fs_27c_3.30v,fs,27,3.3,0.1,1,0.05,1.79945,142.9,17510.7,-0.35,5048.2,-21.61,FAIL
fs_27c_3.30v,fs,27,3.3,0.1,1,0.2,1.79945,142.9,17512.7,0.60,2.02095e+06,76.26,FAIL
fs_27c_3.30v,fs,27,3.3,0.1,1,0.5,1.79945,142.9,17523.9,2.49,2.53538e+06,71.72,FAIL
fs_27c_3.30v,fs,27,3.3,0.1,4.7,0.001,1.79945,142.9,8077.99,-0.27,2761.09,-18.65,FAIL
fs_27c_3.30v,fs,27,3.3,0.1,4.7,0.05,1.79945,142.9,8078.27,0.40,2.16692e+06,89.37,FAIL
fs_27c_3.30v,fs,27,3.3,0.1,4.7,0.2,1.79945,142.9,8082.59,2.45,2.6656e+06,80.40,FAIL
fs_27c_3.30v,fs,27,3.3,0.1,4.7,0.5,1.79945,142.9,8106.84,6.54,2.74827e+06,72.88,FAIL
fs_27c_3.30v,fs,27,3.3,1,0.33,0.001,1.79945,144.3,83541.1,-3.31,13644.8,-31.49,FAIL
fs_27c_3.30v,fs,27,3.3,1,0.33,0.05,1.79945,144.3,83542.2,-2.83,14738,-30.15,FAIL
fs_27c_3.30v,fs,27,3.3,1,0.33,0.2,1.79945,144.3,83564.4,-1.34,21047.4,-23.96,FAIL
fs_27c_3.30v,fs,27,3.3,1,0.33,0.5,1.79945,144.3,83694.9,1.63,1.6386e+06,47.75,FAIL
fs_27c_3.30v,fs,27,3.3,1,1,0.001,1.79945,144.3,48007.7,-1.89,8058.7,-31.01,FAIL
fs_27c_3.30v,fs,27,3.3,1,1,0.05,1.79945,144.3,48010.1,-1.04,10723.8,-26.04,FAIL
fs_27c_3.30v,fs,27,3.3,1,1,0.2,1.79945,144.3,48050.9,1.55,1.88777e+06,57.96,FAIL
fs_27c_3.30v,fs,27,3.3,1,1,0.5,1.79945,144.3,48283,6.71,2.41075e+06,53.74,FAIL
fs_27c_3.30v,fs,27,3.3,1,4.7,0.001,1.79945,144.3,22150.7,-0.84,4252.84,-28.67,FAIL
fs_27c_3.30v,fs,27,3.3,1,4.7,0.05,1.79945,144.3,22156.6,1.00,2.0375e+06,71.19,FAIL
fs_27c_3.30v,fs,27,3.3,1,4.7,0.2,1.79945,144.3,22246,6.61,2.54266e+06,62.48,FAIL
fs_27c_3.30v,fs,27,3.3,1,4.7,0.5,1.79945,144.3,22747.6,17.67,2.62521e+06,54.98,FAIL
fs_27c_3.30v,fs,27,3.3,10,0.33,0.001,1.79945,143.9,171954,-6.93,30805.2,-29.90,FAIL
fs_27c_3.30v,fs,27,3.3,10,0.33,0.05,1.79945,143.9,171961,-5.93,33199.1,-28.60,FAIL
fs_27c_3.30v,fs,27,3.3,10,0.33,0.2,1.79945,143.9,172145,-2.88,46764.2,-22.65,FAIL
fs_27c_3.30v,fs,27,3.3,10,0.33,0.5,1.79945,143.9,173236,3.17,1.54436e+06,34.44,FAIL
fs_27c_3.30v,fs,27,3.3,10,1,0.001,1.79945,143.9,98941.2,-3.97,17824.4,-29.79,FAIL
fs_27c_3.30v,fs,27,3.3,10,1,0.05,1.79945,143.9,98961.4,-2.22,23507.5,-24.98,FAIL
fs_27c_3.30v,fs,27,3.3,10,1,0.2,1.79945,143.9,99304.5,3.09,1.80146e+06,44.85,FAIL
fs_27c_3.30v,fs,27,3.3,10,1,0.5,1.79945,143.9,101322,13.54,2.32924e+06,40.87,FAIL
fs_27c_3.30v,fs,27,3.3,10,4.7,0.001,1.79945,143.9,45659.8,-1.77,8540.39,-29.13,FAIL
fs_27c_3.30v,fs,27,3.3,10,4.7,0.05,1.79945,143.9,45709,2.01,1.95477e+06,58.17,FAIL
fs_27c_3.30v,fs,27,3.3,10,4.7,0.2,1.79945,143.9,46501.4,13.47,2.46397e+06,49.64,FAIL
fs_27c_3.30v,fs,27,3.3,10,4.7,0.5,1.79945,143.9,51096.6,34.94,2.5448e+06,42.16,FAIL
fs_27c_3.30v,fs,27,3.3,25,0.33,0.001,1.79945,142.6,209120,-8.40,42340.5,-27.79,FAIL
fs_27c_3.30v,fs,27,3.3,25,0.33,0.05,1.79945,142.6,209131,-7.18,45604,-26.50,FAIL
fs_27c_3.30v,fs,27,3.3,25,0.33,0.2,1.79945,142.6,209462,-3.48,63964.1,-20.62,FAIL
fs_27c_3.30v,fs,27,3.3,25,0.33,0.5,1.79945,142.6,211470,3.82,1.5174e+06,30.81,FAIL
fs_27c_3.30v,fs,27,3.3,25,1,0.001,1.79945,142.6,120425,-4.82,24452,-27.71,FAIL
fs_27c_3.30v,fs,27,3.3,25,1,0.05,1.79945,142.6,120461,-2.70,32162.5,-22.95,FAIL
fs_27c_3.30v,fs,27,3.3,25,1,0.2,1.79945,142.6,121095,3.76,1.77658e+06,41.27,FAIL
fs_27c_3.30v,fs,27,3.3,25,1,0.5,1.79945,142.6,124728,16.34,2.30525e+06,37.36,FAIL
fs_27c_3.30v,fs,27,3.3,25,4.7,0.001,1.79945,142.6,55610.5,-2.15,11585.1,-27.25,FAIL
fs_27c_3.30v,fs,27,3.3,25,4.7,0.05,1.79945,142.6,55701.5,2.45,1.93133e+06,54.62,FAIL
fs_27c_3.30v,fs,27,3.3,25,4.7,0.2,1.79945,142.6,57109.9,16.33,2.4415e+06,46.15,FAIL
fs_27c_3.30v,fs,27,3.3,25,4.7,0.5,1.79945,142.6,65550.7,41.38,2.52094e+06,38.68,FAIL
fs_27c_3.30v,fs,27,3.3,50,0.33,0.001,1.79945,140.6,237620,-9.45,55487,-25.32,FAIL
fs_27c_3.30v,fs,27,3.3,50,0.33,0.05,1.79945,140.6,237628,-8.07,59742,-24.04,FAIL
fs_27c_3.30v,fs,27,3.3,50,0.33,0.2,1.79945,140.6,238075,-3.87,83467.9,-18.22,FAIL
fs_27c_3.30v,fs,27,3.3,50,0.33,0.5,1.79945,140.6,240913,4.37,1.49471e+06,28.39,FAIL
fs_27c_3.30v,fs,27,3.3,50,1,0.001,1.79945,140.6,136937,-5.43,32022.2,-25.26,FAIL
fs_27c_3.30v,fs,27,3.3,50,1,0.05,1.79945,140.6,136984,-3.02,42021.9,-20.54,FAIL
fs_27c_3.30v,fs,27,3.3,50,1,0.2,1.79945,140.6,137869,4.30,1.75584e+06,38.91,FAIL
fs_27c_3.30v,fs,27,3.3,50,1,0.5,1.79945,140.6,143214,18.44,2.28489e+06,35.06,FAIL
fs_27c_3.30v,fs,27,3.3,50,4.7,0.001,1.79945,140.6,63237.4,-2.43,15098.5,-24.89,FAIL
fs_27c_3.30v,fs,27,3.3,50,4.7,0.05,1.79945,140.6,63370.5,2.81,1.9117e+06,52.28,FAIL
fs_27c_3.30v,fs,27,3.3,50,4.7,0.2,1.79945,140.6,65454.8,18.50,2.42254e+06,43.85,FAIL
fs_27c_3.30v,fs,27,3.3,50,4.7,0.5,1.79945,140.6,78016.5,45.83,2.50069e+06,36.39,PASS
fs_27c_3.63v,fs,27,3.63,0,0.33,0.001,1.79941,124.2,3340.6,0.05,3881.46,2.61,FAIL
fs_27c_3.63v,fs,27,3.63,0,0.33,0.05,1.79941,124.2,3340.6,0.07,4203.32,3.99,FAIL
fs_27c_3.63v,fs,27,3.63,0,0.33,0.2,1.79941,124.2,3340.6,0.12,6128.6,10.54,FAIL
fs_27c_3.63v,fs,27,3.63,0,0.33,0.5,1.79941,124.2,3340.61,0.24,1.72152e+06,103.69,FAIL
fs_27c_3.63v,fs,27,3.63,0,1,0.001,1.79941,124.1,1918.97,0.22,3801.19,11.88,FAIL
fs_27c_3.63v,fs,27,3.63,0,1,0.05,1.79941,124.1,1918.97,0.25,5125.09,17.06,FAIL
fs_27c_3.63v,fs,27,3.63,0,1,0.2,1.79941,124.1,1918.98,0.36,1.95563e+06,113.51,FAIL
fs_27c_3.63v,fs,27,3.63,0,1,0.5,1.79941,124.1,1918.99,0.56,2.45468e+06,108.61,FAIL
fs_27c_3.63v,fs,27,3.63,0,4.7,0.001,1.79941,124,885.229,0.59,3831.37,25.45,FAIL
fs_27c_3.63v,fs,27,3.63,0,4.7,0.05,1.79941,124,885.23,0.67,2.09784e+06,126.54,FAIL
fs_27c_3.63v,fs,27,3.63,0,4.7,0.2,1.79941,124,885.235,0.89,2.5798e+06,117.18,FAIL
fs_27c_3.63v,fs,27,3.63,0,4.7,0.5,1.79941,124,885.267,1.34,2.65919e+06,109.58,FAIL
fs_27c_3.63v,fs,27,3.63,0.1,0.33,0.001,1.79941,138.8,31998.2,-1.11,6180.41,-28.57,FAIL
fs_27c_3.63v,fs,27,3.63,0.1,0.33,0.05,1.79941,138.8,31998.2,-0.92,6749.98,-27.03,FAIL
fs_27c_3.63v,fs,27,3.63,0.1,0.33,0.2,1.79941,138.8,31999.5,-0.35,10543.2,-19.29,FAIL
fs_27c_3.63v,fs,27,3.63,0.1,0.33,0.5,1.79941,138.8,32006.8,0.79,2.10759e+06,67.35,FAIL
fs_27c_3.63v,fs,27,3.63,0.1,1,0.001,1.79941,138.8,18382.1,-0.62,4483.27,-24.51,FAIL
fs_27c_3.63v,fs,27,3.63,0.1,1,0.05,1.79941,138.8,18382.2,-0.29,6295.88,-18.61,FAIL
fs_27c_3.63v,fs,27,3.63,0.1,1,0.2,1.79941,138.8,18384.5,0.70,2.32185e+06,76.79,FAIL
fs_27c_3.63v,fs,27,3.63,0.1,1,0.5,1.79941,138.8,18397.4,2.68,2.80075e+06,71.60,FAIL
fs_27c_3.63v,fs,27,3.63,0.1,4.7,0.001,1.79941,138.8,8479.82,-0.24,3671.9,-14.54,FAIL
fs_27c_3.63v,fs,27,3.63,0.1,4.7,0.05,1.79941,138.8,8480.15,0.47,2.45537e+06,89.68,FAIL
fs_27c_3.63v,fs,27,3.63,0.1,4.7,0.2,1.79941,138.8,8485.13,2.62,2.925e+06,80.17,FAIL
fs_27c_3.63v,fs,27,3.63,0.1,4.7,0.5,1.79941,138.8,8513.12,6.91,3.00438e+06,72.59,FAIL
fs_27c_3.63v,fs,27,3.63,1,0.33,0.001,1.79941,140.7,87812.6,-3.19,14216.5,-31.64,FAIL
fs_27c_3.63v,fs,27,3.63,1,0.33,0.05,1.79941,140.7,87813.8,-2.67,15476.2,-30.16,FAIL
fs_27c_3.63v,fs,27,3.63,1,0.33,0.2,1.79941,140.7,87839.8,-1.11,23502.8,-22.91,FAIL
fs_27c_3.63v,fs,27,3.63,1,0.33,0.5,1.79941,140.7,87991.3,2.01,1.95272e+06,48.91,FAIL
fs_27c_3.63v,fs,27,3.63,1,1,0.001,1.79941,140.7,50461.5,-1.81,8546.83,-30.85,FAIL
fs_27c_3.63v,fs,27,3.63,1,1,0.05,1.79941,140.7,50464.4,-0.93,11810.1,-25.23,FAIL
fs_27c_3.63v,fs,27,3.63,1,1,0.2,1.79941,140.7,50511.8,1.80,2.17471e+06,58.54,FAIL
fs_27c_3.63v,fs,27,3.63,1,1,0.5,1.79941,140.7,50780.5,7.22,2.6613e+06,53.61,FAIL
fs_27c_3.63v,fs,27,3.63,1,4.7,0.001,1.79941,140.7,23281.9,-0.79,4829.01,-27.33,FAIL
fs_27c_3.63v,fs,27,3.63,1,4.7,0.05,1.79941,140.7,23288.7,1.13,2.31165e+06,71.52,FAIL
fs_27c_3.63v,fs,27,3.63,1,4.7,0.2,1.79941,140.7,23392.2,7.03,2.78732e+06,62.23,FAIL
fs_27c_3.63v,fs,27,3.63,1,4.7,0.5,1.79941,140.7,23972.2,18.63,2.86661e+06,54.67,FAIL
fs_27c_3.63v,fs,27,3.63,10,0.33,0.001,1.79941,141.6,181401,-6.70,31359.7,-30.52,FAIL
fs_27c_3.63v,fs,27,3.63,10,0.33,0.05,1.79941,141.6,181411,-5.65,34063.7,-29.09,FAIL
fs_27c_3.63v,fs,27,3.63,10,0.33,0.2,1.79941,141.6,181628,-2.43,50780.7,-22.15,FAIL
fs_27c_3.63v,fs,27,3.63,10,0.33,0.5,1.79941,141.6,182951,3.94,1.84977e+06,35.64,FAIL
fs_27c_3.63v,fs,27,3.63,10,1,0.001,1.79941,141.6,104369,-3.84,18192.2,-30.36,FAIL
fs_27c_3.63v,fs,27,3.63,10,1,0.05,1.79941,141.6,104393,-2.00,24869.8,-24.93,FAIL
fs_27c_3.63v,fs,27,3.63,10,1,0.2,1.79941,141.6,104798,3.61,2.07881e+06,45.42,FAIL
fs_27c_3.63v,fs,27,3.63,10,1,0.5,1.79941,141.6,107192,14.62,2.56962e+06,40.67,FAIL
fs_27c_3.63v,fs,27,3.63,10,4.7,0.001,1.79941,141.6,48173.7,-1.70,8845.43,-29.45,FAIL
fs_27c_3.63v,fs,27,3.63,10,4.7,0.05,1.79941,141.6,48234,2.28,2.21908e+06,58.46,FAIL
fs_27c_3.63v,fs,27,3.63,10,4.7,0.2,1.79941,141.6,49158.2,14.36,2.69872e+06,49.33,FAIL
fs_27c_3.63v,fs,27,3.63,10,4.7,0.5,1.79941,141.6,54573.2,36.82,2.77609e+06,41.79,FAIL
fs_27c_3.63v,fs,27,3.63,25,0.33,0.001,1.79941,141.4,220963,-8.15,42395.6,-28.72,FAIL
fs_27c_3.63v,fs,27,3.63,25,0.33,0.05,1.79941,141.4,220978,-6.87,46011,-27.30,FAIL
fs_27c_3.63v,fs,27,3.63,25,0.33,0.2,1.79941,141.4,221375,-2.96,68244.5,-20.45,FAIL
fs_27c_3.63v,fs,27,3.63,25,0.33,0.5,1.79941,141.4,223742,4.75,1.82188e+06,32.03,FAIL
fs_27c_3.63v,fs,27,3.63,25,1,0.001,1.79941,141.4,127228,-4.68,24513.6,-28.62,FAIL
fs_27c_3.63v,fs,27,3.63,25,1,0.05,1.79941,141.4,127272,-2.43,33399.8,-23.25,FAIL
fs_27c_3.63v,fs,27,3.63,25,1,0.2,1.79941,141.4,128018,4.38,2.0528e+06,41.84,FAIL
fs_27c_3.63v,fs,27,3.63,25,1,0.5,1.79941,141.4,132292,17.63,2.54435e+06,37.15,FAIL
fs_27c_3.63v,fs,27,3.63,25,4.7,0.001,1.79941,141.4,58743.8,-2.08,11695.7,-28.04,FAIL
fs_27c_3.63v,fs,27,3.63,25,4.7,0.05,1.79941,141.4,58850.9,2.78,2.19466e+06,54.91,FAIL
fs_27c_3.63v,fs,27,3.63,25,4.7,0.2,1.79941,141.4,60509.7,17.41,2.67504e+06,45.82,FAIL
fs_27c_3.63v,fs,27,3.63,25,4.7,0.5,1.79941,141.4,70536.3,43.50,2.751e+06,38.28,FAIL
fs_27c_3.63v,fs,27,3.63,50,0.33,0.001,1.79941,140.6,251352,-9.21,54523.3,-26.60,FAIL
fs_27c_3.63v,fs,27,3.63,50,0.33,0.05,1.79941,140.6,251370,-7.75,59156.4,-25.19,FAIL
fs_27c_3.63v,fs,27,3.63,50,0.33,0.2,1.79941,140.6,251939,-3.31,87378.3,-18.41,FAIL
fs_27c_3.63v,fs,27,3.63,50,0.33,0.5,1.79941,140.6,255412,5.40,1.80138e+06,29.65,FAIL
fs_27c_3.63v,fs,27,3.63,50,1,0.001,1.79941,140.6,144831,-5.29,31483,-26.53,FAIL
fs_27c_3.63v,fs,27,3.63,50,1,0.05,1.79941,140.6,144892,-2.74,42809.9,-21.19,FAIL
fs_27c_3.63v,fs,27,3.63,50,1,0.2,1.79941,140.6,145991,5.00,2.03414e+06,39.49,FAIL
fs_27c_3.63v,fs,27,3.63,50,1,0.5,1.79941,140.6,152330,19.91,2.52581e+06,34.84,FAIL
fs_27c_3.63v,fs,27,3.63,50,4.7,0.001,1.79941,140.6,66896.1,-2.36,14908.2,-26.08,FAIL
fs_27c_3.63v,fs,27,3.63,50,4.7,0.05,1.79941,140.6,67054.1,3.18,2.17695e+06,52.57,FAIL
fs_27c_3.63v,fs,27,3.63,50,4.7,0.2,1.79941,140.6,69515.2,19.74,2.6579e+06,43.51,FAIL
fs_27c_3.63v,fs,27,3.63,50,4.7,0.5,1.79941,140.6,84487,48.09,2.73264e+06,35.98,PASS
fs_125c_2.97v,fs,125,2.97,0,0.33,0.001,1.79935,123.2,2265.54,0.02,2471.28,1.51,FAIL
fs_125c_2.97v,fs,125,2.97,0,0.33,0.05,1.79935,123.2,2265.54,0.04,2609.47,2.46,FAIL
fs_125c_2.97v,fs,125,2.97,0,0.33,0.2,1.79935,123.2,2265.54,0.08,3243.36,6.23,FAIL
fs_125c_2.97v,fs,125,2.97,0,0.33,0.5,1.79935,123.2,2265.54,0.16,446274,91.21,FAIL
fs_125c_2.97v,fs,125,2.97,0,1,0.001,1.79935,123.2,1301.48,0.17,2382.65,10.51,FAIL
fs_125c_2.97v,fs,125,2.97,0,1,0.05,1.79935,123.2,1301.48,0.19,2877.1,13.78,FAIL
fs_125c_2.97v,fs,125,2.97,0,1,0.2,1.79935,123.2,1301.48,0.26,921222,111.33,FAIL
fs_125c_2.97v,fs,125,2.97,0,1,0.5,1.79935,123.2,1301.48,0.41,1.58262e+06,111.65,FAIL
fs_125c_2.97v,fs,125,2.97,0,4.7,0.001,1.79935,123,600.238,0.48,2373.79,23.88,FAIL
fs_125c_2.97v,fs,125,2.97,0,4.7,0.05,1.79935,123,600.238,0.53,1.13265e+06,126.67,FAIL
fs_125c_2.97v,fs,125,2.97,0,4.7,0.2,1.79935,123,600.24,0.68,1.72484e+06,120.78,FAIL
fs_125c_2.97v,fs,125,2.97,0,4.7,0.5,1.79935,123,600.249,0.99,1.8123e+06,113.47,FAIL
fs_125c_2.97v,fs,125,2.97,0.1,0.33,0.001,1.79935,142,23836.6,-1.16,4475.93,-29.06,FAIL
fs_125c_2.97v,fs,125,2.97,0.1,0.33,0.05,1.79935,142,23836.6,-1.03,4756.99,-28.00,FAIL
fs_125c_2.97v,fs,125,2.97,0.1,0.33,0.2,1.79935,142,23837.1,-0.60,6129.18,-23.60,FAIL
fs_125c_2.97v,fs,125,2.97,0.1,0.33,0.5,1.79935,142,23840,0.25,901884,61.52,FAIL
fs_125c_2.97v,fs,125,2.97,0.1,1,0.001,1.79935,142,13694.1,-0.66,2997.89,-26.39,FAIL
fs_125c_2.97v,fs,125,2.97,0.1,1,0.05,1.79935,142,13694.1,-0.42,3718.66,-22.65,FAIL
fs_125c_2.97v,fs,125,2.97,0.1,1,0.2,1.79935,142,13695,0.32,1.26532e+06,75.15,FAIL
fs_125c_2.97v,fs,125,2.97,0.1,1,0.5,1.79935,142,13700.2,1.80,1.906e+06,73.75,FAIL
fs_125c_2.97v,fs,125,2.97,0.1,4.7,0.001,1.79935,142,6315.91,-0.27,2189.55,-18.40,FAIL
fs_125c_2.97v,fs,125,2.97,0.1,4.7,0.05,1.79935,142,6316.05,0.25,1.45933e+06,89.52,FAIL
fs_125c_2.97v,fs,125,2.97,0.1,4.7,0.2,1.79935,142,6318.14,1.85,2.05453e+06,82.85,FAIL
fs_125c_2.97v,fs,125,2.97,0.1,4.7,0.5,1.79935,142,6329.9,5.06,2.14724e+06,75.56,FAIL
fs_125c_2.97v,fs,125,2.97,1,0.33,0.001,1.79935,143.5,66613.2,-3.41,11217.1,-30.96,FAIL
fs_125c_2.97v,fs,125,2.97,1,0.33,0.05,1.79935,143.5,66613.6,-3.02,11891.6,-29.94,FAIL
fs_125c_2.97v,fs,125,2.97,1,0.33,0.2,1.79935,143.5,66624.5,-1.84,15097,-25.79,FAIL
fs_125c_2.97v,fs,125,2.97,1,0.33,0.5,1.79935,143.5,66689.8,0.53,741062,40.67,FAIL
fs_125c_2.97v,fs,125,2.97,1,1,0.001,1.79935,143.5,38280.2,-1.95,6604.51,-30.53,FAIL
fs_125c_2.97v,fs,125,2.97,1,1,0.05,1.79935,143.5,38281.3,-1.27,8107.08,-26.97,FAIL
fs_125c_2.97v,fs,125,2.97,1,1,0.2,1.79935,143.5,38301.8,0.79,1.13514e+06,55.83,FAIL
fs_125c_2.97v,fs,125,2.97,1,1,0.5,1.79935,143.5,38418.6,4.91,1.78992e+06,55.25,FAIL
fs_125c_2.97v,fs,125,2.97,1,4.7,0.001,1.79935,143.5,17661.8,-0.87,3441.47,-28.41,FAIL
fs_125c_2.97v,fs,125,2.97,1,4.7,0.05,1.79935,143.5,17664.8,0.59,1.33666e+06,70.57,FAIL
fs_125c_2.97v,fs,125,2.97,1,4.7,0.2,1.79935,143.5,17709.8,5.07,1.93931e+06,64.44,FAIL
fs_125c_2.97v,fs,125,2.97,1,4.7,0.5,1.79935,143.5,17963.2,13.94,2.03169e+06,57.19,FAIL
fs_125c_2.97v,fs,125,2.97,10,0.33,0.001,1.79935,142.3,141579,-7.42,26800.2,-28.95,FAIL
fs_125c_2.97v,fs,125,2.97,10,0.33,0.05,1.79935,142.3,141582,-6.60,28355.6,-27.97,FAIL
fs_125c_2.97v,fs,125,2.97,10,0.33,0.2,1.79935,142.3,141680,-4.09,35605,-24.01,FAIL
fs_125c_2.97v,fs,125,2.97,10,0.33,0.5,1.79935,142.3,142286,0.90,610956,24.53,FAIL
fs_125c_2.97v,fs,125,2.97,10,1,0.001,1.79935,142.3,81476.4,-4.26,15487,-28.85,FAIL
fs_125c_2.97v,fs,125,2.97,10,1,0.05,1.79935,142.3,81486.9,-2.82,18849.7,-25.44,FAIL
fs_125c_2.97v,fs,125,2.97,10,1,0.2,1.79935,142.3,81677.8,1.56,1.03581e+06,41.45,FAIL
fs_125c_2.97v,fs,125,2.97,10,1,0.5,1.79935,142.3,82776,10.21,1.70285e+06,41.62,FAIL
fs_125c_2.97v,fs,125,2.97,10,4.7,0.001,1.79935,142.3,37605.9,-1.91,7365.87,-28.32,FAIL
fs_125c_2.97v,fs,125,2.97,10,4.7,0.05,1.79935,142.3,37633.2,1.20,1.24477e+06,56.55,FAIL
fs_125c_2.97v,fs,125,2.97,10,4.7,0.2,1.79935,142.3,38060.3,10.66,1.85412e+06,50.89,FAIL
fs_125c_2.97v,fs,125,2.97,10,4.7,0.5,1.79935,142.3,40593.2,28.78,1.94513e+06,43.68,FAIL
fs_125c_2.97v,fs,125,2.97,25,0.33,0.001,1.79934,140.1,172643,-9.00,38224.9,-26.24,FAIL
fs_125c_2.97v,fs,125,2.97,25,0.33,0.05,1.79934,140.1,172645,-8.00,40423.8,-25.27,FAIL
fs_125c_2.97v,fs,125,2.97,25,0.33,0.2,1.79934,140.1,172810,-4.94,50589,-21.37,FAIL
fs_125c_2.97v,fs,125,2.97,25,0.33,0.5,1.79934,140.1,173874,1.10,578492,20.20,FAIL
fs_125c_2.97v,fs,125,2.97,25,1,0.001,1.79934,140.1,99444,-5.17,22054.1,-26.18,FAIL
fs_125c_2.97v,fs,125,2.97,25,1,0.05,1.79934,140.1,99460.8,-3.42,26784,-22.80,FAIL
fs_125c_2.97v,fs,125,2.97,25,1,0.2,1.79934,140.1,99796.2,1.91,1.00787e+06,37.61,FAIL
fs_125c_2.97v,fs,125,2.97,25,1,0.5,1.79934,140.1,101832,12.38,1.67813e+06,38.01,FAIL
fs_125c_2.97v,fs,125,2.97,25,4.7,0.001,1.79934,140.1,45918,-2.33,10388,-25.82,FAIL
fs_125c_2.97v,fs,125,2.97,25,4.7,0.05,1.79934,140.1,45968.4,1.47,1.21899e+06,52.81,FAIL
fs_125c_2.97v,fs,125,2.97,25,4.7,0.2,1.79934,140.1,46764.2,12.98,1.8303e+06,47.30,FAIL
fs_125c_2.97v,fs,125,2.97,25,4.7,0.5,1.79934,140.1,51421.4,34.47,1.92036e+06,40.10,FAIL
fs_125c_2.97v,fs,125,2.97,50,0.33,0.001,1.79934,137,195495,-10.00,52385.6,-22.93,FAIL
fs_125c_2.97v,fs,125,2.97,50,0.33,0.05,1.79934,137,195489,-8.86,55376.6,-21.96,FAIL
fs_125c_2.97v,fs,125,2.97,50,0.33,0.2,1.79934,137,195706,-5.40,69159.4,-18.10,FAIL
fs_125c_2.97v,fs,125,2.97,50,0.33,0.5,1.79934,137,197210,1.40,570261,17.81,FAIL
fs_125c_2.97v,fs,125,2.97,50,1,0.001,1.79934,137,112700,-5.75,30206,-22.89,FAIL
fs_125c_2.97v,fs,125,2.97,50,1,0.05,1.79934,137,112720,-3.77,36635.2,-19.54,FAIL
fs_125c_2.97v,fs,125,2.97,50,1,0.2,1.79934,137,113200,2.26,992495,35.23,FAIL
fs_125c_2.97v,fs,125,2.97,50,1,0.5,1.79934,137,116100,14.02,1.66399e+06,35.77,FAIL
fs_125c_2.97v,fs,125,2.97,50,4.7,0.001,1.79934,137,52052,-2.59,14173.5,-22.60,FAIL
fs_125c_2.97v,fs,125,2.97,50,4.7,0.05,1.79934,137,52120.7,1.72,1.2045e+06,50.49,FAIL
fs_125c_2.97v,fs,125,2.97,50,4.7,0.2,1.79934,137,53269.4,14.71,1.81675e+06,45.06,FAIL
fs_125c_2.97v,fs,125,2.97,50,4.7,0.5,1.79934,137,60090.4,38.42,1.90592e+06,37.87,FAIL
fs_125c_3.30v,fs,125,3.3,0,0.33,0.001,1.79933,120,2385.62,0.10,3220.17,5.21,FAIL
fs_125c_3.30v,fs,125,3.3,0,0.33,0.05,1.79933,120,2385.62,0.12,3418.64,6.25,FAIL
fs_125c_3.30v,fs,125,3.3,0,0.33,0.2,1.79933,120,2385.62,0.16,4373.25,10.53,FAIL
fs_125c_3.30v,fs,125,3.3,0,0.33,0.5,1.79933,120,2385.62,0.24,803921,99.50,FAIL
fs_125c_3.30v,fs,125,3.3,0,1,0.001,1.79933,119.9,1370.47,0.30,3149.85,14.46,FAIL
fs_125c_3.30v,fs,125,3.3,0,1,0.05,1.79933,119.9,1370.47,0.33,3887.86,18.11,FAIL
fs_125c_3.30v,fs,125,3.3,0,1,0.2,1.79933,119.9,1370.47,0.40,1.16575e+06,113.48,FAIL
fs_125c_3.30v,fs,125,3.3,0,1,0.5,1.79933,119.9,1370.47,0.55,1.77884e+06,111.74,FAIL
fs_125c_3.30v,fs,125,3.3,0,4.7,0.001,1.79933,119.8,632.061,0.76,3160.37,27.96,FAIL
fs_125c_3.30v,fs,125,3.3,0,4.7,0.05,1.79933,119.8,632.061,0.81,1.35402e+06,127.83,FAIL
fs_125c_3.30v,fs,125,3.3,0,4.7,0.2,1.79933,119.8,632.063,0.97,1.91736e+06,120.69,FAIL
fs_125c_3.30v,fs,125,3.3,0,4.7,0.5,1.79933,119.8,632.075,1.29,2.0033e+06,113.28,FAIL
fs_125c_3.30v,fs,125,3.3,0.1,0.33,0.001,1.79932,139.5,25175.9,-1.11,4862.1,-28.57,FAIL
fs_125c_3.30v,fs,125,3.3,0.1,0.33,0.05,1.79932,139.5,25175.9,-0.96,5203.98,-27.39,FAIL
fs_125c_3.30v,fs,125,3.3,0.1,0.33,0.2,1.79932,139.5,25176.5,-0.51,6992.89,-22.26,FAIL
fs_125c_3.30v,fs,125,3.3,0.1,0.33,0.5,1.79932,139.5,25180.1,0.38,1.28227e+06,65.58,FAIL
fs_125c_3.30v,fs,125,3.3,0.1,1,0.001,1.79932,139.5,14462.6,-0.62,3442.36,-24.94,FAIL
fs_125c_3.30v,fs,125,3.3,0.1,1,0.05,1.79932,139.5,14462.6,-0.37,4398.59,-20.68,FAIL
fs_125c_3.30v,fs,125,3.3,0.1,1,0.2,1.79932,139.5,14463.8,0.41,1.58628e+06,77.02,FAIL
fs_125c_3.30v,fs,125,3.3,0.1,1,0.5,1.79932,139.5,14470.1,1.98,2.17756e+06,74.01,FAIL
fs_125c_3.30v,fs,125,3.3,0.1,4.7,0.001,1.79932,139.5,6672.31,-0.25,2729.42,-15.53,FAIL
fs_125c_3.30v,fs,125,3.3,0.1,4.7,0.05,1.79932,139.5,6672.47,0.31,1.75988e+06,90.72,FAIL
fs_125c_3.30v,fs,125,3.3,0.1,4.7,0.2,1.79932,139.5,6674.91,2.00,2.32016e+06,82.92,FAIL
fs_125c_3.30v,fs,125,3.3,0.1,4.7,0.5,1.79932,139.5,6688.67,5.38,2.40978e+06,75.51,FAIL
fs_125c_3.30v,fs,125,3.3,1,0.33,0.001,1.79932,141.8,70456.9,-3.26,11609.8,-31.33,FAIL
fs_125c_3.30v,fs,125,3.3,1,0.33,0.05,1.79932,141.8,70457.5,-2.85,12391.8,-30.20,FAIL
fs_125c_3.30v,fs,125,3.3,1,0.33,0.2,1.79932,141.8,70470.4,-1.60,16355.4,-25.38,FAIL
fs_125c_3.30v,fs,125,3.3,1,0.33,0.5,1.79932,141.8,70547.4,0.91,1.1197e+06,45.80,FAIL
fs_125c_3.30v,fs,125,3.3,1,1,0.001,1.79932,141.8,40488.7,-1.86,6909.07,-30.71,FAIL
fs_125c_3.30v,fs,125,3.3,1,1,0.05,1.79932,141.8,40490.1,-1.15,8718.97,-26.67,FAIL
fs_125c_3.30v,fs,125,3.3,1,1,0.2,1.79932,141.8,40514.1,1.03,1.44087e+06,57.93,FAIL
fs_125c_3.30v,fs,125,3.3,1,1,0.5,1.79932,141.8,40651.2,5.39,2.04408e+06,55.51,FAIL
fs_125c_3.30v,fs,125,3.3,1,4.7,0.001,1.79932,141.8,18678.9,-0.83,3758.71,-27.85,FAIL
fs_125c_3.30v,fs,125,3.3,1,4.7,0.05,1.79932,141.8,18682.3,0.72,1.62022e+06,71.86,FAIL
fs_125c_3.30v,fs,125,3.3,1,4.7,0.2,1.79932,141.8,18735.2,5.45,2.18778e+06,64.49,FAIL
fs_125c_3.30v,fs,125,3.3,1,4.7,0.5,1.79932,141.8,19031.7,14.82,2.27739e+06,57.13,FAIL
fs_125c_3.30v,fs,125,3.3,10,0.33,0.001,1.79932,142.2,150396,-7.15,27018.9,-29.86,FAIL
fs_125c_3.30v,fs,125,3.3,10,0.33,0.05,1.79932,142.2,150400,-6.27,28767,-28.76,FAIL
fs_125c_3.30v,fs,125,3.3,10,0.33,0.2,1.79932,142.2,150520,-3.60,37469.8,-24.17,FAIL
fs_125c_3.30v,fs,125,3.3,10,0.33,0.5,1.79932,142.2,151243,1.70,995908,30.92,FAIL
fs_125c_3.30v,fs,125,3.3,10,1,0.001,1.79932,142.2,86541,-4.10,15634.6,-29.74,FAIL
fs_125c_3.30v,fs,125,3.3,10,1,0.05,1.79932,142.2,86554,-2.57,19546.7,-25.86,FAIL
fs_125c_3.30v,fs,125,3.3,10,1,0.2,1.79932,142.2,86781.3,2.08,1.33313e+06,43.73,FAIL
fs_125c_3.30v,fs,125,3.3,10,1,0.5,1.79932,142.2,88130.2,11.26,1.94599e+06,41.82,FAIL
fs_125c_3.30v,fs,125,3.3,10,4.7,0.001,1.79932,142.2,39942.3,-1.84,7493.64,-29.07,FAIL
fs_125c_3.30v,fs,125,3.3,10,4.7,0.05,1.79932,142.2,39976.4,1.47,1.51834e+06,57.88,FAIL
fs_125c_3.30v,fs,125,3.3,10,4.7,0.2,1.79932,142.2,40503.9,11.52,2.09196e+06,50.88,FAIL
fs_125c_3.30v,fs,125,3.3,10,4.7,0.5,1.79932,142.2,43533.9,30.64,2.18017e+06,43.55,FAIL
fs_125c_3.30v,fs,125,3.3,25,0.33,0.001,1.79932,141,183837,-8.71,37625.5,-27.60,FAIL
fs_125c_3.30v,fs,125,3.3,25,0.33,0.05,1.79932,141,183842,-7.65,40039.8,-26.52,FAIL
fs_125c_3.30v,fs,125,3.3,25,0.33,0.2,1.79932,141,184059,-4.39,51958.7,-21.99,FAIL
fs_125c_3.30v,fs,125,3.3,25,0.33,0.5,1.79932,141,185399,2.05,963859,26.95,FAIL
fs_125c_3.30v,fs,125,3.3,25,1,0.001,1.79932,141,105876,-5.00,21720.6,-27.53,FAIL
fs_125c_3.30v,fs,125,3.3,25,1,0.05,1.79932,141,105899,-3.14,27089,-23.70,FAIL
fs_125c_3.30v,fs,125,3.3,25,1,0.2,1.79932,141,106323,2.54,1.30509e+06,39.95,FAIL
fs_125c_3.30v,fs,125,3.3,25,1,0.5,1.79932,141,108761,13.66,1.92015e+06,38.19,FAIL
fs_125c_3.30v,fs,125,3.3,25,4.7,0.001,1.79932,141,48889.3,-2.25,10273.8,-27.10,FAIL
fs_125c_3.30v,fs,125,3.3,25,4.7,0.05,1.79932,141,48950,1.80,1.49185e+06,54.16,FAIL
fs_125c_3.30v,fs,125,3.3,25,4.7,0.2,1.79932,141,49896.4,14.04,2.06736e+06,47.26,FAIL
fs_125c_3.30v,fs,125,3.3,25,4.7,0.5,1.79932,141,55559.3,36.68,2.15467e+06,39.94,FAIL
fs_125c_3.30v,fs,125,3.3,50,0.33,0.001,1.79932,139,208676,-9.79,49927.8,-24.90,FAIL
fs_125c_3.30v,fs,125,3.3,50,0.33,0.05,1.79932,139,208677,-8.57,53115.7,-23.83,FAIL
fs_125c_3.30v,fs,125,3.3,50,0.33,0.2,1.79932,139,208965,-4.88,68725.9,-19.35,FAIL
fs_125c_3.30v,fs,125,3.3,50,0.33,0.5,1.79932,139,210901,2.38,941843,24.40,FAIL
fs_125c_3.30v,fs,125,3.3,50,1,0.001,1.79932,139,120274,-5.63,28799.6,-24.85,FAIL
fs_125c_3.30v,fs,125,3.3,50,1,0.05,1.79932,139,120304,-3.51,35851.7,-21.05,FAIL
fs_125c_3.30v,fs,125,3.3,50,1,0.2,1.79932,139,120919,2.93,1.28428e+06,37.52,FAIL
fs_125c_3.30v,fs,125,3.3,50,1,0.5,1.79932,139,124504,15.45,1.90077e+06,35.88,FAIL
fs_125c_3.30v,fs,125,3.3,50,4.7,0.001,1.79932,139,55561.3,-2.53,13551.2,-24.52,FAIL
fs_125c_3.30v,fs,125,3.3,50,4.7,0.05,1.79932,139,55649.6,2.07,1.47224e+06,51.78,FAIL
fs_125c_3.30v,fs,125,3.3,50,4.7,0.2,1.79932,139,57047.4,15.92,2.04904e+06,44.96,FAIL
fs_125c_3.30v,fs,125,3.3,50,4.7,0.5,1.79932,139,65436.4,40.86,2.13534e+06,37.65,FAIL
fs_125c_3.63v,fs,125,3.63,0,0.33,0.001,1.79927,115.2,2494.21,0.28,4540.61,10.41,FAIL
fs_125c_3.63v,fs,125,3.63,0,0.33,0.05,1.79927,115.2,2494.21,0.29,4846.75,11.54,FAIL
fs_125c_3.63v,fs,125,3.63,0,0.33,0.2,1.79927,115.2,2494.21,0.33,6398.44,16.36,FAIL
fs_125c_3.63v,fs,125,3.63,0,0.33,0.5,1.79927,115.2,2494.22,0.42,1.08696e+06,102.98,FAIL
fs_125c_3.63v,fs,125,3.63,0,1,0.001,1.79927,115.2,1432.82,0.60,4493.9,19.86,FAIL
fs_125c_3.63v,fs,125,3.63,0,1,0.05,1.79927,115.2,1432.82,0.62,5671.67,23.90,FAIL
fs_125c_3.63v,fs,125,3.63,0,1,0.2,1.79927,115.2,1432.83,0.70,1.39524e+06,114.84,FAIL
fs_125c_3.63v,fs,125,3.63,0,1,0.5,1.79927,115.2,1432.83,0.86,1.9701e+06,111.77,FAIL
fs_125c_3.63v,fs,125,3.63,0,4.7,0.001,1.79927,115,660.724,1.40,4534.67,33.46,FAIL
fs_125c_3.63v,fs,125,3.63,0,4.7,0.05,1.79927,115,660.724,1.46,1.5669e+06,128.60,FAIL
fs_125c_3.63v,fs,125,3.63,0,4.7,0.2,1.79927,115,660.726,1.62,2.1049e+06,120.56,FAIL
fs_125c_3.63v,fs,125,3.63,0,4.7,0.5,1.79927,115,660.74,1.96,2.1891e+06,113.07,FAIL
fs_125c_3.63v,fs,125,3.63,0.1,0.33,0.001,1.79927,134.7,26399.9,-1.05,5631.89,-26.84,FAIL
fs_125c_3.63v,fs,125,3.63,0.1,0.33,0.05,1.79927,134.7,26399.9,-0.90,6070.2,-25.54,FAIL
fs_125c_3.63v,fs,125,3.63,0.1,0.33,0.2,1.79927,134.7,26400.6,-0.43,8550.62,-19.59,FAIL
fs_125c_3.63v,fs,125,3.63,0.1,0.33,0.5,1.79927,134.7,26404.8,0.51,1.62578e+06,67.84,FAIL
fs_125c_3.63v,fs,125,3.63,0.1,1,0.001,1.79927,134.7,15165.7,-0.58,4376.39,-21.59,FAIL
fs_125c_3.63v,fs,125,3.63,0.1,1,0.05,1.79927,134.7,15165.8,-0.31,5771.05,-16.78,FAIL
fs_125c_3.63v,fs,125,3.63,0.1,1,0.2,1.79927,134.7,15167.1,0.51,1.89057e+06,78.21,FAIL
fs_125c_3.63v,fs,125,3.63,0.1,1,0.5,1.79927,134.7,15174.4,2.15,2.43941e+06,74.14,FAIL
fs_125c_3.63v,fs,125,3.63,0.1,4.7,0.001,1.79927,134.7,6996.61,-0.20,3832.52,-10.46,FAIL
fs_125c_3.63v,fs,125,3.63,0.1,4.7,0.05,1.79927,134.7,6996.79,0.38,2.04813e+06,91.50,FAIL
fs_125c_3.63v,fs,125,3.63,0.1,4.7,0.2,1.79927,134.7,6999.61,2.16,2.57594e+06,82.89,FAIL
fs_125c_3.63v,fs,125,3.63,0.1,4.7,0.5,1.79927,134.7,7015.46,5.70,2.66239e+06,75.41,FAIL
fs_125c_3.63v,fs,125,3.63,1,0.33,0.001,1.79926,137.3,73963.6,-3.13,12150.6,-31.38,FAIL
fs_125c_3.63v,fs,125,3.63,1,0.33,0.05,1.79926,137.3,73964.3,-2.70,13054.4,-30.14,FAIL
fs_125c_3.63v,fs,125,3.63,1,0.33,0.2,1.79926,137.3,73979.4,-1.38,17973.1,-24.58,FAIL
fs_125c_3.63v,fs,125,3.63,1,0.33,0.5,1.79926,137.3,74068.5,1.25,1.44828e+06,48.43,FAIL
fs_125c_3.63v,fs,125,3.63,1,1,0.001,1.79926,137.3,42503.1,-1.78,7436.27,-30.28,FAIL
fs_125c_3.63v,fs,125,3.63,1,1,0.05,1.79926,137.3,42504.8,-1.03,9659.49,-25.74,FAIL
fs_125c_3.63v,fs,125,3.63,1,1,0.2,1.79926,137.3,42532.7,1.26,1.72586e+06,59.22,FAIL
fs_125c_3.63v,fs,125,3.63,1,1,0.5,1.79926,137.3,42691,5.83,2.28599e+06,55.63,FAIL
fs_125c_3.63v,fs,125,3.63,1,4.7,0.001,1.79926,137.3,19607.7,-0.78,4446.25,-25.78,FAIL
fs_125c_3.63v,fs,125,3.63,1,4.7,0.05,1.79926,137.3,19611.7,0.84,1.8886e+06,72.69,FAIL
fs_125c_3.63v,fs,125,3.63,1,4.7,0.2,1.79926,137.3,19672.7,5.81,2.42412e+06,64.45,FAIL
fs_125c_3.63v,fs,125,3.63,1,4.7,0.5,1.79926,137.3,20017.9,15.63,2.51046e+06,57.00,FAIL
fs_125c_3.63v,fs,125,3.63,10,0.33,0.001,1.79926,139.2,158481,-6.91,27455.5,-30.49,FAIL
fs_125c_3.63v,fs,125,3.63,10,0.33,0.05,1.79926,139.2,158487,-5.98,29427,-29.28,FAIL
fs_125c_3.63v,fs,125,3.63,10,0.33,0.2,1.79926,139.2,158635,-3.17,39818.3,-24.03,FAIL
fs_125c_3.63v,fs,125,3.63,10,0.33,0.5,1.79926,139.2,159521,2.41,1.31278e+06,33.85,FAIL
fs_125c_3.63v,fs,125,3.63,10,1,0.001,1.79926,139.2,91186.5,-3.96,15947.1,-30.30,FAIL
fs_125c_3.63v,fs,125,3.63,10,1,0.05,1.79926,139.2,91202.1,-2.35,20484.1,-25.95,FAIL
fs_125c_3.63v,fs,125,3.63,10,1,0.2,1.79926,139.2,91480.4,2.55,1.60323e+06,45.06,FAIL
fs_125c_3.63v,fs,125,3.63,10,1,0.5,1.79926,139.2,93069.7,12.22,2.17248e+06,41.87,FAIL
fs_125c_3.63v,fs,125,3.63,10,4.7,0.001,1.79926,139.2,42094.7,-1.77,7791.22,-29.31,FAIL
fs_125c_3.63v,fs,125,3.63,10,4.7,0.05,1.79926,139.2,42134.7,1.72,1.77112e+06,58.69,FAIL
fs_125c_3.63v,fs,125,3.63,10,4.7,0.2,1.79926,139.2,42748.8,12.30,2.31325e+06,50.76,FAIL
fs_125c_3.63v,fs,125,3.63,10,4.7,0.5,1.79926,139.2,46320.3,32.33,2.39826e+06,43.34,FAIL
fs_125c_3.63v,fs,125,3.63,25,0.33,0.001,1.79926,139.4,194081,-8.46,37571.1,-28.57,FAIL
fs_125c_3.63v,fs,125,3.63,25,0.33,0.05,1.79926,139.4,194090,-7.33,40232.3,-27.38,FAIL
fs_125c_3.63v,fs,125,3.63,25,0.33,0.2,1.79926,139.4,194350,-3.89,54214.5,-22.20,FAIL
fs_125c_3.63v,fs,125,3.63,25,0.33,0.5,1.79926,139.4,195929,2.90,1.2783e+06,29.96,FAIL
fs_125c_3.63v,fs,125,3.63,25,1,0.001,1.79926,139.4,111762,-4.85,21720,-28.47,FAIL
fs_125c_3.63v,fs,125,3.63,25,1,0.05,1.79926,139.4,111790,-2.88,27814.3,-24.17,FAIL
fs_125c_3.63v,fs,125,3.63,25,1,0.2,1.79926,139.4,112288,3.11,1.5725e+06,41.29,FAIL
fs_125c_3.63v,fs,125,3.63,25,1,0.5,1.79926,139.4,115156,14.82,2.14377e+06,38.22,FAIL
fs_125c_3.63v,fs,125,3.63,25,4.7,0.001,1.79926,139.4,51600.4,-2.17,10355.5,-27.90,FAIL
fs_125c_3.63v,fs,125,3.63,25,4.7,0.05,1.79926,139.4,51671.9,2.10,1.7421e+06,54.97,FAIL
fs_125c_3.63v,fs,125,3.63,25,4.7,0.2,1.79926,139.4,52792,15.00,2.28571e+06,47.12,FAIL
fs_125c_3.63v,fs,125,3.63,25,4.7,0.5,1.79926,139.4,59491.2,38.66,2.36998e+06,39.71,FAIL
fs_125c_3.63v,fs,125,3.63,50,0.33,0.001,1.79926,138.8,220691,-9.54,48867.5,-26.25,FAIL
fs_125c_3.63v,fs,125,3.63,50,0.33,0.05,1.79926,138.8,220698,-8.26,52296,-25.07,FAIL
fs_125c_3.63v,fs,125,3.63,50,0.33,0.2,1.79926,138.8,221068,-4.36,70277.8,-19.93,FAIL
fs_125c_3.63v,fs,125,3.63,50,0.33,0.5,1.79926,138.8,223374,3.31,1.25792e+06,27.51,FAIL
fs_125c_3.63v,fs,125,3.63,50,1,0.001,1.79926,138.8,127181,-5.49,28207.9,-26.18,FAIL
fs_125c_3.63v,fs,125,3.63,50,1,0.05,1.79926,138.8,127220,-3.25,36048.6,-21.92,FAIL
fs_125c_3.63v,fs,125,3.63,50,1,0.2,1.79926,138.8,127951,3.56,1.5532e+06,38.89,FAIL
fs_125c_3.63v,fs,125,3.63,50,1,0.5,1.79926,138.8,132182,16.76,2.12556e+06,35.90,FAIL
fs_125c_3.63v,fs,125,3.63,50,4.7,0.001,1.79926,138.8,58742.3,-2.46,13323.2,-25.78,FAIL
fs_125c_3.63v,fs,125,3.63,50,4.7,0.05,1.79926,138.8,58847.3,2.40,1.72384e+06,52.59,FAIL
fs_125c_3.63v,fs,125,3.63,50,4.7,0.2,1.79926,138.8,60498.3,17.02,2.26862e+06,44.81,FAIL
fs_125c_3.63v,fs,125,3.63,50,4.7,0.5,1.79926,138.8,70496.2,43.01,2.35191e+06,37.41,FAIL
sf_-40c_2.97v,sf,-40,2.97,0,0.33,0.001,1.79956,133.3,3631.44,-0.08,2436.75,-6.93,FAIL
sf_-40c_2.97v,sf,-40,2.97,0,0.33,0.05,1.79956,133.3,3631.44,-0.06,2629.56,-5.61,FAIL
sf_-40c_2.97v,sf,-40,2.97,0,0.33,0.2,1.79956,133.3,3631.44,0.00,3739.38,0.50,FAIL
sf_-40c_2.97v,sf,-40,2.97,0,0.33,0.5,1.79956,133.3,3631.45,0.13,1.57435e+06,101.30,FAIL
sf_-40c_2.97v,sf,-40,2.97,0,1,0.001,1.79956,133.3,2086.17,0.02,2277.64,1.52,FAIL
sf_-40c_2.97v,sf,-40,2.97,0,1,0.05,1.79956,133.3,2086.17,0.05,3021.35,6.43,FAIL
sf_-40c_2.97v,sf,-40,2.97,0,1,0.2,1.79956,133.3,2086.17,0.17,1.82033e+06,111.46,FAIL
sf_-40c_2.97v,sf,-40,2.97,0,1,0.5,1.79956,133.3,2086.19,0.39,2.33172e+06,106.98,FAIL
sf_-40c_2.97v,sf,-40,2.97,0,4.7,0.001,1.79956,133.2,962.385,0.17,2247.17,14.73,FAIL
sf_-40c_2.97v,sf,-40,2.97,0,4.7,0.05,1.79956,133.2,962.385,0.25,1.96704e+06,124.64,FAIL
sf_-40c_2.97v,sf,-40,2.97,0,4.7,0.2,1.79956,133.2,962.392,0.49,2.45831e+06,115.62,FAIL
sf_-40c_2.97v,sf,-40,2.97,0,4.7,0.5,1.79956,133.2,962.434,0.98,2.53836e+06,108.07,FAIL
sf_-40c_2.97v,sf,-40,2.97,0.1,0.33,0.001,1.79956,143.4,32512,-1.24,6307.23,-28.48,FAIL
sf_-40c_2.97v,sf,-40,2.97,0.1,0.33,0.05,1.79956,143.4,32512.1,-1.05,6831.88,-27.10,FAIL
sf_-40c_2.97v,sf,-40,2.97,0.1,0.33,0.2,1.79956,143.4,32513.3,-0.47,9953.66,-20.56,FAIL
sf_-40c_2.97v,sf,-40,2.97,0.1,0.33,0.5,1.79956,143.4,32520.8,0.69,1.72894e+06,64.70,FAIL
sf_-40c_2.97v,sf,-40,2.97,0.1,1,0.001,1.79956,143.4,18677.9,-0.70,4006.56,-26.74,FAIL
sf_-40c_2.97v,sf,-40,2.97,0.1,1,0.05,1.79956,143.4,18678,-0.37,5399.48,-21.56,FAIL
sf_-40c_2.97v,sf,-40,2.97,0.1,1,0.2,1.79956,143.4,18680.4,0.64,1.96544e+06,74.67,FAIL
sf_-40c_2.97v,sf,-40,2.97,0.1,1,0.5,1.79956,143.4,18693.7,2.65,2.47142e+06,70.16,FAIL
sf_-40c_2.97v,sf,-40,2.97,0.1,4.7,0.001,1.79956,143.4,8615.07,-0.30,2643.88,-20.52,FAIL
sf_-40c_2.97v,sf,-40,2.97,0.1,4.7,0.05,1.79956,143.4,8615.41,0.42,2.10921e+06,87.80,FAIL
sf_-40c_2.97v,sf,-40,2.97,0.1,4.7,0.2,1.79956,143.4,8620.54,2.60,2.59922e+06,78.85,FAIL
sf_-40c_2.97v,sf,-40,2.97,0.1,4.7,0.5,1.79956,143.4,8649.4,6.97,2.68039e+06,71.32,FAIL
sf_-40c_2.97v,sf,-40,2.97,1,0.33,0.001,1.79956,144.2,88207.4,-3.46,16031,-29.63,FAIL
sf_-40c_2.97v,sf,-40,2.97,1,0.33,0.05,1.79956,144.2,88208.4,-2.94,17319.3,-28.28,FAIL
sf_-40c_2.97v,sf,-40,2.97,1,0.33,0.2,1.79956,144.2,88233.9,-1.38,24813.6,-22.04,FAIL
sf_-40c_2.97v,sf,-40,2.97,1,0.33,0.5,1.79956,144.2,88385.4,1.76,1.62138e+06,46.56,FAIL
sf_-40c_2.97v,sf,-40,2.97,1,1,0.001,1.79956,144.2,50691.3,-1.97,9375.65,-29.32,FAIL
sf_-40c_2.97v,sf,-40,2.97,1,1,0.05,1.79956,144.2,50694,-1.08,12498.1,-24.32,FAIL
sf_-40c_2.97v,sf,-40,2.97,1,1,0.2,1.79956,144.2,50741.4,1.65,1.86526e+06,56.74,FAIL
sf_-40c_2.97v,sf,-40,2.97,1,1,0.5,1.79956,144.2,51011.7,7.10,2.37785e+06,52.48,FAIL
sf_-40c_2.97v,sf,-40,2.97,1,4.7,0.001,1.79956,144.2,23387.4,-0.88,4738.6,-27.73,FAIL
sf_-40c_2.97v,sf,-40,2.97,1,4.7,0.05,1.79956,144.2,23394.2,1.06,2.0122e+06,69.96,FAIL
sf_-40c_2.97v,sf,-40,2.97,1,4.7,0.2,1.79956,144.2,23498.4,6.98,2.50715e+06,61.20,FAIL
sf_-40c_2.97v,sf,-40,2.97,1,4.7,0.5,1.79956,144.2,24087.9,18.63,2.58809e+06,53.70,FAIL
sf_-40c_2.97v,sf,-40,2.97,10,0.33,0.001,1.79956,143,179201,-7.09,35977.2,-27.92,FAIL
sf_-40c_2.97v,sf,-40,2.97,10,0.33,0.05,1.79956,143,179208,-6.05,38814.9,-26.60,FAIL
sf_-40c_2.97v,sf,-40,2.97,10,0.33,0.2,1.79956,143,179411,-2.87,54954.5,-20.56,FAIL
sf_-40c_2.97v,sf,-40,2.97,10,0.33,0.5,1.79956,143,180642,3.42,1.54892e+06,33.66,FAIL
sf_-40c_2.97v,sf,-40,2.97,10,1,0.001,1.79956,143,103119,-4.06,20789,-27.83,FAIL
sf_-40c_2.97v,sf,-40,2.97,10,1,0.05,1.79956,143,103141,-2.24,27515.6,-22.96,FAIL
sf_-40c_2.97v,sf,-40,2.97,10,1,0.2,1.79956,143,103529,3.29,1.7992e+06,43.99,FAIL
sf_-40c_2.97v,sf,-40,2.97,10,1,0.5,1.79956,143,105797,14.16,2.31461e+06,39.90,FAIL
sf_-40c_2.97v,sf,-40,2.97,10,4.7,0.001,1.79956,143,47591.5,-1.81,9891.99,-27.29,FAIL
sf_-40c_2.97v,sf,-40,2.97,10,4.7,0.05,1.79956,143,47646.9,2.13,1.94899e+06,57.27,FAIL
sf_-40c_2.97v,sf,-40,2.97,10,4.7,0.2,1.79956,143,48536.4,14.06,2.44689e+06,48.66,FAIL
sf_-40c_2.97v,sf,-40,2.97,10,4.7,0.5,1.79956,143,53755,36.28,2.52547e+06,41.16,FAIL
sf_-40c_2.97v,sf,-40,2.97,25,0.33,0.001,1.79956,141.3,217416,-8.54,49367.1,-25.80,FAIL
sf_-40c_2.97v,sf,-40,2.97,25,0.33,0.05,1.79956,141.3,217424,-7.28,53224.6,-24.49,FAIL
sf_-40c_2.97v,sf,-40,2.97,25,0.33,0.2,1.79956,141.3,217770,-3.43,75070.2,-18.51,FAIL
sf_-40c_2.97v,sf,-40,2.97,25,0.33,0.5,1.79956,141.3,219970,4.14,1.52501e+06,30.10,FAIL
sf_-40c_2.97v,sf,-40,2.97,25,1,0.001,1.79956,141.3,125213,-4.90,28495.1,-25.73,FAIL
sf_-40c_2.97v,sf,-40,2.97,25,1,0.05,1.79956,141.3,125249,-2.70,37624,-20.90,FAIL
sf_-40c_2.97v,sf,-40,2.97,25,1,0.2,1.79956,141.3,125929,4.01,1.77712e+06,40.47,FAIL
sf_-40c_2.97v,sf,-40,2.97,25,1,0.5,1.79956,141.3,130025,17.05,2.29293e+06,36.45,FAIL
sf_-40c_2.97v,sf,-40,2.97,25,4.7,0.001,1.79956,141.3,57813.3,-2.19,13462,-25.32,FAIL
sf_-40c_2.97v,sf,-40,2.97,25,4.7,0.05,1.79956,141.3,57915.2,2.60,1.92829e+06,53.78,FAIL
sf_-40c_2.97v,sf,-40,2.97,25,4.7,0.2,1.79956,141.3,59506.3,17.00,2.42683e+06,45.21,FAIL
sf_-40c_2.97v,sf,-40,2.97,25,4.7,0.5,1.79956,141.3,69005.7,42.75,2.50388e+06,37.73,FAIL
sf_-40c_2.97v,sf,-40,2.97,50,0.33,0.001,1.79956,139.1,246712,-9.56,64739.5,-23.29,FAIL
sf_-40c_2.97v,sf,-40,2.97,50,0.33,0.05,1.79956,139.1,246714,-8.12,69756.2,-21.99,FAIL
sf_-40c_2.97v,sf,-40,2.97,50,0.33,0.2,1.79956,139.1,247195,-3.77,98061,-16.07,FAIL
sf_-40c_2.97v,sf,-40,2.97,50,0.33,0.5,1.79956,139.1,250296,4.76,1.50595e+06,27.74,FAIL
sf_-40c_2.97v,sf,-40,2.97,50,1,0.001,1.79956,139.1,142197,-5.49,37354.7,-23.24,FAIL
sf_-40c_2.97v,sf,-40,2.97,50,1,0.05,1.79956,139.1,142245,-2.99,49218.5,-18.45,FAIL
sf_-40c_2.97v,sf,-40,2.97,50,1,0.2,1.79956,139.1,143231,4.60,1.75906e+06,38.15,FAIL
sf_-40c_2.97v,sf,-40,2.97,50,1,0.5,1.79956,139.1,149178,19.23,2.27488e+06,34.18,FAIL
sf_-40c_2.97v,sf,-40,2.97,50,4.7,0.001,1.79956,139.1,65668.8,-2.45,17589.1,-22.89,FAIL
sf_-40c_2.97v,sf,-40,2.97,50,4.7,0.05,1.79956,139.1,65810.4,2.98,1.91118e+06,51.48,FAIL
sf_-40c_2.97v,sf,-40,2.97,50,4.7,0.2,1.79956,139.1,68144.3,19.24,2.41017e+06,42.95,FAIL
sf_-40c_2.97v,sf,-40,2.97,50,4.7,0.5,1.79956,139.1,82220.2,47.21,2.48587e+06,35.47,PASS
sf_-40c_3.30v,sf,-40,3.3,0,0.33,0.001,1.79953,130.3,3854.84,-0.05,3132.55,-3.60,FAIL
sf_-40c_3.30v,sf,-40,3.3,0,0.33,0.05,1.79953,130.3,3854.84,-0.03,3411.42,-2.12,FAIL
sf_-40c_3.30v,sf,-40,3.3,0,0.33,0.2,1.79953,130.3,3854.84,0.04,5194.89,5.18,FAIL
sf_-40c_3.30v,sf,-40,3.3,0,0.33,0.5,1.79953,130.3,3854.85,0.18,1.91553e+06,102.44,FAIL
sf_-40c_3.30v,sf,-40,3.3,0,1,0.001,1.79953,130.2,2214.4,0.07,3002.93,5.29,FAIL
sf_-40c_3.30v,sf,-40,3.3,0,1,0.05,1.79953,130.2,2214.4,0.11,4155.88,10.94,FAIL
sf_-40c_3.30v,sf,-40,3.3,0,1,0.2,1.79953,130.2,2214.4,0.23,2.13217e+06,111.95,FAIL
sf_-40c_3.30v,sf,-40,3.3,0,1,0.5,1.79953,130.2,2214.43,0.47,2.60753e+06,106.71,FAIL
sf_-40c_3.30v,sf,-40,3.3,0,4.7,0.001,1.79953,130.1,1021.48,0.28,3001.68,18.73,FAIL
sf_-40c_3.30v,sf,-40,3.3,0,4.7,0.05,1.79953,130.1,1021.48,0.36,2.266e+06,124.85,FAIL
sf_-40c_3.30v,sf,-40,3.3,0,4.7,0.2,1.79953,130.1,1021.49,0.62,2.72863e+06,115.23,FAIL
sf_-40c_3.30v,sf,-40,3.3,0,4.7,0.5,1.79953,130.1,1021.54,1.14,2.8058e+06,107.61,FAIL
sf_-40c_3.30v,sf,-40,3.3,0.1,0.33,0.001,1.79953,141.1,34549.1,-1.17,6778.52,-28.30,FAIL
sf_-40c_3.30v,sf,-40,3.3,0.1,0.33,0.05,1.79953,141.1,34549.2,-0.97,7417.25,-26.73,FAIL
sf_-40c_3.30v,sf,-40,3.3,0.1,0.33,0.2,1.79953,141.1,34550.7,-0.36,11787.8,-18.68,FAIL
sf_-40c_3.30v,sf,-40,3.3,0.1,0.33,0.5,1.79953,141.1,34559.6,0.87,2.11443e+06,65.86,FAIL
sf_-40c_3.30v,sf,-40,3.3,0.1,1,0.001,1.79953,141.1,19848.6,-0.66,4485.28,-25.84,FAIL
sf_-40c_3.30v,sf,-40,3.3,0.1,1,0.05,1.79953,141.1,19848.8,-0.31,6360.71,-19.77,FAIL
sf_-40c_3.30v,sf,-40,3.3,0.1,1,0.2,1.79953,141.1,19851.5,0.76,2.32066e+06,75.24,FAIL
sf_-40c_3.30v,sf,-40,3.3,0.1,1,0.5,1.79953,141.1,19867.3,2.90,2.78422e+06,69.95,FAIL
sf_-40c_3.30v,sf,-40,3.3,0.1,4.7,0.001,1.79953,141.1,9155.41,-0.27,3220.75,-18.15,FAIL
sf_-40c_3.30v,sf,-40,3.3,0.1,4.7,0.05,1.79953,141.1,9155.83,0.49,2.4496e+06,88.09,FAIL
sf_-40c_3.30v,sf,-40,3.3,0.1,4.7,0.2,1.79953,141.1,9162.19,2.81,2.90486e+06,78.50,FAIL
sf_-40c_3.30v,sf,-40,3.3,0.1,4.7,0.5,1.79953,141.1,9197.96,7.45,2.982e+06,70.90,FAIL
sf_-40c_3.30v,sf,-40,3.3,1,0.33,0.001,1.79953,142.3,93902.7,-3.30,16750.7,-29.95,FAIL
sf_-40c_3.30v,sf,-40,3.3,1,0.33,0.05,1.79953,142.3,93904.1,-2.75,18279.9,-28.43,FAIL
sf_-40c_3.30v,sf,-40,3.3,1,0.33,0.2,1.79953,142.3,93934.7,-1.08,28380.6,-20.79,FAIL
sf_-40c_3.30v,sf,-40,3.3,1,0.33,0.5,1.79953,142.3,94115.3,2.26,1.99839e+06,47.84,FAIL
sf_-40c_3.30v,sf,-40,3.3,1,1,0.001,1.79953,142.3,53963.7,-1.88,9870.25,-29.51,FAIL
sf_-40c_3.30v,sf,-40,3.3,1,1,0.05,1.79953,142.3,53967.1,-0.93,13811.7,-23.67,FAIL
sf_-40c_3.30v,sf,-40,3.3,1,1,0.2,1.79953,142.3,54023.6,1.98,2.2099e+06,57.35,FAIL
sf_-40c_3.30v,sf,-40,3.3,1,1,0.5,1.79953,142.3,54344.7,7.78,2.67892e+06,52.24,FAIL
sf_-40c_3.30v,sf,-40,3.3,1,4.7,0.001,1.79953,142.3,24893.1,-0.83,5160.78,-27.34,FAIL
sf_-40c_3.30v,sf,-40,3.3,1,4.7,0.05,1.79953,142.3,24901.2,1.24,2.34142e+06,70.26,FAIL
sf_-40c_3.30v,sf,-40,3.3,1,4.7,0.2,1.79953,142.3,25024.9,7.53,2.8012e+06,60.83,FAIL
sf_-40c_3.30v,sf,-40,3.3,1,4.7,0.5,1.79953,142.3,25748,19.91,2.87794e+06,53.25,FAIL
sf_-40c_3.30v,sf,-40,3.3,10,0.33,0.001,1.79953,142.2,191644,-6.80,36813.8,-28.69,FAIL
sf_-40c_3.30v,sf,-40,3.3,10,0.33,0.05,1.79953,142.2,191655,-5.69,40102.2,-27.20,FAIL
sf_-40c_3.30v,sf,-40,3.3,10,0.33,0.2,1.79953,142.2,191916,-2.29,61304.3,-19.83,FAIL
sf_-40c_3.30v,sf,-40,3.3,10,0.33,0.5,1.79953,142.2,193473,4.44,1.92087e+06,34.97,FAIL
sf_-40c_3.30v,sf,-40,3.3,10,1,0.001,1.79953,142.2,110265,-3.89,21305.8,-28.57,FAIL
sf_-40c_3.30v,sf,-40,3.3,10,1,0.05,1.79953,142.2,110294,-1.95,29559.5,-22.88,FAIL
sf_-40c_3.30v,sf,-40,3.3,10,1,0.2,1.79953,142.2,110783,3.97,2.13801e+06,44.58,FAIL
sf_-40c_3.30v,sf,-40,3.3,10,1,0.5,1.79953,142.2,113573,15.57,2.60913e+06,39.60,FAIL
sf_-40c_3.30v,sf,-40,3.3,10,4.7,0.001,1.79953,142.2,50899.2,-1.73,10219.9,-27.89,FAIL
sf_-40c_3.30v,sf,-40,3.3,10,4.7,0.05,1.79953,142.2,50969.3,2.49,2.27254e+06,57.54,FAIL
sf_-40c_3.30v,sf,-40,3.3,10,4.7,0.2,1.79953,142.2,52047.7,15.23,2.73448e+06,48.22,FAIL
sf_-40c_3.30v,sf,-40,3.3,10,4.7,0.5,1.79953,142.2,58476.8,38.69,2.80898e+06,40.65,FAIL
sf_-40c_3.30v,sf,-40,3.3,25,0.33,0.001,1.79953,141.3,232936,-8.23,49489.5,-26.95,FAIL
sf_-40c_3.30v,sf,-40,3.3,25,0.33,0.05,1.79953,141.3,232951,-6.88,53885.3,-25.47,FAIL
sf_-40c_3.30v,sf,-40,3.3,25,0.33,0.2,1.79953,141.3,233403,-2.76,81960.9,-18.18,FAIL
sf_-40c_3.30v,sf,-40,3.3,25,0.33,0.5,1.79953,141.3,236138,5.35,1.89734e+06,31.44,FAIL
sf_-40c_3.30v,sf,-40,3.3,25,1,0.001,1.79953,141.3,134126,-4.72,28588.6,-26.87,FAIL
sf_-40c_3.30v,sf,-40,3.3,25,1,0.05,1.79953,141.3,134175,-2.36,39552.7,-21.22,FAIL
sf_-40c_3.30v,sf,-40,3.3,25,1,0.2,1.79953,141.3,135038,4.82,2.11651e+06,41.07,FAIL
sf_-40c_3.30v,sf,-40,3.3,25,1,0.5,1.79953,141.3,140067,18.74,2.58743e+06,36.13,FAIL
sf_-40c_3.30v,sf,-40,3.3,25,4.7,0.001,1.79953,141.3,61925.5,-2.10,13573.9,-26.37,FAIL
sf_-40c_3.30v,sf,-40,3.3,25,4.7,0.05,1.79953,141.3,62049.4,3.03,2.25205e+06,54.05,FAIL
sf_-40c_3.30v,sf,-40,3.3,25,4.7,0.2,1.79953,141.3,64005.2,18.42,2.71454e+06,44.76,FAIL
sf_-40c_3.30v,sf,-40,3.3,25,4.7,0.5,1.79953,141.3,75769.9,45.46,2.7874e+06,37.19,PASS
sf_-40c_3.30v,sf,-40,3.3,50,0.33,0.001,1.79952,140,264738,-9.27,63312.2,-24.90,FAIL
sf_-40c_3.30v,sf,-40,3.3,50,0.33,0.05,1.79952,140,264753,-7.73,68898.4,-23.43,FAIL
sf_-40c_3.30v,sf,-40,3.3,50,0.33,0.2,1.79952,140,265398,-3.06,104364,-16.22,FAIL
sf_-40c_3.30v,sf,-40,3.3,50,0.33,0.5,1.79952,140,269397,6.09,1.87799e+06,29.09,FAIL
sf_-40c_3.30v,sf,-40,3.3,50,1,0.001,1.79952,140,152550,-5.32,36552.7,-24.84,FAIL
sf_-40c_3.30v,sf,-40,3.3,50,1,0.05,1.79952,140,152618,-2.64,50455.1,-19.24,FAIL
sf_-40c_3.30v,sf,-40,3.3,50,1,0.2,1.79952,140,153885,5.50,2.09896e+06,38.75,FAIL
sf_-40c_3.30v,sf,-40,3.3,50,1,0.5,1.79952,140,161298,21.13,2.56945e+06,33.85,FAIL
sf_-40c_3.30v,sf,-40,3.3,50,4.7,0.001,1.79952,140,70458.4,-2.37,17274.8,-24.42,FAIL
sf_-40c_3.30v,sf,-40,3.3,50,4.7,0.05,1.79952,140,70640.5,3.46,2.2353e+06,51.73,FAIL
sf_-40c_3.30v,sf,-40,3.3,50,4.7,0.2,1.79952,140,73526.1,20.86,2.69812e+06,42.47,FAIL
sf_-40c_3.30v,sf,-40,3.3,50,4.7,0.5,1.79952,140,91041.9,50.05,2.76939e+06,34.91,PASS
sf_-40c_3.63v,sf,-40,3.63,0,0.33,0.001,1.79944,125,4058.49,0.03,4521.22,1.88,FAIL
sf_-40c_3.63v,sf,-40,3.63,0,0.33,0.05,1.79944,125,4058.48,0.06,4966.26,3.51,FAIL
sf_-40c_3.63v,sf,-40,3.63,0,0.33,0.2,1.79944,125,4058.49,0.13,8192.65,12.20,FAIL
sf_-40c_3.63v,sf,-40,3.63,0,0.33,0.5,1.79944,125,4058.5,0.27,2.22114e+06,103.02,FAIL
sf_-40c_3.63v,sf,-40,3.63,0,1,0.001,1.79944,125,2331.4,0.21,4433.69,11.17,FAIL
sf_-40c_3.63v,sf,-40,3.63,0,1,0.05,1.79944,125,2331.4,0.25,6416.96,17.59,FAIL
sf_-40c_3.63v,sf,-40,3.63,0,1,0.2,1.79944,125,2331.4,0.37,2.41847e+06,112.17,FAIL
sf_-40c_3.63v,sf,-40,3.63,0,1,0.5,1.79944,125,2331.43,0.62,2.86626e+06,106.41,FAIL
sf_-40c_3.63v,sf,-40,3.63,0,4.7,0.001,1.79944,124.9,1075.38,0.57,4482.2,24.80,FAIL
sf_-40c_3.63v,sf,-40,3.63,0,4.7,0.05,1.79944,124.9,1075.38,0.66,2.54252e+06,124.89,FAIL
sf_-40c_3.63v,sf,-40,3.63,0,4.7,0.2,1.79944,124.9,1075.39,0.93,2.9829e+06,114.84,FAIL
sf_-40c_3.63v,sf,-40,3.63,0,4.7,0.5,1.79944,124.9,1075.45,1.48,3.05767e+06,107.17,FAIL
sf_-40c_3.63v,sf,-40,3.63,0.1,0.33,0.001,1.79944,136.1,36424,-1.12,7605.04,-27.21,FAIL
sf_-40c_3.63v,sf,-40,3.63,0.1,0.33,0.05,1.79944,136.1,36424.1,-0.90,8409.24,-25.47,FAIL
sf_-40c_3.63v,sf,-40,3.63,0.1,0.33,0.2,1.79944,136.1,36426,-0.25,14881.3,-15.55,FAIL
sf_-40c_3.63v,sf,-40,3.63,0.1,0.33,0.5,1.79944,136.1,36436.8,1.04,2.4609e+06,66.45,FAIL
sf_-40c_3.63v,sf,-40,3.63,0.1,1,0.001,1.79944,136.1,20924.3,-0.62,5472.59,-23.30,FAIL
sf_-40c_3.63v,sf,-40,3.63,0.1,1,0.05,1.79944,136.1,20924.5,-0.25,8208.55,-16.26,FAIL
sf_-40c_3.63v,sf,-40,3.63,0.1,1,0.2,1.79944,136.1,20927.9,0.88,2.64645e+06,75.49,FAIL
sf_-40c_3.63v,sf,-40,3.63,0.1,1,0.5,1.79944,136.1,20947.1,3.14,3.07725e+06,69.68,FAIL
sf_-40c_3.63v,sf,-40,3.63,0.1,4.7,0.001,1.79944,136.1,9653.34,-0.23,4449.81,-13.45,FAIL
sf_-40c_3.63v,sf,-40,3.63,0.1,4.7,0.05,1.79944,136.1,9653.83,0.57,2.76464e+06,88.17,FAIL
sf_-40c_3.63v,sf,-40,3.63,0.1,4.7,0.2,1.79944,136.1,9661.24,3.02,3.19193e+06,78.14,FAIL
sf_-40c_3.63v,sf,-40,3.63,0.1,4.7,0.5,1.79944,136.1,9702.89,7.90,3.26563e+06,70.49,FAIL
sf_-40c_3.63v,sf,-40,3.63,1,0.33,0.001,1.79944,137.6,99112.6,-3.16,17595,-30.04,FAIL
sf_-40c_3.63v,sf,-40,3.63,1,0.33,0.05,1.79944,137.6,99114.4,-2.58,19394.8,-28.35,FAIL
sf_-40c_3.63v,sf,-40,3.63,1,0.33,0.2,1.79944,137.6,99150.5,-0.81,33156.7,-19.03,FAIL
sf_-40c_3.63v,sf,-40,3.63,1,0.33,0.5,1.79944,137.6,99361.8,2.70,2.33243e+06,48.48,FAIL
sf_-40c_3.63v,sf,-40,3.63,1,1,0.001,1.79944,137.6,56957,-1.79,10579.6,-29.25,FAIL
sf_-40c_3.63v,sf,-40,3.63,1,1,0.05,1.79944,137.6,56961,-0.79,15601.9,-22.50,FAIL
sf_-40c_3.63v,sf,-40,3.63,1,1,0.2,1.79944,137.6,57027,2.28,2.52268e+06,57.61,FAIL
sf_-40c_3.63v,sf,-40,3.63,1,1,0.5,1.79944,137.6,57401.9,8.39,2.95823e+06,51.96,FAIL
sf_-40c_3.63v,sf,-40,3.63,1,4.7,0.001,1.79944,137.6,26271.7,-0.78,5987.54,-25.69,FAIL
sf_-40c_3.63v,sf,-40,3.63,1,4.7,0.05,1.79944,137.6,26281.2,1.40,2.64314e+06,70.34,FAIL
sf_-40c_3.63v,sf,-40,3.63,1,4.7,0.2,1.79944,137.6,26431.4,8.04,3.07457e+06,60.45,FAIL
sf_-40c_3.63v,sf,-40,3.63,1,4.7,0.5,1.79944,137.6,27279.9,21.08,3.14787e+06,52.81,FAIL
sf_-40c_3.63v,sf,-40,3.63,10,0.33,0.001,1.79944,138.4,203131,-6.56,37854.3,-29.21,FAIL
sf_-40c_3.63v,sf,-40,3.63,10,0.33,0.05,1.79944,138.4,203145,-5.38,41631.8,-27.56,FAIL
sf_-40c_3.63v,sf,-40,3.63,10,0.33,0.2,1.79944,138.4,203457,-1.78,69586.5,-18.63,FAIL
sf_-40c_3.63v,sf,-40,3.63,10,0.33,0.5,1.79944,138.4,205298,5.35,2.24508e+06,35.58,FAIL
sf_-40c_3.63v,sf,-40,3.63,10,1,0.001,1.79944,138.4,116863,-3.75,21988.2,-29.03,FAIL
sf_-40c_3.63v,sf,-40,3.63,10,1,0.05,1.79944,138.4,116898,-1.69,32056.5,-22.48,FAIL
sf_-40c_3.63v,sf,-40,3.63,10,1,0.2,1.79944,138.4,117476,4.58,2.44048e+06,44.79,FAIL
sf_-40c_3.63v,sf,-40,3.63,10,1,0.5,1.79944,138.4,120785,16.84,2.87787e+06,39.25,FAIL
sf_-40c_3.63v,sf,-40,3.63,10,4.7,0.001,1.79944,138.4,53936.8,-1.66,10755,-28.01,FAIL
sf_-40c_3.63v,sf,-40,3.63,10,4.7,0.05,1.79944,138.4,54019.6,2.81,2.56376e+06,57.56,FAIL
sf_-40c_3.63v,sf,-40,3.63,10,4.7,0.2,1.79944,138.4,55304.3,16.29,2.99752e+06,47.76,FAIL
sf_-40c_3.63v,sf,-40,3.63,10,4.7,0.5,1.79944,138.4,62987,40.86,3.06834e+06,40.14,FAIL
sf_-40c_3.63v,sf,-40,3.63,25,0.33,0.001,1.79944,138.4,247145,-7.97,50130.8,-27.75,FAIL
sf_-40c_3.63v,sf,-40,3.63,25,0.33,0.05,1.79944,138.4,247166,-6.53,55100.2,-26.11,FAIL
sf_-40c_3.63v,sf,-40,3.63,25,0.33,0.2,1.79944,138.4,247711,-2.16,91425.9,-17.31,FAIL
sf_-40c_3.63v,sf,-40,3.63,25,0.33,0.5,1.79944,138.4,250957,6.43,2.21826e+06,32.04,FAIL
sf_-40c_3.63v,sf,-40,3.63,25,1,0.001,1.79944,138.4,142287,-4.56,29016.2,-27.63,FAIL
sf_-40c_3.63v,sf,-40,3.63,25,1,0.05,1.79944,138.4,142347,-2.06,42145.3,-21.15,FAIL
sf_-40c_3.63v,sf,-40,3.63,25,1,0.2,1.79944,138.4,143370,5.55,2.41597e+06,41.27,FAIL
sf_-40c_3.63v,sf,-40,3.63,25,1,0.5,1.79944,138.4,149421,20.26,2.85292e+06,35.76,FAIL
sf_-40c_3.63v,sf,-40,3.63,25,4.7,0.001,1.79944,138.4,65681.5,-2.02,13915.8,-26.96,FAIL
sf_-40c_3.63v,sf,-40,3.63,25,4.7,0.05,1.79944,138.4,65828.3,3.42,2.5404e+06,54.05,FAIL
sf_-40c_3.63v,sf,-40,3.63,25,4.7,0.2,1.79944,138.4,68182.7,19.71,2.97448e+06,44.28,FAIL
sf_-40c_3.63v,sf,-40,3.63,25,4.7,0.5,1.79944,138.4,82342.2,47.84,3.04359e+06,36.66,PASS
sf_-40c_3.63v,sf,-40,3.63,50,0.33,0.001,1.79944,138.1,281244,-9.01,63081.9,-26.01,FAIL
sf_-40c_3.63v,sf,-40,3.63,50,0.33,0.05,1.79944,138.1,281270,-7.38,69294.5,-24.38,FAIL
sf_-40c_3.63v,sf,-40,3.63,50,0.33,0.2,1.79944,138.1,282059,-2.41,114345,-15.68,FAIL
sf_-40c_3.63v,sf,-40,3.63,50,0.33,0.5,1.79944,138.1,286834,7.29,2.19838e+06,29.70,FAIL
sf_-40c_3.63v,sf,-40,3.63,50,1,0.001,1.79944,138.1,162027,-5.17,36456.7,-25.93,FAIL
sf_-40c_3.63v,sf,-40,3.63,50,1,0.05,1.79944,138.1,162113,-2.32,52800.4,-19.49,FAIL
sf_-40c_3.63v,sf,-40,3.63,50,1,0.2,1.79944,138.1,163624,6.32,2.39767e+06,38.94,FAIL
sf_-40c_3.63v,sf,-40,3.63,50,1,0.5,1.79944,138.1,172549,22.84,2.834e+06,33.46,FAIL
sf_-40c_3.63v,sf,-40,3.63,50,4.7,0.001,1.79944,138.1,74819.7,-2.29,17331.6,-25.41,FAIL
sf_-40c_3.63v,sf,-40,3.63,50,4.7,0.05,1.79944,138.1,75036.9,3.90,2.52303e+06,51.73,FAIL
sf_-40c_3.63v,sf,-40,3.63,50,4.7,0.2,1.79944,138.1,78511.9,22.32,2.95723e+06,41.98,FAIL
sf_-40c_3.63v,sf,-40,3.63,50,4.7,0.5,1.79944,138.1,99633.5,52.49,3.02472e+06,34.36,PASS
sf_27c_2.97v,sf,27,2.97,0,0.33,0.001,1.79948,128.1,2911.8,-0.03,2509.91,-2.58,FAIL
sf_27c_2.97v,sf,27,2.97,0,0.33,0.05,1.79948,128.1,2911.8,-0.02,2680.85,-1.44,FAIL
sf_27c_2.97v,sf,27,2.97,0,0.33,0.2,1.79948,128.1,2911.8,0.03,3549.31,3.44,FAIL
sf_27c_2.97v,sf,27,2.97,0,0.33,0.5,1.79948,128.1,2911.8,0.14,1.1199e+06,100.86,FAIL
sf_27c_2.97v,sf,27,2.97,0,1,0.001,1.79948,128.1,1672.66,0.08,2391.83,6.21,FAIL
sf_27c_2.97v,sf,27,2.97,0,1,0.05,1.79948,128.1,1672.66,0.11,3024.77,10.29,FAIL
sf_27c_2.97v,sf,27,2.97,0,1,0.2,1.79948,128.1,1672.66,0.20,1.42832e+06,112.69,FAIL
sf_27c_2.97v,sf,27,2.97,0,1,0.5,1.79948,128.1,1672.67,0.38,2.00707e+06,109.73,FAIL
sf_27c_2.97v,sf,27,2.97,0,4.7,0.001,1.79948,127.9,771.612,0.30,2375.85,19.54,FAIL
sf_27c_2.97v,sf,27,2.97,0,4.7,0.05,1.79948,127.9,771.612,0.36,1.60081e+06,126.47,FAIL
sf_27c_2.97v,sf,27,2.97,0,4.7,0.2,1.79948,127.9,771.616,0.56,2.14322e+06,118.57,FAIL
sf_27c_2.97v,sf,27,2.97,0,4.7,0.5,1.79948,127.9,771.637,0.95,2.22838e+06,111.11,FAIL
sf_27c_2.97v,sf,27,2.97,0.1,0.33,0.001,1.79948,141.7,27915.5,-1.21,5460.66,-28.34,FAIL
sf_27c_2.97v,sf,27,2.97,0.1,0.33,0.05,1.79948,141.7,27915.5,-1.04,5853.42,-27.14,FAIL
sf_27c_2.97v,sf,27,2.97,0.1,0.33,0.2,1.79948,141.7,27916.3,-0.55,7929.91,-21.86,FAIL
sf_27c_2.97v,sf,27,2.97,0.1,0.33,0.5,1.79948,141.7,27921.1,0.45,1.32688e+06,64.19,FAIL
sf_27c_2.97v,sf,27,2.97,0.1,1,0.001,1.79948,141.7,16036.8,-0.68,3554.55,-26.17,FAIL
sf_27c_2.97v,sf,27,2.97,0.1,1,0.05,1.79948,141.7,16036.9,-0.40,4566.99,-21.82,FAIL
sf_27c_2.97v,sf,27,2.97,0.1,1,0.2,1.79948,141.7,16038.4,0.47,1.61783e+06,75.36,FAIL
sf_27c_2.97v,sf,27,2.97,0.1,1,0.5,1.79948,141.7,16046.9,2.20,2.19211e+06,72.12,FAIL
sf_27c_2.97v,sf,27,2.97,0.1,4.7,0.001,1.79948,141.7,7397.83,-0.28,2467.26,-19.08,FAIL
sf_27c_2.97v,sf,27,2.97,0.1,4.7,0.05,1.79948,141.7,7398.05,0.33,1.78589e+06,88.97,FAIL
sf_27c_2.97v,sf,27,2.97,0.1,4.7,0.2,1.79948,141.7,7401.34,2.21,2.3313e+06,80.99,FAIL
sf_27c_2.97v,sf,27,2.97,0.1,4.7,0.5,1.79948,141.7,7419.88,5.95,2.41885e+06,73.57,FAIL
sf_27c_2.97v,sf,27,2.97,1,0.33,0.001,1.79948,142.9,77214.5,-3.48,13849.9,-29.85,FAIL
sf_27c_2.97v,sf,27,2.97,1,0.33,0.05,1.79948,142.9,77215.1,-3.03,14808.3,-28.70,FAIL
sf_27c_2.97v,sf,27,2.97,1,0.33,0.2,1.79948,142.9,77231.9,-1.66,19734.1,-23.71,FAIL
sf_27c_2.97v,sf,27,2.97,1,0.33,0.5,1.79948,142.9,77332.6,1.09,1.18524e+06,44.95,FAIL
sf_27c_2.97v,sf,27,2.97,1,1,0.001,1.79948,142.9,44374.1,-1.99,8123.26,-29.50,FAIL
sf_27c_2.97v,sf,27,2.97,1,1,0.05,1.79948,142.9,44375.9,-1.21,10320.9,-25.34,FAIL
sf_27c_2.97v,sf,27,2.97,1,1,0.2,1.79948,142.9,44407.4,1.19,1.49046e+06,56.67,FAIL
sf_27c_2.97v,sf,27,2.97,1,1,0.5,1.79948,142.9,44587.6,5.96,2.07509e+06,53.91,FAIL
sf_27c_2.97v,sf,27,2.97,1,4.7,0.001,1.79948,142.9,20471.9,-0.88,4154.49,-27.70,FAIL
sf_27c_2.97v,sf,27,2.97,1,4.7,0.05,1.79948,142.9,20476.4,0.81,1.66363e+06,70.47,FAIL
sf_27c_2.97v,sf,27,2.97,1,4.7,0.2,1.79948,142.9,20545.9,6.00,2.21564e+06,62.85,FAIL
sf_27c_2.97v,sf,27,2.97,1,4.7,0.5,1.79948,142.9,20938.3,16.24,2.30297e+06,55.46,FAIL
sf_27c_2.97v,sf,27,2.97,10,0.33,0.001,1.79948,142.1,161910,-7.42,32029.1,-28.18,FAIL
sf_27c_2.97v,sf,27,2.97,10,0.33,0.05,1.79948,142.1,161915,-6.48,34175.7,-27.05,FAIL
sf_27c_2.97v,sf,27,2.97,10,0.33,0.2,1.79948,142.1,162064,-3.60,45031.8,-22.26,FAIL
sf_27c_2.97v,sf,27,2.97,10,0.33,0.5,1.79948,142.1,162976,2.09,1.08782e+06,30.86,FAIL
sf_27c_2.97v,sf,27,2.97,10,1,0.001,1.79948,142.1,93181.1,-4.25,18506,-28.09,FAIL
sf_27c_2.97v,sf,27,2.97,10,1,0.05,1.79948,142.1,93197,-2.61,23330.1,-24.07,FAIL
sf_27c_2.97v,sf,27,2.97,10,1,0.2,1.79948,142.1,93484.2,2.40,1.4045e+06,43.03,FAIL
sf_27c_2.97v,sf,27,2.97,10,1,0.5,1.79948,142.1,95133.7,12.25,1.99584e+06,40.65,FAIL
sf_27c_2.97v,sf,27,2.97,10,4.7,0.001,1.79948,142.1,43010.7,-1.91,8794.25,-27.58,FAIL
sf_27c_2.97v,sf,27,2.97,10,4.7,0.05,1.79948,142.1,43051.9,1.66,1.58211e+06,56.99,FAIL
sf_27c_2.97v,sf,27,2.97,10,4.7,0.2,1.79948,142.1,43692.4,12.46,2.13886e+06,49.64,FAIL
sf_27c_2.97v,sf,27,2.97,10,4.7,0.5,1.79948,142.1,47510.1,32.84,2.2246e+06,42.27,FAIL
sf_27c_2.97v,sf,27,2.97,25,0.33,0.001,1.79948,140.4,197138,-8.98,44494,-25.91,FAIL
sf_27c_2.97v,sf,27,2.97,25,0.33,0.05,1.79948,140.4,197142,-7.83,47443.8,-24.79,FAIL
sf_27c_2.97v,sf,27,2.97,25,0.33,0.2,1.79948,140.4,197395,-4.34,62306.1,-20.05,FAIL
sf_27c_2.97v,sf,27,2.97,25,0.33,0.5,1.79948,140.4,198990,2.54,1.06102e+06,27.07,FAIL
sf_27c_2.97v,sf,27,2.97,25,1,0.001,1.79948,140.4,113559,-5.16,25674.1,-25.85,FAIL
sf_27c_2.97v,sf,27,2.97,25,1,0.05,1.79948,140.4,113585,-3.16,32292.6,-21.86,FAIL
sf_27c_2.97v,sf,27,2.97,25,1,0.2,1.79948,140.4,114090,2.93,1.38055e+06,39.37,FAIL
sf_27c_2.97v,sf,27,2.97,25,1,0.5,1.79948,140.4,117121,14.81,1.97306e+06,37.10,FAIL
sf_27c_2.97v,sf,27,2.97,25,4.7,0.001,1.79948,140.4,52428.5,-2.31,12102.2,-25.47,FAIL
sf_27c_2.97v,sf,27,2.97,25,4.7,0.05,1.79948,140.4,52501.9,2.03,1.55912e+06,53.37,FAIL
sf_27c_2.97v,sf,27,2.97,25,4.7,0.2,1.79948,140.4,53694.2,15.13,2.11727e+06,46.11,FAIL
sf_27c_2.97v,sf,27,2.97,25,4.7,0.5,1.79948,140.4,60707.5,39.04,2.20176e+06,38.75,FAIL
sf_27c_2.97v,sf,27,2.97,50,0.33,0.001,1.79948,138,223485,-10.02,59075,-23.17,FAIL
sf_27c_2.97v,sf,27,2.97,50,0.33,0.05,1.79948,138,223481,-8.72,62954.6,-22.06,FAIL
sf_27c_2.97v,sf,27,2.97,50,0.33,0.2,1.79948,138,223825,-4.78,82459.6,-17.37,FAIL
sf_27c_2.97v,sf,27,2.97,50,0.33,0.5,1.79948,138,226116,2.97,1.04298e+06,24.65,FAIL
sf_27c_2.97v,sf,27,2.97,50,1,0.001,1.79948,138,128846,-5.77,34073,-23.13,FAIL
sf_27c_2.97v,sf,27,2.97,50,1,0.05,1.79948,138,128880,-3.50,42780.3,-19.17,FAIL
sf_27c_2.97v,sf,27,2.97,50,1,0.2,1.79948,138,129609,3.39,1.36206e+06,37.01,FAIL
sf_27c_2.97v,sf,27,2.97,50,1,0.5,1.79948,138,133988,16.73,1.95558e+06,34.83,FAIL
sf_27c_2.97v,sf,27,2.97,50,4.7,0.001,1.79948,138,59513.7,-2.59,16006.9,-22.82,FAIL
sf_27c_2.97v,sf,27,2.97,50,4.7,0.05,1.79948,138,59618.4,2.34,1.54172e+06,51.04,FAIL
sf_27c_2.97v,sf,27,2.97,50,4.7,0.2,1.79948,138,61341.9,17.13,2.10076e+06,43.85,FAIL
sf_27c_2.97v,sf,27,2.97,50,4.7,0.5,1.79948,138,71698,43.30,2.1841e+06,36.50,FAIL
sf_27c_3.30v,sf,27,3.3,0,0.33,0.001,1.79944,124.5,3084.75,0.02,3352.98,1.45,FAIL
sf_27c_3.30v,sf,27,3.3,0,0.33,0.05,1.79944,124.5,3084.75,0.04,3606.8,2.72,FAIL
sf_27c_3.30v,sf,27,3.3,0,0.33,0.2,1.79944,124.5,3084.75,0.10,5008.6,8.42,FAIL
sf_27c_3.30v,sf,27,3.3,0,0.33,0.5,1.79944,124.5,3084.75,0.21,1.46726e+06,103.34,FAIL
sf_27c_3.30v,sf,27,3.3,0,1,0.001,1.79944,124.5,1772.04,0.18,3261.44,10.60,FAIL
sf_27c_3.30v,sf,27,3.3,0,1,0.05,1.79944,124.5,1772.04,0.21,4261.43,15.24,FAIL
sf_27c_3.30v,sf,27,3.3,0,1,0.2,1.79944,124.5,1772.04,0.31,1.73126e+06,113.82,FAIL
sf_27c_3.30v,sf,27,3.3,0,1,0.5,1.79944,124.5,1772.05,0.50,2.26624e+06,109.66,FAIL
sf_27c_3.30v,sf,27,3.3,0,4.7,0.001,1.79944,124.3,817.361,0.51,3272.86,24.10,FAIL
sf_27c_3.30v,sf,27,3.3,0,4.7,0.05,1.79944,124.3,817.361,0.57,1.88632e+06,127.12,FAIL
sf_27c_3.30v,sf,27,3.3,0,4.7,0.2,1.79944,124.3,817.366,0.78,2.39688e+06,118.34,FAIL
sf_27c_3.30v,sf,27,3.3,0,4.7,0.5,1.79944,124.3,817.39,1.20,2.47933e+06,110.79,FAIL
sf_27c_3.30v,sf,27,3.3,0.1,0.33,0.001,1.79944,138.6,29636.2,-1.14,5952.11,-27.89,FAIL
sf_27c_3.30v,sf,27,3.3,0.1,0.33,0.05,1.79944,138.6,29636.3,-0.97,6436.36,-26.53,FAIL
sf_27c_3.30v,sf,27,3.3,0.1,0.33,0.2,1.79944,138.6,29637.2,-0.44,9270.71,-20.19,FAIL
sf_27c_3.30v,sf,27,3.3,0.1,0.33,0.5,1.79944,138.6,29642.9,0.61,1.73059e+06,66.50,FAIL
sf_27c_3.30v,sf,27,3.3,0.1,1,0.001,1.79944,138.6,17025.7,-0.64,4098.98,-24.74,FAIL
sf_27c_3.30v,sf,27,3.3,0.1,1,0.05,1.79944,138.6,17025.8,-0.34,5482.4,-19.68,FAIL
sf_27c_3.30v,sf,27,3.3,0.1,1,0.2,1.79944,138.6,17027.5,0.58,1.97796e+06,76.56,FAIL
sf_27c_3.30v,sf,27,3.3,0.1,1,0.5,1.79944,138.6,17037.6,2.42,2.50196e+06,72.15,FAIL
sf_27c_3.30v,sf,27,3.3,0.1,4.7,0.001,1.79944,138.6,7853,-0.25,3133.87,-15.96,FAIL
sf_27c_3.30v,sf,27,3.3,0.1,4.7,0.05,1.79944,138.6,7853.26,0.40,2.12724e+06,89.72,FAIL
sf_27c_3.30v,sf,27,3.3,0.1,4.7,0.2,1.79944,138.6,7857.15,2.39,2.63364e+06,80.84,FAIL
sf_27c_3.30v,sf,27,3.3,0.1,4.7,0.5,1.79944,138.6,7879.03,6.37,2.71731e+06,73.33,FAIL
sf_27c_3.30v,sf,27,3.3,1,0.33,0.001,1.79944,140.4,82073.7,-3.31,14460.5,-30.16,FAIL
sf_27c_3.30v,sf,27,3.3,1,0.33,0.05,1.79944,140.4,82074.5,-2.84,15593,-28.86,FAIL
sf_27c_3.30v,sf,27,3.3,1,0.33,0.2,1.79944,140.4,82094.7,-1.38,21973.9,-22.90,FAIL
sf_27c_3.30v,sf,27,3.3,1,0.33,0.5,1.79944,140.4,82214.5,1.54,1.57717e+06,47.62,FAIL
sf_27c_3.30v,sf,27,3.3,1,1,0.001,1.79944,140.4,47166.3,-1.89,8573.66,-29.62,FAIL
sf_27c_3.30v,sf,27,3.3,1,1,0.05,1.79944,140.4,47168.5,-1.06,11311.3,-24.81,FAIL
sf_27c_3.30v,sf,27,3.3,1,1,0.2,1.79944,140.4,47205.9,1.49,1.83464e+06,57.98,FAIL
sf_27c_3.30v,sf,27,3.3,1,1,0.5,1.79944,140.4,47419.4,6.55,2.36785e+06,53.93,FAIL
sf_27c_3.30v,sf,27,3.3,1,4.7,0.001,1.79944,140.4,21756.8,-0.83,4591.49,-27.03,FAIL
sf_27c_3.30v,sf,27,3.3,1,4.7,0.05,1.79944,140.4,21762.2,0.97,1.98824e+06,71.28,FAIL
sf_27c_3.30v,sf,27,3.3,1,4.7,0.2,1.79944,140.4,21844.4,6.48,2.50114e+06,62.69,FAIL
sf_27c_3.30v,sf,27,3.3,1,4.7,0.5,1.79944,140.4,22327.1,17.35,2.5847e+06,55.20,FAIL
sf_27c_3.30v,sf,27,3.3,10,0.33,0.001,1.79944,140.9,172896,-7.11,32674.5,-28.98,FAIL
sf_27c_3.30v,sf,27,3.3,10,0.33,0.05,1.79944,140.9,172902,-6.11,35150.4,-27.71,FAIL
sf_27c_3.30v,sf,27,3.3,10,0.33,0.2,1.79944,140.9,173085,-3.04,48821.7,-22.00,FAIL
sf_27c_3.30v,sf,27,3.3,10,0.33,0.5,1.79944,140.9,174202,3.03,1.47237e+06,33.76,FAIL
sf_27c_3.30v,sf,27,3.3,10,1,0.001,1.79944,140.9,99491.5,-4.08,18909.6,-28.86,FAIL
sf_27c_3.30v,sf,27,3.3,10,1,0.05,1.79944,140.9,99511.4,-2.32,24714.7,-24.21,FAIL
sf_27c_3.30v,sf,27,3.3,10,1,0.2,1.79944,140.9,99856.8,3.02,1.73909e+06,44.39,FAIL
sf_27c_3.30v,sf,27,3.3,10,1,0.5,1.79944,140.9,101920,13.53,2.2778e+06,40.60,FAIL
sf_27c_3.30v,sf,27,3.3,10,4.7,0.001,1.79944,140.9,45922.4,-1.82,9072.02,-28.18,FAIL
sf_27c_3.30v,sf,27,3.3,10,4.7,0.05,1.79944,140.9,45974.3,1.99,1.89642e+06,57.78,FAIL
sf_27c_3.30v,sf,27,3.3,10,4.7,0.2,1.79944,140.9,46775,13.51,2.41388e+06,49.41,FAIL
sf_27c_3.30v,sf,27,3.3,10,4.7,0.5,1.79944,140.9,51448.3,35.07,2.4956e+06,41.94,FAIL
sf_27c_3.30v,sf,27,3.3,25,0.33,0.001,1.79944,140.2,210956,-8.65,44429.8,-27.11,FAIL
sf_27c_3.30v,sf,27,3.3,25,0.33,0.05,1.79944,140.2,210966,-7.43,47758.4,-25.85,FAIL
sf_27c_3.30v,sf,27,3.3,25,0.33,0.2,1.79944,140.2,211298,-3.69,66062.4,-20.21,FAIL
sf_27c_3.30v,sf,27,3.3,25,0.33,0.5,1.79944,140.2,213331,3.67,1.4455e+06,30.06,FAIL
sf_27c_3.30v,sf,27,3.3,25,1,0.001,1.79944,140.2,121499,-4.97,25659.3,-27.03,FAIL
sf_27c_3.30v,sf,27,3.3,25,1,0.05,1.79944,140.2,121534,-2.83,33444.6,-22.42,FAIL
sf_27c_3.30v,sf,27,3.3,25,1,0.2,1.79944,140.2,122176,3.68,1.71398e+06,40.74,FAIL
sf_27c_3.30v,sf,27,3.3,25,1,0.5,1.79944,140.2,125863,16.35,2.2539e+06,37.04,FAIL
sf_27c_3.30v,sf,27,3.3,25,4.7,0.001,1.79944,140.2,56104.1,-2.22,12158.9,-26.57,FAIL
sf_27c_3.30v,sf,27,3.3,25,4.7,0.05,1.79944,140.2,56196.3,2.42,1.87271e+06,54.17,FAIL
sf_27c_3.30v,sf,27,3.3,25,4.7,0.2,1.79944,140.2,57631.5,16.41,2.39134e+06,45.85,FAIL
sf_27c_3.30v,sf,27,3.3,25,4.7,0.5,1.79944,140.2,66300.2,41.61,2.47194e+06,38.39,FAIL
sf_27c_3.30v,sf,27,3.3,50,0.33,0.001,1.79943,138.9,239614,-9.73,57446,-24.87,FAIL
sf_27c_3.30v,sf,27,3.3,50,0.33,0.05,1.79943,138.9,239620,-8.34,61747.8,-23.62,FAIL
sf_27c_3.30v,sf,27,3.3,50,0.33,0.2,1.79943,138.9,240076,-4.11,85161.8,-18.03,FAIL
sf_27c_3.30v,sf,27,3.3,50,0.33,0.5,1.79943,138.9,243034,4.19,1.42619e+06,27.66,FAIL
sf_27c_3.30v,sf,27,3.3,50,1,0.001,1.79943,138.9,138108,-5.60,33149.6,-24.81,FAIL
sf_27c_3.30v,sf,27,3.3,50,1,0.05,1.79943,138.9,138156,-3.16,43137.1,-20.24,FAIL
sf_27c_3.30v,sf,27,3.3,50,1,0.2,1.79943,138.9,139096,4.22,1.69608e+06,38.39,FAIL
sf_27c_3.30v,sf,27,3.3,50,1,0.5,1.79943,138.9,144528,18.46,2.23646e+06,34.75,FAIL
sf_27c_3.30v,sf,27,3.3,50,4.7,0.001,1.79943,138.9,63800.4,-2.50,15631.7,-24.44,FAIL
sf_27c_3.30v,sf,27,3.3,50,4.7,0.05,1.79943,138.9,63935.4,2.78,1.85574e+06,51.84,FAIL
sf_27c_3.30v,sf,27,3.3,50,4.7,0.2,1.79943,138.9,66052.7,18.59,2.37515e+06,43.57,FAIL
sf_27c_3.30v,sf,27,3.3,50,4.7,0.5,1.79943,138.9,78947.9,46.06,2.45453e+06,36.11,PASS
sf_27c_3.63v,sf,27,3.63,0,0.33,0.001,1.79932,118.8,3241.41,0.17,4990.92,7.50,FAIL
sf_27c_3.63v,sf,27,3.63,0,0.33,0.05,1.79932,118.8,3241.41,0.19,5409.96,8.90,FAIL
sf_27c_3.63v,sf,27,3.63,0,0.33,0.2,1.79932,118.8,3241.41,0.25,7928.07,15.54,FAIL
sf_27c_3.63v,sf,27,3.63,0,0.33,0.5,1.79932,118.8,3241.41,0.37,1.77934e+06,104.70,FAIL
sf_27c_3.63v,sf,27,3.63,0,1,0.001,1.79932,118.8,1862.03,0.44,4933.89,16.93,FAIL
sf_27c_3.63v,sf,27,3.63,0,1,0.05,1.79932,118.8,1862.03,0.47,6672.32,22.17,FAIL
sf_27c_3.63v,sf,27,3.63,0,1,0.2,1.79932,118.8,1862.03,0.57,2.01347e+06,114.47,FAIL
sf_27c_3.63v,sf,27,3.63,0,1,0.5,1.79932,118.8,1862.04,0.77,2.51399e+06,109.52,FAIL
sf_27c_3.63v,sf,27,3.63,0,4.7,0.001,1.79932,118.7,858.796,1.06,4990.62,30.57,FAIL
sf_27c_3.63v,sf,27,3.63,0,4.7,0.05,1.79932,118.7,858.796,1.13,2.1556e+06,127.48,FAIL
sf_27c_3.63v,sf,27,3.63,0,4.7,0.2,1.79932,118.7,858.801,1.35,2.63977e+06,118.08,FAIL
sf_27c_3.63v,sf,27,3.63,0,4.7,0.5,1.79932,118.7,858.83,1.78,2.71968e+06,110.47,FAIL
sf_27c_3.63v,sf,27,3.63,0.1,0.33,0.001,1.79932,133.1,31205.6,-1.08,6929.62,-26.14,FAIL
sf_27c_3.63v,sf,27,3.63,0.1,0.33,0.05,1.79932,133.1,31205.7,-0.90,7560.61,-24.63,FAIL
sf_27c_3.63v,sf,27,3.63,0.1,0.33,0.2,1.79932,133.1,31206.8,-0.34,11704.7,-17.04,FAIL
sf_27c_3.63v,sf,27,3.63,0.1,0.33,0.5,1.79932,133.1,31213.4,0.77,2.09578e+06,67.76,FAIL
sf_27c_3.63v,sf,27,3.63,0.1,1,0.001,1.79932,133.1,17927.4,-0.59,5286.99,-21.21,FAIL
sf_27c_3.63v,sf,27,3.63,0.1,1,0.05,1.79932,133.1,17927.5,-0.28,7387.83,-15.40,FAIL
sf_27c_3.63v,sf,27,3.63,0.1,1,0.2,1.79932,133.1,17929.6,0.69,2.31318e+06,77.23,FAIL
sf_27c_3.63v,sf,27,3.63,0.1,1,0.5,1.79932,133.1,17941.3,2.63,2.79678e+06,72.07,FAIL
sf_27c_3.63v,sf,27,3.63,0.1,4.7,0.001,1.79932,133.1,8268.49,-0.20,4561.3,-10.33,FAIL
sf_27c_3.63v,sf,27,3.63,0.1,4.7,0.05,1.79932,133.1,8268.79,0.49,2.44826e+06,90.13,FAIL
sf_27c_3.63v,sf,27,3.63,0.1,4.7,0.2,1.79932,133.1,8273.31,2.58,2.92184e+06,80.64,FAIL
sf_27c_3.63v,sf,27,3.63,0.1,4.7,0.5,1.79932,133.1,8298.7,6.77,3.00169e+06,73.05,FAIL
sf_27c_3.63v,sf,27,3.63,1,0.33,0.001,1.79932,135,86504.7,-3.17,15258.2,-30.15,FAIL
sf_27c_3.63v,sf,27,3.63,1,0.33,0.05,1.79932,135,86505.8,-2.66,16586.6,-28.70,FAIL
sf_27c_3.63v,sf,27,3.63,1,0.33,0.2,1.79932,135,86529.6,-1.12,24930.6,-21.62,FAIL
sf_27c_3.63v,sf,27,3.63,1,0.33,0.5,1.79932,135,86669.4,1.95,1.92564e+06,49.04,FAIL
sf_27c_3.63v,sf,27,3.63,1,1,0.001,1.79932,135,49712,-1.80,9317.73,-29.09,FAIL
sf_27c_3.63v,sf,27,3.63,1,1,0.05,1.79932,135,49714.7,-0.92,12795.1,-23.58,FAIL
sf_27c_3.63v,sf,27,3.63,1,1,0.2,1.79932,135,49758.4,1.76,2.15132e+06,58.72,FAIL
sf_27c_3.63v,sf,27,3.63,1,1,0.5,1.79932,135,50006.9,7.10,2.64348e+06,53.84,FAIL
sf_27c_3.63v,sf,27,3.63,1,4.7,0.001,1.79932,135,22930.6,-0.78,5539.33,-24.68,FAIL
sf_27c_3.63v,sf,27,3.63,1,4.7,0.05,1.79932,135,22937.1,1.12,2.29045e+06,71.72,FAIL
sf_27c_3.63v,sf,27,3.63,1,4.7,0.2,1.79932,135,23037.4,6.92,2.77026e+06,62.47,FAIL
sf_27c_3.63v,sf,27,3.63,1,4.7,0.5,1.79932,135,23600.8,18.36,2.85009e+06,54.91,FAIL
sf_27c_3.63v,sf,27,3.63,10,0.33,0.001,1.79932,136.4,182982,-6.85,33553.7,-29.50,FAIL
sf_27c_3.63v,sf,27,3.63,10,0.33,0.05,1.79932,136.4,182991,-5.79,36381.1,-28.09,FAIL
sf_27c_3.63v,sf,27,3.63,10,0.33,0.2,1.79932,136.4,183220,-2.54,53591.7,-21.36,FAIL
sf_27c_3.63v,sf,27,3.63,10,0.33,0.5,1.79932,136.4,184577,3.89,1.80742e+06,35.25,FAIL
sf_27c_3.63v,sf,27,3.63,10,1,0.001,1.79932,136.4,105286,-3.92,19514.6,-29.29,FAIL
sf_27c_3.63v,sf,27,3.63,10,1,0.05,1.79932,136.4,105311,-2.07,26471.2,-23.99,FAIL
sf_27c_3.63v,sf,27,3.63,10,1,0.2,1.79932,136.4,105738,3.59,2.04099e+06,45.10,FAIL
sf_27c_3.63v,sf,27,3.63,10,1,0.5,1.79932,136.4,108169,14.69,2.53848e+06,40.44,FAIL
sf_27c_3.63v,sf,27,3.63,10,4.7,0.001,1.79932,136.4,48601.7,-1.74,9596.28,-28.18,FAIL
sf_27c_3.63v,sf,27,3.63,10,4.7,0.05,1.79932,136.4,48662.9,2.28,2.18389e+06,58.18,FAIL
sf_27c_3.63v,sf,27,3.63,10,4.7,0.2,1.79932,136.4,49602.4,14.46,2.66841e+06,49.11,FAIL
sf_27c_3.63v,sf,27,3.63,10,4.7,0.5,1.79932,136.4,55163.1,37.07,2.74628e+06,41.57,FAIL
sf_27c_3.63v,sf,27,3.63,25,0.33,0.001,1.79932,136.7,223618,-8.37,44898.2,-27.94,FAIL
sf_27c_3.63v,sf,27,3.63,25,0.33,0.05,1.79932,136.7,223632,-7.07,48653.4,-26.54,FAIL
sf_27c_3.63v,sf,27,3.63,25,0.33,0.2,1.79932,136.7,224033,-3.11,71250.6,-19.91,FAIL
sf_27c_3.63v,sf,27,3.63,25,0.33,0.5,1.79932,136.7,226446,4.68,1.77518e+06,31.54,FAIL
sf_27c_3.63v,sf,27,3.63,25,1,0.001,1.79932,136.7,128773,-4.80,25984.4,-27.82,FAIL
sf_27c_3.63v,sf,27,3.63,25,1,0.05,1.79932,136.7,128816,-2.53,35133.2,-22.58,FAIL
sf_27c_3.63v,sf,27,3.63,25,1,0.2,1.79932,136.7,129578,4.36,2.0117e+06,41.45,FAIL
sf_27c_3.63v,sf,27,3.63,25,1,0.5,1.79932,136.7,134028,17.76,2.51002e+06,36.85,FAIL
sf_27c_3.63v,sf,27,3.63,25,4.7,0.001,1.79932,136.7,59452.8,-2.14,12460.7,-27.15,FAIL
sf_27c_3.63v,sf,27,3.63,25,4.7,0.05,1.79932,136.7,59562.1,2.78,2.15569e+06,54.54,FAIL
sf_27c_3.63v,sf,27,3.63,25,4.7,0.2,1.79932,136.7,61295.9,17.59,2.6415e+06,45.53,FAIL
sf_27c_3.63v,sf,27,3.63,25,4.7,0.5,1.79932,136.7,71680.7,43.88,2.71822e+06,38.00,FAIL
sf_27c_3.63v,sf,27,3.63,50,0.33,0.001,1.79932,136.6,254365,-9.46,57024.6,-26.03,FAIL
sf_27c_3.63v,sf,27,3.63,50,0.33,0.05,1.79932,136.6,254380,-7.98,61768.8,-24.64,FAIL
sf_27c_3.63v,sf,27,3.63,50,0.33,0.2,1.79932,136.6,254956,-3.49,90104.7,-18.08,FAIL
sf_27c_3.63v,sf,27,3.63,50,0.33,0.5,1.79932,136.6,258494,5.31,1.75449e+06,29.16,FAIL
sf_27c_3.63v,sf,27,3.63,50,1,0.001,1.79932,136.6,146588,-5.44,32940.2,-25.95,FAIL
sf_27c_3.63v,sf,27,3.63,50,1,0.05,1.79932,136.6,146650,-2.86,44441.6,-20.75,FAIL
sf_27c_3.63v,sf,27,3.63,50,1,0.2,1.79932,136.6,147772,4.97,1.99254e+06,39.09,FAIL
sf_27c_3.63v,sf,27,3.63,50,1,0.5,1.79932,136.6,154343,20.04,2.49105e+06,34.54,FAIL
sf_27c_3.63v,sf,27,3.63,50,4.7,0.001,1.79932,136.6,67704,-2.42,15630.5,-25.47,FAIL
sf_27c_3.63v,sf,27,3.63,50,4.7,0.05,1.79932,136.6,67865.2,3.18,2.13732e+06,52.20,FAIL
sf_27c_3.63v,sf,27,3.63,50,4.7,0.2,1.79932,136.6,70425.4,19.93,2.62386e+06,43.23,FAIL
sf_27c_3.63v,sf,27,3.63,50,4.7,0.5,1.79932,136.6,85936.5,48.46,2.69941e+06,35.70,PASS
sf_125c_2.97v,sf,125,2.97,0,0.33,0.001,1.79933,104,2141.92,1.03,6583.33,19.51,FAIL
sf_125c_2.97v,sf,125,2.97,0,0.33,0.05,1.79933,104,2141.92,1.05,6946.59,20.44,FAIL
sf_125c_2.97v,sf,125,2.97,0,0.33,0.2,1.79933,104,2141.92,1.09,8598.19,24.14,FAIL
sf_125c_2.97v,sf,125,2.97,0,0.33,0.5,1.79933,104,2141.92,1.16,379037,89.51,FAIL
sf_125c_2.97v,sf,125,2.97,0,1,0.001,1.79933,104,1230.19,1.92,6562.81,29.08,FAIL
sf_125c_2.97v,sf,125,2.97,0,1,0.05,1.79933,104,1230.19,1.94,7900.05,32.30,FAIL
sf_125c_2.97v,sf,125,2.97,0,1,0.2,1.79933,104,1230.2,2.01,889859,111.89,FAIL
sf_125c_2.97v,sf,125,2.97,0,1,0.5,1.79933,104,1230.2,2.14,1.56594e+06,112.69,FAIL
sf_125c_2.97v,sf,125,2.97,0,4.7,0.001,1.79933,103.8,566.802,4.27,6626.79,42.69,FAIL
sf_125c_2.97v,sf,125,2.97,0,4.7,0.05,1.79933,103.8,566.802,4.32,1.10766e+06,127.46,FAIL
sf_125c_2.97v,sf,125,2.97,0,4.7,0.2,1.79933,103.8,566.803,4.46,1.71016e+06,121.87,FAIL
sf_125c_2.97v,sf,125,2.97,0,4.7,0.5,1.79933,103.8,566.811,4.75,1.79876e+06,114.58,FAIL
sf_125c_2.97v,sf,125,2.97,0.1,0.33,0.001,1.79932,136.9,23065.1,-1.15,4811.96,-27.23,FAIL
sf_125c_2.97v,sf,125,2.97,0.1,0.33,0.05,1.79932,136.9,23065.1,-1.01,5106.79,-26.20,FAIL
sf_125c_2.97v,sf,125,2.97,0.1,0.33,0.2,1.79932,136.9,23065.6,-0.60,6514.95,-21.96,FAIL
sf_125c_2.97v,sf,125,2.97,0.1,0.33,0.5,1.79932,136.9,23068.3,0.22,804902,60.39,FAIL
sf_125c_2.97v,sf,125,2.97,0.1,1,0.001,1.79932,136.9,13250.1,-0.64,3338.46,-23.95,FAIL
sf_125c_2.97v,sf,125,2.97,0.1,1,0.05,1.79932,136.9,13250.2,-0.41,4111.49,-20.33,FAIL
sf_125c_2.97v,sf,125,2.97,0.1,1,0.2,1.79932,136.9,13251,0.31,1.19249e+06,74.96,FAIL
sf_125c_2.97v,sf,125,2.97,0.1,1,0.5,1.79932,136.9,13255.9,1.74,1.85032e+06,74.06,FAIL
sf_125c_2.97v,sf,125,2.97,0.1,4.7,0.001,1.79932,136.9,6112.7,-0.25,2572.46,-15.04,FAIL
sf_125c_2.97v,sf,125,2.97,0.1,4.7,0.05,1.79932,136.9,6112.82,0.25,1.39374e+06,89.56,FAIL
sf_125c_2.97v,sf,125,2.97,0.1,4.7,0.2,1.79932,136.9,6114.69,1.80,2.00061e+06,83.21,FAIL
sf_125c_2.97v,sf,125,2.97,0.1,4.7,0.5,1.79932,136.9,6125.22,4.90,2.09427e+06,75.94,FAIL
sf_125c_2.97v,sf,125,2.97,1,0.33,0.001,1.79932,139.3,65045,-3.41,11813.4,-29.64,FAIL
sf_125c_2.97v,sf,125,2.97,1,0.33,0.05,1.79932,139.3,65045.3,-3.03,12501.4,-28.66,FAIL
sf_125c_2.97v,sf,125,2.97,1,0.33,0.2,1.79932,139.3,65055.1,-1.88,15722.4,-24.67,FAIL
sf_125c_2.97v,sf,125,2.97,1,0.33,0.5,1.79932,139.3,65114.1,0.44,630756,38.58,FAIL
sf_125c_2.97v,sf,125,2.97,1,1,0.001,1.79932,139.3,37380,-1.95,6986.17,-29.14,FAIL
sf_125c_2.97v,sf,125,2.97,1,1,0.05,1.79932,139.3,37381.1,-1.29,8513.42,-25.70,FAIL
sf_125c_2.97v,sf,125,2.97,1,1,0.2,1.79932,139.3,37399.5,0.73,1.05813e+06,55.31,FAIL
sf_125c_2.97v,sf,125,2.97,1,1,0.5,1.79932,139.3,37505.7,4.75,1.73079e+06,55.35,FAIL
sf_125c_2.97v,sf,125,2.97,1,4.7,0.001,1.79932,139.3,17243,-0.87,3703.97,-26.72,FAIL
sf_125c_2.97v,sf,125,2.97,1,4.7,0.05,1.79932,139.3,17245.6,0.56,1.2678e+06,70.35,FAIL
sf_125c_2.97v,sf,125,2.97,1,4.7,0.2,1.79932,139.3,17286.6,4.93,1.88186e+06,64.60,FAIL
sf_125c_2.97v,sf,125,2.97,1,4.7,0.5,1.79932,139.3,17523.6,13.59,1.97505e+06,57.38,FAIL
sf_125c_2.97v,sf,125,2.97,10,0.33,0.001,1.79932,139.3,141456,-7.61,28158.7,-28.07,FAIL
sf_125c_2.97v,sf,125,2.97,10,0.33,0.05,1.79932,139.3,141458,-6.79,29739.2,-27.12,FAIL
sf_125c_2.97v,sf,125,2.97,10,0.33,0.2,1.79932,139.3,141555,-4.28,36987.9,-23.33,FAIL
sf_125c_2.97v,sf,125,2.97,10,0.33,0.5,1.79932,139.3,142155,0.70,485486,20.83,FAIL
sf_125c_2.97v,sf,125,2.97,10,1,0.001,1.79932,139.3,81411,-4.37,16275.7,-27.98,FAIL
sf_125c_2.97v,sf,125,2.97,10,1,0.05,1.79932,139.3,81421.1,-2.93,19668.6,-24.69,FAIL
sf_125c_2.97v,sf,125,2.97,10,1,0.2,1.79932,139.3,81610.4,1.44,954444,40.35,FAIL
sf_125c_2.97v,sf,125,2.97,10,1,0.5,1.79932,139.3,82704.4,10.09,1.64085e+06,41.27,FAIL
sf_125c_2.97v,sf,125,2.97,10,4.7,0.001,1.79932,139.3,37576.9,-1.96,7750.72,-27.43,FAIL
sf_125c_2.97v,sf,125,2.97,10,4.7,0.05,1.79932,139.3,37604.1,1.15,1.17236e+06,55.81,FAIL
sf_125c_2.97v,sf,125,2.97,10,4.7,0.2,1.79932,139.3,38028.4,10.60,1.79351e+06,50.61,FAIL
sf_125c_2.97v,sf,125,2.97,10,4.7,0.5,1.79932,139.3,40554.2,28.71,1.88529e+06,43.42,FAIL
sf_125c_2.97v,sf,125,2.97,25,0.33,0.001,1.79932,137.7,173309,-9.29,39639.4,-25.68,FAIL
sf_125c_2.97v,sf,125,2.97,25,0.33,0.05,1.79932,137.7,173309,-8.28,41838.8,-24.74,FAIL
sf_125c_2.97v,sf,125,2.97,25,0.33,0.2,1.79932,137.7,173472,-5.21,51875.8,-21.00,FAIL
sf_125c_2.97v,sf,125,2.97,25,0.33,0.5,1.79932,137.7,174568,0.86,455270,16.24,FAIL
sf_125c_2.97v,sf,125,2.97,25,1,0.001,1.79932,137.7,99838.3,-5.34,22869.1,-25.62,FAIL
sf_125c_2.97v,sf,125,2.97,25,1,0.05,1.79932,137.7,99854.6,-3.58,27572.1,-22.37,FAIL
sf_125c_2.97v,sf,125,2.97,25,1,0.2,1.79932,137.7,100199,1.78,925394,36.36,FAIL
sf_125c_2.97v,sf,125,2.97,25,1,0.5,1.79932,137.7,102256,12.28,1.61586e+06,37.57,FAIL
sf_125c_2.97v,sf,125,2.97,25,4.7,0.001,1.79932,137.7,46108.9,-2.40,10776.4,-25.26,FAIL
sf_125c_2.97v,sf,125,2.97,25,4.7,0.05,1.79932,137.7,46159.4,1.41,1.14622e+06,51.97,FAIL
sf_125c_2.97v,sf,125,2.97,25,4.7,0.2,1.79932,137.7,46960.5,12.97,1.76934e+06,46.93,FAIL
sf_125c_2.97v,sf,125,2.97,25,4.7,0.5,1.79932,137.7,51672.2,34.52,1.8603e+06,39.75,FAIL
sf_125c_2.97v,sf,125,2.97,50,0.33,0.001,1.79932,135.3,196237,-10.33,53349.4,-22.68,FAIL
sf_125c_2.97v,sf,125,2.97,50,0.33,0.05,1.79932,135.3,196229,-9.19,56286.7,-21.75,FAIL
sf_125c_2.97v,sf,125,2.97,50,0.33,0.2,1.79932,135.3,196443,-5.73,69613.9,-18.05,FAIL
sf_125c_2.97v,sf,125,2.97,50,0.33,0.5,1.79932,135.3,197947,1.10,451261,13.94,FAIL
sf_125c_2.97v,sf,125,2.97,50,1,0.001,1.79932,135.3,113147,-5.95,30763.7,-22.64,FAIL
sf_125c_2.97v,sf,125,2.97,50,1,0.05,1.79932,135.3,113166,-3.96,37031.2,-19.42,FAIL
sf_125c_2.97v,sf,125,2.97,50,1,0.2,1.79932,135.3,113646,2.10,906839,33.90,FAIL
sf_125c_2.97v,sf,125,2.97,50,1,0.5,1.79932,135.3,116585,13.89,1.59906e+06,35.30,FAIL
sf_125c_2.97v,sf,125,2.97,50,4.7,0.001,1.79932,135.3,52259.7,-2.68,14427.6,-22.36,FAIL
sf_125c_2.97v,sf,125,2.97,50,4.7,0.05,1.79932,135.3,52328.6,1.64,1.12844e+06,49.59,FAIL
sf_125c_2.97v,sf,125,2.97,50,4.7,0.2,1.79932,135.3,53495.2,14.69,1.75311e+06,44.67,FAIL
sf_125c_2.97v,sf,125,2.97,50,4.7,0.5,1.79932,135.3,60394.8,38.45,1.84322e+06,37.51,FAIL
sf_125c_3.30v,sf,125,3.3,0,0.33,0.001,1.79927,100.4,2247.78,1.73,8944.22,23.99,FAIL
sf_125c_3.30v,sf,125,3.3,0,0.33,0.05,1.79927,100.4,2247.78,1.75,9489.61,25.02,FAIL
sf_125c_3.30v,sf,125,3.3,0,0.33,0.2,1.79927,100.4,2247.78,1.79,12106.9,29.25,FAIL
sf_125c_3.30v,sf,125,3.3,0,0.33,0.5,1.79927,100.4,2247.78,1.87,782233,100.17,FAIL
sf_125c_3.30v,sf,125,3.3,0,1,0.001,1.79927,100.4,1290.59,3.13,8937.13,33.60,FAIL
sf_125c_3.30v,sf,125,3.3,0,1,0.05,1.79927,100.4,1290.59,3.16,11003.8,37.22,FAIL
sf_125c_3.30v,sf,125,3.3,0,1,0.2,1.79927,100.4,1290.59,3.23,1.15451e+06,114.48,FAIL
sf_125c_3.30v,sf,125,3.3,0,1,0.5,1.79927,100.4,1290.6,3.37,1.77764e+06,112.96,FAIL
sf_125c_3.30v,sf,125,3.3,0,4.7,0.001,1.79927,100.2,593.58,6.89,9042.44,47.25,FAIL
sf_125c_3.30v,sf,125,3.3,0,4.7,0.05,1.79927,100.2,593.58,6.94,1.3463e+06,128.91,FAIL
sf_125c_3.30v,sf,125,3.3,0,4.7,0.2,1.79927,100.2,593.581,7.09,1.91801e+06,121.94,FAIL
sf_125c_3.30v,sf,125,3.3,0,4.7,0.5,1.79927,100.2,593.591,7.39,2.00506e+06,114.55,FAIL
sf_125c_3.30v,sf,125,3.3,0.1,0.33,0.001,1.79926,133.2,24452,-1.08,5443.88,-26.10,FAIL
sf_125c_3.30v,sf,125,3.3,0.1,0.33,0.05,1.79926,133.2,24452,-0.94,5819.68,-24.94,FAIL
sf_125c_3.30v,sf,125,3.3,0.1,0.33,0.2,1.79926,133.2,24452.5,-0.50,7757.35,-19.94,FAIL
sf_125c_3.30v,sf,125,3.3,0.1,0.33,0.5,1.79926,133.2,24455.7,0.37,1.22839e+06,65.53,FAIL
sf_125c_3.30v,sf,125,3.3,0.1,1,0.001,1.79926,133.2,14047.1,-0.60,4085.35,-21.45,FAIL
sf_125c_3.30v,sf,125,3.3,0.1,1,0.05,1.79926,133.2,14047.1,-0.35,5190.56,-17.29,FAIL
sf_125c_3.30v,sf,125,3.3,0.1,1,0.2,1.79926,133.2,14048.1,0.41,1.54322e+06,77.22,FAIL
sf_125c_3.30v,sf,125,3.3,0.1,1,0.5,1.79926,133.2,14053.8,1.93,2.14656e+06,74.43,FAIL
sf_125c_3.30v,sf,125,3.3,0.1,4.7,0.001,1.79926,133.2,6479.61,-0.21,3456.49,-10.91,FAIL
sf_125c_3.30v,sf,125,3.3,0.1,4.7,0.05,1.79926,133.2,6479.76,0.33,1.72153e+06,91.02,FAIL
sf_125c_3.30v,sf,125,3.3,0.1,4.7,0.2,1.79926,133.2,6481.96,1.97,2.29072e+06,83.36,FAIL
sf_125c_3.30v,sf,125,3.3,0.1,4.7,0.5,1.79926,133.2,6494.34,5.26,2.38143e+06,75.97,FAIL
sf_125c_3.30v,sf,125,3.3,1,0.33,0.001,1.79926,136,69010.6,-3.25,12358.6,-29.89,FAIL
sf_125c_3.30v,sf,125,3.3,1,0.33,0.05,1.79926,136,69011.1,-2.84,13169,-28.78,FAIL
sf_125c_3.30v,sf,125,3.3,1,0.33,0.2,1.79926,136,69022.8,-1.62,17238.7,-24.10,FAIL
sf_125c_3.30v,sf,125,3.3,1,0.33,0.5,1.79926,136,69092.8,0.84,1.05501e+06,45.33,FAIL
sf_125c_3.30v,sf,125,3.3,1,1,0.001,1.79926,136,39658.8,-1.85,7450.16,-29.05,FAIL
sf_125c_3.30v,sf,125,3.3,1,1,0.05,1.79926,136,39660,-1.15,9346.36,-25.11,FAIL
sf_125c_3.30v,sf,125,3.3,1,1,0.2,1.79926,136,39681.9,0.99,1.38938e+06,57.85,FAIL
sf_125c_3.30v,sf,125,3.3,1,1,0.5,1.79926,136,39807.2,5.25,2.00484e+06,55.71,FAIL
sf_125c_3.30v,sf,125,3.3,1,4.7,0.001,1.79926,136,18296.3,-0.81,4242.4,-25.39,FAIL
sf_125c_3.30v,sf,125,3.3,1,4.7,0.05,1.79926,136,18299.6,0.70,1.57372e+06,71.91,FAIL
sf_125c_3.30v,sf,125,3.3,1,4.7,0.2,1.79926,136,18350.2,5.34,2.15026e+06,64.73,FAIL
sf_125c_3.30v,sf,125,3.3,1,4.7,0.5,1.79926,136,18635,14.52,2.24067e+06,57.38,FAIL
sf_125c_3.30v,sf,125,3.3,10,0.33,0.001,1.79926,137.5,150793,-7.30,28637.6,-28.89,FAIL
sf_125c_3.30v,sf,125,3.3,10,0.33,0.05,1.79926,137.5,150797,-6.43,30450,-27.82,FAIL
sf_125c_3.30v,sf,125,3.3,10,0.33,0.2,1.79926,137.5,150915,-3.75,39303.8,-23.39,FAIL
sf_125c_3.30v,sf,125,3.3,10,0.33,0.5,1.79926,137.5,151651,1.56,918394,29.70,FAIL
sf_125c_3.30v,sf,125,3.3,10,1,0.001,1.79926,137.5,86775.1,-4.19,16591.8,-28.75,FAIL
sf_125c_3.30v,sf,125,3.3,10,1,0.05,1.79926,137.5,86787.8,-2.66,20613.6,-24.98,FAIL
sf_125c_3.30v,sf,125,3.3,10,1,0.2,1.79926,137.5,87015.1,2.01,1.27219e+06,43.09,FAIL
sf_125c_3.30v,sf,125,3.3,10,1,0.5,1.79926,137.5,88380,11.21,1.89839e+06,41.56,FAIL
sf_125c_3.30v,sf,125,3.3,10,4.7,0.001,1.79926,137.5,40055.4,-1.88,8008.5,-27.97,FAIL
sf_125c_3.30v,sf,125,3.3,10,4.7,0.05,1.79926,137.5,40089.5,1.44,1.46278e+06,57.41,FAIL
sf_125c_3.30v,sf,125,3.3,10,4.7,0.2,1.79926,137.5,40619.4,11.52,2.04594e+06,50.65,FAIL
sf_125c_3.30v,sf,125,3.3,10,4.7,0.5,1.79926,137.5,43670.6,30.68,2.13499e+06,43.34,FAIL
sf_125c_3.30v,sf,125,3.3,25,0.33,0.001,1.79926,137.2,185265,-8.96,39431.4,-26.92,FAIL
sf_125c_3.30v,sf,125,3.3,25,0.33,0.05,1.79926,137.2,185269,-7.88,41895.2,-25.87,FAIL
sf_125c_3.30v,sf,125,3.3,25,0.33,0.2,1.79926,137.2,185485,-4.60,53877.1,-21.50,FAIL
sf_125c_3.30v,sf,125,3.3,25,0.33,0.5,1.79926,137.2,186837,1.88,883171,25.53,FAIL
sf_125c_3.30v,sf,125,3.3,25,1,0.001,1.79926,137.2,106711,-5.15,22773.5,-26.84,FAIL
sf_125c_3.30v,sf,125,3.3,25,1,0.05,1.79926,137.2,106733,-3.27,28216,-23.12,FAIL
sf_125c_3.30v,sf,125,3.3,25,1,0.2,1.79926,137.2,107161,2.45,1.24143e+06,39.18,FAIL
sf_125c_3.30v,sf,125,3.3,25,1,0.5,1.79926,137.2,109631,13.65,1.87041e+06,37.82,FAIL
sf_125c_3.30v,sf,125,3.3,25,4.7,0.001,1.79926,137.2,49273.1,-2.31,10797.7,-26.37,FAIL
sf_125c_3.30v,sf,125,3.3,25,4.7,0.05,1.79926,137.2,49334.4,1.77,1.43395e+06,53.58,FAIL
sf_125c_3.30v,sf,125,3.3,25,4.7,0.2,1.79926,137.2,50302.9,14.09,2.01891e+06,46.93,FAIL
sf_125c_3.30v,sf,125,3.3,25,4.7,0.5,1.79926,137.2,56106.9,36.87,2.10701e+06,39.64,FAIL
sf_125c_3.30v,sf,125,3.3,50,0.33,0.001,1.79926,136,210254,-10.06,51585.9,-24.47,FAIL
sf_125c_3.30v,sf,125,3.3,50,0.33,0.05,1.79926,136,210253,-8.84,54779.9,-23.42,FAIL
sf_125c_3.30v,sf,125,3.3,50,0.33,0.2,1.79926,136,210552,-5.12,70280.1,-19.09,FAIL
sf_125c_3.30v,sf,125,3.3,50,0.33,0.5,1.79926,136,212505,2.19,865010,23.02,FAIL
sf_125c_3.30v,sf,125,3.3,50,1,0.001,1.79926,136,121205,-5.79,29761.7,-24.42,FAIL
sf_125c_3.30v,sf,125,3.3,50,1,0.05,1.79926,136,121235,-3.66,36807.9,-20.72,FAIL
sf_125c_3.30v,sf,125,3.3,50,1,0.2,1.79926,136,121856,2.83,1.22326e+06,36.77,FAIL
sf_125c_3.30v,sf,125,3.3,50,1,0.5,1.79926,136,125486,15.43,1.8535e+06,35.53,FAIL
sf_125c_3.30v,sf,125,3.3,50,4.7,0.001,1.79926,136,55990,-2.60,14012.5,-24.07,FAIL
sf_125c_3.30v,sf,125,3.3,50,4.7,0.05,1.79926,136,56079.2,2.03,1.41666e+06,51.21,FAIL
sf_125c_3.30v,sf,125,3.3,50,4.7,0.2,1.79926,136,57496,15.98,2.00271e+06,44.65,FAIL
sf_125c_3.30v,sf,125,3.3,50,4.7,0.5,1.79926,136,66073.2,41.04,2.08989e+06,37.36,FAIL
sf_125c_3.63v,sf,125,3.63,0,0.33,0.001,1.79911,95.23,2332.2,3.37,13035.7,29.88,FAIL
sf_125c_3.63v,sf,125,3.63,0,0.33,0.05,1.79911,95.23,2332.2,3.38,13909.3,31.01,FAIL
sf_125c_3.63v,sf,125,3.63,0,0.33,0.2,1.79911,95.23,2332.2,3.42,18333.8,35.81,FAIL
sf_125c_3.63v,sf,125,3.63,0,0.33,0.5,1.79911,95.23,2332.2,3.51,1.08705e+06,104.22,FAIL
sf_125c_3.63v,sf,125,3.63,0,1,0.001,1.79911,95.22,1337.23,5.97,13047.8,39.53,FAIL
sf_125c_3.63v,sf,125,3.63,0,1,0.05,1.79911,95.22,1337.23,5.99,16449.5,43.55,FAIL
sf_125c_3.63v,sf,125,3.63,0,1,0.2,1.79911,95.22,1337.23,6.07,1.40015e+06,116.16,FAIL
sf_125c_3.63v,sf,125,3.63,0,1,0.5,1.79911,95.22,1337.24,6.21,1.98254e+06,113.19,FAIL
sf_125c_3.63v,sf,125,3.63,0,4.7,0.001,1.79911,95.03,610.524,12.99,13224.7,53.20,FAIL
sf_125c_3.63v,sf,125,3.63,0,4.7,0.05,1.79911,95.03,610.523,13.04,1.57427e+06,129.96,FAIL
sf_125c_3.63v,sf,125,3.63,0,4.7,0.2,1.79911,95.03,610.525,13.20,2.11905e+06,122.01,FAIL
sf_125c_3.63v,sf,125,3.63,0,4.7,0.5,1.79911,95.03,610.536,13.51,2.20436e+06,114.54,FAIL
sf_125c_3.63v,sf,125,3.63,0.1,0.33,0.001,1.7991,127.3,25709.9,-1.01,6798.86,-23.11,FAIL
sf_125c_3.63v,sf,125,3.63,0.1,0.33,0.05,1.7991,127.3,25709.9,-0.86,7323.52,-21.81,FAIL
sf_125c_3.63v,sf,125,3.63,0.1,0.33,0.2,1.7991,127.3,25710.5,-0.40,10267.1,-15.95,FAIL
sf_125c_3.63v,sf,125,3.63,0.1,0.33,0.5,1.7991,127.3,25714.2,0.52,1.61422e+06,68.25,FAIL
sf_125c_3.63v,sf,125,3.63,0.1,1,0.001,1.7991,127.3,14769.8,-0.53,5684.42,-16.59,FAIL
sf_125c_3.63v,sf,125,3.63,0.1,1,0.05,1.7991,127.3,14769.9,-0.27,7473.07,-11.83,FAIL
sf_125c_3.63v,sf,125,3.63,0.1,1,0.2,1.7991,127.3,14771,0.53,1.88367e+06,78.67,FAIL
sf_125c_3.63v,sf,125,3.63,0.1,1,0.5,1.7991,127.3,14777.6,2.13,2.43896e+06,74.64,FAIL
sf_125c_3.63v,sf,125,3.63,0.1,4.7,0.001,1.7991,127.3,6812.72,-0.11,5262.06,-4.48,FAIL
sf_125c_3.63v,sf,125,3.63,0.1,4.7,0.05,1.7991,127.3,6812.88,0.45,2.0435e+06,91.98,FAIL
sf_125c_3.63v,sf,125,3.63,0.1,4.7,0.2,1.7991,127.3,6815.43,2.18,2.5766e+06,83.40,FAIL
sf_125c_3.63v,sf,125,3.63,0.1,4.7,0.5,1.7991,127.3,6829.77,5.63,2.66369e+06,75.92,FAIL
sf_125c_3.63v,sf,125,3.63,1,0.33,0.001,1.79909,130.1,72630.3,-3.09,13197.2,-29.63,FAIL
sf_125c_3.63v,sf,125,3.63,1,0.33,0.05,1.79909,130.1,72630.9,-2.67,14170,-28.40,FAIL
sf_125c_3.63v,sf,125,3.63,1,0.33,0.2,1.79909,130.1,72645.2,-1.38,19395.7,-22.95,FAIL
sf_125c_3.63v,sf,125,3.63,1,0.33,0.5,1.79909,130.1,72730.7,1.21,1.42092e+06,48.52,FAIL
sf_125c_3.63v,sf,125,3.63,1,1,0.001,1.79909,130.1,41735.7,-1.75,8360.03,-27.94,FAIL
sf_125c_3.63v,sf,125,3.63,1,1,0.05,1.79909,130.1,41737.3,-1.02,10819.3,-23.46,FAIL
sf_125c_3.63v,sf,125,3.63,1,1,0.2,1.79909,130.1,41764,1.23,1.7047e+06,59.42,FAIL
sf_125c_3.63v,sf,125,3.63,1,1,0.5,1.79909,130.1,41916.4,5.72,2.27204e+06,55.91,FAIL
sf_125c_3.63v,sf,125,3.63,1,4.7,0.001,1.79909,130.1,19256.8,-0.75,5475.36,-21.85,FAIL
sf_125c_3.63v,sf,125,3.63,1,4.7,0.05,1.79909,130.1,19260.7,0.84,1.87009e+06,72.92,FAIL
sf_125c_3.63v,sf,125,3.63,1,4.7,0.2,1.79909,130.1,19319.5,5.72,2.41113e+06,64.75,FAIL
sf_125c_3.63v,sf,125,3.63,1,4.7,0.5,1.79909,130.1,19649.8,15.38,2.49818e+06,57.30,FAIL
sf_125c_3.63v,sf,125,3.63,10,0.33,0.001,1.79909,132.3,159362,-7.02,29387.3,-29.40,FAIL
sf_125c_3.63v,sf,125,3.63,10,0.33,0.05,1.79909,132.3,159368,-6.10,31450.9,-28.22,FAIL
sf_125c_3.63v,sf,125,3.63,10,0.33,0.2,1.79909,132.3,159516,-3.27,42262.7,-23.09,FAIL
sf_125c_3.63v,sf,125,3.63,10,0.33,0.5,1.79909,132.3,160407,2.34,1.26799e+06,33.31,FAIL
sf_125c_3.63v,sf,125,3.63,10,1,0.001,1.79909,132.3,91698.5,-4.02,17155.4,-29.13,FAIL
sf_125c_3.63v,sf,125,3.63,10,1,0.05,1.79909,132.3,91714.6,-2.41,21919.1,-24.87,FAIL
sf_125c_3.63v,sf,125,3.63,10,1,0.2,1.79909,132.3,91994.8,2.52,1.56649e+06,44.71,FAIL
sf_125c_3.63v,sf,125,3.63,10,1,0.5,1.79909,132.3,93598.8,12.24,2.14427e+06,41.68,FAIL
sf_125c_3.63v,sf,125,3.63,10,4.7,0.001,1.79909,132.3,42330.1,-1.79,8591.13,-27.71,FAIL
sf_125c_3.63v,sf,125,3.63,10,4.7,0.05,1.79909,132.3,42370.3,1.71,1.7378e+06,58.40,FAIL
sf_125c_3.63v,sf,125,3.63,10,4.7,0.2,1.79909,132.3,42990.5,12.35,2.28598e+06,50.59,FAIL
sf_125c_3.63v,sf,125,3.63,10,4.7,0.5,1.79909,132.3,46625.3,32.47,2.37183e+06,43.18,FAIL
sf_125c_3.63v,sf,125,3.63,25,0.33,0.001,1.79909,133.1,196157,-8.66,39744.5,-27.78,FAIL
sf_125c_3.63v,sf,125,3.63,25,0.33,0.05,1.79909,133.1,196165,-7.53,42515.5,-26.61,FAIL
sf_125c_3.63v,sf,125,3.63,25,0.33,0.2,1.79909,133.1,196427,-4.05,56827,-21.57,FAIL
sf_125c_3.63v,sf,125,3.63,25,0.33,0.5,1.79909,133.1,198030,2.81,1.22609e+06,29.22,FAIL
sf_125c_3.63v,sf,125,3.63,25,1,0.001,1.79909,133.1,112969,-4.97,23026.3,-27.64,FAIL
sf_125c_3.63v,sf,125,3.63,25,1,0.05,1.79909,133.1,112997,-2.98,29326.7,-23.44,FAIL
sf_125c_3.63v,sf,125,3.63,25,1,0.2,1.79909,133.1,113504,3.07,1.52909e+06,40.79,FAIL
sf_125c_3.63v,sf,125,3.63,25,1,0.5,1.79909,133.1,116491,14.91,2.10966e+06,37.90,FAIL
sf_125c_3.63v,sf,125,3.63,25,4.7,0.001,1.79909,133.1,52154.7,-2.22,11095.8,-26.89,FAIL
sf_125c_3.63v,sf,125,3.63,25,4.7,0.05,1.79909,133.1,52227.4,2.09,1.70208e+06,54.54,FAIL
sf_125c_3.63v,sf,125,3.63,25,4.7,0.2,1.79909,133.1,53398.4,15.13,2.25278e+06,46.83,FAIL
sf_125c_3.63v,sf,125,3.63,25,4.7,0.5,1.79909,133.1,60298.4,38.97,2.33766e+06,39.43,FAIL
sf_125c_3.63v,sf,125,3.63,50,0.33,0.001,1.79909,133.4,223017,-9.79,50994.4,-25.69,FAIL
sf_125c_3.63v,sf,125,3.63,50,0.33,0.05,1.79909,133.4,223023,-8.49,54505.9,-24.53,FAIL
sf_125c_3.63v,sf,125,3.63,50,0.33,0.2,1.79909,133.4,223395,-4.55,72630.8,-19.54,FAIL
sf_125c_3.63v,sf,125,3.63,50,0.33,0.5,1.79909,133.4,225736,3.20,1.20403e+06,26.74,FAIL
sf_125c_3.63v,sf,125,3.63,50,1,0.001,1.79909,133.4,128539,-5.63,29460.1,-25.61,FAIL
sf_125c_3.63v,sf,125,3.63,50,1,0.05,1.79909,133.4,128577,-3.37,37439.1,-21.45,FAIL
sf_125c_3.63v,sf,125,3.63,50,1,0.2,1.79909,133.4,129320,3.51,1.50838e+06,38.38,FAIL
sf_125c_3.63v,sf,125,3.63,50,1,0.5,1.79909,133.4,133704,16.84,2.09012e+06,35.58,FAIL
sf_125c_3.63v,sf,125,3.63,50,4.7,0.001,1.79909,133.4,59366.1,-2.52,13976,-25.13,FAIL
sf_125c_3.63v,sf,125,3.63,50,4.7,0.05,1.79909,133.4,59472.8,2.39,1.68235e+06,52.16,FAIL
sf_125c_3.63v,sf,125,3.63,50,4.7,0.2,1.79909,133.4,61189.2,17.16,2.23427e+06,44.52,FAIL
sf_125c_3.63v,sf,125,3.63,50,4.7,0.5,1.79909,133.4,71500,43.33,2.31823e+06,37.13,FAIL
ss_-40c_2.97v,ss,-40,2.97,0,0.33,0.001,1.79957,136.1,3403.3,-0.07,2171.45,-7.80,FAIL
ss_-40c_2.97v,ss,-40,2.97,0,0.33,0.05,1.79957,136.1,3403.3,-0.05,2369.71,-6.29,FAIL
ss_-40c_2.97v,ss,-40,2.97,0,0.33,0.2,1.79957,136.1,3403.3,0.01,3674.32,1.33,FAIL
ss_-40c_2.97v,ss,-40,2.97,0,0.33,0.5,1.79957,136.1,3403.31,0.13,1.55139e+06,101.24,FAIL
ss_-40c_2.97v,ss,-40,2.97,0,1,0.001,1.79957,136.1,1955.06,0.00,1961.64,0.06,FAIL
ss_-40c_2.97v,ss,-40,2.97,0,1,0.05,1.79957,136.1,1955.06,0.03,2743.11,5.89,FAIL
ss_-40c_2.97v,ss,-40,2.97,0,1,0.2,1.79957,136.1,1955.07,0.14,1.74666e+06,110.99,FAIL
ss_-40c_2.97v,ss,-40,2.97,0,1,0.5,1.79957,136.1,1955.08,0.35,2.1791e+06,106.13,FAIL
ss_-40c_2.97v,ss,-40,2.97,0,4.7,0.001,1.79957,136,901.745,0.11,1905.66,13.00,FAIL
ss_-40c_2.97v,ss,-40,2.97,0,4.7,0.05,1.79957,136,901.745,0.18,1.8678e+06,124.01,FAIL
ss_-40c_2.97v,ss,-40,2.97,0,4.7,0.2,1.79957,136,901.751,0.41,2.2894e+06,114.72,FAIL
ss_-40c_2.97v,ss,-40,2.97,0,4.7,0.5,1.79957,136,901.784,0.87,2.35961e+06,107.14,FAIL
ss_-40c_2.97v,ss,-40,2.97,0.1,0.33,0.001,1.79957,145.4,27987.1,-0.93,6203.84,-26.17,FAIL
ss_-40c_2.97v,ss,-40,2.97,0.1,0.33,0.05,1.79957,145.4,27987.2,-0.77,6792.33,-24.60,FAIL
ss_-40c_2.97v,ss,-40,2.97,0.1,0.33,0.2,1.79957,145.4,27987.9,-0.27,10851.5,-16.46,FAIL
ss_-40c_2.97v,ss,-40,2.97,0.1,0.33,0.5,1.79957,145.4,27992.7,0.72,1.64176e+06,65.64,FAIL
ss_-40c_2.97v,ss,-40,2.97,0.1,1,0.001,1.79957,145.4,16077.5,-0.53,3865.92,-24.76,FAIL
ss_-40c_2.97v,ss,-40,2.97,0.1,1,0.05,1.79957,145.4,16077.6,-0.25,5497.94,-18.64,FAIL
ss_-40c_2.97v,ss,-40,2.97,0.1,1,0.2,1.79957,145.4,16079.1,0.62,1.83398e+06,75.36,FAIL
ss_-40c_2.97v,ss,-40,2.97,0.1,1,0.5,1.79957,145.4,16087.7,2.36,2.26842e+06,70.62,FAIL
ss_-40c_2.97v,ss,-40,2.97,0.1,4.7,0.001,1.79957,145.4,7416.37,-0.22,2437.28,-19.33,FAIL
ss_-40c_2.97v,ss,-40,2.97,0.1,4.7,0.05,1.79957,145.4,7416.58,0.39,1.95463e+06,88.39,FAIL
ss_-40c_2.97v,ss,-40,2.97,0.1,4.7,0.2,1.79957,145.4,7419.89,2.28,2.38133e+06,79.28,FAIL
ss_-40c_2.97v,ss,-40,2.97,0.1,4.7,0.5,1.79957,145.4,7438.52,6.03,2.4535e+06,71.74,FAIL
ss_-40c_2.97v,ss,-40,2.97,1,0.33,0.001,1.79957,145.7,74730.6,-2.59,15682.9,-27.12,FAIL
ss_-40c_2.97v,ss,-40,2.97,1,0.33,0.05,1.79957,145.7,74731.2,-2.16,17115.4,-25.60,FAIL
ss_-40c_2.97v,ss,-40,2.97,1,0.33,0.2,1.79957,145.7,74746.1,-0.83,26547.6,-17.98,FAIL
ss_-40c_2.97v,ss,-40,2.97,1,0.33,0.5,1.79957,145.7,74836,1.83,1.55584e+06,47.98,FAIL
ss_-40c_2.97v,ss,-40,2.97,1,1,0.001,1.79957,145.7,42937.2,-1.48,9148.96,-26.86,FAIL
ss_-40c_2.97v,ss,-40,2.97,1,1,0.05,1.79957,145.7,42938.8,-0.72,12802.7,-21.02,FAIL
ss_-40c_2.97v,ss,-40,2.97,1,1,0.2,1.79957,145.7,42966.9,1.60,1.75382e+06,57.85,FAIL
ss_-40c_2.97v,ss,-40,2.97,1,1,0.5,1.79957,145.7,43127.9,6.21,2.19486e+06,53.33,FAIL
ss_-40c_2.97v,ss,-40,2.97,1,4.7,0.001,1.79957,145.7,19804.8,-0.65,4574.96,-25.45,FAIL
ss_-40c_2.97v,ss,-40,2.97,1,4.7,0.05,1.79957,145.7,19808.8,0.99,1.87734e+06,70.96,FAIL
ss_-40c_2.97v,ss,-40,2.97,1,4.7,0.2,1.79957,145.7,19870.9,6.01,2.30959e+06,62.03,FAIL
ss_-40c_2.97v,ss,-40,2.97,1,4.7,0.5,1.79957,145.7,20232.8,15.93,2.38163e+06,54.51,FAIL
ss_-40c_2.97v,ss,-40,2.97,10,0.33,0.001,1.79957,143.8,147982,-5.19,35108.4,-24.99,FAIL
ss_-40c_2.97v,ss,-40,2.97,10,0.33,0.05,1.79957,143.8,147985,-4.33,38220.3,-23.52,FAIL
ss_-40c_2.97v,ss,-40,2.97,10,0.33,0.2,1.79957,143.8,148097,-1.71,58113.9,-16.24,FAIL
ss_-40c_2.97v,ss,-40,2.97,10,0.33,0.5,1.79957,143.8,148791,3.51,1.49536e+06,35.67,FAIL
ss_-40c_2.97v,ss,-40,2.97,10,1,0.001,1.79957,143.8,85070.2,-2.96,20289.4,-24.90,FAIL
ss_-40c_2.97v,ss,-40,2.97,10,1,0.05,1.79957,143.8,85081.9,-1.46,28068,-19.26,FAIL
ss_-40c_2.97v,ss,-40,2.97,10,1,0.2,1.79957,143.8,85299.3,3.11,1.69862e+06,45.66,FAIL
ss_-40c_2.97v,ss,-40,2.97,10,1,0.5,1.79957,143.8,86553,12.15,2.143e+06,41.29,FAIL
ss_-40c_2.97v,ss,-40,2.97,10,4.7,0.001,1.79957,143.8,39249.3,-1.31,9651.03,-24.37,FAIL
ss_-40c_2.97v,ss,-40,2.97,10,4.7,0.05,1.79957,143.8,39280.4,1.94,1.82521e+06,58.82,FAIL
ss_-40c_2.97v,ss,-40,2.97,10,4.7,0.2,1.79957,143.8,39765.1,11.82,2.26066e+06,50.02,FAIL
ss_-40c_2.97v,ss,-40,2.97,10,4.7,0.5,1.79957,143.8,42652.5,30.68,2.33091e+06,42.51,FAIL
ss_-40c_2.97v,ss,-40,2.97,25,0.33,0.001,1.79956,141.5,179066,-6.21,48860,-22.57,FAIL
ss_-40c_2.97v,ss,-40,2.97,25,0.33,0.05,1.79956,141.5,179068,-5.17,53147.9,-21.10,FAIL
ss_-40c_2.97v,ss,-40,2.97,25,0.33,0.2,1.79956,141.5,179254,-2.00,80225.9,-13.95,FAIL
ss_-40c_2.97v,ss,-40,2.97,25,0.33,0.5,1.79956,141.5,180451,4.28,1.47499e+06,32.21,FAIL
ss_-40c_2.97v,ss,-40,2.97,25,1,0.001,1.79956,141.5,102978,-3.55,28209.9,-22.49,FAIL
ss_-40c_2.97v,ss,-40,2.97,25,1,0.05,1.79956,141.5,102997,-1.73,38870.8,-16.93,FAIL
ss_-40c_2.97v,ss,-40,2.97,25,1,0.2,1.79956,141.5,103374,3.79,1.68035e+06,42.24,FAIL
ss_-40c_2.97v,ss,-40,2.97,25,1,0.5,1.79956,141.5,105608,14.65,2.12525e+06,37.93,FAIL
ss_-40c_2.97v,ss,-40,2.97,25,4.7,0.001,1.79956,141.5,47515.5,-1.57,13336.1,-22.07,FAIL
ss_-40c_2.97v,ss,-40,2.97,25,4.7,0.05,1.79956,141.5,47569.3,2.36,1.80798e+06,55.42,FAIL
ss_-40c_2.97v,ss,-40,2.97,25,4.7,0.2,1.79956,141.5,48447.3,14.28,2.24448e+06,46.66,FAIL
ss_-40c_2.97v,ss,-40,2.97,25,4.7,0.5,1.79956,141.5,53627.3,36.46,2.31337e+06,39.16,FAIL
ss_-40c_2.97v,ss,-40,2.97,50,0.33,0.001,1.79956,138.7,203035,-6.87,65231.9,-19.73,FAIL
ss_-40c_2.97v,ss,-40,2.97,50,0.33,0.05,1.79956,138.7,203029,-5.69,70915.3,-18.27,FAIL
ss_-40c_2.97v,ss,-40,2.97,50,0.33,0.2,1.79956,138.7,203278,-2.10,106440,-11.22,FAIL
ss_-40c_2.97v,ss,-40,2.97,50,0.33,0.5,1.79956,138.7,204992,4.98,1.4613e+06,29.94,FAIL
ss_-40c_2.97v,ss,-40,2.97,50,1,0.001,1.79956,138.7,116804,-3.92,37651.3,-19.67,FAIL
ss_-40c_2.97v,ss,-40,2.97,50,1,0.05,1.79956,138.7,116827,-1.87,51725.3,-14.15,FAIL
ss_-40c_2.97v,ss,-40,2.97,50,1,0.2,1.79956,138.7,117369,4.39,1.66745e+06,39.98,FAIL
ss_-40c_2.97v,ss,-40,2.97,50,1,0.5,1.79956,138.7,120589,16.60,2.11248e+06,35.71,FAIL
ss_-40c_2.97v,ss,-40,2.97,50,4.7,0.001,1.79956,138.7,53908.7,-1.74,17752.4,-19.30,FAIL
ss_-40c_2.97v,ss,-40,2.97,50,4.7,0.05,1.79956,138.7,53986.1,2.72,1.79564e+06,53.17,FAIL
ss_-40c_2.97v,ss,-40,2.97,50,4.7,0.2,1.79956,138.7,55249.6,16.18,2.23294e+06,44.45,FAIL
ss_-40c_2.97v,ss,-40,2.97,50,4.7,0.5,1.79956,138.7,62866.7,40.66,2.30061e+06,36.95,FAIL
ss_-40c_3.30v,ss,-40,3.3,0,0.33,0.001,1.79955,134.3,3619.89,-0.05,2668.67,-5.30,FAIL
ss_-40c_3.30v,ss,-40,3.3,0,0.33,0.05,1.79955,134.3,3619.89,-0.03,2960.1,-3.50,FAIL
ss_-40c_3.30v,ss,-40,3.3,0,0.33,0.2,1.79955,134.3,3619.89,0.03,5447.89,7.10,FAIL
ss_-40c_3.30v,ss,-40,3.3,0,0.33,0.5,1.79955,134.3,3619.9,0.16,1.85373e+06,101.83,FAIL
ss_-40c_3.30v,ss,-40,3.3,0,1,0.001,1.79955,134.3,2079.54,0.03,2477.2,3.04,FAIL
ss_-40c_3.30v,ss,-40,3.3,0,1,0.05,1.79955,134.3,2079.54,0.06,3784.11,10.40,FAIL
ss_-40c_3.30v,ss,-40,3.3,0,1,0.2,1.79955,134.3,2079.54,0.18,2.02591e+06,111.08,FAIL
ss_-40c_3.30v,ss,-40,3.3,0,1,0.5,1.79955,134.3,2079.56,0.40,2.42505e+06,105.56,FAIL
ss_-40c_3.30v,ss,-40,3.3,0,4.7,0.001,1.79955,134.2,959.212,0.16,2447.83,16.27,FAIL
ss_-40c_3.30v,ss,-40,3.3,0,4.7,0.05,1.79955,134.2,959.212,0.24,2.13569e+06,123.87,FAIL
ss_-40c_3.30v,ss,-40,3.3,0,4.7,0.2,1.79955,134.2,959.22,0.48,2.5298e+06,114.04,FAIL
ss_-40c_3.30v,ss,-40,3.3,0,4.7,0.5,1.79955,134.2,959.261,0.97,2.59694e+06,106.39,FAIL
ss_-40c_3.30v,ss,-40,3.3,0.1,0.33,0.001,1.79954,144.3,29780.1,-0.84,6758.25,-25.76,FAIL
ss_-40c_3.30v,ss,-40,3.3,0.1,0.33,0.05,1.79954,144.3,29780.1,-0.66,7538.93,-23.86,FAIL
ss_-40c_3.30v,ss,-40,3.3,0.1,0.33,0.2,1.79954,144.3,29781.1,-0.13,15051.5,-11.85,FAIL
ss_-40c_3.30v,ss,-40,3.3,0.1,0.33,0.5,1.79954,144.3,29786.8,0.93,1.97014e+06,66.28,FAIL
ss_-40c_3.30v,ss,-40,3.3,0.1,1,0.001,1.79954,144.3,17107.8,-0.47,4309.31,-23.95,FAIL
ss_-40c_3.30v,ss,-40,3.3,0.1,1,0.05,1.79954,144.3,17107.9,-0.17,6819.63,-15.98,FAIL
ss_-40c_3.30v,ss,-40,3.3,0.1,1,0.2,1.79954,144.3,17109.7,0.75,2.13833e+06,75.51,FAIL
ss_-40c_3.30v,ss,-40,3.3,0.1,1,0.5,1.79954,144.3,17119.8,2.60,2.53546e+06,70.09,FAIL
ss_-40c_3.30v,ss,-40,3.3,0.1,4.7,0.001,1.79954,144.3,7890.41,-0.19,2879.22,-17.51,FAIL
ss_-40c_3.30v,ss,-40,3.3,0.1,4.7,0.05,1.79954,144.3,7890.67,0.46,2.24665e+06,88.31,FAIL
ss_-40c_3.30v,ss,-40,3.3,0.1,4.7,0.2,1.79954,144.3,7894.6,2.46,2.64157e+06,78.63,FAIL
ss_-40c_3.30v,ss,-40,3.3,0.1,4.7,0.5,1.79954,144.3,7916.67,6.46,2.70989e+06,71.02,FAIL
ss_-40c_3.30v,ss,-40,3.3,1,0.33,0.001,1.79954,145.1,79667.4,-2.33,16801.4,-27.04,FAIL
ss_-40c_3.30v,ss,-40,3.3,1,0.33,0.05,1.79954,145.1,79668.1,-1.87,18668.2,-25.21,FAIL
ss_-40c_3.30v,ss,-40,3.3,1,0.33,0.2,1.79954,145.1,79687.1,-0.45,35122.7,-14.23,FAIL
ss_-40c_3.30v,ss,-40,3.3,1,0.33,0.5,1.79954,145.1,79799.8,2.38,1.8813e+06,48.72,FAIL
ss_-40c_3.30v,ss,-40,3.3,1,1,0.001,1.79954,145.1,45767.2,-1.33,9844.47,-26.70,FAIL
ss_-40c_3.30v,ss,-40,3.3,1,1,0.05,1.79954,145.1,45769.3,-0.52,15190.8,-19.16,FAIL
ss_-40c_3.30v,ss,-40,3.3,1,1,0.2,1.79954,145.1,45804.5,1.95,2.05347e+06,58.05,FAIL
ss_-40c_3.30v,ss,-40,3.3,1,1,0.5,1.79954,145.1,46005.5,6.87,2.45537e+06,52.78,FAIL
ss_-40c_3.30v,ss,-40,3.3,1,4.7,0.001,1.79954,145.1,21114.8,-0.58,5023.68,-24.94,FAIL
ss_-40c_3.30v,ss,-40,3.3,1,4.7,0.05,1.79954,145.1,21119.8,1.17,2.16395e+06,70.89,FAIL
ss_-40c_3.30v,ss,-40,3.3,1,4.7,0.2,1.79954,145.1,21197.3,6.52,2.56321e+06,61.35,FAIL
ss_-40c_3.30v,ss,-40,3.3,1,4.7,0.5,1.79954,145.1,21632.6,17.08,2.63118e+06,53.76,FAIL
ss_-40c_3.30v,ss,-40,3.3,10,0.33,0.001,1.79954,144.2,158474,-4.71,36727.3,-25.40,FAIL
ss_-40c_3.30v,ss,-40,3.3,10,0.33,0.05,1.79954,144.2,158479,-3.79,40692.1,-23.62,FAIL
ss_-40c_3.30v,ss,-40,3.3,10,0.33,0.2,1.79954,144.2,158624,-0.98,73765.1,-13.29,FAIL
ss_-40c_3.30v,ss,-40,3.3,10,0.33,0.5,1.79954,144.2,159506,4.61,1.82161e+06,36.45,FAIL
ss_-40c_3.30v,ss,-40,3.3,10,1,0.001,1.79954,144.2,91068.8,-2.68,21250.7,-25.28,FAIL
ss_-40c_3.30v,ss,-40,3.3,10,1,0.05,1.79954,144.2,91083.7,-1.08,32267.6,-18.03,FAIL
ss_-40c_3.30v,ss,-40,3.3,10,1,0.2,1.79954,144.2,91353.9,3.82,1.99799e+06,45.85,FAIL
ss_-40c_3.30v,ss,-40,3.3,10,1,0.5,1.79954,144.2,92936.8,13.49,2.40126e+06,40.68,FAIL
ss_-40c_3.30v,ss,-40,3.3,10,4.7,0.001,1.79954,144.2,42017.1,-1.18,10178.7,-24.63,FAIL
ss_-40c_3.30v,ss,-40,3.3,10,4.7,0.05,1.79954,144.2,42056.5,2.30,2.11053e+06,58.73,FAIL
ss_-40c_3.30v,ss,-40,3.3,10,4.7,0.2,1.79954,144.2,42667.6,12.87,2.5119e+06,49.27,FAIL
ss_-40c_3.30v,ss,-40,3.3,10,4.7,0.5,1.79954,144.2,46216.2,32.91,2.57811e+06,41.70,FAIL
ss_-40c_3.30v,ss,-40,3.3,25,0.33,0.001,1.79954,142.6,192123,-5.68,49901.5,-23.41,FAIL
ss_-40c_3.30v,ss,-40,3.3,25,0.33,0.05,1.79954,142.6,192128,-4.57,55223.8,-21.65,FAIL
ss_-40c_3.30v,ss,-40,3.3,25,0.33,0.2,1.79954,142.6,192377,-1.16,98733.6,-11.56,FAIL
ss_-40c_3.30v,ss,-40,3.3,25,0.33,0.5,1.79954,142.6,193917,5.57,1.7996e+06,33.00,FAIL
ss_-40c_3.30v,ss,-40,3.3,25,1,0.001,1.79954,142.6,110422,-3.24,28833.8,-23.32,FAIL
ss_-40c_3.30v,ss,-40,3.3,25,1,0.05,1.79954,142.6,110448,-1.29,43520.8,-16.17,FAIL
ss_-40c_3.30v,ss,-40,3.3,25,1,0.2,1.79954,142.6,110930,4.64,1.97796e+06,42.42,FAIL
ss_-40c_3.30v,ss,-40,3.3,25,1,0.5,1.79954,142.6,113713,16.26,2.38143e+06,37.29,FAIL
ss_-40c_3.30v,ss,-40,3.3,25,4.7,0.001,1.79954,142.6,50949.4,-1.42,13705.6,-22.81,FAIL
ss_-40c_3.30v,ss,-40,3.3,25,4.7,0.05,1.79954,142.6,51018.4,2.80,2.09188e+06,55.31,FAIL
ss_-40c_3.30v,ss,-40,3.3,25,4.7,0.2,1.79954,142.6,52094.9,15.55,2.49377e+06,45.89,FAIL
ss_-40c_3.30v,ss,-40,3.3,25,4.7,0.5,1.79954,142.6,58534.2,39.06,2.55852e+06,38.32,FAIL
ss_-40c_3.30v,ss,-40,3.3,50,0.33,0.001,1.79954,140.6,218282,-6.38,64707.6,-21.12,FAIL
ss_-40c_3.30v,ss,-40,3.3,50,0.33,0.05,1.79954,140.6,218284,-5.11,71527.2,-19.37,FAIL
ss_-40c_3.30v,ss,-40,3.3,50,0.33,0.2,1.79954,140.6,218617,-1.25,126143,-9.53,FAIL
ss_-40c_3.30v,ss,-40,3.3,50,0.33,0.5,1.79954,140.6,220850,6.37,1.77936e+06,30.67,FAIL
ss_-40c_3.30v,ss,-40,3.3,50,1,0.001,1.79954,140.6,125491,-3.63,37376.6,-21.04,FAIL
ss_-40c_3.30v,ss,-40,3.3,50,1,0.05,1.79954,140.6,125524,-1.42,56087.7,-13.99,FAIL
ss_-40c_3.30v,ss,-40,3.3,50,1,0.2,1.79954,140.6,126210,5.31,1.95926e+06,40.11,FAIL
ss_-40c_3.30v,ss,-40,3.3,50,1,0.5,1.79954,140.6,130309,18.40,2.36283e+06,35.03,FAIL
ss_-40c_3.30v,ss,-40,3.3,50,4.7,0.001,1.79954,140.6,57904.2,-1.59,17701.1,-20.59,FAIL
ss_-40c_3.30v,ss,-40,3.3,50,4.7,0.05,1.79954,140.6,58004.7,3.20,2.07416e+06,53.02,FAIL
ss_-40c_3.30v,ss,-40,3.3,50,4.7,0.2,1.79954,140.6,59595.8,17.64,2.47677e+06,43.63,FAIL
ss_-40c_3.30v,ss,-40,3.3,50,4.7,0.5,1.79954,140.6,69127,43.50,2.54004e+06,36.07,FAIL
ss_-40c_3.63v,ss,-40,3.63,0,0.33,0.001,1.7995,130.2,3814.86,-0.01,3647.64,-0.78,FAIL
ss_-40c_3.63v,ss,-40,3.63,0,0.33,0.05,1.7995,130.2,3814.86,0.01,4118.32,1.33,FAIL
ss_-40c_3.63v,ss,-40,3.63,0,0.33,0.2,1.7995,130.2,3814.86,0.08,10299.4,17.25,FAIL
ss_-40c_3.63v,ss,-40,3.63,0,0.33,0.5,1.7995,130.2,3814.87,0.22,2.11177e+06,101.98,FAIL
ss_-40c_3.63v,ss,-40,3.63,0,1,0.001,1.7995,130.2,2191.39,0.09,3498.23,8.12,FAIL
ss_-40c_3.63v,ss,-40,3.63,0,1,0.05,1.7995,130.2,2191.39,0.13,5985.38,17.45,FAIL
ss_-40c_3.63v,ss,-40,3.63,0,1,0.2,1.7995,130.2,2191.4,0.25,2.26987e+06,110.97,FAIL
ss_-40c_3.63v,ss,-40,3.63,0,1,0.5,1.7995,130.2,2191.42,0.48,2.6462e+06,105.02,FAIL
ss_-40c_3.63v,ss,-40,3.63,0,4.7,0.001,1.7995,130,1010.96,0.29,3520.57,21.67,FAIL
ss_-40c_3.63v,ss,-40,3.63,0,4.7,0.05,1.7995,130,1010.97,0.37,2.37213e+06,123.61,FAIL
ss_-40c_3.63v,ss,-40,3.63,0,4.7,0.2,1.7995,130,1010.97,0.63,2.74681e+06,113.42,FAIL
ss_-40c_3.63v,ss,-40,3.63,0,4.7,0.5,1.7995,130,1011.02,1.14,2.81162e+06,105.73,FAIL
ss_-40c_3.63v,ss,-40,3.63,0.1,0.33,0.001,1.7995,140.8,31421.7,-0.75,7515.59,-24.85,FAIL
ss_-40c_3.63v,ss,-40,3.63,0.1,0.33,0.05,1.7995,140.8,31421.8,-0.57,8563.84,-22.58,FAIL
ss_-40c_3.63v,ss,-40,3.63,0.1,0.33,0.2,1.7995,140.8,31422.9,-0.01,28984.5,-1.40,FAIL
ss_-40c_3.63v,ss,-40,3.63,0.1,0.33,0.5,1.7995,140.8,31429.6,1.11,2.25164e+06,66.45,FAIL
ss_-40c_3.63v,ss,-40,3.63,0.1,1,0.001,1.7995,140.8,18050.9,-0.42,5052.74,-22.12,FAIL
ss_-40c_3.63v,ss,-40,3.63,0.1,1,0.05,1.7995,140.8,18051,-0.10,9269.17,-11.58,FAIL
ss_-40c_3.63v,ss,-40,3.63,0.1,1,0.2,1.7995,140.8,18053.1,0.88,2.40512e+06,75.42,FAIL
ss_-40c_3.63v,ss,-40,3.63,0.1,1,0.5,1.7995,140.8,18065,2.82,2.77579e+06,69.55,FAIL
ss_-40c_3.63v,ss,-40,3.63,0.1,4.7,0.001,1.7995,140.8,8325.13,-0.16,3750.51,-13.86,FAIL
ss_-40c_3.63v,ss,-40,3.63,0.1,4.7,0.05,1.7995,140.8,8325.44,0.53,2.50504e+06,88.07,FAIL
ss_-40c_3.63v,ss,-40,3.63,0.1,4.7,0.2,1.7995,140.8,8330.24,2.65,2.87672e+06,78.01,FAIL
ss_-40c_3.63v,ss,-40,3.63,0.1,4.7,0.5,1.7995,140.8,8357.2,6.86,2.94204e+06,70.36,FAIL
ss_-40c_3.63v,ss,-40,3.63,1,0.33,0.001,1.79949,142.1,84217.7,-2.12,18014.8,-26.79,FAIL
ss_-40c_3.63v,ss,-40,3.63,1,0.33,0.05,1.79949,142.1,84218.7,-1.62,20416.3,-24.62,FAIL
ss_-40c_3.63v,ss,-40,3.63,1,0.33,0.2,1.79949,142.1,84241.2,-0.13,56489.6,-6.94,FAIL
ss_-40c_3.63v,ss,-40,3.63,1,0.33,0.5,1.79949,142.1,84373.7,2.87,2.15628e+06,48.92,FAIL
ss_-40c_3.63v,ss,-40,3.63,1,1,0.001,1.79949,142.1,48377.9,-1.20,10667.3,-26.26,FAIL
ss_-40c_3.63v,ss,-40,3.63,1,1,0.05,1.79949,142.1,48380.4,-0.35,18767.1,-16.45,FAIL
ss_-40c_3.63v,ss,-40,3.63,1,1,0.2,1.79949,142.1,48421.8,2.26,2.31278e+06,57.96,FAIL
ss_-40c_3.63v,ss,-40,3.63,1,1,0.5,1.79949,142.1,48657.3,7.47,2.68737e+06,52.22,FAIL
ss_-40c_3.63v,ss,-40,3.63,1,4.7,0.001,1.79949,142.1,22316.6,-0.52,5703.55,-23.70,FAIL
ss_-40c_3.63v,ss,-40,3.63,1,4.7,0.05,1.79949,142.1,22322.5,1.33,2.41456e+06,70.65,FAIL
ss_-40c_3.63v,ss,-40,3.63,1,4.7,0.2,1.79949,142.1,22413.2,6.98,2.78996e+06,60.70,FAIL
ss_-40c_3.63v,ss,-40,3.63,1,4.7,0.5,1.79949,142.1,22922.6,18.13,2.85494e+06,53.07,FAIL
ss_-40c_3.63v,ss,-40,3.63,10,0.33,0.001,1.79949,142.3,168188,-4.31,38610.2,-25.55,FAIL
ss_-40c_3.63v,ss,-40,3.63,10,0.33,0.05,1.79949,142.3,168195,-3.33,43582.4,-23.44,FAIL
ss_-40c_3.63v,ss,-40,3.63,10,0.33,0.2,1.79949,142.3,168370,-0.35,108598,-7.60,FAIL
ss_-40c_3.63v,ss,-40,3.63,10,0.33,0.5,1.79949,142.3,169418,5.58,2.0929e+06,36.64,FAIL
ss_-40c_3.63v,ss,-40,3.63,10,1,0.001,1.79949,142.3,96614,-2.45,22389.1,-25.40,FAIL
ss_-40c_3.63v,ss,-40,3.63,10,1,0.05,1.79949,142.3,96633,-0.74,38358.8,-16.04,FAIL
ss_-40c_3.63v,ss,-40,3.63,10,1,0.2,1.79949,142.3,96960.2,4.45,2.2529e+06,45.72,FAIL
ss_-40c_3.63v,ss,-40,3.63,10,1,0.5,1.79949,142.3,98828.8,14.70,2.62842e+06,40.07,FAIL
ss_-40c_3.63v,ss,-40,3.63,10,4.7,0.001,1.79949,142.3,44567.2,-1.06,10853,-24.54,FAIL
ss_-40c_3.63v,ss,-40,3.63,10,4.7,0.05,1.79949,142.3,44614,2.63,2.35678e+06,58.44,FAIL
ss_-40c_3.63v,ss,-40,3.63,10,4.7,0.2,1.79949,142.3,45334.2,13.82,2.73394e+06,48.57,FAIL
ss_-40c_3.63v,ss,-40,3.63,10,4.7,0.5,1.79949,142.3,49596.7,34.93,2.79682e+06,40.94,FAIL
ss_-40c_3.63v,ss,-40,3.63,25,0.33,0.001,1.79949,141.7,204129,-5.22,51623,-23.87,FAIL
ss_-40c_3.63v,ss,-40,3.63,25,0.33,0.05,1.79949,141.7,204139,-4.04,58202.4,-21.78,FAIL
ss_-40c_3.63v,ss,-40,3.63,25,0.33,0.2,1.79949,141.7,204442,-0.42,140127,-6.54,FAIL
ss_-40c_3.63v,ss,-40,3.63,25,0.33,0.5,1.79949,141.7,206283,6.74,2.07181e+06,33.19,FAIL
ss_-40c_3.63v,ss,-40,3.63,25,1,0.001,1.79949,141.7,117266,-2.96,29868.7,-23.75,FAIL
ss_-40c_3.63v,ss,-40,3.63,25,1,0.05,1.79949,141.7,117298,-0.90,50727.3,-14.55,FAIL
ss_-40c_3.63v,ss,-40,3.63,25,1,0.2,1.79949,141.7,117873,5.40,2.23373e+06,42.29,FAIL
ss_-40c_3.63v,ss,-40,3.63,25,1,0.5,1.79949,141.7,121214,17.71,2.6089e+06,36.67,FAIL
ss_-40c_3.63v,ss,-40,3.63,25,4.7,0.001,1.79949,141.7,54089.4,-1.29,14301.9,-23.11,FAIL
ss_-40c_3.63v,ss,-40,3.63,25,4.7,0.05,1.79949,141.7,54171.6,3.19,2.33862e+06,55.02,FAIL
ss_-40c_3.63v,ss,-40,3.63,25,4.7,0.2,1.79949,141.7,55467.8,16.71,2.7161e+06,45.17,FAIL
ss_-40c_3.63v,ss,-40,3.63,25,4.7,0.5,1.79949,141.7,63207.9,41.37,2.77745e+06,37.55,FAIL
ss_-40c_3.63v,ss,-40,3.63,50,0.33,0.001,1.79949,140.6,232260,-5.89,65716.4,-21.91,FAIL
ss_-40c_3.63v,ss,-40,3.63,50,0.33,0.05,1.79949,140.6,232270,-4.55,74018.6,-19.84,FAIL
ss_-40c_3.63v,ss,-40,3.63,50,0.33,0.2,1.79949,140.6,232704,-0.44,172926,-5.13,FAIL
ss_-40c_3.63v,ss,-40,3.63,50,0.33,0.5,1.79949,140.6,235408,7.66,2.05392e+06,30.88,FAIL
ss_-40c_3.63v,ss,-40,3.63,50,1,0.001,1.79949,140.6,133432,-3.34,37992.1,-21.81,FAIL
ss_-40c_3.63v,ss,-40,3.63,50,1,0.05,1.79949,140.6,133477,-0.99,64038.4,-12.75,FAIL
ss_-40c_3.63v,ss,-40,3.63,50,1,0.2,1.79949,140.6,134323,6.16,2.21744e+06,39.99,FAIL
ss_-40c_3.63v,ss,-40,3.63,50,1,0.5,1.79949,140.6,139254,20.05,2.59212e+06,34.39,FAIL
ss_-40c_3.63v,ss,-40,3.63,50,4.7,0.001,1.79949,140.6,61552.4,-1.46,18095.2,-21.26,FAIL
ss_-40c_3.63v,ss,-40,3.63,50,4.7,0.05,1.79949,140.6,61673.3,3.64,2.3232e+06,52.72,FAIL
ss_-40c_3.63v,ss,-40,3.63,50,4.7,0.2,1.79949,140.6,63582.5,18.96,2.70087e+06,42.90,FAIL
ss_-40c_3.63v,ss,-40,3.63,50,4.7,0.5,1.79949,140.6,75141.7,46.00,2.76072e+06,35.28,PASS
ss_27c_2.97v,ss,27,2.97,0,0.33,0.001,1.79949,132.8,2785.68,-0.06,2012,-5.65,FAIL
ss_27c_2.97v,ss,27,2.97,0,0.33,0.05,1.79949,132.8,2785.68,-0.04,2160.64,-4.41,FAIL
ss_27c_2.97v,ss,27,2.97,0,0.33,0.2,1.79949,132.8,2785.68,0.01,2964.15,1.08,FAIL
ss_27c_2.97v,ss,27,2.97,0,0.33,0.5,1.79949,132.8,2785.68,0.11,1.16899e+06,101.63,FAIL
ss_27c_2.97v,ss,27,2.97,0,1,0.001,1.79949,132.7,1600.22,0.02,1842.59,2.45,FAIL
ss_27c_2.97v,ss,27,2.97,0,1,0.05,1.79949,132.7,1600.22,0.05,2387.54,6.95,FAIL
ss_27c_2.97v,ss,27,2.97,0,1,0.2,1.79949,132.7,1600.22,0.14,1.41507e+06,112.59,FAIL
ss_27c_2.97v,ss,27,2.97,0,1,0.5,1.79949,132.7,1600.23,0.31,1.91113e+06,108.99,FAIL
ss_27c_2.97v,ss,27,2.97,0,4.7,0.001,1.79949,132.6,738.185,0.15,1797.72,15.46,FAIL
ss_27c_2.97v,ss,27,2.97,0,4.7,0.05,1.79949,132.6,738.186,0.22,1.55947e+06,126.10,FAIL
ss_27c_2.97v,ss,27,2.97,0,4.7,0.2,1.79949,132.6,738.189,0.40,2.03122e+06,117.75,FAIL
ss_27c_2.97v,ss,27,2.97,0,4.7,0.5,1.79949,132.6,738.207,0.78,2.1067e+06,110.26,FAIL
ss_27c_2.97v,ss,27,2.97,0.1,0.33,0.001,1.79949,144.4,24031.4,-0.97,5194.46,-26.61,FAIL
ss_27c_2.97v,ss,27,2.97,0.1,0.33,0.05,1.79949,144.4,24031.4,-0.82,5595.91,-25.32,FAIL
ss_27c_2.97v,ss,27,2.97,0.1,0.33,0.2,1.79949,144.4,24031.9,-0.40,7843.14,-19.45,FAIL
ss_27c_2.97v,ss,27,2.97,0.1,0.33,0.5,1.79949,144.4,24035,0.46,1.29312e+06,65.79,FAIL
ss_27c_2.97v,ss,27,2.97,0.1,1,0.001,1.79949,144.4,13804.9,-0.54,3278.5,-24.98,FAIL
ss_27c_2.97v,ss,27,2.97,0.1,1,0.05,1.79949,144.4,13805,-0.30,4309.76,-20.23,FAIL
ss_27c_2.97v,ss,27,2.97,0.1,1,0.2,1.79949,144.4,13805.9,0.44,1.53176e+06,76.49,FAIL
ss_27c_2.97v,ss,27,2.97,0.1,1,0.5,1.79949,144.4,13811.4,1.93,2.02952e+06,72.89,FAIL
ss_27c_2.97v,ss,27,2.97,0.1,4.7,0.001,1.79949,144.4,6368.88,-0.23,2130.4,-19.03,FAIL
ss_27c_2.97v,ss,27,2.97,0.1,4.7,0.05,1.79949,144.4,6369.02,0.30,1.6746e+06,89.95,FAIL
ss_27c_2.97v,ss,27,2.97,0.1,4.7,0.2,1.79949,144.4,6371.15,1.91,2.15321e+06,81.72,FAIL
ss_27c_2.97v,ss,27,2.97,0.1,4.7,0.5,1.79949,144.4,6383.11,5.14,2.23146e+06,74.28,FAIL
ss_27c_2.97v,ss,27,2.97,1,0.33,0.001,1.79949,145.1,65566.3,-2.76,13224,-27.81,FAIL
ss_27c_2.97v,ss,27,2.97,1,0.33,0.05,1.79949,145.1,65566.6,-2.38,14199.8,-26.58,FAIL
ss_27c_2.97v,ss,27,2.97,1,0.33,0.2,1.79949,145.1,65576.4,-1.22,19452.7,-21.11,FAIL
ss_27c_2.97v,ss,27,2.97,1,0.33,0.5,1.79949,145.1,65636.4,1.12,1.17216e+06,47.10,FAIL
ss_27c_2.97v,ss,27,2.97,1,1,0.001,1.79949,145.1,37674.9,-1.58,7723.72,-27.53,FAIL
ss_27c_2.97v,ss,27,2.97,1,1,0.05,1.79949,145.1,37676,-0.91,9997.93,-23.04,FAIL
ss_27c_2.97v,ss,27,2.97,1,1,0.2,1.79949,145.1,37694.7,1.12,1.42378e+06,58.24,FAIL
ss_27c_2.97v,ss,27,2.97,1,1,0.5,1.79949,145.1,37802.5,5.18,1.93436e+06,55.08,FAIL
ss_27c_2.97v,ss,27,2.97,1,4.7,0.001,1.79949,145.1,17376.9,-0.70,3876.5,-26.07,FAIL
ss_27c_2.97v,ss,27,2.97,1,4.7,0.05,1.79949,145.1,17379.6,0.74,1.57204e+06,71.86,FAIL
ss_27c_2.97v,ss,27,2.97,1,4.7,0.2,1.79949,145.1,17423.2,5.14,2.06024e+06,63.98,FAIL
ss_27c_2.97v,ss,27,2.97,1,4.7,0.5,1.79949,145.1,17668.5,13.88,2.13885e+06,56.57,FAIL
ss_27c_2.97v,ss,27,2.97,10,0.33,0.001,1.79949,143.3,133751,-5.74,30539.8,-25.67,FAIL
ss_27c_2.97v,ss,27,2.97,10,0.33,0.05,1.79949,143.3,133753,-4.96,32710.4,-24.47,FAIL
ss_27c_2.97v,ss,27,2.97,10,0.33,0.2,1.79949,143.3,133834,-2.59,44127.9,-19.27,FAIL
ss_27c_2.97v,ss,27,2.97,10,0.33,0.5,1.79949,143.3,134347,2.13,1.0874e+06,33.72,FAIL
ss_27c_2.97v,ss,27,2.97,10,1,0.001,1.79949,143.3,76916.5,-3.28,17639.1,-25.59,FAIL
ss_27c_2.97v,ss,27,2.97,10,1,0.05,1.79949,143.3,76924.9,-1.93,22606.5,-21.27,FAIL
ss_27c_2.97v,ss,27,2.97,10,1,0.2,1.79949,143.3,77086,2.21,1.34996e+06,45.23,FAIL
ss_27c_2.97v,ss,27,2.97,10,1,0.5,1.79949,143.3,78019.1,10.40,1.8692e+06,42.42,FAIL
ss_27c_2.97v,ss,27,2.97,10,4.7,0.001,1.79949,143.3,35495.3,-1.47,8363.59,-25.11,FAIL
ss_27c_2.97v,ss,27,2.97,10,4.7,0.05,1.79949,143.3,35518.3,1.47,1.50302e+06,58.99,FAIL
ss_27c_2.97v,ss,27,2.97,10,4.7,0.2,1.79949,143.3,35879.7,10.42,1.99789e+06,51.36,FAIL
ss_27c_2.97v,ss,27,2.97,10,4.7,0.5,1.79949,143.3,37983.1,27.64,2.07531e+06,43.98,FAIL
ss_27c_2.97v,ss,27,2.97,25,0.33,0.001,1.79949,140.9,162219,-6.89,43053.8,-23.06,FAIL
ss_27c_2.97v,ss,27,2.97,25,0.33,0.05,1.79949,140.9,162219,-5.95,46075,-21.88,FAIL
ss_27c_2.97v,ss,27,2.97,25,0.33,0.2,1.79949,140.9,162353,-3.07,61870.4,-16.76,FAIL
ss_27c_2.97v,ss,27,2.97,25,0.33,0.5,1.79949,140.9,163238,2.62,1.06238e+06,30.06,FAIL
ss_27c_2.97v,ss,27,2.97,25,1,0.001,1.79949,140.9,93340.6,-3.94,24841,-23.00,FAIL
ss_27c_2.97v,ss,27,2.97,25,1,0.05,1.79949,140.9,93353.6,-2.30,31734,-18.74,FAIL
ss_27c_2.97v,ss,27,2.97,25,1,0.2,1.79949,140.9,93632.8,2.71,1.32822e+06,41.68,FAIL
ss_27c_2.97v,ss,27,2.97,25,1,0.5,1.79949,140.9,95269.4,12.57,1.84957e+06,38.98,FAIL
ss_27c_2.97v,ss,27,2.97,25,4.7,0.001,1.79949,140.9,43080.2,-1.76,11704.2,-22.64,FAIL
ss_27c_2.97v,ss,27,2.97,25,4.7,0.05,1.79949,140.9,43120.1,1.81,1.48263e+06,55.49,FAIL
ss_27c_2.97v,ss,27,2.97,25,4.7,0.2,1.79949,140.9,43761.8,12.62,1.9797e+06,47.94,FAIL
ss_27c_2.97v,ss,27,2.97,25,4.7,0.5,1.79949,140.9,47583.7,33.03,2.05618e+06,40.56,FAIL
ss_27c_2.97v,ss,27,2.97,50,0.33,0.001,1.79949,137.9,183732,-7.59,58322.1,-19.95,FAIL
ss_27c_2.97v,ss,27,2.97,50,0.33,0.05,1.79949,137.9,183723,-6.53,62385.1,-18.78,FAIL
ss_27c_2.97v,ss,27,2.97,50,0.33,0.2,1.79949,137.9,183896,-3.28,83478.2,-13.72,FAIL
ss_27c_2.97v,ss,27,2.97,50,0.33,0.5,1.79949,137.9,185149,3.14,1.0487e+06,27.74,FAIL
ss_27c_2.97v,ss,27,2.97,50,1,0.001,1.79949,137.9,105775,-4.35,33642.8,-19.91,FAIL
ss_27c_2.97v,ss,27,2.97,50,1,0.05,1.79949,137.9,105789,-2.49,42894.3,-15.68,FAIL
ss_27c_2.97v,ss,27,2.97,50,1,0.2,1.79949,137.9,106187,3.18,1.31465e+06,39.40,FAIL
ss_27c_2.97v,ss,27,2.97,50,1,0.5,1.79949,137.9,108569,14.28,1.83709e+06,36.77,FAIL
ss_27c_2.97v,ss,27,2.97,50,4.7,0.001,1.79949,137.9,48835.1,-1.94,15802.6,-19.60,FAIL
ss_27c_2.97v,ss,27,2.97,50,4.7,0.05,1.79949,137.9,48891.9,2.10,1.46983e+06,53.22,FAIL
ss_27c_2.97v,ss,27,2.97,50,4.7,0.2,1.79949,137.9,49824.4,14.32,1.96825e+06,45.73,FAIL
ss_27c_2.97v,ss,27,2.97,50,4.7,0.5,1.79949,137.9,55428.1,36.93,2.04385e+06,38.36,FAIL
ss_27c_3.30v,ss,27,3.3,0,0.33,0.001,1.79947,130.1,2957.95,-0.03,2564.53,-2.48,FAIL
ss_27c_3.30v,ss,27,3.3,0,0.33,0.05,1.79947,130.1,2957.95,-0.01,2786.83,-1.03,FAIL
ss_27c_3.30v,ss,27,3.3,0,0.33,0.2,1.79947,130.1,2957.96,0.04,4172.96,5.98,FAIL
ss_27c_3.30v,ss,27,3.3,0,0.33,0.5,1.79947,130.1,2957.96,0.15,1.49335e+06,103.36,FAIL
ss_27c_3.30v,ss,27,3.3,0,1,0.001,1.79947,130.1,1699.22,0.07,2417.52,6.13,FAIL
ss_27c_3.30v,ss,27,3.3,0,1,0.05,1.79947,130.1,1699.22,0.10,3312.3,11.60,FAIL
ss_27c_3.30v,ss,27,3.3,0,1,0.2,1.79947,130.1,1699.22,0.19,1.69958e+06,113.28,FAIL
ss_27c_3.30v,ss,27,3.3,0,1,0.5,1.79947,130.1,1699.23,0.37,2.14906e+06,108.59,FAIL
ss_27c_3.30v,ss,27,3.3,0,4.7,0.001,1.79947,130,783.754,0.24,2397.1,19.42,FAIL
ss_27c_3.30v,ss,27,3.3,0,4.7,0.05,1.79947,130,783.754,0.30,1.82675e+06,126.37,FAIL
ss_27c_3.30v,ss,27,3.3,0,4.7,0.2,1.79947,130,783.758,0.50,2.26254e+06,117.21,FAIL
ss_27c_3.30v,ss,27,3.3,0,4.7,0.5,1.79947,130,783.78,0.90,2.33458e+06,109.63,FAIL
ss_27c_3.30v,ss,27,3.3,0.1,0.33,0.001,1.79947,142.7,25552.4,-0.87,5657.63,-26.19,FAIL
ss_27c_3.30v,ss,27,3.3,0.1,0.33,0.05,1.79947,142.7,25552.4,-0.72,6180.31,-24.66,FAIL
ss_27c_3.30v,ss,27,3.3,0.1,0.33,0.2,1.79947,142.7,25553,-0.27,9670.84,-16.88,FAIL
ss_27c_3.30v,ss,27,3.3,0.1,0.33,0.5,1.79947,142.7,25556.7,0.64,1.6503e+06,67.47,FAIL
ss_27c_3.30v,ss,27,3.3,0.1,1,0.001,1.79947,142.7,14678.9,-0.49,3687.92,-24.00,FAIL
ss_27c_3.30v,ss,27,3.3,0.1,1,0.05,1.79947,142.7,14679,-0.23,5185.04,-18.08,FAIL
ss_27c_3.30v,ss,27,3.3,0.1,1,0.2,1.79947,142.7,14680.1,0.56,1.84967e+06,77.23,FAIL
ss_27c_3.30v,ss,27,3.3,0.1,1,0.5,1.79947,142.7,14686.6,2.15,2.29717e+06,72.56,FAIL
ss_27c_3.30v,ss,27,3.3,0.1,4.7,0.001,1.79947,142.7,6771.12,-0.20,2574.3,-16.80,FAIL
ss_27c_3.30v,ss,27,3.3,0.1,4.7,0.05,1.79947,142.7,6771.28,0.36,1.97449e+06,90.29,FAIL
ss_27c_3.30v,ss,27,3.3,0.1,4.7,0.2,1.79947,142.7,6773.8,2.08,2.41292e+06,81.23,FAIL
ss_27c_3.30v,ss,27,3.3,0.1,4.7,0.5,1.79947,142.7,6787.97,5.51,2.48682e+06,73.70,FAIL
ss_27c_3.30v,ss,27,3.3,1,0.33,0.001,1.79947,144,69821.4,-2.52,14061,-27.84,FAIL
ss_27c_3.30v,ss,27,3.3,1,0.33,0.05,1.79947,144,69821.8,-2.11,15294.5,-26.38,FAIL
ss_27c_3.30v,ss,27,3.3,1,0.33,0.2,1.79947,144,69834.4,-0.87,23086.1,-19.23,FAIL
ss_27c_3.30v,ss,27,3.3,1,0.33,0.5,1.79947,144,69909.4,1.62,1.528e+06,49.12,FAIL
ss_27c_3.30v,ss,27,3.3,1,1,0.001,1.79947,144,40115.2,-1.43,8255.01,-27.46,FAIL
ss_27c_3.30v,ss,27,3.3,1,1,0.05,1.79947,144,40116.5,-0.73,11366.8,-21.91,FAIL
ss_27c_3.30v,ss,27,3.3,1,1,0.2,1.79947,144,40140,1.44,1.73561e+06,59.12,FAIL
ss_27c_3.30v,ss,27,3.3,1,1,0.5,1.79947,144,40274.3,5.76,2.19224e+06,54.75,FAIL
ss_27c_3.30v,ss,27,3.3,1,4.7,0.001,1.79947,144,18506.8,-0.63,4250.18,-25.56,FAIL
ss_27c_3.30v,ss,27,3.3,1,4.7,0.05,1.79947,144,18510.2,0.90,1.86391e+06,72.28,FAIL
ss_27c_3.30v,ss,27,3.3,1,4.7,0.2,1.79947,144,18562,5.59,2.31004e+06,63.47,FAIL
ss_27c_3.30v,ss,27,3.3,1,4.7,0.5,1.79947,144,18853.2,14.88,2.38414e+06,55.97,FAIL
ss_27c_3.30v,ss,27,3.3,10,0.33,0.001,1.79947,143.5,143092,-5.27,31662.7,-26.21,FAIL
ss_27c_3.30v,ss,27,3.3,10,0.33,0.05,1.79947,143.5,143095,-4.44,34350.4,-24.79,FAIL
ss_27c_3.30v,ss,27,3.3,10,0.33,0.2,1.79947,143.5,143197,-1.90,50686.6,-18.03,FAIL
ss_27c_3.30v,ss,27,3.3,10,0.33,0.5,1.79947,143.5,143818,3.15,1.44644e+06,36.02,FAIL
ss_27c_3.30v,ss,27,3.3,10,1,0.001,1.79947,143.5,82262.8,-3.01,18309.6,-26.10,FAIL
ss_27c_3.30v,ss,27,3.3,10,1,0.05,1.79947,143.5,82273.6,-1.56,24874.5,-20.78,FAIL
ss_27c_3.30v,ss,27,3.3,10,1,0.2,1.79947,143.5,82468.5,2.87,1.66086e+06,46.19,FAIL
ss_27c_3.30v,ss,27,3.3,10,1,0.5,1.79947,143.5,83609.5,11.62,2.12313e+06,42.04,FAIL
ss_27c_3.30v,ss,27,3.3,10,4.7,0.001,1.79947,143.5,37950.2,-1.34,8738.96,-25.51,FAIL
ss_27c_3.30v,ss,27,3.3,10,4.7,0.05,1.79947,143.5,37978.1,1.81,1.79263e+06,59.43,FAIL
ss_27c_3.30v,ss,27,3.3,10,4.7,0.2,1.79947,143.5,38430.3,11.37,2.24379e+06,50.80,FAIL
ss_27c_3.30v,ss,27,3.3,10,4.7,0.5,1.79947,143.5,41029.5,29.68,2.31656e+06,43.32,FAIL
ss_27c_3.30v,ss,27,3.3,25,0.33,0.001,1.79947,142,173860,-6.37,43550.2,-24.06,FAIL
ss_27c_3.30v,ss,27,3.3,25,0.33,0.05,1.79947,142,173863,-5.36,47205.3,-22.66,FAIL
ss_27c_3.30v,ss,27,3.3,25,0.33,0.2,1.79947,142,174043,-2.28,69147.1,-16.02,FAIL
ss_27c_3.30v,ss,27,3.3,25,0.33,0.5,1.79947,142,175182,3.83,1.42127e+06,32.43,FAIL
ss_27c_3.30v,ss,27,3.3,25,1,0.001,1.79947,142,99989.5,-3.64,25145.6,-23.98,FAIL
ss_27c_3.30v,ss,27,3.3,25,1,0.05,1.79947,142,100008,-1.88,34025.9,-18.73,FAIL
ss_27c_3.30v,ss,27,3.3,25,1,0.2,1.79947,142,100365,3.49,1.63819e+06,42.66,FAIL
ss_27c_3.30v,ss,27,3.3,25,1,0.5,1.79947,142,102442,14.05,2.10197e+06,38.59,FAIL
ss_27c_3.30v,ss,27,3.3,25,4.7,0.001,1.79947,142,46150.2,-1.62,11902.3,-23.54,FAIL
ss_27c_3.30v,ss,27,3.3,25,4.7,0.05,1.79947,142,46201.5,2.21,1.77148e+06,55.92,FAIL
ss_27c_3.30v,ss,27,3.3,25,4.7,0.2,1.79947,142,47006.3,13.78,2.22409e+06,47.35,FAIL
ss_27c_3.30v,ss,27,3.3,25,4.7,0.5,1.79947,142,51739.1,35.44,2.29569e+06,39.88,FAIL
ss_27c_3.30v,ss,27,3.3,50,0.33,0.001,1.79947,139.8,197460,-7.13,57165,-21.54,FAIL
ss_27c_3.30v,ss,27,3.3,50,0.33,0.05,1.79947,139.8,197458,-5.99,61908.9,-20.16,FAIL
ss_27c_3.30v,ss,27,3.3,50,0.33,0.2,1.79947,139.8,197695,-2.49,90130.7,-13.63,FAIL
ss_27c_3.30v,ss,27,3.3,50,0.33,0.5,1.79947,139.8,199266,4.41,1.40029e+06,30.05,FAIL
ss_27c_3.30v,ss,27,3.3,50,1,0.001,1.79947,139.8,113610,-4.08,32991,-21.48,FAIL
ss_27c_3.30v,ss,27,3.3,50,1,0.05,1.79947,139.8,113633,-2.08,44476,-16.30,FAIL
ss_27c_3.30v,ss,27,3.3,50,1,0.2,1.79947,139.8,114129,4.01,1.61878e+06,40.32,FAIL
ss_27c_3.30v,ss,27,3.3,50,1,0.5,1.79947,139.8,117147,15.91,2.0836e+06,36.32,FAIL
ss_27c_3.30v,ss,27,3.3,50,4.7,0.001,1.79947,139.8,52427.6,-1.81,15558.7,-21.11,FAIL
ss_27c_3.30v,ss,27,3.3,50,4.7,0.05,1.79947,139.8,52499.3,2.53,1.7533e+06,53.61,FAIL
ss_27c_3.30v,ss,27,3.3,50,4.7,0.2,1.79947,139.8,53686.8,15.64,2.20705e+06,45.09,FAIL
ss_27c_3.30v,ss,27,3.3,50,4.7,0.5,1.79947,139.8,60686.3,39.60,2.27764e+06,37.62,FAIL
ss_27c_3.63v,ss,27,3.63,0,0.33,0.001,1.79941,125.3,3114.62,0.04,3660.23,2.81,FAIL
ss_27c_3.63v,ss,27,3.63,0,0.33,0.05,1.79941,125.3,3114.62,0.06,4029.54,4.47,FAIL
ss_27c_3.63v,ss,27,3.63,0,0.33,0.2,1.79941,125.3,3114.63,0.11,6797.18,13.56,FAIL
ss_27c_3.63v,ss,27,3.63,0,0.33,0.5,1.79941,125.3,3114.63,0.22,1.76453e+06,104.09,FAIL
ss_27c_3.63v,ss,27,3.63,0,1,0.001,1.79941,125.2,1789.23,0.17,3552.73,11.92,FAIL
ss_27c_3.63v,ss,27,3.63,0,1,0.05,1.79941,125.2,1789.23,0.21,5201.73,18.54,FAIL
ss_27c_3.63v,ss,27,3.63,0,1,0.2,1.79941,125.2,1789.24,0.30,1.94783e+06,113.49,FAIL
ss_27c_3.63v,ss,27,3.63,0,1,0.5,1.79941,125.2,1789.25,0.50,2.36567e+06,108.16,FAIL
ss_27c_3.63v,ss,27,3.63,0,4.7,0.001,1.79941,125.1,825.223,0.47,3577.3,25.48,FAIL
ss_27c_3.63v,ss,27,3.63,0,4.7,0.05,1.79941,125.1,825.223,0.53,2.06372e+06,126.35,FAIL
ss_27c_3.63v,ss,27,3.63,0,4.7,0.2,1.79941,125.1,825.227,0.74,2.47411e+06,116.67,FAIL
ss_27c_3.63v,ss,27,3.63,0,4.7,0.5,1.79941,125.1,825.253,1.16,2.54342e+06,109.03,FAIL
ss_27c_3.63v,ss,27,3.63,0.1,0.33,0.001,1.79941,138.5,26939.4,-0.79,6378.38,-25.03,FAIL
ss_27c_3.63v,ss,27,3.63,0.1,0.33,0.05,1.79941,138.5,26939.4,-0.63,7075.79,-23.22,FAIL
ss_27c_3.63v,ss,27,3.63,0.1,0.33,0.2,1.79941,138.5,26940.1,-0.15,13036.6,-12.61,FAIL
ss_27c_3.63v,ss,27,3.63,0.1,0.33,0.5,1.79941,138.5,26944.4,0.81,1.94998e+06,68.17,FAIL
ss_27c_3.63v,ss,27,3.63,0.1,1,0.001,1.79941,138.5,15475.7,-0.44,4464.15,-21.60,FAIL
ss_27c_3.63v,ss,27,3.63,0.1,1,0.05,1.79941,138.5,15475.8,-0.16,6823.35,-14.23,FAIL
ss_27c_3.63v,ss,27,3.63,0.1,1,0.2,1.79941,138.5,15477.1,0.67,2.1267e+06,77.48,FAIL
ss_27c_3.63v,ss,27,3.63,0.1,1,0.5,1.79941,138.5,15484.7,2.34,2.53946e+06,72.16,FAIL
ss_27c_3.63v,ss,27,3.63,0.1,4.7,0.001,1.79941,138.5,7138.21,-0.16,3504.81,-12.36,FAIL
ss_27c_3.63v,ss,27,3.63,0.1,4.7,0.05,1.79941,138.5,7138.4,0.43,2.23976e+06,90.31,FAIL
ss_27c_3.63v,ss,27,3.63,0.1,4.7,0.2,1.79941,138.5,7141.33,2.24,2.64904e+06,80.72,FAIL
ss_27c_3.63v,ss,27,3.63,0.1,4.7,0.5,1.79941,138.5,7157.82,5.86,2.71948e+06,73.13,FAIL
ss_27c_3.63v,ss,27,3.63,1,0.33,0.001,1.7994,140.3,73719.4,-2.30,15004.4,-27.65,FAIL
ss_27c_3.63v,ss,27,3.63,1,0.33,0.05,1.7994,140.3,73720.1,-1.87,16553.3,-25.94,FAIL
ss_27c_3.63v,ss,27,3.63,1,0.33,0.2,1.7994,140.3,73734.9,-0.56,28621.5,-16.43,FAIL
ss_27c_3.63v,ss,27,3.63,1,0.33,0.5,1.7994,140.3,73823,2.06,1.82048e+06,49.96,FAIL
ss_27c_3.63v,ss,27,3.63,1,1,0.001,1.7994,140.3,42352.5,-1.31,8940.74,-27.02,FAIL
ss_27c_3.63v,ss,27,3.63,1,1,0.05,1.7994,140.3,42354.1,-0.56,13256.4,-20.18,FAIL
ss_27c_3.63v,ss,27,3.63,1,1,0.2,1.7994,140.3,42381.6,1.72,2.0028e+06,59.42,FAIL
ss_27c_3.63v,ss,27,3.63,1,1,0.5,1.7994,140.3,42538.7,6.28,2.42287e+06,54.34,FAIL
ss_27c_3.63v,ss,27,3.63,1,4.7,0.001,1.7994,140.3,19537,-0.57,4893.33,-24.05,FAIL
ss_27c_3.63v,ss,27,3.63,1,4.7,0.05,1.7994,140.3,19541,1.05,2.11871e+06,72.33,FAIL
ss_27c_3.63v,ss,27,3.63,1,4.7,0.2,1.7994,140.3,19601.5,6.00,2.53438e+06,62.94,FAIL
ss_27c_3.63v,ss,27,3.63,1,4.7,0.5,1.7994,140.3,19941.1,15.79,2.60495e+06,55.37,FAIL
ss_27c_3.63v,ss,27,3.63,10,0.33,0.001,1.7994,141,151647,-4.87,33030.3,-26.48,FAIL
ss_27c_3.63v,ss,27,3.63,10,0.33,0.05,1.7994,141,151652,-3.99,36311.2,-24.83,FAIL
ss_27c_3.63v,ss,27,3.63,10,0.33,0.2,1.7994,141,151780,-1.29,60404.5,-15.99,FAIL
ss_27c_3.63v,ss,27,3.63,10,0.33,0.5,1.7994,141,152553,4.06,1.73397e+06,36.91,FAIL
ss_27c_3.63v,ss,27,3.63,10,1,0.001,1.7994,141,87153.3,-2.77,19146.3,-26.33,FAIL
ss_27c_3.63v,ss,27,3.63,10,1,0.05,1.7994,141,87167.1,-1.24,27850.8,-19.82,FAIL
ss_27c_3.63v,ss,27,3.63,10,1,0.2,1.7994,141,87408.8,3.45,1.9219e+06,46.49,FAIL
ss_27c_3.63v,ss,27,3.63,10,1,0.5,1.7994,141,88794.2,12.72,2.34627e+06,41.58,FAIL
ss_27c_3.63v,ss,27,3.63,10,4.7,0.001,1.7994,141,40214.8,-1.22,9261.79,-25.51,FAIL
ss_27c_3.63v,ss,27,3.63,10,4.7,0.05,1.7994,141,40249.4,2.11,2.04081e+06,59.45,FAIL
ss_27c_3.63v,ss,27,3.63,10,4.7,0.2,1.7994,141,40784.1,12.23,2.46071e+06,50.21,FAIL
ss_27c_3.63v,ss,27,3.63,10,4.7,0.5,1.7994,141,43880.1,31.51,2.52973e+06,42.66,FAIL
ss_27c_3.63v,ss,27,3.63,25,0.33,0.001,1.7994,140.7,184591,-5.91,44666.1,-24.65,FAIL
ss_27c_3.63v,ss,27,3.63,25,0.33,0.05,1.7994,140.7,184597,-4.84,49052.7,-23.02,FAIL
ss_27c_3.63v,ss,27,3.63,25,0.33,0.2,1.7994,140.7,184818,-1.57,80702,-14.38,FAIL
ss_27c_3.63v,ss,27,3.63,25,0.33,0.5,1.7994,140.7,186180,4.91,1.70948e+06,33.35,FAIL
ss_27c_3.63v,ss,27,3.63,25,1,0.001,1.7994,140.7,106116,-3.37,25822.5,-24.55,FAIL
ss_27c_3.63v,ss,27,3.63,25,1,0.05,1.7994,140.7,106139,-1.50,37352.2,-18.14,FAIL
ss_27c_3.63v,ss,27,3.63,25,1,0.2,1.7994,140.7,106566,4.20,1.8998e+06,42.97,FAIL
ss_27c_3.63v,ss,27,3.63,25,1,0.5,1.7994,140.7,109022,15.38,2.32476e+06,38.11,FAIL
ss_27c_3.63v,ss,27,3.63,25,4.7,0.001,1.7994,140.7,48963.6,-1.49,12308.2,-23.99,FAIL
ss_27c_3.63v,ss,27,3.63,25,4.7,0.05,1.7994,140.7,49024.7,2.57,2.01979e+06,55.95,FAIL
ss_27c_3.63v,ss,27,3.63,25,4.7,0.2,1.7994,140.7,49974.6,14.84,2.44066e+06,46.75,FAIL
ss_27c_3.63v,ss,27,3.63,25,4.7,0.5,1.7994,140.7,55672.2,37.60,2.50849e+06,39.20,FAIL
ss_27c_3.63v,ss,27,3.63,50,0.33,0.001,1.7994,139.7,209916,-6.66,57482.6,-22.50,FAIL
ss_27c_3.63v,ss,27,3.63,50,0.33,0.05,1.7994,139.7,209920,-5.44,63072.7,-20.89,FAIL
ss_27c_3.63v,ss,27,3.63,50,0.33,0.2,1.7994,139.7,210233,-1.73,102899,-12.39,FAIL
ss_27c_3.63v,ss,27,3.63,50,0.33,0.5,1.7994,139.7,212223,5.61,1.69124e+06,31.01,FAIL
ss_27c_3.63v,ss,27,3.63,50,1,0.001,1.7994,139.7,120706,-3.80,33202.9,-22.42,FAIL
ss_27c_3.63v,ss,27,3.63,50,1,0.05,1.7994,139.7,120738,-1.67,47820.7,-16.08,FAIL
ss_27c_3.63v,ss,27,3.63,50,1,0.2,1.7994,139.7,121363,4.80,1.88281e+06,40.65,FAIL
ss_27c_3.63v,ss,27,3.63,50,1,0.5,1.7994,139.7,124991,17.42,2.30825e+06,35.83,FAIL
ss_27c_3.63v,ss,27,3.63,50,4.7,0.001,1.7994,139.7,55706.3,-1.68,15732.3,-21.96,FAIL
ss_27c_3.63v,ss,27,3.63,50,4.7,0.05,1.7994,139.7,55795.7,2.94,2.00394e+06,53.64,FAIL
ss_27c_3.63v,ss,27,3.63,50,4.7,0.2,1.7994,139.7,57203.2,16.84,2.42543e+06,44.48,FAIL
ss_27c_3.63v,ss,27,3.63,50,4.7,0.5,1.7994,139.7,65672,41.97,2.49226e+06,36.94,FAIL
ss_125c_2.97v,ss,125,2.97,0,0.33,0.001,1.79937,126,2159.75,-0.01,2060.42,-0.82,FAIL
ss_125c_2.97v,ss,125,2.97,0,0.33,0.05,1.79937,126,2159.75,0.00,2179.46,0.16,FAIL
ss_125c_2.97v,ss,125,2.97,0,0.33,0.2,1.79937,126,2159.75,0.04,2735.06,4.10,FAIL
ss_125c_2.97v,ss,125,2.97,0,0.33,0.5,1.79937,126,2159.75,0.12,547050,95.24,FAIL
ss_125c_2.97v,ss,125,2.97,0,1,0.001,1.79937,126,1240.7,0.10,1941.56,7.78,FAIL
ss_125c_2.97v,ss,125,2.97,0,1,0.05,1.79937,126,1240.7,0.12,2361.77,11.18,FAIL
ss_125c_2.97v,ss,125,2.97,0,1,0.2,1.79937,126,1240.7,0.19,943465,112.26,FAIL
ss_125c_2.97v,ss,125,2.97,0,1,0.5,1.79937,126,1240.71,0.32,1.5471e+06,111.84,FAIL
ss_125c_2.97v,ss,125,2.97,0,4.7,0.001,1.79937,125.8,572.223,0.31,1914.8,20.98,FAIL
ss_125c_2.97v,ss,125,2.97,0,4.7,0.05,1.79937,125.8,572.223,0.36,1.13359e+06,127.22,FAIL
ss_125c_2.97v,ss,125,2.97,0,4.7,0.2,1.79937,125.8,572.225,0.50,1.67902e+06,120.92,FAIL
ss_125c_2.97v,ss,125,2.97,0,4.7,0.5,1.79937,125.8,572.233,0.79,1.76029e+06,113.58,FAIL
ss_125c_2.97v,ss,125,2.97,0.1,0.33,0.001,1.79937,142,19866.2,-0.97,4324.28,-26.49,FAIL
ss_125c_2.97v,ss,125,2.97,0.1,0.33,0.05,1.79937,142,19866.2,-0.85,4593.35,-25.44,FAIL
ss_125c_2.97v,ss,125,2.97,0.1,0.33,0.2,1.79937,142,19866.5,-0.50,5898.25,-21.10,FAIL
ss_125c_2.97v,ss,125,2.97,0.1,0.33,0.5,1.79937,142,19868.2,0.21,792524,62.53,FAIL
ss_125c_2.97v,ss,125,2.97,0.1,1,0.001,1.79937,142,11413,-0.55,2800.27,-24.41,FAIL
ss_125c_2.97v,ss,125,2.97,0.1,1,0.05,1.79937,142,11413,-0.34,3463.68,-20.71,FAIL
ss_125c_2.97v,ss,125,2.97,0.1,1,0.2,1.79937,142,11413.6,0.27,1.13232e+06,76.45,FAIL
ss_125c_2.97v,ss,125,2.97,0.1,1,0.5,1.79937,142,11416.5,1.50,1.72588e+06,75.21,FAIL
ss_125c_2.97v,ss,125,2.97,0.1,4.7,0.001,1.79937,142,5264.22,-0.23,1921.44,-17.51,FAIL
ss_125c_2.97v,ss,125,2.97,0.1,4.7,0.05,1.79937,142,5264.29,0.21,1.31277e+06,90.91,FAIL
ss_125c_2.97v,ss,125,2.97,0.1,4.7,0.2,1.79937,142,5265.5,1.55,1.86268e+06,84.31,FAIL
ss_125c_2.97v,ss,125,2.97,0.1,4.7,0.5,1.79937,142,5272.29,4.22,1.94793e+06,77.02,FAIL
ss_125c_2.97v,ss,125,2.97,1,0.33,0.001,1.79937,143.3,55362.7,-2.85,11011.5,-28.06,FAIL
ss_125c_2.97v,ss,125,2.97,1,0.33,0.05,1.79937,143.3,55362.8,-2.53,11663.5,-27.06,FAIL
ss_125c_2.97v,ss,125,2.97,1,0.33,0.2,1.79937,143.3,55368.8,-1.54,14721.3,-23.02,FAIL
ss_125c_2.97v,ss,125,2.97,1,0.33,0.5,1.79937,143.3,55405.7,0.42,623401,41.05,FAIL
ss_125c_2.97v,ss,125,2.97,1,1,0.001,1.79937,143.3,31811.6,-1.63,6447.36,-27.73,FAIL
ss_125c_2.97v,ss,125,2.97,1,1,0.05,1.79937,143.3,31812.2,-1.07,7876.41,-24.25,FAIL
ss_125c_2.97v,ss,125,2.97,1,1,0.2,1.79937,143.3,31823.8,0.65,1.00671e+06,57.11,FAIL
ss_125c_2.97v,ss,125,2.97,1,1,0.5,1.79937,143.3,31890.5,4.07,1.62325e+06,56.86,FAIL
ss_125c_2.97v,ss,125,2.97,1,4.7,0.001,1.79937,143.3,14676.9,-0.73,3271.21,-26.08,FAIL
ss_125c_2.97v,ss,125,2.97,1,4.7,0.05,1.79937,143.3,14678.5,0.49,1.19804e+06,72.02,FAIL
ss_125c_2.97v,ss,125,2.97,1,4.7,0.2,1.79937,143.3,14704.3,4.21,1.76234e+06,66.07,FAIL
ss_125c_2.97v,ss,125,2.97,1,4.7,0.5,1.79937,143.3,14849.7,11.60,1.84813e+06,58.83,FAIL
ss_125c_2.97v,ss,125,2.97,10,0.33,0.001,1.79937,141.9,117061,-6.19,26295.4,-25.95,FAIL
ss_125c_2.97v,ss,125,2.97,10,0.33,0.05,1.79937,141.9,117061,-5.51,27786.4,-25.00,FAIL
ss_125c_2.97v,ss,125,2.97,10,0.33,0.2,1.79937,141.9,117113,-3.44,34619.4,-21.18,FAIL
ss_125c_2.97v,ss,125,2.97,10,0.33,0.5,1.79937,141.9,117451,0.70,479332,23.86,FAIL
ss_125c_2.97v,ss,125,2.97,10,1,0.001,1.79937,141.9,67335.6,-3.55,15182.7,-25.88,FAIL
ss_125c_2.97v,ss,125,2.97,10,1,0.05,1.79937,141.9,67340.8,-2.36,18377.1,-22.56,FAIL
ss_125c_2.97v,ss,125,2.97,10,1,0.2,1.79937,141.9,67447.1,1.26,908644,42.71,FAIL
ss_125c_2.97v,ss,125,2.97,10,1,0.5,1.79937,141.9,68067.5,8.45,1.54578e+06,43.41,FAIL
ss_125c_2.97v,ss,125,2.97,10,4.7,0.001,1.79937,141.9,31075.5,-1.59,7186.21,-25.44,FAIL
ss_125c_2.97v,ss,125,2.97,10,4.7,0.05,1.79937,141.9,31090.7,0.98,1.11065e+06,58.08,FAIL
ss_125c_2.97v,ss,125,2.97,10,4.7,0.2,1.79937,141.9,31331.3,8.82,1.68779e+06,52.70,FAIL
ss_125c_2.97v,ss,125,2.97,10,4.7,0.5,1.79937,141.9,32737.4,24.05,1.77302e+06,45.50,FAIL
ss_125c_2.97v,ss,125,2.97,25,0.33,0.001,1.79936,139.5,142547,-7.47,37612.7,-23.17,FAIL
ss_125c_2.97v,ss,125,2.97,25,0.33,0.05,1.79936,139.5,142545,-6.65,39705.1,-22.22,FAIL
ss_125c_2.97v,ss,125,2.97,25,0.33,0.2,1.79936,139.5,142629,-4.12,49298,-18.47,FAIL
ss_125c_2.97v,ss,125,2.97,25,0.33,0.5,1.79936,139.5,143212,0.89,444809,19.21,FAIL
ss_125c_2.97v,ss,125,2.97,25,1,0.001,1.79936,139.5,82054.2,-4.29,21691.1,-23.12,FAIL
ss_125c_2.97v,ss,125,2.97,25,1,0.05,1.79936,139.5,82062,-2.84,26178.1,-19.85,FAIL
ss_125c_2.97v,ss,125,2.97,25,1,0.2,1.79936,139.5,82246.6,1.57,880121,38.83,FAIL
ss_125c_2.97v,ss,125,2.97,25,1,0.5,1.79936,139.5,83349.6,10.26,1.52349e+06,39.85,FAIL
ss_125c_2.97v,ss,125,2.97,25,4.7,0.001,1.79936,139.5,37873.7,-1.93,10192.5,-22.81,FAIL
ss_125c_2.97v,ss,125,2.97,25,4.7,0.05,1.79936,139.5,37900.1,1.21,1.08566e+06,54.36,FAIL
ss_125c_2.97v,ss,125,2.97,25,4.7,0.2,1.79936,139.5,38342.1,10.74,1.66666e+06,49.17,FAIL
ss_125c_2.97v,ss,125,2.97,25,4.7,0.5,1.79936,139.5,40914.6,28.95,1.75124e+06,41.98,FAIL
ss_125c_2.97v,ss,125,2.97,50,0.33,0.001,1.79936,136.3,161246,-8.20,51795.9,-19.75,FAIL
ss_125c_2.97v,ss,125,2.97,50,0.33,0.05,1.79936,136.3,161236,-7.26,54654.3,-18.82,FAIL
ss_125c_2.97v,ss,125,2.97,50,0.33,0.2,1.79936,136.3,161338,-4.41,67701.7,-15.10,FAIL
ss_125c_2.97v,ss,125,2.97,50,0.33,0.5,1.79936,136.3,162148,1.24,442654,17.00,FAIL
ss_125c_2.97v,ss,125,2.97,50,1,0.001,1.79936,136.3,92878.6,-4.71,29861.9,-19.72,FAIL
ss_125c_2.97v,ss,125,2.97,50,1,0.05,1.79936,136.3,92885.8,-3.07,35982.1,-16.48,FAIL
ss_125c_2.97v,ss,125,2.97,50,1,0.2,1.79936,136.3,93144.5,1.91,864745,36.44,FAIL
ss_125c_2.97v,ss,125,2.97,50,1,0.5,1.79936,136.3,94727.5,11.69,1.51093e+06,37.64,FAIL
ss_125c_2.97v,ss,125,2.97,50,4.7,0.001,1.79936,136.3,42886.6,-2.12,13988.5,-19.46,FAIL
ss_125c_2.97v,ss,125,2.97,50,4.7,0.05,1.79936,136.3,42923.6,1.43,1.07147e+06,52.04,FAIL
ss_125c_2.97v,ss,125,2.97,50,4.7,0.2,1.79936,136.3,43546.1,12.19,1.65483e+06,46.97,FAIL
ss_125c_2.97v,ss,125,2.97,50,4.7,0.5,1.79936,136.3,47295.5,32.45,1.73872e+06,39.79,FAIL
ss_125c_3.30v,ss,125,3.3,0,0.33,0.001,1.79934,122.6,2288.06,0.05,2745.63,3.17,FAIL
ss_125c_3.30v,ss,125,3.3,0,0.33,0.05,1.79934,122.6,2288.06,0.06,2930.2,4.29,FAIL
ss_125c_3.30v,ss,125,3.3,0,0.33,0.2,1.79934,122.6,2288.06,0.10,3861.63,9.09,FAIL
ss_125c_3.30v,ss,125,3.3,0,0.33,0.5,1.79934,122.6,2288.07,0.18,952415,102.37,FAIL
ss_125c_3.30v,ss,125,3.3,0,1,0.001,1.79934,122.6,1314.44,0.19,2649.03,12.17,FAIL
ss_125c_3.30v,ss,125,3.3,0,1,0.05,1.79934,122.6,1314.44,0.22,3339.39,16.20,FAIL
ss_125c_3.30v,ss,125,3.3,0,1,0.2,1.79934,122.6,1314.44,0.29,1.2363e+06,114.49,FAIL
ss_125c_3.30v,ss,125,3.3,0,1,0.5,1.79934,122.6,1314.44,0.43,1.7684e+06,111.75,FAIL
ss_125c_3.30v,ss,125,3.3,0,4.7,0.001,1.79934,122.4,606.332,0.51,2644.92,25.59,FAIL
ss_125c_3.30v,ss,125,3.3,0,4.7,0.05,1.79934,122.4,606.332,0.56,1.39519e+06,128.37,FAIL
ss_125c_3.30v,ss,125,3.3,0,4.7,0.2,1.79934,122.4,606.333,0.71,1.89291e+06,120.60,FAIL
ss_125c_3.30v,ss,125,3.3,0,4.7,0.5,1.79934,122.4,606.344,1.02,1.97061e+06,113.15,FAIL
ss_125c_3.30v,ss,125,3.3,0.1,0.33,0.001,1.79934,139.5,21093.1,-0.88,4753.23,-25.89,FAIL
ss_125c_3.30v,ss,125,3.3,0.1,0.33,0.05,1.79934,139.5,21093.1,-0.76,5102.57,-24.66,FAIL
ss_125c_3.30v,ss,125,3.3,0.1,0.33,0.2,1.79934,139.5,21093.4,-0.38,6980.15,-19.21,FAIL
ss_125c_3.30v,ss,125,3.3,0.1,0.33,0.5,1.79934,139.5,21095.5,0.37,1.20983e+06,67.33,FAIL
ss_125c_3.30v,ss,125,3.3,0.1,1,0.001,1.79934,139.5,12117.1,-0.49,3234.36,-22.95,FAIL
ss_125c_3.30v,ss,125,3.3,0.1,1,0.05,1.79934,139.5,12117.1,-0.28,4182.93,-18.48,FAIL
ss_125c_3.30v,ss,125,3.3,0.1,1,0.2,1.79934,139.5,12117.8,0.38,1.46809e+06,78.44,FAIL
ss_125c_3.30v,ss,125,3.3,0.1,1,0.5,1.79934,139.5,12121.5,1.68,1.99108e+06,75.22,FAIL
ss_125c_3.30v,ss,125,3.3,0.1,4.7,0.001,1.79934,139.5,5589.81,-0.19,2425.76,-14.50,FAIL
ss_125c_3.30v,ss,125,3.3,0.1,4.7,0.05,1.79934,139.5,5589.9,0.27,1.61978e+06,92.05,FAIL
ss_125c_3.30v,ss,125,3.3,0.1,4.7,0.2,1.79934,139.5,5591.32,1.69,2.11913e+06,84.10,FAIL
ss_125c_3.30v,ss,125,3.3,0.1,4.7,0.5,1.79934,139.5,5599.35,4.52,2.1998e+06,76.68,FAIL
ss_125c_3.30v,ss,125,3.3,1,0.33,0.001,1.79934,141.6,58862.9,-2.62,11634.7,-28.17,FAIL
ss_125c_3.30v,ss,125,3.3,1,0.33,0.05,1.79934,141.6,58863.1,-2.28,12441.6,-27.00,FAIL
ss_125c_3.30v,ss,125,3.3,1,0.33,0.2,1.79934,141.6,58870.4,-1.23,16614.2,-21.97,FAIL
ss_125c_3.30v,ss,125,3.3,1,0.33,0.5,1.79934,141.6,58914.5,0.86,1.05868e+06,47.72,FAIL
ss_125c_3.30v,ss,125,3.3,1,1,0.001,1.79934,141.6,33821.7,-1.50,6867.02,-27.70,FAIL
ss_125c_3.30v,ss,125,3.3,1,1,0.05,1.79934,141.6,33822.4,-0.90,8737.58,-23.51,FAIL
ss_125c_3.30v,ss,125,3.3,1,1,0.2,1.79934,141.6,33836.2,0.93,1.33573e+06,59.50,FAIL
ss_125c_3.30v,ss,125,3.3,1,1,0.5,1.79934,141.6,33915.5,4.57,1.87522e+06,56.90,FAIL
ss_125c_3.30v,ss,125,3.3,1,4.7,0.001,1.79934,141.6,15601.7,-0.66,3613.13,-25.41,FAIL
ss_125c_3.30v,ss,125,3.3,1,4.7,0.05,1.79934,141.6,15603.7,0.63,1.49448e+06,73.36,FAIL
ss_125c_3.30v,ss,125,3.3,1,4.7,0.2,1.79934,141.6,15634.3,4.59,2.00549e+06,65.86,FAIL
ss_125c_3.30v,ss,125,3.3,1,4.7,0.5,1.79934,141.6,15806.3,12.44,2.08669e+06,58.48,FAIL
ss_125c_3.30v,ss,125,3.3,10,0.33,0.001,1.79934,141.8,125025,-5.74,27054.4,-26.61,FAIL
ss_125c_3.30v,ss,125,3.3,10,0.33,0.05,1.79934,141.8,125026,-5.01,28841.9,-25.49,FAIL
ss_125c_3.30v,ss,125,3.3,10,0.33,0.2,1.79934,141.8,125092,-2.79,37864.2,-20.76,FAIL
ss_125c_3.30v,ss,125,3.3,10,0.33,0.5,1.79934,141.8,125501,1.62,941651,33.00,FAIL
ss_125c_3.30v,ss,125,3.3,10,1,0.001,1.79934,141.8,71898.5,-3.29,15638.7,-26.51,FAIL
ss_125c_3.30v,ss,125,3.3,10,1,0.05,1.79934,141.8,71905.3,-2.02,19663.3,-22.53,FAIL
ss_125c_3.30v,ss,125,3.3,10,1,0.2,1.79934,141.8,72033.9,1.85,1.23684e+06,45.48,FAIL
ss_125c_3.30v,ss,125,3.3,10,1,0.5,1.79934,141.8,72793.6,9.52,1.79009e+06,43.41,FAIL
ss_125c_3.30v,ss,125,3.3,10,4.7,0.001,1.79934,141.8,33174.5,-1.47,7453.06,-25.94,FAIL
ss_125c_3.30v,ss,125,3.3,10,4.7,0.05,1.79934,141.8,33193.8,1.28,1.4024e+06,59.55,FAIL
ss_125c_3.30v,ss,125,3.3,10,4.7,0.2,1.79934,141.8,33495.5,9.65,1.92334e+06,52.44,FAIL
ss_125c_3.30v,ss,125,3.3,10,4.7,0.5,1.79934,141.8,35215.8,25.84,2.00389e+06,45.10,FAIL
ss_125c_3.30v,ss,125,3.3,25,0.33,0.001,1.79934,140.4,152618,-6.98,37721.6,-24.30,FAIL
ss_125c_3.30v,ss,125,3.3,25,0.33,0.05,1.79934,140.4,152618,-6.09,40192.2,-23.20,FAIL
ss_125c_3.30v,ss,125,3.3,25,0.33,0.2,1.79934,140.4,152733,-3.38,52498.9,-18.55,FAIL
ss_125c_3.30v,ss,125,3.3,25,0.33,0.5,1.79934,140.4,153486,1.98,910122,29.05,FAIL
ss_125c_3.30v,ss,125,3.3,25,1,0.001,1.79934,140.4,87815.5,-4.00,21767.6,-24.24,FAIL
ss_125c_3.30v,ss,125,3.3,25,1,0.05,1.79934,140.4,87826.9,-2.45,27280.9,-20.31,FAIL
ss_125c_3.30v,ss,125,3.3,25,1,0.2,1.79934,140.4,88064.2,2.27,1.21003e+06,41.74,FAIL
ss_125c_3.30v,ss,125,3.3,25,1,0.5,1.79934,140.4,89452.4,11.57,1.76684e+06,39.84,FAIL
ss_125c_3.30v,ss,125,3.3,25,4.7,0.001,1.79934,140.4,40536,-1.79,10271.2,-23.85,FAIL
ss_125c_3.30v,ss,125,3.3,25,4.7,0.05,1.79934,140.4,40570,1.57,1.37773e+06,55.88,FAIL
ss_125c_3.30v,ss,125,3.3,25,4.7,0.2,1.79934,140.4,41109.3,11.76,1.9013e+06,48.89,FAIL
ss_125c_3.30v,ss,125,3.3,25,4.7,0.5,1.79934,140.4,44278.7,31.12,1.98125e+06,41.56,FAIL
ss_125c_3.30v,ss,125,3.3,50,0.33,0.001,1.79933,138.2,173134,-7.79,50177.7,-21.54,FAIL
ss_125c_3.30v,ss,125,3.3,50,0.33,0.05,1.79933,138.2,173129,-6.78,53439.9,-20.44,FAIL
ss_125c_3.30v,ss,125,3.3,50,0.33,0.2,1.79933,138.2,173276,-3.72,69536.6,-15.87,FAIL
ss_125c_3.30v,ss,125,3.3,50,0.33,0.5,1.79933,138.2,174328,2.34,886587,26.49,FAIL
ss_125c_3.30v,ss,125,3.3,50,1,0.001,1.79933,138.2,99675.6,-4.47,28943.2,-21.49,FAIL
ss_125c_3.30v,ss,125,3.3,50,1,0.05,1.79933,138.2,99688.7,-2.71,36176.9,-17.61,FAIL
ss_125c_3.30v,ss,125,3.3,50,1,0.2,1.79933,138.2,100015,2.64,1.18906e+06,39.32,FAIL
ss_125c_3.30v,ss,125,3.3,50,1,0.5,1.79933,138.2,102046,13.13,1.74866e+06,37.56,FAIL
ss_125c_3.30v,ss,125,3.3,50,4.7,0.001,1.79933,138.2,46019.2,-2.00,13602,-21.18,FAIL
ss_125c_3.30v,ss,125,3.3,50,4.7,0.05,1.79933,138.2,46068,1.81,1.35823e+06,53.52,FAIL
ss_125c_3.30v,ss,125,3.3,50,4.7,0.2,1.79933,138.2,46861.6,13.34,1.88432e+06,46.62,FAIL
ss_125c_3.30v,ss,125,3.3,50,4.7,0.5,1.79933,138.2,51533.8,34.88,1.96352e+06,39.30,FAIL
ss_125c_3.63v,ss,125,3.63,0,0.33,0.001,1.79925,117.3,2404.68,0.19,4055.57,9.08,FAIL
ss_125c_3.63v,ss,125,3.63,0,0.33,0.05,1.79925,117.3,2404.68,0.20,4366.76,10.36,FAIL
ss_125c_3.63v,ss,125,3.63,0,0.33,0.2,1.79925,117.3,2404.68,0.24,6113.28,16.21,FAIL
ss_125c_3.63v,ss,125,3.63,0,0.33,0.5,1.79925,117.3,2404.68,0.33,1.25904e+06,105.00,FAIL
ss_125c_3.63v,ss,125,3.63,0,1,0.001,1.79925,117.3,1381.32,0.43,3987.99,18.42,FAIL
ss_125c_3.63v,ss,125,3.63,0,1,0.05,1.79925,117.3,1381.32,0.45,5237.39,23.15,FAIL
ss_125c_3.63v,ss,125,3.63,0,1,0.2,1.79925,117.3,1381.32,0.52,1.49258e+06,115.56,FAIL
ss_125c_3.63v,ss,125,3.63,0,1,0.5,1.79925,117.3,1381.32,0.67,1.97563e+06,111.53,FAIL
ss_125c_3.63v,ss,125,3.63,0,4.7,0.001,1.79925,117.1,637.217,1.01,4022.1,32.01,FAIL
ss_125c_3.63v,ss,125,3.63,0,4.7,0.05,1.79925,117.1,637.217,1.06,1.63193e+06,128.91,FAIL
ss_125c_3.63v,ss,125,3.63,0,4.7,0.2,1.79925,117.1,637.219,1.22,2.09397e+06,120.23,FAIL
ss_125c_3.63v,ss,125,3.63,0,4.7,0.5,1.79925,117.1,637.231,1.54,2.16855e+06,112.69,FAIL
ss_125c_3.63v,ss,125,3.63,0.1,0.33,0.001,1.79925,134.3,22212.6,-0.80,5543.81,-24.11,FAIL
ss_125c_3.63v,ss,125,3.63,0.1,0.33,0.05,1.79925,134.3,22212.6,-0.67,6017.65,-22.68,FAIL
ss_125c_3.63v,ss,125,3.63,0.1,0.33,0.2,1.79925,134.3,22213,-0.28,8939.08,-15.81,FAIL
ss_125c_3.63v,ss,125,3.63,0.1,0.33,0.5,1.79925,134.3,22215.4,0.52,1.54514e+06,69.34,FAIL
ss_125c_3.63v,ss,125,3.63,0.1,1,0.001,1.79925,134.3,12760.2,-0.44,4147.35,-19.52,FAIL
ss_125c_3.63v,ss,125,3.63,0.1,1,0.05,1.79925,134.3,12760.3,-0.21,5655.24,-14.14,FAIL
ss_125c_3.63v,ss,125,3.63,0.1,1,0.2,1.79925,134.3,12761,0.48,1.76211e+06,79.39,FAIL
ss_125c_3.63v,ss,125,3.63,0.1,1,0.5,1.79925,134.3,12765.3,1.86,2.23583e+06,75.06,FAIL
ss_125c_3.63v,ss,125,3.63,0.1,4.7,0.001,1.79925,134.3,5886.18,-0.14,3508.65,-8.99,FAIL
ss_125c_3.63v,ss,125,3.63,0.1,4.7,0.05,1.79925,134.3,5886.28,0.35,1.8957e+06,92.57,FAIL
ss_125c_3.63v,ss,125,3.63,0.1,4.7,0.2,1.79925,134.3,5887.94,1.84,2.35653e+06,83.78,FAIL
ss_125c_3.63v,ss,125,3.63,0.1,4.7,0.5,1.79925,134.3,5897.26,4.83,2.43333e+06,76.28,FAIL
ss_125c_3.63v,ss,125,3.63,1,0.33,0.001,1.79925,136.9,62055,-2.42,12401.9,-27.97,FAIL
ss_125c_3.63v,ss,125,3.63,1,0.33,0.05,1.79925,136.9,62055.3,-2.06,13400.7,-26.63,FAIL
ss_125c_3.63v,ss,125,3.63,1,0.33,0.2,1.79925,136.9,62063.9,-0.95,19197.8,-20.38,FAIL
ss_125c_3.63v,ss,125,3.63,1,0.33,0.5,1.79925,136.9,62115.5,1.26,1.38909e+06,50.21,FAIL
ss_125c_3.63v,ss,125,3.63,1,1,0.001,1.79925,136.9,35654.4,-1.37,7492.2,-27.10,FAIL
ss_125c_3.63v,ss,125,3.63,1,1,0.05,1.79925,136.9,35655.3,-0.75,9987.66,-22.10,FAIL
ss_125c_3.63v,ss,125,3.63,1,1,0.2,1.79925,136.9,35671.4,1.18,1.61771e+06,60.63,FAIL
ss_125c_3.63v,ss,125,3.63,1,1,0.5,1.79925,136.9,35763.8,5.02,2.10466e+06,56.74,FAIL
ss_125c_3.63v,ss,125,3.63,1,4.7,0.001,1.79925,136.9,16445.8,-0.60,4302.47,-23.29,FAIL
ss_125c_3.63v,ss,125,3.63,1,4.7,0.05,1.79925,136.9,16448.2,0.77,1.75659e+06,73.97,FAIL
ss_125c_3.63v,ss,125,3.63,1,4.7,0.2,1.79925,136.9,16483.8,4.93,2.22763e+06,65.53,FAIL
ss_125c_3.63v,ss,125,3.63,1,4.7,0.5,1.79925,136.9,16688.2,13.21,2.30486e+06,58.07,FAIL
ss_125c_3.63v,ss,125,3.63,10,0.33,0.001,1.79925,138.6,132340,-5.35,28035.6,-26.97,FAIL
ss_125c_3.63v,ss,125,3.63,10,0.33,0.05,1.79925,138.6,132342,-4.58,30178.3,-25.69,FAIL
ss_125c_3.63v,ss,125,3.63,10,0.33,0.2,1.79925,138.6,132425,-2.23,42161,-19.88,FAIL
ss_125c_3.63v,ss,125,3.63,10,0.33,0.5,1.79925,138.6,132934,2.45,1.26962e+06,35.93,FAIL
ss_125c_3.63v,ss,125,3.63,10,1,0.001,1.79925,138.6,76086,-3.06,16257.4,-26.82,FAIL
ss_125c_3.63v,ss,125,3.63,10,1,0.05,1.79925,138.6,76094.8,-1.72,21327.3,-22.10,FAIL
ss_125c_3.63v,ss,125,3.63,10,1,0.2,1.79925,138.6,76254,2.38,1.51044e+06,46.71,FAIL
ss_125c_3.63v,ss,125,3.63,10,1,0.5,1.79925,138.6,77171.2,10.49,2.00796e+06,43.21,FAIL
ss_125c_3.63v,ss,125,3.63,10,4.7,0.001,1.79925,138.6,35112.4,-1.36,7876.64,-25.96,FAIL
ss_125c_3.63v,ss,125,3.63,10,4.7,0.05,1.79925,138.6,35135.2,1.55,1.65446e+06,60.19,FAIL
ss_125c_3.63v,ss,125,3.63,10,4.7,0.2,1.79925,138.6,35489.7,10.40,2.134e+06,52.06,FAIL
ss_125c_3.63v,ss,125,3.63,10,4.7,0.5,1.79925,138.6,37533.1,27.46,2.21052e+06,44.62,FAIL
ss_125c_3.63v,ss,125,3.63,25,0.33,0.001,1.79925,138.6,161861,-6.54,38382,-25.01,FAIL
ss_125c_3.63v,ss,125,3.63,25,0.33,0.05,1.79925,138.6,161863,-5.60,41285.5,-23.75,FAIL
ss_125c_3.63v,ss,125,3.63,25,0.33,0.2,1.79925,138.6,162006,-2.72,57283.5,-18.05,FAIL
ss_125c_3.63v,ss,125,3.63,25,0.33,0.5,1.79925,138.6,162907,2.97,1.23848e+06,32.12,FAIL
ss_125c_3.63v,ss,125,3.63,25,1,0.001,1.79925,138.6,93101.8,-3.74,22180.3,-24.92,FAIL
ss_125c_3.63v,ss,125,3.63,25,1,0.05,1.79925,138.6,93116.6,-2.10,28970.7,-20.28,FAIL
ss_125c_3.63v,ss,125,3.63,25,1,0.2,1.79925,138.6,93399.8,2.90,1.48258e+06,43.00,FAIL
ss_125c_3.63v,ss,125,3.63,25,1,0.5,1.79925,138.6,95040.2,12.75,1.98306e+06,39.61,FAIL
ss_125c_3.63v,ss,125,3.63,25,4.7,0.001,1.79925,138.6,42965.2,-1.67,10542.8,-24.41,FAIL
ss_125c_3.63v,ss,125,3.63,25,4.7,0.05,1.79925,138.6,43005.8,1.89,1.62839e+06,56.53,FAIL
ss_125c_3.63v,ss,125,3.63,25,4.7,0.2,1.79925,138.6,43641.5,12.68,2.11039e+06,48.48,FAIL
ss_125c_3.63v,ss,125,3.63,25,4.7,0.5,1.79925,138.6,47444.6,33.06,2.18608e+06,41.06,FAIL
ss_125c_3.63v,ss,125,3.63,50,0.33,0.001,1.79925,137.8,183963,-7.34,49997.4,-22.64,FAIL
ss_125c_3.63v,ss,125,3.63,50,0.33,0.05,1.79925,137.8,183962,-6.28,53754.6,-21.39,FAIL
ss_125c_3.63v,ss,125,3.63,50,0.33,0.2,1.79925,137.8,184160,-3.02,74256,-15.78,FAIL
ss_125c_3.63v,ss,125,3.63,50,0.33,0.5,1.79925,137.8,185467,3.42,1.21864e+06,29.69,FAIL
ss_125c_3.63v,ss,125,3.63,50,1,0.001,1.79925,137.8,105860,-4.20,28856.6,-22.58,FAIL
ss_125c_3.63v,ss,125,3.63,50,1,0.05,1.79925,137.8,105880,-2.34,37595.8,-17.99,FAIL
ss_125c_3.63v,ss,125,3.63,50,1,0.2,1.79925,137.8,106292,3.34,1.46456e+06,40.63,FAIL
ss_125c_3.63v,ss,125,3.63,50,1,0.5,1.79925,137.8,108709,14.47,1.96657e+06,37.33,FAIL
ss_125c_3.63v,ss,125,3.63,50,4.7,0.001,1.79925,137.8,48865.8,-1.87,13621.8,-22.19,FAIL
ss_125c_3.63v,ss,125,3.63,50,4.7,0.05,1.79925,137.8,48924.8,2.17,1.61144e+06,54.19,FAIL
ss_125c_3.63v,ss,125,3.63,50,4.7,0.2,1.79925,137.8,49865.3,14.40,2.09489e+06,46.20,FAIL
ss_125c_3.63v,ss,125,3.63,50,4.7,0.5,1.79925,137.8,55503.8,37.06,2.16997e+06,38.79,FAIL
tt_-40c_2.97v,tt,-40,2.97,0,0.33,0.001,1.79956,134.5,3698.8,-0.09,2359.46,-7.81,FAIL
tt_-40c_2.97v,tt,-40,2.97,0,0.33,0.05,1.79956,134.5,3698.79,-0.07,2548.35,-6.47,FAIL
tt_-40c_2.97v,tt,-40,2.97,0,0.33,0.2,1.79956,134.5,3698.8,-0.00,3639.45,-0.28,FAIL
tt_-40c_2.97v,tt,-40,2.97,0,0.33,0.5,1.79956,134.5,3698.81,0.13,1.58658e+06,101.03,FAIL
tt_-40c_2.97v,tt,-40,2.97,0,1,0.001,1.79956,134.5,2124.78,0.01,2196.24,0.58,FAIL
tt_-40c_2.97v,tt,-40,2.97,0,1,0.05,1.79956,134.5,2124.78,0.04,2922.87,5.54,FAIL
tt_-40c_2.97v,tt,-40,2.97,0,1,0.2,1.79956,134.5,2124.78,0.16,1.8286e+06,111.13,FAIL
tt_-40c_2.97v,tt,-40,2.97,0,1,0.5,1.79956,134.5,2124.8,0.39,2.33489e+06,106.59,FAIL
tt_-40c_2.97v,tt,-40,2.97,0,4.7,0.001,1.79956,134.4,980.102,0.15,2162.83,13.75,FAIL
tt_-40c_2.97v,tt,-40,2.97,0,4.7,0.05,1.79956,134.4,980.102,0.23,1.9737e+06,124.28,FAIL
tt_-40c_2.97v,tt,-40,2.97,0,4.7,0.2,1.79956,134.4,980.11,0.48,2.46049e+06,115.22,FAIL
tt_-40c_2.97v,tt,-40,2.97,0,4.7,0.5,1.79956,134.4,980.152,0.98,2.53997e+06,107.66,FAIL
tt_-40c_2.97v,tt,-40,2.97,0.1,0.33,0.001,1.79956,144.7,33028.3,-1.24,6178.2,-29.13,FAIL
tt_-40c_2.97v,tt,-40,2.97,0.1,0.33,0.05,1.79956,144.7,33028.4,-1.05,6700.19,-27.72,FAIL
tt_-40c_2.97v,tt,-40,2.97,0.1,0.33,0.2,1.79956,144.7,33029.7,-0.46,9872.74,-20.98,FAIL
tt_-40c_2.97v,tt,-40,2.97,0.1,0.33,0.5,1.79956,144.7,33037.4,0.72,1.7741e+06,64.70,FAIL
tt_-40c_2.97v,tt,-40,2.97,0.1,1,0.001,1.79956,144.7,18975,-0.70,3925.97,-27.37,FAIL
tt_-40c_2.97v,tt,-40,2.97,0.1,1,0.05,1.79956,144.7,18975.2,-0.37,5326.99,-22.07,FAIL
tt_-40c_2.97v,tt,-40,2.97,0.1,1,0.2,1.79956,144.7,18977.6,0.66,2.00577e+06,74.59,FAIL
tt_-40c_2.97v,tt,-40,2.97,0.1,1,0.5,1.79956,144.7,18991.3,2.71,2.50484e+06,69.97,FAIL
tt_-40c_2.97v,tt,-40,2.97,0.1,4.7,0.001,1.79956,144.7,8752.82,-0.30,2594.21,-21.13,FAIL
tt_-40c_2.97v,tt,-40,2.97,0.1,4.7,0.05,1.79956,144.7,8753.18,0.43,2.14689e+06,87.68,FAIL
tt_-40c_2.97v,tt,-40,2.97,0.1,4.7,0.2,1.79956,144.7,8758.73,2.65,2.63154e+06,78.64,FAIL
tt_-40c_2.97v,tt,-40,2.97,0.1,4.7,0.5,1.79956,144.7,8789.95,7.08,2.71219e+06,71.11,FAIL
tt_-40c_2.97v,tt,-40,2.97,1,0.33,0.001,1.79955,145.3,89088.7,-3.44,15622,-30.25,FAIL
tt_-40c_2.97v,tt,-40,2.97,1,0.33,0.05,1.79955,145.3,89089.8,-2.92,16904.8,-28.88,FAIL
tt_-40c_2.97v,tt,-40,2.97,1,0.33,0.2,1.79955,145.3,89116,-1.34,24481.9,-22.45,FAIL
tt_-40c_2.97v,tt,-40,2.97,1,0.33,0.5,1.79955,145.3,89270.9,1.83,1.67026e+06,46.73,FAIL
tt_-40c_2.97v,tt,-40,2.97,1,1,0.001,1.79955,145.3,51198.2,-1.96,9138.97,-29.93,FAIL
tt_-40c_2.97v,tt,-40,2.97,1,1,0.05,1.79955,145.3,51201.1,-1.06,12270.9,-24.82,FAIL
tt_-40c_2.97v,tt,-40,2.97,1,1,0.2,1.79955,145.3,51249.5,1.70,1.90852e+06,56.80,FAIL
tt_-40c_2.97v,tt,-40,2.97,1,1,0.5,1.79955,145.3,51525.5,7.20,2.4138e+06,52.41,FAIL
tt_-40c_2.97v,tt,-40,2.97,1,4.7,0.001,1.79955,145.3,23619.1,-0.87,4631.4,-28.30,FAIL
tt_-40c_2.97v,tt,-40,2.97,1,4.7,0.05,1.79955,145.3,23626,1.09,2.05256e+06,69.96,FAIL
tt_-40c_2.97v,tt,-40,2.97,1,4.7,0.2,1.79955,145.3,23732.3,7.06,2.54217e+06,61.12,FAIL
tt_-40c_2.97v,tt,-40,2.97,1,4.7,0.5,1.79955,145.3,24345.6,18.83,2.62236e+06,53.60,FAIL
tt_-40c_2.97v,tt,-40,2.97,10,0.33,0.001,1.79955,143.8,178967,-6.97,35043.5,-28.35,FAIL
tt_-40c_2.97v,tt,-40,2.97,10,0.33,0.05,1.79955,143.8,178974,-5.93,37856.6,-27.01,FAIL
tt_-40c_2.97v,tt,-40,2.97,10,0.33,0.2,1.79955,143.8,179179,-2.75,54197.2,-20.78,FAIL
tt_-40c_2.97v,tt,-40,2.97,10,0.33,0.5,1.79955,143.8,180411,3.53,1.59987e+06,34.06,FAIL
tt_-40c_2.97v,tt,-40,2.97,10,1,0.001,1.79955,143.8,102979,-3.99,20255.8,-28.26,FAIL
tt_-40c_2.97v,tt,-40,2.97,10,1,0.05,1.79955,143.8,103002,-2.18,26998.2,-23.27,FAIL
tt_-40c_2.97v,tt,-40,2.97,10,1,0.2,1.79955,143.8,103389,3.35,1.84414e+06,44.27,FAIL
tt_-40c_2.97v,tt,-40,2.97,10,1,0.5,1.79955,143.8,105646,14.21,2.35222e+06,40.04,FAIL
tt_-40c_2.97v,tt,-40,2.97,10,4.7,0.001,1.79955,143.8,47526.6,-1.78,9647.35,-27.70,FAIL
tt_-40c_2.97v,tt,-40,2.97,10,4.7,0.05,1.79955,143.8,47582.1,2.16,1.99153e+06,57.50,FAIL
tt_-40c_2.97v,tt,-40,2.97,10,4.7,0.2,1.79955,143.8,48466.5,14.07,2.48356e+06,48.78,FAIL
tt_-40c_2.97v,tt,-40,2.97,10,4.7,0.5,1.79955,143.8,53665.1,36.27,2.56161e+06,41.28,FAIL
tt_-40c_2.97v,tt,-40,2.97,25,0.33,0.001,1.79955,141.8,216977,-8.39,48384,-26.11,FAIL
tt_-40c_2.97v,tt,-40,2.97,25,0.33,0.05,1.79955,141.8,216986,-7.13,52237.1,-24.78,FAIL
tt_-40c_2.97v,tt,-40,2.97,25,0.33,0.2,1.79955,141.8,217333,-3.29,74467.4,-18.62,FAIL
tt_-40c_2.97v,tt,-40,2.97,25,0.33,0.5,1.79955,141.8,219510,4.27,1.5753e+06,30.52,FAIL
tt_-40c_2.97v,tt,-40,2.97,25,1,0.001,1.79955,141.8,124951,-4.81,27932.9,-26.04,FAIL
tt_-40c_2.97v,tt,-40,2.97,25,1,0.05,1.79955,141.8,124988,-2.61,37134.5,-21.09,FAIL
tt_-40c_2.97v,tt,-40,2.97,25,1,0.2,1.79955,141.8,125665,4.08,1.82193e+06,40.77,FAIL
tt_-40c_2.97v,tt,-40,2.97,25,1,0.5,1.79955,141.8,129737,17.09,2.33008e+06,36.60,FAIL
tt_-40c_2.97v,tt,-40,2.97,25,4.7,0.001,1.79955,141.8,57686.1,-2.15,13202.4,-25.62,FAIL
tt_-40c_2.97v,tt,-40,2.97,25,4.7,0.05,1.79955,141.8,57787.9,2.63,1.97024e+06,54.02,FAIL
tt_-40c_2.97v,tt,-40,2.97,25,4.7,0.2,1.79955,141.8,59373.2,17.00,2.46316e+06,45.35,FAIL
tt_-40c_2.97v,tt,-40,2.97,25,4.7,0.5,1.79955,141.8,68816.2,42.73,2.53957e+06,37.85,FAIL
tt_-40c_2.97v,tt,-40,2.97,50,0.33,0.001,1.79955,139.4,246290,-9.38,63945,-23.47,FAIL
tt_-40c_2.97v,tt,-40,2.97,50,0.33,0.05,1.79955,139.4,246294,-7.95,68999.5,-22.15,FAIL
tt_-40c_2.97v,tt,-40,2.97,50,0.33,0.2,1.79955,139.4,246778,-3.61,98038.2,-16.05,FAIL
tt_-40c_2.97v,tt,-40,2.97,50,0.33,0.5,1.79955,139.4,249879,4.91,1.55755e+06,28.18,FAIL
tt_-40c_2.97v,tt,-40,2.97,50,1,0.001,1.79955,139.4,141939,-5.39,36900.5,-23.42,FAIL
tt_-40c_2.97v,tt,-40,2.97,50,1,0.05,1.79955,139.4,141988,-2.89,48956.2,-18.51,FAIL
tt_-40c_2.97v,tt,-40,2.97,50,1,0.2,1.79955,139.4,142974,4.69,1.80518e+06,38.46,FAIL
tt_-40c_2.97v,tt,-40,2.97,50,1,0.5,1.79955,139.4,148894,19.30,2.31344e+06,34.34,FAIL
tt_-40c_2.97v,tt,-40,2.97,50,4.7,0.001,1.79955,139.4,65548.4,-2.41,17380.8,-23.06,FAIL
tt_-40c_2.97v,tt,-40,2.97,50,4.7,0.05,1.79955,139.4,65689.8,3.02,1.95447e+06,51.72,FAIL
tt_-40c_2.97v,tt,-40,2.97,50,4.7,0.2,1.79955,139.4,68010.9,19.25,2.44795e+06,43.09,FAIL
tt_-40c_2.97v,tt,-40,2.97,50,4.7,0.5,1.79955,139.4,82013.6,47.20,2.52283e+06,35.60,PASS
tt_-40c_3.30v,tt,-40,3.3,0,0.33,0.001,1.79953,132,3917.46,-0.06,2932.77,-5.03,FAIL
tt_-40c_3.30v,tt,-40,3.3,0,0.33,0.05,1.79953,132,3917.46,-0.04,3194.33,-3.54,FAIL
tt_-40c_3.30v,tt,-40,3.3,0,0.33,0.2,1.79953,132,3917.46,0.03,4876.45,3.80,FAIL
tt_-40c_3.30v,tt,-40,3.3,0,0.33,0.5,1.79953,132,3917.47,0.17,1.90824e+06,102.06,FAIL
tt_-40c_3.30v,tt,-40,3.3,0,1,0.001,1.79953,132,2250.43,0.04,2795.07,3.77,FAIL
tt_-40c_3.30v,tt,-40,3.3,0,1,0.05,1.79953,132,2250.43,0.09,3873.89,9.44,FAIL
tt_-40c_3.30v,tt,-40,3.3,0,1,0.2,1.79953,132,2250.44,0.21,2.12328e+06,111.57,FAIL
tt_-40c_3.30v,tt,-40,3.3,0,1,0.5,1.79953,132,2250.46,0.45,2.59594e+06,106.31,FAIL
tt_-40c_3.30v,tt,-40,3.3,0,4.7,0.001,1.79953,131.9,1037.95,0.23,2786.66,17.16,FAIL
tt_-40c_3.30v,tt,-40,3.3,0,4.7,0.05,1.79953,131.9,1037.95,0.31,2.25622e+06,124.46,FAIL
tt_-40c_3.30v,tt,-40,3.3,0,4.7,0.2,1.79953,131.9,1037.96,0.58,2.71646e+06,114.83,FAIL
tt_-40c_3.30v,tt,-40,3.3,0,4.7,0.5,1.79953,131.9,1038.01,1.10,2.79326e+06,107.20,FAIL
tt_-40c_3.30v,tt,-40,3.3,0.1,0.33,0.001,1.79953,143,35033.6,-1.18,6581.22,-29.05,FAIL
tt_-40c_3.30v,tt,-40,3.3,0.1,0.33,0.05,1.79953,143,35033.7,-0.98,7209.95,-27.46,FAIL
tt_-40c_3.30v,tt,-40,3.3,0.1,0.33,0.2,1.79953,143,35035.3,-0.35,11586.6,-19.22,FAIL
tt_-40c_3.30v,tt,-40,3.3,0.1,0.33,0.5,1.79953,143,35044.9,0.90,2.14136e+06,65.73,FAIL
tt_-40c_3.30v,tt,-40,3.3,0.1,1,0.001,1.79953,143,20125.9,-0.66,4324.36,-26.71,FAIL
tt_-40c_3.30v,tt,-40,3.3,0.1,1,0.05,1.79953,143,20126,-0.31,6171.38,-20.54,FAIL
tt_-40c_3.30v,tt,-40,3.3,0.1,1,0.2,1.79953,143,20129,0.78,2.34488e+06,75.08,FAIL
tt_-40c_3.30v,tt,-40,3.3,0.1,1,0.5,1.79953,143,20146,2.95,2.80454e+06,69.74,FAIL
tt_-40c_3.30v,tt,-40,3.3,0.1,4.7,0.001,1.79953,143,9284.39,-0.28,3065.76,-19.25,FAIL
tt_-40c_3.30v,tt,-40,3.3,0.1,4.7,0.05,1.79953,143,9284.82,0.49,2.47255e+06,87.91,FAIL
tt_-40c_3.30v,tt,-40,3.3,0.1,4.7,0.2,1.79953,143,9291.37,2.85,2.92455e+06,78.29,FAIL
tt_-40c_3.30v,tt,-40,3.3,0.1,4.7,0.5,1.79953,143,9328.16,7.55,3.00129e+06,70.69,FAIL
tt_-40c_3.30v,tt,-40,3.3,1,0.33,0.001,1.79953,144,94641,-3.29,16264.4,-30.60,FAIL
tt_-40c_3.30v,tt,-40,3.3,1,0.33,0.05,1.79953,144,94642.5,-2.74,17772.6,-29.06,FAIL
tt_-40c_3.30v,tt,-40,3.3,1,0.33,0.2,1.79953,144,94673.8,-1.05,27892.4,-21.23,FAIL
tt_-40c_3.30v,tt,-40,3.3,1,0.33,0.5,1.79953,144,94857.7,2.31,2.02977e+06,47.86,FAIL
tt_-40c_3.30v,tt,-40,3.3,1,1,0.001,1.79953,144,54388.4,-1.87,9572.5,-30.18,FAIL
tt_-40c_3.30v,tt,-40,3.3,1,1,0.05,1.79953,144,54391.9,-0.91,13485.1,-24.23,FAIL
tt_-40c_3.30v,tt,-40,3.3,1,1,0.2,1.79953,144,54449.3,2.02,2.23852e+06,57.32,FAIL
tt_-40c_3.30v,tt,-40,3.3,1,1,0.5,1.79953,144,54775.7,7.85,2.70341e+06,52.16,FAIL
tt_-40c_3.30v,tt,-40,3.3,1,4.7,0.001,1.79953,144,25087.2,-0.82,4985.97,-28.07,FAIL
tt_-40c_3.30v,tt,-40,3.3,1,4.7,0.05,1.79953,144,25095.4,1.25,2.36874e+06,70.22,FAIL
tt_-40c_3.30v,tt,-40,3.3,1,4.7,0.2,1.79953,144,25226,7.60,2.82506e+06,60.74,FAIL
tt_-40c_3.30v,tt,-40,3.3,1,4.7,0.5,1.79953,144,25965.1,20.07,2.90145e+06,53.16,FAIL
tt_-40c_3.30v,tt,-40,3.3,10,0.33,0.001,1.79953,143.6,190967,-6.70,35701.3,-29.16,FAIL
tt_-40c_3.30v,tt,-40,3.3,10,0.33,0.05,1.79953,143.6,190978,-5.59,38945,-27.65,FAIL
tt_-40c_3.30v,tt,-40,3.3,10,0.33,0.2,1.79953,143.6,191239,-2.20,60186.6,-20.08,FAIL
tt_-40c_3.30v,tt,-40,3.3,10,0.33,0.5,1.79953,143.6,192788,4.50,1.9567e+06,35.22,FAIL
tt_-40c_3.30v,tt,-40,3.3,10,1,0.001,1.79953,143.6,109870,-3.83,20659.6,-29.04,FAIL
tt_-40c_3.30v,tt,-40,3.3,10,1,0.05,1.79953,143.6,109898,-1.90,28845.4,-23.24,FAIL
tt_-40c_3.30v,tt,-40,3.3,10,1,0.2,1.79953,143.6,110385,4.00,2.17094e+06,44.78,FAIL
tt_-40c_3.30v,tt,-40,3.3,10,1,0.5,1.79953,143.6,113158,15.57,2.63735e+06,39.73,FAIL
tt_-40c_3.30v,tt,-40,3.3,10,4.7,0.001,1.79953,143.6,50717.5,-1.70,9908.61,-28.37,FAIL
tt_-40c_3.30v,tt,-40,3.3,10,4.7,0.05,1.79953,143.6,50787.3,2.50,2.3038e+06,57.72,FAIL
tt_-40c_3.30v,tt,-40,3.3,10,4.7,0.2,1.79953,143.6,51858.8,15.20,2.76206e+06,48.34,FAIL
tt_-40c_3.30v,tt,-40,3.3,10,4.7,0.5,1.79953,143.6,58213.5,38.60,2.83613e+06,40.76,FAIL
tt_-40c_3.30v,tt,-40,3.3,25,0.33,0.001,1.79953,142.5,231939,-8.10,48248.5,-27.31,FAIL
tt_-40c_3.30v,tt,-40,3.3,25,0.33,0.05,1.79953,142.5,231955,-6.75,52594.2,-25.81,FAIL
tt_-40c_3.30v,tt,-40,3.3,25,0.33,0.2,1.79953,142.5,232406,-2.65,80900.4,-18.34,FAIL
tt_-40c_3.30v,tt,-40,3.3,25,0.33,0.5,1.79953,142.5,235126,5.43,1.93289e+06,31.70,FAIL
tt_-40c_3.30v,tt,-40,3.3,25,1,0.001,1.79953,142.5,133543,-4.64,27875.2,-27.23,FAIL
tt_-40c_3.30v,tt,-40,3.3,25,1,0.05,1.79953,142.5,133592,-2.29,38819.2,-21.48,FAIL
tt_-40c_3.30v,tt,-40,3.3,25,1,0.2,1.79953,142.5,134449,4.86,2.14908e+06,41.28,FAIL
tt_-40c_3.30v,tt,-40,3.3,25,1,0.5,1.79953,142.5,139410,18.72,2.61542e+06,36.28,FAIL
tt_-40c_3.30v,tt,-40,3.3,25,4.7,0.001,1.79953,142.5,61657,-2.06,13234.7,-26.73,FAIL
tt_-40c_3.30v,tt,-40,3.3,25,4.7,0.05,1.79953,142.5,61780.1,3.04,2.2833e+06,54.24,FAIL
tt_-40c_3.30v,tt,-40,3.3,25,4.7,0.2,1.79953,142.5,63706.5,18.37,2.74193e+06,44.89,FAIL
tt_-40c_3.30v,tt,-40,3.3,25,4.7,0.5,1.79953,142.5,75331.9,45.34,2.81436e+06,37.32,PASS
tt_-40c_3.30v,tt,-40,3.3,50,0.33,0.001,1.79953,140.8,263695,-9.13,62133,-25.16,FAIL
tt_-40c_3.30v,tt,-40,3.3,50,0.33,0.05,1.79953,140.8,263711,-7.60,67700.6,-23.67,FAIL
tt_-40c_3.30v,tt,-40,3.3,50,0.33,0.2,1.79953,140.8,264356,-2.94,103627,-16.27,FAIL
tt_-40c_3.30v,tt,-40,3.3,50,0.33,0.5,1.79953,140.8,268334,6.17,1.91235e+06,29.35,FAIL
tt_-40c_3.30v,tt,-40,3.3,50,1,0.001,1.79953,140.8,151936,-5.24,35870.4,-25.10,FAIL
tt_-40c_3.30v,tt,-40,3.3,50,1,0.05,1.79953,140.8,152005,-2.57,49818,-19.39,FAIL
tt_-40c_3.30v,tt,-40,3.3,50,1,0.2,1.79953,140.8,153264,5.54,2.1299e+06,38.95,FAIL
tt_-40c_3.30v,tt,-40,3.3,50,1,0.5,1.79953,140.8,160595,21.12,2.59593e+06,33.98,FAIL
tt_-40c_3.30v,tt,-40,3.3,50,4.7,0.001,1.79953,140.8,70175.6,-2.33,16957.8,-24.68,FAIL
tt_-40c_3.30v,tt,-40,3.3,50,4.7,0.05,1.79953,140.8,70356.6,3.47,2.26505e+06,51.91,FAIL
tt_-40c_3.30v,tt,-40,3.3,50,4.7,0.2,1.79953,140.8,73206.3,20.81,2.72415e+06,42.60,FAIL
tt_-40c_3.30v,tt,-40,3.3,50,4.7,0.5,1.79953,140.8,90530.5,49.95,2.79493e+06,35.03,PASS
tt_-40c_3.63v,tt,-40,3.63,0,0.33,0.001,1.79947,127.4,4117.41,-0.00,4065.28,-0.22,FAIL
tt_-40c_3.63v,tt,-40,3.63,0,0.33,0.05,1.79947,127.4,4117.41,0.02,4464.63,1.41,FAIL
tt_-40c_3.63v,tt,-40,3.63,0,0.33,0.2,1.79947,127.4,4117.41,0.09,7348.99,10.06,FAIL
tt_-40c_3.63v,tt,-40,3.63,0,0.33,0.5,1.79947,127.4,4117.42,0.24,2.19442e+06,102.59,FAIL
tt_-40c_3.63v,tt,-40,3.63,0,1,0.001,1.79947,127.4,2365.31,0.15,3965.66,8.98,FAIL
tt_-40c_3.63v,tt,-40,3.63,0,1,0.05,1.79947,127.4,2365.31,0.19,5733.12,15.38,FAIL
tt_-40c_3.63v,tt,-40,3.63,0,1,0.2,1.79947,127.4,2365.31,0.31,2.39142e+06,111.75,FAIL
tt_-40c_3.63v,tt,-40,3.63,0,1,0.5,1.79947,127.4,2365.34,0.57,2.83831e+06,106.00,FAIL
tt_-40c_3.63v,tt,-40,3.63,0,4.7,0.001,1.79947,127.3,1090.89,0.44,4000.44,22.57,FAIL
tt_-40c_3.63v,tt,-40,3.63,0,4.7,0.05,1.79947,127.3,1090.89,0.53,2.5154e+06,124.47,FAIL
tt_-40c_3.63v,tt,-40,3.63,0,4.7,0.2,1.79947,127.3,1090.9,0.81,2.95472e+06,114.44,FAIL
tt_-40c_3.63v,tt,-40,3.63,0,4.7,0.5,1.79947,127.3,1090.96,1.36,3.02934e+06,106.77,FAIL
tt_-40c_3.63v,tt,-40,3.63,0.1,0.33,0.001,1.79947,138.8,36872.7,-1.13,7252.17,-28.25,FAIL
tt_-40c_3.63v,tt,-40,3.63,0.1,0.33,0.05,1.79947,138.8,36872.8,-0.91,8025.46,-26.49,FAIL
tt_-40c_3.63v,tt,-40,3.63,0.1,0.33,0.2,1.79947,138.8,36874.7,-0.25,14332,-16.42,FAIL
tt_-40c_3.63v,tt,-40,3.63,0.1,0.33,0.5,1.79947,138.8,36885.8,1.06,2.46956e+06,66.25,FAIL
tt_-40c_3.63v,tt,-40,3.63,0.1,1,0.001,1.79947,138.8,21182.5,-0.63,5114.02,-24.69,FAIL
tt_-40c_3.63v,tt,-40,3.63,0.1,1,0.05,1.79947,138.8,21182.7,-0.25,7703.39,-17.57,FAIL
tt_-40c_3.63v,tt,-40,3.63,0.1,1,0.2,1.79947,138.8,21186.2,0.89,2.65382e+06,75.28,FAIL
tt_-40c_3.63v,tt,-40,3.63,0.1,1,0.5,1.79947,138.8,21205.9,3.17,3.08285e+06,69.47,FAIL
tt_-40c_3.63v,tt,-40,3.63,0.1,4.7,0.001,1.79947,138.8,9771.35,-0.24,4053.21,-15.29,FAIL
tt_-40c_3.63v,tt,-40,3.63,0.1,4.7,0.05,1.79947,138.8,9771.85,0.57,2.77141e+06,87.96,FAIL
tt_-40c_3.63v,tt,-40,3.63,0.1,4.7,0.2,1.79947,138.8,9779.45,3.04,3.19723e+06,77.93,FAIL
tt_-40c_3.63v,tt,-40,3.63,0.1,4.7,0.5,1.79947,138.8,9822.12,7.99,3.27076e+06,70.27,FAIL
tt_-40c_3.63v,tt,-40,3.63,1,0.33,0.001,1.79947,140.2,99730.4,-3.16,16993.9,-30.75,FAIL
tt_-40c_3.63v,tt,-40,3.63,1,0.33,0.05,1.79947,140.2,99732.2,-2.58,18747.5,-29.05,FAIL
tt_-40c_3.63v,tt,-40,3.63,1,0.33,0.2,1.79947,140.2,99768.9,-0.80,32370.1,-19.56,FAIL
tt_-40c_3.63v,tt,-40,3.63,1,0.33,0.5,1.79947,140.2,99983.3,2.74,2.34737e+06,48.42,FAIL
tt_-40c_3.63v,tt,-40,3.63,1,1,0.001,1.79947,140.2,57312.3,-1.80,10164.8,-30.05,FAIL
tt_-40c_3.63v,tt,-40,3.63,1,1,0.05,1.79947,140.2,57316.4,-0.79,15060.6,-23.22,FAIL
tt_-40c_3.63v,tt,-40,3.63,1,1,0.2,1.79947,140.2,57383.4,2.30,2.53612e+06,57.54,FAIL
tt_-40c_3.63v,tt,-40,3.63,1,1,0.5,1.79947,140.2,57773.7,8.45,2.96972e+06,51.87,FAIL
tt_-40c_3.63v,tt,-40,3.63,1,4.7,0.001,1.79947,140.2,26440.3,-0.78,5646.08,-26.82,FAIL
tt_-40c_3.63v,tt,-40,3.63,1,4.7,0.05,1.79947,140.2,26450.4,1.41,2.65592e+06,70.26,FAIL
tt_-40c_3.63v,tt,-40,3.63,1,4.7,0.2,1.79947,140.2,26603.6,8.09,3.08576e+06,60.36,FAIL
tt_-40c_3.63v,tt,-40,3.63,1,4.7,0.5,1.79947,140.2,27462.6,21.21,3.15885e+06,52.72,FAIL
tt_-40c_3.63v,tt,-40,3.63,10,0.33,0.001,1.79947,140.8,202062,-6.48,36555.2,-29.73,FAIL
tt_-40c_3.63v,tt,-40,3.63,10,0.33,0.05,1.79947,140.8,202076,-5.30,40248.9,-28.05,FAIL
tt_-40c_3.63v,tt,-40,3.63,10,0.33,0.2,1.79947,140.8,202387,-1.72,67992.4,-18.95,FAIL
tt_-40c_3.63v,tt,-40,3.63,10,0.33,0.5,1.79947,140.8,204212,5.37,2.26653e+06,35.76,FAIL
tt_-40c_3.63v,tt,-40,3.63,10,1,0.001,1.79947,140.8,116243,-3.70,21217.9,-29.56,FAIL
tt_-40c_3.63v,tt,-40,3.63,10,1,0.05,1.79947,140.8,116277,-1.66,31101.3,-22.91,FAIL
tt_-40c_3.63v,tt,-40,3.63,10,1,0.2,1.79947,140.8,116850,4.59,2.46016e+06,44.95,FAIL
tt_-40c_3.63v,tt,-40,3.63,10,1,0.5,1.79947,140.8,120102,16.79,2.89511e+06,39.38,FAIL
tt_-40c_3.63v,tt,-40,3.63,10,4.7,0.001,1.79947,140.8,53652.3,-1.63,10332.6,-28.62,FAIL
tt_-40c_3.63v,tt,-40,3.63,10,4.7,0.05,1.79947,140.8,53734.4,2.81,2.58265e+06,57.70,FAIL
tt_-40c_3.63v,tt,-40,3.63,10,4.7,0.2,1.79947,140.8,54991.7,16.22,3.01443e+06,47.89,FAIL
tt_-40c_3.63v,tt,-40,3.63,10,4.7,0.5,1.79947,140.8,62567.4,40.69,3.08503e+06,40.26,FAIL
tt_-40c_3.63v,tt,-40,3.63,25,0.33,0.001,1.79947,140.6,245657,-7.86,48665,-28.16,FAIL
tt_-40c_3.63v,tt,-40,3.63,25,0.33,0.05,1.79947,140.6,245679,-6.43,53543.4,-26.50,FAIL
tt_-40c_3.63v,tt,-40,3.63,25,0.33,0.2,1.79947,140.6,246221,-2.08,89804,-17.52,FAIL
tt_-40c_3.63v,tt,-40,3.63,25,0.33,0.5,1.79947,140.6,249437,6.46,2.2408e+06,32.24,FAIL
tt_-40c_3.63v,tt,-40,3.63,25,1,0.001,1.79947,140.6,141421,-4.50,28154.7,-28.05,FAIL
tt_-40c_3.63v,tt,-40,3.63,25,1,0.05,1.79947,140.6,141481,-2.01,41121.4,-21.47,FAIL
tt_-40c_3.63v,tt,-40,3.63,25,1,0.2,1.79947,140.6,142494,5.56,2.43681e+06,41.45,FAIL
tt_-40c_3.63v,tt,-40,3.63,25,1,0.5,1.79947,140.6,148435,20.19,2.87132e+06,35.91,FAIL
tt_-40c_3.63v,tt,-40,3.63,25,4.7,0.001,1.79947,140.6,65284,-1.99,13475.9,-27.41,FAIL
tt_-40c_3.63v,tt,-40,3.63,25,4.7,0.05,1.79947,140.6,65429.4,3.41,2.56047e+06,54.22,FAIL
tt_-40c_3.63v,tt,-40,3.63,25,4.7,0.2,1.79947,140.6,67737.3,19.61,2.99255e+06,44.43,FAIL
tt_-40c_3.63v,tt,-40,3.63,25,4.7,0.5,1.79947,140.6,81638.9,47.64,3.06142e+06,36.80,PASS
tt_-40c_3.63v,tt,-40,3.63,50,0.33,0.001,1.79947,140,279650,-8.89,61609.5,-26.33,FAIL
tt_-40c_3.63v,tt,-40,3.63,50,0.33,0.05,1.79947,140,279677,-7.26,67746.7,-24.68,FAIL
tt_-40c_3.63v,tt,-40,3.63,50,0.33,0.2,1.79947,140,280462,-2.33,112989,-15.79,FAIL
tt_-40c_3.63v,tt,-40,3.63,50,0.33,0.5,1.79947,140,285196,7.32,2.22109e+06,29.89,FAIL
tt_-40c_3.63v,tt,-40,3.63,50,1,0.001,1.79947,140,161096,-5.10,35597.2,-26.24,FAIL
tt_-40c_3.63v,tt,-40,3.63,50,1,0.05,1.79947,140,161181,-2.26,51844.9,-19.71,FAIL
tt_-40c_3.63v,tt,-40,3.63,50,1,0.2,1.79947,140,162679,6.33,2.41883e+06,39.11,FAIL
tt_-40c_3.63v,tt,-40,3.63,50,1,0.5,1.79947,140,171467,22.77,2.85265e+06,33.60,FAIL
tt_-40c_3.63v,tt,-40,3.63,50,4.7,0.001,1.79947,140,74391.5,-2.26,16909.2,-25.74,FAIL
tt_-40c_3.63v,tt,-40,3.63,50,4.7,0.05,1.79947,140,74606.6,3.89,2.54344e+06,51.89,FAIL
tt_-40c_3.63v,tt,-40,3.63,50,4.7,0.2,1.79947,140,78023.3,22.22,2.97561e+06,42.12,FAIL
tt_-40c_3.63v,tt,-40,3.63,50,4.7,0.5,1.79947,140,98792.6,52.31,3.04282e+06,34.50,PASS
tt_27c_2.97v,tt,27,2.97,0,0.33,0.001,1.79948,130.1,2967.36,-0.05,2328.65,-4.21,FAIL
tt_27c_2.97v,tt,27,2.97,0,0.33,0.05,1.79948,130.1,2967.36,-0.04,2487.62,-3.06,FAIL
tt_27c_2.97v,tt,27,2.97,0,0.33,0.2,1.79948,130.1,2967.36,0.02,3302.25,1.86,FAIL
tt_27c_2.97v,tt,27,2.97,0,0.33,0.5,1.79948,130.1,2967.37,0.12,1.1339e+06,100.67,FAIL
tt_27c_2.97v,tt,27,2.97,0,1,0.001,1.79948,130.1,1704.63,0.05,2200.61,4.44,FAIL
tt_27c_2.97v,tt,27,2.97,0,1,0.05,1.79948,130.1,1704.63,0.08,2788.72,8.55,FAIL
tt_27c_2.97v,tt,27,2.97,0,1,0.2,1.79948,130.1,1704.64,0.18,1.43712e+06,112.38,FAIL
tt_27c_2.97v,tt,27,2.97,0,1,0.5,1.79948,130.1,1704.65,0.36,2.00952e+06,109.32,FAIL
tt_27c_2.97v,tt,27,2.97,0,4.7,0.001,1.79948,130,786.228,0.24,2177.71,17.70,FAIL
tt_27c_2.97v,tt,27,2.97,0,4.7,0.05,1.79948,130,786.229,0.30,1.60727e+06,126.12,FAIL
tt_27c_2.97v,tt,27,2.97,0,4.7,0.2,1.79948,130,786.233,0.50,2.14455e+06,118.14,FAIL
tt_27c_2.97v,tt,27,2.97,0,4.7,0.5,1.79948,130,786.254,0.90,2.22905e+06,110.68,FAIL
tt_27c_2.97v,tt,27,2.97,0.1,0.33,0.001,1.79948,143.4,28377.2,-1.21,5329.61,-29.05,FAIL
tt_27c_2.97v,tt,27,2.97,0.1,0.33,0.05,1.79948,143.4,28377.3,-1.05,5718.26,-27.83,FAIL
tt_27c_2.97v,tt,27,2.97,0.1,0.33,0.2,1.79948,143.4,28378.1,-0.54,7807.9,-22.42,FAIL
tt_27c_2.97v,tt,27,2.97,0.1,0.33,0.5,1.79948,143.4,28383,0.47,1.37427e+06,64.35,FAIL
tt_27c_2.97v,tt,27,2.97,0.1,1,0.001,1.79948,143.4,16302.5,-0.69,3453.54,-26.96,FAIL
tt_27c_2.97v,tt,27,2.97,0.1,1,0.05,1.79948,143.4,16302.6,-0.40,4461.83,-22.51,FAIL
tt_27c_2.97v,tt,27,2.97,0.1,1,0.2,1.79948,143.4,16304.1,0.48,1.65782e+06,75.35,FAIL
tt_27c_2.97v,tt,27,2.97,0.1,1,0.5,1.79948,143.4,16313,2.24,2.22369e+06,71.94,FAIL
tt_27c_2.97v,tt,27,2.97,0.1,4.7,0.001,1.79948,143.4,7519.29,-0.29,2377.5,-20.00,FAIL
tt_27c_2.97v,tt,27,2.97,0.1,4.7,0.05,1.79948,143.4,7519.51,0.34,1.82268e+06,88.89,FAIL
tt_27c_2.97v,tt,27,2.97,0.1,4.7,0.2,1.79948,143.4,7522.91,2.24,2.36169e+06,80.79,FAIL
tt_27c_2.97v,tt,27,2.97,0.1,4.7,0.5,1.79948,143.4,7542.06,6.05,2.4487e+06,73.36,FAIL
tt_27c_2.97v,tt,27,2.97,1,0.33,0.001,1.79948,144.3,78076.6,-3.47,13501.9,-30.49,FAIL
tt_27c_2.97v,tt,27,2.97,1,0.33,0.05,1.79948,144.3,78077.4,-3.01,14446.8,-29.31,FAIL
tt_27c_2.97v,tt,27,2.97,1,0.33,0.2,1.79948,144.3,78094.7,-1.62,19400.8,-24.20,FAIL
tt_27c_2.97v,tt,27,2.97,1,0.33,0.5,1.79948,144.3,78198,1.15,1.23662e+06,45.33,FAIL
tt_27c_2.97v,tt,27,2.97,1,1,0.001,1.79948,144.3,44870.2,-1.98,7914.99,-30.14,FAIL
tt_27c_2.97v,tt,27,2.97,1,1,0.05,1.79948,144.3,44872.1,-1.19,10109.3,-25.89,FAIL
tt_27c_2.97v,tt,27,2.97,1,1,0.2,1.79948,144.3,44904.4,1.23,1.53326e+06,56.80,FAIL
tt_27c_2.97v,tt,27,2.97,1,1,0.5,1.79948,144.3,45088.8,6.05,2.10938e+06,53.85,FAIL
tt_27c_2.97v,tt,27,2.97,1,4.7,0.001,1.79948,144.3,20698.6,-0.88,4046.97,-28.35,FAIL
tt_27c_2.97v,tt,27,2.97,1,4.7,0.05,1.79948,144.3,20703.2,0.84,1.70292e+06,70.52,FAIL
tt_27c_2.97v,tt,27,2.97,1,4.7,0.2,1.79948,144.3,20774.3,6.07,2.24888e+06,62.76,FAIL
tt_27c_2.97v,tt,27,2.97,1,4.7,0.5,1.79948,144.3,21187.1,16.43,2.33572e+06,55.37,FAIL
tt_27c_2.97v,tt,27,2.97,10,0.33,0.001,1.79948,143.1,161818,-7.30,31212,-28.62,FAIL
tt_27c_2.97v,tt,27,2.97,10,0.33,0.05,1.79948,143.1,161822,-6.36,33340.4,-27.47,FAIL
tt_27c_2.97v,tt,27,2.97,10,0.33,0.2,1.79948,143.1,161973,-3.49,44258.5,-22.55,FAIL
tt_27c_2.97v,tt,27,2.97,10,0.33,0.5,1.79948,143.1,162886,2.20,1.14265e+06,31.55,FAIL
tt_27c_2.97v,tt,27,2.97,10,1,0.001,1.79948,143.1,93123.6,-4.19,18034.2,-28.53,FAIL
tt_27c_2.97v,tt,27,2.97,10,1,0.05,1.79948,143.1,93139.7,-2.54,22850.4,-24.41,FAIL
tt_27c_2.97v,tt,27,2.97,10,1,0.2,1.79948,143.1,93427.3,2.46,1.44999e+06,43.42,FAIL
tt_27c_2.97v,tt,27,2.97,10,1,0.5,1.79948,143.1,95076.7,12.31,2.03228e+06,40.81,FAIL
tt_27c_2.97v,tt,27,2.97,10,4.7,0.001,1.79948,143.1,42983.7,-1.87,8576.27,-28.00,FAIL
tt_27c_2.97v,tt,27,2.97,10,4.7,0.05,1.79948,143.1,43024.9,1.69,1.62374e+06,57.28,FAIL
tt_27c_2.97v,tt,27,2.97,10,4.7,0.2,1.79948,143.1,43663.7,12.48,2.1742e+06,49.77,FAIL
tt_27c_2.97v,tt,27,2.97,10,4.7,0.5,1.79948,143.1,47476.5,32.86,2.25938e+06,42.40,FAIL
tt_27c_2.97v,tt,27,2.97,25,0.33,0.001,1.79948,141.1,196780,-8.83,43613.7,-26.22,FAIL
tt_27c_2.97v,tt,27,2.97,25,0.33,0.05,1.79948,141.1,196784,-7.68,46575.3,-25.08,FAIL
tt_27c_2.97v,tt,27,2.97,25,0.33,0.2,1.79948,141.1,197039,-4.20,61602.5,-20.22,FAIL
tt_27c_2.97v,tt,27,2.97,25,0.33,0.5,1.79948,141.1,198634,2.67,1.11494e+06,27.80,FAIL
tt_27c_2.97v,tt,27,2.97,25,1,0.001,1.79948,141.1,113345,-5.07,25168.4,-26.15,FAIL
tt_27c_2.97v,tt,27,2.97,25,1,0.05,1.79948,141.1,113371,-3.07,31819.7,-22.08,FAIL
tt_27c_2.97v,tt,27,2.97,25,1,0.2,1.79948,141.1,113876,3.00,1.425e+06,39.79,FAIL
tt_27c_2.97v,tt,27,2.97,25,1,0.5,1.79948,141.1,116889,14.86,2.00882e+06,37.29,FAIL
tt_27c_2.97v,tt,27,2.97,25,4.7,0.001,1.79948,141.1,52329.3,-2.27,11872.8,-25.77,FAIL
tt_27c_2.97v,tt,27,2.97,25,4.7,0.05,1.79948,141.1,52401.7,2.06,1.60043e+06,53.69,FAIL
tt_27c_2.97v,tt,27,2.97,25,4.7,0.2,1.79948,141.1,53586.4,15.14,2.15219e+06,46.27,FAIL
tt_27c_2.97v,tt,27,2.97,25,4.7,0.5,1.79948,141.1,60557.2,39.03,2.23611e+06,38.90,FAIL
tt_27c_2.97v,tt,27,2.97,50,0.33,0.001,1.79948,138.5,223149,-9.85,58387.5,-23.34,FAIL
tt_27c_2.97v,tt,27,2.97,50,0.33,0.05,1.79948,138.5,223147,-8.55,62309.3,-22.21,FAIL
tt_27c_2.97v,tt,27,2.97,50,0.33,0.2,1.79948,138.5,223494,-4.61,82199.2,-17.40,FAIL
tt_27c_2.97v,tt,27,2.97,50,0.33,0.5,1.79948,138.5,225786,3.13,1.09836e+06,25.40,FAIL
tt_27c_2.97v,tt,27,2.97,50,1,0.001,1.79948,138.5,128641,-5.67,33679.1,-23.30,FAIL
tt_27c_2.97v,tt,27,2.97,50,1,0.05,1.79948,138.5,128674,-3.40,42504.1,-19.25,FAIL
tt_27c_2.97v,tt,27,2.97,50,1,0.2,1.79948,138.5,129404,3.48,1.40812e+06,37.44,FAIL
tt_27c_2.97v,tt,27,2.97,50,1,0.5,1.79948,138.5,133765,16.80,1.99257e+06,35.02,FAIL
tt_27c_2.97v,tt,27,2.97,50,4.7,0.001,1.79948,138.5,59417.3,-2.54,15825.1,-22.98,FAIL
tt_27c_2.97v,tt,27,2.97,50,4.7,0.05,1.79948,138.5,59522,2.38,1.58452e+06,51.38,FAIL
tt_27c_2.97v,tt,27,2.97,50,4.7,0.2,1.79948,138.5,61236.3,17.15,2.13703e+06,44.01,FAIL
tt_27c_2.97v,tt,27,2.97,50,4.7,0.5,1.79948,138.5,71547.5,43.30,2.21977e+06,36.65,FAIL
tt_27c_3.30v,tt,27,3.3,0,0.33,0.001,1.79945,126.9,3137.05,-0.01,3014.5,-0.69,FAIL
tt_27c_3.30v,tt,27,3.3,0,0.33,0.05,1.79945,126.9,3137.05,0.01,3244.05,0.58,FAIL
tt_27c_3.30v,tt,27,3.3,0,0.33,0.2,1.79945,126.9,3137.06,0.06,4509,6.30,FAIL
tt_27c_3.30v,tt,27,3.3,0,0.33,0.5,1.79945,126.9,3137.06,0.18,1.46018e+06,102.94,FAIL
tt_27c_3.30v,tt,27,3.3,0,1,0.001,1.79945,126.9,1802.14,0.12,2912.09,8.34,FAIL
tt_27c_3.30v,tt,27,3.3,0,1,0.05,1.79945,126.9,1802.14,0.16,3806.41,12.99,FAIL
tt_27c_3.30v,tt,27,3.3,0,1,0.2,1.79945,126.9,1802.15,0.25,1.72198e+06,113.40,FAIL
tt_27c_3.30v,tt,27,3.3,0,1,0.5,1.79945,126.9,1802.16,0.45,2.25369e+06,109.22,FAIL
tt_27c_3.30v,tt,27,3.3,0,4.7,0.001,1.79945,126.8,831.126,0.39,2913.78,21.79,FAIL
tt_27c_3.30v,tt,27,3.3,0,4.7,0.05,1.79945,126.8,831.127,0.46,1.87606e+06,126.70,FAIL
tt_27c_3.30v,tt,27,3.3,0,4.7,0.2,1.79945,126.8,831.131,0.67,2.38359e+06,117.89,FAIL
tt_27c_3.30v,tt,27,3.3,0,4.7,0.5,1.79945,126.8,831.157,1.09,2.46555e+06,110.35,FAIL
tt_27c_3.30v,tt,27,3.3,0.1,0.33,0.001,1.79945,141,30059.6,-1.15,5736.54,-28.77,FAIL
tt_27c_3.30v,tt,27,3.3,0.1,0.33,0.05,1.79945,141,30059.6,-0.98,6209.69,-27.40,FAIL
tt_27c_3.30v,tt,27,3.3,0.1,0.33,0.2,1.79945,141,30060.6,-0.44,9005.49,-20.94,FAIL
tt_27c_3.30v,tt,27,3.3,0.1,0.33,0.5,1.79945,141,30066.5,0.63,1.75759e+06,66.41,FAIL
tt_27c_3.30v,tt,27,3.3,0.1,1,0.001,1.79945,141,17269.3,-0.65,3893.56,-25.88,FAIL
tt_27c_3.30v,tt,27,3.3,0.1,1,0.05,1.79945,141,17269.4,-0.34,5230.13,-20.75,FAIL
tt_27c_3.30v,tt,27,3.3,0.1,1,0.2,1.79945,141,17271.2,0.59,2.00126e+06,76.41,FAIL
tt_27c_3.30v,tt,27,3.3,0.1,1,0.5,1.79945,141,17281.6,2.45,2.51999e+06,71.93,FAIL
tt_27c_3.30v,tt,27,3.3,0.1,4.7,0.001,1.79945,141,7965.36,-0.26,2911.9,-17.48,FAIL
tt_27c_3.30v,tt,27,3.3,0.1,4.7,0.05,1.79945,141,7965.63,0.40,2.14859e+06,89.55,FAIL
tt_27c_3.30v,tt,27,3.3,0.1,4.7,0.2,1.79945,141,7969.82,2.42,2.65089e+06,80.62,FAIL
tt_27c_3.30v,tt,27,3.3,0.1,4.7,0.5,1.79945,141,7993.4,6.45,2.73403e+06,73.10,FAIL
tt_27c_3.30v,tt,27,3.3,1,0.33,0.001,1.79945,142.6,82821.3,-3.31,14039.6,-30.84,FAIL
tt_27c_3.30v,tt,27,3.3,1,0.33,0.05,1.79945,142.6,82822.3,-2.83,15146.8,-29.52,FAIL
tt_27c_3.30v,tt,27,3.3,1,0.33,0.2,1.79945,142.6,82843,-1.36,21502,-23.44,FAIL
tt_27c_3.30v,tt,27,3.3,1,0.33,0.5,1.79945,142.6,82965.2,1.59,1.60991e+06,47.69,FAIL
tt_27c_3.30v,tt,27,3.3,1,1,0.001,1.79945,142.6,47596.4,-1.89,8299.65,-30.34,FAIL
tt_27c_3.30v,tt,27,3.3,1,1,0.05,1.79945,142.6,47598.7,-1.05,10999.3,-25.45,FAIL
tt_27c_3.30v,tt,27,3.3,1,1,0.2,1.79945,142.6,47636.9,1.52,1.86291e+06,57.98,FAIL
tt_27c_3.30v,tt,27,3.3,1,1,0.5,1.79945,142.6,47854.4,6.63,2.39074e+06,53.84,FAIL
tt_27c_3.30v,tt,27,3.3,1,4.7,0.001,1.79945,142.6,21957,-0.84,4401.15,-27.92,FAIL
tt_27c_3.30v,tt,27,3.3,1,4.7,0.05,1.79945,142.6,21962.8,0.99,2.01455e+06,71.24,FAIL
tt_27c_3.30v,tt,27,3.3,1,4.7,0.2,1.79945,142.6,22050.6,6.54,2.52327e+06,62.58,FAIL
tt_27c_3.30v,tt,27,3.3,1,4.7,0.5,1.79945,142.6,22543.8,17.51,2.60634e+06,55.09,FAIL
tt_27c_3.30v,tt,27,3.3,10,0.33,0.001,1.79945,142.7,172454,-7.02,31698.9,-29.45,FAIL
tt_27c_3.30v,tt,27,3.3,10,0.33,0.05,1.79945,142.7,172462,-6.01,34143.3,-28.17,FAIL
tt_27c_3.30v,tt,27,3.3,10,0.33,0.2,1.79945,142.7,172645,-2.96,47757.6,-22.33,FAIL
tt_27c_3.30v,tt,27,3.3,10,0.33,0.5,1.79945,142.7,173740,3.11,1.51126e+06,34.13,FAIL
tt_27c_3.30v,tt,27,3.3,10,1,0.001,1.79945,142.7,99233.2,-4.02,18343.8,-29.34,FAIL
tt_27c_3.30v,tt,27,3.3,10,1,0.05,1.79945,142.7,99253.2,-2.27,24086.4,-24.60,FAIL
tt_27c_3.30v,tt,27,3.3,10,1,0.2,1.79945,142.7,99597.6,3.06,1.77225e+06,44.63,FAIL
tt_27c_3.30v,tt,27,3.3,10,1,0.5,1.79945,142.7,101640,13.54,2.30525e+06,40.74,FAIL
tt_27c_3.30v,tt,27,3.3,10,4.7,0.001,1.79945,142.7,45798,-1.79,8790.5,-28.68,FAIL
tt_27c_3.30v,tt,27,3.3,10,4.7,0.05,1.79945,142.7,45849.7,2.00,1.92758e+06,57.99,FAIL
tt_27c_3.30v,tt,27,3.3,10,4.7,0.2,1.79945,142.7,46646.5,13.49,2.44063e+06,49.53,FAIL
tt_27c_3.30v,tt,27,3.3,10,4.7,0.5,1.79945,142.7,51283.3,35.02,2.52179e+06,42.05,FAIL
tt_27c_3.30v,tt,27,3.3,25,0.33,0.001,1.79945,141.6,210108,-8.52,43338.4,-27.47,FAIL
tt_27c_3.30v,tt,27,3.3,25,0.33,0.05,1.79945,141.6,210118,-7.30,46649.3,-26.19,FAIL
tt_27c_3.30v,tt,27,3.3,25,0.33,0.2,1.79945,141.6,210450,-3.58,64996.8,-20.43,FAIL
tt_27c_3.30v,tt,27,3.3,25,0.33,0.5,1.79945,141.6,212473,3.75,1.484e+06,30.45,FAIL
tt_27c_3.30v,tt,27,3.3,25,1,0.001,1.79945,141.6,121002,-4.89,25025.5,-27.39,FAIL
tt_27c_3.30v,tt,27,3.3,25,1,0.05,1.79945,141.6,121038,-2.76,32780.9,-22.70,FAIL
tt_27c_3.30v,tt,27,3.3,25,1,0.2,1.79945,141.6,121676,3.72,1.74792e+06,41.02,FAIL
tt_27c_3.30v,tt,27,3.3,25,1,0.5,1.79945,141.6,125339,16.35,2.2816e+06,37.20,FAIL
tt_27c_3.30v,tt,27,3.3,25,4.7,0.001,1.79945,141.6,55875.5,-2.18,11857.4,-26.93,FAIL
tt_27c_3.30v,tt,27,3.3,25,4.7,0.05,1.79945,141.6,55967.1,2.44,1.90452e+06,54.41,FAIL
tt_27c_3.30v,tt,27,3.3,25,4.7,0.2,1.79945,141.6,57387.7,16.38,2.4184e+06,46.00,FAIL
tt_27c_3.30v,tt,27,3.3,25,4.7,0.5,1.79945,141.6,65946.2,41.51,2.49835e+06,38.53,FAIL
tt_27c_3.30v,tt,27,3.3,50,0.33,0.001,1.79945,140,238771,-9.59,56426.8,-25.12,FAIL
tt_27c_3.30v,tt,27,3.3,50,0.33,0.05,1.79945,140,238779,-8.20,60693,-23.85,FAIL
tt_27c_3.30v,tt,27,3.3,50,0.33,0.2,1.79945,140,239226,-3.99,84293.8,-18.14,FAIL
tt_27c_3.30v,tt,27,3.3,50,0.33,0.5,1.79945,140,242141,4.29,1.4635e+06,28.05,FAIL
tt_27c_3.30v,tt,27,3.3,50,1,0.001,1.79945,140,137609,-5.51,32561.6,-25.06,FAIL
tt_27c_3.30v,tt,27,3.3,50,1,0.05,1.79945,140,137656,-3.09,42560.4,-20.41,FAIL
tt_27c_3.30v,tt,27,3.3,50,1,0.2,1.79945,140,138572,4.26,1.72872e+06,38.66,FAIL
tt_27c_3.30v,tt,27,3.3,50,1,0.5,1.79945,140,143972,18.47,2.26283e+06,34.90,FAIL
tt_27c_3.30v,tt,27,3.3,50,4.7,0.001,1.79945,140,63561.1,-2.46,15351.2,-24.69,FAIL
tt_27c_3.30v,tt,27,3.3,50,4.7,0.05,1.79945,140,63695.4,2.79,1.88616e+06,52.06,FAIL
tt_27c_3.30v,tt,27,3.3,50,4.7,0.2,1.79945,140,65799,18.56,2.40087e+06,43.71,FAIL
tt_27c_3.30v,tt,27,3.3,50,4.7,0.5,1.79945,140,78553.6,45.97,2.47969e+06,36.24,PASS
tt_27c_3.63v,tt,27,3.63,0,0.33,0.001,1.79938,121.8,3291.36,0.09,4334.71,4.78,FAIL
tt_27c_3.63v,tt,27,3.63,0,0.33,0.05,1.79938,121.8,3291.36,0.11,4697.05,6.18,FAIL
tt_27c_3.63v,tt,27,3.63,0,0.33,0.2,1.79938,121.8,3291.36,0.17,6867.57,12.78,FAIL
tt_27c_3.63v,tt,27,3.63,0,0.33,0.5,1.79938,121.8,3291.37,0.29,1.75136e+06,104.20,FAIL
tt_27c_3.63v,tt,27,3.63,0,1,0.001,1.79938,121.8,1890.78,0.30,4265.64,14.13,FAIL
tt_27c_3.63v,tt,27,3.63,0,1,0.05,1.79938,121.8,1890.78,0.34,5759.07,19.35,FAIL
tt_27c_3.63v,tt,27,3.63,0,1,0.2,1.79938,121.8,1890.79,0.44,1.98534e+06,113.99,FAIL
tt_27c_3.63v,tt,27,3.63,0,1,0.5,1.79938,121.8,1890.8,0.64,2.48476e+06,109.06,FAIL
tt_27c_3.63v,tt,27,3.63,0,4.7,0.001,1.79938,121.6,872.014,0.77,4306.93,27.74,FAIL
tt_27c_3.63v,tt,27,3.63,0,4.7,0.05,1.79938,121.6,872.015,0.84,2.12721e+06,127.00,FAIL
tt_27c_3.63v,tt,27,3.63,0,4.7,0.2,1.79938,121.6,872.02,1.06,2.61018e+06,117.62,FAIL
tt_27c_3.63v,tt,27,3.63,0,4.7,0.5,1.79938,121.6,872.051,1.50,2.68982e+06,110.02,FAIL
tt_27c_3.63v,tt,27,3.63,0.1,0.33,0.001,1.79938,136.1,31598.3,-1.09,6505.4,-27.46,FAIL
tt_27c_3.63v,tt,27,3.63,0.1,0.33,0.05,1.79938,136.1,31598.3,-0.91,7101.61,-25.94,FAIL
tt_27c_3.63v,tt,27,3.63,0.1,0.33,0.2,1.79938,136.1,31599.5,-0.35,11044.7,-18.26,FAIL
tt_27c_3.63v,tt,27,3.63,0.1,0.33,0.5,1.79938,136.1,31606.3,0.78,2.10246e+06,67.55,FAIL
tt_27c_3.63v,tt,27,3.63,0.1,1,0.001,1.79938,136.1,18153.3,-0.61,4822.88,-23.03,FAIL
tt_27c_3.63v,tt,27,3.63,0.1,1,0.05,1.79938,136.1,18153.5,-0.29,6758.34,-17.17,FAIL
tt_27c_3.63v,tt,27,3.63,0.1,1,0.2,1.79938,136.1,18155.6,0.69,2.31817e+06,77.01,FAIL
tt_27c_3.63v,tt,27,3.63,0.1,1,0.5,1.79938,136.1,18167.6,2.65,2.79923e+06,71.83,FAIL
tt_27c_3.63v,tt,27,3.63,0.1,4.7,0.001,1.79938,136.1,8374.33,-0.22,4046.27,-12.64,FAIL
tt_27c_3.63v,tt,27,3.63,0.1,4.7,0.05,1.79938,136.1,8374.65,0.47,2.45241e+06,89.90,FAIL
tt_27c_3.63v,tt,27,3.63,0.1,4.7,0.2,1.79938,136.1,8379.5,2.60,2.92385e+06,80.40,FAIL
tt_27c_3.63v,tt,27,3.63,0.1,4.7,0.5,1.79938,136.1,8406.8,6.84,3.00344e+06,72.82,FAIL
tt_27c_3.63v,tt,27,3.63,1,0.33,0.001,1.79938,138.1,87161.8,-3.18,14709.6,-30.92,FAIL
tt_27c_3.63v,tt,27,3.63,1,0.33,0.05,1.79938,138.1,87163,-2.67,16002,-29.46,FAIL
tt_27c_3.63v,tt,27,3.63,1,0.33,0.2,1.79938,138.1,87188.4,-1.12,24180.9,-22.28,FAIL
tt_27c_3.63v,tt,27,3.63,1,0.33,0.5,1.79938,138.1,87337.4,1.98,1.9402e+06,48.98,FAIL
tt_27c_3.63v,tt,27,3.63,1,1,0.001,1.79938,138.1,50088.4,-1.81,8898.01,-30.02,FAIL
tt_27c_3.63v,tt,27,3.63,1,1,0.05,1.79938,138.1,50091.1,-0.92,12259.2,-24.46,FAIL
tt_27c_3.63v,tt,27,3.63,1,1,0.2,1.79938,138.1,50136.4,1.78,2.16392e+06,58.63,FAIL
tt_27c_3.63v,tt,27,3.63,1,1,0.5,1.79938,138.1,50400.9,7.16,2.65309e+06,53.72,FAIL
tt_27c_3.63v,tt,27,3.63,1,4.7,0.001,1.79938,138.1,23110.7,-0.79,5134.62,-26.13,FAIL
tt_27c_3.63v,tt,27,3.63,1,4.7,0.05,1.79938,138.1,23117.4,1.13,2.30188e+06,71.62,FAIL
tt_27c_3.63v,tt,27,3.63,1,4.7,0.2,1.79938,138.1,23219.3,6.98,2.77946e+06,62.35,FAIL
tt_27c_3.63v,tt,27,3.63,1,4.7,0.5,1.79938,138.1,23791.2,18.50,2.85899e+06,54.79,FAIL
tt_27c_3.63v,tt,27,3.63,10,0.33,0.001,1.79938,139.2,182200,-6.77,32416.5,-30.03,FAIL
tt_27c_3.63v,tt,27,3.63,10,0.33,0.05,1.79938,139.2,182210,-5.72,35181.3,-28.60,FAIL
tt_27c_3.63v,tt,27,3.63,10,0.33,0.2,1.79938,139.2,182438,-2.48,52140.1,-21.77,FAIL
tt_27c_3.63v,tt,27,3.63,10,0.33,0.5,1.79938,139.2,183787,3.92,1.83012e+06,35.45,FAIL
tt_27c_3.63v,tt,27,3.63,10,1,0.001,1.79938,139.2,104832,-3.88,18823.7,-29.84,FAIL
tt_27c_3.63v,tt,27,3.63,10,1,0.05,1.79938,139.2,104857,-2.03,25639.2,-24.48,FAIL
tt_27c_3.63v,tt,27,3.63,10,1,0.2,1.79938,139.2,105281,3.60,2.06107e+06,45.26,FAIL
tt_27c_3.63v,tt,27,3.63,10,1,0.5,1.79938,139.2,107694,14.66,2.55501e+06,40.56,FAIL
tt_27c_3.63v,tt,27,3.63,10,4.7,0.001,1.79938,139.2,48393.4,-1.72,9190.57,-28.86,FAIL
tt_27c_3.63v,tt,27,3.63,10,4.7,0.05,1.79938,139.2,48454.1,2.28,2.20262e+06,58.32,FAIL
tt_27c_3.63v,tt,27,3.63,10,4.7,0.2,1.79938,139.2,49386.3,14.42,2.6845e+06,49.22,FAIL
tt_27c_3.63v,tt,27,3.63,10,4.7,0.5,1.79938,139.2,54869.9,36.95,2.76206e+06,41.68,FAIL
tt_27c_3.63v,tt,27,3.63,25,0.33,0.001,1.79938,139.3,222342,-8.26,43591.3,-28.35,FAIL
tt_27c_3.63v,tt,27,3.63,25,0.33,0.05,1.79938,139.3,222357,-6.97,47286.6,-26.93,FAIL
tt_27c_3.63v,tt,27,3.63,25,0.33,0.2,1.79938,139.3,222756,-3.03,69707.2,-20.19,FAIL
tt_27c_3.63v,tt,27,3.63,25,0.33,0.5,1.79938,139.3,225147,4.72,1.80024e+06,31.79,FAIL
tt_27c_3.63v,tt,27,3.63,25,1,0.001,1.79938,139.3,128030,-4.74,25214.6,-28.24,FAIL
tt_27c_3.63v,tt,27,3.63,25,1,0.05,1.79938,139.3,128073,-2.48,34237.4,-22.93,FAIL
tt_27c_3.63v,tt,27,3.63,25,1,0.2,1.79938,139.3,128828,4.38,2.03376e+06,41.65,FAIL
tt_27c_3.63v,tt,27,3.63,25,1,0.5,1.79938,139.3,133194,17.70,2.52846e+06,37.00,FAIL
tt_27c_3.63v,tt,27,3.63,25,4.7,0.001,1.79938,139.3,59111.6,-2.11,12052.1,-27.62,FAIL
tt_27c_3.63v,tt,27,3.63,25,4.7,0.05,1.79938,139.3,59219.9,2.78,2.17669e+06,54.73,FAIL
tt_27c_3.63v,tt,27,3.63,25,4.7,0.2,1.79938,139.3,60917.7,17.50,2.65952e+06,45.67,FAIL
tt_27c_3.63v,tt,27,3.63,25,4.7,0.5,1.79938,139.3,71130.5,43.70,2.73583e+06,38.14,FAIL
tt_27c_3.63v,tt,27,3.63,50,0.33,0.001,1.79937,138.9,253001,-9.33,55735.3,-26.34,FAIL
tt_27c_3.63v,tt,27,3.63,50,0.33,0.05,1.79937,138.9,253017,-7.87,60409.1,-24.93,FAIL
tt_27c_3.63v,tt,27,3.63,50,0.33,0.2,1.79937,138.9,253591,-3.40,88738.2,-18.25,FAIL
tt_27c_3.63v,tt,27,3.63,50,0.33,0.5,1.79937,138.9,257101,5.37,1.77996e+06,29.41,FAIL
tt_27c_3.63v,tt,27,3.63,50,1,0.001,1.79937,138.9,145791,-5.36,32189.7,-26.26,FAIL
tt_27c_3.63v,tt,27,3.63,50,1,0.05,1.79937,138.9,145853,-2.80,43595,-20.99,FAIL
tt_27c_3.63v,tt,27,3.63,50,1,0.2,1.79937,138.9,146964,4.99,2.01524e+06,39.29,FAIL
tt_27c_3.63v,tt,27,3.63,50,1,0.5,1.79937,138.9,153431,19.99,2.51004e+06,34.69,FAIL
tt_27c_3.63v,tt,27,3.63,50,4.7,0.001,1.79937,138.9,67337.2,-2.39,15249.5,-25.80,FAIL
tt_27c_3.63v,tt,27,3.63,50,4.7,0.05,1.79937,138.9,67497,3.18,2.15893e+06,52.38,FAIL
tt_27c_3.63v,tt,27,3.63,50,4.7,0.2,1.79937,138.9,70012.5,19.85,2.64243e+06,43.36,FAIL
tt_27c_3.63v,tt,27,3.63,50,4.7,0.5,1.79937,138.9,85279.6,48.29,2.71756e+06,35.83,PASS
tt_125c_2.97v,tt,125,2.97,0,0.33,0.001,1.79934,118.1,2220.06,0.13,3146.39,6.06,FAIL
tt_125c_2.97v,tt,125,2.97,0,0.33,0.05,1.79934,118.1,2220.06,0.14,3321.81,7.00,FAIL
tt_125c_2.97v,tt,125,2.97,0,0.33,0.2,1.79934,118.1,2220.06,0.18,4124.32,10.76,FAIL
tt_125c_2.97v,tt,125,2.97,0,0.33,0.5,1.79934,118.1,2220.06,0.26,430484,90.98,FAIL
tt_125c_2.97v,tt,125,2.97,0,1,0.001,1.79934,118.1,1275.3,0.35,3080.12,15.32,FAIL
tt_125c_2.97v,tt,125,2.97,0,1,0.05,1.79934,118.1,1275.3,0.37,3716.56,18.58,FAIL
tt_125c_2.97v,tt,125,2.97,0,1,0.2,1.79934,118.1,1275.3,0.44,915243,111.63,FAIL
tt_125c_2.97v,tt,125,2.97,0,1,0.5,1.79934,118.1,1275.3,0.58,1.58181e+06,112.09,FAIL
tt_125c_2.97v,tt,125,2.97,0,4.7,0.001,1.79934,117.9,588.254,0.86,3087.89,28.80,FAIL
tt_125c_2.97v,tt,125,2.97,0,4.7,0.05,1.79934,117.9,588.254,0.91,1.12858e+06,127.02,FAIL
tt_125c_2.97v,tt,125,2.97,0,4.7,0.2,1.79934,117.9,588.256,1.06,1.72491e+06,121.23,FAIL
tt_125c_2.97v,tt,125,2.97,0,4.7,0.5,1.79934,117.9,588.265,1.36,1.81289e+06,113.93,FAIL
tt_125c_2.97v,tt,125,2.97,0.1,0.33,0.001,1.79934,140,23460.2,-1.16,4609.6,-28.27,FAIL
tt_125c_2.97v,tt,125,2.97,0.1,0.33,0.05,1.79934,140,23460.2,-1.02,4896.23,-27.22,FAIL
tt_125c_2.97v,tt,125,2.97,0.1,0.33,0.2,1.79934,140,23460.7,-0.60,6277.23,-22.90,FAIL
tt_125c_2.97v,tt,125,2.97,0.1,0.33,0.5,1.79934,140,23463.5,0.23,856471,61.03,FAIL
tt_125c_2.97v,tt,125,2.97,0.1,1,0.001,1.79934,140,13477.5,-0.65,3121.22,-25.41,FAIL
tt_125c_2.97v,tt,125,2.97,0.1,1,0.05,1.79934,140,13477.6,-0.41,3857.99,-21.73,FAIL
tt_125c_2.97v,tt,125,2.97,0.1,1,0.2,1.79934,140,13478.4,0.31,1.23082e+06,75.07,FAIL
tt_125c_2.97v,tt,125,2.97,0.1,1,0.5,1.79934,140,13483.4,1.77,1.87983e+06,73.91,FAIL
tt_125c_2.97v,tt,125,2.97,0.1,4.7,0.001,1.79934,140,6216.62,-0.27,2319.63,-17.13,FAIL
tt_125c_2.97v,tt,125,2.97,0.1,4.7,0.05,1.79934,140,6216.75,0.25,1.42836e+06,89.55,FAIL
tt_125c_2.97v,tt,125,2.97,0.1,4.7,0.2,1.79934,140,6218.68,1.83,2.02924e+06,83.03,FAIL
tt_125c_2.97v,tt,125,2.97,0.1,4.7,0.5,1.79934,140,6229.57,4.98,2.12242e+06,75.75,FAIL
tt_125c_2.97v,tt,125,2.97,1,0.33,0.001,1.79934,141.8,65842.1,-3.41,11495.1,-30.33,FAIL
tt_125c_2.97v,tt,125,2.97,1,0.33,0.05,1.79934,141.8,65842.4,-3.03,12179.2,-29.32,FAIL
tt_125c_2.97v,tt,125,2.97,1,0.33,0.2,1.79934,141.8,65852.5,-1.86,15393.5,-25.26,FAIL
tt_125c_2.97v,tt,125,2.97,1,0.33,0.5,1.79934,141.8,65913.2,0.49,689884,39.77,FAIL
tt_125c_2.97v,tt,125,2.97,1,1,0.001,1.79934,141.8,37838.7,-1.95,6778.3,-29.88,FAIL
tt_125c_2.97v,tt,125,2.97,1,1,0.05,1.79934,141.8,37839.8,-1.28,8288.36,-26.38,FAIL
tt_125c_2.97v,tt,125,2.97,1,1,0.2,1.79934,141.8,37858.8,0.76,1.09884e+06,55.60,FAIL
tt_125c_2.97v,tt,125,2.97,1,1,0.5,1.79934,141.8,37967.6,4.83,1.76191e+06,55.31,FAIL
tt_125c_2.97v,tt,125,2.97,1,4.7,0.001,1.79934,141.8,17456.2,-0.87,3546.37,-27.69,FAIL
tt_125c_2.97v,tt,125,2.97,1,4.7,0.05,1.79934,141.8,17459,0.58,1.30398e+06,70.47,FAIL
tt_125c_2.97v,tt,125,2.97,1,4.7,0.2,1.79934,141.8,17503,5.00,1.91199e+06,64.53,FAIL
tt_125c_2.97v,tt,125,2.97,1,4.7,0.5,1.79934,141.8,17750.6,13.77,2.00476e+06,57.29,FAIL
tt_125c_2.97v,tt,125,2.97,10,0.33,0.001,1.79934,141.2,141607,-7.52,27428.9,-28.54,FAIL
tt_125c_2.97v,tt,125,2.97,10,0.33,0.05,1.79934,141.2,141609,-6.69,28996.5,-27.58,FAIL
tt_125c_2.97v,tt,125,2.97,10,0.33,0.2,1.79934,141.2,141707,-4.18,36238.7,-23.70,FAIL
tt_125c_2.97v,tt,125,2.97,10,0.33,0.5,1.79934,141.2,142312,0.81,552622,22.92,FAIL
tt_125c_2.97v,tt,125,2.97,10,1,0.001,1.79934,141.2,81495.1,-4.31,15848.6,-28.45,FAIL
tt_125c_2.97v,tt,125,2.97,10,1,0.05,1.79934,141.2,81505.4,-2.88,19227.3,-25.10,FAIL
tt_125c_2.97v,tt,125,2.97,10,1,0.2,1.79934,141.2,81695.8,1.50,997008,40.93,FAIL
tt_125c_2.97v,tt,125,2.97,10,1,0.5,1.79934,141.2,82793.3,10.16,1.67311e+06,41.45,FAIL
tt_125c_2.97v,tt,125,2.97,10,4.7,0.001,1.79934,141.2,37614.9,-1.94,7538.37,-27.92,FAIL
tt_125c_2.97v,tt,125,2.97,10,4.7,0.05,1.79934,141.2,37642.2,1.18,1.21017e+06,56.19,FAIL
tt_125c_2.97v,tt,125,2.97,10,4.7,0.2,1.79934,141.2,38069.6,10.64,1.82495e+06,50.75,FAIL
tt_125c_2.97v,tt,125,2.97,10,4.7,0.5,1.79934,141.2,40603.5,28.76,1.91636e+06,43.55,FAIL
tt_125c_2.97v,tt,125,2.97,25,0.33,0.001,1.79934,139.3,173045,-9.14,38865.4,-25.99,FAIL
tt_125c_2.97v,tt,125,2.97,25,0.33,0.05,1.79934,139.3,173046,-8.14,41059.6,-25.04,FAIL
tt_125c_2.97v,tt,125,2.97,25,0.33,0.2,1.79934,139.3,173211,-5.07,51154.9,-21.22,FAIL
tt_125c_2.97v,tt,125,2.97,25,0.33,0.5,1.79934,139.3,174295,0.99,520800,18.46,FAIL
tt_125c_2.97v,tt,125,2.97,25,1,0.001,1.79934,139.3,99680.7,-5.25,22422,-25.94,FAIL
tt_125c_2.97v,tt,125,2.97,25,1,0.05,1.79934,139.3,99697.2,-3.50,27133.5,-22.62,FAIL
tt_125c_2.97v,tt,125,2.97,25,1,0.2,1.79934,139.3,100035,1.85,968748,37.02,FAIL
tt_125c_2.97v,tt,125,2.97,25,1,0.5,1.79934,139.3,102088,12.34,1.64848e+06,37.80,FAIL
tt_125c_2.97v,tt,125,2.97,25,4.7,0.001,1.79934,139.3,46032.4,-2.37,10558.2,-25.58,FAIL
tt_125c_2.97v,tt,125,2.97,25,4.7,0.05,1.79934,139.3,46082.9,1.45,1.18432e+06,52.41,FAIL
tt_125c_2.97v,tt,125,2.97,25,4.7,0.2,1.79934,139.3,46882,12.98,1.80132e+06,47.12,FAIL
tt_125c_2.97v,tt,125,2.97,25,4.7,0.5,1.79934,139.3,51572.4,34.51,1.89175e+06,39.93,FAIL
tt_125c_2.97v,tt,125,2.97,50,0.33,0.001,1.79934,136.5,196012,-10.17,52738.2,-22.86,FAIL
tt_125c_2.97v,tt,125,2.97,50,0.33,0.05,1.79934,136.5,196005,-9.03,55700,-21.91,FAIL
tt_125c_2.97v,tt,125,2.97,50,0.33,0.2,1.79934,136.5,196222,-5.57,69227.6,-18.13,FAIL
tt_125c_2.97v,tt,125,2.97,50,0.33,0.5,1.79934,136.5,197729,1.26,512610,16.04,FAIL
tt_125c_2.97v,tt,125,2.97,50,1,0.001,1.79934,136.5,113009,-5.86,30411.1,-22.82,FAIL
tt_125c_2.97v,tt,125,2.97,50,1,0.05,1.79934,136.5,113028,-3.87,36747.8,-19.53,FAIL
tt_125c_2.97v,tt,125,2.97,50,1,0.2,1.79934,136.5,113509,2.18,951301,34.59,FAIL
tt_125c_2.97v,tt,125,2.97,50,1,0.5,1.79934,136.5,116438,13.97,1.63255e+06,35.53,FAIL
tt_125c_2.97v,tt,125,2.97,50,4.7,0.001,1.79934,136.5,52194.8,-2.64,14265,-22.54,FAIL
tt_125c_2.97v,tt,125,2.97,50,4.7,0.05,1.79934,136.5,52263.7,1.68,1.16766e+06,50.04,FAIL
tt_125c_2.97v,tt,125,2.97,50,4.7,0.2,1.79934,136.5,53425.2,14.71,1.78604e+06,44.86,FAIL
tt_125c_2.97v,tt,125,2.97,50,4.7,0.5,1.79934,136.5,60298.6,38.46,1.87565e+06,37.68,FAIL
tt_125c_3.30v,tt,125,3.3,0,0.33,0.001,1.79931,114.9,2340.76,0.26,4134.65,9.88,FAIL
tt_125c_3.30v,tt,125,3.3,0,0.33,0.05,1.79931,114.9,2340.76,0.27,4389.57,10.93,FAIL
tt_125c_3.30v,tt,125,3.3,0,0.33,0.2,1.79931,114.9,2340.76,0.31,5618.55,15.21,FAIL
tt_125c_3.30v,tt,125,3.3,0,0.33,0.5,1.79931,114.9,2340.77,0.40,810388,99.98,FAIL
tt_125c_3.30v,tt,125,3.3,0,1,0.001,1.79931,114.9,1344.64,0.57,4084.21,19.30,FAIL
tt_125c_3.30v,tt,125,3.3,0,1,0.05,1.79931,114.9,1344.64,0.59,5040.35,22.96,FAIL
tt_125c_3.30v,tt,125,3.3,0,1,0.2,1.79931,114.9,1344.64,0.66,1.17348e+06,113.94,FAIL
tt_125c_3.30v,tt,125,3.3,0,1,0.5,1.79931,114.9,1344.64,0.81,1.78932e+06,112.22,FAIL
tt_125c_3.30v,tt,125,3.3,0,4.7,0.001,1.79931,114.8,620.16,1.33,4114.02,32.87,FAIL
tt_125c_3.30v,tt,125,3.3,0,4.7,0.05,1.79931,114.8,620.16,1.38,1.36259e+06,128.29,FAIL
tt_125c_3.30v,tt,125,3.3,0,4.7,0.2,1.79931,114.8,620.162,1.54,1.92856e+06,121.17,FAIL
tt_125c_3.30v,tt,125,3.3,0,4.7,0.5,1.79931,114.8,620.173,1.86,2.01496e+06,113.77,FAIL
tt_125c_3.30v,tt,125,3.3,0.1,0.33,0.001,1.79931,136.9,24821,-1.10,5089.95,-27.53,FAIL
tt_125c_3.30v,tt,125,3.3,0.1,0.33,0.05,1.79931,136.9,24821.1,-0.95,5444.55,-26.35,FAIL
tt_125c_3.30v,tt,125,3.3,0.1,0.33,0.2,1.79931,136.9,24821.6,-0.51,7287,-21.29,FAIL
tt_125c_3.30v,tt,125,3.3,0.1,0.33,0.5,1.79931,136.9,24824.9,0.37,1.25727e+06,65.58,FAIL
tt_125c_3.30v,tt,125,3.3,0.1,1,0.001,1.79931,136.9,14259.5,-0.61,3682.45,-23.52,FAIL
tt_125c_3.30v,tt,125,3.3,0.1,1,0.05,1.79931,136.9,14259.6,-0.36,4692.84,-19.31,FAIL
tt_125c_3.30v,tt,125,3.3,0.1,1,0.2,1.79931,136.9,14260.6,0.41,1.56594e+06,77.13,FAIL
tt_125c_3.30v,tt,125,3.3,0.1,1,0.5,1.79931,136.9,14266.5,1.95,2.16305e+06,74.22,FAIL
tt_125c_3.30v,tt,125,3.3,0.1,4.7,0.001,1.79931,136.9,6576.7,-0.23,2996.57,-13.66,FAIL
tt_125c_3.30v,tt,125,3.3,0.1,4.7,0.05,1.79931,136.9,6576.85,0.31,1.74196e+06,90.87,FAIL
tt_125c_3.30v,tt,125,3.3,0.1,4.7,0.2,1.79931,136.9,6579.12,1.98,2.3064e+06,83.14,FAIL
tt_125c_3.30v,tt,125,3.3,0.1,4.7,0.5,1.79931,136.9,6591.87,5.31,2.39646e+06,75.74,FAIL
tt_125c_3.30v,tt,125,3.3,1,0.33,0.001,1.79931,139.3,69753,-3.26,11955.7,-30.65,FAIL
tt_125c_3.30v,tt,125,3.3,1,0.33,0.05,1.79931,139.3,69753.5,-2.85,12753.1,-29.53,FAIL
tt_125c_3.30v,tt,125,3.3,1,0.33,0.2,1.79931,139.3,69766.1,-1.61,16763.7,-24.77,FAIL
tt_125c_3.30v,tt,125,3.3,1,0.33,0.5,1.79931,139.3,69841.3,0.87,1.08912e+06,45.59,FAIL
tt_125c_3.30v,tt,125,3.3,1,1,0.001,1.79931,139.3,40083.6,-1.86,7147.04,-29.96,FAIL
tt_125c_3.30v,tt,125,3.3,1,1,0.05,1.79931,139.3,40084.9,-1.15,8993.58,-25.97,FAIL
tt_125c_3.30v,tt,125,3.3,1,1,0.2,1.79931,139.3,40108.4,1.01,1.41618e+06,57.89,FAIL
tt_125c_3.30v,tt,125,3.3,1,1,0.5,1.79931,139.3,40242.6,5.32,2.02541e+06,55.61,FAIL
tt_125c_3.30v,tt,125,3.3,1,4.7,0.001,1.79931,139.3,18493.7,-0.82,3949.29,-26.82,FAIL
tt_125c_3.30v,tt,125,3.3,1,4.7,0.05,1.79931,139.3,18497.1,0.71,1.59812e+06,71.89,FAIL
tt_125c_3.30v,tt,125,3.3,1,4.7,0.2,1.79931,139.3,18548.8,5.40,2.16994e+06,64.61,FAIL
tt_125c_3.30v,tt,125,3.3,1,4.7,0.5,1.79931,139.3,18839.7,14.68,2.25994e+06,57.25,FAIL
tt_125c_3.30v,tt,125,3.3,10,0.33,0.001,1.79931,140.3,150681,-7.23,27780.6,-29.41,FAIL
tt_125c_3.30v,tt,125,3.3,10,0.33,0.05,1.79931,140.3,150685,-6.35,29564.8,-28.33,FAIL
tt_125c_3.30v,tt,125,3.3,10,0.33,0.2,1.79931,140.3,150805,-3.68,38328.8,-23.81,FAIL
tt_125c_3.30v,tt,125,3.3,10,0.33,0.5,1.79931,140.3,151536,1.63,958577,30.34,FAIL
tt_125c_3.30v,tt,125,3.3,10,1,0.001,1.79931,140.3,86708.1,-4.14,16083.2,-29.28,FAIL
tt_125c_3.30v,tt,125,3.3,10,1,0.05,1.79931,140.3,86720.9,-2.62,20040.5,-25.46,FAIL
tt_125c_3.30v,tt,125,3.3,10,1,0.2,1.79931,140.3,86948.6,2.05,1.30354e+06,43.41,FAIL
tt_125c_3.30v,tt,125,3.3,10,1,0.5,1.79931,140.3,88309.6,11.24,1.9228e+06,41.69,FAIL
tt_125c_3.30v,tt,125,3.3,10,4.7,0.001,1.79931,140.3,40022.8,-1.86,7724.16,-28.58,FAIL
tt_125c_3.30v,tt,125,3.3,10,4.7,0.05,1.79931,140.3,40057,1.46,1.49125e+06,57.64,FAIL
tt_125c_3.30v,tt,125,3.3,10,4.7,0.2,1.79931,140.3,40586.3,11.53,2.06954e+06,50.76,FAIL
tt_125c_3.30v,tt,125,3.3,10,4.7,0.5,1.79931,140.3,43631,30.68,2.15819e+06,43.44,FAIL
tt_125c_3.30v,tt,125,3.3,25,0.33,0.001,1.7993,139.6,184607,-8.84,38470.4,-27.29,FAIL
tt_125c_3.30v,tt,125,3.3,25,0.33,0.05,1.7993,139.6,184612,-7.76,40913.5,-26.22,FAIL
tt_125c_3.30v,tt,125,3.3,25,0.33,0.2,1.7993,139.6,184829,-4.49,52851.1,-21.77,FAIL
tt_125c_3.30v,tt,125,3.3,25,0.33,0.5,1.7993,139.6,186176,1.97,926095,26.29,FAIL
tt_125c_3.30v,tt,125,3.3,25,1,0.001,1.7993,139.6,106326,-5.07,22212.6,-27.22,FAIL
tt_125c_3.30v,tt,125,3.3,25,1,0.05,1.7993,139.6,106348,-3.20,27607.5,-23.44,FAIL
tt_125c_3.30v,tt,125,3.3,25,1,0.2,1.7993,139.6,106774,2.50,1.2752e+06,39.58,FAIL
tt_125c_3.30v,tt,125,3.3,25,1,0.5,1.7993,139.6,109231,13.66,1.89677e+06,38.01,FAIL
tt_125c_3.30v,tt,125,3.3,25,4.7,0.001,1.7993,139.6,49095.8,-2.28,10509.6,-26.78,FAIL
tt_125c_3.30v,tt,125,3.3,25,4.7,0.05,1.7993,139.6,49156.9,1.79,1.46464e+06,53.88,FAIL
tt_125c_3.30v,tt,125,3.3,25,4.7,0.2,1.7993,139.6,50110.5,14.07,2.04468e+06,47.10,FAIL
tt_125c_3.30v,tt,125,3.3,25,4.7,0.5,1.7993,139.6,55854.5,36.79,2.13237e+06,39.79,FAIL
tt_125c_3.30v,tt,125,3.3,50,0.33,0.001,1.7993,137.9,209591,-9.92,50680.6,-24.72,FAIL
tt_125c_3.30v,tt,125,3.3,50,0.33,0.05,1.7993,137.9,209591,-8.71,53875.3,-23.66,FAIL
tt_125c_3.30v,tt,125,3.3,50,0.33,0.2,1.7993,137.9,209891,-5.00,69413.5,-19.25,FAIL
tt_125c_3.30v,tt,125,3.3,50,0.33,0.5,1.7993,137.9,211840,2.29,906450,23.76,FAIL
tt_125c_3.30v,tt,125,3.3,50,1,0.001,1.7993,137.9,120815,-5.71,29236.8,-24.67,FAIL
tt_125c_3.30v,tt,125,3.3,50,1,0.05,1.7993,137.9,120845,-3.58,36273.5,-20.92,FAIL
tt_125c_3.30v,tt,125,3.3,50,1,0.2,1.7993,137.9,121464,2.88,1.25625e+06,37.17,FAIL
tt_125c_3.30v,tt,125,3.3,50,1,0.5,1.7993,137.9,125076,15.45,1.87894e+06,35.70,FAIL
tt_125c_3.30v,tt,125,3.3,50,4.7,0.001,1.7993,137.9,55810.2,-2.56,13753.6,-24.33,FAIL
tt_125c_3.30v,tt,125,3.3,50,4.7,0.05,1.7993,137.9,55899.1,2.05,1.44668e+06,51.51,FAIL
tt_125c_3.30v,tt,125,3.3,50,4.7,0.2,1.7993,137.9,57308.2,15.96,2.02768e+06,44.80,FAIL
tt_125c_3.30v,tt,125,3.3,50,4.7,0.5,1.7993,137.9,65807.2,40.97,2.11441e+06,37.50,FAIL
tt_125c_3.63v,tt,125,3.63,0,0.33,0.001,1.79921,110.2,2448.83,0.56,5891.94,15.25,FAIL
tt_125c_3.63v,tt,125,3.63,0,0.33,0.05,1.79921,110.2,2448.83,0.57,6289.72,16.39,FAIL
tt_125c_3.63v,tt,125,3.63,0,0.33,0.2,1.79921,110.2,2448.83,0.61,8320.67,21.25,FAIL
tt_125c_3.63v,tt,125,3.63,0,0.33,0.5,1.79921,110.2,2448.83,0.70,1.11082e+06,103.63,FAIL
tt_125c_3.63v,tt,125,3.63,0,1,0.001,1.79921,110.2,1406.65,1.09,5861.06,24.79,FAIL
tt_125c_3.63v,tt,125,3.63,0,1,0.05,1.79921,110.2,1406.65,1.11,7408.58,28.86,FAIL
tt_125c_3.63v,tt,125,3.63,0,1,0.2,1.79921,110.2,1406.65,1.19,1.41787e+06,115.40,FAIL
tt_125c_3.63v,tt,125,3.63,0,1,0.5,1.79921,110.2,1406.65,1.34,1.9933e+06,112.29,FAIL
tt_125c_3.63v,tt,125,3.63,0,4.7,0.001,1.79921,110,648.599,2.45,5927.47,38.43,FAIL
tt_125c_3.63v,tt,125,3.63,0,4.7,0.05,1.79921,110,648.599,2.50,1.58961e+06,129.15,FAIL
tt_125c_3.63v,tt,125,3.63,0,4.7,0.2,1.79921,110,648.601,2.67,2.12854e+06,121.07,FAIL
tt_125c_3.63v,tt,125,3.63,0,4.7,0.5,1.79921,110,648.614,3.00,2.2131e+06,113.59,FAIL
tt_125c_3.63v,tt,125,3.63,0.1,0.33,0.001,1.79921,131.4,26059.8,-1.03,6090.97,-25.25,FAIL
tt_125c_3.63v,tt,125,3.63,0.1,0.33,0.05,1.79921,131.4,26059.8,-0.88,6563.33,-23.95,FAIL
tt_125c_3.63v,tt,125,3.63,0.1,0.33,0.2,1.79921,131.4,26060.5,-0.42,9223.67,-18.04,FAIL
tt_125c_3.63v,tt,125,3.63,0.1,0.33,0.5,1.79921,131.4,26064.3,0.51,1.62029e+06,68.04,FAIL
tt_125c_3.63v,tt,125,3.63,0.1,1,0.001,1.79921,131.4,14971.2,-0.56,4888.25,-19.45,FAIL
tt_125c_3.63v,tt,125,3.63,0.1,1,0.05,1.79921,131.4,14971.2,-0.29,6436.4,-14.67,FAIL
tt_125c_3.63v,tt,125,3.63,0.1,1,0.2,1.79921,131.4,14972.4,0.51,1.88733e+06,78.43,FAIL
tt_125c_3.63v,tt,125,3.63,0.1,1,0.5,1.79921,131.4,14979.2,2.13,2.43927e+06,74.39,FAIL
tt_125c_3.63v,tt,125,3.63,0.1,4.7,0.001,1.79921,131.4,6904.76,-0.17,4393.3,-7.86,FAIL
tt_125c_3.63v,tt,125,3.63,0.1,4.7,0.05,1.79921,131.4,6904.93,0.41,2.04598e+06,91.73,FAIL
tt_125c_3.63v,tt,125,3.63,0.1,4.7,0.2,1.79921,131.4,6907.55,2.16,2.57633e+06,83.14,FAIL
tt_125c_3.63v,tt,125,3.63,0.1,4.7,0.5,1.79921,131.4,6922.47,5.66,2.66309e+06,75.66,FAIL
tt_125c_3.63v,tt,125,3.63,1,0.33,0.001,1.79921,134.1,73316.2,-3.11,12618.8,-30.57,FAIL
tt_125c_3.63v,tt,125,3.63,1,0.33,0.05,1.79921,134.1,73316.9,-2.69,13554.5,-29.33,FAIL
tt_125c_3.63v,tt,125,3.63,1,0.33,0.2,1.79921,134.1,73331.6,-1.38,18608.4,-23.83,FAIL
tt_125c_3.63v,tt,125,3.63,1,0.33,0.5,1.79921,134.1,73418.9,1.23,1.43496e+06,48.48,FAIL
tt_125c_3.63v,tt,125,3.63,1,1,0.001,1.79921,134.1,42130.5,-1.77,7826.05,-29.25,FAIL
tt_125c_3.63v,tt,125,3.63,1,1,0.05,1.79921,134.1,42132.2,-1.03,10147.1,-24.73,FAIL
tt_125c_3.63v,tt,125,3.63,1,1,0.2,1.79921,134.1,42159.4,1.25,1.7155e+06,59.32,FAIL
tt_125c_3.63v,tt,125,3.63,1,1,0.5,1.79921,134.1,42314.9,5.78,2.27913e+06,55.76,FAIL
tt_125c_3.63v,tt,125,3.63,1,4.7,0.001,1.79921,134.1,19437.3,-0.77,4858.45,-24.09,FAIL
tt_125c_3.63v,tt,125,3.63,1,4.7,0.05,1.79921,134.1,19441.2,0.84,1.87952e+06,72.80,FAIL
tt_125c_3.63v,tt,125,3.63,1,4.7,0.2,1.79921,134.1,19501.2,5.76,2.41771e+06,64.59,FAIL
tt_125c_3.63v,tt,125,3.63,1,4.7,0.5,1.79921,134.1,19837.5,15.50,2.50439e+06,57.15,FAIL
tt_125c_3.63v,tt,125,3.63,10,0.33,0.001,1.7992,136.2,159010,-6.97,28366.7,-29.98,FAIL
tt_125c_3.63v,tt,125,3.63,10,0.33,0.05,1.7992,136.2,159015,-6.04,30376.4,-28.79,FAIL
tt_125c_3.63v,tt,125,3.63,10,0.33,0.2,1.7992,136.2,159164,-3.22,40968.7,-23.59,FAIL
tt_125c_3.63v,tt,125,3.63,10,0.33,0.5,1.7992,136.2,160054,2.38,1.29012e+06,33.57,FAIL
tt_125c_3.63v,tt,125,3.63,10,1,0.001,1.7992,136.2,91492.9,-3.99,16503.8,-29.76,FAIL
tt_125c_3.63v,tt,125,3.63,10,1,0.05,1.7992,136.2,91509.2,-2.38,21145,-25.46,FAIL
tt_125c_3.63v,tt,125,3.63,10,1,0.2,1.7992,136.2,91788.8,2.54,1.58494e+06,44.88,FAIL
tt_125c_3.63v,tt,125,3.63,10,1,0.5,1.7992,136.2,93387.3,12.23,2.15812e+06,41.76,FAIL
tt_125c_3.63v,tt,125,3.63,10,4.7,0.001,1.7992,136.2,42235.7,-1.78,8137.12,-28.61,FAIL
tt_125c_3.63v,tt,125,3.63,10,4.7,0.05,1.7992,136.2,42275.8,1.72,1.75425e+06,58.53,FAIL
tt_125c_3.63v,tt,125,3.63,10,4.7,0.2,1.7992,136.2,42893.6,12.33,2.29932e+06,50.66,FAIL
tt_125c_3.63v,tt,125,3.63,10,4.7,0.5,1.7992,136.2,46503.3,32.41,2.38477e+06,43.25,FAIL
tt_125c_3.63v,tt,125,3.63,25,0.33,0.001,1.7992,136.6,195160,-8.56,38600.4,-28.20,FAIL
tt_125c_3.63v,tt,125,3.63,25,0.33,0.05,1.7992,136.6,195169,-7.43,41307.3,-27.02,FAIL
tt_125c_3.63v,tt,125,3.63,25,0.33,0.2,1.7992,136.6,195430,-3.97,55444.3,-21.90,FAIL
tt_125c_3.63v,tt,125,3.63,25,0.33,0.5,1.7992,136.6,197022,2.86,1.2537e+06,29.61,FAIL
tt_125c_3.63v,tt,125,3.63,25,1,0.001,1.7992,136.6,112389,-4.91,22332.9,-28.09,FAIL
tt_125c_3.63v,tt,125,3.63,25,1,0.05,1.7992,136.6,112417,-2.93,28519.7,-23.84,FAIL
tt_125c_3.63v,tt,125,3.63,25,1,0.2,1.7992,136.6,112920,3.09,1.5517e+06,41.04,FAIL
tt_125c_3.63v,tt,125,3.63,25,1,0.5,1.7992,136.6,115850,14.87,2.1275e+06,38.06,FAIL
tt_125c_3.63v,tt,125,3.63,25,4.7,0.001,1.7992,136.6,51888.3,-2.20,10686.6,-27.45,FAIL
tt_125c_3.63v,tt,125,3.63,25,4.7,0.05,1.7992,136.6,51960.4,2.10,1.723e+06,54.75,FAIL
tt_125c_3.63v,tt,125,3.63,25,4.7,0.2,1.7992,136.6,53107,15.07,2.27002e+06,46.98,FAIL
tt_125c_3.63v,tt,125,3.63,25,4.7,0.5,1.7992,136.6,59909.5,38.82,2.35458e+06,39.57,FAIL
tt_125c_3.63v,tt,125,3.63,50,0.33,0.001,1.7992,136.6,221968,-9.67,49856.6,-26.00,FAIL
tt_125c_3.63v,tt,125,3.63,50,0.33,0.05,1.7992,136.6,221975,-8.38,53338.2,-24.83,FAIL
tt_125c_3.63v,tt,125,3.63,50,0.33,0.2,1.7992,136.6,222347,-4.45,71386.8,-19.76,FAIL
tt_125c_3.63v,tt,125,3.63,50,0.33,0.5,1.7992,136.6,224673,3.26,1.23235e+06,27.13,FAIL
tt_125c_3.63v,tt,125,3.63,50,1,0.001,1.7992,136.6,127926,-5.56,28784.6,-25.93,FAIL
tt_125c_3.63v,tt,125,3.63,50,1,0.05,1.7992,136.6,127965,-3.31,36695.9,-21.71,FAIL
tt_125c_3.63v,tt,125,3.63,50,1,0.2,1.7992,136.6,128703,3.54,1.53219e+06,38.64,FAIL
tt_125c_3.63v,tt,125,3.63,50,1,0.5,1.7992,136.6,133018,16.81,2.109e+06,35.73,FAIL
tt_125c_3.63v,tt,125,3.63,50,4.7,0.001,1.7992,136.6,59084.2,-2.49,13618.6,-25.50,FAIL
tt_125c_3.63v,tt,125,3.63,50,4.7,0.05,1.7992,136.6,59190.2,2.40,1.70437e+06,52.38,FAIL
tt_125c_3.63v,tt,125,3.63,50,4.7,0.2,1.7992,136.6,60877.2,17.10,2.25258e+06,44.66,FAIL
tt_125c_3.63v,tt,125,3.63,50,4.7,0.5,1.7992,136.6,71047.3,43.19,2.3362e+06,37.26,FAIL
