time,v(vin),v(en),v(vref),v(vout),v(xdut.xilimit.pb),v(xdut.xilimit.vg),v(xdut.xilimit.vx),v(xdut.xilimit.vsu),v(xdut.xilimit.bb),v(xdut.xsoftstart.pb_ss),v(xdut.xsoftstart.vg_ss),v(xdut.xsoftstart.vx_ss),v(xdut.xsoftstart.vsu_ss),v(xdut.xsoftstart.bb),i(v.xdut.xilimit.vacq_cv),i(v.xdut.xilimit.vacq_st),i(v.xdut.xilimit.vacq_rb),i(v.xdut.xsoftstart.vacq_cv),i(v.xdut.xsoftstart.vacq_st),i(v.xdut.xsoftstart.vacq_rb)
0,2.97,2.97,0,0.004119682,2.463721,0.002712895,4.197308e-11,0,3.242081e-15,2.951316,0.3252628,1.26506e-05,0,3.453255e-10,2.463961e-12,2.463807e-12,3.298405e-17,6.566448e-12,2.950973e-12,3.580404e-12
4e-10,2.97,2.97,0,0.004119682,2.463721,0.002712895,4.318999e-11,-2.92076e-13,3.335725e-15,2.951316,0.3252628,1.26506e-05,5.482577e-14,3.453256e-10,2.464344e-12,2.464029e-12,3.553745e-17,6.567824e-12,2.951861e-12,3.580327e-12
3.2e-09,2.97,2.97,0,0.004119682,2.463721,0.002712895,4.50267e-11,-1.44903e-12,3.508736e-15,2.951316,0.3252628,1.265059e-05,-1.265841e-13,3.453253e-10,2.46405e-12,2.463585e-12,5.195009e-17,6.567677e-12,2.951417e-12,3.580366e-12
2.56e-08,2.97,2.97,0,0.004119682,2.463721,0.002712895,8.796952e-11,-7.359756e-12,6.644022e-15,2.951316,0.3252628,1.265055e-05,-1.901298e-13,3.453241e-10,2.463893e-12,2.463807e-12,9.916994e-17,6.566883e-12,2.951417e-12,3.580426e-12
1.512e-07,2.97,2.97,0,0.004119682,2.463721,0.002712895,1.786576e-10,-3.830092e-11,1.359162e-14,2.951316,0.3252628,1.26506e-05,-1.099788e-12,3.453254e-10,2.464569e-12,2.463585e-12,1.538065e-16,6.567615e-12,2.951417e-12,3.580393e-12
3.012e-07,2.97,2.97,0,0.004119682,2.463721,0.002712895,1.888567e-10,-4.046631e-11,1.417498e-14,2.951316,0.3252628,1.265058e-05,1.636983e-11,3.45325e-10,2.464501e-12,2.463585e-12,1.113496e-16,6.567613e-12,2.950973e-12,3.580407e-12
4.512e-07,2.97,2.97,0,0.004119682,2.463721,0.002712896,1.183716e-10,-4.542051e-11,9.044828e-15,2.951316,0.3252628,1.265064e-05,1.862039e-11,3.453266e-10,2.464412e-12,2.463585e-12,8.651758e-17,6.567786e-12,2.950973e-12,3.580434e-12
6.012e-07,2.97,2.97,0,0.004119682,2.463721,0.002712896,8.337185e-11,-5.279399e-11,6.284689e-15,2.951316,0.3252628,1.265068e-05,1.142276e-11,3.453277e-10,2.464344e-12,2.463585e-12,6.55477e-17,6.567673e-12,2.950973e-12,3.58043e-12
7.512e-07,2.97,2.97,0,0.004119683,2.463721,0.002712896,8.315399e-11,-6.075203e-11,6.379379e-15,2.951316,0.3252628,1.265069e-05,1.93825e-11,3.45328e-10,2.464328e-12,2.463585e-12,5.008207e-17,6.567859e-12,2.951417e-12,3.58043e-12
9.012e-07,2.97,2.97,0,0.004119683,2.463721,0.002712897,1.701235e-11,-6.032612e-11,1.329934e-15,2.951316,0.3252628,1.265073e-05,9.006435e-12,3.45329e-10,2.464616e-12,2.463585e-12,2.686638e-17,6.567599e-12,2.950973e-12,3.580465e-12
1.0512e-06,2.97,2.97,0,0.004119682,2.463721,0.002712897,4.175942e-11,-6.016726e-11,3.2537e-15,2.951316,0.3252628,1.265079e-05,1.159186e-11,3.453305e-10,2.464244e-12,2.463585e-12,1.008086e-17,6.567469e-12,2.950973e-12,3.580452e-12
1.2012e-06,2.97,2.97,0,0.004119682,2.463721,0.002712897,4.810312e-11,-4.538208e-11,3.624352e-15,2.951316,0.3252628,1.265071e-05,2.072524e-11,3.453284e-10,2.464451e-12,2.463585e-12,2.599168e-17,6.567843e-12,2.951417e-12,3.580231e-12
1.3512e-06,2.97,2.97,0,0.004119683,2.463721,0.002712897,-2.131317e-11,-3.705762e-11,-1.47391e-15,2.951316,0.3252628,1.265067e-05,1.748452e-11,3.453272e-10,2.464601e-12,2.463585e-12,-1.523491e-17,6.56773e-12,2.950973e-12,3.580459e-12
1.5012e-06,2.97,2.97,0,0.004119684,2.463721,0.002712897,6.035902e-11,-4.192448e-11,4.569332e-15,2.951316,0.3252628,1.265076e-05,1.688328e-11,3.453299e-10,2.464533e-12,2.463585e-12,5.290778e-17,6.567701e-12,2.950973e-12,3.580498e-12
1.6512e-06,2.97,2.97,0,0.00411968,2.463721,0.002712897,6.316538e-11,-4.117896e-11,4.908657e-15,2.951316,0.3252628,1.265064e-05,2.177172e-11,3.453265e-10,2.46448e-12,2.463585e-12,6.73246e-17,6.567633e-12,2.950973e-12,3.580452e-12
1.8012e-06,2.97,2.97,0,0.00411968,2.463721,0.002712897,3.772436e-11,-3.154033e-11,2.862252e-15,2.951316,0.3252628,1.265051e-05,2.215453e-11,3.453229e-10,2.464639e-12,2.463585e-12,2.290058e-17,6.567581e-12,2.951417e-12,3.580442e-12
1.9512e-06,2.97,2.97,0,0.004119689,2.463721,0.002712897,6.024731e-11,-4.521452e-11,4.643285e-15,2.951316,0.3252628,1.265064e-05,1.819927e-11,3.453266e-10,2.464457e-12,2.463585e-12,3.358862e-17,6.567445e-12,2.950973e-12,3.580434e-12
2.1012e-06,2.97,2.97,0,0.004119687,2.463721,0.002712897,1.223932e-12,-5.762085e-11,1.462785e-16,2.951316,0.3252628,1.265064e-05,2.219174e-11,3.453265e-10,2.464279e-12,2.463585e-12,2.738601e-17,6.567824e-12,2.950973e-12,3.580227e-12
2.2512e-06,2.97,2.97,0,0.004119663,2.463721,0.002712897,4.868597e-11,-6.374309e-11,3.778372e-15,2.951316,0.3252628,1.265062e-05,1.867644e-11,3.45326e-10,2.464225e-12,2.463585e-12,3.548547e-17,6.567765e-12,2.951417e-12,3.580444e-12
2.4012e-06,2.97,2.97,0,0.004119677,2.463721,0.002712897,1.790882e-11,-5.258798e-11,1.41105e-15,2.951316,0.3252628,1.265069e-05,6.599383e-12,3.453279e-10,2.464508e-12,2.463807e-12,2.428915e-17,6.567563e-12,2.951417e-12,3.580468e-12
2.5512e-06,2.97,2.97,0,0.004119736,2.463721,0.002712897,8.593215e-11,-5.100972e-11,6.595513e-15,2.951316,0.3252628,1.265059e-05,1.651118e-11,3.453251e-10,2.46438e-12,2.463585e-12,5.832784e-17,6.567539e-12,2.951417e-12,3.580447e-12
2.7012e-06,2.97,2.97,0,0.00411968,2.463721,0.002712897,-1.792735e-11,-6.757164e-11,-1.30969e-15,2.951316,0.3252628,1.265069e-05,1.78034e-11,3.453279e-10,2.464425e-12,2.463585e-12,-1.570184e-17,6.567687e-12,2.950973e-12,3.580459e-12
2.8512e-06,2.97,2.97,0,0.004119538,2.463721,0.002712897,-7.642924e-12,-6.189594e-11,-4.543842e-16,2.951316,0.3252628,1.265055e-05,2.108073e-11,3.45324e-10,2.464319e-12,2.463585e-12,-1.004699e-17,6.567767e-12,2.950973e-12,3.580417e-12
3.0012e-06,2.97,2.97,0,0.004119735,2.463721,0.002712897,1.040979e-10,-1.725563e-11,7.803176e-15,2.951316,0.3252628,1.265067e-05,2.02004e-11,3.453274e-10,2.464801e-12,2.463585e-12,6.394215e-17,6.567739e-12,2.950973e-12,3.58048e-12
3.1512e-06,2.97,2.97,0,0.004120057,2.463721,0.002712897,1.969724e-11,-5.507809e-12,1.642128e-15,2.951316,0.3252628,1.265057e-05,1.153193e-11,3.453247e-10,2.464628e-12,2.463807e-12,2.836603e-17,6.567688e-12,2.951417e-12,3.580448e-12
3.3012e-06,2.97,2.97,0,0.004119423,2.463721,0.002712897,5.743052e-12,-9.906093e-11,4.102514e-16,2.951316,0.3252628,1.265059e-05,1.500711e-11,3.453251e-10,2.463521e-12,2.463807e-12,-1.489348e-17,6.567578e-12,2.950973e-12,3.58019e-12
3.4512e-06,2.97,2.97,0,0.004118757,2.463721,0.002712897,5.500678e-11,-1.3374e-10,4.268878e-15,2.951316,0.3252628,1.265053e-05,7.227134e-12,3.453236e-10,2.464238e-12,2.463585e-12,3.761622e-17,6.56751e-12,2.951417e-12,3.580408e-12
3.6012e-06,2.97,2.97,0,0.004120718,2.463721,0.002712898,1.169848e-10,1.409117e-10,8.852181e-15,2.951316,0.3252628,1.265063e-05,2.26166e-11,3.453264e-10,2.465396e-12,2.464029e-12,7.642879e-17,6.567591e-12,2.950973e-12,3.58043e-12
3.7512e-06,2.97,2.97,0,0.004121838,2.463721,0.002712898,4.13533e-11,1.744587e-10,3.187601e-15,2.951316,0.3252628,1.26506e-05,2.12768e-11,3.453255e-10,2.462077e-12,2.463585e-12,2.033328e-17,6.567753e-12,2.950973e-12,3.580202e-12
3.9012e-06,2.97,2.97,0,0.004116605,2.463721,0.002712897,3.634757e-12,-4.528999e-10,2.117078e-16,2.951316,0.3252628,1.265058e-05,1.458734e-11,3.453248e-10,2.460467e-12,2.462919e-12,-6.535771e-18,6.567557e-12,2.951417e-12,3.580437e-12
4.0512e-06,2.97,2.97,0,0.004114599,2.463721,0.002712898,3.83496e-11,-4.869617e-10,3.151731e-15,2.951316,0.3252628,1.265068e-05,1.549506e-11,3.453275e-10,2.469716e-12,2.464029e-12,5.430447e-17,6.567578e-12,2.950973e-12,3.580444e-12
4.2012e-06,2.97,2.97,0,0.004132792,2.463721,0.002712904,2.540745e-10,1.993096e-09,1.943626e-14,2.951316,0.3252628,1.265051e-05,5.301939e-12,3.45323e-10,2.477954e-12,2.464917e-12,2.133115e-16,6.567573e-12,2.950973e-12,3.580431e-12
4.3512e-06,2.97,2.97,0,0.004127218,2.463721,0.002712901,-8.998383e-11,5.179853e-10,-6.909706e-15,2.951316,0.3252628,1.265068e-05,1.608234e-11,3.453275e-10,2.452012e-12,2.461809e-12,-8.519268e-17,6.567803e-12,2.950973e-12,3.580477e-12
4.5012e-06,2.97,2.97,0,0.004107325,2.463721,0.002712897,-4.816746e-11,-1.568406e-09,-3.807825e-15,2.951316,0.3252628,1.265077e-05,2.265566e-11,3.453301e-10,2.452038e-12,2.462475e-12,-4.635146e-17,6.567474e-12,2.951417e-12,3.580466e-12
4.6512e-06,2.97,2.97,0,0.00409231,2.463721,0.002712893,-3.352009e-11,-3.275015e-09,-2.520727e-15,2.951316,0.3252628,1.26506e-05,1.666763e-11,3.453255e-10,2.458574e-12,2.463363e-12,-3.633754e-17,6.567677e-12,2.951417e-12,3.580474e-12
4.8012e-06,2.97,2.97,0,0.00418029,2.463723,0.002712932,1.569127e-09,1.293767e-08,1.259342e-13,2.951316,0.3252628,1.265052e-05,1.366695e-11,3.453233e-10,2.79481e-12,2.498446e-12,1.782653e-15,6.567583e-12,2.950973e-12,3.580444e-12
4.9512e-06,2.97,2.97,0,0.004187445,2.463722,0.002712927,3.687432e-10,1.0824e-08,4.796445e-14,2.951316,0.3252628,1.265067e-05,1.568966e-11,3.453274e-10,3.391033e-12,2.561507e-12,2.53105e-15,6.567438e-12,2.950973e-12,3.580439e-12
5.088681e-06,2.97,2.97,0,0.004171176,2.463722,0.002712916,-9.774206e-11,6.117e-09,-3.312164e-14,2.951316,0.3252628,1.265051e-05,1.847097e-11,3.453231e-10,1.257129e-12,2.335909e-12,-3.058208e-15,6.567482e-12,2.951417e-12,3.580415e-12
5.230323e-06,2.97,2.97,0,0.004154898,2.463722,0.002712911,3.599483e-11,4.194884e-09,2.797926e-14,2.951316,0.3252628,1.265037e-05,2.656976e-11,3.453191e-10,3.640961e-12,2.58793e-12,2.999267e-15,6.565931e-12,2.951417e-12,3.580371e-12
5.380323e-06,2.97,2.97,0,0.004137564,2.463721,0.002712907,-7.96393e-11,2.449678e-09,-3.071494e-14,2.951316,0.3252628,1.265051e-05,2.635512e-11,3.453231e-10,1.30318e-12,2.340572e-12,-2.940642e-15,6.567644e-12,2.950973e-12,3.580421e-12
5.530323e-06,2.97,2.97,0,0.004120512,2.463721,0.002712902,-1.008374e-10,-1.003346e-11,1.591542e-14,2.951316,0.3252628,1.265065e-05,1.557427e-11,3.453268e-10,3.56639e-12,2.580824e-12,2.7374e-15,6.567686e-12,2.950973e-12,3.580469e-12
5.680323e-06,2.97,2.97,0,0.004103318,2.463721,0.002712898,-6.989427e-11,-1.846056e-09,-2.865267e-14,2.951316,0.3252628,1.265074e-05,3.297072e-11,3.453291e-10,1.364615e-12,2.346789e-12,-2.796943e-15,6.567724e-12,2.951417e-12,3.58045e-12
5.830323e-06,2.97,2.97,0,0.004086409,2.463721,0.002712892,-5.322991e-11,-4.095184e-09,1.858014e-14,2.951316,0.3252628,1.265056e-05,1.298128e-11,3.453244e-10,3.520319e-12,2.575717e-12,2.589163e-15,6.567733e-12,2.950973e-12,3.580461e-12
5.980323e-06,2.97,2.97,0,0.004069355,2.46372,0.002712888,-1.08188e-10,-6.016895e-09,-3.080644e-14,2.951316,0.3252628,1.265065e-05,1.966977e-11,3.453268e-10,1.396212e-12,2.35012e-12,-2.713517e-15,6.567456e-12,2.951417e-12,3.580434e-12
6.130323e-06,2.97,2.97,0,0.004052507,2.46372,0.002712884,-3.367082e-12,-8.178236e-09,2.164353e-14,2.951316,0.3252628,1.265071e-05,2.279879e-11,3.453284e-10,3.502287e-12,2.573719e-12,2.58652e-15,6.567752e-12,2.950973e-12,3.580448e-12
6.280323e-06,2.97,2.97,0,0.004035381,2.46372,0.00271288,-1.351512e-11,-1.019741e-08,-2.333461e-14,2.951316,0.3252628,1.265081e-05,2.984125e-11,3.453313e-10,1.407602e-12,2.351674e-12,-2.608465e-15,6.567535e-12,2.950973e-12,3.580501e-12
6.430323e-06,2.97,2.97,0,0.004686523,2.463735,0.002713191,1.280805e-08,1.21312e-07,1.076055e-12,2.951316,0.3252628,1.265068e-05,7.595136e-12,3.453275e-10,7.389504e-12,2.985612e-12,1.942453e-14,6.567469e-12,2.950973e-12,3.580459e-12
6.562343e-06,2.97,2.97,0,0.004396411,2.463725,0.002712978,-6.776744e-10,3.10542e-08,-2.818751e-13,2.951316,0.3252628,1.265053e-05,2.005115e-11,3.453235e-10,-8.330451e-12,1.318945e-12,-2.726809e-14,6.565623e-12,2.950973e-12,3.580277e-12
6.613523e-06,2.97,2.97,0,0.004390843,2.463725,0.00271298,-2.517054e-10,3.192785e-08,1.994675e-13,2.951316,0.3252628,1.265051e-05,1.839053e-11,3.45323e-10,1.274085e-11,3.552936e-12,2.555818e-14,6.566527e-12,2.951417e-12,3.580245e-12
6.723363e-06,2.97,2.97,0,0.004376795,2.463725,0.002712981,5.033313e-11,3.25878e-08,-2.074233e-13,2.951316,0.3252628,1.265058e-05,1.740184e-11,3.45325e-10,-7.50227e-12,1.406875e-12,-2.483035e-14,6.567844e-12,2.950973e-12,3.580448e-12
6.873363e-06,2.97,2.97,0,0.004359357,2.463725,0.002712972,-7.080991e-11,2.893669e-08,2.024045e-13,2.951316,0.3252628,1.265049e-05,1.624474e-11,3.453224e-10,1.226385e-11,3.502976e-12,2.44309e-14,6.567713e-12,2.950973e-12,3.580438e-12
7.023363e-06,2.97,2.97,0,0.004340567,2.463724,0.002712968,6.528048e-11,2.763264e-08,-2.00984e-13,2.951316,0.3252628,1.265065e-05,7.157004e-12,3.453267e-10,-7.268876e-12,1.431744e-12,-2.421679e-14,6.567568e-12,2.950973e-12,3.580438e-12
7.173363e-06,2.97,2.97,0,0.004323282,2.463724,0.002712961,-5.162207e-11,2.485432e-08,1.998999e-13,2.951316,0.3252628,1.265051e-05,1.36599e-11,3.453229e-10,1.211337e-11,3.487211e-12,2.407638e-14,6.567742e-12,2.951417e-12,3.580455e-12
7.323363e-06,2.97,2.97,0,0.00430464,2.463724,0.002712957,1.317279e-10,2.29966e-08,-1.934968e-13,2.951316,0.3252628,1.265064e-05,1.22587e-11,3.453264e-10,-7.176114e-12,1.441514e-12,-2.389189e-14,6.567644e-12,2.950973e-12,3.580444e-12
7.473363e-06,2.97,2.97,0,0.004287505,2.463724,0.002712951,-6.903319e-11,2.060357e-08,1.969792e-13,2.951316,0.3252628,1.265061e-05,1.636011e-11,3.453258e-10,1.206111e-11,3.481881e-12,2.390239e-14,6.567562e-12,2.950973e-12,3.580196e-12
7.623363e-06,2.97,2.97,0,0.004269011,2.463723,0.002712947,-1.441273e-11,1.846887e-08,-2.035405e-13,2.951316,0.3252628,1.265059e-05,1.396291e-11,3.453251e-10,-7.153595e-12,1.443956e-12,-2.402684e-14,6.567754e-12,2.951417e-12,3.580433e-12
7.773363e-06,2.97,2.97,0,0.004252024,2.463723,0.002712942,-1.028328e-11,1.636413e-08,2.011021e-13,2.951316,0.3252628,1.265076e-05,3.533391e-11,3.453297e-10,1.20582e-11,3.481215e-12,2.398299e-14,6.567748e-12,2.950973e-12,3.580505e-12
7.923363e-06,2.97,2.97,0,0.004233677,2.463723,0.002712937,-5.648613e-12,1.415703e-08,-2.025278e-13,2.951316,0.3252628,1.265063e-05,2.115678e-11,3.453264e-10,-7.163001e-12,1.443068e-12,-2.399338e-14,6.56753e-12,2.951417e-12,3.580443e-12
8.073363e-06,2.97,2.97,0,0.004216837,2.463723,0.002712933,-4.620571e-11,1.214822e-08,1.982828e-13,2.951316,0.3252628,1.265065e-05,2.977373e-11,3.453267e-10,1.207948e-11,3.483658e-12,2.397195e-14,6.567677e-12,2.950973e-12,3.580243e-12
8.223363e-06,2.97,2.97,0,0.004198635,2.463722,0.002712928,-2.930536e-12,9.871765e-09,-2.023844e-13,2.951316,0.3252628,1.265065e-05,2.362113e-11,3.453269e-10,-7.189857e-12,1.439959e-12,-2.405697e-14,6.567798e-12,2.951417e-12,3.580446e-12
8.373363e-06,2.97,2.97,0,0.00418194,2.463722,0.002712924,2.571418e-11,7.898179e-09,2.036649e-13,2.951316,0.3252628,1.265051e-05,2.073683e-11,3.45323e-10,1.211083e-11,3.487211e-12,2.410768e-14,6.567799e-12,2.950973e-12,3.580423e-12
8.523363e-06,2.97,2.97,0,0.004163883,2.463722,0.002712919,-5.837792e-11,5.622686e-09,-2.067683e-13,2.951316,0.3252628,1.265066e-05,2.096117e-11,3.45327e-10,-7.224714e-12,1.436185e-12,-2.418679e-14,6.567514e-12,2.951417e-12,3.580457e-12
8.673363e-06,2.97,2.97,0,0.004147332,2.463722,0.002712915,-1.973189e-12,3.706465e-09,2.020637e-13,2.951316,0.3252628,1.265051e-05,1.079041e-11,3.45323e-10,1.214875e-11,3.490985e-12,2.419877e-14,6.567504e-12,2.950973e-12,3.580423e-12
8.823363e-06,2.97,2.97,0,0.004129418,2.463721,0.00271291,-1.005228e-10,1.436485e-09,-2.102418e-13,2.951316,0.3252628,1.265064e-05,1.580412e-11,3.453266e-10,-7.26528e-12,1.431966e-12,-2.430638e-14,6.567503e-12,2.951417e-12,3.580457e-12
8.973363e-06,2.97,2.97,0,0.004113009,2.463721,0.002712906,-1.058688e-11,-4.270573e-10,2.01503e-13,2.951316,0.3252628,1.265063e-05,2.54632e-11,3.453262e-10,1.218914e-11,3.494982e-12,2.427918e-14,6.567642e-12,2.950973e-12,3.5802e-12
9.123363e-06,2.97,2.97,0,0.004095231,2.463721,0.002712901,-4.071216e-12,-2.687253e-09,-2.033336e-13,2.951316,0.3252628,1.265061e-05,7.188777e-12,3.453257e-10,-7.305893e-12,1.427747e-12,-2.433979e-14,6.567459e-12,2.950973e-12,3.580433e-12
9.273363e-06,2.97,2.97,0,0.004078764,2.463721,0.002712897,7.212556e-11,-4.589474e-09,2.083243e-13,2.951316,0.3252628,1.26506e-05,1.215801e-11,3.453254e-10,1.223173e-11,3.499423e-12,2.444206e-14,6.567463e-12,2.950973e-12,3.580175e-12
9.423363e-06,2.97,2.97,0,0.004069854,2.463721,0.002712897,2.309216e-10,-4.96312e-09,-1.845207e-13,2.951316,0.3252628,1.265062e-05,2.086312e-11,3.453259e-10,-7.284358e-12,1.430411e-12,-2.416137e-14,6.567762e-12,2.950973e-12,3.58046e-12
9.573363e-06,2.97,2.97,0,0.004476244,2.463719,0.002712856,-1.032945e-08,-2.19052e-08,-6.830309e-13,2.951316,0.3252628,1.26506e-05,2.916253e-11,3.453254e-10,7.446415e-12,2.992051e-12,6.717944e-15,6.567592e-12,2.950973e-12,3.580192e-12
9.659963e-06,2.97,2.97,0,0.004463266,2.463726,0.002713009,-8.447887e-11,4.277295e-08,6.686331e-14,2.951316,0.3252628,1.265045e-05,2.145493e-11,3.453213e-10,5.568101e-12,2.793099e-12,7.726704e-15,6.565951e-12,2.951417e-12,3.580201e-12
9.739221e-06,2.97,2.97,0,0.004455084,2.463726,0.002713012,3.451174e-10,4.414884e-08,-3.022863e-14,2.951316,0.3252628,1.265038e-05,1.00447e-11,3.453195e-10,1.364637e-13,2.217337e-12,-5.593926e-15,6.567326e-12,2.951417e-12,3.580351e-12
9.871717e-06,2.97,2.97,0,0.004437079,2.463726,0.002712996,-3.164311e-10,3.734113e-08,1.975118e-14,2.951316,0.3252628,1.265029e-05,4.954547e-13,3.453171e-10,4.203399e-12,2.648104e-12,4.17307e-15,6.567453e-12,2.950973e-12,3.580374e-12
1.002172e-05,2.97,2.97,0,0.004420385,2.463726,0.002713,2.158562e-10,3.885463e-08,-1.979015e-14,2.951316,0.3252628,1.265042e-05,6.04153e-12,3.453207e-10,1.079564e-12,2.317035e-12,-3.327719e-15,6.567725e-12,2.951417e-12,3.580395e-12
1.017172e-05,2.97,2.97,0,0.004400336,2.463725,0.002712987,-2.318723e-10,3.361527e-08,1.171321e-14,2.951316,0.3252628,1.265053e-05,1.521377e-11,3.453236e-10,3.52462e-12,2.576384e-12,2.526188e-15,6.567536e-12,2.951417e-12,3.580393e-12
1.032172e-05,2.97,2.97,0,0.004383817,2.463725,0.002712987,9.913473e-11,3.370973e-08,-1.71862e-14,2.951316,0.3252628,1.265061e-05,1.112909e-11,3.453258e-10,1.613402e-12,2.372991e-12,-2.021082e-15,6.567584e-12,2.951417e-12,3.580438e-12
1.047172e-05,2.97,2.97,0,0.004363906,2.463725,0.002712977,-1.965792e-10,2.956294e-08,5.368577e-15,2.951316,0.3252628,1.265066e-05,8.509099e-12,3.453269e-10,3.098403e-12,2.531086e-12,1.462852e-15,6.567424e-12,2.950973e-12,3.580418e-12
1.062172e-05,2.97,2.97,0,0.004347547,2.463725,0.002712976,5.016307e-11,2.892897e-08,-1.321641e-14,2.951316,0.3252628,1.265067e-05,1.284164e-11,3.453275e-10,1.963205e-12,2.410738e-12,-1.175621e-15,6.567722e-12,2.951417e-12,3.580436e-12
1.077172e-05,2.97,2.97,0,0.00432778,2.463724,0.002712967,-8.448538e-11,2.534235e-08,7.482326e-15,2.951316,0.3252628,1.265068e-05,2.145134e-11,3.453277e-10,2.801248e-12,2.499556e-12,7.886518e-16,6.567562e-12,2.950973e-12,3.58043e-12
1.092172e-05,2.97,2.97,0,0.004311574,2.463724,0.002712965,8.742457e-11,2.438052e-08,-4.981722e-15,2.951316,0.3252628,1.265071e-05,1.997436e-11,3.453284e-10,2.223549e-12,2.438272e-12,-5.05644e-16,6.567484e-12,2.950973e-12,3.580441e-12
1.107172e-05,2.97,2.97,0,0.004291954,2.463724,0.002712957,-1.223015e-10,2.107941e-08,-4.508149e-16,2.951316,0.3252628,1.265078e-05,2.668119e-11,3.453303e-10,2.569227e-12,2.474909e-12,1.842436e-16,6.567737e-12,2.950973e-12,3.580467e-12
1.122172e-05,2.97,2.97,0,0.004275899,2.463723,0.002712955,-1.185713e-11,1.991027e-08,-7.730684e-15,2.951316,0.3252628,1.265081e-05,2.841029e-11,3.45331e-10,2.438828e-12,2.461142e-12,-5.976635e-17,6.567829e-12,2.950973e-12,3.580487e-12
1.137172e-05,2.97,2.97,0,0.004256426,2.463723,0.002712947,-1.22379e-10,1.675744e-08,-4.874228e-15,2.951316,0.3252628,1.265062e-05,1.952244e-11,3.453261e-10,2.367579e-12,2.453593e-12,-2.860031e-16,6.56769e-12,2.950973e-12,3.580468e-12
1.152172e-05,2.97,2.97,0,0.004240518,2.463723,0.002712945,5.916573e-11,1.553161e-08,1.828126e-15,2.951316,0.3252628,1.265062e-05,1.223738e-11,3.453259e-10,2.631371e-12,2.481793e-12,4.881177e-16,6.567651e-12,2.950973e-12,3.580205e-12
1.167172e-05,2.97,2.97,0,0.004221192,2.463723,0.002712938,-1.36848e-10,1.247243e-08,-1.00142e-14,2.951316,0.3252628,1.265061e-05,2.474764e-11,3.453258e-10,2.181131e-12,2.433609e-12,-7.649528e-16,6.56762e-12,2.950973e-12,3.580459e-12
1.182172e-05,2.97,2.97,0,0.004205429,2.463722,0.002712936,5.288472e-11,1.120951e-08,5.303391e-15,2.951316,0.3252628,1.265062e-05,2.320931e-11,3.453261e-10,2.811912e-12,2.500444e-12,9.177091e-16,6.567532e-12,2.950973e-12,3.58019e-12
1.197172e-05,2.97,2.97,0,0.004186249,2.463722,0.00271293,-2.389495e-11,8.242674e-09,-5.197808e-15,2.951316,0.3252628,1.265062e-05,2.239878e-11,3.453261e-10,2.003503e-12,2.414513e-12,-1.129617e-15,6.567518e-12,2.950973e-12,3.580436e-12
1.212172e-05,2.97,2.97,0,0.00417063,2.463722,0.002712927,1.903821e-10,6.983428e-09,1.928901e-14,2.951316,0.3252628,1.265074e-05,2.468053e-11,3.453291e-10,2.987759e-12,2.519762e-12,1.495693e-15,6.567711e-12,2.950973e-12,3.580483e-12
1.227172e-05,2.97,2.97,0,0.004151593,2.463722,0.002712921,8.338078e-11,4.050847e-09,-7.226707e-16,2.951316,0.3252628,1.265057e-05,9.68774e-12,3.453248e-10,1.830671e-12,2.396749e-12,-1.514581e-15,6.567605e-12,2.950973e-12,3.580431e-12
1.242172e-05,2.97,2.97,0,0.004136101,2.463722,0.002712919,7.312303e-11,2.827056e-09,1.40263e-14,2.951316,0.3252628,1.265071e-05,1.736049e-11,3.453285e-10,3.15992e-12,2.537304e-12,1.802578e-15,6.567768e-12,2.951417e-12,3.580494e-12
1.257172e-05,2.97,2.97,0,0.004116995,2.463721,0.002712912,-8.274455e-11,-1.061031e-10,-1.706512e-14,2.951316,0.3252628,1.26506e-05,1.873381e-11,3.453254e-10,1.659384e-12,2.377876e-12,-2.00045e-15,6.567584e-12,2.950973e-12,3.580458e-12
1.272172e-05,2.97,2.97,0,0.004168225,2.463723,0.002712942,1.525584e-09,1.273027e-08,1.378281e-13,2.951316,0.3252628,1.265051e-05,1.776202e-11,3.453229e-10,3.795283e-12,2.605027e-12,4.239075e-15,6.567544e-12,2.950973e-12,3.580441e-12
1.287172e-05,2.97,2.97,0,0.004473348,2.46373,0.002713091,4.581629e-09,7.527146e-08,6.060429e-13,2.951316,0.3252628,1.265063e-05,1.35088e-11,3.453264e-10,1.426379e-11,3.714806e-12,3.198996e-14,6.567463e-12,2.951417e-12,3.580447e-12
1.29187e-05,2.97,2.97,0,0.004468353,2.463727,0.002713023,3.51106e-10,4.660502e-08,-2.790161e-13,2.951316,0.3252628,1.265058e-05,1.04901e-11,3.45325e-10,-1.158273e-11,9.743317e-13,-3.483774e-14,6.565966e-12,2.951417e-12,3.580388e-12
1.298177e-05,2.97,2.97,0,0.004459118,2.463726,0.002713009,-3.486658e-10,4.065154e-08,2.506805e-13,2.951316,0.3252628,1.265047e-05,8.164123e-12,3.45322e-10,1.521422e-11,3.815837e-12,3.161465e-14,6.567277e-12,2.951861e-12,3.580363e-12
1.313038e-05,2.97,2.97,0,0.004442227,2.463726,0.00271301,7.616254e-11,4.135168e-08,-2.649838e-13,2.951316,0.3252628,1.265047e-05,6.747628e-12,3.45322e-10,-1.001628e-11,1.140199e-12,-3.109097e-14,6.567487e-12,2.951417e-12,3.580404e-12
1.328038e-05,2.97,2.97,0,0.00442238,2.463725,0.002712999,-1.622377e-10,3.679198e-08,2.52738e-13,2.951316,0.3252628,1.265061e-05,1.642721e-11,3.453258e-10,1.468897e-11,3.759881e-12,3.040631e-14,6.567518e-12,2.950973e-12,3.580442e-12
1.343038e-05,2.97,2.97,0,0.004405468,2.463725,0.002712998,-6.549321e-11,3.640292e-08,-2.658022e-13,2.951316,0.3252628,1.265071e-05,1.268456e-11,3.453285e-10,-9.599686e-12,1.184608e-12,-3.012959e-14,6.567511e-12,2.950973e-12,3.580457e-12
1.358038e-05,2.97,2.97,0,0.004385774,2.463725,0.002712988,-1.801885e-10,3.262395e-08,2.432606e-13,2.951316,0.3252628,1.265068e-05,2.980509e-11,3.453277e-10,1.434393e-11,3.723244e-12,2.954405e-14,6.567678e-12,2.950973e-12,3.580219e-12
1.373038e-05,2.97,2.97,0,0.004369013,2.463725,0.002712986,7.109287e-11,3.175395e-08,-2.485789e-13,2.951316,0.3252628,1.265066e-05,1.392563e-11,3.453271e-10,-9.306065e-12,1.21525e-12,-2.93017e-14,6.567662e-12,2.950973e-12,3.58048e-12
1.388038e-05,2.97,2.97,0,0.004349471,2.463724,0.002712978,-7.889937e-11,2.830968e-08,2.447812e-13,2.951316,0.3252628,1.265057e-05,2.245741e-11,3.453245e-10,1.408904e-11,3.696377e-12,2.894396e-14,6.567629e-12,2.950973e-12,3.580452e-12
1.403038e-05,2.97,2.97,0,0.00433286,2.463724,0.002712976,-2.371519e-11,2.718378e-08,-2.502422e-13,2.951316,0.3252628,1.26507e-05,2.193587e-11,3.453281e-10,-9.073728e-12,1.240119e-12,-2.879923e-14,6.567491e-12,2.950973e-12,3.58047e-12
1.418038e-05,2.97,2.97,0,0.004313468,2.463724,0.002712968,-8.07986e-11,2.398349e-08,2.393724e-13,2.951316,0.3252628,1.265053e-05,1.037159e-11,3.453237e-10,1.387528e-11,3.67395e-12,2.84429e-14,6.567643e-12,2.951417e-12,3.580419e-12
1.433038e-05,2.97,2.97,0,0.004297006,2.463724,0.002712965,7.631519e-11,2.277062e-08,-2.378567e-13,2.951316,0.3252628,1.265069e-05,2.450439e-11,3.453278e-10,-8.874599e-12,1.261435e-12,-2.819456e-14,6.567807e-12,2.950973e-12,3.580485e-12
1.448038e-05,2.97,2.97,0,0.004277764,2.463723,0.002712958,-8.259639e-11,1.96444e-08,2.346647e-13,2.951316,0.3252628,1.265057e-05,2.654654e-11,3.453245e-10,1.36836e-11,3.653522e-12,2.797948e-14,6.567628e-12,2.950973e-12,3.580432e-12
1.463038e-05,2.97,2.97,0,0.004261449,2.463723,0.002712955,8.337576e-11,1.833739e-08,-2.325715e-13,2.951316,0.3252628,1.265058e-05,1.521876e-11,3.45325e-10,-8.687125e-12,1.280753e-12,-2.771195e-14,6.567702e-12,2.950973e-12,3.580195e-12
1.478038e-05,2.97,2.97,0,0.004242354,2.463723,0.002712948,-3.363573e-11,1.532184e-08,2.337413e-13,2.951316,0.3252628,1.26506e-05,3.541381e-11,3.453256e-10,1.350151e-11,3.633982e-12,2.756691e-14,6.567774e-12,2.950973e-12,3.580467e-12
1.493038e-05,2.97,2.97,0,0.004226186,2.463723,0.002712946,-1.350263e-11,1.405289e-08,-2.355454e-13,2.951316,0.3252628,1.265073e-05,3.054949e-11,3.45329e-10,-8.508547e-12,1.300293e-12,-2.735508e-14,6.567601e-12,2.950973e-12,3.580494e-12
1.508038e-05,2.97,2.97,0,0.004207237,2.463722,0.002712939,-1.095699e-10,1.108646e-08,2.237415e-13,2.951316,0.3252628,1.265062e-05,2.88661e-11,3.45326e-10,1.332571e-11,3.615552e-12,2.704518e-14,6.567608e-12,2.950973e-12,3.580458e-12
1.523038e-05,2.97,2.97,0,0.004191213,2.463722,0.002712937,2.194694e-11,9.833561e-09,-2.284482e-13,2.951316,0.3252628,1.265049e-05,1.588164e-11,3.453225e-10,-8.334256e-12,1.318501e-12,-2.690085e-14,6.567536e-12,2.950973e-12,3.580415e-12
1.538038e-05,2.97,2.97,0,0.004172408,2.463722,0.00271293,-5.573428e-11,6.846502e-09,2.233704e-13,2.951316,0.3252628,1.265061e-05,1.552212e-11,3.453258e-10,1.31522e-11,3.597123e-12,2.6645e-14,6.567575e-12,2.951417e-12,3.580441e-12
1.553038e-05,2.97,2.97,0,0.004156386,2.463722,0.002712928,2.121431e-11,5.586598e-09,-2.243965e-13,2.951316,0.3252628,1.265071e-05,2.020259e-11,3.453285e-10,-8.162169e-12,1.336486e-12,-2.647964e-14,6.567741e-12,2.950973e-12,3.58045e-12
1.568038e-05,2.97,2.97,0,0.004137576,2.463721,0.002712922,-5.970495e-11,2.654225e-09,2.189724e-13,2.951316,0.3252628,1.265051e-05,1.779967e-11,3.453231e-10,1.298233e-11,3.578915e-12,2.623128e-14,6.567481e-12,2.950973e-12,3.58038e-12
1.583038e-05,2.97,2.97,0,0.004968137,2.463735,0.0027132,7.490542e-09,1.199118e-07,3.214357e-13,2.951316,0.3252628,1.265063e-05,2.148965e-11,3.453262e-10,-9.139887e-12,1.23368e-12,-2.479783e-14,6.567561e-12,2.950973e-12,3.58045e-12
1.592667e-05,2.97,2.97,0,0.004539454,2.463727,0.002713032,-6.746806e-10,4.928041e-08,-4.739002e-14,2.951316,0.3252628,1.265064e-05,1.401292e-11,3.453265e-10,2.748436e-12,2.493561e-12,3.363432e-16,6.567751e-12,2.951417e-12,3.580307e-12
1.596818e-05,2.97,2.97,0,0.004534862,2.463727,0.002713035,-2.045215e-10,5.057409e-08,-3.489211e-14,2.951316,0.3252628,1.265051e-05,1.003427e-11,3.45323e-10,1.439306e-12,2.354783e-12,-2.63149e-15,6.565569e-12,2.950973e-12,3.580381e-12
1.603646e-05,2.97,2.97,0,0.004525821,2.463727,0.002713037,6.430192e-11,5.119696e-08,3.169703e-14,2.951316,0.3252628,1.265039e-05,1.842632e-12,3.453197e-10,3.829902e-12,2.608802e-12,3.482523e-15,6.56524e-12,2.950973e-12,3.580326e-12
1.618219e-05,2.97,2.97,0,0.004508048,2.463727,0.00271303,2.021482e-11,4.829238e-08,-2.722332e-14,2.951316,0.3252628,1.265035e-05,1.718903e-11,3.453186e-10,9.991896e-13,2.308598e-12,-3.597995e-15,6.567568e-12,2.950973e-12,3.580353e-12
1.633219e-05,2.97,2.97,0,0.004488895,2.463727,0.002713026,-2.939139e-11,4.641112e-08,2.723067e-14,2.951316,0.3252628,1.265048e-05,1.358312e-11,3.453221e-10,3.946848e-12,2.620792e-12,3.720759e-15,6.567747e-12,2.951417e-12,3.580392e-12
1.648219e-05,2.97,2.97,0,0.004470739,2.463726,0.00271302,-8.002206e-11,4.389625e-08,-3.620684e-14,2.951316,0.3252628,1.265056e-05,1.593406e-11,3.453242e-10,9.331192e-13,2.30127e-12,-3.852037e-15,6.567779e-12,2.950973e-12,3.580419e-12
1.663219e-05,2.97,2.97,0,0.004451744,2.463726,0.002713015,-3.256566e-11,4.169502e-08,2.748119e-14,2.951316,0.3252628,1.265063e-05,1.352568e-11,3.453262e-10,3.978694e-12,2.624123e-12,3.784848e-15,6.567657e-12,2.950973e-12,3.580433e-12
1.678219e-05,2.97,2.97,0,0.00443374,2.463726,0.002713009,-8.100958e-12,3.94502e-08,-3.084976e-14,2.951316,0.3252628,1.265068e-05,2.196374e-11,3.453275e-10,9.265975e-13,2.300382e-12,-3.810442e-15,6.567569e-12,2.950973e-12,3.580425e-12
1.693219e-05,2.97,2.97,0,0.004414899,2.463725,0.002713004,9.333891e-12,3.710343e-08,3.031503e-14,2.951316,0.3252628,1.26507e-05,2.670028e-11,3.453281e-10,3.968859e-12,2.623235e-12,3.770671e-15,6.567671e-12,2.950973e-12,3.580451e-12
1.708219e-05,2.97,2.97,0,0.004397047,2.463725,0.002712999,-3.055643e-12,3.496854e-08,-2.988076e-14,2.951316,0.3252628,1.265077e-05,2.98148e-11,3.453299e-10,9.47252e-13,2.302381e-12,-3.743172e-15,6.56753e-12,2.951417e-12,3.580471e-12
1.723219e-05,2.97,2.97,0,0.004378359,2.463725,0.002712993,-5.980922e-11,3.257205e-08,2.440736e-14,2.951316,0.3252628,1.26507e-05,2.837235e-11,3.453281e-10,3.938608e-12,2.620126e-12,3.651724e-15,6.56761e-12,2.950973e-12,3.580219e-12
1.738219e-05,2.97,2.97,0,0.004360658,2.463725,0.002712988,-5.516127e-11,3.051945e-08,-3.29806e-14,2.951316,0.3252628,1.265064e-05,1.926501e-11,3.453264e-10,9.828616e-13,2.306821e-12,-3.693185e-15,6.567746e-12,2.951417e-12,3.580447e-12
1.753219e-05,2.97,2.97,0,0.004342121,2.463724,0.002712983,-1.503405e-10,2.806867e-08,1.64579e-14,2.951316,0.3252628,1.265074e-05,2.950589e-11,3.453294e-10,3.900095e-12,2.615907e-12,3.486461e-15,6.567794e-12,2.950973e-12,3.580486e-12
1.768219e-05,2.97,2.97,0,0.00432457,2.463724,0.002712979,-7.343784e-11,2.607374e-08,-3.351605e-14,2.951316,0.3252628,1.265056e-05,2.770814e-11,3.453244e-10,1.025683e-12,2.31104e-12,-3.588346e-15,6.567623e-12,2.950973e-12,3.580419e-12
1.783219e-05,2.97,2.97,0,0.004306183,2.463724,0.002712973,-7.949936e-11,2.36668e-08,2.098582e-14,2.951316,0.3252628,1.265065e-05,1.645515e-11,3.453268e-10,3.855804e-12,2.611245e-12,3.460456e-15,6.567741e-12,2.950973e-12,3.58045e-12
1.798219e-05,2.97,2.97,0,0.004288781,2.463724,0.002712969,-3.093754e-11,2.17177e-08,-2.929808e-14,2.951316,0.3252628,1.265076e-05,4.159806e-11,3.453298e-10,1.069924e-12,2.315925e-12,-3.463269e-15,6.567834e-12,2.950973e-12,3.58048e-12
1.813219e-05,2.97,2.97,0,0.004270543,2.463723,0.002712963,-7.280107e-11,1.932127e-08,2.037291e-14,2.951316,0.3252628,1.265064e-05,3.554115e-11,3.453266e-10,3.80877e-12,2.606804e-12,3.326363e-15,6.567675e-12,2.950973e-12,3.580458e-12
1.828219e-05,2.97,2.97,0,0.004253288,2.463723,0.002712958,-2.430088e-11,1.739667e-08,-2.755271e-14,2.951316,0.3252628,1.265078e-05,1.771343e-11,3.453302e-10,1.116851e-12,2.32081e-12,-3.347466e-15,6.567495e-12,2.950973e-12,3.580502e-12
1.843219e-05,2.97,2.97,0,0.004235196,2.463723,0.002712953,-3.35887e-11,1.504268e-08,2.222821e-14,2.951316,0.3252628,1.26506e-05,9.805789e-12,3.453255e-10,3.76391e-12,2.601253e-12,3.246196e-15,6.567476e-12,2.951417e-12,3.580437e-12
1.858219e-05,2.97,2.97,0,0.004218086,2.463723,0.002712948,-4.156065e-11,1.312785e-08,-2.776726e-14,2.951316,0.3252628,1.265047e-05,1.800879e-11,3.453218e-10,1.164375e-12,2.326139e-12,-3.22597e-15,6.567517e-12,2.950973e-12,3.580419e-12
1.873219e-05,2.97,2.97,0,0.004200119,2.463722,0.002712944,-4.911898e-11,1.077251e-08,1.987196e-14,2.951316,0.3252628,1.265062e-05,2.014991e-11,3.453259e-10,3.715271e-12,2.596146e-12,3.12968e-15,6.567555e-12,2.950973e-12,3.580441e-12
1.888219e-05,2.97,2.97,0,0.004182941,2.463722,0.00271294,-2.348778e-12,8.896881e-09,-2.377669e-14,2.951316,0.3252628,1.26507e-05,2.213237e-11,3.453283e-10,1.210662e-12,2.331024e-12,-3.102036e-15,6.567533e-12,2.950973e-12,3.580443e-12
1.903219e-05,2.97,2.97,0,0.004257527,2.463724,0.002712981,1.884867e-09,2.601692e-08,1.7915e-13,2.951316,0.3252628,1.265068e-05,1.919111e-11,3.453276e-10,4.310228e-12,2.65965e-12,5.658633e-15,6.567462e-12,2.950973e-12,3.580215e-12
1.917079e-05,2.97,2.97,0,0.004537704,2.463731,0.002713127,5.176896e-09,8.759346e-08,7.005851e-13,2.951316,0.3252628,1.265042e-05,4.061059e-13,3.453206e-10,1.671927e-11,3.975265e-12,3.844098e-14,6.567192e-12,2.951417e-12,3.580328e-12
1.923669e-05,2.97,2.97,0,0.004528119,2.463728,0.002713049,3.367782e-10,5.484139e-08,-3.516837e-13,2.951316,0.3252628,1.265046e-05,4.400299e-13,3.453218e-10,-1.507816e-11,6.032952e-13,-4.358397e-14,6.566205e-12,2.951417e-12,3.580427e-12
1.933281e-05,2.97,2.97,0,0.004516801,2.463727,0.002713031,-3.799014e-10,4.739724e-08,3.230232e-13,2.951316,0.3252628,1.265057e-05,4.774774e-12,3.453247e-10,1.884997e-11,4.201306e-12,4.07063e-14,6.567592e-12,2.951417e-12,3.580359e-12
1.948281e-05,2.97,2.97,0,0.004497346,2.463727,0.002713035,2.54708e-10,4.918169e-08,-3.237291e-13,2.951316,0.3252628,1.265066e-05,1.857245e-11,3.45327e-10,-1.354152e-11,7.660539e-13,-3.974818e-14,6.567568e-12,2.950973e-12,3.580466e-12
1.963281e-05,2.97,2.97,0,0.004479423,2.463726,0.002713023,-1.661739e-10,4.402885e-08,3.234449e-13,2.951316,0.3252628,1.265054e-05,2.105015e-11,3.453239e-10,1.815833e-11,4.128253e-12,3.907707e-14,6.567756e-12,2.950973e-12,3.580422e-12
1.978281e-05,2.97,2.97,0,0.004460122,2.463726,0.002713022,7.739851e-11,4.369594e-08,-3.258567e-13,2.951316,0.3252628,1.26507e-05,2.181552e-11,3.453282e-10,-1.30586e-11,8.177903e-13,-3.868467e-14,6.567505e-12,2.950973e-12,3.58048e-12
1.993281e-05,2.97,2.97,0,0.004442354,2.463726,0.002713013,-1.458919e-10,4.009579e-08,3.170304e-13,2.951316,0.3252628,1.265056e-05,1.638658e-11,3.453243e-10,1.78283e-11,4.092948e-12,3.824898e-14,6.567546e-12,2.951417e-12,3.580406e-12
2.0005e-05,2.97,2.97,6e-05,0.004433116,2.463726,0.002713697,2.36391e-06,3.435121e-06,1.912357e-10,2.951316,0.3252634,1.425042e-05,3.377722e-06,4.011187e-10,2.362145e-12,2.386535e-12,9.053342e-12,6.42559e-12,2.86926e-12,1.75556e-11
2.0075e-05,2.97,2.97,0.0009,0.004424528,2.463726,0.002722896,2.301241e-05,5.068176e-05,1.756274e-09,2.951316,0.3252713,3.411486e-05,5.061039e-05,9.433871e-10,2.320942e-12,2.381872e-12,2.051989e-11,6.431371e-12,2.86926e-12,2.020486e-11
2.0225e-05,2.97,2.97,0.0027,0.004406181,2.463726,0.002741338,3.259532e-05,0.0001510777,2.482564e-09,2.951316,0.3252862,6.319682e-05,0.0001514837,1.737178e-09,2.337901e-12,2.382983e-12,2.583563e-11,6.450045e-12,2.86926e-12,2.406822e-11
2.0375e-05,2.97,2.97,0.0045,0.00438791,2.463727,0.002759104,3.345462e-05,0.0002512407,2.547716e-09,2.951316,0.3252988,8.024225e-05,0.0002520448,2.202494e-09,2.343419e-12,2.382983e-12,2.630844e-11,6.465567e-12,2.869704e-12,2.633468e-11
2.0525e-05,2.97,2.97,0.0063,0.004369714,2.463727,0.002776427,3.351707e-05,0.000351361,2.552421e-09,2.951317,0.3253093,9.023931e-05,0.0003524136,2.475337e-09,2.338576e-12,2.382539e-12,2.633917e-11,6.480703e-12,2.86926e-12,2.766676e-11
2.0675e-05,2.97,2.97,0.0081,0.004351595,2.463728,0.002793349,3.350592e-05,0.0004514565,2.551599e-09,2.951317,0.3253178,9.610816e-05,0.0004526606,2.635572e-09,2.354395e-12,2.384093e-12,2.632845e-11,6.496782e-12,2.869704e-12,2.844971e-11
2.0825e-05,2.97,2.97,0.0099,0.00433355,2.463728,0.002809891,3.348761e-05,0.000551529,2.550184e-09,2.951317,0.3253245,9.95571e-05,0.000552827,2.729674e-09,2.341944e-12,2.382317e-12,2.631401e-11,6.513564e-12,2.869704e-12,2.891183e-11
2.0975e-05,2.97,2.97,0.0117,0.00431558,2.463729,0.002826072,3.346797e-05,0.0006515792,2.548719e-09,2.951317,0.3253295,0.0001015869,0.0006529371,2.785118e-09,2.362054e-12,2.384315e-12,2.629834e-11,6.527305e-12,2.869704e-12,2.918386e-11
2.1125e-05,2.97,2.97,0.0135,0.004297685,2.463729,0.002841907,3.344772e-05,0.0007516074,2.547156e-09,2.951317,0.325333,0.0001027829,0.0007530052,2.817723e-09,2.345723e-12,2.382317e-12,2.628248e-11,6.537215e-12,2.870149e-12,2.934538e-11
2.1275e-05,2.97,2.97,0.0153,0.004279863,2.46373,0.002857415,3.342682e-05,0.0008516138,2.545596e-09,2.951317,0.3253351,0.000103488,0.0008530398,2.837006e-09,2.367493e-12,2.384759e-12,2.626592e-11,6.549453e-12,2.870149e-12,2.943963e-11
2.1425e-05,2.97,2.97,0.0171,0.004262115,2.46373,0.00287261,3.340558e-05,0.0009515986,2.543958e-09,2.951317,0.3253358,0.0001039033,0.000953046,2.848303e-09,2.349285e-12,2.38165e-12,2.624931e-11,6.560722e-12,2.870149e-12,2.949563e-11
2.1575e-05,2.97,2.97,0.0189,0.00424444,2.46373,0.002887507,3.338375e-05,0.001051562,2.542327e-09,2.951317,0.3253353,0.0001041466,0.001053027,2.854979e-09,2.374274e-12,2.384315e-12,2.623193e-11,6.570521e-12,2.869704e-12,2.952693e-11
2.1725e-05,2.97,2.97,0.0207,0.00422683,2.463731,0.002902119,3.336155e-05,0.001151504,2.540617e-09,2.951317,0.3253337,0.0001042865,0.001152984,2.858758e-09,2.353066e-12,2.382095e-12,2.621462e-11,6.578223e-12,2.869704e-12,2.954482e-11
2.1875e-05,2.97,2.97,0.0225,0.004209098,2.463731,0.00291646,3.333891e-05,0.001251425,2.538924e-09,2.951317,0.325331,0.0001043642,0.001252918,2.860914e-09,2.378584e-12,2.384315e-12,2.619662e-11,6.587424e-12,2.870149e-12,2.955267e-11
2.2025e-05,2.97,2.97,0.0243,0.00421021,2.463732,0.00293055,3.331629e-05,0.00135133,2.537186e-09,2.951317,0.3253272,0.000104403,0.001352831,2.861933e-09,2.48943e-12,2.396083e-12,2.617919e-11,6.593571e-12,2.870149e-12,2.955564e-11
2.2175e-05,2.97,2.97,0.0261,0.004594272,2.463734,0.00294442,3.328744e-05,0.001451225,2.535057e-09,2.951317,0.3253226,0.0001044172,0.001452723,2.862356e-09,4.129556e-12,2.569722e-12,2.616175e-11,6.601156e-12,2.870593e-12,2.955344e-11
2.225336e-05,2.97,2.97,0.02704034,0.004582868,2.463738,0.002951627,3.328025e-05,0.001503427,2.5345e-09,2.951317,0.3253198,0.0001044176,0.001504899,2.862329e-09,4.807508e-12,2.641221e-12,2.615684e-11,6.60282e-12,2.870149e-12,2.955202e-11
2.232264e-05,2.97,2.97,0.02787165,0.00457497,2.463739,0.00295788,3.326933e-05,0.001549544,2.533598e-09,2.951317,0.3253171,0.000104415,0.001551021,2.862295e-09,1.925097e-13,2.151834e-12,2.613628e-11,6.605032e-12,2.870593e-12,2.95492e-11
2.24539e-05,2.97,2.97,0.02944676,0.004557432,2.463739,0.002969589,3.324809e-05,0.001636908,2.53205e-09,2.951317,0.3253116,0.0001044041,0.001638397,2.861958e-09,4.373598e-12,2.595257e-12,2.613039e-11,6.610895e-12,2.870593e-12,2.954434e-11
2.26039e-05,2.97,2.97,0.03124676,0.004539476,2.463739,0.002982774,3.322409e-05,0.001736731,2.530172e-09,2.951317,0.3253046,0.0001043835,0.001738229,2.861432e-09,4.945146e-13,2.183809e-12,2.610142e-11,6.618067e-12,2.869704e-12,2.953594e-11
2.27539e-05,2.97,2.97,0.03304676,0.004519705,2.463739,0.002995744,3.319939e-05,0.00183653,2.528351e-09,2.951317,0.3252969,0.0001043569,0.001838041,2.860666e-09,4.153169e-12,2.571499e-12,2.609149e-11,6.618171e-12,2.870593e-12,2.952723e-11
2.29039e-05,2.97,2.97,0.03484676,0.004501915,2.46374,0.003008519,3.317477e-05,0.001936312,2.526434e-09,2.951317,0.3252885,0.0001043249,0.001937833,2.859828e-09,6.853771e-13,2.203793e-12,2.606309e-11,6.623967e-12,2.870149e-12,2.951623e-11
2.30539e-05,2.97,2.97,0.03664676,0.004482292,2.46374,0.003021097,3.314959e-05,0.002036072,2.524569e-09,2.951317,0.3252795,0.0001042883,0.002037605,2.858789e-09,3.99539e-12,2.554623e-12,2.60519e-11,6.627322e-12,2.870149e-12,2.950533e-11
2.32039e-05,2.97,2.97,0.03844676,0.004464662,2.463741,0.003033495,3.312455e-05,0.002135814,2.522627e-09,2.951317,0.3252699,0.0001042481,0.002137357,2.857728e-09,8.305667e-13,2.218892e-12,2.6024e-11,6.630904e-12,2.870149e-12,2.949256e-11
2.33539e-05,2.97,2.97,0.04024676,0.004445191,2.463741,0.003045714,3.30991e-05,0.002235534,2.520736e-09,2.951317,0.3252597,0.0001042044,0.00223709,2.856495e-09,3.868484e-12,2.540634e-12,2.601184e-11,6.636383e-12,2.870149e-12,2.947976e-11
2.35039e-05,2.97,2.97,0.04204676,0.004427716,2.463741,0.003057765,3.307358e-05,0.002335237,2.518763e-09,2.951317,0.3252491,0.0001041575,0.002336802,2.855251e-09,9.544081e-13,2.231326e-12,2.598419e-11,6.639272e-12,2.870593e-12,2.946489e-11
2.36539e-05,2.97,2.97,0.04384676,0.004408398,2.463742,0.003069651,3.304763e-05,0.002434918,2.516828e-09,2.951318,0.325238,0.0001041078,0.002436495,2.853854e-09,3.756621e-12,2.528422e-12,2.597107e-11,6.641238e-12,2.870149e-12,2.945084e-11
2.38039e-05,2.97,2.97,0.04564676,0.004391076,2.463742,0.003081384,3.302182e-05,0.002534582,2.514838e-09,2.951318,0.3252264,0.0001040554,0.002536169,2.852461e-09,1.064751e-12,2.242873e-12,2.594374e-11,6.642856e-12,2.870149e-12,2.943456e-11
2.39539e-05,2.97,2.97,0.04744676,0.004371909,2.463742,0.003092964,3.299559e-05,0.002634225,2.512878e-09,2.951318,0.3252144,0.0001040008,0.002635823,2.850931e-09,3.653281e-12,2.517098e-12,2.592989e-11,6.643346e-12,2.870149e-12,2.941924e-11
2.41039e-05,2.97,2.97,0.04924676,0.004354738,2.463743,0.003104401,3.296946e-05,0.00273385,2.510868e-09,2.951318,0.3252021,0.0001039439,0.002735459,2.849413e-09,1.170911e-12,2.253531e-12,2.590283e-11,6.645971e-12,2.870149e-12,2.940186e-11
2.42539e-05,2.97,2.97,0.05104676,0.004335722,2.463743,0.003115696,3.294313e-05,0.002833454,2.508896e-09,2.951318,0.3251894,0.0001038846,0.002835075,2.847755e-09,3.553817e-12,2.506662e-12,2.58884e-11,6.647369e-12,2.870149e-12,2.938491e-11
2.44039e-05,2.97,2.97,0.05284676,0.004318701,2.463744,0.00312686,3.291655e-05,0.002933041,2.506857e-09,2.951318,0.3251764,0.0001038232,0.002934672,2.846113e-09,1.272378e-12,2.264411e-12,2.586147e-11,6.647218e-12,2.870593e-12,2.936643e-11
2.45539e-05,2.97,2.97,0.05464676,0.004299835,2.463744,0.003137892,3.288996e-05,0.003032608,2.50486e-09,2.951318,0.3251631,0.0001037598,0.00303425,2.844344e-09,3.456844e-12,2.496003e-12,2.584633e-11,6.648714e-12,2.870149e-12,2.93485e-11
2.47039e-05,2.97,2.97,0.05644676,0.004282961,2.463744,0.003148802,3.286332e-05,0.003132157,2.502821e-09,2.951318,0.3251495,0.0001036945,0.003133809,2.842598e-09,1.371839e-12,2.275291e-12,2.581991e-11,6.651367e-12,2.870593e-12,2.932891e-11
2.48539e-05,2.97,2.97,0.05824676,0.004264241,2.463745,0.003159588,3.283661e-05,0.003231687,2.500811e-09,2.951318,0.3251357,0.0001036277,0.00323335,2.840735e-09,3.361126e-12,2.486011e-12,2.580415e-11,6.649891e-12,2.870149e-12,2.931004e-11
2.50039e-05,2.97,2.97,0.06004676,0.004247421,2.463745,0.003170262,3.280982e-05,0.003331199,2.498765e-09,2.951318,0.3251216,0.0001035595,0.003332872,2.838909e-09,1.47051e-12,2.285727e-12,2.577807e-11,6.649398e-12,2.871037e-12,2.928997e-11
2.51539e-05,2.97,2.97,0.06184676,0.00422864,2.463745,0.00318082,3.278273e-05,0.003430691,2.496721e-09,2.951318,0.3251072,0.0001034898,0.003432375,2.836967e-09,3.265397e-12,2.475575e-12,2.576151e-11,6.649962e-12,2.870593e-12,2.927029e-11
2.53039e-05,2.97,2.97,0.06364676,0.005028121,2.463764,0.003191648,3.27711e-05,0.003530325,2.495918e-09,2.951318,0.3250927,0.0001034184,0.00353186,2.835054e-09,5.767541e-12,2.740697e-12,2.575511e-11,6.651503e-12,2.870593e-12,2.924922e-11
2.542856e-05,2.97,2.97,0.06514276,0.004582683,2.46375,0.003199958,3.273102e-05,0.003612861,2.492431e-09,2.951318,0.3250805,0.0001033579,0.00361453,2.833363e-09,-1.385635e-11,6.599166e-13,2.567737e-11,6.651204e-12,2.871037e-12,2.923221e-11
2.548169e-05,2.97,2.97,0.06578026,0.004577253,2.463751,0.003203629,3.272325e-05,0.003648092,2.492569e-09,2.951318,0.3250753,0.0001033319,0.003649754,2.83269e-09,1.883839e-11,4.126699e-12,2.575485e-11,6.651489e-12,2.870593e-12,2.922425e-11
2.561594e-05,2.97,2.97,0.06739129,0.00455901,2.463752,0.003212797,3.269983e-05,0.003737093,2.490075e-09,2.951318,0.3250619,0.0001032657,0.00373876,2.830847e-09,-1.349088e-11,6.981082e-13,2.565317e-11,6.647022e-12,2.870149e-12,2.920571e-11
2.576594e-05,2.97,2.97,0.06919129,0.004541354,2.463752,0.003222927,3.26722e-05,0.003836508,2.488676e-09,2.951318,0.3250468,0.0001031906,0.003838189,2.82883e-09,1.794988e-11,4.032552e-12,2.571234e-11,6.645532e-12,2.870593e-12,2.918355e-11
2.591594e-05,2.97,2.97,0.07099129,0.004521275,2.463752,0.003232975,3.264538e-05,0.003935911,2.485957e-09,2.951318,0.3250316,0.0001031141,0.0039376,2.826704e-09,-1.293645e-11,7.56728e-13,2.561182e-11,6.644624e-12,2.870593e-12,2.916219e-11
2.606594e-05,2.97,2.97,0.07279129,0.004503773,2.463753,0.003242923,3.261776e-05,0.004035291,2.484537e-09,2.951318,0.3250163,0.0001030367,0.004036993,2.824625e-09,1.75841e-11,3.994138e-12,2.566856e-11,6.646895e-12,2.871037e-12,2.913928e-11
2.621594e-05,2.97,2.97,0.07459129,0.004483852,2.463753,0.003252787,3.259065e-05,0.004134657,2.481812e-09,2.951318,0.3250008,0.0001029585,0.004136368,2.822452e-09,-1.270056e-11,7.81597e-13,2.556944e-11,6.644561e-12,2.870593e-12,2.911759e-11
2.636594e-05,2.97,2.97,0.07639129,0.004466504,2.463753,0.003262561,3.256338e-05,0.004234003,2.480409e-09,2.951318,0.3249852,0.000102879,0.004235725,2.820315e-09,1.744566e-11,3.979261e-12,2.562547e-11,6.645302e-12,2.870149e-12,2.909423e-11
2.651594e-05,2.97,2.97,0.07819129,0.004446738,2.463754,0.003272252,3.253608e-05,0.004333332,2.477675e-09,2.951318,0.3249695,0.0001027989,0.004335065,2.818093e-09,-1.262514e-11,7.898127e-13,2.552675e-11,6.641095e-12,2.870149e-12,2.907207e-11
2.666594e-05,2.97,2.97,0.07999129,0.004429544,2.463754,0.003281861,3.250861e-05,0.004432643,2.476253e-09,2.951318,0.3249537,0.0001027182,0.004434387,2.815923e-09,1.74188e-11,3.975487e-12,2.558232e-11,6.639956e-12,2.871037e-12,2.904838e-11
2.681594e-05,2.97,2.97,0.08179129,0.004409931,2.463754,0.003291391,3.248125e-05,0.004531937,2.473517e-09,2.951318,0.3249379,0.0001026365,0.004533691,2.813657e-09,-1.26298e-11,7.891465e-13,2.548362e-11,6.641643e-12,2.870593e-12,2.902545e-11
2.696594e-05,2.97,2.97,0.08359129,0.004392889,2.463754,0.003300843,3.245398e-05,0.004631213,2.472109e-09,2.951318,0.3249219,0.0001025542,0.004632978,2.811443e-09,1.744778e-11,3.978595e-12,2.55395e-11,6.638561e-12,2.870149e-12,2.900157e-11
2.711594e-05,2.97,2.97,0.08539129,0.004373428,2.463755,0.00331022,3.242647e-05,0.004730472,2.469362e-09,2.951318,0.3249059,0.0001024712,0.004732248,2.809141e-09,-1.267111e-11,7.844836e-13,2.544048e-11,6.638538e-12,2.870593e-12,2.897844e-11
2.726594e-05,2.97,2.97,0.08719129,0.004356538,2.463755,0.003319524,3.239916e-05,0.004829714,2.467951e-09,2.951319,0.3248898,0.0001023874,0.0048315,2.806888e-09,1.750124e-11,3.98459e-12,2.549653e-11,6.635909e-12,2.871037e-12,2.895399e-11
2.741594e-05,2.97,2.97,0.08899129,0.004337228,2.463755,0.003328756,3.237171e-05,0.004928938,2.465208e-09,2.951319,0.3248737,0.000102303,0.004930736,2.804547e-09,-1.273107e-11,7.776002e-13,2.539731e-11,6.63363e-12,2.871037e-12,2.893043e-11
2.756594e-05,2.97,2.97,0.09079129,0.004320487,2.463756,0.003337919,3.234432e-05,0.005028146,2.463792e-09,2.951319,0.3248575,0.0001022182,0.005029954,2.802265e-09,1.756919e-11,3.991696e-12,2.545361e-11,6.633895e-12,2.870593e-12,2.890571e-11
2.771594e-05,2.97,2.97,0.09259129,0.004301325,2.463756,0.003347013,3.231685e-05,0.005127336,2.461046e-09,2.951319,0.3248412,0.0001021328,0.005129155,2.799899e-09,-1.280156e-11,7.709389e-13,2.535402e-11,6.632101e-12,2.870593e-12,2.88821e-11
2.786594e-05,2.97,2.97,0.09439129,0.004284731,2.463756,0.003356042,3.228957e-05,0.00522651,2.45964e-09,2.951319,0.3248249,0.0001020472,0.005228339,2.797593e-09,1.764421e-11,3.999245e-12,2.541078e-11,6.630449e-12,2.870593e-12,2.885724e-11
2.801594e-05,2.97,2.97,0.09619129,0.004265618,2.463756,0.003365005,3.226212e-05,0.005325666,2.456894e-09,2.951319,0.3248086,0.0001019608,0.005327506,2.795199e-09,-1.287625e-11,7.625012e-13,2.531084e-11,6.628555e-12,2.871037e-12,2.883321e-11
2.816594e-05,2.97,2.97,0.09799129,0.004248964,2.463757,0.003373906,3.223498e-05,0.005424806,2.4555e-09,2.951319,0.3247923,0.0001018741,0.005426656,2.792868e-09,1.772265e-11,4.007683e-12,2.536808e-11,6.624176e-12,2.871037e-12,2.880785e-11
2.831594e-05,2.97,2.97,0.09979129,0.005088657,2.463776,0.003383132,3.222333e-05,0.005524092,2.454038e-09,2.951319,0.3247759,0.0001017872,0.005525789,2.790457e-09,-8.875364e-12,1.186384e-12,2.528711e-11,6.622635e-12,2.871037e-12,2.87839e-11
2.843589e-05,2.97,2.97,0.1012306,0.004609537,2.463762,0.003389862,3.218398e-05,0.005603218,2.451209e-09,2.951319,0.3247628,0.0001017177,0.005605048,2.788593e-09,-1.897864e-12,1.927125e-12,2.527709e-11,6.621838e-12,2.870593e-12,2.876355e-11
2.848359e-05,2.97,2.97,0.1018031,0.0046023,2.463762,0.003392656,3.217624e-05,0.005634742,2.450776e-09,2.951319,0.3247576,0.0001016899,0.00563657,2.787799e-09,5.487385e-12,2.70961e-12,2.529142e-11,6.621318e-12,2.871037e-12,2.875611e-11
2.858049e-05,2.97,2.97,0.1029659,0.004591239,2.463763,0.003398302,3.215948e-05,0.005698757,2.449396e-09,2.951319,0.3247469,0.0001016331,0.005700587,2.786283e-09,2.076535e-13,2.15028e-12,2.526295e-11,6.619569e-12,2.870593e-12,2.873943e-11
2.873049e-05,2.97,2.97,0.1047659,0.004570919,2.463763,0.003406967,3.213142e-05,0.00579783,2.44735e-09,2.951319,0.3247305,0.0001015453,0.005799674,2.78385e-09,4.256759e-12,2.57927e-12,2.525294e-11,6.616317e-12,2.870593e-12,2.871513e-11
2.888049e-05,2.97,2.97,0.1065659,0.004553249,2.463764,0.003415589,3.210459e-05,0.005896893,2.445246e-09,2.951319,0.3247141,0.0001014572,0.005898745,2.781478e-09,8.129587e-13,2.214229e-12,2.522139e-11,6.615039e-12,2.871037e-12,2.868963e-11
2.903049e-05,2.97,2.97,0.1083659,0.004533082,2.463764,0.003424143,3.207712e-05,0.005995935,2.443221e-09,2.951319,0.3246976,0.0001013689,0.0059978,2.779032e-09,3.794783e-12,2.529976e-12,2.520895e-11,6.613859e-12,2.871037e-12,2.866487e-11
2.918049e-05,2.97,2.97,0.1101659,0.004515572,2.463764,0.003432652,3.205006e-05,0.006094964,2.441117e-09,2.951319,0.3246811,0.0001012801,0.006096838,2.776642e-09,1.176208e-12,2.25242e-12,2.517954e-11,6.612529e-12,2.871037e-12,2.863935e-11
2.933049e-05,2.97,2.97,0.1119659,0.00449556,2.463764,0.003441099,3.202253e-05,0.006193974,2.439074e-09,2.951319,0.3246646,0.0001011913,0.006195861,2.774182e-09,3.503308e-12,2.49889e-12,2.516531e-11,6.608593e-12,2.871037e-12,2.861455e-11
2.948049e-05,2.97,2.97,0.1137659,0.004478206,2.463765,0.0034495,3.199551e-05,0.00629297,2.436985e-09,2.951319,0.3246481,0.0001011023,0.006294867,2.771784e-09,1.421211e-12,2.278622e-12,2.513736e-11,6.607359e-12,2.870593e-12,2.858874e-11
2.963049e-05,2.97,2.97,0.1155659,0.004458348,2.463765,0.003457843,3.196811e-05,0.006391948,2.434941e-09,2.951319,0.3246317,0.0001010127,0.006393856,2.769304e-09,3.294503e-12,2.47713e-12,2.512197e-11,6.605849e-12,2.870593e-12,2.856391e-11
2.978049e-05,2.97,2.97,0.1173659,0.004441149,2.463765,0.003466139,3.194096e-05,0.006490912,2.432852e-09,2.951319,0.3246152,0.0001009236,0.00649283,2.766903e-09,1.607875e-12,2.298162e-12,2.5095e-11,6.604502e-12,2.871037e-12,2.853829e-11
2.993049e-05,2.97,2.97,0.1191659,0.004421445,2.463765,0.003474381,3.19138e-05,0.006589858,2.430819e-09,2.951319,0.3245987,0.0001008344,0.006591788,2.764433e-09,3.127393e-12,2.4587e-12,2.507888e-11,6.602965e-12,2.870593e-12,2.851351e-11
3.008049e-05,2.97,2.97,0.1209659,0.004404399,2.463765,0.003482577,3.188682e-05,0.006688789,2.428748e-09,2.951319,0.3245822,0.0001007448,0.00669073,2.762019e-09,1.763632e-12,2.314593e-12,2.505288e-11,6.598919e-12,2.871037e-12,2.848765e-11
3.023049e-05,2.97,2.97,0.1227659,0.004384847,2.463766,0.003490721,3.185966e-05,0.006787704,2.426709e-09,2.951319,0.3245657,0.0001006555,0.006789655,2.759546e-09,2.979743e-12,2.443823e-12,2.503594e-11,6.597451e-12,2.871037e-12,2.846278e-11
3.038049e-05,2.97,2.97,0.1245659,0.004367952,2.463766,0.003498821,3.183261e-05,0.006886603,2.42464e-09,2.951319,0.3245492,0.0001005656,0.006888566,2.757126e-09,1.907204e-12,2.329692e-12,2.501063e-11,6.595805e-12,2.870149e-12,2.843682e-11
3.053049e-05,2.97,2.97,0.1263659,0.004348552,2.463766,0.00350687,3.180544e-05,0.006985486,2.422594e-09,2.951319,0.3245328,0.0001004762,0.00698746,2.754649e-09,2.842751e-12,2.428946e-12,2.499297e-11,6.594295e-12,2.870593e-12,2.841206e-11
3.068049e-05,2.97,2.97,0.1281659,0.004331806,2.463766,0.003514875,3.177849e-05,0.007084354,2.420538e-09,2.951319,0.3245163,0.0001003864,0.007086338,2.75223e-09,2.041235e-12,2.343903e-12,2.496845e-11,6.592637e-12,2.871037e-12,2.838606e-11
3.083049e-05,2.97,2.97,0.1299659,0.004312555,2.463766,0.003522832,3.175134e-05,0.007183206,2.418488e-09,2.951319,0.3244998,0.0001002966,0.007185201,2.749743e-09,2.71007e-12,2.414957e-12,2.495014e-11,6.588148e-12,2.871037e-12,2.836114e-11
3.098049e-05,2.97,2.97,0.1317659,0.004295953,2.463767,0.003530746,3.172453e-05,0.007282043,2.416449e-09,2.951319,0.3244834,0.0001002065,0.007284049,2.747316e-09,2.173646e-12,2.35767e-12,2.492639e-11,6.586118e-12,2.871037e-12,2.8335e-11
3.113049e-05,2.97,2.97,0.1335659,0.004276653,2.463767,0.003538613,3.16975e-05,0.007380863,2.414402e-09,2.951319,0.3244669,0.0001001165,0.007382881,2.744825e-09,2.581799e-12,2.40119e-12,2.490742e-11,6.584318e-12,2.870593e-12,2.831009e-11
3.128049e-05,2.97,2.97,0.1353659,0.004268471,2.463767,0.003546443,3.167082e-05,0.007479671,2.412379e-09,2.951319,0.3244505,0.0001000265,0.007481697,2.742401e-09,2.361984e-12,2.377654e-12,2.488469e-11,6.582152e-12,2.871481e-12,2.828399e-11
3.143049e-05,2.97,2.97,0.1371659,0.004673574,2.463766,0.003554185,3.163262e-05,0.007578445,2.409373e-09,2.951319,0.3244341,9.99366e-05,0.007580498,2.739912e-09,-2.4004e-12,1.872502e-12,2.484586e-11,6.58257e-12,2.871037e-12,2.825925e-11
3.149153e-05,2.97,2.97,0.1378984,0.004665428,2.463773,0.00355749,3.16321e-05,0.007618708,2.409725e-09,2.951319,0.3244274,9.990005e-05,0.007620701,2.738947e-09,1.549715e-11,3.770761e-12,2.488912e-11,6.580069e-12,2.871037e-12,2.824843e-11
3.153261e-05,2.97,2.97,0.1383913,0.004659704,2.463774,0.003559617,3.16254e-05,0.00764576,2.408681e-09,2.951319,0.3244229,9.98755e-05,0.007647752,2.738243e-09,-9.203886e-12,1.151745e-12,2.481963e-11,6.578306e-12,2.871037e-12,2.824214e-11
3.163543e-05,2.97,2.97,0.1396251,0.004646816,2.463774,0.003564901,3.160679e-05,0.007713459,2.407766e-09,2.951319,0.3244117,9.981408e-05,0.00771546,2.736598e-09,1.376042e-11,3.586464e-12,2.486457e-11,6.577081e-12,2.870593e-12,2.822393e-11
3.178543e-05,2.97,2.97,0.1414251,0.004627185,2.463774,0.003572581,3.158009e-05,0.007812213,2.405253e-09,2.951319,0.3243953,9.972406e-05,0.007814225,2.734107e-09,-8.845174e-12,1.188827e-12,2.478496e-11,6.574925e-12,2.871037e-12,2.819921e-11
3.193543e-05,2.97,2.97,0.1432251,0.004608359,2.463774,0.003580216,3.155319e-05,0.00791095,2.403696e-09,2.951319,0.3243789,9.963447e-05,0.007912974,2.731693e-09,1.359643e-11,3.569145e-12,2.4822e-11,6.575707e-12,2.871481e-12,2.817306e-11
3.208543e-05,2.97,2.97,0.1450251,0.004588889,2.463774,0.003587812,3.152654e-05,0.008009674,2.401194e-09,2.951319,0.3243625,9.95447e-05,0.008011709,2.729209e-09,-8.730746e-12,1.200817e-12,2.474318e-11,6.57301e-12,2.871481e-12,2.814847e-11
3.223543e-05,2.97,2.97,0.1468251,0.00457022,2.463775,0.003595364,3.149969e-05,0.008108381,2.399636e-09,2.95132,0.3243462,9.945526e-05,0.008110428,2.726798e-09,1.351915e-11,3.560929e-12,2.477979e-11,6.570587e-12,2.871037e-12,2.812254e-11
3.238543e-05,2.97,2.97,0.1486251,0.00455091,2.463775,0.003602878,3.147315e-05,0.008207074,2.397147e-09,2.95132,0.3243298,9.936548e-05,0.008209131,2.724314e-09,-8.677869e-12,1.207034e-12,2.470141e-11,6.567918e-12,2.871481e-12,2.809773e-11
3.253543e-05,2.97,2.97,0.1504251,0.004532397,2.463775,0.003610351,3.144663e-05,0.008305751,2.395611e-09,2.95132,0.3243135,9.927628e-05,0.00830782,2.721909e-09,1.34853e-11,3.557155e-12,2.473796e-11,6.5654e-12,2.870593e-12,2.8072e-11
3.268543e-05,2.97,2.97,0.1522251,0.004513245,2.463775,0.003617784,3.142004e-05,0.008404414,2.39312e-09,2.95132,0.3242972,9.918691e-05,0.008406494,2.719437e-09,-8.65263e-12,1.209255e-12,2.465976e-11,6.565086e-12,2.871037e-12,2.804706e-11
3.283543e-05,2.97,2.97,0.1540251,0.004494887,2.463775,0.003625178,3.139353e-05,0.008503061,2.391582e-09,2.95132,0.3242809,9.90974e-05,0.008505153,2.717024e-09,1.346888e-11,3.555156e-12,2.469621e-11,6.562364e-12,2.871481e-12,2.802145e-11
3.298543e-05,2.97,2.97,0.1558251,0.004475891,2.463776,0.003632534,3.136699e-05,0.008601694,2.389097e-09,2.95132,0.3242646,9.900841e-05,0.008603796,2.714562e-09,-8.641382e-12,1.210587e-12,2.461811e-11,6.559424e-12,2.871037e-12,2.799674e-11
3.313543e-05,2.97,2.97,0.1576251,0.004457688,2.463776,0.00363985,3.13405e-05,0.008700311,2.38756e-09,2.95132,0.3242483,9.891909e-05,0.008702425,2.712154e-09,1.346374e-11,3.55449e-12,2.465454e-11,6.55384e-12,2.871037e-12,2.797089e-11
3.328543e-05,2.97,2.97,0.1594251,0.004438847,2.463776,0.003647128,3.131393e-05,0.008798914,2.385074e-09,2.95132,0.324232,9.883019e-05,0.008801039,2.709694e-09,-8.637558e-12,1.210587e-12,2.457639e-11,6.553421e-12,2.871037e-12,2.794643e-11
3.343543e-05,2.97,2.97,0.1612251,0.004420797,2.463776,0.003654368,3.128759e-05,0.008897502,2.383546e-09,2.95132,0.3242158,9.874108e-05,0.008899638,2.707292e-09,1.346351e-11,3.55449e-12,2.461296e-11,6.553017e-12,2.871037e-12,2.792059e-11
3.358543e-05,2.97,2.97,0.1630251,0.004402109,2.463776,0.00366157,3.126121e-05,0.008996075,2.381076e-09,2.95132,0.3241995,9.865256e-05,0.008998223,2.704843e-09,-8.638506e-12,1.211031e-12,2.453498e-11,6.549733e-12,2.871037e-12,2.789606e-11
3.373543e-05,2.97,2.97,0.1648251,0.004384211,2.463776,0.003668735,3.123494e-05,0.009094633,2.379553e-09,2.95132,0.3241833,9.856407e-05,0.009096792,2.702457e-09,1.346463e-11,3.555156e-12,2.457163e-11,6.54914e-12,2.871037e-12,2.787065e-11
3.388543e-05,2.97,2.97,0.1666251,0.004365674,2.463777,0.003675863,3.12086e-05,0.009193176,2.377087e-09,2.95132,0.324167,9.847558e-05,0.009195347,2.700009e-09,-8.638888e-12,1.210143e-12,2.449362e-11,6.546038e-12,2.871481e-12,2.7846e-11
3.403543e-05,2.97,2.97,0.1684251,0.004347926,2.463777,0.003682953,3.118237e-05,0.009291705,2.375565e-09,2.95132,0.3241508,9.83872e-05,0.009293887,2.697627e-09,1.346955e-11,3.555156e-12,2.453028e-11,6.542478e-12,2.871481e-12,2.782063e-11
3.418543e-05,2.97,2.97,0.1702251,0.004329538,2.463777,0.003690007,3.115614e-05,0.009390219,2.373108e-09,2.95132,0.3241346,9.829897e-05,0.009392413,2.695185e-09,-8.641925e-12,1.210365e-12,2.445242e-11,6.541743e-12,2.871037e-12,2.779628e-11
3.433543e-05,2.97,2.97,0.1720251,0.004311851,2.463777,0.003697025,3.113e-05,0.009488719,2.371592e-09,2.95132,0.3241184,9.821053e-05,0.009490924,2.692801e-09,1.347283e-11,3.5556e-12,2.448915e-11,6.540795e-12,2.871037e-12,2.777072e-11
3.448543e-05,2.97,2.97,0.1738251,0.0042934,2.463777,0.003704006,3.110385e-05,0.009587203,2.369143e-09,2.95132,0.3241022,9.812294e-05,0.00958942,2.690378e-09,-8.644372e-12,1.209699e-12,2.441132e-11,6.539759e-12,2.871037e-12,2.774648e-11
3.463543e-05,2.97,2.97,0.1756251,0.005068558,2.463795,0.003711319,3.10935e-05,0.009685829,2.368914e-09,2.95132,0.324086,9.803523e-05,0.009687901,2.688013e-09,1.767661e-11,4.001244e-12,2.446809e-11,6.536225e-12,2.871037e-12,2.772107e-11
3.476704e-05,2.97,2.97,0.1772045,0.004648147,2.463782,0.003717096,3.105266e-05,0.009772096,2.364915e-09,2.95132,0.3240718,9.795835e-05,0.0097743,2.685883e-09,-2.465842e-11,-4.884981e-13,2.432878e-11,6.533665e-12,2.871481e-12,2.770004e-11
3.483188e-05,2.97,2.97,0.1779826,0.004640636,2.463783,0.003720098,3.104337e-05,0.009814661,2.365375e-09,2.95132,0.3240648,9.792055e-05,0.00981686,2.684881e-09,2.996618e-11,5.304424e-12,2.446543e-11,6.534982e-12,2.871481e-12,2.768885e-11
3.493214e-05,2.97,2.97,0.1791856,0.004627106,2.463784,0.003724701,3.102682e-05,0.009880459,2.362967e-09,2.95132,0.324054,9.78624e-05,0.00988266,2.683262e-09,-2.427405e-11,-4.471978e-13,2.430886e-11,6.5324e-12,2.871481e-12,2.767302e-11
3.508214e-05,2.97,2.97,0.1809856,0.004608556,2.463783,0.00373153,3.100022e-05,0.009978882,2.362075e-09,2.95132,0.3240379,9.777533e-05,0.009981098,2.680915e-09,2.874551e-11,5.174972e-12,2.442815e-11,6.530973e-12,2.870593e-12,2.764774e-11
3.523214e-05,2.97,2.97,0.1827856,0.004588815,2.463784,0.00373834,3.097491e-05,0.0100773,2.359044e-09,2.95132,0.3240217,9.768815e-05,0.01007952,2.678503e-09,-2.366281e-11,-3.828049e-13,2.426977e-11,6.529716e-12,2.871481e-12,2.762363e-11
3.538214e-05,2.97,2.97,0.1845856,0.004570413,2.463784,0.003745104,3.094869e-05,0.01017569,2.358155e-09,2.95132,0.3240056,9.760092e-05,0.01017793,2.676151e-09,2.831078e-11,5.12923e-12,2.438648e-11,6.525718e-12,2.871481e-12,2.759837e-11
3.553214e-05,2.97,2.97,0.1863856,0.004550838,2.463784,0.003751839,3.092305e-05,0.01027408,2.35512e-09,2.95132,0.3239894,9.751407e-05,0.01027633,2.673749e-09,-2.335117e-11,-3.499423e-13,2.422984e-11,6.521682e-12,2.871037e-12,2.757459e-11
3.568214e-05,2.97,2.97,0.1881856,0.004532589,2.463784,0.003758536,3.089721e-05,0.01037244,2.354244e-09,2.95132,0.3239733,9.742809e-05,0.01037471,2.671431e-09,2.809068e-11,5.105694e-12,2.434542e-11,6.520331e-12,2.871481e-12,2.754988e-11
3.583214e-05,2.97,2.97,0.1899856,0.004513173,2.463784,0.003765201,3.087159e-05,0.0104708,2.351221e-09,2.95132,0.3239572,9.734191e-05,0.01047307,2.669046e-09,-2.319395e-11,-3.330669e-13,2.418985e-11,6.518912e-12,2.871481e-12,2.752597e-11
3.598214e-05,2.97,2.97,0.1917856,0.004495079,2.463784,0.00377183,3.0846e-05,0.01056914,2.350356e-09,2.95132,0.323941,9.725596e-05,0.01057142,2.666729e-09,2.797757e-11,5.094147e-12,2.430487e-11,6.517549e-12,2.870593e-12,2.750121e-11
3.613214e-05,2.97,2.97,0.1935856,0.004475819,2.463784,0.003778426,3.082036e-05,0.01066746,2.347339e-09,2.95132,0.3239249,9.717001e-05,0.01066976,2.664352e-09,-2.310964e-11,-3.239631e-13,2.414987e-11,6.51346e-12,2.871481e-12,2.747746e-11
3.628214e-05,2.97,2.97,0.1953856,0.004457879,2.463785,0.003784987,3.079473e-05,0.01076577,2.346466e-09,2.95132,0.3239088,9.708456e-05,0.01076808,2.662048e-09,2.791494e-11,5.087264e-12,2.426442e-11,6.511997e-12,2.871037e-12,2.745273e-11
3.643214e-05,2.97,2.97,0.1971856,0.004438774,2.463785,0.003791515,3.076935e-05,0.01086407,2.343473e-09,2.95132,0.3238927,9.699883e-05,0.01086639,2.659676e-09,-2.306334e-11,-3.188561e-13,2.410988e-11,6.510405e-12,2.871481e-12,2.742892e-11
3.658214e-05,2.97,2.97,0.1989856,0.004420987,2.463785,0.003798007,3.074397e-05,0.01096235,2.342614e-09,2.95132,0.3238766,9.69137e-05,0.01096468,2.657381e-09,2.788067e-11,5.083489e-12,2.422449e-11,6.509044e-12,2.871481e-12,2.740454e-11
3.673214e-05,2.97,2.97,0.2007856,0.004402035,2.463785,0.003804467,3.071861e-05,0.01106062,2.339626e-09,2.95132,0.3238605,9.682872e-05,0.01106296,2.65503e-09,-2.30338e-11,-3.159695e-13,2.407013e-11,6.507463e-12,2.871481e-12,2.738086e-11
3.688214e-05,2.97,2.97,0.2025856,0.0043844,2.463785,0.003810893,3.069326e-05,0.01115887,2.338765e-09,2.95132,0.3238444,9.67434e-05,0.01116123,2.65273e-09,2.785858e-11,5.081269e-12,2.418454e-11,6.505793e-12,2.871481e-12,2.735637e-11
3.703214e-05,2.97,2.97,0.2043856,0.004365599,2.463785,0.003817286,3.06679e-05,0.01125711,2.335782e-09,2.95132,0.3238283,9.665878e-05,0.01125948,2.650389e-09,-2.301399e-11,-3.139711e-13,2.403033e-11,6.50411e-12,2.871481e-12,2.733294e-11
3.718214e-05,2.97,2.97,0.2061856,0.004348114,2.463785,0.003823645,3.064258e-05,0.01135533,2.334919e-09,2.95132,0.3238122,9.657389e-05,0.01135771,2.6481e-09,2.784109e-11,5.07927e-12,2.414472e-11,6.502738e-12,2.871481e-12,2.730849e-11
3.733214e-05,2.97,2.97,0.2079856,0.00432942,2.463785,0.003829971,3.061741e-05,0.01145354,2.331955e-09,2.95132,0.3237961,9.648965e-05,0.01145593,2.645769e-09,-2.299842e-11,-3.124168e-13,2.399073e-11,6.501028e-12,2.871037e-12,2.728526e-11
3.748214e-05,2.97,2.97,0.2097856,0.004311866,2.463786,0.003836263,3.059234e-05,0.01155174,2.331108e-09,2.95132,0.32378,9.640566e-05,0.01155414,2.643505e-09,2.782728e-11,5.07816e-12,2.410521e-11,6.499136e-12,2.871481e-12,2.726105e-11
3.763214e-05,2.97,2.97,0.2115856,0.004617394,2.463793,0.003842683,3.057439e-05,0.01164998,2.32874e-09,2.95132,0.3237639,9.632218e-05,0.01165233,2.641196e-09,-2.082942e-11,-8.237855e-14,2.39611e-11,6.494907e-12,2.871481e-12,2.723814e-11
3.776547e-05,2.97,2.97,0.2131856,0.004708782,2.463796,0.003848258,3.055011e-05,0.01173726,2.328122e-09,2.95132,0.3237495,9.624819e-05,0.0117396,2.639204e-09,3.793558e-11,6.149525e-12,2.409817e-11,6.494149e-12,2.871481e-12,2.721643e-11
3.78168e-05,2.97,2.97,0.2138016,0.004701929,2.463792,0.003850316,3.053689e-05,0.01177082,2.325575e-09,2.95132,0.323744,9.621959e-05,0.0117732,2.638394e-09,-3.583156e-11,-1.673328e-12,2.389267e-11,6.493222e-12,2.871925e-12,2.720895e-11
3.786752e-05,2.97,2.97,0.2144103,0.004695027,2.463792,0.0038524,3.052778e-05,0.01180401,2.326453e-09,2.95132,0.3237386,9.619142e-05,0.01180639,2.637654e-09,3.937322e-11,6.302514e-12,2.40858e-11,6.493787e-12,2.871925e-12,2.720053e-11
3.798112e-05,2.97,2.97,0.2157734,0.004680611,2.463792,0.003857084,3.050933e-05,0.01187833,2.323524e-09,2.95132,0.3237264,9.61281e-05,0.01188072,2.635895e-09,-3.42099e-11,-1.501466e-12,2.387543e-11,6.492391e-12,2.871925e-12,2.718317e-11
3.813112e-05,2.97,2.97,0.2175734,0.004660862,2.463792,0.003863229,3.048424e-05,0.01197646,2.323138e-09,2.95132,0.3237103,9.604559e-05,0.01197887,2.63367e-09,3.887074e-11,6.249001e-12,2.405018e-11,6.488214e-12,2.871481e-12,2.715966e-11
3.828112e-05,2.97,2.97,0.2193734,0.004641877,2.463792,0.003869349,3.045963e-05,0.01207458,2.319763e-09,2.95132,0.3236942,9.596291e-05,0.012077,2.631383e-09,-3.389305e-11,-1.467493e-12,2.383723e-11,6.486341e-12,2.871481e-12,2.713668e-11
3.843112e-05,2.97,2.97,0.2211734,0.004622284,2.463792,0.00387543,3.043463e-05,0.01217268,2.319367e-09,2.95132,0.3236781,9.588005e-05,0.01217511,2.629149e-09,3.860807e-11,6.220802e-12,2.401048e-11,6.484895e-12,2.871481e-12,2.711247e-11
3.858112e-05,2.97,2.97,0.2229734,0.004603463,2.463792,0.003881484,3.04102e-05,0.01227077,2.316021e-09,2.95132,0.323662,9.579786e-05,0.01227321,2.626875e-09,-3.366777e-11,-1.4444e-12,2.379903e-11,6.483391e-12,2.871925e-12,2.709005e-11
3.873112e-05,2.97,2.97,0.2247734,0.004584027,2.463792,0.0038875,3.038535e-05,0.01236884,2.315623e-09,2.95132,0.3236458,9.571569e-05,0.01237129,2.62466e-09,3.841025e-11,6.199929e-12,2.397118e-11,6.481609e-12,2.871925e-12,2.706626e-11
3.888112e-05,2.97,2.97,0.2265734,0.004565367,2.463793,0.003893488,3.036085e-05,0.0124669,2.312284e-09,2.95132,0.3236297,9.563401e-05,0.01246936,2.6224e-09,-3.348684e-11,-1.42486e-12,2.376075e-11,6.479656e-12,2.871925e-12,2.704399e-11
3.903112e-05,2.97,2.97,0.2283734,0.004546087,2.463793,0.00389944,3.033654e-05,0.01256495,2.311916e-09,2.95132,0.3236136,9.555253e-05,0.01256742,2.620203e-09,3.824444e-11,6.182388e-12,2.393243e-11,6.478149e-12,2.871037e-12,2.702043e-11
3.918112e-05,2.97,2.97,0.2301734,0.004527585,2.463793,0.003905362,3.03122e-05,0.01266297,2.308599e-09,2.95132,0.3235975,9.547151e-05,0.01266546,2.617961e-09,-3.332947e-11,-1.407985e-12,2.372296e-11,6.473878e-12,2.871481e-12,2.699785e-11
3.933112e-05,2.97,2.97,0.2319734,0.004508461,2.463793,0.00391125,3.028776e-05,0.01276099,2.30821e-09,2.95132,0.3235813,9.539042e-05,0.01276349,2.615775e-09,3.80936e-11,6.166401e-12,2.389369e-11,6.472318e-12,2.871481e-12,2.697464e-11
3.948112e-05,2.97,2.97,0.2337734,0.004490115,2.463793,0.003917108,3.026347e-05,0.01285899,2.304908e-09,2.95132,0.3235652,9.530947e-05,0.0128615,2.613535e-09,-3.318289e-11,-1.392886e-12,2.368509e-11,6.473199e-12,2.871481e-12,2.695231e-11
3.963112e-05,2.97,2.97,0.2355734,0.004471147,2.463793,0.003922931,3.023923e-05,0.01295697,2.304524e-09,2.95132,0.3235491,9.522914e-05,0.01295949,2.61137e-09,3.795353e-11,6.151302e-12,2.385521e-11,6.471758e-12,2.871481e-12,2.692889e-11
3.978112e-05,2.97,2.97,0.2373734,0.004452956,2.463793,0.003928725,3.021521e-05,0.01305494,2.301253e-09,2.95132,0.3235329,9.514894e-05,0.01305747,2.609151e-09,-3.304174e-11,-1.378231e-12,2.364755e-11,6.470155e-12,2.871481e-12,2.690689e-11
3.993112e-05,2.97,2.97,0.2391734,0.004434142,2.463793,0.003934483,3.019097e-05,0.01315289,2.300859e-09,2.95132,0.3235167,9.506895e-05,0.01315544,2.606995e-09,3.781394e-11,6.136869e-12,2.381692e-11,6.466073e-12,2.871481e-12,2.68839e-11
4.008112e-05,2.97,2.97,0.2409734,0.004416103,2.463793,0.003940213,3.016714e-05,0.01325083,2.297611e-09,2.95132,0.3235006,9.498945e-05,0.01325339,2.604794e-09,-3.290537e-11,-1.363354e-12,2.361015e-11,6.464459e-12,2.871481e-12,2.68619e-11
4.023112e-05,2.97,2.97,0.2427734,0.004397442,2.463793,0.003945907,3.014313e-05,0.01334875,2.297225e-09,2.95132,0.3234844,9.490955e-05,0.01335133,2.60264e-09,3.767898e-11,6.122436e-12,2.377896e-11,6.462974e-12,2.871037e-12,2.683878e-11
4.038112e-05,2.97,2.97,0.2445734,0.004379554,2.463794,0.003951572,3.011933e-05,0.01344666,2.29399e-09,2.95132,0.3234682,9.483059e-05,0.01344925,2.600455e-09,-3.276825e-11,-1.349143e-12,2.357299e-11,6.461326e-12,2.871925e-12,2.681723e-11
4.053112e-05,2.97,2.97,0.2463734,0.004361042,2.463794,0.003957202,3.009555e-05,0.01354455,2.293611e-09,2.95132,0.3234521,9.475172e-05,0.01354715,2.598329e-09,3.754372e-11,6.108003e-12,2.374121e-11,6.459833e-12,2.871481e-12,2.67945e-11
4.068112e-05,2.97,2.97,0.2481734,0.004343138,2.463794,0.003962804,3.007179e-05,0.01364243,2.290389e-09,2.95132,0.3234359,9.467307e-05,0.01364504,2.596152e-09,-3.263437e-11,-1.33471e-12,2.353602e-11,6.455809e-12,2.871037e-12,2.677292e-11
4.083112e-05,2.97,2.97,0.2499734,0.004325067,2.463794,0.00396837,3.004812e-05,0.01374029,2.290009e-09,2.95132,0.3234197,9.459474e-05,0.01374292,2.594041e-09,3.741355e-11,6.094236e-12,2.370362e-11,6.452075e-12,2.871481e-12,2.675016e-11
4.098112e-05,2.97,2.97,0.2517734,0.004838255,2.463794,0.003973917,3.00161e-05,0.01383814,2.285979e-09,2.95132,0.3234035,9.451688e-05,0.01384077,2.591886e-09,-4.126048e-11,-2.249756e-12,2.347067e-11,6.453287e-12,2.871481e-12,2.672883e-11
4.10818e-05,2.97,2.97,0.2529816,0.004685992,2.463799,0.003977715,3.000858e-05,0.01390385,2.287284e-09,2.95132,0.3233926,9.446455e-05,0.01390645,2.590485e-09,5.021078e-11,7.451151e-12,2.370755e-11,6.451072e-12,2.871925e-12,2.671337e-11
4.114884e-05,2.97,2.97,0.253786,0.004677142,2.4638,0.003980177,2.999866e-05,0.01394758,2.284597e-09,2.95132,0.3233853,9.442966e-05,0.01395017,2.589504e-09,-4.420829e-11,-2.562173e-12,2.344696e-11,6.451451e-12,2.871481e-12,2.670415e-11
4.129884e-05,2.97,2.97,0.255586,0.004657892,2.463799,0.003985635,2.997478e-05,0.01404538,2.284682e-09,2.95132,0.3233691,9.435241e-05,0.014048,2.587422e-09,4.867629e-11,7.288614e-12,2.367677e-11,6.450171e-12,2.871925e-12,2.668181e-11
4.144884e-05,2.97,2.97,0.257386,0.004638433,2.4638,0.003991077,2.99519e-05,0.01414318,2.281067e-09,2.95132,0.3233529,9.427485e-05,0.01414581,2.585275e-09,-4.355007e-11,-2.492451e-12,2.341203e-11,6.448818e-12,2.871925e-12,2.666051e-11
4.159884e-05,2.97,2.97,0.259186,0.004619343,2.4638,0.003996476,2.992835e-05,0.01424096,2.281147e-09,2.95132,0.3233366,9.419806e-05,0.0142436,2.583205e-09,4.817596e-11,7.235101e-12,2.363895e-11,6.444812e-12,2.871037e-12,2.663821e-11
4.174884e-05,2.97,2.97,0.260986,0.004600044,2.4638,0.004001851,2.990557e-05,0.01433873,2.277563e-09,2.95132,0.3233204,9.412132e-05,0.01434138,2.581081e-09,-4.316409e-11,-2.451372e-12,2.337671e-11,6.443563e-12,2.871481e-12,2.661718e-11
4.189884e-05,2.97,2.97,0.262786,0.004581113,2.4638,0.004007188,2.988222e-05,0.01443648,2.277639e-09,2.95132,0.3233041,9.40451e-05,0.01443914,2.579027e-09,4.787198e-11,7.203349e-12,2.360188e-11,6.44254e-12,2.871481e-12,2.659505e-11
4.204884e-05,2.97,2.97,0.264586,0.004561973,2.4638,0.004012499,2.985942e-05,0.01453421,2.27407e-09,2.95132,0.3232879,9.396886e-05,0.01453689,2.576917e-09,-4.291517e-11,-2.425615e-12,2.334112e-11,6.441443e-12,2.871925e-12,2.657422e-11
4.219884e-05,2.97,2.97,0.266386,0.004543199,2.4638,0.004017773,2.983638e-05,0.01463193,2.274155e-09,2.95132,0.3232716,9.389296e-05,0.01463461,2.574871e-09,4.766525e-11,7.181145e-12,2.356528e-11,6.440484e-12,2.871481e-12,2.655224e-11
4.234884e-05,2.97,2.97,0.268186,0.004524217,2.4638,0.00402302,2.981376e-05,0.01472963,2.270613e-09,2.95132,0.3232553,9.381757e-05,0.01473233,2.572784e-09,-4.273606e-11,-2.406075e-12,2.33058e-11,6.436856e-12,2.871481e-12,2.653165e-11
4.249884e-05,2.97,2.97,0.269986,0.0045056,2.4638,0.004028231,2.979087e-05,0.01482731,2.270696e-09,2.95132,0.323239,9.374237e-05,0.01483002,2.570757e-09,4.750677e-11,7.164713e-12,2.352909e-11,6.433366e-12,2.871925e-12,2.650966e-11
4.264884e-05,2.97,2.97,0.271786,0.004486773,2.4638,0.004033413,2.976845e-05,0.01492498,2.26718e-09,2.95132,0.3232227,9.366756e-05,0.0149277,2.568686e-09,-4.259102e-11,-2.390754e-12,2.327052e-11,6.432427e-12,2.871925e-12,2.648915e-11
4.279884e-05,2.97,2.97,0.273586,0.004468311,2.4638,0.004038561,2.974573e-05,0.01502262,2.267266e-09,2.95132,0.3232064,9.359275e-05,0.01502536,2.566669e-09,4.73725e-11,7.149836e-12,2.349321e-11,6.431684e-12,2.871481e-12,2.646768e-11
4.294884e-05,2.97,2.97,0.275386,0.004449639,2.4638,0.00404368,2.972341e-05,0.01512026,2.263769e-09,2.95132,0.32319,9.351837e-05,0.01512301,2.56461e-09,-4.246175e-11,-2.37721e-12,2.323556e-11,6.430692e-12,2.871925e-12,2.644717e-11
4.309884e-05,2.97,2.97,0.277186,0.004431331,2.4638,0.004048763,2.970102e-05,0.01521787,2.263869e-09,2.95132,0.3231737,9.344478e-05,0.01522064,2.562627e-09,4.724912e-11,7.136958e-12,2.345781e-11,6.427269e-12,2.871481e-12,2.642606e-11
4.324884e-05,2.97,2.97,0.278986,0.004412811,2.4638,0.004053819,2.967877e-05,0.01531547,2.260387e-09,2.95132,0.3231573,9.337098e-05,0.01531825,2.560583e-09,-4.234017e-11,-2.363887e-12,2.320077e-11,6.424147e-12,2.871481e-12,2.640559e-11
4.339884e-05,2.97,2.97,0.280786,0.004394655,2.4638,0.00405884,2.965661e-05,0.01541305,2.260495e-09,2.95132,0.323141,9.32978e-05,0.01541584,2.558612e-09,4.713232e-11,7.124301e-12,2.342257e-11,6.423302e-12,2.871481e-12,2.638442e-11
4.354884e-05,2.97,2.97,0.282586,0.004376286,2.4638,0.004063831,2.963457e-05,0.01551061,2.257039e-09,2.95132,0.3231246,9.322474e-05,0.01551342,2.556588e-09,-4.222409e-11,-2.351896e-12,2.316644e-11,6.419915e-12,2.872369e-12,2.636433e-11
4.369884e-05,2.97,2.97,0.284386,0.004358151,2.4638,0.004068788,2.961265e-05,0.01560816,2.257155e-09,2.95132,0.3231082,9.315222e-05,0.01561098,2.554634e-09,4.701599e-11,7.112311e-12,2.338773e-11,6.419178e-12,2.872369e-12,2.634348e-11
4.384884e-05,2.97,2.97,0.286186,0.004339753,2.4638,0.004073716,2.959083e-05,0.01570569,2.253725e-09,2.95132,0.3230918,9.307988e-05,0.01570852,2.552631e-09,-4.210977e-11,-2.340128e-12,2.313239e-11,6.415995e-12,2.871925e-12,2.63236e-11
4.399884e-05,2.97,2.97,0.287986,0.005220865,2.463817,0.004078948,2.958091e-05,0.01580334,2.254757e-09,2.951321,0.3230754,9.300776e-05,0.01580604,2.550687e-09,4.768586e-11,7.183365e-12,2.336191e-11,6.415609e-12,2.871481e-12,2.630292e-11
4.410742e-05,2.97,2.97,0.289289,0.004738549,2.463806,0.004082239,2.955161e-05,0.01587382,2.250437e-09,2.951321,0.3230635,9.295588e-05,0.01587662,2.549243e-09,-5.663476e-11,-3.880229e-12,2.306205e-11,6.414127e-12,2.872369e-12,2.628867e-11
4.415552e-05,2.97,2.97,0.2898663,0.004731683,2.463806,0.004083807,2.954577e-05,0.01590508,2.252368e-09,2.951321,0.3230583,9.2933e-05,0.01590789,2.548644e-09,6.070909e-11,8.564705e-12,2.337296e-11,6.412589e-12,2.871925e-12,2.628184e-11
4.421944e-05,2.97,2.97,0.2906333,0.004724068,2.463807,0.00408588,2.953732e-05,0.01594663,2.249402e-09,2.951321,0.3230513,9.290262e-05,0.01594943,2.547788e-09,-5.475682e-11,-3.681278e-12,2.305557e-11,6.414159e-12,2.871925e-12,2.627376e-11
4.435496e-05,2.97,2.97,0.2922595,0.004705589,2.463806,0.004090225,2.951752e-05,0.01603468,2.250188e-09,2.951321,0.3230364,9.283837e-05,0.0160375,2.546059e-09,5.927182e-11,8.411494e-12,2.334676e-11,6.412028e-12,2.872813e-12,2.625509e-11
4.450496e-05,2.97,2.97,0.2940595,0.004686858,2.463807,0.004095017,2.949645e-05,0.01613213,2.246316e-09,2.951321,0.32302,9.276775e-05,0.01613496,2.544103e-09,-5.418089e-11,-3.620215e-12,2.302509e-11,6.411833e-12,2.871481e-12,2.623557e-11
4.465496e-05,2.97,2.97,0.2958595,0.004666638,2.463806,0.004099767,2.947484e-05,0.01622956,2.246938e-09,2.951321,0.3230035,9.269708e-05,0.0162324,2.542198e-09,5.882844e-11,8.364642e-12,2.331202e-11,6.406409e-12,2.871925e-12,2.621516e-11
4.480496e-05,2.97,2.97,0.2976595,0.004648075,2.463807,0.004104495,2.94538e-05,0.01632697,2.243091e-09,2.951321,0.322987,9.262688e-05,0.01632983,2.540254e-09,-5.379929e-11,-3.579803e-12,2.299259e-11,6.406319e-12,2.871925e-12,2.619606e-11
4.495496e-05,2.97,2.97,0.2994595,0.004628012,2.463807,0.004109183,2.943258e-05,0.01642436,2.24372e-09,2.951321,0.3229705,9.255704e-05,0.01642723,2.538372e-09,5.84928e-11,8.329337e-12,2.327789e-11,6.403581e-12,2.871925e-12,2.617577e-11
4.510496e-05,2.97,2.97,0.3012595,0.004609611,2.463807,0.004113846,2.941171e-05,0.01652173,2.239907e-09,2.951321,0.3229541,9.248754e-05,0.01652461,2.536446e-09,-5.349247e-11,-3.547385e-12,2.296039e-11,6.403475e-12,2.871925e-12,2.615686e-11
4.525496e-05,2.97,2.97,0.3030595,0.004589706,2.463807,0.004118471,2.939068e-05,0.01661908,2.240531e-09,2.951321,0.3229376,9.24184e-05,0.01662198,2.534584e-09,5.820694e-11,8.298917e-12,2.324422e-11,6.400946e-12,2.871925e-12,2.613668e-11
4.540496e-05,2.97,2.97,0.3048595,0.004571465,2.463807,0.00412307,2.937013e-05,0.01671641,2.236761e-09,2.951321,0.322921,9.234949e-05,0.01671932,2.532674e-09,-5.322126e-11,-3.518519e-12,2.292846e-11,6.398007e-12,2.871925e-12,2.611791e-11
4.555496e-05,2.97,2.97,0.3066595,0.004551717,2.463807,0.004127631,2.934926e-05,0.01681372,2.23738e-09,2.951321,0.3229045,9.228114e-05,0.01681665,2.530833e-09,5.794844e-11,8.271606e-12,2.321094e-11,6.397952e-12,2.872369e-12,2.609816e-11
4.570496e-05,2.97,2.97,0.3084595,0.004533634,2.463807,0.004132167,2.932887e-05,0.01691101,2.233637e-09,2.951321,0.322888,9.221327e-05,0.01691395,2.528952e-09,-5.296858e-11,-3.492096e-12,2.289681e-11,6.395238e-12,2.872369e-12,2.607964e-11
4.585496e-05,2.97,2.97,0.3102595,0.004514043,2.463807,0.004136664,2.93084e-05,0.01700828,2.23427e-09,2.951321,0.3228714,9.214563e-05,0.01701124,2.527129e-09,5.770202e-11,8.245626e-12,2.317816e-11,6.392755e-12,2.872369e-12,2.605994e-11
4.600496e-05,2.97,2.97,0.3120595,0.004496116,2.463807,0.004141136,2.928819e-05,0.01710554,2.230559e-09,2.951321,0.3228549,9.207772e-05,0.0171085,2.525247e-09,-5.27265e-11,-3.465672e-12,2.286551e-11,6.390359e-12,2.872813e-12,2.604131e-11
4.615496e-05,2.97,2.97,0.3138595,0.004476681,2.463807,0.00414557,2.926773e-05,0.01720276,2.231176e-09,2.951321,0.3228383,9.201105e-05,0.01720574,2.523451e-09,5.746297e-11,8.219869e-12,2.314561e-11,6.387752e-12,2.872369e-12,2.602215e-11
4.630496e-05,2.97,2.97,0.3156595,0.004458909,2.463807,0.004149977,2.924801e-05,0.01729997,2.227517e-09,2.951321,0.3228217,9.194419e-05,0.01730296,2.521598e-09,-5.248808e-11,-3.440803e-12,2.283466e-11,6.385346e-12,2.871925e-12,2.600379e-11
4.645496e-05,2.97,2.97,0.3174595,0.004439627,2.463807,0.004154347,2.922792e-05,0.01739716,2.228146e-09,2.951321,0.3228051,9.18782e-05,0.01740016,2.519821e-09,5.722639e-11,8.195e-12,2.311365e-11,6.385574e-12,2.872813e-12,2.598466e-11
4.660496e-05,2.97,2.97,0.3192595,0.004422008,2.463807,0.004158691,2.920813e-05,0.01749432,2.224498e-09,2.951321,0.3227885,9.181197e-05,0.01749734,2.517985e-09,-5.225332e-11,-3.415934e-12,2.280397e-11,6.383174e-12,2.872813e-12,2.596652e-11
4.675496e-05,2.97,2.97,0.3210595,0.004402878,2.463807,0.004162998,2.918844e-05,0.01759147,2.225141e-09,2.951321,0.3227719,9.174627e-05,0.0175945,2.516215e-09,5.699235e-11,8.170131e-12,2.308202e-11,6.380931e-12,2.872813e-12,2.594749e-11
4.690496e-05,2.97,2.97,0.3228595,0.004385389,2.463807,0.004167278,2.916901e-05,0.01768859,2.221536e-09,2.951321,0.3227553,9.168144e-05,0.01769163,2.514417e-09,-5.201898e-11,-3.391287e-12,2.277387e-11,6.378695e-12,2.872369e-12,2.593e-11
4.705496e-05,2.97,2.97,0.3246595,0.004366194,2.463807,0.004171521,2.914945e-05,0.01778569,2.222173e-09,2.951321,0.3227387,9.161721e-05,0.01778875,2.512687e-09,5.676033e-11,8.145484e-12,2.305079e-11,6.376406e-12,2.872369e-12,2.59115e-11
4.720496e-05,2.97,2.97,0.3264595,0.004468565,2.46381,0.004175797,2.913298e-05,0.01788279,2.218826e-09,2.951321,0.322722,9.155306e-05,0.01788583,2.510908e-09,-5.096002e-11,-3.278489e-12,2.274791e-11,6.377047e-12,2.872369e-12,2.58937e-11
4.735496e-05,2.97,2.97,0.3282595,0.004726656,2.463818,0.00418015,2.911939e-05,0.01797991,2.220216e-09,2.951321,0.3227054,9.148912e-05,0.0179829,2.509186e-09,7.182452e-11,9.742873e-12,2.306692e-11,6.374848e-12,2.872813e-12,2.587503e-11
4.740224e-05,2.97,2.97,0.3288269,0.004720878,2.463813,0.004181354,2.910566e-05,0.01801045,2.21632e-09,2.951321,0.3227001,9.146911e-05,0.01801349,2.508614e-09,-7.113969e-11,-5.418999e-12,2.26711e-11,6.37437e-12,2.871925e-12,2.587022e-11
4.74577e-05,2.97,2.97,0.3294924,0.004712659,2.463812,0.004182871,2.909761e-05,0.01804632,2.2186e-09,2.951321,0.322694,9.144568e-05,0.01804937,2.507998e-09,7.408105e-11,9.982459e-12,2.30581e-11,6.37484e-12,2.871925e-12,2.586291e-11
4.759664e-05,2.97,2.97,0.3311597,0.004695539,2.463813,0.004186704,2.908078e-05,0.01813618,2.21449e-09,2.951321,0.3226785,9.138699e-05,0.01813924,2.506369e-09,-6.877911e-11,-5.16831e-12,2.265819e-11,6.372176e-12,2.872813e-12,2.584707e-11
4.774664e-05,2.97,2.97,0.3329597,0.004675084,2.463812,0.004190793,2.906149e-05,0.01823317,2.215837e-09,2.951321,0.3226618,9.13243e-05,0.01823625,2.50468e-09,7.331094e-11,9.900747e-12,2.302755e-11,6.370132e-12,2.871925e-12,2.582897e-11
4.789664e-05,2.97,2.97,0.3347597,0.004656684,2.463812,0.004194864,2.904322e-05,0.01833014,2.211656e-09,2.951321,0.3226452,9.126211e-05,0.01833323,2.502955e-09,-6.81811e-11,-5.10525e-12,2.263043e-11,6.36822e-12,2.872369e-12,2.58118e-11
4.804664e-05,2.97,2.97,0.3365597,0.004636387,2.463812,0.004198891,2.902435e-05,0.01842708,2.213003e-09,2.951321,0.3226285,9.12002e-05,0.01843018,2.501287e-09,7.280521e-11,9.84679e-12,2.299695e-11,6.366347e-12,2.871925e-12,2.579389e-11
4.819664e-05,2.97,2.97,0.3383597,0.004618149,2.463812,0.004202897,2.900628e-05,0.018524,2.208864e-09,2.951321,0.3226118,9.11385e-05,0.01852711,2.499576e-09,-6.773688e-11,-5.058398e-12,2.260262e-11,6.364563e-12,2.872369e-12,2.577711e-11
4.834664e-05,2.97,2.97,0.3401597,0.004598011,2.463812,0.004206861,2.898765e-05,0.01862089,2.210203e-09,2.951321,0.3225951,9.107733e-05,0.01862402,2.497928e-09,7.240645e-11,9.804157e-12,2.296705e-11,6.362731e-12,2.871925e-12,2.575955e-11
4.849664e-05,2.97,2.97,0.3419597,0.004579933,2.463812,0.004210802,2.896986e-05,0.01871776,2.20611e-09,2.951321,0.3225783,9.101694e-05,0.0187209,2.496252e-09,-6.736889e-11,-5.018874e-12,2.257506e-11,6.358155e-12,2.871925e-12,2.574292e-11
4.864664e-05,2.97,2.97,0.3437597,0.004559953,2.463812,0.004214703,2.895179e-05,0.0188146,2.207469e-09,2.951321,0.3225616,9.095682e-05,0.01881776,2.494633e-09,7.206178e-11,9.767742e-12,2.293794e-11,6.356507e-12,2.871925e-12,2.572561e-11
4.879664e-05,2.97,2.97,0.3455597,0.004542032,2.463812,0.004218579,2.89343e-05,0.01891142,2.20342e-09,2.951321,0.3225449,9.089725e-05,0.01891459,2.492979e-09,-6.703722e-11,-4.984013e-12,2.254807e-11,6.354787e-12,2.872813e-12,2.570941e-11
4.894664e-05,2.97,2.97,0.3473597,0.00452221,2.463812,0.004222415,2.89164e-05,0.0190082,2.20477e-09,2.951321,0.3225281,9.08381e-05,0.01901139,2.491387e-09,7.174338e-11,9.734435e-12,2.290926e-11,6.353177e-12,2.872369e-12,2.56924e-11
4.909664e-05,2.97,2.97,0.3491597,0.004504446,2.463812,0.004226228,2.889921e-05,0.01910497,2.200765e-09,2.951321,0.3225114,9.077938e-05,0.01910816,2.489757e-09,-6.672673e-11,-4.951151e-12,2.252143e-11,6.354041e-12,2.872813e-12,2.567645e-11
4.924664e-05,2.97,2.97,0.3509597,0.00448478,2.463812,0.00423,2.888173e-05,0.0192017,2.202127e-09,2.951321,0.3224946,9.072104e-05,0.01920491,2.488186e-09,7.143942e-11,9.701573e-12,2.288119e-11,6.349936e-12,2.872813e-12,2.565961e-11
4.939664e-05,2.97,2.97,0.3527597,0.00446717,2.463812,0.004233748,2.886473e-05,0.01929841,2.198156e-09,2.951321,0.3224779,9.06634e-05,0.01930164,2.486585e-09,-6.642602e-11,-4.919176e-12,2.249516e-11,6.34826e-12,2.872813e-12,2.564399e-11
4.954664e-05,2.97,2.97,0.3545597,0.004447658,2.463812,0.004237457,2.88475e-05,0.01939509,2.199516e-09,2.951321,0.3224611,9.060632e-05,0.01939833,2.485048e-09,7.114144e-11,9.670931e-12,2.285348e-11,6.346773e-12,2.872813e-12,2.562725e-11
4.969664e-05,2.97,2.97,0.3563597,0.004430201,2.463812,0.00424114,2.883104e-05,0.01949174,2.195606e-09,2.951321,0.3224443,9.054922e-05,0.019495,2.483462e-09,-6.613036e-11,-4.887646e-12,2.246954e-11,6.345152e-12,2.872813e-12,2.561161e-11
4.984664e-05,2.97,2.97,0.3581597,0.004410842,2.463812,0.004244784,2.881397e-05,0.01958837,2.196959e-09,2.951321,0.3224275,9.049295e-05,0.01959164,2.481948e-09,7.084766e-11,9.639622e-12,2.282637e-11,6.343522e-12,2.872813e-12,2.559555e-11
4.999664e-05,2.97,2.97,0.3599597,0.00439348,2.463812,0.004248402,2.879787e-05,0.01968496,2.193096e-09,2.951321,0.3224107,9.043736e-05,0.01968825,2.480403e-09,-6.583751e-11,-4.857226e-12,2.244429e-11,6.339412e-12,2.872813e-12,2.558052e-11
5.014664e-05,2.97,2.97,0.3617597,0.004374055,2.463812,0.004251981,2.878152e-05,0.01978153,2.194483e-09,2.951321,0.322394,9.038209e-05,0.01978483,2.478915e-09,7.055644e-11,9.608536e-12,2.280011e-11,6.337915e-12,2.872813e-12,2.556414e-11
5.029664e-05,2.97,2.97,0.3635597,0.004838177,2.463824,0.00425577,2.877639e-05,0.01987817,2.191539e-09,2.951321,0.3223772,9.032717e-05,0.01988138,2.477388e-09,-6.247472e-11,-4.499956e-12,2.243431e-11,6.336378e-12,2.872813e-12,2.554935e-11
5.043336e-05,2.97,2.97,0.3652003,0.004757636,2.46382,0.004258903,2.875365e-05,0.0199661,2.192378e-09,2.951321,0.3223618,9.027773e-05,0.01996936,2.47606e-09,7.130517e-11,9.687806e-12,2.277966e-11,6.33541e-12,2.872813e-12,2.553523e-11
5.050165e-05,2.97,2.97,0.3660198,0.004750358,2.463818,0.004260458,2.874399e-05,0.02001001,2.18896e-09,2.951321,0.3223542,9.025329e-05,0.02001329,2.475367e-09,-6.819603e-11,-5.107026e-12,2.239546e-11,6.336244e-12,2.872369e-12,2.552877e-11
5.062138e-05,2.97,2.97,0.3674565,0.004732733,2.463818,0.004263226,2.873109e-05,0.02008701,2.190687e-09,2.951321,0.3223408,9.021055e-05,0.0200903,2.474222e-09,7.263882e-11,9.829026e-12,2.27664e-11,6.334614e-12,2.872813e-12,2.551643e-11
5.077138e-05,2.97,2.97,0.3692565,0.004715028,2.463818,0.004266681,2.871603e-05,0.02018346,2.186855e-09,2.951321,0.322324,9.015747e-05,0.02018676,2.472746e-09,-6.7451e-11,-5.028422e-12,2.237557e-11,6.330693e-12,2.872813e-12,2.550202e-11
5.092138e-05,2.97,2.97,0.3710565,0.004693544,2.463818,0.00427009,2.870025e-05,0.02027987,2.188325e-09,2.951321,0.3223071,9.010505e-05,0.02028319,2.471336e-09,7.20267e-11,9.764189e-12,2.274046e-11,6.326527e-12,2.872813e-12,2.548677e-11
5.107138e-05,2.97,2.97,0.3728565,0.004676022,2.463818,0.004273479,2.86856e-05,0.02037625,2.184558e-09,2.951321,0.3222903,9.00533e-05,0.02037958,2.469896e-09,-6.689343e-11,-4.968692e-12,2.235329e-11,6.325427e-12,2.872813e-12,2.547288e-11
5.122138e-05,2.97,2.97,0.3746565,0.004654686,2.463818,0.004276825,2.867042e-05,0.0204726,2.186043e-09,2.951321,0.3222735,9.000191e-05,0.02047595,2.468514e-09,7.151874e-11,9.710455e-12,2.271561e-11,6.324127e-12,2.872813e-12,2.545798e-11
5.137138e-05,2.97,2.97,0.3764565,0.004637335,2.463818,0.004280149,2.86561e-05,0.02056892,2.182329e-09,2.951321,0.3222567,8.995118e-05,0.02057228,2.467101e-09,-6.642106e-11,-4.919176e-12,2.233145e-11,6.322649e-12,2.872813e-12,2.544435e-11
5.152138e-05,2.97,2.97,0.3782565,0.004616153,2.463817,0.00428343,2.864114e-05,0.0206652,2.183804e-09,2.951321,0.3222399,8.990128e-05,0.02066858,2.46576e-09,7.107239e-11,9.663159e-12,2.269138e-11,6.32145e-12,2.873257e-12,2.542995e-11
5.167138e-05,2.97,2.97,0.3800565,0.004598965,2.463818,0.004286689,2.862718e-05,0.02076146,2.180143e-09,2.951321,0.322223,8.985187e-05,0.02076485,2.464384e-09,-6.599174e-11,-4.873435e-12,2.230998e-11,6.317344e-12,2.872813e-12,2.541655e-11
5.182138e-05,2.97,2.97,0.3818565,0.00457794,2.463817,0.004289906,2.861284e-05,0.02085768,2.18164e-09,2.951321,0.3222062,8.980287e-05,0.02086108,2.463066e-09,7.0657e-11,9.618972e-12,2.266802e-11,6.316289e-12,2.872813e-12,2.540217e-11
5.197138e-05,2.97,2.97,0.3836565,0.004560911,2.463817,0.0042931,2.859938e-05,0.02095387,2.178041e-09,2.951321,0.3221894,8.975451e-05,0.02095728,2.461719e-09,-6.558542e-11,-4.830136e-12,2.228933e-11,6.314922e-12,2.873257e-12,2.538928e-11
5.212138e-05,2.97,2.97,0.3854565,0.004540044,2.463817,0.004296253,2.85853e-05,0.02105002,2.179533e-09,2.951321,0.3221725,8.970715e-05,0.02105345,2.460446e-09,7.025783e-11,9.576784e-12,2.264534e-11,6.313928e-12,2.872813e-12,2.537548e-11
5.227138e-05,2.97,2.97,0.3872565,0.004523172,2.463817,0.004299383,2.857216e-05,0.02114614,2.175983e-09,2.951321,0.3221557,8.966017e-05,0.02114959,2.459137e-09,-6.519085e-11,-4.788392e-12,2.226907e-11,6.312513e-12,2.873257e-12,2.536307e-11
5.242138e-05,2.97,2.97,0.3890565,0.004502462,2.463817,0.00430247,2.855874e-05,0.02124223,2.177501e-09,2.951321,0.3221389,8.96138e-05,0.02124569,2.457891e-09,6.986785e-11,9.535261e-12,2.262338e-11,6.308726e-12,2.872813e-12,2.534958e-11
5.257138e-05,2.97,2.97,0.3908565,0.004485746,2.463817,0.004305535,2.854615e-05,0.02133829,2.174016e-09,2.951321,0.322122,8.956821e-05,0.02134176,2.456619e-09,-6.480388e-11,-4.747092e-12,2.224974e-11,6.307108e-12,2.873257e-12,2.533715e-11
5.272138e-05,2.97,2.97,0.3926565,0.004465191,2.463817,0.004308558,2.85331e-05,0.02143431,2.175538e-09,2.951321,0.3221052,8.952292e-05,0.0214378,2.455402e-09,6.948352e-11,9.494849e-12,2.260225e-11,6.306143e-12,2.873257e-12,2.5324e-11
5.287138e-05,2.97,2.97,0.3944565,0.004448627,2.463817,0.004311558,2.852091e-05,0.0215303,2.172107e-09,2.951321,0.3220884,8.947888e-05,0.0215338,2.454173e-09,-6.441819e-11,-4.706235e-12,2.223106e-11,6.304499e-12,2.873257e-12,2.531253e-11
5.302138e-05,2.97,2.97,0.3962565,0.004428226,2.463817,0.004314517,2.850842e-05,0.02162625,2.173648e-09,2.951321,0.3220715,8.943558e-05,0.02162977,2.453011e-09,6.910217e-11,9.453993e-12,2.258186e-11,6.303467e-12,2.873257e-12,2.52998e-11
5.317138e-05,2.97,2.97,0.3980565,0.004411799,2.463817,0.004317452,2.849673e-05,0.02172217,2.170279e-09,2.951321,0.3220547,8.939258e-05,0.02172571,2.45181e-09,-6.403583e-11,-4.666045e-12,2.221313e-11,6.299503e-12,2.873257e-12,2.528836e-11
5.332138e-05,2.97,2.97,0.3998565,0.004391335,2.463817,0.004320346,2.84848e-05,0.02181806,2.171839e-09,2.951321,0.3220379,8.935084e-05,0.02182161,2.45069e-09,6.872129e-11,9.413581e-12,2.256224e-11,6.298179e-12,2.873257e-12,2.527642e-11
5.347138e-05,2.97,2.97,0.4016565,0.004444513,2.463819,0.004323252,2.847532e-05,0.02191392,2.168671e-09,2.951321,0.3220211,8.930951e-05,0.02191747,2.449535e-09,-6.317214e-11,-4.574119e-12,2.219837e-11,6.29408e-12,2.873257e-12,2.526535e-11
5.362138e-05,2.97,2.97,0.4034565,0.004743691,2.463826,0.004326239,2.846793e-05,0.02200981,2.170828e-09,2.951321,0.3220042,8.926888e-05,0.02201331,2.448446e-09,8.14319e-11,1.07625e-11,2.258327e-11,6.292954e-12,2.873701e-12,2.525324e-11
5.366144e-05,2.97,2.97,0.4039373,0.004739509,2.463823,0.00432692,2.845996e-05,0.02203536,2.16718e-09,2.951321,0.3219998,8.925807e-05,0.02203889,2.448126e-09,-7.828242e-11,-6.176393e-12,2.21445e-11,6.292691e-12,2.872813e-12,2.525094e-11
5.371686e-05,2.97,2.97,0.4046023,0.004730541,2.463822,0.004327943,2.845508e-05,0.02207075,2.169841e-09,2.951321,0.3219935,8.924332e-05,0.02207429,2.447745e-09,8.155713e-11,1.07756e-11,2.257485e-11,6.291871e-12,2.873257e-12,2.524634e-11
5.385986e-05,2.97,2.97,0.4063183,0.004713528,2.463822,0.004330602,2.844551e-05,0.02216204,2.166131e-09,2.951321,0.3219775,8.920614e-05,0.0221656,2.446704e-09,-7.631724e-11,-5.968337e-12,2.213876e-11,6.29171e-12,2.873701e-12,2.523684e-11
5.400986e-05,2.97,2.97,0.4081183,0.004692295,2.463822,0.004333344,2.843459e-05,0.02225777,2.168261e-09,2.951321,0.3219607,8.916769e-05,0.02226134,2.445674e-09,8.089475e-11,1.070499e-11,2.255691e-11,6.287977e-12,2.873701e-12,2.52253e-11
5.415986e-05,2.97,2.97,0.4099183,0.004674525,2.463822,0.004336067,2.842486e-05,0.02235347,2.164575e-09,2.951321,0.3219439,8.912986e-05,0.02235706,2.444614e-09,-7.575186e-11,-5.908385e-12,2.212415e-11,6.286408e-12,2.873701e-12,2.521544e-11
5.430986e-05,2.97,2.97,0.4117183,0.004653455,2.463822,0.004338745,2.841469e-05,0.02244913,2.166731e-09,2.951321,0.3219271,8.90931e-05,0.02245274,2.44363e-09,8.038215e-11,1.065037e-11,2.253991e-11,6.284817e-12,2.873701e-12,2.520488e-11
5.445986e-05,2.97,2.97,0.4135183,0.004635844,2.463822,0.004341402,2.840553e-05,0.02254477,2.163118e-09,2.951321,0.3219103,8.905733e-05,0.02254838,2.442628e-09,-7.52781e-11,-5.857981e-12,2.211034e-11,6.283269e-12,2.873701e-12,2.519557e-11
5.460986e-05,2.97,2.97,0.4153183,0.004614935,2.463822,0.004344017,2.839591e-05,0.02264037,2.165287e-09,2.951321,0.3218935,8.90223e-05,0.022644,2.441691e-09,7.993729e-11,1.060352e-11,2.252398e-11,6.281837e-12,2.873257e-12,2.518526e-11
5.475986e-05,2.97,2.97,0.4171183,0.004597484,2.463822,0.00434661,2.838743e-05,0.02273594,2.161752e-09,2.951321,0.3218767,8.898813e-05,0.02273958,2.440732e-09,-7.485112e-11,-5.813128e-12,2.209741e-11,6.277687e-12,2.873701e-12,2.517651e-11
5.490986e-05,2.97,2.97,0.4189183,0.004576735,2.463822,0.00434916,2.837847e-05,0.02283148,2.163946e-09,2.951321,0.3218599,8.895482e-05,0.02283514,2.439842e-09,7.952484e-11,1.055889e-11,2.250918e-11,6.278375e-12,2.873701e-12,2.516684e-11
5.505986e-05,2.97,2.97,0.4207183,0.004559441,2.463822,0.004351688,2.837057e-05,0.02292699,2.16048e-09,2.951321,0.3218432,8.892268e-05,0.02293066,2.438939e-09,-7.444539e-11,-5.770051e-12,2.208533e-11,6.276719e-12,2.873257e-12,2.515848e-11
5.520986e-05,2.97,2.97,0.4225183,0.00453885,2.463821,0.004354173,2.836231e-05,0.02302246,2.162702e-09,2.951321,0.3218264,8.889138e-05,0.02302615,2.438104e-09,7.912796e-11,1.051803e-11,2.249546e-11,6.275051e-12,2.873701e-12,2.514922e-11
5.535986e-05,2.97,2.97,0.4243183,0.004521713,2.463822,0.004356636,2.835505e-05,0.02311792,2.159311e-09,2.951321,0.3218097,8.886083e-05,0.02312162,2.437245e-09,-7.405316e-11,-5.728085e-12,2.207431e-11,6.273205e-12,2.873701e-12,2.514156e-11
5.550986e-05,2.97,2.97,0.4261183,0.004501279,2.463821,0.004359058,2.834757e-05,0.02321334,2.161567e-09,2.951321,0.3217929,8.883143e-05,0.02321706,2.436462e-09,7.873905e-11,1.047629e-11,2.248281e-11,6.268918e-12,2.873257e-12,2.513272e-11
5.565986e-05,2.97,2.97,0.4279183,0.004484297,2.463821,0.004361456,2.834103e-05,0.02330874,2.158255e-09,2.951321,0.3217762,8.880285e-05,0.02331247,2.435657e-09,-7.36668e-11,-5.686784e-12,2.20644e-11,6.26713e-12,2.873701e-12,2.512556e-11
5.580986e-05,2.97,2.97,0.4297183,0.004464018,2.463821,0.004363813,2.83343e-05,0.02340411,2.160544e-09,2.951321,0.3217595,8.877571e-05,0.02340786,2.434935e-09,7.835495e-11,1.043565e-11,2.247143e-11,6.267865e-12,2.873701e-12,2.51178e-11
5.595986e-05,2.97,2.97,0.4315183,0.004447189,2.463821,0.004366147,2.832845e-05,0.02349946,2.157308e-09,2.951321,0.3217428,8.874959e-05,0.02350323,2.434198e-09,-7.328373e-11,-5.646594e-12,2.205567e-11,6.265783e-12,2.874145e-12,2.511131e-11
5.610986e-05,2.97,2.97,0.4333183,0.004427063,2.463821,0.00436844,2.832245e-05,0.02359479,2.15963e-09,2.951321,0.3217261,8.872425e-05,0.02359857,2.433526e-09,7.7975e-11,1.039568e-11,2.246108e-11,6.261121e-12,2.873701e-12,2.510368e-11
5.625986e-05,2.97,2.97,0.4351183,0.004410261,2.463821,0.00437071,2.831748e-05,0.0236901,2.156485e-09,2.951321,0.3217094,8.870025e-05,0.0236939,2.432847e-09,-7.290372e-11,-5.606626e-12,2.204822e-11,6.256556e-12,2.873701e-12,2.509784e-11
5.640986e-05,2.97,2.97,0.4369183,0.0043901,2.463821,0.004372938,2.831216e-05,0.0237854,2.158834e-09,2.951321,0.3216927,8.867734e-05,0.0237892,2.432242e-09,7.75976e-11,1.035549e-11,2.245207e-11,6.256875e-12,2.873257e-12,2.509111e-11
5.655986e-05,2.97,2.97,0.4387183,0.005285209,2.463838,0.004375499,2.832144e-05,0.02388083,2.156827e-09,2.951321,0.321676,8.86555e-05,0.0238845,2.431623e-09,-7.105698e-11,-5.410561e-12,2.205343e-11,6.254592e-12,2.873701e-12,2.508573e-11
5.66588e-05,2.97,2.97,0.4399055,0.004787089,2.463826,0.00437669,2.830419e-05,0.02394356,2.157839e-09,2.951321,0.321665,8.864168e-05,0.02394734,2.431267e-09,6.009248e-11,8.497869e-12,2.239697e-11,6.253855e-12,2.873701e-12,2.508151e-11
5.670011e-05,2.97,2.97,0.4404014,0.004782655,2.463827,0.00437729,2.830374e-05,0.02396981,2.155816e-09,2.951321,0.3216604,8.863608e-05,0.02397359,2.431092e-09,-5.626283e-11,-3.841816e-12,2.208426e-11,6.252581e-12,2.873701e-12,2.508046e-11
5.67739e-05,2.97,2.97,0.4412868,0.004771974,2.463827,0.00437835,2.830212e-05,0.02401667,2.157705e-09,2.951321,0.3216523,8.862606e-05,0.02402046,2.43084e-09,6.148989e-11,8.646639e-12,2.239909e-11,6.252484e-12,2.873701e-12,2.507734e-11
5.69239e-05,2.97,2.97,0.4430868,0.004753093,2.463827,0.004380471,2.829875e-05,0.02411192,2.155434e-09,2.951321,0.3216356,8.860733e-05,0.02411572,2.430306e-09,-5.663548e-11,-3.880896e-12,2.207925e-11,6.251674e-12,2.873701e-12,2.507283e-11
5.70739e-05,2.97,2.97,0.4448868,0.004732478,2.463827,0.00438256,2.829568e-05,0.02420717,2.157214e-09,2.951321,0.321619,8.858931e-05,0.02421098,2.429836e-09,6.150131e-11,8.647749e-12,2.23942e-11,6.246747e-12,2.874145e-12,2.506769e-11
5.72239e-05,2.97,2.97,0.4466868,0.004713758,2.463826,0.004384618,2.829316e-05,0.02430241,2.155014e-09,2.951321,0.3216024,8.857304e-05,0.02430624,2.429371e-09,-5.656672e-11,-3.873568e-12,2.207513e-11,6.24662e-12,2.873701e-12,2.506421e-11
5.73739e-05,2.97,2.97,0.4484868,0.004693309,2.463826,0.004386642,2.829092e-05,0.02439766,2.156848e-09,2.951321,0.3215858,8.855783e-05,0.02440151,2.428978e-09,6.137789e-11,8.634871e-12,2.239021e-11,6.244192e-12,2.874145e-12,2.505939e-11
5.75239e-05,2.97,2.97,0.4502868,0.004674749,2.463826,0.004388637,2.828941e-05,0.02449291,2.154739e-09,2.951321,0.3215692,8.854389e-05,0.02449677,2.428578e-09,-5.640155e-11,-3.857137e-12,2.207276e-11,6.243955e-12,2.874145e-12,2.505638e-11
5.76739e-05,2.97,2.97,0.4520868,0.004654463,2.463826,0.004390596,2.828815e-05,0.02458818,2.156635e-09,2.951321,0.3215526,8.853135e-05,0.02459205,2.428258e-09,6.1187e-11,8.61422e-12,2.238759e-11,6.241369e-12,2.874145e-12,2.505271e-11
5.78239e-05,2.97,2.97,0.4538868,0.004636064,2.463826,0.004392528,2.828769e-05,0.02468346,2.15462e-09,2.951321,0.3215361,8.85201e-05,0.02468734,2.427933e-09,-5.619225e-11,-3.83471e-12,2.207211e-11,6.240998e-12,2.873701e-12,2.505059e-11
5.79739e-05,2.97,2.97,0.4556868,0.004615939,2.463826,0.004394422,2.828749e-05,0.02477875,2.156584e-09,2.951321,0.3215196,8.851052e-05,0.02478266,2.427696e-09,6.096548e-11,8.590684e-12,2.238655e-11,6.238011e-12,2.873257e-12,2.50479e-11
5.81239e-05,2.97,2.97,0.4574868,0.004597698,2.463826,0.00439629,2.828804e-05,0.02487408,2.154662e-09,2.951321,0.3215031,8.850264e-05,0.024878,2.427463e-09,-5.596183e-11,-3.810063e-12,2.207312e-11,6.23477e-12,2.873257e-12,2.504653e-11
5.82739e-05,2.97,2.97,0.4592868,0.004577733,2.463826,0.004398121,2.828882e-05,0.02496944,2.156685e-09,2.951321,0.3214866,8.849626e-05,0.02497337,2.427315e-09,6.072901e-11,8.565593e-12,2.238704e-11,6.234397e-12,2.873701e-12,2.504459e-11
5.84239e-05,2.97,2.97,0.4610868,0.004559651,2.463826,0.004399925,2.829041e-05,0.02506483,2.154859e-09,2.951321,0.3214701,8.849102e-05,0.02506878,2.427156e-09,-5.57197e-11,-3.78475e-12,2.20758e-11,6.233586e-12,2.873257e-12,2.504391e-11
5.85739e-05,2.97,2.97,0.4628868,0.004539844,2.463825,0.004401692,2.829232e-05,0.02516027,2.156954e-09,2.951321,0.3214536,8.848726e-05,0.02516423,2.427081e-09,6.048386e-11,8.539613e-12,2.238921e-11,6.230316e-12,2.873257e-12,2.504271e-11
5.87239e-05,2.97,2.97,0.4646868,0.004521918,2.463825,0.004403432,2.829514e-05,0.02525577,2.15524e-09,2.951321,0.3214372,8.848534e-05,0.02525974,2.427015e-09,-5.547164e-11,-3.758549e-12,2.20803e-11,6.226798e-12,2.873701e-12,2.504305e-11
5.88739e-05,2.97,2.97,0.4664868,0.004502267,2.463825,0.004405135,2.829805e-05,0.02535132,2.157396e-09,2.951321,0.3214208,8.848474e-05,0.0253553,2.427028e-09,6.023818e-11,8.512746e-12,2.239313e-11,6.223048e-12,2.873257e-12,2.504281e-11
5.90239e-05,2.97,2.97,0.4682868,0.004484496,2.463825,0.004406812,2.830227e-05,0.02544695,2.155806e-09,2.951321,0.3214044,8.848594e-05,0.02545094,2.427049e-09,-5.522316e-11,-3.731904e-12,2.20867e-11,6.222218e-12,2.874145e-12,2.504435e-11
5.91739e-05,2.97,2.97,0.4700868,0.004465001,2.463825,0.004408451,2.830646e-05,0.02554266,2.158046e-09,2.951321,0.321388,8.848876e-05,0.02554666,2.427158e-09,5.998956e-11,8.486323e-12,2.239916e-11,6.220884e-12,2.873257e-12,2.5045e-11
5.93239e-05,2.97,2.97,0.4718868,0.004447383,2.463825,0.004410065,2.831174e-05,0.02563846,2.156555e-09,2.951321,0.3213716,8.849323e-05,0.02564247,2.427271e-09,-5.497379e-11,-3.70548e-12,2.209499e-11,6.219759e-12,2.872813e-12,2.504734e-11
5.94739e-05,2.97,2.97,0.4736868,0.004427989,2.463825,0.004411641,2.831725e-05,0.02573435,2.158882e-09,2.951321,0.3213553,8.849953e-05,0.02573838,2.427477e-09,5.974074e-11,8.459899e-12,2.240711e-11,6.21856e-12,2.873257e-12,2.504915e-11
5.96239e-05,2.97,2.97,0.4754868,0.004410304,2.463825,0.004413192,2.832372e-05,0.02583037,2.157499e-09,2.951321,0.321339,8.850812e-05,0.02583441,2.427706e-09,-5.47246e-11,-3.679501e-12,2.210519e-11,6.214368e-12,2.873257e-12,2.505277e-11
5.97739e-05,2.97,2.97,0.4772868,0.004826494,2.463835,0.004414918,2.834053e-05,0.0259266,2.160732e-09,2.951321,0.3213227,8.851823e-05,0.02593056,2.428019e-09,6.230821e-11,8.732348e-12,2.243048e-11,6.212932e-12,2.872813e-12,2.505532e-11
5.990629e-05,2.97,2.97,0.4788755,0.004799016,2.463833,0.00441619,2.834079e-05,0.02601155,2.158921e-09,2.951321,0.3213083,8.852892e-05,0.02601553,2.428307e-09,-5.050203e-11,-3.232303e-12,2.212984e-11,6.211443e-12,2.872813e-12,2.50594e-11
5.995355e-05,2.97,2.97,0.4794426,0.004792465,2.463831,0.004416605,2.834005e-05,0.02604189,2.160509e-09,2.951321,0.3213032,8.853296e-05,0.0260459,2.428443e-09,5.306268e-11,7.751355e-12,2.240648e-11,6.210502e-12,2.872369e-12,2.506035e-11
6.001345e-05,2.97,2.97,0.4801614,0.004784453,2.463831,0.004417183,2.83433e-05,0.02608039,2.159176e-09,2.951321,0.3212967,8.853834e-05,0.0260844,2.428578e-09,-4.849072e-11,-3.018696e-12,2.213837e-11,6.209511e-12,2.872813e-12,2.506241e-11
6.015062e-05,2.97,2.97,0.4818074,0.004766392,2.46383,0.004418495,2.835146e-05,0.02616866,2.161405e-09,2.951321,0.3212819,8.855223e-05,0.02617268,2.428997e-09,5.341706e-11,7.788881e-12,2.241651e-11,6.209059e-12,2.872369e-12,2.506658e-11
6.030062e-05,2.97,2.97,0.4836074,0.00474654,2.46383,0.004419899,2.836106e-05,0.02626536,2.160567e-09,2.951321,0.3212656,8.856953e-05,0.02626939,2.429472e-09,-4.852555e-11,-3.022471e-12,2.215235e-11,6.207064e-12,2.872813e-12,2.507261e-11
6.045062e-05,2.97,2.97,0.4854074,0.004726947,2.46383,0.004421271,2.837145e-05,0.02636226,2.162967e-09,2.951321,0.3212495,8.85885e-05,0.0263663,2.430036e-09,5.33987e-11,7.786438e-12,2.243235e-11,6.204975e-12,2.871925e-12,2.507774e-11
6.060062e-05,2.97,2.97,0.4872074,0.004707255,2.46383,0.004422613,2.83825e-05,0.02645938,2.162249e-09,2.951321,0.3212333,8.86098e-05,0.02646342,2.430625e-09,-4.847071e-11,-3.017586e-12,2.216947e-11,6.202648e-12,2.872369e-12,2.50851e-11
6.075062e-05,2.97,2.97,0.4890074,0.004687828,2.46383,0.004423922,2.839439e-05,0.02655673,2.164761e-09,2.951321,0.3212172,8.863315e-05,0.02656078,2.431313e-09,5.332259e-11,7.777556e-12,2.245035e-11,6.20042e-12,2.872369e-12,2.509165e-11
6.090062e-05,2.97,2.97,0.4908074,0.004668296,2.46383,0.004425201,2.840721e-05,0.02665434,2.16419e-09,2.951321,0.3212011,8.865861e-05,0.0266584,2.432021e-09,-4.837672e-11,-3.007816e-12,2.218931e-11,6.200383e-12,2.871037e-12,2.510004e-11
6.105062e-05,2.97,2.97,0.4926074,0.004649031,2.46383,0.004426447,2.842049e-05,0.02675224,2.166804e-09,2.951321,0.321185,8.868625e-05,0.02675631,2.432832e-09,5.321812e-11,7.766232e-12,2.247073e-11,6.197944e-12,2.871481e-12,2.510804e-11
6.120062e-05,2.97,2.97,0.4944074,0.004629659,2.46383,0.004427664,2.843505e-05,0.02685044,2.166381e-09,2.951321,0.3211689,8.871661e-05,0.02685451,2.43368e-09,-4.826333e-11,-2.996492e-12,2.221168e-11,6.195006e-12,2.871037e-12,2.511789e-11
6.135062e-05,2.97,2.97,0.4962074,0.004610556,2.463829,0.004428848,2.845018e-05,0.02694898,2.169132e-09,2.951321,0.3211529,8.874948e-05,0.02695306,2.434641e-09,5.310022e-11,7.752909e-12,2.249387e-11,6.192013e-12,2.870593e-12,2.512742e-11
6.150062e-05,2.97,2.97,0.4980074,0.004591343,2.463829,0.004430003,2.846642e-05,0.02704789,2.168852e-09,2.951321,0.3211369,8.87845e-05,0.02705197,2.435623e-09,-4.813911e-11,-2.983613e-12,2.223689e-11,6.188981e-12,2.870593e-12,2.51387e-11
6.165062e-05,2.97,2.97,0.4998074,0.004572399,2.463829,0.004431124,2.848342e-05,0.02714719,2.171744e-09,2.951321,0.3211209,8.882227e-05,0.02715127,2.436724e-09,5.297363e-11,7.739143e-12,2.251987e-11,6.188381e-12,2.869704e-12,2.514936e-11
6.180062e-05,2.97,2.97,0.5016074,0.004553344,2.463829,0.004432217,2.850143e-05,0.02724692,2.171616e-09,2.951321,0.321105,8.886242e-05,0.027251,2.437855e-09,-4.800987e-11,-2.971179e-12,2.226488e-11,6.184938e-12,2.869704e-12,2.516184e-11
6.195062e-05,2.97,2.97,0.5034074,0.004534557,2.463829,0.004433277,2.852048e-05,0.02734711,2.174662e-09,2.951321,0.321089,8.890456e-05,0.02735119,2.439084e-09,5.284464e-11,7.724266e-12,2.254874e-11,6.184043e-12,2.869704e-12,2.517406e-11
6.210062e-05,2.97,2.97,0.5052074,0.004515659,2.463829,0.004434308,2.854045e-05,0.0274478,2.174701e-09,2.951321,0.3210732,8.894991e-05,0.02745188,2.440366e-09,-4.788001e-11,-2.958078e-12,2.229616e-11,6.180409e-12,2.86926e-12,2.518822e-11
6.225062e-05,2.97,2.97,0.5070074,0.004497028,2.463829,0.004435305,2.856132e-05,0.02754904,2.177886e-09,2.951321,0.3210573,8.89982e-05,0.02755312,2.441773e-09,5.271492e-11,7.709167e-12,2.258071e-11,6.179104e-12,2.868816e-12,2.520231e-11
6.240062e-05,2.97,2.97,0.5088074,0.004478285,2.463829,0.004436275,2.858347e-05,0.02765086,2.178111e-09,2.951321,0.3210415,8.904931e-05,0.02765494,2.443223e-09,-4.774859e-11,-2.945422e-12,2.233053e-11,6.17771e-12,2.868372e-12,2.521819e-11
6.255062e-05,2.97,2.97,0.5106074,0.004459808,2.463829,0.00443721,2.860634e-05,0.02775332,2.181448e-09,2.951321,0.3210257,8.910353e-05,0.02775739,2.444803e-09,5.25852e-11,7.694734e-12,2.261595e-11,6.176223e-12,2.867928e-12,2.523378e-11
6.270062e-05,2.97,2.97,0.5124074,0.004441181,2.463828,0.004438118,2.863057e-05,0.02785645,2.181853e-09,2.951321,0.3210099,8.916038e-05,0.02786052,2.446422e-09,-4.761911e-11,-2.932543e-12,2.236817e-11,6.174521e-12,2.86704e-12,2.525128e-11
6.285062e-05,2.97,2.97,0.5142074,0.004422636,2.463828,0.004438993,2.865588e-05,0.02796033,2.185377e-09,2.951321,0.3209942,8.922045e-05,0.02796438,2.448174e-09,5.245362e-11,7.679635e-12,2.265475e-11,6.172637e-12,2.866152e-12,2.526834e-11
6.300062e-05,2.97,2.97,0.5160074,0.004696009,2.463835,0.004439984,2.868908e-05,0.02806505,2.186529e-09,2.951321,0.3209785,8.928352e-05,0.02806904,2.449976e-09,-4.553446e-11,-2.713163e-12,2.241862e-11,6.170382e-12,2.865708e-12,2.528778e-11
6.31388e-05,2.97,2.97,0.5176656,0.004816244,2.463839,0.004440803,2.871392e-05,0.02816225,2.190218e-09,2.951321,0.3209641,8.934443e-05,0.0281662,2.451758e-09,6.349245e-11,8.849144e-12,2.273009e-11,6.167938e-12,2.864819e-12,2.530542e-11
6.320109e-05,2.97,2.97,0.5184131,0.004808306,2.463835,0.004441052,2.871998e-05,0.02820628,2.188654e-09,2.951321,0.3209576,8.937283e-05,0.02821025,2.452561e-09,-6.222713e-11,-4.484857e-12,2.239761e-11,6.166706e-12,2.865264e-12,2.531422e-11
6.327148e-05,2.97,2.97,0.5192578,0.00479817,2.463834,0.004441404,2.87326e-05,0.02825624,2.191778e-09,2.951321,0.3209502,8.940548e-05,0.02826022,2.453526e-09,6.574684e-11,9.08762e-12,2.27528e-11,6.166659e-12,2.864819e-12,2.532337e-11
6.340998e-05,2.97,2.97,0.5209198,0.004780616,2.463834,0.004442117,2.876066e-05,0.02835521,2.191951e-09,2.951321,0.3209358,8.947195e-05,0.02835917,2.455434e-09,-6.034906e-11,-4.286127e-12,2.243513e-11,6.165537e-12,2.863487e-12,2.534357e-11
6.355998e-05,2.97,2.97,0.5227198,0.00475996,2.463834,0.004442839,2.879126e-05,0.0284634,2.196448e-09,2.951321,0.3209202,8.954769e-05,0.02846733,2.457652e-09,6.489839e-11,8.995471e-12,2.279677e-11,6.162844e-12,2.862599e-12,2.536556e-11
6.370998e-05,2.97,2.97,0.5245198,0.004741062,2.463834,0.004443546,2.882396e-05,0.0285727,2.197039e-09,2.951321,0.3209047,8.962694e-05,0.02857661,2.459938e-09,-5.970768e-11,-4.220624e-12,2.248693e-11,6.162701e-12,2.861267e-12,2.538955e-11
6.385998e-05,2.97,2.97,0.5263198,0.004720557,2.463834,0.00444421,2.885708e-05,0.0286832,2.201716e-09,2.951321,0.3208892,8.970948e-05,0.02868709,2.462361e-09,6.437312e-11,8.937961e-12,2.284721e-11,6.159553e-12,2.860823e-12,2.541332e-11
6.400998e-05,2.97,2.97,0.5281198,0.004701832,2.463834,0.004444854,2.889253e-05,0.02879498,2.202564e-09,2.951321,0.3208737,8.979546e-05,0.02879885,2.464852e-09,-5.926021e-11,-4.174661e-12,2.254238e-11,6.156314e-12,2.85949e-12,2.543925e-11
6.415998e-05,2.97,2.97,0.5299198,0.004681483,2.463833,0.004445459,2.892872e-05,0.02890815,2.207472e-09,2.951321,0.3208583,8.988575e-05,0.02891199,2.46751e-09,6.39848e-11,8.894441e-12,2.290274e-11,6.15566e-12,2.858158e-12,2.546541e-11
6.430998e-05,2.97,2.97,0.5317198,0.004662924,2.463833,0.004446043,2.896671e-05,0.0290228,2.208559e-09,2.951321,0.3208429,8.997958e-05,0.0290266,2.470239e-09,-5.891086e-11,-4.14091e-12,2.260196e-11,6.154439e-12,2.85727e-12,2.549356e-11
6.445998e-05,2.97,2.97,0.5335198,0.004642733,2.463833,0.004446589,2.900577e-05,0.02913903,2.213691e-09,2.951321,0.3208275,9.007738e-05,0.0291428,2.473129e-09,6.366319e-11,8.857803e-12,2.296261e-11,6.150819e-12,2.855938e-12,2.552155e-11
6.460998e-05,2.97,2.97,0.5353198,0.004624337,2.463833,0.004447112,2.904684e-05,0.02925697,2.215057e-09,2.951321,0.3208122,9.017971e-05,0.0292607,2.476117e-09,-5.86082e-11,-4.111378e-12,2.266609e-11,6.149355e-12,2.854161e-12,2.555253e-11
6.475998e-05,2.97,2.97,0.5371198,0.004604306,2.463833,0.004447599,2.908891e-05,0.02937673,2.220429e-09,2.951321,0.3207969,9.028605e-05,0.02938041,2.479269e-09,6.337656e-11,8.824275e-12,2.302749e-11,6.145215e-12,2.852829e-12,2.558322e-11
6.490998e-05,2.97,2.97,0.5389198,0.004586068,2.463833,0.004448062,2.91331e-05,0.02949844,2.222081e-09,2.951321,0.3207817,9.039638e-05,0.02950208,2.482508e-09,-5.832973e-11,-4.084955e-12,2.273495e-11,6.14346e-12,2.851941e-12,2.561621e-11
6.505998e-05,2.97,2.97,0.5407198,0.004566196,2.463833,0.00444849,2.917872e-05,0.02962224,2.227739e-09,2.951321,0.3207665,9.051155e-05,0.02962583,2.485935e-09,6.31064e-11,8.791856e-12,2.309766e-11,6.141612e-12,2.849276e-12,2.564955e-11
6.520998e-05,2.97,2.97,0.5425198,0.004548117,2.463833,0.004448893,2.922615e-05,0.02974828,2.229689e-09,2.951321,0.3207513,9.06311e-05,0.02975181,2.489461e-09,-5.806203e-11,-4.06053e-12,2.280915e-11,6.139388e-12,2.8475e-12,2.568523e-11
6.535998e-05,2.97,2.97,0.5443198,0.004528402,2.463832,0.004449261,2.927503e-05,0.02987671,2.235615e-09,2.951321,0.3207362,9.075557e-05,0.02988018,2.49318e-09,6.284618e-11,8.760104e-12,2.317291e-11,6.139679e-12,2.845724e-12,2.572137e-11
6.550998e-05,2.97,2.97,0.5461198,0.004510479,2.463833,0.004449606,2.932621e-05,0.03000771,2.237908e-09,2.951321,0.3207211,9.088495e-05,0.03001111,2.497016e-09,-5.780234e-11,-4.037437e-12,2.288887e-11,6.134269e-12,2.843059e-12,2.575971e-11
6.565998e-05,2.97,2.97,0.5479198,0.004490919,2.463832,0.004449915,2.937889e-05,0.03014145,2.244149e-09,2.951321,0.320706,9.101913e-05,0.03014477,2.501042e-09,6.258994e-11,8.728351e-12,2.325425e-11,6.134276e-12,2.841283e-12,2.579889e-11
6.580998e-05,2.97,2.97,0.5497198,0.00447315,2.463832,0.0044502,2.943344e-05,0.03027811,2.24676e-09,2.951321,0.320691,9.115866e-05,0.03028136,2.505202e-09,-5.754661e-11,-4.014789e-12,2.297427e-11,6.131387e-12,2.839062e-12,2.584019e-11
6.595998e-05,2.97,2.97,0.5515198,0.004453718,2.463832,0.004450451,2.948991e-05,0.03041791,2.25332e-09,2.951321,0.320676,9.130302e-05,0.03042107,2.509556e-09,6.233576e-11,8.696377e-12,2.334115e-11,6.130812e-12,2.835954e-12,2.58819e-11
6.610998e-05,2.97,2.97,0.5533198,0.004435876,2.463832,0.004450678,2.954883e-05,0.03056106,2.256331e-09,2.951321,0.3206611,9.14533e-05,0.03056412,2.514061e-09,-5.729285e-11,-3.993916e-12,2.306603e-11,6.129843e-12,2.833289e-12,2.592678e-11
6.625998e-05,2.97,2.97,0.5551198,0.004608537,2.463837,0.004450965,2.961385e-05,0.03070782,2.26361e-09,2.951321,0.3206462,9.160917e-05,0.03071074,2.518785e-09,6.338956e-11,8.80207e-12,2.344088e-11,6.12895e-12,2.829736e-12,2.5972e-11
6.639507e-05,2.97,2.97,0.5567409,0.004813967,2.463843,0.00445124,2.96728e-05,0.03084327,2.266962e-09,2.951321,0.3206328,9.175446e-05,0.03084604,2.523165e-09,-4.157294e-11,-2.332579e-12,2.320648e-11,6.126553e-12,2.827516e-12,2.601511e-11
6.644182e-05,2.97,2.97,0.5573019,0.004806685,2.463838,0.004451196,2.968631e-05,0.03089084,2.269232e-09,2.951321,0.3206282,9.180579e-05,0.03089362,2.52474e-09,4.285936e-11,6.620704e-12,2.344129e-11,6.124346e-12,2.826184e-12,2.602953e-11
6.651017e-05,2.97,2.97,0.558122,0.004798011,2.463838,0.004451248,2.971531e-05,0.03096117,2.270635e-09,2.951321,0.3206215,9.188178e-05,0.0309639,2.527029e-09,-3.899344e-11,-2.061462e-12,2.324899e-11,6.122173e-12,2.824851e-12,2.605224e-11
6.666017e-05,2.97,2.97,0.559922,0.004777706,2.463838,0.004451368,2.978203e-05,0.03111868,2.277285e-09,2.951321,0.3206067,9.205337e-05,0.03112128,2.532269e-09,4.40975e-11,6.746381e-12,2.352042e-11,6.121134e-12,2.821299e-12,2.610186e-11
6.681017e-05,2.97,2.97,0.561722,0.004758302,2.463838,0.004451453,2.985072e-05,0.03128073,2.282006e-09,2.951321,0.3205919,9.223064e-05,0.0312832,2.537663e-09,-3.928553e-11,-2.099654e-12,2.335498e-11,6.119321e-12,2.816858e-12,2.615444e-11
6.696017e-05,2.97,2.97,0.563522,0.004738164,2.463838,0.004451513,2.992214e-05,0.03144765,2.289095e-09,2.951321,0.3205773,9.241461e-05,0.03144997,2.543315e-09,4.425676e-11,6.755929e-12,2.363143e-11,6.117492e-12,2.813749e-12,2.620784e-11
6.711017e-05,2.97,2.97,0.565322,0.004718922,2.463838,0.004451543,2.999591e-05,0.03161976,2.294279e-09,2.951321,0.3205626,9.260519e-05,0.03162192,2.549153e-09,-3.934831e-11,-2.114975e-12,2.346943e-11,6.117916e-12,2.808864e-12,2.626438e-11
6.726017e-05,2.97,2.97,0.567122,0.00469895,2.463838,0.004451544,3.00723e-05,0.0317974,2.301828e-09,2.951321,0.320548,9.280301e-05,0.0317994,2.555269e-09,4.425557e-11,6.745937e-12,2.374999e-11,6.115786e-12,2.803979e-12,2.632183e-11
6.741017e-05,2.97,2.97,0.568922,0.004679869,2.463838,0.004451518,3.015124e-05,0.03198095,2.307499e-09,2.951321,0.3205334,9.300752e-05,0.03198277,2.561577e-09,-3.929923e-11,-2.120526e-12,2.359214e-11,6.107936e-12,2.799094e-12,2.638188e-11
6.756017e-05,2.97,2.97,0.570722,0.004660059,2.463837,0.004451461,3.023293e-05,0.03217081,2.315541e-09,2.951321,0.3205189,9.321916e-05,0.03217243,2.568166e-09,4.417734e-11,6.726841e-12,2.387653e-11,6.107507e-12,2.794209e-12,2.644346e-11
6.771017e-05,2.97,2.97,0.572522,0.004641139,2.463837,0.004451378,3.031752e-05,0.03236738,2.32175e-09,2.951321,0.3205045,9.343836e-05,0.0323688,2.574978e-09,-3.919288e-11,-2.120082e-12,2.372367e-11,6.107089e-12,2.788436e-12,2.650829e-11
6.786017e-05,2.97,2.97,0.574322,0.00462149,2.463837,0.004451265,3.040483e-05,0.03257113,2.330319e-09,2.951321,0.32049,9.366518e-05,0.03257232,2.582091e-09,4.406036e-11,6.702416e-12,2.401186e-11,6.103736e-12,2.783107e-12,2.657403e-11
6.801017e-05,2.97,2.97,0.576122,0.00460273,2.463837,0.004451126,3.049543e-05,0.03278252,2.337108e-09,2.951321,0.3204757,9.390066e-05,0.03278348,2.589464e-09,-3.906196e-11,-2.118972e-12,2.386443e-11,6.102471e-12,2.776002e-12,2.664377e-11
6.816017e-05,2.97,2.97,0.577922,0.00458324,2.463837,0.004450956,3.058878e-05,0.03300207,2.346251e-09,2.951321,0.3204613,9.414412e-05,0.03300276,2.597155e-09,4.392455e-11,6.674217e-12,2.415665e-11,6.101277e-12,2.76934e-12,2.671438e-11
6.831017e-05,2.97,2.97,0.579722,0.004564639,2.463837,0.004450761,3.06857e-05,0.0332303,2.35366e-09,2.951321,0.320447,9.439611e-05,0.03323072,2.605109e-09,-3.891707e-11,-2.117861e-12,2.401502e-11,6.097203e-12,2.761791e-12,2.678864e-11
6.846017e-05,2.97,2.97,0.581522,0.004545307,2.463837,0.004450535,3.078573e-05,0.0334678,2.36344e-09,2.951321,0.3204328,9.465706e-05,0.03346792,2.613418e-09,4.377878e-11,6.644241e-12,2.431173e-11,6.09543e-12,2.753797e-12,2.686472e-11
6.861017e-05,2.97,2.97,0.583322,0.004526862,2.463838,0.004450285,3.088951e-05,0.03371517,2.371527e-09,2.951321,0.3204186,9.492708e-05,0.03371497,2.622014e-09,-3.876688e-11,-2.118528e-12,2.41763e-11,6.096107e-12,2.745804e-12,2.694402e-11
6.876017e-05,2.97,2.97,0.585122,0.004507687,2.463838,0.004450003,3.099642e-05,0.03397305,2.381978e-09,2.951321,0.3204045,9.520668e-05,0.03397251,2.630989e-09,4.362957e-11,6.610268e-12,2.447757e-11,6.093886e-12,2.736478e-12,2.702565e-11
6.891017e-05,2.97,2.97,0.586922,0.004489397,2.463838,0.004449697,3.110746e-05,0.03424214,2.390794e-09,2.951321,0.3203904,9.549598e-05,0.03424124,2.64028e-09,-3.861432e-11,-2.12097e-12,2.434876e-11,6.091475e-12,2.727596e-12,2.711071e-11
6.906017e-05,2.97,2.97,0.588722,0.004470376,2.463838,0.00444936,3.122212e-05,0.03452317,2.402002e-09,2.951321,0.3203763,9.579569e-05,0.03452187,2.649983e-09,4.348066e-11,6.574963e-12,2.465527e-11,6.091542e-12,2.716938e-12,2.719779e-11
6.921017e-05,2.97,2.97,0.590522,0.004452094,2.463838,0.004448999,3.134096e-05,0.03481692,2.41161e-09,2.951321,0.3203623,9.610619e-05,0.0348152,2.660044e-09,-3.845767e-11,-2.126077e-12,2.453352e-11,6.088521e-12,2.706724e-12,2.728957e-11
6.936017e-05,2.97,2.97,0.592322,0.004433141,2.463838,0.004448608,3.146386e-05,0.03512421,2.423636e-09,2.951321,0.3203484,9.642757e-05,0.03512204,2.670541e-09,4.333144e-11,6.536549e-12,2.484568e-11,6.085256e-12,2.695177e-12,2.738278e-11
6.951017e-05,2.97,2.97,0.594122,0.005210175,2.46385,0.004448428,3.15966e-05,0.03544602,2.434467e-09,2.951321,0.3203345,9.676014e-05,0.03544327,2.681419e-09,-4.081334e-11,-2.399414e-12,2.472738e-11,6.08455e-12,2.683187e-12,2.748105e-11
6.96101e-05,2.97,2.97,0.5953212,0.004827107,2.463844,0.004448016,3.16778e-05,0.03566877,2.44281e-09,2.951321,0.3203253,9.698853e-05,0.03566573,2.688948e-09,3.704943e-11,5.849321e-12,2.4997e-11,6.082875e-12,2.674749e-12,2.754737e-11
6.965709e-05,2.97,2.97,0.5958851,0.004820359,2.463844,0.004447878,3.17199e-05,0.03577597,2.4459e-09,2.951321,0.3203209,9.709774e-05,0.03577276,2.69253e-09,-3.242272e-11,-1.522338e-12,2.484964e-11,6.082202e-12,2.670308e-12,2.758002e-11
6.973955e-05,2.97,2.97,0.5968746,0.004809934,2.463844,0.004447625,3.179451e-05,0.03596798,2.453405e-09,2.951321,0.3203133,9.729211e-05,0.03596447,2.698969e-09,3.762642e-11,5.898393e-12,2.509058e-11,6.08265e-12,2.662759e-12,2.763608e-11
6.988955e-05,2.97,2.97,0.5986746,0.004789406,2.463845,0.004447137,3.193333e-05,0.03633047,2.465324e-09,2.951321,0.3202996,9.765537e-05,0.03632639,2.710998e-09,-3.274057e-11,-1.577849e-12,2.501719e-11,6.079951e-12,2.648992e-12,2.774314e-11
7.003955e-05,2.97,2.97,0.6004746,0.004770132,2.463845,0.004446625,3.207739e-05,0.03671096,2.479255e-09,2.951321,0.3202858,9.803225e-05,0.03670627,2.723571e-09,3.773993e-11,5.880629e-12,2.531426e-11,6.078314e-12,2.633893e-12,2.785309e-11
7.018955e-05,2.97,2.97,0.6022746,0.004749764,2.463845,0.004446085,3.222631e-05,0.03711059,2.492223e-09,2.951321,0.3202722,9.842255e-05,0.03710525,2.736623e-09,-3.280336e-11,-1.616485e-12,2.524822e-11,6.076425e-12,2.617018e-12,2.796806e-11
7.033955e-05,2.97,2.97,0.6040746,0.004730657,2.463845,0.004445518,3.238089e-05,0.03753061,2.507255e-09,2.951321,0.3202585,9.882723e-05,0.03752456,2.750258e-09,3.777831e-11,5.850653e-12,2.555393e-11,6.074461e-12,2.600586e-12,2.808604e-11
7.048955e-05,2.97,2.97,0.6058746,0.004710451,2.463846,0.004444925,3.254097e-05,0.03797231,2.521392e-09,2.951321,0.320245,9.92465e-05,0.03796551,2.764421e-09,-3.281152e-11,-1.653788e-12,2.549658e-11,6.072363e-12,2.582379e-12,2.820954e-11
7.063955e-05,2.97,2.97,0.6076746,0.004691509,2.463846,0.004444305,3.270698e-05,0.03843709,2.537629e-09,2.951321,0.3202314,9.968077e-05,0.03842949,2.779204e-09,3.77761e-11,5.81224e-12,2.581134e-11,6.06733e-12,2.563283e-12,2.833637e-11
7.078955e-05,2.97,2.97,0.6094746,0.004671463,2.463846,0.00444366,3.287914e-05,0.03892641,2.553047e-09,2.951321,0.320218,0.0001001315,0.03891795,2.794588e-09,-3.279476e-11,-1.692424e-12,2.576366e-11,6.067371e-12,2.542855e-12,2.846894e-11
7.093955e-05,2.97,2.97,0.6112746,0.004652684,2.463847,0.004442987,3.305754e-05,0.03944185,2.570608e-09,2.951321,0.3202045,0.0001005986,0.03943247,2.810653e-09,3.775777e-11,5.767165e-12,2.608807e-11,6.064438e-12,2.520206e-12,2.86057e-11
7.108955e-05,2.97,2.97,0.6130746,0.004632799,2.463847,0.00444229,3.324266e-05,0.03998507,2.587421e-09,2.951321,0.3201912,0.0001010836,0.0399747,2.827382e-09,-3.276215e-11,-1.735057e-12,2.605073e-11,6.063853e-12,2.497114e-12,2.874835e-11
7.123955e-05,2.97,2.97,0.6148746,0.00461418,2.463848,0.004441566,3.343464e-05,0.04055783,2.606444e-09,2.951321,0.3201779,0.0001015864,0.04054641,2.844858e-09,3.773205e-11,5.714762e-12,2.638573e-11,6.060603e-12,2.472245e-12,2.88953e-11
7.138955e-05,2.97,2.97,0.6166746,0.004594455,2.463848,0.004440817,3.363412e-05,0.04116201,2.624812e-09,2.951321,0.3201646,0.0001021083,0.04114947,2.863056e-09,-3.272433e-11,-1.783906e-12,2.635994e-11,6.059118e-12,2.445155e-12,2.904906e-11
7.153955e-05,2.97,2.97,0.6184746,0.004575995,2.463849,0.004440042,3.384095e-05,0.0417996,2.645449e-09,2.951321,0.3201514,0.00010265,0.04178586,2.882082e-09,3.769926e-11,5.656142e-12,2.670648e-11,6.057843e-12,2.417622e-12,2.920747e-11
7.168955e-05,2.97,2.97,0.6202746,0.004556428,2.463849,0.004439242,3.405595e-05,0.04247272,2.66552e-09,2.951321,0.3201383,0.0001032127,0.04245768,2.901918e-09,-3.268174e-11,-1.838085e-12,2.669309e-11,6.056284e-12,2.387868e-12,2.93732e-11
7.183955e-05,2.97,2.97,0.6220746,0.004538126,2.46385,0.004438416,3.427886e-05,0.0431836,2.687927e-09,2.951321,0.3201252,0.0001037968,0.04316719,2.922656e-09,3.766921e-11,5.589973e-12,2.705217e-11,6.054635e-12,2.355893e-12,2.95443e-11
7.198955e-05,2.97,2.97,0.6238746,0.004518715,2.463851,0.004437566,3.451086e-05,0.04393463,2.70988e-09,2.951321,0.3201121,0.000104404,0.04391674,2.944293e-09,-3.263871e-11,-1.900258e-12,2.705242e-11,6.052506e-12,2.322142e-12,2.972338e-11
7.213955e-05,2.97,2.97,0.6256746,0.004500569,2.463851,0.00443669,3.475182e-05,0.04472834,2.734278e-09,2.951321,0.3200991,0.0001050349,0.04470887,2.966931e-09,3.763572e-11,5.515366e-12,2.742561e-11,6.05042e-12,2.286171e-12,2.990806e-11
7.228955e-05,2.97,2.97,0.6274746,0.004481313,2.463852,0.00443579,3.50025e-05,0.0455674,2.758316e-09,2.951321,0.3200862,0.0001056904,0.04554625,2.990553e-09,-3.259348e-11,-1.970868e-12,2.744084e-11,6.047485e-12,2.249312e-12,3.010127e-11
7.243955e-05,2.97,2.97,0.6292746,0.004463248,2.463853,0.004434864,3.526293e-05,0.04645467,2.784894e-09,2.951321,0.3200733,0.000106372,0.04643172,3.015281e-09,3.760239e-11,5.431655e-12,2.782912e-11,6.044883e-12,2.208012e-12,3.03012e-11
7.258955e-05,2.97,2.97,0.6310746,0.00444395,2.463854,0.004433916,3.553409e-05,0.04739316,2.811239e-09,2.951321,0.3200605,0.0001070809,0.04736828,3.041109e-09,-3.254722e-11,-2.050804e-12,2.786086e-11,6.044743e-12,2.164491e-12,3.051029e-11
7.273955e-05,2.97,2.97,0.6328746,0.004867072,2.463866,0.004433157,3.582594e-05,0.04838618,2.841055e-09,2.951321,0.3200477,0.0001078186,0.04835914,3.068163e-09,4.040774e-11,5.638379e-12,2.827933e-11,6.043991e-12,2.119638e-12,3.072666e-11
7.286873e-05,2.97,2.97,0.6344248,0.004845489,2.463864,0.004432256,3.607137e-05,0.04928748,2.865297e-09,2.951321,0.3200368,0.0001084777,0.04925856,3.092429e-09,-2.774572e-11,-1.630696e-12,2.82979e-11,6.041315e-12,2.077005e-12,3.092119e-11
7.291832e-05,2.97,2.97,0.6350198,0.004840008,2.463863,0.004431879,3.616739e-05,0.04964529,2.875539e-09,2.951321,0.3200326,0.0001087368,0.04961563,3.102024e-09,3.097604e-11,4.579004e-12,2.85249e-11,6.041782e-12,2.061462e-12,3.099687e-11
7.297183e-05,2.97,2.97,0.635662,0.004831269,2.463863,0.004431509,3.627547e-05,0.0500391,2.886071e-09,2.951321,0.320028,0.0001090204,0.0500086,3.112508e-09,-2.660333e-11,-1.544986e-12,2.846316e-11,6.040111e-12,2.04281e-12,3.108099e-11
7.309794e-05,2.97,2.97,0.6371752,0.004816016,2.463864,0.004430642,3.65377e-05,0.05099937,2.913155e-09,2.951321,0.3200174,0.000109705,0.05096682,3.137958e-09,3.18297e-11,4.605871e-12,2.881984e-11,6.040568e-12,1.997957e-12,3.128192e-11
7.324794e-05,2.97,2.97,0.6389752,0.004794447,2.463865,0.004429584,3.686109e-05,0.0522033,2.945726e-09,2.951321,0.3200048,0.0001105504,0.05216815,3.169509e-09,-2.686044e-11,-1.675327e-12,2.892499e-11,6.036417e-12,1.942446e-12,3.153153e-11
7.339794e-05,2.97,2.97,0.6407752,0.004776167,2.463867,0.004428507,3.719855e-05,0.0534782,2.980802e-09,2.951321,0.3199923,0.0001114312,0.05344027,3.202592e-09,3.202325e-11,4.507505e-12,2.934243e-11,6.034854e-12,1.882494e-12,3.179036e-11
7.354794e-05,2.97,2.97,0.6425752,0.004754759,2.463868,0.004427403,3.755012e-05,0.05482847,3.016606e-09,2.951321,0.3199799,0.0001123491,0.05478755,3.237217e-09,-2.700311e-11,-1.815881e-12,2.946889e-11,6.032868e-12,1.819433e-12,3.206162e-11
7.369794e-05,2.97,2.97,0.6443752,0.004736647,2.46387,0.004426279,3.791672e-05,0.05625879,3.055067e-09,2.951321,0.3199675,0.0001133057,0.05621467,3.273539e-09,3.21623e-11,4.389822e-12,2.991019e-11,6.030649e-12,1.752376e-12,3.234298e-11
7.384794e-05,2.97,2.97,0.6461752,0.004715401,2.463871,0.004425129,3.829884e-05,0.05777409,3.094428e-09,2.951321,0.3199551,0.0001143038,0.05772655,3.311597e-09,-2.710297e-11,-1.967981e-12,3.006018e-11,6.030876e-12,1.680878e-12,3.263799e-11
7.399794e-05,2.97,2.97,0.6479752,0.004697453,2.463873,0.004423959,3.869806e-05,0.05937964,3.136687e-09,2.951321,0.3199428,0.0001153447,0.05932844,3.351534e-09,3.22762e-11,4.25171e-12,3.052785e-11,6.025784e-12,1.604494e-12,3.29442e-11
7.414794e-05,2.97,2.97,0.6497752,0.004676369,2.463875,0.004422765,3.911462e-05,0.061081,3.180057e-09,2.951321,0.3199306,0.0001164304,0.06102587,3.393382e-09,-2.718412e-11,-2.135847e-12,3.070456e-11,6.025332e-12,1.524558e-12,3.326511e-11
7.429794e-05,2.97,2.97,0.6515752,0.004658583,2.463877,0.00442155,3.954978e-05,0.06288409,3.226533e-09,2.951321,0.3199184,0.0001175641,0.06282475,3.437337e-09,3.237786e-11,4.092726e-12,3.120113e-11,6.01982e-12,1.438849e-12,3.359939e-11
7.444794e-05,2.97,2.97,0.6533752,0.00463766,2.463879,0.004420312,4.000405e-05,0.06479516,3.274342e-09,2.951321,0.3199063,0.0001187482,0.06473131,3.483449e-09,-2.725435e-11,-2.323031e-12,3.140713e-11,6.018954e-12,1.348255e-12,3.394918e-11
7.459794e-05,2.97,2.97,0.6551752,0.004620034,2.463882,0.004419055,4.047888e-05,0.06682085,3.32551e-09,2.951321,0.3198942,0.0001199846,0.06675216,3.531886e-09,3.247493e-11,3.912204e-12,3.19356e-11,6.018022e-12,1.251887e-12,3.431409e-11
7.474794e-05,2.97,2.97,0.6569752,0.004599271,2.463884,0.004417774,4.097495e-05,0.0689682,3.378271e-09,2.951321,0.3198822,0.0001212768,0.06889433,3.582727e-09,-2.731725e-11,-2.531975e-12,3.217423e-11,6.017085e-12,1.150191e-12,3.469636e-11
7.489794e-05,2.97,2.97,0.6587752,0.004581805,2.463887,0.004416474,4.149383e-05,0.07124468,3.434675e-09,2.951321,0.3198703,0.0001226271,0.07116524,3.636161e-09,3.256831e-11,3.707035e-12,3.273796e-11,6.015541e-12,1.041833e-12,3.509487e-11
7.504794e-05,2.97,2.97,0.6605752,0.0045612,2.46389,0.004415152,4.203643e-05,0.07365819,3.492976e-09,2.951321,0.3198584,0.0001240387,0.07357278,3.692271e-09,-2.737382e-11,-2.766676e-12,3.301299e-11,6.014118e-12,9.263701e-13,3.551236e-11
7.519794e-05,2.97,2.97,0.6623752,0.004543891,2.463893,0.004413811,4.260429e-05,0.07621712,3.555236e-09,2.951321,0.3198466,0.0001255147,0.07612531,3.75127e-09,3.26633e-11,3.474554e-12,3.361589e-11,6.012401e-12,8.042456e-13,3.594852e-11
7.534794e-05,2.97,2.97,0.6641752,0.004523444,2.463896,0.004412448,4.31983e-05,0.07893037,3.619703e-09,2.951321,0.3198348,0.0001270594,0.07883168,3.813279e-09,-2.74305e-11,-3.030021e-12,3.393111e-11,6.007836e-12,6.741274e-13,3.640594e-11
7.549794e-05,2.97,2.97,0.6659752,0.004506291,2.4639,0.004411068,4.382019e-05,0.08180737,3.688476e-09,2.951321,0.3198231,0.0001286753,0.08170129,3.8785e-09,3.275957e-11,3.212097e-12,3.457718e-11,6.008277e-12,5.369039e-13,3.688333e-11
7.564794e-05,2.97,2.97,0.6677752,0.004485999,2.463904,0.004409666,4.447134e-05,0.08485809,3.759839e-09,2.951321,0.3198115,0.0001303669,0.08474408,3.947073e-09,-2.748033e-11,-3.324674e-12,3.493723e-11,6.005986e-12,3.907985e-13,3.738454e-11
7.579794e-05,2.97,2.97,0.6695752,0.004468916,2.463908,0.004408247,4.515349e-05,0.08809315,3.835908e-09,2.951321,0.3197999,0.0001321378,0.08797061,4.019244e-09,3.2858e-11,2.915002e-12,3.56314e-11,6.003688e-12,2.358114e-13,3.790809e-11
7.594794e-05,2.97,2.97,0.6713752,0.004448621,2.463912,0.004406808,4.586799e-05,0.09152378,3.914966e-09,2.951321,0.3197884,0.0001339926,0.09139207,4.095156e-09,-2.752827e-11,-3.656853e-12,3.604119e-11,6.003505e-12,7.105427e-14,3.84579e-11
7.609794e-05,2.97,2.97,0.6731752,0.004583832,2.46392,0.004405429,4.662036e-05,0.09516191,3.999461e-09,2.951321,0.3197769,0.0001359354,0.0950203,4.175081e-09,3.398935e-11,2.68896e-12,3.679328e-11,6.000794e-12,-1.034728e-13,3.903258e-11
7.623355e-05,2.97,2.97,0.6748026,0.004828436,2.463932,0.004404239,4.733147e-05,0.09864034,4.079075e-09,2.951321,0.3197666,0.0001377721,0.09848912,4.250946e-09,-1.092627e-11,-2.243983e-12,3.724288e-11,6.000502e-12,-2.700062e-13,3.957733e-11
7.628677e-05,2.97,2.97,0.6754412,0.00482234,2.463929,0.004403625,4.76114e-05,0.1000563,4.110445e-09,2.951321,0.3197626,0.0001385143,0.09990123,4.28171e-09,1.30123e-11,2.220446e-13,3.751881e-11,5.998274e-12,-3.38396e-13,3.979656e-11
7.635062e-05,2.97,2.97,0.6762074,0.00481215,2.463931,0.004402975,4.796028e-05,0.1017949,4.150235e-09,2.951321,0.3197577,0.0001394211,0.101635,4.319339e-09,-9.21137e-12,-2.217337e-12,3.774647e-11,5.996784e-12,-4.223288e-13,4.006566e-11
7.64896e-05,2.97,2.97,0.6778752,0.004795324,2.463936,0.004401592,4.874708e-05,0.1057331,4.238842e-09,2.951321,0.3197473,0.0001414591,0.1055621,4.404218e-09,1.507976e-11,1.634248e-13,3.842253e-11,5.994642e-12,-6.115108e-13,4.066897e-11
7.66396e-05,2.97,2.97,0.6796752,0.004773775,2.463941,0.004400068,4.963522e-05,0.1102312,4.340074e-09,2.951322,0.319736,0.0001437613,0.1100473,4.500492e-09,-9.845129e-12,-2.698952e-12,3.906888e-11,5.99389e-12,-8.277823e-13,4.135213e-11
7.67896e-05,2.97,2.97,0.6814752,0.004755644,2.463948,0.004398539,5.05675e-05,0.1150016,4.446069e-09,2.951322,0.3197249,0.0001461759,0.1148039,4.601957e-09,1.559501e-11,-2.38698e-13,3.986319e-11,5.993151e-12,-1.05782e-12,4.206733e-11
7.69396e-05,2.97,2.97,0.6832752,0.00473426,2.463954,0.004396986,5.1545e-05,0.120061,4.558387e-09,2.951322,0.3197138,0.0001487085,0.1198483,4.708834e-09,-1.018062e-11,-3.218759e-12,4.057783e-11,5.992318e-12,-1.301625e-12,4.281874e-11
7.70896e-05,2.97,2.97,0.6850752,0.004716292,2.463961,0.004395426,5.257151e-05,0.1254269,4.67615e-09,2.951322,0.3197027,0.0001513656,0.125198,4.821503e-09,1.593391e-11,-7.160939e-13,4.144863e-11,5.991386e-12,-1.560085e-12,4.360607e-11
7.72396e-05,2.97,2.97,0.6868752,0.004695072,2.463968,0.004393846,5.364835e-05,0.1311178,4.800885e-09,2.951322,0.3196917,0.0001541534,0.1308716,4.94022e-09,-1.038623e-11,-3.785638e-12,4.224022e-11,5.987628e-12,-1.834533e-12,4.443345e-11
7.73896e-05,2.97,2.97,0.6886752,0.004677266,2.463976,0.004392258,5.477909e-05,0.1371536,4.931775e-09,2.951322,0.3196808,0.0001570787,0.1368886,5.065397e-09,1.619066e-11,-1.268097e-12,4.319487e-11,5.98116e-12,-2.125855e-12,4.530084e-11
7.75396e-05,2.97,2.97,0.6904752,0.004656208,2.463984,0.004390652,5.596627e-05,0.1435552,5.070415e-09,2.951322,0.31967,0.00016015,0.1432699,5.197375e-09,-1.052403e-11,-4.415357e-12,4.407269e-11,5.979814e-12,-2.435829e-12,4.621266e-11
7.76896e-05,2.97,2.97,0.6922752,0.004638563,2.463993,0.004389039,5.721299e-05,0.1503447,5.216016e-09,2.951322,0.3196592,0.000163374,0.1500375,5.336582e-09,1.640883e-11,-1.898703e-12,4.511996e-11,5.978568e-12,-2.764899e-12,4.716845e-11
7.78396e-05,2.97,2.97,0.6940752,0.004617666,2.464002,0.004387411,5.852235e-05,0.1575459,5.370206e-09,2.951322,0.3196484,0.0001667588,0.157215,5.483375e-09,-1.062348e-11,-5.120349e-12,4.609354e-11,5.977362e-12,-3.113509e-12,4.817368e-11
7.79896e-05,2.97,2.97,0.6958752,0.00460018,2.464012,0.004385776,5.989787e-05,0.1651836,5.532295e-09,2.951322,0.3196378,0.0001703136,0.1648271,5.638283e-09,1.661254e-11,-2.613687e-12,4.724355e-11,5.975873e-12,-3.484768e-12,4.922826e-11
7.81396e-05,2.97,2.97,0.6976752,0.004579443,2.464023,0.004384129,6.134283e-05,0.1732845,5.703927e-09,2.951322,0.3196272,0.0001740475,0.1729003,5.80173e-09,-1.070212e-11,-5.913048e-12,4.832366e-11,5.974647e-12,-3.879563e-12,5.033742e-11
7.82896e-05,2.97,2.97,0.6994752,0.004562115,2.464034,0.004382476,6.286141e-05,0.1818768,5.884538e-09,2.951323,0.3196166,0.0001779694,0.1814625,5.97428e-09,1.681356e-11,-3.426814e-12,4.958757e-11,5.970627e-12,-4.297895e-12,5.150121e-11
7.84396e-05,2.97,2.97,0.7012752,0.004541536,2.464046,0.004380813,6.44572e-05,0.1909904,6.075817e-09,2.951323,0.3196062,0.0001820901,0.1905435,6.156446e-09,-1.076632e-11,-6.806555e-12,5.078625e-11,5.969384e-12,-4.745093e-12,5.272544e-11
7.85896e-05,2.97,2.97,0.7030752,0.004524364,2.464058,0.004379147,6.613453e-05,0.2006569,6.277306e-09,2.951323,0.3195958,0.0001864197,0.2001747,6.348893e-09,1.701668e-11,-4.349854e-12,5.217658e-11,5.968168e-12,-5.220269e-12,5.401071e-11
7.87396e-05,2.97,2.97,0.7048752,0.004503941,2.464072,0.004377472,6.78978e-05,0.2109102,6.490814e-09,2.951323,0.3195854,0.0001909697,0.2103897,6.552244e-09,-1.081692e-11,-7.819301e-12,5.350694e-11,5.966886e-12,-5.72653e-12,5.536272e-11
7.88896e-05,2.97,2.97,0.7066752,0.004486925,2.464086,0.004375796,6.975205e-05,0.2217859,6.716079e-09,2.951323,0.3195752,0.0001957521,0.2212238,6.767322e-09,1.722914e-11,-5.401235e-12,5.5038e-11,5.965943e-12,-6.266987e-12,5.678284e-11
7.90396e-05,2.97,2.97,0.7084752,0.004466549,2.464102,0.004374114,7.170172e-05,0.2333221,6.955042e-09,2.951323,0.319565,0.0002007797,0.2327148,6.994938e-09,-1.085364e-11,-8.97149e-12,5.651519e-11,5.962389e-12,-6.845635e-12,5.827727e-11
7.91896e-05,2.97,2.97,0.7102752,0.004449556,2.464118,0.004372434,7.375303e-05,0.245559,7.207787e-09,2.951323,0.3195548,0.0002060659,0.2449026,7.236177e-09,1.745096e-11,-6.607381e-12,5.82029e-11,5.961936e-12,-7.464251e-12,5.984769e-11
7.93396e-05,2.97,2.97,0.7120752,0.00448035,2.464136,0.004370777,7.591224e-05,0.2585394,7.47671e-09,2.951324,0.3195448,0.0002116258,0.2578296,7.492241e-09,-1.053613e-11,-1.025646e-11,5.984588e-11,5.961238e-12,-8.130385e-12,6.150087e-11
7.94896e-05,2.97,2.97,0.7138752,0.004827407,2.464158,0.004369163,7.817967e-05,0.2723085,7.762082e-09,2.951324,0.3195348,0.0002174739,0.2715406,7.764745e-09,2.228456e-11,-7.5151e-12,6.171803e-11,5.958487e-12,-8.847589e-12,6.323909e-11
7.956302e-05,2.97,2.97,0.7147563,0.004814604,2.464169,0.004368373,7.933675e-05,0.27935,7.909152e-09,2.951324,0.3195299,0.0002204466,0.2785518,7.904735e-09,-1.354867e-11,-1.169709e-11,6.254631e-11,5.958388e-12,-9.220624e-12,6.41234e-11
7.962969e-05,2.97,2.97,0.7155562,0.004808203,2.464178,0.004367629,8.041081e-05,0.2859219,8.046599e-09,2.951324,0.3195255,0.0002232104,0.285095,8.035904e-09,2.055004e-11,-8.444356e-12,6.347727e-11,5.956825e-12,-9.571455e-12,6.494488e-11
7.976237e-05,2.97,2.97,0.7171484,0.004788065,2.464196,0.00436615,8.262301e-05,0.2995257,8.333834e-09,2.951324,0.3195168,0.0002289018,0.2986386,8.309693e-09,-1.366994e-11,-1.283551e-11,6.514534e-11,5.955651e-12,-1.031397e-11,6.663814e-11
7.991237e-05,2.97,2.97,0.7189484,0.004770711,2.464218,0.00436449,8.524938e-05,0.3157848,8.682847e-09,2.951324,0.319507,0.000235654,0.3148238,8.64264e-09,2.08689e-11,-1.011569e-11,6.730543e-11,5.953935e-12,-1.122924e-11,6.864618e-11
8.006237e-05,2.97,2.97,0.7207484,0.004748426,2.464242,0.004362837,8.801566e-05,0.3330305,9.064552e-09,2.951325,0.3194973,0.0002427631,0.3319891,9.006713e-09,-1.369689e-11,-1.482303e-11,6.941074e-11,5.949856e-12,-1.224087e-11,7.076197e-11
8.021237e-05,2.97,2.97,0.7225484,0.004731239,2.464268,0.004361204,9.093065e-05,0.3513215,9.488764e-09,2.951325,0.3194876,0.0002502492,0.3501924,9.411742e-09,2.12253e-11,-1.227662e-11,7.180022e-11,5.946813e-12,-1.336087e-11,7.298922e-11
8.036237e-05,2.97,2.97,0.7243484,0.004709117,2.464295,0.004359586,9.400188e-05,0.3707183,9.974532e-09,2.951325,0.319478,0.000258134,0.3694937,9.875769e-09,-1.369589e-11,-1.725575e-11,7.414589e-11,5.946737e-12,-1.459632e-11,7.533671e-11
8.051237e-05,2.97,2.97,0.7261484,0.004692093,2.464325,0.004357996,9.723841e-05,0.3912833,1.055539e-08,2.951325,0.3194685,0.0002664388,0.3899548,1.04314e-08,2.162165e-11,-1.486322e-11,7.67907e-11,5.944835e-12,-1.590328e-11,7.780802e-11
8.066237e-05,2.97,2.97,0.7279484,0.004670133,2.464357,0.004356424,0.0001006476,0.413079,1.129992e-08,2.951326,0.3194591,0.0002751864,0.4116377,1.114425e-08,-1.368823e-11,-1.984857e-11,7.940221e-11,5.940864e-12,-1.709832e-11,8.041186e-11
8.081237e-05,2.97,2.97,0.7297484,0.004653271,2.46439,0.004354868,0.0001042369,0.4361658,1.235203e-08,2.951326,0.3194497,0.0002843969,0.4346023,1.21524e-08,2.194941e-11,-1.656364e-11,8.232637e-11,5.939481e-12,-1.756906e-11,8.315107e-11
8.096237e-05,2.97,2.97,0.7315484,0.004631472,2.464422,0.004353266,0.0001080107,0.4605978,1.404095e-08,2.951326,0.3194404,0.0002940896,0.4589028,1.376973e-08,-1.401367e-11,-1.819744e-11,8.522369e-11,5.935418e-12,-1.546718e-11,8.603306e-11
8.111237e-05,2.97,2.97,0.7333484,0.004614771,2.464445,0.004351464,0.0001119715,0.4864144,1.715928e-08,2.951327,0.3194312,0.0003042812,0.4845794,1.674988e-08,2.115918e-11,-3.984368e-12,8.843946e-11,5.926395e-12,-5.413447e-12,8.905848e-11
8.126237e-05,2.97,2.97,0.7351484,0.004593131,2.464435,0.004348955,0.0001161122,0.5136256,2.370499e-08,2.951327,0.319422,0.0003149835,0.5116446,2.298656e-08,-1.773821e-11,2.677325e-11,9.161894e-11,5.897305e-12,2.793277e-11,9.223202e-11
8.141237e-05,2.97,2.97,0.7369484,0.004576588,2.464321,0.004344327,0.0001204199,0.5421838,3.878053e-08,2.951325,0.3194128,0.0003262128,0.5400565,3.731164e-08,1.054555e-11,1.338534e-10,9.50965e-11,5.821434e-12,1.272253e-10,9.555854e-11
8.156237e-05,2.97,2.97,0.7387484,0.004555107,2.46391,0.004333638,0.0001248951,0.5719331,7.507337e-08,2.951322,0.3194035,0.0003380398,0.5696715,7.176299e-08,-4.870166e-11,4.190415e-10,9.851645e-11,5.613293e-12,4.052128e-10,9.909001e-11
8.171237e-05,2.97,2.97,0.7405484,0.004538721,2.4627,0.004306695,0.0001297042,0.6025352,1.616794e-07,2.95131,0.3193937,0.0003508167,0.6001735,1.541095e-07,-7.121754e-11,1.178636e-09,1.023742e-10,5.068187e-12,1.133494e-09,1.030637e-10
8.186237e-05,2.97,2.97,0.7423484,0.004517398,2.459507,0.004239431,0.0001357711,0.633391,3.564595e-07,2.95128,0.3193825,0.0003659958,0.6309974,3.401795e-07,-2.495602e-10,2.975391e-09,1.071313e-10,3.775807e-12,2.87739e-09,1.084106e-10
8.201237e-05,2.97,2.97,0.7441484,0.004501167,2.451899,0.004082237,0.0001464391,0.6636106,7.515981e-07,2.951207,0.3193683,0.0003884597,0.6612963,7.207776e-07,-5.111406e-10,6.777695e-09,1.160727e-10,1.025269e-12,6.586983e-09,1.179884e-10
8.216237e-05,2.97,2.97,0.7459484,0.004479998,2.435728,0.003749259,0.0001690178,0.6920049,1.445668e-06,2.951052,0.3193482,0.0004303109,0.6899349,1.398362e-06,-1.090321e-09,1.364224e-08,1.347596e-10,-4.019483e-12,1.338588e-08,1.374471e-10
8.231237e-05,2.97,2.97,0.7477484,0.004463806,2.405653,0.003124247,0.0002000955,0.7167245,2.438716e-06,2.95076,0.3193183,0.0005013205,0.7151603,2.391037e-06,-1.850864e-09,2.376048e-08,1.576463e-10,-1.161279e-11,2.362492e-08,1.632989e-10
8.246237e-05,2.97,2.97,0.7495484,0.004442684,2.358407,0.002116865,0.0001872052,0.7347694,3.458323e-06,2.950291,0.3192745,0.0005544359,0.7339829,3.451325e-06,-2.709592e-09,3.454998e-08,1.3901e-10,-2.000619e-11,3.495132e-08,1.596281e-10
8.261237e-05,2.97,2.97,0.7513484,0.004432603,2.298265,0.00082811,0.0001146177,0.744935,4.156252e-06,2.949662,0.319217,0.0005186782,0.7447987,4.205465e-06,-3.062712e-09,4.221049e-08,7.925268e-11,-2.615424e-11,4.325733e-08,1.239294e-10
8.276237e-05,2.97,2.97,0.7531484,0.004901533,2.238442,0.0002283575,9.212451e-05,0.750006,4.545143e-06,2.948931,0.3191508,0.0004264044,0.7501506,4.623556e-06,-2.666733e-09,4.652294e-08,7.494067e-11,-2.95949e-11,4.789511e-08,9.178223e-11
8.290264e-05,2.97,2.97,0.7548317,0.004692556,2.199489,0.003168218,0.0002800486,0.7528266,4.7917e-06,2.948194,0.3190853,0.0003421024,0.7529854,4.860041e-06,-1.446946e-09,4.914076e-08,2.519117e-10,-3.152247e-11,5.047806e-08,7.294912e-11
8.301578e-05,2.97,2.97,0.7561894,0.004674879,2.184812,0.009413478,0.0006161804,0.7546003,4.970376e-06,2.947576,0.3190311,0.0002893703,0.7546965,5.009115e-06,-6.847487e-10,5.083839e-08,5.33256e-10,-3.271795e-11,5.207548e-08,6.355824e-11
8.316578e-05,2.97,2.97,0.7579894,0.004658136,2.178133,0.02101317,0.001190246,0.7566575,5.198142e-06,2.946728,0.3189578,0.0002407567,0.7566911,5.188997e-06,-2.512968e-10,5.281285e-08,9.881697e-10,-3.414831e-11,5.397762e-08,5.591694e-11
8.331578e-05,2.97,2.97,0.7597894,0.006303394,2.175913,0.03409333,0.001487764,0.7585503,5.395804e-06,2.94585,0.3188829,0.0002105732,0.7585813,5.365089e-06,-2.016353e-10,5.464086e-08,1.160842e-09,-3.55468e-11,5.582497e-08,5.155591e-11
8.344168e-05,2.97,2.97,0.7613001,0.007892305,2.174705,0.04556963,0.00125719,0.7600949,5.525049e-06,2.94509,0.3188187,0.000194773,0.7601435,5.514466e-06,-1.450447e-10,5.61676e-08,9.410592e-10,-3.672824e-11,5.738703e-08,4.934531e-11
8.349622e-05,2.97,2.97,0.7619546,0.007871896,2.174261,0.05065051,0.001095658,0.7607662,5.577581e-06,2.944754,0.3187905,0.0001898215,0.7608174,5.57996e-06,-1.975206e-10,5.683272e-08,8.110445e-10,-3.724812e-11,5.8071e-08,4.867273e-11
8.352477e-05,2.97,2.97,0.7622972,0.00787257,2.174027,0.05333316,0.001012414,0.7611189,5.605549e-06,2.944577,0.3187757,0.0001875875,0.7611699,5.614453e-06,-1.521793e-10,5.719228e-08,7.486253e-10,-3.752103e-11,5.843118e-08,4.835895e-11
8.355084e-05,2.97,2.97,0.76261,0.007860923,2.173813,0.05579521,0.0009406423,0.7614415,5.631593e-06,2.944414,0.3187621,0.0001857377,0.7614914,5.646078e-06,-2.052365e-10,5.751275e-08,6.936756e-10,-3.777141e-11,5.876121e-08,4.811434e-11
8.358652e-05,2.97,2.97,0.7630382,0.007858759,2.173523,0.05918478,0.0008514969,0.761884,5.668258e-06,2.944189,0.3187433,0.0001834707,0.7619313,5.689562e-06,-1.503262e-10,5.796803e-08,6.299834e-10,-3.811388e-11,5.921506e-08,4.779744e-11
8.364774e-05,2.97,2.97,0.7637729,0.007839972,2.173028,0.0650504,0.00072677,0.7626446,5.733995e-06,2.9438,0.3187109,0.0001802011,0.7626855,5.764744e-06,-2.079641e-10,5.874102e-08,5.393734e-10,-3.870747e-11,5.999935e-08,4.736143e-11
8.37556e-05,2.97,2.97,0.7650672,0.007821996,2.172161,0.07551672,0.0005885326,0.7639843,5.85782e-06,2.943101,0.3186531,0.0001759572,0.7640129,5.898925e-06,-1.520769e-10,6.013861e-08,4.454206e-10,-3.977052e-11,6.139875e-08,4.677887e-11
8.385659e-05,2.97,2.97,0.7662791,0.007794788,2.171354,0.0854344,0.000526442,0.7652348,5.980592e-06,2.942432,0.318598,0.0001732784,0.7652543,6.02661e-06,-2.107378e-10,6.145401e-08,4.021341e-10,-4.078441e-11,6.272981e-08,4.642575e-11
8.399313e-05,2.97,2.97,0.7679175,0.007770673,2.170272,0.09892483,0.0004941137,0.7669184,6.153159e-06,2.941504,0.318522,0.0001709925,0.7669311,6.202409e-06,-1.521898e-10,6.327396e-08,3.82488e-10,-4.21762e-11,6.456211e-08,4.610997e-11
8.414313e-05,2.97,2.97,0.7697175,0.007732927,2.169094,0.1136341,0.0004825271,0.7687614,6.348295e-06,2.940452,0.3184366,0.0001696196,0.768771,6.399794e-06,-2.081703e-10,6.529931e-08,3.725231e-10,-4.374447e-11,6.66188e-08,4.593312e-11
8.429313e-05,2.97,2.97,0.7715175,0.007736046,2.167925,0.1278439,0.0004719701,0.7706005,6.547811e-06,2.939367,0.318349,0.0001689646,0.770609,6.601669e-06,-1.424816e-10,6.738113e-08,3.651964e-10,-4.534727e-11,6.872207e-08,4.583569e-11
8.444313e-05,2.97,2.97,0.7733175,0.01463465,2.166809,0.1409938,0.0004504504,0.7724372,6.750949e-06,2.938248,0.3182592,0.0001687334,0.7724451,6.808097e-06,-1.874156e-10,6.949723e-08,3.447269e-10,-4.698773e-11,7.08724e-08,4.581025e-11
8.455721e-05,2.97,2.97,0.7746865,0.01489787,2.1659,0.1498798,0.0004274575,0.773833,6.908126e-06,2.937373,0.3181894,0.0001687312,0.7738403,6.96816e-06,-7.204538e-12,7.116016e-08,3.332e-10,-4.826055e-11,7.253972e-08,4.579897e-11
8.461502e-05,2.97,2.97,0.7753803,0.01488027,2.16543,0.1539187,0.0004108703,0.7745398,6.988112e-06,2.936921,0.3181535,0.0001687686,0.7745471,7.050309e-06,-3.235978e-10,7.197132e-08,3.033535e-10,-4.891623e-11,7.339531e-08,4.581013e-11
8.471134e-05,2.97,2.97,0.7765361,0.01483543,2.164694,0.1598511,0.0003787528,0.7757171,7.123277e-06,2.936157,0.318093,0.0001688726,0.775724,7.188693e-06,6.194248e-11,7.343228e-08,2.96324e-10,-5.001573e-11,7.48367e-08,4.581254e-11
8.486134e-05,2.97,2.97,0.7783361,0.01477848,2.163545,0.1670142,0.00032156,0.7775497,7.336423e-06,2.934937,0.3179968,0.0001691066,0.7775555,7.408066e-06,-2.944786e-10,7.565028e-08,2.311821e-10,-5.17672e-11,7.712136e-08,4.584474e-11
8.49585e-05,2.97,2.97,0.779502,0.01473597,2.162807,0.170387,0.0002850052,0.7787362,7.477536e-06,2.934126,0.3179332,0.0001692891,0.778741,7.552683e-06,9.86681e-11,7.717729e-08,2.225921e-10,-5.292084e-11,7.862748e-08,4.585545e-11
8.501116e-05,2.97,2.97,0.780134,0.01471553,2.162409,0.1718586,0.0002666823,0.7793791,7.554543e-06,2.93368,0.3178983,0.0001693949,0.7793834,7.631908e-06,-2.786634e-10,7.795357e-08,1.885623e-10,-5.3554e-11,7.945246e-08,4.587433e-11
8.515529e-05,2.97,2.97,0.7818634,0.01465582,2.161324,0.1749064,0.0002252689,0.7811377,7.77002e-06,2.932435,0.3178012,0.0001697011,0.7811404,7.851738e-06,1.160925e-10,8.025534e-08,1.773151e-10,-5.53124e-11,8.174169e-08,4.589683e-11
8.530529e-05,2.97,2.97,0.7836634,0.01575211,2.160218,0.1770766,0.0001972818,0.7829664,7.999579e-06,2.931101,0.3176978,0.0001700357,0.7829677,8.085286e-06,-2.57457e-10,8.262051e-08,1.366166e-10,-5.718149e-11,8.417348e-08,4.593663e-11
8.545529e-05,2.97,2.97,0.7854634,0.02270797,2.15909,0.1787633,0.0001808603,0.7847932,8.23535e-06,2.929726,0.3175917,0.0001703778,0.7847939,8.323715e-06,1.050194e-10,8.511077e-08,1.446965e-10,-5.909654e-11,8.665604e-08,4.595888e-11
8.553721e-05,2.97,2.97,0.7864465,0.02035641,2.158494,0.1796293,0.0001800455,0.7857906,8.366426e-06,2.928958,0.3175327,0.0001705656,0.7857907,8.456016e-06,-2.618839e-10,8.64353e-08,1.24044e-10,-6.015631e-11,8.803342e-08,4.598301e-11
8.561643e-05,2.97,2.97,0.7873971,0.02030554,2.157913,0.180461,0.0001775762,0.7867544,8.494948e-06,2.928203,0.3174749,0.0001707473,0.7867543,8.585358e-06,1.254824e-10,8.780578e-08,1.42584e-10,-6.119653e-11,8.938006e-08,4.598971e-11
8.572047e-05,2.97,2.97,0.7886456,0.02025268,2.157158,0.1815797,0.0001764246,0.7880196,8.665363e-06,2.927195,0.3173979,0.0001709858,0.7880193,8.757338e-06,-2.534489e-10,8.953708e-08,1.220056e-10,-6.257647e-11,9.11704e-08,4.601623e-11
8.577208e-05,2.97,2.97,0.7892649,0.02021933,2.156782,0.1821525,0.0001763885,0.788647,8.751234e-06,2.926686,0.3173592,0.0001711037,0.7886467,8.843548e-06,1.163451e-10,9.046208e-08,1.412607e-10,-6.32712e-11,9.206792e-08,4.601693e-11
8.57964e-05,2.97,2.97,0.7895568,0.02020927,2.156606,0.1824274,0.0001765258,0.7889427,8.791536e-06,2.926445,0.3173408,0.0001711591,0.7889423,8.88438e-06,-2.452732e-10,9.084542e-08,1.226888e-10,-6.359867e-11,9.249292e-08,4.602885e-11
8.588187e-05,2.97,2.97,0.7905824,0.02015796,2.155987,0.1834199,0.0001772769,0.7899813,8.935382e-06,2.925589,0.3172758,0.0001713531,0.7899808,9.028921e-06,1.112642e-10,9.236952e-08,1.416447e-10,-6.476659e-11,9.39976e-08,4.603409e-11
8.603187e-05,2.97,2.97,0.7923824,0.02007785,2.154908,0.1852645,0.0001794054,0.7918032,9.191187e-06,2.924051,0.3171594,0.0001716906,0.7918027,9.286585e-06,-2.4526e-10,9.498533e-08,1.248682e-10,-6.68415e-11,9.667958e-08,4.606367e-11
8.618187e-05,2.97,2.97,0.7941824,0.01999087,2.153833,0.1872342,0.0001818146,0.7936242,9.452611e-06,2.922468,0.3170402,0.0001720237,0.7936236,9.549356e-06,1.089778e-10,9.772661e-08,1.448232e-10,-6.896495e-11,9.941463e-08,4.607427e-11
8.633187e-05,2.97,2.97,0.7959824,0.02016714,2.152769,0.1893144,0.0001841578,0.7954442,9.718694e-06,2.92084,0.3169181,0.0001723514,0.7954436,9.817291e-06,-2.449292e-10,1.004491e-07,1.282114e-10,-7.112805e-11,1.022031e-07,4.609777e-11
8.648187e-05,2.97,2.97,0.7977824,0.02978839,2.151749,0.1914781,0.0001845413,0.7972634,9.990322e-06,2.919165,0.316793,0.0001726739,0.7972627,1.009042e-05,1.107855e-10,1.032979e-07,1.462652e-10,-7.33421e-11,1.050455e-07,4.610213e-11
8.659335e-05,2.97,2.97,0.7991203,0.02949413,2.150935,0.1931451,0.0001906936,0.7986153,1.019577e-05,2.91789,0.3166982,0.00017291,0.7986142,1.029682e-05,-1.288639e-10,1.053996e-07,1.39988e-10,-7.501639e-11,1.071932e-07,4.611738e-11
8.661753e-05,2.97,2.97,0.7994104,0.0294779,2.150743,0.1935134,0.000190233,0.798908,1.024051e-05,2.91761,0.3166774,0.0001729608,0.7989072,1.034196e-05,-6.622634e-11,1.058707e-07,1.392315e-10,-7.538599e-11,1.07663e-07,4.611055e-11
8.664628e-05,2.97,2.97,0.7997554,0.02945148,2.150545,0.193955,0.0001905304,0.7992564,1.029414e-05,2.917275,0.3166525,0.000173021,0.7992556,1.039583e-05,-6.937199e-11,1.064245e-07,1.443809e-10,-7.582277e-11,1.082234e-07,4.612014e-11
8.669766e-05,2.97,2.97,0.8003719,0.02941241,2.150187,0.1947488,0.000190537,0.7998789,1.039016e-05,2.916672,0.3166079,0.000173128,0.7998782,1.049256e-05,-6.951917e-11,1.074211e-07,1.388807e-10,-7.660699e-11,1.0923e-07,4.611449e-11
8.681168e-05,2.97,2.97,0.8017402,0.02931691,2.149391,0.1965336,0.0001908813,0.8012603,1.060583e-05,2.915314,0.3165074,0.0001733631,0.8012596,1.070948e-05,-7.017213e-11,1.096547e-07,1.444616e-10,-7.836986e-11,1.114869e-07,4.612647e-11
8.691179e-05,2.97,2.97,0.8029415,0.02923841,2.148695,0.1981264,0.0001917303,0.8024728,1.079758e-05,2.914099,0.3164178,0.0001735667,0.802472,1.090244e-05,-6.973034e-11,1.116431e-07,1.396682e-10,-7.994508e-11,1.134946e-07,4.612024e-11
8.706179e-05,2.97,2.97,0.8047415,0.02911446,2.147656,0.2005562,0.0001932213,0.8042889,1.108962e-05,2.912235,0.3162808,0.0001738667,0.8042881,1.119607e-05,-7.065248e-11,1.146675e-07,1.459566e-10,-8.233973e-11,1.165492e-07,4.612844e-11
8.721179e-05,2.97,2.97,0.8065415,0.02899619,2.146624,0.2030347,0.0001947151,0.8061044,1.138687e-05,2.910319,0.3161405,0.0001741606,0.8061035,1.149509e-05,-6.981145e-11,1.17749e-07,1.415668e-10,-8.478255e-11,1.196598e-07,4.611725e-11
8.736179e-05,2.97,2.97,0.8083415,0.02932417,2.145601,0.2055589,0.0001960837,0.8079191,1.168974e-05,2.908352,0.3159969,0.0001744486,0.8079183,1.179954e-05,-6.984163e-11,1.208858e-07,1.476705e-10,-8.72755e-11,1.228265e-07,4.611904e-11
8.751179e-05,2.97,2.97,0.8101415,0.03991469,2.144616,0.2081151,0.0001956065,0.8097333,1.199775e-05,2.90633,0.31585,0.0001747305,0.8097324,1.210946e-05,-6.700679e-11,1.240807e-07,1.416442e-10,-8.98213e-11,1.260499e-07,4.610121e-11
8.763691e-05,2.97,2.97,0.8116429,0.04042732,2.143707,0.2102896,0.0002014443,0.8112463,1.225959e-05,2.904603,0.3157248,0.0001749608,0.8112451,1.237219e-05,-2.471739e-11,1.267926e-07,1.553687e-10,-9.197781e-11,1.287821e-07,4.609845e-11
8.769022e-05,2.97,2.97,0.8122826,0.04036801,2.143359,0.2112324,0.0002015161,0.8118905,1.237184e-05,2.903855,0.3156707,0.0001750576,0.8118896,1.248529e-05,-1.284473e-10,1.279482e-07,1.418392e-10,-9.290712e-11,1.299583e-07,4.608513e-11
8.776733e-05,2.97,2.97,0.8132079,0.04028101,2.142849,0.2126006,0.0002010494,0.8128225,1.253595e-05,2.902761,0.3155917,0.0001751962,0.8128216,1.265014e-05,1.399457e-12,1.296599e-07,1.558132e-10,-9.426695e-11,1.316724e-07,4.608508e-11
8.790916e-05,2.97,2.97,0.81491,0.04012445,2.141893,0.2151414,0.0002013552,0.8145365,1.284112e-05,2.90071,0.3154439,0.0001754468,0.8145355,1.29572e-05,-1.472024e-10,1.328111e-07,1.402021e-10,-9.679646e-11,1.348653e-07,4.605938e-11
8.797526e-05,2.97,2.97,0.8157031,0.04004898,2.141453,0.2163379,0.000202007,0.815335,1.298543e-05,2.899736,0.3153739,0.0001755616,0.8153341,1.310199e-05,1.051663e-11,1.343193e-07,1.571809e-10,-9.799481e-11,1.363707e-07,4.605795e-11
8.809393e-05,2.97,2.97,0.8171272,0.03991992,2.140661,0.2185067,0.0002030388,0.8167686,1.324656e-05,2.89796,0.3152464,0.0001757648,0.8167676,1.33647e-05,-1.537178e-10,1.370121e-07,1.406847e-10,-1.001674e-10,1.39102e-07,4.603198e-11
8.824393e-05,2.97,2.97,0.8189272,0.03975183,2.139666,0.2212869,0.0002044699,0.8185801,1.358227e-05,2.895663,0.315082,0.0001760163,0.818579,1.370181e-05,1.221375e-11,1.405044e-07,1.588239e-10,-1.029642e-10,1.426065e-07,4.601387e-11
8.839393e-05,2.97,2.97,0.8207272,0.0396062,2.138675,0.2241115,0.000205874,0.8203911,1.392314e-05,2.893306,0.3149139,0.0001762611,0.82039,1.404458e-05,-1.547607e-10,1.440232e-07,1.42306e-10,-1.058103e-10,1.461695e-07,4.59762e-11
8.854393e-05,2.97,2.97,0.8225272,0.04419428,2.137713,0.2269751,0.0002061554,0.8222017,1.427013e-05,2.890888,0.3147418,0.0001764999,0.8222006,1.439305e-05,1.333912e-11,1.476338e-07,1.593733e-10,-1.087152e-10,1.497913e-07,4.595155e-11
8.869393e-05,2.97,2.97,0.8243272,0.06597726,2.136773,0.2298675,0.0002057239,0.8240119,1.46223e-05,2.888408,0.3145659,0.0001767324,0.8240107,1.474724e-05,-1.522336e-10,1.512715e-07,1.414221e-10,-1.116683e-10,1.534723e-07,4.590718e-11
8.877783e-05,2.97,2.97,0.825334,0.05528045,2.136143,0.2315353,0.0002130598,0.8250242,1.482259e-05,2.886994,0.3144658,0.0001768598,0.825023,1.494785e-05,-1.310985e-10,1.533426e-07,1.541061e-10,-1.133483e-10,1.55557e-07,4.589382e-11
8.885459e-05,2.97,2.97,0.8262551,0.05515345,2.135669,0.2330676,0.0002123546,0.8259502,1.500686e-05,2.885682,0.314373,0.0001769748,0.8259491,1.513298e-05,1.608828e-11,1.552677e-07,1.590057e-10,-1.148984e-10,1.574808e-07,4.586487e-11
8.896481e-05,2.97,2.97,0.8275778,0.05499376,2.134949,0.2352797,0.000211579,0.8272797,1.527387e-05,2.883769,0.314238,0.0001771368,0.8272786,1.540145e-05,-1.676781e-10,1.580187e-07,1.494278e-10,-1.171511e-10,1.602702e-07,4.584149e-11
8.900589e-05,2.97,2.97,0.8280707,0.05492483,2.134687,0.2361102,0.0002119693,0.8277752,1.537443e-05,2.883047,0.3141871,0.0001771964,0.827774,1.550229e-05,3.413447e-11,1.5908e-07,1.604672e-10,-1.179986e-10,1.613181e-07,4.58214e-11
8.903571e-05,2.97,2.97,0.8284286,0.05488441,2.134495,0.2367153,0.0002121982,0.8281348,1.544745e-05,2.88252,0.31415,0.0001772393,0.8281337,1.557579e-05,-1.783606e-10,1.598167e-07,1.488378e-10,-1.186134e-10,1.620817e-07,4.582041e-11
8.91655e-05,2.97,2.97,0.829986,0.0546825,2.13366,0.2393705,0.0002134256,0.8297,1.576874e-05,2.880195,0.3139864,0.0001774234,0.8296989,1.589831e-05,3.420551e-11,1.631666e-07,1.613895e-10,-1.213298e-10,1.654325e-07,4.577159e-11
8.93155e-05,2.97,2.97,0.831786,0.0544605,2.1327,0.2424853,0.0002149504,0.8315086,1.61452e-05,2.877445,0.3137935,0.0001776301,0.8315075,1.62765e-05,-1.781671e-10,1.67048e-07,1.505153e-10,-1.245202e-10,1.693611e-07,4.572945e-11
8.94655e-05,2.97,2.97,0.833586,0.05424913,2.131744,0.2456504,0.0002164695,0.8333168,1.652782e-05,2.874628,0.3135962,0.0001778308,0.8333157,1.666054e-05,3.335315e-11,1.710334e-07,1.631469e-10,-1.277692e-10,1.733502e-07,4.566764e-11
8.96155e-05,2.97,2.97,0.835386,0.05885312,2.130814,0.2488605,0.0002168154,0.8351248,1.691595e-05,2.871741,0.3133945,0.0001780257,0.8351236,1.705046e-05,-1.77317e-10,1.750369e-07,1.511607e-10,-1.310756e-10,1.773998e-07,4.56188e-11
8.97655e-05,2.97,2.97,0.837186,0.08009515,2.129901,0.2521077,0.0002167701,0.8369324,1.731028e-05,2.868784,0.3131884,0.0001782142,0.8369312,1.744628e-05,3.46678e-11,1.79145e-07,1.62582e-10,-1.344412e-10,1.815104e-07,4.555041e-11
8.98615e-05,2.97,2.97,0.8383381,0.07121828,2.129239,0.2542481,0.0002261218,0.8380894,1.756624e-05,2.866854,0.3130541,0.0001783316,0.8380879,1.770271e-05,-1.863675e-10,1.817707e-07,1.564707e-10,-1.36632e-10,1.841732e-07,4.551811e-11
8.99158e-05,2.97,2.97,0.8389896,0.07111105,2.128908,0.2554615,0.0002236756,0.8387432,1.771172e-05,2.86575,0.3129774,0.000178397,0.8387421,1.784882e-05,6.961349e-11,1.833046e-07,1.69932e-10,-1.378783e-10,1.856904e-07,4.548646e-11
8.998982e-05,2.97,2.97,0.8398778,0.07096665,2.128438,0.2571219,0.000222414,0.8396349,1.791101e-05,2.864228,0.3128717,0.0001784848,0.8396337,1.804925e-05,-2.284748e-10,1.853438e-07,1.509835e-10,-1.395933e-10,1.877713e-07,4.546195e-11
9.004856e-05,2.97,2.97,0.8405827,0.07084888,2.128075,0.2584485,0.0002227895,0.8403426,1.807079e-05,2.863008,0.3127871,0.0001785535,0.8403414,1.820936e-05,8.944851e-11,1.870294e-07,1.714523e-10,-1.409629e-10,1.894337e-07,4.54273e-11
9.00955e-05,2.97,2.97,0.841146,0.07075993,2.127781,0.2595141,0.0002231525,0.840908,1.819863e-05,2.862025,0.3127189,0.0001786077,0.8409068,1.833795e-05,-2.379435e-10,1.883242e-07,1.505548e-10,-1.420636e-10,1.907686e-07,4.541382e-11
9.024132e-05,2.97,2.97,0.8428958,0.07047158,2.126875,0.2628585,0.0002246997,0.8426644,1.860066e-05,2.858924,0.3125042,0.0001787726,0.8426631,1.874114e-05,9.118522e-11,1.925214e-07,1.728133e-10,-1.455284e-10,1.949543e-07,4.533673e-11
9.039132e-05,2.97,2.97,0.8446958,0.07018228,2.125947,0.2663542,0.0002263652,0.8444708,1.90196e-05,2.85566,0.3122786,0.0001789365,0.8444696,1.91618e-05,-2.383673e-10,1.968328e-07,1.524515e-10,-1.491508e-10,1.993208e-07,4.52704e-11
9.054132e-05,2.97,2.97,0.8464958,0.06989822,2.125024,0.2699068,0.00022804,0.846277,1.944511e-05,2.852318,0.3120481,0.0001790941,0.8462758,1.958846e-05,9.05082e-11,2.012733e-07,1.747656e-10,-1.528386e-10,2.037492e-07,4.51844e-11
9.069132e-05,2.97,2.97,0.8482958,0.07366519,2.124122,0.2735117,0.0002286611,0.848083,1.987603e-05,2.848898,0.3118127,0.000179246,0.8480818,2.002114e-05,-2.37865e-10,2.0571e-07,1.53352e-10,-1.565901e-10,2.082395e-07,4.51114e-11
9.084132e-05,2.97,2.97,0.8500958,0.09310576,2.123234,0.2771617,0.0002289639,0.8498888,2.031355e-05,2.845399,0.3115721,0.0001793918,0.8498875,2.045985e-05,9.137914e-11,2.102762e-07,1.746459e-10,-1.60407e-10,2.12792e-07,4.501877e-11
9.097534e-05,2.97,2.97,0.8517041,0.09290112,2.122358,0.2805065,0.0002401324,0.8515024,2.071001e-05,2.842204,0.3113529,0.0001795175,0.8515007,2.085696e-05,-1.824166e-10,2.143526e-07,1.660845e-10,-1.638705e-10,2.169122e-07,4.494853e-11
9.101271e-05,2.97,2.97,0.8521525,0.09280073,2.122143,0.2814492,0.0002375901,0.8519517,2.082104e-05,2.841301,0.311291,0.0001795517,0.8519505,2.096854e-05,-3.913547e-12,2.155225e-07,1.722337e-10,-1.648479e-10,2.180699e-07,4.491818e-11
9.104463e-05,2.97,2.97,0.8525356,0.09272212,2.121956,0.2822541,0.0002361823,0.8523359,2.091623e-05,2.840526,0.3112379,0.0001795806,0.8523347,2.106416e-05,-1.240929e-10,2.164982e-07,1.678248e-10,-1.656829e-10,2.190619e-07,4.490709e-11
9.108591e-05,2.97,2.97,0.8530309,0.09261319,2.121705,0.2832972,0.0002352391,0.8528328,2.103982e-05,2.839519,0.3111689,0.0001796176,0.8528316,2.118822e-05,-2.966308e-11,2.177903e-07,1.685901e-10,-1.667694e-10,2.20349e-07,4.487391e-11
9.115165e-05,2.97,2.97,0.8538198,0.09244742,2.121309,0.2849667,0.0002352988,0.853624,2.123771e-05,2.837901,0.3110581,0.0001796756,0.8536227,2.138673e-05,-1.190909e-10,2.198324e-07,1.680531e-10,-1.685083e-10,2.224083e-07,4.484147e-11
9.125011e-05,2.97,2.97,0.8550014,0.09219298,2.120716,0.2874891,0.0002363118,0.854809,2.153637e-05,2.835447,0.3108903,0.0001797597,0.8548077,2.168626e-05,-3.145706e-11,2.229374e-07,1.692182e-10,-1.711394e-10,2.255155e-07,4.477081e-11
9.140011e-05,2.97,2.97,0.8568014,0.09181326,2.119816,0.2913835,0.0002382048,0.856614,2.199645e-05,2.831639,0.3106301,0.0001798818,0.8566127,2.214759e-05,-1.187606e-10,2.276964e-07,1.698923e-10,-1.752036e-10,2.303006e-07,4.46812e-11
9.155011e-05,2.97,2.97,0.8586014,0.09142975,2.118919,0.2953412,0.0002401052,0.8584188,2.246264e-05,2.827746,0.3103645,0.0001799977,0.8584175,2.261503e-05,-3.234814e-11,2.325375e-07,1.714401e-10,-1.793372e-10,2.351486e-07,4.457177e-11
9.170011e-05,2.97,2.97,0.8604014,0.09156726,2.118031,0.2993622,0.0002419068,0.8602235,2.293499e-05,2.823764,0.3100932,0.0001801074,0.8602222,2.308858e-05,-1.177601e-10,2.374241e-07,1.720261e-10,-1.835405e-10,2.400595e-07,4.447512e-11
9.185011e-05,2.97,2.97,0.8622014,0.1014864,2.117164,0.3034366,0.0002423522,0.862028,2.341338e-05,2.819694,0.3098163,0.0001802113,0.8620266,2.356825e-05,-3.056805e-11,2.423929e-07,1.723823e-10,-1.878158e-10,2.450334e-07,4.435918e-11
9.200011e-05,2.97,2.97,0.8640014,0.1301765,2.116311,0.3075661,0.0002431139,0.8638323,2.389799e-05,2.815534,0.3095337,0.0001803096,0.863831,2.405407e-05,-1.176142e-10,2.474073e-07,1.720021e-10,-1.921623e-10,2.500703e-07,4.425599e-11
9.211696e-05,2.97,2.97,0.8654035,0.1195466,2.115571,0.3108831,0.0002558316,0.8652378,2.428067e-05,2.81223,0.3093094,0.0001803822,0.8652363,2.443675e-05,-1.83163e-11,2.513758e-07,1.8056e-10,-1.955948e-10,2.540376e-07,4.415885e-11
9.217234e-05,2.97,2.97,0.866068,0.1193685,2.115249,0.3124519,0.0002505098,0.8659037,2.446248e-05,2.810644,0.3092018,0.0001804155,0.8659024,2.461944e-05,-1.040912e-10,2.532552e-07,1.778218e-10,-1.972392e-10,2.559314e-07,4.412432e-11
9.224106e-05,2.97,2.97,0.8668927,0.1191368,2.114838,0.3144096,0.0002495464,0.8667302,2.468964e-05,2.808658,0.3090672,0.000180456,0.8667289,2.484729e-05,-6.512858e-11,2.556161e-07,1.74383e-10,-1.992907e-10,2.582934e-07,4.40623e-11
9.229555e-05,2.97,2.97,0.8675466,0.1189611,2.114523,0.3159728,0.0002503634,0.8673856,2.487098e-05,2.80707,0.3089596,0.0001804872,0.8673842,2.50289e-05,-7.801892e-11,2.574927e-07,1.809015e-10,-2.009288e-10,2.601757e-07,4.402747e-11
9.233139e-05,2.97,2.97,0.8679767,0.1188396,2.114313,0.3170058,0.0002508102,0.8678166,2.499051e-05,2.806018,0.3088884,0.0001805073,0.8678153,2.51488e-05,-7.902386e-11,2.587334e-07,1.737394e-10,-2.020142e-10,2.614186e-07,4.399066e-11
9.242476e-05,2.97,2.97,0.8690971,0.1185359,2.113769,0.3197158,0.0002522926,0.8689395,2.530398e-05,2.803253,0.3087012,0.0001805584,0.8689381,2.546276e-05,-7.294436e-11,2.619808e-07,1.826707e-10,-2.04856e-10,2.646727e-07,4.392344e-11
9.257476e-05,2.97,2.97,0.8708971,0.1180411,2.112898,0.3241263,0.0002546974,0.8707432,2.58123e-05,2.798734,0.3083954,0.0001806362,0.8707419,2.597218e-05,-7.999912e-11,2.672505e-07,1.760662e-10,-2.094824e-10,2.699522e-07,4.379156e-11
9.272476e-05,2.97,2.97,0.8726971,0.1175547,2.112031,0.3286072,0.0002572197,0.8725469,2.632712e-05,2.794116,0.3080834,0.000180709,0.8725455,2.648777e-05,-7.243145e-11,2.725848e-07,1.858023e-10,-2.141847e-10,2.752952e-07,4.367321e-11
9.287476e-05,2.97,2.97,0.8744971,0.1174803,2.11117,0.3331583,0.0002597208,0.8743504,2.68479e-05,2.7894,0.307765,0.0001807769,0.874349,2.700956e-05,-7.923292e-11,2.779836e-07,1.791207e-10,-2.189632e-10,2.807019e-07,4.35352e-11
9.302476e-05,2.97,2.97,0.8762971,0.1266843,2.110328,0.3377707,0.0002610903,0.8761538,2.73751e-05,2.784583,0.3074401,0.0001808396,0.8761524,2.753754e-05,-7.004753e-11,2.834473e-07,1.880654e-10,-2.238203e-10,2.861721e-07,4.341013e-11
9.317476e-05,2.97,2.97,0.8780971,0.1540565,2.109498,0.3424469,0.0002629981,0.8779571,2.790833e-05,2.779664,0.3071085,0.0001808971,0.8779557,2.807172e-05,-7.77178e-11,2.889755e-07,1.807763e-10,-2.287592e-10,2.917061e-07,4.326574e-11
9.331559e-05,2.97,2.97,0.879787,0.1551554,2.108585,0.3469499,0.0002778244,0.8796502,2.841592e-05,2.774952,0.3067912,0.0001809469,0.8796486,2.857888e-05,-5.407117e-11,2.942267e-07,2.045036e-10,-2.334645e-10,2.969596e-07,4.314307e-11
9.336562e-05,2.97,2.97,0.8803875,0.1549328,2.108358,0.3485634,0.0002731125,0.8802512,2.859657e-05,2.773256,0.306677,0.0001809635,0.8802501,2.876039e-05,-5.05893e-11,2.961051e-07,1.902607e-10,-2.351572e-10,2.988398e-07,4.308769e-11
9.342075e-05,2.97,2.97,0.8810489,0.1547034,2.108055,0.3503401,0.0002718803,0.880914,2.879706e-05,2.771373,0.3065503,0.0001809812,0.8809127,2.896116e-05,-7.401469e-11,2.981812e-07,1.944542e-10,-2.37024e-10,3.009193e-07,4.304366e-11
9.346253e-05,2.97,2.97,0.8815503,0.1545182,2.107814,0.3516929,0.0002721065,0.8814163,2.894944e-05,2.769936,0.3064536,0.0001809942,0.8814149,2.91139e-05,-8.576849e-11,2.997616e-07,1.86614e-10,-2.384542e-10,3.025012e-07,4.299564e-11
9.34955e-05,2.97,2.97,0.8819461,0.1543826,2.107629,0.3527655,0.000272865,0.8818127,2.907035e-05,2.768797,0.306377,0.0001810042,0.8818113,2.923479e-05,-5.814526e-11,3.010152e-07,1.971516e-10,-2.39585e-10,3.037533e-07,4.297211e-11
9.353164e-05,2.97,2.97,0.8823797,0.1542231,2.107424,0.3539452,0.0002737513,0.882247,2.920288e-05,2.767542,0.3062926,0.0001810148,0.8822456,2.936761e-05,-8.978847e-11,3.023877e-07,1.873043e-10,-2.408264e-10,3.051289e-07,4.292891e-11
9.362666e-05,2.97,2.97,0.8835199,0.1538226,2.106888,0.357069,0.0002763448,0.8833891,2.955365e-05,2.764213,0.3060687,0.0001810416,0.8833877,2.971855e-05,-5.634814e-11,3.060234e-07,1.996754e-10,-2.441193e-10,3.087634e-07,4.284458e-11
9.377666e-05,2.97,2.97,0.8853199,0.1531799,2.106044,0.3620642,0.0002807299,0.8851919,3.011216e-05,2.758868,0.3057095,0.0001810798,0.8851905,3.027766e-05,-8.780178e-11,3.118096e-07,1.921266e-10,-2.493822e-10,3.145535e-07,4.268764e-11
9.392666e-05,2.97,2.97,0.8871199,0.1525494,2.105204,0.367137,0.0002855852,0.8869947,3.06773e-05,2.753413,0.3053431,0.0001811131,0.8869933,3.0843e-05,-5.30106e-11,3.176661e-07,2.061559e-10,-2.547253e-10,3.204075e-07,4.254369e-11
9.407666e-05,2.97,2.97,0.8889199,0.1523326,2.104369,0.3722872,0.000290911,0.8887974,3.124844e-05,2.747847,0.3049694,0.0001811415,0.888796,3.141456e-05,-8.287869e-11,3.235827e-07,1.992776e-10,-2.60163e-10,3.263255e-07,4.238059e-11
9.422666e-05,2.97,2.97,0.8907199,0.1613559,2.10355,0.3775064,0.0002958197,0.8906,3.182615e-05,2.742167,0.3045882,0.0001811652,0.8905986,3.199236e-05,-4.610182e-11,3.295696e-07,2.13456e-10,-2.656815e-10,3.323074e-07,4.223058e-11
9.437666e-05,2.97,2.97,0.8925199,0.188274,2.102742,0.3827982,0.0003020382,0.8924025,3.240995e-05,2.736371,0.3041995,0.0001811843,0.8924011,3.257639e-05,-7.542257e-11,3.356166e-07,2.0721e-10,-2.712897e-10,3.383534e-07,4.206115e-11
9.452036e-05,2.97,2.97,0.8942443,0.2097634,2.101867,0.3879532,0.0003134357,0.8941292,3.297579e-05,2.73071,0.3038198,0.000181198,0.8941278,3.314175e-05,-7.688928e-11,3.414714e-07,2.297801e-10,-2.767476e-10,3.442057e-07,4.19117e-11
9.458407e-05,2.97,2.97,0.8950089,0.2012684,2.101564,0.3903103,0.0003244128,0.8948945,3.322858e-05,2.728165,0.3036491,0.0001812025,0.8948934,3.339424e-05,-1.739014e-10,3.440775e-07,2.098237e-10,-2.791937e-10,3.468192e-07,4.183277e-11
9.465249e-05,2.97,2.97,0.8958298,0.2008853,2.101173,0.392803,0.0003212707,0.8957168,3.350098e-05,2.725408,0.3034643,0.0001812065,0.8957154,3.366662e-05,4.092061e-11,3.469204e-07,2.401688e-10,-2.818374e-10,3.496384e-07,4.176442e-11
9.476112e-05,2.97,2.97,0.8971335,0.2002816,2.100585,0.396802,0.0003289593,0.8970222,3.393614e-05,2.720979,0.3031674,0.0001812104,0.8970207,3.410179e-05,-1.262705e-10,3.514137e-07,2.210093e-10,-2.860732e-10,3.541425e-07,4.163314e-11
9.479353e-05,2.97,2.97,0.8975224,0.2001034,2.100403,0.3980041,0.0003313826,0.8974115,3.4067e-05,2.719645,0.303078,0.0001812111,0.8974101,3.423225e-05,2.355747e-11,3.527792e-07,2.453779e-10,-2.873501e-10,3.554927e-07,4.160418e-11
9.491245e-05,2.97,2.97,0.8989495,0.1994438,2.099753,0.402451,0.000342007,0.8988404,3.454846e-05,2.714703,0.3027467,0.0001812116,0.898839,3.471345e-05,-1.033466e-10,3.577532e-07,2.32782e-10,-2.920599e-10,3.604729e-07,4.145889e-11
9.506245e-05,2.97,2.97,0.9007495,0.1986182,2.098934,0.4081362,0.0003574752,0.9006425,3.516218e-05,2.708358,0.3023214,0.0001812074,0.9006411,3.5326e-05,3.926009e-11,3.641135e-07,2.652399e-10,-2.98082e-10,3.668118e-07,4.129103e-11
9.521245e-05,2.97,2.97,0.9025495,0.1978193,2.098118,0.4139065,0.0003761765,0.9024447,3.57819e-05,2.701888,0.3018876,0.0001811976,0.9024432,3.594477e-05,-7.814419e-11,3.705148e-07,2.594328e-10,-3.042078e-10,3.73215e-07,4.110329e-11
9.536245e-05,2.97,2.97,0.9043495,0.201949,2.097316,0.4197563,0.0003976774,0.9042467,3.640869e-05,2.695291,0.3014454,0.000181182,0.9042453,3.65698e-05,6.882706e-11,3.770059e-07,2.964593e-10,-3.104214e-10,3.796823e-07,4.092843e-11
9.551245e-05,2.97,2.97,0.9061495,0.2216462,2.096522,0.4256861,0.0004247352,0.9060487,3.704167e-05,2.688565,0.3009943,0.0001811606,0.9060472,3.720105e-05,-3.741882e-11,3.835384e-07,2.976922e-10,-3.167412e-10,3.862137e-07,4.073397e-11
9.566245e-05,2.97,2.97,0.9079495,0.2627511,2.095739,0.4316954,0.0004576106,0.9078506,3.768194e-05,2.681709,0.3005343,0.0001811325,0.9078491,3.783855e-05,1.164687e-10,3.901601e-07,3.437157e-10,-3.231493e-10,3.928092e-07,4.05517e-11
9.57312e-05,2.97,2.97,0.9087745,0.2880244,2.095374,0.4344789,0.0004759029,0.9086764,3.79775e-05,2.678522,0.3003205,0.0001811172,0.908675,3.813281e-05,6.521716e-11,3.932053e-07,3.485814e-10,-3.261444e-10,3.958537e-07,4.045928e-11
9.57609e-05,2.97,2.97,0.9091307,0.260418,2.095072,0.4357323,0.0005033076,0.9090345,3.810847e-05,2.677137,0.3002275,0.0001811102,0.9090316,3.82603e-05,8.842674e-10,3.94613e-07,4.576712e-10,-3.273963e-10,3.971726e-07,4.042042e-11
9.576834e-05,2.97,2.97,0.9092201,0.2603934,2.09507,0.4360475,0.0005077676,0.9091233,3.81386e-05,2.676788,0.3002041,0.0001811084,0.9091211,3.829231e-05,-6.64099e-10,3.947906e-07,2.9525e-10,-3.277594e-10,3.975038e-07,4.041112e-11
9.577512e-05,2.97,2.97,0.9093014,0.2603191,2.095051,0.4363303,0.0005091669,0.9092043,3.816964e-05,2.676471,0.3001829,0.0001811068,0.9092025,3.832145e-05,8.186758e-10,3.952359e-07,4.472061e-10,-3.280161e-10,3.978052e-07,4.040211e-11
9.579906e-05,2.97,2.97,0.9095887,0.2601718,2.094945,0.4373182,0.0005099978,0.9094914,3.827088e-05,2.675349,0.3001075,0.0001811009,0.9094901,3.842454e-05,-6.310059e-10,3.961599e-07,2.972066e-10,-3.290985e-10,3.988717e-07,4.037125e-11
9.587158e-05,2.97,2.97,0.910459,0.2596244,2.094557,0.4402965,0.0005229762,0.9103627,3.858695e-05,2.671927,0.2998778,0.0001810816,0.9103613,3.873774e-05,8.124595e-10,3.995479e-07,4.587917e-10,-3.322439e-10,4.021119e-07,4.027559e-11
9.600687e-05,2.97,2.97,0.9120824,0.2586785,2.093833,0.4459162,0.0005730451,0.9119877,3.917731e-05,2.66546,0.2994433,0.0001810409,0.9119863,3.932588e-05,-5.67261e-10,4.055085e-07,3.525481e-10,-3.382797e-10,4.08196e-07,4.0096e-11
9.615687e-05,2.97,2.97,0.9138824,0.2575806,2.093028,0.4522433,0.0006429801,0.9137894,3.984266e-05,2.658158,0.2989525,0.0001809877,0.913788,3.998392e-05,9.07312e-10,4.124727e-07,5.551209e-10,-3.449909e-10,4.15003e-07,3.989183e-11
9.630687e-05,2.97,2.97,0.9156824,0.2565377,2.092227,0.4586643,0.000730427,0.9155911,4.051217e-05,2.650717,0.2984518,0.0001809251,0.9155897,4.064819e-05,-4.341468e-10,4.192251e-07,4.790617e-10,-3.518871e-10,4.218742e-07,3.968373e-11
9.645687e-05,2.97,2.97,0.9174824,0.2554742,2.091424,0.4651793,0.0008398589,0.9173928,4.119313e-05,2.643135,0.2979411,0.000180852,0.9173913,4.131868e-05,1.068092e-09,4.263196e-07,7.12947e-10,-3.588087e-10,4.288096e-07,3.946968e-11
9.660687e-05,2.97,2.97,0.9192824,0.2593302,2.090634,0.4717838,0.0009764241,0.9191944,4.1879e-05,2.63541,0.29742,0.0001807668,0.9191929,4.199541e-05,-2.235329e-10,4.332036e-07,6.773074e-10,-3.659176e-10,4.358091e-07,3.925094e-11
9.675687e-05,2.97,2.97,0.9210824,0.2785535,2.089846,0.47848,0.00114866,0.9209959,4.257733e-05,2.627539,0.2968882,0.0001806681,0.9209944,4.267835e-05,1.329362e-09,4.404286e-07,9.613924e-10,-3.730581e-10,4.428727e-07,3.902508e-11
9.690687e-05,2.97,2.97,0.9228824,0.3187866,2.089067,0.4852675,0.001365015,0.9227974,4.328189e-05,2.619521,0.2963454,0.0001805535,0.9227959,4.336752e-05,1.094632e-10,4.474437e-07,9.908258e-10,-3.803848e-10,4.500004e-07,3.879331e-11
9.701312e-05,2.97,2.97,0.9241574,0.3569327,2.0885,0.4901383,0.001552776,0.9240735,4.378945e-05,2.613752,0.2959541,0.0001804618,0.9240719,4.385943e-05,9.687998e-10,4.526184e-07,1.215316e-09,-3.855713e-10,4.55088e-07,3.862417e-11
9.704723e-05,2.97,2.97,0.9245668,0.3320078,2.087961,0.4917329,0.001620503,0.9244824,4.395282e-05,2.611883,0.2958272,0.0001804303,0.9244817,4.401805e-05,6.668119e-10,4.54223e-07,1.272321e-09,-3.873156e-10,4.567285e-07,3.856891e-11
9.705899e-05,2.97,2.97,0.9247079,0.3318631,2.088149,0.4923175,0.001666447,0.9246253,4.4013e-05,2.611237,0.2957834,0.0001804192,0.9246228,4.407278e-05,1.919602e-09,4.549227e-07,1.39716e-09,-3.878493e-10,4.572946e-07,3.855008e-11
9.706508e-05,2.97,2.97,0.924781,0.3318326,2.088143,0.492606,0.001678556,0.924698,4.404003e-05,2.610902,0.2957606,0.0001804134,0.924696,4.410116e-05,2.909532e-10,4.550549e-07,1.228036e-09,-3.882013e-10,4.575881e-07,3.853999e-11
9.70796e-05,2.97,2.97,0.9249552,0.3316741,2.088081,0.4932844,0.00170384,0.9248718,4.411154e-05,2.610103,0.2957063,0.0001803994,0.9248703,4.416881e-05,1.854942e-09,4.559045e-07,1.413037e-09,-3.888737e-10,4.582877e-07,3.851639e-11
9.714187e-05,2.97,2.97,0.9257025,0.3311275,2.087754,0.4961779,0.00182924,0.9256197,4.441041e-05,2.606658,0.2954721,0.0001803372,0.9256182,4.445972e-05,4.420577e-10,4.587751e-07,1.355324e-09,-3.920388e-10,4.612964e-07,3.841377e-11
9.727076e-05,2.97,2.97,0.9272492,0.3299223,2.087056,0.5022345,0.002157831,0.9271677,4.504358e-05,2.599444,0.2949807,0.0001801953,0.9271661,4.506523e-05,2.244646e-09,4.652101e-07,1.784805e-09,-3.984913e-10,4.675586e-07,3.81965e-11
9.742076e-05,2.97,2.97,0.9290492,0.3285793,2.086242,0.5093965,0.002631149,0.9289691,4.578899e-05,2.590905,0.2943972,0.0001800056,0.9289674,4.577567e-05,1.131124e-09,4.724385e-07,2.003987e-09,-4.06223e-10,4.749059e-07,3.79335e-11
9.757076e-05,2.97,2.97,0.9308492,0.3271916,2.085417,0.5166692,0.00321896,0.9307704,4.655322e-05,2.582209,0.2938008,0.0001797846,0.9307688,4.649231e-05,3.147041e-09,4.800281e-07,2.640505e-09,-4.13965e-10,4.823174e-07,3.765856e-11
9.772076e-05,2.97,2.97,0.9326492,0.3258822,2.084589,0.5240551,0.003944794,0.9325718,4.733037e-05,2.573354,0.2931907,0.0001795265,0.93257,4.721515e-05,2.25481e-09,4.873876e-07,3.06352e-09,-4.219261e-10,4.897928e-07,3.736943e-11
9.787076e-05,2.97,2.97,0.9344492,0.3292095,2.083755,0.5315515,0.00483178,0.934373,4.812984e-05,2.564337,0.2925663,0.0001792241,0.9343713,4.794418e-05,4.516482e-09,4.951069e-07,3.939316e-09,-4.299017e-10,4.973324e-07,3.706413e-11
9.801694e-05,2.97,2.97,0.9362032,0.3470628,2.08294,0.5389679,0.005876791,0.9361283,4.892489e-05,2.555393,0.2919431,0.000178879,0.9361265,4.866056e-05,3.898934e-09,5.024017e-07,4.618511e-09,-4.378861e-10,5.047411e-07,3.674769e-11
9.816694e-05,2.97,2.97,0.9380032,0.3854425,2.082097,0.5466932,0.007157377,0.9379294,4.976656e-05,2.546051,0.2912876,0.0001784625,0.9379277,4.940181e-05,6.482119e-09,5.102491e-07,5.807675e-09,-4.460932e-10,5.12407e-07,3.640081e-11
9.831694e-05,2.97,2.97,0.9398032,0.4372607,2.081218,0.5545514,0.008675108,0.9397304,5.062867e-05,2.536542,0.2906148,0.0001779698,0.9397289,5.014923e-05,6.249223e-09,5.178671e-07,6.86457e-09,-4.545209e-10,5.201368e-07,3.602619e-11
9.838754e-05,2.97,2.97,0.9406505,0.4100999,2.08074,0.55836,0.009492688,0.9405777,5.104672e-05,2.532007,0.2902917,0.0001777075,0.9405766,5.050316e-05,8.196298e-09,5.216658e-07,7.651527e-09,-4.584489e-10,5.237973e-07,3.583945e-11
9.842926e-05,2.97,2.97,0.9411511,0.4096331,2.08051,0.5605796,0.009989508,0.941079,5.12936e-05,2.529309,0.2900987,0.0001775423,0.9410776,5.071295e-05,7.633806e-09,5.237519e-07,7.946628e-09,-4.608671e-10,5.25967e-07,3.572506e-11
9.847006e-05,2.97,2.97,0.9416407,0.4091608,2.080261,0.5627611,0.01049829,0.9415688,5.153927e-05,2.526658,0.2899085,0.0001773729,0.9415675,5.091857e-05,8.980082e-09,5.259785e-07,8.451703e-09,-4.631324e-10,5.280936e-07,3.561109e-11
9.849312e-05,2.97,2.97,0.9419175,0.4089112,2.080124,0.5640009,0.01079545,0.9418457,5.167748e-05,2.525154,0.2898003,0.0001772737,0.9418444,5.103502e-05,8.3256e-09,5.271002e-07,8.594947e-09,-4.645029e-10,5.292979e-07,3.554476e-11
9.851662e-05,2.97,2.97,0.9421995,0.4086325,2.079982,0.5652681,0.01110478,0.9421278,5.182095e-05,2.523617,0.2896896,0.0001771698,0.9421266,5.11538e-05,9.471618e-09,5.284215e-07,8.935305e-09,-4.657914e-10,5.305264e-07,3.54771e-11
9.862635e-05,2.97,2.97,0.9435162,0.4074049,2.079316,0.5712358,0.01263996,0.9434451,5.249423e-05,2.516385,0.2891656,0.0001766459,0.9434441,5.171046e-05,9.862472e-09,5.341191e-07,1.006969e-08,-4.721544e-10,5.362837e-07,3.514547e-11
9.877635e-05,2.97,2.97,0.9453162,0.405703,2.078391,0.5795162,0.01498272,0.9452457,5.344078e-05,2.506346,0.2884295,0.0001758122,0.9452452,5.247677e-05,1.267997e-08,5.421682e-07,1.203109e-08,-4.808161e-10,5.442094e-07,3.46517e-11
9.892635e-05,2.97,2.97,0.9471162,0.4040331,2.077454,0.5879371,0.01761065,0.9470461,5.441321e-05,2.496131,0.2876684,0.0001748175,0.9470462,5.324922e-05,1.396015e-08,5.501089e-07,1.403257e-08,-4.896932e-10,5.521989e-07,3.410143e-11
9.907635e-05,2.97,2.97,0.9489162,0.4030405,2.076505,0.5964999,0.02052316,0.9488464,5.541531e-05,2.485736,0.2868793,0.0001736288,0.9488472,5.402782e-05,1.722373e-08,5.582861e-07,1.644125e-08,-4.985613e-10,5.602523e-07,3.34851e-11
9.918703e-05,2.97,2.97,0.9502444,0.40823,2.075802,0.6029072,0.02285169,0.9501745,5.617062e-05,2.47795,0.2862772,0.0001726045,0.950176,5.460625e-05,1.824518e-08,5.642112e-07,1.819979e-08,-5.052585e-10,5.662354e-07,3.29796e-11
9.933703e-05,2.97,2.97,0.9520444,0.4297384,2.074841,0.6117169,0.02624698,0.9519744,5.722002e-05,2.467239,0.285431,0.0001709821,0.951977,5.539551e-05,2.18811e-08,5.724992e-07,2.098643e-08,-5.142793e-10,5.743997e-07,3.221564e-11
9.948703e-05,2.97,2.97,0.9538444,0.4722803,2.073875,0.6206715,0.02991053,0.953774,5.829403e-05,2.456343,0.2845456,0.0001690424,0.9537779,5.61909e-05,2.397343e-08,5.806795e-07,2.380029e-08,-5.234808e-10,5.826277e-07,3.134374e-11
9.963703e-05,2.97,2.97,0.9556444,0.5230488,2.072877,0.6297912,0.03384137,0.9555735,5.939634e-05,2.44526,0.2836156,0.0001667262,0.9555788,5.69924e-05,2.802381e-08,5.890951e-07,2.700726e-08,-5.326279e-10,5.909195e-07,3.034666e-11
9.970909e-05,2.97,2.97,0.956509,0.4953362,2.072344,0.6342841,0.03584309,0.9564373,5.993473e-05,2.439869,0.2831511,0.0001654595,0.9564439,5.73796e-05,2.852209e-08,5.930063e-07,2.84733e-08,-5.371151e-10,5.949253e-07,2.981519e-11
9.973475e-05,2.97,2.97,0.956817,0.4949535,2.072184,0.6358658,0.03656177,0.9567456,6.01296e-05,2.437938,0.2829827,0.000164982,0.9567521,5.751785e-05,3.050531e-08,5.945833e-07,2.919296e-08,-5.386438e-10,5.963556e-07,2.961781e-11
9.975082e-05,2.97,2.97,0.9570098,0.4947604,2.072077,0.6368591,0.03701501,0.9569383,6.02491e-05,2.436727,0.2828763,0.0001646759,0.956945,5.760451e-05,2.942961e-08,5.953435e-07,2.939571e-08,-5.396861e-10,5.972522e-07,2.949182e-11
9.976627e-05,2.97,2.97,0.9571952,0.494523,2.071972,0.6378162,0.03745315,0.9571236,6.036752e-05,2.43556,0.2827735,0.0001643763,0.9571304,5.768786e-05,3.119431e-08,5.963477e-07,2.989588e-08,-5.40587e-10,5.981145e-07,2.936901e-11
9.979611e-05,2.97,2.97,0.9575534,0.4941398,2.071774,0.6396734,0.03830788,0.9574816,6.059235e-05,2.4333,0.2825732,0.0001637822,0.9574888,5.784913e-05,3.04928e-08,5.978881e-07,3.04221e-08,-5.424762e-10,5.99783e-07,2.912684e-11
9.990276e-05,2.97,2.97,0.9588331,0.4926567,2.071054,0.6463727,0.04144501,0.9587606,6.14113e-05,2.425163,0.2818376,0.0001614904,0.9587692,5.842729e-05,3.439563e-08,6.040316e-07,3.305466e-08,-5.490026e-10,6.05765e-07,2.820726e-11
0.0001000528,2.97,2.97,0.9606331,0.4906393,2.070038,0.6559409,0.04606795,0.9605594,6.258052e-05,2.413556,0.2807464,0.0001577775,0.96057,5.924571e-05,3.673383e-08,6.124033e-07,3.656233e-08,-5.582843e-10,6.142332e-07,2.675522e-11
0.0001002028,2.97,2.97,0.9624331,0.4885792,2.069013,0.6656736,0.05092524,0.9623578,6.377675e-05,2.401758,0.2795808,0.0001534342,0.9623708,6.007022e-05,4.199789e-08,6.211062e-07,4.055062e-08,-5.674088e-10,6.227651e-07,2.510797e-11
0.0001003528,2.97,2.97,0.9642331,0.486789,2.067987,0.6755733,0.05601032,0.964156,6.49932e-05,2.389771,0.2783311,0.0001484209,0.9641717,6.090081e-05,4.470046e-08,6.296048e-07,4.442069e-08,-5.765239e-10,6.313605e-07,2.326301e-11
0.0001004585,2.97,2.97,0.9655021,0.489398,2.067264,0.682651,0.05972711,0.9654234,6.586709e-05,2.381207,0.2773946,0.0001444841,0.9654412,6.149003e-05,4.903654e-08,6.358615e-07,4.750415e-08,-5.827621e-10,6.374585e-07,2.185374e-11
0.0001006085,2.97,2.97,0.9673021,0.5063919,2.066238,0.6928354,0.06518365,0.967221,6.712205e-05,2.368901,0.2759822,0.0001384056,0.967242,6.233098e-05,5.203411e-08,6.444678e-07,5.166588e-08,-5.915368e-10,6.461624e-07,1.975122e-11
0.0001007585,2.97,2.97,0.9691021,0.5429565,2.065213,0.7031889,0.07085059,0.9690182,6.840206e-05,2.356415,0.2744693,0.0001319564,0.9690427,6.3178e-05,5.791574e-08,6.534024e-07,5.628655e-08,-5.998863e-10,6.549298e-07,1.763215e-11
0.0001009085,2.97,2.97,0.9709021,0.5941365,2.06417,0.7137245,0.07672902,0.9708149,6.970104e-05,2.34376,0.2728628,0.0001256273,0.9708435,6.403112e-05,6.124252e-08,6.621334e-07,6.078074e-08,-6.079118e-10,6.637609e-07,1.573952e-11
0.0001010194,2.97,2.97,0.9722331,0.5859051,2.063232,0.721692,0.08123935,0.9721436,7.06806e-05,2.3343,0.2716288,0.0001215439,0.972175,6.466587e-05,6.618269e-08,6.688588e-07,6.450329e-08,-6.134025e-10,6.703318e-07,1.471075e-11
0.0001010567,2.97,2.97,0.9726809,0.5853124,2.063094,0.7243648,0.08277021,0.9725896,7.100975e-05,2.3311,0.2712081,0.000120391,0.9726231,6.488022e-05,6.623719e-08,6.709684e-07,6.556859e-08,-6.152471e-10,6.725507e-07,1.449312e-11
0.0001010819,2.97,2.97,0.9729822,0.5848893,2.062923,0.7261675,0.08380542,0.9728904,7.1234e-05,2.328942,0.2709246,0.0001197049,0.9729244,6.502462e-05,6.807876e-08,6.725703e-07,6.649061e-08,-6.163734e-10,6.740456e-07,1.438699e-11
0.0001011089,2.97,2.97,0.9733062,0.58447,2.062734,0.7281177,0.08492558,0.9732138,7.147364e-05,2.326617,0.2706196,0.0001190612,0.9732486,6.518012e-05,6.792767e-08,6.74083e-07,6.726579e-08,-6.176818e-10,6.756553e-07,1.432769e-11
0.0001011457,2.97,2.97,0.9737482,0.5838554,2.062475,0.7307915,0.08646645,0.9736547,7.180426e-05,2.32344,0.2702046,0.0001183666,0.9736907,6.539253e-05,7.01945e-08,6.763909e-07,6.859134e-08,-6.192949e-10,6.778542e-07,1.432824e-11
0.0001012107,2.97,2.97,0.9745283,0.5828236,2.06202,0.7355432,0.08921988,0.974433,7.238841e-05,2.317815,0.2694797,0.0001177816,0.9744712,6.576842e-05,7.135922e-08,6.801933e-07,7.065637e-08,-6.221982e-10,6.817454e-07,1.465158e-11
0.0001013607,2.97,2.97,0.9763283,0.5803882,2.060966,0.7466416,0.09571825,0.9762279,7.375471e-05,2.304771,0.2679053,0.0001210131,0.9762719,6.664018e-05,7.755435e-08,6.893421e-07,7.588994e-08,-6.281615e-10,6.907691e-07,1.747455e-11
0.0001015107,2.97,2.97,0.9781283,0.5780001,2.059911,0.7579282,0.1024155,0.9780221,7.513987e-05,2.291682,0.2666456,0.0001346755,0.9780726,6.751835e-05,8.185899e-08,6.983504e-07,8.106532e-08,-6.334889e-10,6.998572e-07,2.493194e-11
0.0001016607,2.97,2.97,0.9799283,0.5756377,2.058853,0.7694054,0.1093098,0.9798154,7.654768e-05,2.278619,0.2660485,0.0001663772,0.9798734,6.840317e-05,8.835858e-08,7.07618e-07,8.660911e-08,-6.381574e-10,7.090104e-07,4.015255e-11
0.0001017609,2.97,2.97,0.9811304,0.5763858,2.058153,0.7771753,0.1140219,0.9810124,7.749747e-05,2.26996,0.2662808,0.0002031681,0.9810759,6.899793e-05,9.108741e-08,7.136731e-07,9.021815e-08,-6.412516e-10,7.151594e-07,5.6888e-11
0.0001019109,2.97,2.97,0.9829304,0.5893946,2.0571,0.7889706,0.121239,0.9828037,7.893903e-05,2.257187,0.2681646,0.0002941797,0.9828767,6.989476e-05,9.7833e-08,7.230365e-07,9.601452e-08,-6.462571e-10,7.244227e-07,9.682399e-11
0.0001020609,2.97,2.97,0.9847304,0.6208888,2.056053,0.8009598,0.1286485,0.9845936,8.039861e-05,2.244794,0.2728696,0.0004501532,0.9846776,7.079969e-05,1.027059e-07,7.322575e-07,1.017503e-07,-6.530153e-10,7.337534e-07,1.634842e-10
0.0001022109,2.97,2.97,0.9865304,0.6703657,2.054999,0.8131492,0.1362517,0.9863818,8.188008e-05,2.23298,0.2818601,0.0007114739,0.9864785,7.171395e-05,1.097518e-07,7.417311e-07,1.078503e-07,-6.631452e-10,7.431531e-07,2.754383e-10
0.0001023609,2.97,2.97,0.9883304,0.7181583,2.053933,0.8255509,0.1440552,0.9881679,8.337976e-05,2.221968,0.2969606,0.001168215,0.9882797,7.264018e-05,1.149331e-07,7.510583e-07,1.138959e-07,-6.786672e-10,7.526238e-07,4.83224e-10
0.0001023902,2.97,2.97,0.9886827,0.6964729,2.053488,0.8280227,0.1456126,0.9885167,8.367642e-05,2.219926,0.3008091,0.001298867,0.9886324,7.282342e-05,1.16439e-07,7.529282e-07,1.15194e-07,-6.827195e-10,7.544863e-07,5.475178e-10
0.0001024037,2.97,2.97,0.9888441,0.6916121,2.053569,0.8291959,0.1463577,0.9886793,8.381675e-05,2.219003,0.302677,0.001365438,0.9887939,7.290765e-05,1.17757e-07,7.538651e-07,1.158192e-07,-6.84045e-10,7.553405e-07,5.838249e-10
0.0001024108,2.97,2.97,0.98893,0.6914696,2.053561,0.8297938,0.1467367,0.9887638,8.38876e-05,2.218516,0.303699,0.001402826,0.9888799,7.295252e-05,1.172276e-07,7.542339e-07,1.160095e-07,-6.855373e-10,7.557952e-07,6.001447e-10
0.0001024443,2.97,2.97,0.9893313,0.6908345,2.053311,0.8325721,0.148503,0.9891597,8.422537e-05,2.216272,0.3087468,0.001598691,0.9892817,7.316312e-05,1.193247e-07,7.564051e-07,1.174951e-07,-6.898675e-10,7.579228e-07,7.046193e-10
0.0001025179,2.97,2.97,0.9902153,0.689421,2.052789,0.8387795,0.1524484,0.9900352,8.497299e-05,2.211532,0.3215185,0.002200939,0.9901671,7.363297e-05,1.217328e-07,7.609953e-07,1.205193e-07,-7.021002e-10,7.626235e-07,1.033944e-09
0.0001026659,2.97,2.97,0.9919907,0.6866065,2.051739,0.8514317,0.1605383,0.9917912,8.649324e-05,2.202907,0.3547368,0.004749681,0.9919476,7.461923e-05,1.288816e-07,7.704601e-07,1.269857e-07,-7.274849e-10,7.721284e-07,2.390043e-09
0.0001028159,2.97,2.97,0.9937907,0.6837541,2.050676,0.8644672,0.1689334,0.9935673,8.805098e-05,2.195449,0.3994001,0.008651977,0.9937458,7.565809e-05,1.348089e-07,7.799534e-07,1.335122e-07,-7.37013e-10,7.817988e-07,3.284489e-09
0.0001029659,2.97,2.97,0.9955907,0.6809241,2.049614,0.8777149,0.1775232,0.9953385,8.962888e-05,2.189285,0.4525626,0.009995955,0.9955389,7.663139e-05,1.423481e-07,7.896231e-07,1.40371e-07,-5.605491e-10,7.915115e-07,2.816634e-09
0.0001030663,2.97,2.97,0.9967951,0.6791247,2.048904,0.8866985,0.1833796,0.9965202,9.069281e-05,2.185838,0.4852287,0.009817237,0.9967425,7.725899e-05,1.462626e-07,7.959917e-07,1.448966e-07,4.68031e-12,7.980706e-07,2.622744e-09
0.0001031955,2.97,2.97,0.9983463,0.6815441,2.047995,0.8984081,0.1910494,0.9980374,9.207636e-05,2.182105,0.5070412,0.009321987,0.9982944,7.806532e-05,1.530675e-07,8.043695e-07,1.510293e-07,1.01849e-09,8.06573e-07,2.461075e-09
0.0001033455,2.97,2.97,1.000146,0.6985298,2.046945,0.9121967,0.2001308,0.9997898,9.369454e-05,2.178655,0.51793,0.009139734,1.000097,7.90188e-05,1.59538e-07,8.139509e-07,1.580957e-07,1.724959e-09,8.165126e-07,2.633801e-09
0.0001034955,2.97,2.97,1.001946,0.7348269,2.045901,0.9261993,0.2094054,1.001531,9.532919e-05,2.175992,0.5287928,0.009846826,1.001899,8.000307e-05,1.676108e-07,8.236716e-07,1.654918e-07,2.562381e-09,8.265195e-07,3.094036e-09
0.0001036455,2.97,2.97,1.003746,0.7844049,2.044849,0.9404268,0.2188794,1.003259,9.697531e-05,2.173936,0.5403072,0.01148799,1.003702,8.101912e-05,1.743893e-07,8.332347e-07,1.728682e-07,3.634148e-09,8.365909e-07,3.822636e-09
0.0001037955,2.97,2.97,1.005546,0.8311831,2.043801,0.9548784,0.2285525,1.004968,9.86345e-05,2.172333,0.5521099,0.0140399,1.005503,8.20662e-05,1.827757e-07,8.428976e-07,1.805776e-07,4.916739e-09,8.467259e-07,4.791535e-09
0.000103891,2.97,2.97,1.006692,0.8102528,2.04317,0.9642473,0.23485,1.006047,9.969748e-05,2.17149,0.5597053,0.01611017,1.00665,8.2748e-05,1.871928e-07,8.489272e-07,1.854448e-07,5.822472e-09,8.532092e-07,5.526448e-09
0.0001039217,2.97,2.97,1.007061,0.8095782,2.042897,0.9672314,0.2368599,1.00639,0.0001000371,2.171243,0.5621611,0.01684569,1.007019,8.296988e-05,1.891539e-07,8.50899e-07,1.870946e-07,6.128238e-09,8.553016e-07,5.776788e-09
0.0001039342,2.97,2.97,1.007211,0.8092854,2.042809,0.9684597,0.2376868,1.00653,0.0001001756,2.171145,0.5631618,0.01715418,1.007169,8.306048e-05,1.894593e-07,8.516549e-07,1.877059e-07,6.253012e-09,8.561536e-07,5.884392e-09
0.0001039518,2.97,2.97,1.007422,0.8089032,2.042688,0.9701896,0.2388524,1.006726,0.0001003714,2.171011,0.5645684,0.01759628,1.00738,8.318804e-05,1.907467e-07,8.527996e-07,1.886682e-07,6.432086e-09,8.573512e-07,6.031673e-09
0.0001039971,2.97,2.97,1.007965,0.8078776,2.042374,0.9746692,0.2418752,1.00723,0.0001008756,2.170678,0.5682039,0.01878306,1.007924,8.35187e-05,1.927845e-07,8.556225e-07,1.910078e-07,6.898887e-09,8.604436e-07,6.431643e-09
0.0001041036,2.97,2.97,1.009243,0.8055089,2.041642,0.9852817,0.2490539,1.008405,0.0001020638,2.169966,0.5767926,0.02182227,1.009203,8.430512e-05,1.988245e-07,8.623323e-07,1.96705e-07,8.042846e-09,8.677372e-07,7.422971e-09
0.0001042536,2.97,2.97,1.011043,0.8021575,2.040619,1.000415,0.2593301,1.010029,0.0001037362,2.169096,0.5889878,0.02663329,1.011003,8.543231e-05,2.066007e-07,8.715708e-07,2.047571e-07,9.742661e-09,8.780622e-07,8.950195e-09
0.0001044036,2.97,2.97,1.012843,0.7988424,2.03961,1.015768,0.2698007,1.01161,0.0001054055,2.168337,0.6013065,0.03197856,1.012804,8.658008e-05,2.152439e-07,8.806857e-07,2.130466e-07,1.153818e-08,8.884494e-07,1.059878e-08
0.0001045271,2.97,2.97,1.014325,0.7961757,2.038791,1.028568,0.2785636,1.012873,0.0001067719,2.167772,0.6115457,0.0367238,1.014285,8.753877e-05,2.218205e-07,8.879424e-07,2.19906e-07,1.307922e-08,8.970457e-07,1.204364e-08
0.0001046424,2.97,2.97,1.015708,0.7971277,2.038042,1.040648,0.2868609,1.014017,0.00010804,2.167279,0.6211933,0.04140457,1.015668,8.844448e-05,2.287404e-07,8.946046e-07,2.264825e-07,1.457024e-08,9.051111e-07,1.344968e-08
0.0001047924,2.97,2.97,1.017508,0.8112903,2.037086,1.056552,0.2978216,1.015446,0.0001096715,2.166672,0.6338759,0.04782028,1.017468,8.963706e-05,2.370535e-07,9.028858e-07,2.35072e-07,1.657746e-08,9.156594e-07,1.536689e-08
0.0001049424,2.97,2.97,1.019308,0.8439699,2.036159,1.072658,0.3089648,1.0168,0.0001112787,2.166095,0.6467124,0.0545717,1.019267,9.084481e-05,2.462209e-07,9.108324e-07,2.438883e-07,1.866165e-08,9.2627e-07,1.736521e-08
0.0001050924,2.97,2.97,1.021108,0.8923419,2.035249,1.088968,0.3202901,1.018069,0.0001128544,2.165537,0.6597077,0.06163089,1.021066,9.206697e-05,2.548171e-07,9.182512e-07,2.527646e-07,2.081582e-08,9.369427e-07,1.944869e-08
0.0001052424,2.97,2.97,1.022908,0.9384332,2.034364,1.105479,0.3317959,1.019247,0.000114396,2.164992,0.6728661,0.06897591,1.022865,9.330291e-05,2.642673e-07,9.252339e-07,2.618655e-07,2.304081e-08,9.476776e-07,2.160258e-08
0.0001053924,2.97,2.97,1.024708,0.9699288,2.03348,1.12219,0.3434811,1.02033,0.0001158982,2.164457,0.6861908,0.07658925,1.024664,9.455215e-05,2.731411e-07,9.316076e-07,2.710272e-07,2.533043e-08,9.584741e-07,2.383299e-08
0.0001054721,2.97,2.97,1.025665,0.9515608,2.033045,1.131151,0.3497646,1.020866,0.0001166807,2.164175,0.6933401,0.08073911,1.025619,9.522124e-05,2.782681e-07,9.34805e-07,2.759844e-07,2.657481e-08,9.642364e-07,2.504236e-08
0.0001054996,2.97,2.97,1.025995,0.9508159,2.032891,1.134251,0.35194,1.021045,0.0001169477,2.164078,0.6958219,0.08218952,1.025949,9.54533e-05,2.799945e-07,9.358656e-07,2.777042e-07,2.700774e-08,9.662317e-07,2.546805e-08
0.0001055269,2.97,2.97,1.026323,0.9501139,2.032743,1.137339,0.3541086,1.021219,0.0001172116,2.163982,0.6982897,0.0836366,1.026277,9.568393e-05,2.817322e-07,9.369019e-07,2.794104e-07,2.74412e-08,9.682132e-07,2.58876e-08
0.0001055565,2.97,2.97,1.026678,0.9493201,2.032583,1.140684,0.3564593,1.021403,0.0001174954,2.163878,0.7009633,0.0852097,1.026631,9.593368e-05,2.835644e-07,9.379973e-07,2.812621e-07,2.791009e-08,9.703571e-07,2.634871e-08
0.0001056051,2.97,2.97,1.027261,0.9480599,2.032323,1.146201,0.3603395,1.021699,0.0001179587,2.163708,0.7053762,0.08781788,1.027213,9.634556e-05,2.866549e-07,9.397575e-07,2.843153e-07,2.868916e-08,9.738892e-07,2.710619e-08
0.0001057469,2.97,2.97,1.028962,0.9443266,2.031582,1.162406,0.3717601,1.022504,0.000119286,2.163215,0.7183596,0.09557199,1.028913,9.755512e-05,2.956462e-07,9.445539e-07,2.933061e-07,3.09963e-08,9.842345e-07,2.936539e-08
0.0001058969,2.97,2.97,1.030762,0.9404274,2.030826,1.179716,0.3839966,1.023266,0.0001206516,2.162696,0.7322644,0.1039983,1.03071,9.884642e-05,3.053355e-07,9.491102e-07,3.029368e-07,3.349752e-08,9.952371e-07,3.181124e-08
0.0001060469,2.97,2.97,1.032562,0.9365166,2.030095,1.197196,0.39639,1.023941,0.0001219802,2.16218,0.7463468,0.1126478,1.032508,0.0001001496,3.150909e-07,9.531537e-07,3.126923e-07,3.605615e-08,1.0063e-06,3.432338e-08
0.0001061473,2.97,2.97,1.033767,0.9348853,2.029622,1.208989,0.404772,1.024348,0.0001228504,2.161836,0.7558742,0.1185596,1.03371,0.0001010286,3.217355e-07,9.55598e-07,3.192884e-07,3.780307e-08,1.013739e-06,3.603445e-08
0.0001062776,2.97,2.97,1.035332,0.9405974,2.029024,1.224407,0.4157544,1.024827,0.000123959,2.16139,0.768365,0.1263777,1.035271,0.0001021775,3.30374e-07,9.584674e-07,3.279326e-07,4.010756e-08,1.023437e-06,3.830123e-08
0.0001064276,2.97,2.97,1.037132,0.9626265,2.028356,1.242295,0.4285299,1.025311,0.0001252075,2.16088,0.7829075,0.135569,1.037067,0.00010351,3.404851e-07,9.613823e-07,3.379861e-07,4.281419e-08,1.034651e-06,4.095836e-08
0.0001065776,2.97,2.97,1.038932,1.004029,2.02771,1.260335,0.4414496,1.025729,0.0001264282,2.160373,0.7976347,0.1449665,1.038862,0.0001048537,3.506487e-07,9.638911e-07,3.48154e-07,4.557523e-08,1.045921e-06,4.367789e-08
0.0001067276,2.97,2.97,1.040732,1.050688,2.02707,1.278537,0.4545194,1.026079,0.0001276214,2.159867,0.8125483,0.1545672,1.040655,0.0001062083,3.609921e-07,9.660026e-07,3.584391e-07,4.839384e-08,1.057248e-06,4.644912e-08
0.0001068776,2.97,2.97,1.042532,1.095624,2.026454,1.296885,0.4677284,1.026356,0.0001287822,2.159363,0.82765,0.1643684,1.042448,0.0001075737,3.713836e-07,9.676654e-07,3.688336e-07,5.126584e-08,1.068629e-06,4.928147e-08
0.0001070276,2.97,2.97,1.044332,1.140438,2.025862,1.315374,0.4810733,1.026542,0.0001299007,2.158862,0.8429416,0.1743681,1.044238,0.0001089495,3.819412e-07,9.687906e-07,3.793333e-07,5.419456e-08,1.080063e-06,5.216448e-08
0.0001071424,2.97,2.97,1.045709,1.123636,2.025466,1.329653,0.491403,1.026606,0.0001307193,2.158479,0.8547708,0.1821522,1.045607,0.000110009,3.901852e-07,9.69185e-07,3.874497e-07,5.647063e-08,1.088844e-06,5.441209e-08
0.0001071917,2.97,2.97,1.046301,1.122128,2.025234,1.335762,0.4958257,1.026605,0.0001310531,2.158315,0.8598862,0.1855307,1.046195,0.0001104659,3.933932e-07,9.69149e-07,3.909153e-07,5.745932e-08,1.092625e-06,5.538379e-08
0.0001072243,2.97,2.97,1.046692,1.121091,2.025116,1.339831,0.498775,1.026594,0.0001312702,2.158207,0.8632814,0.1877772,1.046583,0.0001107687,3.960613e-07,9.691194e-07,3.93286e-07,5.811503e-08,1.095128e-06,5.603398e-08
0.0001072463,2.97,2.97,1.046956,1.120431,2.025042,1.342577,0.5007666,1.026582,0.0001314133,2.158134,0.8655763,0.1892974,1.046845,0.0001109731,3.97301e-07,9.690121e-07,3.948035e-07,5.856022e-08,1.096817e-06,5.646974e-08
0.0001073184,2.97,2.97,1.047821,1.118174,2.024804,1.351591,0.5073072,1.026508,0.0001318649,2.157896,0.8731264,0.1943089,1.047703,0.0001116446,4.027837e-07,9.685984e-07,3.99996e-07,6.002346e-08,1.10236e-06,5.791678e-08
0.0001074684,2.97,2.97,1.049621,1.11356,2.02437,1.370407,0.520985,1.026146,0.0001326862,2.157401,0.8889846,0.2048831,1.049486,0.0001130489,4.132473e-07,9.663806e-07,4.107051e-07,6.311175e-08,1.113927e-06,6.096129e-08
0.0001076184,2.97,2.97,1.051421,1.10892,2.024055,1.389261,0.5347231,1.025376,0.0001332741,2.156908,0.9050383,0.2156506,1.051265,0.0001144617,4.243996e-07,9.617785e-07,4.215528e-07,6.625206e-08,1.125527e-06,6.406528e-08
0.0001077684,2.97,2.97,1.053221,1.104416,2.023926,1.408083,0.5484688,1.02397,0.0001334924,2.156419,0.921289,0.2266106,1.053038,0.0001158822,4.349092e-07,9.533199e-07,4.323052e-07,6.944797e-08,1.137152e-06,6.721855e-08
0.0001078925,2.97,2.97,1.05471,1.10455,2.024033,1.423552,0.5597895,1.022084,0.0001332533,2.156016,0.9348854,0.2358248,1.0545,0.0001170625,4.441408e-07,9.42107e-07,4.412396e-07,7.213128e-08,1.146781e-06,6.987326e-08
0.0001080132,2.97,2.97,1.056158,1.114004,2.024403,1.438415,0.5706863,1.019341,0.0001324965,2.155626,0.9482374,0.2449105,1.055916,0.0001182137,4.523913e-07,9.258513e-07,4.497381e-07,7.477754e-08,1.156146e-06,7.24853e-08
0.0001081632,2.97,2.97,1.057958,1.141584,2.025377,1.45646,0.5839438,1.014156,0.00013055,2.155144,0.9650108,0.2563742,1.057665,0.0001196475,4.631116e-07,8.956027e-07,4.601645e-07,7.811224e-08,1.167768e-06,7.578565e-08
0.0001083132,2.97,2.97,1.059758,1.186402,2.027141,1.473758,0.5966807,1.006193,0.0001270854,2.154667,0.9819839,0.2680281,1.059398,0.0001210824,4.727554e-07,8.500988e-07,4.700653e-07,8.150183e-08,1.179347e-06,7.91346e-08
0.0001084632,2.97,2.97,1.061558,1.230562,2.029972,1.489935,0.6086199,0.9944055,0.0001216582,2.154194,0.9991569,0.2798713,1.061112,0.000122515,4.823573e-07,7.850834e-07,4.794014e-07,8.494231e-08,1.19085e-06,8.254188e-08
0.0001086132,2.97,2.97,1.063358,1.274298,2.034155,1.504541,0.6194247,0.9776634,0.000113946,2.153726,1.016529,0.2919027,1.062799,0.0001239409,4.903677e-07,6.973532e-07,4.877199e-07,8.843696e-08,1.202232e-06,8.599709e-08
0.0001087632,2.97,2.97,1.065158,1.317836,2.039868,1.517139,0.6287683,0.9549716,0.0001039629,2.153265,1.0341,0.304121,1.064452,0.0001253548,4.977859e-07,5.873742e-07,4.949547e-07,9.198154e-08,1.213437e-06,8.950973e-08
0.0001089132,2.97,2.97,1.066958,1.360848,2.047078,1.527417,0.6364114,0.9257069,9.224073e-05,2.152812,1.051867,0.3165242,1.066062,0.0001267499,5.031594e-07,4.606395e-07,5.007449e-07,9.557898e-08,1.224396e-06,9.306907e-08
0.0001089723,2.97,2.97,1.067667,1.332976,2.050229,1.530863,0.6389785,0.9123214,8.736888e-05,2.152636,1.058916,0.3214581,1.066681,0.0001272924,5.052928e-07,4.084398e-07,5.027292e-07,9.700796e-08,1.228627e-06,9.448804e-08
0.0001089925,2.97,2.97,1.06791,1.332253,2.05137,1.53192,0.6397683,0.9074929,8.56876e-05,2.152576,1.061337,0.3231543,1.066891,0.0001274771,5.05722e-07,3.90472e-07,5.033022e-07,9.750038e-08,1.230063e-06,9.497244e-08
0.0001090464,2.97,2.97,1.068556,1.330244,2.054431,1.53457,0.6417449,0.8940415,8.122846e-05,2.152418,1.067801,0.3276875,1.067445,0.0001279663,5.072024e-07,3.429309e-07,5.048218e-07,9.881268e-08,1.233855e-06,9.627606e-08
0.0001091475,2.97,2.97,1.06977,1.326544,2.060345,1.538863,0.6449531,0.8664093,7.311324e-05,2.152124,1.080005,0.3362622,1.068461,0.0001288727,5.094283e-07,2.566336e-07,5.072395e-07,1.012966e-07,1.240831e-06,9.873408e-08
0.0001092975,2.97,2.97,1.07157,1.321021,2.06889,1.543912,0.648731,0.8192064,6.249297e-05,2.1517,1.09826,0.3491257,1.069906,0.0001301822,5.120915e-07,1.438146e-07,5.101368e-07,1.050177e-07,1.250777e-06,1.024262e-07
0.0001094475,2.97,2.97,1.07337,1.315565,2.076036,1.548306,0.6520121,0.7616115,5.466706e-05,2.15129,1.116694,0.3621613,1.071264,0.0001314426,5.143877e-07,5.971417e-08,5.127048e-07,1.08787e-07,1.260168e-06,1.061605e-07
0.0001095975,2.97,2.97,1.07517,1.310136,2.080369,1.553396,0.6557904,0.6838663,5.062115e-05,2.150898,1.135303,0.3753635,1.072525,0.0001326461,5.173436e-07,1.302907e-08,5.157959e-07,1.125987e-07,1.268921e-06,1.099454e-07
0.0001097475,2.97,2.97,1.07697,1.310062,2.081362,1.560317,0.6609174,0.5716049,5.007985e-05,2.150525,1.154076,0.388726,1.073681,0.0001337861,5.21449e-07,9.405492e-10,5.19954e-07,1.164544e-07,1.276974e-06,1.137688e-07
0.0001098975,2.97,2.97,1.07877,1.324495,2.081027,1.568274,0.6668273,0.4300566,5.051822e-05,2.150173,1.173006,0.4022418,1.074728,0.0001348586,5.261424e-07,1.717932e-10,5.246237e-07,1.203481e-07,1.284281e-06,1.176385e-07
0.0001100475,2.97,2.97,1.08057,1.357735,2.080611,1.576079,0.6726305,0.2705364,5.096055e-05,2.149842,1.192082,0.4159036,1.075662,0.000135861,5.306529e-07,1.422316e-10,5.291559e-07,1.242815e-07,1.290823e-06,1.215425e-07
0.0001101975,2.97,2.97,1.08237,1.402808,2.080175,1.583807,0.6783769,0.0973686,5.139541e-05,2.149534,1.211294,0.4297038,1.076483,0.0001367926,5.352813e-07,1.535247e-10,5.336866e-07,1.282485e-07,1.296591e-06,1.254885e-07
0.0001103475,2.97,2.97,1.08417,1.445637,2.079773,1.591589,0.6842006,-0.0002867783,5.185889e-05,2.149249,1.230634,0.4436345,1.077193,0.000137653,5.392504e-07,4.354295e-13,5.3829e-07,1.322508e-07,1.301583e-06,1.294643e-07
0.0001104913,2.97,2.97,1.085895,1.461746,2.079294,1.599052,0.6897462,0.0001041388,5.227998e-05,2.148996,1.249277,0.4571004,1.077766,0.0001384089,5.438668e-07,-4.894307e-12,5.425774e-07,1.36114e-07,1.305624e-06,1.333099e-07
0.0001105435,2.97,2.97,1.086522,1.449355,2.079192,1.601838,0.6918258,0.0001031667,5.243647e-05,2.148909,1.256075,0.4620191,1.077947,0.0001386661,5.453191e-07,-1.21978e-11,5.443098e-07,1.375256e-07,1.306904e-06,1.347107e-07
0.0001105758,2.97,2.97,1.086909,1.44803,2.079087,1.603522,0.6930817,0.0001007318,5.25328e-05,2.148857,1.260286,0.4650681,1.078052,0.0001388202,5.46566e-07,1.013922e-11,5.451868e-07,1.38399e-07,1.307643e-06,1.355829e-07
0.0001106182,2.97,2.97,1.087419,1.446355,2.078964,1.605749,0.6947418,9.960172e-05,5.265751e-05,2.14879,1.265829,0.4690846,1.07818,0.0001390169,5.476365e-07,-1.044409e-11,5.466097e-07,1.395512e-07,1.308551e-06,1.367258e-07
0.0001106806,2.97,2.97,1.088167,1.443831,2.078783,1.609037,0.6971935,9.813153e-05,5.284446e-05,2.148695,1.273983,0.4749987,1.078349,0.0001392929,5.498186e-07,9.909629e-12,5.484243e-07,1.412451e-07,1.309745e-06,1.384145e-07
0.0001107485,2.97,2.97,1.088982,1.441146,2.078585,1.612632,0.6998744,9.645151e-05,5.304655e-05,2.148597,1.282873,0.4814534,1.078505,0.0001395741,5.516975e-07,-1.028688e-11,5.506495e-07,1.430951e-07,1.310844e-06,1.402517e-07
0.0001108843,2.97,2.97,1.090611,1.435708,2.078189,1.619867,0.7052737,9.315788e-05,5.345691e-05,2.148417,1.300719,0.4944333,1.078711,0.0001400671,5.562028e-07,9.784618e-12,5.547814e-07,1.468101e-07,1.312304e-06,1.439519e-07
0.0001110343,2.97,2.97,1.092411,1.429781,2.077751,1.627917,0.7112858,8.98647e-05,5.39115e-05,2.148246,1.320497,0.5088525,1.07873,0.0001404712,5.607153e-07,-1.022382e-11,5.59627e-07,1.509349e-07,1.312449e-06,1.480531e-07
0.0001111843,2.97,2.97,1.094211,1.423837,2.077311,1.636032,0.7173498,8.687601e-05,5.437224e-05,2.148117,1.340325,0.5233435,1.078432,0.0001406604,5.657455e-07,9.704459e-12,5.642817e-07,1.550726e-07,1.310363e-06,1.521743e-07
0.0001113343,2.97,2.97,1.096011,1.421729,2.07688,1.644205,0.7234627,8.407455e-05,5.483448e-05,2.148044,1.360169,0.5378822,1.07765,0.0001405194,5.703387e-07,-1.016542e-11,5.692061e-07,1.592175e-07,1.304871e-06,1.562957e-07
0.0001114843,2.97,2.97,1.097811,1.43355,2.07645,1.65244,0.7296249,8.156697e-05,5.530266e-05,2.148058,1.379981,0.5524314,1.076109,0.0001398626,5.754469e-07,9.731327e-12,5.739378e-07,1.633506e-07,1.294075e-06,1.604124e-07
0.0001116343,2.97,2.97,1.099611,1.466272,2.076031,1.66073,0.7358341,7.917553e-05,5.57722e-05,2.148203,1.39968,0.5669334,1.073376,0.0001384024,5.801179e-07,-1.003508e-11,5.789379e-07,1.674516e-07,1.275039e-06,1.644908e-07
0.0001117843,2.97,2.97,1.101411,1.51175,2.075586,1.669096,0.7421033,7.727385e-05,5.624849e-05,2.148553,1.419144,0.5812986,1.068793,0.0001357152,5.853142e-07,9.668488e-12,5.837561e-07,1.714792e-07,1.243433e-06,1.685049e-07
0.0001119343,2.97,2.97,1.103211,1.554582,2.075143,1.677535,0.7484326,7.514718e-05,5.672713e-05,2.149215,1.43819,0.5953912,1.061401,0.0001312179,5.900797e-07,-1.016121e-11,5.888506e-07,1.753806e-07,1.193295e-06,1.72391e-07
0.0001120843,2.97,2.97,1.105011,1.583534,2.074653,1.68605,0.7548223,7.359472e-05,5.721256e-05,2.150339,1.456546,0.6090128,1.049883,0.0001241895,5.953644e-07,8.169909e-12,5.937667e-07,1.790713e-07,1.117258e-06,1.760834e-07
0.0001121824,2.97,2.97,1.106188,1.563055,2.074345,1.691685,0.759055,7.072539e-05,5.753228e-05,2.151415,1.468006,0.6175387,1.039337,0.000117867,5.983559e-07,-2.182832e-11,5.971947e-07,1.813228e-07,1.049877e-06,1.783402e-07
0.0001122864,2.97,2.97,1.107437,1.55852,2.074051,1.697643,0.7635304,7.096669e-05,5.787261e-05,2.152934,1.479531,0.6261329,1.024858,0.0001094462,6.023863e-07,2.313616e-11,6.006256e-07,1.835227e-07,9.608767e-07,1.805652e-07
0.0001123404,2.97,2.97,1.108085,1.556224,2.073888,1.700755,0.7658694,7.017624e-05,5.80488e-05,2.1539,1.485202,0.6303705,1.015802,0.0001043515,6.037361e-07,-2.38074e-11,6.025549e-07,1.845751e-07,9.072855e-07,1.816325e-07
0.0001124177,2.97,2.97,1.109013,1.552863,2.073657,1.705227,0.7692316,6.928561e-05,5.830474e-05,2.15552,1.492887,0.6361239,1.000788,9.621492e-05,6.068961e-07,2.306111e-11,6.051117e-07,1.859568e-07,8.219584e-07,1.830537e-07
0.0001125677,2.97,2.97,1.110813,1.546456,2.073208,1.713957,0.7757986,6.759361e-05,5.880141e-05,2.15954,1.506111,0.6460598,0.9640332,7.801685e-05,6.1159e-07,-2.360268e-11,6.103666e-07,1.88173e-07,6.318459e-07,1.853783e-07
0.0001127177,2.97,2.97,1.112613,1.540012,2.072756,1.722756,0.7824224,6.592279e-05,5.930457e-05,2.164761,1.516772,0.6541153,0.9163192,5.818082e-05,6.173256e-07,2.291722e-11,6.15489e-07,1.89719e-07,4.252308e-07,1.871043e-07
0.0001128677,2.97,2.97,1.114413,1.536234,2.072313,1.731622,0.789101,6.424514e-05,5.98097e-05,2.171029,1.52469,0.6601416,0.8567853,3.957451e-05,6.221091e-07,-2.340661e-11,6.208311e-07,1.90621e-07,2.315565e-07,1.882427e-07
0.0001130177,2.97,2.97,1.116213,1.549213,2.071875,1.74055,0.7958313,6.260994e-05,6.032093e-05,2.177875,1.53005,0.6642539,0.7823715,2.557753e-05,6.279257e-07,2.290812e-11,6.260366e-07,1.910173e-07,8.509085e-08,1.889167e-07
0.0001131677,2.97,2.97,1.118013,1.593209,2.071447,1.749535,0.8026091,6.103202e-05,6.083359e-05,2.184534,1.533417,0.6668506,0.6789452,1.894208e-05,6.327868e-07,-2.359735e-11,6.314579e-07,1.911725e-07,1.219623e-08,1.893038e-07
0.0001133177,2.97,2.97,1.119813,1.635084,2.070983,1.758622,0.8094687,5.959835e-05,6.135462e-05,2.190202,1.535705,0.6686022,0.5308696,1.82152e-05,6.387076e-07,2.268785e-11,6.367663e-07,1.913493e-07,4.999496e-10,1.896826e-07
0.0001134677,2.97,2.97,1.121613,1.674788,2.070526,1.767772,0.816381,5.808134e-05,6.187747e-05,2.194733,1.537867,0.6702384,0.3680591,1.827319e-05,6.436781e-07,-2.339817e-11,6.422934e-07,1.916524e-07,1.75395e-10,1.901666e-07
0.0001136177,2.97,2.97,1.123413,1.713258,2.070068,1.776994,0.8233531,5.66001e-05,6.240702e-05,2.1984,1.540165,0.6719717,0.2063172,1.832268e-05,6.496832e-07,2.268408e-11,6.476893e-07,1.920214e-07,1.559504e-10,1.90683e-07
0.0001137451,2.97,2.97,1.124941,1.697886,2.069673,1.784943,0.8293658,5.590485e-05,6.286169e-05,2.200999,1.542182,0.6734845,0.07197911,1.836523e-05,6.540447e-07,-1.293676e-11,6.525089e-07,1.924088e-07,1.472389e-10,1.911093e-07
0.0001137954,2.97,2.97,1.125545,1.695499,2.069485,1.788053,0.83172,5.441405e-05,6.304121e-05,2.201918,1.542987,0.6740641,0.02382826,1.838612e-05,6.561267e-07,6.217471e-12,6.542527e-07,1.927494e-07,1.131262e-10,1.912523e-07
0.0001138447,2.97,2.97,1.126136,1.69321,2.069336,1.791121,0.834042,5.437532e-05,6.321615e-05,2.202766,1.54378,0.6746784,0.00346956,1.84144e-05,6.578011e-07,-6.712186e-12,6.562037e-07,1.927549e-07,3.310974e-11,1.915232e-07
0.0001138947,2.97,2.97,1.126737,1.690841,2.069182,1.794251,0.836412,5.394081e-05,6.339685e-05,2.203581,1.544591,0.6753375,0.0004199182,1.843464e-05,6.598411e-07,5.953904e-12,6.579464e-07,1.925229e-07,1.682277e-11,1.916741e-07
0.0001139667,2.97,2.97,1.1276,1.687498,2.068961,1.798769,0.8398337,5.328904e-05,6.365515e-05,2.204677,1.545763,0.676227,5.557354e-05,1.845926e-05,6.623823e-07,-6.670886e-12,6.607613e-07,1.926676e-07,1.355316e-11,1.918997e-07
0.0001141167,2.97,2.97,1.1294,1.680477,2.0685,1.808245,0.8470144,5.189516e-05,6.420048e-05,2.206699,1.54821,0.6780641,4.68127e-05,1.850935e-05,6.682202e-07,5.924372e-12,6.662877e-07,1.93126e-07,1.212364e-11,1.924307e-07
0.0001142667,2.97,2.97,1.1312,1.673532,2.068038,1.817797,0.8542572,5.05405e-05,6.474842e-05,2.208423,1.550667,0.679907,4.563265e-05,1.855972e-05,6.737799e-07,-6.671996e-12,6.721084e-07,1.936045e-07,1.036948e-11,1.929442e-07
0.0001144167,2.97,2.97,1.133,1.666569,2.067574,1.827424,0.8615628,4.921758e-05,6.530322e-05,2.2099,1.553143,0.6817625,4.463061e-05,1.861031e-05,6.797154e-07,5.899059e-12,6.777331e-07,1.94096e-07,9.536594e-12,1.934843e-07
0.0001145667,2.97,2.97,1.1348,1.659682,2.06711,1.837128,0.8689319,4.793434e-05,6.586074e-05,2.211171,1.555639,0.6836322,4.372333e-05,1.866141e-05,6.853742e-07,-6.673329e-12,6.836533e-07,1.946004e-07,8.213652e-12,1.940065e-07
0.0001147167,2.97,2.97,1.1366,1.652776,2.066644,1.84691,0.876365,4.668504e-05,6.64252e-05,2.21227,1.558154,0.6855162,4.287889e-05,1.871278e-05,6.914091e-07,5.873968e-12,6.893782e-07,1.951128e-07,7.720713e-12,1.945548e-07
0.0001148667,2.97,2.97,1.1384,1.645947,2.066177,1.856769,0.8838626,4.547759e-05,6.699246e-05,2.213221,1.560689,0.6874142,4.208447e-05,1.876465e-05,6.971686e-07,-6.675105e-12,6.953996e-07,1.956348e-07,6.670442e-12,1.950847e-07
0.0001150167,2.97,2.97,1.1402,1.639098,2.065709,1.866707,0.8914253,4.430596e-05,6.756674e-05,2.214046,1.563241,0.6893255,4.133226e-05,1.881677e-05,7.033047e-07,5.847767e-12,7.012264e-07,1.961626e-07,6.399103e-12,1.956404e-07
0.0001151667,2.97,2.97,1.142,1.632329,2.06524,1.876724,0.8990536,4.31773e-05,6.814391e-05,2.214762,1.565811,0.6912498,4.061662e-05,1.886935e-05,7.091667e-07,-6.676881e-12,7.073505e-07,1.966981e-07,5.531797e-12,1.961776e-07
0.0001153167,2.97,2.97,1.1438,1.626329,2.064772,1.88682,0.9067471,4.206715e-05,6.87281e-05,2.215384,1.568397,0.6931865,3.993306e-05,1.892216e-05,7.154048e-07,5.890177e-12,7.132799e-07,1.972378e-07,5.413003e-12,1.967402e-07
0.0001154667,2.97,2.97,1.1456,1.630566,2.064312,1.896988,0.9145016,4.099533e-05,6.931484e-05,2.215924,1.571,0.6951353,3.92785e-05,1.897541e-05,7.213648e-07,-6.625145e-12,7.195029e-07,1.977842e-07,4.672707e-12,1.97284e-07
0.0001156167,2.97,2.97,1.1474,1.652446,2.063849,1.907235,0.9223212,3.999305e-05,6.990859e-05,2.216392,1.573617,0.6970955,3.865046e-05,1.902887e-05,7.277014e-07,5.779377e-12,7.25532e-07,1.983338e-07,4.661604e-12,1.97853e-07
0.0001157667,2.97,2.97,1.1492,1.673995,2.063372,1.917573,0.9302165,3.904042e-05,7.050601e-05,2.216797,1.576249,0.6990669,3.804643e-05,1.908274e-05,7.337735e-07,-6.744383e-12,7.318665e-07,1.988893e-07,4.014122e-12,1.98403e-07
0.0001159167,2.97,2.97,1.151,1.694372,2.062896,1.92799,0.9381775,3.810476e-05,7.111047e-05,2.217146,1.578895,0.7010489,3.746432e-05,1.913679e-05,7.402218e-07,5.801359e-12,7.380066e-07,1.994473e-07,4.081846e-12,1.98978e-07
0.0001160667,2.97,2.97,1.1528,1.714332,2.06242,1.938489,0.9462066,3.72085e-05,7.171803e-05,2.217447,1.581554,0.7030413,3.690331e-05,1.919123e-05,7.463987e-07,-6.696421e-12,7.444461e-07,2.000106e-07,3.501865e-12,1.995336e-07
0.0001162167,2.97,2.97,1.1546,1.733607,2.061941,1.949071,0.9543046,3.634378e-05,7.233288e-05,2.217704,1.584226,0.7050437,3.63621e-05,1.924584e-05,7.529538e-07,5.745404e-12,7.506939e-07,2.005761e-07,3.629097e-12,2.001142e-07
0.0001163667,2.97,2.97,1.1564,1.752016,2.061462,1.959735,0.9624716,3.551893e-05,7.29509e-05,2.217923,1.58691,0.7070557,3.583891e-05,1.930081e-05,7.592395e-07,-6.695533e-12,7.572418e-07,2.011463e-07,3.100409e-12,2.006752e-07
0.0001165167,2.97,2.97,1.1582,1.769376,2.060981,1.970482,0.9707076,3.471932e-05,7.357621e-05,2.218108,1.589607,0.709077,3.533378e-05,1.935594e-05,7.659029e-07,5.727863e-12,7.63598e-07,2.017183e-07,3.27316e-12,2.01261e-07
0.0001166667,2.97,2.97,1.16,1.786772,2.060501,1.98131,0.979012,3.395571e-05,7.420465e-05,2.218263,1.592315,0.7111075,3.484492e-05,1.941142e-05,7.722968e-07,-6.68976e-12,7.702539e-07,2.022948e-07,2.783551e-12,2.018271e-07
0.0001168167,2.97,2.97,1.1618,1.803718,2.060018,1.992221,0.9873855,3.321851e-05,7.484037e-05,2.218391,1.595034,0.7131468,3.437182e-05,1.946703e-05,7.790679e-07,5.690781e-12,7.767181e-07,2.028727e-07,2.990497e-12,2.024178e-07
0.0001169667,2.97,2.97,1.1636,1.818647,2.059532,2.003214,0.995828,3.251686e-05,7.547927e-05,2.218494,1.597765,0.7151948,3.391382e-05,1.952299e-05,7.855708e-07,-6.712408e-12,7.834825e-07,2.034549e-07,2.531975e-12,2.029888e-07
0.0001171167,2.97,2.97,1.1654,1.826147,2.059039,2.014291,1.004341,3.184658e-05,7.612555e-05,2.218576,1.600506,0.7172511,3.347021e-05,1.957907e-05,7.924516e-07,5.601741e-12,7.900565e-07,2.040384e-07,2.76601e-12,2.035842e-07
0.0001172667,2.97,2.97,1.1672,1.818253,2.058542,2.025452,1.012924,3.117662e-05,7.677512e-05,2.218639,1.603257,0.7193157,3.304035e-05,1.963548e-05,7.990654e-07,-6.639134e-12,7.969307e-07,2.04626e-07,2.331468e-12,2.041597e-07
0.0001174167,2.97,2.97,1.169,1.809796,2.058061,2.036672,1.021559,3.054144e-05,7.743066e-05,2.218685,1.606019,0.7213884,3.262377e-05,1.969201e-05,8.060442e-07,5.988321e-12,8.035999e-07,2.052146e-07,2.586154e-12,2.047597e-07
0.000117565,2.97,2.97,1.17078,1.802398,2.057581,2.047842,1.030161,2.988025e-05,7.808171e-05,2.218715,1.60876,0.7234461,3.222359e-05,1.974823e-05,8.126635e-07,-6.948664e-12,8.10488e-07,2.058006e-07,2.171152e-12,2.053332e-07
0.000117715,2.97,2.97,1.17258,1.7949,2.057095,2.059199,1.038914,2.926289e-05,7.874614e-05,2.218732,1.611541,0.7255345,3.183106e-05,1.980519e-05,8.197336e-07,5.887291e-12,8.172485e-07,2.063941e-07,2.443601e-12,2.059375e-07
0.000117865,2.97,2.97,1.17438,1.787481,2.056609,2.070609,1.047713,2.863136e-05,7.941212e-05,2.218737,1.614332,0.7276306,3.144974e-05,1.986246e-05,8.265077e-07,-6.908696e-12,8.242906e-07,2.069915e-07,2.043032e-12,2.065218e-07
0.000118015,2.97,2.97,1.17618,1.780046,2.056124,2.08206,1.05655,2.799961e-05,8.0083e-05,2.21873,1.617132,0.7297343,3.107923e-05,1.991983e-05,8.33639e-07,5.879297e-12,8.311159e-07,2.075897e-07,2.328138e-12,2.071305e-07
0.000118165,2.97,2.97,1.17798,1.772688,2.055641,2.093534,1.065412,2.734639e-05,8.075368e-05,2.218714,1.619942,0.7318455,3.071843e-05,1.997752e-05,8.404546e-07,-6.87983e-12,8.382039e-07,2.081916e-07,1.93956e-12,2.07719e-07
0.000118315,2.97,2.97,1.17978,1.765314,2.05516,2.105008,1.07428,2.666485e-05,8.142687e-05,2.218689,1.622761,0.7339642,3.036786e-05,2.00353e-05,8.47599e-07,5.897283e-12,8.450495e-07,2.087944e-07,2.235101e-12,2.083318e-07
0.000118465,2.97,2.97,1.18158,1.758017,2.054684,2.116452,1.08313,2.593748e-05,8.209669e-05,2.218655,1.62559,0.7360903,3.002635e-05,2.009339e-05,8.543908e-07,-6.825873e-12,8.521236e-07,2.094008e-07,1.856515e-12,2.089245e-07
0.000118615,2.97,2.97,1.18338,1.750704,2.054213,2.127823,1.091931,2.514789e-05,8.276481e-05,2.218615,1.628427,0.7382237,2.96936e-05,2.015157e-05,8.614619e-07,5.948575e-12,8.589104e-07,2.100079e-07,2.160494e-12,2.095415e-07
0.000118765,2.97,2.97,1.18518,1.743468,2.053751,2.139072,1.100643,2.427943e-05,8.34242e-05,2.218568,1.631273,0.7403644,2.93691e-05,2.021006e-05,8.681183e-07,-6.729506e-12,8.658683e-07,2.106187e-07,1.789013e-12,2.101383e-07
0.000118915,2.97,2.97,1.18698,1.736215,2.0533,2.150136,1.109219,2.331364e-05,8.40752e-05,2.218516,1.634129,0.7425123,2.905249e-05,2.026864e-05,8.749767e-07,6.052936e-12,8.724677e-07,2.112302e-07,2.100986e-12,2.107593e-07
0.000119065,2.97,2.97,1.18878,1.729039,2.052863,2.160942,1.1176,2.224165e-05,8.470947e-05,2.218458,1.636993,0.7446674,2.874312e-05,2.032752e-05,8.813302e-07,-6.572742e-12,8.791537e-07,2.118452e-07,1.735057e-12,2.113602e-07
0.000119215,2.97,2.97,1.19058,1.721846,2.052442,2.171409,1.125724,2.105741e-05,8.532627e-05,2.218396,1.639866,0.7468297,2.844075e-05,2.03865e-05,8.877848e-07,6.223022e-12,8.853858e-07,2.124609e-07,2.052358e-12,2.119853e-07
0.000119365,2.97,2.97,1.19238,1.71473,2.052042,2.181453,1.133526,1.977336e-05,8.591666e-05,2.21833,1.642748,0.7489991,2.814523e-05,2.044577e-05,8.93631e-07,-6.348477e-12,8.916037e-07,2.130802e-07,1.692202e-12,2.125902e-07
0.000119515,2.97,2.97,1.19418,1.707596,2.051665,2.190999,1.140945,1.840866e-05,8.648002e-05,2.21826,1.645639,0.7511757,2.785592e-05,2.050513e-05,8.9948e-07,6.456391e-12,8.972695e-07,2.137e-07,2.012834e-12,2.132193e-07
0.000119665,2.97,2.97,1.19598,1.700539,2.051314,2.19998,1.14793,1.700244e-05,8.700853e-05,2.218186,1.648539,0.7533594,2.757257e-05,2.056479e-05,9.046397e-07,-6.072032e-12,9.028357e-07,2.143235e-07,1.656897e-12,2.138283e-07
0.000119815,2.97,2.97,1.19778,1.694865,2.050994,2.208353,1.154446,1.557625e-05,8.750342e-05,2.21811,1.651447,0.7555501,2.729465e-05,2.062455e-05,9.097437e-07,6.864065e-12,9.077838e-07,2.149475e-07,1.98197e-12,2.144614e-07
0.0001199575,2.97,2.97,1.19949,1.706586,2.050721,2.215716,1.160179,1.427248e-05,8.793702e-05,2.218035,1.654218,0.7576379,2.703566e-05,2.068159e-05,9.139072e-07,-5.803802e-12,9.123652e-07,2.155436e-07,1.629807e-12,2.150431e-07
0.000120015,2.97,2.97,1.2,1.717061,2.050615,2.21852,1.162361,1.326158e-05,8.810287e-05,2.218004,1.655337,0.7584795,2.418382e-05,2.070454e-05,9.157163e-07,3.599343e-13,9.139975e-07,2.157992e-07,1.796119e-12,2.152835e-07
0.000120125,2.97,2.97,1.2,1.731289,2.050396,2.22383,1.166493,1.325895e-05,8.841611e-05,2.217944,1.657479,0.7600931,2.394795e-05,2.074858e-05,9.189609e-07,6.235013e-13,9.172424e-07,2.162644e-07,1.783906e-12,2.157448e-07
0.000120275,2.97,2.97,1.2,1.746128,2.050137,2.230603,1.171774,1.152018e-05,8.881636e-05,2.21786,1.660413,0.7623048,2.382354e-05,2.080896e-05,9.228678e-07,7.533973e-13,9.21328e-07,2.16897e-07,1.773692e-12,2.16374e-07
0.000120425,2.97,2.97,1.2,1.756095,2.049917,2.236487,1.176366,9.883919e-06,8.916444e-05,2.217774,1.66336,0.7645266,2.364048e-05,2.086961e-05,9.261977e-07,1.004308e-12,9.24865e-07,2.175312e-07,1.764144e-12,2.170053e-07
0.000120575,2.97,2.97,1.2,1.761849,2.04973,2.241504,1.180282,8.250045e-06,8.946131e-05,2.217686,1.666315,0.766756,2.344666e-05,2.093047e-05,9.290172e-07,1.12399e-12,9.278776e-07,2.181669e-07,1.755485e-12,2.176382e-07
0.000120725,2.97,2.97,1.2,1.764624,2.049575,2.245739,1.18359,6.958195e-06,8.971204e-05,2.217597,1.669279,0.768992,2.324907e-05,2.09915e-05,9.313838e-07,1.321387e-12,9.304188e-07,2.188044e-07,1.748157e-12,2.182728e-07
0.000120875,2.97,2.97,1.2,1.765598,2.049445,2.249292,1.186365,5.750366e-06,8.99224e-05,2.217507,1.672251,0.7712344,2.305375e-05,2.105272e-05,9.333619e-07,1.405986e-12,9.325497e-07,2.194438e-07,1.741052e-12,2.189093e-07
0.000121025,2.97,2.97,1.2,1.765663,2.049338,2.252258,1.188683,4.817441e-06,9.00981e-05,2.217415,1.675231,0.7734835,2.286203e-05,2.111411e-05,9.350089e-07,1.552536e-12,9.343283e-07,2.200851e-07,1.734834e-12,2.195477e-07
0.000121175,2.97,2.97,1.2,1.765419,2.049249,2.254727,1.190613,3.968071e-06,9.024439e-05,2.217322,1.678219,0.7757392,2.267341e-05,2.117569e-05,9.363774e-07,1.604272e-12,9.35809e-07,2.207285e-07,1.729283e-12,2.20188e-07
0.000121325,2.97,2.97,1.2,1.76524,2.049176,2.256779,1.192217,3.317543e-06,9.036597e-05,2.217228,1.681216,0.7780018,2.248752e-05,2.123745e-05,9.375131e-07,1.713962e-12,9.370391e-07,2.213739e-07,1.72462e-12,2.208304e-07
0.000121475,2.97,2.97,1.2,1.765326,2.049115,2.258482,1.193548,2.732474e-06,9.046687e-05,2.217134,1.684221,0.7802714,2.230418e-05,2.129941e-05,9.384544e-07,1.739497e-12,9.380599e-07,2.220214e-07,1.72018e-12,2.214747e-07
0.000121625,2.97,2.97,1.2,1.765745,2.049065,2.259894,1.194652,2.285109e-06,9.055054e-05,2.217038,1.687234,0.7825481,2.212246e-05,2.136156e-05,9.392347e-07,1.824318e-12,9.389064e-07,2.226709e-07,1.716405e-12,2.221211e-07
0.000121775,2.97,2.97,1.2,1.766477,2.049023,2.261064,1.195567,1.885061e-06,9.061989e-05,2.216942,1.690257,0.7848319,2.194229e-05,2.14239e-05,9.398808e-07,1.83209e-12,9.39608e-07,2.233224e-07,1.71263e-12,2.227695e-07
0.000121925,2.97,2.97,1.2,1.767452,2.048988,2.262033,1.196325,1.578773e-06,9.067736e-05,2.216845,1.693288,0.7871229,2.176352e-05,2.148644e-05,9.404164e-07,1.899814e-12,9.401893e-07,2.23976e-07,1.709743e-12,2.234199e-07
0.000122075,2.97,2.97,1.2,1.768578,2.04896,2.262837,1.196953,1.305687e-06,9.072497e-05,2.216748,1.696328,0.7894211,2.158574e-05,2.154917e-05,9.408596e-07,1.895151e-12,9.406709e-07,2.246317e-07,1.706635e-12,2.240723e-07
0.000122225,2.97,2.97,1.2,1.76977,2.048936,2.263502,1.197473,1.09609e-06,9.076442e-05,2.21665,1.699376,0.7917265,2.140921e-05,2.161211e-05,9.412271e-07,1.950884e-12,9.410699e-07,2.252894e-07,1.704192e-12,2.247269e-07
0.000122375,2.97,2.97,1.2,1.77096,2.048916,2.264053,1.197905,9.096113e-07,9.079709e-05,2.216552,1.702434,0.7940392,2.123346e-05,2.167524e-05,9.41531e-07,1.938005e-12,9.414004e-07,2.259492e-07,1.701306e-12,2.253835e-07
0.000122525,2.97,2.97,1.2,1.772104,2.0489,2.26451,1.198262,7.660859e-07,9.082416e-05,2.216453,1.705501,0.7963592,2.105846e-05,2.173857e-05,9.417833e-07,1.986189e-12,9.416742e-07,2.266111e-07,1.699529e-12,2.260421e-07
0.000122675,2.97,2.97,1.2,1.773179,2.048887,2.264888,1.198557,6.386347e-07,9.084658e-05,2.216354,1.708576,0.7986864,2.08845e-05,2.180209e-05,9.419917e-07,1.967759e-12,9.41901e-07,2.27275e-07,1.697087e-12,2.267028e-07
0.000122825,2.97,2.97,1.2,1.774179,2.048875,2.265201,1.198802,5.402711e-07,9.086516e-05,2.216254,1.71166,0.8010209,2.071145e-05,2.186582e-05,9.421649e-07,2.010836e-12,9.420889e-07,2.279411e-07,1.695755e-12,2.273656e-07
0.000122975,2.97,2.97,1.2,1.775108,2.048866,2.265461,1.199005,4.53075e-07,9.088054e-05,2.216155,1.714753,0.8033628,2.053913e-05,2.192975e-05,9.423077e-07,1.988409e-12,9.422445e-07,2.286092e-07,1.693756e-12,2.280305e-07
0.000123125,2.97,2.97,1.2,1.775975,2.048858,2.265676,1.199174,3.856223e-07,9.089329e-05,2.216055,1.717856,0.805712,2.036763e-05,2.199388e-05,9.424267e-07,2.026823e-12,9.423735e-07,2.292794e-07,1.692868e-12,2.286974e-07
0.000123275,2.97,2.97,1.2,1.776791,2.048852,2.265854,1.199313,3.2595e-07,9.090384e-05,2.215955,1.720967,0.8080685,2.019688e-05,2.20582e-05,9.425246e-07,2.00262e-12,9.424802e-07,2.299516e-07,1.691536e-12,2.293665e-07
0.000123425,2.97,2.97,1.2,1.777569,2.048847,2.266001,1.199428,2.796781e-07,9.091259e-05,2.215854,1.724087,0.8104325,2.002705e-05,2.212274e-05,9.426063e-07,2.038814e-12,9.425687e-07,2.30626e-07,1.690204e-12,2.300376e-07
0.000123575,2.97,2.97,1.2,1.778316,2.048842,2.266124,1.199524,2.388037e-07,9.091983e-05,2.215753,1.727216,0.8128039,1.985795e-05,2.218747e-05,9.426734e-07,2.012612e-12,9.42642e-07,2.313025e-07,1.688649e-12,2.307108e-07
0.000123725,2.97,2.97,1.2,1.779037,2.048839,2.266225,1.199603,2.070476e-07,9.092584e-05,2.215653,1.730354,0.8151827,1.968975e-05,2.22524e-05,9.427296e-07,2.046585e-12,9.427027e-07,2.319811e-07,1.688205e-12,2.313862e-07
0.000123875,2.97,2.97,1.2,1.779736,2.048836,2.266309,1.199669,1.790503e-07,9.093081e-05,2.215552,1.733502,0.817569,1.952218e-05,2.231754e-05,9.427756e-07,2.01883e-12,9.42753e-07,2.326618e-07,1.686873e-12,2.320637e-07
0.000124025,2.97,2.97,1.2,1.780415,2.048833,2.266378,1.199723,1.572386e-07,9.093493e-05,2.21545,1.736658,0.8199627,1.935572e-05,2.238289e-05,9.428142e-07,2.051914e-12,9.427947e-07,2.333446e-07,1.685985e-12,2.327433e-07
0.000124175,2.97,2.97,1.2,1.781074,2.048831,2.266436,1.199768,1.380619e-07,9.093834e-05,2.215349,1.739824,0.822364,1.918983e-05,2.244844e-05,9.428457e-07,2.023715e-12,9.428292e-07,2.340295e-07,1.685763e-12,2.33425e-07
0.000124325,2.97,2.97,1.2,1.781713,2.048829,2.266484,1.199805,1.230818e-07,9.094117e-05,2.215248,1.742999,0.8247728,1.902502e-05,2.251419e-05,9.428723e-07,2.055911e-12,9.428578e-07,2.347166e-07,1.684652e-12,2.341089e-07
0.000124475,2.97,2.97,1.2,1.782332,2.048828,2.266523,1.199836,1.09937e-07,9.094351e-05,2.215146,1.746183,0.8271891,1.886107e-05,2.258015e-05,9.428938e-07,2.026601e-12,9.428815e-07,2.354058e-07,1.683764e-12,2.347949e-07
0.000124625,2.97,2.97,1.2,1.782929,2.048827,2.266556,1.199862,9.964927e-08,9.094546e-05,2.215045,1.749376,0.8296131,1.869791e-05,2.264632e-05,9.429122e-07,2.058353e-12,9.429012e-07,2.360972e-07,1.683098e-12,2.354831e-07
0.000124775,2.97,2.97,1.2,1.783506,2.048826,2.266583,1.199883,9.062793e-08,9.094706e-05,2.214943,1.752578,0.8320446,1.853605e-05,2.27127e-05,9.429268e-07,2.028822e-12,9.429174e-07,2.367907e-07,1.683098e-12,2.361734e-07
0.000124925,2.97,2.97,1.2,1.784063,2.048825,2.266605,1.199901,8.35669e-08,9.09484e-05,2.214841,1.75579,0.8344838,1.837487e-05,2.277928e-05,9.429395e-07,2.06013e-12,9.429309e-07,2.374864e-07,1.682876e-12,2.368659e-07
0.000125075,2.97,2.97,1.2,1.784599,2.048824,2.266624,1.199915,7.737995e-08,9.09495e-05,2.214739,1.759011,0.8369306,1.821464e-05,2.284607e-05,9.429495e-07,2.02971e-12,9.429421e-07,2.381842e-07,1.681988e-12,2.375605e-07
0.000125225,2.97,2.97,1.2,1.785116,2.048824,2.26664,1.199927,7.252127e-08,9.095042e-05,2.214637,1.762241,0.8393851,1.805561e-05,2.291308e-05,9.429583e-07,2.06124e-12,9.429514e-07,2.388842e-07,1.681544e-12,2.382574e-07
0.000125375,2.97,2.97,1.2,1.785615,2.048823,2.266652,1.199937,6.828787e-08,9.095117e-05,2.214535,1.765481,0.8418473,1.789751e-05,2.298029e-05,9.429651e-07,2.031486e-12,9.42959e-07,2.395864e-07,1.680878e-12,2.389564e-07
0.000125525,2.97,2.97,1.2,1.786096,2.048823,2.266663,1.199946,6.494801e-08,9.09518e-05,2.214433,1.76873,0.8443172,1.774067e-05,2.304771e-05,9.429712e-07,2.062128e-12,9.429654e-07,2.402907e-07,1.680656e-12,2.396576e-07
0.000125675,2.97,2.97,1.2,1.78656,2.048823,2.266672,1.199952,6.203835e-08,9.095232e-05,2.214331,1.771988,0.8467948,1.758486e-05,2.311534e-05,9.429757e-07,2.031486e-12,9.429706e-07,2.409973e-07,1.679767e-12,2.40361e-07
0.000125825,2.97,2.97,1.2,1.787008,2.048822,2.266679,1.199958,5.974953e-08,9.095276e-05,2.214229,1.775256,0.8492802,1.743012e-05,2.318319e-05,9.429801e-07,2.062572e-12,9.42975e-07,2.41706e-07,1.679767e-12,2.410667e-07
0.000125975,2.97,2.97,1.2,1.78744,2.048822,2.266685,1.199963,5.774573e-08,9.095311e-05,2.214127,1.778533,0.8517735,1.727665e-05,2.325125e-05,9.429831e-07,2.032596e-12,9.429786e-07,2.42417e-07,1.679101e-12,2.417745e-07
0.000126125,2.97,2.97,1.2,1.787857,2.048822,2.26669,1.199967,5.617578e-08,9.095341e-05,2.214024,1.78182,0.8542745,1.712443e-05,2.331952e-05,9.429862e-07,2.063016e-12,9.429816e-07,2.431301e-07,1.679545e-12,2.424846e-07
0.000126275,2.97,2.97,1.2,1.78826,2.048822,2.266694,1.19997,5.481458e-08,9.095365e-05,2.213922,1.785117,0.8567834,1.697344e-05,2.338801e-05,9.429881e-07,2.032596e-12,9.42984e-07,2.438455e-07,1.678435e-12,2.431968e-07
0.000126425,2.97,2.97,1.2,1.788649,2.048822,2.266698,1.199973,5.371982e-08,9.095386e-05,2.21382,1.788423,0.8593002,1.682384e-05,2.345671e-05,9.429903e-07,2.063683e-12,9.429861e-07,2.445631e-07,1.678879e-12,2.439114e-07
0.000126575,2.97,2.97,1.2,1.789024,2.048822,2.2667,1.199975,5.278491e-08,9.095402e-05,2.213717,1.791738,0.8618249,1.667531e-05,2.352563e-05,9.429916e-07,2.033262e-12,9.429878e-07,2.452829e-07,1.677991e-12,2.446281e-07
0.000126725,2.97,2.97,1.2,1.789386,2.048821,2.266703,1.199977,5.204114e-08,9.095416e-05,2.213615,1.795063,0.8643575,1.652822e-05,2.359477e-05,9.429932e-07,2.063905e-12,9.429893e-07,2.46005e-07,1.677547e-12,2.453472e-07
0.000126875,2.97,2.97,1.2,1.789736,2.048821,2.266705,1.199978,5.139357e-08,9.095428e-05,2.213512,1.798398,0.866898,1.638253e-05,2.366412e-05,9.429939e-07,2.033262e-12,9.429904e-07,2.467293e-07,1.677325e-12,2.460684e-07
0.000127025,2.97,2.97,1.2,1.790073,2.048821,2.266706,1.199979,5.08893e-08,9.095438e-05,2.21341,1.801742,0.8694466,1.623792e-05,2.373369e-05,9.429951e-07,2.063683e-12,9.429914e-07,2.474559e-07,1.676659e-12,2.46792e-07
0.000127175,2.97,2.97,1.2,1.790399,2.048821,2.266708,1.199981,5.044766e-08,9.095445e-05,2.213307,1.805096,0.8720031,1.609501e-05,2.380347e-05,9.429956e-07,2.033262e-12,9.429921e-07,2.481847e-07,1.676215e-12,2.475178e-07
0.000127325,2.97,2.97,1.2,1.790713,2.048821,2.266709,1.199981,5.009171e-08,9.095452e-05,2.213204,1.80846,0.8745677,1.595321e-05,2.387348e-05,9.429965e-07,2.063905e-12,9.429929e-07,2.489158e-07,1.676215e-12,2.482459e-07
0.000127475,2.97,2.97,1.2,1.791017,2.048821,2.26671,1.199982,4.979053e-08,9.095457e-05,2.213102,1.811834,0.8771403,1.581326e-05,2.394371e-05,9.429967e-07,2.033262e-12,9.429934e-07,2.496493e-07,1.676215e-12,2.489763e-07
0.000127625,2.97,2.97,1.2,1.79131,2.048821,2.26671,1.199983,4.955589e-08,9.095462e-05,2.212999,1.815217,0.879721,1.567435e-05,2.401416e-05,9.429974e-07,2.064127e-12,9.429939e-07,2.503849e-07,1.675771e-12,2.49709e-07
0.000127775,2.97,2.97,1.2,1.791593,2.048821,2.266711,1.199983,4.934673e-08,9.095466e-05,2.212896,1.81861,0.8823098,1.553697e-05,2.408483e-05,9.429975e-07,2.033707e-12,9.429942e-07,2.511229e-07,1.675327e-12,2.504439e-07
0.000127925,2.97,2.97,1.2,1.791866,2.048821,2.266712,1.199984,4.91798e-08,9.095469e-05,2.212794,1.822013,0.8849067,1.540118e-05,2.415572e-05,9.429981e-07,2.064127e-12,9.429946e-07,2.518631e-07,1.674882e-12,2.511812e-07
0.000128075,2.97,2.97,1.2,1.792129,2.048821,2.266712,1.199984,4.904409e-08,9.095471e-05,2.212691,1.825426,0.8875119,1.52669e-05,2.422683e-05,9.42998e-07,2.033262e-12,9.429948e-07,2.526057e-07,1.674882e-12,2.519208e-07
0.000128225,2.97,2.97,1.2,1.792383,2.048821,2.266712,1.199984,4.892394e-08,9.095473e-05,2.212588,1.828849,0.8901252,1.513401e-05,2.429817e-05,9.429985e-07,2.063461e-12,9.42995e-07,2.533506e-07,1.674882e-12,2.526628e-07
0.000128375,2.97,2.97,1.2,1.792629,2.048821,2.266713,1.199984,4.883104e-08,9.095475e-05,2.212485,1.832282,0.8927467,1.500261e-05,2.436973e-05,9.429983e-07,2.033484e-12,9.429952e-07,2.540978e-07,1.674438e-12,2.53407e-07
0.000128525,2.97,2.97,1.2,1.792866,2.048821,2.266713,1.199985,4.875148e-08,9.095477e-05,2.212382,1.835725,0.8953764,1.487277e-05,2.444152e-05,9.429988e-07,2.063905e-12,9.429954e-07,2.548474e-07,1.674438e-12,2.541537e-07
0.000128675,2.97,2.97,1.2,1.793095,2.048821,2.266713,1.199985,4.868162e-08,9.095478e-05,2.212279,1.839177,0.8980145,1.474448e-05,2.451353e-05,9.429986e-07,2.033707e-12,9.429954e-07,2.555993e-07,1.673994e-12,2.549026e-07
0.000128825,2.97,2.97,1.2,1.793316,2.048821,2.266713,1.199985,4.862742e-08,9.095479e-05,2.212176,1.84264,0.9006608,1.461764e-05,2.458577e-05,9.42999e-07,2.064127e-12,9.429956e-07,2.563535e-07,1.673772e-12,2.556539e-07
0.000128975,2.97,2.97,1.2,1.793529,2.048821,2.266713,1.199985,4.858264e-08,9.09548e-05,2.212073,1.846113,0.9033154,1.449232e-05,2.465823e-05,9.429988e-07,2.033262e-12,9.429956e-07,2.571101e-07,1.673106e-12,2.564076e-07
0.000129125,2.97,2.97,1.2,1.793735,2.048821,2.266713,1.199985,4.853823e-08,9.09548e-05,2.21197,1.849596,0.9059784,1.43684e-05,2.473093e-05,9.429991e-07,2.063905e-12,9.429957e-07,2.578691e-07,1.673106e-12,2.571636e-07
0.000129275,2.97,2.97,1.2,1.793934,2.048821,2.266714,1.199985,4.851425e-08,9.095481e-05,2.211867,1.853089,0.9086498,1.42462e-05,2.480385e-05,9.429989e-07,2.033707e-12,9.429957e-07,2.586304e-07,1.672218e-12,2.57922e-07
0.000129425,2.97,2.97,1.2,1.794126,2.048821,2.266714,1.199985,4.848353e-08,9.095481e-05,2.211764,1.856592,0.9113296,1.412563e-05,2.4877e-05,9.429992e-07,2.063905e-12,9.429958e-07,2.593941e-07,1.673106e-12,2.586829e-07
0.000129575,2.97,2.97,1.2,1.794311,2.048821,2.266714,1.199985,4.846075e-08,9.095482e-05,2.211661,1.860105,0.9140178,1.400643e-05,2.495038e-05,9.429989e-07,2.033484e-12,9.429958e-07,2.601602e-07,1.67244e-12,2.594461e-07
0.000129725,2.97,2.97,1.2,1.79449,2.048821,2.266714,1.199985,4.84547e-08,9.095482e-05,2.211558,1.863629,0.9167145,1.388865e-05,2.5024e-05,9.429993e-07,2.063461e-12,9.429959e-07,2.609287e-07,1.671996e-12,2.602117e-07
0.000129875,2.97,2.97,1.2,1.794662,2.048821,2.266714,1.199985,4.843164e-08,9.095482e-05,2.211455,1.867162,0.9194196,1.377259e-05,2.509784e-05,9.42999e-07,2.033262e-12,9.429959e-07,2.616996e-07,1.671996e-12,2.609797e-07
0.000130025,2.97,2.97,1.2,1.794829,2.048821,2.266714,1.199985,4.84205e-08,9.095483e-05,2.211352,1.870706,0.9221333,1.365789e-05,2.517192e-05,9.429993e-07,2.063683e-12,9.42996e-07,2.624729e-07,1.671996e-12,2.617501e-07
0.000130175,2.97,2.97,1.2,1.79499,2.048821,2.266714,1.199985,4.84111e-08,9.095483e-05,2.211249,1.874261,0.9248555,1.354477e-05,2.524623e-05,9.42999e-07,2.033929e-12,9.429959e-07,2.632487e-07,1.67133e-12,2.62523e-07
0.000130325,2.97,2.97,1.2,1.795145,2.048821,2.266714,1.199985,4.840319e-08,9.095483e-05,2.211145,1.877825,0.9275863,1.343316e-05,2.532078e-05,9.429994e-07,2.063905e-12,9.42996e-07,2.640268e-07,1.671552e-12,2.632983e-07
0.000130475,2.97,2.97,1.2,1.795295,2.048821,2.266714,1.199985,4.839842e-08,9.095483e-05,2.211042,1.8814,0.9303257,1.332298e-05,2.539556e-05,9.429991e-07,2.033929e-12,9.429959e-07,2.648074e-07,1.670664e-12,2.64076e-07
0.000130625,2.97,2.97,1.2,1.795439,2.048821,2.266714,1.199985,4.838654e-08,9.095483e-05,2.210939,1.884986,0.9330738,1.321445e-05,2.547057e-05,9.429994e-07,2.064127e-12,9.42996e-07,2.655905e-07,1.670664e-12,2.648562e-07
0.000130775,2.97,2.97,1.2,1.795579,2.048821,2.266714,1.199986,4.838673e-08,9.095483e-05,2.210835,1.888582,0.9358304,1.310722e-05,2.554582e-05,9.429991e-07,2.033929e-12,9.42996e-07,2.66376e-07,1.669997e-12,2.656388e-07
0.000130925,2.97,2.97,1.2,1.795714,2.048821,2.266714,1.199986,4.838495e-08,9.095483e-05,2.210732,1.892188,0.9385958,1.300147e-05,2.562131e-05,9.429994e-07,2.064127e-12,9.42996e-07,2.67164e-07,1.669997e-12,2.66424e-07
0.000131075,2.97,2.97,1.2,1.795844,2.048821,2.266714,1.199986,4.837763e-08,9.095483e-05,2.210629,1.895805,0.9413699,1.289728e-05,2.569704e-05,9.429991e-07,2.033707e-12,9.42996e-07,2.679544e-07,1.669553e-12,2.672115e-07
0.000131225,2.97,2.97,1.2,1.79597,2.048821,2.266714,1.199986,4.837997e-08,9.095483e-05,2.210525,1.899432,0.9441527,1.279447e-05,2.5773e-05,9.429994e-07,2.064127e-12,9.42996e-07,2.687473e-07,1.669553e-12,2.680016e-07
0.000131375,2.97,2.97,1.2,1.796091,2.048821,2.266714,1.199986,4.837083e-08,9.095483e-05,2.210422,1.90307,0.9469443,1.269318e-05,2.584921e-05,9.429991e-07,2.033929e-12,9.42996e-07,2.695428e-07,1.669331e-12,2.687942e-07
0.000131525,2.97,2.97,1.2,1.796208,2.048821,2.266714,1.199986,4.83689e-08,9.095483e-05,2.210318,1.906719,0.9497447,1.259325e-05,2.592565e-05,9.429994e-07,2.063905e-12,9.42996e-07,2.703407e-07,1.669553e-12,2.695892e-07
0.000131675,2.97,2.97,1.2,1.796321,2.048821,2.266714,1.199986,4.837063e-08,9.095483e-05,2.210215,1.910378,0.9525539,1.249468e-05,2.600234e-05,9.429991e-07,2.033484e-12,9.42996e-07,2.711411e-07,1.668887e-12,2.703868e-07
0.000131825,2.97,2.97,1.2,1.796431,2.048821,2.266714,1.199986,4.836713e-08,9.095484e-05,2.210111,1.914048,0.955372,1.239756e-05,2.607926e-05,9.429994e-07,2.064127e-12,9.429961e-07,2.71944e-07,1.668443e-12,2.711869e-07
0.000131975,2.97,2.97,1.2,1.796536,2.048821,2.266714,1.199986,4.836597e-08,9.095483e-05,2.210008,1.917728,0.9581989,1.230186e-05,2.615643e-05,9.429991e-07,2.033929e-12,9.42996e-07,2.727495e-07,1.667777e-12,2.719895e-07
0.000132125,2.97,2.97,1.2,1.796638,2.048821,2.266714,1.199986,4.836566e-08,9.095484e-05,2.209904,1.921419,0.9610348,1.220751e-05,2.623385e-05,9.429994e-07,2.064349e-12,9.429961e-07,2.735575e-07,1.667999e-12,2.727946e-07
0.000132275,2.97,2.97,1.2,1.796736,2.048821,2.266714,1.199986,4.836794e-08,9.095483e-05,2.2098,1.925121,0.9638796,1.211442e-05,2.63115e-05,9.429991e-07,2.033929e-12,9.42996e-07,2.74368e-07,1.667555e-12,2.736023e-07
0.000132425,2.97,2.97,1.2,1.796831,2.048821,2.266714,1.199986,4.836528e-08,9.095484e-05,2.209697,1.928834,0.9667334,1.202289e-05,2.63894e-05,9.429994e-07,2.063905e-12,9.429961e-07,2.751811e-07,1.667333e-12,2.744125e-07
0.000132575,2.97,2.97,1.2,1.796922,2.048821,2.266714,1.199986,4.836748e-08,9.095483e-05,2.209593,1.932557,0.9695962,1.193248e-05,2.646755e-05,9.429991e-07,2.033929e-12,9.42996e-07,2.759967e-07,1.667555e-12,2.752253e-07
0.000132725,2.97,2.97,1.2,1.797011,2.048821,2.266714,1.199986,4.836538e-08,9.095484e-05,2.209489,1.936292,0.972468,1.184349e-05,2.654595e-05,9.429994e-07,2.064349e-12,9.429961e-07,2.76815e-07,1.667111e-12,2.760406e-07
0.000132875,2.97,2.97,1.2,1.797096,2.048821,2.266714,1.199986,4.836387e-08,9.095483e-05,2.209386,1.940037,0.9753489,1.175565e-05,2.662459e-05,9.429991e-07,2.034373e-12,9.42996e-07,2.776357e-07,1.666445e-12,2.768585e-07
0.000133025,2.97,2.97,1.2,1.797178,2.048821,2.266714,1.199986,4.836527e-08,9.095484e-05,2.209282,1.943793,0.9782389,1.166924e-05,2.670348e-05,9.429994e-07,2.064127e-12,9.429961e-07,2.784591e-07,1.666001e-12,2.77679e-07
0.000133175,2.97,2.97,1.2,1.797258,2.048821,2.266714,1.199986,4.836353e-08,9.095483e-05,2.209178,1.94756,0.981138,1.158406e-05,2.678262e-05,9.429991e-07,2.033929e-12,9.42996e-07,2.792851e-07,1.666223e-12,2.785021e-07
0.000133325,2.97,2.97,1.2,1.797334,2.048821,2.266714,1.199986,4.83662e-08,9.095484e-05,2.209074,1.951339,0.9840462,1.150007e-05,2.686201e-05,9.429994e-07,2.063905e-12,9.429961e-07,2.801136e-07,1.665557e-12,2.793278e-07
0.000133475,2.97,2.97,1.2,1.797409,2.048821,2.266714,1.199986,4.836218e-08,9.095483e-05,2.20897,1.955128,0.9869636,1.141735e-05,2.694165e-05,9.429991e-07,2.033929e-12,9.42996e-07,2.809448e-07,1.665779e-12,2.801561e-07
0.000133625,2.97,2.97,1.2,1.79748,2.048821,2.266714,1.199986,4.836893e-08,9.095484e-05,2.208867,1.958928,0.9898903,1.133582e-05,2.702154e-05,9.429994e-07,2.063905e-12,9.429961e-07,2.817786e-07,1.665335e-12,2.80987e-07
0.000133775,2.97,2.97,1.2,1.797549,2.048821,2.266714,1.199986,4.836411e-08,9.095483e-05,2.208763,1.962739,0.9928262,1.125551e-05,2.710168e-05,9.429991e-07,2.033929e-12,9.42996e-07,2.826151e-07,1.66489e-12,2.818205e-07
0.000133925,2.97,2.97,1.2,1.797616,2.048821,2.266714,1.199986,4.836226e-08,9.095484e-05,2.208659,1.966562,0.9957713,1.117635e-05,2.718208e-05,9.429994e-07,2.064349e-12,9.429961e-07,2.834541e-07,1.66489e-12,2.826567e-07
0.000134075,2.97,2.97,1.2,1.79768,2.048821,2.266714,1.199986,4.836757e-08,9.095483e-05,2.208555,1.970395,0.9987257,1.109835e-05,2.726273e-05,9.429991e-07,2.034151e-12,9.42996e-07,2.842958e-07,1.66489e-12,2.834954e-07
0.000134225,2.97,2.97,1.2,1.797742,2.048821,2.266714,1.199986,4.835332e-08,9.095484e-05,2.208451,1.97424,1.001689,1.102151e-05,2.734363e-05,9.429994e-07,2.064127e-12,9.429961e-07,2.851402e-07,1.664224e-12,2.843369e-07
0.000134375,2.97,2.97,1.2,1.797802,2.048821,2.266714,1.199986,4.83537e-08,9.095483e-05,2.208347,1.978096,1.004663,1.094574e-05,2.742479e-05,9.429991e-07,2.033929e-12,9.42996e-07,2.859872e-07,1.663558e-12,2.85181e-07
0.000134525,2.97,2.97,1.2,1.79786,2.048821,2.266714,1.199986,4.836033e-08,9.095484e-05,2.208242,1.981963,1.007645,1.087114e-05,2.750621e-05,9.429994e-07,2.064127e-12,9.429961e-07,2.86837e-07,1.663558e-12,2.860277e-07
0.000134675,2.97,2.97,1.2,1.797916,2.048821,2.266714,1.199986,4.836121e-08,9.095483e-05,2.208138,1.985841,1.010637,1.079761e-05,2.758788e-05,9.429991e-07,2.033929e-12,9.42996e-07,2.876893e-07,1.663336e-12,2.868772e-07
0.000134825,2.97,2.97,1.2,1.79797,2.048821,2.266714,1.199986,4.836601e-08,9.095484e-05,2.208034,1.989731,1.013638,1.072509e-05,2.766981e-05,9.429994e-07,2.063905e-12,9.429961e-07,2.885444e-07,1.662892e-12,2.877293e-07
0.000134975,2.97,2.97,1.2,1.798022,2.048821,2.266714,1.199986,4.836395e-08,9.095483e-05,2.20793,1.993632,1.016649,1.065372e-05,2.7752e-05,9.429991e-07,2.033929e-12,9.42996e-07,2.894022e-07,1.662448e-12,2.885841e-07
0.000135125,2.97,2.97,1.2,1.798072,2.048821,2.266714,1.199986,4.836335e-08,9.095484e-05,2.207826,1.997544,1.019669,1.05833e-05,2.783445e-05,9.429994e-07,2.064127e-12,9.429961e-07,2.902627e-07,1.662892e-12,2.894416e-07
0.000135275,2.97,2.97,1.2,1.798121,2.048821,2.266714,1.199986,4.836541e-08,9.095483e-05,2.207722,2.001468,1.022699,1.051393e-05,2.791715e-05,9.429991e-07,2.034373e-12,9.42996e-07,2.911259e-07,1.66267e-12,2.903017e-07
0.000135425,2.97,2.97,1.2,1.798167,2.048821,2.266714,1.199986,4.836153e-08,9.095484e-05,2.207617,2.005403,1.025739,1.04455e-05,2.800012e-05,9.429994e-07,2.063683e-12,9.429961e-07,2.919918e-07,1.662226e-12,2.911646e-07
0.000135575,2.97,2.97,1.2,1.798213,2.048821,2.266714,1.199986,4.836275e-08,9.095483e-05,2.207513,2.00935,1.028787,1.037803e-05,2.808335e-05,9.429991e-07,2.033929e-12,9.42996e-07,2.928604e-07,1.661782e-12,2.920302e-07
0.000135725,2.97,2.97,1.2,1.798256,2.048821,2.266714,1.199986,4.836414e-08,9.095484e-05,2.207409,2.013308,1.031846,1.031146e-05,2.816684e-05,9.429994e-07,2.063461e-12,9.429961e-07,2.937318e-07,1.661338e-12,2.928985e-07
0.000135875,2.97,2.97,1.2,1.798298,2.048821,2.266714,1.199986,4.836465e-08,9.095483e-05,2.207304,2.017277,1.034914,1.024584e-05,2.825059e-05,9.429991e-07,2.033929e-12,9.42996e-07,2.946059e-07,1.661116e-12,2.937695e-07
0.000136025,2.97,2.97,1.2,1.798339,2.048821,2.266714,1.199986,4.836389e-08,9.095484e-05,2.2072,2.021258,1.037991,1.018113e-05,2.83346e-05,9.429994e-07,2.063905e-12,9.429961e-07,2.954827e-07,1.66156e-12,2.946433e-07
0.000136175,2.97,2.97,1.2,1.798378,2.048821,2.266714,1.199986,4.836141e-08,9.095483e-05,2.207096,2.025251,1.041079,1.011729e-05,2.841887e-05,9.429991e-07,2.033929e-12,9.42996e-07,2.963623e-07,1.66045e-12,2.955197e-07
0.000136325,2.97,2.97,1.2,1.798416,2.048821,2.266714,1.199986,4.836028e-08,9.095484e-05,2.206991,2.029254,1.044175,1.005421e-05,2.850341e-05,9.429994e-07,2.064127e-12,9.429961e-07,2.972446e-07,1.660228e-12,2.963989e-07
0.000136475,2.97,2.97,1.2,1.798453,2.048821,2.266714,1.199986,4.836234e-08,9.095483e-05,2.206887,2.03327,1.047282,9.991919e-06,2.858821e-05,9.429991e-07,2.034151e-12,9.42996e-07,2.981296e-07,1.660005e-12,2.972807e-07
0.000136625,2.97,2.97,1.2,1.798488,2.048821,2.266714,1.199986,4.836548e-08,9.095484e-05,2.206782,2.037296,1.050398,9.930297e-06,2.867326e-05,9.429994e-07,2.063905e-12,9.429961e-07,2.990174e-07,1.659783e-12,2.981653e-07
0.000136775,2.97,2.97,1.2,1.798522,2.048821,2.266714,1.199986,4.836782e-08,9.095483e-05,2.206678,2.041334,1.053523,9.869481e-06,2.875858e-05,9.429991e-07,2.033929e-12,9.42996e-07,2.999078e-07,1.659339e-12,2.990525e-07
0.000136925,2.97,2.97,1.2,1.798555,2.048821,2.266714,1.199986,4.835999e-08,9.095484e-05,2.206573,2.045383,1.056658,9.809198e-06,2.884416e-05,9.429994e-07,2.063905e-12,9.429961e-07,3.00801e-07,1.659783e-12,2.999424e-07
0.000137075,2.97,2.97,1.2,1.798587,2.048821,2.266714,1.199986,4.836653e-08,9.095483e-05,2.206468,2.049444,1.059802,9.749479e-06,2.892999e-05,9.429991e-07,2.034373e-12,9.42996e-07,3.016968e-07,1.659339e-12,3.008349e-07
0.000137225,2.97,2.97,1.2,1.798618,2.048821,2.266714,1.199986,4.836072e-08,9.095484e-05,2.206364,2.053515,1.062956,9.690157e-06,2.901607e-05,9.429994e-07,2.063905e-12,9.429961e-07,3.025952e-07,1.658895e-12,3.017301e-07
0.000137375,2.97,2.97,1.2,1.798647,2.048821,2.266714,1.199986,4.836511e-08,9.095483e-05,2.206259,2.057597,1.066119,9.631358e-06,2.910241e-05,9.429991e-07,2.034151e-12,9.42996e-07,3.034962e-07,1.658673e-12,3.026278e-07
0.000137525,2.97,2.97,1.2,1.798676,2.048821,2.266714,1.199986,4.836377e-08,9.095484e-05,2.206155,2.06169,1.06929,9.572872e-06,2.9189e-05,9.429994e-07,2.063461e-12,9.429961e-07,3.043998e-07,1.658673e-12,3.03528e-07
0.000137675,2.97,2.97,1.2,1.798703,2.048821,2.266714,1.199986,4.836546e-08,9.095483e-05,2.20605,2.065794,1.072471,9.514394e-06,2.927582e-05,9.429991e-07,2.034151e-12,9.42996e-07,3.053057e-07,1.658229e-12,3.044307e-07
0.000137825,2.97,2.97,1.2,1.79873,2.048821,2.266714,1.199986,4.836786e-08,9.095484e-05,2.205945,2.069907,1.075661,9.456062e-06,2.936289e-05,9.429994e-07,2.063683e-12,9.429961e-07,3.062141e-07,1.658007e-12,3.053358e-07
0.000137975,2.97,2.97,1.2,1.798756,2.048821,2.266714,1.199986,4.836375e-08,9.095483e-05,2.205841,2.074031,1.078858,9.397492e-06,2.945018e-05,9.429991e-07,2.033929e-12,9.42996e-07,3.071247e-07,1.657785e-12,3.062431e-07
0.000138125,2.97,2.97,1.2,1.79878,2.048821,2.266714,1.199986,4.83691e-08,9.095484e-05,2.205736,2.078163,1.082064,9.338625e-06,2.953768e-05,9.429994e-07,2.063683e-12,9.429961e-07,3.080374e-07,1.658007e-12,3.071526e-07
0.000138275,2.97,2.97,1.2,1.798804,2.048821,2.266714,1.199986,4.836448e-08,9.095483e-05,2.205631,2.082304,1.085277,9.279225e-06,2.96254e-05,9.429991e-07,2.034151e-12,9.42996e-07,3.089521e-07,1.658007e-12,3.08064e-07
0.000138425,2.97,2.97,1.2,1.798828,2.048821,2.266714,1.199986,4.836785e-08,9.095484e-05,2.205527,2.086454,1.088497,9.218903e-06,2.97133e-05,9.429994e-07,2.063683e-12,9.429961e-07,3.098685e-07,1.658229e-12,3.089773e-07
0.000138575,2.97,2.97,1.2,1.79885,2.048821,2.266714,1.199986,4.835838e-08,9.095483e-05,2.205422,2.09061,1.091724,9.157538e-06,2.980138e-05,9.429991e-07,2.034151e-12,9.42996e-07,3.107865e-07,1.658451e-12,3.098921e-07
0.000138725,2.97,2.97,1.2,1.798871,2.048821,2.266714,1.199986,4.836603e-08,9.095484e-05,2.205317,2.094773,1.094956,9.09461e-06,2.988961e-05,9.429994e-07,2.063461e-12,9.429961e-07,3.117056e-07,1.658673e-12,3.108084e-07
0.000138875,2.97,2.97,1.2,1.798892,2.048821,2.266714,1.199986,4.837519e-08,9.095483e-05,2.205213,2.09894,1.098193,9.029792e-06,2.997797e-05,9.429991e-07,2.033929e-12,9.42996e-07,3.126255e-07,1.658895e-12,3.117256e-07
0.000139025,2.97,2.97,1.2,1.798912,2.048821,2.266714,1.199986,4.837078e-08,9.095484e-05,2.205108,2.103111,1.101433,8.962545e-06,3.006642e-05,9.429994e-07,2.063683e-12,9.429961e-07,3.135459e-07,1.659117e-12,3.126434e-07
0.000139175,2.97,2.97,1.2,1.798932,2.048821,2.266714,1.199986,4.836631e-08,9.095483e-05,2.205004,2.107284,1.104675,8.892249e-06,3.015493e-05,9.429991e-07,2.033929e-12,9.42996e-07,3.144661e-07,1.659783e-12,3.135614e-07
0.000139325,2.97,2.97,1.2,1.79895,2.048821,2.266714,1.199986,4.836104e-08,9.095484e-05,2.2049,2.111456,1.107918,8.81842e-06,3.024345e-05,9.429994e-07,2.063683e-12,9.42996e-07,3.153856e-07,1.66045e-12,3.144791e-07
0.000139475,2.97,2.97,1.2,1.798968,2.048821,2.266714,1.199986,4.836251e-08,9.095483e-05,2.204796,2.115625,1.111159,8.740305e-06,3.033193e-05,9.429991e-07,2.033929e-12,9.42996e-07,3.163037e-07,1.661116e-12,3.153958e-07
0.000139625,2.97,2.97,1.2,1.798986,2.048821,2.266714,1.199986,4.836396e-08,9.095484e-05,2.204692,2.119788,1.114397,8.657126e-06,3.042031e-05,9.429994e-07,2.063683e-12,9.429961e-07,3.172195e-07,1.663336e-12,3.163107e-07
0.000139775,2.97,2.97,1.2,1.799003,2.048821,2.266714,1.199986,4.836377e-08,9.095483e-05,2.204589,2.123942,1.117628,8.56793e-06,3.050852e-05,9.429991e-07,2.034373e-12,9.42996e-07,3.181321e-07,1.66378e-12,3.172231e-07
0.000139925,2.97,2.97,1.2,1.799019,2.048821,2.266714,1.199986,4.836119e-08,9.095484e-05,2.204486,2.128083,1.12085,8.471849e-06,3.059647e-05,9.429994e-07,2.063683e-12,9.429961e-07,3.190403e-07,1.666001e-12,3.181319e-07
0.000140075,2.97,2.97,1.2,1.799035,2.048821,2.266714,1.199986,4.836623e-08,9.095483e-05,2.204383,2.132206,1.124059,8.367907e-06,3.068408e-05,9.429991e-07,2.034373e-12,9.42996e-07,3.199429e-07,1.667777e-12,3.19036e-07
0.000140225,2.97,2.97,1.2,1.79905,2.048821,2.266714,1.199986,4.836377e-08,9.095484e-05,2.204281,2.136307,1.127252,8.254974e-06,3.077122e-05,9.429994e-07,2.063683e-12,9.429961e-07,3.208384e-07,1.671108e-12,3.199342e-07
0.000140375,2.97,2.97,1.2,1.799064,2.048821,2.266714,1.199986,4.83696e-08,9.095483e-05,2.204179,2.140379,1.130423,8.131979e-06,3.085779e-05,9.429991e-07,2.034373e-12,9.42996e-07,3.217253e-07,1.674216e-12,3.208249e-07
0.000140525,2.97,2.97,1.2,1.799078,2.048821,2.266714,1.199986,4.836469e-08,9.095484e-05,2.204078,2.144416,1.133568,7.997952e-06,3.094363e-05,9.429994e-07,2.063683e-12,9.429961e-07,3.226019e-07,1.677991e-12,3.217068e-07
0.000140675,2.97,2.97,1.2,1.799092,2.048821,2.266714,1.199986,4.836049e-08,9.095483e-05,2.203978,2.14841,1.13668,7.85186e-06,3.102861e-05,9.429991e-07,2.034373e-12,9.42996e-07,3.234661e-07,1.68221e-12,3.22578e-07
0.000140825,2.97,2.97,1.2,1.799105,2.048821,2.266714,1.199986,4.836318e-08,9.095484e-05,2.203879,2.152355,1.139755,7.692784e-06,3.111254e-05,9.429994e-07,2.063683e-12,9.429961e-07,3.24316e-07,1.687761e-12,3.234366e-07
0.000140975,2.97,2.97,1.2,1.799118,2.048821,2.266714,1.199986,4.836002e-08,9.095483e-05,2.203781,2.156241,1.142786,7.520068e-06,3.119526e-05,9.429991e-07,2.034151e-12,9.42996e-07,3.251495e-07,1.693534e-12,3.242807e-07
0.000141125,2.97,2.97,1.2,1.79913,2.048821,2.266714,1.199986,4.836233e-08,9.095484e-05,2.203684,2.16006,1.145764,7.333214e-06,3.127658e-05,9.429994e-07,2.063238e-12,9.429961e-07,3.259644e-07,1.70064e-12,3.251084e-07
0.000141275,2.97,2.97,1.2,1.799142,2.048821,2.266714,1.199986,4.836559e-08,9.095483e-05,2.203589,2.163803,1.148685,7.132059e-06,3.13563e-05,9.429991e-07,2.033929e-12,9.42996e-07,3.267584e-07,1.708411e-12,3.259173e-07
0.000141425,2.97,2.97,1.2,1.799153,2.048821,2.266714,1.199986,4.836398e-08,9.095484e-05,2.203495,2.16746,1.151539,6.916778e-06,3.143422e-05,9.429994e-07,2.063238e-12,9.42996e-07,3.275295e-07,1.716849e-12,3.267056e-07
0.000141575,2.97,2.97,1.2,1.799164,2.048821,2.266714,1.199986,4.836842e-08,9.095483e-05,2.203403,2.171022,1.15432,6.687914e-06,3.151014e-05,9.429991e-07,2.034151e-12,9.42996e-07,3.282756e-07,1.727063e-12,3.274711e-07
0.000141725,2.97,2.97,1.2,1.799175,2.048821,2.266714,1.199986,4.836585e-08,9.095484e-05,2.203313,2.17448,1.157021,6.446549e-06,3.158387e-05,9.429994e-07,2.063461e-12,9.429961e-07,3.289948e-07,1.737943e-12,3.28212e-07
0.000141875,2.97,2.97,1.2,1.799185,2.048821,2.266714,1.199986,4.836415e-08,9.095483e-05,2.203225,2.177825,1.159635,6.1938e-06,3.165523e-05,9.429991e-07,2.033929e-12,9.42996e-07,3.296855e-07,1.749045e-12,3.289264e-07
0.000142025,2.97,2.97,1.2,1.799195,2.048821,2.266714,1.199986,4.836212e-08,9.095484e-05,2.20314,2.18105,1.162156,5.931717e-06,3.172404e-05,9.429994e-07,2.063238e-12,9.429961e-07,3.303464e-07,1.761924e-12,3.296129e-07
0.000142175,2.97,2.97,1.2,1.799205,2.048821,2.266714,1.199986,4.835849e-08,9.095483e-05,2.203057,2.184149,1.164579,5.662188e-06,3.179018e-05,9.429991e-07,2.034151e-12,9.42996e-07,3.309764e-07,1.774803e-12,3.302702e-07
0.000142325,2.97,2.97,1.2,1.799214,2.048821,2.266714,1.199986,4.836037e-08,9.095484e-05,2.202976,2.187115,1.166899,5.387533e-06,3.185351e-05,9.429994e-07,2.063238e-12,9.42996e-07,3.315747e-07,1.789457e-12,3.308973e-07
0.000142475,2.97,2.97,1.2,1.799223,2.048821,2.266714,1.199986,4.836622e-08,9.095483e-05,2.202899,2.189945,1.169113,5.11025e-06,3.191395e-05,9.429991e-07,2.033929e-12,9.42996e-07,3.321412e-07,1.80389e-12,3.314936e-07
0.000142625,2.97,2.97,1.2,1.799231,2.048821,2.266714,1.199986,4.836016e-08,9.095484e-05,2.202824,2.192635,1.171218,4.832697e-06,3.197142e-05,9.429994e-07,2.063238e-12,9.429961e-07,3.326757e-07,1.820322e-12,3.320588e-07
0.000142775,2.97,2.97,1.2,1.79924,2.048821,2.266714,1.199986,4.836592e-08,9.095483e-05,2.202752,2.195185,1.173214,4.557269e-06,3.202591e-05,9.429991e-07,2.033929e-12,9.42996e-07,3.331785e-07,1.835865e-12,3.325928e-07
0.000142925,2.97,2.97,1.2,1.799248,2.048821,2.266714,1.199986,4.836748e-08,9.095484e-05,2.202683,2.197594,1.175101,4.286226e-06,3.207741e-05,9.429994e-07,2.063683e-12,9.429961e-07,3.336503e-07,1.852296e-12,3.33096e-07
0.000143075,2.97,2.97,1.2,1.799255,2.048821,2.266714,1.199986,4.836464e-08,9.095483e-05,2.202618,2.199863,1.176879,4.021515e-06,3.212594e-05,9.429991e-07,2.034151e-12,9.42996e-07,3.340919e-07,1.867839e-12,3.335687e-07
0.000143225,2.97,2.97,1.2,1.799263,2.048821,2.266714,1.199986,4.836662e-08,9.095484e-05,2.202556,2.201996,1.17855,3.764839e-06,3.217155e-05,9.429994e-07,2.063461e-12,9.429961e-07,3.345044e-07,1.884937e-12,3.340119e-07
0.000143375,2.97,2.97,1.2,1.79927,2.048821,2.266714,1.199986,4.836683e-08,9.095483e-05,2.202496,2.203995,1.180116,3.5176e-06,3.221432e-05,9.429991e-07,2.033929e-12,9.42996e-07,3.348889e-07,1.900702e-12,3.344264e-07
0.000143525,2.97,2.97,1.2,1.799277,2.048821,2.266714,1.199986,4.836672e-08,9.095484e-05,2.20244,2.205866,1.181582,3.28081e-06,3.225434e-05,9.429994e-07,2.063238e-12,9.429961e-07,3.352467e-07,1.916911e-12,3.348133e-07
0.000143675,2.97,2.97,1.2,1.799284,2.048821,2.266714,1.199986,4.836273e-08,9.095483e-05,2.202387,2.207612,1.182951,3.055334e-06,3.22917e-05,9.429991e-07,2.033929e-12,9.42996e-07,3.355793e-07,1.932898e-12,3.35174e-07
0.000143825,2.97,2.97,1.2,1.79929,2.048821,2.266714,1.199986,4.836398e-08,9.095484e-05,2.202337,2.209239,1.184227,2.841524e-06,3.232653e-05,9.429994e-07,2.063238e-12,9.429961e-07,3.35888e-07,1.949108e-12,3.355095e-07
0.000143975,2.97,2.97,1.2,1.799297,2.048821,2.266714,1.199986,4.836744e-08,9.095483e-05,2.20229,2.210753,1.185415,2.639763e-06,3.235895e-05,9.429991e-07,2.033929e-12,9.42996e-07,3.361742e-07,1.964207e-12,3.358214e-07
0.000144125,2.97,2.97,1.2,1.799303,2.048821,2.266714,1.199986,4.836365e-08,9.095484e-05,2.202246,2.212161,1.186518,2.449968e-06,3.238908e-05,9.429994e-07,2.063238e-12,9.429961e-07,3.364393e-07,1.978417e-12,3.361109e-07
0.000144275,2.97,2.97,1.2,1.799308,2.048821,2.266714,1.199986,4.836309e-08,9.095483e-05,2.202205,2.213467,1.187543,2.27199e-06,3.241706e-05,9.429991e-07,2.033929e-12,9.42996e-07,3.366847e-07,1.992406e-12,3.363793e-07
0.000144425,2.97,2.97,1.2,1.799314,2.048821,2.266714,1.199986,4.835845e-08,9.095484e-05,2.202166,2.214679,1.188493,2.10564e-06,3.2443e-05,9.429994e-07,2.063238e-12,9.42996e-07,3.369117e-07,2.006173e-12,3.36628e-07
0.000144575,2.97,2.97,1.2,1.799319,2.048821,2.266714,1.199986,4.836213e-08,9.095483e-05,2.20213,2.215801,1.189374,1.950376e-06,3.246704e-05,9.429991e-07,2.033929e-12,9.42996e-07,3.371215e-07,2.018608e-12,3.368582e-07
0.000144725,2.97,2.97,1.2,1.799325,2.048821,2.266714,1.199986,4.836935e-08,9.095484e-05,2.202096,2.21684,1.19019,1.805886e-06,3.24893e-05,9.429994e-07,2.063238e-12,9.429961e-07,3.373155e-07,2.030376e-12,3.370712e-07
0.000144875,2.97,2.97,1.2,1.79933,2.048821,2.266714,1.199986,4.836998e-08,9.095483e-05,2.202064,2.217802,1.190944,1.671648e-06,3.25099e-05,9.429991e-07,2.034373e-12,9.42996e-07,3.374946e-07,2.041922e-12,3.372682e-07
0.000145025,2.97,2.97,1.2,1.799335,2.048821,2.266714,1.199986,4.836742e-08,9.095484e-05,2.202035,2.218691,1.191642,1.54707e-06,3.252895e-05,9.429994e-07,2.063238e-12,9.429961e-07,3.376601e-07,2.053246e-12,3.374503e-07
0.000145175,2.97,2.97,1.2,1.799339,2.048821,2.266714,1.199986,4.836622e-08,9.095483e-05,2.202007,2.219513,1.192287,1.431591e-06,3.254655e-05,9.429991e-07,2.034151e-12,9.42996e-07,3.378128e-07,2.063683e-12,3.376185e-07
0.000145325,2.97,2.97,1.2,1.799344,2.048821,2.266714,1.199986,4.836734e-08,9.095484e-05,2.201982,2.220272,1.192883,1.324684e-06,3.256282e-05,9.429994e-07,2.063238e-12,9.429961e-07,3.379538e-07,2.073897e-12,3.377739e-07
0.000145475,2.97,2.97,1.2,1.799348,2.048821,2.266714,1.199986,4.836602e-08,9.095483e-05,2.201958,2.220974,1.193433,1.225732e-06,3.257785e-05,9.429991e-07,2.034373e-12,9.42996e-07,3.380839e-07,2.082556e-12,3.379174e-07
0.000145625,2.97,2.97,1.2,1.799353,2.048821,2.266714,1.199986,4.83594e-08,9.095484e-05,2.201936,2.221621,1.193942,1.13429e-06,3.259173e-05,9.429994e-07,2.063238e-12,9.429961e-07,3.382039e-07,2.091438e-12,3.380498e-07
0.000145775,2.97,2.97,1.2,1.799357,2.048821,2.266714,1.199986,4.836219e-08,9.095483e-05,2.201916,2.222219,1.194411,1.049814e-06,3.260454e-05,9.429991e-07,2.034373e-12,9.42996e-07,3.383146e-07,2.09921e-12,3.38172e-07
0.000145925,2.97,2.97,1.2,1.799361,2.048821,2.266714,1.199986,4.836037e-08,9.095484e-05,2.201897,2.222771,1.194844,9.717712e-07,3.261636e-05,9.429994e-07,2.063238e-12,9.42996e-07,3.384168e-07,2.106759e-12,3.382849e-07
0.000146075,2.97,2.97,1.2,1.799364,2.048821,2.266714,1.199986,4.836875e-08,9.095483e-05,2.201879,2.22328,1.195244,8.997229e-07,3.262728e-05,9.429991e-07,2.034373e-12,9.42996e-07,3.38511e-07,2.113643e-12,3.383889e-07
0.000146225,2.97,2.97,1.2,1.799368,2.048821,2.266714,1.199986,4.836788e-08,9.095484e-05,2.201863,2.22375,1.195613,8.332715e-07,3.263734e-05,9.429994e-07,2.063238e-12,9.429961e-07,3.385979e-07,2.11986e-12,3.38485e-07
0.000146375,2.97,2.97,1.2,1.799372,2.048821,2.266714,1.199986,4.836772e-08,9.095483e-05,2.201848,2.224183,1.195953,7.719347e-07,3.264663e-05,9.429991e-07,2.034373e-12,9.42996e-07,3.38678e-07,2.126299e-12,3.385735e-07
0.000146525,2.97,2.97,1.2,1.799375,2.048821,2.266714,1.199986,4.836798e-08,9.095484e-05,2.201834,2.224583,1.196267,7.153784e-07,3.26552e-05,9.429994e-07,2.063238e-12,9.429961e-07,3.387519e-07,2.131628e-12,3.386552e-07
0.000146675,2.97,2.97,1.2,1.799378,2.048821,2.266714,1.199986,4.83639e-08,9.095483e-05,2.201821,2.224952,1.196556,6.631808e-07,3.26631e-05,9.429991e-07,2.034373e-12,9.42996e-07,3.3882e-07,2.136957e-12,3.387305e-07
0.000146825,2.97,2.97,1.2,1.799382,2.048821,2.266714,1.199986,4.836811e-08,9.095484e-05,2.201809,2.225292,1.196823,6.151059e-07,3.267039e-05,9.429994e-07,2.063238e-12,9.429961e-07,3.388828e-07,2.14162e-12,3.388e-07
0.000146975,2.97,2.97,1.2,1.799385,2.048821,2.266714,1.199986,4.836424e-08,9.095483e-05,2.201798,2.225606,1.19707,5.708111e-07,3.267712e-05,9.429991e-07,2.034373e-12,9.42996e-07,3.389408e-07,2.146505e-12,3.388641e-07
0.000147125,2.97,2.97,1.2,1.799388,2.048821,2.266714,1.199986,4.836201e-08,9.095484e-05,2.201788,2.225895,1.197297,5.299152e-07,3.268332e-05,9.429994e-07,2.063238e-12,9.42996e-07,3.389942e-07,2.150946e-12,3.389232e-07
0.000147275,2.97,2.97,1.2,1.799391,2.048821,2.266714,1.199986,4.836833e-08,9.095483e-05,2.201779,2.226162,1.197506,4.922332e-07,3.268903e-05,9.429991e-07,2.034373e-12,9.42996e-07,3.390434e-07,2.153833e-12,3.389777e-07
0.000147425,2.97,2.97,1.2,1.799393,2.048821,2.266714,1.199986,4.83643e-08,9.095484e-05,2.20177,2.226408,1.197699,4.575169e-07,3.269431e-05,9.429994e-07,2.063461e-12,9.429961e-07,3.390889e-07,2.158496e-12,3.39028e-07
0.000147575,2.97,2.97,1.2,1.799396,2.048821,2.266714,1.199986,4.836702e-08,9.095483e-05,2.201762,2.226635,1.197877,4.254857e-07,3.269917e-05,9.429991e-07,2.034373e-12,9.42996e-07,3.391307e-07,2.16116e-12,3.390743e-07
0.000147725,2.97,2.97,1.2,1.799399,2.048821,2.266714,1.199986,4.836033e-08,9.095484e-05,2.201755,2.226844,1.198042,3.959953e-07,3.270365e-05,9.429994e-07,2.063238e-12,9.429961e-07,3.391693e-07,2.164713e-12,3.39117e-07
0.000147875,2.97,2.97,1.2,1.799401,2.048821,2.266714,1.199986,4.836055e-08,9.095483e-05,2.201748,2.227036,1.198193,3.688313e-07,3.270778e-05,9.429991e-07,2.034373e-12,9.42996e-07,3.392049e-07,2.167377e-12,3.391564e-07
0.000148025,2.97,2.97,1.2,1.799404,2.048821,2.266714,1.199986,4.836157e-08,9.095484e-05,2.201742,2.227214,1.198333,3.436977e-07,3.271159e-05,9.429994e-07,2.063238e-12,9.429961e-07,3.392377e-07,2.170042e-12,3.391927e-07
0.000148175,2.97,2.97,1.2,1.799406,2.048821,2.266714,1.199986,4.836373e-08,9.095483e-05,2.201736,2.227378,1.198461,3.206287e-07,3.271511e-05,9.429991e-07,2.034373e-12,9.42996e-07,3.39268e-07,2.172484e-12,3.392262e-07
0.000148325,2.97,2.97,1.2,1.799408,2.048821,2.266714,1.199986,4.836351e-08,9.095484e-05,2.201731,2.227529,1.19858,2.993052e-07,3.271835e-05,9.429994e-07,2.063238e-12,9.429961e-07,3.392959e-07,2.175149e-12,3.392571e-07
0.000148475,2.97,2.97,1.2,1.79941,2.048821,2.266714,1.199986,4.836432e-08,9.095483e-05,2.201726,2.227669,1.19869,2.796891e-07,3.272133e-05,9.429991e-07,2.034373e-12,9.42996e-07,3.393216e-07,2.176703e-12,3.392855e-07
0.000148625,2.97,2.97,1.2,1.799412,2.048821,2.266714,1.199986,4.835915e-08,9.095484e-05,2.201721,2.227797,1.19879,2.616382e-07,3.272409e-05,9.429994e-07,2.063238e-12,9.429961e-07,3.393453e-07,2.178702e-12,3.393118e-07
0.000148775,2.97,2.97,1.2,1.799414,2.048821,2.266714,1.199986,4.836329e-08,9.095483e-05,2.201717,2.227916,1.198883,2.449709e-07,3.272663e-05,9.429991e-07,2.034373e-12,9.42996e-07,3.393671e-07,2.180478e-12,3.39336e-07
0.000148925,2.97,2.97,1.2,1.799416,2.048821,2.266714,1.199986,4.835759e-08,9.095484e-05,2.201713,2.228025,1.198969,2.295858e-07,3.272897e-05,9.429994e-07,2.063238e-12,9.429961e-07,3.393873e-07,2.182032e-12,3.393583e-07
0.000149075,2.97,2.97,1.2,1.799418,2.048821,2.266714,1.199986,4.836214e-08,9.095483e-05,2.201709,2.228126,1.199048,2.154179e-07,3.273113e-05,9.429991e-07,2.034151e-12,9.42996e-07,3.394059e-07,2.184253e-12,3.393789e-07
0.000149225,2.97,2.97,1.2,1.79942,2.048821,2.266714,1.199986,4.836298e-08,9.095484e-05,2.201706,2.228218,1.199121,2.023837e-07,3.273312e-05,9.429994e-07,2.063238e-12,9.429961e-07,3.39423e-07,2.185363e-12,3.393979e-07
0.000149375,2.97,2.97,1.2,1.799422,2.048821,2.266714,1.199986,4.83712e-08,9.095483e-05,2.201703,2.228304,1.199188,1.903563e-07,3.273495e-05,9.429991e-07,2.034373e-12,9.42996e-07,3.394388e-07,2.186251e-12,3.394153e-07
0.000149525,2.97,2.97,1.2,1.799424,2.048821,2.266714,1.199986,4.836581e-08,9.095484e-05,2.2017,2.228383,1.19925,1.79249e-07,3.273665e-05,9.429994e-07,2.063238e-12,9.429961e-07,3.394534e-07,2.187805e-12,3.394315e-07
0.000149675,2.97,2.97,1.2,1.799425,2.048821,2.266714,1.199986,4.836543e-08,9.095483e-05,2.201698,2.228456,1.199308,1.690508e-07,3.273821e-05,9.429991e-07,2.034373e-12,9.42996e-07,3.394668e-07,2.188694e-12,3.394463e-07
0.000149825,2.97,2.97,1.2,1.799427,2.048821,2.266714,1.199986,4.836843e-08,9.095484e-05,2.201695,2.228523,1.19936,1.595945e-07,3.273964e-05,9.429994e-07,2.063238e-12,9.429961e-07,3.394792e-07,2.189804e-12,3.394601e-07
0.000149975,2.97,2.97,1.2,1.799428,2.048821,2.266714,1.199986,4.836423e-08,9.095483e-05,2.201693,2.228585,1.199409,1.509309e-07,3.274097e-05,9.429991e-07,2.034373e-12,9.42996e-07,3.394906e-07,2.19047e-12,3.394727e-07
0.000150125,2.97,2.97,1.2,1.79943,2.048821,2.266714,1.199986,4.836358e-08,9.095484e-05,2.201691,2.228642,1.199454,1.428846e-07,3.274219e-05,9.429994e-07,2.063238e-12,9.429961e-07,3.395011e-07,2.191136e-12,3.394843e-07
0.000150275,2.97,2.97,1.2,1.799431,2.048821,2.266714,1.199986,4.83628e-08,9.095483e-05,2.201689,2.228694,1.199495,1.355058e-07,3.274332e-05,9.429991e-07,2.034373e-12,9.42996e-07,3.395108e-07,2.192246e-12,3.394951e-07
0.000150425,2.97,2.97,1.2,1.799433,2.048821,2.266714,1.199986,4.837134e-08,9.095484e-05,2.201687,2.228743,1.199533,1.287275e-07,3.274436e-05,9.429994e-07,2.063238e-12,9.429961e-07,3.395198e-07,2.193357e-12,3.39505e-07
0.000150575,2.97,2.97,1.2,1.799434,2.048821,2.266714,1.199986,4.836462e-08,9.095483e-05,2.201686,2.228788,1.199568,1.224568e-07,3.274532e-05,9.429991e-07,2.034373e-12,9.42996e-07,3.39528e-07,2.193357e-12,3.395141e-07
0.000150725,2.97,2.97,1.2,1.799435,2.048821,2.266714,1.199986,4.836435e-08,9.095484e-05,2.201684,2.228829,1.1996,1.167026e-07,3.27462e-05,9.429994e-07,2.063238e-12,9.42996e-07,3.395356e-07,2.194245e-12,3.395226e-07
0.000150875,2.97,2.97,1.2,1.799436,2.048821,2.266714,1.199986,4.836777e-08,9.095483e-05,2.201683,2.228867,1.19963,1.113472e-07,3.274702e-05,9.429991e-07,2.034373e-12,9.42996e-07,3.395426e-07,2.194689e-12,3.395303e-07
0.000151025,2.97,2.97,1.2,1.799438,2.048821,2.266714,1.199986,4.836343e-08,9.095484e-05,2.201682,2.228902,1.199658,1.064252e-07,3.274777e-05,9.429994e-07,2.063238e-12,9.429961e-07,3.395491e-07,2.195577e-12,3.395375e-07
0.000151175,2.97,2.97,1.2,1.799439,2.048821,2.266714,1.199986,4.836506e-08,9.095483e-05,2.201681,2.228934,1.199683,1.018955e-07,3.274846e-05,9.429991e-07,2.034151e-12,9.42996e-07,3.39555e-07,2.195799e-12,3.395441e-07
0.000151325,2.97,2.97,1.2,1.79944,2.048821,2.266714,1.199986,4.836074e-08,9.095484e-05,2.20168,2.228964,1.199707,9.76575e-08,3.27491e-05,9.429994e-07,2.063238e-12,9.429961e-07,3.395605e-07,2.196021e-12,3.395502e-07
0.000151475,2.97,2.97,1.2,1.799441,2.048821,2.266714,1.199986,4.836658e-08,9.095483e-05,2.201679,2.228991,1.199728,9.386332e-08,3.274969e-05,9.429991e-07,2.034373e-12,9.42996e-07,3.395656e-07,2.196465e-12,3.395558e-07
0.000151625,2.97,2.97,1.2,1.799442,2.048821,2.266714,1.199986,4.836296e-08,9.095484e-05,2.201678,2.229017,1.199748,9.030469e-08,3.275023e-05,9.429994e-07,2.063238e-12,9.429961e-07,3.395703e-07,2.197131e-12,3.395609e-07
0.000151775,2.97,2.97,1.2,1.799443,2.048821,2.266714,1.199986,4.836774e-08,9.095483e-05,2.201677,2.22904,1.199766,8.704222e-08,3.275073e-05,9.429991e-07,2.034373e-12,9.42996e-07,3.395746e-07,2.197131e-12,3.395657e-07
0.000151925,2.97,2.97,1.2,1.799444,2.048821,2.266714,1.199986,4.83647e-08,9.095484e-05,2.201676,2.229062,1.199783,8.402573e-08,3.275119e-05,9.429994e-07,2.063238e-12,9.429961e-07,3.395786e-07,2.19802e-12,3.395701e-07
0.000152075,2.97,2.97,1.2,1.799445,2.048821,2.266714,1.199986,4.836349e-08,9.095483e-05,2.201675,2.229081,1.199799,8.128138e-08,3.275162e-05,9.429991e-07,2.034373e-12,9.42996e-07,3.395822e-07,2.197797e-12,3.395742e-07
0.000152225,2.97,2.97,1.2,1.799446,2.048821,2.266714,1.199986,4.836466e-08,9.095484e-05,2.201675,2.2291,1.199813,7.869152e-08,3.275201e-05,9.429994e-07,2.063238e-12,9.429961e-07,3.395856e-07,2.198242e-12,3.395779e-07
0.000152375,2.97,2.97,1.2,1.799447,2.048821,2.266714,1.199986,4.836133e-08,9.095483e-05,2.201674,2.229117,1.199827,7.632418e-08,3.275237e-05,9.429991e-07,2.034373e-12,9.42996e-07,3.395887e-07,2.198686e-12,3.395813e-07
0.000152525,2.97,2.97,1.2,1.799447,2.048821,2.266714,1.199986,4.836481e-08,9.095484e-05,2.201674,2.229132,1.199839,7.414812e-08,3.275271e-05,9.429994e-07,2.063238e-12,9.429961e-07,3.395916e-07,2.198908e-12,3.395845e-07
0.000152675,2.97,2.97,1.2,1.799448,2.048821,2.266714,1.199986,4.836082e-08,9.095483e-05,2.201673,2.229147,1.19985,7.215094e-08,3.275301e-05,9.429991e-07,2.034373e-12,9.42996e-07,3.395942e-07,2.198908e-12,3.395875e-07
0.000152825,2.97,2.97,1.2,1.799449,2.048821,2.266714,1.199986,4.836403e-08,9.095484e-05,2.201673,2.22916,1.19986,7.026575e-08,3.27533e-05,9.429994e-07,2.063238e-12,9.429961e-07,3.395967e-07,2.199352e-12,3.395902e-07
0.000152975,2.97,2.97,1.2,1.79945,2.048821,2.266714,1.199986,4.836295e-08,9.095483e-05,2.201672,2.229172,1.19987,6.857902e-08,3.275356e-05,9.429991e-07,2.034817e-12,9.42996e-07,3.395989e-07,2.199796e-12,3.395926e-07
0.000153125,2.97,2.97,1.2,1.79945,2.048821,2.266714,1.199986,4.835954e-08,9.095484e-05,2.201672,2.229183,1.199879,6.700031e-08,3.27538e-05,9.429994e-07,2.063238e-12,9.429961e-07,3.39601e-07,2.200018e-12,3.39595e-07
0.000153275,2.97,2.97,1.2,1.799451,2.048821,2.266714,1.199986,4.836255e-08,9.095483e-05,2.201671,2.229194,1.199887,6.557887e-08,3.275402e-05,9.429991e-07,2.034817e-12,9.42996e-07,3.396029e-07,2.200018e-12,3.395971e-07
0.000153425,2.97,2.97,1.2,1.799452,2.048821,2.266714,1.199986,4.836472e-08,9.095484e-05,2.201671,2.229203,1.199894,6.420316e-08,3.275423e-05,9.429994e-07,2.063238e-12,9.429961e-07,3.396047e-07,2.199796e-12,3.39599e-07
0.000153575,2.97,2.97,1.2,1.799453,2.048821,2.266714,1.199986,4.836597e-08,9.095483e-05,2.201671,2.229212,1.199901,6.297794e-08,3.275442e-05,9.429991e-07,2.034595e-12,9.42996e-07,3.396063e-07,2.199574e-12,3.396008e-07
0.000153725,2.97,2.97,1.2,1.799453,2.048821,2.266714,1.199986,4.836776e-08,9.095484e-05,2.20167,2.22922,1.199908,6.183894e-08,3.275459e-05,9.429994e-07,2.063238e-12,9.429961e-07,3.396078e-07,2.200462e-12,3.396025e-07
0.000153875,2.97,2.97,1.2,1.799454,2.048821,2.266714,1.199986,4.836447e-08,9.095483e-05,2.20167,2.229228,1.199914,6.075774e-08,3.275475e-05,9.429991e-07,2.034595e-12,9.42996e-07,3.396092e-07,2.20024e-12,3.39604e-07
0.000154025,2.97,2.97,1.2,1.799454,2.048821,2.266714,1.199986,4.83624e-08,9.095484e-05,2.20167,2.229235,1.199919,5.979862e-08,3.27549e-05,9.429994e-07,2.063238e-12,9.429961e-07,3.396105e-07,2.200462e-12,3.396054e-07
0.000154175,2.97,2.97,1.2,1.799455,2.048821,2.266714,1.199986,4.836973e-08,9.095483e-05,2.20167,2.229241,1.199924,5.890853e-08,3.275504e-05,9.429991e-07,2.034595e-12,9.42996e-07,3.396116e-07,2.200018e-12,3.396067e-07
0.000154325,2.97,2.97,1.2,1.799455,2.048821,2.266714,1.199986,4.836163e-08,9.095484e-05,2.201669,2.229247,1.199929,5.808518e-08,3.275516e-05,9.429994e-07,2.063238e-12,9.42996e-07,3.396127e-07,2.201128e-12,3.396079e-07
0.000154475,2.97,2.97,1.2,1.799456,2.048821,2.266714,1.199986,4.836119e-08,9.095483e-05,2.201669,2.229252,1.199933,5.73668e-08,3.275528e-05,9.429991e-07,2.034817e-12,9.42996e-07,3.396137e-07,2.200906e-12,3.39609e-07
0.000154625,2.97,2.97,1.2,1.799456,2.048821,2.266714,1.199986,4.836755e-08,9.095484e-05,2.201669,2.229257,1.199937,5.662112e-08,3.275539e-05,9.429994e-07,2.063238e-12,9.429961e-07,3.396146e-07,2.201128e-12,3.396101e-07
0.000154775,2.97,2.97,1.2,1.799457,2.048821,2.266714,1.199986,4.83664e-08,9.095483e-05,2.201669,2.229262,1.199941,5.601979e-08,3.275549e-05,9.429991e-07,2.034817e-12,9.42996e-07,3.396155e-07,2.200906e-12,3.39611e-07
0.000154925,2.97,2.97,1.2,1.799457,2.048821,2.266714,1.199986,4.836063e-08,9.095484e-05,2.201669,2.229266,1.199944,5.54182e-08,3.275558e-05,9.429994e-07,2.063238e-12,9.429961e-07,3.396163e-07,2.200906e-12,3.396119e-07
0.000155075,2.97,2.97,1.2,1.799458,2.048821,2.266714,1.199986,4.836817e-08,9.095483e-05,2.201669,2.22927,1.199947,5.482873e-08,3.275566e-05,9.429991e-07,2.034817e-12,9.42996e-07,3.39617e-07,2.201128e-12,3.396127e-07
0.000155225,2.97,2.97,1.2,1.799458,2.048821,2.266714,1.199986,4.8366e-08,9.095484e-05,2.201669,2.229274,1.19995,5.430156e-08,3.275574e-05,9.429994e-07,2.063238e-12,9.429961e-07,3.396176e-07,2.201572e-12,3.396134e-07
0.000155375,2.97,2.97,1.2,1.799459,2.048821,2.266714,1.199986,4.836365e-08,9.095483e-05,2.201668,2.229277,1.199952,5.386549e-08,3.275581e-05,9.429991e-07,2.034817e-12,9.42996e-07,3.396183e-07,2.20135e-12,3.396141e-07
0.000155525,2.97,2.97,1.2,1.799459,2.048821,2.266714,1.199986,4.83606e-08,9.095484e-05,2.201668,2.22928,1.199955,5.346459e-08,3.275587e-05,9.429994e-07,2.063238e-12,9.429961e-07,3.396188e-07,2.20135e-12,3.396147e-07
0.000155675,2.97,2.97,1.2,1.79946,2.048821,2.266714,1.199986,4.836558e-08,9.095483e-05,2.201668,2.229283,1.199957,5.303682e-08,3.275594e-05,9.429991e-07,2.034595e-12,9.42996e-07,3.396194e-07,2.20135e-12,3.396153e-07
0.000155825,2.97,2.97,1.2,1.79946,2.048821,2.266714,1.199986,4.835994e-08,9.095484e-05,2.201668,2.229285,1.199959,5.271001e-08,3.275599e-05,9.429994e-07,2.063238e-12,9.429961e-07,3.396199e-07,2.20135e-12,3.396158e-07
0.000155975,2.97,2.97,1.2,1.79946,2.048821,2.266714,1.199986,4.836227e-08,9.095483e-05,2.201668,2.229288,1.199961,5.234371e-08,3.275604e-05,9.429991e-07,2.034595e-12,9.42996e-07,3.396203e-07,2.200906e-12,3.396163e-07
0.000156125,2.97,2.97,1.2,1.799461,2.048821,2.266714,1.199986,4.836524e-08,9.095484e-05,2.201668,2.22929,1.199963,5.205639e-08,3.275609e-05,9.429994e-07,2.063238e-12,9.429961e-07,3.396207e-07,2.201128e-12,3.396168e-07
0.000156275,2.97,2.97,1.2,1.799461,2.048821,2.266714,1.199986,4.836401e-08,9.095483e-05,2.201668,2.229292,1.199964,5.175688e-08,3.275613e-05,9.429991e-07,2.034595e-12,9.42996e-07,3.396211e-07,2.200906e-12,3.396172e-07
0.000156425,2.97,2.97,1.2,1.799461,2.048821,2.266714,1.199986,4.836323e-08,9.095484e-05,2.201668,2.229294,1.199966,5.148174e-08,3.275617e-05,9.429994e-07,2.063238e-12,9.42996e-07,3.396214e-07,2.20135e-12,3.396176e-07
0.000156575,2.97,2.97,1.2,1.799462,2.048821,2.266714,1.199986,4.836546e-08,9.095483e-05,2.201668,2.229296,1.199967,5.129262e-08,3.275621e-05,9.429991e-07,2.034817e-12,9.42996e-07,3.396218e-07,2.20135e-12,3.396179e-07
0.000156725,2.97,2.97,1.2,1.799462,2.048821,2.266714,1.199986,4.836615e-08,9.095484e-05,2.201668,2.229297,1.199968,5.10037e-08,3.275625e-05,9.429994e-07,2.063461e-12,9.429961e-07,3.39622e-07,2.201572e-12,3.396183e-07
0.000156875,2.97,2.97,1.2,1.799462,2.048821,2.266714,1.199986,4.836388e-08,9.095483e-05,2.201668,2.229299,1.19997,5.07937e-08,3.275628e-05,9.429991e-07,2.034817e-12,9.42996e-07,3.396223e-07,2.201128e-12,3.396186e-07
0.000157025,2.97,2.97,1.2,1.799463,2.048821,2.266714,1.199986,4.836211e-08,9.095484e-05,2.201668,2.2293,1.199971,5.064233e-08,3.275631e-05,9.429994e-07,2.063238e-12,9.429961e-07,3.396226e-07,2.20135e-12,3.396189e-07
0.000157175,2.97,2.97,1.2,1.799463,2.048821,2.266714,1.199986,4.836226e-08,9.095483e-05,2.201668,2.229301,1.199972,5.04506e-08,3.275633e-05,9.429991e-07,2.034595e-12,9.42996e-07,3.396228e-07,2.20135e-12,3.396191e-07
0.000157325,2.97,2.97,1.2,1.799463,2.048821,2.266714,1.199986,4.836199e-08,9.095484e-05,2.201667,2.229303,1.199973,5.029452e-08,3.275636e-05,9.429994e-07,2.063238e-12,9.429961e-07,3.39623e-07,2.201128e-12,3.396193e-07
0.000157475,2.97,2.97,1.2,1.799463,2.048821,2.266714,1.199986,4.83643e-08,9.095483e-05,2.201667,2.229304,1.199973,5.015558e-08,3.275638e-05,9.429991e-07,2.034595e-12,9.42996e-07,3.396232e-07,2.200906e-12,3.396195e-07
0.000157625,2.97,2.97,1.2,1.799464,2.048821,2.266714,1.199986,4.8359e-08,9.095484e-05,2.201667,2.229305,1.199974,5.002032e-08,3.27564e-05,9.429994e-07,2.063238e-12,9.429961e-07,3.396234e-07,2.201794e-12,3.396198e-07
0.000157775,2.97,2.97,1.2,1.799464,2.048821,2.266714,1.199986,4.836079e-08,9.095483e-05,2.201667,2.229306,1.199975,4.990041e-08,3.275642e-05,9.429991e-07,2.034595e-12,9.42996e-07,3.396236e-07,2.201128e-12,3.396199e-07
0.000157925,2.97,2.97,1.2,1.799464,2.048821,2.266714,1.199986,4.836138e-08,9.095484e-05,2.201667,2.229306,1.199976,4.975183e-08,3.275644e-05,9.429994e-07,2.063238e-12,9.42996e-07,3.396237e-07,2.20135e-12,3.396201e-07
0.000158075,2.97,2.97,1.2,1.799464,2.048821,2.266714,1.199986,4.836459e-08,9.095483e-05,2.201667,2.229307,1.199976,4.965523e-08,3.275646e-05,9.429991e-07,2.034817e-12,9.42996e-07,3.396239e-07,2.20135e-12,3.396203e-07
0.000158225,2.97,2.97,1.2,1.799465,2.048821,2.266714,1.199986,4.836594e-08,9.095484e-05,2.201667,2.229308,1.199977,4.95585e-08,3.275647e-05,9.429994e-07,2.063238e-12,9.429961e-07,3.39624e-07,2.201794e-12,3.396204e-07
0.000158375,2.97,2.97,1.2,1.799465,2.048821,2.266714,1.199986,4.836444e-08,9.095483e-05,2.201667,2.229309,1.199977,4.944924e-08,3.275649e-05,9.429991e-07,2.034595e-12,9.42996e-07,3.396241e-07,2.20135e-12,3.396205e-07
0.000158525,2.97,2.97,1.2,1.799465,2.048821,2.266714,1.199986,4.836404e-08,9.095484e-05,2.201667,2.229309,1.199978,4.93508e-08,3.27565e-05,9.429994e-07,2.063238e-12,9.429961e-07,3.396242e-07,2.201794e-12,3.396207e-07
0.000158675,2.97,2.97,1.2,1.799465,2.048821,2.266714,1.199986,4.836629e-08,9.095483e-05,2.201667,2.22931,1.199978,4.92624e-08,3.275651e-05,9.429991e-07,2.034817e-12,9.42996e-07,3.396243e-07,2.201128e-12,3.396208e-07
0.000158825,2.97,2.97,1.2,1.799465,2.048821,2.266714,1.199986,4.836202e-08,9.095484e-05,2.201667,2.22931,1.199979,4.921909e-08,3.275652e-05,9.429994e-07,2.062794e-12,9.429961e-07,3.396244e-07,2.200906e-12,3.396209e-07
0.000158975,2.97,2.97,1.2,1.799466,2.048821,2.266714,1.199986,4.836526e-08,9.095483e-05,2.201667,2.229311,1.199979,4.915892e-08,3.275653e-05,9.429991e-07,2.034595e-12,9.42996e-07,3.396245e-07,2.201572e-12,3.39621e-07
0.000159125,2.97,2.97,1.2,1.799466,2.048821,2.266714,1.199986,4.836843e-08,9.095484e-05,2.201667,2.229311,1.199979,4.909383e-08,3.275654e-05,9.429994e-07,2.062794e-12,9.42996e-07,3.396246e-07,2.201572e-12,3.396211e-07
0.000159275,2.97,2.97,1.2,1.799466,2.048821,2.266714,1.199986,4.83622e-08,9.095483e-05,2.201667,2.229312,1.19998,4.906621e-08,3.275655e-05,9.429991e-07,2.034817e-12,9.42996e-07,3.396247e-07,2.20135e-12,3.396212e-07
0.000159425,2.97,2.97,1.2,1.799466,2.048821,2.266714,1.199986,4.836177e-08,9.095484e-05,2.201667,2.229312,1.19998,4.898336e-08,3.275656e-05,9.429994e-07,2.062794e-12,9.429961e-07,3.396247e-07,2.201794e-12,3.396213e-07
0.000159575,2.97,2.97,1.2,1.799466,2.048821,2.266714,1.199986,4.836429e-08,9.095483e-05,2.201667,2.229312,1.19998,4.893864e-08,3.275657e-05,9.429991e-07,2.034595e-12,9.42996e-07,3.396248e-07,2.20135e-12,3.396213e-07
0.000159725,2.97,2.97,1.2,1.799466,2.048821,2.266714,1.199986,4.836031e-08,9.095484e-05,2.201667,2.229313,1.19998,4.886756e-08,3.275657e-05,9.429994e-07,2.062794e-12,9.429961e-07,3.396249e-07,2.20135e-12,3.396214e-07
0.000159875,2.97,2.97,1.2,1.799467,2.048821,2.266714,1.199986,4.836834e-08,9.095483e-05,2.201667,2.229313,1.199981,4.882674e-08,3.275658e-05,9.429991e-07,2.034595e-12,9.42996e-07,3.396249e-07,2.201572e-12,3.396214e-07
0.000160025,2.97,2.97,1.2,1.799467,2.048821,2.266714,1.199986,4.836261e-08,9.095484e-05,2.201667,2.229313,1.199981,4.880141e-08,3.275659e-05,9.429994e-07,2.062794e-12,9.42996e-07,3.39625e-07,2.202016e-12,3.396215e-07
0.000160175,2.97,2.97,1.2,1.799467,2.048821,2.266714,1.199986,4.836685e-08,9.095483e-05,2.201667,2.229313,1.199981,4.87486e-08,3.275659e-05,9.429991e-07,2.034817e-12,9.42996e-07,3.39625e-07,2.201572e-12,3.396215e-07
0.000160325,2.97,2.97,1.2,1.799467,2.048821,2.266714,1.199986,4.836382e-08,9.095484e-05,2.201667,2.229314,1.199981,4.874067e-08,3.27566e-05,9.429994e-07,2.063016e-12,9.429961e-07,3.39625e-07,2.201572e-12,3.396216e-07
0.000160475,2.97,2.97,1.2,1.799467,2.048821,2.266714,1.199986,4.8362e-08,9.095483e-05,2.201667,2.229314,1.199981,4.87102e-08,3.27566e-05,9.429991e-07,2.034595e-12,9.42996e-07,3.396251e-07,2.201572e-12,3.396216e-07
0.000160625,2.97,2.97,1.2,1.799467,2.048821,2.266714,1.199986,4.836012e-08,9.095484e-05,2.201667,2.229314,1.199982,4.866905e-08,3.27566e-05,9.429994e-07,2.062794e-12,9.429961e-07,3.396251e-07,2.20135e-12,3.396217e-07
0.000160775,2.97,2.97,1.2,1.799467,2.048821,2.266714,1.199986,4.836634e-08,9.095483e-05,2.201667,2.229314,1.199982,4.866232e-08,3.275661e-05,9.429991e-07,2.034817e-12,9.42996e-07,3.396252e-07,2.20135e-12,3.396217e-07
0.000160925,2.97,2.97,1.2,1.799468,2.048821,2.266714,1.199986,4.836553e-08,9.095484e-05,2.201667,2.229314,1.199982,4.864352e-08,3.275661e-05,9.429994e-07,2.062794e-12,9.429961e-07,3.396252e-07,2.20135e-12,3.396218e-07
0.000161075,2.97,2.97,1.2,1.799468,2.048821,2.266714,1.199986,4.836549e-08,9.095483e-05,2.201667,2.229314,1.199982,4.863313e-08,3.275661e-05,9.429991e-07,2.034595e-12,9.42996e-07,3.396252e-07,2.20135e-12,3.396218e-07
0.000161225,2.97,2.97,1.2,1.799468,2.048821,2.266714,1.199986,4.83659e-08,9.095484e-05,2.201667,2.229315,1.199982,4.85882e-08,3.275662e-05,9.429994e-07,2.062794e-12,9.42996e-07,3.396252e-07,2.20135e-12,3.396218e-07
0.000161375,2.97,2.97,1.2,1.799468,2.048821,2.266714,1.199986,4.83666e-08,9.095483e-05,2.201667,2.229315,1.199982,4.856054e-08,3.275662e-05,9.429991e-07,2.034817e-12,9.42996e-07,3.396253e-07,2.20135e-12,3.396218e-07
0.000161525,2.97,2.97,1.2,1.799468,2.048821,2.266714,1.199986,4.836682e-08,9.095484e-05,2.201667,2.229315,1.199982,4.857776e-08,3.275662e-05,9.429994e-07,2.062794e-12,9.429961e-07,3.396253e-07,2.20135e-12,3.396219e-07
0.000161675,2.97,2.97,1.2,1.799468,2.048821,2.266714,1.199986,4.836272e-08,9.095483e-05,2.201667,2.229315,1.199982,4.856203e-08,3.275663e-05,9.429991e-07,2.034595e-12,9.42996e-07,3.396253e-07,2.201128e-12,3.396219e-07
0.000161825,2.97,2.97,1.2,1.799468,2.048821,2.266714,1.199986,4.836373e-08,9.095484e-05,2.201667,2.229315,1.199982,4.855846e-08,3.275663e-05,9.429994e-07,2.062794e-12,9.429961e-07,3.396253e-07,2.201128e-12,3.396219e-07
0.000161975,2.97,2.97,1.2,1.799468,2.048821,2.266714,1.199986,4.836203e-08,9.095483e-05,2.201667,2.229315,1.199982,4.853187e-08,3.275663e-05,9.429991e-07,2.034595e-12,9.42996e-07,3.396253e-07,2.200906e-12,3.396219e-07
0.000162125,2.97,2.97,1.2,1.799468,2.048821,2.266714,1.199986,4.836423e-08,9.095484e-05,2.201667,2.229315,1.199983,4.852709e-08,3.275663e-05,9.429994e-07,2.063016e-12,9.42996e-07,3.396254e-07,2.201794e-12,3.39622e-07
0.000162275,2.97,2.97,1.2,1.799468,2.048821,2.266714,1.199986,4.836782e-08,9.095483e-05,2.201667,2.229315,1.199983,4.845929e-08,3.275663e-05,9.429991e-07,2.034595e-12,9.42996e-07,3.396254e-07,2.201794e-12,3.396219e-07
0.000162425,2.97,2.97,1.2,1.799468,2.048821,2.266714,1.199986,4.836741e-08,9.095484e-05,2.201667,2.229315,1.199983,4.851014e-08,3.275663e-05,9.429994e-07,2.063016e-12,9.429961e-07,3.396254e-07,2.201572e-12,3.39622e-07
0.000162575,2.97,2.97,1.2,1.799469,2.048821,2.266714,1.199986,4.836388e-08,9.095483e-05,2.201667,2.229315,1.199983,4.848727e-08,3.275664e-05,9.429991e-07,2.034817e-12,9.42996e-07,3.396254e-07,2.20135e-12,3.39622e-07
0.000162725,2.97,2.97,1.2,1.799469,2.048821,2.266714,1.199986,4.836462e-08,9.095484e-05,2.201667,2.229316,1.199983,4.847778e-08,3.275664e-05,9.429994e-07,2.062794e-12,9.429961e-07,3.396254e-07,2.201794e-12,3.39622e-07
0.000162875,2.97,2.97,1.2,1.799469,2.048821,2.266714,1.199986,4.836265e-08,9.095483e-05,2.201667,2.229316,1.199983,4.845932e-08,3.275664e-05,9.429991e-07,2.034817e-12,9.42996e-07,3.396254e-07,2.201572e-12,3.39622e-07
0.000163025,2.97,2.97,1.2,1.799469,2.048821,2.266714,1.199986,4.836268e-08,9.095484e-05,2.201667,2.229316,1.199983,4.842495e-08,3.275664e-05,9.429994e-07,2.062794e-12,9.429961e-07,3.396254e-07,2.201794e-12,3.39622e-07
0.000163175,2.97,2.97,1.2,1.799469,2.048821,2.266714,1.199986,4.836216e-08,9.095483e-05,2.201667,2.229316,1.199983,4.845764e-08,3.275664e-05,9.429991e-07,2.034595e-12,9.42996e-07,3.396254e-07,2.20135e-12,3.39622e-07
0.000163325,2.97,2.97,1.2,1.799469,2.048821,2.266714,1.199986,4.836468e-08,9.095484e-05,2.201667,2.229316,1.199983,4.842817e-08,3.275664e-05,9.429994e-07,2.063016e-12,9.429961e-07,3.396254e-07,2.20135e-12,3.39622e-07
0.000163475,2.97,2.97,1.2,1.799469,2.048821,2.266714,1.199986,4.83635e-08,9.095483e-05,2.201667,2.229316,1.199983,4.844922e-08,3.275664e-05,9.429991e-07,2.034595e-12,9.42996e-07,3.396255e-07,2.20135e-12,3.39622e-07
0.000163625,2.97,2.97,1.2,1.799469,2.048821,2.266714,1.199986,4.83654e-08,9.095484e-05,2.201667,2.229316,1.199983,4.84021e-08,3.275664e-05,9.429994e-07,2.063016e-12,9.429961e-07,3.396255e-07,2.201794e-12,3.396221e-07
0.000163775,2.97,2.97,1.2,1.799469,2.048821,2.266714,1.199986,4.83679e-08,9.095483e-05,2.201667,2.229316,1.199983,4.838388e-08,3.275664e-05,9.429991e-07,2.034595e-12,9.42996e-07,3.396255e-07,2.20135e-12,3.39622e-07
0.000163925,2.97,2.97,1.2,1.799469,2.048821,2.266714,1.199986,4.836541e-08,9.095484e-05,2.201667,2.229316,1.199983,4.843172e-08,3.275664e-05,9.429994e-07,2.062794e-12,9.429961e-07,3.396255e-07,2.201794e-12,3.396221e-07
0.000164075,2.97,2.97,1.2,1.799469,2.048821,2.266714,1.199986,4.83659e-08,9.095483e-05,2.201667,2.229316,1.199983,4.843788e-08,3.275665e-05,9.429991e-07,2.034817e-12,9.42996e-07,3.396255e-07,2.200906e-12,3.396221e-07
0.000164225,2.97,2.97,1.2,1.799469,2.048821,2.266714,1.199986,4.836347e-08,9.095484e-05,2.201667,2.229316,1.199983,4.837915e-08,3.275665e-05,9.429994e-07,2.063016e-12,9.429961e-07,3.396255e-07,2.20135e-12,3.396221e-07
0.000164375,2.97,2.97,1.2,1.799469,2.048821,2.266714,1.199986,4.836031e-08,9.095483e-05,2.201667,2.229316,1.199983,4.841969e-08,3.275665e-05,9.429991e-07,2.034595e-12,9.42996e-07,3.396255e-07,2.201128e-12,3.396221e-07
0.000164525,2.97,2.97,1.2,1.799469,2.048821,2.266714,1.199986,4.836362e-08,9.095484e-05,2.201667,2.229316,1.199983,4.841926e-08,3.275665e-05,9.429994e-07,2.063016e-12,9.429961e-07,3.396255e-07,2.20135e-12,3.396221e-07
0.000164675,2.97,2.97,1.2,1.799469,2.048821,2.266714,1.199986,4.836547e-08,9.095483e-05,2.201667,2.229316,1.199983,4.83775e-08,3.275665e-05,9.429991e-07,2.034595e-12,9.42996e-07,3.396255e-07,2.20135e-12,3.396221e-07
0.000164825,2.97,2.97,1.2,1.79947,2.048821,2.266714,1.199986,4.8362e-08,9.095484e-05,2.201667,2.229316,1.199983,4.838757e-08,3.275665e-05,9.429994e-07,2.063016e-12,9.429961e-07,3.396255e-07,2.20135e-12,3.396221e-07
0.000164975,2.97,2.97,1.2,1.79947,2.048821,2.266714,1.199986,4.836231e-08,9.095483e-05,2.201667,2.229316,1.199983,4.840485e-08,3.275665e-05,9.429991e-07,2.035039e-12,9.42996e-07,3.396255e-07,2.20135e-12,3.396221e-07
0.000165125,2.97,2.97,1.2,1.79947,2.048821,2.266714,1.199986,4.836198e-08,9.095484e-05,2.201667,2.229316,1.199983,4.840535e-08,3.275665e-05,9.429994e-07,2.063016e-12,9.429961e-07,3.396255e-07,2.201572e-12,3.396221e-07
0.000165275,2.97,2.97,1.2,1.79947,2.048821,2.266714,1.199986,4.836387e-08,9.095483e-05,2.201667,2.229316,1.199983,4.840549e-08,3.275665e-05,9.429991e-07,2.034817e-12,9.42996e-07,3.396255e-07,2.20135e-12,3.396221e-07
0.000165425,2.97,2.97,1.2,1.79947,2.048821,2.266714,1.199986,4.836332e-08,9.095484e-05,2.201667,2.229316,1.199983,4.840577e-08,3.275665e-05,9.429994e-07,2.063016e-12,9.429961e-07,3.396255e-07,2.20135e-12,3.396221e-07
0.000165575,2.97,2.97,1.2,1.79947,2.048821,2.266714,1.199986,4.836463e-08,9.095483e-05,2.201667,2.229316,1.199983,4.832561e-08,3.275665e-05,9.429991e-07,2.035039e-12,9.42996e-07,3.396255e-07,2.201572e-12,3.396221e-07
0.000165725,2.97,2.97,1.2,1.79947,2.048821,2.266714,1.199986,4.836478e-08,9.095484e-05,2.201667,2.229316,1.199983,4.832912e-08,3.275665e-05,9.429994e-07,2.063016e-12,9.429961e-07,3.396255e-07,2.20135e-12,3.396221e-07
0.000165875,2.97,2.97,1.2,1.79947,2.048821,2.266714,1.199986,4.836315e-08,9.095483e-05,2.201667,2.229316,1.199983,4.838098e-08,3.275665e-05,9.429991e-07,2.035039e-12,9.42996e-07,3.396255e-07,2.201128e-12,3.396221e-07
0.000166025,2.97,2.97,1.2,1.79947,2.048821,2.266714,1.199986,4.836621e-08,9.095484e-05,2.201667,2.229316,1.199983,4.839903e-08,3.275665e-05,9.429994e-07,2.063016e-12,9.429961e-07,3.396255e-07,2.20135e-12,3.396221e-07
0.000166175,2.97,2.97,1.2,1.79947,2.048821,2.266714,1.199986,4.836647e-08,9.095483e-05,2.201667,2.229316,1.199983,4.838171e-08,3.275665e-05,9.429991e-07,2.035039e-12,9.42996e-07,3.396255e-07,2.201572e-12,3.396221e-07
0.000166325,2.97,2.97,1.2,1.79947,2.048821,2.266714,1.199986,4.836478e-08,9.095484e-05,2.201667,2.229316,1.199983,4.837214e-08,3.275665e-05,9.429994e-07,2.063016e-12,9.42996e-07,3.396255e-07,2.20135e-12,3.396221e-07
0.000166475,2.97,2.97,1.2,1.79947,2.048821,2.266714,1.199986,4.836156e-08,9.095483e-05,2.201667,2.229316,1.199983,4.839685e-08,3.275665e-05,9.429991e-07,2.035039e-12,9.42996e-07,3.396255e-07,2.201572e-12,3.396221e-07
0.000166625,2.97,2.97,1.2,1.79947,2.048821,2.266714,1.199986,4.836291e-08,9.095484e-05,2.201667,2.229316,1.199983,4.838515e-08,3.275665e-05,9.429994e-07,2.062794e-12,9.429961e-07,3.396255e-07,2.201572e-12,3.396221e-07
0.000166775,2.97,2.97,1.2,1.79947,2.048821,2.266714,1.199986,4.836673e-08,9.095483e-05,2.201667,2.229316,1.199983,4.840006e-08,3.275665e-05,9.429991e-07,2.035039e-12,9.42996e-07,3.396255e-07,2.20135e-12,3.396221e-07
0.000166925,2.97,2.97,1.2,1.79947,2.048821,2.266714,1.199986,4.836635e-08,9.095484e-05,2.201667,2.229316,1.199983,4.835507e-08,3.275665e-05,9.429994e-07,2.063016e-12,9.429961e-07,3.396255e-07,2.20135e-12,3.396221e-07
0.000167075,2.97,2.97,1.2,1.79947,2.048821,2.266714,1.199986,4.836527e-08,9.095483e-05,2.201667,2.229316,1.199983,4.838557e-08,3.275665e-05,9.429991e-07,2.035039e-12,9.42996e-07,3.396255e-07,2.20135e-12,3.396221e-07
0.000167225,2.97,2.97,1.2,1.79947,2.048821,2.266714,1.199986,4.836666e-08,9.095484e-05,2.201667,2.229316,1.199983,4.836084e-08,3.275665e-05,9.429994e-07,2.062794e-12,9.42996e-07,3.396255e-07,2.201572e-12,3.396221e-07
0.000167375,2.97,2.97,1.2,1.79947,2.048821,2.266714,1.199986,4.836464e-08,9.095483e-05,2.201667,2.229316,1.199983,4.836166e-08,3.275665e-05,9.429991e-07,2.035039e-12,9.42996e-07,3.396255e-07,2.201128e-12,3.396221e-07
0.000167525,2.97,2.97,1.2,1.79947,2.048821,2.266714,1.199986,4.836504e-08,9.095484e-05,2.201667,2.229316,1.199983,4.838474e-08,3.275665e-05,9.429994e-07,2.062794e-12,9.429961e-07,3.396255e-07,2.201572e-12,3.396221e-07
0.000167675,2.97,2.97,1.2,1.79947,2.048821,2.266714,1.199986,4.836563e-08,9.095483e-05,2.201667,2.229316,1.199983,4.836674e-08,3.275665e-05,9.429991e-07,2.035039e-12,9.42996e-07,3.396255e-07,2.20135e-12,3.396221e-07
0.000167825,2.97,2.97,1.2,1.79947,2.048821,2.266714,1.199986,4.836214e-08,9.095484e-05,2.201667,2.229316,1.199983,4.83804e-08,3.275665e-05,9.429994e-07,2.063016e-12,9.429961e-07,3.396255e-07,2.20135e-12,3.396221e-07
0.000167975,2.97,2.97,1.2,1.79947,2.048821,2.266714,1.199986,4.836858e-08,9.095483e-05,2.201667,2.229316,1.199983,4.829848e-08,3.275665e-05,9.429991e-07,2.035039e-12,9.42996e-07,3.396255e-07,2.201572e-12,3.396221e-07
0.000168125,2.97,2.97,1.2,1.79947,2.048821,2.266714,1.199986,4.836606e-08,9.095484e-05,2.201667,2.229316,1.199983,4.833588e-08,3.275665e-05,9.429994e-07,2.062794e-12,9.429961e-07,3.396255e-07,2.20135e-12,3.396221e-07
0.000168275,2.97,2.97,1.2,1.79947,2.048821,2.266714,1.199986,4.836222e-08,9.095483e-05,2.201667,2.229316,1.199983,4.836131e-08,3.275665e-05,9.429991e-07,2.035039e-12,9.42996e-07,3.396255e-07,2.20135e-12,3.396221e-07
0.000168425,2.97,2.97,1.2,1.79947,2.048821,2.266714,1.199986,4.836559e-08,9.095484e-05,2.201667,2.229316,1.199983,4.840827e-08,3.275665e-05,9.429994e-07,2.062794e-12,9.429961e-07,3.396256e-07,2.20135e-12,3.396222e-07
0.000168575,2.97,2.97,1.2,1.79947,2.048821,2.266714,1.199986,4.836604e-08,9.095483e-05,2.201667,2.229316,1.199983,4.837792e-08,3.275665e-05,9.429991e-07,2.035039e-12,9.42996e-07,3.396255e-07,2.201128e-12,3.396221e-07
0.000168725,2.97,2.97,1.2,1.79947,2.048821,2.266714,1.199986,4.836168e-08,9.095484e-05,2.201667,2.229316,1.199983,4.833807e-08,3.275665e-05,9.429994e-07,2.062794e-12,9.42996e-07,3.396255e-07,2.20135e-12,3.396221e-07
0.000168875,2.97,2.97,1.2,1.79947,2.048821,2.266714,1.199986,4.837036e-08,9.095483e-05,2.201667,2.229316,1.199983,4.838442e-08,3.275665e-05,9.429991e-07,2.035039e-12,9.42996e-07,3.396255e-07,2.201572e-12,3.396221e-07
0.000169025,2.97,2.97,1.2,1.79947,2.048821,2.266714,1.199986,4.836566e-08,9.095484e-05,2.201667,2.229316,1.199983,4.838451e-08,3.275665e-05,9.429994e-07,2.062794e-12,9.429961e-07,3.396255e-07,2.20135e-12,3.396221e-07
0.000169175,2.97,2.97,1.2,1.79947,2.048821,2.266714,1.199986,4.836538e-08,9.095483e-05,2.201667,2.229316,1.199983,4.834936e-08,3.275665e-05,9.429991e-07,2.035039e-12,9.42996e-07,3.396255e-07,2.200906e-12,3.396221e-07
0.000169325,2.97,2.97,1.2,1.79947,2.048821,2.266714,1.199986,4.836365e-08,9.095484e-05,2.201667,2.229316,1.199983,4.834904e-08,3.275665e-05,9.429994e-07,2.063016e-12,9.429961e-07,3.396255e-07,2.20135e-12,3.396221e-07
0.000169475,2.97,2.97,1.2,1.79947,2.048821,2.266714,1.199986,4.836975e-08,9.095483e-05,2.201667,2.229316,1.199983,4.836281e-08,3.275665e-05,9.429991e-07,2.035039e-12,9.42996e-07,3.396255e-07,2.201128e-12,3.396221e-07
0.000169625,2.97,2.97,1.2,1.79947,2.048821,2.266714,1.199986,4.836483e-08,9.095484e-05,2.201667,2.229316,1.199983,4.840846e-08,3.275665e-05,9.429994e-07,2.062794e-12,9.42996e-07,3.396256e-07,2.20135e-12,3.396222e-07
0.000169775,2.97,2.97,1.2,1.79947,2.048821,2.266714,1.199986,4.836252e-08,9.095483e-05,2.201667,2.229316,1.199983,4.836304e-08,3.275665e-05,9.429991e-07,2.035039e-12,9.42996e-07,3.396255e-07,2.201128e-12,3.396221e-07
0.000169925,2.97,2.97,1.2,1.79947,2.048821,2.266714,1.199986,4.836568e-08,9.095484e-05,2.201667,2.229316,1.199983,4.836715e-08,3.275665e-05,9.429994e-07,2.062794e-12,9.429961e-07,3.396255e-07,2.201572e-12,3.396221e-07
0.000170075,2.97,2.97,1.2,1.79947,2.048821,2.266714,1.199986,4.83603e-08,9.095483e-05,2.201667,2.229316,1.199983,4.837416e-08,3.275665e-05,9.429991e-07,2.035039e-12,9.42996e-07,3.396255e-07,2.20135e-12,3.396221e-07
0.000170225,2.97,2.97,1.2,1.79947,2.048821,2.266714,1.199986,4.836668e-08,9.095484e-05,2.201667,2.229316,1.199983,4.835955e-08,3.275665e-05,9.429994e-07,2.063016e-12,9.42996e-07,3.396255e-07,2.201572e-12,3.396221e-07
0.000170375,2.97,2.97,1.2,1.79947,2.048821,2.266714,1.199986,4.836287e-08,9.095483e-05,2.201667,2.229316,1.199983,4.838002e-08,3.275665e-05,9.429991e-07,2.035039e-12,9.42996e-07,3.396255e-07,2.20135e-12,3.396221e-07
0.000170525,2.97,2.97,1.2,1.799471,2.048821,2.266714,1.199986,4.836586e-08,9.095484e-05,2.201667,2.229316,1.199983,4.837781e-08,3.275665e-05,9.429994e-07,2.063016e-12,9.429961e-07,3.396255e-07,2.20135e-12,3.396222e-07
0.000170675,2.97,2.97,1.2,1.799471,2.048821,2.266714,1.199986,4.836545e-08,9.095483e-05,2.201667,2.229316,1.199983,4.837142e-08,3.275665e-05,9.429991e-07,2.035039e-12,9.42996e-07,3.396255e-07,2.201128e-12,3.396221e-07
0.000170825,2.97,2.97,1.2,1.799471,2.048821,2.266714,1.199986,4.83646e-08,9.095484e-05,2.201667,2.229316,1.199983,4.837539e-08,3.275665e-05,9.429994e-07,2.062794e-12,9.429961e-07,3.396256e-07,2.20135e-12,3.396222e-07
0.000170975,2.97,2.97,1.2,1.799471,2.048821,2.266714,1.199986,4.836437e-08,9.095483e-05,2.201667,2.229316,1.199983,4.836889e-08,3.275665e-05,9.429991e-07,2.035039e-12,9.42996e-07,3.396255e-07,2.200906e-12,3.396221e-07
0.000171125,2.97,2.97,1.2,1.799471,2.048821,2.266714,1.199986,4.836757e-08,9.095484e-05,2.201667,2.229316,1.199983,4.835224e-08,3.275665e-05,9.429994e-07,2.063016e-12,9.42996e-07,3.396255e-07,2.20135e-12,3.396222e-07
0.000171275,2.97,2.97,1.2,1.799471,2.048821,2.266714,1.199986,4.836304e-08,9.095483e-05,2.201667,2.229316,1.199983,4.836622e-08,3.275665e-05,9.429991e-07,2.035039e-12,9.42996e-07,3.396255e-07,2.20135e-12,3.396221e-07
0.000171425,2.97,2.97,1.2,1.799471,2.048821,2.266714,1.199986,4.836101e-08,9.095484e-05,2.201667,2.229316,1.199983,4.83565e-08,3.275665e-05,9.429994e-07,2.062794e-12,9.429961e-07,3.396255e-07,2.20135e-12,3.396222e-07
0.000171575,2.97,2.97,1.2,1.799471,2.048821,2.266714,1.199986,4.836452e-08,9.095483e-05,2.201667,2.229316,1.199983,4.83727e-08,3.275665e-05,9.429991e-07,2.035039e-12,9.42996e-07,3.396256e-07,2.20135e-12,3.396221e-07
0.000171725,2.97,2.97,1.2,1.799471,2.048821,2.266714,1.199986,4.836276e-08,9.095484e-05,2.201667,2.229316,1.199983,4.835768e-08,3.275665e-05,9.429994e-07,2.063016e-12,9.429961e-07,3.396255e-07,2.201572e-12,3.396222e-07
0.000171875,2.97,2.97,1.2,1.799471,2.048821,2.266714,1.199986,4.836765e-08,9.095483e-05,2.201667,2.229316,1.199983,4.835298e-08,3.275665e-05,9.429991e-07,2.035039e-12,9.42996e-07,3.396255e-07,2.20135e-12,3.396221e-07
0.000172025,2.97,2.97,1.2,1.799471,2.048821,2.266714,1.199986,4.836301e-08,9.095484e-05,2.201667,2.229316,1.199983,4.836892e-08,3.275665e-05,9.429994e-07,2.062794e-12,9.429961e-07,3.396256e-07,2.20135e-12,3.396222e-07
0.000172175,2.97,2.97,1.2,1.799471,2.048821,2.266714,1.199986,4.835832e-08,9.095483e-05,2.201667,2.229316,1.199983,4.835054e-08,3.275665e-05,9.429991e-07,2.035039e-12,9.42996e-07,3.396255e-07,2.20135e-12,3.396221e-07
0.000172325,2.97,2.97,1.2,1.799471,2.048821,2.266714,1.199986,4.83668e-08,9.095484e-05,2.201667,2.229316,1.199983,4.836895e-08,3.275665e-05,9.429994e-07,2.06235e-12,9.42996e-07,3.396255e-07,2.20135e-12,3.396222e-07
0.000172475,2.97,2.97,1.2,1.799471,2.048821,2.266714,1.199986,4.836485e-08,9.095483e-05,2.201667,2.229316,1.199983,4.837179e-08,3.275665e-05,9.429991e-07,2.035039e-12,9.42996e-07,3.396255e-07,2.20135e-12,3.396221e-07
0.000172625,2.97,2.97,1.2,1.799471,2.048821,2.266714,1.199986,4.836874e-08,9.095484e-05,2.201667,2.229316,1.199983,4.837005e-08,3.275665e-05,9.429994e-07,2.06235e-12,9.429961e-07,3.396255e-07,2.20135e-12,3.396222e-07
0.000172775,2.97,2.97,1.2,1.799471,2.048821,2.266714,1.199986,4.836532e-08,9.095483e-05,2.201667,2.229316,1.199983,4.837711e-08,3.275665e-05,9.429991e-07,2.035039e-12,9.42996e-07,3.396255e-07,2.20135e-12,3.396221e-07
0.000172925,2.97,2.97,1.2,1.799471,2.048821,2.266714,1.199986,4.836424e-08,9.095484e-05,2.201667,2.229316,1.199983,4.836641e-08,3.275665e-05,9.429994e-07,2.062572e-12,9.42996e-07,3.396255e-07,2.20135e-12,3.396222e-07
0.000173075,2.97,2.97,1.2,1.799471,2.048821,2.266714,1.199986,4.836473e-08,9.095483e-05,2.201667,2.229316,1.199983,4.836411e-08,3.275665e-05,9.429991e-07,2.035039e-12,9.42996e-07,3.396255e-07,2.20135e-12,3.396221e-07
0.000173225,2.97,2.97,1.2,1.799471,2.048821,2.266714,1.199986,4.83626e-08,9.095484e-05,2.201667,2.229316,1.199983,4.836404e-08,3.275665e-05,9.429994e-07,2.062572e-12,9.429961e-07,3.396255e-07,2.20135e-12,3.396222e-07
0.000173375,2.97,2.97,1.2,1.799471,2.048821,2.266714,1.199986,4.836506e-08,9.095483e-05,2.201667,2.229316,1.199983,4.8371e-08,3.275665e-05,9.429991e-07,2.035039e-12,9.42996e-07,3.396256e-07,2.20135e-12,3.396221e-07
0.000173525,2.97,2.97,1.2,1.799471,2.048821,2.266714,1.199986,4.836186e-08,9.095484e-05,2.201667,2.229316,1.199983,4.83672e-08,3.275665e-05,9.429994e-07,2.062572e-12,9.429961e-07,3.396255e-07,2.201572e-12,3.396222e-07
0.000173675,2.97,2.97,1.2,1.799471,2.048821,2.266714,1.199986,4.836045e-08,9.095483e-05,2.201667,2.229316,1.199983,4.836456e-08,3.275665e-05,9.429991e-07,2.035039e-12,9.42996e-07,3.396255e-07,2.20135e-12,3.396221e-07
0.000173825,2.97,2.97,1.2,1.799471,2.048821,2.266714,1.199986,4.836152e-08,9.095484e-05,2.201667,2.229316,1.199983,4.836028e-08,3.275665e-05,9.429994e-07,2.062572e-12,9.429961e-07,3.396255e-07,2.20135e-12,3.396222e-07
0.000173975,2.97,2.97,1.2,1.799471,2.048821,2.266714,1.199986,4.836587e-08,9.095483e-05,2.201667,2.229316,1.199983,4.83612e-08,3.275665e-05,9.429991e-07,2.035039e-12,9.42996e-07,3.396255e-07,2.20135e-12,3.396221e-07
0.000174125,2.97,2.97,1.2,1.799471,2.048821,2.266714,1.199986,4.836232e-08,9.095484e-05,2.201667,2.229316,1.199983,4.836341e-08,3.275665e-05,9.429994e-07,2.06235e-12,9.42996e-07,3.396255e-07,2.20135e-12,3.396222e-07
0.000174275,2.97,2.97,1.2,1.799471,2.048821,2.266714,1.199986,4.836542e-08,9.095483e-05,2.201667,2.229316,1.199983,4.836663e-08,3.275665e-05,9.429991e-07,2.035039e-12,9.42996e-07,3.396255e-07,2.20135e-12,3.396221e-07
0.000174425,2.97,2.97,1.2,1.799471,2.048821,2.266714,1.199986,4.836357e-08,9.095484e-05,2.201667,2.229316,1.199983,4.836294e-08,3.275665e-05,9.429994e-07,2.062572e-12,9.42996e-07,3.396255e-07,2.20135e-12,3.396222e-07
0.000174575,2.97,2.97,1.2,1.799471,2.048821,2.266714,1.199986,4.836481e-08,9.095483e-05,2.201667,2.229316,1.199983,4.836434e-08,3.275665e-05,9.429991e-07,2.035039e-12,9.42996e-07,3.396255e-07,2.200906e-12,3.396221e-07
0.000174725,2.97,2.97,1.2,1.799471,2.048821,2.266714,1.199986,4.835974e-08,9.095484e-05,2.201667,2.229316,1.199983,4.836129e-08,3.275665e-05,9.429994e-07,2.062572e-12,9.42996e-07,3.396255e-07,2.20135e-12,3.396222e-07
0.000174875,2.97,2.97,1.2,1.799471,2.048821,2.266714,1.199986,4.836689e-08,9.095483e-05,2.201667,2.229316,1.199983,4.837206e-08,3.275665e-05,9.429991e-07,2.035039e-12,9.42996e-07,3.396255e-07,2.20135e-12,3.396221e-07
0.000175025,2.97,2.97,1.2,1.799471,2.048821,2.266714,1.199986,4.836273e-08,9.095484e-05,2.201667,2.229316,1.199983,4.836106e-08,3.275665e-05,9.429994e-07,2.062572e-12,9.42996e-07,3.396255e-07,2.201572e-12,3.396222e-07
0.000175175,2.97,2.97,1.2,1.799471,2.048821,2.266714,1.199986,4.836313e-08,9.095483e-05,2.201667,2.229316,1.199983,4.837392e-08,3.275665e-05,9.429991e-07,2.035039e-12,9.42996e-07,3.396255e-07,2.20135e-12,3.396221e-07
0.000175325,2.97,2.97,1.2,1.799471,2.048821,2.266714,1.199986,4.836691e-08,9.095484e-05,2.201667,2.229316,1.199983,4.836332e-08,3.275665e-05,9.429994e-07,2.062572e-12,9.42996e-07,3.396255e-07,2.20135e-12,3.396222e-07
0.000175475,2.97,2.97,1.2,1.799471,2.048821,2.266714,1.199986,4.836044e-08,9.095483e-05,2.201667,2.229316,1.199983,4.836852e-08,3.275665e-05,9.429991e-07,2.035039e-12,9.42996e-07,3.396255e-07,2.20135e-12,3.396221e-07
0.000175625,2.97,2.97,1.2,1.799471,2.048821,2.266714,1.199986,4.836491e-08,9.095484e-05,2.201667,2.229316,1.199983,4.836965e-08,3.275665e-05,9.429994e-07,2.062572e-12,9.42996e-07,3.396255e-07,2.20135e-12,3.396222e-07
0.000175775,2.97,2.97,1.2,1.799471,2.048821,2.266714,1.199986,4.836158e-08,9.095483e-05,2.201667,2.229316,1.199983,4.835814e-08,3.275665e-05,9.429991e-07,2.035039e-12,9.42996e-07,3.396255e-07,2.201128e-12,3.396221e-07
0.000175925,2.97,2.97,1.2,1.799471,2.048821,2.266714,1.199986,4.836112e-08,9.095484e-05,2.201667,2.229316,1.199983,4.837094e-08,3.275665e-05,9.429994e-07,2.062572e-12,9.429961e-07,3.396256e-07,2.20135e-12,3.396222e-07
0.000176075,2.97,2.97,1.2,1.799471,2.048821,2.266714,1.199986,4.836121e-08,9.095483e-05,2.201667,2.229316,1.199983,4.836551e-08,3.275665e-05,9.429991e-07,2.035039e-12,9.42996e-07,3.396255e-07,2.20135e-12,3.396221e-07
0.000176225,2.97,2.97,1.2,1.799471,2.048821,2.266714,1.199986,4.836564e-08,9.095484e-05,2.201667,2.229316,1.199983,4.836762e-08,3.275665e-05,9.429994e-07,2.062572e-12,9.42996e-07,3.396255e-07,2.20135e-12,3.396222e-07
0.000176375,2.97,2.97,1.2,1.799471,2.048821,2.266714,1.199986,4.83652e-08,9.095483e-05,2.201667,2.229316,1.199983,4.836186e-08,3.275665e-05,9.429991e-07,2.035039e-12,9.42996e-07,3.396255e-07,2.20135e-12,3.396221e-07
0.000176525,2.97,2.97,1.2,1.799471,2.048821,2.266714,1.199986,4.836374e-08,9.095484e-05,2.201667,2.229316,1.199983,4.835879e-08,3.275665e-05,9.429994e-07,2.062572e-12,9.429961e-07,3.396255e-07,2.201572e-12,3.396222e-07
0.000176675,2.97,2.97,1.2,1.799471,2.048821,2.266714,1.199986,4.836455e-08,9.095483e-05,2.201667,2.229316,1.199983,4.835677e-08,3.275665e-05,9.429991e-07,2.035039e-12,9.42996e-07,3.396255e-07,2.201128e-12,3.396221e-07
0.000176825,2.97,2.97,1.2,1.799471,2.048821,2.266714,1.199986,4.836401e-08,9.095484e-05,2.201667,2.229316,1.199983,4.835624e-08,3.275665e-05,9.429994e-07,2.062572e-12,9.429961e-07,3.396255e-07,2.201572e-12,3.396222e-07
0.000176975,2.97,2.97,1.2,1.799471,2.048821,2.266714,1.199986,4.836526e-08,9.095483e-05,2.201667,2.229316,1.199983,4.836483e-08,3.275665e-05,9.429991e-07,2.035039e-12,9.42996e-07,3.396255e-07,2.20135e-12,3.396221e-07
0.000177125,2.97,2.97,1.2,1.799471,2.048821,2.266714,1.199986,4.836298e-08,9.095484e-05,2.201667,2.229316,1.199983,4.836447e-08,3.275665e-05,9.429994e-07,2.062572e-12,9.42996e-07,3.396255e-07,2.20135e-12,3.396222e-07
0.000177275,2.97,2.97,1.2,1.799471,2.048821,2.266714,1.199986,4.836572e-08,9.095483e-05,2.201667,2.229316,1.199983,4.836842e-08,3.275665e-05,9.429991e-07,2.035039e-12,9.42996e-07,3.396255e-07,2.20135e-12,3.396221e-07
0.000177425,2.97,2.97,1.2,1.799471,2.048821,2.266714,1.199986,4.836127e-08,9.095484e-05,2.201667,2.229316,1.199983,4.836456e-08,3.275665e-05,9.429994e-07,2.062572e-12,9.42996e-07,3.396255e-07,2.201572e-12,3.396222e-07
0.000177575,2.97,2.97,1.2,1.799471,2.048821,2.266714,1.199986,4.836193e-08,9.095483e-05,2.201667,2.229316,1.199983,4.837255e-08,3.275665e-05,9.429991e-07,2.035039e-12,9.42996e-07,3.396255e-07,2.201572e-12,3.396221e-07
0.000177725,2.97,2.97,1.2,1.799471,2.048821,2.266714,1.199986,4.836184e-08,9.095484e-05,2.201667,2.229316,1.199983,4.836423e-08,3.275665e-05,9.429994e-07,2.062572e-12,9.42996e-07,3.396255e-07,2.201572e-12,3.396222e-07
0.000177875,2.97,2.97,1.2,1.799471,2.048821,2.266714,1.199986,4.836445e-08,9.095483e-05,2.201667,2.229316,1.199983,4.837139e-08,3.275665e-05,9.429991e-07,2.035039e-12,9.42996e-07,3.396255e-07,2.20135e-12,3.396221e-07
0.000178025,2.97,2.97,1.2,1.799471,2.048821,2.266714,1.199986,4.836436e-08,9.095484e-05,2.201667,2.229316,1.199983,4.836841e-08,3.275665e-05,9.429994e-07,2.062572e-12,9.429961e-07,3.396255e-07,2.20135e-12,3.396222e-07
0.000178175,2.97,2.97,1.2,1.799471,2.048821,2.266714,1.199986,4.836525e-08,9.095483e-05,2.201667,2.229316,1.199983,4.836133e-08,3.275665e-05,9.429991e-07,2.035039e-12,9.42996e-07,3.396255e-07,2.200906e-12,3.396221e-07
0.000178325,2.97,2.97,1.2,1.799471,2.048821,2.266714,1.199986,4.836646e-08,9.095484e-05,2.201667,2.229316,1.199983,4.837018e-08,3.275665e-05,9.429994e-07,2.062572e-12,9.429961e-07,3.396255e-07,2.20135e-12,3.396222e-07
0.000178475,2.97,2.97,1.2,1.799471,2.048821,2.266714,1.199986,4.836393e-08,9.095483e-05,2.201667,2.229316,1.199983,4.836603e-08,3.275665e-05,9.429991e-07,2.035039e-12,9.42996e-07,3.396255e-07,2.20135e-12,3.396221e-07
0.000178625,2.97,2.97,1.2,1.799471,2.048821,2.266714,1.199986,4.836535e-08,9.095484e-05,2.201667,2.229316,1.199983,4.835926e-08,3.275665e-05,9.429994e-07,2.062572e-12,9.42996e-07,3.396255e-07,2.201572e-12,3.396222e-07
0.000178775,2.97,2.97,1.2,1.799471,2.048821,2.266714,1.199986,4.836339e-08,9.095483e-05,2.201667,2.229316,1.199983,4.835904e-08,3.275665e-05,9.429991e-07,2.035039e-12,9.42996e-07,3.396255e-07,2.200906e-12,3.396221e-07
0.000178925,2.97,2.97,1.2,1.799471,2.048821,2.266714,1.199986,4.83646e-08,9.095484e-05,2.201667,2.229316,1.199983,4.836508e-08,3.275665e-05,9.429994e-07,2.062572e-12,9.429961e-07,3.396255e-07,2.20135e-12,3.396222e-07
0.000179075,2.97,2.97,1.2,1.799471,2.048821,2.266714,1.199986,4.836272e-08,9.095483e-05,2.201667,2.229316,1.199983,4.835821e-08,3.275665e-05,9.429991e-07,2.035039e-12,9.42996e-07,3.396255e-07,2.20135e-12,3.396221e-07
0.000179225,2.97,2.97,1.2,1.799471,2.048821,2.266714,1.199986,4.836392e-08,9.095484e-05,2.201667,2.229316,1.199983,4.83648e-08,3.275665e-05,9.429994e-07,2.062572e-12,9.429961e-07,3.396255e-07,2.20135e-12,3.396222e-07
0.000179375,2.97,2.97,1.2,1.799471,2.048821,2.266714,1.199986,4.836788e-08,9.095483e-05,2.201667,2.229316,1.199983,4.836999e-08,3.275665e-05,9.429991e-07,2.035261e-12,9.42996e-07,3.396255e-07,2.20135e-12,3.396221e-07
0.000179525,2.97,2.97,1.2,1.799471,2.048821,2.266714,1.199986,4.836701e-08,9.095484e-05,2.201667,2.229316,1.199983,4.836456e-08,3.275665e-05,9.429994e-07,2.062572e-12,9.429961e-07,3.396255e-07,2.201572e-12,3.396222e-07
0.000179675,2.97,2.97,1.2,1.799471,2.048821,2.266714,1.199986,4.83661e-08,9.095483e-05,2.201667,2.229316,1.199983,4.836803e-08,3.275665e-05,9.429991e-07,2.035483e-12,9.42996e-07,3.396255e-07,2.20135e-12,3.396221e-07
0.000179825,2.97,2.97,1.2,1.799471,2.048821,2.266714,1.199986,4.83684e-08,9.095484e-05,2.201667,2.229316,1.199983,4.835877e-08,3.275665e-05,9.429994e-07,2.062572e-12,9.429961e-07,3.396255e-07,2.20135e-12,3.396222e-07
0.000179975,2.97,2.97,1.2,1.799471,2.048821,2.266714,1.199986,4.835912e-08,9.095483e-05,2.201667,2.229316,1.199983,4.836505e-08,3.275665e-05,9.429991e-07,2.035039e-12,9.42996e-07,3.396255e-07,2.20135e-12,3.396221e-07
0.000180125,2.97,2.97,1.2,1.799471,2.048821,2.266714,1.199986,4.836713e-08,9.095484e-05,2.201667,2.229316,1.199983,4.83735e-08,3.275665e-05,9.429994e-07,2.062572e-12,9.429961e-07,3.396255e-07,2.20135e-12,3.396222e-07
0.000180275,2.97,2.97,1.2,1.799471,2.048821,2.266714,1.199986,4.836243e-08,9.095483e-05,2.201667,2.229316,1.199983,4.835315e-08,3.275665e-05,9.429991e-07,2.035483e-12,9.42996e-07,3.396255e-07,2.20135e-12,3.396221e-07
0.000180425,2.97,2.97,1.2,1.799471,2.048821,2.266714,1.199986,4.836104e-08,9.095484e-05,2.201667,2.229316,1.199983,4.836682e-08,3.275665e-05,9.429994e-07,2.062572e-12,9.429961e-07,3.396255e-07,2.20135e-12,3.396222e-07
0.000180575,2.97,2.97,1.2,1.799471,2.048821,2.266714,1.199986,4.836449e-08,9.095483e-05,2.201667,2.229316,1.199983,4.836886e-08,3.275665e-05,9.429991e-07,2.035483e-12,9.42996e-07,3.396255e-07,2.20135e-12,3.396221e-07
0.000180725,2.97,2.97,1.2,1.799471,2.048821,2.266714,1.199986,4.836103e-08,9.095484e-05,2.201667,2.229316,1.199983,4.837052e-08,3.275665e-05,9.429994e-07,2.062572e-12,9.42996e-07,3.396255e-07,2.201572e-12,3.396222e-07
0.000180875,2.97,2.97,1.2,1.799471,2.048821,2.266714,1.199986,4.836621e-08,9.095483e-05,2.201667,2.229316,1.199983,4.836825e-08,3.275665e-05,9.429991e-07,2.035261e-12,9.42996e-07,3.396255e-07,2.20135e-12,3.396221e-07
0.000181025,2.97,2.97,1.2,1.799471,2.048821,2.266714,1.199986,4.836444e-08,9.095484e-05,2.201667,2.229316,1.199983,4.836971e-08,3.275665e-05,9.429994e-07,2.062572e-12,9.429961e-07,3.396255e-07,2.20135e-12,3.396222e-07
0.000181175,2.97,2.97,1.2,1.799471,2.048821,2.266714,1.199986,4.83648e-08,9.095483e-05,2.201667,2.229316,1.199983,4.836263e-08,3.275665e-05,9.429991e-07,2.035483e-12,9.42996e-07,3.396255e-07,2.201572e-12,3.396221e-07
0.000181325,2.97,2.97,1.2,1.799471,2.048821,2.266714,1.199986,4.836296e-08,9.095484e-05,2.201667,2.229316,1.199983,4.836873e-08,3.275665e-05,9.429994e-07,2.062572e-12,9.429961e-07,3.396255e-07,2.20135e-12,3.396222e-07
0.000181475,2.97,2.97,1.2,1.799471,2.048821,2.266714,1.199986,4.836769e-08,9.095483e-05,2.201667,2.229316,1.199983,4.836939e-08,3.275665e-05,9.429991e-07,2.035483e-12,9.42996e-07,3.396255e-07,2.20135e-12,3.396221e-07
0.000181625,2.97,2.97,1.2,1.799471,2.048821,2.266714,1.199986,4.836384e-08,9.095484e-05,2.201667,2.229316,1.199983,4.836431e-08,3.275665e-05,9.429994e-07,2.062572e-12,9.42996e-07,3.396256e-07,2.20135e-12,3.396222e-07
0.000181775,2.97,2.97,1.2,1.799471,2.048821,2.266714,1.199986,4.836506e-08,9.095483e-05,2.201667,2.229316,1.199983,4.836497e-08,3.275665e-05,9.429991e-07,2.035483e-12,9.42996e-07,3.396255e-07,2.20135e-12,3.396221e-07
0.000181925,2.97,2.97,1.2,1.799471,2.048821,2.266714,1.199986,4.836616e-08,9.095484e-05,2.201667,2.229316,1.199983,4.836183e-08,3.275665e-05,9.429994e-07,2.062572e-12,9.42996e-07,3.396255e-07,2.20135e-12,3.396222e-07
0.000182075,2.97,2.97,1.2,1.799471,2.048821,2.266714,1.199986,4.836794e-08,9.095483e-05,2.201667,2.229316,1.199983,4.835364e-08,3.275665e-05,9.429991e-07,2.035261e-12,9.42996e-07,3.396255e-07,2.20135e-12,3.396221e-07
0.000182225,2.97,2.97,1.2,1.799471,2.048821,2.266714,1.199986,4.836324e-08,9.095484e-05,2.201667,2.229316,1.199983,4.83731e-08,3.275665e-05,9.429994e-07,2.062572e-12,9.429961e-07,3.396256e-07,2.20135e-12,3.396222e-07
0.000182375,2.97,2.97,1.2,1.799471,2.048821,2.266714,1.199986,4.836342e-08,9.095483e-05,2.201667,2.229316,1.199983,4.834842e-08,3.275665e-05,9.429991e-07,2.035483e-12,9.42996e-07,3.396255e-07,2.201572e-12,3.396221e-07
0.000182525,2.97,2.97,1.2,1.799471,2.048821,2.266714,1.199986,4.836393e-08,9.095484e-05,2.201667,2.229316,1.199983,4.836113e-08,3.275665e-05,9.429994e-07,2.06235e-12,9.429961e-07,3.396255e-07,2.20135e-12,3.396222e-07
0.000182675,2.97,2.97,1.2,1.799471,2.048821,2.266714,1.199986,4.836723e-08,9.095483e-05,2.201667,2.229316,1.199983,4.836478e-08,3.275665e-05,9.429991e-07,2.035483e-12,9.42996e-07,3.396255e-07,2.20135e-12,3.396221e-07
0.000182825,2.97,2.97,1.2,1.799471,2.048821,2.266714,1.199986,4.836603e-08,9.095484e-05,2.201667,2.229316,1.199983,4.836667e-08,3.275665e-05,9.429994e-07,2.062572e-12,9.42996e-07,3.396255e-07,2.201572e-12,3.396222e-07
0.000182975,2.97,2.97,1.2,1.799471,2.048821,2.266714,1.199986,4.836502e-08,9.095483e-05,2.201667,2.229316,1.199983,4.836574e-08,3.275665e-05,9.429991e-07,2.035483e-12,9.42996e-07,3.396255e-07,2.201572e-12,3.396221e-07
0.000183125,2.97,2.97,1.2,1.799471,2.048821,2.266714,1.199986,4.836091e-08,9.095484e-05,2.201667,2.229316,1.199983,4.837067e-08,3.275665e-05,9.429994e-07,2.06235e-12,9.42996e-07,3.396255e-07,2.201572e-12,3.396222e-07
0.000183275,2.97,2.97,1.2,1.799471,2.048821,2.266714,1.199986,4.836538e-08,9.095483e-05,2.201667,2.229316,1.199983,4.836667e-08,3.275665e-05,9.429991e-07,2.035483e-12,9.42996e-07,3.396255e-07,2.200906e-12,3.396221e-07
0.000183425,2.97,2.97,1.2,1.799471,2.048821,2.266714,1.199986,4.836413e-08,9.095484e-05,2.201667,2.229316,1.199983,4.836446e-08,3.275665e-05,9.429994e-07,2.062572e-12,9.429961e-07,3.396255e-07,2.20135e-12,3.396222e-07
0.000183575,2.97,2.97,1.2,1.799471,2.048821,2.266714,1.199986,4.836433e-08,9.095483e-05,2.201667,2.229316,1.199983,4.836747e-08,3.275665e-05,9.429991e-07,2.035261e-12,9.42996e-07,3.396255e-07,2.20135e-12,3.396221e-07
0.000183725,2.97,2.97,1.2,1.799471,2.048821,2.266714,1.199986,4.836122e-08,9.095484e-05,2.201667,2.229316,1.199983,4.83631e-08,3.275665e-05,9.429994e-07,2.062572e-12,9.42996e-07,3.396255e-07,2.20135e-12,3.396222e-07
0.000183875,2.97,2.97,1.2,1.799471,2.048821,2.266714,1.199986,4.836839e-08,9.095483e-05,2.201667,2.229316,1.199983,4.83677e-08,3.275665e-05,9.429991e-07,2.035483e-12,9.42996e-07,3.396255e-07,2.201572e-12,3.396221e-07
0.000184025,2.97,2.97,1.2,1.799471,2.048821,2.266714,1.199986,4.836765e-08,9.095484e-05,2.201667,2.229316,1.199983,4.836355e-08,3.275665e-05,9.429994e-07,2.062572e-12,9.429961e-07,3.396255e-07,2.201572e-12,3.396222e-07
0.000184175,2.97,2.97,1.2,1.799471,2.048821,2.266714,1.199986,4.836234e-08,9.095483e-05,2.201667,2.229316,1.199983,4.836829e-08,3.275665e-05,9.429991e-07,2.035261e-12,9.42996e-07,3.396256e-07,2.20135e-12,3.396221e-07
0.000184325,2.97,2.97,1.2,1.799471,2.048821,2.266714,1.199986,4.836577e-08,9.095484e-05,2.201667,2.229316,1.199983,4.836339e-08,3.275665e-05,9.429994e-07,2.062572e-12,9.429961e-07,3.396255e-07,2.20135e-12,3.396222e-07
0.000184475,2.97,2.97,1.2,1.799471,2.048821,2.266714,1.199986,4.836392e-08,9.095483e-05,2.201667,2.229316,1.199983,4.836647e-08,3.275665e-05,9.429991e-07,2.035261e-12,9.42996e-07,3.396255e-07,2.20135e-12,3.396221e-07
0.000184625,2.97,2.97,1.2,1.799471,2.048821,2.266714,1.199986,4.836716e-08,9.095484e-05,2.201667,2.229316,1.199983,4.836502e-08,3.275665e-05,9.429994e-07,2.062572e-12,9.429961e-07,3.396255e-07,2.20135e-12,3.396222e-07
0.000184775,2.97,2.97,1.2,1.799471,2.048821,2.266714,1.199986,4.836443e-08,9.095483e-05,2.201667,2.229316,1.199983,4.835763e-08,3.275665e-05,9.429991e-07,2.035483e-12,9.42996e-07,3.396255e-07,2.20135e-12,3.396221e-07
0.000184925,2.97,2.97,1.2,1.799471,2.048821,2.266714,1.199986,4.83653e-08,9.095484e-05,2.201667,2.229316,1.199983,4.837278e-08,3.275665e-05,9.429994e-07,2.062572e-12,9.42996e-07,3.396255e-07,2.20135e-12,3.396222e-07
0.000185075,2.97,2.97,1.2,1.799471,2.048821,2.266714,1.199986,4.83626e-08,9.095483e-05,2.201667,2.229316,1.199983,4.837477e-08,3.275665e-05,9.429991e-07,2.035483e-12,9.42996e-07,3.396255e-07,2.20135e-12,3.396221e-07
0.000185225,2.97,2.97,1.2,1.799471,2.048821,2.266714,1.199986,4.836693e-08,9.095484e-05,2.201667,2.229316,1.199983,4.836404e-08,3.275665e-05,9.429994e-07,2.062572e-12,9.429961e-07,3.396255e-07,2.20135e-12,3.396222e-07
0.000185375,2.97,2.97,1.2,1.799471,2.048821,2.266714,1.199986,4.836431e-08,9.095483e-05,2.201667,2.229316,1.199983,4.836672e-08,3.275665e-05,9.429991e-07,2.035261e-12,9.42996e-07,3.396255e-07,2.20135e-12,3.396221e-07
0.000185525,2.97,2.97,1.2,1.799471,2.048821,2.266714,1.199986,4.836379e-08,9.095484e-05,2.201667,2.229316,1.199983,4.836518e-08,3.275665e-05,9.429994e-07,2.062572e-12,9.429961e-07,3.396255e-07,2.201572e-12,3.396222e-07
0.000185675,2.97,2.97,1.2,1.799471,2.048821,2.266714,1.199986,4.836551e-08,9.095483e-05,2.201667,2.229316,1.199983,4.83679e-08,3.275665e-05,9.429991e-07,2.035483e-12,9.42996e-07,3.396255e-07,2.20135e-12,3.396221e-07
0.000185825,2.97,2.97,1.2,1.799471,2.048821,2.266714,1.199986,4.836335e-08,9.095484e-05,2.201667,2.229316,1.199983,4.835954e-08,3.275665e-05,9.429994e-07,2.06235e-12,9.429961e-07,3.396255e-07,2.20135e-12,3.396222e-07
0.000185975,2.97,2.97,1.2,1.799471,2.048821,2.266714,1.199986,4.836297e-08,9.095483e-05,2.201667,2.229316,1.199983,4.836407e-08,3.275665e-05,9.429991e-07,2.035483e-12,9.42996e-07,3.396255e-07,2.201572e-12,3.396221e-07
0.000186125,2.97,2.97,1.2,1.799471,2.048821,2.266714,1.199986,4.836378e-08,9.095484e-05,2.201667,2.229316,1.199983,4.836925e-08,3.275665e-05,9.429994e-07,2.062572e-12,9.429961e-07,3.396255e-07,2.20135e-12,3.396222e-07
0.000186275,2.97,2.97,1.2,1.799471,2.048821,2.266714,1.199986,4.836364e-08,9.095483e-05,2.201667,2.229316,1.199983,4.836315e-08,3.275665e-05,9.429991e-07,2.035483e-12,9.42996e-07,3.396255e-07,2.20135e-12,3.396221e-07
0.000186425,2.97,2.97,1.2,1.799471,2.048821,2.266714,1.199986,4.836367e-08,9.095484e-05,2.201667,2.229316,1.199983,4.836155e-08,3.275665e-05,9.429994e-07,2.062572e-12,9.429961e-07,3.396255e-07,2.20135e-12,3.396222e-07
0.000186575,2.97,2.97,1.2,1.799471,2.048821,2.266714,1.199986,4.835874e-08,9.095483e-05,2.201667,2.229316,1.199983,4.836333e-08,3.275665e-05,9.429991e-07,2.035483e-12,9.42996e-07,3.396255e-07,2.201572e-12,3.396221e-07
0.000186725,2.97,2.97,1.2,1.799471,2.048821,2.266714,1.199986,4.836497e-08,9.095484e-05,2.201667,2.229316,1.199983,4.836923e-08,3.275665e-05,9.429994e-07,2.062572e-12,9.429961e-07,3.396255e-07,2.201572e-12,3.396222e-07
0.000186875,2.97,2.97,1.2,1.799471,2.048821,2.266714,1.199986,4.836776e-08,9.095483e-05,2.201667,2.229316,1.199983,4.835973e-08,3.275665e-05,9.429991e-07,2.035483e-12,9.42996e-07,3.396255e-07,2.20135e-12,3.396221e-07
0.000187025,2.97,2.97,1.2,1.799471,2.048821,2.266714,1.199986,4.83617e-08,9.095484e-05,2.201667,2.229316,1.199983,4.836544e-08,3.275665e-05,9.429994e-07,2.062572e-12,9.42996e-07,3.396255e-07,2.20135e-12,3.396222e-07
0.000187175,2.97,2.97,1.2,1.799471,2.048821,2.266714,1.199986,4.836854e-08,9.095483e-05,2.201667,2.229316,1.199983,4.836828e-08,3.275665e-05,9.429991e-07,2.035261e-12,9.42996e-07,3.396255e-07,2.20135e-12,3.396221e-07
0.000187325,2.97,2.97,1.2,1.799471,2.048821,2.266714,1.199986,4.836419e-08,9.095484e-05,2.201667,2.229316,1.199983,4.836835e-08,3.275665e-05,9.429994e-07,2.062572e-12,9.429961e-07,3.396255e-07,2.20135e-12,3.396222e-07
0.000187475,2.97,2.97,1.2,1.799471,2.048821,2.266714,1.199986,4.836323e-08,9.095483e-05,2.201667,2.229316,1.199983,4.836608e-08,3.275665e-05,9.429991e-07,2.035483e-12,9.42996e-07,3.396255e-07,2.200906e-12,3.396221e-07
0.000187625,2.97,2.97,1.2,1.799471,2.048821,2.266714,1.199986,4.836527e-08,9.095484e-05,2.201667,2.229316,1.199983,4.836281e-08,3.275665e-05,9.429994e-07,2.062572e-12,9.429961e-07,3.396255e-07,2.201572e-12,3.396222e-07
0.000187775,2.97,2.97,1.2,1.799471,2.048821,2.266714,1.199986,4.83623e-08,9.095483e-05,2.201667,2.229316,1.199983,4.837062e-08,3.275665e-05,9.429991e-07,2.035261e-12,9.42996e-07,3.396255e-07,2.201572e-12,3.396221e-07
0.000187925,2.97,2.97,1.2,1.799471,2.048821,2.266714,1.199986,4.836549e-08,9.095484e-05,2.201667,2.229316,1.199983,4.836398e-08,3.275665e-05,9.429994e-07,2.062572e-12,9.429961e-07,3.396255e-07,2.20135e-12,3.396222e-07
0.000188075,2.97,2.97,1.2,1.799471,2.048821,2.266714,1.199986,4.836526e-08,9.095483e-05,2.201667,2.229316,1.199983,4.836915e-08,3.275665e-05,9.429991e-07,2.035483e-12,9.42996e-07,3.396255e-07,2.201128e-12,3.396221e-07
0.000188225,2.97,2.97,1.2,1.799471,2.048821,2.266714,1.199986,4.836326e-08,9.095484e-05,2.201667,2.229316,1.199983,4.836842e-08,3.275665e-05,9.429994e-07,2.062572e-12,9.42996e-07,3.396255e-07,2.20135e-12,3.396222e-07
0.000188375,2.97,2.97,1.2,1.799471,2.048821,2.266714,1.199986,4.836588e-08,9.095483e-05,2.201667,2.229316,1.199983,4.837251e-08,3.275665e-05,9.429991e-07,2.035483e-12,9.42996e-07,3.396255e-07,2.201572e-12,3.396221e-07
0.000188525,2.97,2.97,1.2,1.799471,2.048821,2.266714,1.199986,4.836545e-08,9.095484e-05,2.201667,2.229316,1.199983,4.836476e-08,3.275665e-05,9.429994e-07,2.062128e-12,9.429961e-07,3.396255e-07,2.20135e-12,3.396222e-07
0.000188675,2.97,2.97,1.2,1.799471,2.048821,2.266714,1.199986,4.836213e-08,9.095483e-05,2.201667,2.229316,1.199983,4.836731e-08,3.275665e-05,9.429991e-07,2.035483e-12,9.42996e-07,3.396255e-07,2.20135e-12,3.396221e-07
0.000188825,2.97,2.97,1.2,1.799471,2.048821,2.266714,1.199986,4.836329e-08,9.095484e-05,2.201667,2.229316,1.199983,4.836813e-08,3.275665e-05,9.429994e-07,2.06235e-12,9.429961e-07,3.396255e-07,2.20135e-12,3.396222e-07
0.000188975,2.97,2.97,1.2,1.799471,2.048821,2.266714,1.199986,4.836339e-08,9.095483e-05,2.201667,2.229316,1.199983,4.836612e-08,3.275665e-05,9.429991e-07,2.035261e-12,9.42996e-07,3.396255e-07,2.20135e-12,3.396221e-07
0.000189125,2.97,2.97,1.2,1.799471,2.048821,2.266714,1.199986,4.836177e-08,9.095484e-05,2.201667,2.229316,1.199983,4.836401e-08,3.275665e-05,9.429994e-07,2.062128e-12,9.42996e-07,3.396255e-07,2.20135e-12,3.396222e-07
0.000189275,2.97,2.97,1.2,1.799471,2.048821,2.266714,1.199986,4.836196e-08,9.095483e-05,2.201667,2.229316,1.199983,4.836619e-08,3.275665e-05,9.429991e-07,2.035261e-12,9.42996e-07,3.396255e-07,2.20135e-12,3.396221e-07
0.000189425,2.97,2.97,1.2,1.799471,2.048821,2.266714,1.199986,4.836367e-08,9.095484e-05,2.201667,2.229316,1.199983,4.835979e-08,3.275665e-05,9.429994e-07,2.06235e-12,9.429961e-07,3.396255e-07,2.20135e-12,3.396222e-07
0.000189575,2.97,2.97,1.2,1.799471,2.048821,2.266714,1.199986,4.836479e-08,9.095483e-05,2.201667,2.229316,1.199983,4.835493e-08,3.275665e-05,9.429991e-07,2.035483e-12,9.42996e-07,3.396255e-07,2.20135e-12,3.396221e-07
0.000189725,2.97,2.97,1.2,1.799471,2.048821,2.266714,1.199986,4.836457e-08,9.095484e-05,2.201667,2.229316,1.199983,4.837179e-08,3.275665e-05,9.429994e-07,2.062128e-12,9.429961e-07,3.396255e-07,2.20135e-12,3.396222e-07
0.000189875,2.97,2.97,1.2,1.799471,2.048821,2.266714,1.199986,4.836938e-08,9.095483e-05,2.201667,2.229316,1.199983,4.836395e-08,3.275665e-05,9.429991e-07,2.035483e-12,9.42996e-07,3.396255e-07,2.20135e-12,3.396221e-07
0.000190025,2.97,2.97,1.2,1.799471,2.048821,2.266714,1.199986,4.83613e-08,9.095484e-05,2.201667,2.229316,1.199983,4.835601e-08,3.275665e-05,9.429994e-07,2.062128e-12,9.429961e-07,3.396255e-07,2.20135e-12,3.396222e-07
0.000190175,2.97,2.97,1.2,1.799471,2.048821,2.266714,1.199986,4.836395e-08,9.095483e-05,2.201667,2.229316,1.199983,4.837033e-08,3.275665e-05,9.429991e-07,2.035483e-12,9.42996e-07,3.396255e-07,2.201572e-12,3.396221e-07
0.000190325,2.97,2.97,1.2,1.799471,2.048821,2.266714,1.199986,4.83643e-08,9.095484e-05,2.201667,2.229316,1.199983,4.836899e-08,3.275665e-05,9.429994e-07,2.062128e-12,9.429961e-07,3.396255e-07,2.20135e-12,3.396222e-07
0.000190475,2.97,2.97,1.2,1.799471,2.048821,2.266714,1.199986,4.836602e-08,9.095483e-05,2.201667,2.229316,1.199983,4.83649e-08,3.275665e-05,9.429991e-07,2.035483e-12,9.42996e-07,3.396255e-07,2.20135e-12,3.396221e-07
0.000190625,2.97,2.97,1.2,1.799471,2.048821,2.266714,1.199986,4.836157e-08,9.095484e-05,2.201667,2.229316,1.199983,4.836496e-08,3.275665e-05,9.429994e-07,2.062128e-12,9.42996e-07,3.396255e-07,2.201572e-12,3.396222e-07
0.000190775,2.97,2.97,1.2,1.799471,2.048821,2.266714,1.199986,4.8365e-08,9.095483e-05,2.201667,2.229316,1.199983,4.836187e-08,3.275665e-05,9.429991e-07,2.035483e-12,9.42996e-07,3.396255e-07,2.20135e-12,3.396221e-07
0.000190925,2.97,2.97,1.2,1.799471,2.048821,2.266714,1.199986,4.836633e-08,9.095484e-05,2.201667,2.229316,1.199983,4.836195e-08,3.275665e-05,9.429994e-07,2.062128e-12,9.42996e-07,3.396255e-07,2.20135e-12,3.396222e-07
0.000191075,2.97,2.97,1.2,1.799471,2.048821,2.266714,1.199986,4.836457e-08,9.095483e-05,2.201667,2.229316,1.199983,4.835931e-08,3.275665e-05,9.429991e-07,2.035261e-12,9.42996e-07,3.396255e-07,2.201128e-12,3.396221e-07
0.000191225,2.97,2.97,1.2,1.799471,2.048821,2.266714,1.199986,4.836355e-08,9.095484e-05,2.201667,2.229316,1.199983,4.836415e-08,3.275665e-05,9.429994e-07,2.062128e-12,9.429961e-07,3.396255e-07,2.20135e-12,3.396222e-07
0.000191375,2.97,2.97,1.2,1.799471,2.048821,2.266714,1.199986,4.836603e-08,9.095483e-05,2.201667,2.229316,1.199983,4.836811e-08,3.275665e-05,9.429991e-07,2.035483e-12,9.42996e-07,3.396255e-07,2.20135e-12,3.396221e-07
0.000191525,2.97,2.97,1.2,1.799471,2.048821,2.266714,1.199986,4.836131e-08,9.095484e-05,2.201667,2.229316,1.199983,4.837097e-08,3.275665e-05,9.429994e-07,2.062128e-12,9.42996e-07,3.396255e-07,2.20135e-12,3.396221e-07
0.000191675,2.97,2.97,1.2,1.799471,2.048821,2.266714,1.199986,4.836506e-08,9.095483e-05,2.201667,2.229316,1.199983,4.836939e-08,3.275665e-05,9.429991e-07,2.035483e-12,9.42996e-07,3.396255e-07,2.201572e-12,3.396221e-07
0.000191825,2.97,2.97,1.2,1.799471,2.048821,2.266714,1.199986,4.836373e-08,9.095484e-05,2.201667,2.229316,1.199983,4.837209e-08,3.275665e-05,9.429994e-07,2.06235e-12,9.429961e-07,3.396255e-07,2.201572e-12,3.396222e-07
0.000191975,2.97,2.97,1.2,1.799471,2.048821,2.266714,1.199986,4.836358e-08,9.095483e-05,2.201667,2.229316,1.199983,4.836921e-08,3.275665e-05,9.429991e-07,2.035483e-12,9.42996e-07,3.396255e-07,2.201128e-12,3.396221e-07
0.000192125,2.97,2.97,1.2,1.799471,2.048821,2.266714,1.199986,4.836521e-08,9.095484e-05,2.201667,2.229316,1.199983,4.836165e-08,3.275665e-05,9.429994e-07,2.062128e-12,9.42996e-07,3.396255e-07,2.20135e-12,3.396221e-07
0.000192275,2.97,2.97,1.2,1.799471,2.048821,2.266714,1.199986,4.836087e-08,9.095483e-05,2.201667,2.229316,1.199983,4.837332e-08,3.275665e-05,9.429991e-07,2.035261e-12,9.42996e-07,3.396255e-07,2.201572e-12,3.396221e-07
0.000192425,2.97,2.97,1.2,1.799471,2.048821,2.266714,1.199986,4.836634e-08,9.095484e-05,2.201667,2.229316,1.199983,4.836987e-08,3.275665e-05,9.429994e-07,2.06235e-12,9.429961e-07,3.396255e-07,2.20135e-12,3.396222e-07
0.000192575,2.97,2.97,1.2,1.799471,2.048821,2.266714,1.199986,4.836483e-08,9.095483e-05,2.201667,2.229316,1.199983,4.83634e-08,3.275665e-05,9.429991e-07,2.035261e-12,9.42996e-07,3.396255e-07,2.20135e-12,3.396221e-07
0.000192725,2.97,2.97,1.2,1.799471,2.048821,2.266714,1.199986,4.836118e-08,9.095484e-05,2.201667,2.229316,1.199983,4.837002e-08,3.275665e-05,9.429994e-07,2.062128e-12,9.42996e-07,3.396256e-07,2.20135e-12,3.396222e-07
0.000192875,2.97,2.97,1.2,1.799471,2.048821,2.266714,1.199986,4.836403e-08,9.095483e-05,2.201667,2.229316,1.199983,4.836546e-08,3.275665e-05,9.429991e-07,2.035483e-12,9.42996e-07,3.396255e-07,2.20135e-12,3.396221e-07
0.000193025,2.97,2.97,1.2,1.799471,2.048821,2.266714,1.199986,4.836403e-08,9.095484e-05,2.201667,2.229316,1.199983,4.836135e-08,3.275665e-05,9.429994e-07,2.062128e-12,9.42996e-07,3.396255e-07,2.20135e-12,3.396222e-07
0.000193175,2.97,2.97,1.2,1.799471,2.048821,2.266714,1.199986,4.836601e-08,9.095483e-05,2.201667,2.229316,1.199983,4.836379e-08,3.275665e-05,9.429991e-07,2.035483e-12,9.42996e-07,3.396255e-07,2.20135e-12,3.396221e-07
0.000193325,2.97,2.97,1.2,1.799471,2.048821,2.266714,1.199986,4.836308e-08,9.095484e-05,2.201667,2.229316,1.199983,4.836935e-08,3.275665e-05,9.429994e-07,2.062128e-12,9.429961e-07,3.396255e-07,2.20135e-12,3.396222e-07
0.000193475,2.97,2.97,1.2,1.799471,2.048821,2.266714,1.199986,4.836531e-08,9.095483e-05,2.201667,2.229316,1.199983,4.836004e-08,3.275665e-05,9.429991e-07,2.035483e-12,9.42996e-07,3.396255e-07,2.20135e-12,3.396221e-07
0.000193625,2.97,2.97,1.2,1.799471,2.048821,2.266714,1.199986,4.836668e-08,9.095484e-05,2.201667,2.229316,1.199983,4.836242e-08,3.275665e-05,9.429994e-07,2.062128e-12,9.429961e-07,3.396255e-07,2.20135e-12,3.396222e-07
0.000193775,2.97,2.97,1.2,1.799471,2.048821,2.266714,1.199986,4.836485e-08,9.095483e-05,2.201667,2.229316,1.199983,4.836846e-08,3.275665e-05,9.429991e-07,2.035483e-12,9.42996e-07,3.396255e-07,2.20135e-12,3.396221e-07
0.000193925,2.97,2.97,1.2,1.799471,2.048821,2.266714,1.199986,4.836771e-08,9.095484e-05,2.201667,2.229316,1.199983,4.835725e-08,3.275665e-05,9.429994e-07,2.062128e-12,9.429961e-07,3.396255e-07,2.20135e-12,3.396222e-07
0.000194075,2.97,2.97,1.2,1.799471,2.048821,2.266714,1.199986,4.836631e-08,9.095483e-05,2.201667,2.229316,1.199983,4.836454e-08,3.275665e-05,9.429991e-07,2.035261e-12,9.42996e-07,3.396255e-07,2.20135e-12,3.396221e-07
0.000194225,2.97,2.97,1.2,1.799471,2.048821,2.266714,1.199986,4.8362e-08,9.095484e-05,2.201667,2.229316,1.199983,4.837155e-08,3.275665e-05,9.429994e-07,2.062128e-12,9.429961e-07,3.396255e-07,2.20135e-12,3.396222e-07
0.000194375,2.97,2.97,1.2,1.799471,2.048821,2.266714,1.199986,4.836514e-08,9.095483e-05,2.201667,2.229316,1.199983,4.836664e-08,3.275665e-05,9.429991e-07,2.035483e-12,9.42996e-07,3.396255e-07,2.20135e-12,3.396221e-07
0.000194525,2.97,2.97,1.2,1.799471,2.048821,2.266714,1.199986,4.836607e-08,9.095484e-05,2.201667,2.229316,1.199983,4.837284e-08,3.275665e-05,9.429994e-07,2.062128e-12,9.42996e-07,3.396255e-07,2.20135e-12,3.396222e-07
0.000194675,2.97,2.97,1.2,1.799471,2.048821,2.266714,1.199986,4.836777e-08,9.095483e-05,2.201667,2.229316,1.199983,4.836702e-08,3.275665e-05,9.429991e-07,2.035261e-12,9.42996e-07,3.396255e-07,2.201572e-12,3.396221e-07
0.000194825,2.97,2.97,1.2,1.799471,2.048821,2.266714,1.199986,4.836735e-08,9.095484e-05,2.201667,2.229316,1.199983,4.83715e-08,3.275665e-05,9.429994e-07,2.062128e-12,9.429961e-07,3.396255e-07,2.20135e-12,3.396222e-07
0.000194975,2.97,2.97,1.2,1.799471,2.048821,2.266714,1.199986,4.83617e-08,9.095483e-05,2.201667,2.229316,1.199983,4.836447e-08,3.275665e-05,9.429991e-07,2.035483e-12,9.42996e-07,3.396255e-07,2.20135e-12,3.396221e-07
0.000195125,2.97,2.97,1.2,1.799471,2.048821,2.266714,1.199986,4.836203e-08,9.095484e-05,2.201667,2.229316,1.199983,4.836616e-08,3.275665e-05,9.429994e-07,2.062128e-12,9.429961e-07,3.396255e-07,2.201572e-12,3.396222e-07
0.000195275,2.97,2.97,1.2,1.799471,2.048821,2.266714,1.199986,4.836188e-08,9.095483e-05,2.201667,2.229316,1.199983,4.836704e-08,3.275665e-05,9.429991e-07,2.035483e-12,9.42996e-07,3.396255e-07,2.201128e-12,3.396221e-07
0.000195425,2.97,2.97,1.2,1.799471,2.048821,2.266714,1.199986,4.836262e-08,9.095484e-05,2.201667,2.229316,1.199983,4.836919e-08,3.275665e-05,9.429994e-07,2.062128e-12,9.42996e-07,3.396255e-07,2.201572e-12,3.396222e-07
0.000195575,2.97,2.97,1.2,1.799471,2.048821,2.266714,1.199986,4.836469e-08,9.095483e-05,2.201667,2.229316,1.199983,4.836468e-08,3.275665e-05,9.429991e-07,2.035483e-12,9.42996e-07,3.396255e-07,2.20135e-12,3.396221e-07
0.000195725,2.97,2.97,1.2,1.799471,2.048821,2.266714,1.199986,4.836645e-08,9.095484e-05,2.201667,2.229316,1.199983,4.836107e-08,3.275665e-05,9.429994e-07,2.062128e-12,9.429961e-07,3.396255e-07,2.20135e-12,3.396222e-07
0.000195875,2.97,2.97,1.2,1.799471,2.048821,2.266714,1.199986,4.836655e-08,9.095483e-05,2.201667,2.229316,1.199983,4.83599e-08,3.275665e-05,9.429991e-07,2.035483e-12,9.42996e-07,3.396255e-07,2.20135e-12,3.396221e-07
0.000196025,2.97,2.97,1.2,1.799471,2.048821,2.266714,1.199986,4.83613e-08,9.095484e-05,2.201667,2.229316,1.199983,4.836168e-08,3.275665e-05,9.429994e-07,2.06235e-12,9.429961e-07,3.396255e-07,2.20135e-12,3.396222e-07
0.000196175,2.97,2.97,1.2,1.799471,2.048821,2.266714,1.199986,4.836574e-08,9.095483e-05,2.201667,2.229316,1.199983,4.836246e-08,3.275665e-05,9.429991e-07,2.035483e-12,9.42996e-07,3.396255e-07,2.20135e-12,3.396221e-07
0.000196325,2.97,2.97,1.2,1.799471,2.048821,2.266714,1.199986,4.836117e-08,9.095484e-05,2.201667,2.229316,1.199983,4.836484e-08,3.275665e-05,9.429994e-07,2.062128e-12,9.429961e-07,3.396255e-07,2.20135e-12,3.396222e-07
0.000196475,2.97,2.97,1.2,1.799471,2.048821,2.266714,1.199986,4.836784e-08,9.095483e-05,2.201667,2.229316,1.199983,4.837454e-08,3.275665e-05,9.429991e-07,2.035483e-12,9.42996e-07,3.396255e-07,2.201572e-12,3.396221e-07
0.000196625,2.97,2.97,1.2,1.799471,2.048821,2.266714,1.199986,4.836272e-08,9.095484e-05,2.201667,2.229316,1.199983,4.837342e-08,3.275665e-05,9.429994e-07,2.06235e-12,9.42996e-07,3.396256e-07,2.20135e-12,3.396222e-07
0.000196775,2.97,2.97,1.2,1.799471,2.048821,2.266714,1.199986,4.836575e-08,9.095483e-05,2.201667,2.229316,1.199983,4.836296e-08,3.275665e-05,9.429991e-07,2.035483e-12,9.42996e-07,3.396255e-07,2.20135e-12,3.396221e-07
0.000196925,2.97,2.97,1.2,1.799471,2.048821,2.266714,1.199986,4.836401e-08,9.095484e-05,2.201667,2.229316,1.199983,4.836142e-08,3.275665e-05,9.429994e-07,2.062128e-12,9.429961e-07,3.396255e-07,2.20135e-12,3.396222e-07
0.000197075,2.97,2.97,1.2,1.799471,2.048821,2.266714,1.199986,4.836592e-08,9.095483e-05,2.201667,2.229316,1.199983,4.836086e-08,3.275665e-05,9.429991e-07,2.035705e-12,9.42996e-07,3.396255e-07,2.20135e-12,3.396221e-07
0.000197225,2.97,2.97,1.2,1.799471,2.048821,2.266714,1.199986,4.836725e-08,9.095484e-05,2.201667,2.229316,1.199983,4.83666e-08,3.275665e-05,9.429994e-07,2.06235e-12,9.429961e-07,3.396255e-07,2.201572e-12,3.396222e-07
0.000197375,2.97,2.97,1.2,1.799471,2.048821,2.266714,1.199986,4.836308e-08,9.095483e-05,2.201667,2.229316,1.199983,4.836526e-08,3.275665e-05,9.429991e-07,2.035705e-12,9.42996e-07,3.396255e-07,2.201572e-12,3.396221e-07
0.000197525,2.97,2.97,1.2,1.799471,2.048821,2.266714,1.199986,4.836229e-08,9.095484e-05,2.201667,2.229316,1.199983,4.836063e-08,3.275665e-05,9.429994e-07,2.06235e-12,9.42996e-07,3.396255e-07,2.201572e-12,3.396222e-07
0.000197675,2.97,2.97,1.2,1.799471,2.048821,2.266714,1.199986,4.836522e-08,9.095483e-05,2.201667,2.229316,1.199983,4.837213e-08,3.275665e-05,9.429991e-07,2.035927e-12,9.42996e-07,3.396255e-07,2.20135e-12,3.396221e-07
0.000197825,2.97,2.97,1.2,1.799471,2.048821,2.266714,1.199986,4.836758e-08,9.095484e-05,2.201667,2.229316,1.199983,4.836219e-08,3.275665e-05,9.429994e-07,2.062128e-12,9.42996e-07,3.396255e-07,2.201572e-12,3.396222e-07
0.000197975,2.97,2.97,1.2,1.799471,2.048821,2.266714,1.199986,4.836355e-08,9.095483e-05,2.201667,2.229316,1.199983,4.836103e-08,3.275665e-05,9.429991e-07,2.035705e-12,9.42996e-07,3.396255e-07,2.201128e-12,3.396221e-07
0.000198125,2.97,2.97,1.2,1.799471,2.048821,2.266714,1.199986,4.836518e-08,9.095484e-05,2.201667,2.229316,1.199983,4.836252e-08,3.275665e-05,9.429994e-07,2.06235e-12,9.429961e-07,3.396255e-07,2.201572e-12,3.396222e-07
0.000198275,2.97,2.97,1.2,1.799471,2.048821,2.266714,1.199986,4.836603e-08,9.095483e-05,2.201667,2.229316,1.199983,4.836195e-08,3.275665e-05,9.429991e-07,2.035705e-12,9.42996e-07,3.396255e-07,2.20135e-12,3.396221e-07
0.000198425,2.97,2.97,1.2,1.799471,2.048821,2.266714,1.199986,4.83646e-08,9.095484e-05,2.201667,2.229316,1.199983,4.836459e-08,3.275665e-05,9.429994e-07,2.06235e-12,9.42996e-07,3.396255e-07,2.20135e-12,3.396222e-07
0.000198575,2.97,2.97,1.2,1.799471,2.048821,2.266714,1.199986,4.836517e-08,9.095483e-05,2.201667,2.229316,1.199983,4.835945e-08,3.275665e-05,9.429991e-07,2.035705e-12,9.42996e-07,3.396255e-07,2.201572e-12,3.396221e-07
0.000198725,2.97,2.97,1.2,1.799471,2.048821,2.266714,1.199986,4.836382e-08,9.095484e-05,2.201667,2.229316,1.199983,4.83641e-08,3.275665e-05,9.429994e-07,2.062128e-12,9.429961e-07,3.396255e-07,2.20135e-12,3.396222e-07
0.000198875,2.97,2.97,1.2,1.799471,2.048821,2.266714,1.199986,4.836849e-08,9.095483e-05,2.201667,2.229316,1.199983,4.837243e-08,3.275665e-05,9.429991e-07,2.035705e-12,9.42996e-07,3.396255e-07,2.20135e-12,3.396221e-07
0.000199025,2.97,2.97,1.2,1.799471,2.048821,2.266714,1.199986,4.836264e-08,9.095484e-05,2.201667,2.229316,1.199983,4.836928e-08,3.275665e-05,9.429994e-07,2.062128e-12,9.429961e-07,3.396255e-07,2.20135e-12,3.396222e-07
0.000199175,2.97,2.97,1.2,1.799471,2.048821,2.266714,1.199986,4.836492e-08,9.095483e-05,2.201667,2.229316,1.199983,4.836632e-08,3.275665e-05,9.429991e-07,2.035927e-12,9.42996e-07,3.396255e-07,2.20135e-12,3.396221e-07
0.000199325,2.97,2.97,1.2,1.799471,2.048821,2.266714,1.199986,4.836629e-08,9.095484e-05,2.201667,2.229316,1.199983,4.836358e-08,3.275665e-05,9.429994e-07,2.06235e-12,9.42996e-07,3.396255e-07,2.20135e-12,3.396222e-07
0.000199475,2.97,2.97,1.2,1.799471,2.048821,2.266714,1.199986,4.8366e-08,9.095483e-05,2.201667,2.229316,1.199983,4.836373e-08,3.275665e-05,9.429991e-07,2.035927e-12,9.42996e-07,3.396255e-07,2.201572e-12,3.396221e-07
0.000199625,2.97,2.97,1.2,1.799471,2.048821,2.266714,1.199986,4.836274e-08,9.095484e-05,2.201667,2.229316,1.199983,4.836854e-08,3.275665e-05,9.429994e-07,2.062128e-12,9.42996e-07,3.396255e-07,2.20135e-12,3.396222e-07
0.000199775,2.97,2.97,1.2,1.799471,2.048821,2.266714,1.199986,4.836144e-08,9.095483e-05,2.201667,2.229316,1.199983,4.834333e-08,3.275665e-05,9.429991e-07,2.035705e-12,9.42996e-07,3.396255e-07,2.20135e-12,3.396221e-07
0.000199925,2.97,2.97,1.2,1.799471,2.048821,2.266714,1.199986,4.83657e-08,9.095484e-05,2.201667,2.229316,1.199983,4.83526e-08,3.275665e-05,9.429994e-07,2.062128e-12,9.429961e-07,3.396255e-07,2.20135e-12,3.396221e-07
0.000200075,2.97,2.97,1.2,1.799471,2.048821,2.266714,1.199986,4.836804e-08,9.095483e-05,2.201667,2.229316,1.199983,4.835706e-08,3.275665e-05,9.429991e-07,2.035927e-12,9.42996e-07,3.396255e-07,2.201572e-12,3.396221e-07
0.000200225,2.97,2.97,1.2,1.799471,2.048821,2.266714,1.199986,4.83649e-08,9.095484e-05,2.201667,2.229316,1.199983,4.835405e-08,3.275665e-05,9.429994e-07,2.062128e-12,9.429961e-07,3.396255e-07,2.20135e-12,3.396222e-07
0.000200375,2.97,2.97,1.2,1.799471,2.048821,2.266714,1.199986,4.836502e-08,9.095483e-05,2.201667,2.229316,1.199983,4.836085e-08,3.275665e-05,9.429991e-07,2.035705e-12,9.42996e-07,3.396255e-07,2.20135e-12,3.396221e-07
0.000200525,2.97,2.97,1.2,1.799471,2.048821,2.266714,1.199986,4.836159e-08,9.095484e-05,2.201667,2.229316,1.199983,4.836167e-08,3.275665e-05,9.429994e-07,2.062128e-12,9.42996e-07,3.396255e-07,2.201572e-12,3.396222e-07
0.000200675,2.97,2.97,1.2,1.799471,2.048821,2.266714,1.199986,4.836207e-08,9.095483e-05,2.201667,2.229316,1.199983,4.836943e-08,3.275665e-05,9.429991e-07,2.035705e-12,9.42996e-07,3.396255e-07,2.201572e-12,3.396221e-07
0.000200825,2.97,2.97,1.2,1.799471,2.048821,2.266714,1.199986,4.836701e-08,9.095484e-05,2.201667,2.229316,1.199983,4.835675e-08,3.275665e-05,9.429994e-07,2.062128e-12,9.42996e-07,3.396255e-07,2.20135e-12,3.396222e-07
0.000200975,2.97,2.97,1.2,1.799471,2.048821,2.266714,1.199986,4.836566e-08,9.095483e-05,2.201667,2.229316,1.199983,4.836826e-08,3.275665e-05,9.429991e-07,2.035705e-12,9.42996e-07,3.396255e-07,2.201572e-12,3.396221e-07
0.000201125,2.97,2.97,1.2,1.799471,2.048821,2.266714,1.199986,4.835871e-08,9.095484e-05,2.201667,2.229316,1.199983,4.836643e-08,3.275665e-05,9.429994e-07,2.062128e-12,9.429961e-07,3.396255e-07,2.20135e-12,3.396222e-07
0.000201275,2.97,2.97,1.2,1.799471,2.048821,2.266714,1.199986,4.836489e-08,9.095483e-05,2.201667,2.229316,1.199983,4.837109e-08,3.275665e-05,9.429991e-07,2.035927e-12,9.42996e-07,3.396255e-07,2.20135e-12,3.396221e-07
0.000201425,2.97,2.97,1.2,1.799471,2.048821,2.266714,1.199986,4.836789e-08,9.095484e-05,2.201667,2.229316,1.199983,4.836608e-08,3.275665e-05,9.429994e-07,2.06235e-12,9.429961e-07,3.396255e-07,2.20135e-12,3.396222e-07
0.000201575,2.97,2.97,1.2,1.799471,2.048821,2.266714,1.199986,4.83621e-08,9.095483e-05,2.201667,2.229316,1.199983,4.836646e-08,3.275665e-05,9.429991e-07,2.035705e-12,9.42996e-07,3.396255e-07,2.201572e-12,3.396221e-07
0.000201725,2.97,2.97,1.2,1.799471,2.048821,2.266714,1.199986,4.836574e-08,9.095484e-05,2.201667,2.229316,1.199983,4.836226e-08,3.275665e-05,9.429994e-07,2.062128e-12,9.42996e-07,3.396255e-07,2.20135e-12,3.396222e-07
0.000201875,2.97,2.97,1.2,1.799471,2.048821,2.266714,1.199986,4.836608e-08,9.095483e-05,2.201667,2.229316,1.199983,4.837276e-08,3.275665e-05,9.429991e-07,2.035705e-12,9.42996e-07,3.396255e-07,2.201572e-12,3.396221e-07
0.000202025,2.97,2.97,1.2,1.799471,2.048821,2.266714,1.199986,4.836601e-08,9.095484e-05,2.201667,2.229316,1.199983,4.835846e-08,3.275665e-05,9.429994e-07,2.062128e-12,9.429961e-07,3.396255e-07,2.201572e-12,3.396222e-07
0.000202175,2.97,2.97,1.2,1.799471,2.048821,2.266714,1.199986,4.836225e-08,9.095483e-05,2.201667,2.229316,1.199983,4.83674e-08,3.275665e-05,9.429991e-07,2.035705e-12,9.42996e-07,3.396255e-07,2.201572e-12,3.396221e-07
0.000202325,2.97,2.97,1.2,1.799471,2.048821,2.266714,1.199986,4.836438e-08,9.095484e-05,2.201667,2.229316,1.199983,4.836979e-08,3.275665e-05,9.429994e-07,2.062128e-12,9.429961e-07,3.396255e-07,2.20135e-12,3.396222e-07
0.000202475,2.97,2.97,1.2,1.799471,2.048821,2.266714,1.199986,4.83608e-08,9.095483e-05,2.201667,2.229316,1.199983,4.836968e-08,3.275665e-05,9.429991e-07,2.035705e-12,9.42996e-07,3.396255e-07,2.201572e-12,3.396221e-07
0.000202625,2.97,2.97,1.2,1.799471,2.048821,2.266714,1.199986,4.836697e-08,9.095484e-05,2.201667,2.229316,1.199983,4.836351e-08,3.275665e-05,9.429994e-07,2.06235e-12,9.429961e-07,3.396255e-07,2.201572e-12,3.396222e-07
0.000202775,2.97,2.97,1.2,1.799471,2.048821,2.266714,1.199986,4.836518e-08,9.095483e-05,2.201667,2.229316,1.199983,4.835474e-08,3.275665e-05,9.429991e-07,2.035705e-12,9.42996e-07,3.396255e-07,2.201128e-12,3.396221e-07
0.000202925,2.97,2.97,1.2,1.799471,2.048821,2.266714,1.199986,4.836435e-08,9.095484e-05,2.201667,2.229316,1.199983,4.836111e-08,3.275665e-05,9.429994e-07,2.062128e-12,9.42996e-07,3.396255e-07,2.201572e-12,3.396222e-07
0.000203075,2.97,2.97,1.2,1.799471,2.048821,2.266714,1.199986,4.836826e-08,9.095483e-05,2.201667,2.229316,1.199983,4.836185e-08,3.275665e-05,9.429991e-07,2.035927e-12,9.42996e-07,3.396255e-07,2.20135e-12,3.396221e-07
0.000203225,2.97,2.97,1.2,1.799471,2.048821,2.266714,1.199986,4.835856e-08,9.095484e-05,2.201667,2.229316,1.199983,4.835246e-08,3.275665e-05,9.429994e-07,2.062128e-12,9.429961e-07,3.396255e-07,2.201572e-12,3.396222e-07
0.000203375,2.97,2.97,1.2,1.799471,2.048821,2.266714,1.199986,4.836495e-08,9.095483e-05,2.201667,2.229316,1.199983,4.837036e-08,3.275665e-05,9.429991e-07,2.035927e-12,9.42996e-07,3.396255e-07,2.201572e-12,3.396221e-07
0.000203525,2.97,2.97,1.2,1.799471,2.048821,2.266714,1.199986,4.836777e-08,9.095484e-05,2.201667,2.229316,1.199983,4.836575e-08,3.275665e-05,9.429994e-07,2.062128e-12,9.429961e-07,3.396255e-07,2.20135e-12,3.396222e-07
0.000203675,2.97,2.97,1.2,1.799471,2.048821,2.266714,1.199986,4.836315e-08,9.095483e-05,2.201667,2.229316,1.199983,4.836745e-08,3.275665e-05,9.429991e-07,2.035705e-12,9.42996e-07,3.396255e-07,2.20135e-12,3.396221e-07
0.000203825,2.97,2.97,1.2,1.799471,2.048821,2.266714,1.199986,4.836482e-08,9.095484e-05,2.201667,2.229316,1.199983,4.837122e-08,3.275665e-05,9.429994e-07,2.06235e-12,9.42996e-07,3.396255e-07,2.20135e-12,3.396222e-07
0.000203975,2.97,2.97,1.2,1.799471,2.048821,2.266714,1.199986,4.836675e-08,9.095483e-05,2.201667,2.229316,1.199983,4.836631e-08,3.275665e-05,9.429991e-07,2.035927e-12,9.42996e-07,3.396255e-07,2.201572e-12,3.396221e-07
0.000204125,2.97,2.97,1.2,1.799471,2.048821,2.266714,1.199986,4.836147e-08,9.095484e-05,2.201667,2.229316,1.199983,4.836005e-08,3.275665e-05,9.429994e-07,2.062128e-12,9.42996e-07,3.396255e-07,2.20135e-12,3.396222e-07
0.000204275,2.97,2.97,1.2,1.799471,2.048821,2.266714,1.199986,4.836431e-08,9.095483e-05,2.201667,2.229316,1.199983,4.835439e-08,3.275665e-05,9.429991e-07,2.035705e-12,9.42996e-07,3.396255e-07,2.200906e-12,3.396221e-07
0.000204425,2.97,2.97,1.2,1.799471,2.048821,2.266714,1.199986,4.836466e-08,9.095484e-05,2.201667,2.229316,1.199983,4.835464e-08,3.275665e-05,9.429994e-07,2.062128e-12,9.42996e-07,3.396255e-07,2.20135e-12,3.396222e-07
0.000204575,2.97,2.97,1.2,1.799471,2.048821,2.266714,1.199986,4.836733e-08,9.095483e-05,2.201667,2.229316,1.199983,4.836201e-08,3.275665e-05,9.429991e-07,2.035705e-12,9.42996e-07,3.396255e-07,2.201572e-12,3.396221e-07
0.000204725,2.97,2.97,1.2,1.799471,2.048821,2.266714,1.199986,4.836555e-08,9.095484e-05,2.201667,2.229316,1.199983,4.835998e-08,3.275665e-05,9.429994e-07,2.062128e-12,9.429961e-07,3.396255e-07,2.20135e-12,3.396222e-07
0.000204875,2.97,2.97,1.2,1.799471,2.048821,2.266714,1.199986,4.836503e-08,9.095483e-05,2.201667,2.229316,1.199983,4.835393e-08,3.275665e-05,9.429991e-07,2.035705e-12,9.42996e-07,3.396255e-07,2.201128e-12,3.396221e-07
0.000205025,2.97,2.97,1.2,1.799471,2.048821,2.266714,1.199986,4.836783e-08,9.095484e-05,2.201667,2.229316,1.199983,4.83651e-08,3.275665e-05,9.429994e-07,2.062128e-12,9.42996e-07,3.396255e-07,2.201572e-12,3.396222e-07
0.000205175,2.97,2.97,1.2,1.799471,2.048821,2.266714,1.199986,4.836147e-08,9.095483e-05,2.201667,2.229316,1.199983,4.836937e-08,3.275665e-05,9.429991e-07,2.035705e-12,9.42996e-07,3.396255e-07,2.20135e-12,3.396221e-07
0.000205325,2.97,2.97,1.2,1.799471,2.048821,2.266714,1.199986,4.836274e-08,9.095484e-05,2.201667,2.229316,1.199983,4.83615e-08,3.275665e-05,9.429994e-07,2.062128e-12,9.42996e-07,3.396255e-07,2.20135e-12,3.396222e-07
0.000205475,2.97,2.97,1.2,1.799471,2.048821,2.266714,1.199986,4.836665e-08,9.095483e-05,2.201667,2.229316,1.199983,4.836218e-08,3.275665e-05,9.429991e-07,2.035927e-12,9.42996e-07,3.396255e-07,2.201128e-12,3.396221e-07
0.000205625,2.97,2.97,1.2,1.799471,2.048821,2.266714,1.199986,4.836236e-08,9.095484e-05,2.201667,2.229316,1.199983,4.83724e-08,3.275665e-05,9.429994e-07,2.06235e-12,9.429961e-07,3.396256e-07,2.20135e-12,3.396222e-07
0.000205775,2.97,2.97,1.2,1.799471,2.048821,2.266714,1.199986,4.836246e-08,9.095483e-05,2.201667,2.229316,1.199983,4.836737e-08,3.275665e-05,9.429991e-07,2.035705e-12,9.42996e-07,3.396255e-07,2.20135e-12,3.396221e-07
0.000205925,2.97,2.97,1.2,1.799471,2.048821,2.266714,1.199986,4.836444e-08,9.095484e-05,2.201667,2.229316,1.199983,4.836276e-08,3.275665e-05,9.429994e-07,2.062128e-12,9.429961e-07,3.396255e-07,2.201572e-12,3.396222e-07
0.000206075,2.97,2.97,1.2,1.799471,2.048821,2.266714,1.199986,4.836619e-08,9.095483e-05,2.201667,2.229316,1.199983,4.836487e-08,3.275665e-05,9.429991e-07,2.035705e-12,9.42996e-07,3.396255e-07,2.20135e-12,3.396221e-07
0.000206225,2.97,2.97,1.2,1.799471,2.048821,2.266714,1.199986,4.835668e-08,9.095484e-05,2.201667,2.229316,1.199983,4.837238e-08,3.275665e-05,9.429994e-07,2.06235e-12,9.429961e-07,3.396255e-07,2.20135e-12,3.396222e-07
0.000206375,2.97,2.97,1.2,1.799471,2.048821,2.266714,1.199986,4.83701e-08,9.095483e-05,2.201667,2.229316,1.199983,4.836572e-08,3.275665e-05,9.429991e-07,2.035705e-12,9.42996e-07,3.396255e-07,2.20135e-12,3.396221e-07
0.000206525,2.97,2.97,1.2,1.799471,2.048821,2.266714,1.199986,4.836716e-08,9.095484e-05,2.201667,2.229316,1.199983,4.836583e-08,3.275665e-05,9.429994e-07,2.062128e-12,9.42996e-07,3.396255e-07,2.20135e-12,3.396222e-07
0.000206675,2.97,2.97,1.2,1.799471,2.048821,2.266714,1.199986,4.83617e-08,9.095483e-05,2.201667,2.229316,1.199983,4.835584e-08,3.275665e-05,9.429991e-07,2.035705e-12,9.42996e-07,3.396255e-07,2.200906e-12,3.396221e-07
0.000206825,2.97,2.97,1.2,1.799471,2.048821,2.266714,1.199986,4.836563e-08,9.095484e-05,2.201667,2.229316,1.199983,4.835765e-08,3.275665e-05,9.429994e-07,2.062128e-12,9.42996e-07,3.396255e-07,2.201572e-12,3.396222e-07
0.000206975,2.97,2.97,1.2,1.799471,2.048821,2.266714,1.199986,4.836729e-08,9.095483e-05,2.201667,2.229316,1.199983,4.836014e-08,3.275665e-05,9.429991e-07,2.035705e-12,9.42996e-07,3.396255e-07,2.20135e-12,3.396221e-07
0.000207125,2.97,2.97,1.2,1.799471,2.048821,2.266714,1.199986,4.836575e-08,9.095484e-05,2.201667,2.229316,1.199983,4.836227e-08,3.275665e-05,9.429994e-07,2.06235e-12,9.429961e-07,3.396255e-07,2.20135e-12,3.396222e-07
0.000207275,2.97,2.97,1.2,1.799471,2.048821,2.266714,1.199986,4.836451e-08,9.095483e-05,2.201667,2.229316,1.199983,4.836587e-08,3.275665e-05,9.429991e-07,2.035705e-12,9.42996e-07,3.396255e-07,2.20135e-12,3.396221e-07
0.000207425,2.97,2.97,1.2,1.799471,2.048821,2.266714,1.199986,4.836395e-08,9.095484e-05,2.201667,2.229316,1.199983,4.836064e-08,3.275665e-05,9.429994e-07,2.061906e-12,9.42996e-07,3.396255e-07,2.20135e-12,3.396222e-07
0.000207575,2.97,2.97,1.2,1.799471,2.048821,2.266714,1.199986,4.836654e-08,9.095483e-05,2.201667,2.229316,1.199983,4.836719e-08,3.275665e-05,9.429991e-07,2.035927e-12,9.42996e-07,3.396255e-07,2.201572e-12,3.396221e-07
0.000207725,2.97,2.97,1.2,1.799471,2.048821,2.266714,1.199986,4.83667e-08,9.095484e-05,2.201667,2.229316,1.199983,4.836363e-08,3.275665e-05,9.429994e-07,2.061684e-12,9.429961e-07,3.396255e-07,2.20135e-12,3.396222e-07
0.000207875,2.97,2.97,1.2,1.799471,2.048821,2.266714,1.199986,4.836608e-08,9.095483e-05,2.201667,2.229316,1.199983,4.836647e-08,3.275665e-05,9.429991e-07,2.035705e-12,9.42996e-07,3.396255e-07,2.20135e-12,3.396221e-07
0.000208025,2.97,2.97,1.2,1.799471,2.048821,2.266714,1.199986,4.83648e-08,9.095484e-05,2.201667,2.229316,1.199983,4.837002e-08,3.275665e-05,9.429994e-07,2.061906e-12,9.429961e-07,3.396255e-07,2.20135e-12,3.396222e-07
0.000208175,2.97,2.97,1.2,1.799471,2.048821,2.266714,1.199986,4.836356e-08,9.095483e-05,2.201667,2.229316,1.199983,4.836602e-08,3.275665e-05,9.429991e-07,2.035705e-12,9.42996e-07,3.396255e-07,2.201572e-12,3.396221e-07
0.000208325,2.97,2.97,1.2,1.799471,2.048821,2.266714,1.199986,4.836276e-08,9.095484e-05,2.201667,2.229316,1.199983,4.836282e-08,3.275665e-05,9.429994e-07,2.061906e-12,9.42996e-07,3.396255e-07,2.20135e-12,3.396222e-07
0.000208475,2.97,2.97,1.2,1.799471,2.048821,2.266714,1.199986,4.836359e-08,9.095483e-05,2.201667,2.229316,1.199983,4.836032e-08,3.275665e-05,9.429991e-07,2.035705e-12,9.42996e-07,3.396255e-07,2.201128e-12,3.396221e-07
0.000208625,2.97,2.97,1.2,1.799471,2.048821,2.266714,1.199986,4.836423e-08,9.095484e-05,2.201667,2.229316,1.199983,4.836744e-08,3.275665e-05,9.429994e-07,2.061906e-12,9.429961e-07,3.396255e-07,2.201572e-12,3.396222e-07
0.000208775,2.97,2.97,1.2,1.799471,2.048821,2.266714,1.199986,4.836411e-08,9.095483e-05,2.201667,2.229316,1.199983,4.836605e-08,3.275665e-05,9.429991e-07,2.035705e-12,9.42996e-07,3.396255e-07,2.201572e-12,3.396221e-07
0.000208925,2.97,2.97,1.2,1.799471,2.048821,2.266714,1.199986,4.836402e-08,9.095484e-05,2.201667,2.229316,1.199983,4.836417e-08,3.275665e-05,9.429994e-07,2.061906e-12,9.42996e-07,3.396255e-07,2.20135e-12,3.396221e-07
0.000209075,2.97,2.97,1.2,1.799471,2.048821,2.266714,1.199986,4.83643e-08,9.095483e-05,2.201667,2.229316,1.199983,4.835959e-08,3.275665e-05,9.429991e-07,2.035705e-12,9.42996e-07,3.396255e-07,2.20135e-12,3.396221e-07
0.000209225,2.97,2.97,1.2,1.799471,2.048821,2.266714,1.199986,4.836503e-08,9.095484e-05,2.201667,2.229316,1.199983,4.83616e-08,3.275665e-05,9.429994e-07,2.061906e-12,9.42996e-07,3.396255e-07,2.20135e-12,3.396222e-07
0.000209375,2.97,2.97,1.2,1.799471,2.048821,2.266714,1.199986,4.836409e-08,9.095483e-05,2.201667,2.229316,1.199983,4.836632e-08,3.275665e-05,9.429991e-07,2.035705e-12,9.42996e-07,3.396255e-07,2.200906e-12,3.396221e-07
0.000209525,2.97,2.97,1.2,1.799471,2.048821,2.266714,1.199986,4.836799e-08,9.095484e-05,2.201667,2.229316,1.199983,4.836351e-08,3.275665e-05,9.429994e-07,2.061906e-12,9.42996e-07,3.396255e-07,2.201572e-12,3.396222e-07
0.000209675,2.97,2.97,1.2,1.799471,2.048821,2.266714,1.199986,4.836658e-08,9.095483e-05,2.201667,2.229316,1.199983,4.836827e-08,3.275665e-05,9.429991e-07,2.035927e-12,9.42996e-07,3.396255e-07,2.20135e-12,3.396221e-07
0.000209825,2.97,2.97,1.2,1.799471,2.048821,2.266714,1.199986,4.836676e-08,9.095484e-05,2.201667,2.229316,1.199983,4.836553e-08,3.275665e-05,9.429994e-07,2.061906e-12,9.42996e-07,3.396255e-07,2.20135e-12,3.396222e-07
0.000209975,2.97,2.97,1.2,1.799471,2.048821,2.266714,1.199986,4.836531e-08,9.095483e-05,2.201667,2.229316,1.199983,4.836599e-08,3.275665e-05,9.429991e-07,2.035705e-12,9.42996e-07,3.396255e-07,2.20135e-12,3.396221e-07
0.000210125,2.97,2.97,1.2,1.799471,2.048821,2.266714,1.199986,4.836496e-08,9.095484e-05,2.201667,2.229316,1.199983,4.836763e-08,3.275665e-05,9.429994e-07,2.061906e-12,9.429961e-07,3.396255e-07,2.20135e-12,3.396222e-07
0.000210275,2.97,2.97,1.2,1.799471,2.048821,2.266714,1.199986,4.836364e-08,9.095483e-05,2.201667,2.229316,1.199983,4.835965e-08,3.275665e-05,9.429991e-07,2.035705e-12,9.42996e-07,3.396255e-07,2.20135e-12,3.396221e-07
0.000210425,2.97,2.97,1.2,1.799471,2.048821,2.266714,1.199986,4.836311e-08,9.095484e-05,2.201667,2.229316,1.199983,4.835635e-08,3.275665e-05,9.429994e-07,2.061684e-12,9.429961e-07,3.396255e-07,2.201572e-12,3.396221e-07
0.000210575,2.97,2.97,1.2,1.799471,2.048821,2.266714,1.199986,4.836388e-08,9.095483e-05,2.201667,2.229316,1.199983,4.836713e-08,3.275665e-05,9.429991e-07,2.035705e-12,9.42996e-07,3.396255e-07,2.201572e-12,3.396221e-07
0.000210725,2.97,2.97,1.2,1.799471,2.048821,2.266714,1.199986,4.836416e-08,9.095484e-05,2.201667,2.229316,1.199983,4.836888e-08,3.275665e-05,9.429994e-07,2.061906e-12,9.42996e-07,3.396256e-07,2.20135e-12,3.396222e-07
0.000210875,2.97,2.97,1.2,1.799471,2.048821,2.266714,1.199986,4.836151e-08,9.095483e-05,2.201667,2.229316,1.199983,4.83638e-08,3.275665e-05,9.429991e-07,2.035705e-12,9.42996e-07,3.396255e-07,2.20135e-12,3.396221e-07
0.000211025,2.97,2.97,1.2,1.799471,2.048821,2.266714,1.199986,4.836519e-08,9.095484e-05,2.201667,2.229316,1.199983,4.836843e-08,3.275665e-05,9.429994e-07,2.061906e-12,9.429961e-07,3.396255e-07,2.20135e-12,3.396222e-07
0.000211175,2.97,2.97,1.2,1.799471,2.048821,2.266714,1.199986,4.836168e-08,9.095483e-05,2.201667,2.229316,1.199983,4.834763e-08,3.275665e-05,9.429991e-07,2.035705e-12,9.42996e-07,3.396255e-07,2.201572e-12,3.396221e-07
0.000211325,2.97,2.97,1.2,1.799471,2.048821,2.266714,1.199986,4.83659e-08,9.095484e-05,2.201667,2.229316,1.199983,4.836858e-08,3.275665e-05,9.429994e-07,2.061906e-12,9.429961e-07,3.396255e-07,2.20135e-12,3.396222e-07
0.000211475,2.97,2.97,1.2,1.799471,2.048821,2.266714,1.199986,4.836531e-08,9.095483e-05,2.201667,2.229316,1.199983,4.837251e-08,3.275665e-05,9.429991e-07,2.035927e-12,9.42996e-07,3.396255e-07,2.20135e-12,3.396221e-07
0.000211625,2.97,2.97,1.2,1.799471,2.048821,2.266714,1.199986,4.83626e-08,9.095484e-05,2.201667,2.229316,1.199983,4.836189e-08,3.275665e-05,9.429994e-07,2.061906e-12,9.42996e-07,3.396255e-07,2.20135e-12,3.396222e-07
0.000211775,2.97,2.97,1.2,1.799471,2.048821,2.266714,1.199986,4.836516e-08,9.095483e-05,2.201667,2.229316,1.199983,4.836562e-08,3.275665e-05,9.429991e-07,2.035705e-12,9.42996e-07,3.396255e-07,2.201572e-12,3.396221e-07
0.000211925,2.97,2.97,1.2,1.799471,2.048821,2.266714,1.199986,4.836221e-08,9.095484e-05,2.201667,2.229316,1.199983,4.837006e-08,3.275665e-05,9.429994e-07,2.061906e-12,9.429961e-07,3.396255e-07,2.20135e-12,3.396222e-07
0.000212075,2.97,2.97,1.2,1.799471,2.048821,2.266714,1.199986,4.836455e-08,9.095483e-05,2.201667,2.229316,1.199983,4.836684e-08,3.275665e-05,9.429991e-07,2.035927e-12,9.42996e-07,3.396255e-07,2.20135e-12,3.396221e-07
0.000212225,2.97,2.97,1.2,1.799471,2.048821,2.266714,1.199986,4.836196e-08,9.095484e-05,2.201667,2.229316,1.199983,4.836411e-08,3.275665e-05,9.429994e-07,2.061906e-12,9.429961e-07,3.396255e-07,2.201572e-12,3.396222e-07
0.000212375,2.97,2.97,1.2,1.799471,2.048821,2.266714,1.199986,4.836767e-08,9.095483e-05,2.201667,2.229316,1.199983,4.837073e-08,3.275665e-05,9.429991e-07,2.035705e-12,9.42996e-07,3.396255e-07,2.20135e-12,3.396221e-07
0.000212525,2.97,2.97,1.2,1.799471,2.048821,2.266714,1.199986,4.836497e-08,9.095484e-05,2.201667,2.229316,1.199983,4.83674e-08,3.275665e-05,9.429994e-07,2.061906e-12,9.429961e-07,3.396255e-07,2.20135e-12,3.396222e-07
0.000212675,2.97,2.97,1.2,1.799471,2.048821,2.266714,1.199986,4.83637e-08,9.095483e-05,2.201667,2.229316,1.199983,4.836666e-08,3.275665e-05,9.429991e-07,2.035705e-12,9.42996e-07,3.396255e-07,2.20135e-12,3.396221e-07
0.000212825,2.97,2.97,1.2,1.799471,2.048821,2.266714,1.199986,4.836782e-08,9.095484e-05,2.201667,2.229316,1.199983,4.836043e-08,3.275665e-05,9.429994e-07,2.061684e-12,9.42996e-07,3.396255e-07,2.201572e-12,3.396222e-07
0.000212975,2.97,2.97,1.2,1.799471,2.048821,2.266714,1.199986,4.836386e-08,9.095483e-05,2.201667,2.229316,1.199983,4.836383e-08,3.275665e-05,9.429991e-07,2.035705e-12,9.42996e-07,3.396255e-07,2.200906e-12,3.396221e-07
0.000213125,2.97,2.97,1.2,1.799471,2.048821,2.266714,1.199986,4.836953e-08,9.095484e-05,2.201667,2.229316,1.199983,4.836178e-08,3.275665e-05,9.429994e-07,2.061906e-12,9.429961e-07,3.396255e-07,2.20135e-12,3.396222e-07
0.000213275,2.97,2.97,1.2,1.799471,2.048821,2.266714,1.199986,4.836362e-08,9.095483e-05,2.201667,2.229316,1.199983,4.836282e-08,3.275665e-05,9.429991e-07,2.035927e-12,9.42996e-07,3.396255e-07,2.20135e-12,3.396221e-07
0.000213425,2.97,2.97,1.2,1.799471,2.048821,2.266714,1.199986,4.836529e-08,9.095484e-05,2.201667,2.229316,1.199983,4.83588e-08,3.275665e-05,9.429994e-07,2.061906e-12,9.429961e-07,3.396255e-07,2.201572e-12,3.396222e-07
0.000213575,2.97,2.97,1.2,1.799471,2.048821,2.266714,1.199986,4.836311e-08,9.095483e-05,2.201667,2.229316,1.199983,4.837097e-08,3.275665e-05,9.429991e-07,2.035705e-12,9.42996e-07,3.396255e-07,2.201128e-12,3.396221e-07
0.000213725,2.97,2.97,1.2,1.799471,2.048821,2.266714,1.199986,4.836347e-08,9.095484e-05,2.201667,2.229316,1.199983,4.837128e-08,3.275665e-05,9.429994e-07,2.061906e-12,9.429961e-07,3.396255e-07,2.201572e-12,3.396222e-07
0.000213875,2.97,2.97,1.2,1.799471,2.048821,2.266714,1.199986,4.836525e-08,9.095483e-05,2.201667,2.229316,1.199983,4.836559e-08,3.275665e-05,9.429991e-07,2.035705e-12,9.42996e-07,3.396255e-07,2.20135e-12,3.396221e-07
0.000214025,2.97,2.97,1.2,1.799471,2.048821,2.266714,1.199986,4.836315e-08,9.095484e-05,2.201667,2.229316,1.199983,4.836724e-08,3.275665e-05,9.429994e-07,2.061906e-12,9.429961e-07,3.396255e-07,2.201572e-12,3.396222e-07
0.000214175,2.97,2.97,1.2,1.799471,2.048821,2.266714,1.199986,4.836705e-08,9.095483e-05,2.201667,2.229316,1.199983,4.837385e-08,3.275665e-05,9.429991e-07,2.035705e-12,9.42996e-07,3.396255e-07,2.20135e-12,3.396221e-07
0.000214325,2.97,2.97,1.2,1.799471,2.048821,2.266714,1.199986,4.836593e-08,9.095484e-05,2.201667,2.229316,1.199983,4.837323e-08,3.275665e-05,9.429994e-07,2.061906e-12,9.429961e-07,3.396255e-07,2.20135e-12,3.396222e-07
0.000214475,2.97,2.97,1.2,1.799471,2.048821,2.266714,1.199986,4.836539e-08,9.095483e-05,2.201667,2.229316,1.199983,4.837163e-08,3.275665e-05,9.429991e-07,2.035705e-12,9.42996e-07,3.396255e-07,2.20135e-12,3.396221e-07
0.000214625,2.97,2.97,1.2,1.799471,2.048821,2.266714,1.199986,4.836517e-08,9.095484e-05,2.201667,2.229316,1.199983,4.837037e-08,3.275665e-05,9.429994e-07,2.061906e-12,9.429961e-07,3.396255e-07,2.201572e-12,3.396222e-07
0.000214775,2.97,2.97,1.2,1.799471,2.048821,2.266714,1.199986,4.836508e-08,9.095483e-05,2.201667,2.229316,1.199983,4.836303e-08,3.275665e-05,9.429991e-07,2.035705e-12,9.42996e-07,3.396255e-07,2.200906e-12,3.396221e-07
0.000214925,2.97,2.97,1.2,1.799471,2.048821,2.266714,1.199986,4.836422e-08,9.095484e-05,2.201667,2.229316,1.199983,4.836484e-08,3.275665e-05,9.429994e-07,2.061906e-12,9.429961e-07,3.396255e-07,2.201572e-12,3.396222e-07
0.000215075,2.97,2.97,1.2,1.799471,2.048821,2.266714,1.199986,4.836123e-08,9.095483e-05,2.201667,2.229316,1.199983,4.836957e-08,3.275665e-05,9.429991e-07,2.035705e-12,9.42996e-07,3.396255e-07,2.201572e-12,3.396221e-07
0.000215225,2.97,2.97,1.2,1.799471,2.048821,2.266714,1.199986,4.836493e-08,9.095484e-05,2.201667,2.229316,1.199983,4.836372e-08,3.275665e-05,9.429994e-07,2.061684e-12,9.429961e-07,3.396255e-07,2.20135e-12,3.396222e-07
0.000215375,2.97,2.97,1.2,1.799471,2.048821,2.266714,1.199986,4.836589e-08,9.095483e-05,2.201667,2.229316,1.199983,4.837061e-08,3.275665e-05,9.429991e-07,2.035927e-12,9.42996e-07,3.396256e-07,2.201572e-12,3.396221e-07
0.000215525,2.97,2.97,1.2,1.799471,2.048821,2.266714,1.199986,4.836121e-08,9.095484e-05,2.201667,2.229316,1.199983,4.836676e-08,3.275665e-05,9.429994e-07,2.061684e-12,9.42996e-07,3.396255e-07,2.20135e-12,3.396222e-07
0.000215675,2.97,2.97,1.2,1.799471,2.048821,2.266714,1.199986,4.836795e-08,9.095483e-05,2.201667,2.229316,1.199983,4.835614e-08,3.275665e-05,9.429991e-07,2.035705e-12,9.42996e-07,3.396255e-07,2.201572e-12,3.396221e-07
0.000215825,2.97,2.97,1.2,1.799471,2.048821,2.266714,1.199986,4.836362e-08,9.095484e-05,2.201667,2.229316,1.199983,4.837293e-08,3.275665e-05,9.429994e-07,2.061906e-12,9.429961e-07,3.396256e-07,2.20135e-12,3.396222e-07
0.000215975,2.97,2.97,1.2,1.799471,2.048821,2.266714,1.199986,4.83682e-08,9.095483e-05,2.201667,2.229316,1.199983,4.834674e-08,3.275665e-05,9.429991e-07,2.035705e-12,9.42996e-07,3.396255e-07,2.20135e-12,3.396221e-07
0.000216125,2.97,2.97,1.2,1.799471,2.048821,2.266714,1.199986,4.836363e-08,9.095484e-05,2.201667,2.229316,1.199983,4.837337e-08,3.275665e-05,9.429994e-07,2.061906e-12,9.429961e-07,3.396255e-07,2.20135e-12,3.396222e-07
0.000216275,2.97,2.97,1.2,1.799471,2.048821,2.266714,1.199986,4.836805e-08,9.095483e-05,2.201667,2.229316,1.199983,4.836779e-08,3.275665e-05,9.429991e-07,2.035705e-12,9.42996e-07,3.396255e-07,2.20135e-12,3.396221e-07
0.000216425,2.97,2.97,1.2,1.799471,2.048821,2.266714,1.199986,4.83654e-08,9.095484e-05,2.201667,2.229316,1.199983,4.836521e-08,3.275665e-05,9.429994e-07,2.061906e-12,9.429961e-07,3.396255e-07,2.20135e-12,3.396222e-07
0.000216575,2.97,2.97,1.2,1.799471,2.048821,2.266714,1.199986,4.836665e-08,9.095483e-05,2.201667,2.229316,1.199983,4.836556e-08,3.275665e-05,9.429991e-07,2.035705e-12,9.42996e-07,3.396255e-07,2.20135e-12,3.396221e-07
0.000216725,2.97,2.97,1.2,1.799471,2.048821,2.266714,1.199986,4.836815e-08,9.095484e-05,2.201667,2.229316,1.199983,4.837096e-08,3.275665e-05,9.429994e-07,2.061906e-12,9.42996e-07,3.396255e-07,2.20135e-12,3.396222e-07
0.000216875,2.97,2.97,1.2,1.799471,2.048821,2.266714,1.199986,4.836027e-08,9.095483e-05,2.201667,2.229316,1.199983,4.836883e-08,3.275665e-05,9.429991e-07,2.035705e-12,9.42996e-07,3.396255e-07,2.20135e-12,3.396221e-07
0.000217025,2.97,2.97,1.2,1.799471,2.048821,2.266714,1.199986,4.836474e-08,9.095484e-05,2.201667,2.229316,1.199983,4.836377e-08,3.275665e-05,9.429994e-07,2.061684e-12,9.429961e-07,3.396255e-07,2.20135e-12,3.396222e-07
0.000217175,2.97,2.97,1.2,1.799471,2.048821,2.266714,1.199986,4.836207e-08,9.095483e-05,2.201667,2.229316,1.199983,4.835386e-08,3.275665e-05,9.429991e-07,2.035705e-12,9.42996e-07,3.396255e-07,2.201128e-12,3.396221e-07
0.000217325,2.97,2.97,1.2,1.799471,2.048821,2.266714,1.199986,4.836241e-08,9.095484e-05,2.201667,2.229316,1.199983,4.837001e-08,3.275665e-05,9.429994e-07,2.061684e-12,9.42996e-07,3.396255e-07,2.20135e-12,3.396222e-07
0.000217475,2.97,2.97,1.2,1.799471,2.048821,2.266714,1.199986,4.836825e-08,9.095483e-05,2.201667,2.229316,1.199983,4.836323e-08,3.275665e-05,9.429991e-07,2.035705e-12,9.42996e-07,3.396255e-07,2.20135e-12,3.396221e-07
0.000217625,2.97,2.97,1.2,1.799471,2.048821,2.266714,1.199986,4.836242e-08,9.095484e-05,2.201667,2.229316,1.199983,4.835808e-08,3.275665e-05,9.429994e-07,2.061906e-12,9.42996e-07,3.396255e-07,2.201572e-12,3.396222e-07
0.000217775,2.97,2.97,1.2,1.799471,2.048821,2.266714,1.199986,4.836558e-08,9.095483e-05,2.201667,2.229316,1.199983,4.836509e-08,3.275665e-05,9.429991e-07,2.035705e-12,9.42996e-07,3.396255e-07,2.20135e-12,3.396221e-07
0.000217925,2.97,2.97,1.2,1.799471,2.048821,2.266714,1.199986,4.836778e-08,9.095484e-05,2.201667,2.229316,1.199983,4.835031e-08,3.275665e-05,9.429994e-07,2.061906e-12,9.429961e-07,3.396255e-07,2.20135e-12,3.396222e-07
0.000218075,2.97,2.97,1.2,1.799471,2.048821,2.266714,1.199986,4.836501e-08,9.095483e-05,2.201667,2.229316,1.199983,4.836402e-08,3.275665e-05,9.429991e-07,2.035927e-12,9.42996e-07,3.396255e-07,2.20135e-12,3.396221e-07
0.000218225,2.97,2.97,1.2,1.799471,2.048821,2.266714,1.199986,4.836235e-08,9.095484e-05,2.201667,2.229316,1.199983,4.835996e-08,3.275665e-05,9.429994e-07,2.061906e-12,9.42996e-07,3.396255e-07,2.20135e-12,3.396222e-07
0.000218375,2.97,2.97,1.2,1.799471,2.048821,2.266714,1.199986,4.836582e-08,9.095483e-05,2.201667,2.229316,1.199983,4.837336e-08,3.275665e-05,9.429991e-07,2.036149e-12,9.42996e-07,3.396255e-07,2.201572e-12,3.396221e-07
0.000218525,2.97,2.97,1.2,1.799471,2.048821,2.266714,1.199986,4.836618e-08,9.095484e-05,2.201667,2.229316,1.199983,4.835959e-08,3.275665e-05,9.429994e-07,2.061906e-12,9.429961e-07,3.396255e-07,2.201572e-12,3.396222e-07
0.000218675,2.97,2.97,1.2,1.799471,2.048821,2.266714,1.199986,4.835838e-08,9.095483e-05,2.201667,2.229316,1.199983,4.836185e-08,3.275665e-05,9.429991e-07,2.035927e-12,9.42996e-07,3.396255e-07,2.20135e-12,3.396221e-07
0.000218825,2.97,2.97,1.2,1.799471,2.048821,2.266714,1.199986,4.836648e-08,9.095484e-05,2.201667,2.229316,1.199983,4.837109e-08,3.275665e-05,9.429994e-07,2.061684e-12,9.42996e-07,3.396255e-07,2.20135e-12,3.396222e-07
0.000218975,2.97,2.97,1.2,1.799471,2.048821,2.266714,1.199986,4.836531e-08,9.095483e-05,2.201667,2.229316,1.199983,4.835909e-08,3.275665e-05,9.429991e-07,2.035927e-12,9.42996e-07,3.396255e-07,2.201572e-12,3.396221e-07
0.000219125,2.97,2.97,1.2,1.799471,2.048821,2.266714,1.199986,4.836144e-08,9.095484e-05,2.201667,2.229316,1.199983,4.836144e-08,3.275665e-05,9.429994e-07,2.061906e-12,9.42996e-07,3.396255e-07,2.20135e-12,3.396222e-07
0.000219275,2.97,2.97,1.2,1.799471,2.048821,2.266714,1.199986,4.836768e-08,9.095483e-05,2.201667,2.229316,1.199983,4.836877e-08,3.275665e-05,9.429991e-07,2.036149e-12,9.42996e-07,3.396255e-07,2.201572e-12,3.396221e-07
0.000219425,2.97,2.97,1.2,1.799471,2.048821,2.266714,1.199986,4.836157e-08,9.095484e-05,2.201667,2.229316,1.199983,4.836974e-08,3.275665e-05,9.429994e-07,2.061684e-12,9.42996e-07,3.396256e-07,2.20135e-12,3.396222e-07
0.000219575,2.97,2.97,1.2,1.799471,2.048821,2.266714,1.199986,4.836639e-08,9.095483e-05,2.201667,2.229316,1.199983,4.835152e-08,3.275665e-05,9.429991e-07,2.035927e-12,9.42996e-07,3.396255e-07,2.201128e-12,3.396221e-07
0.000219725,2.97,2.97,1.2,1.799471,2.048821,2.266714,1.199986,4.836522e-08,9.095484e-05,2.201667,2.229316,1.199983,4.835578e-08,3.275665e-05,9.429994e-07,2.061906e-12,9.429961e-07,3.396255e-07,2.20135e-12,3.396222e-07
0.000219875,2.97,2.97,1.2,1.799471,2.048821,2.266714,1.199986,4.836061e-08,9.095483e-05,2.201667,2.229316,1.199983,4.835948e-08,3.275665e-05,9.429991e-07,2.036149e-12,9.42996e-07,3.396255e-07,2.20135e-12,3.396221e-07
0.000220025,2.97,2.97,1.2,1.799471,2.048821,2.266714,1.199986,4.836772e-08,9.095484e-05,2.201667,2.229316,1.199983,4.83774e-08,3.275665e-05,9.429994e-07,2.061906e-12,9.429961e-07,3.396255e-07,2.20135e-12,3.396222e-07
0.000220175,2.97,2.97,1.2,1.799471,2.048821,2.266714,1.199986,4.83668e-08,9.095483e-05,2.201667,2.229316,1.199983,4.835932e-08,3.275665e-05,9.429991e-07,2.036149e-12,9.42996e-07,3.396255e-07,2.20135e-12,3.396221e-07
0.000220325,2.97,2.97,1.2,1.799471,2.048821,2.266714,1.199986,4.83595e-08,9.095484e-05,2.201667,2.229316,1.199983,4.836901e-08,3.275665e-05,9.429994e-07,2.061906e-12,9.42996e-07,3.396255e-07,2.20135e-12,3.396222e-07
0.000220475,2.97,2.97,1.2,1.799471,2.048821,2.266714,1.199986,4.836195e-08,9.095483e-05,2.201667,2.229316,1.199983,4.836505e-08,3.275665e-05,9.429991e-07,2.036149e-12,9.42996e-07,3.396255e-07,2.20135e-12,3.396221e-07
0.000220625,2.97,2.97,1.2,1.799471,2.048821,2.266714,1.199986,4.83653e-08,9.095484e-05,2.201667,2.229316,1.199983,4.836889e-08,3.275665e-05,9.429994e-07,2.061906e-12,9.42996e-07,3.396255e-07,2.201572e-12,3.396222e-07
0.000220775,2.97,2.97,1.2,1.799471,2.048821,2.266714,1.199986,4.836093e-08,9.095483e-05,2.201667,2.229316,1.199983,4.835494e-08,3.275665e-05,9.429991e-07,2.036149e-12,9.42996e-07,3.396255e-07,2.20135e-12,3.396221e-07
0.000220925,2.97,2.97,1.2,1.799471,2.048821,2.266714,1.199986,4.836572e-08,9.095484e-05,2.201667,2.229316,1.199983,4.83627e-08,3.275665e-05,9.429994e-07,2.061906e-12,9.429961e-07,3.396255e-07,2.201572e-12,3.396222e-07
0.000221075,2.97,2.97,1.2,1.799471,2.048821,2.266714,1.199986,4.83638e-08,9.095483e-05,2.201667,2.229316,1.199983,4.837166e-08,3.275665e-05,9.429991e-07,2.036149e-12,9.42996e-07,3.396255e-07,2.20135e-12,3.396221e-07
0.000221225,2.97,2.97,1.2,1.799471,2.048821,2.266714,1.199986,4.836146e-08,9.095484e-05,2.201667,2.229316,1.199983,4.836499e-08,3.275665e-05,9.429994e-07,2.061684e-12,9.42996e-07,3.396255e-07,2.20135e-12,3.396222e-07
0.000221375,2.97,2.97,1.2,1.799471,2.048821,2.266714,1.199986,4.836478e-08,9.095483e-05,2.201667,2.229316,1.199983,4.83719e-08,3.275665e-05,9.429991e-07,2.036149e-12,9.42996e-07,3.396255e-07,2.20135e-12,3.396221e-07
0.000221525,2.97,2.97,1.2,1.799471,2.048821,2.266714,1.199986,4.836826e-08,9.095484e-05,2.201667,2.229316,1.199983,4.835677e-08,3.275665e-05,9.429994e-07,2.061906e-12,9.429961e-07,3.396255e-07,2.20135e-12,3.396222e-07
0.000221675,2.97,2.97,1.2,1.799471,2.048821,2.266714,1.199986,4.836517e-08,9.095483e-05,2.201667,2.229316,1.199983,4.835961e-08,3.275665e-05,9.429991e-07,2.036149e-12,9.42996e-07,3.396255e-07,2.201128e-12,3.396221e-07
0.000221825,2.97,2.97,1.2,1.799471,2.048821,2.266714,1.199986,4.836627e-08,9.095484e-05,2.201667,2.229316,1.199983,4.836807e-08,3.275665e-05,9.429994e-07,2.061906e-12,9.429961e-07,3.396255e-07,2.20135e-12,3.396222e-07
0.000221975,2.97,2.97,1.2,1.799471,2.048821,2.266714,1.199986,4.836404e-08,9.095483e-05,2.201667,2.229316,1.199983,4.836776e-08,3.275665e-05,9.429991e-07,2.035927e-12,9.42996e-07,3.396255e-07,2.20135e-12,3.396221e-07
0.000222125,2.97,2.97,1.2,1.799471,2.048821,2.266714,1.199986,4.836719e-08,9.095484e-05,2.201667,2.229316,1.199983,4.836647e-08,3.275665e-05,9.429994e-07,2.061906e-12,9.42996e-07,3.396255e-07,2.201572e-12,3.396222e-07
0.000222275,2.97,2.97,1.2,1.799471,2.048821,2.266714,1.199986,4.836178e-08,9.095483e-05,2.201667,2.229316,1.199983,4.836258e-08,3.275665e-05,9.429991e-07,2.035927e-12,9.42996e-07,3.396255e-07,2.20135e-12,3.396221e-07
0.000222425,2.97,2.97,1.2,1.799471,2.048821,2.266714,1.199986,4.836682e-08,9.095484e-05,2.201667,2.229316,1.199983,4.837048e-08,3.275665e-05,9.429994e-07,2.061906e-12,9.429961e-07,3.396255e-07,2.20135e-12,3.396222e-07
0.000222575,2.97,2.97,1.2,1.799471,2.048821,2.266714,1.199986,4.836307e-08,9.095483e-05,2.201667,2.229316,1.199983,4.837091e-08,3.275665e-05,9.429991e-07,2.035927e-12,9.42996e-07,3.396255e-07,2.20135e-12,3.396221e-07
0.000222725,2.97,2.97,1.2,1.799471,2.048821,2.266714,1.199986,4.836567e-08,9.095484e-05,2.201667,2.229316,1.199983,4.835969e-08,3.275665e-05,9.429994e-07,2.061906e-12,9.429961e-07,3.396255e-07,2.201572e-12,3.396222e-07
0.000222875,2.97,2.97,1.2,1.799471,2.048821,2.266714,1.199986,4.836611e-08,9.095483e-05,2.201667,2.229316,1.199983,4.836731e-08,3.275665e-05,9.429991e-07,2.036149e-12,9.42996e-07,3.396255e-07,2.20135e-12,3.396221e-07
0.000223025,2.97,2.97,1.2,1.799471,2.048821,2.266714,1.199986,4.83612e-08,9.095484e-05,2.201667,2.229316,1.199983,4.836621e-08,3.275665e-05,9.429994e-07,2.061684e-12,9.429961e-07,3.396255e-07,2.20135e-12,3.396222e-07
0.000223175,2.97,2.97,1.2,1.799471,2.048821,2.266714,1.199986,4.836734e-08,9.095483e-05,2.201667,2.229316,1.199983,4.836302e-08,3.275665e-05,9.429991e-07,2.036149e-12,9.42996e-07,3.396255e-07,2.20135e-12,3.396221e-07
0.000223325,2.97,2.97,1.2,1.799471,2.048821,2.266714,1.199986,4.836423e-08,9.095484e-05,2.201667,2.229316,1.199983,4.836643e-08,3.275665e-05,9.429994e-07,2.061906e-12,9.429961e-07,3.396255e-07,2.201572e-12,3.396222e-07
0.000223475,2.97,2.97,1.2,1.799471,2.048821,2.266714,1.199986,4.836093e-08,9.095483e-05,2.201667,2.229316,1.199983,4.836842e-08,3.275665e-05,9.429991e-07,2.036149e-12,9.42996e-07,3.396255e-07,2.20135e-12,3.396221e-07
0.000223625,2.97,2.97,1.2,1.799471,2.048821,2.266714,1.199986,4.836265e-08,9.095484e-05,2.201667,2.229316,1.199983,4.835361e-08,3.275665e-05,9.429994e-07,2.061906e-12,9.429961e-07,3.396255e-07,2.20135e-12,3.396221e-07
0.000223775,2.97,2.97,1.2,1.799471,2.048821,2.266714,1.199986,4.836551e-08,9.095483e-05,2.201667,2.229316,1.199983,4.83621e-08,3.275665e-05,9.429991e-07,2.036149e-12,9.42996e-07,3.396255e-07,2.20135e-12,3.396221e-07
0.000223925,2.97,2.97,1.2,1.799471,2.048821,2.266714,1.199986,4.836486e-08,9.095484e-05,2.201667,2.229316,1.199983,4.835614e-08,3.275665e-05,9.429994e-07,2.061684e-12,9.42996e-07,3.396255e-07,2.201572e-12,3.396221e-07
0.000224075,2.97,2.97,1.2,1.799471,2.048821,2.266714,1.199986,4.836807e-08,9.095483e-05,2.201667,2.229316,1.199983,4.835892e-08,3.275665e-05,9.429991e-07,2.036149e-12,9.42996e-07,3.396255e-07,2.20135e-12,3.396221e-07
0.000224225,2.97,2.97,1.2,1.799471,2.048821,2.266714,1.199986,4.836565e-08,9.095484e-05,2.201667,2.229316,1.199983,4.83635e-08,3.275665e-05,9.429994e-07,2.061906e-12,9.429961e-07,3.396255e-07,2.20135e-12,3.396222e-07
0.000224375,2.97,2.97,1.2,1.799471,2.048821,2.266714,1.199986,4.836626e-08,9.095483e-05,2.201667,2.229316,1.199983,4.836426e-08,3.275665e-05,9.429991e-07,2.036149e-12,9.42996e-07,3.396255e-07,2.20135e-12,3.396221e-07
0.000224525,2.97,2.97,1.2,1.799471,2.048821,2.266714,1.199986,4.836566e-08,9.095484e-05,2.201667,2.229316,1.199983,4.836675e-08,3.275665e-05,9.429994e-07,2.061906e-12,9.42996e-07,3.396255e-07,2.20135e-12,3.396222e-07
0.000224675,2.97,2.97,1.2,1.799471,2.048821,2.266714,1.199986,4.836716e-08,9.095483e-05,2.201667,2.229316,1.199983,4.836333e-08,3.275665e-05,9.429991e-07,2.035927e-12,9.42996e-07,3.396255e-07,2.20135e-12,3.396221e-07
0.000224825,2.97,2.97,1.2,1.799471,2.048821,2.266714,1.199986,4.836677e-08,9.095484e-05,2.201667,2.229316,1.199983,4.836431e-08,3.275665e-05,9.429994e-07,2.061906e-12,9.42996e-07,3.396255e-07,2.201572e-12,3.396222e-07
0.000224975,2.97,2.97,1.2,1.799471,2.048821,2.266714,1.199986,4.836663e-08,9.095483e-05,2.201667,2.229316,1.199983,4.836519e-08,3.275665e-05,9.429991e-07,2.036149e-12,9.42996e-07,3.396255e-07,2.201128e-12,3.396221e-07
0.000225125,2.97,2.97,1.2,1.799471,2.048821,2.266714,1.199986,4.836417e-08,9.095484e-05,2.201667,2.229316,1.199983,4.836816e-08,3.275665e-05,9.429994e-07,2.061906e-12,9.42996e-07,3.396255e-07,2.20135e-12,3.396222e-07
0.000225275,2.97,2.97,1.2,1.799471,2.048821,2.266714,1.199986,4.836463e-08,9.095483e-05,2.201667,2.229316,1.199983,4.836563e-08,3.275665e-05,9.429991e-07,2.036149e-12,9.42996e-07,3.396255e-07,2.201128e-12,3.396221e-07
0.000225425,2.97,2.97,1.2,1.799471,2.048821,2.266714,1.199986,4.836211e-08,9.095484e-05,2.201667,2.229316,1.199983,4.835876e-08,3.275665e-05,9.429994e-07,2.061684e-12,9.42996e-07,3.396255e-07,2.20135e-12,3.396222e-07
0.000225575,2.97,2.97,1.2,1.799471,2.048821,2.266714,1.199986,4.836419e-08,9.095483e-05,2.201667,2.229316,1.199983,4.836889e-08,3.275665e-05,9.429991e-07,2.036149e-12,9.42996e-07,3.396255e-07,2.20135e-12,3.396221e-07
0.000225725,2.97,2.97,1.2,1.799471,2.048821,2.266714,1.199986,4.836511e-08,9.095484e-05,2.201667,2.229316,1.199983,4.836755e-08,3.275665e-05,9.429994e-07,2.061684e-12,9.429961e-07,3.396256e-07,2.201572e-12,3.396222e-07
0.000225875,2.97,2.97,1.2,1.799471,2.048821,2.266714,1.199986,4.83651e-08,9.095483e-05,2.201667,2.229316,1.199983,4.836472e-08,3.275665e-05,9.429991e-07,2.036149e-12,9.42996e-07,3.396255e-07,2.20135e-12,3.396221e-07
0.000226025,2.97,2.97,1.2,1.799471,2.048821,2.266714,1.199986,4.836355e-08,9.095484e-05,2.201667,2.229316,1.199983,4.836277e-08,3.275665e-05,9.429994e-07,2.061906e-12,9.429961e-07,3.396255e-07,2.20135e-12,3.396222e-07
0.000226175,2.97,2.97,1.2,1.799471,2.048821,2.266714,1.199986,4.835944e-08,9.095483e-05,2.201667,2.229316,1.199983,4.835698e-08,3.275665e-05,9.429991e-07,2.036149e-12,9.42996e-07,3.396255e-07,2.20135e-12,3.396221e-07
0.000226325,2.97,2.97,1.2,1.799471,2.048821,2.266714,1.199986,4.836469e-08,9.095484e-05,2.201667,2.229316,1.199983,4.836287e-08,3.275665e-05,9.429994e-07,2.061906e-12,9.42996e-07,3.396255e-07,2.20135e-12,3.396222e-07
0.000226475,2.97,2.97,1.2,1.799471,2.048821,2.266714,1.199986,4.836368e-08,9.095483e-05,2.201667,2.229316,1.199983,4.835615e-08,3.275665e-05,9.429991e-07,2.035927e-12,9.42996e-07,3.396255e-07,2.201128e-12,3.396221e-07
0.000226625,2.97,2.97,1.2,1.799471,2.048821,2.266714,1.199986,4.836499e-08,9.095484e-05,2.201667,2.229316,1.199983,4.835656e-08,3.275665e-05,9.429994e-07,2.061906e-12,9.42996e-07,3.396255e-07,2.20135e-12,3.396222e-07
0.000226775,2.97,2.97,1.2,1.799471,2.048821,2.266714,1.199986,4.836261e-08,9.095483e-05,2.201667,2.229316,1.199983,4.835897e-08,3.275665e-05,9.429991e-07,2.036149e-12,9.42996e-07,3.396255e-07,2.201572e-12,3.396221e-07
0.000226925,2.97,2.97,1.2,1.799471,2.048821,2.266714,1.199986,4.836425e-08,9.095484e-05,2.201667,2.229316,1.199983,4.835539e-08,3.275665e-05,9.429994e-07,2.061906e-12,9.429961e-07,3.396255e-07,2.20135e-12,3.396222e-07
0.000227075,2.97,2.97,1.2,1.799471,2.048821,2.266714,1.199986,4.836193e-08,9.095483e-05,2.201667,2.229316,1.199983,4.835646e-08,3.275665e-05,9.429991e-07,2.036149e-12,9.42996e-07,3.396255e-07,2.201572e-12,3.396221e-07
0.000227225,2.97,2.97,1.2,1.799471,2.048821,2.266714,1.199986,4.836546e-08,9.095484e-05,2.201667,2.229316,1.199983,4.836557e-08,3.275665e-05,9.429994e-07,2.061684e-12,9.429961e-07,3.396255e-07,2.20135e-12,3.396222e-07
0.000227375,2.97,2.97,1.2,1.799471,2.048821,2.266714,1.199986,4.836514e-08,9.095483e-05,2.201667,2.229316,1.199983,4.835439e-08,3.275665e-05,9.429991e-07,2.036149e-12,9.42996e-07,3.396255e-07,2.201572e-12,3.396221e-07
0.000227525,2.97,2.97,1.2,1.799471,2.048821,2.266714,1.199986,4.836082e-08,9.095484e-05,2.201667,2.229316,1.199983,4.836125e-08,3.275665e-05,9.429994e-07,2.061906e-12,9.42996e-07,3.396255e-07,2.20135e-12,3.396222e-07
0.000227675,2.97,2.97,1.2,1.799471,2.048821,2.266714,1.199986,4.836847e-08,9.095483e-05,2.201667,2.229316,1.199983,4.836526e-08,3.275665e-05,9.429991e-07,2.036149e-12,9.42996e-07,3.396255e-07,2.20135e-12,3.396221e-07
0.000227825,2.97,2.97,1.2,1.799471,2.048821,2.266714,1.199986,4.836679e-08,9.095484e-05,2.201667,2.229316,1.199983,4.835845e-08,3.275665e-05,9.429994e-07,2.061906e-12,9.42996e-07,3.396255e-07,2.201572e-12,3.396222e-07
0.000227975,2.97,2.97,1.2,1.799471,2.048821,2.266714,1.199986,4.836254e-08,9.095483e-05,2.201667,2.229316,1.199983,4.836566e-08,3.275665e-05,9.429991e-07,2.036149e-12,9.42996e-07,3.396255e-07,2.20135e-12,3.396221e-07
0.000228125,2.97,2.97,1.2,1.799471,2.048821,2.266714,1.199986,4.836172e-08,9.095484e-05,2.201667,2.229316,1.199983,4.836265e-08,3.275665e-05,9.429994e-07,2.061906e-12,9.429961e-07,3.396255e-07,2.201572e-12,3.396222e-07
0.000228275,2.97,2.97,1.2,1.799471,2.048821,2.266714,1.199986,4.836452e-08,9.095483e-05,2.201667,2.229316,1.199983,4.836128e-08,3.275665e-05,9.429991e-07,2.036149e-12,9.42996e-07,3.396255e-07,2.20135e-12,3.396221e-07
0.000228425,2.97,2.97,1.2,1.799471,2.048821,2.266714,1.199986,4.83632e-08,9.095484e-05,2.201667,2.229316,1.199983,4.836256e-08,3.275665e-05,9.429994e-07,2.061906e-12,9.42996e-07,3.396255e-07,2.201572e-12,3.396222e-07
0.000228575,2.97,2.97,1.2,1.799471,2.048821,2.266714,1.199986,4.836073e-08,9.095483e-05,2.201667,2.229316,1.199983,4.835617e-08,3.275665e-05,9.429991e-07,2.035927e-12,9.42996e-07,3.396255e-07,2.201572e-12,3.396221e-07
0.000228725,2.97,2.97,1.2,1.799471,2.048821,2.266714,1.199986,4.836462e-08,9.095484e-05,2.201667,2.229316,1.199983,4.835458e-08,3.275665e-05,9.429994e-07,2.061684e-12,9.429961e-07,3.396255e-07,2.20135e-12,3.396222e-07
0.000228875,2.97,2.97,1.2,1.799471,2.048821,2.266714,1.199986,4.836432e-08,9.095483e-05,2.201667,2.229316,1.199983,4.836107e-08,3.275665e-05,9.429991e-07,2.036149e-12,9.42996e-07,3.396255e-07,2.201572e-12,3.396221e-07
0.000229025,2.97,2.97,1.2,1.799471,2.048821,2.266714,1.199986,4.836518e-08,9.095484e-05,2.201667,2.229316,1.199983,4.835429e-08,3.275665e-05,9.429994e-07,2.061906e-12,9.429961e-07,3.396255e-07,2.20135e-12,3.396222e-07
0.000229175,2.97,2.97,1.2,1.799471,2.048821,2.266714,1.199986,4.836361e-08,9.095483e-05,2.201667,2.229316,1.199983,4.83723e-08,3.275665e-05,9.429991e-07,2.036149e-12,9.42996e-07,3.396255e-07,2.20135e-12,3.396221e-07
0.000229325,2.97,2.97,1.2,1.799471,2.048821,2.266714,1.199986,4.836459e-08,9.095484e-05,2.201667,2.229316,1.199983,4.836872e-08,3.275665e-05,9.429994e-07,2.061906e-12,9.429961e-07,3.396255e-07,2.20135e-12,3.396222e-07
0.000229475,2.97,2.97,1.2,1.799471,2.048821,2.266714,1.199986,4.836783e-08,9.095483e-05,2.201667,2.229316,1.199983,4.836628e-08,3.275665e-05,9.429991e-07,2.036149e-12,9.42996e-07,3.396255e-07,2.201572e-12,3.396221e-07
0.000229625,2.97,2.97,1.2,1.799471,2.048821,2.266714,1.199986,4.836199e-08,9.095484e-05,2.201667,2.229316,1.199983,4.836864e-08,3.275665e-05,9.429994e-07,2.061906e-12,9.42996e-07,3.396256e-07,2.20135e-12,3.396222e-07
0.000229775,2.97,2.97,1.2,1.799471,2.048821,2.266714,1.199986,4.836317e-08,9.095483e-05,2.201667,2.229316,1.199983,4.83711e-08,3.275665e-05,9.429991e-07,2.036149e-12,9.42996e-07,3.396255e-07,2.201572e-12,3.396221e-07
0.000229925,2.97,2.97,1.2,1.799471,2.048821,2.266714,1.199986,4.836206e-08,9.095484e-05,2.201667,2.229316,1.199983,4.836913e-08,3.275665e-05,9.429994e-07,2.061684e-12,9.429961e-07,3.396255e-07,2.20135e-12,3.396222e-07
0.000230075,2.97,2.97,1.2,1.799471,2.048821,2.266714,1.199986,4.836734e-08,9.095483e-05,2.201667,2.229316,1.199983,4.83719e-08,3.275665e-05,9.429991e-07,2.036149e-12,9.42996e-07,3.396256e-07,2.20135e-12,3.396221e-07
0.000230225,2.97,2.97,1.2,1.799471,2.048821,2.266714,1.199986,4.836708e-08,9.095484e-05,2.201667,2.229316,1.199983,4.833584e-08,3.275665e-05,9.429994e-07,2.061906e-12,9.429961e-07,3.396255e-07,2.20135e-12,3.396222e-07
0.000230375,2.97,2.97,1.2,1.799471,2.048821,2.266714,1.199986,4.836266e-08,9.095483e-05,2.201667,2.229316,1.199983,4.83621e-08,3.275665e-05,9.429991e-07,2.036149e-12,9.42996e-07,3.396255e-07,2.20135e-12,3.396221e-07
0.000230525,2.97,2.97,1.2,1.799471,2.048821,2.266714,1.199986,4.836486e-08,9.095484e-05,2.201667,2.229316,1.199983,4.836274e-08,3.275665e-05,9.429994e-07,2.061906e-12,9.429961e-07,3.396255e-07,2.201572e-12,3.396222e-07
0.000230675,2.97,2.97,1.2,1.799471,2.048821,2.266714,1.199986,4.836434e-08,9.095483e-05,2.201667,2.229316,1.199983,4.835814e-08,3.275665e-05,9.429991e-07,2.036149e-12,9.42996e-07,3.396255e-07,2.201128e-12,3.396221e-07
0.000230825,2.97,2.97,1.2,1.799471,2.048821,2.266714,1.199986,4.836365e-08,9.095484e-05,2.201667,2.229316,1.199983,4.836748e-08,3.275665e-05,9.429994e-07,2.061906e-12,9.429961e-07,3.396255e-07,2.20135e-12,3.396222e-07
0.000230975,2.97,2.97,1.2,1.799471,2.048821,2.266714,1.199986,4.836343e-08,9.095483e-05,2.201667,2.229316,1.199983,4.836866e-08,3.275665e-05,9.429991e-07,2.036149e-12,9.42996e-07,3.396255e-07,2.20135e-12,3.396221e-07
0.000231125,2.97,2.97,1.2,1.799471,2.048821,2.266714,1.199986,4.836375e-08,9.095484e-05,2.201667,2.229316,1.199983,4.836229e-08,3.275665e-05,9.429994e-07,2.061684e-12,9.429961e-07,3.396255e-07,2.201572e-12,3.396222e-07
0.000231275,2.97,2.97,1.2,1.799471,2.048821,2.266714,1.199986,4.836712e-08,9.095483e-05,2.201667,2.229316,1.199983,4.836866e-08,3.275665e-05,9.429991e-07,2.036149e-12,9.42996e-07,3.396255e-07,2.201128e-12,3.396221e-07
0.000231425,2.97,2.97,1.2,1.799471,2.048821,2.266714,1.199986,4.836452e-08,9.095484e-05,2.201667,2.229316,1.199983,4.835833e-08,3.275665e-05,9.429994e-07,2.061462e-12,9.429961e-07,3.396255e-07,2.20135e-12,3.396222e-07
0.000231575,2.97,2.97,1.2,1.799471,2.048821,2.266714,1.199986,4.836397e-08,9.095483e-05,2.201667,2.229316,1.199983,4.836429e-08,3.275665e-05,9.429991e-07,2.036149e-12,9.42996e-07,3.396255e-07,2.201128e-12,3.396221e-07
0.000231725,2.97,2.97,1.2,1.799471,2.048821,2.266714,1.199986,4.836274e-08,9.095484e-05,2.201667,2.229316,1.199983,4.83694e-08,3.275665e-05,9.429994e-07,2.061462e-12,9.42996e-07,3.396255e-07,2.20135e-12,3.396222e-07
0.000231875,2.97,2.97,1.2,1.799471,2.048821,2.266714,1.199986,4.836344e-08,9.095483e-05,2.201667,2.229316,1.199983,4.836513e-08,3.275665e-05,9.429991e-07,2.036149e-12,9.42996e-07,3.396255e-07,2.20135e-12,3.396221e-07
0.000232025,2.97,2.97,1.2,1.799471,2.048821,2.266714,1.199986,4.836108e-08,9.095484e-05,2.201667,2.229316,1.199983,4.837694e-08,3.275665e-05,9.429994e-07,2.061684e-12,9.42996e-07,3.396255e-07,2.20135e-12,3.396222e-07
0.000232175,2.97,2.97,1.2,1.799471,2.048821,2.266714,1.199986,4.836624e-08,9.095483e-05,2.201667,2.229316,1.199983,4.837167e-08,3.275665e-05,9.429991e-07,2.036149e-12,9.42996e-07,3.396255e-07,2.20135e-12,3.396221e-07
0.000232325,2.97,2.97,1.2,1.799471,2.048821,2.266714,1.199986,4.83654e-08,9.095484e-05,2.201667,2.229316,1.199983,4.836726e-08,3.275665e-05,9.429994e-07,2.061462e-12,9.429961e-07,3.396255e-07,2.201572e-12,3.396222e-07
0.000232475,2.97,2.97,1.2,1.799471,2.048821,2.266714,1.199986,4.836517e-08,9.095483e-05,2.201667,2.229316,1.199983,4.835799e-08,3.275665e-05,9.429991e-07,2.036149e-12,9.42996e-07,3.396255e-07,2.201128e-12,3.396221e-07
0.000232625,2.97,2.97,1.2,1.799471,2.048821,2.266714,1.199986,4.836249e-08,9.095484e-05,2.201667,2.229316,1.199983,4.836767e-08,3.275665e-05,9.429994e-07,2.061462e-12,9.429961e-07,3.396255e-07,2.20135e-12,3.396222e-07
0.000232775,2.97,2.97,1.2,1.799471,2.048821,2.266714,1.199986,4.836241e-08,9.095483e-05,2.201667,2.229316,1.199983,4.836445e-08,3.275665e-05,9.429991e-07,2.035927e-12,9.42996e-07,3.396255e-07,2.20135e-12,3.396221e-07
0.000232925,2.97,2.97,1.2,1.799471,2.048821,2.266714,1.199986,4.836558e-08,9.095484e-05,2.201667,2.229316,1.199983,4.836667e-08,3.275665e-05,9.429994e-07,2.061462e-12,9.42996e-07,3.396255e-07,2.20135e-12,3.396222e-07
0.000233075,2.97,2.97,1.2,1.799471,2.048821,2.266714,1.199986,4.835889e-08,9.095483e-05,2.201667,2.229316,1.199983,4.837052e-08,3.275665e-05,9.429991e-07,2.036149e-12,9.42996e-07,3.396255e-07,2.20135e-12,3.396221e-07
0.000233225,2.97,2.97,1.2,1.799471,2.048821,2.266714,1.199986,4.836729e-08,9.095484e-05,2.201667,2.229316,1.199983,4.836615e-08,3.275665e-05,9.429994e-07,2.061462e-12,9.42996e-07,3.396255e-07,2.20135e-12,3.396222e-07
0.000233375,2.97,2.97,1.2,1.799471,2.048821,2.266714,1.199986,4.83724e-08,9.095483e-05,2.201667,2.229316,1.199983,4.836298e-08,3.275665e-05,9.429991e-07,2.036149e-12,9.42996e-07,3.396255e-07,2.201572e-12,3.396221e-07
0.000233525,2.97,2.97,1.2,1.799471,2.048821,2.266714,1.199986,4.836338e-08,9.095484e-05,2.201667,2.229316,1.199983,4.83634e-08,3.275665e-05,9.429994e-07,2.061462e-12,9.42996e-07,3.396256e-07,2.20135e-12,3.396222e-07
0.000233675,2.97,2.97,1.2,1.799471,2.048821,2.266714,1.199986,4.836765e-08,9.095483e-05,2.201667,2.229316,1.199983,4.83617e-08,3.275665e-05,9.429991e-07,2.036149e-12,9.42996e-07,3.396255e-07,2.20135e-12,3.396221e-07
0.000233825,2.97,2.97,1.2,1.799471,2.048821,2.266714,1.199986,4.836068e-08,9.095484e-05,2.201667,2.229316,1.199983,4.836236e-08,3.275665e-05,9.429994e-07,2.061462e-12,9.42996e-07,3.396255e-07,2.20135e-12,3.396222e-07
0.000233975,2.97,2.97,1.2,1.799471,2.048821,2.266714,1.199986,4.836855e-08,9.095483e-05,2.201667,2.229316,1.199983,4.83682e-08,3.275665e-05,9.429991e-07,2.036149e-12,9.42996e-07,3.396255e-07,2.20135e-12,3.396221e-07
0.000234125,2.97,2.97,1.2,1.799471,2.048821,2.266714,1.199986,4.836357e-08,9.095484e-05,2.201667,2.229316,1.199983,4.83662e-08,3.275665e-05,9.429994e-07,2.061684e-12,9.429961e-07,3.396255e-07,2.201572e-12,3.396222e-07
0.000234275,2.97,2.97,1.2,1.799471,2.048821,2.266714,1.199986,4.836473e-08,9.095483e-05,2.201667,2.229316,1.199983,4.836297e-08,3.275665e-05,9.429991e-07,2.035927e-12,9.42996e-07,3.396255e-07,2.20135e-12,3.396221e-07
0.000234425,2.97,2.97,1.2,1.799471,2.048821,2.266714,1.199986,4.836565e-08,9.095484e-05,2.201667,2.229316,1.199983,4.835845e-08,3.275665e-05,9.429994e-07,2.061462e-12,9.42996e-07,3.396255e-07,2.201572e-12,3.396222e-07
0.000234575,2.97,2.97,1.2,1.799471,2.048821,2.266714,1.199986,4.83663e-08,9.095483e-05,2.201667,2.229316,1.199983,4.835682e-08,3.275665e-05,9.429991e-07,2.036149e-12,9.42996e-07,3.396255e-07,2.201128e-12,3.396221e-07
0.000234725,2.97,2.97,1.2,1.799471,2.048821,2.266714,1.199986,4.836625e-08,9.095484e-05,2.201667,2.229316,1.199983,4.836202e-08,3.275665e-05,9.429994e-07,2.061462e-12,9.42996e-07,3.396255e-07,2.20135e-12,3.396222e-07
0.000234875,2.97,2.97,1.2,1.799471,2.048821,2.266714,1.199986,4.836552e-08,9.095483e-05,2.201667,2.229316,1.199983,4.83608e-08,3.275665e-05,9.429991e-07,2.036149e-12,9.42996e-07,3.396255e-07,2.20135e-12,3.396221e-07
0.000235025,2.97,2.97,1.2,1.799471,2.048821,2.266714,1.199986,4.836765e-08,9.095484e-05,2.201667,2.229316,1.199983,4.837023e-08,3.275665e-05,9.429994e-07,2.061462e-12,9.429961e-07,3.396255e-07,2.20135e-12,3.396222e-07
0.000235175,2.97,2.97,1.2,1.799471,2.048821,2.266714,1.199986,4.83636e-08,9.095483e-05,2.201667,2.229316,1.199983,4.836335e-08,3.275665e-05,9.429991e-07,2.035927e-12,9.42996e-07,3.396255e-07,2.20135e-12,3.396221e-07
0.000235325,2.97,2.97,1.2,1.799471,2.048821,2.266714,1.199986,4.83636e-08,9.095484e-05,2.201667,2.229316,1.199983,4.836276e-08,3.275665e-05,9.429994e-07,2.061462e-12,9.429961e-07,3.396255e-07,2.201572e-12,3.396221e-07
0.000235475,2.97,2.97,1.2,1.799471,2.048821,2.266714,1.199986,4.836273e-08,9.095483e-05,2.201667,2.229316,1.199983,4.837155e-08,3.275665e-05,9.429991e-07,2.036149e-12,9.42996e-07,3.396255e-07,2.20135e-12,3.396221e-07
0.000235625,2.97,2.97,1.2,1.799471,2.048821,2.266714,1.199986,4.83629e-08,9.095484e-05,2.201667,2.229316,1.199983,4.837472e-08,3.275665e-05,9.429994e-07,2.061462e-12,9.42996e-07,3.396255e-07,2.20135e-12,3.396222e-07
0.000235775,2.97,2.97,1.2,1.799471,2.048821,2.266714,1.199986,4.836245e-08,9.095483e-05,2.201667,2.229316,1.199983,4.836227e-08,3.275665e-05,9.429991e-07,2.035927e-12,9.42996e-07,3.396255e-07,2.201572e-12,3.396221e-07
0.000235925,2.97,2.97,1.2,1.799471,2.048821,2.266714,1.199986,4.83598e-08,9.095484e-05,2.201667,2.229316,1.199983,4.836277e-08,3.275665e-05,9.429994e-07,2.061462e-12,9.429961e-07,3.396255e-07,2.20135e-12,3.396222e-07
0.000236075,2.97,2.97,1.2,1.799471,2.048821,2.266714,1.199986,4.836587e-08,9.095483e-05,2.201667,2.229316,1.199983,4.836288e-08,3.275665e-05,9.429991e-07,2.036149e-12,9.42996e-07,3.396255e-07,2.20135e-12,3.396221e-07
0.000236225,2.97,2.97,1.2,1.799471,2.048821,2.266714,1.199986,4.836398e-08,9.095484e-05,2.201667,2.229316,1.199983,4.836938e-08,3.275665e-05,9.429994e-07,2.061684e-12,9.429961e-07,3.396255e-07,2.20135e-12,3.396222e-07
0.000236375,2.97,2.97,1.2,1.799471,2.048821,2.266714,1.199986,4.836642e-08,9.095483e-05,2.201667,2.229316,1.199983,4.836739e-08,3.275665e-05,9.429991e-07,2.035927e-12,9.42996e-07,3.396255e-07,2.201572e-12,3.396221e-07
0.000236525,2.97,2.97,1.2,1.799471,2.048821,2.266714,1.199986,4.8365e-08,9.095484e-05,2.201667,2.229316,1.199983,4.834436e-08,3.275665e-05,9.429994e-07,2.061684e-12,9.42996e-07,3.396255e-07,2.20135e-12,3.396222e-07
0.000236675,2.97,2.97,1.2,1.799471,2.048821,2.266714,1.199986,4.836259e-08,9.095483e-05,2.201667,2.229316,1.199983,4.836271e-08,3.275665e-05,9.429991e-07,2.035927e-12,9.42996e-07,3.396255e-07,2.20135e-12,3.396221e-07
0.000236825,2.97,2.97,1.2,1.799471,2.048821,2.266714,1.199986,4.836588e-08,9.095484e-05,2.201667,2.229316,1.199983,4.836672e-08,3.275665e-05,9.429994e-07,2.061684e-12,9.429961e-07,3.396255e-07,2.20135e-12,3.396222e-07
0.000236975,2.97,2.97,1.2,1.799471,2.048821,2.266714,1.199986,4.836734e-08,9.095483e-05,2.201667,2.229316,1.199983,4.835806e-08,3.275665e-05,9.429991e-07,2.035927e-12,9.42996e-07,3.396255e-07,2.201128e-12,3.396221e-07
0.000237125,2.97,2.97,1.2,1.799471,2.048821,2.266714,1.199986,4.837015e-08,9.095484e-05,2.201667,2.229316,1.199983,4.835959e-08,3.275665e-05,9.429994e-07,2.061462e-12,9.429961e-07,3.396255e-07,2.20135e-12,3.396222e-07
0.000237275,2.97,2.97,1.2,1.799471,2.048821,2.266714,1.199986,4.836238e-08,9.095483e-05,2.201667,2.229316,1.199983,4.836242e-08,3.275665e-05,9.429991e-07,2.036149e-12,9.42996e-07,3.396255e-07,2.201128e-12,3.396221e-07
0.000237425,2.97,2.97,1.2,1.799471,2.048821,2.266714,1.199986,4.836785e-08,9.095484e-05,2.201667,2.229316,1.199983,4.835948e-08,3.275665e-05,9.429994e-07,2.061462e-12,9.429961e-07,3.396255e-07,2.20135e-12,3.396222e-07
0.000237575,2.97,2.97,1.2,1.799471,2.048821,2.266714,1.199986,4.836417e-08,9.095483e-05,2.201667,2.229316,1.199983,4.836218e-08,3.275665e-05,9.429991e-07,2.036149e-12,9.42996e-07,3.396255e-07,2.20135e-12,3.396221e-07
0.000237725,2.97,2.97,1.2,1.799471,2.048821,2.266714,1.199986,4.835742e-08,9.095484e-05,2.201667,2.229316,1.199983,4.83602e-08,3.275665e-05,9.429994e-07,2.061462e-12,9.42996e-07,3.396255e-07,2.20135e-12,3.396222e-07
0.000237875,2.97,2.97,1.2,1.799471,2.048821,2.266714,1.199986,4.836808e-08,9.095483e-05,2.201667,2.229316,1.199983,4.836685e-08,3.275665e-05,9.429991e-07,2.035927e-12,9.42996e-07,3.396255e-07,2.201128e-12,3.396221e-07
0.000238025,2.97,2.97,1.2,1.799471,2.048821,2.266714,1.199986,4.836156e-08,9.095484e-05,2.201667,2.229316,1.199983,4.836455e-08,3.275665e-05,9.429994e-07,2.061462e-12,9.42996e-07,3.396255e-07,2.20135e-12,3.396222e-07
0.000238175,2.97,2.97,1.2,1.799471,2.048821,2.266714,1.199986,4.836511e-08,9.095483e-05,2.201667,2.229316,1.199983,4.836436e-08,3.275665e-05,9.429991e-07,2.035927e-12,9.42996e-07,3.396255e-07,2.20135e-12,3.396221e-07
0.000238325,2.97,2.97,1.2,1.799471,2.048821,2.266714,1.199986,4.836408e-08,9.095484e-05,2.201667,2.229316,1.199983,4.837199e-08,3.275665e-05,9.429994e-07,2.061462e-12,9.42996e-07,3.396256e-07,2.20135e-12,3.396222e-07
0.000238475,2.97,2.97,1.2,1.799471,2.048821,2.266714,1.199986,4.836363e-08,9.095483e-05,2.201667,2.229316,1.199983,4.836354e-08,3.275665e-05,9.429991e-07,2.036149e-12,9.42996e-07,3.396255e-07,2.20135e-12,3.396221e-07
0.000238625,2.97,2.97,1.2,1.799471,2.048821,2.266714,1.199986,4.836344e-08,9.095484e-05,2.201667,2.229316,1.199983,4.836641e-08,3.275665e-05,9.429994e-07,2.061462e-12,9.429961e-07,3.396255e-07,2.20135e-12,3.396222e-07
0.000238775,2.97,2.97,1.2,1.799471,2.048821,2.266714,1.199986,4.836519e-08,9.095483e-05,2.201667,2.229316,1.199983,4.836177e-08,3.275665e-05,9.429991e-07,2.036149e-12,9.42996e-07,3.396255e-07,2.20135e-12,3.396221e-07
0.000238925,2.97,2.97,1.2,1.799471,2.048821,2.266714,1.199986,4.836597e-08,9.095484e-05,2.201667,2.229316,1.199983,4.836407e-08,3.275665e-05,9.429994e-07,2.061462e-12,9.429961e-07,3.396255e-07,2.20135e-12,3.396222e-07
0.000239075,2.97,2.97,1.2,1.799471,2.048821,2.266714,1.199986,4.836504e-08,9.095483e-05,2.201667,2.229316,1.199983,4.836791e-08,3.275665e-05,9.429991e-07,2.036149e-12,9.42996e-07,3.396255e-07,2.20135e-12,3.396221e-07
0.000239225,2.97,2.97,1.2,1.799471,2.048821,2.266714,1.199986,4.836328e-08,9.095484e-05,2.201667,2.229316,1.199983,4.835978e-08,3.275665e-05,9.429994e-07,2.061462e-12,9.429961e-07,3.396255e-07,2.20135e-12,3.396222e-07
0.000239375,2.97,2.97,1.2,1.799471,2.048821,2.266714,1.199986,4.836735e-08,9.095483e-05,2.201667,2.229316,1.199983,4.836432e-08,3.275665e-05,9.429991e-07,2.036149e-12,9.42996e-07,3.396255e-07,2.20135e-12,3.396221e-07
0.000239525,2.97,2.97,1.2,1.799471,2.048821,2.266714,1.199986,4.836249e-08,9.095484e-05,2.201667,2.229316,1.199983,4.836038e-08,3.275665e-05,9.429994e-07,2.061462e-12,9.429961e-07,3.396255e-07,2.20135e-12,3.396222e-07
0.000239675,2.97,2.97,1.2,1.799471,2.048821,2.266714,1.199986,4.836359e-08,9.095483e-05,2.201667,2.229316,1.199983,4.836445e-08,3.275665e-05,9.429991e-07,2.036149e-12,9.42996e-07,3.396255e-07,2.201128e-12,3.396221e-07
0.000239825,2.97,2.97,1.2,1.799471,2.048821,2.266714,1.199986,4.836722e-08,9.095484e-05,2.201667,2.229316,1.199983,4.836233e-08,3.275665e-05,9.429994e-07,2.061462e-12,9.42996e-07,3.396255e-07,2.201572e-12,3.396222e-07
0.000239975,2.97,2.97,1.2,1.799471,2.048821,2.266714,1.199986,4.836018e-08,9.095483e-05,2.201667,2.229316,1.199983,4.836772e-08,3.275665e-05,9.429991e-07,2.036149e-12,9.42996e-07,3.396255e-07,2.20135e-12,3.396221e-07
0.000240125,2.97,2.97,1.2,1.799471,2.048821,2.266714,1.199986,4.836485e-08,9.095484e-05,2.201667,2.229316,1.199983,4.836466e-08,3.275665e-05,9.429994e-07,2.061462e-12,9.42996e-07,3.396255e-07,2.201572e-12,3.396222e-07
0.000240275,2.97,2.97,1.2,1.799471,2.048821,2.266714,1.199986,4.836322e-08,9.095483e-05,2.201667,2.229316,1.199983,4.836717e-08,3.275665e-05,9.429991e-07,2.036149e-12,9.42996e-07,3.396255e-07,2.201572e-12,3.396221e-07
0.000240425,2.97,2.97,1.2,1.799471,2.048821,2.266714,1.199986,4.836149e-08,9.095484e-05,2.201667,2.229316,1.199983,4.835975e-08,3.275665e-05,9.429994e-07,2.061462e-12,9.42996e-07,3.396255e-07,2.201572e-12,3.396222e-07
0.000240575,2.97,2.97,1.2,1.799471,2.048821,2.266714,1.199986,4.836359e-08,9.095483e-05,2.201667,2.229316,1.199983,4.836859e-08,3.275665e-05,9.429991e-07,2.036149e-12,9.42996e-07,3.396255e-07,2.201572e-12,3.396221e-07
0.000240725,2.97,2.97,1.2,1.799471,2.048821,2.266714,1.199986,4.836631e-08,9.095484e-05,2.201667,2.229316,1.199983,4.836691e-08,3.275665e-05,9.429994e-07,2.061462e-12,9.42996e-07,3.396255e-07,2.20135e-12,3.396222e-07
0.000240875,2.97,2.97,1.2,1.799471,2.048821,2.266714,1.199986,4.836521e-08,9.095483e-05,2.201667,2.229316,1.199983,4.835996e-08,3.275665e-05,9.429991e-07,2.036149e-12,9.42996e-07,3.396255e-07,2.201128e-12,3.396221e-07
0.000241025,2.97,2.97,1.2,1.799471,2.048821,2.266714,1.199986,4.836511e-08,9.095484e-05,2.201667,2.229316,1.199983,4.835625e-08,3.275665e-05,9.429994e-07,2.061462e-12,9.429961e-07,3.396255e-07,2.20135e-12,3.396222e-07
0.000241175,2.97,2.97,1.2,1.799471,2.048821,2.266714,1.199986,4.836791e-08,9.095483e-05,2.201667,2.229316,1.199983,4.836291e-08,3.275665e-05,9.429991e-07,2.036149e-12,9.42996e-07,3.396255e-07,2.20135e-12,3.396221e-07
0.000241325,2.97,2.97,1.2,1.799471,2.048821,2.266714,1.199986,4.836764e-08,9.095484e-05,2.201667,2.229316,1.199983,4.836031e-08,3.275665e-05,9.429994e-07,2.061462e-12,9.42996e-07,3.396255e-07,2.20135e-12,3.396222e-07
0.000241475,2.97,2.97,1.2,1.799471,2.048821,2.266714,1.199986,4.836512e-08,9.095483e-05,2.201667,2.229316,1.199983,4.837078e-08,3.275665e-05,9.429991e-07,2.036149e-12,9.42996e-07,3.396255e-07,2.20135e-12,3.396221e-07
0.000241625,2.97,2.97,1.2,1.799471,2.048821,2.266714,1.199986,4.836705e-08,9.095484e-05,2.201667,2.229316,1.199983,4.835682e-08,3.275665e-05,9.429994e-07,2.061462e-12,9.42996e-07,3.396255e-07,2.20135e-12,3.396222e-07
0.000241775,2.97,2.97,1.2,1.799471,2.048821,2.266714,1.199986,4.836649e-08,9.095483e-05,2.201667,2.229316,1.199983,4.836731e-08,3.275665e-05,9.429991e-07,2.036149e-12,9.42996e-07,3.396255e-07,2.20135e-12,3.396221e-07
0.000241925,2.97,2.97,1.2,1.799471,2.048821,2.266714,1.199986,4.836181e-08,9.095484e-05,2.201667,2.229316,1.199983,4.836575e-08,3.275665e-05,9.429994e-07,2.061462e-12,9.42996e-07,3.396255e-07,2.201572e-12,3.396222e-07
0.000242075,2.97,2.97,1.2,1.799471,2.048821,2.266714,1.199986,4.836439e-08,9.095483e-05,2.201667,2.229316,1.199983,4.8365e-08,3.275665e-05,9.429991e-07,2.036149e-12,9.42996e-07,3.396255e-07,2.20135e-12,3.396221e-07
0.000242225,2.97,2.97,1.2,1.799471,2.048821,2.266714,1.199986,4.836575e-08,9.095484e-05,2.201667,2.229316,1.199983,4.83693e-08,3.275665e-05,9.429994e-07,2.061462e-12,9.42996e-07,3.396255e-07,2.201572e-12,3.396222e-07
0.000242375,2.97,2.97,1.2,1.799471,2.048821,2.266714,1.199986,4.836237e-08,9.095483e-05,2.201667,2.229316,1.199983,4.836279e-08,3.275665e-05,9.429991e-07,2.036149e-12,9.42996e-07,3.396255e-07,2.20135e-12,3.396221e-07
0.000242525,2.97,2.97,1.2,1.799471,2.048821,2.266714,1.199986,4.836444e-08,9.095484e-05,2.201667,2.229316,1.199983,4.837458e-08,3.275665e-05,9.429994e-07,2.061462e-12,9.42996e-07,3.396255e-07,2.20135e-12,3.396222e-07
0.000242675,2.97,2.97,1.2,1.799471,2.048821,2.266714,1.199986,4.836022e-08,9.095483e-05,2.201667,2.229316,1.199983,4.836415e-08,3.275665e-05,9.429991e-07,2.036149e-12,9.42996e-07,3.396255e-07,2.20135e-12,3.396221e-07
0.000242825,2.97,2.97,1.2,1.799471,2.048821,2.266714,1.199986,4.836528e-08,9.095484e-05,2.201667,2.229316,1.199983,4.836963e-08,3.275665e-05,9.429994e-07,2.061684e-12,9.42996e-07,3.396256e-07,2.20135e-12,3.396222e-07
0.000242975,2.97,2.97,1.2,1.799471,2.048821,2.266714,1.199986,4.836647e-08,9.095483e-05,2.201667,2.229316,1.199983,4.836434e-08,3.275665e-05,9.429991e-07,2.035927e-12,9.42996e-07,3.396255e-07,2.20135e-12,3.396221e-07
0.000243125,2.97,2.97,1.2,1.799471,2.048821,2.266714,1.199986,4.836806e-08,9.095484e-05,2.201667,2.229316,1.199983,4.836194e-08,3.275665e-05,9.429994e-07,2.061462e-12,9.42996e-07,3.396255e-07,2.20135e-12,3.396221e-07
0.000243275,2.97,2.97,1.2,1.799471,2.048821,2.266714,1.199986,4.836416e-08,9.095483e-05,2.201667,2.229316,1.199983,4.83521e-08,3.275665e-05,9.429991e-07,2.036149e-12,9.42996e-07,3.396255e-07,2.201128e-12,3.396221e-07
0.000243425,2.97,2.97,1.2,1.799471,2.048821,2.266714,1.199986,4.836641e-08,9.095484e-05,2.201667,2.229316,1.199983,4.83654e-08,3.275665e-05,9.429994e-07,2.061462e-12,9.429961e-07,3.396255e-07,2.20135e-12,3.396222e-07
0.000243575,2.97,2.97,1.2,1.799471,2.048821,2.266714,1.199986,4.836406e-08,9.095483e-05,2.201667,2.229316,1.199983,4.836795e-08,3.275665e-05,9.429991e-07,2.036149e-12,9.42996e-07,3.396255e-07,2.20135e-12,3.396221e-07
0.000243725,2.97,2.97,1.2,1.799471,2.048821,2.266714,1.199986,4.836153e-08,9.095484e-05,2.201667,2.229316,1.199983,4.835784e-08,3.275665e-05,9.429994e-07,2.061462e-12,9.42996e-07,3.396255e-07,2.20135e-12,3.396222e-07
0.000243875,2.97,2.97,1.2,1.799471,2.048821,2.266714,1.199986,4.836594e-08,9.095483e-05,2.201667,2.229316,1.199983,4.836497e-08,3.275665e-05,9.429991e-07,2.035927e-12,9.42996e-07,3.396255e-07,2.20135e-12,3.396221e-07
0.000244025,2.97,2.97,1.2,1.799471,2.048821,2.266714,1.199986,4.836143e-08,9.095484e-05,2.201667,2.229316,1.199983,4.835592e-08,3.275665e-05,9.429994e-07,2.061684e-12,9.42996e-07,3.396255e-07,2.201572e-12,3.396222e-07
0.000244175,2.97,2.97,1.2,1.799471,2.048821,2.266714,1.199986,4.836323e-08,9.095483e-05,2.201667,2.229316,1.199983,4.836058e-08,3.275665e-05,9.429991e-07,2.036149e-12,9.42996e-07,3.396255e-07,2.20135e-12,3.396221e-07
0.000244325,2.97,2.97,1.2,1.799471,2.048821,2.266714,1.199986,4.836657e-08,9.095484e-05,2.201667,2.229316,1.199983,4.835886e-08,3.275665e-05,9.429994e-07,2.061462e-12,9.429961e-07,3.396255e-07,2.20135e-12,3.396222e-07
0.000244475,2.97,2.97,1.2,1.799471,2.048821,2.266714,1.199986,4.836575e-08,9.095483e-05,2.201667,2.229316,1.199983,4.835838e-08,3.275665e-05,9.429991e-07,2.035927e-12,9.42996e-07,3.396255e-07,2.20135e-12,3.396221e-07
0.000244625,2.97,2.97,1.2,1.799471,2.048821,2.266714,1.199986,4.836383e-08,9.095484e-05,2.201667,2.229316,1.199983,4.836423e-08,3.275665e-05,9.429994e-07,2.061462e-12,9.42996e-07,3.396255e-07,2.20135e-12,3.396222e-07
0.000244775,2.97,2.97,1.2,1.799471,2.048821,2.266714,1.199986,4.836547e-08,9.095483e-05,2.201667,2.229316,1.199983,4.836724e-08,3.275665e-05,9.429991e-07,2.036149e-12,9.42996e-07,3.396255e-07,2.20135e-12,3.396221e-07
0.000244925,2.97,2.97,1.2,1.799471,2.048821,2.266714,1.199986,4.836388e-08,9.095484e-05,2.201667,2.229316,1.199983,4.837045e-08,3.275665e-05,9.429994e-07,2.061462e-12,9.42996e-07,3.396255e-07,2.201572e-12,3.396222e-07
0.000245075,2.97,2.97,1.2,1.799471,2.048821,2.266714,1.199986,4.836525e-08,9.095483e-05,2.201667,2.229316,1.199983,4.837348e-08,3.275665e-05,9.429991e-07,2.036149e-12,9.42996e-07,3.396255e-07,2.20135e-12,3.396221e-07
0.000245225,2.97,2.97,1.2,1.799471,2.048821,2.266714,1.199986,4.836128e-08,9.095484e-05,2.201667,2.229316,1.199983,4.836466e-08,3.275665e-05,9.429994e-07,2.061462e-12,9.429961e-07,3.396255e-07,2.201572e-12,3.396222e-07
0.000245375,2.97,2.97,1.2,1.799471,2.048821,2.266714,1.199986,4.836768e-08,9.095483e-05,2.201667,2.229316,1.199983,4.83711e-08,3.275665e-05,9.429991e-07,2.036371e-12,9.42996e-07,3.396255e-07,2.20135e-12,3.396221e-07
0.000245525,2.97,2.97,1.2,1.799471,2.048821,2.266714,1.199986,4.836393e-08,9.095484e-05,2.201667,2.229316,1.199983,4.836203e-08,3.275665e-05,9.429994e-07,2.061462e-12,9.429961e-07,3.396255e-07,2.20135e-12,3.396222e-07
0.000245675,2.97,2.97,1.2,1.799471,2.048821,2.266714,1.199986,4.836308e-08,9.095483e-05,2.201667,2.229316,1.199983,4.836161e-08,3.275665e-05,9.429991e-07,2.036149e-12,9.42996e-07,3.396255e-07,2.20135e-12,3.396221e-07
0.000245825,2.97,2.97,1.2,1.799471,2.048821,2.266714,1.199986,4.836276e-08,9.095484e-05,2.201667,2.229316,1.199983,4.836717e-08,3.275665e-05,9.429994e-07,2.061462e-12,9.429961e-07,3.396255e-07,2.20135e-12,3.396222e-07
0.000245975,2.97,2.97,1.2,1.799471,2.048821,2.266714,1.199986,4.836052e-08,9.095483e-05,2.201667,2.229316,1.199983,4.837462e-08,3.275665e-05,9.429991e-07,2.036593e-12,9.42996e-07,3.396256e-07,2.20135e-12,3.396221e-07
0.000246125,2.97,2.97,1.2,1.799471,2.048821,2.266714,1.199986,4.836556e-08,9.095484e-05,2.201667,2.229316,1.199983,4.836577e-08,3.275665e-05,9.429994e-07,2.061462e-12,9.42996e-07,3.396255e-07,2.20135e-12,3.396222e-07
0.000246275,2.97,2.97,1.2,1.799471,2.048821,2.266714,1.199986,4.83642e-08,9.095483e-05,2.201667,2.229316,1.199983,4.836376e-08,3.275665e-05,9.429991e-07,2.036149e-12,9.42996e-07,3.396255e-07,2.20135e-12,3.396221e-07
0.000246425,2.97,2.97,1.2,1.799471,2.048821,2.266714,1.199986,4.836451e-08,9.095484e-05,2.201667,2.229316,1.199983,4.837363e-08,3.275665e-05,9.429994e-07,2.061462e-12,9.429961e-07,3.396256e-07,2.20135e-12,3.396222e-07
0.000246575,2.97,2.97,1.2,1.799471,2.048821,2.266714,1.199986,4.836213e-08,9.095483e-05,2.201667,2.229316,1.199983,4.836978e-08,3.275665e-05,9.429991e-07,2.036371e-12,9.42996e-07,3.396255e-07,2.20135e-12,3.396221e-07
0.000246725,2.97,2.97,1.2,1.799471,2.048821,2.266714,1.199986,4.836818e-08,9.095484e-05,2.201667,2.229316,1.199983,4.836616e-08,3.275665e-05,9.429994e-07,2.061684e-12,9.42996e-07,3.396255e-07,2.20135e-12,3.396222e-07
0.000246875,2.97,2.97,1.2,1.799471,2.048821,2.266714,1.199986,4.836295e-08,9.095483e-05,2.201667,2.229316,1.199983,4.835543e-08,3.275665e-05,9.429991e-07,2.036371e-12,9.42996e-07,3.396255e-07,2.201128e-12,3.396221e-07
0.000247025,2.97,2.97,1.2,1.799471,2.048821,2.266714,1.199986,4.836179e-08,9.095484e-05,2.201667,2.229316,1.199983,4.836447e-08,3.275665e-05,9.429994e-07,2.061462e-12,9.429961e-07,3.396255e-07,2.201572e-12,3.396222e-07
0.000247175,2.97,2.97,1.2,1.799471,2.048821,2.266714,1.199986,4.836719e-08,9.095483e-05,2.201667,2.229316,1.199983,4.836815e-08,3.275665e-05,9.429991e-07,2.036593e-12,9.42996e-07,3.396255e-07,2.20135e-12,3.396221e-07
0.000247325,2.97,2.97,1.2,1.799471,2.048821,2.266714,1.199986,4.836574e-08,9.095484e-05,2.201667,2.229316,1.199983,4.836425e-08,3.275665e-05,9.429994e-07,2.061462e-12,9.429961e-07,3.396255e-07,2.20135e-12,3.396222e-07
0.000247475,2.97,2.97,1.2,1.799471,2.048821,2.266714,1.199986,4.836774e-08,9.095483e-05,2.201667,2.229316,1.199983,4.836221e-08,3.275665e-05,9.429991e-07,2.036371e-12,9.42996e-07,3.396255e-07,2.201572e-12,3.396221e-07
0.000247625,2.97,2.97,1.2,1.799471,2.048821,2.266714,1.199986,4.836695e-08,9.095484e-05,2.201667,2.229316,1.199983,4.835581e-08,3.275665e-05,9.429994e-07,2.061462e-12,9.42996e-07,3.396255e-07,2.20135e-12,3.396221e-07
0.000247775,2.97,2.97,1.2,1.799471,2.048821,2.266714,1.199986,4.836668e-08,9.095483e-05,2.201667,2.229316,1.199983,4.836914e-08,3.275665e-05,9.429991e-07,2.036371e-12,9.42996e-07,3.396255e-07,2.200906e-12,3.396221e-07
0.000247925,2.97,2.97,1.2,1.799471,2.048821,2.266714,1.199986,4.83609e-08,9.095484e-05,2.201667,2.229316,1.199983,4.836884e-08,3.275665e-05,9.429994e-07,2.061462e-12,9.429961e-07,3.396255e-07,2.201572e-12,3.396222e-07
0.000248075,2.97,2.97,1.2,1.799471,2.048821,2.266714,1.199986,4.836457e-08,9.095483e-05,2.201667,2.229316,1.199983,4.836294e-08,3.275665e-05,9.429991e-07,2.036371e-12,9.42996e-07,3.396255e-07,2.20135e-12,3.396221e-07
0.000248225,2.97,2.97,1.2,1.799471,2.048821,2.266714,1.199986,4.836634e-08,9.095484e-05,2.201667,2.229316,1.199983,4.837178e-08,3.275665e-05,9.429994e-07,2.061684e-12,9.429961e-07,3.396255e-07,2.20135e-12,3.396222e-07
0.000248375,2.97,2.97,1.2,1.799471,2.048821,2.266714,1.199986,4.836345e-08,9.095483e-05,2.201667,2.229316,1.199983,4.836686e-08,3.275665e-05,9.429991e-07,2.036593e-12,9.42996e-07,3.396255e-07,2.20135e-12,3.396221e-07
0.000248525,2.97,2.97,1.2,1.799471,2.048821,2.266714,1.199986,4.836486e-08,9.095484e-05,2.201667,2.229316,1.199983,4.836319e-08,3.275665e-05,9.429994e-07,2.061462e-12,9.42996e-07,3.396255e-07,2.201572e-12,3.396222e-07
0.000248675,2.97,2.97,1.2,1.799471,2.048821,2.266714,1.199986,4.83591e-08,9.095483e-05,2.201667,2.229316,1.199983,4.836204e-08,3.275665e-05,9.429991e-07,2.036593e-12,9.42996e-07,3.396255e-07,2.201572e-12,3.396221e-07
0.000248825,2.97,2.97,1.2,1.799471,2.048821,2.266714,1.199986,4.836126e-08,9.095484e-05,2.201667,2.229316,1.199983,4.837207e-08,3.275665e-05,9.429994e-07,2.061462e-12,9.429961e-07,3.396255e-07,2.201572e-12,3.396222e-07
0.000248975,2.97,2.97,1.2,1.799471,2.048821,2.266714,1.199986,4.836167e-08,9.095483e-05,2.201667,2.229316,1.199983,4.837003e-08,3.275665e-05,9.429991e-07,2.036593e-12,9.42996e-07,3.396255e-07,2.20135e-12,3.396221e-07
0.000249125,2.97,2.97,1.2,1.799471,2.048821,2.266714,1.199986,4.836245e-08,9.095484e-05,2.201667,2.229316,1.199983,4.837126e-08,3.275665e-05,9.429994e-07,2.061462e-12,9.42996e-07,3.396255e-07,2.20135e-12,3.396222e-07
0.000249275,2.97,2.97,1.2,1.799471,2.048821,2.266714,1.199986,4.83651e-08,9.095483e-05,2.201667,2.229316,1.199983,4.837235e-08,3.275665e-05,9.429991e-07,2.036593e-12,9.42996e-07,3.396256e-07,2.20135e-12,3.396221e-07
0.000249425,2.97,2.97,1.2,1.799471,2.048821,2.266714,1.199986,4.835998e-08,9.095484e-05,2.201667,2.229316,1.199983,4.836693e-08,3.275665e-05,9.429994e-07,2.061462e-12,9.429961e-07,3.396255e-07,2.20135e-12,3.396222e-07
0.000249575,2.97,2.97,1.2,1.799471,2.048821,2.266714,1.199986,4.836718e-08,9.095483e-05,2.201667,2.229316,1.199983,4.837009e-08,3.275665e-05,9.429991e-07,2.036593e-12,9.42996e-07,3.396255e-07,2.20135e-12,3.396221e-07
0.000249725,2.97,2.97,1.2,1.799471,2.048821,2.266714,1.199986,4.836387e-08,9.095484e-05,2.201667,2.229316,1.199983,4.837068e-08,3.275665e-05,9.429994e-07,2.061462e-12,9.42996e-07,3.396255e-07,2.201572e-12,3.396222e-07
0.000249875,2.97,2.97,1.2,1.799471,2.048821,2.266714,1.199986,4.836657e-08,9.095483e-05,2.201667,2.229316,1.199983,4.836547e-08,3.275665e-05,9.429991e-07,2.036371e-12,9.42996e-07,3.396255e-07,2.201572e-12,3.396221e-07
0.000250025,2.97,2.97,1.2,1.799471,2.048821,2.266714,1.199986,4.836652e-08,9.095484e-05,2.201667,2.229316,1.199983,4.836145e-08,3.275665e-05,9.429994e-07,2.061684e-12,9.42996e-07,3.396255e-07,2.20135e-12,3.396222e-07
0.000250175,2.97,2.97,1.2,1.799471,2.048821,2.266714,1.199986,4.83663e-08,9.095483e-05,2.201667,2.229316,1.199983,4.837183e-08,3.275665e-05,9.429991e-07,2.036371e-12,9.42996e-07,3.396256e-07,2.20135e-12,3.396221e-07
0.000250325,2.97,2.97,1.2,1.799471,2.048821,2.266714,1.199986,4.836659e-08,9.095484e-05,2.201667,2.229316,1.199983,4.835797e-08,3.275665e-05,9.429994e-07,2.061462e-12,9.42996e-07,3.396255e-07,2.20135e-12,3.396222e-07
0.000250475,2.97,2.97,1.2,1.799471,2.048821,2.266714,1.199986,4.836251e-08,9.095483e-05,2.201667,2.229316,1.199983,4.836578e-08,3.275665e-05,9.429991e-07,2.036371e-12,9.42996e-07,3.396255e-07,2.20135e-12,3.396221e-07
0.000250625,2.97,2.97,1.2,1.799471,2.048821,2.266714,1.199986,4.836493e-08,9.095484e-05,2.201667,2.229316,1.199983,4.836157e-08,3.275665e-05,9.429994e-07,2.061462e-12,9.42996e-07,3.396255e-07,2.20135e-12,3.396222e-07
0.000250775,2.97,2.97,1.2,1.799471,2.048821,2.266714,1.199986,4.836077e-08,9.095483e-05,2.201667,2.229316,1.199983,4.836413e-08,3.275665e-05,9.429991e-07,2.036371e-12,9.42996e-07,3.396255e-07,2.201572e-12,3.396221e-07
0.000250925,2.97,2.97,1.2,1.799471,2.048821,2.266714,1.199986,4.836254e-08,9.095484e-05,2.201667,2.229316,1.199983,4.836471e-08,3.275665e-05,9.429994e-07,2.061462e-12,9.429961e-07,3.396255e-07,2.20135e-12,3.396222e-07
0.000251075,2.97,2.97,1.2,1.799471,2.048821,2.266714,1.199986,4.836642e-08,9.095483e-05,2.201667,2.229316,1.199983,4.836276e-08,3.275665e-05,9.429991e-07,2.036371e-12,9.42996e-07,3.396255e-07,2.201572e-12,3.396221e-07
0.000251225,2.97,2.97,1.2,1.799471,2.048821,2.266714,1.199986,4.836568e-08,9.095484e-05,2.201667,2.229316,1.199983,4.836805e-08,3.275665e-05,9.429994e-07,2.061462e-12,9.42996e-07,3.396255e-07,2.20135e-12,3.396222e-07
0.000251375,2.97,2.97,1.2,1.799471,2.048821,2.266714,1.199986,4.83634e-08,9.095483e-05,2.201667,2.229316,1.199983,4.836385e-08,3.275665e-05,9.429991e-07,2.036593e-12,9.42996e-07,3.396255e-07,2.20135e-12,3.396221e-07
0.000251525,2.97,2.97,1.2,1.799471,2.048821,2.266714,1.199986,4.836853e-08,9.095484e-05,2.201667,2.229316,1.199983,4.835717e-08,3.275665e-05,9.429994e-07,2.061462e-12,9.42996e-07,3.396255e-07,2.201572e-12,3.396222e-07
0.000251675,2.97,2.97,1.2,1.799471,2.048821,2.266714,1.199986,4.836216e-08,9.095483e-05,2.201667,2.229316,1.199983,4.836912e-08,3.275665e-05,9.429991e-07,2.036371e-12,9.42996e-07,3.396255e-07,2.20135e-12,3.396221e-07
0.000251825,2.97,2.97,1.2,1.799471,2.048821,2.266714,1.199986,4.836848e-08,9.095484e-05,2.201667,2.229316,1.199983,4.83628e-08,3.275665e-05,9.429994e-07,2.061462e-12,9.42996e-07,3.396255e-07,2.20135e-12,3.396221e-07
0.000251975,2.97,2.97,1.2,1.799471,2.048821,2.266714,1.199986,4.836433e-08,9.095483e-05,2.201667,2.229316,1.199983,4.836396e-08,3.275665e-05,9.429991e-07,2.036593e-12,9.42996e-07,3.396255e-07,2.20135e-12,3.396221e-07
0.000252125,2.97,2.97,1.2,1.799471,2.048821,2.266714,1.199986,4.836116e-08,9.095484e-05,2.201667,2.229316,1.199983,4.837105e-08,3.275665e-05,9.429994e-07,2.061462e-12,9.42996e-07,3.396255e-07,2.201572e-12,3.396222e-07
0.000252275,2.97,2.97,1.2,1.799471,2.048821,2.266714,1.199986,4.836624e-08,9.095483e-05,2.201667,2.229316,1.199983,4.836923e-08,3.275665e-05,9.429991e-07,2.036593e-12,9.42996e-07,3.396255e-07,2.20135e-12,3.396221e-07
0.000252425,2.97,2.97,1.2,1.799471,2.048821,2.266714,1.199986,4.83601e-08,9.095484e-05,2.201667,2.229316,1.199983,4.836603e-08,3.275665e-05,9.429994e-07,2.061462e-12,9.42996e-07,3.396255e-07,2.201572e-12,3.396222e-07
0.000252575,2.97,2.97,1.2,1.799471,2.048821,2.266714,1.199986,4.836402e-08,9.095483e-05,2.201667,2.229316,1.199983,4.836358e-08,3.275665e-05,9.429991e-07,2.036371e-12,9.42996e-07,3.396255e-07,2.20135e-12,3.396221e-07
0.000252725,2.97,2.97,1.2,1.799471,2.048821,2.266714,1.199986,4.836932e-08,9.095484e-05,2.201667,2.229316,1.199983,4.836769e-08,3.275665e-05,9.429994e-07,2.061684e-12,9.42996e-07,3.396255e-07,2.20135e-12,3.396222e-07
0.000252875,2.97,2.97,1.2,1.799471,2.048821,2.266714,1.199986,4.836614e-08,9.095483e-05,2.201667,2.229316,1.199983,4.836804e-08,3.275665e-05,9.429991e-07,2.036371e-12,9.42996e-07,3.396255e-07,2.201572e-12,3.396221e-07
0.000253025,2.97,2.97,1.2,1.799471,2.048821,2.266714,1.199986,4.836266e-08,9.095484e-05,2.201667,2.229316,1.199983,4.836354e-08,3.275665e-05,9.429994e-07,2.061462e-12,9.42996e-07,3.396255e-07,2.20135e-12,3.396222e-07
0.000253175,2.97,2.97,1.2,1.799471,2.048821,2.266714,1.199986,4.836059e-08,9.095483e-05,2.201667,2.229316,1.199983,4.835999e-08,3.275665e-05,9.429991e-07,2.036371e-12,9.42996e-07,3.396255e-07,2.20135e-12,3.396221e-07
0.000253325,2.97,2.97,1.2,1.799471,2.048821,2.266714,1.199986,4.836446e-08,9.095484e-05,2.201667,2.229316,1.199983,4.837088e-08,3.275665e-05,9.429994e-07,2.061462e-12,9.429961e-07,3.396255e-07,2.20135e-12,3.396222e-07
0.000253475,2.97,2.97,1.2,1.799471,2.048821,2.266714,1.199986,4.836515e-08,9.095483e-05,2.201667,2.229316,1.199983,4.836435e-08,3.275665e-05,9.429991e-07,2.036593e-12,9.42996e-07,3.396255e-07,2.201572e-12,3.396221e-07
0.000253625,2.97,2.97,1.2,1.799471,2.048821,2.266714,1.199986,4.835969e-08,9.095484e-05,2.201667,2.229316,1.199983,4.836096e-08,3.275665e-05,9.429994e-07,2.061462e-12,9.42996e-07,3.396255e-07,2.201572e-12,3.396222e-07
0.000253775,2.97,2.97,1.2,1.799471,2.048821,2.266714,1.199986,4.836562e-08,9.095483e-05,2.201667,2.229316,1.199983,4.836638e-08,3.275665e-05,9.429991e-07,2.036371e-12,9.42996e-07,3.396255e-07,2.20135e-12,3.396221e-07
0.000253925,2.97,2.97,1.2,1.799471,2.048821,2.266714,1.199986,4.836481e-08,9.095484e-05,2.201667,2.229316,1.199983,4.836545e-08,3.275665e-05,9.429994e-07,2.061462e-12,9.42996e-07,3.396255e-07,2.20135e-12,3.396222e-07
0.000254075,2.97,2.97,1.2,1.799471,2.048821,2.266714,1.199986,4.83666e-08,9.095483e-05,2.201667,2.229316,1.199983,4.835676e-08,3.275665e-05,9.429991e-07,2.036371e-12,9.42996e-07,3.396255e-07,2.200906e-12,3.396221e-07
0.000254225,2.97,2.97,1.2,1.799471,2.048821,2.266714,1.199986,4.836696e-08,9.095484e-05,2.201667,2.229316,1.199983,4.836173e-08,3.275665e-05,9.429994e-07,2.061462e-12,9.429961e-07,3.396255e-07,2.20135e-12,3.396222e-07
0.000254375,2.97,2.97,1.2,1.799471,2.048821,2.266714,1.199986,4.836666e-08,9.095483e-05,2.201667,2.229316,1.199983,4.836454e-08,3.275665e-05,9.429991e-07,2.036593e-12,9.42996e-07,3.396255e-07,2.201128e-12,3.396221e-07
0.000254525,2.97,2.97,1.2,1.799471,2.048821,2.266714,1.199986,4.836069e-08,9.095484e-05,2.201667,2.229316,1.199983,4.835952e-08,3.275665e-05,9.429994e-07,2.061462e-12,9.42996e-07,3.396255e-07,2.20135e-12,3.396221e-07
0.000254675,2.97,2.97,1.2,1.799471,2.048821,2.266714,1.199986,4.83624e-08,9.095483e-05,2.201667,2.229316,1.199983,4.837383e-08,3.275665e-05,9.429991e-07,2.036371e-12,9.42996e-07,3.396255e-07,2.20135e-12,3.396221e-07
0.000254825,2.97,2.97,1.2,1.799471,2.048821,2.266714,1.199986,4.836162e-08,9.095484e-05,2.201667,2.229316,1.199983,4.83654e-08,3.275665e-05,9.429994e-07,2.061462e-12,9.429961e-07,3.396255e-07,2.201572e-12,3.396221e-07
0.000254975,2.97,2.97,1.2,1.799471,2.048821,2.266714,1.199986,4.836395e-08,9.095483e-05,2.201667,2.229316,1.199983,4.837289e-08,3.275665e-05,9.429991e-07,2.036593e-12,9.42996e-07,3.396255e-07,2.20135e-12,3.396221e-07
0.000255125,2.97,2.97,1.2,1.799471,2.048821,2.266714,1.199986,4.836215e-08,9.095484e-05,2.201667,2.229316,1.199983,4.836434e-08,3.275665e-05,9.429994e-07,2.061462e-12,9.429961e-07,3.396255e-07,2.20135e-12,3.396222e-07
0.000255275,2.97,2.97,1.2,1.799471,2.048821,2.266714,1.199986,4.836201e-08,9.095483e-05,2.201667,2.229316,1.199983,4.836446e-08,3.275665e-05,9.429991e-07,2.036593e-12,9.42996e-07,3.396255e-07,2.201572e-12,3.396221e-07
0.000255425,2.97,2.97,1.2,1.799471,2.048821,2.266714,1.199986,4.836411e-08,9.095484e-05,2.201667,2.229316,1.199983,4.837229e-08,3.275665e-05,9.429994e-07,2.061462e-12,9.429961e-07,3.396255e-07,2.20135e-12,3.396222e-07
0.000255575,2.97,2.97,1.2,1.799471,2.048821,2.266714,1.199986,4.836558e-08,9.095483e-05,2.201667,2.229316,1.199983,4.837081e-08,3.275665e-05,9.429991e-07,2.036593e-12,9.42996e-07,3.396255e-07,2.20135e-12,3.396221e-07
0.000255725,2.97,2.97,1.2,1.799471,2.048821,2.266714,1.199986,4.836567e-08,9.095484e-05,2.201667,2.229316,1.199983,4.83734e-08,3.275665e-05,9.429994e-07,2.061684e-12,9.429961e-07,3.396256e-07,2.201572e-12,3.396222e-07
0.000255875,2.97,2.97,1.2,1.799471,2.048821,2.266714,1.199986,4.836517e-08,9.095483e-05,2.201667,2.229316,1.199983,4.836367e-08,3.275665e-05,9.429991e-07,2.036593e-12,9.42996e-07,3.396255e-07,2.201128e-12,3.396221e-07
0.000256025,2.97,2.97,1.2,1.799471,2.048821,2.266714,1.199986,4.836671e-08,9.095484e-05,2.201667,2.229316,1.199983,4.836496e-08,3.275665e-05,9.429994e-07,2.061462e-12,9.42996e-07,3.396255e-07,2.20135e-12,3.396222e-07
0.000256175,2.97,2.97,1.2,1.799471,2.048821,2.266714,1.199986,4.836372e-08,9.095483e-05,2.201667,2.229316,1.199983,4.8351e-08,3.275665e-05,9.429991e-07,2.036371e-12,9.42996e-07,3.396255e-07,2.20135e-12,3.396221e-07
0.000256325,2.97,2.97,1.2,1.799471,2.048821,2.266714,1.199986,4.836406e-08,9.095484e-05,2.201667,2.229316,1.199983,4.836035e-08,3.275665e-05,9.429994e-07,2.061462e-12,9.429961e-07,3.396255e-07,2.201572e-12,3.396222e-07
0.000256475,2.97,2.97,1.2,1.799471,2.048821,2.266714,1.199986,4.83607e-08,9.095483e-05,2.201667,2.229316,1.199983,4.836134e-08,3.275665e-05,9.429991e-07,2.036371e-12,9.42996e-07,3.396255e-07,2.20135e-12,3.396221e-07
0.000256625,2.97,2.97,1.2,1.799471,2.048821,2.266714,1.199986,4.83633e-08,9.095484e-05,2.201667,2.229316,1.199983,4.836275e-08,3.275665e-05,9.429994e-07,2.061462e-12,9.42996e-07,3.396255e-07,2.20135e-12,3.396222e-07
0.000256775,2.97,2.97,1.2,1.799471,2.048821,2.266714,1.199986,4.836209e-08,9.095483e-05,2.201667,2.229316,1.199983,4.836904e-08,3.275665e-05,9.429991e-07,2.036593e-12,9.42996e-07,3.396255e-07,2.20135e-12,3.396221e-07
0.000256925,2.97,2.97,1.2,1.799471,2.048821,2.266714,1.199986,4.836418e-08,9.095484e-05,2.201667,2.229316,1.199983,4.836684e-08,3.275665e-05,9.429994e-07,2.061462e-12,9.429961e-07,3.396255e-07,2.20135e-12,3.396222e-07
0.000257075,2.97,2.97,1.2,1.799471,2.048821,2.266714,1.199986,4.836353e-08,9.095483e-05,2.201667,2.229316,1.199983,4.835885e-08,3.275665e-05,9.429991e-07,2.036371e-12,9.42996e-07,3.396255e-07,2.20135e-12,3.396221e-07
0.000257225,2.97,2.97,1.2,1.799471,2.048821,2.266714,1.199986,4.836141e-08,9.095484e-05,2.201667,2.229316,1.199983,4.836389e-08,3.275665e-05,9.429994e-07,2.061684e-12,9.42996e-07,3.396255e-07,2.201572e-12,3.396221e-07
0.000257375,2.97,2.97,1.2,1.799471,2.048821,2.266714,1.199986,4.836588e-08,9.095483e-05,2.201667,2.229316,1.199983,4.836109e-08,3.275665e-05,9.429991e-07,2.036593e-12,9.42996e-07,3.396255e-07,2.20135e-12,3.396221e-07
0.000257525,2.97,2.97,1.2,1.799471,2.048821,2.266714,1.199986,4.836218e-08,9.095484e-05,2.201667,2.229316,1.199983,4.836861e-08,3.275665e-05,9.429994e-07,2.061462e-12,9.42996e-07,3.396255e-07,2.20135e-12,3.396222e-07
0.000257675,2.97,2.97,1.2,1.799471,2.048821,2.266714,1.199986,4.836452e-08,9.095483e-05,2.201667,2.229316,1.199983,4.836399e-08,3.275665e-05,9.429991e-07,2.036371e-12,9.42996e-07,3.396255e-07,2.20135e-12,3.396221e-07
0.000257825,2.97,2.97,1.2,1.799471,2.048821,2.266714,1.199986,4.836523e-08,9.095484e-05,2.201667,2.229316,1.199983,4.836865e-08,3.275665e-05,9.429994e-07,2.061462e-12,9.42996e-07,3.396255e-07,2.201572e-12,3.396222e-07
0.000257975,2.97,2.97,1.2,1.799471,2.048821,2.266714,1.199986,4.836774e-08,9.095483e-05,2.201667,2.229316,1.199983,4.837488e-08,3.275665e-05,9.429991e-07,2.036371e-12,9.42996e-07,3.396255e-07,2.20135e-12,3.396221e-07
0.000258125,2.97,2.97,1.2,1.799471,2.048821,2.266714,1.199986,4.836383e-08,9.095484e-05,2.201667,2.229316,1.199983,4.835819e-08,3.275665e-05,9.429994e-07,2.061462e-12,9.42996e-07,3.396255e-07,2.20135e-12,3.396222e-07
0.000258275,2.97,2.97,1.2,1.799471,2.048821,2.266714,1.199986,4.836112e-08,9.095483e-05,2.201667,2.229316,1.199983,4.836609e-08,3.275665e-05,9.429991e-07,2.036593e-12,9.42996e-07,3.396255e-07,2.201572e-12,3.396221e-07
0.000258425,2.97,2.97,1.2,1.799471,2.048821,2.266714,1.199986,4.836637e-08,9.095484e-05,2.201667,2.229316,1.199983,4.83676e-08,3.275665e-05,9.429994e-07,2.061462e-12,9.429961e-07,3.396255e-07,2.20135e-12,3.396222e-07
0.000258575,2.97,2.97,1.2,1.799471,2.048821,2.266714,1.199986,4.836342e-08,9.095483e-05,2.201667,2.229316,1.199983,4.835702e-08,3.275665e-05,9.429991e-07,2.036371e-12,9.42996e-07,3.396255e-07,2.201128e-12,3.396221e-07
0.000258725,2.97,2.97,1.2,1.799471,2.048821,2.266714,1.199986,4.83661e-08,9.095484e-05,2.201667,2.229316,1.199983,4.83581e-08,3.275665e-05,9.429994e-07,2.061462e-12,9.42996e-07,3.396255e-07,2.20135e-12,3.396222e-07
0.000258875,2.97,2.97,1.2,1.799471,2.048821,2.266714,1.199986,4.836473e-08,9.095483e-05,2.201667,2.229316,1.199983,4.836955e-08,3.275665e-05,9.429991e-07,2.036593e-12,9.42996e-07,3.396255e-07,2.20135e-12,3.396221e-07
0.000259025,2.97,2.97,1.2,1.799471,2.048821,2.266714,1.199986,4.836472e-08,9.095484e-05,2.201667,2.229316,1.199983,4.83601e-08,3.275665e-05,9.429994e-07,2.061462e-12,9.429961e-07,3.396255e-07,2.201572e-12,3.396222e-07
0.000259175,2.97,2.97,1.2,1.799471,2.048821,2.266714,1.199986,4.836369e-08,9.095483e-05,2.201667,2.229316,1.199983,4.836316e-08,3.275665e-05,9.429991e-07,2.036371e-12,9.42996e-07,3.396255e-07,2.20135e-12,3.396221e-07
0.000259325,2.97,2.97,1.2,1.799471,2.048821,2.266714,1.199986,4.835914e-08,9.095484e-05,2.201667,2.229316,1.199983,4.836863e-08,3.275665e-05,9.429994e-07,2.061462e-12,9.429961e-07,3.396255e-07,2.20135e-12,3.396222e-07
0.000259475,2.97,2.97,1.2,1.799471,2.048821,2.266714,1.199986,4.836338e-08,9.095483e-05,2.201667,2.229316,1.199983,4.835366e-08,3.275665e-05,9.429991e-07,2.036371e-12,9.42996e-07,3.396255e-07,2.201572e-12,3.396221e-07
0.000259625,2.97,2.97,1.2,1.799471,2.048821,2.266714,1.199986,4.836546e-08,9.095484e-05,2.201667,2.229316,1.199983,4.836786e-08,3.275665e-05,9.429994e-07,2.061462e-12,9.42996e-07,3.396255e-07,2.20135e-12,3.396222e-07
0.000259775,2.97,2.97,1.2,1.799471,2.048821,2.266714,1.199986,4.83644e-08,9.095483e-05,2.201667,2.229316,1.199983,4.836385e-08,3.275665e-05,9.429991e-07,2.036371e-12,9.42996e-07,3.396255e-07,2.201128e-12,3.396221e-07
0.000259925,2.97,2.97,1.2,1.799471,2.048821,2.266714,1.199986,4.836371e-08,9.095484e-05,2.201667,2.229316,1.199983,4.83722e-08,3.275665e-05,9.429994e-07,2.061462e-12,9.42996e-07,3.396255e-07,2.201572e-12,3.396222e-07
0.000260075,2.97,2.97,1.2,1.799471,2.048821,2.266714,1.199986,4.836522e-08,9.095483e-05,2.201667,2.229316,1.199983,4.836478e-08,3.275665e-05,9.429991e-07,2.036593e-12,9.42996e-07,3.396255e-07,2.201572e-12,3.396221e-07
0.000260225,2.97,2.97,1.2,1.799471,2.048821,2.266714,1.199986,4.836582e-08,9.095484e-05,2.201667,2.229316,1.199983,4.837664e-08,3.275665e-05,9.429994e-07,2.061462e-12,9.42996e-07,3.396256e-07,2.20135e-12,3.396222e-07
0.000260375,2.97,2.97,1.2,1.799471,2.048821,2.266714,1.199986,4.836808e-08,9.095483e-05,2.201667,2.229316,1.199983,4.83622e-08,3.275665e-05,9.429991e-07,2.036371e-12,9.42996e-07,3.396255e-07,2.20135e-12,3.396221e-07
0.000260525,2.97,2.97,1.2,1.799471,2.048821,2.266714,1.199986,4.836327e-08,9.095484e-05,2.201667,2.229316,1.199983,4.836499e-08,3.275665e-05,9.429994e-07,2.061462e-12,9.42996e-07,3.396256e-07,2.20135e-12,3.396222e-07
0.000260675,2.97,2.97,1.2,1.799471,2.048821,2.266714,1.199986,4.836425e-08,9.095483e-05,2.201667,2.229316,1.199983,4.836313e-08,3.275665e-05,9.429991e-07,2.036593e-12,9.42996e-07,3.396255e-07,2.201128e-12,3.396221e-07
0.000260825,2.97,2.97,1.2,1.799471,2.048821,2.266714,1.199986,4.836501e-08,9.095484e-05,2.201667,2.229316,1.199983,4.836431e-08,3.275665e-05,9.429994e-07,2.061462e-12,9.429961e-07,3.396255e-07,2.20135e-12,3.396222e-07
0.000260975,2.97,2.97,1.2,1.799471,2.048821,2.266714,1.199986,4.836725e-08,9.095483e-05,2.201667,2.229316,1.199983,4.836791e-08,3.275665e-05,9.429991e-07,2.036593e-12,9.42996e-07,3.396255e-07,2.20135e-12,3.396221e-07
0.000261125,2.97,2.97,1.2,1.799471,2.048821,2.266714,1.199986,4.836603e-08,9.095484e-05,2.201667,2.229316,1.199983,4.836877e-08,3.275665e-05,9.429994e-07,2.061462e-12,9.429961e-07,3.396255e-07,2.20135e-12,3.396222e-07
0.000261275,2.97,2.97,1.2,1.799471,2.048821,2.266714,1.199986,4.836684e-08,9.095483e-05,2.201667,2.229316,1.199983,4.836763e-08,3.275665e-05,9.429991e-07,2.036371e-12,9.42996e-07,3.396255e-07,2.200906e-12,3.396221e-07
0.000261425,2.97,2.97,1.2,1.799471,2.048821,2.266714,1.199986,4.836502e-08,9.095484e-05,2.201667,2.229316,1.199983,4.83654e-08,3.275665e-05,9.429994e-07,2.061462e-12,9.42996e-07,3.396255e-07,2.20135e-12,3.396222e-07
0.000261575,2.97,2.97,1.2,1.799471,2.048821,2.266714,1.199986,4.836121e-08,9.095483e-05,2.201667,2.229316,1.199983,4.83703e-08,3.275665e-05,9.429991e-07,2.036371e-12,9.42996e-07,3.396255e-07,2.20135e-12,3.396221e-07
0.000261725,2.97,2.97,1.2,1.799471,2.048821,2.266714,1.199986,4.836614e-08,9.095484e-05,2.201667,2.229316,1.199983,4.836356e-08,3.275665e-05,9.429994e-07,2.061462e-12,9.429961e-07,3.396255e-07,2.20135e-12,3.396222e-07
0.000261875,2.97,2.97,1.2,1.799471,2.048821,2.266714,1.199986,4.836126e-08,9.095483e-05,2.201667,2.229316,1.199983,4.836121e-08,3.275665e-05,9.429991e-07,2.036593e-12,9.42996e-07,3.396255e-07,2.20135e-12,3.396221e-07
0.000262025,2.97,2.97,1.2,1.799471,2.048821,2.266714,1.199986,4.836506e-08,9.095484e-05,2.201667,2.229316,1.199983,4.835452e-08,3.275665e-05,9.429994e-07,2.061462e-12,9.42996e-07,3.396255e-07,2.20135e-12,3.396222e-07
0.000262175,2.97,2.97,1.2,1.799471,2.048821,2.266714,1.199986,4.836956e-08,9.095483e-05,2.201667,2.229316,1.199983,4.836592e-08,3.275665e-05,9.429991e-07,2.036593e-12,9.42996e-07,3.396255e-07,2.201128e-12,3.396221e-07
0.000262325,2.97,2.97,1.2,1.799471,2.048821,2.266714,1.199986,4.836429e-08,9.095484e-05,2.201667,2.229316,1.199983,4.837463e-08,3.275665e-05,9.429994e-07,2.061462e-12,9.42996e-07,3.396256e-07,2.20135e-12,3.396222e-07
0.000262475,2.97,2.97,1.2,1.799471,2.048821,2.266714,1.199986,4.836566e-08,9.095483e-05,2.201667,2.229316,1.199983,4.837696e-08,3.275665e-05,9.429991e-07,2.036371e-12,9.42996e-07,3.396256e-07,2.20135e-12,3.396221e-07
0.000262625,2.97,2.97,1.2,1.799471,2.048821,2.266714,1.199986,4.83652e-08,9.095484e-05,2.201667,2.229316,1.199983,4.83535e-08,3.275665e-05,9.429994e-07,2.061684e-12,9.42996e-07,3.396255e-07,2.20135e-12,3.396222e-07
0.000262775,2.97,2.97,1.2,1.799471,2.048821,2.266714,1.199986,4.836381e-08,9.095483e-05,2.201667,2.229316,1.199983,4.837548e-08,3.275665e-05,9.429991e-07,2.036593e-12,9.42996e-07,3.396255e-07,2.20135e-12,3.396221e-07
0.000262925,2.97,2.97,1.2,1.799471,2.048821,2.266714,1.199986,4.836579e-08,9.095484e-05,2.201667,2.229316,1.199983,4.836494e-08,3.275665e-05,9.429994e-07,2.061684e-12,9.429961e-07,3.396255e-07,2.20135e-12,3.396222e-07
0.000263075,2.97,2.97,1.2,1.799471,2.048821,2.266714,1.199986,4.835818e-08,9.095483e-05,2.201667,2.229316,1.199983,4.837392e-08,3.275665e-05,9.429991e-07,2.036371e-12,9.42996e-07,3.396255e-07,2.20135e-12,3.396221e-07
0.000263225,2.97,2.97,1.2,1.799471,2.048821,2.266714,1.199986,4.836896e-08,9.095484e-05,2.201667,2.229316,1.199983,4.83768e-08,3.275665e-05,9.429994e-07,2.061462e-12,9.42996e-07,3.396256e-07,2.20135e-12,3.396222e-07
0.000263375,2.97,2.97,1.2,1.799471,2.048821,2.266714,1.199986,4.836459e-08,9.095483e-05,2.201667,2.229316,1.199983,4.834085e-08,3.275665e-05,9.429991e-07,2.036371e-12,9.42996e-07,3.396255e-07,2.20135e-12,3.396221e-07
0.000263525,2.97,2.97,1.2,1.799471,2.048821,2.266714,1.199986,4.836343e-08,9.095484e-05,2.201667,2.229316,1.199983,4.836544e-08,3.275665e-05,9.429994e-07,2.061018e-12,9.429961e-07,3.396255e-07,2.20135e-12,3.396222e-07
0.000263675,2.97,2.97,1.2,1.799471,2.048821,2.266714,1.199986,4.836387e-08,9.095483e-05,2.201667,2.229316,1.199983,4.836512e-08,3.275665e-05,9.429991e-07,2.036371e-12,9.42996e-07,3.396255e-07,2.20135e-12,3.396221e-07
0.000263825,2.97,2.97,1.2,1.799471,2.048821,2.266714,1.199986,4.836409e-08,9.095484e-05,2.201667,2.229316,1.199983,4.835337e-08,3.275665e-05,9.429994e-07,2.061462e-12,9.42996e-07,3.396255e-07,2.20135e-12,3.396222e-07
0.000263975,2.97,2.97,1.2,1.799471,2.048821,2.266714,1.199986,4.836493e-08,9.095483e-05,2.201667,2.229316,1.199983,4.836637e-08,3.275665e-05,9.429991e-07,2.036371e-12,9.42996e-07,3.396255e-07,2.201572e-12,3.396221e-07
0.000264125,2.97,2.97,1.2,1.799471,2.048821,2.266714,1.199986,4.836391e-08,9.095484e-05,2.201667,2.229316,1.199983,4.837226e-08,3.275665e-05,9.429994e-07,2.06124e-12,9.42996e-07,3.396256e-07,2.201572e-12,3.396222e-07
0.000264275,2.97,2.97,1.2,1.799471,2.048821,2.266714,1.199986,4.836674e-08,9.095483e-05,2.201667,2.229316,1.199983,4.836297e-08,3.275665e-05,9.429991e-07,2.036593e-12,9.42996e-07,3.396255e-07,2.201572e-12,3.396221e-07
0.000264425,2.97,2.97,1.2,1.799471,2.048821,2.266714,1.199986,4.836331e-08,9.095484e-05,2.201667,2.229316,1.199983,4.836362e-08,3.275665e-05,9.429994e-07,2.06124e-12,9.42996e-07,3.396255e-07,2.201572e-12,3.396222e-07
0.000264575,2.97,2.97,1.2,1.799471,2.048821,2.266714,1.199986,4.836467e-08,9.095483e-05,2.201667,2.229316,1.199983,4.836543e-08,3.275665e-05,9.429991e-07,2.036371e-12,9.42996e-07,3.396255e-07,2.20135e-12,3.396221e-07
0.000264725,2.97,2.97,1.2,1.799471,2.048821,2.266714,1.199986,4.83661e-08,9.095484e-05,2.201667,2.229316,1.199983,4.836124e-08,3.275665e-05,9.429994e-07,2.061018e-12,9.42996e-07,3.396255e-07,2.20135e-12,3.396222e-07
0.000264875,2.97,2.97,1.2,1.799471,2.048821,2.266714,1.199986,4.83669e-08,9.095483e-05,2.201667,2.229316,1.199983,4.836184e-08,3.275665e-05,9.429991e-07,2.036371e-12,9.42996e-07,3.396255e-07,2.201128e-12,3.396221e-07
0.000265025,2.97,2.97,1.2,1.799471,2.048821,2.266714,1.199986,4.83607e-08,9.095484e-05,2.201667,2.229316,1.199983,4.836725e-08,3.275665e-05,9.429994e-07,2.061018e-12,9.42996e-07,3.396255e-07,2.20135e-12,3.396222e-07
0.000265175,2.97,2.97,1.2,1.799471,2.048821,2.266714,1.199986,4.83651e-08,9.095483e-05,2.201667,2.229316,1.199983,4.835536e-08,3.275665e-05,9.429991e-07,2.036371e-12,9.42996e-07,3.396255e-07,2.201128e-12,3.396221e-07
0.000265325,2.97,2.97,1.2,1.799471,2.048821,2.266714,1.199986,4.836614e-08,9.095484e-05,2.201667,2.229316,1.199983,4.836152e-08,3.275665e-05,9.429994e-07,2.06124e-12,9.42996e-07,3.396255e-07,2.20135e-12,3.396222e-07
0.000265475,2.97,2.97,1.2,1.799471,2.048821,2.266714,1.199986,4.836678e-08,9.095483e-05,2.201667,2.229316,1.199983,4.836846e-08,3.275665e-05,9.429991e-07,2.036371e-12,9.42996e-07,3.396255e-07,2.20135e-12,3.396221e-07
0.000265625,2.97,2.97,1.2,1.799471,2.048821,2.266714,1.199986,4.836483e-08,9.095484e-05,2.201667,2.229316,1.199983,4.835418e-08,3.275665e-05,9.429994e-07,2.061018e-12,9.42996e-07,3.396255e-07,2.201572e-12,3.396221e-07
0.000265775,2.97,2.97,1.2,1.799471,2.048821,2.266714,1.199986,4.836097e-08,9.095483e-05,2.201667,2.229316,1.199983,4.83723e-08,3.275665e-05,9.429991e-07,2.036593e-12,9.42996e-07,3.396255e-07,2.201572e-12,3.396221e-07
0.000265925,2.97,2.97,1.2,1.799471,2.048821,2.266714,1.199986,4.836425e-08,9.095484e-05,2.201667,2.229316,1.199983,4.835979e-08,3.275665e-05,9.429994e-07,2.06124e-12,9.42996e-07,3.396255e-07,2.20135e-12,3.396222e-07
0.000266075,2.97,2.97,1.2,1.799471,2.048821,2.266714,1.199986,4.836239e-08,9.095483e-05,2.201667,2.229316,1.199983,4.83611e-08,3.275665e-05,9.429991e-07,2.036593e-12,9.42996e-07,3.396255e-07,2.201572e-12,3.396221e-07
0.000266225,2.97,2.97,1.2,1.799471,2.048821,2.266714,1.199986,4.836745e-08,9.095484e-05,2.201667,2.229316,1.199983,4.836781e-08,3.275665e-05,9.429994e-07,2.06124e-12,9.42996e-07,3.396255e-07,2.20135e-12,3.396222e-07
0.000266375,2.97,2.97,1.2,1.799471,2.048821,2.266714,1.199986,4.836501e-08,9.095483e-05,2.201667,2.229316,1.199983,4.836816e-08,3.275665e-05,9.429991e-07,2.036593e-12,9.42996e-07,3.396255e-07,2.20135e-12,3.396221e-07
0.000266525,2.97,2.97,1.2,1.799471,2.048821,2.266714,1.199986,4.83637e-08,9.095484e-05,2.201667,2.229316,1.199983,4.836643e-08,3.275665e-05,9.429994e-07,2.06124e-12,9.42996e-07,3.396255e-07,2.20135e-12,3.396222e-07
0.000266675,2.97,2.97,1.2,1.799471,2.048821,2.266714,1.199986,4.835903e-08,9.095483e-05,2.201667,2.229316,1.199983,4.836913e-08,3.275665e-05,9.429991e-07,2.036371e-12,9.42996e-07,3.396255e-07,2.200906e-12,3.396221e-07
0.000266825,2.97,2.97,1.2,1.799471,2.048821,2.266714,1.199986,4.836381e-08,9.095484e-05,2.201667,2.229316,1.199983,4.836467e-08,3.275665e-05,9.429994e-07,2.061018e-12,9.42996e-07,3.396255e-07,2.20135e-12,3.396222e-07
0.000266975,2.97,2.97,1.2,1.799471,2.048821,2.266714,1.199986,4.835702e-08,9.095483e-05,2.201667,2.229316,1.199983,4.836203e-08,3.275665e-05,9.429991e-07,2.036593e-12,9.42996e-07,3.396255e-07,2.201128e-12,3.396221e-07
0.000267125,2.97,2.97,1.2,1.799471,2.048821,2.266714,1.199986,4.836323e-08,9.095484e-05,2.201667,2.229316,1.199983,4.837402e-08,3.275665e-05,9.429994e-07,2.061018e-12,9.429961e-07,3.396256e-07,2.20135e-12,3.396222e-07
0.000267275,2.97,2.97,1.2,1.799471,2.048821,2.266714,1.199986,4.836425e-08,9.095483e-05,2.201667,2.229316,1.199983,4.836125e-08,3.275665e-05,9.429991e-07,2.036371e-12,9.42996e-07,3.396255e-07,2.20135e-12,3.396221e-07
0.000267425,2.97,2.97,1.2,1.799471,2.048821,2.266714,1.199986,4.836496e-08,9.095484e-05,2.201667,2.229316,1.199983,4.836601e-08,3.275665e-05,9.429994e-07,2.061018e-12,9.42996e-07,3.396255e-07,2.20135e-12,3.396222e-07
0.000267575,2.97,2.97,1.2,1.799471,2.048821,2.266714,1.199986,4.836412e-08,9.095483e-05,2.201667,2.229316,1.199983,4.837082e-08,3.275665e-05,9.429991e-07,2.036593e-12,9.42996e-07,3.396255e-07,2.20135e-12,3.396221e-07
0.000267725,2.97,2.97,1.2,1.799471,2.048821,2.266714,1.199986,4.83674e-08,9.095484e-05,2.201667,2.229316,1.199983,4.837182e-08,3.275665e-05,9.429994e-07,2.061018e-12,9.42996e-07,3.396255e-07,2.20135e-12,3.396222e-07
0.000267875,2.97,2.97,1.2,1.799471,2.048821,2.266714,1.199986,4.836724e-08,9.095483e-05,2.201667,2.229316,1.199983,4.836143e-08,3.275665e-05,9.429991e-07,2.036593e-12,9.42996e-07,3.396255e-07,2.201572e-12,3.396221e-07
0.000268025,2.97,2.97,1.2,1.799471,2.048821,2.266714,1.199986,4.836215e-08,9.095484e-05,2.201667,2.229316,1.199983,4.836898e-08,3.275665e-05,9.429994e-07,2.06124e-12,9.42996e-07,3.396255e-07,2.201572e-12,3.396222e-07
0.000268175,2.97,2.97,1.2,1.799471,2.048821,2.266714,1.199986,4.836532e-08,9.095483e-05,2.201667,2.229316,1.199983,4.836336e-08,3.275665e-05,9.429991e-07,2.036593e-12,9.42996e-07,3.396255e-07,2.201128e-12,3.396221e-07
0.000268325,2.97,2.97,1.2,1.799471,2.048821,2.266714,1.199986,4.835868e-08,9.095484e-05,2.201667,2.229316,1.199983,4.835882e-08,3.275665e-05,9.429994e-07,2.06124e-12,9.42996e-07,3.396255e-07,2.20135e-12,3.396222e-07
0.000268475,2.97,2.97,1.2,1.799471,2.048821,2.266714,1.199986,4.836747e-08,9.095483e-05,2.201667,2.229316,1.199983,4.836055e-08,3.275665e-05,9.429991e-07,2.036593e-12,9.42996e-07,3.396255e-07,2.20135e-12,3.396221e-07
0.000268625,2.97,2.97,1.2,1.799471,2.048821,2.266714,1.199986,4.83654e-08,9.095484e-05,2.201667,2.229316,1.199983,4.835762e-08,3.275665e-05,9.429994e-07,2.06124e-12,9.42996e-07,3.396255e-07,2.201572e-12,3.396222e-07
0.000268775,2.97,2.97,1.2,1.799471,2.048821,2.266714,1.199986,4.836255e-08,9.095483e-05,2.201667,2.229316,1.199983,4.835835e-08,3.275665e-05,9.429991e-07,2.036593e-12,9.42996e-07,3.396255e-07,2.201572e-12,3.396221e-07
0.000268925,2.97,2.97,1.2,1.799471,2.048821,2.266714,1.199986,4.836006e-08,9.095484e-05,2.201667,2.229316,1.199983,4.836501e-08,3.275665e-05,9.429994e-07,2.061018e-12,9.42996e-07,3.396255e-07,2.20135e-12,3.396222e-07
0.000269075,2.97,2.97,1.2,1.799471,2.048821,2.266714,1.199986,4.836484e-08,9.095483e-05,2.201667,2.229316,1.199983,4.836005e-08,3.275665e-05,9.429991e-07,2.036371e-12,9.42996e-07,3.396255e-07,2.20135e-12,3.396221e-07
0.000269225,2.97,2.97,1.2,1.799471,2.048821,2.266714,1.199986,4.836376e-08,9.095484e-05,2.201667,2.229316,1.199983,4.836801e-08,3.275665e-05,9.429994e-07,2.06124e-12,9.429961e-07,3.396255e-07,2.20135e-12,3.396222e-07
0.000269375,2.97,2.97,1.2,1.799471,2.048821,2.266714,1.199986,4.836311e-08,9.095483e-05,2.201667,2.229316,1.199983,4.83624e-08,3.275665e-05,9.429991e-07,2.036593e-12,9.42996e-07,3.396255e-07,2.20135e-12,3.396221e-07
0.000269525,2.97,2.97,1.2,1.799471,2.048821,2.266714,1.199986,4.836731e-08,9.095484e-05,2.201667,2.229316,1.199983,4.836791e-08,3.275665e-05,9.429994e-07,2.061018e-12,9.429961e-07,3.396255e-07,2.20135e-12,3.396222e-07
0.000269675,2.97,2.97,1.2,1.799471,2.048821,2.266714,1.199986,4.836839e-08,9.095483e-05,2.201667,2.229316,1.199983,4.837096e-08,3.275665e-05,9.429991e-07,2.036593e-12,9.42996e-07,3.396255e-07,2.201572e-12,3.396221e-07
0.000269825,2.97,2.97,1.2,1.799471,2.048821,2.266714,1.199986,4.836365e-08,9.095484e-05,2.201667,2.229316,1.199983,4.836585e-08,3.275665e-05,9.429994e-07,2.06124e-12,9.429961e-07,3.396255e-07,2.20135e-12,3.396222e-07
0.0002699625,2.97,2.97,1.2,1.799471,2.048821,2.266714,1.199986,4.835661e-08,9.095483e-05,2.201667,2.229316,1.199983,4.834895e-08,3.275665e-05,9.429991e-07,2.036149e-12,9.42996e-07,3.396255e-07,2.201572e-12,3.396221e-07
0.00027,2.97,2.97,1.2,1.799471,2.048821,2.266714,1.199986,4.837508e-08,9.095484e-05,2.201667,2.229316,1.199983,4.835582e-08,3.275665e-05,9.429994e-07,2.061018e-12,9.429961e-07,3.396255e-07,2.201794e-12,3.396222e-07
