
Note: Compatibility modes selected: hs a


Circuit: * loop-stability -- tian dual-injection loop-gain testbench for ldo_core (issue #10)

* corner_id=fs_-40c_2.97v corner=fs temp_c=-40 vin_v=2.97
* ac sweep: dec 400 0.01 1e9 ; Tian dual injection at ERRAMP_OUT->PASS_GATE
* columns: ROW iload_a= ceff_f= esr_ohm= vout_v= dcgain_db= f0_hz= phase_at_f0_deg=
*          f180_hz= gain_at_f180_db= f0_rising_hz= resurgence_db=
* (phase margin = 180 + phase_at_f0_deg ; gain margin = -gain_at_f180_db ;
*  resurgence_db = max |T| in dB above the first 0 dB crossing, DR-0008 ;
*  an empty f180/gain field means the phase never reaches -180 deg in band)
* Fields are written key=value BECAUSE a failed meas leaves its value
* empty: with bare positional fields an empty one vanishes into the
* whitespace and every field after it is read as the wrong quantity.
Doing analysis at TEMP = -40.000000 and TNOM = 27.000000

Using SPARSE 1.3 as Direct Linear Solver
 Reference value :  0.00000e+00
No. of Data Rows : 1
Doing analysis at TEMP = -40.000000 and TNOM = 27.000000

Using SPARSE 1.3 as Direct Linear Solver
 Reference value :  1.00000e-02
 Reference value :  3.40800e+07
No. of Data Rows : 4401
Doing analysis at TEMP = -40.000000 and TNOM = 27.000000

Using SPARSE 1.3 as Direct Linear Solver
 Reference value :  1.00000e-02
No. of Data Rows : 4401
dcg                 =  1.35469e+02
f0                  =  3.46200e+03
phx                 =  -1.45111e+02
f180                =  3.74086e+05
gmx                 =  -5.42078e+01
 meas ac f0r when tdb=0 rise=1 failed!

tres                =  -7.64719e-01 at=  3.65174e+03
ROW iload_a=0 ceff_f=3.3e-07 esr_ohm=0.001 vout_v=1.79946 dcgain_db=135.469 f0_hz=3461.99 phase_at_f0_deg=-145.111 f180_hz=374086 gain_at_f180_db=-54.2078 f0_rising_hz= resurgence_db=-0.764719
Doing analysis at TEMP = -40.000000 and TNOM = 27.000000

Using SPARSE 1.3 as Direct Linear Solver
 Reference value :  0.00000e+00
No. of Data Rows : 1
Doing analysis at TEMP = -40.000000 and TNOM = 27.000000

Using SPARSE 1.3 as Direct Linear Solver
 Reference value :  1.00000e-02
 Reference value :  9.49511e+06
No. of Data Rows : 4401
Doing analysis at TEMP = -40.000000 and TNOM = 27.000000

Using SPARSE 1.3 as Direct Linear Solver
 Reference value :  1.00000e-02
 Reference value :  4.57088e+07
No. of Data Rows : 4401
dcg                 =  1.35469e+02
f0                  =  3.46153e+03
phx                 =  -1.45115e+02
f180                =  4.01269e+05
gmx                 =  -5.54035e+01
 meas ac f0r when tdb=0 rise=1 failed!

tres                =  -7.66821e-01 at=  3.65174e+03
ROW iload_a=0 ceff_f=3.3e-07 esr_ohm=0.05 vout_v=1.79946 dcgain_db=135.469 f0_hz=3461.53 phase_at_f0_deg=-145.115 f180_hz=401269 gain_at_f180_db=-55.4035 f0_rising_hz= resurgence_db=-0.766821
Doing analysis at TEMP = -40.000000 and TNOM = 27.000000

Using SPARSE 1.3 as Direct Linear Solver
 Reference value :  0.00000e+00
No. of Data Rows : 1
Doing analysis at TEMP = -40.000000 and TNOM = 27.000000

Using SPARSE 1.3 as Direct Linear Solver
 Reference value :  1.00000e-02
 Reference value :  4.67735e+07
No. of Data Rows : 4401
Doing analysis at TEMP = -40.000000 and TNOM = 27.000000

Using SPARSE 1.3 as Direct Linear Solver
 Reference value :  1.00000e-02
 Reference value :  1.34122e+07
No. of Data Rows : 4401
dcg                 =  1.35469e+02
f0                  =  3.46153e+03
phx                 =  -1.45053e+02
f180                =  5.46624e+05
gmx                 =  -6.05375e+01
 meas ac f0r when tdb=0 rise=1 failed!

tres                =  -7.66814e-01 at=  3.65174e+03
ROW iload_a=0 ceff_f=3.3e-07 esr_ohm=0.2 vout_v=1.79946 dcgain_db=135.469 f0_hz=3461.53 phase_at_f0_deg=-145.053 f180_hz=546624 gain_at_f180_db=-60.5375 f0_rising_hz= resurgence_db=-0.766814
Doing analysis at TEMP = -40.000000 and TNOM = 27.000000

Using SPARSE 1.3 as Direct Linear Solver
 Reference value :  0.00000e+00
No. of Data Rows : 1
Doing analysis at TEMP = -40.000000 and TNOM = 27.000000

Using SPARSE 1.3 as Direct Linear Solver
 Reference value :  1.00000e-02
 Reference value :  4.59727e+07
No. of Data Rows : 4401
Doing analysis at TEMP = -40.000000 and TNOM = 27.000000

Using SPARSE 1.3 as Direct Linear Solver
 Reference value :  1.00000e-02
No. of Data Rows : 4401
dcg                 =  1.35469e+02
f0                  =  3.46154e+03
phx                 =  -1.44930e+02
f180                =  5.36584e+06
gmx                 =  -7.74823e+01
 meas ac f0r when tdb=0 rise=1 failed!

tres                =  -7.66766e-01 at=  3.65174e+03
ROW iload_a=0 ceff_f=3.3e-07 esr_ohm=0.5 vout_v=1.79946 dcgain_db=135.469 f0_hz=3461.54 phase_at_f0_deg=-144.93 f180_hz=5.36584E+06 gain_at_f180_db=-77.4823 f0_rising_hz= resurgence_db=-0.766766
Doing analysis at TEMP = -40.000000 and TNOM = 27.000000

Using SPARSE 1.3 as Direct Linear Solver
 Reference value :  0.00000e+00
No. of Data Rows : 1
Doing analysis at TEMP = -40.000000 and TNOM = 27.000000

Using SPARSE 1.3 as Direct Linear Solver
 Reference value :  1.00000e-02
 Reference value :  4.26580e+07
No. of Data Rows : 4401
Doing analysis at TEMP = -40.000000 and TNOM = 27.000000

Using SPARSE 1.3 as Direct Linear Solver
 Reference value :  1.00000e-02
No. of Data Rows : 4401
dcg                 =  1.35464e+02
f0                  =  1.85682e+03
phx                 =  -1.59371e+02
f180                =  3.75959e+05
gmx                 =  -6.39538e+01
 meas ac f0r when tdb=0 rise=1 failed!

tres                =  -7.92877e-01 at=  1.94984e+03
ROW iload_a=0 ceff_f=1e-06 esr_ohm=0.001 vout_v=1.79946 dcgain_db=135.464 f0_hz=1856.82 phase_at_f0_deg=-159.371 f180_hz=375959 gain_at_f180_db=-63.9538 f0_rising_hz= resurgence_db=-0.792877
Doing analysis at TEMP = -40.000000 and TNOM = 27.000000

Using SPARSE 1.3 as Direct Linear Solver
 Reference value :  0.00000e+00
No. of Data Rows : 1
Doing analysis at TEMP = -40.000000 and TNOM = 27.000000

Using SPARSE 1.3 as Direct Linear Solver
 Reference value :  1.00000e-02
 Reference value :  2.64545e+07
No. of Data Rows : 4401
Doing analysis at TEMP = -40.000000 and TNOM = 27.000000

Using SPARSE 1.3 as Direct Linear Solver
 Reference value :  1.00000e-02
 Reference value :  5.33949e+07
No. of Data Rows : 4401
dcg                 =  1.35464e+02
f0                  =  1.85673e+03
phx                 =  -1.59353e+02
f180                =  4.89600e+05
gmx                 =  -6.84442e+01
 meas ac f0r when tdb=0 rise=1 failed!

tres                =  -7.93683e-01 at=  1.94984e+03
ROW iload_a=0 ceff_f=1e-06 esr_ohm=0.05 vout_v=1.79946 dcgain_db=135.464 f0_hz=1856.73 phase_at_f0_deg=-159.353 f180_hz=489600 gain_at_f180_db=-68.4442 f0_rising_hz= resurgence_db=-0.793683
Doing analysis at TEMP = -40.000000 and TNOM = 27.000000

Using SPARSE 1.3 as Direct Linear Solver
 Reference value :  0.00000e+00
No. of Data Rows : 1
Doing analysis at TEMP = -40.000000 and TNOM = 27.000000

Using SPARSE 1.3 as Direct Linear Solver
 Reference value :  1.00000e-02
 Reference value :  3.14413e+07
No. of Data Rows : 4401
Doing analysis at TEMP = -40.000000 and TNOM = 27.000000

Using SPARSE 1.3 as Direct Linear Solver
 Reference value :  1.00000e-02
 Reference value :  8.86135e+08
No. of Data Rows : 4401
dcg                 =  1.35464e+02
f0                  =  1.85674e+03
phx                 =  -1.59252e+02
f180                =  5.65197e+06
gmx                 =  -7.73754e+01
 meas ac f0r when tdb=0 rise=1 failed!

tres                =  -7.93660e-01 at=  1.94984e+03
ROW iload_a=0 ceff_f=1e-06 esr_ohm=0.2 vout_v=1.79946 dcgain_db=135.464 f0_hz=1856.74 phase_at_f0_deg=-159.252 f180_hz=5.65197E+06 gain_at_f180_db=-77.3754 f0_rising_hz= resurgence_db=-0.79366
Doing analysis at TEMP = -40.000000 and TNOM = 27.000000

Using SPARSE 1.3 as Direct Linear Solver
 Reference value :  0.00000e+00
No. of Data Rows : 1
Doing analysis at TEMP = -40.000000 and TNOM = 27.000000

Using SPARSE 1.3 as Direct Linear Solver
 Reference value :  1.00000e-02
 Reference value :  2.11349e+07
No. of Data Rows : 4401
Doing analysis at TEMP = -40.000000 and TNOM = 27.000000

Using SPARSE 1.3 as Direct Linear Solver
 Reference value :  1.00000e-02
 Reference value :  6.38263e+07
No. of Data Rows : 4401
dcg                 =  1.35464e+02
f0                  =  1.85675e+03
phx                 =  -1.59052e+02
f180                =  5.36097e+06
gmx                 =  -7.73543e+01
 meas ac f0r when tdb=0 rise=1 failed!

tres                =  -7.93528e-01 at=  1.94984e+03
ROW iload_a=0 ceff_f=1e-06 esr_ohm=0.5 vout_v=1.79946 dcgain_db=135.464 f0_hz=1856.75 phase_at_f0_deg=-159.052 f180_hz=5.36097E+06 gain_at_f180_db=-77.3543 f0_rising_hz= resurgence_db=-0.793528
Doing analysis at TEMP = -40.000000 and TNOM = 27.000000

Using SPARSE 1.3 as Direct Linear Solver
 Reference value :  0.00000e+00
No. of Data Rows : 1
Doing analysis at TEMP = -40.000000 and TNOM = 27.000000

Using SPARSE 1.3 as Direct Linear Solver
 Reference value :  1.00000e-02
 Reference value :  5.92243e+07
No. of Data Rows : 4401
Doing analysis at TEMP = -40.000000 and TNOM = 27.000000

Using SPARSE 1.3 as Direct Linear Solver
 Reference value :  1.00000e-02
 Reference value :  2.98538e+07
No. of Data Rows : 4401
dcg                 =  1.35335e+02
f0                  =  8.33862e+02
phx                 =  -1.70281e+02
f180                =  3.87555e+05
gmx                 =  -7.81136e+01
 meas ac f0r when tdb=0 rise=1 failed!

tres                =  -8.43492e-01 at=  8.75992e+02
ROW iload_a=0 ceff_f=4.7e-06 esr_ohm=0.001 vout_v=1.79946 dcgain_db=135.335 f0_hz=833.862 phase_at_f0_deg=-170.281 f180_hz=387555 gain_at_f180_db=-78.1136 f0_rising_hz= resurgence_db=-0.843492
Doing analysis at TEMP = -40.000000 and TNOM = 27.000000

Using SPARSE 1.3 as Direct Linear Solver
 Reference value :  0.00000e+00
No. of Data Rows : 1
Doing analysis at TEMP = -40.000000 and TNOM = 27.000000

Using SPARSE 1.3 as Direct Linear Solver
 Reference value :  1.00000e-02
 Reference value :  6.60693e+07
No. of Data Rows : 4401
Doing analysis at TEMP = -40.000000 and TNOM = 27.000000

Using SPARSE 1.3 as Direct Linear Solver
 Reference value :  1.00000e-02
 Reference value :  2.73842e+07
No. of Data Rows : 4401
dcg                 =  1.35335e+02
f0                  =  8.33854e+02
phx                 =  -1.70219e+02
f180                =  5.77460e+06
gmx                 =  -7.73335e+01
 meas ac f0r when tdb=0 rise=1 failed!

tres                =  -8.43670e-01 at=  8.75992e+02
ROW iload_a=0 ceff_f=4.7e-06 esr_ohm=0.05 vout_v=1.79946 dcgain_db=135.335 f0_hz=833.854 phase_at_f0_deg=-170.219 f180_hz=5.7746E+06 gain_at_f180_db=-77.3335 f0_rising_hz= resurgence_db=-0.84367
Doing analysis at TEMP = -40.000000 and TNOM = 27.000000

Using SPARSE 1.3 as Direct Linear Solver
 Reference value :  0.00000e+00
No. of Data Rows : 1
Doing analysis at TEMP = -40.000000 and TNOM = 27.000000

Using SPARSE 1.3 as Direct Linear Solver
 Reference value :  1.00000e-02
 Reference value :  3.31131e+07
No. of Data Rows : 4401
Doing analysis at TEMP = -40.000000 and TNOM = 27.000000

Using SPARSE 1.3 as Direct Linear Solver
 Reference value :  1.00000e-02
 Reference value :  1.92752e+07
No. of Data Rows : 4401
dcg                 =  1.35335e+02
f0                  =  8.33858e+02
phx                 =  -1.70007e+02
f180                =  5.64865e+06
gmx                 =  -7.73340e+01
 meas ac f0r when tdb=0 rise=1 failed!

tres                =  -8.43563e-01 at=  8.75992e+02
ROW iload_a=0 ceff_f=4.7e-06 esr_ohm=0.2 vout_v=1.79946 dcgain_db=135.335 f0_hz=833.859 phase_at_f0_deg=-170.007 f180_hz=5.64865E+06 gain_at_f180_db=-77.334 f0_rising_hz= resurgence_db=-0.843563
Doing analysis at TEMP = -40.000000 and TNOM = 27.000000

Using SPARSE 1.3 as Direct Linear Solver
 Reference value :  0.00000e+00
No. of Data Rows : 1
Doing analysis at TEMP = -40.000000 and TNOM = 27.000000

Using SPARSE 1.3 as Direct Linear Solver
 Reference value :  1.00000e-02
 Reference value :  3.38844e+07
No. of Data Rows : 4401
Doing analysis at TEMP = -40.000000 and TNOM = 27.000000

Using SPARSE 1.3 as Direct Linear Solver
 Reference value :  1.00000e-02
 Reference value :  3.52777e+07
No. of Data Rows : 4401
dcg                 =  1.35335e+02
f0                  =  8.33885e+02
phx                 =  -1.69583e+02
f180                =  5.35913e+06
gmx                 =  -7.73050e+01
 meas ac f0r when tdb=0 rise=1 failed!

tres                =  -8.42957e-01 at=  8.75992e+02
ROW iload_a=0 ceff_f=4.7e-06 esr_ohm=0.5 vout_v=1.79946 dcgain_db=135.335 f0_hz=833.885 phase_at_f0_deg=-169.583 f180_hz=5.35913E+06 gain_at_f180_db=-77.305 f0_rising_hz= resurgence_db=-0.842957
Doing analysis at TEMP = -40.000000 and TNOM = 27.000000

Using SPARSE 1.3 as Direct Linear Solver
 Reference value :  0.00000e+00
No. of Data Rows : 1
Doing analysis at TEMP = -40.000000 and TNOM = 27.000000

Using SPARSE 1.3 as Direct Linear Solver
 Reference value :  1.00000e-02
 Reference value :  2.93427e+07
No. of Data Rows : 4401
Doing analysis at TEMP = -40.000000 and TNOM = 27.000000

Using SPARSE 1.3 as Direct Linear Solver
 Reference value :  1.00000e-02
 Reference value :  4.44120e+07
No. of Data Rows : 4401
dcg                 =  1.44922e+02
f0                  =  1.07610e+05
phx                 =  -1.22731e+02
f180                =  4.87002e+05
gmx                 =  -2.06687e+01
 meas ac f0r when tdb=0 rise=1 failed!

tres                =  -5.53626e-01 at=  1.13501e+05
ROW iload_a=0.0001 ceff_f=3.3e-07 esr_ohm=0.001 vout_v=1.79946 dcgain_db=144.922 f0_hz=107610 phase_at_f0_deg=-122.731 f180_hz=487002 gain_at_f180_db=-20.6687 f0_rising_hz= resurgence_db=-0.553626
Doing analysis at TEMP = -40.000000 and TNOM = 27.000000

Using SPARSE 1.3 as Direct Linear Solver
 Reference value :  0.00000e+00
No. of Data Rows : 1
Doing analysis at TEMP = -40.000000 and TNOM = 27.000000

Using SPARSE 1.3 as Direct Linear Solver
 Reference value :  1.00000e-02
 Reference value :  2.18776e+07
No. of Data Rows : 4401
Doing analysis at TEMP = -40.000000 and TNOM = 27.000000

Using SPARSE 1.3 as Direct Linear Solver
 Reference value :  1.00000e-02
 Reference value :  1.26619e+08
No. of Data Rows : 4401
dcg                 =  1.44922e+02
f0                  =  1.07615e+05
phx                 =  -1.22106e+02
f180                =  5.24391e+05
gmx                 =  -2.18867e+01
 meas ac f0r when tdb=0 rise=1 failed!

tres                =  -5.53042e-01 at=  1.13501e+05
ROW iload_a=0.0001 ceff_f=3.3e-07 esr_ohm=0.05 vout_v=1.79946 dcgain_db=144.922 f0_hz=107615 phase_at_f0_deg=-122.106 f180_hz=524391 gain_at_f180_db=-21.8867 f0_rising_hz= resurgence_db=-0.553042
Doing analysis at TEMP = -40.000000 and TNOM = 27.000000

Using SPARSE 1.3 as Direct Linear Solver
 Reference value :  0.00000e+00
No. of Data Rows : 1
Doing analysis at TEMP = -40.000000 and TNOM = 27.000000

Using SPARSE 1.3 as Direct Linear Solver
 Reference value :  1.00000e-02
 Reference value :  6.79986e+07
No. of Data Rows : 4401
Doing analysis at TEMP = -40.000000 and TNOM = 27.000000

Using SPARSE 1.3 as Direct Linear Solver
 Reference value :  1.00000e-02
 Reference value :  1.73780e+08
No. of Data Rows : 4401
dcg                 =  1.44922e+02
f0                  =  1.07699e+05
phx                 =  -1.20212e+02
f180                =  7.14177e+05
gmx                 =  -2.68166e+01
 meas ac f0r when tdb=0 rise=1 failed!

tres                =  -5.44085e-01 at=  1.13501e+05
ROW iload_a=0.0001 ceff_f=3.3e-07 esr_ohm=0.2 vout_v=1.79946 dcgain_db=144.922 f0_hz=107699 phase_at_f0_deg=-120.212 f180_hz=714177 gain_at_f180_db=-26.8166 f0_rising_hz= resurgence_db=-0.544085
Doing analysis at TEMP = -40.000000 and TNOM = 27.000000

Using SPARSE 1.3 as Direct Linear Solver
 Reference value :  0.00000e+00
No. of Data Rows : 1
Doing analysis at TEMP = -40.000000 and TNOM = 27.000000

Using SPARSE 1.3 as Direct Linear Solver
 Reference value :  1.00000e-02
 Reference value :  5.33949e+07
No. of Data Rows : 4401
Doing analysis at TEMP = -40.000000 and TNOM = 27.000000

Using SPARSE 1.3 as Direct Linear Solver
 Reference value :  1.00000e-02
 Reference value :  6.64508e+07
No. of Data Rows : 4401
dcg                 =  1.44922e+02
f0                  =  1.08177e+05
phx                 =  -1.16505e+02
f180                =  1.47724e+06
gmx                 =  -3.54721e+01
 meas ac f0r when tdb=0 rise=1 failed!

tres                =  -5.53923e-01 at=  1.14156e+05
ROW iload_a=0.0001 ceff_f=3.3e-07 esr_ohm=0.5 vout_v=1.79946 dcgain_db=144.922 f0_hz=108177 phase_at_f0_deg=-116.505 f180_hz=1.47724E+06 gain_at_f180_db=-35.4721 f0_rising_hz= resurgence_db=-0.553923
Doing analysis at TEMP = -40.000000 and TNOM = 27.000000

Using SPARSE 1.3 as Direct Linear Solver
 Reference value :  0.00000e+00
No. of Data Rows : 1
Doing analysis at TEMP = -40.000000 and TNOM = 27.000000

Using SPARSE 1.3 as Direct Linear Solver
 Reference value :  1.00000e-02
 Reference value :  5.62341e+07
No. of Data Rows : 4401
Doing analysis at TEMP = -40.000000 and TNOM = 27.000000

Using SPARSE 1.3 as Direct Linear Solver
 Reference value :  1.00000e-02
 Reference value :  1.71791e+08
No. of Data Rows : 4401
dcg                 =  1.44922e+02
f0                  =  3.53322e+04
phx                 =  -1.05864e+02
f180                =  4.88423e+05
gmx                 =  -3.03473e+01
 meas ac f0r when tdb=0 rise=1 failed!

tres                =  -4.00092e-01 at=  3.71535e+04
ROW iload_a=0.0001 ceff_f=1e-06 esr_ohm=0.001 vout_v=1.79946 dcgain_db=144.922 f0_hz=35332.2 phase_at_f0_deg=-105.864 f180_hz=488423 gain_at_f180_db=-30.3473 f0_rising_hz= resurgence_db=-0.400092
Doing analysis at TEMP = -40.000000 and TNOM = 27.000000

Using SPARSE 1.3 as Direct Linear Solver
 Reference value :  0.00000e+00
No. of Data Rows : 1
Doing analysis at TEMP = -40.000000 and TNOM = 27.000000

Using SPARSE 1.3 as Direct Linear Solver
 Reference value :  1.00000e-02
 Reference value :  2.41268e+07
No. of Data Rows : 4401
Doing analysis at TEMP = -40.000000 and TNOM = 27.000000

Using SPARSE 1.3 as Direct Linear Solver
 Reference value :  1.00000e-02
 Reference value :  9.49511e+07
No. of Data Rows : 4401
dcg                 =  1.44922e+02
f0                  =  3.53345e+04
phx                 =  -1.05241e+02
f180                =  6.35710e+05
gmx                 =  -3.46272e+01
 meas ac f0r when tdb=0 rise=1 failed!

tres                =  -3.99520e-01 at=  3.71535e+04
ROW iload_a=0.0001 ceff_f=1e-06 esr_ohm=0.05 vout_v=1.79946 dcgain_db=144.922 f0_hz=35334.5 phase_at_f0_deg=-105.241 f180_hz=635710 gain_at_f180_db=-34.6272 f0_rising_hz= resurgence_db=-0.39952
Doing analysis at TEMP = -40.000000 and TNOM = 27.000000

Using SPARSE 1.3 as Direct Linear Solver
 Reference value :  0.00000e+00
No. of Data Rows : 1
Doing analysis at TEMP = -40.000000 and TNOM = 27.000000

Using SPARSE 1.3 as Direct Linear Solver
 Reference value :  1.00000e-02
 Reference value :  1.38835e+08
No. of Data Rows : 4401
Doing analysis at TEMP = -40.000000 and TNOM = 27.000000

Using SPARSE 1.3 as Direct Linear Solver
 Reference value :  1.00000e-02
 Reference value :  1.35675e+08
No. of Data Rows : 4401
dcg                 =  1.44922e+02
f0                  =  3.53699e+04
phx                 =  -1.03330e+02
f180                =  1.64743e+06
gmx                 =  -4.53768e+01
 meas ac f0r when tdb=0 rise=1 failed!

tres                =  -3.90713e-01 at=  3.71535e+04
ROW iload_a=0.0001 ceff_f=1e-06 esr_ohm=0.2 vout_v=1.79946 dcgain_db=144.922 f0_hz=35369.9 phase_at_f0_deg=-103.33 f180_hz=1.64743E+06 gain_at_f180_db=-45.3768 f0_rising_hz= resurgence_db=-0.390713
Doing analysis at TEMP = -40.000000 and TNOM = 27.000000

Using SPARSE 1.3 as Direct Linear Solver
 Reference value :  0.00000e+00
No. of Data Rows : 1
Doing analysis at TEMP = -40.000000 and TNOM = 27.000000

Using SPARSE 1.3 as Direct Linear Solver
 Reference value :  1.00000e-02
 Reference value :  3.27341e+08
No. of Data Rows : 4401
Doing analysis at TEMP = -40.000000 and TNOM = 27.000000

Using SPARSE 1.3 as Direct Linear Solver
 Reference value :  1.00000e-02
 Reference value :  3.21736e+07
No. of Data Rows : 4401
dcg                 =  1.44922e+02
f0                  =  3.55710e+04
phx                 =  -9.94854e+01
f180                =  2.04223e+06
gmx                 =  -4.10615e+01
 meas ac f0r when tdb=0 rise=1 failed!

tres                =  -3.86567e-01 at=  3.73680e+04
ROW iload_a=0.0001 ceff_f=1e-06 esr_ohm=0.5 vout_v=1.79946 dcgain_db=144.922 f0_hz=35571 phase_at_f0_deg=-99.4854 f180_hz=2.04223E+06 gain_at_f180_db=-41.0615 f0_rising_hz= resurgence_db=-0.386567
Doing analysis at TEMP = -40.000000 and TNOM = 27.000000

Using SPARSE 1.3 as Direct Linear Solver
 Reference value :  0.00000e+00
No. of Data Rows : 1
Doing analysis at TEMP = -40.000000 and TNOM = 27.000000

Using SPARSE 1.3 as Direct Linear Solver
 Reference value :  1.00000e-02
 Reference value :  2.03002e+07
No. of Data Rows : 4401
Doing analysis at TEMP = -40.000000 and TNOM = 27.000000

Using SPARSE 1.3 as Direct Linear Solver
 Reference value :  1.00000e-02
No. of Data Rows : 4401
dcg                 =  1.44922e+02
f0                  =  8.95348e+03
phx                 =  -1.32292e+02
f180                =  4.96581e+05
gmx                 =  -4.40693e+01
 meas ac f0r when tdb=0 rise=1 failed!

tres                =  -6.57370e-01 at=  9.44061e+03
ROW iload_a=0.0001 ceff_f=4.7e-06 esr_ohm=0.001 vout_v=1.79946 dcgain_db=144.922 f0_hz=8953.48 phase_at_f0_deg=-132.292 f180_hz=496581 gain_at_f180_db=-44.0693 f0_rising_hz= resurgence_db=-0.65737
Doing analysis at TEMP = -40.000000 and TNOM = 27.000000

Using SPARSE 1.3 as Direct Linear Solver
 Reference value :  0.00000e+00
No. of Data Rows : 1
Doing analysis at TEMP = -40.000000 and TNOM = 27.000000

Using SPARSE 1.3 as Direct Linear Solver
 Reference value :  2.45471e-02
 Reference value :  6.41948e+07
No. of Data Rows : 4401
Doing analysis at TEMP = -40.000000 and TNOM = 27.000000

Using SPARSE 1.3 as Direct Linear Solver
 Reference value :  1.00000e-02
 Reference value :  6.27336e+07
No. of Data Rows : 4401
dcg                 =  1.44922e+02
f0                  =  8.95401e+03
phx                 =  -1.31548e+02
f180                =  1.83732e+06
gmx                 =  -5.92015e+01
 meas ac f0r when tdb=0 rise=1 failed!

tres                =  -6.56546e-01 at=  9.44061e+03
ROW iload_a=0.0001 ceff_f=4.7e-06 esr_ohm=0.05 vout_v=1.79946 dcgain_db=144.922 f0_hz=8954.01 phase_at_f0_deg=-131.548 f180_hz=1.83732E+06 gain_at_f180_db=-59.2015 f0_rising_hz= resurgence_db=-0.656546
Doing analysis at TEMP = -40.000000 and TNOM = 27.000000

Using SPARSE 1.3 as Direct Linear Solver
 Reference value :  0.00000e+00
No. of Data Rows : 1
Doing analysis at TEMP = -40.000000 and TNOM = 27.000000

Using SPARSE 1.3 as Direct Linear Solver
 Reference value :  1.00000e-02
 Reference value :  1.76807e+08
No. of Data Rows : 4401
Doing analysis at TEMP = -40.000000 and TNOM = 27.000000

Using SPARSE 1.3 as Direct Linear Solver
 Reference value :  1.00000e-02
 Reference value :  1.25893e+08
No. of Data Rows : 4401
dcg                 =  1.44922e+02
f0                  =  8.96209e+03
phx                 =  -1.29249e+02
f180                =  2.17716e+06
gmx                 =  -5.00082e+01
 meas ac f0r when tdb=0 rise=1 failed!

tres                =  -6.43968e-01 at=  9.44061e+03
ROW iload_a=0.0001 ceff_f=4.7e-06 esr_ohm=0.2 vout_v=1.79946 dcgain_db=144.922 f0_hz=8962.09 phase_at_f0_deg=-129.249 f180_hz=2.17716E+06 gain_at_f180_db=-50.0082 f0_rising_hz= resurgence_db=-0.643968
Doing analysis at TEMP = -40.000000 and TNOM = 27.000000

Using SPARSE 1.3 as Direct Linear Solver
 Reference value :  0.00000e+00
No. of Data Rows : 1
Doing analysis at TEMP = -40.000000 and TNOM = 27.000000

Using SPARSE 1.3 as Direct Linear Solver
 Reference value :  1.00000e-02
 Reference value :  3.80189e+07
No. of Data Rows : 4401
Doing analysis at TEMP = -40.000000 and TNOM = 27.000000

Using SPARSE 1.3 as Direct Linear Solver
 Reference value :  1.00000e-02
 Reference value :  2.27772e+08
No. of Data Rows : 4401
dcg                 =  1.44922e+02
f0                  =  9.00797e+03
phx                 =  -1.24554e+02
f180                =  2.22597e+06
gmx                 =  -4.24265e+01
 meas ac f0r when tdb=0 rise=1 failed!

tres                =  -6.43648e-01 at=  9.49511e+03
ROW iload_a=0.0001 ceff_f=4.7e-06 esr_ohm=0.5 vout_v=1.79946 dcgain_db=144.922 f0_hz=9007.97 phase_at_f0_deg=-124.554 f180_hz=2.22597E+06 gain_at_f180_db=-42.4265 f0_rising_hz= resurgence_db=-0.643648
Doing analysis at TEMP = -40.000000 and TNOM = 27.000000

Using SPARSE 1.3 as Direct Linear Solver
 Reference value :  0.00000e+00
No. of Data Rows : 1
Doing analysis at TEMP = -40.000000 and TNOM = 27.000000

Using SPARSE 1.3 as Direct Linear Solver
 Reference value :  1.00000e-02
No. of Data Rows : 4401
Doing analysis at TEMP = -40.000000 and TNOM = 27.000000

Using SPARSE 1.3 as Direct Linear Solver
 Reference value :  1.00000e-02
 Reference value :  7.98914e+07
No. of Data Rows : 4401
dcg                 =  1.45004e+02
f0                  =  2.70639e+05
phx                 =  -1.27717e+02
f180                =  7.65934e+05
gmx                 =  -1.23287e+01
 meas ac f0r when tdb=0 rise=1 failed!

tres                =  -5.13329e-01 at=  2.85102e+05
ROW iload_a=0.001 ceff_f=3.3e-07 esr_ohm=0.001 vout_v=1.79946 dcgain_db=145.004 f0_hz=270639 phase_at_f0_deg=-127.717 f180_hz=765934 gain_at_f180_db=-12.3287 f0_rising_hz= resurgence_db=-0.513329
Doing analysis at TEMP = -40.000000 and TNOM = 27.000000

Using SPARSE 1.3 as Direct Linear Solver
 Reference value :  0.00000e+00
No. of Data Rows : 1
Doing analysis at TEMP = -40.000000 and TNOM = 27.000000

Using SPARSE 1.3 as Direct Linear Solver
 Reference value :  1.00000e-02
No. of Data Rows : 4401
Doing analysis at TEMP = -40.000000 and TNOM = 27.000000

Using SPARSE 1.3 as Direct Linear Solver
 Reference value :  1.00000e-02
No. of Data Rows : 4401
dcg                 =  1.45004e+02
f0                  =  2.70731e+05
phx                 =  -1.26152e+02
f180                =  8.19065e+05
gmx                 =  -1.33176e+01
 meas ac f0r when tdb=0 rise=1 failed!

tres                =  -5.09630e-01 at=  2.85102e+05
ROW iload_a=0.001 ceff_f=3.3e-07 esr_ohm=0.05 vout_v=1.79946 dcgain_db=145.004 f0_hz=270731 phase_at_f0_deg=-126.152 f180_hz=819065 gain_at_f180_db=-13.3176 f0_rising_hz= resurgence_db=-0.50963
Doing analysis at TEMP = -40.000000 and TNOM = 27.000000

Using SPARSE 1.3 as Direct Linear Solver
 Reference value :  0.00000e+00
No. of Data Rows : 1
Doing analysis at TEMP = -40.000000 and TNOM = 27.000000

Using SPARSE 1.3 as Direct Linear Solver
 Reference value :  1.00000e-02
No. of Data Rows : 4401
Doing analysis at TEMP = -40.000000 and TNOM = 27.000000

Using SPARSE 1.3 as Direct Linear Solver
 Reference value :  1.00000e-02
 Reference value :  4.12098e+07
No. of Data Rows : 4401
dcg                 =  1.45004e+02
f0                  =  2.72150e+05
phx                 =  -1.21485e+02
f180                =  1.04650e+06
gmx                 =  -1.66587e+01
 meas ac f0r when tdb=0 rise=1 failed!

tres                =  -5.09888e-01 at=  2.86748e+05
ROW iload_a=0.001 ceff_f=3.3e-07 esr_ohm=0.2 vout_v=1.79946 dcgain_db=145.004 f0_hz=272150 phase_at_f0_deg=-121.485 f180_hz=1.0465E+06 gain_at_f180_db=-16.6587 f0_rising_hz= resurgence_db=-0.509888
Doing analysis at TEMP = -40.000000 and TNOM = 27.000000

Using SPARSE 1.3 as Direct Linear Solver
 Reference value :  0.00000e+00
No. of Data Rows : 1
Doing analysis at TEMP = -40.000000 and TNOM = 27.000000

Using SPARSE 1.3 as Direct Linear Solver
 Reference value :  1.00000e-02
No. of Data Rows : 4401
Doing analysis at TEMP = -40.000000 and TNOM = 27.000000

Using SPARSE 1.3 as Direct Linear Solver
 Reference value :  1.00000e-02
 Reference value :  2.01837e+08
No. of Data Rows : 4401
dcg                 =  1.45004e+02
f0                  =  2.80483e+05
phx                 =  -1.12676e+02
f180                =  1.59384e+06
gmx                 =  -2.00075e+01
 meas ac f0r when tdb=0 rise=1 failed!

tres                =  -4.69851e-01 at=  2.95121e+05
ROW iload_a=0.001 ceff_f=3.3e-07 esr_ohm=0.5 vout_v=1.79946 dcgain_db=145.004 f0_hz=280483 phase_at_f0_deg=-112.676 f180_hz=1.59384E+06 gain_at_f180_db=-20.0075 f0_rising_hz= resurgence_db=-0.469851
Doing analysis at TEMP = -40.000000 and TNOM = 27.000000

Using SPARSE 1.3 as Direct Linear Solver
 Reference value :  0.00000e+00
No. of Data Rows : 1
Doing analysis at TEMP = -40.000000 and TNOM = 27.000000

Using SPARSE 1.3 as Direct Linear Solver
 Reference value :  1.00000e-02
 Reference value :  5.12861e+07
No. of Data Rows : 4401
Doing analysis at TEMP = -40.000000 and TNOM = 27.000000

Using SPARSE 1.3 as Direct Linear Solver
 Reference value :  1.00000e-02
No. of Data Rows : 4401
dcg                 =  1.45004e+02
f0                  =  9.32458e+04
phx                 =  -1.10599e+02
f180                =  7.67969e+05
gmx                 =  -2.19965e+01
 meas ac f0r when tdb=0 rise=1 failed!

tres                =  -4.53645e-01 at=  9.82879e+04
ROW iload_a=0.001 ceff_f=1e-06 esr_ohm=0.001 vout_v=1.79946 dcgain_db=145.004 f0_hz=93245.8 phase_at_f0_deg=-110.599 f180_hz=767970 gain_at_f180_db=-21.9965 f0_rising_hz= resurgence_db=-0.453645
Doing analysis at TEMP = -40.000000 and TNOM = 27.000000

Using SPARSE 1.3 as Direct Linear Solver
 Reference value :  0.00000e+00
No. of Data Rows : 1
Doing analysis at TEMP = -40.000000 and TNOM = 27.000000

Using SPARSE 1.3 as Direct Linear Solver
 Reference value :  3.33043e-02
No. of Data Rows : 4401
Doing analysis at TEMP = -40.000000 and TNOM = 27.000000

Using SPARSE 1.3 as Direct Linear Solver
 Reference value :  1.00000e-02
No. of Data Rows : 4401
dcg                 =  1.45004e+02
f0                  =  9.32846e+04
phx                 =  -1.08955e+02
f180                =  9.61358e+05
gmx                 =  -2.51904e+01
 meas ac f0r when tdb=0 rise=1 failed!

tres                =  -4.49639e-01 at=  9.82879e+04
ROW iload_a=0.001 ceff_f=1e-06 esr_ohm=0.05 vout_v=1.79946 dcgain_db=145.004 f0_hz=93284.6 phase_at_f0_deg=-108.955 f180_hz=961358 gain_at_f180_db=-25.1904 f0_rising_hz= resurgence_db=-0.449639
Doing analysis at TEMP = -40.000000 and TNOM = 27.000000

Using SPARSE 1.3 as Direct Linear Solver
 Reference value :  0.00000e+00
No. of Data Rows : 1
Doing analysis at TEMP = -40.000000 and TNOM = 27.000000

Using SPARSE 1.3 as Direct Linear Solver
 Reference value :  1.00000e-02
No. of Data Rows : 4401
Doing analysis at TEMP = -40.000000 and TNOM = 27.000000

Using SPARSE 1.3 as Direct Linear Solver
 Reference value :  1.00000e-02
 Reference value :  4.36516e+07
No. of Data Rows : 4401
dcg                 =  1.45004e+02
f0                  =  9.38925e+04
phx                 =  -1.03919e+02
f180                =  1.71272e+06
gmx                 =  -2.94474e+01
 meas ac f0r when tdb=0 rise=1 failed!

tres                =  -4.37307e-01 at=  9.88553e+04
ROW iload_a=0.001 ceff_f=1e-06 esr_ohm=0.2 vout_v=1.79946 dcgain_db=145.004 f0_hz=93892.5 phase_at_f0_deg=-103.919 f180_hz=1.71272E+06 gain_at_f180_db=-29.4474 f0_rising_hz= resurgence_db=-0.437307
Doing analysis at TEMP = -40.000000 and TNOM = 27.000000

Using SPARSE 1.3 as Direct Linear Solver
 Reference value :  0.00000e+00
No. of Data Rows : 1
Doing analysis at TEMP = -40.000000 and TNOM = 27.000000

Using SPARSE 1.3 as Direct Linear Solver
 Reference value :  1.00000e-02
 Reference value :  1.31069e+08
No. of Data Rows : 4401
Doing analysis at TEMP = -40.000000 and TNOM = 27.000000

Using SPARSE 1.3 as Direct Linear Solver
 Reference value :  1.00000e-02
 Reference value :  4.31519e+07
No. of Data Rows : 4401
dcg                 =  1.45004e+02
f0                  =  9.75483e+04
phx                 =  -9.37192e+01
f180                =  2.05005e+06
gmx                 =  -2.49158e+01
 meas ac f0r when tdb=0 rise=1 failed!

tres                =  -4.20576e-01 at=  1.02920e+05
ROW iload_a=0.001 ceff_f=1e-06 esr_ohm=0.5 vout_v=1.79946 dcgain_db=145.004 f0_hz=97548.3 phase_at_f0_deg=-93.7192 f180_hz=2.05005E+06 gain_at_f180_db=-24.9158 f0_rising_hz= resurgence_db=-0.420576
Doing analysis at TEMP = -40.000000 and TNOM = 27.000000

Using SPARSE 1.3 as Direct Linear Solver
 Reference value :  0.00000e+00
No. of Data Rows : 1
Doing analysis at TEMP = -40.000000 and TNOM = 27.000000

Using SPARSE 1.3 as Direct Linear Solver
 Reference value :  1.00000e-02
 Reference value :  8.96396e+07
No. of Data Rows : 4401
Doing analysis at TEMP = -40.000000 and TNOM = 27.000000

Using SPARSE 1.3 as Direct Linear Solver
 Reference value :  1.00000e-02
 Reference value :  6.68344e+08
No. of Data Rows : 4401
dcg                 =  1.45004e+02
f0                  =  2.35640e+04
phx                 =  -1.33079e+02
f180                =  7.79650e+05
gmx                 =  -3.56673e+01
 meas ac f0r when tdb=0 rise=1 failed!

tres                =  -6.46413e-01 at=  2.48313e+04
ROW iload_a=0.001 ceff_f=4.7e-06 esr_ohm=0.001 vout_v=1.79946 dcgain_db=145.004 f0_hz=23564 phase_at_f0_deg=-133.079 f180_hz=779650 gain_at_f180_db=-35.6673 f0_rising_hz= resurgence_db=-0.646413
Doing analysis at TEMP = -40.000000 and TNOM = 27.000000

Using SPARSE 1.3 as Direct Linear Solver
 Reference value :  0.00000e+00
No. of Data Rows : 1
Doing analysis at TEMP = -40.000000 and TNOM = 27.000000

Using SPARSE 1.3 as Direct Linear Solver
 Reference value :  1.00000e-02
 Reference value :  3.89045e+07
No. of Data Rows : 4401
Doing analysis at TEMP = -40.000000 and TNOM = 27.000000

Using SPARSE 1.3 as Direct Linear Solver
 Reference value :  1.00000e-02
 Reference value :  7.12033e+07
No. of Data Rows : 4401
dcg                 =  1.45004e+02
f0                  =  2.35736e+04
phx                 =  -1.31113e+02
f180                =  1.80648e+06
gmx                 =  -4.25257e+01
 meas ac f0r when tdb=0 rise=1 failed!

tres                =  -6.40718e-01 at=  2.48313e+04
ROW iload_a=0.001 ceff_f=4.7e-06 esr_ohm=0.05 vout_v=1.79946 dcgain_db=145.004 f0_hz=23573.6 phase_at_f0_deg=-131.113 f180_hz=1.80648E+06 gain_at_f180_db=-42.5257 f0_rising_hz= resurgence_db=-0.640718
Doing analysis at TEMP = -40.000000 and TNOM = 27.000000

Using SPARSE 1.3 as Direct Linear Solver
 Reference value :  0.00000e+00
No. of Data Rows : 1
Doing analysis at TEMP = -40.000000 and TNOM = 27.000000

Using SPARSE 1.3 as Direct Linear Solver
 Reference value :  1.00000e-02
 Reference value :  2.12569e+07
No. of Data Rows : 4401
Doing analysis at TEMP = -40.000000 and TNOM = 27.000000

Using SPARSE 1.3 as Direct Linear Solver
 Reference value :  1.00000e-02
 Reference value :  5.68853e+07
No. of Data Rows : 4401
dcg                 =  1.45004e+02
f0                  =  2.37231e+04
phx                 =  -1.24943e+02
f180                =  2.15474e+06
gmx                 =  -3.37455e+01
 meas ac f0r when tdb=0 rise=1 failed!

tres                =  -6.23612e-01 at=  2.49747e+04
ROW iload_a=0.001 ceff_f=4.7e-06 esr_ohm=0.2 vout_v=1.79946 dcgain_db=145.004 f0_hz=23723.1 phase_at_f0_deg=-124.942 f180_hz=2.15474E+06 gain_at_f180_db=-33.7455 f0_rising_hz= resurgence_db=-0.623613
Doing analysis at TEMP = -40.000000 and TNOM = 27.000000

Using SPARSE 1.3 as Direct Linear Solver
 Reference value :  0.00000e+00
No. of Data Rows : 1
Doing analysis at TEMP = -40.000000 and TNOM = 27.000000

Using SPARSE 1.3 as Direct Linear Solver
 Reference value :  1.00000e-02
 Reference value :  3.01995e+08
No. of Data Rows : 4401
Doing analysis at TEMP = -40.000000 and TNOM = 27.000000

Using SPARSE 1.3 as Direct Linear Solver
 Reference value :  1.00000e-02
 Reference value :  3.95822e+08
No. of Data Rows : 4401
dcg                 =  1.45004e+02
f0                  =  2.46107e+04
phx                 =  -1.11856e+02
f180                =  2.21818e+06
gmx                 =  -2.62955e+01
 meas ac f0r when tdb=0 rise=1 failed!

tres                =  -5.44106e-01 at=  2.58523e+04
ROW iload_a=0.001 ceff_f=4.7e-06 esr_ohm=0.5 vout_v=1.79946 dcgain_db=145.004 f0_hz=24610.7 phase_at_f0_deg=-111.856 f180_hz=2.21818E+06 gain_at_f180_db=-26.2955 f0_rising_hz= resurgence_db=-0.544106
Doing analysis at TEMP = -40.000000 and TNOM = 27.000000

Using SPARSE 1.3 as Direct Linear Solver
 Reference value :  0.00000e+00
No. of Data Rows : 1
Doing analysis at TEMP = -40.000000 and TNOM = 27.000000

Using SPARSE 1.3 as Direct Linear Solver
 Reference value :  1.00000e-02
 Reference value :  5.15822e+07
No. of Data Rows : 4401
Doing analysis at TEMP = -40.000000 and TNOM = 27.000000

Using SPARSE 1.3 as Direct Linear Solver
 Reference value :  1.00000e-02
 Reference value :  4.84172e+07
No. of Data Rows : 4401
dcg                 =  1.42713e+02
f0                  =  5.25102e+05
phx                 =  -1.55301e+02
f180                =  7.89520e+05
gmx                 =  -5.39812e+00
 meas ac f0r when tdb=0 rise=1 failed!

tres                =  -6.20920e-01 at=  5.52713e+05
ROW iload_a=0.01 ceff_f=3.3e-07 esr_ohm=0.001 vout_v=1.79946 dcgain_db=142.713 f0_hz=525102 phase_at_f0_deg=-155.301 f180_hz=789520 gain_at_f180_db=-5.39812 f0_rising_hz= resurgence_db=-0.62092
Doing analysis at TEMP = -40.000000 and TNOM = 27.000000

Using SPARSE 1.3 as Direct Linear Solver
 Reference value :  0.00000e+00
No. of Data Rows : 1
Doing analysis at TEMP = -40.000000 and TNOM = 27.000000

Using SPARSE 1.3 as Direct Linear Solver
 Reference value :  1.00000e-02
 Reference value :  4.49262e+08
No. of Data Rows : 4401
Doing analysis at TEMP = -40.000000 and TNOM = 27.000000

Using SPARSE 1.3 as Direct Linear Solver
 Reference value :  1.00000e-02
 Reference value :  1.23027e+07
No. of Data Rows : 4401
dcg                 =  1.42713e+02
f0                  =  5.25652e+05
phx                 =  -1.52302e+02
f180                =  8.46800e+05
gmx                 =  -6.41361e+00
 meas ac f0r when tdb=0 rise=1 failed!

tres                =  -6.07034e-01 at=  5.52713e+05
ROW iload_a=0.01 ceff_f=3.3e-07 esr_ohm=0.05 vout_v=1.79946 dcgain_db=142.713 f0_hz=525652 phase_at_f0_deg=-152.302 f180_hz=846800 gain_at_f180_db=-6.41361 f0_rising_hz= resurgence_db=-0.607034
Doing analysis at TEMP = -40.000000 and TNOM = 27.000000

Using SPARSE 1.3 as Direct Linear Solver
 Reference value :  0.00000e+00
No. of Data Rows : 1
Doing analysis at TEMP = -40.000000 and TNOM = 27.000000

Using SPARSE 1.3 as Direct Linear Solver
 Reference value :  1.00000e-02
 Reference value :  6.60693e+07
No. of Data Rows : 4401
Doing analysis at TEMP = -40.000000 and TNOM = 27.000000

Using SPARSE 1.3 as Direct Linear Solver
 Reference value :  1.00000e-02
 Reference value :  3.42768e+08
No. of Data Rows : 4401
dcg                 =  1.42713e+02
f0                  =  5.34204e+05
phx                 =  -1.43788e+02
f180                =  1.09275e+06
gmx                 =  -9.81860e+00
 meas ac f0r when tdb=0 rise=1 failed!

tres                =  -6.04823e-01 at=  5.62341e+05
ROW iload_a=0.01 ceff_f=3.3e-07 esr_ohm=0.2 vout_v=1.79946 dcgain_db=142.713 f0_hz=534204 phase_at_f0_deg=-143.788 f180_hz=1.09275E+06 gain_at_f180_db=-9.8186 f0_rising_hz= resurgence_db=-0.604823
Doing analysis at TEMP = -40.000000 and TNOM = 27.000000

Using SPARSE 1.3 as Direct Linear Solver
 Reference value :  0.00000e+00
No. of Data Rows : 1
Doing analysis at TEMP = -40.000000 and TNOM = 27.000000

Using SPARSE 1.3 as Direct Linear Solver
 Reference value :  1.00000e-02
 Reference value :  5.59114e+07
No. of Data Rows : 4401
Doing analysis at TEMP = -40.000000 and TNOM = 27.000000

Using SPARSE 1.3 as Direct Linear Solver
 Reference value :  1.00000e-02
 Reference value :  4.57088e+07
No. of Data Rows : 4401
dcg                 =  1.42713e+02
f0                  =  5.86773e+05
phx                 =  -1.30140e+02
f180                =  1.66070e+06
gmx                 =  -1.29015e+01
 meas ac f0r when tdb=0 rise=1 failed!

tres                =  -5.11602e-01 at=  6.16595e+05
ROW iload_a=0.01 ceff_f=3.3e-07 esr_ohm=0.5 vout_v=1.79946 dcgain_db=142.713 f0_hz=586773 phase_at_f0_deg=-130.14 f180_hz=1.6607E+06 gain_at_f180_db=-12.9015 f0_rising_hz= resurgence_db=-0.511602
Doing analysis at TEMP = -40.000000 and TNOM = 27.000000

Using SPARSE 1.3 as Direct Linear Solver
 Reference value :  0.00000e+00
No. of Data Rows : 1
Doing analysis at TEMP = -40.000000 and TNOM = 27.000000

Using SPARSE 1.3 as Direct Linear Solver
 Reference value :  1.00000e-02
 Reference value :  3.93550e+07
No. of Data Rows : 4401
Doing analysis at TEMP = -40.000000 and TNOM = 27.000000

Using SPARSE 1.3 as Direct Linear Solver
 Reference value :  1.00000e-02
 Reference value :  2.25165e+07
No. of Data Rows : 4401
dcg                 =  1.42713e+02
f0                  =  2.07899e+05
phx                 =  -1.24279e+02
f180                =  7.91498e+05
gmx                 =  -1.50558e+01
 meas ac f0r when tdb=0 rise=1 failed!

tres                =  -4.84428e-01 at=  2.18776e+05
ROW iload_a=0.01 ceff_f=1e-06 esr_ohm=0.001 vout_v=1.79946 dcgain_db=142.713 f0_hz=207899 phase_at_f0_deg=-124.279 f180_hz=791498 gain_at_f180_db=-15.0558 f0_rising_hz= resurgence_db=-0.484428
Doing analysis at TEMP = -40.000000 and TNOM = 27.000000

Using SPARSE 1.3 as Direct Linear Solver
 Reference value :  0.00000e+00
No. of Data Rows : 1
Doing analysis at TEMP = -40.000000 and TNOM = 27.000000

Using SPARSE 1.3 as Direct Linear Solver
 Reference value :  1.00000e-02
 Reference value :  1.18850e+08
No. of Data Rows : 4401
Doing analysis at TEMP = -40.000000 and TNOM = 27.000000

Using SPARSE 1.3 as Direct Linear Solver
 Reference value :  1.00000e-02
 Reference value :  4.49262e+07
No. of Data Rows : 4401
dcg                 =  1.42713e+02
f0                  =  2.08293e+05
phx                 =  -1.20642e+02
f180                =  1.00058e+06
gmx                 =  -1.83265e+01
 meas ac f0r when tdb=0 rise=1 failed!

tres                =  -4.64579e-01 at=  2.18776e+05
ROW iload_a=0.01 ceff_f=1e-06 esr_ohm=0.05 vout_v=1.79946 dcgain_db=142.713 f0_hz=208293 phase_at_f0_deg=-120.642 f180_hz=1.00058E+06 gain_at_f180_db=-18.3265 f0_rising_hz= resurgence_db=-0.464579
Doing analysis at TEMP = -40.000000 and TNOM = 27.000000

Using SPARSE 1.3 as Direct Linear Solver
 Reference value :  0.00000e+00
No. of Data Rows : 1
Doing analysis at TEMP = -40.000000 and TNOM = 27.000000

Using SPARSE 1.3 as Direct Linear Solver
 Reference value :  1.00000e-02
 Reference value :  3.12608e+07
No. of Data Rows : 4401
Doing analysis at TEMP = -40.000000 and TNOM = 27.000000

Using SPARSE 1.3 as Direct Linear Solver
 Reference value :  1.00000e-02
 Reference value :  4.67735e+07
No. of Data Rows : 4401
dcg                 =  1.42713e+02
f0                  =  2.14632e+05
phx                 =  -1.09812e+02
f180                =  1.77969e+06
gmx                 =  -2.22492e+01
 meas ac f0r when tdb=0 rise=1 failed!

tres                =  -4.78160e-01 at=  2.26464e+05
ROW iload_a=0.01 ceff_f=1e-06 esr_ohm=0.2 vout_v=1.79946 dcgain_db=142.713 f0_hz=214632 phase_at_f0_deg=-109.811 f180_hz=1.77969E+06 gain_at_f180_db=-22.2492 f0_rising_hz= resurgence_db=-0.47816
Doing analysis at TEMP = -40.000000 and TNOM = 27.000000

Using SPARSE 1.3 as Direct Linear Solver
 Reference value :  0.00000e+00
No. of Data Rows : 1
Doing analysis at TEMP = -40.000000 and TNOM = 27.000000

Using SPARSE 1.3 as Direct Linear Solver
 Reference value :  1.00000e-02
 Reference value :  4.89779e+07
No. of Data Rows : 4401
Doing analysis at TEMP = -40.000000 and TNOM = 27.000000

Using SPARSE 1.3 as Direct Linear Solver
 Reference value :  1.00000e-02
 Reference value :  2.35776e+07
No. of Data Rows : 4401
dcg                 =  1.42713e+02
f0                  =  2.62872e+05
phx                 =  -8.96458e+01
f180                =  2.11439e+06
gmx                 =  -1.75436e+01
 meas ac f0r when tdb=0 rise=1 failed!

tres                =  -3.22905e-01 at=  2.77013e+05
ROW iload_a=0.01 ceff_f=1e-06 esr_ohm=0.5 vout_v=1.79946 dcgain_db=142.713 f0_hz=262872 phase_at_f0_deg=-89.6458 f180_hz=2.11439E+06 gain_at_f180_db=-17.5436 f0_rising_hz= resurgence_db=-0.322905
Doing analysis at TEMP = -40.000000 and TNOM = 27.000000

Using SPARSE 1.3 as Direct Linear Solver
 Reference value :  0.00000e+00
No. of Data Rows : 1
Doing analysis at TEMP = -40.000000 and TNOM = 27.000000

Using SPARSE 1.3 as Direct Linear Solver
 Reference value :  1.00000e-02
 Reference value :  1.83021e+07
No. of Data Rows : 4401
Doing analysis at TEMP = -40.000000 and TNOM = 27.000000

Using SPARSE 1.3 as Direct Linear Solver
 Reference value :  1.00000e-02
 Reference value :  7.16143e+07
No. of Data Rows : 4401
dcg                 =  1.42713e+02
f0                  =  5.26394e+04
phx                 =  -1.28073e+02
f180                =  8.03871e+05
gmx                 =  -2.87226e+01
 meas ac f0r when tdb=0 rise=1 failed!

tres                =  -5.36943e-01 at=  5.52713e+04
ROW iload_a=0.01 ceff_f=4.7e-06 esr_ohm=0.001 vout_v=1.79946 dcgain_db=142.713 f0_hz=52639.3 phase_at_f0_deg=-128.073 f180_hz=803871 gain_at_f180_db=-28.7226 f0_rising_hz= resurgence_db=-0.536943
Doing analysis at TEMP = -40.000000 and TNOM = 27.000000

Using SPARSE 1.3 as Direct Linear Solver
 Reference value :  0.00000e+00
No. of Data Rows : 1
Doing analysis at TEMP = -40.000000 and TNOM = 27.000000

Using SPARSE 1.3 as Direct Linear Solver
 Reference value :  1.00000e-02
 Reference value :  4.26580e+07
No. of Data Rows : 4401
Doing analysis at TEMP = -40.000000 and TNOM = 27.000000

Using SPARSE 1.3 as Direct Linear Solver
 Reference value :  1.00000e-02
 Reference value :  6.60693e+07
No. of Data Rows : 4401
dcg                 =  1.42713e+02
f0                  =  5.27606e+04
phx                 =  -1.23663e+02
f180                =  1.86781e+06
gmx                 =  -3.52201e+01
 meas ac f0r when tdb=0 rise=1 failed!

tres                =  -5.71302e-01 at=  5.55904e+04
ROW iload_a=0.01 ceff_f=4.7e-06 esr_ohm=0.05 vout_v=1.79946 dcgain_db=142.713 f0_hz=52760.7 phase_at_f0_deg=-123.663 f180_hz=1.86781E+06 gain_at_f180_db=-35.2201 f0_rising_hz= resurgence_db=-0.571302
Doing analysis at TEMP = -40.000000 and TNOM = 27.000000

Using SPARSE 1.3 as Direct Linear Solver
 Reference value :  0.00000e+00
No. of Data Rows : 1
Doing analysis at TEMP = -40.000000 and TNOM = 27.000000

Using SPARSE 1.3 as Direct Linear Solver
 Reference value :  1.00000e-02
 Reference value :  2.55564e+08
No. of Data Rows : 4401
Doing analysis at TEMP = -40.000000 and TNOM = 27.000000

Using SPARSE 1.3 as Direct Linear Solver
 Reference value :  1.00000e-02
 Reference value :  5.88844e+07
No. of Data Rows : 4401
dcg                 =  1.42713e+02
f0                  =  5.47271e+04
phx                 =  -1.09500e+02
f180                =  2.21818e+06
gmx                 =  -2.63181e+01
 meas ac f0r when tdb=0 rise=1 failed!

tres                =  -5.02391e-01 at=  5.75440e+04
ROW iload_a=0.01 ceff_f=4.7e-06 esr_ohm=0.2 vout_v=1.79946 dcgain_db=142.713 f0_hz=54727.1 phase_at_f0_deg=-109.5 f180_hz=2.21818E+06 gain_at_f180_db=-26.3181 f0_rising_hz= resurgence_db=-0.502391
Doing analysis at TEMP = -40.000000 and TNOM = 27.000000

Using SPARSE 1.3 as Direct Linear Solver
 Reference value :  0.00000e+00
No. of Data Rows : 1
Doing analysis at TEMP = -40.000000 and TNOM = 27.000000

Using SPARSE 1.3 as Direct Linear Solver
 Reference value :  1.00000e-02
 Reference value :  1.60325e+07
No. of Data Rows : 4401
Doing analysis at TEMP = -40.000000 and TNOM = 27.000000

Using SPARSE 1.3 as Direct Linear Solver
 Reference value :  1.00000e-02
 Reference value :  2.81838e+07
No. of Data Rows : 4401
dcg                 =  1.42713e+02
f0                  =  7.14783e+04
phx                 =  -7.65798e+01
f180                =  2.28153e+06
gmx                 =  -1.88547e+01
 meas ac f0r when tdb=0 rise=1 failed!

tres                =  -2.91270e-01 at=  7.54223e+04
ROW iload_a=0.01 ceff_f=4.7e-06 esr_ohm=0.5 vout_v=1.79946 dcgain_db=142.713 f0_hz=71478.2 phase_at_f0_deg=-76.5798 f180_hz=2.28153E+06 gain_at_f180_db=-18.8547 f0_rising_hz= resurgence_db=-0.29127
Doing analysis at TEMP = -40.000000 and TNOM = 27.000000

Using SPARSE 1.3 as Direct Linear Solver
 Reference value :  0.00000e+00
No. of Data Rows : 1
Doing analysis at TEMP = -40.000000 and TNOM = 27.000000

Using SPARSE 1.3 as Direct Linear Solver
 Reference value :  1.00000e-02
 Reference value :  3.52777e+07
No. of Data Rows : 4401
Doing analysis at TEMP = -40.000000 and TNOM = 27.000000

Using SPARSE 1.3 as Direct Linear Solver
 Reference value :  1.00000e-02
 Reference value :  3.19890e+07
No. of Data Rows : 4401
dcg                 =  1.40249e+02
f0                  =  6.48400e+05
phx                 =  -1.68869e+02
f180                =  7.70149e+05
gmx                 =  -2.41071e+00
 meas ac f0r when tdb=0 rise=1 failed!

tres                =  -7.24267e-01 at=  6.83912e+05
ROW iload_a=0.025 ceff_f=3.3e-07 esr_ohm=0.001 vout_v=1.79946 dcgain_db=140.249 f0_hz=648400 phase_at_f0_deg=-168.869 f180_hz=770148 gain_at_f180_db=-2.41071 f0_rising_hz= resurgence_db=-0.724267
Doing analysis at TEMP = -40.000000 and TNOM = 27.000000

Using SPARSE 1.3 as Direct Linear Solver
 Reference value :  0.00000e+00
No. of Data Rows : 1
Doing analysis at TEMP = -40.000000 and TNOM = 27.000000

Using SPARSE 1.3 as Direct Linear Solver
 Reference value :  1.00000e-02
 Reference value :  6.99842e+07
No. of Data Rows : 4401
Doing analysis at TEMP = -40.000000 and TNOM = 27.000000

Using SPARSE 1.3 as Direct Linear Solver
 Reference value :  1.00000e-02
 Reference value :  1.94984e+07
No. of Data Rows : 4401
dcg                 =  1.40249e+02
f0                  =  6.49309e+05
phx                 =  -1.65188e+02
f180                =  8.25120e+05
gmx                 =  -3.40882e+00
 meas ac f0r when tdb=0 rise=1 failed!

tres                =  -7.03325e-01 at=  6.83912e+05
ROW iload_a=0.025 ceff_f=3.3e-07 esr_ohm=0.05 vout_v=1.79946 dcgain_db=140.249 f0_hz=649309 phase_at_f0_deg=-165.188 f180_hz=825120 gain_at_f180_db=-3.40882 f0_rising_hz= resurgence_db=-0.703325
Doing analysis at TEMP = -40.000000 and TNOM = 27.000000

Using SPARSE 1.3 as Direct Linear Solver
 Reference value :  0.00000e+00
No. of Data Rows : 1
Doing analysis at TEMP = -40.000000 and TNOM = 27.000000

Using SPARSE 1.3 as Direct Linear Solver
 Reference value :  6.23735e+01
No. of Data Rows : 4401
Doing analysis at TEMP = -40.000000 and TNOM = 27.000000

Using SPARSE 1.3 as Direct Linear Solver
 Reference value :  1.00000e-02
 Reference value :  2.38506e+07
No. of Data Rows : 4401
dcg                 =  1.40249e+02
f0                  =  6.63669e+05
phx                 =  -1.55028e+02
f180                =  1.06003e+06
gmx                 =  -6.75620e+00
 meas ac f0r when tdb=0 rise=1 failed!

tres                =  -6.95347e-01 at=  6.99842e+05
ROW iload_a=0.025 ceff_f=3.3e-07 esr_ohm=0.2 vout_v=1.79946 dcgain_db=140.249 f0_hz=663669 phase_at_f0_deg=-155.028 f180_hz=1.06003E+06 gain_at_f180_db=-6.7562 f0_rising_hz= resurgence_db=-0.695347
Doing analysis at TEMP = -40.000000 and TNOM = 27.000000

Using SPARSE 1.3 as Direct Linear Solver
 Reference value :  0.00000e+00
No. of Data Rows : 1
Doing analysis at TEMP = -40.000000 and TNOM = 27.000000

Using SPARSE 1.3 as Direct Linear Solver
 Reference value :  1.00000e-02
 Reference value :  2.18776e+07
No. of Data Rows : 4401
Doing analysis at TEMP = -40.000000 and TNOM = 27.000000

Using SPARSE 1.3 as Direct Linear Solver
 Reference value :  1.00000e-02
 Reference value :  7.54223e+06
No. of Data Rows : 4401
dcg                 =  1.40249e+02
f0                  =  7.51331e+05
phx                 =  -1.40601e+02
f180                =  1.61063e+06
gmx                 =  -9.90007e+00
 meas ac f0r when tdb=0 rise=1 failed!

tres                =  -5.62574e-01 at=  7.89769e+05
ROW iload_a=0.025 ceff_f=3.3e-07 esr_ohm=0.5 vout_v=1.79946 dcgain_db=140.249 f0_hz=751331 phase_at_f0_deg=-140.601 f180_hz=1.61062E+06 gain_at_f180_db=-9.90007 f0_rising_hz= resurgence_db=-0.562574
Doing analysis at TEMP = -40.000000 and TNOM = 27.000000

Using SPARSE 1.3 as Direct Linear Solver
 Reference value :  0.00000e+00
No. of Data Rows : 1
Doing analysis at TEMP = -40.000000 and TNOM = 27.000000

Using SPARSE 1.3 as Direct Linear Solver
 Reference value :  1.00000e-02
 Reference value :  1.00577e+07
No. of Data Rows : 4401
Doing analysis at TEMP = -40.000000 and TNOM = 27.000000

Using SPARSE 1.3 as Direct Linear Solver
 Reference value :  1.00000e-02
 Reference value :  3.91291e+07
No. of Data Rows : 4401
dcg                 =  1.40249e+02
f0                  =  2.77091e+05
phx                 =  -1.31822e+02
f180                =  7.71705e+05
gmx                 =  -1.20569e+01
 meas ac f0r when tdb=0 rise=1 failed!

tres                =  -5.14601e-01 at=  2.91743e+05
ROW iload_a=0.025 ceff_f=1e-06 esr_ohm=0.001 vout_v=1.79946 dcgain_db=140.249 f0_hz=277091 phase_at_f0_deg=-131.822 f180_hz=771705 gain_at_f180_db=-12.0569 f0_rising_hz= resurgence_db=-0.514601
Doing analysis at TEMP = -40.000000 and TNOM = 27.000000

Using SPARSE 1.3 as Direct Linear Solver
 Reference value :  0.00000e+00
No. of Data Rows : 1
Doing analysis at TEMP = -40.000000 and TNOM = 27.000000

Using SPARSE 1.3 as Direct Linear Solver
 Reference value :  1.00000e-02
 Reference value :  2.58523e+07
No. of Data Rows : 4401
Doing analysis at TEMP = -40.000000 and TNOM = 27.000000

Using SPARSE 1.3 as Direct Linear Solver
 Reference value :  1.00000e-02
 Reference value :  9.17276e+07
No. of Data Rows : 4401
dcg                 =  1.40249e+02
f0                  =  2.77980e+05
phx                 =  -1.27018e+02
f180                =  9.71795e+05
gmx                 =  -1.52696e+01
 meas ac f0r when tdb=0 rise=1 failed!

tres                =  -5.36817e-01 at=  2.93427e+05
ROW iload_a=0.025 ceff_f=1e-06 esr_ohm=0.05 vout_v=1.79946 dcgain_db=140.249 f0_hz=277980 phase_at_f0_deg=-127.018 f180_hz=971795 gain_at_f180_db=-15.2696 f0_rising_hz= resurgence_db=-0.536817
Doing analysis at TEMP = -40.000000 and TNOM = 27.000000

Using SPARSE 1.3 as Direct Linear Solver
 Reference value :  0.00000e+00
No. of Data Rows : 1
Doing analysis at TEMP = -40.000000 and TNOM = 27.000000

Using SPARSE 1.3 as Direct Linear Solver
 Reference value :  1.00000e-02
 Reference value :  1.04713e+08
No. of Data Rows : 4401
Doing analysis at TEMP = -40.000000 and TNOM = 27.000000

Using SPARSE 1.3 as Direct Linear Solver
 Reference value :  1.00000e-02
 Reference value :  2.06538e+07
No. of Data Rows : 4401
dcg                 =  1.40249e+02
f0                  =  2.92667e+05
phx                 =  -1.13250e+02
f180                =  1.72849e+06
gmx                 =  -1.92631e+01
 meas ac f0r when tdb=0 rise=1 failed!

tres                =  -4.90442e-01 at=  3.09030e+05
ROW iload_a=0.025 ceff_f=1e-06 esr_ohm=0.2 vout_v=1.79946 dcgain_db=140.249 f0_hz=292667 phase_at_f0_deg=-113.25 f180_hz=1.72848E+06 gain_at_f180_db=-19.2631 f0_rising_hz= resurgence_db=-0.490442
Doing analysis at TEMP = -40.000000 and TNOM = 27.000000

Using SPARSE 1.3 as Direct Linear Solver
 Reference value :  0.00000e+00
No. of Data Rows : 1
Doing analysis at TEMP = -40.000000 and TNOM = 27.000000

Using SPARSE 1.3 as Direct Linear Solver
 Reference value :  1.00000e-02
 Reference value :  8.12831e+08
No. of Data Rows : 4401
Doing analysis at TEMP = -40.000000 and TNOM = 27.000000

Using SPARSE 1.3 as Direct Linear Solver
 Reference value :  1.00000e-02
 Reference value :  1.30317e+07
No. of Data Rows : 4401
dcg                 =  1.40249e+02
f0                  =  4.21823e+05
phx                 =  -9.36031e+01
f180                =  2.05937e+06
gmx                 =  -1.46024e+01
 meas ac f0r when tdb=0 rise=1 failed!

tres                =  -2.87342e-01 at=  4.44120e+05
ROW iload_a=0.025 ceff_f=1e-06 esr_ohm=0.5 vout_v=1.79946 dcgain_db=140.249 f0_hz=421823 phase_at_f0_deg=-93.6031 f180_hz=2.05937E+06 gain_at_f180_db=-14.6024 f0_rising_hz= resurgence_db=-0.287342
Doing analysis at TEMP = -40.000000 and TNOM = 27.000000

Using SPARSE 1.3 as Direct Linear Solver
 Reference value :  0.00000e+00
No. of Data Rows : 1
Doing analysis at TEMP = -40.000000 and TNOM = 27.000000

Using SPARSE 1.3 as Direct Linear Solver
 Reference value :  1.00000e-02
 Reference value :  1.14815e+07
No. of Data Rows : 4401
Doing analysis at TEMP = -40.000000 and TNOM = 27.000000

Using SPARSE 1.3 as Direct Linear Solver
 Reference value :  1.00000e-02
 Reference value :  9.49511e+07
No. of Data Rows : 4401
dcg                 =  1.40249e+02
f0                  =  6.95089e+04
phx                 =  -1.25175e+02
f180                =  7.83437e+05
gmx                 =  -2.57145e+01
 meas ac f0r when tdb=0 rise=1 failed!

tres                =  -5.50443e-01 at=  7.32825e+04
ROW iload_a=0.025 ceff_f=4.7e-06 esr_ohm=0.001 vout_v=1.79946 dcgain_db=140.249 f0_hz=69508.9 phase_at_f0_deg=-125.175 f180_hz=783437 gain_at_f180_db=-25.7145 f0_rising_hz= resurgence_db=-0.550443
Doing analysis at TEMP = -40.000000 and TNOM = 27.000000

Using SPARSE 1.3 as Direct Linear Solver
 Reference value :  0.00000e+00
No. of Data Rows : 1
Doing analysis at TEMP = -40.000000 and TNOM = 27.000000

Using SPARSE 1.3 as Direct Linear Solver
 Reference value :  1.00000e-02
 Reference value :  7.58578e+07
No. of Data Rows : 4401
Doing analysis at TEMP = -40.000000 and TNOM = 27.000000

Using SPARSE 1.3 as Direct Linear Solver
 Reference value :  1.00000e-02
 Reference value :  3.25462e+07
No. of Data Rows : 4401
dcg                 =  1.40249e+02
f0                  =  6.98050e+04
phx                 =  -1.19349e+02
f180                =  1.81500e+06
gmx                 =  -3.22373e+01
 meas ac f0r when tdb=0 rise=1 failed!

tres                =  -5.60215e-01 at=  7.37055e+04
ROW iload_a=0.025 ceff_f=4.7e-06 esr_ohm=0.05 vout_v=1.79946 dcgain_db=140.249 f0_hz=69805 phase_at_f0_deg=-119.349 f180_hz=1.815E+06 gain_at_f180_db=-32.2373 f0_rising_hz= resurgence_db=-0.560215
Doing analysis at TEMP = -40.000000 and TNOM = 27.000000

Using SPARSE 1.3 as Direct Linear Solver
 Reference value :  0.00000e+00
No. of Data Rows : 1
Doing analysis at TEMP = -40.000000 and TNOM = 27.000000

Using SPARSE 1.3 as Direct Linear Solver
 Reference value :  1.00000e-02
 Reference value :  2.29087e+07
No. of Data Rows : 4401
Doing analysis at TEMP = -40.000000 and TNOM = 27.000000

Using SPARSE 1.3 as Direct Linear Solver
 Reference value :  1.00000e-02
 Reference value :  4.12098e+07
No. of Data Rows : 4401
dcg                 =  1.40249e+02
f0                  =  7.48571e+04
phx                 =  -1.00471e+02
f180                =  2.16255e+06
gmx                 =  -2.33763e+01
 meas ac f0r when tdb=0 rise=1 failed!

tres                =  -4.68684e-01 at=  7.89769e+04
ROW iload_a=0.025 ceff_f=4.7e-06 esr_ohm=0.2 vout_v=1.79946 dcgain_db=140.249 f0_hz=74857.1 phase_at_f0_deg=-100.471 f180_hz=2.16255E+06 gain_at_f180_db=-23.3763 f0_rising_hz= resurgence_db=-0.468684
Doing analysis at TEMP = -40.000000 and TNOM = 27.000000

Using SPARSE 1.3 as Direct Linear Solver
 Reference value :  0.00000e+00
No. of Data Rows : 1
Doing analysis at TEMP = -40.000000 and TNOM = 27.000000

Using SPARSE 1.3 as Direct Linear Solver
 Reference value :  1.00000e-02
 Reference value :  2.16272e+07
No. of Data Rows : 4401
Doing analysis at TEMP = -40.000000 and TNOM = 27.000000

Using SPARSE 1.3 as Direct Linear Solver
 Reference value :  1.00000e-02
 Reference value :  8.46253e+07
No. of Data Rows : 4401
dcg                 =  1.40249e+02
f0                  =  1.60870e+05
phx                 =  -5.54419e+01
f180                =  2.22445e+06
gmx                 =  -1.59172e+01
 meas ac f0r when tdb=0 rise=1 failed!

tres                =  -1.09689e-01 at=  1.69824e+05
ROW iload_a=0.025 ceff_f=4.7e-06 esr_ohm=0.5 vout_v=1.79946 dcgain_db=140.249 f0_hz=160870 phase_at_f0_deg=-55.4419 f180_hz=2.22445E+06 gain_at_f180_db=-15.9172 f0_rising_hz= resurgence_db=-0.109689
Doing analysis at TEMP = -40.000000 and TNOM = 27.000000

Using SPARSE 1.3 as Direct Linear Solver
 Reference value :  0.00000e+00
No. of Data Rows : 1
Doing analysis at TEMP = -40.000000 and TNOM = 27.000000

Using SPARSE 1.3 as Direct Linear Solver
 Reference value :  1.00000e-02
 Reference value :  6.27336e+07
No. of Data Rows : 4401
Doing analysis at TEMP = -40.000000 and TNOM = 27.000000

Using SPARSE 1.3 as Direct Linear Solver
 Reference value :  1.00000e-02
 Reference value :  1.43714e+08
No. of Data Rows : 4401
dcg                 =  1.37272e+02
f0                  =  7.45680e+05
phx                 =  -1.78538e+02
f180                =  7.61971e+05
gmx                 =  -3.14054e-01
 meas ac f0r when tdb=0 rise=1 failed!

tres                =  -7.57144e-01 at=  7.85236e+05
ROW iload_a=0.05 ceff_f=3.3e-07 esr_ohm=0.001 vout_v=1.79946 dcgain_db=137.272 f0_hz=745680 phase_at_f0_deg=-178.538 f180_hz=761971 gain_at_f180_db=-0.314054 f0_rising_hz= resurgence_db=-0.757144
Doing analysis at TEMP = -40.000000 and TNOM = 27.000000

Using SPARSE 1.3 as Direct Linear Solver
 Reference value :  0.00000e+00
No. of Data Rows : 1
Doing analysis at TEMP = -40.000000 and TNOM = 27.000000

Using SPARSE 1.3 as Direct Linear Solver
 Reference value :  1.00000e-02
 Reference value :  4.73151e+07
No. of Data Rows : 4401
Doing analysis at TEMP = -40.000000 and TNOM = 27.000000

Using SPARSE 1.3 as Direct Linear Solver
 Reference value :  1.00000e-02
 Reference value :  2.61517e+08
No. of Data Rows : 4401
dcg                 =  1.37272e+02
f0                  =  7.46929e+05
phx                 =  -1.74324e+02
f180                =  8.15666e+05
gmx                 =  -1.29842e+00
 meas ac f0r when tdb=0 rise=1 failed!

tres                =  -7.30296e-01 at=  7.85236e+05
ROW iload_a=0.05 ceff_f=3.3e-07 esr_ohm=0.05 vout_v=1.79946 dcgain_db=137.272 f0_hz=746929 phase_at_f0_deg=-174.324 f180_hz=815666 gain_at_f180_db=-1.29842 f0_rising_hz= resurgence_db=-0.730296
Doing analysis at TEMP = -40.000000 and TNOM = 27.000000

Using SPARSE 1.3 as Direct Linear Solver
 Reference value :  0.00000e+00
No. of Data Rows : 1
Doing analysis at TEMP = -40.000000 and TNOM = 27.000000

Using SPARSE 1.3 as Direct Linear Solver
 Reference value :  1.00000e-02
 Reference value :  6.87860e+07
No. of Data Rows : 4401
Doing analysis at TEMP = -40.000000 and TNOM = 27.000000

Using SPARSE 1.3 as Direct Linear Solver
 Reference value :  1.00000e-02
 Reference value :  1.42889e+07
No. of Data Rows : 4401
dcg                 =  1.37272e+02
f0                  =  7.67045e+05
phx                 =  -1.62952e+02
f180                =  1.04396e+06
gmx                 =  -4.59070e+00
 meas ac f0r when tdb=0 rise=1 failed!

tres                =  -7.33109e-01 at=  8.08165e+05
ROW iload_a=0.05 ceff_f=3.3e-07 esr_ohm=0.2 vout_v=1.79946 dcgain_db=137.272 f0_hz=767045 phase_at_f0_deg=-162.952 f180_hz=1.04396E+06 gain_at_f180_db=-4.5907 f0_rising_hz= resurgence_db=-0.733109
Doing analysis at TEMP = -40.000000 and TNOM = 27.000000

Using SPARSE 1.3 as Direct Linear Solver
 Reference value :  0.00000e+00
No. of Data Rows : 1
Doing analysis at TEMP = -40.000000 and TNOM = 27.000000

Using SPARSE 1.3 as Direct Linear Solver
 Reference value :  1.00000e-02
 Reference value :  6.87860e+07
No. of Data Rows : 4401
Doing analysis at TEMP = -40.000000 and TNOM = 27.000000

Using SPARSE 1.3 as Direct Linear Solver
 Reference value :  1.00000e-02
 Reference value :  1.96110e+07
No. of Data Rows : 4401
dcg                 =  1.37272e+02
f0                  =  8.88061e+05
phx                 =  -1.48496e+02
f180                =  1.58113e+06
gmx                 =  -7.72372e+00
 meas ac f0r when tdb=0 rise=1 failed!

tres                =  -5.95896e-01 at=  9.33254e+05
ROW iload_a=0.05 ceff_f=3.3e-07 esr_ohm=0.5 vout_v=1.79946 dcgain_db=137.272 f0_hz=888061 phase_at_f0_deg=-148.496 f180_hz=1.58114E+06 gain_at_f180_db=-7.72372 f0_rising_hz= resurgence_db=-0.595896
Doing analysis at TEMP = -40.000000 and TNOM = 27.000000

Using SPARSE 1.3 as Direct Linear Solver
 Reference value :  0.00000e+00
No. of Data Rows : 1
Doing analysis at TEMP = -40.000000 and TNOM = 27.000000

Using SPARSE 1.3 as Direct Linear Solver
 Reference value :  1.00000e-02
 Reference value :  5.04081e+08
No. of Data Rows : 4401
Doing analysis at TEMP = -40.000000 and TNOM = 27.000000

Using SPARSE 1.3 as Direct Linear Solver
 Reference value :  1.00000e-02
 Reference value :  5.55904e+07
No. of Data Rows : 4401
dcg                 =  1.37272e+02
f0                  =  3.36709e+05
phx                 =  -1.38242e+02
f180                =  7.62880e+05
gmx                 =  -9.94406e+00
 meas ac f0r when tdb=0 rise=1 failed!

tres                =  -5.48845e-01 at=  3.54813e+05
ROW iload_a=0.05 ceff_f=1e-06 esr_ohm=0.001 vout_v=1.79946 dcgain_db=137.272 f0_hz=336709 phase_at_f0_deg=-138.242 f180_hz=762880 gain_at_f180_db=-9.94406 f0_rising_hz= resurgence_db=-0.548845
Doing analysis at TEMP = -40.000000 and TNOM = 27.000000

Using SPARSE 1.3 as Direct Linear Solver
 Reference value :  0.00000e+00
No. of Data Rows : 1
Doing analysis at TEMP = -40.000000 and TNOM = 27.000000

Using SPARSE 1.3 as Direct Linear Solver
 Reference value :  1.00000e-02
 Reference value :  4.57088e+07
No. of Data Rows : 4401
Doing analysis at TEMP = -40.000000 and TNOM = 27.000000

Using SPARSE 1.3 as Direct Linear Solver
 Reference value :  1.00000e-02
 Reference value :  3.89045e+07
No. of Data Rows : 4401
dcg                 =  1.37272e+02
f0                  =  3.38222e+05
phx                 =  -1.32455e+02
f180                =  9.57771e+05
gmx                 =  -1.31063e+01
 meas ac f0r when tdb=0 rise=1 failed!

tres                =  -5.57465e-01 at=  3.56862e+05
ROW iload_a=0.05 ceff_f=1e-06 esr_ohm=0.05 vout_v=1.79946 dcgain_db=137.272 f0_hz=338222 phase_at_f0_deg=-132.455 f180_hz=957771 gain_at_f180_db=-13.1063 f0_rising_hz= resurgence_db=-0.557465
Doing analysis at TEMP = -40.000000 and TNOM = 27.000000

Using SPARSE 1.3 as Direct Linear Solver
 Reference value :  0.00000e+00
No. of Data Rows : 1
Doing analysis at TEMP = -40.000000 and TNOM = 27.000000

Using SPARSE 1.3 as Direct Linear Solver
 Reference value :  1.00000e-02
 Reference value :  1.98381e+07
No. of Data Rows : 4401
Doing analysis at TEMP = -40.000000 and TNOM = 27.000000

Using SPARSE 1.3 as Direct Linear Solver
 Reference value :  1.00000e-02
 Reference value :  4.59727e+07
No. of Data Rows : 4401
dcg                 =  1.37272e+02
f0                  =  3.63890e+05
phx                 =  -1.16583e+02
f180                =  1.69755e+06
gmx                 =  -1.70840e+01
 meas ac f0r when tdb=0 rise=1 failed!

tres                =  -4.53301e-01 at=  3.82384e+05
ROW iload_a=0.05 ceff_f=1e-06 esr_ohm=0.2 vout_v=1.79946 dcgain_db=137.272 f0_hz=363890 phase_at_f0_deg=-116.584 f180_hz=1.69756E+06 gain_at_f180_db=-17.084 f0_rising_hz= resurgence_db=-0.453301
Doing analysis at TEMP = -40.000000 and TNOM = 27.000000

Using SPARSE 1.3 as Direct Linear Solver
 Reference value :  0.00000e+00
No. of Data Rows : 1
Doing analysis at TEMP = -40.000000 and TNOM = 27.000000

Using SPARSE 1.3 as Direct Linear Solver
 Reference value :  1.00000e-02
No. of Data Rows : 4401
Doing analysis at TEMP = -40.000000 and TNOM = 27.000000

Using SPARSE 1.3 as Direct Linear Solver
 Reference value :  1.00000e-02
 Reference value :  2.57040e+07
No. of Data Rows : 4401
dcg                 =  1.37272e+02
f0                  =  5.92387e+05
phx                 =  -1.02656e+02
f180                =  2.02476e+06
gmx                 =  -1.24478e+01
 meas ac f0r when tdb=0 rise=1 failed!

tres                =  -3.19589e-01 at=  6.23735e+05
ROW iload_a=0.05 ceff_f=1e-06 esr_ohm=0.5 vout_v=1.79946 dcgain_db=137.272 f0_hz=592386 phase_at_f0_deg=-102.656 f180_hz=2.02476E+06 gain_at_f180_db=-12.4479 f0_rising_hz= resurgence_db=-0.319589
Doing analysis at TEMP = -40.000000 and TNOM = 27.000000

Using SPARSE 1.3 as Direct Linear Solver
 Reference value :  0.00000e+00
No. of Data Rows : 1
Doing analysis at TEMP = -40.000000 and TNOM = 27.000000

Using SPARSE 1.3 as Direct Linear Solver
 Reference value :  1.00000e-02
 Reference value :  1.72783e+07
No. of Data Rows : 4401
Doing analysis at TEMP = -40.000000 and TNOM = 27.000000

Using SPARSE 1.3 as Direct Linear Solver
 Reference value :  1.00000e-02
 Reference value :  5.12861e+07
No. of Data Rows : 4401
dcg                 =  1.37272e+02
f0                  =  8.48287e+04
phx                 =  -1.23504e+02
f180                =  7.74098e+05
gmx                 =  -2.35920e+01
 meas ac f0r when tdb=0 rise=1 failed!

tres                =  -4.97340e-01 at=  8.91251e+04
ROW iload_a=0.05 ceff_f=4.7e-06 esr_ohm=0.001 vout_v=1.79946 dcgain_db=137.272 f0_hz=84828.7 phase_at_f0_deg=-123.504 f180_hz=774098 gain_at_f180_db=-23.592 f0_rising_hz= resurgence_db=-0.49734
Doing analysis at TEMP = -40.000000 and TNOM = 27.000000

Using SPARSE 1.3 as Direct Linear Solver
 Reference value :  0.00000e+00
No. of Data Rows : 1
Doing analysis at TEMP = -40.000000 and TNOM = 27.000000

Using SPARSE 1.3 as Direct Linear Solver
 Reference value :  1.00000e-02
 Reference value :  3.16228e+07
No. of Data Rows : 4401
Doing analysis at TEMP = -40.000000 and TNOM = 27.000000

Using SPARSE 1.3 as Direct Linear Solver
 Reference value :  1.00000e-02
 Reference value :  3.40800e+07
No. of Data Rows : 4401
dcg                 =  1.37272e+02
f0                  =  8.53846e+04
phx                 =  -1.16402e+02
f180                =  1.78288e+06
gmx                 =  -3.00560e+01
 meas ac f0r when tdb=0 rise=1 failed!

tres                =  -5.38761e-01 at=  9.01571e+04
ROW iload_a=0.05 ceff_f=4.7e-06 esr_ohm=0.05 vout_v=1.79946 dcgain_db=137.272 f0_hz=85384.6 phase_at_f0_deg=-116.402 f180_hz=1.78288E+06 gain_at_f180_db=-30.056 f0_rising_hz= resurgence_db=-0.538761
Doing analysis at TEMP = -40.000000 and TNOM = 27.000000

Using SPARSE 1.3 as Direct Linear Solver
 Reference value :  0.00000e+00
No. of Data Rows : 1
Doing analysis at TEMP = -40.000000 and TNOM = 27.000000

Using SPARSE 1.3 as Direct Linear Solver
 Reference value :  1.00000e-02
 Reference value :  1.01742e+07
No. of Data Rows : 4401
Doing analysis at TEMP = -40.000000 and TNOM = 27.000000

Using SPARSE 1.3 as Direct Linear Solver
 Reference value :  1.00000e-02
 Reference value :  2.17520e+07
No. of Data Rows : 4401
dcg                 =  1.37272e+02
f0                  =  9.55527e+04
phx                 =  -9.32812e+01
f180                =  2.12753e+06
gmx                 =  -2.12159e+01
 meas ac f0r when tdb=0 rise=1 failed!

tres                =  -3.93654e-01 at=  1.00577e+05
ROW iload_a=0.05 ceff_f=4.7e-06 esr_ohm=0.2 vout_v=1.79946 dcgain_db=137.272 f0_hz=95552.7 phase_at_f0_deg=-93.2811 f180_hz=2.12753E+06 gain_at_f180_db=-21.2159 f0_rising_hz= resurgence_db=-0.393654
Doing analysis at TEMP = -40.000000 and TNOM = 27.000000

Using SPARSE 1.3 as Direct Linear Solver
 Reference value :  0.00000e+00
No. of Data Rows : 1
Doing analysis at TEMP = -40.000000 and TNOM = 27.000000

Using SPARSE 1.3 as Direct Linear Solver
 Reference value :  1.00000e-02
 Reference value :  1.21619e+08
No. of Data Rows : 4401
Doing analysis at TEMP = -40.000000 and TNOM = 27.000000

Using SPARSE 1.3 as Direct Linear Solver
 Reference value :  1.00000e-02
 Reference value :  4.24131e+07
No. of Data Rows : 4401
dcg                 =  1.37272e+02
f0                  =  4.40046e+05
phx                 =  -6.78602e+01
f180                =  2.18810e+06
gmx                 =  -1.37618e+01
 meas ac f0r when tdb=0 rise=1 failed!

tres                =  -1.44798e-01 at=  4.62381e+05
ROW iload_a=0.05 ceff_f=4.7e-06 esr_ohm=0.5 vout_v=1.79946 dcgain_db=137.272 f0_hz=440046 phase_at_f0_deg=-67.8602 f180_hz=2.1881E+06 gain_at_f180_db=-13.7618 f0_rising_hz= resurgence_db=-0.144798
* SWEEP COMPLETE fs_-40c_2.97v
Note: Simulation executed from .control section 
Warning: m=xx on .subckt line will override multiplier m hierarchy!

Note: Starting dynamic gmin stepping
Warning: Dynamic gmin stepping failed
Note: Starting true gmin stepping
Note: True gmin stepping completed
Note: Starting dynamic gmin stepping
Warning: Dynamic gmin stepping failed
Note: Starting true gmin stepping
Note: True gmin stepping completed
Note: Starting dynamic gmin stepping
Warning: Dynamic gmin stepping failed
Note: Starting true gmin stepping
Note: True gmin stepping completed

Error: measure  f0r  when(WHEN) : out of interval
Error: &f0r: no such variable.
Note: Starting dynamic gmin stepping
Warning: Dynamic gmin stepping failed
Note: Starting true gmin stepping
Note: True gmin stepping completed
Note: Starting dynamic gmin stepping
Warning: Dynamic gmin stepping failed
Note: Starting true gmin stepping
Note: True gmin stepping completed
Note: Starting dynamic gmin stepping
Warning: Dynamic gmin stepping failed
Note: Starting true gmin stepping
Note: True gmin stepping completed

Error: measure  f0r  when(WHEN) : out of interval
Error: &f0r: no such variable.
Note: Starting dynamic gmin stepping
Warning: Dynamic gmin stepping failed
Note: Starting true gmin stepping
Note: True gmin stepping completed
Note: Starting dynamic gmin stepping
Warning: Dynamic gmin stepping failed
Note: Starting true gmin stepping
Note: True gmin stepping completed
Note: Starting dynamic gmin stepping
Warning: Dynamic gmin stepping failed
Note: Starting true gmin stepping
Note: True gmin stepping completed

Error: measure  f0r  when(WHEN) : out of interval
Error: &f0r: no such variable.
Note: Starting dynamic gmin stepping
Warning: Dynamic gmin stepping failed
Note: Starting true gmin stepping
Note: True gmin stepping completed
Note: Starting dynamic gmin stepping
Warning: Dynamic gmin stepping failed
Note: Starting true gmin stepping
Note: True gmin stepping completed
Note: Starting dynamic gmin stepping
Warning: Dynamic gmin stepping failed
Note: Starting true gmin stepping
Note: True gmin stepping completed

Error: measure  f0r  when(WHEN) : out of interval
Error: &f0r: no such variable.
Note: Starting dynamic gmin stepping
Warning: Dynamic gmin stepping failed
Note: Starting true gmin stepping
Note: True gmin stepping completed
Note: Starting dynamic gmin stepping
Warning: Dynamic gmin stepping failed
Note: Starting true gmin stepping
Note: True gmin stepping completed
Note: Starting dynamic gmin stepping
Warning: Dynamic gmin stepping failed
Note: Starting true gmin stepping
Note: True gmin stepping completed

Error: measure  f0r  when(WHEN) : out of interval
Error: &f0r: no such variable.
Note: Starting dynamic gmin stepping
Warning: Dynamic gmin stepping failed
Note: Starting true gmin stepping
Note: True gmin stepping completed
Note: Starting dynamic gmin stepping
Warning: Dynamic gmin stepping failed
Note: Starting true gmin stepping
Note: True gmin stepping completed
Note: Starting dynamic gmin stepping
Warning: Dynamic gmin stepping failed
Note: Starting true gmin stepping
Note: True gmin stepping completed

Error: measure  f0r  when(WHEN) : out of interval
Error: &f0r: no such variable.
Note: Starting dynamic gmin stepping
Warning: Dynamic gmin stepping failed
Note: Starting true gmin stepping
Note: True gmin stepping completed
Note: Starting dynamic gmin stepping
Warning: Dynamic gmin stepping failed
Note: Starting true gmin stepping
Note: True gmin stepping completed
Note: Starting dynamic gmin stepping
Warning: Dynamic gmin stepping failed
Note: Starting true gmin stepping
Note: True gmin stepping completed

Error: measure  f0r  when(WHEN) : out of interval
Error: &f0r: no such variable.
Note: Starting dynamic gmin stepping
Warning: Dynamic gmin stepping failed
Note: Starting true gmin stepping
Note: True gmin stepping completed
Note: Starting dynamic gmin stepping
Warning: Dynamic gmin stepping failed
Note: Starting true gmin stepping
Note: True gmin stepping completed
Note: Starting dynamic gmin stepping
Warning: Dynamic gmin stepping failed
Note: Starting true gmin stepping
Note: True gmin stepping completed

Error: measure  f0r  when(WHEN) : out of interval
Error: &f0r: no such variable.
Note: Starting dynamic gmin stepping
Warning: Dynamic gmin stepping failed
Note: Starting true gmin stepping
Note: True gmin stepping completed
Note: Starting dynamic gmin stepping
Warning: Dynamic gmin stepping failed
Note: Starting true gmin stepping
Note: True gmin stepping completed
Note: Starting dynamic gmin stepping
Warning: Dynamic gmin stepping failed
Note: Starting true gmin stepping
Note: True gmin stepping completed

Error: measure  f0r  when(WHEN) : out of interval
Error: &f0r: no such variable.
Note: Starting dynamic gmin stepping
Warning: Dynamic gmin stepping failed
Note: Starting true gmin stepping
Note: True gmin stepping completed
Note: Starting dynamic gmin stepping
Warning: Dynamic gmin stepping failed
Note: Starting true gmin stepping
Note: True gmin stepping completed
Note: Starting dynamic gmin stepping
Warning: Dynamic gmin stepping failed
Note: Starting true gmin stepping
Note: True gmin stepping completed

Error: measure  f0r  when(WHEN) : out of interval
Error: &f0r: no such variable.
Note: Starting dynamic gmin stepping
Warning: Dynamic gmin stepping failed
Note: Starting true gmin stepping
Note: True gmin stepping completed
Note: Starting dynamic gmin stepping
Warning: Dynamic gmin stepping failed
Note: Starting true gmin stepping
Note: True gmin stepping completed
Note: Starting dynamic gmin stepping
Warning: Dynamic gmin stepping failed
Note: Starting true gmin stepping
Note: True gmin stepping completed

Error: measure  f0r  when(WHEN) : out of interval
Error: &f0r: no such variable.
Note: Starting dynamic gmin stepping
Warning: Dynamic gmin stepping failed
Note: Starting true gmin stepping
Note: True gmin stepping completed
Note: Starting dynamic gmin stepping
Warning: Dynamic gmin stepping failed
Note: Starting true gmin stepping
Note: True gmin stepping completed
Note: Starting dynamic gmin stepping
Warning: Dynamic gmin stepping failed
Note: Starting true gmin stepping
Note: True gmin stepping completed

Error: measure  f0r  when(WHEN) : out of interval
Error: &f0r: no such variable.
Note: Starting dynamic gmin stepping
Warning: Dynamic gmin stepping failed
Note: Starting true gmin stepping
Note: True gmin stepping completed
Note: Starting dynamic gmin stepping
Warning: Dynamic gmin stepping failed
Note: Starting true gmin stepping
Note: True gmin stepping completed
Note: Starting dynamic gmin stepping
Warning: Dynamic gmin stepping failed
Note: Starting true gmin stepping
Note: True gmin stepping completed

Error: measure  f0r  when(WHEN) : out of interval
Error: &f0r: no such variable.
Note: Starting dynamic gmin stepping
Warning: Dynamic gmin stepping failed
Note: Starting true gmin stepping
Note: True gmin stepping completed
Note: Starting dynamic gmin stepping
Warning: Dynamic gmin stepping failed
Note: Starting true gmin stepping
Note: True gmin stepping completed
Note: Starting dynamic gmin stepping
Warning: Dynamic gmin stepping failed
Note: Starting true gmin stepping
Note: True gmin stepping completed

Error: measure  f0r  when(WHEN) : out of interval
Error: &f0r: no such variable.
Note: Starting dynamic gmin stepping
Warning: Dynamic gmin stepping failed
Note: Starting true gmin stepping
Note: True gmin stepping completed
Note: Starting dynamic gmin stepping
Warning: Dynamic gmin stepping failed
Note: Starting true gmin stepping
Note: True gmin stepping completed
Note: Starting dynamic gmin stepping
Warning: Dynamic gmin stepping failed
Note: Starting true gmin stepping
Note: True gmin stepping completed

Error: measure  f0r  when(WHEN) : out of interval
Error: &f0r: no such variable.
Note: Starting dynamic gmin stepping
Warning: Dynamic gmin stepping failed
Note: Starting true gmin stepping
Note: True gmin stepping completed
Note: Starting dynamic gmin stepping
Warning: Dynamic gmin stepping failed
Note: Starting true gmin stepping
Note: True gmin stepping completed
Note: Starting dynamic gmin stepping
Warning: Dynamic gmin stepping failed
Note: Starting true gmin stepping
Note: True gmin stepping completed

Error: measure  f0r  when(WHEN) : out of interval
Error: &f0r: no such variable.
Note: Starting dynamic gmin stepping
Warning: Dynamic gmin stepping failed
Note: Starting true gmin stepping
Note: True gmin stepping completed
Note: Starting dynamic gmin stepping
Warning: Dynamic gmin stepping failed
Note: Starting true gmin stepping
Note: True gmin stepping completed
Note: Starting dynamic gmin stepping
Warning: Dynamic gmin stepping failed
Note: Starting true gmin stepping
Note: True gmin stepping completed

Error: measure  f0r  when(WHEN) : out of interval
Error: &f0r: no such variable.
Note: Starting dynamic gmin stepping
Warning: Dynamic gmin stepping failed
Note: Starting true gmin stepping
Note: True gmin stepping completed
Note: Starting dynamic gmin stepping
Warning: Dynamic gmin stepping failed
Note: Starting true gmin stepping
Note: True gmin stepping completed
Note: Starting dynamic gmin stepping
Warning: Dynamic gmin stepping failed
Note: Starting true gmin stepping
Note: True gmin stepping completed

Error: measure  f0r  when(WHEN) : out of interval
Error: &f0r: no such variable.
Note: Starting dynamic gmin stepping
Warning: Dynamic gmin stepping failed
Note: Starting true gmin stepping
Note: True gmin stepping completed
Note: Starting dynamic gmin stepping
Warning: Dynamic gmin stepping failed
Note: Starting true gmin stepping
Note: True gmin stepping completed
Note: Starting dynamic gmin stepping
Warning: Dynamic gmin stepping failed
Note: Starting true gmin stepping
Note: True gmin stepping completed

Error: measure  f0r  when(WHEN) : out of interval
Error: &f0r: no such variable.
Note: Starting dynamic gmin stepping
Warning: Dynamic gmin stepping failed
Note: Starting true gmin stepping
Note: True gmin stepping completed
Note: Starting dynamic gmin stepping
Warning: Dynamic gmin stepping failed
Note: Starting true gmin stepping
Note: True gmin stepping completed
Note: Starting dynamic gmin stepping
Warning: Dynamic gmin stepping failed
Note: Starting true gmin stepping
Note: True gmin stepping completed

Error: measure  f0r  when(WHEN) : out of interval
Error: &f0r: no such variable.
Note: Starting dynamic gmin stepping
Warning: Dynamic gmin stepping failed
Note: Starting true gmin stepping
Note: True gmin stepping completed
Note: Starting dynamic gmin stepping
Warning: Dynamic gmin stepping failed
Note: Starting true gmin stepping
Note: True gmin stepping completed
Note: Starting dynamic gmin stepping
Warning: Dynamic gmin stepping failed
Note: Starting true gmin stepping
Note: True gmin stepping completed

Error: measure  f0r  when(WHEN) : out of interval
Error: &f0r: no such variable.
Note: Starting dynamic gmin stepping
Warning: Dynamic gmin stepping failed
Note: Starting true gmin stepping
Note: True gmin stepping completed
Note: Starting dynamic gmin stepping
Warning: Dynamic gmin stepping failed
Note: Starting true gmin stepping
Note: True gmin stepping completed
Note: Starting dynamic gmin stepping
Warning: Dynamic gmin stepping failed
Note: Starting true gmin stepping
Note: True gmin stepping completed

Error: measure  f0r  when(WHEN) : out of interval
Error: &f0r: no such variable.
Note: Starting dynamic gmin stepping
Warning: Dynamic gmin stepping failed
Note: Starting true gmin stepping
Note: True gmin stepping completed
Note: Starting dynamic gmin stepping
Warning: Dynamic gmin stepping failed
Note: Starting true gmin stepping
Note: True gmin stepping completed
Note: Starting dynamic gmin stepping
Warning: Dynamic gmin stepping failed
Note: Starting true gmin stepping
Note: True gmin stepping completed

Error: measure  f0r  when(WHEN) : out of interval
Error: &f0r: no such variable.
Note: Starting dynamic gmin stepping
Warning: Dynamic gmin stepping failed
Note: Starting true gmin stepping
Note: True gmin stepping completed
Note: Starting dynamic gmin stepping
Warning: Dynamic gmin stepping failed
Note: Starting true gmin stepping
Note: True gmin stepping completed
Note: Starting dynamic gmin stepping
Warning: Dynamic gmin stepping failed
Note: Starting true gmin stepping
Note: True gmin stepping completed

Error: measure  f0r  when(WHEN) : out of interval
Error: &f0r: no such variable.
Note: Starting dynamic gmin stepping
Warning: Dynamic gmin stepping failed
Note: Starting true gmin stepping
Note: True gmin stepping completed
Note: Starting dynamic gmin stepping
Warning: Dynamic gmin stepping failed
Note: Starting true gmin stepping
Note: True gmin stepping completed
Note: Starting dynamic gmin stepping
Warning: Dynamic gmin stepping failed
Note: Starting true gmin stepping
Note: True gmin stepping completed

Error: measure  f0r  when(WHEN) : out of interval
Error: &f0r: no such variable.
Note: Starting dynamic gmin stepping
Warning: Dynamic gmin stepping failed
Note: Starting true gmin stepping
Note: True gmin stepping completed
Note: Starting dynamic gmin stepping
Warning: Dynamic gmin stepping failed
Note: Starting true gmin stepping
Note: True gmin stepping completed
Note: Starting dynamic gmin stepping
Warning: Dynamic gmin stepping failed
Note: Starting true gmin stepping
Note: True gmin stepping completed

Error: measure  f0r  when(WHEN) : out of interval
Error: &f0r: no such variable.
Note: Starting dynamic gmin stepping
Warning: Dynamic gmin stepping failed
Note: Starting true gmin stepping
Note: True gmin stepping completed
Note: Starting dynamic gmin stepping
Warning: Dynamic gmin stepping failed
Note: Starting true gmin stepping
Note: True gmin stepping completed
Note: Starting dynamic gmin stepping
Warning: Dynamic gmin stepping failed
Note: Starting true gmin stepping
Note: True gmin stepping completed

Error: measure  f0r  when(WHEN) : out of interval
Error: &f0r: no such variable.
Note: Starting dynamic gmin stepping
Warning: Dynamic gmin stepping failed
Note: Starting true gmin stepping
Note: True gmin stepping completed
Note: Starting dynamic gmin stepping
Warning: Dynamic gmin stepping failed
Note: Starting true gmin stepping
Note: True gmin stepping completed
Note: Starting dynamic gmin stepping
Warning: Dynamic gmin stepping failed
Note: Starting true gmin stepping
Note: True gmin stepping completed

Error: measure  f0r  when(WHEN) : out of interval
Error: &f0r: no such variable.
Note: Starting dynamic gmin stepping
Warning: Dynamic gmin stepping failed
Note: Starting true gmin stepping
Note: True gmin stepping completed
Note: Starting dynamic gmin stepping
Warning: Dynamic gmin stepping failed
Note: Starting true gmin stepping
Note: True gmin stepping completed
Note: Starting dynamic gmin stepping
Warning: Dynamic gmin stepping failed
Note: Starting true gmin stepping
Note: True gmin stepping completed

Error: measure  f0r  when(WHEN) : out of interval
Error: &f0r: no such variable.
Note: Starting dynamic gmin stepping
Warning: Dynamic gmin stepping failed
Note: Starting true gmin stepping
Note: True gmin stepping completed
Note: Starting dynamic gmin stepping
Warning: Dynamic gmin stepping failed
Note: Starting true gmin stepping
Note: True gmin stepping completed
Note: Starting dynamic gmin stepping
Warning: Dynamic gmin stepping failed
Note: Starting true gmin stepping
Note: True gmin stepping completed

Error: measure  f0r  when(WHEN) : out of interval
Error: &f0r: no such variable.
Note: Starting dynamic gmin stepping
Warning: Dynamic gmin stepping failed
Note: Starting true gmin stepping
Note: True gmin stepping completed
Note: Starting dynamic gmin stepping
Warning: Dynamic gmin stepping failed
Note: Starting true gmin stepping
Note: True gmin stepping completed
Note: Starting dynamic gmin stepping
Warning: Dynamic gmin stepping failed
Note: Starting true gmin stepping
Note: True gmin stepping completed

Error: measure  f0r  when(WHEN) : out of interval
Error: &f0r: no such variable.
Note: Starting dynamic gmin stepping
Warning: Dynamic gmin stepping failed
Note: Starting true gmin stepping
Note: True gmin stepping completed
Note: Starting dynamic gmin stepping
Warning: Dynamic gmin stepping failed
Note: Starting true gmin stepping
Note: True gmin stepping completed
Note: Starting dynamic gmin stepping
Warning: Dynamic gmin stepping failed
Note: Starting true gmin stepping
Note: True gmin stepping completed

Error: measure  f0r  when(WHEN) : out of interval
Error: &f0r: no such variable.
Note: Starting dynamic gmin stepping
Warning: Dynamic gmin stepping failed
Note: Starting true gmin stepping
Note: True gmin stepping completed
Note: Starting dynamic gmin stepping
Warning: Dynamic gmin stepping failed
Note: Starting true gmin stepping
Note: True gmin stepping completed
Note: Starting dynamic gmin stepping
Warning: Dynamic gmin stepping failed
Note: Starting true gmin stepping
Note: True gmin stepping completed

Error: measure  f0r  when(WHEN) : out of interval
Error: &f0r: no such variable.
Note: Starting dynamic gmin stepping
Warning: Dynamic gmin stepping failed
Note: Starting true gmin stepping
Note: True gmin stepping completed
Note: Starting dynamic gmin stepping
Warning: Dynamic gmin stepping failed
Note: Starting true gmin stepping
Note: True gmin stepping completed
Note: Starting dynamic gmin stepping
Warning: Dynamic gmin stepping failed
Note: Starting true gmin stepping
Note: True gmin stepping completed

Error: measure  f0r  when(WHEN) : out of interval
Error: &f0r: no such variable.
Note: Starting dynamic gmin stepping
Warning: Dynamic gmin stepping failed
Note: Starting true gmin stepping
Note: True gmin stepping completed
Note: Starting dynamic gmin stepping
Warning: Dynamic gmin stepping failed
Note: Starting true gmin stepping
Note: True gmin stepping completed
Note: Starting dynamic gmin stepping
Warning: Dynamic gmin stepping failed
Note: Starting true gmin stepping
Note: True gmin stepping completed

Error: measure  f0r  when(WHEN) : out of interval
Error: &f0r: no such variable.
Note: Starting dynamic gmin stepping
Warning: Dynamic gmin stepping failed
Note: Starting true gmin stepping
Note: True gmin stepping completed
Note: Starting dynamic gmin stepping
Warning: Dynamic gmin stepping failed
Note: Starting true gmin stepping
Note: True gmin stepping completed
Note: Starting dynamic gmin stepping
Warning: Dynamic gmin stepping failed
Note: Starting true gmin stepping
Note: True gmin stepping completed

Error: measure  f0r  when(WHEN) : out of interval
Error: &f0r: no such variable.
Note: Starting dynamic gmin stepping
Note: Dynamic gmin stepping completed
Note: Starting dynamic gmin stepping
Note: Dynamic gmin stepping completed
Note: Starting dynamic gmin stepping
Note: Dynamic gmin stepping completed

Error: measure  f0r  when(WHEN) : out of interval
Error: &f0r: no such variable.
Note: Starting dynamic gmin stepping
Note: Dynamic gmin stepping completed
Note: Starting dynamic gmin stepping
Note: Dynamic gmin stepping completed
Note: Starting dynamic gmin stepping
Note: Dynamic gmin stepping completed

Error: measure  f0r  when(WHEN) : out of interval
Error: &f0r: no such variable.
Note: Starting dynamic gmin stepping
Note: Dynamic gmin stepping completed
Note: Starting dynamic gmin stepping
Note: Dynamic gmin stepping completed
Note: Starting dynamic gmin stepping
Note: Dynamic gmin stepping completed

Error: measure  f0r  when(WHEN) : out of interval
Error: &f0r: no such variable.
Note: Starting dynamic gmin stepping
Note: Dynamic gmin stepping completed
Note: Starting dynamic gmin stepping
Note: Dynamic gmin stepping completed
Note: Starting dynamic gmin stepping
Note: Dynamic gmin stepping completed

Error: measure  f0r  when(WHEN) : out of interval
Error: &f0r: no such variable.
Note: Starting dynamic gmin stepping
Note: Dynamic gmin stepping completed
Note: Starting dynamic gmin stepping
Note: Dynamic gmin stepping completed
Note: Starting dynamic gmin stepping
Note: Dynamic gmin stepping completed

Error: measure  f0r  when(WHEN) : out of interval
Error: &f0r: no such variable.
Note: Starting dynamic gmin stepping
Note: Dynamic gmin stepping completed
Note: Starting dynamic gmin stepping
Note: Dynamic gmin stepping completed
Note: Starting dynamic gmin stepping
Note: Dynamic gmin stepping completed

Error: measure  f0r  when(WHEN) : out of interval
Error: &f0r: no such variable.
Note: Starting dynamic gmin stepping
Note: Dynamic gmin stepping completed
Note: Starting dynamic gmin stepping
Note: Dynamic gmin stepping completed
Note: Starting dynamic gmin stepping
Note: Dynamic gmin stepping completed

Error: measure  f0r  when(WHEN) : out of interval
Error: &f0r: no such variable.
Note: Starting dynamic gmin stepping
Note: Dynamic gmin stepping completed
Note: Starting dynamic gmin stepping
Note: Dynamic gmin stepping completed
Note: Starting dynamic gmin stepping
Note: Dynamic gmin stepping completed

Error: measure  f0r  when(WHEN) : out of interval
Error: &f0r: no such variable.
Note: Starting dynamic gmin stepping
Note: Dynamic gmin stepping completed
Note: Starting dynamic gmin stepping
Note: Dynamic gmin stepping completed
Note: Starting dynamic gmin stepping
Note: Dynamic gmin stepping completed

Error: measure  f0r  when(WHEN) : out of interval
Error: &f0r: no such variable.
Note: Starting dynamic gmin stepping
Note: Dynamic gmin stepping completed
Note: Starting dynamic gmin stepping
Note: Dynamic gmin stepping completed
Note: Starting dynamic gmin stepping
Note: Dynamic gmin stepping completed

Error: measure  f0r  when(WHEN) : out of interval
Error: &f0r: no such variable.
Note: Starting dynamic gmin stepping
Note: Dynamic gmin stepping completed
Note: Starting dynamic gmin stepping
Note: Dynamic gmin stepping completed
Note: Starting dynamic gmin stepping
Note: Dynamic gmin stepping completed

Error: measure  f0r  when(WHEN) : out of interval
Error: &f0r: no such variable.
Note: Starting dynamic gmin stepping
Note: Dynamic gmin stepping completed
Note: Starting dynamic gmin stepping
Note: Dynamic gmin stepping completed
Note: Starting dynamic gmin stepping
Note: Dynamic gmin stepping completed

Error: measure  f0r  when(WHEN) : out of interval
Error: &f0r: no such variable.
Note: Starting dynamic gmin stepping
Note: Dynamic gmin stepping completed
Note: Starting dynamic gmin stepping
Note: Dynamic gmin stepping completed
Note: Starting dynamic gmin stepping
Note: Dynamic gmin stepping completed

Error: measure  f0r  when(WHEN) : out of interval
Error: &f0r: no such variable.
Note: Starting dynamic gmin stepping
Note: Dynamic gmin stepping completed
Note: Starting dynamic gmin stepping
Note: Dynamic gmin stepping completed
Note: Starting dynamic gmin stepping
Note: Dynamic gmin stepping completed

Error: measure  f0r  when(WHEN) : out of interval
Error: &f0r: no such variable.
Note: Starting dynamic gmin stepping
Note: Dynamic gmin stepping completed
Note: Starting dynamic gmin stepping
Note: Dynamic gmin stepping completed
Note: Starting dynamic gmin stepping
Note: Dynamic gmin stepping completed

Error: measure  f0r  when(WHEN) : out of interval
Error: &f0r: no such variable.
Note: Starting dynamic gmin stepping
Note: Dynamic gmin stepping completed
Note: Starting dynamic gmin stepping
Note: Dynamic gmin stepping completed
Note: Starting dynamic gmin stepping
Note: Dynamic gmin stepping completed

Error: measure  f0r  when(WHEN) : out of interval
Error: &f0r: no such variable.
Note: Starting dynamic gmin stepping
Note: Dynamic gmin stepping completed
Note: Starting dynamic gmin stepping
Note: Dynamic gmin stepping completed
Note: Starting dynamic gmin stepping
Note: Dynamic gmin stepping completed

Error: measure  f0r  when(WHEN) : out of interval
Error: &f0r: no such variable.
Note: Starting dynamic gmin stepping
Note: Dynamic gmin stepping completed
Note: Starting dynamic gmin stepping
Note: Dynamic gmin stepping completed
Note: Starting dynamic gmin stepping
Note: Dynamic gmin stepping completed

Error: measure  f0r  when(WHEN) : out of interval
Error: &f0r: no such variable.
Note: Starting dynamic gmin stepping
Note: Dynamic gmin stepping completed
Note: Starting dynamic gmin stepping
Note: Dynamic gmin stepping completed
Note: Starting dynamic gmin stepping
Note: Dynamic gmin stepping completed

Error: measure  f0r  when(WHEN) : out of interval
Error: &f0r: no such variable.
Note: Starting dynamic gmin stepping
Note: Dynamic gmin stepping completed
Note: Starting dynamic gmin stepping
Note: Dynamic gmin stepping completed
Note: Starting dynamic gmin stepping
Note: Dynamic gmin stepping completed

Error: measure  f0r  when(WHEN) : out of interval
Error: &f0r: no such variable.
Note: Starting dynamic gmin stepping
Note: Dynamic gmin stepping completed
Note: Starting dynamic gmin stepping
Note: Dynamic gmin stepping completed
Note: Starting dynamic gmin stepping
Note: Dynamic gmin stepping completed

Error: measure  f0r  when(WHEN) : out of interval
Error: &f0r: no such variable.
Note: Starting dynamic gmin stepping
Note: Dynamic gmin stepping completed
Note: Starting dynamic gmin stepping
Note: Dynamic gmin stepping completed
Note: Starting dynamic gmin stepping
Note: Dynamic gmin stepping completed

Error: measure  f0r  when(WHEN) : out of interval
Error: &f0r: no such variable.
Note: Starting dynamic gmin stepping
Note: Dynamic gmin stepping completed
Note: Starting dynamic gmin stepping
Note: Dynamic gmin stepping completed
Note: Starting dynamic gmin stepping
Note: Dynamic gmin stepping completed

Error: measure  f0r  when(WHEN) : out of interval
Error: &f0r: no such variable.
Note: Starting dynamic gmin stepping
Note: Dynamic gmin stepping completed
Note: Starting dynamic gmin stepping
Note: Dynamic gmin stepping completed
Note: Starting dynamic gmin stepping
Note: Dynamic gmin stepping completed

Error: measure  f0r  when(WHEN) : out of interval
Error: &f0r: no such variable.
Note: Starting dynamic gmin stepping
Note: Dynamic gmin stepping completed
Note: Starting dynamic gmin stepping
Note: Dynamic gmin stepping completed
Note: Starting dynamic gmin stepping
Note: Dynamic gmin stepping completed

Error: measure  f0r  when(WHEN) : out of interval
Error: &f0r: no such variable.
Note: Starting dynamic gmin stepping
Note: Dynamic gmin stepping completed
Note: Starting dynamic gmin stepping
Note: Dynamic gmin stepping completed
Note: Starting dynamic gmin stepping
Note: Dynamic gmin stepping completed

Error: measure  f0r  when(WHEN) : out of interval
Error: &f0r: no such variable.
Note: Starting dynamic gmin stepping
Note: Dynamic gmin stepping completed
Note: Starting dynamic gmin stepping
Note: Dynamic gmin stepping completed
Note: Starting dynamic gmin stepping
Note: Dynamic gmin stepping completed

Error: measure  f0r  when(WHEN) : out of interval
Error: &f0r: no such variable.
Note: Starting dynamic gmin stepping
Note: Dynamic gmin stepping completed
Note: Starting dynamic gmin stepping
Note: Dynamic gmin stepping completed
Note: Starting dynamic gmin stepping
Note: Dynamic gmin stepping completed

Error: measure  f0r  when(WHEN) : out of interval
Error: &f0r: no such variable.
Note: Starting dynamic gmin stepping
Note: Dynamic gmin stepping completed
Note: Starting dynamic gmin stepping
Note: Dynamic gmin stepping completed
Note: Starting dynamic gmin stepping
Note: Dynamic gmin stepping completed

Error: measure  f0r  when(WHEN) : out of interval
Error: &f0r: no such variable.
Note: Starting dynamic gmin stepping
Note: Dynamic gmin stepping completed
Note: Starting dynamic gmin stepping
Note: Dynamic gmin stepping completed
Note: Starting dynamic gmin stepping
Note: Dynamic gmin stepping completed

Error: measure  f0r  when(WHEN) : out of interval
Error: &f0r: no such variable.
Note: Starting dynamic gmin stepping
Note: Dynamic gmin stepping completed
Note: Starting dynamic gmin stepping
Note: Dynamic gmin stepping completed
Note: Starting dynamic gmin stepping
Note: Dynamic gmin stepping completed

Error: measure  f0r  when(WHEN) : out of interval
Error: &f0r: no such variable.
Note: Starting dynamic gmin stepping
Note: Dynamic gmin stepping completed
Note: Starting dynamic gmin stepping
Note: Dynamic gmin stepping completed
Note: Starting dynamic gmin stepping
Note: Dynamic gmin stepping completed

Error: measure  f0r  when(WHEN) : out of interval
Error: &f0r: no such variable.
Note: Starting dynamic gmin stepping
Note: Dynamic gmin stepping completed
Note: Starting dynamic gmin stepping
Note: Dynamic gmin stepping completed
Note: Starting dynamic gmin stepping
Note: Dynamic gmin stepping completed

Error: measure  f0r  when(WHEN) : out of interval
Error: &f0r: no such variable.
Note: Starting dynamic gmin stepping
Note: Dynamic gmin stepping completed
Note: Starting dynamic gmin stepping
Note: Dynamic gmin stepping completed
Note: Starting dynamic gmin stepping
Note: Dynamic gmin stepping completed

Error: measure  f0r  when(WHEN) : out of interval
Error: &f0r: no such variable.
Note: Starting dynamic gmin stepping
Note: Dynamic gmin stepping completed
Note: Starting dynamic gmin stepping
Note: Dynamic gmin stepping completed
Note: Starting dynamic gmin stepping
Note: Dynamic gmin stepping completed

Error: measure  f0r  when(WHEN) : out of interval
Error: &f0r: no such variable.
Note: Starting dynamic gmin stepping
Note: Dynamic gmin stepping completed
Note: Starting dynamic gmin stepping
Note: Dynamic gmin stepping completed
Note: Starting dynamic gmin stepping
Note: Dynamic gmin stepping completed

Error: measure  f0r  when(WHEN) : out of interval
Error: &f0r: no such variable.
