
Note: Compatibility modes selected: hs a


Circuit: * loop-stability -- tian dual-injection loop-gain testbench for ldo_core (issue #10)

* corner_id=fs_-40c_3.63v corner=fs temp_c=-40 vin_v=3.63
* ac sweep: dec 400 0.01 1e9 ; Tian dual injection at ERRAMP_OUT->PASS_GATE
* columns: ROW iload_a= ceff_f= esr_ohm= vout_v= dcgain_db= f0_hz= phase_at_f0_deg=
*          f180_hz= gain_at_f180_db= f0_rising_hz= resurgence_db=
* (phase margin = 180 + phase_at_f0_deg ; gain margin = -gain_at_f180_db ;
*  resurgence_db = max |T| in dB above the first 0 dB crossing, DR-0008 ;
*  an empty f180/gain field means the phase never reaches -180 deg in band)
* Fields are written key=value BECAUSE a failed meas leaves its value
* empty: with bare positional fields an empty one vanishes into the
* whitespace and every field after it is read as the wrong quantity.
Doing analysis at TEMP = -40.000000 and TNOM = 27.000000

Using SPARSE 1.3 as Direct Linear Solver
 Reference value :  0.00000e+00
No. of Data Rows : 1
Doing analysis at TEMP = -40.000000 and TNOM = 27.000000

Using SPARSE 1.3 as Direct Linear Solver
 Reference value :  1.00000e-02
No. of Data Rows : 4401
Doing analysis at TEMP = -40.000000 and TNOM = 27.000000

Using SPARSE 1.3 as Direct Linear Solver
 Reference value :  1.00000e-02
No. of Data Rows : 4401
dcg                 =  1.35152e+02
f0                  =  3.93651e+03
phx                 =  -1.41581e+02
f180                =  4.10135e+05
gmx                 =  -5.40025e+01
 meas ac f0r when tdb=0 rise=1 failed!

tres                =  -7.11086e-01 at=  4.14477e+03
ROW iload_a=0 ceff_f=3.3e-07 esr_ohm=0.001 vout_v=1.7994 dcgain_db=135.152 f0_hz=3936.51 phase_at_f0_deg=-141.581 f180_hz=410135 gain_at_f180_db=-54.0025 f0_rising_hz= resurgence_db=-0.711086
Doing analysis at TEMP = -40.000000 and TNOM = 27.000000

Using SPARSE 1.3 as Direct Linear Solver
 Reference value :  0.00000e+00
No. of Data Rows : 1
Doing analysis at TEMP = -40.000000 and TNOM = 27.000000

Using SPARSE 1.3 as Direct Linear Solver
 Reference value :  1.00000e-02
 Reference value :  3.19890e+07
No. of Data Rows : 4401
Doing analysis at TEMP = -40.000000 and TNOM = 27.000000

Using SPARSE 1.3 as Direct Linear Solver
 Reference value :  1.00000e-02
 Reference value :  3.03739e+07
No. of Data Rows : 4401
dcg                 =  1.35152e+02
f0                  =  3.93598e+03
phx                 =  -1.41578e+02
f180                =  4.47186e+05
gmx                 =  -5.54767e+01
 meas ac f0r when tdb=0 rise=1 failed!

tres                =  -7.13097e-01 at=  4.14477e+03
ROW iload_a=0 ceff_f=3.3e-07 esr_ohm=0.05 vout_v=1.7994 dcgain_db=135.152 f0_hz=3935.98 phase_at_f0_deg=-141.578 f180_hz=447186 gain_at_f180_db=-55.4767 f0_rising_hz= resurgence_db=-0.713097
Doing analysis at TEMP = -40.000000 and TNOM = 27.000000

Using SPARSE 1.3 as Direct Linear Solver
 Reference value :  0.00000e+00
No. of Data Rows : 1
Doing analysis at TEMP = -40.000000 and TNOM = 27.000000

Using SPARSE 1.3 as Direct Linear Solver
 Reference value :  1.00000e-02
 Reference value :  1.85140e+08
No. of Data Rows : 4401
Doing analysis at TEMP = -40.000000 and TNOM = 27.000000

Using SPARSE 1.3 as Direct Linear Solver
 Reference value :  1.00000e-02
 Reference value :  4.39036e+07
No. of Data Rows : 4401
dcg                 =  1.35152e+02
f0                  =  3.93652e+03
phx                 =  -1.41488e+02
f180                =  6.84980e+05
gmx                 =  -6.25721e+01
 meas ac f0r when tdb=0 rise=1 failed!

tres                =  -7.11077e-01 at=  4.14477e+03
ROW iload_a=0 ceff_f=3.3e-07 esr_ohm=0.2 vout_v=1.7994 dcgain_db=135.152 f0_hz=3936.51 phase_at_f0_deg=-141.487 f180_hz=684980 gain_at_f180_db=-62.5721 f0_rising_hz= resurgence_db=-0.711077
Doing analysis at TEMP = -40.000000 and TNOM = 27.000000

Using SPARSE 1.3 as Direct Linear Solver
 Reference value :  0.00000e+00
No. of Data Rows : 1
Doing analysis at TEMP = -40.000000 and TNOM = 27.000000

Using SPARSE 1.3 as Direct Linear Solver
 Reference value :  1.00000e-02
 Reference value :  2.95121e+07
No. of Data Rows : 4401
Doing analysis at TEMP = -40.000000 and TNOM = 27.000000

Using SPARSE 1.3 as Direct Linear Solver
 Reference value :  1.00000e-02
 Reference value :  2.55564e+07
No. of Data Rows : 4401
dcg                 =  1.35152e+02
f0                  =  3.93599e+03
phx                 =  -1.41368e+02
f180                =  6.37198e+06
gmx                 =  -7.68138e+01
 meas ac f0r when tdb=0 rise=1 failed!

tres                =  -7.13023e-01 at=  4.14477e+03
ROW iload_a=0 ceff_f=3.3e-07 esr_ohm=0.5 vout_v=1.7994 dcgain_db=135.152 f0_hz=3935.99 phase_at_f0_deg=-141.368 f180_hz=6.37198E+06 gain_at_f180_db=-76.8138 f0_rising_hz= resurgence_db=-0.713023
Doing analysis at TEMP = -40.000000 and TNOM = 27.000000

Using SPARSE 1.3 as Direct Linear Solver
 Reference value :  0.00000e+00
No. of Data Rows : 1
Doing analysis at TEMP = -40.000000 and TNOM = 27.000000

Using SPARSE 1.3 as Direct Linear Solver
 Reference value :  1.00000e-02
 Reference value :  8.31764e+07
No. of Data Rows : 4401
Doing analysis at TEMP = -40.000000 and TNOM = 27.000000

Using SPARSE 1.3 as Direct Linear Solver
 Reference value :  1.00000e-02
 Reference value :  8.17523e+07
No. of Data Rows : 4401
dcg                 =  1.35147e+02
f0                  =  2.07788e+03
phx                 =  -1.57117e+02
f180                =  4.12547e+05
gmx                 =  -6.37608e+01
 meas ac f0r when tdb=0 rise=1 failed!

tres                =  -8.22665e-01 at=  2.18776e+03
ROW iload_a=0 ceff_f=1e-06 esr_ohm=0.001 vout_v=1.7994 dcgain_db=135.147 f0_hz=2077.88 phase_at_f0_deg=-157.118 f180_hz=412548 gain_at_f180_db=-63.7608 f0_rising_hz= resurgence_db=-0.822665
Doing analysis at TEMP = -40.000000 and TNOM = 27.000000

Using SPARSE 1.3 as Direct Linear Solver
 Reference value :  0.00000e+00
No. of Data Rows : 1
Doing analysis at TEMP = -40.000000 and TNOM = 27.000000

Using SPARSE 1.3 as Direct Linear Solver
 Reference value :  1.00000e-02
 Reference value :  5.33949e+07
No. of Data Rows : 4401
Doing analysis at TEMP = -40.000000 and TNOM = 27.000000

Using SPARSE 1.3 as Direct Linear Solver
 Reference value :  1.00000e-02
 Reference value :  3.91291e+07
No. of Data Rows : 4401
dcg                 =  1.35147e+02
f0                  =  2.07779e+03
phx                 =  -1.57094e+02
f180                =  5.82290e+05
gmx                 =  -6.96466e+01
 meas ac f0r when tdb=0 rise=1 failed!

tres                =  -8.23467e-01 at=  2.18776e+03
ROW iload_a=0 ceff_f=1e-06 esr_ohm=0.05 vout_v=1.7994 dcgain_db=135.147 f0_hz=2077.79 phase_at_f0_deg=-157.094 f180_hz=582290 gain_at_f180_db=-69.6466 f0_rising_hz= resurgence_db=-0.823467
Doing analysis at TEMP = -40.000000 and TNOM = 27.000000

Using SPARSE 1.3 as Direct Linear Solver
 Reference value :  0.00000e+00
No. of Data Rows : 1
Doing analysis at TEMP = -40.000000 and TNOM = 27.000000

Using SPARSE 1.3 as Direct Linear Solver
 Reference value :  1.00000e-02
 Reference value :  1.22321e+08
No. of Data Rows : 4401
Doing analysis at TEMP = -40.000000 and TNOM = 27.000000

Using SPARSE 1.3 as Direct Linear Solver
 Reference value :  1.00000e-02
 Reference value :  8.81049e+07
No. of Data Rows : 4401
dcg                 =  1.35147e+02
f0                  =  2.07789e+03
phx                 =  -1.56969e+02
f180                =  6.72465e+06
gmx                 =  -7.67411e+01
 meas ac f0r when tdb=0 rise=1 failed!

tres                =  -8.22636e-01 at=  2.18776e+03
ROW iload_a=0 ceff_f=1e-06 esr_ohm=0.2 vout_v=1.7994 dcgain_db=135.147 f0_hz=2077.89 phase_at_f0_deg=-156.969 f180_hz=6.72465E+06 gain_at_f180_db=-76.7411 f0_rising_hz= resurgence_db=-0.822636
Doing analysis at TEMP = -40.000000 and TNOM = 27.000000

Using SPARSE 1.3 as Direct Linear Solver
 Reference value :  0.00000e+00
No. of Data Rows : 1
Doing analysis at TEMP = -40.000000 and TNOM = 27.000000

Using SPARSE 1.3 as Direct Linear Solver
 Reference value :  1.00000e-02
 Reference value :  3.29230e+08
No. of Data Rows : 4401
Doing analysis at TEMP = -40.000000 and TNOM = 27.000000

Using SPARSE 1.3 as Direct Linear Solver
 Reference value :  1.00000e-02
 Reference value :  2.30409e+07
No. of Data Rows : 4401
dcg                 =  1.35147e+02
f0                  =  2.07781e+03
phx                 =  -1.56757e+02
f180                =  6.36800e+06
gmx                 =  -7.66989e+01
 meas ac f0r when tdb=0 rise=1 failed!

tres                =  -8.23269e-01 at=  2.18776e+03
ROW iload_a=0 ceff_f=1e-06 esr_ohm=0.5 vout_v=1.7994 dcgain_db=135.147 f0_hz=2077.81 phase_at_f0_deg=-156.757 f180_hz=6.368E+06 gain_at_f180_db=-76.6989 f0_rising_hz= resurgence_db=-0.823269
Doing analysis at TEMP = -40.000000 and TNOM = 27.000000

Using SPARSE 1.3 as Direct Linear Solver
 Reference value :  0.00000e+00
No. of Data Rows : 1
Doing analysis at TEMP = -40.000000 and TNOM = 27.000000

Using SPARSE 1.3 as Direct Linear Solver
 Reference value :  1.00000e-02
 Reference value :  1.01158e+08
No. of Data Rows : 4401
Doing analysis at TEMP = -40.000000 and TNOM = 27.000000

Using SPARSE 1.3 as Direct Linear Solver
 Reference value :  1.00000e-02
 Reference value :  1.31069e+08
No. of Data Rows : 4401
dcg                 =  1.35014e+02
f0                  =  9.27233e+02
phx                 =  -1.69187e+02
f180                =  4.27609e+05
gmx                 =  -7.80030e+01
 meas ac f0r when tdb=0 rise=1 failed!

tres                =  -8.95575e-01 at=  9.77237e+02
ROW iload_a=0 ceff_f=4.7e-06 esr_ohm=0.001 vout_v=1.7994 dcgain_db=135.014 f0_hz=927.233 phase_at_f0_deg=-169.187 f180_hz=427609 gain_at_f180_db=-78.003 f0_rising_hz= resurgence_db=-0.895575
Doing analysis at TEMP = -40.000000 and TNOM = 27.000000

Using SPARSE 1.3 as Direct Linear Solver
 Reference value :  0.00000e+00
No. of Data Rows : 1
Doing analysis at TEMP = -40.000000 and TNOM = 27.000000

Using SPARSE 1.3 as Direct Linear Solver
 Reference value :  1.00000e-02
 Reference value :  5.72137e+07
No. of Data Rows : 4401
Doing analysis at TEMP = -40.000000 and TNOM = 27.000000

Using SPARSE 1.3 as Direct Linear Solver
 Reference value :  1.00000e-02
 Reference value :  1.13501e+08
No. of Data Rows : 4401
dcg                 =  1.35014e+02
f0                  =  9.27225e+02
phx                 =  -1.69116e+02
f180                =  6.89697e+06
gmx                 =  -7.66889e+01
 meas ac f0r when tdb=0 rise=1 failed!

tres                =  -8.95751e-01 at=  9.77237e+02
ROW iload_a=0 ceff_f=4.7e-06 esr_ohm=0.05 vout_v=1.7994 dcgain_db=135.014 f0_hz=927.225 phase_at_f0_deg=-169.116 f180_hz=6.89697E+06 gain_at_f180_db=-76.6889 f0_rising_hz= resurgence_db=-0.895751
Doing analysis at TEMP = -40.000000 and TNOM = 27.000000

Using SPARSE 1.3 as Direct Linear Solver
 Reference value :  0.00000e+00
No. of Data Rows : 1
Doing analysis at TEMP = -40.000000 and TNOM = 27.000000

Using SPARSE 1.3 as Direct Linear Solver
 Reference value :  1.00000e-02
 Reference value :  3.67282e+07
No. of Data Rows : 4401
Doing analysis at TEMP = -40.000000 and TNOM = 27.000000

Using SPARSE 1.3 as Direct Linear Solver
 Reference value :  1.00000e-02
 Reference value :  1.62181e+08
No. of Data Rows : 4401
dcg                 =  1.35014e+02
f0                  =  9.27240e+02
phx                 =  -1.68875e+02
f180                =  6.72130e+06
gmx                 =  -7.67039e+01
 meas ac f0r when tdb=0 rise=1 failed!

tres                =  -8.95434e-01 at=  9.77237e+02
ROW iload_a=0 ceff_f=4.7e-06 esr_ohm=0.2 vout_v=1.7994 dcgain_db=135.014 f0_hz=927.24 phase_at_f0_deg=-168.875 f180_hz=6.7213E+06 gain_at_f180_db=-76.7039 f0_rising_hz= resurgence_db=-0.895434
Doing analysis at TEMP = -40.000000 and TNOM = 27.000000

Using SPARSE 1.3 as Direct Linear Solver
 Reference value :  0.00000e+00
No. of Data Rows : 1
Doing analysis at TEMP = -40.000000 and TNOM = 27.000000

Using SPARSE 1.3 as Direct Linear Solver
 Reference value :  1.00000e-02
 Reference value :  6.68344e+07
No. of Data Rows : 4401
Doing analysis at TEMP = -40.000000 and TNOM = 27.000000

Using SPARSE 1.3 as Direct Linear Solver
 Reference value :  1.00000e-02
 Reference value :  4.84172e+07
No. of Data Rows : 4401
dcg                 =  1.35014e+02
f0                  =  9.27268e+02
phx                 =  -1.68410e+02
f180                =  6.36650e+06
gmx                 =  -7.66546e+01
 meas ac f0r when tdb=0 rise=1 failed!

tres                =  -8.94861e-01 at=  9.77237e+02
ROW iload_a=0 ceff_f=4.7e-06 esr_ohm=0.5 vout_v=1.7994 dcgain_db=135.014 f0_hz=927.268 phase_at_f0_deg=-168.41 f180_hz=6.3665E+06 gain_at_f180_db=-76.6546 f0_rising_hz= resurgence_db=-0.894861
Doing analysis at TEMP = -40.000000 and TNOM = 27.000000

Using SPARSE 1.3 as Direct Linear Solver
 Reference value :  0.00000e+00
No. of Data Rows : 1
Doing analysis at TEMP = -40.000000 and TNOM = 27.000000

Using SPARSE 1.3 as Direct Linear Solver
 Reference value :  1.00000e-02
 Reference value :  1.07771e+08
No. of Data Rows : 4401
Doing analysis at TEMP = -40.000000 and TNOM = 27.000000

Using SPARSE 1.3 as Direct Linear Solver
 Reference value :  1.00000e-02
 Reference value :  1.63117e+07
No. of Data Rows : 4401
dcg                 =  1.45099e+02
f0                  =  1.34985e+05
phx                 =  -1.32824e+02
f180                =  5.12315e+05
gmx                 =  -1.96988e+01
 meas ac f0r when tdb=0 rise=1 failed!

tres                =  -6.16560e-01 at=  1.42069e+05
ROW iload_a=0.0001 ceff_f=3.3e-07 esr_ohm=0.001 vout_v=1.7994 dcgain_db=145.099 f0_hz=134986 phase_at_f0_deg=-132.824 f180_hz=512315 gain_at_f180_db=-19.6988 f0_rising_hz= resurgence_db=-0.61656
Doing analysis at TEMP = -40.000000 and TNOM = 27.000000

Using SPARSE 1.3 as Direct Linear Solver
 Reference value :  0.00000e+00
No. of Data Rows : 1
Doing analysis at TEMP = -40.000000 and TNOM = 27.000000

Using SPARSE 1.3 as Direct Linear Solver
 Reference value :  1.00000e-02
 Reference value :  2.12569e+07
No. of Data Rows : 4401
Doing analysis at TEMP = -40.000000 and TNOM = 27.000000

Using SPARSE 1.3 as Direct Linear Solver
 Reference value :  1.00000e-02
 Reference value :  3.93550e+07
No. of Data Rows : 4401
dcg                 =  1.45099e+02
f0                  =  1.34995e+05
phx                 =  -1.32040e+02
f180                =  5.62656e+05
gmx                 =  -2.12656e+01
 meas ac f0r when tdb=0 rise=1 failed!

tres                =  -6.15634e-01 at=  1.42069e+05
ROW iload_a=0.0001 ceff_f=3.3e-07 esr_ohm=0.05 vout_v=1.7994 dcgain_db=145.099 f0_hz=134995 phase_at_f0_deg=-132.04 f180_hz=562656 gain_at_f180_db=-21.2656 f0_rising_hz= resurgence_db=-0.615634
Doing analysis at TEMP = -40.000000 and TNOM = 27.000000

Using SPARSE 1.3 as Direct Linear Solver
 Reference value :  0.00000e+00
No. of Data Rows : 1
Doing analysis at TEMP = -40.000000 and TNOM = 27.000000

Using SPARSE 1.3 as Direct Linear Solver
 Reference value :  1.00000e-02
 Reference value :  2.80221e+07
No. of Data Rows : 4401
Doing analysis at TEMP = -40.000000 and TNOM = 27.000000

Using SPARSE 1.3 as Direct Linear Solver
 Reference value :  1.00000e-02
 Reference value :  6.02560e+08
No. of Data Rows : 4401
dcg                 =  1.45099e+02
f0                  =  1.34044e+05
phx                 =  -1.29933e+02
f180                =  8.61981e+05
gmx                 =  -2.83443e+01
 meas ac f0r when tdb=0 rise=1 failed!

tres                =  -6.32054e-01 at=  1.41254e+05
ROW iload_a=0.0001 ceff_f=3.3e-07 esr_ohm=0.2 vout_v=1.7994 dcgain_db=145.099 f0_hz=134044 phase_at_f0_deg=-129.933 f180_hz=861981 gain_at_f180_db=-28.3443 f0_rising_hz= resurgence_db=-0.632054
Doing analysis at TEMP = -40.000000 and TNOM = 27.000000

Using SPARSE 1.3 as Direct Linear Solver
 Reference value :  0.00000e+00
No. of Data Rows : 1
Doing analysis at TEMP = -40.000000 and TNOM = 27.000000

Using SPARSE 1.3 as Direct Linear Solver
 Reference value :  1.00000e-02
 Reference value :  3.65174e+08
No. of Data Rows : 4401
Doing analysis at TEMP = -40.000000 and TNOM = 27.000000

Using SPARSE 1.3 as Direct Linear Solver
 Reference value :  1.00000e-02
 Reference value :  3.36899e+07
No. of Data Rows : 4401
dcg                 =  1.45099e+02
f0                  =  1.35953e+05
phx                 =  -1.25064e+02
f180                =  2.01096e+06
gmx                 =  -3.73854e+01
 meas ac f0r when tdb=0 rise=1 failed!

tres                =  -5.92666e-01 at=  1.42889e+05
ROW iload_a=0.0001 ceff_f=3.3e-07 esr_ohm=0.5 vout_v=1.7994 dcgain_db=145.099 f0_hz=135953 phase_at_f0_deg=-125.064 f180_hz=2.01096E+06 gain_at_f180_db=-37.3854 f0_rising_hz= resurgence_db=-0.592666
Doing analysis at TEMP = -40.000000 and TNOM = 27.000000

Using SPARSE 1.3 as Direct Linear Solver
 Reference value :  0.00000e+00
No. of Data Rows : 1
Doing analysis at TEMP = -40.000000 and TNOM = 27.000000

Using SPARSE 1.3 as Direct Linear Solver
 Reference value :  1.00000e-02
 Reference value :  2.39883e+07
No. of Data Rows : 4401
Doing analysis at TEMP = -40.000000 and TNOM = 27.000000

Using SPARSE 1.3 as Direct Linear Solver
 Reference value :  1.00000e-02
 Reference value :  2.22587e+07
No. of Data Rows : 4401
dcg                 =  1.45099e+02
f0                  =  5.04931e+04
phx                 =  -1.08054e+02
f180                =  5.14164e+05
gmx                 =  -2.93895e+01
 meas ac f0r when tdb=0 rise=1 failed!

tres                =  -4.14383e-01 at=  5.30884e+04
ROW iload_a=0.0001 ceff_f=1e-06 esr_ohm=0.001 vout_v=1.7994 dcgain_db=145.099 f0_hz=50493.1 phase_at_f0_deg=-108.054 f180_hz=514164 gain_at_f180_db=-29.3895 f0_rising_hz= resurgence_db=-0.414383
Doing analysis at TEMP = -40.000000 and TNOM = 27.000000

Using SPARSE 1.3 as Direct Linear Solver
 Reference value :  0.00000e+00
No. of Data Rows : 1
Doing analysis at TEMP = -40.000000 and TNOM = 27.000000

Using SPARSE 1.3 as Direct Linear Solver
 Reference value :  1.00000e-02
 Reference value :  3.10814e+07
No. of Data Rows : 4401
Doing analysis at TEMP = -40.000000 and TNOM = 27.000000

Using SPARSE 1.3 as Direct Linear Solver
 Reference value :  1.00000e-02
 Reference value :  4.51856e+07
No. of Data Rows : 4401
dcg                 =  1.45099e+02
f0                  =  5.04997e+04
phx                 =  -1.07165e+02
f180                =  7.33578e+05
gmx                 =  -3.52452e+01
 meas ac f0r when tdb=0 rise=1 failed!

tres                =  -4.13193e-01 at=  5.30884e+04
ROW iload_a=0.0001 ceff_f=1e-06 esr_ohm=0.05 vout_v=1.7994 dcgain_db=145.099 f0_hz=50499.7 phase_at_f0_deg=-107.165 f180_hz=733578 gain_at_f180_db=-35.2452 f0_rising_hz= resurgence_db=-0.413194
Doing analysis at TEMP = -40.000000 and TNOM = 27.000000

Using SPARSE 1.3 as Direct Linear Solver
 Reference value :  0.00000e+00
No. of Data Rows : 1
Doing analysis at TEMP = -40.000000 and TNOM = 27.000000

Using SPARSE 1.3 as Direct Linear Solver
 Reference value :  1.00000e-02
 Reference value :  3.29230e+07
No. of Data Rows : 4401
Doing analysis at TEMP = -40.000000 and TNOM = 27.000000

Using SPARSE 1.3 as Direct Linear Solver
 Reference value :  1.00000e-02
No. of Data Rows : 4401
dcg                 =  1.45099e+02
f0                  =  5.02977e+04
phx                 =  -1.04731e+02
f180                =  2.20030e+06
gmx                 =  -4.70554e+01
 meas ac f0r when tdb=0 rise=1 failed!

tres                =  -4.45705e-01 at=  5.30884e+04
ROW iload_a=0.0001 ceff_f=1e-06 esr_ohm=0.2 vout_v=1.7994 dcgain_db=145.099 f0_hz=50297.7 phase_at_f0_deg=-104.731 f180_hz=2.2003E+06 gain_at_f180_db=-47.0554 f0_rising_hz= resurgence_db=-0.445705
Doing analysis at TEMP = -40.000000 and TNOM = 27.000000

Using SPARSE 1.3 as Direct Linear Solver
 Reference value :  0.00000e+00
No. of Data Rows : 1
Doing analysis at TEMP = -40.000000 and TNOM = 27.000000

Using SPARSE 1.3 as Direct Linear Solver
 Reference value :  1.00000e-02
 Reference value :  8.75992e+07
No. of Data Rows : 4401
Doing analysis at TEMP = -40.000000 and TNOM = 27.000000

Using SPARSE 1.3 as Direct Linear Solver
 Reference value :  1.00000e-02
 Reference value :  4.14477e+07
No. of Data Rows : 4401
dcg                 =  1.45099e+02
f0                  =  5.11762e+04
phx                 =  -9.91039e+01
f180                =  2.58100e+06
gmx                 =  -4.14974e+01
 meas ac f0r when tdb=0 rise=1 failed!

tres                =  -4.35136e-01 at=  5.40132e+04
ROW iload_a=0.0001 ceff_f=1e-06 esr_ohm=0.5 vout_v=1.7994 dcgain_db=145.099 f0_hz=51176.2 phase_at_f0_deg=-99.1039 f180_hz=2.581E+06 gain_at_f180_db=-41.4974 f0_rising_hz= resurgence_db=-0.435136
Doing analysis at TEMP = -40.000000 and TNOM = 27.000000

Using SPARSE 1.3 as Direct Linear Solver
 Reference value :  0.00000e+00
No. of Data Rows : 1
Doing analysis at TEMP = -40.000000 and TNOM = 27.000000

Using SPARSE 1.3 as Direct Linear Solver
 Reference value :  1.00000e-02
 Reference value :  2.58523e+07
No. of Data Rows : 4401
Doing analysis at TEMP = -40.000000 and TNOM = 27.000000

Using SPARSE 1.3 as Direct Linear Solver
 Reference value :  1.00000e-02
 Reference value :  3.23594e+07
No. of Data Rows : 4401
dcg                 =  1.45098e+02
f0                  =  1.11228e+04
phx                 =  -1.23047e+02
f180                =  5.24854e+05
gmx                 =  -4.31816e+01
 meas ac f0r when tdb=0 rise=1 failed!

tres                =  -5.34978e-01 at=  1.16815e+04
ROW iload_a=0.0001 ceff_f=4.7e-06 esr_ohm=0.001 vout_v=1.7994 dcgain_db=145.098 f0_hz=11122.7 phase_at_f0_deg=-123.047 f180_hz=524854 gain_at_f180_db=-43.1816 f0_rising_hz= resurgence_db=-0.534978
Doing analysis at TEMP = -40.000000 and TNOM = 27.000000

Using SPARSE 1.3 as Direct Linear Solver
 Reference value :  0.00000e+00
No. of Data Rows : 1
Doing analysis at TEMP = -40.000000 and TNOM = 27.000000

Using SPARSE 1.3 as Direct Linear Solver
 Reference value :  1.00000e-02
 Reference value :  1.19536e+07
No. of Data Rows : 4401
Doing analysis at TEMP = -40.000000 and TNOM = 27.000000

Using SPARSE 1.3 as Direct Linear Solver
 Reference value :  1.00000e-02
 Reference value :  3.21736e+07
No. of Data Rows : 4401
dcg                 =  1.45098e+02
f0                  =  1.11239e+04
phx                 =  -1.22122e+02
f180                =  2.45079e+06
gmx                 =  -6.04788e+01
 meas ac f0r when tdb=0 rise=1 failed!

tres                =  -5.33705e-01 at=  1.16815e+04
ROW iload_a=0.0001 ceff_f=4.7e-06 esr_ohm=0.05 vout_v=1.7994 dcgain_db=145.098 f0_hz=11123.9 phase_at_f0_deg=-122.122 f180_hz=2.45079E+06 gain_at_f180_db=-60.4788 f0_rising_hz= resurgence_db=-0.533705
Doing analysis at TEMP = -40.000000 and TNOM = 27.000000

Using SPARSE 1.3 as Direct Linear Solver
 Reference value :  0.00000e+00
No. of Data Rows : 1
Doing analysis at TEMP = -40.000000 and TNOM = 27.000000

Using SPARSE 1.3 as Direct Linear Solver
 Reference value :  1.00000e-02
 Reference value :  7.45590e+07
No. of Data Rows : 4401
Doing analysis at TEMP = -40.000000 and TNOM = 27.000000

Using SPARSE 1.3 as Direct Linear Solver
 Reference value :  1.00000e-02
 Reference value :  2.81838e+07
No. of Data Rows : 4401
dcg                 =  1.45098e+02
f0                  =  1.11151e+04
phx                 =  -1.19509e+02
f180                =  2.73890e+06
gmx                 =  -5.05123e+01
 meas ac f0r when tdb=0 rise=1 failed!

tres                =  -5.41438e-01 at=  1.16815e+04
ROW iload_a=0.0001 ceff_f=4.7e-06 esr_ohm=0.2 vout_v=1.7994 dcgain_db=145.098 f0_hz=11115.1 phase_at_f0_deg=-119.509 f180_hz=2.7389E+06 gain_at_f180_db=-50.5123 f0_rising_hz= resurgence_db=-0.541438
Doing analysis at TEMP = -40.000000 and TNOM = 27.000000

Using SPARSE 1.3 as Direct Linear Solver
 Reference value :  0.00000e+00
No. of Data Rows : 1
Doing analysis at TEMP = -40.000000 and TNOM = 27.000000

Using SPARSE 1.3 as Direct Linear Solver
 Reference value :  1.00000e-02
No. of Data Rows : 4401
Doing analysis at TEMP = -40.000000 and TNOM = 27.000000

Using SPARSE 1.3 as Direct Linear Solver
 Reference value :  1.00000e-02
 Reference value :  2.35776e+07
No. of Data Rows : 4401
dcg                 =  1.45098e+02
f0                  =  1.12426e+04
phx                 =  -1.13359e+02
f180                =  2.76763e+06
gmx                 =  -4.25776e+01
 meas ac f0r when tdb=0 rise=1 failed!

tres                =  -5.29102e-01 at=  1.18168e+04
ROW iload_a=0.0001 ceff_f=4.7e-06 esr_ohm=0.5 vout_v=1.7994 dcgain_db=145.098 f0_hz=11242.6 phase_at_f0_deg=-113.359 f180_hz=2.76763E+06 gain_at_f180_db=-42.5776 f0_rising_hz= resurgence_db=-0.529103
Doing analysis at TEMP = -40.000000 and TNOM = 27.000000

Using SPARSE 1.3 as Direct Linear Solver
 Reference value :  0.00000e+00
No. of Data Rows : 1
Doing analysis at TEMP = -40.000000 and TNOM = 27.000000

Using SPARSE 1.3 as Direct Linear Solver
 Reference value :  1.00000e-02
 Reference value :  1.93865e+07
No. of Data Rows : 4401
Doing analysis at TEMP = -40.000000 and TNOM = 27.000000

Using SPARSE 1.3 as Direct Linear Solver
 Reference value :  1.00000e-02
 Reference value :  3.75837e+07
No. of Data Rows : 4401
dcg                 =  1.45403e+02
f0                  =  3.47398e+05
phx                 =  -1.36899e+02
f180                =  8.22190e+05
gmx                 =  -1.13365e+01
 meas ac f0r when tdb=0 rise=1 failed!

tres                =  -5.57606e-01 at=  3.65174e+05
ROW iload_a=0.001 ceff_f=3.3e-07 esr_ohm=0.001 vout_v=1.7994 dcgain_db=145.403 f0_hz=347398 phase_at_f0_deg=-136.899 f180_hz=822190 gain_at_f180_db=-11.3365 f0_rising_hz= resurgence_db=-0.557606
Doing analysis at TEMP = -40.000000 and TNOM = 27.000000

Using SPARSE 1.3 as Direct Linear Solver
 Reference value :  0.00000e+00
No. of Data Rows : 1
Doing analysis at TEMP = -40.000000 and TNOM = 27.000000

Using SPARSE 1.3 as Direct Linear Solver
 Reference value :  1.00000e-02
 Reference value :  9.17276e+07
No. of Data Rows : 4401
Doing analysis at TEMP = -40.000000 and TNOM = 27.000000

Using SPARSE 1.3 as Direct Linear Solver
 Reference value :  1.00000e-02
 Reference value :  6.49382e+07
No. of Data Rows : 4401
dcg                 =  1.45403e+02
f0                  =  3.47572e+05
phx                 =  -1.34897e+02
f180                =  8.94804e+05
gmx                 =  -1.26395e+01
 meas ac f0r when tdb=0 rise=1 failed!

tres                =  -5.51472e-01 at=  3.65174e+05
ROW iload_a=0.001 ceff_f=3.3e-07 esr_ohm=0.05 vout_v=1.7994 dcgain_db=145.403 f0_hz=347572 phase_at_f0_deg=-134.897 f180_hz=894804 gain_at_f180_db=-12.6395 f0_rising_hz= resurgence_db=-0.551472
Doing analysis at TEMP = -40.000000 and TNOM = 27.000000

Using SPARSE 1.3 as Direct Linear Solver
 Reference value :  0.00000e+00
No. of Data Rows : 1
Doing analysis at TEMP = -40.000000 and TNOM = 27.000000

Using SPARSE 1.3 as Direct Linear Solver
 Reference value :  1.00000e-02
 Reference value :  4.34010e+07
No. of Data Rows : 4401
Doing analysis at TEMP = -40.000000 and TNOM = 27.000000

Using SPARSE 1.3 as Direct Linear Solver
 Reference value :  1.00000e-02
 Reference value :  3.58922e+07
No. of Data Rows : 4401
dcg                 =  1.45403e+02
f0                  =  3.50238e+05
phx                 =  -1.28993e+02
f180                =  1.25029e+06
gmx                 =  -1.73874e+01
 meas ac f0r when tdb=0 rise=1 failed!

tres                =  -5.87255e-01 at=  3.69403e+05
ROW iload_a=0.001 ceff_f=3.3e-07 esr_ohm=0.2 vout_v=1.7994 dcgain_db=145.403 f0_hz=350238 phase_at_f0_deg=-128.993 f180_hz=1.25028E+06 gain_at_f180_db=-17.3874 f0_rising_hz= resurgence_db=-0.587255
Doing analysis at TEMP = -40.000000 and TNOM = 27.000000

Using SPARSE 1.3 as Direct Linear Solver
 Reference value :  0.00000e+00
No. of Data Rows : 1
Doing analysis at TEMP = -40.000000 and TNOM = 27.000000

Using SPARSE 1.3 as Direct Linear Solver
 Reference value :  1.00000e-02
 Reference value :  3.34965e+07
No. of Data Rows : 4401
Doing analysis at TEMP = -40.000000 and TNOM = 27.000000

Using SPARSE 1.3 as Direct Linear Solver
 Reference value :  1.00000e-02
 Reference value :  5.27837e+08
No. of Data Rows : 4401
dcg                 =  1.45403e+02
f0                  =  3.66010e+05
phx                 =  -1.18216e+02
f180                =  2.05087e+06
gmx                 =  -2.09663e+01
 meas ac f0r when tdb=0 rise=1 failed!

tres                =  -5.07198e-01 at=  3.84592e+05
ROW iload_a=0.001 ceff_f=3.3e-07 esr_ohm=0.5 vout_v=1.7994 dcgain_db=145.403 f0_hz=366010 phase_at_f0_deg=-118.216 f180_hz=2.05087E+06 gain_at_f180_db=-20.9663 f0_rising_hz= resurgence_db=-0.507198
Doing analysis at TEMP = -40.000000 and TNOM = 27.000000

Using SPARSE 1.3 as Direct Linear Solver
 Reference value :  0.00000e+00
No. of Data Rows : 1
Doing analysis at TEMP = -40.000000 and TNOM = 27.000000

Using SPARSE 1.3 as Direct Linear Solver
 Reference value :  1.00000e-02
 Reference value :  1.18850e+08
No. of Data Rows : 4401
Doing analysis at TEMP = -40.000000 and TNOM = 27.000000

Using SPARSE 1.3 as Direct Linear Solver
 Reference value :  1.00000e-02
 Reference value :  7.76247e+07
No. of Data Rows : 4401
dcg                 =  1.45403e+02
f0                  =  1.29217e+05
phx                 =  -1.12229e+02
f180                =  8.24885e+05
gmx                 =  -2.10161e+01
 meas ac f0r when tdb=0 rise=1 failed!

tres                =  -4.83945e-01 at=  1.36458e+05
ROW iload_a=0.001 ceff_f=1e-06 esr_ohm=0.001 vout_v=1.7994 dcgain_db=145.403 f0_hz=129217 phase_at_f0_deg=-112.229 f180_hz=824885 gain_at_f180_db=-21.0161 f0_rising_hz= resurgence_db=-0.483945
Doing analysis at TEMP = -40.000000 and TNOM = 27.000000

Using SPARSE 1.3 as Direct Linear Solver
 Reference value :  0.00000e+00
No. of Data Rows : 1
Doing analysis at TEMP = -40.000000 and TNOM = 27.000000

Using SPARSE 1.3 as Direct Linear Solver
 Reference value :  1.00000e-02
 Reference value :  4.07380e+08
No. of Data Rows : 4401
Doing analysis at TEMP = -40.000000 and TNOM = 27.000000

Using SPARSE 1.3 as Direct Linear Solver
 Reference value :  1.00000e-02
 Reference value :  2.30409e+07
No. of Data Rows : 4401
dcg                 =  1.45403e+02
f0                  =  1.29320e+05
phx                 =  -1.09959e+02
f180                =  1.10952e+06
gmx                 =  -2.54176e+01
 meas ac f0r when tdb=0 rise=1 failed!

tres                =  -4.76094e-01 at=  1.36458e+05
ROW iload_a=0.001 ceff_f=1e-06 esr_ohm=0.05 vout_v=1.7994 dcgain_db=145.403 f0_hz=129320 phase_at_f0_deg=-109.959 f180_hz=1.10952E+06 gain_at_f180_db=-25.4176 f0_rising_hz= resurgence_db=-0.476094
Doing analysis at TEMP = -40.000000 and TNOM = 27.000000

Using SPARSE 1.3 as Direct Linear Solver
 Reference value :  0.00000e+00
No. of Data Rows : 1
Doing analysis at TEMP = -40.000000 and TNOM = 27.000000

Using SPARSE 1.3 as Direct Linear Solver
 Reference value :  1.00000e-02
 Reference value :  3.67282e+07
No. of Data Rows : 4401
Doing analysis at TEMP = -40.000000 and TNOM = 27.000000

Using SPARSE 1.3 as Direct Linear Solver
 Reference value :  1.00000e-02
 Reference value :  5.95662e+07
No. of Data Rows : 4401
dcg                 =  1.45403e+02
f0                  =  1.30914e+05
phx                 =  -1.03096e+02
f180                =  2.18787e+06
gmx                 =  -3.01395e+01
 meas ac f0r when tdb=0 rise=1 failed!

tres                =  -4.58315e-01 at=  1.38038e+05
ROW iload_a=0.001 ceff_f=1e-06 esr_ohm=0.2 vout_v=1.7994 dcgain_db=145.403 f0_hz=130914 phase_at_f0_deg=-103.096 f180_hz=2.18787E+06 gain_at_f180_db=-30.1395 f0_rising_hz= resurgence_db=-0.458315
Doing analysis at TEMP = -40.000000 and TNOM = 27.000000

Using SPARSE 1.3 as Direct Linear Solver
 Reference value :  0.00000e+00
No. of Data Rows : 1
Doing analysis at TEMP = -40.000000 and TNOM = 27.000000

Using SPARSE 1.3 as Direct Linear Solver
 Reference value :  1.00000e-02
 Reference value :  1.62181e+07
No. of Data Rows : 4401
Doing analysis at TEMP = -40.000000 and TNOM = 27.000000

Using SPARSE 1.3 as Direct Linear Solver
 Reference value :  1.00000e-02
 Reference value :  1.05925e+08
No. of Data Rows : 4401
dcg                 =  1.45403e+02
f0                  =  1.41013e+05
phx                 =  -8.95451e+01
f180                =  2.54841e+06
gmx                 =  -2.49083e+01
 meas ac f0r when tdb=0 rise=1 failed!

tres                =  -4.01023e-01 at=  1.48765e+05
ROW iload_a=0.001 ceff_f=1e-06 esr_ohm=0.5 vout_v=1.7994 dcgain_db=145.403 f0_hz=141012 phase_at_f0_deg=-89.545 f180_hz=2.54841E+06 gain_at_f180_db=-24.9083 f0_rising_hz= resurgence_db=-0.401023
Doing analysis at TEMP = -40.000000 and TNOM = 27.000000

Using SPARSE 1.3 as Direct Linear Solver
 Reference value :  0.00000e+00
No. of Data Rows : 1
Doing analysis at TEMP = -40.000000 and TNOM = 27.000000

Using SPARSE 1.3 as Direct Linear Solver
 Reference value :  1.00000e-02
 Reference value :  7.94328e+07
No. of Data Rows : 4401
Doing analysis at TEMP = -40.000000 and TNOM = 27.000000

Using SPARSE 1.3 as Direct Linear Solver
 Reference value :  1.00000e-02
 Reference value :  2.83465e+07
No. of Data Rows : 4401
dcg                 =  1.45403e+02
f0                  =  2.90708e+04
phx                 =  -1.23857e+02
f180                =  8.40473e+05
gmx                 =  -3.47523e+01
 meas ac f0r when tdb=0 rise=1 failed!

tres                =  -5.32564e-01 at=  3.05492e+04
ROW iload_a=0.001 ceff_f=4.7e-06 esr_ohm=0.001 vout_v=1.7994 dcgain_db=145.403 f0_hz=29070.8 phase_at_f0_deg=-123.857 f180_hz=840473 gain_at_f180_db=-34.7523 f0_rising_hz= resurgence_db=-0.532564
Doing analysis at TEMP = -40.000000 and TNOM = 27.000000

Using SPARSE 1.3 as Direct Linear Solver
 Reference value :  0.00000e+00
No. of Data Rows : 1
Doing analysis at TEMP = -40.000000 and TNOM = 27.000000

Using SPARSE 1.3 as Direct Linear Solver
 Reference value :  1.00000e-02
 Reference value :  6.49382e+07
No. of Data Rows : 4401
Doing analysis at TEMP = -40.000000 and TNOM = 27.000000

Using SPARSE 1.3 as Direct Linear Solver
 Reference value :  1.00000e-02
 Reference value :  2.29087e+07
No. of Data Rows : 4401
dcg                 =  1.45403e+02
f0                  =  2.90919e+04
phx                 =  -1.21426e+02
f180                =  2.29583e+06
gmx                 =  -4.30395e+01
 meas ac f0r when tdb=0 rise=1 failed!

tres                =  -5.23870e-01 at=  3.05492e+04
ROW iload_a=0.001 ceff_f=4.7e-06 esr_ohm=0.05 vout_v=1.7994 dcgain_db=145.403 f0_hz=29091.9 phase_at_f0_deg=-121.426 f180_hz=2.29583E+06 gain_at_f180_db=-43.0395 f0_rising_hz= resurgence_db=-0.52387
Doing analysis at TEMP = -40.000000 and TNOM = 27.000000

Using SPARSE 1.3 as Direct Linear Solver
 Reference value :  0.00000e+00
No. of Data Rows : 1
Doing analysis at TEMP = -40.000000 and TNOM = 27.000000

Using SPARSE 1.3 as Direct Linear Solver
 Reference value :  1.00000e-02
 Reference value :  3.50752e+07
No. of Data Rows : 4401
Doing analysis at TEMP = -40.000000 and TNOM = 27.000000

Using SPARSE 1.3 as Direct Linear Solver
 Reference value :  1.00000e-02
 Reference value :  1.93865e+07
No. of Data Rows : 4401
dcg                 =  1.45403e+02
f0                  =  2.94182e+04
phx                 =  -1.13724e+02
f180                =  2.65892e+06
gmx                 =  -3.35749e+01
 meas ac f0r when tdb=0 rise=1 failed!

tres                =  -5.12616e-01 at=  3.09030e+04
ROW iload_a=0.001 ceff_f=4.7e-06 esr_ohm=0.2 vout_v=1.7994 dcgain_db=145.403 f0_hz=29418.2 phase_at_f0_deg=-113.724 f180_hz=2.65892E+06 gain_at_f180_db=-33.5749 f0_rising_hz= resurgence_db=-0.512616
Doing analysis at TEMP = -40.000000 and TNOM = 27.000000

Using SPARSE 1.3 as Direct Linear Solver
 Reference value :  0.00000e+00
No. of Data Rows : 1
Doing analysis at TEMP = -40.000000 and TNOM = 27.000000

Using SPARSE 1.3 as Direct Linear Solver
 Reference value :  1.00000e-02
 Reference value :  2.86748e+07
No. of Data Rows : 4401
Doing analysis at TEMP = -40.000000 and TNOM = 27.000000

Using SPARSE 1.3 as Direct Linear Solver
 Reference value :  1.00000e-02
 Reference value :  7.98914e+07
No. of Data Rows : 4401
dcg                 =  1.45403e+02
f0                  =  3.14779e+04
phx                 =  -9.68495e+01
f180                =  2.72395e+06
gmx                 =  -2.60269e+01
 meas ac f0r when tdb=0 rise=1 failed!

tres                =  -4.42552e-01 at=  3.31131e+04
ROW iload_a=0.001 ceff_f=4.7e-06 esr_ohm=0.5 vout_v=1.7994 dcgain_db=145.403 f0_hz=31477.9 phase_at_f0_deg=-96.8495 f180_hz=2.72395E+06 gain_at_f180_db=-26.0269 f0_rising_hz= resurgence_db=-0.442552
Doing analysis at TEMP = -40.000000 and TNOM = 27.000000

Using SPARSE 1.3 as Direct Linear Solver
 Reference value :  0.00000e+00
No. of Data Rows : 1
Doing analysis at TEMP = -40.000000 and TNOM = 27.000000

Using SPARSE 1.3 as Direct Linear Solver
 Reference value :  1.00000e-02
 Reference value :  1.79887e+07
No. of Data Rows : 4401
Doing analysis at TEMP = -40.000000 and TNOM = 27.000000

Using SPARSE 1.3 as Direct Linear Solver
 Reference value :  1.00000e-02
 Reference value :  1.63117e+07
No. of Data Rows : 4401
dcg                 =  1.43969e+02
f0                  =  6.13312e+05
phx                 =  -1.58653e+02
f180                =  8.93874e+05
gmx                 =  -5.28419e+00
 meas ac f0r when tdb=0 rise=1 failed!

tres                =  -6.70862e-01 at=  6.45654e+05
ROW iload_a=0.01 ceff_f=3.3e-07 esr_ohm=0.001 vout_v=1.7994 dcgain_db=143.969 f0_hz=613312 phase_at_f0_deg=-158.653 f180_hz=893874 gain_at_f180_db=-5.28419 f0_rising_hz= resurgence_db=-0.670862
Doing analysis at TEMP = -40.000000 and TNOM = 27.000000

Using SPARSE 1.3 as Direct Linear Solver
 Reference value :  0.00000e+00
No. of Data Rows : 1
Doing analysis at TEMP = -40.000000 and TNOM = 27.000000

Using SPARSE 1.3 as Direct Linear Solver
 Reference value :  1.00000e-02
 Reference value :  2.39883e+07
No. of Data Rows : 4401
Doing analysis at TEMP = -40.000000 and TNOM = 27.000000

Using SPARSE 1.3 as Direct Linear Solver
 Reference value :  1.00000e-02
 Reference value :  1.78855e+07
No. of Data Rows : 4401
dcg                 =  1.43969e+02
f0                  =  6.14131e+05
phx                 =  -1.55154e+02
f180                =  9.77491e+05
gmx                 =  -6.62863e+00
 meas ac f0r when tdb=0 rise=1 failed!

tres                =  -6.51791e-01 at=  6.45654e+05
ROW iload_a=0.01 ceff_f=3.3e-07 esr_ohm=0.05 vout_v=1.7994 dcgain_db=143.969 f0_hz=614132 phase_at_f0_deg=-155.154 f180_hz=977491 gain_at_f180_db=-6.62863 f0_rising_hz= resurgence_db=-0.651791
Doing analysis at TEMP = -40.000000 and TNOM = 27.000000

Using SPARSE 1.3 as Direct Linear Solver
 Reference value :  0.00000e+00
No. of Data Rows : 1
Doing analysis at TEMP = -40.000000 and TNOM = 27.000000

Using SPARSE 1.3 as Direct Linear Solver
 Reference value :  1.00000e-02
 Reference value :  8.03526e+06
No. of Data Rows : 4401
Doing analysis at TEMP = -40.000000 and TNOM = 27.000000

Using SPARSE 1.3 as Direct Linear Solver
 Reference value :  1.00000e-02
 Reference value :  1.57580e+07
No. of Data Rows : 4401
dcg                 =  1.43969e+02
f0                  =  6.26819e+05
phx                 =  -1.45286e+02
f180                =  1.38426e+06
gmx                 =  -1.13845e+01
 meas ac f0r when tdb=0 rise=1 failed!

tres                =  -6.63278e-01 at=  6.60693e+05
ROW iload_a=0.01 ceff_f=3.3e-07 esr_ohm=0.2 vout_v=1.7994 dcgain_db=143.969 f0_hz=626819 phase_at_f0_deg=-145.287 f180_hz=1.38426E+06 gain_at_f180_db=-11.3845 f0_rising_hz= resurgence_db=-0.663279
Doing analysis at TEMP = -40.000000 and TNOM = 27.000000

Using SPARSE 1.3 as Direct Linear Solver
 Reference value :  0.00000e+00
No. of Data Rows : 1
Doing analysis at TEMP = -40.000000 and TNOM = 27.000000

Using SPARSE 1.3 as Direct Linear Solver
 Reference value :  1.00000e-02
 Reference value :  2.48313e+07
No. of Data Rows : 4401
Doing analysis at TEMP = -40.000000 and TNOM = 27.000000

Using SPARSE 1.3 as Direct Linear Solver
 Reference value :  1.00000e-02
No. of Data Rows : 4401
dcg                 =  1.43969e+02
f0                  =  7.05115e+05
phx                 =  -1.30019e+02
f180                =  2.20253e+06
gmx                 =  -1.41343e+01
 meas ac f0r when tdb=0 rise=1 failed!

tres                =  -5.37574e-01 at=  7.41310e+05
ROW iload_a=0.01 ceff_f=3.3e-07 esr_ohm=0.5 vout_v=1.7994 dcgain_db=143.969 f0_hz=705115 phase_at_f0_deg=-130.019 f180_hz=2.20253E+06 gain_at_f180_db=-14.1343 f0_rising_hz= resurgence_db=-0.537574
Doing analysis at TEMP = -40.000000 and TNOM = 27.000000

Using SPARSE 1.3 as Direct Linear Solver
 Reference value :  0.00000e+00
No. of Data Rows : 1
Doing analysis at TEMP = -40.000000 and TNOM = 27.000000

Using SPARSE 1.3 as Direct Linear Solver
 Reference value :  1.00000e-02
 Reference value :  1.97242e+07
No. of Data Rows : 4401
Doing analysis at TEMP = -40.000000 and TNOM = 27.000000

Using SPARSE 1.3 as Direct Linear Solver
 Reference value :  1.00000e-02
 Reference value :  4.73151e+07
No. of Data Rows : 4401
dcg                 =  1.43969e+02
f0                  =  2.57705e+05
phx                 =  -1.27047e+02
f180                =  8.96748e+05
gmx                 =  -1.49565e+01
 meas ac f0r when tdb=0 rise=1 failed!

tres                =  -4.87126e-01 at=  2.70707e+05
ROW iload_a=0.01 ceff_f=1e-06 esr_ohm=0.001 vout_v=1.7994 dcgain_db=143.969 f0_hz=257705 phase_at_f0_deg=-127.047 f180_hz=896748 gain_at_f180_db=-14.9565 f0_rising_hz= resurgence_db=-0.487126
Doing analysis at TEMP = -40.000000 and TNOM = 27.000000

Using SPARSE 1.3 as Direct Linear Solver
 Reference value :  0.00000e+00
No. of Data Rows : 1
Doing analysis at TEMP = -40.000000 and TNOM = 27.000000

Using SPARSE 1.3 as Direct Linear Solver
 Reference value :  2.45471e-02
 Reference value :  3.05492e+07
No. of Data Rows : 4401
Doing analysis at TEMP = -40.000000 and TNOM = 27.000000

Using SPARSE 1.3 as Direct Linear Solver
 Reference value :  1.00000e-02
 Reference value :  2.35776e+07
No. of Data Rows : 4401
dcg                 =  1.43969e+02
f0                  =  2.58437e+05
phx                 =  -1.22561e+02
f180                =  1.22487e+06
gmx                 =  -1.94499e+01
 meas ac f0r when tdb=0 rise=1 failed!

tres                =  -5.13253e-01 at=  2.72270e+05
ROW iload_a=0.01 ceff_f=1e-06 esr_ohm=0.05 vout_v=1.7994 dcgain_db=143.969 f0_hz=258438 phase_at_f0_deg=-122.561 f180_hz=1.22487E+06 gain_at_f180_db=-19.4499 f0_rising_hz= resurgence_db=-0.513253
Doing analysis at TEMP = -40.000000 and TNOM = 27.000000

Using SPARSE 1.3 as Direct Linear Solver
 Reference value :  0.00000e+00
No. of Data Rows : 1
Doing analysis at TEMP = -40.000000 and TNOM = 27.000000

Using SPARSE 1.3 as Direct Linear Solver
 Reference value :  1.00000e-02
 Reference value :  2.81838e+07
No. of Data Rows : 4401
Doing analysis at TEMP = -40.000000 and TNOM = 27.000000

Using SPARSE 1.3 as Direct Linear Solver
 Reference value :  1.00000e-02
No. of Data Rows : 4401
dcg                 =  1.43969e+02
f0                  =  2.70298e+05
phx                 =  -1.09469e+02
f180                =  2.33654e+06
gmx                 =  -2.31850e+01
 meas ac f0r when tdb=0 rise=1 failed!

tres                =  -4.82339e-01 at=  2.85102e+05
ROW iload_a=0.01 ceff_f=1e-06 esr_ohm=0.2 vout_v=1.7994 dcgain_db=143.969 f0_hz=270298 phase_at_f0_deg=-109.469 f180_hz=2.33654E+06 gain_at_f180_db=-23.185 f0_rising_hz= resurgence_db=-0.482339
Doing analysis at TEMP = -40.000000 and TNOM = 27.000000

Using SPARSE 1.3 as Direct Linear Solver
 Reference value :  0.00000e+00
No. of Data Rows : 1
Doing analysis at TEMP = -40.000000 and TNOM = 27.000000

Using SPARSE 1.3 as Direct Linear Solver
 Reference value :  2.46888e+00
No. of Data Rows : 4401
Doing analysis at TEMP = -40.000000 and TNOM = 27.000000

Using SPARSE 1.3 as Direct Linear Solver
 Reference value :  1.00000e-02
No. of Data Rows : 4401
dcg                 =  1.43969e+02
f0                  =  3.70253e+05
phx                 =  -8.79664e+01
f180                =  2.69111e+06
gmx                 =  -1.77515e+01
 meas ac f0r when tdb=0 rise=1 failed!

tres                =  -2.82219e-01 at=  3.89045e+05
ROW iload_a=0.01 ceff_f=1e-06 esr_ohm=0.5 vout_v=1.7994 dcgain_db=143.969 f0_hz=370253 phase_at_f0_deg=-87.9664 f180_hz=2.69111E+06 gain_at_f180_db=-17.7515 f0_rising_hz= resurgence_db=-0.282219
Doing analysis at TEMP = -40.000000 and TNOM = 27.000000

Using SPARSE 1.3 as Direct Linear Solver
 Reference value :  0.00000e+00
No. of Data Rows : 1
Doing analysis at TEMP = -40.000000 and TNOM = 27.000000

Using SPARSE 1.3 as Direct Linear Solver
 Reference value :  4.24131e-02
No. of Data Rows : 4401
Doing analysis at TEMP = -40.000000 and TNOM = 27.000000

Using SPARSE 1.3 as Direct Linear Solver
 Reference value :  1.00000e-02
 Reference value :  4.07380e+07
No. of Data Rows : 4401
dcg                 =  1.43969e+02
f0                  =  6.40065e+04
phx                 =  -1.24006e+02
f180                =  9.14467e+05
gmx                 =  -2.86942e+01
 meas ac f0r when tdb=0 rise=1 failed!

tres                =  -5.07924e-01 at=  6.72202e+04
ROW iload_a=0.01 ceff_f=4.7e-06 esr_ohm=0.001 vout_v=1.7994 dcgain_db=143.969 f0_hz=64006.5 phase_at_f0_deg=-124.006 f180_hz=914467 gain_at_f180_db=-28.6942 f0_rising_hz= resurgence_db=-0.507924
Doing analysis at TEMP = -40.000000 and TNOM = 27.000000

Using SPARSE 1.3 as Direct Linear Solver
 Reference value :  0.00000e+00
No. of Data Rows : 1
Doing analysis at TEMP = -40.000000 and TNOM = 27.000000

Using SPARSE 1.3 as Direct Linear Solver
 Reference value :  1.00000e-02
 Reference value :  6.91831e+07
No. of Data Rows : 4401
Doing analysis at TEMP = -40.000000 and TNOM = 27.000000

Using SPARSE 1.3 as Direct Linear Solver
 Reference value :  1.00000e-02
 Reference value :  1.99526e+07
No. of Data Rows : 4401
dcg                 =  1.43969e+02
f0                  =  6.42416e+04
phx                 =  -1.18638e+02
f180                =  2.43411e+06
gmx                 =  -3.59574e+01
 meas ac f0r when tdb=0 rise=1 failed!

tres                =  -5.24761e-01 at=  6.76083e+04
ROW iload_a=0.01 ceff_f=4.7e-06 esr_ohm=0.05 vout_v=1.7994 dcgain_db=143.969 f0_hz=64241.6 phase_at_f0_deg=-118.638 f180_hz=2.43411E+06 gain_at_f180_db=-35.9574 f0_rising_hz= resurgence_db=-0.524761
Doing analysis at TEMP = -40.000000 and TNOM = 27.000000

Using SPARSE 1.3 as Direct Linear Solver
 Reference value :  0.00000e+00
No. of Data Rows : 1
Doing analysis at TEMP = -40.000000 and TNOM = 27.000000

Using SPARSE 1.3 as Direct Linear Solver
 Reference value :  1.00000e-02
 Reference value :  4.59727e+07
No. of Data Rows : 4401
Doing analysis at TEMP = -40.000000 and TNOM = 27.000000

Using SPARSE 1.3 as Direct Linear Solver
 Reference value :  1.00000e-02
 Reference value :  7.94328e+06
No. of Data Rows : 4401
dcg                 =  1.43969e+02
f0                  =  6.81531e+04
phx                 =  -1.01240e+02
f180                =  2.80014e+06
gmx                 =  -2.63613e+01
 meas ac f0r when tdb=0 rise=1 failed!

tres                =  -4.43072e-01 at=  7.16143e+04
ROW iload_a=0.01 ceff_f=4.7e-06 esr_ohm=0.2 vout_v=1.7994 dcgain_db=143.969 f0_hz=68153.1 phase_at_f0_deg=-101.24 f180_hz=2.80014E+06 gain_at_f180_db=-26.3612 f0_rising_hz= resurgence_db=-0.443072
Doing analysis at TEMP = -40.000000 and TNOM = 27.000000

Using SPARSE 1.3 as Direct Linear Solver
 Reference value :  0.00000e+00
No. of Data Rows : 1
Doing analysis at TEMP = -40.000000 and TNOM = 27.000000

Using SPARSE 1.3 as Direct Linear Solver
 Reference value :  1.00000e-02
 Reference value :  2.13796e+07
No. of Data Rows : 4401
Doing analysis at TEMP = -40.000000 and TNOM = 27.000000

Using SPARSE 1.3 as Direct Linear Solver
 Reference value :  1.00000e-02
No. of Data Rows : 4401
dcg                 =  1.43969e+02
f0                  =  1.19611e+05
phx                 =  -5.85333e+01
f180                =  2.86550e+06
gmx                 =  -1.87993e+01
 meas ac f0r when tdb=0 rise=1 failed!

tres                =  -1.42071e-01 at=  1.25893e+05
ROW iload_a=0.01 ceff_f=4.7e-06 esr_ohm=0.5 vout_v=1.7994 dcgain_db=143.969 f0_hz=119611 phase_at_f0_deg=-58.5332 f180_hz=2.8655E+06 gain_at_f180_db=-18.7993 f0_rising_hz= resurgence_db=-0.14207
Doing analysis at TEMP = -40.000000 and TNOM = 27.000000

Using SPARSE 1.3 as Direct Linear Solver
 Reference value :  0.00000e+00
No. of Data Rows : 1
Doing analysis at TEMP = -40.000000 and TNOM = 27.000000

Using SPARSE 1.3 as Direct Linear Solver
 Reference value :  2.70707e-01
No. of Data Rows : 4401
Doing analysis at TEMP = -40.000000 and TNOM = 27.000000

Using SPARSE 1.3 as Direct Linear Solver
 Reference value :  1.00000e-02
No. of Data Rows : 4401
dcg                 =  1.42308e+02
f0                  =  7.42916e+05
phx                 =  -1.70752e+02
f180                =  8.68440e+05
gmx                 =  -2.29369e+00
 meas ac f0r when tdb=0 rise=1 failed!

tres                =  -7.12720e-01 at=  7.80728e+05
ROW iload_a=0.025 ceff_f=3.3e-07 esr_ohm=0.001 vout_v=1.79939 dcgain_db=142.308 f0_hz=742916 phase_at_f0_deg=-170.752 f180_hz=868440 gain_at_f180_db=-2.29369 f0_rising_hz= resurgence_db=-0.71272
Doing analysis at TEMP = -40.000000 and TNOM = 27.000000

Using SPARSE 1.3 as Direct Linear Solver
 Reference value :  0.00000e+00
No. of Data Rows : 1
Doing analysis at TEMP = -40.000000 and TNOM = 27.000000

Using SPARSE 1.3 as Direct Linear Solver
 Reference value :  1.00000e-02
No. of Data Rows : 4401
Doing analysis at TEMP = -40.000000 and TNOM = 27.000000

Using SPARSE 1.3 as Direct Linear Solver
 Reference value :  1.00000e-02
No. of Data Rows : 4401
dcg                 =  1.42308e+02
f0                  =  7.44227e+05
phx                 =  -1.66535e+02
f180                =  9.48031e+05
gmx                 =  -3.61044e+00
 meas ac f0r when tdb=0 rise=1 failed!

tres                =  -7.68395e-01 at=  7.85236e+05
ROW iload_a=0.025 ceff_f=3.3e-07 esr_ohm=0.05 vout_v=1.79939 dcgain_db=142.308 f0_hz=744227 phase_at_f0_deg=-166.535 f180_hz=948031 gain_at_f180_db=-3.61044 f0_rising_hz= resurgence_db=-0.768395
Doing analysis at TEMP = -40.000000 and TNOM = 27.000000

Using SPARSE 1.3 as Direct Linear Solver
 Reference value :  0.00000e+00
No. of Data Rows : 1
Doing analysis at TEMP = -40.000000 and TNOM = 27.000000

Using SPARSE 1.3 as Direct Linear Solver
 Reference value :  1.00000e-02
No. of Data Rows : 4401
Doing analysis at TEMP = -40.000000 and TNOM = 27.000000

Using SPARSE 1.3 as Direct Linear Solver
 Reference value :  1.00000e-02
No. of Data Rows : 4401
dcg                 =  1.42308e+02
f0                  =  7.64711e+05
phx                 =  -1.54935e+02
f180                =  1.33243e+06
gmx                 =  -8.27535e+00
 meas ac f0r when tdb=0 rise=1 failed!

tres                =  -6.78645e-01 at=  8.03526e+05
ROW iload_a=0.025 ceff_f=3.3e-07 esr_ohm=0.2 vout_v=1.79939 dcgain_db=142.308 f0_hz=764712 phase_at_f0_deg=-154.935 f180_hz=1.33242E+06 gain_at_f180_db=-8.27535 f0_rising_hz= resurgence_db=-0.678645
Doing analysis at TEMP = -40.000000 and TNOM = 27.000000

Using SPARSE 1.3 as Direct Linear Solver
 Reference value :  0.00000e+00
No. of Data Rows : 1
Doing analysis at TEMP = -40.000000 and TNOM = 27.000000

Using SPARSE 1.3 as Direct Linear Solver
 Reference value :  1.00000e-02
No. of Data Rows : 4401
Doing analysis at TEMP = -40.000000 and TNOM = 27.000000

Using SPARSE 1.3 as Direct Linear Solver
 Reference value :  1.00000e-02
No. of Data Rows : 4401
dcg                 =  1.42308e+02
f0                  =  8.89915e+05
phx                 =  -1.39007e+02
f180                =  2.12767e+06
gmx                 =  -1.11755e+01
 meas ac f0r when tdb=0 rise=1 failed!

tres                =  -6.09174e-01 at=  9.38642e+05
ROW iload_a=0.025 ceff_f=3.3e-07 esr_ohm=0.5 vout_v=1.79939 dcgain_db=142.308 f0_hz=889916 phase_at_f0_deg=-139.007 f180_hz=2.12767E+06 gain_at_f180_db=-11.1755 f0_rising_hz= resurgence_db=-0.609174
Doing analysis at TEMP = -40.000000 and TNOM = 27.000000

Using SPARSE 1.3 as Direct Linear Solver
 Reference value :  0.00000e+00
No. of Data Rows : 1
Doing analysis at TEMP = -40.000000 and TNOM = 27.000000

Using SPARSE 1.3 as Direct Linear Solver
 Reference value :  1.00000e-02
No. of Data Rows : 4401
Doing analysis at TEMP = -40.000000 and TNOM = 27.000000

Using SPARSE 1.3 as Direct Linear Solver
 Reference value :  1.00000e-02
No. of Data Rows : 4401
dcg                 =  1.42308e+02
f0                  =  3.36694e+05
phx                 =  -1.35642e+02
f180                =  8.70888e+05
gmx                 =  -1.19568e+01
 meas ac f0r when tdb=0 rise=1 failed!

tres                =  -5.57769e-01 at=  3.54813e+05
ROW iload_a=0.025 ceff_f=1e-06 esr_ohm=0.001 vout_v=1.79939 dcgain_db=142.308 f0_hz=336694 phase_at_f0_deg=-135.642 f180_hz=870888 gain_at_f180_db=-11.9568 f0_rising_hz= resurgence_db=-0.55777
Doing analysis at TEMP = -40.000000 and TNOM = 27.000000

Using SPARSE 1.3 as Direct Linear Solver
 Reference value :  0.00000e+00
No. of Data Rows : 1
Doing analysis at TEMP = -40.000000 and TNOM = 27.000000

Using SPARSE 1.3 as Direct Linear Solver
 Reference value :  1.00000e-02
No. of Data Rows : 4401
Doing analysis at TEMP = -40.000000 and TNOM = 27.000000

Using SPARSE 1.3 as Direct Linear Solver
 Reference value :  1.00000e-02
No. of Data Rows : 4401
dcg                 =  1.42308e+02
f0                  =  3.38222e+05
phx                 =  -1.29840e+02
f180                =  1.18162e+06
gmx                 =  -1.63542e+01
 meas ac f0r when tdb=0 rise=1 failed!

tres                =  -5.66195e-01 at=  3.56862e+05
ROW iload_a=0.025 ceff_f=1e-06 esr_ohm=0.05 vout_v=1.79939 dcgain_db=142.308 f0_hz=338222 phase_at_f0_deg=-129.84 f180_hz=1.18162E+06 gain_at_f180_db=-16.3542 f0_rising_hz= resurgence_db=-0.566195
Doing analysis at TEMP = -40.000000 and TNOM = 27.000000

Using SPARSE 1.3 as Direct Linear Solver
 Reference value :  0.00000e+00
No. of Data Rows : 1
Doing analysis at TEMP = -40.000000 and TNOM = 27.000000

Using SPARSE 1.3 as Direct Linear Solver
 Reference value :  1.00000e-02
No. of Data Rows : 4401
Doing analysis at TEMP = -40.000000 and TNOM = 27.000000

Using SPARSE 1.3 as Direct Linear Solver
 Reference value :  1.00000e-02
No. of Data Rows : 4401
dcg                 =  1.42308e+02
f0                  =  3.63558e+05
phx                 =  -1.13699e+02
f180                =  2.26097e+06
gmx                 =  -2.02483e+01
 meas ac f0r when tdb=0 rise=1 failed!

tres                =  -4.70162e-01 at=  3.82384e+05
ROW iload_a=0.025 ceff_f=1e-06 esr_ohm=0.2 vout_v=1.79939 dcgain_db=142.308 f0_hz=363558 phase_at_f0_deg=-113.699 f180_hz=2.26097E+06 gain_at_f180_db=-20.2483 f0_rising_hz= resurgence_db=-0.470162
Doing analysis at TEMP = -40.000000 and TNOM = 27.000000

Using SPARSE 1.3 as Direct Linear Solver
 Reference value :  0.00000e+00
No. of Data Rows : 1
Doing analysis at TEMP = -40.000000 and TNOM = 27.000000

Using SPARSE 1.3 as Direct Linear Solver
 Reference value :  1.00000e-02
No. of Data Rows : 4401
Doing analysis at TEMP = -40.000000 and TNOM = 27.000000

Using SPARSE 1.3 as Direct Linear Solver
 Reference value :  1.00000e-02
No. of Data Rows : 4401
dcg                 =  1.42308e+02
f0                  =  5.85802e+05
phx                 =  -9.67414e+01
f180                =  2.61217e+06
gmx                 =  -1.48677e+01
 meas ac f0r when tdb=0 rise=1 failed!

tres                =  -3.16830e-01 at=  6.16595e+05
ROW iload_a=0.025 ceff_f=1e-06 esr_ohm=0.5 vout_v=1.79939 dcgain_db=142.308 f0_hz=585802 phase_at_f0_deg=-96.7414 f180_hz=2.61217E+06 gain_at_f180_db=-14.8677 f0_rising_hz= resurgence_db=-0.31683
Doing analysis at TEMP = -40.000000 and TNOM = 27.000000

Using SPARSE 1.3 as Direct Linear Solver
 Reference value :  0.00000e+00
No. of Data Rows : 1
Doing analysis at TEMP = -40.000000 and TNOM = 27.000000

Using SPARSE 1.3 as Direct Linear Solver
 Reference value :  1.00000e-02
No. of Data Rows : 4401
Doing analysis at TEMP = -40.000000 and TNOM = 27.000000

Using SPARSE 1.3 as Direct Linear Solver
 Reference value :  1.00000e-02
No. of Data Rows : 4401
dcg                 =  1.42308e+02
f0                  =  8.52656e+04
phx                 =  -1.22348e+02
f180                =  8.87635e+05
gmx                 =  -2.56842e+01
 meas ac f0r when tdb=0 rise=1 failed!

tres                =  -4.99600e-01 at=  8.96396e+04
ROW iload_a=0.025 ceff_f=4.7e-06 esr_ohm=0.001 vout_v=1.79939 dcgain_db=142.308 f0_hz=85265.6 phase_at_f0_deg=-122.348 f180_hz=887635 gain_at_f180_db=-25.6842 f0_rising_hz= resurgence_db=-0.4996
Doing analysis at TEMP = -40.000000 and TNOM = 27.000000

Using SPARSE 1.3 as Direct Linear Solver
 Reference value :  0.00000e+00
No. of Data Rows : 1
Doing analysis at TEMP = -40.000000 and TNOM = 27.000000

Using SPARSE 1.3 as Direct Linear Solver
 Reference value :  1.00000e-02
No. of Data Rows : 4401
Doing analysis at TEMP = -40.000000 and TNOM = 27.000000

Using SPARSE 1.3 as Direct Linear Solver
 Reference value :  1.00000e-02
No. of Data Rows : 4401
dcg                 =  1.42308e+02
f0                  =  8.58467e+04
phx                 =  -1.15205e+02
f180                =  2.35635e+06
gmx                 =  -3.30253e+01
 meas ac f0r when tdb=0 rise=1 failed!

tres                =  -4.81667e-01 at=  9.01571e+04
ROW iload_a=0.025 ceff_f=4.7e-06 esr_ohm=0.05 vout_v=1.79939 dcgain_db=142.308 f0_hz=85846.8 phase_at_f0_deg=-115.205 f180_hz=2.35635E+06 gain_at_f180_db=-33.0253 f0_rising_hz= resurgence_db=-0.481667
Doing analysis at TEMP = -40.000000 and TNOM = 27.000000

Using SPARSE 1.3 as Direct Linear Solver
 Reference value :  0.00000e+00
No. of Data Rows : 1
Doing analysis at TEMP = -40.000000 and TNOM = 27.000000

Using SPARSE 1.3 as Direct Linear Solver
 Reference value :  3.65174e-02
No. of Data Rows : 4401
Doing analysis at TEMP = -40.000000 and TNOM = 27.000000

Using SPARSE 1.3 as Direct Linear Solver
 Reference value :  1.00000e-02
No. of Data Rows : 4401
dcg                 =  1.42308e+02
f0                  =  9.63567e+04
phx                 =  -9.18837e+01
f180                =  2.72068e+06
gmx                 =  -2.34828e+01
 meas ac f0r when tdb=0 rise=1 failed!

tres                =  -4.12370e-01 at=  1.01742e+05
ROW iload_a=0.025 ceff_f=4.7e-06 esr_ohm=0.2 vout_v=1.79939 dcgain_db=142.308 f0_hz=96356.7 phase_at_f0_deg=-91.8837 f180_hz=2.72068E+06 gain_at_f180_db=-23.4828 f0_rising_hz= resurgence_db=-0.41237
Doing analysis at TEMP = -40.000000 and TNOM = 27.000000

Using SPARSE 1.3 as Direct Linear Solver
 Reference value :  0.00000e+00
No. of Data Rows : 1
Doing analysis at TEMP = -40.000000 and TNOM = 27.000000

Using SPARSE 1.3 as Direct Linear Solver
 Reference value :  1.00000e-02
No. of Data Rows : 4401
Doing analysis at TEMP = -40.000000 and TNOM = 27.000000

Using SPARSE 1.3 as Direct Linear Solver
 Reference value :  1.00000e-02
No. of Data Rows : 4401
dcg                 =  1.42308e+02
f0                  =  4.34775e+05
phx                 =  -6.37264e+01
f180                =  2.78472e+06
gmx                 =  -1.59276e+01
 meas ac f0r when tdb=0 rise=1 failed!

tres                =  -1.52308e-01 at=  4.57088e+05
ROW iload_a=0.025 ceff_f=4.7e-06 esr_ohm=0.5 vout_v=1.79939 dcgain_db=142.308 f0_hz=434775 phase_at_f0_deg=-63.7264 f180_hz=2.78472E+06 gain_at_f180_db=-15.9276 f0_rising_hz= resurgence_db=-0.152308
Doing analysis at TEMP = -40.000000 and TNOM = 27.000000

Using SPARSE 1.3 as Direct Linear Solver
 Reference value :  0.00000e+00
No. of Data Rows : 1
Doing analysis at TEMP = -40.000000 and TNOM = 27.000000

Using SPARSE 1.3 as Direct Linear Solver
 Reference value :  2.90068e+05
No. of Data Rows : 4401
Doing analysis at TEMP = -40.000000 and TNOM = 27.000000

Using SPARSE 1.3 as Direct Linear Solver
 Reference value :  1.09648e+00
No. of Data Rows : 4401
dcg                 =  1.40365e+02
f0                  =  8.49932e+05
phx                 =  -1.79457e+02
f180                =  8.57483e+05
gmx                 =  -1.33776e-01
 meas ac f0r when tdb=0 rise=1 failed!

tres                =  -8.12800e-01 at=  8.96396e+05
ROW iload_a=0.05 ceff_f=3.3e-07 esr_ohm=0.001 vout_v=1.79939 dcgain_db=140.365 f0_hz=849932 phase_at_f0_deg=-179.457 f180_hz=857483 gain_at_f180_db=-0.133776 f0_rising_hz= resurgence_db=-0.8128
Doing analysis at TEMP = -40.000000 and TNOM = 27.000000

Using SPARSE 1.3 as Direct Linear Solver
 Reference value :  0.00000e+00
No. of Data Rows : 1
Doing analysis at TEMP = -40.000000 and TNOM = 27.000000

Using SPARSE 1.3 as Direct Linear Solver
 Reference value :  7.49894e+02
No. of Data Rows : 4401
Doing analysis at TEMP = -40.000000 and TNOM = 27.000000

Using SPARSE 1.3 as Direct Linear Solver
 Reference value :  1.00000e-02
No. of Data Rows : 4401
dcg                 =  1.40365e+02
f0                  =  8.51756e+05
phx                 =  -1.74654e+02
f180                =  9.34823e+05
gmx                 =  -1.42774e+00
 meas ac f0r when tdb=0 rise=1 failed!

tres                =  -7.76836e-01 at=  8.96396e+05
ROW iload_a=0.05 ceff_f=3.3e-07 esr_ohm=0.05 vout_v=1.79939 dcgain_db=140.365 f0_hz=851756 phase_at_f0_deg=-174.654 f180_hz=934823 gain_at_f180_db=-1.42775 f0_rising_hz= resurgence_db=-0.776836
Doing analysis at TEMP = -40.000000 and TNOM = 27.000000

Using SPARSE 1.3 as Direct Linear Solver
 Reference value :  0.00000e+00
No. of Data Rows : 1
Doing analysis at TEMP = -40.000000 and TNOM = 27.000000

Using SPARSE 1.3 as Direct Linear Solver
 Reference value :  1.88365e+03
No. of Data Rows : 4401
Doing analysis at TEMP = -40.000000 and TNOM = 27.000000

Using SPARSE 1.3 as Direct Linear Solver
 Reference value :  1.00000e-02
No. of Data Rows : 4401
dcg                 =  1.40365e+02
f0                  =  8.80533e+05
phx                 =  -1.61731e+02
f180                =  1.30520e+06
gmx                 =  -5.99519e+00
 meas ac f0r when tdb=0 rise=1 failed!

tres                =  -7.56222e-01 at=  9.27897e+05
ROW iload_a=0.05 ceff_f=3.3e-07 esr_ohm=0.2 vout_v=1.79939 dcgain_db=140.365 f0_hz=880533 phase_at_f0_deg=-161.731 f180_hz=1.3052E+06 gain_at_f180_db=-5.99519 f0_rising_hz= resurgence_db=-0.756222
Doing analysis at TEMP = -40.000000 and TNOM = 27.000000

Using SPARSE 1.3 as Direct Linear Solver
 Reference value :  0.00000e+00
No. of Data Rows : 1
Doing analysis at TEMP = -40.000000 and TNOM = 27.000000

Using SPARSE 1.3 as Direct Linear Solver
 Reference value :  2.21309e+06
No. of Data Rows : 4401
Doing analysis at TEMP = -40.000000 and TNOM = 27.000000

Using SPARSE 1.3 as Direct Linear Solver
 Reference value :  1.43714e+05
No. of Data Rows : 4401
dcg                 =  1.40365e+02
f0                  =  1.05348e+06
phx                 =  -1.45982e+02
f180                =  2.07999e+06
gmx                 =  -8.91899e+00
 meas ac f0r when tdb=0 rise=1 failed!

tres                =  -6.13216e-01 at=  1.10917e+06
ROW iload_a=0.05 ceff_f=3.3e-07 esr_ohm=0.5 vout_v=1.79939 dcgain_db=140.365 f0_hz=1.05348E+06 phase_at_f0_deg=-145.982 f180_hz=2.07999E+06 gain_at_f180_db=-8.91898 f0_rising_hz= resurgence_db=-0.613216
Doing analysis at TEMP = -40.000000 and TNOM = 27.000000

Using SPARSE 1.3 as Direct Linear Solver

No. of Data Rows : 1
Doing analysis at TEMP = -40.000000 and TNOM = 27.000000

Using SPARSE 1.3 as Direct Linear Solver
 Reference value :  1.00000e-02
No. of Data Rows : 4401
Doing analysis at TEMP = -40.000000 and TNOM = 27.000000

Using SPARSE 1.3 as Direct Linear Solver
 Reference value :  1.00000e-02
 Reference value :  4.51856e+07
No. of Data Rows : 4401
dcg                 =  1.40365e+02
f0                  =  4.04869e+05
phx                 =  -1.42516e+02
f180                =  8.59432e+05
gmx                 =  -9.78549e+00
 meas ac f0r when tdb=0 rise=1 failed!

tres                =  -5.90108e-01 at=  4.26580e+05
ROW iload_a=0.05 ceff_f=1e-06 esr_ohm=0.001 vout_v=1.79939 dcgain_db=140.365 f0_hz=404869 phase_at_f0_deg=-142.516 f180_hz=859432 gain_at_f180_db=-9.78549 f0_rising_hz= resurgence_db=-0.590108
Doing analysis at TEMP = -40.000000 and TNOM = 27.000000

Using SPARSE 1.3 as Direct Linear Solver
 Reference value :  0.00000e+00
No. of Data Rows : 1
Doing analysis at TEMP = -40.000000 and TNOM = 27.000000

Using SPARSE 1.3 as Direct Linear Solver
 Reference value :  1.00000e-02
 Reference value :  3.93550e+07
No. of Data Rows : 4401
Doing analysis at TEMP = -40.000000 and TNOM = 27.000000

Using SPARSE 1.3 as Direct Linear Solver
 Reference value :  1.00000e-02
 Reference value :  1.31069e+07
No. of Data Rows : 4401
dcg                 =  1.40365e+02
f0                  =  4.07370e+05
phx                 =  -1.35603e+02
f180                =  1.15987e+06
gmx                 =  -1.40953e+01
 meas ac f0r when tdb=0 rise=1 failed!

tres                =  -5.79071e-01 at=  4.29042e+05
ROW iload_a=0.05 ceff_f=1e-06 esr_ohm=0.05 vout_v=1.79939 dcgain_db=140.365 f0_hz=407370 phase_at_f0_deg=-135.603 f180_hz=1.15987E+06 gain_at_f180_db=-14.0953 f0_rising_hz= resurgence_db=-0.579071
Doing analysis at TEMP = -40.000000 and TNOM = 27.000000

Using SPARSE 1.3 as Direct Linear Solver
 Reference value :  0.00000e+00
No. of Data Rows : 1
Doing analysis at TEMP = -40.000000 and TNOM = 27.000000

Using SPARSE 1.3 as Direct Linear Solver
 Reference value :  1.00000e-02
 Reference value :  4.07380e+07
No. of Data Rows : 4401
Doing analysis at TEMP = -40.000000 and TNOM = 27.000000

Using SPARSE 1.3 as Direct Linear Solver
 Reference value :  1.00000e-02
 Reference value :  4.29042e+07
No. of Data Rows : 4401
dcg                 =  1.40365e+02
f0                  =  4.49724e+05
phx                 =  -1.17338e+02
f180                =  2.21216e+06
gmx                 =  -1.79977e+01
 meas ac f0r when tdb=0 rise=1 failed!

tres                =  -4.84131e-01 at=  4.73151e+05
ROW iload_a=0.05 ceff_f=1e-06 esr_ohm=0.2 vout_v=1.79939 dcgain_db=140.365 f0_hz=449724 phase_at_f0_deg=-117.338 f180_hz=2.21216E+06 gain_at_f180_db=-17.9977 f0_rising_hz= resurgence_db=-0.484131
Doing analysis at TEMP = -40.000000 and TNOM = 27.000000

Using SPARSE 1.3 as Direct Linear Solver
 Reference value :  0.00000e+00
No. of Data Rows : 1
Doing analysis at TEMP = -40.000000 and TNOM = 27.000000

Using SPARSE 1.3 as Direct Linear Solver
 Reference value :  1.18850e-02
 Reference value :  6.41948e+07
No. of Data Rows : 4401
Doing analysis at TEMP = -40.000000 and TNOM = 27.000000

Using SPARSE 1.3 as Direct Linear Solver
 Reference value :  1.00000e-02
 Reference value :  2.46888e+07
No. of Data Rows : 4401
dcg                 =  1.40365e+02
f0                  =  7.90487e+05
phx                 =  -1.07286e+02
f180                =  2.55914e+06
gmx                 =  -1.26421e+01
 meas ac f0r when tdb=0 rise=1 failed!

tres                =  -3.69789e-01 at=  8.31764e+05
ROW iload_a=0.05 ceff_f=1e-06 esr_ohm=0.5 vout_v=1.79939 dcgain_db=140.365 f0_hz=790487 phase_at_f0_deg=-107.286 f180_hz=2.55914E+06 gain_at_f180_db=-12.6421 f0_rising_hz= resurgence_db=-0.369789
Doing analysis at TEMP = -40.000000 and TNOM = 27.000000

Using SPARSE 1.3 as Direct Linear Solver
 Reference value :  0.00000e+00
No. of Data Rows : 1
Doing analysis at TEMP = -40.000000 and TNOM = 27.000000

Using SPARSE 1.3 as Direct Linear Solver
 Reference value :  1.00000e-02
 Reference value :  8.96396e+07
No. of Data Rows : 4401
Doing analysis at TEMP = -40.000000 and TNOM = 27.000000

Using SPARSE 1.3 as Direct Linear Solver
 Reference value :  1.00000e-02
 Reference value :  1.20921e+08
No. of Data Rows : 4401
dcg                 =  1.40365e+02
f0                  =  1.05045e+05
phx                 =  -1.21595e+02
f180                =  8.75539e+05
gmx                 =  -2.35033e+01
 meas ac f0r when tdb=0 rise=1 failed!

tres                =  -5.31332e-01 at=  1.10917e+05
ROW iload_a=0.05 ceff_f=4.7e-06 esr_ohm=0.001 vout_v=1.79939 dcgain_db=140.365 f0_hz=105045 phase_at_f0_deg=-121.595 f180_hz=875539 gain_at_f180_db=-23.5033 f0_rising_hz= resurgence_db=-0.531332
Doing analysis at TEMP = -40.000000 and TNOM = 27.000000

Using SPARSE 1.3 as Direct Linear Solver
 Reference value :  0.00000e+00
No. of Data Rows : 1
Doing analysis at TEMP = -40.000000 and TNOM = 27.000000

Using SPARSE 1.3 as Direct Linear Solver
 Reference value :  1.00000e-02
 Reference value :  1.61250e+07
No. of Data Rows : 4401
Doing analysis at TEMP = -40.000000 and TNOM = 27.000000

Using SPARSE 1.3 as Direct Linear Solver
 Reference value :  1.00000e-02
 Reference value :  1.62181e+08
No. of Data Rows : 4401
dcg                 =  1.40365e+02
f0                  =  1.06162e+05
phx                 =  -1.12820e+02
f180                =  2.30605e+06
gmx                 =  -3.07747e+01
 meas ac f0r when tdb=0 rise=1 failed!

tres                =  -4.72958e-01 at=  1.11558e+05
ROW iload_a=0.05 ceff_f=4.7e-06 esr_ohm=0.05 vout_v=1.79939 dcgain_db=140.365 f0_hz=106162 phase_at_f0_deg=-112.82 f180_hz=2.30605E+06 gain_at_f180_db=-30.7747 f0_rising_hz= resurgence_db=-0.472958
Doing analysis at TEMP = -40.000000 and TNOM = 27.000000

Using SPARSE 1.3 as Direct Linear Solver

No. of Data Rows : 1
Doing analysis at TEMP = -40.000000 and TNOM = 27.000000

Using SPARSE 1.3 as Direct Linear Solver
 Reference value :  1.00000e-02
No. of Data Rows : 4401
Doing analysis at TEMP = -40.000000 and TNOM = 27.000000

Using SPARSE 1.3 as Direct Linear Solver
 Reference value :  1.00000e-02
No. of Data Rows : 4401
dcg                 =  1.40365e+02
f0                  =  1.28771e+05
phx                 =  -8.41953e+01
f180                =  2.66721e+06
gmx                 =  -2.12557e+01
 meas ac f0r when tdb=0 rise=1 failed!

tres                =  -3.29934e-01 at=  1.35675e+05
ROW iload_a=0.05 ceff_f=4.7e-06 esr_ohm=0.2 vout_v=1.79939 dcgain_db=140.365 f0_hz=128771 phase_at_f0_deg=-84.1953 f180_hz=2.66720E+06 gain_at_f180_db=-21.2557 f0_rising_hz= resurgence_db=-0.329934
Doing analysis at TEMP = -40.000000 and TNOM = 27.000000

Using SPARSE 1.3 as Direct Linear Solver
 Reference value :  0.00000e+00
No. of Data Rows : 1
Doing analysis at TEMP = -40.000000 and TNOM = 27.000000

Using SPARSE 1.3 as Direct Linear Solver
 Reference value :  8.31764e+05
No. of Data Rows : 4401
Doing analysis at TEMP = -40.000000 and TNOM = 27.000000

Using SPARSE 1.3 as Direct Linear Solver
 Reference value :  1.31069e+01
No. of Data Rows : 4401
dcg                 =  1.40365e+02
f0                  =  7.09092e+05
phx                 =  -8.45620e+01
f180                =  2.72969e+06
gmx                 =  -1.37042e+01
 meas ac f0r when tdb=0 rise=1 failed!

tres                =  -2.75777e-01 at=  7.45590e+05
ROW iload_a=0.05 ceff_f=4.7e-06 esr_ohm=0.5 vout_v=1.79939 dcgain_db=140.365 f0_hz=709092 phase_at_f0_deg=-84.562 f180_hz=2.72969E+06 gain_at_f180_db=-13.7042 f0_rising_hz= resurgence_db=-0.275777
* SWEEP COMPLETE fs_-40c_3.63v
Note: Simulation executed from .control section 
Warning: m=xx on .subckt line will override multiplier m hierarchy!

Note: Starting dynamic gmin stepping
Warning: Dynamic gmin stepping failed
Note: Starting true gmin stepping
Note: True gmin stepping completed
Note: Starting dynamic gmin stepping
Warning: Dynamic gmin stepping failed
Note: Starting true gmin stepping
Note: True gmin stepping completed
Note: Starting dynamic gmin stepping
Warning: Dynamic gmin stepping failed
Note: Starting true gmin stepping
Note: True gmin stepping completed

Error: measure  f0r  when(WHEN) : out of interval
Error: &f0r: no such variable.
Note: Starting dynamic gmin stepping
Note: Dynamic gmin stepping completed
Note: Starting dynamic gmin stepping
Note: Dynamic gmin stepping completed
Note: Starting dynamic gmin stepping
Note: Dynamic gmin stepping completed

Error: measure  f0r  when(WHEN) : out of interval
Error: &f0r: no such variable.
Note: Starting dynamic gmin stepping
Note: Dynamic gmin stepping completed
Note: Starting dynamic gmin stepping
Note: Dynamic gmin stepping completed
Note: Starting dynamic gmin stepping
Note: Dynamic gmin stepping completed

Error: measure  f0r  when(WHEN) : out of interval
Error: &f0r: no such variable.
Note: Starting dynamic gmin stepping
Warning: Dynamic gmin stepping failed
Note: Starting true gmin stepping
Note: True gmin stepping completed
Note: Starting dynamic gmin stepping
Warning: Dynamic gmin stepping failed
Note: Starting true gmin stepping
Note: True gmin stepping completed
Note: Starting dynamic gmin stepping
Warning: Dynamic gmin stepping failed
Note: Starting true gmin stepping
Note: True gmin stepping completed

Error: measure  f0r  when(WHEN) : out of interval
Error: &f0r: no such variable.
Note: Starting dynamic gmin stepping
Warning: Dynamic gmin stepping failed
Note: Starting true gmin stepping
Note: True gmin stepping completed
Note: Starting dynamic gmin stepping
Warning: Dynamic gmin stepping failed
Note: Starting true gmin stepping
Note: True gmin stepping completed
Note: Starting dynamic gmin stepping
Warning: Dynamic gmin stepping failed
Note: Starting true gmin stepping
Note: True gmin stepping completed

Error: measure  f0r  when(WHEN) : out of interval
Error: &f0r: no such variable.
Note: Starting dynamic gmin stepping
Note: Dynamic gmin stepping completed
Note: Starting dynamic gmin stepping
Note: Dynamic gmin stepping completed
Note: Starting dynamic gmin stepping
Note: Dynamic gmin stepping completed

Error: measure  f0r  when(WHEN) : out of interval
Error: &f0r: no such variable.
Note: Starting dynamic gmin stepping
Note: Dynamic gmin stepping completed
Note: Starting dynamic gmin stepping
Note: Dynamic gmin stepping completed
Note: Starting dynamic gmin stepping
Note: Dynamic gmin stepping completed

Error: measure  f0r  when(WHEN) : out of interval
Error: &f0r: no such variable.
Note: Starting dynamic gmin stepping
Warning: Dynamic gmin stepping failed
Note: Starting true gmin stepping
Note: True gmin stepping completed
Note: Starting dynamic gmin stepping
Warning: Dynamic gmin stepping failed
Note: Starting true gmin stepping
Note: True gmin stepping completed
Note: Starting dynamic gmin stepping
Warning: Dynamic gmin stepping failed
Note: Starting true gmin stepping
Note: True gmin stepping completed

Error: measure  f0r  when(WHEN) : out of interval
Error: &f0r: no such variable.
Note: Starting dynamic gmin stepping
Warning: Dynamic gmin stepping failed
Note: Starting true gmin stepping
Note: True gmin stepping completed
Note: Starting dynamic gmin stepping
Warning: Dynamic gmin stepping failed
Note: Starting true gmin stepping
Note: True gmin stepping completed
Note: Starting dynamic gmin stepping
Warning: Dynamic gmin stepping failed
Note: Starting true gmin stepping
Note: True gmin stepping completed

Error: measure  f0r  when(WHEN) : out of interval
Error: &f0r: no such variable.
Note: Starting dynamic gmin stepping
Note: Dynamic gmin stepping completed
Note: Starting dynamic gmin stepping
Note: Dynamic gmin stepping completed
Note: Starting dynamic gmin stepping
Note: Dynamic gmin stepping completed

Error: measure  f0r  when(WHEN) : out of interval
Error: &f0r: no such variable.
Note: Starting dynamic gmin stepping
Note: Dynamic gmin stepping completed
Note: Starting dynamic gmin stepping
Note: Dynamic gmin stepping completed
Note: Starting dynamic gmin stepping
Note: Dynamic gmin stepping completed

Error: measure  f0r  when(WHEN) : out of interval
Error: &f0r: no such variable.
Note: Starting dynamic gmin stepping
Warning: Dynamic gmin stepping failed
Note: Starting true gmin stepping
Note: True gmin stepping completed
Note: Starting dynamic gmin stepping
Warning: Dynamic gmin stepping failed
Note: Starting true gmin stepping
Note: True gmin stepping completed
Note: Starting dynamic gmin stepping
Warning: Dynamic gmin stepping failed
Note: Starting true gmin stepping
Note: True gmin stepping completed

Error: measure  f0r  when(WHEN) : out of interval
Error: &f0r: no such variable.
Note: Starting dynamic gmin stepping
Warning: Dynamic gmin stepping failed
Note: Starting true gmin stepping
Note: True gmin stepping completed
Note: Starting dynamic gmin stepping
Warning: Dynamic gmin stepping failed
Note: Starting true gmin stepping
Note: True gmin stepping completed
Note: Starting dynamic gmin stepping
Warning: Dynamic gmin stepping failed
Note: Starting true gmin stepping
Note: True gmin stepping completed

Error: measure  f0r  when(WHEN) : out of interval
Error: &f0r: no such variable.
Note: Starting dynamic gmin stepping
Note: Dynamic gmin stepping completed
Note: Starting dynamic gmin stepping
Note: Dynamic gmin stepping completed
Note: Starting dynamic gmin stepping
Note: Dynamic gmin stepping completed

Error: measure  f0r  when(WHEN) : out of interval
Error: &f0r: no such variable.
Note: Starting dynamic gmin stepping
Warning: Dynamic gmin stepping failed
Note: Starting true gmin stepping
Note: True gmin stepping completed
Note: Starting dynamic gmin stepping
Warning: Dynamic gmin stepping failed
Note: Starting true gmin stepping
Note: True gmin stepping completed
Note: Starting dynamic gmin stepping
Warning: Dynamic gmin stepping failed
Note: Starting true gmin stepping
Note: True gmin stepping completed

Error: measure  f0r  when(WHEN) : out of interval
Error: &f0r: no such variable.
Note: Starting dynamic gmin stepping
Note: Dynamic gmin stepping completed
Note: Starting dynamic gmin stepping
Note: Dynamic gmin stepping completed
Note: Starting dynamic gmin stepping
Note: Dynamic gmin stepping completed

Error: measure  f0r  when(WHEN) : out of interval
Error: &f0r: no such variable.
Note: Starting dynamic gmin stepping
Warning: Dynamic gmin stepping failed
Note: Starting true gmin stepping
Note: True gmin stepping completed
Note: Starting dynamic gmin stepping
Warning: Dynamic gmin stepping failed
Note: Starting true gmin stepping
Note: True gmin stepping completed
Note: Starting dynamic gmin stepping
Warning: Dynamic gmin stepping failed
Note: Starting true gmin stepping
Note: True gmin stepping completed

Error: measure  f0r  when(WHEN) : out of interval
Error: &f0r: no such variable.
Note: Starting dynamic gmin stepping
Note: Dynamic gmin stepping completed
Note: Starting dynamic gmin stepping
Note: Dynamic gmin stepping completed
Note: Starting dynamic gmin stepping
Note: Dynamic gmin stepping completed

Error: measure  f0r  when(WHEN) : out of interval
Error: &f0r: no such variable.
Note: Starting dynamic gmin stepping
Warning: Dynamic gmin stepping failed
Note: Starting true gmin stepping
Note: True gmin stepping completed
Note: Starting dynamic gmin stepping
Warning: Dynamic gmin stepping failed
Note: Starting true gmin stepping
Note: True gmin stepping completed
Note: Starting dynamic gmin stepping
Warning: Dynamic gmin stepping failed
Note: Starting true gmin stepping
Note: True gmin stepping completed

Error: measure  f0r  when(WHEN) : out of interval
Error: &f0r: no such variable.
Note: Starting dynamic gmin stepping
Note: Dynamic gmin stepping completed
Note: Starting dynamic gmin stepping
Note: Dynamic gmin stepping completed
Note: Starting dynamic gmin stepping
Note: Dynamic gmin stepping completed

Error: measure  f0r  when(WHEN) : out of interval
Error: &f0r: no such variable.
Note: Starting dynamic gmin stepping
Warning: Dynamic gmin stepping failed
Note: Starting true gmin stepping
Note: True gmin stepping completed
Note: Starting dynamic gmin stepping
Warning: Dynamic gmin stepping failed
Note: Starting true gmin stepping
Note: True gmin stepping completed
Note: Starting dynamic gmin stepping
Warning: Dynamic gmin stepping failed
Note: Starting true gmin stepping
Note: True gmin stepping completed

Error: measure  f0r  when(WHEN) : out of interval
Error: &f0r: no such variable.
Note: Starting dynamic gmin stepping
Note: Dynamic gmin stepping completed
Note: Starting dynamic gmin stepping
Note: Dynamic gmin stepping completed
Note: Starting dynamic gmin stepping
Note: Dynamic gmin stepping completed

Error: measure  f0r  when(WHEN) : out of interval
Error: &f0r: no such variable.
Note: Starting dynamic gmin stepping
Warning: Dynamic gmin stepping failed
Note: Starting true gmin stepping
Note: True gmin stepping completed
Note: Starting dynamic gmin stepping
Warning: Dynamic gmin stepping failed
Note: Starting true gmin stepping
Note: True gmin stepping completed
Note: Starting dynamic gmin stepping
Warning: Dynamic gmin stepping failed
Note: Starting true gmin stepping
Note: True gmin stepping completed

Error: measure  f0r  when(WHEN) : out of interval
Error: &f0r: no such variable.
Note: Starting dynamic gmin stepping
Note: Dynamic gmin stepping completed
Note: Starting dynamic gmin stepping
Note: Dynamic gmin stepping completed
Note: Starting dynamic gmin stepping
Note: Dynamic gmin stepping completed

Error: measure  f0r  when(WHEN) : out of interval
Error: &f0r: no such variable.
Note: Starting dynamic gmin stepping
Note: Dynamic gmin stepping completed
Note: Starting dynamic gmin stepping
Note: Dynamic gmin stepping completed
Note: Starting dynamic gmin stepping
Note: Dynamic gmin stepping completed

Error: measure  f0r  when(WHEN) : out of interval
Error: &f0r: no such variable.
Note: Starting dynamic gmin stepping
Note: Dynamic gmin stepping completed
Note: Starting dynamic gmin stepping
Note: Dynamic gmin stepping completed
Note: Starting dynamic gmin stepping
Note: Dynamic gmin stepping completed

Error: measure  f0r  when(WHEN) : out of interval
Error: &f0r: no such variable.
Note: Starting dynamic gmin stepping
Note: Dynamic gmin stepping completed
Note: Starting dynamic gmin stepping
Note: Dynamic gmin stepping completed
Note: Starting dynamic gmin stepping
Note: Dynamic gmin stepping completed

Error: measure  f0r  when(WHEN) : out of interval
Error: &f0r: no such variable.
Note: Starting dynamic gmin stepping
Note: Dynamic gmin stepping completed
Note: Starting dynamic gmin stepping
Note: Dynamic gmin stepping completed
Note: Starting dynamic gmin stepping
Note: Dynamic gmin stepping completed

Error: measure  f0r  when(WHEN) : out of interval
Error: &f0r: no such variable.
Note: Starting dynamic gmin stepping
Note: Dynamic gmin stepping completed
Note: Starting dynamic gmin stepping
Note: Dynamic gmin stepping completed
Note: Starting dynamic gmin stepping
Note: Dynamic gmin stepping completed

Error: measure  f0r  when(WHEN) : out of interval
Error: &f0r: no such variable.
Note: Starting dynamic gmin stepping
Note: Dynamic gmin stepping completed
Note: Starting dynamic gmin stepping
Note: Dynamic gmin stepping completed
Note: Starting dynamic gmin stepping
Note: Dynamic gmin stepping completed

Error: measure  f0r  when(WHEN) : out of interval
Error: &f0r: no such variable.
Note: Starting dynamic gmin stepping
Note: Dynamic gmin stepping completed
Note: Starting dynamic gmin stepping
Note: Dynamic gmin stepping completed
Note: Starting dynamic gmin stepping
Note: Dynamic gmin stepping completed

Error: measure  f0r  when(WHEN) : out of interval
Error: &f0r: no such variable.
Note: Starting dynamic gmin stepping
Note: Dynamic gmin stepping completed
Note: Starting dynamic gmin stepping
Note: Dynamic gmin stepping completed
Note: Starting dynamic gmin stepping
Note: Dynamic gmin stepping completed

Error: measure  f0r  when(WHEN) : out of interval
Error: &f0r: no such variable.
Note: Starting dynamic gmin stepping
Note: Dynamic gmin stepping completed
Note: Starting dynamic gmin stepping
Note: Dynamic gmin stepping completed
Note: Starting dynamic gmin stepping
Note: Dynamic gmin stepping completed

Error: measure  f0r  when(WHEN) : out of interval
Error: &f0r: no such variable.
Note: Starting dynamic gmin stepping
Note: Dynamic gmin stepping completed
Note: Starting dynamic gmin stepping
Note: Dynamic gmin stepping completed
Note: Starting dynamic gmin stepping
Note: Dynamic gmin stepping completed

Error: measure  f0r  when(WHEN) : out of interval
Error: &f0r: no such variable.
Note: Starting dynamic gmin stepping
Note: Dynamic gmin stepping completed
Note: Starting dynamic gmin stepping
Note: Dynamic gmin stepping completed
Note: Starting dynamic gmin stepping
Note: Dynamic gmin stepping completed

Error: measure  f0r  when(WHEN) : out of interval
Error: &f0r: no such variable.
Note: Starting dynamic gmin stepping
Note: Dynamic gmin stepping completed
Note: Starting dynamic gmin stepping
Note: Dynamic gmin stepping completed
Note: Starting dynamic gmin stepping
Note: Dynamic gmin stepping completed

Error: measure  f0r  when(WHEN) : out of interval
Error: &f0r: no such variable.
Note: Starting dynamic gmin stepping
Warning: Dynamic gmin stepping failed
Note: Starting true gmin stepping
Note: True gmin stepping completed
Note: Starting dynamic gmin stepping
Warning: Dynamic gmin stepping failed
Note: Starting true gmin stepping
Note: True gmin stepping completed
Note: Starting dynamic gmin stepping
Warning: Dynamic gmin stepping failed
Note: Starting true gmin stepping
Note: True gmin stepping completed

Error: measure  f0r  when(WHEN) : out of interval
Error: &f0r: no such variable.
Note: Starting dynamic gmin stepping
Warning: Dynamic gmin stepping failed
Note: Starting true gmin stepping
Note: True gmin stepping completed
Note: Starting dynamic gmin stepping
Warning: Dynamic gmin stepping failed
Note: Starting true gmin stepping
Note: True gmin stepping completed
Note: Starting dynamic gmin stepping
Warning: Dynamic gmin stepping failed
Note: Starting true gmin stepping
Note: True gmin stepping completed

Error: measure  f0r  when(WHEN) : out of interval
Error: &f0r: no such variable.
Note: Starting dynamic gmin stepping
Warning: Dynamic gmin stepping failed
Note: Starting true gmin stepping
Note: True gmin stepping completed
Note: Starting dynamic gmin stepping
Warning: Dynamic gmin stepping failed
Note: Starting true gmin stepping
Note: True gmin stepping completed
Note: Starting dynamic gmin stepping
Warning: Dynamic gmin stepping failed
Note: Starting true gmin stepping
Note: True gmin stepping completed

Error: measure  f0r  when(WHEN) : out of interval
Error: &f0r: no such variable.
Note: Starting dynamic gmin stepping
Warning: Dynamic gmin stepping failed
Note: Starting true gmin stepping
Note: True gmin stepping completed
Note: Starting dynamic gmin stepping
Warning: Dynamic gmin stepping failed
Note: Starting true gmin stepping
Note: True gmin stepping completed
Note: Starting dynamic gmin stepping
Warning: Dynamic gmin stepping failed
Note: Starting true gmin stepping
Note: True gmin stepping completed

Error: measure  f0r  when(WHEN) : out of interval
Error: &f0r: no such variable.
Note: Starting dynamic gmin stepping
Warning: Dynamic gmin stepping failed
Note: Starting true gmin stepping
Note: True gmin stepping completed
Note: Starting dynamic gmin stepping
Warning: Dynamic gmin stepping failed
Note: Starting true gmin stepping
Note: True gmin stepping completed
Note: Starting dynamic gmin stepping
Warning: Dynamic gmin stepping failed
Note: Starting true gmin stepping
Note: True gmin stepping completed

Error: measure  f0r  when(WHEN) : out of interval
Error: &f0r: no such variable.
Note: Starting dynamic gmin stepping
Warning: Dynamic gmin stepping failed
Note: Starting true gmin stepping
Note: True gmin stepping completed
Note: Starting dynamic gmin stepping
Warning: Dynamic gmin stepping failed
Note: Starting true gmin stepping
Note: True gmin stepping completed
Note: Starting dynamic gmin stepping
Warning: Dynamic gmin stepping failed
Note: Starting true gmin stepping
Note: True gmin stepping completed

Error: measure  f0r  when(WHEN) : out of interval
Error: &f0r: no such variable.
Note: Starting dynamic gmin stepping
Warning: Dynamic gmin stepping failed
Note: Starting true gmin stepping
Note: True gmin stepping completed
Note: Starting dynamic gmin stepping
Warning: Dynamic gmin stepping failed
Note: Starting true gmin stepping
Note: True gmin stepping completed
Note: Starting dynamic gmin stepping
Warning: Dynamic gmin stepping failed
Note: Starting true gmin stepping
Note: True gmin stepping completed

Error: measure  f0r  when(WHEN) : out of interval
Error: &f0r: no such variable.
Note: Starting dynamic gmin stepping
Warning: Dynamic gmin stepping failed
Note: Starting true gmin stepping
Note: True gmin stepping completed
Note: Starting dynamic gmin stepping
Warning: Dynamic gmin stepping failed
Note: Starting true gmin stepping
Note: True gmin stepping completed
Note: Starting dynamic gmin stepping
Warning: Dynamic gmin stepping failed
Note: Starting true gmin stepping
Note: True gmin stepping completed

Error: measure  f0r  when(WHEN) : out of interval
Error: &f0r: no such variable.
Note: Starting dynamic gmin stepping
Warning: Dynamic gmin stepping failed
Note: Starting true gmin stepping
Note: True gmin stepping completed
Note: Starting dynamic gmin stepping
Warning: Dynamic gmin stepping failed
Note: Starting true gmin stepping
Note: True gmin stepping completed
Note: Starting dynamic gmin stepping
Warning: Dynamic gmin stepping failed
Note: Starting true gmin stepping
Note: True gmin stepping completed

Error: measure  f0r  when(WHEN) : out of interval
Error: &f0r: no such variable.
Note: Starting dynamic gmin stepping
Warning: Dynamic gmin stepping failed
Note: Starting true gmin stepping
Note: True gmin stepping completed
Note: Starting dynamic gmin stepping
Warning: Dynamic gmin stepping failed
Note: Starting true gmin stepping
Note: True gmin stepping completed
Note: Starting dynamic gmin stepping
Warning: Dynamic gmin stepping failed
Note: Starting true gmin stepping
Note: True gmin stepping completed

Error: measure  f0r  when(WHEN) : out of interval
Error: &f0r: no such variable.
Note: Starting dynamic gmin stepping
Warning: Dynamic gmin stepping failed
Note: Starting true gmin stepping
Note: True gmin stepping completed
Note: Starting dynamic gmin stepping
Warning: Dynamic gmin stepping failed
Note: Starting true gmin stepping
Note: True gmin stepping completed
Note: Starting dynamic gmin stepping
Warning: Dynamic gmin stepping failed
Note: Starting true gmin stepping
Note: True gmin stepping completed

Error: measure  f0r  when(WHEN) : out of interval
Error: &f0r: no such variable.
Note: Starting dynamic gmin stepping
Warning: Dynamic gmin stepping failed
Note: Starting true gmin stepping
Note: True gmin stepping completed
Note: Starting dynamic gmin stepping
Warning: Dynamic gmin stepping failed
Note: Starting true gmin stepping
Note: True gmin stepping completed
Note: Starting dynamic gmin stepping
Warning: Dynamic gmin stepping failed
Note: Starting true gmin stepping
Note: True gmin stepping completed

Error: measure  f0r  when(WHEN) : out of interval
Error: &f0r: no such variable.
Note: Starting dynamic gmin stepping
Warning: Dynamic gmin stepping failed
Note: Starting true gmin stepping
Note: True gmin stepping completed
Note: Starting dynamic gmin stepping
Warning: Dynamic gmin stepping failed
Note: Starting true gmin stepping
Note: True gmin stepping completed
Note: Starting dynamic gmin stepping
Warning: Dynamic gmin stepping failed
Note: Starting true gmin stepping
Note: True gmin stepping completed

Error: measure  f0r  when(WHEN) : out of interval
Error: &f0r: no such variable.
Note: Starting dynamic gmin stepping
Warning: Dynamic gmin stepping failed
Note: Starting true gmin stepping
Note: True gmin stepping completed
Note: Starting dynamic gmin stepping
Warning: Dynamic gmin stepping failed
Note: Starting true gmin stepping
Note: True gmin stepping completed
Note: Starting dynamic gmin stepping
Warning: Dynamic gmin stepping failed
Note: Starting true gmin stepping
Note: True gmin stepping completed

Error: measure  f0r  when(WHEN) : out of interval
Error: &f0r: no such variable.
Note: Starting dynamic gmin stepping
Warning: Dynamic gmin stepping failed
Note: Starting true gmin stepping
Note: True gmin stepping completed
Note: Starting dynamic gmin stepping
Warning: Dynamic gmin stepping failed
Note: Starting true gmin stepping
Note: True gmin stepping completed
Note: Starting dynamic gmin stepping
Warning: Dynamic gmin stepping failed
Note: Starting true gmin stepping
Note: True gmin stepping completed

Error: measure  f0r  when(WHEN) : out of interval
Error: &f0r: no such variable.
Note: Starting dynamic gmin stepping
Warning: Dynamic gmin stepping failed
Note: Starting true gmin stepping
Note: True gmin stepping completed
Note: Starting dynamic gmin stepping
Warning: Dynamic gmin stepping failed
Note: Starting true gmin stepping
Note: True gmin stepping completed
Note: Starting dynamic gmin stepping
Warning: Dynamic gmin stepping failed
Note: Starting true gmin stepping
Note: True gmin stepping completed

Error: measure  f0r  when(WHEN) : out of interval
Error: &f0r: no such variable.
Note: Starting dynamic gmin stepping
Warning: Dynamic gmin stepping failed
Note: Starting true gmin stepping
Note: True gmin stepping completed
Note: Starting dynamic gmin stepping
Warning: Dynamic gmin stepping failed
Note: Starting true gmin stepping
Note: True gmin stepping completed
Note: Starting dynamic gmin stepping
Warning: Dynamic gmin stepping failed
Note: Starting true gmin stepping
Note: True gmin stepping completed

Error: measure  f0r  when(WHEN) : out of interval
Error: &f0r: no such variable.
Note: Starting dynamic gmin stepping
Warning: Dynamic gmin stepping failed
Note: Starting true gmin stepping
Note: True gmin stepping completed
Note: Starting dynamic gmin stepping
Warning: Dynamic gmin stepping failed
Note: Starting true gmin stepping
Note: True gmin stepping completed
Note: Starting dynamic gmin stepping
Warning: Dynamic gmin stepping failed
Note: Starting true gmin stepping
Note: True gmin stepping completed

Error: measure  f0r  when(WHEN) : out of interval
Error: &f0r: no such variable.
Note: Starting dynamic gmin stepping
Warning: Dynamic gmin stepping failed
Note: Starting true gmin stepping
Note: True gmin stepping completed
Note: Starting dynamic gmin stepping
Warning: Dynamic gmin stepping failed
Note: Starting true gmin stepping
Note: True gmin stepping completed
Note: Starting dynamic gmin stepping
Warning: Dynamic gmin stepping failed
Note: Starting true gmin stepping
Note: True gmin stepping completed

Error: measure  f0r  when(WHEN) : out of interval
Error: &f0r: no such variable.
Note: Starting dynamic gmin stepping
Warning: Dynamic gmin stepping failed
Note: Starting true gmin stepping
Note: True gmin stepping completed
Note: Starting dynamic gmin stepping
Warning: Dynamic gmin stepping failed
Note: Starting true gmin stepping
Note: True gmin stepping completed
Note: Starting dynamic gmin stepping
Warning: Dynamic gmin stepping failed
Note: Starting true gmin stepping
Note: True gmin stepping completed

Error: measure  f0r  when(WHEN) : out of interval
Error: &f0r: no such variable.
Note: Starting dynamic gmin stepping
Warning: Dynamic gmin stepping failed
Note: Starting true gmin stepping
Note: True gmin stepping completed
Note: Starting dynamic gmin stepping
Warning: Dynamic gmin stepping failed
Note: Starting true gmin stepping
Note: True gmin stepping completed
Note: Starting dynamic gmin stepping
Warning: Dynamic gmin stepping failed
Note: Starting true gmin stepping
Note: True gmin stepping completed

Error: measure  f0r  when(WHEN) : out of interval
Error: &f0r: no such variable.
Note: Starting dynamic gmin stepping
Warning: Dynamic gmin stepping failed
Note: Starting true gmin stepping
Note: True gmin stepping completed
Note: Starting dynamic gmin stepping
Warning: Dynamic gmin stepping failed
Note: Starting true gmin stepping
Note: True gmin stepping completed
Note: Starting dynamic gmin stepping
Warning: Dynamic gmin stepping failed
Note: Starting true gmin stepping
Note: True gmin stepping completed

Error: measure  f0r  when(WHEN) : out of interval
Error: &f0r: no such variable.
Note: Starting dynamic gmin stepping
Warning: Dynamic gmin stepping failed
Note: Starting true gmin stepping
Note: True gmin stepping completed
Note: Starting dynamic gmin stepping
Warning: Dynamic gmin stepping failed
Note: Starting true gmin stepping
Note: True gmin stepping completed
Note: Starting dynamic gmin stepping
Warning: Dynamic gmin stepping failed
Note: Starting true gmin stepping
Note: True gmin stepping completed

Error: measure  f0r  when(WHEN) : out of interval
Error: &f0r: no such variable.
Note: Starting dynamic gmin stepping
Warning: Dynamic gmin stepping failed
Note: Starting true gmin stepping
Note: True gmin stepping completed
Note: Starting dynamic gmin stepping
Warning: Dynamic gmin stepping failed
Note: Starting true gmin stepping
Note: True gmin stepping completed
Note: Starting dynamic gmin stepping
Warning: Dynamic gmin stepping failed
Note: Starting true gmin stepping
Note: True gmin stepping completed

Error: measure  f0r  when(WHEN) : out of interval
Error: &f0r: no such variable.
Note: Starting dynamic gmin stepping
Note: Dynamic gmin stepping completed
Note: Starting dynamic gmin stepping
Note: Dynamic gmin stepping completed
Note: Starting dynamic gmin stepping
Note: Dynamic gmin stepping completed

Error: measure  f0r  when(WHEN) : out of interval
Error: &f0r: no such variable.
Note: Starting dynamic gmin stepping
Note: Dynamic gmin stepping completed
Note: Starting dynamic gmin stepping
Note: Dynamic gmin stepping completed
Note: Starting dynamic gmin stepping
Note: Dynamic gmin stepping completed

Error: measure  f0r  when(WHEN) : out of interval
Error: &f0r: no such variable.
Note: Starting dynamic gmin stepping
Note: Dynamic gmin stepping completed
Note: Starting dynamic gmin stepping
Note: Dynamic gmin stepping completed
Note: Starting dynamic gmin stepping
Note: Dynamic gmin stepping completed

Error: measure  f0r  when(WHEN) : out of interval
Error: &f0r: no such variable.
Note: Starting dynamic gmin stepping
Note: Dynamic gmin stepping completed
Note: Starting dynamic gmin stepping
Note: Dynamic gmin stepping completed
Note: Starting dynamic gmin stepping
Note: Dynamic gmin stepping completed

Error: measure  f0r  when(WHEN) : out of interval
Error: &f0r: no such variable.
Note: Starting dynamic gmin stepping
Note: Dynamic gmin stepping completed
Note: Starting dynamic gmin stepping
Note: Dynamic gmin stepping completed
Note: Starting dynamic gmin stepping
Note: Dynamic gmin stepping completed

Error: measure  f0r  when(WHEN) : out of interval
Error: &f0r: no such variable.
Note: Starting dynamic gmin stepping
Note: Dynamic gmin stepping completed
Note: Starting dynamic gmin stepping
Note: Dynamic gmin stepping completed
Note: Starting dynamic gmin stepping
Note: Dynamic gmin stepping completed

Error: measure  f0r  when(WHEN) : out of interval
Error: &f0r: no such variable.
Note: Starting dynamic gmin stepping
Note: Dynamic gmin stepping completed
Note: Starting dynamic gmin stepping
Note: Dynamic gmin stepping completed
Note: Starting dynamic gmin stepping
Note: Dynamic gmin stepping completed

Error: measure  f0r  when(WHEN) : out of interval
Error: &f0r: no such variable.
Note: Starting dynamic gmin stepping
Note: Dynamic gmin stepping completed
Note: Starting dynamic gmin stepping
Note: Dynamic gmin stepping completed
Note: Starting dynamic gmin stepping
Note: Dynamic gmin stepping completed

Error: measure  f0r  when(WHEN) : out of interval
Error: &f0r: no such variable.
Note: Starting dynamic gmin stepping
Note: Dynamic gmin stepping completed
Note: Starting dynamic gmin stepping
Note: Dynamic gmin stepping completed
Note: Starting dynamic gmin stepping
Note: Dynamic gmin stepping completed

Error: measure  f0r  when(WHEN) : out of interval
Error: &f0r: no such variable.
Note: Starting dynamic gmin stepping
Note: Dynamic gmin stepping completed
Note: Starting dynamic gmin stepping
Note: Dynamic gmin stepping completed
Note: Starting dynamic gmin stepping
Note: Dynamic gmin stepping completed

Error: measure  f0r  when(WHEN) : out of interval
Error: &f0r: no such variable.
Note: Starting dynamic gmin stepping
Note: Dynamic gmin stepping completed
Note: Starting dynamic gmin stepping
Note: Dynamic gmin stepping completed
Note: Starting dynamic gmin stepping
Note: Dynamic gmin stepping completed

Error: measure  f0r  when(WHEN) : out of interval
Error: &f0r: no such variable.
Note: Starting dynamic gmin stepping
Note: Dynamic gmin stepping completed
Note: Starting dynamic gmin stepping
Note: Dynamic gmin stepping completed
Note: Starting dynamic gmin stepping
Note: Dynamic gmin stepping completed

Error: measure  f0r  when(WHEN) : out of interval
Error: &f0r: no such variable.
