
Note: Compatibility modes selected: hs a


Circuit: * loop-stability -- tian dual-injection loop-gain testbench for ldo_core (issue #10)

* corner_id=fs_-40c_3.30v corner=fs temp_c=-40 vin_v=3.3
* ac sweep: dec 400 0.01 1e9 ; Tian dual injection at ERRAMP_OUT->PASS_GATE
* columns: ROW iload_a= ceff_f= esr_ohm= vout_v= dcgain_db= f0_hz= phase_at_f0_deg=
*          f180_hz= gain_at_f180_db= f0_rising_hz= resurgence_db=
* (phase margin = 180 + phase_at_f0_deg ; gain margin = -gain_at_f180_db ;
*  resurgence_db = max |T| in dB above the first 0 dB crossing, DR-0008 ;
*  an empty f180/gain field means the phase never reaches -180 deg in band)
* Fields are written key=value BECAUSE a failed meas leaves its value
* empty: with bare positional fields an empty one vanishes into the
* whitespace and every field after it is read as the wrong quantity.
Doing analysis at TEMP = -40.000000 and TNOM = 27.000000

Using SPARSE 1.3 as Direct Linear Solver
 Reference value :  0.00000e+00
No. of Data Rows : 1
Doing analysis at TEMP = -40.000000 and TNOM = 27.000000

Using SPARSE 1.3 as Direct Linear Solver
 Reference value :  1.45378e+06
No. of Data Rows : 4401
Doing analysis at TEMP = -40.000000 and TNOM = 27.000000

Using SPARSE 1.3 as Direct Linear Solver
 Reference value :  2.33077e-01
No. of Data Rows : 4401
dcg                 =  1.35744e+02
f0                  =  3.70489e+03
phx                 =  -1.43260e+02
f180                =  3.93183e+05
gmx                 =  -5.41100e+01
 meas ac f0r when tdb=0 rise=1 failed!

tres                =  -6.87154e-01 at=  3.89045e+03
ROW iload_a=0 ceff_f=3.3e-07 esr_ohm=0.001 vout_v=1.79944 dcgain_db=135.744 f0_hz=3704.89 phase_at_f0_deg=-143.26 f180_hz=393183 gain_at_f180_db=-54.11 f0_rising_hz= resurgence_db=-0.687154
Doing analysis at TEMP = -40.000000 and TNOM = 27.000000

Using SPARSE 1.3 as Direct Linear Solver
 Reference value :  0.00000e+00
No. of Data Rows : 1
Doing analysis at TEMP = -40.000000 and TNOM = 27.000000

Using SPARSE 1.3 as Direct Linear Solver
 Reference value :  2.00678e-02
No. of Data Rows : 4401
Doing analysis at TEMP = -40.000000 and TNOM = 27.000000

Using SPARSE 1.3 as Direct Linear Solver
 Reference value :  1.00000e-02
No. of Data Rows : 4401
dcg                 =  1.35744e+02
f0                  =  3.70438e+03
phx                 =  -1.43261e+02
f180                =  4.25306e+05
gmx                 =  -5.54486e+01
 meas ac f0r when tdb=0 rise=1 failed!

tres                =  -6.89215e-01 at=  3.89045e+03
ROW iload_a=0 ceff_f=3.3e-07 esr_ohm=0.05 vout_v=1.79944 dcgain_db=135.744 f0_hz=3704.38 phase_at_f0_deg=-143.261 f180_hz=425306 gain_at_f180_db=-55.4486 f0_rising_hz= resurgence_db=-0.689215
Doing analysis at TEMP = -40.000000 and TNOM = 27.000000

Using SPARSE 1.3 as Direct Linear Solver
 Reference value :  0.00000e+00
No. of Data Rows : 1
Doing analysis at TEMP = -40.000000 and TNOM = 27.000000

Using SPARSE 1.3 as Direct Linear Solver
 Reference value :  1.00000e-02
 Reference value :  4.09732e+07
No. of Data Rows : 4401
Doing analysis at TEMP = -40.000000 and TNOM = 27.000000

Using SPARSE 1.3 as Direct Linear Solver
 Reference value :  1.00000e-02
 Reference value :  2.95121e+08
No. of Data Rows : 4401
dcg                 =  1.35744e+02
f0                  =  3.70438e+03
phx                 =  -1.43195e+02
f180                =  6.12200e+05
gmx                 =  -6.15104e+01
 meas ac f0r when tdb=0 rise=1 failed!

tres                =  -6.89207e-01 at=  3.89045e+03
ROW iload_a=0 ceff_f=3.3e-07 esr_ohm=0.2 vout_v=1.79944 dcgain_db=135.744 f0_hz=3704.38 phase_at_f0_deg=-143.195 f180_hz=612200 gain_at_f180_db=-61.5104 f0_rising_hz= resurgence_db=-0.689207
Doing analysis at TEMP = -40.000000 and TNOM = 27.000000

Using SPARSE 1.3 as Direct Linear Solver
 Reference value :  0.00000e+00
No. of Data Rows : 1
Doing analysis at TEMP = -40.000000 and TNOM = 27.000000

Using SPARSE 1.3 as Direct Linear Solver
 Reference value :  1.00000e-02
 Reference value :  4.34010e+07
No. of Data Rows : 4401
Doing analysis at TEMP = -40.000000 and TNOM = 27.000000

Using SPARSE 1.3 as Direct Linear Solver
 Reference value :  1.00000e-02
 Reference value :  2.60016e+08
No. of Data Rows : 4401
dcg                 =  1.35744e+02
f0                  =  3.70439e+03
phx                 =  -1.43063e+02
f180                =  5.87791e+06
gmx                 =  -7.71003e+01
 meas ac f0r when tdb=0 rise=1 failed!

tres                =  -6.89152e-01 at=  3.89045e+03
ROW iload_a=0 ceff_f=3.3e-07 esr_ohm=0.5 vout_v=1.79944 dcgain_db=135.744 f0_hz=3704.39 phase_at_f0_deg=-143.063 f180_hz=5.87791E+06 gain_at_f180_db=-77.1003 f0_rising_hz= resurgence_db=-0.689152
Doing analysis at TEMP = -40.000000 and TNOM = 27.000000

Using SPARSE 1.3 as Direct Linear Solver
 Reference value :  0.00000e+00
No. of Data Rows : 1
Doing analysis at TEMP = -40.000000 and TNOM = 27.000000

Using SPARSE 1.3 as Direct Linear Solver
 Reference value :  1.00000e-02
 Reference value :  6.83912e+07
No. of Data Rows : 4401
Doing analysis at TEMP = -40.000000 and TNOM = 27.000000

Using SPARSE 1.3 as Direct Linear Solver
 Reference value :  1.00000e-02
 Reference value :  3.01995e+08
No. of Data Rows : 4401
dcg                 =  1.35739e+02
f0                  =  1.97103e+03
phx                 =  -1.58199e+02
f180                =  3.95378e+05
gmx                 =  -6.38641e+01
 meas ac f0r when tdb=0 rise=1 failed!

tres                =  -8.44806e-01 at=  2.07730e+03
ROW iload_a=0 ceff_f=1e-06 esr_ohm=0.001 vout_v=1.79944 dcgain_db=135.739 f0_hz=1971.03 phase_at_f0_deg=-158.199 f180_hz=395378 gain_at_f180_db=-63.8641 f0_rising_hz= resurgence_db=-0.844806
Doing analysis at TEMP = -40.000000 and TNOM = 27.000000

Using SPARSE 1.3 as Direct Linear Solver
 Reference value :  0.00000e+00
No. of Data Rows : 1
Doing analysis at TEMP = -40.000000 and TNOM = 27.000000

Using SPARSE 1.3 as Direct Linear Solver
 Reference value :  1.00000e-02
 Reference value :  7.49894e+07
No. of Data Rows : 4401
Doing analysis at TEMP = -40.000000 and TNOM = 27.000000

Using SPARSE 1.3 as Direct Linear Solver
 Reference value :  1.00000e-02
 Reference value :  2.35776e+08
No. of Data Rows : 4401
dcg                 =  1.35739e+02
f0                  =  1.97094e+03
phx                 =  -1.58178e+02
f180                =  5.35839e+05
gmx                 =  -6.90453e+01
 meas ac f0r when tdb=0 rise=1 failed!

tres                =  -8.45620e-01 at=  2.07730e+03
ROW iload_a=0 ceff_f=1e-06 esr_ohm=0.05 vout_v=1.79944 dcgain_db=135.739 f0_hz=1970.93 phase_at_f0_deg=-158.178 f180_hz=535839 gain_at_f180_db=-69.0453 f0_rising_hz= resurgence_db=-0.84562
Doing analysis at TEMP = -40.000000 and TNOM = 27.000000

Using SPARSE 1.3 as Direct Linear Solver
 Reference value :  0.00000e+00
No. of Data Rows : 1
Doing analysis at TEMP = -40.000000 and TNOM = 27.000000

Using SPARSE 1.3 as Direct Linear Solver
 Reference value :  1.00000e-02
 Reference value :  5.04081e+07
No. of Data Rows : 4401
Doing analysis at TEMP = -40.000000 and TNOM = 27.000000

Using SPARSE 1.3 as Direct Linear Solver
 Reference value :  1.00000e-02
 Reference value :  4.39036e+07
No. of Data Rows : 4401
dcg                 =  1.35739e+02
f0                  =  1.97094e+03
phx                 =  -1.58072e+02
f180                =  6.20400e+06
gmx                 =  -7.70064e+01
 meas ac f0r when tdb=0 rise=1 failed!

tres                =  -8.45594e-01 at=  2.07730e+03
ROW iload_a=0 ceff_f=1e-06 esr_ohm=0.2 vout_v=1.79944 dcgain_db=135.739 f0_hz=1970.94 phase_at_f0_deg=-158.072 f180_hz=6.204E+06 gain_at_f180_db=-77.0063 f0_rising_hz= resurgence_db=-0.845594
Doing analysis at TEMP = -40.000000 and TNOM = 27.000000

Using SPARSE 1.3 as Direct Linear Solver
 Reference value :  0.00000e+00
No. of Data Rows : 1
Doing analysis at TEMP = -40.000000 and TNOM = 27.000000

Using SPARSE 1.3 as Direct Linear Solver
 Reference value :  1.00000e-02
 Reference value :  5.95662e+07
No. of Data Rows : 4401
Doing analysis at TEMP = -40.000000 and TNOM = 27.000000

Using SPARSE 1.3 as Direct Linear Solver
 Reference value :  1.00000e-02
 Reference value :  6.83912e+07
No. of Data Rows : 4401
dcg                 =  1.35739e+02
f0                  =  1.97095e+03
phx                 =  -1.57859e+02
f180                =  5.87366e+06
gmx                 =  -7.69797e+01
 meas ac f0r when tdb=0 rise=1 failed!

tres                =  -8.45443e-01 at=  2.07730e+03
ROW iload_a=0 ceff_f=1e-06 esr_ohm=0.5 vout_v=1.79944 dcgain_db=135.739 f0_hz=1970.95 phase_at_f0_deg=-157.859 f180_hz=5.87366E+06 gain_at_f180_db=-76.9797 f0_rising_hz= resurgence_db=-0.845443
Doing analysis at TEMP = -40.000000 and TNOM = 27.000000

Using SPARSE 1.3 as Direct Linear Solver
 Reference value :  0.00000e+00
No. of Data Rows : 1
Doing analysis at TEMP = -40.000000 and TNOM = 27.000000

Using SPARSE 1.3 as Direct Linear Solver
 Reference value :  1.00000e-02
 Reference value :  5.43250e+07
No. of Data Rows : 4401
Doing analysis at TEMP = -40.000000 and TNOM = 27.000000

Using SPARSE 1.3 as Direct Linear Solver
 Reference value :  1.00000e-02
 Reference value :  6.72202e+07
No. of Data Rows : 4401
dcg                 =  1.35608e+02
f0                  =  8.82309e+02
phx                 =  -1.69719e+02
f180                =  4.09042e+05
gmx                 =  -7.80786e+01
 meas ac f0r when tdb=0 rise=1 failed!

tres                =  -8.60549e-01 at=  9.27897e+02
ROW iload_a=0 ceff_f=4.7e-06 esr_ohm=0.001 vout_v=1.79944 dcgain_db=135.608 f0_hz=882.31 phase_at_f0_deg=-169.719 f180_hz=409042 gain_at_f180_db=-78.0786 f0_rising_hz= resurgence_db=-0.860549
Doing analysis at TEMP = -40.000000 and TNOM = 27.000000

Using SPARSE 1.3 as Direct Linear Solver
 Reference value :  0.00000e+00
No. of Data Rows : 1
Doing analysis at TEMP = -40.000000 and TNOM = 27.000000

Using SPARSE 1.3 as Direct Linear Solver
 Reference value :  1.36458e-02
 Reference value :  1.12202e+08
No. of Data Rows : 4401
Doing analysis at TEMP = -40.000000 and TNOM = 27.000000

Using SPARSE 1.3 as Direct Linear Solver
 Reference value :  1.00000e-02
 Reference value :  7.20278e+07
No. of Data Rows : 4401
dcg                 =  1.35608e+02
f0                  =  8.82301e+02
phx                 =  -1.69653e+02
f180                =  6.34364e+06
gmx                 =  -7.69677e+01
 meas ac f0r when tdb=0 rise=1 failed!

tres                =  -8.60729e-01 at=  9.27897e+02
ROW iload_a=0 ceff_f=4.7e-06 esr_ohm=0.05 vout_v=1.79944 dcgain_db=135.608 f0_hz=882.301 phase_at_f0_deg=-169.653 f180_hz=6.34364E+06 gain_at_f180_db=-76.9677 f0_rising_hz= resurgence_db=-0.860729
Doing analysis at TEMP = -40.000000 and TNOM = 27.000000

Using SPARSE 1.3 as Direct Linear Solver
 Reference value :  0.00000e+00
No. of Data Rows : 1
Doing analysis at TEMP = -40.000000 and TNOM = 27.000000

Using SPARSE 1.3 as Direct Linear Solver
 Reference value :  1.00000e-02
 Reference value :  7.24436e+07
No. of Data Rows : 4401
Doing analysis at TEMP = -40.000000 and TNOM = 27.000000

Using SPARSE 1.3 as Direct Linear Solver
 Reference value :  1.00000e-02
 Reference value :  3.86812e+07
No. of Data Rows : 4401
dcg                 =  1.35608e+02
f0                  =  8.82307e+02
phx                 =  -1.69429e+02
f180                =  6.20068e+06
gmx                 =  -7.69674e+01
 meas ac f0r when tdb=0 rise=1 failed!

tres                =  -8.60609e-01 at=  9.27897e+02
ROW iload_a=0 ceff_f=4.7e-06 esr_ohm=0.2 vout_v=1.79944 dcgain_db=135.608 f0_hz=882.307 phase_at_f0_deg=-169.429 f180_hz=6.20068E+06 gain_at_f180_db=-76.9674 f0_rising_hz= resurgence_db=-0.860609
Doing analysis at TEMP = -40.000000 and TNOM = 27.000000

Using SPARSE 1.3 as Direct Linear Solver
 Reference value :  0.00000e+00
No. of Data Rows : 1
Doing analysis at TEMP = -40.000000 and TNOM = 27.000000

Using SPARSE 1.3 as Direct Linear Solver
 Reference value :  2.25165e-02
 Reference value :  7.67361e+07
No. of Data Rows : 4401
Doing analysis at TEMP = -40.000000 and TNOM = 27.000000

Using SPARSE 1.3 as Direct Linear Solver
 Reference value :  1.00000e-02
 Reference value :  6.41948e+08
No. of Data Rows : 4401
dcg                 =  1.35608e+02
f0                  =  8.82338e+02
phx                 =  -1.68980e+02
f180                =  5.87206e+06
gmx                 =  -7.69332e+01
 meas ac f0r when tdb=0 rise=1 failed!

tres                =  -8.59929e-01 at=  9.27897e+02
ROW iload_a=0 ceff_f=4.7e-06 esr_ohm=0.5 vout_v=1.79944 dcgain_db=135.608 f0_hz=882.338 phase_at_f0_deg=-168.981 f180_hz=5.87206E+06 gain_at_f180_db=-76.9332 f0_rising_hz= resurgence_db=-0.859929
Doing analysis at TEMP = -40.000000 and TNOM = 27.000000

Using SPARSE 1.3 as Direct Linear Solver
 Reference value :  0.00000e+00
No. of Data Rows : 1
Doing analysis at TEMP = -40.000000 and TNOM = 27.000000

Using SPARSE 1.3 as Direct Linear Solver
 Reference value :  1.00000e-02
 Reference value :  2.58523e+08
No. of Data Rows : 4401
Doing analysis at TEMP = -40.000000 and TNOM = 27.000000

Using SPARSE 1.3 as Direct Linear Solver
 Reference value :  1.00000e-02
 Reference value :  7.49894e+07
No. of Data Rows : 4401
dcg                 =  1.45415e+02
f0                  =  1.22139e+05
phx                 =  -1.28107e+02
f180                =  5.00775e+05
gmx                 =  -2.01674e+01
 meas ac f0r when tdb=0 rise=1 failed!

tres                =  -6.00713e-01 at=  1.28825e+05
ROW iload_a=0.0001 ceff_f=3.3e-07 esr_ohm=0.001 vout_v=1.79944 dcgain_db=145.415 f0_hz=122139 phase_at_f0_deg=-128.107 f180_hz=500775 gain_at_f180_db=-20.1674 f0_rising_hz= resurgence_db=-0.600713
Doing analysis at TEMP = -40.000000 and TNOM = 27.000000

Using SPARSE 1.3 as Direct Linear Solver
 Reference value :  0.00000e+00
No. of Data Rows : 1
Doing analysis at TEMP = -40.000000 and TNOM = 27.000000

Using SPARSE 1.3 as Direct Linear Solver
 Reference value :  1.00000e-02
 Reference value :  5.68853e+07
No. of Data Rows : 4401
Doing analysis at TEMP = -40.000000 and TNOM = 27.000000

Using SPARSE 1.3 as Direct Linear Solver
 Reference value :  1.00000e-02
 Reference value :  2.96825e+07
No. of Data Rows : 4401
dcg                 =  1.45415e+02
f0                  =  1.22146e+05
phx                 =  -1.27398e+02
f180                =  5.44632e+05
gmx                 =  -2.15618e+01
 meas ac f0r when tdb=0 rise=1 failed!

tres                =  -5.99955e-01 at=  1.28825e+05
ROW iload_a=0.0001 ceff_f=3.3e-07 esr_ohm=0.05 vout_v=1.79944 dcgain_db=145.415 f0_hz=122146 phase_at_f0_deg=-127.398 f180_hz=544632 gain_at_f180_db=-21.5618 f0_rising_hz= resurgence_db=-0.599955
Doing analysis at TEMP = -40.000000 and TNOM = 27.000000

Using SPARSE 1.3 as Direct Linear Solver
 Reference value :  0.00000e+00
No. of Data Rows : 1
Doing analysis at TEMP = -40.000000 and TNOM = 27.000000

Using SPARSE 1.3 as Direct Linear Solver
 Reference value :  1.00000e-02
 Reference value :  1.14156e+08
No. of Data Rows : 4401
Doing analysis at TEMP = -40.000000 and TNOM = 27.000000

Using SPARSE 1.3 as Direct Linear Solver
 Reference value :  1.00000e-02
 Reference value :  8.70964e+07
No. of Data Rows : 4401
dcg                 =  1.45415e+02
f0                  =  1.22260e+05
phx                 =  -1.25252e+02
f180                =  7.90359e+05
gmx                 =  -2.75480e+01
 meas ac f0r when tdb=0 rise=1 failed!

tres                =  -5.88404e-01 at=  1.28825e+05
ROW iload_a=0.0001 ceff_f=3.3e-07 esr_ohm=0.2 vout_v=1.79944 dcgain_db=145.415 f0_hz=122260 phase_at_f0_deg=-125.252 f180_hz=790359 gain_at_f180_db=-27.548 f0_rising_hz= resurgence_db=-0.588404
Doing analysis at TEMP = -40.000000 and TNOM = 27.000000

Using SPARSE 1.3 as Direct Linear Solver
 Reference value :  0.00000e+00
No. of Data Rows : 1
Doing analysis at TEMP = -40.000000 and TNOM = 27.000000

Using SPARSE 1.3 as Direct Linear Solver
 Reference value :  1.00000e-02
 Reference value :  3.67282e+07
No. of Data Rows : 4401
Doing analysis at TEMP = -40.000000 and TNOM = 27.000000

Using SPARSE 1.3 as Direct Linear Solver
 Reference value :  1.00000e-02
 Reference value :  5.46387e+07
No. of Data Rows : 4401
dcg                 =  1.45415e+02
f0                  =  1.22905e+05
phx                 =  -1.21068e+02
f180                =  1.74571e+06
gmx                 =  -3.65598e+01
 meas ac f0r when tdb=0 rise=1 failed!

tres                =  -5.88921e-01 at=  1.29569e+05
ROW iload_a=0.0001 ceff_f=3.3e-07 esr_ohm=0.5 vout_v=1.79944 dcgain_db=145.415 f0_hz=122905 phase_at_f0_deg=-121.068 f180_hz=1.74571E+06 gain_at_f180_db=-36.5598 f0_rising_hz= resurgence_db=-0.588921
Doing analysis at TEMP = -40.000000 and TNOM = 27.000000

Using SPARSE 1.3 as Direct Linear Solver
 Reference value :  0.00000e+00
No. of Data Rows : 1
Doing analysis at TEMP = -40.000000 and TNOM = 27.000000

Using SPARSE 1.3 as Direct Linear Solver
 Reference value :  1.00000e-02
 Reference value :  2.52639e+07
No. of Data Rows : 4401
Doing analysis at TEMP = -40.000000 and TNOM = 27.000000

Using SPARSE 1.3 as Direct Linear Solver
 Reference value :  1.00000e-02
 Reference value :  1.75792e+08
No. of Data Rows : 4401
dcg                 =  1.45415e+02
f0                  =  4.27824e+04
phx                 =  -1.06216e+02
f180                =  5.02413e+05
gmx                 =  -2.98522e+01
 meas ac f0r when tdb=0 rise=1 failed!

tres                =  -3.90688e-01 at=  4.49262e+04
ROW iload_a=0.0001 ceff_f=1e-06 esr_ohm=0.001 vout_v=1.79944 dcgain_db=145.415 f0_hz=42782.4 phase_at_f0_deg=-106.216 f180_hz=502413 gain_at_f180_db=-29.8522 f0_rising_hz= resurgence_db=-0.390688
Doing analysis at TEMP = -40.000000 and TNOM = 27.000000

Using SPARSE 1.3 as Direct Linear Solver
 Reference value :  0.00000e+00
No. of Data Rows : 1
Doing analysis at TEMP = -40.000000 and TNOM = 27.000000

Using SPARSE 1.3 as Direct Linear Solver
 Reference value :  1.00000e-02
 Reference value :  4.09732e+07
No. of Data Rows : 4401
Doing analysis at TEMP = -40.000000 and TNOM = 27.000000

Using SPARSE 1.3 as Direct Linear Solver
 Reference value :  1.00000e-02
 Reference value :  3.86812e+07
No. of Data Rows : 4401
dcg                 =  1.45415e+02
f0                  =  4.27865e+04
phx                 =  -1.05462e+02
f180                =  6.83903e+05
gmx                 =  -3.49028e+01
 meas ac f0r when tdb=0 rise=1 failed!

tres                =  -3.89842e-01 at=  4.49262e+04
ROW iload_a=0.0001 ceff_f=1e-06 esr_ohm=0.05 vout_v=1.79944 dcgain_db=145.415 f0_hz=42786.5 phase_at_f0_deg=-105.462 f180_hz=683903 gain_at_f180_db=-34.9028 f0_rising_hz= resurgence_db=-0.389842
Doing analysis at TEMP = -40.000000 and TNOM = 27.000000

Using SPARSE 1.3 as Direct Linear Solver
 Reference value :  0.00000e+00
No. of Data Rows : 1
Doing analysis at TEMP = -40.000000 and TNOM = 27.000000

Using SPARSE 1.3 as Direct Linear Solver
 Reference value :  1.00000e-02
 Reference value :  5.65588e+08
No. of Data Rows : 4401
Doing analysis at TEMP = -40.000000 and TNOM = 27.000000

Using SPARSE 1.3 as Direct Linear Solver
 Reference value :  1.00000e-02
 Reference value :  1.66917e+08
No. of Data Rows : 4401
dcg                 =  1.45415e+02
f0                  =  4.28494e+04
phx                 =  -1.03157e+02
f180                =  1.92375e+06
gmx                 =  -4.61864e+01
 meas ac f0r when tdb=0 rise=1 failed!

tres                =  -4.22886e-01 at=  4.51856e+04
ROW iload_a=0.0001 ceff_f=1e-06 esr_ohm=0.2 vout_v=1.79944 dcgain_db=145.415 f0_hz=42849.4 phase_at_f0_deg=-103.157 f180_hz=1.92375E+06 gain_at_f180_db=-46.1864 f0_rising_hz= resurgence_db=-0.422886
Doing analysis at TEMP = -40.000000 and TNOM = 27.000000

Using SPARSE 1.3 as Direct Linear Solver
 Reference value :  0.00000e+00
No. of Data Rows : 1
Doing analysis at TEMP = -40.000000 and TNOM = 27.000000

Using SPARSE 1.3 as Direct Linear Solver
 Reference value :  1.00000e-02
 Reference value :  6.91831e+07
No. of Data Rows : 4401
Doing analysis at TEMP = -40.000000 and TNOM = 27.000000

Using SPARSE 1.3 as Direct Linear Solver
 Reference value :  1.00000e-02
 Reference value :  5.85464e+07
No. of Data Rows : 4401
dcg                 =  1.45415e+02
f0                  =  4.32087e+04
phx                 =  -9.85555e+01
f180                =  2.31537e+06
gmx                 =  -4.13047e+01
 meas ac f0r when tdb=0 rise=1 failed!

tres                =  -3.95471e-01 at=  4.54465e+04
ROW iload_a=0.0001 ceff_f=1e-06 esr_ohm=0.5 vout_v=1.79944 dcgain_db=145.415 f0_hz=43208.7 phase_at_f0_deg=-98.5555 f180_hz=2.31537E+06 gain_at_f180_db=-41.3047 f0_rising_hz= resurgence_db=-0.395471
Doing analysis at TEMP = -40.000000 and TNOM = 27.000000

Using SPARSE 1.3 as Direct Linear Solver
 Reference value :  0.00000e+00
No. of Data Rows : 1
Doing analysis at TEMP = -40.000000 and TNOM = 27.000000

Using SPARSE 1.3 as Direct Linear Solver
 Reference value :  1.00000e-02
 Reference value :  1.25170e+07
No. of Data Rows : 4401
Doing analysis at TEMP = -40.000000 and TNOM = 27.000000

Using SPARSE 1.3 as Direct Linear Solver
 Reference value :  1.00000e-02
 Reference value :  6.38263e+07
No. of Data Rows : 4401
dcg                 =  1.45415e+02
f0                  =  9.99115e+03
phx                 =  -1.27420e+02
f180                =  5.11853e+05
gmx                 =  -4.36099e+01
 meas ac f0r when tdb=0 rise=1 failed!

tres                =  -6.11823e-01 at=  1.05317e+04
ROW iload_a=0.0001 ceff_f=4.7e-06 esr_ohm=0.001 vout_v=1.79944 dcgain_db=145.415 f0_hz=9991.15 phase_at_f0_deg=-127.42 f180_hz=511853 gain_at_f180_db=-43.6099 f0_rising_hz= resurgence_db=-0.611823
Doing analysis at TEMP = -40.000000 and TNOM = 27.000000

Using SPARSE 1.3 as Direct Linear Solver
 Reference value :  0.00000e+00
No. of Data Rows : 1
Doing analysis at TEMP = -40.000000 and TNOM = 27.000000

Using SPARSE 1.3 as Direct Linear Solver
 Reference value :  1.00000e-02
 Reference value :  3.65174e+07
No. of Data Rows : 4401
Doing analysis at TEMP = -40.000000 and TNOM = 27.000000

Using SPARSE 1.3 as Direct Linear Solver
 Reference value :  1.00000e-02
 Reference value :  7.07946e+07
No. of Data Rows : 4401
dcg                 =  1.45415e+02
f0                  =  9.99194e+03
phx                 =  -1.26589e+02
f180                =  2.14625e+06
gmx                 =  -5.99267e+01
 meas ac f0r when tdb=0 rise=1 failed!

tres                =  -6.10792e-01 at=  1.05317e+04
ROW iload_a=0.0001 ceff_f=4.7e-06 esr_ohm=0.05 vout_v=1.79944 dcgain_db=145.415 f0_hz=9991.94 phase_at_f0_deg=-126.589 f180_hz=2.14625E+06 gain_at_f180_db=-59.9267 f0_rising_hz= resurgence_db=-0.610792
Doing analysis at TEMP = -40.000000 and TNOM = 27.000000

Using SPARSE 1.3 as Direct Linear Solver
 Reference value :  0.00000e+00
No. of Data Rows : 1
Doing analysis at TEMP = -40.000000 and TNOM = 27.000000

Using SPARSE 1.3 as Direct Linear Solver
 Reference value :  1.00000e-02
 Reference value :  1.79887e+07
No. of Data Rows : 4401
Doing analysis at TEMP = -40.000000 and TNOM = 27.000000

Using SPARSE 1.3 as Direct Linear Solver
 Reference value :  1.00000e-02
No. of Data Rows : 4401
dcg                 =  1.45415e+02
f0                  =  1.00040e+04
phx                 =  -1.24019e+02
f180                =  2.45662e+06
gmx                 =  -5.01545e+01
 meas ac f0r when tdb=0 rise=1 failed!

tres                =  -5.95128e-01 at=  1.05317e+04
ROW iload_a=0.0001 ceff_f=4.7e-06 esr_ohm=0.2 vout_v=1.79944 dcgain_db=145.415 f0_hz=10004 phase_at_f0_deg=-124.019 f180_hz=2.45662E+06 gain_at_f180_db=-50.1545 f0_rising_hz= resurgence_db=-0.595128
Doing analysis at TEMP = -40.000000 and TNOM = 27.000000

Using SPARSE 1.3 as Direct Linear Solver
 Reference value :  0.00000e+00
No. of Data Rows : 1
Doing analysis at TEMP = -40.000000 and TNOM = 27.000000

Using SPARSE 1.3 as Direct Linear Solver
 Reference value :  1.00000e-02
 Reference value :  2.81838e+07
No. of Data Rows : 4401
Doing analysis at TEMP = -40.000000 and TNOM = 27.000000

Using SPARSE 1.3 as Direct Linear Solver
 Reference value :  1.00000e-02
 Reference value :  3.27341e+07
No. of Data Rows : 4401
dcg                 =  1.45415e+02
f0                  =  1.00724e+04
phx                 =  -1.18750e+02
f180                =  2.50069e+06
gmx                 =  -4.25082e+01
 meas ac f0r when tdb=0 rise=1 failed!

tres                =  -5.73121e-01 at=  1.05925e+04
ROW iload_a=0.0001 ceff_f=4.7e-06 esr_ohm=0.5 vout_v=1.79944 dcgain_db=145.415 f0_hz=10072.4 phase_at_f0_deg=-118.75 f180_hz=2.50069E+06 gain_at_f180_db=-42.5082 f0_rising_hz= resurgence_db=-0.573121
Doing analysis at TEMP = -40.000000 and TNOM = 27.000000

Using SPARSE 1.3 as Direct Linear Solver
 Reference value :  0.00000e+00
No. of Data Rows : 1
Doing analysis at TEMP = -40.000000 and TNOM = 27.000000

Using SPARSE 1.3 as Direct Linear Solver
 Reference value :  1.00000e-02
 Reference value :  1.48765e+07
No. of Data Rows : 4401
Doing analysis at TEMP = -40.000000 and TNOM = 27.000000

Using SPARSE 1.3 as Direct Linear Solver
 Reference value :  1.00000e-02
 Reference value :  2.29087e+07
No. of Data Rows : 4401
dcg                 =  1.45609e+02
f0                  =  3.09894e+05
phx                 =  -1.32294e+02
f180                =  7.97916e+05
gmx                 =  -1.18507e+01
 meas ac f0r when tdb=0 rise=1 failed!

tres                =  -5.13782e-01 at=  3.25462e+05
ROW iload_a=0.001 ceff_f=3.3e-07 esr_ohm=0.001 vout_v=1.79944 dcgain_db=145.609 f0_hz=309894 phase_at_f0_deg=-132.294 f180_hz=797916 gain_at_f180_db=-11.8507 f0_rising_hz= resurgence_db=-0.513782
Doing analysis at TEMP = -40.000000 and TNOM = 27.000000

Using SPARSE 1.3 as Direct Linear Solver
 Reference value :  0.00000e+00
No. of Data Rows : 1
Doing analysis at TEMP = -40.000000 and TNOM = 27.000000

Using SPARSE 1.3 as Direct Linear Solver
 Reference value :  1.00000e-02
 Reference value :  1.68850e+07
No. of Data Rows : 4401
Doing analysis at TEMP = -40.000000 and TNOM = 27.000000

Using SPARSE 1.3 as Direct Linear Solver
 Reference value :  1.00000e-02
 Reference value :  1.50487e+07
No. of Data Rows : 4401
dcg                 =  1.45609e+02
f0                  =  3.10024e+05
phx                 =  -1.30505e+02
f180                =  8.60872e+05
gmx                 =  -1.29978e+01
 meas ac f0r when tdb=0 rise=1 failed!

tres                =  -5.69721e-01 at=  3.27341e+05
ROW iload_a=0.001 ceff_f=3.3e-07 esr_ohm=0.05 vout_v=1.79944 dcgain_db=145.609 f0_hz=310024 phase_at_f0_deg=-130.505 f180_hz=860872 gain_at_f180_db=-12.9978 f0_rising_hz= resurgence_db=-0.569721
Doing analysis at TEMP = -40.000000 and TNOM = 27.000000

Using SPARSE 1.3 as Direct Linear Solver
 Reference value :  0.00000e+00
No. of Data Rows : 1
Doing analysis at TEMP = -40.000000 and TNOM = 27.000000

Using SPARSE 1.3 as Direct Linear Solver
 Reference value :  1.00000e-02
 Reference value :  4.62381e+07
No. of Data Rows : 4401
Doing analysis at TEMP = -40.000000 and TNOM = 27.000000

Using SPARSE 1.3 as Direct Linear Solver
 Reference value :  1.00000e-02
 Reference value :  3.91291e+07
No. of Data Rows : 4401
dcg                 =  1.45609e+02
f0                  =  3.12036e+05
phx                 =  -1.25203e+02
f180                =  1.14874e+06
gmx                 =  -1.70215e+01
 meas ac f0r when tdb=0 rise=1 failed!

tres                =  -5.55734e-01 at=  3.29230e+05
ROW iload_a=0.001 ceff_f=3.3e-07 esr_ohm=0.2 vout_v=1.79944 dcgain_db=145.609 f0_hz=312036 phase_at_f0_deg=-125.203 f180_hz=1.14874E+06 gain_at_f180_db=-17.0215 f0_rising_hz= resurgence_db=-0.555734
Doing analysis at TEMP = -40.000000 and TNOM = 27.000000

Using SPARSE 1.3 as Direct Linear Solver
 Reference value :  0.00000e+00
No. of Data Rows : 1
Doing analysis at TEMP = -40.000000 and TNOM = 27.000000

Using SPARSE 1.3 as Direct Linear Solver
 Reference value :  1.00000e-02
No. of Data Rows : 4401
Doing analysis at TEMP = -40.000000 and TNOM = 27.000000

Using SPARSE 1.3 as Direct Linear Solver
 Reference value :  1.00000e-02
 Reference value :  2.38506e+07
No. of Data Rows : 4401
dcg                 =  1.45609e+02
f0                  =  3.23904e+05
phx                 =  -1.15368e+02
f180                =  1.82368e+06
gmx                 =  -2.05436e+01
 meas ac f0r when tdb=0 rise=1 failed!

tres                =  -4.93693e-01 at=  3.40800e+05
ROW iload_a=0.001 ceff_f=3.3e-07 esr_ohm=0.5 vout_v=1.79944 dcgain_db=145.609 f0_hz=323904 phase_at_f0_deg=-115.368 f180_hz=1.82368E+06 gain_at_f180_db=-20.5436 f0_rising_hz= resurgence_db=-0.493693
Doing analysis at TEMP = -40.000000 and TNOM = 27.000000

Using SPARSE 1.3 as Direct Linear Solver
 Reference value :  0.00000e+00
No. of Data Rows : 1
Doing analysis at TEMP = -40.000000 and TNOM = 27.000000

Using SPARSE 1.3 as Direct Linear Solver
 Reference value :  1.00000e-02
 Reference value :  2.20039e+07
No. of Data Rows : 4401
Doing analysis at TEMP = -40.000000 and TNOM = 27.000000

Using SPARSE 1.3 as Direct Linear Solver
 Reference value :  1.00000e-02
 Reference value :  3.71535e+07
No. of Data Rows : 4401
dcg                 =  1.45609e+02
f0                  =  1.10560e+05
phx                 =  -1.10911e+02
f180                =  8.00288e+05
gmx                 =  -2.15246e+01
 meas ac f0r when tdb=0 rise=1 failed!

tres                =  -4.28481e-01 at=  1.16145e+05
ROW iload_a=0.001 ceff_f=1e-06 esr_ohm=0.001 vout_v=1.79944 dcgain_db=145.609 f0_hz=110560 phase_at_f0_deg=-110.911 f180_hz=800288 gain_at_f180_db=-21.5246 f0_rising_hz= resurgence_db=-0.428481
Doing analysis at TEMP = -40.000000 and TNOM = 27.000000

Using SPARSE 1.3 as Direct Linear Solver
 Reference value :  0.00000e+00
No. of Data Rows : 1
Doing analysis at TEMP = -40.000000 and TNOM = 27.000000

Using SPARSE 1.3 as Direct Linear Solver
 Reference value :  1.00000e-02
 Reference value :  1.96110e+07
No. of Data Rows : 4401
Doing analysis at TEMP = -40.000000 and TNOM = 27.000000

Using SPARSE 1.3 as Direct Linear Solver
 Reference value :  1.00000e-02
 Reference value :  2.80221e+07
No. of Data Rows : 4401
dcg                 =  1.45609e+02
f0                  =  1.10625e+05
phx                 =  -1.08965e+02
f180                =  1.03791e+06
gmx                 =  -2.53121e+01
 meas ac f0r when tdb=0 rise=1 failed!

tres                =  -4.72934e-01 at=  1.16815e+05
ROW iload_a=0.001 ceff_f=1e-06 esr_ohm=0.05 vout_v=1.79944 dcgain_db=145.609 f0_hz=110625 phase_at_f0_deg=-108.965 f180_hz=1.03791E+06 gain_at_f180_db=-25.3121 f0_rising_hz= resurgence_db=-0.472934
Doing analysis at TEMP = -40.000000 and TNOM = 27.000000

Using SPARSE 1.3 as Direct Linear Solver
 Reference value :  0.00000e+00
No. of Data Rows : 1
Doing analysis at TEMP = -40.000000 and TNOM = 27.000000

Using SPARSE 1.3 as Direct Linear Solver
 Reference value :  1.00000e-02
 Reference value :  1.25893e+07
No. of Data Rows : 4401
Doing analysis at TEMP = -40.000000 and TNOM = 27.000000

Using SPARSE 1.3 as Direct Linear Solver
 Reference value :  1.00000e-02
 Reference value :  2.52639e+07
No. of Data Rows : 4401
dcg                 =  1.45609e+02
f0                  =  1.11637e+05
phx                 =  -1.03038e+02
f180                =  1.95306e+06
gmx                 =  -2.98420e+01
 meas ac f0r when tdb=0 rise=1 failed!

tres                =  -4.35708e-01 at=  1.17490e+05
ROW iload_a=0.001 ceff_f=1e-06 esr_ohm=0.2 vout_v=1.79944 dcgain_db=145.609 f0_hz=111637 phase_at_f0_deg=-103.038 f180_hz=1.95306E+06 gain_at_f180_db=-29.842 f0_rising_hz= resurgence_db=-0.435708
Doing analysis at TEMP = -40.000000 and TNOM = 27.000000

Using SPARSE 1.3 as Direct Linear Solver
 Reference value :  0.00000e+00
No. of Data Rows : 1
Doing analysis at TEMP = -40.000000 and TNOM = 27.000000

Using SPARSE 1.3 as Direct Linear Solver
 Reference value :  1.00000e-02
 Reference value :  3.95822e+08
No. of Data Rows : 4401
Doing analysis at TEMP = -40.000000 and TNOM = 27.000000

Using SPARSE 1.3 as Direct Linear Solver
 Reference value :  1.00000e-02
 Reference value :  2.80221e+08
No. of Data Rows : 4401
dcg                 =  1.45609e+02
f0                  =  1.17867e+05
phx                 =  -9.11580e+01
f180                =  2.30392e+06
gmx                 =  -2.49209e+01
 meas ac f0r when tdb=0 rise=1 failed!

tres                =  -4.15843e-01 at=  1.24451e+05
ROW iload_a=0.001 ceff_f=1e-06 esr_ohm=0.5 vout_v=1.79944 dcgain_db=145.609 f0_hz=117867 phase_at_f0_deg=-91.158 f180_hz=2.30392E+06 gain_at_f180_db=-24.9209 f0_rising_hz= resurgence_db=-0.415843
Doing analysis at TEMP = -40.000000 and TNOM = 27.000000

Using SPARSE 1.3 as Direct Linear Solver
 Reference value :  0.00000e+00
No. of Data Rows : 1
Doing analysis at TEMP = -40.000000 and TNOM = 27.000000

Using SPARSE 1.3 as Direct Linear Solver
 Reference value :  1.00000e-02
 Reference value :  3.50752e+07
No. of Data Rows : 4401
Doing analysis at TEMP = -40.000000 and TNOM = 27.000000

Using SPARSE 1.3 as Direct Linear Solver
 Reference value :  1.00000e-02
 Reference value :  3.12608e+08
No. of Data Rows : 4401
dcg                 =  1.45609e+02
f0                  =  2.61626e+04
phx                 =  -1.28430e+02
f180                =  8.13963e+05
gmx                 =  -3.52286e+01
 meas ac f0r when tdb=0 rise=1 failed!

tres                =  -5.92587e-01 at=  2.75423e+04
ROW iload_a=0.001 ceff_f=4.7e-06 esr_ohm=0.001 vout_v=1.79944 dcgain_db=145.609 f0_hz=26162.5 phase_at_f0_deg=-128.43 f180_hz=813963 gain_at_f180_db=-35.2286 f0_rising_hz= resurgence_db=-0.592587
Doing analysis at TEMP = -40.000000 and TNOM = 27.000000

Using SPARSE 1.3 as Direct Linear Solver
 Reference value :  0.00000e+00
No. of Data Rows : 1
Doing analysis at TEMP = -40.000000 and TNOM = 27.000000

Using SPARSE 1.3 as Direct Linear Solver
 Reference value :  1.00000e-02
 Reference value :  5.18800e+07
No. of Data Rows : 4401
Doing analysis at TEMP = -40.000000 and TNOM = 27.000000

Using SPARSE 1.3 as Direct Linear Solver
 Reference value :  1.00000e-02
 Reference value :  4.36516e+07
No. of Data Rows : 4401
dcg                 =  1.45609e+02
f0                  =  2.61768e+04
phx                 =  -1.26245e+02
f180                =  2.05463e+06
gmx                 =  -4.28229e+01
 meas ac f0r when tdb=0 rise=1 failed!

tres                =  -5.85545e-01 at=  2.75423e+04
ROW iload_a=0.001 ceff_f=4.7e-06 esr_ohm=0.05 vout_v=1.79944 dcgain_db=145.609 f0_hz=26176.8 phase_at_f0_deg=-126.245 f180_hz=2.05463E+06 gain_at_f180_db=-42.823 f0_rising_hz= resurgence_db=-0.585546
Doing analysis at TEMP = -40.000000 and TNOM = 27.000000

Using SPARSE 1.3 as Direct Linear Solver
 Reference value :  0.00000e+00
No. of Data Rows : 1
Doing analysis at TEMP = -40.000000 and TNOM = 27.000000

Using SPARSE 1.3 as Direct Linear Solver
 Reference value :  1.00000e-02
 Reference value :  4.14477e+07
No. of Data Rows : 4401
Doing analysis at TEMP = -40.000000 and TNOM = 27.000000

Using SPARSE 1.3 as Direct Linear Solver
 Reference value :  1.00000e-02
 Reference value :  1.62181e+08
No. of Data Rows : 4401
dcg                 =  1.45609e+02
f0                  =  2.63968e+04
phx                 =  -1.19354e+02
f180                =  2.41175e+06
gmx                 =  -3.36587e+01
 meas ac f0r when tdb=0 rise=1 failed!

tres                =  -6.07901e-01 at=  2.78612e+04
ROW iload_a=0.001 ceff_f=4.7e-06 esr_ohm=0.2 vout_v=1.79944 dcgain_db=145.609 f0_hz=26396.8 phase_at_f0_deg=-119.354 f180_hz=2.41175E+06 gain_at_f180_db=-33.6587 f0_rising_hz= resurgence_db=-0.607901
Doing analysis at TEMP = -40.000000 and TNOM = 27.000000

Using SPARSE 1.3 as Direct Linear Solver
 Reference value :  0.00000e+00
No. of Data Rows : 1
Doing analysis at TEMP = -40.000000 and TNOM = 27.000000

Using SPARSE 1.3 as Direct Linear Solver
 Reference value :  1.00000e-02
 Reference value :  1.11558e+08
No. of Data Rows : 4401
Doing analysis at TEMP = -40.000000 and TNOM = 27.000000

Using SPARSE 1.3 as Direct Linear Solver
 Reference value :  1.00000e-02
 Reference value :  4.51856e+07
No. of Data Rows : 4401
dcg                 =  1.45609e+02
f0                  =  2.77354e+04
phx                 =  -1.04521e+02
f180                =  2.47610e+06
gmx                 =  -2.61534e+01
 meas ac f0r when tdb=0 rise=1 failed!

tres                =  -5.01733e-01 at=  2.91743e+04
ROW iload_a=0.001 ceff_f=4.7e-06 esr_ohm=0.5 vout_v=1.79944 dcgain_db=145.609 f0_hz=27735.4 phase_at_f0_deg=-104.521 f180_hz=2.4761E+06 gain_at_f180_db=-26.1534 f0_rising_hz= resurgence_db=-0.501733
Doing analysis at TEMP = -40.000000 and TNOM = 27.000000

Using SPARSE 1.3 as Direct Linear Solver
 Reference value :  0.00000e+00
No. of Data Rows : 1
Doing analysis at TEMP = -40.000000 and TNOM = 27.000000

Using SPARSE 1.3 as Direct Linear Solver
 Reference value :  1.00000e-02
 Reference value :  1.25170e+07
No. of Data Rows : 4401
Doing analysis at TEMP = -40.000000 and TNOM = 27.000000

Using SPARSE 1.3 as Direct Linear Solver
 Reference value :  1.00000e-02
 Reference value :  2.11349e+07
No. of Data Rows : 4401
dcg                 =  1.43812e+02
f0                  =  5.70855e+05
phx                 =  -1.57131e+02
f180                =  8.43847e+05
gmx                 =  -5.34491e+00
 meas ac f0r when tdb=0 rise=1 failed!

tres                =  -6.83090e-01 at=  6.02560e+05
ROW iload_a=0.01 ceff_f=3.3e-07 esr_ohm=0.001 vout_v=1.79944 dcgain_db=143.812 f0_hz=570855 phase_at_f0_deg=-157.131 f180_hz=843847 gain_at_f180_db=-5.34491 f0_rising_hz= resurgence_db=-0.68309
Doing analysis at TEMP = -40.000000 and TNOM = 27.000000

Using SPARSE 1.3 as Direct Linear Solver
 Reference value :  0.00000e+00
No. of Data Rows : 1
Doing analysis at TEMP = -40.000000 and TNOM = 27.000000

Using SPARSE 1.3 as Direct Linear Solver
 Reference value :  1.00000e-02
 Reference value :  1.01742e+07
No. of Data Rows : 4401
Doing analysis at TEMP = -40.000000 and TNOM = 27.000000

Using SPARSE 1.3 as Direct Linear Solver
 Reference value :  1.00000e-02
 Reference value :  3.33043e+07
No. of Data Rows : 4401
dcg                 =  1.43812e+02
f0                  =  5.71535e+05
phx                 =  -1.53872e+02
f180                =  9.13938e+05
gmx                 =  -6.52577e+00
 meas ac f0r when tdb=0 rise=1 failed!

tres                =  -6.66520e-01 at=  6.02560e+05
ROW iload_a=0.01 ceff_f=3.3e-07 esr_ohm=0.05 vout_v=1.79944 dcgain_db=143.812 f0_hz=571535 phase_at_f0_deg=-153.872 f180_hz=913938 gain_at_f180_db=-6.52577 f0_rising_hz= resurgence_db=-0.66652
Doing analysis at TEMP = -40.000000 and TNOM = 27.000000

Using SPARSE 1.3 as Direct Linear Solver
 Reference value :  0.00000e+00
No. of Data Rows : 1
Doing analysis at TEMP = -40.000000 and TNOM = 27.000000

Using SPARSE 1.3 as Direct Linear Solver
 Reference value :  1.00000e-02
 Reference value :  4.05042e+07
No. of Data Rows : 4401
Doing analysis at TEMP = -40.000000 and TNOM = 27.000000

Using SPARSE 1.3 as Direct Linear Solver
 Reference value :  1.00000e-02
 Reference value :  3.89045e+07
No. of Data Rows : 4401
dcg                 =  1.43812e+02
f0                  =  5.82095e+05
phx                 =  -1.44655e+02
f180                =  1.23435e+06
gmx                 =  -1.05982e+01
 meas ac f0r when tdb=0 rise=1 failed!

tres                =  -6.34171e-01 at=  6.13056e+05
ROW iload_a=0.01 ceff_f=3.3e-07 esr_ohm=0.2 vout_v=1.79944 dcgain_db=143.812 f0_hz=582095 phase_at_f0_deg=-144.655 f180_hz=1.23435E+06 gain_at_f180_db=-10.5982 f0_rising_hz= resurgence_db=-0.634171
Doing analysis at TEMP = -40.000000 and TNOM = 27.000000

Using SPARSE 1.3 as Direct Linear Solver
 Reference value :  0.00000e+00
No. of Data Rows : 1
Doing analysis at TEMP = -40.000000 and TNOM = 27.000000

Using SPARSE 1.3 as Direct Linear Solver
 Reference value :  1.00000e-02
 Reference value :  2.61517e+07
No. of Data Rows : 4401
Doing analysis at TEMP = -40.000000 and TNOM = 27.000000

Using SPARSE 1.3 as Direct Linear Solver
 Reference value :  1.00000e-02
 Reference value :  8.75992e+06
No. of Data Rows : 4401
dcg                 =  1.43812e+02
f0                  =  6.47139e+05
phx                 =  -1.30146e+02
f180                =  1.93120e+06
gmx                 =  -1.35932e+01
 meas ac f0r when tdb=0 rise=1 failed!

tres                =  -5.23391e-01 at=  6.79986e+05
ROW iload_a=0.01 ceff_f=3.3e-07 esr_ohm=0.5 vout_v=1.79944 dcgain_db=143.812 f0_hz=647139 phase_at_f0_deg=-130.146 f180_hz=1.9312E+06 gain_at_f180_db=-13.5932 f0_rising_hz= resurgence_db=-0.523391
Doing analysis at TEMP = -40.000000 and TNOM = 27.000000

Using SPARSE 1.3 as Direct Linear Solver
 Reference value :  0.00000e+00
No. of Data Rows : 1
Doing analysis at TEMP = -40.000000 and TNOM = 27.000000

Using SPARSE 1.3 as Direct Linear Solver
 Reference value :  1.00000e-02
 Reference value :  1.79887e+07
No. of Data Rows : 4401
Doing analysis at TEMP = -40.000000 and TNOM = 27.000000

Using SPARSE 1.3 as Direct Linear Solver
 Reference value :  1.00000e-02
 Reference value :  5.46387e+07
No. of Data Rows : 4401
dcg                 =  1.43812e+02
f0                  =  2.33333e+05
phx                 =  -1.25648e+02
f180                =  8.46263e+05
gmx                 =  -1.50103e+01
 meas ac f0r when tdb=0 rise=1 failed!

tres                =  -4.91415e-01 at=  2.45471e+05
ROW iload_a=0.01 ceff_f=1e-06 esr_ohm=0.001 vout_v=1.79944 dcgain_db=143.812 f0_hz=233333 phase_at_f0_deg=-125.648 f180_hz=846263 gain_at_f180_db=-15.0103 f0_rising_hz= resurgence_db=-0.491415
Doing analysis at TEMP = -40.000000 and TNOM = 27.000000

Using SPARSE 1.3 as Direct Linear Solver
 Reference value :  0.00000e+00
No. of Data Rows : 1
Doing analysis at TEMP = -40.000000 and TNOM = 27.000000

Using SPARSE 1.3 as Direct Linear Solver
 Reference value :  1.00000e-02
 Reference value :  1.69824e+07
No. of Data Rows : 4401
Doing analysis at TEMP = -40.000000 and TNOM = 27.000000

Using SPARSE 1.3 as Direct Linear Solver
 Reference value :  1.00000e-02
 Reference value :  8.51138e+07
No. of Data Rows : 4401
dcg                 =  1.43812e+02
f0                  =  2.33885e+05
phx                 =  -1.21576e+02
f180                =  1.11142e+06
gmx                 =  -1.88852e+01
 meas ac f0r when tdb=0 rise=1 failed!

tres                =  -5.21939e-01 at=  2.46888e+05
ROW iload_a=0.01 ceff_f=1e-06 esr_ohm=0.05 vout_v=1.79944 dcgain_db=143.812 f0_hz=233885 phase_at_f0_deg=-121.576 f180_hz=1.11142E+06 gain_at_f180_db=-18.8852 f0_rising_hz= resurgence_db=-0.521938
Doing analysis at TEMP = -40.000000 and TNOM = 27.000000

Using SPARSE 1.3 as Direct Linear Solver
 Reference value :  0.00000e+00
No. of Data Rows : 1
Doing analysis at TEMP = -40.000000 and TNOM = 27.000000

Using SPARSE 1.3 as Direct Linear Solver
 Reference value :  1.00000e-02
 Reference value :  4.86968e+07
No. of Data Rows : 4401
Doing analysis at TEMP = -40.000000 and TNOM = 27.000000

Using SPARSE 1.3 as Direct Linear Solver
 Reference value :  1.00000e-02
 Reference value :  3.10814e+07
No. of Data Rows : 4401
dcg                 =  1.43812e+02
f0                  =  2.42778e+05
phx                 =  -1.09572e+02
f180                =  2.05909e+06
gmx                 =  -2.27805e+01
 meas ac f0r when tdb=0 rise=1 failed!

tres                =  -4.60437e-01 at=  2.55564e+05
ROW iload_a=0.01 ceff_f=1e-06 esr_ohm=0.2 vout_v=1.79944 dcgain_db=143.812 f0_hz=242778 phase_at_f0_deg=-109.572 f180_hz=2.05909E+06 gain_at_f180_db=-22.7805 f0_rising_hz= resurgence_db=-0.460437
Doing analysis at TEMP = -40.000000 and TNOM = 27.000000

Using SPARSE 1.3 as Direct Linear Solver
 Reference value :  0.00000e+00
No. of Data Rows : 1
Doing analysis at TEMP = -40.000000 and TNOM = 27.000000

Using SPARSE 1.3 as Direct Linear Solver
 Reference value :  1.00000e-02
 Reference value :  2.05353e+07
No. of Data Rows : 4401
Doing analysis at TEMP = -40.000000 and TNOM = 27.000000

Using SPARSE 1.3 as Direct Linear Solver
 Reference value :  1.00000e-02
No. of Data Rows : 4401
dcg                 =  1.43812e+02
f0                  =  3.14416e+05
phx                 =  -8.84167e+01
f180                =  2.40556e+06
gmx                 =  -1.76678e+01
 meas ac f0r when tdb=0 rise=1 failed!

tres                =  -3.03208e-01 at=  3.31131e+05
ROW iload_a=0.01 ceff_f=1e-06 esr_ohm=0.5 vout_v=1.79944 dcgain_db=143.812 f0_hz=314416 phase_at_f0_deg=-88.4167 f180_hz=2.40556E+06 gain_at_f180_db=-17.6678 f0_rising_hz= resurgence_db=-0.303208
Doing analysis at TEMP = -40.000000 and TNOM = 27.000000

Using SPARSE 1.3 as Direct Linear Solver
 Reference value :  0.00000e+00
No. of Data Rows : 1
Doing analysis at TEMP = -40.000000 and TNOM = 27.000000

Using SPARSE 1.3 as Direct Linear Solver
 Reference value :  1.00000e-02
 Reference value :  4.44120e+07
No. of Data Rows : 4401
Doing analysis at TEMP = -40.000000 and TNOM = 27.000000

Using SPARSE 1.3 as Direct Linear Solver
 Reference value :  1.00000e-02
 Reference value :  6.06038e+07
No. of Data Rows : 4401
dcg                 =  1.43812e+02
f0                  =  5.83323e+04
phx                 =  -1.25853e+02
f180                =  8.61259e+05
gmx                 =  -2.87131e+01
 meas ac f0r when tdb=0 rise=1 failed!

tres                =  -5.29480e-01 at=  6.13056e+04
ROW iload_a=0.01 ceff_f=4.7e-06 esr_ohm=0.001 vout_v=1.79944 dcgain_db=143.812 f0_hz=58332.3 phase_at_f0_deg=-125.853 f180_hz=861259 gain_at_f180_db=-28.713 f0_rising_hz= resurgence_db=-0.52948
Doing analysis at TEMP = -40.000000 and TNOM = 27.000000

Using SPARSE 1.3 as Direct Linear Solver
 Reference value :  0.00000e+00
No. of Data Rows : 1
Doing analysis at TEMP = -40.000000 and TNOM = 27.000000

Using SPARSE 1.3 as Direct Linear Solver
 Reference value :  1.00000e-02
 Reference value :  3.09030e+07
No. of Data Rows : 4401
Doing analysis at TEMP = -40.000000 and TNOM = 27.000000

Using SPARSE 1.3 as Direct Linear Solver
 Reference value :  1.00000e-02
No. of Data Rows : 4401
dcg                 =  1.43812e+02
f0                  =  5.85044e+04
phx                 =  -1.20962e+02
f180                =  2.15259e+06
gmx                 =  -3.56416e+01
 meas ac f0r when tdb=0 rise=1 failed!

tres                =  -5.55117e-01 at=  6.16595e+04
ROW iload_a=0.01 ceff_f=4.7e-06 esr_ohm=0.05 vout_v=1.79944 dcgain_db=143.812 f0_hz=58504.4 phase_at_f0_deg=-120.962 f180_hz=2.15259E+06 gain_at_f180_db=-35.6416 f0_rising_hz= resurgence_db=-0.555117
Doing analysis at TEMP = -40.000000 and TNOM = 27.000000

Using SPARSE 1.3 as Direct Linear Solver
 Reference value :  0.00000e+00
No. of Data Rows : 1
Doing analysis at TEMP = -40.000000 and TNOM = 27.000000

Using SPARSE 1.3 as Direct Linear Solver
 Reference value :  6.91831e+00
No. of Data Rows : 4401
Doing analysis at TEMP = -40.000000 and TNOM = 27.000000

Using SPARSE 1.3 as Direct Linear Solver
 Reference value :  1.00000e-02
No. of Data Rows : 4401
dcg                 =  1.43812e+02
f0                  =  6.13241e+04
phx                 =  -1.05181e+02
f180                =  2.51218e+06
gmx                 =  -2.63498e+01
 meas ac f0r when tdb=0 rise=1 failed!

tres                =  -4.86435e-01 at=  6.45654e+04
ROW iload_a=0.01 ceff_f=4.7e-06 esr_ohm=0.2 vout_v=1.79944 dcgain_db=143.812 f0_hz=61324.1 phase_at_f0_deg=-105.181 f180_hz=2.51218E+06 gain_at_f180_db=-26.3498 f0_rising_hz= resurgence_db=-0.486435
Doing analysis at TEMP = -40.000000 and TNOM = 27.000000

Using SPARSE 1.3 as Direct Linear Solver
 Reference value :  0.00000e+00
No. of Data Rows : 1
Doing analysis at TEMP = -40.000000 and TNOM = 27.000000

Using SPARSE 1.3 as Direct Linear Solver
 Reference value :  6.87860e-02
 Reference value :  9.77237e+08
No. of Data Rows : 4401
Doing analysis at TEMP = -40.000000 and TNOM = 27.000000

Using SPARSE 1.3 as Direct Linear Solver
 Reference value :  1.00000e-02
 Reference value :  7.49894e+07
No. of Data Rows : 4401
dcg                 =  1.43812e+02
f0                  =  9.00714e+04
phx                 =  -6.73595e+01
f180                =  2.57670e+06
gmx                 =  -1.88313e+01
 meas ac f0r when tdb=0 rise=1 failed!

tres                =  -2.12999e-01 at=  9.49511e+04
ROW iload_a=0.01 ceff_f=4.7e-06 esr_ohm=0.5 vout_v=1.79944 dcgain_db=143.812 f0_hz=90071.4 phase_at_f0_deg=-67.3595 f180_hz=2.5767E+06 gain_at_f180_db=-18.8313 f0_rising_hz= resurgence_db=-0.212999
Doing analysis at TEMP = -40.000000 and TNOM = 27.000000

Using SPARSE 1.3 as Direct Linear Solver
 Reference value :  0.00000e+00
No. of Data Rows : 1
Doing analysis at TEMP = -40.000000 and TNOM = 27.000000

Using SPARSE 1.3 as Direct Linear Solver
 Reference value :  1.00000e-02
 Reference value :  6.53131e+07
No. of Data Rows : 4401
Doing analysis at TEMP = -40.000000 and TNOM = 27.000000

Using SPARSE 1.3 as Direct Linear Solver
 Reference value :  1.00000e-02
 Reference value :  4.65050e+07
No. of Data Rows : 4401
dcg                 =  1.41831e+02
f0                  =  6.97741e+05
phx                 =  -1.69925e+02
f180                =  8.21369e+05
gmx                 =  -2.34756e+00
 meas ac f0r when tdb=0 rise=1 failed!

tres                =  -6.87213e-01 at=  7.32825e+05
ROW iload_a=0.025 ceff_f=3.3e-07 esr_ohm=0.001 vout_v=1.79944 dcgain_db=141.831 f0_hz=697741 phase_at_f0_deg=-169.925 f180_hz=821369 gain_at_f180_db=-2.34756 f0_rising_hz= resurgence_db=-0.687213
Doing analysis at TEMP = -40.000000 and TNOM = 27.000000

Using SPARSE 1.3 as Direct Linear Solver
 Reference value :  0.00000e+00
No. of Data Rows : 1
Doing analysis at TEMP = -40.000000 and TNOM = 27.000000

Using SPARSE 1.3 as Direct Linear Solver
 Reference value :  1.00000e-02
 Reference value :  1.89452e+07
No. of Data Rows : 4401
Doing analysis at TEMP = -40.000000 and TNOM = 27.000000

Using SPARSE 1.3 as Direct Linear Solver
 Reference value :  1.00000e-02
 Reference value :  4.62381e+07
No. of Data Rows : 4401
dcg                 =  1.41831e+02
f0                  =  6.98849e+05
phx                 =  -1.65965e+02
f180                =  8.88328e+05
gmx                 =  -3.50564e+00
 meas ac f0r when tdb=0 rise=1 failed!

tres                =  -7.44363e-01 at=  7.37055e+05
ROW iload_a=0.025 ceff_f=3.3e-07 esr_ohm=0.05 vout_v=1.79944 dcgain_db=141.831 f0_hz=698849 phase_at_f0_deg=-165.965 f180_hz=888328 gain_at_f180_db=-3.50564 f0_rising_hz= resurgence_db=-0.744363
Doing analysis at TEMP = -40.000000 and TNOM = 27.000000

Using SPARSE 1.3 as Direct Linear Solver
 Reference value :  0.00000e+00
No. of Data Rows : 1
Doing analysis at TEMP = -40.000000 and TNOM = 27.000000

Using SPARSE 1.3 as Direct Linear Solver
 Reference value :  1.00000e-02
No. of Data Rows : 4401
Doing analysis at TEMP = -40.000000 and TNOM = 27.000000

Using SPARSE 1.3 as Direct Linear Solver
 Reference value :  1.00000e-02
No. of Data Rows : 4401
dcg                 =  1.41831e+02
f0                  =  7.16213e+05
phx                 =  -1.55052e+02
f180                =  1.19251e+06
gmx                 =  -7.50178e+00
 meas ac f0r when tdb=0 rise=1 failed!

tres                =  -6.95539e-01 at=  7.54223e+05
ROW iload_a=0.025 ceff_f=3.3e-07 esr_ohm=0.2 vout_v=1.79944 dcgain_db=141.831 f0_hz=716213 phase_at_f0_deg=-155.052 f180_hz=1.19251E+06 gain_at_f180_db=-7.50178 f0_rising_hz= resurgence_db=-0.695539
Doing analysis at TEMP = -40.000000 and TNOM = 27.000000

Using SPARSE 1.3 as Direct Linear Solver
 Reference value :  0.00000e+00
No. of Data Rows : 1
Doing analysis at TEMP = -40.000000 and TNOM = 27.000000

Using SPARSE 1.3 as Direct Linear Solver
 Reference value :  6.41948e-02
No. of Data Rows : 4401
Doing analysis at TEMP = -40.000000 and TNOM = 27.000000

Using SPARSE 1.3 as Direct Linear Solver
 Reference value :  1.00000e-02
No. of Data Rows : 4401
dcg                 =  1.41831e+02
f0                  =  8.22283e+05
phx                 =  -1.39814e+02
f180                =  1.86829e+06
gmx                 =  -1.05988e+01
 meas ac f0r when tdb=0 rise=1 failed!

tres                =  -5.89327e-01 at=  8.65964e+05
ROW iload_a=0.025 ceff_f=3.3e-07 esr_ohm=0.5 vout_v=1.79944 dcgain_db=141.831 f0_hz=822283 phase_at_f0_deg=-139.814 f180_hz=1.86829E+06 gain_at_f180_db=-10.5988 f0_rising_hz= resurgence_db=-0.589327
Doing analysis at TEMP = -40.000000 and TNOM = 27.000000

Using SPARSE 1.3 as Direct Linear Solver
 Reference value :  0.00000e+00
No. of Data Rows : 1
Doing analysis at TEMP = -40.000000 and TNOM = 27.000000

Using SPARSE 1.3 as Direct Linear Solver
 Reference value :  1.00000e-02
No. of Data Rows : 4401
Doing analysis at TEMP = -40.000000 and TNOM = 27.000000

Using SPARSE 1.3 as Direct Linear Solver
 Reference value :  1.00000e-02
No. of Data Rows : 4401
dcg                 =  1.41831e+02
f0                  =  3.08024e+05
phx                 =  -1.33823e+02
f180                =  8.23377e+05
gmx                 =  -1.20029e+01
 meas ac f0r when tdb=0 rise=1 failed!

tres                =  -5.08705e-01 at=  3.23594e+05
ROW iload_a=0.025 ceff_f=1e-06 esr_ohm=0.001 vout_v=1.79944 dcgain_db=141.831 f0_hz=308024 phase_at_f0_deg=-133.823 f180_hz=823377 gain_at_f180_db=-12.0029 f0_rising_hz= resurgence_db=-0.508705
Doing analysis at TEMP = -40.000000 and TNOM = 27.000000

Using SPARSE 1.3 as Direct Linear Solver
 Reference value :  0.00000e+00
No. of Data Rows : 1
Doing analysis at TEMP = -40.000000 and TNOM = 27.000000

Using SPARSE 1.3 as Direct Linear Solver
 Reference value :  1.00000e-02
No. of Data Rows : 4401
Doing analysis at TEMP = -40.000000 and TNOM = 27.000000

Using SPARSE 1.3 as Direct Linear Solver
 Reference value :  1.00000e-02
No. of Data Rows : 4401
dcg                 =  1.41831e+02
f0                  =  3.09220e+05
phx                 =  -1.28500e+02
f180                =  1.07567e+06
gmx                 =  -1.58001e+01
 meas ac f0r when tdb=0 rise=1 failed!

tres                =  -5.24322e-01 at=  3.25462e+05
ROW iload_a=0.025 ceff_f=1e-06 esr_ohm=0.05 vout_v=1.79944 dcgain_db=141.831 f0_hz=309220 phase_at_f0_deg=-128.5 f180_hz=1.07566E+06 gain_at_f180_db=-15.8001 f0_rising_hz= resurgence_db=-0.524322
Doing analysis at TEMP = -40.000000 and TNOM = 27.000000

Using SPARSE 1.3 as Direct Linear Solver
 Reference value :  0.00000e+00
No. of Data Rows : 1
Doing analysis at TEMP = -40.000000 and TNOM = 27.000000

Using SPARSE 1.3 as Direct Linear Solver
 Reference value :  1.00000e-02
No. of Data Rows : 4401
Doing analysis at TEMP = -40.000000 and TNOM = 27.000000

Using SPARSE 1.3 as Direct Linear Solver
 Reference value :  1.00000e-02
No. of Data Rows : 4401
dcg                 =  1.41831e+02
f0                  =  3.29011e+05
phx                 =  -1.13477e+02
f180                =  1.99524e+06
gmx                 =  -1.98059e+01
 meas ac f0r when tdb=0 rise=1 failed!

tres                =  -4.80976e-01 at=  3.46737e+05
ROW iload_a=0.025 ceff_f=1e-06 esr_ohm=0.2 vout_v=1.79944 dcgain_db=141.831 f0_hz=329011 phase_at_f0_deg=-113.477 f180_hz=1.99524E+06 gain_at_f180_db=-19.8059 f0_rising_hz= resurgence_db=-0.480976
Doing analysis at TEMP = -40.000000 and TNOM = 27.000000

Using SPARSE 1.3 as Direct Linear Solver
 Reference value :  0.00000e+00
No. of Data Rows : 1
Doing analysis at TEMP = -40.000000 and TNOM = 27.000000

Using SPARSE 1.3 as Direct Linear Solver
 Reference value :  1.00000e-02
No. of Data Rows : 4401
Doing analysis at TEMP = -40.000000 and TNOM = 27.000000

Using SPARSE 1.3 as Direct Linear Solver
 Reference value :  1.00000e-02
No. of Data Rows : 4401
dcg                 =  1.41831e+02
f0                  =  5.04904e+05
phx                 =  -9.50781e+01
f180                =  2.33796e+06
gmx                 =  -1.47424e+01
 meas ac f0r when tdb=0 rise=1 failed!

tres                =  -2.92558e-01 at=  5.30884e+05
ROW iload_a=0.025 ceff_f=1e-06 esr_ohm=0.5 vout_v=1.79944 dcgain_db=141.831 f0_hz=504904 phase_at_f0_deg=-95.0781 f180_hz=2.33796E+06 gain_at_f180_db=-14.7424 f0_rising_hz= resurgence_db=-0.292558
Doing analysis at TEMP = -40.000000 and TNOM = 27.000000

Using SPARSE 1.3 as Direct Linear Solver
 Reference value :  0.00000e+00
No. of Data Rows : 1
Doing analysis at TEMP = -40.000000 and TNOM = 27.000000

Using SPARSE 1.3 as Direct Linear Solver
 Reference value :  1.00000e-02
No. of Data Rows : 4401
Doing analysis at TEMP = -40.000000 and TNOM = 27.000000

Using SPARSE 1.3 as Direct Linear Solver
 Reference value :  1.00000e-02
No. of Data Rows : 4401
dcg                 =  1.41831e+02
f0                  =  7.74622e+04
phx                 =  -1.23565e+02
f180                =  8.37574e+05
gmx                 =  -2.56960e+01
 meas ac f0r when tdb=0 rise=1 failed!

tres                =  -5.47897e-01 at=  8.17523e+04
ROW iload_a=0.025 ceff_f=4.7e-06 esr_ohm=0.001 vout_v=1.79944 dcgain_db=141.831 f0_hz=77462.2 phase_at_f0_deg=-123.565 f180_hz=837574 gain_at_f180_db=-25.6959 f0_rising_hz= resurgence_db=-0.547897
Doing analysis at TEMP = -40.000000 and TNOM = 27.000000

Using SPARSE 1.3 as Direct Linear Solver
 Reference value :  0.00000e+00
No. of Data Rows : 1
Doing analysis at TEMP = -40.000000 and TNOM = 27.000000

Using SPARSE 1.3 as Direct Linear Solver
 Reference value :  1.20921e-02
No. of Data Rows : 4401
Doing analysis at TEMP = -40.000000 and TNOM = 27.000000

Using SPARSE 1.3 as Direct Linear Solver
 Reference value :  1.00000e-02
No. of Data Rows : 4401
dcg                 =  1.41831e+02
f0                  =  7.78867e+04
phx                 =  -1.17073e+02
f180                =  2.08683e+06
gmx                 =  -3.26711e+01
 meas ac f0r when tdb=0 rise=1 failed!

tres                =  -5.43737e-01 at=  8.22243e+04
ROW iload_a=0.025 ceff_f=4.7e-06 esr_ohm=0.05 vout_v=1.79944 dcgain_db=141.831 f0_hz=77886.7 phase_at_f0_deg=-117.073 f180_hz=2.08683E+06 gain_at_f180_db=-32.6711 f0_rising_hz= resurgence_db=-0.543737
Doing analysis at TEMP = -40.000000 and TNOM = 27.000000

Using SPARSE 1.3 as Direct Linear Solver
 Reference value :  0.00000e+00
No. of Data Rows : 1
Doing analysis at TEMP = -40.000000 and TNOM = 27.000000

Using SPARSE 1.3 as Direct Linear Solver
 Reference value :  1.00000e-02
No. of Data Rows : 4401
Doing analysis at TEMP = -40.000000 and TNOM = 27.000000

Using SPARSE 1.3 as Direct Linear Solver
 Reference value :  1.00000e-02
No. of Data Rows : 4401
dcg                 =  1.41831e+02
f0                  =  8.53200e+04
phx                 =  -9.59438e+01
f180                =  2.44399e+06
gmx                 =  -2.34271e+01
 meas ac f0r when tdb=0 rise=1 failed!

tres                =  -4.02602e-01 at=  8.96396e+04
ROW iload_a=0.025 ceff_f=4.7e-06 esr_ohm=0.2 vout_v=1.79944 dcgain_db=141.831 f0_hz=85320 phase_at_f0_deg=-95.9438 f180_hz=2.44399E+06 gain_at_f180_db=-23.4271 f0_rising_hz= resurgence_db=-0.402602
Doing analysis at TEMP = -40.000000 and TNOM = 27.000000

Using SPARSE 1.3 as Direct Linear Solver
 Reference value :  0.00000e+00
No. of Data Rows : 1
Doing analysis at TEMP = -40.000000 and TNOM = 27.000000

Using SPARSE 1.3 as Direct Linear Solver
 Reference value :  1.00000e-02
No. of Data Rows : 4401
Doing analysis at TEMP = -40.000000 and TNOM = 27.000000

Using SPARSE 1.3 as Direct Linear Solver
 Reference value :  1.00000e-02
No. of Data Rows : 4401
dcg                 =  1.41831e+02
f0                  =  2.94148e+05
phx                 =  -5.56636e+01
f180                =  2.50707e+06
gmx                 =  -1.59140e+01
 meas ac f0r when tdb=0 rise=1 failed!

tres                =  -9.53727e-02 at=  3.09030e+05
ROW iload_a=0.025 ceff_f=4.7e-06 esr_ohm=0.5 vout_v=1.79944 dcgain_db=141.831 f0_hz=294148 phase_at_f0_deg=-55.6636 f180_hz=2.50707E+06 gain_at_f180_db=-15.914 f0_rising_hz= resurgence_db=-0.0953727
Doing analysis at TEMP = -40.000000 and TNOM = 27.000000

Using SPARSE 1.3 as Direct Linear Solver
 Reference value :  0.00000e+00
No. of Data Rows : 1
Doing analysis at TEMP = -40.000000 and TNOM = 27.000000

Using SPARSE 1.3 as Direct Linear Solver
 Reference value :  4.67735e-02
No. of Data Rows : 4401
Doing analysis at TEMP = -40.000000 and TNOM = 27.000000

Using SPARSE 1.3 as Direct Linear Solver
 Reference value :  1.00000e-02
No. of Data Rows : 4401
dcg                 =  1.39506e+02
f0                  =  8.00421e+05
phx                 =  -1.79133e+02
f180                =  8.11293e+05
gmx                 =  -2.00559e-01
 meas ac f0r when tdb=0 rise=1 failed!

tres                =  -7.48611e-01 at=  8.41395e+05
ROW iload_a=0.05 ceff_f=3.3e-07 esr_ohm=0.001 vout_v=1.79944 dcgain_db=139.506 f0_hz=800421 phase_at_f0_deg=-179.133 f180_hz=811293 gain_at_f180_db=-0.200559 f0_rising_hz= resurgence_db=-0.748611
Doing analysis at TEMP = -40.000000 and TNOM = 27.000000

Using SPARSE 1.3 as Direct Linear Solver
 Reference value :  0.00000e+00
No. of Data Rows : 1
Doing analysis at TEMP = -40.000000 and TNOM = 27.000000

Using SPARSE 1.3 as Direct Linear Solver
 Reference value :  1.31826e+03
No. of Data Rows : 4401
Doing analysis at TEMP = -40.000000 and TNOM = 27.000000

Using SPARSE 1.3 as Direct Linear Solver
 Reference value :  1.00000e-02
No. of Data Rows : 4401
dcg                 =  1.39506e+02
f0                  =  8.01958e+05
phx                 =  -1.74610e+02
f180                =  8.76394e+05
gmx                 =  -1.33884e+00
 meas ac f0r when tdb=0 rise=1 failed!

tres                =  -8.04301e-01 at=  8.46253e+05
ROW iload_a=0.05 ceff_f=3.3e-07 esr_ohm=0.05 vout_v=1.79944 dcgain_db=139.506 f0_hz=801958 phase_at_f0_deg=-174.61 f180_hz=876394 gain_at_f180_db=-1.33884 f0_rising_hz= resurgence_db=-0.804301
Doing analysis at TEMP = -40.000000 and TNOM = 27.000000

Using SPARSE 1.3 as Direct Linear Solver
 Reference value :  0.00000e+00
No. of Data Rows : 1
Doing analysis at TEMP = -40.000000 and TNOM = 27.000000

Using SPARSE 1.3 as Direct Linear Solver
 Reference value :  1.00000e-02
No. of Data Rows : 4401
Doing analysis at TEMP = -40.000000 and TNOM = 27.000000

Using SPARSE 1.3 as Direct Linear Solver
 Reference value :  1.00000e-02
No. of Data Rows : 4401
dcg                 =  1.39506e+02
f0                  =  8.26356e+05
phx                 =  -1.62425e+02
f180                =  1.16998e+06
gmx                 =  -5.25303e+00
 meas ac f0r when tdb=0 rise=1 failed!

tres                =  -7.50727e-01 at=  8.70964e+05
ROW iload_a=0.05 ceff_f=3.3e-07 esr_ohm=0.2 vout_v=1.79944 dcgain_db=139.506 f0_hz=826356 phase_at_f0_deg=-162.424 f180_hz=1.16998E+06 gain_at_f180_db=-5.25303 f0_rising_hz= resurgence_db=-0.750727
Doing analysis at TEMP = -40.000000 and TNOM = 27.000000

Using SPARSE 1.3 as Direct Linear Solver
 Reference value :  0.00000e+00
No. of Data Rows : 1
Doing analysis at TEMP = -40.000000 and TNOM = 27.000000

Using SPARSE 1.3 as Direct Linear Solver
 Reference value :  2.51189e+01
No. of Data Rows : 4401
Doing analysis at TEMP = -40.000000 and TNOM = 27.000000

Using SPARSE 1.3 as Direct Linear Solver
 Reference value :  1.00000e-02
No. of Data Rows : 4401
dcg                 =  1.39506e+02
f0                  =  9.72985e+05
phx                 =  -1.47268e+02
f180                =  1.82742e+06
gmx                 =  -8.35666e+00
 meas ac f0r when tdb=0 rise=1 failed!

tres                =  -6.03884e-01 at=  1.02329e+06
ROW iload_a=0.05 ceff_f=3.3e-07 esr_ohm=0.5 vout_v=1.79944 dcgain_db=139.506 f0_hz=972985 phase_at_f0_deg=-147.268 f180_hz=1.82742E+06 gain_at_f180_db=-8.35666 f0_rising_hz= resurgence_db=-0.603884
Doing analysis at TEMP = -40.000000 and TNOM = 27.000000

Using SPARSE 1.3 as Direct Linear Solver
 Reference value :  0.00000e+00
No. of Data Rows : 1
Doing analysis at TEMP = -40.000000 and TNOM = 27.000000

Using SPARSE 1.3 as Direct Linear Solver
 Reference value :  9.71628e-02
No. of Data Rows : 4401
Doing analysis at TEMP = -40.000000 and TNOM = 27.000000

Using SPARSE 1.3 as Direct Linear Solver
 Reference value :  1.00000e-02
No. of Data Rows : 4401
dcg                 =  1.39506e+02
f0                  =  3.72497e+05
phx                 =  -1.40566e+02
f180                =  8.12760e+05
gmx                 =  -9.84251e+00
 meas ac f0r when tdb=0 rise=1 failed!

tres                =  -5.36622e-01 at=  3.91291e+05
ROW iload_a=0.05 ceff_f=1e-06 esr_ohm=0.001 vout_v=1.79944 dcgain_db=139.506 f0_hz=372497 phase_at_f0_deg=-140.565 f180_hz=812760 gain_at_f180_db=-9.84251 f0_rising_hz= resurgence_db=-0.536622
Doing analysis at TEMP = -40.000000 and TNOM = 27.000000

Using SPARSE 1.3 as Direct Linear Solver
 Reference value :  0.00000e+00
No. of Data Rows : 1
Doing analysis at TEMP = -40.000000 and TNOM = 27.000000

Using SPARSE 1.3 as Direct Linear Solver
 Reference value :  4.29042e+00
No. of Data Rows : 4401
Doing analysis at TEMP = -40.000000 and TNOM = 27.000000

Using SPARSE 1.3 as Direct Linear Solver
 Reference value :  1.00000e-02
No. of Data Rows : 4401
dcg                 =  1.39506e+02
f0                  =  3.74498e+05
phx                 =  -1.34187e+02
f180                =  1.05703e+06
gmx                 =  -1.35660e+01
 meas ac f0r when tdb=0 rise=1 failed!

tres                =  -5.35711e-01 at=  3.93550e+05
ROW iload_a=0.05 ceff_f=1e-06 esr_ohm=0.05 vout_v=1.79944 dcgain_db=139.506 f0_hz=374498 phase_at_f0_deg=-134.187 f180_hz=1.05703E+06 gain_at_f180_db=-13.566 f0_rising_hz= resurgence_db=-0.535711
Doing analysis at TEMP = -40.000000 and TNOM = 27.000000

Using SPARSE 1.3 as Direct Linear Solver
 Reference value :  0.00000e+00
No. of Data Rows : 1
Doing analysis at TEMP = -40.000000 and TNOM = 27.000000

Using SPARSE 1.3 as Direct Linear Solver
 Reference value :  1.31826e+03
No. of Data Rows : 4401
Doing analysis at TEMP = -40.000000 and TNOM = 27.000000

Using SPARSE 1.3 as Direct Linear Solver
 Reference value :  1.00000e-02
No. of Data Rows : 4401
dcg                 =  1.39506e+02
f0                  =  4.08343e+05
phx                 =  -1.17038e+02
f180                =  1.95316e+06
gmx                 =  -1.75686e+01
 meas ac f0r when tdb=0 rise=1 failed!

tres                =  -4.62374e-01 at=  4.29042e+05
ROW iload_a=0.05 ceff_f=1e-06 esr_ohm=0.2 vout_v=1.79944 dcgain_db=139.506 f0_hz=408343 phase_at_f0_deg=-117.038 f180_hz=1.95316E+06 gain_at_f180_db=-17.5686 f0_rising_hz= resurgence_db=-0.462374
Doing analysis at TEMP = -40.000000 and TNOM = 27.000000

Using SPARSE 1.3 as Direct Linear Solver
 Reference value :  0.00000e+00
No. of Data Rows : 1
Doing analysis at TEMP = -40.000000 and TNOM = 27.000000

Using SPARSE 1.3 as Direct Linear Solver
 Reference value :  1.00000e-02
 Reference value :  4.98310e+07
No. of Data Rows : 4401
Doing analysis at TEMP = -40.000000 and TNOM = 27.000000

Using SPARSE 1.3 as Direct Linear Solver
 Reference value :  1.00000e-02
 Reference value :  5.92243e+07
No. of Data Rows : 4401
dcg                 =  1.39506e+02
f0                  =  6.95346e+05
phx                 =  -1.05310e+02
f180                =  2.29184e+06
gmx                 =  -1.25344e+01
 meas ac f0r when tdb=0 rise=1 failed!

tres                =  -3.56436e-01 at=  7.32825e+05
ROW iload_a=0.05 ceff_f=1e-06 esr_ohm=0.5 vout_v=1.79944 dcgain_db=139.506 f0_hz=695346 phase_at_f0_deg=-105.31 f180_hz=2.29184E+06 gain_at_f180_db=-12.5344 f0_rising_hz= resurgence_db=-0.356436
Doing analysis at TEMP = -40.000000 and TNOM = 27.000000

Using SPARSE 1.3 as Direct Linear Solver
 Reference value :  0.00000e+00
No. of Data Rows : 1
Doing analysis at TEMP = -40.000000 and TNOM = 27.000000

Using SPARSE 1.3 as Direct Linear Solver
 Reference value :  1.00000e-02
 Reference value :  2.08930e+07
No. of Data Rows : 4401
Doing analysis at TEMP = -40.000000 and TNOM = 27.000000

Using SPARSE 1.3 as Direct Linear Solver
 Reference value :  1.00000e-02
 Reference value :  6.64508e+07
No. of Data Rows : 4401
dcg                 =  1.39506e+02
f0                  =  9.50995e+04
phx                 =  -1.22358e+02
f180                =  8.26377e+05
gmx                 =  -2.35259e+01
 meas ac f0r when tdb=0 rise=1 failed!

tres                =  -4.96729e-01 at=  1.00000e+05
ROW iload_a=0.05 ceff_f=4.7e-06 esr_ohm=0.001 vout_v=1.79944 dcgain_db=139.506 f0_hz=95099.5 phase_at_f0_deg=-122.358 f180_hz=826377 gain_at_f180_db=-23.5259 f0_rising_hz= resurgence_db=-0.496729
Doing analysis at TEMP = -40.000000 and TNOM = 27.000000

Using SPARSE 1.3 as Direct Linear Solver
 Reference value :  0.00000e+00
No. of Data Rows : 1
Doing analysis at TEMP = -40.000000 and TNOM = 27.000000

Using SPARSE 1.3 as Direct Linear Solver
 Reference value :  1.00000e-02
 Reference value :  3.01995e+08
No. of Data Rows : 4401
Doing analysis at TEMP = -40.000000 and TNOM = 27.000000

Using SPARSE 1.3 as Direct Linear Solver
 Reference value :  1.00000e-02
 Reference value :  3.69403e+07
No. of Data Rows : 4401
dcg                 =  1.39506e+02
f0                  =  9.59100e+04
phx                 =  -1.14403e+02
f180                =  2.04346e+06
gmx                 =  -3.04345e+01
 meas ac f0r when tdb=0 rise=1 failed!

tres                =  -5.16283e-01 at=  1.01158e+05
ROW iload_a=0.05 ceff_f=4.7e-06 esr_ohm=0.05 vout_v=1.79944 dcgain_db=139.506 f0_hz=95910 phase_at_f0_deg=-114.403 f180_hz=2.04346E+06 gain_at_f180_db=-30.4345 f0_rising_hz= resurgence_db=-0.516283
Doing analysis at TEMP = -40.000000 and TNOM = 27.000000

Using SPARSE 1.3 as Direct Linear Solver
 Reference value :  0.00000e+00
No. of Data Rows : 1
Doing analysis at TEMP = -40.000000 and TNOM = 27.000000

Using SPARSE 1.3 as Direct Linear Solver
 Reference value :  1.00000e-02
 Reference value :  1.50487e+08
No. of Data Rows : 4401
Doing analysis at TEMP = -40.000000 and TNOM = 27.000000

Using SPARSE 1.3 as Direct Linear Solver
 Reference value :  1.00000e-02
 Reference value :  5.62341e+07
No. of Data Rows : 4401
dcg                 =  1.39506e+02
f0                  =  1.11421e+05
phx                 =  -8.84426e+01
f180                =  2.39755e+06
gmx                 =  -2.12171e+01
 meas ac f0r when tdb=0 rise=1 failed!

tres                =  -3.69569e-01 at=  1.17490e+05
ROW iload_a=0.05 ceff_f=4.7e-06 esr_ohm=0.2 vout_v=1.79944 dcgain_db=139.506 f0_hz=111421 phase_at_f0_deg=-88.4426 f180_hz=2.39755E+06 gain_at_f180_db=-21.2171 f0_rising_hz= resurgence_db=-0.369569
Doing analysis at TEMP = -40.000000 and TNOM = 27.000000

Using SPARSE 1.3 as Direct Linear Solver
 Reference value :  0.00000e+00
No. of Data Rows : 1
Doing analysis at TEMP = -40.000000 and TNOM = 27.000000

Using SPARSE 1.3 as Direct Linear Solver
 Reference value :  1.00000e-02
No. of Data Rows : 4401
Doing analysis at TEMP = -40.000000 and TNOM = 27.000000

Using SPARSE 1.3 as Direct Linear Solver
 Reference value :  1.00000e-02
No. of Data Rows : 4401
dcg                 =  1.39506e+02
f0                  =  5.90260e+05
phx                 =  -7.80272e+01
f180                =  2.45910e+06
gmx                 =  -1.37086e+01
 meas ac f0r when tdb=0 rise=1 failed!

tres                =  -2.18750e-01 at=  6.20155e+05
ROW iload_a=0.05 ceff_f=4.7e-06 esr_ohm=0.5 vout_v=1.79944 dcgain_db=139.506 f0_hz=590260 phase_at_f0_deg=-78.0272 f180_hz=2.4591E+06 gain_at_f180_db=-13.7086 f0_rising_hz= resurgence_db=-0.21875
* SWEEP COMPLETE fs_-40c_3.30v
Note: Simulation executed from .control section 
Warning: m=xx on .subckt line will override multiplier m hierarchy!

Note: Starting dynamic gmin stepping
Note: Dynamic gmin stepping completed
Note: Starting dynamic gmin stepping
Note: Dynamic gmin stepping completed
Note: Starting dynamic gmin stepping
Note: Dynamic gmin stepping completed

Error: measure  f0r  when(WHEN) : out of interval
Error: &f0r: no such variable.
Note: Starting dynamic gmin stepping
Note: Dynamic gmin stepping completed
Note: Starting dynamic gmin stepping
Note: Dynamic gmin stepping completed
Note: Starting dynamic gmin stepping
Note: Dynamic gmin stepping completed

Error: measure  f0r  when(WHEN) : out of interval
Error: &f0r: no such variable.
Note: Starting dynamic gmin stepping
Note: Dynamic gmin stepping completed
Note: Starting dynamic gmin stepping
Note: Dynamic gmin stepping completed
Note: Starting dynamic gmin stepping
Note: Dynamic gmin stepping completed

Error: measure  f0r  when(WHEN) : out of interval
Error: &f0r: no such variable.
Note: Starting dynamic gmin stepping
Note: Dynamic gmin stepping completed
Note: Starting dynamic gmin stepping
Note: Dynamic gmin stepping completed
Note: Starting dynamic gmin stepping
Note: Dynamic gmin stepping completed

Error: measure  f0r  when(WHEN) : out of interval
Error: &f0r: no such variable.
Note: Starting dynamic gmin stepping
Note: Dynamic gmin stepping completed
Note: Starting dynamic gmin stepping
Note: Dynamic gmin stepping completed
Note: Starting dynamic gmin stepping
Note: Dynamic gmin stepping completed

Error: measure  f0r  when(WHEN) : out of interval
Error: &f0r: no such variable.
Note: Starting dynamic gmin stepping
Note: Dynamic gmin stepping completed
Note: Starting dynamic gmin stepping
Note: Dynamic gmin stepping completed
Note: Starting dynamic gmin stepping
Note: Dynamic gmin stepping completed

Error: measure  f0r  when(WHEN) : out of interval
Error: &f0r: no such variable.
Note: Starting dynamic gmin stepping
Note: Dynamic gmin stepping completed
Note: Starting dynamic gmin stepping
Note: Dynamic gmin stepping completed
Note: Starting dynamic gmin stepping
Note: Dynamic gmin stepping completed

Error: measure  f0r  when(WHEN) : out of interval
Error: &f0r: no such variable.
Note: Starting dynamic gmin stepping
Note: Dynamic gmin stepping completed
Note: Starting dynamic gmin stepping
Note: Dynamic gmin stepping completed
Note: Starting dynamic gmin stepping
Note: Dynamic gmin stepping completed

Error: measure  f0r  when(WHEN) : out of interval
Error: &f0r: no such variable.
Note: Starting dynamic gmin stepping
Note: Dynamic gmin stepping completed
Note: Starting dynamic gmin stepping
Note: Dynamic gmin stepping completed
Note: Starting dynamic gmin stepping
Note: Dynamic gmin stepping completed

Error: measure  f0r  when(WHEN) : out of interval
Error: &f0r: no such variable.
Note: Starting dynamic gmin stepping
Note: Dynamic gmin stepping completed
Note: Starting dynamic gmin stepping
Note: Dynamic gmin stepping completed
Note: Starting dynamic gmin stepping
Note: Dynamic gmin stepping completed

Error: measure  f0r  when(WHEN) : out of interval
Error: &f0r: no such variable.
Note: Starting dynamic gmin stepping
Note: Dynamic gmin stepping completed
Note: Starting dynamic gmin stepping
Note: Dynamic gmin stepping completed
Note: Starting dynamic gmin stepping
Note: Dynamic gmin stepping completed

Error: measure  f0r  when(WHEN) : out of interval
Error: &f0r: no such variable.
Note: Starting dynamic gmin stepping
Note: Dynamic gmin stepping completed
Note: Starting dynamic gmin stepping
Note: Dynamic gmin stepping completed
Note: Starting dynamic gmin stepping
Note: Dynamic gmin stepping completed

Error: measure  f0r  when(WHEN) : out of interval
Error: &f0r: no such variable.
Note: Starting dynamic gmin stepping
Note: Dynamic gmin stepping completed
Note: Starting dynamic gmin stepping
Note: Dynamic gmin stepping completed
Note: Starting dynamic gmin stepping
Note: Dynamic gmin stepping completed

Error: measure  f0r  when(WHEN) : out of interval
Error: &f0r: no such variable.
Note: Starting dynamic gmin stepping
Note: Dynamic gmin stepping completed
Note: Starting dynamic gmin stepping
Note: Dynamic gmin stepping completed
Note: Starting dynamic gmin stepping
Note: Dynamic gmin stepping completed

Error: measure  f0r  when(WHEN) : out of interval
Error: &f0r: no such variable.
Note: Starting dynamic gmin stepping
Note: Dynamic gmin stepping completed
Note: Starting dynamic gmin stepping
Note: Dynamic gmin stepping completed
Note: Starting dynamic gmin stepping
Note: Dynamic gmin stepping completed

Error: measure  f0r  when(WHEN) : out of interval
Error: &f0r: no such variable.
Note: Starting dynamic gmin stepping
Note: Dynamic gmin stepping completed
Note: Starting dynamic gmin stepping
Note: Dynamic gmin stepping completed
Note: Starting dynamic gmin stepping
Note: Dynamic gmin stepping completed

Error: measure  f0r  when(WHEN) : out of interval
Error: &f0r: no such variable.
Note: Starting dynamic gmin stepping
Note: Dynamic gmin stepping completed
Note: Starting dynamic gmin stepping
Note: Dynamic gmin stepping completed
Note: Starting dynamic gmin stepping
Note: Dynamic gmin stepping completed

Error: measure  f0r  when(WHEN) : out of interval
Error: &f0r: no such variable.
Note: Starting dynamic gmin stepping
Note: Dynamic gmin stepping completed
Note: Starting dynamic gmin stepping
Note: Dynamic gmin stepping completed
Note: Starting dynamic gmin stepping
Note: Dynamic gmin stepping completed

Error: measure  f0r  when(WHEN) : out of interval
Error: &f0r: no such variable.
Note: Starting dynamic gmin stepping
Note: Dynamic gmin stepping completed
Note: Starting dynamic gmin stepping
Note: Dynamic gmin stepping completed
Note: Starting dynamic gmin stepping
Note: Dynamic gmin stepping completed

Error: measure  f0r  when(WHEN) : out of interval
Error: &f0r: no such variable.
Note: Starting dynamic gmin stepping
Note: Dynamic gmin stepping completed
Note: Starting dynamic gmin stepping
Note: Dynamic gmin stepping completed
Note: Starting dynamic gmin stepping
Note: Dynamic gmin stepping completed

Error: measure  f0r  when(WHEN) : out of interval
Error: &f0r: no such variable.
Note: Starting dynamic gmin stepping
Note: Dynamic gmin stepping completed
Note: Starting dynamic gmin stepping
Note: Dynamic gmin stepping completed
Note: Starting dynamic gmin stepping
Note: Dynamic gmin stepping completed

Error: measure  f0r  when(WHEN) : out of interval
Error: &f0r: no such variable.
Note: Starting dynamic gmin stepping
Note: Dynamic gmin stepping completed
Note: Starting dynamic gmin stepping
Note: Dynamic gmin stepping completed
Note: Starting dynamic gmin stepping
Note: Dynamic gmin stepping completed

Error: measure  f0r  when(WHEN) : out of interval
Error: &f0r: no such variable.
Note: Starting dynamic gmin stepping
Note: Dynamic gmin stepping completed
Note: Starting dynamic gmin stepping
Note: Dynamic gmin stepping completed
Note: Starting dynamic gmin stepping
Note: Dynamic gmin stepping completed

Error: measure  f0r  when(WHEN) : out of interval
Error: &f0r: no such variable.
Note: Starting dynamic gmin stepping
Note: Dynamic gmin stepping completed
Note: Starting dynamic gmin stepping
Note: Dynamic gmin stepping completed
Note: Starting dynamic gmin stepping
Note: Dynamic gmin stepping completed

Error: measure  f0r  when(WHEN) : out of interval
Error: &f0r: no such variable.
Note: Starting dynamic gmin stepping
Warning: Dynamic gmin stepping failed
Note: Starting true gmin stepping
Note: True gmin stepping completed
Note: Starting dynamic gmin stepping
Warning: Dynamic gmin stepping failed
Note: Starting true gmin stepping
Note: True gmin stepping completed
Note: Starting dynamic gmin stepping
Warning: Dynamic gmin stepping failed
Note: Starting true gmin stepping
Note: True gmin stepping completed

Error: measure  f0r  when(WHEN) : out of interval
Error: &f0r: no such variable.
Note: Starting dynamic gmin stepping
Warning: Dynamic gmin stepping failed
Note: Starting true gmin stepping
Note: True gmin stepping completed
Note: Starting dynamic gmin stepping
Warning: Dynamic gmin stepping failed
Note: Starting true gmin stepping
Note: True gmin stepping completed
Note: Starting dynamic gmin stepping
Warning: Dynamic gmin stepping failed
Note: Starting true gmin stepping
Note: True gmin stepping completed

Error: measure  f0r  when(WHEN) : out of interval
Error: &f0r: no such variable.
Note: Starting dynamic gmin stepping
Warning: Dynamic gmin stepping failed
Note: Starting true gmin stepping
Note: True gmin stepping completed
Note: Starting dynamic gmin stepping
Warning: Dynamic gmin stepping failed
Note: Starting true gmin stepping
Note: True gmin stepping completed
Note: Starting dynamic gmin stepping
Warning: Dynamic gmin stepping failed
Note: Starting true gmin stepping
Note: True gmin stepping completed

Error: measure  f0r  when(WHEN) : out of interval
Error: &f0r: no such variable.
Note: Starting dynamic gmin stepping
Warning: Dynamic gmin stepping failed
Note: Starting true gmin stepping
Note: True gmin stepping completed
Note: Starting dynamic gmin stepping
Warning: Dynamic gmin stepping failed
Note: Starting true gmin stepping
Note: True gmin stepping completed
Note: Starting dynamic gmin stepping
Warning: Dynamic gmin stepping failed
Note: Starting true gmin stepping
Note: True gmin stepping completed

Error: measure  f0r  when(WHEN) : out of interval
Error: &f0r: no such variable.
Note: Starting dynamic gmin stepping
Warning: Dynamic gmin stepping failed
Note: Starting true gmin stepping
Note: True gmin stepping completed
Note: Starting dynamic gmin stepping
Warning: Dynamic gmin stepping failed
Note: Starting true gmin stepping
Note: True gmin stepping completed
Note: Starting dynamic gmin stepping
Warning: Dynamic gmin stepping failed
Note: Starting true gmin stepping
Note: True gmin stepping completed

Error: measure  f0r  when(WHEN) : out of interval
Error: &f0r: no such variable.
Note: Starting dynamic gmin stepping
Warning: Dynamic gmin stepping failed
Note: Starting true gmin stepping
Note: True gmin stepping completed
Note: Starting dynamic gmin stepping
Warning: Dynamic gmin stepping failed
Note: Starting true gmin stepping
Note: True gmin stepping completed
Note: Starting dynamic gmin stepping
Warning: Dynamic gmin stepping failed
Note: Starting true gmin stepping
Note: True gmin stepping completed

Error: measure  f0r  when(WHEN) : out of interval
Error: &f0r: no such variable.
Note: Starting dynamic gmin stepping
Warning: Dynamic gmin stepping failed
Note: Starting true gmin stepping
Note: True gmin stepping completed
Note: Starting dynamic gmin stepping
Warning: Dynamic gmin stepping failed
Note: Starting true gmin stepping
Note: True gmin stepping completed
Note: Starting dynamic gmin stepping
Warning: Dynamic gmin stepping failed
Note: Starting true gmin stepping
Note: True gmin stepping completed

Error: measure  f0r  when(WHEN) : out of interval
Error: &f0r: no such variable.
Note: Starting dynamic gmin stepping
Warning: Dynamic gmin stepping failed
Note: Starting true gmin stepping
Note: True gmin stepping completed
Note: Starting dynamic gmin stepping
Warning: Dynamic gmin stepping failed
Note: Starting true gmin stepping
Note: True gmin stepping completed
Note: Starting dynamic gmin stepping
Warning: Dynamic gmin stepping failed
Note: Starting true gmin stepping
Note: True gmin stepping completed

Error: measure  f0r  when(WHEN) : out of interval
Error: &f0r: no such variable.
Note: Starting dynamic gmin stepping
Warning: Dynamic gmin stepping failed
Note: Starting true gmin stepping
Note: True gmin stepping completed
Note: Starting dynamic gmin stepping
Warning: Dynamic gmin stepping failed
Note: Starting true gmin stepping
Note: True gmin stepping completed
Note: Starting dynamic gmin stepping
Warning: Dynamic gmin stepping failed
Note: Starting true gmin stepping
Note: True gmin stepping completed

Error: measure  f0r  when(WHEN) : out of interval
Error: &f0r: no such variable.
Note: Starting dynamic gmin stepping
Warning: Dynamic gmin stepping failed
Note: Starting true gmin stepping
Note: True gmin stepping completed
Note: Starting dynamic gmin stepping
Warning: Dynamic gmin stepping failed
Note: Starting true gmin stepping
Note: True gmin stepping completed
Note: Starting dynamic gmin stepping
Warning: Dynamic gmin stepping failed
Note: Starting true gmin stepping
Note: True gmin stepping completed

Error: measure  f0r  when(WHEN) : out of interval
Error: &f0r: no such variable.
Note: Starting dynamic gmin stepping
Warning: Dynamic gmin stepping failed
Note: Starting true gmin stepping
Note: True gmin stepping completed
Note: Starting dynamic gmin stepping
Warning: Dynamic gmin stepping failed
Note: Starting true gmin stepping
Note: True gmin stepping completed
Note: Starting dynamic gmin stepping
Warning: Dynamic gmin stepping failed
Note: Starting true gmin stepping
Note: True gmin stepping completed

Error: measure  f0r  when(WHEN) : out of interval
Error: &f0r: no such variable.
Note: Starting dynamic gmin stepping
Warning: Dynamic gmin stepping failed
Note: Starting true gmin stepping
Note: True gmin stepping completed
Note: Starting dynamic gmin stepping
Warning: Dynamic gmin stepping failed
Note: Starting true gmin stepping
Note: True gmin stepping completed
Note: Starting dynamic gmin stepping
Warning: Dynamic gmin stepping failed
Note: Starting true gmin stepping
Note: True gmin stepping completed

Error: measure  f0r  when(WHEN) : out of interval
Error: &f0r: no such variable.
Note: Starting dynamic gmin stepping
Warning: Dynamic gmin stepping failed
Note: Starting true gmin stepping
Note: True gmin stepping completed
Note: Starting dynamic gmin stepping
Warning: Dynamic gmin stepping failed
Note: Starting true gmin stepping
Note: True gmin stepping completed
Note: Starting dynamic gmin stepping
Warning: Dynamic gmin stepping failed
Note: Starting true gmin stepping
Note: True gmin stepping completed

Error: measure  f0r  when(WHEN) : out of interval
Error: &f0r: no such variable.
Note: Starting dynamic gmin stepping
Warning: Dynamic gmin stepping failed
Note: Starting true gmin stepping
Note: True gmin stepping completed
Note: Starting dynamic gmin stepping
Warning: Dynamic gmin stepping failed
Note: Starting true gmin stepping
Note: True gmin stepping completed
Note: Starting dynamic gmin stepping
Warning: Dynamic gmin stepping failed
Note: Starting true gmin stepping
Note: True gmin stepping completed

Error: measure  f0r  when(WHEN) : out of interval
Error: &f0r: no such variable.
Note: Starting dynamic gmin stepping
Warning: Dynamic gmin stepping failed
Note: Starting true gmin stepping
Note: True gmin stepping completed
Note: Starting dynamic gmin stepping
Warning: Dynamic gmin stepping failed
Note: Starting true gmin stepping
Note: True gmin stepping completed
Note: Starting dynamic gmin stepping
Warning: Dynamic gmin stepping failed
Note: Starting true gmin stepping
Note: True gmin stepping completed

Error: measure  f0r  when(WHEN) : out of interval
Error: &f0r: no such variable.
Note: Starting dynamic gmin stepping
Warning: Dynamic gmin stepping failed
Note: Starting true gmin stepping
Note: True gmin stepping completed
Note: Starting dynamic gmin stepping
Warning: Dynamic gmin stepping failed
Note: Starting true gmin stepping
Note: True gmin stepping completed
Note: Starting dynamic gmin stepping
Warning: Dynamic gmin stepping failed
Note: Starting true gmin stepping
Note: True gmin stepping completed

Error: measure  f0r  when(WHEN) : out of interval
Error: &f0r: no such variable.
Note: Starting dynamic gmin stepping
Warning: Dynamic gmin stepping failed
Note: Starting true gmin stepping
Note: True gmin stepping completed
Note: Starting dynamic gmin stepping
Warning: Dynamic gmin stepping failed
Note: Starting true gmin stepping
Note: True gmin stepping completed
Note: Starting dynamic gmin stepping
Warning: Dynamic gmin stepping failed
Note: Starting true gmin stepping
Note: True gmin stepping completed

Error: measure  f0r  when(WHEN) : out of interval
Error: &f0r: no such variable.
Note: Starting dynamic gmin stepping
Warning: Dynamic gmin stepping failed
Note: Starting true gmin stepping
Note: True gmin stepping completed
Note: Starting dynamic gmin stepping
Warning: Dynamic gmin stepping failed
Note: Starting true gmin stepping
Note: True gmin stepping completed
Note: Starting dynamic gmin stepping
Warning: Dynamic gmin stepping failed
Note: Starting true gmin stepping
Note: True gmin stepping completed

Error: measure  f0r  when(WHEN) : out of interval
Error: &f0r: no such variable.
Note: Starting dynamic gmin stepping
Warning: Dynamic gmin stepping failed
Note: Starting true gmin stepping
Note: True gmin stepping completed
Note: Starting dynamic gmin stepping
Warning: Dynamic gmin stepping failed
Note: Starting true gmin stepping
Note: True gmin stepping completed
Note: Starting dynamic gmin stepping
Warning: Dynamic gmin stepping failed
Note: Starting true gmin stepping
Note: True gmin stepping completed

Error: measure  f0r  when(WHEN) : out of interval
Error: &f0r: no such variable.
Note: Starting dynamic gmin stepping
Warning: Dynamic gmin stepping failed
Note: Starting true gmin stepping
Note: True gmin stepping completed
Note: Starting dynamic gmin stepping
Warning: Dynamic gmin stepping failed
Note: Starting true gmin stepping
Note: True gmin stepping completed
Note: Starting dynamic gmin stepping
Warning: Dynamic gmin stepping failed
Note: Starting true gmin stepping
Note: True gmin stepping completed

Error: measure  f0r  when(WHEN) : out of interval
Error: &f0r: no such variable.
Note: Starting dynamic gmin stepping
Warning: Dynamic gmin stepping failed
Note: Starting true gmin stepping
Note: True gmin stepping completed
Note: Starting dynamic gmin stepping
Warning: Dynamic gmin stepping failed
Note: Starting true gmin stepping
Note: True gmin stepping completed
Note: Starting dynamic gmin stepping
Warning: Dynamic gmin stepping failed
Note: Starting true gmin stepping
Note: True gmin stepping completed

Error: measure  f0r  when(WHEN) : out of interval
Error: &f0r: no such variable.
Note: Starting dynamic gmin stepping
Warning: Dynamic gmin stepping failed
Note: Starting true gmin stepping
Note: True gmin stepping completed
Note: Starting dynamic gmin stepping
Warning: Dynamic gmin stepping failed
Note: Starting true gmin stepping
Note: True gmin stepping completed
Note: Starting dynamic gmin stepping
Warning: Dynamic gmin stepping failed
Note: Starting true gmin stepping
Note: True gmin stepping completed

Error: measure  f0r  when(WHEN) : out of interval
Error: &f0r: no such variable.
Note: Starting dynamic gmin stepping
Warning: Dynamic gmin stepping failed
Note: Starting true gmin stepping
Note: True gmin stepping completed
Note: Starting dynamic gmin stepping
Warning: Dynamic gmin stepping failed
Note: Starting true gmin stepping
Note: True gmin stepping completed
Note: Starting dynamic gmin stepping
Warning: Dynamic gmin stepping failed
Note: Starting true gmin stepping
Note: True gmin stepping completed

Error: measure  f0r  when(WHEN) : out of interval
Error: &f0r: no such variable.
Note: Starting dynamic gmin stepping
Warning: Dynamic gmin stepping failed
Note: Starting true gmin stepping
Note: True gmin stepping completed
Note: Starting dynamic gmin stepping
Warning: Dynamic gmin stepping failed
Note: Starting true gmin stepping
Note: True gmin stepping completed
Note: Starting dynamic gmin stepping
Warning: Dynamic gmin stepping failed
Note: Starting true gmin stepping
Note: True gmin stepping completed

Error: measure  f0r  when(WHEN) : out of interval
Error: &f0r: no such variable.
Note: Starting dynamic gmin stepping
Warning: Dynamic gmin stepping failed
Note: Starting true gmin stepping
Note: True gmin stepping completed
Note: Starting dynamic gmin stepping
Warning: Dynamic gmin stepping failed
Note: Starting true gmin stepping
Note: True gmin stepping completed
Note: Starting dynamic gmin stepping
Warning: Dynamic gmin stepping failed
Note: Starting true gmin stepping
Note: True gmin stepping completed

Error: measure  f0r  when(WHEN) : out of interval
Error: &f0r: no such variable.
Note: Starting dynamic gmin stepping
Warning: Dynamic gmin stepping failed
Note: Starting true gmin stepping
Note: True gmin stepping completed
Note: Starting dynamic gmin stepping
Warning: Dynamic gmin stepping failed
Note: Starting true gmin stepping
Note: True gmin stepping completed
Note: Starting dynamic gmin stepping
Warning: Dynamic gmin stepping failed
Note: Starting true gmin stepping
Note: True gmin stepping completed

Error: measure  f0r  when(WHEN) : out of interval
Error: &f0r: no such variable.
Note: Starting dynamic gmin stepping
Warning: Dynamic gmin stepping failed
Note: Starting true gmin stepping
Note: True gmin stepping completed
Note: Starting dynamic gmin stepping
Warning: Dynamic gmin stepping failed
Note: Starting true gmin stepping
Note: True gmin stepping completed
Note: Starting dynamic gmin stepping
Warning: Dynamic gmin stepping failed
Note: Starting true gmin stepping
Note: True gmin stepping completed

Error: measure  f0r  when(WHEN) : out of interval
Error: &f0r: no such variable.
Note: Starting dynamic gmin stepping
Warning: Dynamic gmin stepping failed
Note: Starting true gmin stepping
Note: True gmin stepping completed
Note: Starting dynamic gmin stepping
Warning: Dynamic gmin stepping failed
Note: Starting true gmin stepping
Note: True gmin stepping completed
Note: Starting dynamic gmin stepping
Warning: Dynamic gmin stepping failed
Note: Starting true gmin stepping
Note: True gmin stepping completed

Error: measure  f0r  when(WHEN) : out of interval
Error: &f0r: no such variable.
Note: Starting dynamic gmin stepping
Warning: Dynamic gmin stepping failed
Note: Starting true gmin stepping
Note: True gmin stepping completed
Note: Starting dynamic gmin stepping
Warning: Dynamic gmin stepping failed
Note: Starting true gmin stepping
Note: True gmin stepping completed
Note: Starting dynamic gmin stepping
Warning: Dynamic gmin stepping failed
Note: Starting true gmin stepping
Note: True gmin stepping completed

Error: measure  f0r  when(WHEN) : out of interval
Error: &f0r: no such variable.
Note: Starting dynamic gmin stepping
Warning: Dynamic gmin stepping failed
Note: Starting true gmin stepping
Note: True gmin stepping completed
Note: Starting dynamic gmin stepping
Warning: Dynamic gmin stepping failed
Note: Starting true gmin stepping
Note: True gmin stepping completed
Note: Starting dynamic gmin stepping
Warning: Dynamic gmin stepping failed
Note: Starting true gmin stepping
Note: True gmin stepping completed

Error: measure  f0r  when(WHEN) : out of interval
Error: &f0r: no such variable.
Note: Starting dynamic gmin stepping
Warning: Dynamic gmin stepping failed
Note: Starting true gmin stepping
Note: True gmin stepping completed
Note: Starting dynamic gmin stepping
Warning: Dynamic gmin stepping failed
Note: Starting true gmin stepping
Note: True gmin stepping completed
Note: Starting dynamic gmin stepping
Warning: Dynamic gmin stepping failed
Note: Starting true gmin stepping
Note: True gmin stepping completed

Error: measure  f0r  when(WHEN) : out of interval
Error: &f0r: no such variable.
Note: Starting dynamic gmin stepping
Warning: Dynamic gmin stepping failed
Note: Starting true gmin stepping
Note: True gmin stepping completed
Note: Starting dynamic gmin stepping
Warning: Dynamic gmin stepping failed
Note: Starting true gmin stepping
Note: True gmin stepping completed
Note: Starting dynamic gmin stepping
Warning: Dynamic gmin stepping failed
Note: Starting true gmin stepping
Note: True gmin stepping completed

Error: measure  f0r  when(WHEN) : out of interval
Error: &f0r: no such variable.
Note: Starting dynamic gmin stepping
Warning: Dynamic gmin stepping failed
Note: Starting true gmin stepping
Note: True gmin stepping completed
Note: Starting dynamic gmin stepping
Warning: Dynamic gmin stepping failed
Note: Starting true gmin stepping
Note: True gmin stepping completed
Note: Starting dynamic gmin stepping
Warning: Dynamic gmin stepping failed
Note: Starting true gmin stepping
Note: True gmin stepping completed

Error: measure  f0r  when(WHEN) : out of interval
Error: &f0r: no such variable.
Note: Starting dynamic gmin stepping
Warning: Dynamic gmin stepping failed
Note: Starting true gmin stepping
Note: True gmin stepping completed
Note: Starting dynamic gmin stepping
Warning: Dynamic gmin stepping failed
Note: Starting true gmin stepping
Note: True gmin stepping completed
Note: Starting dynamic gmin stepping
Warning: Dynamic gmin stepping failed
Note: Starting true gmin stepping
Note: True gmin stepping completed

Error: measure  f0r  when(WHEN) : out of interval
Error: &f0r: no such variable.
Note: Starting dynamic gmin stepping
Warning: Dynamic gmin stepping failed
Note: Starting true gmin stepping
Note: True gmin stepping completed
Note: Starting dynamic gmin stepping
Warning: Dynamic gmin stepping failed
Note: Starting true gmin stepping
Note: True gmin stepping completed
Note: Starting dynamic gmin stepping
Warning: Dynamic gmin stepping failed
Note: Starting true gmin stepping
Note: True gmin stepping completed

Error: measure  f0r  when(WHEN) : out of interval
Error: &f0r: no such variable.
Note: Starting dynamic gmin stepping
Warning: Dynamic gmin stepping failed
Note: Starting true gmin stepping
Note: True gmin stepping completed
Note: Starting dynamic gmin stepping
Warning: Dynamic gmin stepping failed
Note: Starting true gmin stepping
Note: True gmin stepping completed
Note: Starting dynamic gmin stepping
Warning: Dynamic gmin stepping failed
Note: Starting true gmin stepping
Note: True gmin stepping completed

Error: measure  f0r  when(WHEN) : out of interval
Error: &f0r: no such variable.
Note: Starting dynamic gmin stepping
Note: Dynamic gmin stepping completed
Note: Starting dynamic gmin stepping
Note: Dynamic gmin stepping completed
Note: Starting dynamic gmin stepping
Note: Dynamic gmin stepping completed

Error: measure  f0r  when(WHEN) : out of interval
Error: &f0r: no such variable.
Note: Starting dynamic gmin stepping
Note: Dynamic gmin stepping completed
Note: Starting dynamic gmin stepping
Note: Dynamic gmin stepping completed
Note: Starting dynamic gmin stepping
Note: Dynamic gmin stepping completed

Error: measure  f0r  when(WHEN) : out of interval
Error: &f0r: no such variable.
Note: Starting dynamic gmin stepping
Note: Dynamic gmin stepping completed
Note: Starting dynamic gmin stepping
Note: Dynamic gmin stepping completed
Note: Starting dynamic gmin stepping
Note: Dynamic gmin stepping completed

Error: measure  f0r  when(WHEN) : out of interval
Error: &f0r: no such variable.
Note: Starting dynamic gmin stepping
Note: Dynamic gmin stepping completed
Note: Starting dynamic gmin stepping
Note: Dynamic gmin stepping completed
Note: Starting dynamic gmin stepping
Note: Dynamic gmin stepping completed

Error: measure  f0r  when(WHEN) : out of interval
Error: &f0r: no such variable.
Note: Starting dynamic gmin stepping
Note: Dynamic gmin stepping completed
Note: Starting dynamic gmin stepping
Note: Dynamic gmin stepping completed
Note: Starting dynamic gmin stepping
Note: Dynamic gmin stepping completed

Error: measure  f0r  when(WHEN) : out of interval
Error: &f0r: no such variable.
Note: Starting dynamic gmin stepping
Note: Dynamic gmin stepping completed
Note: Starting dynamic gmin stepping
Note: Dynamic gmin stepping completed
Note: Starting dynamic gmin stepping
Note: Dynamic gmin stepping completed

Error: measure  f0r  when(WHEN) : out of interval
Error: &f0r: no such variable.
Note: Starting dynamic gmin stepping
Note: Dynamic gmin stepping completed
Note: Starting dynamic gmin stepping
Note: Dynamic gmin stepping completed
Note: Starting dynamic gmin stepping
Note: Dynamic gmin stepping completed

Error: measure  f0r  when(WHEN) : out of interval
Error: &f0r: no such variable.
Note: Starting dynamic gmin stepping
Note: Dynamic gmin stepping completed
Note: Starting dynamic gmin stepping
Note: Dynamic gmin stepping completed
Note: Starting dynamic gmin stepping
Note: Dynamic gmin stepping completed

Error: measure  f0r  when(WHEN) : out of interval
Error: &f0r: no such variable.
Note: Starting dynamic gmin stepping
Note: Dynamic gmin stepping completed
Note: Starting dynamic gmin stepping
Note: Dynamic gmin stepping completed
Note: Starting dynamic gmin stepping
Note: Dynamic gmin stepping completed

Error: measure  f0r  when(WHEN) : out of interval
Error: &f0r: no such variable.
Note: Starting dynamic gmin stepping
Note: Dynamic gmin stepping completed
Note: Starting dynamic gmin stepping
Note: Dynamic gmin stepping completed
Note: Starting dynamic gmin stepping
Note: Dynamic gmin stepping completed

Error: measure  f0r  when(WHEN) : out of interval
Error: &f0r: no such variable.
Note: Starting dynamic gmin stepping
Note: Dynamic gmin stepping completed
Note: Starting dynamic gmin stepping
Note: Dynamic gmin stepping completed
Note: Starting dynamic gmin stepping
Note: Dynamic gmin stepping completed

Error: measure  f0r  when(WHEN) : out of interval
Error: &f0r: no such variable.
Note: Starting dynamic gmin stepping
Note: Dynamic gmin stepping completed
Note: Starting dynamic gmin stepping
Note: Dynamic gmin stepping completed
Note: Starting dynamic gmin stepping
Note: Dynamic gmin stepping completed

Error: measure  f0r  when(WHEN) : out of interval
Error: &f0r: no such variable.
