* full loop-gain curve T(f) at the worst curve point of this record
* corner=res_ss_-40c_3.30v iload=50mA ceff=0.33uF esr=1mohm
* the two printed columns after the frequency are |T| in dB and unwrapped phase(T) in degrees

Note: Compatibility modes selected: hs a


Circuit: * loop-stability -- tian dual-injection loop-gain testbench for ldo_core (issue #10)

* corner_id=res_ss_-40c_3.30v corner=res_ss temp_c=-40 vin_v=3.3
* ac sweep: dec 400 0.01 1e9 ; Tian dual injection at ERRAMP_OUT->PASS_GATE
* columns: ROW iload_a= ceff_f= esr_ohm= vout_v= dcgain_db= f0_hz= phase_at_f0_deg=
*          f180_hz= gain_at_f180_db= f0_rising_hz= resurgence_db=
* (phase margin = 180 + phase_at_f0_deg ; gain margin = -gain_at_f180_db ;
*  resurgence_db = max |T| in dB above the first 0 dB crossing, DR-0008 ;
*  an empty f180/gain field means the phase never reaches -180 deg in band)
* Fields are written key=value BECAUSE a failed meas leaves its value
* empty: with bare positional fields an empty one vanishes into the
* whitespace and every field after it is read as the wrong quantity.
Doing analysis at TEMP = -40.000000 and TNOM = 27.000000

Using SPARSE 1.3 as Direct Linear Solver
 Reference value :  0.00000e+00
No. of Data Rows : 1
Doing analysis at TEMP = -40.000000 and TNOM = 27.000000

Using SPARSE 1.3 as Direct Linear Solver
 Reference value :  5.88844e+02
No. of Data Rows : 4401
Doing analysis at TEMP = -40.000000 and TNOM = 27.000000

Using SPARSE 1.3 as Direct Linear Solver
 Reference value :  1.00000e-02
No. of Data Rows : 4401
dcg                 =  1.38899e+02
f0                  =  7.49297e+05
phx                 =  -1.86006e+02
f180                =  6.83316e+05
gmx                 =  1.41229e+00
 meas ac f0r when tdb=0 rise=1 failed!

tres                =  -8.33044e-01 at=  7.89769e+05
* loop-stability -- tian dual-injection loop-gain testbench for ldo_core (issue #10)
AC Analysis  Mon Sep 21 19:17:22  2026
--------------------------------------------------------------------------------
Index   frequency       tdb             tph             
--------------------------------------------------------------------------------
0	1.000000e-02	1.388990e+02	-3.18020e-01	
1	1.005773e-02	1.388990e+02	-3.19856e-01	
2	1.011579e-02	1.388990e+02	-3.21702e-01	
3	1.017419e-02	1.388990e+02	-3.23560e-01	
4	1.023293e-02	1.388990e+02	-3.25427e-01	
5	1.029201e-02	1.388990e+02	-3.27306e-01	
6	1.035142e-02	1.388990e+02	-3.29196e-01	
7	1.041118e-02	1.388990e+02	-3.31096e-01	
8	1.047129e-02	1.388990e+02	-3.33007e-01	
9	1.053174e-02	1.388990e+02	-3.34930e-01	
10	1.059254e-02	1.388990e+02	-3.36863e-01	
11	1.065369e-02	1.388990e+02	-3.38808e-01	
12	1.071519e-02	1.388990e+02	-3.40764e-01	
13	1.077705e-02	1.388990e+02	-3.42731e-01	
14	1.083927e-02	1.388990e+02	-3.44710e-01	
15	1.090184e-02	1.388990e+02	-3.46700e-01	
16	1.096478e-02	1.388990e+02	-3.48701e-01	
17	1.102808e-02	1.388990e+02	-3.50714e-01	
18	1.109175e-02	1.388990e+02	-3.52739e-01	
19	1.115578e-02	1.388990e+02	-3.54775e-01	
20	1.122018e-02	1.388990e+02	-3.56823e-01	
21	1.128496e-02	1.388990e+02	-3.58883e-01	
22	1.135011e-02	1.388990e+02	-3.60955e-01	
23	1.141563e-02	1.388990e+02	-3.63039e-01	
24	1.148154e-02	1.388990e+02	-3.65135e-01	
25	1.154782e-02	1.388990e+02	-3.67242e-01	
26	1.161449e-02	1.388990e+02	-3.69362e-01	
27	1.168154e-02	1.388990e+02	-3.71495e-01	
28	1.174898e-02	1.388990e+02	-3.73639e-01	
29	1.181680e-02	1.388990e+02	-3.75796e-01	
30	1.188502e-02	1.388990e+02	-3.77966e-01	
31	1.195364e-02	1.388989e+02	-3.80148e-01	
32	1.202264e-02	1.388989e+02	-3.82342e-01	
33	1.209205e-02	1.388989e+02	-3.84550e-01	
34	1.216186e-02	1.388989e+02	-3.86769e-01	
35	1.223207e-02	1.388989e+02	-3.89002e-01	
36	1.230269e-02	1.388989e+02	-3.91248e-01	
37	1.237371e-02	1.388989e+02	-3.93507e-01	
38	1.244515e-02	1.388989e+02	-3.95778e-01	
39	1.251699e-02	1.388989e+02	-3.98063e-01	
40	1.258925e-02	1.388989e+02	-4.00361e-01	
41	1.266193e-02	1.388989e+02	-4.02672e-01	
42	1.273503e-02	1.388989e+02	-4.04997e-01	
43	1.280855e-02	1.388989e+02	-4.07335e-01	
44	1.288250e-02	1.388989e+02	-4.09686e-01	
45	1.295687e-02	1.388989e+02	-4.12051e-01	
46	1.303167e-02	1.388989e+02	-4.14430e-01	
47	1.310690e-02	1.388989e+02	-4.16822e-01	
48	1.318257e-02	1.388989e+02	-4.19229e-01	
49	1.325867e-02	1.388989e+02	-4.21649e-01	
50	1.333521e-02	1.388989e+02	-4.24083e-01	
51	1.341220e-02	1.388989e+02	-4.26531e-01	
52	1.348963e-02	1.388989e+02	-4.28993e-01	
53	1.356751e-02	1.388989e+02	-4.31470e-01	
54	1.364583e-02	1.388989e+02	-4.33961e-01	

Index   frequency       tdb             tph             
--------------------------------------------------------------------------------
55	1.372461e-02	1.388989e+02	-4.36466e-01	
56	1.380384e-02	1.388989e+02	-4.38986e-01	
57	1.388353e-02	1.388989e+02	-4.41520e-01	
58	1.396368e-02	1.388989e+02	-4.44069e-01	
59	1.404430e-02	1.388989e+02	-4.46632e-01	
60	1.412538e-02	1.388989e+02	-4.49211e-01	
61	1.420692e-02	1.388989e+02	-4.51804e-01	
62	1.428894e-02	1.388989e+02	-4.54412e-01	
63	1.437143e-02	1.388989e+02	-4.57035e-01	
64	1.445440e-02	1.388989e+02	-4.59674e-01	
65	1.453784e-02	1.388989e+02	-4.62327e-01	
66	1.462177e-02	1.388989e+02	-4.64996e-01	
67	1.470618e-02	1.388989e+02	-4.67680e-01	
68	1.479108e-02	1.388988e+02	-4.70380e-01	
69	1.487647e-02	1.388988e+02	-4.73096e-01	
70	1.496236e-02	1.388988e+02	-4.75827e-01	
71	1.504874e-02	1.388988e+02	-4.78574e-01	
72	1.513561e-02	1.388988e+02	-4.81336e-01	
73	1.522299e-02	1.388988e+02	-4.84115e-01	
74	1.531087e-02	1.388988e+02	-4.86910e-01	
75	1.539927e-02	1.388988e+02	-4.89720e-01	
76	1.548817e-02	1.388988e+02	-4.92548e-01	
77	1.557758e-02	1.388988e+02	-4.95391e-01	
78	1.566751e-02	1.388988e+02	-4.98251e-01	
79	1.575796e-02	1.388988e+02	-5.01127e-01	
80	1.584893e-02	1.388988e+02	-5.04020e-01	
81	1.594043e-02	1.388988e+02	-5.06929e-01	
82	1.603245e-02	1.388988e+02	-5.09856e-01	
83	1.612501e-02	1.388988e+02	-5.12799e-01	
84	1.621810e-02	1.388988e+02	-5.15759e-01	
85	1.631173e-02	1.388988e+02	-5.18737e-01	
86	1.640590e-02	1.388988e+02	-5.21731e-01	
87	1.650061e-02	1.388988e+02	-5.24743e-01	
88	1.659587e-02	1.388988e+02	-5.27772e-01	
89	1.669168e-02	1.388988e+02	-5.30819e-01	
90	1.678804e-02	1.388988e+02	-5.33883e-01	
91	1.688496e-02	1.388988e+02	-5.36965e-01	
92	1.698244e-02	1.388988e+02	-5.40065e-01	
93	1.708048e-02	1.388987e+02	-5.43183e-01	
94	1.717908e-02	1.388987e+02	-5.46318e-01	
95	1.727826e-02	1.388987e+02	-5.49472e-01	
96	1.737801e-02	1.388987e+02	-5.52644e-01	
97	1.747833e-02	1.388987e+02	-5.55834e-01	
98	1.757924e-02	1.388987e+02	-5.59043e-01	
99	1.768072e-02	1.388987e+02	-5.62270e-01	
100	1.778279e-02	1.388987e+02	-5.65516e-01	
101	1.788546e-02	1.388987e+02	-5.68780e-01	
102	1.798871e-02	1.388987e+02	-5.72064e-01	
103	1.809256e-02	1.388987e+02	-5.75366e-01	
104	1.819701e-02	1.388987e+02	-5.78687e-01	
105	1.830206e-02	1.388987e+02	-5.82028e-01	
106	1.840772e-02	1.388987e+02	-5.85388e-01	
107	1.851399e-02	1.388987e+02	-5.88767e-01	
108	1.862087e-02	1.388987e+02	-5.92166e-01	
109	1.872837e-02	1.388987e+02	-5.95584e-01	
110	1.883649e-02	1.388987e+02	-5.99022e-01	
111	1.894524e-02	1.388987e+02	-6.02480e-01	
112	1.905461e-02	1.388987e+02	-6.05958e-01	

Index   frequency       tdb             tph             
--------------------------------------------------------------------------------
113	1.916461e-02	1.388986e+02	-6.09456e-01	
114	1.927525e-02	1.388986e+02	-6.12974e-01	
115	1.938653e-02	1.388986e+02	-6.16513e-01	
116	1.949845e-02	1.388986e+02	-6.20072e-01	
117	1.961101e-02	1.388986e+02	-6.23651e-01	
118	1.972423e-02	1.388986e+02	-6.27251e-01	
119	1.983810e-02	1.388986e+02	-6.30872e-01	
120	1.995262e-02	1.388986e+02	-6.34514e-01	
121	2.006781e-02	1.388986e+02	-6.38177e-01	
122	2.018366e-02	1.388986e+02	-6.41861e-01	
123	2.030019e-02	1.388986e+02	-6.45566e-01	
124	2.041738e-02	1.388986e+02	-6.49292e-01	
125	2.053525e-02	1.388986e+02	-6.53040e-01	
126	2.065380e-02	1.388986e+02	-6.56810e-01	
127	2.077304e-02	1.388986e+02	-6.60602e-01	
128	2.089296e-02	1.388986e+02	-6.64415e-01	
129	2.101358e-02	1.388985e+02	-6.68250e-01	
130	2.113489e-02	1.388985e+02	-6.72108e-01	
131	2.125690e-02	1.388985e+02	-6.75988e-01	
132	2.137962e-02	1.388985e+02	-6.79890e-01	
133	2.150305e-02	1.388985e+02	-6.83814e-01	
134	2.162719e-02	1.388985e+02	-6.87762e-01	
135	2.175204e-02	1.388985e+02	-6.91732e-01	
136	2.187762e-02	1.388985e+02	-6.95725e-01	
137	2.200392e-02	1.388985e+02	-6.99741e-01	
138	2.213095e-02	1.388985e+02	-7.03780e-01	
139	2.225871e-02	1.388985e+02	-7.07843e-01	
140	2.238721e-02	1.388985e+02	-7.11929e-01	
141	2.251645e-02	1.388985e+02	-7.16038e-01	
142	2.264644e-02	1.388985e+02	-7.20172e-01	
143	2.277718e-02	1.388984e+02	-7.24329e-01	
144	2.290868e-02	1.388984e+02	-7.28510e-01	
145	2.304093e-02	1.388984e+02	-7.32715e-01	
146	2.317395e-02	1.388984e+02	-7.36945e-01	
147	2.330773e-02	1.388984e+02	-7.41199e-01	
148	2.344229e-02	1.388984e+02	-7.45477e-01	
149	2.357762e-02	1.388984e+02	-7.49780e-01	
150	2.371374e-02	1.388984e+02	-7.54108e-01	
151	2.385064e-02	1.388984e+02	-7.58461e-01	
152	2.398833e-02	1.388984e+02	-7.62840e-01	
153	2.412682e-02	1.388984e+02	-7.67243e-01	
154	2.426610e-02	1.388984e+02	-7.71672e-01	
155	2.440619e-02	1.388983e+02	-7.76126e-01	
156	2.454709e-02	1.388983e+02	-7.80606e-01	
157	2.468880e-02	1.388983e+02	-7.85112e-01	
158	2.483133e-02	1.388983e+02	-7.89644e-01	
159	2.497468e-02	1.388983e+02	-7.94202e-01	
160	2.511886e-02	1.388983e+02	-7.98787e-01	
161	2.526388e-02	1.388983e+02	-8.03397e-01	
162	2.540973e-02	1.388983e+02	-8.08035e-01	
163	2.555642e-02	1.388983e+02	-8.12699e-01	
164	2.570396e-02	1.388983e+02	-8.17390e-01	
165	2.585235e-02	1.388982e+02	-8.22108e-01	
166	2.600160e-02	1.388982e+02	-8.26854e-01	
167	2.615170e-02	1.388982e+02	-8.31627e-01	
168	2.630268e-02	1.388982e+02	-8.36427e-01	
169	2.645453e-02	1.388982e+02	-8.41255e-01	
170	2.660725e-02	1.388982e+02	-8.46111e-01	

Index   frequency       tdb             tph             
--------------------------------------------------------------------------------
171	2.676086e-02	1.388982e+02	-8.50995e-01	
172	2.691535e-02	1.388982e+02	-8.55907e-01	
173	2.707073e-02	1.388982e+02	-8.60847e-01	
174	2.722701e-02	1.388981e+02	-8.65816e-01	
175	2.738420e-02	1.388981e+02	-8.70814e-01	
176	2.754229e-02	1.388981e+02	-8.75841e-01	
177	2.770129e-02	1.388981e+02	-8.80896e-01	
178	2.786121e-02	1.388981e+02	-8.85981e-01	
179	2.802206e-02	1.388981e+02	-8.91095e-01	
180	2.818383e-02	1.388981e+02	-8.96238e-01	
181	2.834654e-02	1.388981e+02	-9.01411e-01	
182	2.851018e-02	1.388981e+02	-9.06614e-01	
183	2.867477e-02	1.388980e+02	-9.11847e-01	
184	2.884032e-02	1.388980e+02	-9.17111e-01	
185	2.900681e-02	1.388980e+02	-9.22404e-01	
186	2.917427e-02	1.388980e+02	-9.27729e-01	
187	2.934270e-02	1.388980e+02	-9.33083e-01	
188	2.951209e-02	1.388980e+02	-9.38469e-01	
189	2.968247e-02	1.388980e+02	-9.43886e-01	
190	2.985383e-02	1.388979e+02	-9.49334e-01	
191	3.002617e-02	1.388979e+02	-9.54814e-01	
192	3.019952e-02	1.388979e+02	-9.60325e-01	
193	3.037386e-02	1.388979e+02	-9.65868e-01	
194	3.054921e-02	1.388979e+02	-9.71443e-01	
195	3.072557e-02	1.388979e+02	-9.77050e-01	
196	3.090295e-02	1.388979e+02	-9.82689e-01	
197	3.108136e-02	1.388978e+02	-9.88361e-01	
198	3.126079e-02	1.388978e+02	-9.94066e-01	
199	3.144126e-02	1.388978e+02	-9.99804e-01	
200	3.162278e-02	1.388978e+02	-1.00557e+00	
201	3.180534e-02	1.388978e+02	-1.01138e+00	
202	3.198895e-02	1.388978e+02	-1.01722e+00	
203	3.217363e-02	1.388978e+02	-1.02309e+00	
204	3.235937e-02	1.388977e+02	-1.02899e+00	
205	3.254618e-02	1.388977e+02	-1.03493e+00	
206	3.273407e-02	1.388977e+02	-1.04091e+00	
207	3.292305e-02	1.388977e+02	-1.04691e+00	
208	3.311311e-02	1.388977e+02	-1.05296e+00	
209	3.330428e-02	1.388977e+02	-1.05903e+00	
210	3.349654e-02	1.388976e+02	-1.06515e+00	
211	3.368992e-02	1.388976e+02	-1.07129e+00	
212	3.388442e-02	1.388976e+02	-1.07748e+00	
213	3.408003e-02	1.388976e+02	-1.08370e+00	
214	3.427678e-02	1.388976e+02	-1.08995e+00	
215	3.447466e-02	1.388976e+02	-1.09624e+00	
216	3.467369e-02	1.388975e+02	-1.10257e+00	
217	3.487386e-02	1.388975e+02	-1.10893e+00	
218	3.507519e-02	1.388975e+02	-1.11533e+00	
219	3.527768e-02	1.388975e+02	-1.12177e+00	
220	3.548134e-02	1.388975e+02	-1.12824e+00	
221	3.568617e-02	1.388974e+02	-1.13476e+00	
222	3.589219e-02	1.388974e+02	-1.14130e+00	
223	3.609940e-02	1.388974e+02	-1.14789e+00	
224	3.630781e-02	1.388974e+02	-1.15452e+00	
225	3.651741e-02	1.388974e+02	-1.16118e+00	
226	3.672823e-02	1.388973e+02	-1.16788e+00	
227	3.694026e-02	1.388973e+02	-1.17462e+00	
228	3.715352e-02	1.388973e+02	-1.18140e+00	

Index   frequency       tdb             tph             
--------------------------------------------------------------------------------
229	3.736801e-02	1.388973e+02	-1.18822e+00	
230	3.758374e-02	1.388973e+02	-1.19508e+00	
231	3.780071e-02	1.388972e+02	-1.20197e+00	
232	3.801894e-02	1.388972e+02	-1.20891e+00	
233	3.823843e-02	1.388972e+02	-1.21589e+00	
234	3.845918e-02	1.388972e+02	-1.22291e+00	
235	3.868121e-02	1.388971e+02	-1.22996e+00	
236	3.890451e-02	1.388971e+02	-1.23706e+00	
237	3.912911e-02	1.388971e+02	-1.24420e+00	
238	3.935501e-02	1.388971e+02	-1.25138e+00	
239	3.958221e-02	1.388970e+02	-1.25860e+00	
240	3.981072e-02	1.388970e+02	-1.26587e+00	
241	4.004055e-02	1.388970e+02	-1.27317e+00	
242	4.027170e-02	1.388970e+02	-1.28052e+00	
243	4.050419e-02	1.388969e+02	-1.28791e+00	
244	4.073803e-02	1.388969e+02	-1.29534e+00	
245	4.097321e-02	1.388969e+02	-1.30282e+00	
246	4.120975e-02	1.388969e+02	-1.31034e+00	
247	4.144766e-02	1.388968e+02	-1.31790e+00	
248	4.168694e-02	1.388968e+02	-1.32551e+00	
249	4.192760e-02	1.388968e+02	-1.33315e+00	
250	4.216965e-02	1.388968e+02	-1.34085e+00	
251	4.241310e-02	1.388967e+02	-1.34859e+00	
252	4.265795e-02	1.388967e+02	-1.35637e+00	
253	4.290422e-02	1.388967e+02	-1.36420e+00	
254	4.315191e-02	1.388967e+02	-1.37207e+00	
255	4.340103e-02	1.388966e+02	-1.37999e+00	
256	4.365158e-02	1.388966e+02	-1.38795e+00	
257	4.390359e-02	1.388966e+02	-1.39596e+00	
258	4.415704e-02	1.388965e+02	-1.40402e+00	
259	4.441197e-02	1.388965e+02	-1.41212e+00	
260	4.466836e-02	1.388965e+02	-1.42027e+00	
261	4.492623e-02	1.388964e+02	-1.42846e+00	
262	4.518559e-02	1.388964e+02	-1.43671e+00	
263	4.544645e-02	1.388964e+02	-1.44500e+00	
264	4.570882e-02	1.388963e+02	-1.45334e+00	
265	4.597270e-02	1.388963e+02	-1.46172e+00	
266	4.623810e-02	1.388963e+02	-1.47016e+00	
267	4.650504e-02	1.388963e+02	-1.47864e+00	
268	4.677351e-02	1.388962e+02	-1.48717e+00	
269	4.704354e-02	1.388962e+02	-1.49575e+00	
270	4.731513e-02	1.388961e+02	-1.50439e+00	
271	4.758828e-02	1.388961e+02	-1.51307e+00	
272	4.786301e-02	1.388961e+02	-1.52180e+00	
273	4.813933e-02	1.388960e+02	-1.53058e+00	
274	4.841724e-02	1.388960e+02	-1.53941e+00	
275	4.869675e-02	1.388960e+02	-1.54829e+00	
276	4.897788e-02	1.388959e+02	-1.55723e+00	
277	4.926063e-02	1.388959e+02	-1.56621e+00	
278	4.954502e-02	1.388959e+02	-1.57525e+00	
279	4.983105e-02	1.388958e+02	-1.58434e+00	
280	5.011872e-02	1.388958e+02	-1.59348e+00	
281	5.040806e-02	1.388957e+02	-1.60268e+00	
282	5.069907e-02	1.388957e+02	-1.61192e+00	
283	5.099176e-02	1.388957e+02	-1.62122e+00	
284	5.128614e-02	1.388956e+02	-1.63058e+00	
285	5.158222e-02	1.388956e+02	-1.63999e+00	
286	5.188000e-02	1.388955e+02	-1.64945e+00	

Index   frequency       tdb             tph             
--------------------------------------------------------------------------------
287	5.217951e-02	1.388955e+02	-1.65897e+00	
288	5.248075e-02	1.388955e+02	-1.66854e+00	
289	5.278372e-02	1.388954e+02	-1.67817e+00	
290	5.308844e-02	1.388954e+02	-1.68785e+00	
291	5.339493e-02	1.388953e+02	-1.69759e+00	
292	5.370318e-02	1.388953e+02	-1.70738e+00	
293	5.401321e-02	1.388952e+02	-1.71723e+00	
294	5.432503e-02	1.388952e+02	-1.72714e+00	
295	5.463865e-02	1.388952e+02	-1.73710e+00	
296	5.495409e-02	1.388951e+02	-1.74713e+00	
297	5.527134e-02	1.388951e+02	-1.75721e+00	
298	5.559043e-02	1.388950e+02	-1.76734e+00	
299	5.591135e-02	1.388950e+02	-1.77754e+00	
300	5.623413e-02	1.388949e+02	-1.78780e+00	
301	5.655878e-02	1.388949e+02	-1.79811e+00	
302	5.688529e-02	1.388948e+02	-1.80848e+00	
303	5.721370e-02	1.388948e+02	-1.81892e+00	
304	5.754399e-02	1.388947e+02	-1.82941e+00	
305	5.787620e-02	1.388947e+02	-1.83997e+00	
306	5.821032e-02	1.388946e+02	-1.85058e+00	
307	5.854637e-02	1.388946e+02	-1.86126e+00	
308	5.888437e-02	1.388945e+02	-1.87199e+00	
309	5.922431e-02	1.388945e+02	-1.88279e+00	
310	5.956621e-02	1.388944e+02	-1.89366e+00	
311	5.991009e-02	1.388943e+02	-1.90458e+00	
312	6.025596e-02	1.388943e+02	-1.91557e+00	
313	6.060382e-02	1.388942e+02	-1.92662e+00	
314	6.095369e-02	1.388942e+02	-1.93773e+00	
315	6.130558e-02	1.388941e+02	-1.94891e+00	
316	6.165950e-02	1.388941e+02	-1.96015e+00	
317	6.201546e-02	1.388940e+02	-1.97146e+00	
318	6.237348e-02	1.388939e+02	-1.98283e+00	
319	6.273357e-02	1.388939e+02	-1.99427e+00	
320	6.309573e-02	1.388938e+02	-2.00577e+00	
321	6.345999e-02	1.388938e+02	-2.01734e+00	
322	6.382635e-02	1.388937e+02	-2.02898e+00	
323	6.419482e-02	1.388936e+02	-2.04068e+00	
324	6.456542e-02	1.388936e+02	-2.05245e+00	
325	6.493816e-02	1.388935e+02	-2.06429e+00	
326	6.531306e-02	1.388934e+02	-2.07620e+00	
327	6.569011e-02	1.388934e+02	-2.08817e+00	
328	6.606934e-02	1.388933e+02	-2.10022e+00	
329	6.645077e-02	1.388932e+02	-2.11233e+00	
330	6.683439e-02	1.388932e+02	-2.12452e+00	
331	6.722023e-02	1.388931e+02	-2.13677e+00	
332	6.760830e-02	1.388930e+02	-2.14909e+00	
333	6.799860e-02	1.388930e+02	-2.16149e+00	
334	6.839116e-02	1.388929e+02	-2.17396e+00	
335	6.878599e-02	1.388928e+02	-2.18649e+00	
336	6.918310e-02	1.388927e+02	-2.19910e+00	
337	6.958250e-02	1.388927e+02	-2.21179e+00	
338	6.998420e-02	1.388926e+02	-2.22454e+00	
339	7.038822e-02	1.388925e+02	-2.23737e+00	
340	7.079458e-02	1.388924e+02	-2.25028e+00	
341	7.120328e-02	1.388924e+02	-2.26325e+00	
342	7.161434e-02	1.388923e+02	-2.27631e+00	
343	7.202778e-02	1.388922e+02	-2.28943e+00	
344	7.244360e-02	1.388921e+02	-2.30264e+00	

Index   frequency       tdb             tph             
--------------------------------------------------------------------------------
345	7.286182e-02	1.388921e+02	-2.31592e+00	
346	7.328245e-02	1.388920e+02	-2.32927e+00	
347	7.370552e-02	1.388919e+02	-2.34270e+00	
348	7.413102e-02	1.388918e+02	-2.35621e+00	
349	7.455899e-02	1.388917e+02	-2.36980e+00	
350	7.498942e-02	1.388916e+02	-2.38346e+00	
351	7.542234e-02	1.388915e+02	-2.39721e+00	
352	7.585776e-02	1.388915e+02	-2.41103e+00	
353	7.629569e-02	1.388914e+02	-2.42493e+00	
354	7.673615e-02	1.388913e+02	-2.43892e+00	
355	7.717915e-02	1.388912e+02	-2.45298e+00	
356	7.762471e-02	1.388911e+02	-2.46712e+00	
357	7.807284e-02	1.388910e+02	-2.48135e+00	
358	7.852356e-02	1.388909e+02	-2.49566e+00	
359	7.897688e-02	1.388908e+02	-2.51004e+00	
360	7.943282e-02	1.388907e+02	-2.52452e+00	
361	7.989139e-02	1.388906e+02	-2.53907e+00	
362	8.035261e-02	1.388905e+02	-2.55371e+00	
363	8.081649e-02	1.388904e+02	-2.56843e+00	
364	8.128305e-02	1.388903e+02	-2.58324e+00	
365	8.175230e-02	1.388902e+02	-2.59813e+00	
366	8.222426e-02	1.388901e+02	-2.61311e+00	
367	8.269895e-02	1.388900e+02	-2.62818e+00	
368	8.317638e-02	1.388899e+02	-2.64333e+00	
369	8.365656e-02	1.388898e+02	-2.65857e+00	
370	8.413951e-02	1.388897e+02	-2.67389e+00	
371	8.462526e-02	1.388896e+02	-2.68931e+00	
372	8.511380e-02	1.388895e+02	-2.70481e+00	
373	8.560517e-02	1.388894e+02	-2.72040e+00	
374	8.609938e-02	1.388892e+02	-2.73608e+00	
375	8.659643e-02	1.388891e+02	-2.75185e+00	
376	8.709636e-02	1.388890e+02	-2.76772e+00	
377	8.759917e-02	1.388889e+02	-2.78367e+00	
378	8.810489e-02	1.388888e+02	-2.79971e+00	
379	8.861352e-02	1.388887e+02	-2.81585e+00	
380	8.912509e-02	1.388885e+02	-2.83208e+00	
381	8.963962e-02	1.388884e+02	-2.84840e+00	
382	9.015711e-02	1.388883e+02	-2.86482e+00	
383	9.067760e-02	1.388882e+02	-2.88133e+00	
384	9.120108e-02	1.388880e+02	-2.89794e+00	
385	9.172759e-02	1.388879e+02	-2.91464e+00	
386	9.225714e-02	1.388878e+02	-2.93144e+00	
387	9.278975e-02	1.388876e+02	-2.94833e+00	
388	9.332543e-02	1.388875e+02	-2.96532e+00	
389	9.386420e-02	1.388874e+02	-2.98241e+00	
390	9.440609e-02	1.388872e+02	-2.99959e+00	
391	9.495110e-02	1.388871e+02	-3.01688e+00	
392	9.549926e-02	1.388870e+02	-3.03426e+00	
393	9.605058e-02	1.388868e+02	-3.05175e+00	
394	9.660509e-02	1.388867e+02	-3.06933e+00	
395	9.716280e-02	1.388865e+02	-3.08702e+00	
396	9.772372e-02	1.388864e+02	-3.10480e+00	
397	9.828789e-02	1.388862e+02	-3.12269e+00	
398	9.885531e-02	1.388861e+02	-3.14069e+00	
399	9.942601e-02	1.388860e+02	-3.15878e+00	
400	1.000000e-01	1.388858e+02	-3.17698e+00	
401	1.005773e-01	1.388856e+02	-3.19528e+00	
402	1.011579e-01	1.388855e+02	-3.21369e+00	

Index   frequency       tdb             tph             
--------------------------------------------------------------------------------
403	1.017419e-01	1.388853e+02	-3.23220e+00	
404	1.023293e-01	1.388852e+02	-3.25082e+00	
405	1.029201e-01	1.388850e+02	-3.26955e+00	
406	1.035142e-01	1.388848e+02	-3.28838e+00	
407	1.041118e-01	1.388847e+02	-3.30733e+00	
408	1.047129e-01	1.388845e+02	-3.32638e+00	
409	1.053174e-01	1.388843e+02	-3.34554e+00	
410	1.059254e-01	1.388842e+02	-3.36481e+00	
411	1.065369e-01	1.388840e+02	-3.38419e+00	
412	1.071519e-01	1.388838e+02	-3.40368e+00	
413	1.077705e-01	1.388836e+02	-3.42328e+00	
414	1.083927e-01	1.388835e+02	-3.44300e+00	
415	1.090184e-01	1.388833e+02	-3.46283e+00	
416	1.096478e-01	1.388831e+02	-3.48277e+00	
417	1.102808e-01	1.388829e+02	-3.50282e+00	
418	1.109175e-01	1.388827e+02	-3.52300e+00	
419	1.115578e-01	1.388825e+02	-3.54328e+00	
420	1.122018e-01	1.388823e+02	-3.56369e+00	
421	1.128496e-01	1.388822e+02	-3.58421e+00	
422	1.135011e-01	1.388820e+02	-3.60484e+00	
423	1.141563e-01	1.388818e+02	-3.62560e+00	
424	1.148154e-01	1.388816e+02	-3.64647e+00	
425	1.154782e-01	1.388814e+02	-3.66747e+00	
426	1.161449e-01	1.388812e+02	-3.68858e+00	
427	1.168154e-01	1.388809e+02	-3.70982e+00	
428	1.174898e-01	1.388807e+02	-3.73117e+00	
429	1.181680e-01	1.388805e+02	-3.75265e+00	
430	1.188502e-01	1.388803e+02	-3.77426e+00	
431	1.195364e-01	1.388801e+02	-3.79598e+00	
432	1.202264e-01	1.388799e+02	-3.81783e+00	
433	1.209205e-01	1.388796e+02	-3.83981e+00	
434	1.216186e-01	1.388794e+02	-3.86191e+00	
435	1.223207e-01	1.388792e+02	-3.88413e+00	
436	1.230269e-01	1.388790e+02	-3.90649e+00	
437	1.237371e-01	1.388787e+02	-3.92897e+00	
438	1.244515e-01	1.388785e+02	-3.95158e+00	
439	1.251699e-01	1.388783e+02	-3.97432e+00	
440	1.258925e-01	1.388780e+02	-3.99719e+00	
441	1.266193e-01	1.388778e+02	-4.02019e+00	
442	1.273503e-01	1.388775e+02	-4.04332e+00	
443	1.280855e-01	1.388773e+02	-4.06659e+00	
444	1.288250e-01	1.388770e+02	-4.08999e+00	
445	1.295687e-01	1.388768e+02	-4.11352e+00	
446	1.303167e-01	1.388765e+02	-4.13718e+00	
447	1.310690e-01	1.388762e+02	-4.16098e+00	
448	1.318257e-01	1.388760e+02	-4.18492e+00	
449	1.325867e-01	1.388757e+02	-4.20899e+00	
450	1.333521e-01	1.388754e+02	-4.23320e+00	
451	1.341220e-01	1.388752e+02	-4.25755e+00	
452	1.348963e-01	1.388749e+02	-4.28204e+00	
453	1.356751e-01	1.388746e+02	-4.30667e+00	
454	1.364583e-01	1.388743e+02	-4.33144e+00	
455	1.372461e-01	1.388740e+02	-4.35635e+00	
456	1.380384e-01	1.388738e+02	-4.38140e+00	
457	1.388353e-01	1.388735e+02	-4.40659e+00	
458	1.396368e-01	1.388732e+02	-4.43193e+00	
459	1.404430e-01	1.388729e+02	-4.45742e+00	
460	1.412538e-01	1.388726e+02	-4.48304e+00	

Index   frequency       tdb             tph             
--------------------------------------------------------------------------------
461	1.420692e-01	1.388723e+02	-4.50882e+00	
462	1.428894e-01	1.388719e+02	-4.53474e+00	
463	1.437143e-01	1.388716e+02	-4.56081e+00	
464	1.445440e-01	1.388713e+02	-4.58703e+00	
465	1.453784e-01	1.388710e+02	-4.61340e+00	
466	1.462177e-01	1.388707e+02	-4.63991e+00	
467	1.470618e-01	1.388703e+02	-4.66658e+00	
468	1.479108e-01	1.388700e+02	-4.69340e+00	
469	1.487647e-01	1.388697e+02	-4.72038e+00	
470	1.496236e-01	1.388693e+02	-4.74750e+00	
471	1.504874e-01	1.388690e+02	-4.77479e+00	
472	1.513561e-01	1.388686e+02	-4.80222e+00	
473	1.522299e-01	1.388683e+02	-4.82982e+00	
474	1.531087e-01	1.388679e+02	-4.85757e+00	
475	1.539927e-01	1.388676e+02	-4.88547e+00	
476	1.548817e-01	1.388672e+02	-4.91354e+00	
477	1.557758e-01	1.388668e+02	-4.94177e+00	
478	1.566751e-01	1.388665e+02	-4.97015e+00	
479	1.575796e-01	1.388661e+02	-4.99870e+00	
480	1.584893e-01	1.388657e+02	-5.02741e+00	
481	1.594043e-01	1.388653e+02	-5.05629e+00	
482	1.603245e-01	1.388649e+02	-5.08532e+00	
483	1.612501e-01	1.388645e+02	-5.11453e+00	
484	1.621810e-01	1.388641e+02	-5.14390e+00	
485	1.631173e-01	1.388637e+02	-5.17343e+00	
486	1.640590e-01	1.388633e+02	-5.20313e+00	
487	1.650061e-01	1.388629e+02	-5.23301e+00	
488	1.659587e-01	1.388625e+02	-5.26305e+00	
489	1.669168e-01	1.388621e+02	-5.29326e+00	
490	1.678804e-01	1.388616e+02	-5.32364e+00	
491	1.688496e-01	1.388612e+02	-5.35420e+00	
492	1.698244e-01	1.388608e+02	-5.38493e+00	
493	1.708048e-01	1.388603e+02	-5.41583e+00	
494	1.717908e-01	1.388599e+02	-5.44691e+00	
495	1.727826e-01	1.388594e+02	-5.47817e+00	
496	1.737801e-01	1.388590e+02	-5.50960e+00	
497	1.747833e-01	1.388585e+02	-5.54121e+00	
498	1.757924e-01	1.388580e+02	-5.57300e+00	
499	1.768072e-01	1.388576e+02	-5.60497e+00	
500	1.778279e-01	1.388571e+02	-5.63712e+00	
501	1.788546e-01	1.388566e+02	-5.66945e+00	
502	1.798871e-01	1.388561e+02	-5.70197e+00	
503	1.809256e-01	1.388556e+02	-5.73467e+00	
504	1.819701e-01	1.388551e+02	-5.76755e+00	
505	1.830206e-01	1.388546e+02	-5.80062e+00	
506	1.840772e-01	1.388541e+02	-5.83388e+00	
507	1.851399e-01	1.388536e+02	-5.86732e+00	
508	1.862087e-01	1.388531e+02	-5.90096e+00	
509	1.872837e-01	1.388525e+02	-5.93478e+00	
510	1.883649e-01	1.388520e+02	-5.96880e+00	
511	1.894524e-01	1.388514e+02	-6.00301e+00	
512	1.905461e-01	1.388509e+02	-6.03741e+00	
513	1.916461e-01	1.388503e+02	-6.07200e+00	
514	1.927525e-01	1.388498e+02	-6.10679e+00	
515	1.938653e-01	1.388492e+02	-6.14178e+00	
516	1.949845e-01	1.388486e+02	-6.17696e+00	
517	1.961101e-01	1.388481e+02	-6.21235e+00	
518	1.972423e-01	1.388475e+02	-6.24793e+00	

Index   frequency       tdb             tph             
--------------------------------------------------------------------------------
519	1.983810e-01	1.388469e+02	-6.28371e+00	
520	1.995262e-01	1.388463e+02	-6.31970e+00	
521	2.006781e-01	1.388457e+02	-6.35588e+00	
522	2.018366e-01	1.388450e+02	-6.39227e+00	
523	2.030019e-01	1.388444e+02	-6.42887e+00	
524	2.041738e-01	1.388438e+02	-6.46567e+00	
525	2.053525e-01	1.388432e+02	-6.50268e+00	
526	2.065380e-01	1.388425e+02	-6.53990e+00	
527	2.077304e-01	1.388419e+02	-6.57732e+00	
528	2.089296e-01	1.388412e+02	-6.61496e+00	
529	2.101358e-01	1.388405e+02	-6.65281e+00	
530	2.113489e-01	1.388399e+02	-6.69087e+00	
531	2.125690e-01	1.388392e+02	-6.72914e+00	
532	2.137962e-01	1.388385e+02	-6.76763e+00	
533	2.150305e-01	1.388378e+02	-6.80634e+00	
534	2.162719e-01	1.388371e+02	-6.84526e+00	
535	2.175204e-01	1.388364e+02	-6.88440e+00	
536	2.187762e-01	1.388357e+02	-6.92376e+00	
537	2.200392e-01	1.388349e+02	-6.96334e+00	
538	2.213095e-01	1.388342e+02	-7.00314e+00	
539	2.225871e-01	1.388334e+02	-7.04317e+00	
540	2.238721e-01	1.388327e+02	-7.08342e+00	
541	2.251645e-01	1.388319e+02	-7.12389e+00	
542	2.264644e-01	1.388311e+02	-7.16459e+00	
543	2.277718e-01	1.388304e+02	-7.20552e+00	
544	2.290868e-01	1.388296e+02	-7.24668e+00	
545	2.304093e-01	1.388288e+02	-7.28807e+00	
546	2.317395e-01	1.388280e+02	-7.32969e+00	
547	2.330773e-01	1.388271e+02	-7.37154e+00	
548	2.344229e-01	1.388263e+02	-7.41362e+00	
549	2.357762e-01	1.388255e+02	-7.45594e+00	
550	2.371374e-01	1.388246e+02	-7.49850e+00	
551	2.385064e-01	1.388238e+02	-7.54129e+00	
552	2.398833e-01	1.388229e+02	-7.58433e+00	
553	2.412682e-01	1.388220e+02	-7.62760e+00	
554	2.426610e-01	1.388212e+02	-7.67111e+00	
555	2.440619e-01	1.388203e+02	-7.71487e+00	
556	2.454709e-01	1.388194e+02	-7.75886e+00	
557	2.468880e-01	1.388184e+02	-7.80311e+00	
558	2.483133e-01	1.388175e+02	-7.84760e+00	
559	2.497468e-01	1.388166e+02	-7.89233e+00	
560	2.511886e-01	1.388156e+02	-7.93732e+00	
561	2.526388e-01	1.388147e+02	-7.98255e+00	
562	2.540973e-01	1.388137e+02	-8.02804e+00	
563	2.555642e-01	1.388127e+02	-8.07378e+00	
564	2.570396e-01	1.388117e+02	-8.11977e+00	
565	2.585235e-01	1.388107e+02	-8.16602e+00	
566	2.600160e-01	1.388097e+02	-8.21252e+00	
567	2.615170e-01	1.388087e+02	-8.25928e+00	
568	2.630268e-01	1.388077e+02	-8.30630e+00	
569	2.645453e-01	1.388066e+02	-8.35358e+00	
570	2.660725e-01	1.388056e+02	-8.40112e+00	
571	2.676086e-01	1.388045e+02	-8.44892e+00	
572	2.691535e-01	1.388034e+02	-8.49699e+00	
573	2.707073e-01	1.388023e+02	-8.54532e+00	
574	2.722701e-01	1.388012e+02	-8.59392e+00	
575	2.738420e-01	1.388001e+02	-8.64279e+00	
576	2.754229e-01	1.387989e+02	-8.69193e+00	

Index   frequency       tdb             tph             
--------------------------------------------------------------------------------
577	2.770129e-01	1.387978e+02	-8.74133e+00	
578	2.786121e-01	1.387966e+02	-8.79101e+00	
579	2.802206e-01	1.387955e+02	-8.84097e+00	
580	2.818383e-01	1.387943e+02	-8.89120e+00	
581	2.834654e-01	1.387931e+02	-8.94170e+00	
582	2.851018e-01	1.387919e+02	-8.99248e+00	
583	2.867477e-01	1.387906e+02	-9.04354e+00	
584	2.884032e-01	1.387894e+02	-9.09488e+00	
585	2.900681e-01	1.387881e+02	-9.14650e+00	
586	2.917427e-01	1.387869e+02	-9.19841e+00	
587	2.934270e-01	1.387856e+02	-9.25060e+00	
588	2.951209e-01	1.387843e+02	-9.30307e+00	
589	2.968247e-01	1.387830e+02	-9.35584e+00	
590	2.985383e-01	1.387817e+02	-9.40889e+00	
591	3.002617e-01	1.387803e+02	-9.46223e+00	
592	3.019952e-01	1.387790e+02	-9.51586e+00	
593	3.037386e-01	1.387776e+02	-9.56978e+00	
594	3.054921e-01	1.387762e+02	-9.62400e+00	
595	3.072557e-01	1.387748e+02	-9.67852e+00	
596	3.090295e-01	1.387734e+02	-9.73333e+00	
597	3.108136e-01	1.387719e+02	-9.78844e+00	
598	3.126079e-01	1.387705e+02	-9.84385e+00	
599	3.144126e-01	1.387690e+02	-9.89956e+00	
600	3.162278e-01	1.387675e+02	-9.95557e+00	
601	3.180534e-01	1.387660e+02	-1.00119e+01	
602	3.198895e-01	1.387645e+02	-1.00685e+01	
603	3.217363e-01	1.387630e+02	-1.01254e+01	
604	3.235937e-01	1.387614e+02	-1.01827e+01	
605	3.254618e-01	1.387599e+02	-1.02402e+01	
606	3.273407e-01	1.387583e+02	-1.02981e+01	
607	3.292305e-01	1.387567e+02	-1.03563e+01	
608	3.311311e-01	1.387550e+02	-1.04147e+01	
609	3.330428e-01	1.387534e+02	-1.04735e+01	
610	3.349654e-01	1.387517e+02	-1.05327e+01	
611	3.368992e-01	1.387501e+02	-1.05921e+01	
612	3.388442e-01	1.387484e+02	-1.06518e+01	
613	3.408003e-01	1.387467e+02	-1.07119e+01	
614	3.427678e-01	1.387449e+02	-1.07723e+01	
615	3.447466e-01	1.387432e+02	-1.08331e+01	
616	3.467369e-01	1.387414e+02	-1.08941e+01	
617	3.487386e-01	1.387396e+02	-1.09555e+01	
618	3.507519e-01	1.387378e+02	-1.10172e+01	
619	3.527768e-01	1.387360e+02	-1.10792e+01	
620	3.548134e-01	1.387341e+02	-1.11416e+01	
621	3.568617e-01	1.387322e+02	-1.12043e+01	
622	3.589219e-01	1.387303e+02	-1.12673e+01	
623	3.609940e-01	1.387284e+02	-1.13307e+01	
624	3.630781e-01	1.387265e+02	-1.13944e+01	
625	3.651741e-01	1.387245e+02	-1.14585e+01	
626	3.672823e-01	1.387225e+02	-1.15229e+01	
627	3.694026e-01	1.387205e+02	-1.15876e+01	
628	3.715352e-01	1.387185e+02	-1.16527e+01	
629	3.736801e-01	1.387165e+02	-1.17181e+01	
630	3.758374e-01	1.387144e+02	-1.17838e+01	
631	3.780071e-01	1.387123e+02	-1.18500e+01	
632	3.801894e-01	1.387102e+02	-1.19164e+01	
633	3.823843e-01	1.387080e+02	-1.19832e+01	
634	3.845918e-01	1.387059e+02	-1.20504e+01	

Index   frequency       tdb             tph             
--------------------------------------------------------------------------------
635	3.868121e-01	1.387037e+02	-1.21179e+01	
636	3.890451e-01	1.387015e+02	-1.21858e+01	
637	3.912911e-01	1.386992e+02	-1.22540e+01	
638	3.935501e-01	1.386970e+02	-1.23226e+01	
639	3.958221e-01	1.386947e+02	-1.23916e+01	
640	3.981072e-01	1.386924e+02	-1.24609e+01	
641	4.004055e-01	1.386900e+02	-1.25306e+01	
642	4.027170e-01	1.386877e+02	-1.26006e+01	
643	4.050419e-01	1.386853e+02	-1.26710e+01	
644	4.073803e-01	1.386829e+02	-1.27418e+01	
645	4.097321e-01	1.386804e+02	-1.28129e+01	
646	4.120975e-01	1.386779e+02	-1.28844e+01	
647	4.144766e-01	1.386755e+02	-1.29563e+01	
648	4.168694e-01	1.386729e+02	-1.30286e+01	
649	4.192760e-01	1.386704e+02	-1.31012e+01	
650	4.216965e-01	1.386678e+02	-1.31742e+01	
651	4.241310e-01	1.386652e+02	-1.32476e+01	
652	4.265795e-01	1.386626e+02	-1.33214e+01	
653	4.290422e-01	1.386599e+02	-1.33955e+01	
654	4.315191e-01	1.386572e+02	-1.34701e+01	
655	4.340103e-01	1.386545e+02	-1.35450e+01	
656	4.365158e-01	1.386517e+02	-1.36203e+01	
657	4.390359e-01	1.386489e+02	-1.36960e+01	
658	4.415704e-01	1.386461e+02	-1.37720e+01	
659	4.441197e-01	1.386433e+02	-1.38485e+01	
660	4.466836e-01	1.386404e+02	-1.39253e+01	
661	4.492623e-01	1.386375e+02	-1.40026e+01	
662	4.518559e-01	1.386345e+02	-1.40802e+01	
663	4.544645e-01	1.386316e+02	-1.41582e+01	
664	4.570882e-01	1.386286e+02	-1.42367e+01	
665	4.597270e-01	1.386255e+02	-1.43155e+01	
666	4.623810e-01	1.386225e+02	-1.43947e+01	
667	4.650504e-01	1.386194e+02	-1.44744e+01	
668	4.677351e-01	1.386162e+02	-1.45544e+01	
669	4.704354e-01	1.386131e+02	-1.46348e+01	
670	4.731513e-01	1.386099e+02	-1.47157e+01	
671	4.758828e-01	1.386066e+02	-1.47969e+01	
672	4.786301e-01	1.386033e+02	-1.48786e+01	
673	4.813933e-01	1.386000e+02	-1.49606e+01	
674	4.841724e-01	1.385967e+02	-1.50431e+01	
675	4.869675e-01	1.385933e+02	-1.51260e+01	
676	4.897788e-01	1.385899e+02	-1.52093e+01	
677	4.926063e-01	1.385864e+02	-1.52930e+01	
678	4.954502e-01	1.385829e+02	-1.53771e+01	
679	4.983105e-01	1.385794e+02	-1.54617e+01	
680	5.011872e-01	1.385758e+02	-1.55466e+01	
681	5.040806e-01	1.385722e+02	-1.56320e+01	
682	5.069907e-01	1.385686e+02	-1.57178e+01	
683	5.099176e-01	1.385649e+02	-1.58040e+01	
684	5.128614e-01	1.385612e+02	-1.58907e+01	
685	5.158222e-01	1.385574e+02	-1.59778e+01	
686	5.188000e-01	1.385536e+02	-1.60653e+01	
687	5.217951e-01	1.385498e+02	-1.61532e+01	
688	5.248075e-01	1.385459e+02	-1.62416e+01	
689	5.278372e-01	1.385420e+02	-1.63304e+01	
690	5.308844e-01	1.385380e+02	-1.64196e+01	
691	5.339493e-01	1.385340e+02	-1.65092e+01	
692	5.370318e-01	1.385299e+02	-1.65993e+01	

Index   frequency       tdb             tph             
--------------------------------------------------------------------------------
693	5.401321e-01	1.385258e+02	-1.66898e+01	
694	5.432503e-01	1.385217e+02	-1.67808e+01	
695	5.463865e-01	1.385175e+02	-1.68722e+01	
696	5.495409e-01	1.385133e+02	-1.69640e+01	
697	5.527134e-01	1.385090e+02	-1.70563e+01	
698	5.559043e-01	1.385047e+02	-1.71490e+01	
699	5.591135e-01	1.385003e+02	-1.72422e+01	
700	5.623413e-01	1.384959e+02	-1.73358e+01	
701	5.655878e-01	1.384915e+02	-1.74299e+01	
702	5.688529e-01	1.384869e+02	-1.75243e+01	
703	5.721370e-01	1.384824e+02	-1.76193e+01	
704	5.754399e-01	1.384778e+02	-1.77147e+01	
705	5.787620e-01	1.384732e+02	-1.78105e+01	
706	5.821032e-01	1.384685e+02	-1.79068e+01	
707	5.854637e-01	1.384637e+02	-1.80035e+01	
708	5.888437e-01	1.384589e+02	-1.81007e+01	
709	5.922431e-01	1.384541e+02	-1.81984e+01	
710	5.956621e-01	1.384492e+02	-1.82965e+01	
711	5.991009e-01	1.384442e+02	-1.83950e+01	
712	6.025596e-01	1.384392e+02	-1.84940e+01	
713	6.060382e-01	1.384342e+02	-1.85935e+01	
714	6.095369e-01	1.384291e+02	-1.86934e+01	
715	6.130558e-01	1.384239e+02	-1.87938e+01	
716	6.165950e-01	1.384187e+02	-1.88946e+01	
717	6.201546e-01	1.384134e+02	-1.89959e+01	
718	6.237348e-01	1.384081e+02	-1.90977e+01	
719	6.273357e-01	1.384028e+02	-1.91999e+01	
720	6.309573e-01	1.383973e+02	-1.93026e+01	
721	6.345999e-01	1.383918e+02	-1.94057e+01	
722	6.382635e-01	1.383863e+02	-1.95093e+01	
723	6.419482e-01	1.383807e+02	-1.96134e+01	
724	6.456542e-01	1.383751e+02	-1.97179e+01	
725	6.493816e-01	1.383693e+02	-1.98229e+01	
726	6.531306e-01	1.383636e+02	-1.99284e+01	
727	6.569011e-01	1.383577e+02	-2.00343e+01	
728	6.606934e-01	1.383518e+02	-2.01407e+01	
729	6.645077e-01	1.383459e+02	-2.02476e+01	
730	6.683439e-01	1.383399e+02	-2.03550e+01	
731	6.722023e-01	1.383338e+02	-2.04628e+01	
732	6.760830e-01	1.383277e+02	-2.05711e+01	
733	6.799860e-01	1.383215e+02	-2.06798e+01	
734	6.839116e-01	1.383152e+02	-2.07890e+01	
735	6.878599e-01	1.383089e+02	-2.08987e+01	
736	6.918310e-01	1.383025e+02	-2.10089e+01	
737	6.958250e-01	1.382961e+02	-2.11196e+01	
738	6.998420e-01	1.382896e+02	-2.12307e+01	
739	7.038822e-01	1.382830e+02	-2.13423e+01	
740	7.079458e-01	1.382763e+02	-2.14543e+01	
741	7.120328e-01	1.382696e+02	-2.15669e+01	
742	7.161434e-01	1.382628e+02	-2.16799e+01	
743	7.202778e-01	1.382560e+02	-2.17934e+01	
744	7.244360e-01	1.382491e+02	-2.19073e+01	
745	7.286182e-01	1.382421e+02	-2.20217e+01	
746	7.328245e-01	1.382350e+02	-2.21367e+01	
747	7.370552e-01	1.382279e+02	-2.22520e+01	
748	7.413102e-01	1.382207e+02	-2.23679e+01	
749	7.455899e-01	1.382134e+02	-2.24842e+01	
750	7.498942e-01	1.382061e+02	-2.26010e+01	

Index   frequency       tdb             tph             
--------------------------------------------------------------------------------
751	7.542234e-01	1.381987e+02	-2.27183e+01	
752	7.585776e-01	1.381912e+02	-2.28361e+01	
753	7.629569e-01	1.381836e+02	-2.29543e+01	
754	7.673615e-01	1.381760e+02	-2.30730e+01	
755	7.717915e-01	1.381683e+02	-2.31922e+01	
756	7.762471e-01	1.381605e+02	-2.33119e+01	
757	7.807284e-01	1.381527e+02	-2.34320e+01	
758	7.852356e-01	1.381447e+02	-2.35526e+01	
759	7.897688e-01	1.381367e+02	-2.36737e+01	
760	7.943282e-01	1.381286e+02	-2.37953e+01	
761	7.989139e-01	1.381205e+02	-2.39173e+01	
762	8.035261e-01	1.381122e+02	-2.40398e+01	
763	8.081649e-01	1.381039e+02	-2.41628e+01	
764	8.128305e-01	1.380955e+02	-2.42862e+01	
765	8.175230e-01	1.380870e+02	-2.44101e+01	
766	8.222426e-01	1.380784e+02	-2.45345e+01	
767	8.269895e-01	1.380698e+02	-2.46594e+01	
768	8.317638e-01	1.380610e+02	-2.47847e+01	
769	8.365656e-01	1.380522e+02	-2.49105e+01	
770	8.413951e-01	1.380433e+02	-2.50368e+01	
771	8.462526e-01	1.380343e+02	-2.51635e+01	
772	8.511380e-01	1.380253e+02	-2.52907e+01	
773	8.560517e-01	1.380161e+02	-2.54184e+01	
774	8.609938e-01	1.380069e+02	-2.55465e+01	
775	8.659643e-01	1.379975e+02	-2.56751e+01	
776	8.709636e-01	1.379881e+02	-2.58042e+01	
777	8.759917e-01	1.379786e+02	-2.59337e+01	
778	8.810489e-01	1.379690e+02	-2.60637e+01	
779	8.861352e-01	1.379593e+02	-2.61941e+01	
780	8.912509e-01	1.379496e+02	-2.63251e+01	
781	8.963962e-01	1.379397e+02	-2.64564e+01	
782	9.015711e-01	1.379297e+02	-2.65882e+01	
783	9.067760e-01	1.379197e+02	-2.67205e+01	
784	9.120108e-01	1.379096e+02	-2.68533e+01	
785	9.172759e-01	1.378993e+02	-2.69865e+01	
786	9.225714e-01	1.378890e+02	-2.71201e+01	
787	9.278975e-01	1.378786e+02	-2.72542e+01	
788	9.332543e-01	1.378680e+02	-2.73887e+01	
789	9.386420e-01	1.378574e+02	-2.75237e+01	
790	9.440609e-01	1.378467e+02	-2.76592e+01	
791	9.495110e-01	1.378359e+02	-2.77950e+01	
792	9.549926e-01	1.378250e+02	-2.79314e+01	
793	9.605058e-01	1.378140e+02	-2.80681e+01	
794	9.660509e-01	1.378029e+02	-2.82053e+01	
795	9.716280e-01	1.377917e+02	-2.83430e+01	
796	9.772372e-01	1.377804e+02	-2.84811e+01	
797	9.828789e-01	1.377690e+02	-2.86196e+01	
798	9.885531e-01	1.377575e+02	-2.87585e+01	
799	9.942601e-01	1.377459e+02	-2.88979e+01	
800	1.000000e+00	1.377342e+02	-2.90377e+01	
801	1.005773e+00	1.377223e+02	-2.91780e+01	
802	1.011579e+00	1.377104e+02	-2.93186e+01	
803	1.017419e+00	1.376984e+02	-2.94597e+01	
804	1.023293e+00	1.376863e+02	-2.96012e+01	
805	1.029201e+00	1.376740e+02	-2.97432e+01	
806	1.035142e+00	1.376617e+02	-2.98855e+01	
807	1.041118e+00	1.376492e+02	-3.00283e+01	
808	1.047129e+00	1.376367e+02	-3.01714e+01	

Index   frequency       tdb             tph             
--------------------------------------------------------------------------------
809	1.053174e+00	1.376240e+02	-3.03150e+01	
810	1.059254e+00	1.376112e+02	-3.04590e+01	
811	1.065369e+00	1.375983e+02	-3.06034e+01	
812	1.071519e+00	1.375853e+02	-3.07482e+01	
813	1.077705e+00	1.375722e+02	-3.08934e+01	
814	1.083927e+00	1.375590e+02	-3.10389e+01	
815	1.090184e+00	1.375457e+02	-3.11849e+01	
816	1.096478e+00	1.375322e+02	-3.13313e+01	
817	1.102808e+00	1.375187e+02	-3.14780e+01	
818	1.109175e+00	1.375050e+02	-3.16252e+01	
819	1.115578e+00	1.374912e+02	-3.17727e+01	
820	1.122018e+00	1.374773e+02	-3.19206e+01	
821	1.128496e+00	1.374633e+02	-3.20689e+01	
822	1.135011e+00	1.374492e+02	-3.22176e+01	
823	1.141563e+00	1.374349e+02	-3.23666e+01	
824	1.148154e+00	1.374206e+02	-3.25160e+01	
825	1.154782e+00	1.374061e+02	-3.26658e+01	
826	1.161449e+00	1.373915e+02	-3.28159e+01	
827	1.168154e+00	1.373767e+02	-3.29664e+01	
828	1.174898e+00	1.373619e+02	-3.31172e+01	
829	1.181680e+00	1.373469e+02	-3.32684e+01	
830	1.188502e+00	1.373318e+02	-3.34199e+01	
831	1.195364e+00	1.373166e+02	-3.35718e+01	
832	1.202264e+00	1.373013e+02	-3.37240e+01	
833	1.209205e+00	1.372858e+02	-3.38766e+01	
834	1.216186e+00	1.372703e+02	-3.40295e+01	
835	1.223207e+00	1.372546e+02	-3.41827e+01	
836	1.230269e+00	1.372387e+02	-3.43363e+01	
837	1.237371e+00	1.372228e+02	-3.44901e+01	
838	1.244515e+00	1.372067e+02	-3.46443e+01	
839	1.251699e+00	1.371905e+02	-3.47988e+01	
840	1.258925e+00	1.371742e+02	-3.49537e+01	
841	1.266193e+00	1.371577e+02	-3.51088e+01	
842	1.273503e+00	1.371412e+02	-3.52642e+01	
843	1.280855e+00	1.371245e+02	-3.54200e+01	
844	1.288250e+00	1.371076e+02	-3.55760e+01	
845	1.295687e+00	1.370907e+02	-3.57323e+01	
846	1.303167e+00	1.370736e+02	-3.58889e+01	
847	1.310690e+00	1.370563e+02	-3.60458e+01	
848	1.318257e+00	1.370390e+02	-3.62030e+01	
849	1.325867e+00	1.370215e+02	-3.63604e+01	
850	1.333521e+00	1.370039e+02	-3.65181e+01	
851	1.341220e+00	1.369861e+02	-3.66761e+01	
852	1.348963e+00	1.369683e+02	-3.68344e+01	
853	1.356751e+00	1.369502e+02	-3.69929e+01	
854	1.364583e+00	1.369321e+02	-3.71516e+01	
855	1.372461e+00	1.369138e+02	-3.73106e+01	
856	1.380384e+00	1.368954e+02	-3.74699e+01	
857	1.388353e+00	1.368769e+02	-3.76294e+01	
858	1.396368e+00	1.368582e+02	-3.77891e+01	
859	1.404430e+00	1.368394e+02	-3.79491e+01	
860	1.412538e+00	1.368204e+02	-3.81093e+01	
861	1.420692e+00	1.368013e+02	-3.82697e+01	
862	1.428894e+00	1.367821e+02	-3.84303e+01	
863	1.437143e+00	1.367627e+02	-3.85911e+01	
864	1.445440e+00	1.367432e+02	-3.87522e+01	
865	1.453784e+00	1.367236e+02	-3.89134e+01	
866	1.462177e+00	1.367038e+02	-3.90748e+01	

Index   frequency       tdb             tph             
--------------------------------------------------------------------------------
867	1.470618e+00	1.366839e+02	-3.92365e+01	
868	1.479108e+00	1.366639e+02	-3.93983e+01	
869	1.487647e+00	1.366437e+02	-3.95603e+01	
870	1.496236e+00	1.366234e+02	-3.97225e+01	
871	1.504874e+00	1.366029e+02	-3.98848e+01	
872	1.513561e+00	1.365823e+02	-4.00474e+01	
873	1.522299e+00	1.365616e+02	-4.02101e+01	
874	1.531087e+00	1.365407e+02	-4.03729e+01	
875	1.539927e+00	1.365197e+02	-4.05359e+01	
876	1.548817e+00	1.364985e+02	-4.06990e+01	
877	1.557758e+00	1.364772e+02	-4.08623e+01	
878	1.566751e+00	1.364558e+02	-4.10258e+01	
879	1.575796e+00	1.364342e+02	-4.11893e+01	
880	1.584893e+00	1.364125e+02	-4.13530e+01	
881	1.594043e+00	1.363906e+02	-4.15168e+01	
882	1.603245e+00	1.363686e+02	-4.16807e+01	
883	1.612501e+00	1.363464e+02	-4.18448e+01	
884	1.621810e+00	1.363241e+02	-4.20089e+01	
885	1.631173e+00	1.363017e+02	-4.21731e+01	
886	1.640590e+00	1.362791e+02	-4.23375e+01	
887	1.650061e+00	1.362564e+02	-4.25019e+01	
888	1.659587e+00	1.362335e+02	-4.26664e+01	
889	1.669168e+00	1.362105e+02	-4.28310e+01	
890	1.678804e+00	1.361874e+02	-4.29957e+01	
891	1.688496e+00	1.361641e+02	-4.31604e+01	
892	1.698244e+00	1.361407e+02	-4.33252e+01	
893	1.708048e+00	1.361171e+02	-4.34901e+01	
894	1.717908e+00	1.360933e+02	-4.36550e+01	
895	1.727826e+00	1.360695e+02	-4.38199e+01	
896	1.737801e+00	1.360455e+02	-4.39849e+01	
897	1.747833e+00	1.360213e+02	-4.41499e+01	
898	1.757924e+00	1.359970e+02	-4.43150e+01	
899	1.768072e+00	1.359726e+02	-4.44801e+01	
900	1.778279e+00	1.359480e+02	-4.46452e+01	
901	1.788546e+00	1.359233e+02	-4.48103e+01	
902	1.798871e+00	1.358984e+02	-4.49754e+01	
903	1.809256e+00	1.358734e+02	-4.51406e+01	
904	1.819701e+00	1.358482e+02	-4.53057e+01	
905	1.830206e+00	1.358229e+02	-4.54708e+01	
906	1.840772e+00	1.357975e+02	-4.56359e+01	
907	1.851399e+00	1.357719e+02	-4.58010e+01	
908	1.862087e+00	1.357461e+02	-4.59661e+01	
909	1.872837e+00	1.357203e+02	-4.61311e+01	
910	1.883649e+00	1.356942e+02	-4.62961e+01	
911	1.894524e+00	1.356681e+02	-4.64611e+01	
912	1.905461e+00	1.356417e+02	-4.66260e+01	
913	1.916461e+00	1.356153e+02	-4.67909e+01	
914	1.927525e+00	1.355887e+02	-4.69557e+01	
915	1.938653e+00	1.355620e+02	-4.71204e+01	
916	1.949845e+00	1.355351e+02	-4.72851e+01	
917	1.961101e+00	1.355080e+02	-4.74497e+01	
918	1.972423e+00	1.354809e+02	-4.76143e+01	
919	1.983810e+00	1.354536e+02	-4.77787e+01	
920	1.995262e+00	1.354261e+02	-4.79431e+01	
921	2.006781e+00	1.353985e+02	-4.81073e+01	
922	2.018366e+00	1.353708e+02	-4.82715e+01	
923	2.030019e+00	1.353429e+02	-4.84356e+01	
924	2.041738e+00	1.353149e+02	-4.85995e+01	

Index   frequency       tdb             tph             
--------------------------------------------------------------------------------
925	2.053525e+00	1.352867e+02	-4.87633e+01	
926	2.065380e+00	1.352584e+02	-4.89271e+01	
927	2.077304e+00	1.352299e+02	-4.90907e+01	
928	2.089296e+00	1.352014e+02	-4.92541e+01	
929	2.101358e+00	1.351726e+02	-4.94174e+01	
930	2.113489e+00	1.351437e+02	-4.95806e+01	
931	2.125690e+00	1.351147e+02	-4.97437e+01	
932	2.137962e+00	1.350856e+02	-4.99065e+01	
933	2.150305e+00	1.350563e+02	-5.00693e+01	
934	2.162719e+00	1.350269e+02	-5.02318e+01	
935	2.175204e+00	1.349973e+02	-5.03942e+01	
936	2.187762e+00	1.349676e+02	-5.05565e+01	
937	2.200392e+00	1.349377e+02	-5.07185e+01	
938	2.213095e+00	1.349078e+02	-5.08804e+01	
939	2.225871e+00	1.348776e+02	-5.10421e+01	
940	2.238721e+00	1.348474e+02	-5.12035e+01	
941	2.251645e+00	1.348170e+02	-5.13648e+01	
942	2.264644e+00	1.347864e+02	-5.15259e+01	
943	2.277718e+00	1.347558e+02	-5.16868e+01	
944	2.290868e+00	1.347249e+02	-5.18475e+01	
945	2.304093e+00	1.346940e+02	-5.20080e+01	
946	2.317395e+00	1.346629e+02	-5.21682e+01	
947	2.330773e+00	1.346317e+02	-5.23282e+01	
948	2.344229e+00	1.346004e+02	-5.24880e+01	
949	2.357762e+00	1.345689e+02	-5.26476e+01	
950	2.371374e+00	1.345372e+02	-5.28069e+01	
951	2.385064e+00	1.345055e+02	-5.29660e+01	
952	2.398833e+00	1.344736e+02	-5.31248e+01	
953	2.412682e+00	1.344416e+02	-5.32834e+01	
954	2.426610e+00	1.344094e+02	-5.34417e+01	
955	2.440619e+00	1.343772e+02	-5.35997e+01	
956	2.454709e+00	1.343447e+02	-5.37575e+01	
957	2.468880e+00	1.343122e+02	-5.39151e+01	
958	2.483133e+00	1.342795e+02	-5.40723e+01	
959	2.497468e+00	1.342467e+02	-5.42293e+01	
960	2.511886e+00	1.342138e+02	-5.43860e+01	
961	2.526388e+00	1.341807e+02	-5.45424e+01	
962	2.540973e+00	1.341475e+02	-5.46985e+01	
963	2.555642e+00	1.341142e+02	-5.48543e+01	
964	2.570396e+00	1.340807e+02	-5.50098e+01	
965	2.585235e+00	1.340472e+02	-5.51650e+01	
966	2.600160e+00	1.340135e+02	-5.53200e+01	
967	2.615170e+00	1.339796e+02	-5.54746e+01	
968	2.630268e+00	1.339457e+02	-5.56288e+01	
969	2.645453e+00	1.339116e+02	-5.57828e+01	
970	2.660725e+00	1.338774e+02	-5.59365e+01	
971	2.676086e+00	1.338431e+02	-5.60898e+01	
972	2.691535e+00	1.338086e+02	-5.62428e+01	
973	2.707073e+00	1.337740e+02	-5.63955e+01	
974	2.722701e+00	1.337393e+02	-5.65478e+01	
975	2.738420e+00	1.337045e+02	-5.66998e+01	
976	2.754229e+00	1.336696e+02	-5.68514e+01	
977	2.770129e+00	1.336345e+02	-5.70027e+01	
978	2.786121e+00	1.335993e+02	-5.71537e+01	
979	2.802206e+00	1.335640e+02	-5.73043e+01	
980	2.818383e+00	1.335286e+02	-5.74545e+01	
981	2.834654e+00	1.334931e+02	-5.76044e+01	
982	2.851018e+00	1.334574e+02	-5.77539e+01	

Index   frequency       tdb             tph             
--------------------------------------------------------------------------------
983	2.867477e+00	1.334216e+02	-5.79031e+01	
984	2.884032e+00	1.333857e+02	-5.80519e+01	
985	2.900681e+00	1.333497e+02	-5.82003e+01	
986	2.917427e+00	1.333136e+02	-5.83483e+01	
987	2.934270e+00	1.332774e+02	-5.84960e+01	
988	2.951209e+00	1.332410e+02	-5.86433e+01	
989	2.968247e+00	1.332045e+02	-5.87902e+01	
990	2.985383e+00	1.331680e+02	-5.89367e+01	
991	3.002617e+00	1.331313e+02	-5.90828e+01	
992	3.019952e+00	1.330944e+02	-5.92285e+01	
993	3.037386e+00	1.330575e+02	-5.93739e+01	
994	3.054921e+00	1.330205e+02	-5.95188e+01	
995	3.072557e+00	1.329834e+02	-5.96633e+01	
996	3.090295e+00	1.329461e+02	-5.98075e+01	
997	3.108136e+00	1.329088e+02	-5.99512e+01	
998	3.126079e+00	1.328713e+02	-6.00945e+01	
999	3.144126e+00	1.328337e+02	-6.02375e+01	
1000	3.162278e+00	1.327960e+02	-6.03800e+01	
1001	3.180534e+00	1.327582e+02	-6.05221e+01	
1002	3.198895e+00	1.327203e+02	-6.06637e+01	
1003	3.217363e+00	1.326823e+02	-6.08050e+01	
1004	3.235937e+00	1.326442e+02	-6.09458e+01	
1005	3.254618e+00	1.326060e+02	-6.10862e+01	
1006	3.273407e+00	1.325677e+02	-6.12262e+01	
1007	3.292305e+00	1.325293e+02	-6.13658e+01	
1008	3.311311e+00	1.324908e+02	-6.15049e+01	
1009	3.330428e+00	1.324522e+02	-6.16436e+01	
1010	3.349654e+00	1.324135e+02	-6.17819e+01	
1011	3.368992e+00	1.323746e+02	-6.19198e+01	
1012	3.388442e+00	1.323357e+02	-6.20572e+01	
1013	3.408003e+00	1.322967e+02	-6.21941e+01	
1014	3.427678e+00	1.322576e+02	-6.23307e+01	
1015	3.447466e+00	1.322184e+02	-6.24667e+01	
1016	3.467369e+00	1.321791e+02	-6.26024e+01	
1017	3.487386e+00	1.321396e+02	-6.27376e+01	
1018	3.507519e+00	1.321001e+02	-6.28723e+01	
1019	3.527768e+00	1.320605e+02	-6.30066e+01	
1020	3.548134e+00	1.320209e+02	-6.31405e+01	
1021	3.568617e+00	1.319811e+02	-6.32739e+01	
1022	3.589219e+00	1.319412e+02	-6.34069e+01	
1023	3.609940e+00	1.319012e+02	-6.35394e+01	
1024	3.630781e+00	1.318611e+02	-6.36714e+01	
1025	3.651741e+00	1.318210e+02	-6.38030e+01	
1026	3.672823e+00	1.317807e+02	-6.39342e+01	
1027	3.694026e+00	1.317404e+02	-6.40649e+01	
1028	3.715352e+00	1.317000e+02	-6.41951e+01	
1029	3.736801e+00	1.316595e+02	-6.43249e+01	
1030	3.758374e+00	1.316189e+02	-6.44542e+01	
1031	3.780071e+00	1.315782e+02	-6.45830e+01	
1032	3.801894e+00	1.315374e+02	-6.47114e+01	
1033	3.823843e+00	1.314965e+02	-6.48393e+01	
1034	3.845918e+00	1.314556e+02	-6.49668e+01	
1035	3.868121e+00	1.314145e+02	-6.50938e+01	
1036	3.890451e+00	1.313734e+02	-6.52203e+01	
1037	3.912911e+00	1.313322e+02	-6.53464e+01	
1038	3.935501e+00	1.312909e+02	-6.54720e+01	
1039	3.958221e+00	1.312496e+02	-6.55971e+01	
1040	3.981072e+00	1.312081e+02	-6.57218e+01	

Index   frequency       tdb             tph             
--------------------------------------------------------------------------------
1041	4.004055e+00	1.311666e+02	-6.58460e+01	
1042	4.027170e+00	1.311250e+02	-6.59697e+01	
1043	4.050419e+00	1.310833e+02	-6.60930e+01	
1044	4.073803e+00	1.310415e+02	-6.62158e+01	
1045	4.097321e+00	1.309997e+02	-6.63381e+01	
1046	4.120975e+00	1.309577e+02	-6.64600e+01	
1047	4.144766e+00	1.309157e+02	-6.65813e+01	
1048	4.168694e+00	1.308736e+02	-6.67022e+01	
1049	4.192760e+00	1.308315e+02	-6.68227e+01	
1050	4.216965e+00	1.307892e+02	-6.69427e+01	
1051	4.241310e+00	1.307469e+02	-6.70622e+01	
1052	4.265795e+00	1.307045e+02	-6.71812e+01	
1053	4.290422e+00	1.306621e+02	-6.72997e+01	
1054	4.315191e+00	1.306196e+02	-6.74178e+01	
1055	4.340103e+00	1.305769e+02	-6.75354e+01	
1056	4.365158e+00	1.305343e+02	-6.76526e+01	
1057	4.390359e+00	1.304915e+02	-6.77693e+01	
1058	4.415704e+00	1.304487e+02	-6.78855e+01	
1059	4.441197e+00	1.304058e+02	-6.80012e+01	
1060	4.466836e+00	1.303628e+02	-6.81164e+01	
1061	4.492623e+00	1.303198e+02	-6.82312e+01	
1062	4.518559e+00	1.302767e+02	-6.83455e+01	
1063	4.544645e+00	1.302335e+02	-6.84594e+01	
1064	4.570882e+00	1.301903e+02	-6.85728e+01	
1065	4.597270e+00	1.301470e+02	-6.86857e+01	
1066	4.623810e+00	1.301036e+02	-6.87981e+01	
1067	4.650504e+00	1.300602e+02	-6.89101e+01	
1068	4.677351e+00	1.300167e+02	-6.90216e+01	
1069	4.704354e+00	1.299731e+02	-6.91326e+01	
1070	4.731513e+00	1.299295e+02	-6.92431e+01	
1071	4.758828e+00	1.298858e+02	-6.93532e+01	
1072	4.786301e+00	1.298421e+02	-6.94629e+01	
1073	4.813933e+00	1.297982e+02	-6.95720e+01	
1074	4.841724e+00	1.297544e+02	-6.96807e+01	
1075	4.869675e+00	1.297104e+02	-6.97889e+01	
1076	4.897788e+00	1.296664e+02	-6.98967e+01	
1077	4.926063e+00	1.296223e+02	-7.00040e+01	
1078	4.954502e+00	1.295782e+02	-7.01108e+01	
1079	4.983105e+00	1.295340e+02	-7.02171e+01	
1080	5.011872e+00	1.294898e+02	-7.03230e+01	
1081	5.040806e+00	1.294455e+02	-7.04285e+01	
1082	5.069907e+00	1.294011e+02	-7.05334e+01	
1083	5.099176e+00	1.293567e+02	-7.06380e+01	
1084	5.128614e+00	1.293122e+02	-7.07420e+01	
1085	5.158222e+00	1.292677e+02	-7.08456e+01	
1086	5.188000e+00	1.292231e+02	-7.09487e+01	
1087	5.217951e+00	1.291785e+02	-7.10514e+01	
1088	5.248075e+00	1.291338e+02	-7.11536e+01	
1089	5.278372e+00	1.290890e+02	-7.12554e+01	
1090	5.308844e+00	1.290442e+02	-7.13567e+01	
1091	5.339493e+00	1.289994e+02	-7.14575e+01	
1092	5.370318e+00	1.289545e+02	-7.15579e+01	
1093	5.401321e+00	1.289095e+02	-7.16579e+01	
1094	5.432503e+00	1.288645e+02	-7.17574e+01	
1095	5.463865e+00	1.288194e+02	-7.18564e+01	
1096	5.495409e+00	1.287743e+02	-7.19550e+01	
1097	5.527134e+00	1.287292e+02	-7.20532e+01	
1098	5.559043e+00	1.286839e+02	-7.21508e+01	

Index   frequency       tdb             tph             
--------------------------------------------------------------------------------
1099	5.591135e+00	1.286387e+02	-7.22481e+01	
1100	5.623413e+00	1.285934e+02	-7.23449e+01	
1101	5.655878e+00	1.285480e+02	-7.24413e+01	
1102	5.688529e+00	1.285026e+02	-7.25372e+01	
1103	5.721370e+00	1.284571e+02	-7.26326e+01	
1104	5.754399e+00	1.284116e+02	-7.27277e+01	
1105	5.787620e+00	1.283661e+02	-7.28222e+01	
1106	5.821032e+00	1.283205e+02	-7.29164e+01	
1107	5.854637e+00	1.282748e+02	-7.30101e+01	
1108	5.888437e+00	1.282291e+02	-7.31034e+01	
1109	5.922431e+00	1.281834e+02	-7.31962e+01	
1110	5.956621e+00	1.281376e+02	-7.32886e+01	
1111	5.991009e+00	1.280918e+02	-7.33806e+01	
1112	6.025596e+00	1.280459e+02	-7.34721e+01	
1113	6.060382e+00	1.280000e+02	-7.35632e+01	
1114	6.095369e+00	1.279540e+02	-7.36539e+01	
1115	6.130558e+00	1.279080e+02	-7.37441e+01	
1116	6.165950e+00	1.278620e+02	-7.38339e+01	
1117	6.201546e+00	1.278159e+02	-7.39233e+01	
1118	6.237348e+00	1.277698e+02	-7.40123e+01	
1119	6.273357e+00	1.277236e+02	-7.41008e+01	
1120	6.309573e+00	1.276774e+02	-7.41889e+01	
1121	6.345999e+00	1.276312e+02	-7.42766e+01	
1122	6.382635e+00	1.275849e+02	-7.43639e+01	
1123	6.419482e+00	1.275385e+02	-7.44508e+01	
1124	6.456542e+00	1.274922e+02	-7.45372e+01	
1125	6.493816e+00	1.274458e+02	-7.46232e+01	
1126	6.531306e+00	1.273993e+02	-7.47088e+01	
1127	6.569011e+00	1.273529e+02	-7.47940e+01	
1128	6.606934e+00	1.273063e+02	-7.48788e+01	
1129	6.645077e+00	1.272598e+02	-7.49632e+01	
1130	6.683439e+00	1.272132e+02	-7.50471e+01	
1131	6.722023e+00	1.271666e+02	-7.51307e+01	
1132	6.760830e+00	1.271199e+02	-7.52138e+01	
1133	6.799860e+00	1.270732e+02	-7.52966e+01	
1134	6.839116e+00	1.270265e+02	-7.53789e+01	
1135	6.878599e+00	1.269797e+02	-7.54608e+01	
1136	6.918310e+00	1.269329e+02	-7.55424e+01	
1137	6.958250e+00	1.268861e+02	-7.56235e+01	
1138	6.998420e+00	1.268392e+02	-7.57043e+01	
1139	7.038822e+00	1.267923e+02	-7.57846e+01	
1140	7.079458e+00	1.267453e+02	-7.58645e+01	
1141	7.120328e+00	1.266984e+02	-7.59441e+01	
1142	7.161434e+00	1.266514e+02	-7.60233e+01	
1143	7.202778e+00	1.266043e+02	-7.61020e+01	
1144	7.244360e+00	1.265573e+02	-7.61804e+01	
1145	7.286182e+00	1.265102e+02	-7.62584e+01	
1146	7.328245e+00	1.264630e+02	-7.63360e+01	
1147	7.370552e+00	1.264159e+02	-7.64132e+01	
1148	7.413102e+00	1.263687e+02	-7.64901e+01	
1149	7.455899e+00	1.263215e+02	-7.65665e+01	
1150	7.498942e+00	1.262742e+02	-7.66426e+01	
1151	7.542234e+00	1.262269e+02	-7.67183e+01	
1152	7.585776e+00	1.261796e+02	-7.67936e+01	
1153	7.629569e+00	1.261323e+02	-7.68686e+01	
1154	7.673615e+00	1.260849e+02	-7.69431e+01	
1155	7.717915e+00	1.260375e+02	-7.70173e+01	
1156	7.762471e+00	1.259901e+02	-7.70911e+01	

Index   frequency       tdb             tph             
--------------------------------------------------------------------------------
1157	7.807284e+00	1.259426e+02	-7.71646e+01	
1158	7.852356e+00	1.258951e+02	-7.72377e+01	
1159	7.897688e+00	1.258476e+02	-7.73104e+01	
1160	7.943282e+00	1.258001e+02	-7.73827e+01	
1161	7.989139e+00	1.257525e+02	-7.74547e+01	
1162	8.035261e+00	1.257049e+02	-7.75264e+01	
1163	8.081649e+00	1.256573e+02	-7.75976e+01	
1164	8.128305e+00	1.256097e+02	-7.76685e+01	
1165	8.175230e+00	1.255620e+02	-7.77391e+01	
1166	8.222426e+00	1.255143e+02	-7.78093e+01	
1167	8.269895e+00	1.254666e+02	-7.78791e+01	
1168	8.317638e+00	1.254188e+02	-7.79486e+01	
1169	8.365656e+00	1.253711e+02	-7.80177e+01	
1170	8.413951e+00	1.253233e+02	-7.80865e+01	
1171	8.462526e+00	1.252755e+02	-7.81549e+01	
1172	8.511380e+00	1.252276e+02	-7.82230e+01	
1173	8.560517e+00	1.251797e+02	-7.82908e+01	
1174	8.609938e+00	1.251319e+02	-7.83581e+01	
1175	8.659643e+00	1.250839e+02	-7.84252e+01	
1176	8.709636e+00	1.250360e+02	-7.84919e+01	
1177	8.759917e+00	1.249881e+02	-7.85583e+01	
1178	8.810489e+00	1.249401e+02	-7.86243e+01	
1179	8.861352e+00	1.248921e+02	-7.86900e+01	
1180	8.912509e+00	1.248440e+02	-7.87554e+01	
1181	8.963962e+00	1.247960e+02	-7.88204e+01	
1182	9.015711e+00	1.247479e+02	-7.88851e+01	
1183	9.067760e+00	1.246998e+02	-7.89495e+01	
1184	9.120108e+00	1.246517e+02	-7.90135e+01	
1185	9.172759e+00	1.246036e+02	-7.90772e+01	
1186	9.225714e+00	1.245555e+02	-7.91406e+01	
1187	9.278975e+00	1.245073e+02	-7.92036e+01	
1188	9.332543e+00	1.244591e+02	-7.92664e+01	
1189	9.386420e+00	1.244109e+02	-7.93288e+01	
1190	9.440609e+00	1.243626e+02	-7.93909e+01	
1191	9.495110e+00	1.243144e+02	-7.94526e+01	
1192	9.549926e+00	1.242661e+02	-7.95141e+01	
1193	9.605058e+00	1.242178e+02	-7.95752e+01	
1194	9.660509e+00	1.241695e+02	-7.96361e+01	
1195	9.716280e+00	1.241212e+02	-7.96966e+01	
1196	9.772372e+00	1.240729e+02	-7.97568e+01	
1197	9.828789e+00	1.240245e+02	-7.98167e+01	
1198	9.885531e+00	1.239761e+02	-7.98763e+01	
1199	9.942601e+00	1.239277e+02	-7.99356e+01	
1200	1.000000e+01	1.238793e+02	-7.99945e+01	
1201	1.005773e+01	1.238309e+02	-8.00532e+01	
1202	1.011579e+01	1.237824e+02	-8.01116e+01	
1203	1.017419e+01	1.237339e+02	-8.01696e+01	
1204	1.023293e+01	1.236854e+02	-8.02274e+01	
1205	1.029201e+01	1.236369e+02	-8.02849e+01	
1206	1.035142e+01	1.235884e+02	-8.03420e+01	
1207	1.041118e+01	1.235399e+02	-8.03989e+01	
1208	1.047129e+01	1.234913e+02	-8.04555e+01	
1209	1.053174e+01	1.234428e+02	-8.05118e+01	
1210	1.059254e+01	1.233942e+02	-8.05678e+01	
1211	1.065369e+01	1.233456e+02	-8.06235e+01	
1212	1.071519e+01	1.232970e+02	-8.06790e+01	
1213	1.077705e+01	1.232483e+02	-8.07341e+01	
1214	1.083927e+01	1.231997e+02	-8.07890e+01	

Index   frequency       tdb             tph             
--------------------------------------------------------------------------------
1215	1.090184e+01	1.231510e+02	-8.08435e+01	
1216	1.096478e+01	1.231023e+02	-8.08978e+01	
1217	1.102808e+01	1.230536e+02	-8.09519e+01	
1218	1.109175e+01	1.230049e+02	-8.10056e+01	
1219	1.115578e+01	1.229562e+02	-8.10590e+01	
1220	1.122018e+01	1.229075e+02	-8.11122e+01	
1221	1.128496e+01	1.228587e+02	-8.11651e+01	
1222	1.135011e+01	1.228100e+02	-8.12178e+01	
1223	1.141563e+01	1.227612e+02	-8.12701e+01	
1224	1.148154e+01	1.227124e+02	-8.13222e+01	
1225	1.154782e+01	1.226636e+02	-8.13741e+01	
1226	1.161449e+01	1.226148e+02	-8.14256e+01	
1227	1.168154e+01	1.225659e+02	-8.14769e+01	
1228	1.174898e+01	1.225171e+02	-8.15279e+01	
1229	1.181680e+01	1.224682e+02	-8.15787e+01	
1230	1.188502e+01	1.224194e+02	-8.16292e+01	
1231	1.195364e+01	1.223705e+02	-8.16794e+01	
1232	1.202264e+01	1.223216e+02	-8.17294e+01	
1233	1.209205e+01	1.222727e+02	-8.17791e+01	
1234	1.216186e+01	1.222238e+02	-8.18286e+01	
1235	1.223207e+01	1.221748e+02	-8.18778e+01	
1236	1.230269e+01	1.221259e+02	-8.19268e+01	
1237	1.237371e+01	1.220769e+02	-8.19755e+01	
1238	1.244515e+01	1.220280e+02	-8.20239e+01	
1239	1.251699e+01	1.219790e+02	-8.20722e+01	
1240	1.258925e+01	1.219300e+02	-8.21201e+01	
1241	1.266193e+01	1.218810e+02	-8.21678e+01	
1242	1.273503e+01	1.218320e+02	-8.22153e+01	
1243	1.280855e+01	1.217830e+02	-8.22625e+01	
1244	1.288250e+01	1.217339e+02	-8.23095e+01	
1245	1.295687e+01	1.216849e+02	-8.23562e+01	
1246	1.303167e+01	1.216358e+02	-8.24027e+01	
1247	1.310690e+01	1.215867e+02	-8.24490e+01	
1248	1.318257e+01	1.215377e+02	-8.24950e+01	
1249	1.325867e+01	1.214886e+02	-8.25408e+01	
1250	1.333521e+01	1.214395e+02	-8.25863e+01	
1251	1.341220e+01	1.213904e+02	-8.26317e+01	
1252	1.348963e+01	1.213413e+02	-8.26768e+01	
1253	1.356751e+01	1.212921e+02	-8.27216e+01	
1254	1.364583e+01	1.212430e+02	-8.27662e+01	
1255	1.372461e+01	1.211938e+02	-8.28106e+01	
1256	1.380384e+01	1.211447e+02	-8.28548e+01	
1257	1.388353e+01	1.210955e+02	-8.28987e+01	
1258	1.396368e+01	1.210463e+02	-8.29425e+01	
1259	1.404430e+01	1.209971e+02	-8.29860e+01	
1260	1.412538e+01	1.209480e+02	-8.30292e+01	
1261	1.420692e+01	1.208987e+02	-8.30723e+01	
1262	1.428894e+01	1.208495e+02	-8.31151e+01	
1263	1.437143e+01	1.208003e+02	-8.31577e+01	
1264	1.445440e+01	1.207511e+02	-8.32001e+01	
1265	1.453784e+01	1.207018e+02	-8.32423e+01	
1266	1.462177e+01	1.206526e+02	-8.32843e+01	
1267	1.470618e+01	1.206033e+02	-8.33260e+01	
1268	1.479108e+01	1.205541e+02	-8.33676e+01	
1269	1.487647e+01	1.205048e+02	-8.34089e+01	
1270	1.496236e+01	1.204555e+02	-8.34500e+01	
1271	1.504874e+01	1.204062e+02	-8.34909e+01	
1272	1.513561e+01	1.203569e+02	-8.35316e+01	

Index   frequency       tdb             tph             
--------------------------------------------------------------------------------
1273	1.522299e+01	1.203076e+02	-8.35721e+01	
1274	1.531087e+01	1.202583e+02	-8.36124e+01	
1275	1.539927e+01	1.202090e+02	-8.36525e+01	
1276	1.548817e+01	1.201597e+02	-8.36924e+01	
1277	1.557758e+01	1.201103e+02	-8.37321e+01	
1278	1.566751e+01	1.200610e+02	-8.37716e+01	
1279	1.575796e+01	1.200116e+02	-8.38109e+01	
1280	1.584893e+01	1.199623e+02	-8.38500e+01	
1281	1.594043e+01	1.199129e+02	-8.38889e+01	
1282	1.603245e+01	1.198635e+02	-8.39276e+01	
1283	1.612501e+01	1.198141e+02	-8.39661e+01	
1284	1.621810e+01	1.197647e+02	-8.40044e+01	
1285	1.631173e+01	1.197154e+02	-8.40425e+01	
1286	1.640590e+01	1.196659e+02	-8.40804e+01	
1287	1.650061e+01	1.196165e+02	-8.41182e+01	
1288	1.659587e+01	1.195671e+02	-8.41557e+01	
1289	1.669168e+01	1.195177e+02	-8.41931e+01	
1290	1.678804e+01	1.194683e+02	-8.42303e+01	
1291	1.688496e+01	1.194188e+02	-8.42673e+01	
1292	1.698244e+01	1.193694e+02	-8.43041e+01	
1293	1.708048e+01	1.193199e+02	-8.43407e+01	
1294	1.717908e+01	1.192705e+02	-8.43771e+01	
1295	1.727826e+01	1.192210e+02	-8.44134e+01	
1296	1.737801e+01	1.191716e+02	-8.44495e+01	
1297	1.747833e+01	1.191221e+02	-8.44854e+01	
1298	1.757924e+01	1.190726e+02	-8.45211e+01	
1299	1.768072e+01	1.190231e+02	-8.45567e+01	
1300	1.778279e+01	1.189736e+02	-8.45921e+01	
1301	1.788546e+01	1.189241e+02	-8.46273e+01	
1302	1.798871e+01	1.188746e+02	-8.46623e+01	
1303	1.809256e+01	1.188251e+02	-8.46971e+01	
1304	1.819701e+01	1.187756e+02	-8.47318e+01	
1305	1.830206e+01	1.187261e+02	-8.47664e+01	
1306	1.840772e+01	1.186766e+02	-8.48007e+01	
1307	1.851399e+01	1.186270e+02	-8.48349e+01	
1308	1.862087e+01	1.185775e+02	-8.48689e+01	
1309	1.872837e+01	1.185280e+02	-8.49028e+01	
1310	1.883649e+01	1.184784e+02	-8.49364e+01	
1311	1.894524e+01	1.184289e+02	-8.49700e+01	
1312	1.905461e+01	1.183793e+02	-8.50033e+01	
1313	1.916461e+01	1.183297e+02	-8.50365e+01	
1314	1.927525e+01	1.182802e+02	-8.50696e+01	
1315	1.938653e+01	1.182306e+02	-8.51024e+01	
1316	1.949845e+01	1.181810e+02	-8.51352e+01	
1317	1.961101e+01	1.181315e+02	-8.51677e+01	
1318	1.972423e+01	1.180819e+02	-8.52001e+01	
1319	1.983810e+01	1.180323e+02	-8.52324e+01	
1320	1.995262e+01	1.179827e+02	-8.52645e+01	
1321	2.006781e+01	1.179331e+02	-8.52964e+01	
1322	2.018366e+01	1.178835e+02	-8.53282e+01	
1323	2.030019e+01	1.178339e+02	-8.53598e+01	
1324	2.041738e+01	1.177842e+02	-8.53913e+01	
1325	2.053525e+01	1.177346e+02	-8.54227e+01	
1326	2.065380e+01	1.176850e+02	-8.54539e+01	
1327	2.077304e+01	1.176354e+02	-8.54849e+01	
1328	2.089296e+01	1.175857e+02	-8.55158e+01	
1329	2.101358e+01	1.175361e+02	-8.55466e+01	
1330	2.113489e+01	1.174865e+02	-8.55772e+01	

Index   frequency       tdb             tph             
--------------------------------------------------------------------------------
1331	2.125690e+01	1.174368e+02	-8.56076e+01	
1332	2.137962e+01	1.173872e+02	-8.56380e+01	
1333	2.150305e+01	1.173375e+02	-8.56681e+01	
1334	2.162719e+01	1.172879e+02	-8.56982e+01	
1335	2.175204e+01	1.172382e+02	-8.57281e+01	
1336	2.187762e+01	1.171885e+02	-8.57579e+01	
1337	2.200392e+01	1.171389e+02	-8.57875e+01	
1338	2.213095e+01	1.170892e+02	-8.58170e+01	
1339	2.225871e+01	1.170395e+02	-8.58463e+01	
1340	2.238721e+01	1.169898e+02	-8.58755e+01	
1341	2.251645e+01	1.169402e+02	-8.59046e+01	
1342	2.264644e+01	1.168905e+02	-8.59336e+01	
1343	2.277718e+01	1.168408e+02	-8.59624e+01	
1344	2.290868e+01	1.167911e+02	-8.59911e+01	
1345	2.304093e+01	1.167414e+02	-8.60196e+01	
1346	2.317395e+01	1.166917e+02	-8.60481e+01	
1347	2.330773e+01	1.166420e+02	-8.60764e+01	
1348	2.344229e+01	1.165923e+02	-8.61045e+01	
1349	2.357762e+01	1.165426e+02	-8.61326e+01	
1350	2.371374e+01	1.164928e+02	-8.61605e+01	
1351	2.385064e+01	1.164431e+02	-8.61883e+01	
1352	2.398833e+01	1.163934e+02	-8.62159e+01	
1353	2.412682e+01	1.163437e+02	-8.62435e+01	
1354	2.426610e+01	1.162939e+02	-8.62709e+01	
1355	2.440619e+01	1.162442e+02	-8.62982e+01	
1356	2.454709e+01	1.161945e+02	-8.63254e+01	
1357	2.468880e+01	1.161447e+02	-8.63525e+01	
1358	2.483133e+01	1.160950e+02	-8.63794e+01	
1359	2.497468e+01	1.160453e+02	-8.64062e+01	
1360	2.511886e+01	1.159955e+02	-8.64329e+01	
1361	2.526388e+01	1.159458e+02	-8.64595e+01	
1362	2.540973e+01	1.158960e+02	-8.64860e+01	
1363	2.555642e+01	1.158463e+02	-8.65124e+01	
1364	2.570396e+01	1.157965e+02	-8.65386e+01	
1365	2.585235e+01	1.157467e+02	-8.65647e+01	
1366	2.600160e+01	1.156970e+02	-8.65908e+01	
1367	2.615170e+01	1.156472e+02	-8.66167e+01	
1368	2.630268e+01	1.155974e+02	-8.66425e+01	
1369	2.645453e+01	1.155477e+02	-8.66682e+01	
1370	2.660725e+01	1.154979e+02	-8.66937e+01	
1371	2.676086e+01	1.154481e+02	-8.67192e+01	
1372	2.691535e+01	1.153983e+02	-8.67446e+01	
1373	2.707073e+01	1.153485e+02	-8.67698e+01	
1374	2.722701e+01	1.152987e+02	-8.67950e+01	
1375	2.738420e+01	1.152490e+02	-8.68200e+01	
1376	2.754229e+01	1.151992e+02	-8.68450e+01	
1377	2.770129e+01	1.151494e+02	-8.68698e+01	
1378	2.786121e+01	1.150996e+02	-8.68946e+01	
1379	2.802206e+01	1.150498e+02	-8.69192e+01	
1380	2.818383e+01	1.150000e+02	-8.69437e+01	
1381	2.834654e+01	1.149502e+02	-8.69682e+01	
1382	2.851018e+01	1.149004e+02	-8.69925e+01	
1383	2.867477e+01	1.148506e+02	-8.70168e+01	
1384	2.884032e+01	1.148007e+02	-8.70409e+01	
1385	2.900681e+01	1.147509e+02	-8.70649e+01	
1386	2.917427e+01	1.147011e+02	-8.70889e+01	
1387	2.934270e+01	1.146513e+02	-8.71127e+01	
1388	2.951209e+01	1.146015e+02	-8.71365e+01	

Index   frequency       tdb             tph             
--------------------------------------------------------------------------------
1389	2.968247e+01	1.145517e+02	-8.71602e+01	
1390	2.985383e+01	1.145018e+02	-8.71837e+01	
1391	3.002617e+01	1.144520e+02	-8.72072e+01	
1392	3.019952e+01	1.144022e+02	-8.72306e+01	
1393	3.037386e+01	1.143523e+02	-8.72539e+01	
1394	3.054921e+01	1.143025e+02	-8.72771e+01	
1395	3.072557e+01	1.142527e+02	-8.73002e+01	
1396	3.090295e+01	1.142028e+02	-8.73233e+01	
1397	3.108136e+01	1.141530e+02	-8.73462e+01	
1398	3.126079e+01	1.141032e+02	-8.73691e+01	
1399	3.144126e+01	1.140533e+02	-8.73918e+01	
1400	3.162278e+01	1.140035e+02	-8.74145e+01	
1401	3.180534e+01	1.139536e+02	-8.74371e+01	
1402	3.198895e+01	1.139038e+02	-8.74596e+01	
1403	3.217363e+01	1.138539e+02	-8.74821e+01	
1404	3.235937e+01	1.138041e+02	-8.75044e+01	
1405	3.254618e+01	1.137542e+02	-8.75267e+01	
1406	3.273407e+01	1.137044e+02	-8.75489e+01	
1407	3.292305e+01	1.136545e+02	-8.75710e+01	
1408	3.311311e+01	1.136046e+02	-8.75930e+01	
1409	3.330428e+01	1.135548e+02	-8.76149e+01	
1410	3.349654e+01	1.135049e+02	-8.76368e+01	
1411	3.368992e+01	1.134551e+02	-8.76586e+01	
1412	3.388442e+01	1.134052e+02	-8.76803e+01	
1413	3.408003e+01	1.133553e+02	-8.77020e+01	
1414	3.427678e+01	1.133054e+02	-8.77235e+01	
1415	3.447466e+01	1.132556e+02	-8.77450e+01	
1416	3.467369e+01	1.132057e+02	-8.77664e+01	
1417	3.487386e+01	1.131558e+02	-8.77878e+01	
1418	3.507519e+01	1.131059e+02	-8.78090e+01	
1419	3.527768e+01	1.130561e+02	-8.78302e+01	
1420	3.548134e+01	1.130062e+02	-8.78514e+01	
1421	3.568617e+01	1.129563e+02	-8.78724e+01	
1422	3.589219e+01	1.129064e+02	-8.78934e+01	
1423	3.609940e+01	1.128565e+02	-8.79143e+01	
1424	3.630781e+01	1.128066e+02	-8.79352e+01	
1425	3.651741e+01	1.127568e+02	-8.79559e+01	
1426	3.672823e+01	1.127069e+02	-8.79767e+01	
1427	3.694026e+01	1.126570e+02	-8.79973e+01	
1428	3.715352e+01	1.126071e+02	-8.80179e+01	
1429	3.736801e+01	1.125572e+02	-8.80384e+01	
1430	3.758374e+01	1.125073e+02	-8.80589e+01	
1431	3.780071e+01	1.124574e+02	-8.80792e+01	
1432	3.801894e+01	1.124075e+02	-8.80996e+01	
1433	3.823843e+01	1.123576e+02	-8.81198e+01	
1434	3.845918e+01	1.123077e+02	-8.81400e+01	
1435	3.868121e+01	1.122578e+02	-8.81602e+01	
1436	3.890451e+01	1.122079e+02	-8.81802e+01	
1437	3.912911e+01	1.121580e+02	-8.82003e+01	
1438	3.935501e+01	1.121081e+02	-8.82202e+01	
1439	3.958221e+01	1.120582e+02	-8.82401e+01	
1440	3.981072e+01	1.120083e+02	-8.82600e+01	
1441	4.004055e+01	1.119583e+02	-8.82797e+01	
1442	4.027170e+01	1.119084e+02	-8.82995e+01	
1443	4.050419e+01	1.118585e+02	-8.83191e+01	
1444	4.073803e+01	1.118086e+02	-8.83388e+01	
1445	4.097321e+01	1.117587e+02	-8.83583e+01	
1446	4.120975e+01	1.117088e+02	-8.83778e+01	

Index   frequency       tdb             tph             
--------------------------------------------------------------------------------
1447	4.144766e+01	1.116589e+02	-8.83973e+01	
1448	4.168694e+01	1.116089e+02	-8.84167e+01	
1449	4.192760e+01	1.115590e+02	-8.84360e+01	
1450	4.216965e+01	1.115091e+02	-8.84553e+01	
1451	4.241310e+01	1.114592e+02	-8.84746e+01	
1452	4.265795e+01	1.114092e+02	-8.84938e+01	
1453	4.290422e+01	1.113593e+02	-8.85129e+01	
1454	4.315191e+01	1.113094e+02	-8.85320e+01	
1455	4.340103e+01	1.112595e+02	-8.85511e+01	
1456	4.365158e+01	1.112095e+02	-8.85701e+01	
1457	4.390359e+01	1.111596e+02	-8.85891e+01	
1458	4.415704e+01	1.111097e+02	-8.86080e+01	
1459	4.441197e+01	1.110597e+02	-8.86268e+01	
1460	4.466836e+01	1.110098e+02	-8.86456e+01	
1461	4.492623e+01	1.109599e+02	-8.86644e+01	
1462	4.518559e+01	1.109099e+02	-8.86832e+01	
1463	4.544645e+01	1.108600e+02	-8.87018e+01	
1464	4.570882e+01	1.108101e+02	-8.87205e+01	
1465	4.597270e+01	1.107601e+02	-8.87391e+01	
1466	4.623810e+01	1.107102e+02	-8.87576e+01	
1467	4.650504e+01	1.106602e+02	-8.87762e+01	
1468	4.677351e+01	1.106103e+02	-8.87946e+01	
1469	4.704354e+01	1.105603e+02	-8.88131e+01	
1470	4.731513e+01	1.105104e+02	-8.88315e+01	
1471	4.758828e+01	1.104605e+02	-8.88499e+01	
1472	4.786301e+01	1.104105e+02	-8.88682e+01	
1473	4.813933e+01	1.103606e+02	-8.88865e+01	
1474	4.841724e+01	1.103106e+02	-8.89047e+01	
1475	4.869675e+01	1.102607e+02	-8.89229e+01	
1476	4.897788e+01	1.102107e+02	-8.89411e+01	
1477	4.926063e+01	1.101608e+02	-8.89593e+01	
1478	4.954502e+01	1.101108e+02	-8.89774e+01	
1479	4.983105e+01	1.100608e+02	-8.89954e+01	
1480	5.011872e+01	1.100109e+02	-8.90135e+01	
1481	5.040806e+01	1.099609e+02	-8.90315e+01	
1482	5.069907e+01	1.099110e+02	-8.90495e+01	
1483	5.099176e+01	1.098610e+02	-8.90674e+01	
1484	5.128614e+01	1.098111e+02	-8.90853e+01	
1485	5.158222e+01	1.097611e+02	-8.91032e+01	
1486	5.188000e+01	1.097111e+02	-8.91211e+01	
1487	5.217951e+01	1.096612e+02	-8.91389e+01	
1488	5.248075e+01	1.096112e+02	-8.91567e+01	
1489	5.278372e+01	1.095613e+02	-8.91745e+01	
1490	5.308844e+01	1.095113e+02	-8.91922e+01	
1491	5.339493e+01	1.094613e+02	-8.92099e+01	
1492	5.370318e+01	1.094114e+02	-8.92276e+01	
1493	5.401321e+01	1.093614e+02	-8.92453e+01	
1494	5.432503e+01	1.093114e+02	-8.92629e+01	
1495	5.463865e+01	1.092614e+02	-8.92806e+01	
1496	5.495409e+01	1.092115e+02	-8.92982e+01	
1497	5.527134e+01	1.091615e+02	-8.93157e+01	
1498	5.559043e+01	1.091115e+02	-8.93333e+01	
1499	5.591135e+01	1.090616e+02	-8.93508e+01	
1500	5.623413e+01	1.090116e+02	-8.93683e+01	
1501	5.655878e+01	1.089616e+02	-8.93858e+01	
1502	5.688529e+01	1.089116e+02	-8.94033e+01	
1503	5.721370e+01	1.088617e+02	-8.94207e+01	
1504	5.754399e+01	1.088117e+02	-8.94381e+01	

Index   frequency       tdb             tph             
--------------------------------------------------------------------------------
1505	5.787620e+01	1.087617e+02	-8.94555e+01	
1506	5.821032e+01	1.087117e+02	-8.94729e+01	
1507	5.854637e+01	1.086617e+02	-8.94903e+01	
1508	5.888437e+01	1.086118e+02	-8.95077e+01	
1509	5.922431e+01	1.085618e+02	-8.95250e+01	
1510	5.956621e+01	1.085118e+02	-8.95423e+01	
1511	5.991009e+01	1.084618e+02	-8.95596e+01	
1512	6.025596e+01	1.084118e+02	-8.95769e+01	
1513	6.060382e+01	1.083618e+02	-8.95942e+01	
1514	6.095369e+01	1.083119e+02	-8.96115e+01	
1515	6.130558e+01	1.082619e+02	-8.96287e+01	
1516	6.165950e+01	1.082119e+02	-8.96459e+01	
1517	6.201546e+01	1.081619e+02	-8.96632e+01	
1518	6.237348e+01	1.081119e+02	-8.96804e+01	
1519	6.273357e+01	1.080619e+02	-8.96976e+01	
1520	6.309573e+01	1.080119e+02	-8.97148e+01	
1521	6.345999e+01	1.079619e+02	-8.97320e+01	
1522	6.382635e+01	1.079119e+02	-8.97492e+01	
1523	6.419482e+01	1.078620e+02	-8.97663e+01	
1524	6.456542e+01	1.078120e+02	-8.97835e+01	
1525	6.493816e+01	1.077620e+02	-8.98007e+01	
1526	6.531306e+01	1.077120e+02	-8.98178e+01	
1527	6.569011e+01	1.076620e+02	-8.98349e+01	
1528	6.606934e+01	1.076120e+02	-8.98521e+01	
1529	6.645077e+01	1.075620e+02	-8.98692e+01	
1530	6.683439e+01	1.075120e+02	-8.98863e+01	
1531	6.722023e+01	1.074620e+02	-8.99035e+01	
1532	6.760830e+01	1.074120e+02	-8.99206e+01	
1533	6.799860e+01	1.073620e+02	-8.99377e+01	
1534	6.839116e+01	1.073120e+02	-8.99548e+01	
1535	6.878599e+01	1.072620e+02	-8.99719e+01	
1536	6.918310e+01	1.072120e+02	-8.99891e+01	
1537	6.958250e+01	1.071620e+02	-9.00062e+01	
1538	6.998420e+01	1.071120e+02	-9.00233e+01	
1539	7.038822e+01	1.070619e+02	-9.00404e+01	
1540	7.079458e+01	1.070119e+02	-9.00575e+01	
1541	7.120328e+01	1.069619e+02	-9.00746e+01	
1542	7.161434e+01	1.069119e+02	-9.00918e+01	
1543	7.202778e+01	1.068619e+02	-9.01089e+01	
1544	7.244360e+01	1.068119e+02	-9.01260e+01	
1545	7.286182e+01	1.067619e+02	-9.01431e+01	
1546	7.328245e+01	1.067119e+02	-9.01603e+01	
1547	7.370552e+01	1.066619e+02	-9.01774e+01	
1548	7.413102e+01	1.066118e+02	-9.01946e+01	
1549	7.455899e+01	1.065618e+02	-9.02117e+01	
1550	7.498942e+01	1.065118e+02	-9.02289e+01	
1551	7.542234e+01	1.064618e+02	-9.02460e+01	
1552	7.585776e+01	1.064118e+02	-9.02632e+01	
1553	7.629569e+01	1.063618e+02	-9.02804e+01	
1554	7.673615e+01	1.063117e+02	-9.02976e+01	
1555	7.717915e+01	1.062617e+02	-9.03148e+01	
1556	7.762471e+01	1.062117e+02	-9.03320e+01	
1557	7.807284e+01	1.061617e+02	-9.03492e+01	
1558	7.852356e+01	1.061117e+02	-9.03665e+01	
1559	7.897688e+01	1.060616e+02	-9.03837e+01	
1560	7.943282e+01	1.060116e+02	-9.04010e+01	
1561	7.989139e+01	1.059616e+02	-9.04183e+01	
1562	8.035261e+01	1.059116e+02	-9.04355e+01	

Index   frequency       tdb             tph             
--------------------------------------------------------------------------------
1563	8.081649e+01	1.058615e+02	-9.04528e+01	
1564	8.128305e+01	1.058115e+02	-9.04702e+01	
1565	8.175230e+01	1.057615e+02	-9.04875e+01	
1566	8.222426e+01	1.057114e+02	-9.05048e+01	
1567	8.269895e+01	1.056614e+02	-9.05222e+01	
1568	8.317638e+01	1.056114e+02	-9.05396e+01	
1569	8.365656e+01	1.055613e+02	-9.05570e+01	
1570	8.413951e+01	1.055113e+02	-9.05744e+01	
1571	8.462526e+01	1.054613e+02	-9.05918e+01	
1572	8.511380e+01	1.054112e+02	-9.06093e+01	
1573	8.560517e+01	1.053612e+02	-9.06268e+01	
1574	8.609938e+01	1.053112e+02	-9.06443e+01	
1575	8.659643e+01	1.052611e+02	-9.06618e+01	
1576	8.709636e+01	1.052111e+02	-9.06793e+01	
1577	8.759917e+01	1.051610e+02	-9.06969e+01	
1578	8.810489e+01	1.051110e+02	-9.07145e+01	
1579	8.861352e+01	1.050610e+02	-9.07321e+01	
1580	8.912509e+01	1.050109e+02	-9.07497e+01	
1581	8.963962e+01	1.049609e+02	-9.07674e+01	
1582	9.015711e+01	1.049108e+02	-9.07851e+01	
1583	9.067760e+01	1.048608e+02	-9.08028e+01	
1584	9.120108e+01	1.048107e+02	-9.08205e+01	
1585	9.172759e+01	1.047607e+02	-9.08383e+01	
1586	9.225714e+01	1.047106e+02	-9.08561e+01	
1587	9.278975e+01	1.046606e+02	-9.08739e+01	
1588	9.332543e+01	1.046105e+02	-9.08917e+01	
1589	9.386420e+01	1.045605e+02	-9.09096e+01	
1590	9.440609e+01	1.045104e+02	-9.09275e+01	
1591	9.495110e+01	1.044604e+02	-9.09454e+01	
1592	9.549926e+01	1.044103e+02	-9.09634e+01	
1593	9.605058e+01	1.043603e+02	-9.09814e+01	
1594	9.660509e+01	1.043102e+02	-9.09994e+01	
1595	9.716280e+01	1.042602e+02	-9.10175e+01	
1596	9.772372e+01	1.042101e+02	-9.10356e+01	
1597	9.828789e+01	1.041600e+02	-9.10537e+01	
1598	9.885531e+01	1.041100e+02	-9.10719e+01	
1599	9.942601e+01	1.040599e+02	-9.10901e+01	
1600	1.000000e+02	1.040098e+02	-9.11083e+01	
1601	1.005773e+02	1.039598e+02	-9.11266e+01	
1602	1.011579e+02	1.039097e+02	-9.11449e+01	
1603	1.017419e+02	1.038596e+02	-9.11633e+01	
1604	1.023293e+02	1.038096e+02	-9.11817e+01	
1605	1.029201e+02	1.037595e+02	-9.12001e+01	
1606	1.035142e+02	1.037094e+02	-9.12186e+01	
1607	1.041118e+02	1.036594e+02	-9.12371e+01	
1608	1.047129e+02	1.036093e+02	-9.12556e+01	
1609	1.053174e+02	1.035592e+02	-9.12742e+01	
1610	1.059254e+02	1.035091e+02	-9.12928e+01	
1611	1.065369e+02	1.034591e+02	-9.13115e+01	
1612	1.071519e+02	1.034090e+02	-9.13302e+01	
1613	1.077705e+02	1.033589e+02	-9.13490e+01	
1614	1.083927e+02	1.033088e+02	-9.13678e+01	
1615	1.090184e+02	1.032587e+02	-9.13866e+01	
1616	1.096478e+02	1.032087e+02	-9.14055e+01	
1617	1.102808e+02	1.031586e+02	-9.14244e+01	
1618	1.109175e+02	1.031085e+02	-9.14434e+01	
1619	1.115578e+02	1.030584e+02	-9.14625e+01	
1620	1.122018e+02	1.030083e+02	-9.14815e+01	

Index   frequency       tdb             tph             
--------------------------------------------------------------------------------
1621	1.128496e+02	1.029582e+02	-9.15007e+01	
1622	1.135011e+02	1.029081e+02	-9.15199e+01	
1623	1.141563e+02	1.028580e+02	-9.15391e+01	
1624	1.148154e+02	1.028080e+02	-9.15584e+01	
1625	1.154782e+02	1.027579e+02	-9.15777e+01	
1626	1.161449e+02	1.027078e+02	-9.15971e+01	
1627	1.168154e+02	1.026577e+02	-9.16165e+01	
1628	1.174898e+02	1.026076e+02	-9.16360e+01	
1629	1.181680e+02	1.025575e+02	-9.16555e+01	
1630	1.188502e+02	1.025074e+02	-9.16751e+01	
1631	1.195364e+02	1.024573e+02	-9.16948e+01	
1632	1.202264e+02	1.024072e+02	-9.17145e+01	
1633	1.209205e+02	1.023571e+02	-9.17343e+01	
1634	1.216186e+02	1.023069e+02	-9.17541e+01	
1635	1.223207e+02	1.022568e+02	-9.17740e+01	
1636	1.230269e+02	1.022067e+02	-9.17939e+01	
1637	1.237371e+02	1.021566e+02	-9.18139e+01	
1638	1.244515e+02	1.021065e+02	-9.18339e+01	
1639	1.251699e+02	1.020564e+02	-9.18540e+01	
1640	1.258925e+02	1.020063e+02	-9.18742e+01	
1641	1.266193e+02	1.019561e+02	-9.18945e+01	
1642	1.273503e+02	1.019060e+02	-9.19148e+01	
1643	1.280855e+02	1.018559e+02	-9.19351e+01	
1644	1.288250e+02	1.018058e+02	-9.19555e+01	
1645	1.295687e+02	1.017557e+02	-9.19760e+01	
1646	1.303167e+02	1.017055e+02	-9.19966e+01	
1647	1.310690e+02	1.016554e+02	-9.20172e+01	
1648	1.318257e+02	1.016053e+02	-9.20379e+01	
1649	1.325867e+02	1.015551e+02	-9.20586e+01	
1650	1.333521e+02	1.015050e+02	-9.20795e+01	
1651	1.341220e+02	1.014549e+02	-9.21003e+01	
1652	1.348963e+02	1.014047e+02	-9.21213e+01	
1653	1.356751e+02	1.013546e+02	-9.21423e+01	
1654	1.364583e+02	1.013045e+02	-9.21634e+01	
1655	1.372461e+02	1.012543e+02	-9.21846e+01	
1656	1.380384e+02	1.012042e+02	-9.22058e+01	
1657	1.388353e+02	1.011540e+02	-9.22271e+01	
1658	1.396368e+02	1.011039e+02	-9.22485e+01	
1659	1.404430e+02	1.010537e+02	-9.22700e+01	
1660	1.412538e+02	1.010036e+02	-9.22915e+01	
1661	1.420692e+02	1.009534e+02	-9.23131e+01	
1662	1.428894e+02	1.009033e+02	-9.23348e+01	
1663	1.437143e+02	1.008531e+02	-9.23566e+01	
1664	1.445440e+02	1.008030e+02	-9.23784e+01	
1665	1.453784e+02	1.007528e+02	-9.24003e+01	
1666	1.462177e+02	1.007026e+02	-9.24223e+01	
1667	1.470618e+02	1.006525e+02	-9.24444e+01	
1668	1.479108e+02	1.006023e+02	-9.24665e+01	
1669	1.487647e+02	1.005521e+02	-9.24888e+01	
1670	1.496236e+02	1.005020e+02	-9.25111e+01	
1671	1.504874e+02	1.004518e+02	-9.25335e+01	
1672	1.513561e+02	1.004016e+02	-9.25559e+01	
1673	1.522299e+02	1.003514e+02	-9.25785e+01	
1674	1.531087e+02	1.003012e+02	-9.26011e+01	
1675	1.539927e+02	1.002511e+02	-9.26239e+01	
1676	1.548817e+02	1.002009e+02	-9.26467e+01	
1677	1.557758e+02	1.001507e+02	-9.26696e+01	
1678	1.566751e+02	1.001005e+02	-9.26926e+01	

Index   frequency       tdb             tph             
--------------------------------------------------------------------------------
1679	1.575796e+02	1.000503e+02	-9.27157e+01	
1680	1.584893e+02	1.000001e+02	-9.27388e+01	
1681	1.594043e+02	9.994991e+01	-9.27621e+01	
1682	1.603245e+02	9.989971e+01	-9.27854e+01	
1683	1.612501e+02	9.984951e+01	-9.28089e+01	
1684	1.621810e+02	9.979931e+01	-9.28324e+01	
1685	1.631173e+02	9.974910e+01	-9.28560e+01	
1686	1.640590e+02	9.969889e+01	-9.28797e+01	
1687	1.650061e+02	9.964868e+01	-9.29036e+01	
1688	1.659587e+02	9.959847e+01	-9.29275e+01	
1689	1.669168e+02	9.954825e+01	-9.29515e+01	
1690	1.678804e+02	9.949803e+01	-9.29756e+01	
1691	1.688496e+02	9.944781e+01	-9.29997e+01	
1692	1.698244e+02	9.939758e+01	-9.30240e+01	
1693	1.708048e+02	9.934735e+01	-9.30484e+01	
1694	1.717908e+02	9.929712e+01	-9.30729e+01	
1695	1.727826e+02	9.924689e+01	-9.30975e+01	
1696	1.737801e+02	9.919665e+01	-9.31222e+01	
1697	1.747833e+02	9.914642e+01	-9.31470e+01	
1698	1.757924e+02	9.909617e+01	-9.31719e+01	
1699	1.768072e+02	9.904593e+01	-9.31969e+01	
1700	1.778279e+02	9.899568e+01	-9.32220e+01	
1701	1.788546e+02	9.894543e+01	-9.32472e+01	
1702	1.798871e+02	9.889518e+01	-9.32725e+01	
1703	1.809256e+02	9.884492e+01	-9.32979e+01	
1704	1.819701e+02	9.879466e+01	-9.33234e+01	
1705	1.830206e+02	9.874440e+01	-9.33491e+01	
1706	1.840772e+02	9.869413e+01	-9.33748e+01	
1707	1.851399e+02	9.864386e+01	-9.34007e+01	
1708	1.862087e+02	9.859359e+01	-9.34266e+01	
1709	1.872837e+02	9.854332e+01	-9.34527e+01	
1710	1.883649e+02	9.849304e+01	-9.34789e+01	
1711	1.894524e+02	9.844275e+01	-9.35052e+01	
1712	1.905461e+02	9.839247e+01	-9.35316e+01	
1713	1.916461e+02	9.834218e+01	-9.35581e+01	
1714	1.927525e+02	9.829189e+01	-9.35848e+01	
1715	1.938653e+02	9.824159e+01	-9.36115e+01	
1716	1.949845e+02	9.819129e+01	-9.36384e+01	
1717	1.961101e+02	9.814099e+01	-9.36654e+01	
1718	1.972423e+02	9.809068e+01	-9.36925e+01	
1719	1.983810e+02	9.804037e+01	-9.37198e+01	
1720	1.995262e+02	9.799006e+01	-9.37471e+01	
1721	2.006781e+02	9.793974e+01	-9.37746e+01	
1722	2.018366e+02	9.788942e+01	-9.38022e+01	
1723	2.030019e+02	9.783910e+01	-9.38299e+01	
1724	2.041738e+02	9.778877e+01	-9.38578e+01	
1725	2.053525e+02	9.773843e+01	-9.38857e+01	
1726	2.065380e+02	9.768810e+01	-9.39138e+01	
1727	2.077304e+02	9.763776e+01	-9.39421e+01	
1728	2.089296e+02	9.758741e+01	-9.39704e+01	
1729	2.101358e+02	9.753706e+01	-9.39989e+01	
1730	2.113489e+02	9.748671e+01	-9.40275e+01	
1731	2.125690e+02	9.743635e+01	-9.40563e+01	
1732	2.137962e+02	9.738599e+01	-9.40851e+01	
1733	2.150305e+02	9.733563e+01	-9.41141e+01	
1734	2.162719e+02	9.728526e+01	-9.41433e+01	
1735	2.175204e+02	9.723488e+01	-9.41725e+01	
1736	2.187762e+02	9.718451e+01	-9.42019e+01	

Index   frequency       tdb             tph             
--------------------------------------------------------------------------------
1737	2.200392e+02	9.713412e+01	-9.42315e+01	
1738	2.213095e+02	9.708374e+01	-9.42612e+01	
1739	2.225871e+02	9.703335e+01	-9.42910e+01	
1740	2.238721e+02	9.698295e+01	-9.43209e+01	
1741	2.251645e+02	9.693255e+01	-9.43510e+01	
1742	2.264644e+02	9.688214e+01	-9.43813e+01	
1743	2.277718e+02	9.683173e+01	-9.44116e+01	
1744	2.290868e+02	9.678132e+01	-9.44422e+01	
1745	2.304093e+02	9.673090e+01	-9.44728e+01	
1746	2.317395e+02	9.668047e+01	-9.45036e+01	
1747	2.330773e+02	9.663004e+01	-9.45346e+01	
1748	2.344229e+02	9.657961e+01	-9.45657e+01	
1749	2.357762e+02	9.652917e+01	-9.45969e+01	
1750	2.371374e+02	9.647872e+01	-9.46283e+01	
1751	2.385064e+02	9.642827e+01	-9.46599e+01	
1752	2.398833e+02	9.637782e+01	-9.46916e+01	
1753	2.412682e+02	9.632736e+01	-9.47234e+01	
1754	2.426610e+02	9.627689e+01	-9.47554e+01	
1755	2.440619e+02	9.622642e+01	-9.47875e+01	
1756	2.454709e+02	9.617594e+01	-9.48198e+01	
1757	2.468880e+02	9.612546e+01	-9.48523e+01	
1758	2.483133e+02	9.607497e+01	-9.48849e+01	
1759	2.497468e+02	9.602448e+01	-9.49177e+01	
1760	2.511886e+02	9.597398e+01	-9.49506e+01	
1761	2.526388e+02	9.592348e+01	-9.49837e+01	
1762	2.540973e+02	9.587297e+01	-9.50169e+01	
1763	2.555642e+02	9.582245e+01	-9.50504e+01	
1764	2.570396e+02	9.577193e+01	-9.50839e+01	
1765	2.585235e+02	9.572140e+01	-9.51177e+01	
1766	2.600160e+02	9.567086e+01	-9.51515e+01	
1767	2.615170e+02	9.562032e+01	-9.51856e+01	
1768	2.630268e+02	9.556977e+01	-9.52198e+01	
1769	2.645453e+02	9.551922e+01	-9.52542e+01	
1770	2.660725e+02	9.546866e+01	-9.52888e+01	
1771	2.676086e+02	9.541809e+01	-9.53235e+01	
1772	2.691535e+02	9.536752e+01	-9.53584e+01	
1773	2.707073e+02	9.531694e+01	-9.53935e+01	
1774	2.722701e+02	9.526635e+01	-9.54287e+01	
1775	2.738420e+02	9.521576e+01	-9.54642e+01	
1776	2.754229e+02	9.516516e+01	-9.54998e+01	
1777	2.770129e+02	9.511455e+01	-9.55355e+01	
1778	2.786121e+02	9.506394e+01	-9.55715e+01	
1779	2.802206e+02	9.501332e+01	-9.56076e+01	
1780	2.818383e+02	9.496269e+01	-9.56439e+01	
1781	2.834654e+02	9.491206e+01	-9.56804e+01	
1782	2.851018e+02	9.486141e+01	-9.57170e+01	
1783	2.867477e+02	9.481076e+01	-9.57539e+01	
1784	2.884032e+02	9.476011e+01	-9.57909e+01	
1785	2.900681e+02	9.470944e+01	-9.58281e+01	
1786	2.917427e+02	9.465877e+01	-9.58655e+01	
1787	2.934270e+02	9.460809e+01	-9.59031e+01	
1788	2.951209e+02	9.455740e+01	-9.59409e+01	
1789	2.968247e+02	9.450670e+01	-9.59788e+01	
1790	2.985383e+02	9.445600e+01	-9.60170e+01	
1791	3.002617e+02	9.440529e+01	-9.60553e+01	
1792	3.019952e+02	9.435457e+01	-9.60938e+01	
1793	3.037386e+02	9.430384e+01	-9.61326e+01	
1794	3.054921e+02	9.425310e+01	-9.61715e+01	

Index   frequency       tdb             tph             
--------------------------------------------------------------------------------
1795	3.072557e+02	9.420236e+01	-9.62106e+01	
1796	3.090295e+02	9.415160e+01	-9.62499e+01	
1797	3.108136e+02	9.410084e+01	-9.62894e+01	
1798	3.126079e+02	9.405007e+01	-9.63291e+01	
1799	3.144126e+02	9.399929e+01	-9.63690e+01	
1800	3.162278e+02	9.394850e+01	-9.64091e+01	
1801	3.180534e+02	9.389770e+01	-9.64494e+01	
1802	3.198895e+02	9.384689e+01	-9.64899e+01	
1803	3.217363e+02	9.379608e+01	-9.65307e+01	
1804	3.235937e+02	9.374525e+01	-9.65716e+01	
1805	3.254618e+02	9.369442e+01	-9.66127e+01	
1806	3.273407e+02	9.364357e+01	-9.66540e+01	
1807	3.292305e+02	9.359272e+01	-9.66956e+01	
1808	3.311311e+02	9.354185e+01	-9.67374e+01	
1809	3.330428e+02	9.349098e+01	-9.67793e+01	
1810	3.349654e+02	9.344010e+01	-9.68215e+01	
1811	3.368992e+02	9.338920e+01	-9.68639e+01	
1812	3.388442e+02	9.333830e+01	-9.69065e+01	
1813	3.408003e+02	9.328738e+01	-9.69493e+01	
1814	3.427678e+02	9.323646e+01	-9.69924e+01	
1815	3.447466e+02	9.318552e+01	-9.70356e+01	
1816	3.467369e+02	9.313458e+01	-9.70791e+01	
1817	3.487386e+02	9.308362e+01	-9.71228e+01	
1818	3.507519e+02	9.303265e+01	-9.71668e+01	
1819	3.527768e+02	9.298167e+01	-9.72109e+01	
1820	3.548134e+02	9.293068e+01	-9.72553e+01	
1821	3.568617e+02	9.287968e+01	-9.72999e+01	
1822	3.589219e+02	9.282867e+01	-9.73447e+01	
1823	3.609940e+02	9.277764e+01	-9.73898e+01	
1824	3.630781e+02	9.272661e+01	-9.74351e+01	
1825	3.651741e+02	9.267556e+01	-9.74806e+01	
1826	3.672823e+02	9.262450e+01	-9.75263e+01	
1827	3.694026e+02	9.257343e+01	-9.75723e+01	
1828	3.715352e+02	9.252235e+01	-9.76185e+01	
1829	3.736801e+02	9.247125e+01	-9.76650e+01	
1830	3.758374e+02	9.242014e+01	-9.77117e+01	
1831	3.780071e+02	9.236902e+01	-9.77586e+01	
1832	3.801894e+02	9.231789e+01	-9.78058e+01	
1833	3.823843e+02	9.226674e+01	-9.78532e+01	
1834	3.845918e+02	9.221558e+01	-9.79008e+01	
1835	3.868121e+02	9.216441e+01	-9.79487e+01	
1836	3.890451e+02	9.211322e+01	-9.79969e+01	
1837	3.912911e+02	9.206202e+01	-9.80453e+01	
1838	3.935501e+02	9.201081e+01	-9.80939e+01	
1839	3.958221e+02	9.195958e+01	-9.81428e+01	
1840	3.981072e+02	9.190834e+01	-9.81919e+01	
1841	4.004055e+02	9.185709e+01	-9.82413e+01	
1842	4.027170e+02	9.180582e+01	-9.82910e+01	
1843	4.050419e+02	9.175454e+01	-9.83409e+01	
1844	4.073803e+02	9.170324e+01	-9.83910e+01	
1845	4.097321e+02	9.165193e+01	-9.84414e+01	
1846	4.120975e+02	9.160060e+01	-9.84921e+01	
1847	4.144766e+02	9.154926e+01	-9.85430e+01	
1848	4.168694e+02	9.149790e+01	-9.85942e+01	
1849	4.192760e+02	9.144653e+01	-9.86456e+01	
1850	4.216965e+02	9.139514e+01	-9.86973e+01	
1851	4.241310e+02	9.134374e+01	-9.87493e+01	
1852	4.265795e+02	9.129232e+01	-9.88016e+01	

Index   frequency       tdb             tph             
--------------------------------------------------------------------------------
1853	4.290422e+02	9.124088e+01	-9.88541e+01	
1854	4.315191e+02	9.118943e+01	-9.89068e+01	
1855	4.340103e+02	9.113796e+01	-9.89599e+01	
1856	4.365158e+02	9.108648e+01	-9.90132e+01	
1857	4.390359e+02	9.103498e+01	-9.90668e+01	
1858	4.415704e+02	9.098346e+01	-9.91207e+01	
1859	4.441197e+02	9.093193e+01	-9.91748e+01	
1860	4.466836e+02	9.088037e+01	-9.92292e+01	
1861	4.492623e+02	9.082881e+01	-9.92839e+01	
1862	4.518559e+02	9.077722e+01	-9.93389e+01	
1863	4.544645e+02	9.072561e+01	-9.93941e+01	
1864	4.570882e+02	9.067399e+01	-9.94497e+01	
1865	4.597270e+02	9.062235e+01	-9.95055e+01	
1866	4.623810e+02	9.057069e+01	-9.95616e+01	
1867	4.650504e+02	9.051901e+01	-9.96180e+01	
1868	4.677351e+02	9.046732e+01	-9.96747e+01	
1869	4.704354e+02	9.041560e+01	-9.97316e+01	
1870	4.731513e+02	9.036386e+01	-9.97889e+01	
1871	4.758828e+02	9.031211e+01	-9.98464e+01	
1872	4.786301e+02	9.026034e+01	-9.99043e+01	
1873	4.813933e+02	9.020854e+01	-9.99624e+01	
1874	4.841724e+02	9.015673e+01	-1.00021e+02	
1875	4.869675e+02	9.010489e+01	-1.00080e+02	
1876	4.897788e+02	9.005304e+01	-1.00139e+02	
1877	4.926063e+02	9.000117e+01	-1.00198e+02	
1878	4.954502e+02	8.994927e+01	-1.00258e+02	
1879	4.983105e+02	8.989735e+01	-1.00317e+02	
1880	5.011872e+02	8.984541e+01	-1.00378e+02	
1881	5.040806e+02	8.979345e+01	-1.00438e+02	
1882	5.069907e+02	8.974147e+01	-1.00499e+02	
1883	5.099176e+02	8.968947e+01	-1.00560e+02	
1884	5.128614e+02	8.963744e+01	-1.00622e+02	
1885	5.158222e+02	8.958539e+01	-1.00683e+02	
1886	5.188000e+02	8.953332e+01	-1.00746e+02	
1887	5.217951e+02	8.948123e+01	-1.00808e+02	
1888	5.248075e+02	8.942911e+01	-1.00871e+02	
1889	5.278372e+02	8.937697e+01	-1.00934e+02	
1890	5.308844e+02	8.932480e+01	-1.00997e+02	
1891	5.339493e+02	8.927261e+01	-1.01061e+02	
1892	5.370318e+02	8.922040e+01	-1.01125e+02	
1893	5.401321e+02	8.916816e+01	-1.01189e+02	
1894	5.432503e+02	8.911590e+01	-1.01254e+02	
1895	5.463865e+02	8.906361e+01	-1.01319e+02	
1896	5.495409e+02	8.901130e+01	-1.01384e+02	
1897	5.527134e+02	8.895896e+01	-1.01449e+02	
1898	5.559043e+02	8.890660e+01	-1.01515e+02	
1899	5.591135e+02	8.885421e+01	-1.01582e+02	
1900	5.623413e+02	8.880179e+01	-1.01648e+02	
1901	5.655878e+02	8.874935e+01	-1.01715e+02	
1902	5.688529e+02	8.869688e+01	-1.01782e+02	
1903	5.721370e+02	8.864439e+01	-1.01850e+02	
1904	5.754399e+02	8.859186e+01	-1.01918e+02	
1905	5.787620e+02	8.853931e+01	-1.01986e+02	
1906	5.821032e+02	8.848673e+01	-1.02055e+02	
1907	5.854637e+02	8.843412e+01	-1.02124e+02	
1908	5.888437e+02	8.838148e+01	-1.02193e+02	
1909	5.922431e+02	8.832882e+01	-1.02263e+02	
1910	5.956621e+02	8.827612e+01	-1.02333e+02	

Index   frequency       tdb             tph             
--------------------------------------------------------------------------------
1911	5.991009e+02	8.822340e+01	-1.02403e+02	
1912	6.025596e+02	8.817064e+01	-1.02473e+02	
1913	6.060382e+02	8.811786e+01	-1.02545e+02	
1914	6.095369e+02	8.806504e+01	-1.02616e+02	
1915	6.130558e+02	8.801220e+01	-1.02688e+02	
1916	6.165950e+02	8.795932e+01	-1.02760e+02	
1917	6.201546e+02	8.790641e+01	-1.02832e+02	
1918	6.237348e+02	8.785348e+01	-1.02905e+02	
1919	6.273357e+02	8.780050e+01	-1.02978e+02	
1920	6.309573e+02	8.774750e+01	-1.03051e+02	
1921	6.345999e+02	8.769446e+01	-1.03125e+02	
1922	6.382635e+02	8.764139e+01	-1.03199e+02	
1923	6.419482e+02	8.758829e+01	-1.03274e+02	
1924	6.456542e+02	8.753515e+01	-1.03349e+02	
1925	6.493816e+02	8.748198e+01	-1.03424e+02	
1926	6.531306e+02	8.742878e+01	-1.03500e+02	
1927	6.569011e+02	8.737554e+01	-1.03576e+02	
1928	6.606934e+02	8.732226e+01	-1.03652e+02	
1929	6.645077e+02	8.726895e+01	-1.03729e+02	
1930	6.683439e+02	8.721561e+01	-1.03806e+02	
1931	6.722023e+02	8.716223e+01	-1.03884e+02	
1932	6.760830e+02	8.710881e+01	-1.03961e+02	
1933	6.799860e+02	8.705535e+01	-1.04040e+02	
1934	6.839116e+02	8.700186e+01	-1.04118e+02	
1935	6.878599e+02	8.694833e+01	-1.04197e+02	
1936	6.918310e+02	8.689476e+01	-1.04277e+02	
1937	6.958250e+02	8.684116e+01	-1.04356e+02	
1938	6.998420e+02	8.678751e+01	-1.04436e+02	
1939	7.038822e+02	8.673383e+01	-1.04517e+02	
1940	7.079458e+02	8.668011e+01	-1.04598e+02	
1941	7.120328e+02	8.662634e+01	-1.04679e+02	
1942	7.161434e+02	8.657254e+01	-1.04761e+02	
1943	7.202778e+02	8.651870e+01	-1.04843e+02	
1944	7.244360e+02	8.646481e+01	-1.04925e+02	
1945	7.286182e+02	8.641088e+01	-1.05008e+02	
1946	7.328245e+02	8.635692e+01	-1.05091e+02	
1947	7.370552e+02	8.630291e+01	-1.05175e+02	
1948	7.413102e+02	8.624885e+01	-1.05259e+02	
1949	7.455899e+02	8.619476e+01	-1.05343e+02	
1950	7.498942e+02	8.614062e+01	-1.05428e+02	
1951	7.542234e+02	8.608643e+01	-1.05513e+02	
1952	7.585776e+02	8.603221e+01	-1.05598e+02	
1953	7.629569e+02	8.597793e+01	-1.05684e+02	
1954	7.673615e+02	8.592362e+01	-1.05770e+02	
1955	7.717915e+02	8.586925e+01	-1.05857e+02	
1956	7.762471e+02	8.581484e+01	-1.05944e+02	
1957	7.807284e+02	8.576039e+01	-1.06032e+02	
1958	7.852356e+02	8.570589e+01	-1.06120e+02	
1959	7.897688e+02	8.565134e+01	-1.06208e+02	
1960	7.943282e+02	8.559674e+01	-1.06297e+02	
1961	7.989139e+02	8.554209e+01	-1.06386e+02	
1962	8.035261e+02	8.548740e+01	-1.06475e+02	
1963	8.081649e+02	8.543265e+01	-1.06565e+02	
1964	8.128305e+02	8.537786e+01	-1.06655e+02	
1965	8.175230e+02	8.532302e+01	-1.06746e+02	
1966	8.222426e+02	8.526812e+01	-1.06837e+02	
1967	8.269895e+02	8.521318e+01	-1.06929e+02	
1968	8.317638e+02	8.515818e+01	-1.07021e+02	

Index   frequency       tdb             tph             
--------------------------------------------------------------------------------
1969	8.365656e+02	8.510313e+01	-1.07113e+02	
1970	8.413951e+02	8.504803e+01	-1.07206e+02	
1971	8.462526e+02	8.499288e+01	-1.07299e+02	
1972	8.511380e+02	8.493767e+01	-1.07392e+02	
1973	8.560517e+02	8.488241e+01	-1.07486e+02	
1974	8.609938e+02	8.482710e+01	-1.07581e+02	
1975	8.659643e+02	8.477173e+01	-1.07675e+02	
1976	8.709636e+02	8.471630e+01	-1.07771e+02	
1977	8.759917e+02	8.466082e+01	-1.07866e+02	
1978	8.810489e+02	8.460528e+01	-1.07962e+02	
1979	8.861352e+02	8.454969e+01	-1.08059e+02	
1980	8.912509e+02	8.449404e+01	-1.08155e+02	
1981	8.963962e+02	8.443833e+01	-1.08253e+02	
1982	9.015711e+02	8.438256e+01	-1.08350e+02	
1983	9.067760e+02	8.432673e+01	-1.08448e+02	
1984	9.120108e+02	8.427084e+01	-1.08547e+02	
1985	9.172759e+02	8.421490e+01	-1.08646e+02	
1986	9.225714e+02	8.415889e+01	-1.08745e+02	
1987	9.278975e+02	8.410282e+01	-1.08845e+02	
1988	9.332543e+02	8.404669e+01	-1.08945e+02	
1989	9.386420e+02	8.399050e+01	-1.09045e+02	
1990	9.440609e+02	8.393425e+01	-1.09146e+02	
1991	9.495110e+02	8.387793e+01	-1.09248e+02	
1992	9.549926e+02	8.382155e+01	-1.09350e+02	
1993	9.605058e+02	8.376510e+01	-1.09452e+02	
1994	9.660509e+02	8.370859e+01	-1.09554e+02	
1995	9.716280e+02	8.365202e+01	-1.09658e+02	
1996	9.772372e+02	8.359538e+01	-1.09761e+02	
1997	9.828789e+02	8.353867e+01	-1.09865e+02	
1998	9.885531e+02	8.348190e+01	-1.09969e+02	
1999	9.942601e+02	8.342505e+01	-1.10074e+02	
2000	1.000000e+03	8.336814e+01	-1.10179e+02	
2001	1.005773e+03	8.331116e+01	-1.10285e+02	
2002	1.011579e+03	8.325412e+01	-1.10390e+02	
2003	1.017419e+03	8.319700e+01	-1.10497e+02	
2004	1.023293e+03	8.313981e+01	-1.10604e+02	
2005	1.029201e+03	8.308255e+01	-1.10711e+02	
2006	1.035142e+03	8.302522e+01	-1.10818e+02	
2007	1.041118e+03	8.296782e+01	-1.10926e+02	
2008	1.047129e+03	8.291034e+01	-1.11035e+02	
2009	1.053174e+03	8.285279e+01	-1.11144e+02	
2010	1.059254e+03	8.279517e+01	-1.11253e+02	
2011	1.065369e+03	8.273747e+01	-1.11363e+02	
2012	1.071519e+03	8.267970e+01	-1.11473e+02	
2013	1.077705e+03	8.262185e+01	-1.11583e+02	
2014	1.083927e+03	8.256392e+01	-1.11694e+02	
2015	1.090184e+03	8.250592e+01	-1.11806e+02	
2016	1.096478e+03	8.244784e+01	-1.11917e+02	
2017	1.102808e+03	8.238968e+01	-1.12029e+02	
2018	1.109175e+03	8.233145e+01	-1.12142e+02	
2019	1.115578e+03	8.227313e+01	-1.12255e+02	
2020	1.122018e+03	8.221474e+01	-1.12368e+02	
2021	1.128496e+03	8.215626e+01	-1.12482e+02	
2022	1.135011e+03	8.209771e+01	-1.12596e+02	
2023	1.141563e+03	8.203907e+01	-1.12711e+02	
2024	1.148154e+03	8.198035e+01	-1.12826e+02	
2025	1.154782e+03	8.192154e+01	-1.12941e+02	
2026	1.161449e+03	8.186266e+01	-1.13057e+02	

Index   frequency       tdb             tph             
--------------------------------------------------------------------------------
2027	1.168154e+03	8.180369e+01	-1.13173e+02	
2028	1.174898e+03	8.174463e+01	-1.13290e+02	
2029	1.181680e+03	8.168549e+01	-1.13407e+02	
2030	1.188502e+03	8.162626e+01	-1.13524e+02	
2031	1.195364e+03	8.156695e+01	-1.13642e+02	
2032	1.202264e+03	8.150754e+01	-1.13760e+02	
2033	1.209205e+03	8.144805e+01	-1.13879e+02	
2034	1.216186e+03	8.138848e+01	-1.13997e+02	
2035	1.223207e+03	8.132881e+01	-1.14117e+02	
2036	1.230269e+03	8.126905e+01	-1.14237e+02	
2037	1.237371e+03	8.120921e+01	-1.14357e+02	
2038	1.244515e+03	8.114927e+01	-1.14477e+02	
2039	1.251699e+03	8.108924e+01	-1.14598e+02	
2040	1.258925e+03	8.102911e+01	-1.14719e+02	
2041	1.266193e+03	8.096890e+01	-1.14841e+02	
2042	1.273503e+03	8.090859e+01	-1.14963e+02	
2043	1.280855e+03	8.084819e+01	-1.15085e+02	
2044	1.288250e+03	8.078769e+01	-1.15208e+02	
2045	1.295687e+03	8.072710e+01	-1.15331e+02	
2046	1.303167e+03	8.066641e+01	-1.15455e+02	
2047	1.310690e+03	8.060562e+01	-1.15579e+02	
2048	1.318257e+03	8.054474e+01	-1.15703e+02	
2049	1.325867e+03	8.048376e+01	-1.15827e+02	
2050	1.333521e+03	8.042268e+01	-1.15952e+02	
2051	1.341220e+03	8.036150e+01	-1.16078e+02	
2052	1.348963e+03	8.030022e+01	-1.16203e+02	
2053	1.356751e+03	8.023884e+01	-1.16329e+02	
2054	1.364583e+03	8.017736e+01	-1.16456e+02	
2055	1.372461e+03	8.011578e+01	-1.16583e+02	
2056	1.380384e+03	8.005410e+01	-1.16710e+02	
2057	1.388353e+03	7.999231e+01	-1.16837e+02	
2058	1.396368e+03	7.993042e+01	-1.16965e+02	
2059	1.404430e+03	7.986842e+01	-1.17093e+02	
2060	1.412538e+03	7.980632e+01	-1.17222e+02	
2061	1.420692e+03	7.974412e+01	-1.17350e+02	
2062	1.428894e+03	7.968181e+01	-1.17480e+02	
2063	1.437143e+03	7.961939e+01	-1.17609e+02	
2064	1.445440e+03	7.955687e+01	-1.17739e+02	
2065	1.453784e+03	7.949424e+01	-1.17869e+02	
2066	1.462177e+03	7.943149e+01	-1.17999e+02	
2067	1.470618e+03	7.936865e+01	-1.18130e+02	
2068	1.479108e+03	7.930569e+01	-1.18261e+02	
2069	1.487647e+03	7.924262e+01	-1.18393e+02	
2070	1.496236e+03	7.917944e+01	-1.18524e+02	
2071	1.504874e+03	7.911614e+01	-1.18656e+02	
2072	1.513561e+03	7.905274e+01	-1.18789e+02	
2073	1.522299e+03	7.898922e+01	-1.18921e+02	
2074	1.531087e+03	7.892559e+01	-1.19054e+02	
2075	1.539927e+03	7.886185e+01	-1.19187e+02	
2076	1.548817e+03	7.879799e+01	-1.19321e+02	
2077	1.557758e+03	7.873402e+01	-1.19455e+02	
2078	1.566751e+03	7.866993e+01	-1.19589e+02	
2079	1.575796e+03	7.860573e+01	-1.19723e+02	
2080	1.584893e+03	7.854141e+01	-1.19858e+02	
2081	1.594043e+03	7.847697e+01	-1.19992e+02	
2082	1.603245e+03	7.841242e+01	-1.20128e+02	
2083	1.612501e+03	7.834774e+01	-1.20263e+02	
2084	1.621810e+03	7.828295e+01	-1.20399e+02	

Index   frequency       tdb             tph             
--------------------------------------------------------------------------------
2085	1.631173e+03	7.821804e+01	-1.20535e+02	
2086	1.640590e+03	7.815301e+01	-1.20671e+02	
2087	1.650061e+03	7.808786e+01	-1.20807e+02	
2088	1.659587e+03	7.802258e+01	-1.20944e+02	
2089	1.669168e+03	7.795719e+01	-1.21081e+02	
2090	1.678804e+03	7.789167e+01	-1.21218e+02	
2091	1.688496e+03	7.782603e+01	-1.21356e+02	
2092	1.698244e+03	7.776027e+01	-1.21493e+02	
2093	1.708048e+03	7.769439e+01	-1.21631e+02	
2094	1.717908e+03	7.762838e+01	-1.21769e+02	
2095	1.727826e+03	7.756224e+01	-1.21907e+02	
2096	1.737801e+03	7.749599e+01	-1.22046e+02	
2097	1.747833e+03	7.742960e+01	-1.22185e+02	
2098	1.757924e+03	7.736309e+01	-1.22323e+02	
2099	1.768072e+03	7.729645e+01	-1.22463e+02	
2100	1.778279e+03	7.722969e+01	-1.22602e+02	
2101	1.788546e+03	7.716280e+01	-1.22741e+02	
2102	1.798871e+03	7.709578e+01	-1.22881e+02	
2103	1.809256e+03	7.702863e+01	-1.23021e+02	
2104	1.819701e+03	7.696136e+01	-1.23161e+02	
2105	1.830206e+03	7.689395e+01	-1.23301e+02	
2106	1.840772e+03	7.682642e+01	-1.23441e+02	
2107	1.851399e+03	7.675875e+01	-1.23582e+02	
2108	1.862087e+03	7.669096e+01	-1.23723e+02	
2109	1.872837e+03	7.662303e+01	-1.23863e+02	
2110	1.883649e+03	7.655498e+01	-1.24004e+02	
2111	1.894524e+03	7.648679e+01	-1.24145e+02	
2112	1.905461e+03	7.641847e+01	-1.24287e+02	
2113	1.916461e+03	7.635001e+01	-1.24428e+02	
2114	1.927525e+03	7.628143e+01	-1.24570e+02	
2115	1.938653e+03	7.621271e+01	-1.24711e+02	
2116	1.949845e+03	7.614386e+01	-1.24853e+02	
2117	1.961101e+03	7.607487e+01	-1.24995e+02	
2118	1.972423e+03	7.600575e+01	-1.25137e+02	
2119	1.983810e+03	7.593650e+01	-1.25279e+02	
2120	1.995262e+03	7.586711e+01	-1.25421e+02	
2121	2.006781e+03	7.579758e+01	-1.25563e+02	
2122	2.018366e+03	7.572792e+01	-1.25705e+02	
2123	2.030019e+03	7.565813e+01	-1.25848e+02	
2124	2.041738e+03	7.558820e+01	-1.25990e+02	
2125	2.053525e+03	7.551813e+01	-1.26133e+02	
2126	2.065380e+03	7.544792e+01	-1.26275e+02	
2127	2.077304e+03	7.537758e+01	-1.26418e+02	
2128	2.089296e+03	7.530710e+01	-1.26561e+02	
2129	2.101358e+03	7.523649e+01	-1.26703e+02	
2130	2.113489e+03	7.516573e+01	-1.26846e+02	
2131	2.125690e+03	7.509484e+01	-1.26989e+02	
2132	2.137962e+03	7.502381e+01	-1.27132e+02	
2133	2.150305e+03	7.495264e+01	-1.27274e+02	
2134	2.162719e+03	7.488134e+01	-1.27417e+02	
2135	2.175204e+03	7.480989e+01	-1.27560e+02	
2136	2.187762e+03	7.473831e+01	-1.27703e+02	
2137	2.200392e+03	7.466658e+01	-1.27846e+02	
2138	2.213095e+03	7.459472e+01	-1.27989e+02	
2139	2.225871e+03	7.452272e+01	-1.28132e+02	
2140	2.238721e+03	7.445058e+01	-1.28274e+02	
2141	2.251645e+03	7.437830e+01	-1.28417e+02	
2142	2.264644e+03	7.430588e+01	-1.28560e+02	

Index   frequency       tdb             tph             
--------------------------------------------------------------------------------
2143	2.277718e+03	7.423332e+01	-1.28703e+02	
2144	2.290868e+03	7.416062e+01	-1.28845e+02	
2145	2.304093e+03	7.408778e+01	-1.28988e+02	
2146	2.317395e+03	7.401480e+01	-1.29130e+02	
2147	2.330773e+03	7.394167e+01	-1.29273e+02	
2148	2.344229e+03	7.386841e+01	-1.29415e+02	
2149	2.357762e+03	7.379501e+01	-1.29557e+02	
2150	2.371374e+03	7.372147e+01	-1.29700e+02	
2151	2.385064e+03	7.364778e+01	-1.29842e+02	
2152	2.398833e+03	7.357396e+01	-1.29984e+02	
2153	2.412682e+03	7.350000e+01	-1.30126e+02	
2154	2.426610e+03	7.342589e+01	-1.30268e+02	
2155	2.440619e+03	7.335165e+01	-1.30410e+02	
2156	2.454709e+03	7.327726e+01	-1.30551e+02	
2157	2.468880e+03	7.320273e+01	-1.30693e+02	
2158	2.483133e+03	7.312806e+01	-1.30834e+02	
2159	2.497468e+03	7.305326e+01	-1.30975e+02	
2160	2.511886e+03	7.297831e+01	-1.31116e+02	
2161	2.526388e+03	7.290322e+01	-1.31257e+02	
2162	2.540973e+03	7.282799e+01	-1.31398e+02	
2163	2.555642e+03	7.275262e+01	-1.31539e+02	
2164	2.570396e+03	7.267711e+01	-1.31679e+02	
2165	2.585235e+03	7.260146e+01	-1.31819e+02	
2166	2.600160e+03	7.252567e+01	-1.31959e+02	
2167	2.615170e+03	7.244974e+01	-1.32099e+02	
2168	2.630268e+03	7.237367e+01	-1.32239e+02	
2169	2.645453e+03	7.229746e+01	-1.32378e+02	
2170	2.660725e+03	7.222111e+01	-1.32518e+02	
2171	2.676086e+03	7.214462e+01	-1.32657e+02	
2172	2.691535e+03	7.206800e+01	-1.32796e+02	
2173	2.707073e+03	7.199123e+01	-1.32934e+02	
2174	2.722701e+03	7.191433e+01	-1.33073e+02	
2175	2.738420e+03	7.183728e+01	-1.33211e+02	
2176	2.754229e+03	7.176010e+01	-1.33349e+02	
2177	2.770129e+03	7.168278e+01	-1.33486e+02	
2178	2.786121e+03	7.160532e+01	-1.33624e+02	
2179	2.802206e+03	7.152772e+01	-1.33761e+02	
2180	2.818383e+03	7.144999e+01	-1.33898e+02	
2181	2.834654e+03	7.137212e+01	-1.34035e+02	
2182	2.851018e+03	7.129411e+01	-1.34171e+02	
2183	2.867477e+03	7.121597e+01	-1.34307e+02	
2184	2.884032e+03	7.113769e+01	-1.34443e+02	
2185	2.900681e+03	7.105927e+01	-1.34578e+02	
2186	2.917427e+03	7.098072e+01	-1.34713e+02	
2187	2.934270e+03	7.090203e+01	-1.34848e+02	
2188	2.951209e+03	7.082320e+01	-1.34983e+02	
2189	2.968247e+03	7.074424e+01	-1.35117e+02	
2190	2.985383e+03	7.066515e+01	-1.35251e+02	
2191	3.002617e+03	7.058592e+01	-1.35384e+02	
2192	3.019952e+03	7.050656e+01	-1.35517e+02	
2193	3.037386e+03	7.042707e+01	-1.35650e+02	
2194	3.054921e+03	7.034744e+01	-1.35783e+02	
2195	3.072557e+03	7.026768e+01	-1.35915e+02	
2196	3.090295e+03	7.018778e+01	-1.36047e+02	
2197	3.108136e+03	7.010776e+01	-1.36178e+02	
2198	3.126079e+03	7.002760e+01	-1.36309e+02	
2199	3.144126e+03	6.994731e+01	-1.36440e+02	
2200	3.162278e+03	6.986689e+01	-1.36570e+02	

Index   frequency       tdb             tph             
--------------------------------------------------------------------------------
2201	3.180534e+03	6.978635e+01	-1.36700e+02	
2202	3.198895e+03	6.970567e+01	-1.36829e+02	
2203	3.217363e+03	6.962486e+01	-1.36959e+02	
2204	3.235937e+03	6.954392e+01	-1.37087e+02	
2205	3.254618e+03	6.946286e+01	-1.37215e+02	
2206	3.273407e+03	6.938166e+01	-1.37343e+02	
2207	3.292305e+03	6.930034e+01	-1.37471e+02	
2208	3.311311e+03	6.921889e+01	-1.37598e+02	
2209	3.330428e+03	6.913732e+01	-1.37724e+02	
2210	3.349654e+03	6.905561e+01	-1.37850e+02	
2211	3.368992e+03	6.897379e+01	-1.37976e+02	
2212	3.388442e+03	6.889184e+01	-1.38101e+02	
2213	3.408003e+03	6.880976e+01	-1.38226e+02	
2214	3.427678e+03	6.872756e+01	-1.38350e+02	
2215	3.447466e+03	6.864523e+01	-1.38474e+02	
2216	3.467369e+03	6.856279e+01	-1.38597e+02	
2217	3.487386e+03	6.848022e+01	-1.38720e+02	
2218	3.507519e+03	6.839753e+01	-1.38843e+02	
2219	3.527768e+03	6.831471e+01	-1.38965e+02	
2220	3.548134e+03	6.823178e+01	-1.39086e+02	
2221	3.568617e+03	6.814873e+01	-1.39207e+02	
2222	3.589219e+03	6.806556e+01	-1.39327e+02	
2223	3.609940e+03	6.798226e+01	-1.39447e+02	
2224	3.630781e+03	6.789885e+01	-1.39567e+02	
2225	3.651741e+03	6.781533e+01	-1.39685e+02	
2226	3.672823e+03	6.773168e+01	-1.39804e+02	
2227	3.694026e+03	6.764792e+01	-1.39922e+02	
2228	3.715352e+03	6.756404e+01	-1.40039e+02	
2229	3.736801e+03	6.748005e+01	-1.40156e+02	
2230	3.758374e+03	6.739594e+01	-1.40272e+02	
2231	3.780071e+03	6.731172e+01	-1.40387e+02	
2232	3.801894e+03	6.722739e+01	-1.40503e+02	
2233	3.823843e+03	6.714294e+01	-1.40617e+02	
2234	3.845918e+03	6.705838e+01	-1.40731e+02	
2235	3.868121e+03	6.697371e+01	-1.40845e+02	
2236	3.890451e+03	6.688892e+01	-1.40957e+02	
2237	3.912911e+03	6.680403e+01	-1.41070e+02	
2238	3.935501e+03	6.671903e+01	-1.41181e+02	
2239	3.958221e+03	6.663392e+01	-1.41293e+02	
2240	3.981072e+03	6.654870e+01	-1.41403e+02	
2241	4.004055e+03	6.646338e+01	-1.41513e+02	
2242	4.027170e+03	6.637794e+01	-1.41623e+02	
2243	4.050419e+03	6.629240e+01	-1.41731e+02	
2244	4.073803e+03	6.620676e+01	-1.41840e+02	
2245	4.097321e+03	6.612101e+01	-1.41947e+02	
2246	4.120975e+03	6.603516e+01	-1.42054e+02	
2247	4.144766e+03	6.594920e+01	-1.42160e+02	
2248	4.168694e+03	6.586314e+01	-1.42266e+02	
2249	4.192760e+03	6.577698e+01	-1.42371e+02	
2250	4.216965e+03	6.569072e+01	-1.42476e+02	
2251	4.241310e+03	6.560436e+01	-1.42580e+02	
2252	4.265795e+03	6.551790e+01	-1.42683e+02	
2253	4.290422e+03	6.543134e+01	-1.42786e+02	
2254	4.315191e+03	6.534468e+01	-1.42888e+02	
2255	4.340103e+03	6.525792e+01	-1.42989e+02	
2256	4.365158e+03	6.517107e+01	-1.43090e+02	
2257	4.390359e+03	6.508412e+01	-1.43190e+02	
2258	4.415704e+03	6.499708e+01	-1.43289e+02	

Index   frequency       tdb             tph             
--------------------------------------------------------------------------------
2259	4.441197e+03	6.490994e+01	-1.43388e+02	
2260	4.466836e+03	6.482271e+01	-1.43486e+02	
2261	4.492623e+03	6.473538e+01	-1.43583e+02	
2262	4.518559e+03	6.464796e+01	-1.43680e+02	
2263	4.544645e+03	6.456045e+01	-1.43776e+02	
2264	4.570882e+03	6.447285e+01	-1.43871e+02	
2265	4.597270e+03	6.438516e+01	-1.43966e+02	
2266	4.623810e+03	6.429738e+01	-1.44060e+02	
2267	4.650504e+03	6.420952e+01	-1.44154e+02	
2268	4.677351e+03	6.412156e+01	-1.44246e+02	
2269	4.704354e+03	6.403352e+01	-1.44338e+02	
2270	4.731513e+03	6.394539e+01	-1.44430e+02	
2271	4.758828e+03	6.385717e+01	-1.44520e+02	
2272	4.786301e+03	6.376888e+01	-1.44610e+02	
2273	4.813933e+03	6.368049e+01	-1.44699e+02	
2274	4.841724e+03	6.359203e+01	-1.44788e+02	
2275	4.869675e+03	6.350348e+01	-1.44876e+02	
2276	4.897788e+03	6.341485e+01	-1.44963e+02	
2277	4.926063e+03	6.332614e+01	-1.45049e+02	
2278	4.954502e+03	6.323735e+01	-1.45135e+02	
2279	4.983105e+03	6.314848e+01	-1.45220e+02	
2280	5.011872e+03	6.305953e+01	-1.45304e+02	
2281	5.040806e+03	6.297050e+01	-1.45388e+02	
2282	5.069907e+03	6.288140e+01	-1.45471e+02	
2283	5.099176e+03	6.279222e+01	-1.45553e+02	
2284	5.128614e+03	6.270297e+01	-1.45634e+02	
2285	5.158222e+03	6.261364e+01	-1.45715e+02	
2286	5.188000e+03	6.252424e+01	-1.45795e+02	
2287	5.217951e+03	6.243476e+01	-1.45874e+02	
2288	5.248075e+03	6.234521e+01	-1.45953e+02	
2289	5.278372e+03	6.225559e+01	-1.46030e+02	
2290	5.308844e+03	6.216590e+01	-1.46107e+02	
2291	5.339493e+03	6.207614e+01	-1.46184e+02	
2292	5.370318e+03	6.198632e+01	-1.46259e+02	
2293	5.401321e+03	6.189642e+01	-1.46334e+02	
2294	5.432503e+03	6.180645e+01	-1.46408e+02	
2295	5.463865e+03	6.171642e+01	-1.46481e+02	
2296	5.495409e+03	6.162633e+01	-1.46554e+02	
2297	5.527134e+03	6.153616e+01	-1.46625e+02	
2298	5.559043e+03	6.144594e+01	-1.46696e+02	
2299	5.591135e+03	6.135565e+01	-1.46767e+02	
2300	5.623413e+03	6.126530e+01	-1.46836e+02	
2301	5.655878e+03	6.117488e+01	-1.46905e+02	
2302	5.688529e+03	6.108441e+01	-1.46973e+02	
2303	5.721370e+03	6.099387e+01	-1.47040e+02	
2304	5.754399e+03	6.090328e+01	-1.47107e+02	
2305	5.787620e+03	6.081262e+01	-1.47172e+02	
2306	5.821032e+03	6.072191e+01	-1.47237e+02	
2307	5.854637e+03	6.063114e+01	-1.47301e+02	
2308	5.888437e+03	6.054032e+01	-1.47365e+02	
2309	5.922431e+03	6.044943e+01	-1.47427e+02	
2310	5.956621e+03	6.035850e+01	-1.47489e+02	
2311	5.991009e+03	6.026751e+01	-1.47550e+02	
2312	6.025596e+03	6.017647e+01	-1.47611e+02	
2313	6.060382e+03	6.008537e+01	-1.47670e+02	
2314	6.095369e+03	5.999422e+01	-1.47729e+02	
2315	6.130558e+03	5.990302e+01	-1.47787e+02	
2316	6.165950e+03	5.981178e+01	-1.47844e+02	

Index   frequency       tdb             tph             
--------------------------------------------------------------------------------
2317	6.201546e+03	5.972048e+01	-1.47900e+02	
2318	6.237348e+03	5.962913e+01	-1.47956e+02	
2319	6.273357e+03	5.953774e+01	-1.48011e+02	
2320	6.309573e+03	5.944630e+01	-1.48065e+02	
2321	6.345999e+03	5.935481e+01	-1.48118e+02	
2322	6.382635e+03	5.926328e+01	-1.48171e+02	
2323	6.419482e+03	5.917170e+01	-1.48222e+02	
2324	6.456542e+03	5.908008e+01	-1.48273e+02	
2325	6.493816e+03	5.898842e+01	-1.48323e+02	
2326	6.531306e+03	5.889671e+01	-1.48373e+02	
2327	6.569011e+03	5.880496e+01	-1.48421e+02	
2328	6.606934e+03	5.871317e+01	-1.48469e+02	
2329	6.645077e+03	5.862135e+01	-1.48516e+02	
2330	6.683439e+03	5.852948e+01	-1.48562e+02	
2331	6.722023e+03	5.843757e+01	-1.48607e+02	
2332	6.760830e+03	5.834563e+01	-1.48652e+02	
2333	6.799860e+03	5.825365e+01	-1.48695e+02	
2334	6.839116e+03	5.816163e+01	-1.48738e+02	
2335	6.878599e+03	5.806958e+01	-1.48780e+02	
2336	6.918310e+03	5.797750e+01	-1.48822e+02	
2337	6.958250e+03	5.788538e+01	-1.48862e+02	
2338	6.998420e+03	5.779323e+01	-1.48902e+02	
2339	7.038822e+03	5.770104e+01	-1.48941e+02	
2340	7.079458e+03	5.760883e+01	-1.48979e+02	
2341	7.120328e+03	5.751658e+01	-1.49016e+02	
2342	7.161434e+03	5.742430e+01	-1.49053e+02	
2343	7.202778e+03	5.733200e+01	-1.49089e+02	
2344	7.244360e+03	5.723967e+01	-1.49124e+02	
2345	7.286182e+03	5.714731e+01	-1.49158e+02	
2346	7.328245e+03	5.705492e+01	-1.49191e+02	
2347	7.370552e+03	5.696250e+01	-1.49223e+02	
2348	7.413102e+03	5.687007e+01	-1.49255e+02	
2349	7.455899e+03	5.677760e+01	-1.49286e+02	
2350	7.498942e+03	5.668512e+01	-1.49316e+02	
2351	7.542234e+03	5.659261e+01	-1.49345e+02	
2352	7.585776e+03	5.650007e+01	-1.49374e+02	
2353	7.629569e+03	5.640752e+01	-1.49401e+02	
2354	7.673615e+03	5.631495e+01	-1.49428e+02	
2355	7.717915e+03	5.622235e+01	-1.49454e+02	
2356	7.762471e+03	5.612974e+01	-1.49479e+02	
2357	7.807284e+03	5.603711e+01	-1.49504e+02	
2358	7.852356e+03	5.594446e+01	-1.49527e+02	
2359	7.897688e+03	5.585180e+01	-1.49550e+02	
2360	7.943282e+03	5.575912e+01	-1.49572e+02	
2361	7.989139e+03	5.566642e+01	-1.49593e+02	
2362	8.035261e+03	5.557371e+01	-1.49613e+02	
2363	8.081649e+03	5.548099e+01	-1.49633e+02	
2364	8.128305e+03	5.538825e+01	-1.49651e+02	
2365	8.175230e+03	5.529550e+01	-1.49669e+02	
2366	8.222426e+03	5.520274e+01	-1.49686e+02	
2367	8.269895e+03	5.510997e+01	-1.49703e+02	
2368	8.317638e+03	5.501719e+01	-1.49718e+02	
2369	8.365656e+03	5.492440e+01	-1.49733e+02	
2370	8.413951e+03	5.483160e+01	-1.49746e+02	
2371	8.462526e+03	5.473880e+01	-1.49759e+02	
2372	8.511380e+03	5.464598e+01	-1.49771e+02	
2373	8.560517e+03	5.455316e+01	-1.49783e+02	
2374	8.609938e+03	5.446034e+01	-1.49793e+02	

Index   frequency       tdb             tph             
--------------------------------------------------------------------------------
2375	8.659643e+03	5.436751e+01	-1.49803e+02	
2376	8.709636e+03	5.427468e+01	-1.49812e+02	
2377	8.759917e+03	5.418185e+01	-1.49820e+02	
2378	8.810489e+03	5.408901e+01	-1.49827e+02	
2379	8.861352e+03	5.399617e+01	-1.49834e+02	
2380	8.912509e+03	5.390333e+01	-1.49839e+02	
2381	8.963962e+03	5.381049e+01	-1.49844e+02	
2382	9.015711e+03	5.371765e+01	-1.49848e+02	
2383	9.067760e+03	5.362482e+01	-1.49851e+02	
2384	9.120108e+03	5.353198e+01	-1.49854e+02	
2385	9.172759e+03	5.343915e+01	-1.49855e+02	
2386	9.225714e+03	5.334633e+01	-1.49856e+02	
2387	9.278975e+03	5.325350e+01	-1.49856e+02	
2388	9.332543e+03	5.316069e+01	-1.49855e+02	
2389	9.386420e+03	5.306788e+01	-1.49854e+02	
2390	9.440609e+03	5.297508e+01	-1.49851e+02	
2391	9.495110e+03	5.288228e+01	-1.49848e+02	
2392	9.549926e+03	5.278949e+01	-1.49844e+02	
2393	9.605058e+03	5.269672e+01	-1.49839e+02	
2394	9.660509e+03	5.260395e+01	-1.49833e+02	
2395	9.716280e+03	5.251119e+01	-1.49826e+02	
2396	9.772372e+03	5.241845e+01	-1.49819e+02	
2397	9.828789e+03	5.232572e+01	-1.49811e+02	
2398	9.885531e+03	5.223300e+01	-1.49802e+02	
2399	9.942601e+03	5.214029e+01	-1.49792e+02	
2400	1.000000e+04	5.204760e+01	-1.49781e+02	
2401	1.005773e+04	5.195493e+01	-1.49770e+02	
2402	1.011579e+04	5.186227e+01	-1.49758e+02	
2403	1.017419e+04	5.176963e+01	-1.49745e+02	
2404	1.023293e+04	5.167700e+01	-1.49731e+02	
2405	1.029201e+04	5.158440e+01	-1.49716e+02	
2406	1.035142e+04	5.149181e+01	-1.49701e+02	
2407	1.041118e+04	5.139925e+01	-1.49685e+02	
2408	1.047129e+04	5.130670e+01	-1.49667e+02	
2409	1.053174e+04	5.121418e+01	-1.49650e+02	
2410	1.059254e+04	5.112168e+01	-1.49631e+02	
2411	1.065369e+04	5.102921e+01	-1.49611e+02	
2412	1.071519e+04	5.093675e+01	-1.49591e+02	
2413	1.077705e+04	5.084433e+01	-1.49570e+02	
2414	1.083927e+04	5.075193e+01	-1.49548e+02	
2415	1.090184e+04	5.065955e+01	-1.49526e+02	
2416	1.096478e+04	5.056720e+01	-1.49502e+02	
2417	1.102808e+04	5.047488e+01	-1.49478e+02	
2418	1.109175e+04	5.038259e+01	-1.49453e+02	
2419	1.115578e+04	5.029033e+01	-1.49427e+02	
2420	1.122018e+04	5.019810e+01	-1.49400e+02	
2421	1.128496e+04	5.010590e+01	-1.49373e+02	
2422	1.135011e+04	5.001374e+01	-1.49344e+02	
2423	1.141563e+04	4.992160e+01	-1.49315e+02	
2424	1.148154e+04	4.982950e+01	-1.49285e+02	
2425	1.154782e+04	4.973743e+01	-1.49255e+02	
2426	1.161449e+04	4.964540e+01	-1.49223e+02	
2427	1.168154e+04	4.955341e+01	-1.49191e+02	
2428	1.174898e+04	4.946145e+01	-1.49158e+02	
2429	1.181680e+04	4.936953e+01	-1.49124e+02	
2430	1.188502e+04	4.927765e+01	-1.49090e+02	
2431	1.195364e+04	4.918581e+01	-1.49054e+02	
2432	1.202264e+04	4.909400e+01	-1.49018e+02	

Index   frequency       tdb             tph             
--------------------------------------------------------------------------------
2433	1.209205e+04	4.900224e+01	-1.48981e+02	
2434	1.216186e+04	4.891052e+01	-1.48943e+02	
2435	1.223207e+04	4.881884e+01	-1.48905e+02	
2436	1.230269e+04	4.872721e+01	-1.48866e+02	
2437	1.237371e+04	4.863562e+01	-1.48825e+02	
2438	1.244515e+04	4.854408e+01	-1.48785e+02	
2439	1.251699e+04	4.845258e+01	-1.48743e+02	
2440	1.258925e+04	4.836112e+01	-1.48701e+02	
2441	1.266193e+04	4.826972e+01	-1.48657e+02	
2442	1.273503e+04	4.817836e+01	-1.48613e+02	
2443	1.280855e+04	4.808705e+01	-1.48569e+02	
2444	1.288250e+04	4.799580e+01	-1.48523e+02	
2445	1.295687e+04	4.790459e+01	-1.48477e+02	
2446	1.303167e+04	4.781343e+01	-1.48430e+02	
2447	1.310690e+04	4.772233e+01	-1.48382e+02	
2448	1.318257e+04	4.763128e+01	-1.48333e+02	
2449	1.325867e+04	4.754028e+01	-1.48284e+02	
2450	1.333521e+04	4.744934e+01	-1.48234e+02	
2451	1.341220e+04	4.735846e+01	-1.48183e+02	
2452	1.348963e+04	4.726763e+01	-1.48132e+02	
2453	1.356751e+04	4.717686e+01	-1.48079e+02	
2454	1.364583e+04	4.708614e+01	-1.48026e+02	
2455	1.372461e+04	4.699549e+01	-1.47972e+02	
2456	1.380384e+04	4.690489e+01	-1.47918e+02	
2457	1.388353e+04	4.681436e+01	-1.47862e+02	
2458	1.396368e+04	4.672389e+01	-1.47806e+02	
2459	1.404430e+04	4.663348e+01	-1.47749e+02	
2460	1.412538e+04	4.654313e+01	-1.47692e+02	
2461	1.420692e+04	4.645285e+01	-1.47633e+02	
2462	1.428894e+04	4.636263e+01	-1.47574e+02	
2463	1.437143e+04	4.627248e+01	-1.47515e+02	
2464	1.445440e+04	4.618239e+01	-1.47454e+02	
2465	1.453784e+04	4.609237e+01	-1.47393e+02	
2466	1.462177e+04	4.600242e+01	-1.47331e+02	
2467	1.470618e+04	4.591254e+01	-1.47268e+02	
2468	1.479108e+04	4.582273e+01	-1.47205e+02	
2469	1.487647e+04	4.573299e+01	-1.47140e+02	
2470	1.496236e+04	4.564332e+01	-1.47076e+02	
2471	1.504874e+04	4.555372e+01	-1.47010e+02	
2472	1.513561e+04	4.546420e+01	-1.46944e+02	
2473	1.522299e+04	4.537475e+01	-1.46877e+02	
2474	1.531087e+04	4.528538e+01	-1.46809e+02	
2475	1.539927e+04	4.519608e+01	-1.46740e+02	
2476	1.548817e+04	4.510686e+01	-1.46671e+02	
2477	1.557758e+04	4.501771e+01	-1.46601e+02	
2478	1.566751e+04	4.492865e+01	-1.46531e+02	
2479	1.575796e+04	4.483966e+01	-1.46459e+02	
2480	1.584893e+04	4.475076e+01	-1.46388e+02	
2481	1.594043e+04	4.466193e+01	-1.46315e+02	
2482	1.603245e+04	4.457319e+01	-1.46242e+02	
2483	1.612501e+04	4.448453e+01	-1.46168e+02	
2484	1.621810e+04	4.439595e+01	-1.46093e+02	
2485	1.631173e+04	4.430746e+01	-1.46017e+02	
2486	1.640590e+04	4.421905e+01	-1.45941e+02	
2487	1.650061e+04	4.413073e+01	-1.45865e+02	
2488	1.659587e+04	4.404249e+01	-1.45787e+02	
2489	1.669168e+04	4.395434e+01	-1.45709e+02	
2490	1.678804e+04	4.386629e+01	-1.45630e+02	

Index   frequency       tdb             tph             
--------------------------------------------------------------------------------
2491	1.688496e+04	4.377832e+01	-1.45551e+02	
2492	1.698244e+04	4.369044e+01	-1.45471e+02	
2493	1.708048e+04	4.360265e+01	-1.45390e+02	
2494	1.717908e+04	4.351495e+01	-1.45309e+02	
2495	1.727826e+04	4.342735e+01	-1.45227e+02	
2496	1.737801e+04	4.333984e+01	-1.45144e+02	
2497	1.747833e+04	4.325243e+01	-1.45061e+02	
2498	1.757924e+04	4.316511e+01	-1.44977e+02	
2499	1.768072e+04	4.307788e+01	-1.44893e+02	
2500	1.778279e+04	4.299076e+01	-1.44807e+02	
2501	1.788546e+04	4.290373e+01	-1.44722e+02	
2502	1.798871e+04	4.281680e+01	-1.44635e+02	
2503	1.809256e+04	4.272997e+01	-1.44548e+02	
2504	1.819701e+04	4.264324e+01	-1.44460e+02	
2505	1.830206e+04	4.255661e+01	-1.44372e+02	
2506	1.840772e+04	4.247008e+01	-1.44283e+02	
2507	1.851399e+04	4.238365e+01	-1.44194e+02	
2508	1.862087e+04	4.229733e+01	-1.44104e+02	
2509	1.872837e+04	4.221112e+01	-1.44013e+02	
2510	1.883649e+04	4.212500e+01	-1.43922e+02	
2511	1.894524e+04	4.203900e+01	-1.43830e+02	
2512	1.905461e+04	4.195310e+01	-1.43738e+02	
2513	1.916461e+04	4.186731e+01	-1.43645e+02	
2514	1.927525e+04	4.178163e+01	-1.43551e+02	
2515	1.938653e+04	4.169605e+01	-1.43457e+02	
2516	1.949845e+04	4.161059e+01	-1.43362e+02	
2517	1.961101e+04	4.152524e+01	-1.43267e+02	
2518	1.972423e+04	4.143999e+01	-1.43171e+02	
2519	1.983810e+04	4.135487e+01	-1.43075e+02	
2520	1.995262e+04	4.126985e+01	-1.42978e+02	
2521	2.006781e+04	4.118495e+01	-1.42881e+02	
2522	2.018366e+04	4.110016e+01	-1.42783e+02	
2523	2.030019e+04	4.101549e+01	-1.42684e+02	
2524	2.041738e+04	4.093093e+01	-1.42585e+02	
2525	2.053525e+04	4.084650e+01	-1.42486e+02	
2526	2.065380e+04	4.076217e+01	-1.42386e+02	
2527	2.077304e+04	4.067797e+01	-1.42285e+02	
2528	2.089296e+04	4.059389e+01	-1.42184e+02	
2529	2.101358e+04	4.050993e+01	-1.42083e+02	
2530	2.113489e+04	4.042608e+01	-1.41981e+02	
2531	2.125690e+04	4.034236e+01	-1.41878e+02	
2532	2.137962e+04	4.025877e+01	-1.41775e+02	
2533	2.150305e+04	4.017529e+01	-1.41672e+02	
2534	2.162719e+04	4.009194e+01	-1.41568e+02	
2535	2.175204e+04	4.000871e+01	-1.41463e+02	
2536	2.187762e+04	3.992561e+01	-1.41359e+02	
2537	2.200392e+04	3.984263e+01	-1.41253e+02	
2538	2.213095e+04	3.975978e+01	-1.41148e+02	
2539	2.225871e+04	3.967706e+01	-1.41041e+02	
2540	2.238721e+04	3.959446e+01	-1.40935e+02	
2541	2.251645e+04	3.951200e+01	-1.40828e+02	
2542	2.264644e+04	3.942966e+01	-1.40720e+02	
2543	2.277718e+04	3.934745e+01	-1.40613e+02	
2544	2.290868e+04	3.926537e+01	-1.40504e+02	
2545	2.304093e+04	3.918343e+01	-1.40396e+02	
2546	2.317395e+04	3.910161e+01	-1.40287e+02	
2547	2.330773e+04	3.901993e+01	-1.40177e+02	
2548	2.344229e+04	3.893838e+01	-1.40067e+02	

Index   frequency       tdb             tph             
--------------------------------------------------------------------------------
2549	2.357762e+04	3.885697e+01	-1.39957e+02	
2550	2.371374e+04	3.877568e+01	-1.39846e+02	
2551	2.385064e+04	3.869454e+01	-1.39736e+02	
2552	2.398833e+04	3.861353e+01	-1.39624e+02	
2553	2.412682e+04	3.853265e+01	-1.39513e+02	
2554	2.426610e+04	3.845191e+01	-1.39401e+02	
2555	2.440619e+04	3.837131e+01	-1.39288e+02	
2556	2.454709e+04	3.829085e+01	-1.39176e+02	
2557	2.468880e+04	3.821052e+01	-1.39063e+02	
2558	2.483133e+04	3.813034e+01	-1.38949e+02	
2559	2.497468e+04	3.805029e+01	-1.38836e+02	
2560	2.511886e+04	3.797038e+01	-1.38722e+02	
2561	2.526388e+04	3.789062e+01	-1.38608e+02	
2562	2.540973e+04	3.781099e+01	-1.38493e+02	
2563	2.555642e+04	3.773151e+01	-1.38378e+02	
2564	2.570396e+04	3.765216e+01	-1.38263e+02	
2565	2.585235e+04	3.757296e+01	-1.38148e+02	
2566	2.600160e+04	3.749391e+01	-1.38033e+02	
2567	2.615170e+04	3.741499e+01	-1.37917e+02	
2568	2.630268e+04	3.733622e+01	-1.37801e+02	
2569	2.645453e+04	3.725760e+01	-1.37684e+02	
2570	2.660725e+04	3.717912e+01	-1.37568e+02	
2571	2.676086e+04	3.710078e+01	-1.37451e+02	
2572	2.691535e+04	3.702259e+01	-1.37334e+02	
2573	2.707073e+04	3.694454e+01	-1.37217e+02	
2574	2.722701e+04	3.686665e+01	-1.37100e+02	
2575	2.738420e+04	3.678889e+01	-1.36982e+02	
2576	2.754229e+04	3.671129e+01	-1.36865e+02	
2577	2.770129e+04	3.663383e+01	-1.36747e+02	
2578	2.786121e+04	3.655652e+01	-1.36629e+02	
2579	2.802206e+04	3.647936e+01	-1.36510e+02	
2580	2.818383e+04	3.640234e+01	-1.36392e+02	
2581	2.834654e+04	3.632548e+01	-1.36273e+02	
2582	2.851018e+04	3.624876e+01	-1.36155e+02	
2583	2.867477e+04	3.617220e+01	-1.36036e+02	
2584	2.884032e+04	3.609578e+01	-1.35917e+02	
2585	2.900681e+04	3.601951e+01	-1.35798e+02	
2586	2.917427e+04	3.594339e+01	-1.35679e+02	
2587	2.934270e+04	3.586742e+01	-1.35560e+02	
2588	2.951209e+04	3.579161e+01	-1.35441e+02	
2589	2.968247e+04	3.571594e+01	-1.35321e+02	
2590	2.985383e+04	3.564043e+01	-1.35202e+02	
2591	3.002617e+04	3.556506e+01	-1.35082e+02	
2592	3.019952e+04	3.548985e+01	-1.34963e+02	
2593	3.037386e+04	3.541478e+01	-1.34843e+02	
2594	3.054921e+04	3.533987e+01	-1.34723e+02	
2595	3.072557e+04	3.526512e+01	-1.34604e+02	
2596	3.090295e+04	3.519051e+01	-1.34484e+02	
2597	3.108136e+04	3.511605e+01	-1.34364e+02	
2598	3.126079e+04	3.504175e+01	-1.34245e+02	
2599	3.144126e+04	3.496760e+01	-1.34125e+02	
2600	3.162278e+04	3.489360e+01	-1.34005e+02	
2601	3.180534e+04	3.481975e+01	-1.33886e+02	
2602	3.198895e+04	3.474606e+01	-1.33766e+02	
2603	3.217363e+04	3.467252e+01	-1.33646e+02	
2604	3.235937e+04	3.459913e+01	-1.33527e+02	
2605	3.254618e+04	3.452589e+01	-1.33407e+02	
2606	3.273407e+04	3.445280e+01	-1.33288e+02	

Index   frequency       tdb             tph             
--------------------------------------------------------------------------------
2607	3.292305e+04	3.437987e+01	-1.33168e+02	
2608	3.311311e+04	3.430709e+01	-1.33049e+02	
2609	3.330428e+04	3.423446e+01	-1.32930e+02	
2610	3.349654e+04	3.416198e+01	-1.32811e+02	
2611	3.368992e+04	3.408966e+01	-1.32692e+02	
2612	3.388442e+04	3.401749e+01	-1.32573e+02	
2613	3.408003e+04	3.394547e+01	-1.32454e+02	
2614	3.427678e+04	3.387360e+01	-1.32336e+02	
2615	3.447466e+04	3.380188e+01	-1.32217e+02	
2616	3.467369e+04	3.373032e+01	-1.32099e+02	
2617	3.487386e+04	3.365890e+01	-1.31980e+02	
2618	3.507519e+04	3.358764e+01	-1.31862e+02	
2619	3.527768e+04	3.351653e+01	-1.31744e+02	
2620	3.548134e+04	3.344557e+01	-1.31627e+02	
2621	3.568617e+04	3.337476e+01	-1.31509e+02	
2622	3.589219e+04	3.330410e+01	-1.31392e+02	
2623	3.609940e+04	3.323359e+01	-1.31275e+02	
2624	3.630781e+04	3.316323e+01	-1.31158e+02	
2625	3.651741e+04	3.309302e+01	-1.31041e+02	
2626	3.672823e+04	3.302296e+01	-1.30925e+02	
2627	3.694026e+04	3.295305e+01	-1.30809e+02	
2628	3.715352e+04	3.288329e+01	-1.30693e+02	
2629	3.736801e+04	3.281367e+01	-1.30577e+02	
2630	3.758374e+04	3.274421e+01	-1.30461e+02	
2631	3.780071e+04	3.267489e+01	-1.30346e+02	
2632	3.801894e+04	3.260572e+01	-1.30231e+02	
2633	3.823843e+04	3.253670e+01	-1.30117e+02	
2634	3.845918e+04	3.246782e+01	-1.30002e+02	
2635	3.868121e+04	3.239909e+01	-1.29888e+02	
2636	3.890451e+04	3.233051e+01	-1.29775e+02	
2637	3.912911e+04	3.226207e+01	-1.29661e+02	
2638	3.935501e+04	3.219378e+01	-1.29548e+02	
2639	3.958221e+04	3.212563e+01	-1.29435e+02	
2640	3.981072e+04	3.205763e+01	-1.29323e+02	
2641	4.004055e+04	3.198977e+01	-1.29211e+02	
2642	4.027170e+04	3.192206e+01	-1.29099e+02	
2643	4.050419e+04	3.185448e+01	-1.28988e+02	
2644	4.073803e+04	3.178705e+01	-1.28877e+02	
2645	4.097321e+04	3.171977e+01	-1.28766e+02	
2646	4.120975e+04	3.165262e+01	-1.28656e+02	
2647	4.144766e+04	3.158562e+01	-1.28546e+02	
2648	4.168694e+04	3.151875e+01	-1.28437e+02	
2649	4.192760e+04	3.145203e+01	-1.28328e+02	
2650	4.216965e+04	3.138544e+01	-1.28219e+02	
2651	4.241310e+04	3.131900e+01	-1.28111e+02	
2652	4.265795e+04	3.125269e+01	-1.28003e+02	
2653	4.290422e+04	3.118652e+01	-1.27896e+02	
2654	4.315191e+04	3.112049e+01	-1.27789e+02	
2655	4.340103e+04	3.105459e+01	-1.27683e+02	
2656	4.365158e+04	3.098883e+01	-1.27577e+02	
2657	4.390359e+04	3.092321e+01	-1.27471e+02	
2658	4.415704e+04	3.085772e+01	-1.27366e+02	
2659	4.441197e+04	3.079236e+01	-1.27262e+02	
2660	4.466836e+04	3.072714e+01	-1.27158e+02	
2661	4.492623e+04	3.066205e+01	-1.27054e+02	
2662	4.518559e+04	3.059709e+01	-1.26951e+02	
2663	4.544645e+04	3.053226e+01	-1.26848e+02	
2664	4.570882e+04	3.046757e+01	-1.26746e+02	

Index   frequency       tdb             tph             
--------------------------------------------------------------------------------
2665	4.597270e+04	3.040300e+01	-1.26645e+02	
2666	4.623810e+04	3.033856e+01	-1.26544e+02	
2667	4.650504e+04	3.027426e+01	-1.26443e+02	
2668	4.677351e+04	3.021008e+01	-1.26343e+02	
2669	4.704354e+04	3.014603e+01	-1.26244e+02	
2670	4.731513e+04	3.008210e+01	-1.26145e+02	
2671	4.758828e+04	3.001830e+01	-1.26047e+02	
2672	4.786301e+04	2.995462e+01	-1.25949e+02	
2673	4.813933e+04	2.989107e+01	-1.25852e+02	
2674	4.841724e+04	2.982765e+01	-1.25756e+02	
2675	4.869675e+04	2.976434e+01	-1.25660e+02	
2676	4.897788e+04	2.970116e+01	-1.25564e+02	
2677	4.926063e+04	2.963810e+01	-1.25470e+02	
2678	4.954502e+04	2.957516e+01	-1.25375e+02	
2679	4.983105e+04	2.951234e+01	-1.25282e+02	
2680	5.011872e+04	2.944964e+01	-1.25189e+02	
2681	5.040806e+04	2.938705e+01	-1.25097e+02	
2682	5.069907e+04	2.932458e+01	-1.25005e+02	
2683	5.099176e+04	2.926223e+01	-1.24914e+02	
2684	5.128614e+04	2.920000e+01	-1.24823e+02	
2685	5.158222e+04	2.913788e+01	-1.24733e+02	
2686	5.188000e+04	2.907587e+01	-1.24644e+02	
2687	5.217951e+04	2.901398e+01	-1.24556e+02	
2688	5.248075e+04	2.895220e+01	-1.24468e+02	
2689	5.278372e+04	2.889053e+01	-1.24381e+02	
2690	5.308844e+04	2.882897e+01	-1.24294e+02	
2691	5.339493e+04	2.876753e+01	-1.24208e+02	
2692	5.370318e+04	2.870619e+01	-1.24123e+02	
2693	5.401321e+04	2.864495e+01	-1.24039e+02	
2694	5.432503e+04	2.858383e+01	-1.23955e+02	
2695	5.463865e+04	2.852281e+01	-1.23872e+02	
2696	5.495409e+04	2.846190e+01	-1.23789e+02	
2697	5.527134e+04	2.840109e+01	-1.23707e+02	
2698	5.559043e+04	2.834039e+01	-1.23626e+02	
2699	5.591135e+04	2.827979e+01	-1.23546e+02	
2700	5.623413e+04	2.821929e+01	-1.23466e+02	
2701	5.655878e+04	2.815890e+01	-1.23387e+02	
2702	5.688529e+04	2.809860e+01	-1.23309e+02	
2703	5.721370e+04	2.803840e+01	-1.23232e+02	
2704	5.754399e+04	2.797830e+01	-1.23155e+02	
2705	5.787620e+04	2.791830e+01	-1.23079e+02	
2706	5.821032e+04	2.785840e+01	-1.23004e+02	
2707	5.854637e+04	2.779859e+01	-1.22929e+02	
2708	5.888437e+04	2.773888e+01	-1.22856e+02	
2709	5.922431e+04	2.767926e+01	-1.22783e+02	
2710	5.956621e+04	2.761973e+01	-1.22710e+02	
2711	5.991009e+04	2.756030e+01	-1.22639e+02	
2712	6.025596e+04	2.750096e+01	-1.22568e+02	
2713	6.060382e+04	2.744171e+01	-1.22498e+02	
2714	6.095369e+04	2.738254e+01	-1.22429e+02	
2715	6.130558e+04	2.732347e+01	-1.22360e+02	
2716	6.165950e+04	2.726449e+01	-1.22293e+02	
2717	6.201546e+04	2.720559e+01	-1.22226e+02	
2718	6.237348e+04	2.714678e+01	-1.22160e+02	
2719	6.273357e+04	2.708805e+01	-1.22094e+02	
2720	6.309573e+04	2.702941e+01	-1.22030e+02	
2721	6.345999e+04	2.697085e+01	-1.21966e+02	
2722	6.382635e+04	2.691238e+01	-1.21903e+02	

Index   frequency       tdb             tph             
--------------------------------------------------------------------------------
2723	6.419482e+04	2.685398e+01	-1.21841e+02	
2724	6.456542e+04	2.679567e+01	-1.21779e+02	
2725	6.493816e+04	2.673744e+01	-1.21719e+02	
2726	6.531306e+04	2.667928e+01	-1.21659e+02	
2727	6.569011e+04	2.662121e+01	-1.21600e+02	
2728	6.606934e+04	2.656321e+01	-1.21542e+02	
2729	6.645077e+04	2.650529e+01	-1.21485e+02	
2730	6.683439e+04	2.644744e+01	-1.21428e+02	
2731	6.722023e+04	2.638967e+01	-1.21372e+02	
2732	6.760830e+04	2.633198e+01	-1.21317e+02	
2733	6.799860e+04	2.627435e+01	-1.21263e+02	
2734	6.839116e+04	2.621680e+01	-1.21210e+02	
2735	6.878599e+04	2.615932e+01	-1.21158e+02	
2736	6.918310e+04	2.610191e+01	-1.21106e+02	
2737	6.958250e+04	2.604457e+01	-1.21055e+02	
2738	6.998420e+04	2.598729e+01	-1.21005e+02	
2739	7.038822e+04	2.593009e+01	-1.20956e+02	
2740	7.079458e+04	2.587295e+01	-1.20908e+02	
2741	7.120328e+04	2.581588e+01	-1.20861e+02	
2742	7.161434e+04	2.575887e+01	-1.20814e+02	
2743	7.202778e+04	2.570193e+01	-1.20769e+02	
2744	7.244360e+04	2.564505e+01	-1.20724e+02	
2745	7.286182e+04	2.558824e+01	-1.20680e+02	
2746	7.328245e+04	2.553148e+01	-1.20637e+02	
2747	7.370552e+04	2.547479e+01	-1.20594e+02	
2748	7.413102e+04	2.541816e+01	-1.20553e+02	
2749	7.455899e+04	2.536159e+01	-1.20512e+02	
2750	7.498942e+04	2.530507e+01	-1.20473e+02	
2751	7.542234e+04	2.524862e+01	-1.20434e+02	
2752	7.585776e+04	2.519222e+01	-1.20396e+02	
2753	7.629569e+04	2.513587e+01	-1.20359e+02	
2754	7.673615e+04	2.507958e+01	-1.20322e+02	
2755	7.717915e+04	2.502335e+01	-1.20287e+02	
2756	7.762471e+04	2.496717e+01	-1.20252e+02	
2757	7.807284e+04	2.491104e+01	-1.20219e+02	
2758	7.852356e+04	2.485497e+01	-1.20186e+02	
2759	7.897688e+04	2.479894e+01	-1.20154e+02	
2760	7.943282e+04	2.474297e+01	-1.20123e+02	
2761	7.989139e+04	2.468705e+01	-1.20093e+02	
2762	8.035261e+04	2.463117e+01	-1.20064e+02	
2763	8.081649e+04	2.457534e+01	-1.20035e+02	
2764	8.128305e+04	2.451956e+01	-1.20008e+02	
2765	8.175230e+04	2.446383e+01	-1.19981e+02	
2766	8.222426e+04	2.440814e+01	-1.19956e+02	
2767	8.269895e+04	2.435250e+01	-1.19931e+02	
2768	8.317638e+04	2.429690e+01	-1.19907e+02	
2769	8.365656e+04	2.424135e+01	-1.19884e+02	
2770	8.413951e+04	2.418584e+01	-1.19862e+02	
2771	8.462526e+04	2.413037e+01	-1.19840e+02	
2772	8.511380e+04	2.407494e+01	-1.19820e+02	
2773	8.560517e+04	2.401955e+01	-1.19800e+02	
2774	8.609938e+04	2.396420e+01	-1.19782e+02	
2775	8.659643e+04	2.390889e+01	-1.19764e+02	
2776	8.709636e+04	2.385362e+01	-1.19747e+02	
2777	8.759917e+04	2.379839e+01	-1.19731e+02	
2778	8.810489e+04	2.374319e+01	-1.19716e+02	
2779	8.861352e+04	2.368803e+01	-1.19702e+02	
2780	8.912509e+04	2.363290e+01	-1.19689e+02	

Index   frequency       tdb             tph             
--------------------------------------------------------------------------------
2781	8.963962e+04	2.357781e+01	-1.19677e+02	
2782	9.015711e+04	2.352276e+01	-1.19665e+02	
2783	9.067760e+04	2.346773e+01	-1.19655e+02	
2784	9.120108e+04	2.341274e+01	-1.19645e+02	
2785	9.172759e+04	2.335778e+01	-1.19637e+02	
2786	9.225714e+04	2.330285e+01	-1.19629e+02	
2787	9.278975e+04	2.324796e+01	-1.19622e+02	
2788	9.332543e+04	2.319309e+01	-1.19616e+02	
2789	9.386420e+04	2.313825e+01	-1.19611e+02	
2790	9.440609e+04	2.308344e+01	-1.19607e+02	
2791	9.495110e+04	2.302865e+01	-1.19604e+02	
2792	9.549926e+04	2.297390e+01	-1.19601e+02	
2793	9.605058e+04	2.291917e+01	-1.19600e+02	
2794	9.660509e+04	2.286446e+01	-1.19600e+02	
2795	9.716280e+04	2.280978e+01	-1.19600e+02	
2796	9.772372e+04	2.275513e+01	-1.19601e+02	
2797	9.828789e+04	2.270049e+01	-1.19604e+02	
2798	9.885531e+04	2.264588e+01	-1.19607e+02	
2799	9.942601e+04	2.259130e+01	-1.19611e+02	
2800	1.000000e+05	2.253673e+01	-1.19616e+02	
2801	1.005773e+05	2.248219e+01	-1.19622e+02	
2802	1.011579e+05	2.242766e+01	-1.19629e+02	
2803	1.017419e+05	2.237316e+01	-1.19637e+02	
2804	1.023293e+05	2.231867e+01	-1.19646e+02	
2805	1.029201e+05	2.226420e+01	-1.19655e+02	
2806	1.035142e+05	2.220976e+01	-1.19666e+02	
2807	1.041118e+05	2.215532e+01	-1.19677e+02	
2808	1.047129e+05	2.210091e+01	-1.19690e+02	
2809	1.053174e+05	2.204651e+01	-1.19703e+02	
2810	1.059254e+05	2.199212e+01	-1.19717e+02	
2811	1.065369e+05	2.193775e+01	-1.19733e+02	
2812	1.071519e+05	2.188339e+01	-1.19749e+02	
2813	1.077705e+05	2.182905e+01	-1.19766e+02	
2814	1.083927e+05	2.177472e+01	-1.19784e+02	
2815	1.090184e+05	2.172040e+01	-1.19803e+02	
2816	1.096478e+05	2.166609e+01	-1.19823e+02	
2817	1.102808e+05	2.161179e+01	-1.19844e+02	
2818	1.109175e+05	2.155751e+01	-1.19866e+02	
2819	1.115578e+05	2.150323e+01	-1.19888e+02	
2820	1.122018e+05	2.144896e+01	-1.19912e+02	
2821	1.128496e+05	2.139470e+01	-1.19937e+02	
2822	1.135011e+05	2.134045e+01	-1.19962e+02	
2823	1.141563e+05	2.128621e+01	-1.19989e+02	
2824	1.148154e+05	2.123197e+01	-1.20016e+02	
2825	1.154782e+05	2.117774e+01	-1.20045e+02	
2826	1.161449e+05	2.112351e+01	-1.20074e+02	
2827	1.168154e+05	2.106929e+01	-1.20104e+02	
2828	1.174898e+05	2.101507e+01	-1.20135e+02	
2829	1.181680e+05	2.096086e+01	-1.20168e+02	
2830	1.188502e+05	2.090664e+01	-1.20201e+02	
2831	1.195364e+05	2.085244e+01	-1.20235e+02	
2832	1.202264e+05	2.079823e+01	-1.20270e+02	
2833	1.209205e+05	2.074402e+01	-1.20306e+02	
2834	1.216186e+05	2.068982e+01	-1.20343e+02	
2835	1.223207e+05	2.063561e+01	-1.20381e+02	
2836	1.230269e+05	2.058141e+01	-1.20419e+02	
2837	1.237371e+05	2.052720e+01	-1.20459e+02	
2838	1.244515e+05	2.047299e+01	-1.20500e+02	

Index   frequency       tdb             tph             
--------------------------------------------------------------------------------
2839	1.251699e+05	2.041878e+01	-1.20542e+02	
2840	1.258925e+05	2.036457e+01	-1.20584e+02	
2841	1.266193e+05	2.031035e+01	-1.20628e+02	
2842	1.273503e+05	2.025613e+01	-1.20673e+02	
2843	1.280855e+05	2.020190e+01	-1.20718e+02	
2844	1.288250e+05	2.014767e+01	-1.20765e+02	
2845	1.295687e+05	2.009344e+01	-1.20812e+02	
2846	1.303167e+05	2.003919e+01	-1.20861e+02	
2847	1.310690e+05	1.998495e+01	-1.20910e+02	
2848	1.318257e+05	1.993069e+01	-1.20961e+02	
2849	1.325867e+05	1.987642e+01	-1.21012e+02	
2850	1.333521e+05	1.982215e+01	-1.21064e+02	
2851	1.341220e+05	1.976787e+01	-1.21118e+02	
2852	1.348963e+05	1.971358e+01	-1.21172e+02	
2853	1.356751e+05	1.965927e+01	-1.21227e+02	
2854	1.364583e+05	1.960496e+01	-1.21283e+02	
2855	1.372461e+05	1.955064e+01	-1.21341e+02	
2856	1.380384e+05	1.949630e+01	-1.21399e+02	
2857	1.388353e+05	1.944195e+01	-1.21458e+02	
2858	1.396368e+05	1.938759e+01	-1.21518e+02	
2859	1.404430e+05	1.933321e+01	-1.21579e+02	
2860	1.412538e+05	1.927882e+01	-1.21641e+02	
2861	1.420692e+05	1.922441e+01	-1.21704e+02	
2862	1.428894e+05	1.916999e+01	-1.21768e+02	
2863	1.437143e+05	1.911556e+01	-1.21834e+02	
2864	1.445440e+05	1.906110e+01	-1.21900e+02	
2865	1.453784e+05	1.900663e+01	-1.21967e+02	
2866	1.462177e+05	1.895215e+01	-1.22035e+02	
2867	1.470618e+05	1.889764e+01	-1.22104e+02	
2868	1.479108e+05	1.884311e+01	-1.22174e+02	
2869	1.487647e+05	1.878857e+01	-1.22245e+02	
2870	1.496236e+05	1.873400e+01	-1.22317e+02	
2871	1.504874e+05	1.867942e+01	-1.22390e+02	
2872	1.513561e+05	1.862481e+01	-1.22464e+02	
2873	1.522299e+05	1.857018e+01	-1.22539e+02	
2874	1.531087e+05	1.851553e+01	-1.22615e+02	
2875	1.539927e+05	1.846086e+01	-1.22692e+02	
2876	1.548817e+05	1.840616e+01	-1.22770e+02	
2877	1.557758e+05	1.835144e+01	-1.22849e+02	
2878	1.566751e+05	1.829670e+01	-1.22929e+02	
2879	1.575796e+05	1.824193e+01	-1.23010e+02	
2880	1.584893e+05	1.818713e+01	-1.23092e+02	
2881	1.594043e+05	1.813231e+01	-1.23175e+02	
2882	1.603245e+05	1.807746e+01	-1.23259e+02	
2883	1.612501e+05	1.802258e+01	-1.23344e+02	
2884	1.621810e+05	1.796767e+01	-1.23430e+02	
2885	1.631173e+05	1.791274e+01	-1.23517e+02	
2886	1.640590e+05	1.785777e+01	-1.23606e+02	
2887	1.650061e+05	1.780278e+01	-1.23695e+02	
2888	1.659587e+05	1.774776e+01	-1.23785e+02	
2889	1.669168e+05	1.769270e+01	-1.23876e+02	
2890	1.678804e+05	1.763761e+01	-1.23968e+02	
2891	1.688496e+05	1.758249e+01	-1.24062e+02	
2892	1.698244e+05	1.752734e+01	-1.24156e+02	
2893	1.708048e+05	1.747215e+01	-1.24251e+02	
2894	1.717908e+05	1.741693e+01	-1.24348e+02	
2895	1.727826e+05	1.736168e+01	-1.24445e+02	
2896	1.737801e+05	1.730639e+01	-1.24544e+02	

Index   frequency       tdb             tph             
--------------------------------------------------------------------------------
2897	1.747833e+05	1.725106e+01	-1.24643e+02	
2898	1.757924e+05	1.719570e+01	-1.24744e+02	
2899	1.768072e+05	1.714030e+01	-1.24845e+02	
2900	1.778279e+05	1.708486e+01	-1.24948e+02	
2901	1.788546e+05	1.702938e+01	-1.25051e+02	
2902	1.798871e+05	1.697387e+01	-1.25156e+02	
2903	1.809256e+05	1.691831e+01	-1.25262e+02	
2904	1.819701e+05	1.686272e+01	-1.25368e+02	
2905	1.830206e+05	1.680708e+01	-1.25476e+02	
2906	1.840772e+05	1.675140e+01	-1.25585e+02	
2907	1.851399e+05	1.669568e+01	-1.25695e+02	
2908	1.862087e+05	1.663991e+01	-1.25806e+02	
2909	1.872837e+05	1.658411e+01	-1.25918e+02	
2910	1.883649e+05	1.652826e+01	-1.26031e+02	
2911	1.894524e+05	1.647236e+01	-1.26145e+02	
2912	1.905461e+05	1.641642e+01	-1.26261e+02	
2913	1.916461e+05	1.636043e+01	-1.26377e+02	
2914	1.927525e+05	1.630439e+01	-1.26494e+02	
2915	1.938653e+05	1.624831e+01	-1.26613e+02	
2916	1.949845e+05	1.619218e+01	-1.26732e+02	
2917	1.961101e+05	1.613600e+01	-1.26853e+02	
2918	1.972423e+05	1.607977e+01	-1.26974e+02	
2919	1.983810e+05	1.602349e+01	-1.27097e+02	
2920	1.995262e+05	1.596716e+01	-1.27221e+02	
2921	2.006781e+05	1.591078e+01	-1.27345e+02	
2922	2.018366e+05	1.585435e+01	-1.27471e+02	
2923	2.030019e+05	1.579786e+01	-1.27598e+02	
2924	2.041738e+05	1.574132e+01	-1.27726e+02	
2925	2.053525e+05	1.568473e+01	-1.27856e+02	
2926	2.065380e+05	1.562808e+01	-1.27986e+02	
2927	2.077304e+05	1.557138e+01	-1.28117e+02	
2928	2.089296e+05	1.551462e+01	-1.28250e+02	
2929	2.101358e+05	1.545780e+01	-1.28383e+02	
2930	2.113489e+05	1.540092e+01	-1.28518e+02	
2931	2.125690e+05	1.534399e+01	-1.28653e+02	
2932	2.137962e+05	1.528700e+01	-1.28790e+02	
2933	2.150305e+05	1.522994e+01	-1.28928e+02	
2934	2.162719e+05	1.517283e+01	-1.29067e+02	
2935	2.175204e+05	1.511566e+01	-1.29207e+02	
2936	2.187762e+05	1.505842e+01	-1.29348e+02	
2937	2.200392e+05	1.500112e+01	-1.29491e+02	
2938	2.213095e+05	1.494376e+01	-1.29634e+02	
2939	2.225871e+05	1.488633e+01	-1.29779e+02	
2940	2.238721e+05	1.482884e+01	-1.29924e+02	
2941	2.251645e+05	1.477129e+01	-1.30071e+02	
2942	2.264644e+05	1.471366e+01	-1.30219e+02	
2943	2.277718e+05	1.465597e+01	-1.30368e+02	
2944	2.290868e+05	1.459822e+01	-1.30518e+02	
2945	2.304093e+05	1.454039e+01	-1.30669e+02	
2946	2.317395e+05	1.448249e+01	-1.30821e+02	
2947	2.330773e+05	1.442453e+01	-1.30975e+02	
2948	2.344229e+05	1.436649e+01	-1.31129e+02	
2949	2.357762e+05	1.430838e+01	-1.31285e+02	
2950	2.371374e+05	1.425020e+01	-1.31442e+02	
2951	2.385064e+05	1.419195e+01	-1.31600e+02	
2952	2.398833e+05	1.413362e+01	-1.31759e+02	
2953	2.412682e+05	1.407522e+01	-1.31919e+02	
2954	2.426610e+05	1.401674e+01	-1.32080e+02	

Index   frequency       tdb             tph             
--------------------------------------------------------------------------------
2955	2.440619e+05	1.395818e+01	-1.32243e+02	
2956	2.454709e+05	1.389955e+01	-1.32406e+02	
2957	2.468880e+05	1.384084e+01	-1.32571e+02	
2958	2.483133e+05	1.378206e+01	-1.32737e+02	
2959	2.497468e+05	1.372319e+01	-1.32904e+02	
2960	2.511886e+05	1.366424e+01	-1.33072e+02	
2961	2.526388e+05	1.360521e+01	-1.33241e+02	
2962	2.540973e+05	1.354610e+01	-1.33412e+02	
2963	2.555642e+05	1.348691e+01	-1.33583e+02	
2964	2.570396e+05	1.342764e+01	-1.33756e+02	
2965	2.585235e+05	1.336828e+01	-1.33930e+02	
2966	2.600160e+05	1.330883e+01	-1.34105e+02	
2967	2.615170e+05	1.324930e+01	-1.34281e+02	
2968	2.630268e+05	1.318968e+01	-1.34458e+02	
2969	2.645453e+05	1.312997e+01	-1.34637e+02	
2970	2.660725e+05	1.307018e+01	-1.34816e+02	
2971	2.676086e+05	1.301030e+01	-1.34997e+02	
2972	2.691535e+05	1.295032e+01	-1.35179e+02	
2973	2.707073e+05	1.289026e+01	-1.35362e+02	
2974	2.722701e+05	1.283010e+01	-1.35546e+02	
2975	2.738420e+05	1.276986e+01	-1.35732e+02	
2976	2.754229e+05	1.270951e+01	-1.35918e+02	
2977	2.770129e+05	1.264908e+01	-1.36106e+02	
2978	2.786121e+05	1.258855e+01	-1.36295e+02	
2979	2.802206e+05	1.252792e+01	-1.36485e+02	
2980	2.818383e+05	1.246720e+01	-1.36676e+02	
2981	2.834654e+05	1.240637e+01	-1.36869e+02	
2982	2.851018e+05	1.234545e+01	-1.37062e+02	
2983	2.867477e+05	1.228443e+01	-1.37257e+02	
2984	2.884032e+05	1.222331e+01	-1.37453e+02	
2985	2.900681e+05	1.216209e+01	-1.37650e+02	
2986	2.917427e+05	1.210077e+01	-1.37848e+02	
2987	2.934270e+05	1.203934e+01	-1.38047e+02	
2988	2.951209e+05	1.197781e+01	-1.38248e+02	
2989	2.968247e+05	1.191618e+01	-1.38450e+02	
2990	2.985383e+05	1.185444e+01	-1.38653e+02	
2991	3.002617e+05	1.179259e+01	-1.38857e+02	
2992	3.019952e+05	1.173064e+01	-1.39062e+02	
2993	3.037386e+05	1.166858e+01	-1.39269e+02	
2994	3.054921e+05	1.160640e+01	-1.39476e+02	
2995	3.072557e+05	1.154412e+01	-1.39685e+02	
2996	3.090295e+05	1.148173e+01	-1.39895e+02	
2997	3.108136e+05	1.141923e+01	-1.40106e+02	
2998	3.126079e+05	1.135661e+01	-1.40319e+02	
2999	3.144126e+05	1.129388e+01	-1.40532e+02	
3000	3.162278e+05	1.123103e+01	-1.40747e+02	
3001	3.180534e+05	1.116807e+01	-1.40963e+02	
3002	3.198895e+05	1.110499e+01	-1.41180e+02	
3003	3.217363e+05	1.104180e+01	-1.41398e+02	
3004	3.235937e+05	1.097848e+01	-1.41618e+02	
3005	3.254618e+05	1.091505e+01	-1.41838e+02	
3006	3.273407e+05	1.085150e+01	-1.42060e+02	
3007	3.292305e+05	1.078783e+01	-1.42283e+02	
3008	3.311311e+05	1.072403e+01	-1.42508e+02	
3009	3.330428e+05	1.066011e+01	-1.42733e+02	
3010	3.349654e+05	1.059607e+01	-1.42960e+02	
3011	3.368992e+05	1.053190e+01	-1.43187e+02	
3012	3.388442e+05	1.046761e+01	-1.43416e+02	

Index   frequency       tdb             tph             
--------------------------------------------------------------------------------
3013	3.408003e+05	1.040319e+01	-1.43647e+02	
3014	3.427678e+05	1.033865e+01	-1.43878e+02	
3015	3.447466e+05	1.027397e+01	-1.44110e+02	
3016	3.467369e+05	1.020917e+01	-1.44344e+02	
3017	3.487386e+05	1.014423e+01	-1.44579e+02	
3018	3.507519e+05	1.007917e+01	-1.44815e+02	
3019	3.527768e+05	1.001397e+01	-1.45053e+02	
3020	3.548134e+05	9.948638e+00	-1.45291e+02	
3021	3.568617e+05	9.883173e+00	-1.45531e+02	
3022	3.589219e+05	9.817573e+00	-1.45772e+02	
3023	3.609940e+05	9.751837e+00	-1.46014e+02	
3024	3.630781e+05	9.685965e+00	-1.46257e+02	
3025	3.651741e+05	9.619954e+00	-1.46501e+02	
3026	3.672823e+05	9.553805e+00	-1.46747e+02	
3027	3.694026e+05	9.487516e+00	-1.46994e+02	
3028	3.715352e+05	9.421086e+00	-1.47242e+02	
3029	3.736801e+05	9.354515e+00	-1.47491e+02	
3030	3.758374e+05	9.287801e+00	-1.47742e+02	
3031	3.780071e+05	9.220944e+00	-1.47993e+02	
3032	3.801894e+05	9.153943e+00	-1.48246e+02	
3033	3.823843e+05	9.086796e+00	-1.48500e+02	
3034	3.845918e+05	9.019503e+00	-1.48755e+02	
3035	3.868121e+05	8.952063e+00	-1.49011e+02	
3036	3.890451e+05	8.884475e+00	-1.49269e+02	
3037	3.912911e+05	8.816738e+00	-1.49528e+02	
3038	3.935501e+05	8.748850e+00	-1.49788e+02	
3039	3.958221e+05	8.680812e+00	-1.50049e+02	
3040	3.981072e+05	8.612622e+00	-1.50311e+02	
3041	4.004055e+05	8.544279e+00	-1.50574e+02	
3042	4.027170e+05	8.475783e+00	-1.50839e+02	
3043	4.050419e+05	8.407132e+00	-1.51105e+02	
3044	4.073803e+05	8.338325e+00	-1.51372e+02	
3045	4.097321e+05	8.269362e+00	-1.51640e+02	
3046	4.120975e+05	8.200241e+00	-1.51909e+02	
3047	4.144766e+05	8.130962e+00	-1.52180e+02	
3048	4.168694e+05	8.061524e+00	-1.52451e+02	
3049	4.192760e+05	7.991925e+00	-1.52724e+02	
3050	4.216965e+05	7.922165e+00	-1.52998e+02	
3051	4.241310e+05	7.852244e+00	-1.53274e+02	
3052	4.265795e+05	7.782159e+00	-1.53550e+02	
3053	4.290422e+05	7.711910e+00	-1.53828e+02	
3054	4.315191e+05	7.641497e+00	-1.54106e+02	
3055	4.340103e+05	7.570918e+00	-1.54386e+02	
3056	4.365158e+05	7.500172e+00	-1.54667e+02	
3057	4.390359e+05	7.429259e+00	-1.54950e+02	
3058	4.415704e+05	7.358178e+00	-1.55233e+02	
3059	4.441197e+05	7.286927e+00	-1.55518e+02	
3060	4.466836e+05	7.215506e+00	-1.55803e+02	
3061	4.492623e+05	7.143913e+00	-1.56090e+02	
3062	4.518559e+05	7.072149e+00	-1.56378e+02	
3063	4.544645e+05	7.000212e+00	-1.56668e+02	
3064	4.570882e+05	6.928101e+00	-1.56958e+02	
3065	4.597270e+05	6.855815e+00	-1.57250e+02	
3066	4.623810e+05	6.783354e+00	-1.57542e+02	
3067	4.650504e+05	6.710717e+00	-1.57836e+02	
3068	4.677351e+05	6.637902e+00	-1.58131e+02	
3069	4.704354e+05	6.564908e+00	-1.58427e+02	
3070	4.731513e+05	6.491736e+00	-1.58725e+02	

Index   frequency       tdb             tph             
--------------------------------------------------------------------------------
3071	4.758828e+05	6.418384e+00	-1.59023e+02	
3072	4.786301e+05	6.344851e+00	-1.59323e+02	
3073	4.813933e+05	6.271136e+00	-1.59623e+02	
3074	4.841724e+05	6.197239e+00	-1.59925e+02	
3075	4.869675e+05	6.123158e+00	-1.60228e+02	
3076	4.897788e+05	6.048893e+00	-1.60533e+02	
3077	4.926063e+05	5.974443e+00	-1.60838e+02	
3078	4.954502e+05	5.899808e+00	-1.61144e+02	
3079	4.983105e+05	5.824985e+00	-1.61452e+02	
3080	5.011872e+05	5.749975e+00	-1.61761e+02	
3081	5.040806e+05	5.674776e+00	-1.62070e+02	
3082	5.069907e+05	5.599388e+00	-1.62381e+02	
3083	5.099176e+05	5.523810e+00	-1.62694e+02	
3084	5.128614e+05	5.448041e+00	-1.63007e+02	
3085	5.158222e+05	5.372080e+00	-1.63321e+02	
3086	5.188000e+05	5.295927e+00	-1.63637e+02	
3087	5.217951e+05	5.219580e+00	-1.63953e+02	
3088	5.248075e+05	5.143040e+00	-1.64271e+02	
3089	5.278372e+05	5.066304e+00	-1.64590e+02	
3090	5.308844e+05	4.989372e+00	-1.64910e+02	
3091	5.339493e+05	4.912244e+00	-1.65231e+02	
3092	5.370318e+05	4.834919e+00	-1.65553e+02	
3093	5.401321e+05	4.757395e+00	-1.65876e+02	
3094	5.432503e+05	4.679672e+00	-1.66200e+02	
3095	5.463865e+05	4.601750e+00	-1.66526e+02	
3096	5.495409e+05	4.523627e+00	-1.66853e+02	
3097	5.527134e+05	4.445303e+00	-1.67180e+02	
3098	5.559043e+05	4.366777e+00	-1.67509e+02	
3099	5.591135e+05	4.288049e+00	-1.67839e+02	
3100	5.623413e+05	4.209116e+00	-1.68170e+02	
3101	5.655878e+05	4.129980e+00	-1.68502e+02	
3102	5.688529e+05	4.050638e+00	-1.68835e+02	
3103	5.721370e+05	3.971091e+00	-1.69169e+02	
3104	5.754399e+05	3.891337e+00	-1.69504e+02	
3105	5.787620e+05	3.811376e+00	-1.69841e+02	
3106	5.821032e+05	3.731207e+00	-1.70178e+02	
3107	5.854637e+05	3.650829e+00	-1.70517e+02	
3108	5.888437e+05	3.570241e+00	-1.70856e+02	
3109	5.922431e+05	3.489444e+00	-1.71197e+02	
3110	5.956621e+05	3.408436e+00	-1.71539e+02	
3111	5.991009e+05	3.327216e+00	-1.71882e+02	
3112	6.025596e+05	3.245784e+00	-1.72226e+02	
3113	6.060382e+05	3.164138e+00	-1.72571e+02	
3114	6.095369e+05	3.082280e+00	-1.72917e+02	
3115	6.130558e+05	3.000206e+00	-1.73264e+02	
3116	6.165950e+05	2.917918e+00	-1.73612e+02	
3117	6.201546e+05	2.835414e+00	-1.73961e+02	
3118	6.237348e+05	2.752694e+00	-1.74311e+02	
3119	6.273357e+05	2.669756e+00	-1.74662e+02	
3120	6.309573e+05	2.586601e+00	-1.75015e+02	
3121	6.345999e+05	2.503228e+00	-1.75368e+02	
3122	6.382635e+05	2.419635e+00	-1.75722e+02	
3123	6.419482e+05	2.335822e+00	-1.76078e+02	
3124	6.456542e+05	2.251789e+00	-1.76434e+02	
3125	6.493816e+05	2.167535e+00	-1.76792e+02	
3126	6.531306e+05	2.083060e+00	-1.77150e+02	
3127	6.569011e+05	1.998362e+00	-1.77510e+02	
3128	6.606934e+05	1.913441e+00	-1.77871e+02	

Index   frequency       tdb             tph             
--------------------------------------------------------------------------------
3129	6.645077e+05	1.828296e+00	-1.78232e+02	
3130	6.683439e+05	1.742927e+00	-1.78595e+02	
3131	6.722023e+05	1.657333e+00	-1.78959e+02	
3132	6.760830e+05	1.571514e+00	-1.79323e+02	
3133	6.799860e+05	1.485468e+00	-1.79689e+02	
3134	6.839116e+05	1.399196e+00	-1.80056e+02	
3135	6.878599e+05	1.312697e+00	-1.80423e+02	
3136	6.918310e+05	1.225969e+00	-1.80792e+02	
3137	6.958250e+05	1.139013e+00	-1.81162e+02	
3138	6.998420e+05	1.051828e+00	-1.81533e+02	
3139	7.038822e+05	9.644125e-01	-1.81904e+02	
3140	7.079458e+05	8.767670e-01	-1.82277e+02	
3141	7.120328e+05	7.888905e-01	-1.82651e+02	
3142	7.161434e+05	7.007824e-01	-1.83026e+02	
3143	7.202778e+05	6.124422e-01	-1.83401e+02	
3144	7.244360e+05	5.238692e-01	-1.83778e+02	
3145	7.286182e+05	4.350629e-01	-1.84156e+02	
3146	7.328245e+05	3.460227e-01	-1.84534e+02	
3147	7.370552e+05	2.567480e-01	-1.84914e+02	
3148	7.413102e+05	1.672383e-01	-1.85295e+02	
3149	7.455899e+05	7.749288e-02	-1.85676e+02	
3150	7.498942e+05	-1.24887e-02	-1.86059e+02	
3151	7.542234e+05	-1.02707e-01	-1.86443e+02	
3152	7.585776e+05	-1.93163e-01	-1.86827e+02	
3153	7.629569e+05	-2.83856e-01	-1.87213e+02	
3154	7.673615e+05	-3.74788e-01	-1.87599e+02	
3155	7.717915e+05	-4.65959e-01	-1.87987e+02	
3156	7.762471e+05	-5.57370e-01	-1.88375e+02	
3157	7.807284e+05	-6.49021e-01	-1.88764e+02	
3158	7.852356e+05	-7.40912e-01	-1.89155e+02	
3159	7.897688e+05	-8.33044e-01	-1.89546e+02	
3160	7.943282e+05	-9.25419e-01	-1.89938e+02	
3161	7.989139e+05	-1.01804e+00	-1.90332e+02	
3162	8.035261e+05	-1.11089e+00	-1.90726e+02	
3163	8.081649e+05	-1.20400e+00	-1.91121e+02	
3164	8.128305e+05	-1.29734e+00	-1.91517e+02	
3165	8.175230e+05	-1.39094e+00	-1.91914e+02	
3166	8.222426e+05	-1.48477e+00	-1.92312e+02	
3167	8.269895e+05	-1.57885e+00	-1.92711e+02	
3168	8.317638e+05	-1.67318e+00	-1.93110e+02	
3169	8.365656e+05	-1.76776e+00	-1.93511e+02	
3170	8.413951e+05	-1.86258e+00	-1.93913e+02	
3171	8.462526e+05	-1.95765e+00	-1.94315e+02	
3172	8.511380e+05	-2.05296e+00	-1.94719e+02	
3173	8.560517e+05	-2.14853e+00	-1.95123e+02	
3174	8.609938e+05	-2.24435e+00	-1.95529e+02	
3175	8.659643e+05	-2.34041e+00	-1.95935e+02	
3176	8.709636e+05	-2.43673e+00	-1.96342e+02	
3177	8.759917e+05	-2.53329e+00	-1.96750e+02	
3178	8.810489e+05	-2.63011e+00	-1.97160e+02	
3179	8.861352e+05	-2.72718e+00	-1.97570e+02	
3180	8.912509e+05	-2.82450e+00	-1.97980e+02	
3181	8.963962e+05	-2.92208e+00	-1.98392e+02	
3182	9.015711e+05	-3.01991e+00	-1.98805e+02	
3183	9.067760e+05	-3.11799e+00	-1.99219e+02	
3184	9.120108e+05	-3.21633e+00	-1.99633e+02	
3185	9.172759e+05	-3.31492e+00	-2.00048e+02	
3186	9.225714e+05	-3.41377e+00	-2.00465e+02	

Index   frequency       tdb             tph             
--------------------------------------------------------------------------------
3187	9.278975e+05	-3.51287e+00	-2.00882e+02	
3188	9.332543e+05	-3.61223e+00	-2.01300e+02	
3189	9.386420e+05	-3.71185e+00	-2.01719e+02	
3190	9.440609e+05	-3.81172e+00	-2.02139e+02	
3191	9.495110e+05	-3.91185e+00	-2.02560e+02	
3192	9.549926e+05	-4.01225e+00	-2.02981e+02	
3193	9.605058e+05	-4.11290e+00	-2.03404e+02	
3194	9.660509e+05	-4.21381e+00	-2.03827e+02	
3195	9.716280e+05	-4.31498e+00	-2.04252e+02	
3196	9.772372e+05	-4.41641e+00	-2.04677e+02	
3197	9.828789e+05	-4.51810e+00	-2.05103e+02	
3198	9.885531e+05	-4.62006e+00	-2.05530e+02	
3199	9.942601e+05	-4.72228e+00	-2.05958e+02	
3200	1.000000e+06	-4.82476e+00	-2.06386e+02	
3201	1.005773e+06	-4.92750e+00	-2.06816e+02	
3202	1.011579e+06	-5.03051e+00	-2.07246e+02	
3203	1.017419e+06	-5.13378e+00	-2.07678e+02	
3204	1.023293e+06	-5.23731e+00	-2.08110e+02	
3205	1.029201e+06	-5.34112e+00	-2.08543e+02	
3206	1.035142e+06	-5.44518e+00	-2.08977e+02	
3207	1.041118e+06	-5.54952e+00	-2.09411e+02	
3208	1.047129e+06	-5.65412e+00	-2.09847e+02	
3209	1.053174e+06	-5.75899e+00	-2.10283e+02	
3210	1.059254e+06	-5.86413e+00	-2.10721e+02	
3211	1.065369e+06	-5.96953e+00	-2.11159e+02	
3212	1.071519e+06	-6.07521e+00	-2.11598e+02	
3213	1.077705e+06	-6.18115e+00	-2.12037e+02	
3214	1.083927e+06	-6.28737e+00	-2.12478e+02	
3215	1.090184e+06	-6.39385e+00	-2.12919e+02	
3216	1.096478e+06	-6.50061e+00	-2.13362e+02	
3217	1.102808e+06	-6.60764e+00	-2.13805e+02	
3218	1.109175e+06	-6.71494e+00	-2.14249e+02	
3219	1.115578e+06	-6.82252e+00	-2.14694e+02	
3220	1.122018e+06	-6.93036e+00	-2.15139e+02	
3221	1.128496e+06	-7.03849e+00	-2.15586e+02	
3222	1.135011e+06	-7.14688e+00	-2.16033e+02	
3223	1.141563e+06	-7.25555e+00	-2.16481e+02	
3224	1.148154e+06	-7.36450e+00	-2.16930e+02	
3225	1.154782e+06	-7.47372e+00	-2.17380e+02	
3226	1.161449e+06	-7.58322e+00	-2.17830e+02	
3227	1.168154e+06	-7.69300e+00	-2.18282e+02	
3228	1.174898e+06	-7.80305e+00	-2.18734e+02	
3229	1.181680e+06	-7.91339e+00	-2.19187e+02	
3230	1.188502e+06	-8.02400e+00	-2.19641e+02	
3231	1.195364e+06	-8.13489e+00	-2.20095e+02	
3232	1.202264e+06	-8.24606e+00	-2.20551e+02	
3233	1.209205e+06	-8.35751e+00	-2.21007e+02	
3234	1.216186e+06	-8.46924e+00	-2.21464e+02	
3235	1.223207e+06	-8.58126e+00	-2.21921e+02	
3236	1.230269e+06	-8.69355e+00	-2.22380e+02	
3237	1.237371e+06	-8.80613e+00	-2.22839e+02	
3238	1.244515e+06	-8.91899e+00	-2.23299e+02	
3239	1.251699e+06	-9.03214e+00	-2.23760e+02	
3240	1.258925e+06	-9.14556e+00	-2.24222e+02	
3241	1.266193e+06	-9.25928e+00	-2.24684e+02	
3242	1.273503e+06	-9.37328e+00	-2.25148e+02	
3243	1.280855e+06	-9.48756e+00	-2.25611e+02	
3244	1.288250e+06	-9.60213e+00	-2.26076e+02	

Index   frequency       tdb             tph             
--------------------------------------------------------------------------------
3245	1.295687e+06	-9.71699e+00	-2.26542e+02	
3246	1.303167e+06	-9.83214e+00	-2.27008e+02	
3247	1.310690e+06	-9.94757e+00	-2.27475e+02	
3248	1.318257e+06	-1.00633e+01	-2.27943e+02	
3249	1.325867e+06	-1.01793e+01	-2.28411e+02	
3250	1.333521e+06	-1.02956e+01	-2.28880e+02	
3251	1.341220e+06	-1.04122e+01	-2.29350e+02	
3252	1.348963e+06	-1.05291e+01	-2.29821e+02	
3253	1.356751e+06	-1.06462e+01	-2.30293e+02	
3254	1.364583e+06	-1.07637e+01	-2.30765e+02	
3255	1.372461e+06	-1.08815e+01	-2.31238e+02	
3256	1.380384e+06	-1.09995e+01	-2.31711e+02	
3257	1.388353e+06	-1.11178e+01	-2.32186e+02	
3258	1.396368e+06	-1.12365e+01	-2.32661e+02	
3259	1.404430e+06	-1.13554e+01	-2.33137e+02	
3260	1.412538e+06	-1.14746e+01	-2.33613e+02	
3261	1.420692e+06	-1.15941e+01	-2.34090e+02	
3262	1.428894e+06	-1.17140e+01	-2.34568e+02	
3263	1.437143e+06	-1.18341e+01	-2.35047e+02	
3264	1.445440e+06	-1.19545e+01	-2.35526e+02	
3265	1.453784e+06	-1.20752e+01	-2.36006e+02	
3266	1.462177e+06	-1.21962e+01	-2.36487e+02	
3267	1.470618e+06	-1.23175e+01	-2.36969e+02	
3268	1.479108e+06	-1.24391e+01	-2.37451e+02	
3269	1.487647e+06	-1.25610e+01	-2.37933e+02	
3270	1.496236e+06	-1.26832e+01	-2.38417e+02	
3271	1.504874e+06	-1.28057e+01	-2.38901e+02	
3272	1.513561e+06	-1.29285e+01	-2.39386e+02	
3273	1.522299e+06	-1.30516e+01	-2.39871e+02	
3274	1.531087e+06	-1.31750e+01	-2.40357e+02	
3275	1.539927e+06	-1.32987e+01	-2.40844e+02	
3276	1.548817e+06	-1.34227e+01	-2.41332e+02	
3277	1.557758e+06	-1.35470e+01	-2.41820e+02	
3278	1.566751e+06	-1.36716e+01	-2.42308e+02	
3279	1.575796e+06	-1.37965e+01	-2.42798e+02	
3280	1.584893e+06	-1.39217e+01	-2.43288e+02	
3281	1.594043e+06	-1.40472e+01	-2.43778e+02	
3282	1.603245e+06	-1.41731e+01	-2.44270e+02	
3283	1.612501e+06	-1.42992e+01	-2.44761e+02	
3284	1.621810e+06	-1.44256e+01	-2.45254e+02	
3285	1.631173e+06	-1.45524e+01	-2.45747e+02	
3286	1.640590e+06	-1.46794e+01	-2.46241e+02	
3287	1.650061e+06	-1.48068e+01	-2.46735e+02	
3288	1.659587e+06	-1.49345e+01	-2.47230e+02	
3289	1.669168e+06	-1.50624e+01	-2.47725e+02	
3290	1.678804e+06	-1.51907e+01	-2.48221e+02	
3291	1.688496e+06	-1.53193e+01	-2.48718e+02	
3292	1.698244e+06	-1.54482e+01	-2.49215e+02	
3293	1.708048e+06	-1.55774e+01	-2.49713e+02	
3294	1.717908e+06	-1.57069e+01	-2.50211e+02	
3295	1.727826e+06	-1.58368e+01	-2.50710e+02	
3296	1.737801e+06	-1.59669e+01	-2.51210e+02	
3297	1.747833e+06	-1.60974e+01	-2.51710e+02	
3298	1.757924e+06	-1.62281e+01	-2.52210e+02	
3299	1.768072e+06	-1.63592e+01	-2.52711e+02	
3300	1.778279e+06	-1.64906e+01	-2.53213e+02	
3301	1.788546e+06	-1.66223e+01	-2.53715e+02	
3302	1.798871e+06	-1.67543e+01	-2.54218e+02	

Index   frequency       tdb             tph             
--------------------------------------------------------------------------------
3303	1.809256e+06	-1.68866e+01	-2.54721e+02	
3304	1.819701e+06	-1.70192e+01	-2.55225e+02	
3305	1.830206e+06	-1.71522e+01	-2.55729e+02	
3306	1.840772e+06	-1.72854e+01	-2.56234e+02	
3307	1.851399e+06	-1.74190e+01	-2.56739e+02	
3308	1.862087e+06	-1.75529e+01	-2.57244e+02	
3309	1.872837e+06	-1.76871e+01	-2.57751e+02	
3310	1.883649e+06	-1.78216e+01	-2.58257e+02	
3311	1.894524e+06	-1.79565e+01	-2.58764e+02	
3312	1.905461e+06	-1.80916e+01	-2.59272e+02	
3313	1.916461e+06	-1.82271e+01	-2.59780e+02	
3314	1.927525e+06	-1.83628e+01	-2.60288e+02	
3315	1.938653e+06	-1.84989e+01	-2.60797e+02	
3316	1.949845e+06	-1.86353e+01	-2.61307e+02	
3317	1.961101e+06	-1.87721e+01	-2.61817e+02	
3318	1.972423e+06	-1.89091e+01	-2.62327e+02	
3319	1.983810e+06	-1.90465e+01	-2.62838e+02	
3320	1.995262e+06	-1.91841e+01	-2.63349e+02	
3321	2.006781e+06	-1.93221e+01	-2.63860e+02	
3322	2.018366e+06	-1.94604e+01	-2.64372e+02	
3323	2.030019e+06	-1.95991e+01	-2.64884e+02	
3324	2.041738e+06	-1.97380e+01	-2.65397e+02	
3325	2.053525e+06	-1.98772e+01	-2.65910e+02	
3326	2.065380e+06	-2.00168e+01	-2.66423e+02	
3327	2.077304e+06	-2.01567e+01	-2.66937e+02	
3328	2.089296e+06	-2.02969e+01	-2.67451e+02	
3329	2.101358e+06	-2.04374e+01	-2.67966e+02	
3330	2.113489e+06	-2.05783e+01	-2.68481e+02	
3331	2.125690e+06	-2.07194e+01	-2.68996e+02	
3332	2.137962e+06	-2.08609e+01	-2.69511e+02	
3333	2.150305e+06	-2.10027e+01	-2.70027e+02	
3334	2.162719e+06	-2.11448e+01	-2.70543e+02	
3335	2.175204e+06	-2.12872e+01	-2.71060e+02	
3336	2.187762e+06	-2.14300e+01	-2.71576e+02	
3337	2.200392e+06	-2.15730e+01	-2.72094e+02	
3338	2.213095e+06	-2.17164e+01	-2.72611e+02	
3339	2.225871e+06	-2.18601e+01	-2.73129e+02	
3340	2.238721e+06	-2.20041e+01	-2.73646e+02	
3341	2.251645e+06	-2.21484e+01	-2.74165e+02	
3342	2.264644e+06	-2.22931e+01	-2.74683e+02	
3343	2.277718e+06	-2.24380e+01	-2.75202e+02	
3344	2.290868e+06	-2.25833e+01	-2.75721e+02	
3345	2.304093e+06	-2.27289e+01	-2.76240e+02	
3346	2.317395e+06	-2.28748e+01	-2.76759e+02	
3347	2.330773e+06	-2.30210e+01	-2.77279e+02	
3348	2.344229e+06	-2.31675e+01	-2.77799e+02	
3349	2.357762e+06	-2.33144e+01	-2.78319e+02	
3350	2.371374e+06	-2.34615e+01	-2.78839e+02	
3351	2.385064e+06	-2.36090e+01	-2.79359e+02	
3352	2.398833e+06	-2.37568e+01	-2.79880e+02	
3353	2.412682e+06	-2.39049e+01	-2.80401e+02	
3354	2.426610e+06	-2.40533e+01	-2.80922e+02	
3355	2.440619e+06	-2.42020e+01	-2.81443e+02	
3356	2.454709e+06	-2.43511e+01	-2.81964e+02	
3357	2.468880e+06	-2.45004e+01	-2.82485e+02	
3358	2.483133e+06	-2.46501e+01	-2.83007e+02	
3359	2.497468e+06	-2.48001e+01	-2.83529e+02	
3360	2.511886e+06	-2.49504e+01	-2.84050e+02	

Index   frequency       tdb             tph             
--------------------------------------------------------------------------------
3361	2.526388e+06	-2.51010e+01	-2.84572e+02	
3362	2.540973e+06	-2.52519e+01	-2.85094e+02	
3363	2.555642e+06	-2.54031e+01	-2.85616e+02	
3364	2.570396e+06	-2.55546e+01	-2.86138e+02	
3365	2.585235e+06	-2.57065e+01	-2.86661e+02	
3366	2.600160e+06	-2.58586e+01	-2.87183e+02	
3367	2.615170e+06	-2.60111e+01	-2.87705e+02	
3368	2.630268e+06	-2.61639e+01	-2.88228e+02	
3369	2.645453e+06	-2.63169e+01	-2.88750e+02	
3370	2.660725e+06	-2.64703e+01	-2.89272e+02	
3371	2.676086e+06	-2.66240e+01	-2.89795e+02	
3372	2.691535e+06	-2.67780e+01	-2.90317e+02	
3373	2.707073e+06	-2.69323e+01	-2.90840e+02	
3374	2.722701e+06	-2.70869e+01	-2.91363e+02	
3375	2.738420e+06	-2.72418e+01	-2.91885e+02	
3376	2.754229e+06	-2.73970e+01	-2.92407e+02	
3377	2.770129e+06	-2.75525e+01	-2.92930e+02	
3378	2.786121e+06	-2.77083e+01	-2.93452e+02	
3379	2.802206e+06	-2.78644e+01	-2.93975e+02	
3380	2.818383e+06	-2.80208e+01	-2.94497e+02	
3381	2.834654e+06	-2.81775e+01	-2.95019e+02	
3382	2.851018e+06	-2.83345e+01	-2.95542e+02	
3383	2.867477e+06	-2.84918e+01	-2.96064e+02	
3384	2.884032e+06	-2.86494e+01	-2.96586e+02	
3385	2.900681e+06	-2.88073e+01	-2.97108e+02	
3386	2.917427e+06	-2.89655e+01	-2.97629e+02	
3387	2.934270e+06	-2.91239e+01	-2.98151e+02	
3388	2.951209e+06	-2.92827e+01	-2.98673e+02	
3389	2.968247e+06	-2.94418e+01	-2.99194e+02	
3390	2.985383e+06	-2.96011e+01	-2.99716e+02	
3391	3.002617e+06	-2.97608e+01	-3.00237e+02	
3392	3.019952e+06	-2.99207e+01	-3.00758e+02	
3393	3.037386e+06	-3.00809e+01	-3.01279e+02	
3394	3.054921e+06	-3.02414e+01	-3.01799e+02	
3395	3.072557e+06	-3.04022e+01	-3.02320e+02	
3396	3.090295e+06	-3.05633e+01	-3.02840e+02	
3397	3.108136e+06	-3.07247e+01	-3.03360e+02	
3398	3.126079e+06	-3.08863e+01	-3.03880e+02	
3399	3.144126e+06	-3.10483e+01	-3.04400e+02	
3400	3.162278e+06	-3.12105e+01	-3.04919e+02	
3401	3.180534e+06	-3.13730e+01	-3.05438e+02	
3402	3.198895e+06	-3.15357e+01	-3.05957e+02	
3403	3.217363e+06	-3.16988e+01	-3.06476e+02	
3404	3.235937e+06	-3.18621e+01	-3.06994e+02	
3405	3.254618e+06	-3.20257e+01	-3.07512e+02	
3406	3.273407e+06	-3.21896e+01	-3.08030e+02	
3407	3.292305e+06	-3.23537e+01	-3.08548e+02	
3408	3.311311e+06	-3.25181e+01	-3.09065e+02	
3409	3.330428e+06	-3.26828e+01	-3.09582e+02	
3410	3.349654e+06	-3.28478e+01	-3.10099e+02	
3411	3.368992e+06	-3.30130e+01	-3.10615e+02	
3412	3.388442e+06	-3.31785e+01	-3.11131e+02	
3413	3.408003e+06	-3.33442e+01	-3.11647e+02	
3414	3.427678e+06	-3.35102e+01	-3.12162e+02	
3415	3.447466e+06	-3.36765e+01	-3.12677e+02	
3416	3.467369e+06	-3.38431e+01	-3.13191e+02	
3417	3.487386e+06	-3.40098e+01	-3.13705e+02	
3418	3.507519e+06	-3.41769e+01	-3.14219e+02	

Index   frequency       tdb             tph             
--------------------------------------------------------------------------------
3419	3.527768e+06	-3.43442e+01	-3.14733e+02	
3420	3.548134e+06	-3.45118e+01	-3.15246e+02	
3421	3.568617e+06	-3.46796e+01	-3.15758e+02	
3422	3.589219e+06	-3.48476e+01	-3.16270e+02	
3423	3.609940e+06	-3.50160e+01	-3.16782e+02	
3424	3.630781e+06	-3.51845e+01	-3.17293e+02	
3425	3.651741e+06	-3.53533e+01	-3.17804e+02	
3426	3.672823e+06	-3.55224e+01	-3.18315e+02	
3427	3.694026e+06	-3.56917e+01	-3.18824e+02	
3428	3.715352e+06	-3.58612e+01	-3.19334e+02	
3429	3.736801e+06	-3.60310e+01	-3.19843e+02	
3430	3.758374e+06	-3.62010e+01	-3.20351e+02	
3431	3.780071e+06	-3.63713e+01	-3.20859e+02	
3432	3.801894e+06	-3.65418e+01	-3.21367e+02	
3433	3.823843e+06	-3.67125e+01	-3.21874e+02	
3434	3.845918e+06	-3.68834e+01	-3.22380e+02	
3435	3.868121e+06	-3.70546e+01	-3.22886e+02	
3436	3.890451e+06	-3.72260e+01	-3.23391e+02	
3437	3.912911e+06	-3.73977e+01	-3.23896e+02	
3438	3.935501e+06	-3.75695e+01	-3.24400e+02	
3439	3.958221e+06	-3.77416e+01	-3.24904e+02	
3440	3.981072e+06	-3.79139e+01	-3.25407e+02	
3441	4.004055e+06	-3.80864e+01	-3.25910e+02	
3442	4.027170e+06	-3.82592e+01	-3.26412e+02	
3443	4.050419e+06	-3.84321e+01	-3.26913e+02	
3444	4.073803e+06	-3.86053e+01	-3.27414e+02	
3445	4.097321e+06	-3.87787e+01	-3.27914e+02	
3446	4.120975e+06	-3.89522e+01	-3.28414e+02	
3447	4.144766e+06	-3.91260e+01	-3.28913e+02	
3448	4.168694e+06	-3.93000e+01	-3.29411e+02	
3449	4.192760e+06	-3.94742e+01	-3.29908e+02	
3450	4.216965e+06	-3.96486e+01	-3.30405e+02	
3451	4.241310e+06	-3.98232e+01	-3.30902e+02	
3452	4.265795e+06	-3.99980e+01	-3.31398e+02	
3453	4.290422e+06	-4.01730e+01	-3.31893e+02	
3454	4.315191e+06	-4.03482e+01	-3.32387e+02	
3455	4.340103e+06	-4.05236e+01	-3.32881e+02	
3456	4.365158e+06	-4.06991e+01	-3.33374e+02	
3457	4.390359e+06	-4.08749e+01	-3.33866e+02	
3458	4.415704e+06	-4.10508e+01	-3.34358e+02	
3459	4.441197e+06	-4.12269e+01	-3.34848e+02	
3460	4.466836e+06	-4.14032e+01	-3.35339e+02	
3461	4.492623e+06	-4.15797e+01	-3.35828e+02	
3462	4.518559e+06	-4.17563e+01	-3.36317e+02	
3463	4.544645e+06	-4.19331e+01	-3.36805e+02	
3464	4.570882e+06	-4.21101e+01	-3.37292e+02	
3465	4.597270e+06	-4.22873e+01	-3.37779e+02	
3466	4.623810e+06	-4.24646e+01	-3.38265e+02	
3467	4.650504e+06	-4.26421e+01	-3.38750e+02	
3468	4.677351e+06	-4.28197e+01	-3.39234e+02	
3469	4.704354e+06	-4.29976e+01	-3.39717e+02	
3470	4.731513e+06	-4.31755e+01	-3.40200e+02	
3471	4.758828e+06	-4.33536e+01	-3.40682e+02	
3472	4.786301e+06	-4.35319e+01	-3.41163e+02	
3473	4.813933e+06	-4.37103e+01	-3.41644e+02	
3474	4.841724e+06	-4.38889e+01	-3.42123e+02	
3475	4.869675e+06	-4.40676e+01	-3.42602e+02	
3476	4.897788e+06	-4.42465e+01	-3.43080e+02	

Index   frequency       tdb             tph             
--------------------------------------------------------------------------------
3477	4.926063e+06	-4.44255e+01	-3.43557e+02	
3478	4.954502e+06	-4.46046e+01	-3.44034e+02	
3479	4.983105e+06	-4.47839e+01	-3.44509e+02	
3480	5.011872e+06	-4.49633e+01	-3.44984e+02	
3481	5.040806e+06	-4.51429e+01	-3.45458e+02	
3482	5.069907e+06	-4.53226e+01	-3.45931e+02	
3483	5.099176e+06	-4.55024e+01	-3.46403e+02	
3484	5.128614e+06	-4.56823e+01	-3.46875e+02	
3485	5.158222e+06	-4.58623e+01	-3.47345e+02	
3486	5.188000e+06	-4.60425e+01	-3.47815e+02	
3487	5.217951e+06	-4.62228e+01	-3.48284e+02	
3488	5.248075e+06	-4.64032e+01	-3.48752e+02	
3489	5.278372e+06	-4.65837e+01	-3.49219e+02	
3490	5.308844e+06	-4.67643e+01	-3.49685e+02	
3491	5.339493e+06	-4.69451e+01	-3.50151e+02	
3492	5.370318e+06	-4.71259e+01	-3.50615e+02	
3493	5.401321e+06	-4.73068e+01	-3.51079e+02	
3494	5.432503e+06	-4.74879e+01	-3.51542e+02	
3495	5.463865e+06	-4.76690e+01	-3.52004e+02	
3496	5.495409e+06	-4.78503e+01	-3.52465e+02	
3497	5.527134e+06	-4.80316e+01	-3.52925e+02	
3498	5.559043e+06	-4.82130e+01	-3.53385e+02	
3499	5.591135e+06	-4.83945e+01	-3.53843e+02	
3500	5.623413e+06	-4.85761e+01	-3.54301e+02	
3501	5.655878e+06	-4.87578e+01	-3.54757e+02	
3502	5.688529e+06	-4.89396e+01	-3.55213e+02	
3503	5.721370e+06	-4.91214e+01	-3.55668e+02	
3504	5.754399e+06	-4.93033e+01	-3.56122e+02	
3505	5.787620e+06	-4.94853e+01	-3.56575e+02	
3506	5.821032e+06	-4.96674e+01	-3.57027e+02	
3507	5.854637e+06	-4.98495e+01	-3.57479e+02	
3508	5.888437e+06	-5.00317e+01	-3.57929e+02	
3509	5.922431e+06	-5.02140e+01	-3.58379e+02	
3510	5.956621e+06	-5.03963e+01	-3.58827e+02	
3511	5.991009e+06	-5.05787e+01	-3.59275e+02	
3512	6.025596e+06	-5.07612e+01	-3.59722e+02	
3513	6.060382e+06	-5.09437e+01	-3.60168e+02	
3514	6.095369e+06	-5.11263e+01	-3.60613e+02	
3515	6.130558e+06	-5.13089e+01	-3.61057e+02	
3516	6.165950e+06	-5.14916e+01	-3.61500e+02	
3517	6.201546e+06	-5.16743e+01	-3.61942e+02	
3518	6.237348e+06	-5.18570e+01	-3.62384e+02	
3519	6.273357e+06	-5.20398e+01	-3.62824e+02	
3520	6.309573e+06	-5.22227e+01	-3.63264e+02	
3521	6.345999e+06	-5.24056e+01	-3.63703e+02	
3522	6.382635e+06	-5.25885e+01	-3.64141e+02	
3523	6.419482e+06	-5.27714e+01	-3.64578e+02	
3524	6.456542e+06	-5.29544e+01	-3.65014e+02	
3525	6.493816e+06	-5.31374e+01	-3.65449e+02	
3526	6.531306e+06	-5.33205e+01	-3.65883e+02	
3527	6.569011e+06	-5.35035e+01	-3.66317e+02	
3528	6.606934e+06	-5.36866e+01	-3.66749e+02	
3529	6.645077e+06	-5.38698e+01	-3.67181e+02	
3530	6.683439e+06	-5.40529e+01	-3.67611e+02	
3531	6.722023e+06	-5.42360e+01	-3.68041e+02	
3532	6.760830e+06	-5.44192e+01	-3.68470e+02	
3533	6.799860e+06	-5.46024e+01	-3.68898e+02	
3534	6.839116e+06	-5.47856e+01	-3.69326e+02	

Index   frequency       tdb             tph             
--------------------------------------------------------------------------------
3535	6.878599e+06	-5.49688e+01	-3.69752e+02	
3536	6.918310e+06	-5.51520e+01	-3.70178e+02	
3537	6.958250e+06	-5.53352e+01	-3.70602e+02	
3538	6.998420e+06	-5.55185e+01	-3.71026e+02	
3539	7.038822e+06	-5.57017e+01	-3.71449e+02	
3540	7.079458e+06	-5.58849e+01	-3.71871e+02	
3541	7.120328e+06	-5.60681e+01	-3.72293e+02	
3542	7.161434e+06	-5.62514e+01	-3.72713e+02	
3543	7.202778e+06	-5.64346e+01	-3.73133e+02	
3544	7.244360e+06	-5.66178e+01	-3.73551e+02	
3545	7.286182e+06	-5.68010e+01	-3.73969e+02	
3546	7.328245e+06	-5.69842e+01	-3.74386e+02	
3547	7.370552e+06	-5.71674e+01	-3.74803e+02	
3548	7.413102e+06	-5.73506e+01	-3.75218e+02	
3549	7.455899e+06	-5.75338e+01	-3.75633e+02	
3550	7.498942e+06	-5.77169e+01	-3.76047e+02	
3551	7.542234e+06	-5.79000e+01	-3.76460e+02	
3552	7.585776e+06	-5.80832e+01	-3.76872e+02	
3553	7.629569e+06	-5.82662e+01	-3.77284e+02	
3554	7.673615e+06	-5.84493e+01	-3.77695e+02	
3555	7.717915e+06	-5.86324e+01	-3.78105e+02	
3556	7.762471e+06	-5.88154e+01	-3.78514e+02	
3557	7.807284e+06	-5.89984e+01	-3.78922e+02	
3558	7.852356e+06	-5.91814e+01	-3.79330e+02	
3559	7.897688e+06	-5.93643e+01	-3.79737e+02	
3560	7.943282e+06	-5.95473e+01	-3.80143e+02	
3561	7.989139e+06	-5.97302e+01	-3.80549e+02	
3562	8.035261e+06	-5.99130e+01	-3.80954e+02	
3563	8.081649e+06	-6.00959e+01	-3.81358e+02	
3564	8.128305e+06	-6.02787e+01	-3.81761e+02	
3565	8.175230e+06	-6.04615e+01	-3.82164e+02	
3566	8.222426e+06	-6.06442e+01	-3.82566e+02	
3567	8.269895e+06	-6.08269e+01	-3.82967e+02	
3568	8.317638e+06	-6.10096e+01	-3.83368e+02	
3569	8.365656e+06	-6.11922e+01	-3.83768e+02	
3570	8.413951e+06	-6.13748e+01	-3.84167e+02	
3571	8.462526e+06	-6.15573e+01	-3.84566e+02	
3572	8.511380e+06	-6.17399e+01	-3.84964e+02	
3573	8.560517e+06	-6.19223e+01	-3.85361e+02	
3574	8.609938e+06	-6.21048e+01	-3.85758e+02	
3575	8.659643e+06	-6.22872e+01	-3.86154e+02	
3576	8.709636e+06	-6.24695e+01	-3.86549e+02	
3577	8.759917e+06	-6.26519e+01	-3.86944e+02	
3578	8.810489e+06	-6.28341e+01	-3.87339e+02	
3579	8.861352e+06	-6.30164e+01	-3.87733e+02	
3580	8.912509e+06	-6.31986e+01	-3.88126e+02	
3581	8.963962e+06	-6.33807e+01	-3.88519e+02	
3582	9.015711e+06	-6.35628e+01	-3.88911e+02	
3583	9.067760e+06	-6.37449e+01	-3.89302e+02	
3584	9.120108e+06	-6.39269e+01	-3.89694e+02	
3585	9.172759e+06	-6.41089e+01	-3.90084e+02	
3586	9.225714e+06	-6.42908e+01	-3.90474e+02	
3587	9.278975e+06	-6.44727e+01	-3.90864e+02	
3588	9.332543e+06	-6.46546e+01	-3.91253e+02	
3589	9.386420e+06	-6.48364e+01	-3.91642e+02	
3590	9.440609e+06	-6.50182e+01	-3.92030e+02	
3591	9.495110e+06	-6.51999e+01	-3.92418e+02	
3592	9.549926e+06	-6.53816e+01	-3.92805e+02	

Index   frequency       tdb             tph             
--------------------------------------------------------------------------------
3593	9.605058e+06	-6.55632e+01	-3.93192e+02	
3594	9.660509e+06	-6.57448e+01	-3.93579e+02	
3595	9.716280e+06	-6.59264e+01	-3.93965e+02	
3596	9.772372e+06	-6.61079e+01	-3.94351e+02	
3597	9.828789e+06	-6.62894e+01	-3.94736e+02	
3598	9.885531e+06	-6.64709e+01	-3.95121e+02	
3599	9.942601e+06	-6.66523e+01	-3.95506e+02	
3600	1.000000e+07	-6.68336e+01	-3.95891e+02	
3601	1.005773e+07	-6.70150e+01	-3.96275e+02	
3602	1.011579e+07	-6.71962e+01	-3.96659e+02	
3603	1.017419e+07	-6.73775e+01	-3.97042e+02	
3604	1.023293e+07	-6.75587e+01	-3.97426e+02	
3605	1.029201e+07	-6.77399e+01	-3.97809e+02	
3606	1.035142e+07	-6.79211e+01	-3.98192e+02	
3607	1.041118e+07	-6.81022e+01	-3.98574e+02	
3608	1.047129e+07	-6.82833e+01	-3.98957e+02	
3609	1.053174e+07	-6.84644e+01	-3.99339e+02	
3610	1.059254e+07	-6.86454e+01	-3.99721e+02	
3611	1.065369e+07	-6.88264e+01	-4.00103e+02	
3612	1.071519e+07	-6.90074e+01	-4.00485e+02	
3613	1.077705e+07	-6.91884e+01	-4.00866e+02	
3614	1.083927e+07	-6.93693e+01	-4.01248e+02	
3615	1.090184e+07	-6.95502e+01	-4.01629e+02	
3616	1.096478e+07	-6.97311e+01	-4.02011e+02	
3617	1.102808e+07	-6.99120e+01	-4.02392e+02	
3618	1.109175e+07	-7.00929e+01	-4.02773e+02	
3619	1.115578e+07	-7.02737e+01	-4.03155e+02	
3620	1.122018e+07	-7.04545e+01	-4.03536e+02	
3621	1.128496e+07	-7.06354e+01	-4.03917e+02	
3622	1.135011e+07	-7.08162e+01	-4.04299e+02	
3623	1.141563e+07	-7.09970e+01	-4.04680e+02	
3624	1.148154e+07	-7.11778e+01	-4.05061e+02	
3625	1.154782e+07	-7.13586e+01	-4.05443e+02	
3626	1.161449e+07	-7.15394e+01	-4.05825e+02	
3627	1.168154e+07	-7.17201e+01	-4.06207e+02	
3628	1.174898e+07	-7.19009e+01	-4.06589e+02	
3629	1.181680e+07	-7.20817e+01	-4.06971e+02	
3630	1.188502e+07	-7.22625e+01	-4.07353e+02	
3631	1.195364e+07	-7.24434e+01	-4.07736e+02	
3632	1.202264e+07	-7.26242e+01	-4.08118e+02	
3633	1.209205e+07	-7.28050e+01	-4.08501e+02	
3634	1.216186e+07	-7.29859e+01	-4.08885e+02	
3635	1.223207e+07	-7.31668e+01	-4.09268e+02	
3636	1.230269e+07	-7.33477e+01	-4.09652e+02	
3637	1.237371e+07	-7.35286e+01	-4.10037e+02	
3638	1.244515e+07	-7.37095e+01	-4.10421e+02	
3639	1.251699e+07	-7.38905e+01	-4.10806e+02	
3640	1.258925e+07	-7.40715e+01	-4.11192e+02	
3641	1.266193e+07	-7.42526e+01	-4.11578e+02	
3642	1.273503e+07	-7.44336e+01	-4.11964e+02	
3643	1.280855e+07	-7.46148e+01	-4.12351e+02	
3644	1.288250e+07	-7.47959e+01	-4.12739e+02	
3645	1.295687e+07	-7.49771e+01	-4.13127e+02	
3646	1.303167e+07	-7.51584e+01	-4.13515e+02	
3647	1.310690e+07	-7.53397e+01	-4.13904e+02	
3648	1.318257e+07	-7.55211e+01	-4.14294e+02	
3649	1.325867e+07	-7.57025e+01	-4.14685e+02	
3650	1.333521e+07	-7.58840e+01	-4.15076e+02	

Index   frequency       tdb             tph             
--------------------------------------------------------------------------------
3651	1.341220e+07	-7.60656e+01	-4.15468e+02	
3652	1.348963e+07	-7.62472e+01	-4.15860e+02	
3653	1.356751e+07	-7.64289e+01	-4.16254e+02	
3654	1.364583e+07	-7.66107e+01	-4.16648e+02	
3655	1.372461e+07	-7.67926e+01	-4.17043e+02	
3656	1.380384e+07	-7.69745e+01	-4.17439e+02	
3657	1.388353e+07	-7.71566e+01	-4.17836e+02	
3658	1.396368e+07	-7.73387e+01	-4.18234e+02	
3659	1.404430e+07	-7.75209e+01	-4.18633e+02	
3660	1.412538e+07	-7.77032e+01	-4.19032e+02	
3661	1.420692e+07	-7.78857e+01	-4.19433e+02	
3662	1.428894e+07	-7.80682e+01	-4.19835e+02	
3663	1.437143e+07	-7.82508e+01	-4.20238e+02	
3664	1.445440e+07	-7.84336e+01	-4.20643e+02	
3665	1.453784e+07	-7.86165e+01	-4.21048e+02	
3666	1.462177e+07	-7.87995e+01	-4.21455e+02	
3667	1.470618e+07	-7.89826e+01	-4.21863e+02	
3668	1.479108e+07	-7.91659e+01	-4.22272e+02	
3669	1.487647e+07	-7.93493e+01	-4.22683e+02	
3670	1.496236e+07	-7.95328e+01	-4.23095e+02	
3671	1.504874e+07	-7.97165e+01	-4.23509e+02	
3672	1.513561e+07	-7.99003e+01	-4.23924e+02	
3673	1.522299e+07	-8.00843e+01	-4.24340e+02	
3674	1.531087e+07	-8.02684e+01	-4.24759e+02	
3675	1.539927e+07	-8.04527e+01	-4.25179e+02	
3676	1.548817e+07	-8.06372e+01	-4.25600e+02	
3677	1.557758e+07	-8.08218e+01	-4.26023e+02	
3678	1.566751e+07	-8.10066e+01	-4.26449e+02	
3679	1.575796e+07	-8.11916e+01	-4.26876e+02	
3680	1.584893e+07	-8.13767e+01	-4.27305e+02	
3681	1.594043e+07	-8.15621e+01	-4.27735e+02	
3682	1.603245e+07	-8.17477e+01	-4.28168e+02	
3683	1.612501e+07	-8.19334e+01	-4.28603e+02	
3684	1.621810e+07	-8.21194e+01	-4.29040e+02	
3685	1.631173e+07	-8.23055e+01	-4.29480e+02	
3686	1.640590e+07	-8.24919e+01	-4.29921e+02	
3687	1.650061e+07	-8.26785e+01	-4.30365e+02	
3688	1.659587e+07	-8.28653e+01	-4.30812e+02	
3689	1.669168e+07	-8.30523e+01	-4.31261e+02	
3690	1.678804e+07	-8.32396e+01	-4.31712e+02	
3691	1.688496e+07	-8.34271e+01	-4.32166e+02	
3692	1.698244e+07	-8.36148e+01	-4.32623e+02	
3693	1.708048e+07	-8.38028e+01	-4.33082e+02	
3694	1.717908e+07	-8.39911e+01	-4.33545e+02	
3695	1.727826e+07	-8.41796e+01	-4.34010e+02	
3696	1.737801e+07	-8.43683e+01	-4.34478e+02	
3697	1.747833e+07	-8.45573e+01	-4.34950e+02	
3698	1.757924e+07	-8.47466e+01	-4.35424e+02	
3699	1.768072e+07	-8.49362e+01	-4.35902e+02	
3700	1.778279e+07	-8.51260e+01	-4.36384e+02	
3701	1.788546e+07	-8.53161e+01	-4.36868e+02	
3702	1.798871e+07	-8.55065e+01	-4.37357e+02	
3703	1.809256e+07	-8.56972e+01	-4.37848e+02	
3704	1.819701e+07	-8.58881e+01	-4.38344e+02	
3705	1.830206e+07	-8.60794e+01	-4.38844e+02	
3706	1.840772e+07	-8.62710e+01	-4.39347e+02	
3707	1.851399e+07	-8.64629e+01	-4.39855e+02	
3708	1.862087e+07	-8.66550e+01	-4.40367e+02	

Index   frequency       tdb             tph             
--------------------------------------------------------------------------------
3709	1.872837e+07	-8.68475e+01	-4.40883e+02	
3710	1.883649e+07	-8.70403e+01	-4.41404e+02	
3711	1.894524e+07	-8.72335e+01	-4.41929e+02	
3712	1.905461e+07	-8.74269e+01	-4.42459e+02	
3713	1.916461e+07	-8.76207e+01	-4.42994e+02	
3714	1.927525e+07	-8.78148e+01	-4.43534e+02	
3715	1.938653e+07	-8.80092e+01	-4.44078e+02	
3716	1.949845e+07	-8.82039e+01	-4.44629e+02	
3717	1.961101e+07	-8.83990e+01	-4.45184e+02	
3718	1.972423e+07	-8.85943e+01	-4.45745e+02	
3719	1.983810e+07	-8.87901e+01	-4.46312e+02	
3720	1.995262e+07	-8.89861e+01	-4.46885e+02	
3721	2.006781e+07	-8.91825e+01	-4.47464e+02	
3722	2.018366e+07	-8.93792e+01	-4.48049e+02	
3723	2.030019e+07	-8.95762e+01	-4.48640e+02	
3724	2.041738e+07	-8.97736e+01	-4.49238e+02	
3725	2.053525e+07	-8.99712e+01	-4.49843e+02	
3726	2.065380e+07	-9.01692e+01	-4.50454e+02	
3727	2.077304e+07	-9.03675e+01	-4.51073e+02	
3728	2.089296e+07	-9.05662e+01	-4.51699e+02	
3729	2.101358e+07	-9.07651e+01	-4.52333e+02	
3730	2.113489e+07	-9.09643e+01	-4.52974e+02	
3731	2.125690e+07	-9.11638e+01	-4.53624e+02	
3732	2.137962e+07	-9.13636e+01	-4.54281e+02	
3733	2.150305e+07	-9.15636e+01	-4.54947e+02	
3734	2.162719e+07	-9.17639e+01	-4.55622e+02	
3735	2.175204e+07	-9.19645e+01	-4.56306e+02	
3736	2.187762e+07	-9.21653e+01	-4.56998e+02	
3737	2.200392e+07	-9.23663e+01	-4.57700e+02	
3738	2.213095e+07	-9.25676e+01	-4.58412e+02	
3739	2.225871e+07	-9.27690e+01	-4.59134e+02	
3740	2.238721e+07	-9.29706e+01	-4.59866e+02	
3741	2.251645e+07	-9.31723e+01	-4.60608e+02	
3742	2.264644e+07	-9.33742e+01	-4.61361e+02	
3743	2.277718e+07	-9.35762e+01	-4.62125e+02	
3744	2.290868e+07	-9.37782e+01	-4.62900e+02	
3745	2.304093e+07	-9.39803e+01	-4.63687e+02	
3746	2.317395e+07	-9.41824e+01	-4.64485e+02	
3747	2.330773e+07	-9.43845e+01	-4.65296e+02	
3748	2.344229e+07	-9.45866e+01	-4.66119e+02	
3749	2.357762e+07	-9.47886e+01	-4.66955e+02	
3750	2.371374e+07	-9.49904e+01	-4.67804e+02	
3751	2.385064e+07	-9.51921e+01	-4.68667e+02	
3752	2.398833e+07	-9.53935e+01	-4.69543e+02	
3753	2.412682e+07	-9.55947e+01	-4.70433e+02	
3754	2.426610e+07	-9.57955e+01	-4.71337e+02	
3755	2.440619e+07	-9.59960e+01	-4.72256e+02	
3756	2.454709e+07	-9.61961e+01	-4.73189e+02	
3757	2.468880e+07	-9.63956e+01	-4.74138e+02	
3758	2.483133e+07	-9.65946e+01	-4.75102e+02	
3759	2.497468e+07	-9.67929e+01	-4.76082e+02	
3760	2.511886e+07	-9.69905e+01	-4.77077e+02	
3761	2.526388e+07	-9.71874e+01	-4.78089e+02	
3762	2.540973e+07	-9.73833e+01	-4.79117e+02	
3763	2.555642e+07	-9.75783e+01	-4.80162e+02	
3764	2.570396e+07	-9.77722e+01	-4.81224e+02	
3765	2.585235e+07	-9.79650e+01	-4.82303e+02	
3766	2.600160e+07	-9.81565e+01	-4.83398e+02	

Index   frequency       tdb             tph             
--------------------------------------------------------------------------------
3767	2.615170e+07	-9.83467e+01	-4.84511e+02	
3768	2.630268e+07	-9.85354e+01	-4.85642e+02	
3769	2.645453e+07	-9.87226e+01	-4.86789e+02	
3770	2.660725e+07	-9.89080e+01	-4.87955e+02	
3771	2.676086e+07	-9.90917e+01	-4.89137e+02	
3772	2.691535e+07	-9.92734e+01	-4.90337e+02	
3773	2.707073e+07	-9.94530e+01	-4.91555e+02	
3774	2.722701e+07	-9.96305e+01	-4.92789e+02	
3775	2.738420e+07	-9.98057e+01	-4.94041e+02	
3776	2.754229e+07	-9.99784e+01	-4.95309e+02	
3777	2.770129e+07	-1.00149e+02	-4.96593e+02	
3778	2.786121e+07	-1.00316e+02	-4.97894e+02	
3779	2.802206e+07	-1.00481e+02	-4.99211e+02	
3780	2.818383e+07	-1.00642e+02	-5.00542e+02	
3781	2.834654e+07	-1.00801e+02	-5.01888e+02	
3782	2.851018e+07	-1.00956e+02	-5.03249e+02	
3783	2.867477e+07	-1.01108e+02	-5.04622e+02	
3784	2.884032e+07	-1.01257e+02	-5.06009e+02	
3785	2.900681e+07	-1.01402e+02	-5.07407e+02	
3786	2.917427e+07	-1.01543e+02	-5.08817e+02	
3787	2.934270e+07	-1.01681e+02	-5.10237e+02	
3788	2.951209e+07	-1.01814e+02	-5.11666e+02	
3789	2.968247e+07	-1.01944e+02	-5.13104e+02	
3790	2.985383e+07	-1.02070e+02	-5.14548e+02	
3791	3.002617e+07	-1.02191e+02	-5.15999e+02	
3792	3.019952e+07	-1.02308e+02	-5.17456e+02	
3793	3.037386e+07	-1.02422e+02	-5.18916e+02	
3794	3.054921e+07	-1.02530e+02	-5.20379e+02	
3795	3.072557e+07	-1.02635e+02	-5.21843e+02	
3796	3.090295e+07	-1.02735e+02	-5.23308e+02	
3797	3.108136e+07	-1.02831e+02	-5.24773e+02	
3798	3.126079e+07	-1.02923e+02	-5.26235e+02	
3799	3.144126e+07	-1.03010e+02	-5.27694e+02	
3800	3.162278e+07	-1.03094e+02	-5.29149e+02	
3801	3.180534e+07	-1.03173e+02	-5.30599e+02	
3802	3.198895e+07	-1.03248e+02	-5.32042e+02	
3803	3.217363e+07	-1.03318e+02	-5.33477e+02	
3804	3.235937e+07	-1.03385e+02	-5.34904e+02	
3805	3.254618e+07	-1.03448e+02	-5.36321e+02	
3806	3.273407e+07	-1.03507e+02	-5.37728e+02	
3807	3.292305e+07	-1.03563e+02	-5.39123e+02	
3808	3.311311e+07	-1.03615e+02	-5.40505e+02	
3809	3.330428e+07	-1.03663e+02	-5.41875e+02	
3810	3.349654e+07	-1.03708e+02	-5.43230e+02	
3811	3.368992e+07	-1.03750e+02	-5.44571e+02	
3812	3.388442e+07	-1.03789e+02	-5.45898e+02	
3813	3.408003e+07	-1.03824e+02	-5.47208e+02	
3814	3.427678e+07	-1.03857e+02	-5.48502e+02	
3815	3.447466e+07	-1.03887e+02	-5.49780e+02	
3816	3.467369e+07	-1.03915e+02	-5.51041e+02	
3817	3.487386e+07	-1.03940e+02	-5.52284e+02	
3818	3.507519e+07	-1.03963e+02	-5.53510e+02	
3819	3.527768e+07	-1.03983e+02	-5.54719e+02	
3820	3.548134e+07	-1.04002e+02	-5.55909e+02	
3821	3.568617e+07	-1.04018e+02	-5.57082e+02	
3822	3.589219e+07	-1.04033e+02	-5.58237e+02	
3823	3.609940e+07	-1.04046e+02	-5.59373e+02	
3824	3.630781e+07	-1.04058e+02	-5.60492e+02	

Index   frequency       tdb             tph             
--------------------------------------------------------------------------------
3825	3.651741e+07	-1.04068e+02	-5.61593e+02	
3826	3.672823e+07	-1.04076e+02	-5.62676e+02	
3827	3.694026e+07	-1.04084e+02	-5.63741e+02	
3828	3.715352e+07	-1.04090e+02	-5.64788e+02	
3829	3.736801e+07	-1.04095e+02	-5.65818e+02	
3830	3.758374e+07	-1.04099e+02	-5.66831e+02	
3831	3.780071e+07	-1.04102e+02	-5.67827e+02	
3832	3.801894e+07	-1.04105e+02	-5.68807e+02	
3833	3.823843e+07	-1.04107e+02	-5.69769e+02	
3834	3.845918e+07	-1.04108e+02	-5.70716e+02	
3835	3.868121e+07	-1.04109e+02	-5.71646e+02	
3836	3.890451e+07	-1.04109e+02	-5.72560e+02	
3837	3.912911e+07	-1.04108e+02	-5.73460e+02	
3838	3.935501e+07	-1.04108e+02	-5.74344e+02	
3839	3.958221e+07	-1.04107e+02	-5.75213e+02	
3840	3.981072e+07	-1.04106e+02	-5.76067e+02	
3841	4.004055e+07	-1.04104e+02	-5.76907e+02	
3842	4.027170e+07	-1.04103e+02	-5.77734e+02	
3843	4.050419e+07	-1.04101e+02	-5.78546e+02	
3844	4.073803e+07	-1.04099e+02	-5.79345e+02	
3845	4.097321e+07	-1.04098e+02	-5.80132e+02	
3846	4.120975e+07	-1.04096e+02	-5.80905e+02	
3847	4.144766e+07	-1.04094e+02	-5.81666e+02	
3848	4.168694e+07	-1.04092e+02	-5.82415e+02	
3849	4.192760e+07	-1.04091e+02	-5.83152e+02	
3850	4.216965e+07	-1.04090e+02	-5.83877e+02	
3851	4.241310e+07	-1.04088e+02	-5.84591e+02	
3852	4.265795e+07	-1.04087e+02	-5.85294e+02	
3853	4.290422e+07	-1.04086e+02	-5.85986e+02	
3854	4.315191e+07	-1.04086e+02	-5.86667e+02	
3855	4.340103e+07	-1.04085e+02	-5.87339e+02	
3856	4.365158e+07	-1.04085e+02	-5.88000e+02	
3857	4.390359e+07	-1.04085e+02	-5.88652e+02	
3858	4.415704e+07	-1.04086e+02	-5.89294e+02	
3859	4.441197e+07	-1.04087e+02	-5.89926e+02	
3860	4.466836e+07	-1.04088e+02	-5.90550e+02	
3861	4.492623e+07	-1.04089e+02	-5.91165e+02	
3862	4.518559e+07	-1.04091e+02	-5.91772e+02	
3863	4.544645e+07	-1.04093e+02	-5.92370e+02	
3864	4.570882e+07	-1.04095e+02	-5.92960e+02	
3865	4.597270e+07	-1.04098e+02	-5.93542e+02	
3866	4.623810e+07	-1.04101e+02	-5.94116e+02	
3867	4.650504e+07	-1.04105e+02	-5.94683e+02	
3868	4.677351e+07	-1.04108e+02	-5.95242e+02	
3869	4.704354e+07	-1.04113e+02	-5.95794e+02	
3870	4.731513e+07	-1.04117e+02	-5.96340e+02	
3871	4.758828e+07	-1.04122e+02	-5.96878e+02	
3872	4.786301e+07	-1.04127e+02	-5.97410e+02	
3873	4.813933e+07	-1.04133e+02	-5.97935e+02	
3874	4.841724e+07	-1.04139e+02	-5.98455e+02	
3875	4.869675e+07	-1.04146e+02	-5.98967e+02	
3876	4.897788e+07	-1.04153e+02	-5.99474e+02	
3877	4.926063e+07	-1.04160e+02	-5.99976e+02	
3878	4.954502e+07	-1.04167e+02	-6.00471e+02	
3879	4.983105e+07	-1.04175e+02	-6.00961e+02	
3880	5.011872e+07	-1.04184e+02	-6.01445e+02	
3881	5.040806e+07	-1.04192e+02	-6.01925e+02	
3882	5.069907e+07	-1.04202e+02	-6.02399e+02	

Index   frequency       tdb             tph             
--------------------------------------------------------------------------------
3883	5.099176e+07	-1.04211e+02	-6.02868e+02	
3884	5.128614e+07	-1.04221e+02	-6.03332e+02	
3885	5.158222e+07	-1.04231e+02	-6.03791e+02	
3886	5.188000e+07	-1.04242e+02	-6.04246e+02	
3887	5.217951e+07	-1.04253e+02	-6.04696e+02	
3888	5.248075e+07	-1.04264e+02	-6.05142e+02	
3889	5.278372e+07	-1.04276e+02	-6.05583e+02	
3890	5.308844e+07	-1.04288e+02	-6.06020e+02	
3891	5.339493e+07	-1.04300e+02	-6.06453e+02	
3892	5.370318e+07	-1.04313e+02	-6.06882e+02	
3893	5.401321e+07	-1.04326e+02	-6.07307e+02	
3894	5.432503e+07	-1.04339e+02	-6.07728e+02	
3895	5.463865e+07	-1.04353e+02	-6.08146e+02	
3896	5.495409e+07	-1.04367e+02	-6.08559e+02	
3897	5.527134e+07	-1.04381e+02	-6.08970e+02	
3898	5.559043e+07	-1.04396e+02	-6.09376e+02	
3899	5.591135e+07	-1.04411e+02	-6.09780e+02	
3900	5.623413e+07	-1.04426e+02	-6.10180e+02	
3901	5.655878e+07	-1.04442e+02	-6.10576e+02	
3902	5.688529e+07	-1.04458e+02	-6.10970e+02	
3903	5.721370e+07	-1.04474e+02	-6.11360e+02	
3904	5.754399e+07	-1.04491e+02	-6.11748e+02	
3905	5.787620e+07	-1.04508e+02	-6.12132e+02	
3906	5.821032e+07	-1.04525e+02	-6.12513e+02	
3907	5.854637e+07	-1.04542e+02	-6.12892e+02	
3908	5.888437e+07	-1.04560e+02	-6.13268e+02	
3909	5.922431e+07	-1.04578e+02	-6.13641e+02	
3910	5.956621e+07	-1.04596e+02	-6.14011e+02	
3911	5.991009e+07	-1.04615e+02	-6.14379e+02	
3912	6.025596e+07	-1.04633e+02	-6.14745e+02	
3913	6.060382e+07	-1.04652e+02	-6.15108e+02	
3914	6.095369e+07	-1.04672e+02	-6.15468e+02	
3915	6.130558e+07	-1.04691e+02	-6.15826e+02	
3916	6.165950e+07	-1.04711e+02	-6.16182e+02	
3917	6.201546e+07	-1.04731e+02	-6.16535e+02	
3918	6.237348e+07	-1.04751e+02	-6.16887e+02	
3919	6.273357e+07	-1.04772e+02	-6.17236e+02	
3920	6.309573e+07	-1.04793e+02	-6.17583e+02	
3921	6.345999e+07	-1.04814e+02	-6.17927e+02	
3922	6.382635e+07	-1.04835e+02	-6.18270e+02	
3923	6.419482e+07	-1.04856e+02	-6.18611e+02	
3924	6.456542e+07	-1.04878e+02	-6.18950e+02	
3925	6.493816e+07	-1.04900e+02	-6.19287e+02	
3926	6.531306e+07	-1.04922e+02	-6.19622e+02	
3927	6.569011e+07	-1.04944e+02	-6.19955e+02	
3928	6.606934e+07	-1.04967e+02	-6.20287e+02	
3929	6.645077e+07	-1.04989e+02	-6.20616e+02	
3930	6.683439e+07	-1.05012e+02	-6.20944e+02	
3931	6.722023e+07	-1.05035e+02	-6.21270e+02	
3932	6.760830e+07	-1.05058e+02	-6.21595e+02	
3933	6.799860e+07	-1.05082e+02	-6.21918e+02	
3934	6.839116e+07	-1.05105e+02	-6.22240e+02	
3935	6.878599e+07	-1.05129e+02	-6.22559e+02	
3936	6.918310e+07	-1.05153e+02	-6.22878e+02	
3937	6.958250e+07	-1.05177e+02	-6.23195e+02	
3938	6.998420e+07	-1.05201e+02	-6.23510e+02	
3939	7.038822e+07	-1.05226e+02	-6.23824e+02	
3940	7.079458e+07	-1.05250e+02	-6.24137e+02	

Index   frequency       tdb             tph             
--------------------------------------------------------------------------------
3941	7.120328e+07	-1.05275e+02	-6.24448e+02	
3942	7.161434e+07	-1.05300e+02	-6.24758e+02	
3943	7.202778e+07	-1.05325e+02	-6.25066e+02	
3944	7.244360e+07	-1.05350e+02	-6.25373e+02	
3945	7.286182e+07	-1.05375e+02	-6.25679e+02	
3946	7.328245e+07	-1.05401e+02	-6.25984e+02	
3947	7.370552e+07	-1.05426e+02	-6.26288e+02	
3948	7.413102e+07	-1.05452e+02	-6.26590e+02	
3949	7.455899e+07	-1.05478e+02	-6.26891e+02	
3950	7.498942e+07	-1.05504e+02	-6.27191e+02	
3951	7.542234e+07	-1.05530e+02	-6.27490e+02	
3952	7.585776e+07	-1.05556e+02	-6.27788e+02	
3953	7.629569e+07	-1.05583e+02	-6.28084e+02	
3954	7.673615e+07	-1.05609e+02	-6.28380e+02	
3955	7.717915e+07	-1.05635e+02	-6.28675e+02	
3956	7.762471e+07	-1.05662e+02	-6.28968e+02	
3957	7.807284e+07	-1.05689e+02	-6.29261e+02	
3958	7.852356e+07	-1.05716e+02	-6.29552e+02	
3959	7.897688e+07	-1.05743e+02	-6.29843e+02	
3960	7.943282e+07	-1.05770e+02	-6.30133e+02	
3961	7.989139e+07	-1.05797e+02	-6.30422e+02	
3962	8.035261e+07	-1.05824e+02	-6.30709e+02	
3963	8.081649e+07	-1.05851e+02	-6.30996e+02	
3964	8.128305e+07	-1.05879e+02	-6.31282e+02	
3965	8.175230e+07	-1.05906e+02	-6.31568e+02	
3966	8.222426e+07	-1.05934e+02	-6.31852e+02	
3967	8.269895e+07	-1.05961e+02	-6.32136e+02	
3968	8.317638e+07	-1.05989e+02	-6.32418e+02	
3969	8.365656e+07	-1.06017e+02	-6.32700e+02	
3970	8.413951e+07	-1.06044e+02	-6.32981e+02	
3971	8.462526e+07	-1.06072e+02	-6.33262e+02	
3972	8.511380e+07	-1.06100e+02	-6.33541e+02	
3973	8.560517e+07	-1.06128e+02	-6.33820e+02	
3974	8.609938e+07	-1.06156e+02	-6.34098e+02	
3975	8.659643e+07	-1.06184e+02	-6.34376e+02	
3976	8.709636e+07	-1.06213e+02	-6.34653e+02	
3977	8.759917e+07	-1.06241e+02	-6.34929e+02	
3978	8.810489e+07	-1.06269e+02	-6.35204e+02	
3979	8.861352e+07	-1.06297e+02	-6.35479e+02	
3980	8.912509e+07	-1.06326e+02	-6.35753e+02	
3981	8.963962e+07	-1.06354e+02	-6.36026e+02	
3982	9.015711e+07	-1.06382e+02	-6.36299e+02	
3983	9.067760e+07	-1.06411e+02	-6.36571e+02	
3984	9.120108e+07	-1.06439e+02	-6.36843e+02	
3985	9.172759e+07	-1.06468e+02	-6.37114e+02	
3986	9.225714e+07	-1.06496e+02	-6.37384e+02	
3987	9.278975e+07	-1.06525e+02	-6.37654e+02	
3988	9.332543e+07	-1.06554e+02	-6.37923e+02	
3989	9.386420e+07	-1.06582e+02	-6.38191e+02	
3990	9.440609e+07	-1.06611e+02	-6.38460e+02	
3991	9.495110e+07	-1.06639e+02	-6.38727e+02	
3992	9.549926e+07	-1.06668e+02	-6.38994e+02	
3993	9.605058e+07	-1.06697e+02	-6.39260e+02	
3994	9.660509e+07	-1.06725e+02	-6.39526e+02	
3995	9.716280e+07	-1.06754e+02	-6.39792e+02	
3996	9.772372e+07	-1.06783e+02	-6.40057e+02	
3997	9.828789e+07	-1.06811e+02	-6.40321e+02	
3998	9.885531e+07	-1.06840e+02	-6.40585e+02	

Index   frequency       tdb             tph             
--------------------------------------------------------------------------------
3999	9.942601e+07	-1.06869e+02	-6.40849e+02	
4000	1.000000e+08	-1.06898e+02	-6.41111e+02	
4001	1.005773e+08	-1.06926e+02	-6.41374e+02	
4002	1.011579e+08	-1.06955e+02	-6.41636e+02	
4003	1.017419e+08	-1.06984e+02	-6.41898e+02	
4004	1.023293e+08	-1.07012e+02	-6.42159e+02	
4005	1.029201e+08	-1.07041e+02	-6.42419e+02	
4006	1.035142e+08	-1.07070e+02	-6.42680e+02	
4007	1.041118e+08	-1.07098e+02	-6.42939e+02	
4008	1.047129e+08	-1.07127e+02	-6.43199e+02	
4009	1.053174e+08	-1.07156e+02	-6.43458e+02	
4010	1.059254e+08	-1.07184e+02	-6.43716e+02	
4011	1.065369e+08	-1.07213e+02	-6.43974e+02	
4012	1.071519e+08	-1.07241e+02	-6.44232e+02	
4013	1.077705e+08	-1.07270e+02	-6.44489e+02	
4014	1.083927e+08	-1.07298e+02	-6.44746e+02	
4015	1.090184e+08	-1.07327e+02	-6.45003e+02	
4016	1.096478e+08	-1.07355e+02	-6.45259e+02	
4017	1.102808e+08	-1.07383e+02	-6.45515e+02	
4018	1.109175e+08	-1.07412e+02	-6.45770e+02	
4019	1.115578e+08	-1.07440e+02	-6.46025e+02	
4020	1.122018e+08	-1.07468e+02	-6.46280e+02	
4021	1.128496e+08	-1.07497e+02	-6.46534e+02	
4022	1.135011e+08	-1.07525e+02	-6.46788e+02	
4023	1.141563e+08	-1.07553e+02	-6.47041e+02	
4024	1.148154e+08	-1.07581e+02	-6.47294e+02	
4025	1.154782e+08	-1.07609e+02	-6.47547e+02	
4026	1.161449e+08	-1.07637e+02	-6.47800e+02	
4027	1.168154e+08	-1.07665e+02	-6.48052e+02	
4028	1.174898e+08	-1.07693e+02	-6.48303e+02	
4029	1.181680e+08	-1.07721e+02	-6.48555e+02	
4030	1.188502e+08	-1.07749e+02	-6.48806e+02	
4031	1.195364e+08	-1.07777e+02	-6.49056e+02	
4032	1.202264e+08	-1.07804e+02	-6.49307e+02	
4033	1.209205e+08	-1.07832e+02	-6.49557e+02	
4034	1.216186e+08	-1.07860e+02	-6.49806e+02	
4035	1.223207e+08	-1.07887e+02	-6.50056e+02	
4036	1.230269e+08	-1.07915e+02	-6.50305e+02	
4037	1.237371e+08	-1.07942e+02	-6.50553e+02	
4038	1.244515e+08	-1.07970e+02	-6.50802e+02	
4039	1.251699e+08	-1.07997e+02	-6.51050e+02	
4040	1.258925e+08	-1.08024e+02	-6.51297e+02	
4041	1.266193e+08	-1.08051e+02	-6.51545e+02	
4042	1.273503e+08	-1.08078e+02	-6.51792e+02	
4043	1.280855e+08	-1.08105e+02	-6.52038e+02	
4044	1.288250e+08	-1.08132e+02	-6.52285e+02	
4045	1.295687e+08	-1.08159e+02	-6.52531e+02	
4046	1.303167e+08	-1.08186e+02	-6.52776e+02	
4047	1.310690e+08	-1.08213e+02	-6.53022e+02	
4048	1.318257e+08	-1.08240e+02	-6.53267e+02	
4049	1.325867e+08	-1.08266e+02	-6.53511e+02	
4050	1.333521e+08	-1.08293e+02	-6.53756e+02	
4051	1.341220e+08	-1.08319e+02	-6.54000e+02	
4052	1.348963e+08	-1.08345e+02	-6.54244e+02	
4053	1.356751e+08	-1.08372e+02	-6.54487e+02	
4054	1.364583e+08	-1.08398e+02	-6.54730e+02	
4055	1.372461e+08	-1.08424e+02	-6.54973e+02	
4056	1.380384e+08	-1.08450e+02	-6.55215e+02	

Index   frequency       tdb             tph             
--------------------------------------------------------------------------------
4057	1.388353e+08	-1.08476e+02	-6.55457e+02	
4058	1.396368e+08	-1.08502e+02	-6.55699e+02	
4059	1.404430e+08	-1.08528e+02	-6.55941e+02	
4060	1.412538e+08	-1.08553e+02	-6.56182e+02	
4061	1.420692e+08	-1.08579e+02	-6.56423e+02	
4062	1.428894e+08	-1.08605e+02	-6.56663e+02	
4063	1.437143e+08	-1.08630e+02	-6.56903e+02	
4064	1.445440e+08	-1.08655e+02	-6.57143e+02	
4065	1.453784e+08	-1.08681e+02	-6.57382e+02	
4066	1.462177e+08	-1.08706e+02	-6.57622e+02	
4067	1.470618e+08	-1.08731e+02	-6.57860e+02	
4068	1.479108e+08	-1.08756e+02	-6.58099e+02	
4069	1.487647e+08	-1.08781e+02	-6.58337e+02	
4070	1.496236e+08	-1.08805e+02	-6.58575e+02	
4071	1.504874e+08	-1.08830e+02	-6.58812e+02	
4072	1.513561e+08	-1.08855e+02	-6.59049e+02	
4073	1.522299e+08	-1.08879e+02	-6.59286e+02	
4074	1.531087e+08	-1.08904e+02	-6.59522e+02	
4075	1.539927e+08	-1.08928e+02	-6.59758e+02	
4076	1.548817e+08	-1.08952e+02	-6.59994e+02	
4077	1.557758e+08	-1.08976e+02	-6.60229e+02	
4078	1.566751e+08	-1.09000e+02	-6.60464e+02	
4079	1.575796e+08	-1.09024e+02	-6.60699e+02	
4080	1.584893e+08	-1.09048e+02	-6.60933e+02	
4081	1.594043e+08	-1.09071e+02	-6.61167e+02	
4082	1.603245e+08	-1.09095e+02	-6.61401e+02	
4083	1.612501e+08	-1.09119e+02	-6.61634e+02	
4084	1.621810e+08	-1.09142e+02	-6.61867e+02	
4085	1.631173e+08	-1.09165e+02	-6.62099e+02	
4086	1.640590e+08	-1.09188e+02	-6.62331e+02	
4087	1.650061e+08	-1.09211e+02	-6.62563e+02	
4088	1.659587e+08	-1.09234e+02	-6.62794e+02	
4089	1.669168e+08	-1.09257e+02	-6.63025e+02	
4090	1.678804e+08	-1.09280e+02	-6.63256e+02	
4091	1.688496e+08	-1.09302e+02	-6.63486e+02	
4092	1.698244e+08	-1.09325e+02	-6.63716e+02	
4093	1.708048e+08	-1.09347e+02	-6.63945e+02	
4094	1.717908e+08	-1.09370e+02	-6.64174e+02	
4095	1.727826e+08	-1.09392e+02	-6.64403e+02	
4096	1.737801e+08	-1.09414e+02	-6.64631e+02	
4097	1.747833e+08	-1.09436e+02	-6.64859e+02	
4098	1.757924e+08	-1.09458e+02	-6.65087e+02	
4099	1.768072e+08	-1.09479e+02	-6.65314e+02	
4100	1.778279e+08	-1.09501e+02	-6.65540e+02	
4101	1.788546e+08	-1.09523e+02	-6.65766e+02	
4102	1.798871e+08	-1.09544e+02	-6.65992e+02	
4103	1.809256e+08	-1.09565e+02	-6.66218e+02	
4104	1.819701e+08	-1.09586e+02	-6.66443e+02	
4105	1.830206e+08	-1.09607e+02	-6.66667e+02	
4106	1.840772e+08	-1.09628e+02	-6.66891e+02	
4107	1.851399e+08	-1.09649e+02	-6.67115e+02	
4108	1.862087e+08	-1.09670e+02	-6.67338e+02	
4109	1.872837e+08	-1.09690e+02	-6.67561e+02	
4110	1.883649e+08	-1.09711e+02	-6.67784e+02	
4111	1.894524e+08	-1.09731e+02	-6.68006e+02	
4112	1.905461e+08	-1.09752e+02	-6.68227e+02	
4113	1.916461e+08	-1.09772e+02	-6.68448e+02	
4114	1.927525e+08	-1.09792e+02	-6.68669e+02	

Index   frequency       tdb             tph             
--------------------------------------------------------------------------------
4115	1.938653e+08	-1.09812e+02	-6.68889e+02	
4116	1.949845e+08	-1.09831e+02	-6.69109e+02	
4117	1.961101e+08	-1.09851e+02	-6.69328e+02	
4118	1.972423e+08	-1.09871e+02	-6.69547e+02	
4119	1.983810e+08	-1.09890e+02	-6.69765e+02	
4120	1.995262e+08	-1.09909e+02	-6.69983e+02	
4121	2.006781e+08	-1.09929e+02	-6.70201e+02	
4122	2.018366e+08	-1.09948e+02	-6.70418e+02	
4123	2.030019e+08	-1.09967e+02	-6.70634e+02	
4124	2.041738e+08	-1.09986e+02	-6.70850e+02	
4125	2.053525e+08	-1.10004e+02	-6.71066e+02	
4126	2.065380e+08	-1.10023e+02	-6.71281e+02	
4127	2.077304e+08	-1.10041e+02	-6.71496e+02	
4128	2.089296e+08	-1.10060e+02	-6.71710e+02	
4129	2.101358e+08	-1.10078e+02	-6.71923e+02	
4130	2.113489e+08	-1.10096e+02	-6.72136e+02	
4131	2.125690e+08	-1.10114e+02	-6.72349e+02	
4132	2.137962e+08	-1.10132e+02	-6.72561e+02	
4133	2.150305e+08	-1.10150e+02	-6.72773e+02	
4134	2.162719e+08	-1.10168e+02	-6.72984e+02	
4135	2.175204e+08	-1.10185e+02	-6.73195e+02	
4136	2.187762e+08	-1.10203e+02	-6.73405e+02	
4137	2.200392e+08	-1.10220e+02	-6.73614e+02	
4138	2.213095e+08	-1.10237e+02	-6.73823e+02	
4139	2.225871e+08	-1.10254e+02	-6.74032e+02	
4140	2.238721e+08	-1.10271e+02	-6.74240e+02	
4141	2.251645e+08	-1.10288e+02	-6.74448e+02	
4142	2.264644e+08	-1.10305e+02	-6.74655e+02	
4143	2.277718e+08	-1.10322e+02	-6.74861e+02	
4144	2.290868e+08	-1.10338e+02	-6.75067e+02	
4145	2.304093e+08	-1.10355e+02	-6.75272e+02	
4146	2.317395e+08	-1.10371e+02	-6.75477e+02	
4147	2.330773e+08	-1.10387e+02	-6.75682e+02	
4148	2.344229e+08	-1.10403e+02	-6.75885e+02	
4149	2.357762e+08	-1.10419e+02	-6.76089e+02	
4150	2.371374e+08	-1.10435e+02	-6.76291e+02	
4151	2.385064e+08	-1.10451e+02	-6.76494e+02	
4152	2.398833e+08	-1.10467e+02	-6.76695e+02	
4153	2.412682e+08	-1.10482e+02	-6.76896e+02	
4154	2.426610e+08	-1.10497e+02	-6.77097e+02	
4155	2.440619e+08	-1.10513e+02	-6.77297e+02	
4156	2.454709e+08	-1.10528e+02	-6.77496e+02	
4157	2.468880e+08	-1.10543e+02	-6.77695e+02	
4158	2.483133e+08	-1.10558e+02	-6.77893e+02	
4159	2.497468e+08	-1.10573e+02	-6.78091e+02	
4160	2.511886e+08	-1.10588e+02	-6.78288e+02	
4161	2.526388e+08	-1.10602e+02	-6.78485e+02	
4162	2.540973e+08	-1.10617e+02	-6.78680e+02	
4163	2.555642e+08	-1.10631e+02	-6.78876e+02	
4164	2.570396e+08	-1.10645e+02	-6.79071e+02	
4165	2.585235e+08	-1.10660e+02	-6.79265e+02	
4166	2.600160e+08	-1.10674e+02	-6.79459e+02	
4167	2.615170e+08	-1.10688e+02	-6.79652e+02	
4168	2.630268e+08	-1.10702e+02	-6.79844e+02	
4169	2.645453e+08	-1.10715e+02	-6.80036e+02	
4170	2.660725e+08	-1.10729e+02	-6.80227e+02	
4171	2.676086e+08	-1.10743e+02	-6.80418e+02	
4172	2.691535e+08	-1.10756e+02	-6.80608e+02	

Index   frequency       tdb             tph             
--------------------------------------------------------------------------------
4173	2.707073e+08	-1.10769e+02	-6.80798e+02	
4174	2.722701e+08	-1.10783e+02	-6.80987e+02	
4175	2.738420e+08	-1.10796e+02	-6.81175e+02	
4176	2.754229e+08	-1.10809e+02	-6.81363e+02	
4177	2.770129e+08	-1.10822e+02	-6.81550e+02	
4178	2.786121e+08	-1.10835e+02	-6.81737e+02	
4179	2.802206e+08	-1.10847e+02	-6.81923e+02	
4180	2.818383e+08	-1.10860e+02	-6.82108e+02	
4181	2.834654e+08	-1.10872e+02	-6.82293e+02	
4182	2.851018e+08	-1.10885e+02	-6.82477e+02	
4183	2.867477e+08	-1.10897e+02	-6.82660e+02	
4184	2.884032e+08	-1.10909e+02	-6.82843e+02	
4185	2.900681e+08	-1.10921e+02	-6.83025e+02	
4186	2.917427e+08	-1.10933e+02	-6.83207e+02	
4187	2.934270e+08	-1.10945e+02	-6.83388e+02	
4188	2.951209e+08	-1.10957e+02	-6.83569e+02	
4189	2.968247e+08	-1.10969e+02	-6.83749e+02	
4190	2.985383e+08	-1.10981e+02	-6.83928e+02	
4191	3.002617e+08	-1.10992e+02	-6.84106e+02	
4192	3.019952e+08	-1.11003e+02	-6.84284e+02	
4193	3.037386e+08	-1.11015e+02	-6.84462e+02	
4194	3.054921e+08	-1.11026e+02	-6.84638e+02	
4195	3.072557e+08	-1.11037e+02	-6.84814e+02	
4196	3.090295e+08	-1.11048e+02	-6.84990e+02	
4197	3.108136e+08	-1.11059e+02	-6.85165e+02	
4198	3.126079e+08	-1.11070e+02	-6.85339e+02	
4199	3.144126e+08	-1.11081e+02	-6.85513e+02	
4200	3.162278e+08	-1.11091e+02	-6.85686e+02	
4201	3.180534e+08	-1.11102e+02	-6.85858e+02	
4202	3.198895e+08	-1.11113e+02	-6.86030e+02	
4203	3.217363e+08	-1.11123e+02	-6.86201e+02	
4204	3.235937e+08	-1.11133e+02	-6.86371e+02	
4205	3.254618e+08	-1.11143e+02	-6.86541e+02	
4206	3.273407e+08	-1.11154e+02	-6.86710e+02	
4207	3.292305e+08	-1.11164e+02	-6.86879e+02	
4208	3.311311e+08	-1.11174e+02	-6.87047e+02	
4209	3.330428e+08	-1.11183e+02	-6.87214e+02	
4210	3.349654e+08	-1.11193e+02	-6.87381e+02	
4211	3.368992e+08	-1.11203e+02	-6.87547e+02	
4212	3.388442e+08	-1.11212e+02	-6.87712e+02	
4213	3.408003e+08	-1.11222e+02	-6.87877e+02	
4214	3.427678e+08	-1.11231e+02	-6.88041e+02	
4215	3.447466e+08	-1.11241e+02	-6.88205e+02	
4216	3.467369e+08	-1.11250e+02	-6.88368e+02	
4217	3.487386e+08	-1.11259e+02	-6.88530e+02	
4218	3.507519e+08	-1.11268e+02	-6.88692e+02	
4219	3.527768e+08	-1.11277e+02	-6.88853e+02	
4220	3.548134e+08	-1.11286e+02	-6.89013e+02	
4221	3.568617e+08	-1.11295e+02	-6.89173e+02	
4222	3.589219e+08	-1.11304e+02	-6.89332e+02	
4223	3.609940e+08	-1.11313e+02	-6.89490e+02	
4224	3.630781e+08	-1.11321e+02	-6.89648e+02	
4225	3.651741e+08	-1.11330e+02	-6.89805e+02	
4226	3.672823e+08	-1.11338e+02	-6.89962e+02	
4227	3.694026e+08	-1.11347e+02	-6.90118e+02	
4228	3.715352e+08	-1.11355e+02	-6.90273e+02	
4229	3.736801e+08	-1.11363e+02	-6.90428e+02	
4230	3.758374e+08	-1.11371e+02	-6.90582e+02	

Index   frequency       tdb             tph             
--------------------------------------------------------------------------------
4231	3.780071e+08	-1.11379e+02	-6.90735e+02	
4232	3.801894e+08	-1.11387e+02	-6.90888e+02	
4233	3.823843e+08	-1.11395e+02	-6.91040e+02	
4234	3.845918e+08	-1.11403e+02	-6.91191e+02	
4235	3.868121e+08	-1.11411e+02	-6.91342e+02	
4236	3.890451e+08	-1.11418e+02	-6.91492e+02	
4237	3.912911e+08	-1.11426e+02	-6.91642e+02	
4238	3.935501e+08	-1.11434e+02	-6.91791e+02	
4239	3.958221e+08	-1.11441e+02	-6.91939e+02	
4240	3.981072e+08	-1.11448e+02	-6.92087e+02	
4241	4.004055e+08	-1.11456e+02	-6.92234e+02	
4242	4.027170e+08	-1.11463e+02	-6.92381e+02	
4243	4.050419e+08	-1.11470e+02	-6.92527e+02	
4244	4.073803e+08	-1.11477e+02	-6.92672e+02	
4245	4.097321e+08	-1.11484e+02	-6.92816e+02	
4246	4.120975e+08	-1.11491e+02	-6.92960e+02	
4247	4.144766e+08	-1.11498e+02	-6.93104e+02	
4248	4.168694e+08	-1.11505e+02	-6.93247e+02	
4249	4.192760e+08	-1.11512e+02	-6.93389e+02	
4250	4.216965e+08	-1.11519e+02	-6.93530e+02	
4251	4.241310e+08	-1.11525e+02	-6.93671e+02	
4252	4.265795e+08	-1.11532e+02	-6.93811e+02	
4253	4.290422e+08	-1.11539e+02	-6.93951e+02	
4254	4.315191e+08	-1.11545e+02	-6.94090e+02	
4255	4.340103e+08	-1.11551e+02	-6.94228e+02	
4256	4.365158e+08	-1.11558e+02	-6.94366e+02	
4257	4.390359e+08	-1.11564e+02	-6.94503e+02	
4258	4.415704e+08	-1.11570e+02	-6.94640e+02	
4259	4.441197e+08	-1.11576e+02	-6.94776e+02	
4260	4.466836e+08	-1.11583e+02	-6.94911e+02	
4261	4.492623e+08	-1.11589e+02	-6.95046e+02	
4262	4.518559e+08	-1.11595e+02	-6.95180e+02	
4263	4.544645e+08	-1.11600e+02	-6.95314e+02	
4264	4.570882e+08	-1.11606e+02	-6.95447e+02	
4265	4.597270e+08	-1.11612e+02	-6.95579e+02	
4266	4.623810e+08	-1.11618e+02	-6.95711e+02	
4267	4.650504e+08	-1.11624e+02	-6.95842e+02	
4268	4.677351e+08	-1.11629e+02	-6.95973e+02	
4269	4.704354e+08	-1.11635e+02	-6.96103e+02	
4270	4.731513e+08	-1.11640e+02	-6.96232e+02	
4271	4.758828e+08	-1.11646e+02	-6.96361e+02	
4272	4.786301e+08	-1.11651e+02	-6.96489e+02	
4273	4.813933e+08	-1.11657e+02	-6.96617e+02	
4274	4.841724e+08	-1.11662e+02	-6.96744e+02	
4275	4.869675e+08	-1.11667e+02	-6.96870e+02	
4276	4.897788e+08	-1.11672e+02	-6.96996e+02	
4277	4.926063e+08	-1.11677e+02	-6.97121e+02	
4278	4.954502e+08	-1.11682e+02	-6.97246e+02	
4279	4.983105e+08	-1.11688e+02	-6.97370e+02	
4280	5.011872e+08	-1.11693e+02	-6.97494e+02	
4281	5.040806e+08	-1.11697e+02	-6.97616e+02	
4282	5.069907e+08	-1.11702e+02	-6.97739e+02	
4283	5.099176e+08	-1.11707e+02	-6.97861e+02	
4284	5.128614e+08	-1.11712e+02	-6.97982e+02	
4285	5.158222e+08	-1.11717e+02	-6.98102e+02	
4286	5.188000e+08	-1.11721e+02	-6.98222e+02	
4287	5.217951e+08	-1.11726e+02	-6.98342e+02	
4288	5.248075e+08	-1.11731e+02	-6.98461e+02	

Index   frequency       tdb             tph             
--------------------------------------------------------------------------------
4289	5.278372e+08	-1.11735e+02	-6.98579e+02	
4290	5.308844e+08	-1.11740e+02	-6.98697e+02	
4291	5.339493e+08	-1.11744e+02	-6.98814e+02	
4292	5.370318e+08	-1.11749e+02	-6.98931e+02	
4293	5.401321e+08	-1.11753e+02	-6.99047e+02	
4294	5.432503e+08	-1.11757e+02	-6.99163e+02	
4295	5.463865e+08	-1.11761e+02	-6.99278e+02	
4296	5.495409e+08	-1.11766e+02	-6.99392e+02	
4297	5.527134e+08	-1.11770e+02	-6.99506e+02	
4298	5.559043e+08	-1.11774e+02	-6.99619e+02	
4299	5.591135e+08	-1.11778e+02	-6.99732e+02	
4300	5.623413e+08	-1.11782e+02	-6.99844e+02	
4301	5.655878e+08	-1.11786e+02	-6.99956e+02	
4302	5.688529e+08	-1.11790e+02	-7.00067e+02	
4303	5.721370e+08	-1.11794e+02	-7.00178e+02	
4304	5.754399e+08	-1.11798e+02	-7.00288e+02	
4305	5.787620e+08	-1.11802e+02	-7.00397e+02	
4306	5.821032e+08	-1.11806e+02	-7.00506e+02	
4307	5.854637e+08	-1.11809e+02	-7.00615e+02	
4308	5.888437e+08	-1.11813e+02	-7.00723e+02	
4309	5.922431e+08	-1.11817e+02	-7.00830e+02	
4310	5.956621e+08	-1.11820e+02	-7.00937e+02	
4311	5.991009e+08	-1.11824e+02	-7.01044e+02	
4312	6.025596e+08	-1.11828e+02	-7.01149e+02	
4313	6.060382e+08	-1.11831e+02	-7.01255e+02	
4314	6.095369e+08	-1.11835e+02	-7.01359e+02	
4315	6.130558e+08	-1.11838e+02	-7.01464e+02	
4316	6.165950e+08	-1.11842e+02	-7.01567e+02	
4317	6.201546e+08	-1.11845e+02	-7.01671e+02	
4318	6.237348e+08	-1.11848e+02	-7.01773e+02	
4319	6.273357e+08	-1.11852e+02	-7.01876e+02	
4320	6.309573e+08	-1.11855e+02	-7.01977e+02	
4321	6.345999e+08	-1.11858e+02	-7.02079e+02	
4322	6.382635e+08	-1.11861e+02	-7.02179e+02	
4323	6.419482e+08	-1.11865e+02	-7.02279e+02	
4324	6.456542e+08	-1.11868e+02	-7.02379e+02	
4325	6.493816e+08	-1.11871e+02	-7.02478e+02	
4326	6.531306e+08	-1.11874e+02	-7.02577e+02	
4327	6.569011e+08	-1.11877e+02	-7.02675e+02	
4328	6.606934e+08	-1.11880e+02	-7.02773e+02	
4329	6.645077e+08	-1.11883e+02	-7.02870e+02	
4330	6.683439e+08	-1.11886e+02	-7.02967e+02	
4331	6.722023e+08	-1.11889e+02	-7.03063e+02	
4332	6.760830e+08	-1.11892e+02	-7.03159e+02	
4333	6.799860e+08	-1.11895e+02	-7.03254e+02	
4334	6.839116e+08	-1.11897e+02	-7.03349e+02	
4335	6.878599e+08	-1.11900e+02	-7.03443e+02	
4336	6.918310e+08	-1.11903e+02	-7.03537e+02	
4337	6.958250e+08	-1.11906e+02	-7.03630e+02	
4338	6.998420e+08	-1.11908e+02	-7.03723e+02	
4339	7.038822e+08	-1.11911e+02	-7.03816e+02	
4340	7.079458e+08	-1.11914e+02	-7.03908e+02	
4341	7.120328e+08	-1.11916e+02	-7.03999e+02	
4342	7.161434e+08	-1.11919e+02	-7.04090e+02	
4343	7.202778e+08	-1.11921e+02	-7.04181e+02	
4344	7.244360e+08	-1.11924e+02	-7.04271e+02	
4345	7.286182e+08	-1.11927e+02	-7.04360e+02	
4346	7.328245e+08	-1.11929e+02	-7.04449e+02	

Index   frequency       tdb             tph             
--------------------------------------------------------------------------------
4347	7.370552e+08	-1.11931e+02	-7.04538e+02	
4348	7.413102e+08	-1.11934e+02	-7.04626e+02	
4349	7.455899e+08	-1.11936e+02	-7.04714e+02	
4350	7.498942e+08	-1.11939e+02	-7.04802e+02	
4351	7.542234e+08	-1.11941e+02	-7.04888e+02	
4352	7.585776e+08	-1.11943e+02	-7.04975e+02	
4353	7.629569e+08	-1.11946e+02	-7.05061e+02	
4354	7.673615e+08	-1.11948e+02	-7.05146e+02	
4355	7.717915e+08	-1.11950e+02	-7.05232e+02	
4356	7.762471e+08	-1.11952e+02	-7.05316e+02	
4357	7.807284e+08	-1.11955e+02	-7.05401e+02	
4358	7.852356e+08	-1.11957e+02	-7.05484e+02	
4359	7.897688e+08	-1.11959e+02	-7.05568e+02	
4360	7.943282e+08	-1.11961e+02	-7.05651e+02	
4361	7.989139e+08	-1.11963e+02	-7.05733e+02	
4362	8.035261e+08	-1.11965e+02	-7.05815e+02	
4363	8.081649e+08	-1.11967e+02	-7.05897e+02	
4364	8.128305e+08	-1.11969e+02	-7.05978e+02	
4365	8.175230e+08	-1.11971e+02	-7.06059e+02	
4366	8.222426e+08	-1.11973e+02	-7.06140e+02	
4367	8.269895e+08	-1.11975e+02	-7.06220e+02	
4368	8.317638e+08	-1.11977e+02	-7.06299e+02	
4369	8.365656e+08	-1.11979e+02	-7.06378e+02	
4370	8.413951e+08	-1.11981e+02	-7.06457e+02	
4371	8.462526e+08	-1.11983e+02	-7.06535e+02	
4372	8.511380e+08	-1.11985e+02	-7.06613e+02	
4373	8.560517e+08	-1.11987e+02	-7.06691e+02	
4374	8.609938e+08	-1.11989e+02	-7.06768e+02	
4375	8.659643e+08	-1.11990e+02	-7.06845e+02	
4376	8.709636e+08	-1.11992e+02	-7.06921e+02	
4377	8.759917e+08	-1.11994e+02	-7.06997e+02	
4378	8.810489e+08	-1.11996e+02	-7.07073e+02	
4379	8.861352e+08	-1.11997e+02	-7.07148e+02	
4380	8.912509e+08	-1.11999e+02	-7.07222e+02	
4381	8.963962e+08	-1.12001e+02	-7.07297e+02	
4382	9.015711e+08	-1.12002e+02	-7.07371e+02	
4383	9.067760e+08	-1.12004e+02	-7.07444e+02	
4384	9.120108e+08	-1.12006e+02	-7.07518e+02	
4385	9.172759e+08	-1.12007e+02	-7.07590e+02	
4386	9.225714e+08	-1.12009e+02	-7.07663e+02	
4387	9.278975e+08	-1.12011e+02	-7.07735e+02	
4388	9.332543e+08	-1.12012e+02	-7.07807e+02	
4389	9.386420e+08	-1.12014e+02	-7.07878e+02	
4390	9.440609e+08	-1.12015e+02	-7.07949e+02	
4391	9.495110e+08	-1.12017e+02	-7.08020e+02	
4392	9.549926e+08	-1.12018e+02	-7.08090e+02	
4393	9.605058e+08	-1.12020e+02	-7.08160e+02	
4394	9.660509e+08	-1.12021e+02	-7.08229e+02	
4395	9.716280e+08	-1.12023e+02	-7.08298e+02	
4396	9.772372e+08	-1.12024e+02	-7.08367e+02	
4397	9.828789e+08	-1.12025e+02	-7.08435e+02	
4398	9.885531e+08	-1.12027e+02	-7.08503e+02	
4399	9.942601e+08	-1.12028e+02	-7.08571e+02	
4400	1.000000e+09	-1.12030e+02	-7.08638e+02	
ROW iload_a=0.05 ceff_f=3.3e-07 esr_ohm=0.001 vout_v=1.79947 dcgain_db=138.899 f0_hz=749297 phase_at_f0_deg=-186.006 f180_hz=683316 gain_at_f180_db=1.41229 f0_rising_hz= resurgence_db=-0.833044
* SWEEP COMPLETE res_ss_-40c_3.30v
Note: Simulation executed from .control section 
Warning: m=xx on .subckt line will override multiplier m hierarchy!

Note: Starting dynamic gmin stepping
Note: Dynamic gmin stepping completed
Note: Starting dynamic gmin stepping
Note: Dynamic gmin stepping completed
Note: Starting dynamic gmin stepping
Note: Dynamic gmin stepping completed

Error: measure  f0r  when(WHEN) : out of interval
Error: &f0r: no such variable.
