
Note: Compatibility modes selected: hs a


Circuit: * loop-stability -- tian dual-injection loop-gain testbench for ldo_core (issue #10)

* corner_id=ss_-40c_3.30v corner=ss temp_c=-40 vin_v=3.3
* ac sweep: dec 400 0.01 1e9 ; Tian dual injection at ERRAMP_OUT->PASS_GATE
* columns: ROW iload_a= ceff_f= esr_ohm= vout_v= dcgain_db= f0_hz= phase_at_f0_deg=
*          f180_hz= gain_at_f180_db= f0_rising_hz= resurgence_db=
* (phase margin = 180 + phase_at_f0_deg ; gain margin = -gain_at_f180_db ;
*  resurgence_db = max |T| in dB above the first 0 dB crossing, DR-0008 ;
*  an empty f180/gain field means the phase never reaches -180 deg in band)
* Fields are written key=value BECAUSE a failed meas leaves its value
* empty: with bare positional fields an empty one vanishes into the
* whitespace and every field after it is read as the wrong quantity.
Doing analysis at TEMP = -40.000000 and TNOM = 27.000000

Using SPARSE 1.3 as Direct Linear Solver
 Reference value :  0.00000e+00
No. of Data Rows : 1
Doing analysis at TEMP = -40.000000 and TNOM = 27.000000

Using SPARSE 1.3 as Direct Linear Solver
 Reference value :  7.16143e+02
No. of Data Rows : 4401
Doing analysis at TEMP = -40.000000 and TNOM = 27.000000

Using SPARSE 1.3 as Direct Linear Solver
 Reference value :  1.00000e-02
 Reference value :  7.85236e+07
No. of Data Rows : 4401
dcg                 =  1.36036e+02
f0                  =  3.53806e+03
phx                 =  -1.37243e+02
f180                =  3.27938e+05
gmx                 =  -5.19131e+01
 meas ac f0r when tdb=0 rise=1 failed!

tres                =  -6.41138e-01 at=  3.71535e+03
ROW iload_a=0 ceff_f=3.3e-07 esr_ohm=0.001 vout_v=1.79946 dcgain_db=136.036 f0_hz=3538.06 phase_at_f0_deg=-137.243 f180_hz=327938 gain_at_f180_db=-51.9131 f0_rising_hz= resurgence_db=-0.641138
Doing analysis at TEMP = -40.000000 and TNOM = 27.000000

Using SPARSE 1.3 as Direct Linear Solver

No. of Data Rows : 1
Doing analysis at TEMP = -40.000000 and TNOM = 27.000000

Using SPARSE 1.3 as Direct Linear Solver
 Reference value :  1.00000e-02
 Reference value :  7.85236e+07
No. of Data Rows : 4401
Doing analysis at TEMP = -40.000000 and TNOM = 27.000000

Using SPARSE 1.3 as Direct Linear Solver
 Reference value :  6.16595e+01
No. of Data Rows : 4401
dcg                 =  1.36036e+02
f0                  =  3.53870e+03
phx                 =  -1.37199e+02
f180                =  3.50690e+05
gmx                 =  -5.30360e+01
 meas ac f0r when tdb=0 rise=1 failed!

tres                =  -7.13374e-01 at=  3.73680e+03
ROW iload_a=0 ceff_f=3.3e-07 esr_ohm=0.05 vout_v=1.79946 dcgain_db=136.036 f0_hz=3538.7 phase_at_f0_deg=-137.199 f180_hz=350690 gain_at_f180_db=-53.036 f0_rising_hz= resurgence_db=-0.713374
Doing analysis at TEMP = -40.000000 and TNOM = 27.000000

Using SPARSE 1.3 as Direct Linear Solver
 Reference value :  0.00000e+00
No. of Data Rows : 1
Doing analysis at TEMP = -40.000000 and TNOM = 27.000000

Using SPARSE 1.3 as Direct Linear Solver
 Reference value :  3.18053e+02
No. of Data Rows : 4401
Doing analysis at TEMP = -40.000000 and TNOM = 27.000000

Using SPARSE 1.3 as Direct Linear Solver
 Reference value :  1.00000e-02
 Reference value :  6.53131e+07
No. of Data Rows : 4401
dcg                 =  1.36036e+02
f0                  =  3.53870e+03
phx                 =  -1.37136e+02
f180                =  4.61314e+05
gmx                 =  -5.76197e+01
 meas ac f0r when tdb=0 rise=1 failed!

tres                =  -7.13366e-01 at=  3.73680e+03
ROW iload_a=0 ceff_f=3.3e-07 esr_ohm=0.2 vout_v=1.79946 dcgain_db=136.036 f0_hz=3538.7 phase_at_f0_deg=-137.136 f180_hz=461314 gain_at_f180_db=-57.6197 f0_rising_hz= resurgence_db=-0.713366
Doing analysis at TEMP = -40.000000 and TNOM = 27.000000

Using SPARSE 1.3 as Direct Linear Solver

No. of Data Rows : 1
Doing analysis at TEMP = -40.000000 and TNOM = 27.000000

Using SPARSE 1.3 as Direct Linear Solver
 Reference value :  1.00000e-02
 Reference value :  1.23737e+08
No. of Data Rows : 4401
Doing analysis at TEMP = -40.000000 and TNOM = 27.000000

Using SPARSE 1.3 as Direct Linear Solver
 Reference value :  4.86968e+01
No. of Data Rows : 4401
dcg                 =  1.36036e+02
f0                  =  3.53872e+03
phx                 =  -1.37009e+02
f180                =  4.53782e+06
gmx                 =  -7.67039e+01
 meas ac f0r when tdb=0 rise=1 failed!

tres                =  -7.13316e-01 at=  3.73680e+03
ROW iload_a=0 ceff_f=3.3e-07 esr_ohm=0.5 vout_v=1.79946 dcgain_db=136.036 f0_hz=3538.72 phase_at_f0_deg=-137.009 f180_hz=4.53782E+06 gain_at_f180_db=-76.704 f0_rising_hz= resurgence_db=-0.713316
Doing analysis at TEMP = -40.000000 and TNOM = 27.000000

Using SPARSE 1.3 as Direct Linear Solver
 Reference value :  0.00000e+00
No. of Data Rows : 1
Doing analysis at TEMP = -40.000000 and TNOM = 27.000000

Using SPARSE 1.3 as Direct Linear Solver
 Reference value :  3.19890e+02
No. of Data Rows : 4401
Doing analysis at TEMP = -40.000000 and TNOM = 27.000000

Using SPARSE 1.3 as Direct Linear Solver
 Reference value :  1.00000e-02
 Reference value :  1.52230e+08
No. of Data Rows : 4401
dcg                 =  1.36031e+02
f0                  =  1.82504e+03
phx                 =  -1.54251e+02
f180                =  3.29518e+05
gmx                 =  -6.16517e+01
 meas ac f0r when tdb=0 rise=1 failed!

tres                =  -7.63278e-01 at=  1.91646e+03
ROW iload_a=0 ceff_f=1e-06 esr_ohm=0.001 vout_v=1.79946 dcgain_db=136.031 f0_hz=1825.04 phase_at_f0_deg=-154.251 f180_hz=329518 gain_at_f180_db=-61.6517 f0_rising_hz= resurgence_db=-0.763278
Doing analysis at TEMP = -40.000000 and TNOM = 27.000000

Using SPARSE 1.3 as Direct Linear Solver

No. of Data Rows : 1
Doing analysis at TEMP = -40.000000 and TNOM = 27.000000

Using SPARSE 1.3 as Direct Linear Solver
 Reference value :  1.00000e-02
 Reference value :  3.31131e+07
No. of Data Rows : 4401
Doing analysis at TEMP = -40.000000 and TNOM = 27.000000

Using SPARSE 1.3 as Direct Linear Solver
 Reference value :  8.81049e+00
No. of Data Rows : 4401
dcg                 =  1.36031e+02
f0                  =  1.82515e+03
phx                 =  -1.54203e+02
f180                =  4.18951e+05
gmx                 =  -6.57216e+01
 meas ac f0r when tdb=0 rise=1 failed!

tres                =  -7.62220e-01 at=  1.91646e+03
ROW iload_a=0 ceff_f=1e-06 esr_ohm=0.05 vout_v=1.79946 dcgain_db=136.031 f0_hz=1825.15 phase_at_f0_deg=-154.203 f180_hz=418951 gain_at_f180_db=-65.7216 f0_rising_hz= resurgence_db=-0.76222
Doing analysis at TEMP = -40.000000 and TNOM = 27.000000

Using SPARSE 1.3 as Direct Linear Solver
 Reference value :  0.00000e+00
No. of Data Rows : 1
Doing analysis at TEMP = -40.000000 and TNOM = 27.000000

Using SPARSE 1.3 as Direct Linear Solver
 Reference value :  2.10136e+03
No. of Data Rows : 4401
Doing analysis at TEMP = -40.000000 and TNOM = 27.000000

Using SPARSE 1.3 as Direct Linear Solver
 Reference value :  1.00000e-02
 Reference value :  2.38506e+07
No. of Data Rows : 4401
dcg                 =  1.36031e+02
f0                  =  1.82515e+03
phx                 =  -1.54105e+02
f180                =  4.83390e+06
gmx                 =  -7.66865e+01
 meas ac f0r when tdb=0 rise=1 failed!

tres                =  -7.62198e-01 at=  1.91646e+03
ROW iload_a=0 ceff_f=1e-06 esr_ohm=0.2 vout_v=1.79946 dcgain_db=136.031 f0_hz=1825.15 phase_at_f0_deg=-154.105 f180_hz=4.8339E+06 gain_at_f180_db=-76.6865 f0_rising_hz= resurgence_db=-0.762199
Doing analysis at TEMP = -40.000000 and TNOM = 27.000000

Using SPARSE 1.3 as Direct Linear Solver

No. of Data Rows : 1
Doing analysis at TEMP = -40.000000 and TNOM = 27.000000

Using SPARSE 1.3 as Direct Linear Solver
 Reference value :  1.00000e-02
 Reference value :  9.12011e+07
No. of Data Rows : 4401
Doing analysis at TEMP = -40.000000 and TNOM = 27.000000

Using SPARSE 1.3 as Direct Linear Solver
 Reference value :  2.91743e+01
No. of Data Rows : 4401
dcg                 =  1.36031e+02
f0                  =  1.82517e+03
phx                 =  -1.53907e+02
f180                =  4.54638e+06
gmx                 =  -7.65376e+01
 meas ac f0r when tdb=0 rise=1 failed!

tres                =  -7.62071e-01 at=  1.91646e+03
ROW iload_a=0 ceff_f=1e-06 esr_ohm=0.5 vout_v=1.79946 dcgain_db=136.031 f0_hz=1825.17 phase_at_f0_deg=-153.907 f180_hz=4.54638E+06 gain_at_f180_db=-76.5376 f0_rising_hz= resurgence_db=-0.762071
Doing analysis at TEMP = -40.000000 and TNOM = 27.000000

Using SPARSE 1.3 as Direct Linear Solver
 Reference value :  0.00000e+00
No. of Data Rows : 1
Doing analysis at TEMP = -40.000000 and TNOM = 27.000000

Using SPARSE 1.3 as Direct Linear Solver
 Reference value :  3.54813e+02
No. of Data Rows : 4401
Doing analysis at TEMP = -40.000000 and TNOM = 27.000000

Using SPARSE 1.3 as Direct Linear Solver
 Reference value :  1.00000e-02
 Reference value :  7.24436e+07
No. of Data Rows : 4401
dcg                 =  1.35912e+02
f0                  =  8.06788e+02
phx                 =  -1.67836e+02
f180                =  3.39238e+05
gmx                 =  -7.57612e+01
 meas ac f0r when tdb=0 rise=1 failed!

tres                =  -9.07671e-01 at=  8.51138e+02
ROW iload_a=0 ceff_f=4.7e-06 esr_ohm=0.001 vout_v=1.79946 dcgain_db=135.912 f0_hz=806.788 phase_at_f0_deg=-167.836 f180_hz=339238 gain_at_f180_db=-75.7612 f0_rising_hz= resurgence_db=-0.907671
Doing analysis at TEMP = -40.000000 and TNOM = 27.000000

Using SPARSE 1.3 as Direct Linear Solver

No. of Data Rows : 1
Doing analysis at TEMP = -40.000000 and TNOM = 27.000000

Using SPARSE 1.3 as Direct Linear Solver
 Reference value :  1.00000e-02
 Reference value :  2.07730e+08
No. of Data Rows : 4401
Doing analysis at TEMP = -40.000000 and TNOM = 27.000000

Using SPARSE 1.3 as Direct Linear Solver
 Reference value :  1.45378e+03
No. of Data Rows : 4401
dcg                 =  1.35912e+02
f0                  =  8.06799e+02
phx                 =  -1.67762e+02
f180                =  4.95759e+06
gmx                 =  -7.66836e+01
 meas ac f0r when tdb=0 rise=1 failed!

tres                =  -9.07417e-01 at=  8.51138e+02
ROW iload_a=0 ceff_f=4.7e-06 esr_ohm=0.05 vout_v=1.79946 dcgain_db=135.912 f0_hz=806.799 phase_at_f0_deg=-167.762 f180_hz=4.95759E+06 gain_at_f180_db=-76.6836 f0_rising_hz= resurgence_db=-0.907417
Doing analysis at TEMP = -40.000000 and TNOM = 27.000000

Using SPARSE 1.3 as Direct Linear Solver
 Reference value :  0.00000e+00
No. of Data Rows : 1
Doing analysis at TEMP = -40.000000 and TNOM = 27.000000

Using SPARSE 1.3 as Direct Linear Solver
 Reference value :  1.87284e+03
No. of Data Rows : 4401
Doing analysis at TEMP = -40.000000 and TNOM = 27.000000

Using SPARSE 1.3 as Direct Linear Solver
 Reference value :  1.00000e-02
 Reference value :  1.78855e+08
No. of Data Rows : 4401
dcg                 =  1.35912e+02
f0                  =  8.06803e+02
phx                 =  -1.67557e+02
f180                =  4.83387e+06
gmx                 =  -7.66334e+01
 meas ac f0r when tdb=0 rise=1 failed!

tres                =  -9.07317e-01 at=  8.51138e+02
ROW iload_a=0 ceff_f=4.7e-06 esr_ohm=0.2 vout_v=1.79946 dcgain_db=135.912 f0_hz=806.803 phase_at_f0_deg=-167.557 f180_hz=4.83387E+06 gain_at_f180_db=-76.6334 f0_rising_hz= resurgence_db=-0.907317
Doing analysis at TEMP = -40.000000 and TNOM = 27.000000

Using SPARSE 1.3 as Direct Linear Solver

No. of Data Rows : 1
Doing analysis at TEMP = -40.000000 and TNOM = 27.000000

Using SPARSE 1.3 as Direct Linear Solver
 Reference value :  1.00000e-02
 Reference value :  3.56862e+07
No. of Data Rows : 4401
Doing analysis at TEMP = -40.000000 and TNOM = 27.000000

Using SPARSE 1.3 as Direct Linear Solver
 Reference value :  3.48739e+01
No. of Data Rows : 4401
dcg                 =  1.35912e+02
f0                  =  8.06827e+02
phx                 =  -1.67147e+02
f180                =  4.54955e+06
gmx                 =  -7.64745e+01
 meas ac f0r when tdb=0 rise=1 failed!

tres                =  -9.06745e-01 at=  8.51138e+02
ROW iload_a=0 ceff_f=4.7e-06 esr_ohm=0.5 vout_v=1.79946 dcgain_db=135.912 f0_hz=806.827 phase_at_f0_deg=-167.147 f180_hz=4.54955E+06 gain_at_f180_db=-76.4745 f0_rising_hz= resurgence_db=-0.906745
Doing analysis at TEMP = -40.000000 and TNOM = 27.000000

Using SPARSE 1.3 as Direct Linear Solver
 Reference value :  0.00000e+00
No. of Data Rows : 1
Doing analysis at TEMP = -40.000000 and TNOM = 27.000000

Using SPARSE 1.3 as Direct Linear Solver
 Reference value :  1.00000e-02
 Reference value :  1.49624e+08
No. of Data Rows : 4401
Doing analysis at TEMP = -40.000000 and TNOM = 27.000000

Using SPARSE 1.3 as Direct Linear Solver
 Reference value :  1.00000e-02
 Reference value :  1.45378e+08
No. of Data Rows : 4401
dcg                 =  1.44798e+02
f0                  =  1.07233e+05
phx                 =  -1.28265e+02
f180                =  4.18638e+05
gmx                 =  -1.93937e+01
 meas ac f0r when tdb=0 rise=1 failed!

tres                =  -5.74888e-01 at=  1.12850e+05
ROW iload_a=0.0001 ceff_f=3.3e-07 esr_ohm=0.001 vout_v=1.79946 dcgain_db=144.798 f0_hz=107233 phase_at_f0_deg=-128.265 f180_hz=418638 gain_at_f180_db=-19.3937 f0_rising_hz= resurgence_db=-0.574888
Doing analysis at TEMP = -40.000000 and TNOM = 27.000000

Using SPARSE 1.3 as Direct Linear Solver
 Reference value :  0.00000e+00
No. of Data Rows : 1
Doing analysis at TEMP = -40.000000 and TNOM = 27.000000

Using SPARSE 1.3 as Direct Linear Solver
 Reference value :  1.00000e-02
 Reference value :  4.21697e+08
No. of Data Rows : 4401
Doing analysis at TEMP = -40.000000 and TNOM = 27.000000

Using SPARSE 1.3 as Direct Linear Solver
 Reference value :  1.00000e-02
 Reference value :  1.49624e+08
No. of Data Rows : 4401
dcg                 =  1.44798e+02
f0                  =  1.07238e+05
phx                 =  -1.27643e+02
f180                =  4.47276e+05
gmx                 =  -2.04903e+01
 meas ac f0r when tdb=0 rise=1 failed!

tres                =  -5.74310e-01 at=  1.12850e+05
ROW iload_a=0.0001 ceff_f=3.3e-07 esr_ohm=0.05 vout_v=1.79946 dcgain_db=144.798 f0_hz=107238 phase_at_f0_deg=-127.643 f180_hz=447276 gain_at_f180_db=-20.4903 f0_rising_hz= resurgence_db=-0.57431
Doing analysis at TEMP = -40.000000 and TNOM = 27.000000

Using SPARSE 1.3 as Direct Linear Solver
 Reference value :  0.00000e+00
No. of Data Rows : 1
Doing analysis at TEMP = -40.000000 and TNOM = 27.000000

Using SPARSE 1.3 as Direct Linear Solver
 Reference value :  1.88365e-02
 Reference value :  1.09648e+08
No. of Data Rows : 4401
Doing analysis at TEMP = -40.000000 and TNOM = 27.000000

Using SPARSE 1.3 as Direct Linear Solver
 Reference value :  1.00000e-02
 Reference value :  1.49624e+08
No. of Data Rows : 4401
dcg                 =  1.44798e+02
f0                  =  1.07315e+05
phx                 =  -1.25756e+02
f180                =  5.85072e+05
gmx                 =  -2.48371e+01
 meas ac f0r when tdb=0 rise=1 failed!

tres                =  -5.65452e-01 at=  1.12850e+05
ROW iload_a=0.0001 ceff_f=3.3e-07 esr_ohm=0.2 vout_v=1.79946 dcgain_db=144.798 f0_hz=107315 phase_at_f0_deg=-125.756 f180_hz=585072 gain_at_f180_db=-24.8371 f0_rising_hz= resurgence_db=-0.565452
Doing analysis at TEMP = -40.000000 and TNOM = 27.000000

Using SPARSE 1.3 as Direct Linear Solver
 Reference value :  0.00000e+00
No. of Data Rows : 1
Doing analysis at TEMP = -40.000000 and TNOM = 27.000000

Using SPARSE 1.3 as Direct Linear Solver
 Reference value :  1.00000e-02
 Reference value :  5.62341e+07
No. of Data Rows : 4401
Doing analysis at TEMP = -40.000000 and TNOM = 27.000000

Using SPARSE 1.3 as Direct Linear Solver
 Reference value :  1.00000e-02
 Reference value :  1.21619e+08
No. of Data Rows : 4401
dcg                 =  1.44798e+02
f0                  =  1.07751e+05
phx                 =  -1.22069e+02
f180                =  1.22446e+06
gmx                 =  -3.44732e+01
 meas ac f0r when tdb=0 rise=1 failed!

tres                =  -5.80957e-01 at=  1.13501e+05
ROW iload_a=0.0001 ceff_f=3.3e-07 esr_ohm=0.5 vout_v=1.79946 dcgain_db=144.798 f0_hz=107751 phase_at_f0_deg=-122.069 f180_hz=1.22446E+06 gain_at_f180_db=-34.4732 f0_rising_hz= resurgence_db=-0.580957
Doing analysis at TEMP = -40.000000 and TNOM = 27.000000

Using SPARSE 1.3 as Direct Linear Solver
 Reference value :  0.00000e+00
No. of Data Rows : 1
Doing analysis at TEMP = -40.000000 and TNOM = 27.000000

Using SPARSE 1.3 as Direct Linear Solver
 Reference value :  1.00000e-02
 Reference value :  5.21795e+08
No. of Data Rows : 4401
Doing analysis at TEMP = -40.000000 and TNOM = 27.000000

Using SPARSE 1.3 as Direct Linear Solver
 Reference value :  1.00000e-02
 Reference value :  1.61250e+08
No. of Data Rows : 4401
dcg                 =  1.44798e+02
f0                  =  3.73513e+04
phx                 =  -1.05490e+02
f180                =  4.19736e+05
gmx                 =  -2.90677e+01
 meas ac f0r when tdb=0 rise=1 failed!

tres                =  -4.14660e-01 at=  3.93550e+04
ROW iload_a=0.0001 ceff_f=1e-06 esr_ohm=0.001 vout_v=1.79946 dcgain_db=144.798 f0_hz=37351.3 phase_at_f0_deg=-105.49 f180_hz=419736 gain_at_f180_db=-29.0677 f0_rising_hz= resurgence_db=-0.41466
Doing analysis at TEMP = -40.000000 and TNOM = 27.000000

Using SPARSE 1.3 as Direct Linear Solver
 Reference value :  0.00000e+00
No. of Data Rows : 1
Doing analysis at TEMP = -40.000000 and TNOM = 27.000000

Using SPARSE 1.3 as Direct Linear Solver
 Reference value :  1.00000e-02
No. of Data Rows : 4401
Doing analysis at TEMP = -40.000000 and TNOM = 27.000000

Using SPARSE 1.3 as Direct Linear Solver
 Reference value :  1.00000e-02
 Reference value :  8.12831e+07
No. of Data Rows : 4401
dcg                 =  1.44798e+02
f0                  =  3.73541e+04
phx                 =  -1.04832e+02
f180                =  5.29372e+05
gmx                 =  -3.28725e+01
 meas ac f0r when tdb=0 rise=1 failed!

tres                =  -4.14014e-01 at=  3.93550e+04
ROW iload_a=0.0001 ceff_f=1e-06 esr_ohm=0.05 vout_v=1.79946 dcgain_db=144.798 f0_hz=37354.1 phase_at_f0_deg=-104.832 f180_hz=529372 gain_at_f180_db=-32.8725 f0_rising_hz= resurgence_db=-0.414014
Doing analysis at TEMP = -40.000000 and TNOM = 27.000000

Using SPARSE 1.3 as Direct Linear Solver
 Reference value :  0.00000e+00
No. of Data Rows : 1
Doing analysis at TEMP = -40.000000 and TNOM = 27.000000

Using SPARSE 1.3 as Direct Linear Solver
 Reference value :  1.00000e-02
 Reference value :  5.65588e+07
No. of Data Rows : 4401
Doing analysis at TEMP = -40.000000 and TNOM = 27.000000

Using SPARSE 1.3 as Direct Linear Solver
 Reference value :  1.00000e-02
 Reference value :  5.72137e+07
No. of Data Rows : 4401
dcg                 =  1.44798e+02
f0                  =  3.73962e+04
phx                 =  -1.02820e+02
f180                =  1.40112e+06
gmx                 =  -4.48723e+01
 meas ac f0r when tdb=0 rise=1 failed!

tres                =  -4.04124e-01 at=  3.93550e+04
ROW iload_a=0.0001 ceff_f=1e-06 esr_ohm=0.2 vout_v=1.79946 dcgain_db=144.798 f0_hz=37396.2 phase_at_f0_deg=-102.82 f180_hz=1.40112E+06 gain_at_f180_db=-44.8723 f0_rising_hz= resurgence_db=-0.404124
Doing analysis at TEMP = -40.000000 and TNOM = 27.000000

Using SPARSE 1.3 as Direct Linear Solver
 Reference value :  0.00000e+00
No. of Data Rows : 1
Doing analysis at TEMP = -40.000000 and TNOM = 27.000000

Using SPARSE 1.3 as Direct Linear Solver
 Reference value :  1.00000e-02
 Reference value :  7.71792e+07
No. of Data Rows : 4401
Doing analysis at TEMP = -40.000000 and TNOM = 27.000000

Using SPARSE 1.3 as Direct Linear Solver
 Reference value :  1.00000e-02
 Reference value :  3.52777e+07
No. of Data Rows : 4401
dcg                 =  1.44798e+02
f0                  =  3.76359e+04
phx                 =  -9.88060e+01
f180                =  1.81388e+06
gmx                 =  -4.13144e+01
 meas ac f0r when tdb=0 rise=1 failed!

tres                =  -3.93992e-01 at=  3.95822e+04
ROW iload_a=0.0001 ceff_f=1e-06 esr_ohm=0.5 vout_v=1.79946 dcgain_db=144.798 f0_hz=37635.9 phase_at_f0_deg=-98.806 f180_hz=1.81388E+06 gain_at_f180_db=-41.3144 f0_rising_hz= resurgence_db=-0.393992
Doing analysis at TEMP = -40.000000 and TNOM = 27.000000

Using SPARSE 1.3 as Direct Linear Solver

No. of Data Rows : 1
Doing analysis at TEMP = -40.000000 and TNOM = 27.000000

Using SPARSE 1.3 as Direct Linear Solver
 Reference value :  1.00000e-02
 Reference value :  4.36516e+07
No. of Data Rows : 4401
Doing analysis at TEMP = -40.000000 and TNOM = 27.000000

Using SPARSE 1.3 as Direct Linear Solver
 Reference value :  1.00000e-02
 Reference value :  1.58489e+07
No. of Data Rows : 4401
dcg                 =  1.44798e+02
f0                  =  8.56956e+03
phx                 =  -1.25761e+02
f180                =  4.26053e+05
gmx                 =  -4.27638e+01
 meas ac f0r when tdb=0 rise=1 failed!

tres                =  -5.77562e-01 at=  9.01571e+03
ROW iload_a=0.0001 ceff_f=4.7e-06 esr_ohm=0.001 vout_v=1.79946 dcgain_db=144.798 f0_hz=8569.56 phase_at_f0_deg=-125.761 f180_hz=426053 gain_at_f180_db=-42.7638 f0_rising_hz= resurgence_db=-0.577562
Doing analysis at TEMP = -40.000000 and TNOM = 27.000000

Using SPARSE 1.3 as Direct Linear Solver
 Reference value :  0.00000e+00
No. of Data Rows : 1
Doing analysis at TEMP = -40.000000 and TNOM = 27.000000

Using SPARSE 1.3 as Direct Linear Solver
 Reference value :  1.00000e-02
 Reference value :  3.65174e+07
No. of Data Rows : 4401
Doing analysis at TEMP = -40.000000 and TNOM = 27.000000

Using SPARSE 1.3 as Direct Linear Solver
 Reference value :  1.00000e-02
 Reference value :  5.30884e+07
No. of Data Rows : 4401
dcg                 =  1.44798e+02
f0                  =  8.57007e+03
phx                 =  -1.25049e+02
f180                =  1.60017e+06
gmx                 =  -5.90832e+01
 meas ac f0r when tdb=0 rise=1 failed!

tres                =  -5.76812e-01 at=  9.01571e+03
ROW iload_a=0.0001 ceff_f=4.7e-06 esr_ohm=0.05 vout_v=1.79946 dcgain_db=144.798 f0_hz=8570.07 phase_at_f0_deg=-125.049 f180_hz=1.60017E+06 gain_at_f180_db=-59.0832 f0_rising_hz= resurgence_db=-0.576812
Doing analysis at TEMP = -40.000000 and TNOM = 27.000000

Using SPARSE 1.3 as Direct Linear Solver
 Reference value :  0.00000e+00
No. of Data Rows : 1
Doing analysis at TEMP = -40.000000 and TNOM = 27.000000

Using SPARSE 1.3 as Direct Linear Solver
 Reference value :  1.00000e-02
 Reference value :  2.49747e+07
No. of Data Rows : 4401
Doing analysis at TEMP = -40.000000 and TNOM = 27.000000

Using SPARSE 1.3 as Direct Linear Solver
 Reference value :  1.00000e-02
 Reference value :  3.34965e+07
No. of Data Rows : 4401
dcg                 =  1.44798e+02
f0                  =  8.57783e+03
phx                 =  -1.22849e+02
f180                =  1.95340e+06
gmx                 =  -5.04014e+01
 meas ac f0r when tdb=0 rise=1 failed!

tres                =  -5.65341e-01 at=  9.01571e+03
ROW iload_a=0.0001 ceff_f=4.7e-06 esr_ohm=0.2 vout_v=1.79946 dcgain_db=144.798 f0_hz=8577.83 phase_at_f0_deg=-122.849 f180_hz=1.9534E+06 gain_at_f180_db=-50.4014 f0_rising_hz= resurgence_db=-0.565341
Doing analysis at TEMP = -40.000000 and TNOM = 27.000000

Using SPARSE 1.3 as Direct Linear Solver
 Reference value :  0.00000e+00
No. of Data Rows : 1
Doing analysis at TEMP = -40.000000 and TNOM = 27.000000

Using SPARSE 1.3 as Direct Linear Solver
 Reference value :  1.00000e-02
 Reference value :  3.34965e+07
No. of Data Rows : 4401
Doing analysis at TEMP = -40.000000 and TNOM = 27.000000

Using SPARSE 1.3 as Direct Linear Solver
 Reference value :  1.00000e-02
 Reference value :  4.29042e+07
No. of Data Rows : 4401
dcg                 =  1.44798e+02
f0                  =  8.62171e+03
phx                 =  -1.18353e+02
f180                =  2.00146e+06
gmx                 =  -4.28668e+01
 meas ac f0r when tdb=0 rise=1 failed!

tres                =  -5.65382e-01 at=  9.06776e+03
ROW iload_a=0.0001 ceff_f=4.7e-06 esr_ohm=0.5 vout_v=1.79946 dcgain_db=144.798 f0_hz=8621.71 phase_at_f0_deg=-118.353 f180_hz=2.00146E+06 gain_at_f180_db=-42.8668 f0_rising_hz= resurgence_db=-0.565382
Doing analysis at TEMP = -40.000000 and TNOM = 27.000000

Using SPARSE 1.3 as Direct Linear Solver
 Reference value :  0.00000e+00
No. of Data Rows : 1
Doing analysis at TEMP = -40.000000 and TNOM = 27.000000

Using SPARSE 1.3 as Direct Linear Solver
 Reference value :  1.00000e-02
No. of Data Rows : 4401
Doing analysis at TEMP = -40.000000 and TNOM = 27.000000

Using SPARSE 1.3 as Direct Linear Solver
 Reference value :  1.00000e-02
No. of Data Rows : 4401
dcg                 =  1.44973e+02
f0                  =  2.69938e+05
phx                 =  -1.32225e+02
f180                =  6.69794e+05
gmx                 =  -1.12042e+01
 meas ac f0r when tdb=0 rise=1 failed!

tres                =  -5.05772e-01 at=  2.83465e+05
ROW iload_a=0.001 ceff_f=3.3e-07 esr_ohm=0.001 vout_v=1.79946 dcgain_db=144.973 f0_hz=269938 phase_at_f0_deg=-132.225 f180_hz=669794 gain_at_f180_db=-11.2042 f0_rising_hz= resurgence_db=-0.505772
Doing analysis at TEMP = -40.000000 and TNOM = 27.000000

Using SPARSE 1.3 as Direct Linear Solver
 Reference value :  0.00000e+00
No. of Data Rows : 1
Doing analysis at TEMP = -40.000000 and TNOM = 27.000000

Using SPARSE 1.3 as Direct Linear Solver
 Reference value :  1.00000e-02
 Reference value :  3.75837e+07
No. of Data Rows : 4401
Doing analysis at TEMP = -40.000000 and TNOM = 27.000000

Using SPARSE 1.3 as Direct Linear Solver
 Reference value :  1.00000e-02
 Reference value :  3.10814e+08
No. of Data Rows : 4401
dcg                 =  1.44973e+02
f0                  =  2.70025e+05
phx                 =  -1.30666e+02
f180                =  7.11097e+05
gmx                 =  -1.20990e+01
 meas ac f0r when tdb=0 rise=1 failed!

tres                =  -5.62096e-01 at=  2.85102e+05
ROW iload_a=0.001 ceff_f=3.3e-07 esr_ohm=0.05 vout_v=1.79946 dcgain_db=144.973 f0_hz=270025 phase_at_f0_deg=-130.666 f180_hz=711097 gain_at_f180_db=-12.099 f0_rising_hz= resurgence_db=-0.562096
Doing analysis at TEMP = -40.000000 and TNOM = 27.000000

Using SPARSE 1.3 as Direct Linear Solver
 Reference value :  0.00000e+00
No. of Data Rows : 1
Doing analysis at TEMP = -40.000000 and TNOM = 27.000000

Using SPARSE 1.3 as Direct Linear Solver
 Reference value :  1.00000e-02
 Reference value :  3.63078e+07
No. of Data Rows : 4401
Doing analysis at TEMP = -40.000000 and TNOM = 27.000000

Using SPARSE 1.3 as Direct Linear Solver
 Reference value :  1.00000e-02
 Reference value :  2.64545e+07
No. of Data Rows : 4401
dcg                 =  1.44973e+02
f0                  =  2.71369e+05
phx                 =  -1.26033e+02
f180                =  8.83930e+05
gmx                 =  -1.51590e+01
 meas ac f0r when tdb=0 rise=1 failed!

tres                =  -5.05836e-01 at=  2.85102e+05
ROW iload_a=0.001 ceff_f=3.3e-07 esr_ohm=0.2 vout_v=1.79946 dcgain_db=144.973 f0_hz=271369 phase_at_f0_deg=-126.033 f180_hz=883930 gain_at_f180_db=-15.159 f0_rising_hz= resurgence_db=-0.505836
Doing analysis at TEMP = -40.000000 and TNOM = 27.000000

Using SPARSE 1.3 as Direct Linear Solver
 Reference value :  0.00000e+00
No. of Data Rows : 1
Doing analysis at TEMP = -40.000000 and TNOM = 27.000000

Using SPARSE 1.3 as Direct Linear Solver
 Reference value :  1.00000e-02
 Reference value :  7.49894e+08
No. of Data Rows : 4401
Doing analysis at TEMP = -40.000000 and TNOM = 27.000000

Using SPARSE 1.3 as Direct Linear Solver
 Reference value :  1.00000e-02
 Reference value :  6.23735e+07
No. of Data Rows : 4401
dcg                 =  1.44973e+02
f0                  =  2.79215e+05
phx                 =  -1.17377e+02
f180                =  1.35191e+06
gmx                 =  -1.92014e+01
 meas ac f0r when tdb=0 rise=1 failed!

tres                =  -4.84036e-01 at=  2.93427e+05
ROW iload_a=0.001 ceff_f=3.3e-07 esr_ohm=0.5 vout_v=1.79946 dcgain_db=144.973 f0_hz=279215 phase_at_f0_deg=-117.377 f180_hz=1.35191E+06 gain_at_f180_db=-19.2014 f0_rising_hz= resurgence_db=-0.484036
Doing analysis at TEMP = -40.000000 and TNOM = 27.000000

Using SPARSE 1.3 as Direct Linear Solver
 Reference value :  0.00000e+00
No. of Data Rows : 1
Doing analysis at TEMP = -40.000000 and TNOM = 27.000000

Using SPARSE 1.3 as Direct Linear Solver
 Reference value :  1.00000e-02
 Reference value :  1.00000e+08
No. of Data Rows : 4401
Doing analysis at TEMP = -40.000000 and TNOM = 27.000000

Using SPARSE 1.3 as Direct Linear Solver
 Reference value :  1.00000e-02
 Reference value :  6.20155e+07
No. of Data Rows : 4401
dcg                 =  1.44973e+02
f0                  =  9.49466e+04
phx                 =  -1.09735e+02
f180                =  6.71386e+05
gmx                 =  -2.08681e+01
 meas ac f0r when tdb=0 rise=1 failed!

tres                =  -4.43569e-01 at=  1.00000e+05
ROW iload_a=0.001 ceff_f=1e-06 esr_ohm=0.001 vout_v=1.79946 dcgain_db=144.973 f0_hz=94946.6 phase_at_f0_deg=-109.735 f180_hz=671386 gain_at_f180_db=-20.8681 f0_rising_hz= resurgence_db=-0.443569
Doing analysis at TEMP = -40.000000 and TNOM = 27.000000

Using SPARSE 1.3 as Direct Linear Solver
 Reference value :  0.00000e+00
No. of Data Rows : 1
Doing analysis at TEMP = -40.000000 and TNOM = 27.000000

Using SPARSE 1.3 as Direct Linear Solver
 Reference value :  1.00000e-02
 Reference value :  3.60994e+07
No. of Data Rows : 4401
Doing analysis at TEMP = -40.000000 and TNOM = 27.000000

Using SPARSE 1.3 as Direct Linear Solver
 Reference value :  1.00000e-02
 Reference value :  2.05353e+07
No. of Data Rows : 4401
dcg                 =  1.44973e+02
f0                  =  9.49883e+04
phx                 =  -1.08064e+02
f180                =  8.19502e+05
gmx                 =  -2.37644e+01
 meas ac f0r when tdb=0 rise=1 failed!

tres                =  -4.39409e-01 at=  1.00000e+05
ROW iload_a=0.001 ceff_f=1e-06 esr_ohm=0.05 vout_v=1.79946 dcgain_db=144.973 f0_hz=94988.3 phase_at_f0_deg=-108.064 f180_hz=819502 gain_at_f180_db=-23.7644 f0_rising_hz= resurgence_db=-0.439409
Doing analysis at TEMP = -40.000000 and TNOM = 27.000000

Using SPARSE 1.3 as Direct Linear Solver
 Reference value :  0.00000e+00
No. of Data Rows : 1
Doing analysis at TEMP = -40.000000 and TNOM = 27.000000

Using SPARSE 1.3 as Direct Linear Solver
 Reference value :  1.00000e-02
 Reference value :  3.58922e+07
No. of Data Rows : 4401
Doing analysis at TEMP = -40.000000 and TNOM = 27.000000

Using SPARSE 1.3 as Direct Linear Solver
 Reference value :  1.00000e-02
 Reference value :  6.60693e+07
No. of Data Rows : 4401
dcg                 =  1.44973e+02
f0                  =  9.56365e+04
phx                 =  -1.02975e+02
f180                =  1.46980e+06
gmx                 =  -2.89196e+01
 meas ac f0r when tdb=0 rise=1 failed!

tres                =  -4.24620e-01 at=  1.00577e+05
ROW iload_a=0.001 ceff_f=1e-06 esr_ohm=0.2 vout_v=1.79946 dcgain_db=144.973 f0_hz=95636.5 phase_at_f0_deg=-102.975 f180_hz=1.4698E+06 gain_at_f180_db=-28.9196 f0_rising_hz= resurgence_db=-0.42462
Doing analysis at TEMP = -40.000000 and TNOM = 27.000000

Using SPARSE 1.3 as Direct Linear Solver
 Reference value :  0.00000e+00
No. of Data Rows : 1
Doing analysis at TEMP = -40.000000 and TNOM = 27.000000

Using SPARSE 1.3 as Direct Linear Solver
 Reference value :  1.00000e-02
 Reference value :  6.45654e+07
No. of Data Rows : 4401
Doing analysis at TEMP = -40.000000 and TNOM = 27.000000

Using SPARSE 1.3 as Direct Linear Solver
 Reference value :  1.00000e-02
 Reference value :  3.18053e+07
No. of Data Rows : 4401
dcg                 =  1.44973e+02
f0                  =  9.95391e+04
phx                 =  -9.28074e+01
f180                =  1.81500e+06
gmx                 =  -2.50115e+01
 meas ac f0r when tdb=0 rise=1 failed!

tres                =  -3.94428e-01 at=  1.04713e+05
ROW iload_a=0.001 ceff_f=1e-06 esr_ohm=0.5 vout_v=1.79946 dcgain_db=144.973 f0_hz=99539.1 phase_at_f0_deg=-92.8074 f180_hz=1.815E+06 gain_at_f180_db=-25.0115 f0_rising_hz= resurgence_db=-0.394428
Doing analysis at TEMP = -40.000000 and TNOM = 27.000000

Using SPARSE 1.3 as Direct Linear Solver
 Reference value :  0.00000e+00
No. of Data Rows : 1
Doing analysis at TEMP = -40.000000 and TNOM = 27.000000

Using SPARSE 1.3 as Direct Linear Solver
 Reference value :  1.00000e-02
 Reference value :  6.53131e+07
No. of Data Rows : 4401
Doing analysis at TEMP = -40.000000 and TNOM = 27.000000

Using SPARSE 1.3 as Direct Linear Solver
 Reference value :  1.00000e-02
 Reference value :  2.80221e+07
No. of Data Rows : 4401
dcg                 =  1.44973e+02
f0                  =  2.19848e+04
phx                 =  -1.27749e+02
f180                =  6.80543e+05
gmx                 =  -3.45182e+01
 meas ac f0r when tdb=0 rise=1 failed!

tres                =  -6.04690e-01 at=  2.31739e+04
ROW iload_a=0.001 ceff_f=4.7e-06 esr_ohm=0.001 vout_v=1.79946 dcgain_db=144.973 f0_hz=21984.8 phase_at_f0_deg=-127.749 f180_hz=680543 gain_at_f180_db=-34.5182 f0_rising_hz= resurgence_db=-0.60469
Doing analysis at TEMP = -40.000000 and TNOM = 27.000000

Using SPARSE 1.3 as Direct Linear Solver
 Reference value :  0.00000e+00
No. of Data Rows : 1
Doing analysis at TEMP = -40.000000 and TNOM = 27.000000

Using SPARSE 1.3 as Direct Linear Solver
 Reference value :  1.00000e-02
 Reference value :  3.42768e+07
No. of Data Rows : 4401
Doing analysis at TEMP = -40.000000 and TNOM = 27.000000

Using SPARSE 1.3 as Direct Linear Solver
 Reference value :  1.00000e-02
 Reference value :  9.44061e+07
No. of Data Rows : 4401
dcg                 =  1.44973e+02
f0                  =  2.19931e+04
phx                 =  -1.25915e+02
f180                =  1.56474e+06
gmx                 =  -4.21938e+01
 meas ac f0r when tdb=0 rise=1 failed!

tres                =  -5.99740e-01 at=  2.31739e+04
ROW iload_a=0.001 ceff_f=4.7e-06 esr_ohm=0.05 vout_v=1.79946 dcgain_db=144.973 f0_hz=21993.1 phase_at_f0_deg=-125.915 f180_hz=1.56474E+06 gain_at_f180_db=-42.1938 f0_rising_hz= resurgence_db=-0.59974
Doing analysis at TEMP = -40.000000 and TNOM = 27.000000

Using SPARSE 1.3 as Direct Linear Solver
 Reference value :  0.00000e+00
No. of Data Rows : 1
Doing analysis at TEMP = -40.000000 and TNOM = 27.000000

Using SPARSE 1.3 as Direct Linear Solver
 Reference value :  1.00000e-02
 Reference value :  2.34423e+07
No. of Data Rows : 4401
Doing analysis at TEMP = -40.000000 and TNOM = 27.000000

Using SPARSE 1.3 as Direct Linear Solver
 Reference value :  1.00000e-02
 Reference value :  6.16595e+07
No. of Data Rows : 4401
dcg                 =  1.44973e+02
f0                  =  2.21234e+04
phx                 =  -1.20155e+02
f180                =  1.92204e+06
gmx                 =  -3.39681e+01
 meas ac f0r when tdb=0 rise=1 failed!

tres                =  -5.88850e-01 at=  2.33077e+04
ROW iload_a=0.001 ceff_f=4.7e-06 esr_ohm=0.2 vout_v=1.79946 dcgain_db=144.973 f0_hz=22123.4 phase_at_f0_deg=-120.155 f180_hz=1.92204E+06 gain_at_f180_db=-33.9681 f0_rising_hz= resurgence_db=-0.58885
Doing analysis at TEMP = -40.000000 and TNOM = 27.000000

Using SPARSE 1.3 as Direct Linear Solver
 Reference value :  0.00000e+00
No. of Data Rows : 1
Doing analysis at TEMP = -40.000000 and TNOM = 27.000000

Using SPARSE 1.3 as Direct Linear Solver
 Reference value :  1.00000e-02
 Reference value :  5.95662e+07
No. of Data Rows : 4401
Doing analysis at TEMP = -40.000000 and TNOM = 27.000000

Using SPARSE 1.3 as Direct Linear Solver
 Reference value :  1.00000e-02
 Reference value :  1.14156e+08
No. of Data Rows : 4401
dcg                 =  1.44973e+02
f0                  =  2.28985e+04
phx                 =  -1.07904e+02
f180                =  1.98648e+06
gmx                 =  -2.65851e+01
 meas ac f0r when tdb=0 rise=1 failed!

tres                =  -5.39496e-01 at=  2.41268e+04
ROW iload_a=0.001 ceff_f=4.7e-06 esr_ohm=0.5 vout_v=1.79946 dcgain_db=144.973 f0_hz=22898.5 phase_at_f0_deg=-107.904 f180_hz=1.98648E+06 gain_at_f180_db=-26.5851 f0_rising_hz= resurgence_db=-0.539496
Doing analysis at TEMP = -40.000000 and TNOM = 27.000000

Using SPARSE 1.3 as Direct Linear Solver
 Reference value :  0.00000e+00
No. of Data Rows : 1
Doing analysis at TEMP = -40.000000 and TNOM = 27.000000

Using SPARSE 1.3 as Direct Linear Solver
 Reference value :  1.00000e-02
 Reference value :  6.95825e+07
No. of Data Rows : 4401
Doing analysis at TEMP = -40.000000 and TNOM = 27.000000

Using SPARSE 1.3 as Direct Linear Solver
 Reference value :  1.00000e-02
 Reference value :  6.06038e+07
No. of Data Rows : 4401
dcg                 =  1.43098e+02
f0                  =  5.06292e+05
phx                 =  -1.60651e+02
f180                =  6.92163e+05
gmx                 =  -4.30175e+00
 meas ac f0r when tdb=0 rise=1 failed!

tres                =  -6.85868e-01 at=  5.33949e+05
ROW iload_a=0.01 ceff_f=3.3e-07 esr_ohm=0.001 vout_v=1.79946 dcgain_db=143.098 f0_hz=506292 phase_at_f0_deg=-160.651 f180_hz=692163 gain_at_f180_db=-4.30175 f0_rising_hz= resurgence_db=-0.685868
Doing analysis at TEMP = -40.000000 and TNOM = 27.000000

Using SPARSE 1.3 as Direct Linear Solver
 Reference value :  0.00000e+00
No. of Data Rows : 1
Doing analysis at TEMP = -40.000000 and TNOM = 27.000000

Using SPARSE 1.3 as Direct Linear Solver
 Reference value :  1.00000e-02
 Reference value :  4.24131e+07
No. of Data Rows : 4401
Doing analysis at TEMP = -40.000000 and TNOM = 27.000000

Using SPARSE 1.3 as Direct Linear Solver
 Reference value :  1.00000e-02
 Reference value :  1.07771e+08
No. of Data Rows : 4401
dcg                 =  1.43098e+02
f0                  =  5.06756e+05
phx                 =  -1.57759e+02
f180                =  7.36655e+05
gmx                 =  -5.21839e+00
 meas ac f0r when tdb=0 rise=1 failed!

tres                =  -6.72869e-01 at=  5.33949e+05
ROW iload_a=0.01 ceff_f=3.3e-07 esr_ohm=0.05 vout_v=1.79946 dcgain_db=143.098 f0_hz=506756 phase_at_f0_deg=-157.759 f180_hz=736655 gain_at_f180_db=-5.21839 f0_rising_hz= resurgence_db=-0.672869
Doing analysis at TEMP = -40.000000 and TNOM = 27.000000

Using SPARSE 1.3 as Direct Linear Solver
 Reference value :  0.00000e+00
No. of Data Rows : 1
Doing analysis at TEMP = -40.000000 and TNOM = 27.000000

Using SPARSE 1.3 as Direct Linear Solver
 Reference value :  1.00000e-02
 Reference value :  2.75423e+07
No. of Data Rows : 4401
Doing analysis at TEMP = -40.000000 and TNOM = 27.000000

Using SPARSE 1.3 as Direct Linear Solver
 Reference value :  1.00000e-02
 Reference value :  6.87860e+07
No. of Data Rows : 4401
dcg                 =  1.43098e+02
f0                  =  5.13946e+05
phx                 =  -1.49542e+02
f180                =  9.23422e+05
gmx                 =  -8.33474e+00
 meas ac f0r when tdb=0 rise=1 failed!

tres                =  -6.25173e-01 at=  5.40132e+05
ROW iload_a=0.01 ceff_f=3.3e-07 esr_ohm=0.2 vout_v=1.79946 dcgain_db=143.098 f0_hz=513946 phase_at_f0_deg=-149.541 f180_hz=923422 gain_at_f180_db=-8.33474 f0_rising_hz= resurgence_db=-0.625173
Doing analysis at TEMP = -40.000000 and TNOM = 27.000000

Using SPARSE 1.3 as Direct Linear Solver
 Reference value :  0.00000e+00
No. of Data Rows : 1
Doing analysis at TEMP = -40.000000 and TNOM = 27.000000

Using SPARSE 1.3 as Direct Linear Solver
 Reference value :  1.00000e-02
 Reference value :  4.31519e+07
No. of Data Rows : 4401
Doing analysis at TEMP = -40.000000 and TNOM = 27.000000

Using SPARSE 1.3 as Direct Linear Solver
 Reference value :  1.00000e-02
 Reference value :  1.64059e+08
No. of Data Rows : 4401
dcg                 =  1.43098e+02
f0                  =  5.57177e+05
phx                 =  -1.36292e+02
f180                =  1.41087e+06
gmx                 =  -1.21330e+01
 meas ac f0r when tdb=0 rise=1 failed!

tres                =  -5.56511e-01 at=  5.85464e+05
ROW iload_a=0.01 ceff_f=3.3e-07 esr_ohm=0.5 vout_v=1.79946 dcgain_db=143.098 f0_hz=557177 phase_at_f0_deg=-136.291 f180_hz=1.41087E+06 gain_at_f180_db=-12.133 f0_rising_hz= resurgence_db=-0.556511
Doing analysis at TEMP = -40.000000 and TNOM = 27.000000

Using SPARSE 1.3 as Direct Linear Solver
 Reference value :  0.00000e+00
No. of Data Rows : 1
Doing analysis at TEMP = -40.000000 and TNOM = 27.000000

Using SPARSE 1.3 as Direct Linear Solver
 Reference value :  1.00000e-02
 Reference value :  1.07152e+08
No. of Data Rows : 4401
Doing analysis at TEMP = -40.000000 and TNOM = 27.000000

Using SPARSE 1.3 as Direct Linear Solver
 Reference value :  1.00000e-02
 Reference value :  7.20278e+07
No. of Data Rows : 4401
dcg                 =  1.43098e+02
f0                  =  2.08532e+05
phx                 =  -1.26066e+02
f180                =  6.93684e+05
gmx                 =  -1.39545e+01
 meas ac f0r when tdb=0 rise=1 failed!

tres                =  -5.19219e-01 at=  2.20039e+05
ROW iload_a=0.01 ceff_f=1e-06 esr_ohm=0.001 vout_v=1.79946 dcgain_db=143.098 f0_hz=208532 phase_at_f0_deg=-126.066 f180_hz=693684 gain_at_f180_db=-13.9545 f0_rising_hz= resurgence_db=-0.519219
Doing analysis at TEMP = -40.000000 and TNOM = 27.000000

Using SPARSE 1.3 as Direct Linear Solver
 Reference value :  0.00000e+00
No. of Data Rows : 1
Doing analysis at TEMP = -40.000000 and TNOM = 27.000000

Using SPARSE 1.3 as Direct Linear Solver
 Reference value :  1.00000e-02
 Reference value :  7.94328e+07
No. of Data Rows : 4401
Doing analysis at TEMP = -40.000000 and TNOM = 27.000000

Using SPARSE 1.3 as Direct Linear Solver
 Reference value :  1.00000e-02
 Reference value :  1.55776e+08
No. of Data Rows : 4401
dcg                 =  1.43098e+02
f0                  =  2.08925e+05
phx                 =  -1.22429e+02
f180                =  8.53649e+05
gmx                 =  -1.69149e+01
 meas ac f0r when tdb=0 rise=1 failed!

tres                =  -4.99041e-01 at=  2.20039e+05
ROW iload_a=0.01 ceff_f=1e-06 esr_ohm=0.05 vout_v=1.79946 dcgain_db=143.098 f0_hz=208924 phase_at_f0_deg=-122.429 f180_hz=853649 gain_at_f180_db=-16.9149 f0_rising_hz= resurgence_db=-0.499041
Doing analysis at TEMP = -40.000000 and TNOM = 27.000000

Using SPARSE 1.3 as Direct Linear Solver
 Reference value :  0.00000e+00
No. of Data Rows : 1
Doing analysis at TEMP = -40.000000 and TNOM = 27.000000

Using SPARSE 1.3 as Direct Linear Solver
 Reference value :  1.00000e-02
No. of Data Rows : 4401
Doing analysis at TEMP = -40.000000 and TNOM = 27.000000

Using SPARSE 1.3 as Direct Linear Solver
 Reference value :  1.00000e-02
 Reference value :  9.94260e+07
No. of Data Rows : 4401
dcg                 =  1.43098e+02
f0                  =  2.15217e+05
phx                 =  -1.11752e+02
f180                =  1.52865e+06
gmx                 =  -2.17415e+01
 meas ac f0r when tdb=0 rise=1 failed!

tres                =  -4.63320e-01 at=  2.26464e+05
ROW iload_a=0.01 ceff_f=1e-06 esr_ohm=0.2 vout_v=1.79946 dcgain_db=143.098 f0_hz=215217 phase_at_f0_deg=-111.752 f180_hz=1.52865E+06 gain_at_f180_db=-21.7415 f0_rising_hz= resurgence_db=-0.46332
Doing analysis at TEMP = -40.000000 and TNOM = 27.000000

Using SPARSE 1.3 as Direct Linear Solver
 Reference value :  0.00000e+00
No. of Data Rows : 1
Doing analysis at TEMP = -40.000000 and TNOM = 27.000000

Using SPARSE 1.3 as Direct Linear Solver
 Reference value :  1.00000e-02
 Reference value :  1.17490e+08
No. of Data Rows : 4401
Doing analysis at TEMP = -40.000000 and TNOM = 27.000000

Using SPARSE 1.3 as Direct Linear Solver
 Reference value :  1.00000e-02
 Reference value :  3.44747e+07
No. of Data Rows : 4401
dcg                 =  1.43098e+02
f0                  =  2.61929e+05
phx                 =  -9.28211e+01
f180                =  1.87025e+06
gmx                 =  -1.76187e+01
 meas ac f0r when tdb=0 rise=1 failed!

tres                =  -3.27194e-01 at=  2.75423e+05
ROW iload_a=0.01 ceff_f=1e-06 esr_ohm=0.5 vout_v=1.79946 dcgain_db=143.098 f0_hz=261929 phase_at_f0_deg=-92.8211 f180_hz=1.87025E+06 gain_at_f180_db=-17.6187 f0_rising_hz= resurgence_db=-0.327194
Doing analysis at TEMP = -40.000000 and TNOM = 27.000000

Using SPARSE 1.3 as Direct Linear Solver
 Reference value :  0.00000e+00
No. of Data Rows : 1
Doing analysis at TEMP = -40.000000 and TNOM = 27.000000

Using SPARSE 1.3 as Direct Linear Solver
 Reference value :  3.80189e+03
No. of Data Rows : 4401
Doing analysis at TEMP = -40.000000 and TNOM = 27.000000

Using SPARSE 1.3 as Direct Linear Solver
 Reference value :  1.00000e-02
 Reference value :  3.07256e+07
No. of Data Rows : 4401
dcg                 =  1.43098e+02
f0                  =  5.01051e+04
phx                 =  -1.23024e+02
f180                =  7.03348e+05
gmx                 =  -2.75992e+01
 meas ac f0r when tdb=0 rise=1 failed!

tres                =  -5.30180e-01 at=  5.27837e+04
ROW iload_a=0.01 ceff_f=4.7e-06 esr_ohm=0.001 vout_v=1.79946 dcgain_db=143.098 f0_hz=50105.1 phase_at_f0_deg=-123.023 f180_hz=703348 gain_at_f180_db=-27.5992 f0_rising_hz= resurgence_db=-0.53018
Doing analysis at TEMP = -40.000000 and TNOM = 27.000000

Using SPARSE 1.3 as Direct Linear Solver
 Reference value :  0.00000e+00
No. of Data Rows : 1
Doing analysis at TEMP = -40.000000 and TNOM = 27.000000

Using SPARSE 1.3 as Direct Linear Solver
 Reference value :  1.00000e-02
 Reference value :  9.06776e+07
No. of Data Rows : 4401
Doing analysis at TEMP = -40.000000 and TNOM = 27.000000

Using SPARSE 1.3 as Direct Linear Solver
 Reference value :  1.00000e-02
 Reference value :  1.47062e+08
No. of Data Rows : 4401
dcg                 =  1.43098e+02
f0                  =  5.02186e+04
phx                 =  -1.18829e+02
f180                =  1.61761e+06
gmx                 =  -3.48886e+01
 meas ac f0r when tdb=0 rise=1 failed!

tres                =  -5.04530e-01 at=  5.27837e+04
ROW iload_a=0.01 ceff_f=4.7e-06 esr_ohm=0.05 vout_v=1.79946 dcgain_db=143.098 f0_hz=50218.6 phase_at_f0_deg=-118.829 f180_hz=1.61761E+06 gain_at_f180_db=-34.8886 f0_rising_hz= resurgence_db=-0.50453
Doing analysis at TEMP = -40.000000 and TNOM = 27.000000

Using SPARSE 1.3 as Direct Linear Solver
 Reference value :  0.00000e+00
No. of Data Rows : 1
Doing analysis at TEMP = -40.000000 and TNOM = 27.000000

Using SPARSE 1.3 as Direct Linear Solver
 Reference value :  1.00000e-02
 Reference value :  3.63078e+07
No. of Data Rows : 4401
Doing analysis at TEMP = -40.000000 and TNOM = 27.000000

Using SPARSE 1.3 as Direct Linear Solver
 Reference value :  1.00000e-02
 Reference value :  2.10136e+08
No. of Data Rows : 4401
dcg                 =  1.43098e+02
f0                  =  5.20564e+04
phx                 =  -1.05376e+02
f180                =  1.97568e+06
gmx                 =  -2.65114e+01
 meas ac f0r when tdb=0 rise=1 failed!

tres                =  -5.02729e-01 at=  5.49541e+04
ROW iload_a=0.01 ceff_f=4.7e-06 esr_ohm=0.2 vout_v=1.79946 dcgain_db=143.098 f0_hz=52056.4 phase_at_f0_deg=-105.376 f180_hz=1.97568E+06 gain_at_f180_db=-26.5114 f0_rising_hz= resurgence_db=-0.502729
Doing analysis at TEMP = -40.000000 and TNOM = 27.000000

Using SPARSE 1.3 as Direct Linear Solver
 Reference value :  0.00000e+00
No. of Data Rows : 1
Doing analysis at TEMP = -40.000000 and TNOM = 27.000000

Using SPARSE 1.3 as Direct Linear Solver
 Reference value :  1.00000e-02
No. of Data Rows : 4401
Doing analysis at TEMP = -40.000000 and TNOM = 27.000000

Using SPARSE 1.3 as Direct Linear Solver
 Reference value :  1.00000e-02
No. of Data Rows : 4401
dcg                 =  1.43098e+02
f0                  =  6.81184e+04
phx                 =  -7.38482e+01
f180                =  2.04022e+06
gmx                 =  -1.91128e+01
 meas ac f0r when tdb=0 rise=1 failed!

tres                =  -2.51613e-01 at=  7.16143e+04
ROW iload_a=0.01 ceff_f=4.7e-06 esr_ohm=0.5 vout_v=1.79946 dcgain_db=143.098 f0_hz=68118.4 phase_at_f0_deg=-73.8482 f180_hz=2.04022E+06 gain_at_f180_db=-19.1128 f0_rising_hz= resurgence_db=-0.251613
Doing analysis at TEMP = -40.000000 and TNOM = 27.000000

Using SPARSE 1.3 as Direct Linear Solver
 Reference value :  0.00000e+00
No. of Data Rows : 1
Doing analysis at TEMP = -40.000000 and TNOM = 27.000000

Using SPARSE 1.3 as Direct Linear Solver
 Reference value :  1.00000e-02
No. of Data Rows : 4401
Doing analysis at TEMP = -40.000000 and TNOM = 27.000000

Using SPARSE 1.3 as Direct Linear Solver
 Reference value :  1.00000e-02
 Reference value :  8.91251e+07
No. of Data Rows : 4401
dcg                 =  1.41051e+02
f0                  =  6.17884e+05
phx                 =  -1.74292e+02
f180                =  6.74339e+05
gmx                 =  -1.26998e+00
 meas ac f0r when tdb=0 rise=1 failed!

tres                =  -7.15411e-01 at=  6.49382e+05
ROW iload_a=0.025 ceff_f=3.3e-07 esr_ohm=0.001 vout_v=1.79946 dcgain_db=141.051 f0_hz=617884 phase_at_f0_deg=-174.291 f180_hz=674339 gain_at_f180_db=-1.26998 f0_rising_hz= resurgence_db=-0.715411
Doing analysis at TEMP = -40.000000 and TNOM = 27.000000

Using SPARSE 1.3 as Direct Linear Solver
 Reference value :  0.00000e+00
No. of Data Rows : 1
Doing analysis at TEMP = -40.000000 and TNOM = 27.000000

Using SPARSE 1.3 as Direct Linear Solver
 Reference value :  1.00000e-02
 Reference value :  2.03002e+08
No. of Data Rows : 4401
Doing analysis at TEMP = -40.000000 and TNOM = 27.000000

Using SPARSE 1.3 as Direct Linear Solver
 Reference value :  1.00000e-02
No. of Data Rows : 4401
dcg                 =  1.41051e+02
f0                  =  6.18629e+05
phx                 =  -1.70781e+02
f180                =  7.16929e+05
gmx                 =  -2.17029e+00
 meas ac f0r when tdb=0 rise=1 failed!

tres                =  -7.80242e-01 at=  6.53131e+05
ROW iload_a=0.025 ceff_f=3.3e-07 esr_ohm=0.05 vout_v=1.79946 dcgain_db=141.051 f0_hz=618629 phase_at_f0_deg=-170.781 f180_hz=716929 gain_at_f180_db=-2.17029 f0_rising_hz= resurgence_db=-0.780242
Doing analysis at TEMP = -40.000000 and TNOM = 27.000000

Using SPARSE 1.3 as Direct Linear Solver
 Reference value :  0.00000e+00
No. of Data Rows : 1
Doing analysis at TEMP = -40.000000 and TNOM = 27.000000

Using SPARSE 1.3 as Direct Linear Solver
 Reference value :  1.00000e-02
 Reference value :  3.84592e+08
No. of Data Rows : 4401
Doing analysis at TEMP = -40.000000 and TNOM = 27.000000

Using SPARSE 1.3 as Direct Linear Solver
 Reference value :  1.00000e-02
No. of Data Rows : 4401
dcg                 =  1.41051e+02
f0                  =  6.30301e+05
phx                 =  -1.61029e+02
f180                =  8.94849e+05
gmx                 =  -5.23005e+00
 meas ac f0r when tdb=0 rise=1 failed!

tres                =  -7.37849e-01 at=  6.64508e+05
ROW iload_a=0.025 ceff_f=3.3e-07 esr_ohm=0.2 vout_v=1.79946 dcgain_db=141.051 f0_hz=630301 phase_at_f0_deg=-161.029 f180_hz=894848 gain_at_f180_db=-5.23005 f0_rising_hz= resurgence_db=-0.737849
Doing analysis at TEMP = -40.000000 and TNOM = 27.000000

Using SPARSE 1.3 as Direct Linear Solver
 Reference value :  0.00000e+00
No. of Data Rows : 1
Doing analysis at TEMP = -40.000000 and TNOM = 27.000000

Using SPARSE 1.3 as Direct Linear Solver
 Reference value :  1.00000e-02
 Reference value :  3.67282e+08
No. of Data Rows : 4401
Doing analysis at TEMP = -40.000000 and TNOM = 27.000000

Using SPARSE 1.3 as Direct Linear Solver
 Reference value :  1.00000e-02
 Reference value :  2.22587e+08
No. of Data Rows : 4401
dcg                 =  1.41051e+02
f0                  =  7.00001e+05
phx                 =  -1.46739e+02
f180                =  1.36524e+06
gmx                 =  -9.07568e+00
 meas ac f0r when tdb=0 rise=1 failed!

tres                =  -6.31215e-01 at=  7.37055e+05
ROW iload_a=0.025 ceff_f=3.3e-07 esr_ohm=0.5 vout_v=1.79946 dcgain_db=141.051 f0_hz=700001 phase_at_f0_deg=-146.739 f180_hz=1.36524E+06 gain_at_f180_db=-9.07568 f0_rising_hz= resurgence_db=-0.631215
Doing analysis at TEMP = -40.000000 and TNOM = 27.000000

Using SPARSE 1.3 as Direct Linear Solver
 Reference value :  0.00000e+00
No. of Data Rows : 1
Doing analysis at TEMP = -40.000000 and TNOM = 27.000000

Using SPARSE 1.3 as Direct Linear Solver
 Reference value :  1.00000e-02
No. of Data Rows : 4401
Doing analysis at TEMP = -40.000000 and TNOM = 27.000000

Using SPARSE 1.3 as Direct Linear Solver
 Reference value :  1.00000e-02
No. of Data Rows : 4401
dcg                 =  1.41051e+02
f0                  =  2.76506e+05
phx                 =  -1.35308e+02
f180                =  6.75514e+05
gmx                 =  -1.09111e+01
 meas ac f0r when tdb=0 rise=1 failed!

tres                =  -5.57271e-01 at=  2.91743e+05
ROW iload_a=0.025 ceff_f=1e-06 esr_ohm=0.001 vout_v=1.79946 dcgain_db=141.051 f0_hz=276506 phase_at_f0_deg=-135.308 f180_hz=675514 gain_at_f180_db=-10.9111 f0_rising_hz= resurgence_db=-0.557271
Doing analysis at TEMP = -40.000000 and TNOM = 27.000000

Using SPARSE 1.3 as Direct Linear Solver
 Reference value :  0.00000e+00
No. of Data Rows : 1
Doing analysis at TEMP = -40.000000 and TNOM = 27.000000

Using SPARSE 1.3 as Direct Linear Solver
 Reference value :  1.00000e-02
 Reference value :  3.60994e+08
No. of Data Rows : 4401
Doing analysis at TEMP = -40.000000 and TNOM = 27.000000

Using SPARSE 1.3 as Direct Linear Solver
 Reference value :  1.00000e-02
No. of Data Rows : 4401
dcg                 =  1.41051e+02
f0                  =  2.77362e+05
phx                 =  -1.30531e+02
f180                =  8.28232e+05
gmx                 =  -1.38167e+01
 meas ac f0r when tdb=0 rise=1 failed!

tres                =  -5.21860e-01 at=  2.91743e+05
ROW iload_a=0.025 ceff_f=1e-06 esr_ohm=0.05 vout_v=1.79946 dcgain_db=141.051 f0_hz=277362 phase_at_f0_deg=-130.531 f180_hz=828232 gain_at_f180_db=-13.8167 f0_rising_hz= resurgence_db=-0.52186
Doing analysis at TEMP = -40.000000 and TNOM = 27.000000

Using SPARSE 1.3 as Direct Linear Solver
 Reference value :  0.00000e+00
No. of Data Rows : 1
Doing analysis at TEMP = -40.000000 and TNOM = 27.000000

Using SPARSE 1.3 as Direct Linear Solver
 Reference value :  1.00000e-02
 Reference value :  3.05492e+07
No. of Data Rows : 4401
Doing analysis at TEMP = -40.000000 and TNOM = 27.000000

Using SPARSE 1.3 as Direct Linear Solver
 Reference value :  1.00000e-02
 Reference value :  3.18053e+07
No. of Data Rows : 4401
dcg                 =  1.41051e+02
f0                  =  2.91333e+05
phx                 =  -1.17089e+02
f180                =  1.48169e+06
gmx                 =  -1.87080e+01
 meas ac f0r when tdb=0 rise=1 failed!

tres                =  -5.03643e-01 at=  3.07256e+05
ROW iload_a=0.025 ceff_f=1e-06 esr_ohm=0.2 vout_v=1.79946 dcgain_db=141.051 f0_hz=291333 phase_at_f0_deg=-117.089 f180_hz=1.48169E+06 gain_at_f180_db=-18.708 f0_rising_hz= resurgence_db=-0.503643
Doing analysis at TEMP = -40.000000 and TNOM = 27.000000

Using SPARSE 1.3 as Direct Linear Solver
 Reference value :  0.00000e+00
No. of Data Rows : 1
Doing analysis at TEMP = -40.000000 and TNOM = 27.000000

Using SPARSE 1.3 as Direct Linear Solver
 Reference value :  1.00000e-02
 Reference value :  9.17276e+07
No. of Data Rows : 4401
Doing analysis at TEMP = -40.000000 and TNOM = 27.000000

Using SPARSE 1.3 as Direct Linear Solver
 Reference value :  1.00000e-02
 Reference value :  9.38642e+07
No. of Data Rows : 4401
dcg                 =  1.41051e+02
f0                  =  4.04660e+05
phx                 =  -9.89977e+01
f180                =  1.81985e+06
gmx                 =  -1.46492e+01
 meas ac f0r when tdb=0 rise=1 failed!

tres                =  -3.35290e-01 at=  4.26580e+05
ROW iload_a=0.025 ceff_f=1e-06 esr_ohm=0.5 vout_v=1.79946 dcgain_db=141.051 f0_hz=404660 phase_at_f0_deg=-98.9977 f180_hz=1.81985E+06 gain_at_f180_db=-14.6492 f0_rising_hz= resurgence_db=-0.33529
Doing analysis at TEMP = -40.000000 and TNOM = 27.000000

Using SPARSE 1.3 as Direct Linear Solver
 Reference value :  0.00000e+00
No. of Data Rows : 1
Doing analysis at TEMP = -40.000000 and TNOM = 27.000000

Using SPARSE 1.3 as Direct Linear Solver
 Reference value :  1.00000e-02
 Reference value :  3.25462e+07
No. of Data Rows : 4401
Doing analysis at TEMP = -40.000000 and TNOM = 27.000000

Using SPARSE 1.3 as Direct Linear Solver
 Reference value :  1.00000e-02
 Reference value :  4.36516e+07
No. of Data Rows : 4401
dcg                 =  1.41051e+02
f0                  =  6.75240e+04
phx                 =  -1.20561e+02
f180                =  6.84643e+05
gmx                 =  -2.45468e+01
 meas ac f0r when tdb=0 rise=1 failed!

tres                =  -5.14078e-01 at=  7.12033e+04
ROW iload_a=0.025 ceff_f=4.7e-06 esr_ohm=0.001 vout_v=1.79946 dcgain_db=141.051 f0_hz=67524 phase_at_f0_deg=-120.561 f180_hz=684643 gain_at_f180_db=-24.5468 f0_rising_hz= resurgence_db=-0.514078
Doing analysis at TEMP = -40.000000 and TNOM = 27.000000

Using SPARSE 1.3 as Direct Linear Solver
 Reference value :  0.00000e+00
No. of Data Rows : 1
Doing analysis at TEMP = -40.000000 and TNOM = 27.000000

Using SPARSE 1.3 as Direct Linear Solver
 Reference value :  1.00000e-02
 Reference value :  4.75883e+07
No. of Data Rows : 4401
Doing analysis at TEMP = -40.000000 and TNOM = 27.000000

Using SPARSE 1.3 as Direct Linear Solver
 Reference value :  1.00000e-02
 Reference value :  3.00262e+07
No. of Data Rows : 4401
dcg                 =  1.41051e+02
f0                  =  6.78170e+04
phx                 =  -1.14914e+02
f180                =  1.56900e+06
gmx                 =  -3.18637e+01
 meas ac f0r when tdb=0 rise=1 failed!

tres                =  -5.22486e-01 at=  7.16143e+04
ROW iload_a=0.025 ceff_f=4.7e-06 esr_ohm=0.05 vout_v=1.79946 dcgain_db=141.051 f0_hz=67817 phase_at_f0_deg=-114.914 f180_hz=1.569E+06 gain_at_f180_db=-31.8636 f0_rising_hz= resurgence_db=-0.522486
Doing analysis at TEMP = -40.000000 and TNOM = 27.000000

Using SPARSE 1.3 as Direct Linear Solver
 Reference value :  0.00000e+00
No. of Data Rows : 1
Doing analysis at TEMP = -40.000000 and TNOM = 27.000000

Using SPARSE 1.3 as Direct Linear Solver
 Reference value :  1.00000e-02
 Reference value :  9.27897e+07
No. of Data Rows : 4401
Doing analysis at TEMP = -40.000000 and TNOM = 27.000000

Using SPARSE 1.3 as Direct Linear Solver
 Reference value :  1.00000e-02
 Reference value :  3.21736e+07
No. of Data Rows : 4401
dcg                 =  1.41051e+02
f0                  =  7.28381e+04
phx                 =  -9.67291e+01
f180                =  1.92466e+06
gmx                 =  -2.35442e+01
 meas ac f0r when tdb=0 rise=1 failed!

tres                =  -4.25093e-01 at=  7.67361e+04
ROW iload_a=0.025 ceff_f=4.7e-06 esr_ohm=0.2 vout_v=1.79946 dcgain_db=141.051 f0_hz=72838.1 phase_at_f0_deg=-96.7291 f180_hz=1.92466E+06 gain_at_f180_db=-23.5442 f0_rising_hz= resurgence_db=-0.425093
Doing analysis at TEMP = -40.000000 and TNOM = 27.000000

Using SPARSE 1.3 as Direct Linear Solver
 Reference value :  0.00000e+00
No. of Data Rows : 1
Doing analysis at TEMP = -40.000000 and TNOM = 27.000000

Using SPARSE 1.3 as Direct Linear Solver
 Reference value :  1.00000e-02
 Reference value :  3.86812e+08
No. of Data Rows : 4401
Doing analysis at TEMP = -40.000000 and TNOM = 27.000000

Using SPARSE 1.3 as Direct Linear Solver
 Reference value :  1.00000e-02
 Reference value :  4.65050e+07
No. of Data Rows : 4401
dcg                 =  1.41051e+02
f0                  =  1.66193e+05
phx                 =  -5.53116e+01
f180                =  1.98795e+06
gmx                 =  -1.61504e+01
 meas ac f0r when tdb=0 rise=1 failed!

tres                =  -9.83562e-02 at=  1.74783e+05
ROW iload_a=0.025 ceff_f=4.7e-06 esr_ohm=0.5 vout_v=1.79946 dcgain_db=141.051 f0_hz=166193 phase_at_f0_deg=-55.3116 f180_hz=1.98795E+06 gain_at_f180_db=-16.1504 f0_rising_hz= resurgence_db=-0.0983562
Doing analysis at TEMP = -40.000000 and TNOM = 27.000000

Using SPARSE 1.3 as Direct Linear Solver
 Reference value :  0.00000e+00
No. of Data Rows : 1
Doing analysis at TEMP = -40.000000 and TNOM = 27.000000

Using SPARSE 1.3 as Direct Linear Solver
 Reference value :  1.00000e-02
 Reference value :  2.55564e+08
No. of Data Rows : 4401
Doing analysis at TEMP = -40.000000 and TNOM = 27.000000

Using SPARSE 1.3 as Direct Linear Solver
 Reference value :  1.00000e-02
 Reference value :  2.80221e+07
No. of Data Rows : 4401
dcg                 =  1.38639e+02
f0                  =  7.06641e+05
phx                 =  -1.83953e+02
f180                =  6.66668e+05
gmx                 =  8.75415e-01
 meas ac f0r when tdb=0 rise=1 failed!

tres                =  -8.29728e-01 at=  7.45590e+05
ROW iload_a=0.05 ceff_f=3.3e-07 esr_ohm=0.001 vout_v=1.79946 dcgain_db=138.639 f0_hz=706640 phase_at_f0_deg=-183.953 f180_hz=666668 gain_at_f180_db=0.875415 f0_rising_hz= resurgence_db=-0.829728
Doing analysis at TEMP = -40.000000 and TNOM = 27.000000

Using SPARSE 1.3 as Direct Linear Solver
 Reference value :  0.00000e+00
No. of Data Rows : 1
Doing analysis at TEMP = -40.000000 and TNOM = 27.000000

Using SPARSE 1.3 as Direct Linear Solver
 Reference value :  1.00000e-02
 Reference value :  4.73151e+07
No. of Data Rows : 4401
Doing analysis at TEMP = -40.000000 and TNOM = 27.000000

Using SPARSE 1.3 as Direct Linear Solver
 Reference value :  1.00000e-02
 Reference value :  1.22321e+08
No. of Data Rows : 4401
dcg                 =  1.38639e+02
f0                  =  7.07652e+05
phx                 =  -1.79954e+02
f180                =  7.08158e+05
gmx                 =  -1.08832e-02
 meas ac f0r when tdb=0 rise=1 failed!

tres                =  -8.05388e-01 at=  7.45590e+05
ROW iload_a=0.05 ceff_f=3.3e-07 esr_ohm=0.05 vout_v=1.79946 dcgain_db=138.639 f0_hz=707652 phase_at_f0_deg=-179.954 f180_hz=708158 gain_at_f180_db=-0.0108832 f0_rising_hz= resurgence_db=-0.805388
Doing analysis at TEMP = -40.000000 and TNOM = 27.000000

Using SPARSE 1.3 as Direct Linear Solver
 Reference value :  0.00000e+00
No. of Data Rows : 1
Doing analysis at TEMP = -40.000000 and TNOM = 27.000000

Using SPARSE 1.3 as Direct Linear Solver
 Reference value :  1.00000e-02
 Reference value :  4.12098e+07
No. of Data Rows : 4401
Doing analysis at TEMP = -40.000000 and TNOM = 27.000000

Using SPARSE 1.3 as Direct Linear Solver
 Reference value :  1.00000e-02
 Reference value :  4.65050e+07
No. of Data Rows : 4401
dcg                 =  1.38639e+02
f0                  =  7.23816e+05
phx                 =  -1.69054e+02
f180                =  8.80553e+05
gmx                 =  -3.01424e+00
 meas ac f0r when tdb=0 rise=1 failed!

tres                =  -7.84744e-01 at=  7.62957e+05
ROW iload_a=0.05 ceff_f=3.3e-07 esr_ohm=0.2 vout_v=1.79946 dcgain_db=138.639 f0_hz=723816 phase_at_f0_deg=-169.054 f180_hz=880553 gain_at_f180_db=-3.01424 f0_rising_hz= resurgence_db=-0.784744
Doing analysis at TEMP = -40.000000 and TNOM = 27.000000

Using SPARSE 1.3 as Direct Linear Solver
 Reference value :  0.00000e+00
No. of Data Rows : 1
Doing analysis at TEMP = -40.000000 and TNOM = 27.000000

Using SPARSE 1.3 as Direct Linear Solver
 Reference value :  1.00000e-02
 Reference value :  5.15822e+07
No. of Data Rows : 4401
Doing analysis at TEMP = -40.000000 and TNOM = 27.000000

Using SPARSE 1.3 as Direct Linear Solver
 Reference value :  1.00000e-02
 Reference value :  1.34122e+08
No. of Data Rows : 4401
dcg                 =  1.38639e+02
f0                  =  8.19218e+05
phx                 =  -1.54421e+02
f180                =  1.33735e+06
gmx                 =  -6.83459e+00
 meas ac f0r when tdb=0 rise=1 failed!

tres                =  -6.42759e-01 at=  8.60994e+05
ROW iload_a=0.05 ceff_f=3.3e-07 esr_ohm=0.5 vout_v=1.79946 dcgain_db=138.639 f0_hz=819218 phase_at_f0_deg=-154.421 f180_hz=1.33735E+06 gain_at_f180_db=-6.83459 f0_rising_hz= resurgence_db=-0.642759
Doing analysis at TEMP = -40.000000 and TNOM = 27.000000

Using SPARSE 1.3 as Direct Linear Solver
 Reference value :  0.00000e+00
No. of Data Rows : 1
Doing analysis at TEMP = -40.000000 and TNOM = 27.000000

Using SPARSE 1.3 as Direct Linear Solver
 Reference value :  1.00000e-02
 Reference value :  5.85464e+07
No. of Data Rows : 4401
Doing analysis at TEMP = -40.000000 and TNOM = 27.000000

Using SPARSE 1.3 as Direct Linear Solver
 Reference value :  1.00000e-02
 Reference value :  2.45471e+07
No. of Data Rows : 4401
dcg                 =  1.38639e+02
f0                  =  3.34246e+05
phx                 =  -1.42793e+02
f180                =  6.67359e+05
gmx                 =  -8.75013e+00
 meas ac f0r when tdb=0 rise=1 failed!

tres                =  -5.96056e-01 at=  3.52777e+05
ROW iload_a=0.05 ceff_f=1e-06 esr_ohm=0.001 vout_v=1.79946 dcgain_db=138.639 f0_hz=334246 phase_at_f0_deg=-142.793 f180_hz=667359 gain_at_f180_db=-8.75013 f0_rising_hz= resurgence_db=-0.596056
Doing analysis at TEMP = -40.000000 and TNOM = 27.000000

Using SPARSE 1.3 as Direct Linear Solver
 Reference value :  0.00000e+00
No. of Data Rows : 1
Doing analysis at TEMP = -40.000000 and TNOM = 27.000000

Using SPARSE 1.3 as Direct Linear Solver
 Reference value :  1.00000e-02
 Reference value :  1.07152e+08
No. of Data Rows : 4401
Doing analysis at TEMP = -40.000000 and TNOM = 27.000000

Using SPARSE 1.3 as Direct Linear Solver
 Reference value :  1.00000e-02
 Reference value :  2.67609e+07
No. of Data Rows : 4401
dcg                 =  1.38639e+02
f0                  =  3.35667e+05
phx                 =  -1.37069e+02
f180                =  8.15715e+05
gmx                 =  -1.16052e+01
 meas ac f0r when tdb=0 rise=1 failed!

tres                =  -5.44586e-01 at=  3.52777e+05
ROW iload_a=0.05 ceff_f=1e-06 esr_ohm=0.05 vout_v=1.79946 dcgain_db=138.639 f0_hz=335667 phase_at_f0_deg=-137.069 f180_hz=815715 gain_at_f180_db=-11.6052 f0_rising_hz= resurgence_db=-0.544586
Doing analysis at TEMP = -40.000000 and TNOM = 27.000000

Using SPARSE 1.3 as Direct Linear Solver
 Reference value :  0.00000e+00
No. of Data Rows : 1
Doing analysis at TEMP = -40.000000 and TNOM = 27.000000

Using SPARSE 1.3 as Direct Linear Solver
 Reference value :  1.00000e-02
 Reference value :  2.42661e+07
No. of Data Rows : 4401
Doing analysis at TEMP = -40.000000 and TNOM = 27.000000

Using SPARSE 1.3 as Direct Linear Solver
 Reference value :  1.00000e-02
 Reference value :  3.23594e+07
No. of Data Rows : 4401
dcg                 =  1.38639e+02
f0                  =  3.59248e+05
phx                 =  -1.21660e+02
f180                =  1.45224e+06
gmx                 =  -1.64711e+01
 meas ac f0r when tdb=0 rise=1 failed!

tres                =  -4.98413e-01 at=  3.78007e+05
ROW iload_a=0.05 ceff_f=1e-06 esr_ohm=0.2 vout_v=1.79946 dcgain_db=138.639 f0_hz=359248 phase_at_f0_deg=-121.66 f180_hz=1.45224E+06 gain_at_f180_db=-16.4711 f0_rising_hz= resurgence_db=-0.498413
Doing analysis at TEMP = -40.000000 and TNOM = 27.000000

Using SPARSE 1.3 as Direct Linear Solver
 Reference value :  0.00000e+00
No. of Data Rows : 1
Doing analysis at TEMP = -40.000000 and TNOM = 27.000000

Using SPARSE 1.3 as Direct Linear Solver
 Reference value :  1.00000e-02
 Reference value :  1.21619e+08
No. of Data Rows : 4401
Doing analysis at TEMP = -40.000000 and TNOM = 27.000000

Using SPARSE 1.3 as Direct Linear Solver
 Reference value :  1.00000e-02
 Reference value :  2.04174e+08
No. of Data Rows : 4401
dcg                 =  1.38639e+02
f0                  =  5.47793e+05
phx                 =  -1.07974e+02
f180                =  1.78686e+06
gmx                 =  -1.24529e+01
 meas ac f0r when tdb=0 rise=1 failed!

tres                =  -3.45876e-01 at=  5.75440e+05
ROW iload_a=0.05 ceff_f=1e-06 esr_ohm=0.5 vout_v=1.79946 dcgain_db=138.639 f0_hz=547793 phase_at_f0_deg=-107.974 f180_hz=1.78686E+06 gain_at_f180_db=-12.4529 f0_rising_hz= resurgence_db=-0.345876
Doing analysis at TEMP = -40.000000 and TNOM = 27.000000

Using SPARSE 1.3 as Direct Linear Solver
 Reference value :  0.00000e+00
No. of Data Rows : 1
Doing analysis at TEMP = -40.000000 and TNOM = 27.000000

Using SPARSE 1.3 as Direct Linear Solver
 Reference value :  1.00000e-02
 Reference value :  8.26990e+06
No. of Data Rows : 4401
Doing analysis at TEMP = -40.000000 and TNOM = 27.000000

Using SPARSE 1.3 as Direct Linear Solver
 Reference value :  1.00000e-02
 Reference value :  4.36516e+07
No. of Data Rows : 4401
dcg                 =  1.38639e+02
f0                  =  8.37094e+04
phx                 =  -1.19599e+02
f180                =  6.76069e+05
gmx                 =  -2.23763e+01
 meas ac f0r when tdb=0 rise=1 failed!

tres                =  -4.84530e-01 at=  8.81049e+04
ROW iload_a=0.05 ceff_f=4.7e-06 esr_ohm=0.001 vout_v=1.79946 dcgain_db=138.639 f0_hz=83709.4 phase_at_f0_deg=-119.599 f180_hz=676069 gain_at_f180_db=-22.3763 f0_rising_hz= resurgence_db=-0.48453
Doing analysis at TEMP = -40.000000 and TNOM = 27.000000

Using SPARSE 1.3 as Direct Linear Solver
 Reference value :  0.00000e+00
No. of Data Rows : 1
Doing analysis at TEMP = -40.000000 and TNOM = 27.000000

Using SPARSE 1.3 as Direct Linear Solver
 Reference value :  1.00000e-02
 Reference value :  6.02560e+07
No. of Data Rows : 4401
Doing analysis at TEMP = -40.000000 and TNOM = 27.000000

Using SPARSE 1.3 as Direct Linear Solver
 Reference value :  1.00000e-02
 Reference value :  6.02560e+07
No. of Data Rows : 4401
dcg                 =  1.38639e+02
f0                  =  8.42823e+04
phx                 =  -1.12619e+02
f180                =  1.53835e+06
gmx                 =  -2.96297e+01
 meas ac f0r when tdb=0 rise=1 failed!

tres                =  -4.67193e-01 at=  8.86135e+04
ROW iload_a=0.05 ceff_f=4.7e-06 esr_ohm=0.05 vout_v=1.79946 dcgain_db=138.639 f0_hz=84282.3 phase_at_f0_deg=-112.619 f180_hz=1.53835E+06 gain_at_f180_db=-29.6297 f0_rising_hz= resurgence_db=-0.467193
Doing analysis at TEMP = -40.000000 and TNOM = 27.000000

Using SPARSE 1.3 as Direct Linear Solver
 Reference value :  0.00000e+00
No. of Data Rows : 1
Doing analysis at TEMP = -40.000000 and TNOM = 27.000000

Using SPARSE 1.3 as Direct Linear Solver
 Reference value :  1.00000e-02
 Reference value :  2.83465e+07
No. of Data Rows : 4401
Doing analysis at TEMP = -40.000000 and TNOM = 27.000000

Using SPARSE 1.3 as Direct Linear Solver
 Reference value :  1.00000e-02
 Reference value :  4.75883e+07
No. of Data Rows : 4401
dcg                 =  1.38639e+02
f0                  =  9.48279e+04
phx                 =  -9.01930e+01
f180                =  1.89138e+06
gmx                 =  -2.13472e+01
 meas ac f0r when tdb=0 rise=1 failed!

tres                =  -3.82986e-01 at=  1.00000e+05
ROW iload_a=0.05 ceff_f=4.7e-06 esr_ohm=0.2 vout_v=1.79946 dcgain_db=138.639 f0_hz=94827.9 phase_at_f0_deg=-90.193 f180_hz=1.89138E+06 gain_at_f180_db=-21.3472 f0_rising_hz= resurgence_db=-0.382986
Doing analysis at TEMP = -40.000000 and TNOM = 27.000000

Using SPARSE 1.3 as Direct Linear Solver
 Reference value :  0.00000e+00
No. of Data Rows : 1
Doing analysis at TEMP = -40.000000 and TNOM = 27.000000

Using SPARSE 1.3 as Direct Linear Solver
 Reference value :  1.00000e-02
No. of Data Rows : 4401
Doing analysis at TEMP = -40.000000 and TNOM = 27.000000

Using SPARSE 1.3 as Direct Linear Solver
 Reference value :  1.00000e-02
 Reference value :  2.75423e+07
No. of Data Rows : 4401
dcg                 =  1.38639e+02
f0                  =  4.08275e+05
phx                 =  -7.13399e+01
f180                =  1.95343e+06
gmx                 =  -1.39587e+01
 meas ac f0r when tdb=0 rise=1 failed!

tres                =  -1.70256e-01 at=  4.29042e+05
ROW iload_a=0.05 ceff_f=4.7e-06 esr_ohm=0.5 vout_v=1.79946 dcgain_db=138.639 f0_hz=408275 phase_at_f0_deg=-71.3399 f180_hz=1.95342E+06 gain_at_f180_db=-13.9587 f0_rising_hz= resurgence_db=-0.170256
* SWEEP COMPLETE ss_-40c_3.30v
Note: Simulation executed from .control section 
Warning: m=xx on .subckt line will override multiplier m hierarchy!

Note: Starting dynamic gmin stepping
Note: Dynamic gmin stepping completed
Note: Starting dynamic gmin stepping
Note: Dynamic gmin stepping completed
Note: Starting dynamic gmin stepping
Note: Dynamic gmin stepping completed

Error: measure  f0r  when(WHEN) : out of interval
Error: &f0r: no such variable.
Note: Starting dynamic gmin stepping
Note: Dynamic gmin stepping completed
Note: Starting dynamic gmin stepping
Note: Dynamic gmin stepping completed
Note: Starting dynamic gmin stepping
Note: Dynamic gmin stepping completed

Error: measure  f0r  when(WHEN) : out of interval
Error: &f0r: no such variable.
Note: Starting dynamic gmin stepping
Note: Dynamic gmin stepping completed
Note: Starting dynamic gmin stepping
Note: Dynamic gmin stepping completed
Note: Starting dynamic gmin stepping
Note: Dynamic gmin stepping completed

Error: measure  f0r  when(WHEN) : out of interval
Error: &f0r: no such variable.
Note: Starting dynamic gmin stepping
Note: Dynamic gmin stepping completed
Note: Starting dynamic gmin stepping
Note: Dynamic gmin stepping completed
Note: Starting dynamic gmin stepping
Note: Dynamic gmin stepping completed

Error: measure  f0r  when(WHEN) : out of interval
Error: &f0r: no such variable.
Note: Starting dynamic gmin stepping
Note: Dynamic gmin stepping completed
Note: Starting dynamic gmin stepping
Note: Dynamic gmin stepping completed
Note: Starting dynamic gmin stepping
Note: Dynamic gmin stepping completed

Error: measure  f0r  when(WHEN) : out of interval
Error: &f0r: no such variable.
Note: Starting dynamic gmin stepping
Note: Dynamic gmin stepping completed
Note: Starting dynamic gmin stepping
Note: Dynamic gmin stepping completed
Note: Starting dynamic gmin stepping
Note: Dynamic gmin stepping completed

Error: measure  f0r  when(WHEN) : out of interval
Error: &f0r: no such variable.
Note: Starting dynamic gmin stepping
Note: Dynamic gmin stepping completed
Note: Starting dynamic gmin stepping
Note: Dynamic gmin stepping completed
Note: Starting dynamic gmin stepping
Note: Dynamic gmin stepping completed

Error: measure  f0r  when(WHEN) : out of interval
Error: &f0r: no such variable.
Note: Starting dynamic gmin stepping
Note: Dynamic gmin stepping completed
Note: Starting dynamic gmin stepping
Note: Dynamic gmin stepping completed
Note: Starting dynamic gmin stepping
Note: Dynamic gmin stepping completed

Error: measure  f0r  when(WHEN) : out of interval
Error: &f0r: no such variable.
Note: Starting dynamic gmin stepping
Note: Dynamic gmin stepping completed
Note: Starting dynamic gmin stepping
Note: Dynamic gmin stepping completed
Note: Starting dynamic gmin stepping
Note: Dynamic gmin stepping completed

Error: measure  f0r  when(WHEN) : out of interval
Error: &f0r: no such variable.
Note: Starting dynamic gmin stepping
Note: Dynamic gmin stepping completed
Note: Starting dynamic gmin stepping
Note: Dynamic gmin stepping completed
Note: Starting dynamic gmin stepping
Note: Dynamic gmin stepping completed

Error: measure  f0r  when(WHEN) : out of interval
Error: &f0r: no such variable.
Note: Starting dynamic gmin stepping
Note: Dynamic gmin stepping completed
Note: Starting dynamic gmin stepping
Note: Dynamic gmin stepping completed
Note: Starting dynamic gmin stepping
Note: Dynamic gmin stepping completed

Error: measure  f0r  when(WHEN) : out of interval
Error: &f0r: no such variable.
Note: Starting dynamic gmin stepping
Note: Dynamic gmin stepping completed
Note: Starting dynamic gmin stepping
Note: Dynamic gmin stepping completed
Note: Starting dynamic gmin stepping
Note: Dynamic gmin stepping completed

Error: measure  f0r  when(WHEN) : out of interval
Error: &f0r: no such variable.
Note: Starting dynamic gmin stepping
Note: Dynamic gmin stepping completed
Note: Starting dynamic gmin stepping
Note: Dynamic gmin stepping completed
Note: Starting dynamic gmin stepping
Note: Dynamic gmin stepping completed

Error: measure  f0r  when(WHEN) : out of interval
Error: &f0r: no such variable.
Note: Starting dynamic gmin stepping
Note: Dynamic gmin stepping completed
Note: Starting dynamic gmin stepping
Note: Dynamic gmin stepping completed
Note: Starting dynamic gmin stepping
Note: Dynamic gmin stepping completed

Error: measure  f0r  when(WHEN) : out of interval
Error: &f0r: no such variable.
Note: Starting dynamic gmin stepping
Note: Dynamic gmin stepping completed
Note: Starting dynamic gmin stepping
Note: Dynamic gmin stepping completed
Note: Starting dynamic gmin stepping
Note: Dynamic gmin stepping completed

Error: measure  f0r  when(WHEN) : out of interval
Error: &f0r: no such variable.
Note: Starting dynamic gmin stepping
Note: Dynamic gmin stepping completed
Note: Starting dynamic gmin stepping
Note: Dynamic gmin stepping completed
Note: Starting dynamic gmin stepping
Note: Dynamic gmin stepping completed

Error: measure  f0r  when(WHEN) : out of interval
Error: &f0r: no such variable.
Note: Starting dynamic gmin stepping
Note: Dynamic gmin stepping completed
Note: Starting dynamic gmin stepping
Note: Dynamic gmin stepping completed
Note: Starting dynamic gmin stepping
Note: Dynamic gmin stepping completed

Error: measure  f0r  when(WHEN) : out of interval
Error: &f0r: no such variable.
Note: Starting dynamic gmin stepping
Note: Dynamic gmin stepping completed
Note: Starting dynamic gmin stepping
Note: Dynamic gmin stepping completed
Note: Starting dynamic gmin stepping
Note: Dynamic gmin stepping completed

Error: measure  f0r  when(WHEN) : out of interval
Error: &f0r: no such variable.
Note: Starting dynamic gmin stepping
Note: Dynamic gmin stepping completed
Note: Starting dynamic gmin stepping
Note: Dynamic gmin stepping completed
Note: Starting dynamic gmin stepping
Note: Dynamic gmin stepping completed

Error: measure  f0r  when(WHEN) : out of interval
Error: &f0r: no such variable.
Note: Starting dynamic gmin stepping
Note: Dynamic gmin stepping completed
Note: Starting dynamic gmin stepping
Note: Dynamic gmin stepping completed
Note: Starting dynamic gmin stepping
Note: Dynamic gmin stepping completed

Error: measure  f0r  when(WHEN) : out of interval
Error: &f0r: no such variable.
Note: Starting dynamic gmin stepping
Note: Dynamic gmin stepping completed
Note: Starting dynamic gmin stepping
Note: Dynamic gmin stepping completed
Note: Starting dynamic gmin stepping
Note: Dynamic gmin stepping completed

Error: measure  f0r  when(WHEN) : out of interval
Error: &f0r: no such variable.
Note: Starting dynamic gmin stepping
Note: Dynamic gmin stepping completed
Note: Starting dynamic gmin stepping
Note: Dynamic gmin stepping completed
Note: Starting dynamic gmin stepping
Note: Dynamic gmin stepping completed

Error: measure  f0r  when(WHEN) : out of interval
Error: &f0r: no such variable.
Note: Starting dynamic gmin stepping
Note: Dynamic gmin stepping completed
Note: Starting dynamic gmin stepping
Note: Dynamic gmin stepping completed
Note: Starting dynamic gmin stepping
Note: Dynamic gmin stepping completed

Error: measure  f0r  when(WHEN) : out of interval
Error: &f0r: no such variable.
Note: Starting dynamic gmin stepping
Note: Dynamic gmin stepping completed
Note: Starting dynamic gmin stepping
Note: Dynamic gmin stepping completed
Note: Starting dynamic gmin stepping
Note: Dynamic gmin stepping completed

Error: measure  f0r  when(WHEN) : out of interval
Error: &f0r: no such variable.
Note: Starting dynamic gmin stepping
Warning: Dynamic gmin stepping failed
Note: Starting true gmin stepping
Note: True gmin stepping completed
Note: Starting dynamic gmin stepping
Warning: Dynamic gmin stepping failed
Note: Starting true gmin stepping
Note: True gmin stepping completed
Note: Starting dynamic gmin stepping
Warning: Dynamic gmin stepping failed
Note: Starting true gmin stepping
Note: True gmin stepping completed

Error: measure  f0r  when(WHEN) : out of interval
Error: &f0r: no such variable.
Note: Starting dynamic gmin stepping
Warning: Dynamic gmin stepping failed
Note: Starting true gmin stepping
Note: True gmin stepping completed
Note: Starting dynamic gmin stepping
Warning: Dynamic gmin stepping failed
Note: Starting true gmin stepping
Note: True gmin stepping completed
Note: Starting dynamic gmin stepping
Warning: Dynamic gmin stepping failed
Note: Starting true gmin stepping
Note: True gmin stepping completed

Error: measure  f0r  when(WHEN) : out of interval
Error: &f0r: no such variable.
Note: Starting dynamic gmin stepping
Warning: Dynamic gmin stepping failed
Note: Starting true gmin stepping
Note: True gmin stepping completed
Note: Starting dynamic gmin stepping
Warning: Dynamic gmin stepping failed
Note: Starting true gmin stepping
Note: True gmin stepping completed
Note: Starting dynamic gmin stepping
Warning: Dynamic gmin stepping failed
Note: Starting true gmin stepping
Note: True gmin stepping completed

Error: measure  f0r  when(WHEN) : out of interval
Error: &f0r: no such variable.
Note: Starting dynamic gmin stepping
Warning: Dynamic gmin stepping failed
Note: Starting true gmin stepping
Note: True gmin stepping completed
Note: Starting dynamic gmin stepping
Warning: Dynamic gmin stepping failed
Note: Starting true gmin stepping
Note: True gmin stepping completed
Note: Starting dynamic gmin stepping
Warning: Dynamic gmin stepping failed
Note: Starting true gmin stepping
Note: True gmin stepping completed

Error: measure  f0r  when(WHEN) : out of interval
Error: &f0r: no such variable.
Note: Starting dynamic gmin stepping
Warning: Dynamic gmin stepping failed
Note: Starting true gmin stepping
Note: True gmin stepping completed
Note: Starting dynamic gmin stepping
Warning: Dynamic gmin stepping failed
Note: Starting true gmin stepping
Note: True gmin stepping completed
Note: Starting dynamic gmin stepping
Warning: Dynamic gmin stepping failed
Note: Starting true gmin stepping
Note: True gmin stepping completed

Error: measure  f0r  when(WHEN) : out of interval
Error: &f0r: no such variable.
Note: Starting dynamic gmin stepping
Warning: Dynamic gmin stepping failed
Note: Starting true gmin stepping
Note: True gmin stepping completed
Note: Starting dynamic gmin stepping
Warning: Dynamic gmin stepping failed
Note: Starting true gmin stepping
Note: True gmin stepping completed
Note: Starting dynamic gmin stepping
Warning: Dynamic gmin stepping failed
Note: Starting true gmin stepping
Note: True gmin stepping completed

Error: measure  f0r  when(WHEN) : out of interval
Error: &f0r: no such variable.
Note: Starting dynamic gmin stepping
Warning: Dynamic gmin stepping failed
Note: Starting true gmin stepping
Note: True gmin stepping completed
Note: Starting dynamic gmin stepping
Warning: Dynamic gmin stepping failed
Note: Starting true gmin stepping
Note: True gmin stepping completed
Note: Starting dynamic gmin stepping
Warning: Dynamic gmin stepping failed
Note: Starting true gmin stepping
Note: True gmin stepping completed

Error: measure  f0r  when(WHEN) : out of interval
Error: &f0r: no such variable.
Note: Starting dynamic gmin stepping
Warning: Dynamic gmin stepping failed
Note: Starting true gmin stepping
Note: True gmin stepping completed
Note: Starting dynamic gmin stepping
Warning: Dynamic gmin stepping failed
Note: Starting true gmin stepping
Note: True gmin stepping completed
Note: Starting dynamic gmin stepping
Warning: Dynamic gmin stepping failed
Note: Starting true gmin stepping
Note: True gmin stepping completed

Error: measure  f0r  when(WHEN) : out of interval
Error: &f0r: no such variable.
Note: Starting dynamic gmin stepping
Warning: Dynamic gmin stepping failed
Note: Starting true gmin stepping
Note: True gmin stepping completed
Note: Starting dynamic gmin stepping
Warning: Dynamic gmin stepping failed
Note: Starting true gmin stepping
Note: True gmin stepping completed
Note: Starting dynamic gmin stepping
Warning: Dynamic gmin stepping failed
Note: Starting true gmin stepping
Note: True gmin stepping completed

Error: measure  f0r  when(WHEN) : out of interval
Error: &f0r: no such variable.
Note: Starting dynamic gmin stepping
Warning: Dynamic gmin stepping failed
Note: Starting true gmin stepping
Note: True gmin stepping completed
Note: Starting dynamic gmin stepping
Warning: Dynamic gmin stepping failed
Note: Starting true gmin stepping
Note: True gmin stepping completed
Note: Starting dynamic gmin stepping
Warning: Dynamic gmin stepping failed
Note: Starting true gmin stepping
Note: True gmin stepping completed

Error: measure  f0r  when(WHEN) : out of interval
Error: &f0r: no such variable.
Note: Starting dynamic gmin stepping
Warning: Dynamic gmin stepping failed
Note: Starting true gmin stepping
Note: True gmin stepping completed
Note: Starting dynamic gmin stepping
Warning: Dynamic gmin stepping failed
Note: Starting true gmin stepping
Note: True gmin stepping completed
Note: Starting dynamic gmin stepping
Warning: Dynamic gmin stepping failed
Note: Starting true gmin stepping
Note: True gmin stepping completed

Error: measure  f0r  when(WHEN) : out of interval
Error: &f0r: no such variable.
Note: Starting dynamic gmin stepping
Warning: Dynamic gmin stepping failed
Note: Starting true gmin stepping
Note: True gmin stepping completed
Note: Starting dynamic gmin stepping
Warning: Dynamic gmin stepping failed
Note: Starting true gmin stepping
Note: True gmin stepping completed
Note: Starting dynamic gmin stepping
Warning: Dynamic gmin stepping failed
Note: Starting true gmin stepping
Note: True gmin stepping completed

Error: measure  f0r  when(WHEN) : out of interval
Error: &f0r: no such variable.
Note: Starting dynamic gmin stepping
Warning: Dynamic gmin stepping failed
Note: Starting true gmin stepping
Note: True gmin stepping completed
Note: Starting dynamic gmin stepping
Warning: Dynamic gmin stepping failed
Note: Starting true gmin stepping
Note: True gmin stepping completed
Note: Starting dynamic gmin stepping
Warning: Dynamic gmin stepping failed
Note: Starting true gmin stepping
Note: True gmin stepping completed

Error: measure  f0r  when(WHEN) : out of interval
Error: &f0r: no such variable.
Note: Starting dynamic gmin stepping
Warning: Dynamic gmin stepping failed
Note: Starting true gmin stepping
Note: True gmin stepping completed
Note: Starting dynamic gmin stepping
Warning: Dynamic gmin stepping failed
Note: Starting true gmin stepping
Note: True gmin stepping completed
Note: Starting dynamic gmin stepping
Warning: Dynamic gmin stepping failed
Note: Starting true gmin stepping
Note: True gmin stepping completed

Error: measure  f0r  when(WHEN) : out of interval
Error: &f0r: no such variable.
Note: Starting dynamic gmin stepping
Warning: Dynamic gmin stepping failed
Note: Starting true gmin stepping
Note: True gmin stepping completed
Note: Starting dynamic gmin stepping
Warning: Dynamic gmin stepping failed
Note: Starting true gmin stepping
Note: True gmin stepping completed
Note: Starting dynamic gmin stepping
Warning: Dynamic gmin stepping failed
Note: Starting true gmin stepping
Note: True gmin stepping completed

Error: measure  f0r  when(WHEN) : out of interval
Error: &f0r: no such variable.
Note: Starting dynamic gmin stepping
Warning: Dynamic gmin stepping failed
Note: Starting true gmin stepping
Note: True gmin stepping completed
Note: Starting dynamic gmin stepping
Warning: Dynamic gmin stepping failed
Note: Starting true gmin stepping
Note: True gmin stepping completed
Note: Starting dynamic gmin stepping
Warning: Dynamic gmin stepping failed
Note: Starting true gmin stepping
Note: True gmin stepping completed

Error: measure  f0r  when(WHEN) : out of interval
Error: &f0r: no such variable.
Note: Starting dynamic gmin stepping
Warning: Dynamic gmin stepping failed
Note: Starting true gmin stepping
Note: True gmin stepping completed
Note: Starting dynamic gmin stepping
Warning: Dynamic gmin stepping failed
Note: Starting true gmin stepping
Note: True gmin stepping completed
Note: Starting dynamic gmin stepping
Warning: Dynamic gmin stepping failed
Note: Starting true gmin stepping
Note: True gmin stepping completed

Error: measure  f0r  when(WHEN) : out of interval
Error: &f0r: no such variable.
Note: Starting dynamic gmin stepping
Warning: Dynamic gmin stepping failed
Note: Starting true gmin stepping
Note: True gmin stepping completed
Note: Starting dynamic gmin stepping
Warning: Dynamic gmin stepping failed
Note: Starting true gmin stepping
Note: True gmin stepping completed
Note: Starting dynamic gmin stepping
Warning: Dynamic gmin stepping failed
Note: Starting true gmin stepping
Note: True gmin stepping completed

Error: measure  f0r  when(WHEN) : out of interval
Error: &f0r: no such variable.
Note: Starting dynamic gmin stepping
Warning: Dynamic gmin stepping failed
Note: Starting true gmin stepping
Note: True gmin stepping completed
Note: Starting dynamic gmin stepping
Warning: Dynamic gmin stepping failed
Note: Starting true gmin stepping
Note: True gmin stepping completed
Note: Starting dynamic gmin stepping
Warning: Dynamic gmin stepping failed
Note: Starting true gmin stepping
Note: True gmin stepping completed

Error: measure  f0r  when(WHEN) : out of interval
Error: &f0r: no such variable.
Note: Starting dynamic gmin stepping
Warning: Dynamic gmin stepping failed
Note: Starting true gmin stepping
Note: True gmin stepping completed
Note: Starting dynamic gmin stepping
Warning: Dynamic gmin stepping failed
Note: Starting true gmin stepping
Note: True gmin stepping completed
Note: Starting dynamic gmin stepping
Warning: Dynamic gmin stepping failed
Note: Starting true gmin stepping
Note: True gmin stepping completed

Error: measure  f0r  when(WHEN) : out of interval
Error: &f0r: no such variable.
Note: Starting dynamic gmin stepping
Warning: Dynamic gmin stepping failed
Note: Starting true gmin stepping
Note: True gmin stepping completed
Note: Starting dynamic gmin stepping
Warning: Dynamic gmin stepping failed
Note: Starting true gmin stepping
Note: True gmin stepping completed
Note: Starting dynamic gmin stepping
Warning: Dynamic gmin stepping failed
Note: Starting true gmin stepping
Note: True gmin stepping completed

Error: measure  f0r  when(WHEN) : out of interval
Error: &f0r: no such variable.
Note: Starting dynamic gmin stepping
Warning: Dynamic gmin stepping failed
Note: Starting true gmin stepping
Note: True gmin stepping completed
Note: Starting dynamic gmin stepping
Warning: Dynamic gmin stepping failed
Note: Starting true gmin stepping
Note: True gmin stepping completed
Note: Starting dynamic gmin stepping
Warning: Dynamic gmin stepping failed
Note: Starting true gmin stepping
Note: True gmin stepping completed

Error: measure  f0r  when(WHEN) : out of interval
Error: &f0r: no such variable.
Note: Starting dynamic gmin stepping
Warning: Dynamic gmin stepping failed
Note: Starting true gmin stepping
Note: True gmin stepping completed
Note: Starting dynamic gmin stepping
Warning: Dynamic gmin stepping failed
Note: Starting true gmin stepping
Note: True gmin stepping completed
Note: Starting dynamic gmin stepping
Warning: Dynamic gmin stepping failed
Note: Starting true gmin stepping
Note: True gmin stepping completed

Error: measure  f0r  when(WHEN) : out of interval
Error: &f0r: no such variable.
Note: Starting dynamic gmin stepping
Warning: Dynamic gmin stepping failed
Note: Starting true gmin stepping
Note: True gmin stepping completed
Note: Starting dynamic gmin stepping
Warning: Dynamic gmin stepping failed
Note: Starting true gmin stepping
Note: True gmin stepping completed
Note: Starting dynamic gmin stepping
Warning: Dynamic gmin stepping failed
Note: Starting true gmin stepping
Note: True gmin stepping completed

Error: measure  f0r  when(WHEN) : out of interval
Error: &f0r: no such variable.
Note: Starting dynamic gmin stepping
Warning: Dynamic gmin stepping failed
Note: Starting true gmin stepping
Note: True gmin stepping completed
Note: Starting dynamic gmin stepping
Warning: Dynamic gmin stepping failed
Note: Starting true gmin stepping
Note: True gmin stepping completed
Note: Starting dynamic gmin stepping
Warning: Dynamic gmin stepping failed
Note: Starting true gmin stepping
Note: True gmin stepping completed

Error: measure  f0r  when(WHEN) : out of interval
Error: &f0r: no such variable.
Note: Starting dynamic gmin stepping
Warning: Dynamic gmin stepping failed
Note: Starting true gmin stepping
Note: True gmin stepping completed
Note: Starting dynamic gmin stepping
Warning: Dynamic gmin stepping failed
Note: Starting true gmin stepping
Note: True gmin stepping completed
Note: Starting dynamic gmin stepping
Warning: Dynamic gmin stepping failed
Note: Starting true gmin stepping
Note: True gmin stepping completed

Error: measure  f0r  when(WHEN) : out of interval
Error: &f0r: no such variable.
Note: Starting dynamic gmin stepping
Warning: Dynamic gmin stepping failed
Note: Starting true gmin stepping
Note: True gmin stepping completed
Note: Starting dynamic gmin stepping
Warning: Dynamic gmin stepping failed
Note: Starting true gmin stepping
Note: True gmin stepping completed
Note: Starting dynamic gmin stepping
Warning: Dynamic gmin stepping failed
Note: Starting true gmin stepping
Note: True gmin stepping completed

Error: measure  f0r  when(WHEN) : out of interval
Error: &f0r: no such variable.
Note: Starting dynamic gmin stepping
Warning: Dynamic gmin stepping failed
Note: Starting true gmin stepping
Note: True gmin stepping completed
Note: Starting dynamic gmin stepping
Warning: Dynamic gmin stepping failed
Note: Starting true gmin stepping
Note: True gmin stepping completed
Note: Starting dynamic gmin stepping
Warning: Dynamic gmin stepping failed
Note: Starting true gmin stepping
Note: True gmin stepping completed

Error: measure  f0r  when(WHEN) : out of interval
Error: &f0r: no such variable.
Note: Starting dynamic gmin stepping
Warning: Dynamic gmin stepping failed
Note: Starting true gmin stepping
Note: True gmin stepping completed
Note: Starting dynamic gmin stepping
Warning: Dynamic gmin stepping failed
Note: Starting true gmin stepping
Note: True gmin stepping completed
Note: Starting dynamic gmin stepping
Warning: Dynamic gmin stepping failed
Note: Starting true gmin stepping
Note: True gmin stepping completed

Error: measure  f0r  when(WHEN) : out of interval
Error: &f0r: no such variable.
Note: Starting dynamic gmin stepping
Warning: Dynamic gmin stepping failed
Note: Starting true gmin stepping
Note: True gmin stepping completed
Note: Starting dynamic gmin stepping
Warning: Dynamic gmin stepping failed
Note: Starting true gmin stepping
Note: True gmin stepping completed
Note: Starting dynamic gmin stepping
Warning: Dynamic gmin stepping failed
Note: Starting true gmin stepping
Note: True gmin stepping completed

Error: measure  f0r  when(WHEN) : out of interval
Error: &f0r: no such variable.
Note: Starting dynamic gmin stepping
Warning: Dynamic gmin stepping failed
Note: Starting true gmin stepping
Note: True gmin stepping completed
Note: Starting dynamic gmin stepping
Warning: Dynamic gmin stepping failed
Note: Starting true gmin stepping
Note: True gmin stepping completed
Note: Starting dynamic gmin stepping
Warning: Dynamic gmin stepping failed
Note: Starting true gmin stepping
Note: True gmin stepping completed

Error: measure  f0r  when(WHEN) : out of interval
Error: &f0r: no such variable.
Note: Starting dynamic gmin stepping
Warning: Dynamic gmin stepping failed
Note: Starting true gmin stepping
Note: True gmin stepping completed
Note: Starting dynamic gmin stepping
Warning: Dynamic gmin stepping failed
Note: Starting true gmin stepping
Note: True gmin stepping completed
Note: Starting dynamic gmin stepping
Warning: Dynamic gmin stepping failed
Note: Starting true gmin stepping
Note: True gmin stepping completed

Error: measure  f0r  when(WHEN) : out of interval
Error: &f0r: no such variable.
Note: Starting dynamic gmin stepping
Warning: Dynamic gmin stepping failed
Note: Starting true gmin stepping
Note: True gmin stepping completed
Note: Starting dynamic gmin stepping
Warning: Dynamic gmin stepping failed
Note: Starting true gmin stepping
Note: True gmin stepping completed
Note: Starting dynamic gmin stepping
Warning: Dynamic gmin stepping failed
Note: Starting true gmin stepping
Note: True gmin stepping completed

Error: measure  f0r  when(WHEN) : out of interval
Error: &f0r: no such variable.
Note: Starting dynamic gmin stepping
Warning: Dynamic gmin stepping failed
Note: Starting true gmin stepping
Note: True gmin stepping completed
Note: Starting dynamic gmin stepping
Warning: Dynamic gmin stepping failed
Note: Starting true gmin stepping
Note: True gmin stepping completed
Note: Starting dynamic gmin stepping
Warning: Dynamic gmin stepping failed
Note: Starting true gmin stepping
Note: True gmin stepping completed

Error: measure  f0r  when(WHEN) : out of interval
Error: &f0r: no such variable.
Note: Starting dynamic gmin stepping
Warning: Dynamic gmin stepping failed
Note: Starting true gmin stepping
Note: True gmin stepping completed
Note: Starting dynamic gmin stepping
Warning: Dynamic gmin stepping failed
Note: Starting true gmin stepping
Note: True gmin stepping completed
Note: Starting dynamic gmin stepping
Warning: Dynamic gmin stepping failed
Note: Starting true gmin stepping
Note: True gmin stepping completed

Error: measure  f0r  when(WHEN) : out of interval
Error: &f0r: no such variable.
Note: Starting dynamic gmin stepping
Warning: Dynamic gmin stepping failed
Note: Starting true gmin stepping
Note: True gmin stepping completed
Note: Starting dynamic gmin stepping
Warning: Dynamic gmin stepping failed
Note: Starting true gmin stepping
Note: True gmin stepping completed
Note: Starting dynamic gmin stepping
Warning: Dynamic gmin stepping failed
Note: Starting true gmin stepping
Note: True gmin stepping completed

Error: measure  f0r  when(WHEN) : out of interval
Error: &f0r: no such variable.
Note: Starting dynamic gmin stepping
Warning: Dynamic gmin stepping failed
Note: Starting true gmin stepping
Note: True gmin stepping completed
Note: Starting dynamic gmin stepping
Warning: Dynamic gmin stepping failed
Note: Starting true gmin stepping
Note: True gmin stepping completed
Note: Starting dynamic gmin stepping
Warning: Dynamic gmin stepping failed
Note: Starting true gmin stepping
Note: True gmin stepping completed

Error: measure  f0r  when(WHEN) : out of interval
Error: &f0r: no such variable.
Note: Starting dynamic gmin stepping
Warning: Dynamic gmin stepping failed
Note: Starting true gmin stepping
Note: True gmin stepping completed
Note: Starting dynamic gmin stepping
Warning: Dynamic gmin stepping failed
Note: Starting true gmin stepping
Note: True gmin stepping completed
Note: Starting dynamic gmin stepping
Warning: Dynamic gmin stepping failed
Note: Starting true gmin stepping
Note: True gmin stepping completed

Error: measure  f0r  when(WHEN) : out of interval
Error: &f0r: no such variable.
Note: Starting dynamic gmin stepping
Warning: Dynamic gmin stepping failed
Note: Starting true gmin stepping
Note: True gmin stepping completed
Note: Starting dynamic gmin stepping
Warning: Dynamic gmin stepping failed
Note: Starting true gmin stepping
Note: True gmin stepping completed
Note: Starting dynamic gmin stepping
Warning: Dynamic gmin stepping failed
Note: Starting true gmin stepping
Note: True gmin stepping completed

Error: measure  f0r  when(WHEN) : out of interval
Error: &f0r: no such variable.
Note: Starting dynamic gmin stepping
Warning: Dynamic gmin stepping failed
Note: Starting true gmin stepping
Note: True gmin stepping completed
Note: Starting dynamic gmin stepping
Warning: Dynamic gmin stepping failed
Note: Starting true gmin stepping
Note: True gmin stepping completed
Note: Starting dynamic gmin stepping
Warning: Dynamic gmin stepping failed
Note: Starting true gmin stepping
Note: True gmin stepping completed

Error: measure  f0r  when(WHEN) : out of interval
Error: &f0r: no such variable.
Note: Starting dynamic gmin stepping
Warning: Dynamic gmin stepping failed
Note: Starting true gmin stepping
Note: True gmin stepping completed
Note: Starting dynamic gmin stepping
Warning: Dynamic gmin stepping failed
Note: Starting true gmin stepping
Note: True gmin stepping completed
Note: Starting dynamic gmin stepping
Warning: Dynamic gmin stepping failed
Note: Starting true gmin stepping
Note: True gmin stepping completed

Error: measure  f0r  when(WHEN) : out of interval
Error: &f0r: no such variable.
Note: Starting dynamic gmin stepping
Warning: Dynamic gmin stepping failed
Note: Starting true gmin stepping
Note: True gmin stepping completed
Note: Starting dynamic gmin stepping
Warning: Dynamic gmin stepping failed
Note: Starting true gmin stepping
Note: True gmin stepping completed
Note: Starting dynamic gmin stepping
Warning: Dynamic gmin stepping failed
Note: Starting true gmin stepping
Note: True gmin stepping completed

Error: measure  f0r  when(WHEN) : out of interval
Error: &f0r: no such variable.
Note: Starting dynamic gmin stepping
Warning: Dynamic gmin stepping failed
Note: Starting true gmin stepping
Note: True gmin stepping completed
Note: Starting dynamic gmin stepping
Warning: Dynamic gmin stepping failed
Note: Starting true gmin stepping
Note: True gmin stepping completed
Note: Starting dynamic gmin stepping
Warning: Dynamic gmin stepping failed
Note: Starting true gmin stepping
Note: True gmin stepping completed

Error: measure  f0r  when(WHEN) : out of interval
Error: &f0r: no such variable.
Note: Starting dynamic gmin stepping
Warning: Dynamic gmin stepping failed
Note: Starting true gmin stepping
Note: True gmin stepping completed
Note: Starting dynamic gmin stepping
Warning: Dynamic gmin stepping failed
Note: Starting true gmin stepping
Note: True gmin stepping completed
Note: Starting dynamic gmin stepping
Warning: Dynamic gmin stepping failed
Note: Starting true gmin stepping
Note: True gmin stepping completed

Error: measure  f0r  when(WHEN) : out of interval
Error: &f0r: no such variable.
Note: Starting dynamic gmin stepping
Warning: Dynamic gmin stepping failed
Note: Starting true gmin stepping
Note: True gmin stepping completed
Note: Starting dynamic gmin stepping
Warning: Dynamic gmin stepping failed
Note: Starting true gmin stepping
Note: True gmin stepping completed
Note: Starting dynamic gmin stepping
Warning: Dynamic gmin stepping failed
Note: Starting true gmin stepping
Note: True gmin stepping completed

Error: measure  f0r  when(WHEN) : out of interval
Error: &f0r: no such variable.
Note: Starting dynamic gmin stepping
Warning: Dynamic gmin stepping failed
Note: Starting true gmin stepping
Note: True gmin stepping completed
Note: Starting dynamic gmin stepping
Warning: Dynamic gmin stepping failed
Note: Starting true gmin stepping
Note: True gmin stepping completed
Note: Starting dynamic gmin stepping
Warning: Dynamic gmin stepping failed
Note: Starting true gmin stepping
Note: True gmin stepping completed

Error: measure  f0r  when(WHEN) : out of interval
Error: &f0r: no such variable.
Note: Starting dynamic gmin stepping
Warning: Dynamic gmin stepping failed
Note: Starting true gmin stepping
Note: True gmin stepping completed
Note: Starting dynamic gmin stepping
Warning: Dynamic gmin stepping failed
Note: Starting true gmin stepping
Note: True gmin stepping completed
Note: Starting dynamic gmin stepping
Warning: Dynamic gmin stepping failed
Note: Starting true gmin stepping
Note: True gmin stepping completed

Error: measure  f0r  when(WHEN) : out of interval
Error: &f0r: no such variable.
Note: Starting dynamic gmin stepping
Warning: Dynamic gmin stepping failed
Note: Starting true gmin stepping
Note: True gmin stepping completed
Note: Starting dynamic gmin stepping
Warning: Dynamic gmin stepping failed
Note: Starting true gmin stepping
Note: True gmin stepping completed
Note: Starting dynamic gmin stepping
Warning: Dynamic gmin stepping failed
Note: Starting true gmin stepping
Note: True gmin stepping completed

Error: measure  f0r  when(WHEN) : out of interval
Error: &f0r: no such variable.
