
Note: Compatibility modes selected: hs a


Circuit: * loop-stability -- tian dual-injection loop-gain testbench for ldo_core (issue #10)

* corner_id=ff_-40c_2.97v corner=ff temp_c=-40 vin_v=2.97
* ac sweep: dec 50 0.01 1e9 ; Tian dual injection at ERRAMP_OUT->PASS_GATE
* columns: ROW iload_a= ceff_f= esr_ohm= vout_v= dcgain_db= f0_hz= phase_at_f0_deg=
*          f180_hz= gain_at_f180_db= f0_rising_hz= resurgence_db=
* (phase margin = 180 + phase_at_f0_deg ; gain margin = -gain_at_f180_db ;
*  resurgence_db = max |T| in dB above the first 0 dB crossing, DR-0008 ;
*  an empty f180/gain field means the phase never reaches -180 deg in band)
* Fields are written key=value BECAUSE a failed meas leaves its value
* empty: with bare positional fields an empty one vanishes into the
* whitespace and every field after it is read as the wrong quantity.
Doing analysis at TEMP = -40.000000 and TNOM = 27.000000

Using SPARSE 1.3 as Direct Linear Solver
 Reference value :  0.00000e+00
No. of Data Rows : 1
Doing analysis at TEMP = -40.000000 and TNOM = 27.000000

Using SPARSE 1.3 as Direct Linear Solver
 Reference value :  1.00000e-02
No. of Data Rows : 551
Doing analysis at TEMP = -40.000000 and TNOM = 27.000000

Using SPARSE 1.3 as Direct Linear Solver
 Reference value :  1.00000e-02
No. of Data Rows : 551
dcg                 =  1.35738e+02
f0                  =  3.12927e+03
phx                 =  -1.53307e+02
 meas ac f180 when tph=-1.800000e+02 fall=1 failed!

 meas ac gmx find tdb when tph=-1.800000e+02 fall=1 failed!

 meas ac f0r when tdb=0 rise=1 failed!

tres                =  -8.88346e-01 at=  3.31131e+03
ROW iload_a=0 ceff_f=3.3e-07 esr_ohm=0.001 vout_v=1.79945 dcgain_db=135.738 f0_hz=3129.27 phase_at_f0_deg=-153.307 f180_hz= gain_at_f180_db= f0_rising_hz= resurgence_db=-0.888346
Doing analysis at TEMP = -40.000000 and TNOM = 27.000000

Using SPARSE 1.3 as Direct Linear Solver
 Reference value :  0.00000e+00
No. of Data Rows : 1
Doing analysis at TEMP = -40.000000 and TNOM = 27.000000

Using SPARSE 1.3 as Direct Linear Solver
 Reference value :  1.00000e-02
No. of Data Rows : 551
Doing analysis at TEMP = -40.000000 and TNOM = 27.000000

Using SPARSE 1.3 as Direct Linear Solver
 Reference value :  1.00000e-02
No. of Data Rows : 551
dcg                 =  1.35738e+02
f0                  =  3.12927e+03
phx                 =  -1.53288e+02
 meas ac f180 when tph=-1.800000e+02 fall=1 failed!

 meas ac gmx find tdb when tph=-1.800000e+02 fall=1 failed!

 meas ac f0r when tdb=0 rise=1 failed!

tres                =  -8.88353e-01 at=  3.31131e+03
ROW iload_a=0 ceff_f=3.3e-07 esr_ohm=0.05 vout_v=1.79945 dcgain_db=135.738 f0_hz=3129.27 phase_at_f0_deg=-153.288 f180_hz= gain_at_f180_db= f0_rising_hz= resurgence_db=-0.888353
Doing analysis at TEMP = -40.000000 and TNOM = 27.000000

Using SPARSE 1.3 as Direct Linear Solver
 Reference value :  0.00000e+00
No. of Data Rows : 1
Doing analysis at TEMP = -40.000000 and TNOM = 27.000000

Using SPARSE 1.3 as Direct Linear Solver
 Reference value :  1.00000e-02
No. of Data Rows : 551
Doing analysis at TEMP = -40.000000 and TNOM = 27.000000

Using SPARSE 1.3 as Direct Linear Solver
 Reference value :  1.00000e-02
No. of Data Rows : 551
dcg                 =  1.35738e+02
f0                  =  3.12927e+03
phx                 =  -1.53233e+02
 meas ac f180 when tph=-1.800000e+02 fall=1 failed!

 meas ac gmx find tdb when tph=-1.800000e+02 fall=1 failed!

 meas ac f0r when tdb=0 rise=1 failed!

tres                =  -8.88348e-01 at=  3.31131e+03
ROW iload_a=0 ceff_f=3.3e-07 esr_ohm=0.2 vout_v=1.79945 dcgain_db=135.738 f0_hz=3129.27 phase_at_f0_deg=-153.233 f180_hz= gain_at_f180_db= f0_rising_hz= resurgence_db=-0.888348
Doing analysis at TEMP = -40.000000 and TNOM = 27.000000

Using SPARSE 1.3 as Direct Linear Solver
 Reference value :  0.00000e+00
No. of Data Rows : 1
Doing analysis at TEMP = -40.000000 and TNOM = 27.000000

Using SPARSE 1.3 as Direct Linear Solver
 Reference value :  1.00000e-02
No. of Data Rows : 551
Doing analysis at TEMP = -40.000000 and TNOM = 27.000000

Using SPARSE 1.3 as Direct Linear Solver
 Reference value :  1.00000e-02
No. of Data Rows : 551
dcg                 =  1.35738e+02
f0                  =  3.12928e+03
phx                 =  -1.53121e+02
 meas ac f180 when tph=-1.800000e+02 fall=1 failed!

 meas ac gmx find tdb when tph=-1.800000e+02 fall=1 failed!

 meas ac f0r when tdb=0 rise=1 failed!

tres                =  -8.88308e-01 at=  3.31131e+03
ROW iload_a=0 ceff_f=3.3e-07 esr_ohm=0.5 vout_v=1.79945 dcgain_db=135.738 f0_hz=3129.28 phase_at_f0_deg=-153.121 f180_hz= gain_at_f180_db= f0_rising_hz= resurgence_db=-0.888308
Doing analysis at TEMP = -40.000000 and TNOM = 27.000000

Using SPARSE 1.3 as Direct Linear Solver
 Reference value :  0.00000e+00
No. of Data Rows : 1
Doing analysis at TEMP = -40.000000 and TNOM = 27.000000

Using SPARSE 1.3 as Direct Linear Solver
 Reference value :  1.00000e-02
No. of Data Rows : 551
Doing analysis at TEMP = -40.000000 and TNOM = 27.000000

Using SPARSE 1.3 as Direct Linear Solver
 Reference value :  1.00000e-02
No. of Data Rows : 551
dcg                 =  1.35732e+02
f0                  =  1.73542e+03
phx                 =  -1.64467e+02
 meas ac f180 when tph=-1.800000e+02 fall=1 failed!

 meas ac gmx find tdb when tph=-1.800000e+02 fall=1 failed!

 meas ac f0r when tdb=0 rise=1 failed!

tres                =  -7.95587e-01 at=  1.81970e+03
ROW iload_a=0 ceff_f=1e-06 esr_ohm=0.001 vout_v=1.79945 dcgain_db=135.732 f0_hz=1735.42 phase_at_f0_deg=-164.467 f180_hz= gain_at_f180_db= f0_rising_hz= resurgence_db=-0.795587
Doing analysis at TEMP = -40.000000 and TNOM = 27.000000

Using SPARSE 1.3 as Direct Linear Solver
 Reference value :  0.00000e+00
No. of Data Rows : 1
Doing analysis at TEMP = -40.000000 and TNOM = 27.000000

Using SPARSE 1.3 as Direct Linear Solver
 Reference value :  1.00000e-02
No. of Data Rows : 551
Doing analysis at TEMP = -40.000000 and TNOM = 27.000000

Using SPARSE 1.3 as Direct Linear Solver
 Reference value :  1.00000e-02
No. of Data Rows : 551
dcg                 =  1.35732e+02
f0                  =  1.73542e+03
phx                 =  -1.64436e+02
 meas ac f180 when tph=-1.800000e+02 fall=1 failed!

 meas ac gmx find tdb when tph=-1.800000e+02 fall=1 failed!

 meas ac f0r when tdb=0 rise=1 failed!

tres                =  -7.95594e-01 at=  1.81970e+03
ROW iload_a=0 ceff_f=1e-06 esr_ohm=0.05 vout_v=1.79945 dcgain_db=135.732 f0_hz=1735.42 phase_at_f0_deg=-164.436 f180_hz= gain_at_f180_db= f0_rising_hz= resurgence_db=-0.795594
Doing analysis at TEMP = -40.000000 and TNOM = 27.000000

Using SPARSE 1.3 as Direct Linear Solver
 Reference value :  0.00000e+00
No. of Data Rows : 1
Doing analysis at TEMP = -40.000000 and TNOM = 27.000000

Using SPARSE 1.3 as Direct Linear Solver
 Reference value :  1.00000e-02
No. of Data Rows : 551
Doing analysis at TEMP = -40.000000 and TNOM = 27.000000

Using SPARSE 1.3 as Direct Linear Solver
 Reference value :  1.00000e-02
No. of Data Rows : 551
dcg                 =  1.35732e+02
f0                  =  1.73543e+03
phx                 =  -1.64343e+02
 meas ac f180 when tph=-1.800000e+02 fall=1 failed!

 meas ac gmx find tdb when tph=-1.800000e+02 fall=1 failed!

 meas ac f0r when tdb=0 rise=1 failed!

tres                =  -7.95575e-01 at=  1.81970e+03
ROW iload_a=0 ceff_f=1e-06 esr_ohm=0.2 vout_v=1.79945 dcgain_db=135.732 f0_hz=1735.42 phase_at_f0_deg=-164.343 f180_hz= gain_at_f180_db= f0_rising_hz= resurgence_db=-0.795575
Doing analysis at TEMP = -40.000000 and TNOM = 27.000000

Using SPARSE 1.3 as Direct Linear Solver
 Reference value :  0.00000e+00
No. of Data Rows : 1
Doing analysis at TEMP = -40.000000 and TNOM = 27.000000

Using SPARSE 1.3 as Direct Linear Solver
 Reference value :  1.00000e-02
No. of Data Rows : 551
Doing analysis at TEMP = -40.000000 and TNOM = 27.000000

Using SPARSE 1.3 as Direct Linear Solver
 Reference value :  1.00000e-02
No. of Data Rows : 551
dcg                 =  1.35732e+02
f0                  =  1.73544e+03
phx                 =  -1.64155e+02
 meas ac f180 when tph=-1.800000e+02 fall=1 failed!

 meas ac gmx find tdb when tph=-1.800000e+02 fall=1 failed!

 meas ac f0r when tdb=0 rise=1 failed!

tres                =  -7.95459e-01 at=  1.81970e+03
ROW iload_a=0 ceff_f=1e-06 esr_ohm=0.5 vout_v=1.79945 dcgain_db=135.732 f0_hz=1735.44 phase_at_f0_deg=-164.155 f180_hz= gain_at_f180_db= f0_rising_hz= resurgence_db=-0.795459
Doing analysis at TEMP = -40.000000 and TNOM = 27.000000

Using SPARSE 1.3 as Direct Linear Solver
 Reference value :  0.00000e+00
No. of Data Rows : 1
Doing analysis at TEMP = -40.000000 and TNOM = 27.000000

Using SPARSE 1.3 as Direct Linear Solver
 Reference value :  1.00000e-02
No. of Data Rows : 551
Doing analysis at TEMP = -40.000000 and TNOM = 27.000000

Using SPARSE 1.3 as Direct Linear Solver
 Reference value :  1.00000e-02
No. of Data Rows : 551
dcg                 =  1.35585e+02
f0                  =  7.89761e+02
phx                 =  -1.72697e+02
 meas ac f180 when tph=-1.800000e+02 fall=1 failed!

 meas ac gmx find tdb when tph=-1.800000e+02 fall=1 failed!

 meas ac f0r when tdb=0 rise=1 failed!

tres                =  -8.95308e-01 at=  8.31764e+02
ROW iload_a=0 ceff_f=4.7e-06 esr_ohm=0.001 vout_v=1.79945 dcgain_db=135.585 f0_hz=789.761 phase_at_f0_deg=-172.697 f180_hz= gain_at_f180_db= f0_rising_hz= resurgence_db=-0.895308
Doing analysis at TEMP = -40.000000 and TNOM = 27.000000

Using SPARSE 1.3 as Direct Linear Solver
 Reference value :  0.00000e+00
No. of Data Rows : 1
Doing analysis at TEMP = -40.000000 and TNOM = 27.000000

Using SPARSE 1.3 as Direct Linear Solver
 Reference value :  1.00000e-02
No. of Data Rows : 551
Doing analysis at TEMP = -40.000000 and TNOM = 27.000000

Using SPARSE 1.3 as Direct Linear Solver
 Reference value :  1.00000e-02
No. of Data Rows : 551
dcg                 =  1.35585e+02
f0                  =  7.89761e+02
phx                 =  -1.72631e+02
 meas ac f180 when tph=-1.800000e+02 fall=1 failed!

 meas ac gmx find tdb when tph=-1.800000e+02 fall=1 failed!

 meas ac f0r when tdb=0 rise=1 failed!

tres                =  -8.95310e-01 at=  8.31764e+02
ROW iload_a=0 ceff_f=4.7e-06 esr_ohm=0.05 vout_v=1.79945 dcgain_db=135.585 f0_hz=789.761 phase_at_f0_deg=-172.631 f180_hz= gain_at_f180_db= f0_rising_hz= resurgence_db=-0.895309
Doing analysis at TEMP = -40.000000 and TNOM = 27.000000

Using SPARSE 1.3 as Direct Linear Solver
 Reference value :  0.00000e+00
No. of Data Rows : 1
Doing analysis at TEMP = -40.000000 and TNOM = 27.000000

Using SPARSE 1.3 as Direct Linear Solver
 Reference value :  1.00000e-02
No. of Data Rows : 551
Doing analysis at TEMP = -40.000000 and TNOM = 27.000000

Using SPARSE 1.3 as Direct Linear Solver
 Reference value :  1.00000e-02
No. of Data Rows : 551
dcg                 =  1.35585e+02
f0                  =  7.89765e+02
phx                 =  -1.72431e+02
 meas ac f180 when tph=-1.800000e+02 fall=1 failed!

 meas ac gmx find tdb when tph=-1.800000e+02 fall=1 failed!

 meas ac f0r when tdb=0 rise=1 failed!

tres                =  -8.95214e-01 at=  8.31764e+02
ROW iload_a=0 ceff_f=4.7e-06 esr_ohm=0.2 vout_v=1.79945 dcgain_db=135.585 f0_hz=789.765 phase_at_f0_deg=-172.431 f180_hz= gain_at_f180_db= f0_rising_hz= resurgence_db=-0.895214
Doing analysis at TEMP = -40.000000 and TNOM = 27.000000

Using SPARSE 1.3 as Direct Linear Solver
 Reference value :  0.00000e+00
No. of Data Rows : 1
Doing analysis at TEMP = -40.000000 and TNOM = 27.000000

Using SPARSE 1.3 as Direct Linear Solver
 Reference value :  1.00000e-02
No. of Data Rows : 551
Doing analysis at TEMP = -40.000000 and TNOM = 27.000000

Using SPARSE 1.3 as Direct Linear Solver
 Reference value :  1.00000e-02
No. of Data Rows : 551
dcg                 =  1.35585e+02
f0                  =  7.89787e+02
phx                 =  -1.72030e+02
 meas ac f180 when tph=-1.800000e+02 fall=1 failed!

 meas ac gmx find tdb when tph=-1.800000e+02 fall=1 failed!

 meas ac f0r when tdb=0 rise=1 failed!

tres                =  -8.94667e-01 at=  8.31764e+02
ROW iload_a=0 ceff_f=4.7e-06 esr_ohm=0.5 vout_v=1.79945 dcgain_db=135.585 f0_hz=789.787 phase_at_f0_deg=-172.03 f180_hz= gain_at_f180_db= f0_rising_hz= resurgence_db=-0.894667
Doing analysis at TEMP = -40.000000 and TNOM = 27.000000

Using SPARSE 1.3 as Direct Linear Solver
 Reference value :  0.00000e+00
No. of Data Rows : 1
Doing analysis at TEMP = -40.000000 and TNOM = 27.000000

Using SPARSE 1.3 as Direct Linear Solver
 Reference value :  1.00000e-02
No. of Data Rows : 551
Doing analysis at TEMP = -40.000000 and TNOM = 27.000000

Using SPARSE 1.3 as Direct Linear Solver
 Reference value :  1.00000e-02
No. of Data Rows : 551
dcg                 =  1.46710e+02
f0                  =  2.23943e+05
phx                 =  -9.99764e+01
 meas ac f180 when tph=-1.800000e+02 fall=1 failed!

 meas ac gmx find tdb when tph=-1.800000e+02 fall=1 failed!

f0r                 =  7.46183e+05
tres                =  3.60785e+00 at=  8.31764e+05
ROW iload_a=0.0001 ceff_f=3.3e-07 esr_ohm=0.001 vout_v=1.79945 dcgain_db=146.71 f0_hz=223943 phase_at_f0_deg=-99.9764 f180_hz= gain_at_f180_db= f0_rising_hz=746183 resurgence_db=3.60785
Doing analysis at TEMP = -40.000000 and TNOM = 27.000000

Using SPARSE 1.3 as Direct Linear Solver
 Reference value :  0.00000e+00
No. of Data Rows : 1
Doing analysis at TEMP = -40.000000 and TNOM = 27.000000

Using SPARSE 1.3 as Direct Linear Solver
 Reference value :  1.00000e-02
No. of Data Rows : 551
Doing analysis at TEMP = -40.000000 and TNOM = 27.000000

Using SPARSE 1.3 as Direct Linear Solver
 Reference value :  1.00000e-02
No. of Data Rows : 551
dcg                 =  1.46710e+02
f0                  =  2.24015e+05
phx                 =  -9.86772e+01
 meas ac f180 when tph=-1.800000e+02 fall=1 failed!

 meas ac gmx find tdb when tph=-1.800000e+02 fall=1 failed!

f0r                 =  7.45432e+05
tres                =  3.65579e+00 at=  8.31764e+05
ROW iload_a=0.0001 ceff_f=3.3e-07 esr_ohm=0.05 vout_v=1.79945 dcgain_db=146.71 f0_hz=224014 phase_at_f0_deg=-98.6772 f180_hz= gain_at_f180_db= f0_rising_hz=745432 resurgence_db=3.65579
Doing analysis at TEMP = -40.000000 and TNOM = 27.000000

Using SPARSE 1.3 as Direct Linear Solver
 Reference value :  0.00000e+00
No. of Data Rows : 1
Doing analysis at TEMP = -40.000000 and TNOM = 27.000000

Using SPARSE 1.3 as Direct Linear Solver
 Reference value :  1.00000e-02
No. of Data Rows : 551
Doing analysis at TEMP = -40.000000 and TNOM = 27.000000

Using SPARSE 1.3 as Direct Linear Solver
 Reference value :  1.00000e-02
No. of Data Rows : 551
dcg                 =  1.46710e+02
f0                  =  2.25073e+05
phx                 =  -9.47409e+01
 meas ac f180 when tph=-1.800000e+02 fall=1 failed!

 meas ac gmx find tdb when tph=-1.800000e+02 fall=1 failed!

f0r                 =  7.37367e+05
tres                =  4.15396e+00 at=  8.31764e+05
ROW iload_a=0.0001 ceff_f=3.3e-07 esr_ohm=0.2 vout_v=1.79945 dcgain_db=146.71 f0_hz=225073 phase_at_f0_deg=-94.7409 f180_hz= gain_at_f180_db= f0_rising_hz=737367 resurgence_db=4.15396
Doing analysis at TEMP = -40.000000 and TNOM = 27.000000

Using SPARSE 1.3 as Direct Linear Solver
 Reference value :  0.00000e+00
No. of Data Rows : 1
Doing analysis at TEMP = -40.000000 and TNOM = 27.000000

Using SPARSE 1.3 as Direct Linear Solver
 Reference value :  1.00000e-02
No. of Data Rows : 551
Doing analysis at TEMP = -40.000000 and TNOM = 27.000000

Using SPARSE 1.3 as Direct Linear Solver
 Reference value :  1.00000e-02
No. of Data Rows : 551
dcg                 =  1.46710e+02
f0                  =  2.31325e+05
phx                 =  -8.69694e+01
 meas ac f180 when tph=-1.800000e+02 fall=1 failed!

 meas ac gmx find tdb when tph=-1.800000e+02 fall=1 failed!

f0r                 =  7.01104e+05
tres                =  6.11626e+00 at=  8.31764e+05
ROW iload_a=0.0001 ceff_f=3.3e-07 esr_ohm=0.5 vout_v=1.79945 dcgain_db=146.71 f0_hz=231325 phase_at_f0_deg=-86.9694 f180_hz= gain_at_f180_db= f0_rising_hz=701104 resurgence_db=6.11626
Doing analysis at TEMP = -40.000000 and TNOM = 27.000000

Using SPARSE 1.3 as Direct Linear Solver
 Reference value :  0.00000e+00
No. of Data Rows : 1
Doing analysis at TEMP = -40.000000 and TNOM = 27.000000

Using SPARSE 1.3 as Direct Linear Solver
 Reference value :  1.00000e-02
No. of Data Rows : 551
Doing analysis at TEMP = -40.000000 and TNOM = 27.000000

Using SPARSE 1.3 as Direct Linear Solver
 Reference value :  1.00000e-02
No. of Data Rows : 551
dcg                 =  1.46710e+02
f0                  =  6.34773e+04
phx                 =  -8.99500e+01
 meas ac f180 when tph=-1.800000e+02 fall=1 failed!

 meas ac gmx find tdb when tph=-1.800000e+02 fall=1 failed!

 meas ac f0r when tdb=0 rise=1 failed!

tres                =  -6.33035e-01 at=  6.91831e+04
ROW iload_a=0.0001 ceff_f=1e-06 esr_ohm=0.001 vout_v=1.79945 dcgain_db=146.71 f0_hz=63477.3 phase_at_f0_deg=-89.95 f180_hz= gain_at_f180_db= f0_rising_hz= resurgence_db=-0.633035
Doing analysis at TEMP = -40.000000 and TNOM = 27.000000

Using SPARSE 1.3 as Direct Linear Solver
 Reference value :  0.00000e+00
No. of Data Rows : 1
Doing analysis at TEMP = -40.000000 and TNOM = 27.000000

Using SPARSE 1.3 as Direct Linear Solver
 Reference value :  1.00000e-02
No. of Data Rows : 551
Doing analysis at TEMP = -40.000000 and TNOM = 27.000000

Using SPARSE 1.3 as Direct Linear Solver
 Reference value :  1.00000e-02
No. of Data Rows : 551
dcg                 =  1.46710e+02
f0                  =  6.34924e+04
phx                 =  -8.88303e+01
 meas ac f180 when tph=-1.800000e+02 fall=1 failed!

 meas ac gmx find tdb when tph=-1.800000e+02 fall=1 failed!

 meas ac f0r when tdb=0 rise=1 failed!

tres                =  -6.30998e-01 at=  6.91831e+04
ROW iload_a=0.0001 ceff_f=1e-06 esr_ohm=0.05 vout_v=1.79945 dcgain_db=146.71 f0_hz=63492.4 phase_at_f0_deg=-88.8303 f180_hz= gain_at_f180_db= f0_rising_hz= resurgence_db=-0.630998
Doing analysis at TEMP = -40.000000 and TNOM = 27.000000

Using SPARSE 1.3 as Direct Linear Solver
 Reference value :  0.00000e+00
No. of Data Rows : 1
Doing analysis at TEMP = -40.000000 and TNOM = 27.000000

Using SPARSE 1.3 as Direct Linear Solver
 Reference value :  1.00000e-02
No. of Data Rows : 551
Doing analysis at TEMP = -40.000000 and TNOM = 27.000000

Using SPARSE 1.3 as Direct Linear Solver
 Reference value :  1.00000e-02
No. of Data Rows : 551
dcg                 =  1.46710e+02
f0                  =  6.37213e+04
phx                 =  -8.53974e+01
 meas ac f180 when tph=-1.800000e+02 fall=1 failed!

 meas ac gmx find tdb when tph=-1.800000e+02 fall=1 failed!

 meas ac f0r when tdb=0 rise=1 failed!

tres                =  -6.00391e-01 at=  6.91831e+04
ROW iload_a=0.0001 ceff_f=1e-06 esr_ohm=0.2 vout_v=1.79945 dcgain_db=146.71 f0_hz=63721.3 phase_at_f0_deg=-85.3974 f180_hz= gain_at_f180_db= f0_rising_hz= resurgence_db=-0.600391
Doing analysis at TEMP = -40.000000 and TNOM = 27.000000

Using SPARSE 1.3 as Direct Linear Solver
 Reference value :  0.00000e+00
No. of Data Rows : 1
Doing analysis at TEMP = -40.000000 and TNOM = 27.000000

Using SPARSE 1.3 as Direct Linear Solver
 Reference value :  1.00000e-02
No. of Data Rows : 551
Doing analysis at TEMP = -40.000000 and TNOM = 27.000000

Using SPARSE 1.3 as Direct Linear Solver
 Reference value :  1.00000e-02
No. of Data Rows : 551
dcg                 =  1.46710e+02
f0                  =  6.50411e+04
phx                 =  -7.84408e+01
 meas ac f180 when tph=-1.800000e+02 fall=1 failed!

 meas ac gmx find tdb when tph=-1.800000e+02 fall=1 failed!

f0r                 =  7.67996e+05
tres                =  3.10417e+00 at=  8.31764e+05
ROW iload_a=0.0001 ceff_f=1e-06 esr_ohm=0.5 vout_v=1.79945 dcgain_db=146.71 f0_hz=65041.1 phase_at_f0_deg=-78.4408 f180_hz= gain_at_f180_db= f0_rising_hz=767996 resurgence_db=3.10417
Doing analysis at TEMP = -40.000000 and TNOM = 27.000000

Using SPARSE 1.3 as Direct Linear Solver
 Reference value :  0.00000e+00
No. of Data Rows : 1
Doing analysis at TEMP = -40.000000 and TNOM = 27.000000

Using SPARSE 1.3 as Direct Linear Solver
 Reference value :  1.00000e-02
No. of Data Rows : 551
Doing analysis at TEMP = -40.000000 and TNOM = 27.000000

Using SPARSE 1.3 as Direct Linear Solver
 Reference value :  1.00000e-02
No. of Data Rows : 551
dcg                 =  1.46710e+02
f0                  =  1.24198e+04
phx                 =  -1.13693e+02
 meas ac f180 when tph=-1.800000e+02 fall=1 failed!

 meas ac gmx find tdb when tph=-1.800000e+02 fall=1 failed!

 meas ac f0r when tdb=0 rise=1 failed!

tres                =  -6.06292e-01 at=  1.31826e+04
ROW iload_a=0.0001 ceff_f=4.7e-06 esr_ohm=0.001 vout_v=1.79945 dcgain_db=146.71 f0_hz=12419.8 phase_at_f0_deg=-113.693 f180_hz= gain_at_f180_db= f0_rising_hz= resurgence_db=-0.606292
Doing analysis at TEMP = -40.000000 and TNOM = 27.000000

Using SPARSE 1.3 as Direct Linear Solver
 Reference value :  0.00000e+00
No. of Data Rows : 1
Doing analysis at TEMP = -40.000000 and TNOM = 27.000000

Using SPARSE 1.3 as Direct Linear Solver
 Reference value :  1.00000e-02
No. of Data Rows : 551
Doing analysis at TEMP = -40.000000 and TNOM = 27.000000

Using SPARSE 1.3 as Direct Linear Solver
 Reference value :  1.00000e-02
No. of Data Rows : 551
dcg                 =  1.46710e+02
f0                  =  1.24215e+04
phx                 =  -1.12660e+02
 meas ac f180 when tph=-1.800000e+02 fall=1 failed!

 meas ac gmx find tdb when tph=-1.800000e+02 fall=1 failed!

 meas ac f0r when tdb=0 rise=1 failed!

tres                =  -6.04669e-01 at=  1.31826e+04
ROW iload_a=0.0001 ceff_f=4.7e-06 esr_ohm=0.05 vout_v=1.79945 dcgain_db=146.71 f0_hz=12421.5 phase_at_f0_deg=-112.66 f180_hz= gain_at_f180_db= f0_rising_hz= resurgence_db=-0.604669
Doing analysis at TEMP = -40.000000 and TNOM = 27.000000

Using SPARSE 1.3 as Direct Linear Solver
 Reference value :  0.00000e+00
No. of Data Rows : 1
Doing analysis at TEMP = -40.000000 and TNOM = 27.000000

Using SPARSE 1.3 as Direct Linear Solver
 Reference value :  1.00000e-02
No. of Data Rows : 551
Doing analysis at TEMP = -40.000000 and TNOM = 27.000000

Using SPARSE 1.3 as Direct Linear Solver
 Reference value :  1.00000e-02
No. of Data Rows : 551
dcg                 =  1.46710e+02
f0                  =  1.24477e+04
phx                 =  -1.09448e+02
 meas ac f180 when tph=-1.800000e+02 fall=1 failed!

 meas ac gmx find tdb when tph=-1.800000e+02 fall=1 failed!

 meas ac f0r when tdb=0 rise=1 failed!

tres                =  -5.80130e-01 at=  1.31826e+04
ROW iload_a=0.0001 ceff_f=4.7e-06 esr_ohm=0.2 vout_v=1.79945 dcgain_db=146.71 f0_hz=12447.7 phase_at_f0_deg=-109.448 f180_hz= gain_at_f180_db= f0_rising_hz= resurgence_db=-0.58013
Doing analysis at TEMP = -40.000000 and TNOM = 27.000000

Using SPARSE 1.3 as Direct Linear Solver
 Reference value :  0.00000e+00
No. of Data Rows : 1
Doing analysis at TEMP = -40.000000 and TNOM = 27.000000

Using SPARSE 1.3 as Direct Linear Solver
 Reference value :  1.00000e-02
No. of Data Rows : 551
Doing analysis at TEMP = -40.000000 and TNOM = 27.000000

Using SPARSE 1.3 as Direct Linear Solver
 Reference value :  1.00000e-02
No. of Data Rows : 551
dcg                 =  1.46710e+02
f0                  =  1.25971e+04
phx                 =  -1.02787e+02
 meas ac f180 when tph=-1.800000e+02 fall=1 failed!

 meas ac gmx find tdb when tph=-1.800000e+02 fall=1 failed!

f0r                 =  7.77196e+05
tres                =  2.56691e+00 at=  8.31764e+05
ROW iload_a=0.0001 ceff_f=4.7e-06 esr_ohm=0.5 vout_v=1.79945 dcgain_db=146.71 f0_hz=12597.1 phase_at_f0_deg=-102.787 f180_hz= gain_at_f180_db= f0_rising_hz=777196 resurgence_db=2.56691
Doing analysis at TEMP = -40.000000 and TNOM = 27.000000

Using SPARSE 1.3 as Direct Linear Solver
 Reference value :  0.00000e+00
No. of Data Rows : 1
Doing analysis at TEMP = -40.000000 and TNOM = 27.000000

Using SPARSE 1.3 as Direct Linear Solver
 Reference value :  1.00000e-02
No. of Data Rows : 551
Doing analysis at TEMP = -40.000000 and TNOM = 27.000000

Using SPARSE 1.3 as Direct Linear Solver
 Reference value :  1.00000e-02
No. of Data Rows : 551
dcg                 =  1.46870e+02
f0                  =  1.12864e+06
phx                 =  1.75280e+01
 meas ac f180 when tph=-1.800000e+02 fall=1 failed!

 meas ac gmx find tdb when tph=-1.800000e+02 fall=1 failed!

 meas ac f0r when tdb=0 rise=1 failed!

tres                =  -3.03497e+00 at=  1.20226e+06
ROW iload_a=0.001 ceff_f=3.3e-07 esr_ohm=0.001 vout_v=1.79945 dcgain_db=146.87 f0_hz=1.12864E+06 phase_at_f0_deg=17.528 f180_hz= gain_at_f180_db= f0_rising_hz= resurgence_db=-3.03497
Doing analysis at TEMP = -40.000000 and TNOM = 27.000000

Using SPARSE 1.3 as Direct Linear Solver
 Reference value :  0.00000e+00
No. of Data Rows : 1
Doing analysis at TEMP = -40.000000 and TNOM = 27.000000

Using SPARSE 1.3 as Direct Linear Solver
 Reference value :  1.00000e-02
No. of Data Rows : 551
Doing analysis at TEMP = -40.000000 and TNOM = 27.000000

Using SPARSE 1.3 as Direct Linear Solver
 Reference value :  1.00000e-02
No. of Data Rows : 551
dcg                 =  1.46870e+02
f0                  =  1.13011e+06
phx                 =  2.40815e+01
 meas ac f180 when tph=-1.800000e+02 fall=1 failed!

 meas ac gmx find tdb when tph=-1.800000e+02 fall=1 failed!

 meas ac f0r when tdb=0 rise=1 failed!

tres                =  -2.95956e+00 at=  1.20226e+06
ROW iload_a=0.001 ceff_f=3.3e-07 esr_ohm=0.05 vout_v=1.79945 dcgain_db=146.87 f0_hz=1.13011E+06 phase_at_f0_deg=24.0815 f180_hz= gain_at_f180_db= f0_rising_hz= resurgence_db=-2.95956
Doing analysis at TEMP = -40.000000 and TNOM = 27.000000

Using SPARSE 1.3 as Direct Linear Solver
 Reference value :  0.00000e+00
No. of Data Rows : 1
Doing analysis at TEMP = -40.000000 and TNOM = 27.000000

Using SPARSE 1.3 as Direct Linear Solver
 Reference value :  1.00000e-02
No. of Data Rows : 551
Doing analysis at TEMP = -40.000000 and TNOM = 27.000000

Using SPARSE 1.3 as Direct Linear Solver
 Reference value :  1.00000e-02
No. of Data Rows : 551
dcg                 =  1.46870e+02
f0                  =  1.14933e+06
phx                 =  4.28947e+01
 meas ac f180 when tph=-1.800000e+02 fall=1 failed!

 meas ac gmx find tdb when tph=-1.800000e+02 fall=1 failed!

 meas ac f0r when tdb=0 rise=1 failed!

tres                =  -4.02866e+00 at=  1.25893e+06
ROW iload_a=0.001 ceff_f=3.3e-07 esr_ohm=0.2 vout_v=1.79945 dcgain_db=146.87 f0_hz=1.14932E+06 phase_at_f0_deg=42.8947 f180_hz= gain_at_f180_db= f0_rising_hz= resurgence_db=-4.02866
Doing analysis at TEMP = -40.000000 and TNOM = 27.000000

Using SPARSE 1.3 as Direct Linear Solver
 Reference value :  0.00000e+00
No. of Data Rows : 1
Doing analysis at TEMP = -40.000000 and TNOM = 27.000000

Using SPARSE 1.3 as Direct Linear Solver
 Reference value :  1.00000e-02
No. of Data Rows : 551
Doing analysis at TEMP = -40.000000 and TNOM = 27.000000

Using SPARSE 1.3 as Direct Linear Solver
 Reference value :  1.00000e-02
No. of Data Rows : 551
dcg                 =  1.46870e+02
f0                  =  1.23557e+06
phx                 =  6.86427e+01
 meas ac f180 when tph=-1.800000e+02 fall=1 failed!

 meas ac gmx find tdb when tph=-1.800000e+02 fall=1 failed!

 meas ac f0r when tdb=0 rise=1 failed!

tres                =  -2.48780e+00 at=  1.31826e+06
ROW iload_a=0.001 ceff_f=3.3e-07 esr_ohm=0.5 vout_v=1.79945 dcgain_db=146.87 f0_hz=1.23557E+06 phase_at_f0_deg=68.6427 f180_hz= gain_at_f180_db= f0_rising_hz= resurgence_db=-2.4878
Doing analysis at TEMP = -40.000000 and TNOM = 27.000000

Using SPARSE 1.3 as Direct Linear Solver
 Reference value :  0.00000e+00
No. of Data Rows : 1
Doing analysis at TEMP = -40.000000 and TNOM = 27.000000

Using SPARSE 1.3 as Direct Linear Solver
 Reference value :  1.00000e-02
No. of Data Rows : 551
Doing analysis at TEMP = -40.000000 and TNOM = 27.000000

Using SPARSE 1.3 as Direct Linear Solver
 Reference value :  1.00000e-02
No. of Data Rows : 551
dcg                 =  1.46870e+02
f0                  =  9.52971e+05
phx                 =  1.07604e+01
 meas ac f180 when tph=-1.800000e+02 fall=1 failed!

 meas ac gmx find tdb when tph=-1.800000e+02 fall=1 failed!

 meas ac f0r when tdb=0 rise=1 failed!

tres                =  -3.09656e+00 at=  1.00000e+06
ROW iload_a=0.001 ceff_f=1e-06 esr_ohm=0.001 vout_v=1.79945 dcgain_db=146.87 f0_hz=952972 phase_at_f0_deg=10.7604 f180_hz= gain_at_f180_db= f0_rising_hz= resurgence_db=-3.09656
Doing analysis at TEMP = -40.000000 and TNOM = 27.000000

Using SPARSE 1.3 as Direct Linear Solver
 Reference value :  0.00000e+00
No. of Data Rows : 1
Doing analysis at TEMP = -40.000000 and TNOM = 27.000000

Using SPARSE 1.3 as Direct Linear Solver
 Reference value :  1.00000e-02
No. of Data Rows : 551
Doing analysis at TEMP = -40.000000 and TNOM = 27.000000

Using SPARSE 1.3 as Direct Linear Solver
 Reference value :  1.00000e-02
No. of Data Rows : 551
dcg                 =  1.46870e+02
f0                  =  9.58881e+05
phx                 =  2.78347e+01
 meas ac f180 when tph=-1.800000e+02 fall=1 failed!

 meas ac gmx find tdb when tph=-1.800000e+02 fall=1 failed!

 meas ac f0r when tdb=0 rise=1 failed!

tres                =  -5.26946e+00 at=  1.04713e+06
ROW iload_a=0.001 ceff_f=1e-06 esr_ohm=0.05 vout_v=1.79945 dcgain_db=146.87 f0_hz=958881 phase_at_f0_deg=27.8347 f180_hz= gain_at_f180_db= f0_rising_hz= resurgence_db=-5.26946
Doing analysis at TEMP = -40.000000 and TNOM = 27.000000

Using SPARSE 1.3 as Direct Linear Solver
 Reference value :  0.00000e+00
No. of Data Rows : 1
Doing analysis at TEMP = -40.000000 and TNOM = 27.000000

Using SPARSE 1.3 as Direct Linear Solver
 Reference value :  1.00000e-02
No. of Data Rows : 551
Doing analysis at TEMP = -40.000000 and TNOM = 27.000000

Using SPARSE 1.3 as Direct Linear Solver
 Reference value :  1.00000e-02
No. of Data Rows : 551
dcg                 =  1.46870e+02
f0                  =  1.02126e+06
phx                 =  6.72802e+01
 meas ac f180 when tph=-1.800000e+02 fall=1 failed!

 meas ac gmx find tdb when tph=-1.800000e+02 fall=1 failed!

 meas ac f0r when tdb=0 rise=1 failed!

tres                =  -3.50115e+00 at=  1.09648e+06
ROW iload_a=0.001 ceff_f=1e-06 esr_ohm=0.2 vout_v=1.79945 dcgain_db=146.87 f0_hz=1.02126E+06 phase_at_f0_deg=67.2802 f180_hz= gain_at_f180_db= f0_rising_hz= resurgence_db=-3.50115
Doing analysis at TEMP = -40.000000 and TNOM = 27.000000

Using SPARSE 1.3 as Direct Linear Solver
 Reference value :  0.00000e+00
No. of Data Rows : 1
Doing analysis at TEMP = -40.000000 and TNOM = 27.000000

Using SPARSE 1.3 as Direct Linear Solver
 Reference value :  1.00000e-02
No. of Data Rows : 551
Doing analysis at TEMP = -40.000000 and TNOM = 27.000000

Using SPARSE 1.3 as Direct Linear Solver
 Reference value :  1.00000e-02
No. of Data Rows : 551
dcg                 =  1.46870e+02
f0                  =  1.17898e+06
phx                 =  9.18527e+01
 meas ac f180 when tph=-1.800000e+02 fall=1 failed!

 meas ac gmx find tdb when tph=-1.800000e+02 fall=1 failed!

 meas ac f0r when tdb=0 rise=1 failed!

tres                =  -2.46181e+00 at=  1.25893e+06
ROW iload_a=0.001 ceff_f=1e-06 esr_ohm=0.5 vout_v=1.79945 dcgain_db=146.87 f0_hz=1.17898E+06 phase_at_f0_deg=91.8527 f180_hz= gain_at_f180_db= f0_rising_hz= resurgence_db=-2.46181
Doing analysis at TEMP = -40.000000 and TNOM = 27.000000

Using SPARSE 1.3 as Direct Linear Solver
 Reference value :  0.00000e+00
No. of Data Rows : 1
Doing analysis at TEMP = -40.000000 and TNOM = 27.000000

Using SPARSE 1.3 as Direct Linear Solver
 Reference value :  1.00000e-02
No. of Data Rows : 551
Doing analysis at TEMP = -40.000000 and TNOM = 27.000000

Using SPARSE 1.3 as Direct Linear Solver
 Reference value :  1.00000e-02
No. of Data Rows : 551
dcg                 =  1.46870e+02
f0                  =  1.07870e+05
phx                 =  -9.19807e+01
 meas ac f180 when tph=-1.800000e+02 fall=1 failed!

 meas ac gmx find tdb when tph=-1.800000e+02 fall=1 failed!

 meas ac f0r when tdb=0 rise=1 failed!

tres                =  -4.82730e-01 at=  1.14815e+05
ROW iload_a=0.001 ceff_f=4.7e-06 esr_ohm=0.001 vout_v=1.79945 dcgain_db=146.87 f0_hz=107870 phase_at_f0_deg=-91.9807 f180_hz= gain_at_f180_db= f0_rising_hz= resurgence_db=-0.48273
Doing analysis at TEMP = -40.000000 and TNOM = 27.000000

Using SPARSE 1.3 as Direct Linear Solver
 Reference value :  0.00000e+00
No. of Data Rows : 1
Doing analysis at TEMP = -40.000000 and TNOM = 27.000000

Using SPARSE 1.3 as Direct Linear Solver
 Reference value :  1.00000e-02
No. of Data Rows : 551
Doing analysis at TEMP = -40.000000 and TNOM = 27.000000

Using SPARSE 1.3 as Direct Linear Solver
 Reference value :  1.00000e-02
No. of Data Rows : 551
dcg                 =  1.46870e+02
f0                  =  1.09429e+05
phx                 =  -8.30926e+01
 meas ac f180 when tph=-1.800000e+02 fall=1 failed!

 meas ac gmx find tdb when tph=-1.800000e+02 fall=1 failed!

f0r                 =  7.85375e+05
tres                =  4.02864e-01 at=  7.94328e+05
ROW iload_a=0.001 ceff_f=4.7e-06 esr_ohm=0.05 vout_v=1.79945 dcgain_db=146.87 f0_hz=109430 phase_at_f0_deg=-83.0926 f180_hz= gain_at_f180_db= f0_rising_hz=785376 resurgence_db=0.402864
Doing analysis at TEMP = -40.000000 and TNOM = 27.000000

Using SPARSE 1.3 as Direct Linear Solver
 Reference value :  0.00000e+00
No. of Data Rows : 1
Doing analysis at TEMP = -40.000000 and TNOM = 27.000000

Using SPARSE 1.3 as Direct Linear Solver
 Reference value :  1.00000e-02
No. of Data Rows : 551
Doing analysis at TEMP = -40.000000 and TNOM = 27.000000

Using SPARSE 1.3 as Direct Linear Solver
 Reference value :  1.00000e-02
No. of Data Rows : 551
dcg                 =  1.46870e+02
f0                  =  1.48394e+05
phx                 =  -5.37675e+01
 meas ac f180 when tph=-1.800000e+02 fall=1 failed!

 meas ac gmx find tdb when tph=-1.800000e+02 fall=1 failed!

f0r                 =  5.08871e+05
tres                =  1.01759e+01 at=  7.94328e+05
ROW iload_a=0.001 ceff_f=4.7e-06 esr_ohm=0.2 vout_v=1.79945 dcgain_db=146.87 f0_hz=148394 phase_at_f0_deg=-53.7675 f180_hz= gain_at_f180_db= f0_rising_hz=508871 resurgence_db=10.1759
Doing analysis at TEMP = -40.000000 and TNOM = 27.000000

Using SPARSE 1.3 as Direct Linear Solver
 Reference value :  0.00000e+00
No. of Data Rows : 1
Doing analysis at TEMP = -40.000000 and TNOM = 27.000000

Using SPARSE 1.3 as Direct Linear Solver
 Reference value :  1.00000e-02
No. of Data Rows : 551
Doing analysis at TEMP = -40.000000 and TNOM = 27.000000

Using SPARSE 1.3 as Direct Linear Solver
 Reference value :  1.00000e-02
No. of Data Rows : 551
dcg                 =  1.46870e+02
f0                  =  1.17022e+06
phx                 =  1.03610e+02
 meas ac f180 when tph=-1.800000e+02 fall=1 failed!

 meas ac gmx find tdb when tph=-1.800000e+02 fall=1 failed!

 meas ac f0r when tdb=0 rise=1 failed!

tres                =  -2.71193e+00 at=  1.25893e+06
ROW iload_a=0.001 ceff_f=4.7e-06 esr_ohm=0.5 vout_v=1.79945 dcgain_db=146.87 f0_hz=1.17022E+06 phase_at_f0_deg=103.61 f180_hz= gain_at_f180_db= f0_rising_hz= resurgence_db=-2.71193
Doing analysis at TEMP = -40.000000 and TNOM = 27.000000

Using SPARSE 1.3 as Direct Linear Solver
 Reference value :  0.00000e+00
No. of Data Rows : 1
Doing analysis at TEMP = -40.000000 and TNOM = 27.000000

Using SPARSE 1.3 as Direct Linear Solver
 Reference value :  1.00000e-02
No. of Data Rows : 551
Doing analysis at TEMP = -40.000000 and TNOM = 27.000000

Using SPARSE 1.3 as Direct Linear Solver
 Reference value :  1.00000e-02
No. of Data Rows : 551
dcg                 =  1.45062e+02
f0                  =  1.48625e+06
phx                 =  1.17236e+01
 meas ac f180 when tph=-1.800000e+02 fall=1 failed!

 meas ac gmx find tdb when tph=-1.800000e+02 fall=1 failed!

 meas ac f0r when tdb=0 rise=1 failed!

tres                =  -2.56076e+00 at=  1.58489e+06
ROW iload_a=0.01 ceff_f=3.3e-07 esr_ohm=0.001 vout_v=1.79945 dcgain_db=145.062 f0_hz=1.48625E+06 phase_at_f0_deg=11.7236 f180_hz= gain_at_f180_db= f0_rising_hz= resurgence_db=-2.56076
Doing analysis at TEMP = -40.000000 and TNOM = 27.000000

Using SPARSE 1.3 as Direct Linear Solver
 Reference value :  0.00000e+00
No. of Data Rows : 1
Doing analysis at TEMP = -40.000000 and TNOM = 27.000000

Using SPARSE 1.3 as Direct Linear Solver
 Reference value :  1.00000e-02
No. of Data Rows : 551
Doing analysis at TEMP = -40.000000 and TNOM = 27.000000

Using SPARSE 1.3 as Direct Linear Solver
 Reference value :  1.00000e-02
No. of Data Rows : 551
dcg                 =  1.45062e+02
f0                  =  1.49008e+06
phx                 =  2.02585e+01
 meas ac f180 when tph=-1.800000e+02 fall=1 failed!

 meas ac gmx find tdb when tph=-1.800000e+02 fall=1 failed!

 meas ac f0r when tdb=0 rise=1 failed!

tres                =  -2.44211e+00 at=  1.58489e+06
ROW iload_a=0.01 ceff_f=3.3e-07 esr_ohm=0.05 vout_v=1.79945 dcgain_db=145.062 f0_hz=1.49008E+06 phase_at_f0_deg=20.2585 f180_hz= gain_at_f180_db= f0_rising_hz= resurgence_db=-2.44211
Doing analysis at TEMP = -40.000000 and TNOM = 27.000000

Using SPARSE 1.3 as Direct Linear Solver
 Reference value :  0.00000e+00
No. of Data Rows : 1
Doing analysis at TEMP = -40.000000 and TNOM = 27.000000

Using SPARSE 1.3 as Direct Linear Solver
 Reference value :  1.00000e-02
No. of Data Rows : 551
Doing analysis at TEMP = -40.000000 and TNOM = 27.000000

Using SPARSE 1.3 as Direct Linear Solver
 Reference value :  1.00000e-02
No. of Data Rows : 551
dcg                 =  1.45062e+02
f0                  =  1.54312e+06
phx                 =  4.31076e+01
 meas ac f180 when tph=-1.800000e+02 fall=1 failed!

 meas ac gmx find tdb when tph=-1.800000e+02 fall=1 failed!

 meas ac f0r when tdb=0 rise=1 failed!

tres                =  -2.66404e+00 at=  1.65959e+06
ROW iload_a=0.01 ceff_f=3.3e-07 esr_ohm=0.2 vout_v=1.79945 dcgain_db=145.062 f0_hz=1.54312E+06 phase_at_f0_deg=43.1076 f180_hz= gain_at_f180_db= f0_rising_hz= resurgence_db=-2.66404
Doing analysis at TEMP = -40.000000 and TNOM = 27.000000

Using SPARSE 1.3 as Direct Linear Solver
 Reference value :  0.00000e+00
No. of Data Rows : 1
Doing analysis at TEMP = -40.000000 and TNOM = 27.000000

Using SPARSE 1.3 as Direct Linear Solver
 Reference value :  1.00000e-02
No. of Data Rows : 551
Doing analysis at TEMP = -40.000000 and TNOM = 27.000000

Using SPARSE 1.3 as Direct Linear Solver
 Reference value :  1.00000e-02
No. of Data Rows : 551
dcg                 =  1.45062e+02
f0                  =  1.74546e+06
phx                 =  6.78660e+01
 meas ac f180 when tph=-1.800000e+02 fall=1 failed!

 meas ac gmx find tdb when tph=-1.800000e+02 fall=1 failed!

 meas ac f0r when tdb=0 rise=1 failed!

tres                =  -2.74900e+00 at=  1.90546e+06
ROW iload_a=0.01 ceff_f=3.3e-07 esr_ohm=0.5 vout_v=1.79945 dcgain_db=145.062 f0_hz=1.74546E+06 phase_at_f0_deg=67.866 f180_hz= gain_at_f180_db= f0_rising_hz= resurgence_db=-2.749
Doing analysis at TEMP = -40.000000 and TNOM = 27.000000

Using SPARSE 1.3 as Direct Linear Solver
 Reference value :  0.00000e+00
No. of Data Rows : 1
Doing analysis at TEMP = -40.000000 and TNOM = 27.000000

Using SPARSE 1.3 as Direct Linear Solver
 Reference value :  1.00000e-02
No. of Data Rows : 551
Doing analysis at TEMP = -40.000000 and TNOM = 27.000000

Using SPARSE 1.3 as Direct Linear Solver
 Reference value :  1.00000e-02
No. of Data Rows : 551
dcg                 =  1.45062e+02
f0                  =  1.18481e+06
phx                 =  1.60464e+01
 meas ac f180 when tph=-1.800000e+02 fall=1 failed!

 meas ac gmx find tdb when tph=-1.800000e+02 fall=1 failed!

 meas ac f0r when tdb=0 rise=1 failed!

tres                =  -2.73651e+00 at=  1.25893e+06
ROW iload_a=0.01 ceff_f=1e-06 esr_ohm=0.001 vout_v=1.79945 dcgain_db=145.062 f0_hz=1.18481E+06 phase_at_f0_deg=16.0464 f180_hz= gain_at_f180_db= f0_rising_hz= resurgence_db=-2.73651
Doing analysis at TEMP = -40.000000 and TNOM = 27.000000

Using SPARSE 1.3 as Direct Linear Solver
 Reference value :  0.00000e+00
No. of Data Rows : 1
Doing analysis at TEMP = -40.000000 and TNOM = 27.000000

Using SPARSE 1.3 as Direct Linear Solver
 Reference value :  1.00000e-02
No. of Data Rows : 551
Doing analysis at TEMP = -40.000000 and TNOM = 27.000000

Using SPARSE 1.3 as Direct Linear Solver
 Reference value :  1.00000e-02
No. of Data Rows : 551
dcg                 =  1.45062e+02
f0                  =  1.19980e+06
phx                 =  3.61970e+01
 meas ac f180 when tph=-1.800000e+02 fall=1 failed!

 meas ac gmx find tdb when tph=-1.800000e+02 fall=1 failed!

 meas ac f0r when tdb=0 rise=1 failed!

tres                =  -2.08703e+00 at=  1.25893e+06
ROW iload_a=0.01 ceff_f=1e-06 esr_ohm=0.05 vout_v=1.79945 dcgain_db=145.062 f0_hz=1.19980E+06 phase_at_f0_deg=36.197 f180_hz= gain_at_f180_db= f0_rising_hz= resurgence_db=-2.08703
Doing analysis at TEMP = -40.000000 and TNOM = 27.000000

Using SPARSE 1.3 as Direct Linear Solver
 Reference value :  0.00000e+00
No. of Data Rows : 1
Doing analysis at TEMP = -40.000000 and TNOM = 27.000000

Using SPARSE 1.3 as Direct Linear Solver
 Reference value :  1.00000e-02
No. of Data Rows : 551
Doing analysis at TEMP = -40.000000 and TNOM = 27.000000

Using SPARSE 1.3 as Direct Linear Solver
 Reference value :  1.00000e-02
No. of Data Rows : 551
dcg                 =  1.45062e+02
f0                  =  1.35804e+06
phx                 =  7.30901e+01
 meas ac f180 when tph=-1.800000e+02 fall=1 failed!

 meas ac gmx find tdb when tph=-1.800000e+02 fall=1 failed!

 meas ac f0r when tdb=0 rise=1 failed!

tres                =  -2.15751e+00 at=  1.44544e+06
ROW iload_a=0.01 ceff_f=1e-06 esr_ohm=0.2 vout_v=1.79945 dcgain_db=145.062 f0_hz=1.35804E+06 phase_at_f0_deg=73.0901 f180_hz= gain_at_f180_db= f0_rising_hz= resurgence_db=-2.15751
Doing analysis at TEMP = -40.000000 and TNOM = 27.000000

Using SPARSE 1.3 as Direct Linear Solver
 Reference value :  0.00000e+00
No. of Data Rows : 1
Doing analysis at TEMP = -40.000000 and TNOM = 27.000000

Using SPARSE 1.3 as Direct Linear Solver
 Reference value :  1.00000e-02
No. of Data Rows : 551
Doing analysis at TEMP = -40.000000 and TNOM = 27.000000

Using SPARSE 1.3 as Direct Linear Solver
 Reference value :  1.00000e-02
No. of Data Rows : 551
dcg                 =  1.45062e+02
f0                  =  1.68849e+06
phx                 =  8.69644e+01
 meas ac f180 when tph=-1.800000e+02 fall=1 failed!

 meas ac gmx find tdb when tph=-1.800000e+02 fall=1 failed!

 meas ac f0r when tdb=0 rise=1 failed!

tres                =  -2.24800e+00 at=  1.81970e+06
ROW iload_a=0.01 ceff_f=1e-06 esr_ohm=0.5 vout_v=1.79945 dcgain_db=145.062 f0_hz=1.68849E+06 phase_at_f0_deg=86.9644 f180_hz= gain_at_f180_db= f0_rising_hz= resurgence_db=-2.248
Doing analysis at TEMP = -40.000000 and TNOM = 27.000000

Using SPARSE 1.3 as Direct Linear Solver
 Reference value :  0.00000e+00
No. of Data Rows : 1
Doing analysis at TEMP = -40.000000 and TNOM = 27.000000

Using SPARSE 1.3 as Direct Linear Solver
 Reference value :  1.00000e-02
No. of Data Rows : 551
Doing analysis at TEMP = -40.000000 and TNOM = 27.000000

Using SPARSE 1.3 as Direct Linear Solver
 Reference value :  1.00000e-02
No. of Data Rows : 551
dcg                 =  1.45062e+02
f0                  =  9.26807e+05
phx                 =  6.04145e+00
 meas ac f180 when tph=-1.800000e+02 fall=1 failed!

 meas ac gmx find tdb when tph=-1.800000e+02 fall=1 failed!

 meas ac f0r when tdb=0 rise=1 failed!

tres                =  -4.80558e+00 at=  1.00000e+06
ROW iload_a=0.01 ceff_f=4.7e-06 esr_ohm=0.001 vout_v=1.79945 dcgain_db=145.062 f0_hz=926807 phase_at_f0_deg=6.04145 f180_hz= gain_at_f180_db= f0_rising_hz= resurgence_db=-4.80558
Doing analysis at TEMP = -40.000000 and TNOM = 27.000000

Using SPARSE 1.3 as Direct Linear Solver
 Reference value :  0.00000e+00
No. of Data Rows : 1
Doing analysis at TEMP = -40.000000 and TNOM = 27.000000

Using SPARSE 1.3 as Direct Linear Solver
 Reference value :  1.00000e-02
No. of Data Rows : 551
Doing analysis at TEMP = -40.000000 and TNOM = 27.000000

Using SPARSE 1.3 as Direct Linear Solver
 Reference value :  1.00000e-02
No. of Data Rows : 551
dcg                 =  1.45062e+02
f0                  =  1.00587e+06
phx                 =  6.86681e+01
 meas ac f180 when tph=-1.800000e+02 fall=1 failed!

 meas ac gmx find tdb when tph=-1.800000e+02 fall=1 failed!

 meas ac f0r when tdb=0 rise=1 failed!

tres                =  -4.08083e+00 at=  1.09648e+06
ROW iload_a=0.01 ceff_f=4.7e-06 esr_ohm=0.05 vout_v=1.79945 dcgain_db=145.062 f0_hz=1.00587E+06 phase_at_f0_deg=68.6681 f180_hz= gain_at_f180_db= f0_rising_hz= resurgence_db=-4.08083
Doing analysis at TEMP = -40.000000 and TNOM = 27.000000

Using SPARSE 1.3 as Direct Linear Solver
 Reference value :  0.00000e+00
No. of Data Rows : 1
Doing analysis at TEMP = -40.000000 and TNOM = 27.000000

Using SPARSE 1.3 as Direct Linear Solver
 Reference value :  1.00000e-02
No. of Data Rows : 551
Doing analysis at TEMP = -40.000000 and TNOM = 27.000000

Using SPARSE 1.3 as Direct Linear Solver
 Reference value :  1.00000e-02
No. of Data Rows : 551
dcg                 =  1.45062e+02
f0                  =  1.30990e+06
phx                 =  9.66629e+01
 meas ac f180 when tph=-1.800000e+02 fall=1 failed!

 meas ac gmx find tdb when tph=-1.800000e+02 fall=1 failed!

 meas ac f0r when tdb=0 rise=1 failed!

tres                =  -1.74905e+00 at=  1.38038e+06
ROW iload_a=0.01 ceff_f=4.7e-06 esr_ohm=0.2 vout_v=1.79945 dcgain_db=145.062 f0_hz=1.3099E+06 phase_at_f0_deg=96.6629 f180_hz= gain_at_f180_db= f0_rising_hz= resurgence_db=-1.74905
Doing analysis at TEMP = -40.000000 and TNOM = 27.000000

Using SPARSE 1.3 as Direct Linear Solver
 Reference value :  0.00000e+00
No. of Data Rows : 1
Doing analysis at TEMP = -40.000000 and TNOM = 27.000000

Using SPARSE 1.3 as Direct Linear Solver
 Reference value :  1.00000e-02
No. of Data Rows : 551
Doing analysis at TEMP = -40.000000 and TNOM = 27.000000

Using SPARSE 1.3 as Direct Linear Solver
 Reference value :  1.00000e-02
No. of Data Rows : 551
dcg                 =  1.45062e+02
f0                  =  1.68045e+06
phx                 =  9.54107e+01
 meas ac f180 when tph=-1.800000e+02 fall=1 failed!

 meas ac gmx find tdb when tph=-1.800000e+02 fall=1 failed!

 meas ac f0r when tdb=0 rise=1 failed!

tres                =  -2.36941e+00 at=  1.81970e+06
ROW iload_a=0.01 ceff_f=4.7e-06 esr_ohm=0.5 vout_v=1.79945 dcgain_db=145.062 f0_hz=1.68044E+06 phase_at_f0_deg=95.4107 f180_hz= gain_at_f180_db= f0_rising_hz= resurgence_db=-2.36941
Doing analysis at TEMP = -40.000000 and TNOM = 27.000000

Using SPARSE 1.3 as Direct Linear Solver
 Reference value :  0.00000e+00
No. of Data Rows : 1
Doing analysis at TEMP = -40.000000 and TNOM = 27.000000

Using SPARSE 1.3 as Direct Linear Solver
 Reference value :  1.00000e-02
No. of Data Rows : 551
Doing analysis at TEMP = -40.000000 and TNOM = 27.000000

Using SPARSE 1.3 as Direct Linear Solver
 Reference value :  1.00000e-02
No. of Data Rows : 551
dcg                 =  1.42962e+02
f0                  =  1.61458e+06
phx                 =  9.04686e+00
 meas ac f180 when tph=-1.800000e+02 fall=1 failed!

 meas ac gmx find tdb when tph=-1.800000e+02 fall=1 failed!

 meas ac f0r when tdb=0 rise=1 failed!

tres                =  -2.85889e+00 at=  1.73780e+06
ROW iload_a=0.025 ceff_f=3.3e-07 esr_ohm=0.001 vout_v=1.79945 dcgain_db=142.962 f0_hz=1.61458E+06 phase_at_f0_deg=9.04686 f180_hz= gain_at_f180_db= f0_rising_hz= resurgence_db=-2.85889
Doing analysis at TEMP = -40.000000 and TNOM = 27.000000

Using SPARSE 1.3 as Direct Linear Solver
 Reference value :  0.00000e+00
No. of Data Rows : 1
Doing analysis at TEMP = -40.000000 and TNOM = 27.000000

Using SPARSE 1.3 as Direct Linear Solver
 Reference value :  1.00000e-02
No. of Data Rows : 551
Doing analysis at TEMP = -40.000000 and TNOM = 27.000000

Using SPARSE 1.3 as Direct Linear Solver
 Reference value :  1.00000e-02
No. of Data Rows : 551
dcg                 =  1.42962e+02
f0                  =  1.61956e+06
phx                 =  1.82933e+01
 meas ac f180 when tph=-1.800000e+02 fall=1 failed!

 meas ac gmx find tdb when tph=-1.800000e+02 fall=1 failed!

 meas ac f0r when tdb=0 rise=1 failed!

tres                =  -2.71958e+00 at=  1.73780e+06
ROW iload_a=0.025 ceff_f=3.3e-07 esr_ohm=0.05 vout_v=1.79945 dcgain_db=142.962 f0_hz=1.61956E+06 phase_at_f0_deg=18.2933 f180_hz= gain_at_f180_db= f0_rising_hz= resurgence_db=-2.71958
Doing analysis at TEMP = -40.000000 and TNOM = 27.000000

Using SPARSE 1.3 as Direct Linear Solver
 Reference value :  0.00000e+00
No. of Data Rows : 1
Doing analysis at TEMP = -40.000000 and TNOM = 27.000000

Using SPARSE 1.3 as Direct Linear Solver
 Reference value :  1.00000e-02
No. of Data Rows : 551
Doing analysis at TEMP = -40.000000 and TNOM = 27.000000

Using SPARSE 1.3 as Direct Linear Solver
 Reference value :  1.00000e-02
No. of Data Rows : 551
dcg                 =  1.42962e+02
f0                  =  1.68794e+06
phx                 =  4.25016e+01
 meas ac f180 when tph=-1.800000e+02 fall=1 failed!

 meas ac gmx find tdb when tph=-1.800000e+02 fall=1 failed!

 meas ac f0r when tdb=0 rise=1 failed!

tres                =  -2.66509e+00 at=  1.81970e+06
ROW iload_a=0.025 ceff_f=3.3e-07 esr_ohm=0.2 vout_v=1.79945 dcgain_db=142.962 f0_hz=1.68794E+06 phase_at_f0_deg=42.5016 f180_hz= gain_at_f180_db= f0_rising_hz= resurgence_db=-2.66509
Doing analysis at TEMP = -40.000000 and TNOM = 27.000000

Using SPARSE 1.3 as Direct Linear Solver
 Reference value :  0.00000e+00
No. of Data Rows : 1
Doing analysis at TEMP = -40.000000 and TNOM = 27.000000

Using SPARSE 1.3 as Direct Linear Solver
 Reference value :  1.00000e-02
No. of Data Rows : 551
Doing analysis at TEMP = -40.000000 and TNOM = 27.000000

Using SPARSE 1.3 as Direct Linear Solver
 Reference value :  1.00000e-02
No. of Data Rows : 551
dcg                 =  1.42962e+02
f0                  =  1.93693e+06
phx                 =  6.67207e+01
 meas ac f180 when tph=-1.800000e+02 fall=1 failed!

 meas ac gmx find tdb when tph=-1.800000e+02 fall=1 failed!

 meas ac f0r when tdb=0 rise=1 failed!

tres                =  -2.32712e+00 at=  2.08930e+06
ROW iload_a=0.025 ceff_f=3.3e-07 esr_ohm=0.5 vout_v=1.79945 dcgain_db=142.962 f0_hz=1.93693E+06 phase_at_f0_deg=66.7207 f180_hz= gain_at_f180_db= f0_rising_hz= resurgence_db=-2.32712
Doing analysis at TEMP = -40.000000 and TNOM = 27.000000

Using SPARSE 1.3 as Direct Linear Solver
 Reference value :  0.00000e+00
No. of Data Rows : 1
Doing analysis at TEMP = -40.000000 and TNOM = 27.000000

Using SPARSE 1.3 as Direct Linear Solver
 Reference value :  1.00000e-02
No. of Data Rows : 551
Doing analysis at TEMP = -40.000000 and TNOM = 27.000000

Using SPARSE 1.3 as Direct Linear Solver
 Reference value :  1.00000e-02
No. of Data Rows : 551
dcg                 =  1.42962e+02
f0                  =  1.27449e+06
phx                 =  1.46291e+01
 meas ac f180 when tph=-1.800000e+02 fall=1 failed!

 meas ac gmx find tdb when tph=-1.800000e+02 fall=1 failed!

 meas ac f0r when tdb=0 rise=1 failed!

tres                =  -3.37706e+00 at=  1.38038e+06
ROW iload_a=0.025 ceff_f=1e-06 esr_ohm=0.001 vout_v=1.79945 dcgain_db=142.962 f0_hz=1.27449E+06 phase_at_f0_deg=14.6291 f180_hz= gain_at_f180_db= f0_rising_hz= resurgence_db=-3.37706
Doing analysis at TEMP = -40.000000 and TNOM = 27.000000

Using SPARSE 1.3 as Direct Linear Solver
 Reference value :  0.00000e+00
No. of Data Rows : 1
Doing analysis at TEMP = -40.000000 and TNOM = 27.000000

Using SPARSE 1.3 as Direct Linear Solver
 Reference value :  1.00000e-02
No. of Data Rows : 551
Doing analysis at TEMP = -40.000000 and TNOM = 27.000000

Using SPARSE 1.3 as Direct Linear Solver
 Reference value :  1.00000e-02
No. of Data Rows : 551
dcg                 =  1.42962e+02
f0                  =  1.29480e+06
phx                 =  3.60341e+01
 meas ac f180 when tph=-1.800000e+02 fall=1 failed!

 meas ac gmx find tdb when tph=-1.800000e+02 fall=1 failed!

 meas ac f0r when tdb=0 rise=1 failed!

tres                =  -2.61334e+00 at=  1.38038e+06
ROW iload_a=0.025 ceff_f=1e-06 esr_ohm=0.05 vout_v=1.79945 dcgain_db=142.962 f0_hz=1.2948E+06 phase_at_f0_deg=36.0341 f180_hz= gain_at_f180_db= f0_rising_hz= resurgence_db=-2.61334
Doing analysis at TEMP = -40.000000 and TNOM = 27.000000

Using SPARSE 1.3 as Direct Linear Solver
 Reference value :  0.00000e+00
No. of Data Rows : 1
Doing analysis at TEMP = -40.000000 and TNOM = 27.000000

Using SPARSE 1.3 as Direct Linear Solver
 Reference value :  1.00000e-02
No. of Data Rows : 551
Doing analysis at TEMP = -40.000000 and TNOM = 27.000000

Using SPARSE 1.3 as Direct Linear Solver
 Reference value :  1.00000e-02
No. of Data Rows : 551
dcg                 =  1.42962e+02
f0                  =  1.49389e+06
phx                 =  7.26238e+01
 meas ac f180 when tph=-1.800000e+02 fall=1 failed!

 meas ac gmx find tdb when tph=-1.800000e+02 fall=1 failed!

 meas ac f0r when tdb=0 rise=1 failed!

tres                =  -1.93776e+00 at=  1.58489e+06
ROW iload_a=0.025 ceff_f=1e-06 esr_ohm=0.2 vout_v=1.79945 dcgain_db=142.962 f0_hz=1.49389E+06 phase_at_f0_deg=72.6238 f180_hz= gain_at_f180_db= f0_rising_hz= resurgence_db=-1.93776
Doing analysis at TEMP = -40.000000 and TNOM = 27.000000

Using SPARSE 1.3 as Direct Linear Solver
 Reference value :  0.00000e+00
No. of Data Rows : 1
Doing analysis at TEMP = -40.000000 and TNOM = 27.000000

Using SPARSE 1.3 as Direct Linear Solver
 Reference value :  1.00000e-02
No. of Data Rows : 551
Doing analysis at TEMP = -40.000000 and TNOM = 27.000000

Using SPARSE 1.3 as Direct Linear Solver
 Reference value :  1.00000e-02
No. of Data Rows : 551
dcg                 =  1.42962e+02
f0                  =  1.88253e+06
phx                 =  8.43045e+01
 meas ac f180 when tph=-1.800000e+02 fall=1 failed!

 meas ac gmx find tdb when tph=-1.800000e+02 fall=1 failed!

 meas ac f0r when tdb=0 rise=1 failed!

tres                =  -1.71350e+00 at=  1.99526e+06
ROW iload_a=0.025 ceff_f=1e-06 esr_ohm=0.5 vout_v=1.79945 dcgain_db=142.962 f0_hz=1.88253E+06 phase_at_f0_deg=84.3045 f180_hz= gain_at_f180_db= f0_rising_hz= resurgence_db=-1.7135
Doing analysis at TEMP = -40.000000 and TNOM = 27.000000

Using SPARSE 1.3 as Direct Linear Solver
 Reference value :  0.00000e+00
No. of Data Rows : 1
Doing analysis at TEMP = -40.000000 and TNOM = 27.000000

Using SPARSE 1.3 as Direct Linear Solver
 Reference value :  1.00000e-02
No. of Data Rows : 551
Doing analysis at TEMP = -40.000000 and TNOM = 27.000000

Using SPARSE 1.3 as Direct Linear Solver
 Reference value :  1.00000e-02
No. of Data Rows : 551
dcg                 =  1.42962e+02
f0                  =  9.73056e+05
phx                 =  1.10512e+01
 meas ac f180 when tph=-1.800000e+02 fall=1 failed!

 meas ac gmx find tdb when tph=-1.800000e+02 fall=1 failed!

 meas ac f0r when tdb=0 rise=1 failed!

tres                =  -4.17646e+00 at=  1.04713e+06
ROW iload_a=0.025 ceff_f=4.7e-06 esr_ohm=0.001 vout_v=1.79945 dcgain_db=142.962 f0_hz=973056 phase_at_f0_deg=11.0512 f180_hz= gain_at_f180_db= f0_rising_hz= resurgence_db=-4.17646
Doing analysis at TEMP = -40.000000 and TNOM = 27.000000

Using SPARSE 1.3 as Direct Linear Solver
 Reference value :  0.00000e+00
No. of Data Rows : 1
Doing analysis at TEMP = -40.000000 and TNOM = 27.000000

Using SPARSE 1.3 as Direct Linear Solver
 Reference value :  1.00000e-02
No. of Data Rows : 551
Doing analysis at TEMP = -40.000000 and TNOM = 27.000000

Using SPARSE 1.3 as Direct Linear Solver
 Reference value :  1.00000e-02
No. of Data Rows : 551
dcg                 =  1.42962e+02
f0                  =  1.07511e+06
phx                 =  7.18308e+01
 meas ac f180 when tph=-1.800000e+02 fall=1 failed!

 meas ac gmx find tdb when tph=-1.800000e+02 fall=1 failed!

 meas ac f0r when tdb=0 rise=1 failed!

tres                =  -2.82022e+00 at=  1.14815e+06
ROW iload_a=0.025 ceff_f=4.7e-06 esr_ohm=0.05 vout_v=1.79945 dcgain_db=142.962 f0_hz=1.07511E+06 phase_at_f0_deg=71.8308 f180_hz= gain_at_f180_db= f0_rising_hz= resurgence_db=-2.82022
Doing analysis at TEMP = -40.000000 and TNOM = 27.000000

Using SPARSE 1.3 as Direct Linear Solver
 Reference value :  0.00000e+00
No. of Data Rows : 1
Doing analysis at TEMP = -40.000000 and TNOM = 27.000000

Using SPARSE 1.3 as Direct Linear Solver
 Reference value :  1.00000e-02
No. of Data Rows : 551
Doing analysis at TEMP = -40.000000 and TNOM = 27.000000

Using SPARSE 1.3 as Direct Linear Solver
 Reference value :  1.00000e-02
No. of Data Rows : 551
dcg                 =  1.42962e+02
f0                  =  1.44592e+06
phx                 =  9.46583e+01
 meas ac f180 when tph=-1.800000e+02 fall=1 failed!

 meas ac gmx find tdb when tph=-1.800000e+02 fall=1 failed!

 meas ac f0r when tdb=0 rise=1 failed!

tres                =  -2.85129e+00 at=  1.58489e+06
ROW iload_a=0.025 ceff_f=4.7e-06 esr_ohm=0.2 vout_v=1.79945 dcgain_db=142.962 f0_hz=1.44592E+06 phase_at_f0_deg=94.6583 f180_hz= gain_at_f180_db= f0_rising_hz= resurgence_db=-2.85129
Doing analysis at TEMP = -40.000000 and TNOM = 27.000000

Using SPARSE 1.3 as Direct Linear Solver
 Reference value :  0.00000e+00
No. of Data Rows : 1
Doing analysis at TEMP = -40.000000 and TNOM = 27.000000

Using SPARSE 1.3 as Direct Linear Solver
 Reference value :  1.00000e-02
No. of Data Rows : 551
Doing analysis at TEMP = -40.000000 and TNOM = 27.000000

Using SPARSE 1.3 as Direct Linear Solver
 Reference value :  1.00000e-02
No. of Data Rows : 551
dcg                 =  1.42962e+02
f0                  =  1.87531e+06
phx                 =  9.18787e+01
 meas ac f180 when tph=-1.800000e+02 fall=1 failed!

 meas ac gmx find tdb when tph=-1.800000e+02 fall=1 failed!

 meas ac f0r when tdb=0 rise=1 failed!

tres                =  -1.81437e+00 at=  1.99526e+06
ROW iload_a=0.025 ceff_f=4.7e-06 esr_ohm=0.5 vout_v=1.79945 dcgain_db=142.962 f0_hz=1.87531E+06 phase_at_f0_deg=91.8787 f180_hz= gain_at_f180_db= f0_rising_hz= resurgence_db=-1.81437
Doing analysis at TEMP = -40.000000 and TNOM = 27.000000

Using SPARSE 1.3 as Direct Linear Solver
 Reference value :  0.00000e+00
No. of Data Rows : 1
Doing analysis at TEMP = -40.000000 and TNOM = 27.000000

Using SPARSE 1.3 as Direct Linear Solver
 Reference value :  1.00000e-02
No. of Data Rows : 551
Doing analysis at TEMP = -40.000000 and TNOM = 27.000000

Using SPARSE 1.3 as Direct Linear Solver
 Reference value :  1.00000e-02
No. of Data Rows : 551
dcg                 =  1.40464e+02
f0                  =  1.70507e+06
phx                 =  7.15528e+00
 meas ac f180 when tph=-1.800000e+02 fall=1 failed!

 meas ac gmx find tdb when tph=-1.800000e+02 fall=1 failed!

 meas ac f0r when tdb=0 rise=1 failed!

tres                =  -2.50510e+00 at=  1.81970e+06
ROW iload_a=0.05 ceff_f=3.3e-07 esr_ohm=0.001 vout_v=1.79945 dcgain_db=140.464 f0_hz=1.70506E+06 phase_at_f0_deg=7.15528 f180_hz= gain_at_f180_db= f0_rising_hz= resurgence_db=-2.5051
Doing analysis at TEMP = -40.000000 and TNOM = 27.000000

Using SPARSE 1.3 as Direct Linear Solver
 Reference value :  0.00000e+00
No. of Data Rows : 1
Doing analysis at TEMP = -40.000000 and TNOM = 27.000000

Using SPARSE 1.3 as Direct Linear Solver
 Reference value :  1.00000e-02
No. of Data Rows : 551
Doing analysis at TEMP = -40.000000 and TNOM = 27.000000

Using SPARSE 1.3 as Direct Linear Solver
 Reference value :  1.00000e-02
No. of Data Rows : 551
dcg                 =  1.40464e+02
f0                  =  1.71082e+06
phx                 =  1.69034e+01
 meas ac f180 when tph=-1.800000e+02 fall=1 failed!

 meas ac gmx find tdb when tph=-1.800000e+02 fall=1 failed!

 meas ac f0r when tdb=0 rise=1 failed!

tres                =  -2.35578e+00 at=  1.81970e+06
ROW iload_a=0.05 ceff_f=3.3e-07 esr_ohm=0.05 vout_v=1.79945 dcgain_db=140.464 f0_hz=1.71082E+06 phase_at_f0_deg=16.9034 f180_hz= gain_at_f180_db= f0_rising_hz= resurgence_db=-2.35577
Doing analysis at TEMP = -40.000000 and TNOM = 27.000000

Using SPARSE 1.3 as Direct Linear Solver
 Reference value :  0.00000e+00
No. of Data Rows : 1
Doing analysis at TEMP = -40.000000 and TNOM = 27.000000

Using SPARSE 1.3 as Direct Linear Solver
 Reference value :  1.00000e-02
No. of Data Rows : 551
Doing analysis at TEMP = -40.000000 and TNOM = 27.000000

Using SPARSE 1.3 as Direct Linear Solver
 Reference value :  1.00000e-02
No. of Data Rows : 551
dcg                 =  1.40464e+02
f0                  =  1.79113e+06
phx                 =  4.20230e+01
 meas ac f180 when tph=-1.800000e+02 fall=1 failed!

 meas ac gmx find tdb when tph=-1.800000e+02 fall=1 failed!

 meas ac f0r when tdb=0 rise=1 failed!

tres                =  -2.16249e+00 at=  1.90546e+06
ROW iload_a=0.05 ceff_f=3.3e-07 esr_ohm=0.2 vout_v=1.79945 dcgain_db=140.464 f0_hz=1.79113E+06 phase_at_f0_deg=42.023 f180_hz= gain_at_f180_db= f0_rising_hz= resurgence_db=-2.16249
Doing analysis at TEMP = -40.000000 and TNOM = 27.000000

Using SPARSE 1.3 as Direct Linear Solver
 Reference value :  0.00000e+00
No. of Data Rows : 1
Doing analysis at TEMP = -40.000000 and TNOM = 27.000000

Using SPARSE 1.3 as Direct Linear Solver
 Reference value :  1.00000e-02
No. of Data Rows : 551
Doing analysis at TEMP = -40.000000 and TNOM = 27.000000

Using SPARSE 1.3 as Direct Linear Solver
 Reference value :  1.00000e-02
No. of Data Rows : 551
dcg                 =  1.40464e+02
f0                  =  2.07312e+06
phx                 =  6.58237e+01
 meas ac f180 when tph=-1.800000e+02 fall=1 failed!

 meas ac gmx find tdb when tph=-1.800000e+02 fall=1 failed!

 meas ac f0r when tdb=0 rise=1 failed!

tres                =  -1.63713e+00 at=  2.18776e+06
ROW iload_a=0.05 ceff_f=3.3e-07 esr_ohm=0.5 vout_v=1.79945 dcgain_db=140.464 f0_hz=2.07312E+06 phase_at_f0_deg=65.8237 f180_hz= gain_at_f180_db= f0_rising_hz= resurgence_db=-1.63713
Doing analysis at TEMP = -40.000000 and TNOM = 27.000000

Using SPARSE 1.3 as Direct Linear Solver
 Reference value :  0.00000e+00
No. of Data Rows : 1
Doing analysis at TEMP = -40.000000 and TNOM = 27.000000

Using SPARSE 1.3 as Direct Linear Solver
 Reference value :  1.00000e-02
No. of Data Rows : 551
Doing analysis at TEMP = -40.000000 and TNOM = 27.000000

Using SPARSE 1.3 as Direct Linear Solver
 Reference value :  1.00000e-02
No. of Data Rows : 551
dcg                 =  1.40464e+02
f0                  =  1.33916e+06
phx                 =  1.32780e+01
 meas ac f180 when tph=-1.800000e+02 fall=1 failed!

 meas ac gmx find tdb when tph=-1.800000e+02 fall=1 failed!

 meas ac f0r when tdb=0 rise=1 failed!

tres                =  -3.14697e+00 at=  1.44544e+06
ROW iload_a=0.05 ceff_f=1e-06 esr_ohm=0.001 vout_v=1.79945 dcgain_db=140.464 f0_hz=1.33916E+06 phase_at_f0_deg=13.278 f180_hz= gain_at_f180_db= f0_rising_hz= resurgence_db=-3.14697
Doing analysis at TEMP = -40.000000 and TNOM = 27.000000

Using SPARSE 1.3 as Direct Linear Solver
 Reference value :  0.00000e+00
No. of Data Rows : 1
Doing analysis at TEMP = -40.000000 and TNOM = 27.000000

Using SPARSE 1.3 as Direct Linear Solver
 Reference value :  1.00000e-02
No. of Data Rows : 551
Doing analysis at TEMP = -40.000000 and TNOM = 27.000000

Using SPARSE 1.3 as Direct Linear Solver
 Reference value :  1.00000e-02
No. of Data Rows : 551
dcg                 =  1.40464e+02
f0                  =  1.36309e+06
phx                 =  3.56152e+01
 meas ac f180 when tph=-1.800000e+02 fall=1 failed!

 meas ac gmx find tdb when tph=-1.800000e+02 fall=1 failed!

 meas ac f0r when tdb=0 rise=1 failed!

tres                =  -2.32179e+00 at=  1.44544e+06
ROW iload_a=0.05 ceff_f=1e-06 esr_ohm=0.05 vout_v=1.79945 dcgain_db=140.464 f0_hz=1.36309E+06 phase_at_f0_deg=35.6152 f180_hz= gain_at_f180_db= f0_rising_hz= resurgence_db=-2.32179
Doing analysis at TEMP = -40.000000 and TNOM = 27.000000

Using SPARSE 1.3 as Direct Linear Solver
 Reference value :  0.00000e+00
No. of Data Rows : 1
Doing analysis at TEMP = -40.000000 and TNOM = 27.000000

Using SPARSE 1.3 as Direct Linear Solver
 Reference value :  1.00000e-02
No. of Data Rows : 551
Doing analysis at TEMP = -40.000000 and TNOM = 27.000000

Using SPARSE 1.3 as Direct Linear Solver
 Reference value :  1.00000e-02
No. of Data Rows : 551
dcg                 =  1.40464e+02
f0                  =  1.59284e+06
phx                 =  7.19851e+01
 meas ac f180 when tph=-1.800000e+02 fall=1 failed!

 meas ac gmx find tdb when tph=-1.800000e+02 fall=1 failed!

 meas ac f0r when tdb=0 rise=1 failed!

tres                =  -2.75397e+00 at=  1.73780e+06
ROW iload_a=0.05 ceff_f=1e-06 esr_ohm=0.2 vout_v=1.79945 dcgain_db=140.464 f0_hz=1.59284E+06 phase_at_f0_deg=71.9851 f180_hz= gain_at_f180_db= f0_rising_hz= resurgence_db=-2.75397
Doing analysis at TEMP = -40.000000 and TNOM = 27.000000

Using SPARSE 1.3 as Direct Linear Solver
 Reference value :  0.00000e+00
No. of Data Rows : 1
Doing analysis at TEMP = -40.000000 and TNOM = 27.000000

Using SPARSE 1.3 as Direct Linear Solver
 Reference value :  1.00000e-02
No. of Data Rows : 551
Doing analysis at TEMP = -40.000000 and TNOM = 27.000000

Using SPARSE 1.3 as Direct Linear Solver
 Reference value :  1.00000e-02
No. of Data Rows : 551
dcg                 =  1.40464e+02
f0                  =  2.02128e+06
phx                 =  8.23982e+01
 meas ac f180 when tph=-1.800000e+02 fall=1 failed!

 meas ac gmx find tdb when tph=-1.800000e+02 fall=1 failed!

 meas ac f0r when tdb=0 rise=1 failed!

tres                =  -2.30729e+00 at=  2.18776e+06
ROW iload_a=0.05 ceff_f=1e-06 esr_ohm=0.5 vout_v=1.79945 dcgain_db=140.464 f0_hz=2.02128E+06 phase_at_f0_deg=82.3982 f180_hz= gain_at_f180_db= f0_rising_hz= resurgence_db=-2.30729
Doing analysis at TEMP = -40.000000 and TNOM = 27.000000

Using SPARSE 1.3 as Direct Linear Solver
 Reference value :  0.00000e+00
No. of Data Rows : 1
Doing analysis at TEMP = -40.000000 and TNOM = 27.000000

Using SPARSE 1.3 as Direct Linear Solver
 Reference value :  1.00000e-02
No. of Data Rows : 551
Doing analysis at TEMP = -40.000000 and TNOM = 27.000000

Using SPARSE 1.3 as Direct Linear Solver
 Reference value :  1.00000e-02
No. of Data Rows : 551
dcg                 =  1.40464e+02
f0                  =  1.00698e+06
phx                 =  1.27947e+01
 meas ac f180 when tph=-1.800000e+02 fall=1 failed!

 meas ac gmx find tdb when tph=-1.800000e+02 fall=1 failed!

 meas ac f0r when tdb=0 rise=1 failed!

tres                =  -4.47398e+00 at=  1.09648e+06
ROW iload_a=0.05 ceff_f=4.7e-06 esr_ohm=0.001 vout_v=1.79945 dcgain_db=140.464 f0_hz=1.00698E+06 phase_at_f0_deg=12.7947 f180_hz= gain_at_f180_db= f0_rising_hz= resurgence_db=-4.47398
Doing analysis at TEMP = -40.000000 and TNOM = 27.000000

Using SPARSE 1.3 as Direct Linear Solver
 Reference value :  0.00000e+00
No. of Data Rows : 1
Doing analysis at TEMP = -40.000000 and TNOM = 27.000000

Using SPARSE 1.3 as Direct Linear Solver
 Reference value :  1.00000e-02
No. of Data Rows : 551
Doing analysis at TEMP = -40.000000 and TNOM = 27.000000

Using SPARSE 1.3 as Direct Linear Solver
 Reference value :  1.00000e-02
No. of Data Rows : 551
dcg                 =  1.40464e+02
f0                  =  1.12757e+06
phx                 =  7.29593e+01
 meas ac f180 when tph=-1.800000e+02 fall=1 failed!

 meas ac gmx find tdb when tph=-1.800000e+02 fall=1 failed!

 meas ac f0r when tdb=0 rise=1 failed!

tres                =  -2.56529e+00 at=  1.20226e+06
ROW iload_a=0.05 ceff_f=4.7e-06 esr_ohm=0.05 vout_v=1.79945 dcgain_db=140.464 f0_hz=1.12758E+06 phase_at_f0_deg=72.9593 f180_hz= gain_at_f180_db= f0_rising_hz= resurgence_db=-2.56529
Doing analysis at TEMP = -40.000000 and TNOM = 27.000000

Using SPARSE 1.3 as Direct Linear Solver
 Reference value :  0.00000e+00
No. of Data Rows : 1
Doing analysis at TEMP = -40.000000 and TNOM = 27.000000

Using SPARSE 1.3 as Direct Linear Solver
 Reference value :  1.00000e-02
No. of Data Rows : 551
Doing analysis at TEMP = -40.000000 and TNOM = 27.000000

Using SPARSE 1.3 as Direct Linear Solver
 Reference value :  1.00000e-02
No. of Data Rows : 551
dcg                 =  1.40464e+02
f0                  =  1.54662e+06
phx                 =  9.29079e+01
 meas ac f180 when tph=-1.800000e+02 fall=1 failed!

 meas ac gmx find tdb when tph=-1.800000e+02 fall=1 failed!

 meas ac f0r when tdb=0 rise=1 failed!

tres                =  -2.15242e+00 at=  1.65959e+06
ROW iload_a=0.05 ceff_f=4.7e-06 esr_ohm=0.2 vout_v=1.79945 dcgain_db=140.464 f0_hz=1.54662E+06 phase_at_f0_deg=92.9079 f180_hz= gain_at_f180_db= f0_rising_hz= resurgence_db=-2.15242
Doing analysis at TEMP = -40.000000 and TNOM = 27.000000

Using SPARSE 1.3 as Direct Linear Solver
 Reference value :  0.00000e+00
No. of Data Rows : 1
Doing analysis at TEMP = -40.000000 and TNOM = 27.000000

Using SPARSE 1.3 as Direct Linear Solver
 Reference value :  1.00000e-02
No. of Data Rows : 551
Doing analysis at TEMP = -40.000000 and TNOM = 27.000000

Using SPARSE 1.3 as Direct Linear Solver
 Reference value :  1.00000e-02
No. of Data Rows : 551
dcg                 =  1.40464e+02
f0                  =  2.01435e+06
phx                 =  8.94391e+01
 meas ac f180 when tph=-1.800000e+02 fall=1 failed!

 meas ac gmx find tdb when tph=-1.800000e+02 fall=1 failed!

 meas ac f0r when tdb=0 rise=1 failed!

tres                =  -2.39087e+00 at=  2.18776e+06
ROW iload_a=0.05 ceff_f=4.7e-06 esr_ohm=0.5 vout_v=1.79945 dcgain_db=140.464 f0_hz=2.01435E+06 phase_at_f0_deg=89.4391 f180_hz= gain_at_f180_db= f0_rising_hz= resurgence_db=-2.39087
* SWEEP COMPLETE ff_-40c_2.97v
Note: Simulation executed from .control section 
Warning: m=xx on .subckt line will override multiplier m hierarchy!

Note: Starting dynamic gmin stepping
Note: Dynamic gmin stepping completed
Note: Starting dynamic gmin stepping
Note: Dynamic gmin stepping completed
Note: Starting dynamic gmin stepping
Note: Dynamic gmin stepping completed

Error: measure  f180  when(WHEN) : out of interval

Error: measure  gmx  find(AT) : out of interval

Error: measure  f0r  when(WHEN) : out of interval
Error: &f180: no such variable.
Error: &gmx: no such variable.
Error: &f0r: no such variable.
Note: Starting dynamic gmin stepping
Note: Dynamic gmin stepping completed
Note: Starting dynamic gmin stepping
Note: Dynamic gmin stepping completed
Note: Starting dynamic gmin stepping
Note: Dynamic gmin stepping completed

Error: measure  f180  when(WHEN) : out of interval

Error: measure  gmx  find(AT) : out of interval

Error: measure  f0r  when(WHEN) : out of interval
Error: &f180: no such variable.
Error: &gmx: no such variable.
Error: &f0r: no such variable.
Note: Starting dynamic gmin stepping
Note: Dynamic gmin stepping completed
Note: Starting dynamic gmin stepping
Note: Dynamic gmin stepping completed
Note: Starting dynamic gmin stepping
Note: Dynamic gmin stepping completed

Error: measure  f180  when(WHEN) : out of interval

Error: measure  gmx  find(AT) : out of interval

Error: measure  f0r  when(WHEN) : out of interval
Error: &f180: no such variable.
Error: &gmx: no such variable.
Error: &f0r: no such variable.
Note: Starting dynamic gmin stepping
Note: Dynamic gmin stepping completed
Note: Starting dynamic gmin stepping
Note: Dynamic gmin stepping completed
Note: Starting dynamic gmin stepping
Note: Dynamic gmin stepping completed

Error: measure  f180  when(WHEN) : out of interval

Error: measure  gmx  find(AT) : out of interval

Error: measure  f0r  when(WHEN) : out of interval
Error: &f180: no such variable.
Error: &gmx: no such variable.
Error: &f0r: no such variable.
Note: Starting dynamic gmin stepping
Note: Dynamic gmin stepping completed
Note: Starting dynamic gmin stepping
Note: Dynamic gmin stepping completed
Note: Starting dynamic gmin stepping
Note: Dynamic gmin stepping completed

Error: measure  f180  when(WHEN) : out of interval

Error: measure  gmx  find(AT) : out of interval

Error: measure  f0r  when(WHEN) : out of interval
Error: &f180: no such variable.
Error: &gmx: no such variable.
Error: &f0r: no such variable.
Note: Starting dynamic gmin stepping
Note: Dynamic gmin stepping completed
Note: Starting dynamic gmin stepping
Note: Dynamic gmin stepping completed
Note: Starting dynamic gmin stepping
Note: Dynamic gmin stepping completed

Error: measure  f180  when(WHEN) : out of interval

Error: measure  gmx  find(AT) : out of interval

Error: measure  f0r  when(WHEN) : out of interval
Error: &f180: no such variable.
Error: &gmx: no such variable.
Error: &f0r: no such variable.
Note: Starting dynamic gmin stepping
Note: Dynamic gmin stepping completed
Note: Starting dynamic gmin stepping
Note: Dynamic gmin stepping completed
Note: Starting dynamic gmin stepping
Note: Dynamic gmin stepping completed

Error: measure  f180  when(WHEN) : out of interval

Error: measure  gmx  find(AT) : out of interval

Error: measure  f0r  when(WHEN) : out of interval
Error: &f180: no such variable.
Error: &gmx: no such variable.
Error: &f0r: no such variable.
Note: Starting dynamic gmin stepping
Note: Dynamic gmin stepping completed
Note: Starting dynamic gmin stepping
Note: Dynamic gmin stepping completed
Note: Starting dynamic gmin stepping
Note: Dynamic gmin stepping completed

Error: measure  f180  when(WHEN) : out of interval

Error: measure  gmx  find(AT) : out of interval

Error: measure  f0r  when(WHEN) : out of interval
Error: &f180: no such variable.
Error: &gmx: no such variable.
Error: &f0r: no such variable.
Note: Starting dynamic gmin stepping
Note: Dynamic gmin stepping completed
Note: Starting dynamic gmin stepping
Note: Dynamic gmin stepping completed
Note: Starting dynamic gmin stepping
Note: Dynamic gmin stepping completed

Error: measure  f180  when(WHEN) : out of interval

Error: measure  gmx  find(AT) : out of interval

Error: measure  f0r  when(WHEN) : out of interval
Error: &f180: no such variable.
Error: &gmx: no such variable.
Error: &f0r: no such variable.
Note: Starting dynamic gmin stepping
Note: Dynamic gmin stepping completed
Note: Starting dynamic gmin stepping
Note: Dynamic gmin stepping completed
Note: Starting dynamic gmin stepping
Note: Dynamic gmin stepping completed

Error: measure  f180  when(WHEN) : out of interval

Error: measure  gmx  find(AT) : out of interval

Error: measure  f0r  when(WHEN) : out of interval
Error: &f180: no such variable.
Error: &gmx: no such variable.
Error: &f0r: no such variable.
Note: Starting dynamic gmin stepping
Note: Dynamic gmin stepping completed
Note: Starting dynamic gmin stepping
Note: Dynamic gmin stepping completed
Note: Starting dynamic gmin stepping
Note: Dynamic gmin stepping completed

Error: measure  f180  when(WHEN) : out of interval

Error: measure  gmx  find(AT) : out of interval

Error: measure  f0r  when(WHEN) : out of interval
Error: &f180: no such variable.
Error: &gmx: no such variable.
Error: &f0r: no such variable.
Note: Starting dynamic gmin stepping
Note: Dynamic gmin stepping completed
Note: Starting dynamic gmin stepping
Note: Dynamic gmin stepping completed
Note: Starting dynamic gmin stepping
Note: Dynamic gmin stepping completed

Error: measure  f180  when(WHEN) : out of interval

Error: measure  gmx  find(AT) : out of interval

Error: measure  f0r  when(WHEN) : out of interval
Error: &f180: no such variable.
Error: &gmx: no such variable.
Error: &f0r: no such variable.
Note: Starting dynamic gmin stepping
Note: Dynamic gmin stepping completed
Note: Starting dynamic gmin stepping
Note: Dynamic gmin stepping completed
Note: Starting dynamic gmin stepping
Note: Dynamic gmin stepping completed

Error: measure  f180  when(WHEN) : out of interval

Error: measure  gmx  find(AT) : out of interval
Error: &f180: no such variable.
Error: &gmx: no such variable.
Note: Starting dynamic gmin stepping
Note: Dynamic gmin stepping completed
Note: Starting dynamic gmin stepping
Note: Dynamic gmin stepping completed
Note: Starting dynamic gmin stepping
Note: Dynamic gmin stepping completed

Error: measure  f180  when(WHEN) : out of interval

Error: measure  gmx  find(AT) : out of interval
Error: &f180: no such variable.
Error: &gmx: no such variable.
Note: Starting dynamic gmin stepping
Note: Dynamic gmin stepping completed
Note: Starting dynamic gmin stepping
Note: Dynamic gmin stepping completed
Note: Starting dynamic gmin stepping
Note: Dynamic gmin stepping completed

Error: measure  f180  when(WHEN) : out of interval

Error: measure  gmx  find(AT) : out of interval
Error: &f180: no such variable.
Error: &gmx: no such variable.
Note: Starting dynamic gmin stepping
Note: Dynamic gmin stepping completed
Note: Starting dynamic gmin stepping
Note: Dynamic gmin stepping completed
Note: Starting dynamic gmin stepping
Note: Dynamic gmin stepping completed

Error: measure  f180  when(WHEN) : out of interval

Error: measure  gmx  find(AT) : out of interval
Error: &f180: no such variable.
Error: &gmx: no such variable.
Note: Starting dynamic gmin stepping
Note: Dynamic gmin stepping completed
Note: Starting dynamic gmin stepping
Note: Dynamic gmin stepping completed
Note: Starting dynamic gmin stepping
Note: Dynamic gmin stepping completed

Error: measure  f180  when(WHEN) : out of interval

Error: measure  gmx  find(AT) : out of interval

Error: measure  f0r  when(WHEN) : out of interval
Error: &f180: no such variable.
Error: &gmx: no such variable.
Error: &f0r: no such variable.
Note: Starting dynamic gmin stepping
Note: Dynamic gmin stepping completed
Note: Starting dynamic gmin stepping
Note: Dynamic gmin stepping completed
Note: Starting dynamic gmin stepping
Note: Dynamic gmin stepping completed

Error: measure  f180  when(WHEN) : out of interval

Error: measure  gmx  find(AT) : out of interval

Error: measure  f0r  when(WHEN) : out of interval
Error: &f180: no such variable.
Error: &gmx: no such variable.
Error: &f0r: no such variable.
Note: Starting dynamic gmin stepping
Note: Dynamic gmin stepping completed
Note: Starting dynamic gmin stepping
Note: Dynamic gmin stepping completed
Note: Starting dynamic gmin stepping
Note: Dynamic gmin stepping completed

Error: measure  f180  when(WHEN) : out of interval

Error: measure  gmx  find(AT) : out of interval

Error: measure  f0r  when(WHEN) : out of interval
Error: &f180: no such variable.
Error: &gmx: no such variable.
Error: &f0r: no such variable.
Note: Starting dynamic gmin stepping
Note: Dynamic gmin stepping completed
Note: Starting dynamic gmin stepping
Note: Dynamic gmin stepping completed
Note: Starting dynamic gmin stepping
Note: Dynamic gmin stepping completed

Error: measure  f180  when(WHEN) : out of interval

Error: measure  gmx  find(AT) : out of interval
Error: &f180: no such variable.
Error: &gmx: no such variable.
Note: Starting dynamic gmin stepping
Note: Dynamic gmin stepping completed
Note: Starting dynamic gmin stepping
Note: Dynamic gmin stepping completed
Note: Starting dynamic gmin stepping
Note: Dynamic gmin stepping completed

Error: measure  f180  when(WHEN) : out of interval

Error: measure  gmx  find(AT) : out of interval

Error: measure  f0r  when(WHEN) : out of interval
Error: &f180: no such variable.
Error: &gmx: no such variable.
Error: &f0r: no such variable.
Note: Starting dynamic gmin stepping
Note: Dynamic gmin stepping completed
Note: Starting dynamic gmin stepping
Note: Dynamic gmin stepping completed
Note: Starting dynamic gmin stepping
Note: Dynamic gmin stepping completed

Error: measure  f180  when(WHEN) : out of interval

Error: measure  gmx  find(AT) : out of interval

Error: measure  f0r  when(WHEN) : out of interval
Error: &f180: no such variable.
Error: &gmx: no such variable.
Error: &f0r: no such variable.
Note: Starting dynamic gmin stepping
Note: Dynamic gmin stepping completed
Note: Starting dynamic gmin stepping
Note: Dynamic gmin stepping completed
Note: Starting dynamic gmin stepping
Note: Dynamic gmin stepping completed

Error: measure  f180  when(WHEN) : out of interval

Error: measure  gmx  find(AT) : out of interval

Error: measure  f0r  when(WHEN) : out of interval
Error: &f180: no such variable.
Error: &gmx: no such variable.
Error: &f0r: no such variable.
Note: Starting dynamic gmin stepping
Note: Dynamic gmin stepping completed
Note: Starting dynamic gmin stepping
Note: Dynamic gmin stepping completed
Note: Starting dynamic gmin stepping
Note: Dynamic gmin stepping completed

Error: measure  f180  when(WHEN) : out of interval

Error: measure  gmx  find(AT) : out of interval
Error: &f180: no such variable.
Error: &gmx: no such variable.
Note: Starting dynamic gmin stepping
Note: Dynamic gmin stepping completed
Note: Starting dynamic gmin stepping
Note: Dynamic gmin stepping completed
Note: Starting dynamic gmin stepping
Note: Dynamic gmin stepping completed

Error: measure  f180  when(WHEN) : out of interval

Error: measure  gmx  find(AT) : out of interval

Error: measure  f0r  when(WHEN) : out of interval
Error: &f180: no such variable.
Error: &gmx: no such variable.
Error: &f0r: no such variable.
Note: Starting dynamic gmin stepping
Note: Dynamic gmin stepping completed
Note: Starting dynamic gmin stepping
Note: Dynamic gmin stepping completed
Note: Starting dynamic gmin stepping
Note: Dynamic gmin stepping completed

Error: measure  f180  when(WHEN) : out of interval

Error: measure  gmx  find(AT) : out of interval

Error: measure  f0r  when(WHEN) : out of interval
Error: &f180: no such variable.
Error: &gmx: no such variable.
Error: &f0r: no such variable.
Note: Starting dynamic gmin stepping
Note: Dynamic gmin stepping completed
Note: Starting dynamic gmin stepping
Note: Dynamic gmin stepping completed
Note: Starting dynamic gmin stepping
Note: Dynamic gmin stepping completed

Error: measure  f180  when(WHEN) : out of interval

Error: measure  gmx  find(AT) : out of interval

Error: measure  f0r  when(WHEN) : out of interval
Error: &f180: no such variable.
Error: &gmx: no such variable.
Error: &f0r: no such variable.
Note: Starting dynamic gmin stepping
Note: Dynamic gmin stepping completed
Note: Starting dynamic gmin stepping
Note: Dynamic gmin stepping completed
Note: Starting dynamic gmin stepping
Note: Dynamic gmin stepping completed

Error: measure  f180  when(WHEN) : out of interval

Error: measure  gmx  find(AT) : out of interval

Error: measure  f0r  when(WHEN) : out of interval
Error: &f180: no such variable.
Error: &gmx: no such variable.
Error: &f0r: no such variable.
Note: Starting dynamic gmin stepping
Note: Dynamic gmin stepping completed
Note: Starting dynamic gmin stepping
Note: Dynamic gmin stepping completed
Note: Starting dynamic gmin stepping
Note: Dynamic gmin stepping completed

Error: measure  f180  when(WHEN) : out of interval

Error: measure  gmx  find(AT) : out of interval

Error: measure  f0r  when(WHEN) : out of interval
Error: &f180: no such variable.
Error: &gmx: no such variable.
Error: &f0r: no such variable.
Note: Starting dynamic gmin stepping
Note: Dynamic gmin stepping completed
Note: Starting dynamic gmin stepping
Note: Dynamic gmin stepping completed
Note: Starting dynamic gmin stepping
Note: Dynamic gmin stepping completed

Error: measure  f180  when(WHEN) : out of interval

Error: measure  gmx  find(AT) : out of interval

Error: measure  f0r  when(WHEN) : out of interval
Error: &f180: no such variable.
Error: &gmx: no such variable.
Error: &f0r: no such variable.
Note: Starting dynamic gmin stepping
Note: Dynamic gmin stepping completed
Note: Starting dynamic gmin stepping
Note: Dynamic gmin stepping completed
Note: Starting dynamic gmin stepping
Note: Dynamic gmin stepping completed

Error: measure  f180  when(WHEN) : out of interval

Error: measure  gmx  find(AT) : out of interval

Error: measure  f0r  when(WHEN) : out of interval
Error: &f180: no such variable.
Error: &gmx: no such variable.
Error: &f0r: no such variable.
Note: Starting dynamic gmin stepping
Note: Dynamic gmin stepping completed
Note: Starting dynamic gmin stepping
Note: Dynamic gmin stepping completed
Note: Starting dynamic gmin stepping
Note: Dynamic gmin stepping completed

Error: measure  f180  when(WHEN) : out of interval

Error: measure  gmx  find(AT) : out of interval

Error: measure  f0r  when(WHEN) : out of interval
Error: &f180: no such variable.
Error: &gmx: no such variable.
Error: &f0r: no such variable.
Note: Starting dynamic gmin stepping
Note: Dynamic gmin stepping completed
Note: Starting dynamic gmin stepping
Note: Dynamic gmin stepping completed
Note: Starting dynamic gmin stepping
Note: Dynamic gmin stepping completed

Error: measure  f180  when(WHEN) : out of interval

Error: measure  gmx  find(AT) : out of interval

Error: measure  f0r  when(WHEN) : out of interval
Error: &f180: no such variable.
Error: &gmx: no such variable.
Error: &f0r: no such variable.
Note: Starting dynamic gmin stepping
Note: Dynamic gmin stepping completed
Note: Starting dynamic gmin stepping
Note: Dynamic gmin stepping completed
Note: Starting dynamic gmin stepping
Note: Dynamic gmin stepping completed

Error: measure  f180  when(WHEN) : out of interval

Error: measure  gmx  find(AT) : out of interval
Error: &f180: no such variable.
Error: &gmx: no such variable.
Note: Starting dynamic gmin stepping
Note: Dynamic gmin stepping completed
Note: Starting dynamic gmin stepping
Note: Dynamic gmin stepping completed
Note: Starting dynamic gmin stepping
Note: Dynamic gmin stepping completed

Error: measure  f180  when(WHEN) : out of interval

Error: measure  gmx  find(AT) : out of interval
Error: &f180: no such variable.
Error: &gmx: no such variable.
Note: Starting dynamic gmin stepping
Note: Dynamic gmin stepping completed
Note: Starting dynamic gmin stepping
Note: Dynamic gmin stepping completed
Note: Starting dynamic gmin stepping
Note: Dynamic gmin stepping completed

Error: measure  f180  when(WHEN) : out of interval

Error: measure  gmx  find(AT) : out of interval

Error: measure  f0r  when(WHEN) : out of interval
Error: &f180: no such variable.
Error: &gmx: no such variable.
Error: &f0r: no such variable.
Note: Starting dynamic gmin stepping
Note: Dynamic gmin stepping completed
Note: Starting dynamic gmin stepping
Note: Dynamic gmin stepping completed
Note: Starting dynamic gmin stepping
Note: Dynamic gmin stepping completed

Error: measure  f180  when(WHEN) : out of interval

Error: measure  gmx  find(AT) : out of interval

Error: measure  f0r  when(WHEN) : out of interval
Error: &f180: no such variable.
Error: &gmx: no such variable.
Error: &f0r: no such variable.
Note: Starting dynamic gmin stepping
Note: Dynamic gmin stepping completed
Note: Starting dynamic gmin stepping
Note: Dynamic gmin stepping completed
Note: Starting dynamic gmin stepping
Note: Dynamic gmin stepping completed

Error: measure  f180  when(WHEN) : out of interval

Error: measure  gmx  find(AT) : out of interval

Error: measure  f0r  when(WHEN) : out of interval
Error: &f180: no such variable.
Error: &gmx: no such variable.
Error: &f0r: no such variable.
Note: Starting dynamic gmin stepping
Note: Dynamic gmin stepping completed
Note: Starting dynamic gmin stepping
Note: Dynamic gmin stepping completed
Note: Starting dynamic gmin stepping
Note: Dynamic gmin stepping completed

Error: measure  f180  when(WHEN) : out of interval

Error: measure  gmx  find(AT) : out of interval

Error: measure  f0r  when(WHEN) : out of interval
Error: &f180: no such variable.
Error: &gmx: no such variable.
Error: &f0r: no such variable.
Note: Starting dynamic gmin stepping
Note: Dynamic gmin stepping completed
Note: Starting dynamic gmin stepping
Note: Dynamic gmin stepping completed
Note: Starting dynamic gmin stepping
Note: Dynamic gmin stepping completed

Error: measure  f180  when(WHEN) : out of interval

Error: measure  gmx  find(AT) : out of interval

Error: measure  f0r  when(WHEN) : out of interval
Error: &f180: no such variable.
Error: &gmx: no such variable.
Error: &f0r: no such variable.
Note: Starting dynamic gmin stepping
Note: Dynamic gmin stepping completed
Note: Starting dynamic gmin stepping
Note: Dynamic gmin stepping completed
Note: Starting dynamic gmin stepping
Note: Dynamic gmin stepping completed

Error: measure  f180  when(WHEN) : out of interval

Error: measure  gmx  find(AT) : out of interval

Error: measure  f0r  when(WHEN) : out of interval
Error: &f180: no such variable.
Error: &gmx: no such variable.
Error: &f0r: no such variable.
Note: Starting dynamic gmin stepping
Note: Dynamic gmin stepping completed
Note: Starting dynamic gmin stepping
Note: Dynamic gmin stepping completed
Note: Starting dynamic gmin stepping
Note: Dynamic gmin stepping completed

Error: measure  f180  when(WHEN) : out of interval

Error: measure  gmx  find(AT) : out of interval

Error: measure  f0r  when(WHEN) : out of interval
Error: &f180: no such variable.
Error: &gmx: no such variable.
Error: &f0r: no such variable.
Note: Starting dynamic gmin stepping
Note: Dynamic gmin stepping completed
Note: Starting dynamic gmin stepping
Note: Dynamic gmin stepping completed
Note: Starting dynamic gmin stepping
Note: Dynamic gmin stepping completed

Error: measure  f180  when(WHEN) : out of interval

Error: measure  gmx  find(AT) : out of interval

Error: measure  f0r  when(WHEN) : out of interval
Error: &f180: no such variable.
Error: &gmx: no such variable.
Error: &f0r: no such variable.
Note: Starting dynamic gmin stepping
Note: Dynamic gmin stepping completed
Note: Starting dynamic gmin stepping
Note: Dynamic gmin stepping completed
Note: Starting dynamic gmin stepping
Note: Dynamic gmin stepping completed

Error: measure  f180  when(WHEN) : out of interval

Error: measure  gmx  find(AT) : out of interval

Error: measure  f0r  when(WHEN) : out of interval
Error: &f180: no such variable.
Error: &gmx: no such variable.
Error: &f0r: no such variable.
Note: Starting dynamic gmin stepping
Note: Dynamic gmin stepping completed
Note: Starting dynamic gmin stepping
Note: Dynamic gmin stepping completed
Note: Starting dynamic gmin stepping
Note: Dynamic gmin stepping completed

Error: measure  f180  when(WHEN) : out of interval

Error: measure  gmx  find(AT) : out of interval

Error: measure  f0r  when(WHEN) : out of interval
Error: &f180: no such variable.
Error: &gmx: no such variable.
Error: &f0r: no such variable.
Note: Starting dynamic gmin stepping
Note: Dynamic gmin stepping completed
Note: Starting dynamic gmin stepping
Note: Dynamic gmin stepping completed
Note: Starting dynamic gmin stepping
Note: Dynamic gmin stepping completed

Error: measure  f180  when(WHEN) : out of interval

Error: measure  gmx  find(AT) : out of interval

Error: measure  f0r  when(WHEN) : out of interval
Error: &f180: no such variable.
Error: &gmx: no such variable.
Error: &f0r: no such variable.
Note: Starting dynamic gmin stepping
Note: Dynamic gmin stepping completed
Note: Starting dynamic gmin stepping
Note: Dynamic gmin stepping completed
Note: Starting dynamic gmin stepping
Note: Dynamic gmin stepping completed

Error: measure  f180  when(WHEN) : out of interval

Error: measure  gmx  find(AT) : out of interval

Error: measure  f0r  when(WHEN) : out of interval
Error: &f180: no such variable.
Error: &gmx: no such variable.
Error: &f0r: no such variable.
Note: Starting dynamic gmin stepping
Note: Dynamic gmin stepping completed
Note: Starting dynamic gmin stepping
Note: Dynamic gmin stepping completed
Note: Starting dynamic gmin stepping
Note: Dynamic gmin stepping completed

Error: measure  f180  when(WHEN) : out of interval

Error: measure  gmx  find(AT) : out of interval

Error: measure  f0r  when(WHEN) : out of interval
Error: &f180: no such variable.
Error: &gmx: no such variable.
Error: &f0r: no such variable.
Note: Starting dynamic gmin stepping
Note: Dynamic gmin stepping completed
Note: Starting dynamic gmin stepping
Note: Dynamic gmin stepping completed
Note: Starting dynamic gmin stepping
Note: Dynamic gmin stepping completed

Error: measure  f180  when(WHEN) : out of interval

Error: measure  gmx  find(AT) : out of interval

Error: measure  f0r  when(WHEN) : out of interval
Error: &f180: no such variable.
Error: &gmx: no such variable.
Error: &f0r: no such variable.
Note: Starting dynamic gmin stepping
Note: Dynamic gmin stepping completed
Note: Starting dynamic gmin stepping
Note: Dynamic gmin stepping completed
Note: Starting dynamic gmin stepping
Note: Dynamic gmin stepping completed

Error: measure  f180  when(WHEN) : out of interval

Error: measure  gmx  find(AT) : out of interval

Error: measure  f0r  when(WHEN) : out of interval
Error: &f180: no such variable.
Error: &gmx: no such variable.
Error: &f0r: no such variable.
Note: Starting dynamic gmin stepping
Note: Dynamic gmin stepping completed
Note: Starting dynamic gmin stepping
Note: Dynamic gmin stepping completed
Note: Starting dynamic gmin stepping
Note: Dynamic gmin stepping completed

Error: measure  f180  when(WHEN) : out of interval

Error: measure  gmx  find(AT) : out of interval

Error: measure  f0r  when(WHEN) : out of interval
Error: &f180: no such variable.
Error: &gmx: no such variable.
Error: &f0r: no such variable.
Note: Starting dynamic gmin stepping
Note: Dynamic gmin stepping completed
Note: Starting dynamic gmin stepping
Note: Dynamic gmin stepping completed
Note: Starting dynamic gmin stepping
Note: Dynamic gmin stepping completed

Error: measure  f180  when(WHEN) : out of interval

Error: measure  gmx  find(AT) : out of interval

Error: measure  f0r  when(WHEN) : out of interval
Error: &f180: no such variable.
Error: &gmx: no such variable.
Error: &f0r: no such variable.
Note: Starting dynamic gmin stepping
Note: Dynamic gmin stepping completed
Note: Starting dynamic gmin stepping
Note: Dynamic gmin stepping completed
Note: Starting dynamic gmin stepping
Note: Dynamic gmin stepping completed

Error: measure  f180  when(WHEN) : out of interval

Error: measure  gmx  find(AT) : out of interval

Error: measure  f0r  when(WHEN) : out of interval
Error: &f180: no such variable.
Error: &gmx: no such variable.
Error: &f0r: no such variable.
Note: Starting dynamic gmin stepping
Note: Dynamic gmin stepping completed
Note: Starting dynamic gmin stepping
Note: Dynamic gmin stepping completed
Note: Starting dynamic gmin stepping
Note: Dynamic gmin stepping completed

Error: measure  f180  when(WHEN) : out of interval

Error: measure  gmx  find(AT) : out of interval

Error: measure  f0r  when(WHEN) : out of interval
Error: &f180: no such variable.
Error: &gmx: no such variable.
Error: &f0r: no such variable.
Note: Starting dynamic gmin stepping
Note: Dynamic gmin stepping completed
Note: Starting dynamic gmin stepping
Note: Dynamic gmin stepping completed
Note: Starting dynamic gmin stepping
Note: Dynamic gmin stepping completed

Error: measure  f180  when(WHEN) : out of interval

Error: measure  gmx  find(AT) : out of interval

Error: measure  f0r  when(WHEN) : out of interval
Error: &f180: no such variable.
Error: &gmx: no such variable.
Error: &f0r: no such variable.
Note: Starting dynamic gmin stepping
Note: Dynamic gmin stepping completed
Note: Starting dynamic gmin stepping
Note: Dynamic gmin stepping completed
Note: Starting dynamic gmin stepping
Note: Dynamic gmin stepping completed

Error: measure  f180  when(WHEN) : out of interval

Error: measure  gmx  find(AT) : out of interval

Error: measure  f0r  when(WHEN) : out of interval
Error: &f180: no such variable.
Error: &gmx: no such variable.
Error: &f0r: no such variable.
Note: Starting dynamic gmin stepping
Note: Dynamic gmin stepping completed
Note: Starting dynamic gmin stepping
Note: Dynamic gmin stepping completed
Note: Starting dynamic gmin stepping
Note: Dynamic gmin stepping completed

Error: measure  f180  when(WHEN) : out of interval

Error: measure  gmx  find(AT) : out of interval

Error: measure  f0r  when(WHEN) : out of interval
Error: &f180: no such variable.
Error: &gmx: no such variable.
Error: &f0r: no such variable.
Note: Starting dynamic gmin stepping
Note: Dynamic gmin stepping completed
Note: Starting dynamic gmin stepping
Note: Dynamic gmin stepping completed
Note: Starting dynamic gmin stepping
Note: Dynamic gmin stepping completed

Error: measure  f180  when(WHEN) : out of interval

Error: measure  gmx  find(AT) : out of interval

Error: measure  f0r  when(WHEN) : out of interval
Error: &f180: no such variable.
Error: &gmx: no such variable.
Error: &f0r: no such variable.
Note: Starting dynamic gmin stepping
Note: Dynamic gmin stepping completed
Note: Starting dynamic gmin stepping
Note: Dynamic gmin stepping completed
Note: Starting dynamic gmin stepping
Note: Dynamic gmin stepping completed

Error: measure  f180  when(WHEN) : out of interval

Error: measure  gmx  find(AT) : out of interval

Error: measure  f0r  when(WHEN) : out of interval
Error: &f180: no such variable.
Error: &gmx: no such variable.
Error: &f0r: no such variable.
Note: Starting dynamic gmin stepping
Note: Dynamic gmin stepping completed
Note: Starting dynamic gmin stepping
Note: Dynamic gmin stepping completed
Note: Starting dynamic gmin stepping
Note: Dynamic gmin stepping completed

Error: measure  f180  when(WHEN) : out of interval

Error: measure  gmx  find(AT) : out of interval

Error: measure  f0r  when(WHEN) : out of interval
Error: &f180: no such variable.
Error: &gmx: no such variable.
Error: &f0r: no such variable.
Note: Starting dynamic gmin stepping
Note: Dynamic gmin stepping completed
Note: Starting dynamic gmin stepping
Note: Dynamic gmin stepping completed
Note: Starting dynamic gmin stepping
Note: Dynamic gmin stepping completed

Error: measure  f180  when(WHEN) : out of interval

Error: measure  gmx  find(AT) : out of interval

Error: measure  f0r  when(WHEN) : out of interval
Error: &f180: no such variable.
Error: &gmx: no such variable.
Error: &f0r: no such variable.
Note: Starting dynamic gmin stepping
Note: Dynamic gmin stepping completed
Note: Starting dynamic gmin stepping
Note: Dynamic gmin stepping completed
Note: Starting dynamic gmin stepping
Note: Dynamic gmin stepping completed

Error: measure  f180  when(WHEN) : out of interval

Error: measure  gmx  find(AT) : out of interval

Error: measure  f0r  when(WHEN) : out of interval
Error: &f180: no such variable.
Error: &gmx: no such variable.
Error: &f0r: no such variable.
Note: Starting dynamic gmin stepping
Note: Dynamic gmin stepping completed
Note: Starting dynamic gmin stepping
Note: Dynamic gmin stepping completed
Note: Starting dynamic gmin stepping
Note: Dynamic gmin stepping completed

Error: measure  f180  when(WHEN) : out of interval

Error: measure  gmx  find(AT) : out of interval

Error: measure  f0r  when(WHEN) : out of interval
Error: &f180: no such variable.
Error: &gmx: no such variable.
Error: &f0r: no such variable.
Note: Starting dynamic gmin stepping
Note: Dynamic gmin stepping completed
Note: Starting dynamic gmin stepping
Note: Dynamic gmin stepping completed
Note: Starting dynamic gmin stepping
Note: Dynamic gmin stepping completed

Error: measure  f180  when(WHEN) : out of interval

Error: measure  gmx  find(AT) : out of interval

Error: measure  f0r  when(WHEN) : out of interval
Error: &f180: no such variable.
Error: &gmx: no such variable.
Error: &f0r: no such variable.
Note: Starting dynamic gmin stepping
Note: Dynamic gmin stepping completed
Note: Starting dynamic gmin stepping
Note: Dynamic gmin stepping completed
Note: Starting dynamic gmin stepping
Note: Dynamic gmin stepping completed

Error: measure  f180  when(WHEN) : out of interval

Error: measure  gmx  find(AT) : out of interval

Error: measure  f0r  when(WHEN) : out of interval
Error: &f180: no such variable.
Error: &gmx: no such variable.
Error: &f0r: no such variable.
Note: Starting dynamic gmin stepping
Note: Dynamic gmin stepping completed
Note: Starting dynamic gmin stepping
Note: Dynamic gmin stepping completed
Note: Starting dynamic gmin stepping
Note: Dynamic gmin stepping completed

Error: measure  f180  when(WHEN) : out of interval

Error: measure  gmx  find(AT) : out of interval

Error: measure  f0r  when(WHEN) : out of interval
Error: &f180: no such variable.
Error: &gmx: no such variable.
Error: &f0r: no such variable.
Note: Starting dynamic gmin stepping
Note: Dynamic gmin stepping completed
Note: Starting dynamic gmin stepping
Note: Dynamic gmin stepping completed
Note: Starting dynamic gmin stepping
Note: Dynamic gmin stepping completed

Error: measure  f180  when(WHEN) : out of interval

Error: measure  gmx  find(AT) : out of interval

Error: measure  f0r  when(WHEN) : out of interval
Error: &f180: no such variable.
Error: &gmx: no such variable.
Error: &f0r: no such variable.
Note: Starting dynamic gmin stepping
Note: Dynamic gmin stepping completed
Note: Starting dynamic gmin stepping
Note: Dynamic gmin stepping completed
Note: Starting dynamic gmin stepping
Note: Dynamic gmin stepping completed

Error: measure  f180  when(WHEN) : out of interval

Error: measure  gmx  find(AT) : out of interval

Error: measure  f0r  when(WHEN) : out of interval
Error: &f180: no such variable.
Error: &gmx: no such variable.
Error: &f0r: no such variable.
Note: Starting dynamic gmin stepping
Note: Dynamic gmin stepping completed
Note: Starting dynamic gmin stepping
Note: Dynamic gmin stepping completed
Note: Starting dynamic gmin stepping
Note: Dynamic gmin stepping completed

Error: measure  f180  when(WHEN) : out of interval

Error: measure  gmx  find(AT) : out of interval

Error: measure  f0r  when(WHEN) : out of interval
Error: &f180: no such variable.
Error: &gmx: no such variable.
Error: &f0r: no such variable.
Note: Starting dynamic gmin stepping
Note: Dynamic gmin stepping completed
Note: Starting dynamic gmin stepping
Note: Dynamic gmin stepping completed
Note: Starting dynamic gmin stepping
Note: Dynamic gmin stepping completed

Error: measure  f180  when(WHEN) : out of interval

Error: measure  gmx  find(AT) : out of interval

Error: measure  f0r  when(WHEN) : out of interval
Error: &f180: no such variable.
Error: &gmx: no such variable.
Error: &f0r: no such variable.
Note: Starting dynamic gmin stepping
Note: Dynamic gmin stepping completed
Note: Starting dynamic gmin stepping
Note: Dynamic gmin stepping completed
Note: Starting dynamic gmin stepping
Note: Dynamic gmin stepping completed

Error: measure  f180  when(WHEN) : out of interval

Error: measure  gmx  find(AT) : out of interval

Error: measure  f0r  when(WHEN) : out of interval
Error: &f180: no such variable.
Error: &gmx: no such variable.
Error: &f0r: no such variable.
Note: Starting dynamic gmin stepping
Note: Dynamic gmin stepping completed
Note: Starting dynamic gmin stepping
Note: Dynamic gmin stepping completed
Note: Starting dynamic gmin stepping
Note: Dynamic gmin stepping completed

Error: measure  f180  when(WHEN) : out of interval

Error: measure  gmx  find(AT) : out of interval

Error: measure  f0r  when(WHEN) : out of interval
Error: &f180: no such variable.
Error: &gmx: no such variable.
Error: &f0r: no such variable.
