
Note: Compatibility modes selected: hs a


Circuit: * loop-stability -- tian dual-injection loop-gain testbench for ldo_core (issue #10)

* corner_id=sf_125c_2.97v corner=sf temp_c=125 vin_v=2.97
* ac sweep: dec 50 0.01 1e9 ; Tian dual injection at ERRAMP_OUT->PASS_GATE
* columns: ROW iload_a= ceff_f= esr_ohm= vout_v= dcgain_db= f0_hz= phase_at_f0_deg=
*          f180_hz= gain_at_f180_db= f0_rising_hz= resurgence_db=
* (phase margin = 180 + phase_at_f0_deg ; gain margin = -gain_at_f180_db ;
*  resurgence_db = max |T| in dB above the first 0 dB crossing, DR-0008 ;
*  an empty f180/gain field means the phase never reaches -180 deg in band)
* Fields are written key=value BECAUSE a failed meas leaves its value
* empty: with bare positional fields an empty one vanishes into the
* whitespace and every field after it is read as the wrong quantity.
Doing analysis at TEMP = 125.000000 and TNOM = 27.000000

Using SPARSE 1.3 as Direct Linear Solver
 Reference value :  0.00000e+00
No. of Data Rows : 1
Doing analysis at TEMP = 125.000000 and TNOM = 27.000000

Using SPARSE 1.3 as Direct Linear Solver

No. of Data Rows : 551
Doing analysis at TEMP = 125.000000 and TNOM = 27.000000

Using SPARSE 1.3 as Direct Linear Solver
 Reference value :  1.00000e-02
No. of Data Rows : 551
dcg                 =  1.25806e+02
f0                  =  1.78083e+03
phx                 =  -1.61163e+02
 meas ac f180 when tph=-1.800000e+02 fall=1 failed!

 meas ac gmx find tdb when tph=-1.800000e+02 fall=1 failed!

 meas ac f0r when tdb=0 rise=1 failed!

tres                =  -1.11870e+00 at=  1.90546e+03
ROW iload_a=0 ceff_f=3.3e-07 esr_ohm=0.001 vout_v=1.79917 dcgain_db=125.806 f0_hz=1780.83 phase_at_f0_deg=-161.163 f180_hz= gain_at_f180_db= f0_rising_hz= resurgence_db=-1.11871
Doing analysis at TEMP = 125.000000 and TNOM = 27.000000

Using SPARSE 1.3 as Direct Linear Solver

No. of Data Rows : 1
Doing analysis at TEMP = 125.000000 and TNOM = 27.000000

Using SPARSE 1.3 as Direct Linear Solver

No. of Data Rows : 551
Doing analysis at TEMP = 125.000000 and TNOM = 27.000000

Using SPARSE 1.3 as Direct Linear Solver
 Reference value :  1.00000e-02
No. of Data Rows : 551
dcg                 =  1.25806e+02
f0                  =  1.78083e+03
phx                 =  -1.61152e+02
 meas ac f180 when tph=-1.800000e+02 fall=1 failed!

 meas ac gmx find tdb when tph=-1.800000e+02 fall=1 failed!

 meas ac f0r when tdb=0 rise=1 failed!

tres                =  -1.11871e+00 at=  1.90546e+03
ROW iload_a=0 ceff_f=3.3e-07 esr_ohm=0.05 vout_v=1.79917 dcgain_db=125.806 f0_hz=1780.83 phase_at_f0_deg=-161.152 f180_hz= gain_at_f180_db= f0_rising_hz= resurgence_db=-1.11871
Doing analysis at TEMP = 125.000000 and TNOM = 27.000000

Using SPARSE 1.3 as Direct Linear Solver

No. of Data Rows : 1
Doing analysis at TEMP = 125.000000 and TNOM = 27.000000

Using SPARSE 1.3 as Direct Linear Solver

No. of Data Rows : 551
Doing analysis at TEMP = 125.000000 and TNOM = 27.000000

Using SPARSE 1.3 as Direct Linear Solver
 Reference value :  1.00000e-02
No. of Data Rows : 551
dcg                 =  1.25806e+02
f0                  =  1.78083e+03
phx                 =  -1.61121e+02
 meas ac f180 when tph=-1.800000e+02 fall=1 failed!

 meas ac gmx find tdb when tph=-1.800000e+02 fall=1 failed!

 meas ac f0r when tdb=0 rise=1 failed!

tres                =  -1.11871e+00 at=  1.90546e+03
ROW iload_a=0 ceff_f=3.3e-07 esr_ohm=0.2 vout_v=1.79917 dcgain_db=125.806 f0_hz=1780.83 phase_at_f0_deg=-161.121 f180_hz= gain_at_f180_db= f0_rising_hz= resurgence_db=-1.11871
Doing analysis at TEMP = 125.000000 and TNOM = 27.000000

Using SPARSE 1.3 as Direct Linear Solver

No. of Data Rows : 1
Doing analysis at TEMP = 125.000000 and TNOM = 27.000000

Using SPARSE 1.3 as Direct Linear Solver

No. of Data Rows : 551
Doing analysis at TEMP = 125.000000 and TNOM = 27.000000

Using SPARSE 1.3 as Direct Linear Solver
 Reference value :  1.00000e-02
No. of Data Rows : 551
dcg                 =  1.25806e+02
f0                  =  1.78083e+03
phx                 =  -1.61057e+02
 meas ac f180 when tph=-1.800000e+02 fall=1 failed!

 meas ac gmx find tdb when tph=-1.800000e+02 fall=1 failed!

 meas ac f0r when tdb=0 rise=1 failed!

tres                =  -1.11870e+00 at=  1.90546e+03
ROW iload_a=0 ceff_f=3.3e-07 esr_ohm=0.5 vout_v=1.79917 dcgain_db=125.806 f0_hz=1780.83 phase_at_f0_deg=-161.057 f180_hz= gain_at_f180_db= f0_rising_hz= resurgence_db=-1.11869
Doing analysis at TEMP = 125.000000 and TNOM = 27.000000

Using SPARSE 1.3 as Direct Linear Solver

No. of Data Rows : 1
Doing analysis at TEMP = 125.000000 and TNOM = 27.000000

Using SPARSE 1.3 as Direct Linear Solver
 Reference value :  1.00000e-02
No. of Data Rows : 551
Doing analysis at TEMP = 125.000000 and TNOM = 27.000000

Using SPARSE 1.3 as Direct Linear Solver

No. of Data Rows : 551
dcg                 =  1.25798e+02
f0                  =  1.00534e+03
phx                 =  -1.69038e+02
 meas ac f180 when tph=-1.800000e+02 fall=1 failed!

 meas ac gmx find tdb when tph=-1.800000e+02 fall=1 failed!

 meas ac f0r when tdb=0 rise=1 failed!

tres                =  -1.48202e+00 at=  1.09648e+03
ROW iload_a=0 ceff_f=1e-06 esr_ohm=0.001 vout_v=1.79917 dcgain_db=125.798 f0_hz=1005.34 phase_at_f0_deg=-169.038 f180_hz= gain_at_f180_db= f0_rising_hz= resurgence_db=-1.48202
Doing analysis at TEMP = 125.000000 and TNOM = 27.000000

Using SPARSE 1.3 as Direct Linear Solver
 Reference value :  0.00000e+00
No. of Data Rows : 1
Doing analysis at TEMP = 125.000000 and TNOM = 27.000000

Using SPARSE 1.3 as Direct Linear Solver

No. of Data Rows : 551
Doing analysis at TEMP = 125.000000 and TNOM = 27.000000

Using SPARSE 1.3 as Direct Linear Solver
 Reference value :  2.75423e+08
No. of Data Rows : 551
dcg                 =  1.25798e+02
f0                  =  1.00534e+03
phx                 =  -1.69020e+02
 meas ac f180 when tph=-1.800000e+02 fall=1 failed!

 meas ac gmx find tdb when tph=-1.800000e+02 fall=1 failed!

 meas ac f0r when tdb=0 rise=1 failed!

tres                =  -1.48202e+00 at=  1.09648e+03
ROW iload_a=0 ceff_f=1e-06 esr_ohm=0.05 vout_v=1.79917 dcgain_db=125.798 f0_hz=1005.34 phase_at_f0_deg=-169.02 f180_hz= gain_at_f180_db= f0_rising_hz= resurgence_db=-1.48202
Doing analysis at TEMP = 125.000000 and TNOM = 27.000000

Using SPARSE 1.3 as Direct Linear Solver

No. of Data Rows : 1
Doing analysis at TEMP = 125.000000 and TNOM = 27.000000

Using SPARSE 1.3 as Direct Linear Solver

No. of Data Rows : 551
Doing analysis at TEMP = 125.000000 and TNOM = 27.000000

Using SPARSE 1.3 as Direct Linear Solver
 Reference value :  1.00000e-02
No. of Data Rows : 551
dcg                 =  1.25798e+02
f0                  =  1.00534e+03
phx                 =  -1.68966e+02
 meas ac f180 when tph=-1.800000e+02 fall=1 failed!

 meas ac gmx find tdb when tph=-1.800000e+02 fall=1 failed!

 meas ac f0r when tdb=0 rise=1 failed!

tres                =  -1.48201e+00 at=  1.09648e+03
ROW iload_a=0 ceff_f=1e-06 esr_ohm=0.2 vout_v=1.79917 dcgain_db=125.798 f0_hz=1005.34 phase_at_f0_deg=-168.966 f180_hz= gain_at_f180_db= f0_rising_hz= resurgence_db=-1.48201
Doing analysis at TEMP = 125.000000 and TNOM = 27.000000

Using SPARSE 1.3 as Direct Linear Solver

No. of Data Rows : 1
Doing analysis at TEMP = 125.000000 and TNOM = 27.000000

Using SPARSE 1.3 as Direct Linear Solver

No. of Data Rows : 551
Doing analysis at TEMP = 125.000000 and TNOM = 27.000000

Using SPARSE 1.3 as Direct Linear Solver
 Reference value :  1.00000e-02
No. of Data Rows : 551
dcg                 =  1.25798e+02
f0                  =  1.00534e+03
phx                 =  -1.68857e+02
 meas ac f180 when tph=-1.800000e+02 fall=1 failed!

 meas ac gmx find tdb when tph=-1.800000e+02 fall=1 failed!

 meas ac f0r when tdb=0 rise=1 failed!

tres                =  -1.48197e+00 at=  1.09648e+03
ROW iload_a=0 ceff_f=1e-06 esr_ohm=0.5 vout_v=1.79917 dcgain_db=125.798 f0_hz=1005.34 phase_at_f0_deg=-168.857 f180_hz= gain_at_f180_db= f0_rising_hz= resurgence_db=-1.48197
Doing analysis at TEMP = 125.000000 and TNOM = 27.000000

Using SPARSE 1.3 as Direct Linear Solver

No. of Data Rows : 1
Doing analysis at TEMP = 125.000000 and TNOM = 27.000000

Using SPARSE 1.3 as Direct Linear Solver
 Reference value :  1.00000e-02
No. of Data Rows : 551
Doing analysis at TEMP = 125.000000 and TNOM = 27.000000

Using SPARSE 1.3 as Direct Linear Solver

No. of Data Rows : 551
dcg                 =  1.25620e+02
f0                  =  4.60654e+02
phx                 =  -1.74710e+02
 meas ac f180 when tph=-1.800000e+02 fall=1 failed!

 meas ac gmx find tdb when tph=-1.800000e+02 fall=1 failed!

 meas ac f0r when tdb=0 rise=1 failed!

tres                =  -1.46184e+00 at=  5.01187e+02
ROW iload_a=0 ceff_f=4.7e-06 esr_ohm=0.001 vout_v=1.79917 dcgain_db=125.62 f0_hz=460.654 phase_at_f0_deg=-174.71 f180_hz= gain_at_f180_db= f0_rising_hz= resurgence_db=-1.46184
Doing analysis at TEMP = 125.000000 and TNOM = 27.000000

Using SPARSE 1.3 as Direct Linear Solver
 Reference value :  0.00000e+00
No. of Data Rows : 1
Doing analysis at TEMP = 125.000000 and TNOM = 27.000000

Using SPARSE 1.3 as Direct Linear Solver

No. of Data Rows : 551
Doing analysis at TEMP = 125.000000 and TNOM = 27.000000

Using SPARSE 1.3 as Direct Linear Solver

No. of Data Rows : 551
dcg                 =  1.25620e+02
f0                  =  4.60654e+02
phx                 =  -1.74672e+02
 meas ac f180 when tph=-1.800000e+02 fall=1 failed!

 meas ac gmx find tdb when tph=-1.800000e+02 fall=1 failed!

 meas ac f0r when tdb=0 rise=1 failed!

tres                =  -1.46184e+00 at=  5.01187e+02
ROW iload_a=0 ceff_f=4.7e-06 esr_ohm=0.05 vout_v=1.79917 dcgain_db=125.62 f0_hz=460.654 phase_at_f0_deg=-174.672 f180_hz= gain_at_f180_db= f0_rising_hz= resurgence_db=-1.46184
Doing analysis at TEMP = 125.000000 and TNOM = 27.000000

Using SPARSE 1.3 as Direct Linear Solver
 Reference value :  0.00000e+00
No. of Data Rows : 1
Doing analysis at TEMP = 125.000000 and TNOM = 27.000000

Using SPARSE 1.3 as Direct Linear Solver

No. of Data Rows : 551
Doing analysis at TEMP = 125.000000 and TNOM = 27.000000

Using SPARSE 1.3 as Direct Linear Solver

No. of Data Rows : 551
dcg                 =  1.25620e+02
f0                  =  4.60655e+02
phx                 =  -1.74555e+02
 meas ac f180 when tph=-1.800000e+02 fall=1 failed!

 meas ac gmx find tdb when tph=-1.800000e+02 fall=1 failed!

 meas ac f0r when tdb=0 rise=1 failed!

tres                =  -1.46181e+00 at=  5.01187e+02
ROW iload_a=0 ceff_f=4.7e-06 esr_ohm=0.2 vout_v=1.79917 dcgain_db=125.62 f0_hz=460.655 phase_at_f0_deg=-174.555 f180_hz= gain_at_f180_db= f0_rising_hz= resurgence_db=-1.46181
Doing analysis at TEMP = 125.000000 and TNOM = 27.000000

Using SPARSE 1.3 as Direct Linear Solver
 Reference value :  0.00000e+00
No. of Data Rows : 1
Doing analysis at TEMP = 125.000000 and TNOM = 27.000000

Using SPARSE 1.3 as Direct Linear Solver

No. of Data Rows : 551
Doing analysis at TEMP = 125.000000 and TNOM = 27.000000

Using SPARSE 1.3 as Direct Linear Solver

No. of Data Rows : 551
dcg                 =  1.25620e+02
f0                  =  4.60659e+02
phx                 =  -1.74321e+02
 meas ac f180 when tph=-1.800000e+02 fall=1 failed!

 meas ac gmx find tdb when tph=-1.800000e+02 fall=1 failed!

 meas ac f0r when tdb=0 rise=1 failed!

tres                =  -1.46161e+00 at=  5.01187e+02
ROW iload_a=0 ceff_f=4.7e-06 esr_ohm=0.5 vout_v=1.79917 dcgain_db=125.62 f0_hz=460.659 phase_at_f0_deg=-174.321 f180_hz= gain_at_f180_db= f0_rising_hz= resurgence_db=-1.46161
Doing analysis at TEMP = 125.000000 and TNOM = 27.000000

Using SPARSE 1.3 as Direct Linear Solver
 Reference value :  0.00000e+00
No. of Data Rows : 1
Doing analysis at TEMP = 125.000000 and TNOM = 27.000000

Using SPARSE 1.3 as Direct Linear Solver
 Reference value :  3.63078e+04
No. of Data Rows : 551
Doing analysis at TEMP = 125.000000 and TNOM = 27.000000

Using SPARSE 1.3 as Direct Linear Solver
 Reference value :  1.09648e-01
No. of Data Rows : 551
dcg                 =  1.41072e+02
f0                  =  8.25537e+04
phx                 =  -9.16322e+01
 meas ac f180 when tph=-1.800000e+02 fall=1 failed!

 meas ac gmx find tdb when tph=-1.800000e+02 fall=1 failed!

 meas ac f0r when tdb=0 rise=1 failed!

tres                =  -4.01214e-01 at=  8.70964e+04
ROW iload_a=0.0001 ceff_f=3.3e-07 esr_ohm=0.001 vout_v=1.79916 dcgain_db=141.072 f0_hz=82553.7 phase_at_f0_deg=-91.6321 f180_hz= gain_at_f180_db= f0_rising_hz= resurgence_db=-0.401214
Doing analysis at TEMP = 125.000000 and TNOM = 27.000000

Using SPARSE 1.3 as Direct Linear Solver
 Reference value :  0.00000e+00
No. of Data Rows : 1
Doing analysis at TEMP = 125.000000 and TNOM = 27.000000

Using SPARSE 1.3 as Direct Linear Solver
 Reference value :  5.24807e+03
No. of Data Rows : 551
Doing analysis at TEMP = 125.000000 and TNOM = 27.000000

Using SPARSE 1.3 as Direct Linear Solver
 Reference value :  2.75423e-02
No. of Data Rows : 551
dcg                 =  1.41072e+02
f0                  =  8.25572e+04
phx                 =  -9.11519e+01
 meas ac f180 when tph=-1.800000e+02 fall=1 failed!

 meas ac gmx find tdb when tph=-1.800000e+02 fall=1 failed!

 meas ac f0r when tdb=0 rise=1 failed!

tres                =  -4.00859e-01 at=  8.70964e+04
ROW iload_a=0.0001 ceff_f=3.3e-07 esr_ohm=0.05 vout_v=1.79916 dcgain_db=141.072 f0_hz=82557.2 phase_at_f0_deg=-91.1519 f180_hz= gain_at_f180_db= f0_rising_hz= resurgence_db=-0.400859
Doing analysis at TEMP = 125.000000 and TNOM = 27.000000

Using SPARSE 1.3 as Direct Linear Solver
 Reference value :  0.00000e+00
No. of Data Rows : 1
Doing analysis at TEMP = 125.000000 and TNOM = 27.000000

Using SPARSE 1.3 as Direct Linear Solver
 Reference value :  6.91831e+04
No. of Data Rows : 551
Doing analysis at TEMP = 125.000000 and TNOM = 27.000000

Using SPARSE 1.3 as Direct Linear Solver
 Reference value :  3.31131e-01
No. of Data Rows : 551
dcg                 =  1.41072e+02
f0                  =  8.26093e+04
phx                 =  -8.96845e+01
 meas ac f180 when tph=-1.800000e+02 fall=1 failed!

 meas ac gmx find tdb when tph=-1.800000e+02 fall=1 failed!

 meas ac f0r when tdb=0 rise=1 failed!

tres                =  -3.95549e-01 at=  8.70964e+04
ROW iload_a=0.0001 ceff_f=3.3e-07 esr_ohm=0.2 vout_v=1.79916 dcgain_db=141.072 f0_hz=82609.3 phase_at_f0_deg=-89.6845 f180_hz= gain_at_f180_db= f0_rising_hz= resurgence_db=-0.395549
Doing analysis at TEMP = 125.000000 and TNOM = 27.000000

Using SPARSE 1.3 as Direct Linear Solver
 Reference value :  0.00000e+00
No. of Data Rows : 1
Doing analysis at TEMP = 125.000000 and TNOM = 27.000000

Using SPARSE 1.3 as Direct Linear Solver
 Reference value :  3.98107e+03
No. of Data Rows : 551
Doing analysis at TEMP = 125.000000 and TNOM = 27.000000

Using SPARSE 1.3 as Direct Linear Solver
 Reference value :  1.90546e+00
No. of Data Rows : 551
dcg                 =  1.41072e+02
f0                  =  8.29024e+04
phx                 =  -8.67581e+01
 meas ac f180 when tph=-1.800000e+02 fall=1 failed!

 meas ac gmx find tdb when tph=-1.800000e+02 fall=1 failed!

f0r                 =  5.69469e+05
tres                =  3.25784e-01 at=  5.75440e+05
ROW iload_a=0.0001 ceff_f=3.3e-07 esr_ohm=0.5 vout_v=1.79916 dcgain_db=141.072 f0_hz=82902.4 phase_at_f0_deg=-86.758 f180_hz= gain_at_f180_db= f0_rising_hz=569469 resurgence_db=0.325784
Doing analysis at TEMP = 125.000000 and TNOM = 27.000000

Using SPARSE 1.3 as Direct Linear Solver
 Reference value :  0.00000e+00
No. of Data Rows : 1
Doing analysis at TEMP = 125.000000 and TNOM = 27.000000

Using SPARSE 1.3 as Direct Linear Solver
 Reference value :  1.25893e+02
No. of Data Rows : 551
Doing analysis at TEMP = 125.000000 and TNOM = 27.000000

Using SPARSE 1.3 as Direct Linear Solver
 Reference value :  6.60693e+06
No. of Data Rows : 551
dcg                 =  1.41072e+02
f0                  =  2.26836e+04
phx                 =  -9.70291e+01
 meas ac f180 when tph=-1.800000e+02 fall=1 failed!

 meas ac gmx find tdb when tph=-1.800000e+02 fall=1 failed!

 meas ac f0r when tdb=0 rise=1 failed!

tres                =  -4.53337e-01 at=  2.39883e+04
ROW iload_a=0.0001 ceff_f=1e-06 esr_ohm=0.001 vout_v=1.79916 dcgain_db=141.072 f0_hz=22683.6 phase_at_f0_deg=-97.0291 f180_hz= gain_at_f180_db= f0_rising_hz= resurgence_db=-0.453337
Doing analysis at TEMP = 125.000000 and TNOM = 27.000000

Using SPARSE 1.3 as Direct Linear Solver

No. of Data Rows : 1
Doing analysis at TEMP = 125.000000 and TNOM = 27.000000

Using SPARSE 1.3 as Direct Linear Solver
 Reference value :  1.00000e-02
No. of Data Rows : 551
Doing analysis at TEMP = 125.000000 and TNOM = 27.000000

Using SPARSE 1.3 as Direct Linear Solver
 Reference value :  1.00000e-02
No. of Data Rows : 551
dcg                 =  1.41072e+02
f0                  =  2.26842e+04
phx                 =  -9.66285e+01
 meas ac f180 when tph=-1.800000e+02 fall=1 failed!

 meas ac gmx find tdb when tph=-1.800000e+02 fall=1 failed!

 meas ac f0r when tdb=0 rise=1 failed!

tres                =  -4.53101e-01 at=  2.39883e+04
ROW iload_a=0.0001 ceff_f=1e-06 esr_ohm=0.05 vout_v=1.79916 dcgain_db=141.072 f0_hz=22684.2 phase_at_f0_deg=-96.6285 f180_hz= gain_at_f180_db= f0_rising_hz= resurgence_db=-0.453101
Doing analysis at TEMP = 125.000000 and TNOM = 27.000000

Using SPARSE 1.3 as Direct Linear Solver
 Reference value :  0.00000e+00
No. of Data Rows : 1
Doing analysis at TEMP = 125.000000 and TNOM = 27.000000

Using SPARSE 1.3 as Direct Linear Solver
 Reference value :  1.14815e+03
No. of Data Rows : 551
Doing analysis at TEMP = 125.000000 and TNOM = 27.000000

Using SPARSE 1.3 as Direct Linear Solver
 Reference value :  1.00000e-02
No. of Data Rows : 551
dcg                 =  1.41072e+02
f0                  =  2.26932e+04
phx                 =  -9.53969e+01
 meas ac f180 when tph=-1.800000e+02 fall=1 failed!

 meas ac gmx find tdb when tph=-1.800000e+02 fall=1 failed!

 meas ac f0r when tdb=0 rise=1 failed!

tres                =  -4.49436e-01 at=  2.39883e+04
ROW iload_a=0.0001 ceff_f=1e-06 esr_ohm=0.2 vout_v=1.79916 dcgain_db=141.072 f0_hz=22693.2 phase_at_f0_deg=-95.3969 f180_hz= gain_at_f180_db= f0_rising_hz= resurgence_db=-0.449436
Doing analysis at TEMP = 125.000000 and TNOM = 27.000000

Using SPARSE 1.3 as Direct Linear Solver
 Reference value :  0.00000e+00
No. of Data Rows : 1
Doing analysis at TEMP = 125.000000 and TNOM = 27.000000

Using SPARSE 1.3 as Direct Linear Solver

No. of Data Rows : 551
Doing analysis at TEMP = 125.000000 and TNOM = 27.000000

Using SPARSE 1.3 as Direct Linear Solver
 Reference value :  1.00000e-02
No. of Data Rows : 551
dcg                 =  1.41072e+02
f0                  =  2.27440e+04
phx                 =  -9.29067e+01
 meas ac f180 when tph=-1.800000e+02 fall=1 failed!

 meas ac gmx find tdb when tph=-1.800000e+02 fall=1 failed!

 meas ac f0r when tdb=0 rise=1 failed!

tres                =  -4.28851e-01 at=  2.39883e+04
ROW iload_a=0.0001 ceff_f=1e-06 esr_ohm=0.5 vout_v=1.79916 dcgain_db=141.072 f0_hz=22744 phase_at_f0_deg=-92.9067 f180_hz= gain_at_f180_db= f0_rising_hz= resurgence_db=-0.428851
Doing analysis at TEMP = 125.000000 and TNOM = 27.000000

Using SPARSE 1.3 as Direct Linear Solver
 Reference value :  0.00000e+00
No. of Data Rows : 1
Doing analysis at TEMP = 125.000000 and TNOM = 27.000000

Using SPARSE 1.3 as Direct Linear Solver
 Reference value :  2.08930e+04
No. of Data Rows : 551
Doing analysis at TEMP = 125.000000 and TNOM = 27.000000

Using SPARSE 1.3 as Direct Linear Solver
 Reference value :  1.09648e-02
No. of Data Rows : 551
dcg                 =  1.41071e+02
f0                  =  5.94329e+03
phx                 =  -1.30212e+02
 meas ac f180 when tph=-1.800000e+02 fall=1 failed!

 meas ac gmx find tdb when tph=-1.800000e+02 fall=1 failed!

 meas ac f0r when tdb=0 rise=1 failed!

tres                =  -7.45387e-01 at=  6.30957e+03
ROW iload_a=0.0001 ceff_f=4.7e-06 esr_ohm=0.001 vout_v=1.79916 dcgain_db=141.071 f0_hz=5943.29 phase_at_f0_deg=-130.212 f180_hz= gain_at_f180_db= f0_rising_hz= resurgence_db=-0.745387
Doing analysis at TEMP = 125.000000 and TNOM = 27.000000

Using SPARSE 1.3 as Direct Linear Solver
 Reference value :  0.00000e+00
No. of Data Rows : 1
Doing analysis at TEMP = 125.000000 and TNOM = 27.000000

Using SPARSE 1.3 as Direct Linear Solver
 Reference value :  6.60693e+08
No. of Data Rows : 551
Doing analysis at TEMP = 125.000000 and TNOM = 27.000000

Using SPARSE 1.3 as Direct Linear Solver
 Reference value :  1.14815e+02
No. of Data Rows : 551
dcg                 =  1.41071e+02
f0                  =  5.94344e+03
phx                 =  -1.29718e+02
 meas ac f180 when tph=-1.800000e+02 fall=1 failed!

 meas ac gmx find tdb when tph=-1.800000e+02 fall=1 failed!

 meas ac f0r when tdb=0 rise=1 failed!

tres                =  -7.45024e-01 at=  6.30957e+03
ROW iload_a=0.0001 ceff_f=4.7e-06 esr_ohm=0.05 vout_v=1.79916 dcgain_db=141.071 f0_hz=5943.44 phase_at_f0_deg=-129.718 f180_hz= gain_at_f180_db= f0_rising_hz= resurgence_db=-0.745024
Doing analysis at TEMP = 125.000000 and TNOM = 27.000000

Using SPARSE 1.3 as Direct Linear Solver

No. of Data Rows : 1
Doing analysis at TEMP = 125.000000 and TNOM = 27.000000

Using SPARSE 1.3 as Direct Linear Solver
 Reference value :  1.00000e-02
No. of Data Rows : 551
Doing analysis at TEMP = 125.000000 and TNOM = 27.000000

Using SPARSE 1.3 as Direct Linear Solver
 Reference value :  1.00000e-02
No. of Data Rows : 551
dcg                 =  1.41071e+02
f0                  =  5.94577e+03
phx                 =  -1.28198e+02
 meas ac f180 when tph=-1.800000e+02 fall=1 failed!

 meas ac gmx find tdb when tph=-1.800000e+02 fall=1 failed!

 meas ac f0r when tdb=0 rise=1 failed!

tres                =  -7.39415e-01 at=  6.30957e+03
ROW iload_a=0.0001 ceff_f=4.7e-06 esr_ohm=0.2 vout_v=1.79916 dcgain_db=141.071 f0_hz=5945.77 phase_at_f0_deg=-128.198 f180_hz= gain_at_f180_db= f0_rising_hz= resurgence_db=-0.739415
Doing analysis at TEMP = 125.000000 and TNOM = 27.000000

Using SPARSE 1.3 as Direct Linear Solver
 Reference value :  0.00000e+00
No. of Data Rows : 1
Doing analysis at TEMP = 125.000000 and TNOM = 27.000000

Using SPARSE 1.3 as Direct Linear Solver
 Reference value :  3.16228e-01
No. of Data Rows : 551
Doing analysis at TEMP = 125.000000 and TNOM = 27.000000

Using SPARSE 1.3 as Direct Linear Solver
 Reference value :  1.00000e-02
No. of Data Rows : 551
dcg                 =  1.41071e+02
f0                  =  5.95891e+03
phx                 =  -1.25112e+02
 meas ac f180 when tph=-1.800000e+02 fall=1 failed!

 meas ac gmx find tdb when tph=-1.800000e+02 fall=1 failed!

 meas ac f0r when tdb=0 rise=1 failed!

tres                =  -7.07991e-01 at=  6.30957e+03
ROW iload_a=0.0001 ceff_f=4.7e-06 esr_ohm=0.5 vout_v=1.79916 dcgain_db=141.071 f0_hz=5958.91 phase_at_f0_deg=-125.112 f180_hz= gain_at_f180_db= f0_rising_hz= resurgence_db=-0.707991
Doing analysis at TEMP = 125.000000 and TNOM = 27.000000

Using SPARSE 1.3 as Direct Linear Solver

No. of Data Rows : 1
Doing analysis at TEMP = 125.000000 and TNOM = 27.000000

Using SPARSE 1.3 as Direct Linear Solver
 Reference value :  1.00000e-02
No. of Data Rows : 551
Doing analysis at TEMP = 125.000000 and TNOM = 27.000000

Using SPARSE 1.3 as Direct Linear Solver
 Reference value :  8.31764e+08
No. of Data Rows : 551
dcg                 =  1.41713e+02
f0                  =  7.26083e+05
phx                 =  1.73169e+01
 meas ac f180 when tph=-1.800000e+02 fall=1 failed!

 meas ac gmx find tdb when tph=-1.800000e+02 fall=1 failed!

 meas ac f0r when tdb=0 rise=1 failed!

tres                =  -4.54370e+00 at=  7.94328e+05
ROW iload_a=0.001 ceff_f=3.3e-07 esr_ohm=0.001 vout_v=1.79916 dcgain_db=141.713 f0_hz=726083 phase_at_f0_deg=17.3169 f180_hz= gain_at_f180_db= f0_rising_hz= resurgence_db=-4.5437
Doing analysis at TEMP = 125.000000 and TNOM = 27.000000

Using SPARSE 1.3 as Direct Linear Solver

No. of Data Rows : 1
Doing analysis at TEMP = 125.000000 and TNOM = 27.000000

Using SPARSE 1.3 as Direct Linear Solver
 Reference value :  1.00000e-02
No. of Data Rows : 551
Doing analysis at TEMP = 125.000000 and TNOM = 27.000000

Using SPARSE 1.3 as Direct Linear Solver

No. of Data Rows : 551
dcg                 =  1.41713e+02
f0                  =  7.26505e+05
phx                 =  2.15560e+01
 meas ac f180 when tph=-1.800000e+02 fall=1 failed!

 meas ac gmx find tdb when tph=-1.800000e+02 fall=1 failed!

 meas ac f0r when tdb=0 rise=1 failed!

tres                =  -4.50658e+00 at=  7.94328e+05
ROW iload_a=0.001 ceff_f=3.3e-07 esr_ohm=0.05 vout_v=1.79916 dcgain_db=141.713 f0_hz=726505 phase_at_f0_deg=21.556 f180_hz= gain_at_f180_db= f0_rising_hz= resurgence_db=-4.50658
Doing analysis at TEMP = 125.000000 and TNOM = 27.000000

Using SPARSE 1.3 as Direct Linear Solver
 Reference value :  0.00000e+00
No. of Data Rows : 1
Doing analysis at TEMP = 125.000000 and TNOM = 27.000000

Using SPARSE 1.3 as Direct Linear Solver

No. of Data Rows : 551
Doing analysis at TEMP = 125.000000 and TNOM = 27.000000

Using SPARSE 1.3 as Direct Linear Solver
 Reference value :  1.00000e-02
No. of Data Rows : 551
dcg                 =  1.41713e+02
f0                  =  7.31806e+05
phx                 =  3.43084e+01
 meas ac f180 when tph=-1.800000e+02 fall=1 failed!

 meas ac gmx find tdb when tph=-1.800000e+02 fall=1 failed!

 meas ac f0r when tdb=0 rise=1 failed!

tres                =  -4.06675e+00 at=  7.94328e+05
ROW iload_a=0.001 ceff_f=3.3e-07 esr_ohm=0.2 vout_v=1.79916 dcgain_db=141.713 f0_hz=731806 phase_at_f0_deg=34.3084 f180_hz= gain_at_f180_db= f0_rising_hz= resurgence_db=-4.06675
Doing analysis at TEMP = 125.000000 and TNOM = 27.000000

Using SPARSE 1.3 as Direct Linear Solver

No. of Data Rows : 1
Doing analysis at TEMP = 125.000000 and TNOM = 27.000000

Using SPARSE 1.3 as Direct Linear Solver
 Reference value :  1.00000e-02
No. of Data Rows : 551
Doing analysis at TEMP = 125.000000 and TNOM = 27.000000

Using SPARSE 1.3 as Direct Linear Solver

No. of Data Rows : 551
dcg                 =  1.41713e+02
f0                  =  7.56213e+05
phx                 =  5.63149e+01
 meas ac f180 when tph=-1.800000e+02 fall=1 failed!

 meas ac gmx find tdb when tph=-1.800000e+02 fall=1 failed!

 meas ac f0r when tdb=0 rise=1 failed!

tres                =  -2.24508e+00 at=  7.94328e+05
ROW iload_a=0.001 ceff_f=3.3e-07 esr_ohm=0.5 vout_v=1.79916 dcgain_db=141.713 f0_hz=756213 phase_at_f0_deg=56.3149 f180_hz= gain_at_f180_db= f0_rising_hz= resurgence_db=-2.24508
Doing analysis at TEMP = 125.000000 and TNOM = 27.000000

Using SPARSE 1.3 as Direct Linear Solver
 Reference value :  0.00000e+00
No. of Data Rows : 1
Doing analysis at TEMP = 125.000000 and TNOM = 27.000000

Using SPARSE 1.3 as Direct Linear Solver

No. of Data Rows : 551
Doing analysis at TEMP = 125.000000 and TNOM = 27.000000

Using SPARSE 1.3 as Direct Linear Solver
 Reference value :  1.00000e-02
No. of Data Rows : 551
dcg                 =  1.41713e+02
f0                  =  2.79183e+05
phx                 =  -1.05487e+02
 meas ac f180 when tph=-1.800000e+02 fall=1 failed!

 meas ac gmx find tdb when tph=-1.800000e+02 fall=1 failed!

f0r                 =  4.19644e+05
tres                =  5.03988e+00 at=  5.49541e+05
ROW iload_a=0.001 ceff_f=1e-06 esr_ohm=0.001 vout_v=1.79916 dcgain_db=141.713 f0_hz=279183 phase_at_f0_deg=-105.487 f180_hz= gain_at_f180_db= f0_rising_hz=419644 resurgence_db=5.03988
Doing analysis at TEMP = 125.000000 and TNOM = 27.000000

Using SPARSE 1.3 as Direct Linear Solver

No. of Data Rows : 1
Doing analysis at TEMP = 125.000000 and TNOM = 27.000000

Using SPARSE 1.3 as Direct Linear Solver
 Reference value :  1.00000e-02
No. of Data Rows : 551
Doing analysis at TEMP = 125.000000 and TNOM = 27.000000

Using SPARSE 1.3 as Direct Linear Solver
 Reference value :  6.91831e+08
No. of Data Rows : 551
dcg                 =  1.41713e+02
f0                  =  2.81532e+05
phx                 =  -1.00643e+02
 meas ac f180 when tph=-1.800000e+02 fall=1 failed!

 meas ac gmx find tdb when tph=-1.800000e+02 fall=1 failed!

f0r                 =  4.15377e+05
tres                =  5.18461e+00 at=  5.49541e+05
ROW iload_a=0.001 ceff_f=1e-06 esr_ohm=0.05 vout_v=1.79916 dcgain_db=141.713 f0_hz=281532 phase_at_f0_deg=-100.643 f180_hz= gain_at_f180_db= f0_rising_hz=415376 resurgence_db=5.18461
Doing analysis at TEMP = 125.000000 and TNOM = 27.000000

Using SPARSE 1.3 as Direct Linear Solver

No. of Data Rows : 1
Doing analysis at TEMP = 125.000000 and TNOM = 27.000000

Using SPARSE 1.3 as Direct Linear Solver
 Reference value :  1.00000e-02
No. of Data Rows : 551
Doing analysis at TEMP = 125.000000 and TNOM = 27.000000

Using SPARSE 1.3 as Direct Linear Solver
 Reference value :  5.75440e+07
No. of Data Rows : 551
dcg                 =  1.41713e+02
f0                  =  6.43019e+05
phx                 =  4.43790e+01
 meas ac f180 when tph=-1.800000e+02 fall=1 failed!

 meas ac gmx find tdb when tph=-1.800000e+02 fall=1 failed!

 meas ac f0r when tdb=0 rise=1 failed!

tres                =  -4.38026e+00 at=  6.91831e+05
ROW iload_a=0.001 ceff_f=1e-06 esr_ohm=0.2 vout_v=1.79916 dcgain_db=141.713 f0_hz=643019 phase_at_f0_deg=44.379 f180_hz= gain_at_f180_db= f0_rising_hz= resurgence_db=-4.38026
Doing analysis at TEMP = 125.000000 and TNOM = 27.000000

Using SPARSE 1.3 as Direct Linear Solver

No. of Data Rows : 1
Doing analysis at TEMP = 125.000000 and TNOM = 27.000000

Using SPARSE 1.3 as Direct Linear Solver
 Reference value :  1.00000e-02
No. of Data Rows : 551
Doing analysis at TEMP = 125.000000 and TNOM = 27.000000

Using SPARSE 1.3 as Direct Linear Solver

No. of Data Rows : 551
dcg                 =  1.41713e+02
f0                  =  7.02446e+05
phx                 =  8.08310e+01
 meas ac f180 when tph=-1.800000e+02 fall=1 failed!

 meas ac gmx find tdb when tph=-1.800000e+02 fall=1 failed!

 meas ac f0r when tdb=0 rise=1 failed!

tres                =  -3.57131e+00 at=  7.58578e+05
ROW iload_a=0.001 ceff_f=1e-06 esr_ohm=0.5 vout_v=1.79916 dcgain_db=141.713 f0_hz=702446 phase_at_f0_deg=80.831 f180_hz= gain_at_f180_db= f0_rising_hz= resurgence_db=-3.57131
Doing analysis at TEMP = 125.000000 and TNOM = 27.000000

Using SPARSE 1.3 as Direct Linear Solver
 Reference value :  0.00000e+00
No. of Data Rows : 1
Doing analysis at TEMP = 125.000000 and TNOM = 27.000000

Using SPARSE 1.3 as Direct Linear Solver

No. of Data Rows : 551
Doing analysis at TEMP = 125.000000 and TNOM = 27.000000

Using SPARSE 1.3 as Direct Linear Solver
 Reference value :  1.00000e-02
No. of Data Rows : 551
dcg                 =  1.41713e+02
f0                  =  4.13258e+04
phx                 =  -9.05085e+01
 meas ac f180 when tph=-1.800000e+02 fall=1 failed!

 meas ac gmx find tdb when tph=-1.800000e+02 fall=1 failed!

 meas ac f0r when tdb=0 rise=1 failed!

tres                =  -3.98915e-01 at=  4.36516e+04
ROW iload_a=0.001 ceff_f=4.7e-06 esr_ohm=0.001 vout_v=1.79916 dcgain_db=141.713 f0_hz=41325.8 phase_at_f0_deg=-90.5085 f180_hz= gain_at_f180_db= f0_rising_hz= resurgence_db=-0.398915
Doing analysis at TEMP = 125.000000 and TNOM = 27.000000

Using SPARSE 1.3 as Direct Linear Solver

No. of Data Rows : 1
Doing analysis at TEMP = 125.000000 and TNOM = 27.000000

Using SPARSE 1.3 as Direct Linear Solver
 Reference value :  1.00000e-02
No. of Data Rows : 551
Doing analysis at TEMP = 125.000000 and TNOM = 27.000000

Using SPARSE 1.3 as Direct Linear Solver
 Reference value :  1.04713e+08
No. of Data Rows : 551
dcg                 =  1.41713e+02
f0                  =  4.14161e+04
phx                 =  -8.70675e+01
 meas ac f180 when tph=-1.800000e+02 fall=1 failed!

 meas ac gmx find tdb when tph=-1.800000e+02 fall=1 failed!

 meas ac f0r when tdb=0 rise=1 failed!

tres                =  -3.80980e-01 at=  4.36516e+04
ROW iload_a=0.001 ceff_f=4.7e-06 esr_ohm=0.05 vout_v=1.79916 dcgain_db=141.713 f0_hz=41416.1 phase_at_f0_deg=-87.0675 f180_hz= gain_at_f180_db= f0_rising_hz= resurgence_db=-0.38098
Doing analysis at TEMP = 125.000000 and TNOM = 27.000000

Using SPARSE 1.3 as Direct Linear Solver

No. of Data Rows : 1
Doing analysis at TEMP = 125.000000 and TNOM = 27.000000

Using SPARSE 1.3 as Direct Linear Solver
 Reference value :  1.00000e-02
No. of Data Rows : 551
Doing analysis at TEMP = 125.000000 and TNOM = 27.000000

Using SPARSE 1.3 as Direct Linear Solver

No. of Data Rows : 551
dcg                 =  1.41713e+02
f0                  =  4.28940e+04
phx                 =  -7.61959e+01
 meas ac f180 when tph=-1.800000e+02 fall=1 failed!

 meas ac gmx find tdb when tph=-1.800000e+02 fall=1 failed!

f0r                 =  5.10497e+05
tres                =  2.35423e+00 at=  5.49541e+05
ROW iload_a=0.001 ceff_f=4.7e-06 esr_ohm=0.2 vout_v=1.79916 dcgain_db=141.713 f0_hz=42894 phase_at_f0_deg=-76.1959 f180_hz= gain_at_f180_db= f0_rising_hz=510497 resurgence_db=2.35423
Doing analysis at TEMP = 125.000000 and TNOM = 27.000000

Using SPARSE 1.3 as Direct Linear Solver
 Reference value :  0.00000e+00
No. of Data Rows : 1
Doing analysis at TEMP = 125.000000 and TNOM = 27.000000

Using SPARSE 1.3 as Direct Linear Solver

No. of Data Rows : 551
Doing analysis at TEMP = 125.000000 and TNOM = 27.000000

Using SPARSE 1.3 as Direct Linear Solver
 Reference value :  1.00000e-02
No. of Data Rows : 551
dcg                 =  1.41713e+02
f0                  =  5.69528e+04
phx                 =  -4.99443e+01
 meas ac f180 when tph=-1.800000e+02 fall=1 failed!

 meas ac gmx find tdb when tph=-1.800000e+02 fall=1 failed!

f0r                 =  3.30579e+05
tres                =  9.90753e+00 at=  5.49541e+05
ROW iload_a=0.001 ceff_f=4.7e-06 esr_ohm=0.5 vout_v=1.79916 dcgain_db=141.713 f0_hz=56952.8 phase_at_f0_deg=-49.9443 f180_hz= gain_at_f180_db= f0_rising_hz=330578 resurgence_db=9.90753
Doing analysis at TEMP = 125.000000 and TNOM = 27.000000

Using SPARSE 1.3 as Direct Linear Solver
 Reference value :  0.00000e+00
No. of Data Rows : 1
Doing analysis at TEMP = 125.000000 and TNOM = 27.000000

Using SPARSE 1.3 as Direct Linear Solver
 Reference value :  1.00000e-02
No. of Data Rows : 551
Doing analysis at TEMP = 125.000000 and TNOM = 27.000000

Using SPARSE 1.3 as Direct Linear Solver
 Reference value :  1.00000e-02
No. of Data Rows : 551
dcg                 =  1.40110e+02
f0                  =  9.60159e+05
phx                 =  1.43907e+01
 meas ac f180 when tph=-1.800000e+02 fall=1 failed!

 meas ac gmx find tdb when tph=-1.800000e+02 fall=1 failed!

 meas ac f0r when tdb=0 rise=1 failed!

tres                =  -3.46400e+00 at=  1.04713e+06
ROW iload_a=0.01 ceff_f=3.3e-07 esr_ohm=0.001 vout_v=1.79916 dcgain_db=140.11 f0_hz=960159 phase_at_f0_deg=14.3907 f180_hz= gain_at_f180_db= f0_rising_hz= resurgence_db=-3.464
Doing analysis at TEMP = 125.000000 and TNOM = 27.000000

Using SPARSE 1.3 as Direct Linear Solver
 Reference value :  0.00000e+00
No. of Data Rows : 1
Doing analysis at TEMP = 125.000000 and TNOM = 27.000000

Using SPARSE 1.3 as Direct Linear Solver
 Reference value :  1.00000e-02
No. of Data Rows : 551
Doing analysis at TEMP = 125.000000 and TNOM = 27.000000

Using SPARSE 1.3 as Direct Linear Solver
 Reference value :  1.00000e-02
No. of Data Rows : 551
dcg                 =  1.40110e+02
f0                  =  9.61217e+05
phx                 =  1.99442e+01
 meas ac f180 when tph=-1.800000e+02 fall=1 failed!

 meas ac gmx find tdb when tph=-1.800000e+02 fall=1 failed!

 meas ac f0r when tdb=0 rise=1 failed!

tres                =  -3.41078e+00 at=  1.04713e+06
ROW iload_a=0.01 ceff_f=3.3e-07 esr_ohm=0.05 vout_v=1.79916 dcgain_db=140.11 f0_hz=961217 phase_at_f0_deg=19.9442 f180_hz= gain_at_f180_db= f0_rising_hz= resurgence_db=-3.41078
Doing analysis at TEMP = 125.000000 and TNOM = 27.000000

Using SPARSE 1.3 as Direct Linear Solver
 Reference value :  0.00000e+00
No. of Data Rows : 1
Doing analysis at TEMP = 125.000000 and TNOM = 27.000000

Using SPARSE 1.3 as Direct Linear Solver
 Reference value :  1.00000e-02
No. of Data Rows : 551
Doing analysis at TEMP = 125.000000 and TNOM = 27.000000

Using SPARSE 1.3 as Direct Linear Solver
 Reference value :  1.00000e-02
No. of Data Rows : 551
dcg                 =  1.40110e+02
f0                  =  9.76226e+05
phx                 =  3.59556e+01
 meas ac f180 when tph=-1.800000e+02 fall=1 failed!

 meas ac gmx find tdb when tph=-1.800000e+02 fall=1 failed!

 meas ac f0r when tdb=0 rise=1 failed!

tres                =  -2.70615e+00 at=  1.04713e+06
ROW iload_a=0.01 ceff_f=3.3e-07 esr_ohm=0.2 vout_v=1.79916 dcgain_db=140.11 f0_hz=976226 phase_at_f0_deg=35.9556 f180_hz= gain_at_f180_db= f0_rising_hz= resurgence_db=-2.70615
Doing analysis at TEMP = 125.000000 and TNOM = 27.000000

Using SPARSE 1.3 as Direct Linear Solver
 Reference value :  0.00000e+00
No. of Data Rows : 1
Doing analysis at TEMP = 125.000000 and TNOM = 27.000000

Using SPARSE 1.3 as Direct Linear Solver
 Reference value :  1.00000e-02
No. of Data Rows : 551
Doing analysis at TEMP = 125.000000 and TNOM = 27.000000

Using SPARSE 1.3 as Direct Linear Solver
 Reference value :  1.00000e-02
No. of Data Rows : 551
dcg                 =  1.40110e+02
f0                  =  1.04471e+06
phx                 =  5.96065e+01
 meas ac f180 when tph=-1.800000e+02 fall=1 failed!

 meas ac gmx find tdb when tph=-1.800000e+02 fall=1 failed!

 meas ac f0r when tdb=0 rise=1 failed!

tres                =  -1.65347e+00 at=  1.09648e+06
ROW iload_a=0.01 ceff_f=3.3e-07 esr_ohm=0.5 vout_v=1.79916 dcgain_db=140.11 f0_hz=1.04471E+06 phase_at_f0_deg=59.6065 f180_hz= gain_at_f180_db= f0_rising_hz= resurgence_db=-1.65347
Doing analysis at TEMP = 125.000000 and TNOM = 27.000000

Using SPARSE 1.3 as Direct Linear Solver
 Reference value :  0.00000e+00
No. of Data Rows : 1
Doing analysis at TEMP = 125.000000 and TNOM = 27.000000

Using SPARSE 1.3 as Direct Linear Solver
 Reference value :  1.00000e-02
No. of Data Rows : 551
Doing analysis at TEMP = 125.000000 and TNOM = 27.000000

Using SPARSE 1.3 as Direct Linear Solver
 Reference value :  1.00000e-02
No. of Data Rows : 551
dcg                 =  1.40110e+02
f0                  =  7.69636e+05
phx                 =  1.57948e+01
 meas ac f180 when tph=-1.800000e+02 fall=1 failed!

 meas ac gmx find tdb when tph=-1.800000e+02 fall=1 failed!

 meas ac f0r when tdb=0 rise=1 failed!

tres                =  -3.58190e+00 at=  8.31764e+05
ROW iload_a=0.01 ceff_f=1e-06 esr_ohm=0.001 vout_v=1.79916 dcgain_db=140.11 f0_hz=769636 phase_at_f0_deg=15.7948 f180_hz= gain_at_f180_db= f0_rising_hz= resurgence_db=-3.5819
Doing analysis at TEMP = 125.000000 and TNOM = 27.000000

Using SPARSE 1.3 as Direct Linear Solver
 Reference value :  0.00000e+00
No. of Data Rows : 1
Doing analysis at TEMP = 125.000000 and TNOM = 27.000000

Using SPARSE 1.3 as Direct Linear Solver
 Reference value :  1.00000e-02
No. of Data Rows : 551
Doing analysis at TEMP = 125.000000 and TNOM = 27.000000

Using SPARSE 1.3 as Direct Linear Solver
 Reference value :  1.00000e-02
No. of Data Rows : 551
dcg                 =  1.40110e+02
f0                  =  7.73913e+05
phx                 =  2.92486e+01
 meas ac f180 when tph=-1.800000e+02 fall=1 failed!

 meas ac gmx find tdb when tph=-1.800000e+02 fall=1 failed!

 meas ac f0r when tdb=0 rise=1 failed!

tres                =  -3.27943e+00 at=  8.31764e+05
ROW iload_a=0.01 ceff_f=1e-06 esr_ohm=0.05 vout_v=1.79916 dcgain_db=140.11 f0_hz=773913 phase_at_f0_deg=29.2486 f180_hz= gain_at_f180_db= f0_rising_hz= resurgence_db=-3.27943
Doing analysis at TEMP = 125.000000 and TNOM = 27.000000

Using SPARSE 1.3 as Direct Linear Solver
 Reference value :  0.00000e+00
No. of Data Rows : 1
Doing analysis at TEMP = 125.000000 and TNOM = 27.000000

Using SPARSE 1.3 as Direct Linear Solver
 Reference value :  1.00000e-02
No. of Data Rows : 551
Doing analysis at TEMP = 125.000000 and TNOM = 27.000000

Using SPARSE 1.3 as Direct Linear Solver
 Reference value :  1.00000e-02
No. of Data Rows : 551
dcg                 =  1.40110e+02
f0                  =  8.24861e+05
phx                 =  6.18805e+01
 meas ac f180 when tph=-1.800000e+02 fall=1 failed!

 meas ac gmx find tdb when tph=-1.800000e+02 fall=1 failed!

 meas ac f0r when tdb=0 rise=1 failed!

tres                =  -2.12807e+00 at=  8.70964e+05
ROW iload_a=0.01 ceff_f=1e-06 esr_ohm=0.2 vout_v=1.79916 dcgain_db=140.11 f0_hz=824861 phase_at_f0_deg=61.8805 f180_hz= gain_at_f180_db= f0_rising_hz= resurgence_db=-2.12807
Doing analysis at TEMP = 125.000000 and TNOM = 27.000000

Using SPARSE 1.3 as Direct Linear Solver
 Reference value :  0.00000e+00
No. of Data Rows : 1
Doing analysis at TEMP = 125.000000 and TNOM = 27.000000

Using SPARSE 1.3 as Direct Linear Solver
 Reference value :  1.00000e-02
No. of Data Rows : 551
Doing analysis at TEMP = 125.000000 and TNOM = 27.000000

Using SPARSE 1.3 as Direct Linear Solver
 Reference value :  1.00000e-02
No. of Data Rows : 551
dcg                 =  1.40110e+02
f0                  =  9.73043e+05
phx                 =  8.55683e+01
 meas ac f180 when tph=-1.800000e+02 fall=1 failed!

 meas ac gmx find tdb when tph=-1.800000e+02 fall=1 failed!

 meas ac f0r when tdb=0 rise=1 failed!

tres                =  -2.34272e+00 at=  1.04713e+06
ROW iload_a=0.01 ceff_f=1e-06 esr_ohm=0.5 vout_v=1.79916 dcgain_db=140.11 f0_hz=973043 phase_at_f0_deg=85.5683 f180_hz= gain_at_f180_db= f0_rising_hz= resurgence_db=-2.34272
Doing analysis at TEMP = 125.000000 and TNOM = 27.000000

Using SPARSE 1.3 as Direct Linear Solver
 Reference value :  0.00000e+00
No. of Data Rows : 1
Doing analysis at TEMP = 125.000000 and TNOM = 27.000000

Using SPARSE 1.3 as Direct Linear Solver
 Reference value :  1.00000e-02
No. of Data Rows : 551
Doing analysis at TEMP = 125.000000 and TNOM = 27.000000

Using SPARSE 1.3 as Direct Linear Solver
 Reference value :  1.00000e-02
No. of Data Rows : 551
dcg                 =  1.40110e+02
f0                  =  2.88525e+05
phx                 =  -1.04543e+02
 meas ac f180 when tph=-1.800000e+02 fall=1 failed!

 meas ac gmx find tdb when tph=-1.800000e+02 fall=1 failed!

f0r                 =  4.06785e+05
tres                =  3.76730e+00 at=  5.49541e+05
ROW iload_a=0.01 ceff_f=4.7e-06 esr_ohm=0.001 vout_v=1.79916 dcgain_db=140.11 f0_hz=288525 phase_at_f0_deg=-104.543 f180_hz= gain_at_f180_db= f0_rising_hz=406784 resurgence_db=3.7673
Doing analysis at TEMP = 125.000000 and TNOM = 27.000000

Using SPARSE 1.3 as Direct Linear Solver
 Reference value :  0.00000e+00
No. of Data Rows : 1
Doing analysis at TEMP = 125.000000 and TNOM = 27.000000

Using SPARSE 1.3 as Direct Linear Solver
 Reference value :  1.00000e-02
No. of Data Rows : 551
Doing analysis at TEMP = 125.000000 and TNOM = 27.000000

Using SPARSE 1.3 as Direct Linear Solver
 Reference value :  1.00000e-02
No. of Data Rows : 551
dcg                 =  1.40110e+02
f0                  =  6.32345e+05
phx                 =  4.37954e+01
 meas ac f180 when tph=-1.800000e+02 fall=1 failed!

 meas ac gmx find tdb when tph=-1.800000e+02 fall=1 failed!

 meas ac f0r when tdb=0 rise=1 failed!

tres                =  -4.84387e+00 at=  6.91831e+05
ROW iload_a=0.01 ceff_f=4.7e-06 esr_ohm=0.05 vout_v=1.79916 dcgain_db=140.11 f0_hz=632345 phase_at_f0_deg=43.7954 f180_hz= gain_at_f180_db= f0_rising_hz= resurgence_db=-4.84387
Doing analysis at TEMP = 125.000000 and TNOM = 27.000000

Using SPARSE 1.3 as Direct Linear Solver
 Reference value :  0.00000e+00
No. of Data Rows : 1
Doing analysis at TEMP = 125.000000 and TNOM = 27.000000

Using SPARSE 1.3 as Direct Linear Solver
 Reference value :  1.00000e-02
No. of Data Rows : 551
Doing analysis at TEMP = 125.000000 and TNOM = 27.000000

Using SPARSE 1.3 as Direct Linear Solver
 Reference value :  1.00000e-02
No. of Data Rows : 551
dcg                 =  1.40110e+02
f0                  =  7.68976e+05
phx                 =  9.27372e+01
 meas ac f180 when tph=-1.800000e+02 fall=1 failed!

 meas ac gmx find tdb when tph=-1.800000e+02 fall=1 failed!

 meas ac f0r when tdb=0 rise=1 failed!

tres                =  -2.95282e+00 at=  8.31764e+05
ROW iload_a=0.01 ceff_f=4.7e-06 esr_ohm=0.2 vout_v=1.79916 dcgain_db=140.11 f0_hz=768976 phase_at_f0_deg=92.7372 f180_hz= gain_at_f180_db= f0_rising_hz= resurgence_db=-2.95282
Doing analysis at TEMP = 125.000000 and TNOM = 27.000000

Using SPARSE 1.3 as Direct Linear Solver
 Reference value :  0.00000e+00
No. of Data Rows : 1
Doing analysis at TEMP = 125.000000 and TNOM = 27.000000

Using SPARSE 1.3 as Direct Linear Solver

No. of Data Rows : 551
Doing analysis at TEMP = 125.000000 and TNOM = 27.000000

Using SPARSE 1.3 as Direct Linear Solver
 Reference value :  1.00000e-02
No. of Data Rows : 551
dcg                 =  1.40110e+02
f0                  =  9.60209e+05
phx                 =  9.98073e+01
 meas ac f180 when tph=-1.800000e+02 fall=1 failed!

 meas ac gmx find tdb when tph=-1.800000e+02 fall=1 failed!

 meas ac f0r when tdb=0 rise=1 failed!

tres                =  -2.70063e+00 at=  1.04713e+06
ROW iload_a=0.01 ceff_f=4.7e-06 esr_ohm=0.5 vout_v=1.79916 dcgain_db=140.11 f0_hz=960209 phase_at_f0_deg=99.8073 f180_hz= gain_at_f180_db= f0_rising_hz= resurgence_db=-2.70063
Doing analysis at TEMP = 125.000000 and TNOM = 27.000000

Using SPARSE 1.3 as Direct Linear Solver
 Reference value :  0.00000e+00
No. of Data Rows : 1
Doing analysis at TEMP = 125.000000 and TNOM = 27.000000

Using SPARSE 1.3 as Direct Linear Solver
 Reference value :  1.00000e-02
No. of Data Rows : 551
Doing analysis at TEMP = 125.000000 and TNOM = 27.000000

Using SPARSE 1.3 as Direct Linear Solver
 Reference value :  1.00000e-02
No. of Data Rows : 551
dcg                 =  1.37794e+02
f0                  =  1.04519e+06
phx                 =  1.18587e+01
 meas ac f180 when tph=-1.800000e+02 fall=1 failed!

 meas ac gmx find tdb when tph=-1.800000e+02 fall=1 failed!

 meas ac f0r when tdb=0 rise=1 failed!

tres                =  -1.86797e+00 at=  1.09648e+06
ROW iload_a=0.025 ceff_f=3.3e-07 esr_ohm=0.001 vout_v=1.79916 dcgain_db=137.794 f0_hz=1.04519E+06 phase_at_f0_deg=11.8587 f180_hz= gain_at_f180_db= f0_rising_hz= resurgence_db=-1.86797
Doing analysis at TEMP = 125.000000 and TNOM = 27.000000

Using SPARSE 1.3 as Direct Linear Solver
 Reference value :  0.00000e+00
No. of Data Rows : 1
Doing analysis at TEMP = 125.000000 and TNOM = 27.000000

Using SPARSE 1.3 as Direct Linear Solver
 Reference value :  1.00000e-02
No. of Data Rows : 551
Doing analysis at TEMP = 125.000000 and TNOM = 27.000000

Using SPARSE 1.3 as Direct Linear Solver
 Reference value :  1.00000e-02
No. of Data Rows : 551
dcg                 =  1.37794e+02
f0                  =  1.04647e+06
phx                 =  1.78952e+01
 meas ac f180 when tph=-1.800000e+02 fall=1 failed!

 meas ac gmx find tdb when tph=-1.800000e+02 fall=1 failed!

 meas ac f0r when tdb=0 rise=1 failed!

tres                =  -1.81291e+00 at=  1.09648e+06
ROW iload_a=0.025 ceff_f=3.3e-07 esr_ohm=0.05 vout_v=1.79916 dcgain_db=137.794 f0_hz=1.04647E+06 phase_at_f0_deg=17.8952 f180_hz= gain_at_f180_db= f0_rising_hz= resurgence_db=-1.81291
Doing analysis at TEMP = 125.000000 and TNOM = 27.000000

Using SPARSE 1.3 as Direct Linear Solver
 Reference value :  0.00000e+00
No. of Data Rows : 1
Doing analysis at TEMP = 125.000000 and TNOM = 27.000000

Using SPARSE 1.3 as Direct Linear Solver
 Reference value :  1.00000e-02
No. of Data Rows : 551
Doing analysis at TEMP = 125.000000 and TNOM = 27.000000

Using SPARSE 1.3 as Direct Linear Solver
 Reference value :  1.00000e-02
No. of Data Rows : 551
dcg                 =  1.37794e+02
f0                  =  1.06625e+06
phx                 =  3.50762e+01
 meas ac f180 when tph=-1.800000e+02 fall=1 failed!

 meas ac gmx find tdb when tph=-1.800000e+02 fall=1 failed!

 meas ac f0r when tdb=0 rise=1 failed!

tres                =  -2.75538e+00 at=  1.14815e+06
ROW iload_a=0.025 ceff_f=3.3e-07 esr_ohm=0.2 vout_v=1.79916 dcgain_db=137.794 f0_hz=1.06625E+06 phase_at_f0_deg=35.0762 f180_hz= gain_at_f180_db= f0_rising_hz= resurgence_db=-2.75538
Doing analysis at TEMP = 125.000000 and TNOM = 27.000000

Using SPARSE 1.3 as Direct Linear Solver
 Reference value :  0.00000e+00
No. of Data Rows : 1
Doing analysis at TEMP = 125.000000 and TNOM = 27.000000

Using SPARSE 1.3 as Direct Linear Solver
 Reference value :  1.00000e-02
No. of Data Rows : 551
Doing analysis at TEMP = 125.000000 and TNOM = 27.000000

Using SPARSE 1.3 as Direct Linear Solver
 Reference value :  1.00000e-02
No. of Data Rows : 551
dcg                 =  1.37794e+02
f0                  =  1.15417e+06
phx                 =  5.92068e+01
 meas ac f180 when tph=-1.800000e+02 fall=1 failed!

 meas ac gmx find tdb when tph=-1.800000e+02 fall=1 failed!

 meas ac f0r when tdb=0 rise=1 failed!

tres                =  -2.83846e+00 at=  1.25893e+06
ROW iload_a=0.025 ceff_f=3.3e-07 esr_ohm=0.5 vout_v=1.79916 dcgain_db=137.794 f0_hz=1.15417E+06 phase_at_f0_deg=59.2068 f180_hz= gain_at_f180_db= f0_rising_hz= resurgence_db=-2.83846
Doing analysis at TEMP = 125.000000 and TNOM = 27.000000

Using SPARSE 1.3 as Direct Linear Solver
 Reference value :  0.00000e+00
No. of Data Rows : 1
Doing analysis at TEMP = 125.000000 and TNOM = 27.000000

Using SPARSE 1.3 as Direct Linear Solver
 Reference value :  1.00000e-02
No. of Data Rows : 551
Doing analysis at TEMP = 125.000000 and TNOM = 27.000000

Using SPARSE 1.3 as Direct Linear Solver
 Reference value :  1.00000e-02
No. of Data Rows : 551
dcg                 =  1.37794e+02
f0                  =  8.27633e+05
phx                 =  1.52478e+01
 meas ac f180 when tph=-1.800000e+02 fall=1 failed!

 meas ac gmx find tdb when tph=-1.800000e+02 fall=1 failed!

 meas ac f0r when tdb=0 rise=1 failed!

tres                =  -2.21949e+00 at=  8.70964e+05
ROW iload_a=0.025 ceff_f=1e-06 esr_ohm=0.001 vout_v=1.79916 dcgain_db=137.794 f0_hz=827633 phase_at_f0_deg=15.2478 f180_hz= gain_at_f180_db= f0_rising_hz= resurgence_db=-2.21949
Doing analysis at TEMP = 125.000000 and TNOM = 27.000000

Using SPARSE 1.3 as Direct Linear Solver
 Reference value :  0.00000e+00
No. of Data Rows : 1
Doing analysis at TEMP = 125.000000 and TNOM = 27.000000

Using SPARSE 1.3 as Direct Linear Solver
 Reference value :  1.00000e-02
No. of Data Rows : 551
Doing analysis at TEMP = 125.000000 and TNOM = 27.000000

Using SPARSE 1.3 as Direct Linear Solver
 Reference value :  1.00000e-02
No. of Data Rows : 551
dcg                 =  1.37794e+02
f0                  =  8.33085e+05
phx                 =  2.96168e+01
 meas ac f180 when tph=-1.800000e+02 fall=1 failed!

 meas ac gmx find tdb when tph=-1.800000e+02 fall=1 failed!

 meas ac f0r when tdb=0 rise=1 failed!

tres                =  -3.79824e+00 at=  9.12011e+05
ROW iload_a=0.025 ceff_f=1e-06 esr_ohm=0.05 vout_v=1.79916 dcgain_db=137.794 f0_hz=833085 phase_at_f0_deg=29.6168 f180_hz= gain_at_f180_db= f0_rising_hz= resurgence_db=-3.79824
Doing analysis at TEMP = 125.000000 and TNOM = 27.000000

Using SPARSE 1.3 as Direct Linear Solver
 Reference value :  0.00000e+00
No. of Data Rows : 1
Doing analysis at TEMP = 125.000000 and TNOM = 27.000000

Using SPARSE 1.3 as Direct Linear Solver
 Reference value :  1.00000e-02
No. of Data Rows : 551
Doing analysis at TEMP = 125.000000 and TNOM = 27.000000

Using SPARSE 1.3 as Direct Linear Solver
 Reference value :  1.00000e-02
No. of Data Rows : 551
dcg                 =  1.37794e+02
f0                  =  9.00155e+05
phx                 =  6.27511e+01
 meas ac f180 when tph=-1.800000e+02 fall=1 failed!

 meas ac gmx find tdb when tph=-1.800000e+02 fall=1 failed!

 meas ac f0r when tdb=0 rise=1 failed!

tres                =  -2.14202e+00 at=  9.54993e+05
ROW iload_a=0.025 ceff_f=1e-06 esr_ohm=0.2 vout_v=1.79916 dcgain_db=137.794 f0_hz=900155 phase_at_f0_deg=62.7511 f180_hz= gain_at_f180_db= f0_rising_hz= resurgence_db=-2.14202
Doing analysis at TEMP = 125.000000 and TNOM = 27.000000

Using SPARSE 1.3 as Direct Linear Solver
 Reference value :  0.00000e+00
No. of Data Rows : 1
Doing analysis at TEMP = 125.000000 and TNOM = 27.000000

Using SPARSE 1.3 as Direct Linear Solver
 Reference value :  1.00000e-02
No. of Data Rows : 551
Doing analysis at TEMP = 125.000000 and TNOM = 27.000000

Using SPARSE 1.3 as Direct Linear Solver
 Reference value :  1.00000e-02
No. of Data Rows : 551
dcg                 =  1.37794e+02
f0                  =  1.08224e+06
phx                 =  8.41114e+01
 meas ac f180 when tph=-1.800000e+02 fall=1 failed!

 meas ac gmx find tdb when tph=-1.800000e+02 fall=1 failed!

 meas ac f0r when tdb=0 rise=1 failed!

tres                =  -1.80850e+00 at=  1.14815e+06
ROW iload_a=0.025 ceff_f=1e-06 esr_ohm=0.5 vout_v=1.79916 dcgain_db=137.794 f0_hz=1.08224E+06 phase_at_f0_deg=84.1114 f180_hz= gain_at_f180_db= f0_rising_hz= resurgence_db=-1.8085
Doing analysis at TEMP = 125.000000 and TNOM = 27.000000

Using SPARSE 1.3 as Direct Linear Solver
 Reference value :  0.00000e+00
No. of Data Rows : 1
Doing analysis at TEMP = 125.000000 and TNOM = 27.000000

Using SPARSE 1.3 as Direct Linear Solver
 Reference value :  1.00000e-02
No. of Data Rows : 551
Doing analysis at TEMP = 125.000000 and TNOM = 27.000000

Using SPARSE 1.3 as Direct Linear Solver
 Reference value :  1.00000e-02
No. of Data Rows : 551
dcg                 =  1.37794e+02
f0                  =  6.35676e+05
phx                 =  1.58724e+00
 meas ac f180 when tph=-1.800000e+02 fall=1 failed!

 meas ac gmx find tdb when tph=-1.800000e+02 fall=1 failed!

 meas ac f0r when tdb=0 rise=1 failed!

tres                =  -4.80590e+00 at=  6.91831e+05
ROW iload_a=0.025 ceff_f=4.7e-06 esr_ohm=0.001 vout_v=1.79916 dcgain_db=137.794 f0_hz=635676 phase_at_f0_deg=1.58724 f180_hz= gain_at_f180_db= f0_rising_hz= resurgence_db=-4.8059
Doing analysis at TEMP = 125.000000 and TNOM = 27.000000

Using SPARSE 1.3 as Direct Linear Solver
 Reference value :  0.00000e+00
No. of Data Rows : 1
Doing analysis at TEMP = 125.000000 and TNOM = 27.000000

Using SPARSE 1.3 as Direct Linear Solver
 Reference value :  1.00000e-02
No. of Data Rows : 551
Doing analysis at TEMP = 125.000000 and TNOM = 27.000000

Using SPARSE 1.3 as Direct Linear Solver
 Reference value :  1.00000e-02
No. of Data Rows : 551
dcg                 =  1.37794e+02
f0                  =  6.70023e+05
phx                 =  5.19893e+01
 meas ac f180 when tph=-1.800000e+02 fall=1 failed!

 meas ac gmx find tdb when tph=-1.800000e+02 fall=1 failed!

 meas ac f0r when tdb=0 rise=1 failed!

tres                =  -3.81174e+00 at=  7.24436e+05
ROW iload_a=0.025 ceff_f=4.7e-06 esr_ohm=0.05 vout_v=1.79916 dcgain_db=137.794 f0_hz=670023 phase_at_f0_deg=51.9893 f180_hz= gain_at_f180_db= f0_rising_hz= resurgence_db=-3.81174
Doing analysis at TEMP = 125.000000 and TNOM = 27.000000

Using SPARSE 1.3 as Direct Linear Solver
 Reference value :  0.00000e+00
No. of Data Rows : 1
Doing analysis at TEMP = 125.000000 and TNOM = 27.000000

Using SPARSE 1.3 as Direct Linear Solver
 Reference value :  1.00000e-02
No. of Data Rows : 551
Doing analysis at TEMP = 125.000000 and TNOM = 27.000000

Using SPARSE 1.3 as Direct Linear Solver
 Reference value :  1.00000e-02
No. of Data Rows : 551
dcg                 =  1.37794e+02
f0                  =  8.40741e+05
phx                 =  9.31748e+01
 meas ac f180 when tph=-1.800000e+02 fall=1 failed!

 meas ac gmx find tdb when tph=-1.800000e+02 fall=1 failed!

 meas ac f0r when tdb=0 rise=1 failed!

tres                =  -2.77420e+00 at=  9.12011e+05
ROW iload_a=0.025 ceff_f=4.7e-06 esr_ohm=0.2 vout_v=1.79916 dcgain_db=137.794 f0_hz=840741 phase_at_f0_deg=93.1748 f180_hz= gain_at_f180_db= f0_rising_hz= resurgence_db=-2.7742
Doing analysis at TEMP = 125.000000 and TNOM = 27.000000

Using SPARSE 1.3 as Direct Linear Solver
 Reference value :  0.00000e+00
No. of Data Rows : 1
Doing analysis at TEMP = 125.000000 and TNOM = 27.000000

Using SPARSE 1.3 as Direct Linear Solver
 Reference value :  1.00000e-02
No. of Data Rows : 551
Doing analysis at TEMP = 125.000000 and TNOM = 27.000000

Using SPARSE 1.3 as Direct Linear Solver
 Reference value :  1.00000e-02
No. of Data Rows : 551
dcg                 =  1.37794e+02
f0                  =  1.07027e+06
phx                 =  9.70317e+01
 meas ac f180 when tph=-1.800000e+02 fall=1 failed!

 meas ac gmx find tdb when tph=-1.800000e+02 fall=1 failed!

 meas ac f0r when tdb=0 rise=1 failed!

tres                =  -2.10834e+00 at=  1.14815e+06
ROW iload_a=0.025 ceff_f=4.7e-06 esr_ohm=0.5 vout_v=1.79916 dcgain_db=137.794 f0_hz=1.07027E+06 phase_at_f0_deg=97.0317 f180_hz= gain_at_f180_db= f0_rising_hz= resurgence_db=-2.10834
Doing analysis at TEMP = 125.000000 and TNOM = 27.000000

Using SPARSE 1.3 as Direct Linear Solver

No. of Data Rows : 1
Doing analysis at TEMP = 125.000000 and TNOM = 27.000000

Using SPARSE 1.3 as Direct Linear Solver
 Reference value :  1.00000e-02
No. of Data Rows : 551
Doing analysis at TEMP = 125.000000 and TNOM = 27.000000

Using SPARSE 1.3 as Direct Linear Solver

No. of Data Rows : 551
dcg                 =  1.34842e+02
f0                  =  1.10251e+06
phx                 =  1.01064e+01
 meas ac f180 when tph=-1.800000e+02 fall=1 failed!

 meas ac gmx find tdb when tph=-1.800000e+02 fall=1 failed!

 meas ac f0r when tdb=0 rise=1 failed!

tres                =  -3.32111e+00 at=  1.20226e+06
ROW iload_a=0.05 ceff_f=3.3e-07 esr_ohm=0.001 vout_v=1.79916 dcgain_db=134.842 f0_hz=1.10251E+06 phase_at_f0_deg=10.1064 f180_hz= gain_at_f180_db= f0_rising_hz= resurgence_db=-3.32111
Doing analysis at TEMP = 125.000000 and TNOM = 27.000000

Using SPARSE 1.3 as Direct Linear Solver
 Reference value :  0.00000e+00
No. of Data Rows : 1
Doing analysis at TEMP = 125.000000 and TNOM = 27.000000

Using SPARSE 1.3 as Direct Linear Solver

No. of Data Rows : 551
Doing analysis at TEMP = 125.000000 and TNOM = 27.000000

Using SPARSE 1.3 as Direct Linear Solver
 Reference value :  1.00000e-02
No. of Data Rows : 551
dcg                 =  1.34842e+02
f0                  =  1.10404e+06
phx                 =  1.64649e+01
 meas ac f180 when tph=-1.800000e+02 fall=1 failed!

 meas ac gmx find tdb when tph=-1.800000e+02 fall=1 failed!

 meas ac f0r when tdb=0 rise=1 failed!

tres                =  -3.25662e+00 at=  1.20226e+06
ROW iload_a=0.05 ceff_f=3.3e-07 esr_ohm=0.05 vout_v=1.79916 dcgain_db=134.842 f0_hz=1.10404E+06 phase_at_f0_deg=16.4649 f180_hz= gain_at_f180_db= f0_rising_hz= resurgence_db=-3.25662
Doing analysis at TEMP = 125.000000 and TNOM = 27.000000

Using SPARSE 1.3 as Direct Linear Solver

No. of Data Rows : 1
Doing analysis at TEMP = 125.000000 and TNOM = 27.000000

Using SPARSE 1.3 as Direct Linear Solver
 Reference value :  1.00000e-02
No. of Data Rows : 551
Doing analysis at TEMP = 125.000000 and TNOM = 27.000000

Using SPARSE 1.3 as Direct Linear Solver
 Reference value :  5.49541e+08
No. of Data Rows : 551
dcg                 =  1.34842e+02
f0                  =  1.12707e+06
phx                 =  3.44237e+01
 meas ac f180 when tph=-1.800000e+02 fall=1 failed!

 meas ac gmx find tdb when tph=-1.800000e+02 fall=1 failed!

 meas ac f0r when tdb=0 rise=1 failed!

tres                =  -2.36904e+00 at=  1.20226e+06
ROW iload_a=0.05 ceff_f=3.3e-07 esr_ohm=0.2 vout_v=1.79916 dcgain_db=134.842 f0_hz=1.12707E+06 phase_at_f0_deg=34.4237 f180_hz= gain_at_f180_db= f0_rising_hz= resurgence_db=-2.36904
Doing analysis at TEMP = 125.000000 and TNOM = 27.000000

Using SPARSE 1.3 as Direct Linear Solver

No. of Data Rows : 1
Doing analysis at TEMP = 125.000000 and TNOM = 27.000000

Using SPARSE 1.3 as Direct Linear Solver
 Reference value :  1.00000e-02
No. of Data Rows : 551
Doing analysis at TEMP = 125.000000 and TNOM = 27.000000

Using SPARSE 1.3 as Direct Linear Solver
 Reference value :  7.58578e+07
No. of Data Rows : 551
dcg                 =  1.34842e+02
f0                  =  1.22890e+06
phx                 =  5.88040e+01
 meas ac f180 when tph=-1.800000e+02 fall=1 failed!

 meas ac gmx find tdb when tph=-1.800000e+02 fall=1 failed!

 meas ac f0r when tdb=0 rise=1 failed!

tres                =  -2.26460e+00 at=  1.31826e+06
ROW iload_a=0.05 ceff_f=3.3e-07 esr_ohm=0.5 vout_v=1.79916 dcgain_db=134.842 f0_hz=1.2289E+06 phase_at_f0_deg=58.804 f180_hz= gain_at_f180_db= f0_rising_hz= resurgence_db=-2.2646
Doing analysis at TEMP = 125.000000 and TNOM = 27.000000

Using SPARSE 1.3 as Direct Linear Solver

No. of Data Rows : 1
Doing analysis at TEMP = 125.000000 and TNOM = 27.000000

Using SPARSE 1.3 as Direct Linear Solver
 Reference value :  1.00000e-02
No. of Data Rows : 551
Doing analysis at TEMP = 125.000000 and TNOM = 27.000000

Using SPARSE 1.3 as Direct Linear Solver
 Reference value :  6.30957e+06
No. of Data Rows : 551
dcg                 =  1.34842e+02
f0                  =  8.67781e+05
phx                 =  1.43129e+01
 meas ac f180 when tph=-1.800000e+02 fall=1 failed!

 meas ac gmx find tdb when tph=-1.800000e+02 fall=1 failed!

 meas ac f0r when tdb=0 rise=1 failed!

tres                =  -2.08889e+00 at=  9.12011e+05
ROW iload_a=0.05 ceff_f=1e-06 esr_ohm=0.001 vout_v=1.79916 dcgain_db=134.842 f0_hz=867781 phase_at_f0_deg=14.3129 f180_hz= gain_at_f180_db= f0_rising_hz= resurgence_db=-2.08889
Doing analysis at TEMP = 125.000000 and TNOM = 27.000000

Using SPARSE 1.3 as Direct Linear Solver

No. of Data Rows : 1
Doing analysis at TEMP = 125.000000 and TNOM = 27.000000

Using SPARSE 1.3 as Direct Linear Solver
 Reference value :  1.00000e-02
No. of Data Rows : 551
Doing analysis at TEMP = 125.000000 and TNOM = 27.000000

Using SPARSE 1.3 as Direct Linear Solver

No. of Data Rows : 551
dcg                 =  1.34842e+02
f0                  =  8.74345e+05
phx                 =  2.92973e+01
 meas ac f180 when tph=-1.800000e+02 fall=1 failed!

 meas ac gmx find tdb when tph=-1.800000e+02 fall=1 failed!

 meas ac f0r when tdb=0 rise=1 failed!

tres                =  -3.58817e+00 at=  9.54993e+05
ROW iload_a=0.05 ceff_f=1e-06 esr_ohm=0.05 vout_v=1.79916 dcgain_db=134.842 f0_hz=874345 phase_at_f0_deg=29.2973 f180_hz= gain_at_f180_db= f0_rising_hz= resurgence_db=-3.58817
Doing analysis at TEMP = 125.000000 and TNOM = 27.000000

Using SPARSE 1.3 as Direct Linear Solver
 Reference value :  0.00000e+00
No. of Data Rows : 1
Doing analysis at TEMP = 125.000000 and TNOM = 27.000000

Using SPARSE 1.3 as Direct Linear Solver

No. of Data Rows : 551
Doing analysis at TEMP = 125.000000 and TNOM = 27.000000

Using SPARSE 1.3 as Direct Linear Solver
 Reference value :  1.00000e-02
No. of Data Rows : 551
dcg                 =  1.34842e+02
f0                  =  9.52575e+05
phx                 =  6.28615e+01
 meas ac f180 when tph=-1.800000e+02 fall=1 failed!

 meas ac gmx find tdb when tph=-1.800000e+02 fall=1 failed!

 meas ac f0r when tdb=0 rise=1 failed!

tres                =  -1.69220e+00 at=  1.00000e+06
ROW iload_a=0.05 ceff_f=1e-06 esr_ohm=0.2 vout_v=1.79916 dcgain_db=134.842 f0_hz=952575 phase_at_f0_deg=62.8615 f180_hz= gain_at_f180_db= f0_rising_hz= resurgence_db=-1.6922
Doing analysis at TEMP = 125.000000 and TNOM = 27.000000

Using SPARSE 1.3 as Direct Linear Solver

No. of Data Rows : 1
Doing analysis at TEMP = 125.000000 and TNOM = 27.000000

Using SPARSE 1.3 as Direct Linear Solver
 Reference value :  1.00000e-02
No. of Data Rows : 551
Doing analysis at TEMP = 125.000000 and TNOM = 27.000000

Using SPARSE 1.3 as Direct Linear Solver
 Reference value :  1.51356e+07
No. of Data Rows : 551
dcg                 =  1.34842e+02
f0                  =  1.15742e+06
phx                 =  8.28699e+01
 meas ac f180 when tph=-1.800000e+02 fall=1 failed!

 meas ac gmx find tdb when tph=-1.800000e+02 fall=1 failed!

 meas ac f0r when tdb=0 rise=1 failed!

tres                =  -2.50777e+00 at=  1.25893e+06
ROW iload_a=0.05 ceff_f=1e-06 esr_ohm=0.5 vout_v=1.79916 dcgain_db=134.842 f0_hz=1.15742E+06 phase_at_f0_deg=82.8699 f180_hz= gain_at_f180_db= f0_rising_hz= resurgence_db=-2.50777
Doing analysis at TEMP = 125.000000 and TNOM = 27.000000

Using SPARSE 1.3 as Direct Linear Solver

No. of Data Rows : 1
Doing analysis at TEMP = 125.000000 and TNOM = 27.000000

Using SPARSE 1.3 as Direct Linear Solver
 Reference value :  1.00000e-02
No. of Data Rows : 551
Doing analysis at TEMP = 125.000000 and TNOM = 27.000000

Using SPARSE 1.3 as Direct Linear Solver

No. of Data Rows : 551
dcg                 =  1.34842e+02
f0                  =  6.56998e+05
phx                 =  5.35274e+00
 meas ac f180 when tph=-1.800000e+02 fall=1 failed!

 meas ac gmx find tdb when tph=-1.800000e+02 fall=1 failed!

 meas ac f0r when tdb=0 rise=1 failed!

tres                =  -2.82893e+00 at=  6.91831e+05
ROW iload_a=0.05 ceff_f=4.7e-06 esr_ohm=0.001 vout_v=1.79916 dcgain_db=134.842 f0_hz=656998 phase_at_f0_deg=5.35274 f180_hz= gain_at_f180_db= f0_rising_hz= resurgence_db=-2.82893
Doing analysis at TEMP = 125.000000 and TNOM = 27.000000

Using SPARSE 1.3 as Direct Linear Solver
 Reference value :  0.00000e+00
No. of Data Rows : 1
Doing analysis at TEMP = 125.000000 and TNOM = 27.000000

Using SPARSE 1.3 as Direct Linear Solver

No. of Data Rows : 551
Doing analysis at TEMP = 125.000000 and TNOM = 27.000000

Using SPARSE 1.3 as Direct Linear Solver
 Reference value :  1.00000e-02
No. of Data Rows : 551
dcg                 =  1.34842e+02
f0                  =  6.96707e+05
phx                 =  5.52989e+01
 meas ac f180 when tph=-1.800000e+02 fall=1 failed!

 meas ac gmx find tdb when tph=-1.800000e+02 fall=1 failed!

 meas ac f0r when tdb=0 rise=1 failed!

tres                =  -3.84058e+00 at=  7.58578e+05
ROW iload_a=0.05 ceff_f=4.7e-06 esr_ohm=0.05 vout_v=1.79916 dcgain_db=134.842 f0_hz=696707 phase_at_f0_deg=55.2989 f180_hz= gain_at_f180_db= f0_rising_hz= resurgence_db=-3.84058
Doing analysis at TEMP = 125.000000 and TNOM = 27.000000

Using SPARSE 1.3 as Direct Linear Solver

No. of Data Rows : 1
Doing analysis at TEMP = 125.000000 and TNOM = 27.000000

Using SPARSE 1.3 as Direct Linear Solver
 Reference value :  1.00000e-02
No. of Data Rows : 551
Doing analysis at TEMP = 125.000000 and TNOM = 27.000000

Using SPARSE 1.3 as Direct Linear Solver

No. of Data Rows : 551
dcg                 =  1.34842e+02
f0                  =  8.92400e+05
phx                 =  9.26194e+01
 meas ac f180 when tph=-1.800000e+02 fall=1 failed!

 meas ac gmx find tdb when tph=-1.800000e+02 fall=1 failed!

 meas ac f0r when tdb=0 rise=1 failed!

tres                =  -2.22247e+00 at=  9.54993e+05
ROW iload_a=0.05 ceff_f=4.7e-06 esr_ohm=0.2 vout_v=1.79916 dcgain_db=134.842 f0_hz=892400 phase_at_f0_deg=92.6194 f180_hz= gain_at_f180_db= f0_rising_hz= resurgence_db=-2.22247
Doing analysis at TEMP = 125.000000 and TNOM = 27.000000

Using SPARSE 1.3 as Direct Linear Solver
 Reference value :  0.00000e+00
No. of Data Rows : 1
Doing analysis at TEMP = 125.000000 and TNOM = 27.000000

Using SPARSE 1.3 as Direct Linear Solver

No. of Data Rows : 551
Doing analysis at TEMP = 125.000000 and TNOM = 27.000000

Using SPARSE 1.3 as Direct Linear Solver
 Reference value :  1.00000e-02
No. of Data Rows : 551
dcg                 =  1.34842e+02
f0                  =  1.14574e+06
phx                 =  9.49874e+01
 meas ac f180 when tph=-1.800000e+02 fall=1 failed!

 meas ac gmx find tdb when tph=-1.800000e+02 fall=1 failed!

 meas ac f0r when tdb=0 rise=1 failed!

tres                =  -1.41732e+00 at=  1.20226e+06
ROW iload_a=0.05 ceff_f=4.7e-06 esr_ohm=0.5 vout_v=1.79916 dcgain_db=134.842 f0_hz=1.14574E+06 phase_at_f0_deg=94.9874 f180_hz= gain_at_f180_db= f0_rising_hz= resurgence_db=-1.41732
* SWEEP COMPLETE sf_125c_2.97v
Note: Simulation executed from .control section 
Warning: m=xx on .subckt line will override multiplier m hierarchy!

Note: Starting dynamic gmin stepping
Note: Dynamic gmin stepping completed
Note: Starting dynamic gmin stepping
Note: Dynamic gmin stepping completed
Note: Starting dynamic gmin stepping
Note: Dynamic gmin stepping completed

Error: measure  f180  when(WHEN) : out of interval

Error: measure  gmx  find(AT) : out of interval

Error: measure  f0r  when(WHEN) : out of interval
Error: &f180: no such variable.
Error: &gmx: no such variable.
Error: &f0r: no such variable.
Note: Starting dynamic gmin stepping
Note: Dynamic gmin stepping completed
Note: Starting dynamic gmin stepping
Note: Dynamic gmin stepping completed
Note: Starting dynamic gmin stepping
Note: Dynamic gmin stepping completed

Error: measure  f180  when(WHEN) : out of interval

Error: measure  gmx  find(AT) : out of interval

Error: measure  f0r  when(WHEN) : out of interval
Error: &f180: no such variable.
Error: &gmx: no such variable.
Error: &f0r: no such variable.
Note: Starting dynamic gmin stepping
Note: Dynamic gmin stepping completed
Note: Starting dynamic gmin stepping
Note: Dynamic gmin stepping completed
Note: Starting dynamic gmin stepping
Note: Dynamic gmin stepping completed

Error: measure  f180  when(WHEN) : out of interval

Error: measure  gmx  find(AT) : out of interval

Error: measure  f0r  when(WHEN) : out of interval
Error: &f180: no such variable.
Error: &gmx: no such variable.
Error: &f0r: no such variable.
Note: Starting dynamic gmin stepping
Note: Dynamic gmin stepping completed
Note: Starting dynamic gmin stepping
Note: Dynamic gmin stepping completed
Note: Starting dynamic gmin stepping
Note: Dynamic gmin stepping completed

Error: measure  f180  when(WHEN) : out of interval

Error: measure  gmx  find(AT) : out of interval

Error: measure  f0r  when(WHEN) : out of interval
Error: &f180: no such variable.
Error: &gmx: no such variable.
Error: &f0r: no such variable.
Note: Starting dynamic gmin stepping
Note: Dynamic gmin stepping completed
Note: Starting dynamic gmin stepping
Note: Dynamic gmin stepping completed
Note: Starting dynamic gmin stepping
Note: Dynamic gmin stepping completed

Error: measure  f180  when(WHEN) : out of interval

Error: measure  gmx  find(AT) : out of interval

Error: measure  f0r  when(WHEN) : out of interval
Error: &f180: no such variable.
Error: &gmx: no such variable.
Error: &f0r: no such variable.
Note: Starting dynamic gmin stepping
Note: Dynamic gmin stepping completed
Note: Starting dynamic gmin stepping
Note: Dynamic gmin stepping completed
Note: Starting dynamic gmin stepping
Note: Dynamic gmin stepping completed

Error: measure  f180  when(WHEN) : out of interval

Error: measure  gmx  find(AT) : out of interval

Error: measure  f0r  when(WHEN) : out of interval
Error: &f180: no such variable.
Error: &gmx: no such variable.
Error: &f0r: no such variable.
Note: Starting dynamic gmin stepping
Note: Dynamic gmin stepping completed
Note: Starting dynamic gmin stepping
Note: Dynamic gmin stepping completed
Note: Starting dynamic gmin stepping
Note: Dynamic gmin stepping completed

Error: measure  f180  when(WHEN) : out of interval

Error: measure  gmx  find(AT) : out of interval

Error: measure  f0r  when(WHEN) : out of interval
Error: &f180: no such variable.
Error: &gmx: no such variable.
Error: &f0r: no such variable.
Note: Starting dynamic gmin stepping
Note: Dynamic gmin stepping completed
Note: Starting dynamic gmin stepping
Note: Dynamic gmin stepping completed
Note: Starting dynamic gmin stepping
Note: Dynamic gmin stepping completed

Error: measure  f180  when(WHEN) : out of interval

Error: measure  gmx  find(AT) : out of interval

Error: measure  f0r  when(WHEN) : out of interval
Error: &f180: no such variable.
Error: &gmx: no such variable.
Error: &f0r: no such variable.
Note: Starting dynamic gmin stepping
Note: Dynamic gmin stepping completed
Note: Starting dynamic gmin stepping
Note: Dynamic gmin stepping completed
Note: Starting dynamic gmin stepping
Note: Dynamic gmin stepping completed

Error: measure  f180  when(WHEN) : out of interval

Error: measure  gmx  find(AT) : out of interval

Error: measure  f0r  when(WHEN) : out of interval
Error: &f180: no such variable.
Error: &gmx: no such variable.
Error: &f0r: no such variable.
Note: Starting dynamic gmin stepping
Note: Dynamic gmin stepping completed
Note: Starting dynamic gmin stepping
Note: Dynamic gmin stepping completed
Note: Starting dynamic gmin stepping
Note: Dynamic gmin stepping completed

Error: measure  f180  when(WHEN) : out of interval

Error: measure  gmx  find(AT) : out of interval

Error: measure  f0r  when(WHEN) : out of interval
Error: &f180: no such variable.
Error: &gmx: no such variable.
Error: &f0r: no such variable.
Note: Starting dynamic gmin stepping
Note: Dynamic gmin stepping completed
Note: Starting dynamic gmin stepping
Note: Dynamic gmin stepping completed
Note: Starting dynamic gmin stepping
Note: Dynamic gmin stepping completed

Error: measure  f180  when(WHEN) : out of interval

Error: measure  gmx  find(AT) : out of interval

Error: measure  f0r  when(WHEN) : out of interval
Error: &f180: no such variable.
Error: &gmx: no such variable.
Error: &f0r: no such variable.
Note: Starting dynamic gmin stepping
Note: Dynamic gmin stepping completed
Note: Starting dynamic gmin stepping
Note: Dynamic gmin stepping completed
Note: Starting dynamic gmin stepping
Note: Dynamic gmin stepping completed

Error: measure  f180  when(WHEN) : out of interval

Error: measure  gmx  find(AT) : out of interval

Error: measure  f0r  when(WHEN) : out of interval
Error: &f180: no such variable.
Error: &gmx: no such variable.
Error: &f0r: no such variable.
Note: Starting dynamic gmin stepping
Note: Dynamic gmin stepping completed
Note: Starting dynamic gmin stepping
Note: Dynamic gmin stepping completed
Note: Starting dynamic gmin stepping
Note: Dynamic gmin stepping completed

Error: measure  f180  when(WHEN) : out of interval

Error: measure  gmx  find(AT) : out of interval

Error: measure  f0r  when(WHEN) : out of interval
Error: &f180: no such variable.
Error: &gmx: no such variable.
Error: &f0r: no such variable.
Note: Starting dynamic gmin stepping
Note: Dynamic gmin stepping completed
Note: Starting dynamic gmin stepping
Note: Dynamic gmin stepping completed
Note: Starting dynamic gmin stepping
Note: Dynamic gmin stepping completed

Error: measure  f180  when(WHEN) : out of interval

Error: measure  gmx  find(AT) : out of interval

Error: measure  f0r  when(WHEN) : out of interval
Error: &f180: no such variable.
Error: &gmx: no such variable.
Error: &f0r: no such variable.
Note: Starting dynamic gmin stepping
Note: Dynamic gmin stepping completed
Note: Starting dynamic gmin stepping
Note: Dynamic gmin stepping completed
Note: Starting dynamic gmin stepping
Note: Dynamic gmin stepping completed

Error: measure  f180  when(WHEN) : out of interval

Error: measure  gmx  find(AT) : out of interval

Error: measure  f0r  when(WHEN) : out of interval
Error: &f180: no such variable.
Error: &gmx: no such variable.
Error: &f0r: no such variable.
Note: Starting dynamic gmin stepping
Note: Dynamic gmin stepping completed
Note: Starting dynamic gmin stepping
Note: Dynamic gmin stepping completed
Note: Starting dynamic gmin stepping
Note: Dynamic gmin stepping completed

Error: measure  f180  when(WHEN) : out of interval

Error: measure  gmx  find(AT) : out of interval
Error: &f180: no such variable.
Error: &gmx: no such variable.
Note: Starting dynamic gmin stepping
Note: Dynamic gmin stepping completed
Note: Starting dynamic gmin stepping
Note: Dynamic gmin stepping completed
Note: Starting dynamic gmin stepping
Note: Dynamic gmin stepping completed

Error: measure  f180  when(WHEN) : out of interval

Error: measure  gmx  find(AT) : out of interval

Error: measure  f0r  when(WHEN) : out of interval
Error: &f180: no such variable.
Error: &gmx: no such variable.
Error: &f0r: no such variable.
Note: Starting dynamic gmin stepping
Note: Dynamic gmin stepping completed
Note: Starting dynamic gmin stepping
Note: Dynamic gmin stepping completed
Note: Starting dynamic gmin stepping
Note: Dynamic gmin stepping completed

Error: measure  f180  when(WHEN) : out of interval

Error: measure  gmx  find(AT) : out of interval

Error: measure  f0r  when(WHEN) : out of interval
Error: &f180: no such variable.
Error: &gmx: no such variable.
Error: &f0r: no such variable.
Note: Starting dynamic gmin stepping
Note: Dynamic gmin stepping completed
Note: Starting dynamic gmin stepping
Note: Dynamic gmin stepping completed
Note: Starting dynamic gmin stepping
Note: Dynamic gmin stepping completed

Error: measure  f180  when(WHEN) : out of interval

Error: measure  gmx  find(AT) : out of interval

Error: measure  f0r  when(WHEN) : out of interval
Error: &f180: no such variable.
Error: &gmx: no such variable.
Error: &f0r: no such variable.
Note: Starting dynamic gmin stepping
Note: Dynamic gmin stepping completed
Note: Starting dynamic gmin stepping
Note: Dynamic gmin stepping completed
Note: Starting dynamic gmin stepping
Note: Dynamic gmin stepping completed

Error: measure  f180  when(WHEN) : out of interval

Error: measure  gmx  find(AT) : out of interval

Error: measure  f0r  when(WHEN) : out of interval
Error: &f180: no such variable.
Error: &gmx: no such variable.
Error: &f0r: no such variable.
Note: Starting dynamic gmin stepping
Note: Dynamic gmin stepping completed
Note: Starting dynamic gmin stepping
Note: Dynamic gmin stepping completed
Note: Starting dynamic gmin stepping
Note: Dynamic gmin stepping completed

Error: measure  f180  when(WHEN) : out of interval

Error: measure  gmx  find(AT) : out of interval

Error: measure  f0r  when(WHEN) : out of interval
Error: &f180: no such variable.
Error: &gmx: no such variable.
Error: &f0r: no such variable.
Note: Starting dynamic gmin stepping
Note: Dynamic gmin stepping completed
Note: Starting dynamic gmin stepping
Note: Dynamic gmin stepping completed
Note: Starting dynamic gmin stepping
Note: Dynamic gmin stepping completed

Error: measure  f180  when(WHEN) : out of interval

Error: measure  gmx  find(AT) : out of interval

Error: measure  f0r  when(WHEN) : out of interval
Error: &f180: no such variable.
Error: &gmx: no such variable.
Error: &f0r: no such variable.
Note: Starting dynamic gmin stepping
Note: Dynamic gmin stepping completed
Note: Starting dynamic gmin stepping
Note: Dynamic gmin stepping completed
Note: Starting dynamic gmin stepping
Note: Dynamic gmin stepping completed

Error: measure  f180  when(WHEN) : out of interval

Error: measure  gmx  find(AT) : out of interval

Error: measure  f0r  when(WHEN) : out of interval
Error: &f180: no such variable.
Error: &gmx: no such variable.
Error: &f0r: no such variable.
Note: Starting dynamic gmin stepping
Note: Dynamic gmin stepping completed
Note: Starting dynamic gmin stepping
Note: Dynamic gmin stepping completed
Note: Starting dynamic gmin stepping
Note: Dynamic gmin stepping completed

Error: measure  f180  when(WHEN) : out of interval

Error: measure  gmx  find(AT) : out of interval

Error: measure  f0r  when(WHEN) : out of interval
Error: &f180: no such variable.
Error: &gmx: no such variable.
Error: &f0r: no such variable.
Note: Starting dynamic gmin stepping
Note: Dynamic gmin stepping completed
Note: Starting dynamic gmin stepping
Note: Dynamic gmin stepping completed
Note: Starting dynamic gmin stepping
Note: Dynamic gmin stepping completed

Error: measure  f180  when(WHEN) : out of interval

Error: measure  gmx  find(AT) : out of interval

Error: measure  f0r  when(WHEN) : out of interval
Error: &f180: no such variable.
Error: &gmx: no such variable.
Error: &f0r: no such variable.
Note: Starting dynamic gmin stepping
Note: Dynamic gmin stepping completed
Note: Starting dynamic gmin stepping
Note: Dynamic gmin stepping completed
Note: Starting dynamic gmin stepping
Note: Dynamic gmin stepping completed

Error: measure  f180  when(WHEN) : out of interval

Error: measure  gmx  find(AT) : out of interval

Error: measure  f0r  when(WHEN) : out of interval
Error: &f180: no such variable.
Error: &gmx: no such variable.
Error: &f0r: no such variable.
Note: Starting dynamic gmin stepping
Note: Dynamic gmin stepping completed
Note: Starting dynamic gmin stepping
Note: Dynamic gmin stepping completed
Note: Starting dynamic gmin stepping
Note: Dynamic gmin stepping completed

Error: measure  f180  when(WHEN) : out of interval

Error: measure  gmx  find(AT) : out of interval

Error: measure  f0r  when(WHEN) : out of interval
Error: &f180: no such variable.
Error: &gmx: no such variable.
Error: &f0r: no such variable.
Note: Starting dynamic gmin stepping
Note: Dynamic gmin stepping completed
Note: Starting dynamic gmin stepping
Note: Dynamic gmin stepping completed
Note: Starting dynamic gmin stepping
Note: Dynamic gmin stepping completed

Error: measure  f180  when(WHEN) : out of interval

Error: measure  gmx  find(AT) : out of interval

Error: measure  f0r  when(WHEN) : out of interval
Error: &f180: no such variable.
Error: &gmx: no such variable.
Error: &f0r: no such variable.
Note: Starting dynamic gmin stepping
Note: Dynamic gmin stepping completed
Note: Starting dynamic gmin stepping
Note: Dynamic gmin stepping completed
Note: Starting dynamic gmin stepping
Note: Dynamic gmin stepping completed

Error: measure  f180  when(WHEN) : out of interval

Error: measure  gmx  find(AT) : out of interval
Error: &f180: no such variable.
Error: &gmx: no such variable.
Note: Starting dynamic gmin stepping
Note: Dynamic gmin stepping completed
Note: Starting dynamic gmin stepping
Note: Dynamic gmin stepping completed
Note: Starting dynamic gmin stepping
Note: Dynamic gmin stepping completed

Error: measure  f180  when(WHEN) : out of interval

Error: measure  gmx  find(AT) : out of interval
Error: &f180: no such variable.
Error: &gmx: no such variable.
Note: Starting dynamic gmin stepping
Note: Dynamic gmin stepping completed
Note: Starting dynamic gmin stepping
Note: Dynamic gmin stepping completed
Note: Starting dynamic gmin stepping
Note: Dynamic gmin stepping completed

Error: measure  f180  when(WHEN) : out of interval

Error: measure  gmx  find(AT) : out of interval

Error: measure  f0r  when(WHEN) : out of interval
Error: &f180: no such variable.
Error: &gmx: no such variable.
Error: &f0r: no such variable.
Note: Starting dynamic gmin stepping
Note: Dynamic gmin stepping completed
Note: Starting dynamic gmin stepping
Note: Dynamic gmin stepping completed
Note: Starting dynamic gmin stepping
Note: Dynamic gmin stepping completed

Error: measure  f180  when(WHEN) : out of interval

Error: measure  gmx  find(AT) : out of interval

Error: measure  f0r  when(WHEN) : out of interval
Error: &f180: no such variable.
Error: &gmx: no such variable.
Error: &f0r: no such variable.
Note: Starting dynamic gmin stepping
Note: Dynamic gmin stepping completed
Note: Starting dynamic gmin stepping
Note: Dynamic gmin stepping completed
Note: Starting dynamic gmin stepping
Note: Dynamic gmin stepping completed

Error: measure  f180  when(WHEN) : out of interval

Error: measure  gmx  find(AT) : out of interval

Error: measure  f0r  when(WHEN) : out of interval
Error: &f180: no such variable.
Error: &gmx: no such variable.
Error: &f0r: no such variable.
Note: Starting dynamic gmin stepping
Note: Dynamic gmin stepping completed
Note: Starting dynamic gmin stepping
Note: Dynamic gmin stepping completed
Note: Starting dynamic gmin stepping
Note: Dynamic gmin stepping completed

Error: measure  f180  when(WHEN) : out of interval

Error: measure  gmx  find(AT) : out of interval

Error: measure  f0r  when(WHEN) : out of interval
Error: &f180: no such variable.
Error: &gmx: no such variable.
Error: &f0r: no such variable.
Note: Starting dynamic gmin stepping
Note: Dynamic gmin stepping completed
Note: Starting dynamic gmin stepping
Note: Dynamic gmin stepping completed
Note: Starting dynamic gmin stepping
Note: Dynamic gmin stepping completed

Error: measure  f180  when(WHEN) : out of interval

Error: measure  gmx  find(AT) : out of interval
Error: &f180: no such variable.
Error: &gmx: no such variable.
Note: Starting dynamic gmin stepping
Note: Dynamic gmin stepping completed
Note: Starting dynamic gmin stepping
Note: Dynamic gmin stepping completed
Note: Starting dynamic gmin stepping
Note: Dynamic gmin stepping completed

Error: measure  f180  when(WHEN) : out of interval

Error: measure  gmx  find(AT) : out of interval
Error: &f180: no such variable.
Error: &gmx: no such variable.
Note: Starting dynamic gmin stepping
Note: Dynamic gmin stepping completed
Note: Starting dynamic gmin stepping
Note: Dynamic gmin stepping completed
Note: Starting dynamic gmin stepping
Note: Dynamic gmin stepping completed

Error: measure  f180  when(WHEN) : out of interval

Error: measure  gmx  find(AT) : out of interval

Error: measure  f0r  when(WHEN) : out of interval
Error: &f180: no such variable.
Error: &gmx: no such variable.
Error: &f0r: no such variable.
Note: Starting dynamic gmin stepping
Note: Dynamic gmin stepping completed
Note: Starting dynamic gmin stepping
Note: Dynamic gmin stepping completed
Note: Starting dynamic gmin stepping
Note: Dynamic gmin stepping completed

Error: measure  f180  when(WHEN) : out of interval

Error: measure  gmx  find(AT) : out of interval

Error: measure  f0r  when(WHEN) : out of interval
Error: &f180: no such variable.
Error: &gmx: no such variable.
Error: &f0r: no such variable.
Note: Starting dynamic gmin stepping
Note: Dynamic gmin stepping completed
Note: Starting dynamic gmin stepping
Note: Dynamic gmin stepping completed
Note: Starting dynamic gmin stepping
Note: Dynamic gmin stepping completed

Error: measure  f180  when(WHEN) : out of interval

Error: measure  gmx  find(AT) : out of interval

Error: measure  f0r  when(WHEN) : out of interval
Error: &f180: no such variable.
Error: &gmx: no such variable.
Error: &f0r: no such variable.
Note: Starting dynamic gmin stepping
Note: Dynamic gmin stepping completed
Note: Starting dynamic gmin stepping
Note: Dynamic gmin stepping completed
Note: Starting dynamic gmin stepping
Note: Dynamic gmin stepping completed

Error: measure  f180  when(WHEN) : out of interval

Error: measure  gmx  find(AT) : out of interval

Error: measure  f0r  when(WHEN) : out of interval
Error: &f180: no such variable.
Error: &gmx: no such variable.
Error: &f0r: no such variable.
Note: Starting dynamic gmin stepping
Note: Dynamic gmin stepping completed
Note: Starting dynamic gmin stepping
Note: Dynamic gmin stepping completed
Note: Starting dynamic gmin stepping
Note: Dynamic gmin stepping completed

Error: measure  f180  when(WHEN) : out of interval

Error: measure  gmx  find(AT) : out of interval

Error: measure  f0r  when(WHEN) : out of interval
Error: &f180: no such variable.
Error: &gmx: no such variable.
Error: &f0r: no such variable.
Note: Starting dynamic gmin stepping
Note: Dynamic gmin stepping completed
Note: Starting dynamic gmin stepping
Note: Dynamic gmin stepping completed
Note: Starting dynamic gmin stepping
Note: Dynamic gmin stepping completed

Error: measure  f180  when(WHEN) : out of interval

Error: measure  gmx  find(AT) : out of interval

Error: measure  f0r  when(WHEN) : out of interval
Error: &f180: no such variable.
Error: &gmx: no such variable.
Error: &f0r: no such variable.
Note: Starting dynamic gmin stepping
Note: Dynamic gmin stepping completed
Note: Starting dynamic gmin stepping
Note: Dynamic gmin stepping completed
Note: Starting dynamic gmin stepping
Note: Dynamic gmin stepping completed

Error: measure  f180  when(WHEN) : out of interval

Error: measure  gmx  find(AT) : out of interval

Error: measure  f0r  when(WHEN) : out of interval
Error: &f180: no such variable.
Error: &gmx: no such variable.
Error: &f0r: no such variable.
Note: Starting dynamic gmin stepping
Note: Dynamic gmin stepping completed
Note: Starting dynamic gmin stepping
Note: Dynamic gmin stepping completed
Note: Starting dynamic gmin stepping
Note: Dynamic gmin stepping completed

Error: measure  f180  when(WHEN) : out of interval

Error: measure  gmx  find(AT) : out of interval

Error: measure  f0r  when(WHEN) : out of interval
Error: &f180: no such variable.
Error: &gmx: no such variable.
Error: &f0r: no such variable.
Note: Starting dynamic gmin stepping
Note: Dynamic gmin stepping completed
Note: Starting dynamic gmin stepping
Note: Dynamic gmin stepping completed
Note: Starting dynamic gmin stepping
Note: Dynamic gmin stepping completed

Error: measure  f180  when(WHEN) : out of interval

Error: measure  gmx  find(AT) : out of interval
Error: &f180: no such variable.
Error: &gmx: no such variable.
Note: Starting dynamic gmin stepping
Note: Dynamic gmin stepping completed
Note: Starting dynamic gmin stepping
Note: Dynamic gmin stepping completed
Note: Starting dynamic gmin stepping
Note: Dynamic gmin stepping completed

Error: measure  f180  when(WHEN) : out of interval

Error: measure  gmx  find(AT) : out of interval

Error: measure  f0r  when(WHEN) : out of interval
Error: &f180: no such variable.
Error: &gmx: no such variable.
Error: &f0r: no such variable.
Note: Starting dynamic gmin stepping
Note: Dynamic gmin stepping completed
Note: Starting dynamic gmin stepping
Note: Dynamic gmin stepping completed
Note: Starting dynamic gmin stepping
Note: Dynamic gmin stepping completed

Error: measure  f180  when(WHEN) : out of interval

Error: measure  gmx  find(AT) : out of interval

Error: measure  f0r  when(WHEN) : out of interval
Error: &f180: no such variable.
Error: &gmx: no such variable.
Error: &f0r: no such variable.
Note: Starting dynamic gmin stepping
Note: Dynamic gmin stepping completed
Note: Starting dynamic gmin stepping
Note: Dynamic gmin stepping completed
Note: Starting dynamic gmin stepping
Note: Dynamic gmin stepping completed

Error: measure  f180  when(WHEN) : out of interval

Error: measure  gmx  find(AT) : out of interval

Error: measure  f0r  when(WHEN) : out of interval
Error: &f180: no such variable.
Error: &gmx: no such variable.
Error: &f0r: no such variable.
Note: Starting dynamic gmin stepping
Note: Dynamic gmin stepping completed
Note: Starting dynamic gmin stepping
Note: Dynamic gmin stepping completed
Note: Starting dynamic gmin stepping
Note: Dynamic gmin stepping completed

Error: measure  f180  when(WHEN) : out of interval

Error: measure  gmx  find(AT) : out of interval

Error: measure  f0r  when(WHEN) : out of interval
Error: &f180: no such variable.
Error: &gmx: no such variable.
Error: &f0r: no such variable.
Note: Starting dynamic gmin stepping
Note: Dynamic gmin stepping completed
Note: Starting dynamic gmin stepping
Note: Dynamic gmin stepping completed
Note: Starting dynamic gmin stepping
Note: Dynamic gmin stepping completed

Error: measure  f180  when(WHEN) : out of interval

Error: measure  gmx  find(AT) : out of interval

Error: measure  f0r  when(WHEN) : out of interval
Error: &f180: no such variable.
Error: &gmx: no such variable.
Error: &f0r: no such variable.
Note: Starting dynamic gmin stepping
Note: Dynamic gmin stepping completed
Note: Starting dynamic gmin stepping
Note: Dynamic gmin stepping completed
Note: Starting dynamic gmin stepping
Note: Dynamic gmin stepping completed

Error: measure  f180  when(WHEN) : out of interval

Error: measure  gmx  find(AT) : out of interval

Error: measure  f0r  when(WHEN) : out of interval
Error: &f180: no such variable.
Error: &gmx: no such variable.
Error: &f0r: no such variable.
Note: Starting dynamic gmin stepping
Note: Dynamic gmin stepping completed
Note: Starting dynamic gmin stepping
Note: Dynamic gmin stepping completed
Note: Starting dynamic gmin stepping
Note: Dynamic gmin stepping completed

Error: measure  f180  when(WHEN) : out of interval

Error: measure  gmx  find(AT) : out of interval

Error: measure  f0r  when(WHEN) : out of interval
Error: &f180: no such variable.
Error: &gmx: no such variable.
Error: &f0r: no such variable.
Note: Starting dynamic gmin stepping
Note: Dynamic gmin stepping completed
Note: Starting dynamic gmin stepping
Note: Dynamic gmin stepping completed
Note: Starting dynamic gmin stepping
Note: Dynamic gmin stepping completed

Error: measure  f180  when(WHEN) : out of interval

Error: measure  gmx  find(AT) : out of interval

Error: measure  f0r  when(WHEN) : out of interval
Error: &f180: no such variable.
Error: &gmx: no such variable.
Error: &f0r: no such variable.
Note: Starting dynamic gmin stepping
Note: Dynamic gmin stepping completed
Note: Starting dynamic gmin stepping
Note: Dynamic gmin stepping completed
Note: Starting dynamic gmin stepping
Note: Dynamic gmin stepping completed

Error: measure  f180  when(WHEN) : out of interval

Error: measure  gmx  find(AT) : out of interval

Error: measure  f0r  when(WHEN) : out of interval
Error: &f180: no such variable.
Error: &gmx: no such variable.
Error: &f0r: no such variable.
Note: Starting dynamic gmin stepping
Note: Dynamic gmin stepping completed
Note: Starting dynamic gmin stepping
Note: Dynamic gmin stepping completed
Note: Starting dynamic gmin stepping
Note: Dynamic gmin stepping completed

Error: measure  f180  when(WHEN) : out of interval

Error: measure  gmx  find(AT) : out of interval

Error: measure  f0r  when(WHEN) : out of interval
Error: &f180: no such variable.
Error: &gmx: no such variable.
Error: &f0r: no such variable.
Note: Starting dynamic gmin stepping
Note: Dynamic gmin stepping completed
Note: Starting dynamic gmin stepping
Note: Dynamic gmin stepping completed
Note: Starting dynamic gmin stepping
Note: Dynamic gmin stepping completed

Error: measure  f180  when(WHEN) : out of interval

Error: measure  gmx  find(AT) : out of interval

Error: measure  f0r  when(WHEN) : out of interval
Error: &f180: no such variable.
Error: &gmx: no such variable.
Error: &f0r: no such variable.
Note: Starting dynamic gmin stepping
Note: Dynamic gmin stepping completed
Note: Starting dynamic gmin stepping
Note: Dynamic gmin stepping completed
Note: Starting dynamic gmin stepping
Note: Dynamic gmin stepping completed

Error: measure  f180  when(WHEN) : out of interval

Error: measure  gmx  find(AT) : out of interval

Error: measure  f0r  when(WHEN) : out of interval
Error: &f180: no such variable.
Error: &gmx: no such variable.
Error: &f0r: no such variable.
Note: Starting dynamic gmin stepping
Note: Dynamic gmin stepping completed
Note: Starting dynamic gmin stepping
Note: Dynamic gmin stepping completed
Note: Starting dynamic gmin stepping
Note: Dynamic gmin stepping completed

Error: measure  f180  when(WHEN) : out of interval

Error: measure  gmx  find(AT) : out of interval

Error: measure  f0r  when(WHEN) : out of interval
Error: &f180: no such variable.
Error: &gmx: no such variable.
Error: &f0r: no such variable.
Note: Starting dynamic gmin stepping
Note: Dynamic gmin stepping completed
Note: Starting dynamic gmin stepping
Note: Dynamic gmin stepping completed
Note: Starting dynamic gmin stepping
Note: Dynamic gmin stepping completed

Error: measure  f180  when(WHEN) : out of interval

Error: measure  gmx  find(AT) : out of interval

Error: measure  f0r  when(WHEN) : out of interval
Error: &f180: no such variable.
Error: &gmx: no such variable.
Error: &f0r: no such variable.
Note: Starting dynamic gmin stepping
Note: Dynamic gmin stepping completed
Note: Starting dynamic gmin stepping
Note: Dynamic gmin stepping completed
Note: Starting dynamic gmin stepping
Note: Dynamic gmin stepping completed

Error: measure  f180  when(WHEN) : out of interval

Error: measure  gmx  find(AT) : out of interval

Error: measure  f0r  when(WHEN) : out of interval
Error: &f180: no such variable.
Error: &gmx: no such variable.
Error: &f0r: no such variable.
Note: Starting dynamic gmin stepping
Note: Dynamic gmin stepping completed
Note: Starting dynamic gmin stepping
Note: Dynamic gmin stepping completed
Note: Starting dynamic gmin stepping
Note: Dynamic gmin stepping completed

Error: measure  f180  when(WHEN) : out of interval

Error: measure  gmx  find(AT) : out of interval

Error: measure  f0r  when(WHEN) : out of interval
Error: &f180: no such variable.
Error: &gmx: no such variable.
Error: &f0r: no such variable.
Note: Starting dynamic gmin stepping
Note: Dynamic gmin stepping completed
Note: Starting dynamic gmin stepping
Note: Dynamic gmin stepping completed
Note: Starting dynamic gmin stepping
Note: Dynamic gmin stepping completed

Error: measure  f180  when(WHEN) : out of interval

Error: measure  gmx  find(AT) : out of interval

Error: measure  f0r  when(WHEN) : out of interval
Error: &f180: no such variable.
Error: &gmx: no such variable.
Error: &f0r: no such variable.
Note: Starting dynamic gmin stepping
Note: Dynamic gmin stepping completed
Note: Starting dynamic gmin stepping
Note: Dynamic gmin stepping completed
Note: Starting dynamic gmin stepping
Note: Dynamic gmin stepping completed

Error: measure  f180  when(WHEN) : out of interval

Error: measure  gmx  find(AT) : out of interval

Error: measure  f0r  when(WHEN) : out of interval
Error: &f180: no such variable.
Error: &gmx: no such variable.
Error: &f0r: no such variable.
Note: Starting dynamic gmin stepping
Note: Dynamic gmin stepping completed
Note: Starting dynamic gmin stepping
Note: Dynamic gmin stepping completed
Note: Starting dynamic gmin stepping
Note: Dynamic gmin stepping completed

Error: measure  f180  when(WHEN) : out of interval

Error: measure  gmx  find(AT) : out of interval

Error: measure  f0r  when(WHEN) : out of interval
Error: &f180: no such variable.
Error: &gmx: no such variable.
Error: &f0r: no such variable.
Note: Starting dynamic gmin stepping
Note: Dynamic gmin stepping completed
Note: Starting dynamic gmin stepping
Note: Dynamic gmin stepping completed
Note: Starting dynamic gmin stepping
Note: Dynamic gmin stepping completed

Error: measure  f180  when(WHEN) : out of interval

Error: measure  gmx  find(AT) : out of interval

Error: measure  f0r  when(WHEN) : out of interval
Error: &f180: no such variable.
Error: &gmx: no such variable.
Error: &f0r: no such variable.
Note: Starting dynamic gmin stepping
Note: Dynamic gmin stepping completed
Note: Starting dynamic gmin stepping
Note: Dynamic gmin stepping completed
Note: Starting dynamic gmin stepping
Note: Dynamic gmin stepping completed

Error: measure  f180  when(WHEN) : out of interval

Error: measure  gmx  find(AT) : out of interval

Error: measure  f0r  when(WHEN) : out of interval
Error: &f180: no such variable.
Error: &gmx: no such variable.
Error: &f0r: no such variable.
Note: Starting dynamic gmin stepping
Note: Dynamic gmin stepping completed
Note: Starting dynamic gmin stepping
Note: Dynamic gmin stepping completed
Note: Starting dynamic gmin stepping
Note: Dynamic gmin stepping completed

Error: measure  f180  when(WHEN) : out of interval

Error: measure  gmx  find(AT) : out of interval

Error: measure  f0r  when(WHEN) : out of interval
Error: &f180: no such variable.
Error: &gmx: no such variable.
Error: &f0r: no such variable.
Note: Starting dynamic gmin stepping
Note: Dynamic gmin stepping completed
Note: Starting dynamic gmin stepping
Note: Dynamic gmin stepping completed
Note: Starting dynamic gmin stepping
Note: Dynamic gmin stepping completed

Error: measure  f180  when(WHEN) : out of interval

Error: measure  gmx  find(AT) : out of interval

Error: measure  f0r  when(WHEN) : out of interval
Error: &f180: no such variable.
Error: &gmx: no such variable.
Error: &f0r: no such variable.
Note: Starting dynamic gmin stepping
Note: Dynamic gmin stepping completed
Note: Starting dynamic gmin stepping
Note: Dynamic gmin stepping completed
Note: Starting dynamic gmin stepping
Note: Dynamic gmin stepping completed

Error: measure  f180  when(WHEN) : out of interval

Error: measure  gmx  find(AT) : out of interval

Error: measure  f0r  when(WHEN) : out of interval
Error: &f180: no such variable.
Error: &gmx: no such variable.
Error: &f0r: no such variable.
Note: Starting dynamic gmin stepping
Note: Dynamic gmin stepping completed
Note: Starting dynamic gmin stepping
Note: Dynamic gmin stepping completed
Note: Starting dynamic gmin stepping
Note: Dynamic gmin stepping completed

Error: measure  f180  when(WHEN) : out of interval

Error: measure  gmx  find(AT) : out of interval

Error: measure  f0r  when(WHEN) : out of interval
Error: &f180: no such variable.
Error: &gmx: no such variable.
Error: &f0r: no such variable.
Note: Starting dynamic gmin stepping
Note: Dynamic gmin stepping completed
Note: Starting dynamic gmin stepping
Note: Dynamic gmin stepping completed
Note: Starting dynamic gmin stepping
Note: Dynamic gmin stepping completed

Error: measure  f180  when(WHEN) : out of interval

Error: measure  gmx  find(AT) : out of interval

Error: measure  f0r  when(WHEN) : out of interval
Error: &f180: no such variable.
Error: &gmx: no such variable.
Error: &f0r: no such variable.
Note: Starting dynamic gmin stepping
Note: Dynamic gmin stepping completed
Note: Starting dynamic gmin stepping
Note: Dynamic gmin stepping completed
Note: Starting dynamic gmin stepping
Note: Dynamic gmin stepping completed

Error: measure  f180  when(WHEN) : out of interval

Error: measure  gmx  find(AT) : out of interval

Error: measure  f0r  when(WHEN) : out of interval
Error: &f180: no such variable.
Error: &gmx: no such variable.
Error: &f0r: no such variable.
