
Note: Compatibility modes selected: hs a


Circuit: * loop-stability -- tian dual-injection loop-gain testbench for ldo_core (issue #10)

* corner_id=ss_-40c_2.97v corner=ss temp_c=-40 vin_v=2.97
* ac sweep: dec 50 0.01 1e9 ; Tian dual injection at ERRAMP_OUT->PASS_GATE
* columns: ROW iload_a= ceff_f= esr_ohm= vout_v= dcgain_db= f0_hz= phase_at_f0_deg=
*          f180_hz= gain_at_f180_db= f0_rising_hz= resurgence_db=
* (phase margin = 180 + phase_at_f0_deg ; gain margin = -gain_at_f180_db ;
*  resurgence_db = max |T| in dB above the first 0 dB crossing, DR-0008 ;
*  an empty f180/gain field means the phase never reaches -180 deg in band)
* Fields are written key=value BECAUSE a failed meas leaves its value
* empty: with bare positional fields an empty one vanishes into the
* whitespace and every field after it is read as the wrong quantity.
Doing analysis at TEMP = -40.000000 and TNOM = 27.000000

Using SPARSE 1.3 as Direct Linear Solver
 Reference value :  0.00000e+00
No. of Data Rows : 1
Doing analysis at TEMP = -40.000000 and TNOM = 27.000000

Using SPARSE 1.3 as Direct Linear Solver
 Reference value :  1.00000e-02
No. of Data Rows : 551
Doing analysis at TEMP = -40.000000 and TNOM = 27.000000

Using SPARSE 1.3 as Direct Linear Solver
 Reference value :  1.00000e-02
No. of Data Rows : 551
dcg                 =  1.38460e+02
f0                  =  3.11745e+03
phx                 =  -1.37933e+02
f180                =  5.63870e+05
gmx                 =  -1.69155e+01
 meas ac f0r when tdb=0 rise=1 failed!

tres                =  -8.17880e-01 at=  3.31131e+03
ROW iload_a=0 ceff_f=3.3e-07 esr_ohm=0.001 vout_v=1.79948 dcgain_db=138.46 f0_hz=3117.45 phase_at_f0_deg=-137.933 f180_hz=563870 gain_at_f180_db=-16.9155 f0_rising_hz= resurgence_db=-0.817879
Doing analysis at TEMP = -40.000000 and TNOM = 27.000000

Using SPARSE 1.3 as Direct Linear Solver
 Reference value :  0.00000e+00
No. of Data Rows : 1
Doing analysis at TEMP = -40.000000 and TNOM = 27.000000

Using SPARSE 1.3 as Direct Linear Solver
 Reference value :  1.00000e-02
No. of Data Rows : 551
Doing analysis at TEMP = -40.000000 and TNOM = 27.000000

Using SPARSE 1.3 as Direct Linear Solver
 Reference value :  1.00000e-02
No. of Data Rows : 551
dcg                 =  1.38460e+02
f0                  =  3.11745e+03
phx                 =  -1.37915e+02
f180                =  5.64020e+05
gmx                 =  -1.66939e+01
 meas ac f0r when tdb=0 rise=1 failed!

tres                =  -8.17881e-01 at=  3.31131e+03
ROW iload_a=0 ceff_f=3.3e-07 esr_ohm=0.05 vout_v=1.79948 dcgain_db=138.46 f0_hz=3117.45 phase_at_f0_deg=-137.915 f180_hz=564020 gain_at_f180_db=-16.6939 f0_rising_hz= resurgence_db=-0.817881
Doing analysis at TEMP = -40.000000 and TNOM = 27.000000

Using SPARSE 1.3 as Direct Linear Solver
 Reference value :  0.00000e+00
No. of Data Rows : 1
Doing analysis at TEMP = -40.000000 and TNOM = 27.000000

Using SPARSE 1.3 as Direct Linear Solver
 Reference value :  1.00000e-02
No. of Data Rows : 551
Doing analysis at TEMP = -40.000000 and TNOM = 27.000000

Using SPARSE 1.3 as Direct Linear Solver
 Reference value :  1.00000e-02
No. of Data Rows : 551
dcg                 =  1.38460e+02
f0                  =  3.11745e+03
phx                 =  -1.37860e+02
f180                =  5.64430e+05
gmx                 =  -1.60340e+01
 meas ac f0r when tdb=0 rise=1 failed!

tres                =  -8.17875e-01 at=  3.31131e+03
ROW iload_a=0 ceff_f=3.3e-07 esr_ohm=0.2 vout_v=1.79948 dcgain_db=138.46 f0_hz=3117.45 phase_at_f0_deg=-137.859 f180_hz=564430 gain_at_f180_db=-16.034 f0_rising_hz= resurgence_db=-0.817875
Doing analysis at TEMP = -40.000000 and TNOM = 27.000000

Using SPARSE 1.3 as Direct Linear Solver
 Reference value :  0.00000e+00
No. of Data Rows : 1
Doing analysis at TEMP = -40.000000 and TNOM = 27.000000

Using SPARSE 1.3 as Direct Linear Solver
 Reference value :  1.00000e-02
No. of Data Rows : 551
Doing analysis at TEMP = -40.000000 and TNOM = 27.000000

Using SPARSE 1.3 as Direct Linear Solver

No. of Data Rows : 551
dcg                 =  1.38460e+02
f0                  =  3.11746e+03
phx                 =  -1.37748e+02
f180                =  5.65072e+05
gmx                 =  -1.48044e+01
 meas ac f0r when tdb=0 rise=1 failed!

tres                =  -8.17837e-01 at=  3.31131e+03
ROW iload_a=0 ceff_f=3.3e-07 esr_ohm=0.5 vout_v=1.79948 dcgain_db=138.46 f0_hz=3117.46 phase_at_f0_deg=-137.748 f180_hz=565072 gain_at_f180_db=-14.8044 f0_rising_hz= resurgence_db=-0.817837
Doing analysis at TEMP = -40.000000 and TNOM = 27.000000

Using SPARSE 1.3 as Direct Linear Solver
 Reference value :  0.00000e+00
No. of Data Rows : 1
Doing analysis at TEMP = -40.000000 and TNOM = 27.000000

Using SPARSE 1.3 as Direct Linear Solver
 Reference value :  1.00000e-02
No. of Data Rows : 551
Doing analysis at TEMP = -40.000000 and TNOM = 27.000000

Using SPARSE 1.3 as Direct Linear Solver
 Reference value :  1.00000e-02
No. of Data Rows : 551
dcg                 =  1.38455e+02
f0                  =  1.63049e+03
phx                 =  -1.54989e+02
f180                =  5.67269e+05
gmx                 =  -1.88001e+01
 meas ac f0r when tdb=0 rise=1 failed!

tres                =  -1.01197e+00 at=  1.73780e+03
ROW iload_a=0 ceff_f=1e-06 esr_ohm=0.001 vout_v=1.79948 dcgain_db=138.455 f0_hz=1630.49 phase_at_f0_deg=-154.989 f180_hz=567269 gain_at_f180_db=-18.8001 f0_rising_hz= resurgence_db=-1.01197
Doing analysis at TEMP = -40.000000 and TNOM = 27.000000

Using SPARSE 1.3 as Direct Linear Solver
 Reference value :  0.00000e+00
No. of Data Rows : 1
Doing analysis at TEMP = -40.000000 and TNOM = 27.000000

Using SPARSE 1.3 as Direct Linear Solver
 Reference value :  1.00000e-02
No. of Data Rows : 551
Doing analysis at TEMP = -40.000000 and TNOM = 27.000000

Using SPARSE 1.3 as Direct Linear Solver
 Reference value :  1.00000e-02
No. of Data Rows : 551
dcg                 =  1.38455e+02
f0                  =  1.63049e+03
phx                 =  -1.54961e+02
f180                =  5.67318e+05
gmx                 =  -1.84767e+01
 meas ac f0r when tdb=0 rise=1 failed!

tres                =  -1.01197e+00 at=  1.73780e+03
ROW iload_a=0 ceff_f=1e-06 esr_ohm=0.05 vout_v=1.79948 dcgain_db=138.455 f0_hz=1630.49 phase_at_f0_deg=-154.96 f180_hz=567318 gain_at_f180_db=-18.4766 f0_rising_hz= resurgence_db=-1.01197
Doing analysis at TEMP = -40.000000 and TNOM = 27.000000

Using SPARSE 1.3 as Direct Linear Solver
 Reference value :  0.00000e+00
No. of Data Rows : 1
Doing analysis at TEMP = -40.000000 and TNOM = 27.000000

Using SPARSE 1.3 as Direct Linear Solver
 Reference value :  1.00000e-02
No. of Data Rows : 551
Doing analysis at TEMP = -40.000000 and TNOM = 27.000000

Using SPARSE 1.3 as Direct Linear Solver
 Reference value :  1.00000e-02
No. of Data Rows : 551
dcg                 =  1.38455e+02
f0                  =  1.63050e+03
phx                 =  -1.54872e+02
f180                =  5.67447e+05
gmx                 =  -1.75542e+01
 meas ac f0r when tdb=0 rise=1 failed!

tres                =  -1.01195e+00 at=  1.73780e+03
ROW iload_a=0 ceff_f=1e-06 esr_ohm=0.2 vout_v=1.79948 dcgain_db=138.455 f0_hz=1630.5 phase_at_f0_deg=-154.873 f180_hz=567447 gain_at_f180_db=-17.5542 f0_rising_hz= resurgence_db=-1.01195
Doing analysis at TEMP = -40.000000 and TNOM = 27.000000

Using SPARSE 1.3 as Direct Linear Solver
 Reference value :  0.00000e+00
No. of Data Rows : 1
Doing analysis at TEMP = -40.000000 and TNOM = 27.000000

Using SPARSE 1.3 as Direct Linear Solver
 Reference value :  1.00000e-02
No. of Data Rows : 551
Doing analysis at TEMP = -40.000000 and TNOM = 27.000000

Using SPARSE 1.3 as Direct Linear Solver
 Reference value :  1.00000e-02
No. of Data Rows : 551
dcg                 =  1.38455e+02
f0                  =  1.63050e+03
phx                 =  -1.54696e+02
f180                =  5.67639e+05
gmx                 =  -1.59570e+01
 meas ac f0r when tdb=0 rise=1 failed!

tres                =  -1.01185e+00 at=  1.73780e+03
ROW iload_a=0 ceff_f=1e-06 esr_ohm=0.5 vout_v=1.79948 dcgain_db=138.455 f0_hz=1630.5 phase_at_f0_deg=-154.696 f180_hz=567639 gain_at_f180_db=-15.957 f0_rising_hz= resurgence_db=-1.01185
Doing analysis at TEMP = -40.000000 and TNOM = 27.000000

Using SPARSE 1.3 as Direct Linear Solver
 Reference value :  0.00000e+00
No. of Data Rows : 1
Doing analysis at TEMP = -40.000000 and TNOM = 27.000000

Using SPARSE 1.3 as Direct Linear Solver
 Reference value :  1.00000e-02
No. of Data Rows : 551
Doing analysis at TEMP = -40.000000 and TNOM = 27.000000

Using SPARSE 1.3 as Direct Linear Solver
 Reference value :  1.00000e-02
No. of Data Rows : 551
dcg                 =  1.38339e+02
f0                  =  7.24666e+02
phx                 =  -1.68265e+02
f180                =  5.68759e+05
gmx                 =  -1.91308e+01
 meas ac f0r when tdb=0 rise=1 failed!

tres                =  -1.56052e+00 at=  7.94328e+02
ROW iload_a=0 ceff_f=4.7e-06 esr_ohm=0.001 vout_v=1.79948 dcgain_db=138.339 f0_hz=724.666 phase_at_f0_deg=-168.265 f180_hz=568759 gain_at_f180_db=-19.1307 f0_rising_hz= resurgence_db=-1.56052
Doing analysis at TEMP = -40.000000 and TNOM = 27.000000

Using SPARSE 1.3 as Direct Linear Solver
 Reference value :  0.00000e+00
No. of Data Rows : 1
Doing analysis at TEMP = -40.000000 and TNOM = 27.000000

Using SPARSE 1.3 as Direct Linear Solver
 Reference value :  1.00000e-02
No. of Data Rows : 551
Doing analysis at TEMP = -40.000000 and TNOM = 27.000000

Using SPARSE 1.3 as Direct Linear Solver
 Reference value :  1.00000e-02
No. of Data Rows : 551
dcg                 =  1.38339e+02
f0                  =  7.24666e+02
phx                 =  -1.68205e+02
f180                =  5.68751e+05
gmx                 =  -1.87924e+01
 meas ac f0r when tdb=0 rise=1 failed!

tres                =  -1.56052e+00 at=  7.94328e+02
ROW iload_a=0 ceff_f=4.7e-06 esr_ohm=0.05 vout_v=1.79948 dcgain_db=138.339 f0_hz=724.666 phase_at_f0_deg=-168.205 f180_hz=568751 gain_at_f180_db=-18.7924 f0_rising_hz= resurgence_db=-1.56052
Doing analysis at TEMP = -40.000000 and TNOM = 27.000000

Using SPARSE 1.3 as Direct Linear Solver
 Reference value :  0.00000e+00
No. of Data Rows : 1
Doing analysis at TEMP = -40.000000 and TNOM = 27.000000

Using SPARSE 1.3 as Direct Linear Solver
 Reference value :  1.00000e-02
No. of Data Rows : 551
Doing analysis at TEMP = -40.000000 and TNOM = 27.000000

Using SPARSE 1.3 as Direct Linear Solver
 Reference value :  1.00000e-02
No. of Data Rows : 551
dcg                 =  1.38339e+02
f0                  =  7.24669e+02
phx                 =  -1.68021e+02
f180                =  5.68730e+05
gmx                 =  -1.78318e+01
 meas ac f0r when tdb=0 rise=1 failed!

tres                =  -1.56043e+00 at=  7.94328e+02
ROW iload_a=0 ceff_f=4.7e-06 esr_ohm=0.2 vout_v=1.79948 dcgain_db=138.339 f0_hz=724.669 phase_at_f0_deg=-168.021 f180_hz=568730 gain_at_f180_db=-17.8318 f0_rising_hz= resurgence_db=-1.56043
Doing analysis at TEMP = -40.000000 and TNOM = 27.000000

Using SPARSE 1.3 as Direct Linear Solver
 Reference value :  0.00000e+00
No. of Data Rows : 1
Doing analysis at TEMP = -40.000000 and TNOM = 27.000000

Using SPARSE 1.3 as Direct Linear Solver
 Reference value :  1.00000e-02
No. of Data Rows : 551
Doing analysis at TEMP = -40.000000 and TNOM = 27.000000

Using SPARSE 1.3 as Direct Linear Solver
 Reference value :  1.00000e-02
No. of Data Rows : 551
dcg                 =  1.38339e+02
f0                  =  7.24687e+02
phx                 =  -1.67653e+02
f180                =  5.68699e+05
gmx                 =  -1.61802e+01
 meas ac f0r when tdb=0 rise=1 failed!

tres                =  -1.55993e+00 at=  7.94328e+02
ROW iload_a=0 ceff_f=4.7e-06 esr_ohm=0.5 vout_v=1.79948 dcgain_db=138.339 f0_hz=724.687 phase_at_f0_deg=-167.653 f180_hz=568699 gain_at_f180_db=-16.1802 f0_rising_hz= resurgence_db=-1.55993
Doing analysis at TEMP = -40.000000 and TNOM = 27.000000

Using SPARSE 1.3 as Direct Linear Solver
 Reference value :  0.00000e+00
No. of Data Rows : 1
Doing analysis at TEMP = -40.000000 and TNOM = 27.000000

Using SPARSE 1.3 as Direct Linear Solver
 Reference value :  1.00000e-02
No. of Data Rows : 551
Doing analysis at TEMP = -40.000000 and TNOM = 27.000000

Using SPARSE 1.3 as Direct Linear Solver
 Reference value :  1.00000e-02
No. of Data Rows : 551
dcg                 =  1.46946e+02
f0                  =  2.18620e+05
phx                 =  -1.07039e+02
 meas ac f180 when tph=-1.800000e+02 fall=1 failed!

 meas ac gmx find tdb when tph=-1.800000e+02 fall=1 failed!

f0r                 =  4.18577e+05
tres                =  1.22800e+01 at=  5.24807e+05
ROW iload_a=0.0001 ceff_f=3.3e-07 esr_ohm=0.001 vout_v=1.79948 dcgain_db=146.946 f0_hz=218620 phase_at_f0_deg=-107.039 f180_hz= gain_at_f180_db= f0_rising_hz=418577 resurgence_db=12.28
Doing analysis at TEMP = -40.000000 and TNOM = 27.000000

Using SPARSE 1.3 as Direct Linear Solver
 Reference value :  0.00000e+00
No. of Data Rows : 1
Doing analysis at TEMP = -40.000000 and TNOM = 27.000000

Using SPARSE 1.3 as Direct Linear Solver
 Reference value :  1.00000e-02
No. of Data Rows : 551
Doing analysis at TEMP = -40.000000 and TNOM = 27.000000

Using SPARSE 1.3 as Direct Linear Solver
 Reference value :  1.00000e-02
No. of Data Rows : 551
dcg                 =  1.46946e+02
f0                  =  2.18707e+05
phx                 =  -1.05774e+02
 meas ac f180 when tph=-1.800000e+02 fall=1 failed!

 meas ac gmx find tdb when tph=-1.800000e+02 fall=1 failed!

f0r                 =  4.18319e+05
tres                =  1.23007e+01 at=  5.24807e+05
ROW iload_a=0.0001 ceff_f=3.3e-07 esr_ohm=0.05 vout_v=1.79948 dcgain_db=146.946 f0_hz=218707 phase_at_f0_deg=-105.774 f180_hz= gain_at_f180_db= f0_rising_hz=418319 resurgence_db=12.3007
Doing analysis at TEMP = -40.000000 and TNOM = 27.000000

Using SPARSE 1.3 as Direct Linear Solver
 Reference value :  0.00000e+00
No. of Data Rows : 1
Doing analysis at TEMP = -40.000000 and TNOM = 27.000000

Using SPARSE 1.3 as Direct Linear Solver
 Reference value :  1.00000e-02
No. of Data Rows : 551
Doing analysis at TEMP = -40.000000 and TNOM = 27.000000

Using SPARSE 1.3 as Direct Linear Solver
 Reference value :  1.00000e-02
No. of Data Rows : 551
dcg                 =  1.46946e+02
f0                  =  2.20042e+05
phx                 =  -1.01982e+02
 meas ac f180 when tph=-1.800000e+02 fall=1 failed!

 meas ac gmx find tdb when tph=-1.800000e+02 fall=1 failed!

f0r                 =  4.14835e+05
tres                =  1.25114e+01 at=  5.24807e+05
ROW iload_a=0.0001 ceff_f=3.3e-07 esr_ohm=0.2 vout_v=1.79948 dcgain_db=146.946 f0_hz=220042 phase_at_f0_deg=-101.981 f180_hz= gain_at_f180_db= f0_rising_hz=414835 resurgence_db=12.5114
Doing analysis at TEMP = -40.000000 and TNOM = 27.000000

Using SPARSE 1.3 as Direct Linear Solver
 Reference value :  0.00000e+00
No. of Data Rows : 1
Doing analysis at TEMP = -40.000000 and TNOM = 27.000000

Using SPARSE 1.3 as Direct Linear Solver
 Reference value :  1.00000e-02
No. of Data Rows : 551
Doing analysis at TEMP = -40.000000 and TNOM = 27.000000

Using SPARSE 1.3 as Direct Linear Solver
 Reference value :  1.00000e-02
No. of Data Rows : 551
dcg                 =  1.46946e+02
f0                  =  2.27884e+05
phx                 =  -9.46137e+01
 meas ac f180 when tph=-1.800000e+02 fall=1 failed!

 meas ac gmx find tdb when tph=-1.800000e+02 fall=1 failed!

f0r                 =  3.96382e+05
tres                =  1.34675e+01 at=  5.24807e+05
ROW iload_a=0.0001 ceff_f=3.3e-07 esr_ohm=0.5 vout_v=1.79948 dcgain_db=146.946 f0_hz=227884 phase_at_f0_deg=-94.6137 f180_hz= gain_at_f180_db= f0_rising_hz=396382 resurgence_db=13.4675
Doing analysis at TEMP = -40.000000 and TNOM = 27.000000

Using SPARSE 1.3 as Direct Linear Solver
 Reference value :  0.00000e+00
No. of Data Rows : 1
Doing analysis at TEMP = -40.000000 and TNOM = 27.000000

Using SPARSE 1.3 as Direct Linear Solver
 Reference value :  1.00000e-02
No. of Data Rows : 551
Doing analysis at TEMP = -40.000000 and TNOM = 27.000000

Using SPARSE 1.3 as Direct Linear Solver
 Reference value :  1.00000e-02
No. of Data Rows : 551
dcg                 =  1.46946e+02
f0                  =  5.79147e+04
phx                 =  -8.96546e+01
 meas ac f180 when tph=-1.800000e+02 fall=1 failed!

 meas ac gmx find tdb when tph=-1.800000e+02 fall=1 failed!

f0r                 =  5.12273e+05
tres                =  2.64850e+00 at=  5.24807e+05
ROW iload_a=0.0001 ceff_f=1e-06 esr_ohm=0.001 vout_v=1.79948 dcgain_db=146.946 f0_hz=57914.7 phase_at_f0_deg=-89.6546 f180_hz= gain_at_f180_db= f0_rising_hz=512273 resurgence_db=2.6485
Doing analysis at TEMP = -40.000000 and TNOM = 27.000000

Using SPARSE 1.3 as Direct Linear Solver
 Reference value :  0.00000e+00
No. of Data Rows : 1
Doing analysis at TEMP = -40.000000 and TNOM = 27.000000

Using SPARSE 1.3 as Direct Linear Solver
 Reference value :  1.00000e-02
No. of Data Rows : 551
Doing analysis at TEMP = -40.000000 and TNOM = 27.000000

Using SPARSE 1.3 as Direct Linear Solver
 Reference value :  1.00000e-02
No. of Data Rows : 551
dcg                 =  1.46946e+02
f0                  =  5.79263e+04
phx                 =  -8.86340e+01
 meas ac f180 when tph=-1.800000e+02 fall=1 failed!

 meas ac gmx find tdb when tph=-1.800000e+02 fall=1 failed!

f0r                 =  5.11451e+05
tres                =  2.83426e+00 at=  5.24807e+05
ROW iload_a=0.0001 ceff_f=1e-06 esr_ohm=0.05 vout_v=1.79948 dcgain_db=146.946 f0_hz=57926.3 phase_at_f0_deg=-88.634 f180_hz= gain_at_f180_db= f0_rising_hz=511451 resurgence_db=2.83426
Doing analysis at TEMP = -40.000000 and TNOM = 27.000000

Using SPARSE 1.3 as Direct Linear Solver
 Reference value :  0.00000e+00
No. of Data Rows : 1
Doing analysis at TEMP = -40.000000 and TNOM = 27.000000

Using SPARSE 1.3 as Direct Linear Solver
 Reference value :  1.00000e-02
No. of Data Rows : 551
Doing analysis at TEMP = -40.000000 and TNOM = 27.000000

Using SPARSE 1.3 as Direct Linear Solver
 Reference value :  1.00000e-02
No. of Data Rows : 551
dcg                 =  1.46946e+02
f0                  =  5.81016e+04
phx                 =  -8.55173e+01
 meas ac f180 when tph=-1.800000e+02 fall=1 failed!

 meas ac gmx find tdb when tph=-1.800000e+02 fall=1 failed!

f0r                 =  5.04512e+05
tres                =  4.41332e+00 at=  5.24807e+05
ROW iload_a=0.0001 ceff_f=1e-06 esr_ohm=0.2 vout_v=1.79948 dcgain_db=146.946 f0_hz=58101.6 phase_at_f0_deg=-85.5173 f180_hz= gain_at_f180_db= f0_rising_hz=504512 resurgence_db=4.41332
Doing analysis at TEMP = -40.000000 and TNOM = 27.000000

Using SPARSE 1.3 as Direct Linear Solver
 Reference value :  0.00000e+00
No. of Data Rows : 1
Doing analysis at TEMP = -40.000000 and TNOM = 27.000000

Using SPARSE 1.3 as Direct Linear Solver
 Reference value :  1.00000e-02
No. of Data Rows : 551
Doing analysis at TEMP = -40.000000 and TNOM = 27.000000

Using SPARSE 1.3 as Direct Linear Solver
 Reference value :  1.00000e-02
No. of Data Rows : 551
dcg                 =  1.46946e+02
f0                  =  5.91076e+04
phx                 =  -7.92683e+01
 meas ac f180 when tph=-1.800000e+02 fall=1 failed!

 meas ac gmx find tdb when tph=-1.800000e+02 fall=1 failed!

f0r                 =  4.80501e+05
tres                =  8.53839e+00 at=  5.24807e+05
ROW iload_a=0.0001 ceff_f=1e-06 esr_ohm=0.5 vout_v=1.79948 dcgain_db=146.946 f0_hz=59107.6 phase_at_f0_deg=-79.2683 f180_hz= gain_at_f180_db= f0_rising_hz=480501 resurgence_db=8.53839
Doing analysis at TEMP = -40.000000 and TNOM = 27.000000

Using SPARSE 1.3 as Direct Linear Solver
 Reference value :  0.00000e+00
No. of Data Rows : 1
Doing analysis at TEMP = -40.000000 and TNOM = 27.000000

Using SPARSE 1.3 as Direct Linear Solver
 Reference value :  1.00000e-02
No. of Data Rows : 551
Doing analysis at TEMP = -40.000000 and TNOM = 27.000000

Using SPARSE 1.3 as Direct Linear Solver
 Reference value :  1.00000e-02
No. of Data Rows : 551
dcg                 =  1.46946e+02
f0                  =  1.04316e+04
phx                 =  -1.05273e+02
 meas ac f180 when tph=-1.800000e+02 fall=1 failed!

 meas ac gmx find tdb when tph=-1.800000e+02 fall=1 failed!

 meas ac f0r when tdb=0 rise=1 failed!

tres                =  -4.60497e-01 at=  1.09648e+04
ROW iload_a=0.0001 ceff_f=4.7e-06 esr_ohm=0.001 vout_v=1.79948 dcgain_db=146.946 f0_hz=10431.6 phase_at_f0_deg=-105.273 f180_hz= gain_at_f180_db= f0_rising_hz= resurgence_db=-0.460497
Doing analysis at TEMP = -40.000000 and TNOM = 27.000000

Using SPARSE 1.3 as Direct Linear Solver
 Reference value :  0.00000e+00
No. of Data Rows : 1
Doing analysis at TEMP = -40.000000 and TNOM = 27.000000

Using SPARSE 1.3 as Direct Linear Solver
 Reference value :  1.00000e-02
No. of Data Rows : 551
Doing analysis at TEMP = -40.000000 and TNOM = 27.000000

Using SPARSE 1.3 as Direct Linear Solver
 Reference value :  1.00000e-02
No. of Data Rows : 551
dcg                 =  1.46946e+02
f0                  =  1.04327e+04
phx                 =  -1.04406e+02
 meas ac f180 when tph=-1.800000e+02 fall=1 failed!

 meas ac gmx find tdb when tph=-1.800000e+02 fall=1 failed!

 meas ac f0r when tdb=0 rise=1 failed!

tres                =  -4.59377e-01 at=  1.09648e+04
ROW iload_a=0.0001 ceff_f=4.7e-06 esr_ohm=0.05 vout_v=1.79948 dcgain_db=146.946 f0_hz=10432.7 phase_at_f0_deg=-104.406 f180_hz= gain_at_f180_db= f0_rising_hz= resurgence_db=-0.459377
Doing analysis at TEMP = -40.000000 and TNOM = 27.000000

Using SPARSE 1.3 as Direct Linear Solver
 Reference value :  0.00000e+00
No. of Data Rows : 1
Doing analysis at TEMP = -40.000000 and TNOM = 27.000000

Using SPARSE 1.3 as Direct Linear Solver
 Reference value :  1.00000e-02
No. of Data Rows : 551
Doing analysis at TEMP = -40.000000 and TNOM = 27.000000

Using SPARSE 1.3 as Direct Linear Solver
 Reference value :  1.00000e-02
No. of Data Rows : 551
dcg                 =  1.46946e+02
f0                  =  1.04496e+04
phx                 =  -1.01722e+02
 meas ac f180 when tph=-1.800000e+02 fall=1 failed!

 meas ac gmx find tdb when tph=-1.800000e+02 fall=1 failed!

f0r                 =  5.24621e+05
tres                =  4.26068e-02 at=  5.24807e+05
ROW iload_a=0.0001 ceff_f=4.7e-06 esr_ohm=0.2 vout_v=1.79948 dcgain_db=146.946 f0_hz=10449.6 phase_at_f0_deg=-101.721 f180_hz= gain_at_f180_db= f0_rising_hz=524621 resurgence_db=0.0426068
Doing analysis at TEMP = -40.000000 and TNOM = 27.000000

Using SPARSE 1.3 as Direct Linear Solver
 Reference value :  0.00000e+00
No. of Data Rows : 1
Doing analysis at TEMP = -40.000000 and TNOM = 27.000000

Using SPARSE 1.3 as Direct Linear Solver
 Reference value :  1.00000e-02
No. of Data Rows : 551
Doing analysis at TEMP = -40.000000 and TNOM = 27.000000

Using SPARSE 1.3 as Direct Linear Solver
 Reference value :  1.00000e-02
No. of Data Rows : 551
dcg                 =  1.46946e+02
f0                  =  1.05502e+04
phx                 =  -9.62023e+01
 meas ac f180 when tph=-1.800000e+02 fall=1 failed!

 meas ac gmx find tdb when tph=-1.800000e+02 fall=1 failed!

f0r                 =  4.89377e+05
tres                =  7.31204e+00 at=  5.24807e+05
ROW iload_a=0.0001 ceff_f=4.7e-06 esr_ohm=0.5 vout_v=1.79948 dcgain_db=146.946 f0_hz=10550.2 phase_at_f0_deg=-96.2023 f180_hz= gain_at_f180_db= f0_rising_hz=489377 resurgence_db=7.31204
Doing analysis at TEMP = -40.000000 and TNOM = 27.000000

Using SPARSE 1.3 as Direct Linear Solver
 Reference value :  0.00000e+00
No. of Data Rows : 1
Doing analysis at TEMP = -40.000000 and TNOM = 27.000000

Using SPARSE 1.3 as Direct Linear Solver
 Reference value :  1.00000e-02
No. of Data Rows : 551
Doing analysis at TEMP = -40.000000 and TNOM = 27.000000

Using SPARSE 1.3 as Direct Linear Solver
 Reference value :  1.00000e-02
No. of Data Rows : 551
dcg                 =  1.46960e+02
f0                  =  7.65276e+05
phx                 =  2.48242e+01
 meas ac f180 when tph=-1.800000e+02 fall=1 failed!

 meas ac gmx find tdb when tph=-1.800000e+02 fall=1 failed!

 meas ac f0r when tdb=0 rise=1 failed!

tres                =  -3.75994e+00 at=  8.31764e+05
ROW iload_a=0.001 ceff_f=3.3e-07 esr_ohm=0.001 vout_v=1.79948 dcgain_db=146.96 f0_hz=765276 phase_at_f0_deg=24.8242 f180_hz= gain_at_f180_db= f0_rising_hz= resurgence_db=-3.75994
Doing analysis at TEMP = -40.000000 and TNOM = 27.000000

Using SPARSE 1.3 as Direct Linear Solver
 Reference value :  0.00000e+00
No. of Data Rows : 1
Doing analysis at TEMP = -40.000000 and TNOM = 27.000000

Using SPARSE 1.3 as Direct Linear Solver
 Reference value :  1.00000e-02
No. of Data Rows : 551
Doing analysis at TEMP = -40.000000 and TNOM = 27.000000

Using SPARSE 1.3 as Direct Linear Solver
 Reference value :  1.00000e-02
No. of Data Rows : 551
dcg                 =  1.46960e+02
f0                  =  7.65801e+05
phx                 =  2.92561e+01
 meas ac f180 when tph=-1.800000e+02 fall=1 failed!

 meas ac gmx find tdb when tph=-1.800000e+02 fall=1 failed!

 meas ac f0r when tdb=0 rise=1 failed!

tres                =  -3.72184e+00 at=  8.31764e+05
ROW iload_a=0.001 ceff_f=3.3e-07 esr_ohm=0.05 vout_v=1.79948 dcgain_db=146.96 f0_hz=765801 phase_at_f0_deg=29.2561 f180_hz= gain_at_f180_db= f0_rising_hz= resurgence_db=-3.72184
Doing analysis at TEMP = -40.000000 and TNOM = 27.000000

Using SPARSE 1.3 as Direct Linear Solver
 Reference value :  0.00000e+00
No. of Data Rows : 1
Doing analysis at TEMP = -40.000000 and TNOM = 27.000000

Using SPARSE 1.3 as Direct Linear Solver
 Reference value :  1.00000e-02
No. of Data Rows : 551
Doing analysis at TEMP = -40.000000 and TNOM = 27.000000

Using SPARSE 1.3 as Direct Linear Solver
 Reference value :  1.00000e-02
No. of Data Rows : 551
dcg                 =  1.46960e+02
f0                  =  7.72682e+05
phx                 =  4.22559e+01
 meas ac f180 when tph=-1.800000e+02 fall=1 failed!

 meas ac gmx find tdb when tph=-1.800000e+02 fall=1 failed!

 meas ac f0r when tdb=0 rise=1 failed!

tres                =  -3.24978e+00 at=  8.31764e+05
ROW iload_a=0.001 ceff_f=3.3e-07 esr_ohm=0.2 vout_v=1.79948 dcgain_db=146.96 f0_hz=772682 phase_at_f0_deg=42.2559 f180_hz= gain_at_f180_db= f0_rising_hz= resurgence_db=-3.24978
Doing analysis at TEMP = -40.000000 and TNOM = 27.000000

Using SPARSE 1.3 as Direct Linear Solver
 Reference value :  0.00000e+00
No. of Data Rows : 1
Doing analysis at TEMP = -40.000000 and TNOM = 27.000000

Using SPARSE 1.3 as Direct Linear Solver
 Reference value :  1.00000e-02
No. of Data Rows : 551
Doing analysis at TEMP = -40.000000 and TNOM = 27.000000

Using SPARSE 1.3 as Direct Linear Solver
 Reference value :  1.00000e-02
No. of Data Rows : 551
dcg                 =  1.46960e+02
f0                  =  8.05386e+05
phx                 =  6.32528e+01
 meas ac f180 when tph=-1.800000e+02 fall=1 failed!

 meas ac gmx find tdb when tph=-1.800000e+02 fall=1 failed!

 meas ac f0r when tdb=0 rise=1 failed!

tres                =  -3.09556e+00 at=  8.70964e+05
ROW iload_a=0.001 ceff_f=3.3e-07 esr_ohm=0.5 vout_v=1.79948 dcgain_db=146.96 f0_hz=805386 phase_at_f0_deg=63.2528 f180_hz= gain_at_f180_db= f0_rising_hz= resurgence_db=-3.09556
Doing analysis at TEMP = -40.000000 and TNOM = 27.000000

Using SPARSE 1.3 as Direct Linear Solver
 Reference value :  0.00000e+00
No. of Data Rows : 1
Doing analysis at TEMP = -40.000000 and TNOM = 27.000000

Using SPARSE 1.3 as Direct Linear Solver
 Reference value :  1.00000e-02
No. of Data Rows : 551
Doing analysis at TEMP = -40.000000 and TNOM = 27.000000

Using SPARSE 1.3 as Direct Linear Solver
 Reference value :  1.00000e-02
No. of Data Rows : 551
dcg                 =  1.46960e+02
f0                  =  6.40201e+05
phx                 =  2.62882e+01
 meas ac f180 when tph=-1.800000e+02 fall=1 failed!

 meas ac gmx find tdb when tph=-1.800000e+02 fall=1 failed!

 meas ac f0r when tdb=0 rise=1 failed!

tres                =  -4.60599e+00 at=  6.91831e+05
ROW iload_a=0.001 ceff_f=1e-06 esr_ohm=0.001 vout_v=1.79948 dcgain_db=146.96 f0_hz=640202 phase_at_f0_deg=26.2882 f180_hz= gain_at_f180_db= f0_rising_hz= resurgence_db=-4.60599
Doing analysis at TEMP = -40.000000 and TNOM = 27.000000

Using SPARSE 1.3 as Direct Linear Solver
 Reference value :  0.00000e+00
No. of Data Rows : 1
Doing analysis at TEMP = -40.000000 and TNOM = 27.000000

Using SPARSE 1.3 as Direct Linear Solver
 Reference value :  1.00000e-02
No. of Data Rows : 551
Doing analysis at TEMP = -40.000000 and TNOM = 27.000000

Using SPARSE 1.3 as Direct Linear Solver
 Reference value :  1.00000e-02
No. of Data Rows : 551
dcg                 =  1.46960e+02
f0                  =  6.42184e+05
phx                 =  3.74967e+01
 meas ac f180 when tph=-1.800000e+02 fall=1 failed!

 meas ac gmx find tdb when tph=-1.800000e+02 fall=1 failed!

 meas ac f0r when tdb=0 rise=1 failed!

tres                =  -4.37730e+00 at=  6.91831e+05
ROW iload_a=0.001 ceff_f=1e-06 esr_ohm=0.05 vout_v=1.79948 dcgain_db=146.96 f0_hz=642184 phase_at_f0_deg=37.4967 f180_hz= gain_at_f180_db= f0_rising_hz= resurgence_db=-4.3773
Doing analysis at TEMP = -40.000000 and TNOM = 27.000000

Using SPARSE 1.3 as Direct Linear Solver
 Reference value :  0.00000e+00
No. of Data Rows : 1
Doing analysis at TEMP = -40.000000 and TNOM = 27.000000

Using SPARSE 1.3 as Direct Linear Solver
 Reference value :  1.00000e-02
No. of Data Rows : 551
Doing analysis at TEMP = -40.000000 and TNOM = 27.000000

Using SPARSE 1.3 as Direct Linear Solver
 Reference value :  1.00000e-02
No. of Data Rows : 551
dcg                 =  1.46960e+02
f0                  =  6.64956e+05
phx                 =  6.62247e+01
 meas ac f180 when tph=-1.800000e+02 fall=1 failed!

 meas ac gmx find tdb when tph=-1.800000e+02 fall=1 failed!

 meas ac f0r when tdb=0 rise=1 failed!

tres                =  -4.29545e+00 at=  7.24436e+05
ROW iload_a=0.001 ceff_f=1e-06 esr_ohm=0.2 vout_v=1.79948 dcgain_db=146.96 f0_hz=664956 phase_at_f0_deg=66.2247 f180_hz= gain_at_f180_db= f0_rising_hz= resurgence_db=-4.29545
Doing analysis at TEMP = -40.000000 and TNOM = 27.000000

Using SPARSE 1.3 as Direct Linear Solver
 Reference value :  0.00000e+00
No. of Data Rows : 1
Doing analysis at TEMP = -40.000000 and TNOM = 27.000000

Using SPARSE 1.3 as Direct Linear Solver
 Reference value :  1.00000e-02
No. of Data Rows : 551
Doing analysis at TEMP = -40.000000 and TNOM = 27.000000

Using SPARSE 1.3 as Direct Linear Solver
 Reference value :  1.00000e-02
No. of Data Rows : 551
dcg                 =  1.46960e+02
f0                  =  7.41920e+05
phx                 =  9.18062e+01
 meas ac f180 when tph=-1.800000e+02 fall=1 failed!

 meas ac gmx find tdb when tph=-1.800000e+02 fall=1 failed!

 meas ac f0r when tdb=0 rise=1 failed!

tres                =  -2.69398e+00 at=  7.94328e+05
ROW iload_a=0.001 ceff_f=1e-06 esr_ohm=0.5 vout_v=1.79948 dcgain_db=146.96 f0_hz=741920 phase_at_f0_deg=91.8062 f180_hz= gain_at_f180_db= f0_rising_hz= resurgence_db=-2.69399
Doing analysis at TEMP = -40.000000 and TNOM = 27.000000

Using SPARSE 1.3 as Direct Linear Solver
 Reference value :  0.00000e+00
No. of Data Rows : 1
Doing analysis at TEMP = -40.000000 and TNOM = 27.000000

Using SPARSE 1.3 as Direct Linear Solver
 Reference value :  1.00000e-02
No. of Data Rows : 551
Doing analysis at TEMP = -40.000000 and TNOM = 27.000000

Using SPARSE 1.3 as Direct Linear Solver
 Reference value :  1.00000e-02
No. of Data Rows : 551
dcg                 =  1.46960e+02
f0                  =  9.45153e+04
phx                 =  -9.36562e+01
 meas ac f180 when tph=-1.800000e+02 fall=1 failed!

 meas ac gmx find tdb when tph=-1.800000e+02 fall=1 failed!

f0r                 =  4.87007e+05
tres                =  4.52282e+00 at=  5.24807e+05
ROW iload_a=0.001 ceff_f=4.7e-06 esr_ohm=0.001 vout_v=1.79948 dcgain_db=146.96 f0_hz=94515.3 phase_at_f0_deg=-93.6561 f180_hz= gain_at_f180_db= f0_rising_hz=487007 resurgence_db=4.52282
Doing analysis at TEMP = -40.000000 and TNOM = 27.000000

Using SPARSE 1.3 as Direct Linear Solver
 Reference value :  0.00000e+00
No. of Data Rows : 1
Doing analysis at TEMP = -40.000000 and TNOM = 27.000000

Using SPARSE 1.3 as Direct Linear Solver
 Reference value :  1.00000e-02
No. of Data Rows : 551
Doing analysis at TEMP = -40.000000 and TNOM = 27.000000

Using SPARSE 1.3 as Direct Linear Solver
 Reference value :  1.00000e-02
No. of Data Rows : 551
dcg                 =  1.46960e+02
f0                  =  9.55814e+04
phx                 =  -8.59133e+01
 meas ac f180 when tph=-1.800000e+02 fall=1 failed!

 meas ac gmx find tdb when tph=-1.800000e+02 fall=1 failed!

f0r                 =  4.72546e+05
tres                =  6.69635e+00 at=  5.24807e+05
ROW iload_a=0.001 ceff_f=4.7e-06 esr_ohm=0.05 vout_v=1.79948 dcgain_db=146.96 f0_hz=95581.4 phase_at_f0_deg=-85.9133 f180_hz= gain_at_f180_db= f0_rising_hz=472546 resurgence_db=6.69635
Doing analysis at TEMP = -40.000000 and TNOM = 27.000000

Using SPARSE 1.3 as Direct Linear Solver
 Reference value :  0.00000e+00
No. of Data Rows : 1
Doing analysis at TEMP = -40.000000 and TNOM = 27.000000

Using SPARSE 1.3 as Direct Linear Solver
 Reference value :  1.00000e-02
No. of Data Rows : 551
Doing analysis at TEMP = -40.000000 and TNOM = 27.000000

Using SPARSE 1.3 as Direct Linear Solver
 Reference value :  1.00000e-02
No. of Data Rows : 551
dcg                 =  1.46960e+02
f0                  =  1.19217e+05
phx                 =  -6.16011e+01
 meas ac f180 when tph=-1.800000e+02 fall=1 failed!

 meas ac gmx find tdb when tph=-1.800000e+02 fall=1 failed!

f0r                 =  3.50230e+05
tres                =  1.48461e+01 at=  5.24807e+05
ROW iload_a=0.001 ceff_f=4.7e-06 esr_ohm=0.2 vout_v=1.79948 dcgain_db=146.96 f0_hz=119217 phase_at_f0_deg=-61.6011 f180_hz= gain_at_f180_db= f0_rising_hz=350230 resurgence_db=14.8461
Doing analysis at TEMP = -40.000000 and TNOM = 27.000000

Using SPARSE 1.3 as Direct Linear Solver
 Reference value :  0.00000e+00
No. of Data Rows : 1
Doing analysis at TEMP = -40.000000 and TNOM = 27.000000

Using SPARSE 1.3 as Direct Linear Solver
 Reference value :  1.00000e-02
No. of Data Rows : 551
Doing analysis at TEMP = -40.000000 and TNOM = 27.000000

Using SPARSE 1.3 as Direct Linear Solver
 Reference value :  1.00000e-02
No. of Data Rows : 551
dcg                 =  1.46960e+02
f0                  =  7.29166e+05
phx                 =  1.09878e+02
 meas ac f180 when tph=-1.800000e+02 fall=1 failed!

 meas ac gmx find tdb when tph=-1.800000e+02 fall=1 failed!

 meas ac f0r when tdb=0 rise=1 failed!

tres                =  -3.29430e+00 at=  7.94328e+05
ROW iload_a=0.001 ceff_f=4.7e-06 esr_ohm=0.5 vout_v=1.79948 dcgain_db=146.96 f0_hz=729166 phase_at_f0_deg=109.878 f180_hz= gain_at_f180_db= f0_rising_hz= resurgence_db=-3.2943
Doing analysis at TEMP = -40.000000 and TNOM = 27.000000

Using SPARSE 1.3 as Direct Linear Solver
 Reference value :  0.00000e+00
No. of Data Rows : 1
Doing analysis at TEMP = -40.000000 and TNOM = 27.000000

Using SPARSE 1.3 as Direct Linear Solver
 Reference value :  1.00000e-02
No. of Data Rows : 551
Doing analysis at TEMP = -40.000000 and TNOM = 27.000000

Using SPARSE 1.3 as Direct Linear Solver
 Reference value :  1.00000e-02
No. of Data Rows : 551
dcg                 =  1.44479e+02
f0                  =  1.00477e+06
phx                 =  1.60364e+01
 meas ac f180 when tph=-1.800000e+02 fall=1 failed!

 meas ac gmx find tdb when tph=-1.800000e+02 fall=1 failed!

 meas ac f0r when tdb=0 rise=1 failed!

tres                =  -3.39367e+00 at=  1.09648e+06
ROW iload_a=0.01 ceff_f=3.3e-07 esr_ohm=0.001 vout_v=1.79948 dcgain_db=144.479 f0_hz=1.00477E+06 phase_at_f0_deg=16.0364 f180_hz= gain_at_f180_db= f0_rising_hz= resurgence_db=-3.39367
Doing analysis at TEMP = -40.000000 and TNOM = 27.000000

Using SPARSE 1.3 as Direct Linear Solver
 Reference value :  0.00000e+00
No. of Data Rows : 1
Doing analysis at TEMP = -40.000000 and TNOM = 27.000000

Using SPARSE 1.3 as Direct Linear Solver
 Reference value :  1.00000e-02
No. of Data Rows : 551
Doing analysis at TEMP = -40.000000 and TNOM = 27.000000

Using SPARSE 1.3 as Direct Linear Solver
 Reference value :  1.00000e-02
No. of Data Rows : 551
dcg                 =  1.44479e+02
f0                  =  1.00599e+06
phx                 =  2.18282e+01
 meas ac f180 when tph=-1.800000e+02 fall=1 failed!

 meas ac gmx find tdb when tph=-1.800000e+02 fall=1 failed!

 meas ac f0r when tdb=0 rise=1 failed!

tres                =  -3.33658e+00 at=  1.09648e+06
ROW iload_a=0.01 ceff_f=3.3e-07 esr_ohm=0.05 vout_v=1.79948 dcgain_db=144.479 f0_hz=1.00599E+06 phase_at_f0_deg=21.8282 f180_hz= gain_at_f180_db= f0_rising_hz= resurgence_db=-3.33658
Doing analysis at TEMP = -40.000000 and TNOM = 27.000000

Using SPARSE 1.3 as Direct Linear Solver
 Reference value :  0.00000e+00
No. of Data Rows : 1
Doing analysis at TEMP = -40.000000 and TNOM = 27.000000

Using SPARSE 1.3 as Direct Linear Solver
 Reference value :  1.00000e-02
No. of Data Rows : 551
Doing analysis at TEMP = -40.000000 and TNOM = 27.000000

Using SPARSE 1.3 as Direct Linear Solver
 Reference value :  1.00000e-02
No. of Data Rows : 551
dcg                 =  1.44479e+02
f0                  =  1.02358e+06
phx                 =  3.82936e+01
 meas ac f180 when tph=-1.800000e+02 fall=1 failed!

 meas ac gmx find tdb when tph=-1.800000e+02 fall=1 failed!

 meas ac f0r when tdb=0 rise=1 failed!

tres                =  -2.57444e+00 at=  1.09648e+06
ROW iload_a=0.01 ceff_f=3.3e-07 esr_ohm=0.2 vout_v=1.79948 dcgain_db=144.479 f0_hz=1.02358E+06 phase_at_f0_deg=38.2936 f180_hz= gain_at_f180_db= f0_rising_hz= resurgence_db=-2.57444
Doing analysis at TEMP = -40.000000 and TNOM = 27.000000

Using SPARSE 1.3 as Direct Linear Solver
 Reference value :  0.00000e+00
No. of Data Rows : 1
Doing analysis at TEMP = -40.000000 and TNOM = 27.000000

Using SPARSE 1.3 as Direct Linear Solver
 Reference value :  1.00000e-02
No. of Data Rows : 551
Doing analysis at TEMP = -40.000000 and TNOM = 27.000000

Using SPARSE 1.3 as Direct Linear Solver
 Reference value :  1.00000e-02
No. of Data Rows : 551
dcg                 =  1.44479e+02
f0                  =  1.10312e+06
phx                 =  6.16152e+01
 meas ac f180 when tph=-1.800000e+02 fall=1 failed!

 meas ac gmx find tdb when tph=-1.800000e+02 fall=1 failed!

 meas ac f0r when tdb=0 rise=1 failed!

tres                =  -2.83150e+00 at=  1.20226e+06
ROW iload_a=0.01 ceff_f=3.3e-07 esr_ohm=0.5 vout_v=1.79948 dcgain_db=144.479 f0_hz=1.10312E+06 phase_at_f0_deg=61.6153 f180_hz= gain_at_f180_db= f0_rising_hz= resurgence_db=-2.8315
Doing analysis at TEMP = -40.000000 and TNOM = 27.000000

Using SPARSE 1.3 as Direct Linear Solver
 Reference value :  0.00000e+00
No. of Data Rows : 1
Doing analysis at TEMP = -40.000000 and TNOM = 27.000000

Using SPARSE 1.3 as Direct Linear Solver
 Reference value :  1.00000e-02
No. of Data Rows : 551
Doing analysis at TEMP = -40.000000 and TNOM = 27.000000

Using SPARSE 1.3 as Direct Linear Solver
 Reference value :  1.00000e-02
No. of Data Rows : 551
dcg                 =  1.44479e+02
f0                  =  7.96156e+05
phx                 =  2.26187e+01
 meas ac f180 when tph=-1.800000e+02 fall=1 failed!

 meas ac gmx find tdb when tph=-1.800000e+02 fall=1 failed!

 meas ac f0r when tdb=0 rise=1 failed!

tres                =  -3.86532e+00 at=  8.70964e+05
ROW iload_a=0.01 ceff_f=1e-06 esr_ohm=0.001 vout_v=1.79948 dcgain_db=144.479 f0_hz=796156 phase_at_f0_deg=22.6187 f180_hz= gain_at_f180_db= f0_rising_hz= resurgence_db=-3.86532
Doing analysis at TEMP = -40.000000 and TNOM = 27.000000

Using SPARSE 1.3 as Direct Linear Solver
 Reference value :  0.00000e+00
No. of Data Rows : 1
Doing analysis at TEMP = -40.000000 and TNOM = 27.000000

Using SPARSE 1.3 as Direct Linear Solver
 Reference value :  1.00000e-02
No. of Data Rows : 551
Doing analysis at TEMP = -40.000000 and TNOM = 27.000000

Using SPARSE 1.3 as Direct Linear Solver
 Reference value :  1.00000e-02
No. of Data Rows : 551
dcg                 =  1.44479e+02
f0                  =  8.01283e+05
phx                 =  3.62964e+01
 meas ac f180 when tph=-1.800000e+02 fall=1 failed!

 meas ac gmx find tdb when tph=-1.800000e+02 fall=1 failed!

 meas ac f0r when tdb=0 rise=1 failed!

tres                =  -3.53733e+00 at=  8.70964e+05
ROW iload_a=0.01 ceff_f=1e-06 esr_ohm=0.05 vout_v=1.79948 dcgain_db=144.479 f0_hz=801283 phase_at_f0_deg=36.2964 f180_hz= gain_at_f180_db= f0_rising_hz= resurgence_db=-3.53733
Doing analysis at TEMP = -40.000000 and TNOM = 27.000000

Using SPARSE 1.3 as Direct Linear Solver
 Reference value :  0.00000e+00
No. of Data Rows : 1
Doing analysis at TEMP = -40.000000 and TNOM = 27.000000

Using SPARSE 1.3 as Direct Linear Solver
 Reference value :  1.00000e-02
No. of Data Rows : 551
Doing analysis at TEMP = -40.000000 and TNOM = 27.000000

Using SPARSE 1.3 as Direct Linear Solver
 Reference value :  1.00000e-02
No. of Data Rows : 551
dcg                 =  1.44479e+02
f0                  =  8.61400e+05
phx                 =  6.74741e+01
 meas ac f180 when tph=-1.800000e+02 fall=1 failed!

 meas ac gmx find tdb when tph=-1.800000e+02 fall=1 failed!

 meas ac f0r when tdb=0 rise=1 failed!

tres                =  -2.09205e+00 at=  9.12011e+05
ROW iload_a=0.01 ceff_f=1e-06 esr_ohm=0.2 vout_v=1.79948 dcgain_db=144.479 f0_hz=861400 phase_at_f0_deg=67.4741 f180_hz= gain_at_f180_db= f0_rising_hz= resurgence_db=-2.09205
Doing analysis at TEMP = -40.000000 and TNOM = 27.000000

Using SPARSE 1.3 as Direct Linear Solver
 Reference value :  0.00000e+00
No. of Data Rows : 1
Doing analysis at TEMP = -40.000000 and TNOM = 27.000000

Using SPARSE 1.3 as Direct Linear Solver
 Reference value :  1.00000e-02
No. of Data Rows : 551
Doing analysis at TEMP = -40.000000 and TNOM = 27.000000

Using SPARSE 1.3 as Direct Linear Solver
 Reference value :  1.00000e-02
No. of Data Rows : 551
dcg                 =  1.44479e+02
f0                  =  1.03019e+06
phx                 =  8.75626e+01
 meas ac f180 when tph=-1.800000e+02 fall=1 failed!

 meas ac gmx find tdb when tph=-1.800000e+02 fall=1 failed!

 meas ac f0r when tdb=0 rise=1 failed!

tres                =  -1.91816e+00 at=  1.09648e+06
ROW iload_a=0.01 ceff_f=1e-06 esr_ohm=0.5 vout_v=1.79948 dcgain_db=144.479 f0_hz=1.03019E+06 phase_at_f0_deg=87.5626 f180_hz= gain_at_f180_db= f0_rising_hz= resurgence_db=-1.91816
Doing analysis at TEMP = -40.000000 and TNOM = 27.000000

Using SPARSE 1.3 as Direct Linear Solver
 Reference value :  0.00000e+00
No. of Data Rows : 1
Doing analysis at TEMP = -40.000000 and TNOM = 27.000000

Using SPARSE 1.3 as Direct Linear Solver
 Reference value :  1.00000e-02
No. of Data Rows : 551
Doing analysis at TEMP = -40.000000 and TNOM = 27.000000

Using SPARSE 1.3 as Direct Linear Solver
 Reference value :  1.00000e-02
No. of Data Rows : 551
dcg                 =  1.44479e+02
f0                  =  6.18594e+05
phx                 =  2.35363e+01
 meas ac f180 when tph=-1.800000e+02 fall=1 failed!

 meas ac gmx find tdb when tph=-1.800000e+02 fall=1 failed!

 meas ac f0r when tdb=0 rise=1 failed!

tres                =  -4.17736e+00 at=  6.60693e+05
ROW iload_a=0.01 ceff_f=4.7e-06 esr_ohm=0.001 vout_v=1.79948 dcgain_db=144.479 f0_hz=618594 phase_at_f0_deg=23.5363 f180_hz= gain_at_f180_db= f0_rising_hz= resurgence_db=-4.17736
Doing analysis at TEMP = -40.000000 and TNOM = 27.000000

Using SPARSE 1.3 as Direct Linear Solver
 Reference value :  0.00000e+00
No. of Data Rows : 1
Doing analysis at TEMP = -40.000000 and TNOM = 27.000000

Using SPARSE 1.3 as Direct Linear Solver
 Reference value :  1.00000e-02
No. of Data Rows : 551
Doing analysis at TEMP = -40.000000 and TNOM = 27.000000

Using SPARSE 1.3 as Direct Linear Solver
 Reference value :  1.00000e-02
No. of Data Rows : 551
dcg                 =  1.44479e+02
f0                  =  6.46864e+05
phx                 =  6.74907e+01
 meas ac f180 when tph=-1.800000e+02 fall=1 failed!

 meas ac gmx find tdb when tph=-1.800000e+02 fall=1 failed!

 meas ac f0r when tdb=0 rise=1 failed!

tres                =  -3.52319e+00 at=  6.91831e+05
ROW iload_a=0.01 ceff_f=4.7e-06 esr_ohm=0.05 vout_v=1.79948 dcgain_db=144.479 f0_hz=646864 phase_at_f0_deg=67.4907 f180_hz= gain_at_f180_db= f0_rising_hz= resurgence_db=-3.52319
Doing analysis at TEMP = -40.000000 and TNOM = 27.000000

Using SPARSE 1.3 as Direct Linear Solver
 Reference value :  0.00000e+00
No. of Data Rows : 1
Doing analysis at TEMP = -40.000000 and TNOM = 27.000000

Using SPARSE 1.3 as Direct Linear Solver
 Reference value :  1.00000e-02
No. of Data Rows : 551
Doing analysis at TEMP = -40.000000 and TNOM = 27.000000

Using SPARSE 1.3 as Direct Linear Solver
 Reference value :  1.00000e-02
No. of Data Rows : 551
dcg                 =  1.44479e+02
f0                  =  8.01666e+05
phx                 =  9.98511e+01
 meas ac f180 when tph=-1.800000e+02 fall=1 failed!

 meas ac gmx find tdb when tph=-1.800000e+02 fall=1 failed!

 meas ac f0r when tdb=0 rise=1 failed!

tres                =  -2.86248e+00 at=  8.70964e+05
ROW iload_a=0.01 ceff_f=4.7e-06 esr_ohm=0.2 vout_v=1.79948 dcgain_db=144.479 f0_hz=801666 phase_at_f0_deg=99.8511 f180_hz= gain_at_f180_db= f0_rising_hz= resurgence_db=-2.86248
Doing analysis at TEMP = -40.000000 and TNOM = 27.000000

Using SPARSE 1.3 as Direct Linear Solver
 Reference value :  0.00000e+00
No. of Data Rows : 1
Doing analysis at TEMP = -40.000000 and TNOM = 27.000000

Using SPARSE 1.3 as Direct Linear Solver
 Reference value :  1.00000e-02
No. of Data Rows : 551
Doing analysis at TEMP = -40.000000 and TNOM = 27.000000

Using SPARSE 1.3 as Direct Linear Solver
 Reference value :  1.00000e-02
No. of Data Rows : 551
dcg                 =  1.44479e+02
f0                  =  1.01768e+06
phx                 =  1.01192e+02
 meas ac f180 when tph=-1.800000e+02 fall=1 failed!

 meas ac gmx find tdb when tph=-1.800000e+02 fall=1 failed!

 meas ac f0r when tdb=0 rise=1 failed!

tres                =  -2.24566e+00 at=  1.09648e+06
ROW iload_a=0.01 ceff_f=4.7e-06 esr_ohm=0.5 vout_v=1.79948 dcgain_db=144.479 f0_hz=1.01768E+06 phase_at_f0_deg=101.192 f180_hz= gain_at_f180_db= f0_rising_hz= resurgence_db=-2.24566
Doing analysis at TEMP = -40.000000 and TNOM = 27.000000

Using SPARSE 1.3 as Direct Linear Solver

No. of Data Rows : 1
Doing analysis at TEMP = -40.000000 and TNOM = 27.000000

Using SPARSE 1.3 as Direct Linear Solver
 Reference value :  1.00000e-02
No. of Data Rows : 551
Doing analysis at TEMP = -40.000000 and TNOM = 27.000000

Using SPARSE 1.3 as Direct Linear Solver

No. of Data Rows : 551
dcg                 =  1.41835e+02
f0                  =  1.09096e+06
phx                 =  1.31158e+01
 meas ac f180 when tph=-1.800000e+02 fall=1 failed!

 meas ac gmx find tdb when tph=-1.800000e+02 fall=1 failed!

 meas ac f0r when tdb=0 rise=1 failed!

tres                =  -1.95642e+00 at=  1.14815e+06
ROW iload_a=0.025 ceff_f=3.3e-07 esr_ohm=0.001 vout_v=1.79948 dcgain_db=141.835 f0_hz=1.09096E+06 phase_at_f0_deg=13.1158 f180_hz= gain_at_f180_db= f0_rising_hz= resurgence_db=-1.95642
Doing analysis at TEMP = -40.000000 and TNOM = 27.000000

Using SPARSE 1.3 as Direct Linear Solver
 Reference value :  0.00000e+00
No. of Data Rows : 1
Doing analysis at TEMP = -40.000000 and TNOM = 27.000000

Using SPARSE 1.3 as Direct Linear Solver

No. of Data Rows : 551
Doing analysis at TEMP = -40.000000 and TNOM = 27.000000

Using SPARSE 1.3 as Direct Linear Solver
 Reference value :  1.00000e-02
No. of Data Rows : 551
dcg                 =  1.41835e+02
f0                  =  1.09242e+06
phx                 =  1.93963e+01
 meas ac f180 when tph=-1.800000e+02 fall=1 failed!

 meas ac gmx find tdb when tph=-1.800000e+02 fall=1 failed!

 meas ac f0r when tdb=0 rise=1 failed!

tres                =  -1.89729e+00 at=  1.14815e+06
ROW iload_a=0.025 ceff_f=3.3e-07 esr_ohm=0.05 vout_v=1.79948 dcgain_db=141.835 f0_hz=1.09242E+06 phase_at_f0_deg=19.3963 f180_hz= gain_at_f180_db= f0_rising_hz= resurgence_db=-1.89729
Doing analysis at TEMP = -40.000000 and TNOM = 27.000000

Using SPARSE 1.3 as Direct Linear Solver

No. of Data Rows : 1
Doing analysis at TEMP = -40.000000 and TNOM = 27.000000

Using SPARSE 1.3 as Direct Linear Solver
 Reference value :  1.00000e-02
No. of Data Rows : 551
Doing analysis at TEMP = -40.000000 and TNOM = 27.000000

Using SPARSE 1.3 as Direct Linear Solver

No. of Data Rows : 551
dcg                 =  1.41835e+02
f0                  =  1.11504e+06
phx                 =  3.70510e+01
 meas ac f180 when tph=-1.800000e+02 fall=1 failed!

 meas ac gmx find tdb when tph=-1.800000e+02 fall=1 failed!

 meas ac f0r when tdb=0 rise=1 failed!

tres                =  -2.74372e+00 at=  1.20226e+06
ROW iload_a=0.025 ceff_f=3.3e-07 esr_ohm=0.2 vout_v=1.79948 dcgain_db=141.835 f0_hz=1.11504E+06 phase_at_f0_deg=37.051 f180_hz= gain_at_f180_db= f0_rising_hz= resurgence_db=-2.74372
Doing analysis at TEMP = -40.000000 and TNOM = 27.000000

Using SPARSE 1.3 as Direct Linear Solver
 Reference value :  0.00000e+00
No. of Data Rows : 1
Doing analysis at TEMP = -40.000000 and TNOM = 27.000000

Using SPARSE 1.3 as Direct Linear Solver

No. of Data Rows : 551
Doing analysis at TEMP = -40.000000 and TNOM = 27.000000

Using SPARSE 1.3 as Direct Linear Solver
 Reference value :  1.00000e-02
No. of Data Rows : 551
dcg                 =  1.41835e+02
f0                  =  1.21496e+06
phx                 =  6.08779e+01
 meas ac f180 when tph=-1.800000e+02 fall=1 failed!

 meas ac gmx find tdb when tph=-1.800000e+02 fall=1 failed!

 meas ac f0r when tdb=0 rise=1 failed!

tres                =  -2.61443e+00 at=  1.31826e+06
ROW iload_a=0.025 ceff_f=3.3e-07 esr_ohm=0.5 vout_v=1.79948 dcgain_db=141.835 f0_hz=1.21496E+06 phase_at_f0_deg=60.8779 f180_hz= gain_at_f180_db= f0_rising_hz= resurgence_db=-2.61443
Doing analysis at TEMP = -40.000000 and TNOM = 27.000000

Using SPARSE 1.3 as Direct Linear Solver

No. of Data Rows : 1
Doing analysis at TEMP = -40.000000 and TNOM = 27.000000

Using SPARSE 1.3 as Direct Linear Solver
 Reference value :  1.00000e-02
No. of Data Rows : 551
Doing analysis at TEMP = -40.000000 and TNOM = 27.000000

Using SPARSE 1.3 as Direct Linear Solver

No. of Data Rows : 551
dcg                 =  1.41835e+02
f0                  =  8.57186e+05
phx                 =  2.02561e+01
 meas ac f180 when tph=-1.800000e+02 fall=1 failed!

 meas ac gmx find tdb when tph=-1.800000e+02 fall=1 failed!

 meas ac f0r when tdb=0 rise=1 failed!

tres                =  -2.57728e+00 at=  9.12011e+05
ROW iload_a=0.025 ceff_f=1e-06 esr_ohm=0.001 vout_v=1.79948 dcgain_db=141.835 f0_hz=857187 phase_at_f0_deg=20.2562 f180_hz= gain_at_f180_db= f0_rising_hz= resurgence_db=-2.57728
Doing analysis at TEMP = -40.000000 and TNOM = 27.000000

Using SPARSE 1.3 as Direct Linear Solver
 Reference value :  0.00000e+00
No. of Data Rows : 1
Doing analysis at TEMP = -40.000000 and TNOM = 27.000000

Using SPARSE 1.3 as Direct Linear Solver

No. of Data Rows : 551
Doing analysis at TEMP = -40.000000 and TNOM = 27.000000

Using SPARSE 1.3 as Direct Linear Solver
 Reference value :  1.00000e-02
No. of Data Rows : 551
dcg                 =  1.41835e+02
f0                  =  8.63518e+05
phx                 =  3.49173e+01
 meas ac f180 when tph=-1.800000e+02 fall=1 failed!

 meas ac gmx find tdb when tph=-1.800000e+02 fall=1 failed!

 meas ac f0r when tdb=0 rise=1 failed!

tres                =  -2.22601e+00 at=  9.12011e+05
ROW iload_a=0.025 ceff_f=1e-06 esr_ohm=0.05 vout_v=1.79948 dcgain_db=141.835 f0_hz=863518 phase_at_f0_deg=34.9173 f180_hz= gain_at_f180_db= f0_rising_hz= resurgence_db=-2.22601
Doing analysis at TEMP = -40.000000 and TNOM = 27.000000

Using SPARSE 1.3 as Direct Linear Solver

No. of Data Rows : 1
Doing analysis at TEMP = -40.000000 and TNOM = 27.000000

Using SPARSE 1.3 as Direct Linear Solver
 Reference value :  1.00000e-02
No. of Data Rows : 551
Doing analysis at TEMP = -40.000000 and TNOM = 27.000000

Using SPARSE 1.3 as Direct Linear Solver

No. of Data Rows : 551
dcg                 =  1.41835e+02
f0                  =  9.40454e+05
phx                 =  6.69772e+01
 meas ac f180 when tph=-1.800000e+02 fall=1 failed!

 meas ac gmx find tdb when tph=-1.800000e+02 fall=1 failed!

 meas ac f0r when tdb=0 rise=1 failed!

tres                =  -2.12331e+00 at=  1.00000e+06
ROW iload_a=0.025 ceff_f=1e-06 esr_ohm=0.2 vout_v=1.79948 dcgain_db=141.835 f0_hz=940454 phase_at_f0_deg=66.9772 f180_hz= gain_at_f180_db= f0_rising_hz= resurgence_db=-2.12331
Doing analysis at TEMP = -40.000000 and TNOM = 27.000000

Using SPARSE 1.3 as Direct Linear Solver
 Reference value :  0.00000e+00
No. of Data Rows : 1
Doing analysis at TEMP = -40.000000 and TNOM = 27.000000

Using SPARSE 1.3 as Direct Linear Solver

No. of Data Rows : 551
Doing analysis at TEMP = -40.000000 and TNOM = 27.000000

Using SPARSE 1.3 as Direct Linear Solver
 Reference value :  1.00000e-02
No. of Data Rows : 551
dcg                 =  1.41835e+02
f0                  =  1.14282e+06
phx                 =  8.54494e+01
 meas ac f180 when tph=-1.800000e+02 fall=1 failed!

 meas ac gmx find tdb when tph=-1.800000e+02 fall=1 failed!

 meas ac f0r when tdb=0 rise=1 failed!

tres                =  -1.51049e+00 at=  1.20226e+06
ROW iload_a=0.025 ceff_f=1e-06 esr_ohm=0.5 vout_v=1.79948 dcgain_db=141.835 f0_hz=1.14282E+06 phase_at_f0_deg=85.4494 f180_hz= gain_at_f180_db= f0_rising_hz= resurgence_db=-1.51049
Doing analysis at TEMP = -40.000000 and TNOM = 27.000000

Using SPARSE 1.3 as Direct Linear Solver

No. of Data Rows : 1
Doing analysis at TEMP = -40.000000 and TNOM = 27.000000

Using SPARSE 1.3 as Direct Linear Solver
 Reference value :  1.00000e-02
No. of Data Rows : 551
Doing analysis at TEMP = -40.000000 and TNOM = 27.000000

Using SPARSE 1.3 as Direct Linear Solver

No. of Data Rows : 551
dcg                 =  1.41835e+02
f0                  =  6.49079e+05
phx                 =  2.42170e+01
 meas ac f180 when tph=-1.800000e+02 fall=1 failed!

 meas ac gmx find tdb when tph=-1.800000e+02 fall=1 failed!

 meas ac f0r when tdb=0 rise=1 failed!

tres                =  -3.57840e+00 at=  6.91831e+05
ROW iload_a=0.025 ceff_f=4.7e-06 esr_ohm=0.001 vout_v=1.79948 dcgain_db=141.835 f0_hz=649079 phase_at_f0_deg=24.217 f180_hz= gain_at_f180_db= f0_rising_hz= resurgence_db=-3.57839
Doing analysis at TEMP = -40.000000 and TNOM = 27.000000

Using SPARSE 1.3 as Direct Linear Solver
 Reference value :  0.00000e+00
No. of Data Rows : 1
Doing analysis at TEMP = -40.000000 and TNOM = 27.000000

Using SPARSE 1.3 as Direct Linear Solver

No. of Data Rows : 551
Doing analysis at TEMP = -40.000000 and TNOM = 27.000000

Using SPARSE 1.3 as Direct Linear Solver
 Reference value :  1.00000e-02
No. of Data Rows : 551
dcg                 =  1.41835e+02
f0                  =  6.86065e+05
phx                 =  6.88351e+01
 meas ac f180 when tph=-1.800000e+02 fall=1 failed!

 meas ac gmx find tdb when tph=-1.800000e+02 fall=1 failed!

 meas ac f0r when tdb=0 rise=1 failed!

tres                =  -2.52868e+00 at=  7.24436e+05
ROW iload_a=0.025 ceff_f=4.7e-06 esr_ohm=0.05 vout_v=1.79948 dcgain_db=141.835 f0_hz=686064 phase_at_f0_deg=68.8351 f180_hz= gain_at_f180_db= f0_rising_hz= resurgence_db=-2.52868
Doing analysis at TEMP = -40.000000 and TNOM = 27.000000

Using SPARSE 1.3 as Direct Linear Solver

No. of Data Rows : 1
Doing analysis at TEMP = -40.000000 and TNOM = 27.000000

Using SPARSE 1.3 as Direct Linear Solver
 Reference value :  1.00000e-02
No. of Data Rows : 551
Doing analysis at TEMP = -40.000000 and TNOM = 27.000000

Using SPARSE 1.3 as Direct Linear Solver

No. of Data Rows : 551
dcg                 =  1.41835e+02
f0                  =  8.78845e+05
phx                 =  9.79793e+01
 meas ac f180 when tph=-1.800000e+02 fall=1 failed!

 meas ac gmx find tdb when tph=-1.800000e+02 fall=1 failed!

 meas ac f0r when tdb=0 rise=1 failed!

tres                =  -2.67451e+00 at=  9.54993e+05
ROW iload_a=0.025 ceff_f=4.7e-06 esr_ohm=0.2 vout_v=1.79948 dcgain_db=141.835 f0_hz=878845 phase_at_f0_deg=97.9793 f180_hz= gain_at_f180_db= f0_rising_hz= resurgence_db=-2.67451
Doing analysis at TEMP = -40.000000 and TNOM = 27.000000

Using SPARSE 1.3 as Direct Linear Solver
 Reference value :  0.00000e+00
No. of Data Rows : 1
Doing analysis at TEMP = -40.000000 and TNOM = 27.000000

Using SPARSE 1.3 as Direct Linear Solver

No. of Data Rows : 551
Doing analysis at TEMP = -40.000000 and TNOM = 27.000000

Using SPARSE 1.3 as Direct Linear Solver
 Reference value :  1.00000e-02
No. of Data Rows : 551
dcg                 =  1.41835e+02
f0                  =  1.13129e+06
phx                 =  9.77793e+01
 meas ac f180 when tph=-1.800000e+02 fall=1 failed!

 meas ac gmx find tdb when tph=-1.800000e+02 fall=1 failed!

 meas ac f0r when tdb=0 rise=1 failed!

tres                =  -1.78422e+00 at=  1.20226e+06
ROW iload_a=0.025 ceff_f=4.7e-06 esr_ohm=0.5 vout_v=1.79948 dcgain_db=141.835 f0_hz=1.13129E+06 phase_at_f0_deg=97.7793 f180_hz= gain_at_f180_db= f0_rising_hz= resurgence_db=-1.78422
Doing analysis at TEMP = -40.000000 and TNOM = 27.000000

Using SPARSE 1.3 as Direct Linear Solver

No. of Data Rows : 1
Doing analysis at TEMP = -40.000000 and TNOM = 27.000000

Using SPARSE 1.3 as Direct Linear Solver
 Reference value :  1.00000e-02
No. of Data Rows : 551
Doing analysis at TEMP = -40.000000 and TNOM = 27.000000

Using SPARSE 1.3 as Direct Linear Solver

No. of Data Rows : 551
dcg                 =  1.38566e+02
f0                  =  1.15223e+06
phx                 =  1.11958e+01
 meas ac f180 when tph=-1.800000e+02 fall=1 failed!

 meas ac gmx find tdb when tph=-1.800000e+02 fall=1 failed!

 meas ac f0r when tdb=0 rise=1 failed!

tres                =  -3.34452e+00 at=  1.25893e+06
ROW iload_a=0.05 ceff_f=3.3e-07 esr_ohm=0.001 vout_v=1.79948 dcgain_db=138.566 f0_hz=1.15223E+06 phase_at_f0_deg=11.1958 f180_hz= gain_at_f180_db= f0_rising_hz= resurgence_db=-3.34452
Doing analysis at TEMP = -40.000000 and TNOM = 27.000000

Using SPARSE 1.3 as Direct Linear Solver
 Reference value :  0.00000e+00
No. of Data Rows : 1
Doing analysis at TEMP = -40.000000 and TNOM = 27.000000

Using SPARSE 1.3 as Direct Linear Solver

No. of Data Rows : 551
Doing analysis at TEMP = -40.000000 and TNOM = 27.000000

Using SPARSE 1.3 as Direct Linear Solver
 Reference value :  1.00000e-02
No. of Data Rows : 551
dcg                 =  1.38566e+02
f0                  =  1.15398e+06
phx                 =  1.78228e+01
 meas ac f180 when tph=-1.800000e+02 fall=1 failed!

 meas ac gmx find tdb when tph=-1.800000e+02 fall=1 failed!

 meas ac f0r when tdb=0 rise=1 failed!

tres                =  -3.27506e+00 at=  1.25893e+06
ROW iload_a=0.05 ceff_f=3.3e-07 esr_ohm=0.05 vout_v=1.79948 dcgain_db=138.566 f0_hz=1.15398E+06 phase_at_f0_deg=17.8228 f180_hz= gain_at_f180_db= f0_rising_hz= resurgence_db=-3.27506
Doing analysis at TEMP = -40.000000 and TNOM = 27.000000

Using SPARSE 1.3 as Direct Linear Solver

No. of Data Rows : 1
Doing analysis at TEMP = -40.000000 and TNOM = 27.000000

Using SPARSE 1.3 as Direct Linear Solver
 Reference value :  1.00000e-02
No. of Data Rows : 551
Doing analysis at TEMP = -40.000000 and TNOM = 27.000000

Using SPARSE 1.3 as Direct Linear Solver
 Reference value :  2.75423e+08
No. of Data Rows : 551
dcg                 =  1.38566e+02
f0                  =  1.18050e+06
phx                 =  3.63006e+01
 meas ac f180 when tph=-1.800000e+02 fall=1 failed!

 meas ac gmx find tdb when tph=-1.800000e+02 fall=1 failed!

 meas ac f0r when tdb=0 rise=1 failed!

tres                =  -2.31625e+00 at=  1.25893e+06
ROW iload_a=0.05 ceff_f=3.3e-07 esr_ohm=0.2 vout_v=1.79948 dcgain_db=138.566 f0_hz=1.1805E+06 phase_at_f0_deg=36.3006 f180_hz= gain_at_f180_db= f0_rising_hz= resurgence_db=-2.31625
Doing analysis at TEMP = -40.000000 and TNOM = 27.000000

Using SPARSE 1.3 as Direct Linear Solver

No. of Data Rows : 1
Doing analysis at TEMP = -40.000000 and TNOM = 27.000000

Using SPARSE 1.3 as Direct Linear Solver
 Reference value :  1.00000e-02
No. of Data Rows : 551
Doing analysis at TEMP = -40.000000 and TNOM = 27.000000

Using SPARSE 1.3 as Direct Linear Solver
 Reference value :  1.65959e+08
No. of Data Rows : 551
dcg                 =  1.38566e+02
f0                  =  1.29571e+06
phx                 =  6.03861e+01
 meas ac f180 when tph=-1.800000e+02 fall=1 failed!

 meas ac gmx find tdb when tph=-1.800000e+02 fall=1 failed!

 meas ac f0r when tdb=0 rise=1 failed!

tres                =  -2.00576e+00 at=  1.38038e+06
ROW iload_a=0.05 ceff_f=3.3e-07 esr_ohm=0.5 vout_v=1.79948 dcgain_db=138.566 f0_hz=1.29571E+06 phase_at_f0_deg=60.3861 f180_hz= gain_at_f180_db= f0_rising_hz= resurgence_db=-2.00576
Doing analysis at TEMP = -40.000000 and TNOM = 27.000000

Using SPARSE 1.3 as Direct Linear Solver

No. of Data Rows : 1
Doing analysis at TEMP = -40.000000 and TNOM = 27.000000

Using SPARSE 1.3 as Direct Linear Solver
 Reference value :  1.00000e-02
No. of Data Rows : 551
Doing analysis at TEMP = -40.000000 and TNOM = 27.000000

Using SPARSE 1.3 as Direct Linear Solver
 Reference value :  1.73780e+00
No. of Data Rows : 551
dcg                 =  1.38566e+02
f0                  =  9.01217e+05
phx                 =  1.85660e+01
 meas ac f180 when tph=-1.800000e+02 fall=1 failed!

 meas ac gmx find tdb when tph=-1.800000e+02 fall=1 failed!

 meas ac f0r when tdb=0 rise=1 failed!

tres                =  -2.34854e+00 at=  9.54993e+05
ROW iload_a=0.05 ceff_f=1e-06 esr_ohm=0.001 vout_v=1.79948 dcgain_db=138.566 f0_hz=901217 phase_at_f0_deg=18.566 f180_hz= gain_at_f180_db= f0_rising_hz= resurgence_db=-2.34854
Doing analysis at TEMP = -40.000000 and TNOM = 27.000000

Using SPARSE 1.3 as Direct Linear Solver

No. of Data Rows : 1
Doing analysis at TEMP = -40.000000 and TNOM = 27.000000

Using SPARSE 1.3 as Direct Linear Solver
 Reference value :  1.00000e-02
No. of Data Rows : 551
Doing analysis at TEMP = -40.000000 and TNOM = 27.000000

Using SPARSE 1.3 as Direct Linear Solver

No. of Data Rows : 551
dcg                 =  1.38566e+02
f0                  =  9.08655e+05
phx                 =  3.39275e+01
 meas ac f180 when tph=-1.800000e+02 fall=1 failed!

 meas ac gmx find tdb when tph=-1.800000e+02 fall=1 failed!

 meas ac f0r when tdb=0 rise=1 failed!

tres                =  -1.96921e+00 at=  9.54993e+05
ROW iload_a=0.05 ceff_f=1e-06 esr_ohm=0.05 vout_v=1.79948 dcgain_db=138.566 f0_hz=908655 phase_at_f0_deg=33.9275 f180_hz= gain_at_f180_db= f0_rising_hz= resurgence_db=-1.96921
Doing analysis at TEMP = -40.000000 and TNOM = 27.000000

Using SPARSE 1.3 as Direct Linear Solver
 Reference value :  0.00000e+00
No. of Data Rows : 1
Doing analysis at TEMP = -40.000000 and TNOM = 27.000000

Using SPARSE 1.3 as Direct Linear Solver

No. of Data Rows : 551
Doing analysis at TEMP = -40.000000 and TNOM = 27.000000

Using SPARSE 1.3 as Direct Linear Solver
 Reference value :  1.00000e-02
No. of Data Rows : 551
dcg                 =  1.38566e+02
f0                  =  9.98357e+05
phx                 =  6.65538e+01
 meas ac f180 when tph=-1.800000e+02 fall=1 failed!

 meas ac gmx find tdb when tph=-1.800000e+02 fall=1 failed!

 meas ac f0r when tdb=0 rise=1 failed!

tres                =  -1.59763e+00 at=  1.04713e+06
ROW iload_a=0.05 ceff_f=1e-06 esr_ohm=0.2 vout_v=1.79948 dcgain_db=138.566 f0_hz=998357 phase_at_f0_deg=66.5538 f180_hz= gain_at_f180_db= f0_rising_hz= resurgence_db=-1.59763
Doing analysis at TEMP = -40.000000 and TNOM = 27.000000

Using SPARSE 1.3 as Direct Linear Solver

No. of Data Rows : 1
Doing analysis at TEMP = -40.000000 and TNOM = 27.000000

Using SPARSE 1.3 as Direct Linear Solver
 Reference value :  1.00000e-02
No. of Data Rows : 551
Doing analysis at TEMP = -40.000000 and TNOM = 27.000000

Using SPARSE 1.3 as Direct Linear Solver
 Reference value :  7.58578e+03
No. of Data Rows : 551
dcg                 =  1.38566e+02
f0                  =  1.22510e+06
phx                 =  8.39438e+01
 meas ac f180 when tph=-1.800000e+02 fall=1 failed!

 meas ac gmx find tdb when tph=-1.800000e+02 fall=1 failed!

 meas ac f0r when tdb=0 rise=1 failed!

tres                =  -2.15199e+00 at=  1.31826e+06
ROW iload_a=0.05 ceff_f=1e-06 esr_ohm=0.5 vout_v=1.79948 dcgain_db=138.566 f0_hz=1.2251E+06 phase_at_f0_deg=83.9438 f180_hz= gain_at_f180_db= f0_rising_hz= resurgence_db=-2.15199
Doing analysis at TEMP = -40.000000 and TNOM = 27.000000

Using SPARSE 1.3 as Direct Linear Solver

No. of Data Rows : 1
Doing analysis at TEMP = -40.000000 and TNOM = 27.000000

Using SPARSE 1.3 as Direct Linear Solver
 Reference value :  1.00000e-02
No. of Data Rows : 551
Doing analysis at TEMP = -40.000000 and TNOM = 27.000000

Using SPARSE 1.3 as Direct Linear Solver
 Reference value :  3.63078e+04
No. of Data Rows : 551
dcg                 =  1.38566e+02
f0                  =  6.72477e+05
phx                 =  2.40845e+01
 meas ac f180 when tph=-1.800000e+02 fall=1 failed!

 meas ac gmx find tdb when tph=-1.800000e+02 fall=1 failed!

 meas ac f0r when tdb=0 rise=1 failed!

tres                =  -3.85129e+00 at=  7.24436e+05
ROW iload_a=0.05 ceff_f=4.7e-06 esr_ohm=0.001 vout_v=1.79948 dcgain_db=138.566 f0_hz=672477 phase_at_f0_deg=24.0845 f180_hz= gain_at_f180_db= f0_rising_hz= resurgence_db=-3.85129
Doing analysis at TEMP = -40.000000 and TNOM = 27.000000

Using SPARSE 1.3 as Direct Linear Solver

No. of Data Rows : 1
Doing analysis at TEMP = -40.000000 and TNOM = 27.000000

Using SPARSE 1.3 as Direct Linear Solver
 Reference value :  1.00000e-02
No. of Data Rows : 551
Doing analysis at TEMP = -40.000000 and TNOM = 27.000000

Using SPARSE 1.3 as Direct Linear Solver
 Reference value :  8.31764e+08
No. of Data Rows : 551
dcg                 =  1.38566e+02
f0                  =  7.16681e+05
phx                 =  6.93068e+01
 meas ac f180 when tph=-1.800000e+02 fall=1 failed!

 meas ac gmx find tdb when tph=-1.800000e+02 fall=1 failed!

 meas ac f0r when tdb=0 rise=1 failed!

tres                =  -2.44849e+00 at=  7.58578e+05
ROW iload_a=0.05 ceff_f=4.7e-06 esr_ohm=0.05 vout_v=1.79948 dcgain_db=138.566 f0_hz=716681 phase_at_f0_deg=69.3068 f180_hz= gain_at_f180_db= f0_rising_hz= resurgence_db=-2.44849
Doing analysis at TEMP = -40.000000 and TNOM = 27.000000

Using SPARSE 1.3 as Direct Linear Solver

No. of Data Rows : 1
Doing analysis at TEMP = -40.000000 and TNOM = 27.000000

Using SPARSE 1.3 as Direct Linear Solver
 Reference value :  1.00000e-02
No. of Data Rows : 551
Doing analysis at TEMP = -40.000000 and TNOM = 27.000000

Using SPARSE 1.3 as Direct Linear Solver

No. of Data Rows : 551
dcg                 =  1.38566e+02
f0                  =  9.36895e+05
phx                 =  9.64718e+01
 meas ac f180 when tph=-1.800000e+02 fall=1 failed!

 meas ac gmx find tdb when tph=-1.800000e+02 fall=1 failed!

 meas ac f0r when tdb=0 rise=1 failed!

tres                =  -2.04039e+00 at=  1.00000e+06
ROW iload_a=0.05 ceff_f=4.7e-06 esr_ohm=0.2 vout_v=1.79948 dcgain_db=138.566 f0_hz=936895 phase_at_f0_deg=96.4718 f180_hz= gain_at_f180_db= f0_rising_hz= resurgence_db=-2.0404
Doing analysis at TEMP = -40.000000 and TNOM = 27.000000

Using SPARSE 1.3 as Direct Linear Solver
 Reference value :  0.00000e+00
No. of Data Rows : 1
Doing analysis at TEMP = -40.000000 and TNOM = 27.000000

Using SPARSE 1.3 as Direct Linear Solver

No. of Data Rows : 551
Doing analysis at TEMP = -40.000000 and TNOM = 27.000000

Using SPARSE 1.3 as Direct Linear Solver
 Reference value :  1.00000e-02
No. of Data Rows : 551
dcg                 =  1.38566e+02
f0                  =  1.21385e+06
phx                 =  9.54550e+01
 meas ac f180 when tph=-1.800000e+02 fall=1 failed!

 meas ac gmx find tdb when tph=-1.800000e+02 fall=1 failed!

 meas ac f0r when tdb=0 rise=1 failed!

tres                =  -2.38016e+00 at=  1.31826e+06
ROW iload_a=0.05 ceff_f=4.7e-06 esr_ohm=0.5 vout_v=1.79948 dcgain_db=138.566 f0_hz=1.21385E+06 phase_at_f0_deg=95.455 f180_hz= gain_at_f180_db= f0_rising_hz= resurgence_db=-2.38016
* SWEEP COMPLETE ss_-40c_2.97v
Note: Simulation executed from .control section 
Warning: m=xx on .subckt line will override multiplier m hierarchy!

Note: Starting dynamic gmin stepping
Note: Dynamic gmin stepping completed
Note: Starting dynamic gmin stepping
Note: Dynamic gmin stepping completed
Note: Starting dynamic gmin stepping
Note: Dynamic gmin stepping completed

Error: measure  f0r  when(WHEN) : out of interval
Error: &f0r: no such variable.
Note: Starting dynamic gmin stepping
Note: Dynamic gmin stepping completed
Note: Starting dynamic gmin stepping
Note: Dynamic gmin stepping completed
Note: Starting dynamic gmin stepping
Note: Dynamic gmin stepping completed

Error: measure  f0r  when(WHEN) : out of interval
Error: &f0r: no such variable.
Note: Starting dynamic gmin stepping
Note: Dynamic gmin stepping completed
Note: Starting dynamic gmin stepping
Note: Dynamic gmin stepping completed
Note: Starting dynamic gmin stepping
Note: Dynamic gmin stepping completed

Error: measure  f0r  when(WHEN) : out of interval
Error: &f0r: no such variable.
Note: Starting dynamic gmin stepping
Note: Dynamic gmin stepping completed
Note: Starting dynamic gmin stepping
Note: Dynamic gmin stepping completed
Note: Starting dynamic gmin stepping
Note: Dynamic gmin stepping completed

Error: measure  f0r  when(WHEN) : out of interval
Error: &f0r: no such variable.
Note: Starting dynamic gmin stepping
Note: Dynamic gmin stepping completed
Note: Starting dynamic gmin stepping
Note: Dynamic gmin stepping completed
Note: Starting dynamic gmin stepping
Note: Dynamic gmin stepping completed

Error: measure  f0r  when(WHEN) : out of interval
Error: &f0r: no such variable.
Note: Starting dynamic gmin stepping
Note: Dynamic gmin stepping completed
Note: Starting dynamic gmin stepping
Note: Dynamic gmin stepping completed
Note: Starting dynamic gmin stepping
Note: Dynamic gmin stepping completed

Error: measure  f0r  when(WHEN) : out of interval
Error: &f0r: no such variable.
Note: Starting dynamic gmin stepping
Note: Dynamic gmin stepping completed
Note: Starting dynamic gmin stepping
Note: Dynamic gmin stepping completed
Note: Starting dynamic gmin stepping
Note: Dynamic gmin stepping completed

Error: measure  f0r  when(WHEN) : out of interval
Error: &f0r: no such variable.
Note: Starting dynamic gmin stepping
Note: Dynamic gmin stepping completed
Note: Starting dynamic gmin stepping
Note: Dynamic gmin stepping completed
Note: Starting dynamic gmin stepping
Note: Dynamic gmin stepping completed

Error: measure  f0r  when(WHEN) : out of interval
Error: &f0r: no such variable.
Note: Starting dynamic gmin stepping
Note: Dynamic gmin stepping completed
Note: Starting dynamic gmin stepping
Note: Dynamic gmin stepping completed
Note: Starting dynamic gmin stepping
Note: Dynamic gmin stepping completed

Error: measure  f0r  when(WHEN) : out of interval
Error: &f0r: no such variable.
Note: Starting dynamic gmin stepping
Note: Dynamic gmin stepping completed
Note: Starting dynamic gmin stepping
Note: Dynamic gmin stepping completed
Note: Starting dynamic gmin stepping
Note: Dynamic gmin stepping completed

Error: measure  f0r  when(WHEN) : out of interval
Error: &f0r: no such variable.
Note: Starting dynamic gmin stepping
Note: Dynamic gmin stepping completed
Note: Starting dynamic gmin stepping
Note: Dynamic gmin stepping completed
Note: Starting dynamic gmin stepping
Note: Dynamic gmin stepping completed

Error: measure  f0r  when(WHEN) : out of interval
Error: &f0r: no such variable.
Note: Starting dynamic gmin stepping
Note: Dynamic gmin stepping completed
Note: Starting dynamic gmin stepping
Note: Dynamic gmin stepping completed
Note: Starting dynamic gmin stepping
Note: Dynamic gmin stepping completed

Error: measure  f0r  when(WHEN) : out of interval
Error: &f0r: no such variable.
Note: Starting dynamic gmin stepping
Note: Dynamic gmin stepping completed
Note: Starting dynamic gmin stepping
Note: Dynamic gmin stepping completed
Note: Starting dynamic gmin stepping
Note: Dynamic gmin stepping completed

Error: measure  f180  when(WHEN) : out of interval

Error: measure  gmx  find(AT) : out of interval
Error: &f180: no such variable.
Error: &gmx: no such variable.
Note: Starting dynamic gmin stepping
Note: Dynamic gmin stepping completed
Note: Starting dynamic gmin stepping
Note: Dynamic gmin stepping completed
Note: Starting dynamic gmin stepping
Note: Dynamic gmin stepping completed

Error: measure  f180  when(WHEN) : out of interval

Error: measure  gmx  find(AT) : out of interval
Error: &f180: no such variable.
Error: &gmx: no such variable.
Note: Starting dynamic gmin stepping
Note: Dynamic gmin stepping completed
Note: Starting dynamic gmin stepping
Note: Dynamic gmin stepping completed
Note: Starting dynamic gmin stepping
Note: Dynamic gmin stepping completed

Error: measure  f180  when(WHEN) : out of interval

Error: measure  gmx  find(AT) : out of interval
Error: &f180: no such variable.
Error: &gmx: no such variable.
Note: Starting dynamic gmin stepping
Note: Dynamic gmin stepping completed
Note: Starting dynamic gmin stepping
Note: Dynamic gmin stepping completed
Note: Starting dynamic gmin stepping
Note: Dynamic gmin stepping completed

Error: measure  f180  when(WHEN) : out of interval

Error: measure  gmx  find(AT) : out of interval
Error: &f180: no such variable.
Error: &gmx: no such variable.
Note: Starting dynamic gmin stepping
Note: Dynamic gmin stepping completed
Note: Starting dynamic gmin stepping
Note: Dynamic gmin stepping completed
Note: Starting dynamic gmin stepping
Note: Dynamic gmin stepping completed

Error: measure  f180  when(WHEN) : out of interval

Error: measure  gmx  find(AT) : out of interval
Error: &f180: no such variable.
Error: &gmx: no such variable.
Note: Starting dynamic gmin stepping
Note: Dynamic gmin stepping completed
Note: Starting dynamic gmin stepping
Note: Dynamic gmin stepping completed
Note: Starting dynamic gmin stepping
Note: Dynamic gmin stepping completed

Error: measure  f180  when(WHEN) : out of interval

Error: measure  gmx  find(AT) : out of interval
Error: &f180: no such variable.
Error: &gmx: no such variable.
Note: Starting dynamic gmin stepping
Note: Dynamic gmin stepping completed
Note: Starting dynamic gmin stepping
Note: Dynamic gmin stepping completed
Note: Starting dynamic gmin stepping
Note: Dynamic gmin stepping completed

Error: measure  f180  when(WHEN) : out of interval

Error: measure  gmx  find(AT) : out of interval
Error: &f180: no such variable.
Error: &gmx: no such variable.
Note: Starting dynamic gmin stepping
Note: Dynamic gmin stepping completed
Note: Starting dynamic gmin stepping
Note: Dynamic gmin stepping completed
Note: Starting dynamic gmin stepping
Note: Dynamic gmin stepping completed

Error: measure  f180  when(WHEN) : out of interval

Error: measure  gmx  find(AT) : out of interval
Error: &f180: no such variable.
Error: &gmx: no such variable.
Note: Starting dynamic gmin stepping
Note: Dynamic gmin stepping completed
Note: Starting dynamic gmin stepping
Note: Dynamic gmin stepping completed
Note: Starting dynamic gmin stepping
Note: Dynamic gmin stepping completed

Error: measure  f180  when(WHEN) : out of interval

Error: measure  gmx  find(AT) : out of interval

Error: measure  f0r  when(WHEN) : out of interval
Error: &f180: no such variable.
Error: &gmx: no such variable.
Error: &f0r: no such variable.
Note: Starting dynamic gmin stepping
Note: Dynamic gmin stepping completed
Note: Starting dynamic gmin stepping
Note: Dynamic gmin stepping completed
Note: Starting dynamic gmin stepping
Note: Dynamic gmin stepping completed

Error: measure  f180  when(WHEN) : out of interval

Error: measure  gmx  find(AT) : out of interval

Error: measure  f0r  when(WHEN) : out of interval
Error: &f180: no such variable.
Error: &gmx: no such variable.
Error: &f0r: no such variable.
Note: Starting dynamic gmin stepping
Note: Dynamic gmin stepping completed
Note: Starting dynamic gmin stepping
Note: Dynamic gmin stepping completed
Note: Starting dynamic gmin stepping
Note: Dynamic gmin stepping completed

Error: measure  f180  when(WHEN) : out of interval

Error: measure  gmx  find(AT) : out of interval
Error: &f180: no such variable.
Error: &gmx: no such variable.
Note: Starting dynamic gmin stepping
Note: Dynamic gmin stepping completed
Note: Starting dynamic gmin stepping
Note: Dynamic gmin stepping completed
Note: Starting dynamic gmin stepping
Note: Dynamic gmin stepping completed

Error: measure  f180  when(WHEN) : out of interval

Error: measure  gmx  find(AT) : out of interval
Error: &f180: no such variable.
Error: &gmx: no such variable.
Note: Starting dynamic gmin stepping
Note: Dynamic gmin stepping completed
Note: Starting dynamic gmin stepping
Note: Dynamic gmin stepping completed
Note: Starting dynamic gmin stepping
Note: Dynamic gmin stepping completed

Error: measure  f180  when(WHEN) : out of interval

Error: measure  gmx  find(AT) : out of interval

Error: measure  f0r  when(WHEN) : out of interval
Error: &f180: no such variable.
Error: &gmx: no such variable.
Error: &f0r: no such variable.
Note: Starting dynamic gmin stepping
Note: Dynamic gmin stepping completed
Note: Starting dynamic gmin stepping
Note: Dynamic gmin stepping completed
Note: Starting dynamic gmin stepping
Note: Dynamic gmin stepping completed

Error: measure  f180  when(WHEN) : out of interval

Error: measure  gmx  find(AT) : out of interval

Error: measure  f0r  when(WHEN) : out of interval
Error: &f180: no such variable.
Error: &gmx: no such variable.
Error: &f0r: no such variable.
Note: Starting dynamic gmin stepping
Note: Dynamic gmin stepping completed
Note: Starting dynamic gmin stepping
Note: Dynamic gmin stepping completed
Note: Starting dynamic gmin stepping
Note: Dynamic gmin stepping completed

Error: measure  f180  when(WHEN) : out of interval

Error: measure  gmx  find(AT) : out of interval

Error: measure  f0r  when(WHEN) : out of interval
Error: &f180: no such variable.
Error: &gmx: no such variable.
Error: &f0r: no such variable.
Note: Starting dynamic gmin stepping
Note: Dynamic gmin stepping completed
Note: Starting dynamic gmin stepping
Note: Dynamic gmin stepping completed
Note: Starting dynamic gmin stepping
Note: Dynamic gmin stepping completed

Error: measure  f180  when(WHEN) : out of interval

Error: measure  gmx  find(AT) : out of interval

Error: measure  f0r  when(WHEN) : out of interval
Error: &f180: no such variable.
Error: &gmx: no such variable.
Error: &f0r: no such variable.
Note: Starting dynamic gmin stepping
Note: Dynamic gmin stepping completed
Note: Starting dynamic gmin stepping
Note: Dynamic gmin stepping completed
Note: Starting dynamic gmin stepping
Note: Dynamic gmin stepping completed

Error: measure  f180  when(WHEN) : out of interval

Error: measure  gmx  find(AT) : out of interval

Error: measure  f0r  when(WHEN) : out of interval
Error: &f180: no such variable.
Error: &gmx: no such variable.
Error: &f0r: no such variable.
Note: Starting dynamic gmin stepping
Note: Dynamic gmin stepping completed
Note: Starting dynamic gmin stepping
Note: Dynamic gmin stepping completed
Note: Starting dynamic gmin stepping
Note: Dynamic gmin stepping completed

Error: measure  f180  when(WHEN) : out of interval

Error: measure  gmx  find(AT) : out of interval

Error: measure  f0r  when(WHEN) : out of interval
Error: &f180: no such variable.
Error: &gmx: no such variable.
Error: &f0r: no such variable.
Note: Starting dynamic gmin stepping
Note: Dynamic gmin stepping completed
Note: Starting dynamic gmin stepping
Note: Dynamic gmin stepping completed
Note: Starting dynamic gmin stepping
Note: Dynamic gmin stepping completed

Error: measure  f180  when(WHEN) : out of interval

Error: measure  gmx  find(AT) : out of interval

Error: measure  f0r  when(WHEN) : out of interval
Error: &f180: no such variable.
Error: &gmx: no such variable.
Error: &f0r: no such variable.
Note: Starting dynamic gmin stepping
Note: Dynamic gmin stepping completed
Note: Starting dynamic gmin stepping
Note: Dynamic gmin stepping completed
Note: Starting dynamic gmin stepping
Note: Dynamic gmin stepping completed

Error: measure  f180  when(WHEN) : out of interval

Error: measure  gmx  find(AT) : out of interval

Error: measure  f0r  when(WHEN) : out of interval
Error: &f180: no such variable.
Error: &gmx: no such variable.
Error: &f0r: no such variable.
Note: Starting dynamic gmin stepping
Note: Dynamic gmin stepping completed
Note: Starting dynamic gmin stepping
Note: Dynamic gmin stepping completed
Note: Starting dynamic gmin stepping
Note: Dynamic gmin stepping completed

Error: measure  f180  when(WHEN) : out of interval

Error: measure  gmx  find(AT) : out of interval
Error: &f180: no such variable.
Error: &gmx: no such variable.
Note: Starting dynamic gmin stepping
Note: Dynamic gmin stepping completed
Note: Starting dynamic gmin stepping
Note: Dynamic gmin stepping completed
Note: Starting dynamic gmin stepping
Note: Dynamic gmin stepping completed

Error: measure  f180  when(WHEN) : out of interval

Error: measure  gmx  find(AT) : out of interval
Error: &f180: no such variable.
Error: &gmx: no such variable.
Note: Starting dynamic gmin stepping
Note: Dynamic gmin stepping completed
Note: Starting dynamic gmin stepping
Note: Dynamic gmin stepping completed
Note: Starting dynamic gmin stepping
Note: Dynamic gmin stepping completed

Error: measure  f180  when(WHEN) : out of interval

Error: measure  gmx  find(AT) : out of interval
Error: &f180: no such variable.
Error: &gmx: no such variable.
Note: Starting dynamic gmin stepping
Note: Dynamic gmin stepping completed
Note: Starting dynamic gmin stepping
Note: Dynamic gmin stepping completed
Note: Starting dynamic gmin stepping
Note: Dynamic gmin stepping completed

Error: measure  f180  when(WHEN) : out of interval

Error: measure  gmx  find(AT) : out of interval

Error: measure  f0r  when(WHEN) : out of interval
Error: &f180: no such variable.
Error: &gmx: no such variable.
Error: &f0r: no such variable.
Note: Starting dynamic gmin stepping
Warning: Dynamic gmin stepping failed
Note: Starting true gmin stepping
Note: True gmin stepping completed
Note: Starting dynamic gmin stepping
Warning: Dynamic gmin stepping failed
Note: Starting true gmin stepping
Note: True gmin stepping completed
Note: Starting dynamic gmin stepping
Warning: Dynamic gmin stepping failed
Note: Starting true gmin stepping
Note: True gmin stepping completed

Error: measure  f180  when(WHEN) : out of interval

Error: measure  gmx  find(AT) : out of interval

Error: measure  f0r  when(WHEN) : out of interval
Error: &f180: no such variable.
Error: &gmx: no such variable.
Error: &f0r: no such variable.
Note: Starting dynamic gmin stepping
Warning: Dynamic gmin stepping failed
Note: Starting true gmin stepping
Note: True gmin stepping completed
Note: Starting dynamic gmin stepping
Warning: Dynamic gmin stepping failed
Note: Starting true gmin stepping
Note: True gmin stepping completed
Note: Starting dynamic gmin stepping
Warning: Dynamic gmin stepping failed
Note: Starting true gmin stepping
Note: True gmin stepping completed

Error: measure  f180  when(WHEN) : out of interval

Error: measure  gmx  find(AT) : out of interval

Error: measure  f0r  when(WHEN) : out of interval
Error: &f180: no such variable.
Error: &gmx: no such variable.
Error: &f0r: no such variable.
Note: Starting dynamic gmin stepping
Warning: Dynamic gmin stepping failed
Note: Starting true gmin stepping
Note: True gmin stepping completed
Note: Starting dynamic gmin stepping
Warning: Dynamic gmin stepping failed
Note: Starting true gmin stepping
Note: True gmin stepping completed
Note: Starting dynamic gmin stepping
Warning: Dynamic gmin stepping failed
Note: Starting true gmin stepping
Note: True gmin stepping completed

Error: measure  f180  when(WHEN) : out of interval

Error: measure  gmx  find(AT) : out of interval

Error: measure  f0r  when(WHEN) : out of interval
Error: &f180: no such variable.
Error: &gmx: no such variable.
Error: &f0r: no such variable.
Note: Starting dynamic gmin stepping
Warning: Dynamic gmin stepping failed
Note: Starting true gmin stepping
Note: True gmin stepping completed
Note: Starting dynamic gmin stepping
Warning: Dynamic gmin stepping failed
Note: Starting true gmin stepping
Note: True gmin stepping completed
Note: Starting dynamic gmin stepping
Warning: Dynamic gmin stepping failed
Note: Starting true gmin stepping
Note: True gmin stepping completed

Error: measure  f180  when(WHEN) : out of interval

Error: measure  gmx  find(AT) : out of interval

Error: measure  f0r  when(WHEN) : out of interval
Error: &f180: no such variable.
Error: &gmx: no such variable.
Error: &f0r: no such variable.
Note: Starting dynamic gmin stepping
Warning: Dynamic gmin stepping failed
Note: Starting true gmin stepping
Note: True gmin stepping completed
Note: Starting dynamic gmin stepping
Warning: Dynamic gmin stepping failed
Note: Starting true gmin stepping
Note: True gmin stepping completed
Note: Starting dynamic gmin stepping
Warning: Dynamic gmin stepping failed
Note: Starting true gmin stepping
Note: True gmin stepping completed

Error: measure  f180  when(WHEN) : out of interval

Error: measure  gmx  find(AT) : out of interval

Error: measure  f0r  when(WHEN) : out of interval
Error: &f180: no such variable.
Error: &gmx: no such variable.
Error: &f0r: no such variable.
Note: Starting dynamic gmin stepping
Warning: Dynamic gmin stepping failed
Note: Starting true gmin stepping
Note: True gmin stepping completed
Note: Starting dynamic gmin stepping
Warning: Dynamic gmin stepping failed
Note: Starting true gmin stepping
Note: True gmin stepping completed
Note: Starting dynamic gmin stepping
Warning: Dynamic gmin stepping failed
Note: Starting true gmin stepping
Note: True gmin stepping completed

Error: measure  f180  when(WHEN) : out of interval

Error: measure  gmx  find(AT) : out of interval

Error: measure  f0r  when(WHEN) : out of interval
Error: &f180: no such variable.
Error: &gmx: no such variable.
Error: &f0r: no such variable.
Note: Starting dynamic gmin stepping
Warning: Dynamic gmin stepping failed
Note: Starting true gmin stepping
Note: True gmin stepping completed
Note: Starting dynamic gmin stepping
Warning: Dynamic gmin stepping failed
Note: Starting true gmin stepping
Note: True gmin stepping completed
Note: Starting dynamic gmin stepping
Warning: Dynamic gmin stepping failed
Note: Starting true gmin stepping
Note: True gmin stepping completed

Error: measure  f180  when(WHEN) : out of interval

Error: measure  gmx  find(AT) : out of interval

Error: measure  f0r  when(WHEN) : out of interval
Error: &f180: no such variable.
Error: &gmx: no such variable.
Error: &f0r: no such variable.
Note: Starting dynamic gmin stepping
Warning: Dynamic gmin stepping failed
Note: Starting true gmin stepping
Note: True gmin stepping completed
Note: Starting dynamic gmin stepping
Warning: Dynamic gmin stepping failed
Note: Starting true gmin stepping
Note: True gmin stepping completed
Note: Starting dynamic gmin stepping
Warning: Dynamic gmin stepping failed
Note: Starting true gmin stepping
Note: True gmin stepping completed

Error: measure  f180  when(WHEN) : out of interval

Error: measure  gmx  find(AT) : out of interval

Error: measure  f0r  when(WHEN) : out of interval
Error: &f180: no such variable.
Error: &gmx: no such variable.
Error: &f0r: no such variable.
Note: Starting dynamic gmin stepping
Warning: Dynamic gmin stepping failed
Note: Starting true gmin stepping
Note: True gmin stepping completed
Note: Starting dynamic gmin stepping
Warning: Dynamic gmin stepping failed
Note: Starting true gmin stepping
Note: True gmin stepping completed
Note: Starting dynamic gmin stepping
Warning: Dynamic gmin stepping failed
Note: Starting true gmin stepping
Note: True gmin stepping completed

Error: measure  f180  when(WHEN) : out of interval

Error: measure  gmx  find(AT) : out of interval

Error: measure  f0r  when(WHEN) : out of interval
Error: &f180: no such variable.
Error: &gmx: no such variable.
Error: &f0r: no such variable.
Note: Starting dynamic gmin stepping
Warning: Dynamic gmin stepping failed
Note: Starting true gmin stepping
Note: True gmin stepping completed
Note: Starting dynamic gmin stepping
Warning: Dynamic gmin stepping failed
Note: Starting true gmin stepping
Note: True gmin stepping completed
Note: Starting dynamic gmin stepping
Warning: Dynamic gmin stepping failed
Note: Starting true gmin stepping
Note: True gmin stepping completed

Error: measure  f180  when(WHEN) : out of interval

Error: measure  gmx  find(AT) : out of interval

Error: measure  f0r  when(WHEN) : out of interval
Error: &f180: no such variable.
Error: &gmx: no such variable.
Error: &f0r: no such variable.
Note: Starting dynamic gmin stepping
Warning: Dynamic gmin stepping failed
Note: Starting true gmin stepping
Note: True gmin stepping completed
Note: Starting dynamic gmin stepping
Warning: Dynamic gmin stepping failed
Note: Starting true gmin stepping
Note: True gmin stepping completed
Note: Starting dynamic gmin stepping
Warning: Dynamic gmin stepping failed
Note: Starting true gmin stepping
Note: True gmin stepping completed

Error: measure  f180  when(WHEN) : out of interval

Error: measure  gmx  find(AT) : out of interval

Error: measure  f0r  when(WHEN) : out of interval
Error: &f180: no such variable.
Error: &gmx: no such variable.
Error: &f0r: no such variable.
Note: Starting dynamic gmin stepping
Warning: Dynamic gmin stepping failed
Note: Starting true gmin stepping
Note: True gmin stepping completed
Note: Starting dynamic gmin stepping
Warning: Dynamic gmin stepping failed
Note: Starting true gmin stepping
Note: True gmin stepping completed
Note: Starting dynamic gmin stepping
Warning: Dynamic gmin stepping failed
Note: Starting true gmin stepping
Note: True gmin stepping completed

Error: measure  f180  when(WHEN) : out of interval

Error: measure  gmx  find(AT) : out of interval

Error: measure  f0r  when(WHEN) : out of interval
Error: &f180: no such variable.
Error: &gmx: no such variable.
Error: &f0r: no such variable.
Note: Starting dynamic gmin stepping
Note: Dynamic gmin stepping completed
Note: Starting dynamic gmin stepping
Note: Dynamic gmin stepping completed
Note: Starting dynamic gmin stepping
Note: Dynamic gmin stepping completed

Error: measure  f180  when(WHEN) : out of interval

Error: measure  gmx  find(AT) : out of interval

Error: measure  f0r  when(WHEN) : out of interval
Error: &f180: no such variable.
Error: &gmx: no such variable.
Error: &f0r: no such variable.
Note: Starting dynamic gmin stepping
Note: Dynamic gmin stepping completed
Note: Starting dynamic gmin stepping
Note: Dynamic gmin stepping completed
Note: Starting dynamic gmin stepping
Note: Dynamic gmin stepping completed

Error: measure  f180  when(WHEN) : out of interval

Error: measure  gmx  find(AT) : out of interval

Error: measure  f0r  when(WHEN) : out of interval
Error: &f180: no such variable.
Error: &gmx: no such variable.
Error: &f0r: no such variable.
Note: Starting dynamic gmin stepping
Note: Dynamic gmin stepping completed
Note: Starting dynamic gmin stepping
Note: Dynamic gmin stepping completed
Note: Starting dynamic gmin stepping
Note: Dynamic gmin stepping completed

Error: measure  f180  when(WHEN) : out of interval

Error: measure  gmx  find(AT) : out of interval

Error: measure  f0r  when(WHEN) : out of interval
Error: &f180: no such variable.
Error: &gmx: no such variable.
Error: &f0r: no such variable.
Note: Starting dynamic gmin stepping
Note: Dynamic gmin stepping completed
Note: Starting dynamic gmin stepping
Note: Dynamic gmin stepping completed
Note: Starting dynamic gmin stepping
Note: Dynamic gmin stepping completed

Error: measure  f180  when(WHEN) : out of interval

Error: measure  gmx  find(AT) : out of interval

Error: measure  f0r  when(WHEN) : out of interval
Error: &f180: no such variable.
Error: &gmx: no such variable.
Error: &f0r: no such variable.
Note: Starting dynamic gmin stepping
Note: Dynamic gmin stepping completed
Note: Starting dynamic gmin stepping
Note: Dynamic gmin stepping completed
Note: Starting dynamic gmin stepping
Note: Dynamic gmin stepping completed

Error: measure  f180  when(WHEN) : out of interval

Error: measure  gmx  find(AT) : out of interval

Error: measure  f0r  when(WHEN) : out of interval
Error: &f180: no such variable.
Error: &gmx: no such variable.
Error: &f0r: no such variable.
Note: Starting dynamic gmin stepping
Note: Dynamic gmin stepping completed
Note: Starting dynamic gmin stepping
Note: Dynamic gmin stepping completed
Note: Starting dynamic gmin stepping
Note: Dynamic gmin stepping completed

Error: measure  f180  when(WHEN) : out of interval

Error: measure  gmx  find(AT) : out of interval

Error: measure  f0r  when(WHEN) : out of interval
Error: &f180: no such variable.
Error: &gmx: no such variable.
Error: &f0r: no such variable.
Note: Starting dynamic gmin stepping
Note: Dynamic gmin stepping completed
Note: Starting dynamic gmin stepping
Note: Dynamic gmin stepping completed
Note: Starting dynamic gmin stepping
Note: Dynamic gmin stepping completed

Error: measure  f180  when(WHEN) : out of interval

Error: measure  gmx  find(AT) : out of interval

Error: measure  f0r  when(WHEN) : out of interval
Error: &f180: no such variable.
Error: &gmx: no such variable.
Error: &f0r: no such variable.
Note: Starting dynamic gmin stepping
Note: Dynamic gmin stepping completed
Note: Starting dynamic gmin stepping
Note: Dynamic gmin stepping completed
Note: Starting dynamic gmin stepping
Note: Dynamic gmin stepping completed

Error: measure  f180  when(WHEN) : out of interval

Error: measure  gmx  find(AT) : out of interval

Error: measure  f0r  when(WHEN) : out of interval
Error: &f180: no such variable.
Error: &gmx: no such variable.
Error: &f0r: no such variable.
Note: Starting dynamic gmin stepping
Note: Dynamic gmin stepping completed
Note: Starting dynamic gmin stepping
Note: Dynamic gmin stepping completed
Note: Starting dynamic gmin stepping
Note: Dynamic gmin stepping completed

Error: measure  f180  when(WHEN) : out of interval

Error: measure  gmx  find(AT) : out of interval

Error: measure  f0r  when(WHEN) : out of interval
Error: &f180: no such variable.
Error: &gmx: no such variable.
Error: &f0r: no such variable.
Note: Starting dynamic gmin stepping
Note: Dynamic gmin stepping completed
Note: Starting dynamic gmin stepping
Note: Dynamic gmin stepping completed
Note: Starting dynamic gmin stepping
Note: Dynamic gmin stepping completed

Error: measure  f180  when(WHEN) : out of interval

Error: measure  gmx  find(AT) : out of interval

Error: measure  f0r  when(WHEN) : out of interval
Error: &f180: no such variable.
Error: &gmx: no such variable.
Error: &f0r: no such variable.
Note: Starting dynamic gmin stepping
Note: Dynamic gmin stepping completed
Note: Starting dynamic gmin stepping
Note: Dynamic gmin stepping completed
Note: Starting dynamic gmin stepping
Note: Dynamic gmin stepping completed

Error: measure  f180  when(WHEN) : out of interval

Error: measure  gmx  find(AT) : out of interval

Error: measure  f0r  when(WHEN) : out of interval
Error: &f180: no such variable.
Error: &gmx: no such variable.
Error: &f0r: no such variable.
Note: Starting dynamic gmin stepping
Note: Dynamic gmin stepping completed
Note: Starting dynamic gmin stepping
Note: Dynamic gmin stepping completed
Note: Starting dynamic gmin stepping
Note: Dynamic gmin stepping completed

Error: measure  f180  when(WHEN) : out of interval

Error: measure  gmx  find(AT) : out of interval

Error: measure  f0r  when(WHEN) : out of interval
Error: &f180: no such variable.
Error: &gmx: no such variable.
Error: &f0r: no such variable.
Note: Starting dynamic gmin stepping
Note: Dynamic gmin stepping completed
Note: Starting dynamic gmin stepping
Note: Dynamic gmin stepping completed
Note: Starting dynamic gmin stepping
Note: Dynamic gmin stepping completed

Error: measure  f180  when(WHEN) : out of interval

Error: measure  gmx  find(AT) : out of interval

Error: measure  f0r  when(WHEN) : out of interval
Error: &f180: no such variable.
Error: &gmx: no such variable.
Error: &f0r: no such variable.
Note: Starting dynamic gmin stepping
Note: Dynamic gmin stepping completed
Note: Starting dynamic gmin stepping
Note: Dynamic gmin stepping completed
Note: Starting dynamic gmin stepping
Note: Dynamic gmin stepping completed

Error: measure  f180  when(WHEN) : out of interval

Error: measure  gmx  find(AT) : out of interval

Error: measure  f0r  when(WHEN) : out of interval
Error: &f180: no such variable.
Error: &gmx: no such variable.
Error: &f0r: no such variable.
Note: Starting dynamic gmin stepping
Note: Dynamic gmin stepping completed
Note: Starting dynamic gmin stepping
Note: Dynamic gmin stepping completed
Note: Starting dynamic gmin stepping
Note: Dynamic gmin stepping completed

Error: measure  f180  when(WHEN) : out of interval

Error: measure  gmx  find(AT) : out of interval

Error: measure  f0r  when(WHEN) : out of interval
Error: &f180: no such variable.
Error: &gmx: no such variable.
Error: &f0r: no such variable.
Note: Starting dynamic gmin stepping
Note: Dynamic gmin stepping completed
Note: Starting dynamic gmin stepping
Note: Dynamic gmin stepping completed
Note: Starting dynamic gmin stepping
Note: Dynamic gmin stepping completed

Error: measure  f180  when(WHEN) : out of interval

Error: measure  gmx  find(AT) : out of interval

Error: measure  f0r  when(WHEN) : out of interval
Error: &f180: no such variable.
Error: &gmx: no such variable.
Error: &f0r: no such variable.
Note: Starting dynamic gmin stepping
Note: Dynamic gmin stepping completed
Note: Starting dynamic gmin stepping
Note: Dynamic gmin stepping completed
Note: Starting dynamic gmin stepping
Note: Dynamic gmin stepping completed

Error: measure  f180  when(WHEN) : out of interval

Error: measure  gmx  find(AT) : out of interval

Error: measure  f0r  when(WHEN) : out of interval
Error: &f180: no such variable.
Error: &gmx: no such variable.
Error: &f0r: no such variable.
Note: Starting dynamic gmin stepping
Note: Dynamic gmin stepping completed
Note: Starting dynamic gmin stepping
Note: Dynamic gmin stepping completed
Note: Starting dynamic gmin stepping
Note: Dynamic gmin stepping completed

Error: measure  f180  when(WHEN) : out of interval

Error: measure  gmx  find(AT) : out of interval

Error: measure  f0r  when(WHEN) : out of interval
Error: &f180: no such variable.
Error: &gmx: no such variable.
Error: &f0r: no such variable.
Note: Starting dynamic gmin stepping
Note: Dynamic gmin stepping completed
Note: Starting dynamic gmin stepping
Note: Dynamic gmin stepping completed
Note: Starting dynamic gmin stepping
Note: Dynamic gmin stepping completed

Error: measure  f180  when(WHEN) : out of interval

Error: measure  gmx  find(AT) : out of interval

Error: measure  f0r  when(WHEN) : out of interval
Error: &f180: no such variable.
Error: &gmx: no such variable.
Error: &f0r: no such variable.
Note: Starting dynamic gmin stepping
Note: Dynamic gmin stepping completed
Note: Starting dynamic gmin stepping
Note: Dynamic gmin stepping completed
Note: Starting dynamic gmin stepping
Note: Dynamic gmin stepping completed

Error: measure  f180  when(WHEN) : out of interval

Error: measure  gmx  find(AT) : out of interval

Error: measure  f0r  when(WHEN) : out of interval
Error: &f180: no such variable.
Error: &gmx: no such variable.
Error: &f0r: no such variable.
Note: Starting dynamic gmin stepping
Note: Dynamic gmin stepping completed
Note: Starting dynamic gmin stepping
Note: Dynamic gmin stepping completed
Note: Starting dynamic gmin stepping
Note: Dynamic gmin stepping completed

Error: measure  f180  when(WHEN) : out of interval

Error: measure  gmx  find(AT) : out of interval

Error: measure  f0r  when(WHEN) : out of interval
Error: &f180: no such variable.
Error: &gmx: no such variable.
Error: &f0r: no such variable.
Note: Starting dynamic gmin stepping
Note: Dynamic gmin stepping completed
Note: Starting dynamic gmin stepping
Note: Dynamic gmin stepping completed
Note: Starting dynamic gmin stepping
Note: Dynamic gmin stepping completed

Error: measure  f180  when(WHEN) : out of interval

Error: measure  gmx  find(AT) : out of interval

Error: measure  f0r  when(WHEN) : out of interval
Error: &f180: no such variable.
Error: &gmx: no such variable.
Error: &f0r: no such variable.
Note: Starting dynamic gmin stepping
Note: Dynamic gmin stepping completed
Note: Starting dynamic gmin stepping
Note: Dynamic gmin stepping completed
Note: Starting dynamic gmin stepping
Note: Dynamic gmin stepping completed

Error: measure  f180  when(WHEN) : out of interval

Error: measure  gmx  find(AT) : out of interval

Error: measure  f0r  when(WHEN) : out of interval
Error: &f180: no such variable.
Error: &gmx: no such variable.
Error: &f0r: no such variable.
Note: Starting dynamic gmin stepping
Note: Dynamic gmin stepping completed
Note: Starting dynamic gmin stepping
Note: Dynamic gmin stepping completed
Note: Starting dynamic gmin stepping
Note: Dynamic gmin stepping completed

Error: measure  f180  when(WHEN) : out of interval

Error: measure  gmx  find(AT) : out of interval

Error: measure  f0r  when(WHEN) : out of interval
Error: &f180: no such variable.
Error: &gmx: no such variable.
Error: &f0r: no such variable.
