
Note: Compatibility modes selected: hs a


Circuit: * loop-stability -- tian dual-injection loop-gain testbench for ldo_core (issue #10)

* corner_id=tt_125c_2.97v corner=tt temp_c=125 vin_v=2.97
* ac sweep: dec 50 0.01 1e9 ; Tian dual injection at ERRAMP_OUT->PASS_GATE
* columns: ROW iload_a= ceff_f= esr_ohm= vout_v= dcgain_db= f0_hz= phase_at_f0_deg=
*          f180_hz= gain_at_f180_db= f0_rising_hz= resurgence_db=
* (phase margin = 180 + phase_at_f0_deg ; gain margin = -gain_at_f180_db ;
*  resurgence_db = max |T| in dB above the first 0 dB crossing, DR-0008 ;
*  an empty f180/gain field means the phase never reaches -180 deg in band)
* Fields are written key=value BECAUSE a failed meas leaves its value
* empty: with bare positional fields an empty one vanishes into the
* whitespace and every field after it is read as the wrong quantity.
Doing analysis at TEMP = 125.000000 and TNOM = 27.000000

Using SPARSE 1.3 as Direct Linear Solver
 Reference value :  0.00000e+00
No. of Data Rows : 1
Doing analysis at TEMP = 125.000000 and TNOM = 27.000000

Using SPARSE 1.3 as Direct Linear Solver

No. of Data Rows : 551
Doing analysis at TEMP = 125.000000 and TNOM = 27.000000

Using SPARSE 1.3 as Direct Linear Solver
 Reference value :  1.00000e-02
No. of Data Rows : 551
dcg                 =  1.29089e+02
f0                  =  1.81944e+03
phx                 =  -1.60769e+02
 meas ac f180 when tph=-1.800000e+02 fall=1 failed!

 meas ac gmx find tdb when tph=-1.800000e+02 fall=1 failed!

 meas ac f0r when tdb=0 rise=1 failed!

tres                =  -7.59881e-01 at=  1.90546e+03
ROW iload_a=0 ceff_f=3.3e-07 esr_ohm=0.001 vout_v=1.79921 dcgain_db=129.089 f0_hz=1819.44 phase_at_f0_deg=-160.769 f180_hz= gain_at_f180_db= f0_rising_hz= resurgence_db=-0.759881
Doing analysis at TEMP = 125.000000 and TNOM = 27.000000

Using SPARSE 1.3 as Direct Linear Solver

No. of Data Rows : 1
Doing analysis at TEMP = 125.000000 and TNOM = 27.000000

Using SPARSE 1.3 as Direct Linear Solver
 Reference value :  1.00000e-02
No. of Data Rows : 551
Doing analysis at TEMP = 125.000000 and TNOM = 27.000000

Using SPARSE 1.3 as Direct Linear Solver

No. of Data Rows : 551
dcg                 =  1.29089e+02
f0                  =  1.81944e+03
phx                 =  -1.60759e+02
 meas ac f180 when tph=-1.800000e+02 fall=1 failed!

 meas ac gmx find tdb when tph=-1.800000e+02 fall=1 failed!

 meas ac f0r when tdb=0 rise=1 failed!

tres                =  -7.59880e-01 at=  1.90546e+03
ROW iload_a=0 ceff_f=3.3e-07 esr_ohm=0.05 vout_v=1.79921 dcgain_db=129.089 f0_hz=1819.44 phase_at_f0_deg=-160.758 f180_hz= gain_at_f180_db= f0_rising_hz= resurgence_db=-0.75988
Doing analysis at TEMP = 125.000000 and TNOM = 27.000000

Using SPARSE 1.3 as Direct Linear Solver
 Reference value :  0.00000e+00
No. of Data Rows : 1
Doing analysis at TEMP = 125.000000 and TNOM = 27.000000

Using SPARSE 1.3 as Direct Linear Solver

No. of Data Rows : 551
Doing analysis at TEMP = 125.000000 and TNOM = 27.000000

Using SPARSE 1.3 as Direct Linear Solver
 Reference value :  1.00000e-02
No. of Data Rows : 551
dcg                 =  1.29089e+02
f0                  =  1.81944e+03
phx                 =  -1.60726e+02
 meas ac f180 when tph=-1.800000e+02 fall=1 failed!

 meas ac gmx find tdb when tph=-1.800000e+02 fall=1 failed!

 meas ac f0r when tdb=0 rise=1 failed!

tres                =  -7.59880e-01 at=  1.90546e+03
ROW iload_a=0 ceff_f=3.3e-07 esr_ohm=0.2 vout_v=1.79921 dcgain_db=129.089 f0_hz=1819.44 phase_at_f0_deg=-160.726 f180_hz= gain_at_f180_db= f0_rising_hz= resurgence_db=-0.75988
Doing analysis at TEMP = 125.000000 and TNOM = 27.000000

Using SPARSE 1.3 as Direct Linear Solver

No. of Data Rows : 1
Doing analysis at TEMP = 125.000000 and TNOM = 27.000000

Using SPARSE 1.3 as Direct Linear Solver
 Reference value :  1.00000e-02
No. of Data Rows : 551
Doing analysis at TEMP = 125.000000 and TNOM = 27.000000

Using SPARSE 1.3 as Direct Linear Solver

No. of Data Rows : 551
dcg                 =  1.29089e+02
f0                  =  1.81944e+03
phx                 =  -1.60661e+02
 meas ac f180 when tph=-1.800000e+02 fall=1 failed!

 meas ac gmx find tdb when tph=-1.800000e+02 fall=1 failed!

 meas ac f0r when tdb=0 rise=1 failed!

tres                =  -7.59869e-01 at=  1.90546e+03
ROW iload_a=0 ceff_f=3.3e-07 esr_ohm=0.5 vout_v=1.79921 dcgain_db=129.089 f0_hz=1819.44 phase_at_f0_deg=-160.661 f180_hz= gain_at_f180_db= f0_rising_hz= resurgence_db=-0.759869
Doing analysis at TEMP = 125.000000 and TNOM = 27.000000

Using SPARSE 1.3 as Direct Linear Solver
 Reference value :  0.00000e+00
No. of Data Rows : 1
Doing analysis at TEMP = 125.000000 and TNOM = 27.000000

Using SPARSE 1.3 as Direct Linear Solver

No. of Data Rows : 551
Doing analysis at TEMP = 125.000000 and TNOM = 27.000000

Using SPARSE 1.3 as Direct Linear Solver
 Reference value :  1.00000e-02
No. of Data Rows : 551
dcg                 =  1.29082e+02
f0                  =  1.02683e+03
phx                 =  -1.68830e+02
 meas ac f180 when tph=-1.800000e+02 fall=1 failed!

 meas ac gmx find tdb when tph=-1.800000e+02 fall=1 failed!

 meas ac f0r when tdb=0 rise=1 failed!

tres                =  -1.12348e+00 at=  1.09648e+03
ROW iload_a=0 ceff_f=1e-06 esr_ohm=0.001 vout_v=1.79921 dcgain_db=129.082 f0_hz=1026.83 phase_at_f0_deg=-168.83 f180_hz= gain_at_f180_db= f0_rising_hz= resurgence_db=-1.12348
Doing analysis at TEMP = 125.000000 and TNOM = 27.000000

Using SPARSE 1.3 as Direct Linear Solver

No. of Data Rows : 1
Doing analysis at TEMP = 125.000000 and TNOM = 27.000000

Using SPARSE 1.3 as Direct Linear Solver
 Reference value :  1.00000e-02
No. of Data Rows : 551
Doing analysis at TEMP = 125.000000 and TNOM = 27.000000

Using SPARSE 1.3 as Direct Linear Solver
 Reference value :  4.36516e+02
No. of Data Rows : 551
dcg                 =  1.29082e+02
f0                  =  1.02683e+03
phx                 =  -1.68812e+02
 meas ac f180 when tph=-1.800000e+02 fall=1 failed!

 meas ac gmx find tdb when tph=-1.800000e+02 fall=1 failed!

 meas ac f0r when tdb=0 rise=1 failed!

tres                =  -1.12348e+00 at=  1.09648e+03
ROW iload_a=0 ceff_f=1e-06 esr_ohm=0.05 vout_v=1.79921 dcgain_db=129.082 f0_hz=1026.83 phase_at_f0_deg=-168.812 f180_hz= gain_at_f180_db= f0_rising_hz= resurgence_db=-1.12348
Doing analysis at TEMP = 125.000000 and TNOM = 27.000000

Using SPARSE 1.3 as Direct Linear Solver

No. of Data Rows : 1
Doing analysis at TEMP = 125.000000 and TNOM = 27.000000

Using SPARSE 1.3 as Direct Linear Solver
 Reference value :  1.00000e-02
No. of Data Rows : 551
Doing analysis at TEMP = 125.000000 and TNOM = 27.000000

Using SPARSE 1.3 as Direct Linear Solver
 Reference value :  2.18776e+00
No. of Data Rows : 551
dcg                 =  1.29082e+02
f0                  =  1.02683e+03
phx                 =  -1.68757e+02
 meas ac f180 when tph=-1.800000e+02 fall=1 failed!

 meas ac gmx find tdb when tph=-1.800000e+02 fall=1 failed!

 meas ac f0r when tdb=0 rise=1 failed!

tres                =  -1.12348e+00 at=  1.09648e+03
ROW iload_a=0 ceff_f=1e-06 esr_ohm=0.2 vout_v=1.79921 dcgain_db=129.082 f0_hz=1026.83 phase_at_f0_deg=-168.757 f180_hz= gain_at_f180_db= f0_rising_hz= resurgence_db=-1.12348
Doing analysis at TEMP = 125.000000 and TNOM = 27.000000

Using SPARSE 1.3 as Direct Linear Solver

No. of Data Rows : 1
Doing analysis at TEMP = 125.000000 and TNOM = 27.000000

Using SPARSE 1.3 as Direct Linear Solver
 Reference value :  1.00000e-02
No. of Data Rows : 551
Doing analysis at TEMP = 125.000000 and TNOM = 27.000000

Using SPARSE 1.3 as Direct Linear Solver
 Reference value :  1.58489e+02
No. of Data Rows : 551
dcg                 =  1.29082e+02
f0                  =  1.02683e+03
phx                 =  -1.68646e+02
 meas ac f180 when tph=-1.800000e+02 fall=1 failed!

 meas ac gmx find tdb when tph=-1.800000e+02 fall=1 failed!

 meas ac f0r when tdb=0 rise=1 failed!

tres                =  -1.12344e+00 at=  1.09648e+03
ROW iload_a=0 ceff_f=1e-06 esr_ohm=0.5 vout_v=1.79921 dcgain_db=129.082 f0_hz=1026.83 phase_at_f0_deg=-168.646 f180_hz= gain_at_f180_db= f0_rising_hz= resurgence_db=-1.12344
Doing analysis at TEMP = 125.000000 and TNOM = 27.000000

Using SPARSE 1.3 as Direct Linear Solver

No. of Data Rows : 1
Doing analysis at TEMP = 125.000000 and TNOM = 27.000000

Using SPARSE 1.3 as Direct Linear Solver
 Reference value :  1.00000e-02
No. of Data Rows : 551
Doing analysis at TEMP = 125.000000 and TNOM = 27.000000

Using SPARSE 1.3 as Direct Linear Solver
 Reference value :  1.14815e+02
No. of Data Rows : 551
dcg                 =  1.28899e+02
f0                  =  4.70342e+02
phx                 =  -1.74679e+02
 meas ac f180 when tph=-1.800000e+02 fall=1 failed!

 meas ac gmx find tdb when tph=-1.800000e+02 fall=1 failed!

 meas ac f0r when tdb=0 rise=1 failed!

tres                =  -1.10340e+00 at=  5.01187e+02
ROW iload_a=0 ceff_f=4.7e-06 esr_ohm=0.001 vout_v=1.79921 dcgain_db=128.899 f0_hz=470.342 phase_at_f0_deg=-174.679 f180_hz= gain_at_f180_db= f0_rising_hz= resurgence_db=-1.1034
Doing analysis at TEMP = 125.000000 and TNOM = 27.000000

Using SPARSE 1.3 as Direct Linear Solver

No. of Data Rows : 1
Doing analysis at TEMP = 125.000000 and TNOM = 27.000000

Using SPARSE 1.3 as Direct Linear Solver
 Reference value :  1.00000e-02
No. of Data Rows : 551
Doing analysis at TEMP = 125.000000 and TNOM = 27.000000

Using SPARSE 1.3 as Direct Linear Solver
 Reference value :  1.90546e+03
No. of Data Rows : 551
dcg                 =  1.28899e+02
f0                  =  4.70342e+02
phx                 =  -1.74640e+02
 meas ac f180 when tph=-1.800000e+02 fall=1 failed!

 meas ac gmx find tdb when tph=-1.800000e+02 fall=1 failed!

 meas ac f0r when tdb=0 rise=1 failed!

tres                =  -1.10340e+00 at=  5.01187e+02
ROW iload_a=0 ceff_f=4.7e-06 esr_ohm=0.05 vout_v=1.79921 dcgain_db=128.899 f0_hz=470.342 phase_at_f0_deg=-174.64 f180_hz= gain_at_f180_db= f0_rising_hz= resurgence_db=-1.1034
Doing analysis at TEMP = 125.000000 and TNOM = 27.000000

Using SPARSE 1.3 as Direct Linear Solver

No. of Data Rows : 1
Doing analysis at TEMP = 125.000000 and TNOM = 27.000000

Using SPARSE 1.3 as Direct Linear Solver
 Reference value :  1.00000e-02
No. of Data Rows : 551
Doing analysis at TEMP = 125.000000 and TNOM = 27.000000

Using SPARSE 1.3 as Direct Linear Solver
 Reference value :  4.16869e+01
No. of Data Rows : 551
dcg                 =  1.28899e+02
f0                  =  4.70343e+02
phx                 =  -1.74521e+02
 meas ac f180 when tph=-1.800000e+02 fall=1 failed!

 meas ac gmx find tdb when tph=-1.800000e+02 fall=1 failed!

 meas ac f0r when tdb=0 rise=1 failed!

tres                =  -1.10336e+00 at=  5.01187e+02
ROW iload_a=0 ceff_f=4.7e-06 esr_ohm=0.2 vout_v=1.79921 dcgain_db=128.899 f0_hz=470.343 phase_at_f0_deg=-174.521 f180_hz= gain_at_f180_db= f0_rising_hz= resurgence_db=-1.10336
Doing analysis at TEMP = 125.000000 and TNOM = 27.000000

Using SPARSE 1.3 as Direct Linear Solver

No. of Data Rows : 1
Doing analysis at TEMP = 125.000000 and TNOM = 27.000000

Using SPARSE 1.3 as Direct Linear Solver
 Reference value :  1.00000e-02
No. of Data Rows : 551
Doing analysis at TEMP = 125.000000 and TNOM = 27.000000

Using SPARSE 1.3 as Direct Linear Solver
 Reference value :  2.51189e+00
No. of Data Rows : 551
dcg                 =  1.28899e+02
f0                  =  4.70347e+02
phx                 =  -1.74282e+02
 meas ac f180 when tph=-1.800000e+02 fall=1 failed!

 meas ac gmx find tdb when tph=-1.800000e+02 fall=1 failed!

 meas ac f0r when tdb=0 rise=1 failed!

tres                =  -1.10317e+00 at=  5.01187e+02
ROW iload_a=0 ceff_f=4.7e-06 esr_ohm=0.5 vout_v=1.79921 dcgain_db=128.899 f0_hz=470.347 phase_at_f0_deg=-174.282 f180_hz= gain_at_f180_db= f0_rising_hz= resurgence_db=-1.10317
Doing analysis at TEMP = 125.000000 and TNOM = 27.000000

Using SPARSE 1.3 as Direct Linear Solver
 Reference value :  0.00000e+00
No. of Data Rows : 1
Doing analysis at TEMP = 125.000000 and TNOM = 27.000000

Using SPARSE 1.3 as Direct Linear Solver
 Reference value :  1.20226e+08
No. of Data Rows : 551
Doing analysis at TEMP = 125.000000 and TNOM = 27.000000

Using SPARSE 1.3 as Direct Linear Solver
 Reference value :  6.30957e+04
No. of Data Rows : 551
dcg                 =  1.43850e+02
f0                  =  8.56887e+04
phx                 =  -9.19913e+01
 meas ac f180 when tph=-1.800000e+02 fall=1 failed!

 meas ac gmx find tdb when tph=-1.800000e+02 fall=1 failed!

 meas ac f0r when tdb=0 rise=1 failed!

tres                =  -4.69395e-01 at=  9.12011e+04
ROW iload_a=0.0001 ceff_f=3.3e-07 esr_ohm=0.001 vout_v=1.79921 dcgain_db=143.85 f0_hz=85688.7 phase_at_f0_deg=-91.9913 f180_hz= gain_at_f180_db= f0_rising_hz= resurgence_db=-0.469395
Doing analysis at TEMP = 125.000000 and TNOM = 27.000000

Using SPARSE 1.3 as Direct Linear Solver

No. of Data Rows : 1
Doing analysis at TEMP = 125.000000 and TNOM = 27.000000

Using SPARSE 1.3 as Direct Linear Solver
 Reference value :  1.00000e-02
No. of Data Rows : 551
Doing analysis at TEMP = 125.000000 and TNOM = 27.000000

Using SPARSE 1.3 as Direct Linear Solver
 Reference value :  1.00000e-02
No. of Data Rows : 551
dcg                 =  1.43850e+02
f0                  =  8.56926e+04
phx                 =  -9.14929e+01
 meas ac f180 when tph=-1.800000e+02 fall=1 failed!

 meas ac gmx find tdb when tph=-1.800000e+02 fall=1 failed!

 meas ac f0r when tdb=0 rise=1 failed!

tres                =  -4.41473e-01 at=  5.75440e+05
ROW iload_a=0.0001 ceff_f=3.3e-07 esr_ohm=0.05 vout_v=1.79921 dcgain_db=143.85 f0_hz=85692.6 phase_at_f0_deg=-91.4929 f180_hz= gain_at_f180_db= f0_rising_hz= resurgence_db=-0.441473
Doing analysis at TEMP = 125.000000 and TNOM = 27.000000

Using SPARSE 1.3 as Direct Linear Solver
 Reference value :  0.00000e+00
No. of Data Rows : 1
Doing analysis at TEMP = 125.000000 and TNOM = 27.000000

Using SPARSE 1.3 as Direct Linear Solver
 Reference value :  1.90546e+04
No. of Data Rows : 551
Doing analysis at TEMP = 125.000000 and TNOM = 27.000000

Using SPARSE 1.3 as Direct Linear Solver
 Reference value :  6.30957e+01
No. of Data Rows : 551
dcg                 =  1.43850e+02
f0                  =  8.57510e+04
phx                 =  -8.99704e+01
 meas ac f180 when tph=-1.800000e+02 fall=1 failed!

 meas ac gmx find tdb when tph=-1.800000e+02 fall=1 failed!

 meas ac f0r when tdb=0 rise=1 failed!

tres                =  -1.66636e-01 at=  5.75440e+05
ROW iload_a=0.0001 ceff_f=3.3e-07 esr_ohm=0.2 vout_v=1.79921 dcgain_db=143.85 f0_hz=85751 phase_at_f0_deg=-89.9704 f180_hz= gain_at_f180_db= f0_rising_hz= resurgence_db=-0.166636
Doing analysis at TEMP = 125.000000 and TNOM = 27.000000

Using SPARSE 1.3 as Direct Linear Solver
 Reference value :  0.00000e+00
No. of Data Rows : 1
Doing analysis at TEMP = 125.000000 and TNOM = 27.000000

Using SPARSE 1.3 as Direct Linear Solver
 Reference value :  1.38038e+05
No. of Data Rows : 551
Doing analysis at TEMP = 125.000000 and TNOM = 27.000000

Using SPARSE 1.3 as Direct Linear Solver
 Reference value :  1.31826e+02
No. of Data Rows : 551
dcg                 =  1.43850e+02
f0                  =  8.60804e+04
phx                 =  -8.69356e+01
 meas ac f180 when tph=-1.800000e+02 fall=1 failed!

 meas ac gmx find tdb when tph=-1.800000e+02 fall=1 failed!

f0r                 =  5.63723e+05
tres                =  9.78401e-01 at=  5.75440e+05
ROW iload_a=0.0001 ceff_f=3.3e-07 esr_ohm=0.5 vout_v=1.79921 dcgain_db=143.85 f0_hz=86080.4 phase_at_f0_deg=-86.9356 f180_hz= gain_at_f180_db= f0_rising_hz=563723 resurgence_db=0.978401
Doing analysis at TEMP = 125.000000 and TNOM = 27.000000

Using SPARSE 1.3 as Direct Linear Solver

No. of Data Rows : 1
Doing analysis at TEMP = 125.000000 and TNOM = 27.000000

Using SPARSE 1.3 as Direct Linear Solver
 Reference value :  1.00000e-02
No. of Data Rows : 551
Doing analysis at TEMP = 125.000000 and TNOM = 27.000000

Using SPARSE 1.3 as Direct Linear Solver
 Reference value :  1.00000e-02
No. of Data Rows : 551
dcg                 =  1.43850e+02
f0                  =  2.35008e+04
phx                 =  -9.65290e+01
 meas ac f180 when tph=-1.800000e+02 fall=1 failed!

 meas ac gmx find tdb when tph=-1.800000e+02 fall=1 failed!

 meas ac f0r when tdb=0 rise=1 failed!

tres                =  -5.35069e-01 at=  2.51189e+04
ROW iload_a=0.0001 ceff_f=1e-06 esr_ohm=0.001 vout_v=1.79921 dcgain_db=143.85 f0_hz=23500.8 phase_at_f0_deg=-96.5291 f180_hz= gain_at_f180_db= f0_rising_hz= resurgence_db=-0.535069
Doing analysis at TEMP = 125.000000 and TNOM = 27.000000

Using SPARSE 1.3 as Direct Linear Solver
 Reference value :  0.00000e+00
No. of Data Rows : 1
Doing analysis at TEMP = 125.000000 and TNOM = 27.000000

Using SPARSE 1.3 as Direct Linear Solver

No. of Data Rows : 551
Doing analysis at TEMP = 125.000000 and TNOM = 27.000000

Using SPARSE 1.3 as Direct Linear Solver
 Reference value :  1.00000e-02
No. of Data Rows : 551
dcg                 =  1.43850e+02
f0                  =  2.35015e+04
phx                 =  -9.61141e+01
 meas ac f180 when tph=-1.800000e+02 fall=1 failed!

 meas ac gmx find tdb when tph=-1.800000e+02 fall=1 failed!

 meas ac f0r when tdb=0 rise=1 failed!

tres                =  -5.34811e-01 at=  2.51189e+04
ROW iload_a=0.0001 ceff_f=1e-06 esr_ohm=0.05 vout_v=1.79921 dcgain_db=143.85 f0_hz=23501.5 phase_at_f0_deg=-96.1141 f180_hz= gain_at_f180_db= f0_rising_hz= resurgence_db=-0.534811
Doing analysis at TEMP = 125.000000 and TNOM = 27.000000

Using SPARSE 1.3 as Direct Linear Solver
 Reference value :  0.00000e+00
No. of Data Rows : 1
Doing analysis at TEMP = 125.000000 and TNOM = 27.000000

Using SPARSE 1.3 as Direct Linear Solver
 Reference value :  2.75423e+07
No. of Data Rows : 551
Doing analysis at TEMP = 125.000000 and TNOM = 27.000000

Using SPARSE 1.3 as Direct Linear Solver
 Reference value :  2.75423e+04
No. of Data Rows : 551
dcg                 =  1.43850e+02
f0                  =  2.35117e+04
phx                 =  -9.48381e+01
 meas ac f180 when tph=-1.800000e+02 fall=1 failed!

 meas ac gmx find tdb when tph=-1.800000e+02 fall=1 failed!

 meas ac f0r when tdb=0 rise=1 failed!

tres                =  -5.30792e-01 at=  2.51189e+04
ROW iload_a=0.0001 ceff_f=1e-06 esr_ohm=0.2 vout_v=1.79921 dcgain_db=143.85 f0_hz=23511.7 phase_at_f0_deg=-94.8381 f180_hz= gain_at_f180_db= f0_rising_hz= resurgence_db=-0.530792
Doing analysis at TEMP = 125.000000 and TNOM = 27.000000

Using SPARSE 1.3 as Direct Linear Solver

No. of Data Rows : 1
Doing analysis at TEMP = 125.000000 and TNOM = 27.000000

Using SPARSE 1.3 as Direct Linear Solver
 Reference value :  1.00000e-02
No. of Data Rows : 551
Doing analysis at TEMP = 125.000000 and TNOM = 27.000000

Using SPARSE 1.3 as Direct Linear Solver
 Reference value :  1.00000e-02
No. of Data Rows : 551
dcg                 =  1.43850e+02
f0                  =  2.35695e+04
phx                 =  -9.22578e+01
 meas ac f180 when tph=-1.800000e+02 fall=1 failed!

 meas ac gmx find tdb when tph=-1.800000e+02 fall=1 failed!

 meas ac f0r when tdb=0 rise=1 failed!

tres                =  -5.08229e-01 at=  2.51189e+04
ROW iload_a=0.0001 ceff_f=1e-06 esr_ohm=0.5 vout_v=1.79921 dcgain_db=143.85 f0_hz=23569.5 phase_at_f0_deg=-92.2578 f180_hz= gain_at_f180_db= f0_rising_hz= resurgence_db=-0.508229
Doing analysis at TEMP = 125.000000 and TNOM = 27.000000

Using SPARSE 1.3 as Direct Linear Solver
 Reference value :  0.00000e+00
No. of Data Rows : 1
Doing analysis at TEMP = 125.000000 and TNOM = 27.000000

Using SPARSE 1.3 as Direct Linear Solver
 Reference value :  1.38038e+06
No. of Data Rows : 551
Doing analysis at TEMP = 125.000000 and TNOM = 27.000000

Using SPARSE 1.3 as Direct Linear Solver
 Reference value :  5.49541e+01
No. of Data Rows : 551
dcg                 =  1.43849e+02
f0                  =  6.08209e+03
phx                 =  -1.29525e+02
 meas ac f180 when tph=-1.800000e+02 fall=1 failed!

 meas ac gmx find tdb when tph=-1.800000e+02 fall=1 failed!

 meas ac f0r when tdb=0 rise=1 failed!

tres                =  -1.01646e+00 at=  6.60693e+03
ROW iload_a=0.0001 ceff_f=4.7e-06 esr_ohm=0.001 vout_v=1.79921 dcgain_db=143.849 f0_hz=6082.09 phase_at_f0_deg=-129.525 f180_hz= gain_at_f180_db= f0_rising_hz= resurgence_db=-1.01646
Doing analysis at TEMP = 125.000000 and TNOM = 27.000000

Using SPARSE 1.3 as Direct Linear Solver

No. of Data Rows : 1
Doing analysis at TEMP = 125.000000 and TNOM = 27.000000

Using SPARSE 1.3 as Direct Linear Solver
 Reference value :  1.00000e-02
No. of Data Rows : 551
Doing analysis at TEMP = 125.000000 and TNOM = 27.000000

Using SPARSE 1.3 as Direct Linear Solver
 Reference value :  6.30957e-02
No. of Data Rows : 551
dcg                 =  1.43849e+02
f0                  =  6.08225e+03
phx                 =  -1.29020e+02
 meas ac f180 when tph=-1.800000e+02 fall=1 failed!

 meas ac gmx find tdb when tph=-1.800000e+02 fall=1 failed!

 meas ac f0r when tdb=0 rise=1 failed!

tres                =  -1.01606e+00 at=  6.60693e+03
ROW iload_a=0.0001 ceff_f=4.7e-06 esr_ohm=0.05 vout_v=1.79921 dcgain_db=143.849 f0_hz=6082.25 phase_at_f0_deg=-129.02 f180_hz= gain_at_f180_db= f0_rising_hz= resurgence_db=-1.01606
Doing analysis at TEMP = 125.000000 and TNOM = 27.000000

Using SPARSE 1.3 as Direct Linear Solver

No. of Data Rows : 1
Doing analysis at TEMP = 125.000000 and TNOM = 27.000000

Using SPARSE 1.3 as Direct Linear Solver
 Reference value :  1.00000e-02
No. of Data Rows : 551
Doing analysis at TEMP = 125.000000 and TNOM = 27.000000

Using SPARSE 1.3 as Direct Linear Solver
 Reference value :  1.00000e-02
No. of Data Rows : 551
dcg                 =  1.43849e+02
f0                  =  6.08485e+03
phx                 =  -1.27464e+02
 meas ac f180 when tph=-1.800000e+02 fall=1 failed!

 meas ac gmx find tdb when tph=-1.800000e+02 fall=1 failed!

 meas ac f0r when tdb=0 rise=1 failed!

tres                =  -1.00990e+00 at=  6.60693e+03
ROW iload_a=0.0001 ceff_f=4.7e-06 esr_ohm=0.2 vout_v=1.79921 dcgain_db=143.849 f0_hz=6084.85 phase_at_f0_deg=-127.464 f180_hz= gain_at_f180_db= f0_rising_hz= resurgence_db=-1.0099
Doing analysis at TEMP = 125.000000 and TNOM = 27.000000

Using SPARSE 1.3 as Direct Linear Solver
 Reference value :  0.00000e+00
No. of Data Rows : 1
Doing analysis at TEMP = 125.000000 and TNOM = 27.000000

Using SPARSE 1.3 as Direct Linear Solver
 Reference value :  5.24807e+05
No. of Data Rows : 551
Doing analysis at TEMP = 125.000000 and TNOM = 27.000000

Using SPARSE 1.3 as Direct Linear Solver
 Reference value :  2.63027e+05
No. of Data Rows : 551
dcg                 =  1.43849e+02
f0                  =  6.09952e+03
phx                 =  -1.24303e+02
 meas ac f180 when tph=-1.800000e+02 fall=1 failed!

 meas ac gmx find tdb when tph=-1.800000e+02 fall=1 failed!

 meas ac f0r when tdb=0 rise=1 failed!

tres                =  -9.75455e-01 at=  6.60693e+03
ROW iload_a=0.0001 ceff_f=4.7e-06 esr_ohm=0.5 vout_v=1.79921 dcgain_db=143.849 f0_hz=6099.52 phase_at_f0_deg=-124.303 f180_hz= gain_at_f180_db= f0_rising_hz= resurgence_db=-0.975455
Doing analysis at TEMP = 125.000000 and TNOM = 27.000000

Using SPARSE 1.3 as Direct Linear Solver

No. of Data Rows : 1
Doing analysis at TEMP = 125.000000 and TNOM = 27.000000

Using SPARSE 1.3 as Direct Linear Solver
 Reference value :  1.00000e-02
No. of Data Rows : 551
Doing analysis at TEMP = 125.000000 and TNOM = 27.000000

Using SPARSE 1.3 as Direct Linear Solver
 Reference value :  1.00000e-02
No. of Data Rows : 551
dcg                 =  1.44248e+02
f0                  =  7.38512e+05
phx                 =  1.86400e+01
 meas ac f180 when tph=-1.800000e+02 fall=1 failed!

 meas ac gmx find tdb when tph=-1.800000e+02 fall=1 failed!

 meas ac f0r when tdb=0 rise=1 failed!

tres                =  -3.77583e+00 at=  7.94328e+05
ROW iload_a=0.001 ceff_f=3.3e-07 esr_ohm=0.001 vout_v=1.79921 dcgain_db=144.248 f0_hz=738512 phase_at_f0_deg=18.64 f180_hz= gain_at_f180_db= f0_rising_hz= resurgence_db=-3.77583
Doing analysis at TEMP = 125.000000 and TNOM = 27.000000

Using SPARSE 1.3 as Direct Linear Solver
 Reference value :  0.00000e+00
No. of Data Rows : 1
Doing analysis at TEMP = 125.000000 and TNOM = 27.000000

Using SPARSE 1.3 as Direct Linear Solver
 Reference value :  1.73780e+03
No. of Data Rows : 551
Doing analysis at TEMP = 125.000000 and TNOM = 27.000000

Using SPARSE 1.3 as Direct Linear Solver
 Reference value :  7.94328e+02
No. of Data Rows : 551
dcg                 =  1.44248e+02
f0                  =  7.38933e+05
phx                 =  2.29494e+01
 meas ac f180 when tph=-1.800000e+02 fall=1 failed!

 meas ac gmx find tdb when tph=-1.800000e+02 fall=1 failed!

 meas ac f0r when tdb=0 rise=1 failed!

tres                =  -3.73911e+00 at=  7.94328e+05
ROW iload_a=0.001 ceff_f=3.3e-07 esr_ohm=0.05 vout_v=1.79921 dcgain_db=144.248 f0_hz=738933 phase_at_f0_deg=22.9494 f180_hz= gain_at_f180_db= f0_rising_hz= resurgence_db=-3.73911
Doing analysis at TEMP = 125.000000 and TNOM = 27.000000

Using SPARSE 1.3 as Direct Linear Solver
 Reference value :  0.00000e+00
No. of Data Rows : 1
Doing analysis at TEMP = 125.000000 and TNOM = 27.000000

Using SPARSE 1.3 as Direct Linear Solver
 Reference value :  3.63078e+02
No. of Data Rows : 551
Doing analysis at TEMP = 125.000000 and TNOM = 27.000000

Using SPARSE 1.3 as Direct Linear Solver
 Reference value :  1.00000e-02
No. of Data Rows : 551
dcg                 =  1.44248e+02
f0                  =  7.44221e+05
phx                 =  3.59002e+01
 meas ac f180 when tph=-1.800000e+02 fall=1 failed!

 meas ac gmx find tdb when tph=-1.800000e+02 fall=1 failed!

 meas ac f0r when tdb=0 rise=1 failed!

tres                =  -3.30090e+00 at=  7.94328e+05
ROW iload_a=0.001 ceff_f=3.3e-07 esr_ohm=0.2 vout_v=1.79921 dcgain_db=144.248 f0_hz=744221 phase_at_f0_deg=35.9002 f180_hz= gain_at_f180_db= f0_rising_hz= resurgence_db=-3.30091
Doing analysis at TEMP = 125.000000 and TNOM = 27.000000

Using SPARSE 1.3 as Direct Linear Solver
 Reference value :  0.00000e+00
No. of Data Rows : 1
Doing analysis at TEMP = 125.000000 and TNOM = 27.000000

Using SPARSE 1.3 as Direct Linear Solver
 Reference value :  1.81970e+06
No. of Data Rows : 551
Doing analysis at TEMP = 125.000000 and TNOM = 27.000000

Using SPARSE 1.3 as Direct Linear Solver
 Reference value :  1.81970e+02
No. of Data Rows : 551
dcg                 =  1.44248e+02
f0                  =  7.69674e+05
phx                 =  5.79297e+01
 meas ac f180 when tph=-1.800000e+02 fall=1 failed!

 meas ac gmx find tdb when tph=-1.800000e+02 fall=1 failed!

 meas ac f0r when tdb=0 rise=1 failed!

tres                =  -3.49214e+00 at=  8.31764e+05
ROW iload_a=0.001 ceff_f=3.3e-07 esr_ohm=0.5 vout_v=1.79921 dcgain_db=144.248 f0_hz=769674 phase_at_f0_deg=57.9297 f180_hz= gain_at_f180_db= f0_rising_hz= resurgence_db=-3.49214
Doing analysis at TEMP = 125.000000 and TNOM = 27.000000

Using SPARSE 1.3 as Direct Linear Solver
 Reference value :  0.00000e+00
No. of Data Rows : 1
Doing analysis at TEMP = 125.000000 and TNOM = 27.000000

Using SPARSE 1.3 as Direct Linear Solver
 Reference value :  3.01995e+04
No. of Data Rows : 551
Doing analysis at TEMP = 125.000000 and TNOM = 27.000000

Using SPARSE 1.3 as Direct Linear Solver
 Reference value :  2.75423e+01
No. of Data Rows : 551
dcg                 =  1.44248e+02
f0                  =  2.88860e+05
phx                 =  -1.06535e+02
 meas ac f180 when tph=-1.800000e+02 fall=1 failed!

 meas ac gmx find tdb when tph=-1.800000e+02 fall=1 failed!

f0r                 =  4.18489e+05
tres                =  5.77256e+00 at=  5.75440e+05
ROW iload_a=0.001 ceff_f=1e-06 esr_ohm=0.001 vout_v=1.79921 dcgain_db=144.248 f0_hz=288860 phase_at_f0_deg=-106.535 f180_hz= gain_at_f180_db= f0_rising_hz=418489 resurgence_db=5.77256
Doing analysis at TEMP = 125.000000 and TNOM = 27.000000

Using SPARSE 1.3 as Direct Linear Solver

No. of Data Rows : 1
Doing analysis at TEMP = 125.000000 and TNOM = 27.000000

Using SPARSE 1.3 as Direct Linear Solver
 Reference value :  1.00000e-02
No. of Data Rows : 551
Doing analysis at TEMP = 125.000000 and TNOM = 27.000000

Using SPARSE 1.3 as Direct Linear Solver
 Reference value :  1.00000e-02
No. of Data Rows : 551
dcg                 =  1.44248e+02
f0                  =  2.91802e+05
phx                 =  -1.01541e+02
 meas ac f180 when tph=-1.800000e+02 fall=1 failed!

 meas ac gmx find tdb when tph=-1.800000e+02 fall=1 failed!

f0r                 =  4.13318e+05
tres                =  5.93114e+00 at=  5.75440e+05
ROW iload_a=0.001 ceff_f=1e-06 esr_ohm=0.05 vout_v=1.79921 dcgain_db=144.248 f0_hz=291802 phase_at_f0_deg=-101.541 f180_hz= gain_at_f180_db= f0_rising_hz=413318 resurgence_db=5.93114
Doing analysis at TEMP = 125.000000 and TNOM = 27.000000

Using SPARSE 1.3 as Direct Linear Solver
 Reference value :  0.00000e+00
No. of Data Rows : 1
Doing analysis at TEMP = 125.000000 and TNOM = 27.000000

Using SPARSE 1.3 as Direct Linear Solver
 Reference value :  1.04713e+06
No. of Data Rows : 551
Doing analysis at TEMP = 125.000000 and TNOM = 27.000000

Using SPARSE 1.3 as Direct Linear Solver
 Reference value :  1.44544e+03
No. of Data Rows : 551
dcg                 =  1.44248e+02
f0                  =  6.55455e+05
phx                 =  4.81185e+01
 meas ac f180 when tph=-1.800000e+02 fall=1 failed!

 meas ac gmx find tdb when tph=-1.800000e+02 fall=1 failed!

 meas ac f0r when tdb=0 rise=1 failed!

tres                =  -3.35905e+00 at=  6.91831e+05
ROW iload_a=0.001 ceff_f=1e-06 esr_ohm=0.2 vout_v=1.79921 dcgain_db=144.248 f0_hz=655455 phase_at_f0_deg=48.1185 f180_hz= gain_at_f180_db= f0_rising_hz= resurgence_db=-3.35905
Doing analysis at TEMP = 125.000000 and TNOM = 27.000000

Using SPARSE 1.3 as Direct Linear Solver

No. of Data Rows : 1
Doing analysis at TEMP = 125.000000 and TNOM = 27.000000

Using SPARSE 1.3 as Direct Linear Solver
 Reference value :  1.00000e-02
No. of Data Rows : 551
Doing analysis at TEMP = 125.000000 and TNOM = 27.000000

Using SPARSE 1.3 as Direct Linear Solver
 Reference value :  2.29087e+07
No. of Data Rows : 551
dcg                 =  1.44248e+02
f0                  =  7.15943e+05
phx                 =  8.29960e+01
 meas ac f180 when tph=-1.800000e+02 fall=1 failed!

 meas ac gmx find tdb when tph=-1.800000e+02 fall=1 failed!

 meas ac f0r when tdb=0 rise=1 failed!

tres                =  -2.75147e+00 at=  7.58578e+05
ROW iload_a=0.001 ceff_f=1e-06 esr_ohm=0.5 vout_v=1.79921 dcgain_db=144.248 f0_hz=715943 phase_at_f0_deg=82.996 f180_hz= gain_at_f180_db= f0_rising_hz= resurgence_db=-2.75148
Doing analysis at TEMP = 125.000000 and TNOM = 27.000000

Using SPARSE 1.3 as Direct Linear Solver

No. of Data Rows : 1
Doing analysis at TEMP = 125.000000 and TNOM = 27.000000

Using SPARSE 1.3 as Direct Linear Solver
 Reference value :  1.00000e-02
No. of Data Rows : 551
Doing analysis at TEMP = 125.000000 and TNOM = 27.000000

Using SPARSE 1.3 as Direct Linear Solver
 Reference value :  1.00000e-02
No. of Data Rows : 551
dcg                 =  1.44248e+02
f0                  =  4.25149e+04
phx                 =  -9.04623e+01
 meas ac f180 when tph=-1.800000e+02 fall=1 failed!

 meas ac gmx find tdb when tph=-1.800000e+02 fall=1 failed!

 meas ac f0r when tdb=0 rise=1 failed!

tres                =  -5.27424e-01 at=  4.57088e+04
ROW iload_a=0.001 ceff_f=4.7e-06 esr_ohm=0.001 vout_v=1.79921 dcgain_db=144.248 f0_hz=42514.9 phase_at_f0_deg=-90.4623 f180_hz= gain_at_f180_db= f0_rising_hz= resurgence_db=-0.527424
Doing analysis at TEMP = 125.000000 and TNOM = 27.000000

Using SPARSE 1.3 as Direct Linear Solver
 Reference value :  0.00000e+00
No. of Data Rows : 1
Doing analysis at TEMP = 125.000000 and TNOM = 27.000000

Using SPARSE 1.3 as Direct Linear Solver

No. of Data Rows : 551
Doing analysis at TEMP = 125.000000 and TNOM = 27.000000

Using SPARSE 1.3 as Direct Linear Solver
 Reference value :  1.00000e-02
No. of Data Rows : 551
dcg                 =  1.44248e+02
f0                  =  4.26152e+04
phx                 =  -8.69240e+01
 meas ac f180 when tph=-1.800000e+02 fall=1 failed!

 meas ac gmx find tdb when tph=-1.800000e+02 fall=1 failed!

 meas ac f0r when tdb=0 rise=1 failed!

tres                =  -5.07770e-01 at=  4.57088e+04
ROW iload_a=0.001 ceff_f=4.7e-06 esr_ohm=0.05 vout_v=1.79921 dcgain_db=144.248 f0_hz=42615.2 phase_at_f0_deg=-86.924 f180_hz= gain_at_f180_db= f0_rising_hz= resurgence_db=-0.50777
Doing analysis at TEMP = 125.000000 and TNOM = 27.000000

Using SPARSE 1.3 as Direct Linear Solver
 Reference value :  0.00000e+00
No. of Data Rows : 1
Doing analysis at TEMP = 125.000000 and TNOM = 27.000000

Using SPARSE 1.3 as Direct Linear Solver
 Reference value :  5.49541e+05
No. of Data Rows : 551
Doing analysis at TEMP = 125.000000 and TNOM = 27.000000

Using SPARSE 1.3 as Direct Linear Solver
 Reference value :  4.78630e+00
No. of Data Rows : 551
dcg                 =  1.44248e+02
f0                  =  4.42233e+04
phx                 =  -7.57420e+01
 meas ac f180 when tph=-1.800000e+02 fall=1 failed!

 meas ac gmx find tdb when tph=-1.800000e+02 fall=1 failed!

f0r                 =  5.10948e+05
tres                =  3.45403e+00 at=  5.75440e+05
ROW iload_a=0.001 ceff_f=4.7e-06 esr_ohm=0.2 vout_v=1.79921 dcgain_db=144.248 f0_hz=44223.3 phase_at_f0_deg=-75.742 f180_hz= gain_at_f180_db= f0_rising_hz=510948 resurgence_db=3.45403
Doing analysis at TEMP = 125.000000 and TNOM = 27.000000

Using SPARSE 1.3 as Direct Linear Solver
 Reference value :  0.00000e+00
No. of Data Rows : 1
Doing analysis at TEMP = 125.000000 and TNOM = 27.000000

Using SPARSE 1.3 as Direct Linear Solver
 Reference value :  1.25893e+04
No. of Data Rows : 551
Doing analysis at TEMP = 125.000000 and TNOM = 27.000000

Using SPARSE 1.3 as Direct Linear Solver
 Reference value :  5.49541e-02
No. of Data Rows : 551
dcg                 =  1.44248e+02
f0                  =  6.02866e+04
phx                 =  -4.85219e+01
 meas ac f180 when tph=-1.800000e+02 fall=1 failed!

 meas ac gmx find tdb when tph=-1.800000e+02 fall=1 failed!

f0r                 =  3.24582e+05
tres                =  1.10240e+01 at=  5.75440e+05
ROW iload_a=0.001 ceff_f=4.7e-06 esr_ohm=0.5 vout_v=1.79921 dcgain_db=144.248 f0_hz=60286.6 phase_at_f0_deg=-48.5219 f180_hz= gain_at_f180_db= f0_rising_hz=324582 resurgence_db=11.024
Doing analysis at TEMP = 125.000000 and TNOM = 27.000000

Using SPARSE 1.3 as Direct Linear Solver

No. of Data Rows : 1
Doing analysis at TEMP = 125.000000 and TNOM = 27.000000

Using SPARSE 1.3 as Direct Linear Solver
 Reference value :  1.00000e-02
No. of Data Rows : 551
Doing analysis at TEMP = 125.000000 and TNOM = 27.000000

Using SPARSE 1.3 as Direct Linear Solver

No. of Data Rows : 551
dcg                 =  1.42259e+02
f0                  =  9.70681e+05
phx                 =  1.51033e+01
 meas ac f180 when tph=-1.800000e+02 fall=1 failed!

 meas ac gmx find tdb when tph=-1.800000e+02 fall=1 failed!

 meas ac f0r when tdb=0 rise=1 failed!

tres                =  -3.05493e+00 at=  1.04713e+06
ROW iload_a=0.01 ceff_f=3.3e-07 esr_ohm=0.001 vout_v=1.79921 dcgain_db=142.259 f0_hz=970681 phase_at_f0_deg=15.1033 f180_hz= gain_at_f180_db= f0_rising_hz= resurgence_db=-3.05493
Doing analysis at TEMP = 125.000000 and TNOM = 27.000000

Using SPARSE 1.3 as Direct Linear Solver
 Reference value :  0.00000e+00
No. of Data Rows : 1
Doing analysis at TEMP = 125.000000 and TNOM = 27.000000

Using SPARSE 1.3 as Direct Linear Solver

No. of Data Rows : 551
Doing analysis at TEMP = 125.000000 and TNOM = 27.000000

Using SPARSE 1.3 as Direct Linear Solver
 Reference value :  1.00000e-02
No. of Data Rows : 551
dcg                 =  1.42259e+02
f0                  =  9.71755e+05
phx                 =  2.07150e+01
 meas ac f180 when tph=-1.800000e+02 fall=1 failed!

 meas ac gmx find tdb when tph=-1.800000e+02 fall=1 failed!

 meas ac f0r when tdb=0 rise=1 failed!

tres                =  -3.00182e+00 at=  1.04713e+06
ROW iload_a=0.01 ceff_f=3.3e-07 esr_ohm=0.05 vout_v=1.79921 dcgain_db=142.259 f0_hz=971755 phase_at_f0_deg=20.715 f180_hz= gain_at_f180_db= f0_rising_hz= resurgence_db=-3.00183
Doing analysis at TEMP = 125.000000 and TNOM = 27.000000

Using SPARSE 1.3 as Direct Linear Solver

No. of Data Rows : 1
Doing analysis at TEMP = 125.000000 and TNOM = 27.000000

Using SPARSE 1.3 as Direct Linear Solver
 Reference value :  1.00000e-02
No. of Data Rows : 551
Doing analysis at TEMP = 125.000000 and TNOM = 27.000000

Using SPARSE 1.3 as Direct Linear Solver

No. of Data Rows : 551
dcg                 =  1.42259e+02
f0                  =  9.86930e+05
phx                 =  3.68642e+01
 meas ac f180 when tph=-1.800000e+02 fall=1 failed!

 meas ac gmx find tdb when tph=-1.800000e+02 fall=1 failed!

 meas ac f0r when tdb=0 rise=1 failed!

tres                =  -2.29783e+00 at=  1.04713e+06
ROW iload_a=0.01 ceff_f=3.3e-07 esr_ohm=0.2 vout_v=1.79921 dcgain_db=142.259 f0_hz=986930 phase_at_f0_deg=36.8642 f180_hz= gain_at_f180_db= f0_rising_hz= resurgence_db=-2.29783
Doing analysis at TEMP = 125.000000 and TNOM = 27.000000

Using SPARSE 1.3 as Direct Linear Solver
 Reference value :  0.00000e+00
No. of Data Rows : 1
Doing analysis at TEMP = 125.000000 and TNOM = 27.000000

Using SPARSE 1.3 as Direct Linear Solver

No. of Data Rows : 551
Doing analysis at TEMP = 125.000000 and TNOM = 27.000000

Using SPARSE 1.3 as Direct Linear Solver
 Reference value :  1.00000e-02
No. of Data Rows : 551
dcg                 =  1.42259e+02
f0                  =  1.05725e+06
phx                 =  6.05157e+01
 meas ac f180 when tph=-1.800000e+02 fall=1 failed!

 meas ac gmx find tdb when tph=-1.800000e+02 fall=1 failed!

 meas ac f0r when tdb=0 rise=1 failed!

tres                =  -2.80818e+00 at=  1.14815e+06
ROW iload_a=0.01 ceff_f=3.3e-07 esr_ohm=0.5 vout_v=1.79921 dcgain_db=142.259 f0_hz=1.05725E+06 phase_at_f0_deg=60.5157 f180_hz= gain_at_f180_db= f0_rising_hz= resurgence_db=-2.80818
Doing analysis at TEMP = 125.000000 and TNOM = 27.000000

Using SPARSE 1.3 as Direct Linear Solver

No. of Data Rows : 1
Doing analysis at TEMP = 125.000000 and TNOM = 27.000000

Using SPARSE 1.3 as Direct Linear Solver
 Reference value :  1.00000e-02
No. of Data Rows : 551
Doing analysis at TEMP = 125.000000 and TNOM = 27.000000

Using SPARSE 1.3 as Direct Linear Solver

No. of Data Rows : 551
dcg                 =  1.42259e+02
f0                  =  7.79258e+05
phx                 =  1.69784e+01
 meas ac f180 when tph=-1.800000e+02 fall=1 failed!

 meas ac gmx find tdb when tph=-1.800000e+02 fall=1 failed!

 meas ac f0r when tdb=0 rise=1 failed!

tres                =  -3.06044e+00 at=  8.31764e+05
ROW iload_a=0.01 ceff_f=1e-06 esr_ohm=0.001 vout_v=1.79921 dcgain_db=142.259 f0_hz=779258 phase_at_f0_deg=16.9784 f180_hz= gain_at_f180_db= f0_rising_hz= resurgence_db=-3.06044
Doing analysis at TEMP = 125.000000 and TNOM = 27.000000

Using SPARSE 1.3 as Direct Linear Solver
 Reference value :  0.00000e+00
No. of Data Rows : 1
Doing analysis at TEMP = 125.000000 and TNOM = 27.000000

Using SPARSE 1.3 as Direct Linear Solver

No. of Data Rows : 551
Doing analysis at TEMP = 125.000000 and TNOM = 27.000000

Using SPARSE 1.3 as Direct Linear Solver
 Reference value :  1.00000e-02
No. of Data Rows : 551
dcg                 =  1.42259e+02
f0                  =  7.83532e+05
phx                 =  3.05872e+01
 meas ac f180 when tph=-1.800000e+02 fall=1 failed!

 meas ac gmx find tdb when tph=-1.800000e+02 fall=1 failed!

 meas ac f0r when tdb=0 rise=1 failed!

tres                =  -2.75863e+00 at=  8.31764e+05
ROW iload_a=0.01 ceff_f=1e-06 esr_ohm=0.05 vout_v=1.79921 dcgain_db=142.259 f0_hz=783532 phase_at_f0_deg=30.5872 f180_hz= gain_at_f180_db= f0_rising_hz= resurgence_db=-2.75863
Doing analysis at TEMP = 125.000000 and TNOM = 27.000000

Using SPARSE 1.3 as Direct Linear Solver

No. of Data Rows : 1
Doing analysis at TEMP = 125.000000 and TNOM = 27.000000

Using SPARSE 1.3 as Direct Linear Solver
 Reference value :  1.00000e-02
No. of Data Rows : 551
Doing analysis at TEMP = 125.000000 and TNOM = 27.000000

Using SPARSE 1.3 as Direct Linear Solver
 Reference value :  2.63027e+07
No. of Data Rows : 551
dcg                 =  1.42259e+02
f0                  =  8.35508e+05
phx                 =  6.32319e+01
 meas ac f180 when tph=-1.800000e+02 fall=1 failed!

 meas ac gmx find tdb when tph=-1.800000e+02 fall=1 failed!

 meas ac f0r when tdb=0 rise=1 failed!

tres                =  -3.38123e+00 at=  9.12011e+05
ROW iload_a=0.01 ceff_f=1e-06 esr_ohm=0.2 vout_v=1.79921 dcgain_db=142.259 f0_hz=835508 phase_at_f0_deg=63.2319 f180_hz= gain_at_f180_db= f0_rising_hz= resurgence_db=-3.38123
Doing analysis at TEMP = 125.000000 and TNOM = 27.000000

Using SPARSE 1.3 as Direct Linear Solver

No. of Data Rows : 1
Doing analysis at TEMP = 125.000000 and TNOM = 27.000000

Using SPARSE 1.3 as Direct Linear Solver
 Reference value :  1.00000e-02
No. of Data Rows : 551
Doing analysis at TEMP = 125.000000 and TNOM = 27.000000

Using SPARSE 1.3 as Direct Linear Solver

No. of Data Rows : 551
dcg                 =  1.42259e+02
f0                  =  9.85923e+05
phx                 =  8.64252e+01
 meas ac f180 when tph=-1.800000e+02 fall=1 failed!

 meas ac gmx find tdb when tph=-1.800000e+02 fall=1 failed!

 meas ac f0r when tdb=0 rise=1 failed!

tres                =  -1.93626e+00 at=  1.04713e+06
ROW iload_a=0.01 ceff_f=1e-06 esr_ohm=0.5 vout_v=1.79921 dcgain_db=142.259 f0_hz=985923 phase_at_f0_deg=86.4252 f180_hz= gain_at_f180_db= f0_rising_hz= resurgence_db=-1.93626
Doing analysis at TEMP = 125.000000 and TNOM = 27.000000

Using SPARSE 1.3 as Direct Linear Solver
 Reference value :  0.00000e+00
No. of Data Rows : 1
Doing analysis at TEMP = 125.000000 and TNOM = 27.000000

Using SPARSE 1.3 as Direct Linear Solver

No. of Data Rows : 551
Doing analysis at TEMP = 125.000000 and TNOM = 27.000000

Using SPARSE 1.3 as Direct Linear Solver
 Reference value :  1.00000e-02
No. of Data Rows : 551
dcg                 =  1.42259e+02
f0                  =  2.85278e+05
phx                 =  -1.05137e+02
 meas ac f180 when tph=-1.800000e+02 fall=1 failed!

 meas ac gmx find tdb when tph=-1.800000e+02 fall=1 failed!

f0r                 =  4.16413e+05
tres                =  4.40847e+00 at=  5.49541e+05
ROW iload_a=0.01 ceff_f=4.7e-06 esr_ohm=0.001 vout_v=1.79921 dcgain_db=142.259 f0_hz=285278 phase_at_f0_deg=-105.137 f180_hz= gain_at_f180_db= f0_rising_hz=416413 resurgence_db=4.40847
Doing analysis at TEMP = 125.000000 and TNOM = 27.000000

Using SPARSE 1.3 as Direct Linear Solver

No. of Data Rows : 1
Doing analysis at TEMP = 125.000000 and TNOM = 27.000000

Using SPARSE 1.3 as Direct Linear Solver
 Reference value :  1.00000e-02
No. of Data Rows : 551
Doing analysis at TEMP = 125.000000 and TNOM = 27.000000

Using SPARSE 1.3 as Direct Linear Solver

No. of Data Rows : 551
dcg                 =  1.42259e+02
f0                  =  6.43996e+05
phx                 =  4.67944e+01
 meas ac f180 when tph=-1.800000e+02 fall=1 failed!

 meas ac gmx find tdb when tph=-1.800000e+02 fall=1 failed!

 meas ac f0r when tdb=0 rise=1 failed!

tres                =  -4.05758e+00 at=  6.91831e+05
ROW iload_a=0.01 ceff_f=4.7e-06 esr_ohm=0.05 vout_v=1.79921 dcgain_db=142.259 f0_hz=643996 phase_at_f0_deg=46.7944 f180_hz= gain_at_f180_db= f0_rising_hz= resurgence_db=-4.05758
Doing analysis at TEMP = 125.000000 and TNOM = 27.000000

Using SPARSE 1.3 as Direct Linear Solver
 Reference value :  0.00000e+00
No. of Data Rows : 1
Doing analysis at TEMP = 125.000000 and TNOM = 27.000000

Using SPARSE 1.3 as Direct Linear Solver

No. of Data Rows : 551
Doing analysis at TEMP = 125.000000 and TNOM = 27.000000

Using SPARSE 1.3 as Direct Linear Solver
 Reference value :  1.00000e-02
No. of Data Rows : 551
dcg                 =  1.42259e+02
f0                  =  7.80572e+05
phx                 =  9.40949e+01
 meas ac f180 when tph=-1.800000e+02 fall=1 failed!

 meas ac gmx find tdb when tph=-1.800000e+02 fall=1 failed!

 meas ac f0r when tdb=0 rise=1 failed!

tres                =  -2.43652e+00 at=  8.31764e+05
ROW iload_a=0.01 ceff_f=4.7e-06 esr_ohm=0.2 vout_v=1.79921 dcgain_db=142.259 f0_hz=780572 phase_at_f0_deg=94.0949 f180_hz= gain_at_f180_db= f0_rising_hz= resurgence_db=-2.43652
Doing analysis at TEMP = 125.000000 and TNOM = 27.000000

Using SPARSE 1.3 as Direct Linear Solver

No. of Data Rows : 1
Doing analysis at TEMP = 125.000000 and TNOM = 27.000000

Using SPARSE 1.3 as Direct Linear Solver
 Reference value :  1.00000e-02
No. of Data Rows : 551
Doing analysis at TEMP = 125.000000 and TNOM = 27.000000

Using SPARSE 1.3 as Direct Linear Solver

No. of Data Rows : 551
dcg                 =  1.42259e+02
f0                  =  9.73544e+05
phx                 =  1.00494e+02
 meas ac f180 when tph=-1.800000e+02 fall=1 failed!

 meas ac gmx find tdb when tph=-1.800000e+02 fall=1 failed!

 meas ac f0r when tdb=0 rise=1 failed!

tres                =  -2.29471e+00 at=  1.04713e+06
ROW iload_a=0.01 ceff_f=4.7e-06 esr_ohm=0.5 vout_v=1.79921 dcgain_db=142.259 f0_hz=973544 phase_at_f0_deg=100.494 f180_hz= gain_at_f180_db= f0_rising_hz= resurgence_db=-2.29471
Doing analysis at TEMP = 125.000000 and TNOM = 27.000000

Using SPARSE 1.3 as Direct Linear Solver
 Reference value :  0.00000e+00
No. of Data Rows : 1
Doing analysis at TEMP = 125.000000 and TNOM = 27.000000

Using SPARSE 1.3 as Direct Linear Solver
 Reference value :  8.70964e+05
No. of Data Rows : 551
Doing analysis at TEMP = 125.000000 and TNOM = 27.000000

Using SPARSE 1.3 as Direct Linear Solver
 Reference value :  6.02560e+01
No. of Data Rows : 551
dcg                 =  1.39702e+02
f0                  =  1.05494e+06
phx                 =  1.25527e+01
 meas ac f180 when tph=-1.800000e+02 fall=1 failed!

 meas ac gmx find tdb when tph=-1.800000e+02 fall=1 failed!

 meas ac f0r when tdb=0 rise=1 failed!

tres                =  -3.30145e+00 at=  1.14815e+06
ROW iload_a=0.025 ceff_f=3.3e-07 esr_ohm=0.001 vout_v=1.79921 dcgain_db=139.702 f0_hz=1.05494E+06 phase_at_f0_deg=12.5527 f180_hz= gain_at_f180_db= f0_rising_hz= resurgence_db=-3.30145
Doing analysis at TEMP = 125.000000 and TNOM = 27.000000

Using SPARSE 1.3 as Direct Linear Solver
 Reference value :  0.00000e+00
No. of Data Rows : 1
Doing analysis at TEMP = 125.000000 and TNOM = 27.000000

Using SPARSE 1.3 as Direct Linear Solver
 Reference value :  5.01187e+01
No. of Data Rows : 551
Doing analysis at TEMP = 125.000000 and TNOM = 27.000000

Using SPARSE 1.3 as Direct Linear Solver
 Reference value :  1.00000e-02
No. of Data Rows : 551
dcg                 =  1.39702e+02
f0                  =  1.05632e+06
phx                 =  1.86401e+01
 meas ac f180 when tph=-1.800000e+02 fall=1 failed!

 meas ac gmx find tdb when tph=-1.800000e+02 fall=1 failed!

 meas ac f0r when tdb=0 rise=1 failed!

tres                =  -3.24021e+00 at=  1.14815e+06
ROW iload_a=0.025 ceff_f=3.3e-07 esr_ohm=0.05 vout_v=1.79921 dcgain_db=139.702 f0_hz=1.05632E+06 phase_at_f0_deg=18.6401 f180_hz= gain_at_f180_db= f0_rising_hz= resurgence_db=-3.24021
Doing analysis at TEMP = 125.000000 and TNOM = 27.000000

Using SPARSE 1.3 as Direct Linear Solver
 Reference value :  0.00000e+00
No. of Data Rows : 1
Doing analysis at TEMP = 125.000000 and TNOM = 27.000000

Using SPARSE 1.3 as Direct Linear Solver
 Reference value :  3.63078e+03
No. of Data Rows : 551
Doing analysis at TEMP = 125.000000 and TNOM = 27.000000

Using SPARSE 1.3 as Direct Linear Solver
 Reference value :  1.00000e-02
No. of Data Rows : 551
dcg                 =  1.39702e+02
f0                  =  1.07636e+06
phx                 =  3.59403e+01
 meas ac f180 when tph=-1.800000e+02 fall=1 failed!

 meas ac gmx find tdb when tph=-1.800000e+02 fall=1 failed!

 meas ac f0r when tdb=0 rise=1 failed!

tres                =  -2.41585e+00 at=  1.14815e+06
ROW iload_a=0.025 ceff_f=3.3e-07 esr_ohm=0.2 vout_v=1.79921 dcgain_db=139.702 f0_hz=1.07636E+06 phase_at_f0_deg=35.9403 f180_hz= gain_at_f180_db= f0_rising_hz= resurgence_db=-2.41585
Doing analysis at TEMP = 125.000000 and TNOM = 27.000000

Using SPARSE 1.3 as Direct Linear Solver
 Reference value :  0.00000e+00
No. of Data Rows : 1
Doing analysis at TEMP = 125.000000 and TNOM = 27.000000

Using SPARSE 1.3 as Direct Linear Solver

No. of Data Rows : 551
Doing analysis at TEMP = 125.000000 and TNOM = 27.000000

Using SPARSE 1.3 as Direct Linear Solver
 Reference value :  1.00000e-02
No. of Data Rows : 551
dcg                 =  1.39702e+02
f0                  =  1.16617e+06
phx                 =  6.00529e+01
 meas ac f180 when tph=-1.800000e+02 fall=1 failed!

 meas ac gmx find tdb when tph=-1.800000e+02 fall=1 failed!

 meas ac f0r when tdb=0 rise=1 failed!

tres                =  -2.51420e+00 at=  1.25893e+06
ROW iload_a=0.025 ceff_f=3.3e-07 esr_ohm=0.5 vout_v=1.79921 dcgain_db=139.702 f0_hz=1.16617E+06 phase_at_f0_deg=60.0529 f180_hz= gain_at_f180_db= f0_rising_hz= resurgence_db=-2.5142
Doing analysis at TEMP = 125.000000 and TNOM = 27.000000

Using SPARSE 1.3 as Direct Linear Solver
 Reference value :  0.00000e+00
No. of Data Rows : 1
Doing analysis at TEMP = 125.000000 and TNOM = 27.000000

Using SPARSE 1.3 as Direct Linear Solver
 Reference value :  1.09648e+01
No. of Data Rows : 551
Doing analysis at TEMP = 125.000000 and TNOM = 27.000000

Using SPARSE 1.3 as Direct Linear Solver

No. of Data Rows : 551
dcg                 =  1.39702e+02
f0                  =  8.36460e+05
phx                 =  1.62959e+01
 meas ac f180 when tph=-1.800000e+02 fall=1 failed!

 meas ac gmx find tdb when tph=-1.800000e+02 fall=1 failed!

 meas ac f0r when tdb=0 rise=1 failed!

tres                =  -3.74015e+00 at=  9.12011e+05
ROW iload_a=0.025 ceff_f=1e-06 esr_ohm=0.001 vout_v=1.79921 dcgain_db=139.702 f0_hz=836460 phase_at_f0_deg=16.2959 f180_hz= gain_at_f180_db= f0_rising_hz= resurgence_db=-3.74015
Doing analysis at TEMP = 125.000000 and TNOM = 27.000000

Using SPARSE 1.3 as Direct Linear Solver
 Reference value :  0.00000e+00
No. of Data Rows : 1
Doing analysis at TEMP = 125.000000 and TNOM = 27.000000

Using SPARSE 1.3 as Direct Linear Solver
 Reference value :  3.01995e+00
No. of Data Rows : 551
Doing analysis at TEMP = 125.000000 and TNOM = 27.000000

Using SPARSE 1.3 as Direct Linear Solver
 Reference value :  1.00000e-02
No. of Data Rows : 551
dcg                 =  1.39702e+02
f0                  =  8.42297e+05
phx                 =  3.07653e+01
 meas ac f180 when tph=-1.800000e+02 fall=1 failed!

 meas ac gmx find tdb when tph=-1.800000e+02 fall=1 failed!

 meas ac f0r when tdb=0 rise=1 failed!

tres                =  -3.38516e+00 at=  9.12011e+05
ROW iload_a=0.025 ceff_f=1e-06 esr_ohm=0.05 vout_v=1.79921 dcgain_db=139.702 f0_hz=842297 phase_at_f0_deg=30.7653 f180_hz= gain_at_f180_db= f0_rising_hz= resurgence_db=-3.38516
Doing analysis at TEMP = 125.000000 and TNOM = 27.000000

Using SPARSE 1.3 as Direct Linear Solver
 Reference value :  0.00000e+00
No. of Data Rows : 1
Doing analysis at TEMP = 125.000000 and TNOM = 27.000000

Using SPARSE 1.3 as Direct Linear Solver

No. of Data Rows : 551
Doing analysis at TEMP = 125.000000 and TNOM = 27.000000

Using SPARSE 1.3 as Direct Linear Solver
 Reference value :  1.00000e-02
No. of Data Rows : 551
dcg                 =  1.39702e+02
f0                  =  9.10069e+05
phx                 =  6.39363e+01
 meas ac f180 when tph=-1.800000e+02 fall=1 failed!

 meas ac gmx find tdb when tph=-1.800000e+02 fall=1 failed!

 meas ac f0r when tdb=0 rise=1 failed!

tres                =  -1.75159e+00 at=  9.54993e+05
ROW iload_a=0.025 ceff_f=1e-06 esr_ohm=0.2 vout_v=1.79921 dcgain_db=139.702 f0_hz=910069 phase_at_f0_deg=63.9363 f180_hz= gain_at_f180_db= f0_rising_hz= resurgence_db=-1.75159
Doing analysis at TEMP = 125.000000 and TNOM = 27.000000

Using SPARSE 1.3 as Direct Linear Solver
 Reference value :  0.00000e+00
No. of Data Rows : 1
Doing analysis at TEMP = 125.000000 and TNOM = 27.000000

Using SPARSE 1.3 as Direct Linear Solver
 Reference value :  5.49541e+01
No. of Data Rows : 551
Doing analysis at TEMP = 125.000000 and TNOM = 27.000000

Using SPARSE 1.3 as Direct Linear Solver
 Reference value :  1.00000e-02
No. of Data Rows : 551
dcg                 =  1.39702e+02
f0                  =  1.09432e+06
phx                 =  8.48864e+01
 meas ac f180 when tph=-1.800000e+02 fall=1 failed!

 meas ac gmx find tdb when tph=-1.800000e+02 fall=1 failed!

 meas ac f0r when tdb=0 rise=1 failed!

tres                =  -1.47036e+00 at=  1.14815e+06
ROW iload_a=0.025 ceff_f=1e-06 esr_ohm=0.5 vout_v=1.79921 dcgain_db=139.702 f0_hz=1.09432E+06 phase_at_f0_deg=84.8864 f180_hz= gain_at_f180_db= f0_rising_hz= resurgence_db=-1.47036
Doing analysis at TEMP = 125.000000 and TNOM = 27.000000

Using SPARSE 1.3 as Direct Linear Solver
 Reference value :  0.00000e+00
No. of Data Rows : 1
Doing analysis at TEMP = 125.000000 and TNOM = 27.000000

Using SPARSE 1.3 as Direct Linear Solver
 Reference value :  1.00000e-02
No. of Data Rows : 551
Doing analysis at TEMP = 125.000000 and TNOM = 27.000000

Using SPARSE 1.3 as Direct Linear Solver
 Reference value :  1.00000e-02
No. of Data Rows : 551
dcg                 =  1.39702e+02
f0                  =  6.45946e+05
phx                 =  3.92998e+00
 meas ac f180 when tph=-1.800000e+02 fall=1 failed!

 meas ac gmx find tdb when tph=-1.800000e+02 fall=1 failed!

 meas ac f0r when tdb=0 rise=1 failed!

tres                =  -4.07394e+00 at=  6.91831e+05
ROW iload_a=0.025 ceff_f=4.7e-06 esr_ohm=0.001 vout_v=1.79921 dcgain_db=139.702 f0_hz=645946 phase_at_f0_deg=3.92998 f180_hz= gain_at_f180_db= f0_rising_hz= resurgence_db=-4.07394
Doing analysis at TEMP = 125.000000 and TNOM = 27.000000

Using SPARSE 1.3 as Direct Linear Solver
 Reference value :  0.00000e+00
No. of Data Rows : 1
Doing analysis at TEMP = 125.000000 and TNOM = 27.000000

Using SPARSE 1.3 as Direct Linear Solver
 Reference value :  5.01187e+03
No. of Data Rows : 551
Doing analysis at TEMP = 125.000000 and TNOM = 27.000000

Using SPARSE 1.3 as Direct Linear Solver
 Reference value :  1.00000e-02
No. of Data Rows : 551
dcg                 =  1.39702e+02
f0                  =  6.80295e+05
phx                 =  5.44244e+01
 meas ac f180 when tph=-1.800000e+02 fall=1 failed!

 meas ac gmx find tdb when tph=-1.800000e+02 fall=1 failed!

 meas ac f0r when tdb=0 rise=1 failed!

tres                =  -3.17807e+00 at=  7.24436e+05
ROW iload_a=0.025 ceff_f=4.7e-06 esr_ohm=0.05 vout_v=1.79921 dcgain_db=139.702 f0_hz=680296 phase_at_f0_deg=54.4244 f180_hz= gain_at_f180_db= f0_rising_hz= resurgence_db=-3.17807
Doing analysis at TEMP = 125.000000 and TNOM = 27.000000

Using SPARSE 1.3 as Direct Linear Solver
 Reference value :  0.00000e+00
No. of Data Rows : 1
Doing analysis at TEMP = 125.000000 and TNOM = 27.000000

Using SPARSE 1.3 as Direct Linear Solver
 Reference value :  1.20226e-01
No. of Data Rows : 551
Doing analysis at TEMP = 125.000000 and TNOM = 27.000000

Using SPARSE 1.3 as Direct Linear Solver
 Reference value :  1.00000e-02
No. of Data Rows : 551
dcg                 =  1.39702e+02
f0                  =  8.51778e+05
phx                 =  9.42724e+01
 meas ac f180 when tph=-1.800000e+02 fall=1 failed!

 meas ac gmx find tdb when tph=-1.800000e+02 fall=1 failed!

 meas ac f0r when tdb=0 rise=1 failed!

tres                =  -2.36457e+00 at=  9.12011e+05
ROW iload_a=0.025 ceff_f=4.7e-06 esr_ohm=0.2 vout_v=1.79921 dcgain_db=139.702 f0_hz=851778 phase_at_f0_deg=94.2724 f180_hz= gain_at_f180_db= f0_rising_hz= resurgence_db=-2.36457
Doing analysis at TEMP = 125.000000 and TNOM = 27.000000

Using SPARSE 1.3 as Direct Linear Solver
 Reference value :  0.00000e+00
No. of Data Rows : 1
Doing analysis at TEMP = 125.000000 and TNOM = 27.000000

Using SPARSE 1.3 as Direct Linear Solver
 Reference value :  1.09648e+02
No. of Data Rows : 551
Doing analysis at TEMP = 125.000000 and TNOM = 27.000000

Using SPARSE 1.3 as Direct Linear Solver
 Reference value :  1.00000e-02
No. of Data Rows : 551
dcg                 =  1.39702e+02
f0                  =  1.08271e+06
phx                 =  9.76706e+01
 meas ac f180 when tph=-1.800000e+02 fall=1 failed!

 meas ac gmx find tdb when tph=-1.800000e+02 fall=1 failed!

 meas ac f0r when tdb=0 rise=1 failed!

tres                =  -1.77051e+00 at=  1.14815e+06
ROW iload_a=0.025 ceff_f=4.7e-06 esr_ohm=0.5 vout_v=1.79921 dcgain_db=139.702 f0_hz=1.08271E+06 phase_at_f0_deg=97.6706 f180_hz= gain_at_f180_db= f0_rising_hz= resurgence_db=-1.7705
Doing analysis at TEMP = 125.000000 and TNOM = 27.000000

Using SPARSE 1.3 as Direct Linear Solver
 Reference value :  0.00000e+00
No. of Data Rows : 1
Doing analysis at TEMP = 125.000000 and TNOM = 27.000000

Using SPARSE 1.3 as Direct Linear Solver
 Reference value :  7.58578e+01
No. of Data Rows : 551
Doing analysis at TEMP = 125.000000 and TNOM = 27.000000

Using SPARSE 1.3 as Direct Linear Solver
 Reference value :  1.00000e-02
No. of Data Rows : 551
dcg                 =  1.36506e+02
f0                  =  1.11278e+06
phx                 =  1.07904e+01
 meas ac f180 when tph=-1.800000e+02 fall=1 failed!

 meas ac gmx find tdb when tph=-1.800000e+02 fall=1 failed!

 meas ac f0r when tdb=0 rise=1 failed!

tres                =  -2.98261e+00 at=  1.20226e+06
ROW iload_a=0.05 ceff_f=3.3e-07 esr_ohm=0.001 vout_v=1.79921 dcgain_db=136.506 f0_hz=1.11278E+06 phase_at_f0_deg=10.7904 f180_hz= gain_at_f180_db= f0_rising_hz= resurgence_db=-2.98261
Doing analysis at TEMP = 125.000000 and TNOM = 27.000000

Using SPARSE 1.3 as Direct Linear Solver
 Reference value :  0.00000e+00
No. of Data Rows : 1
Doing analysis at TEMP = 125.000000 and TNOM = 27.000000

Using SPARSE 1.3 as Direct Linear Solver
 Reference value :  1.04713e+00
No. of Data Rows : 551
Doing analysis at TEMP = 125.000000 and TNOM = 27.000000

Using SPARSE 1.3 as Direct Linear Solver
 Reference value :  1.00000e-02
No. of Data Rows : 551
dcg                 =  1.36506e+02
f0                  =  1.11434e+06
phx                 =  1.72051e+01
 meas ac f180 when tph=-1.800000e+02 fall=1 failed!

 meas ac gmx find tdb when tph=-1.800000e+02 fall=1 failed!

 meas ac f0r when tdb=0 rise=1 failed!

tres                =  -2.91818e+00 at=  1.20226e+06
ROW iload_a=0.05 ceff_f=3.3e-07 esr_ohm=0.05 vout_v=1.79921 dcgain_db=136.506 f0_hz=1.11434E+06 phase_at_f0_deg=17.2051 f180_hz= gain_at_f180_db= f0_rising_hz= resurgence_db=-2.91817
Doing analysis at TEMP = 125.000000 and TNOM = 27.000000

Using SPARSE 1.3 as Direct Linear Solver
 Reference value :  0.00000e+00
No. of Data Rows : 1
Doing analysis at TEMP = 125.000000 and TNOM = 27.000000

Using SPARSE 1.3 as Direct Linear Solver
 Reference value :  1.25893e+01
No. of Data Rows : 551
Doing analysis at TEMP = 125.000000 and TNOM = 27.000000

Using SPARSE 1.3 as Direct Linear Solver
 Reference value :  1.00000e-02
No. of Data Rows : 551
dcg                 =  1.36506e+02
f0                  =  1.13765e+06
phx                 =  3.52854e+01
 meas ac f180 when tph=-1.800000e+02 fall=1 failed!

 meas ac gmx find tdb when tph=-1.800000e+02 fall=1 failed!

 meas ac f0r when tdb=0 rise=1 failed!

tres                =  -2.03101e+00 at=  1.20226e+06
ROW iload_a=0.05 ceff_f=3.3e-07 esr_ohm=0.2 vout_v=1.79921 dcgain_db=136.506 f0_hz=1.13765E+06 phase_at_f0_deg=35.2854 f180_hz= gain_at_f180_db= f0_rising_hz= resurgence_db=-2.03101
Doing analysis at TEMP = 125.000000 and TNOM = 27.000000

Using SPARSE 1.3 as Direct Linear Solver
 Reference value :  0.00000e+00
No. of Data Rows : 1
Doing analysis at TEMP = 125.000000 and TNOM = 27.000000

Using SPARSE 1.3 as Direct Linear Solver
 Reference value :  4.36516e-02
No. of Data Rows : 551
Doing analysis at TEMP = 125.000000 and TNOM = 27.000000

Using SPARSE 1.3 as Direct Linear Solver
 Reference value :  1.00000e-02
No. of Data Rows : 551
dcg                 =  1.36506e+02
f0                  =  1.24153e+06
phx                 =  5.96400e+01
 meas ac f180 when tph=-1.800000e+02 fall=1 failed!

 meas ac gmx find tdb when tph=-1.800000e+02 fall=1 failed!

 meas ac f0r when tdb=0 rise=1 failed!

tres                =  -1.93909e+00 at=  1.31826e+06
ROW iload_a=0.05 ceff_f=3.3e-07 esr_ohm=0.5 vout_v=1.79921 dcgain_db=136.506 f0_hz=1.24153E+06 phase_at_f0_deg=59.64 f180_hz= gain_at_f180_db= f0_rising_hz= resurgence_db=-1.93909
Doing analysis at TEMP = 125.000000 and TNOM = 27.000000

Using SPARSE 1.3 as Direct Linear Solver
 Reference value :  0.00000e+00
No. of Data Rows : 1
Doing analysis at TEMP = 125.000000 and TNOM = 27.000000

Using SPARSE 1.3 as Direct Linear Solver
 Reference value :  6.60693e+03
No. of Data Rows : 551
Doing analysis at TEMP = 125.000000 and TNOM = 27.000000

Using SPARSE 1.3 as Direct Linear Solver
 Reference value :  1.00000e-02
No. of Data Rows : 551
dcg                 =  1.36506e+02
f0                  =  8.76899e+05
phx                 =  1.53177e+01
 meas ac f180 when tph=-1.800000e+02 fall=1 failed!

 meas ac gmx find tdb when tph=-1.800000e+02 fall=1 failed!

 meas ac f0r when tdb=0 rise=1 failed!

tres                =  -3.57308e+00 at=  9.54993e+05
ROW iload_a=0.05 ceff_f=1e-06 esr_ohm=0.001 vout_v=1.79921 dcgain_db=136.506 f0_hz=876899 phase_at_f0_deg=15.3177 f180_hz= gain_at_f180_db= f0_rising_hz= resurgence_db=-3.57308
Doing analysis at TEMP = 125.000000 and TNOM = 27.000000

Using SPARSE 1.3 as Direct Linear Solver
 Reference value :  0.00000e+00
No. of Data Rows : 1
Doing analysis at TEMP = 125.000000 and TNOM = 27.000000

Using SPARSE 1.3 as Direct Linear Solver
 Reference value :  6.30957e+00
No. of Data Rows : 551
Doing analysis at TEMP = 125.000000 and TNOM = 27.000000

Using SPARSE 1.3 as Direct Linear Solver
 Reference value :  1.00000e-02
No. of Data Rows : 551
dcg                 =  1.36506e+02
f0                  =  8.83768e+05
phx                 =  3.04210e+01
 meas ac f180 when tph=-1.800000e+02 fall=1 failed!

 meas ac gmx find tdb when tph=-1.800000e+02 fall=1 failed!

 meas ac f0r when tdb=0 rise=1 failed!

tres                =  -3.18999e+00 at=  9.54993e+05
ROW iload_a=0.05 ceff_f=1e-06 esr_ohm=0.05 vout_v=1.79921 dcgain_db=136.506 f0_hz=883768 phase_at_f0_deg=30.421 f180_hz= gain_at_f180_db= f0_rising_hz= resurgence_db=-3.18999
Doing analysis at TEMP = 125.000000 and TNOM = 27.000000

Using SPARSE 1.3 as Direct Linear Solver
 Reference value :  0.00000e+00
No. of Data Rows : 1
Doing analysis at TEMP = 125.000000 and TNOM = 27.000000

Using SPARSE 1.3 as Direct Linear Solver
 Reference value :  3.63078e+00
No. of Data Rows : 551
Doing analysis at TEMP = 125.000000 and TNOM = 27.000000

Using SPARSE 1.3 as Direct Linear Solver
 Reference value :  1.00000e-02
No. of Data Rows : 551
dcg                 =  1.36506e+02
f0                  =  9.63449e+05
phx                 =  6.39816e+01
 meas ac f180 when tph=-1.800000e+02 fall=1 failed!

 meas ac gmx find tdb when tph=-1.800000e+02 fall=1 failed!

 meas ac f0r when tdb=0 rise=1 failed!

tres                =  -2.88667e+00 at=  1.04713e+06
ROW iload_a=0.05 ceff_f=1e-06 esr_ohm=0.2 vout_v=1.79921 dcgain_db=136.506 f0_hz=963448 phase_at_f0_deg=63.9815 f180_hz= gain_at_f180_db= f0_rising_hz= resurgence_db=-2.88667
Doing analysis at TEMP = 125.000000 and TNOM = 27.000000

Using SPARSE 1.3 as Direct Linear Solver
 Reference value :  0.00000e+00
No. of Data Rows : 1
Doing analysis at TEMP = 125.000000 and TNOM = 27.000000

Using SPARSE 1.3 as Direct Linear Solver
 Reference value :  3.31131e+00
No. of Data Rows : 551
Doing analysis at TEMP = 125.000000 and TNOM = 27.000000

Using SPARSE 1.3 as Direct Linear Solver
 Reference value :  1.00000e-02
No. of Data Rows : 551
dcg                 =  1.36506e+02
f0                  =  1.17082e+06
phx                 =  8.36006e+01
 meas ac f180 when tph=-1.800000e+02 fall=1 failed!

 meas ac gmx find tdb when tph=-1.800000e+02 fall=1 failed!

 meas ac f0r when tdb=0 rise=1 failed!

tres                =  -2.17717e+00 at=  1.25893e+06
ROW iload_a=0.05 ceff_f=1e-06 esr_ohm=0.5 vout_v=1.79921 dcgain_db=136.506 f0_hz=1.17082E+06 phase_at_f0_deg=83.6006 f180_hz= gain_at_f180_db= f0_rising_hz= resurgence_db=-2.17717
Doing analysis at TEMP = 125.000000 and TNOM = 27.000000

Using SPARSE 1.3 as Direct Linear Solver
 Reference value :  0.00000e+00
No. of Data Rows : 1
Doing analysis at TEMP = 125.000000 and TNOM = 27.000000

Using SPARSE 1.3 as Direct Linear Solver
 Reference value :  1.25893e+02
No. of Data Rows : 551
Doing analysis at TEMP = 125.000000 and TNOM = 27.000000

Using SPARSE 1.3 as Direct Linear Solver
 Reference value :  5.49541e+03
No. of Data Rows : 551
dcg                 =  1.36506e+02
f0                  =  6.66904e+05
phx                 =  7.61832e+00
 meas ac f180 when tph=-1.800000e+02 fall=1 failed!

 meas ac gmx find tdb when tph=-1.800000e+02 fall=1 failed!

 meas ac f0r when tdb=0 rise=1 failed!

tres                =  -4.55345e+00 at=  7.24436e+05
ROW iload_a=0.05 ceff_f=4.7e-06 esr_ohm=0.001 vout_v=1.79921 dcgain_db=136.506 f0_hz=666904 phase_at_f0_deg=7.61832 f180_hz= gain_at_f180_db= f0_rising_hz= resurgence_db=-4.55345
Doing analysis at TEMP = 125.000000 and TNOM = 27.000000

Using SPARSE 1.3 as Direct Linear Solver
 Reference value :  0.00000e+00
No. of Data Rows : 1
Doing analysis at TEMP = 125.000000 and TNOM = 27.000000

Using SPARSE 1.3 as Direct Linear Solver
 Reference value :  1.38038e-01
No. of Data Rows : 551
Doing analysis at TEMP = 125.000000 and TNOM = 27.000000

Using SPARSE 1.3 as Direct Linear Solver
 Reference value :  1.00000e-02
No. of Data Rows : 551
dcg                 =  1.36506e+02
f0                  =  7.07089e+05
phx                 =  5.74606e+01
 meas ac f180 when tph=-1.800000e+02 fall=1 failed!

 meas ac gmx find tdb when tph=-1.800000e+02 fall=1 failed!

 meas ac f0r when tdb=0 rise=1 failed!

tres                =  -3.27246e+00 at=  7.58578e+05
ROW iload_a=0.05 ceff_f=4.7e-06 esr_ohm=0.05 vout_v=1.79921 dcgain_db=136.506 f0_hz=707089 phase_at_f0_deg=57.4606 f180_hz= gain_at_f180_db= f0_rising_hz= resurgence_db=-3.27246
Doing analysis at TEMP = 125.000000 and TNOM = 27.000000

Using SPARSE 1.3 as Direct Linear Solver
 Reference value :  0.00000e+00
No. of Data Rows : 1
Doing analysis at TEMP = 125.000000 and TNOM = 27.000000

Using SPARSE 1.3 as Direct Linear Solver
 Reference value :  4.36516e-02
No. of Data Rows : 551
Doing analysis at TEMP = 125.000000 and TNOM = 27.000000

Using SPARSE 1.3 as Direct Linear Solver
 Reference value :  1.00000e-02
No. of Data Rows : 551
dcg                 =  1.36506e+02
f0                  =  9.03644e+05
phx                 =  9.36651e+01
 meas ac f180 when tph=-1.800000e+02 fall=1 failed!

 meas ac gmx find tdb when tph=-1.800000e+02 fall=1 failed!

 meas ac f0r when tdb=0 rise=1 failed!

tres                =  -1.82720e+00 at=  9.54993e+05
ROW iload_a=0.05 ceff_f=4.7e-06 esr_ohm=0.2 vout_v=1.79921 dcgain_db=136.506 f0_hz=903644 phase_at_f0_deg=93.6651 f180_hz= gain_at_f180_db= f0_rising_hz= resurgence_db=-1.8272
Doing analysis at TEMP = 125.000000 and TNOM = 27.000000

Using SPARSE 1.3 as Direct Linear Solver
 Reference value :  0.00000e+00
No. of Data Rows : 1
Doing analysis at TEMP = 125.000000 and TNOM = 27.000000

Using SPARSE 1.3 as Direct Linear Solver
 Reference value :  6.30957e+00
No. of Data Rows : 551
Doing analysis at TEMP = 125.000000 and TNOM = 27.000000

Using SPARSE 1.3 as Direct Linear Solver
 Reference value :  1.00000e-02
No. of Data Rows : 551
dcg                 =  1.36506e+02
f0                  =  1.15931e+06
phx                 =  9.55949e+01
 meas ac f180 when tph=-1.800000e+02 fall=1 failed!

 meas ac gmx find tdb when tph=-1.800000e+02 fall=1 failed!

 meas ac f0r when tdb=0 rise=1 failed!

tres                =  -2.42764e+00 at=  1.25893e+06
ROW iload_a=0.05 ceff_f=4.7e-06 esr_ohm=0.5 vout_v=1.79921 dcgain_db=136.506 f0_hz=1.15931E+06 phase_at_f0_deg=95.5949 f180_hz= gain_at_f180_db= f0_rising_hz= resurgence_db=-2.42765
* SWEEP COMPLETE tt_125c_2.97v
Note: Simulation executed from .control section 
Warning: m=xx on .subckt line will override multiplier m hierarchy!

Note: Starting dynamic gmin stepping
Note: Dynamic gmin stepping completed
Note: Starting dynamic gmin stepping
Note: Dynamic gmin stepping completed
Note: Starting dynamic gmin stepping
Note: Dynamic gmin stepping completed

Error: measure  f180  when(WHEN) : out of interval

Error: measure  gmx  find(AT) : out of interval

Error: measure  f0r  when(WHEN) : out of interval
Error: &f180: no such variable.
Error: &gmx: no such variable.
Error: &f0r: no such variable.
Note: Starting dynamic gmin stepping
Note: Dynamic gmin stepping completed
Note: Starting dynamic gmin stepping
Note: Dynamic gmin stepping completed
Note: Starting dynamic gmin stepping
Note: Dynamic gmin stepping completed

Error: measure  f180  when(WHEN) : out of interval

Error: measure  gmx  find(AT) : out of interval

Error: measure  f0r  when(WHEN) : out of interval
Error: &f180: no such variable.
Error: &gmx: no such variable.
Error: &f0r: no such variable.
Note: Starting dynamic gmin stepping
Note: Dynamic gmin stepping completed
Note: Starting dynamic gmin stepping
Note: Dynamic gmin stepping completed
Note: Starting dynamic gmin stepping
Note: Dynamic gmin stepping completed

Error: measure  f180  when(WHEN) : out of interval

Error: measure  gmx  find(AT) : out of interval

Error: measure  f0r  when(WHEN) : out of interval
Error: &f180: no such variable.
Error: &gmx: no such variable.
Error: &f0r: no such variable.
Note: Starting dynamic gmin stepping
Note: Dynamic gmin stepping completed
Note: Starting dynamic gmin stepping
Note: Dynamic gmin stepping completed
Note: Starting dynamic gmin stepping
Note: Dynamic gmin stepping completed

Error: measure  f180  when(WHEN) : out of interval

Error: measure  gmx  find(AT) : out of interval

Error: measure  f0r  when(WHEN) : out of interval
Error: &f180: no such variable.
Error: &gmx: no such variable.
Error: &f0r: no such variable.
Note: Starting dynamic gmin stepping
Note: Dynamic gmin stepping completed
Note: Starting dynamic gmin stepping
Note: Dynamic gmin stepping completed
Note: Starting dynamic gmin stepping
Note: Dynamic gmin stepping completed

Error: measure  f180  when(WHEN) : out of interval

Error: measure  gmx  find(AT) : out of interval

Error: measure  f0r  when(WHEN) : out of interval
Error: &f180: no such variable.
Error: &gmx: no such variable.
Error: &f0r: no such variable.
Note: Starting dynamic gmin stepping
Note: Dynamic gmin stepping completed
Note: Starting dynamic gmin stepping
Note: Dynamic gmin stepping completed
Note: Starting dynamic gmin stepping
Note: Dynamic gmin stepping completed

Error: measure  f180  when(WHEN) : out of interval

Error: measure  gmx  find(AT) : out of interval

Error: measure  f0r  when(WHEN) : out of interval
Error: &f180: no such variable.
Error: &gmx: no such variable.
Error: &f0r: no such variable.
Note: Starting dynamic gmin stepping
Note: Dynamic gmin stepping completed
Note: Starting dynamic gmin stepping
Note: Dynamic gmin stepping completed
Note: Starting dynamic gmin stepping
Note: Dynamic gmin stepping completed

Error: measure  f180  when(WHEN) : out of interval

Error: measure  gmx  find(AT) : out of interval

Error: measure  f0r  when(WHEN) : out of interval
Error: &f180: no such variable.
Error: &gmx: no such variable.
Error: &f0r: no such variable.
Note: Starting dynamic gmin stepping
Note: Dynamic gmin stepping completed
Note: Starting dynamic gmin stepping
Note: Dynamic gmin stepping completed
Note: Starting dynamic gmin stepping
Note: Dynamic gmin stepping completed

Error: measure  f180  when(WHEN) : out of interval

Error: measure  gmx  find(AT) : out of interval

Error: measure  f0r  when(WHEN) : out of interval
Error: &f180: no such variable.
Error: &gmx: no such variable.
Error: &f0r: no such variable.
Note: Starting dynamic gmin stepping
Note: Dynamic gmin stepping completed
Note: Starting dynamic gmin stepping
Note: Dynamic gmin stepping completed
Note: Starting dynamic gmin stepping
Note: Dynamic gmin stepping completed

Error: measure  f180  when(WHEN) : out of interval

Error: measure  gmx  find(AT) : out of interval

Error: measure  f0r  when(WHEN) : out of interval
Error: &f180: no such variable.
Error: &gmx: no such variable.
Error: &f0r: no such variable.
Note: Starting dynamic gmin stepping
Note: Dynamic gmin stepping completed
Note: Starting dynamic gmin stepping
Note: Dynamic gmin stepping completed
Note: Starting dynamic gmin stepping
Note: Dynamic gmin stepping completed

Error: measure  f180  when(WHEN) : out of interval

Error: measure  gmx  find(AT) : out of interval

Error: measure  f0r  when(WHEN) : out of interval
Error: &f180: no such variable.
Error: &gmx: no such variable.
Error: &f0r: no such variable.
Note: Starting dynamic gmin stepping
Note: Dynamic gmin stepping completed
Note: Starting dynamic gmin stepping
Note: Dynamic gmin stepping completed
Note: Starting dynamic gmin stepping
Note: Dynamic gmin stepping completed

Error: measure  f180  when(WHEN) : out of interval

Error: measure  gmx  find(AT) : out of interval

Error: measure  f0r  when(WHEN) : out of interval
Error: &f180: no such variable.
Error: &gmx: no such variable.
Error: &f0r: no such variable.
Note: Starting dynamic gmin stepping
Note: Dynamic gmin stepping completed
Note: Starting dynamic gmin stepping
Note: Dynamic gmin stepping completed
Note: Starting dynamic gmin stepping
Note: Dynamic gmin stepping completed

Error: measure  f180  when(WHEN) : out of interval

Error: measure  gmx  find(AT) : out of interval

Error: measure  f0r  when(WHEN) : out of interval
Error: &f180: no such variable.
Error: &gmx: no such variable.
Error: &f0r: no such variable.
Note: Starting dynamic gmin stepping
Note: Dynamic gmin stepping completed
Note: Starting dynamic gmin stepping
Note: Dynamic gmin stepping completed
Note: Starting dynamic gmin stepping
Note: Dynamic gmin stepping completed

Error: measure  f180  when(WHEN) : out of interval

Error: measure  gmx  find(AT) : out of interval

Error: measure  f0r  when(WHEN) : out of interval
Error: &f180: no such variable.
Error: &gmx: no such variable.
Error: &f0r: no such variable.
Note: Starting dynamic gmin stepping
Note: Dynamic gmin stepping completed
Note: Starting dynamic gmin stepping
Note: Dynamic gmin stepping completed
Note: Starting dynamic gmin stepping
Note: Dynamic gmin stepping completed

Error: measure  f180  when(WHEN) : out of interval

Error: measure  gmx  find(AT) : out of interval

Error: measure  f0r  when(WHEN) : out of interval
Error: &f180: no such variable.
Error: &gmx: no such variable.
Error: &f0r: no such variable.
Note: Starting dynamic gmin stepping
Note: Dynamic gmin stepping completed
Note: Starting dynamic gmin stepping
Note: Dynamic gmin stepping completed
Note: Starting dynamic gmin stepping
Note: Dynamic gmin stepping completed

Error: measure  f180  when(WHEN) : out of interval

Error: measure  gmx  find(AT) : out of interval

Error: measure  f0r  when(WHEN) : out of interval
Error: &f180: no such variable.
Error: &gmx: no such variable.
Error: &f0r: no such variable.
Note: Starting dynamic gmin stepping
Note: Dynamic gmin stepping completed
Note: Starting dynamic gmin stepping
Note: Dynamic gmin stepping completed
Note: Starting dynamic gmin stepping
Note: Dynamic gmin stepping completed

Error: measure  f180  when(WHEN) : out of interval

Error: measure  gmx  find(AT) : out of interval
Error: &f180: no such variable.
Error: &gmx: no such variable.
Note: Starting dynamic gmin stepping
Note: Dynamic gmin stepping completed
Note: Starting dynamic gmin stepping
Note: Dynamic gmin stepping completed
Note: Starting dynamic gmin stepping
Note: Dynamic gmin stepping completed

Error: measure  f180  when(WHEN) : out of interval

Error: measure  gmx  find(AT) : out of interval

Error: measure  f0r  when(WHEN) : out of interval
Error: &f180: no such variable.
Error: &gmx: no such variable.
Error: &f0r: no such variable.
Note: Starting dynamic gmin stepping
Note: Dynamic gmin stepping completed
Note: Starting dynamic gmin stepping
Note: Dynamic gmin stepping completed
Note: Starting dynamic gmin stepping
Note: Dynamic gmin stepping completed

Error: measure  f180  when(WHEN) : out of interval

Error: measure  gmx  find(AT) : out of interval

Error: measure  f0r  when(WHEN) : out of interval
Error: &f180: no such variable.
Error: &gmx: no such variable.
Error: &f0r: no such variable.
Note: Starting dynamic gmin stepping
Note: Dynamic gmin stepping completed
Note: Starting dynamic gmin stepping
Note: Dynamic gmin stepping completed
Note: Starting dynamic gmin stepping
Note: Dynamic gmin stepping completed

Error: measure  f180  when(WHEN) : out of interval

Error: measure  gmx  find(AT) : out of interval

Error: measure  f0r  when(WHEN) : out of interval
Error: &f180: no such variable.
Error: &gmx: no such variable.
Error: &f0r: no such variable.
Note: Starting dynamic gmin stepping
Note: Dynamic gmin stepping completed
Note: Starting dynamic gmin stepping
Note: Dynamic gmin stepping completed
Note: Starting dynamic gmin stepping
Note: Dynamic gmin stepping completed

Error: measure  f180  when(WHEN) : out of interval

Error: measure  gmx  find(AT) : out of interval

Error: measure  f0r  when(WHEN) : out of interval
Error: &f180: no such variable.
Error: &gmx: no such variable.
Error: &f0r: no such variable.
Note: Starting dynamic gmin stepping
Note: Dynamic gmin stepping completed
Note: Starting dynamic gmin stepping
Note: Dynamic gmin stepping completed
Note: Starting dynamic gmin stepping
Note: Dynamic gmin stepping completed

Error: measure  f180  when(WHEN) : out of interval

Error: measure  gmx  find(AT) : out of interval

Error: measure  f0r  when(WHEN) : out of interval
Error: &f180: no such variable.
Error: &gmx: no such variable.
Error: &f0r: no such variable.
Note: Starting dynamic gmin stepping
Note: Dynamic gmin stepping completed
Note: Starting dynamic gmin stepping
Note: Dynamic gmin stepping completed
Note: Starting dynamic gmin stepping
Note: Dynamic gmin stepping completed

Error: measure  f180  when(WHEN) : out of interval

Error: measure  gmx  find(AT) : out of interval

Error: measure  f0r  when(WHEN) : out of interval
Error: &f180: no such variable.
Error: &gmx: no such variable.
Error: &f0r: no such variable.
Note: Starting dynamic gmin stepping
Note: Dynamic gmin stepping completed
Note: Starting dynamic gmin stepping
Note: Dynamic gmin stepping completed
Note: Starting dynamic gmin stepping
Note: Dynamic gmin stepping completed

Error: measure  f180  when(WHEN) : out of interval

Error: measure  gmx  find(AT) : out of interval

Error: measure  f0r  when(WHEN) : out of interval
Error: &f180: no such variable.
Error: &gmx: no such variable.
Error: &f0r: no such variable.
Note: Starting dynamic gmin stepping
Note: Dynamic gmin stepping completed
Note: Starting dynamic gmin stepping
Note: Dynamic gmin stepping completed
Note: Starting dynamic gmin stepping
Note: Dynamic gmin stepping completed

Error: measure  f180  when(WHEN) : out of interval

Error: measure  gmx  find(AT) : out of interval

Error: measure  f0r  when(WHEN) : out of interval
Error: &f180: no such variable.
Error: &gmx: no such variable.
Error: &f0r: no such variable.
Note: Starting dynamic gmin stepping
Note: Dynamic gmin stepping completed
Note: Starting dynamic gmin stepping
Note: Dynamic gmin stepping completed
Note: Starting dynamic gmin stepping
Note: Dynamic gmin stepping completed

Error: measure  f180  when(WHEN) : out of interval

Error: measure  gmx  find(AT) : out of interval

Error: measure  f0r  when(WHEN) : out of interval
Error: &f180: no such variable.
Error: &gmx: no such variable.
Error: &f0r: no such variable.
Note: Starting dynamic gmin stepping
Note: Dynamic gmin stepping completed
Note: Starting dynamic gmin stepping
Note: Dynamic gmin stepping completed
Note: Starting dynamic gmin stepping
Note: Dynamic gmin stepping completed

Error: measure  f180  when(WHEN) : out of interval

Error: measure  gmx  find(AT) : out of interval

Error: measure  f0r  when(WHEN) : out of interval
Error: &f180: no such variable.
Error: &gmx: no such variable.
Error: &f0r: no such variable.
Note: Starting dynamic gmin stepping
Note: Dynamic gmin stepping completed
Note: Starting dynamic gmin stepping
Note: Dynamic gmin stepping completed
Note: Starting dynamic gmin stepping
Note: Dynamic gmin stepping completed

Error: measure  f180  when(WHEN) : out of interval

Error: measure  gmx  find(AT) : out of interval

Error: measure  f0r  when(WHEN) : out of interval
Error: &f180: no such variable.
Error: &gmx: no such variable.
Error: &f0r: no such variable.
Note: Starting dynamic gmin stepping
Note: Dynamic gmin stepping completed
Note: Starting dynamic gmin stepping
Note: Dynamic gmin stepping completed
Note: Starting dynamic gmin stepping
Note: Dynamic gmin stepping completed

Error: measure  f180  when(WHEN) : out of interval

Error: measure  gmx  find(AT) : out of interval

Error: measure  f0r  when(WHEN) : out of interval
Error: &f180: no such variable.
Error: &gmx: no such variable.
Error: &f0r: no such variable.
Note: Starting dynamic gmin stepping
Note: Dynamic gmin stepping completed
Note: Starting dynamic gmin stepping
Note: Dynamic gmin stepping completed
Note: Starting dynamic gmin stepping
Note: Dynamic gmin stepping completed

Error: measure  f180  when(WHEN) : out of interval

Error: measure  gmx  find(AT) : out of interval
Error: &f180: no such variable.
Error: &gmx: no such variable.
Note: Starting dynamic gmin stepping
Note: Dynamic gmin stepping completed
Note: Starting dynamic gmin stepping
Note: Dynamic gmin stepping completed
Note: Starting dynamic gmin stepping
Note: Dynamic gmin stepping completed

Error: measure  f180  when(WHEN) : out of interval

Error: measure  gmx  find(AT) : out of interval
Error: &f180: no such variable.
Error: &gmx: no such variable.
Note: Starting dynamic gmin stepping
Note: Dynamic gmin stepping completed
Note: Starting dynamic gmin stepping
Note: Dynamic gmin stepping completed
Note: Starting dynamic gmin stepping
Note: Dynamic gmin stepping completed

Error: measure  f180  when(WHEN) : out of interval

Error: measure  gmx  find(AT) : out of interval

Error: measure  f0r  when(WHEN) : out of interval
Error: &f180: no such variable.
Error: &gmx: no such variable.
Error: &f0r: no such variable.
Note: Starting dynamic gmin stepping
Note: Dynamic gmin stepping completed
Note: Starting dynamic gmin stepping
Note: Dynamic gmin stepping completed
Note: Starting dynamic gmin stepping
Note: Dynamic gmin stepping completed

Error: measure  f180  when(WHEN) : out of interval

Error: measure  gmx  find(AT) : out of interval

Error: measure  f0r  when(WHEN) : out of interval
Error: &f180: no such variable.
Error: &gmx: no such variable.
Error: &f0r: no such variable.
Note: Starting dynamic gmin stepping
Note: Dynamic gmin stepping completed
Note: Starting dynamic gmin stepping
Note: Dynamic gmin stepping completed
Note: Starting dynamic gmin stepping
Note: Dynamic gmin stepping completed

Error: measure  f180  when(WHEN) : out of interval

Error: measure  gmx  find(AT) : out of interval

Error: measure  f0r  when(WHEN) : out of interval
Error: &f180: no such variable.
Error: &gmx: no such variable.
Error: &f0r: no such variable.
Note: Starting dynamic gmin stepping
Note: Dynamic gmin stepping completed
Note: Starting dynamic gmin stepping
Note: Dynamic gmin stepping completed
Note: Starting dynamic gmin stepping
Note: Dynamic gmin stepping completed

Error: measure  f180  when(WHEN) : out of interval

Error: measure  gmx  find(AT) : out of interval

Error: measure  f0r  when(WHEN) : out of interval
Error: &f180: no such variable.
Error: &gmx: no such variable.
Error: &f0r: no such variable.
Note: Starting dynamic gmin stepping
Note: Dynamic gmin stepping completed
Note: Starting dynamic gmin stepping
Note: Dynamic gmin stepping completed
Note: Starting dynamic gmin stepping
Note: Dynamic gmin stepping completed

Error: measure  f180  when(WHEN) : out of interval

Error: measure  gmx  find(AT) : out of interval
Error: &f180: no such variable.
Error: &gmx: no such variable.
Note: Starting dynamic gmin stepping
Note: Dynamic gmin stepping completed
Note: Starting dynamic gmin stepping
Note: Dynamic gmin stepping completed
Note: Starting dynamic gmin stepping
Note: Dynamic gmin stepping completed

Error: measure  f180  when(WHEN) : out of interval

Error: measure  gmx  find(AT) : out of interval
Error: &f180: no such variable.
Error: &gmx: no such variable.
Note: Starting dynamic gmin stepping
Note: Dynamic gmin stepping completed
Note: Starting dynamic gmin stepping
Note: Dynamic gmin stepping completed
Note: Starting dynamic gmin stepping
Note: Dynamic gmin stepping completed

Error: measure  f180  when(WHEN) : out of interval

Error: measure  gmx  find(AT) : out of interval

Error: measure  f0r  when(WHEN) : out of interval
Error: &f180: no such variable.
Error: &gmx: no such variable.
Error: &f0r: no such variable.
Note: Starting dynamic gmin stepping
Note: Dynamic gmin stepping completed
Note: Starting dynamic gmin stepping
Note: Dynamic gmin stepping completed
Note: Starting dynamic gmin stepping
Note: Dynamic gmin stepping completed

Error: measure  f180  when(WHEN) : out of interval

Error: measure  gmx  find(AT) : out of interval

Error: measure  f0r  when(WHEN) : out of interval
Error: &f180: no such variable.
Error: &gmx: no such variable.
Error: &f0r: no such variable.
Note: Starting dynamic gmin stepping
Note: Dynamic gmin stepping completed
Note: Starting dynamic gmin stepping
Note: Dynamic gmin stepping completed
Note: Starting dynamic gmin stepping
Note: Dynamic gmin stepping completed

Error: measure  f180  when(WHEN) : out of interval

Error: measure  gmx  find(AT) : out of interval

Error: measure  f0r  when(WHEN) : out of interval
Error: &f180: no such variable.
Error: &gmx: no such variable.
Error: &f0r: no such variable.
Note: Starting dynamic gmin stepping
Note: Dynamic gmin stepping completed
Note: Starting dynamic gmin stepping
Note: Dynamic gmin stepping completed
Note: Starting dynamic gmin stepping
Note: Dynamic gmin stepping completed

Error: measure  f180  when(WHEN) : out of interval

Error: measure  gmx  find(AT) : out of interval

Error: measure  f0r  when(WHEN) : out of interval
Error: &f180: no such variable.
Error: &gmx: no such variable.
Error: &f0r: no such variable.
Note: Starting dynamic gmin stepping
Note: Dynamic gmin stepping completed
Note: Starting dynamic gmin stepping
Note: Dynamic gmin stepping completed
Note: Starting dynamic gmin stepping
Note: Dynamic gmin stepping completed

Error: measure  f180  when(WHEN) : out of interval

Error: measure  gmx  find(AT) : out of interval

Error: measure  f0r  when(WHEN) : out of interval
Error: &f180: no such variable.
Error: &gmx: no such variable.
Error: &f0r: no such variable.
Note: Starting dynamic gmin stepping
Note: Dynamic gmin stepping completed
Note: Starting dynamic gmin stepping
Note: Dynamic gmin stepping completed
Note: Starting dynamic gmin stepping
Note: Dynamic gmin stepping completed

Error: measure  f180  when(WHEN) : out of interval

Error: measure  gmx  find(AT) : out of interval

Error: measure  f0r  when(WHEN) : out of interval
Error: &f180: no such variable.
Error: &gmx: no such variable.
Error: &f0r: no such variable.
Note: Starting dynamic gmin stepping
Note: Dynamic gmin stepping completed
Note: Starting dynamic gmin stepping
Note: Dynamic gmin stepping completed
Note: Starting dynamic gmin stepping
Note: Dynamic gmin stepping completed

Error: measure  f180  when(WHEN) : out of interval

Error: measure  gmx  find(AT) : out of interval

Error: measure  f0r  when(WHEN) : out of interval
Error: &f180: no such variable.
Error: &gmx: no such variable.
Error: &f0r: no such variable.
Note: Starting dynamic gmin stepping
Note: Dynamic gmin stepping completed
Note: Starting dynamic gmin stepping
Note: Dynamic gmin stepping completed
Note: Starting dynamic gmin stepping
Note: Dynamic gmin stepping completed

Error: measure  f180  when(WHEN) : out of interval

Error: measure  gmx  find(AT) : out of interval

Error: measure  f0r  when(WHEN) : out of interval
Error: &f180: no such variable.
Error: &gmx: no such variable.
Error: &f0r: no such variable.
Note: Starting dynamic gmin stepping
Note: Dynamic gmin stepping completed
Note: Starting dynamic gmin stepping
Note: Dynamic gmin stepping completed
Note: Starting dynamic gmin stepping
Note: Dynamic gmin stepping completed

Error: measure  f180  when(WHEN) : out of interval

Error: measure  gmx  find(AT) : out of interval
Error: &f180: no such variable.
Error: &gmx: no such variable.
Note: Starting dynamic gmin stepping
Note: Dynamic gmin stepping completed
Note: Starting dynamic gmin stepping
Note: Dynamic gmin stepping completed
Note: Starting dynamic gmin stepping
Note: Dynamic gmin stepping completed

Error: measure  f180  when(WHEN) : out of interval

Error: measure  gmx  find(AT) : out of interval

Error: measure  f0r  when(WHEN) : out of interval
Error: &f180: no such variable.
Error: &gmx: no such variable.
Error: &f0r: no such variable.
Note: Starting dynamic gmin stepping
Note: Dynamic gmin stepping completed
Note: Starting dynamic gmin stepping
Note: Dynamic gmin stepping completed
Note: Starting dynamic gmin stepping
Note: Dynamic gmin stepping completed

Error: measure  f180  when(WHEN) : out of interval

Error: measure  gmx  find(AT) : out of interval

Error: measure  f0r  when(WHEN) : out of interval
Error: &f180: no such variable.
Error: &gmx: no such variable.
Error: &f0r: no such variable.
Note: Starting dynamic gmin stepping
Note: Dynamic gmin stepping completed
Note: Starting dynamic gmin stepping
Note: Dynamic gmin stepping completed
Note: Starting dynamic gmin stepping
Note: Dynamic gmin stepping completed

Error: measure  f180  when(WHEN) : out of interval

Error: measure  gmx  find(AT) : out of interval

Error: measure  f0r  when(WHEN) : out of interval
Error: &f180: no such variable.
Error: &gmx: no such variable.
Error: &f0r: no such variable.
Note: Starting dynamic gmin stepping
Note: Dynamic gmin stepping completed
Note: Starting dynamic gmin stepping
Note: Dynamic gmin stepping completed
Note: Starting dynamic gmin stepping
Note: Dynamic gmin stepping completed

Error: measure  f180  when(WHEN) : out of interval

Error: measure  gmx  find(AT) : out of interval

Error: measure  f0r  when(WHEN) : out of interval
Error: &f180: no such variable.
Error: &gmx: no such variable.
Error: &f0r: no such variable.
Note: Starting dynamic gmin stepping
Note: Dynamic gmin stepping completed
Note: Starting dynamic gmin stepping
Note: Dynamic gmin stepping completed
Note: Starting dynamic gmin stepping
Note: Dynamic gmin stepping completed

Error: measure  f180  when(WHEN) : out of interval

Error: measure  gmx  find(AT) : out of interval

Error: measure  f0r  when(WHEN) : out of interval
Error: &f180: no such variable.
Error: &gmx: no such variable.
Error: &f0r: no such variable.
Note: Starting dynamic gmin stepping
Note: Dynamic gmin stepping completed
Note: Starting dynamic gmin stepping
Note: Dynamic gmin stepping completed
Note: Starting dynamic gmin stepping
Note: Dynamic gmin stepping completed

Error: measure  f180  when(WHEN) : out of interval

Error: measure  gmx  find(AT) : out of interval

Error: measure  f0r  when(WHEN) : out of interval
Error: &f180: no such variable.
Error: &gmx: no such variable.
Error: &f0r: no such variable.
Note: Starting dynamic gmin stepping
Note: Dynamic gmin stepping completed
Note: Starting dynamic gmin stepping
Note: Dynamic gmin stepping completed
Note: Starting dynamic gmin stepping
Note: Dynamic gmin stepping completed

Error: measure  f180  when(WHEN) : out of interval

Error: measure  gmx  find(AT) : out of interval

Error: measure  f0r  when(WHEN) : out of interval
Error: &f180: no such variable.
Error: &gmx: no such variable.
Error: &f0r: no such variable.
Note: Starting dynamic gmin stepping
Note: Dynamic gmin stepping completed
Note: Starting dynamic gmin stepping
Note: Dynamic gmin stepping completed
Note: Starting dynamic gmin stepping
Note: Dynamic gmin stepping completed

Error: measure  f180  when(WHEN) : out of interval

Error: measure  gmx  find(AT) : out of interval

Error: measure  f0r  when(WHEN) : out of interval
Error: &f180: no such variable.
Error: &gmx: no such variable.
Error: &f0r: no such variable.
Note: Starting dynamic gmin stepping
Note: Dynamic gmin stepping completed
Note: Starting dynamic gmin stepping
Note: Dynamic gmin stepping completed
Note: Starting dynamic gmin stepping
Note: Dynamic gmin stepping completed

Error: measure  f180  when(WHEN) : out of interval

Error: measure  gmx  find(AT) : out of interval

Error: measure  f0r  when(WHEN) : out of interval
Error: &f180: no such variable.
Error: &gmx: no such variable.
Error: &f0r: no such variable.
Note: Starting dynamic gmin stepping
Note: Dynamic gmin stepping completed
Note: Starting dynamic gmin stepping
Note: Dynamic gmin stepping completed
Note: Starting dynamic gmin stepping
Note: Dynamic gmin stepping completed

Error: measure  f180  when(WHEN) : out of interval

Error: measure  gmx  find(AT) : out of interval

Error: measure  f0r  when(WHEN) : out of interval
Error: &f180: no such variable.
Error: &gmx: no such variable.
Error: &f0r: no such variable.
Note: Starting dynamic gmin stepping
Note: Dynamic gmin stepping completed
Note: Starting dynamic gmin stepping
Note: Dynamic gmin stepping completed
Note: Starting dynamic gmin stepping
Note: Dynamic gmin stepping completed

Error: measure  f180  when(WHEN) : out of interval

Error: measure  gmx  find(AT) : out of interval

Error: measure  f0r  when(WHEN) : out of interval
Error: &f180: no such variable.
Error: &gmx: no such variable.
Error: &f0r: no such variable.
Note: Starting dynamic gmin stepping
Note: Dynamic gmin stepping completed
Note: Starting dynamic gmin stepping
Note: Dynamic gmin stepping completed
Note: Starting dynamic gmin stepping
Note: Dynamic gmin stepping completed

Error: measure  f180  when(WHEN) : out of interval

Error: measure  gmx  find(AT) : out of interval

Error: measure  f0r  when(WHEN) : out of interval
Error: &f180: no such variable.
Error: &gmx: no such variable.
Error: &f0r: no such variable.
Note: Starting dynamic gmin stepping
Note: Dynamic gmin stepping completed
Note: Starting dynamic gmin stepping
Note: Dynamic gmin stepping completed
Note: Starting dynamic gmin stepping
Note: Dynamic gmin stepping completed

Error: measure  f180  when(WHEN) : out of interval

Error: measure  gmx  find(AT) : out of interval

Error: measure  f0r  when(WHEN) : out of interval
Error: &f180: no such variable.
Error: &gmx: no such variable.
Error: &f0r: no such variable.
Note: Starting dynamic gmin stepping
Note: Dynamic gmin stepping completed
Note: Starting dynamic gmin stepping
Note: Dynamic gmin stepping completed
Note: Starting dynamic gmin stepping
Note: Dynamic gmin stepping completed

Error: measure  f180  when(WHEN) : out of interval

Error: measure  gmx  find(AT) : out of interval

Error: measure  f0r  when(WHEN) : out of interval
Error: &f180: no such variable.
Error: &gmx: no such variable.
Error: &f0r: no such variable.
Note: Starting dynamic gmin stepping
Note: Dynamic gmin stepping completed
Note: Starting dynamic gmin stepping
Note: Dynamic gmin stepping completed
Note: Starting dynamic gmin stepping
Note: Dynamic gmin stepping completed

Error: measure  f180  when(WHEN) : out of interval

Error: measure  gmx  find(AT) : out of interval

Error: measure  f0r  when(WHEN) : out of interval
Error: &f180: no such variable.
Error: &gmx: no such variable.
Error: &f0r: no such variable.
Note: Starting dynamic gmin stepping
Note: Dynamic gmin stepping completed
Note: Starting dynamic gmin stepping
Note: Dynamic gmin stepping completed
Note: Starting dynamic gmin stepping
Note: Dynamic gmin stepping completed

Error: measure  f180  when(WHEN) : out of interval

Error: measure  gmx  find(AT) : out of interval

Error: measure  f0r  when(WHEN) : out of interval
Error: &f180: no such variable.
Error: &gmx: no such variable.
Error: &f0r: no such variable.
Note: Starting dynamic gmin stepping
Note: Dynamic gmin stepping completed
Note: Starting dynamic gmin stepping
Note: Dynamic gmin stepping completed
Note: Starting dynamic gmin stepping
Note: Dynamic gmin stepping completed

Error: measure  f180  when(WHEN) : out of interval

Error: measure  gmx  find(AT) : out of interval

Error: measure  f0r  when(WHEN) : out of interval
Error: &f180: no such variable.
Error: &gmx: no such variable.
Error: &f0r: no such variable.
Note: Starting dynamic gmin stepping
Note: Dynamic gmin stepping completed
Note: Starting dynamic gmin stepping
Note: Dynamic gmin stepping completed
Note: Starting dynamic gmin stepping
Note: Dynamic gmin stepping completed

Error: measure  f180  when(WHEN) : out of interval

Error: measure  gmx  find(AT) : out of interval

Error: measure  f0r  when(WHEN) : out of interval
Error: &f180: no such variable.
Error: &gmx: no such variable.
Error: &f0r: no such variable.
Note: Starting dynamic gmin stepping
Note: Dynamic gmin stepping completed
Note: Starting dynamic gmin stepping
Note: Dynamic gmin stepping completed
Note: Starting dynamic gmin stepping
Note: Dynamic gmin stepping completed

Error: measure  f180  when(WHEN) : out of interval

Error: measure  gmx  find(AT) : out of interval

Error: measure  f0r  when(WHEN) : out of interval
Error: &f180: no such variable.
Error: &gmx: no such variable.
Error: &f0r: no such variable.
Note: Starting dynamic gmin stepping
Note: Dynamic gmin stepping completed
Note: Starting dynamic gmin stepping
Note: Dynamic gmin stepping completed
Note: Starting dynamic gmin stepping
Note: Dynamic gmin stepping completed

Error: measure  f180  when(WHEN) : out of interval

Error: measure  gmx  find(AT) : out of interval

Error: measure  f0r  when(WHEN) : out of interval
Error: &f180: no such variable.
Error: &gmx: no such variable.
Error: &f0r: no such variable.
Note: Starting dynamic gmin stepping
Note: Dynamic gmin stepping completed
Note: Starting dynamic gmin stepping
Note: Dynamic gmin stepping completed
Note: Starting dynamic gmin stepping
Note: Dynamic gmin stepping completed

Error: measure  f180  when(WHEN) : out of interval

Error: measure  gmx  find(AT) : out of interval

Error: measure  f0r  when(WHEN) : out of interval
Error: &f180: no such variable.
Error: &gmx: no such variable.
Error: &f0r: no such variable.
Note: Starting dynamic gmin stepping
Note: Dynamic gmin stepping completed
Note: Starting dynamic gmin stepping
Note: Dynamic gmin stepping completed
Note: Starting dynamic gmin stepping
Note: Dynamic gmin stepping completed

Error: measure  f180  when(WHEN) : out of interval

Error: measure  gmx  find(AT) : out of interval

Error: measure  f0r  when(WHEN) : out of interval
Error: &f180: no such variable.
Error: &gmx: no such variable.
Error: &f0r: no such variable.
Note: Starting dynamic gmin stepping
Note: Dynamic gmin stepping completed
Note: Starting dynamic gmin stepping
Note: Dynamic gmin stepping completed
Note: Starting dynamic gmin stepping
Note: Dynamic gmin stepping completed

Error: measure  f180  when(WHEN) : out of interval

Error: measure  gmx  find(AT) : out of interval

Error: measure  f0r  when(WHEN) : out of interval
Error: &f180: no such variable.
Error: &gmx: no such variable.
Error: &f0r: no such variable.
Note: Starting dynamic gmin stepping
Note: Dynamic gmin stepping completed
Note: Starting dynamic gmin stepping
Note: Dynamic gmin stepping completed
Note: Starting dynamic gmin stepping
Note: Dynamic gmin stepping completed

Error: measure  f180  when(WHEN) : out of interval

Error: measure  gmx  find(AT) : out of interval

Error: measure  f0r  when(WHEN) : out of interval
Error: &f180: no such variable.
Error: &gmx: no such variable.
Error: &f0r: no such variable.
Note: Starting dynamic gmin stepping
Note: Dynamic gmin stepping completed
Note: Starting dynamic gmin stepping
Note: Dynamic gmin stepping completed
Note: Starting dynamic gmin stepping
Note: Dynamic gmin stepping completed

Error: measure  f180  when(WHEN) : out of interval

Error: measure  gmx  find(AT) : out of interval

Error: measure  f0r  when(WHEN) : out of interval
Error: &f180: no such variable.
Error: &gmx: no such variable.
Error: &f0r: no such variable.
Note: Starting dynamic gmin stepping
Note: Dynamic gmin stepping completed
Note: Starting dynamic gmin stepping
Note: Dynamic gmin stepping completed
Note: Starting dynamic gmin stepping
Note: Dynamic gmin stepping completed

Error: measure  f180  when(WHEN) : out of interval

Error: measure  gmx  find(AT) : out of interval

Error: measure  f0r  when(WHEN) : out of interval
Error: &f180: no such variable.
Error: &gmx: no such variable.
Error: &f0r: no such variable.
Note: Starting dynamic gmin stepping
Note: Dynamic gmin stepping completed
Note: Starting dynamic gmin stepping
Note: Dynamic gmin stepping completed
Note: Starting dynamic gmin stepping
Note: Dynamic gmin stepping completed

Error: measure  f180  when(WHEN) : out of interval

Error: measure  gmx  find(AT) : out of interval

Error: measure  f0r  when(WHEN) : out of interval
Error: &f180: no such variable.
Error: &gmx: no such variable.
Error: &f0r: no such variable.
