
Note: Compatibility modes selected: hs a


Circuit: * loop-stability -- tian dual-injection loop-gain testbench for ldo_core (issue #10)

* corner_id=tt_27c_3.30v corner=tt temp_c=27 vin_v=3.3
* ac sweep: dec 50 0.01 1e9 ; Tian dual injection at ERRAMP_OUT->PASS_GATE
* columns: ROW iload_a= ceff_f= esr_ohm= vout_v= dcgain_db= f0_hz= phase_at_f0_deg=
*          f180_hz= gain_at_f180_db= f0_rising_hz= resurgence_db=
* (phase margin = 180 + phase_at_f0_deg ; gain margin = -gain_at_f180_db ;
*  resurgence_db = max |T| in dB above the first 0 dB crossing, DR-0008 ;
*  an empty f180/gain field means the phase never reaches -180 deg in band)
* Fields are written key=value BECAUSE a failed meas leaves its value
* empty: with bare positional fields an empty one vanishes into the
* whitespace and every field after it is read as the wrong quantity.
Doing analysis at TEMP = 27.000000 and TNOM = 27.000000

Using SPARSE 1.3 as Direct Linear Solver
 Reference value :  0.00000e+00
No. of Data Rows : 1
Doing analysis at TEMP = 27.000000 and TNOM = 27.000000

Using SPARSE 1.3 as Direct Linear Solver

No. of Data Rows : 551
Doing analysis at TEMP = 27.000000 and TNOM = 27.000000

Using SPARSE 1.3 as Direct Linear Solver
 Reference value :  1.00000e-02
No. of Data Rows : 551
dcg                 =  1.34552e+02
f0                  =  2.65658e+03
phx                 =  -1.51355e+02
f180                =  7.15421e+05
gmx                 =  -1.47345e+01
 meas ac f0r when tdb=0 rise=1 failed!

tres                =  -1.26485e+00 at=  2.88403e+03
ROW iload_a=0 ceff_f=3.3e-07 esr_ohm=0.001 vout_v=1.79935 dcgain_db=134.552 f0_hz=2656.58 phase_at_f0_deg=-151.355 f180_hz=715420 gain_at_f180_db=-14.7345 f0_rising_hz= resurgence_db=-1.26485
Doing analysis at TEMP = 27.000000 and TNOM = 27.000000

Using SPARSE 1.3 as Direct Linear Solver
 Reference value :  0.00000e+00
No. of Data Rows : 1
Doing analysis at TEMP = 27.000000 and TNOM = 27.000000

Using SPARSE 1.3 as Direct Linear Solver
 Reference value :  4.78630e-01
No. of Data Rows : 551
Doing analysis at TEMP = 27.000000 and TNOM = 27.000000

Using SPARSE 1.3 as Direct Linear Solver
 Reference value :  1.00000e-02
No. of Data Rows : 551
dcg                 =  1.34552e+02
f0                  =  2.65658e+03
phx                 =  -1.51339e+02
f180                =  7.15492e+05
gmx                 =  -1.44976e+01
 meas ac f0r when tdb=0 rise=1 failed!

tres                =  -1.26485e+00 at=  2.88403e+03
ROW iload_a=0 ceff_f=3.3e-07 esr_ohm=0.05 vout_v=1.79935 dcgain_db=134.552 f0_hz=2656.58 phase_at_f0_deg=-151.339 f180_hz=715492 gain_at_f180_db=-14.4976 f0_rising_hz= resurgence_db=-1.26485
Doing analysis at TEMP = 27.000000 and TNOM = 27.000000

Using SPARSE 1.3 as Direct Linear Solver
 Reference value :  0.00000e+00
No. of Data Rows : 1
Doing analysis at TEMP = 27.000000 and TNOM = 27.000000

Using SPARSE 1.3 as Direct Linear Solver
 Reference value :  1.00000e-02
No. of Data Rows : 551
Doing analysis at TEMP = 27.000000 and TNOM = 27.000000

Using SPARSE 1.3 as Direct Linear Solver
 Reference value :  1.00000e-02
No. of Data Rows : 551
dcg                 =  1.34552e+02
f0                  =  2.65658e+03
phx                 =  -1.51292e+02
f180                =  7.15691e+05
gmx                 =  -1.38087e+01
 meas ac f0r when tdb=0 rise=1 failed!

tres                =  -1.26484e+00 at=  2.88403e+03
ROW iload_a=0 ceff_f=3.3e-07 esr_ohm=0.2 vout_v=1.79935 dcgain_db=134.552 f0_hz=2656.58 phase_at_f0_deg=-151.292 f180_hz=715691 gain_at_f180_db=-13.8087 f0_rising_hz= resurgence_db=-1.26484
Doing analysis at TEMP = 27.000000 and TNOM = 27.000000

Using SPARSE 1.3 as Direct Linear Solver
 Reference value :  0.00000e+00
No. of Data Rows : 1
Doing analysis at TEMP = 27.000000 and TNOM = 27.000000

Using SPARSE 1.3 as Direct Linear Solver
 Reference value :  1.00000e-02
No. of Data Rows : 551
Doing analysis at TEMP = 27.000000 and TNOM = 27.000000

Using SPARSE 1.3 as Direct Linear Solver
 Reference value :  1.00000e-02
No. of Data Rows : 551
dcg                 =  1.34552e+02
f0                  =  2.65658e+03
phx                 =  -1.51197e+02
f180                =  7.16014e+05
gmx                 =  -1.25716e+01
 meas ac f0r when tdb=0 rise=1 failed!

tres                =  -1.26481e+00 at=  2.88403e+03
ROW iload_a=0 ceff_f=3.3e-07 esr_ohm=0.5 vout_v=1.79935 dcgain_db=134.552 f0_hz=2656.58 phase_at_f0_deg=-151.197 f180_hz=716014 gain_at_f180_db=-12.5716 f0_rising_hz= resurgence_db=-1.26481
Doing analysis at TEMP = 27.000000 and TNOM = 27.000000

Using SPARSE 1.3 as Direct Linear Solver
 Reference value :  0.00000e+00
No. of Data Rows : 1
Doing analysis at TEMP = 27.000000 and TNOM = 27.000000

Using SPARSE 1.3 as Direct Linear Solver
 Reference value :  1.00000e-02
No. of Data Rows : 551
Doing analysis at TEMP = 27.000000 and TNOM = 27.000000

Using SPARSE 1.3 as Direct Linear Solver
 Reference value :  1.00000e-02
No. of Data Rows : 551
dcg                 =  1.34545e+02
f0                  =  1.46489e+03
phx                 =  -1.63293e+02
f180                =  7.18300e+05
gmx                 =  -1.40096e+01
 meas ac f0r when tdb=0 rise=1 failed!

tres                =  -1.31452e+00 at=  1.58489e+03
ROW iload_a=0 ceff_f=1e-06 esr_ohm=0.001 vout_v=1.79935 dcgain_db=134.545 f0_hz=1464.89 phase_at_f0_deg=-163.293 f180_hz=718300 gain_at_f180_db=-14.0096 f0_rising_hz= resurgence_db=-1.31451
Doing analysis at TEMP = 27.000000 and TNOM = 27.000000

Using SPARSE 1.3 as Direct Linear Solver
 Reference value :  0.00000e+00
No. of Data Rows : 1
Doing analysis at TEMP = 27.000000 and TNOM = 27.000000

Using SPARSE 1.3 as Direct Linear Solver
 Reference value :  1.00000e-02
No. of Data Rows : 551
Doing analysis at TEMP = 27.000000 and TNOM = 27.000000

Using SPARSE 1.3 as Direct Linear Solver
 Reference value :  1.00000e-02
No. of Data Rows : 551
dcg                 =  1.34545e+02
f0                  =  1.46489e+03
phx                 =  -1.63267e+02
f180                =  7.18299e+05
gmx                 =  -1.37865e+01
 meas ac f0r when tdb=0 rise=1 failed!

tres                =  -1.31451e+00 at=  1.58489e+03
ROW iload_a=0 ceff_f=1e-06 esr_ohm=0.05 vout_v=1.79935 dcgain_db=134.545 f0_hz=1464.89 phase_at_f0_deg=-163.267 f180_hz=718299 gain_at_f180_db=-13.7865 f0_rising_hz= resurgence_db=-1.31451
Doing analysis at TEMP = 27.000000 and TNOM = 27.000000

Using SPARSE 1.3 as Direct Linear Solver
 Reference value :  0.00000e+00
No. of Data Rows : 1
Doing analysis at TEMP = 27.000000 and TNOM = 27.000000

Using SPARSE 1.3 as Direct Linear Solver
 Reference value :  1.00000e-02
No. of Data Rows : 551
Doing analysis at TEMP = 27.000000 and TNOM = 27.000000

Using SPARSE 1.3 as Direct Linear Solver
 Reference value :  1.00000e-02
No. of Data Rows : 551
dcg                 =  1.34545e+02
f0                  =  1.46489e+03
phx                 =  -1.63188e+02
f180                =  7.18296e+05
gmx                 =  -1.31371e+01
 meas ac f0r when tdb=0 rise=1 failed!

tres                =  -1.31450e+00 at=  1.58489e+03
ROW iload_a=0 ceff_f=1e-06 esr_ohm=0.2 vout_v=1.79935 dcgain_db=134.545 f0_hz=1464.89 phase_at_f0_deg=-163.188 f180_hz=718296 gain_at_f180_db=-13.1371 f0_rising_hz= resurgence_db=-1.3145
Doing analysis at TEMP = 27.000000 and TNOM = 27.000000

Using SPARSE 1.3 as Direct Linear Solver
 Reference value :  0.00000e+00
No. of Data Rows : 1
Doing analysis at TEMP = 27.000000 and TNOM = 27.000000

Using SPARSE 1.3 as Direct Linear Solver
 Reference value :  1.00000e-02
No. of Data Rows : 551
Doing analysis at TEMP = 27.000000 and TNOM = 27.000000

Using SPARSE 1.3 as Direct Linear Solver
 Reference value :  1.00000e-02
No. of Data Rows : 551
dcg                 =  1.34545e+02
f0                  =  1.46490e+03
phx                 =  -1.63030e+02
f180                =  7.18290e+05
gmx                 =  -1.19682e+01
 meas ac f0r when tdb=0 rise=1 failed!

tres                =  -1.31441e+00 at=  1.58489e+03
ROW iload_a=0 ceff_f=1e-06 esr_ohm=0.5 vout_v=1.79935 dcgain_db=134.545 f0_hz=1464.9 phase_at_f0_deg=-163.03 f180_hz=718290 gain_at_f180_db=-11.9682 f0_rising_hz= resurgence_db=-1.31441
Doing analysis at TEMP = 27.000000 and TNOM = 27.000000

Using SPARSE 1.3 as Direct Linear Solver
 Reference value :  0.00000e+00
No. of Data Rows : 1
Doing analysis at TEMP = 27.000000 and TNOM = 27.000000

Using SPARSE 1.3 as Direct Linear Solver
 Reference value :  1.00000e-02
No. of Data Rows : 551
Doing analysis at TEMP = 27.000000 and TNOM = 27.000000

Using SPARSE 1.3 as Direct Linear Solver
 Reference value :  1.00000e-02
No. of Data Rows : 551
dcg                 =  1.34391e+02
f0                  =  6.64982e+02
phx                 =  -1.72149e+02
f180                =  7.19415e+05
gmx                 =  -1.35920e+01
 meas ac f0r when tdb=0 rise=1 failed!

tres                =  -1.47604e+00 at=  7.24436e+02
ROW iload_a=0 ceff_f=4.7e-06 esr_ohm=0.001 vout_v=1.79935 dcgain_db=134.391 f0_hz=664.982 phase_at_f0_deg=-172.149 f180_hz=719415 gain_at_f180_db=-13.592 f0_rising_hz= resurgence_db=-1.47604
Doing analysis at TEMP = 27.000000 and TNOM = 27.000000

Using SPARSE 1.3 as Direct Linear Solver
 Reference value :  0.00000e+00
No. of Data Rows : 1
Doing analysis at TEMP = 27.000000 and TNOM = 27.000000

Using SPARSE 1.3 as Direct Linear Solver
 Reference value :  1.00000e-02
No. of Data Rows : 551
Doing analysis at TEMP = 27.000000 and TNOM = 27.000000

Using SPARSE 1.3 as Direct Linear Solver
 Reference value :  1.00000e-02
No. of Data Rows : 551
dcg                 =  1.34391e+02
f0                  =  6.64982e+02
phx                 =  -1.72094e+02
f180                =  7.19386e+05
gmx                 =  -1.33812e+01
 meas ac f0r when tdb=0 rise=1 failed!

tres                =  -1.47603e+00 at=  7.24436e+02
ROW iload_a=0 ceff_f=4.7e-06 esr_ohm=0.05 vout_v=1.79935 dcgain_db=134.391 f0_hz=664.982 phase_at_f0_deg=-172.094 f180_hz=719386 gain_at_f180_db=-13.3812 f0_rising_hz= resurgence_db=-1.47603
Doing analysis at TEMP = 27.000000 and TNOM = 27.000000

Using SPARSE 1.3 as Direct Linear Solver
 Reference value :  0.00000e+00
No. of Data Rows : 1
Doing analysis at TEMP = 27.000000 and TNOM = 27.000000

Using SPARSE 1.3 as Direct Linear Solver
 Reference value :  1.00000e-02
No. of Data Rows : 551
Doing analysis at TEMP = 27.000000 and TNOM = 27.000000

Using SPARSE 1.3 as Direct Linear Solver
 Reference value :  1.00000e-02
No. of Data Rows : 551
dcg                 =  1.34391e+02
f0                  =  6.64984e+02
phx                 =  -1.71925e+02
f180                =  7.19304e+05
gmx                 =  -1.27654e+01
 meas ac f0r when tdb=0 rise=1 failed!

tres                =  -1.47596e+00 at=  7.24436e+02
ROW iload_a=0 ceff_f=4.7e-06 esr_ohm=0.2 vout_v=1.79935 dcgain_db=134.391 f0_hz=664.984 phase_at_f0_deg=-171.925 f180_hz=719304 gain_at_f180_db=-12.7654 f0_rising_hz= resurgence_db=-1.47596
Doing analysis at TEMP = 27.000000 and TNOM = 27.000000

Using SPARSE 1.3 as Direct Linear Solver
 Reference value :  0.00000e+00
No. of Data Rows : 1
Doing analysis at TEMP = 27.000000 and TNOM = 27.000000

Using SPARSE 1.3 as Direct Linear Solver
 Reference value :  1.00000e-02
No. of Data Rows : 551
Doing analysis at TEMP = 27.000000 and TNOM = 27.000000

Using SPARSE 1.3 as Direct Linear Solver
 Reference value :  1.00000e-02
No. of Data Rows : 551
dcg                 =  1.34391e+02
f0                  =  6.64998e+02
phx                 =  -1.71587e+02
f180                =  7.19171e+05
gmx                 =  -1.16495e+01
 meas ac f0r when tdb=0 rise=1 failed!

tres                =  -1.47555e+00 at=  7.24436e+02
ROW iload_a=0 ceff_f=4.7e-06 esr_ohm=0.5 vout_v=1.79935 dcgain_db=134.391 f0_hz=664.998 phase_at_f0_deg=-171.587 f180_hz=719171 gain_at_f180_db=-11.6495 f0_rising_hz= resurgence_db=-1.47555
Doing analysis at TEMP = 27.000000 and TNOM = 27.000000

Using SPARSE 1.3 as Direct Linear Solver
 Reference value :  0.00000e+00
No. of Data Rows : 1
Doing analysis at TEMP = 27.000000 and TNOM = 27.000000

Using SPARSE 1.3 as Direct Linear Solver
 Reference value :  1.00000e-02
No. of Data Rows : 551
Doing analysis at TEMP = 27.000000 and TNOM = 27.000000

Using SPARSE 1.3 as Direct Linear Solver
 Reference value :  1.00000e-02
No. of Data Rows : 551
dcg                 =  1.46366e+02
f0                  =  1.61906e+05
phx                 =  -9.82623e+01
 meas ac f180 when tph=-1.800000e+02 fall=1 failed!

 meas ac gmx find tdb when tph=-1.800000e+02 fall=1 failed!

f0r                 =  6.12087e+05
tres                =  7.58985e+00 at=  6.91831e+05
ROW iload_a=0.0001 ceff_f=3.3e-07 esr_ohm=0.001 vout_v=1.79935 dcgain_db=146.366 f0_hz=161906 phase_at_f0_deg=-98.2623 f180_hz= gain_at_f180_db= f0_rising_hz=612087 resurgence_db=7.58985
Doing analysis at TEMP = 27.000000 and TNOM = 27.000000

Using SPARSE 1.3 as Direct Linear Solver
 Reference value :  0.00000e+00
No. of Data Rows : 1
Doing analysis at TEMP = 27.000000 and TNOM = 27.000000

Using SPARSE 1.3 as Direct Linear Solver
 Reference value :  1.00000e-02
No. of Data Rows : 551
Doing analysis at TEMP = 27.000000 and TNOM = 27.000000

Using SPARSE 1.3 as Direct Linear Solver
 Reference value :  1.00000e-02
No. of Data Rows : 551
dcg                 =  1.46366e+02
f0                  =  1.61933e+05
phx                 =  -9.73222e+01
 meas ac f180 when tph=-1.800000e+02 fall=1 failed!

 meas ac gmx find tdb when tph=-1.800000e+02 fall=1 failed!

f0r                 =  6.11771e+05
tres                =  7.62832e+00 at=  6.91831e+05
ROW iload_a=0.0001 ceff_f=3.3e-07 esr_ohm=0.05 vout_v=1.79935 dcgain_db=146.366 f0_hz=161933 phase_at_f0_deg=-97.3222 f180_hz= gain_at_f180_db= f0_rising_hz=611771 resurgence_db=7.62832
Doing analysis at TEMP = 27.000000 and TNOM = 27.000000

Using SPARSE 1.3 as Direct Linear Solver
 Reference value :  0.00000e+00
No. of Data Rows : 1
Doing analysis at TEMP = 27.000000 and TNOM = 27.000000

Using SPARSE 1.3 as Direct Linear Solver
 Reference value :  1.00000e-02
No. of Data Rows : 551
Doing analysis at TEMP = 27.000000 and TNOM = 27.000000

Using SPARSE 1.3 as Direct Linear Solver
 Reference value :  1.00000e-02
No. of Data Rows : 551
dcg                 =  1.46366e+02
f0                  =  1.62329e+05
phx                 =  -9.44666e+01
 meas ac f180 when tph=-1.800000e+02 fall=1 failed!

 meas ac gmx find tdb when tph=-1.800000e+02 fall=1 failed!

f0r                 =  6.08587e+05
tres                =  7.99428e+00 at=  6.91831e+05
ROW iload_a=0.0001 ceff_f=3.3e-07 esr_ohm=0.2 vout_v=1.79935 dcgain_db=146.366 f0_hz=162329 phase_at_f0_deg=-94.4666 f180_hz= gain_at_f180_db= f0_rising_hz=608587 resurgence_db=7.99428
Doing analysis at TEMP = 27.000000 and TNOM = 27.000000

Using SPARSE 1.3 as Direct Linear Solver
 Reference value :  0.00000e+00
No. of Data Rows : 1
Doing analysis at TEMP = 27.000000 and TNOM = 27.000000

Using SPARSE 1.3 as Direct Linear Solver
 Reference value :  1.00000e-02
No. of Data Rows : 551
Doing analysis at TEMP = 27.000000 and TNOM = 27.000000

Using SPARSE 1.3 as Direct Linear Solver
 Reference value :  1.00000e-02
No. of Data Rows : 551
dcg                 =  1.46366e+02
f0                  =  1.64576e+05
phx                 =  -8.88249e+01
 meas ac f180 when tph=-1.800000e+02 fall=1 failed!

 meas ac gmx find tdb when tph=-1.800000e+02 fall=1 failed!

f0r                 =  5.92000e+05
tres                =  9.50073e+00 at=  6.91831e+05
ROW iload_a=0.0001 ceff_f=3.3e-07 esr_ohm=0.5 vout_v=1.79935 dcgain_db=146.366 f0_hz=164576 phase_at_f0_deg=-88.8249 f180_hz= gain_at_f180_db= f0_rising_hz=592000 resurgence_db=9.50073
Doing analysis at TEMP = 27.000000 and TNOM = 27.000000

Using SPARSE 1.3 as Direct Linear Solver
 Reference value :  0.00000e+00
No. of Data Rows : 1
Doing analysis at TEMP = 27.000000 and TNOM = 27.000000

Using SPARSE 1.3 as Direct Linear Solver
 Reference value :  1.00000e-02
No. of Data Rows : 551
Doing analysis at TEMP = 27.000000 and TNOM = 27.000000

Using SPARSE 1.3 as Direct Linear Solver
 Reference value :  1.00000e-02
No. of Data Rows : 551
dcg                 =  1.46366e+02
f0                  =  4.48532e+04
phx                 =  -8.97721e+01
 meas ac f180 when tph=-1.800000e+02 fall=1 failed!

 meas ac gmx find tdb when tph=-1.800000e+02 fall=1 failed!

 meas ac f0r when tdb=0 rise=1 failed!

tres                =  -4.72004e-01 at=  4.78630e+04
ROW iload_a=0.0001 ceff_f=1e-06 esr_ohm=0.001 vout_v=1.79935 dcgain_db=146.366 f0_hz=44853.2 phase_at_f0_deg=-89.7721 f180_hz= gain_at_f180_db= f0_rising_hz= resurgence_db=-0.472004
Doing analysis at TEMP = 27.000000 and TNOM = 27.000000

Using SPARSE 1.3 as Direct Linear Solver
 Reference value :  0.00000e+00
No. of Data Rows : 1
Doing analysis at TEMP = 27.000000 and TNOM = 27.000000

Using SPARSE 1.3 as Direct Linear Solver
 Reference value :  1.00000e-02
No. of Data Rows : 551
Doing analysis at TEMP = 27.000000 and TNOM = 27.000000

Using SPARSE 1.3 as Direct Linear Solver
 Reference value :  1.00000e-02
No. of Data Rows : 551
dcg                 =  1.46366e+02
f0                  =  4.48585e+04
phx                 =  -8.89805e+01
 meas ac f180 when tph=-1.800000e+02 fall=1 failed!

 meas ac gmx find tdb when tph=-1.800000e+02 fall=1 failed!

 meas ac f0r when tdb=0 rise=1 failed!

tres                =  -4.71034e-01 at=  4.78630e+04
ROW iload_a=0.0001 ceff_f=1e-06 esr_ohm=0.05 vout_v=1.79935 dcgain_db=146.366 f0_hz=44858.5 phase_at_f0_deg=-88.9805 f180_hz= gain_at_f180_db= f0_rising_hz= resurgence_db=-0.471034
Doing analysis at TEMP = 27.000000 and TNOM = 27.000000

Using SPARSE 1.3 as Direct Linear Solver
 Reference value :  0.00000e+00
No. of Data Rows : 1
Doing analysis at TEMP = 27.000000 and TNOM = 27.000000

Using SPARSE 1.3 as Direct Linear Solver
 Reference value :  1.00000e-02
No. of Data Rows : 551
Doing analysis at TEMP = 27.000000 and TNOM = 27.000000

Using SPARSE 1.3 as Direct Linear Solver
 Reference value :  1.00000e-02
No. of Data Rows : 551
dcg                 =  1.46366e+02
f0                  =  4.49382e+04
phx                 =  -8.65507e+01
 meas ac f180 when tph=-1.800000e+02 fall=1 failed!

 meas ac gmx find tdb when tph=-1.800000e+02 fall=1 failed!

f0r                 =  6.81151e+05
tres                =  7.48163e-01 at=  6.91831e+05
ROW iload_a=0.0001 ceff_f=1e-06 esr_ohm=0.2 vout_v=1.79935 dcgain_db=146.366 f0_hz=44938.2 phase_at_f0_deg=-86.5507 f180_hz= gain_at_f180_db= f0_rising_hz=681151 resurgence_db=0.748163
Doing analysis at TEMP = 27.000000 and TNOM = 27.000000

Using SPARSE 1.3 as Direct Linear Solver
 Reference value :  0.00000e+00
No. of Data Rows : 1
Doing analysis at TEMP = 27.000000 and TNOM = 27.000000

Using SPARSE 1.3 as Direct Linear Solver
 Reference value :  1.00000e-02
No. of Data Rows : 551
Doing analysis at TEMP = 27.000000 and TNOM = 27.000000

Using SPARSE 1.3 as Direct Linear Solver
 Reference value :  1.00000e-02
No. of Data Rows : 551
dcg                 =  1.46366e+02
f0                  =  4.53917e+04
phx                 =  -8.16373e+01
 meas ac f180 when tph=-1.800000e+02 fall=1 failed!

 meas ac gmx find tdb when tph=-1.800000e+02 fall=1 failed!

f0r                 =  6.36704e+05
tres                =  5.79945e+00 at=  6.91831e+05
ROW iload_a=0.0001 ceff_f=1e-06 esr_ohm=0.5 vout_v=1.79935 dcgain_db=146.366 f0_hz=45391.7 phase_at_f0_deg=-81.6373 f180_hz= gain_at_f180_db= f0_rising_hz=636704 resurgence_db=5.79945
Doing analysis at TEMP = 27.000000 and TNOM = 27.000000

Using SPARSE 1.3 as Direct Linear Solver
 Reference value :  0.00000e+00
No. of Data Rows : 1
Doing analysis at TEMP = 27.000000 and TNOM = 27.000000

Using SPARSE 1.3 as Direct Linear Solver
 Reference value :  1.00000e-02
No. of Data Rows : 551
Doing analysis at TEMP = 27.000000 and TNOM = 27.000000

Using SPARSE 1.3 as Direct Linear Solver
 Reference value :  1.00000e-02
No. of Data Rows : 551
dcg                 =  1.46366e+02
f0                  =  9.18501e+03
phx                 =  -1.15621e+02
 meas ac f180 when tph=-1.800000e+02 fall=1 failed!

 meas ac gmx find tdb when tph=-1.800000e+02 fall=1 failed!

 meas ac f0r when tdb=0 rise=1 failed!

tres                =  -8.80402e-01 at=  1.00000e+04
ROW iload_a=0.0001 ceff_f=4.7e-06 esr_ohm=0.001 vout_v=1.79935 dcgain_db=146.366 f0_hz=9185.01 phase_at_f0_deg=-115.621 f180_hz= gain_at_f180_db= f0_rising_hz= resurgence_db=-0.880402
Doing analysis at TEMP = 27.000000 and TNOM = 27.000000

Using SPARSE 1.3 as Direct Linear Solver
 Reference value :  0.00000e+00
No. of Data Rows : 1
Doing analysis at TEMP = 27.000000 and TNOM = 27.000000

Using SPARSE 1.3 as Direct Linear Solver
 Reference value :  1.00000e-02
No. of Data Rows : 551
Doing analysis at TEMP = 27.000000 and TNOM = 27.000000

Using SPARSE 1.3 as Direct Linear Solver
 Reference value :  1.00000e-02
No. of Data Rows : 551
dcg                 =  1.46366e+02
f0                  =  9.18571e+03
phx                 =  -1.14857e+02
 meas ac f180 when tph=-1.800000e+02 fall=1 failed!

 meas ac gmx find tdb when tph=-1.800000e+02 fall=1 failed!

 meas ac f0r when tdb=0 rise=1 failed!

tres                =  -8.79471e-01 at=  1.00000e+04
ROW iload_a=0.0001 ceff_f=4.7e-06 esr_ohm=0.05 vout_v=1.79935 dcgain_db=146.366 f0_hz=9185.71 phase_at_f0_deg=-114.857 f180_hz= gain_at_f180_db= f0_rising_hz= resurgence_db=-0.879471
Doing analysis at TEMP = 27.000000 and TNOM = 27.000000

Using SPARSE 1.3 as Direct Linear Solver
 Reference value :  0.00000e+00
No. of Data Rows : 1
Doing analysis at TEMP = 27.000000 and TNOM = 27.000000

Using SPARSE 1.3 as Direct Linear Solver
 Reference value :  1.00000e-02
No. of Data Rows : 551
Doing analysis at TEMP = 27.000000 and TNOM = 27.000000

Using SPARSE 1.3 as Direct Linear Solver
 Reference value :  1.00000e-02
No. of Data Rows : 551
dcg                 =  1.46366e+02
f0                  =  9.19641e+03
phx                 =  -1.12495e+02
 meas ac f180 when tph=-1.800000e+02 fall=1 failed!

 meas ac gmx find tdb when tph=-1.800000e+02 fall=1 failed!

 meas ac f0r when tdb=0 rise=1 failed!

tres                =  -8.65342e-01 at=  1.00000e+04
ROW iload_a=0.0001 ceff_f=4.7e-06 esr_ohm=0.2 vout_v=1.79935 dcgain_db=146.366 f0_hz=9196.41 phase_at_f0_deg=-112.495 f180_hz= gain_at_f180_db= f0_rising_hz= resurgence_db=-0.865342
Doing analysis at TEMP = 27.000000 and TNOM = 27.000000

Using SPARSE 1.3 as Direct Linear Solver
 Reference value :  0.00000e+00
No. of Data Rows : 1
Doing analysis at TEMP = 27.000000 and TNOM = 27.000000

Using SPARSE 1.3 as Direct Linear Solver
 Reference value :  1.00000e-02
No. of Data Rows : 551
Doing analysis at TEMP = 27.000000 and TNOM = 27.000000

Using SPARSE 1.3 as Direct Linear Solver
 Reference value :  1.00000e-02
No. of Data Rows : 551
dcg                 =  1.46366e+02
f0                  =  9.25686e+03
phx                 =  -1.07645e+02
 meas ac f180 when tph=-1.800000e+02 fall=1 failed!

 meas ac gmx find tdb when tph=-1.800000e+02 fall=1 failed!

f0r                 =  6.42597e+05
tres                =  5.06089e+00 at=  6.91831e+05
ROW iload_a=0.0001 ceff_f=4.7e-06 esr_ohm=0.5 vout_v=1.79935 dcgain_db=146.366 f0_hz=9256.86 phase_at_f0_deg=-107.645 f180_hz= gain_at_f180_db= f0_rising_hz=642597 resurgence_db=5.06089
Doing analysis at TEMP = 27.000000 and TNOM = 27.000000

Using SPARSE 1.3 as Direct Linear Solver
 Reference value :  0.00000e+00
No. of Data Rows : 1
Doing analysis at TEMP = 27.000000 and TNOM = 27.000000

Using SPARSE 1.3 as Direct Linear Solver
 Reference value :  1.00000e-02
No. of Data Rows : 551
Doing analysis at TEMP = 27.000000 and TNOM = 27.000000

Using SPARSE 1.3 as Direct Linear Solver
 Reference value :  1.00000e-02
No. of Data Rows : 551
dcg                 =  1.46731e+02
f0                  =  9.14303e+05
phx                 =  2.35507e+01
 meas ac f180 when tph=-1.800000e+02 fall=1 failed!

 meas ac gmx find tdb when tph=-1.800000e+02 fall=1 failed!

 meas ac f0r when tdb=0 rise=1 failed!

tres                =  -4.29975e+00 at=  1.00000e+06
ROW iload_a=0.001 ceff_f=3.3e-07 esr_ohm=0.001 vout_v=1.79935 dcgain_db=146.731 f0_hz=914303 phase_at_f0_deg=23.5507 f180_hz= gain_at_f180_db= f0_rising_hz= resurgence_db=-4.29976
Doing analysis at TEMP = 27.000000 and TNOM = 27.000000

Using SPARSE 1.3 as Direct Linear Solver
 Reference value :  0.00000e+00
No. of Data Rows : 1
Doing analysis at TEMP = 27.000000 and TNOM = 27.000000

Using SPARSE 1.3 as Direct Linear Solver
 Reference value :  1.00000e-02
No. of Data Rows : 551
Doing analysis at TEMP = 27.000000 and TNOM = 27.000000

Using SPARSE 1.3 as Direct Linear Solver
 Reference value :  1.00000e-02
No. of Data Rows : 551
dcg                 =  1.46731e+02
f0                  =  9.15149e+05
phx                 =  2.88505e+01
 meas ac f180 when tph=-1.800000e+02 fall=1 failed!

 meas ac gmx find tdb when tph=-1.800000e+02 fall=1 failed!

 meas ac f0r when tdb=0 rise=1 failed!

tres                =  -4.24451e+00 at=  1.00000e+06
ROW iload_a=0.001 ceff_f=3.3e-07 esr_ohm=0.05 vout_v=1.79935 dcgain_db=146.731 f0_hz=915149 phase_at_f0_deg=28.8505 f180_hz= gain_at_f180_db= f0_rising_hz= resurgence_db=-4.24451
Doing analysis at TEMP = 27.000000 and TNOM = 27.000000

Using SPARSE 1.3 as Direct Linear Solver
 Reference value :  0.00000e+00
No. of Data Rows : 1
Doing analysis at TEMP = 27.000000 and TNOM = 27.000000

Using SPARSE 1.3 as Direct Linear Solver
 Reference value :  1.00000e-02
No. of Data Rows : 551
Doing analysis at TEMP = 27.000000 and TNOM = 27.000000

Using SPARSE 1.3 as Direct Linear Solver
 Reference value :  1.00000e-02
No. of Data Rows : 551
dcg                 =  1.46731e+02
f0                  =  9.26035e+05
phx                 =  4.42601e+01
 meas ac f180 when tph=-1.800000e+02 fall=1 failed!

 meas ac gmx find tdb when tph=-1.800000e+02 fall=1 failed!

 meas ac f0r when tdb=0 rise=1 failed!

tres                =  -3.57894e+00 at=  1.00000e+06
ROW iload_a=0.001 ceff_f=3.3e-07 esr_ohm=0.2 vout_v=1.79935 dcgain_db=146.731 f0_hz=926035 phase_at_f0_deg=44.2601 f180_hz= gain_at_f180_db= f0_rising_hz= resurgence_db=-3.57894
Doing analysis at TEMP = 27.000000 and TNOM = 27.000000

Using SPARSE 1.3 as Direct Linear Solver
 Reference value :  0.00000e+00
No. of Data Rows : 1
Doing analysis at TEMP = 27.000000 and TNOM = 27.000000

Using SPARSE 1.3 as Direct Linear Solver
 Reference value :  1.00000e-02
No. of Data Rows : 551
Doing analysis at TEMP = 27.000000 and TNOM = 27.000000

Using SPARSE 1.3 as Direct Linear Solver
 Reference value :  1.00000e-02
No. of Data Rows : 551
dcg                 =  1.46731e+02
f0                  =  9.74808e+05
phx                 =  6.76549e+01
 meas ac f180 when tph=-1.800000e+02 fall=1 failed!

 meas ac gmx find tdb when tph=-1.800000e+02 fall=1 failed!

 meas ac f0r when tdb=0 rise=1 failed!

tres                =  -2.92175e+00 at=  1.04713e+06
ROW iload_a=0.001 ceff_f=3.3e-07 esr_ohm=0.5 vout_v=1.79935 dcgain_db=146.731 f0_hz=974808 phase_at_f0_deg=67.6549 f180_hz= gain_at_f180_db= f0_rising_hz= resurgence_db=-2.92175
Doing analysis at TEMP = 27.000000 and TNOM = 27.000000

Using SPARSE 1.3 as Direct Linear Solver
 Reference value :  0.00000e+00
No. of Data Rows : 1
Doing analysis at TEMP = 27.000000 and TNOM = 27.000000

Using SPARSE 1.3 as Direct Linear Solver
 Reference value :  1.00000e-02
No. of Data Rows : 551
Doing analysis at TEMP = 27.000000 and TNOM = 27.000000

Using SPARSE 1.3 as Direct Linear Solver
 Reference value :  1.00000e-02
No. of Data Rows : 551
dcg                 =  1.46731e+02
f0                  =  7.79407e+05
phx                 =  2.01997e+01
 meas ac f180 when tph=-1.800000e+02 fall=1 failed!

 meas ac gmx find tdb when tph=-1.800000e+02 fall=1 failed!

 meas ac f0r when tdb=0 rise=1 failed!

tres                =  -4.42159e+00 at=  8.31764e+05
ROW iload_a=0.001 ceff_f=1e-06 esr_ohm=0.001 vout_v=1.79935 dcgain_db=146.731 f0_hz=779407 phase_at_f0_deg=20.1997 f180_hz= gain_at_f180_db= f0_rising_hz= resurgence_db=-4.42159
Doing analysis at TEMP = 27.000000 and TNOM = 27.000000

Using SPARSE 1.3 as Direct Linear Solver
 Reference value :  0.00000e+00
No. of Data Rows : 1
Doing analysis at TEMP = 27.000000 and TNOM = 27.000000

Using SPARSE 1.3 as Direct Linear Solver
 Reference value :  1.00000e-02
No. of Data Rows : 551
Doing analysis at TEMP = 27.000000 and TNOM = 27.000000

Using SPARSE 1.3 as Direct Linear Solver
 Reference value :  1.00000e-02
No. of Data Rows : 551
dcg                 =  1.46731e+02
f0                  =  7.82357e+05
phx                 =  3.40339e+01
 meas ac f180 when tph=-1.800000e+02 fall=1 failed!

 meas ac gmx find tdb when tph=-1.800000e+02 fall=1 failed!

 meas ac f0r when tdb=0 rise=1 failed!

tres                =  -4.09580e+00 at=  8.31764e+05
ROW iload_a=0.001 ceff_f=1e-06 esr_ohm=0.05 vout_v=1.79935 dcgain_db=146.731 f0_hz=782357 phase_at_f0_deg=34.0339 f180_hz= gain_at_f180_db= f0_rising_hz= resurgence_db=-4.0958
Doing analysis at TEMP = 27.000000 and TNOM = 27.000000

Using SPARSE 1.3 as Direct Linear Solver
 Reference value :  0.00000e+00
No. of Data Rows : 1
Doing analysis at TEMP = 27.000000 and TNOM = 27.000000

Using SPARSE 1.3 as Direct Linear Solver
 Reference value :  1.00000e-02
No. of Data Rows : 551
Doing analysis at TEMP = 27.000000 and TNOM = 27.000000

Using SPARSE 1.3 as Direct Linear Solver
 Reference value :  1.00000e-02
No. of Data Rows : 551
dcg                 =  1.46731e+02
f0                  =  8.16423e+05
phx                 =  6.80345e+01
 meas ac f180 when tph=-1.800000e+02 fall=1 failed!

 meas ac gmx find tdb when tph=-1.800000e+02 fall=1 failed!

 meas ac f0r when tdb=0 rise=1 failed!

tres                =  -3.56492e+00 at=  8.70964e+05
ROW iload_a=0.001 ceff_f=1e-06 esr_ohm=0.2 vout_v=1.79935 dcgain_db=146.731 f0_hz=816423 phase_at_f0_deg=68.0345 f180_hz= gain_at_f180_db= f0_rising_hz= resurgence_db=-3.56492
Doing analysis at TEMP = 27.000000 and TNOM = 27.000000

Using SPARSE 1.3 as Direct Linear Solver
 Reference value :  0.00000e+00
No. of Data Rows : 1
Doing analysis at TEMP = 27.000000 and TNOM = 27.000000

Using SPARSE 1.3 as Direct Linear Solver
 Reference value :  1.00000e-02
No. of Data Rows : 551
Doing analysis at TEMP = 27.000000 and TNOM = 27.000000

Using SPARSE 1.3 as Direct Linear Solver
 Reference value :  1.00000e-02
No. of Data Rows : 551
dcg                 =  1.46731e+02
f0                  =  9.16490e+05
phx                 =  9.39192e+01
 meas ac f180 when tph=-1.800000e+02 fall=1 failed!

 meas ac gmx find tdb when tph=-1.800000e+02 fall=1 failed!

 meas ac f0r when tdb=0 rise=1 failed!

tres                =  -3.48285e+00 at=  1.00000e+06
ROW iload_a=0.001 ceff_f=1e-06 esr_ohm=0.5 vout_v=1.79935 dcgain_db=146.731 f0_hz=916490 phase_at_f0_deg=93.9192 f180_hz= gain_at_f180_db= f0_rising_hz= resurgence_db=-3.48285
Doing analysis at TEMP = 27.000000 and TNOM = 27.000000

Using SPARSE 1.3 as Direct Linear Solver
 Reference value :  0.00000e+00
No. of Data Rows : 1
Doing analysis at TEMP = 27.000000 and TNOM = 27.000000

Using SPARSE 1.3 as Direct Linear Solver
 Reference value :  1.00000e-02
No. of Data Rows : 551
Doing analysis at TEMP = 27.000000 and TNOM = 27.000000

Using SPARSE 1.3 as Direct Linear Solver
 Reference value :  1.00000e-02
No. of Data Rows : 551
dcg                 =  1.46731e+02
f0                  =  7.93222e+04
phx                 =  -9.07953e+01
 meas ac f180 when tph=-1.800000e+02 fall=1 failed!

 meas ac gmx find tdb when tph=-1.800000e+02 fall=1 failed!

 meas ac f0r when tdb=0 rise=1 failed!

tres                =  -3.56353e-01 at=  8.31764e+04
ROW iload_a=0.001 ceff_f=4.7e-06 esr_ohm=0.001 vout_v=1.79935 dcgain_db=146.731 f0_hz=79322.2 phase_at_f0_deg=-90.7953 f180_hz= gain_at_f180_db= f0_rising_hz= resurgence_db=-0.356353
Doing analysis at TEMP = 27.000000 and TNOM = 27.000000

Using SPARSE 1.3 as Direct Linear Solver
 Reference value :  0.00000e+00
No. of Data Rows : 1
Doing analysis at TEMP = 27.000000 and TNOM = 27.000000

Using SPARSE 1.3 as Direct Linear Solver
 Reference value :  1.00000e-02
No. of Data Rows : 551
Doing analysis at TEMP = 27.000000 and TNOM = 27.000000

Using SPARSE 1.3 as Direct Linear Solver
 Reference value :  1.00000e-02
No. of Data Rows : 551
dcg                 =  1.46731e+02
f0                  =  7.99681e+04
phx                 =  -8.42490e+01
 meas ac f180 when tph=-1.800000e+02 fall=1 failed!

 meas ac gmx find tdb when tph=-1.800000e+02 fall=1 failed!

f0r                 =  6.33298e+05
tres                =  2.42031e+00 at=  6.60693e+05
ROW iload_a=0.001 ceff_f=4.7e-06 esr_ohm=0.05 vout_v=1.79935 dcgain_db=146.731 f0_hz=79968.1 phase_at_f0_deg=-84.249 f180_hz= gain_at_f180_db= f0_rising_hz=633298 resurgence_db=2.42031
Doing analysis at TEMP = 27.000000 and TNOM = 27.000000

Using SPARSE 1.3 as Direct Linear Solver
 Reference value :  0.00000e+00
No. of Data Rows : 1
Doing analysis at TEMP = 27.000000 and TNOM = 27.000000

Using SPARSE 1.3 as Direct Linear Solver
 Reference value :  1.00000e-02
No. of Data Rows : 551
Doing analysis at TEMP = 27.000000 and TNOM = 27.000000

Using SPARSE 1.3 as Direct Linear Solver
 Reference value :  1.00000e-02
No. of Data Rows : 551
dcg                 =  1.46731e+02
f0                  =  9.21041e+04
phx                 =  -6.34796e+01
 meas ac f180 when tph=-1.800000e+02 fall=1 failed!

 meas ac gmx find tdb when tph=-1.800000e+02 fall=1 failed!

f0r                 =  4.98546e+05
tres                =  1.15199e+01 at=  6.60693e+05
ROW iload_a=0.001 ceff_f=4.7e-06 esr_ohm=0.2 vout_v=1.79935 dcgain_db=146.731 f0_hz=92104.1 phase_at_f0_deg=-63.4796 f180_hz= gain_at_f180_db= f0_rising_hz=498546 resurgence_db=11.5199
Doing analysis at TEMP = 27.000000 and TNOM = 27.000000

Using SPARSE 1.3 as Direct Linear Solver
 Reference value :  0.00000e+00
No. of Data Rows : 1
Doing analysis at TEMP = 27.000000 and TNOM = 27.000000

Using SPARSE 1.3 as Direct Linear Solver
 Reference value :  1.00000e-02
No. of Data Rows : 551
Doing analysis at TEMP = 27.000000 and TNOM = 27.000000

Using SPARSE 1.3 as Direct Linear Solver
 Reference value :  1.00000e-02
No. of Data Rows : 551
dcg                 =  1.46731e+02
f0                  =  9.06615e+05
phx                 =  1.08742e+02
 meas ac f180 when tph=-1.800000e+02 fall=1 failed!

 meas ac gmx find tdb when tph=-1.800000e+02 fall=1 failed!

 meas ac f0r when tdb=0 rise=1 failed!

tres                =  -2.12990e+00 at=  9.54993e+05
ROW iload_a=0.001 ceff_f=4.7e-06 esr_ohm=0.5 vout_v=1.79935 dcgain_db=146.731 f0_hz=906616 phase_at_f0_deg=108.742 f180_hz= gain_at_f180_db= f0_rising_hz= resurgence_db=-2.12989
Doing analysis at TEMP = 27.000000 and TNOM = 27.000000

Using SPARSE 1.3 as Direct Linear Solver
 Reference value :  0.00000e+00
No. of Data Rows : 1
Doing analysis at TEMP = 27.000000 and TNOM = 27.000000

Using SPARSE 1.3 as Direct Linear Solver
 Reference value :  1.00000e-02
No. of Data Rows : 551
Doing analysis at TEMP = 27.000000 and TNOM = 27.000000

Using SPARSE 1.3 as Direct Linear Solver
 Reference value :  1.00000e-02
No. of Data Rows : 551
dcg                 =  1.45130e+02
f0                  =  1.20674e+06
phx                 =  1.53853e+01
 meas ac f180 when tph=-1.800000e+02 fall=1 failed!

 meas ac gmx find tdb when tph=-1.800000e+02 fall=1 failed!

 meas ac f0r when tdb=0 rise=1 failed!

tres                =  -3.49781e+00 at=  1.31826e+06
ROW iload_a=0.01 ceff_f=3.3e-07 esr_ohm=0.001 vout_v=1.79935 dcgain_db=145.13 f0_hz=1.20674E+06 phase_at_f0_deg=15.3853 f180_hz= gain_at_f180_db= f0_rising_hz= resurgence_db=-3.49781
Doing analysis at TEMP = 27.000000 and TNOM = 27.000000

Using SPARSE 1.3 as Direct Linear Solver
 Reference value :  0.00000e+00
No. of Data Rows : 1
Doing analysis at TEMP = 27.000000 and TNOM = 27.000000

Using SPARSE 1.3 as Direct Linear Solver
 Reference value :  1.00000e-02
No. of Data Rows : 551
Doing analysis at TEMP = 27.000000 and TNOM = 27.000000

Using SPARSE 1.3 as Direct Linear Solver
 Reference value :  1.00000e-02
No. of Data Rows : 551
dcg                 =  1.45130e+02
f0                  =  1.20887e+06
phx                 =  2.23308e+01
 meas ac f180 when tph=-1.800000e+02 fall=1 failed!

 meas ac gmx find tdb when tph=-1.800000e+02 fall=1 failed!

 meas ac f0r when tdb=0 rise=1 failed!

tres                =  -3.41402e+00 at=  1.31826e+06
ROW iload_a=0.01 ceff_f=3.3e-07 esr_ohm=0.05 vout_v=1.79935 dcgain_db=145.13 f0_hz=1.20887E+06 phase_at_f0_deg=22.3308 f180_hz= gain_at_f180_db= f0_rising_hz= resurgence_db=-3.41402
Doing analysis at TEMP = 27.000000 and TNOM = 27.000000

Using SPARSE 1.3 as Direct Linear Solver
 Reference value :  0.00000e+00
No. of Data Rows : 1
Doing analysis at TEMP = 27.000000 and TNOM = 27.000000

Using SPARSE 1.3 as Direct Linear Solver
 Reference value :  1.00000e-02
No. of Data Rows : 551
Doing analysis at TEMP = 27.000000 and TNOM = 27.000000

Using SPARSE 1.3 as Direct Linear Solver
 Reference value :  1.00000e-02
No. of Data Rows : 551
dcg                 =  1.45130e+02
f0                  =  1.23828e+06
phx                 =  4.16197e+01
 meas ac f180 when tph=-1.800000e+02 fall=1 failed!

 meas ac gmx find tdb when tph=-1.800000e+02 fall=1 failed!

 meas ac f0r when tdb=0 rise=1 failed!

tres                =  -2.35248e+00 at=  1.31826e+06
ROW iload_a=0.01 ceff_f=3.3e-07 esr_ohm=0.2 vout_v=1.79935 dcgain_db=145.13 f0_hz=1.23828E+06 phase_at_f0_deg=41.6197 f180_hz= gain_at_f180_db= f0_rising_hz= resurgence_db=-2.35248
Doing analysis at TEMP = 27.000000 and TNOM = 27.000000

Using SPARSE 1.3 as Direct Linear Solver
 Reference value :  0.00000e+00
No. of Data Rows : 1
Doing analysis at TEMP = 27.000000 and TNOM = 27.000000

Using SPARSE 1.3 as Direct Linear Solver
 Reference value :  1.00000e-02
No. of Data Rows : 551
Doing analysis at TEMP = 27.000000 and TNOM = 27.000000

Using SPARSE 1.3 as Direct Linear Solver
 Reference value :  1.00000e-02
No. of Data Rows : 551
dcg                 =  1.45130e+02
f0                  =  1.36223e+06
phx                 =  6.60740e+01
 meas ac f180 when tph=-1.800000e+02 fall=1 failed!

 meas ac gmx find tdb when tph=-1.800000e+02 fall=1 failed!

 meas ac f0r when tdb=0 rise=1 failed!

tres                =  -1.93515e+00 at=  1.44544e+06
ROW iload_a=0.01 ceff_f=3.3e-07 esr_ohm=0.5 vout_v=1.79935 dcgain_db=145.13 f0_hz=1.36223E+06 phase_at_f0_deg=66.074 f180_hz= gain_at_f180_db= f0_rising_hz= resurgence_db=-1.93515
Doing analysis at TEMP = 27.000000 and TNOM = 27.000000

Using SPARSE 1.3 as Direct Linear Solver
 Reference value :  0.00000e+00
No. of Data Rows : 1
Doing analysis at TEMP = 27.000000 and TNOM = 27.000000

Using SPARSE 1.3 as Direct Linear Solver
 Reference value :  1.00000e-02
No. of Data Rows : 551
Doing analysis at TEMP = 27.000000 and TNOM = 27.000000

Using SPARSE 1.3 as Direct Linear Solver
 Reference value :  1.00000e-02
No. of Data Rows : 551
dcg                 =  1.45130e+02
f0                  =  9.63280e+05
phx                 =  2.07441e+01
 meas ac f180 when tph=-1.800000e+02 fall=1 failed!

 meas ac gmx find tdb when tph=-1.800000e+02 fall=1 failed!

 meas ac f0r when tdb=0 rise=1 failed!

tres                =  -3.74908e+00 at=  1.04713e+06
ROW iload_a=0.01 ceff_f=1e-06 esr_ohm=0.001 vout_v=1.79935 dcgain_db=145.13 f0_hz=963280 phase_at_f0_deg=20.7441 f180_hz= gain_at_f180_db= f0_rising_hz= resurgence_db=-3.74908
Doing analysis at TEMP = 27.000000 and TNOM = 27.000000

Using SPARSE 1.3 as Direct Linear Solver
 Reference value :  0.00000e+00
No. of Data Rows : 1
Doing analysis at TEMP = 27.000000 and TNOM = 27.000000

Using SPARSE 1.3 as Direct Linear Solver
 Reference value :  1.00000e-02
No. of Data Rows : 551
Doing analysis at TEMP = 27.000000 and TNOM = 27.000000

Using SPARSE 1.3 as Direct Linear Solver
 Reference value :  1.00000e-02
No. of Data Rows : 551
dcg                 =  1.45130e+02
f0                  =  9.71818e+05
phx                 =  3.72261e+01
 meas ac f180 when tph=-1.800000e+02 fall=1 failed!

 meas ac gmx find tdb when tph=-1.800000e+02 fall=1 failed!

 meas ac f0r when tdb=0 rise=1 failed!

tres                =  -3.28359e+00 at=  1.04713e+06
ROW iload_a=0.01 ceff_f=1e-06 esr_ohm=0.05 vout_v=1.79935 dcgain_db=145.13 f0_hz=971818 phase_at_f0_deg=37.2261 f180_hz= gain_at_f180_db= f0_rising_hz= resurgence_db=-3.28359
Doing analysis at TEMP = 27.000000 and TNOM = 27.000000

Using SPARSE 1.3 as Direct Linear Solver
 Reference value :  0.00000e+00
No. of Data Rows : 1
Doing analysis at TEMP = 27.000000 and TNOM = 27.000000

Using SPARSE 1.3 as Direct Linear Solver
 Reference value :  1.00000e-02
No. of Data Rows : 551
Doing analysis at TEMP = 27.000000 and TNOM = 27.000000

Using SPARSE 1.3 as Direct Linear Solver
 Reference value :  1.00000e-02
No. of Data Rows : 551
dcg                 =  1.45130e+02
f0                  =  1.06581e+06
phx                 =  7.15673e+01
 meas ac f180 when tph=-1.800000e+02 fall=1 failed!

 meas ac gmx find tdb when tph=-1.800000e+02 fall=1 failed!

 meas ac f0r when tdb=0 rise=1 failed!

tres                =  -2.69138e+00 at=  1.14815e+06
ROW iload_a=0.01 ceff_f=1e-06 esr_ohm=0.2 vout_v=1.79935 dcgain_db=145.13 f0_hz=1.06581E+06 phase_at_f0_deg=71.5673 f180_hz= gain_at_f180_db= f0_rising_hz= resurgence_db=-2.69138
Doing analysis at TEMP = 27.000000 and TNOM = 27.000000

Using SPARSE 1.3 as Direct Linear Solver
 Reference value :  0.00000e+00
No. of Data Rows : 1
Doing analysis at TEMP = 27.000000 and TNOM = 27.000000

Using SPARSE 1.3 as Direct Linear Solver
 Reference value :  1.00000e-02
No. of Data Rows : 551
Doing analysis at TEMP = 27.000000 and TNOM = 27.000000

Using SPARSE 1.3 as Direct Linear Solver
 Reference value :  1.00000e-02
No. of Data Rows : 551
dcg                 =  1.45130e+02
f0                  =  1.29642e+06
phx                 =  8.89578e+01
 meas ac f180 when tph=-1.800000e+02 fall=1 failed!

 meas ac gmx find tdb when tph=-1.800000e+02 fall=1 failed!

 meas ac f0r when tdb=0 rise=1 failed!

tres                =  -1.92751e+00 at=  1.38038e+06
ROW iload_a=0.01 ceff_f=1e-06 esr_ohm=0.5 vout_v=1.79935 dcgain_db=145.13 f0_hz=1.29642E+06 phase_at_f0_deg=88.9578 f180_hz= gain_at_f180_db= f0_rising_hz= resurgence_db=-1.92751
Doing analysis at TEMP = 27.000000 and TNOM = 27.000000

Using SPARSE 1.3 as Direct Linear Solver
 Reference value :  0.00000e+00
No. of Data Rows : 1
Doing analysis at TEMP = 27.000000 and TNOM = 27.000000

Using SPARSE 1.3 as Direct Linear Solver
 Reference value :  1.00000e-02
No. of Data Rows : 551
Doing analysis at TEMP = 27.000000 and TNOM = 27.000000

Using SPARSE 1.3 as Direct Linear Solver
 Reference value :  1.00000e-02
No. of Data Rows : 551
dcg                 =  1.45130e+02
f0                  =  7.59242e+05
phx                 =  1.56199e+01
 meas ac f180 when tph=-1.800000e+02 fall=1 failed!

 meas ac gmx find tdb when tph=-1.800000e+02 fall=1 failed!

 meas ac f0r when tdb=0 rise=1 failed!

tres                =  -5.92652e+00 at=  8.31764e+05
ROW iload_a=0.01 ceff_f=4.7e-06 esr_ohm=0.001 vout_v=1.79935 dcgain_db=145.13 f0_hz=759242 phase_at_f0_deg=15.6199 f180_hz= gain_at_f180_db= f0_rising_hz= resurgence_db=-5.92652
Doing analysis at TEMP = 27.000000 and TNOM = 27.000000

Using SPARSE 1.3 as Direct Linear Solver
 Reference value :  0.00000e+00
No. of Data Rows : 1
Doing analysis at TEMP = 27.000000 and TNOM = 27.000000

Using SPARSE 1.3 as Direct Linear Solver
 Reference value :  1.00000e-02
No. of Data Rows : 551
Doing analysis at TEMP = 27.000000 and TNOM = 27.000000

Using SPARSE 1.3 as Direct Linear Solver
 Reference value :  1.00000e-02
No. of Data Rows : 551
dcg                 =  1.45130e+02
f0                  =  8.04745e+05
phx                 =  6.84653e+01
 meas ac f180 when tph=-1.800000e+02 fall=1 failed!

 meas ac gmx find tdb when tph=-1.800000e+02 fall=1 failed!

 meas ac f0r when tdb=0 rise=1 failed!

tres                =  -4.14331e+00 at=  8.70964e+05
ROW iload_a=0.01 ceff_f=4.7e-06 esr_ohm=0.05 vout_v=1.79935 dcgain_db=145.13 f0_hz=804745 phase_at_f0_deg=68.4653 f180_hz= gain_at_f180_db= f0_rising_hz= resurgence_db=-4.14331
Doing analysis at TEMP = 27.000000 and TNOM = 27.000000

Using SPARSE 1.3 as Direct Linear Solver
 Reference value :  0.00000e+00
No. of Data Rows : 1
Doing analysis at TEMP = 27.000000 and TNOM = 27.000000

Using SPARSE 1.3 as Direct Linear Solver
 Reference value :  1.00000e-02
No. of Data Rows : 551
Doing analysis at TEMP = 27.000000 and TNOM = 27.000000

Using SPARSE 1.3 as Direct Linear Solver
 Reference value :  1.00000e-02
No. of Data Rows : 551
dcg                 =  1.45130e+02
f0                  =  1.01243e+06
phx                 =  9.97194e+01
 meas ac f180 when tph=-1.800000e+02 fall=1 failed!

 meas ac gmx find tdb when tph=-1.800000e+02 fall=1 failed!

 meas ac f0r when tdb=0 rise=1 failed!

tres                =  -2.76412e+00 at=  1.09648e+06
ROW iload_a=0.01 ceff_f=4.7e-06 esr_ohm=0.2 vout_v=1.79935 dcgain_db=145.13 f0_hz=1.01244E+06 phase_at_f0_deg=99.7194 f180_hz= gain_at_f180_db= f0_rising_hz= resurgence_db=-2.76412
Doing analysis at TEMP = 27.000000 and TNOM = 27.000000

Using SPARSE 1.3 as Direct Linear Solver
 Reference value :  0.00000e+00
No. of Data Rows : 1
Doing analysis at TEMP = 27.000000 and TNOM = 27.000000

Using SPARSE 1.3 as Direct Linear Solver
 Reference value :  1.00000e-02
No. of Data Rows : 551
Doing analysis at TEMP = 27.000000 and TNOM = 27.000000

Using SPARSE 1.3 as Direct Linear Solver
 Reference value :  1.00000e-02
No. of Data Rows : 551
dcg                 =  1.45130e+02
f0                  =  1.28637e+06
phx                 =  9.98964e+01
 meas ac f180 when tph=-1.800000e+02 fall=1 failed!

 meas ac gmx find tdb when tph=-1.800000e+02 fall=1 failed!

 meas ac f0r when tdb=0 rise=1 failed!

tres                =  -2.13697e+00 at=  1.38038e+06
ROW iload_a=0.01 ceff_f=4.7e-06 esr_ohm=0.5 vout_v=1.79935 dcgain_db=145.13 f0_hz=1.28637E+06 phase_at_f0_deg=99.8964 f180_hz= gain_at_f180_db= f0_rising_hz= resurgence_db=-2.13697
Doing analysis at TEMP = 27.000000 and TNOM = 27.000000

Using SPARSE 1.3 as Direct Linear Solver
 Reference value :  0.00000e+00
No. of Data Rows : 1
Doing analysis at TEMP = 27.000000 and TNOM = 27.000000

Using SPARSE 1.3 as Direct Linear Solver
 Reference value :  1.00000e-02
No. of Data Rows : 551
Doing analysis at TEMP = 27.000000 and TNOM = 27.000000

Using SPARSE 1.3 as Direct Linear Solver
 Reference value :  1.00000e-02
No. of Data Rows : 551
dcg                 =  1.43136e+02
f0                  =  1.31284e+06
phx                 =  1.23469e+01
 meas ac f180 when tph=-1.800000e+02 fall=1 failed!

 meas ac gmx find tdb when tph=-1.800000e+02 fall=1 failed!

 meas ac f0r when tdb=0 rise=1 failed!

tres                =  -1.94922e+00 at=  1.38038e+06
ROW iload_a=0.025 ceff_f=3.3e-07 esr_ohm=0.001 vout_v=1.79935 dcgain_db=143.136 f0_hz=1.31284E+06 phase_at_f0_deg=12.3469 f180_hz= gain_at_f180_db= f0_rising_hz= resurgence_db=-1.94922
Doing analysis at TEMP = 27.000000 and TNOM = 27.000000

Using SPARSE 1.3 as Direct Linear Solver
 Reference value :  0.00000e+00
No. of Data Rows : 1
Doing analysis at TEMP = 27.000000 and TNOM = 27.000000

Using SPARSE 1.3 as Direct Linear Solver
 Reference value :  1.00000e-02
No. of Data Rows : 551
Doing analysis at TEMP = 27.000000 and TNOM = 27.000000

Using SPARSE 1.3 as Direct Linear Solver
 Reference value :  1.00000e-02
No. of Data Rows : 551
dcg                 =  1.43136e+02
f0                  =  1.31545e+06
phx                 =  1.98903e+01
 meas ac f180 when tph=-1.800000e+02 fall=1 failed!

 meas ac gmx find tdb when tph=-1.800000e+02 fall=1 failed!

 meas ac f0r when tdb=0 rise=1 failed!

tres                =  -1.86100e+00 at=  1.38038e+06
ROW iload_a=0.025 ceff_f=3.3e-07 esr_ohm=0.05 vout_v=1.79935 dcgain_db=143.136 f0_hz=1.31545E+06 phase_at_f0_deg=19.8903 f180_hz= gain_at_f180_db= f0_rising_hz= resurgence_db=-1.86099
Doing analysis at TEMP = 27.000000 and TNOM = 27.000000

Using SPARSE 1.3 as Direct Linear Solver
 Reference value :  0.00000e+00
No. of Data Rows : 1
Doing analysis at TEMP = 27.000000 and TNOM = 27.000000

Using SPARSE 1.3 as Direct Linear Solver
 Reference value :  1.00000e-02
No. of Data Rows : 551
Doing analysis at TEMP = 27.000000 and TNOM = 27.000000

Using SPARSE 1.3 as Direct Linear Solver
 Reference value :  1.00000e-02
No. of Data Rows : 551
dcg                 =  1.43136e+02
f0                  =  1.35381e+06
phx                 =  4.05037e+01
 meas ac f180 when tph=-1.800000e+02 fall=1 failed!

 meas ac gmx find tdb when tph=-1.800000e+02 fall=1 failed!

 meas ac f0r when tdb=0 rise=1 failed!

tres                =  -2.38327e+00 at=  1.44544e+06
ROW iload_a=0.025 ceff_f=3.3e-07 esr_ohm=0.2 vout_v=1.79935 dcgain_db=143.136 f0_hz=1.35381E+06 phase_at_f0_deg=40.5037 f180_hz= gain_at_f180_db= f0_rising_hz= resurgence_db=-2.38327
Doing analysis at TEMP = 27.000000 and TNOM = 27.000000

Using SPARSE 1.3 as Direct Linear Solver
 Reference value :  0.00000e+00
No. of Data Rows : 1
Doing analysis at TEMP = 27.000000 and TNOM = 27.000000

Using SPARSE 1.3 as Direct Linear Solver
 Reference value :  1.00000e-02
No. of Data Rows : 551
Doing analysis at TEMP = 27.000000 and TNOM = 27.000000

Using SPARSE 1.3 as Direct Linear Solver
 Reference value :  1.00000e-02
No. of Data Rows : 551
dcg                 =  1.43136e+02
f0                  =  1.50891e+06
phx                 =  6.50306e+01
 meas ac f180 when tph=-1.800000e+02 fall=1 failed!

 meas ac gmx find tdb when tph=-1.800000e+02 fall=1 failed!

 meas ac f0r when tdb=0 rise=1 failed!

tres                =  -1.55196e+00 at=  1.58489e+06
ROW iload_a=0.025 ceff_f=3.3e-07 esr_ohm=0.5 vout_v=1.79935 dcgain_db=143.136 f0_hz=1.50891E+06 phase_at_f0_deg=65.0306 f180_hz= gain_at_f180_db= f0_rising_hz= resurgence_db=-1.55196
Doing analysis at TEMP = 27.000000 and TNOM = 27.000000

Using SPARSE 1.3 as Direct Linear Solver
 Reference value :  0.00000e+00
No. of Data Rows : 1
Doing analysis at TEMP = 27.000000 and TNOM = 27.000000

Using SPARSE 1.3 as Direct Linear Solver
 Reference value :  1.00000e-02
No. of Data Rows : 551
Doing analysis at TEMP = 27.000000 and TNOM = 27.000000

Using SPARSE 1.3 as Direct Linear Solver
 Reference value :  1.00000e-02
No. of Data Rows : 551
dcg                 =  1.43136e+02
f0                  =  1.03702e+06
phx                 =  1.86806e+01
 meas ac f180 when tph=-1.800000e+02 fall=1 failed!

 meas ac gmx find tdb when tph=-1.800000e+02 fall=1 failed!

 meas ac f0r when tdb=0 rise=1 failed!

tres                =  -2.38838e+00 at=  1.09648e+06
ROW iload_a=0.025 ceff_f=1e-06 esr_ohm=0.001 vout_v=1.79935 dcgain_db=143.136 f0_hz=1.03702E+06 phase_at_f0_deg=18.6806 f180_hz= gain_at_f180_db= f0_rising_hz= resurgence_db=-2.38838
Doing analysis at TEMP = 27.000000 and TNOM = 27.000000

Using SPARSE 1.3 as Direct Linear Solver
 Reference value :  0.00000e+00
No. of Data Rows : 1
Doing analysis at TEMP = 27.000000 and TNOM = 27.000000

Using SPARSE 1.3 as Direct Linear Solver
 Reference value :  1.00000e-02
No. of Data Rows : 551
Doing analysis at TEMP = 27.000000 and TNOM = 27.000000

Using SPARSE 1.3 as Direct Linear Solver
 Reference value :  1.00000e-02
No. of Data Rows : 551
dcg                 =  1.43136e+02
f0                  =  1.04772e+06
phx                 =  3.63116e+01
 meas ac f180 when tph=-1.800000e+02 fall=1 failed!

 meas ac gmx find tdb when tph=-1.800000e+02 fall=1 failed!

 meas ac f0r when tdb=0 rise=1 failed!

tres                =  -3.74599e+00 at=  1.14815e+06
ROW iload_a=0.025 ceff_f=1e-06 esr_ohm=0.05 vout_v=1.79935 dcgain_db=143.136 f0_hz=1.04772E+06 phase_at_f0_deg=36.3116 f180_hz= gain_at_f180_db= f0_rising_hz= resurgence_db=-3.74599
Doing analysis at TEMP = 27.000000 and TNOM = 27.000000

Using SPARSE 1.3 as Direct Linear Solver
 Reference value :  0.00000e+00
No. of Data Rows : 1
Doing analysis at TEMP = 27.000000 and TNOM = 27.000000

Using SPARSE 1.3 as Direct Linear Solver
 Reference value :  1.00000e-02
No. of Data Rows : 551
Doing analysis at TEMP = 27.000000 and TNOM = 27.000000

Using SPARSE 1.3 as Direct Linear Solver
 Reference value :  1.00000e-02
No. of Data Rows : 551
dcg                 =  1.43136e+02
f0                  =  1.16898e+06
phx                 =  7.10318e+01
 meas ac f180 when tph=-1.800000e+02 fall=1 failed!

 meas ac gmx find tdb when tph=-1.800000e+02 fall=1 failed!

 meas ac f0r when tdb=0 rise=1 failed!

tres                =  -2.51902e+00 at=  1.25893e+06
ROW iload_a=0.025 ceff_f=1e-06 esr_ohm=0.2 vout_v=1.79935 dcgain_db=143.136 f0_hz=1.16898E+06 phase_at_f0_deg=71.0318 f180_hz= gain_at_f180_db= f0_rising_hz= resurgence_db=-2.51902
Doing analysis at TEMP = 27.000000 and TNOM = 27.000000

Using SPARSE 1.3 as Direct Linear Solver
 Reference value :  0.00000e+00
No. of Data Rows : 1
Doing analysis at TEMP = 27.000000 and TNOM = 27.000000

Using SPARSE 1.3 as Direct Linear Solver
 Reference value :  1.00000e-02
No. of Data Rows : 551
Doing analysis at TEMP = 27.000000 and TNOM = 27.000000

Using SPARSE 1.3 as Direct Linear Solver
 Reference value :  1.00000e-02
No. of Data Rows : 551
dcg                 =  1.43136e+02
f0                  =  1.44501e+06
phx                 =  8.63799e+01
 meas ac f180 when tph=-1.800000e+02 fall=1 failed!

 meas ac gmx find tdb when tph=-1.800000e+02 fall=1 failed!

 meas ac f0r when tdb=0 rise=1 failed!

tres                =  -1.37715e+00 at=  1.51356e+06
ROW iload_a=0.025 ceff_f=1e-06 esr_ohm=0.5 vout_v=1.79935 dcgain_db=143.136 f0_hz=1.44501E+06 phase_at_f0_deg=86.3799 f180_hz= gain_at_f180_db= f0_rising_hz= resurgence_db=-1.37715
Doing analysis at TEMP = 27.000000 and TNOM = 27.000000

Using SPARSE 1.3 as Direct Linear Solver
 Reference value :  0.00000e+00
No. of Data Rows : 1
Doing analysis at TEMP = 27.000000 and TNOM = 27.000000

Using SPARSE 1.3 as Direct Linear Solver
 Reference value :  1.00000e-02
No. of Data Rows : 551
Doing analysis at TEMP = 27.000000 and TNOM = 27.000000

Using SPARSE 1.3 as Direct Linear Solver
 Reference value :  1.00000e-02
No. of Data Rows : 551
dcg                 =  1.43136e+02
f0                  =  7.95307e+05
phx                 =  1.82787e+01
 meas ac f180 when tph=-1.800000e+02 fall=1 failed!

 meas ac gmx find tdb when tph=-1.800000e+02 fall=1 failed!

 meas ac f0r when tdb=0 rise=1 failed!

tres                =  -5.21331e+00 at=  8.70964e+05
ROW iload_a=0.025 ceff_f=4.7e-06 esr_ohm=0.001 vout_v=1.79935 dcgain_db=143.136 f0_hz=795306 phase_at_f0_deg=18.2787 f180_hz= gain_at_f180_db= f0_rising_hz= resurgence_db=-5.21331
Doing analysis at TEMP = 27.000000 and TNOM = 27.000000

Using SPARSE 1.3 as Direct Linear Solver
 Reference value :  0.00000e+00
No. of Data Rows : 1
Doing analysis at TEMP = 27.000000 and TNOM = 27.000000

Using SPARSE 1.3 as Direct Linear Solver
 Reference value :  1.00000e-02
No. of Data Rows : 551
Doing analysis at TEMP = 27.000000 and TNOM = 27.000000

Using SPARSE 1.3 as Direct Linear Solver
 Reference value :  1.00000e-02
No. of Data Rows : 551
dcg                 =  1.43136e+02
f0                  =  8.55149e+05
phx                 =  7.08522e+01
 meas ac f180 when tph=-1.800000e+02 fall=1 failed!

 meas ac gmx find tdb when tph=-1.800000e+02 fall=1 failed!

 meas ac f0r when tdb=0 rise=1 failed!

tres                =  -2.99077e+00 at=  9.12011e+05
ROW iload_a=0.025 ceff_f=4.7e-06 esr_ohm=0.05 vout_v=1.79935 dcgain_db=143.136 f0_hz=855149 phase_at_f0_deg=70.8521 f180_hz= gain_at_f180_db= f0_rising_hz= resurgence_db=-2.99077
Doing analysis at TEMP = 27.000000 and TNOM = 27.000000

Using SPARSE 1.3 as Direct Linear Solver
 Reference value :  0.00000e+00
No. of Data Rows : 1
Doing analysis at TEMP = 27.000000 and TNOM = 27.000000

Using SPARSE 1.3 as Direct Linear Solver
 Reference value :  1.00000e-02
No. of Data Rows : 551
Doing analysis at TEMP = 27.000000 and TNOM = 27.000000

Using SPARSE 1.3 as Direct Linear Solver
 Reference value :  1.00000e-02
No. of Data Rows : 551
dcg                 =  1.43136e+02
f0                  =  1.11456e+06
phx                 =  9.76909e+01
 meas ac f180 when tph=-1.800000e+02 fall=1 failed!

 meas ac gmx find tdb when tph=-1.800000e+02 fall=1 failed!

 meas ac f0r when tdb=0 rise=1 failed!

tres                =  -2.44686e+00 at=  1.20226e+06
ROW iload_a=0.025 ceff_f=4.7e-06 esr_ohm=0.2 vout_v=1.79935 dcgain_db=143.136 f0_hz=1.11456E+06 phase_at_f0_deg=97.6909 f180_hz= gain_at_f180_db= f0_rising_hz= resurgence_db=-2.44685
Doing analysis at TEMP = 27.000000 and TNOM = 27.000000

Using SPARSE 1.3 as Direct Linear Solver
 Reference value :  0.00000e+00
No. of Data Rows : 1
Doing analysis at TEMP = 27.000000 and TNOM = 27.000000

Using SPARSE 1.3 as Direct Linear Solver
 Reference value :  1.00000e-02
No. of Data Rows : 551
Doing analysis at TEMP = 27.000000 and TNOM = 27.000000

Using SPARSE 1.3 as Direct Linear Solver
 Reference value :  1.00000e-02
No. of Data Rows : 551
dcg                 =  1.43136e+02
f0                  =  1.43588e+06
phx                 =  9.62120e+01
 meas ac f180 when tph=-1.800000e+02 fall=1 failed!

 meas ac gmx find tdb when tph=-1.800000e+02 fall=1 failed!

 meas ac f0r when tdb=0 rise=1 failed!

tres                =  -1.55178e+00 at=  1.51356e+06
ROW iload_a=0.025 ceff_f=4.7e-06 esr_ohm=0.5 vout_v=1.79935 dcgain_db=143.136 f0_hz=1.43588E+06 phase_at_f0_deg=96.2121 f180_hz= gain_at_f180_db= f0_rising_hz= resurgence_db=-1.55178
Doing analysis at TEMP = 27.000000 and TNOM = 27.000000

Using SPARSE 1.3 as Direct Linear Solver
 Reference value :  0.00000e+00
No. of Data Rows : 1
Doing analysis at TEMP = 27.000000 and TNOM = 27.000000

Using SPARSE 1.3 as Direct Linear Solver
 Reference value :  1.00000e-02
No. of Data Rows : 551
Doing analysis at TEMP = 27.000000 and TNOM = 27.000000

Using SPARSE 1.3 as Direct Linear Solver
 Reference value :  1.00000e-02
No. of Data Rows : 551
dcg                 =  1.40752e+02
f0                  =  1.38762e+06
phx                 =  1.02616e+01
 meas ac f180 when tph=-1.800000e+02 fall=1 failed!

 meas ac gmx find tdb when tph=-1.800000e+02 fall=1 failed!

 meas ac f0r when tdb=0 rise=1 failed!

tres                =  -3.32382e+00 at=  1.51356e+06
ROW iload_a=0.05 ceff_f=3.3e-07 esr_ohm=0.001 vout_v=1.79935 dcgain_db=140.752 f0_hz=1.38762E+06 phase_at_f0_deg=10.2616 f180_hz= gain_at_f180_db= f0_rising_hz= resurgence_db=-3.32382
Doing analysis at TEMP = 27.000000 and TNOM = 27.000000

Using SPARSE 1.3 as Direct Linear Solver
 Reference value :  0.00000e+00
No. of Data Rows : 1
Doing analysis at TEMP = 27.000000 and TNOM = 27.000000

Using SPARSE 1.3 as Direct Linear Solver
 Reference value :  1.00000e-02
No. of Data Rows : 551
Doing analysis at TEMP = 27.000000 and TNOM = 27.000000

Using SPARSE 1.3 as Direct Linear Solver
 Reference value :  1.00000e-02
No. of Data Rows : 551
dcg                 =  1.40752e+02
f0                  =  1.39079e+06
phx                 =  1.82236e+01
 meas ac f180 when tph=-1.800000e+02 fall=1 failed!

 meas ac gmx find tdb when tph=-1.800000e+02 fall=1 failed!

 meas ac f0r when tdb=0 rise=1 failed!

tres                =  -3.21950e+00 at=  1.51356e+06
ROW iload_a=0.05 ceff_f=3.3e-07 esr_ohm=0.05 vout_v=1.79935 dcgain_db=140.752 f0_hz=1.39079E+06 phase_at_f0_deg=18.2236 f180_hz= gain_at_f180_db= f0_rising_hz= resurgence_db=-3.2195
Doing analysis at TEMP = 27.000000 and TNOM = 27.000000

Using SPARSE 1.3 as Direct Linear Solver
 Reference value :  0.00000e+00
No. of Data Rows : 1
Doing analysis at TEMP = 27.000000 and TNOM = 27.000000

Using SPARSE 1.3 as Direct Linear Solver
 Reference value :  1.00000e-02
No. of Data Rows : 551
Doing analysis at TEMP = 27.000000 and TNOM = 27.000000

Using SPARSE 1.3 as Direct Linear Solver
 Reference value :  1.00000e-02
No. of Data Rows : 551
dcg                 =  1.40752e+02
f0                  =  1.43564e+06
phx                 =  3.97393e+01
 meas ac f180 when tph=-1.800000e+02 fall=1 failed!

 meas ac gmx find tdb when tph=-1.800000e+02 fall=1 failed!

 meas ac f0r when tdb=0 rise=1 failed!

tres                =  -1.89120e+00 at=  1.51356e+06
ROW iload_a=0.05 ceff_f=3.3e-07 esr_ohm=0.2 vout_v=1.79935 dcgain_db=140.752 f0_hz=1.43564E+06 phase_at_f0_deg=39.7393 f180_hz= gain_at_f180_db= f0_rising_hz= resurgence_db=-1.8912
Doing analysis at TEMP = 27.000000 and TNOM = 27.000000

Using SPARSE 1.3 as Direct Linear Solver
 Reference value :  0.00000e+00
No. of Data Rows : 1
Doing analysis at TEMP = 27.000000 and TNOM = 27.000000

Using SPARSE 1.3 as Direct Linear Solver
 Reference value :  1.00000e-02
No. of Data Rows : 551
Doing analysis at TEMP = 27.000000 and TNOM = 27.000000

Using SPARSE 1.3 as Direct Linear Solver
 Reference value :  1.00000e-02
No. of Data Rows : 551
dcg                 =  1.40752e+02
f0                  =  1.61438e+06
phx                 =  6.42268e+01
 meas ac f180 when tph=-1.800000e+02 fall=1 failed!

 meas ac gmx find tdb when tph=-1.800000e+02 fall=1 failed!

 meas ac f0r when tdb=0 rise=1 failed!

tres                =  -2.29215e+00 at=  1.73780e+06
ROW iload_a=0.05 ceff_f=3.3e-07 esr_ohm=0.5 vout_v=1.79935 dcgain_db=140.752 f0_hz=1.61438E+06 phase_at_f0_deg=64.2268 f180_hz= gain_at_f180_db= f0_rising_hz= resurgence_db=-2.29216
Doing analysis at TEMP = 27.000000 and TNOM = 27.000000

Using SPARSE 1.3 as Direct Linear Solver
 Reference value :  0.00000e+00
No. of Data Rows : 1
Doing analysis at TEMP = 27.000000 and TNOM = 27.000000

Using SPARSE 1.3 as Direct Linear Solver
 Reference value :  1.00000e-02
No. of Data Rows : 551
Doing analysis at TEMP = 27.000000 and TNOM = 27.000000

Using SPARSE 1.3 as Direct Linear Solver
 Reference value :  1.00000e-02
No. of Data Rows : 551
dcg                 =  1.40752e+02
f0                  =  1.09008e+06
phx                 =  1.70028e+01
 meas ac f180 when tph=-1.800000e+02 fall=1 failed!

 meas ac gmx find tdb when tph=-1.800000e+02 fall=1 failed!

 meas ac f0r when tdb=0 rise=1 failed!

tres                =  -2.15391e+00 at=  1.14815e+06
ROW iload_a=0.05 ceff_f=1e-06 esr_ohm=0.001 vout_v=1.79935 dcgain_db=140.752 f0_hz=1.09008E+06 phase_at_f0_deg=17.0028 f180_hz= gain_at_f180_db= f0_rising_hz= resurgence_db=-2.15391
Doing analysis at TEMP = 27.000000 and TNOM = 27.000000

Using SPARSE 1.3 as Direct Linear Solver
 Reference value :  0.00000e+00
No. of Data Rows : 1
Doing analysis at TEMP = 27.000000 and TNOM = 27.000000

Using SPARSE 1.3 as Direct Linear Solver
 Reference value :  1.00000e-02
No. of Data Rows : 551
Doing analysis at TEMP = 27.000000 and TNOM = 27.000000

Using SPARSE 1.3 as Direct Linear Solver
 Reference value :  1.00000e-02
No. of Data Rows : 551
dcg                 =  1.40752e+02
f0                  =  1.10318e+06
phx                 =  3.54330e+01
 meas ac f180 when tph=-1.800000e+02 fall=1 failed!

 meas ac gmx find tdb when tph=-1.800000e+02 fall=1 failed!

 meas ac f0r when tdb=0 rise=1 failed!

tres                =  -3.42410e+00 at=  1.20226e+06
ROW iload_a=0.05 ceff_f=1e-06 esr_ohm=0.05 vout_v=1.79935 dcgain_db=140.752 f0_hz=1.10318E+06 phase_at_f0_deg=35.433 f180_hz= gain_at_f180_db= f0_rising_hz= resurgence_db=-3.4241
Doing analysis at TEMP = 27.000000 and TNOM = 27.000000

Using SPARSE 1.3 as Direct Linear Solver
 Reference value :  0.00000e+00
No. of Data Rows : 1
Doing analysis at TEMP = 27.000000 and TNOM = 27.000000

Using SPARSE 1.3 as Direct Linear Solver
 Reference value :  1.00000e-02
No. of Data Rows : 551
Doing analysis at TEMP = 27.000000 and TNOM = 27.000000

Using SPARSE 1.3 as Direct Linear Solver
 Reference value :  1.00000e-02
No. of Data Rows : 551
dcg                 =  1.40752e+02
f0                  =  1.24446e+06
phx                 =  7.04085e+01
 meas ac f180 when tph=-1.800000e+02 fall=1 failed!

 meas ac gmx find tdb when tph=-1.800000e+02 fall=1 failed!

 meas ac f0r when tdb=0 rise=1 failed!

tres                =  -1.90339e+00 at=  1.31826e+06
ROW iload_a=0.05 ceff_f=1e-06 esr_ohm=0.2 vout_v=1.79935 dcgain_db=140.752 f0_hz=1.24446E+06 phase_at_f0_deg=70.4085 f180_hz= gain_at_f180_db= f0_rising_hz= resurgence_db=-1.90339
Doing analysis at TEMP = 27.000000 and TNOM = 27.000000

Using SPARSE 1.3 as Direct Linear Solver
 Reference value :  0.00000e+00
No. of Data Rows : 1
Doing analysis at TEMP = 27.000000 and TNOM = 27.000000

Using SPARSE 1.3 as Direct Linear Solver
 Reference value :  1.00000e-02
No. of Data Rows : 551
Doing analysis at TEMP = 27.000000 and TNOM = 27.000000

Using SPARSE 1.3 as Direct Linear Solver
 Reference value :  1.00000e-02
No. of Data Rows : 551
dcg                 =  1.40752e+02
f0                  =  1.55253e+06
phx                 =  8.45076e+01
 meas ac f180 when tph=-1.800000e+02 fall=1 failed!

 meas ac gmx find tdb when tph=-1.800000e+02 fall=1 failed!

 meas ac f0r when tdb=0 rise=1 failed!

tres                =  -1.96151e+00 at=  1.65959e+06
ROW iload_a=0.05 ceff_f=1e-06 esr_ohm=0.5 vout_v=1.79935 dcgain_db=140.752 f0_hz=1.55253E+06 phase_at_f0_deg=84.5076 f180_hz= gain_at_f180_db= f0_rising_hz= resurgence_db=-1.96151
Doing analysis at TEMP = 27.000000 and TNOM = 27.000000

Using SPARSE 1.3 as Direct Linear Solver
 Reference value :  0.00000e+00
No. of Data Rows : 1
Doing analysis at TEMP = 27.000000 and TNOM = 27.000000

Using SPARSE 1.3 as Direct Linear Solver
 Reference value :  1.00000e-02
No. of Data Rows : 551
Doing analysis at TEMP = 27.000000 and TNOM = 27.000000

Using SPARSE 1.3 as Direct Linear Solver
 Reference value :  1.00000e-02
No. of Data Rows : 551
dcg                 =  1.40752e+02
f0                  =  8.23136e+05
phx                 =  1.87498e+01
 meas ac f180 when tph=-1.800000e+02 fall=1 failed!

 meas ac gmx find tdb when tph=-1.800000e+02 fall=1 failed!

 meas ac f0r when tdb=0 rise=1 failed!

tres                =  -3.12433e+00 at=  8.70964e+05
ROW iload_a=0.05 ceff_f=4.7e-06 esr_ohm=0.001 vout_v=1.79935 dcgain_db=140.752 f0_hz=823136 phase_at_f0_deg=18.7498 f180_hz= gain_at_f180_db= f0_rising_hz= resurgence_db=-3.12433
Doing analysis at TEMP = 27.000000 and TNOM = 27.000000

Using SPARSE 1.3 as Direct Linear Solver
 Reference value :  0.00000e+00
No. of Data Rows : 1
Doing analysis at TEMP = 27.000000 and TNOM = 27.000000

Using SPARSE 1.3 as Direct Linear Solver
 Reference value :  1.00000e-02
No. of Data Rows : 551
Doing analysis at TEMP = 27.000000 and TNOM = 27.000000

Using SPARSE 1.3 as Direct Linear Solver
 Reference value :  1.00000e-02
No. of Data Rows : 551
dcg                 =  1.40752e+02
f0                  =  8.93981e+05
phx                 =  7.16224e+01
 meas ac f180 when tph=-1.800000e+02 fall=1 failed!

 meas ac gmx find tdb when tph=-1.800000e+02 fall=1 failed!

 meas ac f0r when tdb=0 rise=1 failed!

tres                =  -2.82720e+00 at=  9.54993e+05
ROW iload_a=0.05 ceff_f=4.7e-06 esr_ohm=0.05 vout_v=1.79935 dcgain_db=140.752 f0_hz=893980 phase_at_f0_deg=71.6224 f180_hz= gain_at_f180_db= f0_rising_hz= resurgence_db=-2.8272
Doing analysis at TEMP = 27.000000 and TNOM = 27.000000

Using SPARSE 1.3 as Direct Linear Solver
 Reference value :  0.00000e+00
No. of Data Rows : 1
Doing analysis at TEMP = 27.000000 and TNOM = 27.000000

Using SPARSE 1.3 as Direct Linear Solver
 Reference value :  1.00000e-02
No. of Data Rows : 551
Doing analysis at TEMP = 27.000000 and TNOM = 27.000000

Using SPARSE 1.3 as Direct Linear Solver
 Reference value :  1.00000e-02
No. of Data Rows : 551
dcg                 =  1.40752e+02
f0                  =  1.19021e+06
phx                 =  9.59514e+01
 meas ac f180 when tph=-1.800000e+02 fall=1 failed!

 meas ac gmx find tdb when tph=-1.800000e+02 fall=1 failed!

 meas ac f0r when tdb=0 rise=1 failed!

tres                =  -1.75811e+00 at=  1.25893e+06
ROW iload_a=0.05 ceff_f=4.7e-06 esr_ohm=0.2 vout_v=1.79935 dcgain_db=140.752 f0_hz=1.19021E+06 phase_at_f0_deg=95.9514 f180_hz= gain_at_f180_db= f0_rising_hz= resurgence_db=-1.75811
Doing analysis at TEMP = 27.000000 and TNOM = 27.000000

Using SPARSE 1.3 as Direct Linear Solver
 Reference value :  0.00000e+00
No. of Data Rows : 1
Doing analysis at TEMP = 27.000000 and TNOM = 27.000000

Using SPARSE 1.3 as Direct Linear Solver
 Reference value :  1.00000e-02
No. of Data Rows : 551
Doing analysis at TEMP = 27.000000 and TNOM = 27.000000

Using SPARSE 1.3 as Direct Linear Solver
 Reference value :  1.00000e-02
No. of Data Rows : 551
dcg                 =  1.40752e+02
f0                  =  1.54369e+06
phx                 =  9.36607e+01
 meas ac f180 when tph=-1.800000e+02 fall=1 failed!

 meas ac gmx find tdb when tph=-1.800000e+02 fall=1 failed!

 meas ac f0r when tdb=0 rise=1 failed!

tres                =  -2.10666e+00 at=  1.65959e+06
ROW iload_a=0.05 ceff_f=4.7e-06 esr_ohm=0.5 vout_v=1.79935 dcgain_db=140.752 f0_hz=1.54369E+06 phase_at_f0_deg=93.6607 f180_hz= gain_at_f180_db= f0_rising_hz= resurgence_db=-2.10666
* SWEEP COMPLETE tt_27c_3.30v
Note: Simulation executed from .control section 
Warning: m=xx on .subckt line will override multiplier m hierarchy!

Note: Starting dynamic gmin stepping
Note: Dynamic gmin stepping completed
Note: Starting dynamic gmin stepping
Note: Dynamic gmin stepping completed
Note: Starting dynamic gmin stepping
Note: Dynamic gmin stepping completed

Error: measure  f0r  when(WHEN) : out of interval
Error: &f0r: no such variable.
Note: Starting dynamic gmin stepping
Note: Dynamic gmin stepping completed
Note: Starting dynamic gmin stepping
Note: Dynamic gmin stepping completed
Note: Starting dynamic gmin stepping
Note: Dynamic gmin stepping completed

Error: measure  f0r  when(WHEN) : out of interval
Error: &f0r: no such variable.
Note: Starting dynamic gmin stepping
Note: Dynamic gmin stepping completed
Note: Starting dynamic gmin stepping
Note: Dynamic gmin stepping completed
Note: Starting dynamic gmin stepping
Note: Dynamic gmin stepping completed

Error: measure  f0r  when(WHEN) : out of interval
Error: &f0r: no such variable.
Note: Starting dynamic gmin stepping
Note: Dynamic gmin stepping completed
Note: Starting dynamic gmin stepping
Note: Dynamic gmin stepping completed
Note: Starting dynamic gmin stepping
Note: Dynamic gmin stepping completed

Error: measure  f0r  when(WHEN) : out of interval
Error: &f0r: no such variable.
Note: Starting dynamic gmin stepping
Note: Dynamic gmin stepping completed
Note: Starting dynamic gmin stepping
Note: Dynamic gmin stepping completed
Note: Starting dynamic gmin stepping
Note: Dynamic gmin stepping completed

Error: measure  f0r  when(WHEN) : out of interval
Error: &f0r: no such variable.
Note: Starting dynamic gmin stepping
Note: Dynamic gmin stepping completed
Note: Starting dynamic gmin stepping
Note: Dynamic gmin stepping completed
Note: Starting dynamic gmin stepping
Note: Dynamic gmin stepping completed

Error: measure  f0r  when(WHEN) : out of interval
Error: &f0r: no such variable.
Note: Starting dynamic gmin stepping
Note: Dynamic gmin stepping completed
Note: Starting dynamic gmin stepping
Note: Dynamic gmin stepping completed
Note: Starting dynamic gmin stepping
Note: Dynamic gmin stepping completed

Error: measure  f0r  when(WHEN) : out of interval
Error: &f0r: no such variable.
Note: Starting dynamic gmin stepping
Note: Dynamic gmin stepping completed
Note: Starting dynamic gmin stepping
Note: Dynamic gmin stepping completed
Note: Starting dynamic gmin stepping
Note: Dynamic gmin stepping completed

Error: measure  f0r  when(WHEN) : out of interval
Error: &f0r: no such variable.
Note: Starting dynamic gmin stepping
Note: Dynamic gmin stepping completed
Note: Starting dynamic gmin stepping
Note: Dynamic gmin stepping completed
Note: Starting dynamic gmin stepping
Note: Dynamic gmin stepping completed

Error: measure  f0r  when(WHEN) : out of interval
Error: &f0r: no such variable.
Note: Starting dynamic gmin stepping
Note: Dynamic gmin stepping completed
Note: Starting dynamic gmin stepping
Note: Dynamic gmin stepping completed
Note: Starting dynamic gmin stepping
Note: Dynamic gmin stepping completed

Error: measure  f0r  when(WHEN) : out of interval
Error: &f0r: no such variable.
Note: Starting dynamic gmin stepping
Note: Dynamic gmin stepping completed
Note: Starting dynamic gmin stepping
Note: Dynamic gmin stepping completed
Note: Starting dynamic gmin stepping
Note: Dynamic gmin stepping completed

Error: measure  f0r  when(WHEN) : out of interval
Error: &f0r: no such variable.
Note: Starting dynamic gmin stepping
Note: Dynamic gmin stepping completed
Note: Starting dynamic gmin stepping
Note: Dynamic gmin stepping completed
Note: Starting dynamic gmin stepping
Note: Dynamic gmin stepping completed

Error: measure  f0r  when(WHEN) : out of interval
Error: &f0r: no such variable.
Note: Starting dynamic gmin stepping
Note: Dynamic gmin stepping completed
Note: Starting dynamic gmin stepping
Note: Dynamic gmin stepping completed
Note: Starting dynamic gmin stepping
Note: Dynamic gmin stepping completed

Error: measure  f180  when(WHEN) : out of interval

Error: measure  gmx  find(AT) : out of interval
Error: &f180: no such variable.
Error: &gmx: no such variable.
Note: Starting dynamic gmin stepping
Note: Dynamic gmin stepping completed
Note: Starting dynamic gmin stepping
Note: Dynamic gmin stepping completed
Note: Starting dynamic gmin stepping
Note: Dynamic gmin stepping completed

Error: measure  f180  when(WHEN) : out of interval

Error: measure  gmx  find(AT) : out of interval
Error: &f180: no such variable.
Error: &gmx: no such variable.
Note: Starting dynamic gmin stepping
Note: Dynamic gmin stepping completed
Note: Starting dynamic gmin stepping
Note: Dynamic gmin stepping completed
Note: Starting dynamic gmin stepping
Note: Dynamic gmin stepping completed

Error: measure  f180  when(WHEN) : out of interval

Error: measure  gmx  find(AT) : out of interval
Error: &f180: no such variable.
Error: &gmx: no such variable.
Note: Starting dynamic gmin stepping
Note: Dynamic gmin stepping completed
Note: Starting dynamic gmin stepping
Note: Dynamic gmin stepping completed
Note: Starting dynamic gmin stepping
Note: Dynamic gmin stepping completed

Error: measure  f180  when(WHEN) : out of interval

Error: measure  gmx  find(AT) : out of interval
Error: &f180: no such variable.
Error: &gmx: no such variable.
Note: Starting dynamic gmin stepping
Note: Dynamic gmin stepping completed
Note: Starting dynamic gmin stepping
Note: Dynamic gmin stepping completed
Note: Starting dynamic gmin stepping
Note: Dynamic gmin stepping completed

Error: measure  f180  when(WHEN) : out of interval

Error: measure  gmx  find(AT) : out of interval

Error: measure  f0r  when(WHEN) : out of interval
Error: &f180: no such variable.
Error: &gmx: no such variable.
Error: &f0r: no such variable.
Note: Starting dynamic gmin stepping
Note: Dynamic gmin stepping completed
Note: Starting dynamic gmin stepping
Note: Dynamic gmin stepping completed
Note: Starting dynamic gmin stepping
Note: Dynamic gmin stepping completed

Error: measure  f180  when(WHEN) : out of interval

Error: measure  gmx  find(AT) : out of interval

Error: measure  f0r  when(WHEN) : out of interval
Error: &f180: no such variable.
Error: &gmx: no such variable.
Error: &f0r: no such variable.
Note: Starting dynamic gmin stepping
Note: Dynamic gmin stepping completed
Note: Starting dynamic gmin stepping
Note: Dynamic gmin stepping completed
Note: Starting dynamic gmin stepping
Note: Dynamic gmin stepping completed

Error: measure  f180  when(WHEN) : out of interval

Error: measure  gmx  find(AT) : out of interval
Error: &f180: no such variable.
Error: &gmx: no such variable.
Note: Starting dynamic gmin stepping
Note: Dynamic gmin stepping completed
Note: Starting dynamic gmin stepping
Note: Dynamic gmin stepping completed
Note: Starting dynamic gmin stepping
Note: Dynamic gmin stepping completed

Error: measure  f180  when(WHEN) : out of interval

Error: measure  gmx  find(AT) : out of interval
Error: &f180: no such variable.
Error: &gmx: no such variable.
Note: Starting dynamic gmin stepping
Note: Dynamic gmin stepping completed
Note: Starting dynamic gmin stepping
Note: Dynamic gmin stepping completed
Note: Starting dynamic gmin stepping
Note: Dynamic gmin stepping completed

Error: measure  f180  when(WHEN) : out of interval

Error: measure  gmx  find(AT) : out of interval

Error: measure  f0r  when(WHEN) : out of interval
Error: &f180: no such variable.
Error: &gmx: no such variable.
Error: &f0r: no such variable.
Note: Starting dynamic gmin stepping
Note: Dynamic gmin stepping completed
Note: Starting dynamic gmin stepping
Note: Dynamic gmin stepping completed
Note: Starting dynamic gmin stepping
Note: Dynamic gmin stepping completed

Error: measure  f180  when(WHEN) : out of interval

Error: measure  gmx  find(AT) : out of interval

Error: measure  f0r  when(WHEN) : out of interval
Error: &f180: no such variable.
Error: &gmx: no such variable.
Error: &f0r: no such variable.
Note: Starting dynamic gmin stepping
Note: Dynamic gmin stepping completed
Note: Starting dynamic gmin stepping
Note: Dynamic gmin stepping completed
Note: Starting dynamic gmin stepping
Note: Dynamic gmin stepping completed

Error: measure  f180  when(WHEN) : out of interval

Error: measure  gmx  find(AT) : out of interval

Error: measure  f0r  when(WHEN) : out of interval
Error: &f180: no such variable.
Error: &gmx: no such variable.
Error: &f0r: no such variable.
Note: Starting dynamic gmin stepping
Note: Dynamic gmin stepping completed
Note: Starting dynamic gmin stepping
Note: Dynamic gmin stepping completed
Note: Starting dynamic gmin stepping
Note: Dynamic gmin stepping completed

Error: measure  f180  when(WHEN) : out of interval

Error: measure  gmx  find(AT) : out of interval
Error: &f180: no such variable.
Error: &gmx: no such variable.
Note: Starting dynamic gmin stepping
Note: Dynamic gmin stepping completed
Note: Starting dynamic gmin stepping
Note: Dynamic gmin stepping completed
Note: Starting dynamic gmin stepping
Note: Dynamic gmin stepping completed

Error: measure  f180  when(WHEN) : out of interval

Error: measure  gmx  find(AT) : out of interval

Error: measure  f0r  when(WHEN) : out of interval
Error: &f180: no such variable.
Error: &gmx: no such variable.
Error: &f0r: no such variable.
Note: Starting dynamic gmin stepping
Note: Dynamic gmin stepping completed
Note: Starting dynamic gmin stepping
Note: Dynamic gmin stepping completed
Note: Starting dynamic gmin stepping
Note: Dynamic gmin stepping completed

Error: measure  f180  when(WHEN) : out of interval

Error: measure  gmx  find(AT) : out of interval

Error: measure  f0r  when(WHEN) : out of interval
Error: &f180: no such variable.
Error: &gmx: no such variable.
Error: &f0r: no such variable.
Note: Starting dynamic gmin stepping
Note: Dynamic gmin stepping completed
Note: Starting dynamic gmin stepping
Note: Dynamic gmin stepping completed
Note: Starting dynamic gmin stepping
Note: Dynamic gmin stepping completed

Error: measure  f180  when(WHEN) : out of interval

Error: measure  gmx  find(AT) : out of interval

Error: measure  f0r  when(WHEN) : out of interval
Error: &f180: no such variable.
Error: &gmx: no such variable.
Error: &f0r: no such variable.
Note: Starting dynamic gmin stepping
Note: Dynamic gmin stepping completed
Note: Starting dynamic gmin stepping
Note: Dynamic gmin stepping completed
Note: Starting dynamic gmin stepping
Note: Dynamic gmin stepping completed

Error: measure  f180  when(WHEN) : out of interval

Error: measure  gmx  find(AT) : out of interval

Error: measure  f0r  when(WHEN) : out of interval
Error: &f180: no such variable.
Error: &gmx: no such variable.
Error: &f0r: no such variable.
Note: Starting dynamic gmin stepping
Note: Dynamic gmin stepping completed
Note: Starting dynamic gmin stepping
Note: Dynamic gmin stepping completed
Note: Starting dynamic gmin stepping
Note: Dynamic gmin stepping completed

Error: measure  f180  when(WHEN) : out of interval

Error: measure  gmx  find(AT) : out of interval

Error: measure  f0r  when(WHEN) : out of interval
Error: &f180: no such variable.
Error: &gmx: no such variable.
Error: &f0r: no such variable.
Note: Starting dynamic gmin stepping
Note: Dynamic gmin stepping completed
Note: Starting dynamic gmin stepping
Note: Dynamic gmin stepping completed
Note: Starting dynamic gmin stepping
Note: Dynamic gmin stepping completed

Error: measure  f180  when(WHEN) : out of interval

Error: measure  gmx  find(AT) : out of interval

Error: measure  f0r  when(WHEN) : out of interval
Error: &f180: no such variable.
Error: &gmx: no such variable.
Error: &f0r: no such variable.
Note: Starting dynamic gmin stepping
Note: Dynamic gmin stepping completed
Note: Starting dynamic gmin stepping
Note: Dynamic gmin stepping completed
Note: Starting dynamic gmin stepping
Note: Dynamic gmin stepping completed

Error: measure  f180  when(WHEN) : out of interval

Error: measure  gmx  find(AT) : out of interval

Error: measure  f0r  when(WHEN) : out of interval
Error: &f180: no such variable.
Error: &gmx: no such variable.
Error: &f0r: no such variable.
Note: Starting dynamic gmin stepping
Note: Dynamic gmin stepping completed
Note: Starting dynamic gmin stepping
Note: Dynamic gmin stepping completed
Note: Starting dynamic gmin stepping
Note: Dynamic gmin stepping completed

Error: measure  f180  when(WHEN) : out of interval

Error: measure  gmx  find(AT) : out of interval

Error: measure  f0r  when(WHEN) : out of interval
Error: &f180: no such variable.
Error: &gmx: no such variable.
Error: &f0r: no such variable.
Note: Starting dynamic gmin stepping
Note: Dynamic gmin stepping completed
Note: Starting dynamic gmin stepping
Note: Dynamic gmin stepping completed
Note: Starting dynamic gmin stepping
Note: Dynamic gmin stepping completed

Error: measure  f180  when(WHEN) : out of interval

Error: measure  gmx  find(AT) : out of interval

Error: measure  f0r  when(WHEN) : out of interval
Error: &f180: no such variable.
Error: &gmx: no such variable.
Error: &f0r: no such variable.
Note: Starting dynamic gmin stepping
Note: Dynamic gmin stepping completed
Note: Starting dynamic gmin stepping
Note: Dynamic gmin stepping completed
Note: Starting dynamic gmin stepping
Note: Dynamic gmin stepping completed

Error: measure  f180  when(WHEN) : out of interval

Error: measure  gmx  find(AT) : out of interval
Error: &f180: no such variable.
Error: &gmx: no such variable.
Note: Starting dynamic gmin stepping
Note: Dynamic gmin stepping completed
Note: Starting dynamic gmin stepping
Note: Dynamic gmin stepping completed
Note: Starting dynamic gmin stepping
Note: Dynamic gmin stepping completed

Error: measure  f180  when(WHEN) : out of interval

Error: measure  gmx  find(AT) : out of interval
Error: &f180: no such variable.
Error: &gmx: no such variable.
Note: Starting dynamic gmin stepping
Note: Dynamic gmin stepping completed
Note: Starting dynamic gmin stepping
Note: Dynamic gmin stepping completed
Note: Starting dynamic gmin stepping
Note: Dynamic gmin stepping completed

Error: measure  f180  when(WHEN) : out of interval

Error: measure  gmx  find(AT) : out of interval

Error: measure  f0r  when(WHEN) : out of interval
Error: &f180: no such variable.
Error: &gmx: no such variable.
Error: &f0r: no such variable.
Note: Starting dynamic gmin stepping
Note: Dynamic gmin stepping completed
Note: Starting dynamic gmin stepping
Note: Dynamic gmin stepping completed
Note: Starting dynamic gmin stepping
Note: Dynamic gmin stepping completed

Error: measure  f180  when(WHEN) : out of interval

Error: measure  gmx  find(AT) : out of interval

Error: measure  f0r  when(WHEN) : out of interval
Error: &f180: no such variable.
Error: &gmx: no such variable.
Error: &f0r: no such variable.
Note: Starting dynamic gmin stepping
Note: Dynamic gmin stepping completed
Note: Starting dynamic gmin stepping
Note: Dynamic gmin stepping completed
Note: Starting dynamic gmin stepping
Note: Dynamic gmin stepping completed

Error: measure  f180  when(WHEN) : out of interval

Error: measure  gmx  find(AT) : out of interval

Error: measure  f0r  when(WHEN) : out of interval
Error: &f180: no such variable.
Error: &gmx: no such variable.
Error: &f0r: no such variable.
Note: Starting dynamic gmin stepping
Note: Dynamic gmin stepping completed
Note: Starting dynamic gmin stepping
Note: Dynamic gmin stepping completed
Note: Starting dynamic gmin stepping
Note: Dynamic gmin stepping completed

Error: measure  f180  when(WHEN) : out of interval

Error: measure  gmx  find(AT) : out of interval

Error: measure  f0r  when(WHEN) : out of interval
Error: &f180: no such variable.
Error: &gmx: no such variable.
Error: &f0r: no such variable.
Note: Starting dynamic gmin stepping
Note: Dynamic gmin stepping completed
Note: Starting dynamic gmin stepping
Note: Dynamic gmin stepping completed
Note: Starting dynamic gmin stepping
Note: Dynamic gmin stepping completed

Error: measure  f180  when(WHEN) : out of interval

Error: measure  gmx  find(AT) : out of interval

Error: measure  f0r  when(WHEN) : out of interval
Error: &f180: no such variable.
Error: &gmx: no such variable.
Error: &f0r: no such variable.
Note: Starting dynamic gmin stepping
Note: Dynamic gmin stepping completed
Note: Starting dynamic gmin stepping
Note: Dynamic gmin stepping completed
Note: Starting dynamic gmin stepping
Note: Dynamic gmin stepping completed

Error: measure  f180  when(WHEN) : out of interval

Error: measure  gmx  find(AT) : out of interval

Error: measure  f0r  when(WHEN) : out of interval
Error: &f180: no such variable.
Error: &gmx: no such variable.
Error: &f0r: no such variable.
Note: Starting dynamic gmin stepping
Note: Dynamic gmin stepping completed
Note: Starting dynamic gmin stepping
Note: Dynamic gmin stepping completed
Note: Starting dynamic gmin stepping
Note: Dynamic gmin stepping completed

Error: measure  f180  when(WHEN) : out of interval

Error: measure  gmx  find(AT) : out of interval

Error: measure  f0r  when(WHEN) : out of interval
Error: &f180: no such variable.
Error: &gmx: no such variable.
Error: &f0r: no such variable.
Note: Starting dynamic gmin stepping
Note: Dynamic gmin stepping completed
Note: Starting dynamic gmin stepping
Note: Dynamic gmin stepping completed
Note: Starting dynamic gmin stepping
Note: Dynamic gmin stepping completed

Error: measure  f180  when(WHEN) : out of interval

Error: measure  gmx  find(AT) : out of interval

Error: measure  f0r  when(WHEN) : out of interval
Error: &f180: no such variable.
Error: &gmx: no such variable.
Error: &f0r: no such variable.
Note: Starting dynamic gmin stepping
Note: Dynamic gmin stepping completed
Note: Starting dynamic gmin stepping
Note: Dynamic gmin stepping completed
Note: Starting dynamic gmin stepping
Note: Dynamic gmin stepping completed

Error: measure  f180  when(WHEN) : out of interval

Error: measure  gmx  find(AT) : out of interval

Error: measure  f0r  when(WHEN) : out of interval
Error: &f180: no such variable.
Error: &gmx: no such variable.
Error: &f0r: no such variable.
Note: Starting dynamic gmin stepping
Note: Dynamic gmin stepping completed
Note: Starting dynamic gmin stepping
Note: Dynamic gmin stepping completed
Note: Starting dynamic gmin stepping
Note: Dynamic gmin stepping completed

Error: measure  f180  when(WHEN) : out of interval

Error: measure  gmx  find(AT) : out of interval

Error: measure  f0r  when(WHEN) : out of interval
Error: &f180: no such variable.
Error: &gmx: no such variable.
Error: &f0r: no such variable.
Note: Starting dynamic gmin stepping
Note: Dynamic gmin stepping completed
Note: Starting dynamic gmin stepping
Note: Dynamic gmin stepping completed
Note: Starting dynamic gmin stepping
Note: Dynamic gmin stepping completed

Error: measure  f180  when(WHEN) : out of interval

Error: measure  gmx  find(AT) : out of interval

Error: measure  f0r  when(WHEN) : out of interval
Error: &f180: no such variable.
Error: &gmx: no such variable.
Error: &f0r: no such variable.
Note: Starting dynamic gmin stepping
Note: Dynamic gmin stepping completed
Note: Starting dynamic gmin stepping
Note: Dynamic gmin stepping completed
Note: Starting dynamic gmin stepping
Note: Dynamic gmin stepping completed

Error: measure  f180  when(WHEN) : out of interval

Error: measure  gmx  find(AT) : out of interval

Error: measure  f0r  when(WHEN) : out of interval
Error: &f180: no such variable.
Error: &gmx: no such variable.
Error: &f0r: no such variable.
Note: Starting dynamic gmin stepping
Note: Dynamic gmin stepping completed
Note: Starting dynamic gmin stepping
Note: Dynamic gmin stepping completed
Note: Starting dynamic gmin stepping
Note: Dynamic gmin stepping completed

Error: measure  f180  when(WHEN) : out of interval

Error: measure  gmx  find(AT) : out of interval

Error: measure  f0r  when(WHEN) : out of interval
Error: &f180: no such variable.
Error: &gmx: no such variable.
Error: &f0r: no such variable.
Note: Starting dynamic gmin stepping
Note: Dynamic gmin stepping completed
Note: Starting dynamic gmin stepping
Note: Dynamic gmin stepping completed
Note: Starting dynamic gmin stepping
Note: Dynamic gmin stepping completed

Error: measure  f180  when(WHEN) : out of interval

Error: measure  gmx  find(AT) : out of interval

Error: measure  f0r  when(WHEN) : out of interval
Error: &f180: no such variable.
Error: &gmx: no such variable.
Error: &f0r: no such variable.
Note: Starting dynamic gmin stepping
Note: Dynamic gmin stepping completed
Note: Starting dynamic gmin stepping
Note: Dynamic gmin stepping completed
Note: Starting dynamic gmin stepping
Note: Dynamic gmin stepping completed

Error: measure  f180  when(WHEN) : out of interval

Error: measure  gmx  find(AT) : out of interval

Error: measure  f0r  when(WHEN) : out of interval
Error: &f180: no such variable.
Error: &gmx: no such variable.
Error: &f0r: no such variable.
Note: Starting dynamic gmin stepping
Note: Dynamic gmin stepping completed
Note: Starting dynamic gmin stepping
Note: Dynamic gmin stepping completed
Note: Starting dynamic gmin stepping
Note: Dynamic gmin stepping completed

Error: measure  f180  when(WHEN) : out of interval

Error: measure  gmx  find(AT) : out of interval

Error: measure  f0r  when(WHEN) : out of interval
Error: &f180: no such variable.
Error: &gmx: no such variable.
Error: &f0r: no such variable.
Note: Starting dynamic gmin stepping
Note: Dynamic gmin stepping completed
Note: Starting dynamic gmin stepping
Note: Dynamic gmin stepping completed
Note: Starting dynamic gmin stepping
Note: Dynamic gmin stepping completed

Error: measure  f180  when(WHEN) : out of interval

Error: measure  gmx  find(AT) : out of interval

Error: measure  f0r  when(WHEN) : out of interval
Error: &f180: no such variable.
Error: &gmx: no such variable.
Error: &f0r: no such variable.
Note: Starting dynamic gmin stepping
Note: Dynamic gmin stepping completed
Note: Starting dynamic gmin stepping
Note: Dynamic gmin stepping completed
Note: Starting dynamic gmin stepping
Note: Dynamic gmin stepping completed

Error: measure  f180  when(WHEN) : out of interval

Error: measure  gmx  find(AT) : out of interval

Error: measure  f0r  when(WHEN) : out of interval
Error: &f180: no such variable.
Error: &gmx: no such variable.
Error: &f0r: no such variable.
Note: Starting dynamic gmin stepping
Note: Dynamic gmin stepping completed
Note: Starting dynamic gmin stepping
Note: Dynamic gmin stepping completed
Note: Starting dynamic gmin stepping
Note: Dynamic gmin stepping completed

Error: measure  f180  when(WHEN) : out of interval

Error: measure  gmx  find(AT) : out of interval

Error: measure  f0r  when(WHEN) : out of interval
Error: &f180: no such variable.
Error: &gmx: no such variable.
Error: &f0r: no such variable.
Note: Starting dynamic gmin stepping
Note: Dynamic gmin stepping completed
Note: Starting dynamic gmin stepping
Note: Dynamic gmin stepping completed
Note: Starting dynamic gmin stepping
Note: Dynamic gmin stepping completed

Error: measure  f180  when(WHEN) : out of interval

Error: measure  gmx  find(AT) : out of interval

Error: measure  f0r  when(WHEN) : out of interval
Error: &f180: no such variable.
Error: &gmx: no such variable.
Error: &f0r: no such variable.
Note: Starting dynamic gmin stepping
Note: Dynamic gmin stepping completed
Note: Starting dynamic gmin stepping
Note: Dynamic gmin stepping completed
Note: Starting dynamic gmin stepping
Note: Dynamic gmin stepping completed

Error: measure  f180  when(WHEN) : out of interval

Error: measure  gmx  find(AT) : out of interval

Error: measure  f0r  when(WHEN) : out of interval
Error: &f180: no such variable.
Error: &gmx: no such variable.
Error: &f0r: no such variable.
Note: Starting dynamic gmin stepping
Note: Dynamic gmin stepping completed
Note: Starting dynamic gmin stepping
Note: Dynamic gmin stepping completed
Note: Starting dynamic gmin stepping
Note: Dynamic gmin stepping completed

Error: measure  f180  when(WHEN) : out of interval

Error: measure  gmx  find(AT) : out of interval

Error: measure  f0r  when(WHEN) : out of interval
Error: &f180: no such variable.
Error: &gmx: no such variable.
Error: &f0r: no such variable.
Note: Starting dynamic gmin stepping
Note: Dynamic gmin stepping completed
Note: Starting dynamic gmin stepping
Note: Dynamic gmin stepping completed
Note: Starting dynamic gmin stepping
Note: Dynamic gmin stepping completed

Error: measure  f180  when(WHEN) : out of interval

Error: measure  gmx  find(AT) : out of interval

Error: measure  f0r  when(WHEN) : out of interval
Error: &f180: no such variable.
Error: &gmx: no such variable.
Error: &f0r: no such variable.
Note: Starting dynamic gmin stepping
Note: Dynamic gmin stepping completed
Note: Starting dynamic gmin stepping
Note: Dynamic gmin stepping completed
Note: Starting dynamic gmin stepping
Note: Dynamic gmin stepping completed

Error: measure  f180  when(WHEN) : out of interval

Error: measure  gmx  find(AT) : out of interval

Error: measure  f0r  when(WHEN) : out of interval
Error: &f180: no such variable.
Error: &gmx: no such variable.
Error: &f0r: no such variable.
Note: Starting dynamic gmin stepping
Note: Dynamic gmin stepping completed
Note: Starting dynamic gmin stepping
Note: Dynamic gmin stepping completed
Note: Starting dynamic gmin stepping
Note: Dynamic gmin stepping completed

Error: measure  f180  when(WHEN) : out of interval

Error: measure  gmx  find(AT) : out of interval

Error: measure  f0r  when(WHEN) : out of interval
Error: &f180: no such variable.
Error: &gmx: no such variable.
Error: &f0r: no such variable.
Note: Starting dynamic gmin stepping
Note: Dynamic gmin stepping completed
Note: Starting dynamic gmin stepping
Note: Dynamic gmin stepping completed
Note: Starting dynamic gmin stepping
Note: Dynamic gmin stepping completed

Error: measure  f180  when(WHEN) : out of interval

Error: measure  gmx  find(AT) : out of interval

Error: measure  f0r  when(WHEN) : out of interval
Error: &f180: no such variable.
Error: &gmx: no such variable.
Error: &f0r: no such variable.
Note: Starting dynamic gmin stepping
Note: Dynamic gmin stepping completed
Note: Starting dynamic gmin stepping
Note: Dynamic gmin stepping completed
Note: Starting dynamic gmin stepping
Note: Dynamic gmin stepping completed

Error: measure  f180  when(WHEN) : out of interval

Error: measure  gmx  find(AT) : out of interval

Error: measure  f0r  when(WHEN) : out of interval
Error: &f180: no such variable.
Error: &gmx: no such variable.
Error: &f0r: no such variable.
Note: Starting dynamic gmin stepping
Note: Dynamic gmin stepping completed
Note: Starting dynamic gmin stepping
Note: Dynamic gmin stepping completed
Note: Starting dynamic gmin stepping
Note: Dynamic gmin stepping completed

Error: measure  f180  when(WHEN) : out of interval

Error: measure  gmx  find(AT) : out of interval

Error: measure  f0r  when(WHEN) : out of interval
Error: &f180: no such variable.
Error: &gmx: no such variable.
Error: &f0r: no such variable.
Note: Starting dynamic gmin stepping
Note: Dynamic gmin stepping completed
Note: Starting dynamic gmin stepping
Note: Dynamic gmin stepping completed
Note: Starting dynamic gmin stepping
Note: Dynamic gmin stepping completed

Error: measure  f180  when(WHEN) : out of interval

Error: measure  gmx  find(AT) : out of interval

Error: measure  f0r  when(WHEN) : out of interval
Error: &f180: no such variable.
Error: &gmx: no such variable.
Error: &f0r: no such variable.
Note: Starting dynamic gmin stepping
Note: Dynamic gmin stepping completed
Note: Starting dynamic gmin stepping
Note: Dynamic gmin stepping completed
Note: Starting dynamic gmin stepping
Note: Dynamic gmin stepping completed

Error: measure  f180  when(WHEN) : out of interval

Error: measure  gmx  find(AT) : out of interval

Error: measure  f0r  when(WHEN) : out of interval
Error: &f180: no such variable.
Error: &gmx: no such variable.
Error: &f0r: no such variable.
Note: Starting dynamic gmin stepping
Note: Dynamic gmin stepping completed
Note: Starting dynamic gmin stepping
Note: Dynamic gmin stepping completed
Note: Starting dynamic gmin stepping
Note: Dynamic gmin stepping completed

Error: measure  f180  when(WHEN) : out of interval

Error: measure  gmx  find(AT) : out of interval

Error: measure  f0r  when(WHEN) : out of interval
Error: &f180: no such variable.
Error: &gmx: no such variable.
Error: &f0r: no such variable.
Note: Starting dynamic gmin stepping
Note: Dynamic gmin stepping completed
Note: Starting dynamic gmin stepping
Note: Dynamic gmin stepping completed
Note: Starting dynamic gmin stepping
Note: Dynamic gmin stepping completed

Error: measure  f180  when(WHEN) : out of interval

Error: measure  gmx  find(AT) : out of interval

Error: measure  f0r  when(WHEN) : out of interval
Error: &f180: no such variable.
Error: &gmx: no such variable.
Error: &f0r: no such variable.
Note: Starting dynamic gmin stepping
Note: Dynamic gmin stepping completed
Note: Starting dynamic gmin stepping
Note: Dynamic gmin stepping completed
Note: Starting dynamic gmin stepping
Note: Dynamic gmin stepping completed

Error: measure  f180  when(WHEN) : out of interval

Error: measure  gmx  find(AT) : out of interval

Error: measure  f0r  when(WHEN) : out of interval
Error: &f180: no such variable.
Error: &gmx: no such variable.
Error: &f0r: no such variable.
Note: Starting dynamic gmin stepping
Note: Dynamic gmin stepping completed
Note: Starting dynamic gmin stepping
Note: Dynamic gmin stepping completed
Note: Starting dynamic gmin stepping
Note: Dynamic gmin stepping completed

Error: measure  f180  when(WHEN) : out of interval

Error: measure  gmx  find(AT) : out of interval

Error: measure  f0r  when(WHEN) : out of interval
Error: &f180: no such variable.
Error: &gmx: no such variable.
Error: &f0r: no such variable.
Note: Starting dynamic gmin stepping
Note: Dynamic gmin stepping completed
Note: Starting dynamic gmin stepping
Note: Dynamic gmin stepping completed
Note: Starting dynamic gmin stepping
Note: Dynamic gmin stepping completed

Error: measure  f180  when(WHEN) : out of interval

Error: measure  gmx  find(AT) : out of interval

Error: measure  f0r  when(WHEN) : out of interval
Error: &f180: no such variable.
Error: &gmx: no such variable.
Error: &f0r: no such variable.
Note: Starting dynamic gmin stepping
Note: Dynamic gmin stepping completed
Note: Starting dynamic gmin stepping
Note: Dynamic gmin stepping completed
Note: Starting dynamic gmin stepping
Note: Dynamic gmin stepping completed

Error: measure  f180  when(WHEN) : out of interval

Error: measure  gmx  find(AT) : out of interval

Error: measure  f0r  when(WHEN) : out of interval
Error: &f180: no such variable.
Error: &gmx: no such variable.
Error: &f0r: no such variable.
Note: Starting dynamic gmin stepping
Note: Dynamic gmin stepping completed
Note: Starting dynamic gmin stepping
Note: Dynamic gmin stepping completed
Note: Starting dynamic gmin stepping
Note: Dynamic gmin stepping completed

Error: measure  f180  when(WHEN) : out of interval

Error: measure  gmx  find(AT) : out of interval

Error: measure  f0r  when(WHEN) : out of interval
Error: &f180: no such variable.
Error: &gmx: no such variable.
Error: &f0r: no such variable.
