
Note: No compatibility mode selected!


Circuit: * loop-stability -- tian dual-injection loop-gain testbench for ldo_core (issue #10)

* corner_id=sf_-40c_3.63v corner=sf temp_c=-40 vin_v=3.63
* ac sweep: dec 400 0.01 1e9 ; Tian dual injection at ERRAMP_OUT->PASS_GATE
* columns: ROW iload_a= ceff_f= esr_ohm= vout_v= dcgain_db= f0_hz= phase_at_f0_deg=
*          f180_hz= gain_at_f180_db= f0_rising_hz= resurgence_db=
* (phase margin = 180 + phase_at_f0_deg ; gain margin = -gain_at_f180_db ;
*  resurgence_db = max |T| in dB above the first 0 dB crossing, DR-0008 ;
*  an empty f180/gain field means the phase never reaches -180 deg in band)
* Fields are written key=value BECAUSE a failed meas leaves its value
* empty: with bare positional fields an empty one vanishes into the
* whitespace and every field after it is read as the wrong quantity.
Doing analysis at TEMP = -40.000000 and TNOM = 27.000000

Using SPARSE 1.3 as Direct Linear Solver

No. of Data Rows : 1
Doing analysis at TEMP = -40.000000 and TNOM = 27.000000

Using SPARSE 1.3 as Direct Linear Solver
 Reference value :  4.16869e+00
No. of Data Rows : 4401
Doing analysis at TEMP = -40.000000 and TNOM = 27.000000

Using SPARSE 1.3 as Direct Linear Solver
 Reference value :  2.05353e+05
No. of Data Rows : 4401
dcg                 =  1.31496e+02
f0                  =  3.80029e+03
phx                 =  -1.42524e+02
f180                =  4.87583e+06
gmx                 =  -5.33788e+01
 meas ac f0r when tdb=0 rise=1 failed!

tres                =  -7.28023e-01 at=  4.00405e+03
ROW iload_a=0 ceff_f=3.3e-07 esr_ohm=0.001 vout_v=1.79933 dcgain_db=131.496 f0_hz=3800.28 phase_at_f0_deg=-142.524 f180_hz=4.87583E+06 gain_at_f180_db=-53.3788 f0_rising_hz= resurgence_db=-0.728023
Doing analysis at TEMP = -40.000000 and TNOM = 27.000000

Using SPARSE 1.3 as Direct Linear Solver

No. of Data Rows : 1
Doing analysis at TEMP = -40.000000 and TNOM = 27.000000

Using SPARSE 1.3 as Direct Linear Solver
 Reference value :  4.92606e+02
No. of Data Rows : 4401
Doing analysis at TEMP = -40.000000 and TNOM = 27.000000

Using SPARSE 1.3 as Direct Linear Solver
 Reference value :  8.60994e+07
No. of Data Rows : 4401
dcg                 =  1.31496e+02
f0                  =  3.80028e+03
phx                 =  -1.42502e+02
f180                =  4.87054e+06
gmx                 =  -5.33734e+01
 meas ac f0r when tdb=0 rise=1 failed!

tres                =  -7.28025e-01 at=  4.00405e+03
ROW iload_a=0 ceff_f=3.3e-07 esr_ohm=0.05 vout_v=1.79933 dcgain_db=131.496 f0_hz=3800.28 phase_at_f0_deg=-142.502 f180_hz=4.87054E+06 gain_at_f180_db=-53.3734 f0_rising_hz= resurgence_db=-0.728026
Doing analysis at TEMP = -40.000000 and TNOM = 27.000000

Using SPARSE 1.3 as Direct Linear Solver

No. of Data Rows : 1
Doing analysis at TEMP = -40.000000 and TNOM = 27.000000

Using SPARSE 1.3 as Direct Linear Solver
 Reference value :  4.34010e+04
No. of Data Rows : 4401
Doing analysis at TEMP = -40.000000 and TNOM = 27.000000

Using SPARSE 1.3 as Direct Linear Solver

No. of Data Rows : 4401
dcg                 =  1.31496e+02
f0                  =  3.80029e+03
phx                 =  -1.42434e+02
f180                =  4.85434e+06
gmx                 =  -5.33568e+01
 meas ac f0r when tdb=0 rise=1 failed!

tres                =  -7.28016e-01 at=  4.00405e+03
ROW iload_a=0 ceff_f=3.3e-07 esr_ohm=0.2 vout_v=1.79933 dcgain_db=131.496 f0_hz=3800.29 phase_at_f0_deg=-142.434 f180_hz=4.85434E+06 gain_at_f180_db=-53.3568 f0_rising_hz= resurgence_db=-0.728016
Doing analysis at TEMP = -40.000000 and TNOM = 27.000000

Using SPARSE 1.3 as Direct Linear Solver
 Reference value :  0.00000e+00
No. of Data Rows : 1
Doing analysis at TEMP = -40.000000 and TNOM = 27.000000

Using SPARSE 1.3 as Direct Linear Solver

No. of Data Rows : 4401
Doing analysis at TEMP = -40.000000 and TNOM = 27.000000

Using SPARSE 1.3 as Direct Linear Solver
 Reference value :  1.00000e-02
No. of Data Rows : 4401
dcg                 =  1.31496e+02
f0                  =  3.80030e+03
phx                 =  -1.42299e+02
f180                =  4.82164e+06
gmx                 =  -5.33224e+01
 meas ac f0r when tdb=0 rise=1 failed!

tres                =  -7.27958e-01 at=  4.00405e+03
ROW iload_a=0 ceff_f=3.3e-07 esr_ohm=0.5 vout_v=1.79933 dcgain_db=131.496 f0_hz=3800.3 phase_at_f0_deg=-142.299 f180_hz=4.82164E+06 gain_at_f180_db=-53.3224 f0_rising_hz= resurgence_db=-0.727958
Doing analysis at TEMP = -40.000000 and TNOM = 27.000000

Using SPARSE 1.3 as Direct Linear Solver

No. of Data Rows : 1
Doing analysis at TEMP = -40.000000 and TNOM = 27.000000

Using SPARSE 1.3 as Direct Linear Solver
 Reference value :  1.00000e-02
No. of Data Rows : 4401
Doing analysis at TEMP = -40.000000 and TNOM = 27.000000

Using SPARSE 1.3 as Direct Linear Solver
 Reference value :  5.72137e+02
No. of Data Rows : 4401
dcg                 =  1.31491e+02
f0                  =  2.01494e+03
phx                 =  -1.57700e+02
f180                =  4.87921e+06
gmx                 =  -5.33639e+01
 meas ac f0r when tdb=0 rise=1 failed!

tres                =  -8.57843e-01 at=  2.12569e+03
ROW iload_a=0 ceff_f=1e-06 esr_ohm=0.001 vout_v=1.79933 dcgain_db=131.49 f0_hz=2014.94 phase_at_f0_deg=-157.7 f180_hz=4.87921E+06 gain_at_f180_db=-53.3639 f0_rising_hz= resurgence_db=-0.857843
Doing analysis at TEMP = -40.000000 and TNOM = 27.000000

Using SPARSE 1.3 as Direct Linear Solver

No. of Data Rows : 1
Doing analysis at TEMP = -40.000000 and TNOM = 27.000000

Using SPARSE 1.3 as Direct Linear Solver
 Reference value :  3.36899e-01
No. of Data Rows : 4401
Doing analysis at TEMP = -40.000000 and TNOM = 27.000000

Using SPARSE 1.3 as Direct Linear Solver
 Reference value :  4.21697e+04
No. of Data Rows : 4401
dcg                 =  1.31491e+02
f0                  =  2.01494e+03
phx                 =  -1.57665e+02
f180                =  4.87395e+06
gmx                 =  -5.33585e+01
 meas ac f0r when tdb=0 rise=1 failed!

tres                =  -8.57844e-01 at=  2.12569e+03
ROW iload_a=0 ceff_f=1e-06 esr_ohm=0.05 vout_v=1.79933 dcgain_db=131.49 f0_hz=2014.94 phase_at_f0_deg=-157.665 f180_hz=4.87395E+06 gain_at_f180_db=-53.3585 f0_rising_hz= resurgence_db=-0.857844
Doing analysis at TEMP = -40.000000 and TNOM = 27.000000

Using SPARSE 1.3 as Direct Linear Solver

No. of Data Rows : 1
Doing analysis at TEMP = -40.000000 and TNOM = 27.000000

Using SPARSE 1.3 as Direct Linear Solver
 Reference value :  4.31519e+01
No. of Data Rows : 4401
Doing analysis at TEMP = -40.000000 and TNOM = 27.000000

Using SPARSE 1.3 as Direct Linear Solver
 Reference value :  5.37032e+06
No. of Data Rows : 4401
dcg                 =  1.31491e+02
f0                  =  2.01495e+03
phx                 =  -1.57556e+02
f180                =  4.85783e+06
gmx                 =  -5.33418e+01
 meas ac f0r when tdb=0 rise=1 failed!

tres                =  -8.57817e-01 at=  2.12569e+03
ROW iload_a=0 ceff_f=1e-06 esr_ohm=0.2 vout_v=1.79933 dcgain_db=131.49 f0_hz=2014.95 phase_at_f0_deg=-157.556 f180_hz=4.85783E+06 gain_at_f180_db=-53.3418 f0_rising_hz= resurgence_db=-0.857818
Doing analysis at TEMP = -40.000000 and TNOM = 27.000000

Using SPARSE 1.3 as Direct Linear Solver

No. of Data Rows : 1
Doing analysis at TEMP = -40.000000 and TNOM = 27.000000

Using SPARSE 1.3 as Direct Linear Solver
 Reference value :  2.39883e+04
No. of Data Rows : 4401
Doing analysis at TEMP = -40.000000 and TNOM = 27.000000

Using SPARSE 1.3 as Direct Linear Solver

No. of Data Rows : 4401
dcg                 =  1.31491e+02
f0                  =  2.01496e+03
phx                 =  -1.57338e+02
f180                =  4.82531e+06
gmx                 =  -5.33073e+01
 meas ac f0r when tdb=0 rise=1 failed!

tres                =  -8.57659e-01 at=  2.12569e+03
ROW iload_a=0 ceff_f=1e-06 esr_ohm=0.5 vout_v=1.79933 dcgain_db=131.49 f0_hz=2014.96 phase_at_f0_deg=-157.338 f180_hz=4.82531E+06 gain_at_f180_db=-53.3073 f0_rising_hz= resurgence_db=-0.857659
Doing analysis at TEMP = -40.000000 and TNOM = 27.000000

Using SPARSE 1.3 as Direct Linear Solver
 Reference value :  0.00000e+00
No. of Data Rows : 1
Doing analysis at TEMP = -40.000000 and TNOM = 27.000000

Using SPARSE 1.3 as Direct Linear Solver

No. of Data Rows : 4401
Doing analysis at TEMP = -40.000000 and TNOM = 27.000000

Using SPARSE 1.3 as Direct Linear Solver
 Reference value :  1.00000e-02
No. of Data Rows : 4401
dcg                 =  1.31367e+02
f0                  =  9.00747e+02
phx                 =  -1.69410e+02
f180                =  4.88051e+06
gmx                 =  -5.33581e+01
 meas ac f0r when tdb=0 rise=1 failed!

tres                =  -8.99859e-01 at=  9.49511e+02
ROW iload_a=0 ceff_f=4.7e-06 esr_ohm=0.001 vout_v=1.79933 dcgain_db=131.367 f0_hz=900.747 phase_at_f0_deg=-169.41 f180_hz=4.88051E+06 gain_at_f180_db=-53.3581 f0_rising_hz= resurgence_db=-0.899859
Doing analysis at TEMP = -40.000000 and TNOM = 27.000000

Using SPARSE 1.3 as Direct Linear Solver

No. of Data Rows : 1
Doing analysis at TEMP = -40.000000 and TNOM = 27.000000

Using SPARSE 1.3 as Direct Linear Solver
 Reference value :  1.00000e-02
No. of Data Rows : 4401
Doing analysis at TEMP = -40.000000 and TNOM = 27.000000

Using SPARSE 1.3 as Direct Linear Solver
 Reference value :  3.56862e+02
No. of Data Rows : 4401
dcg                 =  1.31367e+02
f0                  =  9.00747e+02
phx                 =  -1.69335e+02
f180                =  4.87526e+06
gmx                 =  -5.33527e+01
 meas ac f0r when tdb=0 rise=1 failed!

tres                =  -8.99854e-01 at=  9.49511e+02
ROW iload_a=0 ceff_f=4.7e-06 esr_ohm=0.05 vout_v=1.79933 dcgain_db=131.367 f0_hz=900.747 phase_at_f0_deg=-169.335 f180_hz=4.87526E+06 gain_at_f180_db=-53.3527 f0_rising_hz= resurgence_db=-0.899854
Doing analysis at TEMP = -40.000000 and TNOM = 27.000000

Using SPARSE 1.3 as Direct Linear Solver

No. of Data Rows : 1
Doing analysis at TEMP = -40.000000 and TNOM = 27.000000

Using SPARSE 1.3 as Direct Linear Solver
 Reference value :  4.07380e-01
No. of Data Rows : 4401
Doing analysis at TEMP = -40.000000 and TNOM = 27.000000

Using SPARSE 1.3 as Direct Linear Solver
 Reference value :  1.60325e+05
No. of Data Rows : 4401
dcg                 =  1.31367e+02
f0                  =  9.00753e+02
phx                 =  -1.69107e+02
f180                =  4.85917e+06
gmx                 =  -5.33360e+01
 meas ac f0r when tdb=0 rise=1 failed!

tres                =  -8.99728e-01 at=  9.49511e+02
ROW iload_a=0 ceff_f=4.7e-06 esr_ohm=0.2 vout_v=1.79933 dcgain_db=131.367 f0_hz=900.753 phase_at_f0_deg=-169.107 f180_hz=4.85917E+06 gain_at_f180_db=-53.336 f0_rising_hz= resurgence_db=-0.899728
Doing analysis at TEMP = -40.000000 and TNOM = 27.000000

Using SPARSE 1.3 as Direct Linear Solver

No. of Data Rows : 1
Doing analysis at TEMP = -40.000000 and TNOM = 27.000000

Using SPARSE 1.3 as Direct Linear Solver
 Reference value :  2.23872e+02
No. of Data Rows : 4401
Doing analysis at TEMP = -40.000000 and TNOM = 27.000000

Using SPARSE 1.3 as Direct Linear Solver
 Reference value :  1.05925e+07
No. of Data Rows : 4401
dcg                 =  1.31367e+02
f0                  =  9.00787e+02
phx                 =  -1.68649e+02
f180                =  4.82672e+06
gmx                 =  -5.33015e+01
 meas ac f0r when tdb=0 rise=1 failed!

tres                =  -8.99015e-01 at=  9.49511e+02
ROW iload_a=0 ceff_f=4.7e-06 esr_ohm=0.5 vout_v=1.79933 dcgain_db=131.367 f0_hz=900.787 phase_at_f0_deg=-168.649 f180_hz=4.82672E+06 gain_at_f180_db=-53.3015 f0_rising_hz= resurgence_db=-0.899015
Doing analysis at TEMP = -40.000000 and TNOM = 27.000000

Using SPARSE 1.3 as Direct Linear Solver
 Reference value :  0.00000e+00
No. of Data Rows : 1
Doing analysis at TEMP = -40.000000 and TNOM = 27.000000

Using SPARSE 1.3 as Direct Linear Solver
 Reference value :  1.00000e-02
No. of Data Rows : 4401
Doing analysis at TEMP = -40.000000 and TNOM = 27.000000

Using SPARSE 1.3 as Direct Linear Solver
 Reference value :  1.00000e-02
No. of Data Rows : 4401
dcg                 =  1.41290e+02
f0                  =  1.34196e+05
phx                 =  -1.35150e+02
f180                =  4.87580e+05
gmx                 =  -1.93183e+01
 meas ac f0r when tdb=0 rise=1 failed!

tres                =  -6.36623e-01 at=  1.41254e+05
ROW iload_a=0.0001 ceff_f=3.3e-07 esr_ohm=0.001 vout_v=1.79933 dcgain_db=141.29 f0_hz=134196 phase_at_f0_deg=-135.15 f180_hz=487580 gain_at_f180_db=-19.3183 f0_rising_hz= resurgence_db=-0.636623
Doing analysis at TEMP = -40.000000 and TNOM = 27.000000

Using SPARSE 1.3 as Direct Linear Solver
 Reference value :  0.00000e+00
No. of Data Rows : 1
Doing analysis at TEMP = -40.000000 and TNOM = 27.000000

Using SPARSE 1.3 as Direct Linear Solver
 Reference value :  1.00000e-02
No. of Data Rows : 4401
Doing analysis at TEMP = -40.000000 and TNOM = 27.000000

Using SPARSE 1.3 as Direct Linear Solver
 Reference value :  1.00000e-02
No. of Data Rows : 4401
dcg                 =  -1.12429e+02
 meas ac f0 when tdb=0 fall=1 failed!

 meas ac phx find tph when tdb=0 fall=1 failed!

f180                =  6.48233e+00
gmx                 =  -1.15224e+02
 meas ac f0r when tdb=0 rise=1 failed!

 meas ac tres max tdb from=vexprint3 to=1e9 failed!

ROW iload_a=0.0001 ceff_f=3.3e-07 esr_ohm=0.05 vout_v=1.90239 dcgain_db=-112.429 f0_hz= phase_at_f0_deg= f180_hz=6.48233 gain_at_f180_db=-115.224 f0_rising_hz= resurgence_db=
Doing analysis at TEMP = -40.000000 and TNOM = 27.000000

Using SPARSE 1.3 as Direct Linear Solver
 Reference value :  0.00000e+00
No. of Data Rows : 1
Doing analysis at TEMP = -40.000000 and TNOM = 27.000000

Using SPARSE 1.3 as Direct Linear Solver
 Reference value :  1.00000e-02
No. of Data Rows : 4401
Doing analysis at TEMP = -40.000000 and TNOM = 27.000000

Using SPARSE 1.3 as Direct Linear Solver
 Reference value :  1.00000e-02
No. of Data Rows : 4401
dcg                 =  -1.07260e+02
 meas ac f0 when tdb=0 fall=1 failed!

 meas ac phx find tph when tdb=0 fall=1 failed!

f180                =  7.62535e+00
gmx                 =  -1.10331e+02
 meas ac f0r when tdb=0 rise=1 failed!

 meas ac tres max tdb from=vexprint3 to=1e9 failed!

ROW iload_a=0.0001 ceff_f=3.3e-07 esr_ohm=0.2 vout_v=1.89252 dcgain_db=-107.26 f0_hz= phase_at_f0_deg= f180_hz=7.62535 gain_at_f180_db=-110.331 f0_rising_hz= resurgence_db=
Doing analysis at TEMP = -40.000000 and TNOM = 27.000000

Using SPARSE 1.3 as Direct Linear Solver
 Reference value :  0.00000e+00
No. of Data Rows : 1
Doing analysis at TEMP = -40.000000 and TNOM = 27.000000

Using SPARSE 1.3 as Direct Linear Solver
 Reference value :  1.00000e-02
No. of Data Rows : 4401
Doing analysis at TEMP = -40.000000 and TNOM = 27.000000

Using SPARSE 1.3 as Direct Linear Solver
 Reference value :  1.00000e-02
No. of Data Rows : 4401
dcg                 =  -1.10114e+02
 meas ac f0 when tdb=0 fall=1 failed!

 meas ac phx find tph when tdb=0 fall=1 failed!

f180                =  1.05197e+01
gmx                 =  -1.13035e+02
 meas ac f0r when tdb=0 rise=1 failed!

 meas ac tres max tdb from=vexprint3 to=1e9 failed!

ROW iload_a=0.0001 ceff_f=3.3e-07 esr_ohm=0.5 vout_v=1.87093 dcgain_db=-110.114 f0_hz= phase_at_f0_deg= f180_hz=10.5197 gain_at_f180_db=-113.035 f0_rising_hz= resurgence_db=
Doing analysis at TEMP = -40.000000 and TNOM = 27.000000

Using SPARSE 1.3 as Direct Linear Solver
 Reference value :  0.00000e+00
No. of Data Rows : 1
Doing analysis at TEMP = -40.000000 and TNOM = 27.000000

Using SPARSE 1.3 as Direct Linear Solver
 Reference value :  1.00000e-02
No. of Data Rows : 4401
Doing analysis at TEMP = -40.000000 and TNOM = 27.000000

Using SPARSE 1.3 as Direct Linear Solver
 Reference value :  1.00000e-02
No. of Data Rows : 4401
dcg                 =  1.41290e+02
f0                  =  5.17010e+04
phx                 =  -1.09437e+02
f180                =  4.95257e+05
gmx                 =  -2.92054e+01
 meas ac f0r when tdb=0 rise=1 failed!

tres                =  -4.18392e-01 at=  5.43250e+04
ROW iload_a=0.0001 ceff_f=1e-06 esr_ohm=0.001 vout_v=1.79933 dcgain_db=141.29 f0_hz=51701 phase_at_f0_deg=-109.437 f180_hz=495257 gain_at_f180_db=-29.2054 f0_rising_hz= resurgence_db=-0.418392
Doing analysis at TEMP = -40.000000 and TNOM = 27.000000

Using SPARSE 1.3 as Direct Linear Solver
 Reference value :  0.00000e+00
No. of Data Rows : 1
Doing analysis at TEMP = -40.000000 and TNOM = 27.000000

Using SPARSE 1.3 as Direct Linear Solver
 Reference value :  1.00000e-02
No. of Data Rows : 4401
Doing analysis at TEMP = -40.000000 and TNOM = 27.000000

Using SPARSE 1.3 as Direct Linear Solver
 Reference value :  1.00000e-02
No. of Data Rows : 4401
dcg                 =  -2.50865e+01
 meas ac f0 when tdb=0 fall=1 failed!

 meas ac phx find tph when tdb=0 fall=1 failed!

 meas ac f180 when tph=-1.800000e+02 fall=1 failed!

 meas ac gmx find tdb when tph=-1.800000e+02 fall=1 failed!

 meas ac f0r when tdb=0 rise=1 failed!

 meas ac tres max tdb from=vexprint3 to=1e9 failed!

ROW iload_a=0.0001 ceff_f=1e-06 esr_ohm=0.05 vout_v=0.904895 dcgain_db=-25.0865 f0_hz= phase_at_f0_deg= f180_hz= gain_at_f180_db= f0_rising_hz= resurgence_db=
Doing analysis at TEMP = -40.000000 and TNOM = 27.000000

Using SPARSE 1.3 as Direct Linear Solver
 Reference value :  0.00000e+00
No. of Data Rows : 1
Doing analysis at TEMP = -40.000000 and TNOM = 27.000000

Using SPARSE 1.3 as Direct Linear Solver
 Reference value :  1.00000e-02
No. of Data Rows : 4401
Doing analysis at TEMP = -40.000000 and TNOM = 27.000000

Using SPARSE 1.3 as Direct Linear Solver
 Reference value :  1.00000e-02
No. of Data Rows : 4401
dcg                 =  4.14954e+01
f0                  =  7.89099e+02
phx                 =  -9.05267e+01
f180                =  1.11310e+07
gmx                 =  -5.84970e+01
 meas ac f0r when tdb=0 rise=1 failed!

tres                =  -4.58571e-01 at=  8.31764e+02
ROW iload_a=0.0001 ceff_f=1e-06 esr_ohm=0.2 vout_v=0.909394 dcgain_db=41.4954 f0_hz=789.099 phase_at_f0_deg=-90.5267 f180_hz=1.1131E+07 gain_at_f180_db=-58.497 f0_rising_hz= resurgence_db=-0.458571
Doing analysis at TEMP = -40.000000 and TNOM = 27.000000

Using SPARSE 1.3 as Direct Linear Solver
 Reference value :  0.00000e+00
No. of Data Rows : 1
Doing analysis at TEMP = -40.000000 and TNOM = 27.000000

Using SPARSE 1.3 as Direct Linear Solver
 Reference value :  1.00000e-02
No. of Data Rows : 4401
Doing analysis at TEMP = -40.000000 and TNOM = 27.000000

Using SPARSE 1.3 as Direct Linear Solver
 Reference value :  1.00000e-02
No. of Data Rows : 4401
dcg                 =  2.06754e+01
f0                  =  8.94967e+05
phx                 =  -7.83400e+01
 meas ac f180 when tph=-1.800000e+02 fall=1 failed!

 meas ac gmx find tdb when tph=-1.800000e+02 fall=1 failed!

 meas ac f0r when tdb=0 rise=1 failed!

tres                =  -4.35813e-01 at=  9.44061e+05
ROW iload_a=0.0001 ceff_f=1e-06 esr_ohm=0.5 vout_v=0.923529 dcgain_db=20.6753 f0_hz=894967 phase_at_f0_deg=-78.34 f180_hz= gain_at_f180_db= f0_rising_hz= resurgence_db=-0.435813
Doing analysis at TEMP = -40.000000 and TNOM = 27.000000

Using SPARSE 1.3 as Direct Linear Solver
 Reference value :  0.00000e+00
No. of Data Rows : 1
Doing analysis at TEMP = -40.000000 and TNOM = 27.000000

Using SPARSE 1.3 as Direct Linear Solver
 Reference value :  1.00000e-02
No. of Data Rows : 4401
Doing analysis at TEMP = -40.000000 and TNOM = 27.000000

Using SPARSE 1.3 as Direct Linear Solver
 Reference value :  1.00000e-02
No. of Data Rows : 4401
dcg                 =  1.41290e+02
f0                  =  1.12158e+04
phx                 =  -1.21125e+02
f180                =  5.60407e+05
gmx                 =  -4.46922e+01
 meas ac f0r when tdb=0 rise=1 failed!

tres                =  -5.53182e-01 at=  1.18168e+04
ROW iload_a=0.0001 ceff_f=4.7e-06 esr_ohm=0.001 vout_v=1.79933 dcgain_db=141.29 f0_hz=11215.8 phase_at_f0_deg=-121.125 f180_hz=560407 gain_at_f180_db=-44.6922 f0_rising_hz= resurgence_db=-0.553182
Doing analysis at TEMP = -40.000000 and TNOM = 27.000000

Using SPARSE 1.3 as Direct Linear Solver
 Reference value :  0.00000e+00
No. of Data Rows : 1
Doing analysis at TEMP = -40.000000 and TNOM = 27.000000

Using SPARSE 1.3 as Direct Linear Solver
 Reference value :  1.00000e-02
No. of Data Rows : 4401
Doing analysis at TEMP = -40.000000 and TNOM = 27.000000

Using SPARSE 1.3 as Direct Linear Solver
 Reference value :  1.00000e-02
No. of Data Rows : 4401
dcg                 =  -6.72685e+01
 meas ac f0 when tdb=0 fall=1 failed!

 meas ac phx find tph when tdb=0 fall=1 failed!

f180                =  5.32621e+06
gmx                 =  -4.43446e+01
 meas ac f0r when tdb=0 rise=1 failed!

 meas ac tres max tdb from=vexprint3 to=1e9 failed!

ROW iload_a=0.0001 ceff_f=4.7e-06 esr_ohm=0.05 vout_v=0.38723 dcgain_db=-67.2685 f0_hz= phase_at_f0_deg= f180_hz=5.32621E+06 gain_at_f180_db=-44.3446 f0_rising_hz= resurgence_db=
Doing analysis at TEMP = -40.000000 and TNOM = 27.000000

Using SPARSE 1.3 as Direct Linear Solver
 Reference value :  0.00000e+00
No. of Data Rows : 1
Doing analysis at TEMP = -40.000000 and TNOM = 27.000000

Using SPARSE 1.3 as Direct Linear Solver
 Reference value :  1.00000e-02
No. of Data Rows : 4401
Doing analysis at TEMP = -40.000000 and TNOM = 27.000000

Using SPARSE 1.3 as Direct Linear Solver
 Reference value :  1.00000e-02
No. of Data Rows : 4401
dcg                 =  -2.10057e+01
f0                  =  3.91345e+06
phx                 =  -1.04070e+02
f180                =  1.76724e+08
gmx                 =  -5.50057e+01
f0r                 =  1.43540e+01
tres                =  -4.67433e-01 at=  4.12098e+06
ROW iload_a=0.0001 ceff_f=4.7e-06 esr_ohm=0.2 vout_v=0.399323 dcgain_db=-21.0057 f0_hz=3.91346E+06 phase_at_f0_deg=-104.07 f180_hz=1.76724E+08 gain_at_f180_db=-55.0057 f0_rising_hz=14.354 resurgence_db=-0.467433
Doing analysis at TEMP = -40.000000 and TNOM = 27.000000

Using SPARSE 1.3 as Direct Linear Solver
 Reference value :  0.00000e+00
No. of Data Rows : 1
Doing analysis at TEMP = -40.000000 and TNOM = 27.000000

Using SPARSE 1.3 as Direct Linear Solver
 Reference value :  1.00000e-02
No. of Data Rows : 4401
Doing analysis at TEMP = -40.000000 and TNOM = 27.000000

Using SPARSE 1.3 as Direct Linear Solver
 Reference value :  1.00000e-02
No. of Data Rows : 4401
dcg                 =  -7.35549e+00
f0                  =  5.84203e+06
phx                 =  -1.18083e+02
 meas ac f180 when tph=-1.800000e+02 fall=1 failed!

 meas ac gmx find tdb when tph=-1.800000e+02 fall=1 failed!

f0r                 =  1.04452e+01
tres                =  -6.06593e-01 at=  6.16595e+06
ROW iload_a=0.0001 ceff_f=4.7e-06 esr_ohm=0.5 vout_v=0.438019 dcgain_db=-7.35549 f0_hz=5.84203E+06 phase_at_f0_deg=-118.083 f180_hz= gain_at_f180_db= f0_rising_hz=10.4452 resurgence_db=-0.606593
Doing analysis at TEMP = -40.000000 and TNOM = 27.000000

Using SPARSE 1.3 as Direct Linear Solver
 Reference value :  0.00000e+00
No. of Data Rows : 1
Doing analysis at TEMP = -40.000000 and TNOM = 27.000000

Using SPARSE 1.3 as Direct Linear Solver
 Reference value :  5.06991e+08
No. of Data Rows : 4401
Doing analysis at TEMP = -40.000000 and TNOM = 27.000000

Using SPARSE 1.3 as Direct Linear Solver
 Reference value :  5.18800e+07
No. of Data Rows : 4401
dcg                 =  1.41847e+02
f0                  =  3.60258e+05
phx                 =  -1.41355e+02
f180                =  7.75216e+05
gmx                 =  -1.04094e+01
 meas ac f0r when tdb=0 rise=1 failed!

tres                =  -6.33991e-01 at=  3.80189e+05
ROW iload_a=0.001 ceff_f=3.3e-07 esr_ohm=0.001 vout_v=1.79933 dcgain_db=141.846 f0_hz=360258 phase_at_f0_deg=-141.355 f180_hz=775216 gain_at_f180_db=-10.4094 f0_rising_hz= resurgence_db=-0.633991
Doing analysis at TEMP = -40.000000 and TNOM = 27.000000

Using SPARSE 1.3 as Direct Linear Solver

No. of Data Rows : 1
Doing analysis at TEMP = -40.000000 and TNOM = 27.000000

Using SPARSE 1.3 as Direct Linear Solver
 Reference value :  1.00000e-02
No. of Data Rows : 4401
Doing analysis at TEMP = -40.000000 and TNOM = 27.000000

Using SPARSE 1.3 as Direct Linear Solver
 Reference value :  1.00000e-02
No. of Data Rows : 4401
dcg                 =  1.41847e+02
f0                  =  3.60444e+05
phx                 =  -1.39280e+02
f180                =  8.41871e+05
gmx                 =  -1.16887e+01
 meas ac f0r when tdb=0 rise=1 failed!

tres                =  -6.27295e-01 at=  3.80189e+05
ROW iload_a=0.001 ceff_f=3.3e-07 esr_ohm=0.05 vout_v=1.79933 dcgain_db=141.846 f0_hz=360444 phase_at_f0_deg=-139.28 f180_hz=841871 gain_at_f180_db=-11.6887 f0_rising_hz= resurgence_db=-0.627295
Doing analysis at TEMP = -40.000000 and TNOM = 27.000000

Using SPARSE 1.3 as Direct Linear Solver
 Reference value :  0.00000e+00
No. of Data Rows : 1
Doing analysis at TEMP = -40.000000 and TNOM = 27.000000

Using SPARSE 1.3 as Direct Linear Solver
 Reference value :  3.33043e+08
No. of Data Rows : 4401
Doing analysis at TEMP = -40.000000 and TNOM = 27.000000

Using SPARSE 1.3 as Direct Linear Solver
 Reference value :  7.45590e+07
No. of Data Rows : 4401
dcg                 =  1.41847e+02
f0                  =  3.63270e+05
phx                 =  -1.33180e+02
f180                =  1.17002e+06
gmx                 =  -1.64323e+01
 meas ac f0r when tdb=0 rise=1 failed!

tres                =  -5.94875e-01 at=  3.82384e+05
ROW iload_a=0.001 ceff_f=3.3e-07 esr_ohm=0.2 vout_v=1.79933 dcgain_db=141.846 f0_hz=363270 phase_at_f0_deg=-133.18 f180_hz=1.17002E+06 gain_at_f180_db=-16.4323 f0_rising_hz= resurgence_db=-0.594876
Doing analysis at TEMP = -40.000000 and TNOM = 27.000000

Using SPARSE 1.3 as Direct Linear Solver

No. of Data Rows : 1
Doing analysis at TEMP = -40.000000 and TNOM = 27.000000

Using SPARSE 1.3 as Direct Linear Solver
 Reference value :  1.00000e-02
No. of Data Rows : 4401
Doing analysis at TEMP = -40.000000 and TNOM = 27.000000

Using SPARSE 1.3 as Direct Linear Solver
 Reference value :  1.00000e-02
No. of Data Rows : 4401
dcg                 =  1.41847e+02
f0                  =  3.79925e+05
phx                 =  -1.22148e+02
f180                =  1.96086e+06
gmx                 =  -2.04990e+01
 meas ac f0r when tdb=0 rise=1 failed!

tres                =  -5.66422e-01 at=  4.00405e+05
ROW iload_a=0.001 ceff_f=3.3e-07 esr_ohm=0.5 vout_v=1.79933 dcgain_db=141.846 f0_hz=379925 phase_at_f0_deg=-122.148 f180_hz=1.96086E+06 gain_at_f180_db=-20.499 f0_rising_hz= resurgence_db=-0.566422
Doing analysis at TEMP = -40.000000 and TNOM = 27.000000

Using SPARSE 1.3 as Direct Linear Solver
 Reference value :  0.00000e+00
No. of Data Rows : 1
Doing analysis at TEMP = -40.000000 and TNOM = 27.000000

Using SPARSE 1.3 as Direct Linear Solver
 Reference value :  1.96110e+08
No. of Data Rows : 4401
Doing analysis at TEMP = -40.000000 and TNOM = 27.000000

Using SPARSE 1.3 as Direct Linear Solver
 Reference value :  4.67735e+07
No. of Data Rows : 4401
dcg                 =  1.41847e+02
f0                  =  1.38850e+05
phx                 =  -1.13948e+02
f180                =  7.80531e+05
gmx                 =  -2.01414e+01
 meas ac f0r when tdb=0 rise=1 failed!

tres                =  -4.67508e-01 at=  1.46218e+05
ROW iload_a=0.001 ceff_f=1e-06 esr_ohm=0.001 vout_v=1.79933 dcgain_db=141.846 f0_hz=138850 phase_at_f0_deg=-113.948 f180_hz=780531 gain_at_f180_db=-20.1414 f0_rising_hz= resurgence_db=-0.467508
Doing analysis at TEMP = -40.000000 and TNOM = 27.000000

Using SPARSE 1.3 as Direct Linear Solver

No. of Data Rows : 1
Doing analysis at TEMP = -40.000000 and TNOM = 27.000000

Using SPARSE 1.3 as Direct Linear Solver
 Reference value :  1.00000e-02
No. of Data Rows : 4401
Doing analysis at TEMP = -40.000000 and TNOM = 27.000000

Using SPARSE 1.3 as Direct Linear Solver
 Reference value :  1.00000e-02
No. of Data Rows : 4401
dcg                 =  1.41847e+02
f0                  =  1.38976e+05
phx                 =  -1.11514e+02
f180                =  1.04942e+06
gmx                 =  -2.45776e+01
 meas ac f0r when tdb=0 rise=1 failed!

tres                =  -4.58483e-01 at=  1.46218e+05
ROW iload_a=0.001 ceff_f=1e-06 esr_ohm=0.05 vout_v=1.79933 dcgain_db=141.846 f0_hz=138976 phase_at_f0_deg=-111.513 f180_hz=1.04942E+06 gain_at_f180_db=-24.5776 f0_rising_hz= resurgence_db=-0.458483
Doing analysis at TEMP = -40.000000 and TNOM = 27.000000

Using SPARSE 1.3 as Direct Linear Solver
 Reference value :  0.00000e+00
No. of Data Rows : 1
Doing analysis at TEMP = -40.000000 and TNOM = 27.000000

Using SPARSE 1.3 as Direct Linear Solver
 Reference value :  1.73780e+08
No. of Data Rows : 4401
Doing analysis at TEMP = -40.000000 and TNOM = 27.000000

Using SPARSE 1.3 as Direct Linear Solver
 Reference value :  4.44120e+07
No. of Data Rows : 4401
dcg                 =  1.41847e+02
f0                  =  1.40923e+05
phx                 =  -1.04203e+02
f180                =  2.13128e+06
gmx                 =  -2.97736e+01
 meas ac f0r when tdb=0 rise=1 failed!

tres                =  -4.75959e-01 at=  1.48765e+05
ROW iload_a=0.001 ceff_f=1e-06 esr_ohm=0.2 vout_v=1.79933 dcgain_db=141.846 f0_hz=140923 phase_at_f0_deg=-104.203 f180_hz=2.13128E+06 gain_at_f180_db=-29.7736 f0_rising_hz= resurgence_db=-0.475959
Doing analysis at TEMP = -40.000000 and TNOM = 27.000000

Using SPARSE 1.3 as Direct Linear Solver

No. of Data Rows : 1
Doing analysis at TEMP = -40.000000 and TNOM = 27.000000

Using SPARSE 1.3 as Direct Linear Solver
 Reference value :  1.00000e-02
No. of Data Rows : 4401
Doing analysis at TEMP = -40.000000 and TNOM = 27.000000

Using SPARSE 1.3 as Direct Linear Solver
 Reference value :  1.00000e-02
No. of Data Rows : 4401
dcg                 =  1.41847e+02
f0                  =  1.53413e+05
phx                 =  -9.00315e+01
f180                =  2.46904e+06
gmx                 =  -2.45842e+01
 meas ac f0r when tdb=0 rise=1 failed!

tres                =  -3.73841e-01 at=  1.61250e+05
ROW iload_a=0.001 ceff_f=1e-06 esr_ohm=0.5 vout_v=1.79933 dcgain_db=141.846 f0_hz=153413 phase_at_f0_deg=-90.0315 f180_hz=2.46904E+06 gain_at_f180_db=-24.5842 f0_rising_hz= resurgence_db=-0.373841
Doing analysis at TEMP = -40.000000 and TNOM = 27.000000

Using SPARSE 1.3 as Direct Linear Solver
 Reference value :  0.00000e+00
No. of Data Rows : 1
Doing analysis at TEMP = -40.000000 and TNOM = 27.000000

Using SPARSE 1.3 as Direct Linear Solver
 Reference value :  3.52777e+08
No. of Data Rows : 4401
Doing analysis at TEMP = -40.000000 and TNOM = 27.000000

Using SPARSE 1.3 as Direct Linear Solver
 Reference value :  5.88844e+07
No. of Data Rows : 4401
dcg                 =  1.41847e+02
f0                  =  3.01485e+04
phx                 =  -1.20353e+02
f180                =  8.14030e+05
gmx                 =  -3.42214e+01
 meas ac f0r when tdb=0 rise=1 failed!

tres                =  -5.42210e-01 at=  3.18053e+04
ROW iload_a=0.001 ceff_f=4.7e-06 esr_ohm=0.001 vout_v=1.79933 dcgain_db=141.846 f0_hz=30148.5 phase_at_f0_deg=-120.353 f180_hz=814030 gain_at_f180_db=-34.2214 f0_rising_hz= resurgence_db=-0.54221
Doing analysis at TEMP = -40.000000 and TNOM = 27.000000

Using SPARSE 1.3 as Direct Linear Solver

No. of Data Rows : 1
Doing analysis at TEMP = -40.000000 and TNOM = 27.000000

Using SPARSE 1.3 as Direct Linear Solver
 Reference value :  1.00000e-02
No. of Data Rows : 4401
Doing analysis at TEMP = -40.000000 and TNOM = 27.000000

Using SPARSE 1.3 as Direct Linear Solver
 Reference value :  1.00000e-02
No. of Data Rows : 4401
dcg                 =  1.41847e+02
f0                  =  3.01733e+04
phx                 =  -1.17832e+02
f180                =  2.41893e+06
gmx                 =  -4.26734e+01
 meas ac f0r when tdb=0 rise=1 failed!

tres                =  -5.32793e-01 at=  3.18053e+04
ROW iload_a=0.001 ceff_f=4.7e-06 esr_ohm=0.05 vout_v=1.79933 dcgain_db=141.846 f0_hz=30173.3 phase_at_f0_deg=-117.832 f180_hz=2.41893E+06 gain_at_f180_db=-42.6734 f0_rising_hz= resurgence_db=-0.532793
Doing analysis at TEMP = -40.000000 and TNOM = 27.000000

Using SPARSE 1.3 as Direct Linear Solver
 Reference value :  0.00000e+00
No. of Data Rows : 1
Doing analysis at TEMP = -40.000000 and TNOM = 27.000000

Using SPARSE 1.3 as Direct Linear Solver
 Reference value :  1.96110e+08
No. of Data Rows : 4401
Doing analysis at TEMP = -40.000000 and TNOM = 27.000000

Using SPARSE 1.3 as Direct Linear Solver
 Reference value :  3.73680e+07
No. of Data Rows : 4401
dcg                 =  1.41847e+02
f0                  =  3.05598e+04
phx                 =  -1.09827e+02
f180                =  2.61383e+06
gmx                 =  -3.31424e+01
 meas ac f0r when tdb=0 rise=1 failed!

tres                =  -5.03731e-01 at=  3.21736e+04
ROW iload_a=0.001 ceff_f=4.7e-06 esr_ohm=0.2 vout_v=1.79933 dcgain_db=141.846 f0_hz=30559.8 phase_at_f0_deg=-109.827 f180_hz=2.61383E+06 gain_at_f180_db=-33.1424 f0_rising_hz= resurgence_db=-0.503731
Doing analysis at TEMP = -40.000000 and TNOM = 27.000000

Using SPARSE 1.3 as Direct Linear Solver

No. of Data Rows : 1
Doing analysis at TEMP = -40.000000 and TNOM = 27.000000

Using SPARSE 1.3 as Direct Linear Solver
 Reference value :  1.00000e-02
No. of Data Rows : 4401
Doing analysis at TEMP = -40.000000 and TNOM = 27.000000

Using SPARSE 1.3 as Direct Linear Solver
 Reference value :  1.00000e-02
No. of Data Rows : 4401
dcg                 =  1.41847e+02
f0                  =  3.30619e+04
phx                 =  -9.21156e+01
f180                =  2.64601e+06
gmx                 =  -2.57081e+01
 meas ac f0r when tdb=0 rise=1 failed!

tres                =  -4.26205e-01 at=  3.48739e+04
ROW iload_a=0.001 ceff_f=4.7e-06 esr_ohm=0.5 vout_v=1.79933 dcgain_db=141.846 f0_hz=33061.9 phase_at_f0_deg=-92.1156 f180_hz=2.646E+06 gain_at_f180_db=-25.7081 f0_rising_hz= resurgence_db=-0.426206
Doing analysis at TEMP = -40.000000 and TNOM = 27.000000

Using SPARSE 1.3 as Direct Linear Solver
 Reference value :  0.00000e+00
No. of Data Rows : 1
Doing analysis at TEMP = -40.000000 and TNOM = 27.000000

Using SPARSE 1.3 as Direct Linear Solver
 Reference value :  2.07730e+06
No. of Data Rows : 4401
Doing analysis at TEMP = -40.000000 and TNOM = 27.000000

Using SPARSE 1.3 as Direct Linear Solver
 Reference value :  2.61517e+03
No. of Data Rows : 4401
dcg                 =  1.41000e+02
f0                  =  6.23169e+05
phx                 =  -1.60711e+02
f180                =  8.71374e+05
gmx                 =  -4.73431e+00
 meas ac f0r when tdb=0 rise=1 failed!

tres                =  -6.98740e-01 at=  6.56901e+05
ROW iload_a=0.01 ceff_f=3.3e-07 esr_ohm=0.001 vout_v=1.79933 dcgain_db=141 f0_hz=623169 phase_at_f0_deg=-160.711 f180_hz=871374 gain_at_f180_db=-4.73431 f0_rising_hz= resurgence_db=-0.69874
Doing analysis at TEMP = -40.000000 and TNOM = 27.000000

Using SPARSE 1.3 as Direct Linear Solver

No. of Data Rows : 1
Doing analysis at TEMP = -40.000000 and TNOM = 27.000000

Using SPARSE 1.3 as Direct Linear Solver
 Reference value :  1.00000e-02
No. of Data Rows : 4401
Doing analysis at TEMP = -40.000000 and TNOM = 27.000000

Using SPARSE 1.3 as Direct Linear Solver
 Reference value :  1.00000e-02
No. of Data Rows : 4401
dcg                 =  1.41000e+02
f0                  =  6.24015e+05
phx                 =  -1.57158e+02
f180                =  9.50201e+05
gmx                 =  -6.03468e+00
 meas ac f0r when tdb=0 rise=1 failed!

tres                =  -6.78959e-01 at=  6.56901e+05
ROW iload_a=0.01 ceff_f=3.3e-07 esr_ohm=0.05 vout_v=1.79933 dcgain_db=141 f0_hz=624014 phase_at_f0_deg=-157.159 f180_hz=950201 gain_at_f180_db=-6.03468 f0_rising_hz= resurgence_db=-0.678959
Doing analysis at TEMP = -40.000000 and TNOM = 27.000000

Using SPARSE 1.3 as Direct Linear Solver
 Reference value :  0.00000e+00
No. of Data Rows : 1
Doing analysis at TEMP = -40.000000 and TNOM = 27.000000

Using SPARSE 1.3 as Direct Linear Solver
 Reference value :  1.33352e+06
No. of Data Rows : 4401
Doing analysis at TEMP = -40.000000 and TNOM = 27.000000

Using SPARSE 1.3 as Direct Linear Solver
 Reference value :  5.18800e+03
No. of Data Rows : 4401
dcg                 =  1.41000e+02
f0                  =  6.37126e+05
phx                 =  -1.47172e+02
f180                =  1.32921e+06
gmx                 =  -1.06370e+01
 meas ac f0r when tdb=0 rise=1 failed!

tres                =  -6.85302e-01 at=  6.72202e+05
ROW iload_a=0.01 ceff_f=3.3e-07 esr_ohm=0.2 vout_v=1.79933 dcgain_db=141 f0_hz=637126 phase_at_f0_deg=-147.172 f180_hz=1.32921E+06 gain_at_f180_db=-10.637 f0_rising_hz= resurgence_db=-0.685302
Doing analysis at TEMP = -40.000000 and TNOM = 27.000000

Using SPARSE 1.3 as Direct Linear Solver

No. of Data Rows : 1
Doing analysis at TEMP = -40.000000 and TNOM = 27.000000

Using SPARSE 1.3 as Direct Linear Solver
 Reference value :  1.00000e-02
No. of Data Rows : 4401
Doing analysis at TEMP = -40.000000 and TNOM = 27.000000

Using SPARSE 1.3 as Direct Linear Solver
 Reference value :  1.00000e-02
No. of Data Rows : 4401
dcg                 =  1.41000e+02
f0                  =  7.17762e+05
phx                 =  -1.31918e+02
f180                =  2.12065e+06
gmx                 =  -1.35782e+01
 meas ac f0r when tdb=0 rise=1 failed!

tres                =  -5.39972e-01 at=  7.54223e+05
ROW iload_a=0.01 ceff_f=3.3e-07 esr_ohm=0.5 vout_v=1.79933 dcgain_db=141 f0_hz=717762 phase_at_f0_deg=-131.918 f180_hz=2.12065E+06 gain_at_f180_db=-13.5782 f0_rising_hz= resurgence_db=-0.539972
Doing analysis at TEMP = -40.000000 and TNOM = 27.000000

Using SPARSE 1.3 as Direct Linear Solver
 Reference value :  0.00000e+00
No. of Data Rows : 1
Doing analysis at TEMP = -40.000000 and TNOM = 27.000000

Using SPARSE 1.3 as Direct Linear Solver
 Reference value :  6.87860e+06
No. of Data Rows : 4401
Doing analysis at TEMP = -40.000000 and TNOM = 27.000000

Using SPARSE 1.3 as Direct Linear Solver
 Reference value :  1.25170e+04
No. of Data Rows : 4401
dcg                 =  1.41000e+02
f0                  =  2.64537e+05
phx                 =  -1.28149e+02
f180                =  8.75214e+05
gmx                 =  -1.44220e+01
 meas ac f0r when tdb=0 rise=1 failed!

tres                =  -5.16895e-01 at=  2.78612e+05
ROW iload_a=0.01 ceff_f=1e-06 esr_ohm=0.001 vout_v=1.79933 dcgain_db=141 f0_hz=264537 phase_at_f0_deg=-128.149 f180_hz=875214 gain_at_f180_db=-14.422 f0_rising_hz= resurgence_db=-0.516895
Doing analysis at TEMP = -40.000000 and TNOM = 27.000000

Using SPARSE 1.3 as Direct Linear Solver

No. of Data Rows : 1
Doing analysis at TEMP = -40.000000 and TNOM = 27.000000

Using SPARSE 1.3 as Direct Linear Solver
 Reference value :  1.00000e-02
No. of Data Rows : 4401
Doing analysis at TEMP = -40.000000 and TNOM = 27.000000

Using SPARSE 1.3 as Direct Linear Solver
 Reference value :  1.00000e-02
No. of Data Rows : 4401
dcg                 =  1.41000e+02
f0                  =  2.65325e+05
phx                 =  -1.23551e+02
f180                =  1.18514e+06
gmx                 =  -1.87887e+01
 meas ac f0r when tdb=0 rise=1 failed!

tres                =  -4.84343e-01 at=  2.78612e+05
ROW iload_a=0.01 ceff_f=1e-06 esr_ohm=0.05 vout_v=1.79933 dcgain_db=141 f0_hz=265325 phase_at_f0_deg=-123.551 f180_hz=1.18514E+06 gain_at_f180_db=-18.7887 f0_rising_hz= resurgence_db=-0.484343
Doing analysis at TEMP = -40.000000 and TNOM = 27.000000

Using SPARSE 1.3 as Direct Linear Solver
 Reference value :  0.00000e+00
No. of Data Rows : 1
Doing analysis at TEMP = -40.000000 and TNOM = 27.000000

Using SPARSE 1.3 as Direct Linear Solver
 Reference value :  4.14477e+06
No. of Data Rows : 4401
Doing analysis at TEMP = -40.000000 and TNOM = 27.000000

Using SPARSE 1.3 as Direct Linear Solver
 Reference value :  7.37055e+03
No. of Data Rows : 4401
dcg                 =  1.41000e+02
f0                  =  2.78086e+05
phx                 =  -1.10206e+02
f180                =  2.26434e+06
gmx                 =  -2.26790e+01
 meas ac f0r when tdb=0 rise=1 failed!

tres                =  -4.87715e-01 at=  2.93427e+05
ROW iload_a=0.01 ceff_f=1e-06 esr_ohm=0.2 vout_v=1.79933 dcgain_db=141 f0_hz=278086 phase_at_f0_deg=-110.206 f180_hz=2.26434E+06 gain_at_f180_db=-22.679 f0_rising_hz= resurgence_db=-0.487715
Doing analysis at TEMP = -40.000000 and TNOM = 27.000000

Using SPARSE 1.3 as Direct Linear Solver

No. of Data Rows : 1
Doing analysis at TEMP = -40.000000 and TNOM = 27.000000

Using SPARSE 1.3 as Direct Linear Solver
 Reference value :  1.00000e-02
No. of Data Rows : 4401
Doing analysis at TEMP = -40.000000 and TNOM = 27.000000

Using SPARSE 1.3 as Direct Linear Solver
 Reference value :  1.00000e-02
No. of Data Rows : 4401
dcg                 =  1.41000e+02
f0                  =  3.86392e+05
phx                 =  -8.90630e+01
f180                =  2.61102e+06
gmx                 =  -1.73240e+01
 meas ac f0r when tdb=0 rise=1 failed!

tres                =  -3.02483e-01 at=  4.07380e+05
ROW iload_a=0.01 ceff_f=1e-06 esr_ohm=0.5 vout_v=1.79933 dcgain_db=141 f0_hz=386392 phase_at_f0_deg=-89.063 f180_hz=2.61102E+06 gain_at_f180_db=-17.324 f0_rising_hz= resurgence_db=-0.302483
Doing analysis at TEMP = -40.000000 and TNOM = 27.000000

Using SPARSE 1.3 as Direct Linear Solver
 Reference value :  0.00000e+00
No. of Data Rows : 1
Doing analysis at TEMP = -40.000000 and TNOM = 27.000000

Using SPARSE 1.3 as Direct Linear Solver
 Reference value :  5.46387e+05
No. of Data Rows : 4401
Doing analysis at TEMP = -40.000000 and TNOM = 27.000000

Using SPARSE 1.3 as Direct Linear Solver
 Reference value :  1.31826e+03
No. of Data Rows : 4401
dcg                 =  1.41000e+02
f0                  =  6.55149e+04
phx                 =  -1.23476e+02
f180                =  8.99739e+05
gmx                 =  -2.82664e+01
 meas ac f0r when tdb=0 rise=1 failed!

tres                =  -5.58764e-01 at=  6.91831e+04
ROW iload_a=0.01 ceff_f=4.7e-06 esr_ohm=0.001 vout_v=1.79933 dcgain_db=141 f0_hz=65514.9 phase_at_f0_deg=-123.476 f180_hz=899739 gain_at_f180_db=-28.2664 f0_rising_hz= resurgence_db=-0.558764
Doing analysis at TEMP = -40.000000 and TNOM = 27.000000

Using SPARSE 1.3 as Direct Linear Solver

No. of Data Rows : 1
Doing analysis at TEMP = -40.000000 and TNOM = 27.000000

Using SPARSE 1.3 as Direct Linear Solver
 Reference value :  1.00000e-02
No. of Data Rows : 4401
Doing analysis at TEMP = -40.000000 and TNOM = 27.000000

Using SPARSE 1.3 as Direct Linear Solver
 Reference value :  1.00000e-02
No. of Data Rows : 4401
dcg                 =  1.41000e+02
f0                  =  6.57694e+04
phx                 =  -1.17982e+02
f180                =  2.41542e+06
gmx                 =  -3.54706e+01
 meas ac f0r when tdb=0 rise=1 failed!

tres                =  -5.14416e-01 at=  6.91831e+04
ROW iload_a=0.01 ceff_f=4.7e-06 esr_ohm=0.05 vout_v=1.79933 dcgain_db=141 f0_hz=65769.4 phase_at_f0_deg=-117.982 f180_hz=2.41542E+06 gain_at_f180_db=-35.4705 f0_rising_hz= resurgence_db=-0.514416
Doing analysis at TEMP = -40.000000 and TNOM = 27.000000

Using SPARSE 1.3 as Direct Linear Solver
 Reference value :  0.00000e+00
No. of Data Rows : 1
Doing analysis at TEMP = -40.000000 and TNOM = 27.000000

Using SPARSE 1.3 as Direct Linear Solver
 Reference value :  2.77013e+06
No. of Data Rows : 4401
Doing analysis at TEMP = -40.000000 and TNOM = 27.000000

Using SPARSE 1.3 as Direct Linear Solver
 Reference value :  4.34010e+03
No. of Data Rows : 4401
dcg                 =  1.41000e+02
f0                  =  7.00329e+04
phx                 =  -1.00167e+02
f180                =  2.73120e+06
gmx                 =  -2.59135e+01
 meas ac f0r when tdb=0 rise=1 failed!

tres                =  -4.48513e-01 at=  7.37055e+04
ROW iload_a=0.01 ceff_f=4.7e-06 esr_ohm=0.2 vout_v=1.79933 dcgain_db=141 f0_hz=70032.9 phase_at_f0_deg=-100.167 f180_hz=2.7312E+06 gain_at_f180_db=-25.9135 f0_rising_hz= resurgence_db=-0.448513
Doing analysis at TEMP = -40.000000 and TNOM = 27.000000

Using SPARSE 1.3 as Direct Linear Solver

No. of Data Rows : 1
Doing analysis at TEMP = -40.000000 and TNOM = 27.000000

Using SPARSE 1.3 as Direct Linear Solver
 Reference value :  1.00000e-02
No. of Data Rows : 4401
Doing analysis at TEMP = -40.000000 and TNOM = 27.000000

Using SPARSE 1.3 as Direct Linear Solver
 Reference value :  1.00000e-02
No. of Data Rows : 4401
dcg                 =  1.41000e+02
f0                  =  1.31775e+05
phx                 =  -5.64479e+01
f180                =  2.78575e+06
gmx                 =  -1.83958e+01
 meas ac f0r when tdb=0 rise=1 failed!

tres                =  -1.27656e-01 at=  1.38835e+05
ROW iload_a=0.01 ceff_f=4.7e-06 esr_ohm=0.5 vout_v=1.79933 dcgain_db=141 f0_hz=131775 phase_at_f0_deg=-56.4479 f180_hz=2.78574E+06 gain_at_f180_db=-18.3958 f0_rising_hz= resurgence_db=-0.127656
Doing analysis at TEMP = -40.000000 and TNOM = 27.000000

Using SPARSE 1.3 as Direct Linear Solver
 Reference value :  0.00000e+00
No. of Data Rows : 1
Doing analysis at TEMP = -40.000000 and TNOM = 27.000000

Using SPARSE 1.3 as Direct Linear Solver
 Reference value :  1.16145e+08
No. of Data Rows : 4401
Doing analysis at TEMP = -40.000000 and TNOM = 27.000000

Using SPARSE 1.3 as Direct Linear Solver
 Reference value :  7.12033e+06
No. of Data Rows : 4401
dcg                 =  1.39697e+02
f0                  =  7.45151e+05
phx                 =  -1.72815e+02
f180                =  8.40558e+05
gmx                 =  -1.78331e+00
 meas ac f0r when tdb=0 rise=1 failed!

tres                =  -7.64175e-01 at=  7.85236e+05
ROW iload_a=0.025 ceff_f=3.3e-07 esr_ohm=0.001 vout_v=1.79933 dcgain_db=139.697 f0_hz=745151 phase_at_f0_deg=-172.815 f180_hz=840558 gain_at_f180_db=-1.78331 f0_rising_hz= resurgence_db=-0.764175
Doing analysis at TEMP = -40.000000 and TNOM = 27.000000

Using SPARSE 1.3 as Direct Linear Solver

No. of Data Rows : 1
Doing analysis at TEMP = -40.000000 and TNOM = 27.000000

Using SPARSE 1.3 as Direct Linear Solver
 Reference value :  1.00000e-02
No. of Data Rows : 4401
Doing analysis at TEMP = -40.000000 and TNOM = 27.000000

Using SPARSE 1.3 as Direct Linear Solver
 Reference value :  1.00000e-02
No. of Data Rows : 4401
dcg                 =  1.39697e+02
f0                  =  7.46454e+05
phx                 =  -1.68586e+02
f180                =  9.15012e+05
gmx                 =  -3.05807e+00
 meas ac f0r when tdb=0 rise=1 failed!

tres                =  -7.36207e-01 at=  7.85236e+05
ROW iload_a=0.025 ceff_f=3.3e-07 esr_ohm=0.05 vout_v=1.79933 dcgain_db=139.697 f0_hz=746454 phase_at_f0_deg=-168.587 f180_hz=915012 gain_at_f180_db=-3.05807 f0_rising_hz= resurgence_db=-0.736207
Doing analysis at TEMP = -40.000000 and TNOM = 27.000000

Using SPARSE 1.3 as Direct Linear Solver
 Reference value :  0.00000e+00
No. of Data Rows : 1
Doing analysis at TEMP = -40.000000 and TNOM = 27.000000

Using SPARSE 1.3 as Direct Linear Solver
 Reference value :  1.10281e+08
No. of Data Rows : 4401
Doing analysis at TEMP = -40.000000 and TNOM = 27.000000

Using SPARSE 1.3 as Direct Linear Solver
 Reference value :  1.09018e+07
No. of Data Rows : 4401
dcg                 =  1.39697e+02
f0                  =  7.66784e+05
phx                 =  -1.56967e+02
f180                =  1.27097e+06
gmx                 =  -7.58806e+00
 meas ac f0r when tdb=0 rise=1 failed!

tres                =  -7.32051e-01 at=  8.08165e+05
ROW iload_a=0.025 ceff_f=3.3e-07 esr_ohm=0.2 vout_v=1.79933 dcgain_db=139.697 f0_hz=766784 phase_at_f0_deg=-156.967 f180_hz=1.27097E+06 gain_at_f180_db=-7.58806 f0_rising_hz= resurgence_db=-0.732051
Doing analysis at TEMP = -40.000000 and TNOM = 27.000000

Using SPARSE 1.3 as Direct Linear Solver

No. of Data Rows : 1
Doing analysis at TEMP = -40.000000 and TNOM = 27.000000

Using SPARSE 1.3 as Direct Linear Solver
 Reference value :  1.00000e-02
No. of Data Rows : 4401
Doing analysis at TEMP = -40.000000 and TNOM = 27.000000

Using SPARSE 1.3 as Direct Linear Solver
 Reference value :  1.00000e-02
No. of Data Rows : 4401
dcg                 =  1.39697e+02
f0                  =  8.90322e+05
phx                 =  -1.41074e+02
f180                =  2.04111e+06
gmx                 =  -1.07443e+01
 meas ac f0r when tdb=0 rise=1 failed!

tres                =  -6.15111e-01 at=  9.38642e+05
ROW iload_a=0.025 ceff_f=3.3e-07 esr_ohm=0.5 vout_v=1.79933 dcgain_db=139.697 f0_hz=890322 phase_at_f0_deg=-141.074 f180_hz=2.04111E+06 gain_at_f180_db=-10.7443 f0_rising_hz= resurgence_db=-0.615111
Doing analysis at TEMP = -40.000000 and TNOM = 27.000000

Using SPARSE 1.3 as Direct Linear Solver
 Reference value :  0.00000e+00
No. of Data Rows : 1
Doing analysis at TEMP = -40.000000 and TNOM = 27.000000

Using SPARSE 1.3 as Direct Linear Solver
 Reference value :  1.22321e+08
No. of Data Rows : 4401
Doing analysis at TEMP = -40.000000 and TNOM = 27.000000

Using SPARSE 1.3 as Direct Linear Solver
 Reference value :  7.54223e+06
No. of Data Rows : 4401
dcg                 =  1.39697e+02
f0                  =  3.41858e+05
phx                 =  -1.37283e+02
f180                =  8.43429e+05
gmx                 =  -1.14537e+01
 meas ac f0r when tdb=0 rise=1 failed!

tres                =  -5.87687e-01 at=  3.60994e+05
ROW iload_a=0.025 ceff_f=1e-06 esr_ohm=0.001 vout_v=1.79933 dcgain_db=139.697 f0_hz=341858 phase_at_f0_deg=-137.282 f180_hz=843429 gain_at_f180_db=-11.4537 f0_rising_hz= resurgence_db=-0.587687
Doing analysis at TEMP = -40.000000 and TNOM = 27.000000

Using SPARSE 1.3 as Direct Linear Solver

No. of Data Rows : 1
Doing analysis at TEMP = -40.000000 and TNOM = 27.000000

Using SPARSE 1.3 as Direct Linear Solver
 Reference value :  1.00000e-02
No. of Data Rows : 4401
Doing analysis at TEMP = -40.000000 and TNOM = 27.000000

Using SPARSE 1.3 as Direct Linear Solver
 Reference value :  1.00000e-02
No. of Data Rows : 4401
dcg                 =  1.39697e+02
f0                  =  3.43433e+05
phx                 =  -1.31400e+02
f180                =  1.13381e+06
gmx                 =  -1.57256e+01
 meas ac f0r when tdb=0 rise=1 failed!

tres                =  -5.33187e-01 at=  3.60994e+05
ROW iload_a=0.025 ceff_f=1e-06 esr_ohm=0.05 vout_v=1.79933 dcgain_db=139.697 f0_hz=343433 phase_at_f0_deg=-131.399 f180_hz=1.13381E+06 gain_at_f180_db=-15.7256 f0_rising_hz= resurgence_db=-0.533187
Doing analysis at TEMP = -40.000000 and TNOM = 27.000000

Using SPARSE 1.3 as Direct Linear Solver
 Reference value :  0.00000e+00
No. of Data Rows : 1
Doing analysis at TEMP = -40.000000 and TNOM = 27.000000

Using SPARSE 1.3 as Direct Linear Solver
 Reference value :  9.01571e+07
No. of Data Rows : 4401
Doing analysis at TEMP = -40.000000 and TNOM = 27.000000

Using SPARSE 1.3 as Direct Linear Solver
 Reference value :  5.75440e+06
No. of Data Rows : 4401
dcg                 =  1.39697e+02
f0                  =  3.69575e+05
phx                 =  -1.15144e+02
f180                =  2.18086e+06
gmx                 =  -1.98729e+01
 meas ac f0r when tdb=0 rise=1 failed!

tres                =  -4.84376e-01 at=  3.89045e+05
ROW iload_a=0.025 ceff_f=1e-06 esr_ohm=0.2 vout_v=1.79933 dcgain_db=139.697 f0_hz=369574 phase_at_f0_deg=-115.144 f180_hz=2.18086E+06 gain_at_f180_db=-19.8729 f0_rising_hz= resurgence_db=-0.484376
Doing analysis at TEMP = -40.000000 and TNOM = 27.000000

Using SPARSE 1.3 as Direct Linear Solver

No. of Data Rows : 1
Doing analysis at TEMP = -40.000000 and TNOM = 27.000000

Using SPARSE 1.3 as Direct Linear Solver
 Reference value :  1.00000e-02
No. of Data Rows : 4401
Doing analysis at TEMP = -40.000000 and TNOM = 27.000000

Using SPARSE 1.3 as Direct Linear Solver
 Reference value :  1.00000e-02
No. of Data Rows : 4401
dcg                 =  1.39697e+02
f0                  =  5.93945e+05
phx                 =  -9.88179e+01
f180                =  2.52846e+06
gmx                 =  -1.45903e+01
 meas ac f0r when tdb=0 rise=1 failed!

tres                =  -3.12733e-01 at=  6.23735e+05
ROW iload_a=0.025 ceff_f=1e-06 esr_ohm=0.5 vout_v=1.79933 dcgain_db=139.697 f0_hz=593945 phase_at_f0_deg=-98.8179 f180_hz=2.52846E+06 gain_at_f180_db=-14.5903 f0_rising_hz= resurgence_db=-0.312733
Doing analysis at TEMP = -40.000000 and TNOM = 27.000000

Using SPARSE 1.3 as Direct Linear Solver
 Reference value :  0.00000e+00
No. of Data Rows : 1
Doing analysis at TEMP = -40.000000 and TNOM = 27.000000

Using SPARSE 1.3 as Direct Linear Solver
 Reference value :  9.44061e+07
No. of Data Rows : 4401
Doing analysis at TEMP = -40.000000 and TNOM = 27.000000

Using SPARSE 1.3 as Direct Linear Solver
 Reference value :  5.18800e+06
No. of Data Rows : 4401
dcg                 =  1.39697e+02
f0                  =  8.70727e+04
phx                 =  -1.22419e+02
f180                =  8.63893e+05
gmx                 =  -2.52453e+01
 meas ac f0r when tdb=0 rise=1 failed!

tres                =  -5.18112e-01 at=  9.17276e+04
ROW iload_a=0.025 ceff_f=4.7e-06 esr_ohm=0.001 vout_v=1.79933 dcgain_db=139.697 f0_hz=87072.7 phase_at_f0_deg=-122.419 f180_hz=863893 gain_at_f180_db=-25.2453 f0_rising_hz= resurgence_db=-0.518112
Doing analysis at TEMP = -40.000000 and TNOM = 27.000000

Using SPARSE 1.3 as Direct Linear Solver

No. of Data Rows : 1
Doing analysis at TEMP = -40.000000 and TNOM = 27.000000

Using SPARSE 1.3 as Direct Linear Solver
 Reference value :  1.00000e-02
No. of Data Rows : 4401
Doing analysis at TEMP = -40.000000 and TNOM = 27.000000

Using SPARSE 1.3 as Direct Linear Solver
 Reference value :  1.00000e-02
No. of Data Rows : 4401
dcg                 =  1.39697e+02
f0                  =  8.76934e+04
phx                 =  -1.15129e+02
f180                =  2.31085e+06
gmx                 =  -3.26824e+01
 meas ac f0r when tdb=0 rise=1 failed!

tres                =  -4.96561e-01 at=  9.22571e+04
ROW iload_a=0.025 ceff_f=4.7e-06 esr_ohm=0.05 vout_v=1.79933 dcgain_db=139.697 f0_hz=87693.4 phase_at_f0_deg=-115.129 f180_hz=2.31084E+06 gain_at_f180_db=-32.6824 f0_rising_hz= resurgence_db=-0.496561
Doing analysis at TEMP = -40.000000 and TNOM = 27.000000

Using SPARSE 1.3 as Direct Linear Solver
 Reference value :  0.00000e+00
No. of Data Rows : 1
Doing analysis at TEMP = -40.000000 and TNOM = 27.000000

Using SPARSE 1.3 as Direct Linear Solver
 Reference value :  9.60506e+07
No. of Data Rows : 4401
Doing analysis at TEMP = -40.000000 and TNOM = 27.000000

Using SPARSE 1.3 as Direct Linear Solver
 Reference value :  5.82103e+06
No. of Data Rows : 4401
dcg                 =  1.39697e+02
f0                  =  9.90299e+04
phx                 =  -9.13611e+01
f180                =  2.64438e+06
gmx                 =  -2.32006e+01
 meas ac f0r when tdb=0 rise=1 failed!

tres                =  -3.73835e-01 at=  1.04112e+05
ROW iload_a=0.025 ceff_f=4.7e-06 esr_ohm=0.2 vout_v=1.79933 dcgain_db=139.697 f0_hz=99029.9 phase_at_f0_deg=-91.3611 f180_hz=2.64438E+06 gain_at_f180_db=-23.2006 f0_rising_hz= resurgence_db=-0.373835
Doing analysis at TEMP = -40.000000 and TNOM = 27.000000

Using SPARSE 1.3 as Direct Linear Solver

No. of Data Rows : 1
Doing analysis at TEMP = -40.000000 and TNOM = 27.000000

Using SPARSE 1.3 as Direct Linear Solver
 Reference value :  1.00000e-02
No. of Data Rows : 4401
Doing analysis at TEMP = -40.000000 and TNOM = 27.000000

Using SPARSE 1.3 as Direct Linear Solver
 Reference value :  1.00000e-02
No. of Data Rows : 4401
dcg                 =  1.39697e+02
f0                  =  4.53364e+05
phx                 =  -6.65295e+01
f180                =  2.70167e+06
gmx                 =  -1.56800e+01
 meas ac f0r when tdb=0 rise=1 failed!

tres                =  -1.81827e-01 at=  4.78630e+05
ROW iload_a=0.025 ceff_f=4.7e-06 esr_ohm=0.5 vout_v=1.79933 dcgain_db=139.697 f0_hz=453364 phase_at_f0_deg=-66.5295 f180_hz=2.70167E+06 gain_at_f180_db=-15.68 f0_rising_hz= resurgence_db=-0.181827
Doing analysis at TEMP = -40.000000 and TNOM = 27.000000

Using SPARSE 1.3 as Direct Linear Solver
 Reference value :  0.00000e+00
No. of Data Rows : 1
Doing analysis at TEMP = -40.000000 and TNOM = 27.000000

Using SPARSE 1.3 as Direct Linear Solver
 Reference value :  2.77013e+00
No. of Data Rows : 4401
Doing analysis at TEMP = -40.000000 and TNOM = 27.000000

Using SPARSE 1.3 as Direct Linear Solver
 Reference value :  1.00000e-02
No. of Data Rows : 4401
dcg                 =  1.38096e+02
f0                  =  8.48078e+05
phx                 =  -1.81442e+02
f180                =  8.28453e+05
gmx                 =  3.56563e-01
 meas ac f0r when tdb=0 rise=1 failed!

tres                =  -7.68159e-01 at=  8.91251e+05
ROW iload_a=0.05 ceff_f=3.3e-07 esr_ohm=0.001 vout_v=1.79933 dcgain_db=138.096 f0_hz=848078 phase_at_f0_deg=-181.442 f180_hz=828453 gain_at_f180_db=0.356563 f0_rising_hz= resurgence_db=-0.768159
Doing analysis at TEMP = -40.000000 and TNOM = 27.000000

Using SPARSE 1.3 as Direct Linear Solver
 Reference value :  0.00000e+00
No. of Data Rows : 1
Doing analysis at TEMP = -40.000000 and TNOM = 27.000000

Using SPARSE 1.3 as Direct Linear Solver
 Reference value :  4.07380e+00
No. of Data Rows : 4401
Doing analysis at TEMP = -40.000000 and TNOM = 27.000000

Using SPARSE 1.3 as Direct Linear Solver
 Reference value :  1.00000e-02
No. of Data Rows : 4401
dcg                 =  1.38096e+02
f0                  =  8.49861e+05
phx                 =  -1.76649e+02
f180                =  9.00636e+05
gmx                 =  -8.95965e-01
 meas ac f0r when tdb=0 rise=1 failed!

tres                =  -8.22307e-01 at=  8.96396e+05
ROW iload_a=0.05 ceff_f=3.3e-07 esr_ohm=0.05 vout_v=1.79933 dcgain_db=138.096 f0_hz=849861 phase_at_f0_deg=-176.649 f180_hz=900636 gain_at_f180_db=-0.895965 f0_rising_hz= resurgence_db=-0.822307
Doing analysis at TEMP = -40.000000 and TNOM = 27.000000

Using SPARSE 1.3 as Direct Linear Solver
 Reference value :  0.00000e+00
No. of Data Rows : 1
Doing analysis at TEMP = -40.000000 and TNOM = 27.000000

Using SPARSE 1.3 as Direct Linear Solver
 Reference value :  6.99842e+00
No. of Data Rows : 4401
Doing analysis at TEMP = -40.000000 and TNOM = 27.000000

Using SPARSE 1.3 as Direct Linear Solver
 Reference value :  1.00000e-02
No. of Data Rows : 4401
dcg                 =  1.38096e+02
f0                  =  8.78008e+05
phx                 =  -1.63753e+02
f180                =  1.24288e+06
gmx                 =  -5.33168e+00
 meas ac f0r when tdb=0 rise=1 failed!

tres                =  -7.24649e-01 at=  9.22571e+05
ROW iload_a=0.05 ceff_f=3.3e-07 esr_ohm=0.2 vout_v=1.79933 dcgain_db=138.096 f0_hz=878008 phase_at_f0_deg=-163.753 f180_hz=1.24288E+06 gain_at_f180_db=-5.33168 f0_rising_hz= resurgence_db=-0.724649
Doing analysis at TEMP = -40.000000 and TNOM = 27.000000

Using SPARSE 1.3 as Direct Linear Solver
 Reference value :  0.00000e+00
No. of Data Rows : 1
Doing analysis at TEMP = -40.000000 and TNOM = 27.000000

Using SPARSE 1.3 as Direct Linear Solver
 Reference value :  1.12850e+01
No. of Data Rows : 4401
Doing analysis at TEMP = -40.000000 and TNOM = 27.000000

Using SPARSE 1.3 as Direct Linear Solver
 Reference value :  1.00000e-02
No. of Data Rows : 4401
dcg                 =  1.38096e+02
f0                  =  1.04617e+06
phx                 =  -1.47998e+02
f180                =  1.99237e+06
gmx                 =  -8.51915e+00
 meas ac f0r when tdb=0 rise=1 failed!

tres                =  -6.38720e-01 at=  1.10281e+06
ROW iload_a=0.05 ceff_f=3.3e-07 esr_ohm=0.5 vout_v=1.79933 dcgain_db=138.096 f0_hz=1.04617E+06 phase_at_f0_deg=-147.998 f180_hz=1.99237E+06 gain_at_f180_db=-8.51915 f0_rising_hz= resurgence_db=-0.63872
Doing analysis at TEMP = -40.000000 and TNOM = 27.000000

Using SPARSE 1.3 as Direct Linear Solver
 Reference value :  0.00000e+00
No. of Data Rows : 1
Doing analysis at TEMP = -40.000000 and TNOM = 27.000000

Using SPARSE 1.3 as Direct Linear Solver
 Reference value :  6.34600e+00
No. of Data Rows : 4401
Doing analysis at TEMP = -40.000000 and TNOM = 27.000000

Using SPARSE 1.3 as Direct Linear Solver
 Reference value :  1.00000e-02
No. of Data Rows : 4401
dcg                 =  1.38096e+02
f0                  =  4.08657e+05
phx                 =  -1.44330e+02
f180                =  8.30556e+05
gmx                 =  -9.29800e+00
 meas ac f0r when tdb=0 rise=1 failed!

tres                =  -6.24855e-01 at=  4.31519e+05
ROW iload_a=0.05 ceff_f=1e-06 esr_ohm=0.001 vout_v=1.79933 dcgain_db=138.096 f0_hz=408657 phase_at_f0_deg=-144.33 f180_hz=830556 gain_at_f180_db=-9.298 f0_rising_hz= resurgence_db=-0.624855
Doing analysis at TEMP = -40.000000 and TNOM = 27.000000

Using SPARSE 1.3 as Direct Linear Solver
 Reference value :  0.00000e+00
No. of Data Rows : 1
Doing analysis at TEMP = -40.000000 and TNOM = 27.000000

Using SPARSE 1.3 as Direct Linear Solver
 Reference value :  7.54223e+00
No. of Data Rows : 4401
Doing analysis at TEMP = -40.000000 and TNOM = 27.000000

Using SPARSE 1.3 as Direct Linear Solver
 Reference value :  1.00000e-02
No. of Data Rows : 4401
dcg                 =  1.38096e+02
f0                  =  4.11187e+05
phx                 =  -1.37360e+02
f180                =  1.11022e+06
gmx                 =  -1.34800e+01
 meas ac f0r when tdb=0 rise=1 failed!

tres                =  -6.13219e-01 at=  4.34010e+05
ROW iload_a=0.05 ceff_f=1e-06 esr_ohm=0.05 vout_v=1.79933 dcgain_db=138.096 f0_hz=411187 phase_at_f0_deg=-137.36 f180_hz=1.11022E+06 gain_at_f180_db=-13.48 f0_rising_hz= resurgence_db=-0.61322
Doing analysis at TEMP = -40.000000 and TNOM = 27.000000

Using SPARSE 1.3 as Direct Linear Solver
 Reference value :  0.00000e+00
No. of Data Rows : 1
Doing analysis at TEMP = -40.000000 and TNOM = 27.000000

Using SPARSE 1.3 as Direct Linear Solver
 Reference value :  4.57088e+00
No. of Data Rows : 4401
Doing analysis at TEMP = -40.000000 and TNOM = 27.000000

Using SPARSE 1.3 as Direct Linear Solver
 Reference value :  1.00000e-02
No. of Data Rows : 4401
dcg                 =  1.38096e+02
f0                  =  4.53927e+05
phx                 =  -1.19069e+02
f180                =  2.12903e+06
gmx                 =  -1.76531e+01
 meas ac f0r when tdb=0 rise=1 failed!

tres                =  -5.14031e-01 at=  4.78630e+05
ROW iload_a=0.05 ceff_f=1e-06 esr_ohm=0.2 vout_v=1.79933 dcgain_db=138.096 f0_hz=453927 phase_at_f0_deg=-119.069 f180_hz=2.12903E+06 gain_at_f180_db=-17.6531 f0_rising_hz= resurgence_db=-0.514031
Doing analysis at TEMP = -40.000000 and TNOM = 27.000000

Using SPARSE 1.3 as Direct Linear Solver
 Reference value :  0.00000e+00
No. of Data Rows : 1
Doing analysis at TEMP = -40.000000 and TNOM = 27.000000

Using SPARSE 1.3 as Direct Linear Solver
 Reference value :  2.55564e+00
No. of Data Rows : 4401
Doing analysis at TEMP = -40.000000 and TNOM = 27.000000

Using SPARSE 1.3 as Direct Linear Solver
 Reference value :  1.00000e-02
No. of Data Rows : 4401
dcg                 =  1.38096e+02
f0                  =  7.88521e+05
phx                 =  -1.09285e+02
f180                =  2.47405e+06
gmx                 =  -1.24026e+01
 meas ac f0r when tdb=0 rise=1 failed!

tres                =  -3.99157e-01 at=  8.31764e+05
ROW iload_a=0.05 ceff_f=1e-06 esr_ohm=0.5 vout_v=1.79933 dcgain_db=138.096 f0_hz=788521 phase_at_f0_deg=-109.285 f180_hz=2.47405E+06 gain_at_f180_db=-12.4026 f0_rising_hz= resurgence_db=-0.399158
Doing analysis at TEMP = -40.000000 and TNOM = 27.000000

Using SPARSE 1.3 as Direct Linear Solver
 Reference value :  0.00000e+00
No. of Data Rows : 1
Doing analysis at TEMP = -40.000000 and TNOM = 27.000000

Using SPARSE 1.3 as Direct Linear Solver
 Reference value :  2.83465e+00
No. of Data Rows : 4401
Doing analysis at TEMP = -40.000000 and TNOM = 27.000000

Using SPARSE 1.3 as Direct Linear Solver
 Reference value :  1.00000e-02
No. of Data Rows : 4401
dcg                 =  1.38096e+02
f0                  =  1.07056e+05
phx                 =  -1.21958e+02
f180                =  8.49072e+05
gmx                 =  -2.30605e+01
 meas ac f0r when tdb=0 rise=1 failed!

tres                =  -5.14456e-01 at=  1.12850e+05
ROW iload_a=0.05 ceff_f=4.7e-06 esr_ohm=0.001 vout_v=1.79933 dcgain_db=138.096 f0_hz=107056 phase_at_f0_deg=-121.958 f180_hz=849072 gain_at_f180_db=-23.0605 f0_rising_hz= resurgence_db=-0.514456
Doing analysis at TEMP = -40.000000 and TNOM = 27.000000

Using SPARSE 1.3 as Direct Linear Solver
 Reference value :  0.00000e+00
No. of Data Rows : 1
Doing analysis at TEMP = -40.000000 and TNOM = 27.000000

Using SPARSE 1.3 as Direct Linear Solver
 Reference value :  6.76083e+00
No. of Data Rows : 4401
Doing analysis at TEMP = -40.000000 and TNOM = 27.000000

Using SPARSE 1.3 as Direct Linear Solver
 Reference value :  1.00000e-02
No. of Data Rows : 4401
dcg                 =  1.38096e+02
f0                  =  1.08239e+05
phx                 =  -1.13024e+02
f180                =  2.24804e+06
gmx                 =  -3.04636e+01
 meas ac f0r when tdb=0 rise=1 failed!

tres                =  -5.06866e-01 at=  1.14156e+05
ROW iload_a=0.05 ceff_f=4.7e-06 esr_ohm=0.05 vout_v=1.79933 dcgain_db=138.096 f0_hz=108239 phase_at_f0_deg=-113.024 f180_hz=2.24804E+06 gain_at_f180_db=-30.4636 f0_rising_hz= resurgence_db=-0.506866
Doing analysis at TEMP = -40.000000 and TNOM = 27.000000

Using SPARSE 1.3 as Direct Linear Solver
 Reference value :  0.00000e+00
No. of Data Rows : 1
Doing analysis at TEMP = -40.000000 and TNOM = 27.000000

Using SPARSE 1.3 as Direct Linear Solver
 Reference value :  8.65964e+00
No. of Data Rows : 4401
Doing analysis at TEMP = -40.000000 and TNOM = 27.000000

Using SPARSE 1.3 as Direct Linear Solver
 Reference value :  1.00000e-02
No. of Data Rows : 4401
dcg                 =  1.38096e+02
f0                  =  1.32482e+05
phx                 =  -8.40075e+01
f180                =  2.58735e+06
gmx                 =  -2.10170e+01
 meas ac f0r when tdb=0 rise=1 failed!

tres                =  -3.26624e-01 at=  1.39637e+05
ROW iload_a=0.05 ceff_f=4.7e-06 esr_ohm=0.2 vout_v=1.79933 dcgain_db=138.096 f0_hz=132482 phase_at_f0_deg=-84.0075 f180_hz=2.58735E+06 gain_at_f180_db=-21.017 f0_rising_hz= resurgence_db=-0.326624
Doing analysis at TEMP = -40.000000 and TNOM = 27.000000

Using SPARSE 1.3 as Direct Linear Solver
 Reference value :  0.00000e+00
No. of Data Rows : 1
Doing analysis at TEMP = -40.000000 and TNOM = 27.000000

Using SPARSE 1.3 as Direct Linear Solver
 Reference value :  5.06991e+00
No. of Data Rows : 4401
Doing analysis at TEMP = -40.000000 and TNOM = 27.000000

Using SPARSE 1.3 as Direct Linear Solver
 Reference value :  1.00000e-02
No. of Data Rows : 4401
dcg                 =  1.38096e+02
f0                  =  7.09722e+05
phx                 =  -8.66293e+01
f180                =  2.64513e+06
gmx                 =  -1.34960e+01
 meas ac f0r when tdb=0 rise=1 failed!

tres                =  -2.81365e-01 at=  7.45590e+05
ROW iload_a=0.05 ceff_f=4.7e-06 esr_ohm=0.5 vout_v=1.79933 dcgain_db=138.096 f0_hz=709722 phase_at_f0_deg=-86.6293 f180_hz=2.64513E+06 gain_at_f180_db=-13.496 f0_rising_hz= resurgence_db=-0.281365
* SWEEP COMPLETE sf_-40c_3.63v
Note: Simulation executed from .control section 
Note: Starting dynamic gmin stepping
Note: Dynamic gmin stepping completed
Note: Starting dynamic gmin stepping
Note: Dynamic gmin stepping completed
Note: Starting dynamic gmin stepping
Note: Dynamic gmin stepping completed

Error: measure  f0r  when(WHEN) : out of interval
Error: &f0r: no such variable.
Note: Starting dynamic gmin stepping
Note: Dynamic gmin stepping completed
Note: Starting dynamic gmin stepping
Note: Dynamic gmin stepping completed
Note: Starting dynamic gmin stepping
Note: Dynamic gmin stepping completed

Error: measure  f0r  when(WHEN) : out of interval
Error: &f0r: no such variable.
Note: Starting dynamic gmin stepping
Note: Dynamic gmin stepping completed
Note: Starting dynamic gmin stepping
Note: Dynamic gmin stepping completed
Note: Starting dynamic gmin stepping
Note: Dynamic gmin stepping completed

Error: measure  f0r  when(WHEN) : out of interval
Error: &f0r: no such variable.
Note: Starting dynamic gmin stepping
Note: Dynamic gmin stepping completed
Note: Starting dynamic gmin stepping
Note: Dynamic gmin stepping completed
Note: Starting dynamic gmin stepping
Note: Dynamic gmin stepping completed

Error: measure  f0r  when(WHEN) : out of interval
Error: &f0r: no such variable.
Note: Starting dynamic gmin stepping
Note: Dynamic gmin stepping completed
Note: Starting dynamic gmin stepping
Note: Dynamic gmin stepping completed
Note: Starting dynamic gmin stepping
Note: Dynamic gmin stepping completed

Error: measure  f0r  when(WHEN) : out of interval
Error: &f0r: no such variable.
Note: Starting dynamic gmin stepping
Note: Dynamic gmin stepping completed
Note: Starting dynamic gmin stepping
Note: Dynamic gmin stepping completed
Note: Starting dynamic gmin stepping
Note: Dynamic gmin stepping completed

Error: measure  f0r  when(WHEN) : out of interval
Error: &f0r: no such variable.
Note: Starting dynamic gmin stepping
Note: Dynamic gmin stepping completed
Note: Starting dynamic gmin stepping
Note: Dynamic gmin stepping completed
Note: Starting dynamic gmin stepping
Note: Dynamic gmin stepping completed

Error: measure  f0r  when(WHEN) : out of interval
Error: &f0r: no such variable.
Note: Starting dynamic gmin stepping
Note: Dynamic gmin stepping completed
Note: Starting dynamic gmin stepping
Note: Dynamic gmin stepping completed
Note: Starting dynamic gmin stepping
Note: Dynamic gmin stepping completed

Error: measure  f0r  when(WHEN) : out of interval
Error: &f0r: no such variable.
Note: Starting dynamic gmin stepping
Note: Dynamic gmin stepping completed
Note: Starting dynamic gmin stepping
Note: Dynamic gmin stepping completed
Note: Starting dynamic gmin stepping
Note: Dynamic gmin stepping completed

Error: measure  f0r  when(WHEN) : out of interval
Error: &f0r: no such variable.
Note: Starting dynamic gmin stepping
Note: Dynamic gmin stepping completed
Note: Starting dynamic gmin stepping
Note: Dynamic gmin stepping completed
Note: Starting dynamic gmin stepping
Note: Dynamic gmin stepping completed

Error: measure  f0r  when(WHEN) : out of interval
Error: &f0r: no such variable.
Note: Starting dynamic gmin stepping
Note: Dynamic gmin stepping completed
Note: Starting dynamic gmin stepping
Note: Dynamic gmin stepping completed
Note: Starting dynamic gmin stepping
Note: Dynamic gmin stepping completed

Error: measure  f0r  when(WHEN) : out of interval
Error: &f0r: no such variable.
Note: Starting dynamic gmin stepping
Note: Dynamic gmin stepping completed
Note: Starting dynamic gmin stepping
Note: Dynamic gmin stepping completed
Note: Starting dynamic gmin stepping
Note: Dynamic gmin stepping completed

Error: measure  f0r  when(WHEN) : out of interval
Error: &f0r: no such variable.
Note: Starting dynamic gmin stepping
Warning: Dynamic gmin stepping failed
Note: Starting true gmin stepping
Warning: True gmin stepping failed
Note: Starting source stepping
Note: Source stepping completed
Note: Starting dynamic gmin stepping
Warning: Dynamic gmin stepping failed
Note: Starting true gmin stepping
Warning: True gmin stepping failed
Note: Starting source stepping
Note: Source stepping completed
Note: Starting dynamic gmin stepping
Warning: Dynamic gmin stepping failed
Note: Starting true gmin stepping
Warning: True gmin stepping failed
Note: Starting source stepping
Note: Source stepping completed

Error: measure  f0r  when(WHEN) : out of interval
Error: &f0r: no such variable.
Note: Starting dynamic gmin stepping
Warning: Dynamic gmin stepping failed
Note: Starting true gmin stepping
Warning: True gmin stepping failed
Note: Starting source stepping
Warning: source stepping failed
Note: Transient op started
Note: Transient op finished successfully
Note: Starting dynamic gmin stepping
Warning: Dynamic gmin stepping failed
Note: Starting true gmin stepping
Warning: True gmin stepping failed
Note: Starting source stepping
Warning: source stepping failed
Note: Transient op started
Note: Transient op finished successfully
Note: Starting dynamic gmin stepping
Warning: Dynamic gmin stepping failed
Note: Starting true gmin stepping
Warning: True gmin stepping failed
Note: Starting source stepping
Warning: source stepping failed
Note: Transient op started
Note: Transient op finished successfully

Error: measure  f0  when(WHEN) : out of interval

Error: measure  phx  find(AT) : out of interval

Error: measure  f0r  when(WHEN) : out of interval
Warning from checkvalid: vector f0 is not available or has zero length.
Error: RHS "f0*1.05" invalid
Error: &fres: no such variable.
Error: RHS "" invalid

Error: measure  tres  max(TRIG) : bad syntax, cannot evaluate right hand side of from=vexprint3
Error: &f0: no such variable.
Error: &phx: no such variable.
Error: &f0r: no such variable.
Error: &tres: no such variable.
Note: Starting dynamic gmin stepping
Warning: Dynamic gmin stepping failed
Note: Starting true gmin stepping
Warning: True gmin stepping failed
Note: Starting source stepping
Warning: source stepping failed
Note: Transient op started
Note: Transient op finished successfully
Note: Starting dynamic gmin stepping
Warning: Dynamic gmin stepping failed
Note: Starting true gmin stepping
Warning: True gmin stepping failed
Note: Starting source stepping
Warning: source stepping failed
Note: Transient op started
Note: Transient op finished successfully
Note: Starting dynamic gmin stepping
Warning: Dynamic gmin stepping failed
Note: Starting true gmin stepping
Warning: True gmin stepping failed
Note: Starting source stepping
Warning: source stepping failed
Note: Transient op started
Note: Transient op finished successfully

Error: measure  f0  when(WHEN) : out of interval

Error: measure  phx  find(AT) : out of interval

Error: measure  f0r  when(WHEN) : out of interval
Warning from checkvalid: vector f0 is not available or has zero length.
Error: RHS "f0*1.05" invalid
Error: &fres: no such variable.
Error: RHS "" invalid

Error: measure  tres  max(TRIG) : bad syntax, cannot evaluate right hand side of from=vexprint3
Error: &f0: no such variable.
Error: &phx: no such variable.
Error: &f0r: no such variable.
Error: &tres: no such variable.
Note: Starting dynamic gmin stepping
Warning: Dynamic gmin stepping failed
Note: Starting true gmin stepping
Warning: True gmin stepping failed
Note: Starting source stepping
Warning: source stepping failed
Note: Transient op started
Note: Transient op finished successfully
Note: Starting dynamic gmin stepping
Warning: Dynamic gmin stepping failed
Note: Starting true gmin stepping
Warning: True gmin stepping failed
Note: Starting source stepping
Warning: source stepping failed
Note: Transient op started
Note: Transient op finished successfully
Note: Starting dynamic gmin stepping
Warning: Dynamic gmin stepping failed
Note: Starting true gmin stepping
Warning: True gmin stepping failed
Note: Starting source stepping
Warning: source stepping failed
Note: Transient op started
Note: Transient op finished successfully

Error: measure  f0  when(WHEN) : out of interval

Error: measure  phx  find(AT) : out of interval

Error: measure  f0r  when(WHEN) : out of interval
Warning from checkvalid: vector f0 is not available or has zero length.
Error: RHS "f0*1.05" invalid
Error: &fres: no such variable.
Error: RHS "" invalid

Error: measure  tres  max(TRIG) : bad syntax, cannot evaluate right hand side of from=vexprint3
Error: &f0: no such variable.
Error: &phx: no such variable.
Error: &f0r: no such variable.
Error: &tres: no such variable.
Note: Starting dynamic gmin stepping
Warning: Dynamic gmin stepping failed
Note: Starting true gmin stepping
Warning: True gmin stepping failed
Note: Starting source stepping
Note: Source stepping completed
Note: Starting dynamic gmin stepping
Warning: Dynamic gmin stepping failed
Note: Starting true gmin stepping
Warning: True gmin stepping failed
Note: Starting source stepping
Note: Source stepping completed
Note: Starting dynamic gmin stepping
Warning: Dynamic gmin stepping failed
Note: Starting true gmin stepping
Warning: True gmin stepping failed
Note: Starting source stepping
Note: Source stepping completed

Error: measure  f0r  when(WHEN) : out of interval
Error: &f0r: no such variable.
Note: Starting dynamic gmin stepping
Warning: Dynamic gmin stepping failed
Note: Starting true gmin stepping
Warning: True gmin stepping failed
Note: Starting source stepping
Warning: source stepping failed
Note: Transient op started
Note: Transient op finished successfully
Note: Starting dynamic gmin stepping
Warning: Dynamic gmin stepping failed
Note: Starting true gmin stepping
Warning: True gmin stepping failed
Note: Starting source stepping
Warning: source stepping failed
Note: Transient op started
Note: Transient op finished successfully
Note: Starting dynamic gmin stepping
Warning: Dynamic gmin stepping failed
Note: Starting true gmin stepping
Warning: True gmin stepping failed
Note: Starting source stepping
Warning: source stepping failed
Note: Transient op started
Note: Transient op finished successfully

Error: measure  f0  when(WHEN) : out of interval

Error: measure  phx  find(AT) : out of interval

Error: measure  f180  when(WHEN) : out of interval

Error: measure  gmx  find(AT) : out of interval

Error: measure  f0r  when(WHEN) : out of interval
Warning from checkvalid: vector f0 is not available or has zero length.
Error: RHS "f0*1.05" invalid
Error: &fres: no such variable.
Error: RHS "" invalid

Error: measure  tres  max(TRIG) : bad syntax, cannot evaluate right hand side of from=vexprint3
Error: &f0: no such variable.
Error: &phx: no such variable.
Error: &f180: no such variable.
Error: &gmx: no such variable.
Error: &f0r: no such variable.
Error: &tres: no such variable.
Note: Starting dynamic gmin stepping
Warning: Dynamic gmin stepping failed
Note: Starting true gmin stepping
Warning: True gmin stepping failed
Note: Starting source stepping
Warning: source stepping failed
Note: Transient op started
Note: Transient op finished successfully
Note: Starting dynamic gmin stepping
Warning: Dynamic gmin stepping failed
Note: Starting true gmin stepping
Warning: True gmin stepping failed
Note: Starting source stepping
Warning: source stepping failed
Note: Transient op started
Note: Transient op finished successfully
Note: Starting dynamic gmin stepping
Warning: Dynamic gmin stepping failed
Note: Starting true gmin stepping
Warning: True gmin stepping failed
Note: Starting source stepping
Warning: source stepping failed
Note: Transient op started
Note: Transient op finished successfully

Error: measure  f0r  when(WHEN) : out of interval
Error: &f0r: no such variable.
Note: Starting dynamic gmin stepping
Warning: Dynamic gmin stepping failed
Note: Starting true gmin stepping
Warning: True gmin stepping failed
Note: Starting source stepping
Warning: source stepping failed
Note: Transient op started
Note: Transient op finished successfully
Note: Starting dynamic gmin stepping
Warning: Dynamic gmin stepping failed
Note: Starting true gmin stepping
Warning: True gmin stepping failed
Note: Starting source stepping
Warning: source stepping failed
Note: Transient op started
Note: Transient op finished successfully
Note: Starting dynamic gmin stepping
Warning: Dynamic gmin stepping failed
Note: Starting true gmin stepping
Warning: True gmin stepping failed
Note: Starting source stepping
Warning: source stepping failed
Note: Transient op started
Note: Transient op finished successfully

Error: measure  f180  when(WHEN) : out of interval

Error: measure  gmx  find(AT) : out of interval

Error: measure  f0r  when(WHEN) : out of interval
Error: &f180: no such variable.
Error: &gmx: no such variable.
Error: &f0r: no such variable.
Note: Starting dynamic gmin stepping
Warning: Dynamic gmin stepping failed
Note: Starting true gmin stepping
Warning: True gmin stepping failed
Note: Starting source stepping
Note: Source stepping completed
Note: Starting dynamic gmin stepping
Warning: Dynamic gmin stepping failed
Note: Starting true gmin stepping
Warning: True gmin stepping failed
Note: Starting source stepping
Note: Source stepping completed
Note: Starting dynamic gmin stepping
Warning: Dynamic gmin stepping failed
Note: Starting true gmin stepping
Warning: True gmin stepping failed
Note: Starting source stepping
Note: Source stepping completed

Error: measure  f0r  when(WHEN) : out of interval
Error: &f0r: no such variable.
Note: Starting dynamic gmin stepping
Warning: Dynamic gmin stepping failed
Note: Starting true gmin stepping
Warning: True gmin stepping failed
Note: Starting source stepping
Warning: source stepping failed
Note: Transient op started
Note: Transient op finished successfully
Note: Starting dynamic gmin stepping
Warning: Dynamic gmin stepping failed
Note: Starting true gmin stepping
Warning: True gmin stepping failed
Note: Starting source stepping
Warning: source stepping failed
Note: Transient op started
Note: Transient op finished successfully
Note: Starting dynamic gmin stepping
Warning: Dynamic gmin stepping failed
Note: Starting true gmin stepping
Warning: True gmin stepping failed
Note: Starting source stepping
Warning: source stepping failed
Note: Transient op started
Note: Transient op finished successfully

Error: measure  f0  when(WHEN) : out of interval

Error: measure  phx  find(AT) : out of interval

Error: measure  f0r  when(WHEN) : out of interval
Warning from checkvalid: vector f0 is not available or has zero length.
Error: RHS "f0*1.05" invalid
Error: &fres: no such variable.
Error: RHS "" invalid

Error: measure  tres  max(TRIG) : bad syntax, cannot evaluate right hand side of from=vexprint3
Error: &f0: no such variable.
Error: &phx: no such variable.
Error: &f0r: no such variable.
Error: &tres: no such variable.
Note: Starting dynamic gmin stepping
Warning: Dynamic gmin stepping failed
Note: Starting true gmin stepping
Warning: True gmin stepping failed
Note: Starting source stepping
Warning: source stepping failed
Note: Transient op started
Note: Transient op finished successfully
Note: Starting dynamic gmin stepping
Warning: Dynamic gmin stepping failed
Note: Starting true gmin stepping
Warning: True gmin stepping failed
Note: Starting source stepping
Warning: source stepping failed
Note: Transient op started
Note: Transient op finished successfully
Note: Starting dynamic gmin stepping
Warning: Dynamic gmin stepping failed
Note: Starting true gmin stepping
Warning: True gmin stepping failed
Note: Starting source stepping
Warning: source stepping failed
Note: Transient op started
Note: Transient op finished successfully
Note: Starting dynamic gmin stepping
Warning: Dynamic gmin stepping failed
Note: Starting true gmin stepping
Warning: True gmin stepping failed
Note: Starting source stepping
Warning: source stepping failed
Note: Transient op started
Note: Transient op finished successfully
Note: Starting dynamic gmin stepping
Warning: Dynamic gmin stepping failed
Note: Starting true gmin stepping
Warning: True gmin stepping failed
Note: Starting source stepping
Warning: source stepping failed
Note: Transient op started
Note: Transient op finished successfully
Note: Starting dynamic gmin stepping
Warning: Dynamic gmin stepping failed
Note: Starting true gmin stepping
Warning: True gmin stepping failed
Note: Starting source stepping
Warning: source stepping failed
Note: Transient op started
Note: Transient op finished successfully

Error: measure  f180  when(WHEN) : out of interval

Error: measure  gmx  find(AT) : out of interval
Error: &f180: no such variable.
Error: &gmx: no such variable.
Note: Starting dynamic gmin stepping
Note: Dynamic gmin stepping completed
Note: Starting dynamic gmin stepping
Note: Dynamic gmin stepping completed
Note: Starting dynamic gmin stepping
Note: Dynamic gmin stepping completed

Error: measure  f0r  when(WHEN) : out of interval
Error: &f0r: no such variable.
Note: Starting dynamic gmin stepping
Note: Dynamic gmin stepping completed
Note: Starting dynamic gmin stepping
Note: Dynamic gmin stepping completed
Note: Starting dynamic gmin stepping
Note: Dynamic gmin stepping completed

Error: measure  f0r  when(WHEN) : out of interval
Error: &f0r: no such variable.
Note: Starting dynamic gmin stepping
Note: Dynamic gmin stepping completed
Note: Starting dynamic gmin stepping
Note: Dynamic gmin stepping completed
Note: Starting dynamic gmin stepping
Note: Dynamic gmin stepping completed

Error: measure  f0r  when(WHEN) : out of interval
Error: &f0r: no such variable.
Note: Starting dynamic gmin stepping
Note: Dynamic gmin stepping completed
Note: Starting dynamic gmin stepping
Note: Dynamic gmin stepping completed
Note: Starting dynamic gmin stepping
Note: Dynamic gmin stepping completed

Error: measure  f0r  when(WHEN) : out of interval
Error: &f0r: no such variable.
Note: Starting dynamic gmin stepping
Note: Dynamic gmin stepping completed
Note: Starting dynamic gmin stepping
Note: Dynamic gmin stepping completed
Note: Starting dynamic gmin stepping
Note: Dynamic gmin stepping completed

Error: measure  f0r  when(WHEN) : out of interval
Error: &f0r: no such variable.
Note: Starting dynamic gmin stepping
Note: Dynamic gmin stepping completed
Note: Starting dynamic gmin stepping
Note: Dynamic gmin stepping completed
Note: Starting dynamic gmin stepping
Note: Dynamic gmin stepping completed

Error: measure  f0r  when(WHEN) : out of interval
Error: &f0r: no such variable.
Note: Starting dynamic gmin stepping
Note: Dynamic gmin stepping completed
Note: Starting dynamic gmin stepping
Note: Dynamic gmin stepping completed
Note: Starting dynamic gmin stepping
Note: Dynamic gmin stepping completed

Error: measure  f0r  when(WHEN) : out of interval
Error: &f0r: no such variable.
Note: Starting dynamic gmin stepping
Note: Dynamic gmin stepping completed
Note: Starting dynamic gmin stepping
Note: Dynamic gmin stepping completed
Note: Starting dynamic gmin stepping
Note: Dynamic gmin stepping completed

Error: measure  f0r  when(WHEN) : out of interval
Error: &f0r: no such variable.
Note: Starting dynamic gmin stepping
Note: Dynamic gmin stepping completed
Note: Starting dynamic gmin stepping
Note: Dynamic gmin stepping completed
Note: Starting dynamic gmin stepping
Note: Dynamic gmin stepping completed

Error: measure  f0r  when(WHEN) : out of interval
Error: &f0r: no such variable.
Note: Starting dynamic gmin stepping
Note: Dynamic gmin stepping completed
Note: Starting dynamic gmin stepping
Note: Dynamic gmin stepping completed
Note: Starting dynamic gmin stepping
Note: Dynamic gmin stepping completed

Error: measure  f0r  when(WHEN) : out of interval
Error: &f0r: no such variable.
Note: Starting dynamic gmin stepping
Note: Dynamic gmin stepping completed
Note: Starting dynamic gmin stepping
Note: Dynamic gmin stepping completed
Note: Starting dynamic gmin stepping
Note: Dynamic gmin stepping completed

Error: measure  f0r  when(WHEN) : out of interval
Error: &f0r: no such variable.
Note: Starting dynamic gmin stepping
Note: Dynamic gmin stepping completed
Note: Starting dynamic gmin stepping
Note: Dynamic gmin stepping completed
Note: Starting dynamic gmin stepping
Note: Dynamic gmin stepping completed

Error: measure  f0r  when(WHEN) : out of interval
Error: &f0r: no such variable.
Note: Starting dynamic gmin stepping
Note: Dynamic gmin stepping completed
Note: Starting dynamic gmin stepping
Note: Dynamic gmin stepping completed
Note: Starting dynamic gmin stepping
Note: Dynamic gmin stepping completed

Error: measure  f0r  when(WHEN) : out of interval
Error: &f0r: no such variable.
Note: Starting dynamic gmin stepping
Note: Dynamic gmin stepping completed
Note: Starting dynamic gmin stepping
Note: Dynamic gmin stepping completed
Note: Starting dynamic gmin stepping
Note: Dynamic gmin stepping completed

Error: measure  f0r  when(WHEN) : out of interval
Error: &f0r: no such variable.
Note: Starting dynamic gmin stepping
Note: Dynamic gmin stepping completed
Note: Starting dynamic gmin stepping
Note: Dynamic gmin stepping completed
Note: Starting dynamic gmin stepping
Note: Dynamic gmin stepping completed

Error: measure  f0r  when(WHEN) : out of interval
Error: &f0r: no such variable.
Note: Starting dynamic gmin stepping
Note: Dynamic gmin stepping completed
Note: Starting dynamic gmin stepping
Note: Dynamic gmin stepping completed
Note: Starting dynamic gmin stepping
Note: Dynamic gmin stepping completed

Error: measure  f0r  when(WHEN) : out of interval
Error: &f0r: no such variable.
Note: Starting dynamic gmin stepping
Note: Dynamic gmin stepping completed
Note: Starting dynamic gmin stepping
Note: Dynamic gmin stepping completed
Note: Starting dynamic gmin stepping
Note: Dynamic gmin stepping completed

Error: measure  f0r  when(WHEN) : out of interval
Error: &f0r: no such variable.
Note: Starting dynamic gmin stepping
Note: Dynamic gmin stepping completed
Note: Starting dynamic gmin stepping
Note: Dynamic gmin stepping completed
Note: Starting dynamic gmin stepping
Note: Dynamic gmin stepping completed

Error: measure  f0r  when(WHEN) : out of interval
Error: &f0r: no such variable.
Note: Starting dynamic gmin stepping
Note: Dynamic gmin stepping completed
Note: Starting dynamic gmin stepping
Note: Dynamic gmin stepping completed
Note: Starting dynamic gmin stepping
Note: Dynamic gmin stepping completed

Error: measure  f0r  when(WHEN) : out of interval
Error: &f0r: no such variable.
Note: Starting dynamic gmin stepping
Note: Dynamic gmin stepping completed
Note: Starting dynamic gmin stepping
Note: Dynamic gmin stepping completed
Note: Starting dynamic gmin stepping
Note: Dynamic gmin stepping completed

Error: measure  f0r  when(WHEN) : out of interval
Error: &f0r: no such variable.
Note: Starting dynamic gmin stepping
Note: Dynamic gmin stepping completed
Note: Starting dynamic gmin stepping
Note: Dynamic gmin stepping completed
Note: Starting dynamic gmin stepping
Note: Dynamic gmin stepping completed

Error: measure  f0r  when(WHEN) : out of interval
Error: &f0r: no such variable.
Note: Starting dynamic gmin stepping
Note: Dynamic gmin stepping completed
Note: Starting dynamic gmin stepping
Note: Dynamic gmin stepping completed
Note: Starting dynamic gmin stepping
Note: Dynamic gmin stepping completed

Error: measure  f0r  when(WHEN) : out of interval
Error: &f0r: no such variable.
Note: Starting dynamic gmin stepping
Note: Dynamic gmin stepping completed
Note: Starting dynamic gmin stepping
Note: Dynamic gmin stepping completed
Note: Starting dynamic gmin stepping
Note: Dynamic gmin stepping completed

Error: measure  f0r  when(WHEN) : out of interval
Error: &f0r: no such variable.
Note: Starting dynamic gmin stepping
Note: Dynamic gmin stepping completed
Note: Starting dynamic gmin stepping
Note: Dynamic gmin stepping completed
Note: Starting dynamic gmin stepping
Note: Dynamic gmin stepping completed

Error: measure  f0r  when(WHEN) : out of interval
Error: &f0r: no such variable.
Note: Starting dynamic gmin stepping
Note: Dynamic gmin stepping completed
Note: Starting dynamic gmin stepping
Note: Dynamic gmin stepping completed
Note: Starting dynamic gmin stepping
Note: Dynamic gmin stepping completed

Error: measure  f0r  when(WHEN) : out of interval
Error: &f0r: no such variable.
Note: Starting dynamic gmin stepping
Note: Dynamic gmin stepping completed
Note: Starting dynamic gmin stepping
Note: Dynamic gmin stepping completed
Note: Starting dynamic gmin stepping
Note: Dynamic gmin stepping completed

Error: measure  f0r  when(WHEN) : out of interval
Error: &f0r: no such variable.
Note: Starting dynamic gmin stepping
Note: Dynamic gmin stepping completed
Note: Starting dynamic gmin stepping
Note: Dynamic gmin stepping completed
Note: Starting dynamic gmin stepping
Note: Dynamic gmin stepping completed

Error: measure  f0r  when(WHEN) : out of interval
Error: &f0r: no such variable.
Note: Starting dynamic gmin stepping
Note: Dynamic gmin stepping completed
Note: Starting dynamic gmin stepping
Note: Dynamic gmin stepping completed
Note: Starting dynamic gmin stepping
Note: Dynamic gmin stepping completed

Error: measure  f0r  when(WHEN) : out of interval
Error: &f0r: no such variable.
Note: Starting dynamic gmin stepping
Note: Dynamic gmin stepping completed
Note: Starting dynamic gmin stepping
Note: Dynamic gmin stepping completed
Note: Starting dynamic gmin stepping
Note: Dynamic gmin stepping completed

Error: measure  f0r  when(WHEN) : out of interval
Error: &f0r: no such variable.
Note: Starting dynamic gmin stepping
Note: Dynamic gmin stepping completed
Note: Starting dynamic gmin stepping
Note: Dynamic gmin stepping completed
Note: Starting dynamic gmin stepping
Note: Dynamic gmin stepping completed

Error: measure  f0r  when(WHEN) : out of interval
Error: &f0r: no such variable.
Note: Starting dynamic gmin stepping
Note: Dynamic gmin stepping completed
Note: Starting dynamic gmin stepping
Note: Dynamic gmin stepping completed
Note: Starting dynamic gmin stepping
Note: Dynamic gmin stepping completed

Error: measure  f0r  when(WHEN) : out of interval
Error: &f0r: no such variable.
Note: Starting dynamic gmin stepping
Note: Dynamic gmin stepping completed
Note: Starting dynamic gmin stepping
Note: Dynamic gmin stepping completed
Note: Starting dynamic gmin stepping
Note: Dynamic gmin stepping completed

Error: measure  f0r  when(WHEN) : out of interval
Error: &f0r: no such variable.
Note: Starting dynamic gmin stepping
Note: Dynamic gmin stepping completed
Note: Starting dynamic gmin stepping
Note: Dynamic gmin stepping completed
Note: Starting dynamic gmin stepping
Note: Dynamic gmin stepping completed

Error: measure  f0r  when(WHEN) : out of interval
Error: &f0r: no such variable.
Note: Starting dynamic gmin stepping
Note: Dynamic gmin stepping completed
Note: Starting dynamic gmin stepping
Note: Dynamic gmin stepping completed
Note: Starting dynamic gmin stepping
Note: Dynamic gmin stepping completed

Error: measure  f0r  when(WHEN) : out of interval
Error: &f0r: no such variable.
Note: Starting dynamic gmin stepping
Note: Dynamic gmin stepping completed
Note: Starting dynamic gmin stepping
Note: Dynamic gmin stepping completed
Note: Starting dynamic gmin stepping
Note: Dynamic gmin stepping completed

Error: measure  f0r  when(WHEN) : out of interval
Error: &f0r: no such variable.
Note: Starting dynamic gmin stepping
Note: Dynamic gmin stepping completed
Note: Starting dynamic gmin stepping
Note: Dynamic gmin stepping completed
Note: Starting dynamic gmin stepping
Note: Dynamic gmin stepping completed

Error: measure  f0r  when(WHEN) : out of interval
Error: &f0r: no such variable.
Note: Starting dynamic gmin stepping
Warning: Dynamic gmin stepping failed
Note: Starting true gmin stepping
Note: True gmin stepping completed
Note: Starting dynamic gmin stepping
Warning: Dynamic gmin stepping failed
Note: Starting true gmin stepping
Note: True gmin stepping completed
Note: Starting dynamic gmin stepping
Warning: Dynamic gmin stepping failed
Note: Starting true gmin stepping
Note: True gmin stepping completed

Error: measure  f0r  when(WHEN) : out of interval
Error: &f0r: no such variable.
Note: Starting dynamic gmin stepping
Warning: Dynamic gmin stepping failed
Note: Starting true gmin stepping
Note: True gmin stepping completed
Note: Starting dynamic gmin stepping
Warning: Dynamic gmin stepping failed
Note: Starting true gmin stepping
Note: True gmin stepping completed
Note: Starting dynamic gmin stepping
Warning: Dynamic gmin stepping failed
Note: Starting true gmin stepping
Note: True gmin stepping completed

Error: measure  f0r  when(WHEN) : out of interval
Error: &f0r: no such variable.
Note: Starting dynamic gmin stepping
Warning: Dynamic gmin stepping failed
Note: Starting true gmin stepping
Note: True gmin stepping completed
Note: Starting dynamic gmin stepping
Warning: Dynamic gmin stepping failed
Note: Starting true gmin stepping
Note: True gmin stepping completed
Note: Starting dynamic gmin stepping
Warning: Dynamic gmin stepping failed
Note: Starting true gmin stepping
Note: True gmin stepping completed

Error: measure  f0r  when(WHEN) : out of interval
Error: &f0r: no such variable.
Note: Starting dynamic gmin stepping
Warning: Dynamic gmin stepping failed
Note: Starting true gmin stepping
Note: True gmin stepping completed
Note: Starting dynamic gmin stepping
Warning: Dynamic gmin stepping failed
Note: Starting true gmin stepping
Note: True gmin stepping completed
Note: Starting dynamic gmin stepping
Warning: Dynamic gmin stepping failed
Note: Starting true gmin stepping
Note: True gmin stepping completed

Error: measure  f0r  when(WHEN) : out of interval
Error: &f0r: no such variable.
Note: Starting dynamic gmin stepping
Warning: Dynamic gmin stepping failed
Note: Starting true gmin stepping
Note: True gmin stepping completed
Note: Starting dynamic gmin stepping
Warning: Dynamic gmin stepping failed
Note: Starting true gmin stepping
Note: True gmin stepping completed
Note: Starting dynamic gmin stepping
Warning: Dynamic gmin stepping failed
Note: Starting true gmin stepping
Note: True gmin stepping completed

Error: measure  f0r  when(WHEN) : out of interval
Error: &f0r: no such variable.
Note: Starting dynamic gmin stepping
Warning: Dynamic gmin stepping failed
Note: Starting true gmin stepping
Note: True gmin stepping completed
Note: Starting dynamic gmin stepping
Warning: Dynamic gmin stepping failed
Note: Starting true gmin stepping
Note: True gmin stepping completed
Note: Starting dynamic gmin stepping
Warning: Dynamic gmin stepping failed
Note: Starting true gmin stepping
Note: True gmin stepping completed

Error: measure  f0r  when(WHEN) : out of interval
Error: &f0r: no such variable.
Note: Starting dynamic gmin stepping
Warning: Dynamic gmin stepping failed
Note: Starting true gmin stepping
Note: True gmin stepping completed
Note: Starting dynamic gmin stepping
Warning: Dynamic gmin stepping failed
Note: Starting true gmin stepping
Note: True gmin stepping completed
Note: Starting dynamic gmin stepping
Warning: Dynamic gmin stepping failed
Note: Starting true gmin stepping
Note: True gmin stepping completed

Error: measure  f0r  when(WHEN) : out of interval
Error: &f0r: no such variable.
Note: Starting dynamic gmin stepping
Warning: Dynamic gmin stepping failed
Note: Starting true gmin stepping
Note: True gmin stepping completed
Note: Starting dynamic gmin stepping
Warning: Dynamic gmin stepping failed
Note: Starting true gmin stepping
Note: True gmin stepping completed
Note: Starting dynamic gmin stepping
Warning: Dynamic gmin stepping failed
Note: Starting true gmin stepping
Note: True gmin stepping completed

Error: measure  f0r  when(WHEN) : out of interval
Error: &f0r: no such variable.
Note: Starting dynamic gmin stepping
Warning: Dynamic gmin stepping failed
Note: Starting true gmin stepping
Note: True gmin stepping completed
Note: Starting dynamic gmin stepping
Warning: Dynamic gmin stepping failed
Note: Starting true gmin stepping
Note: True gmin stepping completed
Note: Starting dynamic gmin stepping
Warning: Dynamic gmin stepping failed
Note: Starting true gmin stepping
Note: True gmin stepping completed

Error: measure  f0r  when(WHEN) : out of interval
Error: &f0r: no such variable.
Note: Starting dynamic gmin stepping
Warning: Dynamic gmin stepping failed
Note: Starting true gmin stepping
Note: True gmin stepping completed
Note: Starting dynamic gmin stepping
Warning: Dynamic gmin stepping failed
Note: Starting true gmin stepping
Note: True gmin stepping completed
Note: Starting dynamic gmin stepping
Warning: Dynamic gmin stepping failed
Note: Starting true gmin stepping
Note: True gmin stepping completed

Error: measure  f0r  when(WHEN) : out of interval
Error: &f0r: no such variable.
Note: Starting dynamic gmin stepping
Warning: Dynamic gmin stepping failed
Note: Starting true gmin stepping
Note: True gmin stepping completed
Note: Starting dynamic gmin stepping
Warning: Dynamic gmin stepping failed
Note: Starting true gmin stepping
Note: True gmin stepping completed
Note: Starting dynamic gmin stepping
Warning: Dynamic gmin stepping failed
Note: Starting true gmin stepping
Note: True gmin stepping completed

Error: measure  f0r  when(WHEN) : out of interval
Error: &f0r: no such variable.
Note: Starting dynamic gmin stepping
Warning: Dynamic gmin stepping failed
Note: Starting true gmin stepping
Note: True gmin stepping completed
Note: Starting dynamic gmin stepping
Warning: Dynamic gmin stepping failed
Note: Starting true gmin stepping
Note: True gmin stepping completed
Note: Starting dynamic gmin stepping
Warning: Dynamic gmin stepping failed
Note: Starting true gmin stepping
Note: True gmin stepping completed

Error: measure  f0r  when(WHEN) : out of interval
Error: &f0r: no such variable.
