* AC-resolution convergence probe (issue #58). Derived evidence for
* record 20260802-204343-e912fbd; NOT a sweep record of its own.
* corner=ss_-40c_3.63v iload=0.1mA ceff=4.7uF esr=1mohm
* ac dec 400 0.01 1e9 -- this is the ONE point of 4536 where the
* dec 50 -> dec 400 comparison moved a gain margin by more than
* 0.1 dB (45.68 dB -> 42.38 dB). Re-probed at three resolutions to
* establish which reading is converged: dec 50 finds one -180 deg
* crossing (2.42 MHz), dec 400 and dec 4000 both find an earlier one
* at 871 kHz that dec 50 stepped over.
* the two printed columns after the frequency are |T| in dB and
* unwrapped phase(T) in degrees

Note: Compatibility modes selected: hs a


Circuit: * loop-stability -- tian dual-injection loop-gain testbench for ldo_core (issue #10)

* corner_id=ss_-40c_3.63v corner=ss temp_c=-40 vin_v=3.63
* ac sweep: dec 400 0.01 1e9 ; Tian dual injection at ERRAMP_OUT->PASS_GATE
* columns: ROW iload_a= ceff_f= esr_ohm= vout_v= dcgain_db= f0_hz= phase_at_f0_deg=
*          f180_hz= gain_at_f180_db= f0_rising_hz= resurgence_db=
* (phase margin = 180 + phase_at_f0_deg ; gain margin = -gain_at_f180_db ;
*  resurgence_db = max |T| in dB above the first 0 dB crossing, DR-0008 ;
*  an empty f180/gain field means the phase never reaches -180 deg in band)
* Fields are written key=value BECAUSE a failed meas leaves its value
* empty: with bare positional fields an empty one vanishes into the
* whitespace and every field after it is read as the wrong quantity.
Doing analysis at TEMP = -40.000000 and TNOM = 27.000000

Using SPARSE 1.3 as Direct Linear Solver
 Reference value :  0.00000e+00
No. of Data Rows : 1
Doing analysis at TEMP = -40.000000 and TNOM = 27.000000

Using SPARSE 1.3 as Direct Linear Solver
 Reference value :  1.00000e-02
No. of Data Rows : 4401
Doing analysis at TEMP = -40.000000 and TNOM = 27.000000

Using SPARSE 1.3 as Direct Linear Solver
 Reference value :  1.00000e-02
No. of Data Rows : 4401
dcg                 =  1.44226e+02
f0                  =  1.42657e+04
phx                 =  -1.01448e+02
f180                =  8.71477e+05
gmx                 =  -4.23813e+01
 meas ac f0r when tdb=0 rise=1 failed!

tres                =  -6.36783e-02 at=  1.43714e+04
* loop-stability -- tian dual-injection loop-gain testbench for ldo_core (issue #10)
AC Analysis  Sun Aug  2 13:44:04  2026
--------------------------------------------------------------------------------
Index   frequency       tdb             tph             
--------------------------------------------------------------------------------
0	1.000000e-02	1.442260e+02	-6.68303e-01	
1	1.005773e-02	1.442260e+02	-6.72161e-01	
2	1.011579e-02	1.442260e+02	-6.76042e-01	
3	1.017419e-02	1.442260e+02	-6.79944e-01	
4	1.023293e-02	1.442260e+02	-6.83870e-01	
5	1.029201e-02	1.442260e+02	-6.87817e-01	
6	1.035142e-02	1.442260e+02	-6.91788e-01	
7	1.041118e-02	1.442260e+02	-6.95782e-01	
8	1.047129e-02	1.442259e+02	-6.99798e-01	
9	1.053174e-02	1.442259e+02	-7.03838e-01	
10	1.059254e-02	1.442259e+02	-7.07902e-01	
11	1.065369e-02	1.442259e+02	-7.11988e-01	
12	1.071519e-02	1.442259e+02	-7.16098e-01	
13	1.077705e-02	1.442259e+02	-7.20232e-01	
14	1.083927e-02	1.442259e+02	-7.24390e-01	
15	1.090184e-02	1.442259e+02	-7.28572e-01	
16	1.096478e-02	1.442259e+02	-7.32778e-01	
17	1.102808e-02	1.442259e+02	-7.37008e-01	
18	1.109175e-02	1.442259e+02	-7.41263e-01	
19	1.115578e-02	1.442259e+02	-7.45542e-01	
20	1.122018e-02	1.442259e+02	-7.49846e-01	
21	1.128496e-02	1.442259e+02	-7.54175e-01	
22	1.135011e-02	1.442259e+02	-7.58529e-01	
23	1.141563e-02	1.442259e+02	-7.62907e-01	
24	1.148154e-02	1.442259e+02	-7.67312e-01	
25	1.154782e-02	1.442259e+02	-7.71741e-01	
26	1.161449e-02	1.442259e+02	-7.76196e-01	
27	1.168154e-02	1.442259e+02	-7.80677e-01	
28	1.174898e-02	1.442259e+02	-7.85184e-01	
29	1.181680e-02	1.442259e+02	-7.89717e-01	
30	1.188502e-02	1.442259e+02	-7.94276e-01	
31	1.195364e-02	1.442258e+02	-7.98861e-01	
32	1.202264e-02	1.442258e+02	-8.03473e-01	
33	1.209205e-02	1.442258e+02	-8.08111e-01	
34	1.216186e-02	1.442258e+02	-8.12776e-01	
35	1.223207e-02	1.442258e+02	-8.17468e-01	
36	1.230269e-02	1.442258e+02	-8.22187e-01	
37	1.237371e-02	1.442258e+02	-8.26934e-01	
38	1.244515e-02	1.442258e+02	-8.31707e-01	
39	1.251699e-02	1.442258e+02	-8.36509e-01	
40	1.258925e-02	1.442258e+02	-8.41338e-01	
41	1.266193e-02	1.442258e+02	-8.46195e-01	
42	1.273503e-02	1.442258e+02	-8.51079e-01	
43	1.280855e-02	1.442258e+02	-8.55993e-01	
44	1.288250e-02	1.442258e+02	-8.60934e-01	
45	1.295687e-02	1.442258e+02	-8.65904e-01	
46	1.303167e-02	1.442258e+02	-8.70903e-01	
47	1.310690e-02	1.442258e+02	-8.75930e-01	
48	1.318257e-02	1.442258e+02	-8.80987e-01	
49	1.325867e-02	1.442257e+02	-8.86073e-01	
50	1.333521e-02	1.442257e+02	-8.91188e-01	
51	1.341220e-02	1.442257e+02	-8.96333e-01	
52	1.348963e-02	1.442257e+02	-9.01507e-01	
53	1.356751e-02	1.442257e+02	-9.06711e-01	
54	1.364583e-02	1.442257e+02	-9.11945e-01	

Index   frequency       tdb             tph             
--------------------------------------------------------------------------------
55	1.372461e-02	1.442257e+02	-9.17210e-01	
56	1.380384e-02	1.442257e+02	-9.22505e-01	
57	1.388353e-02	1.442257e+02	-9.27830e-01	
58	1.396368e-02	1.442257e+02	-9.33186e-01	
59	1.404430e-02	1.442257e+02	-9.38573e-01	
60	1.412538e-02	1.442257e+02	-9.43992e-01	
61	1.420692e-02	1.442257e+02	-9.49441e-01	
62	1.428894e-02	1.442257e+02	-9.54922e-01	
63	1.437143e-02	1.442257e+02	-9.60434e-01	
64	1.445440e-02	1.442256e+02	-9.65979e-01	
65	1.453784e-02	1.442256e+02	-9.71555e-01	
66	1.462177e-02	1.442256e+02	-9.77164e-01	
67	1.470618e-02	1.442256e+02	-9.82805e-01	
68	1.479108e-02	1.442256e+02	-9.88478e-01	
69	1.487647e-02	1.442256e+02	-9.94184e-01	
70	1.496236e-02	1.442256e+02	-9.99923e-01	
71	1.504874e-02	1.442256e+02	-1.00570e+00	
72	1.513561e-02	1.442256e+02	-1.01150e+00	
73	1.522299e-02	1.442256e+02	-1.01734e+00	
74	1.531087e-02	1.442256e+02	-1.02321e+00	
75	1.539927e-02	1.442256e+02	-1.02912e+00	
76	1.548817e-02	1.442256e+02	-1.03506e+00	
77	1.557758e-02	1.442255e+02	-1.04104e+00	
78	1.566751e-02	1.442255e+02	-1.04705e+00	
79	1.575796e-02	1.442255e+02	-1.05309e+00	
80	1.584893e-02	1.442255e+02	-1.05917e+00	
81	1.594043e-02	1.442255e+02	-1.06528e+00	
82	1.603245e-02	1.442255e+02	-1.07143e+00	
83	1.612501e-02	1.442255e+02	-1.07762e+00	
84	1.621810e-02	1.442255e+02	-1.08384e+00	
85	1.631173e-02	1.442255e+02	-1.09010e+00	
86	1.640590e-02	1.442255e+02	-1.09639e+00	
87	1.650061e-02	1.442255e+02	-1.10272e+00	
88	1.659587e-02	1.442254e+02	-1.10908e+00	
89	1.669168e-02	1.442254e+02	-1.11549e+00	
90	1.678804e-02	1.442254e+02	-1.12192e+00	
91	1.688496e-02	1.442254e+02	-1.12840e+00	
92	1.698244e-02	1.442254e+02	-1.13491e+00	
93	1.708048e-02	1.442254e+02	-1.14147e+00	
94	1.717908e-02	1.442254e+02	-1.14806e+00	
95	1.727826e-02	1.442254e+02	-1.15468e+00	
96	1.737801e-02	1.442254e+02	-1.16135e+00	
97	1.747833e-02	1.442253e+02	-1.16805e+00	
98	1.757924e-02	1.442253e+02	-1.17480e+00	
99	1.768072e-02	1.442253e+02	-1.18158e+00	
100	1.778279e-02	1.442253e+02	-1.18840e+00	
101	1.788546e-02	1.442253e+02	-1.19526e+00	
102	1.798871e-02	1.442253e+02	-1.20216e+00	
103	1.809256e-02	1.442253e+02	-1.20910e+00	
104	1.819701e-02	1.442253e+02	-1.21608e+00	
105	1.830206e-02	1.442253e+02	-1.22310e+00	
106	1.840772e-02	1.442252e+02	-1.23016e+00	
107	1.851399e-02	1.442252e+02	-1.23726e+00	
108	1.862087e-02	1.442252e+02	-1.24440e+00	
109	1.872837e-02	1.442252e+02	-1.25158e+00	
110	1.883649e-02	1.442252e+02	-1.25881e+00	
111	1.894524e-02	1.442252e+02	-1.26607e+00	
112	1.905461e-02	1.442252e+02	-1.27338e+00	

Index   frequency       tdb             tph             
--------------------------------------------------------------------------------
113	1.916461e-02	1.442252e+02	-1.28073e+00	
114	1.927525e-02	1.442251e+02	-1.28813e+00	
115	1.938653e-02	1.442251e+02	-1.29556e+00	
116	1.949845e-02	1.442251e+02	-1.30304e+00	
117	1.961101e-02	1.442251e+02	-1.31056e+00	
118	1.972423e-02	1.442251e+02	-1.31813e+00	
119	1.983810e-02	1.442251e+02	-1.32574e+00	
120	1.995262e-02	1.442251e+02	-1.33339e+00	
121	2.006781e-02	1.442251e+02	-1.34109e+00	
122	2.018366e-02	1.442250e+02	-1.34883e+00	
123	2.030019e-02	1.442250e+02	-1.35661e+00	
124	2.041738e-02	1.442250e+02	-1.36445e+00	
125	2.053525e-02	1.442250e+02	-1.37232e+00	
126	2.065380e-02	1.442250e+02	-1.38024e+00	
127	2.077304e-02	1.442250e+02	-1.38821e+00	
128	2.089296e-02	1.442249e+02	-1.39622e+00	
129	2.101358e-02	1.442249e+02	-1.40428e+00	
130	2.113489e-02	1.442249e+02	-1.41239e+00	
131	2.125690e-02	1.442249e+02	-1.42054e+00	
132	2.137962e-02	1.442249e+02	-1.42874e+00	
133	2.150305e-02	1.442249e+02	-1.43699e+00	
134	2.162719e-02	1.442249e+02	-1.44528e+00	
135	2.175204e-02	1.442248e+02	-1.45363e+00	
136	2.187762e-02	1.442248e+02	-1.46202e+00	
137	2.200392e-02	1.442248e+02	-1.47046e+00	
138	2.213095e-02	1.442248e+02	-1.47895e+00	
139	2.225871e-02	1.442248e+02	-1.48748e+00	
140	2.238721e-02	1.442248e+02	-1.49607e+00	
141	2.251645e-02	1.442247e+02	-1.50470e+00	
142	2.264644e-02	1.442247e+02	-1.51339e+00	
143	2.277718e-02	1.442247e+02	-1.52213e+00	
144	2.290868e-02	1.442247e+02	-1.53091e+00	
145	2.304093e-02	1.442247e+02	-1.53975e+00	
146	2.317395e-02	1.442246e+02	-1.54864e+00	
147	2.330773e-02	1.442246e+02	-1.55758e+00	
148	2.344229e-02	1.442246e+02	-1.56657e+00	
149	2.357762e-02	1.442246e+02	-1.57561e+00	
150	2.371374e-02	1.442246e+02	-1.58470e+00	
151	2.385064e-02	1.442245e+02	-1.59385e+00	
152	2.398833e-02	1.442245e+02	-1.60305e+00	
153	2.412682e-02	1.442245e+02	-1.61231e+00	
154	2.426610e-02	1.442245e+02	-1.62161e+00	
155	2.440619e-02	1.442245e+02	-1.63097e+00	
156	2.454709e-02	1.442244e+02	-1.64039e+00	
157	2.468880e-02	1.442244e+02	-1.64985e+00	
158	2.483133e-02	1.442244e+02	-1.65938e+00	
159	2.497468e-02	1.442244e+02	-1.66896e+00	
160	2.511886e-02	1.442244e+02	-1.67859e+00	
161	2.526388e-02	1.442243e+02	-1.68828e+00	
162	2.540973e-02	1.442243e+02	-1.69802e+00	
163	2.555642e-02	1.442243e+02	-1.70782e+00	
164	2.570396e-02	1.442243e+02	-1.71768e+00	
165	2.585235e-02	1.442242e+02	-1.72760e+00	
166	2.600160e-02	1.442242e+02	-1.73757e+00	
167	2.615170e-02	1.442242e+02	-1.74760e+00	
168	2.630268e-02	1.442242e+02	-1.75769e+00	
169	2.645453e-02	1.442241e+02	-1.76783e+00	
170	2.660725e-02	1.442241e+02	-1.77804e+00	

Index   frequency       tdb             tph             
--------------------------------------------------------------------------------
171	2.676086e-02	1.442241e+02	-1.78830e+00	
172	2.691535e-02	1.442241e+02	-1.79862e+00	
173	2.707073e-02	1.442240e+02	-1.80900e+00	
174	2.722701e-02	1.442240e+02	-1.81944e+00	
175	2.738420e-02	1.442240e+02	-1.82995e+00	
176	2.754229e-02	1.442240e+02	-1.84051e+00	
177	2.770129e-02	1.442239e+02	-1.85113e+00	
178	2.786121e-02	1.442239e+02	-1.86182e+00	
179	2.802206e-02	1.442239e+02	-1.87256e+00	
180	2.818383e-02	1.442239e+02	-1.88337e+00	
181	2.834654e-02	1.442238e+02	-1.89424e+00	
182	2.851018e-02	1.442238e+02	-1.90517e+00	
183	2.867477e-02	1.442238e+02	-1.91617e+00	
184	2.884032e-02	1.442237e+02	-1.92723e+00	
185	2.900681e-02	1.442237e+02	-1.93835e+00	
186	2.917427e-02	1.442237e+02	-1.94954e+00	
187	2.934270e-02	1.442236e+02	-1.96079e+00	
188	2.951209e-02	1.442236e+02	-1.97211e+00	
189	2.968247e-02	1.442236e+02	-1.98349e+00	
190	2.985383e-02	1.442236e+02	-1.99494e+00	
191	3.002617e-02	1.442235e+02	-2.00646e+00	
192	3.019952e-02	1.442235e+02	-2.01804e+00	
193	3.037386e-02	1.442235e+02	-2.02969e+00	
194	3.054921e-02	1.442234e+02	-2.04140e+00	
195	3.072557e-02	1.442234e+02	-2.05318e+00	
196	3.090295e-02	1.442234e+02	-2.06503e+00	
197	3.108136e-02	1.442233e+02	-2.07695e+00	
198	3.126079e-02	1.442233e+02	-2.08894e+00	
199	3.144126e-02	1.442233e+02	-2.10100e+00	
200	3.162278e-02	1.442232e+02	-2.11312e+00	
201	3.180534e-02	1.442232e+02	-2.12532e+00	
202	3.198895e-02	1.442232e+02	-2.13758e+00	
203	3.217363e-02	1.442231e+02	-2.14992e+00	
204	3.235937e-02	1.442231e+02	-2.16233e+00	
205	3.254618e-02	1.442230e+02	-2.17481e+00	
206	3.273407e-02	1.442230e+02	-2.18736e+00	
207	3.292305e-02	1.442230e+02	-2.19999e+00	
208	3.311311e-02	1.442229e+02	-2.21268e+00	
209	3.330428e-02	1.442229e+02	-2.22545e+00	
210	3.349654e-02	1.442229e+02	-2.23830e+00	
211	3.368992e-02	1.442228e+02	-2.25122e+00	
212	3.388442e-02	1.442228e+02	-2.26421e+00	
213	3.408003e-02	1.442227e+02	-2.27728e+00	
214	3.427678e-02	1.442227e+02	-2.29042e+00	
215	3.447466e-02	1.442226e+02	-2.30364e+00	
216	3.467369e-02	1.442226e+02	-2.31693e+00	
217	3.487386e-02	1.442226e+02	-2.33030e+00	
218	3.507519e-02	1.442225e+02	-2.34375e+00	
219	3.527768e-02	1.442225e+02	-2.35728e+00	
220	3.548134e-02	1.442224e+02	-2.37088e+00	
221	3.568617e-02	1.442224e+02	-2.38457e+00	
222	3.589219e-02	1.442223e+02	-2.39833e+00	
223	3.609940e-02	1.442223e+02	-2.41217e+00	
224	3.630781e-02	1.442222e+02	-2.42609e+00	
225	3.651741e-02	1.442222e+02	-2.44009e+00	
226	3.672823e-02	1.442222e+02	-2.45417e+00	
227	3.694026e-02	1.442221e+02	-2.46834e+00	
228	3.715352e-02	1.442221e+02	-2.48258e+00	

Index   frequency       tdb             tph             
--------------------------------------------------------------------------------
229	3.736801e-02	1.442220e+02	-2.49691e+00	
230	3.758374e-02	1.442220e+02	-2.51132e+00	
231	3.780071e-02	1.442219e+02	-2.52581e+00	
232	3.801894e-02	1.442219e+02	-2.54039e+00	
233	3.823843e-02	1.442218e+02	-2.55505e+00	
234	3.845918e-02	1.442218e+02	-2.56979e+00	
235	3.868121e-02	1.442217e+02	-2.58462e+00	
236	3.890451e-02	1.442217e+02	-2.59954e+00	
237	3.912911e-02	1.442216e+02	-2.61454e+00	
238	3.935501e-02	1.442215e+02	-2.62963e+00	
239	3.958221e-02	1.442215e+02	-2.64480e+00	
240	3.981072e-02	1.442214e+02	-2.66007e+00	
241	4.004055e-02	1.442214e+02	-2.67542e+00	
242	4.027170e-02	1.442213e+02	-2.69086e+00	
243	4.050419e-02	1.442213e+02	-2.70638e+00	
244	4.073803e-02	1.442212e+02	-2.72200e+00	
245	4.097321e-02	1.442211e+02	-2.73771e+00	
246	4.120975e-02	1.442211e+02	-2.75351e+00	
247	4.144766e-02	1.442210e+02	-2.76940e+00	
248	4.168694e-02	1.442210e+02	-2.78538e+00	
249	4.192760e-02	1.442209e+02	-2.80145e+00	
250	4.216965e-02	1.442208e+02	-2.81762e+00	
251	4.241310e-02	1.442208e+02	-2.83388e+00	
252	4.265795e-02	1.442207e+02	-2.85023e+00	
253	4.290422e-02	1.442207e+02	-2.86668e+00	
254	4.315191e-02	1.442206e+02	-2.88322e+00	
255	4.340103e-02	1.442205e+02	-2.89985e+00	
256	4.365158e-02	1.442205e+02	-2.91659e+00	
257	4.390359e-02	1.442204e+02	-2.93342e+00	
258	4.415704e-02	1.442203e+02	-2.95034e+00	
259	4.441197e-02	1.442202e+02	-2.96737e+00	
260	4.466836e-02	1.442202e+02	-2.98449e+00	
261	4.492623e-02	1.442201e+02	-3.00171e+00	
262	4.518559e-02	1.442200e+02	-3.01903e+00	
263	4.544645e-02	1.442200e+02	-3.03645e+00	
264	4.570882e-02	1.442199e+02	-3.05397e+00	
265	4.597270e-02	1.442198e+02	-3.07159e+00	
266	4.623810e-02	1.442197e+02	-3.08932e+00	
267	4.650504e-02	1.442197e+02	-3.10714e+00	
268	4.677351e-02	1.442196e+02	-3.12507e+00	
269	4.704354e-02	1.442195e+02	-3.14310e+00	
270	4.731513e-02	1.442194e+02	-3.16124e+00	
271	4.758828e-02	1.442194e+02	-3.17948e+00	
272	4.786301e-02	1.442193e+02	-3.19782e+00	
273	4.813933e-02	1.442192e+02	-3.21627e+00	
274	4.841724e-02	1.442191e+02	-3.23483e+00	
275	4.869675e-02	1.442190e+02	-3.25349e+00	
276	4.897788e-02	1.442189e+02	-3.27226e+00	
277	4.926063e-02	1.442189e+02	-3.29114e+00	
278	4.954502e-02	1.442188e+02	-3.31013e+00	
279	4.983105e-02	1.442187e+02	-3.32923e+00	
280	5.011872e-02	1.442186e+02	-3.34844e+00	
281	5.040806e-02	1.442185e+02	-3.36775e+00	
282	5.069907e-02	1.442184e+02	-3.38718e+00	
283	5.099176e-02	1.442183e+02	-3.40673e+00	
284	5.128614e-02	1.442182e+02	-3.42638e+00	
285	5.158222e-02	1.442181e+02	-3.44615e+00	
286	5.188000e-02	1.442180e+02	-3.46603e+00	

Index   frequency       tdb             tph             
--------------------------------------------------------------------------------
287	5.217951e-02	1.442180e+02	-3.48602e+00	
288	5.248075e-02	1.442179e+02	-3.50614e+00	
289	5.278372e-02	1.442178e+02	-3.52636e+00	
290	5.308844e-02	1.442177e+02	-3.54671e+00	
291	5.339493e-02	1.442176e+02	-3.56717e+00	
292	5.370318e-02	1.442175e+02	-3.58775e+00	
293	5.401321e-02	1.442174e+02	-3.60844e+00	
294	5.432503e-02	1.442173e+02	-3.62926e+00	
295	5.463865e-02	1.442172e+02	-3.65020e+00	
296	5.495409e-02	1.442170e+02	-3.67125e+00	
297	5.527134e-02	1.442169e+02	-3.69243e+00	
298	5.559043e-02	1.442168e+02	-3.71373e+00	
299	5.591135e-02	1.442167e+02	-3.73515e+00	
300	5.623413e-02	1.442166e+02	-3.75670e+00	
301	5.655878e-02	1.442165e+02	-3.77837e+00	
302	5.688529e-02	1.442164e+02	-3.80017e+00	
303	5.721370e-02	1.442163e+02	-3.82209e+00	
304	5.754399e-02	1.442162e+02	-3.84413e+00	
305	5.787620e-02	1.442160e+02	-3.86631e+00	
306	5.821032e-02	1.442159e+02	-3.88861e+00	
307	5.854637e-02	1.442158e+02	-3.91104e+00	
308	5.888437e-02	1.442157e+02	-3.93360e+00	
309	5.922431e-02	1.442156e+02	-3.95629e+00	
310	5.956621e-02	1.442154e+02	-3.97911e+00	
311	5.991009e-02	1.442153e+02	-4.00206e+00	
312	6.025596e-02	1.442152e+02	-4.02514e+00	
313	6.060382e-02	1.442150e+02	-4.04836e+00	
314	6.095369e-02	1.442149e+02	-4.07171e+00	
315	6.130558e-02	1.442148e+02	-4.09519e+00	
316	6.165950e-02	1.442147e+02	-4.11881e+00	
317	6.201546e-02	1.442145e+02	-4.14256e+00	
318	6.237348e-02	1.442144e+02	-4.16646e+00	
319	6.273357e-02	1.442142e+02	-4.19049e+00	
320	6.309573e-02	1.442141e+02	-4.21465e+00	
321	6.345999e-02	1.442140e+02	-4.23896e+00	
322	6.382635e-02	1.442138e+02	-4.26341e+00	
323	6.419482e-02	1.442137e+02	-4.28800e+00	
324	6.456542e-02	1.442135e+02	-4.31272e+00	
325	6.493816e-02	1.442134e+02	-4.33760e+00	
326	6.531306e-02	1.442132e+02	-4.36261e+00	
327	6.569011e-02	1.442131e+02	-4.38777e+00	
328	6.606934e-02	1.442129e+02	-4.41307e+00	
329	6.645077e-02	1.442128e+02	-4.43852e+00	
330	6.683439e-02	1.442126e+02	-4.46412e+00	
331	6.722023e-02	1.442125e+02	-4.48986e+00	
332	6.760830e-02	1.442123e+02	-4.51575e+00	
333	6.799860e-02	1.442121e+02	-4.54179e+00	
334	6.839116e-02	1.442120e+02	-4.56798e+00	
335	6.878599e-02	1.442118e+02	-4.59432e+00	
336	6.918310e-02	1.442116e+02	-4.62081e+00	
337	6.958250e-02	1.442115e+02	-4.64745e+00	
338	6.998420e-02	1.442113e+02	-4.67425e+00	
339	7.038822e-02	1.442111e+02	-4.70120e+00	
340	7.079458e-02	1.442110e+02	-4.72831e+00	
341	7.120328e-02	1.442108e+02	-4.75557e+00	
342	7.161434e-02	1.442106e+02	-4.78299e+00	
343	7.202778e-02	1.442104e+02	-4.81057e+00	
344	7.244360e-02	1.442102e+02	-4.83830e+00	

Index   frequency       tdb             tph             
--------------------------------------------------------------------------------
345	7.286182e-02	1.442100e+02	-4.86620e+00	
346	7.328245e-02	1.442099e+02	-4.89425e+00	
347	7.370552e-02	1.442097e+02	-4.92247e+00	
348	7.413102e-02	1.442095e+02	-4.95085e+00	
349	7.455899e-02	1.442093e+02	-4.97939e+00	
350	7.498942e-02	1.442091e+02	-5.00809e+00	
351	7.542234e-02	1.442089e+02	-5.03696e+00	
352	7.585776e-02	1.442087e+02	-5.06600e+00	
353	7.629569e-02	1.442085e+02	-5.09521e+00	
354	7.673615e-02	1.442083e+02	-5.12458e+00	
355	7.717915e-02	1.442081e+02	-5.15412e+00	
356	7.762471e-02	1.442079e+02	-5.18383e+00	
357	7.807284e-02	1.442076e+02	-5.21371e+00	
358	7.852356e-02	1.442074e+02	-5.24376e+00	
359	7.897688e-02	1.442072e+02	-5.27399e+00	
360	7.943282e-02	1.442070e+02	-5.30439e+00	
361	7.989139e-02	1.442068e+02	-5.33496e+00	
362	8.035261e-02	1.442065e+02	-5.36571e+00	
363	8.081649e-02	1.442063e+02	-5.39663e+00	
364	8.128305e-02	1.442061e+02	-5.42774e+00	
365	8.175230e-02	1.442059e+02	-5.45902e+00	
366	8.222426e-02	1.442056e+02	-5.49048e+00	
367	8.269895e-02	1.442054e+02	-5.52213e+00	
368	8.317638e-02	1.442051e+02	-5.55395e+00	
369	8.365656e-02	1.442049e+02	-5.58596e+00	
370	8.413951e-02	1.442046e+02	-5.61815e+00	
371	8.462526e-02	1.442044e+02	-5.65052e+00	
372	8.511380e-02	1.442041e+02	-5.68309e+00	
373	8.560517e-02	1.442039e+02	-5.71583e+00	
374	8.609938e-02	1.442036e+02	-5.74877e+00	
375	8.659643e-02	1.442034e+02	-5.78190e+00	
376	8.709636e-02	1.442031e+02	-5.81521e+00	
377	8.759917e-02	1.442028e+02	-5.84872e+00	
378	8.810489e-02	1.442026e+02	-5.88242e+00	
379	8.861352e-02	1.442023e+02	-5.91631e+00	
380	8.912509e-02	1.442020e+02	-5.95040e+00	
381	8.963962e-02	1.442017e+02	-5.98468e+00	
382	9.015711e-02	1.442014e+02	-6.01916e+00	
383	9.067760e-02	1.442012e+02	-6.05384e+00	
384	9.120108e-02	1.442009e+02	-6.08872e+00	
385	9.172759e-02	1.442006e+02	-6.12379e+00	
386	9.225714e-02	1.442003e+02	-6.15907e+00	
387	9.278975e-02	1.442000e+02	-6.19455e+00	
388	9.332543e-02	1.441997e+02	-6.23024e+00	
389	9.386420e-02	1.441994e+02	-6.26612e+00	
390	9.440609e-02	1.441990e+02	-6.30222e+00	
391	9.495110e-02	1.441987e+02	-6.33852e+00	
392	9.549926e-02	1.441984e+02	-6.37503e+00	
393	9.605058e-02	1.441981e+02	-6.41175e+00	
394	9.660509e-02	1.441978e+02	-6.44868e+00	
395	9.716280e-02	1.441974e+02	-6.48582e+00	
396	9.772372e-02	1.441971e+02	-6.52317e+00	
397	9.828789e-02	1.441968e+02	-6.56074e+00	
398	9.885531e-02	1.441964e+02	-6.59852e+00	
399	9.942601e-02	1.441961e+02	-6.63652e+00	
400	1.000000e-01	1.441957e+02	-6.67474e+00	
401	1.005773e-01	1.441954e+02	-6.71318e+00	
402	1.011579e-01	1.441950e+02	-6.75183e+00	

Index   frequency       tdb             tph             
--------------------------------------------------------------------------------
403	1.017419e-01	1.441947e+02	-6.79071e+00	
404	1.023293e-01	1.441943e+02	-6.82981e+00	
405	1.029201e-01	1.441939e+02	-6.86914e+00	
406	1.035142e-01	1.441936e+02	-6.90869e+00	
407	1.041118e-01	1.441932e+02	-6.94846e+00	
408	1.047129e-01	1.441928e+02	-6.98847e+00	
409	1.053174e-01	1.441924e+02	-7.02870e+00	
410	1.059254e-01	1.441920e+02	-7.06916e+00	
411	1.065369e-01	1.441916e+02	-7.10986e+00	
412	1.071519e-01	1.441912e+02	-7.15079e+00	
413	1.077705e-01	1.441908e+02	-7.19195e+00	
414	1.083927e-01	1.441904e+02	-7.23335e+00	
415	1.090184e-01	1.441900e+02	-7.27498e+00	
416	1.096478e-01	1.441896e+02	-7.31686e+00	
417	1.102808e-01	1.441891e+02	-7.35897e+00	
418	1.109175e-01	1.441887e+02	-7.40132e+00	
419	1.115578e-01	1.441883e+02	-7.44392e+00	
420	1.122018e-01	1.441878e+02	-7.48676e+00	
421	1.128496e-01	1.441874e+02	-7.52984e+00	
422	1.135011e-01	1.441869e+02	-7.57317e+00	
423	1.141563e-01	1.441865e+02	-7.61675e+00	
424	1.148154e-01	1.441860e+02	-7.66058e+00	
425	1.154782e-01	1.441856e+02	-7.70465e+00	
426	1.161449e-01	1.441851e+02	-7.74898e+00	
427	1.168154e-01	1.441846e+02	-7.79357e+00	
428	1.174898e-01	1.441841e+02	-7.83841e+00	
429	1.181680e-01	1.441837e+02	-7.88350e+00	
430	1.188502e-01	1.441832e+02	-7.92885e+00	
431	1.195364e-01	1.441827e+02	-7.97446e+00	
432	1.202264e-01	1.441822e+02	-8.02033e+00	
433	1.209205e-01	1.441817e+02	-8.06647e+00	
434	1.216186e-01	1.441811e+02	-8.11286e+00	
435	1.223207e-01	1.441806e+02	-8.15953e+00	
436	1.230269e-01	1.441801e+02	-8.20645e+00	
437	1.237371e-01	1.441796e+02	-8.25365e+00	
438	1.244515e-01	1.441790e+02	-8.30111e+00	
439	1.251699e-01	1.441785e+02	-8.34885e+00	
440	1.258925e-01	1.441779e+02	-8.39686e+00	
441	1.266193e-01	1.441774e+02	-8.44514e+00	
442	1.273503e-01	1.441768e+02	-8.49370e+00	
443	1.280855e-01	1.441762e+02	-8.54253e+00	
444	1.288250e-01	1.441756e+02	-8.59164e+00	
445	1.295687e-01	1.441751e+02	-8.64104e+00	
446	1.303167e-01	1.441745e+02	-8.69071e+00	
447	1.310690e-01	1.441739e+02	-8.74067e+00	
448	1.318257e-01	1.441733e+02	-8.79091e+00	
449	1.325867e-01	1.441727e+02	-8.84144e+00	
450	1.333521e-01	1.441720e+02	-8.89226e+00	
451	1.341220e-01	1.441714e+02	-8.94336e+00	
452	1.348963e-01	1.441708e+02	-8.99476e+00	
453	1.356751e-01	1.441701e+02	-9.04645e+00	
454	1.364583e-01	1.441695e+02	-9.09843e+00	
455	1.372461e-01	1.441688e+02	-9.15071e+00	
456	1.380384e-01	1.441682e+02	-9.20329e+00	
457	1.388353e-01	1.441675e+02	-9.25616e+00	
458	1.396368e-01	1.441668e+02	-9.30934e+00	
459	1.404430e-01	1.441661e+02	-9.36282e+00	
460	1.412538e-01	1.441654e+02	-9.41661e+00	

Index   frequency       tdb             tph             
--------------------------------------------------------------------------------
461	1.420692e-01	1.441647e+02	-9.47070e+00	
462	1.428894e-01	1.441640e+02	-9.52509e+00	
463	1.437143e-01	1.441633e+02	-9.57980e+00	
464	1.445440e-01	1.441626e+02	-9.63482e+00	
465	1.453784e-01	1.441619e+02	-9.69015e+00	
466	1.462177e-01	1.441611e+02	-9.74579e+00	
467	1.470618e-01	1.441604e+02	-9.80175e+00	
468	1.479108e-01	1.441596e+02	-9.85803e+00	
469	1.487647e-01	1.441588e+02	-9.91463e+00	
470	1.496236e-01	1.441581e+02	-9.97155e+00	
471	1.504874e-01	1.441573e+02	-1.00288e+01	
472	1.513561e-01	1.441565e+02	-1.00864e+01	
473	1.522299e-01	1.441557e+02	-1.01443e+01	
474	1.531087e-01	1.441548e+02	-1.02025e+01	
475	1.539927e-01	1.441540e+02	-1.02610e+01	
476	1.548817e-01	1.441532e+02	-1.03199e+01	
477	1.557758e-01	1.441524e+02	-1.03791e+01	
478	1.566751e-01	1.441515e+02	-1.04387e+01	
479	1.575796e-01	1.441506e+02	-1.04986e+01	
480	1.584893e-01	1.441498e+02	-1.05588e+01	
481	1.594043e-01	1.441489e+02	-1.06194e+01	
482	1.603245e-01	1.441480e+02	-1.06803e+01	
483	1.612501e-01	1.441471e+02	-1.07416e+01	
484	1.621810e-01	1.441462e+02	-1.08032e+01	
485	1.631173e-01	1.441453e+02	-1.08651e+01	
486	1.640590e-01	1.441443e+02	-1.09274e+01	
487	1.650061e-01	1.441434e+02	-1.09901e+01	
488	1.659587e-01	1.441424e+02	-1.10531e+01	
489	1.669168e-01	1.441415e+02	-1.11165e+01	
490	1.678804e-01	1.441405e+02	-1.11802e+01	
491	1.688496e-01	1.441395e+02	-1.12443e+01	
492	1.698244e-01	1.441385e+02	-1.13087e+01	
493	1.708048e-01	1.441375e+02	-1.13735e+01	
494	1.717908e-01	1.441365e+02	-1.14387e+01	
495	1.727826e-01	1.441354e+02	-1.15043e+01	
496	1.737801e-01	1.441344e+02	-1.15702e+01	
497	1.747833e-01	1.441333e+02	-1.16365e+01	
498	1.757924e-01	1.441323e+02	-1.17031e+01	
499	1.768072e-01	1.441312e+02	-1.17702e+01	
500	1.778279e-01	1.441301e+02	-1.18376e+01	
501	1.788546e-01	1.441290e+02	-1.19054e+01	
502	1.798871e-01	1.441279e+02	-1.19736e+01	
503	1.809256e-01	1.441267e+02	-1.20421e+01	
504	1.819701e-01	1.441256e+02	-1.21111e+01	
505	1.830206e-01	1.441244e+02	-1.21804e+01	
506	1.840772e-01	1.441232e+02	-1.22502e+01	
507	1.851399e-01	1.441221e+02	-1.23203e+01	
508	1.862087e-01	1.441209e+02	-1.23908e+01	
509	1.872837e-01	1.441196e+02	-1.24617e+01	
510	1.883649e-01	1.441184e+02	-1.25330e+01	
511	1.894524e-01	1.441172e+02	-1.26047e+01	
512	1.905461e-01	1.441159e+02	-1.26768e+01	
513	1.916461e-01	1.441147e+02	-1.27494e+01	
514	1.927525e-01	1.441134e+02	-1.28223e+01	
515	1.938653e-01	1.441121e+02	-1.28956e+01	
516	1.949845e-01	1.441108e+02	-1.29694e+01	
517	1.961101e-01	1.441094e+02	-1.30435e+01	
518	1.972423e-01	1.441081e+02	-1.31181e+01	

Index   frequency       tdb             tph             
--------------------------------------------------------------------------------
519	1.983810e-01	1.441067e+02	-1.31931e+01	
520	1.995262e-01	1.441054e+02	-1.32685e+01	
521	2.006781e-01	1.441040e+02	-1.33444e+01	
522	2.018366e-01	1.441026e+02	-1.34206e+01	
523	2.030019e-01	1.441011e+02	-1.34973e+01	
524	2.041738e-01	1.440997e+02	-1.35744e+01	
525	2.053525e-01	1.440983e+02	-1.36520e+01	
526	2.065380e-01	1.440968e+02	-1.37300e+01	
527	2.077304e-01	1.440953e+02	-1.38084e+01	
528	2.089296e-01	1.440938e+02	-1.38873e+01	
529	2.101358e-01	1.440923e+02	-1.39666e+01	
530	2.113489e-01	1.440907e+02	-1.40463e+01	
531	2.125690e-01	1.440892e+02	-1.41265e+01	
532	2.137962e-01	1.440876e+02	-1.42071e+01	
533	2.150305e-01	1.440860e+02	-1.42882e+01	
534	2.162719e-01	1.440844e+02	-1.43697e+01	
535	2.175204e-01	1.440828e+02	-1.44517e+01	
536	2.187762e-01	1.440811e+02	-1.45342e+01	
537	2.200392e-01	1.440795e+02	-1.46171e+01	
538	2.213095e-01	1.440778e+02	-1.47005e+01	
539	2.225871e-01	1.440761e+02	-1.47843e+01	
540	2.238721e-01	1.440744e+02	-1.48686e+01	
541	2.251645e-01	1.440726e+02	-1.49534e+01	
542	2.264644e-01	1.440709e+02	-1.50386e+01	
543	2.277718e-01	1.440691e+02	-1.51243e+01	
544	2.290868e-01	1.440673e+02	-1.52105e+01	
545	2.304093e-01	1.440655e+02	-1.52972e+01	
546	2.317395e-01	1.440636e+02	-1.53843e+01	
547	2.330773e-01	1.440617e+02	-1.54719e+01	
548	2.344229e-01	1.440599e+02	-1.55601e+01	
549	2.357762e-01	1.440580e+02	-1.56487e+01	
550	2.371374e-01	1.440560e+02	-1.57378e+01	
551	2.385064e-01	1.440541e+02	-1.58273e+01	
552	2.398833e-01	1.440521e+02	-1.59174e+01	
553	2.412682e-01	1.440501e+02	-1.60080e+01	
554	2.426610e-01	1.440481e+02	-1.60991e+01	
555	2.440619e-01	1.440461e+02	-1.61907e+01	
556	2.454709e-01	1.440440e+02	-1.62828e+01	
557	2.468880e-01	1.440419e+02	-1.63754e+01	
558	2.483133e-01	1.440398e+02	-1.64685e+01	
559	2.497468e-01	1.440377e+02	-1.65621e+01	
560	2.511886e-01	1.440355e+02	-1.66562e+01	
561	2.526388e-01	1.440333e+02	-1.67509e+01	
562	2.540973e-01	1.440311e+02	-1.68461e+01	
563	2.555642e-01	1.440289e+02	-1.69418e+01	
564	2.570396e-01	1.440266e+02	-1.70380e+01	
565	2.585235e-01	1.440243e+02	-1.71347e+01	
566	2.600160e-01	1.440220e+02	-1.72320e+01	
567	2.615170e-01	1.440197e+02	-1.73298e+01	
568	2.630268e-01	1.440173e+02	-1.74282e+01	
569	2.645453e-01	1.440150e+02	-1.75271e+01	
570	2.660725e-01	1.440125e+02	-1.76265e+01	
571	2.676086e-01	1.440101e+02	-1.77265e+01	
572	2.691535e-01	1.440076e+02	-1.78270e+01	
573	2.707073e-01	1.440051e+02	-1.79281e+01	
574	2.722701e-01	1.440026e+02	-1.80297e+01	
575	2.738420e-01	1.440001e+02	-1.81319e+01	
576	2.754229e-01	1.439975e+02	-1.82347e+01	

Index   frequency       tdb             tph             
--------------------------------------------------------------------------------
577	2.770129e-01	1.439949e+02	-1.83380e+01	
578	2.786121e-01	1.439922e+02	-1.84418e+01	
579	2.802206e-01	1.439896e+02	-1.85463e+01	
580	2.818383e-01	1.439869e+02	-1.86513e+01	
581	2.834654e-01	1.439841e+02	-1.87568e+01	
582	2.851018e-01	1.439814e+02	-1.88630e+01	
583	2.867477e-01	1.439786e+02	-1.89697e+01	
584	2.884032e-01	1.439758e+02	-1.90770e+01	
585	2.900681e-01	1.439729e+02	-1.91849e+01	
586	2.917427e-01	1.439700e+02	-1.92934e+01	
587	2.934270e-01	1.439671e+02	-1.94024e+01	
588	2.951209e-01	1.439642e+02	-1.95121e+01	
589	2.968247e-01	1.439612e+02	-1.96223e+01	
590	2.985383e-01	1.439582e+02	-1.97331e+01	
591	3.002617e-01	1.439551e+02	-1.98446e+01	
592	3.019952e-01	1.439520e+02	-1.99566e+01	
593	3.037386e-01	1.439489e+02	-2.00692e+01	
594	3.054921e-01	1.439458e+02	-2.01825e+01	
595	3.072557e-01	1.439426e+02	-2.02963e+01	
596	3.090295e-01	1.439393e+02	-2.04108e+01	
597	3.108136e-01	1.439361e+02	-2.05259e+01	
598	3.126079e-01	1.439328e+02	-2.06416e+01	
599	3.144126e-01	1.439294e+02	-2.07579e+01	
600	3.162278e-01	1.439261e+02	-2.08748e+01	
601	3.180534e-01	1.439227e+02	-2.09924e+01	
602	3.198895e-01	1.439192e+02	-2.11106e+01	
603	3.217363e-01	1.439157e+02	-2.12294e+01	
604	3.235937e-01	1.439122e+02	-2.13489e+01	
605	3.254618e-01	1.439087e+02	-2.14690e+01	
606	3.273407e-01	1.439050e+02	-2.15897e+01	
607	3.292305e-01	1.439014e+02	-2.17111e+01	
608	3.311311e-01	1.438977e+02	-2.18331e+01	
609	3.330428e-01	1.438940e+02	-2.19558e+01	
610	3.349654e-01	1.438902e+02	-2.20792e+01	
611	3.368992e-01	1.438864e+02	-2.22031e+01	
612	3.388442e-01	1.438826e+02	-2.23278e+01	
613	3.408003e-01	1.438787e+02	-2.24531e+01	
614	3.427678e-01	1.438748e+02	-2.25791e+01	
615	3.447466e-01	1.438708e+02	-2.27057e+01	
616	3.467369e-01	1.438668e+02	-2.28330e+01	
617	3.487386e-01	1.438627e+02	-2.29610e+01	
618	3.507519e-01	1.438586e+02	-2.30896e+01	
619	3.527768e-01	1.438544e+02	-2.32189e+01	
620	3.548134e-01	1.438502e+02	-2.33490e+01	
621	3.568617e-01	1.438460e+02	-2.34796e+01	
622	3.589219e-01	1.438417e+02	-2.36110e+01	
623	3.609940e-01	1.438373e+02	-2.37431e+01	
624	3.630781e-01	1.438329e+02	-2.38758e+01	
625	3.651741e-01	1.438285e+02	-2.40093e+01	
626	3.672823e-01	1.438240e+02	-2.41434e+01	
627	3.694026e-01	1.438195e+02	-2.42783e+01	
628	3.715352e-01	1.438149e+02	-2.44138e+01	
629	3.736801e-01	1.438102e+02	-2.45501e+01	
630	3.758374e-01	1.438056e+02	-2.46871e+01	
631	3.780071e-01	1.438008e+02	-2.48247e+01	
632	3.801894e-01	1.437960e+02	-2.49631e+01	
633	3.823843e-01	1.437912e+02	-2.51022e+01	
634	3.845918e-01	1.437863e+02	-2.52421e+01	

Index   frequency       tdb             tph             
--------------------------------------------------------------------------------
635	3.868121e-01	1.437813e+02	-2.53826e+01	
636	3.890451e-01	1.437763e+02	-2.55239e+01	
637	3.912911e-01	1.437713e+02	-2.56659e+01	
638	3.935501e-01	1.437662e+02	-2.58086e+01	
639	3.958221e-01	1.437610e+02	-2.59521e+01	
640	3.981072e-01	1.437558e+02	-2.60963e+01	
641	4.004055e-01	1.437505e+02	-2.62412e+01	
642	4.027170e-01	1.437451e+02	-2.63869e+01	
643	4.050419e-01	1.437397e+02	-2.65334e+01	
644	4.073803e-01	1.437343e+02	-2.66805e+01	
645	4.097321e-01	1.437288e+02	-2.68285e+01	
646	4.120975e-01	1.437232e+02	-2.69772e+01	
647	4.144766e-01	1.437175e+02	-2.71266e+01	
648	4.168694e-01	1.437118e+02	-2.72768e+01	
649	4.192760e-01	1.437061e+02	-2.74278e+01	
650	4.216965e-01	1.437003e+02	-2.75795e+01	
651	4.241310e-01	1.436944e+02	-2.77320e+01	
652	4.265795e-01	1.436884e+02	-2.78852e+01	
653	4.290422e-01	1.436824e+02	-2.80393e+01	
654	4.315191e-01	1.436763e+02	-2.81941e+01	
655	4.340103e-01	1.436702e+02	-2.83497e+01	
656	4.365158e-01	1.436640e+02	-2.85060e+01	
657	4.390359e-01	1.436577e+02	-2.86632e+01	
658	4.415704e-01	1.436514e+02	-2.88211e+01	
659	4.441197e-01	1.436449e+02	-2.89799e+01	
660	4.466836e-01	1.436385e+02	-2.91394e+01	
661	4.492623e-01	1.436319e+02	-2.92997e+01	
662	4.518559e-01	1.436253e+02	-2.94608e+01	
663	4.544645e-01	1.436186e+02	-2.96227e+01	
664	4.570882e-01	1.436118e+02	-2.97854e+01	
665	4.597270e-01	1.436050e+02	-2.99489e+01	
666	4.623810e-01	1.435981e+02	-3.01132e+01	
667	4.650504e-01	1.435911e+02	-3.02784e+01	
668	4.677351e-01	1.435840e+02	-3.04443e+01	
669	4.704354e-01	1.435769e+02	-3.06110e+01	
670	4.731513e-01	1.435697e+02	-3.07786e+01	
671	4.758828e-01	1.435624e+02	-3.09470e+01	
672	4.786301e-01	1.435550e+02	-3.11162e+01	
673	4.813933e-01	1.435476e+02	-3.12862e+01	
674	4.841724e-01	1.435401e+02	-3.14571e+01	
675	4.869675e-01	1.435325e+02	-3.16288e+01	
676	4.897788e-01	1.435248e+02	-3.18013e+01	
677	4.926063e-01	1.435170e+02	-3.19747e+01	
678	4.954502e-01	1.435092e+02	-3.21488e+01	
679	4.983105e-01	1.435013e+02	-3.23239e+01	
680	5.011872e-01	1.434933e+02	-3.24997e+01	
681	5.040806e-01	1.434852e+02	-3.26764e+01	
682	5.069907e-01	1.434770e+02	-3.28540e+01	
683	5.099176e-01	1.434687e+02	-3.30324e+01	
684	5.128614e-01	1.434604e+02	-3.32116e+01	
685	5.158222e-01	1.434519e+02	-3.33917e+01	
686	5.188000e-01	1.434434e+02	-3.35727e+01	
687	5.217951e-01	1.434348e+02	-3.37545e+01	
688	5.248075e-01	1.434261e+02	-3.39372e+01	
689	5.278372e-01	1.434173e+02	-3.41207e+01	
690	5.308844e-01	1.434084e+02	-3.43051e+01	
691	5.339493e-01	1.433994e+02	-3.44903e+01	
692	5.370318e-01	1.433903e+02	-3.46765e+01	

Index   frequency       tdb             tph             
--------------------------------------------------------------------------------
693	5.401321e-01	1.433811e+02	-3.48634e+01	
694	5.432503e-01	1.433719e+02	-3.50513e+01	
695	5.463865e-01	1.433625e+02	-3.52400e+01	
696	5.495409e-01	1.433531e+02	-3.54296e+01	
697	5.527134e-01	1.433435e+02	-3.56201e+01	
698	5.559043e-01	1.433338e+02	-3.58114e+01	
699	5.591135e-01	1.433241e+02	-3.60037e+01	
700	5.623413e-01	1.433142e+02	-3.61968e+01	
701	5.655878e-01	1.433043e+02	-3.63908e+01	
702	5.688529e-01	1.432942e+02	-3.65856e+01	
703	5.721370e-01	1.432840e+02	-3.67814e+01	
704	5.754399e-01	1.432738e+02	-3.69780e+01	
705	5.787620e-01	1.432634e+02	-3.71756e+01	
706	5.821032e-01	1.432529e+02	-3.73740e+01	
707	5.854637e-01	1.432423e+02	-3.75733e+01	
708	5.888437e-01	1.432316e+02	-3.77735e+01	
709	5.922431e-01	1.432208e+02	-3.79746e+01	
710	5.956621e-01	1.432099e+02	-3.81766e+01	
711	5.991009e-01	1.431989e+02	-3.83795e+01	
712	6.025596e-01	1.431878e+02	-3.85833e+01	
713	6.060382e-01	1.431765e+02	-3.87880e+01	
714	6.095369e-01	1.431652e+02	-3.89936e+01	
715	6.130558e-01	1.431537e+02	-3.92001e+01	
716	6.165950e-01	1.431421e+02	-3.94075e+01	
717	6.201546e-01	1.431304e+02	-3.96158e+01	
718	6.237348e-01	1.431185e+02	-3.98250e+01	
719	6.273357e-01	1.431066e+02	-4.00351e+01	
720	6.309573e-01	1.430945e+02	-4.02462e+01	
721	6.345999e-01	1.430823e+02	-4.04581e+01	
722	6.382635e-01	1.430700e+02	-4.06709e+01	
723	6.419482e-01	1.430576e+02	-4.08847e+01	
724	6.456542e-01	1.430450e+02	-4.10993e+01	
725	6.493816e-01	1.430324e+02	-4.13149e+01	
726	6.531306e-01	1.430195e+02	-4.15314e+01	
727	6.569011e-01	1.430066e+02	-4.17488e+01	
728	6.606934e-01	1.429935e+02	-4.19671e+01	
729	6.645077e-01	1.429804e+02	-4.21863e+01	
730	6.683439e-01	1.429670e+02	-4.24065e+01	
731	6.722023e-01	1.429536e+02	-4.26275e+01	
732	6.760830e-01	1.429400e+02	-4.28495e+01	
733	6.799860e-01	1.429263e+02	-4.30724e+01	
734	6.839116e-01	1.429124e+02	-4.32962e+01	
735	6.878599e-01	1.428984e+02	-4.35209e+01	
736	6.918310e-01	1.428843e+02	-4.37465e+01	
737	6.958250e-01	1.428700e+02	-4.39730e+01	
738	6.998420e-01	1.428556e+02	-4.42005e+01	
739	7.038822e-01	1.428411e+02	-4.44289e+01	
740	7.079458e-01	1.428264e+02	-4.46581e+01	
741	7.120328e-01	1.428116e+02	-4.48883e+01	
742	7.161434e-01	1.427966e+02	-4.51195e+01	
743	7.202778e-01	1.427815e+02	-4.53515e+01	
744	7.244360e-01	1.427662e+02	-4.55844e+01	
745	7.286182e-01	1.427508e+02	-4.58183e+01	
746	7.328245e-01	1.427352e+02	-4.60531e+01	
747	7.370552e-01	1.427195e+02	-4.62888e+01	
748	7.413102e-01	1.427037e+02	-4.65254e+01	
749	7.455899e-01	1.426877e+02	-4.67629e+01	
750	7.498942e-01	1.426715e+02	-4.70013e+01	

Index   frequency       tdb             tph             
--------------------------------------------------------------------------------
751	7.542234e-01	1.426552e+02	-4.72406e+01	
752	7.585776e-01	1.426387e+02	-4.74809e+01	
753	7.629569e-01	1.426221e+02	-4.77220e+01	
754	7.673615e-01	1.426053e+02	-4.79641e+01	
755	7.717915e-01	1.425884e+02	-4.82071e+01	
756	7.762471e-01	1.425713e+02	-4.84509e+01	
757	7.807284e-01	1.425540e+02	-4.86957e+01	
758	7.852356e-01	1.425366e+02	-4.89414e+01	
759	7.897688e-01	1.425190e+02	-4.91880e+01	
760	7.943282e-01	1.425013e+02	-4.94354e+01	
761	7.989139e-01	1.424834e+02	-4.96838e+01	
762	8.035261e-01	1.424653e+02	-4.99331e+01	
763	8.081649e-01	1.424470e+02	-5.01833e+01	
764	8.128305e-01	1.424286e+02	-5.04343e+01	
765	8.175230e-01	1.424100e+02	-5.06863e+01	
766	8.222426e-01	1.423913e+02	-5.09391e+01	
767	8.269895e-01	1.423724e+02	-5.11929e+01	
768	8.317638e-01	1.423532e+02	-5.14475e+01	
769	8.365656e-01	1.423340e+02	-5.17030e+01	
770	8.413951e-01	1.423145e+02	-5.19594e+01	
771	8.462526e-01	1.422949e+02	-5.22167e+01	
772	8.511380e-01	1.422751e+02	-5.24748e+01	
773	8.560517e-01	1.422551e+02	-5.27338e+01	
774	8.609938e-01	1.422349e+02	-5.29937e+01	
775	8.659643e-01	1.422146e+02	-5.32545e+01	
776	8.709636e-01	1.421940e+02	-5.35161e+01	
777	8.759917e-01	1.421733e+02	-5.37786e+01	
778	8.810489e-01	1.421524e+02	-5.40420e+01	
779	8.861352e-01	1.421313e+02	-5.43062e+01	
780	8.912509e-01	1.421100e+02	-5.45713e+01	
781	8.963962e-01	1.420886e+02	-5.48372e+01	
782	9.015711e-01	1.420669e+02	-5.51040e+01	
783	9.067760e-01	1.420451e+02	-5.53716e+01	
784	9.120108e-01	1.420230e+02	-5.56401e+01	
785	9.172759e-01	1.420008e+02	-5.59094e+01	
786	9.225714e-01	1.419784e+02	-5.61796e+01	
787	9.278975e-01	1.419558e+02	-5.64505e+01	
788	9.332543e-01	1.419329e+02	-5.67224e+01	
789	9.386420e-01	1.419099e+02	-5.69950e+01	
790	9.440609e-01	1.418867e+02	-5.72685e+01	
791	9.495110e-01	1.418633e+02	-5.75427e+01	
792	9.549926e-01	1.418396e+02	-5.78178e+01	
793	9.605058e-01	1.418158e+02	-5.80938e+01	
794	9.660509e-01	1.417918e+02	-5.83705e+01	
795	9.716280e-01	1.417676e+02	-5.86480e+01	
796	9.772372e-01	1.417431e+02	-5.89263e+01	
797	9.828789e-01	1.417185e+02	-5.92054e+01	
798	9.885531e-01	1.416936e+02	-5.94853e+01	
799	9.942601e-01	1.416685e+02	-5.97660e+01	
800	1.000000e+00	1.416433e+02	-6.00475e+01	
801	1.005773e+00	1.416178e+02	-6.03297e+01	
802	1.011579e+00	1.415921e+02	-6.06127e+01	
803	1.017419e+00	1.415661e+02	-6.08965e+01	
804	1.023293e+00	1.415400e+02	-6.11811e+01	
805	1.029201e+00	1.415137e+02	-6.14664e+01	
806	1.035142e+00	1.414871e+02	-6.17524e+01	
807	1.041118e+00	1.414603e+02	-6.20392e+01	
808	1.047129e+00	1.414333e+02	-6.23268e+01	

Index   frequency       tdb             tph             
--------------------------------------------------------------------------------
809	1.053174e+00	1.414061e+02	-6.26151e+01	
810	1.059254e+00	1.413786e+02	-6.29041e+01	
811	1.065369e+00	1.413509e+02	-6.31938e+01	
812	1.071519e+00	1.413230e+02	-6.34843e+01	
813	1.077705e+00	1.412949e+02	-6.37754e+01	
814	1.083927e+00	1.412666e+02	-6.40673e+01	
815	1.090184e+00	1.412380e+02	-6.43599e+01	
816	1.096478e+00	1.412092e+02	-6.46532e+01	
817	1.102808e+00	1.411801e+02	-6.49472e+01	
818	1.109175e+00	1.411509e+02	-6.52418e+01	
819	1.115578e+00	1.411214e+02	-6.55371e+01	
820	1.122018e+00	1.410916e+02	-6.58331e+01	
821	1.128496e+00	1.410617e+02	-6.61298e+01	
822	1.135011e+00	1.410314e+02	-6.64271e+01	
823	1.141563e+00	1.410010e+02	-6.67251e+01	
824	1.148154e+00	1.409703e+02	-6.70238e+01	
825	1.154782e+00	1.409394e+02	-6.73230e+01	
826	1.161449e+00	1.409083e+02	-6.76229e+01	
827	1.168154e+00	1.408769e+02	-6.79235e+01	
828	1.174898e+00	1.408452e+02	-6.82246e+01	
829	1.181680e+00	1.408134e+02	-6.85264e+01	
830	1.188502e+00	1.407812e+02	-6.88287e+01	
831	1.195364e+00	1.407489e+02	-6.91317e+01	
832	1.202264e+00	1.407163e+02	-6.94353e+01	
833	1.209205e+00	1.406834e+02	-6.97394e+01	
834	1.216186e+00	1.406503e+02	-7.00441e+01	
835	1.223207e+00	1.406170e+02	-7.03494e+01	
836	1.230269e+00	1.405834e+02	-7.06553e+01	
837	1.237371e+00	1.405495e+02	-7.09617e+01	
838	1.244515e+00	1.405154e+02	-7.12686e+01	
839	1.251699e+00	1.404811e+02	-7.15761e+01	
840	1.258925e+00	1.404465e+02	-7.18841e+01	
841	1.266193e+00	1.404117e+02	-7.21927e+01	
842	1.273503e+00	1.403766e+02	-7.25017e+01	
843	1.280855e+00	1.403412e+02	-7.28113e+01	
844	1.288250e+00	1.403056e+02	-7.31214e+01	
845	1.295687e+00	1.402697e+02	-7.34319e+01	
846	1.303167e+00	1.402336e+02	-7.37430e+01	
847	1.310690e+00	1.401972e+02	-7.40545e+01	
848	1.318257e+00	1.401606e+02	-7.43665e+01	
849	1.325867e+00	1.401237e+02	-7.46789e+01	
850	1.333521e+00	1.400865e+02	-7.49918e+01	
851	1.341220e+00	1.400491e+02	-7.53052e+01	
852	1.348963e+00	1.400114e+02	-7.56189e+01	
853	1.356751e+00	1.399735e+02	-7.59331e+01	
854	1.364583e+00	1.399353e+02	-7.62477e+01	
855	1.372461e+00	1.398968e+02	-7.65628e+01	
856	1.380384e+00	1.398581e+02	-7.68782e+01	
857	1.388353e+00	1.398191e+02	-7.71940e+01	
858	1.396368e+00	1.397798e+02	-7.75102e+01	
859	1.404430e+00	1.397403e+02	-7.78267e+01	
860	1.412538e+00	1.397005e+02	-7.81437e+01	
861	1.420692e+00	1.396605e+02	-7.84609e+01	
862	1.428894e+00	1.396201e+02	-7.87786e+01	
863	1.437143e+00	1.395795e+02	-7.90965e+01	
864	1.445440e+00	1.395387e+02	-7.94148e+01	
865	1.453784e+00	1.394976e+02	-7.97334e+01	
866	1.462177e+00	1.394562e+02	-8.00523e+01	

Index   frequency       tdb             tph             
--------------------------------------------------------------------------------
867	1.470618e+00	1.394145e+02	-8.03715e+01	
868	1.479108e+00	1.393726e+02	-8.06910e+01	
869	1.487647e+00	1.393303e+02	-8.10108e+01	
870	1.496236e+00	1.392879e+02	-8.13309e+01	
871	1.504874e+00	1.392451e+02	-8.16512e+01	
872	1.513561e+00	1.392021e+02	-8.19718e+01	
873	1.522299e+00	1.391588e+02	-8.22926e+01	
874	1.531087e+00	1.391152e+02	-8.26136e+01	
875	1.539927e+00	1.390714e+02	-8.29349e+01	
876	1.548817e+00	1.390273e+02	-8.32564e+01	
877	1.557758e+00	1.389829e+02	-8.35780e+01	
878	1.566751e+00	1.389382e+02	-8.38999e+01	
879	1.575796e+00	1.388933e+02	-8.42220e+01	
880	1.584893e+00	1.388481e+02	-8.45442e+01	
881	1.594043e+00	1.388026e+02	-8.48666e+01	
882	1.603245e+00	1.387568e+02	-8.51892e+01	
883	1.612501e+00	1.387108e+02	-8.55119e+01	
884	1.621810e+00	1.386644e+02	-8.58347e+01	
885	1.631173e+00	1.386178e+02	-8.61577e+01	
886	1.640590e+00	1.385710e+02	-8.64808e+01	
887	1.650061e+00	1.385238e+02	-8.68040e+01	
888	1.659587e+00	1.384764e+02	-8.71273e+01	
889	1.669168e+00	1.384287e+02	-8.74507e+01	
890	1.678804e+00	1.383807e+02	-8.77741e+01	
891	1.688496e+00	1.383325e+02	-8.80976e+01	
892	1.698244e+00	1.382839e+02	-8.84212e+01	
893	1.708048e+00	1.382351e+02	-8.87448e+01	
894	1.717908e+00	1.381860e+02	-8.90685e+01	
895	1.727826e+00	1.381367e+02	-8.93922e+01	
896	1.737801e+00	1.380870e+02	-8.97159e+01	
897	1.747833e+00	1.380371e+02	-9.00396e+01	
898	1.757924e+00	1.379869e+02	-9.03633e+01	
899	1.768072e+00	1.379365e+02	-9.06870e+01	
900	1.778279e+00	1.378857e+02	-9.10106e+01	
901	1.788546e+00	1.378347e+02	-9.13343e+01	
902	1.798871e+00	1.377834e+02	-9.16579e+01	
903	1.809256e+00	1.377318e+02	-9.19814e+01	
904	1.819701e+00	1.376799e+02	-9.23049e+01	
905	1.830206e+00	1.376278e+02	-9.26283e+01	
906	1.840772e+00	1.375754e+02	-9.29516e+01	
907	1.851399e+00	1.375227e+02	-9.32749e+01	
908	1.862087e+00	1.374697e+02	-9.35980e+01	
909	1.872837e+00	1.374165e+02	-9.39210e+01	
910	1.883649e+00	1.373630e+02	-9.42439e+01	
911	1.894524e+00	1.373092e+02	-9.45667e+01	
912	1.905461e+00	1.372551e+02	-9.48893e+01	
913	1.916461e+00	1.372007e+02	-9.52118e+01	
914	1.927525e+00	1.371461e+02	-9.55341e+01	
915	1.938653e+00	1.370912e+02	-9.58562e+01	
916	1.949845e+00	1.370360e+02	-9.61782e+01	
917	1.961101e+00	1.369806e+02	-9.64999e+01	
918	1.972423e+00	1.369249e+02	-9.68215e+01	
919	1.983810e+00	1.368689e+02	-9.71428e+01	
920	1.995262e+00	1.368126e+02	-9.74640e+01	
921	2.006781e+00	1.367561e+02	-9.77849e+01	
922	2.018366e+00	1.366992e+02	-9.81056e+01	
923	2.030019e+00	1.366422e+02	-9.84260e+01	
924	2.041738e+00	1.365848e+02	-9.87461e+01	

Index   frequency       tdb             tph             
--------------------------------------------------------------------------------
925	2.053525e+00	1.365272e+02	-9.90660e+01	
926	2.065380e+00	1.364693e+02	-9.93856e+01	
927	2.077304e+00	1.364111e+02	-9.97050e+01	
928	2.089296e+00	1.363526e+02	-1.00024e+02	
929	2.101358e+00	1.362939e+02	-1.00343e+02	
930	2.113489e+00	1.362350e+02	-1.00661e+02	
931	2.125690e+00	1.361757e+02	-1.00979e+02	
932	2.137962e+00	1.361162e+02	-1.01297e+02	
933	2.150305e+00	1.360564e+02	-1.01614e+02	
934	2.162719e+00	1.359963e+02	-1.01931e+02	
935	2.175204e+00	1.359360e+02	-1.02248e+02	
936	2.187762e+00	1.358754e+02	-1.02565e+02	
937	2.200392e+00	1.358146e+02	-1.02881e+02	
938	2.213095e+00	1.357535e+02	-1.03196e+02	
939	2.225871e+00	1.356921e+02	-1.03511e+02	
940	2.238721e+00	1.356304e+02	-1.03826e+02	
941	2.251645e+00	1.355685e+02	-1.04140e+02	
942	2.264644e+00	1.355064e+02	-1.04454e+02	
943	2.277718e+00	1.354439e+02	-1.04768e+02	
944	2.290868e+00	1.353813e+02	-1.05081e+02	
945	2.304093e+00	1.353183e+02	-1.05394e+02	
946	2.317395e+00	1.352551e+02	-1.05706e+02	
947	2.330773e+00	1.351916e+02	-1.06017e+02	
948	2.344229e+00	1.351279e+02	-1.06329e+02	
949	2.357762e+00	1.350639e+02	-1.06639e+02	
950	2.371374e+00	1.349997e+02	-1.06950e+02	
951	2.385064e+00	1.349352e+02	-1.07259e+02	
952	2.398833e+00	1.348704e+02	-1.07569e+02	
953	2.412682e+00	1.348054e+02	-1.07877e+02	
954	2.426610e+00	1.347402e+02	-1.08186e+02	
955	2.440619e+00	1.346747e+02	-1.08493e+02	
956	2.454709e+00	1.346089e+02	-1.08801e+02	
957	2.468880e+00	1.345429e+02	-1.09107e+02	
958	2.483133e+00	1.344766e+02	-1.09413e+02	
959	2.497468e+00	1.344101e+02	-1.09719e+02	
960	2.511886e+00	1.343434e+02	-1.10024e+02	
961	2.526388e+00	1.342764e+02	-1.10328e+02	
962	2.540973e+00	1.342091e+02	-1.10632e+02	
963	2.555642e+00	1.341416e+02	-1.10935e+02	
964	2.570396e+00	1.340739e+02	-1.11238e+02	
965	2.585235e+00	1.340059e+02	-1.11540e+02	
966	2.600160e+00	1.339377e+02	-1.11841e+02	
967	2.615170e+00	1.338692e+02	-1.12142e+02	
968	2.630268e+00	1.338005e+02	-1.12442e+02	
969	2.645453e+00	1.337316e+02	-1.12741e+02	
970	2.660725e+00	1.336624e+02	-1.13040e+02	
971	2.676086e+00	1.335930e+02	-1.13338e+02	
972	2.691535e+00	1.335233e+02	-1.13636e+02	
973	2.707073e+00	1.334534e+02	-1.13933e+02	
974	2.722701e+00	1.333833e+02	-1.14229e+02	
975	2.738420e+00	1.333129e+02	-1.14525e+02	
976	2.754229e+00	1.332423e+02	-1.14820e+02	
977	2.770129e+00	1.331715e+02	-1.15114e+02	
978	2.786121e+00	1.331004e+02	-1.15407e+02	
979	2.802206e+00	1.330292e+02	-1.15700e+02	
980	2.818383e+00	1.329576e+02	-1.15992e+02	
981	2.834654e+00	1.328859e+02	-1.16284e+02	
982	2.851018e+00	1.328139e+02	-1.16575e+02	

Index   frequency       tdb             tph             
--------------------------------------------------------------------------------
983	2.867477e+00	1.327417e+02	-1.16865e+02	
984	2.884032e+00	1.326693e+02	-1.17154e+02	
985	2.900681e+00	1.325967e+02	-1.17442e+02	
986	2.917427e+00	1.325238e+02	-1.17730e+02	
987	2.934270e+00	1.324507e+02	-1.18017e+02	
988	2.951209e+00	1.323774e+02	-1.18304e+02	
989	2.968247e+00	1.323039e+02	-1.18589e+02	
990	2.985383e+00	1.322302e+02	-1.18874e+02	
991	3.002617e+00	1.321562e+02	-1.19158e+02	
992	3.019952e+00	1.320821e+02	-1.19441e+02	
993	3.037386e+00	1.320077e+02	-1.19724e+02	
994	3.054921e+00	1.319331e+02	-1.20006e+02	
995	3.072557e+00	1.318583e+02	-1.20287e+02	
996	3.090295e+00	1.317833e+02	-1.20567e+02	
997	3.108136e+00	1.317080e+02	-1.20846e+02	
998	3.126079e+00	1.316326e+02	-1.21125e+02	
999	3.144126e+00	1.315569e+02	-1.21402e+02	
1000	3.162278e+00	1.314811e+02	-1.21679e+02	
1001	3.180534e+00	1.314050e+02	-1.21956e+02	
1002	3.198895e+00	1.313288e+02	-1.22231e+02	
1003	3.217363e+00	1.312523e+02	-1.22506e+02	
1004	3.235937e+00	1.311757e+02	-1.22779e+02	
1005	3.254618e+00	1.310988e+02	-1.23052e+02	
1006	3.273407e+00	1.310217e+02	-1.23324e+02	
1007	3.292305e+00	1.309445e+02	-1.23596e+02	
1008	3.311311e+00	1.308670e+02	-1.23866e+02	
1009	3.330428e+00	1.307894e+02	-1.24136e+02	
1010	3.349654e+00	1.307115e+02	-1.24404e+02	
1011	3.368992e+00	1.306335e+02	-1.24672e+02	
1012	3.388442e+00	1.305553e+02	-1.24939e+02	
1013	3.408003e+00	1.304768e+02	-1.25206e+02	
1014	3.427678e+00	1.303982e+02	-1.25471e+02	
1015	3.447466e+00	1.303194e+02	-1.25735e+02	
1016	3.467369e+00	1.302404e+02	-1.25999e+02	
1017	3.487386e+00	1.301613e+02	-1.26262e+02	
1018	3.507519e+00	1.300819e+02	-1.26524e+02	
1019	3.527768e+00	1.300024e+02	-1.26785e+02	
1020	3.548134e+00	1.299226e+02	-1.27045e+02	
1021	3.568617e+00	1.298427e+02	-1.27304e+02	
1022	3.589219e+00	1.297626e+02	-1.27563e+02	
1023	3.609940e+00	1.296824e+02	-1.27820e+02	
1024	3.630781e+00	1.296019e+02	-1.28077e+02	
1025	3.651741e+00	1.295213e+02	-1.28333e+02	
1026	3.672823e+00	1.294405e+02	-1.28587e+02	
1027	3.694026e+00	1.293596e+02	-1.28841e+02	
1028	3.715352e+00	1.292784e+02	-1.29095e+02	
1029	3.736801e+00	1.291971e+02	-1.29347e+02	
1030	3.758374e+00	1.291156e+02	-1.29598e+02	
1031	3.780071e+00	1.290340e+02	-1.29849e+02	
1032	3.801894e+00	1.289521e+02	-1.30098e+02	
1033	3.823843e+00	1.288701e+02	-1.30347e+02	
1034	3.845918e+00	1.287880e+02	-1.30594e+02	
1035	3.868121e+00	1.287057e+02	-1.30841e+02	
1036	3.890451e+00	1.286232e+02	-1.31087e+02	
1037	3.912911e+00	1.285405e+02	-1.31332e+02	
1038	3.935501e+00	1.284577e+02	-1.31576e+02	
1039	3.958221e+00	1.283748e+02	-1.31820e+02	
1040	3.981072e+00	1.282916e+02	-1.32062e+02	

Index   frequency       tdb             tph             
--------------------------------------------------------------------------------
1041	4.004055e+00	1.282084e+02	-1.32303e+02	
1042	4.027170e+00	1.281249e+02	-1.32544e+02	
1043	4.050419e+00	1.280413e+02	-1.32783e+02	
1044	4.073803e+00	1.279576e+02	-1.33022e+02	
1045	4.097321e+00	1.278737e+02	-1.33260e+02	
1046	4.120975e+00	1.277896e+02	-1.33497e+02	
1047	4.144766e+00	1.277054e+02	-1.33733e+02	
1048	4.168694e+00	1.276211e+02	-1.33968e+02	
1049	4.192760e+00	1.275366e+02	-1.34202e+02	
1050	4.216965e+00	1.274519e+02	-1.34435e+02	
1051	4.241310e+00	1.273671e+02	-1.34667e+02	
1052	4.265795e+00	1.272822e+02	-1.34898e+02	
1053	4.290422e+00	1.271971e+02	-1.35129e+02	
1054	4.315191e+00	1.271118e+02	-1.35358e+02	
1055	4.340103e+00	1.270265e+02	-1.35587e+02	
1056	4.365158e+00	1.269410e+02	-1.35815e+02	
1057	4.390359e+00	1.268553e+02	-1.36041e+02	
1058	4.415704e+00	1.267695e+02	-1.36267e+02	
1059	4.441197e+00	1.266836e+02	-1.36492e+02	
1060	4.466836e+00	1.265975e+02	-1.36716e+02	
1061	4.492623e+00	1.265113e+02	-1.36939e+02	
1062	4.518559e+00	1.264250e+02	-1.37161e+02	
1063	4.544645e+00	1.263385e+02	-1.37383e+02	
1064	4.570882e+00	1.262519e+02	-1.37603e+02	
1065	4.597270e+00	1.261652e+02	-1.37822e+02	
1066	4.623810e+00	1.260783e+02	-1.38041e+02	
1067	4.650504e+00	1.259913e+02	-1.38258e+02	
1068	4.677351e+00	1.259042e+02	-1.38475e+02	
1069	4.704354e+00	1.258170e+02	-1.38691e+02	
1070	4.731513e+00	1.257296e+02	-1.38906e+02	
1071	4.758828e+00	1.256421e+02	-1.39119e+02	
1072	4.786301e+00	1.255545e+02	-1.39332e+02	
1073	4.813933e+00	1.254668e+02	-1.39545e+02	
1074	4.841724e+00	1.253789e+02	-1.39756e+02	
1075	4.869675e+00	1.252909e+02	-1.39966e+02	
1076	4.897788e+00	1.252028e+02	-1.40175e+02	
1077	4.926063e+00	1.251146e+02	-1.40384e+02	
1078	4.954502e+00	1.250263e+02	-1.40591e+02	
1079	4.983105e+00	1.249378e+02	-1.40798e+02	
1080	5.011872e+00	1.248492e+02	-1.41004e+02	
1081	5.040806e+00	1.247605e+02	-1.41209e+02	
1082	5.069907e+00	1.246717e+02	-1.41412e+02	
1083	5.099176e+00	1.245828e+02	-1.41615e+02	
1084	5.128614e+00	1.244938e+02	-1.41818e+02	
1085	5.158222e+00	1.244047e+02	-1.42019e+02	
1086	5.188000e+00	1.243154e+02	-1.42219e+02	
1087	5.217951e+00	1.242261e+02	-1.42419e+02	
1088	5.248075e+00	1.241366e+02	-1.42617e+02	
1089	5.278372e+00	1.240471e+02	-1.42815e+02	
1090	5.308844e+00	1.239574e+02	-1.43011e+02	
1091	5.339493e+00	1.238676e+02	-1.43207e+02	
1092	5.370318e+00	1.237777e+02	-1.43402e+02	
1093	5.401321e+00	1.236878e+02	-1.43596e+02	
1094	5.432503e+00	1.235977e+02	-1.43790e+02	
1095	5.463865e+00	1.235075e+02	-1.43982e+02	
1096	5.495409e+00	1.234172e+02	-1.44173e+02	
1097	5.527134e+00	1.233268e+02	-1.44364e+02	
1098	5.559043e+00	1.232363e+02	-1.44554e+02	

Index   frequency       tdb             tph             
--------------------------------------------------------------------------------
1099	5.591135e+00	1.231458e+02	-1.44742e+02	
1100	5.623413e+00	1.230551e+02	-1.44930e+02	
1101	5.655878e+00	1.229643e+02	-1.45117e+02	
1102	5.688529e+00	1.228735e+02	-1.45303e+02	
1103	5.721370e+00	1.227825e+02	-1.45489e+02	
1104	5.754399e+00	1.226914e+02	-1.45673e+02	
1105	5.787620e+00	1.226003e+02	-1.45857e+02	
1106	5.821032e+00	1.225090e+02	-1.46039e+02	
1107	5.854637e+00	1.224177e+02	-1.46221e+02	
1108	5.888437e+00	1.223263e+02	-1.46402e+02	
1109	5.922431e+00	1.222348e+02	-1.46582e+02	
1110	5.956621e+00	1.221432e+02	-1.46762e+02	
1111	5.991009e+00	1.220515e+02	-1.46940e+02	
1112	6.025596e+00	1.219597e+02	-1.47118e+02	
1113	6.060382e+00	1.218679e+02	-1.47294e+02	
1114	6.095369e+00	1.217760e+02	-1.47470e+02	
1115	6.130558e+00	1.216839e+02	-1.47645e+02	
1116	6.165950e+00	1.215918e+02	-1.47819e+02	
1117	6.201546e+00	1.214996e+02	-1.47993e+02	
1118	6.237348e+00	1.214074e+02	-1.48165e+02	
1119	6.273357e+00	1.213150e+02	-1.48337e+02	
1120	6.309573e+00	1.212226e+02	-1.48508e+02	
1121	6.345999e+00	1.211301e+02	-1.48678e+02	
1122	6.382635e+00	1.210375e+02	-1.48847e+02	
1123	6.419482e+00	1.209448e+02	-1.49015e+02	
1124	6.456542e+00	1.208521e+02	-1.49183e+02	
1125	6.493816e+00	1.207592e+02	-1.49349e+02	
1126	6.531306e+00	1.206663e+02	-1.49515e+02	
1127	6.569011e+00	1.205734e+02	-1.49680e+02	
1128	6.606934e+00	1.204803e+02	-1.49844e+02	
1129	6.645077e+00	1.203872e+02	-1.50008e+02	
1130	6.683439e+00	1.202940e+02	-1.50171e+02	
1131	6.722023e+00	1.202007e+02	-1.50332e+02	
1132	6.760830e+00	1.201074e+02	-1.50493e+02	
1133	6.799860e+00	1.200140e+02	-1.50654e+02	
1134	6.839116e+00	1.199205e+02	-1.50813e+02	
1135	6.878599e+00	1.198270e+02	-1.50972e+02	
1136	6.918310e+00	1.197334e+02	-1.51129e+02	
1137	6.958250e+00	1.196397e+02	-1.51286e+02	
1138	6.998420e+00	1.195459e+02	-1.51443e+02	
1139	7.038822e+00	1.194521e+02	-1.51598e+02	
1140	7.079458e+00	1.193582e+02	-1.51753e+02	
1141	7.120328e+00	1.192643e+02	-1.51907e+02	
1142	7.161434e+00	1.191703e+02	-1.52060e+02	
1143	7.202778e+00	1.190762e+02	-1.52212e+02	
1144	7.244360e+00	1.189820e+02	-1.52364e+02	
1145	7.286182e+00	1.188878e+02	-1.52515e+02	
1146	7.328245e+00	1.187936e+02	-1.52665e+02	
1147	7.370552e+00	1.186993e+02	-1.52814e+02	
1148	7.413102e+00	1.186049e+02	-1.52962e+02	
1149	7.455899e+00	1.185104e+02	-1.53110e+02	
1150	7.498942e+00	1.184159e+02	-1.53257e+02	
1151	7.542234e+00	1.183213e+02	-1.53403e+02	
1152	7.585776e+00	1.182267e+02	-1.53549e+02	
1153	7.629569e+00	1.181320e+02	-1.53693e+02	
1154	7.673615e+00	1.180373e+02	-1.53837e+02	
1155	7.717915e+00	1.179425e+02	-1.53981e+02	
1156	7.762471e+00	1.178477e+02	-1.54123e+02	

Index   frequency       tdb             tph             
--------------------------------------------------------------------------------
1157	7.807284e+00	1.177527e+02	-1.54265e+02	
1158	7.852356e+00	1.176578e+02	-1.54406e+02	
1159	7.897688e+00	1.175628e+02	-1.54546e+02	
1160	7.943282e+00	1.174677e+02	-1.54686e+02	
1161	7.989139e+00	1.173726e+02	-1.54825e+02	
1162	8.035261e+00	1.172774e+02	-1.54963e+02	
1163	8.081649e+00	1.171822e+02	-1.55100e+02	
1164	8.128305e+00	1.170869e+02	-1.55237e+02	
1165	8.175230e+00	1.169916e+02	-1.55373e+02	
1166	8.222426e+00	1.168962e+02	-1.55508e+02	
1167	8.269895e+00	1.168007e+02	-1.55643e+02	
1168	8.317638e+00	1.167053e+02	-1.55777e+02	
1169	8.365656e+00	1.166097e+02	-1.55910e+02	
1170	8.413951e+00	1.165141e+02	-1.56042e+02	
1171	8.462526e+00	1.164185e+02	-1.56174e+02	
1172	8.511380e+00	1.163228e+02	-1.56305e+02	
1173	8.560517e+00	1.162271e+02	-1.56435e+02	
1174	8.609938e+00	1.161313e+02	-1.56565e+02	
1175	8.659643e+00	1.160355e+02	-1.56694e+02	
1176	8.709636e+00	1.159397e+02	-1.56822e+02	
1177	8.759917e+00	1.158438e+02	-1.56950e+02	
1178	8.810489e+00	1.157478e+02	-1.57077e+02	
1179	8.861352e+00	1.156518e+02	-1.57203e+02	
1180	8.912509e+00	1.155558e+02	-1.57329e+02	
1181	8.963962e+00	1.154597e+02	-1.57454e+02	
1182	9.015711e+00	1.153636e+02	-1.57578e+02	
1183	9.067760e+00	1.152674e+02	-1.57701e+02	
1184	9.120108e+00	1.151712e+02	-1.57824e+02	
1185	9.172759e+00	1.150749e+02	-1.57947e+02	
1186	9.225714e+00	1.149786e+02	-1.58068e+02	
1187	9.278975e+00	1.148823e+02	-1.58189e+02	
1188	9.332543e+00	1.147859e+02	-1.58310e+02	
1189	9.386420e+00	1.146895e+02	-1.58429e+02	
1190	9.440609e+00	1.145931e+02	-1.58548e+02	
1191	9.495110e+00	1.144966e+02	-1.58667e+02	
1192	9.549926e+00	1.144000e+02	-1.58784e+02	
1193	9.605058e+00	1.143035e+02	-1.58901e+02	
1194	9.660509e+00	1.142069e+02	-1.59018e+02	
1195	9.716280e+00	1.141102e+02	-1.59134e+02	
1196	9.772372e+00	1.140135e+02	-1.59249e+02	
1197	9.828789e+00	1.139168e+02	-1.59364e+02	
1198	9.885531e+00	1.138201e+02	-1.59478e+02	
1199	9.942601e+00	1.137233e+02	-1.59591e+02	
1200	1.000000e+01	1.136265e+02	-1.59704e+02	
1201	1.005773e+01	1.135296e+02	-1.59816e+02	
1202	1.011579e+01	1.134327e+02	-1.59927e+02	
1203	1.017419e+01	1.133358e+02	-1.60038e+02	
1204	1.023293e+01	1.132388e+02	-1.60148e+02	
1205	1.029201e+01	1.131418e+02	-1.60258e+02	
1206	1.035142e+01	1.130448e+02	-1.60367e+02	
1207	1.041118e+01	1.129477e+02	-1.60476e+02	
1208	1.047129e+01	1.128506e+02	-1.60584e+02	
1209	1.053174e+01	1.127535e+02	-1.60691e+02	
1210	1.059254e+01	1.126563e+02	-1.60798e+02	
1211	1.065369e+01	1.125591e+02	-1.60904e+02	
1212	1.071519e+01	1.124619e+02	-1.61009e+02	
1213	1.077705e+01	1.123647e+02	-1.61114e+02	
1214	1.083927e+01	1.122674e+02	-1.61219e+02	

Index   frequency       tdb             tph             
--------------------------------------------------------------------------------
1215	1.090184e+01	1.121701e+02	-1.61323e+02	
1216	1.096478e+01	1.120727e+02	-1.61426e+02	
1217	1.102808e+01	1.119754e+02	-1.61528e+02	
1218	1.109175e+01	1.118780e+02	-1.61631e+02	
1219	1.115578e+01	1.117805e+02	-1.61732e+02	
1220	1.122018e+01	1.116831e+02	-1.61833e+02	
1221	1.128496e+01	1.115856e+02	-1.61933e+02	
1222	1.135011e+01	1.114881e+02	-1.62033e+02	
1223	1.141563e+01	1.113905e+02	-1.62133e+02	
1224	1.148154e+01	1.112930e+02	-1.62231e+02	
1225	1.154782e+01	1.111954e+02	-1.62330e+02	
1226	1.161449e+01	1.110977e+02	-1.62427e+02	
1227	1.168154e+01	1.110001e+02	-1.62524e+02	
1228	1.174898e+01	1.109024e+02	-1.62621e+02	
1229	1.181680e+01	1.108047e+02	-1.62717e+02	
1230	1.188502e+01	1.107070e+02	-1.62812e+02	
1231	1.195364e+01	1.106092e+02	-1.62907e+02	
1232	1.202264e+01	1.105114e+02	-1.63002e+02	
1233	1.209205e+01	1.104136e+02	-1.63096e+02	
1234	1.216186e+01	1.103158e+02	-1.63189e+02	
1235	1.223207e+01	1.102180e+02	-1.63282e+02	
1236	1.230269e+01	1.101201e+02	-1.63374e+02	
1237	1.237371e+01	1.100222e+02	-1.63466e+02	
1238	1.244515e+01	1.099243e+02	-1.63557e+02	
1239	1.251699e+01	1.098263e+02	-1.63648e+02	
1240	1.258925e+01	1.097283e+02	-1.63738e+02	
1241	1.266193e+01	1.096304e+02	-1.63828e+02	
1242	1.273503e+01	1.095323e+02	-1.63917e+02	
1243	1.280855e+01	1.094343e+02	-1.64006e+02	
1244	1.288250e+01	1.093362e+02	-1.64095e+02	
1245	1.295687e+01	1.092382e+02	-1.64182e+02	
1246	1.303167e+01	1.091401e+02	-1.64270e+02	
1247	1.310690e+01	1.090419e+02	-1.64356e+02	
1248	1.318257e+01	1.089438e+02	-1.64443e+02	
1249	1.325867e+01	1.088456e+02	-1.64528e+02	
1250	1.333521e+01	1.087474e+02	-1.64614e+02	
1251	1.341220e+01	1.086492e+02	-1.64698e+02	
1252	1.348963e+01	1.085510e+02	-1.64783e+02	
1253	1.356751e+01	1.084528e+02	-1.64867e+02	
1254	1.364583e+01	1.083545e+02	-1.64950e+02	
1255	1.372461e+01	1.082562e+02	-1.65033e+02	
1256	1.380384e+01	1.081579e+02	-1.65115e+02	
1257	1.388353e+01	1.080596e+02	-1.65197e+02	
1258	1.396368e+01	1.079612e+02	-1.65279e+02	
1259	1.404430e+01	1.078629e+02	-1.65360e+02	
1260	1.412538e+01	1.077645e+02	-1.65440e+02	
1261	1.420692e+01	1.076661e+02	-1.65520e+02	
1262	1.428894e+01	1.075677e+02	-1.65600e+02	
1263	1.437143e+01	1.074693e+02	-1.65679e+02	
1264	1.445440e+01	1.073708e+02	-1.65758e+02	
1265	1.453784e+01	1.072723e+02	-1.65836e+02	
1266	1.462177e+01	1.071738e+02	-1.65914e+02	
1267	1.470618e+01	1.070753e+02	-1.65991e+02	
1268	1.479108e+01	1.069768e+02	-1.66068e+02	
1269	1.487647e+01	1.068783e+02	-1.66145e+02	
1270	1.496236e+01	1.067797e+02	-1.66221e+02	
1271	1.504874e+01	1.066812e+02	-1.66297e+02	
1272	1.513561e+01	1.065826e+02	-1.66372e+02	

Index   frequency       tdb             tph             
--------------------------------------------------------------------------------
1273	1.522299e+01	1.064840e+02	-1.66446e+02	
1274	1.531087e+01	1.063854e+02	-1.66521e+02	
1275	1.539927e+01	1.062867e+02	-1.66595e+02	
1276	1.548817e+01	1.061881e+02	-1.66668e+02	
1277	1.557758e+01	1.060894e+02	-1.66741e+02	
1278	1.566751e+01	1.059907e+02	-1.66814e+02	
1279	1.575796e+01	1.058921e+02	-1.66886e+02	
1280	1.584893e+01	1.057933e+02	-1.66958e+02	
1281	1.594043e+01	1.056946e+02	-1.67029e+02	
1282	1.603245e+01	1.055959e+02	-1.67100e+02	
1283	1.612501e+01	1.054971e+02	-1.67171e+02	
1284	1.621810e+01	1.053984e+02	-1.67241e+02	
1285	1.631173e+01	1.052996e+02	-1.67310e+02	
1286	1.640590e+01	1.052008e+02	-1.67380e+02	
1287	1.650061e+01	1.051020e+02	-1.67449e+02	
1288	1.659587e+01	1.050032e+02	-1.67517e+02	
1289	1.669168e+01	1.049043e+02	-1.67585e+02	
1290	1.678804e+01	1.048055e+02	-1.67653e+02	
1291	1.688496e+01	1.047066e+02	-1.67720e+02	
1292	1.698244e+01	1.046078e+02	-1.67787e+02	
1293	1.708048e+01	1.045089e+02	-1.67853e+02	
1294	1.717908e+01	1.044100e+02	-1.67920e+02	
1295	1.727826e+01	1.043111e+02	-1.67985e+02	
1296	1.737801e+01	1.042122e+02	-1.68051e+02	
1297	1.747833e+01	1.041132e+02	-1.68116e+02	
1298	1.757924e+01	1.040143e+02	-1.68180e+02	
1299	1.768072e+01	1.039153e+02	-1.68244e+02	
1300	1.778279e+01	1.038163e+02	-1.68308e+02	
1301	1.788546e+01	1.037174e+02	-1.68372e+02	
1302	1.798871e+01	1.036184e+02	-1.68435e+02	
1303	1.809256e+01	1.035194e+02	-1.68497e+02	
1304	1.819701e+01	1.034204e+02	-1.68560e+02	
1305	1.830206e+01	1.033213e+02	-1.68622e+02	
1306	1.840772e+01	1.032223e+02	-1.68683e+02	
1307	1.851399e+01	1.031232e+02	-1.68745e+02	
1308	1.862087e+01	1.030242e+02	-1.68805e+02	
1309	1.872837e+01	1.029251e+02	-1.68866e+02	
1310	1.883649e+01	1.028260e+02	-1.68926e+02	
1311	1.894524e+01	1.027269e+02	-1.68986e+02	
1312	1.905461e+01	1.026278e+02	-1.69045e+02	
1313	1.916461e+01	1.025287e+02	-1.69104e+02	
1314	1.927525e+01	1.024296e+02	-1.69163e+02	
1315	1.938653e+01	1.023305e+02	-1.69221e+02	
1316	1.949845e+01	1.022313e+02	-1.69279e+02	
1317	1.961101e+01	1.021322e+02	-1.69337e+02	
1318	1.972423e+01	1.020330e+02	-1.69394e+02	
1319	1.983810e+01	1.019339e+02	-1.69451e+02	
1320	1.995262e+01	1.018347e+02	-1.69508e+02	
1321	2.006781e+01	1.017355e+02	-1.69564e+02	
1322	2.018366e+01	1.016363e+02	-1.69620e+02	
1323	2.030019e+01	1.015371e+02	-1.69676e+02	
1324	2.041738e+01	1.014379e+02	-1.69731e+02	
1325	2.053525e+01	1.013386e+02	-1.69786e+02	
1326	2.065380e+01	1.012394e+02	-1.69841e+02	
1327	2.077304e+01	1.011402e+02	-1.69895e+02	
1328	2.089296e+01	1.010409e+02	-1.69949e+02	
1329	2.101358e+01	1.009417e+02	-1.70003e+02	
1330	2.113489e+01	1.008424e+02	-1.70056e+02	

Index   frequency       tdb             tph             
--------------------------------------------------------------------------------
1331	2.125690e+01	1.007431e+02	-1.70109e+02	
1332	2.137962e+01	1.006438e+02	-1.70162e+02	
1333	2.150305e+01	1.005445e+02	-1.70214e+02	
1334	2.162719e+01	1.004452e+02	-1.70266e+02	
1335	2.175204e+01	1.003459e+02	-1.70318e+02	
1336	2.187762e+01	1.002466e+02	-1.70369e+02	
1337	2.200392e+01	1.001473e+02	-1.70420e+02	
1338	2.213095e+01	1.000480e+02	-1.70471e+02	
1339	2.225871e+01	9.994862e+01	-1.70522e+02	
1340	2.238721e+01	9.984928e+01	-1.70572e+02	
1341	2.251645e+01	9.974992e+01	-1.70622e+02	
1342	2.264644e+01	9.965056e+01	-1.70671e+02	
1343	2.277718e+01	9.955119e+01	-1.70721e+02	
1344	2.290868e+01	9.945182e+01	-1.70769e+02	
1345	2.304093e+01	9.935244e+01	-1.70818e+02	
1346	2.317395e+01	9.925305e+01	-1.70866e+02	
1347	2.330773e+01	9.915365e+01	-1.70914e+02	
1348	2.344229e+01	9.905425e+01	-1.70962e+02	
1349	2.357762e+01	9.895484e+01	-1.71010e+02	
1350	2.371374e+01	9.885542e+01	-1.71057e+02	
1351	2.385064e+01	9.875600e+01	-1.71104e+02	
1352	2.398833e+01	9.865657e+01	-1.71150e+02	
1353	2.412682e+01	9.855713e+01	-1.71197e+02	
1354	2.426610e+01	9.845769e+01	-1.71243e+02	
1355	2.440619e+01	9.835824e+01	-1.71288e+02	
1356	2.454709e+01	9.825879e+01	-1.71334e+02	
1357	2.468880e+01	9.815933e+01	-1.71379e+02	
1358	2.483133e+01	9.805986e+01	-1.71424e+02	
1359	2.497468e+01	9.796039e+01	-1.71468e+02	
1360	2.511886e+01	9.786091e+01	-1.71513e+02	
1361	2.526388e+01	9.776142e+01	-1.71557e+02	
1362	2.540973e+01	9.766193e+01	-1.71601e+02	
1363	2.555642e+01	9.756244e+01	-1.71644e+02	
1364	2.570396e+01	9.746294e+01	-1.71687e+02	
1365	2.585235e+01	9.736343e+01	-1.71730e+02	
1366	2.600160e+01	9.726391e+01	-1.71773e+02	
1367	2.615170e+01	9.716440e+01	-1.71815e+02	
1368	2.630268e+01	9.706487e+01	-1.71857e+02	
1369	2.645453e+01	9.696534e+01	-1.71899e+02	
1370	2.660725e+01	9.686581e+01	-1.71941e+02	
1371	2.676086e+01	9.676627e+01	-1.71982e+02	
1372	2.691535e+01	9.666672e+01	-1.72023e+02	
1373	2.707073e+01	9.656717e+01	-1.72064e+02	
1374	2.722701e+01	9.646762e+01	-1.72105e+02	
1375	2.738420e+01	9.636806e+01	-1.72145e+02	
1376	2.754229e+01	9.626849e+01	-1.72185e+02	
1377	2.770129e+01	9.616892e+01	-1.72225e+02	
1378	2.786121e+01	9.606935e+01	-1.72264e+02	
1379	2.802206e+01	9.596977e+01	-1.72304e+02	
1380	2.818383e+01	9.587018e+01	-1.72343e+02	
1381	2.834654e+01	9.577059e+01	-1.72381e+02	
1382	2.851018e+01	9.567100e+01	-1.72420e+02	
1383	2.867477e+01	9.557140e+01	-1.72458e+02	
1384	2.884032e+01	9.547180e+01	-1.72496e+02	
1385	2.900681e+01	9.537219e+01	-1.72534e+02	
1386	2.917427e+01	9.527258e+01	-1.72572e+02	
1387	2.934270e+01	9.517296e+01	-1.72609e+02	
1388	2.951209e+01	9.507334e+01	-1.72646e+02	

Index   frequency       tdb             tph             
--------------------------------------------------------------------------------
1389	2.968247e+01	9.497372e+01	-1.72683e+02	
1390	2.985383e+01	9.487409e+01	-1.72719e+02	
1391	3.002617e+01	9.477445e+01	-1.72756e+02	
1392	3.019952e+01	9.467482e+01	-1.72792e+02	
1393	3.037386e+01	9.457518e+01	-1.72828e+02	
1394	3.054921e+01	9.447553e+01	-1.72863e+02	
1395	3.072557e+01	9.437588e+01	-1.72899e+02	
1396	3.090295e+01	9.427623e+01	-1.72934e+02	
1397	3.108136e+01	9.417657e+01	-1.72969e+02	
1398	3.126079e+01	9.407691e+01	-1.73003e+02	
1399	3.144126e+01	9.397725e+01	-1.73038e+02	
1400	3.162278e+01	9.387758e+01	-1.73072e+02	
1401	3.180534e+01	9.377790e+01	-1.73106e+02	
1402	3.198895e+01	9.367823e+01	-1.73140e+02	
1403	3.217363e+01	9.357855e+01	-1.73173e+02	
1404	3.235937e+01	9.347887e+01	-1.73207e+02	
1405	3.254618e+01	9.337918e+01	-1.73240e+02	
1406	3.273407e+01	9.327949e+01	-1.73273e+02	
1407	3.292305e+01	9.317980e+01	-1.73305e+02	
1408	3.311311e+01	9.308010e+01	-1.73338e+02	
1409	3.330428e+01	9.298040e+01	-1.73370e+02	
1410	3.349654e+01	9.288070e+01	-1.73402e+02	
1411	3.368992e+01	9.278099e+01	-1.73434e+02	
1412	3.388442e+01	9.268128e+01	-1.73465e+02	
1413	3.408003e+01	9.258157e+01	-1.73497e+02	
1414	3.427678e+01	9.248185e+01	-1.73528e+02	
1415	3.447466e+01	9.238213e+01	-1.73559e+02	
1416	3.467369e+01	9.228241e+01	-1.73589e+02	
1417	3.487386e+01	9.218268e+01	-1.73620e+02	
1418	3.507519e+01	9.208295e+01	-1.73650e+02	
1419	3.527768e+01	9.198322e+01	-1.73680e+02	
1420	3.548134e+01	9.188349e+01	-1.73710e+02	
1421	3.568617e+01	9.178375e+01	-1.73740e+02	
1422	3.589219e+01	9.168401e+01	-1.73769e+02	
1423	3.609940e+01	9.158427e+01	-1.73799e+02	
1424	3.630781e+01	9.148452e+01	-1.73828e+02	
1425	3.651741e+01	9.138477e+01	-1.73857e+02	
1426	3.672823e+01	9.128502e+01	-1.73885e+02	
1427	3.694026e+01	9.118526e+01	-1.73914e+02	
1428	3.715352e+01	9.108551e+01	-1.73942e+02	
1429	3.736801e+01	9.098575e+01	-1.73970e+02	
1430	3.758374e+01	9.088598e+01	-1.73998e+02	
1431	3.780071e+01	9.078622e+01	-1.74025e+02	
1432	3.801894e+01	9.068645e+01	-1.74053e+02	
1433	3.823843e+01	9.058668e+01	-1.74080e+02	
1434	3.845918e+01	9.048691e+01	-1.74107e+02	
1435	3.868121e+01	9.038713e+01	-1.74134e+02	
1436	3.890451e+01	9.028736e+01	-1.74161e+02	
1437	3.912911e+01	9.018758e+01	-1.74187e+02	
1438	3.935501e+01	9.008779e+01	-1.74214e+02	
1439	3.958221e+01	8.998801e+01	-1.74240e+02	
1440	3.981072e+01	8.988822e+01	-1.74266e+02	
1441	4.004055e+01	8.978843e+01	-1.74291e+02	
1442	4.027170e+01	8.968864e+01	-1.74317e+02	
1443	4.050419e+01	8.958885e+01	-1.74342e+02	
1444	4.073803e+01	8.948905e+01	-1.74367e+02	
1445	4.097321e+01	8.938925e+01	-1.74392e+02	
1446	4.120975e+01	8.928945e+01	-1.74417e+02	

Index   frequency       tdb             tph             
--------------------------------------------------------------------------------
1447	4.144766e+01	8.918965e+01	-1.74442e+02	
1448	4.168694e+01	8.908984e+01	-1.74466e+02	
1449	4.192760e+01	8.899004e+01	-1.74490e+02	
1450	4.216965e+01	8.889023e+01	-1.74514e+02	
1451	4.241310e+01	8.879042e+01	-1.74538e+02	
1452	4.265795e+01	8.869061e+01	-1.74562e+02	
1453	4.290422e+01	8.859079e+01	-1.74586e+02	
1454	4.315191e+01	8.849097e+01	-1.74609e+02	
1455	4.340103e+01	8.839115e+01	-1.74632e+02	
1456	4.365158e+01	8.829133e+01	-1.74655e+02	
1457	4.390359e+01	8.819151e+01	-1.74678e+02	
1458	4.415704e+01	8.809169e+01	-1.74701e+02	
1459	4.441197e+01	8.799186e+01	-1.74723e+02	
1460	4.466836e+01	8.789203e+01	-1.74745e+02	
1461	4.492623e+01	8.779220e+01	-1.74767e+02	
1462	4.518559e+01	8.769237e+01	-1.74789e+02	
1463	4.544645e+01	8.759254e+01	-1.74811e+02	
1464	4.570882e+01	8.749270e+01	-1.74833e+02	
1465	4.597270e+01	8.739286e+01	-1.74854e+02	
1466	4.623810e+01	8.729303e+01	-1.74875e+02	
1467	4.650504e+01	8.719319e+01	-1.74896e+02	
1468	4.677351e+01	8.709334e+01	-1.74917e+02	
1469	4.704354e+01	8.699350e+01	-1.74938e+02	
1470	4.731513e+01	8.689366e+01	-1.74959e+02	
1471	4.758828e+01	8.679381e+01	-1.74979e+02	
1472	4.786301e+01	8.669396e+01	-1.74999e+02	
1473	4.813933e+01	8.659411e+01	-1.75019e+02	
1474	4.841724e+01	8.649426e+01	-1.75039e+02	
1475	4.869675e+01	8.639441e+01	-1.75059e+02	
1476	4.897788e+01	8.629455e+01	-1.75079e+02	
1477	4.926063e+01	8.619470e+01	-1.75098e+02	
1478	4.954502e+01	8.609484e+01	-1.75117e+02	
1479	4.983105e+01	8.599498e+01	-1.75137e+02	
1480	5.011872e+01	8.589512e+01	-1.75156e+02	
1481	5.040806e+01	8.579526e+01	-1.75174e+02	
1482	5.069907e+01	8.569540e+01	-1.75193e+02	
1483	5.099176e+01	8.559553e+01	-1.75211e+02	
1484	5.128614e+01	8.549567e+01	-1.75230e+02	
1485	5.158222e+01	8.539580e+01	-1.75248e+02	
1486	5.188000e+01	8.529593e+01	-1.75266e+02	
1487	5.217951e+01	8.519606e+01	-1.75284e+02	
1488	5.248075e+01	8.509619e+01	-1.75301e+02	
1489	5.278372e+01	8.499632e+01	-1.75319e+02	
1490	5.308844e+01	8.489644e+01	-1.75336e+02	
1491	5.339493e+01	8.479657e+01	-1.75354e+02	
1492	5.370318e+01	8.469669e+01	-1.75371e+02	
1493	5.401321e+01	8.459682e+01	-1.75387e+02	
1494	5.432503e+01	8.449694e+01	-1.75404e+02	
1495	5.463865e+01	8.439706e+01	-1.75421e+02	
1496	5.495409e+01	8.429718e+01	-1.75437e+02	
1497	5.527134e+01	8.419730e+01	-1.75454e+02	
1498	5.559043e+01	8.409742e+01	-1.75470e+02	
1499	5.591135e+01	8.399753e+01	-1.75486e+02	
1500	5.623413e+01	8.389765e+01	-1.75502e+02	
1501	5.655878e+01	8.379776e+01	-1.75517e+02	
1502	5.688529e+01	8.369788e+01	-1.75533e+02	
1503	5.721370e+01	8.359799e+01	-1.75548e+02	
1504	5.754399e+01	8.349810e+01	-1.75564e+02	

Index   frequency       tdb             tph             
--------------------------------------------------------------------------------
1505	5.787620e+01	8.339821e+01	-1.75579e+02	
1506	5.821032e+01	8.329832e+01	-1.75594e+02	
1507	5.854637e+01	8.319843e+01	-1.75609e+02	
1508	5.888437e+01	8.309853e+01	-1.75623e+02	
1509	5.922431e+01	8.299864e+01	-1.75638e+02	
1510	5.956621e+01	8.289874e+01	-1.75652e+02	
1511	5.991009e+01	8.279885e+01	-1.75666e+02	
1512	6.025596e+01	8.269895e+01	-1.75681e+02	
1513	6.060382e+01	8.259906e+01	-1.75694e+02	
1514	6.095369e+01	8.249916e+01	-1.75708e+02	
1515	6.130558e+01	8.239926e+01	-1.75722e+02	
1516	6.165950e+01	8.229936e+01	-1.75736e+02	
1517	6.201546e+01	8.219946e+01	-1.75749e+02	
1518	6.237348e+01	8.209956e+01	-1.75762e+02	
1519	6.273357e+01	8.199965e+01	-1.75775e+02	
1520	6.309573e+01	8.189975e+01	-1.75788e+02	
1521	6.345999e+01	8.179985e+01	-1.75801e+02	
1522	6.382635e+01	8.169994e+01	-1.75814e+02	
1523	6.419482e+01	8.160004e+01	-1.75826e+02	
1524	6.456542e+01	8.150013e+01	-1.75839e+02	
1525	6.493816e+01	8.140022e+01	-1.75851e+02	
1526	6.531306e+01	8.130032e+01	-1.75863e+02	
1527	6.569011e+01	8.120041e+01	-1.75875e+02	
1528	6.606934e+01	8.110050e+01	-1.75887e+02	
1529	6.645077e+01	8.100059e+01	-1.75899e+02	
1530	6.683439e+01	8.090068e+01	-1.75910e+02	
1531	6.722023e+01	8.080077e+01	-1.75922e+02	
1532	6.760830e+01	8.070086e+01	-1.75933e+02	
1533	6.799860e+01	8.060094e+01	-1.75944e+02	
1534	6.839116e+01	8.050103e+01	-1.75956e+02	
1535	6.878599e+01	8.040112e+01	-1.75966e+02	
1536	6.918310e+01	8.030120e+01	-1.75977e+02	
1537	6.958250e+01	8.020129e+01	-1.75988e+02	
1538	6.998420e+01	8.010137e+01	-1.75998e+02	
1539	7.038822e+01	8.000146e+01	-1.76009e+02	
1540	7.079458e+01	7.990154e+01	-1.76019e+02	
1541	7.120328e+01	7.980162e+01	-1.76029e+02	
1542	7.161434e+01	7.970170e+01	-1.76039e+02	
1543	7.202778e+01	7.960179e+01	-1.76049e+02	
1544	7.244360e+01	7.950187e+01	-1.76059e+02	
1545	7.286182e+01	7.940195e+01	-1.76068e+02	
1546	7.328245e+01	7.930203e+01	-1.76078e+02	
1547	7.370552e+01	7.920211e+01	-1.76087e+02	
1548	7.413102e+01	7.910219e+01	-1.76097e+02	
1549	7.455899e+01	7.900227e+01	-1.76106e+02	
1550	7.498942e+01	7.890235e+01	-1.76115e+02	
1551	7.542234e+01	7.880242e+01	-1.76123e+02	
1552	7.585776e+01	7.870250e+01	-1.76132e+02	
1553	7.629569e+01	7.860258e+01	-1.76141e+02	
1554	7.673615e+01	7.850266e+01	-1.76149e+02	
1555	7.717915e+01	7.840273e+01	-1.76158e+02	
1556	7.762471e+01	7.830281e+01	-1.76166e+02	
1557	7.807284e+01	7.820289e+01	-1.76174e+02	
1558	7.852356e+01	7.810296e+01	-1.76182e+02	
1559	7.897688e+01	7.800304e+01	-1.76190e+02	
1560	7.943282e+01	7.790311e+01	-1.76197e+02	
1561	7.989139e+01	7.780318e+01	-1.76205e+02	
1562	8.035261e+01	7.770326e+01	-1.76212e+02	

Index   frequency       tdb             tph             
--------------------------------------------------------------------------------
1563	8.081649e+01	7.760333e+01	-1.76220e+02	
1564	8.128305e+01	7.750341e+01	-1.76227e+02	
1565	8.175230e+01	7.740348e+01	-1.76234e+02	
1566	8.222426e+01	7.730355e+01	-1.76241e+02	
1567	8.269895e+01	7.720362e+01	-1.76248e+02	
1568	8.317638e+01	7.710370e+01	-1.76254e+02	
1569	8.365656e+01	7.700377e+01	-1.76261e+02	
1570	8.413951e+01	7.690384e+01	-1.76267e+02	
1571	8.462526e+01	7.680391e+01	-1.76274e+02	
1572	8.511380e+01	7.670398e+01	-1.76280e+02	
1573	8.560517e+01	7.660405e+01	-1.76286e+02	
1574	8.609938e+01	7.650412e+01	-1.76292e+02	
1575	8.659643e+01	7.640420e+01	-1.76298e+02	
1576	8.709636e+01	7.630427e+01	-1.76303e+02	
1577	8.759917e+01	7.620434e+01	-1.76309e+02	
1578	8.810489e+01	7.610441e+01	-1.76314e+02	
1579	8.861352e+01	7.600448e+01	-1.76320e+02	
1580	8.912509e+01	7.590455e+01	-1.76325e+02	
1581	8.963962e+01	7.580462e+01	-1.76330e+02	
1582	9.015711e+01	7.570468e+01	-1.76335e+02	
1583	9.067760e+01	7.560475e+01	-1.76340e+02	
1584	9.120108e+01	7.550482e+01	-1.76345e+02	
1585	9.172759e+01	7.540489e+01	-1.76349e+02	
1586	9.225714e+01	7.530496e+01	-1.76354e+02	
1587	9.278975e+01	7.520503e+01	-1.76358e+02	
1588	9.332543e+01	7.510510e+01	-1.76362e+02	
1589	9.386420e+01	7.500517e+01	-1.76366e+02	
1590	9.440609e+01	7.490524e+01	-1.76370e+02	
1591	9.495110e+01	7.480531e+01	-1.76374e+02	
1592	9.549926e+01	7.470537e+01	-1.76378e+02	
1593	9.605058e+01	7.460544e+01	-1.76382e+02	
1594	9.660509e+01	7.450551e+01	-1.76385e+02	
1595	9.716280e+01	7.440558e+01	-1.76389e+02	
1596	9.772372e+01	7.430565e+01	-1.76392e+02	
1597	9.828789e+01	7.420572e+01	-1.76395e+02	
1598	9.885531e+01	7.410579e+01	-1.76398e+02	
1599	9.942601e+01	7.400585e+01	-1.76401e+02	
1600	1.000000e+02	7.390592e+01	-1.76404e+02	
1601	1.005773e+02	7.380599e+01	-1.76407e+02	
1602	1.011579e+02	7.370606e+01	-1.76409e+02	
1603	1.017419e+02	7.360613e+01	-1.76412e+02	
1604	1.023293e+02	7.350620e+01	-1.76414e+02	
1605	1.029201e+02	7.340627e+01	-1.76416e+02	
1606	1.035142e+02	7.330633e+01	-1.76418e+02	
1607	1.041118e+02	7.320640e+01	-1.76420e+02	
1608	1.047129e+02	7.310647e+01	-1.76422e+02	
1609	1.053174e+02	7.300654e+01	-1.76424e+02	
1610	1.059254e+02	7.290661e+01	-1.76426e+02	
1611	1.065369e+02	7.280668e+01	-1.76427e+02	
1612	1.071519e+02	7.270675e+01	-1.76428e+02	
1613	1.077705e+02	7.260682e+01	-1.76430e+02	
1614	1.083927e+02	7.250689e+01	-1.76431e+02	
1615	1.090184e+02	7.240696e+01	-1.76432e+02	
1616	1.096478e+02	7.230703e+01	-1.76433e+02	
1617	1.102808e+02	7.220710e+01	-1.76434e+02	
1618	1.109175e+02	7.210717e+01	-1.76434e+02	
1619	1.115578e+02	7.200724e+01	-1.76435e+02	
1620	1.122018e+02	7.190731e+01	-1.76435e+02	

Index   frequency       tdb             tph             
--------------------------------------------------------------------------------
1621	1.128496e+02	7.180738e+01	-1.76436e+02	
1622	1.135011e+02	7.170746e+01	-1.76436e+02	
1623	1.141563e+02	7.160753e+01	-1.76436e+02	
1624	1.148154e+02	7.150760e+01	-1.76436e+02	
1625	1.154782e+02	7.140767e+01	-1.76436e+02	
1626	1.161449e+02	7.130774e+01	-1.76436e+02	
1627	1.168154e+02	7.120782e+01	-1.76435e+02	
1628	1.174898e+02	7.110789e+01	-1.76435e+02	
1629	1.181680e+02	7.100796e+01	-1.76434e+02	
1630	1.188502e+02	7.090804e+01	-1.76433e+02	
1631	1.195364e+02	7.080811e+01	-1.76432e+02	
1632	1.202264e+02	7.070819e+01	-1.76431e+02	
1633	1.209205e+02	7.060826e+01	-1.76430e+02	
1634	1.216186e+02	7.050834e+01	-1.76429e+02	
1635	1.223207e+02	7.040841e+01	-1.76428e+02	
1636	1.230269e+02	7.030849e+01	-1.76426e+02	
1637	1.237371e+02	7.020856e+01	-1.76425e+02	
1638	1.244515e+02	7.010864e+01	-1.76423e+02	
1639	1.251699e+02	7.000872e+01	-1.76421e+02	
1640	1.258925e+02	6.990879e+01	-1.76419e+02	
1641	1.266193e+02	6.980887e+01	-1.76417e+02	
1642	1.273503e+02	6.970895e+01	-1.76415e+02	
1643	1.280855e+02	6.960903e+01	-1.76413e+02	
1644	1.288250e+02	6.950911e+01	-1.76411e+02	
1645	1.295687e+02	6.940919e+01	-1.76408e+02	
1646	1.303167e+02	6.930927e+01	-1.76405e+02	
1647	1.310690e+02	6.920935e+01	-1.76403e+02	
1648	1.318257e+02	6.910943e+01	-1.76400e+02	
1649	1.325867e+02	6.900951e+01	-1.76397e+02	
1650	1.333521e+02	6.890959e+01	-1.76394e+02	
1651	1.341220e+02	6.880967e+01	-1.76391e+02	
1652	1.348963e+02	6.870976e+01	-1.76387e+02	
1653	1.356751e+02	6.860984e+01	-1.76384e+02	
1654	1.364583e+02	6.850992e+01	-1.76380e+02	
1655	1.372461e+02	6.841001e+01	-1.76376e+02	
1656	1.380384e+02	6.831009e+01	-1.76373e+02	
1657	1.388353e+02	6.821018e+01	-1.76369e+02	
1658	1.396368e+02	6.811027e+01	-1.76365e+02	
1659	1.404430e+02	6.801035e+01	-1.76360e+02	
1660	1.412538e+02	6.791044e+01	-1.76356e+02	
1661	1.420692e+02	6.781053e+01	-1.76352e+02	
1662	1.428894e+02	6.771062e+01	-1.76347e+02	
1663	1.437143e+02	6.761071e+01	-1.76343e+02	
1664	1.445440e+02	6.751080e+01	-1.76338e+02	
1665	1.453784e+02	6.741089e+01	-1.76333e+02	
1666	1.462177e+02	6.731098e+01	-1.76328e+02	
1667	1.470618e+02	6.721107e+01	-1.76323e+02	
1668	1.479108e+02	6.711116e+01	-1.76317e+02	
1669	1.487647e+02	6.701126e+01	-1.76312e+02	
1670	1.496236e+02	6.691135e+01	-1.76307e+02	
1671	1.504874e+02	6.681145e+01	-1.76301e+02	
1672	1.513561e+02	6.671154e+01	-1.76295e+02	
1673	1.522299e+02	6.661164e+01	-1.76289e+02	
1674	1.531087e+02	6.651174e+01	-1.76283e+02	
1675	1.539927e+02	6.641184e+01	-1.76277e+02	
1676	1.548817e+02	6.631194e+01	-1.76271e+02	
1677	1.557758e+02	6.621204e+01	-1.76264e+02	
1678	1.566751e+02	6.611214e+01	-1.76258e+02	

Index   frequency       tdb             tph             
--------------------------------------------------------------------------------
1679	1.575796e+02	6.601224e+01	-1.76251e+02	
1680	1.584893e+02	6.591234e+01	-1.76245e+02	
1681	1.594043e+02	6.581244e+01	-1.76238e+02	
1682	1.603245e+02	6.571255e+01	-1.76231e+02	
1683	1.612501e+02	6.561265e+01	-1.76224e+02	
1684	1.621810e+02	6.551276e+01	-1.76216e+02	
1685	1.631173e+02	6.541287e+01	-1.76209e+02	
1686	1.640590e+02	6.531298e+01	-1.76202e+02	
1687	1.650061e+02	6.521308e+01	-1.76194e+02	
1688	1.659587e+02	6.511319e+01	-1.76186e+02	
1689	1.669168e+02	6.501331e+01	-1.76178e+02	
1690	1.678804e+02	6.491342e+01	-1.76170e+02	
1691	1.688496e+02	6.481353e+01	-1.76162e+02	
1692	1.698244e+02	6.471364e+01	-1.76154e+02	
1693	1.708048e+02	6.461376e+01	-1.76146e+02	
1694	1.717908e+02	6.451388e+01	-1.76137e+02	
1695	1.727826e+02	6.441399e+01	-1.76129e+02	
1696	1.737801e+02	6.431411e+01	-1.76120e+02	
1697	1.747833e+02	6.421423e+01	-1.76111e+02	
1698	1.757924e+02	6.411435e+01	-1.76102e+02	
1699	1.768072e+02	6.401447e+01	-1.76093e+02	
1700	1.778279e+02	6.391460e+01	-1.76083e+02	
1701	1.788546e+02	6.381472e+01	-1.76074e+02	
1702	1.798871e+02	6.371485e+01	-1.76065e+02	
1703	1.809256e+02	6.361497e+01	-1.76055e+02	
1704	1.819701e+02	6.351510e+01	-1.76045e+02	
1705	1.830206e+02	6.341523e+01	-1.76035e+02	
1706	1.840772e+02	6.331536e+01	-1.76025e+02	
1707	1.851399e+02	6.321549e+01	-1.76015e+02	
1708	1.862087e+02	6.311563e+01	-1.76005e+02	
1709	1.872837e+02	6.301576e+01	-1.75994e+02	
1710	1.883649e+02	6.291590e+01	-1.75984e+02	
1711	1.894524e+02	6.281603e+01	-1.75973e+02	
1712	1.905461e+02	6.271617e+01	-1.75962e+02	
1713	1.916461e+02	6.261631e+01	-1.75951e+02	
1714	1.927525e+02	6.251645e+01	-1.75940e+02	
1715	1.938653e+02	6.241659e+01	-1.75929e+02	
1716	1.949845e+02	6.231674e+01	-1.75917e+02	
1717	1.961101e+02	6.221688e+01	-1.75906e+02	
1718	1.972423e+02	6.211703e+01	-1.75894e+02	
1719	1.983810e+02	6.201718e+01	-1.75882e+02	
1720	1.995262e+02	6.191733e+01	-1.75871e+02	
1721	2.006781e+02	6.181748e+01	-1.75858e+02	
1722	2.018366e+02	6.171763e+01	-1.75846e+02	
1723	2.030019e+02	6.161779e+01	-1.75834e+02	
1724	2.041738e+02	6.151794e+01	-1.75821e+02	
1725	2.053525e+02	6.141810e+01	-1.75809e+02	
1726	2.065380e+02	6.131826e+01	-1.75796e+02	
1727	2.077304e+02	6.121842e+01	-1.75783e+02	
1728	2.089296e+02	6.111858e+01	-1.75770e+02	
1729	2.101358e+02	6.101875e+01	-1.75757e+02	
1730	2.113489e+02	6.091892e+01	-1.75744e+02	
1731	2.125690e+02	6.081908e+01	-1.75730e+02	
1732	2.137962e+02	6.071925e+01	-1.75717e+02	
1733	2.150305e+02	6.061943e+01	-1.75703e+02	
1734	2.162719e+02	6.051960e+01	-1.75689e+02	
1735	2.175204e+02	6.041977e+01	-1.75675e+02	
1736	2.187762e+02	6.031995e+01	-1.75661e+02	

Index   frequency       tdb             tph             
--------------------------------------------------------------------------------
1737	2.200392e+02	6.022013e+01	-1.75647e+02	
1738	2.213095e+02	6.012031e+01	-1.75632e+02	
1739	2.225871e+02	6.002049e+01	-1.75618e+02	
1740	2.238721e+02	5.992068e+01	-1.75603e+02	
1741	2.251645e+02	5.982087e+01	-1.75588e+02	
1742	2.264644e+02	5.972105e+01	-1.75573e+02	
1743	2.277718e+02	5.962124e+01	-1.75558e+02	
1744	2.290868e+02	5.952144e+01	-1.75543e+02	
1745	2.304093e+02	5.942163e+01	-1.75527e+02	
1746	2.317395e+02	5.932183e+01	-1.75512e+02	
1747	2.330773e+02	5.922203e+01	-1.75496e+02	
1748	2.344229e+02	5.912223e+01	-1.75480e+02	
1749	2.357762e+02	5.902243e+01	-1.75464e+02	
1750	2.371374e+02	5.892264e+01	-1.75448e+02	
1751	2.385064e+02	5.882285e+01	-1.75432e+02	
1752	2.398833e+02	5.872306e+01	-1.75415e+02	
1753	2.412682e+02	5.862327e+01	-1.75398e+02	
1754	2.426610e+02	5.852349e+01	-1.75382e+02	
1755	2.440619e+02	5.842370e+01	-1.75365e+02	
1756	2.454709e+02	5.832392e+01	-1.75348e+02	
1757	2.468880e+02	5.822414e+01	-1.75330e+02	
1758	2.483133e+02	5.812437e+01	-1.75313e+02	
1759	2.497468e+02	5.802460e+01	-1.75295e+02	
1760	2.511886e+02	5.792482e+01	-1.75278e+02	
1761	2.526388e+02	5.782506e+01	-1.75260e+02	
1762	2.540973e+02	5.772529e+01	-1.75242e+02	
1763	2.555642e+02	5.762553e+01	-1.75224e+02	
1764	2.570396e+02	5.752577e+01	-1.75205e+02	
1765	2.585235e+02	5.742601e+01	-1.75187e+02	
1766	2.600160e+02	5.732626e+01	-1.75168e+02	
1767	2.615170e+02	5.722650e+01	-1.75149e+02	
1768	2.630268e+02	5.712675e+01	-1.75131e+02	
1769	2.645453e+02	5.702701e+01	-1.75111e+02	
1770	2.660725e+02	5.692726e+01	-1.75092e+02	
1771	2.676086e+02	5.682752e+01	-1.75073e+02	
1772	2.691535e+02	5.672778e+01	-1.75053e+02	
1773	2.707073e+02	5.662805e+01	-1.75033e+02	
1774	2.722701e+02	5.652832e+01	-1.75013e+02	
1775	2.738420e+02	5.642859e+01	-1.74993e+02	
1776	2.754229e+02	5.632886e+01	-1.74973e+02	
1777	2.770129e+02	5.622914e+01	-1.74953e+02	
1778	2.786121e+02	5.612942e+01	-1.74932e+02	
1779	2.802206e+02	5.602970e+01	-1.74911e+02	
1780	2.818383e+02	5.592998e+01	-1.74890e+02	
1781	2.834654e+02	5.583027e+01	-1.74869e+02	
1782	2.851018e+02	5.573057e+01	-1.74848e+02	
1783	2.867477e+02	5.563086e+01	-1.74827e+02	
1784	2.884032e+02	5.553116e+01	-1.74805e+02	
1785	2.900681e+02	5.543146e+01	-1.74783e+02	
1786	2.917427e+02	5.533177e+01	-1.74761e+02	
1787	2.934270e+02	5.523208e+01	-1.74739e+02	
1788	2.951209e+02	5.513239e+01	-1.74717e+02	
1789	2.968247e+02	5.503271e+01	-1.74695e+02	
1790	2.985383e+02	5.493303e+01	-1.74672e+02	
1791	3.002617e+02	5.483335e+01	-1.74649e+02	
1792	3.019952e+02	5.473368e+01	-1.74626e+02	
1793	3.037386e+02	5.463401e+01	-1.74603e+02	
1794	3.054921e+02	5.453434e+01	-1.74580e+02	

Index   frequency       tdb             tph             
--------------------------------------------------------------------------------
1795	3.072557e+02	5.443468e+01	-1.74556e+02	
1796	3.090295e+02	5.433502e+01	-1.74533e+02	
1797	3.108136e+02	5.423537e+01	-1.74509e+02	
1798	3.126079e+02	5.413572e+01	-1.74485e+02	
1799	3.144126e+02	5.403607e+01	-1.74460e+02	
1800	3.162278e+02	5.393643e+01	-1.74436e+02	
1801	3.180534e+02	5.383679e+01	-1.74411e+02	
1802	3.198895e+02	5.373716e+01	-1.74387e+02	
1803	3.217363e+02	5.363753e+01	-1.74362e+02	
1804	3.235937e+02	5.353790e+01	-1.74337e+02	
1805	3.254618e+02	5.343828e+01	-1.74311e+02	
1806	3.273407e+02	5.333866e+01	-1.74286e+02	
1807	3.292305e+02	5.323905e+01	-1.74260e+02	
1808	3.311311e+02	5.313944e+01	-1.74234e+02	
1809	3.330428e+02	5.303984e+01	-1.74208e+02	
1810	3.349654e+02	5.294024e+01	-1.74182e+02	
1811	3.368992e+02	5.284064e+01	-1.74156e+02	
1812	3.388442e+02	5.274105e+01	-1.74129e+02	
1813	3.408003e+02	5.264146e+01	-1.74102e+02	
1814	3.427678e+02	5.254188e+01	-1.74075e+02	
1815	3.447466e+02	5.244231e+01	-1.74048e+02	
1816	3.467369e+02	5.234273e+01	-1.74021e+02	
1817	3.487386e+02	5.224317e+01	-1.73993e+02	
1818	3.507519e+02	5.214361e+01	-1.73965e+02	
1819	3.527768e+02	5.204405e+01	-1.73937e+02	
1820	3.548134e+02	5.194450e+01	-1.73909e+02	
1821	3.568617e+02	5.184495e+01	-1.73881e+02	
1822	3.589219e+02	5.174541e+01	-1.73852e+02	
1823	3.609940e+02	5.164587e+01	-1.73823e+02	
1824	3.630781e+02	5.154634e+01	-1.73794e+02	
1825	3.651741e+02	5.144681e+01	-1.73765e+02	
1826	3.672823e+02	5.134729e+01	-1.73736e+02	
1827	3.694026e+02	5.124778e+01	-1.73706e+02	
1828	3.715352e+02	5.114827e+01	-1.73677e+02	
1829	3.736801e+02	5.104876e+01	-1.73647e+02	
1830	3.758374e+02	5.094926e+01	-1.73616e+02	
1831	3.780071e+02	5.084977e+01	-1.73586e+02	
1832	3.801894e+02	5.075028e+01	-1.73555e+02	
1833	3.823843e+02	5.065080e+01	-1.73525e+02	
1834	3.845918e+02	5.055133e+01	-1.73494e+02	
1835	3.868121e+02	5.045186e+01	-1.73462e+02	
1836	3.890451e+02	5.035240e+01	-1.73431e+02	
1837	3.912911e+02	5.025294e+01	-1.73399e+02	
1838	3.935501e+02	5.015349e+01	-1.73367e+02	
1839	3.958221e+02	5.005404e+01	-1.73335e+02	
1840	3.981072e+02	4.995460e+01	-1.73303e+02	
1841	4.004055e+02	4.985517e+01	-1.73271e+02	
1842	4.027170e+02	4.975575e+01	-1.73238e+02	
1843	4.050419e+02	4.965633e+01	-1.73205e+02	
1844	4.073803e+02	4.955691e+01	-1.73172e+02	
1845	4.097321e+02	4.945751e+01	-1.73138e+02	
1846	4.120975e+02	4.935811e+01	-1.73105e+02	
1847	4.144766e+02	4.925872e+01	-1.73071e+02	
1848	4.168694e+02	4.915933e+01	-1.73037e+02	
1849	4.192760e+02	4.905995e+01	-1.73003e+02	
1850	4.216965e+02	4.896058e+01	-1.72968e+02	
1851	4.241310e+02	4.886122e+01	-1.72933e+02	
1852	4.265795e+02	4.876186e+01	-1.72899e+02	

Index   frequency       tdb             tph             
--------------------------------------------------------------------------------
1853	4.290422e+02	4.866251e+01	-1.72863e+02	
1854	4.315191e+02	4.856317e+01	-1.72828e+02	
1855	4.340103e+02	4.846383e+01	-1.72792e+02	
1856	4.365158e+02	4.836451e+01	-1.72756e+02	
1857	4.390359e+02	4.826519e+01	-1.72720e+02	
1858	4.415704e+02	4.816587e+01	-1.72684e+02	
1859	4.441197e+02	4.806657e+01	-1.72647e+02	
1860	4.466836e+02	4.796727e+01	-1.72611e+02	
1861	4.492623e+02	4.786799e+01	-1.72574e+02	
1862	4.518559e+02	4.776871e+01	-1.72536e+02	
1863	4.544645e+02	4.766943e+01	-1.72499e+02	
1864	4.570882e+02	4.757017e+01	-1.72461e+02	
1865	4.597270e+02	4.747091e+01	-1.72423e+02	
1866	4.623810e+02	4.737167e+01	-1.72385e+02	
1867	4.650504e+02	4.727243e+01	-1.72346e+02	
1868	4.677351e+02	4.717320e+01	-1.72308e+02	
1869	4.704354e+02	4.707398e+01	-1.72269e+02	
1870	4.731513e+02	4.697477e+01	-1.72229e+02	
1871	4.758828e+02	4.687556e+01	-1.72190e+02	
1872	4.786301e+02	4.677637e+01	-1.72150e+02	
1873	4.813933e+02	4.667718e+01	-1.72110e+02	
1874	4.841724e+02	4.657801e+01	-1.72070e+02	
1875	4.869675e+02	4.647884e+01	-1.72030e+02	
1876	4.897788e+02	4.637969e+01	-1.71989e+02	
1877	4.926063e+02	4.628054e+01	-1.71948e+02	
1878	4.954502e+02	4.618140e+01	-1.71907e+02	
1879	4.983105e+02	4.608227e+01	-1.71865e+02	
1880	5.011872e+02	4.598316e+01	-1.71823e+02	
1881	5.040806e+02	4.588405e+01	-1.71781e+02	
1882	5.069907e+02	4.578495e+01	-1.71739e+02	
1883	5.099176e+02	4.568586e+01	-1.71697e+02	
1884	5.128614e+02	4.558679e+01	-1.71654e+02	
1885	5.158222e+02	4.548772e+01	-1.71611e+02	
1886	5.188000e+02	4.538866e+01	-1.71568e+02	
1887	5.217951e+02	4.528962e+01	-1.71524e+02	
1888	5.248075e+02	4.519058e+01	-1.71480e+02	
1889	5.278372e+02	4.509156e+01	-1.71436e+02	
1890	5.308844e+02	4.499255e+01	-1.71392e+02	
1891	5.339493e+02	4.489354e+01	-1.71347e+02	
1892	5.370318e+02	4.479455e+01	-1.71302e+02	
1893	5.401321e+02	4.469558e+01	-1.71257e+02	
1894	5.432503e+02	4.459661e+01	-1.71211e+02	
1895	5.463865e+02	4.449765e+01	-1.71166e+02	
1896	5.495409e+02	4.439871e+01	-1.71120e+02	
1897	5.527134e+02	4.429978e+01	-1.71073e+02	
1898	5.559043e+02	4.420086e+01	-1.71027e+02	
1899	5.591135e+02	4.410195e+01	-1.70980e+02	
1900	5.623413e+02	4.400306e+01	-1.70933e+02	
1901	5.655878e+02	4.390417e+01	-1.70885e+02	
1902	5.688529e+02	4.380530e+01	-1.70837e+02	
1903	5.721370e+02	4.370645e+01	-1.70789e+02	
1904	5.754399e+02	4.360760e+01	-1.70741e+02	
1905	5.787620e+02	4.350877e+01	-1.70693e+02	
1906	5.821032e+02	4.340995e+01	-1.70644e+02	
1907	5.854637e+02	4.331115e+01	-1.70594e+02	
1908	5.888437e+02	4.321236e+01	-1.70545e+02	
1909	5.922431e+02	4.311358e+01	-1.70495e+02	
1910	5.956621e+02	4.301481e+01	-1.70445e+02	

Index   frequency       tdb             tph             
--------------------------------------------------------------------------------
1911	5.991009e+02	4.291607e+01	-1.70395e+02	
1912	6.025596e+02	4.281733e+01	-1.70344e+02	
1913	6.060382e+02	4.271861e+01	-1.70293e+02	
1914	6.095369e+02	4.261990e+01	-1.70242e+02	
1915	6.130558e+02	4.252121e+01	-1.70190e+02	
1916	6.165950e+02	4.242253e+01	-1.70139e+02	
1917	6.201546e+02	4.232387e+01	-1.70086e+02	
1918	6.237348e+02	4.222522e+01	-1.70034e+02	
1919	6.273357e+02	4.212659e+01	-1.69981e+02	
1920	6.309573e+02	4.202797e+01	-1.69928e+02	
1921	6.345999e+02	4.192937e+01	-1.69875e+02	
1922	6.382635e+02	4.183078e+01	-1.69821e+02	
1923	6.419482e+02	4.173221e+01	-1.69767e+02	
1924	6.456542e+02	4.163366e+01	-1.69713e+02	
1925	6.493816e+02	4.153512e+01	-1.69658e+02	
1926	6.531306e+02	4.143660e+01	-1.69603e+02	
1927	6.569011e+02	4.133809e+01	-1.69548e+02	
1928	6.606934e+02	4.123961e+01	-1.69492e+02	
1929	6.645077e+02	4.114114e+01	-1.69436e+02	
1930	6.683439e+02	4.104268e+01	-1.69380e+02	
1931	6.722023e+02	4.094424e+01	-1.69323e+02	
1932	6.760830e+02	4.084583e+01	-1.69266e+02	
1933	6.799860e+02	4.074742e+01	-1.69209e+02	
1934	6.839116e+02	4.064904e+01	-1.69152e+02	
1935	6.878599e+02	4.055068e+01	-1.69094e+02	
1936	6.918310e+02	4.045233e+01	-1.69035e+02	
1937	6.958250e+02	4.035400e+01	-1.68977e+02	
1938	6.998420e+02	4.025569e+01	-1.68918e+02	
1939	7.038822e+02	4.015740e+01	-1.68859e+02	
1940	7.079458e+02	4.005913e+01	-1.68799e+02	
1941	7.120328e+02	3.996088e+01	-1.68739e+02	
1942	7.161434e+02	3.986264e+01	-1.68679e+02	
1943	7.202778e+02	3.976443e+01	-1.68618e+02	
1944	7.244360e+02	3.966624e+01	-1.68558e+02	
1945	7.286182e+02	3.956806e+01	-1.68496e+02	
1946	7.328245e+02	3.946991e+01	-1.68435e+02	
1947	7.370552e+02	3.937178e+01	-1.68373e+02	
1948	7.413102e+02	3.927367e+01	-1.68310e+02	
1949	7.455899e+02	3.917558e+01	-1.68248e+02	
1950	7.498942e+02	3.907751e+01	-1.68185e+02	
1951	7.542234e+02	3.897946e+01	-1.68121e+02	
1952	7.585776e+02	3.888143e+01	-1.68058e+02	
1953	7.629569e+02	3.878343e+01	-1.67993e+02	
1954	7.673615e+02	3.868545e+01	-1.67929e+02	
1955	7.717915e+02	3.858749e+01	-1.67864e+02	
1956	7.762471e+02	3.848955e+01	-1.67799e+02	
1957	7.807284e+02	3.839164e+01	-1.67733e+02	
1958	7.852356e+02	3.829375e+01	-1.67668e+02	
1959	7.897688e+02	3.819588e+01	-1.67601e+02	
1960	7.943282e+02	3.809804e+01	-1.67535e+02	
1961	7.989139e+02	3.800022e+01	-1.67468e+02	
1962	8.035261e+02	3.790242e+01	-1.67400e+02	
1963	8.081649e+02	3.780465e+01	-1.67333e+02	
1964	8.128305e+02	3.770690e+01	-1.67264e+02	
1965	8.175230e+02	3.760918e+01	-1.67196e+02	
1966	8.222426e+02	3.751149e+01	-1.67127e+02	
1967	8.269895e+02	3.741381e+01	-1.67058e+02	
1968	8.317638e+02	3.731617e+01	-1.66988e+02	

Index   frequency       tdb             tph             
--------------------------------------------------------------------------------
1969	8.365656e+02	3.721855e+01	-1.66918e+02	
1970	8.413951e+02	3.712096e+01	-1.66848e+02	
1971	8.462526e+02	3.702339e+01	-1.66777e+02	
1972	8.511380e+02	3.692585e+01	-1.66706e+02	
1973	8.560517e+02	3.682834e+01	-1.66634e+02	
1974	8.609938e+02	3.673085e+01	-1.66563e+02	
1975	8.659643e+02	3.663339e+01	-1.66490e+02	
1976	8.709636e+02	3.653596e+01	-1.66418e+02	
1977	8.759917e+02	3.643856e+01	-1.66344e+02	
1978	8.810489e+02	3.634119e+01	-1.66271e+02	
1979	8.861352e+02	3.624385e+01	-1.66197e+02	
1980	8.912509e+02	3.614653e+01	-1.66123e+02	
1981	8.963962e+02	3.604924e+01	-1.66048e+02	
1982	9.015711e+02	3.595199e+01	-1.65973e+02	
1983	9.067760e+02	3.585476e+01	-1.65898e+02	
1984	9.120108e+02	3.575757e+01	-1.65822e+02	
1985	9.172759e+02	3.566040e+01	-1.65745e+02	
1986	9.225714e+02	3.556327e+01	-1.65669e+02	
1987	9.278975e+02	3.546617e+01	-1.65592e+02	
1988	9.332543e+02	3.536909e+01	-1.65514e+02	
1989	9.386420e+02	3.527205e+01	-1.65436e+02	
1990	9.440609e+02	3.517505e+01	-1.65358e+02	
1991	9.495110e+02	3.507807e+01	-1.65279e+02	
1992	9.549926e+02	3.498113e+01	-1.65200e+02	
1993	9.605058e+02	3.488422e+01	-1.65121e+02	
1994	9.660509e+02	3.478735e+01	-1.65041e+02	
1995	9.716280e+02	3.469051e+01	-1.64960e+02	
1996	9.772372e+02	3.459370e+01	-1.64879e+02	
1997	9.828789e+02	3.449693e+01	-1.64798e+02	
1998	9.885531e+02	3.440019e+01	-1.64716e+02	
1999	9.942601e+02	3.430349e+01	-1.64634e+02	
2000	1.000000e+03	3.420683e+01	-1.64552e+02	
2001	1.005773e+03	3.411020e+01	-1.64469e+02	
2002	1.011579e+03	3.401360e+01	-1.64386e+02	
2003	1.017419e+03	3.391705e+01	-1.64302e+02	
2004	1.023293e+03	3.382053e+01	-1.64217e+02	
2005	1.029201e+03	3.372404e+01	-1.64133e+02	
2006	1.035142e+03	3.362760e+01	-1.64048e+02	
2007	1.041118e+03	3.353119e+01	-1.63962e+02	
2008	1.047129e+03	3.343483e+01	-1.63876e+02	
2009	1.053174e+03	3.333850e+01	-1.63790e+02	
2010	1.059254e+03	3.324221e+01	-1.63703e+02	
2011	1.065369e+03	3.314596e+01	-1.63616e+02	
2012	1.071519e+03	3.304975e+01	-1.63528e+02	
2013	1.077705e+03	3.295358e+01	-1.63440e+02	
2014	1.083927e+03	3.285746e+01	-1.63351e+02	
2015	1.090184e+03	3.276137e+01	-1.63262e+02	
2016	1.096478e+03	3.266533e+01	-1.63173e+02	
2017	1.102808e+03	3.256932e+01	-1.63083e+02	
2018	1.109175e+03	3.247337e+01	-1.62992e+02	
2019	1.115578e+03	3.237745e+01	-1.62902e+02	
2020	1.122018e+03	3.228158e+01	-1.62810e+02	
2021	1.128496e+03	3.218575e+01	-1.62718e+02	
2022	1.135011e+03	3.208996e+01	-1.62626e+02	
2023	1.141563e+03	3.199422e+01	-1.62534e+02	
2024	1.148154e+03	3.189853e+01	-1.62441e+02	
2025	1.154782e+03	3.180288e+01	-1.62347e+02	
2026	1.161449e+03	3.170727e+01	-1.62253e+02	

Index   frequency       tdb             tph             
--------------------------------------------------------------------------------
2027	1.168154e+03	3.161172e+01	-1.62158e+02	
2028	1.174898e+03	3.151621e+01	-1.62063e+02	
2029	1.181680e+03	3.142074e+01	-1.61968e+02	
2030	1.188502e+03	3.132533e+01	-1.61872e+02	
2031	1.195364e+03	3.122996e+01	-1.61776e+02	
2032	1.202264e+03	3.113465e+01	-1.61679e+02	
2033	1.209205e+03	3.103938e+01	-1.61582e+02	
2034	1.216186e+03	3.094416e+01	-1.61484e+02	
2035	1.223207e+03	3.084899e+01	-1.61386e+02	
2036	1.230269e+03	3.075387e+01	-1.61287e+02	
2037	1.237371e+03	3.065880e+01	-1.61188e+02	
2038	1.244515e+03	3.056379e+01	-1.61088e+02	
2039	1.251699e+03	3.046882e+01	-1.60988e+02	
2040	1.258925e+03	3.037391e+01	-1.60888e+02	
2041	1.266193e+03	3.027905e+01	-1.60787e+02	
2042	1.273503e+03	3.018425e+01	-1.60685e+02	
2043	1.280855e+03	3.008949e+01	-1.60583e+02	
2044	1.288250e+03	2.999480e+01	-1.60481e+02	
2045	1.295687e+03	2.990016e+01	-1.60378e+02	
2046	1.303167e+03	2.980557e+01	-1.60274e+02	
2047	1.310690e+03	2.971104e+01	-1.60170e+02	
2048	1.318257e+03	2.961656e+01	-1.60066e+02	
2049	1.325867e+03	2.952215e+01	-1.59961e+02	
2050	1.333521e+03	2.942779e+01	-1.59856e+02	
2051	1.341220e+03	2.933349e+01	-1.59750e+02	
2052	1.348963e+03	2.923924e+01	-1.59644e+02	
2053	1.356751e+03	2.914506e+01	-1.59537e+02	
2054	1.364583e+03	2.905093e+01	-1.59430e+02	
2055	1.372461e+03	2.895687e+01	-1.59322e+02	
2056	1.380384e+03	2.886286e+01	-1.59214e+02	
2057	1.388353e+03	2.876892e+01	-1.59105e+02	
2058	1.396368e+03	2.867504e+01	-1.58996e+02	
2059	1.404430e+03	2.858122e+01	-1.58886e+02	
2060	1.412538e+03	2.848746e+01	-1.58776e+02	
2061	1.420692e+03	2.839377e+01	-1.58665e+02	
2062	1.428894e+03	2.830014e+01	-1.58554e+02	
2063	1.437143e+03	2.820658e+01	-1.58442e+02	
2064	1.445440e+03	2.811308e+01	-1.58330e+02	
2065	1.453784e+03	2.801964e+01	-1.58217e+02	
2066	1.462177e+03	2.792628e+01	-1.58104e+02	
2067	1.470618e+03	2.783297e+01	-1.57991e+02	
2068	1.479108e+03	2.773974e+01	-1.57876e+02	
2069	1.487647e+03	2.764657e+01	-1.57762e+02	
2070	1.496236e+03	2.755347e+01	-1.57647e+02	
2071	1.504874e+03	2.746045e+01	-1.57531e+02	
2072	1.513561e+03	2.736749e+01	-1.57415e+02	
2073	1.522299e+03	2.727460e+01	-1.57298e+02	
2074	1.531087e+03	2.718178e+01	-1.57181e+02	
2075	1.539927e+03	2.708903e+01	-1.57064e+02	
2076	1.548817e+03	2.699635e+01	-1.56946e+02	
2077	1.557758e+03	2.690375e+01	-1.56827e+02	
2078	1.566751e+03	2.681122e+01	-1.56708e+02	
2079	1.575796e+03	2.671876e+01	-1.56588e+02	
2080	1.584893e+03	2.662638e+01	-1.56468e+02	
2081	1.594043e+03	2.653407e+01	-1.56348e+02	
2082	1.603245e+03	2.644184e+01	-1.56227e+02	
2083	1.612501e+03	2.634969e+01	-1.56105e+02	
2084	1.621810e+03	2.625761e+01	-1.55983e+02	

Index   frequency       tdb             tph             
--------------------------------------------------------------------------------
2085	1.631173e+03	2.616560e+01	-1.55861e+02	
2086	1.640590e+03	2.607368e+01	-1.55738e+02	
2087	1.650061e+03	2.598183e+01	-1.55614e+02	
2088	1.659587e+03	2.589007e+01	-1.55490e+02	
2089	1.669168e+03	2.579838e+01	-1.55366e+02	
2090	1.678804e+03	2.570677e+01	-1.55241e+02	
2091	1.688496e+03	2.561525e+01	-1.55115e+02	
2092	1.698244e+03	2.552380e+01	-1.54989e+02	
2093	1.708048e+03	2.543244e+01	-1.54863e+02	
2094	1.717908e+03	2.534116e+01	-1.54736e+02	
2095	1.727826e+03	2.524997e+01	-1.54609e+02	
2096	1.737801e+03	2.515886e+01	-1.54481e+02	
2097	1.747833e+03	2.506783e+01	-1.54352e+02	
2098	1.757924e+03	2.497689e+01	-1.54223e+02	
2099	1.768072e+03	2.488603e+01	-1.54094e+02	
2100	1.778279e+03	2.479526e+01	-1.53964e+02	
2101	1.788546e+03	2.470458e+01	-1.53834e+02	
2102	1.798871e+03	2.461399e+01	-1.53703e+02	
2103	1.809256e+03	2.452349e+01	-1.53572e+02	
2104	1.819701e+03	2.443307e+01	-1.53440e+02	
2105	1.830206e+03	2.434274e+01	-1.53307e+02	
2106	1.840772e+03	2.425251e+01	-1.53175e+02	
2107	1.851399e+03	2.416236e+01	-1.53041e+02	
2108	1.862087e+03	2.407231e+01	-1.52908e+02	
2109	1.872837e+03	2.398235e+01	-1.52774e+02	
2110	1.883649e+03	2.389248e+01	-1.52639e+02	
2111	1.894524e+03	2.380271e+01	-1.52504e+02	
2112	1.905461e+03	2.371303e+01	-1.52368e+02	
2113	1.916461e+03	2.362345e+01	-1.52232e+02	
2114	1.927525e+03	2.353396e+01	-1.52095e+02	
2115	1.938653e+03	2.344457e+01	-1.51958e+02	
2116	1.949845e+03	2.335527e+01	-1.51821e+02	
2117	1.961101e+03	2.326608e+01	-1.51683e+02	
2118	1.972423e+03	2.317698e+01	-1.51544e+02	
2119	1.983810e+03	2.308798e+01	-1.51405e+02	
2120	1.995262e+03	2.299908e+01	-1.51266e+02	
2121	2.006781e+03	2.291028e+01	-1.51126e+02	
2122	2.018366e+03	2.282158e+01	-1.50986e+02	
2123	2.030019e+03	2.273298e+01	-1.50845e+02	
2124	2.041738e+03	2.264448e+01	-1.50704e+02	
2125	2.053525e+03	2.255609e+01	-1.50562e+02	
2126	2.065380e+03	2.246780e+01	-1.50420e+02	
2127	2.077304e+03	2.237962e+01	-1.50278e+02	
2128	2.089296e+03	2.229154e+01	-1.50135e+02	
2129	2.101358e+03	2.220356e+01	-1.49991e+02	
2130	2.113489e+03	2.211569e+01	-1.49847e+02	
2131	2.125690e+03	2.202793e+01	-1.49703e+02	
2132	2.137962e+03	2.194027e+01	-1.49558e+02	
2133	2.150305e+03	2.185273e+01	-1.49413e+02	
2134	2.162719e+03	2.176529e+01	-1.49267e+02	
2135	2.175204e+03	2.167796e+01	-1.49121e+02	
2136	2.187762e+03	2.159074e+01	-1.48975e+02	
2137	2.200392e+03	2.150363e+01	-1.48828e+02	
2138	2.213095e+03	2.141663e+01	-1.48680e+02	
2139	2.225871e+03	2.132974e+01	-1.48532e+02	
2140	2.238721e+03	2.124297e+01	-1.48384e+02	
2141	2.251645e+03	2.115631e+01	-1.48236e+02	
2142	2.264644e+03	2.106976e+01	-1.48087e+02	

Index   frequency       tdb             tph             
--------------------------------------------------------------------------------
2143	2.277718e+03	2.098333e+01	-1.47937e+02	
2144	2.290868e+03	2.089701e+01	-1.47787e+02	
2145	2.304093e+03	2.081081e+01	-1.47637e+02	
2146	2.317395e+03	2.072472e+01	-1.47486e+02	
2147	2.330773e+03	2.063875e+01	-1.47335e+02	
2148	2.344229e+03	2.055290e+01	-1.47184e+02	
2149	2.357762e+03	2.046716e+01	-1.47032e+02	
2150	2.371374e+03	2.038155e+01	-1.46879e+02	
2151	2.385064e+03	2.029605e+01	-1.46727e+02	
2152	2.398833e+03	2.021067e+01	-1.46574e+02	
2153	2.412682e+03	2.012541e+01	-1.46420e+02	
2154	2.426610e+03	2.004028e+01	-1.46266e+02	
2155	2.440619e+03	1.995526e+01	-1.46112e+02	
2156	2.454709e+03	1.987037e+01	-1.45957e+02	
2157	2.468880e+03	1.978560e+01	-1.45802e+02	
2158	2.483133e+03	1.970095e+01	-1.45647e+02	
2159	2.497468e+03	1.961643e+01	-1.45491e+02	
2160	2.511886e+03	1.953203e+01	-1.45335e+02	
2161	2.526388e+03	1.944775e+01	-1.45179e+02	
2162	2.540973e+03	1.936361e+01	-1.45022e+02	
2163	2.555642e+03	1.927958e+01	-1.44865e+02	
2164	2.570396e+03	1.919569e+01	-1.44707e+02	
2165	2.585235e+03	1.911192e+01	-1.44550e+02	
2166	2.600160e+03	1.902828e+01	-1.44391e+02	
2167	2.615170e+03	1.894476e+01	-1.44233e+02	
2168	2.630268e+03	1.886138e+01	-1.44074e+02	
2169	2.645453e+03	1.877812e+01	-1.43915e+02	
2170	2.660725e+03	1.869500e+01	-1.43755e+02	
2171	2.676086e+03	1.861200e+01	-1.43596e+02	
2172	2.691535e+03	1.852914e+01	-1.43435e+02	
2173	2.707073e+03	1.844640e+01	-1.43275e+02	
2174	2.722701e+03	1.836380e+01	-1.43114e+02	
2175	2.738420e+03	1.828133e+01	-1.42953e+02	
2176	2.754229e+03	1.819899e+01	-1.42792e+02	
2177	2.770129e+03	1.811679e+01	-1.42630e+02	
2178	2.786121e+03	1.803472e+01	-1.42468e+02	
2179	2.802206e+03	1.795278e+01	-1.42306e+02	
2180	2.818383e+03	1.787098e+01	-1.42143e+02	
2181	2.834654e+03	1.778931e+01	-1.41981e+02	
2182	2.851018e+03	1.770778e+01	-1.41818e+02	
2183	2.867477e+03	1.762638e+01	-1.41654e+02	
2184	2.884032e+03	1.754513e+01	-1.41491e+02	
2185	2.900681e+03	1.746400e+01	-1.41327e+02	
2186	2.917427e+03	1.738302e+01	-1.41163e+02	
2187	2.934270e+03	1.730217e+01	-1.40998e+02	
2188	2.951209e+03	1.722146e+01	-1.40834e+02	
2189	2.968247e+03	1.714089e+01	-1.40669e+02	
2190	2.985383e+03	1.706045e+01	-1.40504e+02	
2191	3.002617e+03	1.698016e+01	-1.40338e+02	
2192	3.019952e+03	1.690001e+01	-1.40173e+02	
2193	3.037386e+03	1.681999e+01	-1.40007e+02	
2194	3.054921e+03	1.674012e+01	-1.39841e+02	
2195	3.072557e+03	1.666038e+01	-1.39675e+02	
2196	3.090295e+03	1.658079e+01	-1.39508e+02	
2197	3.108136e+03	1.650134e+01	-1.39341e+02	
2198	3.126079e+03	1.642203e+01	-1.39175e+02	
2199	3.144126e+03	1.634286e+01	-1.39008e+02	
2200	3.162278e+03	1.626384e+01	-1.38840e+02	

Index   frequency       tdb             tph             
--------------------------------------------------------------------------------
2201	3.180534e+03	1.618495e+01	-1.38673e+02	
2202	3.198895e+03	1.610621e+01	-1.38505e+02	
2203	3.217363e+03	1.602761e+01	-1.38337e+02	
2204	3.235937e+03	1.594916e+01	-1.38169e+02	
2205	3.254618e+03	1.587085e+01	-1.38001e+02	
2206	3.273407e+03	1.579268e+01	-1.37833e+02	
2207	3.292305e+03	1.571466e+01	-1.37665e+02	
2208	3.311311e+03	1.563678e+01	-1.37496e+02	
2209	3.330428e+03	1.555905e+01	-1.37327e+02	
2210	3.349654e+03	1.548146e+01	-1.37158e+02	
2211	3.368992e+03	1.540401e+01	-1.36989e+02	
2212	3.388442e+03	1.532672e+01	-1.36820e+02	
2213	3.408003e+03	1.524956e+01	-1.36651e+02	
2214	3.427678e+03	1.517256e+01	-1.36482e+02	
2215	3.447466e+03	1.509569e+01	-1.36312e+02	
2216	3.467369e+03	1.501898e+01	-1.36142e+02	
2217	3.487386e+03	1.494241e+01	-1.35973e+02	
2218	3.507519e+03	1.486599e+01	-1.35803e+02	
2219	3.527768e+03	1.478971e+01	-1.35633e+02	
2220	3.548134e+03	1.471358e+01	-1.35463e+02	
2221	3.568617e+03	1.463760e+01	-1.35293e+02	
2222	3.589219e+03	1.456176e+01	-1.35123e+02	
2223	3.609940e+03	1.448607e+01	-1.34953e+02	
2224	3.630781e+03	1.441053e+01	-1.34782e+02	
2225	3.651741e+03	1.433514e+01	-1.34612e+02	
2226	3.672823e+03	1.425989e+01	-1.34441e+02	
2227	3.694026e+03	1.418479e+01	-1.34271e+02	
2228	3.715352e+03	1.410984e+01	-1.34100e+02	
2229	3.736801e+03	1.403503e+01	-1.33930e+02	
2230	3.758374e+03	1.396037e+01	-1.33759e+02	
2231	3.780071e+03	1.388586e+01	-1.33589e+02	
2232	3.801894e+03	1.381150e+01	-1.33418e+02	
2233	3.823843e+03	1.373728e+01	-1.33247e+02	
2234	3.845918e+03	1.366322e+01	-1.33077e+02	
2235	3.868121e+03	1.358930e+01	-1.32906e+02	
2236	3.890451e+03	1.351553e+01	-1.32735e+02	
2237	3.912911e+03	1.344190e+01	-1.32565e+02	
2238	3.935501e+03	1.336842e+01	-1.32394e+02	
2239	3.958221e+03	1.329509e+01	-1.32223e+02	
2240	3.981072e+03	1.322191e+01	-1.32053e+02	
2241	4.004055e+03	1.314888e+01	-1.31882e+02	
2242	4.027170e+03	1.307599e+01	-1.31712e+02	
2243	4.050419e+03	1.300325e+01	-1.31541e+02	
2244	4.073803e+03	1.293066e+01	-1.31371e+02	
2245	4.097321e+03	1.285821e+01	-1.31200e+02	
2246	4.120975e+03	1.278591e+01	-1.31030e+02	
2247	4.144766e+03	1.271376e+01	-1.30859e+02	
2248	4.168694e+03	1.264176e+01	-1.30689e+02	
2249	4.192760e+03	1.256990e+01	-1.30519e+02	
2250	4.216965e+03	1.249819e+01	-1.30349e+02	
2251	4.241310e+03	1.242662e+01	-1.30179e+02	
2252	4.265795e+03	1.235521e+01	-1.30009e+02	
2253	4.290422e+03	1.228393e+01	-1.29839e+02	
2254	4.315191e+03	1.221281e+01	-1.29669e+02	
2255	4.340103e+03	1.214183e+01	-1.29499e+02	
2256	4.365158e+03	1.207099e+01	-1.29330e+02	
2257	4.390359e+03	1.200030e+01	-1.29160e+02	
2258	4.415704e+03	1.192976e+01	-1.28991e+02	

Index   frequency       tdb             tph             
--------------------------------------------------------------------------------
2259	4.441197e+03	1.185936e+01	-1.28821e+02	
2260	4.466836e+03	1.178910e+01	-1.28652e+02	
2261	4.492623e+03	1.171899e+01	-1.28483e+02	
2262	4.518559e+03	1.164903e+01	-1.28314e+02	
2263	4.544645e+03	1.157921e+01	-1.28146e+02	
2264	4.570882e+03	1.150953e+01	-1.27977e+02	
2265	4.597270e+03	1.143999e+01	-1.27809e+02	
2266	4.623810e+03	1.137060e+01	-1.27640e+02	
2267	4.650504e+03	1.130136e+01	-1.27472e+02	
2268	4.677351e+03	1.123225e+01	-1.27304e+02	
2269	4.704354e+03	1.116329e+01	-1.27136e+02	
2270	4.731513e+03	1.109447e+01	-1.26969e+02	
2271	4.758828e+03	1.102579e+01	-1.26801e+02	
2272	4.786301e+03	1.095726e+01	-1.26634e+02	
2273	4.813933e+03	1.088886e+01	-1.26467e+02	
2274	4.841724e+03	1.082061e+01	-1.26300e+02	
2275	4.869675e+03	1.075249e+01	-1.26133e+02	
2276	4.897788e+03	1.068452e+01	-1.25967e+02	
2277	4.926063e+03	1.061669e+01	-1.25800e+02	
2278	4.954502e+03	1.054900e+01	-1.25634e+02	
2279	4.983105e+03	1.048144e+01	-1.25468e+02	
2280	5.011872e+03	1.041403e+01	-1.25302e+02	
2281	5.040806e+03	1.034675e+01	-1.25137e+02	
2282	5.069907e+03	1.027961e+01	-1.24972e+02	
2283	5.099176e+03	1.021261e+01	-1.24807e+02	
2284	5.128614e+03	1.014575e+01	-1.24642e+02	
2285	5.158222e+03	1.007902e+01	-1.24477e+02	
2286	5.188000e+03	1.001244e+01	-1.24313e+02	
2287	5.217951e+03	9.945984e+00	-1.24149e+02	
2288	5.248075e+03	9.879667e+00	-1.23985e+02	
2289	5.278372e+03	9.813487e+00	-1.23822e+02	
2290	5.308844e+03	9.747441e+00	-1.23658e+02	
2291	5.339493e+03	9.681530e+00	-1.23495e+02	
2292	5.370318e+03	9.615753e+00	-1.23333e+02	
2293	5.401321e+03	9.550110e+00	-1.23170e+02	
2294	5.432503e+03	9.484600e+00	-1.23008e+02	
2295	5.463865e+03	9.419224e+00	-1.22846e+02	
2296	5.495409e+03	9.353979e+00	-1.22684e+02	
2297	5.527134e+03	9.288867e+00	-1.22523e+02	
2298	5.559043e+03	9.223887e+00	-1.22362e+02	
2299	5.591135e+03	9.159038e+00	-1.22201e+02	
2300	5.623413e+03	9.094319e+00	-1.22041e+02	
2301	5.655878e+03	9.029731e+00	-1.21881e+02	
2302	5.688529e+03	8.965273e+00	-1.21721e+02	
2303	5.721370e+03	8.900944e+00	-1.21561e+02	
2304	5.754399e+03	8.836744e+00	-1.21402e+02	
2305	5.787620e+03	8.772672e+00	-1.21243e+02	
2306	5.821032e+03	8.708728e+00	-1.21084e+02	
2307	5.854637e+03	8.644911e+00	-1.20926e+02	
2308	5.888437e+03	8.581222e+00	-1.20768e+02	
2309	5.922431e+03	8.517659e+00	-1.20610e+02	
2310	5.956621e+03	8.454222e+00	-1.20453e+02	
2311	5.991009e+03	8.390910e+00	-1.20296e+02	
2312	6.025596e+03	8.327723e+00	-1.20139e+02	
2313	6.060382e+03	8.264661e+00	-1.19983e+02	
2314	6.095369e+03	8.201723e+00	-1.19827e+02	
2315	6.130558e+03	8.138908e+00	-1.19671e+02	
2316	6.165950e+03	8.076216e+00	-1.19516e+02	

Index   frequency       tdb             tph             
--------------------------------------------------------------------------------
2317	6.201546e+03	8.013647e+00	-1.19361e+02	
2318	6.237348e+03	7.951199e+00	-1.19207e+02	
2319	6.273357e+03	7.888873e+00	-1.19052e+02	
2320	6.309573e+03	7.826668e+00	-1.18899e+02	
2321	6.345999e+03	7.764583e+00	-1.18745e+02	
2322	6.382635e+03	7.702619e+00	-1.18592e+02	
2323	6.419482e+03	7.640773e+00	-1.18439e+02	
2324	6.456542e+03	7.579047e+00	-1.18287e+02	
2325	6.493816e+03	7.517438e+00	-1.18135e+02	
2326	6.531306e+03	7.455948e+00	-1.17983e+02	
2327	6.569011e+03	7.394575e+00	-1.17832e+02	
2328	6.606934e+03	7.333319e+00	-1.17681e+02	
2329	6.645077e+03	7.272178e+00	-1.17531e+02	
2330	6.683439e+03	7.211154e+00	-1.17380e+02	
2331	6.722023e+03	7.150245e+00	-1.17231e+02	
2332	6.760830e+03	7.089451e+00	-1.17081e+02	
2333	6.799860e+03	7.028770e+00	-1.16932e+02	
2334	6.839116e+03	6.968204e+00	-1.16784e+02	
2335	6.878599e+03	6.907750e+00	-1.16636e+02	
2336	6.918310e+03	6.847409e+00	-1.16488e+02	
2337	6.958250e+03	6.787180e+00	-1.16341e+02	
2338	6.998420e+03	6.727063e+00	-1.16194e+02	
2339	7.038822e+03	6.667056e+00	-1.16047e+02	
2340	7.079458e+03	6.607160e+00	-1.15901e+02	
2341	7.120328e+03	6.547374e+00	-1.15755e+02	
2342	7.161434e+03	6.487698e+00	-1.15610e+02	
2343	7.202778e+03	6.428130e+00	-1.15465e+02	
2344	7.244360e+03	6.368671e+00	-1.15320e+02	
2345	7.286182e+03	6.309320e+00	-1.15176e+02	
2346	7.328245e+03	6.250076e+00	-1.15033e+02	
2347	7.370552e+03	6.190939e+00	-1.14889e+02	
2348	7.413102e+03	6.131908e+00	-1.14746e+02	
2349	7.455899e+03	6.072983e+00	-1.14604e+02	
2350	7.498942e+03	6.014163e+00	-1.14462e+02	
2351	7.542234e+03	5.955448e+00	-1.14320e+02	
2352	7.585776e+03	5.896837e+00	-1.14179e+02	
2353	7.629569e+03	5.838330e+00	-1.14039e+02	
2354	7.673615e+03	5.779927e+00	-1.13898e+02	
2355	7.717915e+03	5.721626e+00	-1.13758e+02	
2356	7.762471e+03	5.663427e+00	-1.13619e+02	
2357	7.807284e+03	5.605330e+00	-1.13480e+02	
2358	7.852356e+03	5.547334e+00	-1.13341e+02	
2359	7.897688e+03	5.489439e+00	-1.13203e+02	
2360	7.943282e+03	5.431644e+00	-1.13066e+02	
2361	7.989139e+03	5.373949e+00	-1.12928e+02	
2362	8.035261e+03	5.316353e+00	-1.12791e+02	
2363	8.081649e+03	5.258856e+00	-1.12655e+02	
2364	8.128305e+03	5.201457e+00	-1.12519e+02	
2365	8.175230e+03	5.144155e+00	-1.12384e+02	
2366	8.222426e+03	5.086951e+00	-1.12249e+02	
2367	8.269895e+03	5.029844e+00	-1.12114e+02	
2368	8.317638e+03	4.972834e+00	-1.11980e+02	
2369	8.365656e+03	4.915919e+00	-1.11846e+02	
2370	8.413951e+03	4.859099e+00	-1.11713e+02	
2371	8.462526e+03	4.802374e+00	-1.11580e+02	
2372	8.511380e+03	4.745744e+00	-1.11447e+02	
2373	8.560517e+03	4.689207e+00	-1.11315e+02	
2374	8.609938e+03	4.632765e+00	-1.11184e+02	

Index   frequency       tdb             tph             
--------------------------------------------------------------------------------
2375	8.659643e+03	4.576415e+00	-1.11053e+02	
2376	8.709636e+03	4.520157e+00	-1.10922e+02	
2377	8.759917e+03	4.463992e+00	-1.10792e+02	
2378	8.810489e+03	4.407919e+00	-1.10663e+02	
2379	8.861352e+03	4.351936e+00	-1.10533e+02	
2380	8.912509e+03	4.296045e+00	-1.10404e+02	
2381	8.963962e+03	4.240243e+00	-1.10276e+02	
2382	9.015711e+03	4.184532e+00	-1.10148e+02	
2383	9.067760e+03	4.128910e+00	-1.10021e+02	
2384	9.120108e+03	4.073377e+00	-1.09894e+02	
2385	9.172759e+03	4.017933e+00	-1.09767e+02	
2386	9.225714e+03	3.962576e+00	-1.09641e+02	
2387	9.278975e+03	3.907308e+00	-1.09516e+02	
2388	9.332543e+03	3.852127e+00	-1.09391e+02	
2389	9.386420e+03	3.797032e+00	-1.09266e+02	
2390	9.440609e+03	3.742024e+00	-1.09142e+02	
2391	9.495110e+03	3.687102e+00	-1.09018e+02	
2392	9.549926e+03	3.632266e+00	-1.08895e+02	
2393	9.605058e+03	3.577515e+00	-1.08772e+02	
2394	9.660509e+03	3.522849e+00	-1.08649e+02	
2395	9.716280e+03	3.468267e+00	-1.08527e+02	
2396	9.772372e+03	3.413770e+00	-1.08406e+02	
2397	9.828789e+03	3.359356e+00	-1.08285e+02	
2398	9.885531e+03	3.305025e+00	-1.08164e+02	
2399	9.942601e+03	3.250777e+00	-1.08044e+02	
2400	1.000000e+04	3.196612e+00	-1.07925e+02	
2401	1.005773e+04	3.142528e+00	-1.07806e+02	
2402	1.011579e+04	3.088527e+00	-1.07687e+02	
2403	1.017419e+04	3.034607e+00	-1.07569e+02	
2404	1.023293e+04	2.980768e+00	-1.07451e+02	
2405	1.029201e+04	2.927009e+00	-1.07334e+02	
2406	1.035142e+04	2.873331e+00	-1.07217e+02	
2407	1.041118e+04	2.819733e+00	-1.07100e+02	
2408	1.047129e+04	2.766214e+00	-1.06984e+02	
2409	1.053174e+04	2.712775e+00	-1.06869e+02	
2410	1.059254e+04	2.659414e+00	-1.06754e+02	
2411	1.065369e+04	2.606132e+00	-1.06639e+02	
2412	1.071519e+04	2.552928e+00	-1.06525e+02	
2413	1.077705e+04	2.499803e+00	-1.06412e+02	
2414	1.083927e+04	2.446754e+00	-1.06299e+02	
2415	1.090184e+04	2.393783e+00	-1.06186e+02	
2416	1.096478e+04	2.340889e+00	-1.06074e+02	
2417	1.102808e+04	2.288071e+00	-1.05962e+02	
2418	1.109175e+04	2.235329e+00	-1.05851e+02	
2419	1.115578e+04	2.182664e+00	-1.05740e+02	
2420	1.122018e+04	2.130074e+00	-1.05630e+02	
2421	1.128496e+04	2.077559e+00	-1.05520e+02	
2422	1.135011e+04	2.025120e+00	-1.05411e+02	
2423	1.141563e+04	1.972755e+00	-1.05302e+02	
2424	1.148154e+04	1.920464e+00	-1.05193e+02	
2425	1.154782e+04	1.868248e+00	-1.05085e+02	
2426	1.161449e+04	1.816105e+00	-1.04978e+02	
2427	1.168154e+04	1.764036e+00	-1.04871e+02	
2428	1.174898e+04	1.712040e+00	-1.04764e+02	
2429	1.181680e+04	1.660117e+00	-1.04658e+02	
2430	1.188502e+04	1.608267e+00	-1.04553e+02	
2431	1.195364e+04	1.556489e+00	-1.04447e+02	
2432	1.202264e+04	1.504783e+00	-1.04343e+02	

Index   frequency       tdb             tph             
--------------------------------------------------------------------------------
2433	1.209205e+04	1.453150e+00	-1.04238e+02	
2434	1.216186e+04	1.401587e+00	-1.04135e+02	
2435	1.223207e+04	1.350096e+00	-1.04031e+02	
2436	1.230269e+04	1.298677e+00	-1.03929e+02	
2437	1.237371e+04	1.247328e+00	-1.03826e+02	
2438	1.244515e+04	1.196049e+00	-1.03724e+02	
2439	1.251699e+04	1.144841e+00	-1.03623e+02	
2440	1.258925e+04	1.093703e+00	-1.03522e+02	
2441	1.266193e+04	1.042634e+00	-1.03422e+02	
2442	1.273503e+04	9.916357e-01	-1.03322e+02	
2443	1.280855e+04	9.407063e-01	-1.03222e+02	
2444	1.288250e+04	8.898459e-01	-1.03123e+02	
2445	1.295687e+04	8.390544e-01	-1.03025e+02	
2446	1.303167e+04	7.883314e-01	-1.02927e+02	
2447	1.310690e+04	7.376769e-01	-1.02829e+02	
2448	1.318257e+04	6.870905e-01	-1.02732e+02	
2449	1.325867e+04	6.365720e-01	-1.02635e+02	
2450	1.333521e+04	5.861212e-01	-1.02539e+02	
2451	1.341220e+04	5.357378e-01	-1.02444e+02	
2452	1.348963e+04	4.854218e-01	-1.02348e+02	
2453	1.356751e+04	4.351727e-01	-1.02254e+02	
2454	1.364583e+04	3.849904e-01	-1.02159e+02	
2455	1.372461e+04	3.348748e-01	-1.02066e+02	
2456	1.380384e+04	2.848255e-01	-1.01972e+02	
2457	1.388353e+04	2.348424e-01	-1.01880e+02	
2458	1.396368e+04	1.849252e-01	-1.01787e+02	
2459	1.404430e+04	1.350738e-01	-1.01695e+02	
2460	1.412538e+04	8.528797e-02	-1.01604e+02	
2461	1.420692e+04	3.556746e-02	-1.01513e+02	
2462	1.428894e+04	-1.40879e-02	-1.01423e+02	
2463	1.437143e+04	-6.36783e-02	-1.01333e+02	
2464	1.445440e+04	-1.13204e-01	-1.01243e+02	
2465	1.453784e+04	-1.62665e-01	-1.01154e+02	
2466	1.462177e+04	-2.12062e-01	-1.01066e+02	
2467	1.470618e+04	-2.61395e-01	-1.00978e+02	
2468	1.479108e+04	-3.10663e-01	-1.00891e+02	
2469	1.487647e+04	-3.59868e-01	-1.00804e+02	
2470	1.496236e+04	-4.09010e-01	-1.00717e+02	
2471	1.504874e+04	-4.58088e-01	-1.00631e+02	
2472	1.513561e+04	-5.07103e-01	-1.00546e+02	
2473	1.522299e+04	-5.56055e-01	-1.00461e+02	
2474	1.531087e+04	-6.04944e-01	-1.00376e+02	
2475	1.539927e+04	-6.53770e-01	-1.00292e+02	
2476	1.548817e+04	-7.02534e-01	-1.00208e+02	
2477	1.557758e+04	-7.51236e-01	-1.00125e+02	
2478	1.566751e+04	-7.99876e-01	-1.00043e+02	
2479	1.575796e+04	-8.48454e-01	-9.99607e+01	
2480	1.584893e+04	-8.96970e-01	-9.98792e+01	
2481	1.594043e+04	-9.45425e-01	-9.97981e+01	
2482	1.603245e+04	-9.93818e-01	-9.97176e+01	
2483	1.612501e+04	-1.04215e+00	-9.96375e+01	
2484	1.621810e+04	-1.09042e+00	-9.95579e+01	
2485	1.631173e+04	-1.13863e+00	-9.94789e+01	
2486	1.640590e+04	-1.18678e+00	-9.94004e+01	
2487	1.650061e+04	-1.23487e+00	-9.93223e+01	
2488	1.659587e+04	-1.28290e+00	-9.92448e+01	
2489	1.669168e+04	-1.33087e+00	-9.91678e+01	
2490	1.678804e+04	-1.37878e+00	-9.90913e+01	

Index   frequency       tdb             tph             
--------------------------------------------------------------------------------
2491	1.688496e+04	-1.42663e+00	-9.90153e+01	
2492	1.698244e+04	-1.47442e+00	-9.89398e+01	
2493	1.708048e+04	-1.52216e+00	-9.88648e+01	
2494	1.717908e+04	-1.56983e+00	-9.87903e+01	
2495	1.727826e+04	-1.61744e+00	-9.87164e+01	
2496	1.737801e+04	-1.66500e+00	-9.86430e+01	
2497	1.747833e+04	-1.71249e+00	-9.85701e+01	
2498	1.757924e+04	-1.75993e+00	-9.84977e+01	
2499	1.768072e+04	-1.80731e+00	-9.84258e+01	
2500	1.778279e+04	-1.85464e+00	-9.83545e+01	
2501	1.788546e+04	-1.90190e+00	-9.82836e+01	
2502	1.798871e+04	-1.94911e+00	-9.82134e+01	
2503	1.809256e+04	-1.99626e+00	-9.81436e+01	
2504	1.819701e+04	-2.04335e+00	-9.80744e+01	
2505	1.830206e+04	-2.09039e+00	-9.80057e+01	
2506	1.840772e+04	-2.13737e+00	-9.79375e+01	
2507	1.851399e+04	-2.18429e+00	-9.78699e+01	
2508	1.862087e+04	-2.23116e+00	-9.78028e+01	
2509	1.872837e+04	-2.27797e+00	-9.77362e+01	
2510	1.883649e+04	-2.32473e+00	-9.76702e+01	
2511	1.894524e+04	-2.37143e+00	-9.76047e+01	
2512	1.905461e+04	-2.41807e+00	-9.75398e+01	
2513	1.916461e+04	-2.46466e+00	-9.74754e+01	
2514	1.927525e+04	-2.51120e+00	-9.74115e+01	
2515	1.938653e+04	-2.55768e+00	-9.73482e+01	
2516	1.949845e+04	-2.60411e+00	-9.72855e+01	
2517	1.961101e+04	-2.65048e+00	-9.72233e+01	
2518	1.972423e+04	-2.69680e+00	-9.71616e+01	
2519	1.983810e+04	-2.74306e+00	-9.71005e+01	
2520	1.995262e+04	-2.78927e+00	-9.70400e+01	
2521	2.006781e+04	-2.83543e+00	-9.69800e+01	
2522	2.018366e+04	-2.88154e+00	-9.69206e+01	
2523	2.030019e+04	-2.92759e+00	-9.68618e+01	
2524	2.041738e+04	-2.97359e+00	-9.68035e+01	
2525	2.053525e+04	-3.01954e+00	-9.67458e+01	
2526	2.065380e+04	-3.06543e+00	-9.66886e+01	
2527	2.077304e+04	-3.11128e+00	-9.66320e+01	
2528	2.089296e+04	-3.15707e+00	-9.65760e+01	
2529	2.101358e+04	-3.20281e+00	-9.65206e+01	
2530	2.113489e+04	-3.24851e+00	-9.64657e+01	
2531	2.125690e+04	-3.29415e+00	-9.64115e+01	
2532	2.137962e+04	-3.33974e+00	-9.63578e+01	
2533	2.150305e+04	-3.38528e+00	-9.63047e+01	
2534	2.162719e+04	-3.43077e+00	-9.62521e+01	
2535	2.175204e+04	-3.47621e+00	-9.62002e+01	
2536	2.187762e+04	-3.52161e+00	-9.61488e+01	
2537	2.200392e+04	-3.56695e+00	-9.60981e+01	
2538	2.213095e+04	-3.61225e+00	-9.60479e+01	
2539	2.225871e+04	-3.65750e+00	-9.59983e+01	
2540	2.238721e+04	-3.70270e+00	-9.59494e+01	
2541	2.251645e+04	-3.74785e+00	-9.59010e+01	
2542	2.264644e+04	-3.79296e+00	-9.58532e+01	
2543	2.277718e+04	-3.83802e+00	-9.58061e+01	
2544	2.290868e+04	-3.88303e+00	-9.57595e+01	
2545	2.304093e+04	-3.92800e+00	-9.57135e+01	
2546	2.317395e+04	-3.97292e+00	-9.56682e+01	
2547	2.330773e+04	-4.01780e+00	-9.56235e+01	
2548	2.344229e+04	-4.06263e+00	-9.55794e+01	

Index   frequency       tdb             tph             
--------------------------------------------------------------------------------
2549	2.357762e+04	-4.10742e+00	-9.55359e+01	
2550	2.371374e+04	-4.15216e+00	-9.54930e+01	
2551	2.385064e+04	-4.19686e+00	-9.54507e+01	
2552	2.398833e+04	-4.24151e+00	-9.54091e+01	
2553	2.412682e+04	-4.28613e+00	-9.53681e+01	
2554	2.426610e+04	-4.33070e+00	-9.53277e+01	
2555	2.440619e+04	-4.37522e+00	-9.52880e+01	
2556	2.454709e+04	-4.41971e+00	-9.52489e+01	
2557	2.468880e+04	-4.46415e+00	-9.52104e+01	
2558	2.483133e+04	-4.50856e+00	-9.51726e+01	
2559	2.497468e+04	-4.55292e+00	-9.51354e+01	
2560	2.511886e+04	-4.59724e+00	-9.50988e+01	
2561	2.526388e+04	-4.64152e+00	-9.50629e+01	
2562	2.540973e+04	-4.68577e+00	-9.50276e+01	
2563	2.555642e+04	-4.72997e+00	-9.49930e+01	
2564	2.570396e+04	-4.77414e+00	-9.49591e+01	
2565	2.585235e+04	-4.81826e+00	-9.49257e+01	
2566	2.600160e+04	-4.86235e+00	-9.48931e+01	
2567	2.615170e+04	-4.90641e+00	-9.48611e+01	
2568	2.630268e+04	-4.95042e+00	-9.48297e+01	
2569	2.645453e+04	-4.99440e+00	-9.47991e+01	
2570	2.660725e+04	-5.03835e+00	-9.47691e+01	
2571	2.676086e+04	-5.08226e+00	-9.47397e+01	
2572	2.691535e+04	-5.12613e+00	-9.47110e+01	
2573	2.707073e+04	-5.16997e+00	-9.46830e+01	
2574	2.722701e+04	-5.21378e+00	-9.46557e+01	
2575	2.738420e+04	-5.25755e+00	-9.46290e+01	
2576	2.754229e+04	-5.30129e+00	-9.46030e+01	
2577	2.770129e+04	-5.34500e+00	-9.45777e+01	
2578	2.786121e+04	-5.38867e+00	-9.45531e+01	
2579	2.802206e+04	-5.43232e+00	-9.45292e+01	
2580	2.818383e+04	-5.47593e+00	-9.45059e+01	
2581	2.834654e+04	-5.51951e+00	-9.44833e+01	
2582	2.851018e+04	-5.56307e+00	-9.44614e+01	
2583	2.867477e+04	-5.60659e+00	-9.44403e+01	
2584	2.884032e+04	-5.65009e+00	-9.44198e+01	
2585	2.900681e+04	-5.69356e+00	-9.44000e+01	
2586	2.917427e+04	-5.73700e+00	-9.43808e+01	
2587	2.934270e+04	-5.78041e+00	-9.43624e+01	
2588	2.951209e+04	-5.82380e+00	-9.43447e+01	
2589	2.968247e+04	-5.86716e+00	-9.43277e+01	
2590	2.985383e+04	-5.91049e+00	-9.43114e+01	
2591	3.002617e+04	-5.95381e+00	-9.42958e+01	
2592	3.019952e+04	-5.99709e+00	-9.42809e+01	
2593	3.037386e+04	-6.04036e+00	-9.42668e+01	
2594	3.054921e+04	-6.08360e+00	-9.42533e+01	
2595	3.072557e+04	-6.12681e+00	-9.42405e+01	
2596	3.090295e+04	-6.17001e+00	-9.42285e+01	
2597	3.108136e+04	-6.21318e+00	-9.42172e+01	
2598	3.126079e+04	-6.25634e+00	-9.42066e+01	
2599	3.144126e+04	-6.29947e+00	-9.41967e+01	
2600	3.162278e+04	-6.34259e+00	-9.41875e+01	
2601	3.180534e+04	-6.38568e+00	-9.41791e+01	
2602	3.198895e+04	-6.42876e+00	-9.41714e+01	
2603	3.217363e+04	-6.47182e+00	-9.41644e+01	
2604	3.235937e+04	-6.51486e+00	-9.41581e+01	
2605	3.254618e+04	-6.55789e+00	-9.41526e+01	
2606	3.273407e+04	-6.60090e+00	-9.41478e+01	

Index   frequency       tdb             tph             
--------------------------------------------------------------------------------
2607	3.292305e+04	-6.64390e+00	-9.41437e+01	
2608	3.311311e+04	-6.68688e+00	-9.41403e+01	
2609	3.330428e+04	-6.72985e+00	-9.41377e+01	
2610	3.349654e+04	-6.77280e+00	-9.41358e+01	
2611	3.368992e+04	-6.81575e+00	-9.41347e+01	
2612	3.388442e+04	-6.85868e+00	-9.41343e+01	
2613	3.408003e+04	-6.90159e+00	-9.41346e+01	
2614	3.427678e+04	-6.94450e+00	-9.41357e+01	
2615	3.447466e+04	-6.98740e+00	-9.41375e+01	
2616	3.467369e+04	-7.03029e+00	-9.41401e+01	
2617	3.487386e+04	-7.07317e+00	-9.41434e+01	
2618	3.507519e+04	-7.11604e+00	-9.41474e+01	
2619	3.527768e+04	-7.15891e+00	-9.41522e+01	
2620	3.548134e+04	-7.20177e+00	-9.41578e+01	
2621	3.568617e+04	-7.24462e+00	-9.41640e+01	
2622	3.589219e+04	-7.28747e+00	-9.41711e+01	
2623	3.609940e+04	-7.33031e+00	-9.41789e+01	
2624	3.630781e+04	-7.37315e+00	-9.41874e+01	
2625	3.651741e+04	-7.41598e+00	-9.41967e+01	
2626	3.672823e+04	-7.45882e+00	-9.42067e+01	
2627	3.694026e+04	-7.50165e+00	-9.42175e+01	
2628	3.715352e+04	-7.54447e+00	-9.42290e+01	
2629	3.736801e+04	-7.58730e+00	-9.42413e+01	
2630	3.758374e+04	-7.63013e+00	-9.42543e+01	
2631	3.780071e+04	-7.67296e+00	-9.42681e+01	
2632	3.801894e+04	-7.71579e+00	-9.42826e+01	
2633	3.823843e+04	-7.75862e+00	-9.42979e+01	
2634	3.845918e+04	-7.80146e+00	-9.43140e+01	
2635	3.868121e+04	-7.84430e+00	-9.43308e+01	
2636	3.890451e+04	-7.88714e+00	-9.43483e+01	
2637	3.912911e+04	-7.92998e+00	-9.43666e+01	
2638	3.935501e+04	-7.97284e+00	-9.43857e+01	
2639	3.958221e+04	-8.01570e+00	-9.44055e+01	
2640	3.981072e+04	-8.05856e+00	-9.44261e+01	
2641	4.004055e+04	-8.10143e+00	-9.44474e+01	
2642	4.027170e+04	-8.14431e+00	-9.44695e+01	
2643	4.050419e+04	-8.18720e+00	-9.44923e+01	
2644	4.073803e+04	-8.23010e+00	-9.45159e+01	
2645	4.097321e+04	-8.27301e+00	-9.45403e+01	
2646	4.120975e+04	-8.31593e+00	-9.45654e+01	
2647	4.144766e+04	-8.35886e+00	-9.45913e+01	
2648	4.168694e+04	-8.40180e+00	-9.46179e+01	
2649	4.192760e+04	-8.44475e+00	-9.46453e+01	
2650	4.216965e+04	-8.48772e+00	-9.46734e+01	
2651	4.241310e+04	-8.53070e+00	-9.47023e+01	
2652	4.265795e+04	-8.57370e+00	-9.47319e+01	
2653	4.290422e+04	-8.61671e+00	-9.47623e+01	
2654	4.315191e+04	-8.65974e+00	-9.47935e+01	
2655	4.340103e+04	-8.70278e+00	-9.48254e+01	
2656	4.365158e+04	-8.74585e+00	-9.48580e+01	
2657	4.390359e+04	-8.78893e+00	-9.48914e+01	
2658	4.415704e+04	-8.83202e+00	-9.49256e+01	
2659	4.441197e+04	-8.87514e+00	-9.49605e+01	
2660	4.466836e+04	-8.91828e+00	-9.49962e+01	
2661	4.492623e+04	-8.96143e+00	-9.50326e+01	
2662	4.518559e+04	-9.00461e+00	-9.50697e+01	
2663	4.544645e+04	-9.04781e+00	-9.51077e+01	
2664	4.570882e+04	-9.09103e+00	-9.51463e+01	

Index   frequency       tdb             tph             
--------------------------------------------------------------------------------
2665	4.597270e+04	-9.13428e+00	-9.51857e+01	
2666	4.623810e+04	-9.17754e+00	-9.52259e+01	
2667	4.650504e+04	-9.22084e+00	-9.52668e+01	
2668	4.677351e+04	-9.26415e+00	-9.53084e+01	
2669	4.704354e+04	-9.30749e+00	-9.53508e+01	
2670	4.731513e+04	-9.35086e+00	-9.53939e+01	
2671	4.758828e+04	-9.39425e+00	-9.54378e+01	
2672	4.786301e+04	-9.43768e+00	-9.54824e+01	
2673	4.813933e+04	-9.48112e+00	-9.55278e+01	
2674	4.841724e+04	-9.52460e+00	-9.55739e+01	
2675	4.869675e+04	-9.56811e+00	-9.56207e+01	
2676	4.897788e+04	-9.61164e+00	-9.56683e+01	
2677	4.926063e+04	-9.65521e+00	-9.57166e+01	
2678	4.954502e+04	-9.69880e+00	-9.57657e+01	
2679	4.983105e+04	-9.74243e+00	-9.58155e+01	
2680	5.011872e+04	-9.78608e+00	-9.58660e+01	
2681	5.040806e+04	-9.82977e+00	-9.59172e+01	
2682	5.069907e+04	-9.87350e+00	-9.59692e+01	
2683	5.099176e+04	-9.91725e+00	-9.60220e+01	
2684	5.128614e+04	-9.96104e+00	-9.60754e+01	
2685	5.158222e+04	-1.00049e+01	-9.61296e+01	
2686	5.188000e+04	-1.00487e+01	-9.61845e+01	
2687	5.217951e+04	-1.00926e+01	-9.62401e+01	
2688	5.248075e+04	-1.01365e+01	-9.62965e+01	
2689	5.278372e+04	-1.01805e+01	-9.63535e+01	
2690	5.308844e+04	-1.02245e+01	-9.64113e+01	
2691	5.339493e+04	-1.02686e+01	-9.64698e+01	
2692	5.370318e+04	-1.03126e+01	-9.65291e+01	
2693	5.401321e+04	-1.03568e+01	-9.65890e+01	
2694	5.432503e+04	-1.04009e+01	-9.66497e+01	
2695	5.463865e+04	-1.04451e+01	-9.67111e+01	
2696	5.495409e+04	-1.04893e+01	-9.67732e+01	
2697	5.527134e+04	-1.05336e+01	-9.68360e+01	
2698	5.559043e+04	-1.05779e+01	-9.68996e+01	
2699	5.591135e+04	-1.06223e+01	-9.69638e+01	
2700	5.623413e+04	-1.06667e+01	-9.70288e+01	
2701	5.655878e+04	-1.07111e+01	-9.70944e+01	
2702	5.688529e+04	-1.07556e+01	-9.71608e+01	
2703	5.721370e+04	-1.08001e+01	-9.72279e+01	
2704	5.754399e+04	-1.08447e+01	-9.72957e+01	
2705	5.787620e+04	-1.08893e+01	-9.73641e+01	
2706	5.821032e+04	-1.09340e+01	-9.74333e+01	
2707	5.854637e+04	-1.09787e+01	-9.75032e+01	
2708	5.888437e+04	-1.10234e+01	-9.75738e+01	
2709	5.922431e+04	-1.10682e+01	-9.76451e+01	
2710	5.956621e+04	-1.11131e+01	-9.77170e+01	
2711	5.991009e+04	-1.11580e+01	-9.77897e+01	
2712	6.025596e+04	-1.12029e+01	-9.78631e+01	
2713	6.060382e+04	-1.12479e+01	-9.79371e+01	
2714	6.095369e+04	-1.12929e+01	-9.80119e+01	
2715	6.130558e+04	-1.13380e+01	-9.80873e+01	
2716	6.165950e+04	-1.13831e+01	-9.81634e+01	
2717	6.201546e+04	-1.14283e+01	-9.82402e+01	
2718	6.237348e+04	-1.14735e+01	-9.83177e+01	
2719	6.273357e+04	-1.15188e+01	-9.83959e+01	
2720	6.309573e+04	-1.15641e+01	-9.84748e+01	
2721	6.345999e+04	-1.16095e+01	-9.85543e+01	
2722	6.382635e+04	-1.16549e+01	-9.86345e+01	

Index   frequency       tdb             tph             
--------------------------------------------------------------------------------
2723	6.419482e+04	-1.17004e+01	-9.87154e+01	
2724	6.456542e+04	-1.17459e+01	-9.87970e+01	
2725	6.493816e+04	-1.17915e+01	-9.88793e+01	
2726	6.531306e+04	-1.18372e+01	-9.89622e+01	
2727	6.569011e+04	-1.18829e+01	-9.90458e+01	
2728	6.606934e+04	-1.19286e+01	-9.91301e+01	
2729	6.645077e+04	-1.19744e+01	-9.92151e+01	
2730	6.683439e+04	-1.20202e+01	-9.93007e+01	
2731	6.722023e+04	-1.20661e+01	-9.93870e+01	
2732	6.760830e+04	-1.21121e+01	-9.94739e+01	
2733	6.799860e+04	-1.21581e+01	-9.95615e+01	
2734	6.839116e+04	-1.22042e+01	-9.96498e+01	
2735	6.878599e+04	-1.22503e+01	-9.97388e+01	
2736	6.918310e+04	-1.22965e+01	-9.98284e+01	
2737	6.958250e+04	-1.23427e+01	-9.99187e+01	
2738	6.998420e+04	-1.23890e+01	-1.00010e+02	
2739	7.038822e+04	-1.24353e+01	-1.00101e+02	
2740	7.079458e+04	-1.24817e+01	-1.00193e+02	
2741	7.120328e+04	-1.25282e+01	-1.00286e+02	
2742	7.161434e+04	-1.25747e+01	-1.00380e+02	
2743	7.202778e+04	-1.26213e+01	-1.00474e+02	
2744	7.244360e+04	-1.26679e+01	-1.00569e+02	
2745	7.286182e+04	-1.27146e+01	-1.00665e+02	
2746	7.328245e+04	-1.27613e+01	-1.00761e+02	
2747	7.370552e+04	-1.28081e+01	-1.00858e+02	
2748	7.413102e+04	-1.28550e+01	-1.00955e+02	
2749	7.455899e+04	-1.29019e+01	-1.01053e+02	
2750	7.498942e+04	-1.29489e+01	-1.01152e+02	
2751	7.542234e+04	-1.29959e+01	-1.01252e+02	
2752	7.585776e+04	-1.30430e+01	-1.01352e+02	
2753	7.629569e+04	-1.30902e+01	-1.01452e+02	
2754	7.673615e+04	-1.31374e+01	-1.01554e+02	
2755	7.717915e+04	-1.31847e+01	-1.01656e+02	
2756	7.762471e+04	-1.32321e+01	-1.01758e+02	
2757	7.807284e+04	-1.32795e+01	-1.01862e+02	
2758	7.852356e+04	-1.33269e+01	-1.01966e+02	
2759	7.897688e+04	-1.33745e+01	-1.02070e+02	
2760	7.943282e+04	-1.34221e+01	-1.02176e+02	
2761	7.989139e+04	-1.34697e+01	-1.02281e+02	
2762	8.035261e+04	-1.35174e+01	-1.02388e+02	
2763	8.081649e+04	-1.35652e+01	-1.02495e+02	
2764	8.128305e+04	-1.36131e+01	-1.02603e+02	
2765	8.175230e+04	-1.36610e+01	-1.02711e+02	
2766	8.222426e+04	-1.37089e+01	-1.02820e+02	
2767	8.269895e+04	-1.37570e+01	-1.02930e+02	
2768	8.317638e+04	-1.38051e+01	-1.03040e+02	
2769	8.365656e+04	-1.38532e+01	-1.03151e+02	
2770	8.413951e+04	-1.39015e+01	-1.03263e+02	
2771	8.462526e+04	-1.39498e+01	-1.03375e+02	
2772	8.511380e+04	-1.39981e+01	-1.03488e+02	
2773	8.560517e+04	-1.40466e+01	-1.03602e+02	
2774	8.609938e+04	-1.40950e+01	-1.03716e+02	
2775	8.659643e+04	-1.41436e+01	-1.03831e+02	
2776	8.709636e+04	-1.41922e+01	-1.03946e+02	
2777	8.759917e+04	-1.42409e+01	-1.04062e+02	
2778	8.810489e+04	-1.42897e+01	-1.04179e+02	
2779	8.861352e+04	-1.43385e+01	-1.04296e+02	
2780	8.912509e+04	-1.43874e+01	-1.04414e+02	

Index   frequency       tdb             tph             
--------------------------------------------------------------------------------
2781	8.963962e+04	-1.44363e+01	-1.04533e+02	
2782	9.015711e+04	-1.44853e+01	-1.04652e+02	
2783	9.067760e+04	-1.45344e+01	-1.04772e+02	
2784	9.120108e+04	-1.45836e+01	-1.04892e+02	
2785	9.172759e+04	-1.46328e+01	-1.05013e+02	
2786	9.225714e+04	-1.46821e+01	-1.05135e+02	
2787	9.278975e+04	-1.47315e+01	-1.05257e+02	
2788	9.332543e+04	-1.47809e+01	-1.05380e+02	
2789	9.386420e+04	-1.48304e+01	-1.05504e+02	
2790	9.440609e+04	-1.48800e+01	-1.05628e+02	
2791	9.495110e+04	-1.49296e+01	-1.05753e+02	
2792	9.549926e+04	-1.49793e+01	-1.05879e+02	
2793	9.605058e+04	-1.50291e+01	-1.06005e+02	
2794	9.660509e+04	-1.50790e+01	-1.06132e+02	
2795	9.716280e+04	-1.51289e+01	-1.06259e+02	
2796	9.772372e+04	-1.51789e+01	-1.06387e+02	
2797	9.828789e+04	-1.52289e+01	-1.06516e+02	
2798	9.885531e+04	-1.52791e+01	-1.06645e+02	
2799	9.942601e+04	-1.53293e+01	-1.06775e+02	
2800	1.000000e+05	-1.53796e+01	-1.06906e+02	
2801	1.005773e+05	-1.54299e+01	-1.07037e+02	
2802	1.011579e+05	-1.54803e+01	-1.07169e+02	
2803	1.017419e+05	-1.55308e+01	-1.07301e+02	
2804	1.023293e+05	-1.55814e+01	-1.07434e+02	
2805	1.029201e+05	-1.56320e+01	-1.07568e+02	
2806	1.035142e+05	-1.56828e+01	-1.07702e+02	
2807	1.041118e+05	-1.57336e+01	-1.07837e+02	
2808	1.047129e+05	-1.57844e+01	-1.07973e+02	
2809	1.053174e+05	-1.58354e+01	-1.08109e+02	
2810	1.059254e+05	-1.58864e+01	-1.08246e+02	
2811	1.065369e+05	-1.59374e+01	-1.08384e+02	
2812	1.071519e+05	-1.59886e+01	-1.08522e+02	
2813	1.077705e+05	-1.60398e+01	-1.08660e+02	
2814	1.083927e+05	-1.60912e+01	-1.08800e+02	
2815	1.090184e+05	-1.61425e+01	-1.08940e+02	
2816	1.096478e+05	-1.61940e+01	-1.09081e+02	
2817	1.102808e+05	-1.62456e+01	-1.09222e+02	
2818	1.109175e+05	-1.62972e+01	-1.09364e+02	
2819	1.115578e+05	-1.63489e+01	-1.09507e+02	
2820	1.122018e+05	-1.64006e+01	-1.09650e+02	
2821	1.128496e+05	-1.64525e+01	-1.09794e+02	
2822	1.135011e+05	-1.65044e+01	-1.09938e+02	
2823	1.141563e+05	-1.65564e+01	-1.10083e+02	
2824	1.148154e+05	-1.66085e+01	-1.10229e+02	
2825	1.154782e+05	-1.66607e+01	-1.10375e+02	
2826	1.161449e+05	-1.67129e+01	-1.10523e+02	
2827	1.168154e+05	-1.67652e+01	-1.10670e+02	
2828	1.174898e+05	-1.68176e+01	-1.10819e+02	
2829	1.181680e+05	-1.68701e+01	-1.10968e+02	
2830	1.188502e+05	-1.69227e+01	-1.11117e+02	
2831	1.195364e+05	-1.69753e+01	-1.11267e+02	
2832	1.202264e+05	-1.70281e+01	-1.11418e+02	
2833	1.209205e+05	-1.70809e+01	-1.11570e+02	
2834	1.216186e+05	-1.71338e+01	-1.11722e+02	
2835	1.223207e+05	-1.71867e+01	-1.11875e+02	
2836	1.230269e+05	-1.72398e+01	-1.12028e+02	
2837	1.237371e+05	-1.72929e+01	-1.12182e+02	
2838	1.244515e+05	-1.73461e+01	-1.12337e+02	

Index   frequency       tdb             tph             
--------------------------------------------------------------------------------
2839	1.251699e+05	-1.73994e+01	-1.12493e+02	
2840	1.258925e+05	-1.74528e+01	-1.12649e+02	
2841	1.266193e+05	-1.75063e+01	-1.12805e+02	
2842	1.273503e+05	-1.75599e+01	-1.12963e+02	
2843	1.280855e+05	-1.76135e+01	-1.13121e+02	
2844	1.288250e+05	-1.76672e+01	-1.13279e+02	
2845	1.295687e+05	-1.77210e+01	-1.13439e+02	
2846	1.303167e+05	-1.77749e+01	-1.13598e+02	
2847	1.310690e+05	-1.78289e+01	-1.13759e+02	
2848	1.318257e+05	-1.78830e+01	-1.13920e+02	
2849	1.325867e+05	-1.79372e+01	-1.14082e+02	
2850	1.333521e+05	-1.79914e+01	-1.14245e+02	
2851	1.341220e+05	-1.80458e+01	-1.14408e+02	
2852	1.348963e+05	-1.81002e+01	-1.14572e+02	
2853	1.356751e+05	-1.81547e+01	-1.14736e+02	
2854	1.364583e+05	-1.82093e+01	-1.14901e+02	
2855	1.372461e+05	-1.82640e+01	-1.15067e+02	
2856	1.380384e+05	-1.83188e+01	-1.15233e+02	
2857	1.388353e+05	-1.83736e+01	-1.15400e+02	
2858	1.396368e+05	-1.84286e+01	-1.15568e+02	
2859	1.404430e+05	-1.84837e+01	-1.15736e+02	
2860	1.412538e+05	-1.85388e+01	-1.15905e+02	
2861	1.420692e+05	-1.85940e+01	-1.16075e+02	
2862	1.428894e+05	-1.86494e+01	-1.16245e+02	
2863	1.437143e+05	-1.87048e+01	-1.16416e+02	
2864	1.445440e+05	-1.87603e+01	-1.16588e+02	
2865	1.453784e+05	-1.88159e+01	-1.16760e+02	
2866	1.462177e+05	-1.88716e+01	-1.16933e+02	
2867	1.470618e+05	-1.89274e+01	-1.17107e+02	
2868	1.479108e+05	-1.89833e+01	-1.17281e+02	
2869	1.487647e+05	-1.90393e+01	-1.17456e+02	
2870	1.496236e+05	-1.90954e+01	-1.17631e+02	
2871	1.504874e+05	-1.91516e+01	-1.17808e+02	
2872	1.513561e+05	-1.92079e+01	-1.17984e+02	
2873	1.522299e+05	-1.92643e+01	-1.18162e+02	
2874	1.531087e+05	-1.93208e+01	-1.18340e+02	
2875	1.539927e+05	-1.93773e+01	-1.18519e+02	
2876	1.548817e+05	-1.94340e+01	-1.18698e+02	
2877	1.557758e+05	-1.94908e+01	-1.18878e+02	
2878	1.566751e+05	-1.95477e+01	-1.19059e+02	
2879	1.575796e+05	-1.96046e+01	-1.19240e+02	
2880	1.584893e+05	-1.96617e+01	-1.19423e+02	
2881	1.594043e+05	-1.97189e+01	-1.19605e+02	
2882	1.603245e+05	-1.97762e+01	-1.19789e+02	
2883	1.612501e+05	-1.98336e+01	-1.19973e+02	
2884	1.621810e+05	-1.98910e+01	-1.20157e+02	
2885	1.631173e+05	-1.99486e+01	-1.20343e+02	
2886	1.640590e+05	-2.00063e+01	-1.20529e+02	
2887	1.650061e+05	-2.00641e+01	-1.20715e+02	
2888	1.659587e+05	-2.01220e+01	-1.20902e+02	
2889	1.669168e+05	-2.01800e+01	-1.21090e+02	
2890	1.678804e+05	-2.02381e+01	-1.21279e+02	
2891	1.688496e+05	-2.02964e+01	-1.21468e+02	
2892	1.698244e+05	-2.03547e+01	-1.21658e+02	
2893	1.708048e+05	-2.04131e+01	-1.21848e+02	
2894	1.717908e+05	-2.04717e+01	-1.22040e+02	
2895	1.727826e+05	-2.05303e+01	-1.22231e+02	
2896	1.737801e+05	-2.05891e+01	-1.22424e+02	

Index   frequency       tdb             tph             
--------------------------------------------------------------------------------
2897	1.747833e+05	-2.06479e+01	-1.22617e+02	
2898	1.757924e+05	-2.07069e+01	-1.22811e+02	
2899	1.768072e+05	-2.07660e+01	-1.23005e+02	
2900	1.778279e+05	-2.08252e+01	-1.23200e+02	
2901	1.788546e+05	-2.08845e+01	-1.23396e+02	
2902	1.798871e+05	-2.09440e+01	-1.23592e+02	
2903	1.809256e+05	-2.10035e+01	-1.23789e+02	
2904	1.819701e+05	-2.10631e+01	-1.23986e+02	
2905	1.830206e+05	-2.11229e+01	-1.24185e+02	
2906	1.840772e+05	-2.11828e+01	-1.24383e+02	
2907	1.851399e+05	-2.12428e+01	-1.24583e+02	
2908	1.862087e+05	-2.13029e+01	-1.24783e+02	
2909	1.872837e+05	-2.13631e+01	-1.24984e+02	
2910	1.883649e+05	-2.14234e+01	-1.25185e+02	
2911	1.894524e+05	-2.14839e+01	-1.25387e+02	
2912	1.905461e+05	-2.15445e+01	-1.25590e+02	
2913	1.916461e+05	-2.16052e+01	-1.25793e+02	
2914	1.927525e+05	-2.16660e+01	-1.25997e+02	
2915	1.938653e+05	-2.17269e+01	-1.26201e+02	
2916	1.949845e+05	-2.17879e+01	-1.26406e+02	
2917	1.961101e+05	-2.18491e+01	-1.26612e+02	
2918	1.972423e+05	-2.19104e+01	-1.26818e+02	
2919	1.983810e+05	-2.19718e+01	-1.27025e+02	
2920	1.995262e+05	-2.20333e+01	-1.27233e+02	
2921	2.006781e+05	-2.20950e+01	-1.27441e+02	
2922	2.018366e+05	-2.21568e+01	-1.27650e+02	
2923	2.030019e+05	-2.22187e+01	-1.27859e+02	
2924	2.041738e+05	-2.22807e+01	-1.28069e+02	
2925	2.053525e+05	-2.23429e+01	-1.28280e+02	
2926	2.065380e+05	-2.24051e+01	-1.28491e+02	
2927	2.077304e+05	-2.24675e+01	-1.28703e+02	
2928	2.089296e+05	-2.25300e+01	-1.28915e+02	
2929	2.101358e+05	-2.25927e+01	-1.29128e+02	
2930	2.113489e+05	-2.26555e+01	-1.29342e+02	
2931	2.125690e+05	-2.27184e+01	-1.29556e+02	
2932	2.137962e+05	-2.27814e+01	-1.29771e+02	
2933	2.150305e+05	-2.28446e+01	-1.29986e+02	
2934	2.162719e+05	-2.29079e+01	-1.30202e+02	
2935	2.175204e+05	-2.29713e+01	-1.30419e+02	
2936	2.187762e+05	-2.30348e+01	-1.30636e+02	
2937	2.200392e+05	-2.30985e+01	-1.30854e+02	
2938	2.213095e+05	-2.31623e+01	-1.31072e+02	
2939	2.225871e+05	-2.32263e+01	-1.31291e+02	
2940	2.238721e+05	-2.32904e+01	-1.31510e+02	
2941	2.251645e+05	-2.33546e+01	-1.31730e+02	
2942	2.264644e+05	-2.34189e+01	-1.31951e+02	
2943	2.277718e+05	-2.34834e+01	-1.32172e+02	
2944	2.290868e+05	-2.35480e+01	-1.32393e+02	
2945	2.304093e+05	-2.36127e+01	-1.32615e+02	
2946	2.317395e+05	-2.36776e+01	-1.32838e+02	
2947	2.330773e+05	-2.37426e+01	-1.33061e+02	
2948	2.344229e+05	-2.38078e+01	-1.33285e+02	
2949	2.357762e+05	-2.38731e+01	-1.33510e+02	
2950	2.371374e+05	-2.39385e+01	-1.33734e+02	
2951	2.385064e+05	-2.40041e+01	-1.33960e+02	
2952	2.398833e+05	-2.40698e+01	-1.34186e+02	
2953	2.412682e+05	-2.41356e+01	-1.34412e+02	
2954	2.426610e+05	-2.42016e+01	-1.34639e+02	

Index   frequency       tdb             tph             
--------------------------------------------------------------------------------
2955	2.440619e+05	-2.42677e+01	-1.34867e+02	
2956	2.454709e+05	-2.43340e+01	-1.35095e+02	
2957	2.468880e+05	-2.44004e+01	-1.35323e+02	
2958	2.483133e+05	-2.44669e+01	-1.35552e+02	
2959	2.497468e+05	-2.45336e+01	-1.35782e+02	
2960	2.511886e+05	-2.46004e+01	-1.36012e+02	
2961	2.526388e+05	-2.46674e+01	-1.36242e+02	
2962	2.540973e+05	-2.47345e+01	-1.36473e+02	
2963	2.555642e+05	-2.48017e+01	-1.36705e+02	
2964	2.570396e+05	-2.48691e+01	-1.36937e+02	
2965	2.585235e+05	-2.49366e+01	-1.37169e+02	
2966	2.600160e+05	-2.50043e+01	-1.37402e+02	
2967	2.615170e+05	-2.50722e+01	-1.37635e+02	
2968	2.630268e+05	-2.51401e+01	-1.37869e+02	
2969	2.645453e+05	-2.52082e+01	-1.38103e+02	
2970	2.660725e+05	-2.52765e+01	-1.38338e+02	
2971	2.676086e+05	-2.53449e+01	-1.38573e+02	
2972	2.691535e+05	-2.54135e+01	-1.38808e+02	
2973	2.707073e+05	-2.54822e+01	-1.39044e+02	
2974	2.722701e+05	-2.55510e+01	-1.39281e+02	
2975	2.738420e+05	-2.56200e+01	-1.39518e+02	
2976	2.754229e+05	-2.56892e+01	-1.39755e+02	
2977	2.770129e+05	-2.57585e+01	-1.39993e+02	
2978	2.786121e+05	-2.58279e+01	-1.40231e+02	
2979	2.802206e+05	-2.58975e+01	-1.40469e+02	
2980	2.818383e+05	-2.59672e+01	-1.40708e+02	
2981	2.834654e+05	-2.60371e+01	-1.40947e+02	
2982	2.851018e+05	-2.61072e+01	-1.41187e+02	
2983	2.867477e+05	-2.61774e+01	-1.41427e+02	
2984	2.884032e+05	-2.62477e+01	-1.41667e+02	
2985	2.900681e+05	-2.63182e+01	-1.41908e+02	
2986	2.917427e+05	-2.63889e+01	-1.42149e+02	
2987	2.934270e+05	-2.64597e+01	-1.42391e+02	
2988	2.951209e+05	-2.65306e+01	-1.42632e+02	
2989	2.968247e+05	-2.66017e+01	-1.42875e+02	
2990	2.985383e+05	-2.66730e+01	-1.43117e+02	
2991	3.002617e+05	-2.67444e+01	-1.43360e+02	
2992	3.019952e+05	-2.68159e+01	-1.43603e+02	
2993	3.037386e+05	-2.68876e+01	-1.43847e+02	
2994	3.054921e+05	-2.69595e+01	-1.44090e+02	
2995	3.072557e+05	-2.70315e+01	-1.44334e+02	
2996	3.090295e+05	-2.71037e+01	-1.44579e+02	
2997	3.108136e+05	-2.71760e+01	-1.44823e+02	
2998	3.126079e+05	-2.72485e+01	-1.45068e+02	
2999	3.144126e+05	-2.73212e+01	-1.45313e+02	
3000	3.162278e+05	-2.73940e+01	-1.45559e+02	
3001	3.180534e+05	-2.74669e+01	-1.45805e+02	
3002	3.198895e+05	-2.75400e+01	-1.46050e+02	
3003	3.217363e+05	-2.76133e+01	-1.46297e+02	
3004	3.235937e+05	-2.76867e+01	-1.46543e+02	
3005	3.254618e+05	-2.77603e+01	-1.46790e+02	
3006	3.273407e+05	-2.78340e+01	-1.47037e+02	
3007	3.292305e+05	-2.79079e+01	-1.47284e+02	
3008	3.311311e+05	-2.79819e+01	-1.47531e+02	
3009	3.330428e+05	-2.80561e+01	-1.47779e+02	
3010	3.349654e+05	-2.81305e+01	-1.48026e+02	
3011	3.368992e+05	-2.82050e+01	-1.48274e+02	
3012	3.388442e+05	-2.82796e+01	-1.48522e+02	

Index   frequency       tdb             tph             
--------------------------------------------------------------------------------
3013	3.408003e+05	-2.83545e+01	-1.48770e+02	
3014	3.427678e+05	-2.84295e+01	-1.49019e+02	
3015	3.447466e+05	-2.85046e+01	-1.49267e+02	
3016	3.467369e+05	-2.85799e+01	-1.49516e+02	
3017	3.487386e+05	-2.86553e+01	-1.49765e+02	
3018	3.507519e+05	-2.87310e+01	-1.50013e+02	
3019	3.527768e+05	-2.88067e+01	-1.50262e+02	
3020	3.548134e+05	-2.88827e+01	-1.50512e+02	
3021	3.568617e+05	-2.89587e+01	-1.50761e+02	
3022	3.589219e+05	-2.90350e+01	-1.51010e+02	
3023	3.609940e+05	-2.91114e+01	-1.51259e+02	
3024	3.630781e+05	-2.91879e+01	-1.51509e+02	
3025	3.651741e+05	-2.92647e+01	-1.51758e+02	
3026	3.672823e+05	-2.93415e+01	-1.52008e+02	
3027	3.694026e+05	-2.94186e+01	-1.52257e+02	
3028	3.715352e+05	-2.94957e+01	-1.52507e+02	
3029	3.736801e+05	-2.95731e+01	-1.52757e+02	
3030	3.758374e+05	-2.96506e+01	-1.53006e+02	
3031	3.780071e+05	-2.97283e+01	-1.53256e+02	
3032	3.801894e+05	-2.98061e+01	-1.53505e+02	
3033	3.823843e+05	-2.98841e+01	-1.53755e+02	
3034	3.845918e+05	-2.99622e+01	-1.54004e+02	
3035	3.868121e+05	-3.00405e+01	-1.54254e+02	
3036	3.890451e+05	-3.01189e+01	-1.54503e+02	
3037	3.912911e+05	-3.01976e+01	-1.54753e+02	
3038	3.935501e+05	-3.02763e+01	-1.55002e+02	
3039	3.958221e+05	-3.03552e+01	-1.55251e+02	
3040	3.981072e+05	-3.04343e+01	-1.55500e+02	
3041	4.004055e+05	-3.05136e+01	-1.55749e+02	
3042	4.027170e+05	-3.05930e+01	-1.55998e+02	
3043	4.050419e+05	-3.06725e+01	-1.56247e+02	
3044	4.073803e+05	-3.07522e+01	-1.56495e+02	
3045	4.097321e+05	-3.08321e+01	-1.56744e+02	
3046	4.120975e+05	-3.09121e+01	-1.56992e+02	
3047	4.144766e+05	-3.09923e+01	-1.57240e+02	
3048	4.168694e+05	-3.10726e+01	-1.57488e+02	
3049	4.192760e+05	-3.11531e+01	-1.57736e+02	
3050	4.216965e+05	-3.12338e+01	-1.57983e+02	
3051	4.241310e+05	-3.13146e+01	-1.58230e+02	
3052	4.265795e+05	-3.13955e+01	-1.58477e+02	
3053	4.290422e+05	-3.14766e+01	-1.58724e+02	
3054	4.315191e+05	-3.15579e+01	-1.58970e+02	
3055	4.340103e+05	-3.16393e+01	-1.59216e+02	
3056	4.365158e+05	-3.17209e+01	-1.59462e+02	
3057	4.390359e+05	-3.18027e+01	-1.59708e+02	
3058	4.415704e+05	-3.18846e+01	-1.59953e+02	
3059	4.441197e+05	-3.19666e+01	-1.60198e+02	
3060	4.466836e+05	-3.20488e+01	-1.60442e+02	
3061	4.492623e+05	-3.21312e+01	-1.60686e+02	
3062	4.518559e+05	-3.22137e+01	-1.60930e+02	
3063	4.544645e+05	-3.22963e+01	-1.61173e+02	
3064	4.570882e+05	-3.23791e+01	-1.61416e+02	
3065	4.597270e+05	-3.24621e+01	-1.61659e+02	
3066	4.623810e+05	-3.25452e+01	-1.61901e+02	
3067	4.650504e+05	-3.26285e+01	-1.62142e+02	
3068	4.677351e+05	-3.27119e+01	-1.62383e+02	
3069	4.704354e+05	-3.27955e+01	-1.62624e+02	
3070	4.731513e+05	-3.28792e+01	-1.62864e+02	

Index   frequency       tdb             tph             
--------------------------------------------------------------------------------
3071	4.758828e+05	-3.29631e+01	-1.63104e+02	
3072	4.786301e+05	-3.30471e+01	-1.63343e+02	
3073	4.813933e+05	-3.31313e+01	-1.63581e+02	
3074	4.841724e+05	-3.32156e+01	-1.63819e+02	
3075	4.869675e+05	-3.33001e+01	-1.64056e+02	
3076	4.897788e+05	-3.33847e+01	-1.64293e+02	
3077	4.926063e+05	-3.34695e+01	-1.64529e+02	
3078	4.954502e+05	-3.35544e+01	-1.64764e+02	
3079	4.983105e+05	-3.36395e+01	-1.64998e+02	
3080	5.011872e+05	-3.37247e+01	-1.65232e+02	
3081	5.040806e+05	-3.38100e+01	-1.65466e+02	
3082	5.069907e+05	-3.38955e+01	-1.65698e+02	
3083	5.099176e+05	-3.39812e+01	-1.65930e+02	
3084	5.128614e+05	-3.40670e+01	-1.66161e+02	
3085	5.158222e+05	-3.41529e+01	-1.66391e+02	
3086	5.188000e+05	-3.42390e+01	-1.66620e+02	
3087	5.217951e+05	-3.43252e+01	-1.66849e+02	
3088	5.248075e+05	-3.44116e+01	-1.67076e+02	
3089	5.278372e+05	-3.44981e+01	-1.67303e+02	
3090	5.308844e+05	-3.45848e+01	-1.67529e+02	
3091	5.339493e+05	-3.46716e+01	-1.67754e+02	
3092	5.370318e+05	-3.47585e+01	-1.67978e+02	
3093	5.401321e+05	-3.48456e+01	-1.68201e+02	
3094	5.432503e+05	-3.49328e+01	-1.68423e+02	
3095	5.463865e+05	-3.50202e+01	-1.68644e+02	
3096	5.495409e+05	-3.51077e+01	-1.68864e+02	
3097	5.527134e+05	-3.51953e+01	-1.69083e+02	
3098	5.559043e+05	-3.52830e+01	-1.69301e+02	
3099	5.591135e+05	-3.53709e+01	-1.69517e+02	
3100	5.623413e+05	-3.54590e+01	-1.69733e+02	
3101	5.655878e+05	-3.55471e+01	-1.69947e+02	
3102	5.688529e+05	-3.56354e+01	-1.70160e+02	
3103	5.721370e+05	-3.57239e+01	-1.70372e+02	
3104	5.754399e+05	-3.58124e+01	-1.70583e+02	
3105	5.787620e+05	-3.59011e+01	-1.70792e+02	
3106	5.821032e+05	-3.59899e+01	-1.71000e+02	
3107	5.854637e+05	-3.60789e+01	-1.71207e+02	
3108	5.888437e+05	-3.61679e+01	-1.71413e+02	
3109	5.922431e+05	-3.62571e+01	-1.71617e+02	
3110	5.956621e+05	-3.63464e+01	-1.71819e+02	
3111	5.991009e+05	-3.64359e+01	-1.72020e+02	
3112	6.025596e+05	-3.65254e+01	-1.72220e+02	
3113	6.060382e+05	-3.66151e+01	-1.72418e+02	
3114	6.095369e+05	-3.67049e+01	-1.72614e+02	
3115	6.130558e+05	-3.67948e+01	-1.72809e+02	
3116	6.165950e+05	-3.68848e+01	-1.73002e+02	
3117	6.201546e+05	-3.69749e+01	-1.73194e+02	
3118	6.237348e+05	-3.70652e+01	-1.73384e+02	
3119	6.273357e+05	-3.71555e+01	-1.73572e+02	
3120	6.309573e+05	-3.72460e+01	-1.73758e+02	
3121	6.345999e+05	-3.73366e+01	-1.73943e+02	
3122	6.382635e+05	-3.74273e+01	-1.74126e+02	
3123	6.419482e+05	-3.75180e+01	-1.74307e+02	
3124	6.456542e+05	-3.76089e+01	-1.74485e+02	
3125	6.493816e+05	-3.76999e+01	-1.74662e+02	
3126	6.531306e+05	-3.77909e+01	-1.74837e+02	
3127	6.569011e+05	-3.78821e+01	-1.75010e+02	
3128	6.606934e+05	-3.79733e+01	-1.75181e+02	

Index   frequency       tdb             tph             
--------------------------------------------------------------------------------
3129	6.645077e+05	-3.80647e+01	-1.75350e+02	
3130	6.683439e+05	-3.81561e+01	-1.75517e+02	
3131	6.722023e+05	-3.82476e+01	-1.75681e+02	
3132	6.760830e+05	-3.83391e+01	-1.75843e+02	
3133	6.799860e+05	-3.84308e+01	-1.76003e+02	
3134	6.839116e+05	-3.85225e+01	-1.76161e+02	
3135	6.878599e+05	-3.86143e+01	-1.76316e+02	
3136	6.918310e+05	-3.87062e+01	-1.76468e+02	
3137	6.958250e+05	-3.87981e+01	-1.76619e+02	
3138	6.998420e+05	-3.88901e+01	-1.76766e+02	
3139	7.038822e+05	-3.89821e+01	-1.76912e+02	
3140	7.079458e+05	-3.90742e+01	-1.77054e+02	
3141	7.120328e+05	-3.91663e+01	-1.77194e+02	
3142	7.161434e+05	-3.92585e+01	-1.77331e+02	
3143	7.202778e+05	-3.93507e+01	-1.77466e+02	
3144	7.244360e+05	-3.94430e+01	-1.77597e+02	
3145	7.286182e+05	-3.95352e+01	-1.77726e+02	
3146	7.328245e+05	-3.96275e+01	-1.77852e+02	
3147	7.370552e+05	-3.97198e+01	-1.77975e+02	
3148	7.413102e+05	-3.98122e+01	-1.78095e+02	
3149	7.455899e+05	-3.99045e+01	-1.78211e+02	
3150	7.498942e+05	-3.99968e+01	-1.78325e+02	
3151	7.542234e+05	-4.00891e+01	-1.78435e+02	
3152	7.585776e+05	-4.01815e+01	-1.78543e+02	
3153	7.629569e+05	-4.02737e+01	-1.78647e+02	
3154	7.673615e+05	-4.03660e+01	-1.78747e+02	
3155	7.717915e+05	-4.04583e+01	-1.78844e+02	
3156	7.762471e+05	-4.05505e+01	-1.78938e+02	
3157	7.807284e+05	-4.06426e+01	-1.79028e+02	
3158	7.852356e+05	-4.07347e+01	-1.79115e+02	
3159	7.897688e+05	-4.08267e+01	-1.79198e+02	
3160	7.943282e+05	-4.09187e+01	-1.79277e+02	
3161	7.989139e+05	-4.10106e+01	-1.79353e+02	
3162	8.035261e+05	-4.11024e+01	-1.79425e+02	
3163	8.081649e+05	-4.11941e+01	-1.79493e+02	
3164	8.128305e+05	-4.12857e+01	-1.79557e+02	
3165	8.175230e+05	-4.13771e+01	-1.79617e+02	
3166	8.222426e+05	-4.14685e+01	-1.79673e+02	
3167	8.269895e+05	-4.15597e+01	-1.79725e+02	
3168	8.317638e+05	-4.16507e+01	-1.79773e+02	
3169	8.365656e+05	-4.17416e+01	-1.79816e+02	
3170	8.413951e+05	-4.18323e+01	-1.79856e+02	
3171	8.462526e+05	-4.19228e+01	-1.79891e+02	
3172	8.511380e+05	-4.20132e+01	-1.79921e+02	
3173	8.560517e+05	-4.21033e+01	-1.79947e+02	
3174	8.609938e+05	-4.21932e+01	-1.79969e+02	
3175	8.659643e+05	-4.22828e+01	-1.79986e+02	
3176	8.709636e+05	-4.23722e+01	-1.79999e+02	
3177	8.759917e+05	-4.24613e+01	-1.80007e+02	
3178	8.810489e+05	-4.25502e+01	-1.80011e+02	
3179	8.861352e+05	-4.26387e+01	-1.80009e+02	
3180	8.912509e+05	-4.27269e+01	-1.80003e+02	
3181	8.963962e+05	-4.28148e+01	-1.79992e+02	
3182	9.015711e+05	-4.29024e+01	-1.79976e+02	
3183	9.067760e+05	-4.29895e+01	-1.79956e+02	
3184	9.120108e+05	-4.30763e+01	-1.79930e+02	
3185	9.172759e+05	-4.31627e+01	-1.79900e+02	
3186	9.225714e+05	-4.32487e+01	-1.79864e+02	

Index   frequency       tdb             tph             
--------------------------------------------------------------------------------
3187	9.278975e+05	-4.33342e+01	-1.79824e+02	
3188	9.332543e+05	-4.34193e+01	-1.79778e+02	
3189	9.386420e+05	-4.35039e+01	-1.79727e+02	
3190	9.440609e+05	-4.35879e+01	-1.79671e+02	
3191	9.495110e+05	-4.36715e+01	-1.79610e+02	
3192	9.549926e+05	-4.37545e+01	-1.79544e+02	
3193	9.605058e+05	-4.38369e+01	-1.79473e+02	
3194	9.660509e+05	-4.39188e+01	-1.79397e+02	
3195	9.716280e+05	-4.40000e+01	-1.79315e+02	
3196	9.772372e+05	-4.40806e+01	-1.79228e+02	
3197	9.828789e+05	-4.41606e+01	-1.79137e+02	
3198	9.885531e+05	-4.42398e+01	-1.79040e+02	
3199	9.942601e+05	-4.43184e+01	-1.78938e+02	
3200	1.000000e+06	-4.43962e+01	-1.78830e+02	
3201	1.005773e+06	-4.44733e+01	-1.78718e+02	
3202	1.011579e+06	-4.45496e+01	-1.78601e+02	
3203	1.017419e+06	-4.46251e+01	-1.78479e+02	
3204	1.023293e+06	-4.46997e+01	-1.78351e+02	
3205	1.029201e+06	-4.47735e+01	-1.78219e+02	
3206	1.035142e+06	-4.48464e+01	-1.78082e+02	
3207	1.041118e+06	-4.49184e+01	-1.77940e+02	
3208	1.047129e+06	-4.49895e+01	-1.77794e+02	
3209	1.053174e+06	-4.50596e+01	-1.77643e+02	
3210	1.059254e+06	-4.51287e+01	-1.77487e+02	
3211	1.065369e+06	-4.51969e+01	-1.77327e+02	
3212	1.071519e+06	-4.52639e+01	-1.77162e+02	
3213	1.077705e+06	-4.53300e+01	-1.76993e+02	
3214	1.083927e+06	-4.53949e+01	-1.76820e+02	
3215	1.090184e+06	-4.54587e+01	-1.76643e+02	
3216	1.096478e+06	-4.55214e+01	-1.76462e+02	
3217	1.102808e+06	-4.55829e+01	-1.76278e+02	
3218	1.109175e+06	-4.56433e+01	-1.76089e+02	
3219	1.115578e+06	-4.57024e+01	-1.75897e+02	
3220	1.122018e+06	-4.57603e+01	-1.75702e+02	
3221	1.128496e+06	-4.58170e+01	-1.75504e+02	
3222	1.135011e+06	-4.58724e+01	-1.75302e+02	
3223	1.141563e+06	-4.59265e+01	-1.75098e+02	
3224	1.148154e+06	-4.59792e+01	-1.74891e+02	
3225	1.154782e+06	-4.60307e+01	-1.74682e+02	
3226	1.161449e+06	-4.60808e+01	-1.74470e+02	
3227	1.168154e+06	-4.61296e+01	-1.74257e+02	
3228	1.174898e+06	-4.61770e+01	-1.74041e+02	
3229	1.181680e+06	-4.62230e+01	-1.73824e+02	
3230	1.188502e+06	-4.62675e+01	-1.73605e+02	
3231	1.195364e+06	-4.63107e+01	-1.73385e+02	
3232	1.202264e+06	-4.63525e+01	-1.73164e+02	
3233	1.209205e+06	-4.63928e+01	-1.72943e+02	
3234	1.216186e+06	-4.64316e+01	-1.72720e+02	
3235	1.223207e+06	-4.64691e+01	-1.72498e+02	
3236	1.230269e+06	-4.65050e+01	-1.72275e+02	
3237	1.237371e+06	-4.65395e+01	-1.72053e+02	
3238	1.244515e+06	-4.65726e+01	-1.71831e+02	
3239	1.251699e+06	-4.66042e+01	-1.71610e+02	
3240	1.258925e+06	-4.66343e+01	-1.71389e+02	
3241	1.266193e+06	-4.66629e+01	-1.71170e+02	
3242	1.273503e+06	-4.66901e+01	-1.70952e+02	
3243	1.280855e+06	-4.67159e+01	-1.70736e+02	
3244	1.288250e+06	-4.67402e+01	-1.70522e+02	

Index   frequency       tdb             tph             
--------------------------------------------------------------------------------
3245	1.295687e+06	-4.67631e+01	-1.70309e+02	
3246	1.303167e+06	-4.67845e+01	-1.70099e+02	
3247	1.310690e+06	-4.68046e+01	-1.69892e+02	
3248	1.318257e+06	-4.68232e+01	-1.69688e+02	
3249	1.325867e+06	-4.68404e+01	-1.69486e+02	
3250	1.333521e+06	-4.68563e+01	-1.69288e+02	
3251	1.341220e+06	-4.68708e+01	-1.69093e+02	
3252	1.348963e+06	-4.68839e+01	-1.68902e+02	
3253	1.356751e+06	-4.68957e+01	-1.68715e+02	
3254	1.364583e+06	-4.69063e+01	-1.68532e+02	
3255	1.372461e+06	-4.69155e+01	-1.68354e+02	
3256	1.380384e+06	-4.69235e+01	-1.68180e+02	
3257	1.388353e+06	-4.69302e+01	-1.68010e+02	
3258	1.396368e+06	-4.69357e+01	-1.67846e+02	
3259	1.404430e+06	-4.69400e+01	-1.67686e+02	
3260	1.412538e+06	-4.69432e+01	-1.67532e+02	
3261	1.420692e+06	-4.69452e+01	-1.67383e+02	
3262	1.428894e+06	-4.69461e+01	-1.67240e+02	
3263	1.437143e+06	-4.69459e+01	-1.67102e+02	
3264	1.445440e+06	-4.69446e+01	-1.66970e+02	
3265	1.453784e+06	-4.69423e+01	-1.66844e+02	
3266	1.462177e+06	-4.69391e+01	-1.66725e+02	
3267	1.470618e+06	-4.69348e+01	-1.66611e+02	
3268	1.479108e+06	-4.69296e+01	-1.66504e+02	
3269	1.487647e+06	-4.69235e+01	-1.66403e+02	
3270	1.496236e+06	-4.69165e+01	-1.66308e+02	
3271	1.504874e+06	-4.69086e+01	-1.66220e+02	
3272	1.513561e+06	-4.68999e+01	-1.66139e+02	
3273	1.522299e+06	-4.68905e+01	-1.66065e+02	
3274	1.531087e+06	-4.68802e+01	-1.65997e+02	
3275	1.539927e+06	-4.68692e+01	-1.65936e+02	
3276	1.548817e+06	-4.68576e+01	-1.65882e+02	
3277	1.557758e+06	-4.68452e+01	-1.65835e+02	
3278	1.566751e+06	-4.68323e+01	-1.65795e+02	
3279	1.575796e+06	-4.68187e+01	-1.65762e+02	
3280	1.584893e+06	-4.68045e+01	-1.65736e+02	
3281	1.594043e+06	-4.67898e+01	-1.65717e+02	
3282	1.603245e+06	-4.67745e+01	-1.65705e+02	
3283	1.612501e+06	-4.67588e+01	-1.65700e+02	
3284	1.621810e+06	-4.67426e+01	-1.65702e+02	
3285	1.631173e+06	-4.67259e+01	-1.65711e+02	
3286	1.640590e+06	-4.67089e+01	-1.65727e+02	
3287	1.650061e+06	-4.66915e+01	-1.65750e+02	
3288	1.659587e+06	-4.66737e+01	-1.65781e+02	
3289	1.669168e+06	-4.66556e+01	-1.65818e+02	
3290	1.678804e+06	-4.66372e+01	-1.65862e+02	
3291	1.688496e+06	-4.66185e+01	-1.65913e+02	
3292	1.698244e+06	-4.65995e+01	-1.65971e+02	
3293	1.708048e+06	-4.65804e+01	-1.66036e+02	
3294	1.717908e+06	-4.65610e+01	-1.66107e+02	
3295	1.727826e+06	-4.65415e+01	-1.66185e+02	
3296	1.737801e+06	-4.65218e+01	-1.66270e+02	
3297	1.747833e+06	-4.65020e+01	-1.66362e+02	
3298	1.757924e+06	-4.64820e+01	-1.66460e+02	
3299	1.768072e+06	-4.64620e+01	-1.66565e+02	
3300	1.778279e+06	-4.64419e+01	-1.66676e+02	
3301	1.788546e+06	-4.64218e+01	-1.66794e+02	
3302	1.798871e+06	-4.64017e+01	-1.66918e+02	

Index   frequency       tdb             tph             
--------------------------------------------------------------------------------
3303	1.809256e+06	-4.63815e+01	-1.67048e+02	
3304	1.819701e+06	-4.63614e+01	-1.67184e+02	
3305	1.830206e+06	-4.63413e+01	-1.67327e+02	
3306	1.840772e+06	-4.63212e+01	-1.67475e+02	
3307	1.851399e+06	-4.63012e+01	-1.67630e+02	
3308	1.862087e+06	-4.62814e+01	-1.67790e+02	
3309	1.872837e+06	-4.62616e+01	-1.67957e+02	
3310	1.883649e+06	-4.62419e+01	-1.68129e+02	
3311	1.894524e+06	-4.62224e+01	-1.68306e+02	
3312	1.905461e+06	-4.62030e+01	-1.68489e+02	
3313	1.916461e+06	-4.61838e+01	-1.68678e+02	
3314	1.927525e+06	-4.61648e+01	-1.68872e+02	
3315	1.938653e+06	-4.61459e+01	-1.69072e+02	
3316	1.949845e+06	-4.61273e+01	-1.69276e+02	
3317	1.961101e+06	-4.61089e+01	-1.69486e+02	
3318	1.972423e+06	-4.60908e+01	-1.69701e+02	
3319	1.983810e+06	-4.60728e+01	-1.69921e+02	
3320	1.995262e+06	-4.60552e+01	-1.70146e+02	
3321	2.006781e+06	-4.60378e+01	-1.70375e+02	
3322	2.018366e+06	-4.60207e+01	-1.70610e+02	
3323	2.030019e+06	-4.60039e+01	-1.70849e+02	
3324	2.041738e+06	-4.59874e+01	-1.71092e+02	
3325	2.053525e+06	-4.59712e+01	-1.71340e+02	
3326	2.065380e+06	-4.59553e+01	-1.71592e+02	
3327	2.077304e+06	-4.59398e+01	-1.71849e+02	
3328	2.089296e+06	-4.59246e+01	-1.72110e+02	
3329	2.101358e+06	-4.59098e+01	-1.72375e+02	
3330	2.113489e+06	-4.58953e+01	-1.72644e+02	
3331	2.125690e+06	-4.58812e+01	-1.72917e+02	
3332	2.137962e+06	-4.58675e+01	-1.73194e+02	
3333	2.150305e+06	-4.58541e+01	-1.73474e+02	
3334	2.162719e+06	-4.58412e+01	-1.73759e+02	
3335	2.175204e+06	-4.58286e+01	-1.74047e+02	
3336	2.187762e+06	-4.58164e+01	-1.74338e+02	
3337	2.200392e+06	-4.58047e+01	-1.74633e+02	
3338	2.213095e+06	-4.57933e+01	-1.74931e+02	
3339	2.225871e+06	-4.57824e+01	-1.75232e+02	
3340	2.238721e+06	-4.57719e+01	-1.75537e+02	
3341	2.251645e+06	-4.57619e+01	-1.75845e+02	
3342	2.264644e+06	-4.57522e+01	-1.76156e+02	
3343	2.277718e+06	-4.57430e+01	-1.76469e+02	
3344	2.290868e+06	-4.57343e+01	-1.76786e+02	
3345	2.304093e+06	-4.57260e+01	-1.77105e+02	
3346	2.317395e+06	-4.57182e+01	-1.77427e+02	
3347	2.330773e+06	-4.57108e+01	-1.77752e+02	
3348	2.344229e+06	-4.57038e+01	-1.78079e+02	
3349	2.357762e+06	-4.56974e+01	-1.78409e+02	
3350	2.371374e+06	-4.56914e+01	-1.78741e+02	
3351	2.385064e+06	-4.56858e+01	-1.79075e+02	
3352	2.398833e+06	-4.56808e+01	-1.79412e+02	
3353	2.412682e+06	-4.56762e+01	-1.79751e+02	
3354	2.426610e+06	-4.56720e+01	-1.80091e+02	
3355	2.440619e+06	-4.56684e+01	-1.80434e+02	
3356	2.454709e+06	-4.56652e+01	-1.80779e+02	
3357	2.468880e+06	-4.56625e+01	-1.81126e+02	
3358	2.483133e+06	-4.56603e+01	-1.81474e+02	
3359	2.497468e+06	-4.56586e+01	-1.81825e+02	
3360	2.511886e+06	-4.56574e+01	-1.82176e+02	

Index   frequency       tdb             tph             
--------------------------------------------------------------------------------
3361	2.526388e+06	-4.56566e+01	-1.82530e+02	
3362	2.540973e+06	-4.56563e+01	-1.82885e+02	
3363	2.555642e+06	-4.56565e+01	-1.83241e+02	
3364	2.570396e+06	-4.56572e+01	-1.83599e+02	
3365	2.585235e+06	-4.56584e+01	-1.83958e+02	
3366	2.600160e+06	-4.56600e+01	-1.84319e+02	
3367	2.615170e+06	-4.56622e+01	-1.84680e+02	
3368	2.630268e+06	-4.56648e+01	-1.85043e+02	
3369	2.645453e+06	-4.56679e+01	-1.85407e+02	
3370	2.660725e+06	-4.56715e+01	-1.85772e+02	
3371	2.676086e+06	-4.56756e+01	-1.86137e+02	
3372	2.691535e+06	-4.56801e+01	-1.86504e+02	
3373	2.707073e+06	-4.56851e+01	-1.86872e+02	
3374	2.722701e+06	-4.56907e+01	-1.87240e+02	
3375	2.738420e+06	-4.56966e+01	-1.87609e+02	
3376	2.754229e+06	-4.57031e+01	-1.87978e+02	
3377	2.770129e+06	-4.57100e+01	-1.88349e+02	
3378	2.786121e+06	-4.57174e+01	-1.88719e+02	
3379	2.802206e+06	-4.57253e+01	-1.89091e+02	
3380	2.818383e+06	-4.57337e+01	-1.89462e+02	
3381	2.834654e+06	-4.57425e+01	-1.89834e+02	
3382	2.851018e+06	-4.57517e+01	-1.90207e+02	
3383	2.867477e+06	-4.57615e+01	-1.90580e+02	
3384	2.884032e+06	-4.57717e+01	-1.90953e+02	
3385	2.900681e+06	-4.57823e+01	-1.91326e+02	
3386	2.917427e+06	-4.57935e+01	-1.91699e+02	
3387	2.934270e+06	-4.58050e+01	-1.92072e+02	
3388	2.951209e+06	-4.58170e+01	-1.92446e+02	
3389	2.968247e+06	-4.58295e+01	-1.92819e+02	
3390	2.985383e+06	-4.58424e+01	-1.93193e+02	
3391	3.002617e+06	-4.58558e+01	-1.93566e+02	
3392	3.019952e+06	-4.58695e+01	-1.93939e+02	
3393	3.037386e+06	-4.58838e+01	-1.94312e+02	
3394	3.054921e+06	-4.58984e+01	-1.94685e+02	
3395	3.072557e+06	-4.59135e+01	-1.95058e+02	
3396	3.090295e+06	-4.59290e+01	-1.95430e+02	
3397	3.108136e+06	-4.59450e+01	-1.95802e+02	
3398	3.126079e+06	-4.59613e+01	-1.96174e+02	
3399	3.144126e+06	-4.59781e+01	-1.96545e+02	
3400	3.162278e+06	-4.59953e+01	-1.96916e+02	
3401	3.180534e+06	-4.60129e+01	-1.97286e+02	
3402	3.198895e+06	-4.60309e+01	-1.97656e+02	
3403	3.217363e+06	-4.60494e+01	-1.98025e+02	
3404	3.235937e+06	-4.60682e+01	-1.98394e+02	
3405	3.254618e+06	-4.60874e+01	-1.98762e+02	
3406	3.273407e+06	-4.61070e+01	-1.99129e+02	
3407	3.292305e+06	-4.61270e+01	-1.99496e+02	
3408	3.311311e+06	-4.61474e+01	-1.99862e+02	
3409	3.330428e+06	-4.61682e+01	-2.00227e+02	
3410	3.349654e+06	-4.61893e+01	-2.00592e+02	
3411	3.368992e+06	-4.62109e+01	-2.00956e+02	
3412	3.388442e+06	-4.62328e+01	-2.01319e+02	
3413	3.408003e+06	-4.62550e+01	-2.01681e+02	
3414	3.427678e+06	-4.62777e+01	-2.02043e+02	
3415	3.447466e+06	-4.63007e+01	-2.02403e+02	
3416	3.467369e+06	-4.63240e+01	-2.02763e+02	
3417	3.487386e+06	-4.63477e+01	-2.03121e+02	
3418	3.507519e+06	-4.63718e+01	-2.03479e+02	

Index   frequency       tdb             tph             
--------------------------------------------------------------------------------
3419	3.527768e+06	-4.63962e+01	-2.03836e+02	
3420	3.548134e+06	-4.64209e+01	-2.04192e+02	
3421	3.568617e+06	-4.64460e+01	-2.04546e+02	
3422	3.589219e+06	-4.64715e+01	-2.04900e+02	
3423	3.609940e+06	-4.64972e+01	-2.05253e+02	
3424	3.630781e+06	-4.65233e+01	-2.05604e+02	
3425	3.651741e+06	-4.65497e+01	-2.05955e+02	
3426	3.672823e+06	-4.65765e+01	-2.06304e+02	
3427	3.694026e+06	-4.66035e+01	-2.06653e+02	
3428	3.715352e+06	-4.66309e+01	-2.07000e+02	
3429	3.736801e+06	-4.66586e+01	-2.07346e+02	
3430	3.758374e+06	-4.66865e+01	-2.07691e+02	
3431	3.780071e+06	-4.67148e+01	-2.08034e+02	
3432	3.801894e+06	-4.67434e+01	-2.08377e+02	
3433	3.823843e+06	-4.67723e+01	-2.08718e+02	
3434	3.845918e+06	-4.68015e+01	-2.09058e+02	
3435	3.868121e+06	-4.68309e+01	-2.09397e+02	
3436	3.890451e+06	-4.68607e+01	-2.09735e+02	
3437	3.912911e+06	-4.68907e+01	-2.10071e+02	
3438	3.935501e+06	-4.69210e+01	-2.10406e+02	
3439	3.958221e+06	-4.69516e+01	-2.10740e+02	
3440	3.981072e+06	-4.69824e+01	-2.11072e+02	
3441	4.004055e+06	-4.70136e+01	-2.11403e+02	
3442	4.027170e+06	-4.70449e+01	-2.11733e+02	
3443	4.050419e+06	-4.70766e+01	-2.12062e+02	
3444	4.073803e+06	-4.71085e+01	-2.12389e+02	
3445	4.097321e+06	-4.71407e+01	-2.12715e+02	
3446	4.120975e+06	-4.71731e+01	-2.13040e+02	
3447	4.144766e+06	-4.72057e+01	-2.13363e+02	
3448	4.168694e+06	-4.72386e+01	-2.13685e+02	
3449	4.192760e+06	-4.72718e+01	-2.14005e+02	
3450	4.216965e+06	-4.73052e+01	-2.14325e+02	
3451	4.241310e+06	-4.73388e+01	-2.14642e+02	
3452	4.265795e+06	-4.73726e+01	-2.14959e+02	
3453	4.290422e+06	-4.74067e+01	-2.15274e+02	
3454	4.315191e+06	-4.74410e+01	-2.15588e+02	
3455	4.340103e+06	-4.74755e+01	-2.15900e+02	
3456	4.365158e+06	-4.75103e+01	-2.16211e+02	
3457	4.390359e+06	-4.75452e+01	-2.16520e+02	
3458	4.415704e+06	-4.75804e+01	-2.16829e+02	
3459	4.441197e+06	-4.76158e+01	-2.17135e+02	
3460	4.466836e+06	-4.76514e+01	-2.17441e+02	
3461	4.492623e+06	-4.76872e+01	-2.17745e+02	
3462	4.518559e+06	-4.77232e+01	-2.18047e+02	
3463	4.544645e+06	-4.77594e+01	-2.18349e+02	
3464	4.570882e+06	-4.77958e+01	-2.18648e+02	
3465	4.597270e+06	-4.78323e+01	-2.18947e+02	
3466	4.623810e+06	-4.78691e+01	-2.19244e+02	
3467	4.650504e+06	-4.79061e+01	-2.19539e+02	
3468	4.677351e+06	-4.79432e+01	-2.19833e+02	
3469	4.704354e+06	-4.79806e+01	-2.20126e+02	
3470	4.731513e+06	-4.80181e+01	-2.20418e+02	
3471	4.758828e+06	-4.80558e+01	-2.20708e+02	
3472	4.786301e+06	-4.80937e+01	-2.20996e+02	
3473	4.813933e+06	-4.81317e+01	-2.21283e+02	
3474	4.841724e+06	-4.81699e+01	-2.21569e+02	
3475	4.869675e+06	-4.82083e+01	-2.21853e+02	
3476	4.897788e+06	-4.82468e+01	-2.22136e+02	

Index   frequency       tdb             tph             
--------------------------------------------------------------------------------
3477	4.926063e+06	-4.82855e+01	-2.22418e+02	
3478	4.954502e+06	-4.83244e+01	-2.22698e+02	
3479	4.983105e+06	-4.83634e+01	-2.22977e+02	
3480	5.011872e+06	-4.84026e+01	-2.23254e+02	
3481	5.040806e+06	-4.84419e+01	-2.23530e+02	
3482	5.069907e+06	-4.84814e+01	-2.23805e+02	
3483	5.099176e+06	-4.85210e+01	-2.24078e+02	
3484	5.128614e+06	-4.85608e+01	-2.24350e+02	
3485	5.158222e+06	-4.86007e+01	-2.24621e+02	
3486	5.188000e+06	-4.86408e+01	-2.24890e+02	
3487	5.217951e+06	-4.86810e+01	-2.25158e+02	
3488	5.248075e+06	-4.87213e+01	-2.25424e+02	
3489	5.278372e+06	-4.87618e+01	-2.25689e+02	
3490	5.308844e+06	-4.88024e+01	-2.25953e+02	
3491	5.339493e+06	-4.88432e+01	-2.26215e+02	
3492	5.370318e+06	-4.88841e+01	-2.26476e+02	
3493	5.401321e+06	-4.89251e+01	-2.26736e+02	
3494	5.432503e+06	-4.89662e+01	-2.26994e+02	
3495	5.463865e+06	-4.90074e+01	-2.27251e+02	
3496	5.495409e+06	-4.90488e+01	-2.27507e+02	
3497	5.527134e+06	-4.90903e+01	-2.27761e+02	
3498	5.559043e+06	-4.91319e+01	-2.28014e+02	
3499	5.591135e+06	-4.91737e+01	-2.28266e+02	
3500	5.623413e+06	-4.92155e+01	-2.28516e+02	
3501	5.655878e+06	-4.92575e+01	-2.28765e+02	
3502	5.688529e+06	-4.92995e+01	-2.29013e+02	
3503	5.721370e+06	-4.93417e+01	-2.29259e+02	
3504	5.754399e+06	-4.93840e+01	-2.29504e+02	
3505	5.787620e+06	-4.94264e+01	-2.29748e+02	
3506	5.821032e+06	-4.94689e+01	-2.29991e+02	
3507	5.854637e+06	-4.95115e+01	-2.30232e+02	
3508	5.888437e+06	-4.95542e+01	-2.30472e+02	
3509	5.922431e+06	-4.95970e+01	-2.30711e+02	
3510	5.956621e+06	-4.96400e+01	-2.30949e+02	
3511	5.991009e+06	-4.96830e+01	-2.31185e+02	
3512	6.025596e+06	-4.97261e+01	-2.31420e+02	
3513	6.060382e+06	-4.97693e+01	-2.31654e+02	
3514	6.095369e+06	-4.98126e+01	-2.31886e+02	
3515	6.130558e+06	-4.98559e+01	-2.32118e+02	
3516	6.165950e+06	-4.98994e+01	-2.32348e+02	
3517	6.201546e+06	-4.99430e+01	-2.32577e+02	
3518	6.237348e+06	-4.99866e+01	-2.32804e+02	
3519	6.273357e+06	-5.00304e+01	-2.33031e+02	
3520	6.309573e+06	-5.00742e+01	-2.33256e+02	
3521	6.345999e+06	-5.01181e+01	-2.33480e+02	
3522	6.382635e+06	-5.01621e+01	-2.33703e+02	
3523	6.419482e+06	-5.02061e+01	-2.33925e+02	
3524	6.456542e+06	-5.02503e+01	-2.34145e+02	
3525	6.493816e+06	-5.02945e+01	-2.34364e+02	
3526	6.531306e+06	-5.03388e+01	-2.34582e+02	
3527	6.569011e+06	-5.03832e+01	-2.34799e+02	
3528	6.606934e+06	-5.04277e+01	-2.35015e+02	
3529	6.645077e+06	-5.04722e+01	-2.35230e+02	
3530	6.683439e+06	-5.05168e+01	-2.35443e+02	
3531	6.722023e+06	-5.05615e+01	-2.35656e+02	
3532	6.760830e+06	-5.06062e+01	-2.35867e+02	
3533	6.799860e+06	-5.06510e+01	-2.36077e+02	
3534	6.839116e+06	-5.06959e+01	-2.36286e+02	

Index   frequency       tdb             tph             
--------------------------------------------------------------------------------
3535	6.878599e+06	-5.07408e+01	-2.36494e+02	
3536	6.918310e+06	-5.07859e+01	-2.36701e+02	
3537	6.958250e+06	-5.08309e+01	-2.36907e+02	
3538	6.998420e+06	-5.08761e+01	-2.37111e+02	
3539	7.038822e+06	-5.09213e+01	-2.37315e+02	
3540	7.079458e+06	-5.09666e+01	-2.37517e+02	
3541	7.120328e+06	-5.10119e+01	-2.37719e+02	
3542	7.161434e+06	-5.10573e+01	-2.37919e+02	
3543	7.202778e+06	-5.11028e+01	-2.38118e+02	
3544	7.244360e+06	-5.11483e+01	-2.38316e+02	
3545	7.286182e+06	-5.11939e+01	-2.38513e+02	
3546	7.328245e+06	-5.12395e+01	-2.38709e+02	
3547	7.370552e+06	-5.12852e+01	-2.38905e+02	
3548	7.413102e+06	-5.13309e+01	-2.39098e+02	
3549	7.455899e+06	-5.13767e+01	-2.39291e+02	
3550	7.498942e+06	-5.14226e+01	-2.39483e+02	
3551	7.542234e+06	-5.14685e+01	-2.39674e+02	
3552	7.585776e+06	-5.15144e+01	-2.39864e+02	
3553	7.629569e+06	-5.15604e+01	-2.40053e+02	
3554	7.673615e+06	-5.16065e+01	-2.40241e+02	
3555	7.717915e+06	-5.16526e+01	-2.40428e+02	
3556	7.762471e+06	-5.16987e+01	-2.40614e+02	
3557	7.807284e+06	-5.17449e+01	-2.40799e+02	
3558	7.852356e+06	-5.17912e+01	-2.40983e+02	
3559	7.897688e+06	-5.18375e+01	-2.41166e+02	
3560	7.943282e+06	-5.18838e+01	-2.41348e+02	
3561	7.989139e+06	-5.19302e+01	-2.41529e+02	
3562	8.035261e+06	-5.19767e+01	-2.41709e+02	
3563	8.081649e+06	-5.20231e+01	-2.41888e+02	
3564	8.128305e+06	-5.20697e+01	-2.42067e+02	
3565	8.175230e+06	-5.21162e+01	-2.42244e+02	
3566	8.222426e+06	-5.21628e+01	-2.42420e+02	
3567	8.269895e+06	-5.22095e+01	-2.42596e+02	
3568	8.317638e+06	-5.22562e+01	-2.42771e+02	
3569	8.365656e+06	-5.23029e+01	-2.42944e+02	
3570	8.413951e+06	-5.23497e+01	-2.43117e+02	
3571	8.462526e+06	-5.23965e+01	-2.43289e+02	
3572	8.511380e+06	-5.24433e+01	-2.43460e+02	
3573	8.560517e+06	-5.24902e+01	-2.43630e+02	
3574	8.609938e+06	-5.25371e+01	-2.43799e+02	
3575	8.659643e+06	-5.25841e+01	-2.43967e+02	
3576	8.709636e+06	-5.26311e+01	-2.44135e+02	
3577	8.759917e+06	-5.26781e+01	-2.44301e+02	
3578	8.810489e+06	-5.27252e+01	-2.44467e+02	
3579	8.861352e+06	-5.27723e+01	-2.44632e+02	
3580	8.912509e+06	-5.28194e+01	-2.44796e+02	
3581	8.963962e+06	-5.28666e+01	-2.44959e+02	
3582	9.015711e+06	-5.29138e+01	-2.45122e+02	
3583	9.067760e+06	-5.29611e+01	-2.45283e+02	
3584	9.120108e+06	-5.30083e+01	-2.45444e+02	
3585	9.172759e+06	-5.30556e+01	-2.45604e+02	
3586	9.225714e+06	-5.31030e+01	-2.45763e+02	
3587	9.278975e+06	-5.31503e+01	-2.45921e+02	
3588	9.332543e+06	-5.31977e+01	-2.46079e+02	
3589	9.386420e+06	-5.32451e+01	-2.46235e+02	
3590	9.440609e+06	-5.32926e+01	-2.46391e+02	
3591	9.495110e+06	-5.33401e+01	-2.46546e+02	
3592	9.549926e+06	-5.33876e+01	-2.46701e+02	

Index   frequency       tdb             tph             
--------------------------------------------------------------------------------
3593	9.605058e+06	-5.34351e+01	-2.46854e+02	
3594	9.660509e+06	-5.34827e+01	-2.47007e+02	
3595	9.716280e+06	-5.35303e+01	-2.47159e+02	
3596	9.772372e+06	-5.35779e+01	-2.47310e+02	
3597	9.828789e+06	-5.36256e+01	-2.47461e+02	
3598	9.885531e+06	-5.36733e+01	-2.47611e+02	
3599	9.942601e+06	-5.37210e+01	-2.47760e+02	
3600	1.000000e+07	-5.37687e+01	-2.47908e+02	
3601	1.005773e+07	-5.38164e+01	-2.48055e+02	
3602	1.011579e+07	-5.38642e+01	-2.48202e+02	
3603	1.017419e+07	-5.39120e+01	-2.48348e+02	
3604	1.023293e+07	-5.39599e+01	-2.48494e+02	
3605	1.029201e+07	-5.40077e+01	-2.48638e+02	
3606	1.035142e+07	-5.40556e+01	-2.48782e+02	
3607	1.041118e+07	-5.41035e+01	-2.48925e+02	
3608	1.047129e+07	-5.41514e+01	-2.49068e+02	
3609	1.053174e+07	-5.41993e+01	-2.49210e+02	
3610	1.059254e+07	-5.42473e+01	-2.49351e+02	
3611	1.065369e+07	-5.42953e+01	-2.49491e+02	
3612	1.071519e+07	-5.43433e+01	-2.49631e+02	
3613	1.077705e+07	-5.43913e+01	-2.49770e+02	
3614	1.083927e+07	-5.44394e+01	-2.49909e+02	
3615	1.090184e+07	-5.44875e+01	-2.50046e+02	
3616	1.096478e+07	-5.45356e+01	-2.50183e+02	
3617	1.102808e+07	-5.45837e+01	-2.50320e+02	
3618	1.109175e+07	-5.46318e+01	-2.50456e+02	
3619	1.115578e+07	-5.46800e+01	-2.50591e+02	
3620	1.122018e+07	-5.47281e+01	-2.50725e+02	
3621	1.128496e+07	-5.47763e+01	-2.50859e+02	
3622	1.135011e+07	-5.48245e+01	-2.50992e+02	
3623	1.141563e+07	-5.48728e+01	-2.51125e+02	
3624	1.148154e+07	-5.49210e+01	-2.51257e+02	
3625	1.154782e+07	-5.49693e+01	-2.51388e+02	
3626	1.161449e+07	-5.50176e+01	-2.51519e+02	
3627	1.168154e+07	-5.50659e+01	-2.51649e+02	
3628	1.174898e+07	-5.51142e+01	-2.51779e+02	
3629	1.181680e+07	-5.51625e+01	-2.51908e+02	
3630	1.188502e+07	-5.52109e+01	-2.52036e+02	
3631	1.195364e+07	-5.52592e+01	-2.52164e+02	
3632	1.202264e+07	-5.53076e+01	-2.52291e+02	
3633	1.209205e+07	-5.53560e+01	-2.52417e+02	
3634	1.216186e+07	-5.54045e+01	-2.52543e+02	
3635	1.223207e+07	-5.54529e+01	-2.52669e+02	
3636	1.230269e+07	-5.55013e+01	-2.52794e+02	
3637	1.237371e+07	-5.55498e+01	-2.52918e+02	
3638	1.244515e+07	-5.55983e+01	-2.53042e+02	
3639	1.251699e+07	-5.56468e+01	-2.53165e+02	
3640	1.258925e+07	-5.56953e+01	-2.53287e+02	
3641	1.266193e+07	-5.57438e+01	-2.53409e+02	
3642	1.273503e+07	-5.57924e+01	-2.53531e+02	
3643	1.280855e+07	-5.58409e+01	-2.53652e+02	
3644	1.288250e+07	-5.58895e+01	-2.53772e+02	
3645	1.295687e+07	-5.59381e+01	-2.53892e+02	
3646	1.303167e+07	-5.59866e+01	-2.54012e+02	
3647	1.310690e+07	-5.60353e+01	-2.54130e+02	
3648	1.318257e+07	-5.60839e+01	-2.54249e+02	
3649	1.325867e+07	-5.61325e+01	-2.54367e+02	
3650	1.333521e+07	-5.61812e+01	-2.54484e+02	

Index   frequency       tdb             tph             
--------------------------------------------------------------------------------
3651	1.341220e+07	-5.62298e+01	-2.54601e+02	
3652	1.348963e+07	-5.62785e+01	-2.54717e+02	
3653	1.356751e+07	-5.63272e+01	-2.54833e+02	
3654	1.364583e+07	-5.63759e+01	-2.54948e+02	
3655	1.372461e+07	-5.64246e+01	-2.55063e+02	
3656	1.380384e+07	-5.64733e+01	-2.55177e+02	
3657	1.388353e+07	-5.65220e+01	-2.55291e+02	
3658	1.396368e+07	-5.65708e+01	-2.55404e+02	
3659	1.404430e+07	-5.66195e+01	-2.55517e+02	
3660	1.412538e+07	-5.66683e+01	-2.55629e+02	
3661	1.420692e+07	-5.67171e+01	-2.55741e+02	
3662	1.428894e+07	-5.67659e+01	-2.55853e+02	
3663	1.437143e+07	-5.68147e+01	-2.55964e+02	
3664	1.445440e+07	-5.68635e+01	-2.56074e+02	
3665	1.453784e+07	-5.69123e+01	-2.56184e+02	
3666	1.462177e+07	-5.69611e+01	-2.56294e+02	
3667	1.470618e+07	-5.70100e+01	-2.56403e+02	
3668	1.479108e+07	-5.70588e+01	-2.56512e+02	
3669	1.487647e+07	-5.71077e+01	-2.56620e+02	
3670	1.496236e+07	-5.71565e+01	-2.56728e+02	
3671	1.504874e+07	-5.72054e+01	-2.56835e+02	
3672	1.513561e+07	-5.72543e+01	-2.56942e+02	
3673	1.522299e+07	-5.73032e+01	-2.57049e+02	
3674	1.531087e+07	-5.73521e+01	-2.57155e+02	
3675	1.539927e+07	-5.74010e+01	-2.57260e+02	
3676	1.548817e+07	-5.74500e+01	-2.57366e+02	
3677	1.557758e+07	-5.74989e+01	-2.57471e+02	
3678	1.566751e+07	-5.75478e+01	-2.57575e+02	
3679	1.575796e+07	-5.75968e+01	-2.57679e+02	
3680	1.584893e+07	-5.76458e+01	-2.57783e+02	
3681	1.594043e+07	-5.76947e+01	-2.57886e+02	
3682	1.603245e+07	-5.77437e+01	-2.57989e+02	
3683	1.612501e+07	-5.77927e+01	-2.58091e+02	
3684	1.621810e+07	-5.78417e+01	-2.58193e+02	
3685	1.631173e+07	-5.78907e+01	-2.58295e+02	
3686	1.640590e+07	-5.79397e+01	-2.58396e+02	
3687	1.650061e+07	-5.79887e+01	-2.58497e+02	
3688	1.659587e+07	-5.80377e+01	-2.58598e+02	
3689	1.669168e+07	-5.80868e+01	-2.58698e+02	
3690	1.678804e+07	-5.81358e+01	-2.58798e+02	
3691	1.688496e+07	-5.81849e+01	-2.58897e+02	
3692	1.698244e+07	-5.82339e+01	-2.58996e+02	
3693	1.708048e+07	-5.82830e+01	-2.59095e+02	
3694	1.717908e+07	-5.83320e+01	-2.59193e+02	
3695	1.727826e+07	-5.83811e+01	-2.59291e+02	
3696	1.737801e+07	-5.84302e+01	-2.59389e+02	
3697	1.747833e+07	-5.84793e+01	-2.59486e+02	
3698	1.757924e+07	-5.85284e+01	-2.59583e+02	
3699	1.768072e+07	-5.85775e+01	-2.59680e+02	
3700	1.778279e+07	-5.86266e+01	-2.59776e+02	
3701	1.788546e+07	-5.86757e+01	-2.59872e+02	
3702	1.798871e+07	-5.87248e+01	-2.59968e+02	
3703	1.809256e+07	-5.87740e+01	-2.60063e+02	
3704	1.819701e+07	-5.88231e+01	-2.60158e+02	
3705	1.830206e+07	-5.88722e+01	-2.60253e+02	
3706	1.840772e+07	-5.89214e+01	-2.60347e+02	
3707	1.851399e+07	-5.89705e+01	-2.60441e+02	
3708	1.862087e+07	-5.90197e+01	-2.60535e+02	

Index   frequency       tdb             tph             
--------------------------------------------------------------------------------
3709	1.872837e+07	-5.90688e+01	-2.60628e+02	
3710	1.883649e+07	-5.91180e+01	-2.60721e+02	
3711	1.894524e+07	-5.91672e+01	-2.60814e+02	
3712	1.905461e+07	-5.92163e+01	-2.60906e+02	
3713	1.916461e+07	-5.92655e+01	-2.60999e+02	
3714	1.927525e+07	-5.93147e+01	-2.61090e+02	
3715	1.938653e+07	-5.93639e+01	-2.61182e+02	
3716	1.949845e+07	-5.94131e+01	-2.61273e+02	
3717	1.961101e+07	-5.94623e+01	-2.61364e+02	
3718	1.972423e+07	-5.95115e+01	-2.61455e+02	
3719	1.983810e+07	-5.95607e+01	-2.61546e+02	
3720	1.995262e+07	-5.96099e+01	-2.61636e+02	
3721	2.006781e+07	-5.96591e+01	-2.61726e+02	
3722	2.018366e+07	-5.97083e+01	-2.61815e+02	
3723	2.030019e+07	-5.97576e+01	-2.61905e+02	
3724	2.041738e+07	-5.98068e+01	-2.61994e+02	
3725	2.053525e+07	-5.98560e+01	-2.62083e+02	
3726	2.065380e+07	-5.99053e+01	-2.62171e+02	
3727	2.077304e+07	-5.99545e+01	-2.62260e+02	
3728	2.089296e+07	-6.00037e+01	-2.62348e+02	
3729	2.101358e+07	-6.00530e+01	-2.62436e+02	
3730	2.113489e+07	-6.01022e+01	-2.62523e+02	
3731	2.125690e+07	-6.01515e+01	-2.62610e+02	
3732	2.137962e+07	-6.02007e+01	-2.62698e+02	
3733	2.150305e+07	-6.02500e+01	-2.62784e+02	
3734	2.162719e+07	-6.02993e+01	-2.62871e+02	
3735	2.175204e+07	-6.03485e+01	-2.62957e+02	
3736	2.187762e+07	-6.03978e+01	-2.63044e+02	
3737	2.200392e+07	-6.04471e+01	-2.63129e+02	
3738	2.213095e+07	-6.04963e+01	-2.63215e+02	
3739	2.225871e+07	-6.05456e+01	-2.63301e+02	
3740	2.238721e+07	-6.05949e+01	-2.63386e+02	
3741	2.251645e+07	-6.06442e+01	-2.63471e+02	
3742	2.264644e+07	-6.06935e+01	-2.63556e+02	
3743	2.277718e+07	-6.07428e+01	-2.63640e+02	
3744	2.290868e+07	-6.07920e+01	-2.63725e+02	
3745	2.304093e+07	-6.08413e+01	-2.63809e+02	
3746	2.317395e+07	-6.08906e+01	-2.63893e+02	
3747	2.330773e+07	-6.09399e+01	-2.63977e+02	
3748	2.344229e+07	-6.09892e+01	-2.64060e+02	
3749	2.357762e+07	-6.10385e+01	-2.64144e+02	
3750	2.371374e+07	-6.10878e+01	-2.64227e+02	
3751	2.385064e+07	-6.11371e+01	-2.64310e+02	
3752	2.398833e+07	-6.11864e+01	-2.64393e+02	
3753	2.412682e+07	-6.12357e+01	-2.64475e+02	
3754	2.426610e+07	-6.12850e+01	-2.64558e+02	
3755	2.440619e+07	-6.13343e+01	-2.64640e+02	
3756	2.454709e+07	-6.13836e+01	-2.64722e+02	
3757	2.468880e+07	-6.14329e+01	-2.64804e+02	
3758	2.483133e+07	-6.14822e+01	-2.64886e+02	
3759	2.497468e+07	-6.15316e+01	-2.64967e+02	
3760	2.511886e+07	-6.15809e+01	-2.65049e+02	
3761	2.526388e+07	-6.16302e+01	-2.65130e+02	
3762	2.540973e+07	-6.16795e+01	-2.65211e+02	
3763	2.555642e+07	-6.17288e+01	-2.65292e+02	
3764	2.570396e+07	-6.17781e+01	-2.65373e+02	
3765	2.585235e+07	-6.18274e+01	-2.65454e+02	
3766	2.600160e+07	-6.18767e+01	-2.65534e+02	

Index   frequency       tdb             tph             
--------------------------------------------------------------------------------
3767	2.615170e+07	-6.19260e+01	-2.65614e+02	
3768	2.630268e+07	-6.19754e+01	-2.65694e+02	
3769	2.645453e+07	-6.20247e+01	-2.65774e+02	
3770	2.660725e+07	-6.20740e+01	-2.65854e+02	
3771	2.676086e+07	-6.21233e+01	-2.65934e+02	
3772	2.691535e+07	-6.21726e+01	-2.66014e+02	
3773	2.707073e+07	-6.22219e+01	-2.66093e+02	
3774	2.722701e+07	-6.22712e+01	-2.66173e+02	
3775	2.738420e+07	-6.23205e+01	-2.66252e+02	
3776	2.754229e+07	-6.23698e+01	-2.66331e+02	
3777	2.770129e+07	-6.24192e+01	-2.66410e+02	
3778	2.786121e+07	-6.24685e+01	-2.66489e+02	
3779	2.802206e+07	-6.25178e+01	-2.66567e+02	
3780	2.818383e+07	-6.25671e+01	-2.66646e+02	
3781	2.834654e+07	-6.26164e+01	-2.66724e+02	
3782	2.851018e+07	-6.26657e+01	-2.66803e+02	
3783	2.867477e+07	-6.27150e+01	-2.66881e+02	
3784	2.884032e+07	-6.27643e+01	-2.66959e+02	
3785	2.900681e+07	-6.28136e+01	-2.67037e+02	
3786	2.917427e+07	-6.28629e+01	-2.67115e+02	
3787	2.934270e+07	-6.29122e+01	-2.67193e+02	
3788	2.951209e+07	-6.29615e+01	-2.67271e+02	
3789	2.968247e+07	-6.30108e+01	-2.67349e+02	
3790	2.985383e+07	-6.30601e+01	-2.67426e+02	
3791	3.002617e+07	-6.31093e+01	-2.67504e+02	
3792	3.019952e+07	-6.31586e+01	-2.67581e+02	
3793	3.037386e+07	-6.32079e+01	-2.67658e+02	
3794	3.054921e+07	-6.32572e+01	-2.67736e+02	
3795	3.072557e+07	-6.33065e+01	-2.67813e+02	
3796	3.090295e+07	-6.33558e+01	-2.67890e+02	
3797	3.108136e+07	-6.34050e+01	-2.67967e+02	
3798	3.126079e+07	-6.34543e+01	-2.68044e+02	
3799	3.144126e+07	-6.35036e+01	-2.68121e+02	
3800	3.162278e+07	-6.35528e+01	-2.68198e+02	
3801	3.180534e+07	-6.36021e+01	-2.68274e+02	
3802	3.198895e+07	-6.36514e+01	-2.68351e+02	
3803	3.217363e+07	-6.37006e+01	-2.68428e+02	
3804	3.235937e+07	-6.37499e+01	-2.68504e+02	
3805	3.254618e+07	-6.37991e+01	-2.68581e+02	
3806	3.273407e+07	-6.38484e+01	-2.68657e+02	
3807	3.292305e+07	-6.38976e+01	-2.68734e+02	
3808	3.311311e+07	-6.39468e+01	-2.68810e+02	
3809	3.330428e+07	-6.39961e+01	-2.68886e+02	
3810	3.349654e+07	-6.40453e+01	-2.68963e+02	
3811	3.368992e+07	-6.40945e+01	-2.69039e+02	
3812	3.388442e+07	-6.41438e+01	-2.69115e+02	
3813	3.408003e+07	-6.41930e+01	-2.69191e+02	
3814	3.427678e+07	-6.42422e+01	-2.69267e+02	
3815	3.447466e+07	-6.42914e+01	-2.69343e+02	
3816	3.467369e+07	-6.43406e+01	-2.69419e+02	
3817	3.487386e+07	-6.43898e+01	-2.69495e+02	
3818	3.507519e+07	-6.44390e+01	-2.69571e+02	
3819	3.527768e+07	-6.44882e+01	-2.69647e+02	
3820	3.548134e+07	-6.45374e+01	-2.69723e+02	
3821	3.568617e+07	-6.45866e+01	-2.69799e+02	
3822	3.589219e+07	-6.46357e+01	-2.69875e+02	
3823	3.609940e+07	-6.46849e+01	-2.69951e+02	
3824	3.630781e+07	-6.47341e+01	-2.70027e+02	

Index   frequency       tdb             tph             
--------------------------------------------------------------------------------
3825	3.651741e+07	-6.47832e+01	-2.70103e+02	
3826	3.672823e+07	-6.48324e+01	-2.70179e+02	
3827	3.694026e+07	-6.48815e+01	-2.70255e+02	
3828	3.715352e+07	-6.49307e+01	-2.70331e+02	
3829	3.736801e+07	-6.49798e+01	-2.70407e+02	
3830	3.758374e+07	-6.50289e+01	-2.70483e+02	
3831	3.780071e+07	-6.50781e+01	-2.70559e+02	
3832	3.801894e+07	-6.51272e+01	-2.70634e+02	
3833	3.823843e+07	-6.51763e+01	-2.70710e+02	
3834	3.845918e+07	-6.52254e+01	-2.70786e+02	
3835	3.868121e+07	-6.52745e+01	-2.70862e+02	
3836	3.890451e+07	-6.53236e+01	-2.70938e+02	
3837	3.912911e+07	-6.53727e+01	-2.71014e+02	
3838	3.935501e+07	-6.54217e+01	-2.71090e+02	
3839	3.958221e+07	-6.54708e+01	-2.71166e+02	
3840	3.981072e+07	-6.55199e+01	-2.71243e+02	
3841	4.004055e+07	-6.55689e+01	-2.71319e+02	
3842	4.027170e+07	-6.56180e+01	-2.71395e+02	
3843	4.050419e+07	-6.56670e+01	-2.71471e+02	
3844	4.073803e+07	-6.57161e+01	-2.71547e+02	
3845	4.097321e+07	-6.57651e+01	-2.71624e+02	
3846	4.120975e+07	-6.58141e+01	-2.71700e+02	
3847	4.144766e+07	-6.58631e+01	-2.71776e+02	
3848	4.168694e+07	-6.59121e+01	-2.71853e+02	
3849	4.192760e+07	-6.59611e+01	-2.71929e+02	
3850	4.216965e+07	-6.60101e+01	-2.72006e+02	
3851	4.241310e+07	-6.60591e+01	-2.72082e+02	
3852	4.265795e+07	-6.61080e+01	-2.72159e+02	
3853	4.290422e+07	-6.61570e+01	-2.72235e+02	
3854	4.315191e+07	-6.62059e+01	-2.72312e+02	
3855	4.340103e+07	-6.62549e+01	-2.72389e+02	
3856	4.365158e+07	-6.63038e+01	-2.72466e+02	
3857	4.390359e+07	-6.63527e+01	-2.72543e+02	
3858	4.415704e+07	-6.64016e+01	-2.72620e+02	
3859	4.441197e+07	-6.64506e+01	-2.72697e+02	
3860	4.466836e+07	-6.64994e+01	-2.72774e+02	
3861	4.492623e+07	-6.65483e+01	-2.72851e+02	
3862	4.518559e+07	-6.65972e+01	-2.72929e+02	
3863	4.544645e+07	-6.66461e+01	-2.73006e+02	
3864	4.570882e+07	-6.66949e+01	-2.73083e+02	
3865	4.597270e+07	-6.67438e+01	-2.73161e+02	
3866	4.623810e+07	-6.67926e+01	-2.73239e+02	
3867	4.650504e+07	-6.68414e+01	-2.73316e+02	
3868	4.677351e+07	-6.68902e+01	-2.73394e+02	
3869	4.704354e+07	-6.69390e+01	-2.73472e+02	
3870	4.731513e+07	-6.69878e+01	-2.73550e+02	
3871	4.758828e+07	-6.70366e+01	-2.73628e+02	
3872	4.786301e+07	-6.70853e+01	-2.73707e+02	
3873	4.813933e+07	-6.71341e+01	-2.73785e+02	
3874	4.841724e+07	-6.71828e+01	-2.73863e+02	
3875	4.869675e+07	-6.72315e+01	-2.73942e+02	
3876	4.897788e+07	-6.72803e+01	-2.74021e+02	
3877	4.926063e+07	-6.73290e+01	-2.74099e+02	
3878	4.954502e+07	-6.73777e+01	-2.74178e+02	
3879	4.983105e+07	-6.74263e+01	-2.74257e+02	
3880	5.011872e+07	-6.74750e+01	-2.74336e+02	
3881	5.040806e+07	-6.75236e+01	-2.74416e+02	
3882	5.069907e+07	-6.75723e+01	-2.74495e+02	

Index   frequency       tdb             tph             
--------------------------------------------------------------------------------
3883	5.099176e+07	-6.76209e+01	-2.74575e+02	
3884	5.128614e+07	-6.76695e+01	-2.74654e+02	
3885	5.158222e+07	-6.77181e+01	-2.74734e+02	
3886	5.188000e+07	-6.77667e+01	-2.74814e+02	
3887	5.217951e+07	-6.78153e+01	-2.74894e+02	
3888	5.248075e+07	-6.78638e+01	-2.74974e+02	
3889	5.278372e+07	-6.79124e+01	-2.75054e+02	
3890	5.308844e+07	-6.79609e+01	-2.75135e+02	
3891	5.339493e+07	-6.80094e+01	-2.75216e+02	
3892	5.370318e+07	-6.80579e+01	-2.75296e+02	
3893	5.401321e+07	-6.81064e+01	-2.75377e+02	
3894	5.432503e+07	-6.81548e+01	-2.75458e+02	
3895	5.463865e+07	-6.82033e+01	-2.75540e+02	
3896	5.495409e+07	-6.82517e+01	-2.75621e+02	
3897	5.527134e+07	-6.83002e+01	-2.75702e+02	
3898	5.559043e+07	-6.83486e+01	-2.75784e+02	
3899	5.591135e+07	-6.83969e+01	-2.75866e+02	
3900	5.623413e+07	-6.84453e+01	-2.75948e+02	
3901	5.655878e+07	-6.84937e+01	-2.76030e+02	
3902	5.688529e+07	-6.85420e+01	-2.76113e+02	
3903	5.721370e+07	-6.85903e+01	-2.76195e+02	
3904	5.754399e+07	-6.86386e+01	-2.76278e+02	
3905	5.787620e+07	-6.86869e+01	-2.76361e+02	
3906	5.821032e+07	-6.87352e+01	-2.76444e+02	
3907	5.854637e+07	-6.87834e+01	-2.76527e+02	
3908	5.888437e+07	-6.88316e+01	-2.76611e+02	
3909	5.922431e+07	-6.88799e+01	-2.76694e+02	
3910	5.956621e+07	-6.89281e+01	-2.76778e+02	
3911	5.991009e+07	-6.89762e+01	-2.76862e+02	
3912	6.025596e+07	-6.90244e+01	-2.76946e+02	
3913	6.060382e+07	-6.90725e+01	-2.77031e+02	
3914	6.095369e+07	-6.91206e+01	-2.77115e+02	
3915	6.130558e+07	-6.91687e+01	-2.77200e+02	
3916	6.165950e+07	-6.92168e+01	-2.77285e+02	
3917	6.201546e+07	-6.92649e+01	-2.77370e+02	
3918	6.237348e+07	-6.93129e+01	-2.77456e+02	
3919	6.273357e+07	-6.93609e+01	-2.77541e+02	
3920	6.309573e+07	-6.94089e+01	-2.77627e+02	
3921	6.345999e+07	-6.94569e+01	-2.77713e+02	
3922	6.382635e+07	-6.95048e+01	-2.77799e+02	
3923	6.419482e+07	-6.95528e+01	-2.77886e+02	
3924	6.456542e+07	-6.96007e+01	-2.77973e+02	
3925	6.493816e+07	-6.96486e+01	-2.78060e+02	
3926	6.531306e+07	-6.96964e+01	-2.78147e+02	
3927	6.569011e+07	-6.97443e+01	-2.78234e+02	
3928	6.606934e+07	-6.97921e+01	-2.78322e+02	
3929	6.645077e+07	-6.98399e+01	-2.78410e+02	
3930	6.683439e+07	-6.98877e+01	-2.78498e+02	
3931	6.722023e+07	-6.99354e+01	-2.78586e+02	
3932	6.760830e+07	-6.99831e+01	-2.78674e+02	
3933	6.799860e+07	-7.00308e+01	-2.78763e+02	
3934	6.839116e+07	-7.00785e+01	-2.78852e+02	
3935	6.878599e+07	-7.01262e+01	-2.78942e+02	
3936	6.918310e+07	-7.01738e+01	-2.79031e+02	
3937	6.958250e+07	-7.02214e+01	-2.79121e+02	
3938	6.998420e+07	-7.02690e+01	-2.79211e+02	
3939	7.038822e+07	-7.03165e+01	-2.79301e+02	
3940	7.079458e+07	-7.03641e+01	-2.79392e+02	

Index   frequency       tdb             tph             
--------------------------------------------------------------------------------
3941	7.120328e+07	-7.04116e+01	-2.79482e+02	
3942	7.161434e+07	-7.04590e+01	-2.79573e+02	
3943	7.202778e+07	-7.05065e+01	-2.79665e+02	
3944	7.244360e+07	-7.05539e+01	-2.79756e+02	
3945	7.286182e+07	-7.06013e+01	-2.79848e+02	
3946	7.328245e+07	-7.06487e+01	-2.79940e+02	
3947	7.370552e+07	-7.06960e+01	-2.80033e+02	
3948	7.413102e+07	-7.07433e+01	-2.80125e+02	
3949	7.455899e+07	-7.07906e+01	-2.80218e+02	
3950	7.498942e+07	-7.08378e+01	-2.80311e+02	
3951	7.542234e+07	-7.08851e+01	-2.80405e+02	
3952	7.585776e+07	-7.09322e+01	-2.80499e+02	
3953	7.629569e+07	-7.09794e+01	-2.80593e+02	
3954	7.673615e+07	-7.10265e+01	-2.80687e+02	
3955	7.717915e+07	-7.10736e+01	-2.80782e+02	
3956	7.762471e+07	-7.11207e+01	-2.80876e+02	
3957	7.807284e+07	-7.11677e+01	-2.80972e+02	
3958	7.852356e+07	-7.12148e+01	-2.81067e+02	
3959	7.897688e+07	-7.12617e+01	-2.81163e+02	
3960	7.943282e+07	-7.13087e+01	-2.81259e+02	
3961	7.989139e+07	-7.13556e+01	-2.81355e+02	
3962	8.035261e+07	-7.14025e+01	-2.81452e+02	
3963	8.081649e+07	-7.14493e+01	-2.81549e+02	
3964	8.128305e+07	-7.14961e+01	-2.81646e+02	
3965	8.175230e+07	-7.15429e+01	-2.81744e+02	
3966	8.222426e+07	-7.15896e+01	-2.81842e+02	
3967	8.269895e+07	-7.16363e+01	-2.81940e+02	
3968	8.317638e+07	-7.16830e+01	-2.82038e+02	
3969	8.365656e+07	-7.17297e+01	-2.82137e+02	
3970	8.413951e+07	-7.17763e+01	-2.82236e+02	
3971	8.462526e+07	-7.18228e+01	-2.82336e+02	
3972	8.511380e+07	-7.18694e+01	-2.82435e+02	
3973	8.560517e+07	-7.19158e+01	-2.82536e+02	
3974	8.609938e+07	-7.19623e+01	-2.82636e+02	
3975	8.659643e+07	-7.20087e+01	-2.82737e+02	
3976	8.709636e+07	-7.20551e+01	-2.82838e+02	
3977	8.759917e+07	-7.21014e+01	-2.82939e+02	
3978	8.810489e+07	-7.21478e+01	-2.83041e+02	
3979	8.861352e+07	-7.21940e+01	-2.83143e+02	
3980	8.912509e+07	-7.22402e+01	-2.83245e+02	
3981	8.963962e+07	-7.22864e+01	-2.83348e+02	
3982	9.015711e+07	-7.23326e+01	-2.83451e+02	
3983	9.067760e+07	-7.23787e+01	-2.83555e+02	
3984	9.120108e+07	-7.24247e+01	-2.83658e+02	
3985	9.172759e+07	-7.24708e+01	-2.83762e+02	
3986	9.225714e+07	-7.25167e+01	-2.83867e+02	
3987	9.278975e+07	-7.25627e+01	-2.83972e+02	
3988	9.332543e+07	-7.26086e+01	-2.84077e+02	
3989	9.386420e+07	-7.26544e+01	-2.84182e+02	
3990	9.440609e+07	-7.27002e+01	-2.84288e+02	
3991	9.495110e+07	-7.27460e+01	-2.84394e+02	
3992	9.549926e+07	-7.27917e+01	-2.84501e+02	
3993	9.605058e+07	-7.28374e+01	-2.84608e+02	
3994	9.660509e+07	-7.28830e+01	-2.84715e+02	
3995	9.716280e+07	-7.29286e+01	-2.84823e+02	
3996	9.772372e+07	-7.29742e+01	-2.84931e+02	
3997	9.828789e+07	-7.30197e+01	-2.85039e+02	
3998	9.885531e+07	-7.30651e+01	-2.85148e+02	

Index   frequency       tdb             tph             
--------------------------------------------------------------------------------
3999	9.942601e+07	-7.31105e+01	-2.85257e+02	
4000	1.000000e+08	-7.31558e+01	-2.85366e+02	
4001	1.005773e+08	-7.32011e+01	-2.85476e+02	
4002	1.011579e+08	-7.32464e+01	-2.85586e+02	
4003	1.017419e+08	-7.32916e+01	-2.85697e+02	
4004	1.023293e+08	-7.33368e+01	-2.85808e+02	
4005	1.029201e+08	-7.33819e+01	-2.85919e+02	
4006	1.035142e+08	-7.34269e+01	-2.86031e+02	
4007	1.041118e+08	-7.34719e+01	-2.86143e+02	
4008	1.047129e+08	-7.35169e+01	-2.86255e+02	
4009	1.053174e+08	-7.35618e+01	-2.86368e+02	
4010	1.059254e+08	-7.36066e+01	-2.86481e+02	
4011	1.065369e+08	-7.36514e+01	-2.86595e+02	
4012	1.071519e+08	-7.36961e+01	-2.86709e+02	
4013	1.077705e+08	-7.37408e+01	-2.86823e+02	
4014	1.083927e+08	-7.37855e+01	-2.86938e+02	
4015	1.090184e+08	-7.38300e+01	-2.87053e+02	
4016	1.096478e+08	-7.38746e+01	-2.87168e+02	
4017	1.102808e+08	-7.39190e+01	-2.87284e+02	
4018	1.109175e+08	-7.39634e+01	-2.87401e+02	
4019	1.115578e+08	-7.40078e+01	-2.87517e+02	
4020	1.122018e+08	-7.40521e+01	-2.87634e+02	
4021	1.128496e+08	-7.40963e+01	-2.87752e+02	
4022	1.135011e+08	-7.41405e+01	-2.87870e+02	
4023	1.141563e+08	-7.41846e+01	-2.87988e+02	
4024	1.148154e+08	-7.42287e+01	-2.88107e+02	
4025	1.154782e+08	-7.42726e+01	-2.88226e+02	
4026	1.161449e+08	-7.43166e+01	-2.88345e+02	
4027	1.168154e+08	-7.43605e+01	-2.88465e+02	
4028	1.174898e+08	-7.44043e+01	-2.88586e+02	
4029	1.181680e+08	-7.44480e+01	-2.88706e+02	
4030	1.188502e+08	-7.44917e+01	-2.88827e+02	
4031	1.195364e+08	-7.45353e+01	-2.88949e+02	
4032	1.202264e+08	-7.45789e+01	-2.89071e+02	
4033	1.209205e+08	-7.46224e+01	-2.89193e+02	
4034	1.216186e+08	-7.46658e+01	-2.89316e+02	
4035	1.223207e+08	-7.47092e+01	-2.89439e+02	
4036	1.230269e+08	-7.47525e+01	-2.89562e+02	
4037	1.237371e+08	-7.47957e+01	-2.89686e+02	
4038	1.244515e+08	-7.48389e+01	-2.89811e+02	
4039	1.251699e+08	-7.48820e+01	-2.89935e+02	
4040	1.258925e+08	-7.49250e+01	-2.90061e+02	
4041	1.266193e+08	-7.49680e+01	-2.90186e+02	
4042	1.273503e+08	-7.50108e+01	-2.90312e+02	
4043	1.280855e+08	-7.50537e+01	-2.90439e+02	
4044	1.288250e+08	-7.50964e+01	-2.90565e+02	
4045	1.295687e+08	-7.51391e+01	-2.90693e+02	
4046	1.303167e+08	-7.51817e+01	-2.90820e+02	
4047	1.310690e+08	-7.52242e+01	-2.90948e+02	
4048	1.318257e+08	-7.52667e+01	-2.91077e+02	
4049	1.325867e+08	-7.53091e+01	-2.91206e+02	
4050	1.333521e+08	-7.53514e+01	-2.91335e+02	
4051	1.341220e+08	-7.53936e+01	-2.91465e+02	
4052	1.348963e+08	-7.54358e+01	-2.91595e+02	
4053	1.356751e+08	-7.54779e+01	-2.91725e+02	
4054	1.364583e+08	-7.55199e+01	-2.91856e+02	
4055	1.372461e+08	-7.55618e+01	-2.91988e+02	
4056	1.380384e+08	-7.56036e+01	-2.92119e+02	

Index   frequency       tdb             tph             
--------------------------------------------------------------------------------
4057	1.388353e+08	-7.56454e+01	-2.92252e+02	
4058	1.396368e+08	-7.56871e+01	-2.92384e+02	
4059	1.404430e+08	-7.57287e+01	-2.92517e+02	
4060	1.412538e+08	-7.57702e+01	-2.92651e+02	
4061	1.420692e+08	-7.58117e+01	-2.92785e+02	
4062	1.428894e+08	-7.58531e+01	-2.92919e+02	
4063	1.437143e+08	-7.58944e+01	-2.93054e+02	
4064	1.445440e+08	-7.59356e+01	-2.93189e+02	
4065	1.453784e+08	-7.59767e+01	-2.93324e+02	
4066	1.462177e+08	-7.60177e+01	-2.93460e+02	
4067	1.470618e+08	-7.60587e+01	-2.93596e+02	
4068	1.479108e+08	-7.60995e+01	-2.93733e+02	
4069	1.487647e+08	-7.61403e+01	-2.93870e+02	
4070	1.496236e+08	-7.61810e+01	-2.94008e+02	
4071	1.504874e+08	-7.62216e+01	-2.94146e+02	
4072	1.513561e+08	-7.62621e+01	-2.94284e+02	
4073	1.522299e+08	-7.63026e+01	-2.94423e+02	
4074	1.531087e+08	-7.63429e+01	-2.94562e+02	
4075	1.539927e+08	-7.63832e+01	-2.94702e+02	
4076	1.548817e+08	-7.64233e+01	-2.94842e+02	
4077	1.557758e+08	-7.64634e+01	-2.94982e+02	
4078	1.566751e+08	-7.65034e+01	-2.95123e+02	
4079	1.575796e+08	-7.65432e+01	-2.95265e+02	
4080	1.584893e+08	-7.65830e+01	-2.95406e+02	
4081	1.594043e+08	-7.66227e+01	-2.95548e+02	
4082	1.603245e+08	-7.66623e+01	-2.95691e+02	
4083	1.612501e+08	-7.67018e+01	-2.95834e+02	
4084	1.621810e+08	-7.67413e+01	-2.95977e+02	
4085	1.631173e+08	-7.67806e+01	-2.96120e+02	
4086	1.640590e+08	-7.68198e+01	-2.96264e+02	
4087	1.650061e+08	-7.68589e+01	-2.96409e+02	
4088	1.659587e+08	-7.68979e+01	-2.96554e+02	
4089	1.669168e+08	-7.69369e+01	-2.96699e+02	
4090	1.678804e+08	-7.69757e+01	-2.96845e+02	
4091	1.688496e+08	-7.70144e+01	-2.96991e+02	
4092	1.698244e+08	-7.70530e+01	-2.97137e+02	
4093	1.708048e+08	-7.70916e+01	-2.97284e+02	
4094	1.717908e+08	-7.71300e+01	-2.97431e+02	
4095	1.727826e+08	-7.71683e+01	-2.97578e+02	
4096	1.737801e+08	-7.72065e+01	-2.97726e+02	
4097	1.747833e+08	-7.72446e+01	-2.97875e+02	
4098	1.757924e+08	-7.72826e+01	-2.98023e+02	
4099	1.768072e+08	-7.73205e+01	-2.98172e+02	
4100	1.778279e+08	-7.73583e+01	-2.98322e+02	
4101	1.788546e+08	-7.73960e+01	-2.98472e+02	
4102	1.798871e+08	-7.74336e+01	-2.98622e+02	
4103	1.809256e+08	-7.74711e+01	-2.98772e+02	
4104	1.819701e+08	-7.75085e+01	-2.98923e+02	
4105	1.830206e+08	-7.75457e+01	-2.99075e+02	
4106	1.840772e+08	-7.75829e+01	-2.99226e+02	
4107	1.851399e+08	-7.76199e+01	-2.99378e+02	
4108	1.862087e+08	-7.76568e+01	-2.99531e+02	
4109	1.872837e+08	-7.76936e+01	-2.99683e+02	
4110	1.883649e+08	-7.77304e+01	-2.99836e+02	
4111	1.894524e+08	-7.77669e+01	-2.99990e+02	
4112	1.905461e+08	-7.78034e+01	-3.00143e+02	
4113	1.916461e+08	-7.78398e+01	-3.00298e+02	
4114	1.927525e+08	-7.78760e+01	-3.00452e+02	

Index   frequency       tdb             tph             
--------------------------------------------------------------------------------
4115	1.938653e+08	-7.79122e+01	-3.00607e+02	
4116	1.949845e+08	-7.79482e+01	-3.00762e+02	
4117	1.961101e+08	-7.79841e+01	-3.00917e+02	
4118	1.972423e+08	-7.80199e+01	-3.01073e+02	
4119	1.983810e+08	-7.80556e+01	-3.01229e+02	
4120	1.995262e+08	-7.80911e+01	-3.01386e+02	
4121	2.006781e+08	-7.81265e+01	-3.01542e+02	
4122	2.018366e+08	-7.81619e+01	-3.01699e+02	
4123	2.030019e+08	-7.81970e+01	-3.01857e+02	
4124	2.041738e+08	-7.82321e+01	-3.02014e+02	
4125	2.053525e+08	-7.82671e+01	-3.02172e+02	
4126	2.065380e+08	-7.83019e+01	-3.02331e+02	
4127	2.077304e+08	-7.83366e+01	-3.02489e+02	
4128	2.089296e+08	-7.83712e+01	-3.02648e+02	
4129	2.101358e+08	-7.84057e+01	-3.02808e+02	
4130	2.113489e+08	-7.84400e+01	-3.02967e+02	
4131	2.125690e+08	-7.84742e+01	-3.03127e+02	
4132	2.137962e+08	-7.85083e+01	-3.03287e+02	
4133	2.150305e+08	-7.85423e+01	-3.03447e+02	
4134	2.162719e+08	-7.85761e+01	-3.03608e+02	
4135	2.175204e+08	-7.86099e+01	-3.03769e+02	
4136	2.187762e+08	-7.86434e+01	-3.03930e+02	
4137	2.200392e+08	-7.86769e+01	-3.04092e+02	
4138	2.213095e+08	-7.87102e+01	-3.04253e+02	
4139	2.225871e+08	-7.87434e+01	-3.04415e+02	
4140	2.238721e+08	-7.87765e+01	-3.04577e+02	
4141	2.251645e+08	-7.88095e+01	-3.04740e+02	
4142	2.264644e+08	-7.88423e+01	-3.04903e+02	
4143	2.277718e+08	-7.88750e+01	-3.05066e+02	
4144	2.290868e+08	-7.89075e+01	-3.05229e+02	
4145	2.304093e+08	-7.89400e+01	-3.05392e+02	
4146	2.317395e+08	-7.89723e+01	-3.05556e+02	
4147	2.330773e+08	-7.90044e+01	-3.05720e+02	
4148	2.344229e+08	-7.90365e+01	-3.05884e+02	
4149	2.357762e+08	-7.90684e+01	-3.06049e+02	
4150	2.371374e+08	-7.91001e+01	-3.06213e+02	
4151	2.385064e+08	-7.91318e+01	-3.06378e+02	
4152	2.398833e+08	-7.91633e+01	-3.06543e+02	
4153	2.412682e+08	-7.91946e+01	-3.06708e+02	
4154	2.426610e+08	-7.92259e+01	-3.06874e+02	
4155	2.440619e+08	-7.92570e+01	-3.07039e+02	
4156	2.454709e+08	-7.92879e+01	-3.07205e+02	
4157	2.468880e+08	-7.93187e+01	-3.07371e+02	
4158	2.483133e+08	-7.93494e+01	-3.07537e+02	
4159	2.497468e+08	-7.93800e+01	-3.07703e+02	
4160	2.511886e+08	-7.94104e+01	-3.07870e+02	
4161	2.526388e+08	-7.94407e+01	-3.08037e+02	
4162	2.540973e+08	-7.94708e+01	-3.08203e+02	
4163	2.555642e+08	-7.95008e+01	-3.08370e+02	
4164	2.570396e+08	-7.95307e+01	-3.08538e+02	
4165	2.585235e+08	-7.95604e+01	-3.08705e+02	
4166	2.600160e+08	-7.95900e+01	-3.08872e+02	
4167	2.615170e+08	-7.96194e+01	-3.09040e+02	
4168	2.630268e+08	-7.96487e+01	-3.09208e+02	
4169	2.645453e+08	-7.96779e+01	-3.09375e+02	
4170	2.660725e+08	-7.97069e+01	-3.09543e+02	
4171	2.676086e+08	-7.97358e+01	-3.09712e+02	
4172	2.691535e+08	-7.97646e+01	-3.09880e+02	

Index   frequency       tdb             tph             
--------------------------------------------------------------------------------
4173	2.707073e+08	-7.97932e+01	-3.10048e+02	
4174	2.722701e+08	-7.98216e+01	-3.10216e+02	
4175	2.738420e+08	-7.98500e+01	-3.10385e+02	
4176	2.754229e+08	-7.98782e+01	-3.10554e+02	
4177	2.770129e+08	-7.99062e+01	-3.10722e+02	
4178	2.786121e+08	-7.99341e+01	-3.10891e+02	
4179	2.802206e+08	-7.99619e+01	-3.11060e+02	
4180	2.818383e+08	-7.99895e+01	-3.11229e+02	
4181	2.834654e+08	-8.00169e+01	-3.11398e+02	
4182	2.851018e+08	-8.00443e+01	-3.11567e+02	
4183	2.867477e+08	-8.00715e+01	-3.11736e+02	
4184	2.884032e+08	-8.00985e+01	-3.11905e+02	
4185	2.900681e+08	-8.01254e+01	-3.12074e+02	
4186	2.917427e+08	-8.01522e+01	-3.12244e+02	
4187	2.934270e+08	-8.01788e+01	-3.12413e+02	
4188	2.951209e+08	-8.02052e+01	-3.12582e+02	
4189	2.968247e+08	-8.02316e+01	-3.12751e+02	
4190	2.985383e+08	-8.02578e+01	-3.12921e+02	
4191	3.002617e+08	-8.02838e+01	-3.13090e+02	
4192	3.019952e+08	-8.03097e+01	-3.13260e+02	
4193	3.037386e+08	-8.03354e+01	-3.13429e+02	
4194	3.054921e+08	-8.03611e+01	-3.13598e+02	
4195	3.072557e+08	-8.03865e+01	-3.13768e+02	
4196	3.090295e+08	-8.04118e+01	-3.13937e+02	
4197	3.108136e+08	-8.04370e+01	-3.14107e+02	
4198	3.126079e+08	-8.04621e+01	-3.14276e+02	
4199	3.144126e+08	-8.04869e+01	-3.14445e+02	
4200	3.162278e+08	-8.05117e+01	-3.14615e+02	
4201	3.180534e+08	-8.05363e+01	-3.14784e+02	
4202	3.198895e+08	-8.05608e+01	-3.14953e+02	
4203	3.217363e+08	-8.05851e+01	-3.15122e+02	
4204	3.235937e+08	-8.06092e+01	-3.15291e+02	
4205	3.254618e+08	-8.06333e+01	-3.15460e+02	
4206	3.273407e+08	-8.06572e+01	-3.15629e+02	
4207	3.292305e+08	-8.06809e+01	-3.15798e+02	
4208	3.311311e+08	-8.07045e+01	-3.15967e+02	
4209	3.330428e+08	-8.07279e+01	-3.16136e+02	
4210	3.349654e+08	-8.07513e+01	-3.16304e+02	
4211	3.368992e+08	-8.07744e+01	-3.16473e+02	
4212	3.388442e+08	-8.07974e+01	-3.16642e+02	
4213	3.408003e+08	-8.08203e+01	-3.16810e+02	
4214	3.427678e+08	-8.08431e+01	-3.16978e+02	
4215	3.447466e+08	-8.08657e+01	-3.17146e+02	
4216	3.467369e+08	-8.08881e+01	-3.17314e+02	
4217	3.487386e+08	-8.09104e+01	-3.17482e+02	
4218	3.507519e+08	-8.09326e+01	-3.17650e+02	
4219	3.527768e+08	-8.09546e+01	-3.17818e+02	
4220	3.548134e+08	-8.09765e+01	-3.17985e+02	
4221	3.568617e+08	-8.09982e+01	-3.18153e+02	
4222	3.589219e+08	-8.10198e+01	-3.18320e+02	
4223	3.609940e+08	-8.10413e+01	-3.18487e+02	
4224	3.630781e+08	-8.10626e+01	-3.18654e+02	
4225	3.651741e+08	-8.10838e+01	-3.18821e+02	
4226	3.672823e+08	-8.11048e+01	-3.18987e+02	
4227	3.694026e+08	-8.11257e+01	-3.19154e+02	
4228	3.715352e+08	-8.11465e+01	-3.19320e+02	
4229	3.736801e+08	-8.11671e+01	-3.19486e+02	
4230	3.758374e+08	-8.11876e+01	-3.19652e+02	

Index   frequency       tdb             tph             
--------------------------------------------------------------------------------
4231	3.780071e+08	-8.12079e+01	-3.19818e+02	
4232	3.801894e+08	-8.12281e+01	-3.19983e+02	
4233	3.823843e+08	-8.12482e+01	-3.20149e+02	
4234	3.845918e+08	-8.12681e+01	-3.20314e+02	
4235	3.868121e+08	-8.12879e+01	-3.20479e+02	
4236	3.890451e+08	-8.13076e+01	-3.20643e+02	
4237	3.912911e+08	-8.13271e+01	-3.20808e+02	
4238	3.935501e+08	-8.13465e+01	-3.20972e+02	
4239	3.958221e+08	-8.13657e+01	-3.21136e+02	
4240	3.981072e+08	-8.13848e+01	-3.21300e+02	
4241	4.004055e+08	-8.14038e+01	-3.21463e+02	
4242	4.027170e+08	-8.14226e+01	-3.21626e+02	
4243	4.050419e+08	-8.14413e+01	-3.21789e+02	
4244	4.073803e+08	-8.14599e+01	-3.21952e+02	
4245	4.097321e+08	-8.14783e+01	-3.22115e+02	
4246	4.120975e+08	-8.14966e+01	-3.22277e+02	
4247	4.144766e+08	-8.15148e+01	-3.22439e+02	
4248	4.168694e+08	-8.15328e+01	-3.22601e+02	
4249	4.192760e+08	-8.15507e+01	-3.22762e+02	
4250	4.216965e+08	-8.15684e+01	-3.22923e+02	
4251	4.241310e+08	-8.15861e+01	-3.23084e+02	
4252	4.265795e+08	-8.16036e+01	-3.23245e+02	
4253	4.290422e+08	-8.16210e+01	-3.23405e+02	
4254	4.315191e+08	-8.16382e+01	-3.23565e+02	
4255	4.340103e+08	-8.16553e+01	-3.23725e+02	
4256	4.365158e+08	-8.16723e+01	-3.23884e+02	
4257	4.390359e+08	-8.16891e+01	-3.24043e+02	
4258	4.415704e+08	-8.17059e+01	-3.24202e+02	
4259	4.441197e+08	-8.17225e+01	-3.24360e+02	
4260	4.466836e+08	-8.17389e+01	-3.24518e+02	
4261	4.492623e+08	-8.17553e+01	-3.24676e+02	
4262	4.518559e+08	-8.17715e+01	-3.24834e+02	
4263	4.544645e+08	-8.17876e+01	-3.24991e+02	
4264	4.570882e+08	-8.18035e+01	-3.25148e+02	
4265	4.597270e+08	-8.18194e+01	-3.25304e+02	
4266	4.623810e+08	-8.18351e+01	-3.25460e+02	
4267	4.650504e+08	-8.18507e+01	-3.25616e+02	
4268	4.677351e+08	-8.18662e+01	-3.25771e+02	
4269	4.704354e+08	-8.18815e+01	-3.25926e+02	
4270	4.731513e+08	-8.18967e+01	-3.26081e+02	
4271	4.758828e+08	-8.19118e+01	-3.26236e+02	
4272	4.786301e+08	-8.19268e+01	-3.26390e+02	
4273	4.813933e+08	-8.19417e+01	-3.26543e+02	
4274	4.841724e+08	-8.19564e+01	-3.26696e+02	
4275	4.869675e+08	-8.19710e+01	-3.26849e+02	
4276	4.897788e+08	-8.19855e+01	-3.27002e+02	
4277	4.926063e+08	-8.19999e+01	-3.27154e+02	
4278	4.954502e+08	-8.20142e+01	-3.27306e+02	
4279	4.983105e+08	-8.20283e+01	-3.27457e+02	
4280	5.011872e+08	-8.20424e+01	-3.27608e+02	
4281	5.040806e+08	-8.20563e+01	-3.27759e+02	
4282	5.069907e+08	-8.20701e+01	-3.27909e+02	
4283	5.099176e+08	-8.20838e+01	-3.28059e+02	
4284	5.128614e+08	-8.20973e+01	-3.28208e+02	
4285	5.158222e+08	-8.21108e+01	-3.28357e+02	
4286	5.188000e+08	-8.21241e+01	-3.28506e+02	
4287	5.217951e+08	-8.21374e+01	-3.28654e+02	
4288	5.248075e+08	-8.21505e+01	-3.28801e+02	

Index   frequency       tdb             tph             
--------------------------------------------------------------------------------
4289	5.278372e+08	-8.21635e+01	-3.28949e+02	
4290	5.308844e+08	-8.21764e+01	-3.29096e+02	
4291	5.339493e+08	-8.21892e+01	-3.29242e+02	
4292	5.370318e+08	-8.22019e+01	-3.29388e+02	
4293	5.401321e+08	-8.22145e+01	-3.29534e+02	
4294	5.432503e+08	-8.22269e+01	-3.29679e+02	
4295	5.463865e+08	-8.22393e+01	-3.29824e+02	
4296	5.495409e+08	-8.22515e+01	-3.29969e+02	
4297	5.527134e+08	-8.22637e+01	-3.30112e+02	
4298	5.559043e+08	-8.22757e+01	-3.30256e+02	
4299	5.591135e+08	-8.22876e+01	-3.30399e+02	
4300	5.623413e+08	-8.22995e+01	-3.30542e+02	
4301	5.655878e+08	-8.23112e+01	-3.30684e+02	
4302	5.688529e+08	-8.23228e+01	-3.30826e+02	
4303	5.721370e+08	-8.23343e+01	-3.30967e+02	
4304	5.754399e+08	-8.23458e+01	-3.31108e+02	
4305	5.787620e+08	-8.23571e+01	-3.31248e+02	
4306	5.821032e+08	-8.23683e+01	-3.31388e+02	
4307	5.854637e+08	-8.23794e+01	-3.31528e+02	
4308	5.888437e+08	-8.23904e+01	-3.31667e+02	
4309	5.922431e+08	-8.24013e+01	-3.31806e+02	
4310	5.956621e+08	-8.24122e+01	-3.31944e+02	
4311	5.991009e+08	-8.24229e+01	-3.32081e+02	
4312	6.025596e+08	-8.24335e+01	-3.32219e+02	
4313	6.060382e+08	-8.24440e+01	-3.32355e+02	
4314	6.095369e+08	-8.24545e+01	-3.32492e+02	
4315	6.130558e+08	-8.24648e+01	-3.32628e+02	
4316	6.165950e+08	-8.24751e+01	-3.32763e+02	
4317	6.201546e+08	-8.24852e+01	-3.32898e+02	
4318	6.237348e+08	-8.24953e+01	-3.33032e+02	
4319	6.273357e+08	-8.25053e+01	-3.33166e+02	
4320	6.309573e+08	-8.25151e+01	-3.33300e+02	
4321	6.345999e+08	-8.25249e+01	-3.33433e+02	
4322	6.382635e+08	-8.25346e+01	-3.33566e+02	
4323	6.419482e+08	-8.25442e+01	-3.33698e+02	
4324	6.456542e+08	-8.25537e+01	-3.33829e+02	
4325	6.493816e+08	-8.25632e+01	-3.33961e+02	
4326	6.531306e+08	-8.25725e+01	-3.34091e+02	
4327	6.569011e+08	-8.25818e+01	-3.34222e+02	
4328	6.606934e+08	-8.25909e+01	-3.34351e+02	
4329	6.645077e+08	-8.26000e+01	-3.34481e+02	
4330	6.683439e+08	-8.26090e+01	-3.34609e+02	
4331	6.722023e+08	-8.26179e+01	-3.34738e+02	
4332	6.760830e+08	-8.26267e+01	-3.34865e+02	
4333	6.799860e+08	-8.26355e+01	-3.34993e+02	
4334	6.839116e+08	-8.26441e+01	-3.35120e+02	
4335	6.878599e+08	-8.26527e+01	-3.35246e+02	
4336	6.918310e+08	-8.26612e+01	-3.35372e+02	
4337	6.958250e+08	-8.26696e+01	-3.35497e+02	
4338	6.998420e+08	-8.26780e+01	-3.35622e+02	
4339	7.038822e+08	-8.26862e+01	-3.35747e+02	
4340	7.079458e+08	-8.26944e+01	-3.35871e+02	
4341	7.120328e+08	-8.27025e+01	-3.35994e+02	
4342	7.161434e+08	-8.27105e+01	-3.36117e+02	
4343	7.202778e+08	-8.27185e+01	-3.36240e+02	
4344	7.244360e+08	-8.27263e+01	-3.36362e+02	
4345	7.286182e+08	-8.27341e+01	-3.36483e+02	
4346	7.328245e+08	-8.27419e+01	-3.36604e+02	

Index   frequency       tdb             tph             
--------------------------------------------------------------------------------
4347	7.370552e+08	-8.27495e+01	-3.36725e+02	
4348	7.413102e+08	-8.27571e+01	-3.36845e+02	
4349	7.455899e+08	-8.27646e+01	-3.36965e+02	
4350	7.498942e+08	-8.27720e+01	-3.37084e+02	
4351	7.542234e+08	-8.27793e+01	-3.37202e+02	
4352	7.585776e+08	-8.27866e+01	-3.37321e+02	
4353	7.629569e+08	-8.27938e+01	-3.37438e+02	
4354	7.673615e+08	-8.28009e+01	-3.37555e+02	
4355	7.717915e+08	-8.28080e+01	-3.37672e+02	
4356	7.762471e+08	-8.28150e+01	-3.37788e+02	
4357	7.807284e+08	-8.28219e+01	-3.37904e+02	
4358	7.852356e+08	-8.28288e+01	-3.38019e+02	
4359	7.897688e+08	-8.28356e+01	-3.38134e+02	
4360	7.943282e+08	-8.28423e+01	-3.38248e+02	
4361	7.989139e+08	-8.28489e+01	-3.38362e+02	
4362	8.035261e+08	-8.28555e+01	-3.38475e+02	
4363	8.081649e+08	-8.28621e+01	-3.38588e+02	
4364	8.128305e+08	-8.28685e+01	-3.38701e+02	
4365	8.175230e+08	-8.28749e+01	-3.38813e+02	
4366	8.222426e+08	-8.28812e+01	-3.38924e+02	
4367	8.269895e+08	-8.28875e+01	-3.39035e+02	
4368	8.317638e+08	-8.28937e+01	-3.39145e+02	
4369	8.365656e+08	-8.28999e+01	-3.39255e+02	
4370	8.413951e+08	-8.29059e+01	-3.39365e+02	
4371	8.462526e+08	-8.29120e+01	-3.39474e+02	
4372	8.511380e+08	-8.29179e+01	-3.39582e+02	
4373	8.560517e+08	-8.29238e+01	-3.39690e+02	
4374	8.609938e+08	-8.29296e+01	-3.39798e+02	
4375	8.659643e+08	-8.29354e+01	-3.39905e+02	
4376	8.709636e+08	-8.29411e+01	-3.40011e+02	
4377	8.759917e+08	-8.29468e+01	-3.40118e+02	
4378	8.810489e+08	-8.29524e+01	-3.40223e+02	
4379	8.861352e+08	-8.29580e+01	-3.40328e+02	
4380	8.912509e+08	-8.29635e+01	-3.40433e+02	
4381	8.963962e+08	-8.29689e+01	-3.40537e+02	
4382	9.015711e+08	-8.29743e+01	-3.40641e+02	
4383	9.067760e+08	-8.29796e+01	-3.40744e+02	
4384	9.120108e+08	-8.29849e+01	-3.40847e+02	
4385	9.172759e+08	-8.29901e+01	-3.40950e+02	
4386	9.225714e+08	-8.29952e+01	-3.41052e+02	
4387	9.278975e+08	-8.30004e+01	-3.41153e+02	
4388	9.332543e+08	-8.30054e+01	-3.41254e+02	
4389	9.386420e+08	-8.30104e+01	-3.41354e+02	
4390	9.440609e+08	-8.30154e+01	-3.41454e+02	
4391	9.495110e+08	-8.30203e+01	-3.41554e+02	
4392	9.549926e+08	-8.30251e+01	-3.41653e+02	
4393	9.605058e+08	-8.30299e+01	-3.41752e+02	
4394	9.660509e+08	-8.30347e+01	-3.41850e+02	
4395	9.716280e+08	-8.30394e+01	-3.41948e+02	
4396	9.772372e+08	-8.30440e+01	-3.42045e+02	
4397	9.828789e+08	-8.30486e+01	-3.42142e+02	
4398	9.885531e+08	-8.30532e+01	-3.42238e+02	
4399	9.942601e+08	-8.30577e+01	-3.42334e+02	
4400	1.000000e+09	-8.30622e+01	-3.42429e+02	
ROW iload_a=0.0001 ceff_f=4.7e-06 esr_ohm=0.001 vout_v=1.7994 dcgain_db=144.226 f0_hz=14265.7 phase_at_f0_deg=-101.448 f180_hz=871477 gain_at_f180_db=-42.3813 f0_rising_hz= resurgence_db=-0.0636783
* SWEEP COMPLETE ss_-40c_3.63v
Note: Simulation executed from .control section 
Warning: m=xx on .subckt line will override multiplier m hierarchy!

Note: Starting dynamic gmin stepping
Note: Dynamic gmin stepping completed
Note: Starting dynamic gmin stepping
Note: Dynamic gmin stepping completed
Note: Starting dynamic gmin stepping
Note: Dynamic gmin stepping completed

Error: measure  f0r  when(WHEN) : out of interval
Error: &f0r: no such variable.
