time,v(vin),v(en),v(vref),v(vout),v(xdut.xilimit.pb),v(xdut.xilimit.vg),v(xdut.xilimit.vx),v(xdut.xilimit.vsu),v(xdut.xilimit.bb),v(xdut.xsoftstart.pb_ss),v(xdut.xsoftstart.vg_ss),v(xdut.xsoftstart.vx_ss),v(xdut.xsoftstart.vsu_ss),v(xdut.xsoftstart.bb),i(v.xdut.xilimit.vacq_cv),i(v.xdut.xilimit.vacq_st),i(v.xdut.xilimit.vacq_rb),i(v.xdut.xsoftstart.vacq_cv),i(v.xdut.xsoftstart.vacq_st),i(v.xdut.xsoftstart.vacq_rb)
0,2.97,0,1.2,1.629176e-09,2.330427,1.953994,1.131364,8.25248e-08,1.13136,2.951346,2.041766,1.19993,6.696582e-08,1.199919,5.72379e-12,2.329914e-12,2.263079e-12,6.551514e-12,2.950973e-12,2.398082e-12
1.28e-08,2.97,0,1.2,1.629176e-09,2.330427,1.953994,1.131364,8.25199e-08,1.13136,2.951346,2.041766,1.19993,6.695193e-08,1.199919,5.72261e-12,2.330358e-12,2.261302e-12,6.552769e-12,2.950529e-12,2.396305e-12
3.512e-07,2.97,0,1.2,1.629176e-09,2.330427,1.953994,1.131364,8.254311e-08,1.13136,2.951346,2.041766,1.19993,6.69662e-08,1.199919,5.722449e-12,2.330358e-12,2.263079e-12,6.55268e-12,2.951417e-12,2.396305e-12
7.512e-07,2.97,0,1.2,1.629176e-09,2.330427,1.953994,1.131364,8.255068e-08,1.13136,2.951346,2.041766,1.19993,6.696136e-08,1.199919,5.724518e-12,2.33058e-12,2.259526e-12,6.550495e-12,2.951417e-12,2.399858e-12
1.1512e-06,2.97,0,1.2,1.629176e-09,2.330427,1.953994,1.131364,8.255286e-08,1.13136,2.951346,2.041766,1.19993,6.696539e-08,1.199919,5.724369e-12,2.33058e-12,2.263079e-12,6.550997e-12,2.951417e-12,2.398082e-12
1.5512e-06,2.97,0,1.2,1.629176e-09,2.330427,1.953994,1.131364,8.255575e-08,1.13136,2.951346,2.041766,1.19993,6.696397e-08,1.199919,5.724352e-12,2.330358e-12,2.263079e-12,6.551466e-12,2.951417e-12,2.398082e-12
1.9512e-06,2.97,0,1.2,1.629176e-09,2.330427,1.953994,1.131364,8.253871e-08,1.13136,2.951346,2.041766,1.19993,6.696388e-08,1.199919,5.724323e-12,2.330358e-12,2.263079e-12,6.551541e-12,2.951417e-12,2.398082e-12
2.3512e-06,2.97,0,1.2,1.629176e-09,2.330427,1.953994,1.131364,8.253084e-08,1.13136,2.951346,2.041766,1.19993,6.697164e-08,1.199919,5.72434e-12,2.330358e-12,2.266631e-12,6.55258e-12,2.950973e-12,2.399858e-12
2.7512e-06,2.97,0,1.2,1.629176e-09,2.330427,1.953994,1.131364,8.254862e-08,1.13136,2.951346,2.041766,1.19993,6.696625e-08,1.199919,5.724368e-12,2.330358e-12,2.261302e-12,6.552513e-12,2.950973e-12,2.398082e-12
3.1512e-06,2.97,0,1.2,1.629176e-09,2.330427,1.953994,1.131364,8.254352e-08,1.13136,2.951346,2.041766,1.19993,6.696416e-08,1.199919,5.724407e-12,2.330358e-12,2.263079e-12,6.552784e-12,2.951417e-12,2.396305e-12
3.5512e-06,2.97,0,1.2,1.629176e-09,2.330427,1.953994,1.131364,8.253766e-08,1.13136,2.951346,2.041766,1.19993,6.696628e-08,1.199919,5.724569e-12,2.330358e-12,2.261302e-12,6.550841e-12,2.950973e-12,2.399858e-12
3.9512e-06,2.97,0,1.2,1.629176e-09,2.330427,1.953994,1.131364,8.25492e-08,1.13136,2.951346,2.041766,1.19993,6.696825e-08,1.199919,5.724555e-12,2.33058e-12,2.263079e-12,6.551149e-12,2.950973e-12,2.396305e-12
4.3512e-06,2.97,0,1.2,1.629176e-09,2.330427,1.953994,1.131364,8.253886e-08,1.13136,2.951346,2.041766,1.19993,6.696322e-08,1.199919,5.724598e-12,2.330358e-12,2.261302e-12,6.551185e-12,2.950973e-12,2.394529e-12
4.7512e-06,2.97,0,1.2,1.629176e-09,2.330427,1.953994,1.131364,8.253706e-08,1.13136,2.951346,2.041766,1.19993,6.696362e-08,1.199919,5.722757e-12,2.330358e-12,2.261302e-12,6.551339e-12,2.951417e-12,2.398082e-12
5.1512e-06,2.97,0,1.2,1.629176e-09,2.330427,1.953994,1.131364,8.255439e-08,1.13136,2.951346,2.041766,1.19993,6.696563e-08,1.199919,5.72277e-12,2.330358e-12,2.263079e-12,6.551104e-12,2.950973e-12,2.398082e-12
5.5512e-06,2.97,0,1.2,1.629176e-09,2.330427,1.953994,1.131364,8.253876e-08,1.13136,2.951346,2.041766,1.19993,6.696479e-08,1.199919,5.72453e-12,2.330358e-12,2.261302e-12,6.551089e-12,2.951417e-12,2.396305e-12
5.9512e-06,2.97,0,1.2,1.629176e-09,2.330427,1.953994,1.131364,8.253126e-08,1.13136,2.951346,2.041766,1.19993,6.696421e-08,1.199919,5.724543e-12,2.330358e-12,2.263079e-12,6.551025e-12,2.950973e-12,2.394529e-12
6.3512e-06,2.97,0,1.2,1.629176e-09,2.330427,1.953994,1.131364,8.254778e-08,1.13136,2.951346,2.041766,1.19993,6.697148e-08,1.199919,5.723037e-12,2.330358e-12,2.261302e-12,6.551051e-12,2.950973e-12,2.399858e-12
6.7512e-06,2.97,0,1.2,1.629176e-09,2.330427,1.953994,1.131364,8.254068e-08,1.13136,2.951346,2.041766,1.19993,6.696372e-08,1.199919,5.723345e-12,2.330358e-12,2.259526e-12,6.551144e-12,2.950973e-12,2.398082e-12
7.1512e-06,2.97,0,1.2,1.629176e-09,2.330427,1.953994,1.131364,8.253474e-08,1.13136,2.951346,2.041766,1.19993,6.696936e-08,1.199919,5.723332e-12,2.33058e-12,2.261302e-12,6.551204e-12,2.950973e-12,2.399858e-12
7.5512e-06,2.97,0,1.2,1.629176e-09,2.330427,1.953994,1.131364,8.254518e-08,1.13136,2.951346,2.041766,1.19993,6.696856e-08,1.199919,5.723392e-12,2.330358e-12,2.261302e-12,6.551323e-12,2.950973e-12,2.399858e-12
7.9512e-06,2.97,0,1.2,1.629176e-09,2.330427,1.953994,1.131364,8.254334e-08,1.13136,2.951346,2.041766,1.19993,6.696762e-08,1.199919,5.72341e-12,2.330358e-12,2.259526e-12,6.551443e-12,2.950973e-12,2.398082e-12
8.3512e-06,2.97,0,1.2,1.629176e-09,2.330427,1.953994,1.131364,8.254323e-08,1.13136,2.951346,2.041766,1.19993,6.696374e-08,1.199919,5.723443e-12,2.330358e-12,2.263079e-12,6.551417e-12,2.950973e-12,2.399858e-12
8.7512e-06,2.97,0,1.2,1.629176e-09,2.330427,1.953994,1.131364,8.255537e-08,1.131361,2.951346,2.041766,1.19993,6.696595e-08,1.199919,5.723438e-12,2.33058e-12,2.261302e-12,6.551555e-12,2.950973e-12,2.399858e-12
9.1512e-06,2.97,0,1.2,1.629176e-09,2.330427,1.953994,1.131364,8.254658e-08,1.131361,2.951346,2.041766,1.19993,6.697241e-08,1.199919,5.723597e-12,2.330358e-12,2.261302e-12,6.551358e-12,2.951417e-12,2.396305e-12
9.5512e-06,2.97,0,1.2,1.629176e-09,2.330427,1.953994,1.131364,8.253443e-08,1.131361,2.951346,2.041766,1.19993,6.696542e-08,1.199919,5.723553e-12,2.330358e-12,2.263079e-12,6.551572e-12,2.951417e-12,2.396305e-12
9.9512e-06,2.97,0,1.2,1.629176e-09,2.330427,1.953994,1.131364,8.253768e-08,1.131361,2.951346,2.041766,1.19993,6.696597e-08,1.199919,5.723552e-12,2.330358e-12,2.261302e-12,6.551661e-12,2.950973e-12,2.398082e-12
1.03512e-05,2.97,0,1.2,1.629176e-09,2.330427,1.953994,1.131364,8.253643e-08,1.131361,2.951346,2.041766,1.19993,6.696796e-08,1.199919,5.723654e-12,2.330358e-12,2.261302e-12,6.551591e-12,2.951417e-12,2.396305e-12
1.07512e-05,2.97,0,1.2,1.629176e-09,2.330427,1.953994,1.131364,8.253335e-08,1.131361,2.951346,2.041766,1.19993,6.69666e-08,1.199919,5.723679e-12,2.330358e-12,2.261302e-12,6.551778e-12,2.950973e-12,2.396305e-12
1.11512e-05,2.97,0,1.2,1.629176e-09,2.330427,1.953994,1.131364,8.254152e-08,1.131361,2.951346,2.041766,1.19993,6.696911e-08,1.199919,5.72371e-12,2.33058e-12,2.263079e-12,6.551606e-12,2.950973e-12,2.396305e-12
1.15512e-05,2.97,0,1.2,1.629176e-09,2.330427,1.953994,1.131364,8.254119e-08,1.131361,2.951346,2.041766,1.19993,6.696002e-08,1.199919,5.723784e-12,2.33058e-12,2.261302e-12,6.551777e-12,2.951417e-12,2.396305e-12
1.19512e-05,2.97,0,1.2,1.629176e-09,2.330427,1.953994,1.131364,8.253807e-08,1.131361,2.951346,2.041766,1.19993,6.696679e-08,1.199919,5.723731e-12,2.330358e-12,2.261302e-12,6.551649e-12,2.950973e-12,2.394529e-12
1.23512e-05,2.97,0,1.2,1.629176e-09,2.330427,1.953994,1.131364,8.253773e-08,1.131361,2.951346,2.041766,1.19993,6.696309e-08,1.199919,5.72379e-12,2.330358e-12,2.259526e-12,6.551517e-12,2.951417e-12,2.398082e-12
1.27512e-05,2.97,0,1.2,1.629176e-09,2.330427,1.953994,1.131364,8.253065e-08,1.131361,2.951346,2.041766,1.19993,6.696463e-08,1.199919,5.723652e-12,2.330358e-12,2.261302e-12,6.551525e-12,2.950973e-12,2.396305e-12
1.31512e-05,2.97,0,1.2,1.629176e-09,2.330427,1.953994,1.131364,8.253076e-08,1.131361,2.951346,2.041766,1.19993,6.696376e-08,1.199919,5.723398e-12,2.330358e-12,2.263079e-12,6.55167e-12,2.950973e-12,2.396305e-12
1.35512e-05,2.97,0,1.2,1.629176e-09,2.330427,1.953994,1.131364,8.253178e-08,1.131361,2.951346,2.041766,1.19993,6.696151e-08,1.199919,5.723547e-12,2.330358e-12,2.259526e-12,6.551631e-12,2.950973e-12,2.398082e-12
1.39512e-05,2.97,0,1.2,1.629176e-09,2.330427,1.953994,1.131364,8.252473e-08,1.131361,2.951346,2.041766,1.19993,6.696438e-08,1.199919,5.723543e-12,2.330358e-12,2.261302e-12,6.551829e-12,2.950973e-12,2.398082e-12
1.43512e-05,2.97,0,1.2,1.629176e-09,2.330427,1.953994,1.131364,8.253061e-08,1.131361,2.951346,2.041766,1.19993,6.696405e-08,1.199919,5.723517e-12,2.330358e-12,2.263079e-12,6.551589e-12,2.950973e-12,2.396305e-12
1.47512e-05,2.97,0,1.2,1.629176e-09,2.330427,1.953994,1.131364,8.253104e-08,1.131361,2.951346,2.041766,1.19993,6.69597e-08,1.199919,5.723475e-12,2.330358e-12,2.261302e-12,6.551751e-12,2.951417e-12,2.399858e-12
1.51512e-05,2.97,0,1.2,1.629176e-09,2.330427,1.953994,1.131364,8.253781e-08,1.131361,2.951346,2.041766,1.19993,6.696456e-08,1.199919,5.723442e-12,2.330358e-12,2.259526e-12,6.551555e-12,2.950973e-12,2.398082e-12
1.55512e-05,2.97,0,1.2,1.629176e-09,2.330427,1.953994,1.131364,8.254632e-08,1.131361,2.951346,2.041766,1.19993,6.697144e-08,1.199919,5.723463e-12,2.33058e-12,2.259526e-12,6.55144e-12,2.951417e-12,2.398082e-12
1.59512e-05,2.97,0,1.2,1.629176e-09,2.330427,1.953994,1.131364,8.253605e-08,1.131361,2.951346,2.041766,1.19993,6.696397e-08,1.199919,5.723406e-12,2.33058e-12,2.259526e-12,6.551459e-12,2.950973e-12,2.399858e-12
1.63512e-05,2.97,0,1.2,1.629176e-09,2.330427,1.953994,1.131364,8.253252e-08,1.131361,2.951346,2.041766,1.19993,6.696473e-08,1.199919,5.72311e-12,2.330358e-12,2.25775e-12,6.551592e-12,2.951417e-12,2.399858e-12
1.67512e-05,2.97,0,1.2,1.629176e-09,2.330427,1.953994,1.131364,8.254156e-08,1.131361,2.951346,2.041766,1.19993,6.697039e-08,1.199919,5.722851e-12,2.330358e-12,2.261302e-12,6.551486e-12,2.951417e-12,2.399858e-12
1.71512e-05,2.97,0,1.2,1.629176e-09,2.330427,1.953994,1.131364,8.254436e-08,1.131361,2.951346,2.041766,1.19993,6.69637e-08,1.199919,5.72287e-12,2.330358e-12,2.259526e-12,6.551828e-12,2.950973e-12,2.396305e-12
1.75512e-05,2.97,0,1.2,1.629176e-09,2.330427,1.953994,1.131364,8.253481e-08,1.131361,2.951346,2.041766,1.19993,6.696458e-08,1.199919,5.722712e-12,2.330358e-12,2.25775e-12,6.551735e-12,2.951417e-12,2.398082e-12
1.79512e-05,2.97,0,1.2,1.629176e-09,2.330427,1.953994,1.131364,8.252724e-08,1.131361,2.951346,2.041766,1.19993,6.696364e-08,1.199919,5.722845e-12,2.330358e-12,2.261302e-12,6.551626e-12,2.950973e-12,2.396305e-12
1.83512e-05,2.97,0,1.2,1.629176e-09,2.330427,1.953994,1.131364,8.253327e-08,1.131361,2.951346,2.041766,1.19993,6.697027e-08,1.199919,5.722718e-12,2.33058e-12,2.261302e-12,6.551493e-12,2.950973e-12,2.398082e-12
1.87512e-05,2.97,0,1.2,1.629176e-09,2.330427,1.953994,1.131364,8.25351e-08,1.131361,2.951346,2.041766,1.19993,6.696455e-08,1.199919,5.722789e-12,2.33058e-12,2.259526e-12,6.551761e-12,2.950973e-12,2.396305e-12
1.91512e-05,2.97,0,1.2,1.629176e-09,2.330427,1.953994,1.131364,8.25268e-08,1.131361,2.951346,2.041766,1.19993,6.696823e-08,1.199919,5.72284e-12,2.33058e-12,2.261302e-12,6.551727e-12,2.950973e-12,2.398082e-12
1.95512e-05,2.97,0,1.2,1.629176e-09,2.330427,1.953994,1.131364,8.252418e-08,1.131361,2.951346,2.041766,1.19993,6.696506e-08,1.199919,5.722823e-12,2.330358e-12,2.261302e-12,6.55148e-12,2.950973e-12,2.399858e-12
1.99512e-05,2.97,0,1.2,1.629176e-09,2.330427,1.953994,1.131364,8.252428e-08,1.131361,2.951346,2.041766,1.19993,6.697264e-08,1.199919,5.722857e-12,2.330358e-12,2.259526e-12,6.551491e-12,2.950973e-12,2.396305e-12
2.00064e-05,2.97,1.901439,1.2,-4.803502e-08,2.330466,1.952735,1.091679,-0.006650173,0.007196676,2.951345,2.041544,1.189612,-0.001821613,0.007795494,2.023014e-09,1.78179e-09,4.93443e-07,1.140491e-10,8.247976e-10,1.208832e-07
2.000908e-05,2.97,2.697838,1.2,1.208565e-07,2.330897,1.951812,1.0624,-0.006807824,0.002903649,2.951345,2.041372,1.181649,-0.001381964,0.002407016,1.999319e-09,1.239838e-09,4.885313e-07,1.047766e-10,3.44226e-10,1.328617e-07
2.00141e-05,2.97,2.97,1.2,1.36345e-07,2.331322,1.950098,1.009516,-0.007803225,-8.016131e-05,2.951344,2.041052,1.166816,-0.001378311,-0.0001154788,9.394822e-10,-1.189449e-11,4.788702e-07,9.651151e-11,-2.162448e-11,1.407468e-07
2.00765e-05,2.97,2.97,1.2,8.28711e-07,2.077528,1.934568,0.855983,-0.0006414322,-8.440193e-05,2.951289,2.037256,1.004103,-0.001754058,-0.0001110268,5.009657e-07,-3.677562e-09,5.370342e-07,3.722621e-08,-2.594014e-11,1.420996e-07
2.031148e-05,2.97,2.97,1.2,2.133087e-06,1.944039,2.110927,0.987062,0.0006952042,-7.486311e-05,2.946287,2.035565,0.960766,-2.812627e-06,-0.0001107346,6.597686e-07,-2.014919e-10,6.322983e-07,2.182939e-07,-3.597922e-11,2.176816e-07
2.067099e-05,2.97,2.97,1.2,4.084227e-06,1.926629,2.504134,1.288266,0.0004683784,-5.448783e-05,2.938033,2.034825,0.9602464,-3.72805e-06,-0.0001098961,8.933074e-07,-2.348337e-10,8.305955e-07,2.176668e-07,-3.5834e-11,2.175224e-07
2.107099e-05,2.97,2.97,1.2,6.240788e-06,1.923171,2.75506,1.48776,-1.411069e-05,-4.103045e-05,2.928838,2.033745,0.9594248,-4.202895e-06,-0.0001093172,9.321827e-07,-1.604712e-10,9.348778e-07,2.173319e-07,-3.575007e-11,2.173139e-07
2.147099e-05,2.97,2.97,1.2,8.308837e-06,1.924159,2.725687,1.464681,-1.583402e-05,-4.201292e-05,2.919622,2.032478,0.9584515,-4.54249e-06,-0.0001086002,9.174432e-07,-1.606317e-10,9.203185e-07,2.170438e-07,-3.567235e-11,2.170774e-07
2.187099e-05,2.97,2.97,1.2,1.030349e-05,1.92515,2.695973,1.441356,-1.662306e-05,-4.30136e-05,2.910383,2.031079,0.9573745,-4.777202e-06,-0.0001078897,9.027632e-07,-1.60393e-10,9.056531e-07,2.167613e-07,-3.559597e-11,2.168218e-07
2.227099e-05,2.97,2.97,1.2,1.223027e-05,1.926143,2.666464,1.418223,-1.718373e-05,-4.400389e-05,2.901122,2.029593,0.9562298,-4.93078e-06,-0.000107185,8.882401e-07,-1.602469e-10,8.911171e-07,2.164784e-07,-3.551959e-11,2.165541e-07
2.267099e-05,2.97,2.97,1.2,1.409423e-05,1.927133,2.637307,1.395394,-1.765234e-05,-4.497623e-05,2.891839,2.028056,0.9550453,-5.0218e-06,-0.0001064853,8.739161e-07,-1.60115e-10,8.767761e-07,2.161955e-07,-3.544498e-11,2.1628e-07
2.307099e-05,2.97,2.97,1.2,1.589994e-05,1.928119,2.608577,1.37293,-1.806546e-05,-4.592678e-05,2.882534,2.026495,0.9538419,-5.066322e-06,-0.0001057902,8.5982e-07,-1.599836e-10,8.62666e-07,2.159143e-07,-3.537037e-11,2.160035e-07
2.347099e-05,2.97,2.97,1.2,1.765157e-05,1.929096,2.580344,1.350884,-1.84239e-05,-4.685192e-05,2.873206,2.024929,0.9526345,-5.077994e-06,-0.0001050992,8.45985e-07,-1.598539e-10,8.488214e-07,2.156361e-07,-3.529665e-11,2.157275e-07
2.387099e-05,2.97,2.97,1.2,1.935292e-05,1.930063,2.55271,1.329335,-1.870041e-05,-4.774659e-05,2.863856,2.023372,0.9514334,-5.067148e-06,-0.0001044121,8.324642e-07,-1.597313e-10,8.352923e-07,2.153619e-07,-3.522338e-11,2.154538e-07
2.427099e-05,2.97,2.97,1.2,2.100745e-05,1.93101,2.52584,1.308408,-1.883252e-05,-4.860245e-05,2.854483,2.021832,0.9502452,-5.041363e-06,-0.0001037287,8.193501e-07,-1.596259e-10,8.221608e-07,2.150923e-07,-3.515144e-11,2.151836e-07
2.467099e-05,2.97,2.97,1.2,2.261834e-05,1.931927,2.50001,1.288315,-1.870034e-05,-4.940561e-05,2.845089,2.020315,0.9490743,-5.006258e-06,-0.0001030489,8.068046e-07,-1.595537e-10,8.095643e-07,2.148276e-07,-3.508038e-11,2.149176e-07
2.507099e-05,2.97,2.97,1.2,2.418859e-05,1.932788,2.475738,1.269453,-1.797271e-05,-5.013005e-05,2.835671,2.018823,0.9479228,-4.965891e-06,-0.0001023726,7.951527e-07,-1.59557e-10,7.977636e-07,2.14568e-07,-3.501022e-11,2.146563e-07
2.547099e-05,2.97,2.97,1.2,2.572115e-05,1.933541,2.454223,1.252742,-1.595743e-05,-5.071535e-05,2.826231,2.017359,0.9467919,-4.9229e-06,-0.0001016997,7.850841e-07,-1.596874e-10,7.873612e-07,2.143135e-07,-3.494049e-11,2.143997e-07
2.587099e-05,2.97,2.97,1.2,2.7219e-05,1.934148,2.436691,1.239132,-1.327571e-05,-5.109915e-05,2.816768,2.015922,0.945682,-4.87932e-06,-0.0001010303,7.770431e-07,-1.598321e-10,7.789243e-07,2.140639e-07,-3.487211e-11,2.141478e-07
2.627099e-05,2.97,2.97,1.2,2.868485e-05,1.934619,2.42304,1.228541,-1.072777e-05,-5.128682e-05,2.807282,2.014512,0.9445928,-4.835899e-06,-0.0001003643,7.708398e-07,-1.599421e-10,7.723711e-07,2.138191e-07,-3.480505e-11,2.139007e-07
2.667099e-05,2.97,2.97,1.2,3.012112e-05,1.934975,2.412724,1.22054,-8.47215e-06,-5.130646e-05,2.797774,2.013129,0.9435236,-4.793887e-06,-9.970168e-05,7.661901e-07,-1.600111e-10,7.674291e-07,2.135788e-07,-3.473843e-11,2.13658e-07
2.707099e-05,2.97,2.97,1.2,3.152992e-05,1.935236,2.405128,1.214652,-6.614579e-06,-5.118945e-05,2.788242,2.011771,0.9424738,-4.753385e-06,-9.904247e-05,7.627869e-07,-1.60036e-10,7.637961e-07,2.133429e-07,-3.467271e-11,2.134197e-07
2.747099e-05,2.97,2.97,1.2,3.291308e-05,1.935425,2.399635,1.210394,-5.162832e-06,-5.096732e-05,2.778687,2.010437,0.9414425,-4.71524e-06,-9.838667e-05,7.603347e-07,-1.600202e-10,7.611714e-07,2.13111e-07,-3.460787e-11,2.131854e-07
2.787099e-05,2.97,2.97,1.2,3.427219e-05,1.93556,2.395707,1.20735,-4.085855e-06,-5.066752e-05,2.769109,2.009127,0.9404286,-4.679063e-06,-9.773427e-05,7.585842e-07,-1.599727e-10,7.59295e-07,2.12883e-07,-3.454348e-11,2.12955e-07
2.827099e-05,2.97,2.97,1.2,3.560862e-05,1.935656,2.392915,1.205187,-3.296799e-06,-5.031179e-05,2.759508,2.007838,0.9394311,-4.645177e-06,-9.708527e-05,7.573413e-07,-1.598996e-10,7.579616e-07,2.126586e-07,-3.448042e-11,2.127283e-07
2.867099e-05,2.97,2.97,1.2,3.692357e-05,1.935724,2.390938,1.203655,-2.726074e-06,-4.991652e-05,2.749884,2.006569,0.9384491,-4.613689e-06,-9.643967e-05,7.564617e-07,-1.598082e-10,7.570172e-07,2.124376e-07,-3.441825e-11,2.125049e-07
2.907099e-05,2.97,2.97,1.2,3.821809e-05,1.935772,2.389541,1.202573,-2.312578e-06,-4.949365e-05,2.740236,2.005319,0.9374817,-4.584283e-06,-9.579749e-05,7.558402e-07,-1.59704e-10,7.563495e-07,2.122197e-07,-3.435607e-11,2.122848e-07
2.947099e-05,2.97,2.97,1.2,3.949312e-05,1.935806,2.388555,1.20181,-2.01399e-06,-4.905176e-05,2.730566,2.004087,0.9365279,-4.55702e-06,-9.51587e-05,7.554016e-07,-1.595908e-10,7.558778e-07,2.120048e-07,-3.429568e-11,2.120677e-07
2.987099e-05,2.97,2.97,1.2,4.074949e-05,1.93583,2.38786,1.201271,-1.799367e-06,-4.859697e-05,2.720872,2.002872,0.9355869,-4.531816e-06,-9.452333e-05,7.550922e-07,-1.594718e-10,7.555446e-07,2.117927e-07,-3.423573e-11,2.118535e-07
3.027099e-05,2.97,2.97,1.2,4.198792e-05,1.935847,2.38737,1.200891,-1.645338e-06,-4.813362e-05,2.711154,2.001673,0.9346578,-4.508578e-06,-9.389136e-05,7.54874e-07,-1.593492e-10,7.553093e-07,2.115833e-07,-3.417622e-11,2.116419e-07
3.067099e-05,2.97,2.97,1.2,4.32091e-05,1.935859,2.387024,1.200624,-1.534669e-06,-4.766477e-05,2.701413,2.000488,0.93374,-4.487192e-06,-9.326279e-05,7.547202e-07,-1.59224e-10,7.55143e-07,2.113762e-07,-3.411804e-11,2.114327e-07
3.107099e-05,2.97,2.97,1.2,4.441362e-05,1.935867,2.386781,1.200435,-1.454897e-06,-4.719258e-05,2.691649,1.999318,0.9328326,-4.467787e-06,-9.263761e-05,7.546118e-07,-1.590974e-10,7.550253e-07,2.111714e-07,-3.405942e-11,2.112259e-07
3.147099e-05,2.97,2.97,1.2,4.560204e-05,1.935873,2.386609,1.200302,-1.39705e-06,-4.671858e-05,2.681862,1.99816,0.931935,-4.449959e-06,-9.201584e-05,7.545353e-07,-1.589695e-10,7.549419e-07,2.109687e-07,-3.400258e-11,2.110213e-07
3.187099e-05,2.97,2.97,1.2,4.677484e-05,1.935877,2.386489,1.200209,-1.35473e-06,-4.624385e-05,2.672051,1.997014,0.9310466,-4.43374e-06,-9.139745e-05,7.544814e-07,-1.588414e-10,7.548826e-07,2.107681e-07,-3.394574e-11,2.108186e-07
3.227099e-05,2.97,2.97,1.2,4.793248e-05,1.93588,2.386403,1.200143,-1.32338e-06,-4.576912e-05,2.662217,1.995879,0.9301667,-4.418949e-06,-9.078244e-05,7.544433e-07,-1.587128e-10,7.548404e-07,2.105693e-07,-3.388934e-11,2.106179e-07
3.267099e-05,2.97,2.97,1.2,4.907539e-05,1.935882,2.386343,1.200096,-1.299781e-06,-4.529494e-05,2.65236,1.994755,0.9292948,-4.405737e-06,-9.017081e-05,7.544165e-07,-1.585843e-10,7.548102e-07,2.103722e-07,-3.383427e-11,2.104189e-07
3.307099e-05,2.97,2.97,1.2,5.020393e-05,1.935884,2.386301,1.200064,-1.28168e-06,-4.482167e-05,2.642479,1.993641,0.9284303,-4.393995e-06,-8.956255e-05,7.543975e-07,-1.584561e-10,7.547885e-07,2.101767e-07,-3.378009e-11,2.102216e-07
3.347099e-05,2.97,2.97,1.2,5.131848e-05,1.935885,2.386271,1.200041,-1.26744e-06,-4.434957e-05,2.632576,1.992536,0.9275728,-4.383515e-06,-8.895764e-05,7.543841e-07,-1.583278e-10,7.547727e-07,2.099827e-07,-3.372591e-11,2.100259e-07
3.387099e-05,2.97,2.97,1.2,5.241936e-05,1.935886,2.38625,1.200024,-1.255942e-06,-4.387883e-05,2.622649,1.991439,0.9267217,-4.374279e-06,-8.835609e-05,7.543746e-07,-1.582001e-10,7.547611e-07,2.097902e-07,-3.367262e-11,2.098315e-07
3.427099e-05,2.97,2.97,1.2,5.350686e-05,1.935886,2.386236,1.200013,-1.246352e-06,-4.340956e-05,2.612699,1.99035,0.9258766,-4.366267e-06,-8.775788e-05,7.543678e-07,-1.580727e-10,7.547525e-07,2.095989e-07,-3.362022e-11,2.096385e-07
3.467099e-05,2.97,2.97,1.2,5.458129e-05,1.935886,2.386225,1.200005,-1.238138e-06,-4.294187e-05,2.602726,1.989269,0.9250372,-4.359623e-06,-8.716301e-05,7.54363e-07,-1.579457e-10,7.54746e-07,2.094088e-07,-3.356782e-11,2.094468e-07
3.507099e-05,2.97,2.97,1.2,5.56429e-05,1.935887,2.386218,1.199999,-1.230898e-06,-4.247579e-05,2.59273,1.988194,0.9242029,-4.354196e-06,-8.657146e-05,7.543596e-07,-1.578191e-10,7.547409e-07,2.092198e-07,-3.351586e-11,2.092561e-07
3.547099e-05,2.97,2.97,1.2,5.669194e-05,1.935887,2.386213,1.199995,-1.224344e-06,-4.201138e-05,2.582711,1.987126,0.9233733,-4.349707e-06,-8.598322e-05,7.543571e-07,-1.57693e-10,7.547369e-07,2.090319e-07,-3.346567e-11,2.090666e-07
3.587099e-05,2.97,2.97,1.2,5.772865e-05,1.935887,2.386209,1.199992,-1.218282e-06,-4.154865e-05,2.572669,1.986063,0.9225482,-4.346471e-06,-8.539828e-05,7.543553e-07,-1.575671e-10,7.547335e-07,2.088449e-07,-3.34146e-11,2.08878e-07
3.627099e-05,2.97,2.97,1.2,5.875325e-05,1.935887,2.386207,1.19999,-1.212581e-06,-4.108763e-05,2.562604,1.985006,0.921727,-4.344401e-06,-8.481664e-05,7.54354e-07,-1.574418e-10,7.547308e-07,2.086588e-07,-3.336531e-11,2.086903e-07
3.667099e-05,2.97,2.97,1.2,5.976594e-05,1.935887,2.386205,1.199989,-1.207102e-06,-4.062833e-05,2.552517,1.983953,0.9209095,-4.343361e-06,-8.423829e-05,7.54353e-07,-1.57317e-10,7.547284e-07,2.084734e-07,-3.331646e-11,2.085034e-07
3.707099e-05,2.97,2.97,1.2,6.076694e-05,1.935887,2.386204,1.199988,-1.20183e-06,-4.017074e-05,2.542407,1.982905,0.9200952,-4.343727e-06,-8.36632e-05,7.543523e-07,-1.571929e-10,7.547262e-07,2.082887e-07,-3.326761e-11,2.083172e-07
3.747099e-05,2.97,2.97,1.2,6.175642e-05,1.935887,2.386203,1.199987,-1.196682e-06,-3.971488e-05,2.532274,1.981861,0.9192838,-4.345141e-06,-8.309138e-05,7.543517e-07,-1.57069e-10,7.547242e-07,2.081046e-07,-3.321921e-11,2.081317e-07
3.787099e-05,2.97,2.97,1.2,6.273457e-05,1.935887,2.386202,1.199987,-1.19165e-06,-3.926073e-05,2.522119,1.98082,0.9184749,-4.347999e-06,-8.252281e-05,7.543513e-07,-1.569453e-10,7.547224e-07,2.07921e-07,-3.317169e-11,2.079466e-07
3.827099e-05,2.97,2.97,1.2,6.370155e-05,1.935887,2.386202,1.199986,-1.186676e-06,-3.880831e-05,2.511941,1.979781,0.9176681,-4.351748e-06,-8.195748e-05,7.543509e-07,-1.568228e-10,7.547207e-07,2.077378e-07,-3.312484e-11,2.077621e-07
3.867099e-05,2.97,2.97,1.2,6.465754e-05,1.935887,2.386201,1.199986,-1.181754e-06,-3.835759e-05,2.501741,1.978745,0.9168631,-4.357191e-06,-8.139539e-05,7.543506e-07,-1.567002e-10,7.54719e-07,2.07555e-07,-3.307732e-11,2.075779e-07
3.907099e-05,2.97,2.97,1.2,6.56027e-05,1.935887,2.386201,1.199986,-1.176906e-06,-3.790858e-05,2.491518,1.977711,0.9160593,-4.363897e-06,-8.083653e-05,7.543503e-07,-1.565783e-10,7.547174e-07,2.073724e-07,-3.303069e-11,2.07394e-07
3.947099e-05,2.97,2.97,1.2,6.653717e-05,1.935887,2.386201,1.199986,-1.172085e-06,-3.746128e-05,2.481274,1.976678,0.9152564,-4.372566e-06,-8.028088e-05,7.543501e-07,-1.564566e-10,7.547158e-07,2.071898e-07,-3.298495e-11,2.072102e-07
3.987099e-05,2.97,2.97,1.2,6.74611e-05,1.935887,2.386201,1.199986,-1.167283e-06,-3.701567e-05,2.471008,1.975645,0.9144538,-4.382911e-06,-7.972845e-05,7.543499e-07,-1.563361e-10,7.547142e-07,2.070073e-07,-3.293965e-11,2.070265e-07
4.027099e-05,2.97,2.97,1.2,6.837464e-05,1.935887,2.386201,1.199986,-1.162512e-06,-3.657176e-05,2.46072,1.974612,0.913651,-4.394933e-06,-7.917922e-05,7.543497e-07,-1.562153e-10,7.547127e-07,2.068246e-07,-3.289435e-11,2.068427e-07
4.067099e-05,2.97,2.97,1.2,6.927792e-05,1.935887,2.386201,1.199986,-1.157791e-06,-3.612953e-05,2.45041,1.973578,0.9128474,-4.40948e-06,-7.86332e-05,7.543495e-07,-1.560954e-10,7.547112e-07,2.066416e-07,-3.284972e-11,2.066586e-07
4.107099e-05,2.97,2.97,1.2,7.017108e-05,1.935887,2.386201,1.199986,-1.153076e-06,-3.568898e-05,2.440079,1.972542,0.9120424,-4.426222e-06,-7.809038e-05,7.543493e-07,-1.559757e-10,7.547097e-07,2.064582e-07,-3.280465e-11,2.064742e-07
4.147099e-05,2.97,2.97,1.2,7.105425e-05,1.935887,2.386201,1.199986,-1.148377e-06,-3.525011e-05,2.429727,1.971503,0.9112352,-4.445964e-06,-7.755076e-05,7.543491e-07,-1.558564e-10,7.547082e-07,2.062742e-07,-3.276046e-11,2.062893e-07
4.187099e-05,2.97,2.97,1.2,7.192756e-05,1.935887,2.386201,1.199986,-1.143708e-06,-3.48129e-05,2.419354,1.97046,0.910425,-4.468676e-06,-7.701434e-05,7.543489e-07,-1.557376e-10,7.547067e-07,2.060893e-07,-3.271561e-11,2.061035e-07
4.227099e-05,2.97,2.97,1.2,7.279112e-05,1.935887,2.386201,1.199986,-1.139057e-06,-3.437736e-05,2.40896,1.969412,0.9096109,-4.494791e-06,-7.648112e-05,7.543487e-07,-1.556193e-10,7.547052e-07,2.059033e-07,-3.26712e-11,2.059168e-07
4.267099e-05,2.97,2.97,1.2,7.364506e-05,1.935887,2.386201,1.199986,-1.134419e-06,-3.394347e-05,2.398546,1.968357,0.9087919,-4.524812e-06,-7.595111e-05,7.543486e-07,-1.555014e-10,7.547037e-07,2.057161e-07,-3.262679e-11,2.05729e-07
4.307099e-05,2.97,2.97,1.2,7.448949e-05,1.935887,2.386201,1.199986,-1.129804e-06,-3.351123e-05,2.388112,1.967295,0.9079669,-4.559117e-06,-7.542433e-05,7.543484e-07,-1.553839e-10,7.547023e-07,2.055273e-07,-3.258194e-11,2.055396e-07
4.347099e-05,2.97,2.97,1.2,7.532454e-05,1.935887,2.386201,1.199986,-1.125199e-06,-3.308063e-05,2.377659,1.966222,0.9071346,-4.598039e-06,-7.490078e-05,7.543482e-07,-1.552671e-10,7.547008e-07,2.053366e-07,-3.253686e-11,2.053485e-07
4.387099e-05,2.97,2.97,1.2,7.615031e-05,1.935887,2.386201,1.199986,-1.120626e-06,-3.265167e-05,2.367187,1.965139,0.9062939,-4.669916e-06,-7.438047e-05,7.543481e-07,-1.551508e-10,7.546994e-07,2.051437e-07,-3.249068e-11,2.051553e-07
4.427099e-05,2.97,2.97,1.2,7.696692e-05,1.935887,2.386201,1.199986,-1.116066e-06,-3.222434e-05,2.356697,1.964042,0.9054431,-4.718158e-06,-7.386343e-05,7.543479e-07,-1.550347e-10,7.546979e-07,2.049483e-07,-3.244427e-11,2.049598e-07
4.467099e-05,2.97,2.97,1.2,7.777447e-05,1.935887,2.386201,1.199986,-1.11151e-06,-3.179863e-05,2.346189,1.962931,0.9045811,-4.773493e-06,-7.334966e-05,7.543478e-07,-1.549192e-10,7.546965e-07,2.047501e-07,-3.239675e-11,2.047615e-07
4.507099e-05,2.97,2.97,1.2,7.857306e-05,1.935887,2.386201,1.199986,-1.10699e-06,-3.137454e-05,2.335665,1.961802,0.9037064,-4.833725e-06,-7.283919e-05,7.543476e-07,-1.548039e-10,7.546951e-07,2.045489e-07,-3.234724e-11,2.045603e-07
4.547099e-05,2.97,2.97,1.2,7.936281e-05,1.935887,2.386201,1.199986,-1.10248e-06,-3.095206e-05,2.325126,1.960656,0.9028181,-4.897587e-06,-7.233201e-05,7.543474e-07,-1.546892e-10,7.546936e-07,2.043444e-07,-3.229572e-11,2.043559e-07
4.587099e-05,2.97,2.97,1.2,8.014382e-05,1.935887,2.386201,1.199986,-1.097981e-06,-3.053119e-05,2.314573,1.95949,0.9019155,-4.963247e-06,-7.182814e-05,7.543473e-07,-1.54575e-10,7.546922e-07,2.041367e-07,-3.224199e-11,2.041483e-07
4.627099e-05,2.97,2.97,1.2,8.091618e-05,1.935887,2.386201,1.199986,-1.093502e-06,-3.011191e-05,2.304009,1.958306,0.9009989,-5.026756e-06,-7.132753e-05,7.543471e-07,-1.544611e-10,7.546908e-07,2.03926e-07,-3.218381e-11,2.039376e-07
4.667099e-05,2.97,2.97,1.2,8.168e-05,1.935887,2.386201,1.199986,-1.089048e-06,-2.969423e-05,2.293435,1.957106,0.9000699,-5.081695e-06,-7.083014e-05,7.543469e-07,-1.543479e-10,7.546894e-07,2.037131e-07,-3.212097e-11,2.037245e-07
4.707099e-05,2.97,2.97,1.2,8.243537e-05,1.935887,2.386201,1.199986,-1.084611e-06,-2.927814e-05,2.282855,1.955895,0.8991326,-5.118496e-06,-7.033586e-05,7.543468e-07,-1.542348e-10,7.54688e-07,2.034994e-07,-3.205147e-11,2.0351e-07
4.747099e-05,2.97,2.97,1.2,8.31824e-05,1.935887,2.386201,1.199986,-1.080178e-06,-2.886363e-05,2.272272,1.954683,0.8981943,-5.121497e-06,-6.98445e-05,7.543466e-07,-1.541223e-10,7.546866e-07,2.032874e-07,-3.197376e-11,2.032963e-07
4.787099e-05,2.97,2.97,1.2,8.392116e-05,1.935887,2.386201,1.199986,-1.075778e-06,-2.845069e-05,2.261693,1.953486,0.8972674,-5.068143e-06,-6.935575e-05,7.543465e-07,-1.540101e-10,7.546852e-07,2.030812e-07,-3.188383e-11,2.030869e-07
4.827099e-05,2.97,2.97,1.2,8.465177e-05,1.935887,2.386201,1.199986,-1.071377e-06,-2.803932e-05,2.251124,1.952333,0.8963724,-4.923974e-06,-6.88691e-05,7.543463e-07,-1.538987e-10,7.546838e-07,2.028871e-07,-3.177814e-11,2.028874e-07
4.867099e-05,2.97,2.97,1.2,8.537431e-05,1.935887,2.386201,1.199986,-1.067002e-06,-2.762952e-05,2.240575,1.951263,0.8955405,-4.639366e-06,-6.838381e-05,7.543462e-07,-1.537872e-10,7.546824e-07,2.02715e-07,-3.165046e-11,2.027063e-07
4.907099e-05,2.97,2.97,1.2,8.608887e-05,1.935887,2.386201,1.199986,-1.062649e-06,-2.722127e-05,2.230058,1.950343,0.8948195,-4.108805e-06,-6.789872e-05,7.54346e-07,-1.536766e-10,7.54681e-07,2.025793e-07,-3.149614e-11,2.025564e-07
4.947099e-05,2.97,2.97,1.2,8.679554e-05,1.935887,2.386201,1.199986,-1.058308e-06,-2.681457e-05,2.21959,1.949664,0.8942795,-3.317808e-06,-6.741217e-05,7.543459e-07,-1.53566e-10,7.546797e-07,2.02501e-07,-3.130229e-11,2.024564e-07
4.987099e-05,2.97,2.97,1.2,8.749441e-05,1.935887,2.386201,1.199986,-1.053981e-06,-2.640942e-05,2.209192,1.949363,0.8940226,-2.080262e-06,-6.692173e-05,7.543457e-07,-1.534561e-10,7.546783e-07,2.025104e-07,-3.105827e-11,2.024334e-07
5.027099e-05,2.97,2.97,1.2,8.818557e-05,1.935887,2.386201,1.199986,-1.049673e-06,-2.600581e-05,2.198894,1.949633,0.8941932,-1.820506e-07,-6.642396e-05,7.543455e-07,-1.533467e-10,7.546769e-07,2.026499e-07,-3.075074e-11,2.02525e-07
5.067099e-05,2.97,2.97,1.2,8.88691e-05,1.935887,2.386201,1.199986,-1.045373e-06,-2.560373e-05,2.188732,1.950741,0.8949923,2.529587e-06,-6.591411e-05,7.543454e-07,-1.532376e-10,7.546756e-07,2.02977e-07,-3.036349e-11,2.027835e-07
5.107099e-05,2.97,2.97,1.2,8.954509e-05,1.935887,2.386201,1.199986,-1.041096e-06,-2.520318e-05,2.178753,1.953049,0.8966921,6.28059e-06,-6.538571e-05,7.543452e-07,-1.531288e-10,7.546742e-07,2.03569e-07,-2.987255e-11,2.032792e-07
5.147099e-05,2.97,2.97,1.2,9.021362e-05,1.935887,2.386201,1.199986,-1.03684e-06,-2.480416e-05,2.169014,1.957035,0.8996521,1.134182e-05,-6.483026e-05,7.543451e-07,-1.530205e-10,7.546729e-07,2.045252e-07,-2.925393e-11,2.041032e-07
5.187099e-05,2.97,2.97,1.2,9.087477e-05,1.935887,2.386201,1.199986,-1.032599e-06,-2.440664e-05,2.159583,1.963306,0.904331,1.787263e-05,-6.423691e-05,7.543449e-07,-1.529128e-10,7.546715e-07,2.059689e-07,-2.848766e-11,2.053703e-07
5.227099e-05,2.97,2.97,1.2,9.152864e-05,1.935887,2.386201,1.199986,-1.028372e-06,-2.401064e-05,2.150536,1.972604,0.9112913,2.587363e-05,-6.359232e-05,7.543448e-07,-1.528053e-10,7.546702e-07,2.080453e-07,-2.755818e-11,2.072188e-07
5.267099e-05,2.97,2.97,1.2,9.217529e-05,1.935887,2.386201,1.199986,-1.02416e-06,-2.361614e-05,2.141957,1.985789,0.9211906,3.506277e-05,-6.288096e-05,7.543446e-07,-1.526981e-10,7.546689e-07,2.109133e-07,-2.646305e-11,2.098064e-07
5.307099e-05,2.97,2.97,1.2,9.281481e-05,1.935887,2.386201,1.199986,-1.019963e-06,-2.322315e-05,2.133923,2.003805,0.9347527,4.47794e-05,-6.208569e-05,7.543445e-07,-1.525915e-10,7.546676e-07,2.147326e-07,-2.521294e-11,2.133018e-07
5.347099e-05,2.97,2.97,1.2,9.344728e-05,1.935887,2.386201,1.199986,-1.015783e-06,-2.283164e-05,2.126503,2.027597,0.9527134,5.397169e-05,-6.11891e-05,7.543443e-07,-1.524851e-10,7.546662e-07,2.196668e-07,-2.384515e-11,2.178684e-07
5.387099e-05,2.97,2.97,1.2,9.407277e-05,1.935887,2.386201,1.199986,-1.011616e-06,-2.244162e-05,2.11974,2.057996,0.9757205,6.132087e-05,-6.017585e-05,7.543442e-07,-1.523797e-10,7.546649e-07,2.259229e-07,-2.241829e-11,2.236361e-07
5.427099e-05,2.97,2.97,1.2,9.469137e-05,1.935887,2.386201,1.199986,-1.007466e-06,-2.205309e-05,2.11365,2.095392,1.004109,6.520104e-05,-5.903801e-05,7.54344e-07,-1.522742e-10,7.546636e-07,2.335275e-07,-2.098344e-11,2.306215e-07
5.467099e-05,2.97,2.97,1.2,9.530314e-05,1.935887,2.386201,1.199986,-1.003336e-06,-2.166603e-05,2.108236,2.138363,1.036899,6.177943e-05,-5.779873e-05,7.543439e-07,-1.521689e-10,7.546623e-07,2.41615e-07,-1.95155e-11,2.38334e-07
5.507099e-05,2.97,2.97,1.2,9.590817e-05,1.935887,2.386201,1.199986,-9.992235e-07,-2.128044e-05,2.103547,2.179439,1.068519,4.485406e-05,-5.658964e-05,7.543437e-07,-1.520648e-10,7.54661e-07,2.476201e-07,-1.787304e-11,2.448676e-07
5.547099e-05,2.97,2.97,1.2,9.650652e-05,1.935887,2.386201,1.199986,-9.951198e-07,-2.089631e-05,2.099674,2.208271,1.090895,2.512672e-05,-5.560156e-05,7.543436e-07,-1.519602e-10,7.546597e-07,2.505657e-07,-1.609934e-11,2.488036e-07
5.587099e-05,2.97,2.97,1.2,9.709828e-05,1.935887,2.386201,1.199986,-9.910333e-07,-2.051365e-05,2.096617,2.225329,1.104157,1.394804e-05,-5.483145e-05,7.543434e-07,-1.518565e-10,7.546584e-07,2.522332e-07,-1.445466e-11,2.510728e-07
5.627099e-05,2.97,2.97,1.2,9.768351e-05,1.935887,2.386201,1.199986,-9.869612e-07,-2.013243e-05,2.094271,2.236446,1.112764,9.740706e-06,-5.417388e-05,7.543433e-07,-1.517531e-10,7.546571e-07,2.536935e-07,-1.308109e-11,2.52735e-07
5.667099e-05,2.97,2.97,1.2,9.826229e-05,1.935887,2.386201,1.199986,-9.829122e-07,-1.975267e-05,2.092492,2.245597,1.119823,8.47995e-06,-5.355543e-05,7.543432e-07,-1.5165e-10,7.546558e-07,2.551801e-07,-1.199285e-11,2.542525e-07
5.707099e-05,2.97,2.97,1.2,9.883469e-05,1.935887,2.386201,1.199986,-9.788657e-07,-1.937435e-05,2.091149,2.254198,1.126452,7.966359e-06,-5.294967e-05,7.54343e-07,-1.515474e-10,7.546546e-07,2.566592e-07,-1.115041e-11,2.557258e-07
5.747099e-05,2.97,2.97,1.2,9.940079e-05,1.935887,2.386201,1.199986,-9.748508e-07,-1.899747e-05,2.090131,2.262535,1.13288,7.556206e-06,-5.235115e-05,7.543429e-07,-1.514455e-10,7.546533e-07,2.580976e-07,-1.050471e-11,2.571601e-07
5.787099e-05,2.97,2.97,1.2,9.996064e-05,1.935887,2.386201,1.199986,-9.708323e-07,-1.862202e-05,2.089354,2.27061,1.139111,7.129539e-06,-5.175978e-05,7.543427e-07,-1.513434e-10,7.54652e-07,2.594806e-07,-1.001044e-11,2.585466e-07
5.827099e-05,2.97,2.97,1.2,0.0001005143,1.935887,2.386201,1.199986,-9.668384e-07,-1.824799e-05,2.088754,2.278376,1.145108,6.670636e-06,-5.117642e-05,7.543426e-07,-1.512421e-10,7.546508e-07,2.607981e-07,-9.629852e-12,2.598758e-07
5.867099e-05,2.97,2.97,1.2,0.0001010619,1.935887,2.386201,1.199986,-9.62872e-07,-1.787539e-05,2.088281,2.285778,1.150828,6.178573e-06,-5.060208e-05,7.543424e-07,-1.511411e-10,7.546495e-07,2.620409e-07,-9.331202e-12,2.611377e-07
5.907099e-05,2.97,2.97,1.2,0.0001016034,1.935887,2.386201,1.199986,-9.589091e-07,-1.75042e-05,2.087903,2.292761,1.156228,5.656206e-06,-5.003777e-05,7.543423e-07,-1.510403e-10,7.546483e-07,2.631996e-07,-9.09095e-12,2.623223e-07
5.947099e-05,2.97,2.97,1.2,0.000102139,1.935887,2.386201,1.199986,-9.549552e-07,-1.713442e-05,2.087595,2.299273,1.161266,5.111647e-06,-4.948442e-05,7.543422e-07,-1.509401e-10,7.54647e-07,2.642668e-07,-8.892664e-12,2.634214e-07
5.987099e-05,2.97,2.97,1.2,0.0001026687,1.935887,2.386201,1.199986,-9.510277e-07,-1.676604e-05,2.08734,2.305273,1.165912,4.557005e-06,-4.894279e-05,7.54342e-07,-1.508405e-10,7.546458e-07,2.652378e-07,-8.723688e-12,2.644288e-07
6.027099e-05,2.97,2.97,1.2,0.0001031925,1.935887,2.386201,1.199986,-9.471023e-07,-1.639907e-05,2.087125,2.310737,1.170145,4.006986e-06,-4.841331e-05,7.543419e-07,-1.50741e-10,7.546445e-07,2.661111e-07,-8.575585e-12,2.653414e-07
6.067099e-05,2.97,2.97,1.2,0.0001037106,1.935887,2.386201,1.199986,-9.432078e-07,-1.603349e-05,2.086943,2.315658,1.173959,3.475908e-06,-4.789614e-05,7.543417e-07,-1.506417e-10,7.546433e-07,2.668886e-07,-8.44147e-12,2.661592e-07
6.107099e-05,2.97,2.97,1.2,0.0001042229,1.935887,2.386201,1.199986,-9.393174e-07,-1.56693e-05,2.086788,2.320046,1.177362,2.975891e-06,-4.739106e-05,7.543416e-07,-1.505429e-10,7.546421e-07,2.67575e-07,-8.318235e-12,2.668854e-07
6.147099e-05,2.97,2.97,1.2,0.0001047296,1.935887,2.386201,1.199986,-9.35435e-07,-1.530649e-05,2.086654,2.323927,1.180372,2.515357e-06,-4.689764e-05,7.543415e-07,-1.504448e-10,7.546409e-07,2.681767e-07,-8.203216e-12,2.675253e-07
6.187099e-05,2.97,2.97,1.2,0.0001052307,1.935887,2.386201,1.199986,-9.315822e-07,-1.494506e-05,2.086539,2.327335,1.183017,2.099039e-06,-4.641521e-05,7.543413e-07,-1.503468e-10,7.546396e-07,2.687014e-07,-8.09508e-12,2.680855e-07
6.227099e-05,2.97,2.97,1.2,0.0001057263,1.935887,2.386201,1.199986,-9.277432e-07,-1.4585e-05,2.08644,2.330312,1.185328,1.728062e-06,-4.594302e-05,7.543412e-07,-1.502491e-10,7.546384e-07,2.691572e-07,-7.991829e-12,2.685736e-07
6.267099e-05,2.97,2.97,1.2,0.0001062165,1.935887,2.386201,1.199986,-9.239069e-07,-1.422631e-05,2.086354,2.332902,1.187339,1.40228e-06,-4.548027e-05,7.543411e-07,-1.501519e-10,7.546372e-07,2.695519e-07,-7.892798e-12,2.689972e-07
6.307099e-05,2.97,2.97,1.2,0.0001067012,1.935887,2.386201,1.199986,-9.200888e-07,-1.386898e-05,2.08628,2.335147,1.189083,1.118046e-06,-4.502614e-05,7.543409e-07,-1.500551e-10,7.54636e-07,2.69893e-07,-7.797762e-12,2.69364e-07
6.347099e-05,2.97,2.97,1.2,0.0001071806,1.935887,2.386201,1.199986,-9.16292e-07,-1.351301e-05,2.086216,2.33709,1.190592,8.709066e-07,-4.457988e-05,7.543408e-07,-1.499587e-10,7.546348e-07,2.701873e-07,-7.706058e-12,2.696808e-07
6.387099e-05,2.97,2.97,1.2,0.0001076547,1.935887,2.386201,1.199986,-9.125024e-07,-1.315839e-05,2.086162,2.338768,1.191895,6.573661e-07,-4.414077e-05,7.543407e-07,-1.498623e-10,7.546336e-07,2.704411e-07,-7.617462e-12,2.69954e-07
6.427099e-05,2.97,2.97,1.2,0.0001081236,1.935887,2.386201,1.199986,-9.087327e-07,-1.280512e-05,2.086114,2.340215,1.19302,4.733742e-07,-4.370817e-05,7.543405e-07,-1.497669e-10,7.546324e-07,2.706597e-07,-7.531975e-12,2.701894e-07
6.467099e-05,2.97,2.97,1.2,0.0001085873,1.935887,2.386201,1.199986,-9.049828e-07,-1.245319e-05,2.086074,2.341463,1.193989,3.154029e-07,-4.328151e-05,7.543404e-07,-1.496716e-10,7.546312e-07,2.708479e-07,-7.448042e-12,2.70392e-07
6.507099e-05,2.97,2.97,1.2,0.0001090459,1.935887,2.386201,1.199986,-9.012354e-07,-1.21026e-05,2.086038,2.342537,1.194824,1.801358e-07,-4.286029e-05,7.543403e-07,-1.495764e-10,7.5463e-07,2.710099e-07,-7.36633e-12,2.705663e-07
6.547099e-05,2.97,2.97,1.2,0.0001094994,1.935887,2.386201,1.199986,-8.975042e-07,-1.175334e-05,2.086008,2.343463,1.195543,6.448548e-08,-4.244405e-05,7.543401e-07,-1.494818e-10,7.546289e-07,2.711493e-07,-7.286394e-12,2.707161e-07
6.587099e-05,2.97,2.97,1.2,0.0001099479,1.935887,2.386201,1.199986,-8.937921e-07,-1.14054e-05,2.085982,2.344259,1.196162,-3.448988e-08,-4.203241e-05,7.5434e-07,-1.493876e-10,7.546277e-07,2.712693e-07,-7.208234e-12,2.708448e-07
6.627099e-05,2.97,2.97,1.2,0.0001103915,1.935887,2.386201,1.199986,-8.900871e-07,-1.105879e-05,2.08596,2.344945,1.196694,-1.196198e-07,-4.162503e-05,7.543399e-07,-1.492937e-10,7.546265e-07,2.713725e-07,-7.131407e-12,2.709554e-07
6.667099e-05,2.97,2.97,1.2,0.0001108303,1.935887,2.386201,1.199986,-8.863958e-07,-1.071349e-05,2.085941,2.345534,1.197153,-1.927732e-07,-4.122161e-05,7.543397e-07,-1.492002e-10,7.546254e-07,2.714613e-07,-7.056133e-12,2.710504e-07
6.707099e-05,2.97,2.97,1.2,0.0001112641,1.935887,2.386201,1.199986,-8.827327e-07,-1.036951e-05,2.085924,2.346042,1.197547,-2.552061e-07,-4.082191e-05,7.543396e-07,-1.491069e-10,7.546242e-07,2.715377e-07,-6.982193e-12,2.711319e-07
6.747099e-05,2.97,2.97,1.2,0.0001116932,1.935887,2.386201,1.199986,-8.790768e-07,-1.002683e-05,2.08591,2.346479,1.197887,-3.084713e-07,-4.042568e-05,7.543395e-07,-1.490139e-10,7.546231e-07,2.716034e-07,-6.908474e-12,2.712018e-07
6.787099e-05,2.97,2.97,1.2,0.0001121176,1.935887,2.386201,1.199986,-8.75429e-07,-9.685449e-06,2.085898,2.346855,1.198179,-3.536316e-07,-4.003275e-05,7.543393e-07,-1.489215e-10,7.546219e-07,2.7166e-07,-6.835643e-12,2.712617e-07
6.827099e-05,2.97,2.97,1.2,0.0001125373,1.935887,2.386201,1.199986,-8.717971e-07,-9.345368e-06,2.085888,2.347178,1.19843,-3.920654e-07,-3.964294e-05,7.543392e-07,-1.488294e-10,7.546208e-07,2.717086e-07,-6.763923e-12,2.713131e-07
6.867099e-05,2.97,2.97,1.2,0.0001129523,1.935887,2.386201,1.199986,-8.681798e-07,-9.006578e-06,2.085878,2.347456,1.198647,-4.244514e-07,-3.925611e-05,7.543391e-07,-1.487377e-10,7.546196e-07,2.717505e-07,-6.693091e-12,2.713571e-07
6.907099e-05,2.97,2.97,1.2,0.0001133628,1.935887,2.386201,1.199986,-8.645725e-07,-8.669075e-06,2.085871,2.347696,1.198833,-4.517953e-07,-3.887213e-05,7.54339e-07,-1.486462e-10,7.546185e-07,2.717865e-07,-6.622258e-12,2.713947e-07
6.947099e-05,2.97,2.97,1.2,0.0001137688,1.935887,2.386201,1.199986,-8.609902e-07,-8.332854e-06,2.085864,2.347902,1.198993,-4.747409e-07,-3.849088e-05,7.543388e-07,-1.485549e-10,7.546173e-07,2.718175e-07,-6.552536e-12,2.714269e-07
6.987099e-05,2.97,2.97,1.2,0.0001141702,1.935887,2.386201,1.199986,-8.574067e-07,-7.99791e-06,2.085858,2.348079,1.199131,-4.939306e-07,-3.811228e-05,7.543387e-07,-1.484646e-10,7.546162e-07,2.718441e-07,-6.483702e-12,2.714544e-07
7.027099e-05,2.97,2.97,1.2,0.0001145673,1.935887,2.386201,1.199986,-8.538445e-07,-7.664238e-06,2.085853,2.348232,1.199249,-5.099057e-07,-3.773623e-05,7.543386e-07,-1.483742e-10,7.546151e-07,2.718671e-07,-6.414869e-12,2.714778e-07
7.067099e-05,2.97,2.97,1.2,0.00011496,1.935887,2.386201,1.199986,-8.502978e-07,-7.331833e-06,2.085849,2.348364,1.199352,-5.231509e-07,-3.736266e-05,7.543384e-07,-1.482841e-10,7.54614e-07,2.718868e-07,-6.346701e-12,2.714978e-07
7.107099e-05,2.97,2.97,1.2,0.0001153483,1.935887,2.386201,1.199986,-8.467626e-07,-7.000691e-06,2.085845,2.348477,1.199439,-5.33921e-07,-3.69915e-05,7.543383e-07,-1.481943e-10,7.546129e-07,2.719038e-07,-6.279199e-12,2.715148e-07
7.147099e-05,2.97,2.97,1.2,0.0001157324,1.935887,2.386201,1.199986,-8.432383e-07,-6.670806e-06,2.085842,2.348574,1.199515,-5.426952e-07,-3.66227e-05,7.543382e-07,-1.481051e-10,7.546117e-07,2.719184e-07,-6.21192e-12,2.715292e-07
7.187099e-05,2.97,2.97,1.2,0.0001161122,1.935887,2.386201,1.199986,-8.397249e-07,-6.342174e-06,2.08584,2.348658,1.19958,-5.497003e-07,-3.62562e-05,7.543381e-07,-1.48016e-10,7.546106e-07,2.71931e-07,-6.145306e-12,2.715414e-07
7.227099e-05,2.97,2.97,1.2,0.0001164878,1.935887,2.386201,1.199986,-8.362338e-07,-6.014789e-06,2.085837,2.34873,1.199636,-5.553001e-07,-3.589196e-05,7.543379e-07,-1.479274e-10,7.546095e-07,2.719418e-07,-6.079581e-12,2.715517e-07
7.267099e-05,2.97,2.97,1.2,0.0001168593,1.935887,2.386201,1.199986,-8.327502e-07,-5.688648e-06,2.085835,2.348792,1.199685,-5.595426e-07,-3.552993e-05,7.543378e-07,-1.478395e-10,7.546084e-07,2.719511e-07,-6.013856e-12,2.715604e-07
7.307099e-05,2.97,2.97,1.2,0.0001172267,1.935887,2.386201,1.199986,-8.292887e-07,-5.363746e-06,2.085834,2.348845,1.199726,-5.626713e-07,-3.517008e-05,7.543377e-07,-1.477514e-10,7.546073e-07,2.719591e-07,-5.948353e-12,2.715677e-07
7.347099e-05,2.97,2.97,1.2,0.00011759,1.935887,2.386201,1.199986,-8.258269e-07,-5.040077e-06,2.085832,2.348891,1.199762,-5.64862e-07,-3.481238e-05,7.543376e-07,-1.476639e-10,7.546063e-07,2.71966e-07,-5.883072e-12,2.715737e-07
7.387099e-05,2.97,2.97,1.2,0.0001179494,1.935887,2.386201,1.199986,-8.223791e-07,-4.717638e-06,2.085831,2.348931,1.199793,-5.662868e-07,-3.445679e-05,7.543374e-07,-1.475766e-10,7.546052e-07,2.719719e-07,-5.819345e-12,2.715787e-07
7.427099e-05,2.97,2.97,1.2,0.0001183047,1.935887,2.386201,1.199986,-8.189501e-07,-4.396423e-06,2.08583,2.348965,1.199819,-5.669196e-07,-3.410329e-05,7.543373e-07,-1.474896e-10,7.546041e-07,2.71977e-07,-5.754952e-12,2.715828e-07
7.467099e-05,2.97,2.97,1.2,0.0001186562,1.935887,2.386201,1.199986,-8.15543e-07,-4.076427e-06,2.085829,2.348994,1.199842,-5.669984e-07,-3.375185e-05,7.543372e-07,-1.47403e-10,7.54603e-07,2.719814e-07,-5.691669e-12,2.715862e-07
7.507099e-05,2.97,2.97,1.2,0.0001190037,1.935887,2.386201,1.199986,-8.12133e-07,-3.757647e-06,2.085828,2.34902,1.199861,-5.665646e-07,-3.340244e-05,7.543371e-07,-1.473168e-10,7.546019e-07,2.719851e-07,-5.628387e-12,2.715889e-07
7.547099e-05,2.97,2.97,1.2,0.0001193474,1.935887,2.386201,1.199986,-8.087431e-07,-3.440077e-06,2.085827,2.349041,1.199878,-5.657063e-07,-3.305506e-05,7.54337e-07,-1.472309e-10,7.546009e-07,2.719884e-07,-5.565326e-12,2.71591e-07
7.587099e-05,2.97,2.97,1.2,0.0001196873,1.935887,2.386201,1.199986,-8.053619e-07,-3.123713e-06,2.085827,2.34906,1.199893,-5.645311e-07,-3.270967e-05,7.543368e-07,-1.47145e-10,7.545998e-07,2.719911e-07,-5.502931e-12,2.715926e-07
7.627099e-05,2.97,2.97,1.2,0.0001200235,1.935887,2.386201,1.199986,-8.020016e-07,-2.808551e-06,2.085826,2.349076,1.199905,-5.629439e-07,-3.236626e-05,7.543367e-07,-1.470599e-10,7.545987e-07,2.719935e-07,-5.440759e-12,2.715939e-07
7.667099e-05,2.97,2.97,1.2,0.0001203559,1.935887,2.386201,1.199986,-7.986445e-07,-2.494585e-06,2.085826,2.34909,1.199916,-5.611427e-07,-3.202482e-05,7.543366e-07,-1.469749e-10,7.545977e-07,2.719956e-07,-5.379031e-12,2.715947e-07
7.707099e-05,2.97,2.97,1.2,0.0001206846,1.935887,2.386201,1.199986,-7.953158e-07,-2.181811e-06,2.085825,2.349102,1.199926,-5.59093e-07,-3.168531e-05,7.543365e-07,-1.468903e-10,7.545966e-07,2.719973e-07,-5.317746e-12,2.715953e-07
7.747099e-05,2.97,2.97,1.2,0.0001210097,1.935887,2.386201,1.199986,-7.919789e-07,-1.870225e-06,2.085825,2.349112,1.199933,-5.568417e-07,-3.134774e-05,7.543364e-07,-1.468059e-10,7.545956e-07,2.719988e-07,-5.256462e-12,2.715955e-07
7.787099e-05,2.97,2.97,1.2,0.0001213312,1.935887,2.386201,1.199986,-7.886716e-07,-1.559822e-06,2.085825,2.349121,1.19994,-5.544247e-07,-3.101208e-05,7.543363e-07,-1.46722e-10,7.545945e-07,2.720001e-07,-5.196288e-12,2.715956e-07
7.827099e-05,2.97,2.97,1.2,0.0001216491,1.935887,2.386201,1.199986,-7.853642e-07,-1.250598e-06,2.085824,2.349129,1.199946,-5.518694e-07,-3.067832e-05,7.543361e-07,-1.466383e-10,7.545935e-07,2.720012e-07,-5.13567e-12,2.715955e-07
7.867099e-05,2.97,2.97,1.2,0.0001219634,1.935887,2.386201,1.199986,-7.82079e-07,-9.42548e-07,2.085824,2.349135,1.199951,-5.492502e-07,-3.034645e-05,7.54336e-07,-1.46555e-10,7.545925e-07,2.720022e-07,-5.075718e-12,2.715952e-07
7.907099e-05,2.97,2.97,1.2,0.000122274,1.935887,2.386201,1.199986,-7.787886e-07,-6.356676e-07,2.085824,2.349141,1.199956,-5.464346e-07,-3.001645e-05,7.543359e-07,-1.464719e-10,7.545914e-07,2.72003e-07,-5.015988e-12,2.715947e-07
7.947099e-05,2.97,2.97,1.2,0.0001225811,1.935887,2.386201,1.199986,-7.755352e-07,-3.299523e-07,2.085824,2.349146,1.19996,-5.435977e-07,-2.968831e-05,7.543358e-07,-1.463891e-10,7.545904e-07,2.720037e-07,-4.956258e-12,2.715942e-07
7.987099e-05,2.97,2.97,1.2,0.0001228847,1.935887,2.386201,1.199986,-7.722834e-07,-2.539777e-08,2.085824,2.34915,1.199963,-5.406654e-07,-2.936202e-05,7.543357e-07,-1.463067e-10,7.545894e-07,2.720043e-07,-4.897416e-12,2.715935e-07
8.027099e-05,2.97,2.97,1.2,0.0001230935,1.935887,2.386201,1.199986,-7.705465e-07,3.323736e-07,2.085824,2.349154,1.199966,-5.387994e-07,-2.900932e-05,7.543355e-07,-1.462248e-10,7.545883e-07,2.720048e-07,-4.839018e-12,2.715927e-07
8.067099e-05,2.97,2.97,1.2,0.0001232286,1.935887,2.386201,1.199986,-7.658819e-07,5.801643e-07,2.085824,2.349157,1.199968,-5.347944e-07,-2.871498e-05,7.543354e-07,-1.461431e-10,7.545873e-07,2.720052e-07,-4.78062e-12,2.715919e-07
8.107099e-05,2.97,2.97,1.2,0.000261945,1.935888,2.3862,1.199986,-7.639092e-07,8.812144e-07,2.085823,2.349159,1.19997,-5.316731e-07,-2.839416e-05,7.543352e-07,-1.460529e-10,7.545862e-07,2.720056e-07,-4.722889e-12,2.71591e-07
8.147099e-05,2.97,2.97,1.2,0.01560159,1.935897,2.386194,1.199981,-7.686558e-07,1.233933e-06,2.085823,2.349162,1.199972,-5.295033e-07,-2.804782e-05,7.543315e-07,-1.459495e-10,7.545819e-07,2.720059e-07,-4.665157e-12,2.715901e-07
8.187099e-05,2.97,2.97,1.2,0.08769267,1.935914,2.386182,1.199971,-7.491154e-07,1.531597e-06,2.085823,2.349164,1.199973,-5.263758e-07,-2.773094e-05,7.54327e-07,-1.459173e-10,7.545756e-07,2.720062e-07,-4.608092e-12,2.715891e-07
8.2182e-05,2.97,2.97,1.2,0.1157489,1.935901,2.386214,1.199996,-6.27003e-07,2.062876e-06,2.085823,2.349165,1.199974,-5.206485e-07,-2.716965e-05,7.54512e-07,-1.287916e-10,7.545948e-07,2.720063e-07,-4.506173e-12,2.71587e-07
8.235873e-05,2.97,2.97,1.2,0.1151842,1.935887,2.386207,1.199991,-7.106087e-07,2.955732e-06,2.085823,2.349166,1.199975,-5.111041e-07,-2.622713e-05,7.545532e-07,-1.246367e-10,7.545931e-07,2.720063e-07,-4.336309e-12,2.715832e-07
8.275873e-05,2.97,2.97,1.2,0.1139164,1.935887,2.386205,1.199989,-7.279081e-07,3.247283e-06,2.085823,2.349167,1.199976,-5.078095e-07,-2.592043e-05,7.545515e-07,-1.245763e-10,7.54591e-07,2.720065e-07,-4.280798e-12,2.715822e-07
8.308545e-05,2.97,2.97,1.2,0.1129212,1.935887,2.386204,1.199988,-7.322375e-07,3.593482e-06,2.085823,2.349168,1.199977,-5.023719e-07,-2.552971e-05,7.545494e-07,-1.246319e-10,7.545892e-07,2.720066e-07,-4.205525e-12,2.715806e-07
8.348545e-05,2.97,2.97,1.2,0.1422453,1.935908,2.386189,1.199977,-7.542647e-07,3.93165e-06,2.085823,2.349169,1.199978,-5.002513e-07,-2.52021e-05,7.5454e-07,-1.245593e-10,7.545805e-07,2.720067e-07,-4.150902e-12,2.715795e-07
8.388545e-05,2.97,2.97,1.2,0.2376028,1.935914,2.386186,1.199975,-7.265629e-07,4.219349e-06,2.085823,2.34917,1.199978,-4.972239e-07,-2.490116e-05,7.54539e-07,-1.247136e-10,7.545788e-07,2.720068e-07,-4.096501e-12,2.715784e-07
8.408051e-05,2.97,2.97,1.2,0.2409899,1.935887,2.386216,1.199998,-7.688046e-07,5.527801e-06,2.085823,2.34917,1.199979,-4.827517e-07,-2.35416e-05,7.548662e-07,-9.30529e-11,7.546022e-07,2.720067e-07,-3.85092e-12,2.715729e-07
8.424349e-05,2.97,2.97,1.2,0.239905,1.935885,2.386209,1.199992,-7.150613e-07,7.02552e-06,2.085823,2.349171,1.199979,-4.666809e-07,-2.199671e-05,7.548498e-07,-9.471224e-11,7.54595e-07,2.720066e-07,-3.571365e-12,2.715665e-07
8.464349e-05,2.97,2.97,1.2,0.2374648,1.935887,2.386206,1.19999,-7.150084e-07,7.301341e-06,2.085823,2.349171,1.19998,-4.636069e-07,-2.171369e-05,7.548441e-07,-9.499912e-11,7.545923e-07,2.720066e-07,-3.520295e-12,2.715654e-07
8.500191e-05,2.97,2.97,1.2,0.2429478,1.935889,2.386203,1.199988,-7.10509e-07,7.581922e-06,2.085823,2.349172,1.19998,-4.590291e-07,-2.140191e-05,7.548337e-07,-9.580692e-11,7.545895e-07,2.720067e-07,-3.460343e-12,2.715642e-07
8.540191e-05,2.97,2.97,1.2,0.2501209,1.935889,2.386202,1.199987,-7.015318e-07,7.855943e-06,2.085823,2.349173,1.19998,-4.561516e-07,-2.112204e-05,7.548301e-07,-9.605405e-11,7.54588e-07,2.720067e-07,-3.409939e-12,2.715631e-07
8.580191e-05,2.97,2.97,1.2,0.2576291,1.935889,2.386202,1.199987,-6.978411e-07,8.128906e-06,2.085823,2.349173,1.199981,-4.532461e-07,-2.084375e-05,7.548258e-07,-9.635692e-11,7.545866e-07,2.720068e-07,-3.359535e-12,2.71562e-07
8.620191e-05,2.97,2.97,1.2,0.2652137,1.935889,2.386201,1.199986,-6.950261e-07,8.400848e-06,2.085823,2.349173,1.199981,-4.50398e-07,-2.056701e-05,7.548215e-07,-9.668155e-11,7.545853e-07,2.720068e-07,-3.309575e-12,2.715609e-07
8.660191e-05,2.97,2.97,1.2,0.2729596,1.935889,2.386201,1.199986,-6.921759e-07,8.671733e-06,2.085823,2.349174,1.199981,-4.473753e-07,-2.029183e-05,7.54817e-07,-9.701018e-11,7.54584e-07,2.720068e-07,-3.259837e-12,2.715599e-07
8.700191e-05,2.97,2.97,1.2,0.2818693,1.935889,2.386201,1.199986,-6.894573e-07,8.941566e-06,2.085823,2.349174,1.199982,-4.445978e-07,-2.001818e-05,7.548126e-07,-9.733991e-11,7.545827e-07,2.720068e-07,-3.210543e-12,2.715588e-07
8.740191e-05,2.97,2.97,1.2,0.2916694,1.935889,2.386201,1.199986,-6.856335e-07,9.210393e-06,2.085823,2.349174,1.199982,-4.417942e-07,-1.974606e-05,7.548084e-07,-9.766632e-11,7.545816e-07,2.720068e-07,-3.161249e-12,2.715577e-07
8.780191e-05,2.97,2.97,1.2,0.2949606,1.935885,2.386203,1.199988,-6.824969e-07,9.520707e-06,2.085823,2.349174,1.199982,-4.397548e-07,-1.945568e-05,7.548057e-07,-9.799495e-11,7.545819e-07,2.720068e-07,-3.112399e-12,2.715566e-07
8.820191e-05,2.97,2.97,1.2,0.2913745,1.935885,2.386203,1.199987,-6.823259e-07,9.787017e-06,2.085823,2.349175,1.199982,-4.369094e-07,-1.918687e-05,7.548007e-07,-9.832535e-11,7.545804e-07,2.720068e-07,-3.064216e-12,2.715555e-07
8.860191e-05,2.97,2.97,1.2,0.2881653,1.935886,2.386202,1.199987,-6.786179e-07,1.001062e-05,2.085823,2.349175,1.199982,-4.33318e-07,-1.893889e-05,7.54796e-07,-9.867218e-11,7.54579e-07,2.720068e-07,-3.016032e-12,2.715544e-07
8.900191e-05,2.97,2.97,1.2,0.2849914,1.935886,2.386201,1.199986,-6.753792e-07,1.027531e-05,2.085823,2.349175,1.199982,-4.305178e-07,-1.867281e-05,7.547916e-07,-9.899881e-11,7.545777e-07,2.720068e-07,-2.967848e-12,2.715533e-07
8.940191e-05,2.97,2.97,1.2,0.2818525,1.935886,2.386201,1.199986,-6.721974e-07,1.053898e-05,2.085823,2.349175,1.199982,-4.277625e-07,-1.840821e-05,7.547874e-07,-9.931767e-11,7.545764e-07,2.720068e-07,-2.920109e-12,2.715523e-07
8.980191e-05,2.97,2.97,1.2,0.2787482,1.935886,2.386201,1.199986,-6.69148e-07,1.080164e-05,2.085823,2.349175,1.199982,-4.249383e-07,-1.81451e-05,7.547832e-07,-9.96323e-11,7.545753e-07,2.720068e-07,-2.872369e-12,2.715512e-07
9.020191e-05,2.97,2.97,1.2,0.2756781,1.935886,2.386201,1.199986,-6.661938e-07,1.106329e-05,2.085823,2.349175,1.199983,-4.222013e-07,-1.788346e-05,7.547791e-07,-9.994472e-11,7.545741e-07,2.720067e-07,-2.825296e-12,2.715501e-07
9.060191e-05,2.97,2.97,1.2,0.2726418,1.935886,2.386201,1.199986,-6.632832e-07,1.132393e-05,2.085823,2.349175,1.199983,-4.193539e-07,-1.762328e-05,7.54775e-07,-1.002558e-10,7.54573e-07,2.720067e-07,-2.778222e-12,2.715491e-07
9.100191e-05,2.97,2.97,1.2,0.269639,1.935886,2.386201,1.199986,-6.604175e-07,1.158357e-05,2.085823,2.349175,1.199983,-4.167003e-07,-1.736456e-05,7.54771e-07,-1.005651e-10,7.545719e-07,2.720067e-07,-2.731815e-12,2.71548e-07
9.140191e-05,2.97,2.97,1.2,0.2666693,1.935886,2.386201,1.199986,-6.575773e-07,1.184221e-05,2.085823,2.349175,1.199983,-4.139556e-07,-1.710729e-05,7.547669e-07,-1.008731e-10,7.545708e-07,2.720067e-07,-2.685629e-12,2.71547e-07
9.180191e-05,2.97,2.97,1.2,0.2637323,1.935886,2.386201,1.199986,-6.547534e-07,1.209986e-05,2.085823,2.349175,1.199983,-4.112453e-07,-1.685145e-05,7.547629e-07,-1.011795e-10,7.545697e-07,2.720067e-07,-2.639444e-12,2.715459e-07
9.220191e-05,2.97,2.97,1.2,0.2608276,1.935886,2.386201,1.199986,-6.519602e-07,1.235651e-05,2.085823,2.349176,1.199983,-4.085434e-07,-1.659705e-05,7.54759e-07,-1.014846e-10,7.545687e-07,2.720066e-07,-2.593703e-12,2.715449e-07
9.260191e-05,2.97,2.97,1.2,0.257955,1.935886,2.3862,1.199986,-6.491646e-07,1.261217e-05,2.085823,2.349176,1.199983,-4.058853e-07,-1.634407e-05,7.54755e-07,-1.017881e-10,7.545676e-07,2.720066e-07,-2.548184e-12,2.715438e-07
9.300191e-05,2.97,2.97,1.2,0.2551138,1.935886,2.3862,1.199986,-6.475882e-07,1.290517e-05,2.085823,2.349176,1.199983,-4.039954e-07,-1.607538e-05,7.547511e-07,-1.020906e-10,7.545665e-07,2.720066e-07,-2.502443e-12,2.715428e-07
9.340191e-05,2.97,2.97,1.2,0.2523135,1.935886,2.3862,1.199986,-6.447146e-07,1.315854e-05,2.085823,2.349176,1.199983,-4.011805e-07,-1.582543e-05,7.547471e-07,-1.023914e-10,7.545655e-07,2.720066e-07,-2.457368e-12,2.715418e-07
9.380191e-05,2.97,2.97,1.2,0.2506347,1.935886,2.3862,1.199985,-6.410626e-07,1.337312e-05,2.085823,2.349176,1.199983,-3.979188e-07,-1.559368e-05,7.547431e-07,-1.026894e-10,7.545643e-07,2.720065e-07,-2.412515e-12,2.715407e-07
9.420191e-05,2.97,2.97,1.2,0.25084,1.935887,2.3862,1.199985,-6.381015e-07,1.362486e-05,2.085823,2.349176,1.199983,-3.952699e-07,-1.534631e-05,7.547392e-07,-1.029838e-10,7.545631e-07,2.720065e-07,-2.36855e-12,2.715397e-07
9.460191e-05,2.97,2.97,1.2,0.2521156,1.935887,2.3862,1.199985,-6.351971e-07,1.387564e-05,2.085823,2.349176,1.199983,-3.926909e-07,-1.510032e-05,7.547354e-07,-1.032772e-10,7.545621e-07,2.720065e-07,-2.323697e-12,2.715387e-07
9.500191e-05,2.97,2.97,1.2,0.2537532,1.935887,2.3862,1.199985,-6.324584e-07,1.412545e-05,2.085823,2.349176,1.199983,-3.900813e-07,-1.485571e-05,7.547316e-07,-1.035714e-10,7.545612e-07,2.720065e-07,-2.279732e-12,2.715377e-07
9.540191e-05,2.97,2.97,1.2,0.2553714,1.935887,2.3862,1.199985,-6.298586e-07,1.437431e-05,2.085823,2.349176,1.199983,-3.875149e-07,-1.461247e-05,7.547278e-07,-1.038671e-10,7.545602e-07,2.720064e-07,-2.235989e-12,2.715367e-07
9.580191e-05,2.97,2.97,1.2,0.2568426,1.935887,2.3862,1.199986,-6.272488e-07,1.46222e-05,2.085823,2.349176,1.199983,-3.84943e-07,-1.437059e-05,7.54724e-07,-1.041631e-10,7.545593e-07,2.720064e-07,-2.192246e-12,2.715357e-07
9.620191e-05,2.97,2.97,1.2,0.2581643,1.935887,2.3862,1.199986,-6.24613e-07,1.486914e-05,2.085823,2.349176,1.199983,-3.823772e-07,-1.413006e-05,7.547202e-07,-1.04458e-10,7.545583e-07,2.720064e-07,-2.148948e-12,2.715347e-07
9.660191e-05,2.97,2.97,1.2,0.2593722,1.935887,2.3862,1.199986,-6.219636e-07,1.511512e-05,2.085823,2.349176,1.199983,-3.798299e-07,-1.389088e-05,7.547165e-07,-1.047511e-10,7.545573e-07,2.720064e-07,-2.105871e-12,2.715337e-07
9.700191e-05,2.97,2.97,1.2,0.260501,1.935887,2.3862,1.199986,-6.193256e-07,1.536016e-05,2.085823,2.349176,1.199983,-3.773454e-07,-1.365304e-05,7.547127e-07,-1.050431e-10,7.545563e-07,2.720063e-07,-2.063016e-12,2.715327e-07
9.740191e-05,2.97,2.97,1.2,0.2615738,1.935887,2.3862,1.199986,-6.16662e-07,1.560425e-05,2.085823,2.349176,1.199983,-3.747755e-07,-1.341652e-05,7.547089e-07,-1.053333e-10,7.545553e-07,2.720063e-07,-2.020162e-12,2.715318e-07
9.780191e-05,2.97,2.97,1.2,0.2626031,1.935887,2.3862,1.199986,-6.140104e-07,1.58474e-05,2.085823,2.349176,1.199983,-3.722857e-07,-1.318133e-05,7.547052e-07,-1.056217e-10,7.545543e-07,2.720063e-07,-1.977973e-12,2.715308e-07
9.820191e-05,2.97,2.97,1.2,0.2635952,1.935887,2.3862,1.199986,-6.11377e-07,1.608961e-05,2.085823,2.349176,1.199983,-3.698896e-07,-1.294746e-05,7.547015e-07,-1.059084e-10,7.545533e-07,2.720062e-07,-1.935563e-12,2.715298e-07
9.860191e-05,2.97,2.97,1.2,0.2645534,1.935887,2.3862,1.199986,-6.087426e-07,1.633089e-05,2.085823,2.349176,1.199983,-3.673688e-07,-1.271489e-05,7.546977e-07,-1.061939e-10,7.545524e-07,2.720062e-07,-1.893596e-12,2.715289e-07
9.900191e-05,2.97,2.97,1.2,0.2654799,1.935887,2.3862,1.199986,-6.061229e-07,1.657124e-05,2.085823,2.349176,1.199983,-3.649143e-07,-1.248362e-05,7.54694e-07,-1.064775e-10,7.545514e-07,2.720062e-07,-1.852518e-12,2.715279e-07
9.940191e-05,2.97,2.97,1.2,0.266377,1.935887,2.3862,1.199986,-6.035078e-07,1.681066e-05,2.085823,2.349176,1.199983,-3.625196e-07,-1.225365e-05,7.546904e-07,-1.067602e-10,7.545504e-07,2.720062e-07,-1.810552e-12,2.71527e-07
9.980191e-05,2.97,2.97,1.2,0.2672466,1.935887,2.3862,1.199986,-6.009046e-07,1.704916e-05,2.085823,2.349176,1.199983,-3.600565e-07,-1.202496e-05,7.546867e-07,-1.07041e-10,7.545494e-07,2.720061e-07,-1.769251e-12,2.71526e-07
0.0001002019,2.97,2.97,1.2,0.2680909,1.935887,2.3862,1.199986,-5.983167e-07,1.728674e-05,2.085823,2.349176,1.199983,-3.576384e-07,-1.179755e-05,7.546831e-07,-1.073202e-10,7.545484e-07,2.720061e-07,-1.728395e-12,2.715251e-07
0.0001006019,2.97,2.97,1.2,0.2689119,1.935887,2.3862,1.199986,-5.957283e-07,1.75234e-05,2.085823,2.349176,1.199983,-3.552263e-07,-1.157141e-05,7.546795e-07,-1.075986e-10,7.545475e-07,2.720061e-07,-1.687983e-12,2.715242e-07
0.0001010019,2.97,2.97,1.2,0.2697114,1.935887,2.3862,1.199986,-5.931696e-07,1.775915e-05,2.085823,2.349176,1.199983,-3.528845e-07,-1.134654e-05,7.546759e-07,-1.078748e-10,7.545465e-07,2.720061e-07,-1.647349e-12,2.715232e-07
0.0001014019,2.97,2.97,1.2,0.270491,1.935887,2.3862,1.199986,-5.905986e-07,1.7994e-05,2.085823,2.349176,1.199983,-3.504854e-07,-1.112293e-05,7.546723e-07,-1.081499e-10,7.545455e-07,2.72006e-07,-1.606937e-12,2.715223e-07
0.0001018019,2.97,2.97,1.2,0.2712523,1.935887,2.3862,1.199986,-5.880528e-07,1.822794e-05,2.085823,2.349176,1.199983,-3.480952e-07,-1.090056e-05,7.546687e-07,-1.084237e-10,7.545446e-07,2.72006e-07,-1.566969e-12,2.715214e-07
0.0001022019,2.97,2.97,1.2,0.2719966,1.935887,2.3862,1.199986,-5.855075e-07,1.846097e-05,2.085823,2.349176,1.199983,-3.457814e-07,-1.067944e-05,7.546652e-07,-1.086959e-10,7.545436e-07,2.72006e-07,-1.527223e-12,2.715205e-07
0.0001026019,2.97,2.97,1.2,0.272725,1.935887,2.3862,1.199986,-5.829818e-07,1.869311e-05,2.085823,2.349176,1.199983,-3.434424e-07,-1.045956e-05,7.546616e-07,-1.089673e-10,7.545427e-07,2.72006e-07,-1.487699e-12,2.715196e-07
0.0001030019,2.97,2.97,1.2,0.2734386,1.935887,2.3862,1.199986,-5.804566e-07,1.892436e-05,2.085823,2.349176,1.199983,-3.411591e-07,-1.024091e-05,7.546581e-07,-1.092366e-10,7.545417e-07,2.720059e-07,-1.448619e-12,2.715187e-07
0.0001034019,2.97,2.97,1.2,0.2741385,1.935887,2.3862,1.199986,-5.779466e-07,1.915471e-05,2.085823,2.349176,1.199983,-3.388297e-07,-1.002347e-05,7.546546e-07,-1.095044e-10,7.545408e-07,2.720059e-07,-1.409539e-12,2.715178e-07
0.0001038019,2.97,2.97,1.2,0.2748255,1.935887,2.3862,1.199986,-5.754402e-07,1.938418e-05,2.085823,2.349176,1.199983,-3.365263e-07,-9.80726e-06,7.546511e-07,-1.097711e-10,7.545398e-07,2.720059e-07,-1.370681e-12,2.715169e-07
0.0001042019,2.97,2.97,1.2,0.2755005,1.935887,2.3862,1.199986,-5.729545e-07,1.961276e-05,2.085823,2.349176,1.199983,-3.342682e-07,-9.592254e-06,7.546477e-07,-1.100366e-10,7.545389e-07,2.720059e-07,-1.331824e-12,2.71516e-07
0.0001046019,2.97,2.97,1.2,0.2761643,1.935887,2.3862,1.199986,-5.704692e-07,1.984046e-05,2.085823,2.349176,1.199983,-3.319532e-07,-9.37845e-06,7.546442e-07,-1.103007e-10,7.54538e-07,2.720058e-07,-1.293632e-12,2.715151e-07
0.0001050019,2.97,2.97,1.2,0.2768175,1.935887,2.3862,1.199986,-5.679961e-07,2.006729e-05,2.085823,2.349176,1.199983,-3.296871e-07,-9.165842e-06,7.546408e-07,-1.105629e-10,7.54537e-07,2.720058e-07,-1.254996e-12,2.715142e-07
0.0001054019,2.97,2.97,1.2,0.2774609,1.935887,2.3862,1.199986,-5.655338e-07,2.029324e-05,2.085823,2.349176,1.199983,-3.274814e-07,-8.954423e-06,7.546374e-07,-1.108245e-10,7.545361e-07,2.720058e-07,-1.216804e-12,2.715134e-07
0.0001058019,2.97,2.97,1.2,0.278095,1.935887,2.3862,1.199986,-5.630805e-07,2.051832e-05,2.085823,2.349176,1.199983,-3.252457e-07,-8.744186e-06,7.54634e-07,-1.110843e-10,7.545352e-07,2.720058e-07,-1.179279e-12,2.715125e-07
0.0001062019,2.97,2.97,1.2,0.2787205,1.935887,2.3862,1.199986,-5.606399e-07,2.074253e-05,2.085823,2.349176,1.199983,-3.230521e-07,-8.535125e-06,7.546306e-07,-1.113427e-10,7.545343e-07,2.720057e-07,-1.141531e-12,2.715116e-07
0.0001066019,2.97,2.97,1.2,0.2793378,1.935887,2.3862,1.199986,-5.582055e-07,2.096588e-05,2.085823,2.349176,1.199983,-3.208183e-07,-8.327233e-06,7.546272e-07,-1.116005e-10,7.545334e-07,2.720057e-07,-1.104228e-12,2.715108e-07
0.0001070019,2.97,2.97,1.2,0.2799476,1.935887,2.3862,1.199986,-5.557747e-07,2.118836e-05,2.085823,2.349176,1.199983,-3.186269e-07,-8.120504e-06,7.546239e-07,-1.118563e-10,7.545325e-07,2.720057e-07,-1.066924e-12,2.715099e-07
0.0001074019,2.97,2.97,1.2,0.2805501,1.935887,2.3862,1.199986,-5.533648e-07,2.140999e-05,2.085823,2.349176,1.199983,-3.164722e-07,-7.914931e-06,7.546205e-07,-1.121112e-10,7.545316e-07,2.720057e-07,-1.030287e-12,2.715091e-07
0.0001078019,2.97,2.97,1.2,0.281146,1.935887,2.3862,1.199986,-5.509609e-07,2.163077e-05,2.085823,2.349176,1.199983,-3.143037e-07,-7.710507e-06,7.546172e-07,-1.123641e-10,7.545307e-07,2.720056e-07,-9.932055e-13,2.715082e-07
0.0001082019,2.97,2.97,1.2,0.2817356,1.935887,2.3862,1.199986,-5.485614e-07,2.18507e-05,2.085823,2.349176,1.199983,-3.121144e-07,-7.507226e-06,7.546139e-07,-1.126161e-10,7.545298e-07,2.720056e-07,-9.570122e-13,2.715074e-07
0.0001086019,2.97,2.97,1.2,0.2823194,1.935887,2.3862,1.199986,-5.461702e-07,2.206977e-05,2.085823,2.349176,1.199983,-3.0997e-07,-7.305082e-06,7.546106e-07,-1.128673e-10,7.545289e-07,2.720056e-07,-9.203749e-13,2.715066e-07
0.0001090019,2.97,2.97,1.2,0.2828976,1.935887,2.3862,1.199986,-5.437918e-07,2.228801e-05,2.085823,2.349176,1.199983,-3.078409e-07,-7.104069e-06,7.546074e-07,-1.131168e-10,7.54528e-07,2.720056e-07,-8.841816e-13,2.715057e-07
0.0001094019,2.97,2.97,1.2,0.2834706,1.935887,2.3862,1.199986,-5.414259e-07,2.25054e-05,2.085823,2.349176,1.199983,-3.057368e-07,-6.904179e-06,7.546041e-07,-1.133651e-10,7.545271e-07,2.720055e-07,-8.484324e-13,2.715049e-07
0.0001098019,2.97,2.97,1.2,0.2840389,1.935887,2.3862,1.199986,-5.390632e-07,2.272196e-05,2.085823,2.349176,1.199983,-3.036348e-07,-6.705408e-06,7.546009e-07,-1.13612e-10,7.545262e-07,2.720055e-07,-8.124612e-13,2.715041e-07
0.0001102019,2.97,2.97,1.2,0.2846026,1.935887,2.3862,1.199986,-5.367118e-07,2.293768e-05,2.085823,2.349176,1.199983,-3.015122e-07,-6.507748e-06,7.545977e-07,-1.138578e-10,7.545253e-07,2.720055e-07,-7.76712e-13,2.715033e-07
0.0001106019,2.97,2.97,1.2,0.2851621,1.935887,2.3862,1.199986,-5.343714e-07,2.315257e-05,2.085823,2.349176,1.199983,-2.994214e-07,-6.311193e-06,7.545945e-07,-1.141027e-10,7.545244e-07,2.720055e-07,-7.41629e-13,2.715025e-07
0.0001110019,2.97,2.97,1.2,0.2857177,1.935887,2.3862,1.199986,-5.320417e-07,2.336663e-05,2.085823,2.349176,1.199983,-2.973452e-07,-6.115737e-06,7.545913e-07,-1.143456e-10,7.545236e-07,2.720055e-07,-7.065459e-13,2.715017e-07
0.0001114019,2.97,2.97,1.2,0.2862696,1.935887,2.3862,1.199986,-5.297196e-07,2.357987e-05,2.085823,2.349176,1.199983,-2.952781e-07,-5.921374e-06,7.545881e-07,-1.145877e-10,7.545227e-07,2.720054e-07,-6.714629e-13,2.715009e-07
0.0001118019,2.97,2.97,1.2,0.2868181,1.935887,2.3862,1.199986,-5.274081e-07,2.379228e-05,2.085823,2.349176,1.199983,-2.932365e-07,-5.728098e-06,7.545849e-07,-1.148286e-10,7.545218e-07,2.720054e-07,-6.368239e-13,2.715001e-07
0.0001122019,2.97,2.97,1.2,0.2873633,1.935887,2.3862,1.199986,-5.250949e-07,2.400388e-05,2.085823,2.349176,1.199983,-2.912229e-07,-5.535903e-06,7.545818e-07,-1.150682e-10,7.54521e-07,2.720054e-07,-6.02407e-13,2.714993e-07
0.0001126019,2.97,2.97,1.2,0.2879056,1.935887,2.3862,1.199986,-5.228042e-07,2.421466e-05,2.085823,2.349176,1.199983,-2.891868e-07,-5.344782e-06,7.545787e-07,-1.153064e-10,7.545201e-07,2.720054e-07,-5.677681e-13,2.714985e-07
0.0001130019,2.97,2.97,1.2,0.288445,1.935887,2.3862,1.199986,-5.205194e-07,2.442463e-05,2.085823,2.349176,1.199983,-2.87156e-07,-5.15473e-06,7.545756e-07,-1.155438e-10,7.545193e-07,2.720053e-07,-5.335732e-13,2.714977e-07
0.0001134019,2.97,2.97,1.2,0.2889819,1.935887,2.3862,1.199986,-5.182299e-07,2.463379e-05,2.085823,2.349176,1.199983,-2.851601e-07,-4.965741e-06,7.545725e-07,-1.157794e-10,7.545184e-07,2.720053e-07,-4.998224e-13,2.714969e-07
0.0001138019,2.97,2.97,1.2,0.2895164,1.935887,2.3862,1.199986,-5.159661e-07,2.484215e-05,2.085823,2.349176,1.199983,-2.831407e-07,-4.777809e-06,7.545694e-07,-1.160141e-10,7.545176e-07,2.720053e-07,-4.660716e-13,2.714962e-07
0.0001142019,2.97,2.97,1.2,0.2900486,1.935887,2.3862,1.199986,-5.137063e-07,2.50497e-05,2.085823,2.349176,1.199983,-2.811335e-07,-4.590927e-06,7.545663e-07,-1.162477e-10,7.545167e-07,2.720053e-07,-4.325429e-13,2.714954e-07
0.0001146019,2.97,2.97,1.2,0.2905788,1.935887,2.3862,1.199986,-5.114487e-07,2.525645e-05,2.085823,2.349176,1.199983,-2.79208e-07,-4.40509e-06,7.545633e-07,-1.164799e-10,7.545159e-07,2.720053e-07,-3.990142e-13,2.714946e-07
0.0001150019,2.97,2.97,1.2,0.291107,1.935887,2.3862,1.199986,-5.092073e-07,2.546241e-05,2.085823,2.349176,1.199983,-2.77202e-07,-4.220293e-06,7.545602e-07,-1.167113e-10,7.54515e-07,2.720052e-07,-3.659295e-13,2.714939e-07
0.0001154019,2.97,2.97,1.2,0.2916334,1.935887,2.3862,1.199986,-5.069707e-07,2.566757e-05,2.085823,2.349176,1.199983,-2.75293e-07,-4.036529e-06,7.545572e-07,-1.169409e-10,7.545142e-07,2.720052e-07,-3.326228e-13,2.714931e-07
0.0001158019,2.97,2.97,1.2,0.2921581,1.935887,2.3862,1.199986,-5.047445e-07,2.587194e-05,2.085823,2.349176,1.199983,-2.733715e-07,-3.853792e-06,7.545542e-07,-1.171698e-10,7.545134e-07,2.720052e-07,-2.999823e-13,2.714923e-07
0.0001162019,2.97,2.97,1.2,0.2926813,1.935887,2.3862,1.199986,-5.025352e-07,2.607553e-05,2.085823,2.349176,1.199983,-2.714141e-07,-3.672077e-06,7.545512e-07,-1.173976e-10,7.545125e-07,2.720052e-07,-2.675637e-13,2.714916e-07
0.0001166019,2.97,2.97,1.2,0.293203,1.935887,2.3862,1.199986,-5.0032e-07,2.627833e-05,2.085823,2.349176,1.199983,-2.695062e-07,-3.491378e-06,7.545482e-07,-1.176241e-10,7.545117e-07,2.720051e-07,-2.351452e-13,2.714909e-07
0.0001170019,2.97,2.97,1.2,0.2937234,1.935887,2.3862,1.199986,-4.981159e-07,2.648035e-05,2.085823,2.349176,1.199983,-2.675891e-07,-3.311689e-06,7.545452e-07,-1.178495e-10,7.545109e-07,2.720051e-07,-2.027267e-13,2.714901e-07
0.0001174019,2.97,2.97,1.2,0.2942426,1.935887,2.3862,1.199986,-4.959292e-07,2.668159e-05,2.085823,2.349176,1.199983,-2.657089e-07,-3.133005e-06,7.545423e-07,-1.180736e-10,7.545101e-07,2.720051e-07,-1.705303e-13,2.714894e-07
0.0001178019,2.97,2.97,1.2,0.2947607,1.935887,2.3862,1.199986,-4.937443e-07,2.688205e-05,2.085823,2.349176,1.199983,-2.638243e-07,-2.955321e-06,7.545393e-07,-1.182965e-10,7.545093e-07,2.720051e-07,-1.385558e-13,2.714886e-07
0.0001182019,2.97,2.97,1.2,0.2952777,1.935887,2.3862,1.199986,-4.915617e-07,2.708175e-05,2.085823,2.349176,1.199983,-2.619255e-07,-2.778629e-06,7.545364e-07,-1.185188e-10,7.545084e-07,2.720051e-07,-1.068035e-13,2.714879e-07
0.0001186019,2.97,2.97,1.2,0.2957937,1.935887,2.3862,1.199986,-4.89403e-07,2.728067e-05,2.085823,2.349176,1.199983,-2.600892e-07,-2.602926e-06,7.545335e-07,-1.187395e-10,7.545076e-07,2.72005e-07,-7.549517e-14,2.714872e-07
0.0001190019,2.97,2.97,1.2,0.2963089,1.935887,2.3862,1.199986,-4.872427e-07,2.747883e-05,2.085823,2.349176,1.199983,-2.582292e-07,-2.428205e-06,7.545306e-07,-1.189591e-10,7.545068e-07,2.72005e-07,-4.374279e-14,2.714865e-07
0.0001194019,2.97,2.97,1.2,0.2968232,1.935887,2.3862,1.199986,-4.850975e-07,2.767622e-05,2.085823,2.349176,1.199983,-2.563764e-07,-2.254461e-06,7.545277e-07,-1.191778e-10,7.54506e-07,2.72005e-07,-1.265654e-14,2.714858e-07
0.0001198019,2.97,2.97,1.2,0.2973368,1.935887,2.3862,1.199986,-4.82953e-07,2.787286e-05,2.085823,2.349176,1.199983,-2.545775e-07,-2.081688e-06,7.545249e-07,-1.193954e-10,7.545052e-07,2.72005e-07,1.84297e-14,2.714851e-07
0.0001202019,2.97,2.97,1.2,0.2978497,1.935887,2.3862,1.199986,-4.808246e-07,2.806873e-05,2.085823,2.349176,1.199983,-2.527342e-07,-1.909881e-06,7.54522e-07,-1.196114e-10,7.545044e-07,2.72005e-07,4.884981e-14,2.714843e-07
0.0001206019,2.97,2.97,1.2,0.298362,1.935887,2.3862,1.199986,-4.786957e-07,2.826385e-05,2.085823,2.349176,1.199983,-2.509193e-07,-1.739035e-06,7.545192e-07,-1.198268e-10,7.545036e-07,2.720049e-07,7.949197e-14,2.714836e-07
0.0001210019,2.97,2.97,1.2,0.2988737,1.935887,2.3862,1.199986,-4.765728e-07,2.845822e-05,2.085823,2.349176,1.199983,-2.491169e-07,-1.569145e-06,7.545163e-07,-1.200411e-10,7.545029e-07,2.720049e-07,1.103562e-13,2.71483e-07
0.0001214019,2.97,2.97,1.2,0.2993849,1.935887,2.3862,1.199986,-4.74474e-07,2.865185e-05,2.085823,2.349176,1.199983,-2.473234e-07,-1.400203e-06,7.545135e-07,-1.202543e-10,7.545021e-07,2.720049e-07,1.405542e-13,2.714823e-07
0.0001218019,2.97,2.97,1.2,0.2998956,1.935887,2.3862,1.199986,-4.723702e-07,2.884472e-05,2.085823,2.349176,1.199983,-2.455478e-07,-1.232207e-06,7.545107e-07,-1.204659e-10,7.545013e-07,2.720049e-07,1.705303e-13,2.714816e-07
0.0001222019,2.97,2.97,1.2,0.3004058,1.935887,2.3862,1.199986,-4.702692e-07,2.903685e-05,2.085823,2.349176,1.199983,-2.43764e-07,-1.06515e-06,7.545079e-07,-1.206768e-10,7.545005e-07,2.720049e-07,2.005063e-13,2.714809e-07
0.0001226019,2.97,2.97,1.2,0.3009157,1.935887,2.3862,1.199986,-4.681939e-07,2.922824e-05,2.085823,2.349176,1.199983,-2.419728e-07,-8.990267e-07,7.545052e-07,-1.208866e-10,7.544997e-07,2.720048e-07,2.307043e-13,2.714802e-07
0.0001230019,2.97,2.97,1.2,0.3014251,1.935887,2.3862,1.199986,-4.661107e-07,2.94189e-05,2.085823,2.349176,1.199983,-2.402518e-07,-7.338324e-07,7.545024e-07,-1.210954e-10,7.54499e-07,2.720048e-07,2.600142e-13,2.714795e-07
0.0001234019,2.97,2.97,1.2,0.3019343,1.935887,2.3862,1.199986,-4.640426e-07,2.960882e-05,2.085823,2.349176,1.199983,-2.385051e-07,-5.695616e-07,7.544997e-07,-1.213032e-10,7.544982e-07,2.720048e-07,2.893241e-13,2.714788e-07
0.0001238019,2.97,2.97,1.2,0.3024431,1.935887,2.3862,1.199986,-4.619867e-07,2.979801e-05,2.085823,2.349176,1.199983,-2.367713e-07,-4.062093e-07,7.544969e-07,-1.215099e-10,7.544974e-07,2.720048e-07,3.188561e-13,2.714782e-07
0.0001242019,2.97,2.97,1.2,0.3029517,1.935887,2.3862,1.199986,-4.599273e-07,2.998647e-05,2.085823,2.349176,1.199983,-2.35025e-07,-2.437703e-07,7.544942e-07,-1.217153e-10,7.544967e-07,2.720048e-07,3.479439e-13,2.714775e-07
0.0001246019,2.97,2.97,1.2,0.3034601,1.935887,2.3862,1.199986,-4.578889e-07,3.01742e-05,2.085823,2.349176,1.199983,-2.333331e-07,-8.223931e-08,7.544915e-07,-1.219198e-10,7.544959e-07,2.720047e-07,3.772538e-13,2.714768e-07
0.0001250019,2.97,2.97,1.2,0.3039682,1.935887,2.3862,1.199986,-4.558512e-07,3.036121e-05,2.085823,2.349176,1.199983,-2.316097e-07,7.838791e-08,7.544888e-07,-1.221236e-10,7.544951e-07,2.720047e-07,4.056755e-13,2.714762e-07
0.0001254019,2.97,2.97,1.2,0.3044761,1.935887,2.3862,1.199986,-4.53831e-07,3.05475e-05,2.085823,2.349176,1.199983,-2.299601e-07,2.3811e-07,7.544861e-07,-1.223261e-10,7.544944e-07,2.720047e-07,4.345413e-13,2.714755e-07
0.0001258019,2.97,2.97,1.2,0.3049839,1.935887,2.3862,1.199986,-4.518059e-07,3.073308e-05,2.085823,2.349176,1.199983,-2.28241e-07,3.969297e-07,7.544835e-07,-1.225273e-10,7.544936e-07,2.720047e-07,4.62741e-13,2.714749e-07
0.0001262019,2.97,2.97,1.2,0.3054915,1.935887,2.3862,1.199986,-4.497976e-07,3.091793e-05,2.085823,2.349176,1.199983,-2.265676e-07,5.548522e-07,7.544808e-07,-1.227278e-10,7.544929e-07,2.720047e-07,4.909406e-13,2.714742e-07
0.0001266019,2.97,2.97,1.2,0.305999,1.935887,2.3862,1.199986,-4.477855e-07,3.110208e-05,2.085823,2.349176,1.199983,-2.249264e-07,7.118826e-07,7.544782e-07,-1.22927e-10,7.544921e-07,2.720046e-07,5.195844e-13,2.714736e-07
0.0001270019,2.97,2.97,1.2,0.3065063,1.935887,2.3862,1.199986,-4.457871e-07,3.128552e-05,2.085823,2.349176,1.199983,-2.2324e-07,8.680259e-07,7.544755e-07,-1.231255e-10,7.544914e-07,2.720046e-07,5.471179e-13,2.714729e-07
0.0001274019,2.97,2.97,1.2,0.3070136,1.935887,2.3862,1.199986,-4.438011e-07,3.146825e-05,2.085823,2.349176,1.199983,-2.21594e-07,1.023287e-06,7.544729e-07,-1.233227e-10,7.544906e-07,2.720046e-07,5.748735e-13,2.714723e-07
0.0001278019,2.97,2.97,1.2,0.3075208,1.935887,2.3862,1.199986,-4.41817e-07,3.165027e-05,2.085823,2.349176,1.199983,-2.199574e-07,1.177671e-06,7.544703e-07,-1.235192e-10,7.544899e-07,2.720046e-07,6.026291e-13,2.714717e-07
0.0001282019,2.97,2.97,1.2,0.3080279,1.935887,2.3862,1.199986,-4.398463e-07,3.18316e-05,2.085823,2.349176,1.199983,-2.183564e-07,1.331183e-06,7.544677e-07,-1.237148e-10,7.544892e-07,2.720046e-07,6.301626e-13,2.71471e-07
0.0001286019,2.97,2.97,1.2,0.3085349,1.935887,2.3862,1.199986,-4.378737e-07,3.201222e-05,2.085823,2.349176,1.199983,-2.167014e-07,1.483828e-06,7.544651e-07,-1.239093e-10,7.544884e-07,2.720046e-07,6.576961e-13,2.714704e-07
0.0001290019,2.97,2.97,1.2,0.3090419,1.935887,2.3862,1.199986,-4.359233e-07,3.219215e-05,2.085823,2.349176,1.199983,-2.151198e-07,1.635611e-06,7.544626e-07,-1.241023e-10,7.544877e-07,2.720045e-07,6.847856e-13,2.714698e-07
0.0001294019,2.97,2.97,1.2,0.3095489,1.935887,2.3862,1.199986,-4.33967e-07,3.237139e-05,2.085823,2.349176,1.199983,-2.135056e-07,1.786536e-06,7.5446e-07,-1.24295e-10,7.54487e-07,2.720045e-07,7.11653e-13,2.714692e-07
0.0001298019,2.97,2.97,1.2,0.3100558,1.935887,2.3862,1.199986,-4.32021e-07,3.254994e-05,2.085823,2.349176,1.199983,-2.119383e-07,1.936608e-06,7.544575e-07,-1.244864e-10,7.544863e-07,2.720045e-07,7.387424e-13,2.714685e-07
0.0001302019,2.97,2.97,1.2,0.3105627,1.935887,2.3862,1.199986,-4.30091e-07,3.27278e-05,2.085823,2.349176,1.199983,-2.103526e-07,2.085833e-06,7.544549e-07,-1.246767e-10,7.544855e-07,2.720045e-07,7.653878e-13,2.714679e-07
0.0001306019,2.97,2.97,1.2,0.3110696,1.935887,2.3862,1.199986,-4.281601e-07,3.290497e-05,2.085823,2.349176,1.199983,-2.087497e-07,2.234215e-06,7.544524e-07,-1.248663e-10,7.544848e-07,2.720045e-07,7.920331e-13,2.714673e-07
0.0001310019,2.97,2.97,1.2,0.3115765,1.935887,2.3862,1.199986,-4.26236e-07,3.308146e-05,2.085823,2.349176,1.199983,-2.072034e-07,2.381759e-06,7.544499e-07,-1.250549e-10,7.544841e-07,2.720045e-07,8.186785e-13,2.714667e-07
0.0001314019,2.97,2.97,1.2,0.3120834,1.935887,2.3862,1.199986,-4.243237e-07,3.325727e-05,2.085823,2.349176,1.199983,-2.056232e-07,2.528469e-06,7.544474e-07,-1.252425e-10,7.544834e-07,2.720044e-07,8.448797e-13,2.714661e-07
0.0001318019,2.97,2.97,1.2,0.3125903,1.935887,2.3862,1.199986,-4.224206e-07,3.343241e-05,2.085823,2.349176,1.199983,-2.04086e-07,2.67435e-06,7.544449e-07,-1.254292e-10,7.544827e-07,2.720044e-07,8.708589e-13,2.714655e-07
0.0001322019,2.97,2.97,1.2,0.3130972,1.935887,2.3862,1.199986,-4.205168e-07,3.360687e-05,2.085823,2.349176,1.199983,-2.025411e-07,2.819408e-06,7.544425e-07,-1.256149e-10,7.54482e-07,2.720044e-07,8.968382e-13,2.714649e-07
0.0001326019,2.97,2.97,1.2,0.3136041,1.935887,2.3862,1.199986,-4.186251e-07,3.378066e-05,2.085823,2.349176,1.199983,-2.010003e-07,2.963646e-06,7.5444e-07,-1.257998e-10,7.544813e-07,2.720044e-07,9.225953e-13,2.714643e-07
0.0001330019,2.97,2.97,1.2,0.314111,1.935887,2.3862,1.199986,-4.167426e-07,3.395377e-05,2.085823,2.349176,1.199983,-1.994817e-07,3.107069e-06,7.544376e-07,-1.259832e-10,7.544806e-07,2.720044e-07,9.483525e-13,2.714637e-07
0.0001334019,2.97,2.97,1.2,0.314618,1.935887,2.3862,1.199986,-4.148658e-07,3.412623e-05,2.085823,2.349176,1.199983,-1.979664e-07,3.249682e-06,7.544351e-07,-1.261664e-10,7.544799e-07,2.720044e-07,9.738876e-13,2.714632e-07
0.0001338019,2.97,2.97,1.2,0.315125,1.935887,2.3862,1.199986,-4.129978e-07,3.429801e-05,2.085823,2.349176,1.199983,-1.964862e-07,3.391489e-06,7.544327e-07,-1.26348e-10,7.544792e-07,2.720043e-07,9.992007e-13,2.714626e-07
0.0001342019,2.97,2.97,1.2,0.3156321,1.935887,2.3862,1.199986,-4.11129e-07,3.446914e-05,2.085823,2.349176,1.199983,-1.949601e-07,3.532496e-06,7.544303e-07,-1.265292e-10,7.544785e-07,2.720043e-07,1.024514e-12,2.71462e-07
0.0001346019,2.97,2.97,1.2,0.3161392,1.935887,2.3862,1.199986,-4.092762e-07,3.463961e-05,2.085823,2.349176,1.199983,-1.934801e-07,3.672706e-06,7.544279e-07,-1.267091e-10,7.544778e-07,2.720043e-07,1.049605e-12,2.714614e-07
0.0001350019,2.97,2.97,1.2,0.3166463,1.935887,2.3862,1.199986,-4.074311e-07,3.480942e-05,2.085823,2.349176,1.199983,-1.91993e-07,3.812124e-06,7.544255e-07,-1.268881e-10,7.544771e-07,2.720043e-07,1.074696e-12,2.714609e-07
0.0001354019,2.97,2.97,1.2,0.3171535,1.935887,2.3862,1.199986,-4.055883e-07,3.497857e-05,2.085823,2.349176,1.199983,-1.905068e-07,3.950754e-06,7.544231e-07,-1.270664e-10,7.544764e-07,2.720043e-07,1.099565e-12,2.714603e-07
0.0001358019,2.97,2.97,1.2,0.3176607,1.935887,2.3862,1.199986,-4.037594e-07,3.514708e-05,2.085823,2.349176,1.199983,-1.890242e-07,4.088602e-06,7.544208e-07,-1.272435e-10,7.544758e-07,2.720043e-07,1.124434e-12,2.714597e-07
0.0001362019,2.97,2.97,1.2,0.3181679,1.935887,2.3862,1.199986,-4.019263e-07,3.531493e-05,2.085823,2.349176,1.199983,-1.8763e-07,4.22567e-06,7.544184e-07,-1.274201e-10,7.544751e-07,2.720042e-07,1.148637e-12,2.714592e-07
0.0001366019,2.97,2.97,1.2,0.3186753,1.935887,2.3862,1.199986,-4.001054e-07,3.548214e-05,2.085823,2.349176,1.199983,-1.861335e-07,4.361965e-06,7.544161e-07,-1.275959e-10,7.544744e-07,2.720042e-07,1.173506e-12,2.714586e-07
0.0001370019,2.97,2.97,1.2,0.3191826,1.935887,2.3862,1.199986,-3.983033e-07,3.564871e-05,2.085823,2.349176,1.199983,-1.847276e-07,4.497489e-06,7.544138e-07,-1.277705e-10,7.544738e-07,2.720042e-07,1.197709e-12,2.71458e-07
0.0001374019,2.97,2.97,1.2,0.3196901,1.935887,2.3862,1.199986,-3.964855e-07,3.581463e-05,2.085823,2.349176,1.199983,-1.832916e-07,4.632249e-06,7.544114e-07,-1.279437e-10,7.544731e-07,2.720042e-07,1.221467e-12,2.714575e-07
0.0001378019,2.97,2.97,1.2,0.3201975,1.935887,2.3862,1.199986,-3.946918e-07,3.597992e-05,2.085823,2.349176,1.199983,-1.818641e-07,4.766246e-06,7.544091e-07,-1.281166e-10,7.544724e-07,2.720042e-07,1.245448e-12,2.714569e-07
0.0001382019,2.97,2.97,1.2,0.3207051,1.935887,2.3862,1.199986,-3.92899e-07,3.614456e-05,2.085823,2.349176,1.199983,-1.804557e-07,4.899487e-06,7.544068e-07,-1.282887e-10,7.544718e-07,2.720042e-07,1.269429e-12,2.714564e-07
0.0001386019,2.97,2.97,1.2,0.3212126,1.935887,2.3862,1.199986,-3.911153e-07,3.630858e-05,2.085823,2.349176,1.199983,-1.790567e-07,5.031976e-06,7.544045e-07,-1.284599e-10,7.544711e-07,2.720041e-07,1.293188e-12,2.714559e-07
0.0001390019,2.97,2.97,1.2,0.3217203,1.935887,2.3862,1.199986,-3.893361e-07,3.647196e-05,2.085823,2.349176,1.199983,-1.776721e-07,5.163716e-06,7.544023e-07,-1.2863e-10,7.544704e-07,2.720041e-07,1.316725e-12,2.714553e-07
0.0001394019,2.97,2.97,1.2,0.322228,1.935887,2.3862,1.199986,-3.875631e-07,3.663471e-05,2.085823,2.349176,1.199983,-1.762635e-07,5.294712e-06,7.544e-07,-1.287994e-10,7.544698e-07,2.720041e-07,1.340483e-12,2.714548e-07
0.0001398019,2.97,2.97,1.2,0.3227358,1.935887,2.3862,1.199986,-3.857916e-07,3.679684e-05,2.085823,2.349176,1.199983,-1.748911e-07,5.424968e-06,7.543978e-07,-1.289679e-10,7.544691e-07,2.720041e-07,1.363576e-12,2.714542e-07
0.0001402019,2.97,2.97,1.2,0.3232436,1.935887,2.3862,1.199986,-3.840451e-07,3.695834e-05,2.085823,2.349176,1.199983,-1.735108e-07,5.554488e-06,7.543955e-07,-1.291354e-10,7.544685e-07,2.720041e-07,1.386447e-12,2.714537e-07
0.0001406019,2.97,2.97,1.2,0.3237515,1.935887,2.3862,1.199986,-3.822981e-07,3.711922e-05,2.085823,2.349176,1.199983,-1.721792e-07,5.683277e-06,7.543933e-07,-1.293021e-10,7.544678e-07,2.720041e-07,1.409983e-12,2.714532e-07
0.0001410019,2.97,2.97,1.2,0.3242594,1.935887,2.3862,1.199986,-3.805507e-07,3.727948e-05,2.085823,2.349176,1.199983,-1.707609e-07,5.811338e-06,7.543911e-07,-1.294682e-10,7.544672e-07,2.720041e-07,1.432854e-12,2.714527e-07
0.0001414019,2.97,2.97,1.2,0.3247674,1.935887,2.3862,1.199986,-3.788131e-07,3.743912e-05,2.085823,2.349176,1.199983,-1.694602e-07,5.938676e-06,7.543888e-07,-1.296332e-10,7.544665e-07,2.72004e-07,1.455724e-12,2.714521e-07
0.0001418019,2.97,2.97,1.2,0.3252755,1.935887,2.3862,1.199986,-3.770803e-07,3.759815e-05,2.085823,2.349176,1.199983,-1.680954e-07,6.065295e-06,7.543867e-07,-1.297973e-10,7.544659e-07,2.72004e-07,1.478151e-12,2.714516e-07
0.0001422019,2.97,2.97,1.2,0.3257836,1.935887,2.3862,1.199986,-3.75363e-07,3.775656e-05,2.085823,2.349176,1.199983,-1.667237e-07,6.191198e-06,7.543845e-07,-1.299609e-10,7.544653e-07,2.72004e-07,1.500577e-12,2.714511e-07
0.0001426019,2.97,2.97,1.2,0.3262918,1.935887,2.3862,1.199986,-3.736327e-07,3.791437e-05,2.085823,2.349176,1.199983,-1.654175e-07,6.316391e-06,7.543823e-07,-1.301235e-10,7.544646e-07,2.72004e-07,1.523226e-12,2.714506e-07
0.0001430019,2.97,2.97,1.2,0.3268,1.935887,2.3862,1.199986,-3.719372e-07,3.807157e-05,2.085823,2.349176,1.199983,-1.640947e-07,6.440876e-06,7.543801e-07,-1.302853e-10,7.54464e-07,2.72004e-07,1.54543e-12,2.714501e-07
0.0001434019,2.97,2.97,1.2,0.3273084,1.935887,2.3862,1.199986,-3.702223e-07,3.822816e-05,2.085823,2.349176,1.199983,-1.627917e-07,6.564658e-06,7.54378e-07,-1.304463e-10,7.544634e-07,2.72004e-07,1.567635e-12,2.714496e-07
0.0001438019,2.97,2.97,1.2,0.3278167,1.935887,2.3862,1.199986,-3.68537e-07,3.838415e-05,2.085823,2.349176,1.199983,-1.614416e-07,6.687741e-06,7.543758e-07,-1.306062e-10,7.544627e-07,2.72004e-07,1.589617e-12,2.714491e-07
0.0001442019,2.97,2.97,1.2,0.3283252,1.935887,2.3862,1.199986,-3.668378e-07,3.853953e-05,2.085823,2.349176,1.199983,-1.602072e-07,6.810129e-06,7.543737e-07,-1.307656e-10,7.544621e-07,2.720039e-07,1.611378e-12,2.714486e-07
0.0001446019,2.97,2.97,1.2,0.3288337,1.935887,2.3862,1.199986,-3.65159e-07,3.869432e-05,2.085823,2.349176,1.199983,-1.588876e-07,6.931826e-06,7.543715e-07,-1.309239e-10,7.544615e-07,2.720039e-07,1.633138e-12,2.714481e-07
0.0001450019,2.97,2.97,1.2,0.3293422,1.935887,2.3862,1.199986,-3.634803e-07,3.884852e-05,2.085823,2.349176,1.199983,-1.575781e-07,7.052835e-06,7.543694e-07,-1.310816e-10,7.544609e-07,2.720039e-07,1.65512e-12,2.714476e-07
0.0001454019,2.97,2.97,1.2,0.3298508,1.935887,2.3862,1.199986,-3.618053e-07,3.900212e-05,2.085823,2.349176,1.199983,-1.563247e-07,7.17316e-06,7.543673e-07,-1.312386e-10,7.544602e-07,2.720039e-07,1.676659e-12,2.714471e-07
0.0001458019,2.97,2.97,1.2,0.3303595,1.935887,2.3862,1.199986,-3.601426e-07,3.915512e-05,2.085823,2.349176,1.199983,-1.550105e-07,7.292806e-06,7.543652e-07,-1.313947e-10,7.544596e-07,2.720039e-07,1.697753e-12,2.714466e-07
0.0001462019,2.97,2.97,1.2,0.3308683,1.935887,2.3862,1.199986,-3.58485e-07,3.930754e-05,2.085823,2.349176,1.199983,-1.538112e-07,7.411777e-06,7.543631e-07,-1.315499e-10,7.54459e-07,2.720039e-07,1.719291e-12,2.714461e-07
0.0001466019,2.97,2.97,1.2,0.331377,1.935887,2.3862,1.199986,-3.568353e-07,3.945938e-05,2.085823,2.349176,1.199983,-1.525307e-07,7.530075e-06,7.543611e-07,-1.31704e-10,7.544584e-07,2.720039e-07,1.740386e-12,2.714456e-07
0.0001470019,2.97,2.97,1.2,0.3318859,1.935887,2.3862,1.199986,-3.551892e-07,3.961062e-05,2.085823,2.349176,1.199983,-1.512938e-07,7.647705e-06,7.54359e-07,-1.318574e-10,7.544578e-07,2.720038e-07,1.76148e-12,2.714451e-07
0.0001474019,2.97,2.97,1.2,0.3323948,1.935887,2.3862,1.199986,-3.535493e-07,3.976129e-05,2.085823,2.349176,1.199983,-1.500878e-07,7.764671e-06,7.54357e-07,-1.320104e-10,7.544572e-07,2.720038e-07,1.782352e-12,2.714447e-07
0.0001478019,2.97,2.97,1.2,0.3329038,1.935887,2.3862,1.199986,-3.519152e-07,3.991137e-05,2.085823,2.349176,1.199983,-1.487988e-07,7.880976e-06,7.543549e-07,-1.321625e-10,7.544566e-07,2.720038e-07,1.803002e-12,2.714442e-07
0.0001482019,2.97,2.97,1.2,0.3334128,1.935887,2.3862,1.199986,-3.50294e-07,4.006088e-05,2.085823,2.349176,1.199983,-1.475312e-07,7.996625e-06,7.543529e-07,-1.323139e-10,7.54456e-07,2.720038e-07,1.823874e-12,2.714437e-07
0.0001486019,2.97,2.97,1.2,0.3339219,1.935887,2.3862,1.199986,-3.486713e-07,4.020981e-05,2.085823,2.349176,1.199983,-1.463697e-07,8.11162e-06,7.543508e-07,-1.324647e-10,7.544554e-07,2.720038e-07,1.844302e-12,2.714432e-07
0.0001490019,2.97,2.97,1.2,0.3344311,1.935887,2.3862,1.199986,-3.470552e-07,4.035816e-05,2.085823,2.349176,1.199983,-1.451754e-07,8.225966e-06,7.543488e-07,-1.326144e-10,7.544548e-07,2.720038e-07,1.864731e-12,2.714428e-07
0.0001494019,2.97,2.97,1.2,0.3349403,1.935887,2.3862,1.199986,-3.454493e-07,4.050595e-05,2.085823,2.349176,1.199983,-1.439481e-07,8.339665e-06,7.543468e-07,-1.327634e-10,7.544542e-07,2.720038e-07,1.885159e-12,2.714423e-07
0.0001498019,2.97,2.97,1.2,0.3354496,1.935887,2.3862,1.199986,-3.438465e-07,4.065317e-05,2.085823,2.349176,1.199983,-1.427269e-07,8.452723e-06,7.543448e-07,-1.329115e-10,7.544536e-07,2.720037e-07,1.905365e-12,2.714418e-07
0.0001502019,2.97,2.97,1.2,0.3359589,1.935887,2.3862,1.199986,-3.42258e-07,4.079982e-05,2.085823,2.349176,1.199983,-1.41535e-07,8.565142e-06,7.543428e-07,-1.330589e-10,7.54453e-07,2.720037e-07,1.925793e-12,2.714414e-07
0.0001506019,2.97,2.97,1.2,0.3364683,1.935887,2.3862,1.199986,-3.40668e-07,4.09459e-05,2.085823,2.349176,1.199983,-1.403791e-07,8.676926e-06,7.543409e-07,-1.332059e-10,7.544524e-07,2.720037e-07,1.945555e-12,2.714409e-07
0.0001510019,2.97,2.97,1.2,0.3369777,1.935887,2.3862,1.199986,-3.390788e-07,4.109142e-05,2.085823,2.349176,1.199983,-1.391686e-07,8.788079e-06,7.543389e-07,-1.333518e-10,7.544519e-07,2.720037e-07,1.965317e-12,2.714405e-07
0.0001514019,2.97,2.97,1.2,0.3374872,1.935887,2.3862,1.199986,-3.375035e-07,4.123639e-05,2.085823,2.349176,1.199983,-1.380292e-07,8.898604e-06,7.543369e-07,-1.33497e-10,7.544513e-07,2.720037e-07,1.985301e-12,2.7144e-07
0.0001518019,2.97,2.97,1.2,0.3379968,1.935887,2.3862,1.199986,-3.359368e-07,4.138079e-05,2.085823,2.349176,1.199983,-1.36883e-07,9.008505e-06,7.54335e-07,-1.336418e-10,7.544507e-07,2.720037e-07,2.005063e-12,2.714396e-07
0.0001522019,2.97,2.97,1.2,0.3385064,1.935887,2.3862,1.199986,-3.343651e-07,4.152464e-05,2.085823,2.349176,1.199983,-1.356926e-07,9.117785e-06,7.54333e-07,-1.337852e-10,7.544501e-07,2.720037e-07,2.024381e-12,2.714391e-07
0.0001526019,2.97,2.97,1.2,0.339016,1.935887,2.3862,1.199986,-3.328169e-07,4.166793e-05,2.085823,2.349176,1.199983,-1.345348e-07,9.226448e-06,7.543311e-07,-1.339282e-10,7.544495e-07,2.720037e-07,2.043921e-12,2.714387e-07
0.0001530019,2.97,2.97,1.2,0.3395257,1.935887,2.3862,1.199986,-3.312668e-07,4.181067e-05,2.085823,2.349176,1.199983,-1.334082e-07,9.334497e-06,7.543292e-07,-1.340708e-10,7.54449e-07,2.720036e-07,2.063238e-12,2.714382e-07
0.0001534019,2.97,2.97,1.2,0.3400355,1.935887,2.3862,1.199986,-3.297169e-07,4.195286e-05,2.085823,2.349176,1.199983,-1.32281e-07,9.441936e-06,7.543273e-07,-1.342115e-10,7.544484e-07,2.720036e-07,2.082556e-12,2.714378e-07
0.0001538019,2.97,2.97,1.2,0.3405453,1.935887,2.3862,1.199986,-3.281688e-07,4.209451e-05,2.085823,2.349176,1.199983,-1.311118e-07,9.548769e-06,7.543254e-07,-1.343528e-10,7.544478e-07,2.720036e-07,2.101652e-12,2.714374e-07
0.0001542019,2.97,2.97,1.2,0.3410552,1.935887,2.3862,1.199986,-3.266397e-07,4.223561e-05,2.085823,2.349176,1.199983,-1.299467e-07,9.654998e-06,7.543235e-07,-1.344929e-10,7.544473e-07,2.720036e-07,2.120304e-12,2.714369e-07
0.0001546019,2.97,2.97,1.2,0.3415651,1.935887,2.3862,1.199986,-3.251035e-07,4.237616e-05,2.085823,2.349176,1.199983,-1.288703e-07,9.760626e-06,7.543216e-07,-1.346323e-10,7.544467e-07,2.720036e-07,2.1394e-12,2.714365e-07
0.0001550019,2.97,2.97,1.2,0.3420751,1.935887,2.3862,1.199986,-3.23588e-07,4.251618e-05,2.085823,2.349176,1.199983,-1.277569e-07,9.865659e-06,7.543197e-07,-1.347709e-10,7.544461e-07,2.720036e-07,2.158496e-12,2.714361e-07
0.0001554019,2.97,2.97,1.2,0.3425852,1.935887,2.3862,1.199986,-3.220598e-07,4.265565e-05,2.085823,2.349176,1.199983,-1.266412e-07,9.970098e-06,7.543179e-07,-1.349088e-10,7.544456e-07,2.720036e-07,2.177147e-12,2.714356e-07
0.0001558019,2.97,2.97,1.2,0.3430952,1.935887,2.3862,1.199986,-3.205638e-07,4.279459e-05,2.085823,2.349176,1.199983,-1.255439e-07,1.007395e-05,7.54316e-07,-1.350462e-10,7.54445e-07,2.720036e-07,2.195355e-12,2.714352e-07
0.0001562019,2.97,2.97,1.2,0.3436054,1.935887,2.3862,1.199986,-3.190613e-07,4.293299e-05,2.085823,2.349176,1.199983,-1.244383e-07,1.017721e-05,7.543142e-07,-1.351828e-10,7.544445e-07,2.720035e-07,2.214229e-12,2.714348e-07
0.0001566019,2.97,2.97,1.2,0.3441156,1.935887,2.3862,1.199986,-3.175531e-07,4.307086e-05,2.085823,2.349176,1.199983,-1.233835e-07,1.027989e-05,7.543123e-07,-1.353182e-10,7.544439e-07,2.720035e-07,2.232436e-12,2.714344e-07
0.0001570019,2.97,2.97,1.2,0.3446258,1.935887,2.3862,1.199986,-3.160647e-07,4.32082e-05,2.085823,2.349176,1.199983,-1.222934e-07,1.038199e-05,7.543105e-07,-1.354536e-10,7.544434e-07,2.720035e-07,2.250422e-12,2.714339e-07
0.0001574019,2.97,2.97,1.2,0.3451361,1.935887,2.3862,1.199986,-3.145769e-07,4.334501e-05,2.085823,2.349176,1.199983,-1.211906e-07,1.048351e-05,7.543087e-07,-1.355878e-10,7.544428e-07,2.720035e-07,2.26863e-12,2.714335e-07
0.0001578019,2.97,2.97,1.2,0.3456464,1.935887,2.3862,1.199986,-3.130881e-07,4.34813e-05,2.085823,2.349176,1.199983,-1.201e-07,1.058446e-05,7.543068e-07,-1.357217e-10,7.544423e-07,2.720035e-07,2.286837e-12,2.714331e-07
0.0001582019,2.97,2.97,1.2,0.3461568,1.935887,2.3862,1.199986,-3.116157e-07,4.361706e-05,2.085823,2.349176,1.199983,-1.190583e-07,1.068484e-05,7.54305e-07,-1.358549e-10,7.544417e-07,2.720035e-07,2.304601e-12,2.714327e-07
0.0001586019,2.97,2.97,1.2,0.3466672,1.935887,2.3862,1.199986,-3.101456e-07,4.375229e-05,2.085823,2.349176,1.199983,-1.179684e-07,1.078465e-05,7.543032e-07,-1.35987e-10,7.544412e-07,2.720035e-07,2.322809e-12,2.714323e-07
0.0001590019,2.97,2.97,1.2,0.3471777,1.935887,2.3862,1.199986,-3.086821e-07,4.388701e-05,2.085823,2.349176,1.199983,-1.169249e-07,1.08839e-05,7.543015e-07,-1.361189e-10,7.544407e-07,2.720035e-07,2.34035e-12,2.714319e-07
0.0001594019,2.97,2.97,1.2,0.3476883,1.935887,2.3862,1.199986,-3.072188e-07,4.40212e-05,2.085823,2.349176,1.199983,-1.15907e-07,1.098259e-05,7.542997e-07,-1.362501e-10,7.544401e-07,2.720034e-07,2.357892e-12,2.714315e-07
0.0001598019,2.97,2.97,1.2,0.3481988,1.935887,2.3862,1.199986,-3.057668e-07,4.415488e-05,2.085823,2.349176,1.199983,-1.148532e-07,1.108072e-05,7.542979e-07,-1.363807e-10,7.544396e-07,2.720034e-07,2.375433e-12,2.714311e-07
0.0001602019,2.97,2.97,1.2,0.3487095,1.935887,2.3862,1.199986,-3.043253e-07,4.428805e-05,2.085823,2.349176,1.199983,-1.138309e-07,1.11783e-05,7.542962e-07,-1.365104e-10,7.544391e-07,2.720034e-07,2.392753e-12,2.714307e-07
0.0001606019,2.97,2.97,1.2,0.3492201,1.935887,2.3862,1.199986,-3.028844e-07,4.44207e-05,2.085823,2.349176,1.199983,-1.12783e-07,1.127533e-05,7.542944e-07,-1.366396e-10,7.544385e-07,2.720034e-07,2.410516e-12,2.714303e-07
0.0001610019,2.97,2.97,1.2,0.3497308,1.935887,2.3862,1.199986,-3.014439e-07,4.455284e-05,2.085823,2.349176,1.199983,-1.117662e-07,1.13718e-05,7.542927e-07,-1.367679e-10,7.54438e-07,2.720034e-07,2.42717e-12,2.714299e-07
0.0001614019,2.97,2.97,1.2,0.3502416,1.935887,2.3862,1.199986,-3.000154e-07,4.468447e-05,2.085823,2.349176,1.199983,-1.107342e-07,1.146774e-05,7.542909e-07,-1.368954e-10,7.544375e-07,2.720034e-07,2.444711e-12,2.714295e-07
0.0001618019,2.97,2.97,1.2,0.3507524,1.935887,2.3862,1.199986,-2.985806e-07,4.48156e-05,2.085823,2.349176,1.199983,-1.097331e-07,1.156313e-05,7.542892e-07,-1.370224e-10,7.54437e-07,2.720034e-07,2.461586e-12,2.714291e-07
0.0001622019,2.97,2.97,1.2,0.3512633,1.935887,2.3862,1.199986,-2.971652e-07,4.494622e-05,2.085823,2.349176,1.199983,-1.087106e-07,1.165798e-05,7.542875e-07,-1.37149e-10,7.544364e-07,2.720034e-07,2.478462e-12,2.714287e-07
0.0001626019,2.97,2.97,1.2,0.3517742,1.935887,2.3862,1.199986,-2.957544e-07,4.507634e-05,2.085823,2.349176,1.199983,-1.077298e-07,1.17523e-05,7.542858e-07,-1.372749e-10,7.544359e-07,2.720034e-07,2.495337e-12,2.714284e-07
0.0001630019,2.97,2.97,1.2,0.3522851,1.935887,2.3862,1.199986,-2.943432e-07,4.520595e-05,2.085823,2.349176,1.199983,-1.067336e-07,1.184608e-05,7.542841e-07,-1.374001e-10,7.544354e-07,2.720033e-07,2.512435e-12,2.71428e-07
0.0001634019,2.97,2.97,1.2,0.3527961,1.935887,2.3862,1.199986,-2.929377e-07,4.533507e-05,2.085823,2.349176,1.199983,-1.057725e-07,1.193934e-05,7.542824e-07,-1.375244e-10,7.544349e-07,2.720033e-07,2.528644e-12,2.714276e-07
0.0001638019,2.97,2.97,1.2,0.3533071,1.935887,2.3862,1.199986,-2.915389e-07,4.546369e-05,2.085823,2.349176,1.199983,-1.047336e-07,1.203207e-05,7.542807e-07,-1.376483e-10,7.544344e-07,2.720033e-07,2.545297e-12,2.714272e-07
0.0001642019,2.97,2.97,1.2,0.3538182,1.935887,2.3862,1.199986,-2.901459e-07,4.559182e-05,2.085823,2.349176,1.199983,-1.038051e-07,1.212427e-05,7.54279e-07,-1.377716e-10,7.544339e-07,2.720033e-07,2.561951e-12,2.714268e-07
0.0001646019,2.97,2.97,1.2,0.3543293,1.935887,2.3862,1.199986,-2.887639e-07,4.571945e-05,2.085823,2.349176,1.199983,-1.028157e-07,1.221595e-05,7.542773e-07,-1.378939e-10,7.544333e-07,2.720033e-07,2.57816e-12,2.714265e-07
0.0001650019,2.97,2.97,1.2,0.3548405,1.935887,2.3862,1.199986,-2.873767e-07,4.584659e-05,2.085823,2.349176,1.199983,-1.018571e-07,1.230712e-05,7.542757e-07,-1.380158e-10,7.544328e-07,2.720033e-07,2.594369e-12,2.714261e-07
0.0001654019,2.97,2.97,1.2,0.3553517,1.935887,2.3862,1.199986,-2.860024e-07,4.597324e-05,2.085823,2.349176,1.199983,-1.0085e-07,1.239777e-05,7.54274e-07,-1.381373e-10,7.544323e-07,2.720033e-07,2.610578e-12,2.714257e-07
0.0001658019,2.97,2.97,1.2,0.355863,1.935887,2.3862,1.199986,-2.84631e-07,4.60994e-05,2.085823,2.349176,1.199983,-9.989701e-08,1.248791e-05,7.542724e-07,-1.382578e-10,7.544318e-07,2.720033e-07,2.626788e-12,2.714253e-07
0.0001662019,2.97,2.97,1.2,0.3563742,1.935887,2.3862,1.199986,-2.83268e-07,4.622508e-05,2.085823,2.349176,1.199983,-9.898016e-08,1.257754e-05,7.542707e-07,-1.383782e-10,7.544313e-07,2.720033e-07,2.642553e-12,2.71425e-07
0.0001666019,2.97,2.97,1.2,0.3568856,1.935887,2.3862,1.199986,-2.819084e-07,4.635027e-05,2.085823,2.349176,1.199983,-9.805655e-08,1.266666e-05,7.542691e-07,-1.384977e-10,7.544308e-07,2.720032e-07,2.658762e-12,2.714246e-07
0.0001670019,2.97,2.97,1.2,0.3573969,1.935887,2.3862,1.199986,-2.8055e-07,4.647499e-05,2.085823,2.349176,1.199983,-9.706388e-08,1.275528e-05,7.542675e-07,-1.386167e-10,7.544303e-07,2.720032e-07,2.674305e-12,2.714243e-07
0.0001674019,2.97,2.97,1.2,0.3579084,1.935887,2.3862,1.199986,-2.791968e-07,4.659922e-05,2.085823,2.349176,1.199983,-9.6152e-08,1.28434e-05,7.542659e-07,-1.387348e-10,7.544298e-07,2.720032e-07,2.690292e-12,2.714239e-07
0.0001678019,2.97,2.97,1.2,0.3584198,1.935887,2.3862,1.199986,-2.778574e-07,4.672297e-05,2.085823,2.349176,1.199983,-9.521659e-08,1.293103e-05,7.542643e-07,-1.388523e-10,7.544293e-07,2.720032e-07,2.70628e-12,2.714235e-07
0.0001682019,2.97,2.97,1.2,0.3589313,1.935887,2.3862,1.199986,-2.765154e-07,4.684625e-05,2.085823,2.349176,1.199983,-9.428963e-08,1.301815e-05,7.542627e-07,-1.389693e-10,7.544288e-07,2.720032e-07,2.721601e-12,2.714232e-07
0.0001686019,2.97,2.97,1.2,0.3594428,1.935887,2.3862,1.199986,-2.751749e-07,4.696905e-05,2.085823,2.349176,1.199983,-9.338099e-08,1.310479e-05,7.542611e-07,-1.390856e-10,7.544284e-07,2.720032e-07,2.737144e-12,2.714228e-07
0.0001690019,2.97,2.97,1.2,0.3599544,1.935887,2.3862,1.199986,-2.73843e-07,4.709138e-05,2.085823,2.349176,1.199983,-9.245347e-08,1.319094e-05,7.542595e-07,-1.392013e-10,7.544279e-07,2.720032e-07,2.752243e-12,2.714225e-07
0.0001694019,2.97,2.97,1.2,0.360466,1.935887,2.3862,1.199986,-2.725177e-07,4.721323e-05,2.085823,2.349176,1.199983,-9.158027e-08,1.32766e-05,7.542579e-07,-1.393166e-10,7.544274e-07,2.720032e-07,2.767786e-12,2.714221e-07
0.0001698019,2.97,2.97,1.2,0.3609777,1.935887,2.3862,1.199986,-2.712027e-07,4.733462e-05,2.085823,2.349176,1.199983,-9.065449e-08,1.336177e-05,7.542563e-07,-1.394311e-10,7.544269e-07,2.720032e-07,2.783107e-12,2.714218e-07
0.0001700068,2.97,0.9419025,1.2,0.3600872,1.935825,2.386196,1.199908,-5.334186e-05,-0.008479229,2.085823,2.349175,1.199951,-4.863121e-05,-0.008900532,7.566267e-07,5.464162e-11,7.589781e-07,2.71991e-07,7.873258e-12,2.728488e-07
0.0001700104,2.97,0,1.2,0.3600517,1.935796,2.386199,1.199919,-5.394998e-05,-0.009097961,2.085823,2.349171,1.199846,-0.0001258004,-0.03283194,7.558086e-07,-5.243561e-11,7.596862e-07,2.729959e-07,-1.762435e-11,2.769441e-07
0.0001700298,2.97,0,1.2,0.359858,1.942456,2.386338,1.207692,0.0003673683,0.3313275,2.085822,2.349187,1.200353,8.085546e-05,0.04744237,5.912373e-07,5.236305e-10,5.578509e-07,2.681438e-07,2.547518e-12,2.640692e-07
0.0001702634,2.97,0,1.2,0.3575359,2.057074,2.33071,1.252016,3.844901e-05,1.237307,2.08812,2.350997,1.221651,5.376982e-05,0.7122814,1.929184e-08,2.07981e-10,1.05733e-08,1.240259e-07,1.578093e-11,1.190705e-07
0.0001706634,2.97,0,1.2,0.3535955,2.11113,2.287958,1.26632,5.76242e-06,1.265463,2.096202,2.348877,1.250321,2.515965e-05,1.122303,2.491308e-09,5.957235e-11,7.183782e-10,3.463592e-08,1.963141e-11,3.130674e-08
0.0001710634,2.97,0,1.2,0.3496986,2.133216,2.268126,1.269613,2.360812e-06,1.269309,2.104318,2.339968,1.267492,1.332393e-05,1.230909,1.090957e-09,3.214362e-11,2.475691e-10,1.176498e-08,1.766876e-11,9.663674e-09
0.0001714634,2.97,0,1.2,0.3458447,2.146813,2.255481,1.271141,1.354487e-06,1.270978,2.111301,2.32995,1.277779,7.642047e-06,1.264736,6.508456e-10,2.137202e-11,1.238316e-10,5.131601e-09,1.532641e-11,3.782004e-09
0.0001718634,2.97,0,1.2,0.3420333,2.156554,2.246266,1.272054,9.095873e-07,1.271948,2.117233,2.320634,1.284032,4.646815e-06,1.278116,4.452127e-10,1.571787e-11,7.205081e-11,2.755636e-09,1.34186e-11,1.849537e-09
0.0001722634,2.97,0,1.2,0.3382639,2.164108,2.239043,1.272673,6.697826e-07,1.272597,2.122335,2.312307,1.287982,3.014234e-06,1.28474,3.285978e-10,1.226308e-11,4.49667e-11,1.709311e-09,1.193934e-11,1.06289e-09
0.0001726634,2.97,0,1.2,0.3345361,2.170258,2.233118,1.273125,5.240815e-07,1.273068,2.126792,2.3049,1.290612,2.079067e-06,1.288595,2.543833e-10,9.944934e-12,2.879119e-11,1.168059e-09,1.078337e-11,6.797833e-10
0.0001730634,2.97,0,1.2,0.3308494,2.175435,2.228101,1.273473,4.2807e-07,1.273427,2.130739,2.298278,1.292453,1.510055e-06,1.291089,2.034e-10,8.288259e-12,1.824851e-11,8.534497e-10,9.862555e-12,4.671836e-10
0.0001734634,2.97,0,1.2,0.3272034,2.179898,2.223756,1.27375,3.609134e-07,1.273712,2.134276,2.292313,1.293798,1.143425e-06,1.29282,1.664116e-10,7.047918e-12,1.094058e-11,6.544569e-10,9.115819e-12,3.377565e-10
0.0001738634,2.97,0,1.2,0.3235975,2.183816,2.219925,1.273976,3.117777e-07,1.273945,2.137478,2.286899,1.294815,8.952912e-07,1.294083,1.384611e-10,6.085799e-12,5.625722e-12,5.204177e-10,8.499423e-12,2.534737e-10
0.0001742634,2.97,0,1.2,0.3200314,2.187305,2.216503,1.274165,2.744861e-07,1.274138,2.140401,2.28195,1.295604,7.203924e-07,1.295039,1.16665e-10,5.320189e-12,1.627143e-12,4.256652e-10,7.98317e-12,1.957172e-10
0.0001746634,2.97,0,1.2,0.3165047,2.190446,2.213411,1.274326,2.453725e-07,1.274302,2.143089,2.277397,1.296231,5.928939e-07,1.295783,9.923246e-11,4.69691e-12,-1.476153e-12,3.560784e-10,7.544187e-12,1.54543e-10
0.0001750634,2.97,0,1.2,0.3130168,2.193303,2.210593,1.274464,2.221039e-07,1.274443,2.145574,2.273184,1.296738,4.973184e-07,1.296376,8.500002e-11,4.180212e-12,-3.938183e-12,3.033753e-10,7.1676e-12,1.242277e-10
0.0001754634,2.97,0,1.2,0.3095674,2.19592,2.208004,1.274584,2.031035e-07,1.274565,2.147886,2.269267,1.297154,4.239603e-07,1.296856,7.318029e-11,3.745226e-12,-5.925926e-12,2.624274e-10,6.840306e-12,1.013234e-10
0.0001758634,2.97,0,1.2,0.306156,2.198334,2.205611,1.274689,1.873684e-07,1.274672,2.150046,2.265609,1.2975,3.66537e-07,1.297251,6.322112e-11,3.37419e-12,-7.565504e-12,2.299264e-10,6.554091e-12,8.362377e-11
0.0001762634,2.97,0,1.2,0.3027822,2.200573,2.203386,1.274782,1.74152e-07,1.274767,2.152073,2.262178,1.297791,3.207713e-07,1.297581,5.472585e-11,3.05489e-12,-8.929746e-12,2.036605e-10,6.301626e-12,6.969536e-11
0.0001766634,2.97,0,1.2,0.2994455,2.202661,2.201307,1.274865,1.628997e-07,1.27485,2.153982,2.258949,1.298037,2.837698e-07,1.297858,4.740149e-11,2.777112e-12,-1.008793e-11,1.820944e-10,6.077361e-12,5.855938e-11
0.0001770634,2.97,0,1.2,0.2961457,2.204615,2.199358,1.274939,1.532224e-07,1.274925,2.155785,2.255901,1.298248,2.534741e-07,1.298093,4.102796e-11,2.533751e-12,-1.107558e-11,1.641485e-10,5.876633e-12,4.952838e-11
0.0001774634,2.97,0,1.2,0.2928822,2.206453,2.197522,1.275005,1.448464e-07,1.274993,2.157493,2.253014,1.298429,2.283442e-07,1.298294,3.543504e-11,2.318368e-12,-1.192291e-11,1.490332e-10,5.695888e-12,4.211564e-11
0.0001778634,2.97,0,1.2,0.2896547,2.208186,2.195788,1.275065,1.375068e-07,1.275053,2.159116,2.250274,1.298586,2.073124e-07,1.298468,3.049252e-11,2.127187e-12,-1.266365e-11,1.361691e-10,5.53313e-12,3.596057e-11
0.0001782634,2.97,0,1.2,0.2864628,2.209825,2.194145,1.275119,1.310329e-07,1.275108,2.160662,2.247666,1.298722,1.895279e-07,1.298618,2.609674e-11,1.956213e-12,-1.331202e-11,1.25117e-10,5.385248e-12,3.081091e-11
0.0001786634,2.97,0,1.2,0.2833061,2.211381,2.192584,1.275168,1.252929e-07,1.275158,2.162137,2.245179,1.298841,1.743705e-07,1.298749,2.2165e-11,1.802114e-12,-1.387868e-11,1.155423e-10,5.250245e-12,2.645173e-11
0.0001790634,2.97,0,1.2,0.2801841,2.21286,2.191097,1.275213,1.201834e-07,1.275203,2.163548,2.242802,1.298945,1.613634e-07,1.298863,1.862664e-11,1.663558e-12,-1.438316e-11,1.071841e-10,5.126788e-12,2.274092e-11
0.0001794634,2.97,0,1.2,0.2770966,2.21427,2.189678,1.275254,1.155985e-07,1.275245,2.1649,2.240526,1.299037,1.501072e-07,1.298963,1.542872e-11,1.537437e-12,-1.483969e-11,9.983602e-11,5.013323e-12,1.956124e-11
0.0001798634,2.97,0,1.2,0.2740431,2.215617,2.188321,1.275291,1.114738e-07,1.275282,2.166197,2.238343,1.299118,1.403257e-07,1.299051,1.252976e-11,1.423084e-12,-1.524114e-11,9.333853e-11,4.908518e-12,1.681144e-11
0.0001802634,2.97,0,1.2,0.2710232,2.216906,2.187021,1.275325,1.077293e-07,1.275317,2.167444,2.236247,1.299189,1.317629e-07,1.299129,9.884775e-12,1.318057e-12,-1.560707e-11,8.756014e-11,4.811707e-12,1.442935e-11
0.0001806634,2.97,0,1.2,0.2680366,2.218141,2.185773,1.275357,1.043357e-07,1.275349,2.168645,2.23423,1.299252,1.242451e-07,1.299198,7.466897e-12,1.222134e-12,-1.593214e-11,8.239273e-11,4.721779e-12,1.234746e-11
0.0001810634,2.97,0,1.2,0.2650829,2.219328,2.184573,1.275385,1.01241e-07,1.275378,2.169802,2.232287,1.299308,1.175821e-07,1.299259,5.247016e-12,1.13376e-12,-1.623235e-11,7.774917e-11,4.638734e-12,1.052314e-11
0.0001814634,2.97,0,1.2,0.2621618,2.220469,2.183418,1.275412,9.840739e-08,1.275404,2.170919,2.230413,1.299357,1.116816e-07,1.299312,3.204127e-12,1.052047e-12,-1.650768e-11,7.355919e-11,4.560796e-12,8.915535e-12
0.0001818634,2.97,0,1.2,0.2592729,2.221568,2.182304,1.275436,9.578095e-08,1.275429,2.171999,2.228603,1.299401,1.06405e-07,1.29936,1.318654e-12,9.769963e-13,-1.675637e-11,6.976363e-11,4.488188e-12,7.48912e-12
0.0001822634,2.97,0,1.2,0.2564158,2.222628,2.18123,1.275458,9.339674e-08,1.275451,2.173043,2.226854,1.29944,1.016951e-07,1.299402,-4.265262e-13,9.074963e-13,-1.698375e-11,6.630975e-11,4.42002e-12,6.224354e-12
0.0001826634,2.97,0,1.2,0.2535902,2.223651,2.180191,1.275479,9.116638e-08,1.275472,2.174054,2.22516,1.299474,9.746054e-08,1.299439,-2.044857e-12,8.426593e-13,-1.718981e-11,6.315606e-11,4.355849e-12,5.096368e-12
0.0001830634,2.97,0,1.2,0.2507957,2.22464,2.179186,1.275497,8.912297e-08,1.275491,2.175034,2.22352,1.299504,9.364318e-08,1.299473,-3.550713e-12,7.829293e-13,-1.738876e-11,6.026548e-11,4.295897e-12,4.089173e-12
0.0001834634,2.97,0,1.2,0.2480321,2.225597,2.178213,1.275515,8.721637e-08,1.275508,2.175985,2.22193,1.299531,9.01917e-08,1.299502,-4.95487e-12,7.260859e-13,-1.756639e-11,5.760902e-11,4.239054e-12,3.185008e-12
0.0001838634,2.97,0,1.2,0.2452989,2.226523,2.17727,1.27553,8.543776e-08,1.275524,2.176908,2.220386,1.299555,8.705159e-08,1.299527,-6.264912e-12,6.743495e-13,-1.773159e-11,5.51599e-11,4.184875e-12,2.36966e-12
0.0001842634,2.97,0,1.2,0.2425958,2.227422,2.176355,1.275545,8.379583e-08,1.275539,2.177804,2.218887,1.299575,8.420727e-08,1.29955,-7.493771e-12,6.248335e-13,-1.788436e-11,5.29001e-11,4.134248e-12,1.636025e-12
0.0001846634,2.97,0,1.2,0.2399224,2.228294,2.175466,1.275558,8.225538e-08,1.275552,2.178677,2.21743,1.299593,8.162849e-08,1.29957,-8.642204e-12,5.795364e-13,-1.802647e-11,5.081643e-11,4.087619e-12,9.716672e-13
0.0001850634,2.97,0,1.2,0.2372786,2.229141,2.174603,1.27557,8.078948e-08,1.275565,2.179526,2.216013,1.299609,7.927598e-08,1.299587,-9.723033e-12,5.364598e-13,-1.816147e-11,4.889246e-11,4.043876e-12,3.694822e-13
0.0001854634,2.97,0,1.2,0.2346639,2.229964,2.173763,1.275581,7.943629e-08,1.275576,2.180354,2.214633,1.299623,7.710158e-08,1.299602,-1.073879e-11,4.953815e-13,-1.828937e-11,4.709551e-11,4.002132e-12,-1.811884e-13
0.0001858634,2.97,0,1.2,0.232078,2.230764,2.172945,1.275591,7.817756e-08,1.275586,2.181161,2.21329,1.299634,7.510995e-08,1.299615,-1.16943e-11,4.574119e-13,-1.840483e-11,4.541589e-11,3.96172e-12,-6.82121e-13
0.0001862634,2.97,0,1.2,0.2295206,2.231543,2.172149,1.2756,7.696615e-08,1.275595,2.181949,2.21198,1.299644,7.328019e-08,1.299626,-1.259626e-11,4.216627e-13,-1.851319e-11,4.384719e-11,3.923084e-12,-1.136868e-12
0.0001866634,2.97,0,1.2,0.2269914,2.232302,2.171372,1.275609,7.584544e-08,1.275604,2.182717,2.210702,1.299652,7.158721e-08,1.299635,-1.344867e-11,3.88134e-13,-1.861977e-11,4.237788e-11,3.886447e-12,-1.557865e-12
0.0001870634,2.97,0,1.2,0.22449,2.233042,2.170615,1.275616,7.477345e-08,1.275611,2.183467,2.209455,1.299658,7.002355e-08,1.299642,-1.425386e-11,3.563816e-13,-1.871214e-11,4.099996e-11,3.851364e-12,-1.943334e-12
0.0001874634,2.97,0,1.2,0.2220162,2.233764,2.169877,1.275623,7.377639e-08,1.275618,2.1842,2.208237,1.299663,6.856707e-08,1.299648,-1.501707e-11,3.259615e-13,-1.880629e-11,3.970405e-11,3.818057e-12,-2.295053e-12
0.0001878634,2.97,0,1.2,0.2195697,2.234468,2.169155,1.275628,7.281285e-08,1.275624,2.184917,2.207047,1.299667,6.723677e-08,1.299653,-1.573905e-11,2.975398e-13,-1.889511e-11,3.848666e-11,3.786083e-12,-2.616574e-12
0.0001882634,2.97,0,1.2,0.2171501,2.235155,2.168451,1.275634,7.191307e-08,1.275629,2.185618,2.205884,1.29967,6.598294e-08,1.299657,-1.642735e-11,2.706724e-13,-1.897149e-11,3.73372e-11,3.755662e-12,-2.915002e-12
0.0001886634,2.97,0,1.2,0.2147572,2.235826,2.167762,1.275638,7.105649e-08,1.275634,2.186303,2.204747,1.299671,6.482057e-08,1.299659,-1.707893e-11,2.449152e-13,-1.905143e-11,3.625589e-11,3.726575e-12,-3.190337e-12
0.0001890634,2.97,0,1.2,0.2123907,2.236483,2.167088,1.275642,7.024631e-08,1.275638,2.186975,2.203634,1.299672,6.37453e-08,1.29966,-1.769909e-11,2.207123e-13,-1.912781e-11,3.523091e-11,3.698375e-12,-3.444356e-12
0.0001894634,2.97,0,1.2,0.2100502,2.237125,2.166429,1.275645,6.94496e-08,1.275641,2.187632,2.202544,1.299672,6.273393e-08,1.29966,-1.82886e-11,1.976197e-13,-1.919176e-11,3.426321e-11,3.671063e-12,-3.680611e-12
0.0001898634,2.97,0,1.2,0.2077356,2.237753,2.165784,1.275648,6.872334e-08,1.275644,2.188276,2.201478,1.29967,6.179529e-08,1.29966,-1.885149e-11,1.754152e-13,-1.925571e-11,3.334757e-11,3.64575e-12,-3.899103e-12
0.0001902634,2.97,0,1.2,0.2054464,2.238367,2.165153,1.27565,6.804184e-08,1.275646,2.188908,2.200433,1.299668,6.091863e-08,1.299658,-1.938704e-11,1.552092e-13,-1.931788e-11,3.247515e-11,3.621325e-12,-4.099832e-12
0.0001906634,2.97,0,1.2,0.2031825,2.238969,2.164534,1.275652,6.735997e-08,1.275648,2.189527,2.199408,1.299666,6.009663e-08,1.299656,-1.989955e-11,1.352252e-13,-1.938005e-11,3.164774e-11,3.597567e-12,-4.289902e-12
0.0001910634,2.97,0,1.2,0.2009435,2.239559,2.163928,1.275653,6.672077e-08,1.275649,2.190134,2.198404,1.299662,5.93213e-08,1.299653,-2.038789e-11,1.165734e-13,-1.94369e-11,3.086351e-11,3.574918e-12,-4.460432e-12
0.0001914634,2.97,0,1.2,0.1987292,2.240137,2.163333,1.275654,6.61194e-08,1.27565,2.19073,2.19742,1.299658,5.859459e-08,1.299649,-2.085624e-11,9.836576e-14,-1.949196e-11,3.011445e-11,3.55227e-12,-4.62741e-12
0.0001918634,2.97,0,1.2,0.1965393,2.240703,2.16275,1.275655,6.55416e-08,1.27565,2.191315,2.196453,1.299653,5.792211e-08,1.299645,-2.130252e-11,8.171241e-14,-1.95417e-11,2.940156e-11,3.531397e-12,-4.774847e-12
0.0001922634,2.97,0,1.2,0.1943735,2.241259,2.162178,1.275654,6.497306e-08,1.27565,2.191889,2.195505,1.299648,5.728433e-08,1.29964,-2.172894e-11,6.505907e-14,-1.959144e-11,2.872103e-11,3.510747e-12,-4.916956e-12
0.0001926634,2.97,0,1.2,0.1922316,2.241804,2.161616,1.275654,6.443792e-08,1.27565,2.192454,2.194574,1.299642,5.667496e-08,1.299635,-2.213967e-11,4.951595e-14,-1.96394e-11,2.807235e-11,3.491429e-12,-5.051959e-12
0.0001930634,2.97,0,1.2,0.1901133,2.24234,2.161065,1.275653,6.390913e-08,1.275649,2.193008,2.19366,1.299636,5.610894e-08,1.299629,-2.253167e-11,3.530509e-14,-1.968381e-11,2.745091e-11,3.471889e-12,-5.170975e-12
0.0001934634,2.97,0,1.2,0.1880183,2.242865,2.160523,1.275652,6.341957e-08,1.275648,2.193553,2.192761,1.29963,5.557567e-08,1.299622,-2.290953e-11,2.087219e-14,-1.972467e-11,2.685804e-11,3.454126e-12,-5.286438e-12
0.0001938634,2.97,0,1.2,0.1859464,2.243381,2.159991,1.27565,6.295332e-08,1.275647,2.194089,2.191879,1.299622,5.506848e-08,1.299616,-2.327215e-11,7.771561e-15,-1.976908e-11,2.629107e-11,3.436584e-12,-5.393019e-12
0.0001942634,2.97,0,1.2,0.1838974,2.243888,2.159468,1.275649,6.248816e-08,1.275645,2.194616,2.191011,1.299615,5.45867e-08,1.299608,-2.361915e-11,-5.551115e-15,-1.980816e-11,2.57454e-11,3.419487e-12,-5.492495e-12
0.0001946634,2.97,0,1.2,0.1818709,2.244386,2.158954,1.275646,6.205444e-08,1.275643,2.195134,2.190158,1.299607,5.412803e-08,1.299601,-2.395038e-11,-1.731948e-14,-1.984191e-11,2.522627e-11,3.403056e-12,-5.588419e-12
0.0001950634,2.97,0,1.2,0.1798668,2.244876,2.158449,1.275644,6.164836e-08,1.27564,2.195645,2.189319,1.299599,5.37028e-08,1.299593,-2.427251e-11,-2.930989e-14,-1.988099e-11,2.472575e-11,3.387068e-12,-5.679013e-12
0.0001954634,2.97,0,1.2,0.1778847,2.245357,2.157952,1.275641,6.122653e-08,1.275637,2.196147,2.188494,1.29959,5.329979e-08,1.299584,-2.458137e-11,-4.063416e-14,-1.991296e-11,2.424369e-11,3.371081e-12,-5.760725e-12
0.0001958634,2.97,0,1.2,0.1759245,2.245831,2.157463,1.275638,6.083473e-08,1.275634,2.196641,2.187682,1.299581,5.291231e-08,1.299576,-2.487742e-11,-5.12923e-14,-1.994849e-11,2.378182e-11,3.356426e-12,-5.838885e-12
0.0001962634,2.97,0,1.2,0.1739859,2.246297,2.156982,1.275635,6.046983e-08,1.275631,2.197128,2.186882,1.299572,5.254962e-08,1.299567,-2.516397e-11,-6.150636e-14,-1.998579e-11,2.333661e-11,3.341993e-12,-5.911716e-12
0.0001966634,2.97,0,1.2,0.1720687,2.246756,2.156508,1.275631,6.009494e-08,1.275627,2.197607,2.186095,1.299563,5.219822e-08,1.299558,-2.543856e-11,-7.172041e-14,-2.001066e-11,2.291273e-11,3.327782e-12,-5.977441e-12
0.0001970634,2.97,0,1.2,0.1701725,2.247207,2.156042,1.275627,5.976225e-08,1.275624,2.19808,2.18532,1.299553,5.185895e-08,1.299548,-2.570414e-11,-8.104628e-14,-2.004441e-11,2.250089e-11,3.31446e-12,-6.043166e-12
0.0001974634,2.97,0,1.2,0.1682973,2.247651,2.155582,1.275623,5.942954e-08,1.27562,2.198545,2.184557,1.299543,5.155093e-08,1.299538,-2.596197e-11,-9.015011e-14,-2.007283e-11,2.210337e-11,3.300693e-12,-6.107115e-12
0.0001978634,2.97,0,1.2,0.1664428,2.248089,2.15513,1.275619,5.908428e-08,1.275615,2.199004,2.183805,1.299533,5.126043e-08,1.299528,-2.620893e-11,-9.85878e-14,-2.009948e-11,2.171946e-11,3.287592e-12,-6.163958e-12
0.0001982634,2.97,0,1.2,0.1646086,2.24852,2.154684,1.275614,5.876932e-08,1.275611,2.199456,2.183064,1.299523,5.09723e-08,1.299518,-2.644513e-11,-1.068035e-13,-2.012612e-11,2.135283e-11,3.275602e-12,-6.215473e-12
0.0001986634,2.97,0,1.2,0.1627947,2.248945,2.154245,1.275609,5.847844e-08,1.275606,2.199902,2.182334,1.299512,5.070782e-08,1.299508,-2.66765e-11,-1.14575e-13,-2.015277e-11,2.099752e-11,3.26339e-12,-6.266987e-12
0.0001990634,2.97,0,1.2,0.1610008,2.249363,2.153812,1.275604,5.819601e-08,1.275601,2.200342,2.181614,1.299501,5.044289e-08,1.299497,-2.689969e-11,-1.225686e-13,-2.017941e-11,2.065367e-11,3.251621e-12,-6.316725e-12
0.0001994634,2.97,0,1.2,0.1592266,2.249776,2.153385,1.275599,5.788794e-08,1.275596,2.200776,2.180904,1.299491,5.019454e-08,1.299486,-2.711301e-11,-1.298961e-13,-2.019718e-11,2.032133e-11,3.240075e-12,-6.36291e-12
0.0001998634,2.97,0,1.2,0.157472,2.250183,2.152965,1.275594,5.760486e-08,1.27559,2.201204,2.180204,1.299479,4.995851e-08,1.299475,-2.732214e-11,-1.365574e-13,-2.022382e-11,1.999995e-11,3.228751e-12,-6.403766e-12
0.0002002634,2.97,0,1.2,0.1557367,2.250584,2.15255,1.275588,5.734071e-08,1.275585,2.201626,2.179514,1.299468,4.9735e-08,1.299464,-2.7522e-11,-1.434408e-13,-2.024692e-11,1.969042e-11,3.21787e-12,-6.444623e-12
0.0002006634,2.97,0,1.2,0.1540206,2.250979,2.15214,1.275582,5.708796e-08,1.275579,2.202043,2.178833,1.299457,4.951726e-08,1.299453,-2.771579e-11,-1.498801e-13,-2.026646e-11,1.939008e-11,3.207212e-12,-6.478373e-12
0.0002010634,2.97,0,1.2,0.1523234,2.251369,2.151736,1.275576,5.683505e-08,1.275573,2.202455,2.178161,1.299445,4.931481e-08,1.299441,-2.790427e-11,-1.560974e-13,-2.029132e-11,1.909669e-11,3.196998e-12,-6.51923e-12
0.0002014634,2.97,0,1.2,0.1506448,2.251754,2.151338,1.27557,5.65873e-08,1.275567,2.202861,2.177498,1.299434,4.911231e-08,1.29943,-2.808657e-11,-1.625367e-13,-2.030909e-11,1.88166e-11,3.186784e-12,-6.551204e-12
0.0002018634,2.97,0,1.2,0.1489848,2.252134,2.150945,1.275564,5.634264e-08,1.275561,2.203262,2.176844,1.299422,4.892894e-08,1.299418,-2.826135e-11,-1.680878e-13,-2.032863e-11,1.854308e-11,3.177236e-12,-6.579626e-12
0.0002022634,2.97,0,1.2,0.147343,2.252509,2.150557,1.275558,5.613431e-08,1.275554,2.203659,2.176198,1.29941,4.874433e-08,1.299406,-2.843208e-11,-1.74083e-13,-2.034994e-11,1.827922e-11,3.16791e-12,-6.609824e-12
0.0002026634,2.97,0,1.2,0.1457194,2.252879,2.150173,1.275551,5.589622e-08,1.275548,2.20405,2.17556,1.299398,4.857951e-08,1.299394,-2.859726e-11,-1.787459e-13,-2.036948e-11,1.802194e-11,3.158362e-12,-6.641798e-12
0.0002030634,2.97,0,1.2,0.1441136,2.253244,2.149795,1.275544,5.56897e-08,1.275541,2.204437,2.17493,1.299386,4.840433e-08,1.299382,-2.875755e-11,-1.84075e-13,-2.038725e-11,1.777345e-11,3.149259e-12,-6.668444e-12
0.0002034634,2.97,0,1.2,0.1425255,2.253605,2.149421,1.275537,5.54718e-08,1.275534,2.204819,2.174308,1.299374,4.824713e-08,1.29937,-2.89121e-11,-1.885159e-13,-2.040323e-11,1.753124e-11,3.140155e-12,-6.695089e-12
0.0002038634,2.97,0,1.2,0.140955,2.253961,2.149052,1.27553,5.526974e-08,1.275527,2.205196,2.173694,1.299361,4.810442e-08,1.299358,-2.906167e-11,-1.938449e-13,-2.041922e-11,1.729785e-11,3.131939e-12,-6.719958e-12
0.0002042634,2.97,0,1.2,0.1394017,2.254313,2.148688,1.275523,5.506828e-08,1.27552,2.205569,2.173087,1.299349,4.795395e-08,1.299346,-2.920878e-11,-1.980638e-13,-2.043699e-11,1.706723e-11,3.123501e-12,-6.743051e-12
0.0002046634,2.97,0,1.2,0.1378656,2.254661,2.148327,1.275516,5.48764e-08,1.275513,2.205938,2.172487,1.299336,4.7807e-08,1.299333,-2.935002e-11,-2.020606e-13,-2.045297e-11,1.684686e-11,3.11573e-12,-6.76259e-12
0.0002050634,2.97,0,1.2,0.1363464,2.255004,2.147972,1.275508,5.466975e-08,1.275505,2.206303,2.171895,1.299324,4.767465e-08,1.299321,-2.948647e-11,-2.060574e-13,-2.046541e-11,1.663191e-11,3.10707e-12,-6.78213e-12
0.0002054634,2.97,0,1.2,0.1348439,2.255344,2.14762,1.275501,5.451132e-08,1.275498,2.206664,2.171309,1.299311,4.75461e-08,1.299308,-2.962063e-11,-2.102762e-13,-2.048317e-11,1.642221e-11,3.099521e-12,-6.80167e-12
0.0002058634,2.97,0,1.2,0.133358,2.255679,2.147272,1.275493,5.432295e-08,1.27549,2.20702,2.17073,1.299298,4.742352e-08,1.299295,-2.975036e-11,-2.14273e-13,-2.049738e-11,1.621896e-11,3.091749e-12,-6.82121e-12
0.0002062634,2.97,0,1.2,0.1318884,2.256011,2.146929,1.275485,5.414397e-08,1.275482,2.207373,2.170158,1.299286,4.73031e-08,1.299283,-2.987538e-11,-2.178258e-13,-2.051515e-11,1.601928e-11,3.083978e-12,-6.837197e-12
0.0002066634,2.97,0,1.2,0.1304351,2.256339,2.146589,1.275478,5.39781e-08,1.275475,2.207722,2.169592,1.299273,4.7185e-08,1.29927,-2.999854e-11,-2.216005e-13,-2.052936e-11,1.582823e-11,3.076872e-12,-6.854961e-12
0.0002070634,2.97,0,1.2,0.1289977,2.256663,2.146253,1.27547,5.382063e-08,1.275467,2.208067,2.169033,1.29926,4.707722e-08,1.299257,-3.011754e-11,-2.244871e-13,-2.054001e-11,1.563888e-11,3.070211e-12,-6.869172e-12
0.0002074634,2.97,0,1.2,0.1275762,2.256983,2.145921,1.275461,5.365487e-08,1.275458,2.208408,2.168479,1.299247,4.696859e-08,1.299244,-3.023183e-11,-2.275957e-13,-2.055422e-11,1.545428e-11,3.063105e-12,-6.881606e-12
0.0002078634,2.97,0,1.2,0.1261704,2.2573,2.145592,1.275453,5.350234e-08,1.27545,2.208746,2.167932,1.299234,4.686868e-08,1.299231,-3.034374e-11,-2.309264e-13,-2.056666e-11,1.527704e-11,3.056222e-12,-6.894041e-12
0.0002082634,2.97,0,1.2,0.12478,2.257614,2.145267,1.275445,5.336335e-08,1.275442,2.20908,2.167391,1.299221,4.676874e-08,1.299218,-3.045267e-11,-2.335909e-13,-2.058087e-11,1.510365e-11,3.049561e-12,-6.913581e-12
0.0002086634,2.97,0,1.2,0.123405,2.257924,2.144946,1.275436,5.318297e-08,1.275433,2.209411,2.166856,1.299208,4.668207e-08,1.299205,-3.055858e-11,-2.364775e-13,-2.058975e-11,1.493278e-11,3.042677e-12,-6.920686e-12
0.0002090634,2.97,0,1.2,0.1220452,2.258231,2.144628,1.275428,5.303442e-08,1.275425,2.209739,2.166326,1.299195,4.657682e-08,1.299192,-3.066199e-11,-2.393641e-13,-2.060396e-11,1.476803e-11,3.036682e-12,-6.931344e-12
0.0002094634,2.97,0,1.2,0.1207003,2.258534,2.144313,1.275419,5.290934e-08,1.275416,2.210063,2.165802,1.299181,4.649428e-08,1.299179,-3.076222e-11,-2.422507e-13,-2.061817e-11,1.460493e-11,3.030465e-12,-6.945555e-12
0.0002098634,2.97,0,1.2,0.1193702,2.258835,2.144002,1.27541,5.278375e-08,1.275407,2.210384,2.165283,1.299168,4.640635e-08,1.299165,-3.085988e-11,-2.444711e-13,-2.062883e-11,1.444902e-11,3.024025e-12,-6.952661e-12
0.0002102634,2.97,0,1.2,0.1180548,2.259132,2.143693,1.275402,5.263134e-08,1.275399,2.210702,2.164769,1.299155,4.632149e-08,1.299152,-3.095464e-11,-2.471356e-13,-2.063594e-11,1.429492e-11,3.01803e-12,-6.963319e-12
0.0002106634,2.97,0,1.2,0.1167539,2.259426,2.143388,1.275393,5.249722e-08,1.27539,2.211017,2.164261,1.299141,4.623889e-08,1.299139,-3.104565e-11,-2.495781e-13,-2.064837e-11,1.414619e-11,3.012479e-12,-6.972201e-12
0.0002110634,2.97,0,1.2,0.1154673,2.259717,2.143086,1.275384,5.238232e-08,1.275381,2.211328,2.163758,1.299128,4.617238e-08,1.299125,-3.113651e-11,-2.515765e-13,-2.066081e-11,1.399703e-11,3.006484e-12,-6.979306e-12
0.0002114634,2.97,0,1.2,0.1141949,2.260006,2.142787,1.275375,5.223347e-08,1.275372,2.211637,2.16326,1.299115,4.609309e-08,1.299112,-3.12241e-11,-2.53797e-13,-2.066969e-11,1.385468e-11,3.001155e-12,-6.989964e-12
0.0002118634,2.97,0,1.2,0.1129365,2.260291,2.142491,1.275365,5.211496e-08,1.275363,2.211943,2.162767,1.299101,4.602396e-08,1.299099,-3.131122e-11,-2.560174e-13,-2.067502e-11,1.371455e-11,2.995604e-12,-6.99707e-12
0.0002122634,2.97,0,1.2,0.111692,2.260574,2.142198,1.275356,5.200387e-08,1.275353,2.212246,2.162279,1.299088,4.594549e-08,1.299085,-3.139407e-11,-2.575717e-13,-2.068745e-11,1.357695e-11,2.989831e-12,-7.004175e-12
0.0002126634,2.97,0,1.2,0.1104612,2.260854,2.141908,1.275347,5.188676e-08,1.275344,2.212546,2.161796,1.299074,4.587891e-08,1.299072,-3.147295e-11,-2.597922e-13,-2.069811e-11,1.344494e-11,2.984502e-12,-7.013057e-12
0.0002130634,2.97,0,1.2,0.109244,2.261131,2.141621,1.275337,5.177024e-08,1.275335,2.212843,2.161317,1.299061,4.581621e-08,1.299058,-3.155275e-11,-2.611245e-13,-2.070699e-11,1.33131e-11,2.979395e-12,-7.018386e-12
0.0002134634,2.97,0,1.2,0.1080402,2.261405,2.141336,1.275328,5.165727e-08,1.275325,2.213138,2.160843,1.299047,4.574699e-08,1.299045,-3.162925e-11,-2.633449e-13,-2.071765e-11,1.318718e-11,2.974065e-12,-7.027268e-12
0.0002138634,2.97,0,1.2,0.1068496,2.261677,2.141054,1.275318,5.154106e-08,1.275316,2.21343,2.160373,1.299034,4.570325e-08,1.299031,-3.170578e-11,-2.646772e-13,-2.072476e-11,1.305952e-11,2.96918e-12,-7.03082e-12
0.0002142634,2.97,0,1.2,0.1056722,2.261947,2.140775,1.275309,5.142384e-08,1.275306,2.213719,2.159908,1.29902,4.563869e-08,1.299018,-3.17787e-11,-2.660094e-13,-2.073541e-11,1.293809e-11,2.964073e-12,-7.036149e-12
0.0002146634,2.97,0,1.2,0.1045077,2.262214,2.140498,1.275299,5.133576e-08,1.275296,2.214006,2.159447,1.299007,4.558288e-08,1.299004,-3.184991e-11,-2.675637e-13,-2.074252e-11,1.281884e-11,2.959188e-12,-7.037926e-12
0.0002150634,2.97,0,1.2,0.1033561,2.262478,2.140224,1.275289,5.122016e-08,1.275286,2.21429,2.15899,1.298993,4.551294e-08,1.298991,-3.191857e-11,-2.691181e-13,-2.075318e-11,1.270214e-11,2.954748e-12,-7.043255e-12
0.0002154634,2.97,0,1.2,0.1022172,2.26274,2.139953,1.275279,5.111908e-08,1.275277,2.214572,2.158537,1.29898,4.548365e-08,1.298977,-3.198747e-11,-2.704503e-13,-2.075851e-11,1.258571e-11,2.949196e-12,-7.048584e-12
0.0002158634,2.97,0,1.2,0.1010908,2.263,2.139684,1.27527,5.102214e-08,1.275267,2.214851,2.158089,1.298966,4.542404e-08,1.298963,-3.205221e-11,-2.717826e-13,-2.076739e-11,1.247385e-11,2.9452e-12,-7.053913e-12
0.0002162634,2.97,0,1.2,0.0999768,2.263257,2.139417,1.27526,5.092236e-08,1.275257,2.215128,2.157645,1.298952,4.537262e-08,1.29895,-3.211881e-11,-2.731149e-13,-2.077627e-11,1.236438e-11,2.940759e-12,-7.059242e-12
0.0002166634,2.97,0,1.2,0.0988751,2.263512,2.139152,1.27525,5.083587e-08,1.275247,2.215403,2.157204,1.298939,4.532934e-08,1.298936,-3.217962e-11,-2.74003e-13,-2.078515e-11,1.225591e-11,2.936318e-12,-7.061018e-12
0.0002170634,2.97,0,1.2,0.09778554,2.263765,2.13889,1.275239,5.073862e-08,1.275237,2.215675,2.156768,1.298925,4.527919e-08,1.298922,-3.224455e-11,-2.751133e-13,-2.07887e-11,1.214973e-11,2.932099e-12,-7.062795e-12
0.0002174634,2.97,0,1.2,0.09670798,2.264015,2.138631,1.275229,5.063792e-08,1.275227,2.215945,2.156335,1.298911,4.523129e-08,1.298909,-3.230304e-11,-2.764455e-13,-2.079581e-11,1.204613e-11,2.92788e-12,-7.0699e-12
0.0002178634,2.97,0,1.2,0.0956423,2.264264,2.138373,1.275219,5.055209e-08,1.275216,2.216213,2.155906,1.298898,4.519302e-08,1.298895,-3.236079e-11,-2.773337e-13,-2.080647e-11,1.1945e-11,2.923661e-12,-7.0699e-12
0.0002182634,2.97,0,1.2,0.09458837,2.26451,2.138118,1.275209,5.044791e-08,1.275206,2.216479,2.155481,1.298884,4.514734e-08,1.298881,-3.24174e-11,-2.784439e-13,-2.08118e-11,1.184407e-11,2.919665e-12,-7.075229e-12
0.0002186634,2.97,0,1.2,0.09354605,2.264754,2.137865,1.275198,5.038695e-08,1.275196,2.216742,2.155059,1.29887,4.510587e-08,1.298868,-3.247427e-11,-2.795542e-13,-2.082068e-11,1.174758e-11,2.915446e-12,-7.075229e-12
0.0002190634,2.97,0,1.2,0.09251521,2.264996,2.137614,1.275188,5.027707e-08,1.275185,2.217004,2.154641,1.298856,4.507459e-08,1.298854,-3.252819e-11,-2.806644e-13,-2.082601e-11,1.165144e-11,2.911671e-12,-7.075229e-12
0.0002194634,2.97,0,1.2,0.09149573,2.265236,2.137365,1.275178,5.021371e-08,1.275175,2.217263,2.154226,1.298843,4.504068e-08,1.29884,-3.258232e-11,-2.808864e-13,-2.083489e-11,1.155761e-11,2.90723e-12,-7.078782e-12
0.0002198634,2.97,0,1.2,0.09048749,2.265474,2.137118,1.275167,5.013462e-08,1.275165,2.21752,2.153815,1.298829,4.499073e-08,1.298827,-3.263398e-11,-2.819966e-13,-2.084199e-11,1.146508e-11,2.903455e-12,-7.082335e-12
0.0002202634,2.97,0,1.2,0.08949036,2.265711,2.136874,1.275157,5.005613e-08,1.275154,2.217776,2.153407,1.298815,4.49536e-08,1.298813,-3.268405e-11,-2.826628e-13,-2.084555e-11,1.137379e-11,2.899458e-12,-7.080558e-12
0.0002206634,2.97,0,1.2,0.08850422,2.265945,2.136631,1.275146,4.996718e-08,1.275143,2.218029,2.153003,1.298802,4.491609e-08,1.298799,-3.273568e-11,-2.828848e-13,-2.085443e-11,1.128669e-11,2.896128e-12,-7.082335e-12
0.0002210634,2.97,0,1.2,0.08752894,2.266177,2.13639,1.275135,4.988921e-08,1.275133,2.21828,2.152602,1.298788,4.488569e-08,1.298785,-3.278316e-11,-2.83773e-13,-2.085621e-11,1.119945e-11,2.892353e-12,-7.085887e-12
0.0002214634,2.97,0,1.2,0.08656441,2.266408,2.136151,1.275125,4.981705e-08,1.275122,2.218529,2.152204,1.298774,4.485437e-08,1.298772,-3.28306e-11,-2.844391e-13,-2.086686e-11,1.111339e-11,2.888578e-12,-7.084111e-12
0.0002218634,2.97,0,1.2,0.08561051,2.266636,2.135915,1.275114,4.974837e-08,1.275111,2.218777,2.151809,1.29876,4.480782e-08,1.298758,-3.287698e-11,-2.853273e-13,-2.087219e-11,1.10301e-11,2.885248e-12,-7.084111e-12
0.0002222634,2.97,0,1.2,0.08466712,2.266863,2.13568,1.275103,4.967892e-08,1.275101,2.219023,2.151418,1.298747,4.479542e-08,1.298744,-3.292403e-11,-2.853273e-13,-2.087752e-11,1.094707e-11,2.881917e-12,-7.085887e-12
0.0002226634,2.97,0,1.2,0.08373412,2.267088,2.135447,1.275092,4.959941e-08,1.27509,2.219266,2.151029,1.298733,4.476232e-08,1.29873,-3.2966e-11,-2.862155e-13,-2.088285e-11,1.086601e-11,2.878142e-12,-7.087664e-12
0.0002230634,2.97,0,1.2,0.08281141,2.267311,2.135215,1.275082,4.95313e-08,1.275079,2.219508,2.150644,1.298719,4.473076e-08,1.298717,-3.301028e-11,-2.862155e-13,-2.088818e-11,1.078779e-11,2.874811e-12,-7.087664e-12
0.0002234634,2.97,0,1.2,0.08189887,2.267533,2.134986,1.275071,4.945417e-08,1.275068,2.219749,2.150262,1.298705,4.46939e-08,1.298703,-3.305239e-11,-2.868816e-13,-2.089529e-11,1.071032e-11,2.871481e-12,-7.087664e-12
0.0002238634,2.97,0,1.2,0.08099638,2.267753,2.134758,1.27506,4.940022e-08,1.275057,2.219987,2.149882,1.298692,4.467682e-08,1.298689,-3.309466e-11,-2.875478e-13,-2.089706e-11,1.063142e-11,2.86815e-12,-7.08944e-12
0.0002242634,2.97,0,1.2,0.08010383,2.267971,2.134532,1.275049,4.933623e-08,1.275046,2.220224,2.149506,1.298678,4.464787e-08,1.298675,-3.313485e-11,-2.877698e-13,-2.090772e-11,1.055665e-11,2.865486e-12,-7.087664e-12
0.0002246634,2.97,0,1.2,0.07922112,2.268187,2.134308,1.275038,4.92597e-08,1.275035,2.220459,2.149132,1.298664,4.462078e-08,1.298662,-3.317398e-11,-2.879919e-13,-2.090772e-11,1.04822e-11,2.861933e-12,-7.087664e-12
0.0002250634,2.97,0,1.2,0.07834814,2.268402,2.134085,1.275027,4.920147e-08,1.275024,2.220692,2.148761,1.29865,4.45988e-08,1.298648,-3.321354e-11,-2.884359e-13,-2.091483e-11,1.040978e-11,2.858602e-12,-7.08944e-12
0.0002254634,2.97,0,1.2,0.07748478,2.268616,2.133864,1.275015,4.912938e-08,1.275013,2.220924,2.148393,1.298637,4.457638e-08,1.298634,-3.325122e-11,-2.882139e-13,-2.09166e-11,1.033647e-11,2.855494e-12,-7.085887e-12
0.0002258634,2.97,0,1.2,0.07663093,2.268827,2.133645,1.275004,4.906903e-08,1.275002,2.221154,2.148028,1.298623,4.454884e-08,1.29862,-3.328763e-11,-2.88658e-13,-2.092726e-11,1.026597e-11,2.852607e-12,-7.08944e-12
0.0002262634,2.97,0,1.2,0.07578649,2.269037,2.133427,1.274993,4.901485e-08,1.27499,2.221382,2.147665,1.298609,4.452681e-08,1.298607,-3.332448e-11,-2.8888e-13,-2.092904e-11,1.019649e-11,2.84972e-12,-7.087664e-12
0.0002266634,2.97,0,1.2,0.07495136,2.269246,2.133211,1.274982,4.894271e-08,1.274979,2.221609,2.147305,1.298595,4.451009e-08,1.298593,-3.336065e-11,-2.891021e-13,-2.093081e-11,1.012767e-11,2.847056e-12,-7.08944e-12
0.0002270634,2.97,0,1.2,0.07412543,2.269453,2.132997,1.274971,4.886956e-08,1.274968,2.221835,2.146948,1.298582,4.448264e-08,1.298579,-3.339488e-11,-2.891021e-13,-2.093969e-11,1.006091e-11,2.843281e-12,-7.085887e-12
0.0002274634,2.97,0,1.2,0.0733086,2.269659,2.132784,1.274959,4.882913e-08,1.274957,2.222058,2.146593,1.298568,4.446211e-08,1.298565,-3.343018e-11,-2.893241e-13,-2.094325e-11,9.994645e-12,2.841283e-12,-7.084111e-12
0.0002278634,2.97,0,1.2,0.07250077,2.269863,2.132572,1.274948,4.877107e-08,1.274945,2.222281,2.146241,1.298554,4.444033e-08,1.298552,-3.34627e-11,-2.897682e-13,-2.09468e-11,9.930597e-12,2.837952e-12,-7.084111e-12
0.0002282634,2.97,0,1.2,0.07170185,2.270066,2.132362,1.274936,4.872479e-08,1.274934,2.222501,2.145891,1.29854,4.441145e-08,1.298538,-3.349528e-11,-2.893241e-13,-2.095391e-11,9.866527e-12,2.83551e-12,-7.085887e-12
0.0002286634,2.97,0,1.2,0.07091173,2.270267,2.132154,1.274925,4.865361e-08,1.274922,2.222721,2.145544,1.298527,4.439067e-08,1.298524,-3.352671e-11,-2.899903e-13,-2.095746e-11,9.805275e-12,2.832623e-12,-7.084111e-12
0.0002290634,2.97,0,1.2,0.07013031,2.270467,2.131947,1.274914,4.85998e-08,1.274911,2.222938,2.145199,1.298513,4.437534e-08,1.29851,-3.355933e-11,-2.895462e-13,-2.096101e-11,9.741642e-12,2.829736e-12,-7.085887e-12
0.0002294634,2.97,0,1.2,0.06935751,2.270665,2.131742,1.274902,4.854748e-08,1.2749,2.223155,2.144857,1.298499,4.436559e-08,1.298497,-3.358896e-11,-2.895462e-13,-2.096634e-11,9.680251e-12,2.827294e-12,-7.080558e-12
0.0002298634,2.97,0,1.2,0.06859322,2.270863,2.131538,1.274891,4.84937e-08,1.274888,2.22337,2.144517,1.298485,4.434099e-08,1.298483,-3.361953e-11,-2.899903e-13,-2.097167e-11,9.621779e-12,2.824629e-12,-7.082335e-12
0.0002302634,2.97,0,1.2,0.06783735,2.271058,2.131335,1.274879,4.845262e-08,1.274876,2.223584,2.14418,1.298472,4.433459e-08,1.298469,-3.364959e-11,-2.897682e-13,-2.0977e-11,9.562189e-12,2.821965e-12,-7.080558e-12
0.0002306634,2.97,0,1.2,0.06708981,2.271253,2.131134,1.274867,4.840372e-08,1.274865,2.223796,2.143844,1.298458,4.430607e-08,1.298456,-3.367814e-11,-2.902123e-13,-2.097877e-11,9.502991e-12,2.8193e-12,-7.082335e-12
0.0002310634,2.97,0,1.2,0.06635051,2.271446,2.130934,1.274856,4.835306e-08,1.274853,2.224007,2.143511,1.298444,4.429494e-08,1.298442,-3.370621e-11,-2.897682e-13,-2.098233e-11,9.447579e-12,2.817302e-12,-7.082335e-12
0.0002314634,2.97,0,1.2,0.06561936,2.271638,2.130735,1.274844,4.828889e-08,1.274842,2.224216,2.14318,1.298431,4.427317e-08,1.298428,-3.373335e-11,-2.895462e-13,-2.09841e-11,9.390469e-12,2.814193e-12,-7.077006e-12
0.0002318634,2.97,0,1.2,0.06489627,2.271828,2.130538,1.274832,4.824764e-08,1.27483,2.224424,2.142852,1.298417,4.426444e-08,1.298414,-3.375887e-11,-2.895462e-13,-2.099299e-11,9.333883e-12,2.811751e-12,-7.075229e-12
0.0002322634,2.97,0,1.2,0.06418114,2.272018,2.130342,1.274821,4.820608e-08,1.274818,2.224631,2.142526,1.298403,4.423851e-08,1.298401,-3.378649e-11,-2.897682e-13,-2.099476e-11,9.279123e-12,2.809308e-12,-7.073453e-12
0.0002326634,2.97,0,1.2,0.06347389,2.272206,2.130147,1.274809,4.816031e-08,1.274806,2.224837,2.142202,1.29839,4.423373e-08,1.298387,-3.381341e-11,-2.897682e-13,-2.099831e-11,9.225633e-12,2.807754e-12,-7.073453e-12
0.0002330634,2.97,0,1.2,0.06277444,2.272393,2.129954,1.274797,4.810204e-08,1.274795,2.225041,2.14188,1.298376,4.421883e-08,1.298373,-3.383696e-11,-2.8888e-13,-2.100009e-11,9.172969e-12,2.804645e-12,-7.073453e-12
0.0002334634,2.97,0,1.2,0.06208269,2.272578,2.129762,1.274785,4.805085e-08,1.274783,2.225244,2.14156,1.298362,4.41993e-08,1.29836,-3.38631e-11,-2.893241e-13,-2.100542e-11,9.119639e-12,2.802203e-12,-7.073453e-12
0.0002338634,2.97,0,1.2,0.06139857,2.272763,2.129571,1.274774,4.801407e-08,1.274771,2.225446,2.141242,1.298348,4.418911e-08,1.298346,-3.388914e-11,-2.8888e-13,-2.101075e-11,9.068474e-12,2.800205e-12,-7.0699e-12
0.0002342634,2.97,0,1.2,0.06072198,2.272946,2.129382,1.274762,4.79603e-08,1.274759,2.225647,2.140926,1.298335,4.417883e-08,1.298332,-3.391104e-11,-2.88658e-13,-2.10143e-11,9.017144e-12,2.797984e-12,-7.068124e-12
0.0002346634,2.97,0,1.2,0.06005285,2.273128,2.129193,1.27475,4.792458e-08,1.274747,2.225846,2.140612,1.298321,4.41608e-08,1.298319,-3.393573e-11,-2.88658e-13,-2.101785e-11,8.966108e-12,2.796208e-12,-7.064571e-12
0.0002350634,2.97,0,1.2,0.0593911,2.273309,2.129006,1.274738,4.788334e-08,1.274735,2.226044,2.140301,1.298308,4.415414e-08,1.298305,-3.395945e-11,-2.882139e-13,-2.101963e-11,8.9174e-12,2.793543e-12,-7.066348e-12
0.0002354634,2.97,0,1.2,0.05873664,2.273489,2.12882,1.274726,4.7838e-08,1.274724,2.226241,2.139991,1.298294,4.413336e-08,1.298291,-3.398068e-11,-2.884359e-13,-2.102141e-11,8.869011e-12,2.791767e-12,-7.062795e-12
0.0002358634,2.97,0,1.2,0.05808938,2.273667,2.128635,1.274714,4.779087e-08,1.274712,2.226437,2.139683,1.29828,4.412022e-08,1.298278,-3.400331e-11,-2.882139e-13,-2.102496e-11,8.820355e-12,2.789324e-12,-7.062795e-12
0.0002362634,2.97,0,1.2,0.05744927,2.273845,2.128452,1.274702,4.776607e-08,1.2747,2.226632,2.139377,1.298267,4.411199e-08,1.298264,-3.402486e-11,-2.879919e-13,-2.103029e-11,8.772993e-12,2.787104e-12,-7.057466e-12
0.0002366634,2.97,0,1.2,0.0568162,2.274021,2.128269,1.27469,4.772096e-08,1.274688,2.226826,2.139073,1.298253,4.410193e-08,1.298251,-3.404644e-11,-2.877698e-13,-2.103384e-11,8.725995e-12,2.785105e-12,-7.059242e-12
0.0002370634,2.97,0,1.2,0.05619011,2.274196,2.128088,1.274678,4.76753e-08,1.274676,2.227018,2.138771,1.298239,4.409151e-08,1.298237,-3.406588e-11,-2.873257e-13,-2.103562e-11,8.6803e-12,2.782885e-12,-7.057466e-12
0.0002374634,2.97,0,1.2,0.05557092,2.274371,2.127908,1.274666,4.763948e-08,1.274663,2.227209,2.138471,1.298226,4.407368e-08,1.298223,-3.408836e-11,-2.868816e-13,-2.103739e-11,8.635142e-12,2.780887e-12,-7.053913e-12
0.0002378634,2.97,0,1.2,0.05495856,2.274544,2.127728,1.274654,4.759712e-08,1.274651,2.2274,2.138173,1.298212,4.407131e-08,1.29821,-3.410658e-11,-2.866596e-13,-2.104272e-11,8.588129e-12,2.77911e-12,-7.05036e-12
0.0002382634,2.97,0,1.2,0.05435294,2.274716,2.12755,1.274642,4.75636e-08,1.274639,2.227589,2.137876,1.298199,4.405635e-08,1.298196,-3.412874e-11,-2.864375e-13,-2.10445e-11,8.545086e-12,2.777334e-12,-7.055689e-12
0.0002386634,2.97,0,1.2,0.05375399,2.274887,2.127373,1.27463,4.751693e-08,1.274627,2.227777,2.137582,1.298185,4.40468e-08,1.298182,-3.414636e-11,-2.862155e-13,-2.104805e-11,8.501658e-12,2.775113e-12,-7.05036e-12
0.0002390634,2.97,0,1.2,0.05316165,2.275057,2.127197,1.274617,4.748115e-08,1.274615,2.227964,2.137289,1.298171,4.403795e-08,1.298169,-3.41666e-11,-2.855494e-13,-2.10516e-11,8.457184e-12,2.773115e-12,-7.048584e-12
0.0002394634,2.97,0,1.2,0.05257583,2.275226,2.127023,1.274605,4.743976e-08,1.274603,2.22815,2.136998,1.298158,4.403682e-08,1.298155,-3.418534e-11,-2.855494e-13,-2.105516e-11,8.415811e-12,2.771117e-12,-7.045031e-12
0.0002398634,2.97,0,1.2,0.05199647,2.275394,2.126849,1.274593,4.739922e-08,1.274591,2.228335,2.136708,1.298144,4.401734e-08,1.298142,-3.420257e-11,-2.851053e-13,-2.105871e-11,8.374726e-12,2.769562e-12,-7.045031e-12
0.0002402634,2.97,0,1.2,0.05142349,2.275561,2.126676,1.274581,4.739033e-08,1.274578,2.228519,2.136421,1.298131,4.401043e-08,1.298128,-3.42225e-11,-2.851053e-13,-2.105871e-11,8.3334e-12,2.767564e-12,-7.043255e-12
0.0002406634,2.97,0,1.2,0.05085683,2.275728,2.126504,1.274569,4.732553e-08,1.274566,2.228702,2.136135,1.298117,4.400715e-08,1.298115,-3.423844e-11,-2.846612e-13,-2.106049e-11,8.291619e-12,2.765566e-12,-7.043255e-12
0.0002410634,2.97,0,1.2,0.05029641,2.275893,2.126333,1.274556,4.729573e-08,1.274554,2.228884,2.13585,1.298104,4.398947e-08,1.298101,-3.425492e-11,-2.83995e-13,-2.106759e-11,8.251653e-12,2.764011e-12,-7.041479e-12
0.0002414634,2.97,0,1.2,0.04974216,2.276057,2.126164,1.274544,4.726683e-08,1.274542,2.229065,2.135568,1.29809,4.398001e-08,1.298088,-3.427376e-11,-2.83773e-13,-2.106759e-11,8.210996e-12,2.762235e-12,-7.037926e-12
0.0002418634,2.97,0,1.2,0.04919403,2.27622,2.125995,1.274532,4.722174e-08,1.274529,2.229245,2.135287,1.298077,4.398006e-08,1.298074,-3.42902e-11,-2.833289e-13,-2.10747e-11,8.172805e-12,2.760014e-12,-7.036149e-12
0.0002422634,2.97,0,1.2,0.04865193,2.276382,2.125827,1.274519,4.718737e-08,1.274517,2.229424,2.135007,1.298063,4.397554e-08,1.298061,-3.43055e-11,-2.828848e-13,-2.107292e-11,8.133157e-12,2.758238e-12,-7.034373e-12
0.0002426634,2.97,0,1.2,0.04811581,2.276544,2.12566,1.274507,4.716841e-08,1.274505,2.229602,2.134729,1.29805,4.396356e-08,1.298047,-3.432146e-11,-2.831069e-13,-2.107825e-11,8.095333e-12,2.756684e-12,-7.027268e-12
0.0002430634,2.97,0,1.2,0.0475856,2.276704,2.125494,1.274495,4.714206e-08,1.274492,2.229779,2.134453,1.298036,4.396005e-08,1.298033,-3.433901e-11,-2.819966e-13,-2.107825e-11,8.05697e-12,2.755129e-12,-7.029044e-12
0.0002434634,2.97,0,1.2,0.04706123,2.276864,2.125329,1.274482,4.710202e-08,1.27448,2.229955,2.134178,1.298023,4.394826e-08,1.29802,-3.435347e-11,-2.819966e-13,-2.10818e-11,8.019455e-12,2.753353e-12,-7.027268e-12
0.0002438634,2.97,0,1.2,0.04654263,2.277023,2.125165,1.27447,4.706998e-08,1.274467,2.230131,2.133905,1.298009,4.394818e-08,1.298007,-3.436841e-11,-2.815526e-13,-2.108536e-11,7.981227e-12,2.751355e-12,-7.023715e-12
0.0002442634,2.97,0,1.2,0.04602975,2.27718,2.125002,1.274457,4.703886e-08,1.274455,2.230305,2.133634,1.297996,4.393069e-08,1.297993,-3.438267e-11,-2.817746e-13,-2.109246e-11,7.945844e-12,2.7498e-12,-7.027268e-12
0.0002446634,2.97,0,1.2,0.04552253,2.277337,2.12484,1.274445,4.700759e-08,1.274443,2.230478,2.133364,1.297982,4.394001e-08,1.29798,-3.439683e-11,-2.808864e-13,-2.108713e-11,7.907606e-12,2.748246e-12,-7.020162e-12
0.0002450634,2.97,0,1.2,0.04502089,2.277493,2.124679,1.274433,4.697201e-08,1.27443,2.230651,2.133095,1.297969,4.393085e-08,1.297966,-3.441357e-11,-2.806644e-13,-2.109068e-11,7.872539e-12,2.746914e-12,-7.020162e-12
0.0002454634,2.97,0,1.2,0.04452478,2.277648,2.124518,1.27442,4.694322e-08,1.274418,2.230823,2.132828,1.297955,4.391624e-08,1.297953,-3.442587e-11,-2.797762e-13,-2.109424e-11,7.838517e-12,2.745359e-12,-7.021939e-12
0.0002458634,2.97,0,1.2,0.04403414,2.277803,2.124359,1.274408,4.691398e-08,1.274405,2.230993,2.132562,1.297942,4.392087e-08,1.297939,-3.444097e-11,-2.795542e-13,-2.109601e-11,7.805021e-12,2.743361e-12,-7.018386e-12
0.0002462634,2.97,0,1.2,0.0435489,2.277956,2.1242,1.274395,4.688265e-08,1.274393,2.231163,2.132298,1.297928,4.391088e-08,1.297926,-3.445429e-11,-2.78666e-13,-2.110134e-11,7.770027e-12,2.742029e-12,-7.013057e-12
0.0002466634,2.97,0,1.2,0.04306901,2.278109,2.124042,1.274383,4.685715e-08,1.27438,2.231332,2.132036,1.297915,4.390185e-08,1.297912,-3.446611e-11,-2.78888e-13,-2.11049e-11,7.734859e-12,2.740252e-12,-7.01128e-12
0.0002470634,2.97,0,1.2,0.04259441,2.278261,2.123885,1.27437,4.682136e-08,1.274368,2.231501,2.131774,1.297901,4.390386e-08,1.297899,-3.448055e-11,-2.784439e-13,-2.11049e-11,7.701841e-12,2.739364e-12,-7.009504e-12
0.0002474634,2.97,0,1.2,0.04212504,2.278412,2.123729,1.274357,4.680322e-08,1.274355,2.231668,2.131514,1.297888,4.388742e-08,1.297885,-3.449234e-11,-2.779998e-13,-2.110667e-11,7.666781e-12,2.737588e-12,-7.009504e-12
0.0002478634,2.97,0,1.2,0.04166084,2.278562,2.123574,1.274345,4.67638e-08,1.274342,2.231835,2.131256,1.297875,4.388247e-08,1.297872,-3.450536e-11,-2.773337e-13,-2.111022e-11,7.635653e-12,2.735812e-12,-7.007728e-12
0.0002482634,2.97,0,1.2,0.04120176,2.278711,2.123419,1.274332,4.673269e-08,1.27433,2.232,2.130999,1.297861,4.387866e-08,1.297859,-3.451783e-11,-2.768896e-13,-2.111378e-11,7.604184e-12,2.733813e-12,-7.004175e-12
0.0002486634,2.97,0,1.2,0.04074773,2.27886,2.123266,1.27432,4.672266e-08,1.274317,2.232165,2.130743,1.297848,4.387628e-08,1.297845,-3.452922e-11,-2.771117e-13,-2.111555e-11,7.571594e-12,2.732481e-12,-7.004175e-12
0.0002490634,2.97,0,1.2,0.04029871,2.279008,2.123113,1.274307,4.668581e-08,1.274305,2.232329,2.130489,1.297834,4.385905e-08,1.297832,-3.454125e-11,-2.760014e-13,-2.111733e-11,7.539331e-12,2.731371e-12,-6.998846e-12
0.0002494634,2.97,0,1.2,0.03985464,2.279155,2.122961,1.274294,4.666583e-08,1.274292,2.232493,2.130236,1.297821,4.387145e-08,1.297818,-3.455341e-11,-2.755574e-13,-2.112088e-11,7.508875e-12,2.730038e-12,-7.000622e-12
0.0002498634,2.97,0,1.2,0.03941546,2.279301,2.122809,1.274282,4.662566e-08,1.274279,2.232655,2.129984,1.297808,4.386408e-08,1.297805,-3.456431e-11,-2.755574e-13,-2.112088e-11,7.478081e-12,2.728706e-12,-6.995293e-12
0.0002502634,2.97,0,1.2,0.03898112,2.279447,2.122659,1.274269,4.660713e-08,1.274267,2.232817,2.129733,1.297794,4.385708e-08,1.297792,-3.457678e-11,-2.751133e-13,-2.112444e-11,7.446188e-12,2.727374e-12,-6.99707e-12
0.0002506634,2.97,0,1.2,0.03855157,2.279592,2.122509,1.274256,4.658338e-08,1.274254,2.232978,2.129484,1.297781,4.385884e-08,1.297778,-3.45881e-11,-2.742251e-13,-2.112444e-11,7.416581e-12,2.725598e-12,-6.991741e-12
0.0002510634,2.97,0,1.2,0.03812674,2.279736,2.12236,1.274244,4.655936e-08,1.274241,2.233138,2.129236,1.297768,4.383976e-08,1.297765,-3.459784e-11,-2.73781e-13,-2.112621e-11,7.388208e-12,2.724487e-12,-6.989964e-12
0.0002514634,2.97,0,1.2,0.03770661,2.279879,2.122212,1.274231,4.651586e-08,1.274228,2.233298,2.12899,1.297754,4.384995e-08,1.297752,-3.461013e-11,-2.731149e-13,-2.112799e-11,7.357027e-12,2.722933e-12,-6.991741e-12
0.0002518634,2.97,0,1.2,0.0372911,2.280022,2.122065,1.274218,4.6506e-08,1.274216,2.233457,2.128744,1.297741,4.384475e-08,1.297738,-3.461907e-11,-2.733369e-13,-2.113154e-11,7.32758e-12,2.721601e-12,-6.986411e-12
0.0002522634,2.97,0,1.2,0.03688017,2.280163,2.121918,1.274205,4.646973e-08,1.274203,2.233615,2.1285,1.297728,4.383747e-08,1.297725,-3.463098e-11,-2.728928e-13,-2.113509e-11,7.299909e-12,2.720046e-12,-6.984635e-12
0.0002526634,2.97,0,1.2,0.03647376,2.280305,2.121772,1.274193,4.645914e-08,1.27419,2.233772,2.128258,1.297714,4.383619e-08,1.297712,-3.464135e-11,-2.715606e-13,-2.113687e-11,7.270793e-12,2.718714e-12,-6.982859e-12
0.0002530634,2.97,0,1.2,0.03607184,2.280445,2.121627,1.27418,4.643492e-08,1.274177,2.233928,2.128016,1.297701,4.383049e-08,1.297698,-3.465223e-11,-2.715606e-13,-2.113687e-11,7.240699e-12,2.717826e-12,-6.981082e-12
0.0002534634,2.97,0,1.2,0.03567434,2.280585,2.121482,1.274167,4.640739e-08,1.274165,2.234084,2.127776,1.297688,4.38272e-08,1.297685,-3.466271e-11,-2.711165e-13,-2.114042e-11,7.21448e-12,2.716494e-12,-6.981082e-12
0.0002538634,2.97,0,1.2,0.03528123,2.280724,2.121339,1.274154,4.637622e-08,1.274152,2.234239,2.127536,1.297675,4.38152e-08,1.297672,-3.467196e-11,-2.702283e-13,-2.11422e-11,7.185583e-12,2.714939e-12,-6.975753e-12
0.0002542634,2.97,0,1.2,0.03489245,2.280862,2.121196,1.274141,4.636651e-08,1.274139,2.234394,2.127298,1.297661,4.381569e-08,1.297659,-3.468139e-11,-2.700062e-13,-2.11422e-11,7.159748e-12,2.713829e-12,-6.97753e-12
0.0002546634,2.97,0,1.2,0.03450795,2.281,2.121053,1.274129,4.633058e-08,1.274126,2.234547,2.127061,1.297648,4.381529e-08,1.297645,-3.469165e-11,-2.697842e-13,-2.114398e-11,7.13185e-12,2.712497e-12,-6.975753e-12
0.0002550634,2.97,0,1.2,0.03412769,2.281137,2.120912,1.274116,4.63074e-08,1.274113,2.2347,2.126826,1.297635,4.382043e-08,1.297632,-3.469989e-11,-2.693401e-13,-2.114575e-11,7.104228e-12,2.711387e-12,-6.973977e-12
0.0002554634,2.97,0,1.2,0.03375162,2.281273,2.120771,1.274103,4.628786e-08,1.2741,2.234853,2.126591,1.297622,4.381479e-08,1.297619,-3.470722e-11,-2.68896e-13,-2.11493e-11,7.078877e-12,2.710498e-12,-6.968648e-12
0.0002558634,2.97,0,1.2,0.03337969,2.281409,2.12063,1.27409,4.625759e-08,1.274088,2.235004,2.126358,1.297608,4.380511e-08,1.297606,-3.4718e-11,-2.682299e-13,-2.115108e-11,7.052465e-12,2.708944e-12,-6.970424e-12
0.0002562634,2.97,0,1.2,0.03301186,2.281544,2.120491,1.274077,4.62528e-08,1.274075,2.235155,2.126126,1.297595,4.379817e-08,1.297592,-3.472521e-11,-2.673417e-13,-2.115463e-11,7.02605e-12,2.707834e-12,-6.963319e-12
0.0002566634,2.97,0,1.2,0.03264808,2.281678,2.120352,1.274064,4.621966e-08,1.274062,2.235306,2.125894,1.297582,4.379626e-08,1.297579,-3.473536e-11,-2.666756e-13,-2.115641e-11,7.001243e-12,2.706502e-12,-6.965095e-12
0.0002570634,2.97,0,1.2,0.03228832,2.281812,2.120214,1.274051,4.621553e-08,1.274049,2.235455,2.125664,1.297569,4.380172e-08,1.297566,-3.47448e-11,-2.668976e-13,-2.115463e-11,6.97365e-12,2.705391e-12,-6.961542e-12
0.0002574634,2.97,0,1.2,0.03193252,2.281945,2.120076,1.274038,4.618667e-08,1.274036,2.235604,2.125435,1.297555,4.379978e-08,1.297553,-3.475302e-11,-2.660094e-13,-2.115641e-11,6.948886e-12,2.704503e-12,-6.961542e-12
0.0002578634,2.97,0,1.2,0.03158063,2.282077,2.119939,1.274025,4.615827e-08,1.274023,2.235753,2.125208,1.297542,4.380345e-08,1.297539,-3.476019e-11,-2.655653e-13,-2.116174e-11,6.923517e-12,2.703393e-12,-6.95799e-12
0.0002582634,2.97,0,1.2,0.03123263,2.282209,2.119803,1.274012,4.612839e-08,1.27401,2.2359,2.124981,1.297529,4.37922e-08,1.297526,-3.476821e-11,-2.655653e-13,-2.115819e-11,6.901266e-12,2.702061e-12,-6.956213e-12
0.0002586634,2.97,0,1.2,0.03088846,2.28234,2.119667,1.273999,4.6126e-08,1.273997,2.236047,2.124755,1.297516,4.378918e-08,1.297513,-3.477701e-11,-2.646772e-13,-2.116352e-11,6.875829e-12,2.700951e-12,-6.952661e-12
0.0002590634,2.97,0,1.2,0.03054808,2.282471,2.119532,1.273986,4.610535e-08,1.273984,2.236194,2.12453,1.297503,4.378793e-08,1.2975,-3.47841e-11,-2.64011e-13,-2.116352e-11,6.852193e-12,2.700062e-12,-6.949108e-12
0.0002594634,2.97,0,1.2,0.03021146,2.282601,2.119398,1.273973,4.608001e-08,1.273971,2.23634,2.124307,1.297489,4.377914e-08,1.297487,-3.479271e-11,-2.635669e-13,-2.116352e-11,6.827212e-12,2.69873e-12,-6.950884e-12
0.0002598634,2.97,0,1.2,0.02987854,2.28273,2.119264,1.27396,4.604633e-08,1.273958,2.236485,2.124084,1.297476,4.377864e-08,1.297474,-3.47997e-11,-2.633449e-13,-2.116884e-11,6.804649e-12,2.69762e-12,-6.950884e-12
0.0002602634,2.97,0,1.2,0.0295493,2.282859,2.119131,1.273947,4.604877e-08,1.273945,2.236629,2.123863,1.297463,4.37805e-08,1.29746,-3.480624e-11,-2.624567e-13,-2.117062e-11,6.778894e-12,2.69651e-12,-6.945555e-12
0.0002606634,2.97,0,1.2,0.02922368,2.282987,2.118998,1.273934,4.602431e-08,1.273932,2.236773,2.123642,1.29745,4.377658e-08,1.297447,-3.481557e-11,-2.622347e-13,-2.11724e-11,6.75655e-12,2.695399e-12,-6.947332e-12
0.0002610634,2.97,0,1.2,0.02890165,2.283115,2.118866,1.273921,4.600327e-08,1.273919,2.236917,2.123423,1.297437,4.378322e-08,1.297434,-3.482184e-11,-2.613465e-13,-2.117417e-11,6.734074e-12,2.694067e-12,-6.943779e-12
0.0002614634,2.97,0,1.2,0.02858316,2.283242,2.118735,1.273908,4.597789e-08,1.273906,2.237059,2.123204,1.297424,4.378529e-08,1.297421,-3.482818e-11,-2.611245e-13,-2.11724e-11,6.710791e-12,2.693401e-12,-6.942003e-12
0.0002618634,2.97,0,1.2,0.02826819,2.283368,2.118604,1.273895,4.594912e-08,1.273893,2.237201,2.122987,1.297411,4.378499e-08,1.297408,-3.483568e-11,-2.611245e-13,-2.117773e-11,6.686915e-12,2.692513e-12,-6.93845e-12
0.0002622634,2.97,0,1.2,0.02795669,2.283494,2.118474,1.273882,4.593673e-08,1.27388,2.237343,2.12277,1.297398,4.377211e-08,1.297395,-3.484191e-11,-2.600142e-13,-2.117773e-11,6.668195e-12,2.690959e-12,-6.940226e-12
0.0002626634,2.97,0,1.2,0.02764862,2.283619,2.118344,1.273869,4.592635e-08,1.273867,2.237484,2.122555,1.297384,4.377007e-08,1.297382,-3.485044e-11,-2.593481e-13,-2.118306e-11,6.644646e-12,2.69007e-12,-6.931344e-12
0.0002630634,2.97,0,1.2,0.02734394,2.283744,2.118215,1.273856,4.590448e-08,1.273854,2.237624,2.12234,1.297371,4.377493e-08,1.297369,-3.485565e-11,-2.58904e-13,-2.11795e-11,6.622048e-12,2.689182e-12,-6.933121e-12
0.0002634634,2.97,0,1.2,0.02704263,2.283868,2.118087,1.273843,4.58891e-08,1.273841,2.237764,2.122126,1.297358,4.376718e-08,1.297355,-3.486344e-11,-2.582379e-13,-2.11795e-11,6.599591e-12,2.688072e-12,-6.929568e-12
0.0002638634,2.97,0,1.2,0.02674463,2.283991,2.117959,1.27383,4.586612e-08,1.273827,2.237904,2.121914,1.297345,4.377378e-08,1.297342,-3.48703e-11,-2.580158e-13,-2.118483e-11,6.579552e-12,2.687184e-12,-6.931344e-12
0.0002642634,2.97,0,1.2,0.02644992,2.284114,2.117832,1.273817,4.585872e-08,1.273814,2.238042,2.121702,1.297332,4.377021e-08,1.297329,-3.487452e-11,-2.577938e-13,-2.119016e-11,6.556956e-12,2.686074e-12,-6.926015e-12
0.0002646634,2.97,0,1.2,0.02615845,2.284237,2.117705,1.273803,4.582552e-08,1.273801,2.23818,2.121491,1.297319,4.376373e-08,1.297316,-3.48811e-11,-2.573497e-13,-2.119016e-11,6.5361e-12,2.684963e-12,-6.926015e-12
0.0002650634,2.97,0,1.2,0.0258702,2.284359,2.117579,1.27379,4.581625e-08,1.273788,2.238318,2.121281,1.297306,4.376001e-08,1.297303,-3.48875e-11,-2.566836e-13,-2.118661e-11,6.516553e-12,2.684297e-12,-6.924239e-12
0.0002654634,2.97,0,1.2,0.02558512,2.28448,2.117453,1.273777,4.579778e-08,1.273775,2.238455,2.121072,1.297293,4.376407e-08,1.29729,-3.48939e-11,-2.560174e-13,-2.119016e-11,6.493823e-12,2.683187e-12,-6.922463e-12
0.0002658634,2.97,0,1.2,0.02530318,2.284601,2.117328,1.273764,4.57806e-08,1.273762,2.238592,2.120864,1.29728,4.376171e-08,1.297277,-3.490047e-11,-2.555733e-13,-2.119194e-11,6.474691e-12,2.682077e-12,-6.91891e-12
0.0002662634,2.97,0,1.2,0.02502435,2.284721,2.117204,1.273751,4.576142e-08,1.273749,2.238728,2.120657,1.297267,4.375727e-08,1.297264,-3.490646e-11,-2.551293e-13,-2.119371e-11,6.454946e-12,2.681189e-12,-6.920686e-12
0.0002666634,2.97,0,1.2,0.0247486,2.284841,2.11708,1.273738,4.574972e-08,1.273735,2.238863,2.120451,1.297254,4.376217e-08,1.297251,-3.49108e-11,-2.542411e-13,-2.119371e-11,6.434822e-12,2.680745e-12,-6.91891e-12
0.0002670634,2.97,0,1.2,0.02447588,2.28496,2.116956,1.273724,4.573176e-08,1.273722,2.238998,2.120246,1.297241,4.376578e-08,1.297238,-3.491788e-11,-2.53797e-13,-2.119904e-11,6.413023e-12,2.679412e-12,-6.917134e-12
0.0002674634,2.97,0,1.2,0.02420617,2.285079,2.116833,1.273711,4.571358e-08,1.273709,2.239132,2.120041,1.297228,4.375922e-08,1.297225,-3.492314e-11,-2.53797e-13,-2.119549e-11,6.394042e-12,2.678302e-12,-6.913581e-12
0.0002678634,2.97,0,1.2,0.02393943,2.285197,2.116711,1.273698,4.570646e-08,1.273696,2.239266,2.119838,1.297215,4.375544e-08,1.297212,-3.492847e-11,-2.531308e-13,-2.119904e-11,6.374452e-12,2.677192e-12,-6.911804e-12
0.0002682634,2.97,0,1.2,0.02367563,2.285315,2.116589,1.273685,4.569213e-08,1.273683,2.239399,2.119635,1.297202,4.37634e-08,1.297199,-3.493351e-11,-2.524647e-13,-2.120082e-11,6.354653e-12,2.676526e-12,-6.913581e-12
0.0002686634,2.97,0,1.2,0.02341473,2.285432,2.116468,1.273672,4.567004e-08,1.273669,2.239532,2.119433,1.297189,4.375519e-08,1.297186,-3.493955e-11,-2.520206e-13,-2.120082e-11,6.33607e-12,2.67586e-12,-6.908252e-12
0.0002690634,2.97,0,1.2,0.02315671,2.285549,2.116347,1.273658,4.565259e-08,1.273656,2.239665,2.119232,1.297176,4.376022e-08,1.297173,-3.494392e-11,-2.513545e-13,-2.120615e-11,6.316536e-12,2.675193e-12,-6.908252e-12
0.0002694634,2.97,0,1.2,0.02290154,2.285665,2.116227,1.273645,4.56374e-08,1.273643,2.239796,2.119032,1.297163,4.375986e-08,1.29716,-3.495029e-11,-2.511324e-13,-2.12026e-11,6.29911e-12,2.673639e-12,-6.902923e-12
0.0002698634,2.97,0,1.2,0.02264917,2.285781,2.116107,1.273632,4.562816e-08,1.27363,2.239928,2.118833,1.29715,4.375951e-08,1.297147,-3.49542e-11,-2.506884e-13,-2.120792e-11,6.279023e-12,2.672973e-12,-6.904699e-12
0.0002700051,2.97,1.518838,1.2,0.02256038,2.285782,2.11529,1.251754,-0.006249187,-0.004061425,2.239973,2.118651,1.291873,-0.003686509,-0.01377872,6.690698e-10,-1.176506e-09,6.130138e-07,1.031168e-10,-1.900185e-09,2.045132e-07
0.0002700086,2.97,2.552566,1.2,0.02255834,2.286283,2.113792,1.208948,-0.005036451,-0.0006707649,2.239974,2.118417,1.280852,-0.001227362,-0.002236585,2.24799e-09,-4.121585e-10,5.829107e-07,1.258998e-10,-6.477563e-10,1.70634e-07
0.0002700108,2.97,2.97,1.2,0.02255739,2.28657,2.112839,1.181983,-0.005211975,9.634135e-05,2.239974,2.118264,1.273666,-0.001159844,0.0001064855,1.476048e-09,1.01128e-10,5.619793e-07,1.369677e-10,1.637046e-11,1.528762e-07
0.0002700659,2.97,2.97,1.2,0.02252315,2.06748,2.09377,0.9763844,-0.0004712054,8.174549e-05,2.239976,2.114758,1.110946,-0.001485759,9.618652e-05,5.686842e-07,-4.049668e-09,6.11124e-07,4.068975e-09,1.59921e-11,1.384978e-07
0.0002702986,2.97,2.97,1.2,0.02237976,1.935287,2.316339,1.144068,0.00041946,9.262685e-05,2.234034,2.11116,1.017027,-1.478941e-05,9.326151e-05,7.676324e-07,-1.854215e-10,7.314619e-07,2.301305e-07,-1.062217e-11,2.298162e-07
0.0002706533,2.97,2.97,1.2,0.02216286,1.935978,2.385714,1.199647,-1.238324e-05,9.619376e-05,2.223424,2.109162,1.01555,-5.394528e-06,9.278474e-05,7.531569e-07,-1.516949e-10,7.531597e-07,2.291464e-07,-9.863221e-12,2.294332e-07
0.0002710533,2.97,2.97,1.2,0.02192076,1.935945,2.384567,1.19872,-2.348967e-06,9.606571e-05,2.211562,2.106937,1.013838,-3.45462e-06,9.235839e-05,7.535489e-07,-1.508615e-10,7.52805e-07,2.286514e-07,-9.629408e-12,2.290575e-07
0.0002714533,2.97,2.97,1.2,0.02168127,1.935927,2.385038,1.199085,-8.515344e-07,9.602273e-05,2.199828,2.105083,1.012394,-2.234662e-06,9.194053e-05,7.537597e-07,-1.505693e-10,7.530281e-07,2.283591e-07,-9.408918e-12,2.287747e-07
0.0002718533,2.97,2.97,1.2,0.02144438,1.935916,2.385382,1.199352,-1.968522e-07,9.597354e-05,2.188269,2.103988,1.01152,-6.158014e-07,9.153832e-05,7.539093e-07,-1.504432e-10,7.531904e-07,2.282865e-07,-9.099832e-12,2.28657e-07
0.0002722533,2.97,2.97,1.2,0.02121005,1.935907,2.385624,1.199539,9.278239e-08,9.591945e-05,2.176946,2.104147,1.011594,1.80841e-06,9.116064e-05,7.540155e-07,-1.503919e-10,7.533052e-07,2.285208e-07,-8.65108e-12,2.287987e-07
0.0002726533,2.97,2.97,1.2,0.02097828,1.935901,2.385794,1.199671,2.13026e-07,9.586197e-05,2.165938,2.106184,1.013091,5.275457e-06,9.081872e-05,7.540906e-07,-1.503762e-10,7.533863e-07,2.291848e-07,-8.020695e-12,2.293187e-07
0.0002730533,2.97,2.97,1.2,0.02074902,1.935897,2.385914,1.199764,2.581385e-07,9.58022e-05,2.155342,2.110866,1.016597,9.927209e-06,9.052639e-05,7.541437e-07,-1.503762e-10,7.534436e-07,2.304278e-07,-7.174483e-12,2.303606e-07
0.0002734533,2.97,2.97,1.2,0.02052227,1.935894,2.385999,1.19983,2.706772e-07,9.574087e-05,2.14527,2.119066,1.022781,1.564064e-05,9.029943e-05,7.541812e-07,-1.503841e-10,7.53484e-07,2.324088e-07,-6.086465e-12,2.320813e-07
0.0002738533,2.97,2.97,1.2,0.02029798,1.935892,2.386059,1.199876,2.708807e-07,9.567852e-05,2.135842,2.131621,1.032291,2.185728e-05,9.015316e-05,7.542077e-07,-1.503961e-10,7.535126e-07,2.352529e-07,-4.74687e-12,2.346152e-07
0.0002742533,2.97,2.97,1.2,0.02007615,1.935891,2.386101,1.199908,2.668479e-07,9.561553e-05,2.127177,2.14896,1.045476,2.725523e-05,9.00958e-05,7.542263e-07,-1.504104e-10,7.535328e-07,2.38943e-07,-3.168577e-12,2.379841e-07
0.0002746533,2.97,2.97,1.2,0.01985674,1.93589,2.38613,1.199931,2.619398e-07,9.555216e-05,2.119386,2.170274,1.061755,2.943132e-05,9.011362e-05,7.542395e-07,-1.50425e-10,7.535471e-07,2.43081e-07,-1.368905e-12,2.419091e-07
0.0002750533,2.97,2.97,1.2,0.01963973,1.935889,2.386151,1.199947,2.573602e-07,9.548859e-05,2.112571,2.192327,1.0787,2.57988e-05,9.014921e-05,7.542487e-07,-1.50441e-10,7.535572e-07,2.466907e-07,6.361578e-13,2.456193e-07
0.0002754533,2.97,2.97,1.2,0.01942509,1.935888,2.386166,1.199959,2.535048e-07,9.542496e-05,2.106816,2.210373,1.09265,1.815826e-05,9.011604e-05,7.542553e-07,-1.504568e-10,7.535644e-07,2.490231e-07,2.76823e-12,2.483254e-07
0.0002758533,2.97,2.97,1.2,0.0192128,1.935888,2.386176,1.199967,2.50369e-07,9.536136e-05,2.102135,2.223006,1.102428,1.258202e-05,8.998628e-05,7.542599e-07,-1.504727e-10,7.535695e-07,2.50612e-07,4.82081e-12,2.501758e-07
0.0002762533,2.97,2.97,1.2,0.01900285,1.935888,2.386183,1.199972,2.478781e-07,9.529785e-05,2.098441,2.232719,1.109918,1.056331e-05,8.980443e-05,7.542632e-07,-1.504887e-10,7.535732e-07,2.521313e-07,6.619372e-12,2.517432e-07
0.0002766533,2.97,2.97,1.2,0.01879519,1.935888,2.386188,1.199976,2.458417e-07,9.523447e-05,2.095586,2.24166,1.116798,1.007013e-05,8.961018e-05,7.542655e-07,-1.505045e-10,7.535759e-07,2.537016e-07,8.097967e-12,2.532806e-07
0.0002770533,2.97,2.97,1.2,0.01858981,1.935888,2.386192,1.199979,2.441953e-07,9.517126e-05,2.093413,2.250467,1.123579,9.783316e-06,8.941556e-05,7.542671e-07,-1.505207e-10,7.535778e-07,2.552635e-07,9.26037e-12,2.548099e-07
0.0002774533,2.97,2.97,1.2,0.01838669,1.935887,2.386194,1.199981,2.428267e-07,9.510825e-05,2.091771,2.259129,1.130254,9.404502e-06,8.922044e-05,7.542683e-07,-1.505369e-10,7.535792e-07,2.567767e-07,1.014255e-11,2.563073e-07
0.0002778533,2.97,2.97,1.2,0.01818579,1.935887,2.386196,1.199982,2.416756e-07,9.504543e-05,2.090535,2.267545,1.136745,8.949218e-06,8.902291e-05,7.542691e-07,-1.505527e-10,7.535803e-07,2.582262e-07,1.079048e-11,2.577552e-07
0.0002782533,2.97,2.97,1.2,0.01798711,1.935887,2.386198,1.199983,2.406486e-07,9.498283e-05,2.0896,2.275634,1.14299,8.449653e-06,8.882152e-05,7.542697e-07,-1.505689e-10,7.535811e-07,2.596037e-07,1.1255e-11,2.59142e-07
0.0002786533,2.97,2.97,1.2,0.0177906,1.935887,2.386198,1.199984,2.397268e-07,9.492046e-05,2.088888,2.283339,1.148942,7.917391e-06,8.861515e-05,7.542701e-07,-1.505849e-10,7.535817e-07,2.609009e-07,1.157985e-11,2.604576e-07
0.0002790533,2.97,2.97,1.2,0.01759626,1.935887,2.386199,1.199985,2.388893e-07,9.485831e-05,2.088339,2.290602,1.154557,7.357617e-06,8.840275e-05,7.542704e-07,-1.506006e-10,7.535822e-07,2.621091e-07,1.180189e-11,2.616925e-07
0.0002794533,2.97,2.97,1.2,0.01740405,1.935887,2.386199,1.199985,2.381145e-07,9.479639e-05,2.087909,2.297373,1.159796,6.777669e-06,8.818337e-05,7.542707e-07,-1.506164e-10,7.535826e-07,2.632213e-07,1.194844e-11,2.628383e-07
0.0002798533,2.97,2.97,1.2,0.01721395,1.935887,2.3862,1.199985,2.373649e-07,9.47347e-05,2.087568,2.303613,1.164626,6.189233e-06,8.795625e-05,7.542708e-07,-1.506322e-10,7.53583e-07,2.642328e-07,1.204215e-11,2.638887e-07
0.0002802533,2.97,2.97,1.2,0.01702595,1.935887,2.3862,1.199985,2.366417e-07,9.467325e-05,2.087292,2.309294,1.169027,5.606577e-06,8.77209e-05,7.54271e-07,-1.506479e-10,7.535833e-07,2.651423e-07,1.209899e-11,2.648406e-07
0.0002806533,2.97,2.97,1.2,0.01684002,1.935887,2.3862,1.199985,2.359372e-07,9.461202e-05,2.087066,2.314411,1.172992,5.044156e-06,8.747714e-05,7.542711e-07,-1.506635e-10,7.535836e-07,2.659517e-07,1.212896e-11,2.65694e-07
0.0002810533,2.97,2.97,1.2,0.01665613,1.935887,2.3862,1.199986,2.352494e-07,9.455103e-05,2.086879,2.318973,1.176529,4.514395e-06,8.722515e-05,7.542711e-07,-1.50679e-10,7.535838e-07,2.666658e-07,1.21394e-11,2.664518e-07
0.0002814533,2.97,2.97,1.2,0.01647426,1.935887,2.3862,1.199986,2.345849e-07,9.449028e-05,2.086723,2.323006,1.179658,4.026146e-06,8.696537e-05,7.542712e-07,-1.506946e-10,7.535841e-07,2.672914e-07,1.213674e-11,2.671197e-07
0.0002818533,2.97,2.97,1.2,0.0162944,1.935887,2.3862,1.199986,2.33915e-07,9.442975e-05,2.086591,2.326547,1.182406,3.584299e-06,8.669844e-05,7.542713e-07,-1.507099e-10,7.535843e-07,2.678367e-07,1.212364e-11,2.677045e-07
0.0002822533,2.97,2.97,1.2,0.01611651,1.935887,2.3862,1.199986,2.332547e-07,9.436946e-05,2.08648,2.329638,1.184805,3.19012e-06,8.642514e-05,7.542713e-07,-1.507252e-10,7.535845e-07,2.6831e-07,1.210276e-11,2.682142e-07
0.0002826533,2.97,2.97,1.2,0.01594058,1.935887,2.3862,1.199986,2.325964e-07,9.43094e-05,2.086385,2.332326,1.186892,2.842474e-06,8.614629e-05,7.542713e-07,-1.507408e-10,7.535847e-07,2.687196e-07,1.207634e-11,2.686568e-07
0.0002830533,2.97,2.97,1.2,0.0157666,1.935887,2.3862,1.199986,2.31954e-07,9.424957e-05,2.086305,2.334655,1.188701,2.538361e-06,8.586271e-05,7.542714e-07,-1.507559e-10,7.535849e-07,2.690735e-07,1.204503e-11,2.690401e-07
0.0002834533,2.97,2.97,1.2,0.01559452,1.935887,2.3862,1.199986,2.313068e-07,9.418997e-05,2.086236,2.33667,1.190265,2.277872e-06,8.557517e-05,7.542714e-07,-1.507712e-10,7.535851e-07,2.693786e-07,1.200973e-11,2.693714e-07
0.0002838533,2.97,2.97,1.2,0.01542434,1.935887,2.3862,1.199986,2.306745e-07,9.41306e-05,2.086177,2.338408,1.191616,2.047408e-06,8.528439e-05,7.542715e-07,-1.507863e-10,7.535853e-07,2.696416e-07,1.197065e-11,2.696574e-07
0.0002842533,2.97,2.97,1.2,0.01525604,1.935887,2.3862,1.199986,2.300383e-07,9.407146e-05,2.086127,2.339908,1.19278,1.848675e-06,8.499102e-05,7.542715e-07,-1.508014e-10,7.535855e-07,2.69868e-07,1.193046e-11,2.699041e-07
0.0002846533,2.97,2.97,1.2,0.01508959,1.935887,2.3862,1.199986,2.294039e-07,9.401254e-05,2.086084,2.341199,1.193784,1.677477e-06,8.469563e-05,7.542715e-07,-1.508165e-10,7.535857e-07,2.700629e-07,1.188716e-11,2.701168e-07
0.0002850533,2.97,2.97,1.2,0.01492497,1.935887,2.386201,1.199986,2.28768e-07,9.395386e-05,2.086047,2.342311,1.194648,1.530031e-06,8.439873e-05,7.542715e-07,-1.508313e-10,7.535859e-07,2.702307e-07,1.184319e-11,2.703001e-07
0.0002854533,2.97,2.97,1.2,0.01476216,1.935887,2.386201,1.199986,2.281545e-07,9.389539e-05,2.086016,2.343269,1.195392,1.402889e-06,8.410077e-05,7.542716e-07,-1.508462e-10,7.535861e-07,2.70375e-07,1.179701e-11,2.70458e-07
0.0002858533,2.97,2.97,1.2,0.01460115,1.935887,2.386201,1.199986,2.275169e-07,9.383715e-05,2.085988,2.344093,1.196033,1.293369e-06,8.380211e-05,7.542716e-07,-1.508611e-10,7.535863e-07,2.704991e-07,1.175016e-11,2.705941e-07
0.0002862533,2.97,2.97,1.2,0.01444191,1.935887,2.386201,1.199986,2.269003e-07,9.377914e-05,2.085965,2.344802,1.196583,1.198955e-06,8.35031e-05,7.542716e-07,-1.50876e-10,7.535865e-07,2.70606e-07,1.170197e-11,2.707113e-07
0.0002866533,2.97,2.97,1.2,0.01428443,1.935887,2.386201,1.199986,2.262783e-07,9.372135e-05,2.085945,2.345412,1.197058,1.117499e-06,8.320402e-05,7.542717e-07,-1.508906e-10,7.535867e-07,2.706979e-07,1.16529e-11,2.708124e-07
0.0002870533,2.97,2.97,1.2,0.01412868,1.935887,2.386201,1.199986,2.256557e-07,9.366378e-05,2.085928,2.345937,1.197465,1.047864e-06,8.290511e-05,7.542717e-07,-1.509055e-10,7.535869e-07,2.70777e-07,1.160383e-11,2.708995e-07
0.0002874533,2.97,2.97,1.2,0.01397465,1.935887,2.386201,1.199986,2.25047e-07,9.360643e-05,2.085913,2.346388,1.197816,9.879063e-07,8.260658e-05,7.542717e-07,-1.509197e-10,7.535871e-07,2.708449e-07,1.155365e-11,2.709746e-07
0.0002878533,2.97,2.97,1.2,0.01382231,1.935887,2.386201,1.199986,2.244362e-07,9.354931e-05,2.085901,2.346777,1.198118,9.362604e-07,8.23086e-05,7.542718e-07,-1.509344e-10,7.535873e-07,2.709035e-07,1.150369e-11,2.710394e-07
0.0002882533,2.97,2.97,1.2,0.01367165,1.935887,2.386201,1.199986,2.238165e-07,9.34924e-05,2.08589,2.347111,1.198378,8.915893e-07,8.201133e-05,7.542718e-07,-1.509488e-10,7.535875e-07,2.709539e-07,1.145284e-11,2.710954e-07
0.0002886533,2.97,2.97,1.2,0.01352265,1.935887,2.386201,1.199986,2.232115e-07,9.343571e-05,2.08588,2.347399,1.198602,8.527279e-07,8.171491e-05,7.542718e-07,-1.509632e-10,7.535876e-07,2.709972e-07,1.140199e-11,2.711437e-07
0.0002890533,2.97,2.97,1.2,0.0133753,1.935887,2.386201,1.199986,2.22606e-07,9.337924e-05,2.085872,2.347647,1.198794,8.190091e-07,8.141943e-05,7.542718e-07,-1.509777e-10,7.535878e-07,2.710345e-07,1.135092e-11,2.711854e-07
0.0002894533,2.97,2.97,1.2,0.01322956,1.935887,2.386201,1.199986,2.220026e-07,9.332299e-05,2.085865,2.34786,1.19896,7.895935e-07,8.1125e-05,7.542719e-07,-1.509919e-10,7.53588e-07,2.710666e-07,1.129963e-11,2.712215e-07
0.0002898533,2.97,2.97,1.2,0.01308544,1.935887,2.386201,1.199986,2.214032e-07,9.326695e-05,2.08586,2.348043,1.199102,7.638211e-07,8.083168e-05,7.542719e-07,-1.510061e-10,7.535882e-07,2.710942e-07,1.124767e-11,2.712527e-07
0.0002902533,2.97,2.97,1.2,0.0129429,1.935887,2.386201,1.199986,2.208004e-07,9.321113e-05,2.085854,2.348201,1.199225,7.412516e-07,8.053956e-05,7.542719e-07,-1.510205e-10,7.535884e-07,2.71118e-07,1.11966e-11,2.712798e-07
0.0002906533,2.97,2.97,1.2,0.01280193,1.935887,2.386201,1.199986,2.20204e-07,9.315552e-05,2.08585,2.348336,1.199331,7.214615e-07,8.024869e-05,7.542719e-07,-1.510345e-10,7.535886e-07,2.711385e-07,1.114531e-11,2.713032e-07
0.0002910533,2.97,2.97,1.2,0.01266251,1.935887,2.386201,1.199986,2.196101e-07,9.310013e-05,2.085846,2.348453,1.199421,7.040076e-07,7.99591e-05,7.54272e-07,-1.510487e-10,7.535888e-07,2.711561e-07,1.109424e-11,2.713235e-07
0.0002914533,2.97,2.97,1.2,0.01252463,1.935887,2.386201,1.199986,2.190207e-07,9.304495e-05,2.085843,2.348554,1.1995,6.885603e-07,7.967085e-05,7.54272e-07,-1.510627e-10,7.535889e-07,2.711713e-07,1.104339e-11,2.713412e-07
0.0002918533,2.97,2.97,1.2,0.01238827,1.935887,2.386201,1.199986,2.184331e-07,9.298999e-05,2.08584,2.34864,1.199567,6.74887e-07,7.938396e-05,7.54272e-07,-1.510767e-10,7.535891e-07,2.711844e-07,1.09921e-11,2.713565e-07
0.0002922533,2.97,2.97,1.2,0.01225342,1.935887,2.386201,1.199986,2.178424e-07,9.293523e-05,2.085838,2.348715,1.199625,6.626889e-07,7.909847e-05,7.542721e-07,-1.510909e-10,7.535893e-07,2.711956e-07,1.094125e-11,2.713699e-07
0.0002926533,2.97,2.97,1.2,0.01212004,1.935887,2.386201,1.199986,2.172595e-07,9.288068e-05,2.085836,2.348779,1.199675,6.517765e-07,7.881438e-05,7.542721e-07,-1.511047e-10,7.535895e-07,2.712053e-07,1.08904e-11,2.713816e-07
0.0002930533,2.97,2.97,1.2,0.01198814,1.935887,2.386201,1.199986,2.166753e-07,9.282635e-05,2.085834,2.348834,1.199718,6.420447e-07,7.853173e-05,7.542721e-07,-1.511182e-10,7.535897e-07,2.712137e-07,1.084e-11,2.713918e-07
0.0002934533,2.97,2.97,1.2,0.01185769,1.935887,2.386201,1.199986,2.160937e-07,9.277222e-05,2.085832,2.348882,1.199755,6.331509e-07,7.825052e-05,7.542721e-07,-1.51132e-10,7.535898e-07,2.712209e-07,1.078959e-11,2.714007e-07
0.0002938533,2.97,2.97,1.2,0.01172868,1.935887,2.386201,1.199986,2.155112e-07,9.27183e-05,2.085831,2.348923,1.199786,6.252041e-07,7.797077e-05,7.542722e-07,-1.511458e-10,7.5359e-07,2.712271e-07,1.073919e-11,2.714086e-07
0.0002942533,2.97,2.97,1.2,0.01160109,1.935887,2.386201,1.199986,2.149368e-07,9.266459e-05,2.08583,2.348958,1.199814,6.179054e-07,7.769248e-05,7.542722e-07,-1.511595e-10,7.535902e-07,2.712324e-07,1.068945e-11,2.714155e-07
0.0002946533,2.97,2.97,1.2,0.01147491,1.935887,2.386201,1.199986,2.143682e-07,9.261109e-05,2.085829,2.348988,1.199837,6.112688e-07,7.741567e-05,7.542722e-07,-1.511731e-10,7.535904e-07,2.71237e-07,1.063971e-11,2.714216e-07
0.0002950533,2.97,2.97,1.2,0.01135011,1.935887,2.386201,1.199986,2.137933e-07,9.255779e-05,2.085828,2.349014,1.199858,6.050899e-07,7.714032e-05,7.542722e-07,-1.511866e-10,7.535905e-07,2.712409e-07,1.05902e-11,2.71427e-07
0.0002954533,2.97,2.97,1.2,0.0112267,1.935887,2.386201,1.199986,2.132205e-07,9.25047e-05,2.085827,2.349037,1.199875,5.994027e-07,7.686645e-05,7.542723e-07,-1.512002e-10,7.535907e-07,2.712444e-07,1.054112e-11,2.714318e-07
0.0002958533,2.97,2.97,1.2,0.01110464,1.935887,2.386201,1.199986,2.126591e-07,9.245181e-05,2.085827,2.349056,1.19989,5.941295e-07,7.659406e-05,7.542723e-07,-1.512135e-10,7.535909e-07,2.712473e-07,1.049227e-11,2.714361e-07
0.0002962533,2.97,2.97,1.2,0.01098392,1.935887,2.386201,1.199986,2.12093e-07,9.239912e-05,2.085826,2.349073,1.199903,5.892765e-07,7.632314e-05,7.542723e-07,-1.51227e-10,7.535911e-07,2.712499e-07,1.044298e-11,2.7144e-07
0.0002966533,2.97,2.97,1.2,0.01086454,1.935887,2.386201,1.199986,2.115212e-07,9.234664e-05,2.085826,2.349087,1.199914,5.84614e-07,7.60537e-05,7.542723e-07,-1.512401e-10,7.535912e-07,2.71252e-07,1.039457e-11,2.714434e-07
0.0002970533,2.97,2.97,1.2,0.01074647,1.935887,2.386201,1.199986,2.109636e-07,9.229436e-05,2.085825,2.349099,1.199924,5.803225e-07,7.578572e-05,7.542724e-07,-1.512537e-10,7.535914e-07,2.712539e-07,1.034617e-11,2.714465e-07
0.0002974533,2.97,2.97,1.2,0.01062971,1.935887,2.386201,1.199986,2.104118e-07,9.224228e-05,2.085825,2.34911,1.199932,5.760861e-07,7.551922e-05,7.542724e-07,-1.51267e-10,7.535916e-07,2.712555e-07,1.029865e-11,2.714494e-07
0.0002978533,2.97,2.97,1.2,0.01051423,1.935887,2.386201,1.199986,2.098499e-07,9.21904e-05,2.085825,2.349119,1.199939,5.721538e-07,7.525418e-05,7.542724e-07,-1.512801e-10,7.535918e-07,2.71257e-07,1.025069e-11,2.71452e-07
0.0002982533,2.97,2.97,1.2,0.01040002,1.935887,2.386201,1.199986,2.092934e-07,9.213872e-05,2.085825,2.349127,1.199945,5.684164e-07,7.49906e-05,7.542725e-07,-1.51293e-10,7.535919e-07,2.712582e-07,1.020317e-11,2.714544e-07
0.0002986533,2.97,2.97,1.2,0.01028707,1.935887,2.386201,1.199986,2.087489e-07,9.208724e-05,2.085824,2.349134,1.19995,5.647701e-07,7.472847e-05,7.542725e-07,-1.513061e-10,7.535921e-07,2.712592e-07,1.015565e-11,2.714565e-07
0.0002990533,2.97,2.97,1.2,0.01017537,1.935887,2.386201,1.199986,2.081985e-07,9.203595e-05,2.085824,2.34914,1.199955,5.612382e-07,7.446779e-05,7.542725e-07,-1.51319e-10,7.535923e-07,2.712601e-07,1.010858e-11,2.714586e-07
0.0002994533,2.97,2.97,1.2,0.01006489,1.935887,2.386201,1.199986,2.07644e-07,9.198487e-05,2.085824,2.349145,1.199959,5.578944e-07,7.420856e-05,7.542725e-07,-1.513321e-10,7.535924e-07,2.712609e-07,1.006217e-11,2.714605e-07
0.0002998533,2.97,2.97,1.2,0.009955638,1.935887,2.386201,1.199986,2.071024e-07,9.193398e-05,2.085824,2.349149,1.199962,5.546585e-07,7.395076e-05,7.542726e-07,-1.513449e-10,7.535926e-07,2.712616e-07,1.001554e-11,2.714622e-07
0.0003002533,2.97,2.97,1.2,0.009847586,1.935887,2.386201,1.199986,2.065577e-07,9.188328e-05,2.085824,2.349153,1.199965,5.514322e-07,7.369439e-05,7.542726e-07,-1.513578e-10,7.535928e-07,2.712622e-07,9.969359e-12,2.714639e-07
0.0003006533,2.97,2.97,1.2,0.009740725,1.935887,2.386201,1.199986,2.060153e-07,9.183278e-05,2.085824,2.349156,1.199968,5.48288e-07,7.343945e-05,7.542726e-07,-1.513707e-10,7.535929e-07,2.712627e-07,9.923395e-12,2.714655e-07
0.0003010533,2.97,2.97,1.2,0.009635041,1.935887,2.386201,1.199986,2.054756e-07,9.178248e-05,2.085823,2.349159,1.19997,5.452418e-07,7.318592e-05,7.542726e-07,-1.513834e-10,7.535931e-07,2.712631e-07,9.877876e-12,2.71467e-07
0.0003014533,2.97,2.97,1.2,0.009530522,1.935887,2.386201,1.199986,2.049373e-07,9.173237e-05,2.085823,2.349161,1.199972,5.422736e-07,7.293381e-05,7.542727e-07,-1.51396e-10,7.535933e-07,2.712635e-07,9.832357e-12,2.714684e-07
0.0003018533,2.97,2.97,1.2,0.009427154,1.935887,2.386201,1.199986,2.044019e-07,9.168245e-05,2.085823,2.349163,1.199973,5.393541e-07,7.26831e-05,7.542727e-07,-1.514087e-10,7.535934e-07,2.712639e-07,9.78706e-12,2.714698e-07
0.0003022533,2.97,2.97,1.2,0.009324926,1.935887,2.386201,1.199986,2.038661e-07,9.163272e-05,2.085823,2.349165,1.199975,5.365018e-07,7.243378e-05,7.542727e-07,-1.514213e-10,7.535936e-07,2.712642e-07,9.741985e-12,2.714711e-07
0.0003026533,2.97,2.97,1.2,0.009223824,1.935887,2.386201,1.199986,2.033366e-07,9.158319e-05,2.085823,2.349166,1.199976,5.336729e-07,7.218586e-05,7.542727e-07,-1.514338e-10,7.535938e-07,2.712644e-07,9.69691e-12,2.714724e-07
0.0003030533,2.97,2.97,1.2,0.009123836,1.935887,2.386201,1.199986,2.028084e-07,9.153384e-05,2.085823,2.349168,1.199977,5.308397e-07,7.193931e-05,7.542728e-07,-1.514464e-10,7.535939e-07,2.712646e-07,9.652945e-12,2.714736e-07
0.0003034533,2.97,2.97,1.2,0.00902495,1.935887,2.386201,1.199986,2.02279e-07,9.148469e-05,2.085823,2.349169,1.199978,5.281458e-07,7.169415e-05,7.542728e-07,-1.514588e-10,7.535941e-07,2.712648e-07,9.608758e-12,2.714748e-07
0.0003038533,2.97,2.97,1.2,0.008927154,1.935887,2.386201,1.199986,2.017561e-07,9.143572e-05,2.085823,2.34917,1.199978,5.254197e-07,7.145035e-05,7.542728e-07,-1.514713e-10,7.535942e-07,2.71265e-07,9.564793e-12,2.71476e-07
0.0003042533,2.97,2.97,1.2,0.008830435,1.935887,2.386201,1.199986,2.012345e-07,9.138694e-05,2.085823,2.349171,1.199979,5.22696e-07,7.120791e-05,7.542728e-07,-1.514837e-10,7.535944e-07,2.712652e-07,9.521273e-12,2.714771e-07
0.0003046533,2.97,2.97,1.2,0.008734782,1.935887,2.386201,1.199986,2.007091e-07,9.133835e-05,2.085823,2.349171,1.19998,5.200375e-07,7.096682e-05,7.542728e-07,-1.514959e-10,7.535946e-07,2.712653e-07,9.477308e-12,2.714782e-07
0.0003050533,2.97,2.97,1.2,0.008640184,1.935887,2.386201,1.199986,2.001892e-07,9.128995e-05,2.085823,2.349172,1.19998,5.174443e-07,7.072708e-05,7.542729e-07,-1.515081e-10,7.535947e-07,2.712654e-07,9.434009e-12,2.714793e-07
0.0003054533,2.97,2.97,1.2,0.008546627,1.935887,2.386201,1.199986,1.996739e-07,9.124173e-05,2.085823,2.349172,1.19998,5.148694e-07,7.048868e-05,7.542729e-07,-1.515204e-10,7.535949e-07,2.712655e-07,9.391155e-12,2.714804e-07
0.0003058533,2.97,2.97,1.2,0.008454102,1.935887,2.386201,1.199986,1.991605e-07,9.11937e-05,2.085823,2.349173,1.199981,5.122309e-07,7.025161e-05,7.542729e-07,-1.515323e-10,7.53595e-07,2.712656e-07,9.348522e-12,2.714814e-07
0.0003062533,2.97,2.97,1.2,0.008362596,1.935887,2.386201,1.199986,1.986409e-07,9.114586e-05,2.085823,2.349173,1.199981,5.096852e-07,7.001587e-05,7.542729e-07,-1.515446e-10,7.535952e-07,2.712657e-07,9.306111e-12,2.714825e-07
0.0003066533,2.97,2.97,1.2,0.008272099,1.935887,2.386201,1.199986,1.981358e-07,9.109819e-05,2.085823,2.349174,1.199981,5.071494e-07,6.978144e-05,7.54273e-07,-1.515568e-10,7.535954e-07,2.712658e-07,9.263923e-12,2.714835e-07
0.0003070533,2.97,2.97,1.2,0.008182598,1.935887,2.386201,1.199986,1.97622e-07,9.105071e-05,2.085823,2.349174,1.199982,5.046227e-07,6.954832e-05,7.54273e-07,-1.515688e-10,7.535955e-07,2.712659e-07,9.221512e-12,2.714845e-07
0.0003074533,2.97,2.97,1.2,0.008094084,1.935887,2.386201,1.199986,1.971188e-07,9.100342e-05,2.085823,2.349174,1.199982,5.020889e-07,6.93165e-05,7.54273e-07,-1.515807e-10,7.535957e-07,2.712659e-07,9.180434e-12,2.714855e-07
0.0003078533,2.97,2.97,1.2,0.008006546,1.935887,2.386201,1.199986,1.966111e-07,9.09563e-05,2.085823,2.349174,1.199982,4.996768e-07,6.908598e-05,7.54273e-07,-1.515925e-10,7.535958e-07,2.71266e-07,9.138468e-12,2.714865e-07
0.0003082533,2.97,2.97,1.2,0.007919972,1.935887,2.386201,1.199986,1.961099e-07,9.090937e-05,2.085823,2.349175,1.199982,4.9718e-07,6.885675e-05,7.542731e-07,-1.516045e-10,7.53596e-07,2.71266e-07,9.09739e-12,2.714875e-07
0.0003086533,2.97,2.97,1.2,0.007834352,1.935887,2.386201,1.199986,1.956088e-07,9.086262e-05,2.085823,2.349175,1.199982,4.947093e-07,6.86288e-05,7.542731e-07,-1.516163e-10,7.535961e-07,2.712661e-07,9.055867e-12,2.714885e-07
0.0003090533,2.97,2.97,1.2,0.007749676,1.935887,2.386201,1.199986,1.951112e-07,9.081604e-05,2.085823,2.349175,1.199982,4.922882e-07,6.840212e-05,7.542731e-07,-1.51628e-10,7.535963e-07,2.712661e-07,9.015455e-12,2.714894e-07
0.0003094533,2.97,2.97,1.2,0.007665932,1.935887,2.386201,1.199986,1.946138e-07,9.076965e-05,2.085823,2.349175,1.199982,4.898905e-07,6.817671e-05,7.542731e-07,-1.5164e-10,7.535964e-07,2.712662e-07,8.974821e-12,2.714904e-07
0.0003098533,2.97,2.97,1.2,0.007583112,1.935887,2.386201,1.199986,1.94111e-07,9.072343e-05,2.085823,2.349175,1.199983,4.874816e-07,6.795256e-05,7.542732e-07,-1.516516e-10,7.535966e-07,2.712662e-07,8.934187e-12,2.714913e-07
0.0003102533,2.97,2.97,1.2,0.007501204,1.935887,2.386201,1.199986,1.9362e-07,9.067739e-05,2.085823,2.349175,1.199983,4.851321e-07,6.772966e-05,7.542732e-07,-1.516633e-10,7.535967e-07,2.712663e-07,8.894441e-12,2.714922e-07
0.0003106533,2.97,2.97,1.2,0.007420199,1.935887,2.386201,1.199986,1.931336e-07,9.063153e-05,2.085823,2.349175,1.199983,4.827139e-07,6.750801e-05,7.542732e-07,-1.516749e-10,7.535969e-07,2.712663e-07,8.854029e-12,2.714932e-07
0.0003110533,2.97,2.97,1.2,0.007340086,1.935887,2.386201,1.199986,1.926392e-07,9.058585e-05,2.085823,2.349175,1.199983,4.803433e-07,6.72876e-05,7.542732e-07,-1.516862e-10,7.53597e-07,2.712663e-07,8.814283e-12,2.714941e-07
0.0003114533,2.97,2.97,1.2,0.007260856,1.935887,2.386201,1.199986,1.921496e-07,9.054034e-05,2.085823,2.349175,1.199983,4.780683e-07,6.706841e-05,7.542733e-07,-1.516978e-10,7.535972e-07,2.712664e-07,8.774981e-12,2.71495e-07
0.0003118533,2.97,2.97,1.2,0.007182499,1.935887,2.386201,1.199986,1.916677e-07,9.049501e-05,2.085823,2.349175,1.199983,4.757143e-07,6.685046e-05,7.542733e-07,-1.517091e-10,7.535973e-07,2.712664e-07,8.735679e-12,2.714959e-07
0.0003122533,2.97,2.97,1.2,0.007105006,1.935887,2.386201,1.199986,1.911774e-07,9.044985e-05,2.085823,2.349176,1.199983,4.733959e-07,6.663372e-05,7.542733e-07,-1.517206e-10,7.535975e-07,2.712665e-07,8.696377e-12,2.714968e-07
0.0003126533,2.97,2.97,1.2,0.007028367,1.935887,2.386201,1.199986,1.906996e-07,9.040486e-05,2.085823,2.349176,1.199983,4.710974e-07,6.641819e-05,7.542733e-07,-1.51732e-10,7.535976e-07,2.712665e-07,8.657741e-12,2.714977e-07
0.0003130533,2.97,2.97,1.2,0.006952572,1.935887,2.386201,1.199986,1.902137e-07,9.036005e-05,2.085823,2.349176,1.199983,4.688022e-07,6.620387e-05,7.542733e-07,-1.517433e-10,7.535978e-07,2.712665e-07,8.619105e-12,2.714986e-07
0.0003134533,2.97,2.97,1.2,0.006877612,1.935887,2.386201,1.199986,1.89734e-07,9.031541e-05,2.085823,2.349176,1.199983,4.665313e-07,6.599075e-05,7.542734e-07,-1.517544e-10,7.535979e-07,2.712665e-07,8.580914e-12,2.714995e-07
0.0003138533,2.97,2.97,1.2,0.006803478,1.935887,2.386201,1.199986,1.89256e-07,9.027094e-05,2.085823,2.349176,1.199983,4.642383e-07,6.577882e-05,7.542734e-07,-1.517657e-10,7.535981e-07,2.712666e-07,8.542722e-12,2.715004e-07
0.0003142533,2.97,2.97,1.2,0.006730162,1.935887,2.386201,1.199986,1.88785e-07,9.022664e-05,2.085823,2.349176,1.199983,4.620015e-07,6.556807e-05,7.542734e-07,-1.517768e-10,7.535982e-07,2.712666e-07,8.504752e-12,2.715012e-07
0.0003146533,2.97,2.97,1.2,0.006657653,1.935887,2.386201,1.199986,1.883076e-07,9.018252e-05,2.085823,2.349176,1.199983,4.598198e-07,6.53585e-05,7.542734e-07,-1.517879e-10,7.535984e-07,2.712666e-07,8.467005e-12,2.715021e-07
0.0003150533,2.97,2.97,1.2,0.006585943,1.935887,2.386201,1.199986,1.878452e-07,9.013856e-05,2.085823,2.349176,1.199983,4.575645e-07,6.51501e-05,7.542735e-07,-1.51799e-10,7.535985e-07,2.712667e-07,8.429035e-12,2.71503e-07
0.0003154533,2.97,2.97,1.2,0.006515024,1.935887,2.386201,1.199986,1.873724e-07,9.009477e-05,2.085823,2.349176,1.199983,4.553453e-07,6.494287e-05,7.542735e-07,-1.518101e-10,7.535987e-07,2.712667e-07,8.392398e-12,2.715038e-07
0.0003158533,2.97,2.97,1.2,0.006444886,1.935887,2.386201,1.199986,1.868996e-07,9.005115e-05,2.085823,2.349176,1.199983,4.53158e-07,6.473679e-05,7.542735e-07,-1.51821e-10,7.535988e-07,2.712667e-07,8.354872e-12,2.715047e-07
0.0003162533,2.97,2.97,1.2,0.00637552,1.935887,2.386201,1.199986,1.864404e-07,9.00077e-05,2.085823,2.349176,1.199983,4.509136e-07,6.453187e-05,7.542735e-07,-1.518323e-10,7.535989e-07,2.712667e-07,8.318235e-12,2.715055e-07
0.0003166533,2.97,2.97,1.2,0.00630692,1.935887,2.386201,1.199986,1.859701e-07,8.996442e-05,2.085823,2.349176,1.199983,4.488131e-07,6.432809e-05,7.542735e-07,-1.51843e-10,7.535991e-07,2.712668e-07,8.281598e-12,2.715064e-07
0.0003170533,2.97,2.97,1.2,0.006239075,1.935887,2.386201,1.199986,1.8551e-07,8.99213e-05,2.085823,2.349176,1.199983,4.46657e-07,6.412545e-05,7.542736e-07,-1.518539e-10,7.535992e-07,2.712668e-07,8.24496e-12,2.715072e-07
0.0003174533,2.97,2.97,1.2,0.006171977,1.935887,2.386201,1.199986,1.850471e-07,8.987835e-05,2.085823,2.349176,1.199983,4.445167e-07,6.392395e-05,7.542736e-07,-1.518647e-10,7.535994e-07,2.712668e-07,8.208767e-12,2.71508e-07
0.0003178533,2.97,2.97,1.2,0.006105619,1.935887,2.386201,1.199986,1.845862e-07,8.983556e-05,2.085823,2.349176,1.199983,4.423274e-07,6.372357e-05,7.542736e-07,-1.518756e-10,7.535995e-07,2.712668e-07,8.172574e-12,2.715089e-07
0.0003182533,2.97,2.97,1.2,0.006039993,1.935887,2.386201,1.199986,1.841336e-07,8.979294e-05,2.085823,2.349176,1.199983,4.40237e-07,6.352431e-05,7.542736e-07,-1.518863e-10,7.535996e-07,2.712669e-07,8.136825e-12,2.715097e-07
0.0003186533,2.97,2.97,1.2,0.005975089,1.935887,2.386201,1.199986,1.83677e-07,8.975048e-05,2.085823,2.349176,1.199983,4.381042e-07,6.332616e-05,7.542737e-07,-1.518969e-10,7.535998e-07,2.712669e-07,8.101075e-12,2.715105e-07
0.0003190533,2.97,2.97,1.2,0.005910901,1.935887,2.386201,1.199986,1.832269e-07,8.970818e-05,2.085823,2.349176,1.199983,4.359922e-07,6.312912e-05,7.542737e-07,-1.519076e-10,7.535999e-07,2.712669e-07,8.06577e-12,2.715113e-07
0.0003194533,2.97,2.97,1.2,0.00584742,1.935887,2.386201,1.199986,1.827766e-07,8.966605e-05,2.085823,2.349176,1.199983,4.339074e-07,6.293319e-05,7.542737e-07,-1.51918e-10,7.536001e-07,2.712669e-07,8.030465e-12,2.715121e-07
0.0003198533,2.97,2.97,1.2,0.005784638,1.935887,2.386201,1.199986,1.823212e-07,8.962408e-05,2.085823,2.349176,1.199983,4.318347e-07,6.273835e-05,7.542737e-07,-1.519287e-10,7.536002e-07,2.712669e-07,7.995382e-12,2.715129e-07
0.0003202533,2.97,2.97,1.2,0.005722549,1.935887,2.386201,1.199986,1.818688e-07,8.958227e-05,2.085823,2.349176,1.199983,4.29742e-07,6.254459e-05,7.542737e-07,-1.519393e-10,7.536003e-07,2.71267e-07,7.960299e-12,2.715137e-07
0.0003206533,2.97,2.97,1.2,0.005661143,1.935887,2.386201,1.199986,1.814309e-07,8.954062e-05,2.085823,2.349176,1.199983,4.277109e-07,6.235193e-05,7.542738e-07,-1.519498e-10,7.536005e-07,2.71267e-07,7.925882e-12,2.715145e-07
0.0003210533,2.97,2.97,1.2,0.005600414,1.935887,2.386201,1.199986,1.809805e-07,8.949913e-05,2.085823,2.349176,1.199983,4.256788e-07,6.216033e-05,7.542738e-07,-1.5196e-10,7.536006e-07,2.71267e-07,7.891465e-12,2.715153e-07
0.0003214533,2.97,2.97,1.2,0.005540353,1.935887,2.386201,1.199986,1.805367e-07,8.94578e-05,2.085823,2.349176,1.199983,4.236592e-07,6.196981e-05,7.542738e-07,-1.519704e-10,7.536007e-07,2.71267e-07,7.857492e-12,2.715161e-07
0.0003218533,2.97,2.97,1.2,0.005480949,1.935887,2.386201,1.199986,1.800955e-07,8.941663e-05,2.085823,2.349176,1.199983,4.216303e-07,6.178036e-05,7.542738e-07,-1.519809e-10,7.536009e-07,2.712671e-07,7.823076e-12,2.715169e-07
0.0003222533,2.97,2.97,1.2,0.005422041,1.935887,2.386201,1.199986,1.796841e-07,8.937562e-05,2.085823,2.349176,1.199983,4.196412e-07,6.159198e-05,7.542738e-07,-1.519911e-10,7.53601e-07,2.712671e-07,7.789547e-12,2.715177e-07
0.0003226533,2.97,2.97,1.2,0.005364178,1.935887,2.386201,1.199986,1.792236e-07,8.933477e-05,2.085823,2.349176,1.199983,4.176279e-07,6.140464e-05,7.542739e-07,-1.520015e-10,7.536011e-07,2.712671e-07,7.756018e-12,2.715184e-07
0.0003230533,2.97,2.97,1.2,0.008891169,1.935891,2.386198,1.199984,1.737197e-07,8.929395e-05,2.085823,2.349176,1.199983,4.156093e-07,6.121834e-05,7.542723e-07,-1.519926e-10,7.535999e-07,2.712671e-07,7.722267e-12,2.715192e-07
0.0003234533,2.97,2.97,1.2,0.0489359,1.935908,2.386187,1.199976,1.655761e-07,8.925288e-05,2.085823,2.349176,1.199983,4.136846e-07,6.10331e-05,7.542669e-07,-1.519513e-10,7.535946e-07,2.712671e-07,7.688961e-12,2.7152e-07
0.0003238533,2.97,2.97,1.2,0.1386861,1.935913,2.386186,1.199975,1.811634e-07,8.921339e-05,2.085823,2.349176,1.199983,4.109843e-07,6.084775e-05,7.542675e-07,-1.520237e-10,7.535947e-07,2.712672e-07,7.655654e-12,2.715207e-07
0.0003239858,2.97,2.97,1.2,0.12131,1.935886,2.386209,1.199993,1.663849e-07,8.898812e-05,2.085823,2.349176,1.199983,4.048122e-07,5.98303e-05,7.545576e-07,-1.247717e-10,7.536198e-07,2.712673e-07,7.472023e-12,2.715249e-07
0.000324304,2.97,2.97,1.2,0.1202467,1.935886,2.386206,1.19999,1.699362e-07,8.892603e-05,2.085823,2.349176,1.199983,3.971308e-07,5.954728e-05,7.545546e-07,-1.251563e-10,7.536188e-07,2.712673e-07,7.421841e-12,2.715261e-07
0.0003246601,2.97,2.97,1.2,0.1190675,1.935886,2.386204,1.199989,1.703325e-07,8.887807e-05,2.085823,2.349176,1.199983,3.956756e-07,5.933607e-05,7.545515e-07,-1.254352e-10,7.536181e-07,2.712673e-07,7.383205e-12,2.71527e-07
0.0003250404,2.97,2.97,1.2,0.1211214,1.935892,2.3862,1.199985,1.564201e-07,8.883712e-05,2.085823,2.349176,1.199983,3.926965e-07,5.914441e-05,7.545458e-07,-1.256539e-10,7.536155e-07,2.712674e-07,7.349454e-12,2.715277e-07
0.0003254404,2.97,2.97,1.2,0.1907085,1.935914,2.386181,1.199971,1.862383e-07,8.879739e-05,2.085823,2.349176,1.199983,3.909551e-07,5.897079e-05,7.545387e-07,-1.258027e-10,7.536075e-07,2.712674e-07,7.318368e-12,2.715284e-07
0.0003258404,2.97,2.97,1.2,0.2460605,1.93584,2.386232,1.200009,3.85817e-07,8.876124e-05,2.085823,2.349176,1.199983,3.890959e-07,5.879813e-05,7.545963e-07,-1.245224e-10,7.536378e-07,2.712674e-07,7.287282e-12,2.715291e-07
0.000325983,2.97,2.97,1.2,0.245089,1.935887,2.386209,1.199992,1.991886e-07,8.862881e-05,2.085823,2.349176,1.199983,3.868448e-07,5.821991e-05,7.545282e-07,-1.280722e-10,7.5362e-07,2.712675e-07,7.182921e-12,2.715315e-07
0.0003263356,2.97,2.97,1.2,0.2427078,1.935886,2.386207,1.199991,1.774141e-07,8.858273e-05,2.085823,2.349176,1.199983,3.806678e-07,5.800954e-05,7.545267e-07,-1.28036e-10,7.53619e-07,2.712675e-07,7.145395e-12,2.715324e-07
0.0003266733,2.97,2.97,1.2,0.2426658,1.935887,2.386205,1.199989,1.722555e-07,8.85335e-05,2.085823,2.349176,1.199983,3.79686e-07,5.779733e-05,7.545247e-07,-1.281288e-10,7.536179e-07,2.712675e-07,7.107204e-12,2.715333e-07
0.0003270733,2.97,2.97,1.2,0.2454843,1.935888,2.386203,1.199988,1.663482e-07,8.849584e-05,2.085823,2.349176,1.199983,3.774522e-07,5.763084e-05,7.545217e-07,-1.283458e-10,7.536171e-07,2.712676e-07,7.077894e-12,2.71534e-07
0.0003274733,2.97,2.97,1.2,0.2494503,1.935888,2.386202,1.199987,1.643779e-07,8.845832e-05,2.085823,2.349176,1.199983,3.756342e-07,5.746563e-05,7.545191e-07,-1.285645e-10,7.536167e-07,2.712676e-07,7.047918e-12,2.715346e-07
0.0003278733,2.97,2.97,1.2,0.2538329,1.935888,2.386201,1.199987,1.632315e-07,8.842097e-05,2.085823,2.349176,1.199983,3.738976e-07,5.730135e-05,7.545168e-07,-1.287819e-10,7.536165e-07,2.712676e-07,7.018386e-12,2.715353e-07
0.0003282733,2.97,2.97,1.2,0.2586514,1.935888,2.386201,1.199986,1.625357e-07,8.838377e-05,2.085823,2.349176,1.199983,3.721279e-07,5.713799e-05,7.545145e-07,-1.290001e-10,7.536163e-07,2.712676e-07,6.989076e-12,2.71536e-07
0.0003286733,2.97,2.97,1.2,0.2638507,1.935888,2.386201,1.199986,1.620212e-07,8.834672e-05,2.085823,2.349176,1.199983,3.704206e-07,5.697554e-05,7.545122e-07,-1.292171e-10,7.536162e-07,2.712676e-07,6.959988e-12,2.715367e-07
0.0003290733,2.97,2.97,1.2,0.2697577,1.935889,2.386201,1.199986,1.614987e-07,8.83098e-05,2.085823,2.349176,1.199983,3.687148e-07,5.6814e-05,7.545099e-07,-1.294329e-10,7.536161e-07,2.712677e-07,6.9309e-12,2.715373e-07
0.0003294733,2.97,2.97,1.2,0.2767213,1.935889,2.3862,1.199986,1.613368e-07,8.827304e-05,2.085823,2.349176,1.199983,3.669896e-07,5.665336e-05,7.545078e-07,-1.296467e-10,7.53616e-07,2.712677e-07,6.902034e-12,2.71538e-07
0.0003298733,2.97,2.97,1.2,0.2831665,1.935888,2.386201,1.199986,1.622731e-07,8.823646e-05,2.085823,2.349176,1.199983,3.653129e-07,5.649363e-05,7.545061e-07,-1.29865e-10,7.536164e-07,2.712677e-07,6.873613e-12,2.715386e-07
0.0003302733,2.97,2.97,1.2,0.2821181,1.935886,2.386202,1.199987,1.585027e-07,8.820085e-05,2.085823,2.349176,1.199983,3.62926e-07,5.633421e-05,7.545043e-07,-1.300802e-10,7.53617e-07,2.712677e-07,6.844525e-12,2.715393e-07
0.0003306733,2.97,2.97,1.2,0.278998,1.935886,2.386202,1.199987,1.592967e-07,8.816449e-05,2.085823,2.349176,1.199983,3.61276e-07,5.61763e-05,7.545021e-07,-1.302989e-10,7.536168e-07,2.712677e-07,6.816325e-12,2.715399e-07
0.0003310733,2.97,2.97,1.2,0.2759252,1.935886,2.386201,1.199987,1.594162e-07,8.812749e-05,2.085823,2.349176,1.199983,3.603161e-07,5.601985e-05,7.544998e-07,-1.30514e-10,7.536166e-07,2.712677e-07,6.78857e-12,2.715406e-07
0.0003314733,2.97,2.97,1.2,0.2728862,1.935886,2.386201,1.199986,1.592304e-07,8.809142e-05,2.085823,2.349176,1.199983,3.585871e-07,5.586369e-05,7.544976e-07,-1.307237e-10,7.536165e-07,2.712678e-07,6.760814e-12,2.715412e-07
0.0003318733,2.97,2.97,1.2,0.2698808,1.935886,2.386201,1.199986,1.590075e-07,8.80555e-05,2.085823,2.349176,1.199983,3.568949e-07,5.570842e-05,7.544955e-07,-1.309308e-10,7.536164e-07,2.712678e-07,6.732837e-12,2.715419e-07
0.0003322733,2.97,2.97,1.2,0.2669084,1.935886,2.386201,1.199986,1.587192e-07,8.801972e-05,2.085823,2.349176,1.199983,3.552834e-07,5.555403e-05,7.544934e-07,-1.311367e-10,7.536163e-07,2.712678e-07,6.705081e-12,2.715425e-07
0.0003326733,2.97,2.97,1.2,0.2639688,1.935886,2.386201,1.199986,1.584205e-07,8.798407e-05,2.085823,2.349176,1.199983,3.536519e-07,5.54005e-05,7.544914e-07,-1.313412e-10,7.536163e-07,2.712678e-07,6.677547e-12,2.715431e-07
0.0003330733,2.97,2.97,1.2,0.2610616,1.935886,2.386201,1.199986,1.580855e-07,8.794857e-05,2.085823,2.349176,1.199983,3.520162e-07,5.524785e-05,7.544893e-07,-1.315452e-10,7.536163e-07,2.712678e-07,6.650236e-12,2.715438e-07
0.0003334733,2.97,2.97,1.2,0.2581862,1.935886,2.386201,1.199986,1.577829e-07,8.79132e-05,2.085823,2.349176,1.199983,3.503959e-07,5.509606e-05,7.544873e-07,-1.317482e-10,7.536163e-07,2.712679e-07,6.622924e-12,2.715444e-07
0.0003338733,2.97,2.97,1.2,0.255369,1.935886,2.386201,1.199986,1.569166e-07,8.787871e-05,2.085823,2.349176,1.199983,3.480955e-07,5.494467e-05,7.544853e-07,-1.319485e-10,7.536163e-07,2.712679e-07,6.595391e-12,2.71545e-07
0.0003342733,2.97,2.97,1.2,0.2539839,1.935887,2.3862,1.199985,1.568394e-07,8.784285e-05,2.085823,2.349176,1.199983,3.472637e-07,5.479506e-05,7.544831e-07,-1.32149e-10,7.53616e-07,2.712679e-07,6.568968e-12,2.715456e-07
0.0003346733,2.97,2.97,1.2,0.2546689,1.935887,2.3862,1.199985,1.568211e-07,8.780788e-05,2.085823,2.349176,1.199983,3.455999e-07,5.464582e-05,7.544811e-07,-1.323475e-10,7.53616e-07,2.712679e-07,6.542322e-12,2.715462e-07
0.0003350733,2.97,2.97,1.2,0.2562428,1.935887,2.3862,1.199985,1.566199e-07,8.777307e-05,2.085823,2.349176,1.199983,3.440064e-07,5.449742e-05,7.544792e-07,-1.325453e-10,7.53616e-07,2.712679e-07,6.515899e-12,2.715468e-07
0.0003354733,2.97,2.97,1.2,0.2578723,1.935887,2.3862,1.199985,1.562511e-07,8.773839e-05,2.085823,2.349176,1.199983,3.424541e-07,5.434987e-05,7.544774e-07,-1.327438e-10,7.536162e-07,2.712679e-07,6.489254e-12,2.715474e-07
0.0003358733,2.97,2.97,1.2,0.2592555,1.935887,2.3862,1.199986,1.558206e-07,8.770384e-05,2.085823,2.349176,1.199983,3.408761e-07,5.420314e-05,7.544755e-07,-1.329428e-10,7.536163e-07,2.71268e-07,6.463052e-12,2.71548e-07
0.0003362733,2.97,2.97,1.2,0.2603842,1.935887,2.3862,1.199986,1.553988e-07,8.766942e-05,2.085823,2.349176,1.199983,3.393193e-07,5.405725e-05,7.544736e-07,-1.331417e-10,7.536163e-07,2.71268e-07,6.436851e-12,2.715486e-07
0.0003366733,2.97,2.97,1.2,0.2613387,1.935887,2.3862,1.199986,1.550089e-07,8.763513e-05,2.085823,2.349176,1.199983,3.377587e-07,5.391218e-05,7.544717e-07,-1.333389e-10,7.536164e-07,2.71268e-07,6.41065e-12,2.715492e-07
0.0003370733,2.97,2.97,1.2,0.2621946,1.935887,2.3862,1.199986,1.546497e-07,8.760098e-05,2.085823,2.349176,1.199983,3.362378e-07,5.376793e-05,7.544698e-07,-1.335356e-10,7.536164e-07,2.71268e-07,6.384226e-12,2.715498e-07
0.0003374733,2.97,2.97,1.2,0.2629986,1.935887,2.3862,1.199986,1.543069e-07,8.756695e-05,2.085823,2.349176,1.199983,3.346888e-07,5.362449e-05,7.544679e-07,-1.337312e-10,7.536164e-07,2.71268e-07,6.358913e-12,2.715504e-07
0.0003378733,2.97,2.97,1.2,0.2637729,1.935887,2.3862,1.199986,1.539709e-07,8.753305e-05,2.085823,2.349176,1.199983,3.331697e-07,5.348186e-05,7.54466e-07,-1.33926e-10,7.536164e-07,2.71268e-07,6.333378e-12,2.71551e-07
0.0003382733,2.97,2.97,1.2,0.2645253,1.935887,2.3862,1.199986,1.536427e-07,8.749929e-05,2.085823,2.349176,1.199983,3.316531e-07,5.334004e-05,7.544641e-07,-1.341194e-10,7.536164e-07,2.71268e-07,6.307843e-12,2.715516e-07
0.0003386733,2.97,2.97,1.2,0.2652575,1.935887,2.386201,1.199986,1.533087e-07,8.746565e-05,2.085823,2.349176,1.199983,3.302177e-07,5.319902e-05,7.544622e-07,-1.343117e-10,7.536165e-07,2.712681e-07,6.282752e-12,2.715522e-07
0.0003390733,2.97,2.97,1.2,0.2659698,1.935887,2.386201,1.199986,1.529751e-07,8.743215e-05,2.085823,2.349176,1.199983,3.286441e-07,5.30588e-05,7.544603e-07,-1.345035e-10,7.536165e-07,2.712681e-07,6.257439e-12,2.715527e-07
0.0003394733,2.97,2.97,1.2,0.2666629,1.935887,2.386201,1.199986,1.526452e-07,8.739877e-05,2.085823,2.349176,1.199983,3.271833e-07,5.291936e-05,7.544585e-07,-1.34694e-10,7.536165e-07,2.712681e-07,6.232348e-12,2.715533e-07
0.0003398733,2.97,2.97,1.2,0.2673382,1.935887,2.386201,1.199986,1.523189e-07,8.736552e-05,2.085823,2.349176,1.199983,3.257097e-07,5.278072e-05,7.544566e-07,-1.348837e-10,7.536165e-07,2.712681e-07,6.207257e-12,2.715539e-07
0.0003402733,2.97,2.97,1.2,0.2679973,1.935887,2.386201,1.199986,1.519923e-07,8.73324e-05,2.085823,2.349176,1.199983,3.242305e-07,5.264286e-05,7.544548e-07,-1.350722e-10,7.536165e-07,2.712681e-07,6.183054e-12,2.715544e-07
0.0003406733,2.97,2.97,1.2,0.268642,1.935887,2.386201,1.199986,1.516525e-07,8.72994e-05,2.085823,2.349176,1.199983,3.227948e-07,5.250577e-05,7.544529e-07,-1.352602e-10,7.536165e-07,2.712682e-07,6.158185e-12,2.71555e-07
0.0003410733,2.97,2.97,1.2,0.269274,1.935887,2.386201,1.199986,1.51338e-07,8.726654e-05,2.085823,2.349176,1.199983,3.213511e-07,5.236946e-05,7.544511e-07,-1.354472e-10,7.536166e-07,2.712682e-07,6.13376e-12,2.715556e-07
0.0003414733,2.97,2.97,1.2,0.2698946,1.935887,2.386201,1.199986,1.510183e-07,8.723379e-05,2.085823,2.349176,1.199983,3.1988e-07,5.223392e-05,7.544493e-07,-1.356333e-10,7.536166e-07,2.712682e-07,6.109335e-12,2.715561e-07
0.0003418733,2.97,2.97,1.2,0.2705051,1.935887,2.386201,1.199986,1.506954e-07,8.720118e-05,2.085823,2.349176,1.199983,3.184723e-07,5.209915e-05,7.544475e-07,-1.358187e-10,7.536166e-07,2.712682e-07,6.085354e-12,2.715567e-07
0.0003422733,2.97,2.97,1.2,0.2711064,1.935887,2.386201,1.199986,1.503741e-07,8.716869e-05,2.085823,2.349176,1.199983,3.170206e-07,5.196514e-05,7.544457e-07,-1.360025e-10,7.536166e-07,2.712682e-07,6.061596e-12,2.715572e-07
0.0003426733,2.97,2.97,1.2,0.2716996,1.935887,2.386201,1.199986,1.500564e-07,8.713633e-05,2.085823,2.349176,1.199983,3.155701e-07,5.183188e-05,7.544439e-07,-1.36186e-10,7.536166e-07,2.712682e-07,6.037615e-12,2.715578e-07
0.0003430733,2.97,2.97,1.2,0.2722854,1.935887,2.386201,1.199986,1.4973e-07,8.710409e-05,2.085823,2.349176,1.199983,3.141664e-07,5.169938e-05,7.544421e-07,-1.363683e-10,7.536166e-07,2.712682e-07,6.013412e-12,2.715583e-07
0.0003434733,2.97,2.97,1.2,0.2728646,1.935887,2.3862,1.199986,1.494174e-07,8.707197e-05,2.085823,2.349176,1.199983,3.127829e-07,5.156762e-05,7.544403e-07,-1.365499e-10,7.536167e-07,2.712683e-07,5.989875e-12,2.715589e-07
0.0003438733,2.97,2.97,1.2,0.2734377,1.935887,2.3862,1.199986,1.491054e-07,8.703998e-05,2.085823,2.349176,1.199983,3.113924e-07,5.143661e-05,7.544385e-07,-1.367306e-10,7.536167e-07,2.712683e-07,5.966561e-12,2.715594e-07
0.0003442733,2.97,2.97,1.2,0.2740052,1.935887,2.3862,1.199986,1.487864e-07,8.700811e-05,2.085823,2.349176,1.199983,3.099996e-07,5.130634e-05,7.544368e-07,-1.369103e-10,7.536167e-07,2.712683e-07,5.943468e-12,2.715599e-07
0.0003446733,2.97,2.97,1.2,0.2745678,1.935887,2.3862,1.199986,1.484802e-07,8.697636e-05,2.085823,2.349176,1.199983,3.086106e-07,5.11768e-05,7.54435e-07,-1.370892e-10,7.536167e-07,2.712683e-07,5.919709e-12,2.715605e-07
0.0003450733,2.97,2.97,1.2,0.2751258,1.935887,2.3862,1.199986,1.481688e-07,8.694474e-05,2.085823,2.349176,1.199983,3.072379e-07,5.1048e-05,7.544333e-07,-1.372673e-10,7.536167e-07,2.712683e-07,5.896839e-12,2.71561e-07
0.0003454733,2.97,2.97,1.2,0.2756796,1.935887,2.3862,1.199986,1.478442e-07,8.691323e-05,2.085823,2.349176,1.199983,3.058741e-07,5.091992e-05,7.544316e-07,-1.374445e-10,7.536167e-07,2.712683e-07,5.873968e-12,2.715615e-07
0.0003458733,2.97,2.97,1.2,0.2762296,1.935887,2.3862,1.199986,1.475374e-07,8.688185e-05,2.085823,2.349176,1.199983,3.045216e-07,5.079257e-05,7.544298e-07,-1.376208e-10,7.536168e-07,2.712684e-07,5.851319e-12,2.71562e-07
0.0003462733,2.97,2.97,1.2,0.2767761,1.935887,2.3862,1.199986,1.472259e-07,8.685059e-05,2.085823,2.349176,1.199983,3.031752e-07,5.066593e-05,7.544281e-07,-1.377964e-10,7.536168e-07,2.712684e-07,5.828449e-12,2.715626e-07
0.0003466733,2.97,2.97,1.2,0.2773193,1.935887,2.3862,1.199986,1.469205e-07,8.681945e-05,2.085823,2.349176,1.199983,3.018199e-07,5.054001e-05,7.544264e-07,-1.379714e-10,7.536168e-07,2.712684e-07,5.806244e-12,2.715631e-07
0.0003470733,2.97,2.97,1.2,0.2778596,1.935887,2.3862,1.199986,1.466212e-07,8.678843e-05,2.085823,2.349176,1.199983,3.004884e-07,5.041481e-05,7.544247e-07,-1.381451e-10,7.536168e-07,2.712684e-07,5.783818e-12,2.715636e-07
0.0003474733,2.97,2.97,1.2,0.2783971,1.935887,2.3862,1.199986,1.463109e-07,8.675753e-05,2.085823,2.349176,1.199983,2.991606e-07,5.02903e-05,7.54423e-07,-1.383182e-10,7.536168e-07,2.712684e-07,5.761169e-12,2.715641e-07
0.0003478733,2.97,2.97,1.2,0.278932,1.935887,2.3862,1.199986,1.460072e-07,8.672675e-05,2.085823,2.349176,1.199983,2.978336e-07,5.016651e-05,7.544213e-07,-1.384903e-10,7.536168e-07,2.712684e-07,5.738965e-12,2.715646e-07
0.0003482733,2.97,2.97,1.2,0.2794646,1.935887,2.3862,1.199986,1.45699e-07,8.669608e-05,2.085823,2.349176,1.199983,2.965218e-07,5.004341e-05,7.544197e-07,-1.386617e-10,7.536169e-07,2.712684e-07,5.717204e-12,2.715651e-07
0.0003486733,2.97,2.97,1.2,0.2799951,1.935887,2.3862,1.199986,1.453911e-07,8.666553e-05,2.085823,2.349176,1.199983,2.952188e-07,4.9921e-05,7.54418e-07,-1.388323e-10,7.536169e-07,2.712685e-07,5.695e-12,2.715656e-07
0.0003490733,2.97,2.97,1.2,0.2805235,1.935887,2.3862,1.199986,1.450959e-07,8.663511e-05,2.085823,2.349176,1.199983,2.939526e-07,4.979929e-05,7.544163e-07,-1.390021e-10,7.536169e-07,2.712685e-07,5.673462e-12,2.715661e-07
0.0003494733,2.97,2.97,1.2,0.28105,1.935887,2.3862,1.199986,1.447996e-07,8.660479e-05,2.085823,2.349176,1.199983,2.926453e-07,4.967826e-05,7.544147e-07,-1.391709e-10,7.536169e-07,2.712685e-07,5.651701e-12,2.715666e-07
0.0003498733,2.97,2.97,1.2,0.2815749,1.935887,2.3862,1.199986,1.444988e-07,8.65746e-05,2.085823,2.349176,1.199983,2.913665e-07,4.955792e-05,7.54413e-07,-1.393385e-10,7.536169e-07,2.712685e-07,5.630163e-12,2.715671e-07
0.0003502733,2.97,2.97,1.2,0.2820981,1.935887,2.3862,1.199986,1.442004e-07,8.654452e-05,2.085823,2.349176,1.199983,2.900774e-07,4.943826e-05,7.544114e-07,-1.395057e-10,7.536169e-07,2.712685e-07,5.608625e-12,2.715676e-07
0.0003506733,2.97,2.97,1.2,0.2826198,1.935887,2.3862,1.199986,1.439019e-07,8.651456e-05,2.085823,2.349176,1.199983,2.887917e-07,4.931927e-05,7.544098e-07,-1.396725e-10,7.53617e-07,2.712685e-07,5.58753e-12,2.715681e-07
0.0003510733,2.97,2.97,1.2,0.2831402,1.935887,2.3862,1.199986,1.436138e-07,8.648471e-05,2.085823,2.349176,1.199983,2.875374e-07,4.920096e-05,7.544082e-07,-1.398379e-10,7.53617e-07,2.712685e-07,5.566214e-12,2.715686e-07
0.0003514733,2.97,2.97,1.2,0.2836593,1.935887,2.3862,1.199986,1.433142e-07,8.645497e-05,2.085823,2.349176,1.199983,2.863237e-07,4.908331e-05,7.544066e-07,-1.400029e-10,7.53617e-07,2.712686e-07,5.544898e-12,2.715691e-07
0.0003518733,2.97,2.97,1.2,0.2841772,1.935887,2.3862,1.199986,1.430178e-07,8.642536e-05,2.085823,2.349176,1.199983,2.85064e-07,4.896633e-05,7.544049e-07,-1.40167e-10,7.53617e-07,2.712686e-07,5.52447e-12,2.715695e-07
0.0003522733,2.97,2.97,1.2,0.284694,1.935887,2.3862,1.199986,1.427248e-07,8.639585e-05,2.085823,2.349176,1.199983,2.837983e-07,4.885e-05,7.544034e-07,-1.403304e-10,7.53617e-07,2.712686e-07,5.503153e-12,2.7157e-07
0.0003526733,2.97,2.97,1.2,0.2852098,1.935887,2.3862,1.199986,1.424355e-07,8.636646e-05,2.085823,2.349176,1.199983,2.825375e-07,4.873434e-05,7.544018e-07,-1.40493e-10,7.53617e-07,2.712686e-07,5.482503e-12,2.715705e-07
0.0003530733,2.97,2.97,1.2,0.2857246,1.935887,2.3862,1.199986,1.421477e-07,8.633718e-05,2.085823,2.349176,1.199983,2.813396e-07,4.861933e-05,7.544002e-07,-1.406546e-10,7.536171e-07,2.712686e-07,5.461631e-12,2.715709e-07
0.0003534733,2.97,2.97,1.2,0.2862386,1.935887,2.3862,1.199986,1.418645e-07,8.630802e-05,2.085823,2.349176,1.199983,2.801332e-07,4.850496e-05,7.543986e-07,-1.408156e-10,7.536171e-07,2.712686e-07,5.441203e-12,2.715714e-07
0.0003538733,2.97,2.97,1.2,0.2867518,1.935887,2.3862,1.199986,1.415697e-07,8.627896e-05,2.085823,2.349176,1.199983,2.789467e-07,4.839125e-05,7.543971e-07,-1.409757e-10,7.536171e-07,2.712686e-07,5.420775e-12,2.715719e-07
0.0003542733,2.97,2.97,1.2,0.2872642,1.935887,2.3862,1.199986,1.412785e-07,8.625002e-05,2.085823,2.349176,1.199983,2.777157e-07,4.827817e-05,7.543955e-07,-1.411349e-10,7.536171e-07,2.712687e-07,5.400569e-12,2.715723e-07
0.0003546733,2.97,2.97,1.2,0.2877759,1.935887,2.3862,1.199986,1.409943e-07,8.622119e-05,2.085823,2.349176,1.199983,2.765064e-07,4.816574e-05,7.543939e-07,-1.412939e-10,7.536171e-07,2.712687e-07,5.380585e-12,2.715728e-07
0.0003550733,2.97,2.97,1.2,0.288287,1.935887,2.3862,1.199986,1.407108e-07,8.619247e-05,2.085823,2.349176,1.199983,2.753038e-07,4.805393e-05,7.543924e-07,-1.414517e-10,7.536171e-07,2.712687e-07,5.360823e-12,2.715733e-07
0.0003554733,2.97,2.97,1.2,0.2887976,1.935887,2.3862,1.199986,1.404324e-07,8.616386e-05,2.085823,2.349176,1.199983,2.741351e-07,4.794276e-05,7.543909e-07,-1.416087e-10,7.536172e-07,2.712687e-07,5.340839e-12,2.715737e-07
0.0003558733,2.97,2.97,1.2,0.2893076,1.935887,2.3862,1.199986,1.401471e-07,8.613536e-05,2.085823,2.349176,1.199983,2.729697e-07,4.783222e-05,7.543893e-07,-1.417653e-10,7.536172e-07,2.712687e-07,5.321077e-12,2.715742e-07
0.0003562733,2.97,2.97,1.2,0.2898171,1.935887,2.3862,1.199986,1.398608e-07,8.610697e-05,2.085823,2.349176,1.199983,2.717982e-07,4.77223e-05,7.543878e-07,-1.419209e-10,7.536172e-07,2.712687e-07,5.301315e-12,2.715746e-07
0.0003566733,2.97,2.97,1.2,0.2903261,1.935887,2.3862,1.199986,1.395836e-07,8.607869e-05,2.085823,2.349176,1.199983,2.706468e-07,4.761301e-05,7.543863e-07,-1.420755e-10,7.536172e-07,2.712687e-07,5.281331e-12,2.715751e-07
0.0003570733,2.97,2.97,1.2,0.2908347,1.935887,2.3862,1.199986,1.393035e-07,8.605052e-05,2.085823,2.349176,1.199983,2.694604e-07,4.750433e-05,7.543848e-07,-1.422293e-10,7.536172e-07,2.712687e-07,5.262457e-12,2.715755e-07
0.0003574733,2.97,2.97,1.2,0.291343,1.935887,2.3862,1.199986,1.390261e-07,8.602246e-05,2.085823,2.349176,1.199983,2.68289e-07,4.739626e-05,7.543833e-07,-1.423828e-10,7.536172e-07,2.712688e-07,5.242695e-12,2.71576e-07
0.0003578733,2.97,2.97,1.2,0.2918509,1.935887,2.3862,1.199986,1.387427e-07,8.59945e-05,2.085823,2.349176,1.199983,2.671383e-07,4.72888e-05,7.543818e-07,-1.425355e-10,7.536173e-07,2.712688e-07,5.223377e-12,2.715764e-07
0.0003582733,2.97,2.97,1.2,0.2923585,1.935887,2.3862,1.199986,1.384711e-07,8.596665e-05,2.085823,2.349176,1.199983,2.66025e-07,4.718195e-05,7.543803e-07,-1.426874e-10,7.536173e-07,2.712688e-07,5.204281e-12,2.715768e-07
0.0003586733,2.97,2.97,1.2,0.2928658,1.935887,2.3862,1.199986,1.382e-07,8.593891e-05,2.085823,2.349176,1.199983,2.648915e-07,4.707571e-05,7.543789e-07,-1.428386e-10,7.536173e-07,2.712688e-07,5.18563e-12,2.715773e-07
0.0003590733,2.97,2.97,1.2,0.2933729,1.935887,2.3862,1.199986,1.379216e-07,8.591128e-05,2.085823,2.349176,1.199983,2.637921e-07,4.697006e-05,7.543774e-07,-1.42989e-10,7.536173e-07,2.712688e-07,5.16609e-12,2.715777e-07
0.0003594733,2.97,2.97,1.2,0.2938797,1.935887,2.3862,1.199986,1.376479e-07,8.588375e-05,2.085823,2.349176,1.199983,2.626572e-07,4.686501e-05,7.543759e-07,-1.431388e-10,7.536173e-07,2.712688e-07,5.147882e-12,2.715781e-07
0.0003598733,2.97,2.97,1.2,0.2943863,1.935887,2.3862,1.199986,1.373785e-07,8.585633e-05,2.085823,2.349176,1.199983,2.615044e-07,4.676055e-05,7.543745e-07,-1.432878e-10,7.536173e-07,2.712688e-07,5.12923e-12,2.715786e-07
0.0003602733,2.97,2.97,1.2,0.2948927,1.935887,2.3862,1.199986,1.37106e-07,8.582901e-05,2.085823,2.349176,1.199983,2.604526e-07,4.665669e-05,7.54373e-07,-1.434362e-10,7.536174e-07,2.712689e-07,5.110579e-12,2.71579e-07
0.0003606733,2.97,2.97,1.2,0.2953989,1.935887,2.3862,1.199986,1.36836e-07,8.58018e-05,2.085823,2.349176,1.199983,2.5933e-07,4.655341e-05,7.543716e-07,-1.435838e-10,7.536174e-07,2.712689e-07,5.092371e-12,2.715794e-07
0.0003610733,2.97,2.97,1.2,0.295905,1.935887,2.3862,1.199986,1.365657e-07,8.57747e-05,2.085823,2.349176,1.199983,2.582626e-07,4.645071e-05,7.543702e-07,-1.437306e-10,7.536174e-07,2.712689e-07,5.073497e-12,2.715798e-07
0.0003614733,2.97,2.97,1.2,0.296411,1.935887,2.3862,1.199986,1.362947e-07,8.574769e-05,2.085823,2.349176,1.199983,2.571837e-07,4.634859e-05,7.543687e-07,-1.438767e-10,7.536174e-07,2.712689e-07,5.05529e-12,2.715803e-07
0.0003618733,2.97,2.97,1.2,0.2969169,1.935887,2.3862,1.199986,1.360271e-07,8.57208e-05,2.085823,2.349176,1.199983,2.560677e-07,4.624705e-05,7.543673e-07,-1.440223e-10,7.536174e-07,2.712689e-07,5.037304e-12,2.715807e-07
0.0003622733,2.97,2.97,1.2,0.2974226,1.935887,2.3862,1.199986,1.357609e-07,8.5694e-05,2.085823,2.349176,1.199983,2.550043e-07,4.614609e-05,7.543659e-07,-1.441671e-10,7.536174e-07,2.712689e-07,5.018874e-12,2.715811e-07
0.0003626733,2.97,2.97,1.2,0.2979283,1.935887,2.3862,1.199986,1.354963e-07,8.566731e-05,2.085823,2.349176,1.199983,2.539226e-07,4.604569e-05,7.543645e-07,-1.443112e-10,7.536175e-07,2.712689e-07,5.000889e-12,2.715815e-07
0.0003630733,2.97,2.97,1.2,0.2984339,1.935887,2.3862,1.199986,1.352369e-07,8.564072e-05,2.085823,2.349176,1.199983,2.528674e-07,4.594586e-05,7.543631e-07,-1.444544e-10,7.536175e-07,2.712689e-07,4.983347e-12,2.715819e-07
0.0003634733,2.97,2.97,1.2,0.2989394,1.935887,2.3862,1.199986,1.349735e-07,8.561423e-05,2.085823,2.349176,1.199983,2.518027e-07,4.584659e-05,7.543617e-07,-1.445974e-10,7.536175e-07,2.712689e-07,4.965361e-12,2.715823e-07
0.0003638733,2.97,2.97,1.2,0.2994449,1.935887,2.3862,1.199986,1.347125e-07,8.558785e-05,2.085823,2.349176,1.199983,2.507431e-07,4.574789e-05,7.543603e-07,-1.447396e-10,7.536175e-07,2.71269e-07,4.94782e-12,2.715827e-07
0.0003642733,2.97,2.97,1.2,0.2999503,1.935887,2.3862,1.199986,1.344479e-07,8.556157e-05,2.085823,2.349176,1.199983,2.496918e-07,4.564974e-05,7.543589e-07,-1.448806e-10,7.536175e-07,2.71269e-07,4.9305e-12,2.715831e-07
0.0003646733,2.97,2.97,1.2,0.3004557,1.935887,2.3862,1.199986,1.341945e-07,8.553538e-05,2.085823,2.349176,1.199983,2.486244e-07,4.555214e-05,7.543576e-07,-1.450209e-10,7.536175e-07,2.71269e-07,4.913181e-12,2.715835e-07
0.0003650733,2.97,2.97,1.2,0.3009611,1.935887,2.3862,1.199986,1.339248e-07,8.55093e-05,2.085823,2.349176,1.199983,2.475768e-07,4.54551e-05,7.543562e-07,-1.45161e-10,7.536176e-07,2.71269e-07,4.895195e-12,2.715839e-07
0.0003654733,2.97,2.97,1.2,0.3014665,1.935887,2.3862,1.199986,1.336778e-07,8.548332e-05,2.085823,2.349176,1.199983,2.466292e-07,4.53586e-05,7.543548e-07,-1.453004e-10,7.536176e-07,2.71269e-07,4.877876e-12,2.715843e-07
0.0003658733,2.97,2.97,1.2,0.3019719,1.935887,2.3862,1.199986,1.334179e-07,8.545744e-05,2.085823,2.349176,1.199983,2.455665e-07,4.526265e-05,7.543535e-07,-1.45439e-10,7.536176e-07,2.71269e-07,4.861445e-12,2.715847e-07
0.0003662733,2.97,2.97,1.2,0.3024773,1.935887,2.3862,1.199986,1.331662e-07,8.543166e-05,2.085823,2.349176,1.199983,2.445186e-07,4.516724e-05,7.543521e-07,-1.455769e-10,7.536176e-07,2.71269e-07,4.844125e-12,2.715851e-07
0.0003666733,2.97,2.97,1.2,0.3029827,1.935887,2.3862,1.199986,1.329127e-07,8.540598e-05,2.085823,2.349176,1.199983,2.435494e-07,4.507237e-05,7.543508e-07,-1.457143e-10,7.536176e-07,2.71269e-07,4.82725e-12,2.715855e-07
0.0003670733,2.97,2.97,1.2,0.3034881,1.935887,2.3862,1.199986,1.326706e-07,8.538039e-05,2.085823,2.349176,1.199983,2.425376e-07,4.497804e-05,7.543495e-07,-1.458511e-10,7.536176e-07,2.71269e-07,4.810374e-12,2.715859e-07
0.0003674733,2.97,2.97,1.2,0.3039935,1.935887,2.3862,1.199986,1.324215e-07,8.535491e-05,2.085823,2.349176,1.199983,2.415516e-07,4.488424e-05,7.543481e-07,-1.459868e-10,7.536177e-07,2.712691e-07,4.793277e-12,2.715862e-07
0.0003678733,2.97,2.97,1.2,0.304499,1.935887,2.3862,1.199986,1.321707e-07,8.532952e-05,2.085823,2.349176,1.199983,2.406077e-07,4.479096e-05,7.543468e-07,-1.461222e-10,7.536177e-07,2.712691e-07,4.776846e-12,2.715866e-07
0.0003682733,2.97,2.97,1.2,0.3050045,1.935887,2.3862,1.199986,1.319262e-07,8.530423e-05,2.085823,2.349176,1.199983,2.395645e-07,4.469822e-05,7.543455e-07,-1.46257e-10,7.536177e-07,2.712691e-07,4.760192e-12,2.71587e-07
0.0003686733,2.97,2.97,1.2,0.30551,1.935887,2.3862,1.199986,1.31683e-07,8.527904e-05,2.085823,2.349176,1.199983,2.385883e-07,4.4606e-05,7.543442e-07,-1.463909e-10,7.536177e-07,2.712691e-07,4.743539e-12,2.715874e-07
0.0003690733,2.97,2.97,1.2,0.3060155,1.935887,2.3862,1.199986,1.314423e-07,8.525394e-05,2.085823,2.349176,1.199983,2.375866e-07,4.45143e-05,7.543429e-07,-1.465239e-10,7.536177e-07,2.712691e-07,4.727552e-12,2.715877e-07
0.0003694733,2.97,2.97,1.2,0.3065211,1.935887,2.3862,1.199986,1.312011e-07,8.522894e-05,2.085823,2.349176,1.199983,2.366774e-07,4.442311e-05,7.543416e-07,-1.466567e-10,7.536177e-07,2.712691e-07,4.710898e-12,2.715881e-07
0.0003698733,2.97,2.97,1.2,0.3070268,1.935887,2.3862,1.199986,1.309534e-07,8.520404e-05,2.085823,2.349176,1.199983,2.356646e-07,4.433244e-05,7.543403e-07,-1.46789e-10,7.536178e-07,2.712691e-07,4.694689e-12,2.715885e-07
0.0003702733,2.97,2.97,1.2,0.3075325,1.935887,2.3862,1.199986,1.307116e-07,8.517923e-05,2.085823,2.349176,1.199983,2.34682e-07,4.424229e-05,7.54339e-07,-1.469203e-10,7.536178e-07,2.712691e-07,4.678702e-12,2.715889e-07
0.0003706733,2.97,2.97,1.2,0.3080382,1.935887,2.3862,1.199986,1.304759e-07,8.515452e-05,2.085823,2.349176,1.199983,2.3375e-07,4.415264e-05,7.543378e-07,-1.470515e-10,7.536178e-07,2.712691e-07,4.662493e-12,2.715892e-07
0.0003710733,2.97,2.97,1.2,0.308544,1.935887,2.3862,1.199986,1.302298e-07,8.512991e-05,2.085823,2.349176,1.199983,2.328125e-07,4.40635e-05,7.543365e-07,-1.471816e-10,7.536178e-07,2.712692e-07,4.646727e-12,2.715896e-07
0.0003714733,2.97,2.97,1.2,0.3090499,1.935887,2.3862,1.199986,1.299946e-07,8.510538e-05,2.085823,2.349176,1.199983,2.318222e-07,4.397486e-05,7.543352e-07,-1.473111e-10,7.536178e-07,2.712692e-07,4.63074e-12,2.7159e-07
0.0003718733,2.97,2.97,1.2,0.3095558,1.935887,2.3862,1.199986,1.297575e-07,8.508096e-05,2.085823,2.349176,1.199983,2.30936e-07,4.388672e-05,7.54334e-07,-1.474401e-10,7.536178e-07,2.712692e-07,4.614975e-12,2.715903e-07
0.0003722733,2.97,2.97,1.2,0.3100618,1.935887,2.3862,1.199986,1.295266e-07,8.505662e-05,2.085823,2.349176,1.199983,2.300194e-07,4.379908e-05,7.543327e-07,-1.475684e-10,7.536179e-07,2.712692e-07,4.599432e-12,2.715907e-07
0.0003726733,2.97,2.97,1.2,0.3105678,1.935887,2.3862,1.199986,1.29288e-07,8.503238e-05,2.085823,2.349176,1.199983,2.290869e-07,4.371194e-05,7.543315e-07,-1.476963e-10,7.536179e-07,2.712692e-07,4.583889e-12,2.71591e-07
0.0003730733,2.97,2.97,1.2,0.3110739,1.935887,2.3862,1.199986,1.290573e-07,8.500824e-05,2.085823,2.349176,1.199983,2.281074e-07,4.362529e-05,7.543303e-07,-1.478233e-10,7.536179e-07,2.712692e-07,4.568346e-12,2.715914e-07
0.0003734733,2.97,2.97,1.2,0.3115801,1.935887,2.3862,1.199986,1.288172e-07,8.498418e-05,2.085823,2.349176,1.199983,2.271992e-07,4.353912e-05,7.54329e-07,-1.479492e-10,7.536179e-07,2.712692e-07,4.553025e-12,2.715917e-07
0.0003738733,2.97,2.97,1.2,0.3120863,1.935887,2.3862,1.199986,1.285894e-07,8.496022e-05,2.085823,2.349176,1.199983,2.263116e-07,4.345344e-05,7.543278e-07,-1.480753e-10,7.536179e-07,2.712692e-07,4.537926e-12,2.715921e-07
0.0003742733,2.97,2.97,1.2,0.3125926,1.935887,2.3862,1.199986,1.283513e-07,8.493635e-05,2.085823,2.349176,1.199983,2.253489e-07,4.336825e-05,7.543266e-07,-1.482006e-10,7.536179e-07,2.712692e-07,4.522605e-12,2.715924e-07
0.0003746733,2.97,2.97,1.2,0.313099,1.935887,2.3862,1.199986,1.281251e-07,8.491258e-05,2.085823,2.349176,1.199983,2.245009e-07,4.328354e-05,7.543254e-07,-1.483256e-10,7.53618e-07,2.712693e-07,4.507505e-12,2.715928e-07
0.0003750733,2.97,2.97,1.2,0.3136054,1.935887,2.3862,1.199986,1.278892e-07,8.488889e-05,2.085823,2.349176,1.199983,2.235624e-07,4.31993e-05,7.543241e-07,-1.484495e-10,7.53618e-07,2.712693e-07,4.492406e-12,2.715931e-07
0.0003754733,2.97,2.97,1.2,0.3141119,1.935887,2.3862,1.199986,1.27658e-07,8.48653e-05,2.085823,2.349176,1.199983,2.226534e-07,4.311555e-05,7.543229e-07,-1.485729e-10,7.53618e-07,2.712693e-07,4.477529e-12,2.715935e-07
0.0003758733,2.97,2.97,1.2,0.3146185,1.935887,2.3862,1.199986,1.274298e-07,8.484179e-05,2.085823,2.349176,1.199983,2.218031e-07,4.303226e-05,7.543217e-07,-1.486957e-10,7.53618e-07,2.712693e-07,4.462875e-12,2.715938e-07
0.0003762733,2.97,2.97,1.2,0.3151251,1.935887,2.3862,1.199986,1.272009e-07,8.481838e-05,2.085823,2.349176,1.199983,2.20921e-07,4.294945e-05,7.543206e-07,-1.488183e-10,7.53618e-07,2.712693e-07,4.447553e-12,2.715941e-07
0.0003766733,2.97,2.97,1.2,0.3156319,1.935887,2.3862,1.199986,1.26981e-07,8.479506e-05,2.085823,2.349176,1.199983,2.20054e-07,4.28671e-05,7.543194e-07,-1.4894e-10,7.53618e-07,2.712693e-07,4.433121e-12,2.715945e-07
0.0003770733,2.97,2.97,1.2,0.3161386,1.935887,2.3862,1.199986,1.267557e-07,8.477182e-05,2.085823,2.349176,1.199983,2.191698e-07,4.278521e-05,7.543182e-07,-1.49061e-10,7.536181e-07,2.712693e-07,4.418466e-12,2.715948e-07
0.0003774733,2.97,2.97,1.2,0.3166455,1.935887,2.3862,1.199986,1.26521e-07,8.474868e-05,2.085823,2.349176,1.199983,2.183038e-07,4.270379e-05,7.54317e-07,-1.491818e-10,7.536181e-07,2.712693e-07,4.404255e-12,2.715951e-07
0.0003778733,2.97,2.97,1.2,0.3171524,1.935887,2.3862,1.199986,1.26296e-07,8.472562e-05,2.085823,2.349176,1.199983,2.174153e-07,4.262283e-05,7.543158e-07,-1.493015e-10,7.536181e-07,2.712693e-07,4.389378e-12,2.715955e-07
0.0003782733,2.97,2.97,1.2,0.3176594,1.935887,2.3862,1.199986,1.260734e-07,8.470266e-05,2.085823,2.349176,1.199983,2.165554e-07,4.254233e-05,7.543147e-07,-1.494209e-10,7.536181e-07,2.712693e-07,4.374945e-12,2.715958e-07
0.0003786733,2.97,2.97,1.2,0.3181665,1.935887,2.3862,1.199986,1.258563e-07,8.467978e-05,2.085823,2.349176,1.199983,2.157154e-07,4.246228e-05,7.543135e-07,-1.495399e-10,7.536181e-07,2.712693e-07,4.360956e-12,2.715961e-07
0.0003790733,2.97,2.97,1.2,0.3186736,1.935887,2.3862,1.199986,1.256304e-07,8.465699e-05,2.085823,2.349176,1.199983,2.148815e-07,4.238268e-05,7.543124e-07,-1.496581e-10,7.536181e-07,2.712694e-07,4.346523e-12,2.715965e-07
0.0003794733,2.97,2.97,1.2,0.3191808,1.935887,2.3862,1.199986,1.254148e-07,8.463429e-05,2.085823,2.349176,1.199983,2.140571e-07,4.230354e-05,7.543112e-07,-1.497757e-10,7.536182e-07,2.712694e-07,4.332534e-12,2.715968e-07
0.0003798733,2.97,2.97,1.2,0.3196881,1.935887,2.3862,1.199986,1.25193e-07,8.461167e-05,2.085823,2.349176,1.199983,2.132318e-07,4.222484e-05,7.543101e-07,-1.498928e-10,7.536182e-07,2.712694e-07,4.318546e-12,2.715971e-07
0.0003802733,2.97,2.97,1.2,0.3201954,1.935887,2.3862,1.199986,1.249703e-07,8.458914e-05,2.085823,2.349176,1.199983,2.123635e-07,4.214658e-05,7.54309e-07,-1.500096e-10,7.536182e-07,2.712694e-07,4.304335e-12,2.715974e-07
0.0003806733,2.97,2.97,1.2,0.3207028,1.935887,2.3862,1.199986,1.247524e-07,8.45667e-05,2.085823,2.349176,1.199983,2.1153e-07,4.206876e-05,7.543078e-07,-1.501252e-10,7.536182e-07,2.712694e-07,4.291012e-12,2.715977e-07
0.0003810733,2.97,2.97,1.2,0.3212103,1.935887,2.3862,1.199986,1.245404e-07,8.454435e-05,2.085823,2.349176,1.199983,2.106931e-07,4.199139e-05,7.543067e-07,-1.502412e-10,7.536182e-07,2.712694e-07,4.277023e-12,2.71598e-07
0.0003814733,2.97,2.97,1.2,0.3217179,1.935887,2.3862,1.199986,1.243241e-07,8.452208e-05,2.085823,2.349176,1.199983,2.098915e-07,4.191445e-05,7.543056e-07,-1.503557e-10,7.536182e-07,2.712694e-07,4.263034e-12,2.715984e-07
0.0003818733,2.97,2.97,1.2,0.3222255,1.935887,2.3862,1.199986,1.24106e-07,8.449989e-05,2.085823,2.349176,1.199983,2.090854e-07,4.183795e-05,7.543045e-07,-1.504701e-10,7.536182e-07,2.712694e-07,4.24949e-12,2.715987e-07
0.0003822733,2.97,2.97,1.2,0.3227332,1.935887,2.3862,1.199986,1.238898e-07,8.447779e-05,2.085823,2.349176,1.199983,2.082538e-07,4.176187e-05,7.543034e-07,-1.50584e-10,7.536183e-07,2.712694e-07,4.236167e-12,2.71599e-07
0.0003826733,2.97,2.97,1.2,0.323241,1.935887,2.3862,1.199986,1.236797e-07,8.445578e-05,2.085823,2.349176,1.199983,2.074829e-07,4.168623e-05,7.543023e-07,-1.506972e-10,7.536183e-07,2.712694e-07,4.2224e-12,2.715993e-07
0.0003830733,2.97,2.97,1.2,0.3237488,1.935887,2.3862,1.199986,1.234595e-07,8.443385e-05,2.085823,2.349176,1.199983,2.067184e-07,4.161102e-05,7.543012e-07,-1.5081e-10,7.536183e-07,2.712695e-07,4.208633e-12,2.715996e-07
0.0003834733,2.97,2.97,1.2,0.3242567,1.935887,2.3862,1.199986,1.232484e-07,8.441201e-05,2.085823,2.349176,1.199983,2.059194e-07,4.153623e-05,7.543001e-07,-1.509219e-10,7.536183e-07,2.712695e-07,4.195977e-12,2.715999e-07
0.0003838733,2.97,2.97,1.2,0.3247647,1.935887,2.3862,1.199986,1.23039e-07,8.439025e-05,2.085823,2.349176,1.199983,2.050664e-07,4.146186e-05,7.54299e-07,-1.510336e-10,7.536183e-07,2.712695e-07,4.18221e-12,2.716002e-07
0.0003842733,2.97,2.97,1.2,0.3252727,1.935887,2.3862,1.199986,1.228251e-07,8.436857e-05,2.085823,2.349176,1.199983,2.042768e-07,4.138791e-05,7.542979e-07,-1.511449e-10,7.536183e-07,2.712695e-07,4.169554e-12,2.716005e-07
0.0003846733,2.97,2.97,1.2,0.3257808,1.935887,2.3862,1.199986,1.226129e-07,8.434698e-05,2.085823,2.349176,1.199983,2.034972e-07,4.131438e-05,7.542968e-07,-1.512552e-10,7.536184e-07,2.712695e-07,4.156453e-12,2.716008e-07
0.0003850733,2.97,2.97,1.2,0.326289,1.935887,2.3862,1.199986,1.224056e-07,8.432547e-05,2.085823,2.349176,1.199983,2.027126e-07,4.124126e-05,7.542958e-07,-1.513654e-10,7.536184e-07,2.712695e-07,4.14313e-12,2.716011e-07
0.0003854733,2.97,2.97,1.2,0.3267972,1.935887,2.3862,1.199986,1.221942e-07,8.430404e-05,2.085823,2.349176,1.199983,2.019513e-07,4.116856e-05,7.542947e-07,-1.514746e-10,7.536184e-07,2.712695e-07,4.13003e-12,2.716014e-07
0.0003858733,2.97,2.97,1.2,0.3273055,1.935887,2.3862,1.199986,1.219874e-07,8.42827e-05,2.085823,2.349176,1.199983,2.01151e-07,4.109627e-05,7.542936e-07,-1.515836e-10,7.536184e-07,2.712695e-07,4.117373e-12,2.716017e-07
0.0003862733,2.97,2.97,1.2,0.3278139,1.935887,2.3862,1.199986,1.217798e-07,8.426143e-05,2.085823,2.349176,1.199983,2.004287e-07,4.102438e-05,7.542926e-07,-1.51692e-10,7.536184e-07,2.712695e-07,4.104495e-12,2.71602e-07
0.0003866733,2.97,2.97,1.2,0.3283223,1.935887,2.386201,1.199986,1.215722e-07,8.424025e-05,2.085823,2.349176,1.199983,1.996247e-07,4.09529e-05,7.542915e-07,-1.518001e-10,7.536184e-07,2.712695e-07,4.091616e-12,2.716023e-07
0.0003870733,2.97,2.97,1.2,0.3288308,1.935887,2.3862,1.199986,1.213661e-07,8.421915e-05,2.085823,2.349176,1.199983,1.989027e-07,4.088183e-05,7.542905e-07,-1.519074e-10,7.536185e-07,2.712695e-07,4.078737e-12,2.716026e-07
0.0003874733,2.97,2.97,1.2,0.3293394,1.935887,2.3862,1.199986,1.211662e-07,8.419814e-05,2.085823,2.349176,1.199983,1.981269e-07,4.081115e-05,7.542895e-07,-1.520144e-10,7.536185e-07,2.712695e-07,4.066525e-12,2.716029e-07
0.0003878733,2.97,2.97,1.2,0.329848,1.935887,2.3862,1.199986,1.209599e-07,8.41772e-05,2.085823,2.349176,1.199983,1.973741e-07,4.074088e-05,7.542884e-07,-1.521208e-10,7.536185e-07,2.712696e-07,4.053868e-12,2.716031e-07
0.0003882733,2.97,2.97,1.2,0.3303567,1.935887,2.386201,1.199986,1.207595e-07,8.415634e-05,2.085823,2.349176,1.199983,1.966614e-07,4.0671e-05,7.542874e-07,-1.522265e-10,7.536185e-07,2.712696e-07,4.041656e-12,2.716034e-07
0.0003886733,2.97,2.97,1.2,0.3308654,1.935887,2.3862,1.199986,1.205529e-07,8.413557e-05,2.085823,2.349176,1.199983,1.959172e-07,4.060152e-05,7.542864e-07,-1.523313e-10,7.536185e-07,2.712696e-07,4.029221e-12,2.716037e-07
0.0003890733,2.97,2.97,1.2,0.3313742,1.935887,2.386201,1.199986,1.203491e-07,8.411487e-05,2.085823,2.349176,1.199983,1.951493e-07,4.053243e-05,7.542854e-07,-1.524363e-10,7.536185e-07,2.712696e-07,4.016787e-12,2.71604e-07
0.0003894733,2.97,2.97,1.2,0.3318831,1.935887,2.3862,1.199986,1.201552e-07,8.409425e-05,2.085823,2.349176,1.199983,1.944356e-07,4.046373e-05,7.542843e-07,-1.525409e-10,7.536185e-07,2.712696e-07,4.004352e-12,2.716043e-07
0.0003898733,2.97,2.97,1.2,0.332392,1.935887,2.3862,1.199986,1.199519e-07,8.407371e-05,2.085823,2.349176,1.199983,1.936967e-07,4.039541e-05,7.542833e-07,-1.526446e-10,7.536186e-07,2.712696e-07,3.99214e-12,2.716045e-07
0.0003902733,2.97,2.97,1.2,0.332901,1.935887,2.3862,1.199986,1.197433e-07,8.405326e-05,2.085823,2.349176,1.199983,1.929793e-07,4.032748e-05,7.542823e-07,-1.527478e-10,7.536186e-07,2.712696e-07,3.98015e-12,2.716048e-07
0.0003906733,2.97,2.97,1.2,0.3334101,1.935887,2.3862,1.199986,1.195516e-07,8.403288e-05,2.085823,2.349176,1.199983,1.922665e-07,4.025994e-05,7.542813e-07,-1.528506e-10,7.536186e-07,2.712696e-07,3.968159e-12,2.716051e-07
0.0003910733,2.97,2.97,1.2,0.3339192,1.935887,2.386201,1.199986,1.193529e-07,8.401257e-05,2.085823,2.349176,1.199983,1.915421e-07,4.019278e-05,7.542803e-07,-1.52953e-10,7.536186e-07,2.712696e-07,3.956391e-12,2.716054e-07
0.0003914733,2.97,2.97,1.2,0.3344283,1.935887,2.386201,1.199986,1.1915e-07,8.399235e-05,2.085823,2.349176,1.199983,1.908499e-07,4.012599e-05,7.542793e-07,-1.530549e-10,7.536186e-07,2.712696e-07,3.9444e-12,2.716056e-07
0.0003918733,2.97,2.97,1.2,0.3349376,1.935887,2.386201,1.199986,1.189449e-07,8.39722e-05,2.085823,2.349176,1.199983,1.900974e-07,4.005959e-05,7.542784e-07,-1.531564e-10,7.536186e-07,2.712696e-07,3.932188e-12,2.716059e-07
0.0003922733,2.97,2.97,1.2,0.3354469,1.935887,2.3862,1.199986,1.187556e-07,8.395214e-05,2.085823,2.349176,1.199983,1.893748e-07,3.999356e-05,7.542774e-07,-1.532572e-10,7.536187e-07,2.712696e-07,3.920642e-12,2.716062e-07
0.0003926733,2.97,2.97,1.2,0.3359562,1.935887,2.386201,1.199986,1.185556e-07,8.393215e-05,2.085823,2.349176,1.199983,1.887297e-07,3.99279e-05,7.542764e-07,-1.533573e-10,7.536187e-07,2.712697e-07,3.909095e-12,2.716064e-07
0.0003930733,2.97,2.97,1.2,0.3364656,1.935887,2.386201,1.199986,1.183664e-07,8.391223e-05,2.085823,2.349176,1.199983,1.879921e-07,3.986261e-05,7.542754e-07,-1.534572e-10,7.536187e-07,2.712697e-07,3.897327e-12,2.716067e-07
0.0003934733,2.97,2.97,1.2,0.3369751,1.935887,2.386201,1.199986,1.18169e-07,8.389239e-05,2.085823,2.349176,1.199983,1.873005e-07,3.979769e-05,7.542745e-07,-1.535567e-10,7.536187e-07,2.712697e-07,3.885781e-12,2.71607e-07
0.0003938733,2.97,2.97,1.2,0.3374846,1.935887,2.386201,1.199986,1.179781e-07,8.387263e-05,2.085823,2.349176,1.199983,1.865929e-07,3.973314e-05,7.542735e-07,-1.536558e-10,7.536187e-07,2.712697e-07,3.874456e-12,2.716072e-07
0.0003942733,2.97,2.97,1.2,0.3379942,1.935887,2.386201,1.199986,1.17789e-07,8.385295e-05,2.085823,2.349176,1.199983,1.859736e-07,3.966895e-05,7.542725e-07,-1.537541e-10,7.536187e-07,2.712697e-07,3.86291e-12,2.716075e-07
0.0003946733,2.97,2.97,1.2,0.3385038,1.935887,2.386201,1.199986,1.175924e-07,8.383334e-05,2.085823,2.349176,1.199983,1.852991e-07,3.960512e-05,7.542716e-07,-1.53852e-10,7.536188e-07,2.712697e-07,3.851586e-12,2.716078e-07
0.0003950733,2.97,2.97,1.2,0.3390135,1.935887,2.386201,1.199986,1.174194e-07,8.38138e-05,2.085823,2.349176,1.199983,1.846022e-07,3.954166e-05,7.542706e-07,-1.539495e-10,7.536188e-07,2.712697e-07,3.840261e-12,2.71608e-07
0.0003954733,2.97,2.97,1.2,0.3395232,1.935887,2.386201,1.199986,1.172348e-07,8.379435e-05,2.085823,2.349176,1.199983,1.83933e-07,3.947855e-05,7.542697e-07,-1.540466e-10,7.536188e-07,2.712697e-07,3.829159e-12,2.716083e-07
0.0003958733,2.97,2.97,1.2,0.340033,1.935887,2.386201,1.199986,1.17044e-07,8.377496e-05,2.085823,2.349176,1.199983,1.832432e-07,3.94158e-05,7.542688e-07,-1.541431e-10,7.536188e-07,2.712697e-07,3.817613e-12,2.716085e-07
0.0003962733,2.97,2.97,1.2,0.3405429,1.935887,2.386201,1.199986,1.168479e-07,8.375565e-05,2.085823,2.349176,1.199983,1.82591e-07,3.93534e-05,7.542678e-07,-1.542393e-10,7.536188e-07,2.712697e-07,3.806955e-12,2.716088e-07
0.0003966733,2.97,2.97,1.2,0.3410528,1.935887,2.386201,1.199986,1.166641e-07,8.373642e-05,2.085823,2.349176,1.199983,1.81923e-07,3.929136e-05,7.542669e-07,-1.54335e-10,7.536188e-07,2.712697e-07,3.79563e-12,2.71609e-07
0.0003970733,2.97,2.97,1.2,0.3415627,1.935887,2.386201,1.199986,1.164669e-07,8.371726e-05,2.085823,2.349176,1.199983,1.812958e-07,3.922967e-05,7.54266e-07,-1.544302e-10,7.536188e-07,2.712697e-07,3.78475e-12,2.716093e-07
0.0003974733,2.97,2.97,1.2,0.3420727,1.935887,2.386201,1.199986,1.162887e-07,8.369817e-05,2.085823,2.349176,1.199983,1.806586e-07,3.916832e-05,7.542651e-07,-1.545246e-10,7.536189e-07,2.712698e-07,3.773648e-12,2.716095e-07
0.0003978733,2.97,2.97,1.2,0.3425828,1.935887,2.386201,1.199986,1.160986e-07,8.367915e-05,2.085823,2.349176,1.199983,1.799558e-07,3.910732e-05,7.542641e-07,-1.54619e-10,7.536189e-07,2.712697e-07,3.76299e-12,2.716098e-07
0.0003982733,2.97,2.97,1.2,0.3430929,1.935887,2.386201,1.199986,1.159079e-07,8.366021e-05,2.085823,2.349176,1.199983,1.793241e-07,3.904666e-05,7.542632e-07,-1.547129e-10,7.536189e-07,2.712698e-07,3.75211e-12,2.7161e-07
0.0003986733,2.97,2.97,1.2,0.343603,1.935887,2.386201,1.199986,1.15731e-07,8.364135e-05,2.085823,2.349176,1.199983,1.786757e-07,3.898635e-05,7.542623e-07,-1.548064e-10,7.536189e-07,2.712698e-07,3.741674e-12,2.716103e-07
0.0003990733,2.97,2.97,1.2,0.3441132,1.935887,2.386201,1.199986,1.15547e-07,8.362255e-05,2.085823,2.349176,1.199983,1.78079e-07,3.892638e-05,7.542614e-07,-1.548992e-10,7.536189e-07,2.712698e-07,3.730571e-12,2.716105e-07
0.0003994733,2.97,2.97,1.2,0.3446235,1.935887,2.386201,1.199986,1.153583e-07,8.360383e-05,2.085823,2.349176,1.199983,1.774424e-07,3.886675e-05,7.542605e-07,-1.549918e-10,7.536189e-07,2.712698e-07,3.719913e-12,2.716108e-07
0.0003998733,2.97,2.97,1.2,0.3451338,1.935887,2.386201,1.199986,1.151764e-07,8.358518e-05,2.085823,2.349176,1.199983,1.76805e-07,3.880745e-05,7.542596e-07,-1.550839e-10,7.53619e-07,2.712698e-07,3.709477e-12,2.71611e-07
0.0004002733,2.97,2.97,1.2,0.3456442,1.935887,2.386201,1.199986,1.150007e-07,8.35666e-05,2.085823,2.349176,1.199983,1.761798e-07,3.874849e-05,7.542587e-07,-1.551752e-10,7.53619e-07,2.712698e-07,3.699041e-12,2.716112e-07
0.0004006733,2.97,2.97,1.2,0.3461546,1.935887,2.386201,1.199986,1.148162e-07,8.354809e-05,2.085823,2.349176,1.199983,1.754983e-07,3.868986e-05,7.542579e-07,-1.55266e-10,7.53619e-07,2.712698e-07,3.688827e-12,2.716115e-07
0.0004010733,2.97,2.97,1.2,0.346665,1.935887,2.386201,1.199986,1.146448e-07,8.352965e-05,2.085823,2.349176,1.199983,1.749154e-07,3.863156e-05,7.54257e-07,-1.553568e-10,7.53619e-07,2.712698e-07,3.678169e-12,2.716117e-07
0.0004014733,2.97,2.97,1.2,0.3471755,1.935887,2.386201,1.199986,1.144546e-07,8.351129e-05,2.085823,2.349176,1.199983,1.742692e-07,3.857359e-05,7.542561e-07,-1.55447e-10,7.53619e-07,2.712698e-07,3.667955e-12,2.716119e-07
0.0004018733,2.97,2.97,1.2,0.3476861,1.935887,2.386201,1.199986,1.14281e-07,8.349299e-05,2.085823,2.349176,1.199983,1.736904e-07,3.851595e-05,7.542552e-07,-1.555369e-10,7.53619e-07,2.712698e-07,3.657741e-12,2.716122e-07
0.0004022733,2.97,2.97,1.2,0.3481967,1.935887,2.386201,1.199986,1.141062e-07,8.347477e-05,2.085823,2.349176,1.199983,1.73056e-07,3.845863e-05,7.542544e-07,-1.556264e-10,7.53619e-07,2.712698e-07,3.647527e-12,2.716124e-07
0.0004026733,2.97,2.97,1.2,0.3487073,1.935887,2.386201,1.199986,1.139256e-07,8.345661e-05,2.085823,2.349176,1.199983,1.723993e-07,3.840164e-05,7.542535e-07,-1.557154e-10,7.536191e-07,2.712698e-07,3.637091e-12,2.716126e-07
0.0004030733,2.97,2.97,1.2,0.349218,1.935887,2.386201,1.199986,1.137423e-07,8.343853e-05,2.085823,2.349176,1.199983,1.718536e-07,3.834497e-05,7.542526e-07,-1.558038e-10,7.536191e-07,2.712698e-07,3.627099e-12,2.716129e-07
0.0004034733,2.97,2.97,1.2,0.3497288,1.935887,2.386201,1.199986,1.13578e-07,8.342051e-05,2.085823,2.349176,1.199983,1.712562e-07,3.828862e-05,7.542518e-07,-1.55892e-10,7.536191e-07,2.712699e-07,3.617107e-12,2.716131e-07
0.0004038733,2.97,2.97,1.2,0.3502396,1.935887,2.386201,1.199986,1.13394e-07,8.340257e-05,2.085823,2.349176,1.199983,1.706557e-07,3.823259e-05,7.542509e-07,-1.559797e-10,7.536191e-07,2.712699e-07,3.607337e-12,2.716133e-07
0.0004042733,2.97,2.97,1.2,0.3507504,1.935887,2.386201,1.199986,1.132209e-07,8.338469e-05,2.085823,2.349176,1.199983,1.700459e-07,3.817687e-05,7.542501e-07,-1.560672e-10,7.536191e-07,2.712699e-07,3.597567e-12,2.716136e-07
0.0004046733,2.97,2.97,1.2,0.3512613,1.935887,2.386201,1.199986,1.130508e-07,8.336688e-05,2.085823,2.349176,1.199983,1.694573e-07,3.812147e-05,7.542493e-07,-1.561538e-10,7.536191e-07,2.712699e-07,3.587797e-12,2.716138e-07
0.0004050733,2.97,2.97,1.2,0.3517722,1.935887,2.386201,1.199986,1.128696e-07,8.334914e-05,2.085823,2.349176,1.199983,1.689089e-07,3.806638e-05,7.542484e-07,-1.562404e-10,7.536192e-07,2.712699e-07,3.577583e-12,2.71614e-07
0.0004054733,2.97,2.97,1.2,0.3522832,1.935887,2.386201,1.199986,1.126952e-07,8.333147e-05,2.085823,2.349176,1.199983,1.68296e-07,3.80116e-05,7.542476e-07,-1.563261e-10,7.536192e-07,2.712699e-07,3.568035e-12,2.716142e-07
0.0004058733,2.97,2.97,1.2,0.3527942,1.935887,2.386201,1.199986,1.125304e-07,8.331387e-05,2.085823,2.349176,1.199983,1.677559e-07,3.795713e-05,7.542467e-07,-1.564118e-10,7.536192e-07,2.712699e-07,3.558265e-12,2.716144e-07
0.0004062733,2.97,2.97,1.2,0.3533052,1.935887,2.386201,1.199986,1.123595e-07,8.329633e-05,2.085823,2.349176,1.199983,1.671619e-07,3.790297e-05,7.542459e-07,-1.56497e-10,7.536192e-07,2.712699e-07,3.548939e-12,2.716147e-07
0.0004066733,2.97,2.97,1.2,0.3538163,1.935887,2.386201,1.199986,1.12187e-07,8.327886e-05,2.085823,2.349176,1.199983,1.66562e-07,3.784912e-05,7.542451e-07,-1.565819e-10,7.536192e-07,2.712699e-07,3.539391e-12,2.716149e-07
0.0004070733,2.97,2.97,1.2,0.3543274,1.935887,2.386201,1.199986,1.120143e-07,8.326146e-05,2.085823,2.349176,1.199983,1.65965e-07,3.779529e-05,7.542443e-07,-1.566662e-10,7.536192e-07,2.712699e-07,3.529399e-12,2.716151e-07
0.0004074733,2.97,2.97,1.2,0.3548386,1.935887,2.386201,1.199986,1.118437e-07,8.324413e-05,2.085823,2.349176,1.199983,1.654377e-07,3.774205e-05,7.542435e-07,-1.567499e-10,7.536192e-07,2.712699e-07,3.520073e-12,2.716153e-07
0.0004078733,2.97,2.97,1.2,0.3553499,1.935887,2.386201,1.199986,1.116789e-07,8.322686e-05,2.085823,2.349176,1.199983,1.648289e-07,3.768911e-05,7.542427e-07,-1.568337e-10,7.536193e-07,2.712699e-07,3.510525e-12,2.716155e-07
0.0004082733,2.97,2.97,1.2,0.3558611,1.935887,2.386201,1.199986,1.11506e-07,8.320966e-05,2.085823,2.349176,1.199983,1.642951e-07,3.763647e-05,7.542419e-07,-1.569167e-10,7.536193e-07,2.712699e-07,3.501643e-12,2.716157e-07
0.0004086733,2.97,2.97,1.2,0.3563724,1.935887,2.386201,1.199986,1.11339e-07,8.319252e-05,2.085823,2.349176,1.199983,1.637624e-07,3.758413e-05,7.54241e-07,-1.569993e-10,7.536193e-07,2.712699e-07,3.492096e-12,2.71616e-07
0.0004090733,2.97,2.97,1.2,0.3568838,1.935887,2.386201,1.199986,1.11172e-07,8.317546e-05,2.085823,2.349176,1.199983,1.632091e-07,3.753208e-05,7.542402e-07,-1.570817e-10,7.536193e-07,2.712699e-07,3.482992e-12,2.716162e-07
0.0004094733,2.97,2.97,1.2,0.3573952,1.935887,2.386201,1.199986,1.110071e-07,8.315845e-05,2.085823,2.349176,1.199983,1.626024e-07,3.748033e-05,7.542395e-07,-1.571638e-10,7.536193e-07,2.712699e-07,3.473888e-12,2.716164e-07
0.0004098733,2.97,2.97,1.2,0.3579066,1.935887,2.386201,1.199986,1.108449e-07,8.314151e-05,2.085823,2.349176,1.199983,1.620756e-07,3.742887e-05,7.542387e-07,-1.572451e-10,7.536193e-07,2.712699e-07,3.464562e-12,2.716166e-07
0.0004102733,2.97,2.97,1.2,0.3584181,1.935887,2.386201,1.199986,1.106779e-07,8.312464e-05,2.085823,2.349176,1.199983,1.615163e-07,3.73777e-05,7.542379e-07,-1.573266e-10,7.536193e-07,2.7127e-07,3.455458e-12,2.716168e-07
0.0004106733,2.97,2.97,1.2,0.3589296,1.935887,2.386201,1.199986,1.105098e-07,8.310783e-05,2.085823,2.349176,1.199983,1.61001e-07,3.732681e-05,7.542371e-07,-1.574072e-10,7.536194e-07,2.7127e-07,3.446576e-12,2.71617e-07
0.0004110733,2.97,2.97,1.2,0.3594411,1.935887,2.386201,1.199986,1.103461e-07,8.309109e-05,2.085823,2.349176,1.199983,1.604389e-07,3.727622e-05,7.542363e-07,-1.574878e-10,7.536194e-07,2.7127e-07,3.437028e-12,2.716172e-07
0.0004114733,2.97,2.97,1.2,0.3599527,1.935887,2.386201,1.199986,1.101859e-07,8.307441e-05,2.085823,2.349176,1.199983,1.599186e-07,3.722591e-05,7.542355e-07,-1.575677e-10,7.536194e-07,2.7127e-07,3.428591e-12,2.716174e-07
0.0004118733,2.97,2.97,1.2,0.3604643,1.935887,2.386201,1.199986,1.100196e-07,8.30578e-05,2.085823,2.349176,1.199983,1.593979e-07,3.717588e-05,7.542348e-07,-1.576472e-10,7.536194e-07,2.7127e-07,3.419487e-12,2.716176e-07
0.0004122733,2.97,2.97,1.2,0.360976,1.935887,2.386201,1.199986,1.098622e-07,8.304125e-05,2.085823,2.349176,1.199983,1.588711e-07,3.712614e-05,7.54234e-07,-1.577263e-10,7.536194e-07,2.7127e-07,3.410827e-12,2.716178e-07
0.0004126733,2.97,2.97,1.2,0.3614877,1.935887,2.386201,1.199986,1.096901e-07,8.302476e-05,2.085823,2.349176,1.199983,1.583419e-07,3.707668e-05,7.542332e-07,-1.578053e-10,7.536194e-07,2.7127e-07,3.401723e-12,2.71618e-07
0.0004130733,2.97,2.97,1.2,0.3619995,1.935887,2.386201,1.199986,1.095377e-07,8.300834e-05,2.085823,2.349176,1.199983,1.577902e-07,3.70275e-05,7.542325e-07,-1.578837e-10,7.536195e-07,2.7127e-07,3.393064e-12,2.716182e-07
0.0004134733,2.97,2.97,1.2,0.3625112,1.935887,2.386201,1.199986,1.093786e-07,8.299198e-05,2.085823,2.349176,1.199983,1.572923e-07,3.697859e-05,7.542317e-07,-1.579616e-10,7.536195e-07,2.7127e-07,3.384626e-12,2.716184e-07
0.0004138733,2.97,2.97,1.2,0.363023,1.935887,2.386201,1.199986,1.092145e-07,8.297568e-05,2.085823,2.349176,1.199983,1.5676e-07,3.692996e-05,7.54231e-07,-1.580398e-10,7.536195e-07,2.7127e-07,3.375744e-12,2.716186e-07
0.0004142733,2.97,2.97,1.2,0.3635349,1.935887,2.386201,1.199986,1.090589e-07,8.295944e-05,2.085823,2.349176,1.199983,1.562558e-07,3.688161e-05,7.542302e-07,-1.581171e-10,7.536195e-07,2.7127e-07,3.367306e-12,2.716188e-07
0.0004146733,2.97,2.97,1.2,0.3640468,1.935887,2.386201,1.199986,1.088993e-07,8.294327e-05,2.085823,2.349176,1.199983,1.557213e-07,3.683352e-05,7.542295e-07,-1.581937e-10,7.536195e-07,2.7127e-07,3.358869e-12,2.71619e-07
0.0004150733,2.97,2.97,1.2,0.3645587,1.935887,2.386201,1.199986,1.087427e-07,8.292716e-05,2.085823,2.349176,1.199983,1.55249e-07,3.678571e-05,7.542287e-07,-1.582705e-10,7.536195e-07,2.7127e-07,3.350209e-12,2.716192e-07
0.0004154733,2.97,2.97,1.2,0.3650707,1.935887,2.386201,1.199986,1.085849e-07,8.291111e-05,2.085823,2.349176,1.199983,1.547182e-07,3.673817e-05,7.54228e-07,-1.583467e-10,7.536195e-07,2.7127e-07,3.341993e-12,2.716194e-07
0.0004158733,2.97,2.97,1.2,0.3655827,1.935887,2.386201,1.199986,1.084272e-07,8.289513e-05,2.085823,2.349176,1.199983,1.542002e-07,3.66909e-05,7.542273e-07,-1.584228e-10,7.536196e-07,2.7127e-07,3.333556e-12,2.716196e-07
0.0004162733,2.97,2.97,1.2,0.3660947,1.935887,2.386201,1.199986,1.08277e-07,8.28792e-05,2.085823,2.349176,1.199983,1.537276e-07,3.66439e-05,7.542265e-07,-1.584981e-10,7.536196e-07,2.712701e-07,3.325562e-12,2.716198e-07
0.0004166733,2.97,2.97,1.2,0.3666068,1.935887,2.386201,1.199986,1.081179e-07,8.286334e-05,2.085823,2.349176,1.199983,1.532869e-07,3.659715e-05,7.542258e-07,-1.585732e-10,7.536196e-07,2.712701e-07,3.316902e-12,2.716199e-07
0.0004170733,2.97,2.97,1.2,0.3671189,1.935887,2.386201,1.199986,1.079655e-07,8.284754e-05,2.085823,2.349176,1.199983,1.527155e-07,3.655068e-05,7.542251e-07,-1.58648e-10,7.536196e-07,2.712701e-07,3.308909e-12,2.716201e-07
0.0004174733,2.97,2.97,1.2,0.367631,1.935887,2.386201,1.199986,1.07804e-07,8.28318e-05,2.085823,2.349176,1.199983,1.522414e-07,3.650446e-05,7.542244e-07,-1.587224e-10,7.536196e-07,2.712701e-07,3.300249e-12,2.716203e-07
0.0004178733,2.97,2.97,1.2,0.3681432,1.935887,2.386201,1.199986,1.076569e-07,8.281611e-05,2.085823,2.349176,1.199983,1.516845e-07,3.645851e-05,7.542236e-07,-1.587963e-10,7.536196e-07,2.712701e-07,3.292255e-12,2.716205e-07
0.0004182733,2.97,2.97,1.2,0.3686554,1.935887,2.386201,1.199986,1.075016e-07,8.280049e-05,2.085823,2.349176,1.199983,1.512255e-07,3.641282e-05,7.542229e-07,-1.588703e-10,7.536196e-07,2.712701e-07,3.28404e-12,2.716207e-07
0.0004186733,2.97,2.97,1.2,0.3691677,1.935887,2.386201,1.199986,1.073473e-07,8.278493e-05,2.085823,2.349176,1.199983,1.50806e-07,3.636738e-05,7.542222e-07,-1.589435e-10,7.536197e-07,2.712701e-07,3.275824e-12,2.716209e-07
0.0004190733,2.97,2.97,1.2,0.3696799,1.935887,2.386201,1.199986,1.07198e-07,8.276943e-05,2.085823,2.349176,1.199983,1.502591e-07,3.63222e-05,7.542215e-07,-1.590164e-10,7.536197e-07,2.712701e-07,3.268275e-12,2.71621e-07
0.0004194733,2.97,2.97,1.2,0.3701922,1.935887,2.386201,1.199986,1.070468e-07,8.275399e-05,2.085823,2.349176,1.199983,1.498315e-07,3.627728e-05,7.542208e-07,-1.59089e-10,7.536197e-07,2.712701e-07,3.260059e-12,2.716212e-07
0.0004198733,2.97,2.97,1.2,0.3707046,1.935887,2.386201,1.199986,1.068921e-07,8.273861e-05,2.085823,2.349176,1.199983,1.493225e-07,3.62326e-05,7.542201e-07,-1.591614e-10,7.536197e-07,2.712701e-07,3.252509e-12,2.716214e-07
0.0004200079,2.97,0.6223441,1.2,0.3696918,1.935817,2.386201,1.199987,0.0001808006,0.01729039,2.085823,2.349175,1.199952,4.950662e-05,0.0006722365,7.542168e-07,-1.284644e-10,7.465859e-07,2.720323e-07,-3.105938e-11,2.724821e-07
0.0004200106,2.97,0,1.2,0.3696527,1.935793,2.386199,1.199919,3.435604e-07,-0.004208389,2.085823,2.349171,1.199835,-9.716933e-05,-0.03171708,7.560211e-07,-3.498046e-11,7.572052e-07,2.731116e-07,-1.413381e-11,2.767667e-07
0.0004200367,2.97,0,1.2,0.3693854,1.947109,2.38589,1.210692,0.0003264736,0.4323086,2.085827,2.349208,1.200887,8.393029e-05,0.07510688,5.284407e-07,5.870788e-10,4.956983e-07,2.630086e-07,2.78666e-12,2.583741e-07
0.0004203132,2.97,0,1.2,0.3665669,2.068554,2.322446,1.255839,2.716493e-05,1.248013,2.088986,2.351299,1.225964,4.877155e-05,0.7984151,1.255814e-08,1.726834e-10,5.931859e-09,1.051795e-07,1.674816e-11,1.00399e-07
0.0004207132,2.97,0,1.2,0.362527,2.114701,2.284823,1.266935,4.727811e-06,1.266212,2.09726,2.347981,1.252973,2.307882e-05,1.144427,2.281527e-09,6.131962e-11,6.50493e-10,2.989373e-08,1.915956e-11,2.676269e-08
0.0004210019,2.97,0.5542417,1.2,0.3596389,2.13057,2.270572,1.26986,0.000294403,1.323126,2.103139,2.341498,1.265474,0.0001348096,1.251951,1.232e-09,2.015677e-11,-2.51122e-08,1.363064e-08,1.268363e-11,7.751417e-09
0.0004210075,2.97,2.23753,1.2,0.3595833,2.131032,2.268635,1.218643,-0.004871708,0.003282734,2.103245,2.341132,1.254063,-0.001207211,0.005808131,7.801369e-09,7.5428e-10,5.761174e-07,2.154162e-08,8.383991e-10,1.459996e-07
0.0004210101,2.97,2.97,1.2,0.3595579,2.131079,2.267448,1.189642,-0.004889837,5.579766e-05,2.103289,2.340926,1.247196,-0.00106175,-8.055147e-05,2.517915e-08,-1.029026e-10,5.787425e-07,2.924211e-08,-9.803713e-12,1.700815e-07
0.0004210342,2.97,2.97,1.2,0.3593176,2.036952,2.257119,1.101032,4.276262e-05,5.758595e-05,2.103485,2.339012,1.202446,-0.0004367524,-3.131739e-05,6.459977e-07,-3.972452e-09,6.892717e-07,1.813733e-07,-1.596079e-11,2.331603e-07
0.0004211902,2.97,2.97,1.2,0.3577692,1.934687,2.37365,1.189403,0.0001817355,6.356646e-05,2.101611,2.331644,1.18668,-1.399479e-05,-3.063385e-05,7.706992e-07,4.755596e-11,7.533409e-07,2.661916e-07,-1.892508e-11,2.676971e-07
0.0004215662,2.97,2.97,1.2,0.3540631,1.936019,2.382985,1.197508,1.939234e-06,6.415888e-05,2.097584,2.324807,1.181167,-1.843835e-06,-3.040883e-05,7.539057e-07,4.138156e-11,7.525904e-07,2.670682e-07,-1.664691e-11,2.675928e-07
0.0004219662,2.97,2.97,1.2,0.3524265,1.935984,2.383549,1.197933,2.160607e-06,6.424232e-05,2.094308,2.326991,1.182757,3.125361e-06,-3.004371e-05,7.544513e-07,4.11593e-11,7.529253e-07,2.68378e-07,-1.468869e-11,2.684095e-07
0.0004223662,2.97,2.97,1.2,0.418046,1.935977,2.384311,1.198523,1.190047e-06,6.433636e-05,2.091871,2.331922,1.186553,3.843533e-06,-2.962832e-05,7.547972e-07,4.083778e-11,7.532915e-07,2.694102e-07,-1.311817e-11,2.693358e-07
0.0004227662,2.97,2.97,1.2,0.5054841,1.935959,2.384871,1.198956,6.41245e-07,6.441992e-05,2.090091,2.336672,1.190238,3.146185e-06,-2.921733e-05,7.550475e-07,4.089418e-11,7.535584e-07,2.701437e-07,-1.189315e-11,2.701046e-07
0.0004229259,2.97,2.97,1.2,0.4895617,1.935926,2.385065,1.199107,2.754548e-07,6.464815e-05,2.089529,2.338299,1.191504,2.777657e-06,-2.790986e-05,7.550972e-07,3.741363e-11,7.53649e-07,2.70368e-07,-1.128586e-11,2.703508e-07
0.0004230946,2.97,2.97,1.2,0.4872802,1.93592,2.385221,1.199227,2.132647e-07,6.486645e-05,2.089011,2.339829,1.192695,2.395938e-06,-2.665914e-05,7.551713e-07,3.771938e-11,7.537232e-07,2.705706e-07,-1.07121e-11,2.705783e-07
0.0004234946,2.97,2.97,1.2,0.4819119,1.93591,2.385511,1.199452,1.27218e-07,6.49344e-05,2.088045,2.342734,1.194958,1.573341e-06,-2.629758e-05,7.553001e-07,3.775913e-11,7.53861e-07,2.709391e-07,-9.978018e-12,2.710108e-07
0.0004238763,2.97,2.97,1.2,0.5099521,1.935927,2.385691,1.199592,5.752761e-08,6.499963e-05,2.087391,2.344713,1.196501,9.740237e-07,-2.593745e-05,7.553822e-07,3.817746e-11,7.539462e-07,2.711811e-07,-9.450218e-12,2.713008e-07
0.0004242763,2.97,2.97,1.2,0.5668975,1.935915,2.385843,1.199709,2.117755e-08,6.506017e-05,2.086908,2.346168,1.197635,5.208074e-07,-2.560603e-05,7.554458e-07,3.762191e-11,7.540191e-07,2.713558e-07,-9.042544e-12,2.715123e-07
0.0004246063,2.97,2.97,1.2,0.5866216,1.9359,2.38595,1.199794,-8.230182e-07,6.514417e-05,2.086622,2.34702,1.1983,2.523867e-07,-2.513894e-05,7.551661e-07,1.078138e-11,7.540469e-07,2.71457e-07,-8.751e-12,2.716345e-07
0.0004246903,2.97,2.97,1.2,0.5852583,1.935894,2.385965,1.199803,6.402667e-09,6.549991e-05,2.086562,2.347197,1.198439,2.231196e-07,-2.313936e-05,7.552488e-07,1.33753e-11,7.540633e-07,2.714778e-07,-8.342216e-12,2.716521e-07
0.0004250767,2.97,2.97,1.2,0.5790278,1.935892,2.386033,1.199856,-1.540613e-08,6.555829e-05,2.086338,2.347854,1.198951,1.02468e-08,-2.279722e-05,7.552809e-07,1.360356e-11,7.540955e-07,2.715549e-07,-8.12217e-12,2.717461e-07
0.0004254767,2.97,2.97,1.2,0.5726487,1.93589,2.386082,1.199894,-2.95583e-08,6.561306e-05,2.086177,2.348318,1.199313,-1.419588e-07,-2.247885e-05,7.553047e-07,1.380274e-11,7.541189e-07,2.716091e-07,-7.950307e-12,2.718121e-07
0.0004258358,2.97,2.97,1.2,0.566982,1.935889,2.386114,1.199919,-3.849469e-08,6.567169e-05,2.086075,2.348605,1.199537,-2.367492e-07,-2.216497e-05,7.553217e-07,1.407563e-11,7.541341e-07,2.716422e-07,-7.814638e-12,2.71852e-07
0.0004262358,2.97,2.97,1.2,0.5607358,1.935888,2.38614,1.199939,-4.569326e-08,6.572331e-05,2.085995,2.348823,1.199707,-3.100972e-07,-2.187687e-05,7.553351e-07,1.429323e-11,7.541462e-07,2.716672e-07,-7.703616e-12,2.718822e-07
0.0004266358,2.97,2.97,1.2,0.5545585,1.935887,2.386158,1.199953,-5.068576e-08,6.577435e-05,2.085941,2.348968,1.199821,-3.595829e-07,-2.159175e-05,7.553451e-07,1.451017e-11,7.541547e-07,2.716836e-07,-7.611689e-12,2.719017e-07
0.0004270358,2.97,2.97,1.2,0.5484491,1.935887,2.38617,1.199962,-5.397798e-08,6.582493e-05,2.085903,2.349063,1.199895,-3.921229e-07,-2.130911e-05,7.553528e-07,1.472622e-11,7.541606e-07,2.716941e-07,-7.532641e-12,2.71914e-07
0.0004274358,2.97,2.97,1.2,0.542407,1.935887,2.386179,1.199969,-5.616289e-08,6.587513e-05,2.085877,2.349125,1.199943,-4.131775e-07,-2.102866e-05,7.553588e-07,1.494094e-11,7.541648e-07,2.717007e-07,-7.462475e-12,2.719214e-07
0.0004278358,2.97,2.97,1.2,0.5364315,1.935886,2.386186,1.199974,-5.757828e-08,6.5925e-05,2.08586,2.349163,1.199973,-4.264232e-07,-2.075018e-05,7.553636e-07,1.515454e-11,7.541678e-07,2.717047e-07,-7.399192e-12,2.719256e-07
0.0004282358,2.97,2.97,1.2,0.5305219,1.935886,2.38619,1.199978,-5.842169e-08,6.597459e-05,2.085848,2.349187,1.199991,-4.341447e-07,-2.047354e-05,7.553676e-07,1.536749e-11,7.541698e-07,2.71707e-07,-7.339906e-12,2.719276e-07
0.0004286358,2.97,2.97,1.2,0.5246774,1.935886,2.386193,1.19998,-5.885525e-08,6.602392e-05,2.085839,2.3492,1.200002,-4.383685e-07,-2.019863e-05,7.553711e-07,1.557909e-11,7.541712e-07,2.717081e-07,-7.283729e-12,2.719282e-07
0.0004290358,2.97,2.97,1.2,0.5188973,1.935886,2.386195,1.199982,-5.90453e-08,6.607302e-05,2.085834,2.349207,1.200007,-4.399699e-07,-1.992538e-05,7.553741e-07,1.579092e-11,7.541722e-07,2.717085e-07,-7.230216e-12,2.719278e-07
0.0004294358,2.97,2.97,1.2,0.5131808,1.935886,2.386197,1.199983,-5.901595e-08,6.612189e-05,2.08583,2.34921,1.200009,-4.399822e-07,-1.965373e-05,7.553768e-07,1.600076e-11,7.541729e-07,2.717085e-07,-7.178702e-12,2.71927e-07
0.0004298358,2.97,2.97,1.2,0.5075274,1.935886,2.386198,1.199984,-5.885879e-08,6.617055e-05,2.085828,2.34921,1.200009,-4.389394e-07,-1.938365e-05,7.553793e-07,1.621037e-11,7.541733e-07,2.717082e-07,-7.127188e-12,2.719257e-07
0.0004302358,2.97,2.97,1.2,0.5019363,1.935886,2.386199,1.199984,-5.860531e-08,6.621901e-05,2.085826,2.349208,1.200008,-4.370869e-07,-1.911511e-05,7.553816e-07,1.641909e-11,7.541736e-07,2.717078e-07,-7.07745e-12,2.719243e-07
0.0004306358,2.97,2.97,1.2,0.4964067,1.935886,2.386199,1.199985,-5.828674e-08,6.626728e-05,2.085825,2.349206,1.200007,-4.347945e-07,-1.884808e-05,7.553838e-07,1.66267e-11,7.541738e-07,2.717073e-07,-7.028378e-12,2.719227e-07
0.0004310358,2.97,2.97,1.2,0.4909381,1.935886,2.3862,1.199985,-5.791049e-08,6.631535e-05,2.085824,2.349204,1.200005,-4.321824e-07,-1.858256e-05,7.55386e-07,1.683298e-11,7.541739e-07,2.717067e-07,-6.979972e-12,2.719211e-07
0.0004314358,2.97,2.97,1.2,0.4855298,1.935886,2.3862,1.199985,-5.750483e-08,6.636322e-05,2.085823,2.349201,1.200002,-4.293908e-07,-1.831853e-05,7.553881e-07,1.703904e-11,7.54174e-07,2.717062e-07,-6.931566e-12,2.719196e-07
0.0004318358,2.97,2.97,1.2,0.4801811,1.935886,2.3862,1.199985,-5.707677e-08,6.641091e-05,2.085823,2.349198,1.2,-4.265547e-07,-1.805597e-05,7.553901e-07,1.724421e-11,7.54174e-07,2.717057e-07,-6.884049e-12,2.71918e-07
0.0004322358,2.97,2.97,1.2,0.4748913,1.935886,2.3862,1.199985,-5.66276e-08,6.645842e-05,2.085823,2.349196,1.199998,-4.236228e-07,-1.779488e-05,7.553921e-07,1.744849e-11,7.54174e-07,2.717053e-07,-6.836753e-12,2.719165e-07
0.0004326358,2.97,2.97,1.2,0.4696598,1.935886,2.3862,1.199986,-5.617984e-08,6.650574e-05,2.085823,2.349193,1.199996,-4.206793e-07,-1.753524e-05,7.553941e-07,1.765188e-11,7.54174e-07,2.717049e-07,-6.78968e-12,2.71915e-07
0.0004330358,2.97,2.97,1.2,0.4644859,1.935886,2.3862,1.199986,-5.573222e-08,6.655287e-05,2.085823,2.349191,1.199995,-4.177257e-07,-1.727706e-05,7.553961e-07,1.785438e-11,7.54174e-07,2.717045e-07,-6.743273e-12,2.719136e-07
0.0004334358,2.97,2.97,1.2,0.4593691,1.935886,2.3862,1.199986,-5.525772e-08,6.659982e-05,2.085823,2.349189,1.199993,-4.148247e-07,-1.702031e-05,7.553981e-07,1.805622e-11,7.54174e-07,2.717042e-07,-6.696865e-12,2.719122e-07
0.0004338358,2.97,2.97,1.2,0.4543086,1.935886,2.3862,1.199986,-5.479797e-08,6.664659e-05,2.085823,2.349187,1.199992,-4.119458e-07,-1.6765e-05,7.554e-07,1.825673e-11,7.541739e-07,2.717039e-07,-6.65068e-12,2.719108e-07
0.0004342358,2.97,2.97,1.2,0.449304,1.935886,2.3862,1.199986,-5.433741e-08,6.669319e-05,2.085823,2.349186,1.199991,-4.090626e-07,-1.651111e-05,7.554019e-07,1.845679e-11,7.541739e-07,2.717036e-07,-6.604939e-12,2.719095e-07
0.0004346358,2.97,2.97,1.2,0.4443544,1.935886,2.3862,1.199986,-5.387107e-08,6.67396e-05,2.085823,2.349184,1.19999,-4.062375e-07,-1.625863e-05,7.554039e-07,1.865574e-11,7.541738e-07,2.717034e-07,-6.558976e-12,2.719083e-07
0.0004350358,2.97,2.97,1.2,0.4394594,1.935886,2.3862,1.199986,-5.340978e-08,6.678583e-05,2.085823,2.349183,1.199989,-4.034338e-07,-1.600757e-05,7.554058e-07,1.885425e-11,7.541738e-07,2.717032e-07,-6.513901e-12,2.71907e-07
0.0004354358,2.97,2.97,1.2,0.4346184,1.935886,2.3862,1.199986,-5.293987e-08,6.683188e-05,2.085823,2.349182,1.199988,-4.006709e-07,-1.575791e-05,7.554077e-07,1.905165e-11,7.541737e-07,2.71703e-07,-6.469048e-12,2.719058e-07
0.0004358358,2.97,2.97,1.2,0.4298306,1.935886,2.3862,1.199986,-5.248092e-08,6.687776e-05,2.085823,2.349181,1.199987,-3.979025e-07,-1.550964e-05,7.554095e-07,1.924838e-11,7.541737e-07,2.717028e-07,-6.424195e-12,2.719047e-07
0.0004362358,2.97,2.97,1.2,0.4250957,1.935886,2.3862,1.199986,-5.201586e-08,6.692346e-05,2.085823,2.349181,1.199987,-3.951816e-07,-1.526276e-05,7.554114e-07,1.9444e-11,7.541736e-07,2.717027e-07,-6.379341e-12,2.719035e-07
0.0004366358,2.97,2.97,1.2,0.4204129,1.935886,2.3862,1.199986,-5.15565e-08,6.696899e-05,2.085823,2.34918,1.199986,-3.925022e-07,-1.501726e-05,7.554133e-07,1.963918e-11,7.541736e-07,2.717026e-07,-6.335821e-12,2.719024e-07
0.0004370358,2.97,2.97,1.2,0.4157817,1.935886,2.3862,1.199986,-5.109137e-08,6.701434e-05,2.085823,2.349179,1.199986,-3.898575e-07,-1.477313e-05,7.554152e-07,1.983302e-11,7.541735e-07,2.717025e-07,-6.29119e-12,2.719013e-07
0.0004374358,2.97,2.97,1.2,0.4112016,1.935886,2.3862,1.199986,-5.064225e-08,6.705951e-05,2.085823,2.349179,1.199985,-3.871949e-07,-1.453036e-05,7.55417e-07,2.002642e-11,7.541734e-07,2.717024e-07,-6.247669e-12,2.719002e-07
0.0004378358,2.97,2.97,1.2,0.4066719,1.935886,2.3862,1.199986,-5.018695e-08,6.710451e-05,2.085823,2.349178,1.199985,-3.845909e-07,-1.428895e-05,7.554189e-07,2.021872e-11,7.541734e-07,2.717023e-07,-6.20437e-12,2.718992e-07
0.0004382358,2.97,2.97,1.2,0.4021921,1.935886,2.3862,1.199986,-4.971835e-08,6.714934e-05,2.085823,2.349178,1.199985,-3.82009e-07,-1.404889e-05,7.554207e-07,2.041056e-11,7.541733e-07,2.717022e-07,-6.161294e-12,2.718981e-07
0.0004386358,2.97,2.97,1.2,0.3977617,1.935886,2.3862,1.199986,-4.928324e-08,6.7194e-05,2.085823,2.349178,1.199984,-3.794194e-07,-1.381018e-05,7.554225e-07,2.060108e-11,7.541733e-07,2.717021e-07,-6.117995e-12,2.718971e-07
0.0004390358,2.97,2.97,1.2,0.3933802,1.935886,2.3862,1.199986,-4.883107e-08,6.723848e-05,2.085823,2.349177,1.199984,-3.768293e-07,-1.357279e-05,7.554243e-07,2.079115e-11,7.541732e-07,2.71702e-07,-6.07514e-12,2.71896e-07
0.0004394358,2.97,2.97,1.2,0.3890469,1.935886,2.3862,1.199986,-4.83787e-08,6.728279e-05,2.085823,2.349177,1.199984,-3.743531e-07,-1.333673e-05,7.554262e-07,2.098033e-11,7.541732e-07,2.71702e-07,-6.032508e-12,2.71895e-07
0.0004398358,2.97,2.97,1.2,0.3847613,1.935886,2.3862,1.199986,-4.793641e-08,6.732693e-05,2.085823,2.349177,1.199984,-3.717884e-07,-1.3102e-05,7.55428e-07,2.116907e-11,7.541731e-07,2.717019e-07,-5.990319e-12,2.71894e-07
0.0004402358,2.97,2.97,1.2,0.380523,1.935886,2.3862,1.199986,-4.748968e-08,6.737091e-05,2.085823,2.349177,1.199984,-3.693599e-07,-1.286857e-05,7.554298e-07,2.135625e-11,7.54173e-07,2.717018e-07,-5.948353e-12,2.71893e-07
0.0004406358,2.97,2.97,1.2,0.3763314,1.935886,2.3862,1.199986,-4.703621e-08,6.741471e-05,2.085823,2.349177,1.199984,-3.66823e-07,-1.263645e-05,7.554316e-07,2.154299e-11,7.54173e-07,2.717018e-07,-5.906164e-12,2.718921e-07
0.0004410358,2.97,2.97,1.2,0.372186,1.935886,2.3862,1.199986,-4.660269e-08,6.745834e-05,2.085823,2.349177,1.199984,-3.6438e-07,-1.240563e-05,7.554333e-07,2.172884e-11,7.541729e-07,2.717018e-07,-5.864864e-12,2.718911e-07
0.0004414358,2.97,2.97,1.2,0.3680862,1.935886,2.3862,1.199986,-4.616559e-08,6.750181e-05,2.085823,2.349176,1.199983,-3.619405e-07,-1.21761e-05,7.554351e-07,2.191403e-11,7.541729e-07,2.717017e-07,-5.82312e-12,2.718901e-07
0.0004418358,2.97,2.97,1.2,0.3640316,1.935886,2.3862,1.199986,-4.580028e-08,6.754622e-05,2.085823,2.349176,1.199983,-3.601639e-07,-1.193368e-05,7.554369e-07,2.209855e-11,7.541728e-07,2.717017e-07,-5.782264e-12,2.718892e-07
0.0004422358,2.97,2.97,1.2,0.3600215,1.935886,2.3862,1.199986,-4.541719e-08,6.758934e-05,2.085823,2.349176,1.199983,-3.576294e-07,-1.170691e-05,7.554386e-07,2.228173e-11,7.541728e-07,2.717017e-07,-5.741185e-12,2.718882e-07
0.0004426358,2.97,2.97,1.2,0.3560559,1.935886,2.3862,1.199986,-4.489455e-08,6.763121e-05,2.085823,2.349176,1.199983,-3.546857e-07,-1.149524e-05,7.554404e-07,2.24647e-11,7.541727e-07,2.717016e-07,-5.700551e-12,2.718873e-07
0.0004430358,2.97,2.97,1.2,0.3521343,1.935886,2.3862,1.199986,-4.44279e-08,6.767401e-05,2.085823,2.349176,1.199983,-3.523185e-07,-1.12708e-05,7.554421e-07,2.264611e-11,7.541727e-07,2.717016e-07,-5.660583e-12,2.718863e-07
0.0004434358,2.97,2.97,1.2,0.3482582,1.935887,2.3862,1.199986,-4.398624e-08,6.771664e-05,2.085823,2.349176,1.199983,-3.499222e-07,-1.104761e-05,7.554439e-07,2.282774e-11,7.541726e-07,2.717015e-07,-5.619949e-12,2.718854e-07
0.0004438358,2.97,2.97,1.2,0.3444359,1.935887,2.3862,1.199986,-4.356968e-08,6.775912e-05,2.085823,2.349176,1.199983,-3.475166e-07,-1.082567e-05,7.554456e-07,2.300804e-11,7.541725e-07,2.717015e-07,-5.579981e-12,2.718845e-07
0.0004442358,2.97,2.97,1.2,0.3406934,1.935887,2.3862,1.199986,-4.313569e-08,6.780142e-05,2.085823,2.349176,1.199983,-3.452337e-07,-1.060498e-05,7.554473e-07,2.318745e-11,7.541725e-07,2.717015e-07,-5.540235e-12,2.718836e-07
0.0004446358,2.97,2.97,1.2,0.3370981,1.935887,2.3862,1.199986,-4.27294e-08,6.784357e-05,2.085823,2.349176,1.199983,-3.428889e-07,-1.038551e-05,7.55449e-07,2.336642e-11,7.541724e-07,2.717014e-07,-5.500711e-12,2.718826e-07
0.0004450358,2.97,2.97,1.2,0.3338324,1.935887,2.3862,1.199986,-4.237522e-08,6.788555e-05,2.085823,2.349176,1.199983,-3.405531e-07,-1.016728e-05,7.554507e-07,2.35445e-11,7.541723e-07,2.717014e-07,-5.461631e-12,2.718817e-07
0.0004454358,2.97,2.97,1.2,0.3313888,1.935887,2.3862,1.199985,-4.207771e-08,6.792736e-05,2.085823,2.349176,1.199983,-3.38222e-07,-9.950264e-06,7.554523e-07,2.372169e-11,7.541722e-07,2.717014e-07,-5.422329e-12,2.718808e-07
0.0004458358,2.97,2.97,1.2,0.330576,1.935888,2.3862,1.199985,-4.172218e-08,6.796901e-05,2.085823,2.349176,1.199983,-3.35946e-07,-9.734462e-06,7.554538e-07,2.389755e-11,7.54172e-07,2.717013e-07,-5.383249e-12,2.7188e-07
0.0004462358,2.97,2.97,1.2,0.3320242,1.935888,2.3862,1.199985,-4.125941e-08,6.801049e-05,2.085823,2.349176,1.199983,-3.336495e-07,-9.519867e-06,7.554553e-07,2.407097e-11,7.541717e-07,2.717013e-07,-5.344614e-12,2.718791e-07
0.0004466358,2.97,2.97,1.2,0.3356974,1.935889,2.386199,1.199985,-4.067725e-08,6.805183e-05,2.085823,2.349176,1.199983,-3.314157e-07,-9.306472e-06,7.554569e-07,2.424305e-11,7.541716e-07,2.717013e-07,-5.306644e-12,2.718782e-07
0.0004470358,2.97,2.97,1.2,0.3409086,1.935889,2.386199,1.199985,-4.010443e-08,6.809301e-05,2.085823,2.349176,1.199983,-3.291791e-07,-9.094272e-06,7.554586e-07,2.44138e-11,7.541716e-07,2.717013e-07,-5.268452e-12,2.718773e-07
0.0004474358,2.97,2.97,1.2,0.3467174,1.935889,2.3862,1.199985,-3.955547e-08,6.813405e-05,2.085823,2.349176,1.199983,-3.269196e-07,-8.883257e-06,7.554604e-07,2.458544e-11,7.541717e-07,2.717012e-07,-5.230705e-12,2.718764e-07
0.0004478358,2.97,2.97,1.2,0.3523628,1.935889,2.3862,1.199985,-3.908204e-08,6.817493e-05,2.085823,2.349176,1.199983,-3.246908e-07,-8.673422e-06,7.554622e-07,2.475953e-11,7.541718e-07,2.717012e-07,-5.192735e-12,2.718756e-07
0.0004482358,2.97,2.97,1.2,0.3574615,1.935889,2.3862,1.199986,-3.86808e-08,6.821565e-05,2.085823,2.349176,1.199983,-3.22441e-07,-8.464761e-06,7.55464e-07,2.493428e-11,7.541719e-07,2.717012e-07,-5.15521e-12,2.718747e-07
0.0004486358,2.97,2.97,1.2,0.3619483,1.935889,2.3862,1.199986,-3.830152e-08,6.825622e-05,2.085823,2.349176,1.199983,-3.202421e-07,-8.257266e-06,7.554657e-07,2.510947e-11,7.541719e-07,2.717012e-07,-5.117462e-12,2.718738e-07
0.0004490358,2.97,2.97,1.2,0.3659163,1.935889,2.386201,1.199986,-3.793849e-08,6.829662e-05,2.085823,2.349176,1.199983,-3.18075e-07,-8.050932e-06,7.554675e-07,2.528355e-11,7.541719e-07,2.717011e-07,-5.080603e-12,2.71873e-07
0.0004494358,2.97,2.97,1.2,0.369491,1.935889,2.386201,1.199986,-3.75768e-08,6.833686e-05,2.085823,2.349176,1.199983,-3.158881e-07,-7.845752e-06,7.554691e-07,2.545675e-11,7.541719e-07,2.717011e-07,-5.043743e-12,2.718721e-07
0.0004498358,2.97,2.97,1.2,0.3727725,1.935888,2.386201,1.199986,-3.71904e-08,6.837695e-05,2.085823,2.349176,1.199983,-3.137255e-07,-7.641719e-06,7.554708e-07,2.562839e-11,7.541718e-07,2.717011e-07,-5.007328e-12,2.718713e-07
0.0004502358,2.97,2.97,1.2,0.375825,1.935888,2.386201,1.199986,-3.680727e-08,6.841688e-05,2.085823,2.349176,1.199983,-3.115826e-07,-7.438827e-06,7.554724e-07,2.579914e-11,7.541718e-07,2.717011e-07,-4.970691e-12,2.718705e-07
0.0004506358,2.97,2.97,1.2,0.3786851,1.935888,2.386201,1.199986,-3.642227e-08,6.845666e-05,2.085823,2.349176,1.199983,-3.094226e-07,-7.237069e-06,7.55474e-07,2.596856e-11,7.541717e-07,2.71701e-07,-4.934275e-12,2.718696e-07
0.0004510358,2.97,2.97,1.2,0.3813743,1.935888,2.386201,1.199986,-3.604767e-08,6.849628e-05,2.085823,2.349176,1.199983,-3.072715e-07,-7.03644e-06,7.554757e-07,2.613665e-11,7.541717e-07,2.71701e-07,-4.898526e-12,2.718688e-07
0.0004514358,2.97,2.97,1.2,0.383907,1.935888,2.386201,1.199986,-3.564499e-08,6.853575e-05,2.085823,2.349176,1.199983,-3.051866e-07,-6.836933e-06,7.554773e-07,2.630429e-11,7.541716e-07,2.71701e-07,-4.862555e-12,2.71868e-07
0.0004518358,2.97,2.97,1.2,0.3862954,1.935888,2.386201,1.199986,-3.525245e-08,6.857507e-05,2.085823,2.349176,1.199983,-3.030552e-07,-6.638541e-06,7.554788e-07,2.64706e-11,7.541716e-07,2.71701e-07,-4.826362e-12,2.718672e-07
0.0004522358,2.97,2.97,1.2,0.3885505,1.935888,2.386201,1.199986,-3.485976e-08,6.861424e-05,2.085823,2.349176,1.199983,-3.010044e-07,-6.441258e-06,7.554804e-07,2.663603e-11,7.541715e-07,2.717009e-07,-4.791278e-12,2.718664e-07
0.0004526358,2.97,2.97,1.2,0.3906826,1.935888,2.386201,1.199986,-3.447363e-08,6.865326e-05,2.085823,2.349176,1.199983,-2.989191e-07,-6.245079e-06,7.55482e-07,2.680101e-11,7.541715e-07,2.717009e-07,-4.755973e-12,2.718656e-07
0.0004530358,2.97,2.97,1.2,0.3927013,1.935888,2.386201,1.199986,-3.407518e-08,6.869213e-05,2.085823,2.349176,1.199983,-2.968547e-07,-6.049997e-06,7.554836e-07,2.696465e-11,7.541714e-07,2.717009e-07,-4.72089e-12,2.718647e-07
0.0004534358,2.97,2.97,1.2,0.3946151,1.935888,2.386201,1.199986,-3.37017e-08,6.873085e-05,2.085823,2.349176,1.199983,-2.947998e-07,-5.856006e-06,7.554851e-07,2.712763e-11,7.541713e-07,2.717009e-07,-4.685807e-12,2.718639e-07
0.0004538358,2.97,2.97,1.2,0.3964318,1.935888,2.386201,1.199986,-3.330157e-08,6.876942e-05,2.085823,2.349176,1.199983,-2.927217e-07,-5.663099e-06,7.554867e-07,2.72895e-11,7.541713e-07,2.717009e-07,-4.651168e-12,2.718632e-07
0.0004542358,2.97,2.97,1.2,0.3981585,1.935888,2.386201,1.199986,-3.292111e-08,6.880784e-05,2.085823,2.349176,1.199983,-2.90706e-07,-5.471271e-06,7.554882e-07,2.745093e-11,7.541712e-07,2.717008e-07,-4.616751e-12,2.718624e-07
0.0004546358,2.97,2.97,1.2,0.3998013,1.935888,2.386201,1.199986,-3.25379e-08,6.884611e-05,2.085823,2.349176,1.199983,-2.886379e-07,-5.280516e-06,7.554897e-07,2.761147e-11,7.541712e-07,2.717008e-07,-4.58189e-12,2.718616e-07
0.0004550358,2.97,2.97,1.2,0.4013661,1.935888,2.386201,1.199986,-3.21746e-08,6.888424e-05,2.085823,2.349176,1.199983,-2.866701e-07,-5.090827e-06,7.554913e-07,2.77709e-11,7.541711e-07,2.717008e-07,-4.54814e-12,2.718608e-07
0.0004554358,2.97,2.97,1.2,0.4028584,1.935888,2.386201,1.199986,-3.178214e-08,6.892222e-05,2.085823,2.349176,1.199983,-2.846527e-07,-4.902199e-06,7.554928e-07,2.792988e-11,7.541711e-07,2.717008e-07,-4.513723e-12,2.7186e-07
0.0004558358,2.97,2.97,1.2,0.4042829,1.935888,2.386201,1.199986,-3.138567e-08,6.896005e-05,2.085823,2.349176,1.199983,-2.826388e-07,-4.714626e-06,7.554943e-07,2.808798e-11,7.54171e-07,2.717008e-07,-4.480416e-12,2.718592e-07
0.0004562358,2.97,2.97,1.2,0.4056444,1.935888,2.386201,1.199986,-3.101548e-08,6.899774e-05,2.085823,2.349176,1.199983,-2.806774e-07,-4.528101e-06,7.554958e-07,2.824496e-11,7.54171e-07,2.717007e-07,-4.446887e-12,2.718585e-07
0.0004566358,2.97,2.97,1.2,0.406947,1.935888,2.386201,1.199986,-3.064266e-08,6.903528e-05,2.085823,2.349176,1.199983,-2.787131e-07,-4.34262e-06,7.554973e-07,2.84015e-11,7.541709e-07,2.717007e-07,-4.413359e-12,2.718577e-07
0.0004570358,2.97,2.97,1.2,0.4081948,1.935888,2.386201,1.199986,-3.027627e-08,6.907268e-05,2.085823,2.349176,1.199983,-2.767468e-07,-4.158175e-06,7.554988e-07,2.855693e-11,7.541709e-07,2.717007e-07,-4.380274e-12,2.71857e-07
0.0004574358,2.97,2.97,1.2,0.4093913,1.935888,2.386201,1.199986,-2.989998e-08,6.910993e-05,2.085823,2.349176,1.199983,-2.74818e-07,-3.974762e-06,7.555003e-07,2.87117e-11,7.541708e-07,2.717007e-07,-4.347633e-12,2.718562e-07
0.0004578358,2.97,2.97,1.2,0.41054,1.935888,2.386201,1.199986,-2.951529e-08,6.914704e-05,2.085823,2.349176,1.199983,-2.728759e-07,-3.792375e-06,7.555017e-07,2.886624e-11,7.541708e-07,2.717006e-07,-4.314771e-12,2.718555e-07
0.0004582358,2.97,2.97,1.2,0.4116442,1.935888,2.386201,1.199986,-2.91562e-08,6.918401e-05,2.085823,2.349176,1.199983,-2.70955e-07,-3.611007e-06,7.555032e-07,2.901945e-11,7.541707e-07,2.717006e-07,-4.281908e-12,2.718547e-07
0.0004586358,2.97,2.97,1.2,0.4127068,1.935888,2.386201,1.199986,-2.877911e-08,6.922084e-05,2.085823,2.349176,1.199983,-2.690529e-07,-3.430653e-06,7.555047e-07,2.917178e-11,7.541707e-07,2.717006e-07,-4.24949e-12,2.71854e-07
0.0004590358,2.97,2.97,1.2,0.4137307,1.935888,2.386201,1.199986,-2.841045e-08,6.925752e-05,2.085823,2.349176,1.199983,-2.671476e-07,-3.251308e-06,7.555061e-07,2.932365e-11,7.541706e-07,2.717006e-07,-4.217293e-12,2.718532e-07
0.0004594358,2.97,2.97,1.2,0.4147183,1.935888,2.386201,1.199986,-2.8042e-08,6.929407e-05,2.085823,2.349176,1.199983,-2.652465e-07,-3.072966e-06,7.555076e-07,2.947442e-11,7.541706e-07,2.717006e-07,-4.185541e-12,2.718525e-07
0.0004598358,2.97,2.97,1.2,0.4156722,1.935888,2.386201,1.199986,-2.766238e-08,6.933047e-05,2.085823,2.349176,1.199983,-2.633376e-07,-2.89562e-06,7.55509e-07,2.962475e-11,7.541705e-07,2.717005e-07,-4.153566e-12,2.718518e-07
0.0004602358,2.97,2.97,1.2,0.4165947,1.935888,2.386201,1.199986,-2.731469e-08,6.936673e-05,2.085823,2.349176,1.199983,-2.614898e-07,-2.719267e-06,7.555104e-07,2.977418e-11,7.541705e-07,2.717005e-07,-4.121814e-12,2.71851e-07
0.0004606358,2.97,2.97,1.2,0.4174878,1.935888,2.386201,1.199986,-2.695902e-08,6.940286e-05,2.085823,2.349176,1.199983,-2.596162e-07,-2.543899e-06,7.555118e-07,2.992295e-11,7.541704e-07,2.717005e-07,-4.090284e-12,2.718503e-07
0.0004610358,2.97,2.97,1.2,0.4183537,1.935888,2.386201,1.199986,-2.658455e-08,6.943884e-05,2.085823,2.349176,1.199983,-2.578146e-07,-2.369512e-06,7.555133e-07,3.007083e-11,7.541704e-07,2.717005e-07,-4.058753e-12,2.718496e-07
0.0004614358,2.97,2.97,1.2,0.4191941,1.935888,2.386201,1.199986,-2.621713e-08,6.947468e-05,2.085823,2.349176,1.199983,-2.55916e-07,-2.1961e-06,7.555147e-07,3.021827e-11,7.541703e-07,2.717005e-07,-4.027889e-12,2.718489e-07
0.0004618358,2.97,2.97,1.2,0.4200108,1.935888,2.386201,1.199986,-2.585946e-08,6.951039e-05,2.085823,2.349176,1.199983,-2.540617e-07,-2.023657e-06,7.555161e-07,3.03646e-11,7.541703e-07,2.717004e-07,-3.996803e-12,2.718482e-07
0.0004622358,2.97,2.97,1.2,0.4208055,1.935888,2.386201,1.199986,-2.550198e-08,6.954596e-05,2.085823,2.349176,1.199983,-2.52241e-07,-1.852179e-06,7.555174e-07,3.051071e-11,7.541702e-07,2.717004e-07,-3.966161e-12,2.718475e-07
0.0004626358,2.97,2.97,1.2,0.4215796,1.935888,2.386201,1.199986,-2.514633e-08,6.95814e-05,2.085823,2.349176,1.199983,-2.504687e-07,-1.681659e-06,7.555188e-07,3.06557e-11,7.541702e-07,2.717004e-07,-3.935519e-12,2.718468e-07
0.0004630358,2.97,2.97,1.2,0.4223346,1.935888,2.386201,1.199986,-2.479882e-08,6.961669e-05,2.085823,2.349176,1.199983,-2.486932e-07,-1.512093e-06,7.555202e-07,3.080003e-11,7.541701e-07,2.717004e-07,-3.905321e-12,2.718461e-07
0.0004634358,2.97,2.97,1.2,0.4230719,1.935888,2.386201,1.199986,-2.444107e-08,6.965185e-05,2.085823,2.349176,1.199983,-2.468577e-07,-1.343475e-06,7.555216e-07,3.094391e-11,7.541701e-07,2.717004e-07,-3.874678e-12,2.718454e-07
0.0004638358,2.97,2.97,1.2,0.4237927,1.935888,2.386201,1.199986,-2.407482e-08,6.968688e-05,2.085823,2.349176,1.199983,-2.450883e-07,-1.1758e-06,7.55523e-07,3.108713e-11,7.5417e-07,2.717003e-07,-3.844702e-12,2.718447e-07
0.0004642358,2.97,2.97,1.2,0.4244981,1.935888,2.386201,1.199986,-2.372354e-08,6.972177e-05,2.085823,2.349176,1.199983,-2.433174e-07,-1.009062e-06,7.555243e-07,3.122924e-11,7.5417e-07,2.717003e-07,-3.814504e-12,2.71844e-07
0.0004646358,2.97,2.97,1.2,0.4251893,1.935888,2.386201,1.199986,-2.33879e-08,6.975653e-05,2.085823,2.349176,1.199983,-2.415613e-07,-8.432561e-07,7.555257e-07,3.137068e-11,7.541699e-07,2.717003e-07,-3.784972e-12,2.718433e-07
0.0004650358,2.97,2.97,1.2,0.4258673,1.935888,2.386201,1.199986,-2.303293e-08,6.979115e-05,2.085823,2.349176,1.199983,-2.398072e-07,-6.783774e-07,7.55527e-07,3.15119e-11,7.541699e-07,2.717003e-07,-3.75544e-12,2.718427e-07
0.0004654358,2.97,2.97,1.2,0.4265329,1.935888,2.386201,1.199986,-2.268244e-08,6.982564e-05,2.085823,2.349176,1.199983,-2.380732e-07,-5.144205e-07,7.555284e-07,3.165224e-11,7.541698e-07,2.717003e-07,-3.726131e-12,2.71842e-07
0.0004658358,2.97,2.97,1.2,0.4271872,1.935888,2.386201,1.199986,-2.233277e-08,6.986e-05,2.085823,2.349176,1.199983,-2.363458e-07,-3.513803e-07,7.555297e-07,3.17919e-11,7.541698e-07,2.717002e-07,-3.696599e-12,2.718413e-07
0.0004662358,2.97,2.97,1.2,0.4278308,1.935888,2.386201,1.199986,-2.199126e-08,6.989422e-05,2.085823,2.349176,1.199983,-2.346182e-07,-1.892516e-07,7.55531e-07,3.19309e-11,7.541698e-07,2.717002e-07,-3.667733e-12,2.718406e-07
0.0004666358,2.97,2.97,1.2,0.4284647,1.935888,2.386201,1.199986,-2.164753e-08,6.992832e-05,2.085823,2.349176,1.199983,-2.329378e-07,-2.802934e-08,7.555323e-07,3.206879e-11,7.541697e-07,2.717002e-07,-3.638645e-12,2.7184e-07
0.0004670358,2.97,2.97,1.2,0.4290894,1.935888,2.386201,1.199986,-2.130356e-08,6.996228e-05,2.085823,2.349176,1.199983,-2.312375e-07,1.322895e-07,7.555336e-07,3.220624e-11,7.541697e-07,2.717002e-07,-3.610001e-12,2.718393e-07
0.0004674358,2.97,2.97,1.2,0.4297058,1.935888,2.386201,1.199986,-2.096229e-08,6.999611e-05,2.085823,2.349176,1.199983,-2.295182e-07,2.917033e-07,7.555349e-07,3.234324e-11,7.541696e-07,2.717002e-07,-3.581357e-12,2.718387e-07
0.0004678358,2.97,2.97,1.2,0.4303143,1.935888,2.386201,1.199986,-2.062404e-08,7.002981e-05,2.085823,2.349176,1.199983,-2.278497e-07,4.502163e-07,7.555363e-07,3.247957e-11,7.541696e-07,2.717001e-07,-3.552714e-12,2.71838e-07
0.0004682358,2.97,2.97,1.2,0.4309156,1.935888,2.386201,1.199986,-2.028511e-08,7.006338e-05,2.085823,2.349176,1.199983,-2.262086e-07,6.078339e-07,7.555375e-07,3.261547e-11,7.541695e-07,2.717001e-07,-3.524514e-12,2.718374e-07
0.0004686358,2.97,2.97,1.2,0.4315102,1.935888,2.386201,1.199986,-1.994888e-08,7.009683e-05,2.085823,2.349176,1.199983,-2.244983e-07,7.645614e-07,7.555388e-07,3.275002e-11,7.541695e-07,2.717001e-07,-3.496314e-12,2.718367e-07
0.0004690358,2.97,2.97,1.2,0.4320986,1.935888,2.386201,1.199986,-1.961262e-08,7.013014e-05,2.085823,2.349176,1.199983,-2.22896e-07,9.204031e-07,7.555401e-07,3.288414e-11,7.541694e-07,2.717001e-07,-3.468559e-12,2.718361e-07
0.0004694358,2.97,2.97,1.2,0.4326812,1.935888,2.386201,1.199986,-1.92794e-08,7.016333e-05,2.085823,2.349176,1.199983,-2.211811e-07,1.075365e-06,7.555414e-07,3.301803e-11,7.541694e-07,2.717001e-07,-3.440581e-12,2.718355e-07
0.0004698358,2.97,2.97,1.2,0.4332586,1.935888,2.386201,1.199986,-1.89404e-08,7.019638e-05,2.085823,2.349176,1.199983,-2.195602e-07,1.229451e-06,7.555427e-07,3.315082e-11,7.541693e-07,2.717001e-07,-3.41327e-12,2.718348e-07
0.0004702358,2.97,2.97,1.2,0.433831,1.935888,2.386201,1.199986,-1.861703e-08,7.022931e-05,2.085823,2.349176,1.199983,-2.179623e-07,1.382667e-06,7.555439e-07,3.328338e-11,7.541693e-07,2.717e-07,-3.385736e-12,2.718342e-07
0.0004706358,2.97,2.97,1.2,0.434399,1.935888,2.386201,1.199986,-1.828097e-08,7.026212e-05,2.085823,2.349176,1.199983,-2.163397e-07,1.535017e-06,7.555452e-07,3.341527e-11,7.541692e-07,2.717e-07,-3.358203e-12,2.718336e-07
0.0004710358,2.97,2.97,1.2,0.4349627,1.935888,2.386201,1.199986,-1.79584e-08,7.02948e-05,2.085823,2.349176,1.199983,-2.147617e-07,1.686506e-06,7.555464e-07,3.354628e-11,7.541692e-07,2.717e-07,-3.330891e-12,2.71833e-07
0.0004714358,2.97,2.97,1.2,0.4355226,1.935888,2.386201,1.199986,-1.761426e-08,7.032735e-05,2.085823,2.349176,1.199983,-2.131465e-07,1.83714e-06,7.555477e-07,3.367684e-11,7.541692e-07,2.717e-07,-3.303802e-12,2.718323e-07
0.0004718358,2.97,2.97,1.2,0.4360789,1.935888,2.386201,1.199986,-1.728857e-08,7.035978e-05,2.085823,2.349176,1.199983,-2.115221e-07,1.986923e-06,7.555489e-07,3.380629e-11,7.541691e-07,2.717e-07,-3.2776e-12,2.718317e-07
0.0004722358,2.97,2.97,1.2,0.4366319,1.935888,2.386201,1.199986,-1.697969e-08,7.039208e-05,2.085823,2.349176,1.199983,-2.099495e-07,2.13586e-06,7.555501e-07,3.393574e-11,7.541691e-07,2.717e-07,-3.250733e-12,2.718311e-07
0.0004726358,2.97,2.97,1.2,0.4371818,1.935888,2.386201,1.199986,-1.664229e-08,7.042426e-05,2.085823,2.349176,1.199983,-2.083849e-07,2.283955e-06,7.555514e-07,3.406431e-11,7.54169e-07,2.716999e-07,-3.223866e-12,2.718305e-07
0.0004730358,2.97,2.97,1.2,0.437729,1.935888,2.386201,1.199986,-1.631924e-08,7.045631e-05,2.085823,2.349176,1.199983,-2.068285e-07,2.431214e-06,7.555526e-07,3.41922e-11,7.54169e-07,2.716999e-07,-3.197664e-12,2.718299e-07
0.0004734358,2.97,2.97,1.2,0.4382735,1.935888,2.386201,1.199986,-1.599782e-08,7.048824e-05,2.085823,2.349176,1.199983,-2.052859e-07,2.577641e-06,7.555538e-07,3.431944e-11,7.541689e-07,2.716999e-07,-3.171685e-12,2.718293e-07
0.0004738358,2.97,2.97,1.2,0.4388157,1.935888,2.386201,1.199986,-1.568119e-08,7.052005e-05,2.085823,2.349176,1.199983,-2.037458e-07,2.723241e-06,7.55555e-07,3.444645e-11,7.541689e-07,2.716999e-07,-3.145262e-12,2.718287e-07
0.0004742358,2.97,2.97,1.2,0.4393557,1.935888,2.386201,1.199986,-1.534161e-08,7.055173e-05,2.085823,2.349176,1.199983,-2.022276e-07,2.868018e-06,7.555562e-07,3.457212e-11,7.541688e-07,2.716999e-07,-3.119505e-12,2.718281e-07
0.0004746358,2.97,2.97,1.2,0.4398936,1.935888,2.386201,1.199986,-1.503014e-08,7.05833e-05,2.085823,2.349176,1.199983,-2.006377e-07,3.011978e-06,7.555574e-07,3.46978e-11,7.541688e-07,2.716999e-07,-3.093747e-12,2.718275e-07
0.0004750358,2.97,2.97,1.2,0.4404297,1.935888,2.386201,1.199986,-1.470737e-08,7.061474e-05,2.085823,2.349176,1.199983,-1.991255e-07,3.155124e-06,7.555586e-07,3.482281e-11,7.541687e-07,2.716998e-07,-3.06799e-12,2.718269e-07
0.0004754358,2.97,2.97,1.2,0.4409641,1.935888,2.386201,1.199986,-1.440981e-08,7.064606e-05,2.085823,2.349176,1.199983,-1.976066e-07,3.297462e-06,7.555598e-07,3.494716e-11,7.541687e-07,2.716998e-07,-3.042455e-12,2.718263e-07
0.0004758358,2.97,2.97,1.2,0.4414969,1.935888,2.386201,1.199986,-1.408972e-08,7.067726e-05,2.085823,2.349176,1.199983,-1.961302e-07,3.438996e-06,7.55561e-07,3.507084e-11,7.541687e-07,2.716998e-07,-3.01692e-12,2.718258e-07
0.0004762358,2.97,2.97,1.2,0.4420282,1.935888,2.386201,1.199986,-1.377456e-08,7.070834e-05,2.085823,2.349176,1.199983,-1.946284e-07,3.57973e-06,7.555621e-07,3.51934e-11,7.541686e-07,2.716998e-07,-2.991607e-12,2.718252e-07
0.0004766358,2.97,2.97,1.2,0.4425582,1.935888,2.386201,1.199986,-1.345226e-08,7.07393e-05,2.085823,2.349176,1.199983,-1.931487e-07,3.71967e-06,7.555633e-07,3.531597e-11,7.541686e-07,2.716998e-07,-2.966516e-12,2.718246e-07
0.0004770358,2.97,2.97,1.2,0.443087,1.935888,2.386201,1.199986,-1.314139e-08,7.077014e-05,2.085823,2.349176,1.199983,-1.916768e-07,3.858818e-06,7.555645e-07,3.543787e-11,7.541685e-07,2.716998e-07,-2.941647e-12,2.71824e-07
0.0004774358,2.97,2.97,1.2,0.4436147,1.935888,2.386201,1.199986,-1.283599e-08,7.080087e-05,2.085823,2.349176,1.199983,-1.902184e-07,3.997181e-06,7.555656e-07,3.555933e-11,7.541685e-07,2.716997e-07,-2.917e-12,2.718235e-07
0.0004778358,2.97,2.97,1.2,0.4441413,1.935888,2.386201,1.199986,-1.252366e-08,7.083147e-05,2.085823,2.349176,1.199983,-1.887528e-07,4.134763e-06,7.555668e-07,3.56799e-11,7.541684e-07,2.716997e-07,-2.892353e-12,2.718229e-07
0.0004782358,2.97,2.97,1.2,0.4446669,1.935888,2.386201,1.199986,-1.222668e-08,7.086196e-05,2.085823,2.349176,1.199983,-1.87299e-07,4.271567e-06,7.555679e-07,3.580025e-11,7.541684e-07,2.716997e-07,-2.867928e-12,2.718224e-07
0.0004786358,2.97,2.97,1.2,0.4451917,1.935888,2.386201,1.199986,-1.191553e-08,7.089233e-05,2.085823,2.349176,1.199983,-1.858577e-07,4.407598e-06,7.555691e-07,3.591949e-11,7.541684e-07,2.716997e-07,-2.843281e-12,2.718218e-07
0.0004790358,2.97,2.97,1.2,0.4457157,1.935888,2.386201,1.199986,-1.160732e-08,7.092258e-05,2.085823,2.349176,1.199983,-1.843657e-07,4.542861e-06,7.555702e-07,3.603873e-11,7.541683e-07,2.716997e-07,-2.8193e-12,2.718212e-07
0.0004794358,2.97,2.97,1.2,0.4462389,1.935888,2.386201,1.199986,-1.130589e-08,7.095272e-05,2.085823,2.349176,1.199983,-1.830211e-07,4.67736e-06,7.555713e-07,3.615708e-11,7.541683e-07,2.716997e-07,-2.794875e-12,2.718207e-07
0.0004798358,2.97,2.97,1.2,0.4467615,1.935888,2.386201,1.199986,-1.100093e-08,7.098274e-05,2.085823,2.349176,1.199983,-1.815977e-07,4.8111e-06,7.555724e-07,3.627498e-11,7.541682e-07,2.716996e-07,-2.770673e-12,2.718201e-07
0.0004802358,2.97,2.97,1.2,0.4472834,1.935888,2.386201,1.199986,-1.069013e-08,7.101264e-05,2.085823,2.349176,1.199983,-1.801381e-07,4.944083e-06,7.555736e-07,3.639244e-11,7.541682e-07,2.716996e-07,-2.747136e-12,2.718196e-07
0.0004806358,2.97,2.97,1.2,0.4478048,1.935888,2.386201,1.199986,-1.038938e-08,7.104243e-05,2.085823,2.349176,1.199983,-1.78766e-07,5.076316e-06,7.555747e-07,3.650902e-11,7.541681e-07,2.716996e-07,-2.723377e-12,2.718191e-07
0.0004810358,2.97,2.97,1.2,0.4483257,1.935888,2.386201,1.199986,-1.009294e-08,7.107211e-05,2.085823,2.349176,1.199983,-1.773421e-07,5.207802e-06,7.555758e-07,3.662537e-11,7.541681e-07,2.716996e-07,-2.69984e-12,2.718185e-07
0.0004814358,2.97,2.97,1.2,0.448846,1.935888,2.386201,1.199986,-9.802195e-09,7.110167e-05,2.085823,2.349176,1.199983,-1.760032e-07,5.338545e-06,7.555769e-07,3.674083e-11,7.541681e-07,2.716996e-07,-2.676526e-12,2.71818e-07
0.0004818358,2.97,2.97,1.2,0.449366,1.935888,2.386201,1.199986,-9.491111e-09,7.113112e-05,2.085823,2.349176,1.199983,-1.745913e-07,5.46855e-06,7.55578e-07,3.685585e-11,7.54168e-07,2.716996e-07,-2.653433e-12,2.718174e-07
0.0004822358,2.97,2.97,1.2,0.4498855,1.935888,2.386201,1.199986,-9.199335e-09,7.116045e-05,2.085823,2.349176,1.199983,-1.732232e-07,5.59782e-06,7.555791e-07,3.69702e-11,7.54168e-07,2.716996e-07,-2.629896e-12,2.718169e-07
0.0004826358,2.97,2.97,1.2,0.4504047,1.935888,2.386201,1.199986,-8.904532e-09,7.118967e-05,2.085823,2.349176,1.199983,-1.718593e-07,5.72636e-06,7.555801e-07,3.708411e-11,7.541679e-07,2.716995e-07,-2.607026e-12,2.718164e-07
0.0004830358,2.97,2.97,1.2,0.4509236,1.935888,2.386201,1.199986,-8.606716e-09,7.121878e-05,2.085823,2.349176,1.199983,-1.704899e-07,5.854174e-06,7.555812e-07,3.71978e-11,7.541679e-07,2.716995e-07,-2.584377e-12,2.718159e-07
0.0004834358,2.97,2.97,1.2,0.4514421,1.935888,2.386201,1.199986,-8.308825e-09,7.124778e-05,2.085823,2.349176,1.199983,-1.691417e-07,5.981267e-06,7.555823e-07,3.73106e-11,7.541678e-07,2.716995e-07,-2.561285e-12,2.718153e-07
0.0004838358,2.97,2.97,1.2,0.4519604,1.935888,2.386201,1.199986,-8.024116e-09,7.127666e-05,2.085823,2.349176,1.199983,-1.678187e-07,6.107641e-06,7.555834e-07,3.742295e-11,7.541678e-07,2.716995e-07,-2.538636e-12,2.718148e-07
0.0004842358,2.97,2.97,1.2,0.4524784,1.935888,2.386201,1.199986,-7.736316e-09,7.130544e-05,2.085823,2.349176,1.199983,-1.664696e-07,6.233301e-06,7.555844e-07,3.753442e-11,7.541678e-07,2.716995e-07,-2.516209e-12,2.718143e-07
0.0004846358,2.97,2.97,1.2,0.4529962,1.935888,2.386201,1.199986,-7.441254e-09,7.13341e-05,2.085823,2.349176,1.199983,-1.651187e-07,6.358252e-06,7.555855e-07,3.764589e-11,7.541677e-07,2.716995e-07,-2.493561e-12,2.718138e-07
0.0004850358,2.97,2.97,1.2,0.4535138,1.935888,2.386201,1.199986,-7.150274e-09,7.136266e-05,2.085823,2.349176,1.199983,-1.638268e-07,6.482497e-06,7.555865e-07,3.775669e-11,7.541677e-07,2.716995e-07,-2.471356e-12,2.718133e-07
0.0004854358,2.97,2.97,1.2,0.4540311,1.935888,2.386201,1.199986,-6.864912e-09,7.13911e-05,2.085823,2.349176,1.199983,-1.624739e-07,6.60604e-06,7.555876e-07,3.786682e-11,7.541676e-07,2.716994e-07,-2.449152e-12,2.718128e-07
0.0004858358,2.97,2.97,1.2,0.4545483,1.935888,2.386201,1.199986,-6.574808e-09,7.141943e-05,2.085823,2.349176,1.199983,-1.612049e-07,6.728886e-06,7.555886e-07,3.797651e-11,7.541676e-07,2.716994e-07,-2.427392e-12,2.718123e-07
0.0004862358,2.97,2.97,1.2,0.4550654,1.935888,2.386201,1.199986,-6.291906e-09,7.144766e-05,2.085823,2.349176,1.199983,-1.59905e-07,6.851038e-06,7.555897e-07,3.808531e-11,7.541676e-07,2.716994e-07,-2.405631e-12,2.718118e-07
0.0004866358,2.97,2.97,1.2,0.4555823,1.935888,2.386201,1.199986,-6.015032e-09,7.147577e-05,2.085823,2.349176,1.199983,-1.586266e-07,6.972499e-06,7.555907e-07,3.819411e-11,7.541675e-07,2.716994e-07,-2.383205e-12,2.718113e-07
0.0004870358,2.97,2.97,1.2,0.4560991,1.935888,2.386201,1.199986,-5.723769e-09,7.150378e-05,2.085823,2.349176,1.199983,-1.573593e-07,7.093275e-06,7.555917e-07,3.830181e-11,7.541675e-07,2.716994e-07,-2.361888e-12,2.718108e-07
0.0004874358,2.97,2.97,1.2,0.4566157,1.935888,2.386201,1.199986,-5.447566e-09,7.153168e-05,2.085823,2.349176,1.199983,-1.560538e-07,7.213368e-06,7.555927e-07,3.84095e-11,7.541674e-07,2.716994e-07,-2.340794e-12,2.718103e-07
0.0004878358,2.97,2.97,1.2,0.4571323,1.935888,2.386201,1.199986,-5.164458e-09,7.155948e-05,2.085823,2.349176,1.199983,-1.548128e-07,7.332784e-06,7.555938e-07,3.85163e-11,7.541674e-07,2.716994e-07,-2.319256e-12,2.718098e-07
0.0004882358,2.97,2.97,1.2,0.4576487,1.935888,2.386201,1.199986,-4.88419e-09,7.158716e-05,2.085823,2.349176,1.199983,-1.535561e-07,7.451524e-06,7.555948e-07,3.86231e-11,7.541674e-07,2.716993e-07,-2.29794e-12,2.718093e-07
0.0004886358,2.97,2.97,1.2,0.4581651,1.935888,2.386201,1.199986,-4.599475e-09,7.161474e-05,2.085823,2.349176,1.199983,-1.522767e-07,7.569594e-06,7.555958e-07,3.872902e-11,7.541673e-07,2.716993e-07,-2.276845e-12,2.718088e-07
0.0004890358,2.97,2.97,1.2,0.4586814,1.935888,2.386201,1.199986,-4.320666e-09,7.164221e-05,2.085823,2.349176,1.199983,-1.510702e-07,7.686997e-06,7.555968e-07,3.883427e-11,7.541673e-07,2.716993e-07,-2.255529e-12,2.718084e-07
0.0004894358,2.97,2.97,1.2,0.4591976,1.935888,2.386201,1.199986,-4.048528e-09,7.166958e-05,2.085823,2.349176,1.199983,-1.498164e-07,7.803738e-06,7.555978e-07,3.893952e-11,7.541672e-07,2.716993e-07,-2.234879e-12,2.718079e-07
0.0004898358,2.97,2.97,1.2,0.4597137,1.935888,2.386201,1.199986,-3.765699e-09,7.169684e-05,2.085823,2.349176,1.199983,-1.485887e-07,7.919818e-06,7.555988e-07,3.904388e-11,7.541672e-07,2.716993e-07,-2.214229e-12,2.718074e-07
0.0004902358,2.97,2.97,1.2,0.4602298,1.935888,2.386201,1.199986,-3.491517e-09,7.1724e-05,2.085823,2.349176,1.199983,-1.473388e-07,8.035244e-06,7.555998e-07,3.914802e-11,7.541672e-07,2.716993e-07,-2.193357e-12,2.718069e-07
0.0004906358,2.97,2.97,1.2,0.4607458,1.935888,2.386201,1.199986,-3.219581e-09,7.175105e-05,2.085823,2.349176,1.199983,-1.461593e-07,8.150017e-06,7.556008e-07,3.925149e-11,7.541671e-07,2.716993e-07,-2.172929e-12,2.718065e-07
0.0004910358,2.97,2.97,1.2,0.4612618,1.935888,2.386201,1.199986,-2.94964e-09,7.1778e-05,2.085823,2.349176,1.199983,-1.449001e-07,8.264142e-06,7.556017e-07,3.93543e-11,7.541671e-07,2.716993e-07,-2.1525e-12,2.71806e-07
0.0004914358,2.97,2.97,1.2,0.4617778,1.935888,2.386201,1.199986,-2.675375e-09,7.180485e-05,2.085823,2.349176,1.199983,-1.437051e-07,8.377622e-06,7.556027e-07,3.945688e-11,7.54167e-07,2.716992e-07,-2.13185e-12,2.718055e-07
0.0004918358,2.97,2.97,1.2,0.4622937,1.935888,2.386201,1.199986,-2.404469e-09,7.183159e-05,2.085823,2.349176,1.199983,-1.425337e-07,8.490462e-06,7.556037e-07,3.95588e-11,7.54167e-07,2.716992e-07,-2.111866e-12,2.718051e-07
0.0004922358,2.97,2.97,1.2,0.4628096,1.935888,2.386201,1.199986,-2.142221e-09,7.185823e-05,2.085823,2.349176,1.199983,-1.413331e-07,8.602664e-06,7.556046e-07,3.966028e-11,7.54167e-07,2.716992e-07,-2.091882e-12,2.718046e-07
0.0004926358,2.97,2.97,1.2,0.4633254,1.935888,2.386201,1.199986,-1.871293e-09,7.188477e-05,2.085823,2.349176,1.199983,-1.401836e-07,8.714232e-06,7.556056e-07,3.976108e-11,7.541669e-07,2.716992e-07,-2.071676e-12,2.718042e-07
0.0004930358,2.97,2.97,1.2,0.4638412,1.935888,2.386201,1.199986,-1.600307e-09,7.19112e-05,2.085823,2.349176,1.199983,-1.389834e-07,8.825171e-06,7.556066e-07,3.986167e-11,7.541669e-07,2.716992e-07,-2.052136e-12,2.718037e-07
0.0004934358,2.97,2.97,1.2,0.464357,1.935888,2.386201,1.199986,-1.334505e-09,7.193753e-05,2.085823,2.349176,1.199983,-1.378174e-07,8.935482e-06,7.556075e-07,3.996159e-11,7.541668e-07,2.716992e-07,-2.032374e-12,2.718033e-07
0.0004938358,2.97,2.97,1.2,0.4648728,1.935888,2.386201,1.199986,-1.070365e-09,7.196376e-05,2.085823,2.349176,1.199983,-1.366339e-07,9.045171e-06,7.556085e-07,4.006107e-11,7.541668e-07,2.716992e-07,-2.01239e-12,2.718028e-07
0.0004942358,2.97,2.97,1.2,0.4653886,1.935888,2.386201,1.199986,-8.028725e-10,7.19899e-05,2.085823,2.349176,1.199983,-1.355023e-07,9.15424e-06,7.556094e-07,4.016032e-11,7.541668e-07,2.716991e-07,-1.993294e-12,2.718024e-07
0.0004946358,2.97,2.97,1.2,0.4659043,1.935888,2.386201,1.199986,-5.356954e-10,7.201593e-05,2.085823,2.349176,1.199983,-1.343341e-07,9.262694e-06,7.556103e-07,4.025913e-11,7.541667e-07,2.716991e-07,-1.97331e-12,2.718019e-07
0.0004950358,2.97,2.97,1.2,0.46642,1.935888,2.386201,1.199986,-2.759136e-10,7.204185e-05,2.085823,2.349176,1.199983,-1.33148e-07,9.370534e-06,7.556113e-07,4.035705e-11,7.541667e-07,2.716991e-07,-1.953993e-12,2.718015e-07
0.0004954358,2.97,2.97,1.2,0.4669357,1.935888,2.386201,1.199986,-1.841009e-11,7.206768e-05,2.085823,2.349176,1.199983,-1.320496e-07,9.477766e-06,7.556122e-07,4.045475e-11,7.541666e-07,2.716991e-07,-1.934897e-12,2.71801e-07
0.0004958358,2.97,2.97,1.2,0.4674515,1.935888,2.386201,1.199986,2.477154e-10,7.209342e-05,2.085823,2.349176,1.199983,-1.308753e-07,9.584392e-06,7.556131e-07,4.055178e-11,7.541666e-07,2.716991e-07,-1.916023e-12,2.718006e-07
0.0004962358,2.97,2.97,1.2,0.4679672,1.935888,2.386201,1.199986,5.064908e-10,7.211905e-05,2.085823,2.349176,1.199983,-1.298061e-07,9.690416e-06,7.55614e-07,4.06486e-11,7.541666e-07,2.716991e-07,-1.896927e-12,2.718002e-07
0.0004966358,2.97,2.97,1.2,0.4684829,1.935888,2.386201,1.199986,7.602913e-10,7.214458e-05,2.085823,2.349176,1.199983,-1.286792e-07,9.795841e-06,7.556149e-07,4.074496e-11,7.541665e-07,2.716991e-07,-1.878275e-12,2.717997e-07
0.0004970358,2.97,2.97,1.2,0.4689985,1.935888,2.386201,1.199986,1.011611e-09,7.217001e-05,2.085823,2.349176,1.199983,-1.275648e-07,9.900671e-06,7.556159e-07,4.084066e-11,7.541665e-07,2.716991e-07,-1.859179e-12,2.717993e-07
0.0004974358,2.97,2.97,1.2,0.4695142,1.935888,2.386201,1.199986,1.261952e-09,7.219535e-05,2.085823,2.349176,1.199983,-1.264214e-07,1.000491e-05,7.556168e-07,4.093592e-11,7.541665e-07,2.716991e-07,-1.840528e-12,2.717989e-07
0.0004978358,2.97,2.97,1.2,0.4700299,1.935888,2.386201,1.199986,1.511148e-09,7.222059e-05,2.085823,2.349176,1.199983,-1.253447e-07,1.010856e-05,7.556177e-07,4.103073e-11,7.541664e-07,2.71699e-07,-1.82232e-12,2.717985e-07
0.0004982358,2.97,2.97,1.2,0.4705456,1.935888,2.386201,1.199986,1.762759e-09,7.224573e-05,2.085823,2.349176,1.199983,-1.242753e-07,1.021162e-05,7.556186e-07,4.112533e-11,7.541664e-07,2.71699e-07,-1.803446e-12,2.71798e-07
0.0004986358,2.97,2.97,1.2,0.4710613,1.935888,2.386201,1.199986,2.016144e-09,7.227078e-05,2.085823,2.349176,1.199983,-1.231602e-07,1.03141e-05,7.556194e-07,4.121925e-11,7.541663e-07,2.71699e-07,-1.785239e-12,2.717976e-07
0.0004990358,2.97,2.97,1.2,0.471577,1.935888,2.386201,1.199986,2.260495e-09,7.229573e-05,2.085823,2.349176,1.199983,-1.22085e-07,1.041601e-05,7.556203e-07,4.131295e-11,7.541663e-07,2.71699e-07,-1.767031e-12,2.717972e-07
0.0004994358,2.97,2.97,1.2,0.4720926,1.935888,2.386201,1.199986,2.507251e-09,7.232058e-05,2.085823,2.349176,1.199983,-1.209687e-07,1.051733e-05,7.556212e-07,4.140599e-11,7.541663e-07,2.71699e-07,-1.748823e-12,2.717968e-07
0.0004998358,2.97,2.97,1.2,0.4726083,1.935888,2.386201,1.199986,2.750306e-09,7.234534e-05,2.085823,2.349176,1.199983,-1.199182e-07,1.061809e-05,7.556221e-07,4.149858e-11,7.541662e-07,2.71699e-07,-1.730838e-12,2.717964e-07
0.0005002358,2.97,2.97,1.2,0.473124,1.935888,2.386201,1.199986,2.993736e-09,7.237e-05,2.085823,2.349176,1.199983,-1.188792e-07,1.071827e-05,7.55623e-07,4.159073e-11,7.541662e-07,2.71699e-07,-1.712852e-12,2.71796e-07
0.0005006358,2.97,2.97,1.2,0.4736397,1.935888,2.386201,1.199986,3.2359e-09,7.239457e-05,2.085823,2.349176,1.199983,-1.178144e-07,1.081789e-05,7.556238e-07,4.168244e-11,7.541662e-07,2.71699e-07,-1.695311e-12,2.717956e-07
0.0005010358,2.97,2.97,1.2,0.4741554,1.935888,2.386201,1.199986,3.483126e-09,7.241904e-05,2.085823,2.349176,1.199983,-1.167847e-07,1.091695e-05,7.556247e-07,4.17737e-11,7.541661e-07,2.716989e-07,-1.677325e-12,2.717952e-07
0.0005014358,2.97,2.97,1.2,0.4746711,1.935888,2.386201,1.199986,3.723148e-09,7.244342e-05,2.085823,2.349176,1.199983,-1.156867e-07,1.101545e-05,7.556256e-07,4.186429e-11,7.541661e-07,2.716989e-07,-1.659561e-12,2.717948e-07
0.0005018358,2.97,2.97,1.2,0.4751868,1.935888,2.386201,1.199986,3.964709e-09,7.24677e-05,2.085823,2.349176,1.199983,-1.146516e-07,1.111339e-05,7.556264e-07,4.195466e-11,7.54166e-07,2.716989e-07,-1.642464e-12,2.717944e-07
0.0005022358,2.97,2.97,1.2,0.4757024,1.935888,2.386201,1.199986,4.209562e-09,7.24919e-05,2.085823,2.349176,1.199983,-1.136428e-07,1.121078e-05,7.556273e-07,4.204481e-11,7.54166e-07,2.716989e-07,-1.6247e-12,2.71794e-07
0.0005026358,2.97,2.97,1.2,0.4762181,1.935888,2.386201,1.199986,4.449427e-09,7.251599e-05,2.085823,2.349176,1.199983,-1.126412e-07,1.130762e-05,7.556281e-07,4.21343e-11,7.54166e-07,2.716989e-07,-1.607381e-12,2.717936e-07
0.0005030358,2.97,2.97,1.2,0.4767339,1.935888,2.386201,1.199986,4.680548e-09,7.254e-05,2.085823,2.349176,1.199983,-1.115984e-07,1.140391e-05,7.55629e-07,4.222356e-11,7.541659e-07,2.716989e-07,-1.590283e-12,2.717932e-07
0.0005034358,2.97,2.97,1.2,0.4772496,1.935888,2.386201,1.199986,4.920463e-09,7.256391e-05,2.085823,2.349176,1.199983,-1.105341e-07,1.149966e-05,7.556298e-07,4.231238e-11,7.541659e-07,2.716989e-07,-1.573408e-12,2.717928e-07
0.0005038358,2.97,2.97,1.2,0.4777653,1.935888,2.386201,1.199986,5.158587e-09,7.258774e-05,2.085823,2.349176,1.199983,-1.095775e-07,1.159487e-05,7.556306e-07,4.240053e-11,7.541659e-07,2.716989e-07,-1.556089e-12,2.717924e-07
0.0005042358,2.97,2.97,1.2,0.478281,1.935888,2.386201,1.199986,5.395289e-09,7.261146e-05,2.085823,2.349176,1.199983,-1.085552e-07,1.168953e-05,7.556315e-07,4.248824e-11,7.541658e-07,2.716989e-07,-1.538991e-12,2.71792e-07
0.0005046358,2.97,2.97,1.2,0.4787967,1.935888,2.386201,1.199986,5.624817e-09,7.26351e-05,2.085823,2.349176,1.199983,-1.075692e-07,1.178367e-05,7.556323e-07,4.25755e-11,7.541658e-07,2.716988e-07,-1.52256e-12,2.717916e-07
0.0005050358,2.97,2.97,1.2,0.4793124,1.935888,2.386201,1.199986,5.865308e-09,7.265865e-05,2.085823,2.349176,1.199983,-1.065635e-07,1.187727e-05,7.556331e-07,4.266276e-11,7.541658e-07,2.716988e-07,-1.505462e-12,2.717912e-07
0.0005054358,2.97,2.97,1.2,0.4798282,1.935888,2.386201,1.199986,6.102093e-09,7.268211e-05,2.085823,2.349176,1.199983,-1.056048e-07,1.197035e-05,7.556339e-07,4.274936e-11,7.541657e-07,2.716988e-07,-1.489253e-12,2.717909e-07
0.0005058358,2.97,2.97,1.2,0.4803439,1.935888,2.386201,1.199986,6.328758e-09,7.270547e-05,2.085823,2.349176,1.199983,-1.045926e-07,1.20629e-05,7.556348e-07,4.283529e-11,7.541657e-07,2.716988e-07,-1.472378e-12,2.717905e-07
0.0005062358,2.97,2.97,1.2,0.4808597,1.935888,2.386201,1.199986,6.557487e-09,7.272875e-05,2.085823,2.349176,1.199983,-1.036149e-07,1.215492e-05,7.556356e-07,4.2921e-11,7.541657e-07,2.716988e-07,-1.455946e-12,2.717901e-07
0.0005066358,2.97,2.97,1.2,0.4813754,1.935888,2.386201,1.199986,6.790007e-09,7.275194e-05,2.085823,2.349176,1.199983,-1.026611e-07,1.224643e-05,7.556364e-07,4.300649e-11,7.541656e-07,2.716988e-07,-1.439737e-12,2.717897e-07
0.0005070358,2.97,2.97,1.2,0.4818912,1.935888,2.386201,1.199986,7.019173e-09,7.277504e-05,2.085823,2.349176,1.199983,-1.016772e-07,1.233742e-05,7.556372e-07,4.309131e-11,7.541656e-07,2.716988e-07,-1.423084e-12,2.717894e-07
0.0005074358,2.97,2.97,1.2,0.4824069,1.935888,2.386201,1.199986,7.24306e-09,7.279804e-05,2.085823,2.349176,1.199983,-1.006761e-07,1.24279e-05,7.55638e-07,4.317569e-11,7.541655e-07,2.716988e-07,-1.407319e-12,2.71789e-07
0.0005078358,2.97,2.97,1.2,0.4829227,1.935888,2.386201,1.199986,7.478082e-09,7.282096e-05,2.085823,2.349176,1.199983,-9.975688e-08,1.251786e-05,7.556388e-07,4.325984e-11,7.541655e-07,2.716988e-07,-1.391109e-12,2.717886e-07
0.0005082358,2.97,2.97,1.2,0.4834384,1.935888,2.386201,1.199986,7.705884e-09,7.28438e-05,2.085823,2.349176,1.199983,-9.885986e-08,1.260732e-05,7.556396e-07,4.334355e-11,7.541655e-07,2.716987e-07,-1.375344e-12,2.717883e-07
0.0005086358,2.97,2.97,1.2,0.4839542,1.935888,2.386201,1.199986,7.928709e-09,7.286654e-05,2.085823,2.349176,1.199983,-9.791908e-08,1.269627e-05,7.556404e-07,4.342704e-11,7.541654e-07,2.716987e-07,-1.359579e-12,2.717879e-07
0.0005090358,2.97,2.97,1.2,0.48447,1.935888,2.386201,1.199986,8.154465e-09,7.28892e-05,2.085823,2.349176,1.199983,-9.698067e-08,1.278472e-05,7.556412e-07,4.350986e-11,7.541654e-07,2.716987e-07,-1.343592e-12,2.717875e-07
0.0005094358,2.97,2.97,1.2,0.4849858,1.935888,2.386201,1.199986,8.380217e-09,7.291177e-05,2.085823,2.349176,1.199983,-9.601004e-08,1.287267e-05,7.556419e-07,4.359246e-11,7.541654e-07,2.716987e-07,-1.327605e-12,2.717872e-07
0.0005098358,2.97,2.97,1.2,0.4855016,1.935888,2.386201,1.199986,8.601963e-09,7.293425e-05,2.085823,2.349176,1.199983,-9.511639e-08,1.296012e-05,7.556427e-07,4.36744e-11,7.541653e-07,2.716987e-07,-1.312062e-12,2.717868e-07
0.0005102358,2.97,2.97,1.2,0.4860174,1.935888,2.386201,1.199986,8.827232e-09,7.295665e-05,2.085823,2.349176,1.199983,-9.414265e-08,1.304708e-05,7.556435e-07,4.375589e-11,7.541653e-07,2.716987e-07,-1.29674e-12,2.717865e-07
0.0005106358,2.97,2.97,1.2,0.4865332,1.935888,2.386201,1.199986,9.052084e-09,7.297896e-05,2.085823,2.349176,1.199983,-9.32241e-08,1.313355e-05,7.556443e-07,4.383738e-11,7.541653e-07,2.716987e-07,-1.281197e-12,2.717861e-07
0.0005110358,2.97,2.97,1.2,0.487049,1.935888,2.386201,1.199986,9.267776e-09,7.300118e-05,2.085823,2.349176,1.199983,-9.235325e-08,1.321953e-05,7.55645e-07,4.391842e-11,7.541652e-07,2.716987e-07,-1.265654e-12,2.717858e-07
0.0005114358,2.97,2.97,1.2,0.4875648,1.935888,2.386201,1.199986,9.488419e-09,7.302332e-05,2.085823,2.349176,1.199983,-9.137692e-08,1.330503e-05,7.556458e-07,4.39988e-11,7.541652e-07,2.716987e-07,-1.250555e-12,2.717854e-07
0.0005118358,2.97,2.97,1.2,0.4880806,1.935888,2.386201,1.199986,9.708081e-09,7.304537e-05,2.085823,2.349176,1.199983,-9.053532e-08,1.339004e-05,7.556465e-07,4.407918e-11,7.541652e-07,2.716987e-07,-1.235234e-12,2.717851e-07
0.0005122358,2.97,2.97,1.2,0.4885964,1.935888,2.386201,1.199986,9.925715e-09,7.306734e-05,2.085823,2.349176,1.199983,-8.963232e-08,1.347457e-05,7.556473e-07,4.415868e-11,7.541651e-07,2.716986e-07,-1.220135e-12,2.717847e-07
0.0005126358,2.97,2.97,1.2,0.4891123,1.935888,2.386201,1.199986,1.014382e-08,7.308923e-05,2.085823,2.349176,1.199983,-8.870898e-08,1.355862e-05,7.55648e-07,4.423772e-11,7.541651e-07,2.716986e-07,-1.205036e-12,2.717844e-07
0.0005130358,2.97,2.97,1.2,0.4896281,1.935888,2.386201,1.199986,1.0354e-08,7.311103e-05,2.085823,2.349176,1.199983,-8.782528e-08,1.36422e-05,7.556488e-07,4.431699e-11,7.541651e-07,2.716986e-07,-1.190381e-12,2.71784e-07
0.0005134358,2.97,2.97,1.2,0.4901439,1.935888,2.386201,1.199986,1.058026e-08,7.313274e-05,2.085823,2.349176,1.199983,-8.69437e-08,1.372531e-05,7.556495e-07,4.439538e-11,7.54165e-07,2.716986e-07,-1.175282e-12,2.717837e-07
0.0005138358,2.97,2.97,1.2,0.4906598,1.935888,2.386201,1.199986,1.079527e-08,7.315438e-05,2.085823,2.349176,1.199983,-8.605855e-08,1.380795e-05,7.556503e-07,4.447354e-11,7.54165e-07,2.716986e-07,-1.160627e-12,2.717834e-07
0.0005142358,2.97,2.97,1.2,0.4911756,1.935888,2.386201,1.199986,1.100909e-08,7.317593e-05,2.085823,2.349176,1.199983,-8.522434e-08,1.389012e-05,7.55651e-07,4.455147e-11,7.54165e-07,2.716986e-07,-1.14575e-12,2.71783e-07
0.0005146358,2.97,2.97,1.2,0.4916915,1.935888,2.386201,1.199986,1.121556e-08,7.319739e-05,2.085823,2.349176,1.199983,-8.435406e-08,1.397183e-05,7.556517e-07,4.462897e-11,7.541649e-07,2.716986e-07,-1.131317e-12,2.717827e-07
0.0005150358,2.97,2.97,1.2,0.4922074,1.935888,2.386201,1.199986,1.143765e-08,7.321878e-05,2.085823,2.349176,1.199983,-8.351676e-08,1.405308e-05,7.556525e-07,4.470602e-11,7.541649e-07,2.716986e-07,-1.116884e-12,2.717824e-07
0.0005154358,2.97,2.97,1.2,0.4927232,1.935888,2.386201,1.199986,1.165122e-08,7.324008e-05,2.085823,2.349176,1.199983,-8.264693e-08,1.413386e-05,7.556532e-07,4.478284e-11,7.541649e-07,2.716986e-07,-1.102451e-12,2.71782e-07
0.0005158358,2.97,2.97,1.2,0.4932391,1.935888,2.386201,1.199986,1.185904e-08,7.32613e-05,2.085823,2.349176,1.199983,-8.177678e-08,1.42142e-05,7.556539e-07,4.485945e-11,7.541648e-07,2.716986e-07,-1.088019e-12,2.717817e-07
0.0005162358,2.97,2.97,1.2,0.493755,1.935888,2.386201,1.199986,1.206469e-08,7.328244e-05,2.085823,2.349176,1.199983,-8.090773e-08,1.429407e-05,7.556546e-07,4.493517e-11,7.541648e-07,2.716986e-07,-1.07403e-12,2.717814e-07
0.0005166358,2.97,2.97,1.2,0.4942708,1.935888,2.386201,1.199986,1.227212e-08,7.330349e-05,2.085823,2.349176,1.199983,-8.006981e-08,1.43735e-05,7.556554e-07,4.501066e-11,7.541648e-07,2.716985e-07,-1.059597e-12,2.717811e-07
0.0005170358,2.97,2.97,1.2,0.4947867,1.935888,2.386201,1.199986,1.249007e-08,7.332447e-05,2.085823,2.349176,1.199983,-7.917961e-08,1.445248e-05,7.556561e-07,4.508616e-11,7.541647e-07,2.716986e-07,-1.045386e-12,2.717808e-07
0.0005174358,2.97,2.97,1.2,0.4953026,1.935888,2.386201,1.199986,1.26882e-08,7.334536e-05,2.085823,2.349176,1.199983,-7.843575e-08,1.453101e-05,7.556568e-07,4.516099e-11,7.541647e-07,2.716985e-07,-1.031619e-12,2.717804e-07
0.0005178358,2.97,2.97,1.2,0.4958185,1.935888,2.386201,1.199986,1.290049e-08,7.336618e-05,2.085823,2.349176,1.199983,-7.760482e-08,1.46091e-05,7.556575e-07,4.523559e-11,7.541647e-07,2.716985e-07,-1.01763e-12,2.717801e-07
0.0005182358,2.97,2.97,1.2,0.4963344,1.935888,2.386201,1.199986,1.310961e-08,7.338691e-05,2.085823,2.349176,1.199983,-7.675165e-08,1.468675e-05,7.556582e-07,4.530976e-11,7.541646e-07,2.716985e-07,-1.00342e-12,2.717798e-07
0.0005186358,2.97,2.97,1.2,0.4968503,1.935888,2.386201,1.199986,1.331706e-08,7.340757e-05,2.085823,2.349176,1.199983,-7.592565e-08,1.476396e-05,7.556589e-07,4.538347e-11,7.541646e-07,2.716985e-07,-9.896528e-13,2.717795e-07
0.0005190358,2.97,2.97,1.2,0.4973662,1.935888,2.386201,1.199986,1.351703e-08,7.342814e-05,2.085823,2.349176,1.199983,-7.508057e-08,1.484073e-05,7.556596e-07,4.545697e-11,7.541646e-07,2.716985e-07,-9.75886e-13,2.717792e-07
0.0005194358,2.97,2.97,1.2,0.4978821,1.935888,2.386201,1.199986,1.371897e-08,7.344864e-05,2.085823,2.349176,1.199983,-7.431005e-08,1.491707e-05,7.556603e-07,4.553025e-11,7.541645e-07,2.716985e-07,-9.625634e-13,2.717789e-07
0.0005198358,2.97,2.97,1.2,0.4983981,1.935888,2.386201,1.199986,1.39219e-08,7.346906e-05,2.085823,2.349176,1.199983,-7.350833e-08,1.499298e-05,7.556609e-07,4.560285e-11,7.541645e-07,2.716985e-07,-9.487966e-13,2.717785e-07
0.0005202358,2.97,2.97,1.2,0.498914,1.935888,2.386201,1.199986,1.412886e-08,7.348939e-05,2.085823,2.349176,1.199983,-7.269104e-08,1.506846e-05,7.556616e-07,4.567524e-11,7.541645e-07,2.716985e-07,-9.352519e-13,2.717782e-07
0.0005206358,2.97,2.97,1.2,0.4994299,1.935888,2.386201,1.199986,1.432456e-08,7.350966e-05,2.085823,2.349176,1.199983,-7.191318e-08,1.514351e-05,7.556623e-07,4.574741e-11,7.541644e-07,2.716985e-07,-9.223733e-13,2.717779e-07
0.0005210358,2.97,2.97,1.2,0.4999458,1.935888,2.386201,1.199986,1.452515e-08,7.352984e-05,2.085823,2.349176,1.199983,-7.109894e-08,1.521814e-05,7.55663e-07,4.581913e-11,7.541644e-07,2.716984e-07,-9.092727e-13,2.717776e-07
0.0005214358,2.97,2.97,1.2,0.5004618,1.935888,2.386201,1.199986,1.473076e-08,7.354994e-05,2.085823,2.349176,1.199983,-7.034688e-08,1.529235e-05,7.556637e-07,4.58904e-11,7.541644e-07,2.716984e-07,-8.957279e-13,2.717773e-07
0.0005218358,2.97,2.97,1.2,0.5009777,1.935888,2.386201,1.199986,1.493389e-08,7.356997e-05,2.085823,2.349176,1.199983,-6.956238e-08,1.536614e-05,7.556643e-07,4.596146e-11,7.541643e-07,2.716984e-07,-8.828493e-13,2.71777e-07
0.0005222358,2.97,2.97,1.2,0.5014937,1.935888,2.386201,1.199986,1.513006e-08,7.358992e-05,2.085823,2.349176,1.199983,-6.876881e-08,1.543951e-05,7.55665e-07,4.603229e-11,7.541643e-07,2.716984e-07,-8.697487e-13,2.717767e-07
0.0005226358,2.97,2.97,1.2,0.5020096,1.935888,2.386201,1.199986,1.531777e-08,7.360979e-05,2.085823,2.349176,1.199983,-6.800103e-08,1.551247e-05,7.556657e-07,4.610268e-11,7.541643e-07,2.716984e-07,-8.56426e-13,2.717764e-07
0.0005230358,2.97,2.97,1.2,0.5025256,1.935888,2.386201,1.199986,1.552484e-08,7.362959e-05,2.085823,2.349176,1.199983,-6.717853e-08,1.558502e-05,7.556663e-07,4.617262e-11,7.541642e-07,2.716984e-07,-8.437695e-13,2.717761e-07
0.0005234358,2.97,2.97,1.2,0.5030415,1.935888,2.386201,1.199986,1.571679e-08,7.364931e-05,2.085823,2.349176,1.199983,-6.64457e-08,1.565715e-05,7.55667e-07,4.624234e-11,7.541642e-07,2.716984e-07,-8.31113e-13,2.717758e-07
0.0005238358,2.97,2.97,1.2,0.5035575,1.935888,2.386201,1.199986,1.592032e-08,7.366896e-05,2.085823,2.349176,1.199983,-6.570901e-08,1.572888e-05,7.556676e-07,4.631162e-11,7.541642e-07,2.716984e-07,-8.180123e-13,2.717756e-07
0.0005242358,2.97,2.97,1.2,0.5040734,1.935888,2.386201,1.199986,1.611091e-08,7.368853e-05,2.085823,2.349176,1.199983,-6.493016e-08,1.580021e-05,7.556683e-07,4.638068e-11,7.541641e-07,2.716984e-07,-8.049117e-13,2.717753e-07
0.0005246358,2.97,2.97,1.2,0.5045894,1.935888,2.386201,1.199986,1.63024e-08,7.370802e-05,2.085823,2.349176,1.199983,-6.417077e-08,1.587113e-05,7.556689e-07,4.644929e-11,7.541641e-07,2.716984e-07,-7.926992e-13,2.71775e-07
0.0005250358,2.97,2.97,1.2,0.5051054,1.935888,2.386201,1.199986,1.649894e-08,7.372744e-05,2.085823,2.349176,1.199983,-6.341091e-08,1.594165e-05,7.556696e-07,4.651768e-11,7.541641e-07,2.716984e-07,-7.800427e-13,2.717747e-07
0.0005254358,2.97,2.97,1.2,0.5056214,1.935888,2.386201,1.199986,1.669437e-08,7.374679e-05,2.085823,2.349176,1.199983,-6.271317e-08,1.601177e-05,7.556702e-07,4.658562e-11,7.54164e-07,2.716984e-07,-7.676082e-13,2.717744e-07
0.0005258358,2.97,2.97,1.2,0.5061373,1.935888,2.386201,1.199986,1.68832e-08,7.376606e-05,2.085823,2.349176,1.199983,-6.193353e-08,1.60815e-05,7.556709e-07,4.665335e-11,7.54164e-07,2.716984e-07,-7.553957e-13,2.717741e-07
0.0005262358,2.97,2.97,1.2,0.5066533,1.935888,2.386201,1.199986,1.707217e-08,7.378525e-05,2.085823,2.349176,1.199983,-6.119553e-08,1.615083e-05,7.556715e-07,4.672085e-11,7.54164e-07,2.716983e-07,-7.429612e-13,2.717738e-07
0.0005266358,2.97,2.97,1.2,0.5071693,1.935888,2.386201,1.199986,1.726666e-08,7.380437e-05,2.085823,2.349176,1.199983,-6.049923e-08,1.621978e-05,7.556721e-07,4.678791e-11,7.541639e-07,2.716983e-07,-7.307488e-13,2.717736e-07
0.0005270358,2.97,2.97,1.2,0.5076853,1.935888,2.386201,1.199986,1.744764e-08,7.382342e-05,2.085823,2.349176,1.199983,-5.97387e-08,1.628833e-05,7.556728e-07,4.685474e-11,7.541639e-07,2.716983e-07,-7.183143e-13,2.717733e-07
0.0005274358,2.97,2.97,1.2,0.5082013,1.935888,2.386201,1.199986,1.764272e-08,7.38424e-05,2.085823,2.349176,1.199983,-5.90163e-08,1.635649e-05,7.556734e-07,4.692091e-11,7.541639e-07,2.716983e-07,-7.063239e-13,2.71773e-07
0.0005278358,2.97,2.97,1.2,0.5087173,1.935888,2.386201,1.199986,1.782914e-08,7.38613e-05,2.085823,2.349176,1.199983,-5.827595e-08,1.642428e-05,7.55674e-07,4.698686e-11,7.541639e-07,2.716983e-07,-6.938894e-13,2.717727e-07
0.0005282358,2.97,2.97,1.2,0.5092333,1.935888,2.386201,1.199986,1.801397e-08,7.388013e-05,2.085823,2.349176,1.199983,-5.758711e-08,1.649167e-05,7.556746e-07,4.705258e-11,7.541638e-07,2.716983e-07,-6.82121e-13,2.717725e-07
0.0005286358,2.97,2.97,1.2,0.5097493,1.935888,2.386201,1.199986,1.820502e-08,7.389889e-05,2.085823,2.349176,1.199983,-5.691354e-08,1.655869e-05,7.556752e-07,4.711787e-11,7.541638e-07,2.716983e-07,-6.701306e-13,2.717722e-07
0.0005290358,2.97,2.97,1.2,0.5102653,1.935888,2.386201,1.199986,1.839238e-08,7.391757e-05,2.085823,2.349176,1.199983,-5.619363e-08,1.662533e-05,7.556758e-07,4.718292e-11,7.541638e-07,2.716983e-07,-6.583623e-13,2.717719e-07
0.0005294358,2.97,2.97,1.2,0.5107813,1.935888,2.386201,1.199986,1.857892e-08,7.393618e-05,2.085823,2.349176,1.199983,-5.54351e-08,1.669159e-05,7.556765e-07,4.724776e-11,7.541637e-07,2.716983e-07,-6.463718e-13,2.717717e-07
0.0005298358,2.97,2.97,1.2,0.5112974,1.935888,2.386201,1.199986,1.87649e-08,7.395473e-05,2.085823,2.349176,1.199983,-5.476723e-08,1.675748e-05,7.556771e-07,4.731238e-11,7.541637e-07,2.716983e-07,-6.346035e-13,2.717714e-07
0.0005302358,2.97,2.97,1.2,0.5118134,1.935888,2.386201,1.199986,1.895483e-08,7.39732e-05,2.085823,2.349176,1.199983,-5.404783e-08,1.6823e-05,7.556777e-07,4.737655e-11,7.541637e-07,2.716983e-07,-6.228351e-13,2.717711e-07
0.0005306358,2.97,2.97,1.2,0.5123294,1.935888,2.386201,1.199986,1.913309e-08,7.399159e-05,2.085823,2.349176,1.199983,-5.337363e-08,1.688814e-05,7.556783e-07,4.744027e-11,7.541636e-07,2.716983e-07,-6.115108e-13,2.717709e-07
0.0005310358,2.97,2.97,1.2,0.5128454,1.935888,2.386201,1.199986,1.932084e-08,7.400992e-05,2.085823,2.349176,1.199983,-5.269938e-08,1.695292e-05,7.556789e-07,4.7504e-11,7.541636e-07,2.716983e-07,-5.999645e-13,2.717706e-07
0.0005314358,2.97,2.97,1.2,0.5133615,1.935888,2.386201,1.199986,1.949368e-08,7.402818e-05,2.085823,2.349176,1.199983,-5.199699e-08,1.701733e-05,7.556795e-07,4.756706e-11,7.541636e-07,2.716982e-07,-5.881962e-13,2.717703e-07
0.0005318358,2.97,2.97,1.2,0.5138775,1.935888,2.386201,1.199986,1.967871e-08,7.404637e-05,2.085823,2.349176,1.199983,-5.137156e-08,1.708138e-05,7.556801e-07,4.763012e-11,7.541636e-07,2.716982e-07,-5.770939e-13,2.717701e-07
0.0005322358,2.97,2.97,1.2,0.5143935,1.935888,2.386201,1.199986,1.985837e-08,7.406449e-05,2.085823,2.349176,1.199983,-5.068076e-08,1.714507e-05,7.556807e-07,4.769296e-11,7.541635e-07,2.716982e-07,-5.657697e-13,2.717698e-07
0.0005326358,2.97,2.97,1.2,0.5149096,1.935888,2.386201,1.199986,2.003735e-08,7.408253e-05,2.085823,2.349176,1.199983,-4.999178e-08,1.72084e-05,7.556812e-07,4.775536e-11,7.541635e-07,2.716982e-07,-5.540013e-13,2.717696e-07
0.0005330358,2.97,2.97,1.2,0.5154256,1.935888,2.386201,1.199986,2.021651e-08,7.410051e-05,2.085823,2.349176,1.199983,-4.932235e-08,1.727137e-05,7.556818e-07,4.781731e-11,7.541635e-07,2.716982e-07,-5.431211e-13,2.717693e-07
0.0005334358,2.97,2.97,1.2,0.5159417,1.935888,2.386201,1.199986,2.039953e-08,7.411842e-05,2.085823,2.349176,1.199983,-4.862195e-08,1.733398e-05,7.556824e-07,4.787903e-11,7.541634e-07,2.716982e-07,-5.317968e-13,2.717691e-07
0.0005338358,2.97,2.97,1.2,0.5164577,1.935888,2.386201,1.199986,2.056697e-08,7.413626e-05,2.085823,2.349176,1.199983,-4.803258e-08,1.739624e-05,7.55683e-07,4.794054e-11,7.541634e-07,2.716982e-07,-5.209166e-13,2.717688e-07
0.0005342358,2.97,2.97,1.2,0.5169738,1.935888,2.386201,1.199986,2.074945e-08,7.415403e-05,2.085823,2.349176,1.199983,-4.73264e-08,1.745815e-05,7.556836e-07,4.80016e-11,7.541634e-07,2.716982e-07,-5.095924e-13,2.717685e-07
0.0005346358,2.97,2.97,1.2,0.5174899,1.935888,2.386201,1.199986,2.092772e-08,7.417174e-05,2.085823,2.349176,1.199983,-4.667849e-08,1.751971e-05,7.556841e-07,4.806244e-11,7.541633e-07,2.716982e-07,-4.987122e-13,2.717683e-07
0.0005350358,2.97,2.97,1.2,0.5180059,1.935888,2.386201,1.199986,2.109622e-08,7.418937e-05,2.085823,2.349176,1.199983,-4.604283e-08,1.758093e-05,7.556847e-07,4.812328e-11,7.541633e-07,2.716982e-07,-4.87832e-13,2.71768e-07
0.0005354358,2.97,2.97,1.2,0.518522,1.935888,2.386201,1.199986,2.127567e-08,7.420694e-05,2.085823,2.349176,1.199983,-4.541954e-08,1.764179e-05,7.556853e-07,4.818324e-11,7.541633e-07,2.716982e-07,-4.769518e-13,2.717678e-07
0.0005358358,2.97,2.97,1.2,0.519038,1.935888,2.386201,1.199986,2.144199e-08,7.422444e-05,2.085823,2.349176,1.199983,-4.475027e-08,1.770232e-05,7.556858e-07,4.824341e-11,7.541633e-07,2.716982e-07,-4.662937e-13,2.717676e-07
0.0005362358,2.97,2.97,1.2,0.5195541,1.935888,2.386201,1.199986,2.1623e-08,7.424187e-05,2.085823,2.349176,1.199983,-4.411434e-08,1.77625e-05,7.556864e-07,4.830292e-11,7.541632e-07,2.716982e-07,-4.551914e-13,2.717673e-07
0.0005366358,2.97,2.97,1.2,0.5200702,1.935888,2.386201,1.199986,2.180371e-08,7.425924e-05,2.085823,2.349176,1.199983,-4.347485e-08,1.782234e-05,7.55687e-07,4.836265e-11,7.541632e-07,2.716981e-07,-4.447553e-13,2.717671e-07
0.0005370358,2.97,2.97,1.2,0.5205863,1.935888,2.386201,1.199986,2.196438e-08,7.427653e-05,2.085823,2.349176,1.199983,-4.286627e-08,1.788184e-05,7.556875e-07,4.842171e-11,7.541632e-07,2.716981e-07,-4.340972e-13,2.717668e-07
0.0005374358,2.97,2.97,1.2,0.5211023,1.935888,2.386201,1.199986,2.213394e-08,7.429377e-05,2.085823,2.349176,1.199983,-4.224231e-08,1.794101e-05,7.556881e-07,4.848055e-11,7.541631e-07,2.716981e-07,-4.236611e-13,2.717666e-07
0.0005378358,2.97,2.97,1.2,0.5216184,1.935888,2.386201,1.199986,2.23112e-08,7.431093e-05,2.085823,2.349176,1.199983,-4.159664e-08,1.799984e-05,7.556886e-07,4.853917e-11,7.541631e-07,2.716981e-07,-4.134471e-13,2.717663e-07
0.0005382358,2.97,2.97,1.2,0.5221345,1.935888,2.386201,1.199986,2.248402e-08,7.432803e-05,2.085823,2.349176,1.199983,-4.097211e-08,1.805835e-05,7.556892e-07,4.859757e-11,7.541631e-07,2.716981e-07,-4.03011e-13,2.717661e-07
0.0005386358,2.97,2.97,1.2,0.5226506,1.935888,2.386201,1.199986,2.265368e-08,7.434507e-05,2.085823,2.349176,1.199983,-4.035738e-08,1.811652e-05,7.556897e-07,4.86553e-11,7.541631e-07,2.716981e-07,-3.925749e-13,2.717659e-07
0.0005390358,2.97,2.97,1.2,0.5231667,1.935888,2.386201,1.199986,2.282104e-08,7.436203e-05,2.085823,2.349176,1.199983,-3.970841e-08,1.817436e-05,7.556902e-07,4.871326e-11,7.54163e-07,2.716981e-07,-3.825829e-13,2.717656e-07
0.0005394358,2.97,2.97,1.2,0.5236828,1.935888,2.386201,1.199986,2.299542e-08,7.437894e-05,2.085823,2.349176,1.199983,-3.912653e-08,1.823187e-05,7.556908e-07,4.877054e-11,7.54163e-07,2.716981e-07,-3.721468e-13,2.717654e-07
0.0005398358,2.97,2.97,1.2,0.5241989,1.935888,2.386201,1.199986,2.315824e-08,7.439577e-05,2.085823,2.349176,1.199983,-3.854088e-08,1.828907e-05,7.556913e-07,4.882761e-11,7.54163e-07,2.716981e-07,-3.621548e-13,2.717652e-07
0.0005402358,2.97,2.97,1.2,0.524715,1.935888,2.386201,1.199986,2.33315e-08,7.441255e-05,2.085823,2.349176,1.199983,-3.791977e-08,1.834593e-05,7.556919e-07,4.888445e-11,7.541629e-07,2.716981e-07,-3.519407e-13,2.71765e-07
0.0005406358,2.97,2.97,1.2,0.5252311,1.935888,2.386201,1.199986,2.349959e-08,7.442926e-05,2.085823,2.349176,1.199983,-3.731948e-08,1.840248e-05,7.556924e-07,4.89413e-11,7.541629e-07,2.716981e-07,-3.417266e-13,2.717647e-07
0.0005410358,2.97,2.97,1.2,0.5257472,1.935888,2.386201,1.199986,2.366938e-08,7.44459e-05,2.085823,2.349176,1.199983,-3.67576e-08,1.845871e-05,7.556929e-07,4.899769e-11,7.541629e-07,2.716981e-07,-3.317346e-13,2.717645e-07
0.0005414358,2.97,2.97,1.2,0.5262633,1.935888,2.386201,1.199986,2.383617e-08,7.446248e-05,2.085823,2.349176,1.199983,-3.609567e-08,1.851462e-05,7.556934e-07,4.905387e-11,7.541629e-07,2.716981e-07,-3.217426e-13,2.717643e-07
0.0005418358,2.97,2.97,1.2,0.5267794,1.935888,2.386201,1.199986,2.398828e-08,7.4479e-05,2.085823,2.349176,1.199983,-3.551383e-08,1.857021e-05,7.55694e-07,4.910938e-11,7.541628e-07,2.716981e-07,-3.117506e-13,2.71764e-07
0.0005422358,2.97,2.97,1.2,0.5272955,1.935888,2.386201,1.199986,2.413961e-08,7.449545e-05,2.085823,2.349176,1.199983,-3.492258e-08,1.862549e-05,7.556945e-07,4.916512e-11,7.541628e-07,2.716981e-07,-3.019807e-13,2.717638e-07
0.0005426358,2.97,2.97,1.2,0.5278116,1.935888,2.386201,1.199986,2.432478e-08,7.451184e-05,2.085823,2.349176,1.199983,-3.437319e-08,1.868046e-05,7.55695e-07,4.922018e-11,7.541628e-07,2.71698e-07,-2.922107e-13,2.717636e-07
0.0005430358,2.97,2.97,1.2,0.5283277,1.935888,2.386201,1.199986,2.448671e-08,7.452817e-05,2.085823,2.349176,1.199983,-3.377379e-08,1.873512e-05,7.556955e-07,4.927525e-11,7.541628e-07,2.716981e-07,-2.824407e-13,2.717634e-07
0.0005434358,2.97,2.97,1.2,0.5288439,1.935888,2.386201,1.199986,2.464223e-08,7.454443e-05,2.085823,2.349176,1.199983,-3.319801e-08,1.878947e-05,7.55696e-07,4.93301e-11,7.541627e-07,2.71698e-07,-2.728928e-13,2.717632e-07
0.0005438358,2.97,2.97,1.2,0.52936,1.935888,2.386201,1.199986,2.48086e-08,7.456063e-05,2.085823,2.349176,1.199983,-3.266609e-08,1.884351e-05,7.556966e-07,4.93845e-11,7.541627e-07,2.71698e-07,-2.633449e-13,2.717629e-07
0.0005442358,2.97,2.97,1.2,0.5298761,1.935888,2.386201,1.199986,2.496884e-08,7.457677e-05,2.085823,2.349176,1.199983,-3.20786e-08,1.889725e-05,7.556971e-07,4.943868e-11,7.541627e-07,2.71698e-07,-2.53797e-13,2.717627e-07
0.0005446358,2.97,2.97,1.2,0.5303922,1.935888,2.386201,1.199986,2.51314e-08,7.459285e-05,2.085823,2.349176,1.199983,-3.149567e-08,1.895069e-05,7.556976e-07,4.949263e-11,7.541626e-07,2.71698e-07,-2.442491e-13,2.717625e-07
0.0005450358,2.97,2.97,1.2,0.5309084,1.935888,2.386201,1.199986,2.529077e-08,7.460886e-05,2.085823,2.349176,1.199983,-3.09413e-08,1.900382e-05,7.556981e-07,4.954614e-11,7.541626e-07,2.71698e-07,-2.347011e-13,2.717623e-07
0.0005454358,2.97,2.97,1.2,0.5314245,1.935888,2.386201,1.199986,2.54358e-08,7.462481e-05,2.085823,2.349176,1.199983,-3.038214e-08,1.905665e-05,7.556986e-07,4.959966e-11,7.541626e-07,2.71698e-07,-2.251532e-13,2.717621e-07
0.0005458358,2.97,2.97,1.2,0.5319406,1.935888,2.386201,1.199986,2.561685e-08,7.464071e-05,2.085823,2.349176,1.199983,-2.98366e-08,1.910918e-05,7.556991e-07,4.965295e-11,7.541626e-07,2.71698e-07,-2.160494e-13,2.717619e-07
0.0005462358,2.97,2.97,1.2,0.5324568,1.935888,2.386201,1.199986,2.575458e-08,7.465654e-05,2.085823,2.349176,1.199983,-2.927493e-08,1.916142e-05,7.556996e-07,4.970602e-11,7.541625e-07,2.71698e-07,-2.069456e-13,2.717617e-07
0.0005466358,2.97,2.97,1.2,0.5329729,1.935888,2.386201,1.199986,2.592885e-08,7.467231e-05,2.085823,2.349176,1.199983,-2.871992e-08,1.921336e-05,7.557001e-07,4.975864e-11,7.541625e-07,2.71698e-07,-1.973977e-13,2.717614e-07
0.0005470358,2.97,2.97,1.2,0.533489,1.935888,2.386201,1.199986,2.608385e-08,7.468802e-05,2.085823,2.349176,1.199983,-2.819421e-08,1.926501e-05,7.557006e-07,4.981104e-11,7.541625e-07,2.71698e-07,-1.882938e-13,2.717612e-07
0.0005474358,2.97,2.97,1.2,0.5340052,1.935888,2.386201,1.199986,2.624743e-08,7.470367e-05,2.085823,2.349176,1.199983,-2.762931e-08,1.931637e-05,7.55701e-07,4.9863e-11,7.541625e-07,2.71698e-07,-1.79412e-13,2.71761e-07
0.0005478358,2.97,2.97,1.2,0.5345213,1.935888,2.386201,1.199986,2.637977e-08,7.471925e-05,2.085823,2.349176,1.199983,-2.706959e-08,1.936744e-05,7.557015e-07,4.991496e-11,7.541624e-07,2.71698e-07,-1.700862e-13,2.717608e-07
0.0005482358,2.97,2.97,1.2,0.5350375,1.935888,2.386201,1.199986,2.654705e-08,7.473478e-05,2.085823,2.349176,1.199983,-2.649055e-08,1.941821e-05,7.55702e-07,4.99667e-11,7.541624e-07,2.71698e-07,-1.612044e-13,2.717606e-07
0.0005486358,2.97,2.97,1.2,0.5355536,1.935888,2.386201,1.199986,2.670811e-08,7.475025e-05,2.085823,2.349176,1.199983,-2.601041e-08,1.946871e-05,7.557025e-07,5.001821e-11,7.541624e-07,2.71698e-07,-1.523226e-13,2.717604e-07
0.0005490358,2.97,2.97,1.2,0.5360698,1.935888,2.386201,1.199986,2.684757e-08,7.476566e-05,2.085823,2.349176,1.199983,-2.548937e-08,1.951891e-05,7.55703e-07,5.006884e-11,7.541623e-07,2.71698e-07,-1.434408e-13,2.717602e-07
0.0005494358,2.97,2.97,1.2,0.5365859,1.935888,2.386201,1.199986,2.701754e-08,7.478101e-05,2.085823,2.349176,1.199983,-2.489794e-08,1.956884e-05,7.557035e-07,5.011991e-11,7.541623e-07,2.71698e-07,-1.34559e-13,2.7176e-07
0.0005498358,2.97,2.97,1.2,0.5371021,1.935888,2.386201,1.199986,2.717552e-08,7.47963e-05,2.085823,2.349176,1.199983,-2.438041e-08,1.961848e-05,7.557039e-07,5.017053e-11,7.541623e-07,2.71698e-07,-1.254552e-13,2.717598e-07
0.0005502358,2.97,2.97,1.2,0.5376182,1.935888,2.386201,1.199986,2.730036e-08,7.481153e-05,2.085823,2.349176,1.199983,-2.392652e-08,1.966784e-05,7.557044e-07,5.022094e-11,7.541623e-07,2.716979e-07,-1.170175e-13,2.717596e-07
0.0005506358,2.97,2.97,1.2,0.5381344,1.935888,2.386201,1.199986,2.747408e-08,7.482671e-05,2.085823,2.349176,1.199983,-2.337998e-08,1.971692e-05,7.557049e-07,5.027134e-11,7.541622e-07,2.716979e-07,-1.081357e-13,2.717594e-07
0.0005510358,2.97,2.97,1.2,0.5386505,1.935888,2.386201,1.199986,2.760357e-08,7.484182e-05,2.085823,2.349176,1.199983,-2.285558e-08,1.976573e-05,7.557053e-07,5.032108e-11,7.541622e-07,2.716979e-07,-9.925394e-14,2.717592e-07
0.0005514358,2.97,2.97,1.2,0.5391667,1.935888,2.386201,1.199986,2.776099e-08,7.485688e-05,2.085823,2.349176,1.199983,-2.230871e-08,1.981426e-05,7.557058e-07,5.037082e-11,7.541622e-07,2.716979e-07,-9.081624e-14,2.71759e-07
0.0005518358,2.97,2.97,1.2,0.5396829,1.935888,2.386201,1.199986,2.792407e-08,7.487188e-05,2.085823,2.349176,1.199983,-2.185166e-08,1.986252e-05,7.557063e-07,5.042033e-11,7.541622e-07,2.716979e-07,-8.21565e-14,2.717588e-07
0.0005522358,2.97,2.97,1.2,0.540199,1.935888,2.386201,1.199986,2.806008e-08,7.488682e-05,2.085823,2.349176,1.199983,-2.130783e-08,1.99105e-05,7.557067e-07,5.046941e-11,7.541621e-07,2.716979e-07,-7.371881e-14,2.717586e-07
0.0005526358,2.97,2.97,1.2,0.5407152,1.935888,2.386201,1.199986,2.822303e-08,7.49017e-05,2.085823,2.349176,1.199983,-2.077758e-08,1.995821e-05,7.557072e-07,5.051848e-11,7.541621e-07,2.716979e-07,-6.505907e-14,2.717585e-07
0.0005530358,2.97,2.97,1.2,0.5412314,1.935888,2.386201,1.199986,2.835397e-08,7.491653e-05,2.085823,2.349176,1.199983,-2.025857e-08,2.000566e-05,7.557076e-07,5.056733e-11,7.541621e-07,2.716979e-07,-5.684342e-14,2.717583e-07
0.0005534358,2.97,2.97,1.2,0.5417475,1.935888,2.386201,1.199986,2.851945e-08,7.49313e-05,2.085823,2.349176,1.199983,-1.975478e-08,2.005283e-05,7.557081e-07,5.061573e-11,7.541621e-07,2.716979e-07,-4.840572e-14,2.717581e-07
0.0005538358,2.97,2.97,1.2,0.5422637,1.935888,2.386201,1.199986,2.867298e-08,7.494601e-05,2.085823,2.349176,1.199983,-1.927094e-08,2.009974e-05,7.557086e-07,5.066392e-11,7.54162e-07,2.716979e-07,-3.974598e-14,2.717579e-07
0.0005542358,2.97,2.97,1.2,0.5427799,1.935888,2.386201,1.199986,2.881477e-08,7.496067e-05,2.085823,2.349176,1.199983,-1.876754e-08,2.014639e-05,7.55709e-07,5.071188e-11,7.54162e-07,2.716979e-07,-3.197442e-14,2.717577e-07
0.0005546358,2.97,2.97,1.2,0.543296,1.935888,2.386201,1.199986,2.896815e-08,7.497527e-05,2.085823,2.349176,1.199983,-1.833215e-08,2.019277e-05,7.557095e-07,5.075984e-11,7.54162e-07,2.716979e-07,-2.353673e-14,2.717575e-07
0.0005550358,2.97,2.97,1.2,0.5438122,1.935888,2.386201,1.199986,2.910821e-08,7.498981e-05,2.085823,2.349176,1.199983,-1.782435e-08,2.023889e-05,7.557099e-07,5.080736e-11,7.54162e-07,2.716979e-07,-1.554312e-14,2.717573e-07
0.0005554358,2.97,2.97,1.2,0.5443284,1.935888,2.386201,1.199986,2.923525e-08,7.50043e-05,2.085823,2.349176,1.199983,-1.734458e-08,2.028475e-05,7.557103e-07,5.085488e-11,7.541619e-07,2.716979e-07,-7.327472e-15,2.717571e-07
0.0005558358,2.97,2.97,1.2,0.5448446,1.935888,2.386201,1.199986,2.93774e-08,7.501873e-05,2.085823,2.349176,1.199983,-1.686414e-08,2.033035e-05,7.557108e-07,5.090195e-11,7.541619e-07,2.716979e-07,6.661338e-16,2.71757e-07
0.0005562358,2.97,2.97,1.2,0.5453608,1.935888,2.386201,1.199986,2.952099e-08,7.503311e-05,2.085823,2.349176,1.199983,-1.635971e-08,2.037569e-05,7.557112e-07,5.09488e-11,7.541619e-07,2.716979e-07,8.65974e-15,2.717568e-07
0.0005566358,2.97,2.97,1.2,0.5458769,1.935888,2.386201,1.199986,2.966524e-08,7.504743e-05,2.085823,2.349176,1.199983,-1.589477e-08,2.042078e-05,7.557117e-07,5.099565e-11,7.541619e-07,2.716979e-07,1.687539e-14,2.717566e-07
0.0005570358,2.97,2.97,1.2,0.5463931,1.935888,2.386201,1.199986,2.980726e-08,7.506169e-05,2.085823,2.349176,1.199983,-1.54414e-08,2.046561e-05,7.557121e-07,5.104206e-11,7.541618e-07,2.716978e-07,2.464695e-14,2.717564e-07
0.0005574358,2.97,2.97,1.2,0.5469093,1.935888,2.386201,1.199986,2.995522e-08,7.507591e-05,2.085823,2.349176,1.199983,-1.495873e-08,2.051019e-05,7.557125e-07,5.108824e-11,7.541618e-07,2.716978e-07,3.28626e-14,2.717562e-07
0.0005578358,2.97,2.97,1.2,0.5474255,1.935888,2.386201,1.199986,3.009472e-08,7.509006e-05,2.085823,2.349176,1.199983,-1.443082e-08,2.055452e-05,7.557129e-07,5.113421e-11,7.541618e-07,2.716978e-07,4.041212e-14,2.717561e-07
0.0005582358,2.97,2.97,1.2,0.5479417,1.935888,2.386201,1.199986,3.023958e-08,7.510416e-05,2.085823,2.349176,1.199983,-1.400632e-08,2.059859e-05,7.557134e-07,5.117995e-11,7.541618e-07,2.716978e-07,4.818368e-14,2.717559e-07
0.0005586358,2.97,2.97,1.2,0.5484579,1.935888,2.386201,1.199986,3.039745e-08,7.511821e-05,2.085823,2.349176,1.199983,-1.351843e-08,2.064242e-05,7.557138e-07,5.122547e-11,7.541617e-07,2.716978e-07,5.595524e-14,2.717557e-07
0.0005590358,2.97,2.97,1.2,0.5489741,1.935888,2.386201,1.199986,3.051735e-08,7.513221e-05,2.085823,2.349176,1.199983,-1.312208e-08,2.0686e-05,7.557142e-07,5.127077e-11,7.541617e-07,2.716978e-07,6.37268e-14,2.717555e-07
0.0005594358,2.97,2.97,1.2,0.5494903,1.935888,2.386201,1.199986,3.065682e-08,7.514614e-05,2.085823,2.349176,1.199983,-1.260471e-08,2.072934e-05,7.557146e-07,5.131606e-11,7.541617e-07,2.716978e-07,7.172041e-14,2.717554e-07
0.0005598358,2.97,2.97,1.2,0.5500064,1.935888,2.386201,1.199986,3.079189e-08,7.516003e-05,2.085823,2.349176,1.199983,-1.214503e-08,2.077243e-05,7.557151e-07,5.136069e-11,7.541617e-07,2.716978e-07,7.882583e-14,2.717552e-07
0.0005602358,2.97,2.97,1.2,0.5505226,1.935888,2.386201,1.199986,3.09328e-08,7.517386e-05,2.085823,2.349176,1.199983,-1.171952e-08,2.081527e-05,7.557155e-07,5.140532e-11,7.541616e-07,2.716978e-07,8.65974e-14,2.71755e-07
0.0005606358,2.97,2.97,1.2,0.5510388,1.935888,2.386201,1.199986,3.107074e-08,7.518764e-05,2.085823,2.349176,1.199983,-1.126406e-08,2.085788e-05,7.557159e-07,5.144996e-11,7.541616e-07,2.716978e-07,9.392487e-14,2.717548e-07
0.0005610358,2.97,2.97,1.2,0.551555,1.935888,2.386201,1.199986,3.120433e-08,7.520137e-05,2.085823,2.349176,1.199983,-1.07886e-08,2.090024e-05,7.557163e-07,5.149392e-11,7.541616e-07,2.716978e-07,1.019185e-13,2.717547e-07
0.0005614358,2.97,2.97,1.2,0.5520712,1.935888,2.386201,1.199986,3.135004e-08,7.521504e-05,2.085823,2.349176,1.199983,-1.032411e-08,2.094237e-05,7.557167e-07,5.153789e-11,7.541616e-07,2.716978e-07,1.092459e-13,2.717545e-07
0.0005618358,2.97,2.97,1.2,0.5525874,1.935888,2.386201,1.199986,3.14859e-08,7.522866e-05,2.085823,2.349176,1.199983,-9.886011e-09,2.098426e-05,7.557171e-07,5.158163e-11,7.541615e-07,2.716978e-07,1.165734e-13,2.717543e-07
0.0005622358,2.97,2.97,1.2,0.5531036,1.935888,2.386201,1.199986,3.162156e-08,7.524223e-05,2.085823,2.349176,1.199983,-9.434865e-09,2.102591e-05,7.557175e-07,5.162537e-11,7.541615e-07,2.716978e-07,1.241229e-13,2.717542e-07
0.0005626358,2.97,2.97,1.2,0.5536198,1.935888,2.386201,1.199986,3.17604e-08,7.525575e-05,2.085823,2.349176,1.199983,-8.99729e-09,2.106732e-05,7.557179e-07,5.166867e-11,7.541615e-07,2.716978e-07,1.312284e-13,2.71754e-07
0.0005630358,2.97,2.97,1.2,0.554136,1.935888,2.386201,1.199986,3.189004e-08,7.526921e-05,2.085823,2.349176,1.199983,-8.623344e-09,2.11085e-05,7.557184e-07,5.171197e-11,7.541615e-07,2.716978e-07,1.385558e-13,2.717538e-07
0.0005634358,2.97,2.97,1.2,0.5546522,1.935888,2.386201,1.199986,3.202385e-08,7.528263e-05,2.085823,2.349176,1.199983,-8.189615e-09,2.114945e-05,7.557188e-07,5.175504e-11,7.541614e-07,2.716978e-07,1.458833e-13,2.717537e-07
0.0005638358,2.97,2.97,1.2,0.5551684,1.935888,2.386201,1.199986,3.217928e-08,7.529599e-05,2.085823,2.349176,1.199983,-7.749918e-09,2.119017e-05,7.557192e-07,5.17979e-11,7.541614e-07,2.716978e-07,1.529887e-13,2.717535e-07
0.0005642358,2.97,2.97,1.2,0.5556846,1.935888,2.386201,1.199986,3.229472e-08,7.53093e-05,2.085823,2.349176,1.199983,-7.344869e-09,2.123066e-05,7.557196e-07,5.184031e-11,7.541614e-07,2.716978e-07,1.603162e-13,2.717533e-07
0.0005646358,2.97,2.97,1.2,0.5562008,1.935888,2.386201,1.199986,3.242475e-08,7.532256e-05,2.085823,2.349176,1.199983,-6.865965e-09,2.127092e-05,7.557199e-07,5.18825e-11,7.541614e-07,2.716978e-07,1.674216e-13,2.717532e-07
0.0005650358,2.97,2.97,1.2,0.556717,1.935888,2.386201,1.199986,3.255498e-08,7.533576e-05,2.085823,2.349176,1.199983,-6.463168e-09,2.131095e-05,7.557203e-07,5.192491e-11,7.541613e-07,2.716977e-07,1.745271e-13,2.71753e-07
0.0005654358,2.97,2.97,1.2,0.5572333,1.935888,2.386201,1.199986,3.268624e-08,7.534892e-05,2.085823,2.349176,1.199983,-6.027607e-09,2.135076e-05,7.557207e-07,5.196688e-11,7.541613e-07,2.716977e-07,1.816325e-13,2.717529e-07
0.0005658358,2.97,2.97,1.2,0.5577495,1.935888,2.386201,1.199986,3.281583e-08,7.536203e-05,2.085823,2.349176,1.199983,-5.596308e-09,2.139034e-05,7.557211e-07,5.20084e-11,7.541613e-07,2.716978e-07,1.887379e-13,2.717527e-07
0.0005662358,2.97,2.97,1.2,0.5582657,1.935888,2.386201,1.199986,3.295224e-08,7.537508e-05,2.085823,2.349176,1.199983,-5.184561e-09,2.14297e-05,7.557215e-07,5.204992e-11,7.541613e-07,2.716977e-07,1.953993e-13,2.717526e-07
0.0005666358,2.97,2.97,1.2,0.5587819,1.935888,2.386201,1.199986,3.307433e-08,7.538809e-05,2.085823,2.349176,1.199983,-4.774279e-09,2.146884e-05,7.557219e-07,5.209144e-11,7.541613e-07,2.716977e-07,2.022826e-13,2.717524e-07
0.0005670358,2.97,2.97,1.2,0.5592981,1.935888,2.386201,1.199986,3.321304e-08,7.540104e-05,2.085823,2.349176,1.199983,-4.360797e-09,2.150775e-05,7.557223e-07,5.213252e-11,7.541612e-07,2.716977e-07,2.093881e-13,2.717522e-07
0.0005674358,2.97,2.97,1.2,0.5598143,1.935888,2.386201,1.199986,3.333768e-08,7.541395e-05,2.085823,2.349176,1.199983,-3.971748e-09,2.154645e-05,7.557227e-07,5.21736e-11,7.541612e-07,2.716977e-07,2.160494e-13,2.717521e-07
0.0005678358,2.97,2.97,1.2,0.5603305,1.935888,2.386201,1.199986,3.346944e-08,7.54268e-05,2.085823,2.349176,1.199983,-3.531607e-09,2.158493e-05,7.55723e-07,5.221423e-11,7.541612e-07,2.716977e-07,2.227107e-13,2.717519e-07
0.0005682358,2.97,2.97,1.2,0.5608467,1.935888,2.386201,1.199986,3.359703e-08,7.543961e-05,2.085823,2.349176,1.199983,-3.137766e-09,2.162319e-05,7.557234e-07,5.225465e-11,7.541612e-07,2.716977e-07,2.298162e-13,2.717518e-07
0.0005686358,2.97,2.97,1.2,0.5613629,1.935888,2.386201,1.199986,3.372643e-08,7.545237e-05,2.085823,2.349176,1.199983,-2.749377e-09,2.166123e-05,7.557238e-07,5.229528e-11,7.541611e-07,2.716977e-07,2.364775e-13,2.717516e-07
0.0005690358,2.97,2.97,1.2,0.5618792,1.935888,2.386201,1.199986,3.385421e-08,7.546507e-05,2.085823,2.349176,1.199983,-2.352319e-09,2.169906e-05,7.557242e-07,5.233525e-11,7.541611e-07,2.716977e-07,2.431388e-13,2.717515e-07
0.0005694358,2.97,2.97,1.2,0.5623954,1.935888,2.386201,1.199986,3.397767e-08,7.547773e-05,2.085823,2.349176,1.199983,-1.933997e-09,2.173667e-05,7.557245e-07,5.237544e-11,7.541611e-07,2.716977e-07,2.495781e-13,2.717513e-07
0.0005698358,2.97,2.97,1.2,0.5629116,1.935888,2.386201,1.199986,3.410737e-08,7.549034e-05,2.085823,2.349176,1.199983,-1.49931e-09,2.177408e-05,7.557249e-07,5.241518e-11,7.541611e-07,2.716977e-07,2.562395e-13,2.717512e-07
0.0005700068,2.97,0.9421322,1.2,0.5613979,1.935801,2.386196,1.199908,-5.322556e-05,-0.008466592,2.085823,2.349175,1.199951,-4.854568e-05,-0.008886408,7.568425e-07,7.545786e-11,7.589851e-07,2.719907e-07,7.8475e-12,2.728474e-07
0.0005700103,2.97,0,1.2,0.5613388,1.935794,2.386203,1.199963,-5.247146e-05,-0.006868805,2.085823,2.349172,1.199857,-0.0001263451,-0.03118497,7.548827e-07,-4.440737e-11,7.583911e-07,2.728901e-07,-1.783551e-11,2.766913e-07
0.0005700289,2.97,0,1.2,0.56105,1.942018,2.386361,1.207362,0.000371496,0.3201447,2.085822,2.349186,1.200327,8.020778e-05,0.04562651,5.981076e-07,5.134382e-10,5.64726e-07,2.684003e-07,2.508216e-12,2.64411e-07
0.0005702407,2.97,0,1.2,0.5577673,2.050769,2.334994,1.249709,4.448004e-05,1.229089,2.087762,2.350823,1.219662,5.61106e-05,0.6686245,2.449959e-08,2.330645e-10,1.449749e-08,1.335801e-07,1.506728e-11,1.285647e-07
0.0005706407,2.97,0,1.2,0.5516205,2.10932,2.289501,1.265948,5.880084e-06,1.265011,2.095727,2.349245,1.249073,2.614798e-05,1.111131,2.663562e-09,6.246359e-11,7.817036e-10,3.70394e-08,1.967537e-11,3.362327e-08
0.0005710407,2.97,0,1.2,0.5455415,2.132201,2.269022,1.269448,2.293802e-06,1.269129,2.103894,2.340524,1.266748,1.375765e-05,1.227721,1.130055e-09,3.309708e-11,2.575469e-10,1.24128e-08,1.781464e-11,1.025732e-08
0.0005714407,2.97,0,1.2,0.5395295,2.1461,2.256106,1.271036,1.306393e-06,1.270867,2.110942,2.330496,1.277331,7.865744e-06,1.263606,6.652846e-10,2.185163e-11,1.255263e-10,5.342162e-09,1.545719e-11,3.959903e-09
0.0005718407,2.97,0,1.2,0.5335839,2.155992,2.246746,1.271976,8.837189e-07,1.271868,2.116927,2.321127,1.283756,4.766807e-06,1.277607,4.514608e-10,1.601697e-11,7.123724e-11,2.840626e-09,1.352363e-11,1.915442e-09
0.0005722407,2.97,0,1.2,0.5277037,2.163632,2.239433,1.272609,6.57445e-07,1.272532,2.122069,2.312746,1.287803,3.081229e-06,1.284463,3.312374e-10,1.247602e-11,4.311396e-11,1.750445e-09,1.202327e-11,1.092609e-09
0.0005726407,2.97,0,1.2,0.5218884,2.169836,2.233447,1.27307,5.190542e-07,1.273012,2.126558,2.305291,1.290489,2.118733e-06,1.288424,2.551493e-10,1.01108e-11,2.642508e-11,1.190835e-09,1.085154e-11,6.953425e-10
0.0005730407,2.97,0,1.2,0.5161372,2.175048,2.228387,1.273424,4.26722e-07,1.273378,2.13053,2.298629,1.292365,1.535017e-06,1.290973,2.030732e-10,8.425038e-12,1.560174e-11,8.673555e-10,9.920065e-12,4.762342e-10
0.0005734407,2.97,0,1.2,0.5104494,2.179533,2.224009,1.273706,3.613238e-07,1.273668,2.134089,2.292631,1.293732,1.159993e-06,1.292738,1.654018e-10,7.166046e-12,8.112622e-12,6.635817e-10,9.164669e-12,3.434337e-10
0.0005738407,2.97,0,1.2,0.5048243,2.183466,2.220154,1.273936,3.129118e-07,1.273904,2.137308,2.287188,1.294764,9.06793e-07,1.294022,1.369975e-10,6.191492e-12,2.689404e-12,5.267418e-10,8.542056e-12,2.572325e-10
0.0005742407,2.97,0,1.2,0.4992612,2.186963,2.216712,1.274128,2.758753e-07,1.2741,2.140245,2.282215,1.295565,7.286665e-07,1.294992,1.148852e-10,5.416778e-12,-1.387335e-12,4.302418e-10,8.020251e-12,1.983178e-10
0.0005746407,2.97,0,1.2,0.4937594,2.19011,2.213605,1.274291,2.4677e-07,1.274266,2.142944,2.277641,1.296199,5.990248e-07,1.295746,9.722549e-11,4.786616e-12,-4.540368e-12,3.595087e-10,7.57816e-12,1.563922e-10
0.0005750407,2.97,0,1.2,0.4883183,2.192968,2.210774,1.27443,2.233861e-07,1.274409,2.145441,2.273411,1.296712,5.019962e-07,1.296346,8.282741e-11,4.265033e-12,-7.039702e-12,3.060175e-10,7.198242e-12,1.255778e-10
0.0005754407,2.97,0,1.2,0.4829371,2.195585,2.208174,1.274552,2.042869e-07,1.274533,2.147762,2.269479,1.297133,4.276011e-07,1.296832,7.088192e-11,3.827161e-12,-9.064749e-12,2.645127e-10,6.868506e-12,1.023217e-10
0.0005758407,2.97,0,1.2,0.4776153,2.197997,2.205772,1.274658,1.884212e-07,1.274641,2.14993,2.265807,1.297482,3.694037e-07,1.297231,6.082493e-11,3.454126e-12,-1.072209e-11,2.31608e-10,6.580292e-12,8.437873e-11
0.0005762407,2.97,0,1.2,0.4723521,2.200234,2.203539,1.274753,1.75083e-07,1.274737,2.151963,2.262364,1.297776,3.230809e-07,1.297563,5.225627e-11,3.132827e-12,-1.210942e-11,2.050358e-10,6.326051e-12,7.026912e-11
0.0005766407,2.97,0,1.2,0.4671469,2.202317,2.201454,1.274836,1.637114e-07,1.274822,2.153878,2.259124,1.298024,2.856465e-07,1.297843,4.487236e-11,2.853939e-12,-1.327827e-11,1.832425e-10,6.100009e-12,5.899459e-11
0.0005770407,2.97,0,1.2,0.4619991,2.204267,2.199499,1.274911,1.539462e-07,1.274898,2.155687,2.256067,1.298237,2.550155e-07,1.298081,3.845445e-11,2.60969e-12,-1.427658e-11,1.65114e-10,5.898615e-12,4.986056e-11
0.0005774407,2.97,0,1.2,0.456908,2.206099,2.197659,1.274978,1.454735e-07,1.274966,2.1574,2.253171,1.298419,2.296419e-07,1.298284,3.282447e-11,2.393641e-12,-1.513456e-11,1.498582e-10,5.717204e-12,4.236433e-11
0.0005778407,2.97,0,1.2,0.451873,2.207825,2.195921,1.275039,1.380719e-07,1.275027,2.159028,2.250423,1.298577,2.083918e-07,1.298459,2.785315e-11,2.202016e-12,-1.588418e-11,1.368835e-10,5.552447e-12,3.615241e-11
0.0005782407,2.97,0,1.2,0.4468935,2.209458,2.194274,1.275094,1.315565e-07,1.275083,2.160577,2.247808,1.298715,1.904498e-07,1.29861,2.343471e-11,2.03082e-12,-1.653966e-11,1.257392e-10,5.404122e-12,3.094591e-11
0.0005786407,2.97,0,1.2,0.4419689,2.211007,2.19271,1.275144,1.257652e-07,1.275133,2.162056,2.245315,1.298835,1.751669e-07,1.298742,1.948253e-11,1.877165e-12,-1.711342e-11,1.16089e-10,5.268452e-12,2.654765e-11
0.0005790407,2.97,0,1.2,0.4370985,2.212479,2.191221,1.275189,1.206124e-07,1.275179,2.163471,2.242932,1.29894,1.620488e-07,1.298857,1.593138e-11,1.738387e-12,-1.762324e-11,1.076677e-10,5.144329e-12,2.28102e-11
0.0005794407,2.97,0,1.2,0.4322819,2.213881,2.189799,1.27523,1.159972e-07,1.275221,2.164826,2.240651,1.299032,1.50704e-07,1.298958,1.272352e-11,1.61271e-12,-1.808331e-11,1.002707e-10,5.030198e-12,1.96021e-11
0.0005798407,2.97,0,1.2,0.4275183,2.215221,2.18844,1.275268,1.118291e-07,1.275259,2.166126,2.238463,1.299113,1.408409e-07,1.299047,9.814411e-12,1.498135e-12,-1.848655e-11,9.372944e-11,4.925171e-12,1.683276e-11
0.0005800042,2.97,1.242803,1.2,0.425586,2.215728,2.187579,1.266123,-0.008328416,0.0268397,2.166642,2.23754,1.296446,-0.006633614,0.04617023,6.802173e-10,1.665297e-09,5.689008e-07,1.962831e-10,1.362429e-09,1.1779e-07
0.0005800084,2.97,2.497776,1.2,0.4255375,2.216101,2.18574,1.214268,-0.004911779,0.005081944,2.166654,2.237255,1.283381,-0.001120433,0.006327248,1.509032e-09,1.5342e-09,5.574444e-07,2.311565e-10,1.027766e-09,1.294591e-07
0.0005800104,2.97,2.97,1.2,0.4255139,2.216302,2.184876,1.190513,-0.005106943,-2.835214e-05,2.16666,2.237118,1.277077,-0.001150357,-0.0001087981,1.992232e-09,4.783529e-11,5.681488e-07,2.409754e-10,-2.29865e-11,1.555895e-07
0.0005800618,2.97,2.97,1.2,0.4249082,2.00843,2.168466,1.032539,-0.0003811241,-2.757553e-05,2.166677,2.23372,1.137176,-0.0009563065,-9.135789e-05,6.226364e-07,-3.327939e-09,6.516258e-07,8.766095e-08,-3.185074e-11,1.833708e-07
0.0005802969,2.97,2.97,1.2,0.4221516,1.934552,2.381147,1.195331,0.0001079188,-1.617201e-05,2.160036,2.229288,1.107594,-9.366487e-06,-9.074797e-05,7.680538e-07,-1.604779e-10,7.566245e-07,2.500932e-07,-4.364908e-11,2.508267e-07
0.0005806731,2.97,2.97,1.2,0.4177757,1.936016,2.383241,1.197704,-1.666033e-05,-1.570333e-05,2.149388,2.225128,1.104361,-5.157927e-06,-9.023148e-05,7.508586e-07,-1.719411e-10,7.533371e-07,2.494535e-07,-4.207523e-11,2.503318e-07
0.0005810731,2.97,2.97,1.2,0.4222165,1.935985,2.383667,1.198023,-7.127498e-06,-1.524261e-05,2.138827,2.224551,1.103833,1.466462e-07,-8.948024e-05,7.513144e-07,-1.702416e-10,7.535881e-07,2.499269e-07,-4.024137e-11,2.505717e-07
0.0005814731,2.97,2.97,1.2,0.5005967,1.935974,2.3844,1.198591,-3.713082e-06,-1.484516e-05,2.129179,2.228761,1.10698,5.697364e-06,-8.875867e-05,7.516232e-07,-1.697407e-10,7.539285e-07,2.513535e-07,-3.814615e-11,2.516793e-07
0.0005818731,2.97,2.97,1.2,0.5617443,1.935863,2.384956,1.19902,-1.88284e-06,-1.445804e-05,2.120575,2.23752,1.113644,9.956848e-06,-8.795737e-05,7.518642e-07,-1.72151e-10,7.541983e-07,2.534692e-07,-3.581335e-11,2.535115e-07
0.0005819772,2.97,2.97,1.2,0.5568809,1.935925,2.385064,1.199105,-6.260798e-07,-1.258634e-05,2.11852,2.240377,1.115829,1.070283e-05,-8.457791e-05,7.517817e-07,-1.801319e-10,7.542239e-07,2.540773e-07,-3.460898e-11,2.540516e-07
0.0005823277,2.97,2.97,1.2,0.5515022,1.935915,2.385364,1.199338,-6.661955e-07,-1.214791e-05,2.112191,2.250928,1.123927,1.16982e-05,-8.363626e-05,7.519189e-07,-1.798861e-10,7.543662e-07,2.56118e-07,-3.236855e-11,2.559793e-07
0.0005827277,2.97,2.97,1.2,0.5454616,1.935907,2.385611,1.199529,-7.294887e-07,-1.178647e-05,2.106093,2.263214,1.133393,1.084242e-05,-8.27952e-05,7.520293e-07,-1.796907e-10,7.544827e-07,2.58232e-07,-2.983991e-11,2.580776e-07
0.0005830847,2.97,2.97,1.2,0.5657844,1.935919,2.385758,1.199643,-7.815234e-07,-1.137407e-05,2.101639,2.273387,1.141245,9.609723e-06,-8.189454e-05,7.520944e-07,-1.794045e-10,7.545509e-07,2.599145e-07,-2.767098e-11,2.597719e-07
0.0005834847,2.97,2.97,1.2,0.6499625,1.935923,2.385881,1.199739,-7.962101e-07,-1.109289e-05,2.097661,2.2838,1.149286,8.482488e-06,-8.119273e-05,7.521498e-07,-1.794367e-10,7.546091e-07,2.616529e-07,-2.552913e-11,2.615139e-07
0.0005838651,2.97,2.97,1.2,0.6993546,1.935779,2.386008,1.199834,-4.332075e-07,-1.064926e-05,2.094738,2.292883,1.156305,7.537444e-06,-8.028432e-05,7.522089e-07,-1.835321e-10,7.546829e-07,2.631643e-07,-2.379008e-11,2.63034e-07
0.0005839753,2.97,2.97,1.2,0.6972183,1.935892,2.386013,1.199841,-8.116249e-07,-8.615569e-06,2.094026,2.295365,1.158225,7.268583e-06,-7.668445e-05,7.519615e-07,-2.025691e-10,7.546517e-07,2.635713e-07,-2.274714e-11,2.63434e-07
0.0005841771,2.97,2.97,1.2,0.6933329,1.935891,2.386043,1.199864,-7.922158e-07,-7.163879e-06,2.092861,2.299721,1.161595,6.774898e-06,-7.406499e-05,7.519873e-07,-2.009608e-10,7.546617e-07,2.64277e-07,-2.158762e-11,2.641465e-07
0.0005845771,2.97,2.97,1.2,0.6856939,1.935889,2.38609,1.1999,-8.044417e-07,-6.759837e-06,2.091009,2.307582,1.167682,5.706191e-06,-7.325702e-05,7.520105e-07,-2.006104e-10,7.546828e-07,2.655202e-07,-2.035527e-11,2.654368e-07
0.0005849496,2.97,2.97,1.2,0.6841452,1.935897,2.386115,1.19992,-8.210864e-07,-6.398463e-06,2.089726,2.313932,1.172605,4.723472e-06,-7.252146e-05,7.52024e-07,-2.001577e-10,7.546936e-07,2.664956e-07,-1.943845e-11,2.66467e-07
0.0005853496,2.97,2.97,1.2,0.7562409,1.935915,2.386125,1.199927,-8.088305e-07,-6.070765e-06,2.088708,2.319731,1.177105,3.759174e-06,-7.185349e-05,7.520309e-07,-1.999714e-10,7.546977e-07,2.673665e-07,-1.868727e-11,2.674003e-07
0.0005857496,2.97,2.97,1.2,0.841754,1.935914,2.386148,1.199945,-8.106225e-07,-5.806664e-06,2.087966,2.324567,1.180859,2.925199e-06,-7.128869e-05,7.52043e-07,-1.996829e-10,7.547077e-07,2.680815e-07,-1.81104e-11,2.681745e-07
0.0005860888,2.97,2.97,1.2,0.859985,1.935896,2.386185,1.199973,-3.270299e-07,-5.33385e-06,2.087498,2.328009,1.183533,2.326083e-06,-7.044546e-05,7.522896e-07,-1.796241e-10,7.547367e-07,2.685861e-07,-1.768563e-11,2.687233e-07
0.0005861959,2.97,2.97,1.2,0.8574412,1.935885,2.386184,1.199973,-7.979603e-07,-3.905271e-06,2.087374,2.328985,1.184291,2.181157e-06,-6.796265e-05,7.522849e-07,-1.771878e-10,7.547295e-07,2.687283e-07,-1.714739e-11,2.688692e-07
0.0005865527,2.97,2.97,1.2,0.8490086,1.935885,2.386189,1.199976,-8.01184e-07,-3.499759e-06,2.087031,2.331897,1.186553,1.687554e-06,-6.723332e-05,7.522876e-07,-1.770004e-10,7.547303e-07,2.691534e-07,-1.681477e-11,2.693332e-07
0.0005869527,2.97,2.97,1.2,0.8396542,1.935885,2.386192,1.199979,-8.003561e-07,-3.183054e-06,2.086743,2.334623,1.188672,1.232084e-06,-6.664876e-05,7.522898e-07,-1.768439e-10,7.547309e-07,2.695511e-07,-1.653988e-11,2.697683e-07
0.0005873229,2.97,2.97,1.2,0.831088,1.935885,2.386194,1.199981,-7.98224e-07,-2.837576e-06,2.086546,2.336728,1.190308,8.899912e-07,-6.602804e-05,7.522915e-07,-1.766725e-10,7.547309e-07,2.698586e-07,-1.631517e-11,2.701042e-07
0.0005877229,2.97,2.97,1.2,0.8219312,1.935885,2.386196,1.199982,-7.958055e-07,-2.523412e-06,2.086386,2.338632,1.191788,5.902139e-07,-6.54647e-05,7.522929e-07,-1.765172e-10,7.547308e-07,2.701375e-07,-1.612621e-11,2.704086e-07
0.0005881229,2.97,2.97,1.2,0.8128764,1.935885,2.386197,1.199983,-7.945722e-07,-2.152608e-06,2.086266,2.340222,1.193023,3.473284e-07,-6.483724e-05,7.52294e-07,-1.76362e-10,7.547303e-07,2.703711e-07,-1.596345e-11,2.706631e-07
0.0005885229,2.97,2.97,1.2,0.8039205,1.935885,2.386198,1.199984,-7.915396e-07,-1.841372e-06,2.086175,2.341555,1.19406,1.503998e-07,-6.429122e-05,7.52295e-07,-1.762075e-10,7.547297e-07,2.705675e-07,-1.58209e-11,2.708765e-07
0.0005889229,2.97,2.97,1.2,0.795063,1.935885,2.386199,1.199984,-7.870321e-07,-1.588312e-06,2.086106,2.342677,1.194932,-9.989713e-09,-6.382327e-05,7.522959e-07,-1.760534e-10,7.54729e-07,2.707334e-07,-1.569145e-11,2.710562e-07
0.0005893229,2.97,2.97,1.2,0.7863032,1.935885,2.386199,1.199985,-7.838775e-07,-1.278961e-06,2.086053,2.343625,1.195668,-1.420477e-07,-6.328923e-05,7.522967e-07,-1.759e-10,7.547282e-07,2.708738e-07,-1.557288e-11,2.712079e-07
0.0005897229,2.97,2.97,1.2,0.7776398,1.935885,2.3862,1.199985,-7.806849e-07,-9.707915e-07,2.086011,2.344428,1.196292,-2.518505e-07,-6.276075e-05,7.522975e-07,-1.757472e-10,7.547274e-07,2.709931e-07,-1.546163e-11,2.713363e-07
0.0005901229,2.97,2.97,1.2,0.769072,1.935885,2.3862,1.199985,-7.774814e-07,-6.637967e-07,2.085979,2.34511,1.196822,-3.432174e-07,-6.223736e-05,7.522982e-07,-1.755946e-10,7.547265e-07,2.710947e-07,-1.535572e-11,2.714452e-07
0.0005905229,2.97,2.97,1.2,0.7605985,1.935885,2.3862,1.199985,-7.74276e-07,-3.579707e-07,2.085952,2.34569,1.197274,-4.192098e-07,-6.171869e-05,7.522988e-07,-1.754432e-10,7.547256e-07,2.711813e-07,-1.525335e-11,2.715377e-07
0.0005909229,2.97,2.97,1.2,0.7522184,1.935885,2.3862,1.199985,-7.710577e-07,-5.330804e-08,2.085931,2.346186,1.197659,-4.824893e-07,-6.120444e-05,7.522995e-07,-1.75292e-10,7.547246e-07,2.712554e-07,-1.51541e-11,2.716164e-07
0.0005913229,2.97,2.97,1.2,0.7439307,1.935885,2.3862,1.199985,-7.678475e-07,2.501929e-07,2.085914,2.346609,1.197988,-5.352486e-07,-6.069433e-05,7.523001e-07,-1.751415e-10,7.547237e-07,2.713187e-07,-1.505662e-11,2.716835e-07
0.0005917229,2.97,2.97,1.2,0.7357343,1.935885,2.3862,1.199986,-7.646531e-07,5.52524e-07,2.0859,2.346972,1.19827,-5.791412e-07,-6.018817e-05,7.523007e-07,-1.749914e-10,7.547227e-07,2.713729e-07,-1.496159e-11,2.717406e-07
0.0005921229,2.97,2.97,1.2,0.7276282,1.935885,2.3862,1.199986,-7.614433e-07,8.536886e-07,2.085888,2.347282,1.198511,-6.157806e-07,-5.968575e-05,7.523013e-07,-1.748417e-10,7.547218e-07,2.714194e-07,-1.486811e-11,2.717892e-07
0.0005925229,2.97,2.97,1.2,0.7196114,1.935885,2.3862,1.199986,-7.582569e-07,1.153692e-06,2.085878,2.347548,1.198718,-6.461904e-07,-5.918693e-05,7.523019e-07,-1.746927e-10,7.547208e-07,2.714593e-07,-1.477596e-11,2.718307e-07
0.0005929229,2.97,2.97,1.2,0.711683,1.935885,2.3862,1.199986,-7.550824e-07,1.452537e-06,2.08587,2.347776,1.198895,-6.713852e-07,-5.869156e-05,7.523025e-07,-1.745448e-10,7.547199e-07,2.714935e-07,-1.468492e-11,2.718659e-07
0.0005933229,2.97,2.97,1.2,0.7038419,1.935885,2.3862,1.199986,-7.51919e-07,1.750231e-06,2.085863,2.347972,1.199047,-6.922369e-07,-5.819955e-05,7.523031e-07,-1.743972e-10,7.547189e-07,2.715229e-07,-1.459433e-11,2.71896e-07
0.0005937229,2.97,2.97,1.2,0.6960873,1.935885,2.3862,1.199986,-7.487621e-07,2.046777e-06,2.085857,2.34814,1.199178,-7.093877e-07,-5.771077e-05,7.523037e-07,-1.742495e-10,7.54718e-07,2.715481e-07,-1.450484e-11,2.719215e-07
0.0005941229,2.97,2.97,1.2,0.6884181,1.935885,2.3862,1.199986,-7.456234e-07,2.342179e-06,2.085852,2.348285,1.199291,-7.232836e-07,-5.722515e-05,7.523043e-07,-1.741032e-10,7.54717e-07,2.715698e-07,-1.441602e-11,2.719432e-07
0.0005945229,2.97,2.97,1.2,0.6808334,1.935885,2.3862,1.199986,-7.42481e-07,2.636442e-06,2.085848,2.34841,1.199387,-7.345736e-07,-5.674261e-05,7.523049e-07,-1.739568e-10,7.54716e-07,2.715885e-07,-1.432809e-11,2.719615e-07
0.0005949229,2.97,2.97,1.2,0.6733323,1.935885,2.3862,1.199986,-7.393613e-07,2.929571e-06,2.085845,2.348516,1.19947,-7.43537e-07,-5.626307e-05,7.523054e-07,-1.738116e-10,7.547151e-07,2.716045e-07,-1.424039e-11,2.719771e-07
0.0005953229,2.97,2.97,1.2,0.6659138,1.935885,2.3862,1.199986,-7.362419e-07,3.22157e-06,2.085841,2.348608,1.199542,-7.505173e-07,-5.578649e-05,7.52306e-07,-1.736666e-10,7.547142e-07,2.716183e-07,-1.415423e-11,2.719901e-07
0.0005957229,2.97,2.97,1.2,0.6585771,1.935885,2.3862,1.199986,-7.331577e-07,3.512443e-06,2.085839,2.348687,1.199603,-7.558616e-07,-5.53128e-05,7.523066e-07,-1.735219e-10,7.547132e-07,2.716301e-07,-1.406808e-11,2.720011e-07
0.0005961229,2.97,2.97,1.2,0.6513212,1.935885,2.3862,1.199986,-7.300672e-07,3.802195e-06,2.085837,2.348756,1.199656,-7.597699e-07,-5.484195e-05,7.523071e-07,-1.733784e-10,7.547123e-07,2.716403e-07,-1.398259e-11,2.720103e-07
0.0005965229,2.97,2.97,1.2,0.6441453,1.935885,2.3862,1.199986,-7.269995e-07,4.090829e-06,2.085835,2.348814,1.199702,-7.624798e-07,-5.437391e-05,7.523077e-07,-1.73235e-10,7.547113e-07,2.716491e-07,-1.389755e-11,2.72018e-07
0.0005969229,2.97,2.97,1.2,0.6370485,1.935885,2.3862,1.199986,-7.239344e-07,4.378351e-06,2.085833,2.348864,1.199741,-7.641109e-07,-5.390864e-05,7.523083e-07,-1.730922e-10,7.547104e-07,2.716566e-07,-1.381273e-11,2.720243e-07
0.0005973229,2.97,2.97,1.2,0.6300299,1.935885,2.3862,1.199986,-7.208753e-07,4.664765e-06,2.085832,2.348908,1.199775,-7.648171e-07,-5.344609e-05,7.523088e-07,-1.729501e-10,7.547095e-07,2.716631e-07,-1.372946e-11,2.720295e-07
0.0005977229,2.97,2.97,1.2,0.6230886,1.935885,2.3862,1.199986,-7.178502e-07,4.950074e-06,2.08583,2.348945,1.199804,-7.648622e-07,-5.298625e-05,7.523094e-07,-1.728084e-10,7.547086e-07,2.716686e-07,-1.364575e-11,2.720337e-07
0.0005981229,2.97,2.97,1.2,0.6162238,1.935885,2.3862,1.199986,-7.148224e-07,5.234284e-06,2.085829,2.348977,1.199829,-7.641552e-07,-5.252906e-05,7.523099e-07,-1.726674e-10,7.547076e-07,2.716734e-07,-1.356226e-11,2.72037e-07
0.0005985229,2.97,2.97,1.2,0.6094346,1.935885,2.3862,1.199986,-7.118048e-07,5.517398e-06,2.085829,2.349005,1.19985,-7.629302e-07,-5.207452e-05,7.523105e-07,-1.725267e-10,7.547067e-07,2.716775e-07,-1.348011e-11,2.720397e-07
0.0005989229,2.97,2.97,1.2,0.6027203,1.935885,2.3862,1.199986,-7.087937e-07,5.79942e-06,2.085828,2.349029,1.199869,-7.612827e-07,-5.162259e-05,7.523111e-07,-1.723868e-10,7.547058e-07,2.716811e-07,-1.339839e-11,2.720417e-07
0.0005993229,2.97,2.97,1.2,0.59608,1.935885,2.3862,1.199986,-7.058059e-07,6.080356e-06,2.085827,2.349049,1.199884,-7.591466e-07,-5.117325e-05,7.523116e-07,-1.722473e-10,7.547049e-07,2.716841e-07,-1.331713e-11,2.720432e-07
0.0005997229,2.97,2.97,1.2,0.5895128,1.935886,2.3862,1.199986,-7.028301e-07,6.360208e-06,2.085827,2.349067,1.199898,-7.5673e-07,-5.072647e-05,7.523122e-07,-1.721083e-10,7.54704e-07,2.716867e-07,-1.32363e-11,2.720442e-07
0.0006001229,2.97,2.97,1.2,0.583018,1.935886,2.3862,1.199986,-6.998639e-07,6.638982e-06,2.085826,2.349082,1.19991,-7.539956e-07,-5.028224e-05,7.523127e-07,-1.719695e-10,7.547031e-07,2.716889e-07,-1.315548e-11,2.720449e-07
0.0006005229,2.97,2.97,1.2,0.5765948,1.935886,2.3862,1.199986,-6.969041e-07,6.916681e-06,2.085826,2.349095,1.19992,-7.510284e-07,-4.984053e-05,7.523132e-07,-1.718319e-10,7.547022e-07,2.716908e-07,-1.307576e-11,2.720452e-07
0.0006009229,2.97,2.97,1.2,0.5702423,1.935886,2.3862,1.199986,-6.939457e-07,7.19331e-06,2.085825,2.349106,1.199929,-7.478111e-07,-4.940133e-05,7.523138e-07,-1.716949e-10,7.547013e-07,2.716925e-07,-1.299627e-11,2.720452e-07
0.0006013229,2.97,2.97,1.2,0.5639598,1.935886,2.3862,1.199986,-6.910155e-07,7.468872e-06,2.085825,2.349116,1.199936,-7.444174e-07,-4.896461e-05,7.523143e-07,-1.715581e-10,7.547004e-07,2.716939e-07,-1.2917e-11,2.72045e-07
0.0006017229,2.97,2.97,1.2,0.5577466,1.935886,2.3862,1.199986,-6.893738e-07,7.787924e-06,2.085825,2.349124,1.199943,-7.422477e-07,-4.848026e-05,7.523148e-07,-1.71422e-10,7.546995e-07,2.716951e-07,-1.283795e-11,2.720445e-07
0.0006021229,2.97,2.97,1.2,0.5516016,1.935886,2.3862,1.199986,-6.864266e-07,8.060937e-06,2.085824,2.349131,1.199948,-7.385805e-07,-4.804918e-05,7.523154e-07,-1.712861e-10,7.546986e-07,2.716961e-07,-1.276024e-11,2.720439e-07
0.0006025229,2.97,2.97,1.2,0.5455246,1.935886,2.3862,1.199986,-6.823149e-07,8.289051e-06,2.085824,2.349138,1.199953,-7.335154e-07,-4.76695e-05,7.523159e-07,-1.711511e-10,7.546977e-07,2.71697e-07,-1.268274e-11,2.720431e-07
0.0006029229,2.97,2.97,1.2,0.5395148,1.935886,2.3862,1.199986,-6.794308e-07,8.56039e-06,2.085824,2.349143,1.199957,-7.296303e-07,-4.724256e-05,7.523165e-07,-1.71017e-10,7.546969e-07,2.716978e-07,-1.260525e-11,2.720423e-07
0.0006033229,2.97,2.97,1.2,0.5335743,1.935886,2.3862,1.199986,-6.765446e-07,8.830683e-06,2.085824,2.349147,1.199961,-7.25775e-07,-4.681802e-05,7.52317e-07,-1.708829e-10,7.54696e-07,2.716984e-07,-1.252864e-11,2.720412e-07
0.0006037229,2.97,2.97,1.2,0.5277334,1.935886,2.3862,1.199986,-6.736764e-07,9.099933e-06,2.085824,2.349151,1.199964,-7.217812e-07,-4.639587e-05,7.523175e-07,-1.707492e-10,7.546951e-07,2.71699e-07,-1.245204e-11,2.720401e-07
0.0006041229,2.97,2.97,1.2,0.5222699,1.935886,2.3862,1.199986,-6.710055e-07,9.36814e-06,2.085824,2.349155,1.199967,-7.17762e-07,-4.597609e-05,7.52318e-07,-1.706157e-10,7.546942e-07,2.716994e-07,-1.23761e-11,2.720389e-07
0.0006045229,2.97,2.97,1.2,0.5183392,1.935887,2.3862,1.199985,-6.684061e-07,9.635298e-06,2.085824,2.349158,1.199969,-7.137552e-07,-4.555867e-05,7.523183e-07,-1.704823e-10,7.546931e-07,2.716998e-07,-1.23006e-11,2.720377e-07
0.0006049229,2.97,2.97,1.2,0.5175058,1.935888,2.386199,1.199985,-6.655663e-07,9.901418e-06,2.085824,2.34916,1.199971,-7.096095e-07,-4.514359e-05,7.523185e-07,-1.703508e-10,7.546919e-07,2.717001e-07,-1.222555e-11,2.720364e-07
0.0006053229,2.97,2.97,1.2,0.5202811,1.935889,2.386199,1.199984,-6.62517e-07,1.016652e-05,2.085823,2.349162,1.199972,-7.055302e-07,-4.473084e-05,7.523188e-07,-1.702214e-10,7.546909e-07,2.717004e-07,-1.215028e-11,2.72035e-07
0.0006057229,2.97,2.97,1.2,0.5258927,1.935889,2.386199,1.199984,-6.593943e-07,1.043062e-05,2.085823,2.349164,1.199974,-7.014082e-07,-4.432041e-05,7.523193e-07,-1.700933e-10,7.5469e-07,2.717006e-07,-1.207634e-11,2.720336e-07
0.0006061229,2.97,2.97,1.2,0.5328632,1.935889,2.386199,1.199985,-6.563596e-07,1.069372e-05,2.085823,2.349166,1.199975,-6.972875e-07,-4.391228e-05,7.5232e-07,-1.699649e-10,7.546893e-07,2.717008e-07,-1.200284e-11,2.720322e-07
0.0006065229,2.97,2.97,1.2,0.5397916,1.935889,2.3862,1.199985,-6.535016e-07,1.095582e-05,2.085823,2.349167,1.199976,-6.931924e-07,-4.350643e-05,7.523207e-07,-1.698357e-10,7.546887e-07,2.71701e-07,-1.192912e-11,2.720307e-07
0.0006069229,2.97,2.97,1.2,0.5458851,1.935889,2.3862,1.199985,-6.507461e-07,1.12169e-05,2.085823,2.349168,1.199977,-6.890302e-07,-4.310287e-05,7.523215e-07,-1.697049e-10,7.546881e-07,2.717011e-07,-1.185563e-11,2.720293e-07
0.0006073229,2.97,2.97,1.2,0.5509876,1.935889,2.3862,1.199986,-6.481069e-07,1.147697e-05,2.085823,2.349169,1.199978,-6.849776e-07,-4.270156e-05,7.523221e-07,-1.695737e-10,7.546874e-07,2.717012e-07,-1.178346e-11,2.720278e-07
0.0006077229,2.97,2.97,1.2,0.5552901,1.935889,2.386201,1.199986,-6.454156e-07,1.173603e-05,2.085823,2.34917,1.199979,-6.808219e-07,-4.230251e-05,7.523227e-07,-1.694431e-10,7.546866e-07,2.717013e-07,-1.171108e-11,2.720263e-07
0.0006081229,2.97,2.97,1.2,0.5590525,1.935888,2.386201,1.199986,-6.427467e-07,1.199408e-05,2.085823,2.349171,1.199979,-6.76727e-07,-4.190569e-05,7.523233e-07,-1.693135e-10,7.546858e-07,2.717014e-07,-1.163936e-11,2.720247e-07
0.0006085229,2.97,2.97,1.2,0.5624695,1.935888,2.386201,1.199986,-6.400485e-07,1.225114e-05,2.085823,2.349172,1.19998,-6.725959e-07,-4.151109e-05,7.523238e-07,-1.691844e-10,7.54685e-07,2.717014e-07,-1.15683e-11,2.720232e-07
0.0006089229,2.97,2.97,1.2,0.5656485,1.935888,2.386201,1.199986,-6.37346e-07,1.250721e-05,2.085823,2.349172,1.19998,-6.684349e-07,-4.11187e-05,7.523243e-07,-1.69057e-10,7.546842e-07,2.717015e-07,-1.149725e-11,2.720217e-07
0.0006093229,2.97,2.97,1.2,0.5686365,1.935888,2.386201,1.199986,-6.346217e-07,1.276229e-05,2.085823,2.349173,1.199981,-6.644393e-07,-4.072851e-05,7.523248e-07,-1.689295e-10,7.546834e-07,2.717015e-07,-1.142619e-11,2.720201e-07
0.0006097229,2.97,2.97,1.2,0.571451,1.935888,2.386201,1.199986,-6.319266e-07,1.301639e-05,2.085823,2.349173,1.199981,-6.603517e-07,-4.034051e-05,7.523253e-07,-1.68803e-10,7.546825e-07,2.717015e-07,-1.135603e-11,2.720186e-07
0.0006101229,2.97,2.97,1.2,0.5741014,1.935888,2.386201,1.199986,-6.292382e-07,1.32695e-05,2.085823,2.349174,1.199981,-6.563346e-07,-3.995468e-05,7.523258e-07,-1.686769e-10,7.546817e-07,2.717015e-07,-1.128608e-11,2.72017e-07
0.0006105229,2.97,2.97,1.2,0.5765976,1.935888,2.386201,1.199986,-6.265543e-07,1.352165e-05,2.085823,2.349174,1.199981,-6.522845e-07,-3.957101e-05,7.523263e-07,-1.685518e-10,7.546809e-07,2.717015e-07,-1.121681e-11,2.720155e-07
0.0006109229,2.97,2.97,1.2,0.578951,1.935888,2.386201,1.199986,-6.238898e-07,1.377282e-05,2.085823,2.349174,1.199982,-6.482742e-07,-3.918948e-05,7.523268e-07,-1.684266e-10,7.546801e-07,2.717015e-07,-1.114775e-11,2.72014e-07
0.0006113229,2.97,2.97,1.2,0.5811736,1.935888,2.386201,1.199986,-6.212284e-07,1.402302e-05,2.085823,2.349174,1.199982,-6.443167e-07,-3.88101e-05,7.523273e-07,-1.683025e-10,7.546792e-07,2.717015e-07,-1.107914e-11,2.720124e-07
0.0006117229,2.97,2.97,1.2,0.5832765,1.935888,2.386201,1.199986,-6.185618e-07,1.427226e-05,2.085823,2.349175,1.199982,-6.402862e-07,-3.843283e-05,7.523278e-07,-1.681786e-10,7.546784e-07,2.717015e-07,-1.101097e-11,2.720109e-07
0.0006121229,2.97,2.97,1.2,0.5852692,1.935888,2.386201,1.199986,-6.159287e-07,1.452054e-05,2.085823,2.349175,1.199982,-6.363812e-07,-3.805768e-05,7.523282e-07,-1.680553e-10,7.546776e-07,2.717015e-07,-1.094325e-11,2.720094e-07
0.0006125229,2.97,2.97,1.2,0.5871601,1.935888,2.386201,1.199986,-6.132818e-07,1.476786e-05,2.085823,2.349175,1.199982,-6.324148e-07,-3.768463e-05,7.523287e-07,-1.67933e-10,7.546768e-07,2.717015e-07,-1.087552e-11,2.720078e-07
0.0006129229,2.97,2.97,1.2,0.5889564,1.935888,2.386201,1.199986,-6.106842e-07,1.501422e-05,2.085823,2.349175,1.199982,-6.284312e-07,-3.731367e-05,7.523292e-07,-1.678113e-10,7.54676e-07,2.717015e-07,-1.080869e-11,2.720063e-07
0.0006133229,2.97,2.97,1.2,0.5906647,1.935888,2.386201,1.199986,-6.080556e-07,1.525964e-05,2.085823,2.349175,1.199982,-6.245092e-07,-3.694478e-05,7.523297e-07,-1.676899e-10,7.546752e-07,2.717014e-07,-1.074185e-11,2.720048e-07
0.0006137229,2.97,2.97,1.2,0.5922911,1.935888,2.386201,1.199986,-6.054465e-07,1.550412e-05,2.085823,2.349175,1.199982,-6.206701e-07,-3.657796e-05,7.523301e-07,-1.675688e-10,7.546744e-07,2.717014e-07,-1.06759e-11,2.720033e-07
0.0006141229,2.97,2.97,1.2,0.593841,1.935888,2.386201,1.199986,-6.028664e-07,1.574765e-05,2.085823,2.349175,1.199983,-6.168428e-07,-3.621319e-05,7.523306e-07,-1.674485e-10,7.546736e-07,2.717014e-07,-1.060996e-11,2.720018e-07
0.0006145229,2.97,2.97,1.2,0.5953197,1.935888,2.386201,1.199986,-6.002792e-07,1.599024e-05,2.085823,2.349175,1.199983,-6.130281e-07,-3.585047e-05,7.523311e-07,-1.673286e-10,7.546728e-07,2.717013e-07,-1.054423e-11,2.720003e-07
0.0006149229,2.97,2.97,1.2,0.5967321,1.935888,2.386201,1.199986,-5.977202e-07,1.623189e-05,2.085823,2.349175,1.199983,-6.091971e-07,-3.548977e-05,7.523315e-07,-1.672091e-10,7.546721e-07,2.717013e-07,-1.047873e-11,2.719988e-07
0.0006153229,2.97,2.97,1.2,0.5980824,1.935888,2.386201,1.199986,-5.951462e-07,1.647262e-05,2.085823,2.349175,1.199983,-6.053777e-07,-3.513109e-05,7.52332e-07,-1.670906e-10,7.546713e-07,2.717013e-07,-1.041389e-11,2.719974e-07
0.0006157229,2.97,2.97,1.2,0.5993749,1.935888,2.386201,1.199986,-5.925973e-07,1.671242e-05,2.085823,2.349175,1.199983,-6.015883e-07,-3.477442e-05,7.523325e-07,-1.669722e-10,7.546705e-07,2.717012e-07,-1.034972e-11,2.719959e-07
0.0006161229,2.97,2.97,1.2,0.6006134,1.935888,2.386201,1.199986,-5.900728e-07,1.695129e-05,2.085823,2.349176,1.199983,-5.97831e-07,-3.441975e-05,7.523329e-07,-1.668548e-10,7.546697e-07,2.717012e-07,-1.028555e-11,2.719944e-07
0.0006165229,2.97,2.97,1.2,0.6018016,1.935888,2.386201,1.199986,-5.875199e-07,1.718925e-05,2.085823,2.349176,1.199983,-5.941168e-07,-3.406706e-05,7.523334e-07,-1.667373e-10,7.546689e-07,2.717011e-07,-1.02216e-11,2.71993e-07
0.0006169229,2.97,2.97,1.2,0.6029428,1.935888,2.386201,1.199986,-5.850036e-07,1.742628e-05,2.085823,2.349176,1.199983,-5.903817e-07,-3.371634e-05,7.523338e-07,-1.666207e-10,7.546682e-07,2.717011e-07,-1.015832e-11,2.719915e-07
0.0006173229,2.97,2.97,1.2,0.6040401,1.935888,2.386201,1.199986,-5.824888e-07,1.766241e-05,2.085823,2.349176,1.199983,-5.86683e-07,-3.336759e-05,7.523343e-07,-1.665048e-10,7.546674e-07,2.717011e-07,-1.009526e-11,2.719901e-07
0.0006177229,2.97,2.97,1.2,0.6050964,1.935888,2.386201,1.199986,-5.799927e-07,1.789762e-05,2.085823,2.349176,1.199983,-5.83066e-07,-3.302079e-05,7.523347e-07,-1.663891e-10,7.546666e-07,2.71701e-07,-1.003242e-11,2.719886e-07
0.0006181229,2.97,2.97,1.2,0.6061146,1.935888,2.386201,1.199986,-5.774889e-07,1.813193e-05,2.085823,2.349176,1.199983,-5.793298e-07,-3.267593e-05,7.523352e-07,-1.662739e-10,7.546659e-07,2.71701e-07,-9.970247e-12,2.719872e-07
0.0006185229,2.97,2.97,1.2,0.6070971,1.935888,2.386201,1.199986,-5.750005e-07,1.836533e-05,2.085823,2.349176,1.199983,-5.756642e-07,-3.2333e-05,7.523356e-07,-1.661591e-10,7.546651e-07,2.71701e-07,-9.908074e-12,2.719858e-07
0.0006189229,2.97,2.97,1.2,0.6080464,1.935888,2.386201,1.199986,-5.72529e-07,1.859784e-05,2.085823,2.349176,1.199983,-5.721118e-07,-3.199199e-05,7.523361e-07,-1.66045e-10,7.546644e-07,2.717009e-07,-9.846346e-12,2.719844e-07
0.0006193229,2.97,2.97,1.2,0.6089648,1.935888,2.386201,1.199986,-5.700676e-07,1.882944e-05,2.085823,2.349176,1.199983,-5.684872e-07,-3.165288e-05,7.523365e-07,-1.659315e-10,7.546636e-07,2.717009e-07,-9.785062e-12,2.71983e-07
0.0006197229,2.97,2.97,1.2,0.6098542,1.935888,2.386201,1.199986,-5.676083e-07,1.906016e-05,2.085823,2.349176,1.199983,-5.64979e-07,-3.131568e-05,7.523369e-07,-1.658185e-10,7.546629e-07,2.717008e-07,-9.724221e-12,2.719816e-07
0.0006201229,2.97,2.97,1.2,0.6107168,1.935888,2.386201,1.199986,-5.651603e-07,1.928999e-05,2.085823,2.349176,1.199983,-5.613867e-07,-3.098036e-05,7.523374e-07,-1.657057e-10,7.546621e-07,2.717008e-07,-9.663603e-12,2.719802e-07
0.0006205229,2.97,2.97,1.2,0.6115543,1.935888,2.386201,1.199986,-5.627221e-07,1.951893e-05,2.085823,2.349176,1.199983,-5.578554e-07,-3.064692e-05,7.523378e-07,-1.655935e-10,7.546614e-07,2.717008e-07,-9.603207e-12,2.719788e-07
0.0006209229,2.97,2.97,1.2,0.6123684,1.935888,2.386201,1.199986,-5.602971e-07,1.974699e-05,2.085823,2.349176,1.199983,-5.543073e-07,-3.031534e-05,7.523382e-07,-1.654819e-10,7.546606e-07,2.717007e-07,-9.543255e-12,2.719775e-07
0.0006213229,2.97,2.97,1.2,0.6131608,1.935888,2.386201,1.199986,-5.578746e-07,1.997417e-05,2.085823,2.349176,1.199983,-5.508416e-07,-2.998562e-05,7.523387e-07,-1.653708e-10,7.546599e-07,2.717007e-07,-9.483747e-12,2.719761e-07
0.0006217229,2.97,2.97,1.2,0.613933,1.935888,2.386201,1.199986,-5.554737e-07,2.020047e-05,2.085823,2.349176,1.199983,-5.473295e-07,-2.965774e-05,7.523391e-07,-1.6526e-10,7.546592e-07,2.717007e-07,-9.424683e-12,2.719747e-07
0.0006221229,2.97,2.97,1.2,0.6146864,1.935888,2.386201,1.199986,-5.53068e-07,2.042591e-05,2.085823,2.349176,1.199983,-5.438898e-07,-2.93317e-05,7.523395e-07,-1.651497e-10,7.546584e-07,2.717006e-07,-9.365841e-12,2.719734e-07
0.0006225229,2.97,2.97,1.2,0.6154222,1.935888,2.386201,1.199986,-5.506849e-07,2.065047e-05,2.085823,2.349176,1.199983,-5.40443e-07,-2.900748e-05,7.523399e-07,-1.650402e-10,7.546577e-07,2.717006e-07,-9.307222e-12,2.71972e-07
0.0006229229,2.97,2.97,1.2,0.6161418,1.935888,2.386201,1.199986,-5.482975e-07,2.087417e-05,2.085823,2.349176,1.199983,-5.370128e-07,-2.868508e-05,7.523403e-07,-1.649307e-10,7.54657e-07,2.717006e-07,-9.248602e-12,2.719707e-07
0.0006233229,2.97,2.97,1.2,0.6168463,1.935888,2.386201,1.199986,-5.459262e-07,2.109701e-05,2.085823,2.349176,1.199983,-5.336277e-07,-2.836448e-05,7.523408e-07,-1.648222e-10,7.546563e-07,2.717005e-07,-9.19087e-12,2.719694e-07
0.0006237229,2.97,2.97,1.2,0.6175367,1.935888,2.386201,1.199986,-5.43572e-07,2.131899e-05,2.085823,2.349176,1.199983,-5.302867e-07,-2.804567e-05,7.523412e-07,-1.647136e-10,7.546555e-07,2.717005e-07,-9.133139e-12,2.719681e-07
0.0006241229,2.97,2.97,1.2,0.6182141,1.935888,2.386201,1.199986,-5.412117e-07,2.154011e-05,2.085823,2.349176,1.199983,-5.268868e-07,-2.772865e-05,7.523416e-07,-1.646061e-10,7.546548e-07,2.717004e-07,-9.076295e-12,2.719668e-07
0.0006245229,2.97,2.97,1.2,0.6188793,1.935888,2.386201,1.199986,-5.388638e-07,2.176038e-05,2.085823,2.349176,1.199983,-5.23539e-07,-2.74134e-05,7.52342e-07,-1.644986e-10,7.546541e-07,2.717004e-07,-9.01923e-12,2.719654e-07
0.0006249229,2.97,2.97,1.2,0.6195334,1.935888,2.386201,1.199986,-5.365288e-07,2.19798e-05,2.085823,2.349176,1.199983,-5.201953e-07,-2.709992e-05,7.523424e-07,-1.643918e-10,7.546534e-07,2.717004e-07,-8.962608e-12,2.719642e-07
0.0006253229,2.97,2.97,1.2,0.6201769,1.935888,2.386201,1.199986,-5.342105e-07,2.219838e-05,2.085823,2.349176,1.199983,-5.169237e-07,-2.678819e-05,7.523428e-07,-1.642853e-10,7.546527e-07,2.717003e-07,-8.906209e-12,2.719629e-07
0.0006257229,2.97,2.97,1.2,0.6208108,1.935888,2.386201,1.199986,-5.318918e-07,2.241612e-05,2.085823,2.349176,1.199983,-5.136316e-07,-2.64782e-05,7.523432e-07,-1.641793e-10,7.54652e-07,2.717003e-07,-8.850476e-12,2.719616e-07
0.0006261229,2.97,2.97,1.2,0.6214357,1.935888,2.386201,1.199986,-5.295828e-07,2.263301e-05,2.085823,2.349176,1.199983,-5.103368e-07,-2.616995e-05,7.523436e-07,-1.640739e-10,7.546513e-07,2.717003e-07,-8.794299e-12,2.719603e-07
0.0006265229,2.97,2.97,1.2,0.6220523,1.935888,2.386201,1.199986,-5.272815e-07,2.284907e-05,2.085823,2.349176,1.199983,-5.070904e-07,-2.586343e-05,7.52344e-07,-1.639686e-10,7.546506e-07,2.717002e-07,-8.73901e-12,2.71959e-07
0.0006269229,2.97,2.97,1.2,0.6226612,1.935888,2.386201,1.199986,-5.249809e-07,2.30643e-05,2.085823,2.349176,1.199983,-5.03856e-07,-2.555861e-05,7.523444e-07,-1.638643e-10,7.546499e-07,2.717002e-07,-8.68372e-12,2.719578e-07
0.0006273229,2.97,2.97,1.2,0.623263,1.935888,2.386201,1.199986,-5.227073e-07,2.32787e-05,2.085823,2.349176,1.199983,-5.006436e-07,-2.525551e-05,7.523448e-07,-1.637601e-10,7.546492e-07,2.717002e-07,-8.629319e-12,2.719565e-07
0.0006277229,2.97,2.97,1.2,0.6238581,1.935888,2.386201,1.199986,-5.20429e-07,2.349227e-05,2.085823,2.349176,1.199983,-4.974403e-07,-2.49541e-05,7.523452e-07,-1.636564e-10,7.546485e-07,2.717001e-07,-8.574919e-12,2.719553e-07
0.0006281229,2.97,2.97,1.2,0.6244471,1.935888,2.386201,1.199986,-5.181672e-07,2.370502e-05,2.085823,2.349176,1.199983,-4.942182e-07,-2.465437e-05,7.523456e-07,-1.635529e-10,7.546478e-07,2.717001e-07,-8.52074e-12,2.71954e-07
0.0006285229,2.97,2.97,1.2,0.6250304,1.935888,2.386201,1.199986,-5.159061e-07,2.391695e-05,2.085823,2.349176,1.199983,-4.910598e-07,-2.435632e-05,7.52346e-07,-1.634501e-10,7.546471e-07,2.717001e-07,-8.466783e-12,2.719528e-07
0.0006289229,2.97,2.97,1.2,0.6256085,1.935888,2.386201,1.199986,-5.136613e-07,2.412806e-05,2.085823,2.349176,1.199983,-4.879224e-07,-2.405994e-05,7.523464e-07,-1.633478e-10,7.546464e-07,2.717e-07,-8.41327e-12,2.719516e-07
0.0006293229,2.97,2.97,1.2,0.6261817,1.935888,2.386201,1.199986,-5.114248e-07,2.433836e-05,2.085823,2.349176,1.199983,-4.848208e-07,-2.376522e-05,7.523468e-07,-1.632456e-10,7.546457e-07,2.717e-07,-8.360201e-12,2.719504e-07
0.0006297229,2.97,2.97,1.2,0.6267505,1.935888,2.386201,1.199986,-5.091935e-07,2.454785e-05,2.085823,2.349176,1.199983,-4.817212e-07,-2.347215e-05,7.523472e-07,-1.631444e-10,7.546451e-07,2.716999e-07,-8.307355e-12,2.719491e-07
0.0006301229,2.97,2.97,1.2,0.6273151,1.935888,2.386201,1.199986,-5.069576e-07,2.475654e-05,2.085823,2.349176,1.199983,-4.786533e-07,-2.318071e-05,7.523475e-07,-1.630431e-10,7.546444e-07,2.716999e-07,-8.25473e-12,2.719479e-07
0.0006305229,2.97,2.97,1.2,0.6278758,1.935888,2.386201,1.199986,-5.047479e-07,2.496442e-05,2.085823,2.349176,1.199983,-4.75553e-07,-2.289091e-05,7.523479e-07,-1.629428e-10,7.546437e-07,2.716999e-07,-8.202772e-12,2.719467e-07
0.0006309229,2.97,2.97,1.2,0.6284331,1.935888,2.386201,1.199986,-5.025548e-07,2.517149e-05,2.085823,2.349176,1.199983,-4.725122e-07,-2.260273e-05,7.523483e-07,-1.628424e-10,7.54643e-07,2.716998e-07,-8.150369e-12,2.719455e-07
0.0006313229,2.97,2.97,1.2,0.628987,1.935888,2.386201,1.199986,-5.003571e-07,2.537777e-05,2.085823,2.349176,1.199983,-4.694466e-07,-2.231616e-05,7.523487e-07,-1.627429e-10,7.546424e-07,2.716998e-07,-8.098633e-12,2.719444e-07
0.0006317229,2.97,2.97,1.2,0.6295379,1.935888,2.386201,1.199986,-4.981764e-07,2.558326e-05,2.085823,2.349176,1.199983,-4.664431e-07,-2.203119e-05,7.52349e-07,-1.626435e-10,7.546417e-07,2.716998e-07,-8.047341e-12,2.719432e-07
0.0006321229,2.97,2.97,1.2,0.6300861,1.935888,2.386201,1.199986,-4.959885e-07,2.578795e-05,2.085823,2.349176,1.199983,-4.634195e-07,-2.174782e-05,7.523494e-07,-1.625444e-10,7.54641e-07,2.716997e-07,-7.99627e-12,2.71942e-07
0.0006325229,2.97,2.97,1.2,0.6306316,1.935888,2.386201,1.199986,-4.938226e-07,2.599186e-05,2.085823,2.349176,1.199983,-4.604156e-07,-2.146603e-05,7.523498e-07,-1.624458e-10,7.546404e-07,2.716997e-07,-7.944978e-12,2.719408e-07
0.0006329229,2.97,2.97,1.2,0.6311748,1.935888,2.386201,1.199986,-4.916549e-07,2.619498e-05,2.085823,2.349176,1.199983,-4.574527e-07,-2.118582e-05,7.523502e-07,-1.623479e-10,7.546397e-07,2.716997e-07,-7.894574e-12,2.719397e-07
0.0006333229,2.97,2.97,1.2,0.6317158,1.935888,2.386201,1.199986,-4.894999e-07,2.639731e-05,2.085823,2.349176,1.199983,-4.544624e-07,-2.090718e-05,7.523505e-07,-1.622502e-10,7.54639e-07,2.716997e-07,-7.84417e-12,2.719385e-07
0.0006337229,2.97,2.97,1.2,0.6322548,1.935888,2.386201,1.199986,-4.873602e-07,2.659887e-05,2.085823,2.349176,1.199983,-4.515816e-07,-2.063009e-05,7.523509e-07,-1.621532e-10,7.546384e-07,2.716996e-07,-7.79421e-12,2.719374e-07
0.0006341229,2.97,2.97,1.2,0.6327919,1.935888,2.386201,1.199986,-4.852187e-07,2.679965e-05,2.085823,2.349176,1.199983,-4.486232e-07,-2.035456e-05,7.523513e-07,-1.620561e-10,7.546377e-07,2.716996e-07,-7.74425e-12,2.719362e-07
0.0006345229,2.97,2.97,1.2,0.6333273,1.935888,2.386201,1.199986,-4.830902e-07,2.699966e-05,2.085823,2.349176,1.199983,-4.457266e-07,-2.008057e-05,7.523516e-07,-1.6196e-10,7.546371e-07,2.716996e-07,-7.695178e-12,2.719351e-07
0.0006349229,2.97,2.97,1.2,0.6338611,1.935888,2.386201,1.199986,-4.809797e-07,2.719889e-05,2.085823,2.349176,1.199983,-4.428251e-07,-1.980811e-05,7.52352e-07,-1.618639e-10,7.546364e-07,2.716995e-07,-7.645662e-12,2.71934e-07
0.0006353229,2.97,2.97,1.2,0.6343935,1.935888,2.386201,1.199986,-4.788618e-07,2.739736e-05,2.085823,2.349176,1.199983,-4.399567e-07,-1.953717e-05,7.523523e-07,-1.617684e-10,7.546358e-07,2.716995e-07,-7.597034e-12,2.719329e-07
0.0006357229,2.97,2.97,1.2,0.6349245,1.935888,2.386201,1.199986,-4.767503e-07,2.759507e-05,2.085823,2.349176,1.199983,-4.371275e-07,-1.926775e-05,7.523527e-07,-1.616733e-10,7.546352e-07,2.716995e-07,-7.548406e-12,2.719317e-07
0.0006361229,2.97,2.97,1.2,0.6354542,1.935888,2.386201,1.199986,-4.746518e-07,2.779201e-05,2.085823,2.349176,1.199983,-4.342291e-07,-1.899984e-05,7.52353e-07,-1.615785e-10,7.546345e-07,2.716994e-07,-7.499779e-12,2.719306e-07
0.0006365229,2.97,2.97,1.2,0.6359829,1.935888,2.386201,1.199986,-4.725651e-07,2.798819e-05,2.085823,2.349176,1.199983,-4.31422e-07,-1.873342e-05,7.523534e-07,-1.614842e-10,7.546339e-07,2.716994e-07,-7.452039e-12,2.719295e-07
0.0006369229,2.97,2.97,1.2,0.6365105,1.935888,2.386201,1.199986,-4.704834e-07,2.818362e-05,2.085823,2.349176,1.199983,-4.286331e-07,-1.84685e-05,7.523538e-07,-1.613905e-10,7.546332e-07,2.716994e-07,-7.403855e-12,2.719284e-07
0.0006373229,2.97,2.97,1.2,0.6370371,1.935888,2.386201,1.199986,-4.684137e-07,2.83783e-05,2.085823,2.349176,1.199983,-4.258043e-07,-1.820505e-05,7.523541e-07,-1.612968e-10,7.546326e-07,2.716993e-07,-7.35656e-12,2.719274e-07
0.0006377229,2.97,2.97,1.2,0.6375628,1.935888,2.386201,1.199986,-4.663477e-07,2.857222e-05,2.085823,2.349176,1.199983,-4.230336e-07,-1.794308e-05,7.523545e-07,-1.612037e-10,7.54632e-07,2.716993e-07,-7.309264e-12,2.719263e-07
0.0006381229,2.97,2.97,1.2,0.6380877,1.935888,2.386201,1.199986,-4.642899e-07,2.87654e-05,2.085823,2.349176,1.199983,-4.202788e-07,-1.768258e-05,7.523548e-07,-1.611109e-10,7.546314e-07,2.716993e-07,-7.262413e-12,2.719252e-07
0.0006385229,2.97,2.97,1.2,0.6386119,1.935888,2.386201,1.199986,-4.622479e-07,2.895784e-05,2.085823,2.349176,1.199983,-4.175276e-07,-1.742353e-05,7.523551e-07,-1.610188e-10,7.546307e-07,2.716992e-07,-7.215561e-12,2.719241e-07
0.0006389229,2.97,2.97,1.2,0.6391354,1.935888,2.386201,1.199986,-4.601986e-07,2.914953e-05,2.085823,2.349176,1.199983,-4.148203e-07,-1.716593e-05,7.523555e-07,-1.609268e-10,7.546301e-07,2.716992e-07,-7.169154e-12,2.719231e-07
0.0006393229,2.97,2.97,1.2,0.6396582,1.935888,2.386201,1.199986,-4.581684e-07,2.934048e-05,2.085823,2.349176,1.199983,-4.120778e-07,-1.690978e-05,7.523558e-07,-1.608353e-10,7.546295e-07,2.716992e-07,-7.122969e-12,2.71922e-07
0.0006397229,2.97,2.97,1.2,0.6401805,1.935888,2.386201,1.199986,-4.561472e-07,2.95307e-05,2.085823,2.349176,1.199983,-4.093954e-07,-1.665505e-05,7.523562e-07,-1.607441e-10,7.546289e-07,2.716991e-07,-7.076784e-12,2.71921e-07
0.0006401229,2.97,2.97,1.2,0.6407022,1.935888,2.386201,1.199986,-4.541244e-07,2.972019e-05,2.085823,2.349176,1.199983,-4.066884e-07,-1.640175e-05,7.523565e-07,-1.606533e-10,7.546283e-07,2.716991e-07,-7.031264e-12,2.719199e-07
0.0006405229,2.97,2.97,1.2,0.6412234,1.935888,2.386201,1.199986,-4.521202e-07,2.990894e-05,2.085823,2.349176,1.199983,-4.04009e-07,-1.614987e-05,7.523568e-07,-1.605629e-10,7.546276e-07,2.716991e-07,-6.985967e-12,2.719189e-07
0.0006409229,2.97,2.97,1.2,0.6417442,1.935888,2.386201,1.199986,-4.501212e-07,3.009697e-05,2.085823,2.349176,1.199983,-4.013753e-07,-1.58994e-05,7.523572e-07,-1.604732e-10,7.54627e-07,2.716991e-07,-6.940448e-12,2.719178e-07
0.0006413229,2.97,2.97,1.2,0.6422646,1.935888,2.386201,1.199986,-4.481226e-07,3.028428e-05,2.085823,2.349176,1.199983,-3.987016e-07,-1.565033e-05,7.523575e-07,-1.603835e-10,7.546264e-07,2.71699e-07,-6.895817e-12,2.719168e-07
0.0006417229,2.97,2.97,1.2,0.6427846,1.935888,2.386201,1.199986,-4.461354e-07,3.047086e-05,2.085823,2.349176,1.199983,-3.960603e-07,-1.540265e-05,7.523578e-07,-1.602942e-10,7.546258e-07,2.71699e-07,-6.850964e-12,2.719158e-07
0.0006421229,2.97,2.97,1.2,0.6433042,1.935888,2.386201,1.199986,-4.441501e-07,3.065673e-05,2.085823,2.349176,1.199983,-3.934634e-07,-1.515635e-05,7.523582e-07,-1.602052e-10,7.546252e-07,2.71699e-07,-6.806555e-12,2.719148e-07
0.0006425229,2.97,2.97,1.2,0.6438235,1.935888,2.386201,1.199986,-4.42182e-07,3.084187e-05,2.085823,2.349176,1.199983,-3.908871e-07,-1.491143e-05,7.523585e-07,-1.601168e-10,7.546246e-07,2.716989e-07,-6.762368e-12,2.719137e-07
0.0006429229,2.97,2.97,1.2,0.6443425,1.935888,2.386201,1.199986,-4.402235e-07,3.102631e-05,2.085823,2.349176,1.199983,-3.883105e-07,-1.466789e-05,7.523588e-07,-1.600289e-10,7.54624e-07,2.716989e-07,-6.718404e-12,2.719127e-07
0.0006433229,2.97,2.97,1.2,0.6448613,1.935888,2.386201,1.199986,-4.382609e-07,3.121003e-05,2.085823,2.349176,1.199983,-3.85718e-07,-1.44257e-05,7.523591e-07,-1.599414e-10,7.546234e-07,2.716989e-07,-6.674661e-12,2.719117e-07
0.0006437229,2.97,2.97,1.2,0.6453798,1.935888,2.386201,1.199986,-4.363185e-07,3.139305e-05,2.085823,2.349176,1.199983,-3.831794e-07,-1.418487e-05,7.523595e-07,-1.598541e-10,7.546228e-07,2.716989e-07,-6.631362e-12,2.719107e-07
0.0006441229,2.97,2.97,1.2,0.6458981,1.935888,2.386201,1.199986,-4.343721e-07,3.157536e-05,2.085823,2.349176,1.199983,-3.806524e-07,-1.394539e-05,7.523598e-07,-1.597671e-10,7.546222e-07,2.716988e-07,-6.588508e-12,2.719098e-07
0.0006445229,2.97,2.97,1.2,0.6464161,1.935888,2.386201,1.199986,-4.324401e-07,3.175697e-05,2.085823,2.349176,1.199983,-3.781257e-07,-1.370725e-05,7.523601e-07,-1.596807e-10,7.546216e-07,2.716988e-07,-6.545431e-12,2.719088e-07
0.0006449229,2.97,2.97,1.2,0.646934,1.935888,2.386201,1.199986,-4.305112e-07,3.193788e-05,2.085823,2.349176,1.199983,-3.755761e-07,-1.347043e-05,7.523604e-07,-1.595946e-10,7.546211e-07,2.716988e-07,-6.502576e-12,2.719078e-07
0.0006453229,2.97,2.97,1.2,0.6474517,1.935888,2.386201,1.199986,-4.285886e-07,3.21181e-05,2.085823,2.349176,1.199983,-3.730959e-07,-1.323495e-05,7.523607e-07,-1.595086e-10,7.546205e-07,2.716988e-07,-6.460166e-12,2.719068e-07
0.0006457229,2.97,2.97,1.2,0.6479693,1.935888,2.386201,1.199986,-4.266843e-07,3.229762e-05,2.085823,2.349176,1.199983,-3.705705e-07,-1.300078e-05,7.52361e-07,-1.594231e-10,7.546199e-07,2.716987e-07,-6.417977e-12,2.719059e-07
0.0006461229,2.97,2.97,1.2,0.6484867,1.935888,2.386201,1.199986,-4.247831e-07,3.247644e-05,2.085823,2.349176,1.199983,-3.68136e-07,-1.276792e-05,7.523614e-07,-1.593381e-10,7.546193e-07,2.716987e-07,-6.375789e-12,2.719049e-07
0.0006465229,2.97,2.97,1.2,0.6490039,1.935888,2.386201,1.199986,-4.228897e-07,3.265458e-05,2.085823,2.349176,1.199983,-3.656455e-07,-1.253636e-05,7.523617e-07,-1.592533e-10,7.546187e-07,2.716987e-07,-6.334488e-12,2.71904e-07
0.0006469229,2.97,2.97,1.2,0.6495211,1.935888,2.386201,1.199986,-4.209965e-07,3.283203e-05,2.085823,2.349176,1.199983,-3.63228e-07,-1.23061e-05,7.52362e-07,-1.591691e-10,7.546182e-07,2.716987e-07,-6.292522e-12,2.71903e-07
0.0006473229,2.97,2.97,1.2,0.6500381,1.935888,2.386201,1.199986,-4.191173e-07,3.30088e-05,2.085823,2.349176,1.199983,-3.608052e-07,-1.207712e-05,7.523623e-07,-1.59085e-10,7.546176e-07,2.716986e-07,-6.251444e-12,2.719021e-07
0.0006477229,2.97,2.97,1.2,0.650555,1.935888,2.386201,1.199986,-4.172374e-07,3.318489e-05,2.085823,2.349176,1.199983,-3.583937e-07,-1.184942e-05,7.523626e-07,-1.590017e-10,7.54617e-07,2.716986e-07,-6.210366e-12,2.719011e-07
0.0006481229,2.97,2.97,1.2,0.6510719,1.935888,2.386201,1.199986,-4.153727e-07,3.33603e-05,2.085823,2.349176,1.199983,-3.559563e-07,-1.1623e-05,7.523629e-07,-1.589182e-10,7.546164e-07,2.716986e-07,-6.169731e-12,2.719002e-07
0.0006485229,2.97,2.97,1.2,0.6515886,1.935888,2.386201,1.199986,-4.135074e-07,3.353504e-05,2.085823,2.349176,1.199983,-3.536099e-07,-1.139785e-05,7.523632e-07,-1.588354e-10,7.546159e-07,2.716985e-07,-6.129097e-12,2.718992e-07
0.0006489229,2.97,2.97,1.2,0.6521053,1.935888,2.386201,1.199986,-4.116544e-07,3.37091e-05,2.085823,2.349176,1.199983,-3.512089e-07,-1.117395e-05,7.523635e-07,-1.587528e-10,7.546153e-07,2.716985e-07,-6.088907e-12,2.718983e-07
0.0006493229,2.97,2.97,1.2,0.6526219,1.935888,2.386201,1.199986,-4.098036e-07,3.388249e-05,2.085823,2.349176,1.199983,-3.488422e-07,-1.095131e-05,7.523638e-07,-1.586709e-10,7.546147e-07,2.716985e-07,-6.049161e-12,2.718974e-07
0.0006497229,2.97,2.97,1.2,0.6531384,1.935888,2.386201,1.199986,-4.079757e-07,3.405521e-05,2.085823,2.349176,1.199983,-3.465236e-07,-1.072991e-05,7.523641e-07,-1.585889e-10,7.546142e-07,2.716985e-07,-6.009193e-12,2.718965e-07
0.0006501229,2.97,2.97,1.2,0.6536549,1.935888,2.386201,1.199986,-4.061365e-07,3.422727e-05,2.085823,2.349176,1.199983,-3.441648e-07,-1.050975e-05,7.523644e-07,-1.585074e-10,7.546136e-07,2.716984e-07,-5.969447e-12,2.718956e-07
0.0006505229,2.97,2.97,1.2,0.6541713,1.935888,2.386201,1.199986,-4.043156e-07,3.439866e-05,2.085823,2.349176,1.199983,-3.418894e-07,-1.029082e-05,7.523647e-07,-1.584262e-10,7.546131e-07,2.716984e-07,-5.929923e-12,2.718947e-07
0.0006509229,2.97,2.97,1.2,0.6546877,1.935888,2.386201,1.199986,-4.02492e-07,3.45694e-05,2.085823,2.349176,1.199983,-3.395418e-07,-1.007312e-05,7.52365e-07,-1.583456e-10,7.546125e-07,2.716984e-07,-5.891065e-12,2.718938e-07
0.0006513229,2.97,2.97,1.2,0.655204,1.935888,2.386201,1.199986,-4.006795e-07,3.473947e-05,2.085823,2.349176,1.199983,-3.372602e-07,-9.856629e-06,7.523653e-07,-1.58265e-10,7.54612e-07,2.716984e-07,-5.851764e-12,2.718929e-07
0.0006517229,2.97,2.97,1.2,0.6557203,1.935888,2.386201,1.199986,-3.988819e-07,3.49089e-05,2.085823,2.349176,1.199983,-3.349707e-07,-9.641352e-06,7.523656e-07,-1.58185e-10,7.546114e-07,2.716983e-07,-5.812906e-12,2.71892e-07
0.0006521229,2.97,2.97,1.2,0.6562366,1.935888,2.386201,1.199986,-3.970848e-07,3.507767e-05,2.085823,2.349176,1.199983,-3.326991e-07,-9.427279e-06,7.523659e-07,-1.581051e-10,7.546109e-07,2.716983e-07,-5.774714e-12,2.718911e-07
0.0006525229,2.97,2.97,1.2,0.6567528,1.935888,2.386201,1.199986,-3.952955e-07,3.524578e-05,2.085823,2.349176,1.199983,-3.304106e-07,-9.214404e-06,7.523662e-07,-1.580256e-10,7.546103e-07,2.716983e-07,-5.7363e-12,2.718902e-07
0.0006529229,2.97,2.97,1.2,0.6572689,1.935888,2.386201,1.199986,-3.935087e-07,3.541326e-05,2.085823,2.349176,1.199983,-3.282024e-07,-9.002719e-06,7.523664e-07,-1.579465e-10,7.546098e-07,2.716983e-07,-5.698109e-12,2.718894e-07
0.0006533229,2.97,2.97,1.2,0.6577851,1.935888,2.386201,1.199986,-3.917356e-07,3.558008e-05,2.085823,2.349176,1.199983,-3.25961e-07,-8.792217e-06,7.523667e-07,-1.578677e-10,7.546092e-07,2.716982e-07,-5.660139e-12,2.718885e-07
0.0006537229,2.97,2.97,1.2,0.6583012,1.935888,2.386201,1.199986,-3.899655e-07,3.574627e-05,2.085823,2.349176,1.199983,-3.237094e-07,-8.582893e-06,7.52367e-07,-1.577893e-10,7.546087e-07,2.716982e-07,-5.622391e-12,2.718876e-07
0.0006541229,2.97,2.97,1.2,0.6588173,1.935888,2.386201,1.199986,-3.882007e-07,3.591181e-05,2.085823,2.349176,1.199983,-3.21462e-07,-8.374739e-06,7.523673e-07,-1.577112e-10,7.546082e-07,2.716982e-07,-5.585088e-12,2.718868e-07
0.0006545229,2.97,2.97,1.2,0.6593334,1.935888,2.386201,1.199986,-3.864442e-07,3.607672e-05,2.085823,2.349176,1.199983,-3.192796e-07,-8.16775e-06,7.523676e-07,-1.576335e-10,7.546076e-07,2.716982e-07,-5.547784e-12,2.718859e-07
0.0006549229,2.97,2.97,1.2,0.6598494,1.935888,2.386201,1.199986,-3.846955e-07,3.624099e-05,2.085823,2.349176,1.199983,-3.17146e-07,-7.961918e-06,7.523679e-07,-1.575562e-10,7.546071e-07,2.716981e-07,-5.510481e-12,2.718851e-07
0.0006553229,2.97,2.97,1.2,0.6603655,1.935887,2.386201,1.199986,-3.829564e-07,3.640463e-05,2.085823,2.349176,1.199983,-3.149621e-07,-7.757237e-06,7.523681e-07,-1.574789e-10,7.546065e-07,2.716981e-07,-5.473844e-12,2.718842e-07
0.0006557229,2.97,2.97,1.2,0.6608815,1.935887,2.386201,1.199986,-3.812171e-07,3.656764e-05,2.085823,2.349176,1.199983,-3.127961e-07,-7.5537e-06,7.523684e-07,-1.574023e-10,7.54606e-07,2.716981e-07,-5.437206e-12,2.718834e-07
0.0006561229,2.97,2.97,1.2,0.6613975,1.935887,2.386201,1.199986,-3.794913e-07,3.673002e-05,2.085823,2.349176,1.199983,-3.106752e-07,-7.351302e-06,7.523687e-07,-1.573259e-10,7.546055e-07,2.716981e-07,-5.401013e-12,2.718826e-07
0.0006565229,2.97,2.97,1.2,0.6619135,1.935887,2.386201,1.199986,-3.777635e-07,3.689177e-05,2.085823,2.349176,1.199983,-3.084836e-07,-7.150035e-06,7.52369e-07,-1.5725e-10,7.54605e-07,2.716981e-07,-5.364598e-12,2.718817e-07
0.0006569229,2.97,2.97,1.2,0.6624295,1.935887,2.386201,1.199986,-3.760542e-07,3.70529e-05,2.085823,2.349176,1.199983,-3.064136e-07,-6.949894e-06,7.523692e-07,-1.571741e-10,7.546044e-07,2.71698e-07,-5.328626e-12,2.718809e-07
0.0006573229,2.97,2.97,1.2,0.6629454,1.935887,2.386201,1.199986,-3.743399e-07,3.721342e-05,2.085823,2.349176,1.199983,-3.042376e-07,-6.750872e-06,7.523695e-07,-1.570986e-10,7.546039e-07,2.71698e-07,-5.292877e-12,2.718801e-07
0.0006577229,2.97,2.97,1.2,0.6634614,1.935887,2.386201,1.199986,-3.726368e-07,3.737331e-05,2.085823,2.349176,1.199983,-3.021609e-07,-6.552963e-06,7.523698e-07,-1.570235e-10,7.546034e-07,2.71698e-07,-5.257128e-12,2.718793e-07
0.0006581229,2.97,2.97,1.2,0.6639773,1.935887,2.386201,1.199986,-3.709487e-07,3.753259e-05,2.085823,2.349176,1.199983,-3.000489e-07,-6.356161e-06,7.5237e-07,-1.569487e-10,7.546029e-07,2.71698e-07,-5.222045e-12,2.718785e-07
0.0006585229,2.97,2.97,1.2,0.6644932,1.935887,2.386201,1.199986,-3.692542e-07,3.769125e-05,2.085823,2.349176,1.199983,-2.980159e-07,-6.160459e-06,7.523703e-07,-1.568743e-10,7.546024e-07,2.716979e-07,-5.18674e-12,2.718777e-07
0.0006589229,2.97,2.97,1.2,0.6650092,1.935887,2.386201,1.199986,-3.675711e-07,3.78493e-05,2.085823,2.349176,1.199983,-2.959374e-07,-5.965852e-06,7.523706e-07,-1.568001e-10,7.546019e-07,2.716979e-07,-5.151435e-12,2.718769e-07
0.0006593229,2.97,2.97,1.2,0.6655251,1.935887,2.386201,1.199986,-3.658946e-07,3.800675e-05,2.085823,2.349176,1.199983,-2.938785e-07,-5.772333e-06,7.523708e-07,-1.567262e-10,7.546013e-07,2.716979e-07,-5.116574e-12,2.718761e-07
0.0006597229,2.97,2.97,1.2,0.666041,1.935887,2.386201,1.199986,-3.642235e-07,3.816359e-05,2.085823,2.349176,1.199983,-2.918251e-07,-5.579896e-06,7.523711e-07,-1.566527e-10,7.546008e-07,2.716979e-07,-5.081935e-12,2.718753e-07
0.0006601229,2.97,2.97,1.2,0.6665569,1.935887,2.386201,1.199986,-3.625533e-07,3.831982e-05,2.085823,2.349176,1.199983,-2.898697e-07,-5.388534e-06,7.523714e-07,-1.565794e-10,7.546003e-07,2.716978e-07,-5.047518e-12,2.718745e-07
0.0006605229,2.97,2.97,1.2,0.6670728,1.935887,2.386201,1.199986,-3.608986e-07,3.847545e-05,2.085823,2.349176,1.199983,-2.878299e-07,-5.198243e-06,7.523716e-07,-1.565064e-10,7.545998e-07,2.716978e-07,-5.013101e-12,2.718737e-07
0.0006609229,2.97,2.97,1.2,0.6675887,1.935887,2.386201,1.199986,-3.592457e-07,3.863049e-05,2.085823,2.349176,1.199983,-2.85787e-07,-5.009016e-06,7.523719e-07,-1.56434e-10,7.545993e-07,2.716978e-07,-4.97935e-12,2.718729e-07
0.0006613229,2.97,2.97,1.2,0.6681046,1.935887,2.386201,1.199986,-3.576103e-07,3.878492e-05,2.085823,2.349176,1.199983,-2.837847e-07,-4.820847e-06,7.523721e-07,-1.563616e-10,7.545988e-07,2.716978e-07,-4.945599e-12,2.718722e-07
0.0006617229,2.97,2.97,1.2,0.6686204,1.935887,2.386201,1.199986,-3.5597e-07,3.893876e-05,2.085823,2.349176,1.199983,-2.817905e-07,-4.63373e-06,7.523724e-07,-1.562896e-10,7.545983e-07,2.716978e-07,-4.911849e-12,2.718714e-07
0.0006621229,2.97,2.97,1.2,0.6691363,1.935887,2.386201,1.199986,-3.543364e-07,3.909201e-05,2.085823,2.349176,1.199983,-2.798406e-07,-4.44766e-06,7.523727e-07,-1.562179e-10,7.545978e-07,2.716977e-07,-4.87832e-12,2.718706e-07
0.0006625229,2.97,2.97,1.2,0.6696522,1.935887,2.386201,1.199986,-3.527112e-07,3.924467e-05,2.085823,2.349176,1.199983,-2.778921e-07,-4.26263e-06,7.523729e-07,-1.561467e-10,7.545973e-07,2.716977e-07,-4.845235e-12,2.718699e-07
0.0006629229,2.97,2.97,1.2,0.670168,1.935887,2.386201,1.199986,-3.510897e-07,3.939674e-05,2.085823,2.349176,1.199983,-2.759278e-07,-4.078634e-06,7.523732e-07,-1.560754e-10,7.545968e-07,2.716977e-07,-4.812373e-12,2.718691e-07
0.0006633229,2.97,2.97,1.2,0.6706839,1.935887,2.386201,1.199986,-3.494808e-07,3.954822e-05,2.085823,2.349176,1.199983,-2.739611e-07,-3.895668e-06,7.523734e-07,-1.560048e-10,7.545963e-07,2.716977e-07,-4.77951e-12,2.718683e-07
0.0006637229,2.97,2.97,1.2,0.6711998,1.935887,2.386201,1.199986,-3.478684e-07,3.969913e-05,2.085823,2.349176,1.199983,-2.720517e-07,-3.713724e-06,7.523737e-07,-1.559346e-10,7.545958e-07,2.716976e-07,-4.74687e-12,2.718676e-07
0.0006641229,2.97,2.97,1.2,0.6717156,1.935887,2.386201,1.199986,-3.462709e-07,3.984945e-05,2.085823,2.349176,1.199983,-2.701324e-07,-3.532798e-06,7.523739e-07,-1.558644e-10,7.545954e-07,2.716976e-07,-4.714451e-12,2.718669e-07
0.0006645229,2.97,2.97,1.2,0.6722315,1.935887,2.386201,1.199986,-3.446686e-07,3.999919e-05,2.085823,2.349176,1.199983,-2.682161e-07,-3.352883e-06,7.523742e-07,-1.557947e-10,7.545949e-07,2.716976e-07,-4.682033e-12,2.718661e-07
0.0006649229,2.97,2.97,1.2,0.6727473,1.935887,2.386201,1.199986,-3.430868e-07,4.014835e-05,2.085823,2.349176,1.199983,-2.663282e-07,-3.173974e-06,7.523744e-07,-1.55725e-10,7.545944e-07,2.716976e-07,-4.649614e-12,2.718654e-07
0.0006653229,2.97,2.97,1.2,0.6732632,1.935887,2.386201,1.199986,-3.415053e-07,4.029694e-05,2.085823,2.349176,1.199983,-2.644245e-07,-2.996066e-06,7.523746e-07,-1.556557e-10,7.545939e-07,2.716976e-07,-4.61764e-12,2.718646e-07
0.0006657229,2.97,2.97,1.2,0.673779,1.935887,2.386201,1.199986,-3.399357e-07,4.044496e-05,2.085823,2.349176,1.199983,-2.625484e-07,-2.819152e-06,7.523749e-07,-1.555869e-10,7.545934e-07,2.716975e-07,-4.585887e-12,2.718639e-07
0.0006661229,2.97,2.97,1.2,0.6742948,1.935887,2.386201,1.199986,-3.383703e-07,4.059241e-05,2.085823,2.349176,1.199983,-2.606889e-07,-2.643227e-06,7.523751e-07,-1.555183e-10,7.545929e-07,2.716975e-07,-4.553913e-12,2.718632e-07
0.0006665229,2.97,2.97,1.2,0.6748107,1.935887,2.386201,1.199986,-3.367855e-07,4.073929e-05,2.085823,2.349176,1.199983,-2.588092e-07,-2.468286e-06,7.523754e-07,-1.554499e-10,7.545925e-07,2.716975e-07,-4.523049e-12,2.718625e-07
0.0006669229,2.97,2.97,1.2,0.6753265,1.935887,2.386201,1.199986,-3.352358e-07,4.08856e-05,2.085823,2.349176,1.199983,-2.569968e-07,-2.294324e-06,7.523756e-07,-1.553817e-10,7.54592e-07,2.716975e-07,-4.49174e-12,2.718618e-07
0.0006673229,2.97,2.97,1.2,0.6758423,1.935887,2.386201,1.199986,-3.336809e-07,4.103135e-05,2.085823,2.349176,1.199983,-2.551423e-07,-2.121334e-06,7.523759e-07,-1.553138e-10,7.545915e-07,2.716975e-07,-4.46021e-12,2.718611e-07
0.0006677229,2.97,2.97,1.2,0.6763582,1.935887,2.386201,1.199986,-3.321427e-07,4.117654e-05,2.085823,2.349176,1.199983,-2.533371e-07,-1.949311e-06,7.523761e-07,-1.552463e-10,7.54591e-07,2.716974e-07,-4.429346e-12,2.718603e-07
0.0006681229,2.97,2.97,1.2,0.676874,1.935887,2.386201,1.199986,-3.30597e-07,4.132117e-05,2.085823,2.349176,1.199983,-2.515171e-07,-1.77825e-06,7.523763e-07,-1.551792e-10,7.545906e-07,2.716974e-07,-4.398482e-12,2.718596e-07
0.0006685229,2.97,2.97,1.2,0.6773898,1.935887,2.386201,1.199986,-3.290599e-07,4.146525e-05,2.085823,2.349176,1.199983,-2.497205e-07,-1.608145e-06,7.523766e-07,-1.551124e-10,7.545901e-07,2.716974e-07,-4.368728e-12,2.718589e-07
0.0006689229,2.97,2.97,1.2,0.6779056,1.935887,2.386201,1.199986,-3.275356e-07,4.160876e-05,2.085823,2.349176,1.199983,-2.479144e-07,-1.438991e-06,7.523768e-07,-1.550455e-10,7.545896e-07,2.716974e-07,-4.337641e-12,2.718582e-07
0.0006693229,2.97,2.97,1.2,0.6784214,1.935887,2.386201,1.199986,-3.260109e-07,4.175173e-05,2.085823,2.349176,1.199983,-2.461546e-07,-1.270784e-06,7.52377e-07,-1.549791e-10,7.545892e-07,2.716974e-07,-4.307665e-12,2.718576e-07
0.0006697229,2.97,2.97,1.2,0.6789373,1.935887,2.386201,1.199986,-3.244997e-07,4.189415e-05,2.085823,2.349176,1.199983,-2.443719e-07,-1.103516e-06,7.523773e-07,-1.549132e-10,7.545887e-07,2.716973e-07,-4.277689e-12,2.718569e-07
0.0006701229,2.97,2.97,1.2,0.6794531,1.935887,2.386201,1.199986,-3.229857e-07,4.203601e-05,2.085823,2.349176,1.199983,-2.425872e-07,-9.371839e-07,7.523775e-07,-1.548475e-10,7.545882e-07,2.716973e-07,-4.248157e-12,2.718562e-07
0.0006705229,2.97,2.97,1.2,0.6799689,1.935887,2.386201,1.199986,-3.214779e-07,4.217733e-05,2.085823,2.349176,1.199983,-2.408038e-07,-7.717817e-07,7.523777e-07,-1.54782e-10,7.545878e-07,2.716973e-07,-4.217959e-12,2.718555e-07
0.0006709229,2.97,2.97,1.2,0.6804847,1.935887,2.386201,1.199986,-3.199746e-07,4.231811e-05,2.085823,2.349176,1.199983,-2.391102e-07,-6.073042e-07,7.52378e-07,-1.547169e-10,7.545873e-07,2.716973e-07,-4.188871e-12,2.718548e-07
0.0006713229,2.97,2.97,1.2,0.6810005,1.935887,2.386201,1.199986,-3.18491e-07,4.245834e-05,2.085823,2.349176,1.199983,-2.373522e-07,-4.437462e-07,7.523782e-07,-1.546518e-10,7.545869e-07,2.716973e-07,-4.15934e-12,2.718542e-07
0.0006717229,2.97,2.97,1.2,0.6815163,1.935887,2.386201,1.199986,-3.169974e-07,4.259804e-05,2.085823,2.349176,1.199983,-2.356319e-07,-2.811027e-07,7.523784e-07,-1.545875e-10,7.545864e-07,2.716973e-07,-4.13003e-12,2.718535e-07
0.0006721229,2.97,2.97,1.2,0.6820321,1.935887,2.386201,1.199986,-3.155185e-07,4.27372e-05,2.085823,2.349176,1.199983,-2.338888e-07,-1.193687e-07,7.523786e-07,-1.545231e-10,7.54586e-07,2.716972e-07,-4.100942e-12,2.718528e-07
0.0006725229,2.97,2.97,1.2,0.6825479,1.935887,2.386201,1.199986,-3.140408e-07,4.287582e-05,2.085823,2.349176,1.199983,-2.32213e-07,4.146123e-08,7.523789e-07,-1.544591e-10,7.545855e-07,2.716972e-07,-4.072298e-12,2.718522e-07
0.0006729229,2.97,2.97,1.2,0.6830637,1.935887,2.386201,1.199986,-3.125691e-07,4.30139e-05,2.085823,2.349176,1.199983,-2.305181e-07,2.013865e-07,7.523791e-07,-1.543952e-10,7.545851e-07,2.716972e-07,-4.04321e-12,2.718515e-07
0.0006733229,2.97,2.97,1.2,0.6835795,1.935887,2.386201,1.199986,-3.110992e-07,4.315146e-05,2.085823,2.349176,1.199983,-2.288315e-07,3.604083e-07,7.523793e-07,-1.543314e-10,7.545846e-07,2.716972e-07,-4.015233e-12,2.718509e-07
0.0006737229,2.97,2.97,1.2,0.6840953,1.935887,2.386201,1.199986,-3.096468e-07,4.328848e-05,2.085823,2.349176,1.199983,-2.271412e-07,5.185317e-07,7.523795e-07,-1.542682e-10,7.545842e-07,2.716972e-07,-3.986589e-12,2.718502e-07
0.0006741229,2.97,2.97,1.2,0.6846111,1.935887,2.386201,1.199986,-3.081928e-07,4.342498e-05,2.085823,2.349176,1.199983,-2.254653e-07,6.757619e-07,7.523797e-07,-1.542053e-10,7.545837e-07,2.716971e-07,-3.958389e-12,2.718496e-07
0.0006745229,2.97,2.97,1.2,0.6851269,1.935887,2.386201,1.199986,-3.067402e-07,4.356095e-05,2.085823,2.349176,1.199983,-2.238085e-07,8.321039e-07,7.5238e-07,-1.541425e-10,7.545833e-07,2.716971e-07,-3.930412e-12,2.718489e-07
0.0006749229,2.97,2.97,1.2,0.6856427,1.935887,2.386201,1.199986,-3.053034e-07,4.36964e-05,2.085823,2.349176,1.199983,-2.221754e-07,9.875626e-07,7.523802e-07,-1.540801e-10,7.545828e-07,2.716971e-07,-3.902434e-12,2.718483e-07
0.0006753229,2.97,2.97,1.2,0.6861585,1.935887,2.386201,1.199986,-3.038653e-07,4.383133e-05,2.085823,2.349176,1.199983,-2.205189e-07,1.142143e-06,7.523804e-07,-1.540177e-10,7.545824e-07,2.716971e-07,-3.874678e-12,2.718477e-07
0.0006757229,2.97,2.97,1.2,0.6866743,1.935887,2.386201,1.199986,-3.02432e-07,4.396573e-05,2.085823,2.349176,1.199983,-2.188918e-07,1.295851e-06,7.523806e-07,-1.539557e-10,7.54582e-07,2.716971e-07,-3.847367e-12,2.71847e-07
0.0006761229,2.97,2.97,1.2,0.68719,1.935887,2.386201,1.199986,-3.010067e-07,4.409962e-05,2.085823,2.349176,1.199983,-2.172646e-07,1.44869e-06,7.523808e-07,-1.53894e-10,7.545815e-07,2.716971e-07,-3.819833e-12,2.718464e-07
0.0006765229,2.97,2.97,1.2,0.6877058,1.935887,2.386201,1.199986,-2.995902e-07,4.4233e-05,2.085823,2.349176,1.199983,-2.156589e-07,1.600665e-06,7.52381e-07,-1.538325e-10,7.545811e-07,2.71697e-07,-3.7923e-12,2.718458e-07
0.0006769229,2.97,2.97,1.2,0.6882216,1.935887,2.386201,1.199986,-2.981661e-07,4.436586e-05,2.085823,2.349176,1.199983,-2.140478e-07,1.751782e-06,7.523812e-07,-1.537712e-10,7.545807e-07,2.71697e-07,-3.765432e-12,2.718452e-07
0.0006773229,2.97,2.97,1.2,0.6887374,1.935887,2.386201,1.199986,-2.967626e-07,4.449821e-05,2.085823,2.349176,1.199983,-2.124586e-07,1.902046e-06,7.523815e-07,-1.537104e-10,7.545802e-07,2.71697e-07,-3.738565e-12,2.718445e-07
0.0006777229,2.97,2.97,1.2,0.6892531,1.935887,2.386201,1.199986,-2.953572e-07,4.463005e-05,2.085823,2.349176,1.199983,-2.108767e-07,2.05146e-06,7.523817e-07,-1.536498e-10,7.545798e-07,2.71697e-07,-3.711698e-12,2.718439e-07
0.0006781229,2.97,2.97,1.2,0.6897689,1.935887,2.386201,1.199986,-2.939644e-07,4.476138e-05,2.085823,2.349176,1.199983,-2.09267e-07,2.200031e-06,7.523819e-07,-1.535894e-10,7.545794e-07,2.71697e-07,-3.685274e-12,2.718433e-07
0.0006785229,2.97,2.97,1.2,0.6902847,1.935887,2.386201,1.199986,-2.925675e-07,4.48922e-05,2.085823,2.349176,1.199983,-2.077378e-07,2.347762e-06,7.523821e-07,-1.535292e-10,7.54579e-07,2.716969e-07,-3.658851e-12,2.718427e-07
0.0006789229,2.97,2.97,1.2,0.6908005,1.935887,2.386201,1.199986,-2.911749e-07,4.502253e-05,2.085823,2.349176,1.199983,-2.061762e-07,2.494659e-06,7.523823e-07,-1.534692e-10,7.545785e-07,2.716969e-07,-3.632428e-12,2.718421e-07
0.0006793229,2.97,2.97,1.2,0.6913162,1.935887,2.386201,1.199986,-2.897905e-07,4.515235e-05,2.085823,2.349176,1.199983,-2.045978e-07,2.640726e-06,7.523825e-07,-1.534097e-10,7.545781e-07,2.716969e-07,-3.606004e-12,2.718415e-07
0.0006797229,2.97,2.97,1.2,0.691832,1.935887,2.386201,1.199986,-2.88416e-07,4.528167e-05,2.085823,2.349176,1.199983,-2.030759e-07,2.785968e-06,7.523827e-07,-1.533504e-10,7.545777e-07,2.716969e-07,-3.579803e-12,2.718409e-07
0.0006801229,2.97,2.97,1.2,0.6923477,1.935887,2.386201,1.199986,-2.870447e-07,4.541049e-05,2.085823,2.349176,1.199983,-2.015576e-07,2.93039e-06,7.523829e-07,-1.532914e-10,7.545773e-07,2.716969e-07,-3.554046e-12,2.718403e-07
0.0006805229,2.97,2.97,1.2,0.6928635,1.935887,2.386201,1.199986,-2.856827e-07,4.553882e-05,2.085823,2.349176,1.199983,-2.000314e-07,3.073995e-06,7.523831e-07,-1.532325e-10,7.545769e-07,2.716969e-07,-3.527845e-12,2.718397e-07
0.0006809229,2.97,2.97,1.2,0.6933793,1.935887,2.386201,1.199986,-2.843193e-07,4.566665e-05,2.085823,2.349176,1.199983,-1.985107e-07,3.21679e-06,7.523833e-07,-1.531737e-10,7.545764e-07,2.716969e-07,-3.503198e-12,2.718391e-07
0.0006813229,2.97,2.97,1.2,0.693895,1.935887,2.386201,1.199986,-2.829617e-07,4.579399e-05,2.085823,2.349176,1.199983,-1.970091e-07,3.358778e-06,7.523835e-07,-1.531155e-10,7.54576e-07,2.716968e-07,-3.477219e-12,2.718386e-07
0.0006817229,2.97,2.97,1.2,0.6944108,1.935887,2.386201,1.199986,-2.816161e-07,4.592084e-05,2.085823,2.349176,1.199983,-1.954644e-07,3.499964e-06,7.523837e-07,-1.530576e-10,7.545756e-07,2.716968e-07,-3.451905e-12,2.71838e-07
0.0006821229,2.97,2.97,1.2,0.6949265,1.935887,2.386201,1.199986,-2.802614e-07,4.60472e-05,2.085823,2.349176,1.199983,-1.940138e-07,3.640352e-06,7.523839e-07,-1.529996e-10,7.545752e-07,2.716968e-07,-3.426814e-12,2.718374e-07
0.0006825229,2.97,2.97,1.2,0.6954423,1.935887,2.386201,1.199986,-2.789277e-07,4.617307e-05,2.085823,2.349176,1.199983,-1.92529e-07,3.779947e-06,7.523841e-07,-1.529421e-10,7.545748e-07,2.716968e-07,-3.401723e-12,2.718368e-07
0.0006829229,2.97,2.97,1.2,0.695958,1.935887,2.386201,1.199986,-2.77585e-07,4.629846e-05,2.085823,2.349176,1.199983,-1.910569e-07,3.918754e-06,7.523843e-07,-1.528846e-10,7.545744e-07,2.716968e-07,-3.376854e-12,2.718363e-07
0.0006833229,2.97,2.97,1.2,0.6964737,1.935887,2.386201,1.199986,-2.762555e-07,4.642337e-05,2.085823,2.349176,1.199983,-1.896173e-07,4.056777e-06,7.523845e-07,-1.52828e-10,7.54574e-07,2.716967e-07,-3.352207e-12,2.718357e-07
0.0006837229,2.97,2.97,1.2,0.6969895,1.935887,2.386201,1.199986,-2.749306e-07,4.65478e-05,2.085823,2.349176,1.199983,-1.881368e-07,4.19402e-06,7.523847e-07,-1.527709e-10,7.545736e-07,2.716967e-07,-3.32756e-12,2.718351e-07
0.0006841229,2.97,2.97,1.2,0.6975052,1.935887,2.386201,1.199986,-2.73612e-07,4.667175e-05,2.085823,2.349176,1.199983,-1.86708e-07,4.330488e-06,7.523849e-07,-1.527143e-10,7.545732e-07,2.716967e-07,-3.303136e-12,2.718346e-07
0.0006845229,2.97,2.97,1.2,0.6980209,1.935887,2.386201,1.199986,-2.722964e-07,4.679522e-05,2.085823,2.349176,1.199983,-1.852392e-07,4.466185e-06,7.523851e-07,-1.526579e-10,7.545728e-07,2.716967e-07,-3.278711e-12,2.71834e-07
0.0006849229,2.97,2.97,1.2,0.6985367,1.935887,2.386201,1.199986,-2.709862e-07,4.691821e-05,2.085823,2.349176,1.199983,-1.838132e-07,4.601115e-06,7.523853e-07,-1.526017e-10,7.545724e-07,2.716967e-07,-3.254508e-12,2.718335e-07
0.0006853229,2.97,2.97,1.2,0.6990524,1.935887,2.386201,1.199986,-2.69692e-07,4.704073e-05,2.085823,2.349176,1.199983,-1.823607e-07,4.735284e-06,7.523855e-07,-1.525458e-10,7.54572e-07,2.716967e-07,-3.230749e-12,2.718329e-07
0.0006857229,2.97,2.97,1.2,0.6995681,1.935887,2.386201,1.199986,-2.683817e-07,4.716278e-05,2.085823,2.349176,1.199983,-1.809854e-07,4.868694e-06,7.523856e-07,-1.5249e-10,7.545716e-07,2.716967e-07,-3.206546e-12,2.718324e-07
0.0006861229,2.97,2.97,1.2,0.7000839,1.935887,2.386201,1.199986,-2.670882e-07,4.728436e-05,2.085823,2.349176,1.199983,-1.795842e-07,5.001351e-06,7.523858e-07,-1.524345e-10,7.545712e-07,2.716966e-07,-3.182787e-12,2.718318e-07
0.0006865229,2.97,2.97,1.2,0.7005996,1.935887,2.386201,1.199986,-2.657995e-07,4.740547e-05,2.085823,2.349176,1.199983,-1.781611e-07,5.133259e-06,7.52386e-07,-1.523794e-10,7.545708e-07,2.716966e-07,-3.159473e-12,2.718313e-07
0.0006869229,2.97,2.97,1.2,0.7011153,1.935887,2.386201,1.199986,-2.645094e-07,4.752612e-05,2.085823,2.349176,1.199983,-1.767747e-07,5.264422e-06,7.523862e-07,-1.523244e-10,7.545704e-07,2.716966e-07,-3.135936e-12,2.718308e-07
0.0006873229,2.97,2.97,1.2,0.701631,1.935887,2.386201,1.199986,-2.632396e-07,4.76463e-05,2.085823,2.349176,1.199983,-1.753667e-07,5.394843e-06,7.523864e-07,-1.522695e-10,7.5457e-07,2.716966e-07,-3.112177e-12,2.718302e-07
0.0006877229,2.97,2.97,1.2,0.7021467,1.935887,2.386201,1.199986,-2.619527e-07,4.776601e-05,2.085823,2.349176,1.199983,-1.740016e-07,5.524528e-06,7.523866e-07,-1.522151e-10,7.545696e-07,2.716966e-07,-3.088862e-12,2.718297e-07
0.0006881229,2.97,2.97,1.2,0.7026624,1.935887,2.386201,1.199986,-2.606884e-07,4.788527e-05,2.085823,2.349176,1.199983,-1.72648e-07,5.653481e-06,7.523868e-07,-1.521607e-10,7.545692e-07,2.716966e-07,-3.06577e-12,2.718292e-07
0.0006885229,2.97,2.97,1.2,0.7031782,1.935887,2.386201,1.199986,-2.594252e-07,4.800407e-05,2.085823,2.349176,1.199983,-1.712735e-07,5.781705e-06,7.523869e-07,-1.521065e-10,7.545688e-07,2.716966e-07,-3.043121e-12,2.718286e-07
0.0006889229,2.97,2.97,1.2,0.7036939,1.935887,2.386201,1.199986,-2.581646e-07,4.812241e-05,2.085823,2.349176,1.199983,-1.6996e-07,5.909205e-06,7.523871e-07,-1.52053e-10,7.545685e-07,2.716965e-07,-3.020251e-12,2.718281e-07
0.0006893229,2.97,2.97,1.2,0.7042096,1.935887,2.386201,1.199986,-2.569104e-07,4.824029e-05,2.085823,2.349176,1.199983,-1.685749e-07,6.035985e-06,7.523873e-07,-1.519995e-10,7.545681e-07,2.716965e-07,-2.99738e-12,2.718276e-07
0.0006897229,2.97,2.97,1.2,0.7047253,1.935887,2.386201,1.199986,-2.556548e-07,4.835772e-05,2.085823,2.349176,1.199983,-1.67215e-07,6.162049e-06,7.523875e-07,-1.51946e-10,7.545677e-07,2.716965e-07,-2.974732e-12,2.718271e-07
0.0006901229,2.97,2.97,1.2,0.705241,1.935887,2.386201,1.199986,-2.544113e-07,4.84747e-05,2.085823,2.349176,1.199983,-1.658933e-07,6.2874e-06,7.523877e-07,-1.518927e-10,7.545673e-07,2.716965e-07,-2.952305e-12,2.718266e-07
0.0006905229,2.97,2.97,1.2,0.7057567,1.935887,2.386201,1.199986,-2.531702e-07,4.859123e-05,2.085823,2.349176,1.199983,-1.645849e-07,6.412044e-06,7.523878e-07,-1.518399e-10,7.545669e-07,2.716965e-07,-2.929879e-12,2.718261e-07
0.0006909229,2.97,2.97,1.2,0.7062724,1.935887,2.386201,1.199986,-2.519272e-07,4.870731e-05,2.085823,2.349176,1.199983,-1.632878e-07,6.535983e-06,7.52388e-07,-1.517872e-10,7.545666e-07,2.716965e-07,-2.907674e-12,2.718255e-07
0.0006913229,2.97,2.97,1.2,0.7067881,1.935887,2.386201,1.199986,-2.50699e-07,4.882294e-05,2.085823,2.349176,1.199983,-1.619361e-07,6.659223e-06,7.523882e-07,-1.517348e-10,7.545662e-07,2.716965e-07,-2.885914e-12,2.71825e-07
0.0006917229,2.97,2.97,1.2,0.7073037,1.935887,2.386201,1.199986,-2.494727e-07,4.893813e-05,2.085823,2.349176,1.199983,-1.606633e-07,6.781767e-06,7.523884e-07,-1.516827e-10,7.545658e-07,2.716964e-07,-2.863709e-12,2.718245e-07
0.0006921229,2.97,2.97,1.2,0.7078194,1.935887,2.386201,1.199986,-2.482515e-07,4.905287e-05,2.085823,2.349176,1.199983,-1.593997e-07,6.903618e-06,7.523885e-07,-1.516307e-10,7.545654e-07,2.716964e-07,-2.841727e-12,2.71824e-07
0.0006925229,2.97,2.97,1.2,0.7083351,1.935887,2.386201,1.199986,-2.470328e-07,4.916717e-05,2.085823,2.349176,1.199983,-1.581128e-07,7.024781e-06,7.523887e-07,-1.51579e-10,7.545651e-07,2.716964e-07,-2.820411e-12,2.718235e-07
0.0006929229,2.97,2.97,1.2,0.7088508,1.935887,2.386201,1.199986,-2.458263e-07,4.928104e-05,2.085823,2.349176,1.199983,-1.568104e-07,7.14526e-06,7.523889e-07,-1.515272e-10,7.545647e-07,2.716964e-07,-2.798428e-12,2.718231e-07
0.0006933229,2.97,2.97,1.2,0.7093665,1.935887,2.386201,1.199986,-2.446081e-07,4.939446e-05,2.085823,2.349176,1.199983,-1.555611e-07,7.265058e-06,7.523891e-07,-1.514759e-10,7.545643e-07,2.716964e-07,-2.777334e-12,2.718226e-07
0.0006937229,2.97,2.97,1.2,0.7098821,1.935887,2.386201,1.199986,-2.434043e-07,4.950745e-05,2.085823,2.349176,1.199983,-1.542824e-07,7.38418e-06,7.523892e-07,-1.514247e-10,7.54564e-07,2.716964e-07,-2.755796e-12,2.718221e-07
0.0006941229,2.97,2.97,1.2,0.7103978,1.935887,2.386201,1.199986,-2.422115e-07,4.962e-05,2.085823,2.349176,1.199983,-1.530495e-07,7.502629e-06,7.523894e-07,-1.513738e-10,7.545636e-07,2.716963e-07,-2.734701e-12,2.718216e-07
0.0006945229,2.97,2.97,1.2,0.7109135,1.935887,2.386201,1.199986,-2.410195e-07,4.973212e-05,2.085823,2.349176,1.199983,-1.517791e-07,7.620408e-06,7.523896e-07,-1.513232e-10,7.545632e-07,2.716963e-07,-2.713607e-12,2.718211e-07
0.0006949229,2.97,2.97,1.2,0.7114291,1.935887,2.386201,1.199986,-2.398213e-07,4.98438e-05,2.085823,2.349176,1.199983,-1.505109e-07,7.737523e-06,7.523897e-07,-1.512726e-10,7.545629e-07,2.716963e-07,-2.692291e-12,2.718206e-07
0.0006953229,2.97,2.97,1.2,0.7119448,1.935887,2.386201,1.199986,-2.386375e-07,4.995506e-05,2.085823,2.349176,1.199983,-1.492716e-07,7.853976e-06,7.523899e-07,-1.512224e-10,7.545625e-07,2.716963e-07,-2.671641e-12,2.718202e-07
0.0006957229,2.97,2.97,1.2,0.7124605,1.935887,2.386201,1.199986,-2.374575e-07,5.006589e-05,2.085823,2.349176,1.199983,-1.480846e-07,7.969772e-06,7.523901e-07,-1.511724e-10,7.545621e-07,2.716963e-07,-2.650768e-12,2.718197e-07
0.0006961229,2.97,2.97,1.2,0.7129761,1.935887,2.386201,1.199986,-2.362826e-07,5.017629e-05,2.085823,2.349176,1.199983,-1.46825e-07,8.084913e-06,7.523902e-07,-1.511224e-10,7.545618e-07,2.716963e-07,-2.63034e-12,2.718192e-07
0.0006965229,2.97,2.97,1.2,0.7134918,1.935887,2.386201,1.199986,-2.351083e-07,5.028627e-05,2.085823,2.349176,1.199983,-1.45638e-07,8.199404e-06,7.523904e-07,-1.510727e-10,7.545614e-07,2.716963e-07,-2.609912e-12,2.718187e-07
0.0006969229,2.97,2.97,1.2,0.7140074,1.935887,2.386201,1.199986,-2.339453e-07,5.039582e-05,2.085823,2.349176,1.199983,-1.444249e-07,8.313249e-06,7.523906e-07,-1.510236e-10,7.545611e-07,2.716963e-07,-2.589484e-12,2.718183e-07
0.0006973229,2.97,2.97,1.2,0.7145231,1.935887,2.386201,1.199986,-2.327891e-07,5.050495e-05,2.085823,2.349176,1.199983,-1.432481e-07,8.42645e-06,7.523907e-07,-1.509741e-10,7.545607e-07,2.716962e-07,-2.569056e-12,2.718178e-07
0.0006977229,2.97,2.97,1.2,0.7150387,1.935887,2.386201,1.199986,-2.316217e-07,5.061366e-05,2.085823,2.349176,1.199983,-1.419893e-07,8.539012e-06,7.523909e-07,-1.509251e-10,7.545604e-07,2.716962e-07,-2.54885e-12,2.718174e-07
0.0006981229,2.97,2.97,1.2,0.7155544,1.935887,2.386201,1.199986,-2.304671e-07,5.072196e-05,2.085823,2.349176,1.199983,-1.408005e-07,8.650939e-06,7.523911e-07,-1.508764e-10,7.5456e-07,2.716962e-07,-2.528866e-12,2.718169e-07
0.0006985229,2.97,2.97,1.2,0.71607,1.935887,2.386201,1.199986,-2.293206e-07,5.082983e-05,2.085823,2.349176,1.199983,-1.396725e-07,8.762233e-06,7.523912e-07,-1.508278e-10,7.545597e-07,2.716962e-07,-2.509104e-12,2.718164e-07
0.0006989229,2.97,2.97,1.2,0.7165856,1.935887,2.386201,1.199986,-2.281739e-07,5.093729e-05,2.085823,2.349176,1.199983,-1.38503e-07,8.872899e-06,7.523914e-07,-1.507794e-10,7.545593e-07,2.716962e-07,-2.489342e-12,2.71816e-07
0.0006993229,2.97,2.97,1.2,0.7171013,1.935887,2.386201,1.199986,-2.270354e-07,5.104434e-05,2.085823,2.349176,1.199983,-1.373114e-07,8.982939e-06,7.523915e-07,-1.507316e-10,7.54559e-07,2.716962e-07,-2.46958e-12,2.718155e-07
0.0006997229,2.97,2.97,1.2,0.7176169,1.935887,2.386201,1.199986,-2.258969e-07,5.115097e-05,2.085823,2.349176,1.199983,-1.361523e-07,9.092358e-06,7.523917e-07,-1.506837e-10,7.545586e-07,2.716962e-07,-2.45004e-12,2.718151e-07
0.0007001229,2.97,2.97,1.2,0.7181325,1.935887,2.386201,1.199986,-2.247678e-07,5.12572e-05,2.085823,2.349176,1.199983,-1.349711e-07,9.201159e-06,7.523919e-07,-1.506357e-10,7.545583e-07,2.716962e-07,-2.4305e-12,2.718146e-07
0.0007005229,2.97,2.97,1.2,0.7186482,1.935887,2.386201,1.199986,-2.236469e-07,5.136301e-05,2.085823,2.349176,1.199983,-1.33859e-07,9.309346e-06,7.52392e-07,-1.50588e-10,7.545579e-07,2.716961e-07,-2.411182e-12,2.718142e-07
0.0007009229,2.97,2.97,1.2,0.7191638,1.935887,2.386201,1.199986,-2.225169e-07,5.146842e-05,2.085823,2.349176,1.199983,-1.327387e-07,9.416922e-06,7.523922e-07,-1.505409e-10,7.545576e-07,2.716961e-07,-2.391642e-12,2.718138e-07
0.0007013229,2.97,2.97,1.2,0.7196794,1.935887,2.386201,1.199986,-2.214043e-07,5.157342e-05,2.085823,2.349176,1.199983,-1.315151e-07,9.52389e-06,7.523923e-07,-1.504938e-10,7.545572e-07,2.716961e-07,-2.372547e-12,2.718133e-07
0.0007017229,2.97,2.97,1.2,0.720195,1.935887,2.386201,1.199986,-2.20286e-07,5.167802e-05,2.085823,2.349176,1.199983,-1.304529e-07,9.630254e-06,7.523925e-07,-1.504468e-10,7.545569e-07,2.716961e-07,-2.353673e-12,2.718129e-07
0.0007021229,2.97,2.97,1.2,0.7207106,1.935887,2.386201,1.199986,-2.19179e-07,5.178222e-05,2.085823,2.349176,1.199983,-1.293278e-07,9.736017e-06,7.523926e-07,-1.503999e-10,7.545566e-07,2.716961e-07,-2.334799e-12,2.718125e-07
0.0007025229,2.97,2.97,1.2,0.7212262,1.935887,2.386201,1.199986,-2.180696e-07,5.188601e-05,2.085823,2.349176,1.199983,-1.282214e-07,9.841183e-06,7.523928e-07,-1.503533e-10,7.545562e-07,2.716961e-07,-2.315481e-12,2.71812e-07
0.0007029229,2.97,2.97,1.2,0.7217419,1.935887,2.386201,1.199986,-2.169737e-07,5.19894e-05,2.085823,2.349176,1.199983,-1.271131e-07,9.945755e-06,7.523929e-07,-1.503069e-10,7.545559e-07,2.716961e-07,-2.296829e-12,2.718116e-07
0.0007033229,2.97,2.97,1.2,0.7222575,1.935887,2.386201,1.199986,-2.158742e-07,5.20924e-05,2.085823,2.349176,1.199983,-1.260083e-07,1.004974e-05,7.523931e-07,-1.502609e-10,7.545556e-07,2.716961e-07,-2.278178e-12,2.718112e-07
0.0007037229,2.97,2.97,1.2,0.7227731,1.935887,2.386201,1.199986,-2.147814e-07,5.2195e-05,2.085823,2.349176,1.199983,-1.248773e-07,1.015313e-05,7.523933e-07,-1.50215e-10,7.545552e-07,2.716961e-07,-2.259748e-12,2.718108e-07
0.0007041229,2.97,2.97,1.2,0.7232887,1.935887,2.386201,1.199986,-2.136887e-07,5.22972e-05,2.085823,2.349176,1.199983,-1.237917e-07,1.025594e-05,7.523934e-07,-1.50169e-10,7.545549e-07,2.71696e-07,-2.241318e-12,2.718103e-07
0.0007045229,2.97,2.97,1.2,0.7238042,1.935887,2.386201,1.199986,-2.126014e-07,5.239902e-05,2.085823,2.349176,1.199983,-1.227311e-07,1.035817e-05,7.523935e-07,-1.501235e-10,7.545546e-07,2.71696e-07,-2.222889e-12,2.718099e-07
0.0007049229,2.97,2.97,1.2,0.7243198,1.935887,2.386201,1.199986,-2.115226e-07,5.250044e-05,2.085823,2.349176,1.199983,-1.216425e-07,1.045982e-05,7.523937e-07,-1.50078e-10,7.545542e-07,2.71696e-07,-2.205125e-12,2.718095e-07
0.0007053229,2.97,2.97,1.2,0.7248354,1.935887,2.386201,1.199986,-2.104512e-07,5.260146e-05,2.085823,2.349176,1.199983,-1.20569e-07,1.05609e-05,7.523938e-07,-1.500329e-10,7.545539e-07,2.71696e-07,-2.186917e-12,2.718091e-07
0.0007057229,2.97,2.97,1.2,0.725351,1.935887,2.386201,1.199986,-2.093706e-07,5.27021e-05,2.085823,2.349176,1.199983,-1.194964e-07,1.066141e-05,7.52394e-07,-1.49988e-10,7.545536e-07,2.71696e-07,-2.168932e-12,2.718087e-07
0.0007061229,2.97,2.97,1.2,0.7258666,1.935887,2.386201,1.199986,-2.083003e-07,5.280235e-05,2.085823,2.349176,1.199983,-1.184067e-07,1.076135e-05,7.523941e-07,-1.499432e-10,7.545532e-07,2.71696e-07,-2.150946e-12,2.718083e-07
0.0007065229,2.97,2.97,1.2,0.7263822,1.935887,2.386201,1.199986,-2.072435e-07,5.290222e-05,2.085823,2.349176,1.199983,-1.173433e-07,1.086072e-05,7.523943e-07,-1.498983e-10,7.545529e-07,2.71696e-07,-2.133405e-12,2.718079e-07
0.0007069229,2.97,2.97,1.2,0.7268977,1.935887,2.386201,1.199986,-2.061784e-07,5.30017e-05,2.085823,2.349176,1.199983,-1.163394e-07,1.095954e-05,7.523944e-07,-1.498539e-10,7.545526e-07,2.71696e-07,-2.115641e-12,2.718075e-07
0.0007073229,2.97,2.97,1.2,0.7274133,1.935887,2.386201,1.199986,-2.051279e-07,5.31008e-05,2.085823,2.349176,1.199983,-1.153197e-07,1.105779e-05,7.523946e-07,-1.498099e-10,7.545523e-07,2.716959e-07,-2.098099e-12,2.718071e-07
0.0007077229,2.97,2.97,1.2,0.7279289,1.935887,2.386201,1.199986,-2.040782e-07,5.319951e-05,2.085823,2.349176,1.199983,-1.14259e-07,1.115549e-05,7.523947e-07,-1.497658e-10,7.54552e-07,2.716959e-07,-2.080558e-12,2.718067e-07
0.0007081229,2.97,2.97,1.2,0.7284444,1.935887,2.386201,1.199986,-2.03029e-07,5.329785e-05,2.085823,2.349176,1.199983,-1.132192e-07,1.125264e-05,7.523949e-07,-1.49722e-10,7.545516e-07,2.716959e-07,-2.063238e-12,2.718063e-07
0.0007085229,2.97,2.97,1.2,0.72896,1.935887,2.386201,1.199986,-2.019837e-07,5.339581e-05,2.085823,2.349176,1.199983,-1.121698e-07,1.134924e-05,7.52395e-07,-1.496783e-10,7.545513e-07,2.716959e-07,-2.045919e-12,2.718059e-07
0.0007089229,2.97,2.97,1.2,0.7294756,1.935887,2.386201,1.199986,-2.009415e-07,5.349339e-05,2.085823,2.349176,1.199983,-1.111912e-07,1.14453e-05,7.523951e-07,-1.496347e-10,7.54551e-07,2.716959e-07,-2.0286e-12,2.718055e-07
0.0007093229,2.97,2.97,1.2,0.7299911,1.935887,2.386201,1.199986,-1.999096e-07,5.35906e-05,2.085823,2.349176,1.199983,-1.101433e-07,1.154081e-05,7.523953e-07,-1.495915e-10,7.545507e-07,2.716959e-07,-2.011502e-12,2.718051e-07
0.0007097229,2.97,2.97,1.2,0.7305067,1.935887,2.386201,1.199986,-1.988828e-07,5.368743e-05,2.085823,2.349176,1.199983,-1.091541e-07,1.163579e-05,7.523954e-07,-1.495482e-10,7.545504e-07,2.716959e-07,-1.994405e-12,2.718047e-07
0.0007101229,2.97,2.97,1.2,0.7310222,1.935887,2.386201,1.199986,-1.978503e-07,5.378389e-05,2.085823,2.349176,1.199983,-1.081264e-07,1.173022e-05,7.523956e-07,-1.495051e-10,7.545501e-07,2.716959e-07,-1.977529e-12,2.718043e-07
0.0007105229,2.97,2.97,1.2,0.7315378,1.935887,2.386201,1.199986,-1.96827e-07,5.387997e-05,2.085823,2.349176,1.199983,-1.071698e-07,1.182413e-05,7.523957e-07,-1.494622e-10,7.545497e-07,2.716959e-07,-1.961098e-12,2.718039e-07
0.0007109229,2.97,2.97,1.2,0.7320533,1.935887,2.386201,1.199986,-1.958046e-07,5.397569e-05,2.085823,2.349176,1.199983,-1.061733e-07,1.19175e-05,7.523958e-07,-1.494198e-10,7.545494e-07,2.716958e-07,-1.944445e-12,2.718036e-07
0.0007113229,2.97,2.97,1.2,0.7325689,1.935887,2.386201,1.199986,-1.947897e-07,5.407104e-05,2.085823,2.349176,1.199983,-1.051543e-07,1.201035e-05,7.52396e-07,-1.493774e-10,7.545491e-07,2.716958e-07,-1.927791e-12,2.718032e-07
0.0007117229,2.97,2.97,1.2,0.7330844,1.935887,2.386201,1.199986,-1.937818e-07,5.416602e-05,2.085823,2.349176,1.199983,-1.04217e-07,1.210267e-05,7.523961e-07,-1.49335e-10,7.545488e-07,2.716958e-07,-1.91136e-12,2.718028e-07
0.0007121229,2.97,2.97,1.2,0.7335999,1.935887,2.386201,1.199986,-1.927711e-07,5.426064e-05,2.085823,2.349176,1.199983,-1.032049e-07,1.219447e-05,7.523963e-07,-1.492932e-10,7.545485e-07,2.716958e-07,-1.894929e-12,2.718024e-07
0.0007125229,2.97,2.97,1.2,0.7341154,1.935887,2.386201,1.199986,-1.917704e-07,5.435489e-05,2.085823,2.349176,1.199983,-1.022507e-07,1.228575e-05,7.523964e-07,-1.492511e-10,7.545482e-07,2.716958e-07,-1.878497e-12,2.718021e-07
0.0007129229,2.97,2.97,1.2,0.734631,1.935887,2.386201,1.199986,-1.907629e-07,5.444878e-05,2.085823,2.349176,1.199983,-1.012953e-07,1.237652e-05,7.523965e-07,-1.492095e-10,7.545479e-07,2.716958e-07,-1.86251e-12,2.718017e-07
0.0007133229,2.97,2.97,1.2,0.7351465,1.935887,2.386201,1.199986,-1.8977e-07,5.454231e-05,2.085823,2.349176,1.199983,-1.003296e-07,1.246677e-05,7.523967e-07,-1.49168e-10,7.545476e-07,2.716958e-07,-1.846301e-12,2.718013e-07
0.0007137229,2.97,2.97,1.2,0.735662,1.935887,2.386201,1.199986,-1.887818e-07,5.463548e-05,2.085823,2.349176,1.199983,-9.938717e-08,1.255651e-05,7.523968e-07,-1.491265e-10,7.545473e-07,2.716958e-07,-1.830092e-12,2.718009e-07
0.0007141229,2.97,2.97,1.2,0.7361775,1.935887,2.386201,1.199986,-1.87797e-07,5.472829e-05,2.085823,2.349176,1.199983,-9.843128e-08,1.264575e-05,7.523969e-07,-1.490854e-10,7.54547e-07,2.716958e-07,-1.814104e-12,2.718006e-07
0.0007145229,2.97,2.97,1.2,0.736693,1.935887,2.386201,1.199986,-1.868101e-07,5.482074e-05,2.085823,2.349176,1.199983,-9.749372e-08,1.273448e-05,7.523971e-07,-1.490443e-10,7.545467e-07,2.716958e-07,-1.798339e-12,2.718002e-07
0.0007149229,2.97,2.97,1.2,0.7372085,1.935887,2.386201,1.199986,-1.858305e-07,5.491284e-05,2.085823,2.349176,1.199983,-9.658862e-08,1.282272e-05,7.523972e-07,-1.490035e-10,7.545464e-07,2.716957e-07,-1.782796e-12,2.717999e-07
0.0007153229,2.97,2.97,1.2,0.7377241,1.935887,2.386201,1.199986,-1.848478e-07,5.500458e-05,2.085823,2.349176,1.199983,-9.564102e-08,1.291045e-05,7.523973e-07,-1.489628e-10,7.545461e-07,2.716957e-07,-1.766587e-12,2.717995e-07
0.0007157229,2.97,2.97,1.2,0.7382396,1.935887,2.386201,1.199986,-1.838712e-07,5.509597e-05,2.085823,2.349176,1.199983,-9.465407e-08,1.299769e-05,7.523974e-07,-1.489224e-10,7.545458e-07,2.716957e-07,-1.751488e-12,2.717992e-07
0.0007161229,2.97,2.97,1.2,0.7387551,1.935887,2.386201,1.199986,-1.82907e-07,5.518701e-05,2.085823,2.349176,1.199983,-9.378328e-08,1.308443e-05,7.523976e-07,-1.48882e-10,7.545455e-07,2.716957e-07,-1.735945e-12,2.717988e-07
0.0007165229,2.97,2.97,1.2,0.7392705,1.935887,2.386201,1.199986,-1.819417e-07,5.52777e-05,2.085823,2.349176,1.199983,-9.285879e-08,1.317069e-05,7.523977e-07,-1.48842e-10,7.545452e-07,2.716957e-07,-1.720402e-12,2.717984e-07
0.0007169229,2.97,2.97,1.2,0.739786,1.935887,2.386201,1.199986,-1.809799e-07,5.536804e-05,2.085823,2.349176,1.199983,-9.194889e-08,1.325646e-05,7.523978e-07,-1.488021e-10,7.545449e-07,2.716957e-07,-1.704858e-12,2.717981e-07
0.0007173229,2.97,2.97,1.2,0.7403015,1.935887,2.386201,1.199986,-1.800214e-07,5.545803e-05,2.085823,2.349176,1.199983,-9.106061e-08,1.334174e-05,7.52398e-07,-1.487621e-10,7.545446e-07,2.716957e-07,-1.689537e-12,2.717977e-07
0.0007177229,2.97,2.97,1.2,0.740817,1.935887,2.386201,1.199986,-1.790582e-07,5.554767e-05,2.085823,2.349176,1.199983,-9.015857e-08,1.342655e-05,7.523981e-07,-1.487226e-10,7.545443e-07,2.716957e-07,-1.674438e-12,2.717974e-07
0.0007181229,2.97,2.97,1.2,0.7413325,1.935887,2.386201,1.199986,-1.781105e-07,5.563697e-05,2.085823,2.349176,1.199983,-8.92072e-08,1.351087e-05,7.523982e-07,-1.486831e-10,7.54544e-07,2.716957e-07,-1.659339e-12,2.717971e-07
0.0007185229,2.97,2.97,1.2,0.741848,1.935887,2.386201,1.199986,-1.771636e-07,5.572593e-05,2.085823,2.349176,1.199983,-8.834756e-08,1.359472e-05,7.523983e-07,-1.486438e-10,7.545437e-07,2.716957e-07,-1.644684e-12,2.717967e-07
0.0007189229,2.97,2.97,1.2,0.7423634,1.935887,2.386201,1.199986,-1.762252e-07,5.581454e-05,2.085823,2.349176,1.199983,-8.747756e-08,1.367809e-05,7.523985e-07,-1.486047e-10,7.545434e-07,2.716956e-07,-1.629807e-12,2.717964e-07
0.0007193229,2.97,2.97,1.2,0.7428789,1.935887,2.386201,1.199986,-1.752868e-07,5.590281e-05,2.085823,2.349176,1.199983,-8.657319e-08,1.3761e-05,7.523986e-07,-1.485658e-10,7.545432e-07,2.716956e-07,-1.614486e-12,2.71796e-07
0.0007197229,2.97,2.97,1.2,0.7433944,1.935887,2.386201,1.199986,-1.743434e-07,5.599074e-05,2.085823,2.349176,1.199983,-8.571944e-08,1.384343e-05,7.523987e-07,-1.485267e-10,7.545429e-07,2.716956e-07,-1.600053e-12,2.717957e-07
0.0007201229,2.97,2.97,1.2,0.7439098,1.935887,2.386201,1.199986,-1.734073e-07,5.607834e-05,2.085823,2.349176,1.199983,-8.485056e-08,1.39254e-05,7.523988e-07,-1.484883e-10,7.545426e-07,2.716956e-07,-1.585398e-12,2.717954e-07
0.0007205229,2.97,2.97,1.2,0.7444253,1.935887,2.386201,1.199986,-1.724792e-07,5.61656e-05,2.085823,2.349176,1.199983,-8.395946e-08,1.400691e-05,7.52399e-07,-1.484499e-10,7.545423e-07,2.716956e-07,-1.570744e-12,2.71795e-07
0.0007209229,2.97,2.97,1.2,0.7449407,1.935887,2.386201,1.199986,-1.715554e-07,5.625252e-05,2.085823,2.349176,1.199983,-8.307357e-08,1.408796e-05,7.523991e-07,-1.484115e-10,7.54542e-07,2.716956e-07,-1.556311e-12,2.717947e-07
0.0007213229,2.97,2.97,1.2,0.7454562,1.935887,2.386201,1.199986,-1.706392e-07,5.63391e-05,2.085823,2.349176,1.199983,-8.225363e-08,1.416855e-05,7.523992e-07,-1.483733e-10,7.545417e-07,2.716956e-07,-1.5421e-12,2.717944e-07
0.0007217229,2.97,2.97,1.2,0.7459716,1.935887,2.386201,1.199986,-1.697153e-07,5.642536e-05,2.085823,2.349176,1.199983,-8.141046e-08,1.424868e-05,7.523993e-07,-1.483353e-10,7.545415e-07,2.716956e-07,-1.528111e-12,2.717941e-07
0.0007221229,2.97,2.97,1.2,0.7464871,1.935887,2.386201,1.199986,-1.688029e-07,5.651128e-05,2.085823,2.349176,1.199983,-8.055066e-08,1.432836e-05,7.523994e-07,-1.482974e-10,7.545412e-07,2.716956e-07,-1.513456e-12,2.717937e-07
0.0007225229,2.97,2.97,1.2,0.7470025,1.935887,2.386201,1.199986,-1.678908e-07,5.659687e-05,2.085823,2.349176,1.199983,-7.977167e-08,1.440759e-05,7.523996e-07,-1.482598e-10,7.545409e-07,2.716956e-07,-1.499467e-12,2.717934e-07
0.0007229229,2.97,2.97,1.2,0.747518,1.935887,2.386201,1.199986,-1.669776e-07,5.668213e-05,2.085823,2.349176,1.199983,-7.891107e-08,1.448638e-05,7.523997e-07,-1.482223e-10,7.545406e-07,2.716956e-07,-1.485256e-12,2.717931e-07
0.0007233229,2.97,2.97,1.2,0.7480334,1.935887,2.386201,1.199986,-1.660719e-07,5.676706e-05,2.085823,2.349176,1.199983,-7.807458e-08,1.456472e-05,7.523998e-07,-1.48185e-10,7.545404e-07,2.716955e-07,-1.471046e-12,2.717928e-07
0.0007237229,2.97,2.97,1.2,0.7485488,1.935887,2.386201,1.199986,-1.651729e-07,5.685167e-05,2.085823,2.349176,1.199983,-7.726617e-08,1.464261e-05,7.523999e-07,-1.481479e-10,7.545401e-07,2.716955e-07,-1.457279e-12,2.717924e-07
0.0007241229,2.97,2.97,1.2,0.7490642,1.935887,2.386201,1.199986,-1.642797e-07,5.693595e-05,2.085823,2.349176,1.199983,-7.644339e-08,1.472007e-05,7.524e-07,-1.481106e-10,7.545398e-07,2.716955e-07,-1.44329e-12,2.717921e-07
0.0007245229,2.97,2.97,1.2,0.7495797,1.935887,2.386201,1.199986,-1.633816e-07,5.701991e-05,2.085823,2.349176,1.199983,-7.558433e-08,1.479709e-05,7.524001e-07,-1.480738e-10,7.545395e-07,2.716955e-07,-1.429523e-12,2.717918e-07
0.0007249229,2.97,2.97,1.2,0.7500951,1.935887,2.386201,1.199986,-1.624899e-07,5.710354e-05,2.085823,2.349176,1.199983,-7.475092e-08,1.487367e-05,7.524003e-07,-1.480371e-10,7.545393e-07,2.716955e-07,-1.4162e-12,2.717915e-07
0.0007253229,2.97,2.97,1.2,0.7506105,1.935887,2.386201,1.199986,-1.616023e-07,5.718685e-05,2.085823,2.349176,1.199983,-7.396129e-08,1.494983e-05,7.524004e-07,-1.480005e-10,7.54539e-07,2.716955e-07,-1.402434e-12,2.717912e-07
0.0007257229,2.97,2.97,1.2,0.7511259,1.935887,2.386201,1.199986,-1.607199e-07,5.726984e-05,2.085823,2.349176,1.199983,-7.316674e-08,1.502555e-05,7.524005e-07,-1.479641e-10,7.545387e-07,2.716955e-07,-1.389111e-12,2.717909e-07
0.0007261229,2.97,2.97,1.2,0.7516413,1.935887,2.386201,1.199986,-1.59839e-07,5.735251e-05,2.085823,2.349176,1.199983,-7.237316e-08,1.510084e-05,7.524006e-07,-1.479277e-10,7.545385e-07,2.716955e-07,-1.375344e-12,2.717906e-07
0.0007265229,2.97,2.97,1.2,0.7521567,1.935887,2.386201,1.199986,-1.589627e-07,5.743487e-05,2.085823,2.349176,1.199983,-7.158716e-08,1.517571e-05,7.524007e-07,-1.478917e-10,7.545382e-07,2.716955e-07,-1.362244e-12,2.717903e-07
0.0007269229,2.97,2.97,1.2,0.7526721,1.935887,2.386201,1.199986,-1.58084e-07,5.75169e-05,2.085823,2.349176,1.199983,-7.078766e-08,1.525016e-05,7.524008e-07,-1.478555e-10,7.545379e-07,2.716955e-07,-1.348699e-12,2.7179e-07
0.0007273229,2.97,2.97,1.2,0.7531875,1.935887,2.386201,1.199986,-1.572186e-07,5.759862e-05,2.085823,2.349176,1.199983,-7.001945e-08,1.532418e-05,7.524009e-07,-1.478198e-10,7.545377e-07,2.716955e-07,-1.336042e-12,2.717897e-07
0.0007277229,2.97,2.97,1.2,0.7537029,1.935887,2.386201,1.199986,-1.563524e-07,5.768003e-05,2.085823,2.349176,1.199983,-6.920418e-08,1.539779e-05,7.524011e-07,-1.477842e-10,7.545374e-07,2.716955e-07,-1.322498e-12,2.717894e-07
0.0007281229,2.97,2.97,1.2,0.7542183,1.935887,2.386201,1.199986,-1.554824e-07,5.776112e-05,2.085823,2.349176,1.199983,-6.844498e-08,1.547098e-05,7.524012e-07,-1.477485e-10,7.545371e-07,2.716954e-07,-1.309175e-12,2.717891e-07
0.0007285229,2.97,2.97,1.2,0.7547337,1.935887,2.386201,1.199986,-1.546254e-07,5.78419e-05,2.085823,2.349176,1.199983,-6.768834e-08,1.554376e-05,7.524013e-07,-1.477134e-10,7.545369e-07,2.716954e-07,-1.296296e-12,2.717888e-07
0.0007289229,2.97,2.97,1.2,0.7552491,1.935887,2.386201,1.199986,-1.537727e-07,5.792237e-05,2.085823,2.349176,1.199983,-6.691931e-08,1.561613e-05,7.524014e-07,-1.476781e-10,7.545366e-07,2.716954e-07,-1.28364e-12,2.717885e-07
0.0007293229,2.97,2.97,1.2,0.7557644,1.935887,2.386201,1.199986,-1.529075e-07,5.800253e-05,2.085823,2.349176,1.199983,-6.612889e-08,1.568809e-05,7.524015e-07,-1.47643e-10,7.545363e-07,2.716954e-07,-1.270539e-12,2.717882e-07
0.0007297229,2.97,2.97,1.2,0.7562798,1.935887,2.386201,1.199986,-1.520646e-07,5.808238e-05,2.085823,2.349176,1.199983,-6.53858e-08,1.575964e-05,7.524016e-07,-1.476079e-10,7.545361e-07,2.716954e-07,-1.258327e-12,2.717879e-07
0.00073,2.97,2.97,1.2,0.7566368,1.935887,2.386201,1.199986,-1.512575e-07,5.814797e-05,2.085823,2.349176,1.199983,-6.469302e-08,1.581832e-05,7.524017e-07,-1.475795e-10,7.545359e-07,2.716954e-07,-1.247447e-12,2.717877e-07
