time,v(vin),v(en),v(vref),v(vout),v(xdut.xilimit.pb),v(xdut.xilimit.vg),v(xdut.xilimit.vx),v(xdut.xilimit.vsu),v(xdut.xilimit.bb),v(xdut.xsoftstart.pb_ss),v(xdut.xsoftstart.vg_ss),v(xdut.xsoftstart.vx_ss),v(xdut.xsoftstart.vsu_ss),v(xdut.xsoftstart.bb),i(v.xdut.xilimit.vacq_cv),i(v.xdut.xilimit.vacq_st),i(v.xdut.xilimit.vacq_rb),i(v.xdut.xsoftstart.vacq_cv),i(v.xdut.xsoftstart.vacq_st),i(v.xdut.xsoftstart.vacq_rb)
0,3.3,3.3,1.2,0.00323484,3.3,3.362824e-11,5.35135e-13,1.2,1.692823e-13,3.3,1.681383e-09,5.351371e-13,1.2,1.692582e-13,3.358105e-12,3.301803e-12,3.243592e-19,3.358147e-12,3.301803e-12,1.168209e-19
2e-10,3.3,3.3,1.2,0.00323484,3.3,3.362817e-11,5.358391e-13,1.2,1.692938e-13,3.3,1.681383e-09,5.355524e-13,1.2,1.69269e-13,3.357697e-12,3.301803e-12,3.423877e-19,3.358905e-12,3.301803e-12,2.790108e-19
8e-10,3.3,3.3,1.2,0.00323484,3.3,3.362822e-11,5.353236e-13,1.2,1.692803e-13,3.3,1.681384e-09,5.33417e-13,1.2,1.69256e-13,3.35939e-12,3.301359e-12,2.951242e-19,3.358611e-12,3.301359e-12,-4.677042e-19
3.2e-09,3.3,3.3,1.2,0.00323484,3.3,3.362825e-11,5.349017e-13,1.2,1.692832e-13,3.3,1.681383e-09,5.378844e-13,1.2,1.692654e-13,3.358364e-12,3.301803e-12,2.5455e-19,3.358247e-12,3.301803e-12,-7.6845e-19
1.28e-08,3.3,3.3,1.2,0.00323484,3.3,3.362819e-11,5.352942e-13,1.2,1.692812e-13,3.3,1.681382e-09,5.333976e-13,1.2,1.692629e-13,3.358273e-12,3.301803e-12,2.478793e-19,3.358025e-12,3.301803e-12,-7.337084e-19
5.12e-08,3.3,3.3,1.2,0.00323484,3.3,3.362822e-11,5.364317e-13,1.2,1.692818e-13,3.3,1.681382e-09,5.391951e-13,1.2,1.692635e-13,3.356592e-12,3.301803e-12,2.467286e-19,3.356594e-12,3.301359e-12,-7.367329e-19
1.512e-07,3.3,3.3,1.2,0.00323484,3.3,3.362832e-11,5.345195e-13,1.2,1.692817e-13,3.3,1.681382e-09,5.353291e-13,1.2,1.692635e-13,3.359345e-12,3.301803e-12,2.460266e-19,3.359202e-12,3.301803e-12,-7.311074e-19
2.512e-07,3.3,3.3,1.2,0.00323484,3.3,3.362832e-11,5.342815e-13,1.2,1.692817e-13,3.3,1.681382e-09,5.351931e-13,1.2,1.692635e-13,3.359343e-12,3.301803e-12,2.456618e-19,3.359258e-12,3.301803e-12,-7.305171e-19
3.512e-07,3.3,3.3,1.2,0.00323484,3.3,3.362832e-11,5.346693e-13,1.2,1.692817e-13,3.3,1.681382e-09,5.355347e-13,1.2,1.692635e-13,3.359398e-12,3.301803e-12,2.453987e-19,3.359258e-12,3.301803e-12,-7.306624e-19
4.512e-07,3.3,3.3,1.2,0.00323484,3.3,3.362831e-11,5.340999e-13,1.2,1.692817e-13,3.3,1.681382e-09,5.356818e-13,1.2,1.692635e-13,3.359343e-12,3.301803e-12,2.445629e-19,3.359258e-12,3.301803e-12,-7.299751e-19
5.512e-07,3.3,3.3,1.2,0.00323484,3.3,3.362831e-11,5.350532e-13,1.2,1.692818e-13,3.3,1.681382e-09,5.358985e-13,1.2,1.692634e-13,3.359344e-12,3.301803e-12,2.446909e-19,3.359313e-12,3.301803e-12,-7.295385e-19
6.512e-07,3.3,3.3,1.2,0.00323484,3.3,3.362832e-11,5.350263e-13,1.2,1.692818e-13,3.3,1.681382e-09,5.361248e-13,1.2,1.692634e-13,3.359345e-12,3.301803e-12,2.446629e-19,3.359258e-12,3.301359e-12,-7.290778e-19
7.512e-07,3.3,3.3,1.2,0.00323484,3.3,3.362832e-11,5.34708e-13,1.2,1.692817e-13,3.3,1.681382e-09,5.362471e-13,1.2,1.692634e-13,3.359346e-12,3.301803e-12,2.441855e-19,3.359313e-12,3.301803e-12,-7.292462e-19
8.512e-07,3.3,3.3,1.2,0.00323484,3.3,3.362832e-11,5.343116e-13,1.2,1.692817e-13,3.3,1.681382e-09,5.366487e-13,1.2,1.692635e-13,3.359346e-12,3.301803e-12,2.436047e-19,3.359258e-12,3.301803e-12,-7.288751e-19
9.512e-07,3.3,3.3,1.2,0.00323484,3.3,3.362831e-11,5.341763e-13,1.2,1.692817e-13,3.3,1.681382e-09,5.36927e-13,1.2,1.692635e-13,3.359346e-12,3.301803e-12,2.421198e-19,3.359202e-12,3.301359e-12,-7.283003e-19
1.0512e-06,3.3,3.3,1.2,0.00323484,3.3,3.362831e-11,5.339014e-13,1.2,1.692816e-13,3.3,1.681382e-09,5.376365e-13,1.2,1.692635e-13,3.359346e-12,3.301803e-12,2.412882e-19,3.359258e-12,3.301803e-12,-7.281532e-19
1.1512e-06,3.3,3.3,1.2,0.00323484,3.3,3.362831e-11,5.351335e-13,1.2,1.692818e-13,3.3,1.681382e-09,5.386239e-13,1.2,1.692636e-13,3.359345e-12,3.301803e-12,2.427073e-19,3.359258e-12,3.301803e-12,-7.283081e-19
1.2512e-06,3.3,3.3,1.2,0.00323484,3.3,3.362831e-11,5.355968e-13,1.2,1.692818e-13,3.3,1.681382e-09,5.369762e-13,1.2,1.692635e-13,3.359345e-12,3.301803e-12,2.429666e-19,3.359258e-12,3.301803e-12,-7.324566e-19
1.3512e-06,3.3,3.3,1.2,0.00323484,3.3,3.362832e-11,5.33987e-13,1.2,1.692816e-13,3.3,1.681382e-09,5.370488e-13,1.2,1.692635e-13,3.359346e-12,3.301803e-12,2.418443e-19,3.359258e-12,3.301803e-12,-7.331608e-19
1.4512e-06,3.3,3.3,1.2,0.00323484,3.3,3.362832e-11,5.349733e-13,1.2,1.692817e-13,3.3,1.681382e-09,5.374395e-13,1.2,1.692635e-13,3.359347e-12,3.301803e-12,2.411999e-19,3.359258e-12,3.301803e-12,-7.340568e-19
1.5512e-06,3.3,3.3,1.2,0.00323484,3.3,3.362832e-11,5.351734e-13,1.2,1.692818e-13,3.3,1.681382e-09,5.381639e-13,1.2,1.692635e-13,3.359349e-12,3.301803e-12,2.415016e-19,3.359313e-12,3.301803e-12,-7.330243e-19
1.6512e-06,3.3,3.3,1.2,0.00323484,3.3,3.362826e-11,5.351659e-13,1.2,1.692818e-13,3.3,1.681383e-09,5.359552e-13,1.2,1.692634e-13,3.359349e-12,3.301803e-12,2.406352e-19,3.359258e-12,3.301803e-12,-7.374555e-19
1.7512e-06,3.3,3.3,1.2,0.00323484,3.3,3.362827e-11,5.352689e-13,1.2,1.692818e-13,3.3,1.681383e-09,5.358077e-13,1.2,1.692634e-13,3.359349e-12,3.301803e-12,2.42477e-19,3.359313e-12,3.301803e-12,-7.356405e-19
1.8512e-06,3.3,3.3,1.2,0.00323484,3.3,3.362831e-11,5.354157e-13,1.2,1.692817e-13,3.3,1.681383e-09,5.356845e-13,1.2,1.692634e-13,3.359348e-12,3.301803e-12,2.427024e-19,3.359258e-12,3.301803e-12,-7.359166e-19
1.9512e-06,3.3,3.3,1.2,0.00323484,3.3,3.362832e-11,5.337081e-13,1.2,1.692816e-13,3.3,1.681383e-09,5.356982e-13,1.2,1.692634e-13,3.359347e-12,3.301803e-12,2.401414e-19,3.359202e-12,3.301803e-12,-7.358697e-19
2.0512e-06,3.3,3.3,1.2,0.00323484,3.3,3.362832e-11,5.350808e-13,1.2,1.692817e-13,3.3,1.681383e-09,5.3582e-13,1.2,1.692634e-13,3.359348e-12,3.301803e-12,2.40507e-19,3.359258e-12,3.301803e-12,-7.351769e-19
2.1512e-06,3.3,3.3,1.2,0.00323484,3.3,3.36283e-11,5.352779e-13,1.2,1.692817e-13,3.3,1.681383e-09,5.359131e-13,1.2,1.692633e-13,3.359348e-12,3.301803e-12,2.408094e-19,3.359258e-12,3.301803e-12,-7.354249e-19
2.2512e-06,3.3,3.3,1.2,0.00323484,3.3,3.362829e-11,5.353836e-13,1.2,1.692817e-13,3.3,1.681383e-09,5.361223e-13,1.2,1.692633e-13,3.35935e-12,3.301803e-12,2.409604e-19,3.359258e-12,3.301803e-12,-7.358612e-19
2.3512e-06,3.3,3.3,1.2,0.00323484,3.3,3.362833e-11,5.35296e-13,1.2,1.692817e-13,3.3,1.681383e-09,5.366067e-13,1.2,1.692634e-13,3.359352e-12,3.301803e-12,2.408305e-19,3.359313e-12,3.301803e-12,-7.357227e-19
2.4512e-06,3.3,3.3,1.2,0.00323484,3.3,3.362834e-11,5.342054e-13,1.2,1.692816e-13,3.3,1.681383e-09,5.368359e-13,1.2,1.692634e-13,3.359353e-12,3.301803e-12,2.387921e-19,3.359258e-12,3.301803e-12,-7.357193e-19
2.5512e-06,3.3,3.3,1.2,0.00323484,3.3,3.362833e-11,5.356555e-13,1.2,1.692818e-13,3.3,1.681383e-09,5.372883e-13,1.2,1.692634e-13,3.359353e-12,3.301803e-12,2.392424e-19,3.359258e-12,3.301803e-12,-7.352104e-19
2.6512e-06,3.3,3.3,1.2,0.00323484,3.3,3.362834e-11,5.351122e-13,1.2,1.692817e-13,3.3,1.681383e-09,5.351011e-13,1.2,1.692633e-13,3.359351e-12,3.301803e-12,2.40134e-19,3.359258e-12,3.301803e-12,-7.404463e-19
2.7512e-06,3.3,3.3,1.2,0.00323484,3.3,3.362834e-11,5.350026e-13,1.2,1.692817e-13,3.3,1.681383e-09,5.347977e-13,1.2,1.692633e-13,3.35935e-12,3.301803e-12,2.399749e-19,3.359258e-12,3.301803e-12,-7.414964e-19
2.8512e-06,3.3,3.3,1.2,0.00323484,3.3,3.362834e-11,5.352617e-13,1.2,1.692817e-13,3.3,1.681383e-09,5.348008e-13,1.2,1.692633e-13,3.35935e-12,3.301803e-12,2.399318e-19,3.359258e-12,3.301803e-12,-7.410655e-19
2.9512e-06,3.3,3.3,1.2,0.00323484,3.3,3.362834e-11,5.356754e-13,1.2,1.692818e-13,3.3,1.681383e-09,5.351325e-13,1.2,1.692633e-13,3.359351e-12,3.301803e-12,2.40549e-19,3.359258e-12,3.301803e-12,-7.501324e-19
3.0512e-06,3.3,3.3,1.2,0.00323484,3.3,3.362829e-11,5.352929e-13,1.2,1.692817e-13,3.3,1.681383e-09,5.352006e-13,1.2,1.692633e-13,3.359354e-12,3.301803e-12,2.416785e-19,3.359258e-12,3.301803e-12,-7.495848e-19
3.1512e-06,3.3,3.3,1.2,0.003234841,3.3,3.36283e-11,5.340233e-13,1.2,1.692816e-13,3.3,1.681383e-09,5.350764e-13,1.2,1.692633e-13,3.359356e-12,3.301803e-12,2.393559e-19,3.359258e-12,3.301803e-12,-7.498285e-19
3.2512e-06,3.3,3.3,1.2,0.003234841,3.3,3.36283e-11,5.352617e-13,1.2,1.692817e-13,3.3,1.681383e-09,5.34998e-13,1.2,1.692632e-13,3.359358e-12,3.301803e-12,2.390764e-19,3.359258e-12,3.301359e-12,-7.495574e-19
3.3512e-06,3.3,3.3,1.2,0.003234841,3.3,3.362831e-11,5.355582e-13,1.2,1.692818e-13,3.3,1.681383e-09,5.348556e-13,1.2,1.692633e-13,3.359357e-12,3.301803e-12,2.412236e-19,3.359258e-12,3.301803e-12,-7.494061e-19
3.4512e-06,3.3,3.3,1.2,0.003234841,3.3,3.362832e-11,5.339053e-13,1.2,1.692816e-13,3.3,1.681383e-09,5.346509e-13,1.2,1.692633e-13,3.359354e-12,3.301803e-12,2.387527e-19,3.359258e-12,3.301803e-12,-7.498363e-19
3.5512e-06,3.3,3.3,1.2,0.00323484,3.3,3.362826e-11,5.348533e-13,1.2,1.692816e-13,3.3,1.681383e-09,5.348043e-13,1.2,1.692632e-13,3.359351e-12,3.301803e-12,2.384758e-19,3.359258e-12,3.301803e-12,-7.499434e-19
3.6512e-06,3.3,3.3,1.2,0.00323484,3.3,3.362827e-11,5.351374e-13,1.2,1.692817e-13,3.3,1.681383e-09,5.351621e-13,1.2,1.692633e-13,3.359349e-12,3.301803e-12,2.380549e-19,3.359258e-12,3.301803e-12,-7.589608e-19
3.7512e-06,3.3,3.3,1.2,0.00323484,3.3,3.362827e-11,5.356088e-13,1.2,1.692817e-13,3.3,1.681383e-09,5.349782e-13,1.2,1.692633e-13,3.35935e-12,3.301803e-12,2.387538e-19,3.359258e-12,3.301803e-12,-7.588997e-19
3.8512e-06,3.3,3.3,1.2,0.00323484,3.3,3.362831e-11,5.355423e-13,1.2,1.692817e-13,3.3,1.681383e-09,5.347506e-13,1.2,1.692633e-13,3.359352e-12,3.301803e-12,2.399238e-19,3.359258e-12,3.301359e-12,-7.589446e-19
3.9512e-06,3.3,3.3,1.2,0.003234841,3.3,3.362829e-11,5.338773e-13,1.2,1.692815e-13,3.3,1.681383e-09,5.348998e-13,1.2,1.692632e-13,3.359357e-12,3.301803e-12,2.378573e-19,3.359258e-12,3.301803e-12,-7.582261e-19
4.0512e-06,3.3,3.3,1.2,0.003234841,3.3,3.36283e-11,5.351383e-13,1.2,1.692817e-13,3.3,1.681383e-09,5.347603e-13,1.2,1.692632e-13,3.359362e-12,3.301803e-12,2.376364e-19,3.359258e-12,3.301803e-12,-7.580892e-19
4.1512e-06,3.3,3.3,1.2,0.003234841,3.3,3.362829e-11,5.348045e-13,1.2,1.692816e-13,3.3,1.681383e-09,5.350695e-13,1.2,1.692632e-13,3.359363e-12,3.301803e-12,2.388251e-19,3.359258e-12,3.301803e-12,-7.667544e-19
4.2512e-06,3.3,3.3,1.2,0.003234841,3.3,3.36283e-11,5.348579e-13,1.2,1.692816e-13,3.3,1.681383e-09,5.349494e-13,1.2,1.692632e-13,3.359361e-12,3.301803e-12,2.384843e-19,3.359313e-12,3.301803e-12,-7.674275e-19
4.3512e-06,3.3,3.3,1.2,0.003234841,3.3,3.362827e-11,5.347899e-13,1.2,1.692816e-13,3.3,1.681383e-09,5.349876e-13,1.2,1.692632e-13,3.359355e-12,3.301803e-12,2.383759e-19,3.359313e-12,3.301803e-12,-7.677795e-19
4.4512e-06,3.3,3.3,1.2,0.00323484,3.3,3.362828e-11,5.346743e-13,1.2,1.692816e-13,3.3,1.681383e-09,5.347364e-13,1.2,1.692632e-13,3.359349e-12,3.301803e-12,2.373554e-19,3.359313e-12,3.301803e-12,-7.674409e-19
4.5512e-06,3.3,3.3,1.2,0.00323484,3.3,3.362829e-11,5.346712e-13,1.2,1.692816e-13,3.3,1.681383e-09,5.345348e-13,1.2,1.692632e-13,3.359346e-12,3.301803e-12,2.369295e-19,3.359313e-12,3.301803e-12,-7.669937e-19
4.6512e-06,3.3,3.3,1.2,0.00323484,3.3,3.362829e-11,5.346966e-13,1.2,1.692816e-13,3.3,1.681383e-09,5.350557e-13,1.2,1.692632e-13,3.359348e-12,3.301803e-12,2.365611e-19,3.359313e-12,3.301803e-12,-7.765369e-19
4.7512e-06,3.3,3.3,1.2,0.00323484,3.3,3.36283e-11,5.348027e-13,1.2,1.692816e-13,3.3,1.681383e-09,5.35033e-13,1.2,1.692632e-13,3.359355e-12,3.301803e-12,2.358622e-19,3.359313e-12,3.301359e-12,-7.761556e-19
4.8512e-06,3.3,3.3,1.2,0.003234841,3.3,3.36283e-11,5.350129e-13,1.2,1.692817e-13,3.3,1.681383e-09,5.347503e-13,1.2,1.692632e-13,3.359364e-12,3.301803e-12,2.361697e-19,3.359258e-12,3.301803e-12,-7.758796e-19
4.9512e-06,3.3,3.3,1.2,0.003234841,3.3,3.362828e-11,5.345444e-13,1.2,1.692816e-13,3.3,1.681383e-09,5.348411e-13,1.2,1.692632e-13,3.35937e-12,3.301803e-12,2.3589e-19,3.359313e-12,3.301803e-12,-7.744356e-19
5.0512e-06,3.3,3.3,1.2,0.003234841,3.3,3.362835e-11,5.350919e-13,1.2,1.692817e-13,3.3,1.681383e-09,5.350681e-13,1.2,1.692632e-13,3.359369e-12,3.301803e-12,2.354441e-19,3.359313e-12,3.301803e-12,-7.837234e-19
5.1512e-06,3.3,3.3,1.2,0.003234841,3.3,3.36283e-11,5.354454e-13,1.2,1.692817e-13,3.3,1.681383e-09,5.352542e-13,1.2,1.692632e-13,3.359361e-12,3.301803e-12,2.363931e-19,3.359313e-12,3.301803e-12,-7.837518e-19
5.2512e-06,3.3,3.3,1.2,0.00323484,3.3,3.362831e-11,5.34495e-13,1.2,1.692816e-13,3.3,1.681383e-09,5.351977e-13,1.2,1.692632e-13,3.359351e-12,3.301803e-12,2.362424e-19,3.359313e-12,3.301803e-12,-7.826177e-19
5.3512e-06,3.3,3.3,1.2,0.00323484,3.3,3.362832e-11,5.352979e-13,1.2,1.692817e-13,3.3,1.681383e-09,5.349506e-13,1.2,1.692632e-13,3.359397e-12,3.301803e-12,2.366016e-19,3.359313e-12,3.301803e-12,-7.826853e-19
5.4512e-06,3.3,3.3,1.2,0.00323484,3.3,3.362832e-11,5.356306e-13,1.2,1.692817e-13,3.3,1.681383e-09,5.349143e-13,1.2,1.692631e-13,3.359394e-12,3.301803e-12,2.370918e-19,3.359313e-12,3.301803e-12,-7.831853e-19
5.5512e-06,3.3,3.3,1.2,0.00323484,3.3,3.362833e-11,5.348858e-13,1.2,1.692816e-13,3.3,1.681383e-09,5.347322e-13,1.2,1.692631e-13,3.359347e-12,3.301803e-12,2.372564e-19,3.359313e-12,3.301803e-12,-7.83544e-19
5.6512e-06,3.3,3.3,1.2,0.003234841,3.3,3.362834e-11,5.345339e-13,1.2,1.692816e-13,3.3,1.681383e-09,5.348896e-13,1.2,1.692631e-13,3.359362e-12,3.301803e-12,2.358709e-19,3.359313e-12,3.301803e-12,-7.828191e-19
5.7512e-06,3.3,3.3,1.2,0.003234841,3.3,3.362834e-11,5.350091e-13,1.2,1.692817e-13,3.3,1.681383e-09,5.377398e-13,1.2,1.692632e-13,3.359377e-12,3.301803e-12,2.353255e-19,3.359313e-12,3.301803e-12,-7.758115e-19
5.8512e-06,3.3,3.3,1.2,0.003234841,3.3,3.362834e-11,5.346165e-13,1.2,1.692816e-13,3.3,1.681383e-09,5.351471e-13,1.2,1.692631e-13,3.359383e-12,3.301803e-12,2.338936e-19,3.359313e-12,3.301803e-12,-7.721209e-19
5.9512e-06,3.3,3.3,1.2,0.003234841,3.3,3.362834e-11,5.35166e-13,1.2,1.692817e-13,3.3,1.681383e-09,5.350339e-13,1.2,1.692631e-13,3.359376e-12,3.301803e-12,2.342797e-19,3.359313e-12,3.301359e-12,-7.72363e-19
6.0512e-06,3.3,3.3,1.2,0.003234841,3.3,3.362834e-11,5.35112e-13,1.2,1.692817e-13,3.3,1.681383e-09,5.349288e-13,1.2,1.69263e-13,3.359357e-12,3.301803e-12,2.341939e-19,3.359313e-12,3.301803e-12,-7.725561e-19
6.1512e-06,3.3,3.3,1.2,0.00323484,3.3,3.362834e-11,5.350388e-13,1.2,1.692816e-13,3.3,1.681383e-09,5.350141e-13,1.2,1.692631e-13,3.35939e-12,3.301803e-12,2.332417e-19,3.359313e-12,3.301803e-12,-7.723895e-19
6.2512e-06,3.3,3.3,1.2,0.00323484,3.3,3.362834e-11,5.349349e-13,1.2,1.692816e-13,3.3,1.681383e-09,5.347961e-13,1.2,1.69263e-13,3.359377e-12,3.301803e-12,2.330924e-19,3.359313e-12,3.301803e-12,-7.715836e-19
6.3512e-06,3.3,3.3,1.2,0.00323484,3.3,3.362834e-11,5.351003e-13,1.2,1.692816e-13,3.3,1.681383e-09,5.348723e-13,1.2,1.69263e-13,3.359383e-12,3.301803e-12,2.324843e-19,3.359313e-12,3.301803e-12,-7.718221e-19
6.4512e-06,3.3,3.3,1.2,0.00323484,3.3,3.362834e-11,5.347672e-13,1.2,1.692816e-13,3.3,1.681383e-09,5.376575e-13,1.2,1.692631e-13,3.359353e-12,3.301803e-12,2.320006e-19,3.359313e-12,3.301803e-12,-7.657916e-19
6.5512e-06,3.3,3.3,1.2,0.003234841,3.3,3.362834e-11,5.357224e-13,1.2,1.692817e-13,3.3,1.681383e-09,5.34923e-13,1.2,1.69263e-13,3.359387e-12,3.301803e-12,2.334091e-19,3.359313e-12,3.301803e-12,-7.615572e-19
6.6512e-06,3.3,3.3,1.2,0.003234842,3.3,3.362834e-11,5.350334e-13,1.2,1.692816e-13,3.3,1.681383e-09,5.347934e-13,1.2,1.69263e-13,3.359353e-12,3.301803e-12,2.332383e-19,3.359313e-12,3.301803e-12,-7.618268e-19
6.7512e-06,3.3,3.3,1.2,0.003234842,3.3,3.362834e-11,5.347195e-13,1.2,1.692816e-13,3.3,1.681383e-09,5.347017e-13,1.2,1.69263e-13,3.359351e-12,3.301803e-12,2.327688e-19,3.359313e-12,3.301803e-12,-7.611377e-19
6.8512e-06,3.3,3.3,1.2,0.003234841,3.3,3.362835e-11,5.346437e-13,1.2,1.692816e-13,3.3,1.681383e-09,5.348943e-13,1.2,1.69263e-13,3.359376e-12,3.301803e-12,2.318115e-19,3.359313e-12,3.301803e-12,-7.713713e-19
6.9512e-06,3.3,3.3,1.2,0.00323484,3.3,3.362834e-11,5.351942e-13,1.2,1.692816e-13,3.3,1.681383e-09,5.351178e-13,1.2,1.69263e-13,3.359386e-12,3.301803e-12,2.326275e-19,3.359313e-12,3.301803e-12,-7.717731e-19
7.0512e-06,3.3,3.3,1.2,0.003234839,3.3,3.362834e-11,5.356674e-13,1.2,1.692817e-13,3.3,1.681383e-09,5.351366e-13,1.2,1.69263e-13,3.359403e-12,3.301803e-12,2.329081e-19,3.359313e-12,3.301803e-12,-7.717007e-19
7.1512e-06,3.3,3.3,1.2,0.003234839,3.3,3.362834e-11,5.348309e-13,1.2,1.692816e-13,3.3,1.681383e-09,5.34967e-13,1.2,1.69263e-13,3.359399e-12,3.301803e-12,2.325118e-19,3.359313e-12,3.301803e-12,-7.716386e-19
7.2512e-06,3.3,3.3,1.2,0.00323484,3.3,3.362834e-11,5.354126e-13,1.2,1.692816e-13,3.3,1.681383e-09,5.34755e-13,1.2,1.69263e-13,3.359378e-12,3.301803e-12,2.325352e-19,3.359313e-12,3.301803e-12,-7.720651e-19
7.3512e-06,3.3,3.3,1.2,0.003234841,3.3,3.362827e-11,5.353676e-13,1.2,1.692816e-13,3.3,1.681383e-09,5.344271e-13,1.2,1.69263e-13,3.359385e-12,3.301803e-12,2.337388e-19,3.359313e-12,3.301803e-12,-7.723024e-19
7.4512e-06,3.3,3.3,1.2,0.003234842,3.3,3.362828e-11,5.345448e-13,1.2,1.692816e-13,3.3,1.681383e-09,5.377229e-13,1.2,1.692631e-13,3.359334e-12,3.301803e-12,2.325087e-19,3.359313e-12,3.301803e-12,-7.669369e-19
7.5512e-06,3.3,3.3,1.2,0.003234843,3.3,3.362832e-11,5.352344e-13,1.2,1.692816e-13,3.3,1.681383e-09,5.350759e-13,1.2,1.692631e-13,3.35941e-12,3.301803e-12,2.327e-19,3.359313e-12,3.301803e-12,-7.633625e-19
7.6512e-06,3.3,3.3,1.2,0.003234842,3.3,3.362833e-11,5.349246e-13,1.2,1.692816e-13,3.3,1.681383e-09,5.351412e-13,1.2,1.692631e-13,3.359375e-12,3.301803e-12,2.322145e-19,3.359313e-12,3.301803e-12,-7.636651e-19
7.7512e-06,3.3,3.3,1.2,0.003234841,3.3,3.362833e-11,5.356421e-13,1.2,1.692817e-13,3.3,1.681383e-09,5.350893e-13,1.2,1.692631e-13,3.359349e-12,3.301803e-12,2.332987e-19,3.359313e-12,3.301803e-12,-7.633529e-19
7.8512e-06,3.3,3.3,1.2,0.003234839,3.3,3.362833e-11,5.351434e-13,1.2,1.692816e-13,3.3,1.681383e-09,5.350885e-13,1.2,1.69263e-13,3.359371e-12,3.301803e-12,2.334012e-19,3.359313e-12,3.301803e-12,-7.629298e-19
7.9512e-06,3.3,3.3,1.2,0.003234838,3.3,3.362834e-11,5.353293e-13,1.2,1.692816e-13,3.3,1.681383e-09,5.350215e-13,1.2,1.69263e-13,3.359325e-12,3.301803e-12,2.345248e-19,3.359313e-12,3.301803e-12,-7.626142e-19
8.0512e-06,3.3,3.3,1.2,0.003234838,3.3,3.362834e-11,5.35104e-13,1.2,1.692816e-13,3.3,1.681383e-09,5.346423e-13,1.2,1.692629e-13,3.359411e-12,3.301803e-12,2.346108e-19,3.359313e-12,3.301803e-12,-7.625593e-19
8.1512e-06,3.3,3.3,1.2,0.00323484,3.3,3.362834e-11,5.348031e-13,1.2,1.692816e-13,3.3,1.681383e-09,5.348176e-13,1.2,1.692629e-13,3.359348e-12,3.301803e-12,2.337442e-19,3.359313e-12,3.301803e-12,-7.626209e-19
8.2512e-06,3.3,3.3,1.2,0.003234843,3.3,3.362834e-11,5.352004e-13,1.2,1.692816e-13,3.3,1.681383e-09,5.377299e-13,1.2,1.692631e-13,3.359366e-12,3.301803e-12,2.347573e-19,3.359313e-12,3.301803e-12,-7.563474e-19
8.3512e-06,3.3,3.3,1.2,0.003234844,3.3,3.362834e-11,5.356036e-13,1.2,1.692816e-13,3.3,1.681383e-09,5.350921e-13,1.2,1.69263e-13,3.359395e-12,3.301803e-12,2.353663e-19,3.359258e-12,3.301803e-12,-7.52316e-19
8.4512e-06,3.3,3.3,1.2,0.003234844,3.3,3.362837e-11,5.355765e-13,1.2,1.692816e-13,3.3,1.681383e-09,5.347442e-13,1.2,1.69263e-13,3.359378e-12,3.301803e-12,2.361827e-19,3.359313e-12,3.301803e-12,-7.526148e-19
8.5512e-06,3.3,3.3,1.2,0.003234842,3.3,3.362837e-11,5.353562e-13,1.2,1.692816e-13,3.3,1.681383e-09,5.346902e-13,1.2,1.692629e-13,3.35942e-12,3.301803e-12,2.371014e-19,3.359313e-12,3.301803e-12,-7.527047e-19
8.6512e-06,3.3,3.3,1.2,0.003234839,3.3,3.362838e-11,5.350002e-13,1.2,1.692816e-13,3.3,1.681383e-09,5.34758e-13,1.2,1.692629e-13,3.359405e-12,3.301803e-12,2.361558e-19,3.359313e-12,3.301803e-12,-7.529889e-19
8.7512e-06,3.3,3.3,1.2,0.003234836,3.3,3.362838e-11,5.351456e-13,1.2,1.692816e-13,3.3,1.681383e-09,5.376164e-13,1.2,1.69263e-13,3.359374e-12,3.301803e-12,2.367931e-19,3.359313e-12,3.301803e-12,-7.468452e-19
8.8512e-06,3.3,3.3,1.2,0.003234835,3.3,3.362838e-11,5.352592e-13,1.2,1.692816e-13,3.3,1.681383e-09,5.349434e-13,1.2,1.69263e-13,3.359359e-12,3.301803e-12,2.369628e-19,3.359313e-12,3.301803e-12,-7.428677e-19
8.9512e-06,3.3,3.3,1.2,0.003234837,3.3,3.362838e-11,5.345699e-13,1.2,1.692815e-13,3.3,1.681383e-09,5.348237e-13,1.2,1.692629e-13,3.359337e-12,3.301803e-12,2.35512e-19,3.359313e-12,3.301803e-12,-7.431272e-19
9.0512e-06,3.3,3.3,1.2,0.003234842,3.3,3.362837e-11,5.353662e-13,1.2,1.692816e-13,3.3,1.681383e-09,5.348088e-13,1.2,1.692629e-13,3.359308e-12,3.301359e-12,2.358486e-19,3.359313e-12,3.301803e-12,-7.427386e-19
9.1512e-06,3.3,3.3,1.2,0.003234847,3.3,3.362838e-11,5.34615e-13,1.2,1.692815e-13,3.3,1.681383e-09,5.377287e-13,1.2,1.692631e-13,3.359369e-12,3.301803e-12,2.351473e-19,3.359313e-12,3.301359e-12,-7.368855e-19
9.2512e-06,3.3,3.3,1.2,0.003234849,3.3,3.362838e-11,5.351547e-13,1.2,1.692816e-13,3.3,1.681383e-09,5.351701e-13,1.2,1.69263e-13,3.359386e-12,3.301803e-12,2.351146e-19,3.359313e-12,3.301803e-12,-7.331261e-19
9.3512e-06,3.3,3.3,1.2,0.003234846,3.3,3.362837e-11,5.353767e-13,1.2,1.692816e-13,3.3,1.681383e-09,5.352741e-13,1.2,1.692629e-13,3.359398e-12,3.301803e-12,2.354394e-19,3.359313e-12,3.301803e-12,-7.324882e-19
9.4512e-06,3.3,3.3,1.2,0.00323484,3.3,3.362838e-11,5.350453e-13,1.2,1.692816e-13,3.3,1.681383e-09,5.34839e-13,1.2,1.692629e-13,3.359348e-12,3.301359e-12,2.357984e-19,3.359313e-12,3.301803e-12,-7.329064e-19
9.5512e-06,3.3,3.3,1.2,0.003234833,3.3,3.362837e-11,5.352364e-13,1.2,1.692816e-13,3.3,1.681383e-09,5.349447e-13,1.2,1.69263e-13,3.35939e-12,3.301359e-12,2.352327e-19,3.359313e-12,3.301803e-12,-7.331503e-19
9.6512e-06,3.3,3.3,1.2,0.003234829,3.3,3.362837e-11,5.35037e-13,1.2,1.692816e-13,3.3,1.681383e-09,5.347362e-13,1.2,1.692629e-13,3.359335e-12,3.301803e-12,2.362088e-19,3.359313e-12,3.301803e-12,-7.335595e-19
9.7512e-06,3.3,3.3,1.2,0.003234831,3.3,3.362837e-11,5.353574e-13,1.2,1.692816e-13,3.3,1.681383e-09,5.348777e-13,1.2,1.692629e-13,3.359363e-12,3.301803e-12,2.35847e-19,3.359313e-12,3.301803e-12,-7.332596e-19
9.8512e-06,3.3,3.3,1.2,0.003234839,3.3,3.362838e-11,5.344913e-13,1.2,1.692815e-13,3.3,1.681383e-09,5.34549e-13,1.2,1.692629e-13,3.359396e-12,3.301803e-12,2.341164e-19,3.359313e-12,3.301803e-12,-7.32642e-19
9.9512e-06,3.3,3.3,1.2,0.003234849,3.3,3.362837e-11,5.356386e-13,1.2,1.692816e-13,3.3,1.681383e-09,5.345933e-13,1.2,1.692629e-13,3.359404e-12,3.301803e-12,2.349883e-19,3.359313e-12,3.301803e-12,-7.418925e-19
1.00512e-05,3.3,3.3,1.2,0.003234856,3.3,3.362838e-11,5.347772e-13,1.2,1.692815e-13,3.3,1.681383e-09,5.348059e-13,1.2,1.692629e-13,3.359388e-12,3.301803e-12,2.345493e-19,3.359313e-12,3.301803e-12,-7.422975e-19
1.01512e-05,3.3,3.3,1.2,0.003234856,3.3,3.362837e-11,5.355639e-13,1.2,1.692816e-13,3.3,1.681383e-09,5.378696e-13,1.2,1.692631e-13,3.35941e-12,3.301803e-12,2.348806e-19,3.359313e-12,3.301803e-12,-7.357334e-19
1.02512e-05,3.3,3.3,1.2,0.003234847,3.3,3.362837e-11,5.348851e-13,1.2,1.692815e-13,3.3,1.681383e-09,5.352441e-13,1.2,1.69263e-13,3.359394e-12,3.301803e-12,2.347104e-19,3.359313e-12,3.301803e-12,-7.316968e-19
1.03512e-05,3.3,3.3,1.2,0.003234833,3.3,3.362837e-11,5.348269e-13,1.2,1.692815e-13,3.3,1.681383e-09,5.349752e-13,1.2,1.69263e-13,3.359396e-12,3.301803e-12,2.337629e-19,3.359313e-12,3.301803e-12,-7.305618e-19
1.04512e-05,3.3,3.3,1.2,0.003234821,3.3,3.362837e-11,5.351821e-13,1.2,1.692816e-13,3.3,1.681383e-09,5.348309e-13,1.2,1.692629e-13,3.359351e-12,3.301803e-12,2.338808e-19,3.359313e-12,3.301803e-12,-7.29543e-19
1.05512e-05,3.3,3.3,1.2,0.003234818,3.3,3.362837e-11,5.355114e-13,1.2,1.692816e-13,3.3,1.681383e-09,5.345653e-13,1.2,1.692629e-13,3.359381e-12,3.301803e-12,2.347899e-19,3.359313e-12,3.301803e-12,-7.300925e-19
1.06512e-05,3.3,3.3,1.2,0.003234828,3.3,3.362837e-11,5.34579e-13,1.2,1.692815e-13,3.3,1.681383e-09,5.3457e-13,1.2,1.692629e-13,3.35937e-12,3.301803e-12,2.338315e-19,3.359313e-12,3.301803e-12,-7.309391e-19
1.07512e-05,3.3,3.3,1.2,0.003234847,3.3,3.362837e-11,5.355992e-13,1.2,1.692816e-13,3.3,1.681383e-09,5.347127e-13,1.2,1.692629e-13,3.359361e-12,3.301803e-12,2.340793e-19,3.359313e-12,3.301359e-12,-7.403731e-19
1.08512e-05,3.3,3.3,1.2,0.003234866,3.3,3.362837e-11,5.351977e-13,1.2,1.692816e-13,3.3,1.681383e-09,5.346289e-13,1.2,1.692629e-13,3.359407e-12,3.301803e-12,2.343254e-19,3.359369e-12,3.301803e-12,-7.405403e-19
1.09512e-05,3.3,3.3,1.2,0.003234873,3.3,3.362837e-11,5.356929e-13,1.2,1.692816e-13,3.3,1.681383e-09,5.348515e-13,1.2,1.692628e-13,3.359369e-12,3.301803e-12,2.359036e-19,3.359313e-12,3.301803e-12,-7.401162e-19
1.10512e-05,3.3,3.3,1.2,0.003234863,3.3,3.362837e-11,5.351629e-13,1.2,1.692816e-13,3.3,1.681383e-09,5.348547e-13,1.2,1.692629e-13,3.359383e-12,3.301803e-12,2.363889e-19,3.359313e-12,3.301803e-12,-7.48978e-19
1.11512e-05,3.3,3.3,1.2,0.003234838,3.3,3.362837e-11,5.347181e-13,1.2,1.692815e-13,3.3,1.681383e-09,5.347035e-13,1.2,1.692628e-13,3.359341e-12,3.301803e-12,2.353106e-19,3.359313e-12,3.301803e-12,-7.488743e-19
1.12512e-05,3.3,3.3,1.2,0.003234811,3.3,3.362837e-11,5.354543e-13,1.2,1.692816e-13,3.3,1.681383e-09,5.346373e-13,1.2,1.692628e-13,3.359384e-12,3.301803e-12,2.364016e-19,3.359313e-12,3.301803e-12,-7.481598e-19
1.13512e-05,3.3,3.3,1.2,0.003234796,3.3,3.362837e-11,5.349954e-13,1.2,1.692816e-13,3.3,1.681383e-09,5.349924e-13,1.2,1.692629e-13,3.359339e-12,3.301359e-12,2.352953e-19,3.359313e-12,3.301803e-12,-7.575968e-19
1.14512e-05,3.3,3.3,1.2,0.003234804,3.3,3.362837e-11,5.354505e-13,1.2,1.692816e-13,3.3,1.681383e-09,5.351548e-13,1.2,1.692629e-13,3.359345e-12,3.301803e-12,2.364043e-19,3.359313e-12,3.301803e-12,-7.577145e-19
1.15512e-05,3.3,3.3,1.2,0.003234835,3.3,3.362837e-11,5.345688e-13,1.2,1.692816e-13,3.3,1.681383e-09,5.349501e-13,1.2,1.692629e-13,3.359379e-12,3.301803e-12,2.355187e-19,3.359313e-12,3.301803e-12,-7.572681e-19
1.16512e-05,3.3,3.3,1.2,0.003234875,3.3,3.362837e-11,5.3511e-13,1.2,1.692816e-13,3.3,1.681383e-09,5.345532e-13,1.2,1.692629e-13,3.359374e-12,3.301803e-12,2.354702e-19,3.359313e-12,3.301803e-12,-7.5724e-19
1.17512e-05,3.3,3.3,1.2,0.003234902,3.3,3.362837e-11,5.345511e-13,1.2,1.692815e-13,3.3,1.681383e-09,5.345432e-13,1.2,1.692629e-13,3.359336e-12,3.301803e-12,2.342145e-19,3.359313e-12,3.301803e-12,-7.580999e-19
1.18512e-05,3.3,3.3,1.2,0.003234898,3.3,3.362837e-11,5.356261e-13,1.2,1.692816e-13,3.3,1.681383e-09,5.352164e-13,1.2,1.692629e-13,3.35938e-12,3.301803e-12,2.349638e-19,3.359313e-12,3.301803e-12,-7.673328e-19
1.19512e-05,3.3,3.3,1.2,0.003234861,3.3,3.362837e-11,5.352822e-13,1.2,1.692816e-13,3.3,1.681383e-09,5.349918e-13,1.2,1.692629e-13,3.359382e-12,3.301803e-12,2.357248e-19,3.359313e-12,3.301803e-12,-7.669318e-19
1.20512e-05,3.3,3.3,1.2,0.003234806,3.3,3.362837e-11,5.353111e-13,1.2,1.692816e-13,3.3,1.681383e-09,5.347239e-13,1.2,1.692628e-13,3.359323e-12,3.301803e-12,2.357672e-19,3.359313e-12,3.301803e-12,-7.670252e-19
1.21512e-05,3.3,3.3,1.2,0.003234761,3.3,3.362837e-11,5.34542e-13,1.2,1.692816e-13,3.3,1.681383e-09,5.344648e-13,1.2,1.692628e-13,3.359368e-12,3.301803e-12,2.346144e-19,3.359369e-12,3.301803e-12,-7.675696e-19
1.22512e-05,3.3,3.3,1.2,0.003234754,3.3,3.362837e-11,5.353711e-13,1.2,1.692816e-13,3.3,1.681383e-09,5.375398e-13,1.2,1.69263e-13,3.359392e-12,3.301803e-12,2.345861e-19,3.359313e-12,3.301803e-12,-7.622437e-19
1.23512e-05,3.3,3.3,1.2,0.003234796,3.3,3.362837e-11,5.346981e-13,1.2,1.692816e-13,3.3,1.681383e-09,5.349801e-13,1.2,1.692629e-13,3.359375e-12,3.301803e-12,2.340037e-19,3.359313e-12,3.301803e-12,-7.580696e-19
1.24512e-05,3.3,3.3,1.2,0.003234871,3.3,3.362837e-11,5.354229e-13,1.2,1.692816e-13,3.3,1.681383e-09,5.347298e-13,1.2,1.692628e-13,3.359324e-12,3.301803e-12,2.346613e-19,3.359258e-12,3.301803e-12,-7.577191e-19
1.25512e-05,3.3,3.3,1.2,0.003234942,3.3,3.362837e-11,5.355946e-13,1.2,1.692817e-13,3.3,1.681383e-09,5.347002e-13,1.2,1.692628e-13,3.359376e-12,3.301803e-12,2.357654e-19,3.359313e-12,3.301803e-12,-7.57329e-19
1.26512e-05,3.3,3.3,1.2,0.003234967,3.3,3.362837e-11,5.350419e-13,1.2,1.692816e-13,3.3,1.681383e-09,5.353079e-13,1.2,1.692629e-13,3.359465e-12,3.301803e-12,2.34937e-19,3.359313e-12,3.301803e-12,-7.658632e-19
1.27512e-05,3.3,3.3,1.2,0.003234923,3.3,3.362837e-11,5.357616e-13,1.2,1.692817e-13,3.3,1.681383e-09,5.34971e-13,1.2,1.692629e-13,3.359428e-12,3.301803e-12,2.364386e-19,3.359313e-12,3.301803e-12,-7.657169e-19
1.28512e-05,3.3,3.3,1.2,0.003234825,3.3,3.362837e-11,5.349888e-13,1.2,1.692816e-13,3.3,1.681383e-09,5.350881e-13,1.2,1.692629e-13,3.359376e-12,3.301803e-12,2.365712e-19,3.359313e-12,3.301803e-12,-7.658871e-19
1.29512e-05,3.3,3.3,1.2,0.003234718,3.3,3.362837e-11,5.34856e-13,1.2,1.692816e-13,3.3,1.681383e-09,5.351667e-13,1.2,1.692629e-13,3.359389e-12,3.301803e-12,2.355123e-19,3.359313e-12,3.301803e-12,-7.657408e-19
1.30512e-05,3.3,3.3,1.2,0.003234663,3.3,3.362836e-11,5.35625e-13,1.2,1.692817e-13,3.3,1.681383e-09,5.348782e-13,1.2,1.692628e-13,3.359397e-12,3.301803e-12,2.366598e-19,3.359313e-12,3.301803e-12,-7.658873e-19
1.31512e-05,3.3,3.3,1.2,0.0032347,3.3,3.362837e-11,5.350611e-13,1.2,1.692816e-13,3.3,1.681383e-09,5.347122e-13,1.2,1.692628e-13,3.35941e-12,3.301803e-12,2.370921e-19,3.359313e-12,3.301803e-12,-7.666434e-19
1.32512e-05,3.3,3.3,1.2,0.003234826,3.3,3.362837e-11,5.344995e-13,1.2,1.692815e-13,3.3,1.681383e-09,5.344849e-13,1.2,1.692628e-13,3.359349e-12,3.301803e-12,2.358413e-19,3.359369e-12,3.301359e-12,-7.670848e-19
1.33512e-05,3.3,3.3,1.2,0.003234983,3.3,3.362837e-11,5.350916e-13,1.2,1.692816e-13,3.3,1.681383e-09,5.374625e-13,1.2,1.692628e-13,3.359413e-12,3.301803e-12,2.358586e-19,3.359258e-12,3.301803e-12,-7.619691e-19
1.34512e-05,3.3,3.3,1.2,0.003235085,3.3,3.362837e-11,5.352747e-13,1.2,1.692816e-13,3.3,1.681383e-09,5.350813e-13,1.2,1.692628e-13,3.35946e-12,3.301803e-12,2.357196e-19,3.359369e-12,3.301803e-12,-7.578509e-19
1.35512e-05,3.3,3.3,1.2,0.003235063,3.3,3.362836e-11,5.356458e-13,1.2,1.692816e-13,3.3,1.681383e-09,5.348696e-13,1.2,1.692628e-13,3.359405e-12,3.301803e-12,2.366997e-19,3.359313e-12,3.301803e-12,-7.574415e-19
1.36512e-05,3.3,3.3,1.2,0.00323491,3.3,3.362837e-11,5.350955e-13,1.2,1.692816e-13,3.3,1.681383e-09,5.347317e-13,1.2,1.692628e-13,3.359369e-12,3.301359e-12,2.371402e-19,3.359369e-12,3.301803e-12,-7.568741e-19
1.37512e-05,3.3,3.3,1.2,0.003234692,3.3,3.362836e-11,5.353954e-13,1.2,1.692815e-13,3.3,1.681383e-09,5.377214e-13,1.2,1.692629e-13,3.359356e-12,3.301803e-12,2.371594e-19,3.359313e-12,3.301803e-12,-7.504286e-19
1.38512e-05,3.3,3.3,1.2,0.003234521,3.3,3.362836e-11,5.355483e-13,1.2,1.692816e-13,3.3,1.681383e-09,5.350477e-13,1.2,1.692628e-13,3.359384e-12,3.301803e-12,2.382446e-19,3.359313e-12,3.301803e-12,-7.464724e-19
1.39512e-05,3.3,3.3,1.2,0.003234502,3.3,3.362837e-11,5.345432e-13,1.2,1.692815e-13,3.3,1.681383e-09,5.349288e-13,1.2,1.692628e-13,3.359371e-12,3.301803e-12,2.371672e-19,3.359313e-12,3.301803e-12,-7.454471e-19
1.40512e-05,3.3,3.3,1.2,0.003234676,3.3,3.362836e-11,5.354366e-13,1.2,1.692815e-13,3.3,1.681383e-09,5.344524e-13,1.2,1.692628e-13,3.359367e-12,3.301803e-12,2.372163e-19,3.359313e-12,3.301359e-12,-7.459727e-19
1.41512e-05,3.3,3.3,1.2,0.003234978,3.3,3.362837e-11,5.345988e-13,1.2,1.692814e-13,3.3,1.681383e-09,5.37575e-13,1.2,1.692629e-13,3.359391e-12,3.301803e-12,2.368173e-19,3.359313e-12,3.301803e-12,-7.405594e-19
1.42512e-05,3.3,3.3,1.2,0.003235255,3.3,3.362836e-11,5.352027e-13,1.2,1.692815e-13,3.3,1.681383e-09,5.351557e-13,1.2,1.692628e-13,3.359444e-12,3.301803e-12,2.368743e-19,3.359258e-12,3.301803e-12,-7.365072e-19
1.43512e-05,3.3,3.3,1.2,0.003235338,3.3,3.362836e-11,5.350973e-13,1.2,1.692815e-13,3.3,1.681383e-09,5.350126e-13,1.2,1.692628e-13,3.359392e-12,3.301803e-12,2.362898e-19,3.359313e-12,3.301803e-12,-7.359649e-19
1.44512e-05,3.3,3.3,1.2,0.003235148,3.3,3.362836e-11,5.357014e-13,1.2,1.692816e-13,3.3,1.681383e-09,5.348112e-13,1.2,1.692627e-13,3.359408e-12,3.301803e-12,2.371995e-19,3.359313e-12,3.301803e-12,-7.36373e-19
1.45512e-05,3.3,3.3,1.2,0.003234753,3.3,3.362837e-11,5.344639e-13,1.2,1.692814e-13,3.3,1.681383e-09,5.346329e-13,1.2,1.692627e-13,3.359386e-12,3.301803e-12,2.366227e-19,3.359369e-12,3.301803e-12,-7.358697e-19
1.46512e-05,3.3,3.3,1.2,0.003234343,3.3,3.362836e-11,5.352008e-13,1.2,1.692815e-13,3.3,1.681383e-09,5.377642e-13,1.2,1.692628e-13,3.359364e-12,3.301803e-12,2.364538e-19,3.359313e-12,3.301803e-12,-7.304284e-19
1.47512e-05,3.3,3.3,1.2,0.003234141,3.3,3.362836e-11,5.3553e-13,1.2,1.692816e-13,3.3,1.681383e-09,5.352676e-13,1.2,1.692627e-13,3.359363e-12,3.301803e-12,2.369357e-19,3.359313e-12,3.301803e-12,-7.269825e-19
1.48512e-05,3.3,3.3,1.2,0.003234302,3.3,3.362836e-11,5.344551e-13,1.2,1.692815e-13,3.3,1.681383e-09,5.349778e-13,1.2,1.692627e-13,3.359376e-12,3.301359e-12,2.361953e-19,3.359313e-12,3.301359e-12,-7.25454e-19
1.49512e-05,3.3,3.3,1.2,0.003234812,3.3,3.362836e-11,5.355413e-13,1.2,1.692816e-13,3.3,1.681383e-09,5.349391e-13,1.2,1.692627e-13,3.359382e-12,3.301803e-12,2.369673e-19,3.359313e-12,3.301803e-12,-7.259388e-19
1.50512e-05,3.3,3.3,1.2,0.003235438,3.3,3.362836e-11,5.350009e-13,1.2,1.692816e-13,3.3,1.681383e-09,5.349184e-13,1.2,1.692627e-13,3.359424e-12,3.301803e-12,2.370015e-19,3.359313e-12,3.301803e-12,-7.25563e-19
1.51512e-05,3.3,3.3,1.2,0.00323582,3.3,3.362836e-11,5.354705e-13,1.2,1.692816e-13,3.3,1.681383e-09,5.34573e-13,1.2,1.692627e-13,3.35942e-12,3.301803e-12,2.376985e-19,3.359313e-12,3.301803e-12,-7.249946e-19
1.52512e-05,3.3,3.3,1.2,0.003235691,3.3,3.362836e-11,5.350798e-13,1.2,1.692815e-13,3.3,1.681383e-09,5.376941e-13,1.2,1.692629e-13,3.359454e-12,3.301803e-12,2.366941e-19,3.359313e-12,3.301803e-12,-7.195595e-19
1.53512e-05,3.3,3.3,1.2,0.003235064,3.3,3.362836e-11,5.352743e-13,1.2,1.692815e-13,3.3,1.681383e-09,5.351898e-13,1.2,1.692627e-13,3.359414e-12,3.301803e-12,2.37843e-19,3.359313e-12,3.301803e-12,-7.157044e-19
1.54512e-05,3.3,3.3,1.2,0.003234221,3.3,3.362836e-11,5.354778e-13,1.2,1.692816e-13,3.3,1.681383e-09,5.350238e-13,1.2,1.692627e-13,3.359341e-12,3.301803e-12,2.385671e-19,3.359313e-12,3.301803e-12,-7.143361e-19
1.55512e-05,3.3,3.3,1.2,0.003233577,3.3,3.362836e-11,5.346415e-13,1.2,1.692815e-13,3.3,1.681383e-09,5.348804e-13,1.2,1.692627e-13,3.359343e-12,3.301803e-12,2.373103e-19,3.359313e-12,3.301803e-12,-7.142242e-19
1.56512e-05,3.3,3.3,1.2,0.003233519,3.3,3.362836e-11,5.355914e-13,1.2,1.692816e-13,3.3,1.681383e-09,5.347594e-13,1.2,1.692627e-13,3.359381e-12,3.301803e-12,2.37872e-19,3.359369e-12,3.301359e-12,-7.136065e-19
1.57512e-05,3.3,3.3,1.2,0.003234223,3.3,3.362836e-11,5.349595e-13,1.2,1.692815e-13,3.3,1.681383e-09,5.345183e-13,1.2,1.692627e-13,3.359372e-12,3.301803e-12,2.377803e-19,3.359313e-12,3.301803e-12,-7.136694e-19
1.58512e-05,3.3,3.3,1.2,0.003235458,3.3,3.362836e-11,5.355554e-13,1.2,1.692815e-13,3.3,1.681383e-09,5.348801e-13,1.2,1.692627e-13,3.359397e-12,3.301803e-12,2.38258e-19,3.359313e-12,3.301359e-12,-7.23107e-19
1.59512e-05,3.3,3.3,1.2,0.003236555,3.3,3.362836e-11,5.347599e-13,1.2,1.692815e-13,3.3,1.681383e-09,5.346428e-13,1.2,1.692627e-13,3.359402e-12,3.301803e-12,2.383351e-19,3.359313e-12,3.301803e-12,-7.231597e-19
1.60512e-05,3.3,3.3,1.2,0.003236793,3.3,3.362836e-11,5.351929e-13,1.2,1.692815e-13,3.3,1.681383e-09,5.348835e-13,1.2,1.692627e-13,3.359451e-12,3.301803e-12,2.385464e-19,3.359313e-12,3.301803e-12,-7.23521e-19
1.61512e-05,3.3,3.3,1.2,0.00323595,3.3,3.362836e-11,5.349989e-13,1.2,1.692815e-13,3.3,1.681383e-09,5.34512e-13,1.2,1.692626e-13,3.359422e-12,3.301803e-12,2.382611e-19,3.359313e-12,3.301803e-12,-7.242648e-19
1.62512e-05,3.3,3.3,1.2,0.003234416,3.3,3.362836e-11,5.356439e-13,1.2,1.692816e-13,3.3,1.681383e-09,5.346664e-13,1.2,1.692626e-13,3.359376e-12,3.301803e-12,2.388096e-19,3.359313e-12,3.301803e-12,-7.336773e-19
1.63512e-05,3.3,3.3,1.2,0.003232889,3.3,3.362836e-11,5.34642e-13,1.2,1.692815e-13,3.3,1.681383e-09,5.345231e-13,1.2,1.692626e-13,3.359351e-12,3.301803e-12,2.377339e-19,3.359369e-12,3.301803e-12,-7.352422e-19
1.64512e-05,3.3,3.3,1.2,0.003232119,3.3,3.362836e-11,5.352388e-13,1.2,1.692816e-13,3.3,1.681383e-09,5.346648e-13,1.2,1.692626e-13,3.359388e-12,3.301803e-12,2.382148e-19,3.359313e-12,3.301803e-12,-7.36264e-19
1.65512e-05,3.3,3.3,1.2,0.003232718,3.3,3.362836e-11,5.351521e-13,1.2,1.692815e-13,3.3,1.681383e-09,5.350267e-13,1.2,1.692626e-13,3.359368e-12,3.301803e-12,2.380758e-19,3.359313e-12,3.301803e-12,-7.456839e-19
1.66512e-05,3.3,3.3,1.2,0.003234795,3.3,3.362836e-11,5.354052e-13,1.2,1.692815e-13,3.3,1.681383e-09,5.350856e-13,1.2,1.692626e-13,3.359425e-12,3.301359e-12,2.388754e-19,3.359313e-12,3.301359e-12,-7.459868e-19
1.67512e-05,3.3,3.3,1.2,0.003237412,3.3,3.362836e-11,5.348756e-13,1.2,1.692815e-13,3.3,1.681383e-09,5.350318e-13,1.2,1.692626e-13,3.359454e-12,3.301803e-12,2.380818e-19,3.359313e-12,3.301803e-12,-7.456872e-19
1.68512e-05,3.3,3.3,1.2,0.003238832,3.3,3.362836e-11,5.350729e-13,1.2,1.692815e-13,3.3,1.681383e-09,5.346545e-13,1.2,1.692625e-13,3.359374e-12,3.301803e-12,2.375312e-19,3.359313e-12,3.301803e-12,-7.464229e-19
1.69512e-05,3.3,3.3,1.2,0.003238027,3.3,3.362836e-11,5.345426e-13,1.2,1.692815e-13,3.3,1.681383e-09,5.348729e-13,1.2,1.692626e-13,3.3594e-12,3.301803e-12,2.363035e-19,3.359313e-12,3.301803e-12,-7.45584e-19
1.70512e-05,3.3,3.3,1.2,0.003235512,3.3,3.362836e-11,5.355342e-13,1.2,1.692816e-13,3.3,1.681383e-09,5.346279e-13,1.2,1.692625e-13,3.3594e-12,3.301803e-12,2.36949e-19,3.359313e-12,3.301803e-12,-7.45627e-19
1.71512e-05,3.3,3.3,1.2,0.003232483,3.3,3.362836e-11,5.350112e-13,1.2,1.692815e-13,3.3,1.681383e-09,5.34815e-13,1.2,1.692626e-13,3.359377e-12,3.301803e-12,2.370127e-19,3.359313e-12,3.301803e-12,-7.545675e-19
1.72512e-05,3.3,3.3,1.2,0.003230122,3.3,3.362836e-11,5.357144e-13,1.2,1.692816e-13,3.3,1.681383e-09,5.344903e-13,1.2,1.692626e-13,3.359359e-12,3.301803e-12,2.380573e-19,3.359313e-12,3.301803e-12,-7.56097e-19
1.73512e-05,3.3,3.3,1.2,0.003229636,3.3,3.362836e-11,5.348578e-13,1.2,1.692815e-13,3.3,1.681383e-09,5.346715e-13,1.2,1.692626e-13,3.359384e-12,3.301803e-12,2.372005e-19,3.359313e-12,3.301803e-12,-7.569826e-19
1.74512e-05,3.3,3.3,1.2,0.003232153,3.3,3.362836e-11,5.350789e-13,1.2,1.692815e-13,3.3,1.681383e-09,5.352405e-13,1.2,1.692626e-13,3.3594e-12,3.301803e-12,2.375399e-19,3.359369e-12,3.301803e-12,-7.660016e-19
1.75512e-05,3.3,3.3,1.2,0.003237453,3.3,3.362836e-11,5.345375e-13,1.2,1.692815e-13,3.3,1.681383e-09,5.347398e-13,1.2,1.692626e-13,3.359424e-12,3.301803e-12,2.36729e-19,3.359369e-12,3.301803e-12,-7.670262e-19
1.76512e-05,3.3,3.3,1.2,0.003242234,3.3,3.362835e-11,5.355547e-13,1.2,1.692816e-13,3.3,1.681383e-09,5.35047e-13,1.2,1.692626e-13,3.359409e-12,3.301359e-12,2.369857e-19,3.359313e-12,3.301803e-12,-7.672449e-19
1.77512e-05,3.3,3.3,1.2,0.003242533,3.3,3.362836e-11,5.350497e-13,1.2,1.692815e-13,3.3,1.681383e-09,5.350776e-13,1.2,1.692626e-13,3.359405e-12,3.301803e-12,2.370726e-19,3.359313e-12,3.301803e-12,-7.671778e-19
1.78512e-05,3.3,3.3,1.2,0.003238727,3.3,3.362836e-11,5.352451e-13,1.2,1.692816e-13,3.3,1.681383e-09,5.34739e-13,1.2,1.692626e-13,3.35937e-12,3.301803e-12,2.373642e-19,3.359313e-12,3.301803e-12,-7.674365e-19
1.79512e-05,3.3,3.3,1.2,0.003233484,3.3,3.362836e-11,5.350485e-13,1.2,1.692816e-13,3.3,1.681383e-09,5.346611e-13,1.2,1.692626e-13,3.359361e-12,3.301803e-12,2.366353e-19,3.359369e-12,3.301803e-12,-7.675917e-19
1.80512e-05,3.3,3.3,1.2,0.003228501,3.3,3.362835e-11,5.355199e-13,1.2,1.692816e-13,3.3,1.681383e-09,5.347281e-13,1.2,1.692626e-13,3.359354e-12,3.301359e-12,2.382044e-19,3.359313e-12,3.301359e-12,-7.67866e-19
1.81512e-05,3.3,3.3,1.2,0.003225092,3.3,3.362836e-11,5.351286e-13,1.2,1.692816e-13,3.3,1.681383e-09,5.347014e-13,1.2,1.692626e-13,3.359406e-12,3.301803e-12,2.388774e-19,3.359313e-12,3.301803e-12,-7.679348e-19
1.82512e-05,3.3,3.3,1.2,0.003225389,3.3,3.362836e-11,5.350983e-13,1.2,1.692816e-13,3.3,1.681383e-09,5.377065e-13,1.2,1.692628e-13,3.359366e-12,3.301803e-12,2.384123e-19,3.359369e-12,3.301803e-12,-7.61897e-19
1.83512e-05,3.3,3.3,1.2,0.003232454,3.3,3.362835e-11,5.355067e-13,1.2,1.692816e-13,3.3,1.681383e-09,5.348908e-13,1.2,1.692627e-13,3.359409e-12,3.301803e-12,2.38611e-19,3.359313e-12,3.301803e-12,-7.565441e-19
1.84512e-05,3.3,3.3,1.2,0.003245283,3.3,3.362835e-11,5.356916e-13,1.2,1.692816e-13,3.3,1.681383e-09,5.349416e-13,1.2,1.692626e-13,3.359374e-12,3.301803e-12,2.401532e-19,3.359369e-12,3.301803e-12,-7.657617e-19
1.85512e-05,3.3,3.3,1.2,0.003252042,3.3,3.362835e-11,5.356937e-13,1.2,1.692816e-13,3.3,1.681383e-09,5.351138e-13,1.2,1.692626e-13,3.359394e-12,3.301803e-12,2.409903e-19,3.359313e-12,3.301803e-12,-7.65835e-19
1.86512e-05,3.3,3.3,1.2,0.003247106,3.3,3.362836e-11,5.351576e-13,1.2,1.692816e-13,3.3,1.681383e-09,5.351357e-13,1.2,1.692626e-13,3.359423e-12,3.301803e-12,2.410388e-19,3.359369e-12,3.301803e-12,-7.657876e-19
1.87512e-05,3.3,3.3,1.2,0.003238868,3.3,3.362836e-11,5.351888e-13,1.2,1.692816e-13,3.3,1.681383e-09,5.350321e-13,1.2,1.692626e-13,3.359396e-12,3.301803e-12,2.419363e-19,3.359313e-12,3.301803e-12,-7.651575e-19
1.88512e-05,3.3,3.3,1.2,0.003230922,3.3,3.362836e-11,5.348927e-13,1.2,1.692816e-13,3.3,1.681383e-09,5.35018e-13,1.2,1.692626e-13,3.359394e-12,3.301803e-12,2.414964e-19,3.359313e-12,3.301803e-12,-7.647595e-19
1.89512e-05,3.3,3.3,1.2,0.003223561,3.3,3.362835e-11,5.354056e-13,1.2,1.692816e-13,3.3,1.681383e-09,5.347993e-13,1.2,1.692626e-13,3.359387e-12,3.301803e-12,2.41836e-19,3.359313e-12,3.301803e-12,-7.647783e-19
1.90512e-05,3.3,3.3,1.2,0.003217587,3.3,3.362836e-11,5.344848e-13,1.2,1.692816e-13,3.3,1.681383e-09,5.349264e-13,1.2,1.692626e-13,3.35938e-12,3.301803e-12,2.40471e-19,3.359313e-12,3.301803e-12,-7.649337e-19
1.91512e-05,3.3,3.3,1.2,0.003215863,3.3,3.362836e-11,5.351642e-13,1.2,1.692816e-13,3.3,1.681383e-09,5.34734e-13,1.2,1.692626e-13,3.359459e-12,3.301803e-12,2.410575e-19,3.359313e-12,3.301803e-12,-7.648928e-19
1.92512e-05,3.3,3.3,1.2,0.003226589,3.3,3.362836e-11,5.352006e-13,1.2,1.692816e-13,3.3,1.681383e-09,5.374675e-13,1.2,1.692627e-13,3.359423e-12,3.301803e-12,2.411015e-19,3.359313e-12,3.301803e-12,-7.594131e-19
1.93512e-05,3.3,3.3,1.2,0.003257078,3.3,3.362835e-11,5.356883e-13,1.2,1.692817e-13,3.3,1.681383e-09,5.348353e-13,1.2,1.692626e-13,3.359371e-12,3.301803e-12,2.414086e-19,3.359313e-12,3.301803e-12,-7.557976e-19
1.94512e-05,3.3,3.3,1.2,0.003272191,3.3,3.362835e-11,5.356949e-13,1.2,1.692817e-13,3.3,1.681383e-09,5.347863e-13,1.2,1.692627e-13,3.359447e-12,3.301359e-12,2.426941e-19,3.359313e-12,3.301803e-12,-7.542026e-19
1.95512e-05,3.3,3.3,1.2,0.003258008,3.3,3.362836e-11,5.346108e-13,1.2,1.692816e-13,3.3,1.681383e-09,5.34477e-13,1.2,1.692626e-13,3.359399e-12,3.301803e-12,2.419216e-19,3.359369e-12,3.301803e-12,-7.548245e-19
1.96512e-05,3.3,3.3,1.2,0.003246887,3.3,3.362836e-11,5.34749e-13,1.2,1.692816e-13,3.3,1.681383e-09,5.346314e-13,1.2,1.692626e-13,3.359425e-12,3.301359e-12,2.412791e-19,3.359313e-12,3.301803e-12,-7.650965e-19
1.97512e-05,3.3,3.3,1.2,0.003237748,3.3,3.362835e-11,5.357558e-13,1.2,1.692816e-13,3.3,1.681383e-09,5.344417e-13,1.2,1.692626e-13,3.359434e-12,3.301803e-12,2.419511e-19,3.359313e-12,3.301803e-12,-7.646431e-19
1.98512e-05,3.3,3.3,1.2,0.003228829,3.3,3.362836e-11,5.348553e-13,1.2,1.692815e-13,3.3,1.681383e-09,5.349259e-13,1.2,1.692627e-13,3.359408e-12,3.301359e-12,2.422888e-19,3.359313e-12,3.301803e-12,-7.746794e-19
1.99512e-05,3.3,3.3,1.2,0.003219985,3.3,3.362836e-11,5.353358e-13,1.2,1.692816e-13,3.3,1.681383e-09,5.347621e-13,1.2,1.692627e-13,3.35937e-12,3.301803e-12,2.425848e-19,3.359313e-12,3.301803e-12,-7.741621e-19
2.0001e-05,3.3,3.3,1.2,0.003215629,3.3,3.362829e-11,5.365038e-13,1.2,1.69283e-13,3.3,1.681383e-09,5.365329e-13,1.2,1.692594e-13,3.359484e-12,3.301359e-12,3.458108e-19,3.359301e-12,3.301359e-12,2.004354e-19
2.000369e-05,3.3,3.3,1.2,0.003215395,3.3,3.362817e-11,5.365725e-13,1.2,1.692799e-13,3.3,1.681383e-09,5.374924e-13,1.2,1.692586e-13,3.358632e-12,3.301359e-12,3.379245e-19,3.358191e-12,3.301359e-12,3.873639e-19
2.000622e-05,3.3,3.3,1.2,0.003215175,3.3,2.942208e-08,1.675235e-09,1.2,3.395618e-13,3.3,1.009387e-06,2.39699e-08,1.2,1.042939e-12,2.853629e-12,3.253842e-12,3.975345e-14,1.530942e-12,3.302247e-12,1.528604e-12
2.001e-05,3.3,3.3,1.2,0.003214847,3.3,1.960896e-07,1.08313e-08,1.2,1.280069e-12,3.3,6.724404e-06,1.583218e-07,1.2,6.013472e-12,2.856106e-12,3.253842e-12,4.540505e-14,1.529211e-12,3.301803e-12,1.544274e-12
2.001113e-05,3.3,3.3,1.2,0.003214749,3.3,2.460869e-07,1.346592e-08,1.2,1.550807e-12,3.3,8.438815e-06,1.982322e-07,1.2,7.489546e-12,2.854329e-12,3.254286e-12,4.697212e-14,1.53106e-12,3.301803e-12,1.548002e-12
2.001567e-05,3.3,3.3,1.2,0.003214356,3.299999,4.460615e-07,2.352918e-08,1.2,2.584494e-12,3.3,1.529605e-05,3.560811e-07,1.2,1.332925e-11,2.854497e-12,3.253398e-12,5.340923e-14,1.530988e-12,3.302247e-12,1.572131e-12
2.00338e-05,3.3,3.3,1.2,0.003212793,3.299998,1.245759e-06,5.709259e-08,1.2,6.032501e-12,3.3,4.271829e-05,9.600731e-07,1.2,3.56739e-11,2.854692e-12,3.253842e-12,7.471874e-14,1.531006e-12,3.302247e-12,1.664286e-12
2.010632e-05,3.3,3.3,1.2,0.003206739,3.299994,4.442397e-06,1.254325e-07,1.2,1.305276e-11,3.3,0.0001523011,2.990207e-06,1.2,1.107787e-10,2.854696e-12,3.25473e-12,1.180885e-13,1.532363e-12,3.301803e-12,1.973545e-12
2.020632e-05,3.3,3.3,1.2,0.003200186,3.299987,8.847266e-06,1.481658e-07,1.2,1.538806e-11,3.3,0.0003031237,4.985939e-06,1.2,1.846108e-10,2.859272e-12,3.25473e-12,1.325581e-13,1.537141e-12,3.302691e-12,2.276434e-12
2.030632e-05,3.3,3.3,1.2,0.003205255,3.299981,1.325335e-05,1.521847e-07,1.2,1.580086e-11,3.3,0.0004536349,6.326214e-06,1.2,2.341942e-10,2.886354e-12,3.257838e-12,1.351219e-13,1.54265e-12,3.301803e-12,2.479024e-12
2.040632e-05,3.3,3.3,1.2,0.003262583,3.299976,1.767148e-05,1.532547e-07,1.2,1.591074e-11,3.3,0.0006038401,7.224057e-06,1.2,2.674102e-10,2.963298e-12,3.265388e-12,1.359649e-13,1.546478e-12,3.301803e-12,2.61367e-12
2.050632e-05,3.3,3.3,1.2,0.003323475,3.29997,2.208008e-05,1.529806e-07,1.2,1.588267e-11,3.3,0.0007537437,7.823979e-06,1.2,2.896041e-10,2.779969e-12,3.245404e-12,1.353906e-13,1.548986e-12,3.301803e-12,2.702886e-12
2.060632e-05,3.3,3.3,1.2,0.00328514,3.299963,2.647193e-05,1.527109e-07,1.2,1.585502e-11,3.3,0.0009033491,8.223149e-06,1.2,3.043715e-10,2.873286e-12,3.256062e-12,1.354265e-13,1.552305e-12,3.302247e-12,2.761211e-12
2.070632e-05,3.3,3.3,1.2,0.003274121,3.299957,3.086694e-05,1.527791e-07,1.2,1.586203e-11,3.3,0.001052659,8.486519e-06,1.2,3.141149e-10,2.885597e-12,3.257394e-12,1.355339e-13,1.556272e-12,3.301803e-12,2.798719e-12
2.080632e-05,3.3,3.3,1.2,0.003265086,3.299951,3.52604e-05,1.527658e-07,1.2,1.58606e-11,3.3,0.001201675,8.658512e-06,1.2,3.204775e-10,2.892143e-12,3.257838e-12,1.354998e-13,1.558892e-12,3.302691e-12,2.82223e-12
2.090632e-05,3.3,3.3,1.2,0.003256071,3.299944,3.965223e-05,1.526655e-07,1.2,1.585037e-11,3.3,0.001350401,8.768893e-06,1.2,3.245613e-10,2.892346e-12,3.257838e-12,1.353834e-13,1.562894e-12,3.301803e-12,2.83631e-12
2.100632e-05,3.3,3.3,1.2,0.003247063,3.299938,4.40424e-05,1.526217e-07,1.2,1.584592e-11,3.300001,0.001498838,8.837933e-06,1.2,3.271153e-10,2.891974e-12,3.257838e-12,1.353726e-13,1.567678e-12,3.302247e-12,2.844057e-12
2.110632e-05,3.3,3.3,1.2,0.003238081,3.299932,4.843082e-05,1.52641e-07,1.2,1.584788e-11,3.300001,0.001646988,8.878939e-06,1.2,3.286326e-10,2.891599e-12,3.257838e-12,1.354031e-13,1.570686e-12,3.301359e-12,2.847542e-12
2.120632e-05,3.3,3.3,1.2,0.003229121,3.299925,5.281763e-05,1.524997e-07,1.2,1.583325e-11,3.300001,0.001794853,8.901106e-06,1.2,3.294526e-10,2.891161e-12,3.25695e-12,1.352508e-13,1.574952e-12,3.302247e-12,2.848157e-12
2.130632e-05,3.3,3.3,1.2,0.003220181,3.299919,5.720272e-05,1.525773e-07,1.2,1.584138e-11,3.300001,0.001942434,8.910661e-06,1.2,3.29806e-10,2.890454e-12,3.257838e-12,1.353291e-13,1.574097e-12,3.302247e-12,2.846992e-12
2.140632e-05,3.3,3.3,1.2,0.003211258,3.299912,6.158615e-05,1.525155e-07,1.2,1.583485e-11,3.300001,0.002089734,8.911895e-06,1.2,3.298519e-10,2.890211e-12,3.257394e-12,1.352757e-13,1.577874e-12,3.302247e-12,2.844436e-12
2.150632e-05,3.3,3.3,1.2,0.003202345,3.299906,6.596796e-05,1.524816e-07,1.2,1.58314e-11,3.300001,0.002236754,8.907276e-06,1.2,3.296808e-10,2.887445e-12,3.257394e-12,1.352635e-13,1.582085e-12,3.302247e-12,2.840843e-12
2.160632e-05,3.3,3.3,1.2,0.003193444,3.2999,7.034807e-05,1.525264e-07,1.2,1.583616e-11,3.300001,0.002383495,8.898638e-06,1.2,3.293614e-10,2.887121e-12,3.257394e-12,1.352695e-13,1.587324e-12,3.301803e-12,2.836901e-12
2.170632e-05,3.3,3.3,1.2,0.003184563,3.299893,7.472652e-05,1.524714e-07,1.2,1.583037e-11,3.300001,0.00252996,8.88771e-06,1.2,3.289572e-10,2.887361e-12,3.257394e-12,1.352337e-13,1.58823e-12,3.302247e-12,2.83254e-12
2.180632e-05,3.3,3.3,1.2,0.0031758,3.299887,7.91033e-05,1.524439e-07,1.2,1.582751e-11,3.300001,0.00267615,8.875117e-06,1.2,3.284913e-10,2.887472e-12,3.257838e-12,1.351745e-13,1.593077e-12,3.301803e-12,2.828047e-12
2.190632e-05,3.3,3.3,1.2,0.003169978,3.299881,8.347942e-05,1.524763e-07,1.2,1.583069e-11,3.300001,0.002822067,8.861548e-06,1.2,3.279891e-10,2.899735e-12,3.258727e-12,1.352521e-13,1.59591e-12,3.302691e-12,2.823322e-12
2.200632e-05,3.3,3.3,1.2,0.003222123,3.299875,8.78721e-05,1.530215e-07,1.2,1.588693e-11,3.300001,0.002967712,8.847242e-06,1.2,3.274601e-10,3.073997e-12,3.277378e-12,1.359379e-13,1.600016e-12,3.301359e-12,2.818487e-12
2.210632e-05,3.3,3.3,1.2,0.003459944,3.299872,9.229805e-05,1.536665e-07,1.2,1.595323e-11,3.300001,0.003113086,8.832397e-06,1.2,3.269108e-10,2.785791e-12,3.246292e-12,1.357348e-13,1.6027e-12,3.301803e-12,2.813562e-12
2.220632e-05,3.3,3.3,1.2,0.003348223,3.299864,9.664515e-05,1.524864e-07,1.2,1.583179e-11,3.300001,0.003258192,8.817286e-06,1.2,3.263519e-10,3.570339e-12,3.329781e-12,1.366221e-13,1.605451e-12,3.301803e-12,2.80875e-12
2.230632e-05,3.3,3.3,1.2,0.003338291,3.299858,0.0001010107,1.523726e-07,1.2,1.581997e-11,3.300001,0.003403031,8.802176e-06,1.2,3.25793e-10,3.757749e-12,3.349765e-12,1.369939e-13,1.609581e-12,3.302247e-12,2.803854e-12
2.240632e-05,3.3,3.3,1.2,0.003328994,3.299851,0.0001053761,1.523127e-07,1.2,1.581385e-11,3.300001,0.003547604,8.786899e-06,1.2,3.252276e-10,3.823042e-12,3.356426e-12,1.37029e-13,1.61432e-12,3.301803e-12,2.79894e-12
2.250147e-05,3.3,3.3,1.2,0.003320223,3.299845,0.0001095288,1.52192e-07,1.2,1.580154e-11,3.300001,0.003684916,8.772244e-06,1.2,3.246856e-10,3.830615e-12,3.35687e-12,1.36996e-13,1.617027e-12,3.301359e-12,2.794267e-12
2.259438e-05,3.3,3.3,1.2,0.003311688,3.299839,0.0001135829,1.521874e-07,1.2,1.580108e-11,3.300001,0.003818774,8.758048e-06,1.2,3.241606e-10,3.81465e-12,3.355982e-12,1.369583e-13,1.618593e-12,3.302247e-12,2.789694e-12
2.269303e-05,3.3,3.3,1.2,0.003302651,3.299833,0.0001178859,1.521765e-07,1.2,1.579988e-11,3.300001,0.003960651,8.742984e-06,1.2,3.23603e-10,3.795163e-12,3.353318e-12,1.368788e-13,1.622686e-12,3.301803e-12,2.784997e-12
2.279303e-05,3.3,3.3,1.2,0.003293515,3.299827,0.0001222462,1.521695e-07,1.2,1.579922e-11,3.300001,0.004104213,8.727919e-06,1.2,3.230458e-10,3.77617e-12,3.351541e-12,1.3686e-13,1.628685e-12,3.301803e-12,2.780304e-12
2.289303e-05,3.3,3.3,1.2,0.003284404,3.29982,0.000126605,1.522333e-07,1.2,1.580567e-11,3.300001,0.004247517,8.71268e-06,1.2,3.224822e-10,3.759859e-12,3.350209e-12,1.368432e-13,1.632883e-12,3.302247e-12,2.775322e-12
2.299303e-05,3.3,3.3,1.2,0.003275318,3.299814,0.0001309621,1.520661e-07,1.2,1.578868e-11,3.300001,0.004390564,8.697637e-06,1.2,3.219256e-10,3.745696e-12,3.347989e-12,1.366888e-13,1.634975e-12,3.301803e-12,2.770654e-12
2.309303e-05,3.3,3.3,1.2,0.003266257,3.299808,0.0001353175,1.520996e-07,1.2,1.579206e-11,3.300002,0.004533357,8.682875e-06,1.2,3.213795e-10,3.734998e-12,3.347989e-12,1.366763e-13,1.638394e-12,3.301359e-12,2.766063e-12
2.319303e-05,3.3,3.3,1.2,0.003257222,3.299801,0.0001396714,1.52075e-07,1.2,1.57896e-11,3.300002,0.004675896,8.668124e-06,1.2,3.208338e-10,3.726948e-12,3.346656e-12,1.366549e-13,1.642622e-12,3.301803e-12,2.761318e-12
2.329303e-05,3.3,3.3,1.2,0.003248211,3.299795,0.0001440235,1.520743e-07,1.2,1.578953e-11,3.300002,0.004818184,8.653393e-06,1.2,3.202889e-10,3.717198e-12,3.345768e-12,1.366485e-13,1.644951e-12,3.301803e-12,2.756625e-12
2.339303e-05,3.3,3.3,1.2,0.003239225,3.299789,0.0001483739,1.519659e-07,1.2,1.577846e-11,3.300002,0.004960221,8.638883e-06,1.2,3.197522e-10,3.712482e-12,3.345324e-12,1.365353e-13,1.647981e-12,3.301803e-12,2.752134e-12
2.349303e-05,3.3,3.3,1.2,0.003230264,3.299782,0.0001527227,1.519819e-07,1.2,1.578012e-11,3.300002,0.00510201,8.624598e-06,1.2,3.192236e-10,3.708898e-12,3.34488e-12,1.365535e-13,1.652175e-12,3.301803e-12,2.74753e-12
2.359303e-05,3.3,3.3,1.2,0.003221328,3.299776,0.0001570698,1.519793e-07,1.2,1.577981e-11,3.300002,0.005243551,8.610262e-06,1.2,3.186934e-10,3.707147e-12,3.34488e-12,1.365308e-13,1.654061e-12,3.302247e-12,2.742939e-12
2.369303e-05,3.3,3.3,1.2,0.003212417,3.29977,0.0001614154,1.520204e-07,1.2,1.578405e-11,3.300002,0.005384846,8.596005e-06,1.2,3.181659e-10,3.706236e-12,3.343992e-12,1.365792e-13,1.657097e-12,3.301803e-12,2.738534e-12
2.379303e-05,3.3,3.3,1.2,0.00320353,3.299763,0.0001657593,1.519877e-07,1.2,1.578068e-11,3.300002,0.005525897,8.581792e-06,1.2,3.1764e-10,3.705751e-12,3.344436e-12,1.365298e-13,1.661391e-12,3.301803e-12,2.733973e-12
2.389303e-05,3.3,3.3,1.2,0.003194667,3.299757,0.0001701015,1.519622e-07,1.2,1.57779e-11,3.300002,0.005666705,8.567768e-06,1.2,3.171213e-10,3.705727e-12,3.343992e-12,1.365265e-13,1.663215e-12,3.301803e-12,2.729625e-12
2.399303e-05,3.3,3.3,1.2,0.003185814,3.29975,0.0001744421,1.518886e-07,1.2,1.577035e-11,3.300002,0.005807272,8.553845e-06,1.2,3.166062e-10,3.703412e-12,3.344436e-12,1.364497e-13,1.66954e-12,3.301803e-12,2.725146e-12
2.409303e-05,3.3,3.3,1.2,0.003176931,3.299744,0.000178781,1.519212e-07,1.2,1.577369e-11,3.300002,0.005947599,8.539994e-06,1.2,3.160939e-10,3.704695e-12,3.343992e-12,1.364759e-13,1.673563e-12,3.301803e-12,2.720741e-12
2.419303e-05,3.3,3.3,1.2,0.003168071,3.299738,0.0001831183,1.518301e-07,1.2,1.576439e-11,3.300002,0.006087687,8.526187e-06,1.2,3.155829e-10,3.705757e-12,3.343992e-12,1.363862e-13,1.675009e-12,3.302247e-12,2.71633e-12
2.429303e-05,3.3,3.3,1.2,0.003159368,3.299731,0.000187454,1.517994e-07,1.2,1.576131e-11,3.300002,0.006227538,8.512417e-06,1.2,3.150738e-10,3.708199e-12,3.344436e-12,1.363997e-13,1.680654e-12,3.301359e-12,2.71203e-12
2.439303e-05,3.3,3.3,1.2,0.003160047,3.299725,0.0001917912,1.518895e-07,1.2,1.577048e-11,3.300002,0.006367154,8.498695e-06,1.2,3.145659e-10,3.747757e-12,3.348433e-12,1.36501e-13,1.681341e-12,3.301359e-12,2.707678e-12
2.449303e-05,3.3,3.3,1.2,0.003376174,3.299723,0.0001961932,1.540431e-07,1.2,1.599171e-11,3.300002,0.006506535,8.485241e-06,1.2,3.140684e-10,4.334201e-12,3.410605e-12,1.390923e-13,1.686269e-12,3.301803e-12,2.703518e-12
2.459303e-05,3.3,3.3,1.2,0.003445875,3.299714,0.0002004887,1.499711e-07,1.2,1.557349e-11,3.300002,0.006645683,8.472014e-06,1.2,3.135791e-10,2.656274e-12,3.232081e-12,1.330302e-13,1.688997e-12,3.301803e-12,2.699365e-12
2.469303e-05,3.3,3.3,1.2,0.003392685,3.299709,0.0002048325,1.511567e-07,1.2,1.569542e-11,3.300002,0.0067846,8.458781e-06,1.2,3.130895e-10,1.754925e-12,3.135714e-12,1.318337e-13,1.692617e-12,3.301803e-12,2.69514e-12
2.475947e-05,3.3,3.3,1.2,0.003386283,3.299705,0.0002077148,1.515745e-07,1.2,1.573828e-11,3.300002,0.006876774,8.449898e-06,1.2,3.12761e-10,1.35583e-12,3.09397e-12,1.312473e-13,1.692337e-12,3.302247e-12,2.692343e-12
2.480958e-05,3.3,3.3,1.2,0.00338157,3.299702,0.0002098848,1.517066e-07,1.2,1.57518e-11,3.300002,0.006946219,8.44327e-06,1.2,3.125157e-10,1.354035e-12,3.09397e-12,1.313289e-13,1.69612e-12,3.302247e-12,2.690183e-12
2.485931e-05,3.3,3.3,1.2,0.003376916,3.299699,0.0002120358,1.517e-07,1.2,1.575112e-11,3.300002,0.007015078,8.436719e-06,1.2,3.122734e-10,1.458426e-12,3.105072e-12,1.315397e-13,1.695624e-12,3.301803e-12,2.688165e-12
2.493979e-05,3.3,3.3,1.2,0.003369396,3.299694,0.0002155162,1.516467e-07,1.2,1.574567e-11,3.300002,0.007126407,8.425946e-06,1.2,3.11875e-10,1.519679e-12,3.111289e-12,1.316008e-13,1.698716e-12,3.301803e-12,2.684535e-12
2.503979e-05,3.3,3.3,1.2,0.003360075,3.299687,0.0002198394,1.517249e-07,1.2,1.575375e-11,3.300002,0.007264532,8.412649e-06,1.2,3.113828e-10,1.555718e-12,3.114842e-12,1.317597e-13,1.701892e-12,3.302247e-12,2.680392e-12
2.513979e-05,3.3,3.3,1.2,0.00335078,3.299681,0.000224161,1.516158e-07,1.2,1.574255e-11,3.300002,0.007402432,8.399637e-06,1.2,3.109015e-10,1.58742e-12,3.118394e-12,1.316943e-13,1.703241e-12,3.301359e-12,2.676362e-12
2.523979e-05,3.3,3.3,1.2,0.00334151,3.299675,0.0002284809,1.515223e-07,1.2,1.573306e-11,3.300002,0.007540108,8.386878e-06,1.2,3.104295e-10,1.610182e-12,3.121059e-12,1.316917e-13,1.705788e-12,3.301803e-12,2.672402e-12
2.533979e-05,3.3,3.3,1.2,0.003332266,3.299668,0.0002327993,1.515894e-07,1.2,1.573985e-11,3.300003,0.007677561,8.374293e-06,1.2,3.09964e-10,1.630425e-12,3.123724e-12,1.317813e-13,1.709108e-12,3.301803e-12,2.668431e-12
2.543979e-05,3.3,3.3,1.2,0.003323048,3.299662,0.000237116,1.515675e-07,1.2,1.573764e-11,3.300003,0.007814793,8.361852e-06,1.2,3.095038e-10,1.643731e-12,3.124168e-12,1.318227e-13,1.713047e-12,3.301803e-12,2.664537e-12
2.553979e-05,3.3,3.3,1.2,0.003313855,3.299655,0.0002414311,1.515211e-07,1.2,1.573283e-11,3.300003,0.007951805,8.349538e-06,1.2,3.090483e-10,1.656321e-12,3.1255e-12,1.317704e-13,1.715067e-12,3.301803e-12,2.660537e-12
2.563979e-05,3.3,3.3,1.2,0.003304687,3.299649,0.0002457445,1.515496e-07,1.2,1.573574e-11,3.300003,0.008088599,8.337212e-06,1.2,3.085922e-10,1.666007e-12,3.126388e-12,1.317822e-13,1.717937e-12,3.302247e-12,2.656713e-12
2.573979e-05,3.3,3.3,1.2,0.003295545,3.299643,0.0002500563,1.514305e-07,1.2,1.572368e-11,3.300003,0.008225176,8.324858e-06,1.2,3.081351e-10,1.673384e-12,3.127276e-12,1.317492e-13,1.721544e-12,3.301803e-12,2.652736e-12
2.583979e-05,3.3,3.3,1.2,0.003286428,3.299636,0.0002543665,1.514912e-07,1.2,1.572982e-11,3.300003,0.008361536,8.312574e-06,1.2,3.07681e-10,1.67695e-12,3.128164e-12,1.318284e-13,1.723152e-12,3.301803e-12,2.648737e-12
2.593979e-05,3.3,3.3,1.2,0.003277337,3.29963,0.0002586751,1.513747e-07,1.2,1.571786e-11,3.300003,0.008497683,8.300247e-06,1.2,3.072249e-10,1.681014e-12,3.128608e-12,1.31681e-13,1.725496e-12,3.301359e-12,2.64491e-12
2.603979e-05,3.3,3.3,1.2,0.00326827,3.299624,0.0002629821,1.513186e-07,1.2,1.571219e-11,3.300003,0.008633616,8.288148e-06,1.2,3.067771e-10,1.684394e-12,3.128608e-12,1.316438e-13,1.728974e-12,3.301803e-12,2.641143e-12
2.613979e-05,3.3,3.3,1.2,0.003259229,3.299617,0.0002672875,1.512853e-07,1.2,1.570861e-11,3.300003,0.008769336,8.276272e-06,1.2,3.06338e-10,1.687403e-12,3.128608e-12,1.316627e-13,1.73276e-12,3.302247e-12,2.637459e-12
2.623979e-05,3.3,3.3,1.2,0.003250212,3.299611,0.0002715913,1.514236e-07,1.2,1.572284e-11,3.300003,0.008904847,8.264576e-06,1.2,3.05905e-10,1.686464e-12,3.128608e-12,1.317434e-13,1.734665e-12,3.302247e-12,2.633688e-12
2.633979e-05,3.3,3.3,1.2,0.003241221,3.299605,0.0002758935,1.51255e-07,1.2,1.570546e-11,3.300003,0.009040147,8.252864e-06,1.2,3.054719e-10,1.687859e-12,3.129053e-12,1.315927e-13,1.73713e-12,3.302247e-12,2.630039e-12
2.643979e-05,3.3,3.3,1.2,0.003232254,3.299598,0.0002801941,1.513711e-07,1.2,1.571757e-11,3.300003,0.00917524,8.241111e-06,1.2,3.050373e-10,1.689008e-12,3.129053e-12,1.317232e-13,1.740682e-12,3.302247e-12,2.626226e-12
2.653979e-05,3.3,3.3,1.2,0.003223312,3.299592,0.0002844931,1.512941e-07,1.2,1.570963e-11,3.300003,0.009310126,8.229419e-06,1.2,3.046045e-10,1.687013e-12,3.129497e-12,1.316099e-13,1.742235e-12,3.301359e-12,2.6225e-12
2.663979e-05,3.3,3.3,1.2,0.003214395,3.299585,0.0002887904,1.512352e-07,1.2,1.570346e-11,3.300003,0.009444806,8.217802e-06,1.2,3.041749e-10,1.687455e-12,3.129053e-12,1.315647e-13,1.744554e-12,3.301803e-12,2.618899e-12
2.673979e-05,3.3,3.3,1.2,0.0032055,3.299579,0.0002930861,1.511127e-07,1.2,1.569094e-11,3.300003,0.009579283,8.206159e-06,1.2,3.037441e-10,1.687266e-12,3.129053e-12,1.314466e-13,1.747675e-12,3.301803e-12,2.615147e-12
2.683979e-05,3.3,3.3,1.2,0.003196604,3.299573,0.0002973802,1.511187e-07,1.2,1.569133e-11,3.300003,0.009713556,8.19468e-06,1.2,3.033194e-10,1.686683e-12,3.129053e-12,1.314598e-13,1.7515e-12,3.302247e-12,2.611565e-12
2.693979e-05,3.3,3.3,1.2,0.003187686,3.299566,0.0003016726,1.510704e-07,1.2,1.56864e-11,3.300003,0.009847627,8.183439e-06,1.2,3.029036e-10,1.684399e-12,3.129053e-12,1.314316e-13,1.753155e-12,3.301803e-12,2.608089e-12
2.703979e-05,3.3,3.3,1.2,0.003178799,3.29956,0.0003059635,1.510505e-07,1.2,1.568438e-11,3.300003,0.009981498,8.172363e-06,1.2,3.024939e-10,1.683798e-12,3.129053e-12,1.31416e-13,1.755412e-12,3.301803e-12,2.604508e-12
2.713979e-05,3.3,3.3,1.2,0.003170359,3.299554,0.0003102529,1.511176e-07,1.2,1.569144e-11,3.300003,0.01011517,8.161199e-06,1.2,3.020807e-10,1.685108e-12,3.128608e-12,1.314618e-13,1.758448e-12,3.301803e-12,2.601006e-12
2.723979e-05,3.3,3.3,1.2,0.003186178,3.299548,0.0003145488,1.514479e-07,1.2,1.572531e-11,3.300003,0.01024864,8.150036e-06,1.2,3.016678e-10,1.77797e-12,3.138378e-12,1.318988e-13,1.762353e-12,3.301803e-12,2.597422e-12
2.733979e-05,3.3,3.3,1.2,0.003515554,3.299547,0.0003189309,1.540418e-07,1.2,1.599164e-11,3.300003,0.01038192,8.139026e-06,1.2,3.012605e-10,2.246301e-12,3.188116e-12,1.34488e-13,1.764206e-12,3.302247e-12,2.593968e-12
2.743979e-05,3.3,3.3,1.2,0.003418354,3.299537,0.0003231599,1.501783e-07,1.2,1.559486e-11,3.300003,0.010515,8.127964e-06,1.2,3.008515e-10,2.351343e-12,3.199219e-12,1.322531e-13,1.766874e-12,3.301803e-12,2.590384e-12
2.753132e-05,3.3,3.3,1.2,0.003405612,3.299532,0.0003270873,1.507e-07,1.2,1.564861e-11,3.300003,0.01063664,8.117927e-06,1.2,3.0048e-10,1.798374e-12,3.140599e-12,1.313762e-13,1.768234e-12,3.302247e-12,2.587321e-12
2.759778e-05,3.3,3.3,1.2,0.003399305,3.299528,0.0003299362,1.508854e-07,1.2,1.566752e-11,3.300003,0.01072486,8.110752e-06,1.2,3.002148e-10,1.545737e-12,3.113954e-12,1.309858e-13,1.770535e-12,3.301803e-12,2.584989e-12
2.766065e-05,3.3,3.3,1.2,0.003393382,3.299524,0.0003326285,1.509535e-07,1.2,1.567449e-11,3.300003,0.01080824,8.104006e-06,1.2,2.999653e-10,1.493492e-12,3.10818e-12,1.309285e-13,1.771974e-12,3.302247e-12,2.582873e-12
2.772236e-05,3.3,3.3,1.2,0.003387585,3.29952,0.0003352696,1.509928e-07,1.2,1.567849e-11,3.300003,0.01089,8.097385e-06,1.2,2.997202e-10,1.497582e-12,3.108624e-12,1.309644e-13,1.773082e-12,3.302247e-12,2.580656e-12
2.782236e-05,3.3,3.3,1.2,0.003378214,3.299514,0.0003395477,1.50953e-07,1.2,1.567447e-11,3.300004,0.01102235,8.086834e-06,1.2,2.9933e-10,1.511558e-12,3.109957e-12,1.309534e-13,1.776266e-12,3.302247e-12,2.577474e-12
2.792236e-05,3.3,3.3,1.2,0.003368869,3.299507,0.0003438243,1.509363e-07,1.2,1.567272e-11,3.300004,0.0111545,8.07637e-06,1.2,2.989428e-10,1.520924e-12,3.110845e-12,1.309237e-13,1.77926e-12,3.301803e-12,2.574187e-12
2.802236e-05,3.3,3.3,1.2,0.003359549,3.299501,0.0003480991,1.508464e-07,1.2,1.566362e-11,3.300004,0.01128646,8.065778e-06,1.2,2.98551e-10,1.531762e-12,3.112177e-12,1.30901e-13,1.780231e-12,3.302691e-12,2.570756e-12
2.812236e-05,3.3,3.3,1.2,0.003350255,3.299495,0.0003523724,1.508482e-07,1.2,1.566376e-11,3.300004,0.01141824,8.055324e-06,1.2,2.981642e-10,1.541667e-12,3.113509e-12,1.309059e-13,1.781959e-12,3.301803e-12,2.567486e-12
2.822236e-05,3.3,3.3,1.2,0.003340987,3.299488,0.0003566441,1.507937e-07,1.2,1.56582e-11,3.300004,0.01154983,8.044977e-06,1.2,2.977813e-10,1.550123e-12,3.113954e-12,1.308704e-13,1.784295e-12,3.301359e-12,2.564151e-12
2.832236e-05,3.3,3.3,1.2,0.003331745,3.299482,0.0003609142,1.508787e-07,1.2,1.566691e-11,3.300004,0.01168123,8.034618e-06,1.2,2.973984e-10,1.554612e-12,3.114842e-12,1.30994e-13,1.790245e-12,3.302247e-12,2.560928e-12
2.842236e-05,3.3,3.3,1.2,0.003322528,3.299475,0.0003651826,1.508539e-07,1.2,1.566428e-11,3.300004,0.01181245,8.024443e-06,1.2,2.97022e-10,1.560991e-12,3.114842e-12,1.309362e-13,1.794133e-12,3.301803e-12,2.557754e-12
2.852236e-05,3.3,3.3,1.2,0.003313337,3.299469,0.0003694495,1.507146e-07,1.2,1.565014e-11,3.300004,0.01194349,8.014241e-06,1.2,2.966444e-10,1.566605e-12,3.116174e-12,1.308455e-13,1.795805e-12,3.301803e-12,2.554459e-12
2.862236e-05,3.3,3.3,1.2,0.003304171,3.299463,0.0003737148,1.506525e-07,1.2,1.564376e-11,3.300004,0.01207435,8.004113e-06,1.2,2.962697e-10,1.571821e-12,3.116618e-12,1.307685e-13,1.797882e-12,3.301803e-12,2.551288e-12
2.872236e-05,3.3,3.3,1.2,0.003295031,3.299456,0.0003779785,1.507113e-07,1.2,1.56498e-11,3.300004,0.01220502,7.994174e-06,1.2,2.95902e-10,1.573318e-12,3.117062e-12,1.308462e-13,1.797975e-12,3.301803e-12,2.548192e-12
2.882236e-05,3.3,3.3,1.2,0.003285915,3.29945,0.0003822406,1.506884e-07,1.2,1.564745e-11,3.300004,0.01233552,7.984391e-06,1.2,2.955403e-10,1.577658e-12,3.117062e-12,1.30838e-13,1.798713e-12,3.301803e-12,2.545133e-12
2.892236e-05,3.3,3.3,1.2,0.003276825,3.299444,0.0003865011,1.506143e-07,1.2,1.563986e-11,3.300004,0.01246583,7.974766e-06,1.2,2.951841e-10,1.581126e-12,3.117062e-12,1.30762e-13,1.803244e-12,3.301359e-12,2.542137e-12
2.902236e-05,3.3,3.3,1.2,0.00326776,3.299437,0.00039076,1.506961e-07,1.2,1.564826e-11,3.300004,0.01259597,7.965074e-06,1.2,2.948255e-10,1.584655e-12,3.11795e-12,1.308674e-13,1.805171e-12,3.301803e-12,2.538965e-12
2.912236e-05,3.3,3.3,1.2,0.00325872,3.299431,0.0003950173,1.506649e-07,1.2,1.5645e-11,3.300004,0.01272594,7.955469e-06,1.2,2.944702e-10,1.584867e-12,3.11795e-12,1.308097e-13,1.80763e-12,3.301359e-12,2.535978e-12
2.922236e-05,3.3,3.3,1.2,0.003249705,3.299425,0.0003992731,1.506346e-07,1.2,1.564178e-11,3.300004,0.01285572,7.945779e-06,1.2,2.941117e-10,1.587675e-12,3.118394e-12,1.308324e-13,1.808258e-12,3.301359e-12,2.532793e-12
2.932236e-05,3.3,3.3,1.2,0.003240715,3.299418,0.0004035272,1.505203e-07,1.2,1.563003e-11,3.300004,0.01298534,7.936133e-06,1.2,2.937548e-10,1.590677e-12,3.118839e-12,1.307063e-13,1.812293e-12,3.301803e-12,2.529795e-12
2.942236e-05,3.3,3.3,1.2,0.00323175,3.299412,0.0004077797,1.504845e-07,1.2,1.562642e-11,3.300004,0.01311478,7.926703e-06,1.2,2.93406e-10,1.593494e-12,3.118839e-12,1.306851e-13,1.817183e-12,3.302247e-12,2.526861e-12
2.952236e-05,3.3,3.3,1.2,0.003222809,3.299405,0.0004120306,1.505282e-07,1.2,1.563087e-11,3.300004,0.01324404,7.917005e-06,1.2,2.930473e-10,1.593672e-12,3.119283e-12,1.307357e-13,1.819738e-12,3.301359e-12,2.523608e-12
2.962236e-05,3.3,3.3,1.2,0.003213886,3.299399,0.00041628,1.505421e-07,1.2,1.563228e-11,3.300004,0.01337314,7.907344e-06,1.2,2.926899e-10,1.596187e-12,3.118839e-12,1.307449e-13,1.819794e-12,3.302247e-12,2.520593e-12
2.972236e-05,3.3,3.3,1.2,0.003204938,3.299393,0.0004205278,1.50503e-07,1.2,1.56283e-11,3.300004,0.01350207,7.897852e-06,1.2,2.923388e-10,1.599278e-12,3.119727e-12,1.307039e-13,1.823953e-12,3.302247e-12,2.517636e-12
2.982236e-05,3.3,3.3,1.2,0.003195998,3.299386,0.000424774,1.504441e-07,1.2,1.562229e-11,3.300004,0.01363083,7.888485e-06,1.2,2.919921e-10,1.598988e-12,3.119727e-12,1.306874e-13,1.825381e-12,3.301803e-12,2.514668e-12
2.992236e-05,3.3,3.3,1.2,0.003187121,3.29938,0.0004290186,1.503232e-07,1.2,1.56099e-11,3.300004,0.01375942,7.879536e-06,1.2,2.91661e-10,1.601552e-12,3.120171e-12,1.305362e-13,1.827274e-12,3.301803e-12,2.511862e-12
3.002236e-05,3.3,3.3,1.2,0.003181513,3.299374,0.0004332628,1.504707e-07,1.2,1.562488e-11,3.300004,0.01388784,7.87039e-06,1.2,2.913229e-10,1.615815e-12,3.121059e-12,1.307617e-13,1.829991e-12,3.302247e-12,2.508994e-12
3.012236e-05,3.3,3.3,1.2,0.003289544,3.299369,0.000437542,1.516897e-07,1.2,1.575003e-11,3.300004,0.0140161,7.861345e-06,1.2,2.909883e-10,2.001393e-12,3.162359e-12,1.32292e-13,1.833703e-12,3.301359e-12,2.506152e-12
3.022236e-05,3.3,3.3,1.2,0.003568637,3.299365,0.0004418204,1.50642e-07,1.2,1.564278e-11,3.300004,0.0141442,7.852382e-06,1.2,2.906566e-10,6.240001e-13,3.015366e-12,1.287105e-13,1.834793e-12,3.301803e-12,2.503294e-12
3.032236e-05,3.3,3.3,1.2,0.003421969,3.299358,0.0004460517,1.509051e-07,1.2,1.566956e-11,3.300004,0.01427213,7.843482e-06,1.2,2.903275e-10,1.484032e-12,3.107292e-12,1.307123e-13,1.83667e-12,3.302247e-12,2.500493e-12
3.039956e-05,3.3,3.3,1.2,0.003414422,3.299353,0.0004493154,1.505587e-07,1.2,1.563415e-11,3.300004,0.01437077,7.836829e-06,1.2,2.900813e-10,1.957738e-12,3.15703e-12,1.314848e-13,1.838161e-12,3.301803e-12,2.498584e-12
3.046242e-05,3.3,3.3,1.2,0.003408492,3.299349,0.0004519754,1.503294e-07,1.2,1.56103e-11,3.300004,0.01445102,7.83143e-06,1.2,2.898815e-10,2.105056e-12,3.173461e-12,1.315791e-13,1.839673e-12,3.302691e-12,2.496855e-12
3.052573e-05,3.3,3.3,1.2,0.003402523,3.299345,0.000454656,1.502214e-07,1.2,1.559929e-11,3.300004,0.0145318,7.826024e-06,1.2,2.896815e-10,2.112966e-12,3.17435e-12,1.315143e-13,1.840394e-12,3.301803e-12,2.494985e-12
3.060756e-05,3.3,3.3,1.2,0.00339482,3.29934,0.0004581199,1.502461e-07,1.2,1.560181e-11,3.300004,0.01463609,7.819067e-06,1.2,2.894241e-10,2.092913e-12,3.171685e-12,1.315147e-13,1.843937e-12,3.302247e-12,2.492868e-12
3.070756e-05,3.3,3.3,1.2,0.003385428,3.299333,0.0004623519,1.502248e-07,1.2,1.559958e-11,3.300005,0.0147634,7.810484e-06,1.2,2.891069e-10,2.073951e-12,3.169909e-12,1.314449e-13,1.845462e-12,3.301803e-12,2.490088e-12
3.080756e-05,3.3,3.3,1.2,0.003376063,3.299327,0.0004665824,1.50209e-07,1.2,1.559803e-11,3.300005,0.01489055,7.80196e-06,1.2,2.887914e-10,2.058164e-12,3.167688e-12,1.314286e-13,1.847167e-12,3.301803e-12,2.487418e-12
3.090756e-05,3.3,3.3,1.2,0.003366723,3.299321,0.0004708113,1.501841e-07,1.2,1.559545e-11,3.300005,0.01501754,7.793567e-06,1.2,2.884809e-10,2.04453e-12,3.1668e-12,1.313838e-13,1.849577e-12,3.301359e-12,2.484774e-12
3.100756e-05,3.3,3.3,1.2,0.003357409,3.299314,0.0004750386,1.500665e-07,1.2,1.558344e-11,3.300005,0.01514438,7.785294e-06,1.2,2.881749e-10,2.032631e-12,3.165468e-12,1.312334e-13,1.849595e-12,3.301803e-12,2.482203e-12
3.110756e-05,3.3,3.3,1.2,0.003348121,3.299308,0.0004792643,1.501376e-07,1.2,1.559076e-11,3.300005,0.01527106,7.777123e-06,1.2,2.878726e-10,2.023335e-12,3.165024e-12,1.313067e-13,1.85325e-12,3.301803e-12,2.479634e-12
3.120756e-05,3.3,3.3,1.2,0.003338859,3.299302,0.0004834885,1.501694e-07,1.2,1.559395e-11,3.300005,0.01539758,7.76904e-06,1.2,2.875735e-10,2.015225e-12,3.163247e-12,1.313014e-13,1.854729e-12,3.302247e-12,2.477053e-12
3.130756e-05,3.3,3.3,1.2,0.003329623,3.299295,0.0004877111,1.500619e-07,1.2,1.558299e-11,3.300005,0.01552396,7.760791e-06,1.2,2.872684e-10,2.008714e-12,3.162803e-12,1.311802e-13,1.85667e-12,3.302247e-12,2.474376e-12
3.140756e-05,3.3,3.3,1.2,0.003320412,3.299289,0.0004919321,1.500923e-07,1.2,1.558591e-11,3.300005,0.01565018,7.752615e-06,1.2,2.869659e-10,2.001044e-12,3.162359e-12,1.312127e-13,1.858987e-12,3.301803e-12,2.471799e-12
3.150756e-05,3.3,3.3,1.2,0.003311226,3.299282,0.0004961515,1.499991e-07,1.2,1.55764e-11,3.300005,0.01577624,7.744577e-06,1.2,2.866685e-10,1.99679e-12,3.161471e-12,1.311376e-13,1.86179e-12,3.301803e-12,2.469292e-12
3.160756e-05,3.3,3.3,1.2,0.003302066,3.299276,0.0005003694,1.500476e-07,1.2,1.558131e-11,3.300005,0.01590216,7.736378e-06,1.2,2.863652e-10,1.993029e-12,3.161027e-12,1.311571e-13,1.862666e-12,3.301359e-12,2.466764e-12
3.170756e-05,3.3,3.3,1.2,0.003292931,3.29927,0.0005045856,1.499312e-07,1.2,1.556946e-11,3.300005,0.01602793,7.728193e-06,1.2,2.860626e-10,1.990234e-12,3.160583e-12,1.310518e-13,1.866633e-12,3.301803e-12,2.463964e-12
3.180756e-05,3.3,3.3,1.2,0.003283821,3.299263,0.0005088003,1.500066e-07,1.2,1.557716e-11,3.300005,0.01615355,7.72e-06,1.2,2.857593e-10,1.98804e-12,3.161027e-12,1.311238e-13,1.868379e-12,3.301803e-12,2.461382e-12
3.190756e-05,3.3,3.3,1.2,0.003274737,3.299257,0.0005130136,1.499503e-07,1.2,1.557137e-11,3.300005,0.01627902,7.712089e-06,1.2,2.854668e-10,1.983999e-12,3.160139e-12,1.310396e-13,1.867776e-12,3.301803e-12,2.45918e-12
3.200756e-05,3.3,3.3,1.2,0.003265678,3.299251,0.0005172251,1.49913e-07,1.2,1.556758e-11,3.300005,0.01640434,7.704287e-06,1.2,2.851782e-10,1.982115e-12,3.160139e-12,1.309791e-13,1.870926e-12,3.301359e-12,2.456485e-12
3.210756e-05,3.3,3.3,1.2,0.003256643,3.299244,0.0005214352,1.498468e-07,1.2,1.556086e-11,3.300005,0.01652952,7.696432e-06,1.2,2.848874e-10,1.981423e-12,3.159695e-12,1.309341e-13,1.874565e-12,3.301803e-12,2.45401e-12
3.220756e-05,3.3,3.3,1.2,0.003247634,3.299238,0.0005256437,1.498438e-07,1.2,1.556056e-11,3.300005,0.01665455,7.68867e-06,1.2,2.846003e-10,1.977909e-12,3.159695e-12,1.309438e-13,1.875665e-12,3.301359e-12,2.451564e-12
3.230756e-05,3.3,3.3,1.2,0.003238649,3.299232,0.0005298508,1.498534e-07,1.2,1.556152e-11,3.300005,0.01677944,7.680993e-06,1.2,2.843164e-10,1.977027e-12,3.159695e-12,1.309575e-13,1.877231e-12,3.301803e-12,2.449144e-12
3.240756e-05,3.3,3.3,1.2,0.003229688,3.299225,0.000534056,1.498185e-07,1.2,1.555794e-11,3.300005,0.01690418,7.673387e-06,1.2,2.840351e-10,1.975911e-12,3.158807e-12,1.309088e-13,1.882459e-12,3.302247e-12,2.446745e-12
3.250756e-05,3.3,3.3,1.2,0.003220724,3.299219,0.0005382598,1.497936e-07,1.2,1.555542e-11,3.300005,0.01702878,7.665855e-06,1.2,2.837565e-10,1.971957e-12,3.159251e-12,1.30909e-13,1.885317e-12,3.301803e-12,2.44437e-12
3.260756e-05,3.3,3.3,1.2,0.003211739,3.299212,0.0005424621,1.498567e-07,1.2,1.556186e-11,3.300005,0.01715325,7.658666e-06,1.2,2.834905e-10,1.971973e-12,3.158807e-12,1.309223e-13,1.88565e-12,3.302247e-12,2.442076e-12
3.270756e-05,3.3,3.3,1.2,0.003202786,3.299206,0.0005466627,1.497546e-07,1.2,1.555145e-11,3.300005,0.01727757,7.651219e-06,1.2,2.832149e-10,1.972188e-12,3.158362e-12,1.308346e-13,1.886487e-12,3.301803e-12,2.439726e-12
3.280756e-05,3.3,3.3,1.2,0.003194286,3.2992,0.000550862,1.49684e-07,1.2,1.554403e-11,3.300005,0.01740175,7.643848e-06,1.2,2.829422e-10,1.970744e-12,3.159251e-12,1.307883e-13,1.89089e-12,3.302247e-12,2.437406e-12
3.290756e-05,3.3,3.3,1.2,0.003210327,3.299194,0.0005550678,1.49958e-07,1.2,1.557232e-11,3.300005,0.01752579,7.636526e-06,1.2,2.826714e-10,2.064411e-12,3.169021e-12,1.311513e-13,1.892854e-12,3.301803e-12,2.435095e-12
3.300756e-05,3.3,3.3,1.2,0.003540797,3.299193,0.0005593601,1.526455e-07,1.2,1.584843e-11,3.300005,0.01764969,7.629288e-06,1.2,2.824036e-10,2.530405e-12,3.21787e-12,1.338335e-13,1.892651e-12,3.301803e-12,2.432804e-12
3.310756e-05,3.3,3.3,1.2,0.003441546,3.299183,0.0005634992,1.487673e-07,1.2,1.54498e-11,3.300005,0.01777346,7.622393e-06,1.2,2.821484e-10,2.67228e-12,3.232969e-12,1.316731e-13,1.895762e-12,3.301803e-12,2.430625e-12
3.319922e-05,3.3,3.3,1.2,0.00342893,3.299178,0.0005673494,1.493116e-07,1.2,1.550578e-11,3.300005,0.01788679,7.615902e-06,1.2,2.819085e-10,2.142835e-12,3.177014e-12,1.308959e-13,1.8969e-12,3.301803e-12,2.428692e-12
3.327022e-05,3.3,3.3,1.2,0.003422152,3.299174,0.0005703288,1.495666e-07,1.2,1.553204e-11,3.300005,0.01797449,7.611164e-06,1.2,2.817333e-10,1.902644e-12,3.151257e-12,1.305489e-13,1.898645e-12,3.301803e-12,2.427114e-12
3.332766e-05,3.3,3.3,1.2,0.003416705,3.29917,0.0005727366,1.49615e-07,1.2,1.553698e-11,3.300005,0.01804539,7.607145e-06,1.2,2.815845e-10,1.844057e-12,3.14504e-12,1.304769e-13,1.900031e-12,3.301803e-12,2.42592e-12
3.338527e-05,3.3,3.3,1.2,0.003411255,3.299166,0.0005751507,1.496338e-07,1.2,1.553889e-11,3.300005,0.01811646,7.603212e-06,1.2,2.81439e-10,1.852132e-12,3.146372e-12,1.30485e-13,1.899629e-12,3.301359e-12,2.424712e-12
3.348527e-05,3.3,3.3,1.2,0.003401818,3.29916,0.0005793391,1.495233e-07,1.2,1.552742e-11,3.300005,0.01823972,7.596293e-06,1.2,2.81183e-10,1.863354e-12,3.14726e-12,1.304038e-13,1.903158e-12,3.301359e-12,2.422375e-12
3.358527e-05,3.3,3.3,1.2,0.003392408,3.299154,0.0005835259,1.494461e-07,1.2,1.551956e-11,3.300005,0.01836284,7.589379e-06,1.2,2.809273e-10,1.872089e-12,3.147704e-12,1.303604e-13,1.902468e-12,3.301359e-12,2.420202e-12
3.368527e-05,3.3,3.3,1.2,0.003383023,3.299147,0.0005877112,1.494865e-07,1.2,1.552367e-11,3.300005,0.01848583,7.582554e-06,1.2,2.80675e-10,1.882436e-12,3.149037e-12,1.304197e-13,1.90557e-12,3.302247e-12,2.418069e-12
3.378527e-05,3.3,3.3,1.2,0.003373665,3.299141,0.0005918949,1.494388e-07,1.2,1.551879e-11,3.300005,0.0186087,7.575783e-06,1.2,2.804243e-10,1.891903e-12,3.150369e-12,1.303973e-13,1.906069e-12,3.301803e-12,2.415921e-12
3.388527e-05,3.3,3.3,1.2,0.003364332,3.299134,0.000596077,1.494798e-07,1.2,1.552299e-11,3.300006,0.01873143,7.569098e-06,1.2,2.801769e-10,1.897258e-12,3.151257e-12,1.304644e-13,1.909968e-12,3.302247e-12,2.413838e-12
3.398527e-05,3.3,3.3,1.2,0.003355025,3.299128,0.0006002576,1.49384e-07,1.2,1.551317e-11,3.300006,0.01885403,7.562522e-06,1.2,2.799339e-10,1.904423e-12,3.151257e-12,1.303699e-13,1.911638e-12,3.301359e-12,2.41179e-12
3.408527e-05,3.3,3.3,1.2,0.003345744,3.299122,0.0006044366,1.493847e-07,1.2,1.551331e-11,3.300006,0.0189765,7.556062e-06,1.2,2.796947e-10,1.910925e-12,3.152145e-12,1.304134e-13,1.913944e-12,3.301803e-12,2.409769e-12
3.418527e-05,3.3,3.3,1.2,0.003336488,3.299115,0.0006086142,1.493118e-07,1.2,1.550579e-11,3.300006,0.01909884,7.549692e-06,1.2,2.794591e-10,1.91681e-12,3.153033e-12,1.303205e-13,1.913488e-12,3.301803e-12,2.407774e-12
3.428527e-05,3.3,3.3,1.2,0.003327258,3.299109,0.0006127901,1.493717e-07,1.2,1.551198e-11,3.300006,0.01922106,7.543376e-06,1.2,2.792253e-10,1.919492e-12,3.153477e-12,1.304205e-13,1.916405e-12,3.301803e-12,2.405694e-12
3.438527e-05,3.3,3.3,1.2,0.003318054,3.299103,0.0006169646,1.493526e-07,1.2,1.550997e-11,3.300006,0.01934315,7.536925e-06,1.2,2.789869e-10,1.924255e-12,3.153922e-12,1.30389e-13,1.917214e-12,3.302247e-12,2.403656e-12
3.448527e-05,3.3,3.3,1.2,0.003308875,3.299096,0.0006211375,1.493258e-07,1.2,1.550725e-11,3.300006,0.01946512,7.530579e-06,1.2,2.787522e-10,1.928922e-12,3.153922e-12,1.303744e-13,1.918353e-12,3.301803e-12,2.40167e-12
3.458527e-05,3.3,3.3,1.2,0.003299722,3.29909,0.0006253089,1.493207e-07,1.2,1.550676e-11,3.300006,0.01958696,7.52403e-06,1.2,2.785097e-10,1.930372e-12,3.154366e-12,1.304061e-13,1.920087e-12,3.302691e-12,2.399665e-12
3.468527e-05,3.3,3.3,1.2,0.003290593,3.299084,0.0006294787,1.493473e-07,1.2,1.550942e-11,3.300006,0.01970868,7.517462e-06,1.2,2.78267e-10,1.934201e-12,3.155254e-12,1.304109e-13,1.921901e-12,3.301803e-12,2.397344e-12
3.478527e-05,3.3,3.3,1.2,0.00328149,3.299077,0.0006336469,1.492792e-07,1.2,1.550248e-11,3.300006,0.01983027,7.511181e-06,1.2,2.780344e-10,1.937802e-12,3.15481e-12,1.303431e-13,1.924443e-12,3.302247e-12,2.395365e-12
3.488527e-05,3.3,3.3,1.2,0.003272412,3.299071,0.0006378137,1.492104e-07,1.2,1.549547e-11,3.300006,0.01995174,7.504715e-06,1.2,2.777952e-10,1.938795e-12,3.155254e-12,1.302868e-13,1.927442e-12,3.301359e-12,2.39336e-12
3.498527e-05,3.3,3.3,1.2,0.00326336,3.299064,0.0006419788,1.491581e-07,1.2,1.549013e-11,3.300006,0.0200731,7.498363e-06,1.2,2.775602e-10,1.942575e-12,3.155254e-12,1.302494e-13,1.928029e-12,3.301803e-12,2.39139e-12
3.508527e-05,3.3,3.3,1.2,0.003254332,3.299058,0.0006461425,1.49071e-07,1.2,1.548127e-11,3.300006,0.02019433,7.49241e-06,1.2,2.773401e-10,1.945948e-12,3.155698e-12,1.301928e-13,1.929101e-12,3.301359e-12,2.389496e-12
3.518527e-05,3.3,3.3,1.2,0.003245328,3.299052,0.0006503046,1.491573e-07,1.2,1.549003e-11,3.300006,0.02031544,7.486221e-06,1.2,2.771111e-10,1.946196e-12,3.155698e-12,1.302605e-13,1.93365e-12,3.301803e-12,2.38757e-12
3.528527e-05,3.3,3.3,1.2,0.003236343,3.299045,0.0006544651,1.490551e-07,1.2,1.547964e-11,3.300006,0.02043643,7.480254e-06,1.2,2.768903e-10,1.949474e-12,3.156142e-12,1.301843e-13,1.935517e-12,3.301803e-12,2.385966e-12
3.538527e-05,3.3,3.3,1.2,0.003227333,3.299039,0.0006586241,1.491052e-07,1.2,1.548472e-11,3.300006,0.0205573,7.474313e-06,1.2,2.766706e-10,1.950597e-12,3.156586e-12,1.302307e-13,1.937903e-12,3.301803e-12,2.383808e-12
3.548527e-05,3.3,3.3,1.2,0.003218332,3.299033,0.0006627816,1.490636e-07,1.2,1.548048e-11,3.300006,0.02067806,7.468272e-06,1.2,2.764472e-10,1.953591e-12,3.156142e-12,1.301902e-13,1.940726e-12,3.301803e-12,2.381919e-12
3.558527e-05,3.3,3.3,1.2,0.003209391,3.299026,0.0006669375,1.491015e-07,1.2,1.548435e-11,3.300006,0.0207987,7.462639e-06,1.2,2.762387e-10,1.956466e-12,3.15703e-12,1.302243e-13,1.940756e-12,3.302247e-12,2.380125e-12
3.568527e-05,3.3,3.3,1.2,0.003203539,3.29902,0.000671093,1.490121e-07,1.2,1.547505e-11,3.300006,0.02091922,7.45672e-06,1.2,2.760196e-10,1.970817e-12,3.158807e-12,1.301842e-13,1.941528e-12,3.302247e-12,2.378274e-12
3.578527e-05,3.3,3.3,1.2,0.003306967,3.299016,0.0006752823,1.50264e-07,1.2,1.560364e-11,3.300006,0.02103963,7.450882e-06,1.2,2.758037e-10,2.346418e-12,3.197886e-12,1.317834e-13,1.942727e-12,3.301803e-12,2.376451e-12
3.588527e-05,3.3,3.3,1.2,0.003594367,3.299012,0.0006794761,1.493663e-07,1.2,1.551147e-11,3.300006,0.02115993,7.44526e-06,1.2,2.755958e-10,1.025676e-12,3.058442e-12,1.28408e-13,1.944021e-12,3.302247e-12,2.374922e-12
3.598527e-05,3.3,3.3,1.2,0.003443636,3.299005,0.0006836173,1.494472e-07,1.2,1.551965e-11,3.300006,0.02128011,7.439639e-06,1.2,2.753879e-10,1.982674e-12,3.160139e-12,1.304756e-13,1.949146e-12,3.302247e-12,2.372874e-12
3.606143e-05,3.3,3.3,1.2,0.003436142,3.298999,0.0006867692,1.490985e-07,1.2,1.5484e-11,3.300006,0.02137156,7.435458e-06,1.2,2.752333e-10,2.506909e-12,3.21565e-12,1.31345e-13,1.952143e-12,3.301803e-12,2.371765e-12
3.612676e-05,3.3,3.3,1.2,0.00342994,3.298995,0.000689476,1.489122e-07,1.2,1.546475e-11,3.300006,0.02144996,7.432083e-06,1.2,2.751084e-10,2.65824e-12,3.231193e-12,1.315589e-13,1.951289e-12,3.301803e-12,2.370677e-12
3.619194e-05,3.3,3.3,1.2,0.003423757,3.298991,0.0006921778,1.489239e-07,1.2,1.546593e-11,3.300006,0.02152813,7.428625e-06,1.2,2.749804e-10,2.662117e-12,3.232081e-12,1.315866e-13,1.952248e-12,3.301803e-12,2.369594e-12
3.627388e-05,3.3,3.3,1.2,0.003415995,3.298986,0.0006955741,1.488901e-07,1.2,1.54625e-11,3.300006,0.02162633,7.424353e-06,1.2,2.748223e-10,2.639028e-12,3.229417e-12,1.314763e-13,1.955241e-12,3.301359e-12,2.368266e-12
3.637388e-05,3.3,3.3,1.2,0.003406545,3.298979,0.0006997178,1.488877e-07,1.2,1.546223e-11,3.300006,0.02174608,7.418942e-06,1.2,2.746223e-10,2.61772e-12,3.22764e-12,1.314574e-13,1.956547e-12,3.301803e-12,2.36639e-12
3.647388e-05,3.3,3.3,1.2,0.003397121,3.298973,0.00070386,1.487839e-07,1.2,1.545161e-11,3.300006,0.02186572,7.41348e-06,1.2,2.744201e-10,2.599343e-12,3.22542e-12,1.313207e-13,1.957408e-12,3.301803e-12,2.364644e-12
3.657388e-05,3.3,3.3,1.2,0.003387723,3.298967,0.0007080007,1.486889e-07,1.2,1.544165e-11,3.300006,0.02198524,7.408092e-06,1.2,2.742209e-10,2.58345e-12,3.223644e-12,1.311546e-13,1.95921e-12,3.301803e-12,2.362968e-12
3.667388e-05,3.3,3.3,1.2,0.003378351,3.29896,0.0007121398,1.487199e-07,1.2,1.544493e-11,3.300006,0.02210466,7.402786e-06,1.2,2.740246e-10,2.569941e-12,3.221867e-12,1.312086e-13,1.961377e-12,3.301803e-12,2.361316e-12
3.677388e-05,3.3,3.3,1.2,0.003369006,3.298954,0.0007162774,1.486613e-07,1.2,1.543887e-11,3.300006,0.02222397,7.397569e-06,1.2,2.738315e-10,2.559282e-12,3.220979e-12,1.311015e-13,1.963665e-12,3.302247e-12,2.359691e-12
3.687388e-05,3.3,3.3,1.2,0.003359686,3.298948,0.0007204135,1.486606e-07,1.2,1.543889e-11,3.300006,0.02234318,7.392475e-06,1.2,2.73643e-10,2.548566e-12,3.220091e-12,1.311314e-13,1.963748e-12,3.301803e-12,2.358114e-12
3.697388e-05,3.3,3.3,1.2,0.003350391,3.298941,0.0007245482,1.485572e-07,1.2,1.542825e-11,3.300006,0.02246228,7.387487e-06,1.2,2.734586e-10,2.542157e-12,3.219203e-12,1.30985e-13,1.963873e-12,3.301803e-12,2.356555e-12
3.707388e-05,3.3,3.3,1.2,0.003341123,3.298935,0.0007286813,1.486734e-07,1.2,1.544018e-11,3.300006,0.02258127,7.382484e-06,1.2,2.732736e-10,2.536246e-12,3.218759e-12,1.311056e-13,1.967594e-12,3.301803e-12,2.354836e-12
3.717388e-05,3.3,3.3,1.2,0.00333188,3.298928,0.0007328128,1.485898e-07,1.2,1.543158e-11,3.300006,0.02270016,7.377319e-06,1.2,2.730824e-10,2.532366e-12,3.21787e-12,1.309878e-13,1.968738e-12,3.301803e-12,2.353251e-12
3.727388e-05,3.3,3.3,1.2,0.003322663,3.298922,0.0007369428,1.486317e-07,1.2,1.543594e-11,3.300006,0.02281894,7.372295e-06,1.2,2.728965e-10,2.526283e-12,3.21787e-12,1.310589e-13,1.970025e-12,3.301803e-12,2.351712e-12
3.737388e-05,3.3,3.3,1.2,0.003313471,3.298916,0.0007410713,1.486791e-07,1.2,1.544072e-11,3.300006,0.02293762,7.367241e-06,1.2,2.727096e-10,2.524116e-12,3.21787e-12,1.310792e-13,1.971959e-12,3.302247e-12,2.349867e-12
3.747388e-05,3.3,3.3,1.2,0.003304305,3.298909,0.0007451983,1.486228e-07,1.2,1.543498e-11,3.300006,0.0230562,7.362011e-06,1.2,2.725161e-10,2.522209e-12,3.217426e-12,1.310073e-13,1.974107e-12,3.301359e-12,2.348543e-12
3.757388e-05,3.3,3.3,1.2,0.003295164,3.298903,0.0007493238,1.485801e-07,1.2,1.543064e-11,3.300007,0.02317467,7.356909e-06,1.2,2.723274e-10,2.518517e-12,3.216982e-12,1.30965e-13,1.97396e-12,3.301359e-12,2.346702e-12
3.767388e-05,3.3,3.3,1.2,0.003286048,3.298897,0.0007534477,1.485376e-07,1.2,1.54263e-11,3.300007,0.02329305,7.352097e-06,1.2,2.721493e-10,2.518e-12,3.216982e-12,1.309188e-13,1.974134e-12,3.301803e-12,2.345188e-12
3.777388e-05,3.3,3.3,1.2,0.003276957,3.29889,0.0007575702,1.485293e-07,1.2,1.542547e-11,3.300007,0.02341132,7.347058e-06,1.2,2.719628e-10,2.517506e-12,3.216094e-12,1.309138e-13,1.974548e-12,3.302247e-12,2.34364e-12
3.787388e-05,3.3,3.3,1.2,0.003267892,3.298884,0.0007616911,1.484867e-07,1.2,1.542111e-11,3.300007,0.02352949,7.342242e-06,1.2,2.717847e-10,2.514372e-12,3.216538e-12,1.308644e-13,1.975231e-12,3.302247e-12,2.342399e-12
3.797388e-05,3.3,3.3,1.2,0.003258851,3.298878,0.0007658105,1.484886e-07,1.2,1.542134e-11,3.300007,0.02364757,7.3375e-06,1.2,2.716093e-10,2.511722e-12,3.216094e-12,1.308892e-13,1.976411e-12,3.301803e-12,2.340646e-12
3.807388e-05,3.3,3.3,1.2,0.003249834,3.298871,0.0007699284,1.483953e-07,1.2,1.541178e-11,3.300007,0.02376554,7.332679e-06,1.2,2.71431e-10,2.512146e-12,3.21565e-12,1.307883e-13,1.977687e-12,3.301803e-12,2.339134e-12
3.817388e-05,3.3,3.3,1.2,0.003240811,3.298865,0.0007740449,1.483957e-07,1.2,1.541182e-11,3.300007,0.02388342,7.327915e-06,1.2,2.712548e-10,2.509489e-12,3.21565e-12,1.308273e-13,1.979855e-12,3.302247e-12,2.337648e-12
3.827388e-05,3.3,3.3,1.2,0.00323177,3.298858,0.0007781598,1.484279e-07,1.2,1.541511e-11,3.300007,0.0240012,7.323514e-06,1.2,2.71092e-10,2.510322e-12,3.215206e-12,1.308228e-13,1.982151e-12,3.301359e-12,2.336214e-12
3.837388e-05,3.3,3.3,1.2,0.003222763,3.298852,0.0007822733,1.48388e-07,1.2,1.541102e-11,3.300007,0.02411888,7.31883e-06,1.2,2.709187e-10,2.508464e-12,3.21565e-12,1.307556e-13,1.981748e-12,3.302247e-12,2.334753e-12
3.847388e-05,3.3,3.3,1.2,0.003214324,3.298846,0.0007863854,1.483629e-07,1.2,1.540831e-11,3.300007,0.02423647,7.314516e-06,1.2,2.707591e-10,2.511735e-12,3.216094e-12,1.307703e-13,1.984765e-12,3.302247e-12,2.333394e-12
3.857388e-05,3.3,3.3,1.2,0.003235602,3.29884,0.0007905058,1.486974e-07,1.2,1.544275e-11,3.300007,0.02435396,7.30992e-06,1.2,2.70589e-10,2.624721e-12,3.228529e-12,1.311969e-13,1.985335e-12,3.301803e-12,2.33195e-12
3.867388e-05,3.3,3.3,1.2,0.003583239,3.298839,0.0007947131,1.512995e-07,1.2,1.570997e-11,3.300007,0.02447135,7.305381e-06,1.2,2.704214e-10,2.982514e-12,3.266276e-12,1.336337e-13,1.986028e-12,3.301803e-12,2.330541e-12
3.877388e-05,3.3,3.3,1.2,0.003458972,3.29883,0.0007987679,1.477589e-07,1.2,1.534627e-11,3.300007,0.02458866,7.301063e-06,1.2,2.702614e-10,3.601682e-12,3.332001e-12,1.326302e-13,1.98745e-12,3.301359e-12,2.329454e-12
3.886408e-05,3.3,3.3,1.2,0.003448342,3.298824,0.000802474,1.480175e-07,1.2,1.537272e-11,3.300007,0.02469439,7.297266e-06,1.2,2.701209e-10,3.364929e-12,3.306688e-12,1.323298e-13,1.990393e-12,3.301803e-12,2.328146e-12
3.892969e-05,3.3,3.3,1.2,0.003442064,3.29882,0.0008051686,1.481396e-07,1.2,1.538541e-11,3.300007,0.02477125,7.294568e-06,1.2,2.70021e-10,3.231893e-12,3.292921e-12,1.321548e-13,1.991212e-12,3.301803e-12,2.327267e-12
3.898429e-05,3.3,3.3,1.2,0.003436857,3.298817,0.0008074098,1.481964e-07,1.2,1.539121e-11,3.300007,0.02483518,7.292349e-06,1.2,2.699391e-10,3.178093e-12,3.287148e-12,1.320221e-13,1.991074e-12,3.301803e-12,2.326547e-12
3.904181e-05,3.3,3.3,1.2,0.003431386,3.298813,0.0008097698,1.481765e-07,1.2,1.538918e-11,3.300007,0.02490249,7.289974e-06,1.2,2.698511e-10,3.160551e-12,3.284928e-12,1.31975e-13,1.991006e-12,3.301803e-12,2.325742e-12
3.913949e-05,3.3,3.3,1.2,0.003422114,3.298807,0.0008137763,1.481854e-07,1.2,1.539009e-11,3.300007,0.02501674,7.285887e-06,1.2,2.697e-10,3.156806e-12,3.284928e-12,1.3199e-13,1.992089e-12,3.302247e-12,2.324394e-12
3.923949e-05,3.3,3.3,1.2,0.003412647,3.2988,0.0008178765,1.48204e-07,1.2,1.539197e-11,3.300007,0.02513361,7.281621e-06,1.2,2.695422e-10,3.155447e-12,3.284484e-12,1.319923e-13,1.994722e-12,3.301803e-12,2.323052e-12
3.933949e-05,3.3,3.3,1.2,0.003403207,3.298794,0.0008219752,1.481712e-07,1.2,1.538864e-11,3.300007,0.0252504,7.277427e-06,1.2,2.693869e-10,3.155329e-12,3.284484e-12,1.319658e-13,1.99514e-12,3.301803e-12,2.321757e-12
3.943949e-05,3.3,3.3,1.2,0.003393792,3.298788,0.0008260724,1.481036e-07,1.2,1.538152e-11,3.300007,0.02536709,7.273307e-06,1.2,2.692346e-10,3.157006e-12,3.284484e-12,1.319106e-13,1.998463e-12,3.301803e-12,2.320471e-12
3.953949e-05,3.3,3.3,1.2,0.003384404,3.298781,0.0008301681,1.48051e-07,1.2,1.537614e-11,3.300007,0.02548369,7.269266e-06,1.2,2.690852e-10,3.156299e-12,3.284484e-12,1.318543e-13,2.00213e-12,3.301803e-12,2.319223e-12
3.963949e-05,3.3,3.3,1.2,0.003375042,3.298775,0.0008342624,1.480235e-07,1.2,1.537339e-11,3.300007,0.02560021,7.26525e-06,1.2,2.689367e-10,3.158914e-12,3.284484e-12,1.318757e-13,2.003288e-12,3.301803e-12,2.317928e-12
3.973949e-05,3.3,3.3,1.2,0.003365705,3.298769,0.0008383551,1.481078e-07,1.2,1.538213e-11,3.300007,0.02571663,7.261289e-06,1.2,2.6879e-10,3.158985e-12,3.285372e-12,1.319175e-13,2.005028e-12,3.301803e-12,2.316717e-12
3.983949e-05,3.3,3.3,1.2,0.003356395,3.298762,0.0008424463,1.481032e-07,1.2,1.53815e-11,3.300007,0.02583297,7.257401e-06,1.2,2.686461e-10,3.162659e-12,3.284928e-12,1.319377e-13,2.004045e-12,3.301359e-12,2.315489e-12
3.993949e-05,3.3,3.3,1.2,0.00334711,3.298756,0.000846536,1.479949e-07,1.2,1.53704e-11,3.300007,0.02594922,7.253568e-06,1.2,2.685043e-10,3.166367e-12,3.28626e-12,1.318137e-13,2.006405e-12,3.301359e-12,2.314285e-12
4.003949e-05,3.3,3.3,1.2,0.003337851,3.298749,0.0008506242,1.480142e-07,1.2,1.537243e-11,3.300007,0.02606539,7.24969e-06,1.2,2.683609e-10,3.167818e-12,3.28626e-12,1.318668e-13,2.008749e-12,3.302247e-12,2.312941e-12
4.013949e-05,3.3,3.3,1.2,0.003328617,3.298743,0.0008547109,1.479112e-07,1.2,1.53619e-11,3.300007,0.02618147,7.24574e-06,1.2,2.682148e-10,3.172199e-12,3.286704e-12,1.317897e-13,2.008629e-12,3.301359e-12,2.311857e-12
4.023949e-05,3.3,3.3,1.2,0.003319409,3.298737,0.0008587961,1.479184e-07,1.2,1.53626e-11,3.300007,0.02629747,7.241891e-06,1.2,2.680725e-10,3.173451e-12,3.286704e-12,1.317843e-13,2.011505e-12,3.301359e-12,2.310526e-12
4.033949e-05,3.3,3.3,1.2,0.003310227,3.29873,0.0008628798,1.479252e-07,1.2,1.536337e-11,3.300007,0.02641338,7.238017e-06,1.2,2.679292e-10,3.177871e-12,3.287148e-12,1.318417e-13,2.01492e-12,3.301359e-12,2.309313e-12
4.043949e-05,3.3,3.3,1.2,0.00330107,3.298724,0.0008669621,1.47938e-07,1.2,1.536457e-11,3.300007,0.0265292,7.234224e-06,1.2,2.67789e-10,3.182564e-12,3.287592e-12,1.318058e-13,2.015832e-12,3.301803e-12,2.308122e-12
4.053949e-05,3.3,3.3,1.2,0.003291938,3.298718,0.0008710428,1.478847e-07,1.2,1.535921e-11,3.300007,0.02664495,7.230483e-06,1.2,2.676506e-10,3.184286e-12,3.287592e-12,1.317935e-13,2.016863e-12,3.301803e-12,2.30696e-12
4.063949e-05,3.3,3.3,1.2,0.003282831,3.298711,0.000875122,1.477562e-07,1.2,1.534607e-11,3.300007,0.02676061,7.226802e-06,1.2,2.675142e-10,3.189355e-12,3.288037e-12,1.316905e-13,2.018277e-12,3.302247e-12,2.305797e-12
4.073949e-05,3.3,3.3,1.2,0.003273749,3.298705,0.0008791998,1.478583e-07,1.2,1.53565e-11,3.300007,0.02687619,7.22323e-06,1.2,2.67382e-10,3.191414e-12,3.288037e-12,1.318015e-13,2.02002e-12,3.301803e-12,2.304818e-12
4.083949e-05,3.3,3.3,1.2,0.003264693,3.298699,0.0008832761,1.477757e-07,1.2,1.534804e-11,3.300007,0.02699168,7.219691e-06,1.2,2.672511e-10,3.196216e-12,3.288925e-12,1.317169e-13,2.019002e-12,3.302247e-12,2.303567e-12
4.093949e-05,3.3,3.3,1.2,0.003255655,3.298692,0.0008873509,1.477218e-07,1.2,1.534256e-11,3.300007,0.0271071,7.216156e-06,1.2,2.671203e-10,3.198824e-12,3.289369e-12,1.316827e-13,2.021436e-12,3.301803e-12,2.302464e-12
4.103949e-05,3.3,3.3,1.2,0.003246593,3.298686,0.0008914243,1.477631e-07,1.2,1.534677e-11,3.300007,0.02722244,7.212663e-06,1.2,2.669912e-10,3.203801e-12,3.289369e-12,1.317101e-13,2.024197e-12,3.301803e-12,2.301383e-12
4.113949e-05,3.3,3.3,1.2,0.003237538,3.298679,0.000895496,1.477243e-07,1.2,1.534279e-11,3.300007,0.02733769,7.209199e-06,1.2,2.66863e-10,3.206358e-12,3.289813e-12,1.316549e-13,2.024135e-12,3.301803e-12,2.300273e-12
4.123949e-05,3.3,3.3,1.2,0.00322854,3.298673,0.0008995664,1.477015e-07,1.2,1.534032e-11,3.300007,0.02745287,7.205761e-06,1.2,2.66736e-10,3.210785e-12,3.290257e-12,1.316951e-13,2.024425e-12,3.301803e-12,2.299177e-12
4.133949e-05,3.3,3.3,1.2,0.003222235,3.298667,0.0009036361,1.47721e-07,1.2,1.534249e-11,3.300007,0.02756797,7.202366e-06,1.2,2.666104e-10,3.225071e-12,3.291589e-12,1.317313e-13,2.024969e-12,3.301803e-12,2.298122e-12
4.143949e-05,3.3,3.3,1.2,0.003315206,3.298662,0.0009077367,1.488292e-07,1.2,1.545619e-11,3.300007,0.02768299,7.19902e-06,1.2,2.664865e-10,3.573026e-12,3.328893e-12,1.331506e-13,2.028733e-12,3.301803e-12,2.297072e-12
4.153949e-05,3.3,3.3,1.2,0.003622209,3.298659,0.0009118542,1.483854e-07,1.2,1.541079e-11,3.300007,0.02779793,7.195695e-06,1.2,2.663634e-10,2.40652e-12,3.204992e-12,1.303936e-13,2.030056e-12,3.301803e-12,2.296023e-12
4.163949e-05,3.3,3.3,1.2,0.003462191,3.298652,0.0009159061,1.482343e-07,1.2,1.539504e-11,3.300007,0.0279128,7.192422e-06,1.2,2.662425e-10,3.594987e-12,3.331113e-12,1.327888e-13,2.028672e-12,3.301803e-12,2.295008e-12
4.171445e-05,3.3,3.3,1.2,0.003454775,3.298646,0.0009189427,1.477321e-07,1.2,1.53435e-11,3.300007,0.02799885,7.190084e-06,1.2,2.661559e-10,4.224127e-12,3.398171e-12,1.337869e-13,2.029758e-12,3.301359e-12,2.294346e-12
4.178019e-05,3.3,3.3,1.2,0.003448502,3.298642,0.0009216099,1.47562e-07,1.2,1.532592e-11,3.300007,0.02807429,7.187925e-06,1.2,2.660761e-10,4.384522e-12,3.415934e-12,1.340511e-13,2.030257e-12,3.301359e-12,2.293545e-12
4.184275e-05,3.3,3.3,1.2,0.003442535,3.298638,0.0009241496,1.474882e-07,1.2,1.531816e-11,3.300008,0.02814604,7.185954e-06,1.2,2.660032e-10,4.378296e-12,3.414158e-12,1.339738e-13,2.032772e-12,3.301803e-12,2.293025e-12
4.191765e-05,3.3,3.3,1.2,0.003435401,3.298633,0.0009271901,1.475399e-07,1.2,1.532366e-11,3.300008,0.0282319,7.183686e-06,1.2,2.659192e-10,4.342695e-12,3.411049e-12,1.339395e-13,2.032466e-12,3.301359e-12,2.292188e-12
4.201765e-05,3.3,3.3,1.2,0.003425897,3.298627,0.0009312488,1.474883e-07,1.2,1.531815e-11,3.300008,0.02834648,7.180497e-06,1.2,2.658013e-10,4.314805e-12,3.407941e-12,1.33869e-13,2.03293e-12,3.301803e-12,2.291234e-12
4.211765e-05,3.3,3.3,1.2,0.00341642,3.298621,0.0009353061,1.474582e-07,1.2,1.531526e-11,3.300008,0.02846099,7.177379e-06,1.2,2.656859e-10,4.292075e-12,3.405276e-12,1.337792e-13,2.035554e-12,3.301803e-12,2.290253e-12
4.221765e-05,3.3,3.3,1.2,0.003406969,3.298614,0.0009393618,1.475209e-07,1.2,1.532166e-11,3.300008,0.02857542,7.174304e-06,1.2,2.655722e-10,4.272887e-12,3.403056e-12,1.337789e-13,2.036012e-12,3.301803e-12,2.289293e-12
4.231765e-05,3.3,3.3,1.2,0.003397544,3.298608,0.000943416,1.473972e-07,1.2,1.530887e-11,3.300008,0.02868978,7.171284e-06,1.2,2.654605e-10,4.257125e-12,3.401279e-12,1.336543e-13,2.036433e-12,3.301803e-12,2.288361e-12
4.241765e-05,3.3,3.3,1.2,0.003388145,3.298601,0.0009474688,1.474253e-07,1.2,1.531169e-11,3.300008,0.02880406,7.168285e-06,1.2,2.653494e-10,4.242224e-12,3.399947e-12,1.336278e-13,2.040162e-12,3.301359e-12,2.287399e-12
4.251765e-05,3.3,3.3,1.2,0.003378773,3.298595,0.00095152,1.474757e-07,1.2,1.531693e-11,3.300008,0.02891827,7.165302e-06,1.2,2.652391e-10,4.233527e-12,3.399059e-12,1.337036e-13,2.044184e-12,3.301359e-12,2.286462e-12
4.261765e-05,3.3,3.3,1.2,0.003369426,3.298589,0.0009555699,1.474144e-07,1.2,1.531078e-11,3.300008,0.02903241,7.162519e-06,1.2,2.651362e-10,4.227588e-12,3.398615e-12,1.335751e-13,2.04254e-12,3.301803e-12,2.285572e-12
4.271765e-05,3.3,3.3,1.2,0.003360105,3.298582,0.0009596182,1.47366e-07,1.2,1.530572e-11,3.300008,0.02914648,7.159602e-06,1.2,2.650283e-10,4.220134e-12,3.397727e-12,1.335448e-13,2.044082e-12,3.301359e-12,2.284667e-12
4.281765e-05,3.3,3.3,1.2,0.00335081,3.298576,0.0009636651,1.473018e-07,1.2,1.529915e-11,3.300008,0.02926048,7.156732e-06,1.2,2.649222e-10,4.217596e-12,3.397727e-12,1.3349e-13,2.045902e-12,3.301359e-12,2.283787e-12
4.291765e-05,3.3,3.3,1.2,0.00334154,3.29857,0.0009677105,1.474394e-07,1.2,1.531319e-11,3.300008,0.02937441,7.153932e-06,1.2,2.648184e-10,4.215956e-12,3.396838e-12,1.336126e-13,2.04818e-12,3.301803e-12,2.282912e-12
4.301765e-05,3.3,3.3,1.2,0.003332297,3.298563,0.0009717543,1.473075e-07,1.2,1.529971e-11,3.300008,0.02948827,7.151136e-06,1.2,2.647152e-10,4.212233e-12,3.397282e-12,1.334672e-13,2.047397e-12,3.301359e-12,2.282025e-12
4.311765e-05,3.3,3.3,1.2,0.003323078,3.298557,0.0009757967,1.471818e-07,1.2,1.528692e-11,3.300008,0.02960206,7.148389e-06,1.2,2.646136e-10,4.21261e-12,3.397282e-12,1.333643e-13,2.049922e-12,3.301803e-12,2.281153e-12
4.321765e-05,3.3,3.3,1.2,0.003313886,3.29855,0.0009798377,1.472915e-07,1.2,1.529812e-11,3.300008,0.02971578,7.145673e-06,1.2,2.645131e-10,4.210596e-12,3.396838e-12,1.334709e-13,2.049777e-12,3.301803e-12,2.280306e-12
4.331765e-05,3.3,3.3,1.2,0.003304718,3.298544,0.0009838772,1.471925e-07,1.2,1.528799e-11,3.300008,0.02982943,7.142999e-06,1.2,2.644139e-10,4.21195e-12,3.396394e-12,1.333681e-13,2.052548e-12,3.301803e-12,2.279466e-12
4.341765e-05,3.3,3.3,1.2,0.003295576,3.298538,0.0009879152,1.472031e-07,1.2,1.528908e-11,3.300008,0.02994301,7.140369e-06,1.2,2.643168e-10,4.211035e-12,3.396838e-12,1.333745e-13,2.052944e-12,3.301803e-12,2.278639e-12
4.351765e-05,3.3,3.3,1.2,0.003286459,3.298531,0.0009919517,1.472314e-07,1.2,1.5292e-11,3.300008,0.03005653,7.137781e-06,1.2,2.642211e-10,4.212905e-12,3.396838e-12,1.334229e-13,2.053641e-12,3.302247e-12,2.277843e-12
4.361765e-05,3.3,3.3,1.2,0.003277368,3.298525,0.0009959868,1.471502e-07,1.2,1.528365e-11,3.300008,0.03016998,7.13521e-06,1.2,2.641259e-10,4.21594e-12,3.396838e-12,1.33315e-13,2.054185e-12,3.301803e-12,2.27702e-12
4.371765e-05,3.3,3.3,1.2,0.0032683,3.298519,0.00100002,1.471028e-07,1.2,1.527888e-11,3.300008,0.03028337,7.132678e-06,1.2,2.640324e-10,4.215444e-12,3.397282e-12,1.333063e-13,2.055674e-12,3.301803e-12,2.276252e-12
4.381765e-05,3.3,3.3,1.2,0.003259231,3.298512,0.001004052,1.471119e-07,1.2,1.527979e-11,3.300008,0.03039668,7.130199e-06,1.2,2.639406e-10,4.218232e-12,3.397282e-12,1.333131e-13,2.056973e-12,3.301803e-12,2.27546e-12
4.391765e-05,3.3,3.3,1.2,0.003250141,3.298506,0.001008083,1.470825e-07,1.2,1.527678e-11,3.300008,0.03050994,7.127759e-06,1.2,2.638503e-10,4.218774e-12,3.397282e-12,1.332832e-13,2.058722e-12,3.301803e-12,2.27471e-12
4.401765e-05,3.3,3.3,1.2,0.003241082,3.2985,0.001012112,1.470261e-07,1.2,1.527104e-11,3.300008,0.03062313,7.125367e-06,1.2,2.637617e-10,4.221414e-12,3.397282e-12,1.332448e-13,2.057479e-12,3.301803e-12,2.273964e-12
4.411765e-05,3.3,3.3,1.2,0.003232394,3.298493,0.00101614,1.470454e-07,1.2,1.527299e-11,3.300008,0.03073625,7.123012e-06,1.2,2.636747e-10,4.223283e-12,3.397727e-12,1.332581e-13,2.059476e-12,3.301803e-12,2.27322e-12
4.421765e-05,3.3,3.3,1.2,0.00324442,3.298487,0.001020173,1.472569e-07,1.2,1.529453e-11,3.300008,0.03084931,7.120701e-06,1.2,2.635893e-10,4.308045e-12,3.407052e-12,1.33616e-13,2.061676e-12,3.302247e-12,2.272487e-12
4.431765e-05,3.3,3.3,1.2,0.003556577,3.298486,0.001024291,1.499533e-07,1.2,1.557151e-11,3.300008,0.03096231,7.118439e-06,1.2,2.635053e-10,4.838833e-12,3.463896e-12,1.36427e-13,2.06153e-12,3.301803e-12,2.271809e-12
4.441765e-05,3.3,3.3,1.2,0.003481658,3.298477,0.001028259,1.457672e-07,1.2,1.51414e-11,3.300008,0.03107524,7.116205e-06,1.2,2.634228e-10,4.566311e-12,3.434142e-12,1.331575e-13,2.064049e-12,3.301803e-12,2.271119e-12
4.451765e-05,3.3,3.3,1.2,0.003465358,3.298471,0.00103229,1.464663e-07,1.2,1.521326e-11,3.300008,0.03118811,7.11398e-06,1.2,2.633406e-10,3.860001e-12,3.359091e-12,1.321058e-13,2.063887e-12,3.301803e-12,2.270261e-12
4.458524e-05,3.3,3.3,1.2,0.00345884,3.298467,0.001035013,1.468214e-07,1.2,1.524976e-11,3.300008,0.03126436,7.112282e-06,1.2,2.632777e-10,3.500261e-12,3.320899e-12,1.315832e-13,2.065755e-12,3.301803e-12,2.269726e-12
4.464113e-05,3.3,3.3,1.2,0.003453481,3.298463,0.001037262,1.469556e-07,1.2,1.526369e-11,3.300008,0.03132741,7.110937e-06,1.2,2.632279e-10,3.443507e-12,3.315126e-12,1.315685e-13,2.064021e-12,3.301803e-12,2.269311e-12
4.469834e-05,3.3,3.3,1.2,0.003448012,3.29846,0.001039561,1.46966e-07,1.2,1.526474e-11,3.300008,0.0313919,7.109677e-06,1.2,2.631815e-10,3.4826e-12,3.318679e-12,1.316479e-13,2.069379e-12,3.301359e-12,2.269064e-12
4.479834e-05,3.3,3.3,1.2,0.003438474,3.298453,0.001043578,1.469008e-07,1.2,1.525791e-11,3.300008,0.0315046,7.107455e-06,1.2,2.63099e-10,3.508225e-12,3.321343e-12,1.316337e-13,2.071004e-12,3.302247e-12,2.26829e-12
4.489834e-05,3.3,3.3,1.2,0.003428962,3.298447,0.001047595,1.468055e-07,1.2,1.524841e-11,3.300008,0.03161724,7.105255e-06,1.2,2.630179e-10,3.534223e-12,3.324452e-12,1.315894e-13,2.071745e-12,3.301803e-12,2.267615e-12
4.499834e-05,3.3,3.3,1.2,0.003419477,3.29844,0.001051609,1.468455e-07,1.2,1.525253e-11,3.300008,0.03172981,7.103124e-06,1.2,2.629389e-10,3.554782e-12,3.326672e-12,1.317044e-13,2.072916e-12,3.301803e-12,2.266977e-12
4.509834e-05,3.3,3.3,1.2,0.003410017,3.298434,0.001055623,1.467708e-07,1.2,1.524484e-11,3.300008,0.03184233,7.101087e-06,1.2,2.628634e-10,3.57273e-12,3.328005e-12,1.316695e-13,2.071219e-12,3.301803e-12,2.266361e-12
4.519834e-05,3.3,3.3,1.2,0.003400584,3.298428,0.001059634,1.467802e-07,1.2,1.524557e-11,3.300008,0.03195479,7.09897e-06,1.2,2.627851e-10,3.59047e-12,3.330225e-12,1.316958e-13,2.072779e-12,3.302247e-12,2.265467e-12
4.529834e-05,3.3,3.3,1.2,0.003391177,3.298421,0.001063645,1.467801e-07,1.2,1.524581e-11,3.300008,0.03206719,7.096659e-06,1.2,2.626998e-10,3.602901e-12,3.331113e-12,1.31738e-13,2.074697e-12,3.301803e-12,2.265017e-12
4.539834e-05,3.3,3.3,1.2,0.003381796,3.298415,0.001067654,1.468116e-07,1.2,1.524878e-11,3.300008,0.03217953,7.094719e-06,1.2,2.62628e-10,3.616117e-12,3.33289e-12,1.317944e-13,2.079664e-12,3.301803e-12,2.264183e-12
4.549834e-05,3.3,3.3,1.2,0.003372441,3.298409,0.001071661,1.467435e-07,1.2,1.52418e-11,3.300008,0.03229181,7.092433e-06,1.2,2.625434e-10,3.625442e-12,3.334222e-12,1.317311e-13,2.078953e-12,3.302247e-12,2.263489e-12
4.559834e-05,3.3,3.3,1.2,0.003363112,3.298402,0.001075667,1.466613e-07,1.2,1.523366e-11,3.300008,0.03240403,7.090476e-06,1.2,2.62471e-10,3.636064e-12,3.33511e-12,1.316798e-13,2.081252e-12,3.301359e-12,2.262868e-12
4.569834e-05,3.3,3.3,1.2,0.003353809,3.298396,0.001079672,1.466455e-07,1.2,1.523185e-11,3.300008,0.0325162,7.088428e-06,1.2,2.623953e-10,3.642424e-12,3.336442e-12,1.317206e-13,2.081008e-12,3.301359e-12,2.262504e-12
4.579834e-05,3.3,3.3,1.2,0.003344531,3.29839,0.001083675,1.466209e-07,1.2,1.522949e-11,3.300008,0.03262831,7.086418e-06,1.2,2.62321e-10,3.651429e-12,3.336886e-12,1.316761e-13,2.083876e-12,3.301803e-12,2.261642e-12
4.589834e-05,3.3,3.3,1.2,0.003335279,3.298383,0.001087677,1.465803e-07,1.2,1.522516e-11,3.300008,0.03274036,7.084752e-06,1.2,2.622593e-10,3.656401e-12,3.337775e-12,1.316568e-13,2.084061e-12,3.301359e-12,2.261345e-12
4.599834e-05,3.3,3.3,1.2,0.003326053,3.298377,0.001091677,1.465796e-07,1.2,1.522511e-11,3.300008,0.03285236,7.082809e-06,1.2,2.621874e-10,3.664225e-12,3.338219e-12,1.316854e-13,2.084092e-12,3.301803e-12,2.2605e-12
4.609834e-05,3.3,3.3,1.2,0.003316852,3.29837,0.001095676,1.465845e-07,1.2,1.522558e-11,3.300008,0.0329643,7.080893e-06,1.2,2.621167e-10,3.668427e-12,3.338663e-12,1.316968e-13,2.084546e-12,3.301803e-12,2.260155e-12
4.619834e-05,3.3,3.3,1.2,0.003307676,3.298364,0.001099673,1.465714e-07,1.2,1.522425e-11,3.300008,0.03307618,7.079014e-06,1.2,2.620471e-10,3.674889e-12,3.338663e-12,1.316998e-13,2.085261e-12,3.302247e-12,2.259333e-12
4.629834e-05,3.3,3.3,1.2,0.003298526,3.298358,0.001103669,1.464461e-07,1.2,1.521123e-11,3.300008,0.03318801,7.077466e-06,1.2,2.619898e-10,3.678983e-12,3.339551e-12,1.315904e-13,2.086128e-12,3.301803e-12,2.25907e-12
4.639834e-05,3.3,3.3,1.2,0.003289401,3.298351,0.001107663,1.464747e-07,1.2,1.521418e-11,3.300008,0.03329979,7.075615e-06,1.2,2.619213e-10,3.682338e-12,3.340883e-12,1.316463e-13,2.087005e-12,3.302247e-12,2.258262e-12
4.649834e-05,3.3,3.3,1.2,0.003280301,3.298345,0.001111656,1.464426e-07,1.2,1.521106e-11,3.300008,0.03341151,7.073974e-06,1.2,2.618605e-10,3.688499e-12,3.341327e-12,1.315938e-13,2.088466e-12,3.301803e-12,2.257742e-12
4.659834e-05,3.3,3.3,1.2,0.003271218,3.298339,0.001115648,1.464124e-07,1.2,1.520781e-11,3.300008,0.03352318,7.072216e-06,1.2,2.617955e-10,3.69192e-12,3.341327e-12,1.315964e-13,2.089702e-12,3.301803e-12,2.257432e-12
4.669834e-05,3.3,3.3,1.2,0.00326211,3.298332,0.001119638,1.463454e-07,1.2,1.520096e-11,3.300008,0.0336348,7.070458e-06,1.2,2.617304e-10,3.698791e-12,3.341327e-12,1.315356e-13,2.091558e-12,3.301803e-12,2.256639e-12
4.679834e-05,3.3,3.3,1.2,0.003253013,3.298326,0.001123627,1.463977e-07,1.2,1.520629e-11,3.300009,0.03374636,7.068783e-06,1.2,2.616684e-10,3.70202e-12,3.342215e-12,1.315713e-13,2.090354e-12,3.301803e-12,2.256389e-12
4.689834e-05,3.3,3.3,1.2,0.003243983,3.29832,0.001127614,1.464561e-07,1.2,1.521229e-11,3.300009,0.03385787,7.067382e-06,1.2,2.616169e-10,3.706976e-12,3.342659e-12,1.316702e-13,2.092464e-12,3.302247e-12,2.255659e-12
4.699834e-05,3.3,3.3,1.2,0.003238452,3.298313,0.001131601,1.46336e-07,1.2,1.519999e-11,3.300009,0.03396933,7.065705e-06,1.2,2.615547e-10,3.7252e-12,3.34488e-12,1.315623e-13,2.094635e-12,3.301803e-12,2.255406e-12
4.709834e-05,3.3,3.3,1.2,0.003351946,3.298309,0.001135625,1.476584e-07,1.2,1.533598e-11,3.300009,0.03408074,7.064221e-06,1.2,2.614997e-10,4.129246e-12,3.387957e-12,1.33254e-13,2.093967e-12,3.301803e-12,2.254942e-12
4.719834e-05,3.3,3.3,1.2,0.003618463,3.298305,0.001139641,1.463561e-07,1.2,1.520213e-11,3.300009,0.0341921,7.062558e-06,1.2,2.614383e-10,2.67918e-12,3.232969e-12,1.293766e-13,2.093769e-12,3.301803e-12,2.254155e-12
4.729834e-05,3.3,3.3,1.2,0.003477682,3.298298,0.001143618,1.467234e-07,1.2,1.523999e-11,3.300009,0.0343034,7.061128e-06,1.2,2.613853e-10,3.406504e-12,3.310241e-12,1.31171e-13,2.09615e-12,3.301803e-12,2.253726e-12
4.737309e-05,3.3,3.3,1.2,0.00347025,3.298293,0.001146587,1.463702e-07,1.2,1.520344e-11,3.300009,0.03438657,7.060083e-06,1.2,2.613467e-10,3.828812e-12,3.355538e-12,1.317743e-13,2.097554e-12,3.301803e-12,2.253717e-12
4.743483e-05,3.3,3.3,1.2,0.003464331,3.298289,0.001149042,1.462007e-07,1.2,1.518617e-11,3.300009,0.03445524,7.059261e-06,1.2,2.613163e-10,3.964052e-12,3.370193e-12,1.319369e-13,2.097132e-12,3.301803e-12,2.253277e-12
4.750331e-05,3.3,3.3,1.2,0.003457769,3.298284,0.001151765,1.4621e-07,1.2,1.518711e-11,3.300009,0.03453139,7.05831e-06,1.2,2.612811e-10,3.979276e-12,3.371525e-12,1.320523e-13,2.096629e-12,3.301803e-12,2.252979e-12
4.758241e-05,3.3,3.3,1.2,0.003450201,3.298279,0.001154911,1.46235e-07,1.2,1.518965e-11,3.300009,0.03461932,7.057301e-06,1.2,2.612438e-10,3.969397e-12,3.370637e-12,1.320057e-13,2.09807e-12,3.301803e-12,2.25276e-12
4.768241e-05,3.3,3.3,1.2,0.003440656,3.298273,0.001158887,1.462231e-07,1.2,1.518842e-11,3.300009,0.03473043,7.055779e-06,1.2,2.611874e-10,3.958349e-12,3.369305e-12,1.319751e-13,2.098263e-12,3.301359e-12,2.252058e-12
4.778241e-05,3.3,3.3,1.2,0.003431138,3.298267,0.001162862,1.461627e-07,1.2,1.518228e-11,3.300009,0.0348415,7.054176e-06,1.2,2.611281e-10,3.950218e-12,3.368861e-12,1.319165e-13,2.098904e-12,3.301359e-12,2.251549e-12
4.788241e-05,3.3,3.3,1.2,0.003421646,3.29826,0.001166835,1.461983e-07,1.2,1.51859e-11,3.300009,0.03495251,7.052777e-06,1.2,2.610765e-10,3.940195e-12,3.367528e-12,1.319273e-13,2.099996e-12,3.301359e-12,2.251409e-12
4.798241e-05,3.3,3.3,1.2,0.003412181,3.298254,0.001170806,1.462011e-07,1.2,1.51862e-11,3.300009,0.03506348,7.051381e-06,1.2,2.610249e-10,3.934574e-12,3.367084e-12,1.319203e-13,2.098155e-12,3.301803e-12,2.250688e-12
4.808241e-05,3.3,3.3,1.2,0.003402742,3.298247,0.001174776,1.461392e-07,1.2,1.517988e-11,3.300009,0.0351744,7.050322e-06,1.2,2.609856e-10,3.92731e-12,3.365752e-12,1.318591e-13,2.102388e-12,3.302247e-12,2.250609e-12
4.818241e-05,3.3,3.3,1.2,0.003393328,3.298241,0.001178745,1.461362e-07,1.2,1.51796e-11,3.300009,0.03528527,7.048944e-06,1.2,2.609346e-10,3.924469e-12,3.365752e-12,1.318699e-13,2.103901e-12,3.301803e-12,2.249924e-12
4.828241e-05,3.3,3.3,1.2,0.003383941,3.298235,0.001182712,1.460962e-07,1.2,1.517545e-11,3.300009,0.0353961,7.04777e-06,1.2,2.608913e-10,3.921864e-12,3.365308e-12,1.317922e-13,2.10546e-12,3.302247e-12,2.249547e-12
4.838241e-05,3.3,3.3,1.2,0.00337458,3.298228,0.001186678,1.460577e-07,1.2,1.517155e-11,3.300009,0.03550688,7.046465e-06,1.2,2.608429e-10,3.918021e-12,3.365308e-12,1.317378e-13,2.10431e-12,3.302247e-12,2.249428e-12
4.848241e-05,3.3,3.3,1.2,0.003365245,3.298222,0.001190642,1.460827e-07,1.2,1.517394e-11,3.300009,0.03561761,7.04548e-06,1.2,2.608067e-10,3.917845e-12,3.364864e-12,1.317929e-13,2.106414e-12,3.301803e-12,2.248839e-12
4.858241e-05,3.3,3.3,1.2,0.003355936,3.298216,0.001194606,1.459219e-07,1.2,1.515744e-11,3.300009,0.0357283,7.044197e-06,1.2,2.607592e-10,3.915509e-12,3.364864e-12,1.315953e-13,2.108278e-12,3.302247e-12,2.248709e-12
4.868241e-05,3.3,3.3,1.2,0.003346652,3.298209,0.001198567,1.459193e-07,1.2,1.515705e-11,3.300009,0.03583894,7.042947e-06,1.2,2.607127e-10,3.916033e-12,3.364864e-12,1.316369e-13,2.107681e-12,3.301803e-12,2.248065e-12
4.878241e-05,3.3,3.3,1.2,0.003337394,3.298203,0.001202527,1.459977e-07,1.2,1.516523e-11,3.300009,0.03594953,7.042039e-06,1.2,2.606792e-10,3.914261e-12,3.36442e-12,1.317099e-13,2.113165e-12,3.301359e-12,2.248025e-12
4.888241e-05,3.3,3.3,1.2,0.003328161,3.298197,0.001206486,1.460587e-07,1.2,1.517167e-11,3.300009,0.03606008,7.040813e-06,1.2,2.606338e-10,3.915152e-12,3.36442e-12,1.317585e-13,2.112906e-12,3.301803e-12,2.247389e-12
4.898241e-05,3.3,3.3,1.2,0.003318954,3.29819,0.001210443,1.459917e-07,1.2,1.516481e-11,3.300009,0.03617059,7.039959e-06,1.2,2.606023e-10,3.914116e-12,3.364864e-12,1.316752e-13,2.112608e-12,3.302247e-12,2.24739e-12
4.908241e-05,3.3,3.3,1.2,0.003309773,3.298184,0.001214399,1.458234e-07,1.2,1.514721e-11,3.300009,0.03628105,7.038803e-06,1.2,2.605595e-10,3.915994e-12,3.364864e-12,1.315188e-13,2.115556e-12,3.301803e-12,2.246776e-12
4.918241e-05,3.3,3.3,1.2,0.003300617,3.298177,0.001218353,1.459069e-07,1.2,1.515579e-11,3.300009,0.03639146,7.037828e-06,1.2,2.605235e-10,3.914607e-12,3.364864e-12,1.316371e-13,2.115577e-12,3.301803e-12,2.24646e-12
4.928241e-05,3.3,3.3,1.2,0.003291486,3.298171,0.001222306,1.459001e-07,1.2,1.515526e-11,3.300009,0.03650184,7.03673e-06,1.2,2.60483e-10,3.916702e-12,3.36442e-12,1.316187e-13,2.115936e-12,3.302247e-12,2.246414e-12
4.938241e-05,3.3,3.3,1.2,0.003282378,3.298165,0.001226258,1.458433e-07,1.2,1.514943e-11,3.300009,0.03661217,7.035659e-06,1.2,2.604431e-10,3.916121e-12,3.36442e-12,1.315335e-13,2.116309e-12,3.301359e-12,2.245817e-12
4.948241e-05,3.3,3.3,1.2,0.003273265,3.298158,0.001230208,1.457462e-07,1.2,1.513933e-11,3.300009,0.03672245,7.034803e-06,1.2,2.604116e-10,3.915517e-12,3.364864e-12,1.31502e-13,2.116401e-12,3.301803e-12,2.245537e-12
4.958241e-05,3.3,3.3,1.2,0.003264135,3.298152,0.001234157,1.458177e-07,1.2,1.514664e-11,3.300009,0.0368327,7.033807e-06,1.2,2.603746e-10,3.918251e-12,3.364864e-12,1.315289e-13,2.117453e-12,3.301803e-12,2.245518e-12
4.968241e-05,3.3,3.3,1.2,0.003255039,3.298146,0.001238104,1.458255e-07,1.2,1.514746e-11,3.300009,0.0369429,7.032997e-06,1.2,2.603448e-10,3.91783e-12,3.364864e-12,1.315587e-13,2.118148e-12,3.301803e-12,2.24526e-12
4.978241e-05,3.3,3.3,1.2,0.003246504,3.298139,0.001242051,1.458046e-07,1.2,1.51453e-11,3.300009,0.03705306,7.031995e-06,1.2,2.603075e-10,3.92271e-12,3.364864e-12,1.315396e-13,2.119119e-12,3.301803e-12,2.244672e-12
4.988241e-05,3.3,3.3,1.2,0.003267353,3.298133,0.001246005,1.461005e-07,1.2,1.517565e-11,3.300009,0.03716318,7.031353e-06,1.2,2.60284e-10,4.035974e-12,3.377298e-12,1.319489e-13,2.120128e-12,3.301803e-12,2.244727e-12
4.998241e-05,3.3,3.3,1.2,0.003613821,3.298132,0.001250047,1.486739e-07,1.2,1.544012e-11,3.300009,0.03727325,7.030529e-06,1.2,2.602533e-10,4.401405e-12,3.416378e-12,1.343534e-13,2.121454e-12,3.302247e-12,2.244474e-12
5.008241e-05,3.3,3.3,1.2,0.003490813,3.298123,0.001253935,1.451666e-07,1.2,1.507984e-11,3.300009,0.03738329,7.029612e-06,1.2,2.602195e-10,4.996498e-12,3.479883e-12,1.333505e-13,2.123048e-12,3.302247e-12,2.243948e-12
5.017304e-05,3.3,3.3,1.2,0.003479984,3.298118,0.001257509,1.454844e-07,1.2,1.51126e-11,3.300009,0.03748297,7.029017e-06,1.2,2.601975e-10,4.747918e-12,3.453238e-12,1.330494e-13,2.122299e-12,3.301803e-12,2.243865e-12
5.024034e-05,3.3,3.3,1.2,0.003473485,3.298113,0.001260162,1.45611e-07,1.2,1.512549e-11,3.300009,0.03755698,7.028546e-06,1.2,2.601799e-10,4.611391e-12,3.438139e-12,1.328465e-13,2.123919e-12,3.301359e-12,2.243853e-12
5.029438e-05,3.3,3.3,1.2,0.003468286,3.29811,0.00126229,1.456298e-07,1.2,1.512741e-11,3.300009,0.03761639,7.028271e-06,1.2,2.601698e-10,4.556758e-12,3.433698e-12,1.327362e-13,2.125052e-12,3.301803e-12,2.243666e-12
5.035089e-05,3.3,3.3,1.2,0.003462861,3.298106,0.001264516,1.456491e-07,1.2,1.512937e-11,3.300009,0.03767851,7.027953e-06,1.2,2.601581e-10,4.542897e-12,3.431477e-12,1.327315e-13,2.123604e-12,3.301803e-12,2.243528e-12
5.045089e-05,3.3,3.3,1.2,0.003453282,3.2981,0.001268452,1.455879e-07,1.2,1.51231e-11,3.300009,0.03778839,7.027005e-06,1.2,2.601231e-10,4.540871e-12,3.431477e-12,1.326584e-13,2.125443e-12,3.301803e-12,2.243138e-12
5.055089e-05,3.3,3.3,1.2,0.003443729,3.298094,0.001272387,1.45594e-07,1.2,1.512379e-11,3.300009,0.03789824,7.026036e-06,1.2,2.60087e-10,4.541706e-12,3.431033e-12,1.32695e-13,2.12764e-12,3.301803e-12,2.242877e-12
5.065089e-05,3.3,3.3,1.2,0.003434203,3.298087,0.00127632,1.455665e-07,1.2,1.512092e-11,3.300009,0.03800805,7.025312e-06,1.2,2.600605e-10,4.54153e-12,3.431033e-12,1.326467e-13,2.129828e-12,3.301803e-12,2.242932e-12
5.075089e-05,3.3,3.3,1.2,0.003424703,3.298081,0.001280253,1.456239e-07,1.2,1.512679e-11,3.300009,0.03811782,7.02462e-06,1.2,2.600347e-10,4.544535e-12,3.431477e-12,1.326869e-13,2.129106e-12,3.301803e-12,2.242454e-12
5.085089e-05,3.3,3.3,1.2,0.003415229,3.298075,0.001284183,1.455551e-07,1.2,1.511981e-11,3.300009,0.03822755,7.0241e-06,1.2,2.600156e-10,4.54592e-12,3.431921e-12,1.32653e-13,2.131718e-12,3.301359e-12,2.242269e-12
5.095089e-05,3.3,3.3,1.2,0.003405782,3.298068,0.001288113,1.454941e-07,1.2,1.511355e-11,3.300009,0.03833724,7.023448e-06,1.2,2.599915e-10,4.550671e-12,3.43281e-12,1.325858e-13,2.131342e-12,3.301803e-12,2.24235e-12
5.105089e-05,3.3,3.3,1.2,0.00339636,3.298062,0.00129204,1.454937e-07,1.2,1.511356e-11,3.300009,0.03844689,7.023074e-06,1.2,2.599777e-10,4.552712e-12,3.43281e-12,1.326227e-13,2.134213e-12,3.301803e-12,2.24194e-12
5.115089e-05,3.3,3.3,1.2,0.003386965,3.298055,0.001295967,1.454552e-07,1.2,1.51096e-11,3.300009,0.03855651,7.022415e-06,1.2,2.599533e-10,4.558027e-12,3.43281e-12,1.325947e-13,2.134386e-12,3.301803e-12,2.242025e-12
5.125089e-05,3.3,3.3,1.2,0.003377596,3.298049,0.001299892,1.454628e-07,1.2,1.511037e-11,3.300009,0.03866608,7.021747e-06,1.2,2.599285e-10,4.560536e-12,3.43281e-12,1.326067e-13,2.134682e-12,3.301803e-12,2.24154e-12
5.135089e-05,3.3,3.3,1.2,0.003368253,3.298043,0.001303816,1.454091e-07,1.2,1.510489e-11,3.300009,0.03877562,7.021287e-06,1.2,2.599116e-10,4.565958e-12,3.433254e-12,1.325584e-13,2.134659e-12,3.301803e-12,2.241395e-12
5.145089e-05,3.3,3.3,1.2,0.003358935,3.298036,0.001307738,1.452274e-07,1.2,1.508594e-11,3.300009,0.03888513,7.020732e-06,1.2,2.59891e-10,4.568724e-12,3.434142e-12,1.324337e-13,2.135361e-12,3.302247e-12,2.241525e-12
5.155089e-05,3.3,3.3,1.2,0.003349643,3.29803,0.001311659,1.453625e-07,1.2,1.510013e-11,3.300009,0.03899459,7.020473e-06,1.2,2.598814e-10,4.575065e-12,3.43503e-12,1.325525e-13,2.13583e-12,3.301803e-12,2.241162e-12
5.165089e-05,3.3,3.3,1.2,0.003340377,3.298024,0.001315578,1.453196e-07,1.2,1.509552e-11,3.300009,0.03910402,7.01993e-06,1.2,2.598613e-10,4.578496e-12,3.434586e-12,1.325168e-13,2.136531e-12,3.302247e-12,2.241285e-12
5.175089e-05,3.3,3.3,1.2,0.003331137,3.298017,0.001319496,1.453192e-07,1.2,1.509552e-11,3.300009,0.03921342,7.019372e-06,1.2,2.598405e-10,4.584568e-12,3.435474e-12,1.325428e-13,2.137443e-12,3.302247e-12,2.240841e-12
5.185089e-05,3.3,3.3,1.2,0.003321922,3.298011,0.001323413,1.452912e-07,1.2,1.509262e-11,3.300009,0.03932278,7.01901e-06,1.2,2.598273e-10,4.587841e-12,3.436362e-12,1.32507e-13,2.1385e-12,3.302247e-12,2.240696e-12
5.195089e-05,3.3,3.3,1.2,0.003312732,3.298004,0.001327328,1.45286e-07,1.2,1.509212e-11,3.300009,0.0394321,7.018514e-06,1.2,2.598091e-10,4.591903e-12,3.43725e-12,1.325203e-13,2.139613e-12,3.301803e-12,2.240868e-12
5.205089e-05,3.3,3.3,1.2,0.003303568,3.297998,0.001331242,1.452789e-07,1.2,1.509138e-11,3.300009,0.03954139,7.018364e-06,1.2,2.598035e-10,4.598187e-12,3.43725e-12,1.325202e-13,2.140637e-12,3.301803e-12,2.240527e-12
5.215089e-05,3.3,3.3,1.2,0.003294429,3.297992,0.001335155,1.452349e-07,1.2,1.508689e-11,3.300009,0.03965064,7.017895e-06,1.2,2.597861e-10,4.60152e-12,3.437695e-12,1.324827e-13,2.142055e-12,3.302247e-12,2.240667e-12
5.225089e-05,3.3,3.3,1.2,0.003285308,3.297985,0.001339066,1.451515e-07,1.2,1.507834e-11,3.30001,0.03975985,7.01743e-06,1.2,2.597687e-10,4.608451e-12,3.438139e-12,1.323816e-13,2.140518e-12,3.301359e-12,2.240248e-12
5.235089e-05,3.3,3.3,1.2,0.003276162,3.297979,0.001342976,1.451709e-07,1.2,1.508015e-11,3.30001,0.03986904,7.01717e-06,1.2,2.597592e-10,4.61341e-12,3.438583e-12,1.324687e-13,2.145232e-12,3.301803e-12,2.240162e-12
5.245089e-05,3.3,3.3,1.2,0.003267026,3.297973,0.001346884,1.451919e-07,1.2,1.508227e-11,3.30001,0.03997819,7.016906e-06,1.2,2.597495e-10,4.617075e-12,3.439471e-12,1.32463e-13,2.147169e-12,3.301359e-12,2.240082e-12
5.255089e-05,3.3,3.3,1.2,0.003257952,3.297966,0.001350791,1.452011e-07,1.2,1.508326e-11,3.30001,0.0400873,7.016525e-06,1.2,2.597353e-10,4.62272e-12,3.439027e-12,1.325106e-13,2.145883e-12,3.301359e-12,2.240267e-12
5.265089e-05,3.3,3.3,1.2,0.003252048,3.29796,0.001354698,1.450666e-07,1.2,1.50695e-11,3.30001,0.04019638,7.016435e-06,1.2,2.597321e-10,4.6405e-12,3.441691e-12,1.323971e-13,2.14743e-12,3.301803e-12,2.239953e-12
5.275089e-05,3.3,3.3,1.2,0.003357349,3.297956,0.001358639,1.463404e-07,1.2,1.520038e-11,3.30001,0.04030543,7.016068e-06,1.2,2.597185e-10,5.022589e-12,3.482103e-12,1.340516e-13,2.149624e-12,3.301359e-12,2.240123e-12
5.285089e-05,3.3,3.3,1.2,0.003640086,3.297952,0.001362582,1.454198e-07,1.2,1.510608e-11,3.30001,0.04041444,7.015894e-06,1.2,2.597121e-10,3.677019e-12,3.338663e-12,1.306245e-13,2.148763e-12,3.301803e-12,2.240065e-12
5.295089e-05,3.3,3.3,1.2,0.003491409,3.297945,0.001366476,1.45633e-07,1.2,1.512775e-11,3.30001,0.04052342,7.015834e-06,1.2,2.597099e-10,4.587714e-12,3.435474e-12,1.327118e-13,2.153996e-12,3.301359e-12,2.239787e-12
5.302358e-05,3.3,3.3,1.2,0.00348415,3.29794,0.001369303,1.452589e-07,1.2,1.508929e-11,3.30001,0.04060262,7.015607e-06,1.2,2.597013e-10,5.104092e-12,3.490541e-12,1.335112e-13,2.152787e-12,3.301803e-12,2.239881e-12
5.308769e-05,3.3,3.3,1.2,0.003477979,3.297936,0.0013718,1.450908e-07,1.2,1.507189e-11,3.30001,0.04067245,7.015611e-06,1.2,2.597014e-10,5.244424e-12,3.506084e-12,1.336834e-13,2.153716e-12,3.301359e-12,2.240072e-12
5.315287e-05,3.3,3.3,1.2,0.003471709,3.297931,0.001374341,1.450105e-07,1.2,1.506371e-11,3.30001,0.04074344,7.015598e-06,1.2,2.59701e-10,5.252982e-12,3.506528e-12,1.33676e-13,2.153779e-12,3.301359e-12,2.239954e-12
5.322843e-05,3.3,3.3,1.2,0.00346445,3.297927,0.001377285,1.449671e-07,1.2,1.505928e-11,3.30001,0.04082572,7.015406e-06,1.2,2.596939e-10,5.232473e-12,3.504308e-12,1.335872e-13,2.154646e-12,3.302247e-12,2.239791e-12
5.332843e-05,3.3,3.3,1.2,0.003454866,3.29792,0.001381181,1.449579e-07,1.2,1.505835e-11,3.30001,0.04093458,7.015066e-06,1.2,2.596814e-10,5.215555e-12,3.502532e-12,1.335685e-13,2.154543e-12,3.301803e-12,2.239594e-12
5.342843e-05,3.3,3.3,1.2,0.003445309,3.297914,0.001385076,1.449669e-07,1.2,1.505922e-11,3.30001,0.0410434,7.014871e-06,1.2,2.596743e-10,5.202974e-12,3.501643e-12,1.335451e-13,2.157325e-12,3.301803e-12,2.239804e-12
5.352843e-05,3.3,3.3,1.2,0.003435778,3.297907,0.001388969,1.448777e-07,1.2,1.505009e-11,3.30001,0.0411522,7.014691e-06,1.2,2.596676e-10,5.189752e-12,3.500311e-12,1.334117e-13,2.157033e-12,3.301803e-12,2.239496e-12
5.362843e-05,3.3,3.3,1.2,0.003426273,3.297901,0.001392861,1.449061e-07,1.2,1.505306e-11,3.30001,0.04126096,7.014816e-06,1.2,2.596723e-10,5.180889e-12,3.498979e-12,1.334429e-13,2.15693e-12,3.301803e-12,2.23978e-12
5.372843e-05,3.3,3.3,1.2,0.003416795,3.297895,0.001396751,1.449741e-07,1.2,1.505998e-11,3.30001,0.0413697,7.014673e-06,1.2,2.596669e-10,5.172333e-12,3.498535e-12,1.334874e-13,2.157213e-12,3.301359e-12,2.23949e-12
5.382843e-05,3.3,3.3,1.2,0.003407343,3.297888,0.00140064,1.448753e-07,1.2,1.50499e-11,3.30001,0.0414784,7.014828e-06,1.2,2.596727e-10,5.168294e-12,3.497203e-12,1.333855e-13,2.157391e-12,3.302247e-12,2.239786e-12
5.392843e-05,3.3,3.3,1.2,0.003397918,3.297882,0.001404528,1.4483e-07,1.2,1.504526e-11,3.30001,0.04158707,7.014698e-06,1.2,2.596679e-10,5.162873e-12,3.497203e-12,1.333196e-13,2.160603e-12,3.302247e-12,2.239521e-12
5.402843e-05,3.3,3.3,1.2,0.003388518,3.297876,0.001408414,1.448098e-07,1.2,1.504323e-11,3.30001,0.04169571,7.014882e-06,1.2,2.596747e-10,5.161611e-12,3.496314e-12,1.333015e-13,2.160932e-12,3.301359e-12,2.239817e-12
5.412843e-05,3.3,3.3,1.2,0.003379144,3.297869,0.001412299,1.448361e-07,1.2,1.504589e-11,3.30001,0.04180432,7.014778e-06,1.2,2.596708e-10,5.158382e-12,3.496314e-12,1.333019e-13,2.161367e-12,3.301803e-12,2.239558e-12
5.422843e-05,3.3,3.3,1.2,0.003369796,3.297863,0.001416183,1.447463e-07,1.2,1.503677e-11,3.30001,0.0419129,7.014863e-06,1.2,2.596739e-10,5.158995e-12,3.496758e-12,1.332416e-13,2.162084e-12,3.301803e-12,2.239573e-12
5.432843e-05,3.3,3.3,1.2,0.003360475,3.297856,0.001420065,1.447464e-07,1.2,1.503676e-11,3.30001,0.04202146,7.014822e-06,1.2,2.596725e-10,5.157843e-12,3.496758e-12,1.332349e-13,2.162861e-12,3.301803e-12,2.239842e-12
5.442843e-05,3.3,3.3,1.2,0.003351178,3.29785,0.001423946,1.447112e-07,1.2,1.503317e-11,3.30001,0.04212998,7.014781e-06,1.2,2.596709e-10,5.156873e-12,3.496314e-12,1.331974e-13,2.163783e-12,3.301359e-12,2.239593e-12
5.452843e-05,3.3,3.3,1.2,0.003341908,3.297844,0.001427825,1.4468e-07,1.2,1.503e-11,3.30001,0.04223847,7.01508e-06,1.2,2.596819e-10,5.159065e-12,3.496314e-12,1.331829e-13,2.164623e-12,3.301359e-12,2.239921e-12
5.462843e-05,3.3,3.3,1.2,0.003332663,3.297837,0.001431703,1.447085e-07,1.2,1.503289e-11,3.30001,0.04234693,7.015082e-06,1.2,2.59682e-10,5.15901e-12,3.496314e-12,1.331987e-13,2.165846e-12,3.301359e-12,2.239702e-12
5.472843e-05,3.3,3.3,1.2,0.003323444,3.297831,0.00143558,1.446087e-07,1.2,1.502251e-11,3.30001,0.04245537,7.015411e-06,1.2,2.596941e-10,5.159058e-12,3.496758e-12,1.331364e-13,2.163998e-12,3.301803e-12,2.240039e-12
5.482843e-05,3.3,3.3,1.2,0.00331425,3.297825,0.001439455,1.44545e-07,1.2,1.501581e-11,3.30001,0.04256377,7.015388e-06,1.2,2.596932e-10,5.162473e-12,3.497203e-12,1.331124e-13,2.165232e-12,3.301803e-12,2.23979e-12
5.492843e-05,3.3,3.3,1.2,0.003305081,3.297818,0.001443329,1.446643e-07,1.2,1.502839e-11,3.30001,0.04267215,7.015581e-06,1.2,2.597003e-10,5.162503e-12,3.496758e-12,1.332171e-13,2.166777e-12,3.301803e-12,2.239874e-12
5.502843e-05,3.3,3.3,1.2,0.003295937,3.297812,0.001447201,1.446108e-07,1.2,1.502289e-11,3.30001,0.0427805,7.015653e-06,1.2,2.59703e-10,5.166054e-12,3.497203e-12,1.331355e-13,2.168025e-12,3.301359e-12,2.240155e-12
5.512843e-05,3.3,3.3,1.2,0.003286791,3.297806,0.001451072,1.445753e-07,1.2,1.50191e-11,3.30001,0.04288882,7.016038e-06,1.2,2.597171e-10,5.166953e-12,3.496758e-12,1.330846e-13,2.169548e-12,3.301803e-12,2.24001e-12
5.522843e-05,3.3,3.3,1.2,0.003277624,3.297799,0.001454942,1.445335e-07,1.2,1.501483e-11,3.30001,0.04299712,7.016137e-06,1.2,2.59721e-10,5.168095e-12,3.497647e-12,1.331213e-13,2.171156e-12,3.301803e-12,2.240345e-12
5.532843e-05,3.3,3.3,1.2,0.003268489,3.297793,0.00145881,1.445687e-07,1.2,1.501858e-11,3.30001,0.04310538,7.016536e-06,1.2,2.597359e-10,5.171924e-12,3.497647e-12,1.331014e-13,2.172769e-12,3.302247e-12,2.240198e-12
5.542843e-05,3.3,3.3,1.2,0.003259757,3.297786,0.001462677,1.4457e-07,1.2,1.501859e-11,3.30001,0.04321362,7.016636e-06,1.2,2.597396e-10,5.175239e-12,3.498091e-12,1.331444e-13,2.171353e-12,3.302247e-12,2.240489e-12
5.552843e-05,3.3,3.3,1.2,0.00327321,3.297781,0.001466551,1.447499e-07,1.2,1.503699e-11,3.30001,0.04332183,7.016794e-06,1.2,2.597453e-10,5.264229e-12,3.507417e-12,1.333932e-13,2.173435e-12,3.301359e-12,2.240328e-12
5.562843e-05,3.3,3.3,1.2,0.00359273,3.297779,0.001470509,1.474182e-07,1.2,1.531095e-11,3.30001,0.04343002,7.017159e-06,1.2,2.597587e-10,5.77003e-12,3.561595e-12,1.36179e-13,2.172647e-12,3.301803e-12,2.240418e-12
5.572843e-05,3.3,3.3,1.2,0.003507503,3.29777,0.001474316,1.434374e-07,1.2,1.490227e-11,3.30001,0.04353818,7.017669e-06,1.2,2.597776e-10,5.667701e-12,3.550937e-12,1.334447e-13,2.177934e-12,3.301803e-12,2.240858e-12
5.582315e-05,3.3,3.3,1.2,0.00349294,3.297764,0.001477982,1.440519e-07,1.2,1.496526e-11,3.30001,0.0436406,7.017875e-06,1.2,2.597853e-10,5.022556e-12,3.481659e-12,1.324389e-13,2.177057e-12,3.302247e-12,2.240777e-12
5.58898e-05,3.3,3.3,1.2,0.003486451,3.29776,0.00148056,1.443303e-07,1.2,1.499388e-11,3.30001,0.04371266,7.01813e-06,1.2,2.597949e-10,4.717494e-12,3.449685e-12,1.319791e-13,2.178493e-12,3.301803e-12,2.240896e-12
5.595313e-05,3.3,3.3,1.2,0.003480332,3.297756,0.001483005,1.444707e-07,1.2,1.500824e-11,3.30001,0.04378111,7.01846e-06,1.2,2.59807e-10,4.668571e-12,3.443912e-12,1.319876e-13,2.178172e-12,3.301803e-12,2.241042e-12
5.601546e-05,3.3,3.3,1.2,0.003474327,3.297752,0.001485411,1.444451e-07,1.2,1.500562e-11,3.30001,0.04384848,7.018679e-06,1.2,2.598151e-10,4.689157e-12,3.446576e-12,1.319834e-13,2.179743e-12,3.302247e-12,2.241114e-12
5.611546e-05,3.3,3.3,1.2,0.003464716,3.297746,0.001489268,1.444552e-07,1.2,1.500673e-11,3.30001,0.04395653,7.018853e-06,1.2,2.598215e-10,4.711719e-12,3.448797e-12,1.320646e-13,2.180835e-12,3.301803e-12,2.241008e-12
5.621546e-05,3.3,3.3,1.2,0.003455132,3.29774,0.001493124,1.44393e-07,1.2,1.500034e-11,3.30001,0.04406457,7.018991e-06,1.2,2.598266e-10,4.7315e-12,3.451461e-12,1.320444e-13,2.180427e-12,3.301359e-12,2.241068e-12
5.631546e-05,3.3,3.3,1.2,0.003445574,3.297733,0.001496979,1.443716e-07,1.2,1.499812e-11,3.30001,0.04417257,7.019457e-06,1.2,2.598437e-10,4.752384e-12,3.453238e-12,1.320231e-13,2.180003e-12,3.301803e-12,2.241196e-12
5.641546e-05,3.3,3.3,1.2,0.003436043,3.297727,0.001500832,1.443419e-07,1.2,1.499517e-11,3.30001,0.04428055,7.01978e-06,1.2,2.598556e-10,4.768257e-12,3.455014e-12,1.320693e-13,2.182626e-12,3.301359e-12,2.241612e-12
5.651546e-05,3.3,3.3,1.2,0.003426538,3.297721,0.001504684,1.442947e-07,1.2,1.499027e-11,3.30001,0.0443885,7.020397e-06,1.2,2.598786e-10,4.782069e-12,3.456346e-12,1.320361e-13,2.182147e-12,3.301803e-12,2.241507e-12
5.661546e-05,3.3,3.3,1.2,0.003417059,3.297714,0.001508534,1.442068e-07,1.2,1.498135e-11,3.30001,0.04449643,7.020745e-06,1.2,2.598915e-10,4.794053e-12,3.457234e-12,1.320025e-13,2.18194e-12,3.301803e-12,2.2419e-12
5.671546e-05,3.3,3.3,1.2,0.003407607,3.297708,0.001512384,1.441782e-07,1.2,1.497841e-11,3.30001,0.04460434,7.02138e-06,1.2,2.599148e-10,4.807268e-12,3.459011e-12,1.320043e-13,2.184927e-12,3.301803e-12,2.241847e-12
5.681546e-05,3.3,3.3,1.2,0.00339818,3.297702,0.001516231,1.442415e-07,1.2,1.498486e-11,3.30001,0.04471222,7.02173e-06,1.2,2.599279e-10,4.816191e-12,3.459011e-12,1.320741e-13,2.184869e-12,3.302247e-12,2.242233e-12
5.691546e-05,3.3,3.3,1.2,0.00338878,3.297695,0.001520078,1.442002e-07,1.2,1.498066e-11,3.30001,0.04482007,7.022386e-06,1.2,2.599522e-10,4.824583e-12,3.460787e-12,1.320723e-13,2.185043e-12,3.302247e-12,2.242177e-12
5.701546e-05,3.3,3.3,1.2,0.003379406,3.297689,0.001523923,1.441789e-07,1.2,1.497847e-11,3.30001,0.04492791,7.022756e-06,1.2,2.599658e-10,4.831572e-12,3.462119e-12,1.320658e-13,2.185309e-12,3.301803e-12,2.242565e-12
5.711546e-05,3.3,3.3,1.2,0.003370057,3.297682,0.001527767,1.441323e-07,1.2,1.497371e-11,3.30001,0.04503571,7.023432e-06,1.2,2.599908e-10,4.84077e-12,3.463008e-12,1.320351e-13,2.18537e-12,3.301359e-12,2.242529e-12
5.721546e-05,3.3,3.3,1.2,0.003360735,3.297676,0.001531609,1.441391e-07,1.2,1.497442e-11,3.30001,0.0451435,7.023836e-06,1.2,2.60006e-10,4.846655e-12,3.462564e-12,1.320719e-13,2.191605e-12,3.302247e-12,2.242913e-12
5.731546e-05,3.3,3.3,1.2,0.003351438,3.29767,0.00153545,1.4417e-07,1.2,1.497755e-11,3.30001,0.04525125,7.024241e-06,1.2,2.600208e-10,4.853029e-12,3.46434e-12,1.321018e-13,2.19184e-12,3.301803e-12,2.242817e-12
5.741546e-05,3.3,3.3,1.2,0.003342167,3.297663,0.00153929,1.440889e-07,1.2,1.496924e-11,3.30001,0.04535899,7.025024e-06,1.2,2.600496e-10,4.860481e-12,3.46434e-12,1.319984e-13,2.192643e-12,3.301803e-12,2.243317e-12
5.751546e-05,3.3,3.3,1.2,0.003332921,3.297657,0.001543128,1.440344e-07,1.2,1.496354e-11,3.30001,0.0454667,7.025466e-06,1.2,2.60066e-10,4.865393e-12,3.465228e-12,1.31999e-13,2.192908e-12,3.301803e-12,2.243199e-12
5.761546e-05,3.3,3.3,1.2,0.003323701,3.297651,0.001546965,1.440655e-07,1.2,1.496668e-11,3.30001,0.04557439,7.02623e-06,1.2,2.600942e-10,4.870005e-12,3.465672e-12,1.32052e-13,2.193492e-12,3.301803e-12,2.243697e-12
5.771546e-05,3.3,3.3,1.2,0.003314507,3.297644,0.001550801,1.44081e-07,1.2,1.496847e-11,3.30001,0.04568206,7.0267e-06,1.2,2.601118e-10,4.876939e-12,3.465672e-12,1.320836e-13,2.19418e-12,3.301803e-12,2.24362e-12
5.781546e-05,3.3,3.3,1.2,0.003305337,3.297638,0.001554635,1.440556e-07,1.2,1.496583e-11,3.30001,0.0457897,7.027506e-06,1.2,2.601415e-10,4.881439e-12,3.467004e-12,1.32026e-13,2.194981e-12,3.301359e-12,2.244119e-12
5.791546e-05,3.3,3.3,1.2,0.003296183,3.297631,0.001558468,1.440032e-07,1.2,1.496015e-11,3.30001,0.04589732,7.027996e-06,1.2,2.601597e-10,4.886111e-12,3.467449e-12,1.320526e-13,2.195996e-12,3.301803e-12,2.244037e-12
5.801546e-05,3.3,3.3,1.2,0.003287002,3.297625,0.0015623,1.439497e-07,1.2,1.495483e-11,3.300011,0.04600492,7.028683e-06,1.2,2.601852e-10,4.891338e-12,3.467893e-12,1.319687e-13,2.193668e-12,3.301803e-12,2.244263e-12
5.811546e-05,3.3,3.3,1.2,0.003277837,3.297619,0.00156613,1.438914e-07,1.2,1.494886e-11,3.300011,0.04611249,7.029399e-06,1.2,2.602117e-10,4.895174e-12,3.469225e-12,1.3191e-13,2.19488e-12,3.301803e-12,2.244499e-12
5.821546e-05,3.3,3.3,1.2,0.003268757,3.297612,0.001569959,1.439114e-07,1.2,1.495077e-11,3.300011,0.04622005,7.030272e-06,1.2,2.602438e-10,4.901724e-12,3.468781e-12,1.319812e-13,2.195761e-12,3.301359e-12,2.245013e-12
5.831546e-05,3.3,3.3,1.2,0.003264503,3.297606,0.001573788,1.439683e-07,1.2,1.495675e-11,3.300011,0.04632758,7.030808e-06,1.2,2.602637e-10,4.926902e-12,3.471445e-12,1.320468e-13,2.196861e-12,3.301359e-12,2.244947e-12
5.841546e-05,3.3,3.3,1.2,0.003407231,3.297602,0.001577663,1.455795e-07,1.2,1.512219e-11,3.300011,0.04643509,7.031527e-06,1.2,2.602904e-10,5.398382e-12,3.522072e-12,1.34067e-13,2.1981e-12,3.301803e-12,2.245175e-12
5.851546e-05,3.3,3.3,1.2,0.003613677,3.297597,0.001581497,1.431222e-07,1.2,1.486981e-11,3.300011,0.04654257,7.032267e-06,1.2,2.603178e-10,3.690207e-12,3.339995e-12,1.288884e-13,2.19929e-12,3.301803e-12,2.245409e-12
5.861546e-05,3.3,3.3,1.2,0.003501756,3.29759,0.001585324,1.439326e-07,1.2,1.495322e-11,3.300011,0.04665004,7.032896e-06,1.2,2.603409e-10,3.785677e-12,3.350209e-12,1.296408e-13,2.197677e-12,3.302247e-12,2.245906e-12
5.868821e-05,3.3,3.3,1.2,0.003494479,3.297586,0.001588103,1.4396e-07,1.2,1.495599e-11,3.300011,0.0467282,7.033526e-06,1.2,2.603643e-10,3.912125e-12,3.363532e-12,1.299358e-13,2.203706e-12,3.301803e-12,2.245972e-12
5.874568e-05,3.3,3.3,1.2,0.003488921,3.297582,0.001590298,1.438709e-07,1.2,1.494667e-11,3.300011,0.04678994,7.034065e-06,1.2,2.603841e-10,3.994091e-12,3.372413e-12,1.299931e-13,2.202771e-12,3.301803e-12,2.246118e-12
5.880678e-05,3.3,3.3,1.2,0.003483022,3.297578,0.001592633,1.438088e-07,1.2,1.494032e-11,3.300011,0.04685558,7.034487e-06,1.2,2.603998e-10,4.03529e-12,3.376854e-12,1.300506e-13,2.203143e-12,3.302247e-12,2.246279e-12
5.88845e-05,3.3,3.3,1.2,0.003475532,3.297573,0.001595601,1.438757e-07,1.2,1.494715e-11,3.300011,0.04693906,7.035161e-06,1.2,2.604248e-10,4.058407e-12,3.379519e-12,1.301735e-13,2.202925e-12,3.301803e-12,2.246678e-12
5.89845e-05,3.3,3.3,1.2,0.003465917,3.297567,0.00159942,1.4378e-07,1.2,1.493736e-11,3.300011,0.04704644,7.035844e-06,1.2,2.604499e-10,4.070693e-12,3.380407e-12,1.300745e-13,2.205392e-12,3.301803e-12,2.2466e-12
5.90845e-05,3.3,3.3,1.2,0.003456329,3.29756,0.001603236,1.437589e-07,1.2,1.493529e-11,3.300011,0.04715381,7.036686e-06,1.2,2.604813e-10,4.079858e-12,3.381295e-12,1.301167e-13,2.20415e-12,3.301803e-12,2.246884e-12
5.91845e-05,3.3,3.3,1.2,0.003446768,3.297554,0.001607052,1.437434e-07,1.2,1.493364e-11,3.300011,0.04726116,7.037409e-06,1.2,2.605079e-10,4.087212e-12,3.383072e-12,1.301017e-13,2.208874e-12,3.301803e-12,2.247378e-12
5.92845e-05,3.3,3.3,1.2,0.003437233,3.297548,0.001610866,1.438213e-07,1.2,1.494161e-11,3.300011,0.04736848,7.038444e-06,1.2,2.605463e-10,4.095123e-12,3.383516e-12,1.301876e-13,2.207814e-12,3.301803e-12,2.247448e-12
5.93845e-05,3.3,3.3,1.2,0.003427724,3.297541,0.001614679,1.437573e-07,1.2,1.493506e-11,3.300011,0.04747579,7.039189e-06,1.2,2.605738e-10,4.099617e-12,3.383516e-12,1.301314e-13,2.209481e-12,3.301803e-12,2.24795e-12
5.94845e-05,3.3,3.3,1.2,0.003418242,3.297535,0.001618491,1.436497e-07,1.2,1.492408e-11,3.300011,0.04758307,7.039941e-06,1.2,2.606015e-10,4.102752e-12,3.383516e-12,1.300315e-13,2.211165e-12,3.301803e-12,2.247967e-12
5.95845e-05,3.3,3.3,1.2,0.003408786,3.297529,0.001622301,1.436477e-07,1.2,1.49239e-11,3.300011,0.04769033,7.041032e-06,1.2,2.606419e-10,4.108218e-12,3.38396e-12,1.300477e-13,2.210216e-12,3.301803e-12,2.248562e-12
5.96845e-05,3.3,3.3,1.2,0.003399356,3.297522,0.00162611,1.436544e-07,1.2,1.492457e-11,3.300011,0.04779758,7.041806e-06,1.2,2.606705e-10,4.110272e-12,3.384404e-12,1.300679e-13,2.209066e-12,3.301359e-12,2.248562e-12
5.97845e-05,3.3,3.3,1.2,0.003389952,3.297516,0.001629918,1.436339e-07,1.2,1.492246e-11,3.300011,0.0479048,7.042769e-06,1.2,2.607062e-10,4.112041e-12,3.384848e-12,1.300408e-13,2.208148e-12,3.301359e-12,2.248878e-12
5.98845e-05,3.3,3.3,1.2,0.003380574,3.297509,0.001633724,1.4363e-07,1.2,1.492209e-11,3.300011,0.048012,7.0436e-06,1.2,2.60737e-10,4.112559e-12,3.385292e-12,1.300532e-13,2.210073e-12,3.301803e-12,2.24941e-12
5.99845e-05,3.3,3.3,1.2,0.003371222,3.297503,0.001637529,1.436647e-07,1.2,1.49256e-11,3.300011,0.04811919,7.044424e-06,1.2,2.607674e-10,4.116039e-12,3.385292e-12,1.30074e-13,2.209259e-12,3.301803e-12,2.249414e-12
6.00845e-05,3.3,3.3,1.2,0.003361896,3.297497,0.001641332,1.436069e-07,1.2,1.491969e-11,3.300011,0.04822635,7.045565e-06,1.2,2.608096e-10,4.116707e-12,3.385292e-12,1.299989e-13,2.211804e-12,3.301359e-12,2.250029e-12
6.01845e-05,3.3,3.3,1.2,0.003352596,3.29749,0.001645135,1.435558e-07,1.2,1.491453e-11,3.300011,0.0483335,7.046394e-06,1.2,2.608402e-10,4.116805e-12,3.385292e-12,1.299831e-13,2.211048e-12,3.301359e-12,2.250051e-12
6.02845e-05,3.3,3.3,1.2,0.003343322,3.297484,0.001648936,1.434671e-07,1.2,1.490545e-11,3.300011,0.04844062,7.047549e-06,1.2,2.60883e-10,4.120129e-12,3.385736e-12,1.299063e-13,2.213402e-12,3.301803e-12,2.25067e-12
6.03845e-05,3.3,3.3,1.2,0.003334073,3.297478,0.001652735,1.434269e-07,1.2,1.490135e-11,3.300011,0.04854773,7.048399e-06,1.2,2.609144e-10,4.119841e-12,3.384848e-12,1.298688e-13,2.212877e-12,3.301359e-12,2.250678e-12
6.04845e-05,3.3,3.3,1.2,0.003324849,3.297471,0.001656533,1.434565e-07,1.2,1.490437e-11,3.300011,0.04865482,7.049576e-06,1.2,2.609581e-10,4.120202e-12,3.385292e-12,1.299012e-13,2.212394e-12,3.301359e-12,2.251325e-12
6.05845e-05,3.3,3.3,1.2,0.003315651,3.297465,0.00166033,1.434151e-07,1.2,1.490013e-11,3.300011,0.04876189,7.050449e-06,1.2,2.609902e-10,4.120216e-12,3.385736e-12,1.298524e-13,2.214849e-12,3.301803e-12,2.25135e-12
6.06845e-05,3.3,3.3,1.2,0.003306477,3.297458,0.001664126,1.434312e-07,1.2,1.49018e-11,3.300011,0.04886894,7.051666e-06,1.2,2.610354e-10,4.122474e-12,3.385736e-12,1.298851e-13,2.214529e-12,3.301803e-12,2.251997e-12
6.07845e-05,3.3,3.3,1.2,0.0032973,3.297452,0.00166792,1.43437e-07,1.2,1.490239e-11,3.300011,0.04897597,7.05269e-06,1.2,2.61073e-10,4.121947e-12,3.385736e-12,1.299042e-13,2.214151e-12,3.301359e-12,2.252334e-12
6.08845e-05,3.3,3.3,1.2,0.003288104,3.297446,0.001671713,1.434737e-07,1.2,1.490612e-11,3.300011,0.04908298,7.053714e-06,1.2,2.611111e-10,4.122018e-12,3.385736e-12,1.298937e-13,2.216818e-12,3.301803e-12,2.252659e-12
6.09845e-05,3.3,3.3,1.2,0.00327894,3.297439,0.001675505,1.433999e-07,1.2,1.489841e-11,3.300011,0.04918998,7.054618e-06,1.2,2.611445e-10,4.122063e-12,3.385736e-12,1.298608e-13,2.219387e-12,3.301803e-12,2.252721e-12
6.10845e-05,3.3,3.3,1.2,0.003270245,3.297433,0.001679295,1.433027e-07,1.2,1.488843e-11,3.300011,0.04929696,7.055893e-06,1.2,2.611917e-10,4.123986e-12,3.38618e-12,1.297561e-13,2.219315e-12,3.302247e-12,2.253373e-12
6.11845e-05,3.3,3.3,1.2,0.00328677,3.297427,0.001683093,1.436066e-07,1.2,1.491984e-11,3.300011,0.04940391,7.056855e-06,1.2,2.612274e-10,4.223543e-12,3.396394e-12,1.301726e-13,2.219184e-12,3.302247e-12,2.253441e-12
6.12845e-05,3.3,3.3,1.2,0.003619373,3.297426,0.001686977,1.461785e-07,1.2,1.518393e-11,3.300011,0.04951085,7.057871e-06,1.2,2.612647e-10,4.673871e-12,3.4448e-12,1.327286e-13,2.222048e-12,3.301803e-12,2.254063e-12
6.13845e-05,3.3,3.3,1.2,0.00351604,3.297417,0.001690708,1.423703e-07,1.2,1.479254e-11,3.300011,0.04961778,7.05914e-06,1.2,2.613118e-10,4.891652e-12,3.467893e-12,1.307443e-13,2.222126e-12,3.301803e-12,2.254155e-12
6.147718e-05,3.3,3.3,1.2,0.003503491,3.297411,0.001694222,1.428433e-07,1.2,1.484132e-11,3.300011,0.04971685,7.059986e-06,1.2,2.613431e-10,4.414853e-12,3.416822e-12,1.300624e-13,2.224455e-12,3.302247e-12,2.254562e-12
6.155002e-05,3.3,3.3,1.2,0.003496397,3.297407,0.001696981,1.430929e-07,1.2,1.486678e-11,3.300011,0.04979471,7.060918e-06,1.2,2.613776e-10,4.193137e-12,3.392842e-12,1.296962e-13,2.224224e-12,3.301359e-12,2.254949e-12
6.160505e-05,3.3,3.3,1.2,0.003491064,3.297403,0.001699064,1.431474e-07,1.2,1.487239e-11,3.300011,0.04985353,7.06159e-06,1.2,2.614023e-10,4.133395e-12,3.386624e-12,1.296628e-13,2.224817e-12,3.302247e-12,2.25512e-12
6.16614e-05,3.3,3.3,1.2,0.003485619,3.2974,0.001701195,1.432206e-07,1.2,1.488008e-11,3.300011,0.04991375,7.062227e-06,1.2,2.614262e-10,4.137542e-12,3.386624e-12,1.297266e-13,2.227517e-12,3.301803e-12,2.255419e-12
6.17614e-05,3.3,3.3,1.2,0.003475976,3.297393,0.001704977,1.431176e-07,1.2,1.486935e-11,3.300011,0.05002061,7.063536e-06,1.2,2.614744e-10,4.148337e-12,3.388845e-12,1.29646e-13,2.226752e-12,3.301359e-12,2.255586e-12
6.18614e-05,3.3,3.3,1.2,0.003466361,3.297387,0.001708756,1.431334e-07,1.2,1.4871e-11,3.300011,0.05012745,7.064844e-06,1.2,2.615228e-10,4.157471e-12,3.389733e-12,1.296989e-13,2.226884e-12,3.301359e-12,2.256246e-12
6.19614e-05,3.3,3.3,1.2,0.003456772,3.297381,0.001712535,1.431565e-07,1.2,1.487333e-11,3.300011,0.05023427,7.065865e-06,1.2,2.615607e-10,4.165948e-12,3.390621e-12,1.297387e-13,2.227386e-12,3.301803e-12,2.256342e-12
6.20614e-05,3.3,3.3,1.2,0.003447209,3.297374,0.001716312,1.431688e-07,1.2,1.487456e-11,3.300011,0.05034107,7.067082e-06,1.2,2.616055e-10,4.176387e-12,3.391065e-12,1.29744e-13,2.227588e-12,3.301359e-12,2.256732e-12
6.21614e-05,3.3,3.3,1.2,0.003437673,3.297368,0.001720088,1.431756e-07,1.2,1.487527e-11,3.300011,0.05044786,7.068162e-06,1.2,2.616456e-10,4.183028e-12,3.392397e-12,1.297684e-13,2.230935e-12,3.301359e-12,2.25735e-12
6.22614e-05,3.3,3.3,1.2,0.003428164,3.297361,0.001723862,1.431047e-07,1.2,1.486806e-11,3.300011,0.05055463,7.069559e-06,1.2,2.616974e-10,4.188937e-12,3.393286e-12,1.297423e-13,2.231493e-12,3.301803e-12,2.257551e-12
6.23614e-05,3.3,3.3,1.2,0.00341868,3.297355,0.001727635,1.431147e-07,1.2,1.486902e-11,3.300011,0.05066139,7.070679e-06,1.2,2.617386e-10,4.197358e-12,3.394174e-12,1.297317e-13,2.232045e-12,3.301803e-12,2.258182e-12
6.24614e-05,3.3,3.3,1.2,0.003409223,3.297349,0.001731407,1.430307e-07,1.2,1.48605e-11,3.300011,0.05076812,7.072109e-06,1.2,2.617915e-10,4.20206e-12,3.394174e-12,1.296872e-13,2.232494e-12,3.301359e-12,2.258387e-12
6.25614e-05,3.3,3.3,1.2,0.003399792,3.297342,0.001735177,1.429562e-07,1.2,1.485288e-11,3.300011,0.05087485,7.073283e-06,1.2,2.618352e-10,4.206435e-12,3.394618e-12,1.296338e-13,2.233013e-12,3.301803e-12,2.259024e-12
6.26614e-05,3.3,3.3,1.2,0.003390387,3.297336,0.001738947,1.429784e-07,1.2,1.485512e-11,3.300011,0.05098155,7.074424e-06,1.2,2.618773e-10,4.213494e-12,3.395062e-12,1.296444e-13,2.233761e-12,3.301803e-12,2.259136e-12
6.27614e-05,3.3,3.3,1.2,0.003381009,3.29733,0.001742714,1.430253e-07,1.2,1.485996e-11,3.300011,0.05108824,7.075894e-06,1.2,2.619316e-10,4.217528e-12,3.39595e-12,1.297249e-13,2.237403e-12,3.302247e-12,2.259858e-12
6.28614e-05,3.3,3.3,1.2,0.003371656,3.297323,0.001746481,1.430409e-07,1.2,1.486148e-11,3.300011,0.05119491,7.077078e-06,1.2,2.619755e-10,4.221162e-12,3.396394e-12,1.297062e-13,2.235263e-12,3.301803e-12,2.259994e-12
6.29614e-05,3.3,3.3,1.2,0.003362329,3.297317,0.001750246,1.429745e-07,1.2,1.485478e-11,3.300011,0.05130157,7.078423e-06,1.2,2.620252e-10,4.224767e-12,3.396838e-12,1.296883e-13,2.23598e-12,3.301803e-12,2.260409e-12
6.30614e-05,3.3,3.3,1.2,0.003353027,3.29731,0.00175401,1.42917e-07,1.2,1.484887e-11,3.300011,0.05140821,7.079633e-06,1.2,2.620699e-10,4.231271e-12,3.396838e-12,1.296401e-13,2.236626e-12,3.301803e-12,2.261065e-12
6.31614e-05,3.3,3.3,1.2,0.003343752,3.297304,0.001757773,1.428778e-07,1.2,1.484488e-11,3.300011,0.05151483,7.081149e-06,1.2,2.62126e-10,4.234492e-12,3.396838e-12,1.296258e-13,2.237538e-12,3.301803e-12,2.261298e-12
6.32614e-05,3.3,3.3,1.2,0.003334502,3.297298,0.001761534,1.428803e-07,1.2,1.484512e-11,3.300011,0.05162144,7.082387e-06,1.2,2.621717e-10,4.237751e-12,3.398171e-12,1.296264e-13,2.238536e-12,3.301803e-12,2.261942e-12
6.33614e-05,3.3,3.3,1.2,0.003325277,3.297291,0.001765294,1.427675e-07,1.2,1.483362e-11,3.300011,0.05172803,7.083894e-06,1.2,2.622278e-10,4.241071e-12,3.398171e-12,1.295321e-13,2.239075e-12,3.301803e-12,2.262173e-12
6.34614e-05,3.3,3.3,1.2,0.003316078,3.297285,0.001769053,1.428522e-07,1.2,1.484228e-11,3.300011,0.05183461,7.085157e-06,1.2,2.622742e-10,4.246821e-12,3.398615e-12,1.296293e-13,2.240049e-12,3.302247e-12,2.262845e-12
6.35614e-05,3.3,3.3,1.2,0.003306896,3.297279,0.00177281,1.428461e-07,1.2,1.484164e-11,3.300011,0.05194117,7.086426e-06,1.2,2.623212e-10,4.250198e-12,3.398615e-12,1.29642e-13,2.241185e-12,3.302247e-12,2.263019e-12
6.36614e-05,3.3,3.3,1.2,0.003297689,3.297272,0.001776566,1.427707e-07,1.2,1.483393e-11,3.300011,0.05204772,7.088036e-06,1.2,2.623809e-10,4.253659e-12,3.399503e-12,1.29546e-13,2.242483e-12,3.301359e-12,2.263783e-12
6.37614e-05,3.3,3.3,1.2,0.003288493,3.297266,0.001780321,1.427699e-07,1.2,1.483386e-11,3.300011,0.05215425,7.089434e-06,1.2,2.624325e-10,4.256542e-12,3.399947e-12,1.295763e-13,2.243496e-12,3.301359e-12,2.264228e-12
6.38614e-05,3.3,3.3,1.2,0.003279367,3.29726,0.001784074,1.426476e-07,1.2,1.482116e-11,3.300011,0.05226077,7.090704e-06,1.2,2.624794e-10,4.262495e-12,3.400391e-12,1.29479e-13,2.241684e-12,3.301359e-12,2.264398e-12
6.39614e-05,3.3,3.3,1.2,0.003273879,3.297253,0.001787828,1.427602e-07,1.2,1.483287e-11,3.300011,0.05236727,7.092323e-06,1.2,2.625393e-10,4.278858e-12,3.402167e-12,1.295822e-13,2.242805e-12,3.301803e-12,2.265146e-12
6.40614e-05,3.3,3.3,1.2,0.003390572,3.297249,0.001791619,1.440806e-07,1.2,1.496843e-11,3.300011,0.05247375,7.093777e-06,1.2,2.62593e-10,4.691795e-12,3.446132e-12,1.312776e-13,2.246919e-12,3.301359e-12,2.265617e-12
6.41614e-05,3.3,3.3,1.2,0.003650177,3.297244,0.001795399,1.426049e-07,1.2,1.481689e-11,3.300012,0.05258022,7.095082e-06,1.2,2.626414e-10,3.203412e-12,3.288037e-12,1.271919e-13,2.248088e-12,3.301359e-12,2.265802e-12
6.42614e-05,3.3,3.3,1.2,0.003512611,3.297238,0.001799144,1.430076e-07,1.2,1.485815e-11,3.300012,0.05268668,7.096596e-06,1.2,2.626975e-10,3.853147e-12,3.357314e-12,1.288541e-13,2.249632e-12,3.301359e-12,2.266287e-12
6.433651e-05,3.3,3.3,1.2,0.003505073,3.297233,0.001801952,1.42811e-07,1.2,1.483805e-11,3.300012,0.05276662,7.097713e-06,1.2,2.627387e-10,4.241045e-12,3.397727e-12,1.295168e-13,2.249577e-12,3.301359e-12,2.266901e-12
6.43979e-05,3.3,3.3,1.2,0.003499127,3.297229,0.00180425,1.426718e-07,1.2,1.48238e-11,3.300012,0.05283196,7.098671e-06,1.2,2.627742e-10,4.368887e-12,3.411937e-12,1.297221e-13,2.249028e-12,3.301359e-12,2.26699e-12
6.446732e-05,3.3,3.3,1.2,0.003492408,3.297224,0.00180685,1.426625e-07,1.2,1.482267e-11,3.300012,0.05290584,7.099672e-06,1.2,2.628114e-10,4.385164e-12,3.41327e-12,1.29747e-13,2.251934e-12,3.301803e-12,2.267486e-12
6.454792e-05,3.3,3.3,1.2,0.003484619,3.297219,0.001809867,1.426213e-07,1.2,1.481845e-11,3.300012,0.05299162,7.100938e-06,1.2,2.628579e-10,4.380243e-12,3.412826e-12,1.296908e-13,2.25357e-12,3.301359e-12,2.267743e-12
6.464792e-05,3.3,3.3,1.2,0.003474979,3.297213,0.00181361,1.425853e-07,1.2,1.481474e-11,3.300012,0.05309802,7.102389e-06,1.2,2.629117e-10,4.372361e-12,3.411937e-12,1.296211e-13,2.253962e-12,3.301803e-12,2.268421e-12
6.474792e-05,3.3,3.3,1.2,0.003465366,3.297206,0.001817352,1.425004e-07,1.2,1.480594e-11,3.300012,0.0532044,7.103796e-06,1.2,2.629638e-10,4.363945e-12,3.411493e-12,1.295776e-13,2.252501e-12,3.301803e-12,2.268628e-12
6.484792e-05,3.3,3.3,1.2,0.00345578,3.2972,0.001821093,1.42447e-07,1.2,1.48004e-11,3.300012,0.05331077,7.105391e-06,1.2,2.630229e-10,4.359118e-12,3.410161e-12,1.294909e-13,2.254032e-12,3.302247e-12,2.269129e-12
6.494792e-05,3.3,3.3,1.2,0.00344622,3.297194,0.001824832,1.425303e-07,1.2,1.480916e-11,3.300012,0.05341713,7.106845e-06,1.2,2.630766e-10,4.352587e-12,3.409717e-12,1.295535e-13,2.255465e-12,3.301803e-12,2.269871e-12
6.504792e-05,3.3,3.3,1.2,0.003436686,3.297187,0.00182857,1.424634e-07,1.2,1.480211e-11,3.300012,0.05352347,7.108591e-06,1.2,2.631411e-10,4.346772e-12,3.409273e-12,1.294826e-13,2.257021e-12,3.301803e-12,2.27016e-12
6.514792e-05,3.3,3.3,1.2,0.003427179,3.297181,0.001832306,1.424767e-07,1.2,1.480348e-11,3.300012,0.0536298,7.110056e-06,1.2,2.631955e-10,4.342334e-12,3.409273e-12,1.295026e-13,2.255878e-12,3.302247e-12,2.27089e-12
6.524792e-05,3.3,3.3,1.2,0.003417698,3.297175,0.001836041,1.424446e-07,1.2,1.480017e-11,3.300012,0.05373611,7.111825e-06,1.2,2.632609e-10,4.341338e-12,3.408829e-12,1.294371e-13,2.257451e-12,3.301803e-12,2.271204e-12
6.534792e-05,3.3,3.3,1.2,0.003408244,3.297168,0.001839775,1.423721e-07,1.2,1.479283e-11,3.300012,0.05384241,7.113319e-06,1.2,2.633161e-10,4.338352e-12,3.408385e-12,1.293857e-13,2.256327e-12,3.301359e-12,2.271958e-12
6.544792e-05,3.3,3.3,1.2,0.003398816,3.297162,0.001843508,1.423871e-07,1.2,1.479435e-11,3.300012,0.0539487,7.114829e-06,1.2,2.633719e-10,4.335875e-12,3.407941e-12,1.294093e-13,2.258161e-12,3.301803e-12,2.272194e-12
6.554792e-05,3.3,3.3,1.2,0.003389413,3.297155,0.001847239,1.424143e-07,1.2,1.479711e-11,3.300012,0.05405497,7.116514e-06,1.2,2.634343e-10,4.334152e-12,3.408385e-12,1.294245e-13,2.260107e-12,3.301803e-12,2.272719e-12
6.564792e-05,3.3,3.3,1.2,0.003380037,3.297149,0.001850969,1.423092e-07,1.2,1.478638e-11,3.300012,0.05416123,7.118065e-06,1.2,2.634916e-10,4.334768e-12,3.407497e-12,1.293177e-13,2.258987e-12,3.302247e-12,2.273476e-12
6.574792e-05,3.3,3.3,1.2,0.003370687,3.297143,0.001854698,1.423343e-07,1.2,1.478894e-11,3.300012,0.05426747,7.11959e-06,1.2,2.63548e-10,4.333166e-12,3.407941e-12,1.293288e-13,2.260851e-12,3.301359e-12,2.273716e-12
6.584792e-05,3.3,3.3,1.2,0.003361362,3.297136,0.001858425,1.423233e-07,1.2,1.478785e-11,3.300012,0.05437371,7.121444e-06,1.2,2.636167e-10,4.331975e-12,3.407941e-12,1.293338e-13,2.259798e-12,3.301803e-12,2.274546e-12
6.594792e-05,3.3,3.3,1.2,0.003352063,3.29713,0.001862151,1.423064e-07,1.2,1.478611e-11,3.300012,0.05447992,7.122995e-06,1.2,2.636741e-10,4.330962e-12,3.407052e-12,1.29317e-13,2.261529e-12,3.301803e-12,2.274807e-12
6.604792e-05,3.3,3.3,1.2,0.00334279,3.297124,0.001865876,1.423475e-07,1.2,1.479031e-11,3.300012,0.05458613,7.124709e-06,1.2,2.637375e-10,4.333083e-12,3.407941e-12,1.293618e-13,2.263628e-12,3.301803e-12,2.275351e-12
6.614792e-05,3.3,3.3,1.2,0.003333542,3.297117,0.0018696,1.422923e-07,1.2,1.478469e-11,3.300012,0.05469232,7.126307e-06,1.2,2.637967e-10,4.33219e-12,3.407497e-12,1.293318e-13,2.265566e-12,3.301359e-12,2.276134e-12
6.624792e-05,3.3,3.3,1.2,0.00332432,3.297111,0.001873322,1.423923e-07,1.2,1.479482e-11,3.300012,0.0547985,7.128211e-06,1.2,2.638668e-10,4.330805e-12,3.407497e-12,1.293716e-13,2.264555e-12,3.301359e-12,2.276489e-12
6.634792e-05,3.3,3.3,1.2,0.003315122,3.297105,0.001877043,1.423461e-07,1.2,1.479019e-11,3.300012,0.05490466,7.129812e-06,1.2,2.639262e-10,4.330347e-12,3.407052e-12,1.29351e-13,2.266663e-12,3.301359e-12,2.277282e-12
6.644792e-05,3.3,3.3,1.2,0.003305915,3.297098,0.001880762,1.421982e-07,1.2,1.477508e-11,3.300012,0.05501082,7.131435e-06,1.2,2.639863e-10,4.330338e-12,3.407497e-12,1.292353e-13,2.265914e-12,3.301359e-12,2.277521e-12
6.654792e-05,3.3,3.3,1.2,0.003296695,3.297092,0.001884481,1.422294e-07,1.2,1.477825e-11,3.300012,0.05511696,7.133217e-06,1.2,2.640522e-10,4.33301e-12,3.407941e-12,1.292297e-13,2.270965e-12,3.301803e-12,2.278097e-12
6.664792e-05,3.3,3.3,1.2,0.00328751,3.297085,0.001888198,1.421489e-07,1.2,1.477005e-11,3.300012,0.05522308,7.13487e-06,1.2,2.641134e-10,4.332825e-12,3.407497e-12,1.291755e-13,2.270091e-12,3.301803e-12,2.278901e-12
6.674792e-05,3.3,3.3,1.2,0.003278987,3.297079,0.001891914,1.421372e-07,1.2,1.476886e-11,3.300012,0.0553292,7.136521e-06,1.2,2.641745e-10,4.33471e-12,3.407941e-12,1.291897e-13,2.272298e-12,3.301803e-12,2.279177e-12
6.684792e-05,3.3,3.3,1.2,0.003304202,3.297073,0.00189564,1.425225e-07,1.2,1.480831e-11,3.300012,0.0554353,7.138488e-06,1.2,2.642473e-10,4.465566e-12,3.422151e-12,1.296699e-13,2.271605e-12,3.302247e-12,2.280048e-12
6.694792e-05,3.3,3.3,1.2,0.003660743,3.297072,0.001899452,1.449782e-07,1.2,1.506057e-11,3.300012,0.05554138,7.140157e-06,1.2,2.64309e-10,4.728149e-12,3.449685e-12,1.317764e-13,2.27413e-12,3.302247e-12,2.280332e-12
6.704792e-05,3.3,3.3,1.2,0.003521713,3.297063,0.001903114,1.418804e-07,1.2,1.474208e-11,3.300012,0.05564746,7.141996e-06,1.2,2.643771e-10,5.64954e-12,3.547829e-12,1.317299e-13,2.273577e-12,3.301803e-12,2.280927e-12
6.713714e-05,3.3,3.3,1.2,0.003511761,3.297058,0.001906424,1.419663e-07,1.2,1.475106e-11,3.300012,0.05574208,7.143779e-06,1.2,2.64443e-10,5.613283e-12,3.544276e-12,1.317785e-13,2.272994e-12,3.301803e-12,2.281773e-12
6.720282e-05,3.3,3.3,1.2,0.003505375,3.297053,0.00190886,1.420106e-07,1.2,1.475558e-11,3.300012,0.05581174,7.144973e-06,1.2,2.644869e-10,5.555781e-12,3.538503e-12,1.316379e-13,2.276059e-12,3.302247e-12,2.28197e-12
6.725576e-05,3.3,3.3,1.2,0.003500235,3.29705,0.001910824,1.420648e-07,1.2,1.476112e-11,3.300012,0.05586789,7.145839e-06,1.2,2.645192e-10,5.500461e-12,3.532286e-12,1.315773e-13,2.275366e-12,3.301359e-12,2.282166e-12
6.731202e-05,3.3,3.3,1.2,0.003494786,3.297046,0.00191291,1.420329e-07,1.2,1.475787e-11,3.300012,0.05592754,7.146854e-06,1.2,2.645567e-10,5.46287e-12,3.528733e-12,1.31474e-13,2.275873e-12,3.301803e-12,2.28254e-12
6.741081e-05,3.3,3.3,1.2,0.003485235,3.29704,0.001916572,1.419514e-07,1.2,1.474953e-11,3.300012,0.05603229,7.148685e-06,1.2,2.646244e-10,5.449362e-12,3.527401e-12,1.313868e-13,2.275423e-12,3.301803e-12,2.283056e-12
6.751081e-05,3.3,3.3,1.2,0.003475594,3.297034,0.001920278,1.420041e-07,1.2,1.475488e-11,3.300012,0.0561383,7.150285e-06,1.2,2.646835e-10,5.440822e-12,3.52518e-12,1.313941e-13,2.277858e-12,3.301803e-12,2.283623e-12
6.761081e-05,3.3,3.3,1.2,0.00346598,3.297027,0.001923982,1.420154e-07,1.2,1.475608e-11,3.300012,0.05624431,7.151953e-06,1.2,2.647452e-10,5.432791e-12,3.524292e-12,1.31401e-13,2.280255e-12,3.301359e-12,2.284151e-12
6.771081e-05,3.3,3.3,1.2,0.003456392,3.297021,0.001927686,1.419666e-07,1.2,1.475108e-11,3.300012,0.0563503,7.153769e-06,1.2,2.648124e-10,5.426929e-12,3.524292e-12,1.313321e-13,2.279756e-12,3.301359e-12,2.285e-12
6.781081e-05,3.3,3.3,1.2,0.003446831,3.297015,0.001931388,1.418868e-07,1.2,1.474274e-11,3.300012,0.05645628,7.155611e-06,1.2,2.648805e-10,5.425895e-12,3.523848e-12,1.312607e-13,2.282305e-12,3.301803e-12,2.285335e-12
6.791081e-05,3.3,3.3,1.2,0.003437296,3.297008,0.001935088,1.419021e-07,1.2,1.474432e-11,3.300012,0.05656225,7.1576e-06,1.2,2.649543e-10,5.423544e-12,3.523848e-12,1.312854e-13,2.281817e-12,3.301803e-12,2.285946e-12
6.801081e-05,3.3,3.3,1.2,0.003427788,3.297002,0.001938788,1.418392e-07,1.2,1.473785e-11,3.300012,0.05666821,7.159438e-06,1.2,2.650221e-10,5.425399e-12,3.523404e-12,1.311952e-13,2.281437e-12,3.301803e-12,2.286808e-12
6.811081e-05,3.3,3.3,1.2,0.003418305,3.296996,0.001942486,1.418895e-07,1.2,1.474308e-11,3.300012,0.05677416,7.161559e-06,1.2,2.651006e-10,5.425346e-12,3.524292e-12,1.31295e-13,2.284043e-12,3.301803e-12,2.287227e-12
6.821081e-05,3.3,3.3,1.2,0.003408849,3.296989,0.001946182,1.418915e-07,1.2,1.474323e-11,3.300012,0.05688009,7.163405e-06,1.2,2.65169e-10,5.426163e-12,3.524292e-12,1.313064e-13,2.28362e-12,3.301803e-12,2.288078e-12
6.831081e-05,3.3,3.3,1.2,0.00339942,3.296983,0.001949878,1.418745e-07,1.2,1.474165e-11,3.300012,0.05698601,7.165231e-06,1.2,2.652365e-10,5.428061e-12,3.524736e-12,1.312302e-13,2.283449e-12,3.302247e-12,2.288418e-12
6.841081e-05,3.3,3.3,1.2,0.003390016,3.296976,0.001953572,1.417889e-07,1.2,1.473283e-11,3.300012,0.05709192,7.167221e-06,1.2,2.653101e-10,5.432564e-12,3.524736e-12,1.312299e-13,2.286072e-12,3.301803e-12,2.289044e-12
6.851081e-05,3.3,3.3,1.2,0.003380638,3.29697,0.001957265,1.417483e-07,1.2,1.472859e-11,3.300012,0.05719782,7.169095e-06,1.2,2.653794e-10,5.434982e-12,3.52518e-12,1.311803e-13,2.285887e-12,3.302247e-12,2.2899e-12
6.861081e-05,3.3,3.3,1.2,0.003371286,3.296964,0.001960957,1.41705e-07,1.2,1.472419e-11,3.300012,0.05730371,7.171084e-06,1.2,2.654532e-10,5.438255e-12,3.525624e-12,1.311196e-13,2.285587e-12,3.301803e-12,2.290535e-12
6.871081e-05,3.3,3.3,1.2,0.003361961,3.296957,0.001964647,1.417518e-07,1.2,1.472897e-11,3.300012,0.05740958,7.172937e-06,1.2,2.655217e-10,5.441042e-12,3.525624e-12,1.312112e-13,2.285517e-12,3.301803e-12,2.290889e-12
6.881081e-05,3.3,3.3,1.2,0.00335266,3.296951,0.001968336,1.416978e-07,1.2,1.472344e-11,3.300012,0.05751545,7.174974e-06,1.2,2.65597e-10,5.446489e-12,3.526068e-12,1.311466e-13,2.290831e-12,3.301803e-12,2.29153e-12
6.891081e-05,3.3,3.3,1.2,0.003343386,3.296945,0.001972024,1.418203e-07,1.2,1.473599e-11,3.300012,0.0576213,7.176888e-06,1.2,2.656678e-10,5.450005e-12,3.526957e-12,1.312942e-13,2.290743e-12,3.301803e-12,2.292417e-12
6.901081e-05,3.3,3.3,1.2,0.003334137,3.296938,0.001975711,1.417653e-07,1.2,1.473032e-11,3.300012,0.05772714,7.178793e-06,1.2,2.657382e-10,5.453571e-12,3.526512e-12,1.312235e-13,2.290728e-12,3.301803e-12,2.29279e-12
6.911081e-05,3.3,3.3,1.2,0.003324913,3.296932,0.001979396,1.417217e-07,1.2,1.472589e-11,3.300012,0.05783297,7.18103e-06,1.2,2.658209e-10,5.456815e-12,3.526957e-12,1.311826e-13,2.296488e-12,3.301803e-12,2.293737e-12
6.921081e-05,3.3,3.3,1.2,0.003315707,3.296926,0.00198308,1.417038e-07,1.2,1.472411e-11,3.300012,0.05793879,7.182912e-06,1.2,2.658905e-10,5.46064e-12,3.527401e-12,1.312003e-13,2.296426e-12,3.301803e-12,2.294071e-12
6.931081e-05,3.3,3.3,1.2,0.003306477,3.296919,0.001986763,1.416776e-07,1.2,1.472139e-11,3.300012,0.0580446,7.184866e-06,1.2,2.659628e-10,5.465437e-12,3.528289e-12,1.311797e-13,2.29649e-12,3.301359e-12,2.294986e-12
6.941081e-05,3.3,3.3,1.2,0.003297257,3.296913,0.001990444,1.415571e-07,1.2,1.47091e-11,3.300012,0.05815039,7.186969e-06,1.2,2.660405e-10,5.469092e-12,3.528733e-12,1.310915e-13,2.296481e-12,3.301359e-12,2.295649e-12
6.951081e-05,3.3,3.3,1.2,0.003288103,3.296906,0.001994125,1.415562e-07,1.2,1.470902e-11,3.300012,0.05825618,7.188896e-06,1.2,2.661119e-10,5.475283e-12,3.528733e-12,1.311008e-13,2.296368e-12,3.301359e-12,2.295982e-12
6.961081e-05,3.3,3.3,1.2,0.003282318,3.2969,0.001997805,1.416237e-07,1.2,1.471593e-11,3.300012,0.05836195,7.191011e-06,1.2,2.661904e-10,5.494696e-12,3.530509e-12,1.311907e-13,2.299454e-12,3.301359e-12,2.296691e-12
6.971081e-05,3.3,3.3,1.2,0.003392505,3.296896,0.002001521,1.429226e-07,1.2,1.484931e-11,3.300012,0.05846771,7.193029e-06,1.2,2.66265e-10,5.888823e-12,3.572698e-12,1.328304e-13,2.299767e-12,3.301359e-12,2.297614e-12
6.981081e-05,3.3,3.3,1.2,0.003665181,3.296892,0.002005234,1.417117e-07,1.2,1.472497e-11,3.300012,0.05857346,7.195021e-06,1.2,2.663386e-10,4.47666e-12,3.422596e-12,1.290888e-13,2.299846e-12,3.301803e-12,2.29798e-12
6.991081e-05,3.3,3.3,1.2,0.003521237,3.296885,0.002008903,1.419856e-07,1.2,1.475306e-11,3.300012,0.05867921,7.19733e-06,1.2,2.66424e-10,5.276773e-12,3.507861e-12,1.309401e-13,2.299901e-12,3.301803e-12,2.298944e-12
6.998359e-05,3.3,3.3,1.2,0.003513907,3.29688,0.00201157,1.416278e-07,1.2,1.471629e-11,3.300012,0.05875616,7.198913e-06,1.2,2.664826e-10,5.739884e-12,3.557155e-12,1.316862e-13,2.300897e-12,3.301803e-12,2.299254e-12
7.004553e-05,3.3,3.3,1.2,0.003507895,3.296876,0.002013843,1.414291e-07,1.2,1.469599e-11,3.300012,0.05882164,7.200245e-06,1.2,2.665317e-10,5.873493e-12,3.571365e-12,1.318278e-13,2.301997e-12,3.302247e-12,2.29984e-12
7.010987e-05,3.3,3.3,1.2,0.003501652,3.296872,0.002016205,1.414267e-07,1.2,1.469576e-11,3.300012,0.05888967,7.20156e-06,1.2,2.665805e-10,5.883069e-12,3.572254e-12,1.31832e-13,2.302319e-12,3.301359e-12,2.300154e-12
7.018483e-05,3.3,3.3,1.2,0.003494389,3.296867,0.002018957,1.414834e-07,1.2,1.470155e-11,3.300012,0.0589689,7.203095e-06,1.2,2.666371e-10,5.871061e-12,3.571365e-12,1.31911e-13,2.302411e-12,3.301359e-12,2.300606e-12
7.028483e-05,3.3,3.3,1.2,0.003484722,3.29686,0.002022628,1.414521e-07,1.2,1.469834e-11,3.300012,0.05907461,7.204951e-06,1.2,2.667058e-10,5.8596e-12,3.570033e-12,1.318127e-13,2.301923e-12,3.301359e-12,2.301153e-12
7.038483e-05,3.3,3.3,1.2,0.003475082,3.296854,0.002026297,1.414544e-07,1.2,1.469856e-11,3.300012,0.0591803,7.207157e-06,1.2,2.667875e-10,5.84701e-12,3.568257e-12,1.317901e-13,2.3023e-12,3.301803e-12,2.301855e-12
7.048483e-05,3.3,3.3,1.2,0.003465469,3.296848,0.002029964,1.414831e-07,1.2,1.470153e-11,3.300012,0.05928598,7.209214e-06,1.2,2.668636e-10,5.836832e-12,3.567813e-12,1.318281e-13,2.305363e-12,3.301803e-12,2.302833e-12
7.058483e-05,3.3,3.3,1.2,0.003455882,3.296841,0.002033631,1.414608e-07,1.2,1.469919e-11,3.300012,0.05939165,7.211277e-06,1.2,2.6694e-10,5.831161e-12,3.56648e-12,1.317741e-13,2.308725e-12,3.301803e-12,2.303205e-12
7.068483e-05,3.3,3.3,1.2,0.003446322,3.296835,0.002037296,1.414693e-07,1.2,1.470007e-11,3.300012,0.0594973,7.213522e-06,1.2,2.67023e-10,5.824473e-12,3.56648e-12,1.317523e-13,2.308912e-12,3.301803e-12,2.303904e-12
7.078483e-05,3.3,3.3,1.2,0.003436788,3.296829,0.00204096,1.414149e-07,1.2,1.469456e-11,3.300012,0.05960295,7.215618e-06,1.2,2.671005e-10,5.819372e-12,3.565592e-12,1.317145e-13,2.309434e-12,3.302247e-12,2.304881e-12
7.088483e-05,3.3,3.3,1.2,0.003427281,3.296822,0.002044623,1.413103e-07,1.2,1.468363e-11,3.300012,0.05970859,7.217983e-06,1.2,2.67188e-10,5.814962e-12,3.565592e-12,1.316013e-13,2.312661e-12,3.301803e-12,2.305327e-12
7.098483e-05,3.3,3.3,1.2,0.0034178,3.296816,0.002048284,1.412676e-07,1.2,1.467929e-11,3.300013,0.05981422,7.220075e-06,1.2,2.672652e-10,5.814699e-12,3.564704e-12,1.315494e-13,2.313135e-12,3.302247e-12,2.306298e-12
7.108483e-05,3.3,3.3,1.2,0.003408346,3.296809,0.002051944,1.412449e-07,1.2,1.467682e-11,3.300013,0.05991983,7.222138e-06,1.2,2.673418e-10,5.81281e-12,3.565148e-12,1.315845e-13,2.313661e-12,3.301803e-12,2.306694e-12
7.118483e-05,3.3,3.3,1.2,0.003398917,3.296803,0.002055603,1.41343e-07,1.2,1.468717e-11,3.300013,0.06002544,7.22458e-06,1.2,2.674321e-10,5.81128e-12,3.564704e-12,1.316304e-13,2.314095e-12,3.301803e-12,2.307715e-12
7.128483e-05,3.3,3.3,1.2,0.003389515,3.296797,0.002059261,1.412457e-07,1.2,1.467704e-11,3.300013,0.06013104,7.226654e-06,1.2,2.675087e-10,5.810057e-12,3.56426e-12,1.315239e-13,2.314476e-12,3.301803e-12,2.30812e-12
7.138483e-05,3.3,3.3,1.2,0.003380138,3.29679,0.002062917,1.412125e-07,1.2,1.46735e-11,3.300013,0.06023662,7.229082e-06,1.2,2.675987e-10,5.812178e-12,3.56426e-12,1.315405e-13,2.315006e-12,3.302247e-12,2.309164e-12
7.148483e-05,3.3,3.3,1.2,0.003370788,3.296784,0.002066572,1.412191e-07,1.2,1.467431e-11,3.300013,0.0603422,7.231189e-06,1.2,2.676764e-10,5.812279e-12,3.564704e-12,1.315047e-13,2.315292e-12,3.301803e-12,2.30957e-12
7.158483e-05,3.3,3.3,1.2,0.003361463,3.296778,0.002070226,1.411971e-07,1.2,1.467191e-11,3.300013,0.06044777,7.233463e-06,1.2,2.677605e-10,5.812517e-12,3.564704e-12,1.315101e-13,2.315796e-12,3.301803e-12,2.310295e-12
7.168483e-05,3.3,3.3,1.2,0.003352164,3.296771,0.002073879,1.410886e-07,1.2,1.46608e-11,3.300013,0.06055332,7.235595e-06,1.2,2.678393e-10,5.81247e-12,3.56426e-12,1.314021e-13,2.316414e-12,3.301803e-12,2.311274e-12
7.178483e-05,3.3,3.3,1.2,0.003342891,3.296765,0.00207753,1.411029e-07,1.2,1.466235e-11,3.300013,0.06065887,7.237736e-06,1.2,2.679188e-10,5.813277e-12,3.564704e-12,1.314857e-13,2.316888e-12,3.301803e-12,2.311694e-12
7.188483e-05,3.3,3.3,1.2,0.003333643,3.296759,0.00208118,1.411308e-07,1.2,1.466507e-11,3.300013,0.06076441,7.24023e-06,1.2,2.68011e-10,5.814269e-12,3.564704e-12,1.314651e-13,2.320284e-12,3.301803e-12,2.312749e-12
7.198483e-05,3.3,3.3,1.2,0.003324419,3.296752,0.002084829,1.410582e-07,1.2,1.46577e-11,3.300013,0.06086993,7.242398e-06,1.2,2.680911e-10,5.817154e-12,3.565148e-12,1.31388e-13,2.320628e-12,3.301359e-12,2.313187e-12
7.208483e-05,3.3,3.3,1.2,0.003315196,3.296746,0.002088477,1.410924e-07,1.2,1.466122e-11,3.300013,0.06097545,7.244743e-06,1.2,2.681779e-10,5.818787e-12,3.565148e-12,1.314177e-13,2.320935e-12,3.301359e-12,2.313943e-12
7.218483e-05,3.3,3.3,1.2,0.003305951,3.296739,0.002092123,1.410689e-07,1.2,1.46588e-11,3.300013,0.06108096,7.247081e-06,1.2,2.682645e-10,5.819391e-12,3.565148e-12,1.314181e-13,2.324632e-12,3.301359e-12,2.314693e-12
7.228483e-05,3.3,3.3,1.2,0.003296737,3.296733,0.002095768,1.409951e-07,1.2,1.465126e-11,3.300013,0.06118645,7.249428e-06,1.2,2.683512e-10,5.820251e-12,3.565592e-12,1.313389e-13,2.325324e-12,3.301803e-12,2.315425e-12
7.238483e-05,3.3,3.3,1.2,0.003287891,3.296727,0.002099412,1.410533e-07,1.2,1.465725e-11,3.300013,0.06129194,7.25164e-06,1.2,2.68433e-10,5.822962e-12,3.564704e-12,1.314197e-13,2.325763e-12,3.301803e-12,2.31641e-12
7.248483e-05,3.3,3.3,1.2,0.003299529,3.296721,0.002103062,1.412089e-07,1.2,1.467318e-11,3.300013,0.06139742,7.254143e-06,1.2,2.685258e-10,5.905002e-12,3.57403e-12,1.316462e-13,2.326311e-12,3.301803e-12,2.316936e-12
7.258483e-05,3.3,3.3,1.2,0.003610225,3.296719,0.002106796,1.439338e-07,1.2,1.495313e-11,3.300013,0.06150289,7.256509e-06,1.2,2.686132e-10,6.441332e-12,3.630873e-12,1.345407e-13,2.327111e-12,3.301359e-12,2.317695e-12
7.268483e-05,3.3,3.3,1.2,0.0035368,3.29671,0.00211038,1.397463e-07,1.2,1.452294e-11,3.300013,0.06160835,7.258731e-06,1.2,2.686954e-10,6.140995e-12,3.599343e-12,1.312331e-13,2.327964e-12,3.301359e-12,2.318694e-12
7.278483e-05,3.3,3.3,1.2,0.00352013,3.296704,0.002114028,1.405321e-07,1.2,1.460384e-11,3.300013,0.06171379,7.261123e-06,1.2,2.687837e-10,5.42048e-12,3.522516e-12,1.301986e-13,2.322825e-12,3.301359e-12,2.319466e-12
7.285491e-05,3.3,3.3,1.2,0.003513265,3.2967,0.002116583,1.408525e-07,1.2,1.463681e-11,3.300013,0.06178769,7.26286e-06,1.2,2.68848e-10,5.061878e-12,3.484324e-12,1.296601e-13,2.326181e-12,3.301359e-12,2.319732e-12
7.291107e-05,3.3,3.3,1.2,0.003507796,3.296697,0.002118627,1.409314e-07,1.2,1.464487e-11,3.300013,0.0618469,7.264114e-06,1.2,2.688945e-10,4.999331e-12,3.477219e-12,1.296144e-13,2.328255e-12,3.301803e-12,2.320298e-12
7.296817e-05,3.3,3.3,1.2,0.003502252,3.296693,0.002120704,1.410248e-07,1.2,1.465439e-11,3.300013,0.0619071,7.265591e-06,1.2,2.689492e-10,5.033963e-12,3.481659e-12,1.297339e-13,2.327023e-12,3.301803e-12,2.32078e-12
7.306817e-05,3.3,3.3,1.2,0.003492563,3.296687,0.002124339,1.409269e-07,1.2,1.464441e-11,3.300013,0.06201252,7.267834e-06,1.2,2.690321e-10,5.063015e-12,3.484768e-12,1.296537e-13,2.328795e-12,3.301359e-12,2.321367e-12
7.316817e-05,3.3,3.3,1.2,0.003482902,3.29668,0.002127973,1.409044e-07,1.2,1.464221e-11,3.300013,0.06211793,7.270154e-06,1.2,2.691179e-10,5.08797e-12,3.486988e-12,1.297439e-13,2.332561e-12,3.301803e-12,2.322371e-12
7.326817e-05,3.3,3.3,1.2,0.003473267,3.296674,0.002131605,1.408726e-07,1.2,1.463886e-11,3.300013,0.06222334,7.272482e-06,1.2,2.69204e-10,5.109539e-12,3.489653e-12,1.297291e-13,2.333418e-12,3.302247e-12,2.32287e-12
7.336817e-05,3.3,3.3,1.2,0.003463659,3.296667,0.002135237,1.408505e-07,1.2,1.463666e-11,3.300013,0.06232873,7.275156e-06,1.2,2.69303e-10,5.128402e-12,3.491873e-12,1.297632e-13,2.334123e-12,3.302247e-12,2.323975e-12
7.346817e-05,3.3,3.3,1.2,0.003454078,3.296661,0.002138867,1.408784e-07,1.2,1.463948e-11,3.300013,0.06243411,7.277491e-06,1.2,2.693894e-10,5.143988e-12,3.493206e-12,1.298205e-13,2.334828e-12,3.301803e-12,2.32446e-12
7.356817e-05,3.3,3.3,1.2,0.003444523,3.296655,0.002142496,1.408079e-07,1.2,1.463229e-11,3.300013,0.06253949,7.279981e-06,1.2,2.694816e-10,5.157405e-12,3.494538e-12,1.297959e-13,2.335495e-12,3.301359e-12,2.32523e-12
7.366817e-05,3.3,3.3,1.2,0.003434994,3.296648,0.002146123,1.408256e-07,1.2,1.463403e-11,3.300013,0.06264486,7.282322e-06,1.2,2.695682e-10,5.168968e-12,3.495426e-12,1.29793e-13,2.336494e-12,3.301359e-12,2.326278e-12
7.376817e-05,3.3,3.3,1.2,0.003425492,3.296642,0.00214975,1.407837e-07,1.2,1.462983e-11,3.300013,0.06275021,7.28501e-06,1.2,2.696675e-10,5.17835e-12,3.496758e-12,1.298088e-13,2.337681e-12,3.301803e-12,2.326857e-12
7.386817e-05,3.3,3.3,1.2,0.003416016,3.296636,0.002153375,1.408417e-07,1.2,1.463565e-11,3.300013,0.06285556,7.287394e-06,1.2,2.697559e-10,5.187401e-12,3.498091e-12,1.298219e-13,2.33869e-12,3.301803e-12,2.327898e-12
7.396817e-05,3.3,3.3,1.2,0.003406566,3.296629,0.002156999,1.408242e-07,1.2,1.463399e-11,3.300013,0.0629609,7.289766e-06,1.2,2.698434e-10,5.194798e-12,3.498535e-12,1.298823e-13,2.336623e-12,3.301359e-12,2.3284e-12
7.406817e-05,3.3,3.3,1.2,0.003397143,3.296623,0.002160622,1.407486e-07,1.2,1.46262e-11,3.300013,0.06306623,7.292332e-06,1.2,2.699384e-10,5.200712e-12,3.498979e-12,1.298231e-13,2.337593e-12,3.301803e-12,2.329231e-12
7.416817e-05,3.3,3.3,1.2,0.003387745,3.296616,0.002164243,1.407157e-07,1.2,1.462284e-11,3.300013,0.06317155,7.294759e-06,1.2,2.700281e-10,5.207036e-12,3.500311e-12,1.298043e-13,2.338589e-12,3.301803e-12,2.330275e-12
7.426817e-05,3.3,3.3,1.2,0.003378374,3.29661,0.002167863,1.407081e-07,1.2,1.462206e-11,3.300013,0.06327686,7.297487e-06,1.2,2.70129e-10,5.213248e-12,3.501199e-12,1.298152e-13,2.33954e-12,3.301803e-12,2.330854e-12
7.436817e-05,3.3,3.3,1.2,0.003369028,3.296604,0.002171482,1.406282e-07,1.2,1.461369e-11,3.300013,0.06338217,7.299752e-06,1.2,2.702131e-10,5.218228e-12,3.500755e-12,1.297549e-13,2.340635e-12,3.302247e-12,2.331624e-12
7.446817e-05,3.3,3.3,1.2,0.003359708,3.296597,0.0021751,1.405553e-07,1.2,1.460623e-11,3.300013,0.06348746,7.302535e-06,1.2,2.703159e-10,5.224239e-12,3.501643e-12,1.296834e-13,2.344423e-12,3.301359e-12,2.332761e-12
7.456817e-05,3.3,3.3,1.2,0.003350414,3.296591,0.002178717,1.406182e-07,1.2,1.461249e-11,3.300013,0.06359275,7.304953e-06,1.2,2.704053e-10,5.228461e-12,3.502088e-12,1.297872e-13,2.345581e-12,3.301803e-12,2.33326e-12
7.466817e-05,3.3,3.3,1.2,0.003341146,3.296585,0.002182332,1.406264e-07,1.2,1.461346e-11,3.300013,0.06369802,7.307568e-06,1.2,2.705022e-10,5.232143e-12,3.502532e-12,1.297679e-13,2.346675e-12,3.301803e-12,2.334097e-12
7.476817e-05,3.3,3.3,1.2,0.003331903,3.296578,0.002185946,1.405977e-07,1.2,1.461055e-11,3.300013,0.06380329,7.310029e-06,1.2,2.705931e-10,5.236463e-12,3.502976e-12,1.297282e-13,2.347535e-12,3.301803e-12,2.335173e-12
7.486817e-05,3.3,3.3,1.2,0.003322676,3.296572,0.002189559,1.405751e-07,1.2,1.460807e-11,3.300013,0.06390855,7.312517e-06,1.2,2.706851e-10,5.240196e-12,3.50342e-12,1.29738e-13,2.348798e-12,3.301803e-12,2.335724e-12
7.496817e-05,3.3,3.3,1.2,0.003313424,3.296565,0.00219317,1.404776e-07,1.2,1.459808e-11,3.300013,0.0640138,7.315191e-06,1.2,2.707841e-10,5.244163e-12,3.503864e-12,1.296515e-13,2.35005e-12,3.301359e-12,2.336553e-12
7.506817e-05,3.3,3.3,1.2,0.003304185,3.296559,0.002196781,1.404132e-07,1.2,1.459151e-11,3.300013,0.06411904,7.317845e-06,1.2,2.708823e-10,5.248183e-12,3.504308e-12,1.296074e-13,2.350981e-12,3.301359e-12,2.3374e-12
7.516817e-05,3.3,3.3,1.2,0.003295021,3.296553,0.00220039,1.404511e-07,1.2,1.45954e-11,3.300013,0.06422427,7.320346e-06,1.2,2.709747e-10,5.250939e-12,3.503864e-12,1.296656e-13,2.352189e-12,3.301803e-12,2.338479e-12
7.526817e-05,3.3,3.3,1.2,0.003289896,3.296546,0.002203999,1.404877e-07,1.2,1.459912e-11,3.300013,0.0643295,7.323161e-06,1.2,2.710789e-10,5.272437e-12,3.506528e-12,1.296971e-13,2.353428e-12,3.301803e-12,2.339093e-12
7.536817e-05,3.3,3.3,1.2,0.003415739,3.296542,0.002207649,1.419127e-07,1.2,1.474542e-11,3.300013,0.06443471,7.325524e-06,1.2,2.711662e-10,5.706063e-12,3.552714e-12,1.315368e-13,2.351873e-12,3.301359e-12,2.339874e-12
7.546817e-05,3.3,3.3,1.2,0.003656508,3.296537,0.002211277,1.400591e-07,1.2,1.455526e-11,3.300013,0.06453992,7.328401e-06,1.2,2.712727e-10,4.125828e-12,3.384848e-12,1.270103e-13,2.352855e-12,3.301803e-12,2.34104e-12
7.556817e-05,3.3,3.3,1.2,0.00352802,3.296531,0.00221488,1.406102e-07,1.2,1.461191e-11,3.300013,0.06464512,7.330905e-06,1.2,2.713653e-10,4.571254e-12,3.431921e-12,1.283062e-13,2.354453e-12,3.301803e-12,2.341581e-12
7.564486e-05,3.3,3.3,1.2,0.003520296,3.296526,0.00221764,1.405376e-07,1.2,1.460426e-11,3.300013,0.06472579,7.333072e-06,1.2,2.714456e-10,4.858097e-12,3.463008e-12,1.288723e-13,2.359357e-12,3.301803e-12,2.342544e-12
7.570569e-05,3.3,3.3,1.2,0.003514377,3.296522,0.00221983,1.40443e-07,1.2,1.459459e-11,3.300013,0.06478977,7.334776e-06,1.2,2.715087e-10,4.971896e-12,3.474554e-12,1.290256e-13,2.359124e-12,3.301359e-12,2.342859e-12
7.576604e-05,3.3,3.3,1.2,0.00350851,3.296518,0.002222003,1.403883e-07,1.2,1.458901e-11,3.300013,0.06485325,7.336317e-06,1.2,2.715656e-10,5.00022e-12,3.477663e-12,1.29069e-13,2.359527e-12,3.301359e-12,2.343442e-12
7.58495e-05,3.3,3.3,1.2,0.003500408,3.296513,0.002225008,1.404e-07,1.2,1.459019e-11,3.300013,0.06494103,7.33863e-06,1.2,2.716513e-10,5.003021e-12,3.478107e-12,1.290783e-13,2.358476e-12,3.301803e-12,2.344185e-12
7.59495e-05,3.3,3.3,1.2,0.003490725,3.296506,0.002228607,1.403024e-07,1.2,1.458026e-11,3.300013,0.0650462,7.341126e-06,1.2,2.717434e-10,5.002492e-12,3.478107e-12,1.290112e-13,2.360072e-12,3.301803e-12,2.344885e-12
7.60495e-05,3.3,3.3,1.2,0.003481068,3.2965,0.002232205,1.403466e-07,1.2,1.458471e-11,3.300013,0.06515136,7.343744e-06,1.2,2.718403e-10,5.000403e-12,3.478551e-12,1.290173e-13,2.361378e-12,3.301803e-12,2.345984e-12
7.61495e-05,3.3,3.3,1.2,0.003471438,3.296494,0.002235802,1.402945e-07,1.2,1.457944e-11,3.300013,0.06525651,7.346358e-06,1.2,2.71937e-10,4.998353e-12,3.477663e-12,1.289827e-13,2.362408e-12,3.301803e-12,2.346574e-12
7.62495e-05,3.3,3.3,1.2,0.003461835,3.296487,0.002239398,1.403425e-07,1.2,1.458433e-11,3.300013,0.06536165,7.349167e-06,1.2,2.720409e-10,4.995942e-12,3.477219e-12,1.29022e-13,2.360711e-12,3.301803e-12,2.347446e-12
7.63495e-05,3.3,3.3,1.2,0.003452258,3.296481,0.002242992,1.403494e-07,1.2,1.458499e-11,3.300013,0.06546678,7.351813e-06,1.2,2.721389e-10,4.994189e-12,3.476774e-12,1.289932e-13,2.361908e-12,3.302247e-12,2.348587e-12
7.64495e-05,3.3,3.3,1.2,0.003442708,3.296474,0.002246585,1.402682e-07,1.2,1.457676e-11,3.300013,0.0655719,7.354732e-06,1.2,2.722469e-10,4.995298e-12,3.477219e-12,1.289341e-13,2.36318e-12,3.301803e-12,2.349228e-12
7.65495e-05,3.3,3.3,1.2,0.003433185,3.296468,0.002250177,1.401053e-07,1.2,1.456012e-11,3.300013,0.06567702,7.35739e-06,1.2,2.723452e-10,4.993497e-12,3.47633e-12,1.287872e-13,2.367404e-12,3.301359e-12,2.350367e-12
7.66495e-05,3.3,3.3,1.2,0.003423687,3.296462,0.002253768,1.401012e-07,1.2,1.455971e-11,3.300013,0.06578213,7.360025e-06,1.2,2.724426e-10,4.991821e-12,3.47633e-12,1.287823e-13,2.368768e-12,3.301359e-12,2.350942e-12
7.67495e-05,3.3,3.3,1.2,0.003414216,3.296455,0.002257358,1.401053e-07,1.2,1.455996e-11,3.300013,0.06588723,7.363014e-06,1.2,2.725532e-10,4.990709e-12,3.47633e-12,1.288395e-13,2.367034e-12,3.301803e-12,2.352136e-12
7.68495e-05,3.3,3.3,1.2,0.003404771,3.296449,0.002260946,1.402189e-07,1.2,1.457166e-11,3.300013,0.06599232,7.365658e-06,1.2,2.726512e-10,4.989821e-12,3.47633e-12,1.288922e-13,2.37121e-12,3.301803e-12,2.352738e-12
7.69495e-05,3.3,3.3,1.2,0.003395352,3.296443,0.002264533,1.401626e-07,1.2,1.456596e-11,3.300013,0.0660974,7.368647e-06,1.2,2.727615e-10,4.988907e-12,3.47633e-12,1.288207e-13,2.372589e-12,3.301803e-12,2.35394e-12
7.70495e-05,3.3,3.3,1.2,0.00338596,3.296436,0.002268119,1.401162e-07,1.2,1.456108e-11,3.300013,0.06620247,7.371297e-06,1.2,2.728597e-10,4.98803e-12,3.47633e-12,1.288369e-13,2.373806e-12,3.301359e-12,2.354555e-12
7.71495e-05,3.3,3.3,1.2,0.003376593,3.29643,0.002271704,1.401729e-07,1.2,1.456694e-11,3.300013,0.06630754,7.374122e-06,1.2,2.72964e-10,4.98994e-12,3.476774e-12,1.288169e-13,2.375346e-12,3.301803e-12,2.355449e-12
7.72495e-05,3.3,3.3,1.2,0.003367252,3.296423,0.002275287,1.400461e-07,1.2,1.455389e-11,3.300013,0.0664126,7.376854e-06,1.2,2.730652e-10,4.989144e-12,3.47633e-12,1.287294e-13,2.374102e-12,3.301359e-12,2.35663e-12
7.73495e-05,3.3,3.3,1.2,0.003357937,3.296417,0.002278869,1.400477e-07,1.2,1.455405e-11,3.300013,0.06651765,7.379874e-06,1.2,2.731769e-10,4.988754e-12,3.476774e-12,1.287525e-13,2.375511e-12,3.302247e-12,2.357303e-12
7.74495e-05,3.3,3.3,1.2,0.003348647,3.296411,0.00228245,1.400562e-07,1.2,1.455509e-11,3.300013,0.06662269,7.382594e-06,1.2,2.732774e-10,4.9879e-12,3.47633e-12,1.287251e-13,2.376907e-12,3.302247e-12,2.358416e-12
7.75495e-05,3.3,3.3,1.2,0.003339383,3.296404,0.00228603,1.399738e-07,1.2,1.454647e-11,3.300013,0.06672773,7.385289e-06,1.2,2.733773e-10,4.987052e-12,3.475886e-12,1.286387e-13,2.378362e-12,3.301359e-12,2.359053e-12
7.76495e-05,3.3,3.3,1.2,0.003330143,3.296398,0.002289609,1.399753e-07,1.2,1.454648e-11,3.300013,0.06683275,7.388368e-06,1.2,2.734912e-10,4.986396e-12,3.475886e-12,1.286943e-13,2.376937e-12,3.301359e-12,2.36028e-12
7.77495e-05,3.3,3.3,1.2,0.003320897,3.296392,0.002293186,1.400239e-07,1.2,1.455161e-11,3.300013,0.06693777,7.391261e-06,1.2,2.735982e-10,4.985902e-12,3.475886e-12,1.286964e-13,2.378423e-12,3.301359e-12,2.361216e-12
7.78495e-05,3.3,3.3,1.2,0.003311635,3.296385,0.002296762,1.399744e-07,1.2,1.454656e-11,3.300013,0.06704278,7.394155e-06,1.2,2.737052e-10,4.986113e-12,3.475886e-12,1.286702e-13,2.379893e-12,3.301359e-12,2.362152e-12
7.79495e-05,3.3,3.3,1.2,0.003302408,3.296379,0.002300337,1.398984e-07,1.2,1.453856e-11,3.300013,0.06714779,7.396913e-06,1.2,2.738074e-10,4.98541e-12,3.47633e-12,1.285994e-13,2.381372e-12,3.301359e-12,2.36278e-12
7.80495e-05,3.3,3.3,1.2,0.003293783,3.296372,0.002303911,1.399064e-07,1.2,1.453939e-11,3.300013,0.06725278,7.399856e-06,1.2,2.73916e-10,4.987598e-12,3.47633e-12,1.286079e-13,2.382754e-12,3.301803e-12,2.363695e-12
7.81495e-05,3.3,3.3,1.2,0.003316321,3.296367,0.002307494,1.402585e-07,1.2,1.457552e-11,3.300013,0.06735777,7.402645e-06,1.2,2.740192e-10,5.108174e-12,3.488765e-12,1.291114e-13,2.384409e-12,3.301803e-12,2.36487e-12
7.82495e-05,3.3,3.3,1.2,0.003667249,3.296366,0.002311164,1.428574e-07,1.2,1.48428e-11,3.300013,0.06746275,7.40564e-06,1.2,2.741299e-10,5.432238e-12,3.523848e-12,1.313959e-13,2.389093e-12,3.301803e-12,2.365828e-12
7.83495e-05,3.3,3.3,1.2,0.003537091,3.296357,0.002314682,1.394456e-07,1.2,1.449225e-11,3.300013,0.06756772,7.408473e-06,1.2,2.742349e-10,6.16982e-12,3.602008e-12,1.307684e-13,2.387579e-12,3.301803e-12,2.366504e-12
7.843948e-05,3.3,3.3,1.2,0.003526606,3.296351,0.002317895,1.396662e-07,1.2,1.451479e-11,3.300013,0.06766216,7.411332e-06,1.2,2.743406e-10,6.007017e-12,3.585132e-12,1.306044e-13,2.390686e-12,3.301803e-12,2.367687e-12
7.850656e-05,3.3,3.3,1.2,0.003520048,3.296347,0.002320289,1.397664e-07,1.2,1.452502e-11,3.300013,0.06773257,7.41351e-06,1.2,2.744214e-10,5.906297e-12,3.57403e-12,1.304486e-13,2.389092e-12,3.302247e-12,2.368314e-12
7.856001e-05,3.3,3.3,1.2,0.003514837,3.296343,0.002322196,1.398188e-07,1.2,1.453037e-11,3.300013,0.06778866,7.415094e-06,1.2,2.744798e-10,5.848323e-12,3.567813e-12,1.303623e-13,2.389877e-12,3.301803e-12,2.36872e-12
7.861628e-05,3.3,3.3,1.2,0.003509363,3.29634,0.002324203,1.398052e-07,1.2,1.452899e-11,3.300013,0.06784772,7.416734e-06,1.2,2.745405e-10,5.824651e-12,3.565148e-12,1.302694e-13,2.390664e-12,3.301359e-12,2.369274e-12
7.871628e-05,3.3,3.3,1.2,0.003499655,3.296333,0.002327768,1.397881e-07,1.2,1.452723e-11,3.300014,0.06795266,7.4195e-06,1.2,2.746428e-10,5.815965e-12,3.56426e-12,1.30245e-13,2.391997e-12,3.301803e-12,2.370027e-12
7.881628e-05,3.3,3.3,1.2,0.003489974,3.296327,0.002331333,1.3981e-07,1.2,1.452948e-11,3.300014,0.06805759,7.422247e-06,1.2,2.747444e-10,5.809291e-12,3.563816e-12,1.302747e-13,2.390802e-12,3.301803e-12,2.370918e-12
7.891628e-05,3.3,3.3,1.2,0.00348032,3.296321,0.002334896,1.397309e-07,1.2,1.452138e-11,3.300014,0.06816252,7.425324e-06,1.2,2.748582e-10,5.807973e-12,3.563372e-12,1.301869e-13,2.392473e-12,3.301803e-12,2.371895e-12
7.901628e-05,3.3,3.3,1.2,0.003470693,3.296314,0.002338458,1.39676e-07,1.2,1.451578e-11,3.300014,0.06826744,7.428265e-06,1.2,2.749672e-10,5.805726e-12,3.562928e-12,1.301189e-13,2.396904e-12,3.301803e-12,2.373115e-12
7.911628e-05,3.3,3.3,1.2,0.003461092,3.296308,0.002342018,1.396903e-07,1.2,1.451731e-11,3.300014,0.06837235,7.431188e-06,1.2,2.750752e-10,5.80475e-12,3.563372e-12,1.301767e-13,2.395581e-12,3.301803e-12,2.373779e-12
7.921628e-05,3.3,3.3,1.2,0.003451517,3.296301,0.002345578,1.396481e-07,1.2,1.451293e-11,3.300014,0.06847726,7.434412e-06,1.2,2.751944e-10,5.804093e-12,3.562928e-12,1.30109e-13,2.397649e-12,3.301803e-12,2.375057e-12
7.931628e-05,3.3,3.3,1.2,0.00344197,3.296295,0.002349136,1.397759e-07,1.2,1.452599e-11,3.300014,0.06858215,7.437337e-06,1.2,2.753027e-10,5.804456e-12,3.563372e-12,1.302186e-13,2.399028e-12,3.301359e-12,2.375749e-12
7.941628e-05,3.3,3.3,1.2,0.003432448,3.296289,0.002352693,1.396411e-07,1.2,1.451227e-11,3.300014,0.06868704,7.440579e-06,1.2,2.754226e-10,5.80853e-12,3.563372e-12,1.301323e-13,2.400673e-12,3.301803e-12,2.377027e-12
7.951628e-05,3.3,3.3,1.2,0.003422953,3.296282,0.002356249,1.395569e-07,1.2,1.450362e-11,3.300014,0.06879193,7.443533e-06,1.2,2.755318e-10,5.810111e-12,3.563816e-12,1.300343e-13,2.39978e-12,3.301803e-12,2.377747e-12
7.961628e-05,3.3,3.3,1.2,0.003413484,3.296276,0.002359803,1.396403e-07,1.2,1.451218e-11,3.300014,0.0688968,7.446646e-06,1.2,2.756469e-10,5.812512e-12,3.56426e-12,1.301389e-13,2.401452e-12,3.301803e-12,2.378718e-12
7.971628e-05,3.3,3.3,1.2,0.003404042,3.29627,0.002363357,1.396374e-07,1.2,1.451184e-11,3.300014,0.06900167,7.449612e-06,1.2,2.757566e-10,5.814557e-12,3.56426e-12,1.30121e-13,2.400374e-12,3.301359e-12,2.37994e-12
7.981628e-05,3.3,3.3,1.2,0.003394625,3.296263,0.002366909,1.396294e-07,1.2,1.451106e-11,3.300014,0.06910653,7.452881e-06,1.2,2.758776e-10,5.817925e-12,3.56426e-12,1.301284e-13,2.402202e-12,3.301359e-12,2.380725e-12
7.991628e-05,3.3,3.3,1.2,0.003385235,3.296257,0.00237046,1.396348e-07,1.2,1.451161e-11,3.300014,0.06921138,7.455888e-06,1.2,2.75989e-10,5.820641e-12,3.564704e-12,1.301488e-13,2.406779e-12,3.301359e-12,2.381958e-12
8.001628e-05,3.3,3.3,1.2,0.00337587,3.29625,0.00237401,1.395934e-07,1.2,1.450738e-11,3.300014,0.06931622,7.459029e-06,1.2,2.761051e-10,5.823479e-12,3.565148e-12,1.301139e-13,2.40574e-12,3.301803e-12,2.382945e-12
8.011628e-05,3.3,3.3,1.2,0.003366531,3.296244,0.002377558,1.395739e-07,1.2,1.450537e-11,3.300014,0.06942106,7.462025e-06,1.2,2.762158e-10,5.829003e-12,3.565148e-12,1.300915e-13,2.410421e-12,3.301359e-12,2.383664e-12
8.021628e-05,3.3,3.3,1.2,0.003357218,3.296238,0.002381106,1.395351e-07,1.2,1.450143e-11,3.300014,0.06952589,7.46535e-06,1.2,2.76339e-10,5.832027e-12,3.566036e-12,1.300681e-13,2.412183e-12,3.301359e-12,2.38498e-12
8.031628e-05,3.3,3.3,1.2,0.003347931,3.296231,0.002384652,1.394388e-07,1.2,1.449161e-11,3.300014,0.06963072,7.468378e-06,1.2,2.764511e-10,5.835396e-12,3.566036e-12,1.300029e-13,2.41098e-12,3.301359e-12,2.385704e-12
8.041628e-05,3.3,3.3,1.2,0.003338669,3.296225,0.002388197,1.393336e-07,1.2,1.448063e-11,3.300014,0.06973553,7.471561e-06,1.2,2.765688e-10,5.838907e-12,3.566925e-12,1.298993e-13,2.412782e-12,3.301359e-12,2.386704e-12
8.051628e-05,3.3,3.3,1.2,0.003329426,3.296219,0.002391741,1.394955e-07,1.2,1.449742e-11,3.300014,0.06984034,7.474621e-06,1.2,2.766819e-10,5.842493e-12,3.56648e-12,1.300824e-13,2.414774e-12,3.301359e-12,2.387969e-12
8.061628e-05,3.3,3.3,1.2,0.003320157,3.296212,0.002395283,1.394159e-07,1.2,1.448926e-11,3.300014,0.06994514,7.477861e-06,1.2,2.768018e-10,5.846431e-12,3.567369e-12,1.299939e-13,2.413683e-12,3.301359e-12,2.389019e-12
8.071628e-05,3.3,3.3,1.2,0.003310899,3.296206,0.002398825,1.393641e-07,1.2,1.448376e-11,3.300014,0.07004993,7.481078e-06,1.2,2.769208e-10,5.850105e-12,3.567813e-12,1.299599e-13,2.415545e-12,3.301803e-12,2.390023e-12
8.081628e-05,3.3,3.3,1.2,0.003301707,3.296199,0.002402365,1.394307e-07,1.2,1.449058e-11,3.300014,0.07015472,7.484165e-06,1.2,2.77035e-10,5.853161e-12,3.568701e-12,1.30049e-13,2.414498e-12,3.302247e-12,2.390776e-12
8.091628e-05,3.3,3.3,1.2,0.003295879,3.296193,0.002405905,1.394555e-07,1.2,1.449331e-11,3.300014,0.0702595,7.487443e-06,1.2,2.771562e-10,5.871954e-12,3.569589e-12,1.300857e-13,2.416359e-12,3.301803e-12,2.391812e-12
8.101628e-05,3.3,3.3,1.2,0.003405894,3.296189,0.002409481,1.406986e-07,1.2,1.462102e-11,3.300014,0.07036427,7.490583e-06,1.2,2.772725e-10,6.264918e-12,3.612222e-12,1.316589e-13,2.418017e-12,3.302247e-12,2.393116e-12
8.111628e-05,3.3,3.3,1.2,0.003678805,3.296185,0.002413054,1.394673e-07,1.2,1.449462e-11,3.300014,0.07046903,7.493898e-06,1.2,2.77395e-10,4.854709e-12,3.461675e-12,1.279328e-13,2.416873e-12,3.302247e-12,2.394142e-12
8.121628e-05,3.3,3.3,1.2,0.003534692,3.296178,0.002416584,1.39752e-07,1.2,1.452358e-11,3.300014,0.07057379,7.49731e-06,1.2,2.775212e-10,5.654968e-12,3.546941e-12,1.297761e-13,2.421793e-12,3.301803e-12,2.394955e-12
8.128933e-05,3.3,3.3,1.2,0.003527309,3.296173,0.002419159,1.394478e-07,1.2,1.44925e-11,3.300014,0.07065031,7.49966e-06,1.2,2.776083e-10,6.117936e-12,3.596234e-12,1.305804e-13,2.421896e-12,3.301803e-12,2.395908e-12
8.135132e-05,3.3,3.3,1.2,0.003521268,3.296169,0.002421347,1.393347e-07,1.2,1.448071e-11,3.300014,0.07071525,7.501724e-06,1.2,2.776846e-10,6.2531e-12,3.610889e-12,1.308046e-13,2.421843e-12,3.301803e-12,2.396524e-12
8.141409e-05,3.3,3.3,1.2,0.003515155,3.296165,0.002423564,1.392829e-07,1.2,1.447543e-11,3.300014,0.07078099,7.503859e-06,1.2,2.777635e-10,6.26172e-12,3.611778e-12,1.307474e-13,2.423134e-12,3.301803e-12,2.397242e-12
8.148848e-05,3.3,3.3,1.2,0.003507918,3.29616,0.002426192,1.392505e-07,1.2,1.447191e-11,3.300014,0.07085891,7.506323e-06,1.2,2.778547e-10,6.245556e-12,3.610001e-12,1.307025e-13,2.426694e-12,3.301803e-12,2.398103e-12
8.158848e-05,3.3,3.3,1.2,0.003498214,3.296154,0.002429722,1.392246e-07,1.2,1.446925e-11,3.300014,0.07096364,7.509483e-06,1.2,2.779715e-10,6.235052e-12,3.608669e-12,1.306625e-13,2.426804e-12,3.301803e-12,2.398894e-12
8.168848e-05,3.3,3.3,1.2,0.003488537,3.296147,0.002433252,1.39115e-07,1.2,1.445803e-11,3.300014,0.07106836,7.512556e-06,1.2,2.780853e-10,6.222305e-12,3.606893e-12,1.30527e-13,2.42848e-12,3.301359e-12,2.399889e-12
8.178848e-05,3.3,3.3,1.2,0.003478886,3.296141,0.002436781,1.391872e-07,1.2,1.446547e-11,3.300014,0.07117308,7.515675e-06,1.2,2.782006e-10,6.211232e-12,3.606004e-12,1.306136e-13,2.427534e-12,3.301803e-12,2.400909e-12
8.188848e-05,3.3,3.3,1.2,0.003469263,3.296134,0.002440308,1.392136e-07,1.2,1.446832e-11,3.300014,0.07127779,7.51897e-06,1.2,2.783224e-10,6.203144e-12,3.60556e-12,1.30597e-13,2.4298e-12,3.301803e-12,2.402248e-12
8.198848e-05,3.3,3.3,1.2,0.003459666,3.296128,0.002443834,1.392063e-07,1.2,1.446756e-11,3.300014,0.07138249,7.522267e-06,1.2,2.784444e-10,6.195934e-12,3.604672e-12,1.30545e-13,2.431582e-12,3.301359e-12,2.403014e-12
8.208848e-05,3.3,3.3,1.2,0.003450095,3.296122,0.002447359,1.39183e-07,1.2,1.446506e-11,3.300014,0.07148719,7.525719e-06,1.2,2.785722e-10,6.192828e-12,3.60334e-12,1.305678e-13,2.430742e-12,3.301803e-12,2.404095e-12
8.218848e-05,3.3,3.3,1.2,0.003440551,3.296115,0.002450883,1.391457e-07,1.2,1.446117e-11,3.300014,0.07159187,7.529017e-06,1.2,2.786943e-10,6.188618e-12,3.604228e-12,1.304969e-13,2.43577e-12,3.302247e-12,2.405441e-12
8.228848e-05,3.3,3.3,1.2,0.003431033,3.296109,0.002454405,1.391043e-07,1.2,1.445696e-11,3.300014,0.07169656,7.532284e-06,1.2,2.788152e-10,6.185153e-12,3.60334e-12,1.304368e-13,2.434625e-12,3.301359e-12,2.406217e-12
8.238848e-05,3.3,3.3,1.2,0.003421542,3.296103,0.002457926,1.391261e-07,1.2,1.445925e-11,3.300014,0.07180123,7.535895e-06,1.2,2.789487e-10,6.182766e-12,3.602896e-12,1.30495e-13,2.436628e-12,3.301359e-12,2.407622e-12
8.248848e-05,3.3,3.3,1.2,0.003412077,3.296096,0.002461447,1.391293e-07,1.2,1.445951e-11,3.300014,0.0719059,7.539153e-06,1.2,2.790692e-10,6.180644e-12,3.60334e-12,1.304694e-13,2.436002e-12,3.301359e-12,2.408395e-12
8.258848e-05,3.3,3.3,1.2,0.003402638,3.29609,0.002464966,1.390862e-07,1.2,1.445511e-11,3.300014,0.07201056,7.542596e-06,1.2,2.791966e-10,6.17949e-12,3.602896e-12,1.303994e-13,2.438015e-12,3.301359e-12,2.409485e-12
8.268848e-05,3.3,3.3,1.2,0.003393225,3.296084,0.002468483,1.390351e-07,1.2,1.445e-11,3.300014,0.07211521,7.545906e-06,1.2,2.79319e-10,6.178312e-12,3.602452e-12,1.30417e-13,2.439963e-12,3.301803e-12,2.410847e-12
8.278848e-05,3.3,3.3,1.2,0.003383839,3.296077,0.002472,1.390434e-07,1.2,1.445075e-11,3.300014,0.07221986,7.54951e-06,1.2,2.794523e-10,6.180475e-12,3.602896e-12,1.304029e-13,2.438845e-12,3.301359e-12,2.411715e-12
8.288848e-05,3.3,3.3,1.2,0.003374478,3.296071,0.002475515,1.390571e-07,1.2,1.445216e-11,3.300014,0.0723245,7.552841e-06,1.2,2.795754e-10,6.179946e-12,3.602452e-12,1.304043e-13,2.441084e-12,3.301359e-12,2.413064e-12
8.298848e-05,3.3,3.3,1.2,0.003365143,3.296064,0.002479029,1.390626e-07,1.2,1.445274e-11,3.300014,0.07242913,7.556176e-06,1.2,2.796988e-10,6.179861e-12,3.602008e-12,1.304129e-13,2.443138e-12,3.301359e-12,2.413865e-12
8.308848e-05,3.3,3.3,1.2,0.003355834,3.296058,0.002482542,1.389638e-07,1.2,1.444265e-11,3.300014,0.07253376,7.559838e-06,1.2,2.798343e-10,6.180377e-12,3.602896e-12,1.303144e-13,2.444881e-12,3.301359e-12,2.415272e-12
8.318848e-05,3.3,3.3,1.2,0.00334655,3.296052,0.002486054,1.389185e-07,1.2,1.443806e-11,3.300014,0.07263837,7.563195e-06,1.2,2.799585e-10,6.180538e-12,3.602896e-12,1.302955e-13,2.447249e-12,3.301803e-12,2.416123e-12
8.328848e-05,3.3,3.3,1.2,0.003337291,3.296045,0.002489565,1.389745e-07,1.2,1.444374e-11,3.300014,0.07274299,7.566697e-06,1.2,2.800882e-10,6.180743e-12,3.602452e-12,1.303438e-13,2.449296e-12,3.301803e-12,2.417213e-12
8.338848e-05,3.3,3.3,1.2,0.003328032,3.296039,0.002493075,1.390039e-07,1.2,1.444675e-11,3.300014,0.07284759,7.570071e-06,1.2,2.80213e-10,6.18099e-12,3.602896e-12,1.303363e-13,2.451164e-12,3.301803e-12,2.418574e-12
8.348848e-05,3.3,3.3,1.2,0.003318753,3.296033,0.002496583,1.389086e-07,1.2,1.443702e-11,3.300014,0.07295219,7.5736e-06,1.2,2.803434e-10,6.181701e-12,3.602896e-12,1.302468e-13,2.450205e-12,3.301803e-12,2.419697e-12
8.358848e-05,3.3,3.3,1.2,0.003309503,3.296026,0.00250009,1.388257e-07,1.2,1.442861e-11,3.300014,0.07305678,7.576962e-06,1.2,2.80468e-10,6.182003e-12,3.602452e-12,1.302185e-13,2.452515e-12,3.302247e-12,2.420542e-12
8.368848e-05,3.3,3.3,1.2,0.003300594,3.29602,0.002503596,1.388935e-07,1.2,1.443548e-11,3.300014,0.07316137,7.580695e-06,1.2,2.80606e-10,6.184448e-12,3.602896e-12,1.302764e-13,2.451547e-12,3.302247e-12,2.421964e-12
8.378848e-05,3.3,3.3,1.2,0.003310861,3.296014,0.002507107,1.391297e-07,1.2,1.445966e-11,3.300014,0.07326594,7.5841e-06,1.2,2.807319e-10,6.261099e-12,3.611333e-12,1.305587e-13,2.453475e-12,3.302247e-12,2.422817e-12
8.388848e-05,3.3,3.3,1.2,0.003614023,3.296012,0.002510703,1.417005e-07,1.2,1.472365e-11,3.300014,0.07337052,7.587553e-06,1.2,2.808597e-10,6.814131e-12,3.670397e-12,1.333328e-13,2.452883e-12,3.302691e-12,2.424193e-12
8.398848e-05,3.3,3.3,1.2,0.003550768,3.296003,0.002514149,1.374506e-07,1.2,1.428733e-11,3.300014,0.07347508,7.591287e-06,1.2,2.809979e-10,6.353516e-12,3.620659e-12,1.296623e-13,2.455171e-12,3.301803e-12,2.425094e-12
8.408848e-05,3.3,3.3,1.2,0.003532585,3.295997,0.002517661,1.382383e-07,1.2,1.436823e-11,3.300014,0.07357964,7.594838e-06,1.2,2.811292e-10,5.561717e-12,3.537171e-12,1.285163e-13,2.457417e-12,3.301803e-12,2.426228e-12
8.415661e-05,3.3,3.3,1.2,0.003525876,3.295993,0.002520051,1.386652e-07,1.2,1.441206e-11,3.300014,0.07365086,7.597304e-06,1.2,2.812203e-10,5.169756e-12,3.495426e-12,1.279982e-13,2.459934e-12,3.301803e-12,2.427241e-12
8.421565e-05,3.3,3.3,1.2,0.003520105,3.29599,0.002522119,1.388314e-07,1.2,1.442925e-11,3.300014,0.07371259,7.599363e-06,1.2,2.812964e-10,5.105885e-12,3.488321e-12,1.279096e-13,2.460141e-12,3.301803e-12,2.427758e-12
8.427543e-05,3.3,3.3,1.2,0.00351428,3.295986,0.002524211,1.388096e-07,1.2,1.442702e-11,3.300014,0.07377509,7.601427e-06,1.2,2.813727e-10,5.146299e-12,3.492318e-12,1.279975e-13,2.460049e-12,3.301803e-12,2.428297e-12
8.437543e-05,3.3,3.3,1.2,0.003504558,3.295979,0.002527709,1.387508e-07,1.2,1.442089e-11,3.300014,0.07387963,7.605174e-06,1.2,2.815113e-10,5.178346e-12,3.49587e-12,1.28034e-13,2.463306e-12,3.301359e-12,2.429807e-12
8.447543e-05,3.3,3.3,1.2,0.003494864,3.295973,0.002531205,1.386692e-07,1.2,1.441251e-11,3.300014,0.07398416,7.608662e-06,1.2,2.816406e-10,5.206899e-12,3.499423e-12,1.279947e-13,2.465494e-12,3.301359e-12,2.430699e-12
8.457543e-05,3.3,3.3,1.2,0.003485196,3.295967,0.002534701,1.386249e-07,1.2,1.440777e-11,3.300014,0.07408868,7.612169e-06,1.2,2.817702e-10,5.232176e-12,3.501643e-12,1.280016e-13,2.464829e-12,3.301803e-12,2.432082e-12
8.467543e-05,3.3,3.3,1.2,0.003475555,3.29596,0.002538195,1.386701e-07,1.2,1.441262e-11,3.300014,0.0741932,7.615706e-06,1.2,2.819013e-10,5.253677e-12,3.503864e-12,1.281084e-13,2.467046e-12,3.301803e-12,2.432969e-12
8.477543e-05,3.3,3.3,1.2,0.003465941,3.295954,0.002541688,1.387241e-07,1.2,1.44181e-11,3.300014,0.07429771,7.619556e-06,1.2,2.820437e-10,5.269008e-12,3.50564e-12,1.281832e-13,2.466406e-12,3.301803e-12,2.434422e-12
8.487543e-05,3.3,3.3,1.2,0.003456353,3.295947,0.002545179,1.387682e-07,1.2,1.442282e-11,3.300014,0.07440222,7.623119e-06,1.2,2.821755e-10,5.283941e-12,3.507861e-12,1.282594e-13,2.468627e-12,3.301803e-12,2.435343e-12
8.497543e-05,3.3,3.3,1.2,0.003446791,3.295941,0.00254867,1.386507e-07,1.2,1.441057e-11,3.300014,0.07450672,7.62685e-06,1.2,2.823135e-10,5.296647e-12,3.509637e-12,1.28161e-13,2.467913e-12,3.301359e-12,2.436523e-12
8.507543e-05,3.3,3.3,1.2,0.003437257,3.295935,0.00255216,1.38598e-07,1.2,1.440503e-11,3.300014,0.07461121,7.630462e-06,1.2,2.824471e-10,5.307033e-12,3.509193e-12,1.281609e-13,2.473213e-12,3.301803e-12,2.437936e-12
8.517543e-05,3.3,3.3,1.2,0.003427748,3.295928,0.002555648,1.386896e-07,1.2,1.441456e-11,3.300014,0.0747157,7.634065e-06,1.2,2.825804e-10,5.31597e-12,3.510525e-12,1.282621e-13,2.47249e-12,3.301803e-12,2.438853e-12
8.527543e-05,3.3,3.3,1.2,0.003418266,3.295922,0.002559135,1.385914e-07,1.2,1.440451e-11,3.300014,0.07482018,7.637969e-06,1.2,2.827248e-10,5.323411e-12,3.511413e-12,1.281626e-13,2.47469e-12,3.301803e-12,2.440336e-12
8.537543e-05,3.3,3.3,1.2,0.00340881,3.295916,0.002562621,1.384936e-07,1.2,1.43943e-11,3.300014,0.07492465,7.64158e-06,1.2,2.828583e-10,5.330163e-12,3.512746e-12,1.28056e-13,2.47409e-12,3.301803e-12,2.441245e-12
8.547543e-05,3.3,3.3,1.2,0.00339938,3.295909,0.002566106,1.385626e-07,1.2,1.440143e-11,3.300014,0.07502911,7.645352e-06,1.2,2.829979e-10,5.335557e-12,3.512746e-12,1.281844e-13,2.476243e-12,3.301803e-12,2.442435e-12
8.557543e-05,3.3,3.3,1.2,0.003389976,3.295903,0.00256959,1.384966e-07,1.2,1.439462e-11,3.300014,0.07513357,7.648858e-06,1.2,2.831276e-10,5.341625e-12,3.51319e-12,1.281121e-13,2.47574e-12,3.301803e-12,2.443605e-12
8.567543e-05,3.3,3.3,1.2,0.003380599,3.295896,0.002573072,1.38453e-07,1.2,1.43902e-11,3.300014,0.07523803,7.652838e-06,1.2,2.832748e-10,5.34477e-12,3.513634e-12,1.281028e-13,2.478264e-12,3.302247e-12,2.445112e-12
8.577543e-05,3.3,3.3,1.2,0.003371247,3.29589,0.002576553,1.385409e-07,1.2,1.439917e-11,3.300014,0.07534247,7.656502e-06,1.2,2.834103e-10,5.348906e-12,3.514078e-12,1.282025e-13,2.480515e-12,3.301803e-12,2.446034e-12
8.587543e-05,3.3,3.3,1.2,0.003361921,3.295884,0.002580034,1.38496e-07,1.2,1.439454e-11,3.300014,0.07544691,7.660324e-06,1.2,2.835519e-10,5.352539e-12,3.513634e-12,1.281449e-13,2.482459e-12,3.301803e-12,2.447232e-12
8.597543e-05,3.3,3.3,1.2,0.00335262,3.295877,0.002583513,1.384513e-07,1.2,1.438998e-11,3.300014,0.07555135,7.664015e-06,1.2,2.836882e-10,5.355814e-12,3.514966e-12,1.280853e-13,2.484902e-12,3.302247e-12,2.448696e-12
8.607543e-05,3.3,3.3,1.2,0.003343345,3.295871,0.002586991,1.383385e-07,1.2,1.437852e-11,3.300014,0.07565578,7.667733e-06,1.2,2.838259e-10,5.359446e-12,3.514966e-12,1.280167e-13,2.487305e-12,3.302247e-12,2.449643e-12
8.617543e-05,3.3,3.3,1.2,0.003334086,3.295865,0.002590467,1.383048e-07,1.2,1.437506e-11,3.300014,0.0757602,7.67175e-06,1.2,2.839745e-10,5.362289e-12,3.51541e-12,1.279928e-13,2.486442e-12,3.301803e-12,2.451175e-12
8.627543e-05,3.3,3.3,1.2,0.003324801,3.295858,0.002593943,1.383211e-07,1.2,1.437672e-11,3.300014,0.07586461,7.675456e-06,1.2,2.841115e-10,5.36601e-12,3.51541e-12,1.27993e-13,2.4888e-12,3.301803e-12,2.452109e-12
8.637543e-05,3.3,3.3,1.2,0.003315531,3.295852,0.002597417,1.383246e-07,1.2,1.437708e-11,3.300014,0.07596902,7.679224e-06,1.2,2.842509e-10,5.368719e-12,3.516298e-12,1.280319e-13,2.488284e-12,3.301803e-12,2.453591e-12
8.647543e-05,3.3,3.3,1.2,0.003306343,3.295845,0.00260089,1.384105e-07,1.2,1.438583e-11,3.300014,0.07607342,7.682982e-06,1.2,2.843899e-10,5.371153e-12,3.516298e-12,1.281002e-13,2.490424e-12,3.301803e-12,2.454537e-12
8.657543e-05,3.3,3.3,1.2,0.003301719,3.295839,0.002604364,1.384437e-07,1.2,1.438924e-11,3.300014,0.07617782,7.68706e-06,1.2,2.845407e-10,5.393903e-12,3.518519e-12,1.281406e-13,2.489845e-12,3.301359e-12,2.456087e-12
8.667543e-05,3.3,3.3,1.2,0.003438917,3.295835,0.002607882,1.39916e-07,1.2,1.45403e-11,3.300014,0.0762822,7.690926e-06,1.2,2.846837e-10,5.852556e-12,3.566925e-12,1.30045e-13,2.491976e-12,3.301803e-12,2.457314e-12
8.677543e-05,3.3,3.3,1.2,0.003656319,3.29583,0.002611365,1.377072e-07,1.2,1.431373e-11,3.300014,0.07638659,7.694705e-06,1.2,2.848234e-10,4.175646e-12,3.389289e-12,1.250865e-13,2.491446e-12,3.301359e-12,2.458274e-12
8.687543e-05,3.3,3.3,1.2,0.003539034,3.295824,0.002614836,1.383052e-07,1.2,1.437519e-11,3.300014,0.07649096,7.698662e-06,1.2,2.849699e-10,4.379111e-12,3.411049e-12,1.259113e-13,2.496909e-12,3.301803e-12,2.45953e-12
8.695056e-05,3.3,3.3,1.2,0.003531446,3.295819,0.002617439,1.382527e-07,1.2,1.436983e-11,3.300014,0.07656938,7.701547e-06,1.2,2.850766e-10,4.551669e-12,3.429257e-12,1.262357e-13,2.497093e-12,3.302247e-12,2.460665e-12
8.700928e-05,3.3,3.3,1.2,0.003525708,3.295815,0.002619473,1.382502e-07,1.2,1.436956e-11,3.300014,0.07663066,7.703952e-06,1.2,2.851657e-10,4.638875e-12,3.438139e-12,1.264327e-13,2.496418e-12,3.301803e-12,2.461361e-12
8.706865e-05,3.3,3.3,1.2,0.003519917,3.295811,0.002621531,1.3823e-07,1.2,1.436749e-11,3.300014,0.07669262,7.706326e-06,1.2,2.852536e-10,4.676447e-12,3.44258e-12,1.264653e-13,2.501677e-12,3.301359e-12,2.462016e-12
8.71497e-05,3.3,3.3,1.2,0.003512024,3.295806,0.002624339,1.383038e-07,1.2,1.437502e-11,3.300014,0.0767772,7.709505e-06,1.2,2.853711e-10,4.688463e-12,3.443912e-12,1.26594e-13,2.501289e-12,3.301803e-12,2.463167e-12
8.72497e-05,3.3,3.3,1.2,0.003502308,3.295799,0.002627803,1.38234e-07,1.2,1.436787e-11,3.300015,0.07688155,7.713254e-06,1.2,2.8551e-10,4.695808e-12,3.4448e-12,1.264989e-13,2.503076e-12,3.302247e-12,2.464214e-12
8.73497e-05,3.3,3.3,1.2,0.00349262,3.295793,0.002631266,1.382539e-07,1.2,1.436996e-11,3.300015,0.0769859,7.717098e-06,1.2,2.85652e-10,4.699815e-12,3.4448e-12,1.265517e-13,2.499705e-12,3.301359e-12,2.465753e-12
8.74497e-05,3.3,3.3,1.2,0.003482958,3.295787,0.002634728,1.382212e-07,1.2,1.436659e-11,3.300015,0.07709024,7.720964e-06,1.2,2.857951e-10,4.70327e-12,3.445244e-12,1.265218e-13,2.501938e-12,3.301803e-12,2.466712e-12
8.75497e-05,3.3,3.3,1.2,0.003473323,3.29578,0.002638188,1.382013e-07,1.2,1.436455e-11,3.300015,0.07719457,7.725048e-06,1.2,2.859461e-10,4.705813e-12,3.446132e-12,1.264911e-13,2.501491e-12,3.301803e-12,2.468022e-12
8.76497e-05,3.3,3.3,1.2,0.003463714,3.295774,0.002641648,1.381975e-07,1.2,1.436422e-11,3.300015,0.0772989,7.728962e-06,1.2,2.860909e-10,4.707092e-12,3.445688e-12,1.26535e-13,2.506808e-12,3.301803e-12,2.469548e-12
8.77497e-05,3.3,3.3,1.2,0.003454132,3.295768,0.002645106,1.381372e-07,1.2,1.435799e-11,3.300015,0.07740322,7.73292e-06,1.2,2.862374e-10,4.707414e-12,3.445244e-12,1.264526e-13,2.506212e-12,3.301359e-12,2.470572e-12
8.78497e-05,3.3,3.3,1.2,0.003444577,3.295761,0.002648564,1.381571e-07,1.2,1.436003e-11,3.300015,0.07750753,7.737185e-06,1.2,2.863951e-10,4.707513e-12,3.445244e-12,1.264446e-13,2.508751e-12,3.301359e-12,2.472156e-12
8.79497e-05,3.3,3.3,1.2,0.003435048,3.295755,0.002652019,1.380497e-07,1.2,1.434889e-11,3.300015,0.07761184,7.741064e-06,1.2,2.865387e-10,4.707112e-12,3.445244e-12,1.26367e-13,2.507998e-12,3.301359e-12,2.47312e-12
8.80497e-05,3.3,3.3,1.2,0.003425545,3.295748,0.002655474,1.380068e-07,1.2,1.43445e-11,3.300015,0.07771614,7.745142e-06,1.2,2.866894e-10,4.706735e-12,3.445688e-12,1.263358e-13,2.51067e-12,3.300915e-12,2.474418e-12
8.81497e-05,3.3,3.3,1.2,0.003416069,3.295742,0.002658928,1.379629e-07,1.2,1.433996e-11,3.300015,0.07782044,7.749087e-06,1.2,2.868353e-10,4.705324e-12,3.445244e-12,1.262528e-13,2.510188e-12,3.301359e-12,2.47599e-12
8.82497e-05,3.3,3.3,1.2,0.003406619,3.295736,0.002662381,1.380253e-07,1.2,1.434621e-11,3.300015,0.07792473,7.753061e-06,1.2,2.869822e-10,4.704429e-12,3.445688e-12,1.263533e-13,2.512258e-12,3.301359e-12,2.47698e-12
8.83497e-05,3.3,3.3,1.2,0.003397195,3.295729,0.002665832,1.380657e-07,1.2,1.435069e-11,3.300015,0.07802901,7.757355e-06,1.2,2.871412e-10,4.703228e-12,3.445244e-12,1.263519e-13,2.51482e-12,3.301359e-12,2.478628e-12
8.84497e-05,3.3,3.3,1.2,0.003387797,3.295723,0.002669282,1.379627e-07,1.2,1.433978e-11,3.300015,0.07813329,7.761333e-06,1.2,2.872884e-10,4.701961e-12,3.4448e-12,1.262662e-13,2.517229e-12,3.301803e-12,2.479642e-12
8.85497e-05,3.3,3.3,1.2,0.003378425,3.295717,0.002672731,1.379875e-07,1.2,1.434232e-11,3.300015,0.07823756,7.765479e-06,1.2,2.874417e-10,4.700907e-12,3.4448e-12,1.263046e-13,2.519627e-12,3.301803e-12,2.480933e-12
8.86497e-05,3.3,3.3,1.2,0.003369079,3.29571,0.002676179,1.379855e-07,1.2,1.434231e-11,3.300015,0.07834183,7.769468e-06,1.2,2.875893e-10,4.699368e-12,3.4448e-12,1.262928e-13,2.522157e-12,3.301359e-12,2.482507e-12
8.87497e-05,3.3,3.3,1.2,0.003359758,3.295704,0.002679626,1.379565e-07,1.2,1.433934e-11,3.300015,0.07844609,7.773786e-06,1.2,2.877492e-10,4.697972e-12,3.4448e-12,1.262509e-13,2.521903e-12,3.301359e-12,2.483601e-12
8.88497e-05,3.3,3.3,1.2,0.003350463,3.295697,0.002683072,1.379251e-07,1.2,1.433594e-11,3.300015,0.07855034,7.777813e-06,1.2,2.878982e-10,4.696637e-12,3.444356e-12,1.262285e-13,2.524255e-12,3.301803e-12,2.485182e-12
8.89497e-05,3.3,3.3,1.2,0.003341193,3.295691,0.002686516,1.379064e-07,1.2,1.433403e-11,3.300015,0.07865459,7.781826e-06,1.2,2.880464e-10,4.69519e-12,3.4448e-12,1.2622e-13,2.523819e-12,3.301803e-12,2.486193e-12
8.90497e-05,3.3,3.3,1.2,0.003331917,3.295685,0.00268996,1.379209e-07,1.2,1.43355e-11,3.300015,0.07875883,7.786073e-06,1.2,2.882036e-10,4.692636e-12,3.443468e-12,1.262044e-13,2.526333e-12,3.301803e-12,2.487549e-12
8.91497e-05,3.3,3.3,1.2,0.003322625,3.295678,0.002693402,1.378851e-07,1.2,1.433187e-11,3.300015,0.07886306,7.79032e-06,1.2,2.883608e-10,4.690984e-12,3.443912e-12,1.261908e-13,2.525737e-12,3.302247e-12,2.48891e-12
8.92497e-05,3.3,3.3,1.2,0.003313367,3.295672,0.002696843,1.377953e-07,1.2,1.432266e-11,3.300015,0.07896729,7.794547e-06,1.2,2.885171e-10,4.689875e-12,3.443912e-12,1.260897e-13,2.525371e-12,3.301803e-12,2.490247e-12
8.93497e-05,3.3,3.3,1.2,0.003304644,3.295666,0.002700283,1.378455e-07,1.2,1.432779e-11,3.300015,0.07907151,7.79863e-06,1.2,2.886681e-10,4.690564e-12,3.443468e-12,1.261192e-13,2.530795e-12,3.301803e-12,2.491866e-12
8.94497e-05,3.3,3.3,1.2,0.003324155,3.29566,0.002703731,1.380931e-07,1.2,1.435325e-11,3.300015,0.07917573,7.803041e-06,1.2,2.888314e-10,4.798425e-12,3.455014e-12,1.26498e-13,2.53036e-12,3.301803e-12,2.492982e-12
8.95497e-05,3.3,3.3,1.2,0.003667062,3.295659,0.002707267,1.408487e-07,1.2,1.463653e-11,3.300015,0.07927994,7.807262e-06,1.2,2.889875e-10,5.184504e-12,3.496314e-12,1.291208e-13,2.535858e-12,3.302247e-12,2.494328e-12
8.96497e-05,3.3,3.3,1.2,0.003548843,3.29565,0.00271065,1.37304e-07,1.2,1.427207e-11,3.300015,0.07938415,7.81136e-06,1.2,2.89139e-10,5.68395e-12,3.549161e-12,1.278917e-13,2.535434e-12,3.302247e-12,2.495944e-12
8.974065e-05,3.3,3.3,1.2,0.003537521,3.295644,0.002713778,1.375463e-07,1.2,1.429722e-11,3.300015,0.07947892,7.815248e-06,1.2,2.892828e-10,5.368388e-12,3.515854e-12,1.273238e-13,2.538495e-12,3.301803e-12,2.497204e-12
8.980916e-05,3.3,3.3,1.2,0.003530792,3.29564,0.002716133,1.376022e-07,1.2,1.430294e-11,3.300015,0.0795503,7.818125e-06,1.2,2.893894e-10,5.204699e-12,3.498091e-12,1.270447e-13,2.537765e-12,3.301803e-12,2.497899e-12
8.986365e-05,3.3,3.3,1.2,0.003525462,3.295636,0.002718005,1.376342e-07,1.2,1.430621e-11,3.300015,0.07960707,7.820566e-06,1.2,2.894796e-10,5.1473e-12,3.492318e-12,1.26956e-13,2.538149e-12,3.301803e-12,2.498772e-12
8.992027e-05,3.3,3.3,1.2,0.003519937,3.295633,0.002719949,1.377054e-07,1.2,1.431348e-11,3.300015,0.07966607,7.822982e-06,1.2,2.89569e-10,5.133985e-12,3.490985e-12,1.269631e-13,2.539179e-12,3.301803e-12,2.499568e-12
9.002027e-05,3.3,3.3,1.2,0.0035102,3.295626,0.002723381,1.376667e-07,1.2,1.430951e-11,3.300015,0.07977025,7.827082e-06,1.2,2.897208e-10,5.133196e-12,3.490541e-12,1.269157e-13,2.538572e-12,3.301359e-12,2.500719e-12
9.012027e-05,3.3,3.3,1.2,0.003500489,3.29562,0.002726812,1.376361e-07,1.2,1.430641e-11,3.300015,0.07987442,7.831441e-06,1.2,2.898819e-10,5.132423e-12,3.490541e-12,1.268951e-13,2.543928e-12,3.301359e-12,2.502082e-12
9.022027e-05,3.3,3.3,1.2,0.003490806,3.295613,0.002730242,1.37613e-07,1.2,1.430404e-11,3.300015,0.07997859,7.83564e-06,1.2,2.900371e-10,5.132758e-12,3.491429e-12,1.268684e-13,2.543561e-12,3.301803e-12,2.503725e-12
9.032027e-05,3.3,3.3,1.2,0.003481149,3.295607,0.00273367,1.376668e-07,1.2,1.430953e-11,3.300015,0.08008276,7.840166e-06,1.2,2.902047e-10,5.133816e-12,3.490985e-12,1.269117e-13,2.54639e-12,3.301359e-12,2.504897e-12
9.042027e-05,3.3,3.3,1.2,0.003471519,3.295601,0.002737098,1.376545e-07,1.2,1.43083e-11,3.300015,0.08018692,7.844416e-06,1.2,2.903619e-10,5.135203e-12,3.490985e-12,1.269165e-13,2.545887e-12,3.301359e-12,2.506538e-12
9.052027e-05,3.3,3.3,1.2,0.003461916,3.295594,0.002740524,1.376123e-07,1.2,1.4304e-11,3.300015,0.08029107,7.848682e-06,1.2,2.905199e-10,5.136335e-12,3.491429e-12,1.269002e-13,2.548672e-12,3.301803e-12,2.507665e-12
9.062027e-05,3.3,3.3,1.2,0.003452339,3.295588,0.00274395,1.37632e-07,1.2,1.430595e-11,3.300015,0.08039521,7.853114e-06,1.2,2.906837e-10,5.138091e-12,3.490985e-12,1.268887e-13,2.548228e-12,3.301803e-12,2.509049e-12
9.072027e-05,3.3,3.3,1.2,0.003442789,3.295582,0.002747374,1.375803e-07,1.2,1.430073e-11,3.300015,0.08049935,7.857409e-06,1.2,2.908425e-10,5.140048e-12,3.490985e-12,1.268685e-13,2.547922e-12,3.301803e-12,2.510706e-12
9.082027e-05,3.3,3.3,1.2,0.003433265,3.295575,0.002750797,1.376019e-07,1.2,1.430292e-11,3.300015,0.08060349,7.861841e-06,1.2,2.910067e-10,5.141529e-12,3.491429e-12,1.268922e-13,2.553628e-12,3.301803e-12,2.512135e-12
9.092027e-05,3.3,3.3,1.2,0.003423768,3.295569,0.002754219,1.375815e-07,1.2,1.430079e-11,3.300015,0.08070762,7.866149e-06,1.2,2.911658e-10,5.143401e-12,3.492318e-12,1.268394e-13,2.556075e-12,3.302247e-12,2.513246e-12
9.102027e-05,3.3,3.3,1.2,0.003414297,3.295562,0.00275764,1.37542e-07,1.2,1.429687e-11,3.300015,0.08081174,7.870791e-06,1.2,2.913378e-10,5.145787e-12,3.491873e-12,1.268656e-13,2.558682e-12,3.301359e-12,2.514976e-12
9.112027e-05,3.3,3.3,1.2,0.003404852,3.295556,0.002761059,1.375692e-07,1.2,1.429956e-11,3.300015,0.08091585,7.875123e-06,1.2,2.914978e-10,5.147707e-12,3.492318e-12,1.268681e-13,2.558338e-12,3.301359e-12,2.516121e-12
9.122027e-05,3.3,3.3,1.2,0.003395433,3.29555,0.002764478,1.375107e-07,1.2,1.429361e-11,3.300015,0.08101996,7.879641e-06,1.2,2.91665e-10,5.150281e-12,3.492762e-12,1.268135e-13,2.561275e-12,3.301359e-12,2.517556e-12
9.132027e-05,3.3,3.3,1.2,0.00338604,3.295543,0.002767895,1.375171e-07,1.2,1.429429e-11,3.300015,0.08112407,7.883993e-06,1.2,2.918261e-10,5.151468e-12,3.493206e-12,1.268371e-13,2.560614e-12,3.301803e-12,2.519195e-12
9.142027e-05,3.3,3.3,1.2,0.003376673,3.295537,0.002771311,1.374333e-07,1.2,1.42857e-11,3.300015,0.08122817,7.888339e-06,1.2,2.919867e-10,5.154067e-12,3.493206e-12,1.267557e-13,2.56039e-12,3.301359e-12,2.520365e-12
9.152027e-05,3.3,3.3,1.2,0.003367332,3.295531,0.002774726,1.375191e-07,1.2,1.429448e-11,3.300015,0.08133226,7.893052e-06,1.2,2.921613e-10,5.1561e-12,3.493206e-12,1.268382e-13,2.563306e-12,3.301359e-12,2.522135e-12
9.162027e-05,3.3,3.3,1.2,0.003358016,3.295524,0.00277814,1.375205e-07,1.2,1.429463e-11,3.300015,0.08143635,7.897461e-06,1.2,2.923241e-10,5.158295e-12,3.493206e-12,1.268605e-13,2.56321e-12,3.301359e-12,2.523285e-12
9.172027e-05,3.3,3.3,1.2,0.003348727,3.295518,0.002781553,1.374537e-07,1.2,1.428779e-11,3.300015,0.08154043,7.902026e-06,1.2,2.924933e-10,5.160503e-12,3.494094e-12,1.268043e-13,2.568748e-12,3.301803e-12,2.52472e-12
9.182027e-05,3.3,3.3,1.2,0.003339455,3.295511,0.002784965,1.374632e-07,1.2,1.428875e-11,3.300015,0.0816445,7.906447e-06,1.2,2.926567e-10,5.162121e-12,3.493206e-12,1.268064e-13,2.568711e-12,3.301803e-12,2.526429e-12
9.192027e-05,3.3,3.3,1.2,0.003330159,3.295505,0.002788375,1.375e-07,1.2,1.429251e-11,3.300015,0.08174857,7.910897e-06,1.2,2.928214e-10,5.165255e-12,3.49365e-12,1.268487e-13,2.571124e-12,3.301803e-12,2.527598e-12
9.202027e-05,3.3,3.3,1.2,0.003320873,3.295499,0.002791785,1.374093e-07,1.2,1.428303e-11,3.300015,0.08185263,7.91554e-06,1.2,2.92993e-10,5.167334e-12,3.494094e-12,1.267524e-13,2.573695e-12,3.302247e-12,2.529054e-12
9.212027e-05,3.3,3.3,1.2,0.003311652,3.295492,0.002795193,1.374179e-07,1.2,1.428394e-11,3.300015,0.08195669,7.920023e-06,1.2,2.931589e-10,5.168897e-12,3.494538e-12,1.267842e-13,2.573543e-12,3.302247e-12,2.530787e-12
9.222027e-05,3.3,3.3,1.2,0.003305737,3.295486,0.002798601,1.375276e-07,1.2,1.429537e-11,3.300015,0.08206074,7.924821e-06,1.2,2.933363e-10,5.185738e-12,3.496314e-12,1.269189e-13,2.57591e-12,3.301803e-12,2.532033e-12
9.232027e-05,3.3,3.3,1.2,0.003414274,3.295482,0.002802045,1.38687e-07,1.2,1.441447e-11,3.300015,0.08216479,7.929164e-06,1.2,2.93497e-10,5.572143e-12,3.538059e-12,1.283929e-13,2.575657e-12,3.301359e-12,2.533439e-12
9.242027e-05,3.3,3.3,1.2,0.003690057,3.295477,0.002805488,1.374716e-07,1.2,1.42897e-11,3.300015,0.08226883,7.934009e-06,1.2,2.936762e-10,4.179147e-12,3.389289e-12,1.246503e-13,2.581451e-12,3.301803e-12,2.535255e-12
9.252027e-05,3.3,3.3,1.2,0.003544514,3.295471,0.002808885,1.377007e-07,1.2,1.431302e-11,3.300015,0.08237286,7.938504e-06,1.2,2.938427e-10,5.012718e-12,3.477219e-12,1.265934e-13,2.580885e-12,3.301803e-12,2.536438e-12
9.25948e-05,3.3,3.3,1.2,0.003536967,3.295466,0.002811414,1.373531e-07,1.2,1.427727e-11,3.300015,0.08245038,7.942127e-06,1.2,2.939768e-10,5.482764e-12,3.528289e-12,1.273351e-13,2.583248e-12,3.302247e-12,2.537627e-12
9.265725e-05,3.3,3.3,1.2,0.003530864,3.295462,0.002813537,1.372412e-07,1.2,1.426562e-11,3.300015,0.08251536,7.945055e-06,1.2,2.940848e-10,5.620935e-12,3.5425e-12,1.275781e-13,2.581602e-12,3.301803e-12,2.538548e-12
9.272602e-05,3.3,3.3,1.2,0.003524149,3.295457,0.002815875,1.37254e-07,1.2,1.426693e-11,3.300015,0.08258689,7.948275e-06,1.2,2.94204e-10,5.627785e-12,3.543388e-12,1.276166e-13,2.584375e-12,3.301359e-12,2.539787e-12
9.280413e-05,3.3,3.3,1.2,0.003516531,3.295452,0.002818531,1.37259e-07,1.2,1.426744e-11,3.300015,0.08266814,7.952079e-06,1.2,2.943447e-10,5.610666e-12,3.541611e-12,1.275689e-13,2.583895e-12,3.301359e-12,2.540981e-12
9.290413e-05,3.3,3.3,1.2,0.003506803,3.295446,0.00282193,1.372721e-07,1.2,1.426878e-11,3.300015,0.08277215,7.956626e-06,1.2,2.945129e-10,5.592977e-12,3.539391e-12,1.275458e-13,2.584023e-12,3.301803e-12,2.542251e-12
9.300413e-05,3.3,3.3,1.2,0.003497102,3.295439,0.002825328,1.372577e-07,1.2,1.42675e-11,3.300015,0.08287615,7.961107e-06,1.2,2.946787e-10,5.581112e-12,3.537615e-12,1.275137e-13,2.589725e-12,3.301359e-12,2.543702e-12
9.310413e-05,3.3,3.3,1.2,0.003487428,3.295433,0.002828726,1.372264e-07,1.2,1.426409e-11,3.300015,0.08298015,7.965656e-06,1.2,2.94847e-10,5.567313e-12,3.537171e-12,1.274604e-13,2.589468e-12,3.301803e-12,2.545188e-12
9.320413e-05,3.3,3.3,1.2,0.00347778,3.295427,0.002832122,1.372263e-07,1.2,1.426429e-11,3.300015,0.08308415,7.970231e-06,1.2,2.950163e-10,5.556059e-12,3.535394e-12,1.274223e-13,2.595191e-12,3.301359e-12,2.546641e-12
9.330413e-05,3.3,3.3,1.2,0.00346816,3.29542,0.002835516,1.3721e-07,1.2,1.426243e-11,3.300015,0.08318814,7.9751e-06,1.2,2.951965e-10,5.546475e-12,3.534506e-12,1.273984e-13,2.59504e-12,3.301803e-12,2.548178e-12
9.340413e-05,3.3,3.3,1.2,0.003458565,3.295414,0.00283891,1.3717e-07,1.2,1.425835e-11,3.300015,0.08329212,7.979836e-06,1.2,2.953715e-10,5.538736e-12,3.533618e-12,1.273526e-13,2.594714e-12,3.301803e-12,2.549974e-12
9.350413e-05,3.3,3.3,1.2,0.003448998,3.295407,0.002842303,1.37124e-07,1.2,1.425363e-11,3.300015,0.0833961,7.98454e-06,1.2,2.955457e-10,5.532365e-12,3.533174e-12,1.272809e-13,2.59759e-12,3.301803e-12,2.55122e-12
9.360413e-05,3.3,3.3,1.2,0.003439457,3.295401,0.002845694,1.370983e-07,1.2,1.425106e-11,3.300015,0.08350007,7.989421e-06,1.2,2.957262e-10,5.527449e-12,3.53273e-12,1.272729e-13,2.597252e-12,3.302247e-12,2.552749e-12
9.370413e-05,3.3,3.3,1.2,0.003429942,3.295395,0.002849085,1.370576e-07,1.2,1.424687e-11,3.300015,0.08360403,7.994171e-06,1.2,2.959019e-10,5.52329e-12,3.532286e-12,1.2722e-13,2.599853e-12,3.301359e-12,2.554561e-12
9.380413e-05,3.3,3.3,1.2,0.003420454,3.295388,0.002852474,1.370681e-07,1.2,1.424794e-11,3.300015,0.08370799,7.998914e-06,1.2,2.960772e-10,5.519112e-12,3.531397e-12,1.272042e-13,2.599786e-12,3.301359e-12,2.55583e-12
9.390413e-05,3.3,3.3,1.2,0.003410991,3.295382,0.002855862,1.370185e-07,1.2,1.424292e-11,3.300015,0.08381194,8.004006e-06,1.2,2.962655e-10,5.516585e-12,3.531397e-12,1.271742e-13,2.605323e-12,3.301359e-12,2.557696e-12
9.400413e-05,3.3,3.3,1.2,0.003401555,3.295376,0.002859249,1.3698e-07,1.2,1.423896e-11,3.300015,0.08391589,8.008739e-06,1.2,2.964407e-10,5.513804e-12,3.530953e-12,1.271336e-13,2.604999e-12,3.301359e-12,2.558946e-12
9.410413e-05,3.3,3.3,1.2,0.003392145,3.295369,0.002862635,1.36991e-07,1.2,1.424005e-11,3.300015,0.08401983,8.013505e-06,1.2,2.966171e-10,5.511776e-12,3.530509e-12,1.271103e-13,2.607665e-12,3.301803e-12,2.560751e-12
9.420413e-05,3.3,3.3,1.2,0.003382762,3.295363,0.00286602,1.369712e-07,1.2,1.423815e-11,3.300015,0.08412377,8.018282e-06,1.2,2.967937e-10,5.510014e-12,3.530509e-12,1.271528e-13,2.610414e-12,3.301359e-12,2.562022e-12
9.430413e-05,3.3,3.3,1.2,0.003373403,3.295356,0.002869403,1.369836e-07,1.2,1.42393e-11,3.300015,0.0842277,8.02341e-06,1.2,2.969836e-10,5.508263e-12,3.530509e-12,1.271312e-13,2.610232e-12,3.301359e-12,2.563927e-12
9.440413e-05,3.3,3.3,1.2,0.003364071,3.29535,0.002872786,1.369412e-07,1.2,1.423496e-11,3.300015,0.08433163,8.028229e-06,1.2,2.971619e-10,5.507097e-12,3.530065e-12,1.270428e-13,2.613135e-12,3.301803e-12,2.565195e-12
9.450413e-05,3.3,3.3,1.2,0.003354765,3.295344,0.002876167,1.368901e-07,1.2,1.422988e-11,3.300015,0.08443555,8.033063e-06,1.2,2.973408e-10,5.506553e-12,3.529621e-12,1.270675e-13,2.613039e-12,3.301359e-12,2.567022e-12
9.460413e-05,3.3,3.3,1.2,0.003345482,3.295337,0.002879548,1.369387e-07,1.2,1.423472e-11,3.300015,0.08453946,8.037918e-06,1.2,2.975202e-10,5.5053e-12,3.530065e-12,1.270807e-13,2.618774e-12,3.301803e-12,2.568335e-12
9.470413e-05,3.3,3.3,1.2,0.003336195,3.295331,0.002882927,1.369764e-07,1.2,1.423862e-11,3.300015,0.08464337,8.042827e-06,1.2,2.977018e-10,5.503702e-12,3.529177e-12,1.270932e-13,2.618693e-12,3.301803e-12,2.570185e-12
9.480413e-05,3.3,3.3,1.2,0.003326891,3.295325,0.002886305,1.369437e-07,1.2,1.423527e-11,3.300015,0.08474727,8.04787e-06,1.2,2.978885e-10,5.503639e-12,3.530065e-12,1.270888e-13,2.618575e-12,3.301359e-12,2.57177e-12
9.490413e-05,3.3,3.3,1.2,0.00331762,3.295318,0.002889682,1.368197e-07,1.2,1.42226e-11,3.300015,0.08485116,8.052753e-06,1.2,2.980692e-10,5.502728e-12,3.529177e-12,1.269618e-13,2.621294e-12,3.301803e-12,2.573073e-12
9.500413e-05,3.3,3.3,1.2,0.003308901,3.295312,0.002893058,1.367904e-07,1.2,1.421963e-11,3.300015,0.08495506,8.057833e-06,1.2,2.982568e-10,5.504294e-12,3.529621e-12,1.269275e-13,2.621374e-12,3.301359e-12,2.574685e-12
9.510413e-05,3.3,3.3,1.2,0.003329068,3.295306,0.002896443,1.371708e-07,1.2,1.425864e-11,3.300015,0.08505894,8.062772e-06,1.2,2.984397e-10,5.615666e-12,3.541611e-12,1.274466e-13,2.621027e-12,3.301359e-12,2.576547e-12
9.520413e-05,3.3,3.3,1.2,0.003673912,3.295305,0.002899915,1.398291e-07,1.2,1.453151e-11,3.300015,0.08516282,8.067848e-06,1.2,2.986275e-10,5.989499e-12,3.581579e-12,1.2986e-13,2.626975e-12,3.302247e-12,2.578174e-12
9.530413e-05,3.3,3.3,1.2,0.003552826,3.295296,0.002903234,1.362866e-07,1.2,1.416771e-11,3.300015,0.08526669,8.072758e-06,1.2,2.988091e-10,6.542091e-12,3.640643e-12,1.288282e-13,2.629535e-12,3.301359e-12,2.579454e-12
9.539498e-05,3.3,3.3,1.2,0.003541691,3.29529,0.0029063,1.365768e-07,1.2,1.41975e-11,3.300015,0.08536105,8.077426e-06,1.2,2.989817e-10,6.265368e-12,3.610445e-12,1.283833e-13,2.632424e-12,3.301803e-12,2.581038e-12
9.546359e-05,3.3,3.3,1.2,0.003534948,3.295286,0.002908614,1.36679e-07,1.2,1.420799e-11,3.300015,0.08543231,8.080926e-06,1.2,2.991112e-10,6.117625e-12,3.595346e-12,1.281565e-13,2.632629e-12,3.301803e-12,2.582417e-12
9.551751e-05,3.3,3.3,1.2,0.003529667,3.295282,0.002910432,1.367669e-07,1.2,1.421719e-11,3.300015,0.08548831,8.083778e-06,1.2,2.992167e-10,6.059485e-12,3.588685e-12,1.281502e-13,2.633661e-12,3.301803e-12,2.583087e-12
9.557377e-05,3.3,3.3,1.2,0.00352417,3.295279,0.002912327,1.368074e-07,1.2,1.422132e-11,3.300015,0.08554675,8.08671e-06,1.2,2.993251e-10,6.044277e-12,3.587353e-12,1.281004e-13,2.633347e-12,3.301803e-12,2.584069e-12
9.567377e-05,3.3,3.3,1.2,0.003514422,3.295272,0.002915696,1.367895e-07,1.2,1.421949e-11,3.300015,0.0856506,8.091646e-06,1.2,2.995076e-10,6.042922e-12,3.587797e-12,1.280922e-13,2.63445e-12,3.302247e-12,2.585551e-12
9.577377e-05,3.3,3.3,1.2,0.0035047,3.295266,0.002919063,1.367661e-07,1.2,1.421707e-11,3.300015,0.08575445,8.096553e-06,1.2,2.996894e-10,6.041993e-12,3.587353e-12,1.280369e-13,2.634502e-12,3.302247e-12,2.587123e-12
9.587377e-05,3.3,3.3,1.2,0.003495005,3.29526,0.002922429,1.366676e-07,1.2,1.420687e-11,3.300015,0.08585829,8.101501e-06,1.2,2.998723e-10,6.042337e-12,3.586909e-12,1.27987e-13,2.63717e-12,3.301803e-12,2.588734e-12
9.597377e-05,3.3,3.3,1.2,0.003485337,3.295253,0.002925794,1.366722e-07,1.2,1.42073e-11,3.300015,0.08596213,8.106792e-06,1.2,3.000681e-10,6.043365e-12,3.587353e-12,1.279967e-13,2.639995e-12,3.301359e-12,2.5904e-12
9.607377e-05,3.3,3.3,1.2,0.003475695,3.295247,0.002929158,1.367078e-07,1.2,1.421091e-11,3.300015,0.08606596,8.111774e-06,1.2,3.002523e-10,6.045422e-12,3.586909e-12,1.280187e-13,2.642922e-12,3.301803e-12,2.592006e-12
9.617377e-05,3.3,3.3,1.2,0.003466081,3.295241,0.002932521,1.367074e-07,1.2,1.421091e-11,3.300015,0.08616978,8.117076e-06,1.2,3.004485e-10,6.046848e-12,3.587353e-12,1.280362e-13,2.645899e-12,3.301803e-12,2.593697e-12
9.627377e-05,3.3,3.3,1.2,0.003456492,3.295234,0.002935882,1.366458e-07,1.2,1.42046e-11,3.300015,0.0862736,8.122217e-06,1.2,3.006388e-10,6.049647e-12,3.587797e-12,1.279751e-13,2.645455e-12,3.301803e-12,2.595627e-12
9.637377e-05,3.3,3.3,1.2,0.003446931,3.295228,0.002939243,1.365688e-07,1.2,1.419673e-11,3.300015,0.08637741,8.127379e-06,1.2,3.008297e-10,6.051887e-12,3.588241e-12,1.278896e-13,2.648351e-12,3.301803e-12,2.59701e-12
9.647377e-05,3.3,3.3,1.2,0.003437396,3.295221,0.002942602,1.364553e-07,1.2,1.418498e-11,3.300015,0.08648122,8.13272e-06,1.2,3.010272e-10,6.054741e-12,3.588685e-12,1.278277e-13,2.648761e-12,3.301359e-12,2.5987e-12
9.657377e-05,3.3,3.3,1.2,0.003427887,3.295215,0.002945961,1.364652e-07,1.2,1.418594e-11,3.300015,0.08658503,8.137741e-06,1.2,3.01213e-10,6.057468e-12,3.588685e-12,1.278254e-13,2.651346e-12,3.302247e-12,2.600333e-12
9.667377e-05,3.3,3.3,1.2,0.003418404,3.295209,0.002949318,1.364817e-07,1.2,1.418764e-11,3.300015,0.08668882,8.143103e-06,1.2,3.014114e-10,6.060192e-12,3.588685e-12,1.278455e-13,2.654244e-12,3.301803e-12,2.60203e-12
9.677377e-05,3.3,3.3,1.2,0.003408948,3.295202,0.002952674,1.365002e-07,1.2,1.418952e-11,3.300015,0.08679261,8.148175e-06,1.2,3.015991e-10,6.064084e-12,3.589129e-12,1.2789e-13,2.65424e-12,3.301359e-12,2.603674e-12
9.687377e-05,3.3,3.3,1.2,0.003399518,3.295196,0.002956029,1.365361e-07,1.2,1.419318e-11,3.300015,0.0868964,8.153561e-06,1.2,3.017982e-10,6.067332e-12,3.589573e-12,1.27886e-13,2.656859e-12,3.301803e-12,2.605365e-12
9.697377e-05,3.3,3.3,1.2,0.003390114,3.29519,0.002959383,1.364434e-07,1.2,1.418373e-11,3.300015,0.08700018,8.158804e-06,1.2,3.019922e-10,6.070756e-12,3.590017e-12,1.27839e-13,2.656835e-12,3.301803e-12,2.607362e-12
9.707377e-05,3.3,3.3,1.2,0.003380736,3.295183,0.002962736,1.364494e-07,1.2,1.418436e-11,3.300015,0.08710395,8.164038e-06,1.2,3.021859e-10,6.073115e-12,3.590017e-12,1.278646e-13,2.659877e-12,3.301803e-12,2.608754e-12
9.717377e-05,3.3,3.3,1.2,0.003371383,3.295177,0.002966088,1.364615e-07,1.2,1.418555e-11,3.300015,0.08720772,8.169464e-06,1.2,3.023866e-10,6.076272e-12,3.590461e-12,1.278526e-13,2.662853e-12,3.301359e-12,2.610473e-12
9.727377e-05,3.3,3.3,1.2,0.003362057,3.29517,0.002969438,1.365053e-07,1.2,1.419012e-11,3.300015,0.08731149,8.174735e-06,1.2,3.025815e-10,6.079677e-12,3.590905e-12,1.279618e-13,2.66582e-12,3.302247e-12,2.612442e-12
9.737377e-05,3.3,3.3,1.2,0.003352756,3.295164,0.002972788,1.364579e-07,1.2,1.418515e-11,3.300015,0.08741524,8.180019e-06,1.2,3.027769e-10,6.080357e-12,3.591349e-12,1.278619e-13,2.668646e-12,3.301359e-12,2.613861e-12
9.747377e-05,3.3,3.3,1.2,0.003343473,3.295158,0.002976137,1.364574e-07,1.2,1.418517e-11,3.300015,0.087519,8.185626e-06,1.2,3.029844e-10,6.084064e-12,3.591349e-12,1.278724e-13,2.668643e-12,3.301359e-12,2.615905e-12
9.757377e-05,3.3,3.3,1.2,0.003334166,3.295151,0.002979484,1.363432e-07,1.2,1.417351e-11,3.300015,0.08762274,8.190891e-06,1.2,3.031792e-10,6.087561e-12,3.591349e-12,1.277806e-13,2.66888e-12,3.301803e-12,2.617337e-12
9.767377e-05,3.3,3.3,1.2,0.00332487,3.295145,0.00298283,1.363136e-07,1.2,1.417047e-11,3.300016,0.08772648,8.196061e-06,1.2,3.033705e-10,6.091304e-12,3.592238e-12,1.27776e-13,2.671596e-12,3.301803e-12,2.619013e-12
9.777377e-05,3.3,3.3,1.2,0.003315638,3.295139,0.002986175,1.363469e-07,1.2,1.417388e-11,3.300016,0.08783022,8.201595e-06,1.2,3.035752e-10,6.094359e-12,3.592682e-12,1.278053e-13,2.671665e-12,3.301359e-12,2.620775e-12
9.787377e-05,3.3,3.3,1.2,0.003309707,3.295132,0.002989521,1.363292e-07,1.2,1.417208e-11,3.300016,0.08793395,8.206976e-06,1.2,3.037744e-10,6.112183e-12,3.594458e-12,1.278007e-13,2.674789e-12,3.301803e-12,2.622784e-12
9.797377e-05,3.3,3.3,1.2,0.003418132,3.295128,0.002992902,1.375509e-07,1.2,1.429761e-11,3.300016,0.08803767,8.212519e-06,1.2,3.039794e-10,6.499637e-12,3.635758e-12,1.294111e-13,2.677722e-12,3.301803e-12,2.624555e-12
9.807377e-05,3.3,3.3,1.2,0.003694117,3.295124,0.002996281,1.365658e-07,1.2,1.419636e-11,3.300016,0.08814139,8.217897e-06,1.2,3.041784e-10,5.109321e-12,3.487433e-12,1.259017e-13,2.677574e-12,3.302247e-12,2.626002e-12
9.817377e-05,3.3,3.3,1.2,0.003548461,3.295117,0.002999615,1.367867e-07,1.2,1.421922e-11,3.300016,0.08824511,8.223486e-06,1.2,3.043851e-10,5.945742e-12,3.577139e-12,1.277754e-13,2.683621e-12,3.301359e-12,2.627801e-12
9.82469e-05,3.3,3.3,1.2,0.003541043,3.295112,0.003002051,1.363976e-07,1.2,1.417903e-11,3.300016,0.08832095,8.227629e-06,1.2,3.045382e-10,6.423157e-12,3.627321e-12,1.285079e-13,2.682816e-12,3.301803e-12,2.629249e-12
9.831104e-05,3.3,3.3,1.2,0.003534768,3.295108,0.00300419,1.363076e-07,1.2,1.416984e-11,3.300016,0.08838746,8.231138e-06,1.2,3.046681e-10,6.557335e-12,3.641976e-12,1.287902e-13,2.68505e-12,3.301803e-12,2.630377e-12
9.837632e-05,3.3,3.3,1.2,0.003528386,3.295104,0.003006369,1.363148e-07,1.2,1.417057e-11,3.300016,0.08845516,8.234815e-06,1.2,3.048041e-10,6.566591e-12,3.64242e-12,1.287713e-13,2.683933e-12,3.301803e-12,2.631565e-12
9.845317e-05,3.3,3.3,1.2,0.003520883,3.295099,0.003008933,1.362403e-07,1.2,1.416295e-11,3.300016,0.08853485,8.239216e-06,1.2,3.049672e-10,6.549837e-12,3.640643e-12,1.28666e-13,2.684937e-12,3.301359e-12,2.632936e-12
9.855317e-05,3.3,3.3,1.2,0.003511143,3.295092,0.00301227,1.360788e-07,1.2,1.414627e-11,3.300016,0.08863854,8.244621e-06,1.2,3.051669e-10,6.535666e-12,3.639311e-12,1.28508e-13,2.690027e-12,3.301359e-12,2.634578e-12
9.865317e-05,3.3,3.3,1.2,0.00350143,3.295086,0.003015605,1.360611e-07,1.2,1.414445e-11,3.300016,0.08874223,8.250017e-06,1.2,3.053666e-10,6.521767e-12,3.637979e-12,1.284887e-13,2.689728e-12,3.301359e-12,2.636316e-12
9.875317e-05,3.3,3.3,1.2,0.003491744,3.295079,0.00301894,1.361365e-07,1.2,1.415234e-11,3.300016,0.08884591,8.255464e-06,1.2,3.055681e-10,6.509852e-12,3.636647e-12,1.285226e-13,2.69252e-12,3.301803e-12,2.638093e-12
9.885317e-05,3.3,3.3,1.2,0.003482084,3.295073,0.003022273,1.362007e-07,1.2,1.415891e-11,3.300016,0.08894959,8.260976e-06,1.2,3.05772e-10,6.500021e-12,3.63487e-12,1.285602e-13,2.692473e-12,3.301359e-12,2.639877e-12
9.895317e-05,3.3,3.3,1.2,0.003472452,3.295067,0.003025605,1.362544e-07,1.2,1.416439e-11,3.300016,0.08905326,8.266516e-06,1.2,3.059769e-10,6.491984e-12,3.63487e-12,1.285998e-13,2.695406e-12,3.301803e-12,2.641643e-12
9.905317e-05,3.3,3.3,1.2,0.003462846,3.29506,0.003028936,1.361869e-07,1.2,1.415748e-11,3.300016,0.08915692,8.272064e-06,1.2,3.061821e-10,6.485597e-12,3.633982e-12,1.285003e-13,2.698381e-12,3.301359e-12,2.643419e-12
9.915317e-05,3.3,3.3,1.2,0.003453267,3.295054,0.003032266,1.361607e-07,1.2,1.415482e-11,3.300016,0.08926058,8.277645e-06,1.2,3.063886e-10,6.480503e-12,3.633538e-12,1.284541e-13,2.704191e-12,3.301803e-12,2.645219e-12
9.925317e-05,3.3,3.3,1.2,0.003443714,3.295048,0.003035595,1.36134e-07,1.2,1.415192e-11,3.300016,0.08936424,8.283233e-06,1.2,3.065955e-10,6.476621e-12,3.633094e-12,1.284479e-13,2.704229e-12,3.301359e-12,2.647001e-12
9.935317e-05,3.3,3.3,1.2,0.003434187,3.295041,0.003038923,1.360807e-07,1.2,1.414647e-11,3.300016,0.08946788,8.28885e-06,1.2,3.068032e-10,6.473709e-12,3.63265e-12,1.284079e-13,2.704355e-12,3.301803e-12,2.648834e-12
9.945317e-05,3.3,3.3,1.2,0.003424687,3.295035,0.00304225,1.360859e-07,1.2,1.414718e-11,3.300016,0.08957153,8.294525e-06,1.2,3.070131e-10,6.471143e-12,3.63265e-12,1.283819e-13,2.70757e-12,3.301803e-12,2.650654e-12
9.955317e-05,3.3,3.3,1.2,0.003415214,3.295028,0.003045575,1.361183e-07,1.2,1.415032e-11,3.300016,0.08967517,8.300188e-06,1.2,3.072226e-10,6.46945e-12,3.631762e-12,1.284219e-13,2.707455e-12,3.302247e-12,2.65244e-12
9.965317e-05,3.3,3.3,1.2,0.003405766,3.295022,0.0030489,1.360216e-07,1.2,1.414042e-11,3.300016,0.0897788,8.305831e-06,1.2,3.074313e-10,6.468035e-12,3.63265e-12,1.28329e-13,2.710492e-12,3.301803e-12,2.654244e-12
9.975317e-05,3.3,3.3,1.2,0.003396345,3.295016,0.003052223,1.359676e-07,1.2,1.413469e-11,3.300016,0.08988243,8.311473e-06,1.2,3.0764e-10,6.466999e-12,3.631762e-12,1.282747e-13,2.713232e-12,3.302247e-12,2.656046e-12
9.985317e-05,3.3,3.3,1.2,0.003386949,3.295009,0.003055546,1.360037e-07,1.2,1.413841e-11,3.300016,0.08998605,8.317424e-06,1.2,3.0786e-10,6.466671e-12,3.632206e-12,1.283311e-13,2.71312e-12,3.301803e-12,2.657937e-12
9.995317e-05,3.3,3.3,1.2,0.00337758,3.295003,0.003058867,1.359526e-07,1.2,1.413317e-11,3.300016,0.09008966,8.323233e-06,1.2,3.080749e-10,6.466447e-12,3.631762e-12,1.282852e-13,2.71931e-12,3.301803e-12,2.660077e-12
0.0001000532,3.3,3.3,1.2,0.003368236,3.294997,0.003062187,1.360073e-07,1.2,1.413893e-11,3.300016,0.09019327,8.329038e-06,1.2,3.082899e-10,6.463478e-12,3.632206e-12,1.282963e-13,2.719411e-12,3.301803e-12,2.661663e-12
0.0001001532,3.3,3.3,1.2,0.003358918,3.29499,0.003065506,1.359904e-07,1.2,1.413705e-11,3.300016,0.09029688,8.334704e-06,1.2,3.084995e-10,6.463711e-12,3.631762e-12,1.282964e-13,2.719354e-12,3.301803e-12,2.663469e-12
0.0001002532,3.3,3.3,1.2,0.003349624,3.294984,0.003068824,1.359501e-07,1.2,1.413292e-11,3.300016,0.09040048,8.340684e-06,1.2,3.087206e-10,6.463931e-12,3.631317e-12,1.282641e-13,2.722257e-12,3.301803e-12,2.665387e-12
0.0001003532,3.3,3.3,1.2,0.003340328,3.294977,0.003072141,1.358147e-07,1.2,1.41191e-11,3.300016,0.09050407,8.346373e-06,1.2,3.08931e-10,6.463675e-12,3.631317e-12,1.281314e-13,2.725283e-12,3.301803e-12,2.667223e-12
0.0001004532,3.3,3.3,1.2,0.003331013,3.294971,0.003075457,1.358595e-07,1.2,1.412368e-11,3.300016,0.09060766,8.352391e-06,1.2,3.091535e-10,6.464456e-12,3.631762e-12,1.28199e-13,2.728085e-12,3.301803e-12,2.669112e-12
0.0001005532,3.3,3.3,1.2,0.003321731,3.294965,0.003078772,1.358087e-07,1.2,1.411846e-11,3.300016,0.09071125,8.358243e-06,1.2,3.093702e-10,6.464875e-12,3.631317e-12,1.281307e-13,2.728085e-12,3.301803e-12,2.671276e-12
0.0001006532,3.3,3.3,1.2,0.003312904,3.294958,0.003082086,1.358562e-07,1.2,1.412334e-11,3.300016,0.09081482,8.36411e-06,1.2,3.095873e-10,6.467674e-12,3.632206e-12,1.281806e-13,2.73113e-12,3.302247e-12,2.672911e-12
0.0001007532,3.3,3.3,1.2,0.003328686,3.294952,0.003085407,1.361593e-07,1.2,1.41544e-11,3.300016,0.0909184,8.369869e-06,1.2,3.098003e-10,6.563109e-12,3.64242e-12,1.285858e-13,2.731302e-12,3.301359e-12,2.674731e-12
0.0001008532,3.3,3.3,1.2,0.003658769,3.294951,0.003088815,1.38881e-07,1.2,1.443426e-11,3.300016,0.09102196,8.375648e-06,1.2,3.10014e-10,7.025799e-12,3.69127e-12,1.312973e-13,2.7343e-12,3.301803e-12,2.676597e-12
0.0001009532,3.3,3.3,1.2,0.003558665,3.294942,0.00309207,1.349055e-07,1.2,1.402584e-11,3.300016,0.09112553,8.381755e-06,1.2,3.1024e-10,7.181689e-12,3.708145e-12,1.290525e-13,2.740179e-12,3.301359e-12,2.678519e-12
0.0001010462,3.3,3.3,1.2,0.003545668,3.294936,0.003095156,1.354162e-07,1.2,1.40782e-11,3.300016,0.09122188,8.387258e-06,1.2,3.104436e-10,6.668053e-12,3.653522e-12,1.28332e-13,2.741047e-12,3.301359e-12,2.680566e-12
0.0001011208,3.3,3.3,1.2,0.003538318,3.294932,0.003097626,1.356918e-07,1.2,1.410659e-11,3.300016,0.09129909,8.392009e-06,1.2,3.106193e-10,6.436577e-12,3.628209e-12,1.280216e-13,2.741066e-12,3.301359e-12,2.682124e-12
0.0001011756,3.3,3.3,1.2,0.003532938,3.294928,0.003099442,1.357757e-07,1.2,1.411513e-11,3.300016,0.0913559,8.395303e-06,1.2,3.107412e-10,6.373361e-12,3.621992e-12,1.279039e-13,2.740962e-12,3.301803e-12,2.682853e-12
0.000101232,3.3,3.3,1.2,0.003527429,3.294925,0.003101305,1.35748e-07,1.2,1.411231e-11,3.300016,0.09141423,8.398737e-06,1.2,3.108683e-10,6.38055e-12,3.623324e-12,1.279158e-13,2.741708e-12,3.301359e-12,2.684164e-12
0.000101332,3.3,3.3,1.2,0.003517671,3.294918,0.003104611,1.356899e-07,1.2,1.410639e-11,3.300016,0.09151777,8.404664e-06,1.2,3.110875e-10,6.392564e-12,3.624212e-12,1.278774e-13,2.744058e-12,3.301803e-12,2.68587e-12
0.000101432,3.3,3.3,1.2,0.00350794,3.294912,0.003107917,1.357056e-07,1.2,1.4108e-11,3.300016,0.09162131,8.410508e-06,1.2,3.113036e-10,6.404664e-12,3.6251e-12,1.279166e-13,2.744019e-12,3.301803e-12,2.687747e-12
0.000101532,3.3,3.3,1.2,0.003498236,3.294906,0.003111221,1.35717e-07,1.2,1.410917e-11,3.300016,0.09172484,8.416408e-06,1.2,3.115218e-10,6.415783e-12,3.625988e-12,1.279614e-13,2.750023e-12,3.301803e-12,2.689665e-12
0.000101632,3.3,3.3,1.2,0.003488559,3.294899,0.003114524,1.356559e-07,1.2,1.410291e-11,3.300016,0.09182836,8.422326e-06,1.2,3.117408e-10,6.425906e-12,3.627765e-12,1.279175e-13,2.750066e-12,3.301803e-12,2.691567e-12
0.000101732,3.3,3.3,1.2,0.003478908,3.294893,0.003117826,1.356354e-07,1.2,1.410082e-11,3.300016,0.09193188,8.428454e-06,1.2,3.119676e-10,6.432183e-12,3.628209e-12,1.279114e-13,2.756218e-12,3.301803e-12,2.693814e-12
0.000101832,3.3,3.3,1.2,0.003469285,3.294886,0.003121127,1.356682e-07,1.2,1.410423e-11,3.300016,0.0920354,8.434583e-06,1.2,3.121943e-10,6.440191e-12,3.629097e-12,1.279992e-13,2.756333e-12,3.301359e-12,2.695492e-12
0.000101932,3.3,3.3,1.2,0.003459688,3.29488,0.003124426,1.356797e-07,1.2,1.410532e-11,3.300016,0.09213891,8.440715e-06,1.2,3.124213e-10,6.447529e-12,3.629985e-12,1.280031e-13,2.756517e-12,3.301803e-12,2.69772e-12
0.000102032,3.3,3.3,1.2,0.003450118,3.294874,0.003127725,1.356837e-07,1.2,1.410572e-11,3.300016,0.09224241,8.446859e-06,1.2,3.126484e-10,6.453985e-12,3.630429e-12,1.279906e-13,2.759581e-12,3.301359e-12,2.699419e-12
0.000102132,3.3,3.3,1.2,0.003440574,3.294867,0.003131023,1.356247e-07,1.2,1.409975e-11,3.300016,0.09234591,8.452859e-06,1.2,3.128702e-10,6.459633e-12,3.631317e-12,1.279708e-13,2.762464e-12,3.301803e-12,2.70134e-12
0.000102232,3.3,3.3,1.2,0.003431056,3.294861,0.003134319,1.355556e-07,1.2,1.409267e-11,3.300016,0.0924494,8.459198e-06,1.2,3.13105e-10,6.465312e-12,3.631762e-12,1.279147e-13,2.765904e-12,3.301803e-12,2.703369e-12
0.000102332,3.3,3.3,1.2,0.003421565,3.294855,0.003137615,1.356203e-07,1.2,1.409924e-11,3.300016,0.09255289,8.46524e-06,1.2,3.133284e-10,6.470288e-12,3.632206e-12,1.279443e-13,2.765842e-12,3.301803e-12,2.705312e-12
0.000102432,3.3,3.3,1.2,0.0034121,3.294848,0.003140909,1.356942e-07,1.2,1.410689e-11,3.300016,0.09265637,8.471616e-06,1.2,3.135642e-10,6.475485e-12,3.63265e-12,1.280841e-13,2.766125e-12,3.301803e-12,2.707338e-12
0.000102532,3.3,3.3,1.2,0.003402661,3.294842,0.003144203,1.35617e-07,1.2,1.409894e-11,3.300016,0.09275985,8.477671e-06,1.2,3.137883e-10,6.478136e-12,3.633538e-12,1.280259e-13,2.769169e-12,3.301359e-12,2.709289e-12
0.000102632,3.3,3.3,1.2,0.003393248,3.294835,0.003147495,1.356744e-07,1.2,1.41048e-11,3.300016,0.09286332,8.483787e-06,1.2,3.140144e-10,6.48285e-12,3.633538e-12,1.280465e-13,2.772229e-12,3.300915e-12,2.711287e-12
0.000102732,3.3,3.3,1.2,0.003383861,3.294829,0.003150786,1.355389e-07,1.2,1.409092e-11,3.300016,0.09296679,8.490227e-06,1.2,3.142529e-10,6.487553e-12,3.633982e-12,1.279397e-13,2.775199e-12,3.301359e-12,2.71331e-12
0.000102832,3.3,3.3,1.2,0.003374501,3.294823,0.003154077,1.35577e-07,1.2,1.409488e-11,3.300016,0.09307025,8.496353e-06,1.2,3.144793e-10,6.491093e-12,3.633982e-12,1.280078e-13,2.778117e-12,3.301359e-12,2.715273e-12
0.000102932,3.3,3.3,1.2,0.003365166,3.294816,0.003157366,1.356181e-07,1.2,1.409903e-11,3.300016,0.09317371,8.502798e-06,1.2,3.14718e-10,6.495788e-12,3.634426e-12,1.280332e-13,2.77838e-12,3.301359e-12,2.717338e-12
0.000103032,3.3,3.3,1.2,0.003355856,3.29481,0.003160654,1.355445e-07,1.2,1.409155e-11,3.300016,0.09327716,8.508958e-06,1.2,3.149457e-10,6.497575e-12,3.635314e-12,1.280158e-13,2.781501e-12,3.301359e-12,2.719309e-12
0.000103132,3.3,3.3,1.2,0.003346564,3.294804,0.003163941,1.35521e-07,1.2,1.40891e-11,3.300016,0.0933806,8.515437e-06,1.2,3.151853e-10,6.503581e-12,3.635314e-12,1.279662e-13,2.781702e-12,3.301359e-12,2.721389e-12
0.000103232,3.3,3.3,1.2,0.003337246,3.294797,0.003167227,1.355234e-07,1.2,1.408939e-11,3.300016,0.09348404,8.521618e-06,1.2,3.154141e-10,6.505523e-12,3.635314e-12,1.279833e-13,2.784966e-12,3.301803e-12,2.723382e-12
0.000103332,3.3,3.3,1.2,0.003327942,3.294791,0.003170512,1.355916e-07,1.2,1.409635e-11,3.300016,0.09358748,8.527843e-06,1.2,3.156444e-10,6.509198e-12,3.636647e-12,1.280635e-13,2.787807e-12,3.301359e-12,2.725395e-12
0.000103432,3.3,3.3,1.2,0.003318709,3.294784,0.003173795,1.354968e-07,1.2,1.408665e-11,3.300016,0.09369091,8.5344e-06,1.2,3.158869e-10,6.513411e-12,3.636647e-12,1.279675e-13,2.791066e-12,3.301803e-12,2.727461e-12
0.000103532,3.3,3.3,1.2,0.003313317,3.294778,0.003177079,1.354539e-07,1.2,1.408226e-11,3.300016,0.09379433,8.540832e-06,1.2,3.161247e-10,6.534234e-12,3.638867e-12,1.279072e-13,2.794412e-12,3.301803e-12,2.729826e-12
0.000103632,3.3,3.3,1.2,0.003434622,3.294774,0.003180403,1.369126e-07,1.2,1.423203e-11,3.300016,0.09389775,8.547244e-06,1.2,3.16362e-10,6.956587e-12,3.68372e-12,1.29785e-13,2.79149e-12,3.301803e-12,2.731586e-12
0.000103732,3.3,3.3,1.2,0.003684511,3.294769,0.00318371,1.35284e-07,1.2,1.406482e-11,3.300016,0.09400116,8.553568e-06,1.2,3.16596e-10,5.416661e-12,3.519851e-12,1.254802e-13,2.794669e-12,3.301803e-12,2.733637e-12
0.000103832,3.3,3.3,1.2,0.003551505,3.294763,0.003186987,1.356082e-07,1.2,1.409809e-11,3.300016,0.09410457,8.55991e-06,1.2,3.168306e-10,5.960494e-12,3.578471e-12,1.268303e-13,2.797539e-12,3.301803e-12,2.735673e-12
0.0001039088,3.3,3.3,1.2,0.003543717,3.294758,0.003189501,1.354187e-07,1.2,1.407849e-11,3.300016,0.09418399,8.565068e-06,1.2,3.170213e-10,6.295804e-12,3.61311e-12,1.274287e-13,2.796421e-12,3.301359e-12,2.737471e-12
0.0001039704,3.3,3.3,1.2,0.003537681,3.294754,0.00319152,1.35434e-07,1.2,1.408005e-11,3.300016,0.09424773,8.569242e-06,1.2,3.171756e-10,6.419014e-12,3.626432e-12,1.27729e-13,2.799252e-12,3.301359e-12,2.738711e-12
0.0001040327,3.3,3.3,1.2,0.003531583,3.29475,0.003193562,1.354617e-07,1.2,1.408309e-11,3.300016,0.09431217,8.573474e-06,1.2,3.173325e-10,6.440356e-12,3.629097e-12,1.27767e-13,2.798134e-12,3.301803e-12,2.740224e-12
0.0001041166,3.3,3.3,1.2,0.003523393,3.294744,0.003196308,1.35294e-07,1.2,1.406575e-11,3.300016,0.09439884,8.579037e-06,1.2,3.175382e-10,6.438455e-12,3.628653e-12,1.276098e-13,2.799266e-12,3.301803e-12,2.741872e-12
0.0001042166,3.3,3.3,1.2,0.003513646,3.294738,0.003199583,1.352557e-07,1.2,1.406165e-11,3.300016,0.09450222,8.585467e-06,1.2,3.177759e-10,6.434346e-12,3.628209e-12,1.275975e-13,2.805349e-12,3.302247e-12,2.743854e-12
0.0001043166,3.3,3.3,1.2,0.003503926,3.294731,0.003202858,1.352857e-07,1.2,1.406488e-11,3.300016,0.09460561,8.591913e-06,1.2,3.180145e-10,6.430472e-12,3.628209e-12,1.275949e-13,2.808445e-12,3.302247e-12,2.745933e-12
0.0001044166,3.3,3.3,1.2,0.003494233,3.294725,0.003206131,1.352635e-07,1.2,1.406243e-11,3.300016,0.09470898,8.598386e-06,1.2,3.18254e-10,6.426233e-12,3.627321e-12,1.2758e-13,2.81175e-12,3.302247e-12,2.748025e-12
0.0001045166,3.3,3.3,1.2,0.003484567,3.294719,0.003209403,1.351851e-07,1.2,1.405441e-11,3.300016,0.09481236,8.604934e-06,1.2,3.184962e-10,6.422476e-12,3.626877e-12,1.274997e-13,2.811915e-12,3.301359e-12,2.750143e-12
0.0001046166,3.3,3.3,1.2,0.003474927,3.294712,0.003212674,1.352701e-07,1.2,1.406327e-11,3.300016,0.09491572,8.611539e-06,1.2,3.187405e-10,6.419684e-12,3.627321e-12,1.27532e-13,2.811877e-12,3.301803e-12,2.752246e-12
0.0001047166,3.3,3.3,1.2,0.003465315,3.294706,0.003215944,1.352288e-07,1.2,1.405896e-11,3.300016,0.09501908,8.618153e-06,1.2,3.189851e-10,6.417391e-12,3.626877e-12,1.275637e-13,2.81514e-12,3.301359e-12,2.75439e-12
0.0001048166,3.3,3.3,1.2,0.003455728,3.294699,0.003219213,1.352652e-07,1.2,1.406276e-11,3.300016,0.09512244,8.624816e-06,1.2,3.192318e-10,6.41588e-12,3.625988e-12,1.275354e-13,2.818332e-12,3.301359e-12,2.756538e-12
0.0001049166,3.3,3.3,1.2,0.003446169,3.294693,0.003222481,1.352368e-07,1.2,1.405972e-11,3.300016,0.09522579,8.63152e-06,1.2,3.194797e-10,6.414232e-12,3.626432e-12,1.275295e-13,2.821433e-12,3.301359e-12,2.758657e-12
0.0001050166,3.3,3.3,1.2,0.003436636,3.294687,0.003225748,1.351816e-07,1.2,1.4054e-11,3.300016,0.09532913,8.638241e-06,1.2,3.197282e-10,6.413107e-12,3.625988e-12,1.274231e-13,2.82493e-12,3.301359e-12,2.760858e-12
0.0001051166,3.3,3.3,1.2,0.003427129,3.29468,0.003229014,1.352174e-07,1.2,1.40578e-11,3.300016,0.09543247,8.64502e-06,1.2,3.199789e-10,6.412348e-12,3.625988e-12,1.275259e-13,2.825271e-12,3.301359e-12,2.763016e-12
0.0001052166,3.3,3.3,1.2,0.003417648,3.294674,0.003232278,1.351854e-07,1.2,1.405441e-11,3.300016,0.09553581,8.651827e-06,1.2,3.202309e-10,6.411579e-12,3.6251e-12,1.274474e-13,2.828557e-12,3.301803e-12,2.765217e-12
0.0001053166,3.3,3.3,1.2,0.003408194,3.294668,0.003235542,1.352022e-07,1.2,1.405619e-11,3.300016,0.09563914,8.658701e-06,1.2,3.204853e-10,6.410911e-12,3.6251e-12,1.274841e-13,2.832015e-12,3.301803e-12,2.767436e-12
0.0001054166,3.3,3.3,1.2,0.003398766,3.294661,0.003238805,1.352268e-07,1.2,1.405871e-11,3.300016,0.09574246,8.665631e-06,1.2,3.207415e-10,6.411023e-12,3.6251e-12,1.275257e-13,2.832146e-12,3.301359e-12,2.769668e-12
0.0001055166,3.3,3.3,1.2,0.003389363,3.294655,0.003242066,1.350844e-07,1.2,1.404417e-11,3.300016,0.09584578,8.672432e-06,1.2,3.209932e-10,6.408147e-12,3.625544e-12,1.27411e-13,2.835426e-12,3.301359e-12,2.771764e-12
0.0001056166,3.3,3.3,1.2,0.003379987,3.294648,0.003245327,1.351259e-07,1.2,1.404831e-11,3.300016,0.0959491,8.679235e-06,1.2,3.212448e-10,6.408018e-12,3.625544e-12,1.273728e-13,2.83574e-12,3.301803e-12,2.773937e-12
0.0001057166,3.3,3.3,1.2,0.003370637,3.294642,0.003248586,1.350837e-07,1.2,1.404414e-11,3.300016,0.0960524,8.686102e-06,1.2,3.214987e-10,6.408279e-12,3.6251e-12,1.2739e-13,2.835902e-12,3.301359e-12,2.776189e-12
0.0001058166,3.3,3.3,1.2,0.003361312,3.294636,0.003251845,1.351252e-07,1.2,1.404831e-11,3.300016,0.09615571,8.692736e-06,1.2,3.217443e-10,6.408476e-12,3.6251e-12,1.274257e-13,2.842112e-12,3.301803e-12,2.778375e-12
0.0001059166,3.3,3.3,1.2,0.003352011,3.294629,0.003255102,1.351163e-07,1.2,1.404735e-11,3.300016,0.09625901,8.699267e-06,1.2,3.219858e-10,6.408574e-12,3.625544e-12,1.273669e-13,2.845378e-12,3.301803e-12,2.780195e-12
0.0001060166,3.3,3.3,1.2,0.003342703,3.294623,0.003258358,1.35073e-07,1.2,1.404299e-11,3.300016,0.0963623,8.706136e-06,1.2,3.222399e-10,6.406175e-12,3.6251e-12,1.273734e-13,2.848676e-12,3.301803e-12,2.782405e-12
0.0001061166,3.3,3.3,1.2,0.003333381,3.294617,0.003261614,1.35037e-07,1.2,1.403934e-11,3.300016,0.09646559,8.712696e-06,1.2,3.224827e-10,6.406349e-12,3.625544e-12,1.273819e-13,2.849135e-12,3.301803e-12,2.784553e-12
0.0001062166,3.3,3.3,1.2,0.003324094,3.29461,0.003264868,1.349897e-07,1.2,1.403441e-11,3.300016,0.09656887,8.719654e-06,1.2,3.227402e-10,6.406836e-12,3.6251e-12,1.272721e-13,2.849474e-12,3.301803e-12,2.786789e-12
0.0001063166,3.3,3.3,1.2,0.003315457,3.294604,0.003268121,1.350209e-07,1.2,1.403769e-11,3.300016,0.09667214,8.7265e-06,1.2,3.229932e-10,6.410441e-12,3.625988e-12,1.27322e-13,2.852673e-12,3.302247e-12,2.789295e-12
0.0001064166,3.3,3.3,1.2,0.003339976,3.294598,0.003271385,1.354668e-07,1.2,1.408338e-11,3.300016,0.09677542,8.733367e-06,1.2,3.232475e-10,6.536867e-12,3.638867e-12,1.279102e-13,2.855852e-12,3.301359e-12,2.791215e-12
0.0001065166,3.3,3.3,1.2,0.003695279,3.294597,0.003274735,1.379084e-07,1.2,1.433417e-11,3.300016,0.09687868,8.74016e-06,1.2,3.234987e-10,6.814806e-12,3.668621e-12,1.300034e-13,2.859415e-12,3.301359e-12,2.793413e-12
0.0001066166,3.3,3.3,1.2,0.003558034,3.294588,0.003277935,1.34599e-07,1.2,1.399426e-11,3.300016,0.09698194,8.747344e-06,1.2,3.237645e-10,7.697397e-12,3.762324e-12,1.297083e-13,2.862877e-12,3.301359e-12,2.795684e-12
0.0001067059,3.3,3.3,1.2,0.003547895,3.294582,0.003280838,1.347631e-07,1.2,1.401104e-11,3.300016,0.09707422,8.753468e-06,1.2,3.239909e-10,7.632634e-12,3.755218e-12,1.297132e-13,2.864054e-12,3.301359e-12,2.797747e-12
0.0001067725,3.3,3.3,1.2,0.003541355,3.294578,0.003283001,1.348068e-07,1.2,1.401572e-11,3.300016,0.09714296,8.758163e-06,1.2,3.241648e-10,7.56692e-12,3.749001e-12,1.295647e-13,2.864423e-12,3.302247e-12,2.79925e-12
0.0001068251,3.3,3.3,1.2,0.003536193,3.294575,0.00328471,1.347512e-07,1.2,1.400982e-11,3.300016,0.0971973,8.761947e-06,1.2,3.243047e-10,7.509587e-12,3.74234e-12,1.294055e-13,2.866429e-12,3.301803e-12,2.800645e-12
0.000106881,3.3,3.3,1.2,0.003530721,3.294571,0.003286525,1.347297e-07,1.2,1.400764e-11,3.300016,0.09725502,8.765995e-06,1.2,3.244544e-10,7.47511e-12,3.738787e-12,1.293406e-13,2.869787e-12,3.301359e-12,2.801802e-12
0.0001069805,3.3,3.3,1.2,0.003521007,3.294565,0.003289754,1.347457e-07,1.2,1.400943e-11,3.300016,0.09735771,8.773102e-06,1.2,3.247173e-10,7.462895e-12,3.737011e-12,1.292988e-13,2.871102e-12,3.301803e-12,2.803933e-12
0.0001070805,3.3,3.3,1.2,0.003511267,3.294558,0.003292999,1.348642e-07,1.2,1.402162e-11,3.300016,0.09746095,8.780014e-06,1.2,3.249732e-10,7.453729e-12,3.736567e-12,1.294284e-13,2.871813e-12,3.301803e-12,2.806188e-12
0.0001071805,3.3,3.3,1.2,0.003501554,3.294552,0.003296243,1.3479e-07,1.2,1.401401e-11,3.300016,0.09756418,8.786968e-06,1.2,3.2523e-10,7.447398e-12,3.735678e-12,1.2936e-13,2.872117e-12,3.301359e-12,2.808418e-12
0.0001072805,3.3,3.3,1.2,0.003491868,3.294546,0.003299486,1.348975e-07,1.2,1.402493e-11,3.300016,0.0976674,8.794069e-06,1.2,3.254928e-10,7.442613e-12,3.735678e-12,1.294078e-13,2.878566e-12,3.301359e-12,2.810939e-12
0.0001073805,3.3,3.3,1.2,0.003482208,3.294539,0.003302728,1.347921e-07,1.2,1.401404e-11,3.300016,0.09777062,8.801184e-06,1.2,3.25756e-10,7.440175e-12,3.73479e-12,1.293523e-13,2.881625e-12,3.301359e-12,2.812985e-12
0.0001074805,3.3,3.3,1.2,0.003472576,3.294533,0.003305969,1.347691e-07,1.2,1.401184e-11,3.300016,0.09787384,8.808491e-06,1.2,3.260264e-10,7.439439e-12,3.735234e-12,1.292977e-13,2.881944e-12,3.301359e-12,2.815295e-12
0.0001075805,3.3,3.3,1.2,0.00346297,3.294527,0.003309209,1.347776e-07,1.2,1.401275e-11,3.300016,0.09797705,8.815525e-06,1.2,3.262866e-10,7.439181e-12,3.73479e-12,1.292961e-13,2.885185e-12,3.301359e-12,2.817567e-12
0.0001076805,3.3,3.3,1.2,0.00345339,3.29452,0.003312448,1.348095e-07,1.2,1.401603e-11,3.300016,0.09808026,8.822866e-06,1.2,3.265582e-10,7.440324e-12,3.735678e-12,1.29344e-13,2.885294e-12,3.301803e-12,2.819908e-12
0.0001077805,3.3,3.3,1.2,0.003443837,3.294514,0.003315685,1.347546e-07,1.2,1.401039e-11,3.300016,0.09818346,8.829936e-06,1.2,3.268198e-10,7.442031e-12,3.735234e-12,1.292878e-13,2.888311e-12,3.301359e-12,2.822189e-12
0.0001078805,3.3,3.3,1.2,0.003434311,3.294507,0.003318922,1.347716e-07,1.2,1.401193e-11,3.300016,0.09828665,8.837341e-06,1.2,3.270937e-10,7.444258e-12,3.735678e-12,1.293154e-13,2.891454e-12,3.301359e-12,2.824539e-12
0.0001079805,3.3,3.3,1.2,0.003424811,3.294501,0.003322158,1.348671e-07,1.2,1.40219e-11,3.300016,0.09838984,8.844458e-06,1.2,3.273571e-10,7.446858e-12,3.735234e-12,1.294182e-13,2.894595e-12,3.301359e-12,2.826827e-12
0.0001080805,3.3,3.3,1.2,0.003415337,3.294495,0.003325392,1.34673e-07,1.2,1.400187e-11,3.300016,0.09849303,8.851889e-06,1.2,3.276319e-10,7.447718e-12,3.736123e-12,1.292637e-13,2.89799e-12,3.301803e-12,2.829218e-12
0.0001081805,3.3,3.3,1.2,0.003405889,3.294488,0.003328626,1.346425e-07,1.2,1.399872e-11,3.300016,0.09859621,8.859077e-06,1.2,3.278979e-10,7.451382e-12,3.736123e-12,1.292105e-13,2.898363e-12,3.301359e-12,2.83152e-12
0.0001082805,3.3,3.3,1.2,0.003396467,3.294482,0.003331858,1.346218e-07,1.2,1.399664e-11,3.300016,0.09869938,8.866261e-06,1.2,3.281636e-10,7.455345e-12,3.736123e-12,1.292116e-13,2.90475e-12,3.301359e-12,2.833845e-12
0.0001083805,3.3,3.3,1.2,0.003387072,3.294476,0.00333509,1.346534e-07,1.2,1.399987e-11,3.300016,0.09880255,8.873826e-06,1.2,3.284435e-10,7.458735e-12,3.736567e-12,1.292533e-13,2.904885e-12,3.301803e-12,2.836238e-12
0.0001084805,3.3,3.3,1.2,0.003377702,3.294469,0.00333832,1.346746e-07,1.2,1.400198e-11,3.300016,0.09890571,8.881186e-06,1.2,3.287157e-10,7.463227e-12,3.737011e-12,1.292431e-13,2.905401e-12,3.301359e-12,2.838861e-12
0.0001085805,3.3,3.3,1.2,0.003368358,3.294463,0.00334155,1.345878e-07,1.2,1.399297e-11,3.300016,0.09900887,8.888576e-06,1.2,3.289891e-10,7.467311e-12,3.737455e-12,1.291942e-13,2.908646e-12,3.301803e-12,2.841001e-12
0.0001086805,3.3,3.3,1.2,0.00335904,3.294456,0.003344778,1.345786e-07,1.2,1.3992e-11,3.300016,0.09911202,8.895873e-06,1.2,3.29259e-10,7.470018e-12,3.737899e-12,1.292059e-13,2.912032e-12,3.301803e-12,2.843335e-12
0.0001087805,3.3,3.3,1.2,0.00334974,3.29445,0.003348006,1.345064e-07,1.2,1.398464e-11,3.300016,0.09921517,8.903466e-06,1.2,3.295399e-10,7.473365e-12,3.737899e-12,1.291497e-13,2.918445e-12,3.301803e-12,2.845756e-12
0.0001088805,3.3,3.3,1.2,0.003340415,3.294444,0.003351232,1.345851e-07,1.2,1.399266e-11,3.300016,0.09931832,8.9108e-06,1.2,3.298111e-10,7.47871e-12,3.739231e-12,1.292356e-13,2.918843e-12,3.301803e-12,2.848138e-12
0.0001089805,3.3,3.3,1.2,0.003331102,3.294437,0.003354457,1.345625e-07,1.2,1.399037e-11,3.300016,0.09942146,8.918343e-06,1.2,3.300904e-10,7.480194e-12,3.739231e-12,1.292079e-13,2.919107e-12,3.301803e-12,2.850795e-12
0.0001090805,3.3,3.3,1.2,0.003321854,3.294431,0.003357682,1.345016e-07,1.2,1.398415e-11,3.300016,0.09952459,8.925828e-06,1.2,3.303672e-10,7.486898e-12,3.740119e-12,1.291621e-13,2.922585e-12,3.301803e-12,2.852921e-12
0.0001091805,3.3,3.3,1.2,0.003316003,3.294425,0.003360906,1.345735e-07,1.2,1.399152e-11,3.300016,0.09962772,8.933503e-06,1.2,3.306511e-10,7.504034e-12,3.741452e-12,1.292677e-13,2.923018e-12,3.302247e-12,2.855362e-12
0.0001092805,3.3,3.3,1.2,0.003426778,3.29442,0.003364167,1.358565e-07,1.2,1.412327e-11,3.300016,0.09973084,8.940875e-06,1.2,3.309238e-10,7.901718e-12,3.784084e-12,1.309172e-13,2.926158e-12,3.301803e-12,2.857722e-12
0.0001093805,3.3,3.3,1.2,0.003698017,3.294416,0.003367424,1.345948e-07,1.2,1.399375e-11,3.300016,0.09983396,8.948456e-06,1.2,3.312044e-10,6.479429e-12,3.633094e-12,1.270736e-13,2.932554e-12,3.301803e-12,2.860444e-12
0.0001094805,3.3,3.3,1.2,0.003554632,3.294409,0.003370638,1.348723e-07,1.2,1.402242e-11,3.300016,0.09993707,8.956035e-06,1.2,3.314847e-10,7.263617e-12,3.716139e-12,1.289192e-13,2.9331e-12,3.302247e-12,2.862614e-12
0.0001095524,3.3,3.3,1.2,0.003547327,3.294404,0.003372945,1.345471e-07,1.2,1.398877e-11,3.300016,0.1000111,8.961617e-06,1.2,3.316912e-10,7.721868e-12,3.764544e-12,1.296866e-13,2.934184e-12,3.301803e-12,2.864443e-12
0.000109614,3.3,3.3,1.2,0.003541282,3.2944,0.003374928,1.34368e-07,1.2,1.397049e-11,3.300016,0.1000747,8.966322e-06,1.2,3.318652e-10,7.853331e-12,3.779199e-12,1.298379e-13,2.935359e-12,3.301803e-12,2.866e-12
0.0001096743,3.3,3.3,1.2,0.003535375,3.294396,0.003376868,1.343552e-07,1.2,1.396919e-11,3.300016,0.1001369,8.970921e-06,1.2,3.320353e-10,7.862856e-12,3.780087e-12,1.298453e-13,2.940486e-12,3.301803e-12,2.867509e-12
0.0001097471,3.3,3.3,1.2,0.00352826,3.294392,0.003379207,1.343213e-07,1.2,1.396573e-11,3.300016,0.1002119,8.976574e-06,1.2,3.322444e-10,7.848093e-12,3.778311e-12,1.297996e-13,2.941656e-12,3.300915e-12,2.869261e-12
0.0001098471,3.3,3.3,1.2,0.0035185,3.294385,0.003382423,1.343553e-07,1.2,1.396919e-11,3.300016,0.100315,8.98414e-06,1.2,3.325242e-10,7.835481e-12,3.776535e-12,1.297692e-13,2.941561e-12,3.302247e-12,2.871624e-12
0.0001099471,3.3,3.3,1.2,0.003508767,3.294379,0.003385639,1.343942e-07,1.2,1.397316e-11,3.300016,0.1004181,8.991701e-06,1.2,3.328039e-10,7.824799e-12,3.775646e-12,1.29814e-13,2.944914e-12,3.301803e-12,2.874049e-12
0.0001100471,3.3,3.3,1.2,0.00349906,3.294373,0.003388853,1.343139e-07,1.2,1.396491e-11,3.300016,0.1005212,8.999315e-06,1.2,3.330857e-10,7.815655e-12,3.774758e-12,1.29696e-13,2.948457e-12,3.302247e-12,2.876488e-12
0.0001101471,3.3,3.3,1.2,0.003489381,3.294366,0.003392066,1.342951e-07,1.2,1.396306e-11,3.300016,0.1006242,9.007094e-06,1.2,3.333734e-10,7.808459e-12,3.77387e-12,1.29696e-13,2.951803e-12,3.301803e-12,2.87926e-12
0.0001102471,3.3,3.3,1.2,0.003479728,3.29436,0.003395278,1.342461e-07,1.2,1.395797e-11,3.300016,0.1007273,9.01488e-06,1.2,3.336615e-10,7.802491e-12,3.772982e-12,1.295826e-13,2.9552e-12,3.301359e-12,2.881491e-12
0.0001103471,3.3,3.3,1.2,0.003470102,3.294353,0.003398489,1.34117e-07,1.2,1.39447e-11,3.300016,0.1008304,9.022678e-06,1.2,3.339501e-10,7.79822e-12,3.772982e-12,1.295099e-13,2.955616e-12,3.301803e-12,2.884214e-12
0.0001104471,3.3,3.3,1.2,0.003460503,3.294347,0.003401699,1.342811e-07,1.2,1.39616e-11,3.300016,0.1009334,9.030493e-06,1.2,3.34239e-10,7.795773e-12,3.772094e-12,1.296285e-13,2.959022e-12,3.301803e-12,2.886491e-12
0.0001105471,3.3,3.3,1.2,0.00345093,3.294341,0.003404908,1.342717e-07,1.2,1.396068e-11,3.300016,0.1010365,9.038346e-06,1.2,3.345295e-10,7.793176e-12,3.77165e-12,1.296355e-13,2.959567e-12,3.301803e-12,2.889248e-12
0.0001106471,3.3,3.3,1.2,0.003441384,3.294334,0.003408116,1.342554e-07,1.2,1.395896e-11,3.300016,0.1011395,9.046203e-06,1.2,3.348204e-10,7.791974e-12,3.772094e-12,1.295796e-13,2.96288e-12,3.301803e-12,2.891518e-12
0.0001107471,3.3,3.3,1.2,0.003431864,3.294328,0.003411323,1.342655e-07,1.2,1.396004e-11,3.300016,0.1012426,9.053956e-06,1.2,3.351071e-10,7.788243e-12,3.77165e-12,1.296001e-13,2.96906e-12,3.301803e-12,2.894005e-12
0.0001108471,3.3,3.3,1.2,0.003422371,3.294322,0.003414529,1.342401e-07,1.2,1.395746e-11,3.300016,0.1013456,9.06203e-06,1.2,3.354058e-10,7.788208e-12,3.772094e-12,1.296e-13,2.96926e-12,3.301803e-12,2.896564e-12
0.0001109471,3.3,3.3,1.2,0.003412903,3.294315,0.003417734,1.341261e-07,1.2,1.394557e-11,3.300016,0.1014487,9.069825e-06,1.2,3.356941e-10,7.788021e-12,3.77165e-12,1.294858e-13,2.972783e-12,3.301803e-12,2.899091e-12
0.0001110471,3.3,3.3,1.2,0.003403462,3.294309,0.003420938,1.341113e-07,1.2,1.394408e-11,3.300016,0.1015517,9.077656e-06,1.2,3.359836e-10,7.788438e-12,3.77165e-12,1.294744e-13,2.976205e-12,3.301803e-12,2.901593e-12
0.0001111471,3.3,3.3,1.2,0.003394047,3.294302,0.003424141,1.341781e-07,1.2,1.395092e-11,3.300016,0.1016547,9.085806e-06,1.2,3.362854e-10,7.789349e-12,3.772094e-12,1.295562e-13,2.976594e-12,3.301803e-12,2.904197e-12
0.0001112471,3.3,3.3,1.2,0.003384658,3.294296,0.003427343,1.341483e-07,1.2,1.394806e-11,3.300016,0.1017577,9.09368e-06,1.2,3.365768e-10,7.790078e-12,3.772094e-12,1.295169e-13,2.979953e-12,3.301803e-12,2.906743e-12
0.0001113471,3.3,3.3,1.2,0.003375295,3.29429,0.003430543,1.341517e-07,1.2,1.39482e-11,3.300016,0.1018608,9.101559e-06,1.2,3.368679e-10,7.790992e-12,3.772094e-12,1.295182e-13,2.98024e-12,3.302247e-12,2.909266e-12
0.0001114471,3.3,3.3,1.2,0.003365957,3.294283,0.003433743,1.341403e-07,1.2,1.394723e-11,3.300016,0.1019638,9.109771e-06,1.2,3.371719e-10,7.789526e-12,3.772094e-12,1.29487e-13,2.989335e-12,3.301359e-12,2.911885e-12
0.0001115471,3.3,3.3,1.2,0.003356645,3.294277,0.003436942,1.340426e-07,1.2,1.393707e-11,3.300016,0.1020668,9.117704e-06,1.2,3.374652e-10,7.790923e-12,3.772538e-12,1.294273e-13,2.989856e-12,3.301803e-12,2.914437e-12
0.0001116471,3.3,3.3,1.2,0.003347336,3.29427,0.00344014,1.341366e-07,1.2,1.394672e-11,3.300016,0.1021698,9.125969e-06,1.2,3.377712e-10,7.792338e-12,3.772538e-12,1.295136e-13,2.9903e-12,3.301803e-12,2.917065e-12
0.0001117471,3.3,3.3,1.2,0.003338004,3.294264,0.003443336,1.340306e-07,1.2,1.393563e-11,3.300016,0.1022728,9.133943e-06,1.2,3.38066e-10,7.794556e-12,3.772538e-12,1.29425e-13,2.99368e-12,3.301803e-12,2.919644e-12
0.0001118471,3.3,3.3,1.2,0.0033287,3.294258,0.003446532,1.340537e-07,1.2,1.393821e-11,3.300016,0.1023758,9.141966e-06,1.2,3.383629e-10,7.792994e-12,3.772094e-12,1.294567e-13,2.994115e-12,3.302247e-12,2.92222e-12
0.0001119471,3.3,3.3,1.2,0.003319669,3.294251,0.003449727,1.340796e-07,1.2,1.394082e-11,3.300016,0.1024787,9.150172e-06,1.2,3.386665e-10,7.795785e-12,3.772982e-12,1.294585e-13,3.000591e-12,3.301359e-12,2.925107e-12
0.0001120471,3.3,3.3,1.2,0.003326315,3.294245,0.003452926,1.341848e-07,1.2,1.395165e-11,3.300016,0.1025817,9.158404e-06,1.2,3.389709e-10,7.858363e-12,3.778755e-12,1.296255e-13,3.004276e-12,3.301359e-12,2.927501e-12
0.0001121471,3.3,3.3,1.2,0.003605479,3.294244,0.003456205,1.367739e-07,1.2,1.421773e-11,3.300016,0.1026847,9.166484e-06,1.2,3.392699e-10,8.450833e-12,3.84226e-12,1.325403e-13,3.004574e-12,3.301359e-12,2.930079e-12
0.0001122471,3.3,3.3,1.2,0.003575281,3.294234,0.003459343,1.3234e-07,1.2,1.376225e-11,3.300016,0.1027877,9.174885e-06,1.2,3.395807e-10,7.541324e-12,3.745448e-12,1.278052e-13,3.007973e-12,3.301359e-12,2.932752e-12
0.0001123471,3.3,3.3,1.2,0.003550973,3.294229,0.003462547,1.333481e-07,1.2,1.386587e-11,3.300016,0.1028906,9.183016e-06,1.2,3.398815e-10,6.583424e-12,3.643752e-12,1.264174e-13,3.011363e-12,3.301359e-12,2.935361e-12
0.0001124105,3.3,3.3,1.2,0.003544653,3.294225,0.003464578,1.338076e-07,1.2,1.391303e-11,3.300016,0.1029559,9.188385e-06,1.2,3.400801e-10,6.10975e-12,3.593126e-12,1.257371e-13,3.013757e-12,3.301359e-12,2.937246e-12
0.0001124839,3.3,3.3,1.2,0.003537444,3.29422,0.00346692,1.339169e-07,1.2,1.392419e-11,3.300016,0.1030315,9.194474e-06,1.2,3.403052e-10,6.063625e-12,3.588241e-12,1.25673e-13,3.015666e-12,3.301803e-12,2.939207e-12
0.0001125552,3.3,3.3,1.2,0.003530467,3.294216,0.003469193,1.340013e-07,1.2,1.393281e-11,3.300016,0.1031049,9.20051e-06,1.2,3.405286e-10,6.106766e-12,3.592682e-12,1.258441e-13,3.014063e-12,3.301803e-12,2.941204e-12
0.0001126496,3.3,3.3,1.2,0.003521246,3.29421,0.003472202,1.340192e-07,1.2,1.393481e-11,3.300016,0.1032021,9.208451e-06,1.2,3.408222e-10,6.15113e-12,3.597567e-12,1.259208e-13,3.016763e-12,3.301359e-12,2.943519e-12
0.0001127496,3.3,3.3,1.2,0.003511506,3.294204,0.003475388,1.339559e-07,1.2,1.392818e-11,3.300016,0.103305,9.216709e-06,1.2,3.411279e-10,6.192695e-12,3.601563e-12,1.259715e-13,3.023509e-12,3.301359e-12,2.946187e-12
0.0001128496,3.3,3.3,1.2,0.003501792,3.294197,0.003478573,1.339377e-07,1.2,1.392634e-11,3.300016,0.103408,9.225034e-06,1.2,3.414359e-10,6.230117e-12,3.60556e-12,1.259893e-13,3.026807e-12,3.301803e-12,2.948858e-12
0.0001129496,3.3,3.3,1.2,0.003492105,3.294191,0.003481758,1.3384e-07,1.2,1.391644e-11,3.300016,0.1035109,9.2334e-06,1.2,3.417454e-10,6.258635e-12,3.609557e-12,1.26001e-13,3.027269e-12,3.301803e-12,2.951549e-12
0.0001130496,3.3,3.3,1.2,0.003482445,3.294184,0.003484941,1.338021e-07,1.2,1.391251e-11,3.300016,0.1036138,9.241824e-06,1.2,3.420569e-10,6.284746e-12,3.611778e-12,1.260094e-13,3.030736e-12,3.301359e-12,2.954287e-12
0.0001131496,3.3,3.3,1.2,0.003472811,3.294178,0.003488123,1.337362e-07,1.2,1.390576e-11,3.300016,0.1037167,9.250317e-06,1.2,3.423713e-10,6.303578e-12,3.613554e-12,1.259781e-13,3.034245e-12,3.301803e-12,2.957015e-12
0.0001132496,3.3,3.3,1.2,0.003463205,3.294172,0.003491304,1.337069e-07,1.2,1.390283e-11,3.300016,0.1038197,9.258883e-06,1.2,3.426879e-10,6.32142e-12,3.61533e-12,1.260308e-13,3.034992e-12,3.301803e-12,2.959781e-12
0.0001133496,3.3,3.3,1.2,0.003453624,3.294165,0.003494485,1.336342e-07,1.2,1.389533e-11,3.300016,0.1039226,9.267503e-06,1.2,3.430068e-10,6.335586e-12,3.616663e-12,1.259748e-13,3.041297e-12,3.301359e-12,2.962529e-12
0.0001134496,3.3,3.3,1.2,0.003444071,3.294159,0.003497664,1.337533e-07,1.2,1.390747e-11,3.300016,0.1040255,9.276111e-06,1.2,3.433255e-10,6.344914e-12,3.618439e-12,1.260777e-13,3.041813e-12,3.301359e-12,2.9653e-12
0.0001135496,3.3,3.3,1.2,0.003434543,3.294152,0.003500842,1.336938e-07,1.2,1.390144e-11,3.300016,0.1041284,9.2846e-06,1.2,3.436394e-10,6.354995e-12,3.619327e-12,1.260637e-13,3.048346e-12,3.301359e-12,2.967922e-12
0.0001136496,3.3,3.3,1.2,0.003425042,3.294146,0.003504019,1.336687e-07,1.2,1.389887e-11,3.300016,0.1042313,9.293075e-06,1.2,3.439529e-10,6.363248e-12,3.619327e-12,1.260677e-13,3.048589e-12,3.301359e-12,2.970649e-12
0.0001137496,3.3,3.3,1.2,0.003415568,3.29414,0.003507196,1.337961e-07,1.2,1.391184e-11,3.300016,0.1043342,9.301569e-06,1.2,3.442671e-10,6.367268e-12,3.621103e-12,1.261866e-13,3.049014e-12,3.301359e-12,2.973386e-12
0.0001138496,3.3,3.3,1.2,0.003406119,3.294133,0.003510371,1.337127e-07,1.2,1.390332e-11,3.300016,0.1044371,9.310164e-06,1.2,3.445851e-10,6.37456e-12,3.621548e-12,1.261321e-13,3.052541e-12,3.301359e-12,2.976173e-12
0.0001139496,3.3,3.3,1.2,0.003396696,3.294127,0.003513545,1.336989e-07,1.2,1.390193e-11,3.300016,0.1045399,9.318844e-06,1.2,3.449061e-10,6.379439e-12,3.621548e-12,1.261068e-13,3.058975e-12,3.301359e-12,2.978965e-12
0.0001140496,3.3,3.3,1.2,0.0033873,3.294121,0.003516718,1.337198e-07,1.2,1.390407e-11,3.300016,0.1046428,9.327576e-06,1.2,3.452292e-10,6.382936e-12,3.621992e-12,1.261411e-13,3.062378e-12,3.301359e-12,2.981778e-12
0.0001141496,3.3,3.3,1.2,0.00337793,3.294114,0.003519891,1.336651e-07,1.2,1.389847e-11,3.300016,0.1047457,9.336388e-06,1.2,3.455551e-10,6.383891e-12,3.621992e-12,1.260905e-13,3.062797e-12,3.301359e-12,2.984634e-12
0.0001142496,3.3,3.3,1.2,0.003368585,3.294108,0.003523062,1.336244e-07,1.2,1.389435e-11,3.300016,0.1048485,9.34523e-06,1.2,3.458823e-10,6.387638e-12,3.622436e-12,1.260914e-13,3.066196e-12,3.301359e-12,2.98747e-12
0.0001143496,3.3,3.3,1.2,0.003359265,3.294101,0.003526232,1.33746e-07,1.2,1.390677e-11,3.300016,0.1049514,9.353853e-06,1.2,3.462014e-10,6.390983e-12,3.62288e-12,1.261927e-13,3.069763e-12,3.301803e-12,2.990268e-12
0.0001144496,3.3,3.3,1.2,0.003349957,3.294095,0.003529401,1.337068e-07,1.2,1.390277e-11,3.300016,0.1050543,9.362406e-06,1.2,3.465177e-10,6.393663e-12,3.62288e-12,1.261723e-13,3.070453e-12,3.301359e-12,2.992768e-12
0.0001145496,3.3,3.3,1.2,0.003340622,3.294089,0.003532569,1.336913e-07,1.2,1.390117e-11,3.300016,0.1051571,9.370906e-06,1.2,3.468321e-10,6.393719e-12,3.623324e-12,1.261321e-13,3.076922e-12,3.301359e-12,2.995537e-12
0.0001146496,3.3,3.3,1.2,0.00333131,3.294082,0.003535737,1.336842e-07,1.2,1.390046e-11,3.300016,0.10526,9.379521e-06,1.2,3.471509e-10,6.396316e-12,3.623324e-12,1.261608e-13,3.077655e-12,3.301359e-12,2.998314e-12
0.0001147496,3.3,3.3,1.2,0.003322136,3.294076,0.003538903,1.336046e-07,1.2,1.389228e-11,3.300016,0.1053628,9.388203e-06,1.2,3.47472e-10,6.398892e-12,3.623768e-12,1.260756e-13,3.08104e-12,3.301803e-12,3.001112e-12
0.0001148496,3.3,3.3,1.2,0.003321225,3.29407,0.003542071,1.336675e-07,1.2,1.389876e-11,3.300016,0.1054656,9.397081e-06,1.2,3.478005e-10,6.434319e-12,3.627321e-12,1.261706e-13,3.084399e-12,3.301803e-12,3.004241e-12
0.0001149496,3.3,3.3,1.2,0.003522226,3.294067,0.003545301,1.35798e-07,1.2,1.41174e-11,3.300016,0.1055685,9.405975e-06,1.2,3.481296e-10,7.006205e-12,3.688605e-12,1.287181e-13,3.085015e-12,3.301803e-12,3.006812e-12
0.0001150496,3.3,3.3,1.2,0.003615672,3.294059,0.003548435,1.318849e-07,1.2,1.371557e-11,3.300016,0.1056713,9.414778e-06,1.2,3.484553e-10,5.252066e-12,3.501643e-12,1.225234e-13,3.088885e-12,3.301359e-12,3.009658e-12
0.0001151496,3.3,3.3,1.2,0.003552943,3.294053,0.003551611,1.330261e-07,1.2,1.3833e-11,3.300016,0.1057741,9.423643e-06,1.2,3.487831e-10,4.466268e-12,3.417711e-12,1.216018e-13,3.095264e-12,3.301359e-12,3.01251e-12
0.0001152155,3.3,3.3,1.2,0.003546281,3.294049,0.003553701,1.334321e-07,1.2,1.387469e-11,3.300016,0.1058419,9.429658e-06,1.2,3.490055e-10,4.132825e-12,3.382628e-12,1.21165e-13,3.096029e-12,3.301803e-12,3.014583e-12
0.0001152674,3.3,3.3,1.2,0.003541173,3.294046,0.003555343,1.335443e-07,1.2,1.388637e-11,3.300016,0.1058952,9.434357e-06,1.2,3.491793e-10,4.142864e-12,3.383072e-12,1.212235e-13,3.099156e-12,3.301803e-12,3.01595e-12
0.0001153219,3.3,3.3,1.2,0.003535832,3.294043,0.003557065,1.335886e-07,1.2,1.389087e-11,3.300016,0.1059513,9.439377e-06,1.2,3.493651e-10,4.231106e-12,3.393286e-12,1.214513e-13,3.099937e-12,3.302247e-12,3.017612e-12
0.0001153972,3.3,3.3,1.2,0.003528466,3.294038,0.003559443,1.335036e-07,1.2,1.388221e-11,3.300016,0.1060287,9.446216e-06,1.2,3.49618e-10,4.28845e-12,3.399059e-12,1.21476e-13,3.101146e-12,3.301803e-12,3.019832e-12
0.0001154972,3.3,3.3,1.2,0.003518705,3.294032,0.003562602,1.335026e-07,1.2,1.388197e-11,3.300016,0.1061315,9.455232e-06,1.2,3.499516e-10,4.322773e-12,3.403056e-12,1.215676e-13,3.10107e-12,3.301359e-12,3.022637e-12
0.0001155972,3.3,3.3,1.2,0.003508971,3.294025,0.003565759,1.33491e-07,1.2,1.388071e-11,3.300016,0.1062343,9.464265e-06,1.2,3.50286e-10,4.351865e-12,3.40572e-12,1.215737e-13,3.107673e-12,3.301803e-12,3.025551e-12
0.0001156972,3.3,3.3,1.2,0.003499263,3.294019,0.003568916,1.334501e-07,1.2,1.38764e-11,3.300017,0.1063371,9.473338e-06,1.2,3.506216e-10,4.375469e-12,3.407941e-12,1.216337e-13,3.111258e-12,3.301803e-12,3.028455e-12
0.0001157972,3.3,3.3,1.2,0.003489583,3.294012,0.003572071,1.334632e-07,1.2,1.387788e-11,3.300017,0.1064399,9.482474e-06,1.2,3.509594e-10,4.391464e-12,3.409717e-12,1.216718e-13,3.111867e-12,3.301359e-12,3.031414e-12
0.0001158972,3.3,3.3,1.2,0.00347993,3.294006,0.003575226,1.334961e-07,1.2,1.388143e-11,3.300017,0.1065426,9.491686e-06,1.2,3.513004e-10,4.406141e-12,3.411049e-12,1.217094e-13,3.115752e-12,3.301803e-12,3.034369e-12
0.0001159972,3.3,3.3,1.2,0.003470303,3.294,0.003578379,1.335026e-07,1.2,1.38819e-11,3.300017,0.1066454,9.500932e-06,1.2,3.516424e-10,4.414548e-12,3.412381e-12,1.217511e-13,3.119239e-12,3.301803e-12,3.03733e-12
0.0001160972,3.3,3.3,1.2,0.003460703,3.293993,0.003581532,1.334604e-07,1.2,1.387757e-11,3.300017,0.1067482,9.510196e-06,1.2,3.519851e-10,4.423172e-12,3.41327e-12,1.217212e-13,3.122928e-12,3.302247e-12,3.040301e-12
0.0001161972,3.3,3.3,1.2,0.003451129,3.293987,0.003584683,1.334147e-07,1.2,1.387288e-11,3.300017,0.1068509,9.519327e-06,1.2,3.523229e-10,4.42967e-12,3.413714e-12,1.216537e-13,3.123247e-12,3.302247e-12,3.043164e-12
0.0001162972,3.3,3.3,1.2,0.003441582,3.293981,0.003587834,1.33356e-07,1.2,1.386673e-11,3.300017,0.1069537,9.52849e-06,1.2,3.526618e-10,4.431342e-12,3.414158e-12,1.216468e-13,3.129667e-12,3.301803e-12,3.046076e-12
0.0001163972,3.3,3.3,1.2,0.003432061,3.293974,0.003590983,1.333241e-07,1.2,1.386365e-11,3.300017,0.1070565,9.537689e-06,1.2,3.530021e-10,4.434779e-12,3.414158e-12,1.216196e-13,3.132939e-12,3.301803e-12,3.049067e-12
0.0001164972,3.3,3.3,1.2,0.003422567,3.293968,0.003594132,1.333175e-07,1.2,1.386294e-11,3.300017,0.1071592,9.546993e-06,1.2,3.533463e-10,4.436741e-12,3.414602e-12,1.215781e-13,3.133594e-12,3.301803e-12,3.052071e-12
0.0001165972,3.3,3.3,1.2,0.003413098,3.293961,0.003597279,1.332346e-07,1.2,1.385434e-11,3.300017,0.107262,9.556343e-06,1.2,3.536921e-10,4.435788e-12,3.414602e-12,1.215377e-13,3.13744e-12,3.302247e-12,3.055066e-12
0.0001166972,3.3,3.3,1.2,0.003403656,3.293955,0.003600426,1.333028e-07,1.2,1.386126e-11,3.300017,0.1073647,9.565449e-06,1.2,3.54029e-10,4.436428e-12,3.415046e-12,1.216035e-13,3.140716e-12,3.301803e-12,3.058038e-12
0.0001167972,3.3,3.3,1.2,0.00339424,3.293949,0.003603572,1.333097e-07,1.2,1.386212e-11,3.300017,0.1074674,9.574793e-06,1.2,3.543746e-10,4.436514e-12,3.414602e-12,1.215533e-13,3.144034e-12,3.301803e-12,3.060797e-12
0.0001168972,3.3,3.3,1.2,0.00338485,3.293942,0.003606716,1.332292e-07,1.2,1.38538e-11,3.300017,0.1075702,9.58396e-06,1.2,3.547137e-10,4.433444e-12,3.414158e-12,1.21527e-13,3.14749e-12,3.301359e-12,3.063982e-12
0.0001169972,3.3,3.3,1.2,0.003375486,3.293936,0.00360986,1.332209e-07,1.2,1.385289e-11,3.300017,0.1076729,9.593405e-06,1.2,3.55063e-10,4.432826e-12,3.414158e-12,1.215122e-13,3.151316e-12,3.302247e-12,3.06679e-12
0.0001170972,3.3,3.3,1.2,0.003366148,3.293929,0.003613002,1.332563e-07,1.2,1.385652e-11,3.300017,0.1077756,9.602667e-06,1.2,3.554057e-10,4.43231e-12,3.414602e-12,1.215545e-13,3.154839e-12,3.301803e-12,3.06999e-12
0.0001171972,3.3,3.3,1.2,0.003356834,3.293923,0.003616144,1.33193e-07,1.2,1.385003e-11,3.300017,0.1078783,9.61195e-06,1.2,3.557492e-10,4.430843e-12,3.414602e-12,1.214704e-13,3.155238e-12,3.301803e-12,3.072745e-12
0.0001172972,3.3,3.3,1.2,0.003347515,3.293917,0.003619285,1.331677e-07,1.2,1.384748e-11,3.300017,0.107981,9.621448e-06,1.2,3.561007e-10,4.425884e-12,3.414158e-12,1.21453e-13,3.158812e-12,3.301803e-12,3.075798e-12
0.0001173972,3.3,3.3,1.2,0.003338179,3.29391,0.003622424,1.332116e-07,1.2,1.385197e-11,3.300017,0.1080837,9.630951e-06,1.2,3.564522e-10,4.424574e-12,3.41327e-12,1.214774e-13,3.162577e-12,3.302247e-12,3.07883e-12
0.0001174972,3.3,3.3,1.2,0.003328878,3.293904,0.003625563,1.331578e-07,1.2,1.384643e-11,3.300017,0.1081864,9.64067e-06,1.2,3.568117e-10,4.423443e-12,3.413714e-12,1.214054e-13,3.168997e-12,3.302247e-12,3.08219e-12
0.0001175972,3.3,3.3,1.2,0.003320136,3.293898,0.003628701,1.331412e-07,1.2,1.384479e-11,3.300017,0.1082891,9.650096e-06,1.2,3.571602e-10,4.424674e-12,3.41327e-12,1.214045e-13,3.169541e-12,3.301803e-12,3.084977e-12
0.0001176972,3.3,3.3,1.2,0.003340706,3.293892,0.003631847,1.334746e-07,1.2,1.387893e-11,3.300017,0.1083918,9.659851e-06,1.2,3.575212e-10,4.53438e-12,3.424816e-12,1.218385e-13,3.172938e-12,3.301803e-12,3.088327e-12
0.0001177972,3.3,3.3,1.2,0.003686738,3.293891,0.003635081,1.360578e-07,1.2,1.414419e-11,3.300017,0.1084945,9.669289e-06,1.2,3.578703e-10,4.897757e-12,3.463452e-12,1.242481e-13,3.176653e-12,3.301803e-12,3.091111e-12
0.0001178972,3.3,3.3,1.2,0.003563825,3.293882,0.003638163,1.325779e-07,1.2,1.378676e-11,3.300017,0.1085972,9.678966e-06,1.2,3.582286e-10,5.486298e-12,3.526068e-12,1.232682e-13,3.179999e-12,3.301803e-12,3.094212e-12
0.0001179876,3.3,3.3,1.2,0.003552813,3.293876,0.003641001,1.32879e-07,1.2,1.381792e-11,3.300017,0.1086901,9.687607e-06,1.2,3.585479e-10,5.227631e-12,3.498535e-12,1.229418e-13,3.183099e-12,3.301359e-12,3.097287e-12
0.000118055,3.3,3.3,1.2,0.003546172,3.293872,0.003643112,1.330161e-07,1.2,1.383197e-11,3.300017,0.1087592,9.694289e-06,1.2,3.587953e-10,5.086021e-12,3.48388e-12,1.227154e-13,3.184712e-12,3.302247e-12,3.099238e-12
0.0001181092,3.3,3.3,1.2,0.003540846,3.293868,0.003644811,1.330641e-07,1.2,1.383684e-11,3.300017,0.1088149,9.699606e-06,1.2,3.58992e-10,5.026652e-12,3.477219e-12,1.226169e-13,3.187494e-12,3.301803e-12,3.10093e-12
0.0001181662,3.3,3.3,1.2,0.003535261,3.293865,0.003646596,1.330768e-07,1.2,1.383814e-11,3.300017,0.1088734,9.70527e-06,1.2,3.592015e-10,5.004399e-12,3.475442e-12,1.225582e-13,3.189013e-12,3.301359e-12,3.102825e-12
0.0001182654,3.3,3.3,1.2,0.003525554,3.293858,0.003649703,1.329704e-07,1.2,1.382733e-11,3.300017,0.1089753,9.714974e-06,1.2,3.595605e-10,5.000828e-12,3.47411e-12,1.225046e-13,3.191626e-12,3.301803e-12,3.105781e-12
0.0001183654,3.3,3.3,1.2,0.003515801,3.293852,0.003652833,1.330508e-07,1.2,1.383545e-11,3.300017,0.109078,9.724501e-06,1.2,3.599129e-10,4.996868e-12,3.474554e-12,1.225323e-13,3.19523e-12,3.301803e-12,3.108833e-12
0.0001184654,3.3,3.3,1.2,0.003506075,3.293846,0.003655962,1.330161e-07,1.2,1.383194e-11,3.300017,0.1091806,9.734222e-06,1.2,3.602726e-10,4.994794e-12,3.473666e-12,1.224932e-13,3.198875e-12,3.301803e-12,3.112205e-12
0.0001185654,3.3,3.3,1.2,0.003496376,3.293839,0.00365909,1.330299e-07,1.2,1.383337e-11,3.300017,0.1092833,9.743956e-06,1.2,3.606325e-10,4.993836e-12,3.47411e-12,1.225157e-13,3.202535e-12,3.301803e-12,3.115093e-12
0.0001186654,3.3,3.3,1.2,0.003486704,3.293833,0.003662217,1.329949e-07,1.2,1.382977e-11,3.300017,0.1093859,9.754046e-06,1.2,3.610058e-10,4.990513e-12,3.473222e-12,1.224738e-13,3.20619e-12,3.301803e-12,3.118539e-12
0.0001187654,3.3,3.3,1.2,0.003477059,3.293826,0.003665343,1.329922e-07,1.2,1.382949e-11,3.300017,0.1094885,9.763835e-06,1.2,3.61368e-10,4.990876e-12,3.473666e-12,1.22452e-13,3.206928e-12,3.302247e-12,3.121449e-12
0.0001188654,3.3,3.3,1.2,0.00346744,3.29382,0.003668468,1.329276e-07,1.2,1.382294e-11,3.300017,0.1095912,9.773788e-06,1.2,3.617362e-10,4.991317e-12,3.473666e-12,1.224178e-13,3.213648e-12,3.301803e-12,3.12462e-12
0.0001189654,3.3,3.3,1.2,0.003457848,3.293814,0.003671592,1.329291e-07,1.2,1.38231e-11,3.300017,0.1096938,9.783658e-06,1.2,3.621014e-10,4.992023e-12,3.473666e-12,1.224409e-13,3.214615e-12,3.301803e-12,3.128072e-12
0.0001190654,3.3,3.3,1.2,0.003448283,3.293807,0.003674715,1.329565e-07,1.2,1.382581e-11,3.300017,0.1097964,9.793802e-06,1.2,3.624766e-10,4.992952e-12,3.473666e-12,1.224155e-13,3.221148e-12,3.301803e-12,3.131038e-12
0.0001191654,3.3,3.3,1.2,0.003438744,3.293801,0.003677837,1.329178e-07,1.2,1.382173e-11,3.300017,0.109899,9.803735e-06,1.2,3.628439e-10,4.994132e-12,3.47411e-12,1.224141e-13,3.221978e-12,3.301803e-12,3.134495e-12
0.0001192654,3.3,3.3,1.2,0.003429231,3.293794,0.003680958,1.329201e-07,1.2,1.382216e-11,3.300017,0.1100016,9.81368e-06,1.2,3.63212e-10,4.993048e-12,3.47411e-12,1.224237e-13,3.226077e-12,3.302247e-12,3.137434e-12
0.0001193654,3.3,3.3,1.2,0.003419745,3.293788,0.003684078,1.32888e-07,1.2,1.381886e-11,3.300017,0.1101042,9.823771e-06,1.2,3.635851e-10,4.994155e-12,3.473222e-12,1.22349e-13,3.229802e-12,3.302247e-12,3.140644e-12
0.0001194654,3.3,3.3,1.2,0.003410284,3.293782,0.003687197,1.328199e-07,1.2,1.381194e-11,3.300017,0.1102068,9.833774e-06,1.2,3.639554e-10,4.996541e-12,3.474554e-12,1.223277e-13,3.230521e-12,3.301803e-12,3.144121e-12
0.0001195654,3.3,3.3,1.2,0.00340085,3.293775,0.003690315,1.328183e-07,1.2,1.381176e-11,3.300017,0.1103094,9.844081e-06,1.2,3.643364e-10,4.99774e-12,3.473666e-12,1.223583e-13,3.237255e-12,3.301803e-12,3.147146e-12
0.0001196654,3.3,3.3,1.2,0.003391442,3.293769,0.003693432,1.328546e-07,1.2,1.38154e-11,3.300017,0.110412,9.854149e-06,1.2,3.647092e-10,4.9971e-12,3.47411e-12,1.223263e-13,3.240916e-12,3.301803e-12,3.150666e-12
0.0001197654,3.3,3.3,1.2,0.00338206,3.293763,0.003696548,1.329397e-07,1.2,1.382421e-11,3.300017,0.1105146,9.864238e-06,1.2,3.650823e-10,4.999004e-12,3.47411e-12,1.224587e-13,3.241834e-12,3.302247e-12,3.153633e-12
0.0001198654,3.3,3.3,1.2,0.003372704,3.293756,0.003699663,1.328504e-07,1.2,1.381505e-11,3.300017,0.1106172,9.874633e-06,1.2,3.654668e-10,5.001141e-12,3.474554e-12,1.223914e-13,3.245498e-12,3.301803e-12,3.15717e-12
0.0001199654,3.3,3.3,1.2,0.003363374,3.29375,0.003702778,1.328585e-07,1.2,1.381583e-11,3.300017,0.1107198,9.884729e-06,1.2,3.658402e-10,5.000471e-12,3.474554e-12,1.223688e-13,3.249208e-12,3.302247e-12,3.1602e-12
0.0001200654,3.3,3.3,1.2,0.003354062,3.293743,0.003705891,1.328639e-07,1.2,1.38164e-11,3.300017,0.1108223,9.895041e-06,1.2,3.662217e-10,5.002367e-12,3.474998e-12,1.223522e-13,3.255945e-12,3.301803e-12,3.16349e-12
0.0001201654,3.3,3.3,1.2,0.003344725,3.293737,0.003709003,1.328762e-07,1.2,1.381771e-11,3.300017,0.1109249,9.905355e-06,1.2,3.666032e-10,5.004183e-12,3.474998e-12,1.224087e-13,3.25702e-12,3.301803e-12,3.166808e-12
0.0001202654,3.3,3.3,1.2,0.0033354,3.293731,0.003712114,1.328163e-07,1.2,1.381137e-11,3.300017,0.1110275,9.915704e-06,1.2,3.669862e-10,5.006124e-12,3.474998e-12,1.223553e-13,3.260795e-12,3.302247e-12,3.170128e-12
0.0001203654,3.3,3.3,1.2,0.003326137,3.293724,0.003715224,1.328141e-07,1.2,1.381115e-11,3.300017,0.11113,9.925974e-06,1.2,3.673661e-10,5.005616e-12,3.474998e-12,1.223883e-13,3.26452e-12,3.301803e-12,3.173652e-12
0.0001204654,3.3,3.3,1.2,0.003320081,3.293718,0.003718335,1.327582e-07,1.2,1.380559e-11,3.300017,0.1112326,9.936251e-06,1.2,3.677464e-10,5.021913e-12,3.477219e-12,1.223011e-13,3.265446e-12,3.301803e-12,3.176714e-12
0.0001205654,3.3,3.3,1.2,0.003426104,3.293714,0.003721481,1.340649e-07,1.2,1.39396e-11,3.300017,0.1113351,9.946737e-06,1.2,3.681342e-10,5.40238e-12,3.517187e-12,1.239241e-13,3.275126e-12,3.301359e-12,3.180065e-12
0.0001206654,3.3,3.3,1.2,0.003706772,3.293709,0.003724628,1.330326e-07,1.2,1.383373e-11,3.300017,0.1114376,9.957233e-06,1.2,3.685224e-10,4.038393e-12,3.371969e-12,1.20434e-13,3.276054e-12,3.301359e-12,3.183438e-12
0.0001207654,3.3,3.3,1.2,0.003558814,3.293703,0.003727727,1.331389e-07,1.2,1.38445e-11,3.300017,0.1115402,9.967601e-06,1.2,3.689061e-10,4.928953e-12,3.467004e-12,1.223452e-13,3.276816e-12,3.301359e-12,3.186989e-12
0.0001208398,3.3,3.3,1.2,0.003551252,3.293698,0.003730029,1.327766e-07,1.2,1.380747e-11,3.300017,0.1116164,9.975664e-06,1.2,3.692042e-10,5.423612e-12,3.519407e-12,1.231426e-13,3.280015e-12,3.301803e-12,3.189697e-12
0.0001209045,3.3,3.3,1.2,0.003544906,3.293693,0.003732035,1.326955e-07,1.2,1.379895e-11,3.300017,0.1116827,9.982646e-06,1.2,3.694625e-10,5.563458e-12,3.534062e-12,1.234316e-13,3.28373e-12,3.301803e-12,3.191762e-12
0.0001209746,3.3,3.3,1.2,0.003538033,3.293689,0.00373421,1.327451e-07,1.2,1.380403e-11,3.300017,0.1117546,9.990143e-06,1.2,3.697398e-10,5.568525e-12,3.534506e-12,1.234833e-13,3.284267e-12,3.301803e-12,3.194079e-12
0.0001210548,3.3,3.3,1.2,0.003530182,3.293684,0.003736699,1.327173e-07,1.2,1.380117e-11,3.300017,0.1118368,9.998714e-06,1.2,3.700571e-10,5.549506e-12,3.53273e-12,1.23398e-13,3.289617e-12,3.301803e-12,3.196818e-12
0.0001211548,3.3,3.3,1.2,0.003520416,3.293677,0.003739801,1.326064e-07,1.2,1.378965e-11,3.300017,0.1119393,1.000919e-05,1.2,3.704446e-10,5.529496e-12,3.530509e-12,1.232481e-13,3.292335e-12,3.301803e-12,3.200123e-12
0.0001212548,3.3,3.3,1.2,0.003510677,3.293671,0.003742903,1.325637e-07,1.2,1.378527e-11,3.300017,0.1120419,1.001972e-05,1.2,3.70834e-10,5.513082e-12,3.529177e-12,1.231946e-13,3.2966e-12,3.301803e-12,3.203525e-12
0.0001213548,3.3,3.3,1.2,0.003500966,3.293665,0.003746003,1.326205e-07,1.2,1.379129e-11,3.300017,0.1121444,1.003031e-05,1.2,3.712259e-10,5.495447e-12,3.526957e-12,1.232245e-13,3.300201e-12,3.301359e-12,3.206938e-12
0.0001214548,3.3,3.3,1.2,0.003491281,3.293658,0.003749103,1.324674e-07,1.2,1.37754e-11,3.300017,0.1122469,1.004091e-05,1.2,3.716181e-10,5.482741e-12,3.525624e-12,1.230316e-13,3.300914e-12,3.301359e-12,3.210316e-12
0.0001215548,3.3,3.3,1.2,0.003481623,3.293652,0.003752201,1.325242e-07,1.2,1.378133e-11,3.300017,0.1123494,1.005155e-05,1.2,3.720115e-10,5.472016e-12,3.524292e-12,1.231493e-13,3.310858e-12,3.301359e-12,3.213739e-12
0.0001216548,3.3,3.3,1.2,0.003471991,3.293645,0.003755299,1.32449e-07,1.2,1.377349e-11,3.300017,0.1124518,1.006225e-05,1.2,3.724073e-10,5.46323e-12,3.523404e-12,1.229838e-13,3.311607e-12,3.301359e-12,3.217187e-12
0.0001217548,3.3,3.3,1.2,0.003462386,3.293639,0.003758395,1.325036e-07,1.2,1.377915e-11,3.300017,0.1125543,1.007301e-05,1.2,3.728053e-10,5.45604e-12,3.52296e-12,1.230243e-13,3.312455e-12,3.301803e-12,3.220642e-12
0.0001218548,3.3,3.3,1.2,0.003452808,3.293633,0.003761491,1.325194e-07,1.2,1.378078e-11,3.300017,0.1126568,1.008381e-05,1.2,3.732047e-10,5.450057e-12,3.522072e-12,1.230416e-13,3.316323e-12,3.301359e-12,3.224098e-12
0.0001219548,3.3,3.3,1.2,0.003443257,3.293626,0.003764586,1.325865e-07,1.2,1.37876e-11,3.300017,0.1127593,1.009468e-05,1.2,3.736068e-10,5.445063e-12,3.521627e-12,1.230794e-13,3.320103e-12,3.301359e-12,3.227593e-12
0.0001220548,3.3,3.3,1.2,0.003433731,3.29362,0.003767679,1.326048e-07,1.2,1.378969e-11,3.300017,0.1128617,1.010557e-05,1.2,3.7401e-10,5.438292e-12,3.521627e-12,1.230714e-13,3.326926e-12,3.301803e-12,3.231091e-12
0.0001221548,3.3,3.3,1.2,0.003424232,3.293613,0.003770772,1.326165e-07,1.2,1.379071e-11,3.300017,0.1129642,1.011652e-05,1.2,3.744152e-10,5.434833e-12,3.520295e-12,1.230984e-13,3.324794e-12,3.301359e-12,3.234624e-12
0.0001222548,3.3,3.3,1.2,0.00341476,3.293607,0.003773864,1.324542e-07,1.2,1.377408e-11,3.300017,0.1130667,1.012753e-05,1.2,3.748222e-10,5.432489e-12,3.520295e-12,1.229158e-13,3.331709e-12,3.301803e-12,3.238149e-12
0.0001223548,3.3,3.3,1.2,0.003405313,3.293601,0.003776954,1.325238e-07,1.2,1.378123e-11,3.300017,0.1131691,1.013858e-05,1.2,3.752309e-10,5.430053e-12,3.520295e-12,1.229796e-13,3.332614e-12,3.301359e-12,3.2417e-12
0.0001224548,3.3,3.3,1.2,0.003395893,3.293594,0.003780044,1.325619e-07,1.2,1.378515e-11,3.300017,0.1132716,1.014967e-05,1.2,3.756412e-10,5.427773e-12,3.519851e-12,1.230423e-13,3.333432e-12,3.301359e-12,3.245247e-12
0.0001225548,3.3,3.3,1.2,0.003386498,3.293588,0.003783133,1.324167e-07,1.2,1.377025e-11,3.300017,0.113374,1.016082e-05,1.2,3.760537e-10,5.423439e-12,3.518963e-12,1.228668e-13,3.343196e-12,3.301359e-12,3.248833e-12
0.0001226548,3.3,3.3,1.2,0.00337713,3.293582,0.003786221,1.324294e-07,1.2,1.377162e-11,3.300017,0.1134764,1.017178e-05,1.2,3.764593e-10,5.422395e-12,3.518963e-12,1.229075e-13,3.344172e-12,3.301359e-12,3.25221e-12
0.0001227548,3.3,3.3,1.2,0.003367787,3.293575,0.003789308,1.324369e-07,1.2,1.377228e-11,3.300017,0.1135789,1.018272e-05,1.2,3.768639e-10,5.421191e-12,3.518963e-12,1.228476e-13,3.347976e-12,3.301359e-12,3.255754e-12
0.0001228548,3.3,3.3,1.2,0.003358468,3.293569,0.003792394,1.324293e-07,1.2,1.377164e-11,3.300017,0.1136813,1.019376e-05,1.2,3.772725e-10,5.417301e-12,3.518519e-12,1.228963e-13,3.352067e-12,3.301359e-12,3.259314e-12
0.0001229548,3.3,3.3,1.2,0.003349142,3.293562,0.003795479,1.324388e-07,1.2,1.377255e-11,3.300017,0.1137837,1.020488e-05,1.2,3.776837e-10,5.415714e-12,3.518075e-12,1.228985e-13,3.358826e-12,3.301359e-12,3.262889e-12
0.0001230548,3.3,3.3,1.2,0.003339802,3.293556,0.003798563,1.324093e-07,1.2,1.376953e-11,3.300017,0.1138861,1.02161e-05,1.2,3.780988e-10,5.41543e-12,3.518519e-12,1.228805e-13,3.359864e-12,3.301359e-12,3.266534e-12
0.0001231548,3.3,3.3,1.2,0.003330497,3.29355,0.003801646,1.323832e-07,1.2,1.376684e-11,3.300017,0.1139886,1.022741e-05,1.2,3.785173e-10,5.414805e-12,3.518075e-12,1.228234e-13,3.363776e-12,3.301359e-12,3.27016e-12
0.0001232548,3.3,3.3,1.2,0.003321874,3.293543,0.003804728,1.323674e-07,1.2,1.376524e-11,3.300017,0.114091,1.02386e-05,1.2,3.789314e-10,5.414342e-12,3.518519e-12,1.227781e-13,3.36762e-12,3.301803e-12,3.273673e-12
0.0001233548,3.3,3.3,1.2,0.00334774,3.293538,0.003807821,1.327654e-07,1.2,1.380605e-11,3.300017,0.1141934,1.024984e-05,1.2,3.793472e-10,5.545447e-12,3.531841e-12,1.232834e-13,3.368593e-12,3.301359e-12,3.277309e-12
0.0001234548,3.3,3.3,1.2,0.003705575,3.293537,0.003811,1.351425e-07,1.2,1.40503e-11,3.300017,0.1142958,1.026114e-05,1.2,3.797651e-10,5.79109e-12,3.558931e-12,1.253441e-13,3.378393e-12,3.301803e-12,3.280923e-12
0.0001235548,3.3,3.3,1.2,0.003564068,3.293528,0.00381403,1.320832e-07,1.2,1.373588e-11,3.300017,0.1143982,1.027252e-05,1.2,3.801862e-10,6.76151e-12,3.661516e-12,1.254241e-13,3.379425e-12,3.301359e-12,3.284603e-12
0.0001236438,3.3,3.3,1.2,0.003554126,3.293522,0.003816769,1.322106e-07,1.2,1.374914e-11,3.300017,0.1144893,1.028269e-05,1.2,3.805626e-10,6.756654e-12,3.661516e-12,1.255302e-13,3.382521e-12,3.301803e-12,3.287818e-12
0.0001237091,3.3,3.3,1.2,0.003547708,3.293518,0.003818777,1.322111e-07,1.2,1.37492e-11,3.300017,0.1145561,1.029004e-05,1.2,3.808345e-10,6.710072e-12,3.656186e-12,1.254297e-13,3.383765e-12,3.302247e-12,3.290256e-12
0.0001237616,3.3,3.3,1.2,0.003542551,3.293514,0.003820392,1.322747e-07,1.2,1.375569e-11,3.300017,0.1146098,1.029608e-05,1.2,3.810573e-10,6.648172e-12,3.650413e-12,1.253676e-13,3.385067e-12,3.301803e-12,3.292052e-12
0.0001238179,3.3,3.3,1.2,0.003537031,3.293511,0.003822124,1.322411e-07,1.2,1.375226e-11,3.300017,0.1146675,1.030261e-05,1.2,3.812991e-10,6.606602e-12,3.645528e-12,1.252548e-13,3.38749e-12,3.301803e-12,3.294327e-12
0.0001239153,3.3,3.3,1.2,0.003527499,3.293504,0.00382512,1.32273e-07,1.2,1.375547e-11,3.300017,0.1147672,1.031395e-05,1.2,3.81719e-10,6.590723e-12,3.643308e-12,1.252359e-13,3.394079e-12,3.301359e-12,3.297944e-12
0.0001240153,3.3,3.3,1.2,0.003517741,3.293498,0.003828195,1.322496e-07,1.2,1.375309e-11,3.300017,0.1148696,1.032519e-05,1.2,3.821346e-10,6.577586e-12,3.641532e-12,1.251721e-13,3.39512e-12,3.301359e-12,3.301298e-12
0.0001241153,3.3,3.3,1.2,0.00350801,3.293492,0.003831269,1.322393e-07,1.2,1.375208e-11,3.300017,0.1149719,1.033638e-05,1.2,3.825486e-10,6.568263e-12,3.641087e-12,1.251617e-13,3.401932e-12,3.301359e-12,3.304922e-12
0.0001242153,3.3,3.3,1.2,0.003498306,3.293485,0.003834341,1.322306e-07,1.2,1.375116e-11,3.300017,0.1150743,1.034799e-05,1.2,3.829779e-10,6.561084e-12,3.640199e-12,1.251253e-13,3.402913e-12,3.301359e-12,3.308663e-12
0.0001243153,3.3,3.3,1.2,0.003488629,3.293479,0.003837413,1.321966e-07,1.2,1.374773e-11,3.300017,0.1151767,1.03594e-05,1.2,3.834001e-10,6.556566e-12,3.639755e-12,1.250978e-13,3.406979e-12,3.301359e-12,3.312358e-12
0.0001244153,3.3,3.3,1.2,0.003478979,3.293473,0.003840484,1.321625e-07,1.2,1.374422e-11,3.300017,0.115279,1.037089e-05,1.2,3.83825e-10,6.550466e-12,3.638867e-12,1.250472e-13,3.413587e-12,3.301359e-12,3.316046e-12
0.0001245153,3.3,3.3,1.2,0.003469355,3.293466,0.003843554,1.321231e-07,1.2,1.374002e-11,3.300017,0.1153813,1.038246e-05,1.2,3.842529e-10,6.549251e-12,3.638867e-12,1.250308e-13,3.417936e-12,3.301359e-12,3.319768e-12
0.0001246153,3.3,3.3,1.2,0.003459758,3.29346,0.003846623,1.320799e-07,1.2,1.37356e-11,3.300017,0.1154837,1.039407e-05,1.2,3.846825e-10,6.548607e-12,3.638423e-12,1.24994e-13,3.418904e-12,3.301359e-12,3.323508e-12
0.0001247153,3.3,3.3,1.2,0.003450187,3.293453,0.00384969,1.320423e-07,1.2,1.373173e-11,3.300017,0.115586,1.040574e-05,1.2,3.851145e-10,6.549039e-12,3.638423e-12,1.249344e-13,3.42291e-12,3.301359e-12,3.327246e-12
0.0001248153,3.3,3.3,1.2,0.003440643,3.293447,0.003852757,1.320515e-07,1.2,1.373254e-11,3.300017,0.1156883,1.041746e-05,1.2,3.855481e-10,6.550243e-12,3.638423e-12,1.250084e-13,3.429744e-12,3.301359e-12,3.331018e-12
0.0001249153,3.3,3.3,1.2,0.003431125,3.293441,0.003855823,1.321693e-07,1.2,1.374486e-11,3.300017,0.1157907,1.042923e-05,1.2,3.859832e-10,6.548817e-12,3.638867e-12,1.250366e-13,3.431088e-12,3.301359e-12,3.33481e-12
0.0001250153,3.3,3.3,1.2,0.003421634,3.293434,0.003858888,1.32006e-07,1.2,1.372784e-11,3.300017,0.115893,1.044104e-05,1.2,3.864203e-10,6.550669e-12,3.639311e-12,1.248965e-13,3.437948e-12,3.301359e-12,3.338575e-12
0.0001251153,3.3,3.3,1.2,0.003412168,3.293428,0.003861952,1.320965e-07,1.2,1.373715e-11,3.300017,0.1159953,1.045289e-05,1.2,3.868584e-10,6.553334e-12,3.639311e-12,1.250476e-13,3.438902e-12,3.301359e-12,3.342376e-12
0.0001252153,3.3,3.3,1.2,0.003402729,3.293421,0.003865016,1.321067e-07,1.2,1.373817e-11,3.300017,0.1160976,1.046477e-05,1.2,3.872979e-10,6.556554e-12,3.639755e-12,1.250449e-13,3.440249e-12,3.301803e-12,3.346183e-12
0.0001253153,3.3,3.3,1.2,0.003393316,3.293415,0.003868078,1.320069e-07,1.2,1.372792e-11,3.300017,0.1161999,1.047669e-05,1.2,3.877393e-10,6.556176e-12,3.639311e-12,1.249491e-13,3.450322e-12,3.301359e-12,3.350024e-12
0.0001254153,3.3,3.3,1.2,0.003383929,3.293409,0.003871139,1.320196e-07,1.2,1.372925e-11,3.300017,0.1163022,1.048864e-05,1.2,3.881809e-10,6.559664e-12,3.640643e-12,1.249761e-13,3.451322e-12,3.301803e-12,3.353828e-12
0.0001255153,3.3,3.3,1.2,0.003374568,3.293402,0.003874199,1.320645e-07,1.2,1.373404e-11,3.300017,0.1164045,1.050064e-05,1.2,3.886249e-10,6.563072e-12,3.640199e-12,1.25029e-13,3.455313e-12,3.301359e-12,3.357696e-12
0.0001256153,3.3,3.3,1.2,0.003365232,3.293396,0.003877259,1.320761e-07,1.2,1.373522e-11,3.300017,0.1165068,1.05127e-05,1.2,3.890713e-10,6.564435e-12,3.641087e-12,1.250011e-13,3.459598e-12,3.301359e-12,3.361574e-12
0.0001257153,3.3,3.3,1.2,0.003355915,3.29339,0.003880317,1.320287e-07,1.2,1.373021e-11,3.300017,0.1166091,1.052481e-05,1.2,3.895188e-10,6.567618e-12,3.640643e-12,1.250111e-13,3.466477e-12,3.301359e-12,3.365438e-12
0.0001258153,3.3,3.3,1.2,0.003346574,3.293383,0.003883374,1.319782e-07,1.2,1.372501e-11,3.300017,0.1167113,1.053695e-05,1.2,3.899683e-10,6.571392e-12,3.641532e-12,1.249952e-13,3.467851e-12,3.301359e-12,3.369349e-12
0.0001259153,3.3,3.3,1.2,0.003337243,3.293377,0.003886431,1.319773e-07,1.2,1.372492e-11,3.300017,0.1168136,1.054916e-05,1.2,3.904197e-10,6.572704e-12,3.641532e-12,1.249664e-13,3.472047e-12,3.301359e-12,3.373283e-12
0.0001260153,3.3,3.3,1.2,0.003327976,3.29337,0.003889486,1.31973e-07,1.2,1.372444e-11,3.300017,0.1169159,1.056146e-05,1.2,3.908751e-10,6.5764e-12,3.641976e-12,1.249345e-13,3.475952e-12,3.301359e-12,3.377234e-12
0.0001261153,3.3,3.3,1.2,0.00332192,3.293364,0.003892542,1.319215e-07,1.2,1.371929e-11,3.300017,0.1170181,1.057382e-05,1.2,3.913325e-10,6.594501e-12,3.643308e-12,1.249613e-13,3.480184e-12,3.301359e-12,3.381188e-12
0.0001262153,3.3,3.3,1.2,0.003428087,3.29336,0.003895633,1.332203e-07,1.2,1.385263e-11,3.300017,0.1171204,1.058601e-05,1.2,3.917831e-10,6.977483e-12,3.684164e-12,1.265711e-13,3.487218e-12,3.301359e-12,3.384999e-12
0.0001263153,3.3,3.3,1.2,0.003708488,3.293356,0.003898725,1.321666e-07,1.2,1.374453e-11,3.300017,0.1172227,1.059822e-05,1.2,3.922348e-10,5.612743e-12,3.539391e-12,1.230219e-13,3.488295e-12,3.301359e-12,3.388937e-12
0.0001264153,3.3,3.3,1.2,0.003560652,3.293349,0.00390177,1.322667e-07,1.2,1.375489e-11,3.300017,0.1173249,1.061052e-05,1.2,3.926898e-10,6.49884e-12,3.633538e-12,1.249267e-13,3.489708e-12,3.301359e-12,3.392908e-12
0.0001264876,3.3,3.3,1.2,0.003553289,3.293344,0.003903969,1.318911e-07,1.2,1.371607e-11,3.300017,0.1173988,1.061953e-05,1.2,3.930232e-10,7.004622e-12,3.687717e-12,1.257901e-13,3.495688e-12,3.300915e-12,3.395673e-12
0.0001265515,3.3,3.3,1.2,0.003547014,3.29334,0.003905916,1.317543e-07,1.2,1.370211e-11,3.300017,0.1174642,1.062734e-05,1.2,3.933121e-10,7.140994e-12,3.701484e-12,1.259686e-13,3.500249e-12,3.301803e-12,3.398224e-12
0.0001266133,3.3,3.3,1.2,0.003540952,3.293336,0.0039078,1.317407e-07,1.2,1.370071e-11,3.300017,0.1175274,1.063494e-05,1.2,3.93593e-10,7.145881e-12,3.702816e-12,1.259644e-13,3.502419e-12,3.301803e-12,3.400652e-12
0.0001266871,3.3,3.3,1.2,0.003533719,3.293331,0.00391005,1.31801e-07,1.2,1.370687e-11,3.300017,0.1176028,1.064407e-05,1.2,3.939311e-10,7.122539e-12,3.699707e-12,1.259823e-13,3.502955e-12,3.301803e-12,3.403641e-12
0.0001267871,3.3,3.3,1.2,0.003523944,3.293325,0.003913098,1.317971e-07,1.2,1.370651e-11,3.300017,0.1177051,1.065624e-05,1.2,3.943815e-10,7.105106e-12,3.697487e-12,1.259704e-13,3.510053e-12,3.301359e-12,3.407409e-12
0.0001268871,3.3,3.3,1.2,0.003514195,3.293318,0.003916146,1.317481e-07,1.2,1.370143e-11,3.300017,0.1178073,1.066844e-05,1.2,3.948325e-10,7.09055e-12,3.697043e-12,1.25884e-13,3.511084e-12,3.301359e-12,3.411349e-12
0.0001269871,3.3,3.3,1.2,0.003504474,3.293312,0.003919192,1.317886e-07,1.2,1.370551e-11,3.300017,0.1179095,1.068072e-05,1.2,3.952867e-10,7.078295e-12,3.695266e-12,1.258373e-13,3.517985e-12,3.301359e-12,3.415308e-12
0.0001270871,3.3,3.3,1.2,0.00349478,3.293305,0.003922237,1.318563e-07,1.2,1.371254e-11,3.300017,0.1180117,1.069305e-05,1.2,3.95743e-10,7.067896e-12,3.693934e-12,1.259252e-13,3.522264e-12,3.301803e-12,3.419293e-12
0.0001271871,3.3,3.3,1.2,0.003485112,3.293299,0.003925281,1.31764e-07,1.2,1.370309e-11,3.300017,0.1181139,1.070574e-05,1.2,3.962125e-10,7.059448e-12,3.693046e-12,1.258479e-13,3.523399e-12,3.301803e-12,3.42332e-12
0.0001272871,3.3,3.3,1.2,0.003475471,3.293293,0.003928325,1.318111e-07,1.2,1.370781e-11,3.300017,0.1182161,1.071815e-05,1.2,3.966718e-10,7.053598e-12,3.691714e-12,1.258017e-13,3.530389e-12,3.301803e-12,3.427315e-12
0.0001273871,3.3,3.3,1.2,0.003465857,3.293286,0.003931367,1.317595e-07,1.2,1.37027e-11,3.300017,0.1183183,1.073093e-05,1.2,3.971441e-10,7.046375e-12,3.691714e-12,1.258156e-13,3.534717e-12,3.301803e-12,3.431411e-12
0.0001274871,3.3,3.3,1.2,0.003456269,3.29328,0.003934408,1.316668e-07,1.2,1.369313e-11,3.300017,0.1184205,1.074345e-05,1.2,3.976074e-10,7.042642e-12,3.69127e-12,1.256854e-13,3.538841e-12,3.301803e-12,3.435432e-12
0.0001275871,3.3,3.3,1.2,0.003446708,3.293273,0.003937449,1.317716e-07,1.2,1.370389e-11,3.300017,0.1185227,1.075628e-05,1.2,3.980819e-10,7.040475e-12,3.690825e-12,1.257874e-13,3.54296e-12,3.302247e-12,3.43952e-12
0.0001276871,3.3,3.3,1.2,0.003437173,3.293267,0.003940489,1.316897e-07,1.2,1.36955e-11,3.300017,0.1186249,1.076886e-05,1.2,3.985471e-10,7.036161e-12,3.690381e-12,1.256962e-13,3.547009e-12,3.302247e-12,3.443592e-12
0.0001277871,3.3,3.3,1.2,0.003427665,3.293261,0.003943527,1.317228e-07,1.2,1.369892e-11,3.300017,0.118727,1.078177e-05,1.2,3.990249e-10,7.034497e-12,3.689937e-12,1.257419e-13,3.548216e-12,3.301803e-12,3.447672e-12
0.0001278871,3.3,3.3,1.2,0.003418183,3.293254,0.003946565,1.316639e-07,1.2,1.369288e-11,3.300017,0.1188292,1.079455e-05,1.2,3.994975e-10,7.033959e-12,3.689937e-12,1.25683e-13,3.558054e-12,3.301803e-12,3.452059e-12
0.0001279871,3.3,3.3,1.2,0.003408727,3.293248,0.003949602,1.317305e-07,1.2,1.369971e-11,3.300017,0.1189314,1.080736e-05,1.2,3.999718e-10,7.031192e-12,3.690381e-12,1.257447e-13,3.559441e-12,3.302247e-12,3.455903e-12
0.0001280871,3.3,3.3,1.2,0.003399298,3.293242,0.003952638,1.316475e-07,1.2,1.369126e-11,3.300017,0.1190335,1.082012e-05,1.2,4.004437e-10,7.031845e-12,3.690381e-12,1.257135e-13,3.560671e-12,3.302247e-12,3.460014e-12
0.0001281871,3.3,3.3,1.2,0.003389894,3.293235,0.003955673,1.316393e-07,1.2,1.36903e-11,3.300017,0.1191357,1.083319e-05,1.2,4.009271e-10,7.031691e-12,3.689937e-12,1.256407e-13,3.567901e-12,3.302247e-12,3.464177e-12
0.0001282871,3.3,3.3,1.2,0.003380516,3.293229,0.003958707,1.316528e-07,1.2,1.369176e-11,3.300017,0.1192379,1.0846e-05,1.2,4.014011e-10,7.02982e-12,3.689937e-12,1.256587e-13,3.572336e-12,3.301803e-12,3.468313e-12
0.0001283871,3.3,3.3,1.2,0.003371164,3.293222,0.00396174,1.316389e-07,1.2,1.36904e-11,3.300017,0.11934,1.085913e-05,1.2,4.018871e-10,7.030764e-12,3.689937e-12,1.256993e-13,3.579642e-12,3.302247e-12,3.472497e-12
0.0001284871,3.3,3.3,1.2,0.003361837,3.293216,0.003964772,1.315476e-07,1.2,1.368102e-11,3.300017,0.1194421,1.087202e-05,1.2,4.023635e-10,7.028613e-12,3.689493e-12,1.256004e-13,3.580783e-12,3.302247e-12,3.476643e-12
0.0001285871,3.3,3.3,1.2,0.003352512,3.29321,0.003967803,1.316016e-07,1.2,1.368656e-11,3.300017,0.1195443,1.088497e-05,1.2,4.028427e-10,7.029826e-12,3.689937e-12,1.255957e-13,3.582048e-12,3.302247e-12,3.480804e-12
0.0001286871,3.3,3.3,1.2,0.003343164,3.293203,0.003970833,1.315954e-07,1.2,1.368591e-11,3.300017,0.1196464,1.089825e-05,1.2,4.033342e-10,7.030999e-12,3.689937e-12,1.256287e-13,3.59261e-12,3.302247e-12,3.485055e-12
0.0001287871,3.3,3.3,1.2,0.003333847,3.293197,0.003973862,1.315701e-07,1.2,1.368331e-11,3.300017,0.1197485,1.091128e-05,1.2,4.03816e-10,7.029438e-12,3.689937e-12,1.25599e-13,3.593775e-12,3.302247e-12,3.489214e-12
0.0001288871,3.3,3.3,1.2,0.003324856,3.293191,0.003976891,1.315289e-07,1.2,1.367906e-11,3.300017,0.1198507,1.092461e-05,1.2,4.043091e-10,7.032102e-12,3.689937e-12,1.255178e-13,3.598266e-12,3.302247e-12,3.493479e-12
0.0001289871,3.3,3.3,1.2,0.003334284,3.293185,0.003979924,1.317999e-07,1.2,1.370694e-11,3.300017,0.1199528,1.093768e-05,1.2,4.047926e-10,7.106128e-12,3.697931e-12,1.25914e-13,3.602667e-12,3.302247e-12,3.497688e-12
0.0001290871,3.3,3.3,1.2,0.003632718,3.293183,0.003983041,1.343532e-07,1.2,1.396907e-11,3.300017,0.1200549,1.095107e-05,1.2,4.052881e-10,7.670572e-12,3.757439e-12,1.286524e-13,3.606731e-12,3.301803e-12,3.501937e-12
0.0001291871,3.3,3.3,1.2,0.003575765,3.293174,0.003986011,1.299996e-07,1.2,1.352171e-11,3.300017,0.120157,1.096419e-05,1.2,4.057733e-10,7.113048e-12,3.698375e-12,1.247163e-13,3.614188e-12,3.302247e-12,3.506188e-12
0.0001292871,3.3,3.3,1.2,0.0035565,3.293168,0.003989047,1.308953e-07,1.2,1.361386e-11,3.300017,0.1202591,1.097742e-05,1.2,4.062628e-10,6.279472e-12,3.610001e-12,1.235699e-13,3.615695e-12,3.301803e-12,3.51047e-12
0.0001293572,3.3,3.3,1.2,0.003549551,3.293164,0.003991171,1.312471e-07,1.2,1.365003e-11,3.300017,0.1203306,1.098702e-05,1.2,4.06618e-10,5.873564e-12,3.566925e-12,1.229124e-13,3.617451e-12,3.301359e-12,3.513847e-12
0.0001294199,3.3,3.3,1.2,0.003543375,3.29316,0.003993071,1.313592e-07,1.2,1.366169e-11,3.300017,0.1203947,1.099557e-05,1.2,4.069343e-10,5.804893e-12,3.559375e-12,1.228234e-13,3.623247e-12,3.301803e-12,3.516353e-12
0.0001294808,3.3,3.3,1.2,0.003537409,3.293156,0.00399491,1.31387e-07,1.2,1.366454e-11,3.300017,0.1204568,1.10038e-05,1.2,4.072387e-10,5.843833e-12,3.563372e-12,1.22916e-13,3.626972e-12,3.301803e-12,3.519158e-12
0.0001295808,3.3,3.3,1.2,0.003527623,3.29315,0.003997931,1.313892e-07,1.2,1.366475e-11,3.300017,0.1205589,1.101724e-05,1.2,4.077358e-10,5.877808e-12,3.566925e-12,1.229866e-13,3.629906e-12,3.301803e-12,3.523178e-12
0.0001296808,3.3,3.3,1.2,0.003517864,3.293143,0.004000952,1.313904e-07,1.2,1.36647e-11,3.300017,0.1206609,1.103057e-05,1.2,4.082291e-10,5.908997e-12,3.570477e-12,1.230392e-13,3.634035e-12,3.302247e-12,3.527456e-12
0.0001297808,3.3,3.3,1.2,0.003508133,3.293137,0.004003972,1.313765e-07,1.2,1.366332e-11,3.300017,0.120763,1.104399e-05,1.2,4.087257e-10,5.934684e-12,3.573142e-12,1.231176e-13,3.638239e-12,3.301803e-12,3.531784e-12
0.0001298808,3.3,3.3,1.2,0.003498428,3.293131,0.004006991,1.313871e-07,1.2,1.366453e-11,3.300017,0.1208651,1.105751e-05,1.2,4.092255e-10,5.959105e-12,3.575806e-12,1.231319e-13,3.642312e-12,3.301803e-12,3.536125e-12
0.0001299808,3.3,3.3,1.2,0.003488751,3.293124,0.004010008,1.314322e-07,1.2,1.366897e-11,3.300017,0.1209672,1.107105e-05,1.2,4.097265e-10,5.97678e-12,3.578027e-12,1.232263e-13,3.649515e-12,3.301803e-12,3.540456e-12
0.0001300808,3.3,3.3,1.2,0.0034791,3.293118,0.004013025,1.313373e-07,1.2,1.365922e-11,3.300017,0.1210692,1.108465e-05,1.2,4.102296e-10,5.993604e-12,3.579803e-12,1.231396e-13,3.650768e-12,3.301803e-12,3.544845e-12
0.0001301808,3.3,3.3,1.2,0.003469475,3.293111,0.004016041,1.314261e-07,1.2,1.366839e-11,3.300017,0.1211713,1.10983e-05,1.2,4.107347e-10,6.005172e-12,3.580247e-12,1.233098e-13,3.658255e-12,3.301803e-12,3.549183e-12
0.0001302808,3.3,3.3,1.2,0.003459878,3.293105,0.004019057,1.313131e-07,1.2,1.365691e-11,3.300017,0.1212733,1.111193e-05,1.2,4.112389e-10,6.017086e-12,3.582024e-12,1.231531e-13,3.662757e-12,3.301803e-12,3.553538e-12
0.0001303808,3.3,3.3,1.2,0.003450307,3.293099,0.004022071,1.313789e-07,1.2,1.366357e-11,3.300017,0.1213754,1.112564e-05,1.2,4.11746e-10,6.024173e-12,3.582024e-12,1.233021e-13,3.667334e-12,3.301803e-12,3.557937e-12
0.0001304808,3.3,3.3,1.2,0.003440762,3.293092,0.004025084,1.312787e-07,1.2,1.365324e-11,3.300017,0.1214774,1.113939e-05,1.2,4.122549e-10,6.032867e-12,3.583356e-12,1.232155e-13,3.671808e-12,3.301803e-12,3.562415e-12
0.0001305808,3.3,3.3,1.2,0.003431244,3.293086,0.004028096,1.313156e-07,1.2,1.365702e-11,3.300017,0.1215794,1.11532e-05,1.2,4.127653e-10,6.037882e-12,3.584244e-12,1.232657e-13,3.679138e-12,3.301803e-12,3.566781e-12
0.0001306808,3.3,3.3,1.2,0.003421752,3.293079,0.004031108,1.312971e-07,1.2,1.365528e-11,3.300017,0.1216815,1.116702e-05,1.2,4.132766e-10,6.044408e-12,3.585132e-12,1.23193e-13,3.680751e-12,3.301803e-12,3.571231e-12
0.0001307808,3.3,3.3,1.2,0.003412286,3.293073,0.004034118,1.31283e-07,1.2,1.365364e-11,3.300017,0.1217835,1.118089e-05,1.2,4.137899e-10,6.048291e-12,3.585576e-12,1.232235e-13,3.685294e-12,3.301803e-12,3.575658e-12
0.0001308808,3.3,3.3,1.2,0.003402847,3.293067,0.004037128,1.313178e-07,1.2,1.365727e-11,3.300017,0.1218855,1.119484e-05,1.2,4.143057e-10,6.05315e-12,3.585576e-12,1.232594e-13,3.689721e-12,3.301803e-12,3.580128e-12
0.0001309808,3.3,3.3,1.2,0.003393433,3.29306,0.004040137,1.312224e-07,1.2,1.364748e-11,3.300017,0.1219875,1.120879e-05,1.2,4.148221e-10,6.054492e-12,3.58602e-12,1.232e-13,3.697212e-12,3.301803e-12,3.584625e-12
0.0001310808,3.3,3.3,1.2,0.003384046,3.293054,0.004043144,1.312981e-07,1.2,1.365526e-11,3.300017,0.1220895,1.12228e-05,1.2,4.153401e-10,6.058231e-12,3.586464e-12,1.232991e-13,3.701791e-12,3.301803e-12,3.589103e-12
0.0001311808,3.3,3.3,1.2,0.003374684,3.293048,0.004046151,1.311272e-07,1.2,1.363774e-11,3.300017,0.1221915,1.123684e-05,1.2,4.158595e-10,6.062043e-12,3.58602e-12,1.231142e-13,3.703458e-12,3.301803e-12,3.593599e-12
0.0001312808,3.3,3.3,1.2,0.003365348,3.293041,0.004049157,1.312373e-07,1.2,1.364902e-11,3.300017,0.1222935,1.125091e-05,1.2,4.163802e-10,6.063915e-12,3.586909e-12,1.232374e-13,3.708015e-12,3.301803e-12,3.598117e-12
0.0001313808,3.3,3.3,1.2,0.003356026,3.293035,0.004052162,1.312118e-07,1.2,1.364639e-11,3.300017,0.1223955,1.126505e-05,1.2,4.169031e-10,6.067276e-12,3.586909e-12,1.231978e-13,3.715359e-12,3.301803e-12,3.602646e-12
0.0001314808,3.3,3.3,1.2,0.003346678,3.293028,0.004055166,1.311854e-07,1.2,1.364371e-11,3.300017,0.1224975,1.127919e-05,1.2,4.174264e-10,6.068078e-12,3.587353e-12,1.231991e-13,3.720153e-12,3.301803e-12,3.607163e-12
0.0001315808,3.3,3.3,1.2,0.003337348,3.293022,0.004058169,1.311569e-07,1.2,1.364082e-11,3.300017,0.1225995,1.129338e-05,1.2,4.179514e-10,6.071127e-12,3.587353e-12,1.231839e-13,3.721628e-12,3.301803e-12,3.61172e-12
0.0001316808,3.3,3.3,1.2,0.003328119,3.293016,0.004061172,1.311551e-07,1.2,1.36406e-11,3.300017,0.1227015,1.130762e-05,1.2,4.184782e-10,6.07441e-12,3.587353e-12,1.23155e-13,3.726231e-12,3.301803e-12,3.616277e-12
0.0001317808,3.3,3.3,1.2,0.003324798,3.293009,0.004064175,1.312478e-07,1.2,1.365015e-11,3.300017,0.1228035,1.132189e-05,1.2,4.19006e-10,6.100436e-12,3.590017e-12,1.233068e-13,3.733839e-12,3.301803e-12,3.620857e-12
0.0001318808,3.3,3.3,1.2,0.003488036,3.293006,0.00406723,1.328578e-07,1.2,1.381566e-11,3.300017,0.1229054,1.133622e-05,1.2,4.195364e-10,6.614135e-12,3.645084e-12,1.253373e-13,3.738488e-12,3.301803e-12,3.625461e-12
0.0001319808,3.3,3.3,1.2,0.003652698,3.292999,0.004070223,1.298582e-07,1.2,1.350751e-11,3.300017,0.1230074,1.13506e-05,1.2,4.20068e-10,4.814227e-12,3.453682e-12,1.196813e-13,3.742938e-12,3.301803e-12,3.630065e-12
0.0001320808,3.3,3.3,1.2,0.003559861,3.292993,0.00407323,1.308722e-07,1.2,1.361193e-11,3.300017,0.1231093,1.136502e-05,1.2,4.206015e-10,4.525126e-12,3.42304e-12,1.196952e-13,3.747576e-12,3.301803e-12,3.634678e-12
0.0001321512,3.3,3.3,1.2,0.003552709,3.292989,0.004075343,1.309699e-07,1.2,1.362189e-11,3.300017,0.1231812,1.13753e-05,1.2,4.20982e-10,4.457581e-12,3.415934e-12,1.196126e-13,3.749724e-12,3.301803e-12,3.638049e-12
0.0001322069,3.3,3.3,1.2,0.003547222,3.292985,0.004077014,1.310391e-07,1.2,1.362894e-11,3.300017,0.123238,1.138348e-05,1.2,4.212843e-10,4.501058e-12,3.420375e-12,1.197603e-13,3.754759e-12,3.302247e-12,3.640801e-12
0.0001322659,3.3,3.3,1.2,0.003541432,3.292982,0.004078781,1.309664e-07,1.2,1.362151e-11,3.300017,0.1232981,1.139227e-05,1.2,4.216096e-10,4.560096e-12,3.426592e-12,1.197894e-13,3.757127e-12,3.301359e-12,3.643353e-12
0.0001323433,3.3,3.3,1.2,0.003533844,3.292977,0.004081101,1.310837e-07,1.2,1.363349e-11,3.300016,0.123377,1.14036e-05,1.2,4.220287e-10,4.597921e-12,3.430145e-12,1.200158e-13,3.75882e-12,3.301803e-12,3.647083e-12
0.0001324433,3.3,3.3,1.2,0.003524068,3.29297,0.004084096,1.310105e-07,1.2,1.3626e-11,3.300016,0.123479,1.141821e-05,1.2,4.225693e-10,4.619865e-12,3.43281e-12,1.19942e-13,3.76843e-12,3.301359e-12,3.651741e-12
0.0001325433,3.3,3.3,1.2,0.003514319,3.292964,0.00408709,1.309869e-07,1.2,1.362344e-11,3.300016,0.1235809,1.143288e-05,1.2,4.231118e-10,4.635873e-12,3.434586e-12,1.199712e-13,3.769824e-12,3.301359e-12,3.656462e-12
0.0001326433,3.3,3.3,1.2,0.003504597,3.292958,0.004090083,1.309897e-07,1.2,1.36239e-11,3.300016,0.1236828,1.144766e-05,1.2,4.236585e-10,4.647915e-12,3.436362e-12,1.199754e-13,3.774466e-12,3.301359e-12,3.661255e-12
0.0001327433,3.3,3.3,1.2,0.003494902,3.292951,0.004093075,1.310134e-07,1.2,1.362642e-11,3.300016,0.1237848,1.146247e-05,1.2,4.242066e-10,4.659949e-12,3.437695e-12,1.201007e-13,3.778741e-12,3.301803e-12,3.66586e-12
0.0001328433,3.3,3.3,1.2,0.003485234,3.292945,0.004096066,1.308804e-07,1.2,1.361267e-11,3.300016,0.1238867,1.147714e-05,1.2,4.247491e-10,4.666136e-12,3.437695e-12,1.199165e-13,3.786142e-12,3.301359e-12,3.670584e-12
0.0001329433,3.3,3.3,1.2,0.003475592,3.292938,0.004099057,1.30957e-07,1.2,1.362056e-11,3.300016,0.1239886,1.149188e-05,1.2,4.252943e-10,4.672717e-12,3.439027e-12,1.199972e-13,3.790368e-12,3.301359e-12,3.675352e-12
0.0001330433,3.3,3.3,1.2,0.003465977,3.292932,0.004102046,1.309769e-07,1.2,1.362262e-11,3.300016,0.1240905,1.150648e-05,1.2,4.258347e-10,4.675096e-12,3.439027e-12,1.20048e-13,3.794928e-12,3.301359e-12,3.680078e-12
0.0001331433,3.3,3.3,1.2,0.003456389,3.292926,0.004105035,1.309539e-07,1.2,1.362022e-11,3.300016,0.1241924,1.152105e-05,1.2,4.263734e-10,4.678684e-12,3.439027e-12,1.200147e-13,3.799297e-12,3.301359e-12,3.684536e-12
0.0001332433,3.3,3.3,1.2,0.003446827,3.292919,0.004108022,1.309606e-07,1.2,1.362092e-11,3.300016,0.1242943,1.153588e-05,1.2,4.269223e-10,4.68139e-12,3.439471e-12,1.200255e-13,3.806513e-12,3.301803e-12,3.689285e-12
0.0001333433,3.3,3.3,1.2,0.003437292,3.292913,0.004111009,1.309129e-07,1.2,1.361609e-11,3.300016,0.1243962,1.155053e-05,1.2,4.274643e-10,4.680469e-12,3.439471e-12,1.200224e-13,3.808058e-12,3.301359e-12,3.694032e-12
0.0001334433,3.3,3.3,1.2,0.003427783,3.292907,0.004113995,1.308658e-07,1.2,1.361118e-11,3.300016,0.1244981,1.156544e-05,1.2,4.280157e-10,4.681026e-12,3.439471e-12,1.19919e-13,3.815494e-12,3.301359e-12,3.699074e-12
0.0001335433,3.3,3.3,1.2,0.003418301,3.2929,0.00411698,1.309468e-07,1.2,1.361951e-11,3.300016,0.1246,1.158043e-05,1.2,4.285704e-10,4.678834e-12,3.439027e-12,1.199948e-13,3.819793e-12,3.301803e-12,3.703658e-12
0.0001336433,3.3,3.3,1.2,0.003408844,3.292894,0.004119964,1.308312e-07,1.2,1.360772e-11,3.300016,0.1247018,1.159533e-05,1.2,4.291215e-10,4.67906e-12,3.439027e-12,1.198962e-13,3.827257e-12,3.301359e-12,3.708422e-12
0.0001337433,3.3,3.3,1.2,0.003399414,3.292887,0.004122947,1.308955e-07,1.2,1.361429e-11,3.300016,0.1248037,1.161027e-05,1.2,4.296741e-10,4.676333e-12,3.438583e-12,1.199668e-13,3.829064e-12,3.301803e-12,3.713228e-12
0.0001338433,3.3,3.3,1.2,0.00339001,3.292881,0.004125929,1.307948e-07,1.2,1.360378e-11,3.300016,0.1249056,1.162561e-05,1.2,4.302414e-10,4.675827e-12,3.438583e-12,1.198829e-13,3.836575e-12,3.301359e-12,3.718131e-12
0.0001339433,3.3,3.3,1.2,0.003380631,3.292875,0.004128911,1.308601e-07,1.2,1.361061e-11,3.300016,0.1250074,1.164067e-05,1.2,4.307986e-10,4.671899e-12,3.438583e-12,1.198971e-13,3.840856e-12,3.301359e-12,3.722962e-12
0.0001340433,3.3,3.3,1.2,0.003371279,3.292868,0.004131891,1.308407e-07,1.2,1.36087e-11,3.300016,0.1251093,1.165591e-05,1.2,4.313626e-10,4.670995e-12,3.438583e-12,1.198888e-13,3.845219e-12,3.301359e-12,3.72812e-12
0.0001341433,3.3,3.3,1.2,0.00336195,3.292862,0.00413487,1.30786e-07,1.2,1.360287e-11,3.300016,0.1252112,1.167121e-05,1.2,4.319287e-10,4.669897e-12,3.438139e-12,1.198325e-13,3.849549e-12,3.301359e-12,3.732775e-12
0.0001342433,3.3,3.3,1.2,0.003352617,3.292855,0.004137849,1.307964e-07,1.2,1.360394e-11,3.300016,0.125313,1.168643e-05,1.2,4.324914e-10,4.665448e-12,3.438139e-12,1.198174e-13,3.85698e-12,3.301359e-12,3.737638e-12
0.0001343433,3.3,3.3,1.2,0.003343268,3.292849,0.004140826,1.307818e-07,1.2,1.360265e-11,3.300016,0.1254148,1.170166e-05,1.2,4.330548e-10,4.664626e-12,3.43725e-12,1.198184e-13,3.861817e-12,3.301359e-12,3.742525e-12
0.0001344433,3.3,3.3,1.2,0.003333952,3.292843,0.004143803,1.307207e-07,1.2,1.359604e-11,3.300016,0.1255167,1.171712e-05,1.2,4.336267e-10,4.660748e-12,3.43725e-12,1.198021e-13,3.866299e-12,3.300915e-12,3.74774e-12
0.0001345433,3.3,3.3,1.2,0.003325174,3.292836,0.004146779,1.307654e-07,1.2,1.360089e-11,3.300016,0.1256185,1.173259e-05,1.2,4.341992e-10,4.661788e-12,3.43725e-12,1.197335e-13,3.873602e-12,3.301803e-12,3.752447e-12
0.0001346433,3.3,3.3,1.2,0.003344688,3.292831,0.004149764,1.311244e-07,1.2,1.363765e-11,3.300016,0.1257203,1.174797e-05,1.2,4.347679e-10,4.767143e-12,3.448797e-12,1.202715e-13,3.878002e-12,3.301803e-12,3.757358e-12
0.0001347433,3.3,3.3,1.2,0.003687724,3.29283,0.004152836,1.337333e-07,1.2,1.390568e-11,3.300016,0.1258222,1.176341e-05,1.2,4.353394e-10,5.152845e-12,3.489209e-12,1.227213e-13,3.879802e-12,3.301803e-12,3.762333e-12
0.0001348433,3.3,3.3,1.2,0.003569186,3.29282,0.004155755,1.300957e-07,1.2,1.353185e-11,3.300016,0.125924,1.17792e-05,1.2,4.359235e-10,5.655347e-12,3.543388e-12,1.213917e-13,3.887279e-12,3.301803e-12,3.767358e-12
0.0001349342,3.3,3.3,1.2,0.003557841,3.292815,0.004158459,1.303485e-07,1.2,1.355795e-11,3.300016,0.1260165,1.179337e-05,1.2,4.364478e-10,5.342359e-12,3.509193e-12,1.209315e-13,3.891665e-12,3.301803e-12,3.772125e-12
0.0001350026,3.3,3.3,1.2,0.003551087,3.29281,0.004160493,1.305258e-07,1.2,1.357606e-11,3.300016,0.1260861,1.180428e-05,1.2,4.368512e-10,5.179724e-12,3.491873e-12,1.206877e-13,3.897369e-12,3.301359e-12,3.77562e-12
0.0001350569,3.3,3.3,1.2,0.003545743,3.292807,0.004162107,1.305577e-07,1.2,1.357932e-11,3.300016,0.1261414,1.181295e-05,1.2,4.37172e-10,5.117467e-12,3.485656e-12,1.205959e-13,3.898434e-12,3.301803e-12,3.778431e-12
0.0001351137,3.3,3.3,1.2,0.003540171,3.292803,0.004163793,1.30561e-07,1.2,1.357965e-11,3.300016,0.1261992,1.182189e-05,1.2,4.375028e-10,5.103368e-12,3.484768e-12,1.205615e-13,3.898803e-12,3.300915e-12,3.781187e-12
0.0001352137,3.3,3.3,1.2,0.003530378,3.292797,0.004166763,1.305527e-07,1.2,1.357879e-11,3.300016,0.126301,1.183764e-05,1.2,4.380855e-10,5.099096e-12,3.48388e-12,1.205422e-13,3.910348e-12,3.301803e-12,3.786128e-12
0.0001353137,3.3,3.3,1.2,0.003520612,3.292791,0.004169732,1.305493e-07,1.2,1.357842e-11,3.300016,0.1264028,1.185337e-05,1.2,4.386672e-10,5.098766e-12,3.48388e-12,1.205099e-13,3.911784e-12,3.301803e-12,3.791158e-12
0.0001354137,3.3,3.3,1.2,0.003510873,3.292784,0.004172699,1.30511e-07,1.2,1.357458e-11,3.300016,0.1265045,1.186916e-05,1.2,4.392513e-10,5.098696e-12,3.483436e-12,1.204923e-13,3.916416e-12,3.301359e-12,3.796234e-12
0.0001355137,3.3,3.3,1.2,0.003501161,3.292778,0.004175666,1.305826e-07,1.2,1.358188e-11,3.300016,0.1266063,1.188503e-05,1.2,4.398383e-10,5.09954e-12,3.48388e-12,1.205754e-13,3.920838e-12,3.301803e-12,3.801337e-12
0.0001356137,3.3,3.3,1.2,0.003491475,3.292771,0.004178632,1.305692e-07,1.2,1.358049e-11,3.300016,0.1267081,1.1901e-05,1.2,4.404293e-10,5.098373e-12,3.48388e-12,1.205621e-13,3.928612e-12,3.302247e-12,3.806472e-12
0.0001357137,3.3,3.3,1.2,0.003481817,3.292765,0.004181597,1.306016e-07,1.2,1.358398e-11,3.300016,0.1268099,1.191701e-05,1.2,4.410215e-10,5.099622e-12,3.484324e-12,1.205533e-13,3.933035e-12,3.301803e-12,3.811598e-12
0.0001358137,3.3,3.3,1.2,0.003472185,3.292759,0.004184561,1.30563e-07,1.2,1.35799e-11,3.300016,0.1269116,1.193309e-05,1.2,4.416163e-10,5.098637e-12,3.483436e-12,1.205549e-13,3.937769e-12,3.302247e-12,3.816779e-12
0.0001359137,3.3,3.3,1.2,0.00346258,3.292752,0.004187524,1.305546e-07,1.2,1.357895e-11,3.300016,0.1270134,1.194928e-05,1.2,4.422154e-10,5.100513e-12,3.484324e-12,1.204886e-13,3.945341e-12,3.301803e-12,3.821983e-12
0.0001360137,3.3,3.3,1.2,0.003453001,3.292746,0.004190486,1.3061e-07,1.2,1.358474e-11,3.300016,0.1271151,1.196556e-05,1.2,4.428177e-10,5.102278e-12,3.48388e-12,1.206105e-13,3.949764e-12,3.301359e-12,3.827248e-12
0.0001361137,3.3,3.3,1.2,0.003443449,3.292739,0.004193448,1.304814e-07,1.2,1.357153e-11,3.300016,0.1272169,1.198175e-05,1.2,4.434166e-10,5.101034e-12,3.484324e-12,1.204974e-13,3.954373e-12,3.301803e-12,3.83232e-12
0.0001362137,3.3,3.3,1.2,0.003433924,3.292733,0.004196408,1.305387e-07,1.2,1.35773e-11,3.300016,0.1273186,1.199797e-05,1.2,4.440167e-10,5.103354e-12,3.48388e-12,1.204819e-13,3.961965e-12,3.301803e-12,3.837548e-12
0.0001363137,3.3,3.3,1.2,0.003424424,3.292727,0.004199368,1.304354e-07,1.2,1.356689e-11,3.300016,0.1274204,1.201406e-05,1.2,4.446117e-10,5.102556e-12,3.484324e-12,1.204407e-13,3.966859e-12,3.301803e-12,3.842612e-12
0.0001364137,3.3,3.3,1.2,0.003414951,3.29272,0.004202326,1.305151e-07,1.2,1.357498e-11,3.300016,0.1275221,1.203023e-05,1.2,4.452098e-10,5.104976e-12,3.48388e-12,1.205257e-13,3.971203e-12,3.301359e-12,3.847828e-12
0.0001365137,3.3,3.3,1.2,0.003405504,3.292714,0.004205284,1.305231e-07,1.2,1.357579e-11,3.300016,0.1276238,1.204653e-05,1.2,4.45813e-10,5.106405e-12,3.484324e-12,1.204844e-13,3.975852e-12,3.301359e-12,3.853099e-12
0.0001366137,3.3,3.3,1.2,0.003396083,3.292708,0.004208241,1.304666e-07,1.2,1.357002e-11,3.300016,0.1277256,1.206298e-05,1.2,4.464215e-10,5.106024e-12,3.484768e-12,1.204898e-13,3.983375e-12,3.301359e-12,3.858405e-12
0.0001367137,3.3,3.3,1.2,0.003386688,3.292701,0.004211197,1.304161e-07,1.2,1.356481e-11,3.300016,0.1278273,1.207931e-05,1.2,4.470253e-10,5.107977e-12,3.484768e-12,1.203856e-13,3.985263e-12,3.301359e-12,3.863532e-12
0.0001368137,3.3,3.3,1.2,0.003377319,3.292695,0.004214152,1.304964e-07,1.2,1.357309e-11,3.300016,0.127929,1.209566e-05,1.2,4.476307e-10,5.10752e-12,3.484768e-12,1.204795e-13,3.992753e-12,3.301803e-12,3.86881e-12
0.0001369137,3.3,3.3,1.2,0.003367976,3.292688,0.004217106,1.304494e-07,1.2,1.356832e-11,3.300016,0.1280307,1.211211e-05,1.2,4.482389e-10,5.110242e-12,3.484768e-12,1.204842e-13,3.997139e-12,3.301359e-12,3.874081e-12
0.0001370137,3.3,3.3,1.2,0.003358651,3.292682,0.004220059,1.303958e-07,1.2,1.356283e-11,3.300016,0.1281324,1.212867e-05,1.2,4.488515e-10,5.109368e-12,3.484768e-12,1.204603e-13,4.004738e-12,3.301359e-12,3.879433e-12
0.0001371137,3.3,3.3,1.2,0.003349302,3.292676,0.004223012,1.303305e-07,1.2,1.355612e-11,3.300016,0.1282341,1.21454e-05,1.2,4.494705e-10,5.111457e-12,3.484768e-12,1.203826e-13,4.006812e-12,3.301803e-12,3.884836e-12
0.0001372137,3.3,3.3,1.2,0.003339963,3.292669,0.004225963,1.303997e-07,1.2,1.356321e-11,3.300016,0.1283358,1.216219e-05,1.2,4.500918e-10,5.110947e-12,3.485212e-12,1.204087e-13,4.017218e-12,3.301359e-12,3.8901e-12
0.0001373137,3.3,3.3,1.2,0.003330689,3.292663,0.004228914,1.303933e-07,1.2,1.356257e-11,3.300016,0.1284375,1.21789e-05,1.2,4.507098e-10,5.113177e-12,3.484768e-12,1.204272e-13,4.01954e-12,3.301359e-12,3.895526e-12
0.0001374137,3.3,3.3,1.2,0.003324701,3.292657,0.004231864,1.304029e-07,1.2,1.356354e-11,3.300016,0.1285392,1.219573e-05,1.2,4.513323e-10,5.127133e-12,3.486544e-12,1.204513e-13,4.027406e-12,3.301803e-12,3.900939e-12
0.0001375137,3.3,3.3,1.2,0.003432691,3.292652,0.004234851,1.316608e-07,1.2,1.369276e-11,3.300016,0.1286408,1.221245e-05,1.2,4.519509e-10,5.515443e-12,3.527401e-12,1.220462e-13,4.03231e-12,3.301359e-12,3.906201e-12
0.0001376137,3.3,3.3,1.2,0.003709406,3.292648,0.004237837,1.305117e-07,1.2,1.357471e-11,3.300016,0.1287425,1.22292e-05,1.2,4.525706e-10,4.125661e-12,3.379963e-12,1.183833e-13,4.039617e-12,3.301359e-12,3.911602e-12
0.0001377137,3.3,3.3,1.2,0.003563336,3.292641,0.004240777,1.306521e-07,1.2,1.358897e-11,3.300016,0.1288442,1.224594e-05,1.2,4.531896e-10,4.96777e-12,3.469669e-12,1.202087e-13,4.041629e-12,3.301803e-12,3.91675e-12
0.0001377883,3.3,3.3,1.2,0.003555741,3.292636,0.004242969,1.303545e-07,1.2,1.355855e-11,3.300016,0.12892,1.225847e-05,1.2,4.536533e-10,5.443012e-12,3.519851e-12,1.210812e-13,4.049285e-12,3.301359e-12,3.921066e-12
0.0001378508,3.3,3.3,1.2,0.003549595,3.292632,0.004244809,1.302799e-07,1.2,1.355092e-11,3.300016,0.1289836,1.226904e-05,1.2,4.540443e-10,5.582386e-12,3.534506e-12,1.213225e-13,4.051978e-12,3.301359e-12,3.924316e-12
0.0001379166,3.3,3.3,1.2,0.003543136,3.292628,0.004246746,1.302378e-07,1.2,1.354664e-11,3.300016,0.1290505,1.228022e-05,1.2,4.54458e-10,5.586485e-12,3.535394e-12,1.212821e-13,4.054916e-12,3.301803e-12,3.928008e-12
0.0001379935,3.3,3.3,1.2,0.003535598,3.292623,0.004249009,1.302144e-07,1.2,1.354424e-11,3.300016,0.1291287,1.229337e-05,1.2,4.549447e-10,5.564422e-12,3.53273e-12,1.212142e-13,4.058552e-12,3.301803e-12,3.932151e-12
0.0001380935,3.3,3.3,1.2,0.003525817,3.292617,0.004251953,1.301946e-07,1.2,1.3542e-11,3.300016,0.1292303,1.231024e-05,1.2,4.555685e-10,5.54907e-12,3.531397e-12,1.211704e-13,4.067563e-12,3.301803e-12,3.937495e-12
0.0001381935,3.3,3.3,1.2,0.003516063,3.29261,0.004254895,1.30157e-07,1.2,1.353813e-11,3.300016,0.129332,1.232717e-05,1.2,4.56195e-10,5.531662e-12,3.529621e-12,1.211052e-13,4.06931e-12,3.301803e-12,3.942974e-12
0.0001382935,3.3,3.3,1.2,0.003506336,3.292604,0.004257837,1.30121e-07,1.2,1.353466e-11,3.300016,0.1294336,1.234426e-05,1.2,4.568271e-10,5.51842e-12,3.528289e-12,1.210147e-13,4.077253e-12,3.301803e-12,3.948495e-12
0.0001383935,3.3,3.3,1.2,0.003496637,3.292597,0.004260778,1.301926e-07,1.2,1.354184e-11,3.300016,0.1295352,1.236148e-05,1.2,4.574642e-10,5.504535e-12,3.526957e-12,1.211091e-13,4.079074e-12,3.301803e-12,3.954046e-12
0.0001384935,3.3,3.3,1.2,0.003486964,3.292591,0.004263718,1.301319e-07,1.2,1.353556e-11,3.300016,0.1296369,1.237882e-05,1.2,4.581054e-10,5.494977e-12,3.525624e-12,1.210145e-13,4.089738e-12,3.301359e-12,3.95961e-12
0.0001385935,3.3,3.3,1.2,0.003477318,3.292585,0.004266657,1.301946e-07,1.2,1.354216e-11,3.300016,0.1297385,1.239619e-05,1.2,4.587482e-10,5.48705e-12,3.524736e-12,1.210089e-13,4.091724e-12,3.301359e-12,3.965172e-12
0.0001386935,3.3,3.3,1.2,0.003467698,3.292578,0.004269595,1.302171e-07,1.2,1.354434e-11,3.300016,0.1298401,1.241367e-05,1.2,4.593949e-10,5.47832e-12,3.523848e-12,1.210648e-13,4.099234e-12,3.301359e-12,3.970791e-12
0.0001387935,3.3,3.3,1.2,0.003458105,3.292572,0.004272532,1.301405e-07,1.2,1.353649e-11,3.300016,0.1299417,1.243107e-05,1.2,4.600384e-10,5.472968e-12,3.523848e-12,1.210047e-13,4.104251e-12,3.301803e-12,3.976295e-12
0.0001388935,3.3,3.3,1.2,0.003448539,3.292565,0.004275468,1.301807e-07,1.2,1.35407e-11,3.300016,0.1300433,1.244853e-05,1.2,4.606842e-10,5.468799e-12,3.522516e-12,1.209355e-13,4.111912e-12,3.301359e-12,3.98192e-12
0.0001389935,3.3,3.3,1.2,0.003438999,3.292559,0.004278404,1.300622e-07,1.2,1.352837e-11,3.300016,0.1301449,1.246595e-05,1.2,4.613288e-10,5.462632e-12,3.522072e-12,1.209188e-13,4.114059e-12,3.301803e-12,3.98728e-12
0.0001390935,3.3,3.3,1.2,0.003429485,3.292553,0.004281338,1.30092e-07,1.2,1.353149e-11,3.300016,0.1302465,1.248322e-05,1.2,4.619675e-10,5.459668e-12,3.521627e-12,1.209006e-13,4.124957e-12,3.301803e-12,3.993112e-12
0.0001391935,3.3,3.3,1.2,0.003419998,3.292546,0.004284272,1.301281e-07,1.2,1.353523e-11,3.300016,0.1303481,1.25006e-05,1.2,4.626107e-10,5.455092e-12,3.521627e-12,1.209327e-13,4.12699e-12,3.301803e-12,3.99849e-12
0.0001392935,3.3,3.3,1.2,0.003410537,3.29254,0.004287204,1.301421e-07,1.2,1.35368e-11,3.300016,0.1304497,1.251796e-05,1.2,4.63253e-10,5.453104e-12,3.521183e-12,1.208755e-13,4.134656e-12,3.301359e-12,4.004069e-12
0.0001393935,3.3,3.3,1.2,0.003401102,3.292534,0.004290136,1.300409e-07,1.2,1.352616e-11,3.300016,0.1305513,1.253547e-05,1.2,4.639004e-10,5.448349e-12,3.520739e-12,1.20833e-13,4.139662e-12,3.301803e-12,4.009706e-12
0.0001394935,3.3,3.3,1.2,0.003391693,3.292527,0.004293067,1.301148e-07,1.2,1.353387e-11,3.300016,0.1306528,1.255307e-05,1.2,4.645514e-10,5.446991e-12,3.520739e-12,1.209051e-13,4.1475e-12,3.301359e-12,4.015369e-12
0.0001395935,3.3,3.3,1.2,0.00338231,3.292521,0.004295997,1.300878e-07,1.2,1.353125e-11,3.300016,0.1307544,1.257076e-05,1.2,4.652059e-10,5.445487e-12,3.520295e-12,1.208048e-13,4.149341e-12,3.301359e-12,4.021031e-12
0.0001396935,3.3,3.3,1.2,0.003372953,3.292514,0.004298926,1.300424e-07,1.2,1.352634e-11,3.300016,0.130856,1.258851e-05,1.2,4.658626e-10,5.442033e-12,3.519851e-12,1.208328e-13,4.160083e-12,3.301359e-12,4.026731e-12
0.0001397935,3.3,3.3,1.2,0.003363621,3.292508,0.004301855,1.30057e-07,1.2,1.352791e-11,3.300016,0.1309575,1.260663e-05,1.2,4.66533e-10,5.441374e-12,3.519851e-12,1.207898e-13,4.162247e-12,3.301803e-12,4.032527e-12
0.0001398935,3.3,3.3,1.2,0.003354285,3.292502,0.004304782,1.300343e-07,1.2,1.352545e-11,3.300016,0.1310591,1.262445e-05,1.2,4.671922e-10,5.436899e-12,3.519851e-12,1.207907e-13,4.169996e-12,3.301803e-12,4.038246e-12
0.0001399935,3.3,3.3,1.2,0.003344932,3.292495,0.004307708,1.299941e-07,1.2,1.352133e-11,3.300016,0.1311606,1.264236e-05,1.2,4.678549e-10,5.436287e-12,3.518963e-12,1.207923e-13,4.175107e-12,3.301803e-12,4.044004e-12
0.0001400935,3.3,3.3,1.2,0.003335611,3.292489,0.004310634,1.299391e-07,1.2,1.351564e-11,3.300016,0.1312622,1.266036e-05,1.2,4.685208e-10,5.43367e-12,3.519407e-12,1.206742e-13,4.182882e-12,3.301803e-12,4.049772e-12
0.0001401935,3.3,3.3,1.2,0.003326754,3.292483,0.004313559,1.300042e-07,1.2,1.35224e-11,3.300016,0.1313637,1.267841e-05,1.2,4.691884e-10,5.435405e-12,3.518519e-12,1.207677e-13,4.187815e-12,3.301803e-12,4.055559e-12
0.0001402935,3.3,3.3,1.2,0.003342908,3.292477,0.004316491,1.302844e-07,1.2,1.355131e-11,3.300016,0.1314653,1.269647e-05,1.2,4.698567e-10,5.530917e-12,3.529621e-12,1.211477e-13,4.195504e-12,3.301359e-12,4.061354e-12
0.0001403935,3.3,3.3,1.2,0.003674552,3.292476,0.004319511,1.329364e-07,1.2,1.382379e-11,3.300016,0.1315668,1.271463e-05,1.2,4.705282e-10,5.983277e-12,3.577583e-12,1.237375e-13,4.200443e-12,3.301359e-12,4.067167e-12
0.0001404935,3.3,3.3,1.2,0.003572192,3.292466,0.004322378,1.290616e-07,1.2,1.342568e-11,3.300016,0.1316683,1.273283e-05,1.2,4.712016e-10,6.179506e-12,3.598899e-12,1.217179e-13,4.208368e-12,3.301803e-12,4.073e-12
0.0001405863,3.3,3.3,1.2,0.003559387,3.292461,0.004325095,1.295388e-07,1.2,1.347464e-11,3.300016,0.1317625,1.274988e-05,1.2,4.718326e-10,5.686605e-12,3.545608e-12,1.209492e-13,4.213888e-12,3.301803e-12,4.078663e-12
0.0001406594,3.3,3.3,1.2,0.003552153,3.292456,0.004327233,1.297154e-07,1.2,1.34929e-11,3.300016,0.1318367,1.276361e-05,1.2,4.723402e-10,5.455865e-12,3.521183e-12,1.205936e-13,4.216182e-12,3.301359e-12,4.082981e-12
0.0001407141,3.3,3.3,1.2,0.003546767,3.292453,0.004328831,1.298617e-07,1.2,1.350783e-11,3.300016,0.1318923,1.277373e-05,1.2,4.727145e-10,5.390676e-12,3.514522e-12,1.205839e-13,4.219365e-12,3.301359e-12,4.086264e-12
0.0001407703,3.3,3.3,1.2,0.003541248,3.292449,0.004330472,1.298734e-07,1.2,1.350903e-11,3.300016,0.1319493,1.278415e-05,1.2,4.731001e-10,5.394917e-12,3.514966e-12,1.205605e-13,4.223338e-12,3.301803e-12,4.08956e-12
0.0001408703,3.3,3.3,1.2,0.003531452,3.292443,0.004333391,1.298707e-07,1.2,1.350878e-11,3.300016,0.1320508,1.280266e-05,1.2,4.737849e-10,5.403463e-12,3.516298e-12,1.205933e-13,4.230655e-12,3.300915e-12,4.095401e-12
0.0001409703,3.3,3.3,1.2,0.003521683,3.292436,0.004336309,1.29903e-07,1.2,1.351203e-11,3.300016,0.1321523,1.282121e-05,1.2,4.74471e-10,5.413079e-12,3.516742e-12,1.206134e-13,4.235379e-12,3.300915e-12,4.101359e-12
0.0001410703,3.3,3.3,1.2,0.003511941,3.29243,0.004339225,1.298931e-07,1.2,1.351107e-11,3.300016,0.1322538,1.283981e-05,1.2,4.751593e-10,5.419058e-12,3.517631e-12,1.206442e-13,4.243383e-12,3.300915e-12,4.10733e-12
0.0001411703,3.3,3.3,1.2,0.003502226,3.292424,0.004342141,1.298122e-07,1.2,1.35028e-11,3.300016,0.1323553,1.285851e-05,1.2,4.758508e-10,5.426964e-12,3.518075e-12,1.205979e-13,4.251358e-12,3.301359e-12,4.113364e-12
0.0001412703,3.3,3.3,1.2,0.003492538,3.292417,0.004345056,1.298779e-07,1.2,1.350945e-11,3.300016,0.1324568,1.287733e-05,1.2,4.765472e-10,5.43152e-12,3.518963e-12,1.206385e-13,4.253762e-12,3.301803e-12,4.119402e-12
0.0001413703,3.3,3.3,1.2,0.003482876,3.292411,0.00434797,1.298232e-07,1.2,1.350393e-11,3.300016,0.1325583,1.289597e-05,1.2,4.772367e-10,5.438234e-12,3.519407e-12,1.206195e-13,4.264626e-12,3.301803e-12,4.12525e-12
0.0001414703,3.3,3.3,1.2,0.003473241,3.292404,0.004350884,1.297423e-07,1.2,1.349564e-11,3.300016,0.1326597,1.291466e-05,1.2,4.779281e-10,5.441302e-12,3.519851e-12,1.2055e-13,4.266613e-12,3.301359e-12,4.131292e-12
0.0001415703,3.3,3.3,1.2,0.003463633,3.292398,0.004353796,1.297225e-07,1.2,1.349363e-11,3.300016,0.1327612,1.293353e-05,1.2,4.786262e-10,5.445962e-12,3.519851e-12,1.205405e-13,4.274786e-12,3.301359e-12,4.13738e-12
0.0001416703,3.3,3.3,1.2,0.003454052,3.292392,0.004356708,1.297063e-07,1.2,1.349197e-11,3.300016,0.1328627,1.295236e-05,1.2,4.793227e-10,5.448284e-12,3.520739e-12,1.205402e-13,4.280034e-12,3.301359e-12,4.143341e-12
0.0001417703,3.3,3.3,1.2,0.003444497,3.292385,0.004359618,1.296722e-07,1.2,1.348849e-11,3.300016,0.1329641,1.297128e-05,1.2,4.800227e-10,5.452525e-12,3.520739e-12,1.205138e-13,4.287674e-12,3.300915e-12,4.149461e-12
0.0001418703,3.3,3.3,1.2,0.003434968,3.292379,0.004362528,1.29727e-07,1.2,1.349404e-11,3.300016,0.1330656,1.299008e-05,1.2,4.807183e-10,5.453882e-12,3.521627e-12,1.205334e-13,4.28976e-12,3.301803e-12,4.155369e-12
0.0001419703,3.3,3.3,1.2,0.003425466,3.292372,0.004365437,1.297254e-07,1.2,1.3494e-11,3.300016,0.133167,1.300893e-05,1.2,4.814157e-10,5.456973e-12,3.521183e-12,1.206121e-13,4.300619e-12,3.301803e-12,4.161443e-12
0.0001420703,3.3,3.3,1.2,0.00341599,3.292366,0.004368345,1.297672e-07,1.2,1.349823e-11,3.300016,0.1332685,1.302794e-05,1.2,4.821188e-10,5.458527e-12,3.521627e-12,1.206281e-13,4.302839e-12,3.301359e-12,4.16758e-12
0.0001421703,3.3,3.3,1.2,0.00340654,3.29236,0.004371252,1.297214e-07,1.2,1.349353e-11,3.300016,0.1333699,1.304703e-05,1.2,4.828252e-10,5.462326e-12,3.522072e-12,1.205714e-13,4.310516e-12,3.301359e-12,4.173713e-12
0.0001422703,3.3,3.3,1.2,0.003397117,3.292353,0.004374158,1.296909e-07,1.2,1.349039e-11,3.300016,0.1334713,1.306605e-05,1.2,4.835284e-10,5.462631e-12,3.522516e-12,1.205861e-13,4.318756e-12,3.300915e-12,4.179716e-12
0.0001423703,3.3,3.3,1.2,0.003387719,3.292347,0.004377063,1.296503e-07,1.2,1.34862e-11,3.300016,0.1335727,1.308512e-05,1.2,4.842341e-10,5.465502e-12,3.522072e-12,1.20503e-13,4.323819e-12,3.301803e-12,4.185861e-12
0.0001424703,3.3,3.3,1.2,0.003378347,3.292341,0.004379968,1.297104e-07,1.2,1.349239e-11,3.300016,0.1336742,1.310434e-05,1.2,4.849451e-10,5.468468e-12,3.52296e-12,1.20561e-13,4.334343e-12,3.301803e-12,4.192052e-12
0.0001425703,3.3,3.3,1.2,0.003369001,3.292334,0.004382871,1.296711e-07,1.2,1.348837e-11,3.300016,0.1337756,1.312364e-05,1.2,4.856591e-10,5.469686e-12,3.52296e-12,1.205755e-13,4.33669e-12,3.301803e-12,4.198267e-12
0.0001426703,3.3,3.3,1.2,0.003359673,3.292328,0.004385774,1.296588e-07,1.2,1.348707e-11,3.300016,0.133877,1.314308e-05,1.2,4.86378e-10,5.472752e-12,3.523404e-12,1.205233e-13,4.344799e-12,3.301803e-12,4.204522e-12
0.0001427703,3.3,3.3,1.2,0.003350319,3.292321,0.004388676,1.296157e-07,1.2,1.348274e-11,3.300016,0.1339784,1.316265e-05,1.2,4.871023e-10,5.473747e-12,3.52296e-12,1.205205e-13,4.349987e-12,3.301803e-12,4.210817e-12
0.0001428703,3.3,3.3,1.2,0.003340978,3.292315,0.004391577,1.296372e-07,1.2,1.348491e-11,3.300016,0.1340798,1.318233e-05,1.2,4.878302e-10,5.473822e-12,3.52296e-12,1.205141e-13,4.357765e-12,3.301359e-12,4.21713e-12
0.0001429703,3.3,3.3,1.2,0.003331706,3.292309,0.004394477,1.296538e-07,1.2,1.348665e-11,3.300016,0.1341812,1.320189e-05,1.2,4.885535e-10,5.476697e-12,3.523404e-12,1.205708e-13,4.360114e-12,3.301359e-12,4.223319e-12
0.0001430703,3.3,3.3,1.2,0.003326051,3.292302,0.004397378,1.295737e-07,1.2,1.347843e-11,3.300016,0.1342826,1.322146e-05,1.2,4.892778e-10,5.493306e-12,3.52518e-12,1.204952e-13,4.371165e-12,3.301359e-12,4.229607e-12
0.0001431703,3.3,3.3,1.2,0.003442071,3.292298,0.004400317,1.309759e-07,1.2,1.362221e-11,3.300016,0.1343839,1.324117e-05,1.2,4.90007e-10,5.902727e-12,3.568701e-12,1.222768e-13,4.376179e-12,3.301359e-12,4.235955e-12
0.0001432703,3.3,3.3,1.2,0.003702603,3.292294,0.004403245,1.295354e-07,1.2,1.347444e-11,3.300016,0.1344853,1.326057e-05,1.2,4.907246e-10,4.415486e-12,3.410161e-12,1.182058e-13,4.384229e-12,3.301803e-12,4.241954e-12
0.0001433703,3.3,3.3,1.2,0.003564373,3.292287,0.004406138,1.298701e-07,1.2,1.350871e-11,3.300016,0.1345867,1.327999e-05,1.2,4.914431e-10,5.07582e-12,3.480771e-12,1.197871e-13,4.3922e-12,3.301803e-12,4.24822e-12
0.0001434454,3.3,3.3,1.2,0.00355673,3.292282,0.004408306,1.296536e-07,1.2,1.34866e-11,3.300016,0.1346628,1.329484e-05,1.2,4.919921e-10,5.466655e-12,3.522516e-12,1.204901e-13,4.394858e-12,3.300915e-12,4.253092e-12
0.0001435069,3.3,3.3,1.2,0.00355069,3.292278,0.004410083,1.295155e-07,1.2,1.347226e-11,3.300016,0.1347251,1.330701e-05,1.2,4.924427e-10,5.593388e-12,3.535838e-12,1.206664e-13,4.39566e-12,3.301359e-12,4.256986e-12
0.0001435772,3.3,3.3,1.2,0.003543784,3.292273,0.004412118,1.29481e-07,1.2,1.346874e-11,3.300016,0.1347964,1.332101e-05,1.2,4.929605e-10,5.608438e-12,3.537171e-12,1.20658e-13,4.406394e-12,3.301803e-12,4.261574e-12
0.0001436579,3.3,3.3,1.2,0.003535867,3.292268,0.004414455,1.294439e-07,1.2,1.346496e-11,3.300016,0.1348782,1.333712e-05,1.2,4.935564e-10,5.598679e-12,3.536282e-12,1.206263e-13,4.405787e-12,3.300915e-12,4.26678e-12
0.0001437579,3.3,3.3,1.2,0.003526085,3.292262,0.004417348,1.295522e-07,1.2,1.347624e-11,3.300016,0.1349796,1.335711e-05,1.2,4.942957e-10,5.589912e-12,3.535394e-12,1.2072e-13,4.412093e-12,3.301359e-12,4.273047e-12
0.0001438579,3.3,3.3,1.2,0.003516331,3.292255,0.00442024,1.294772e-07,1.2,1.346852e-11,3.300016,0.1350809,1.337715e-05,1.2,4.950371e-10,5.577004e-12,3.53495e-12,1.206035e-13,4.420012e-12,3.300915e-12,4.279509e-12
0.0001439579,3.3,3.3,1.2,0.003506603,3.292249,0.004423131,1.295018e-07,1.2,1.347106e-11,3.300016,0.1351822,1.339729e-05,1.2,4.957822e-10,5.566055e-12,3.53273e-12,1.206022e-13,4.425411e-12,3.301803e-12,4.28596e-12
0.0001440579,3.3,3.3,1.2,0.003496903,3.292243,0.004426022,1.294991e-07,1.2,1.347058e-11,3.300016,0.1352836,1.341756e-05,1.2,4.965319e-10,5.559305e-12,3.53273e-12,1.20598e-13,4.436793e-12,3.301359e-12,4.292513e-12
0.0001441579,3.3,3.3,1.2,0.003487229,3.292236,0.004428912,1.29396e-07,1.2,1.346005e-11,3.300016,0.1353849,1.343791e-05,1.2,4.97285e-10,5.551157e-12,3.531397e-12,1.204872e-13,4.43892e-12,3.301803e-12,4.299022e-12
0.0001442579,3.3,3.3,1.2,0.003477582,3.29223,0.0044318,1.294424e-07,1.2,1.346478e-11,3.300015,0.1354862,1.345825e-05,1.2,4.980374e-10,5.546528e-12,3.531397e-12,1.205122e-13,4.447028e-12,3.301359e-12,4.305406e-12
0.0001443579,3.3,3.3,1.2,0.003467962,3.292223,0.004434688,1.293831e-07,1.2,1.345854e-11,3.300015,0.1355876,1.347849e-05,1.2,4.987862e-10,5.539355e-12,3.530065e-12,1.204677e-13,4.452539e-12,3.301359e-12,4.311967e-12
0.0001444579,3.3,3.3,1.2,0.003458368,3.292217,0.004437575,1.293587e-07,1.2,1.345624e-11,3.300015,0.1356889,1.34989e-05,1.2,4.995414e-10,5.536828e-12,3.530065e-12,1.204214e-13,4.461026e-12,3.301803e-12,4.31855e-12
0.0001445579,3.3,3.3,1.2,0.003448801,3.292211,0.004440461,1.293797e-07,1.2,1.34584e-11,3.300015,0.1357902,1.351929e-05,1.2,5.002956e-10,5.53144e-12,3.529621e-12,1.204266e-13,4.463343e-12,3.301803e-12,4.324829e-12
0.0001446579,3.3,3.3,1.2,0.003439261,3.292204,0.004443347,1.293219e-07,1.2,1.345226e-11,3.300015,0.1358915,1.353937e-05,1.2,5.010384e-10,5.529376e-12,3.529177e-12,1.203481e-13,4.4745e-12,3.301803e-12,4.331358e-12
0.0001447579,3.3,3.3,1.2,0.003429746,3.292198,0.004446231,1.292492e-07,1.2,1.344489e-11,3.300015,0.1359928,1.355967e-05,1.2,5.017894e-10,5.524645e-12,3.529177e-12,1.203021e-13,4.482517e-12,3.301359e-12,4.337872e-12
0.0001448579,3.3,3.3,1.2,0.003420258,3.292192,0.004449115,1.292905e-07,1.2,1.34491e-11,3.300015,0.1360941,1.358e-05,1.2,5.025415e-10,5.523336e-12,3.527845e-12,1.203519e-13,4.487906e-12,3.301359e-12,4.344402e-12
0.0001449579,3.3,3.3,1.2,0.003410797,3.292185,0.004451997,1.292867e-07,1.2,1.344885e-11,3.300015,0.1361954,1.360054e-05,1.2,5.03301e-10,5.519102e-12,3.528289e-12,1.202902e-13,4.496029e-12,3.301803e-12,4.351009e-12
0.0001450579,3.3,3.3,1.2,0.003401361,3.292179,0.004454879,1.293315e-07,1.2,1.345332e-11,3.300015,0.1362966,1.362115e-05,1.2,5.040637e-10,5.518334e-12,3.527845e-12,1.20382e-13,4.498707e-12,3.301803e-12,4.357638e-12
0.0001451579,3.3,3.3,1.2,0.003391952,3.292172,0.00445776,1.29353e-07,1.2,1.345561e-11,3.300015,0.1363979,1.364182e-05,1.2,5.048285e-10,5.514371e-12,3.527845e-12,1.203295e-13,4.50992e-12,3.301803e-12,4.364263e-12
0.0001452579,3.3,3.3,1.2,0.003382568,3.292166,0.00446064,1.2932e-07,1.2,1.345213e-11,3.300015,0.1364992,1.366258e-05,1.2,5.055963e-10,5.513972e-12,3.527401e-12,1.203276e-13,4.515133e-12,3.301803e-12,4.37096e-12
0.0001453579,3.3,3.3,1.2,0.00337321,3.29216,0.004463519,1.293158e-07,1.2,1.345169e-11,3.300015,0.1366005,1.368343e-05,1.2,5.063678e-10,5.510581e-12,3.527401e-12,1.203408e-13,4.523407e-12,3.301803e-12,4.377609e-12
0.0001454579,3.3,3.3,1.2,0.003363876,3.292153,0.004466398,1.292884e-07,1.2,1.344886e-11,3.300015,0.1367017,1.370433e-05,1.2,5.071409e-10,5.510061e-12,3.527401e-12,1.203051e-13,4.528652e-12,3.302247e-12,4.384323e-12
0.0001455579,3.3,3.3,1.2,0.003354534,3.292147,0.004469275,1.291737e-07,1.2,1.343717e-11,3.300015,0.136803,1.372534e-05,1.2,5.079179e-10,5.506569e-12,3.526957e-12,1.201933e-13,4.534093e-12,3.301803e-12,4.39108e-12
0.0001456579,3.3,3.3,1.2,0.00334518,3.292141,0.004472152,1.291992e-07,1.2,1.343978e-11,3.300015,0.1369042,1.374639e-05,1.2,5.086967e-10,5.506009e-12,3.526957e-12,1.202258e-13,4.545563e-12,3.301803e-12,4.397798e-12
0.0001457579,3.3,3.3,1.2,0.00333586,3.292134,0.004475027,1.292843e-07,1.2,1.344844e-11,3.300015,0.1370055,1.37675e-05,1.2,5.094778e-10,5.503438e-12,3.526512e-12,1.202882e-13,4.550825e-12,3.301803e-12,4.404582e-12
0.0001458579,3.3,3.3,1.2,0.003327235,3.292128,0.004477903,1.292944e-07,1.2,1.344946e-11,3.300015,0.1371067,1.378871e-05,1.2,5.102625e-10,5.50374e-12,3.526957e-12,1.20269e-13,4.559287e-12,3.301359e-12,4.411401e-12
0.0001459579,3.3,3.3,1.2,0.003353622,3.292122,0.004480789,1.2965e-07,1.2,1.348599e-11,3.300015,0.137208,1.380999e-05,1.2,5.110495e-10,5.63701e-12,3.540723e-12,1.207912e-13,4.564686e-12,3.301359e-12,4.418203e-12
0.0001460579,3.3,3.3,1.2,0.003712358,3.292121,0.004483761,1.320798e-07,1.2,1.373557e-11,3.300015,0.1373092,1.383134e-05,1.2,5.118392e-10,5.870643e-12,3.566036e-12,1.227798e-13,4.570267e-12,3.301359e-12,4.425064e-12
0.0001461579,3.3,3.3,1.2,0.003569262,3.292112,0.004486584,1.289481e-07,1.2,1.3414e-11,3.300015,0.1374104,1.38528e-05,1.2,5.126335e-10,6.87329e-12,3.672174e-12,1.229098e-13,4.578705e-12,3.301359e-12,4.431964e-12
0.0001462468,3.3,3.3,1.2,0.00355938,3.292106,0.004489136,1.290692e-07,1.2,1.342637e-11,3.300015,0.1375004,1.387187e-05,1.2,5.133387e-10,6.890849e-12,3.67395e-12,1.230366e-13,4.583464e-12,3.302247e-12,4.437949e-12
0.0001463116,3.3,3.3,1.2,0.003553003,3.292102,0.004490994,1.291095e-07,1.2,1.343049e-11,3.300015,0.1375659,1.388583e-05,1.2,5.138551e-10,6.852054e-12,3.669953e-12,1.229972e-13,4.588679e-12,3.301359e-12,4.442563e-12
0.0001463639,3.3,3.3,1.2,0.003547858,3.292099,0.004492495,1.291014e-07,1.2,1.342968e-11,3.300015,0.1376189,1.389717e-05,1.2,5.142746e-10,6.790909e-12,3.663292e-12,1.228742e-13,4.592749e-12,3.301359e-12,4.446278e-12
0.0001464203,3.3,3.3,1.2,0.003542315,3.292095,0.004494115,1.291536e-07,1.2,1.343501e-11,3.300015,0.137676,1.390934e-05,1.2,5.14725e-10,6.747073e-12,3.658407e-12,1.227703e-13,4.598744e-12,3.301359e-12,4.450056e-12
0.0001465167,3.3,3.3,1.2,0.003532869,3.292089,0.004496881,1.291179e-07,1.2,1.343134e-11,3.300015,0.1377736,1.393014e-05,1.2,5.154943e-10,6.726431e-12,3.656186e-12,1.227247e-13,4.603005e-12,3.301359e-12,4.456683e-12
0.0001466167,3.3,3.3,1.2,0.003523096,3.292083,0.004499749,1.291257e-07,1.2,1.343215e-11,3.300015,0.1378748,1.395173e-05,1.2,5.16293e-10,6.713118e-12,3.654854e-12,1.227224e-13,4.614304e-12,3.301359e-12,4.463619e-12
0.0001467167,3.3,3.3,1.2,0.003513351,3.292076,0.004502616,1.290821e-07,1.2,1.342769e-11,3.300015,0.137976,1.397344e-05,1.2,5.170963e-10,6.702975e-12,3.654854e-12,1.226656e-13,4.616737e-12,3.301359e-12,4.470602e-12
0.0001468167,3.3,3.3,1.2,0.003503632,3.29207,0.004505483,1.290327e-07,1.2,1.342264e-11,3.300015,0.1380771,1.399526e-05,1.2,5.179032e-10,6.693187e-12,3.653078e-12,1.22599e-13,4.625105e-12,3.301359e-12,4.477599e-12
0.0001469167,3.3,3.3,1.2,0.00349394,3.292064,0.004508349,1.289966e-07,1.2,1.341896e-11,3.300015,0.1381783,1.401716e-05,1.2,5.187136e-10,6.688236e-12,3.65219e-12,1.225435e-13,4.633432e-12,3.301359e-12,4.48465e-12
0.0001470167,3.3,3.3,1.2,0.003484274,3.292057,0.004511213,1.289957e-07,1.2,1.341871e-11,3.300015,0.1382795,1.403916e-05,1.2,5.195274e-10,6.685217e-12,3.65219e-12,1.225899e-13,4.639012e-12,3.301359e-12,4.491629e-12
0.0001471167,3.3,3.3,1.2,0.003474636,3.292051,0.004514077,1.289991e-07,1.2,1.341916e-11,3.300015,0.1383807,1.406111e-05,1.2,5.203393e-10,6.680886e-12,3.651746e-12,1.225209e-13,4.65058e-12,3.301359e-12,4.498685e-12
0.0001472167,3.3,3.3,1.2,0.003465024,3.292044,0.00451694,1.290734e-07,1.2,1.342684e-11,3.300015,0.1384819,1.408315e-05,1.2,5.211549e-10,6.680907e-12,3.651746e-12,1.226089e-13,4.652876e-12,3.301359e-12,4.505679e-12
0.0001473167,3.3,3.3,1.2,0.003455439,3.292038,0.004519802,1.289722e-07,1.2,1.341631e-11,3.300015,0.138583,1.410507e-05,1.2,5.219654e-10,6.678358e-12,3.651746e-12,1.225559e-13,4.664184e-12,3.301803e-12,4.512733e-12
0.0001474167,3.3,3.3,1.2,0.00344588,3.292032,0.004522664,1.28988e-07,1.2,1.341807e-11,3.300015,0.1386842,1.412715e-05,1.2,5.227823e-10,6.679538e-12,3.650857e-12,1.22532e-13,4.669684e-12,3.301359e-12,4.51984e-12
0.0001475167,3.3,3.3,1.2,0.003436348,3.292025,0.004525524,1.289951e-07,1.2,1.341884e-11,3.300015,0.1387853,1.414916e-05,1.2,5.235968e-10,6.679161e-12,3.651301e-12,1.22546e-13,4.675073e-12,3.301359e-12,4.526799e-12
0.0001476167,3.3,3.3,1.2,0.003426842,3.292019,0.004528384,1.290421e-07,1.2,1.342365e-11,3.300015,0.1388865,1.417126e-05,1.2,5.24414e-10,6.681565e-12,3.651301e-12,1.226004e-13,4.686634e-12,3.301359e-12,4.533939e-12
0.0001477167,3.3,3.3,1.2,0.003417362,3.292013,0.004531243,1.289735e-07,1.2,1.341663e-11,3.300015,0.1389876,1.419351e-05,1.2,5.252374e-10,6.681502e-12,3.651746e-12,1.225338e-13,4.691807e-12,3.301803e-12,4.541077e-12
0.0001478167,3.3,3.3,1.2,0.003407909,3.292006,0.004534101,1.289873e-07,1.2,1.341804e-11,3.300015,0.1390887,1.421586e-05,1.2,5.260641e-10,6.684817e-12,3.65219e-12,1.225533e-13,4.700189e-12,3.301359e-12,4.54826e-12
0.0001479167,3.3,3.3,1.2,0.003398482,3.292,0.004536958,1.290986e-07,1.2,1.342941e-11,3.300015,0.1391899,1.423835e-05,1.2,5.268963e-10,6.685074e-12,3.65219e-12,1.226716e-13,4.709024e-12,3.301803e-12,4.5555e-12
0.0001480167,3.3,3.3,1.2,0.00338908,3.291993,0.004539814,1.289087e-07,1.2,1.340979e-11,3.300015,0.139291,1.426097e-05,1.2,5.277326e-10,6.68861e-12,3.65219e-12,1.225056e-13,4.714481e-12,3.301359e-12,4.562765e-12
0.0001481167,3.3,3.3,1.2,0.003379705,3.291987,0.004542669,1.289448e-07,1.2,1.34137e-11,3.300015,0.1393921,1.42835e-05,1.2,5.285661e-10,6.689736e-12,3.65219e-12,1.225111e-13,4.723382e-12,3.301803e-12,4.569919e-12
0.0001482167,3.3,3.3,1.2,0.003370355,3.291981,0.004545524,1.289566e-07,1.2,1.341491e-11,3.300015,0.1394932,1.430615e-05,1.2,5.294043e-10,6.693358e-12,3.653078e-12,1.225533e-13,4.729008e-12,3.300915e-12,4.577224e-12
0.0001483167,3.3,3.3,1.2,0.003361024,3.291974,0.004548377,1.289396e-07,1.2,1.341316e-11,3.300015,0.1395944,1.432888e-05,1.2,5.302452e-10,6.694074e-12,3.652634e-12,1.225358e-13,4.737639e-12,3.301359e-12,4.5844e-12
0.0001484167,3.3,3.3,1.2,0.003351669,3.291968,0.00455123,1.289342e-07,1.2,1.341242e-11,3.300015,0.1396955,1.435148e-05,1.2,5.310813e-10,6.696168e-12,3.653522e-12,1.225127e-13,4.743429e-12,3.301359e-12,4.591683e-12
0.0001485167,3.3,3.3,1.2,0.003342324,3.291961,0.004554082,1.288533e-07,1.2,1.34041e-11,3.300015,0.1397966,1.437425e-05,1.2,5.319236e-10,6.700098e-12,3.653522e-12,1.224154e-13,4.754821e-12,3.301803e-12,4.599044e-12
0.0001486167,3.3,3.3,1.2,0.003333041,3.291955,0.004556933,1.288635e-07,1.2,1.340526e-11,3.300015,0.1398976,1.4397e-05,1.2,5.32765e-10,6.701797e-12,3.65441e-12,1.224945e-13,4.757657e-12,3.301803e-12,4.606252e-12
0.0001487167,3.3,3.3,1.2,0.003326857,3.291949,0.004559785,1.289065e-07,1.2,1.340982e-11,3.300015,0.1399987,1.441983e-05,1.2,5.336099e-10,6.71661e-12,3.654854e-12,1.225548e-13,4.766152e-12,3.301803e-12,4.613605e-12
0.0001488167,3.3,3.3,1.2,0.003430163,3.291944,0.004562671,1.301663e-07,1.2,1.353904e-11,3.300015,0.1400998,1.444279e-05,1.2,5.344591e-10,7.092917e-12,3.695266e-12,1.241431e-13,4.77769e-12,3.301359e-12,4.62099e-12
0.0001489167,3.3,3.3,1.2,0.003716188,3.29194,0.004565561,1.291595e-07,1.2,1.343569e-11,3.300015,0.1402009,1.446566e-05,1.2,5.353049e-10,5.770331e-12,3.55449e-12,1.20665e-13,4.780294e-12,3.301359e-12,4.62822e-12
0.0001490167,3.3,3.3,1.2,0.003565631,3.291934,0.0045684,1.293454e-07,1.2,1.345459e-11,3.300015,0.140302,1.448864e-05,1.2,5.361551e-10,6.721642e-12,3.655298e-12,1.228078e-13,4.791926e-12,3.301359e-12,4.635618e-12
0.0001490889,3.3,3.3,1.2,0.003558277,3.291928,0.004570446,1.289304e-07,1.2,1.341218e-11,3.300015,0.1403749,1.450546e-05,1.2,5.367774e-10,7.257233e-12,3.712142e-12,1.236866e-13,4.79529e-12,3.301803e-12,4.641076e-12
0.0001491529,3.3,3.3,1.2,0.003551983,3.291924,0.004572266,1.287902e-07,1.2,1.339766e-11,3.300015,0.1404396,1.452034e-05,1.2,5.373281e-10,7.396588e-12,3.727241e-12,1.238964e-13,4.800162e-12,3.300915e-12,4.645865e-12
0.000149213,3.3,3.3,1.2,0.003546075,3.29192,0.004573977,1.287617e-07,1.2,1.339474e-11,3.300015,0.1405004,1.453423e-05,1.2,5.378418e-10,7.394584e-12,3.727241e-12,1.238627e-13,4.806718e-12,3.300915e-12,4.650291e-12
0.0001492857,3.3,3.3,1.2,0.003538946,3.291916,0.004576043,1.287561e-07,1.2,1.339416e-11,3.300015,0.1405738,1.455116e-05,1.2,5.384681e-10,7.367517e-12,3.724576e-12,1.237986e-13,4.811417e-12,3.301359e-12,4.655691e-12
0.0001493857,3.3,3.3,1.2,0.003529156,3.291909,0.004578888,1.286813e-07,1.2,1.338653e-11,3.300015,0.1406748,1.457467e-05,1.2,5.393377e-10,7.348182e-12,3.722356e-12,1.23716e-13,4.816674e-12,3.301803e-12,4.663336e-12
0.0001494857,3.3,3.3,1.2,0.003519393,3.291903,0.004581731,1.287468e-07,1.2,1.339321e-11,3.300015,0.1407759,1.459813e-05,1.2,5.402057e-10,7.332207e-12,3.720579e-12,1.236951e-13,4.82841e-12,3.301359e-12,4.670568e-12
0.0001495857,3.3,3.3,1.2,0.003509658,3.291897,0.004584574,1.287512e-07,1.2,1.339367e-11,3.300015,0.1408769,1.462129e-05,1.2,5.410624e-10,7.316079e-12,3.718803e-12,1.237045e-13,4.83407e-12,3.301803e-12,4.678062e-12
0.0001496857,3.3,3.3,1.2,0.003499949,3.29189,0.004587416,1.287159e-07,1.2,1.339002e-11,3.300015,0.1409779,1.464463e-05,1.2,5.419258e-10,7.304782e-12,3.717027e-12,1.236364e-13,4.84262e-12,3.301803e-12,4.685581e-12
0.0001497857,3.3,3.3,1.2,0.003490267,3.291884,0.004590257,1.28602e-07,1.2,1.337818e-11,3.300015,0.141079,1.46681e-05,1.2,5.427939e-10,7.296281e-12,3.717027e-12,1.234981e-13,4.851305e-12,3.301803e-12,4.693085e-12
0.0001498857,3.3,3.3,1.2,0.003480612,3.291877,0.004593097,1.285611e-07,1.2,1.337404e-11,3.300015,0.14118,1.469163e-05,1.2,5.436644e-10,7.286478e-12,3.715694e-12,1.234608e-13,4.86004e-12,3.301359e-12,4.700662e-12
0.0001499857,3.3,3.3,1.2,0.003470983,3.291871,0.004595936,1.286171e-07,1.2,1.337977e-11,3.300015,0.141281,1.471528e-05,1.2,5.445392e-10,7.281478e-12,3.714362e-12,1.235187e-13,4.865956e-12,3.301803e-12,4.708266e-12
0.0001500857,3.3,3.3,1.2,0.003461381,3.291865,0.004598775,1.286806e-07,1.2,1.338644e-11,3.300015,0.141382,1.473903e-05,1.2,5.454181e-10,7.277772e-12,3.714806e-12,1.235514e-13,4.874721e-12,3.301359e-12,4.715909e-12
0.0001501857,3.3,3.3,1.2,0.003451806,3.291858,0.004601612,1.287056e-07,1.2,1.3389e-11,3.300015,0.141483,1.476291e-05,1.2,5.463012e-10,7.272149e-12,3.713918e-12,1.23569e-13,4.883459e-12,3.301359e-12,4.72356e-12
0.0001502857,3.3,3.3,1.2,0.003442257,3.291852,0.004604449,1.286535e-07,1.2,1.338347e-11,3.300015,0.141584,1.47869e-05,1.2,5.471889e-10,7.270705e-12,3.713918e-12,1.235101e-13,4.889114e-12,3.301359e-12,4.731285e-12
0.0001503857,3.3,3.3,1.2,0.003432735,3.291846,0.004607285,1.28703e-07,1.2,1.338858e-11,3.300015,0.141685,1.481099e-05,1.2,5.480801e-10,7.266165e-12,3.713474e-12,1.23557e-13,4.897847e-12,3.300915e-12,4.739003e-12
0.0001504857,3.3,3.3,1.2,0.003423239,3.291839,0.00461012,1.286364e-07,1.2,1.338178e-11,3.300015,0.141786,1.483517e-05,1.2,5.489745e-10,7.265897e-12,3.713474e-12,1.23482e-13,4.906591e-12,3.301803e-12,4.746769e-12
0.0001505857,3.3,3.3,1.2,0.003413769,3.291833,0.004612954,1.285463e-07,1.2,1.337252e-11,3.300015,0.141887,1.485943e-05,1.2,5.49872e-10,7.263181e-12,3.71303e-12,1.234322e-13,4.915483e-12,3.301359e-12,4.754452e-12
0.0001506857,3.3,3.3,1.2,0.003404326,3.291826,0.004615788,1.285739e-07,1.2,1.337536e-11,3.300015,0.141988,1.488359e-05,1.2,5.507658e-10,7.263902e-12,3.71303e-12,1.234267e-13,4.92127e-12,3.301359e-12,4.762213e-12
0.0001507857,3.3,3.3,1.2,0.003394908,3.29182,0.00461862,1.286287e-07,1.2,1.338096e-11,3.300015,0.142089,1.49079e-05,1.2,5.51665e-10,7.261289e-12,3.71303e-12,1.234893e-13,4.933036e-12,3.301803e-12,4.770061e-12
0.0001508857,3.3,3.3,1.2,0.003385516,3.291814,0.004621452,1.286301e-07,1.2,1.338107e-11,3.300014,0.14219,1.493236e-05,1.2,5.525699e-10,7.262317e-12,3.71303e-12,1.234726e-13,4.938921e-12,3.301803e-12,4.777903e-12
0.0001509857,3.3,3.3,1.2,0.003376151,3.291807,0.004624283,1.285494e-07,1.2,1.337283e-11,3.300014,0.1422909,1.495691e-05,1.2,5.534782e-10,7.26045e-12,3.71303e-12,1.233702e-13,4.947657e-12,3.301359e-12,4.785814e-12
0.0001510857,3.3,3.3,1.2,0.00336681,3.291801,0.004627113,1.28583e-07,1.2,1.337629e-11,3.300014,0.1423919,1.498154e-05,1.2,5.543894e-10,7.262029e-12,3.71303e-12,1.234242e-13,4.953562e-12,3.301359e-12,4.793568e-12
0.0001511857,3.3,3.3,1.2,0.003357472,3.291794,0.004629942,1.285518e-07,1.2,1.337312e-11,3.300014,0.1424928,1.500606e-05,1.2,5.552967e-10,7.260031e-12,3.712586e-12,1.233957e-13,4.96529e-12,3.301803e-12,4.8015e-12
0.0001512857,3.3,3.3,1.2,0.003348112,3.291788,0.00463277,1.285408e-07,1.2,1.337198e-11,3.300014,0.1425938,1.503072e-05,1.2,5.562088e-10,7.261571e-12,3.712586e-12,1.233981e-13,4.971363e-12,3.301803e-12,4.809323e-12
0.0001513857,3.3,3.3,1.2,0.00333878,3.291782,0.004635598,1.285671e-07,1.2,1.337466e-11,3.300014,0.1426947,1.50553e-05,1.2,5.57118e-10,7.260383e-12,3.71303e-12,1.234125e-13,4.980264e-12,3.301359e-12,4.817231e-12
0.0001514857,3.3,3.3,1.2,0.003329732,3.291775,0.004638425,1.285199e-07,1.2,1.336987e-11,3.300014,0.1427957,1.508e-05,1.2,5.58032e-10,7.26285e-12,3.71303e-12,1.233952e-13,4.989399e-12,3.301803e-12,4.825079e-12
0.0001515857,3.3,3.3,1.2,0.003336952,3.291769,0.004641256,1.28692e-07,1.2,1.338749e-11,3.300014,0.1428966,1.510467e-05,1.2,5.589443e-10,7.328303e-12,3.720135e-12,1.236243e-13,4.995103e-12,3.301359e-12,4.833021e-12
0.0001516857,3.3,3.3,1.2,0.003620568,3.291768,0.004644168,1.312674e-07,1.2,1.365194e-11,3.300014,0.1429975,1.51295e-05,1.2,5.598629e-10,7.914645e-12,3.782308e-12,1.264722e-13,5.004091e-12,3.301803e-12,4.841002e-12
0.0001517857,3.3,3.3,1.2,0.003584049,3.291758,0.004646938,1.268737e-07,1.2,1.320081e-11,3.300014,0.1430985,1.515426e-05,1.2,5.607786e-10,7.079488e-12,3.69349e-12,1.219536e-13,5.013025e-12,3.301359e-12,4.848866e-12
0.0001518857,3.3,3.3,1.2,0.003561019,3.291753,0.004649774,1.278187e-07,1.2,1.329796e-11,3.300014,0.1431994,1.517912e-05,1.2,5.616987e-10,6.143103e-12,3.593126e-12,1.205546e-13,5.021975e-12,3.301359e-12,4.856872e-12
0.0001519503,3.3,3.3,1.2,0.003554568,3.291749,0.004651607,1.282997e-07,1.2,1.334754e-11,3.300014,0.1432646,1.519527e-05,1.2,5.62296e-10,5.678403e-12,3.54472e-12,1.19876e-13,5.025256e-12,3.301359e-12,4.862024e-12
0.0001520202,3.3,3.3,1.2,0.003547682,3.291745,0.004653581,1.283381e-07,1.2,1.335147e-11,3.300014,0.1433352,1.521283e-05,1.2,5.629456e-10,5.627286e-12,3.538947e-12,1.197898e-13,5.035737e-12,3.301359e-12,4.867628e-12
0.0001520911,3.3,3.3,1.2,0.003540723,3.29174,0.004655581,1.284237e-07,1.2,1.336021e-11,3.300014,0.1434067,1.523051e-05,1.2,5.635995e-10,5.669285e-12,3.543388e-12,1.19908e-13,5.038297e-12,3.300915e-12,4.873356e-12
0.0001521899,3.3,3.3,1.2,0.003531049,3.291734,0.004658367,1.283433e-07,1.2,1.335199e-11,3.300014,0.1435063,1.525555e-05,1.2,5.645259e-10,5.710163e-12,3.547829e-12,1.199503e-13,5.045209e-12,3.301359e-12,4.881492e-12
0.0001522899,3.3,3.3,1.2,0.003521281,3.291727,0.004661187,1.283405e-07,1.2,1.335173e-11,3.300014,0.1436072,1.528105e-05,1.2,5.654694e-10,5.748048e-12,3.551826e-12,1.199864e-13,5.057229e-12,3.301359e-12,4.889696e-12
0.0001523899,3.3,3.3,1.2,0.00351154,3.291721,0.004664005,1.283296e-07,1.2,1.33503e-11,3.300014,0.1437081,1.530656e-05,1.2,5.664131e-10,5.781118e-12,3.555378e-12,1.201293e-13,5.063553e-12,3.301803e-12,4.897729e-12
0.0001524899,3.3,3.3,1.2,0.003501826,3.291715,0.004666823,1.282844e-07,1.2,1.334597e-11,3.300014,0.143809,1.533199e-05,1.2,5.673538e-10,5.811175e-12,3.558931e-12,1.200941e-13,5.072545e-12,3.301359e-12,4.905918e-12
0.0001525899,3.3,3.3,1.2,0.003492139,3.291708,0.00466964,1.283603e-07,1.2,1.335376e-11,3.300014,0.1439099,1.535749e-05,1.2,5.68297e-10,5.83373e-12,3.560707e-12,1.202137e-13,5.081554e-12,3.301803e-12,4.913986e-12
0.0001526899,3.3,3.3,1.2,0.003482479,3.291702,0.004672457,1.284538e-07,1.2,1.33633e-11,3.300014,0.1440108,1.538292e-05,1.2,5.692377e-10,5.851929e-12,3.562928e-12,1.203455e-13,5.087339e-12,3.301359e-12,4.92219e-12
0.0001527899,3.3,3.3,1.2,0.003472845,3.291695,0.004675272,1.283424e-07,1.2,1.335191e-11,3.300014,0.1441116,1.540852e-05,1.2,5.701849e-10,5.868884e-12,3.56426e-12,1.202752e-13,5.096502e-12,3.301803e-12,4.930428e-12
0.0001528899,3.3,3.3,1.2,0.003463238,3.291689,0.004678087,1.283686e-07,1.2,1.335451e-11,3.300014,0.1442125,1.543425e-05,1.2,5.711367e-10,5.880154e-12,3.565148e-12,1.202628e-13,5.108654e-12,3.301803e-12,4.938581e-12
0.0001529899,3.3,3.3,1.2,0.003453658,3.291683,0.004680901,1.283775e-07,1.2,1.335555e-11,3.300014,0.1443134,1.545991e-05,1.2,5.720859e-10,5.889577e-12,3.56648e-12,1.203591e-13,5.114748e-12,3.302247e-12,4.94686e-12
0.0001530899,3.3,3.3,1.2,0.003444104,3.291676,0.004683714,1.283003e-07,1.2,1.334758e-11,3.300014,0.1444142,1.548574e-05,1.2,5.730414e-10,5.899179e-12,3.567369e-12,1.202947e-13,5.123551e-12,3.301803e-12,4.955174e-12
0.0001531899,3.3,3.3,1.2,0.003434576,3.29167,0.004686526,1.28307e-07,1.2,1.334823e-11,3.300014,0.1445151,1.551162e-05,1.2,5.739988e-10,5.904768e-12,3.568701e-12,1.202678e-13,5.132879e-12,3.301359e-12,4.963366e-12
0.0001532899,3.3,3.3,1.2,0.003425075,3.291663,0.004689337,1.283342e-07,1.2,1.33509e-11,3.300014,0.1446159,1.553746e-05,1.2,5.749547e-10,5.908753e-12,3.568701e-12,1.203686e-13,5.142029e-12,3.301359e-12,4.971699e-12
0.0001533899,3.3,3.3,1.2,0.0034156,3.291657,0.004692148,1.282587e-07,1.2,1.334314e-11,3.300014,0.1447167,1.556344e-05,1.2,5.759159e-10,5.915988e-12,3.569145e-12,1.202999e-13,5.151134e-12,3.301803e-12,4.980059e-12
0.0001534899,3.3,3.3,1.2,0.003406151,3.291651,0.004694958,1.282582e-07,1.2,1.334329e-11,3.300014,0.1448176,1.558959e-05,1.2,5.768832e-10,5.918203e-12,3.569589e-12,1.202462e-13,5.156954e-12,3.301803e-12,4.988489e-12
0.0001535899,3.3,3.3,1.2,0.003396729,3.291644,0.004697767,1.28244e-07,1.2,1.334181e-11,3.300014,0.1449184,1.56159e-05,1.2,5.778564e-10,5.922217e-12,3.570033e-12,1.202741e-13,5.166495e-12,3.301359e-12,4.996916e-12
0.0001536899,3.3,3.3,1.2,0.003387332,3.291638,0.004700575,1.282441e-07,1.2,1.334163e-11,3.300014,0.1450192,1.564227e-05,1.2,5.78832e-10,5.922934e-12,3.570033e-12,1.20284e-13,5.178633e-12,3.300915e-12,5.00539e-12
0.0001537899,3.3,3.3,1.2,0.003377961,3.291632,0.004703382,1.282452e-07,1.2,1.334191e-11,3.300014,0.14512,1.566875e-05,1.2,5.798118e-10,5.926937e-12,3.570921e-12,1.202519e-13,5.184689e-12,3.301359e-12,5.013889e-12
0.0001538899,3.3,3.3,1.2,0.003368616,3.291625,0.004706188,1.281677e-07,1.2,1.333383e-11,3.300014,0.1452208,1.569521e-05,1.2,5.807904e-10,5.927876e-12,3.570033e-12,1.202423e-13,5.194059e-12,3.301803e-12,5.022266e-12
0.0001539899,3.3,3.3,1.2,0.003359281,3.291619,0.004708994,1.282292e-07,1.2,1.334032e-11,3.300014,0.1453216,1.572167e-05,1.2,5.817692e-10,5.928287e-12,3.570921e-12,1.202857e-13,5.200216e-12,3.301803e-12,5.030787e-12
0.0001540899,3.3,3.3,1.2,0.003349919,3.291612,0.004711799,1.281677e-07,1.2,1.333382e-11,3.300014,0.1454224,1.574824e-05,1.2,5.827521e-10,5.931225e-12,3.570921e-12,1.202246e-13,5.211978e-12,3.301359e-12,5.039205e-12
0.0001541899,3.3,3.3,1.2,0.003340581,3.291606,0.004714603,1.281673e-07,1.2,1.333377e-11,3.300014,0.1455232,1.577479e-05,1.2,5.837343e-10,5.930706e-12,3.571365e-12,1.202136e-13,5.221331e-12,3.301803e-12,5.047772e-12
0.0001542899,3.3,3.3,1.2,0.003331392,3.2916,0.004717406,1.281431e-07,1.2,1.333134e-11,3.300014,0.145624,1.580153e-05,1.2,5.847235e-10,5.934024e-12,3.571365e-12,1.202121e-13,5.227673e-12,3.301359e-12,5.0564e-12
0.0001543899,3.3,3.3,1.2,0.003331048,3.291593,0.004720211,1.283209e-07,1.2,1.334952e-11,3.300014,0.1457248,1.582834e-05,1.2,5.857156e-10,5.969075e-12,3.575806e-12,1.204333e-13,5.236854e-12,3.300915e-12,5.064904e-12
0.0001544899,3.3,3.3,1.2,0.003540134,3.291591,0.004723081,1.303613e-07,1.2,1.355918e-11,3.300014,0.1458256,1.585511e-05,1.2,5.867057e-10,6.553638e-12,3.637091e-12,1.229164e-13,5.24881e-12,3.301803e-12,5.073511e-12
0.0001545899,3.3,3.3,1.2,0.003619229,3.291583,0.004725849,1.263519e-07,1.2,1.314755e-11,3.300014,0.1459263,1.588205e-05,1.2,5.877027e-10,4.833819e-12,3.453682e-12,1.167534e-13,5.255633e-12,3.301359e-12,5.082178e-12
0.0001546899,3.3,3.3,1.2,0.003562042,3.291577,0.004728663,1.275572e-07,1.2,1.327147e-11,3.300014,0.1460271,1.590912e-05,1.2,5.887038e-10,3.971629e-12,3.362199e-12,1.156775e-13,5.264963e-12,3.301803e-12,5.090855e-12
0.0001547547,3.3,3.3,1.2,0.003555482,3.291573,0.004730483,1.279843e-07,1.2,1.33151e-11,3.300014,0.1460924,1.592666e-05,1.2,5.893528e-10,3.591526e-12,3.321343e-12,1.151372e-13,5.269654e-12,3.301803e-12,5.096337e-12
0.0001548067,3.3,3.3,1.2,0.003550346,3.29157,0.004731941,1.280862e-07,1.2,1.332552e-11,3.300014,0.1461448,1.59407e-05,1.2,5.898719e-10,3.595142e-12,3.322231e-12,1.152417e-13,5.274427e-12,3.301359e-12,5.100798e-12
0.0001548604,3.3,3.3,1.2,0.003545076,3.291567,0.004733442,1.280568e-07,1.2,1.332251e-11,3.300014,0.1461989,1.59553e-05,1.2,5.904122e-10,3.68768e-12,3.332001e-12,1.1537e-13,5.281399e-12,3.301359e-12,5.105777e-12
0.0001549369,3.3,3.3,1.2,0.003537568,3.291562,0.004735583,1.28116e-07,1.2,1.332878e-11,3.300014,0.146276,1.597616e-05,1.2,5.911839e-10,3.748189e-12,3.338219e-12,1.155073e-13,5.287715e-12,3.301359e-12,5.112367e-12
0.0001550369,3.3,3.3,1.2,0.003527781,3.291555,0.00473838,1.280144e-07,1.2,1.33183e-11,3.300014,0.1463767,1.60035e-05,1.2,5.921951e-10,3.782657e-12,3.342215e-12,1.15527e-13,5.294451e-12,3.301359e-12,5.121107e-12
0.0001551369,3.3,3.3,1.2,0.003518022,3.291549,0.004741176,1.279697e-07,1.2,1.331367e-11,3.300014,0.1464775,1.603095e-05,1.2,5.932106e-10,3.811326e-12,3.346212e-12,1.155375e-13,5.306704e-12,3.301359e-12,5.129942e-12
0.0001552369,3.3,3.3,1.2,0.00350829,3.291542,0.004743971,1.279977e-07,1.2,1.331652e-11,3.300014,0.1465782,1.605831e-05,1.2,5.942227e-10,3.834244e-12,3.347989e-12,1.156166e-13,5.316154e-12,3.301359e-12,5.138624e-12
0.0001553369,3.3,3.3,1.2,0.003498584,3.291536,0.004746765,1.279748e-07,1.2,1.331419e-11,3.300014,0.1466789,1.60858e-05,1.2,5.952397e-10,3.853884e-12,3.349765e-12,1.156549e-13,5.322434e-12,3.301359e-12,5.147467e-12
0.0001554369,3.3,3.3,1.2,0.003488906,3.29153,0.004749558,1.279937e-07,1.2,1.331601e-11,3.300014,0.1467797,1.611336e-05,1.2,5.962593e-10,3.866797e-12,3.351541e-12,1.156355e-13,5.331778e-12,3.301803e-12,5.156226e-12
0.0001555369,3.3,3.3,1.2,0.003479254,3.291523,0.004752351,1.280606e-07,1.2,1.332297e-11,3.300014,0.1468804,1.61409e-05,1.2,5.972782e-10,3.876273e-12,3.352874e-12,1.157833e-13,5.341411e-12,3.301359e-12,5.165085e-12
0.0001556369,3.3,3.3,1.2,0.003469629,3.291517,0.004755143,1.279389e-07,1.2,1.331042e-11,3.300014,0.1469811,1.616862e-05,1.2,5.983035e-10,3.885418e-12,3.353318e-12,1.156401e-13,5.353657e-12,3.301803e-12,5.173996e-12
0.0001557369,3.3,3.3,1.2,0.003460031,3.291511,0.004757934,1.279639e-07,1.2,1.331305e-11,3.300014,0.1470818,1.619628e-05,1.2,5.99327e-10,3.89028e-12,3.353762e-12,1.156943e-13,5.359972e-12,3.301803e-12,5.182792e-12
0.0001558369,3.3,3.3,1.2,0.003450459,3.291504,0.004760724,1.280398e-07,1.2,1.332077e-11,3.300013,0.1471825,1.622407e-05,1.2,6.003549e-10,3.895625e-12,3.353762e-12,1.15775e-13,5.369397e-12,3.301359e-12,5.191748e-12
0.0001559369,3.3,3.3,1.2,0.003440914,3.291498,0.004763513,1.279599e-07,1.2,1.331261e-11,3.300013,0.1472832,1.625194e-05,1.2,6.01386e-10,3.896959e-12,3.354206e-12,1.157066e-13,5.378927e-12,3.301359e-12,5.200668e-12
0.0001560369,3.3,3.3,1.2,0.003431395,3.291491,0.004766302,1.279108e-07,1.2,1.330757e-11,3.300013,0.1473839,1.627996e-05,1.2,6.024224e-10,3.89713e-12,3.35465e-12,1.156469e-13,5.388227e-12,3.301359e-12,5.20968e-12
0.0001561369,3.3,3.3,1.2,0.003421902,3.291485,0.004769089,1.279439e-07,1.2,1.331095e-11,3.300013,0.1474846,1.630813e-05,1.2,6.034647e-10,3.899023e-12,3.354206e-12,1.15657e-13,5.397665e-12,3.301359e-12,5.218746e-12
0.0001562369,3.3,3.3,1.2,0.003412436,3.291479,0.004771876,1.279446e-07,1.2,1.331109e-11,3.300013,0.1475853,1.633648e-05,1.2,6.045135e-10,3.897426e-12,3.35465e-12,1.157015e-13,5.410012e-12,3.301359e-12,5.227862e-12
0.0001563369,3.3,3.3,1.2,0.003402995,3.291472,0.004774662,1.27906e-07,1.2,1.330707e-11,3.300013,0.1476859,1.63648e-05,1.2,6.05561e-10,3.898331e-12,3.353762e-12,1.156447e-13,5.413467e-12,3.300915e-12,5.236717e-12
0.0001564369,3.3,3.3,1.2,0.003393581,3.291466,0.004777447,1.279279e-07,1.2,1.330928e-11,3.300013,0.1477866,1.639286e-05,1.2,6.065992e-10,3.895762e-12,3.35465e-12,1.1561e-13,5.425845e-12,3.300471e-12,5.245745e-12
0.0001565369,3.3,3.3,1.2,0.003384193,3.291459,0.004780232,1.279719e-07,1.2,1.331388e-11,3.300013,0.1478873,1.642111e-05,1.2,6.076439e-10,3.895751e-12,3.353762e-12,1.157001e-13,5.435488e-12,3.301359e-12,5.254847e-12
0.0001566369,3.3,3.3,1.2,0.00337483,3.291453,0.004783015,1.278109e-07,1.2,1.32974e-11,3.300013,0.1479879,1.644953e-05,1.2,6.086955e-10,3.892647e-12,3.354206e-12,1.155634e-13,5.444962e-12,3.301359e-12,5.263988e-12
0.0001567369,3.3,3.3,1.2,0.003365492,3.291447,0.004785798,1.278636e-07,1.2,1.33027e-11,3.300013,0.1480886,1.647806e-05,1.2,6.097508e-10,3.889347e-12,3.353318e-12,1.155381e-13,5.454305e-12,3.301359e-12,5.273164e-12
0.0001568369,3.3,3.3,1.2,0.003356148,3.29144,0.00478858,1.278363e-07,1.2,1.329999e-11,3.300013,0.1481892,1.650672e-05,1.2,6.10811e-10,3.888402e-12,3.353762e-12,1.155622e-13,5.463709e-12,3.301359e-12,5.282334e-12
0.0001569369,3.3,3.3,1.2,0.003346789,3.291434,0.004791361,1.278524e-07,1.2,1.330163e-11,3.300013,0.1482899,1.65355e-05,1.2,6.118758e-10,3.884564e-12,3.352874e-12,1.155498e-13,5.473314e-12,3.301803e-12,5.291593e-12
0.0001570369,3.3,3.3,1.2,0.003337463,3.291428,0.004794142,1.278305e-07,1.2,1.329937e-11,3.300013,0.1483905,1.656442e-05,1.2,6.129455e-10,3.88443e-12,3.353318e-12,1.155104e-13,5.482726e-12,3.301803e-12,5.300885e-12
0.0001571369,3.3,3.3,1.2,0.003328735,3.291421,0.004796921,1.277933e-07,1.2,1.329562e-11,3.300013,0.1484911,1.659341e-05,1.2,6.140181e-10,3.883554e-12,3.353318e-12,1.15494e-13,5.495143e-12,3.301359e-12,5.310163e-12
0.0001572369,3.3,3.3,1.2,0.003350887,3.291415,0.004799711,1.281833e-07,1.2,1.333557e-11,3.300013,0.1485918,1.662256e-05,1.2,6.150966e-10,3.999524e-12,3.364864e-12,1.160043e-13,5.501902e-12,3.301803e-12,5.31956e-12
0.0001573369,3.3,3.3,1.2,0.003701046,3.291414,0.004802588,1.306956e-07,1.2,1.359356e-11,3.300013,0.1486924,1.665167e-05,1.2,6.161732e-10,4.327961e-12,3.400391e-12,1.182663e-13,5.51133e-12,3.301803e-12,5.328798e-12
0.0001574369,3.3,3.3,1.2,0.003571848,3.291405,0.004805313,1.274002e-07,1.2,1.325513e-11,3.300013,0.148793,1.668086e-05,1.2,6.172533e-10,5.044419e-12,3.47633e-12,1.176945e-13,5.521201e-12,3.301803e-12,5.338155e-12
0.000157527,3.3,3.3,1.2,0.00356121,3.2914,0.004807815,1.275429e-07,1.2,1.326994e-11,3.300013,0.1488836,1.670728e-05,1.2,6.182303e-10,4.863383e-12,3.457679e-12,1.173616e-13,5.530687e-12,3.301803e-12,5.346707e-12
0.0001575928,3.3,3.3,1.2,0.003554709,3.291395,0.004809644,1.276482e-07,1.2,1.328071e-11,3.300013,0.1489499,1.672649e-05,1.2,6.18941e-10,4.751856e-12,3.445688e-12,1.172219e-13,5.538208e-12,3.301359e-12,5.352749e-12
0.0001576464,3.3,3.3,1.2,0.003549434,3.291392,0.00481113,1.277402e-07,1.2,1.329011e-11,3.300013,0.1490037,1.674226e-05,1.2,6.195247e-10,4.691465e-12,3.439471e-12,1.172043e-13,5.541063e-12,3.301359e-12,5.35782e-12
0.0001577036,3.3,3.3,1.2,0.003543813,3.291388,0.004812718,1.277386e-07,1.2,1.328994e-11,3.300013,0.1490613,1.675903e-05,1.2,6.20145e-10,4.661854e-12,3.435918e-12,1.171025e-13,5.549745e-12,3.301803e-12,5.363133e-12
0.0001578002,3.3,3.3,1.2,0.003534344,3.291382,0.004815397,1.276881e-07,1.2,1.328473e-11,3.300013,0.1491585,1.678741e-05,1.2,6.211947e-10,4.653736e-12,3.435474e-12,1.1699e-13,5.553769e-12,3.301359e-12,5.372174e-12
0.0001579002,3.3,3.3,1.2,0.003524567,3.291376,0.00481817,1.276899e-07,1.2,1.328501e-11,3.300013,0.1492591,1.681671e-05,1.2,6.222788e-10,4.644631e-12,3.434142e-12,1.170217e-13,5.566327e-12,3.301359e-12,5.381606e-12
0.0001580002,3.3,3.3,1.2,0.003514817,3.291369,0.004820943,1.27663e-07,1.2,1.32822e-11,3.300013,0.1493596,1.684617e-05,1.2,6.233686e-10,4.640465e-12,3.433254e-12,1.169745e-13,5.57579e-12,3.301359e-12,5.391069e-12
0.0001581002,3.3,3.3,1.2,0.003505094,3.291363,0.004823714,1.276927e-07,1.2,1.328524e-11,3.300013,0.1494602,1.687579e-05,1.2,6.244643e-10,4.63486e-12,3.433254e-12,1.169816e-13,5.585514e-12,3.301803e-12,5.40058e-12
0.0001582002,3.3,3.3,1.2,0.003495398,3.291357,0.004826485,1.276849e-07,1.2,1.328448e-11,3.300013,0.1495608,1.690552e-05,1.2,6.25564e-10,4.63289e-12,3.432366e-12,1.169938e-13,5.598134e-12,3.301803e-12,5.410135e-12
0.0001583002,3.3,3.3,1.2,0.003485728,3.29135,0.004829255,1.276517e-07,1.2,1.328106e-11,3.300013,0.1496613,1.693542e-05,1.2,6.266703e-10,4.632071e-12,3.43281e-12,1.169572e-13,5.607946e-12,3.301359e-12,5.419759e-12
0.0001584002,3.3,3.3,1.2,0.003476086,3.291344,0.004832024,1.27531e-07,1.2,1.326874e-11,3.300013,0.1497619,1.696548e-05,1.2,6.277823e-10,4.628913e-12,3.431921e-12,1.168282e-13,5.614886e-12,3.301359e-12,5.429444e-12
0.0001585002,3.3,3.3,1.2,0.00346647,3.291337,0.004834792,1.275743e-07,1.2,1.327302e-11,3.300013,0.1498625,1.699549e-05,1.2,6.288925e-10,4.629692e-12,3.432366e-12,1.169218e-13,5.624394e-12,3.301359e-12,5.43894e-12
0.0001586002,3.3,3.3,1.2,0.00345688,3.291331,0.00483756,1.276136e-07,1.2,1.327714e-11,3.300013,0.149963,1.702561e-05,1.2,6.300067e-10,4.628076e-12,3.431477e-12,1.169125e-13,5.637111e-12,3.301803e-12,5.448658e-12
0.0001587002,3.3,3.3,1.2,0.003447318,3.291325,0.004840326,1.275604e-07,1.2,1.327158e-11,3.300013,0.1500636,1.705571e-05,1.2,6.311202e-10,4.628926e-12,3.432366e-12,1.169126e-13,5.643932e-12,3.301359e-12,5.458048e-12
0.0001588002,3.3,3.3,1.2,0.003437781,3.291318,0.004843092,1.276549e-07,1.2,1.32813e-11,3.300013,0.1501641,1.708571e-05,1.2,6.322299e-10,4.62789e-12,3.432366e-12,1.169082e-13,5.65644e-12,3.301359e-12,5.467963e-12
0.0001589002,3.3,3.3,1.2,0.003428271,3.291312,0.004845857,1.275691e-07,1.2,1.327246e-11,3.300013,0.1502646,1.711587e-05,1.2,6.333458e-10,4.629492e-12,3.432366e-12,1.16866e-13,5.669362e-12,3.301359e-12,5.477429e-12
0.0001590002,3.3,3.3,1.2,0.003418787,3.291306,0.004848621,1.275995e-07,1.2,1.327577e-11,3.300013,0.1503651,1.714607e-05,1.2,6.344627e-10,4.629125e-12,3.431921e-12,1.169156e-13,5.676308e-12,3.301803e-12,5.487138e-12
0.0001591002,3.3,3.3,1.2,0.00340933,3.291299,0.004851385,1.276834e-07,1.2,1.328439e-11,3.300013,0.1504657,1.71764e-05,1.2,6.355849e-10,4.628936e-12,3.431477e-12,1.169864e-13,5.685774e-12,3.300915e-12,5.496869e-12
0.0001592002,3.3,3.3,1.2,0.003399898,3.291293,0.004854147,1.274723e-07,1.2,1.326252e-11,3.300013,0.1505662,1.720685e-05,1.2,6.367114e-10,4.630948e-12,3.432366e-12,1.167702e-13,5.695636e-12,3.300915e-12,5.506651e-12
0.0001593002,3.3,3.3,1.2,0.003390493,3.291286,0.004856909,1.275626e-07,1.2,1.327198e-11,3.300013,0.1506667,1.723743e-05,1.2,6.378428e-10,4.6308e-12,3.431921e-12,1.168445e-13,5.708476e-12,3.301359e-12,5.516452e-12
0.0001594002,3.3,3.3,1.2,0.003381113,3.29128,0.00485967,1.275045e-07,1.2,1.326586e-11,3.300013,0.1507672,1.726813e-05,1.2,6.389782e-10,4.63345e-12,3.432366e-12,1.168226e-13,5.715236e-12,3.301359e-12,5.52632e-12
0.0001595002,3.3,3.3,1.2,0.00337176,3.291274,0.00486243,1.275711e-07,1.2,1.327284e-11,3.300013,0.1508677,1.729894e-05,1.2,6.401179e-10,4.633581e-12,3.431921e-12,1.168854e-13,5.727871e-12,3.301803e-12,5.53619e-12
0.0001596002,3.3,3.3,1.2,0.003362425,3.291267,0.00486519,1.274927e-07,1.2,1.326466e-11,3.300013,0.1509682,1.732988e-05,1.2,6.412627e-10,4.633026e-12,3.43281e-12,1.168456e-13,5.740947e-12,3.301803e-12,5.546146e-12
0.0001597002,3.3,3.3,1.2,0.003353067,3.291261,0.004867948,1.275531e-07,1.2,1.327084e-11,3.300013,0.1510687,1.736095e-05,1.2,6.424121e-10,4.635819e-12,3.43281e-12,1.168555e-13,5.747932e-12,3.301359e-12,5.556098e-12
0.0001598002,3.3,3.3,1.2,0.003343718,3.291254,0.004870706,1.274938e-07,1.2,1.326471e-11,3.300012,0.1511692,1.739206e-05,1.2,6.43563e-10,4.63576e-12,3.433254e-12,1.167945e-13,5.760705e-12,3.301803e-12,5.566027e-12
0.0001599002,3.3,3.3,1.2,0.003334428,3.291248,0.004873463,1.274682e-07,1.2,1.326217e-11,3.300012,0.1512696,1.742323e-05,1.2,6.447161e-10,4.63887e-12,3.43281e-12,1.168155e-13,5.767971e-12,3.301803e-12,5.576027e-12
0.0001600002,3.3,3.3,1.2,0.003328009,3.291242,0.00487622,1.275312e-07,1.2,1.326872e-11,3.300012,0.1513701,1.745449e-05,1.2,6.458726e-10,4.651345e-12,3.434586e-12,1.168216e-13,5.777837e-12,3.301359e-12,5.586055e-12
0.0001601002,3.3,3.3,1.2,0.003425391,3.291237,0.00487901,1.286516e-07,1.2,1.338354e-11,3.300012,0.1514706,1.748587e-05,1.2,6.470333e-10,5.009944e-12,3.472778e-12,1.183269e-13,5.790734e-12,3.300915e-12,5.596109e-12
0.0001602002,3.3,3.3,1.2,0.003722911,3.291234,0.004881812,1.280238e-07,1.2,1.331916e-11,3.300012,0.151571,1.751735e-05,1.2,6.48198e-10,3.764039e-12,3.340439e-12,1.153112e-13,5.800716e-12,3.301359e-12,5.606223e-12
0.0001603002,3.3,3.3,1.2,0.003566889,3.291227,0.004884555,1.280738e-07,1.2,1.332416e-11,3.300012,0.1516715,1.754895e-05,1.2,6.493668e-10,4.848827e-12,3.455902e-12,1.176472e-13,5.810467e-12,3.301359e-12,5.616349e-12
0.0001603737,3.3,3.3,1.2,0.0035594,3.291221,0.00488657,1.275536e-07,1.2,1.327099e-11,3.300012,0.1517453,1.757235e-05,1.2,6.502324e-10,5.435506e-12,3.518075e-12,1.18491e-13,5.820166e-12,3.301359e-12,5.623985e-12
0.0001604387,3.3,3.3,1.2,0.003553009,3.291217,0.004888356,1.274098e-07,1.2,1.325607e-11,3.300012,0.1518106,1.759304e-05,1.2,6.509981e-10,5.584232e-12,3.533618e-12,1.187554e-13,5.826247e-12,3.301359e-12,5.630482e-12
0.0001604994,3.3,3.3,1.2,0.00354704,3.291213,0.004890026,1.273843e-07,1.2,1.325327e-11,3.300012,0.1518716,1.761245e-05,1.2,6.517159e-10,5.575498e-12,3.53273e-12,1.186835e-13,5.83376e-12,3.301803e-12,5.636937e-12
0.0001605728,3.3,3.3,1.2,0.00353984,3.291208,0.004892045,1.273757e-07,1.2,1.325239e-11,3.300012,0.1519453,1.763605e-05,1.2,6.525889e-10,5.541352e-12,3.528733e-12,1.186409e-13,5.837155e-12,3.301359e-12,5.644308e-12
0.0001606728,3.3,3.3,1.2,0.003530047,3.291202,0.004894795,1.272744e-07,1.2,1.324204e-11,3.300012,0.1520457,1.766803e-05,1.2,6.537719e-10,5.514892e-12,3.526068e-12,1.184853e-13,5.847876e-12,3.301803e-12,5.654541e-12
0.0001607728,3.3,3.3,1.2,0.003520282,3.291196,0.004897545,1.273411e-07,1.2,1.324886e-11,3.300012,0.1521461,1.770016e-05,1.2,6.549608e-10,5.490994e-12,3.523848e-12,1.184749e-13,5.8609e-12,3.301359e-12,5.664853e-12
0.0001608728,3.3,3.3,1.2,0.003510544,3.291189,0.004900294,1.273106e-07,1.2,1.324576e-11,3.300012,0.1522465,1.773221e-05,1.2,6.561462e-10,5.473789e-12,3.521627e-12,1.184587e-13,5.870945e-12,3.301359e-12,5.675025e-12
0.0001609728,3.3,3.3,1.2,0.003500832,3.291183,0.004903042,1.272611e-07,1.2,1.324063e-11,3.300012,0.152347,1.776434e-05,1.2,6.573348e-10,5.456154e-12,3.519407e-12,1.183573e-13,5.88106e-12,3.301803e-12,5.685355e-12
0.0001610728,3.3,3.3,1.2,0.003491148,3.291177,0.004905789,1.272593e-07,1.2,1.324047e-11,3.300012,0.1524474,1.779642e-05,1.2,6.585217e-10,5.444016e-12,3.518519e-12,1.18318e-13,5.891169e-12,3.301803e-12,5.695565e-12
0.0001611728,3.3,3.3,1.2,0.00348149,3.29117,0.004908536,1.272824e-07,1.2,1.324286e-11,3.300012,0.1525478,1.782866e-05,1.2,6.597144e-10,5.4315e-12,3.517187e-12,1.183355e-13,5.904211e-12,3.301359e-12,5.705943e-12
0.0001612728,3.3,3.3,1.2,0.003471859,3.291164,0.004911282,1.271798e-07,1.2,1.323236e-11,3.300012,0.1526482,1.786104e-05,1.2,6.609119e-10,5.423469e-12,3.516742e-12,1.182082e-13,5.914512e-12,3.301359e-12,5.716237e-12
0.0001613728,3.3,3.3,1.2,0.003462255,3.291157,0.004914026,1.272917e-07,1.2,1.32438e-11,3.300012,0.1527486,1.789335e-05,1.2,6.621073e-10,5.417414e-12,3.516298e-12,1.182842e-13,5.924576e-12,3.301359e-12,5.726625e-12
0.0001614728,3.3,3.3,1.2,0.003452677,3.291151,0.004916771,1.272711e-07,1.2,1.324172e-11,3.300012,0.152849,1.792583e-05,1.2,6.63309e-10,5.409977e-12,3.514966e-12,1.182711e-13,5.937442e-12,3.301359e-12,5.737081e-12
0.0001615728,3.3,3.3,1.2,0.003443125,3.291145,0.004919514,1.273304e-07,1.2,1.324778e-11,3.300012,0.1529493,1.795855e-05,1.2,6.645194e-10,5.406255e-12,3.514078e-12,1.183326e-13,5.947757e-12,3.301803e-12,5.7476e-12
0.0001616728,3.3,3.3,1.2,0.003433601,3.291138,0.004922256,1.272246e-07,1.2,1.323696e-11,3.300012,0.1530497,1.799142e-05,1.2,6.657352e-10,5.401236e-12,3.514522e-12,1.182252e-13,5.957625e-12,3.301359e-12,5.75814e-12
0.0001617728,3.3,3.3,1.2,0.003424102,3.291132,0.004924998,1.272672e-07,1.2,1.324129e-11,3.300012,0.1531501,1.802438e-05,1.2,6.669545e-10,5.398875e-12,3.514078e-12,1.182264e-13,5.968212e-12,3.301359e-12,5.768654e-12
0.0001618728,3.3,3.3,1.2,0.00341463,3.291125,0.004927739,1.272671e-07,1.2,1.324131e-11,3.300012,0.1532505,1.805731e-05,1.2,6.681729e-10,5.394721e-12,3.513634e-12,1.182496e-13,5.978298e-12,3.301359e-12,5.779245e-12
0.0001619728,3.3,3.3,1.2,0.003405183,3.291119,0.004930479,1.271854e-07,1.2,1.323296e-11,3.300012,0.1533508,1.80902e-05,1.2,6.693897e-10,5.393921e-12,3.513634e-12,1.181838e-13,5.988475e-12,3.301359e-12,5.789686e-12
0.0001620728,3.3,3.3,1.2,0.003395763,3.291113,0.004933219,1.272893e-07,1.2,1.324356e-11,3.300012,0.1534512,1.812324e-05,1.2,6.706119e-10,5.390925e-12,3.512746e-12,1.182608e-13,6.001796e-12,3.301359e-12,5.800362e-12
0.0001621728,3.3,3.3,1.2,0.003386369,3.291106,0.004935957,1.272155e-07,1.2,1.323605e-11,3.300012,0.1535515,1.815634e-05,1.2,6.718363e-10,5.387821e-12,3.512746e-12,1.181986e-13,6.011927e-12,3.300915e-12,5.81073e-12
0.0001622728,3.3,3.3,1.2,0.003377001,3.2911,0.004938695,1.271868e-07,1.2,1.323311e-11,3.300012,0.1536519,1.818934e-05,1.2,6.730574e-10,5.387991e-12,3.512746e-12,1.181581e-13,6.022361e-12,3.301359e-12,5.821611e-12
0.0001623728,3.3,3.3,1.2,0.003367658,3.291094,0.004941432,1.271915e-07,1.2,1.323359e-11,3.300012,0.1537522,1.822252e-05,1.2,6.742846e-10,5.384883e-12,3.512302e-12,1.181352e-13,6.032647e-12,3.301359e-12,5.832048e-12
0.0001624728,3.3,3.3,1.2,0.003358316,3.291087,0.004944168,1.271766e-07,1.2,1.323207e-11,3.300012,0.1538525,1.825579e-05,1.2,6.755155e-10,5.385119e-12,3.512302e-12,1.181506e-13,6.046039e-12,3.301359e-12,5.842759e-12
0.0001625728,3.3,3.3,1.2,0.003348953,3.291081,0.004946903,1.270813e-07,1.2,1.322235e-11,3.300012,0.1539528,1.828924e-05,1.2,6.767527e-10,5.382859e-12,3.512302e-12,1.18059e-13,6.056275e-12,3.301359e-12,5.853501e-12
0.0001626728,3.3,3.3,1.2,0.003339619,3.291074,0.004949638,1.27168e-07,1.2,1.323122e-11,3.300012,0.1540532,1.832283e-05,1.2,6.779953e-10,5.381331e-12,3.511413e-12,1.181507e-13,6.066609e-12,3.301359e-12,5.864296e-12
0.0001627728,3.3,3.3,1.2,0.003330605,3.291068,0.004952372,1.272223e-07,1.2,1.323672e-11,3.300012,0.1541535,1.835658e-05,1.2,6.792438e-10,5.383223e-12,3.512302e-12,1.18175e-13,6.079878e-12,3.301359e-12,5.87513e-12
0.0001628728,3.3,3.3,1.2,0.003339706,3.291062,0.004955111,1.273175e-07,1.2,1.324658e-11,3.300012,0.1542538,1.839049e-05,1.2,6.804986e-10,5.452475e-12,3.518963e-12,1.183688e-13,6.09319e-12,3.301803e-12,5.886007e-12
0.0001629728,3.3,3.3,1.2,0.00363616,3.291061,0.004957933,1.299973e-07,1.2,1.352168e-11,3.300012,0.1543541,1.842448e-05,1.2,6.817558e-10,6.019311e-12,3.579803e-12,1.21267e-13,6.100552e-12,3.301803e-12,5.89689e-12
0.0001630728,3.3,3.3,1.2,0.003581878,3.291051,0.004960609,1.256539e-07,1.2,1.307583e-11,3.300012,0.1544544,1.845864e-05,1.2,6.830193e-10,5.422287e-12,3.516298e-12,1.172348e-13,6.114218e-12,3.301803e-12,5.907883e-12
0.0001631728,3.3,3.3,1.2,0.003562147,3.291045,0.004963351,1.265188e-07,1.2,1.316459e-11,3.300012,0.1545547,1.849292e-05,1.2,6.842876e-10,4.572021e-12,3.425704e-12,1.160098e-13,6.127305e-12,3.301359e-12,5.918862e-12
0.0001632419,3.3,3.3,1.2,0.003555268,3.291041,0.004965246,1.269175e-07,1.2,1.320554e-11,3.300012,0.1546241,1.851669e-05,1.2,6.851671e-10,4.154984e-12,3.381295e-12,1.153883e-13,6.130055e-12,3.301359e-12,5.926462e-12
0.0001633054,3.3,3.3,1.2,0.003549016,3.291037,0.00496698,1.271066e-07,1.2,1.322507e-11,3.300011,0.1546877,1.853848e-05,1.2,6.859731e-10,4.088074e-12,3.37419e-12,1.153563e-13,6.136733e-12,3.301359e-12,5.933447e-12
0.0001633671,3.3,3.3,1.2,0.003542956,3.291033,0.004968663,1.270481e-07,1.2,1.321909e-11,3.300011,0.1547495,1.855971e-05,1.2,6.867586e-10,4.125388e-12,3.378187e-12,1.153975e-13,6.148282e-12,3.301359e-12,5.940197e-12
0.0001634671,3.3,3.3,1.2,0.003533155,3.291027,0.004971391,1.269814e-07,1.2,1.321209e-11,3.300011,0.1548498,1.859411e-05,1.2,6.880309e-10,4.1582e-12,3.381739e-12,1.153736e-13,6.157131e-12,3.301359e-12,5.951236e-12
0.0001635671,3.3,3.3,1.2,0.003523381,3.291021,0.004974118,1.269496e-07,1.2,1.32091e-11,3.300011,0.1549501,1.862852e-05,1.2,6.893041e-10,4.190916e-12,3.384848e-12,1.154024e-13,6.170256e-12,3.301803e-12,5.962076e-12
0.0001636671,3.3,3.3,1.2,0.003513634,3.291014,0.004976845,1.269401e-07,1.2,1.320792e-11,3.300011,0.1550503,1.866279e-05,1.2,6.905716e-10,4.21753e-12,3.387957e-12,1.154664e-13,6.183632e-12,3.301359e-12,5.973122e-12
0.0001637671,3.3,3.3,1.2,0.003503914,3.291008,0.00497957,1.269592e-07,1.2,1.320986e-11,3.300011,0.1551506,1.869723e-05,1.2,6.918458e-10,4.239069e-12,3.390621e-12,1.155565e-13,6.191229e-12,3.301359e-12,5.98417e-12
0.0001638671,3.3,3.3,1.2,0.003494221,3.291001,0.004982295,1.270407e-07,1.2,1.321834e-11,3.300011,0.1552508,1.873187e-05,1.2,6.931272e-10,4.256553e-12,3.391953e-12,1.156422e-13,6.204752e-12,3.300915e-12,5.995338e-12
0.0001639671,3.3,3.3,1.2,0.003484555,3.290995,0.004985019,1.269829e-07,1.2,1.321224e-11,3.300011,0.1553511,1.876671e-05,1.2,6.944162e-10,4.273558e-12,3.39373e-12,1.156303e-13,6.218396e-12,3.301803e-12,6.006538e-12
0.0001640671,3.3,3.3,1.2,0.003474916,3.290989,0.004987742,1.269938e-07,1.2,1.321334e-11,3.300011,0.1554513,1.880168e-05,1.2,6.957098e-10,4.285099e-12,3.395062e-12,1.156691e-13,6.225884e-12,3.301359e-12,6.017732e-12
0.0001641671,3.3,3.3,1.2,0.003465303,3.290982,0.004990465,1.270165e-07,1.2,1.321582e-11,3.300011,0.1555516,1.883679e-05,1.2,6.970089e-10,4.293974e-12,3.396838e-12,1.156632e-13,6.239545e-12,3.301359e-12,6.029033e-12
0.0001642671,3.3,3.3,1.2,0.003455717,3.290976,0.004993187,1.269732e-07,1.2,1.321125e-11,3.300011,0.1556518,1.887205e-05,1.2,6.98313e-10,4.303649e-12,3.396838e-12,1.156621e-13,6.253073e-12,3.300915e-12,6.040339e-12
0.0001643671,3.3,3.3,1.2,0.003446157,3.29097,0.004995908,1.269472e-07,1.2,1.320882e-11,3.300011,0.155752,1.890747e-05,1.2,6.996233e-10,4.308819e-12,3.398171e-12,1.156702e-13,6.263629e-12,3.301359e-12,6.051699e-12
0.0001644671,3.3,3.3,1.2,0.003436624,3.290963,0.004998628,1.269375e-07,1.2,1.320772e-11,3.300011,0.1558522,1.894302e-05,1.2,7.009385e-10,4.313166e-12,3.398171e-12,1.156026e-13,6.274223e-12,3.301359e-12,6.063122e-12
0.0001645671,3.3,3.3,1.2,0.003427117,3.290957,0.005001347,1.26966e-07,1.2,1.321078e-11,3.300011,0.1559524,1.89785e-05,1.2,7.02251e-10,4.319254e-12,3.398615e-12,1.156974e-13,6.28784e-12,3.301359e-12,6.074407e-12
0.0001646671,3.3,3.3,1.2,0.003417636,3.29095,0.005004066,1.269044e-07,1.2,1.320418e-11,3.300011,0.1560527,1.901413e-05,1.2,7.035691e-10,4.322255e-12,3.398615e-12,1.156415e-13,6.298592e-12,3.300915e-12,6.085868e-12
0.0001647671,3.3,3.3,1.2,0.003408182,3.290944,0.005006783,1.269623e-07,1.2,1.321032e-11,3.300011,0.1561529,1.904956e-05,1.2,7.048796e-10,4.323923e-12,3.399503e-12,1.156746e-13,6.309118e-12,3.301359e-12,6.097037e-12
0.0001648671,3.3,3.3,1.2,0.003398753,3.290938,0.0050095,1.268654e-07,1.2,1.320041e-11,3.300011,0.156253,1.908503e-05,1.2,7.061919e-10,4.327226e-12,3.399503e-12,1.156345e-13,6.322967e-12,3.301359e-12,6.108459e-12
0.0001649671,3.3,3.3,1.2,0.003389351,3.290931,0.005012217,1.269104e-07,1.2,1.320477e-11,3.300011,0.1563532,1.912073e-05,1.2,7.075124e-10,4.327847e-12,3.399503e-12,1.156543e-13,6.333834e-12,3.301803e-12,6.119928e-12
0.0001650671,3.3,3.3,1.2,0.003379975,3.290925,0.005014932,1.268754e-07,1.2,1.320119e-11,3.300011,0.1564534,1.915661e-05,1.2,7.088399e-10,4.328742e-12,3.399947e-12,1.155785e-13,6.344273e-12,3.301359e-12,6.13146e-12
0.0001651671,3.3,3.3,1.2,0.003370624,3.290918,0.005017647,1.268397e-07,1.2,1.319759e-11,3.300011,0.1565536,1.919265e-05,1.2,7.10173e-10,4.332194e-12,3.399947e-12,1.15621e-13,6.357884e-12,3.301359e-12,6.14302e-12
0.0001652671,3.3,3.3,1.2,0.003361287,3.290912,0.005020361,1.269121e-07,1.2,1.320522e-11,3.300011,0.1566538,1.922887e-05,1.2,7.115128e-10,4.331824e-12,3.400391e-12,1.1568e-13,6.368641e-12,3.300915e-12,6.154688e-12
0.0001653671,3.3,3.3,1.2,0.003351923,3.290906,0.005023074,1.268094e-07,1.2,1.31945e-11,3.300011,0.1567539,1.926528e-05,1.2,7.1286e-10,4.332343e-12,3.400391e-12,1.155762e-13,6.382413e-12,3.301359e-12,6.166401e-12
0.0001654671,3.3,3.3,1.2,0.003342578,3.290899,0.005025786,1.268295e-07,1.2,1.319654e-11,3.300011,0.1568541,1.930189e-05,1.2,7.142143e-10,4.334586e-12,3.400391e-12,1.156008e-13,6.393029e-12,3.301359e-12,6.178158e-12
0.0001655671,3.3,3.3,1.2,0.003333338,3.290893,0.005028497,1.268996e-07,1.2,1.320392e-11,3.300011,0.1569542,1.933838e-05,1.2,7.155643e-10,4.334227e-12,3.400391e-12,1.156675e-13,6.406772e-12,3.301803e-12,6.189732e-12
0.0001656671,3.3,3.3,1.2,0.00333016,3.290887,0.00503121,1.268325e-07,1.2,1.319687e-11,3.300011,0.1570544,1.937488e-05,1.2,7.169146e-10,4.360765e-12,3.4035e-12,1.156231e-13,6.417731e-12,3.301803e-12,6.201224e-12
0.0001657671,3.3,3.3,1.2,0.003496146,3.290883,0.005033976,1.286559e-07,1.2,1.338418e-11,3.300011,0.1571545,1.941118e-05,1.2,7.182573e-10,4.878706e-12,3.458567e-12,1.178812e-13,6.431604e-12,3.301359e-12,6.212942e-12
0.0001658671,3.3,3.3,1.2,0.003655334,3.290877,0.005036677,1.255659e-07,1.2,1.306703e-11,3.300011,0.1572547,1.944772e-05,1.2,7.196089e-10,3.071258e-12,3.265832e-12,1.121095e-13,6.44229e-12,3.301803e-12,6.224672e-12
0.0001659671,3.3,3.3,1.2,0.003564929,3.290871,0.005039394,1.265191e-07,1.2,1.316479e-11,3.300011,0.1573548,1.948445e-05,1.2,7.209679e-10,2.73529e-12,3.230305e-12,1.119845e-13,6.453352e-12,3.301803e-12,6.236507e-12
0.0001660382,3.3,3.3,1.2,0.003557699,3.290866,0.005041323,1.266713e-07,1.2,1.318032e-11,3.300011,0.1574261,1.951069e-05,1.2,7.219384e-10,2.644875e-12,3.220535e-12,1.118944e-13,6.464089e-12,3.301359e-12,6.244919e-12
0.0001660942,3.3,3.3,1.2,0.003552182,3.290863,0.005042838,1.26759e-07,1.2,1.31895e-11,3.300011,0.1574821,1.953154e-05,1.2,7.2271e-10,2.681073e-12,3.224088e-12,1.12001e-13,6.468835e-12,3.301803e-12,6.251717e-12
0.0001661511,3.3,3.3,1.2,0.003546582,3.290859,0.00504438,1.267443e-07,1.2,1.318801e-11,3.300011,0.1575391,1.955277e-05,1.2,7.234955e-10,2.741477e-12,3.230749e-12,1.1213e-13,6.478032e-12,3.301359e-12,6.25845e-12
0.0001662303,3.3,3.3,1.2,0.003538817,3.290854,0.005046521,1.268065e-07,1.2,1.319433e-11,3.300011,0.1576183,1.958221e-05,1.2,7.245843e-10,2.777375e-12,3.234746e-12,1.122629e-13,6.486883e-12,3.301359e-12,6.267927e-12
0.0001663303,3.3,3.3,1.2,0.003529027,3.290848,0.005049226,1.266341e-07,1.2,1.31766e-11,3.30001,0.1577184,1.961942e-05,1.2,7.259607e-10,2.798318e-12,3.236966e-12,1.121697e-13,6.499347e-12,3.301359e-12,6.279744e-12
0.0001664303,3.3,3.3,1.2,0.003519264,3.290841,0.00505193,1.26665e-07,1.2,1.31797e-11,3.30001,0.1578185,1.965675e-05,1.2,7.273419e-10,2.817997e-12,3.238743e-12,1.122073e-13,6.513264e-12,3.301359e-12,6.291774e-12
0.0001665303,3.3,3.3,1.2,0.003509528,3.290835,0.005054634,1.266687e-07,1.2,1.31801e-11,3.30001,0.1579186,1.969425e-05,1.2,7.28729e-10,2.830488e-12,3.240075e-12,1.122516e-13,6.524312e-12,3.301359e-12,6.303681e-12
0.0001666303,3.3,3.3,1.2,0.003499819,3.290828,0.005057337,1.266082e-07,1.2,1.317389e-11,3.30001,0.1580187,1.97317e-05,1.2,7.301143e-10,2.839375e-12,3.240519e-12,1.122104e-13,6.535185e-12,3.301803e-12,6.315735e-12
0.0001667303,3.3,3.3,1.2,0.003490137,3.290822,0.005060039,1.266033e-07,1.2,1.317337e-11,3.30001,0.1581188,1.976889e-05,1.2,7.314902e-10,2.84843e-12,3.241851e-12,1.121979e-13,6.549038e-12,3.301359e-12,6.327477e-12
0.0001668303,3.3,3.3,1.2,0.003480482,3.290816,0.005062741,1.266877e-07,1.2,1.318207e-11,3.30001,0.1582189,1.980652e-05,1.2,7.328824e-10,2.852021e-12,3.241851e-12,1.123418e-13,6.560187e-12,3.301359e-12,6.339559e-12
0.0001669303,3.3,3.3,1.2,0.003470854,3.290809,0.005065441,1.265921e-07,1.2,1.317219e-11,3.30001,0.158319,1.984409e-05,1.2,7.342723e-10,2.854084e-12,3.242739e-12,1.12216e-13,6.571007e-12,3.301359e-12,6.351684e-12
0.0001670303,3.3,3.3,1.2,0.003461252,3.290803,0.005068141,1.266058e-07,1.2,1.317366e-11,3.30001,0.158419,1.988188e-05,1.2,7.356703e-10,2.857789e-12,3.243183e-12,1.122481e-13,6.585096e-12,3.300915e-12,6.363841e-12
0.0001671303,3.3,3.3,1.2,0.003451676,3.290796,0.00507084,1.267188e-07,1.2,1.318518e-11,3.30001,0.1585191,1.991988e-05,1.2,7.370759e-10,2.857311e-12,3.242739e-12,1.123618e-13,6.598742e-12,3.301359e-12,6.376046e-12
0.0001672303,3.3,3.3,1.2,0.003442128,3.29079,0.005073538,1.266277e-07,1.2,1.317586e-11,3.30001,0.1586192,1.995804e-05,1.2,7.384876e-10,2.855714e-12,3.243183e-12,1.122688e-13,6.610065e-12,3.301359e-12,6.388296e-12
0.0001673303,3.3,3.3,1.2,0.003432605,3.290784,0.005076236,1.266026e-07,1.2,1.317325e-11,3.30001,0.1587192,1.999635e-05,1.2,7.399049e-10,2.856284e-12,3.242739e-12,1.12194e-13,6.621314e-12,3.301803e-12,6.400604e-12
0.0001674303,3.3,3.3,1.2,0.003423109,3.290777,0.005078933,1.266184e-07,1.2,1.317496e-11,3.30001,0.1588192,2.003487e-05,1.2,7.413296e-10,2.853201e-12,3.242295e-12,1.122404e-13,6.638366e-12,3.301359e-12,6.413003e-12
0.0001675303,3.3,3.3,1.2,0.003413639,3.290771,0.005081629,1.266094e-07,1.2,1.317401e-11,3.30001,0.1589193,2.007348e-05,1.2,7.427583e-10,2.849856e-12,3.242739e-12,1.122329e-13,6.649408e-12,3.301359e-12,6.425262e-12
0.0001676303,3.3,3.3,1.2,0.003404195,3.290764,0.005084324,1.265593e-07,1.2,1.316884e-11,3.30001,0.1590193,2.01121e-05,1.2,7.441866e-10,2.849338e-12,3.241851e-12,1.121365e-13,6.663456e-12,3.301359e-12,6.437687e-12
0.0001677303,3.3,3.3,1.2,0.003394778,3.290758,0.005087018,1.266528e-07,1.2,1.317849e-11,3.30001,0.1591194,2.015049e-05,1.2,7.456068e-10,2.845186e-12,3.241407e-12,1.122707e-13,6.674705e-12,3.300915e-12,6.449801e-12
0.0001678303,3.3,3.3,1.2,0.003385386,3.290752,0.005089712,1.264797e-07,1.2,1.316072e-11,3.30001,0.1592194,2.018895e-05,1.2,7.470297e-10,2.840668e-12,3.240963e-12,1.1207e-13,6.688488e-12,3.301359e-12,6.462171e-12
0.0001679303,3.3,3.3,1.2,0.00337602,3.290745,0.005092405,1.264709e-07,1.2,1.315989e-11,3.30001,0.1593194,2.022765e-05,1.2,7.484613e-10,2.839024e-12,3.240519e-12,1.120732e-13,6.699702e-12,3.300915e-12,6.47461e-12
0.0001680303,3.3,3.3,1.2,0.003366678,3.290739,0.005095097,1.265356e-07,1.2,1.316647e-11,3.30001,0.1594194,2.026659e-05,1.2,7.499019e-10,2.834763e-12,3.240963e-12,1.12123e-13,6.713648e-12,3.300915e-12,6.487164e-12
0.0001681303,3.3,3.3,1.2,0.003357331,3.290733,0.005097788,1.265791e-07,1.2,1.31709e-11,3.30001,0.1595194,2.030566e-05,1.2,7.51347e-10,2.831755e-12,3.240075e-12,1.121554e-13,6.724942e-12,3.301359e-12,6.499675e-12
0.0001682303,3.3,3.3,1.2,0.003347969,3.290726,0.005100479,1.265212e-07,1.2,1.316501e-11,3.30001,0.1596194,2.034496e-05,1.2,7.528011e-10,2.827222e-12,3.240519e-12,1.12105e-13,6.739026e-12,3.301803e-12,6.512313e-12
0.0001683303,3.3,3.3,1.2,0.00333864,3.29072,0.005103168,1.265231e-07,1.2,1.316516e-11,3.30001,0.1597194,2.038436e-05,1.2,7.542586e-10,2.823329e-12,3.239187e-12,1.120674e-13,6.750173e-12,3.301359e-12,6.52485e-12
0.0001684303,3.3,3.3,1.2,0.003329895,3.290713,0.005105858,1.265148e-07,1.2,1.316437e-11,3.30001,0.1598194,2.042371e-05,1.2,7.557144e-10,2.824221e-12,3.238743e-12,1.120754e-13,6.767245e-12,3.301359e-12,6.537491e-12
0.0001685303,3.3,3.3,1.2,0.003351451,3.290708,0.005108556,1.268363e-07,1.2,1.319729e-11,3.30001,0.1599194,2.046329e-05,1.2,7.571787e-10,2.937022e-12,3.251177e-12,1.124781e-13,6.781685e-12,3.301359e-12,6.550212e-12
0.0001686303,3.3,3.3,1.2,0.003700138,3.290707,0.005111343,1.294488e-07,1.2,1.346558e-11,3.30001,0.1600193,2.05031e-05,1.2,7.586514e-10,3.277561e-12,3.287592e-12,1.148693e-13,6.793072e-12,3.300471e-12,6.563046e-12
0.0001687303,3.3,3.3,1.2,0.003573177,3.290697,0.005113977,1.259638e-07,1.2,1.310755e-11,3.30001,0.1601193,2.054262e-05,1.2,7.601131e-10,3.946231e-12,3.359535e-12,1.140384e-13,6.804289e-12,3.301359e-12,6.575446e-12
0.0001688199,3.3,3.3,1.2,0.003562454,3.290692,0.005116388,1.261566e-07,1.2,1.312748e-11,3.30001,0.160209,2.057815e-05,1.2,7.614274e-10,3.734675e-12,3.335998e-12,1.137289e-13,6.818487e-12,3.301359e-12,6.587006e-12
0.0001688857,3.3,3.3,1.2,0.00355596,3.290688,0.005118154,1.263244e-07,1.2,1.314484e-11,3.30001,0.1602747,2.060432e-05,1.2,7.623958e-10,3.608995e-12,3.322675e-12,1.135629e-13,6.82638e-12,3.301359e-12,6.595394e-12
0.0001689401,3.3,3.3,1.2,0.003550598,3.290684,0.005119615,1.263999e-07,1.2,1.315255e-11,3.30001,0.1603291,2.062608e-05,1.2,7.632008e-10,3.547491e-12,3.316458e-12,1.13484e-13,6.832295e-12,3.300915e-12,6.602407e-12
0.0001689982,3.3,3.3,1.2,0.003544884,3.29068,0.005121176,1.264078e-07,1.2,1.315337e-11,3.300009,0.1603872,2.064936e-05,1.2,7.64062e-10,3.521417e-12,3.31335e-12,1.134567e-13,6.839894e-12,3.301359e-12,6.609755e-12
0.0001690939,3.3,3.3,1.2,0.003535503,3.290674,0.005123743,1.263543e-07,1.2,1.314786e-11,3.300009,0.1604828,2.068773e-05,1.2,7.654812e-10,3.510842e-12,3.312017e-12,1.133676e-13,6.85382e-12,3.300915e-12,6.622153e-12
0.0001691939,3.3,3.3,1.2,0.003525722,3.290668,0.005126426,1.263812e-07,1.2,1.315066e-11,3.300009,0.1605827,2.072791e-05,1.2,7.66968e-10,3.505104e-12,3.311573e-12,1.133981e-13,6.865127e-12,3.301803e-12,6.63494e-12
0.0001692939,3.3,3.3,1.2,0.003515969,3.290662,0.005129109,1.263075e-07,1.2,1.31431e-11,3.300009,0.1606827,2.076826e-05,1.2,7.684603e-10,3.49809e-12,3.311573e-12,1.13308e-13,6.876624e-12,3.301803e-12,6.647906e-12
0.0001693939,3.3,3.3,1.2,0.003506242,3.290655,0.00513179,1.262598e-07,1.2,1.313826e-11,3.300009,0.1607826,2.08088e-05,1.2,7.699603e-10,3.495422e-12,3.310685e-12,1.132532e-13,6.891035e-12,3.301359e-12,6.660958e-12
0.0001694939,3.3,3.3,1.2,0.003496543,3.290649,0.005134471,1.262611e-07,1.2,1.31382e-11,3.300009,0.1608825,2.08495e-05,1.2,7.714657e-10,3.490878e-12,3.310685e-12,1.132746e-13,6.905255e-12,3.301359e-12,6.673916e-12
0.0001695939,3.3,3.3,1.2,0.00348687,3.290642,0.00513715,1.263532e-07,1.2,1.314777e-11,3.300009,0.1609824,2.089021e-05,1.2,7.729716e-10,3.489144e-12,3.310241e-12,1.133297e-13,6.919857e-12,3.300915e-12,6.687003e-12
0.0001696939,3.3,3.3,1.2,0.003477224,3.290636,0.00513983,1.263722e-07,1.2,1.314971e-11,3.300009,0.1610824,2.09309e-05,1.2,7.744772e-10,3.486216e-12,3.309797e-12,1.133175e-13,6.931221e-12,3.301359e-12,6.699965e-12
0.0001697939,3.3,3.3,1.2,0.003467605,3.29063,0.005142508,1.262996e-07,1.2,1.314235e-11,3.300009,0.1611823,2.097176e-05,1.2,7.759887e-10,3.483409e-12,3.309797e-12,1.13275e-13,6.942578e-12,3.301359e-12,6.713127e-12
0.0001698939,3.3,3.3,1.2,0.003458013,3.290623,0.005145185,1.263547e-07,1.2,1.314796e-11,3.300009,0.1612822,2.101267e-05,1.2,7.775021e-10,3.483622e-12,3.309797e-12,1.133439e-13,6.956735e-12,3.301359e-12,6.726179e-12
0.0001699719,3.3,3.3,1.2,0.003450543,3.290618,0.005147275,1.263047e-07,1.2,1.314284e-11,3.300009,0.1613601,2.104473e-05,1.2,7.786882e-10,3.481176e-12,3.309353e-12,1.132846e-13,6.96809e-12,3.301359e-12,6.736443e-12
0.00017,3.3,3.3,1.2,0.003447843,3.290617,0.005148026,1.263177e-07,1.2,1.31439e-11,3.300009,0.1613882,2.105626e-05,1.2,7.791147e-10,2.258639e-12,3.178791e-12,1.106773e-13,6.973718e-12,3.301359e-12,6.740167e-12
