time,v(vin),v(en),v(vref),v(vout),v(xdut.xilimit.pb),v(xdut.xilimit.vg),v(xdut.xilimit.vx),v(xdut.xilimit.vsu),v(xdut.xilimit.bb),v(xdut.xsoftstart.pb_ss),v(xdut.xsoftstart.vg_ss),v(xdut.xsoftstart.vx_ss),v(xdut.xsoftstart.vsu_ss),v(xdut.xsoftstart.bb),i(v.xdut.xilimit.vacq_cv),i(v.xdut.xilimit.vacq_st),i(v.xdut.xilimit.vacq_rb),i(v.xdut.xsoftstart.vacq_cv),i(v.xdut.xsoftstart.vacq_st),i(v.xdut.xsoftstart.vacq_rb)
0,2.97,2.97,1.2,0.004398138,2.97,2.987511e-11,5.219026e-13,1.2,1.767727e-13,2.97,1.493727e-09,5.219046e-13,1.2,1.767488e-13,3.022954e-12,2.971401e-12,3.059867e-19,3.022915e-12,2.970957e-12,1.102043e-19
2e-10,2.97,2.97,1.2,0.004398138,2.97,2.98751e-11,5.243881e-13,1.2,1.767641e-13,2.97,1.493727e-09,5.244423e-13,1.2,1.767437e-13,3.022696e-12,2.970957e-12,3.714974e-19,3.02376e-12,2.970957e-12,3.572018e-19
8e-10,2.97,2.97,1.2,0.004398138,2.97,2.987516e-11,5.242403e-13,1.2,1.767737e-13,2.97,1.493727e-09,5.199944e-13,1.2,1.767513e-13,3.024043e-12,2.970957e-12,4.105558e-19,3.023355e-12,2.970957e-12,-1.673752e-19
3.2e-09,2.97,2.97,1.2,0.004398138,2.97,2.987509e-11,5.240464e-13,1.2,1.767705e-13,2.97,1.493727e-09,5.235869e-13,1.2,1.767436e-13,3.023873e-12,2.970957e-12,4.993389e-19,3.023782e-12,2.971401e-12,-2.084404e-19
1.28e-08,2.97,2.97,1.2,0.004398138,2.97,2.987513e-11,5.235363e-13,1.2,1.767708e-13,2.97,1.493727e-09,5.223812e-13,1.2,1.767448e-13,3.021887e-12,2.970957e-12,5.053492e-19,3.021816e-12,2.970957e-12,-1.448015e-19
5.12e-08,2.97,2.97,1.2,0.004398138,2.97,2.987516e-11,5.232326e-13,1.2,1.767713e-13,2.97,1.493727e-09,5.254703e-13,1.2,1.767454e-13,3.023966e-12,2.970957e-12,5.040776e-19,3.024084e-12,2.970957e-12,-1.167051e-19
1.512e-07,2.97,2.97,1.2,0.004398138,2.97,2.987517e-11,5.240241e-13,1.2,1.767716e-13,2.97,1.493727e-09,5.227722e-13,1.2,1.767454e-13,3.021737e-12,2.971401e-12,5.048964e-19,3.021695e-12,2.971401e-12,-1.107628e-19
2.512e-07,2.97,2.97,1.2,0.004398138,2.97,2.987518e-11,5.225573e-13,1.2,1.767713e-13,2.97,1.493727e-09,5.227525e-13,1.2,1.767455e-13,3.021737e-12,2.970957e-12,5.056762e-19,3.021695e-12,2.970957e-12,-1.090993e-19
3.512e-07,2.97,2.97,1.2,0.004398138,2.97,2.987519e-11,5.225539e-13,1.2,1.767713e-13,2.97,1.493727e-09,5.228536e-13,1.2,1.767456e-13,3.021738e-12,2.970957e-12,5.065131e-19,3.02175e-12,2.970957e-12,-1.071811e-19
4.512e-07,2.97,2.97,1.2,0.004398138,2.97,2.987517e-11,5.226425e-13,1.2,1.767714e-13,2.97,1.493727e-09,5.231996e-13,1.2,1.767456e-13,3.021739e-12,2.970957e-12,5.070729e-19,3.021695e-12,2.971401e-12,-1.065085e-19
5.512e-07,2.97,2.97,1.2,0.004398138,2.97,2.987521e-11,5.230157e-13,1.2,1.767714e-13,2.97,1.493727e-09,5.236405e-13,1.2,1.767456e-13,3.02174e-12,2.970957e-12,5.080564e-19,3.02175e-12,2.971401e-12,-1.052014e-19
6.512e-07,2.97,2.97,1.2,0.004398138,2.97,2.987522e-11,5.230805e-13,1.2,1.767714e-13,2.97,1.493727e-09,5.237744e-13,1.2,1.767456e-13,3.021739e-12,2.970957e-12,5.085746e-19,3.02175e-12,2.971401e-12,-1.040522e-19
7.512e-07,2.97,2.97,1.2,0.004398138,2.97,2.987522e-11,5.220224e-13,1.2,1.767713e-13,2.97,1.493727e-09,5.215526e-13,1.2,1.767456e-13,3.021738e-12,2.971401e-12,5.082751e-19,3.02175e-12,2.970957e-12,-1.068388e-19
8.512e-07,2.97,2.97,1.2,0.004398138,2.97,2.987522e-11,5.23425e-13,1.2,1.767714e-13,2.97,1.493727e-09,5.215768e-13,1.2,1.767455e-13,3.021736e-12,2.971401e-12,5.107901e-19,3.02175e-12,2.970957e-12,-1.135849e-19
9.512e-07,2.97,2.97,1.2,0.004398138,2.97,2.987522e-11,5.226133e-13,1.2,1.767714e-13,2.97,1.493727e-09,5.236192e-13,1.2,1.767456e-13,3.021736e-12,2.970957e-12,5.116834e-19,3.02175e-12,2.970957e-12,-1.081904e-19
1.0512e-06,2.97,2.97,1.2,0.004398138,2.97,2.987522e-11,5.224603e-13,1.2,1.767713e-13,2.97,1.493727e-09,5.214139e-13,1.2,1.767455e-13,3.021737e-12,2.970957e-12,5.118959e-19,3.021695e-12,2.970957e-12,-1.037493e-19
1.1512e-06,2.97,2.97,1.2,0.004398138,2.97,2.987523e-11,5.21944e-13,1.2,1.767713e-13,2.97,1.493727e-09,5.213439e-13,1.2,1.767455e-13,3.021739e-12,2.970957e-12,5.115458e-19,3.021695e-12,2.970957e-12,-1.106384e-19
1.2512e-06,2.97,2.97,1.2,0.004398138,2.97,2.987523e-11,5.218163e-13,1.2,1.767713e-13,2.97,1.493727e-09,5.2144e-13,1.2,1.767456e-13,3.021741e-12,2.970957e-12,5.113538e-19,3.02175e-12,2.971401e-12,-1.100243e-19
1.3512e-06,2.97,2.97,1.2,0.004398138,2.97,2.987523e-11,5.219754e-13,1.2,1.767713e-13,2.97,1.493727e-09,5.215499e-13,1.2,1.767456e-13,3.021742e-12,2.971401e-12,5.111676e-19,3.021695e-12,2.970957e-12,-1.166121e-19
1.4512e-06,2.97,2.97,1.2,0.004398138,2.97,2.987523e-11,5.220538e-13,1.2,1.767713e-13,2.97,1.493727e-09,5.216286e-13,1.2,1.767456e-13,3.021742e-12,2.970957e-12,5.108514e-19,3.02175e-12,2.970957e-12,-1.164379e-19
1.5512e-06,2.97,2.97,1.2,0.004398138,2.97,2.987523e-11,5.22385e-13,1.2,1.767714e-13,2.97,1.493727e-09,5.235187e-13,1.2,1.767457e-13,3.02174e-12,2.970957e-12,5.113462e-19,3.02175e-12,2.970957e-12,-1.11365e-19
1.6512e-06,2.97,2.97,1.2,0.004398138,2.97,2.987523e-11,5.224458e-13,1.2,1.767714e-13,2.97,1.493727e-09,5.214368e-13,1.2,1.767456e-13,3.021738e-12,2.970957e-12,5.118644e-19,3.02175e-12,2.970957e-12,-1.070693e-19
1.7512e-06,2.97,2.97,1.2,0.004398138,2.97,2.987522e-11,5.227128e-13,1.2,1.767714e-13,2.97,1.493727e-09,5.214407e-13,1.2,1.767456e-13,3.021736e-12,2.971401e-12,5.12683e-19,3.021695e-12,2.970957e-12,-1.138439e-19
1.8512e-06,2.97,2.97,1.2,0.004398138,2.97,2.987522e-11,5.231063e-13,1.2,1.767715e-13,2.97,1.493727e-09,5.212108e-13,1.2,1.767456e-13,3.021735e-12,2.971401e-12,5.137039e-19,3.021695e-12,2.970957e-12,-1.139042e-19
1.9512e-06,2.97,2.97,1.2,0.004398138,2.97,2.987522e-11,5.230455e-13,1.2,1.767714e-13,2.97,1.493727e-09,5.23551e-13,1.2,1.767457e-13,3.021736e-12,2.970957e-12,5.144607e-19,3.02175e-12,2.971401e-12,-1.087581e-19
2.0512e-06,2.97,2.97,1.2,0.004398138,2.97,2.987522e-11,5.238089e-13,1.2,1.767715e-13,2.97,1.493727e-09,5.215755e-13,1.2,1.767457e-13,3.02174e-12,2.971401e-12,5.15171e-19,3.021695e-12,2.970957e-12,-1.051169e-19
2.1512e-06,2.97,2.97,1.2,0.004398138,2.97,2.987523e-11,5.232291e-13,1.2,1.767715e-13,2.97,1.493727e-09,5.236623e-13,1.2,1.767458e-13,3.021744e-12,2.970957e-12,5.155858e-19,3.02175e-12,2.971401e-12,-9.920683e-20
2.2512e-06,2.97,2.97,1.2,0.004398138,2.97,2.987522e-11,5.23833e-13,1.2,1.767715e-13,2.97,1.493727e-09,5.215412e-13,1.2,1.767457e-13,3.021745e-12,2.971401e-12,5.160509e-19,3.02175e-12,2.970957e-12,-9.502201e-20
2.3512e-06,2.97,2.97,1.2,0.004398138,2.97,2.987522e-11,5.241504e-13,1.2,1.767716e-13,2.97,1.493727e-09,5.235894e-13,1.2,1.767458e-13,3.021743e-12,2.971401e-12,5.165116e-19,3.02175e-12,2.971401e-12,-8.963192e-20
2.4512e-06,2.97,2.97,1.2,0.004398138,2.97,2.987523e-11,5.228913e-13,1.2,1.767714e-13,2.97,1.493727e-09,5.216525e-13,1.2,1.767458e-13,3.021739e-12,2.971401e-12,5.150583e-19,3.02175e-12,2.970957e-12,-8.588553e-20
2.5512e-06,2.97,2.97,1.2,0.004398138,2.97,2.987523e-11,5.230822e-13,1.2,1.767715e-13,2.97,1.493727e-09,5.212819e-13,1.2,1.767458e-13,3.021732e-12,2.971401e-12,5.153518e-19,3.02175e-12,2.970957e-12,-8.57933e-20
2.6512e-06,2.97,2.97,1.2,0.004398138,2.97,2.987522e-11,5.238837e-13,1.2,1.767715e-13,2.97,1.493727e-09,5.211293e-13,1.2,1.767457e-13,3.021729e-12,2.971401e-12,5.161303e-19,3.021695e-12,2.970957e-12,-9.28697e-20
2.7512e-06,2.97,2.97,1.2,0.004398138,2.97,2.987523e-11,5.229648e-13,1.2,1.767714e-13,2.97,1.493727e-09,5.234195e-13,1.2,1.767458e-13,3.02173e-12,2.971401e-12,5.156022e-19,3.02175e-12,2.970957e-12,-8.869369e-20
2.8512e-06,2.97,2.97,1.2,0.004398138,2.97,2.987523e-11,5.23235e-13,1.2,1.767715e-13,2.97,1.493727e-09,5.212545e-13,1.2,1.767457e-13,3.021735e-12,2.971401e-12,5.155815e-19,3.021695e-12,2.971401e-12,-8.543103e-20
2.9512e-06,2.97,2.97,1.2,0.004398138,2.97,2.987523e-11,5.235972e-13,1.2,1.767715e-13,2.97,1.493727e-09,5.2143e-13,1.2,1.767458e-13,3.021743e-12,2.971401e-12,5.161206e-19,3.021695e-12,2.970957e-12,-9.268701e-20
3.0512e-06,2.97,2.97,1.2,0.004398138,2.97,2.987522e-11,5.247215e-13,1.2,1.767716e-13,2.97,1.493727e-09,5.214341e-13,1.2,1.767458e-13,3.021747e-12,2.971401e-12,5.169611e-19,3.02175e-12,2.970957e-12,-9.31112e-20
3.1512e-06,2.97,2.97,1.2,0.004398138,2.97,2.987522e-11,5.243625e-13,1.2,1.767716e-13,2.97,1.493727e-09,5.236371e-13,1.2,1.767459e-13,3.021746e-12,2.971401e-12,5.181206e-19,3.02175e-12,2.971401e-12,-8.824809e-20
3.2512e-06,2.97,2.97,1.2,0.004398138,2.97,2.987523e-11,5.226452e-13,1.2,1.767714e-13,2.97,1.493727e-09,5.21488e-13,1.2,1.767458e-13,3.021738e-12,2.971401e-12,5.159644e-19,3.021695e-12,2.971401e-12,-8.452715e-20
3.3512e-06,2.97,2.97,1.2,0.004398138,2.97,2.987523e-11,5.224623e-13,1.2,1.767714e-13,2.97,1.493727e-09,5.21632e-13,1.2,1.767458e-13,3.021727e-12,2.971401e-12,5.161277e-19,3.021695e-12,2.971401e-12,-9.144151e-20
3.4512e-06,2.97,2.97,1.2,0.004398138,2.97,2.987523e-11,5.223387e-13,1.2,1.767714e-13,2.97,1.493727e-09,5.212428e-13,1.2,1.767458e-13,3.021719e-12,2.971401e-12,5.159444e-19,3.021695e-12,2.970957e-12,-9.137579e-20
3.5512e-06,2.97,2.97,1.2,0.004398138,2.97,2.987523e-11,5.217075e-13,1.2,1.767713e-13,2.97,1.493727e-09,5.237332e-13,1.2,1.767459e-13,3.021721e-12,2.971401e-12,5.149949e-19,3.02175e-12,2.971401e-12,-8.636884e-20
3.6512e-06,2.97,2.97,1.2,0.004398138,2.97,2.987523e-11,5.226762e-13,1.2,1.767714e-13,2.97,1.493727e-09,5.214522e-13,1.2,1.767458e-13,3.02173e-12,2.971401e-12,5.160119e-19,3.02175e-12,2.970957e-12,-8.248602e-20
3.7512e-06,2.97,2.97,1.2,0.004398138,2.97,2.987523e-11,5.220587e-13,1.2,1.767713e-13,2.97,1.493727e-09,5.235944e-13,1.2,1.767459e-13,3.021746e-12,2.971401e-12,5.159516e-19,3.02175e-12,2.970957e-12,-7.734809e-20
3.8512e-06,2.97,2.97,1.2,0.004398138,2.97,2.987523e-11,5.222361e-13,1.2,1.767714e-13,2.97,1.493727e-09,5.213677e-13,1.2,1.767459e-13,3.021703e-12,2.971401e-12,5.157826e-19,3.021695e-12,2.970957e-12,-7.334432e-20
3.9512e-06,2.97,2.97,1.2,0.004398139,2.97,2.987523e-11,5.222943e-13,1.2,1.767714e-13,2.97,1.493727e-09,5.213915e-13,1.2,1.767459e-13,3.021703e-12,2.971401e-12,5.162885e-19,3.02175e-12,2.970957e-12,-8.093545e-20
4.0512e-06,2.97,2.97,1.2,0.004398138,2.97,2.987523e-11,5.223202e-13,1.2,1.767714e-13,2.97,1.493727e-09,5.212482e-13,1.2,1.767459e-13,3.021744e-12,2.971401e-12,5.163348e-19,3.021695e-12,2.970957e-12,-8.160023e-20
4.1512e-06,2.97,2.97,1.2,0.004398138,2.97,2.987523e-11,5.224959e-13,1.2,1.767714e-13,2.97,1.493727e-09,5.23769e-13,1.2,1.76746e-13,3.021721e-12,2.970957e-12,5.165938e-19,3.02175e-12,2.971401e-12,-7.654732e-20
4.2512e-06,2.97,2.97,1.2,0.004398137,2.97,2.987522e-11,5.228959e-13,1.2,1.767714e-13,2.97,1.493727e-09,5.21459e-13,1.2,1.76746e-13,3.021757e-12,2.971401e-12,5.167717e-19,3.02175e-12,2.970957e-12,-7.186387e-20
4.3512e-06,2.97,2.97,1.2,0.004398137,2.97,2.987522e-11,5.235984e-13,1.2,1.767715e-13,2.97,1.493727e-09,5.213962e-13,1.2,1.767459e-13,3.021756e-12,2.971401e-12,5.178227e-19,3.02175e-12,2.970957e-12,-7.962738e-20
4.4512e-06,2.97,2.97,1.2,0.004398138,2.97,2.987523e-11,5.219922e-13,1.2,1.767713e-13,2.97,1.493727e-09,5.214032e-13,1.2,1.767459e-13,3.021721e-12,2.971401e-12,5.154198e-19,3.021695e-12,2.970957e-12,-8.044797e-20
4.5512e-06,2.97,2.97,1.2,0.004398138,2.97,2.987523e-11,5.222213e-13,1.2,1.767714e-13,2.97,1.493727e-09,5.237457e-13,1.2,1.767461e-13,3.021754e-12,2.970957e-12,5.157611e-19,3.02175e-12,2.970957e-12,-7.4483e-20
4.6512e-06,2.97,2.97,1.2,0.004398139,2.97,2.987523e-11,5.221933e-13,1.2,1.767714e-13,2.97,1.493727e-09,5.215575e-13,1.2,1.76746e-13,3.021782e-12,2.970957e-12,5.157188e-19,3.021695e-12,2.971401e-12,-7.124353e-20
4.7512e-06,2.97,2.97,1.2,0.004398139,2.97,2.987523e-11,5.219932e-13,1.2,1.767713e-13,2.97,1.493727e-09,5.212401e-13,1.2,1.76746e-13,3.021732e-12,2.971401e-12,5.158286e-19,3.02175e-12,2.971401e-12,-7.061002e-20
4.8512e-06,2.97,2.97,1.2,0.004398139,2.97,2.987522e-11,5.223186e-13,1.2,1.767714e-13,2.97,1.493727e-09,5.21102e-13,1.2,1.76746e-13,3.021761e-12,2.970957e-12,5.167487e-19,3.021695e-12,2.971401e-12,-7.81127e-20
4.9512e-06,2.97,2.97,1.2,0.004398138,2.97,2.987523e-11,5.219578e-13,1.2,1.767713e-13,2.97,1.493727e-09,5.236707e-13,1.2,1.767461e-13,3.021713e-12,2.971401e-12,5.162167e-19,3.021695e-12,2.970957e-12,-7.294904e-20
5.0512e-06,2.97,2.97,1.2,0.004398137,2.97,2.987522e-11,5.221013e-13,1.2,1.767713e-13,2.97,1.493727e-09,5.215562e-13,1.2,1.76746e-13,3.021724e-12,2.971401e-12,5.168565e-19,3.021695e-12,2.970957e-12,-6.914801e-20
5.1512e-06,2.97,2.97,1.2,0.004398136,2.97,2.987522e-11,5.219809e-13,1.2,1.767713e-13,2.97,1.493727e-09,5.235752e-13,1.2,1.76746e-13,3.021767e-12,2.970957e-12,5.16242e-19,3.02175e-12,2.970957e-12,-6.467323e-20
5.2512e-06,2.97,2.97,1.2,0.004398137,2.97,2.987522e-11,5.225037e-13,1.2,1.767714e-13,2.97,1.493727e-09,5.213482e-13,1.2,1.76746e-13,3.021747e-12,2.970957e-12,5.170309e-19,3.021695e-12,2.970957e-12,-6.110377e-20
5.3512e-06,2.97,2.97,1.2,0.004398138,2.97,2.987522e-11,5.226835e-13,1.2,1.767714e-13,2.97,1.493727e-09,5.215174e-13,1.2,1.76746e-13,3.021761e-12,2.970957e-12,5.172938e-19,3.021695e-12,2.970957e-12,-6.879782e-20
5.4512e-06,2.97,2.97,1.2,0.00439814,2.97,2.987522e-11,5.228482e-13,1.2,1.767714e-13,2.97,1.493727e-09,5.213011e-13,1.2,1.76746e-13,3.021773e-12,2.970957e-12,5.175412e-19,3.021695e-12,2.970957e-12,-6.924472e-20
5.5512e-06,2.97,2.97,1.2,0.00439814,2.97,2.987522e-11,5.232875e-13,1.2,1.767715e-13,2.97,1.493727e-09,5.213428e-13,1.2,1.76746e-13,3.02174e-12,2.970957e-12,5.182024e-19,3.02175e-12,2.970957e-12,-6.958203e-20
5.6512e-06,2.97,2.97,1.2,0.00439814,2.97,2.987522e-11,5.231892e-13,1.2,1.767715e-13,2.97,1.493727e-09,5.211698e-13,1.2,1.76746e-13,3.02175e-12,2.970957e-12,5.180533e-19,3.021695e-12,2.970957e-12,-7.798469e-20
5.7512e-06,2.97,2.97,1.2,0.004398138,2.97,2.987522e-11,5.231617e-13,1.2,1.767715e-13,2.97,1.493727e-09,5.237393e-13,1.2,1.767461e-13,3.021762e-12,2.971401e-12,5.184464e-19,3.02175e-12,2.970957e-12,-7.365757e-20
5.8512e-06,2.97,2.97,1.2,0.004398136,2.97,2.987523e-11,5.221331e-13,1.2,1.767714e-13,2.97,1.493727e-09,5.214869e-13,1.2,1.76746e-13,3.02177e-12,2.970957e-12,5.181632e-19,3.021695e-12,2.970957e-12,-7.098106e-20
5.9512e-06,2.97,2.97,1.2,0.004398135,2.97,2.987522e-11,5.225914e-13,1.2,1.767714e-13,2.97,1.493727e-09,5.212367e-13,1.2,1.76746e-13,3.021784e-12,2.970957e-12,5.188469e-19,3.02175e-12,2.971401e-12,-7.104724e-20
6.0512e-06,2.97,2.97,1.2,0.004398135,2.97,2.987522e-11,5.224253e-13,1.2,1.767714e-13,2.97,1.493727e-09,5.233911e-13,1.2,1.76746e-13,3.021787e-12,2.970957e-12,5.186095e-19,3.02175e-12,2.971401e-12,-6.758805e-20
6.1512e-06,2.97,2.97,1.2,0.004398138,2.97,2.987522e-11,5.228458e-13,1.2,1.767715e-13,2.97,1.493727e-09,5.211655e-13,1.2,1.76746e-13,3.021763e-12,2.970957e-12,5.188052e-19,3.021695e-12,2.970957e-12,-6.442004e-20
6.2512e-06,2.97,2.97,1.2,0.004398141,2.97,2.987522e-11,5.231581e-13,1.2,1.767715e-13,2.97,1.493727e-09,5.213499e-13,1.2,1.76746e-13,3.021751e-12,2.970957e-12,5.192791e-19,3.021695e-12,2.970957e-12,-7.251073e-20
6.3512e-06,2.97,2.97,1.2,0.004398143,2.97,2.987522e-11,5.222327e-13,1.2,1.767715e-13,2.97,1.493727e-09,5.213289e-13,1.2,1.76746e-13,3.021712e-12,2.971401e-12,5.183219e-19,3.02175e-12,2.970957e-12,-7.341269e-20
6.4512e-06,2.97,2.97,1.2,0.004398142,2.97,2.987522e-11,5.227234e-13,1.2,1.767715e-13,2.97,1.493727e-09,5.215061e-13,1.2,1.76746e-13,3.021751e-12,2.970957e-12,5.186251e-19,3.021695e-12,2.970957e-12,-8.110203e-20
6.5512e-06,2.97,2.97,1.2,0.004398138,2.97,2.987522e-11,5.230656e-13,1.2,1.767716e-13,2.97,1.493727e-09,5.211241e-13,1.2,1.76746e-13,3.021772e-12,2.970957e-12,5.191476e-19,3.021695e-12,2.971401e-12,-8.230264e-20
6.6512e-06,2.97,2.97,1.2,0.004398134,2.97,2.987522e-11,5.23188e-13,1.2,1.767715e-13,2.97,1.493727e-09,5.236426e-13,1.2,1.767461e-13,3.021763e-12,2.971401e-12,5.189005e-19,3.02175e-12,2.971401e-12,-7.766038e-20
6.7512e-06,2.97,2.97,1.2,0.004398131,2.97,2.987522e-11,5.239221e-13,1.2,1.767716e-13,2.97,1.493727e-09,5.216074e-13,1.2,1.76746e-13,3.021751e-12,2.970957e-12,5.200126e-19,3.021695e-12,2.970957e-12,-7.412609e-20
6.8512e-06,2.97,2.97,1.2,0.004398132,2.97,2.987522e-11,5.223568e-13,1.2,1.767715e-13,2.97,1.493727e-09,5.213231e-13,1.2,1.76746e-13,3.021724e-12,2.971401e-12,5.184975e-19,3.02175e-12,2.971401e-12,-7.384435e-20
6.9512e-06,2.97,2.97,1.2,0.004398137,2.97,2.987522e-11,5.223039e-13,1.2,1.767715e-13,2.97,1.493727e-09,5.213477e-13,1.2,1.76746e-13,3.021785e-12,2.971401e-12,5.180015e-19,3.021695e-12,2.970957e-12,-8.143112e-20
7.0512e-06,2.97,2.97,1.2,0.004398144,2.97,2.987522e-11,5.2308e-13,1.2,1.767716e-13,2.97,1.493727e-09,5.235386e-13,1.2,1.767461e-13,3.021798e-12,2.971401e-12,5.187451e-19,3.02175e-12,2.971401e-12,-7.700297e-20
7.1512e-06,2.97,2.97,1.2,0.004398148,2.97,2.987522e-11,5.231128e-13,1.2,1.767716e-13,2.97,1.493727e-09,5.215066e-13,1.2,1.76746e-13,3.021725e-12,2.971401e-12,5.192284e-19,3.02175e-12,2.970957e-12,-7.347996e-20
7.2512e-06,2.97,2.97,1.2,0.004398148,2.97,2.987522e-11,5.238524e-13,1.2,1.767717e-13,2.97,1.493727e-09,5.21222e-13,1.2,1.76746e-13,3.021798e-12,2.970957e-12,5.198946e-19,3.02175e-12,2.971401e-12,-7.403807e-20
7.3512e-06,2.97,2.97,1.2,0.004398141,2.97,2.987522e-11,5.240277e-13,1.2,1.767717e-13,2.97,1.493727e-09,5.212112e-13,1.2,1.76746e-13,3.021791e-12,2.971401e-12,5.205717e-19,3.021695e-12,2.971401e-12,-8.127376e-20
7.4512e-06,2.97,2.97,1.2,0.00439813,2.97,2.987522e-11,5.228734e-13,1.2,1.767715e-13,2.97,1.493727e-09,5.236805e-13,1.2,1.767461e-13,3.021778e-12,2.971401e-12,5.192768e-19,3.02175e-12,2.971401e-12,-7.673835e-20
7.5512e-06,2.97,2.97,1.2,0.004398123,2.97,2.987522e-11,5.23364e-13,1.2,1.767716e-13,2.97,1.493727e-09,5.215525e-13,1.2,1.76746e-13,3.021777e-12,2.970957e-12,5.200123e-19,3.02175e-12,2.970957e-12,-7.381624e-20
7.6512e-06,2.97,2.97,1.2,0.004398123,2.97,2.987522e-11,5.226572e-13,1.2,1.767715e-13,2.97,1.493727e-09,5.236803e-13,1.2,1.767461e-13,3.021813e-12,2.971401e-12,5.181018e-19,3.02175e-12,2.970957e-12,-6.785032e-20
7.7512e-06,2.97,2.97,1.2,0.004398133,2.97,2.987522e-11,5.233498e-13,1.2,1.767716e-13,2.97,1.493727e-09,5.216198e-13,1.2,1.76746e-13,3.021749e-12,2.970957e-12,5.187181e-19,3.02175e-12,2.970957e-12,-6.435747e-20
7.8512e-06,2.97,2.97,1.2,0.004398148,2.97,2.987522e-11,5.234003e-13,1.2,1.767716e-13,2.97,1.493727e-09,5.211659e-13,1.2,1.76746e-13,3.021784e-12,2.971401e-12,5.187924e-19,3.02175e-12,2.971401e-12,-6.358076e-20
7.9512e-06,2.97,2.97,1.2,0.00439816,2.97,2.987522e-11,5.235229e-13,1.2,1.767716e-13,2.97,1.493727e-09,5.211781e-13,1.2,1.76746e-13,3.021766e-12,2.970957e-12,5.193969e-19,3.021695e-12,2.970957e-12,-7.160583e-20
8.0512e-06,2.97,2.97,1.2,0.00439816,2.97,2.987522e-11,5.233249e-13,1.2,1.767716e-13,2.97,1.493727e-09,5.23507e-13,1.2,1.767461e-13,3.021755e-12,2.971401e-12,5.195338e-19,3.02175e-12,2.971401e-12,-6.77564e-20
8.1512e-06,2.97,2.97,1.2,0.004398147,2.97,2.987523e-11,5.223064e-13,1.2,1.767715e-13,2.97,1.493727e-09,5.215158e-13,1.2,1.76746e-13,3.021779e-12,2.970957e-12,5.17597e-19,3.02175e-12,2.970957e-12,-6.500199e-20
8.2512e-06,2.97,2.97,1.2,0.004398126,2.97,2.987522e-11,5.229959e-13,1.2,1.767715e-13,2.97,1.493727e-09,5.236627e-13,1.2,1.767461e-13,3.021779e-12,2.970957e-12,5.181917e-19,3.02175e-12,2.971401e-12,-5.899914e-20
8.3512e-06,2.97,2.97,1.2,0.004398107,2.97,2.987522e-11,5.231953e-13,1.2,1.767716e-13,2.97,1.493727e-09,5.214894e-13,1.2,1.76746e-13,3.021764e-12,2.971401e-12,5.184933e-19,3.021695e-12,2.971401e-12,-5.529571e-20
8.4512e-06,2.97,2.97,1.2,0.004398104,2.97,2.987522e-11,5.228064e-13,1.2,1.767715e-13,2.97,1.493727e-09,5.235658e-13,1.2,1.76746e-13,3.021761e-12,2.970957e-12,5.174775e-19,3.02175e-12,2.971401e-12,-5.071466e-20
8.5512e-06,2.97,2.97,1.2,0.004398122,2.97,2.987522e-11,5.230562e-13,1.2,1.767716e-13,2.97,1.493727e-09,5.214077e-13,1.2,1.76746e-13,3.021728e-12,2.970957e-12,5.174415e-19,3.021695e-12,2.971401e-12,-4.701905e-20
8.6512e-06,2.97,2.97,1.2,0.004398153,2.97,2.987522e-11,5.240986e-13,1.2,1.767717e-13,2.97,1.493727e-09,5.235676e-13,1.2,1.767461e-13,3.021798e-12,2.971401e-12,5.185667e-19,3.02175e-12,2.971401e-12,-4.264708e-20
8.7512e-06,2.97,2.97,1.2,0.004398181,2.97,2.987522e-11,5.231029e-13,1.2,1.767716e-13,2.97,1.493727e-09,5.214389e-13,1.2,1.76746e-13,3.021799e-12,2.970957e-12,5.179404e-19,3.02175e-12,2.970957e-12,-3.976163e-20
8.8512e-06,2.97,2.97,1.2,0.004398188,2.97,2.987522e-11,5.23202e-13,1.2,1.767716e-13,2.97,1.493727e-09,5.236723e-13,1.2,1.767461e-13,3.021776e-12,2.971401e-12,5.17244e-19,3.02175e-12,2.971401e-12,-3.396489e-20
8.9512e-06,2.97,2.97,1.2,0.004398165,2.97,2.987523e-11,5.218411e-13,1.2,1.767714e-13,2.97,1.493727e-09,5.217064e-13,1.2,1.76746e-13,3.021784e-12,2.970957e-12,5.164683e-19,3.02175e-12,2.970957e-12,-3.030599e-20
9.0512e-06,2.97,2.97,1.2,0.004398121,2.97,2.987522e-11,5.222935e-13,1.2,1.767715e-13,2.97,1.493727e-09,5.214847e-13,1.2,1.76746e-13,3.021763e-12,2.971401e-12,5.171399e-19,3.02175e-12,2.971401e-12,-2.906331e-20
9.1512e-06,2.97,2.97,1.2,0.004398077,2.97,2.987522e-11,5.21954e-13,1.2,1.767714e-13,2.97,1.493727e-09,5.21443e-13,1.2,1.76746e-13,3.021755e-12,2.970957e-12,5.170593e-19,3.021695e-12,2.970957e-12,-3.634896e-20
9.2512e-06,2.97,2.97,1.2,0.004398063,2.97,2.987522e-11,5.222186e-13,1.2,1.767715e-13,2.97,1.493727e-09,5.213753e-13,1.2,1.76746e-13,3.021775e-12,2.970957e-12,5.174494e-19,3.02175e-12,2.971401e-12,-3.606966e-20
9.3512e-06,2.97,2.97,1.2,0.004398093,2.97,2.987522e-11,5.221092e-13,1.2,1.767714e-13,2.97,1.493727e-09,5.213481e-13,1.2,1.76746e-13,3.021766e-12,2.971401e-12,5.1687e-19,3.021695e-12,2.971401e-12,-4.374216e-20
9.4512e-06,2.97,2.97,1.2,0.004398157,2.97,2.987522e-11,5.225432e-13,1.2,1.767714e-13,2.97,1.493727e-09,5.211007e-13,1.2,1.76746e-13,3.021788e-12,2.970957e-12,5.179289e-19,3.02175e-12,2.970957e-12,-4.50777e-20
9.5512e-06,2.97,2.97,1.2,0.004398223,2.97,2.987522e-11,5.225778e-13,1.2,1.767714e-13,2.97,1.493727e-09,5.213104e-13,1.2,1.76746e-13,3.021753e-12,2.971401e-12,5.179825e-19,3.021695e-12,2.971401e-12,-5.313636e-20
9.6512e-06,2.97,2.97,1.2,0.004398249,2.97,2.987522e-11,5.224249e-13,1.2,1.767714e-13,2.97,1.493727e-09,5.211407e-13,1.2,1.76746e-13,3.021775e-12,2.971401e-12,5.177604e-19,3.02175e-12,2.970957e-12,-5.431201e-20
9.7512e-06,2.97,2.97,1.2,0.004398212,2.97,2.987522e-11,5.228408e-13,1.2,1.767714e-13,2.97,1.493727e-09,5.233575e-13,1.2,1.76746e-13,3.021759e-12,2.971401e-12,5.183793e-19,3.021695e-12,2.970957e-12,-5.071886e-20
9.8512e-06,2.97,2.97,1.2,0.00439812,2.97,2.987522e-11,5.220233e-13,1.2,1.767713e-13,2.97,1.493727e-09,5.213155e-13,1.2,1.76746e-13,3.021762e-12,2.970957e-12,5.175747e-19,3.021695e-12,2.971401e-12,-4.75804e-20
9.9512e-06,2.97,2.97,1.2,0.004398021,2.97,2.987522e-11,5.223925e-13,1.2,1.767714e-13,2.97,1.493727e-09,5.211392e-13,1.2,1.76746e-13,3.021757e-12,2.971401e-12,5.185499e-19,3.021695e-12,2.971401e-12,-5.558632e-20
1.00512e-05,2.97,2.97,1.2,0.004397974,2.97,2.987522e-11,5.222482e-13,1.2,1.767714e-13,2.97,1.493727e-09,5.235857e-13,1.2,1.76746e-13,3.02176e-12,2.970957e-12,5.191823e-19,3.02175e-12,2.971401e-12,-5.193071e-20
1.01512e-05,2.97,2.97,1.2,0.00439802,2.97,2.987522e-11,5.217789e-13,1.2,1.767713e-13,2.97,1.493727e-09,5.216522e-13,1.2,1.76746e-13,3.021745e-12,2.971401e-12,5.18908e-19,3.02175e-12,2.970957e-12,-4.818994e-20
1.02512e-05,2.97,2.97,1.2,0.004398149,2.97,2.987522e-11,5.219331e-13,1.2,1.767713e-13,2.97,1.493727e-09,5.212573e-13,1.2,1.76746e-13,3.021749e-12,2.970957e-12,5.191431e-19,3.02175e-12,2.971401e-12,-4.728305e-20
1.03512e-05,2.97,2.97,1.2,0.004398299,2.97,2.987522e-11,5.221511e-13,1.2,1.767713e-13,2.97,1.493727e-09,5.212882e-13,1.2,1.76746e-13,3.021808e-12,2.970957e-12,5.198916e-19,3.021695e-12,2.971401e-12,-5.484976e-20
1.04512e-05,2.97,2.97,1.2,0.004398379,2.97,2.987522e-11,5.216956e-13,1.2,1.767712e-13,2.97,1.493727e-09,5.212075e-13,1.2,1.76746e-13,3.021773e-12,2.970957e-12,5.191969e-19,3.02175e-12,2.970957e-12,-5.586977e-20
1.05512e-05,2.97,2.97,1.2,0.004398324,2.97,2.987522e-11,5.220185e-13,1.2,1.767713e-13,2.97,1.493727e-09,5.213334e-13,1.2,1.76746e-13,3.021836e-12,2.970957e-12,5.196926e-19,3.021695e-12,2.971401e-12,-6.40859e-20
1.06512e-05,2.97,2.97,1.2,0.004398142,2.97,2.987522e-11,5.217869e-13,1.2,1.767713e-13,2.97,1.493727e-09,5.213387e-13,1.2,1.76746e-13,3.021767e-12,2.971401e-12,5.193455e-19,3.02175e-12,2.971401e-12,-6.449387e-20
1.07512e-05,2.97,2.97,1.2,0.004397921,2.97,2.987522e-11,5.216822e-13,1.2,1.767713e-13,2.97,1.493727e-09,5.213721e-13,1.2,1.76746e-13,3.021757e-12,2.970957e-12,5.187655e-19,3.021695e-12,2.971401e-12,-7.206896e-20
1.08512e-05,2.97,2.97,1.2,0.004397788,2.97,2.987522e-11,5.224741e-13,1.2,1.767713e-13,2.97,1.493727e-09,5.213395e-13,1.2,1.76746e-13,3.02175e-12,2.970957e-12,5.203672e-19,3.02175e-12,2.970957e-12,-7.252798e-20
1.09512e-05,2.97,2.97,1.2,0.004397846,2.97,2.987522e-11,5.218649e-13,1.2,1.767713e-13,2.97,1.493727e-09,5.212923e-13,1.2,1.76746e-13,3.021698e-12,2.971401e-12,5.203183e-19,3.02175e-12,2.970957e-12,-8.027543e-20
1.10512e-05,2.97,2.97,1.2,0.004398099,2.97,2.987522e-11,5.218718e-13,1.2,1.767713e-13,2.97,1.493727e-09,5.212453e-13,1.2,1.76746e-13,3.021787e-12,2.971401e-12,5.198904e-19,3.02175e-12,2.970957e-12,-8.120842e-20
1.11512e-05,2.97,2.97,1.2,0.004398433,2.97,2.987522e-11,5.218291e-13,1.2,1.767713e-13,2.97,1.493727e-09,5.236196e-13,1.2,1.76746e-13,3.021808e-12,2.970957e-12,5.194136e-19,3.02175e-12,2.971401e-12,-7.686905e-20
1.12512e-05,2.97,2.97,1.2,0.004398649,2.97,2.987522e-11,5.219839e-13,1.2,1.767714e-13,2.97,1.493727e-09,5.214118e-13,1.2,1.76746e-13,3.021793e-12,2.970957e-12,5.192239e-19,3.021695e-12,2.971401e-12,-7.411078e-20
1.13512e-05,2.97,2.97,1.2,0.004398588,2.97,2.987522e-11,5.220111e-13,1.2,1.767713e-13,2.97,1.493727e-09,5.236171e-13,1.2,1.767461e-13,3.021741e-12,2.970957e-12,5.196734e-19,3.02175e-12,2.971401e-12,-6.922769e-20
1.14512e-05,2.97,2.97,1.2,0.004398235,2.97,2.987522e-11,5.217772e-13,1.2,1.767713e-13,2.97,1.493727e-09,5.21344e-13,1.2,1.76746e-13,3.021763e-12,2.971401e-12,5.193206e-19,3.02175e-12,2.970957e-12,-6.618573e-20
1.15512e-05,2.97,2.97,1.2,0.004397754,2.97,2.987522e-11,5.217952e-13,1.2,1.767713e-13,2.97,1.493727e-09,5.235408e-13,1.2,1.767461e-13,3.021681e-12,2.970957e-12,5.189432e-19,3.02175e-12,2.970957e-12,-6.219112e-20
1.16512e-05,2.97,2.97,1.2,0.004397409,2.97,2.987522e-11,5.21809e-13,1.2,1.767713e-13,2.97,1.493727e-09,5.216327e-13,1.2,1.76746e-13,3.021724e-12,2.971401e-12,5.185246e-19,3.021695e-12,2.970957e-12,-5.839788e-20
1.17512e-05,2.97,2.97,1.2,0.004397442,2.97,2.987522e-11,5.221105e-13,1.2,1.767714e-13,2.97,1.493727e-09,5.214195e-13,1.2,1.76746e-13,3.021717e-12,2.970957e-12,5.189799e-19,3.02175e-12,2.970957e-12,-5.843029e-20
1.18512e-05,2.97,2.97,1.2,0.004397922,2.97,2.987522e-11,5.220297e-13,1.2,1.767714e-13,2.97,1.493727e-09,5.214472e-13,1.2,1.76746e-13,3.02176e-12,2.971401e-12,5.192908e-19,3.021695e-12,2.971401e-12,-6.596954e-20
1.19512e-05,2.97,2.97,1.2,0.004398649,2.97,2.987522e-11,5.217895e-13,1.2,1.767714e-13,2.97,1.493727e-09,5.210844e-13,1.2,1.76746e-13,3.021766e-12,2.970957e-12,5.18928e-19,3.02175e-12,2.970957e-12,-6.712444e-20
1.20512e-05,2.97,2.97,1.2,0.004399204,2.97,2.987522e-11,5.219268e-13,1.2,1.767714e-13,2.97,1.493727e-09,5.213944e-13,1.2,1.76746e-13,3.021796e-12,2.971401e-12,5.18712e-19,3.02175e-12,2.970957e-12,-7.584551e-20
1.21512e-05,2.97,2.97,1.2,0.004399192,2.97,2.987522e-11,5.222697e-13,1.2,1.767715e-13,2.97,1.493727e-09,5.211708e-13,1.2,1.76746e-13,3.02178e-12,2.970957e-12,5.187917e-19,3.021695e-12,2.970957e-12,-7.670148e-20
1.22512e-05,2.97,2.97,1.2,0.004398526,2.97,2.987522e-11,5.222333e-13,1.2,1.767714e-13,2.97,1.493727e-09,5.236914e-13,1.2,1.767461e-13,3.021738e-12,2.970957e-12,5.191621e-19,3.02175e-12,2.971401e-12,-7.206021e-20
1.23512e-05,2.97,2.97,1.2,0.004397505,2.97,2.987521e-11,5.227451e-13,1.2,1.767715e-13,2.97,1.493727e-09,5.214426e-13,1.2,1.76746e-13,3.021734e-12,2.970957e-12,5.19505e-19,3.021695e-12,2.971401e-12,-6.810311e-20
1.24512e-05,2.97,2.97,1.2,0.004396664,2.97,2.987521e-11,5.230673e-13,1.2,1.767715e-13,2.97,1.493727e-09,5.236632e-13,1.2,1.767461e-13,3.021751e-12,2.971401e-12,5.200012e-19,3.02175e-12,2.971401e-12,-6.320501e-20
1.25512e-05,2.97,2.97,1.2,0.004396535,2.97,2.987522e-11,5.223456e-13,1.2,1.767715e-13,2.97,1.493727e-09,5.213891e-13,1.2,1.767459e-13,3.021747e-12,2.970957e-12,5.197596e-19,3.02175e-12,2.970957e-12,-5.974274e-20
1.26512e-05,2.97,2.97,1.2,0.004397389,2.97,2.987522e-11,5.224531e-13,1.2,1.767715e-13,2.97,1.493727e-09,5.215226e-13,1.2,1.767459e-13,3.021745e-12,2.970957e-12,5.194899e-19,3.021695e-12,2.971401e-12,-6.666956e-20
1.27512e-05,2.97,2.97,1.2,0.004398951,2.97,2.987521e-11,5.231161e-13,1.2,1.767716e-13,2.97,1.493727e-09,5.212355e-13,1.2,1.767459e-13,3.021794e-12,2.971401e-12,5.200689e-19,3.021695e-12,2.970957e-12,-6.809219e-20
1.28512e-05,2.97,2.97,1.2,0.00440033,2.97,2.987521e-11,5.229134e-13,1.2,1.767716e-13,2.97,1.493727e-09,5.237755e-13,1.2,1.76746e-13,3.021791e-12,2.970957e-12,5.201742e-19,3.02175e-12,2.971401e-12,-6.256842e-20
1.29512e-05,2.97,2.97,1.2,0.004400547,2.97,2.987521e-11,5.227669e-13,1.2,1.767716e-13,2.97,1.493727e-09,5.217268e-13,1.2,1.767459e-13,3.021737e-12,2.971401e-12,5.199606e-19,3.021695e-12,2.971401e-12,-5.866217e-20
1.30512e-05,2.97,2.97,1.2,0.004399316,2.97,2.987521e-11,5.233111e-13,1.2,1.767717e-13,2.97,1.493727e-09,5.213107e-13,1.2,1.76746e-13,3.021787e-12,2.970957e-12,5.207911e-19,3.02175e-12,2.970957e-12,-5.779349e-20
1.31512e-05,2.97,2.97,1.2,0.004397218,2.97,2.987521e-11,5.234817e-13,1.2,1.767717e-13,2.97,1.493727e-09,5.214403e-13,1.2,1.76746e-13,3.021773e-12,2.970957e-12,5.206193e-19,3.021695e-12,2.971401e-12,-6.472858e-20
1.32512e-05,2.97,2.97,1.2,0.004395277,2.97,2.987521e-11,5.233822e-13,1.2,1.767717e-13,2.97,1.493727e-09,5.214727e-13,1.2,1.76746e-13,3.02175e-12,2.971401e-12,5.213112e-19,3.02175e-12,2.970957e-12,-6.508955e-20
1.33512e-05,2.97,2.97,1.2,0.004394571,2.97,2.987521e-11,5.237822e-13,1.2,1.767718e-13,2.97,1.493727e-09,5.235862e-13,1.2,1.76746e-13,3.021784e-12,2.971401e-12,5.223222e-19,3.02175e-12,2.971401e-12,-5.997248e-20
1.34512e-05,2.97,2.97,1.2,0.004395913,2.97,2.987522e-11,5.224839e-13,1.2,1.767716e-13,2.97,1.493727e-09,5.213079e-13,1.2,1.767459e-13,3.021751e-12,2.971401e-12,5.220941e-19,3.021695e-12,2.970957e-12,-5.65076e-20
1.35512e-05,2.97,2.97,1.2,0.004399187,2.97,2.987521e-11,5.230051e-13,1.2,1.767716e-13,2.97,1.493727e-09,5.214289e-13,1.2,1.767459e-13,3.021766e-12,2.970957e-12,5.220289e-19,3.021695e-12,2.970957e-12,-6.346833e-20
1.36512e-05,2.97,2.97,1.2,0.004402594,2.97,2.987521e-11,5.236662e-13,1.2,1.767717e-13,2.97,1.493727e-09,5.214216e-13,1.2,1.767459e-13,3.021779e-12,2.971401e-12,5.234289e-19,3.02175e-12,2.971401e-12,-6.391012e-20
1.37512e-05,2.97,2.97,1.2,0.00440357,2.97,2.987521e-11,5.234504e-13,1.2,1.767716e-13,2.97,1.493727e-09,5.23686e-13,1.2,1.76746e-13,3.021803e-12,2.971401e-12,5.239564e-19,3.02175e-12,2.971401e-12,-5.937735e-20
1.38512e-05,2.97,2.97,1.2,0.0044013,2.97,2.987521e-11,5.23507e-13,1.2,1.767717e-13,2.97,1.493727e-09,5.214571e-13,1.2,1.767459e-13,3.021735e-12,2.970957e-12,5.244575e-19,3.02175e-12,2.970957e-12,-5.578909e-20
1.39512e-05,2.97,2.97,1.2,0.004397147,2.97,2.987521e-11,5.243483e-13,1.2,1.767718e-13,2.97,1.493727e-09,5.237371e-13,1.2,1.76746e-13,3.021759e-12,2.970957e-12,5.252941e-19,3.02175e-12,2.971401e-12,-5.077294e-20
1.40512e-05,2.97,2.97,1.2,0.004392987,2.97,2.987521e-11,5.245818e-13,1.2,1.767718e-13,2.97,1.493727e-09,5.216739e-13,1.2,1.767459e-13,3.021816e-12,2.971401e-12,5.260537e-19,3.02175e-12,2.970957e-12,-4.688228e-20
1.41512e-05,2.97,2.97,1.2,0.004390617,2.97,2.987521e-11,5.238698e-13,1.2,1.767717e-13,2.97,1.493727e-09,5.211426e-13,1.2,1.767458e-13,3.021776e-12,2.970957e-12,5.258492e-19,3.02175e-12,2.970957e-12,-4.626506e-20
1.42512e-05,2.97,2.97,1.2,0.004391991,2.97,2.987522e-11,5.230699e-13,1.2,1.767716e-13,2.97,1.493727e-09,5.211339e-13,1.2,1.767458e-13,3.02175e-12,2.971401e-12,5.246498e-19,3.02175e-12,2.970957e-12,-5.431877e-20
1.43512e-05,2.97,2.97,1.2,0.00439838,2.97,2.987522e-11,5.234116e-13,1.2,1.767716e-13,2.97,1.493727e-09,5.235542e-13,1.2,1.767459e-13,3.021736e-12,2.971401e-12,5.251591e-19,3.021695e-12,2.971401e-12,-4.946104e-20
1.44512e-05,2.97,2.97,1.2,0.004407015,2.97,2.987521e-11,5.236544e-13,1.2,1.767717e-13,2.97,1.493727e-09,5.211646e-13,1.2,1.767458e-13,3.021785e-12,2.971401e-12,5.251098e-19,3.02175e-12,2.970957e-12,-4.62398e-20
1.45512e-05,2.97,2.97,1.2,0.00441049,2.97,2.987521e-11,5.236329e-13,1.2,1.767717e-13,2.97,1.493727e-09,5.236585e-13,1.2,1.767459e-13,3.021809e-12,2.970957e-12,5.246462e-19,3.02175e-12,2.970957e-12,-4.163881e-20
1.46512e-05,2.97,2.97,1.2,0.004406131,2.97,2.987522e-11,5.225686e-13,1.2,1.767716e-13,2.97,1.493727e-09,5.213185e-13,1.2,1.767458e-13,3.021702e-12,2.970957e-12,5.222066e-19,3.02175e-12,2.970957e-12,-3.745015e-20
1.47512e-05,2.97,2.97,1.2,0.004398342,2.97,2.987522e-11,5.226341e-13,1.2,1.767716e-13,2.97,1.493727e-09,5.214692e-13,1.2,1.767458e-13,3.021752e-12,2.970957e-12,5.227198e-19,3.02175e-12,2.971401e-12,-4.391634e-20
1.48512e-05,2.97,2.97,1.2,0.004390445,2.97,2.987522e-11,5.230804e-13,1.2,1.767716e-13,2.97,1.493727e-09,5.209918e-13,1.2,1.767458e-13,3.021803e-12,2.971401e-12,5.229796e-19,3.02175e-12,2.970957e-12,-4.444319e-20
1.49512e-05,2.97,2.97,1.2,0.004384241,2.97,2.987521e-11,5.2339e-13,1.2,1.767717e-13,2.97,1.493727e-09,5.212972e-13,1.2,1.767458e-13,3.021738e-12,2.970957e-12,5.23445e-19,3.021695e-12,2.970957e-12,-5.23011e-20
1.50512e-05,2.97,2.97,1.2,0.004382556,2.97,2.987522e-11,5.231534e-13,1.2,1.767717e-13,2.97,1.493727e-09,5.211581e-13,1.2,1.767457e-13,3.021701e-12,2.971401e-12,5.239357e-19,3.021695e-12,2.970957e-12,-6.064741e-20
1.51512e-05,2.97,2.97,1.2,0.004390817,2.97,2.987523e-11,5.236433e-13,1.2,1.767717e-13,2.97,1.493727e-09,5.235976e-13,1.2,1.767458e-13,3.021812e-12,2.971401e-12,5.24243e-19,3.02175e-12,2.970957e-12,-5.61537e-20
1.52512e-05,2.97,2.97,1.2,0.004411856,2.97,2.987523e-11,5.22138e-13,1.2,1.767716e-13,2.97,1.493727e-09,5.213578e-13,1.2,1.767458e-13,3.021778e-12,2.970957e-12,5.236841e-19,3.021695e-12,2.970957e-12,-5.302713e-20
1.53512e-05,2.97,2.97,1.2,0.004426913,2.97,2.987523e-11,5.22364e-13,1.2,1.767716e-13,2.97,1.493727e-09,5.211483e-13,1.2,1.767458e-13,3.021746e-12,2.971401e-12,5.244441e-19,3.021695e-12,2.970957e-12,-5.218814e-20
1.54512e-05,2.97,2.97,1.2,0.004419106,2.97,2.987519e-11,5.222528e-13,1.2,1.767716e-13,2.97,1.493727e-09,5.212512e-13,1.2,1.767458e-13,3.02174e-12,2.970957e-12,5.247053e-19,3.02175e-12,2.970957e-12,-6.044919e-20
1.55512e-05,2.97,2.97,1.2,0.00440579,2.97,2.987519e-11,5.225601e-13,1.2,1.767715e-13,2.97,1.493727e-09,5.213025e-13,1.2,1.767458e-13,3.02175e-12,2.971401e-12,5.251629e-19,3.02175e-12,2.970957e-12,-6.83839e-20
1.56512e-05,2.97,2.97,1.2,0.004393898,2.97,2.987519e-11,5.227698e-13,1.2,1.767716e-13,2.97,1.493727e-09,5.209857e-13,1.2,1.767457e-13,3.021743e-12,2.971401e-12,5.254754e-19,3.02175e-12,2.970957e-12,-6.903002e-20
1.57512e-05,2.97,2.97,1.2,0.004382738,2.97,2.987519e-11,5.222552e-13,1.2,1.767715e-13,2.97,1.493727e-09,5.236958e-13,1.2,1.767458e-13,3.021726e-12,2.971401e-12,5.247046e-19,3.02175e-12,2.971401e-12,-6.487202e-20
1.58512e-05,2.97,2.97,1.2,0.004372675,2.97,2.987519e-11,5.220949e-13,1.2,1.767715e-13,2.97,1.493727e-09,5.212906e-13,1.2,1.767457e-13,3.021806e-12,2.971401e-12,5.244716e-19,3.02175e-12,2.970957e-12,-6.07713e-20
1.59512e-05,2.97,2.97,1.2,0.004366399,2.97,2.987519e-11,5.217074e-13,1.2,1.767715e-13,2.97,1.493727e-09,5.236083e-13,1.2,1.767458e-13,3.021748e-12,2.970957e-12,5.234692e-19,3.02175e-12,2.970957e-12,-5.655308e-20
1.60512e-05,2.97,2.97,1.2,0.004374883,2.97,2.987519e-11,5.22246e-13,1.2,1.767715e-13,2.97,1.493727e-09,5.213242e-13,1.2,1.767458e-13,3.021727e-12,2.971401e-12,5.238455e-19,3.02175e-12,2.970957e-12,-5.3948e-20
1.61512e-05,2.97,2.97,1.2,0.004423954,2.97,2.987519e-11,5.217757e-13,1.2,1.767715e-13,2.97,1.493727e-09,5.212131e-13,1.2,1.767457e-13,3.021788e-12,2.971401e-12,5.240018e-19,3.021695e-12,2.970957e-12,-6.180911e-20
1.62512e-05,2.97,2.97,1.2,0.00447005,2.97,2.987519e-11,5.221845e-13,1.2,1.767716e-13,2.97,1.493727e-09,5.213802e-13,1.2,1.767457e-13,3.021732e-12,2.971401e-12,5.246051e-19,3.021695e-12,2.970957e-12,-6.143984e-20
1.63512e-05,2.97,2.97,1.2,0.004442028,2.97,2.987519e-11,5.219174e-13,1.2,1.767715e-13,2.97,1.493727e-09,5.236801e-13,1.2,1.767458e-13,3.021822e-12,2.970957e-12,5.246324e-19,3.02175e-12,2.970957e-12,-5.726192e-20
1.64512e-05,2.97,2.97,1.2,0.004425269,2.97,2.987519e-11,5.221297e-13,1.2,1.767715e-13,2.97,1.493727e-09,5.213644e-13,1.2,1.767457e-13,3.021717e-12,2.970957e-12,5.249519e-19,3.021695e-12,2.970957e-12,-5.258603e-20
1.65512e-05,2.97,2.97,1.2,0.004412878,2.97,2.987519e-11,5.217983e-13,1.2,1.767715e-13,2.97,1.493727e-09,5.232009e-13,1.2,1.767458e-13,3.021774e-12,2.971401e-12,5.252962e-19,3.02175e-12,2.971401e-12,-4.846918e-20
1.66512e-05,2.97,2.97,1.2,0.004400671,2.97,2.98752e-11,5.217521e-13,1.2,1.767715e-13,2.97,1.493727e-09,5.217293e-13,1.2,1.767457e-13,3.021761e-12,2.971401e-12,5.243801e-19,3.02175e-12,2.970957e-12,-5.271906e-20
1.67512e-05,2.97,2.97,1.2,0.004388494,2.97,2.98752e-11,5.21827e-13,1.2,1.767715e-13,2.97,1.493727e-09,5.214984e-13,1.2,1.767457e-13,3.021746e-12,2.971401e-12,5.240702e-19,3.021695e-12,2.970957e-12,-5.359773e-20
1.68512e-05,2.97,2.97,1.2,0.004376343,2.97,2.98752e-11,5.220011e-13,1.2,1.767715e-13,2.97,1.493727e-09,5.214261e-13,1.2,1.767457e-13,3.021781e-12,2.971401e-12,5.2391e-19,3.02175e-12,2.970957e-12,-5.203518e-20
1.69512e-05,2.97,2.97,1.2,0.004364223,2.97,2.98752e-11,5.220192e-13,1.2,1.767715e-13,2.97,1.493727e-09,5.212597e-13,1.2,1.767457e-13,3.021737e-12,2.970957e-12,5.243552e-19,3.021695e-12,2.970957e-12,-5.999403e-20
1.70512e-05,2.97,2.97,1.2,0.004352184,2.97,2.987521e-11,5.21761e-13,1.2,1.767715e-13,2.97,1.493727e-09,5.237033e-13,1.2,1.767458e-13,3.021746e-12,2.970957e-12,5.239772e-19,3.02175e-12,2.971401e-12,-5.509429e-20
1.71512e-05,2.97,2.97,1.2,0.00434071,2.97,2.987521e-11,5.220636e-13,1.2,1.767714e-13,2.97,1.493727e-09,5.213274e-13,1.2,1.767456e-13,3.021723e-12,2.971401e-12,5.239943e-19,3.021695e-12,2.970957e-12,-5.223444e-20
1.72512e-05,2.97,2.97,1.2,0.004335457,2.97,2.987521e-11,5.220151e-13,1.2,1.767715e-13,2.97,1.493727e-09,5.212473e-13,1.2,1.767457e-13,3.021737e-12,2.971401e-12,5.243494e-19,3.021695e-12,2.970957e-12,-5.15455e-20
1.73512e-05,2.97,2.97,1.2,0.004390911,2.97,2.987522e-11,5.220703e-13,1.2,1.767715e-13,2.97,1.493727e-09,5.237754e-13,1.2,1.767458e-13,3.021804e-12,2.970957e-12,5.244416e-19,3.02175e-12,2.970957e-12,-4.64574e-20
1.74512e-05,2.97,2.97,1.2,0.004586773,2.97,2.987519e-11,5.222096e-13,1.2,1.767715e-13,2.97,1.493727e-09,5.23563e-13,1.2,1.767458e-13,3.021731e-12,2.971401e-12,5.246516e-19,3.02175e-12,2.971401e-12,-3.840789e-20
1.75512e-05,2.97,2.97,1.2,0.004505091,2.97,2.987527e-11,5.218915e-13,1.2,1.767714e-13,2.97,1.493727e-09,5.211738e-13,1.2,1.767457e-13,3.021808e-12,2.971401e-12,5.24587e-19,3.02175e-12,2.970957e-12,-3.518984e-20
1.76512e-05,2.97,2.97,1.2,0.004488195,2.97,2.987536e-11,5.220603e-13,1.2,1.767714e-13,2.97,1.493727e-09,5.213747e-13,1.2,1.767457e-13,3.02183e-12,2.970957e-12,5.24423e-19,3.02175e-12,2.970957e-12,-3.477243e-20
1.77512e-05,2.97,2.97,1.2,0.004475737,2.97,2.987545e-11,5.219234e-13,1.2,1.767714e-13,2.97,1.493727e-09,5.21581e-13,1.2,1.767457e-13,3.021874e-12,2.970957e-12,5.242223e-19,3.02175e-12,2.970957e-12,-4.199329e-20
1.78512e-05,2.97,2.97,1.2,0.004463348,2.97,2.987552e-11,5.221796e-13,1.2,1.767715e-13,2.97,1.493727e-09,5.213289e-13,1.2,1.767456e-13,3.021926e-12,2.970957e-12,5.24175e-19,3.02175e-12,2.970957e-12,-4.123257e-20
1.79512e-05,2.97,2.97,1.2,0.004451002,2.97,2.98756e-11,5.222853e-13,1.2,1.767715e-13,2.97,1.493727e-09,5.210783e-13,1.2,1.767456e-13,3.021988e-12,2.970957e-12,5.243326e-19,3.02175e-12,2.970957e-12,-4.892842e-20
1.80512e-05,2.97,2.97,1.2,0.004438688,2.97,2.987567e-11,5.226949e-13,1.2,1.767715e-13,2.97,1.493727e-09,5.237776e-13,1.2,1.767457e-13,3.022112e-12,2.971401e-12,5.249421e-19,3.02175e-12,2.971401e-12,-4.350593e-20
1.81512e-05,2.97,2.97,1.2,0.004426409,2.97,2.987574e-11,5.228849e-13,1.2,1.767715e-13,2.97,1.493727e-09,5.236589e-13,1.2,1.767457e-13,3.02201e-12,2.971401e-12,5.247963e-19,3.02175e-12,2.971401e-12,-3.444994e-20
1.82512e-05,2.97,2.97,1.2,0.004414164,2.97,2.987581e-11,5.221918e-13,1.2,1.767715e-13,2.97,1.493727e-09,5.216348e-13,1.2,1.767456e-13,3.022114e-12,2.971401e-12,5.250336e-19,3.02175e-12,2.970957e-12,-3.044792e-20
1.83512e-05,2.97,2.97,1.2,0.004401953,2.97,2.987587e-11,5.226147e-13,1.2,1.767715e-13,2.97,1.493727e-09,5.23653e-13,1.2,1.767457e-13,3.022092e-12,2.971401e-12,5.252383e-19,3.02175e-12,2.970957e-12,-2.426012e-20
1.84512e-05,2.97,2.97,1.2,0.004389775,2.97,2.987594e-11,5.227699e-13,1.2,1.767715e-13,2.97,1.493727e-09,5.215562e-13,1.2,1.767456e-13,3.022147e-12,2.970957e-12,5.267495e-19,3.02175e-12,2.970957e-12,-2.084903e-20
1.85512e-05,2.97,2.97,1.2,0.004377631,2.97,2.987601e-11,5.220997e-13,1.2,1.767714e-13,2.97,1.493727e-09,5.212345e-13,1.2,1.767456e-13,3.022216e-12,2.970957e-12,5.26171e-19,3.021695e-12,2.970957e-12,-2.065921e-20
1.86512e-05,2.97,2.97,1.2,0.00436552,2.97,2.987607e-11,5.219566e-13,1.2,1.767714e-13,2.97,1.493727e-09,5.21329e-13,1.2,1.767456e-13,3.022156e-12,2.970957e-12,5.259427e-19,3.021695e-12,2.970957e-12,-2.809211e-20
1.87512e-05,2.97,2.97,1.2,0.004353443,2.97,2.987613e-11,5.220323e-13,1.2,1.767715e-13,2.97,1.493727e-09,5.238247e-13,1.2,1.767457e-13,3.022283e-12,2.970957e-12,5.260613e-19,3.02175e-12,2.971401e-12,-2.309886e-20
1.88512e-05,2.97,2.97,1.2,0.004341399,2.97,2.98762e-11,5.224698e-13,1.2,1.767715e-13,2.97,1.493727e-09,5.217893e-13,1.2,1.767456e-13,3.022277e-12,2.971401e-12,5.267143e-19,3.02175e-12,2.971401e-12,-1.910795e-20
1.89512e-05,2.97,2.97,1.2,0.004329387,2.97,2.987626e-11,5.225758e-13,1.2,1.767715e-13,2.97,1.493727e-09,5.212162e-13,1.2,1.767456e-13,3.022388e-12,2.971401e-12,5.268715e-19,3.021695e-12,2.970957e-12,-1.901735e-20
1.90512e-05,2.97,2.97,1.2,0.004317371,2.97,2.987633e-11,5.222178e-13,1.2,1.767715e-13,2.97,1.493727e-09,5.215753e-13,1.2,1.767456e-13,3.022401e-12,2.970957e-12,5.259211e-19,3.02175e-12,2.970957e-12,-1.871029e-20
1.91512e-05,2.97,2.97,1.2,0.004305342,2.97,2.987639e-11,5.22258e-13,1.2,1.767715e-13,2.97,1.493727e-09,5.214527e-13,1.2,1.767456e-13,3.022427e-12,2.970957e-12,5.264027e-19,3.02175e-12,2.970957e-12,-2.487156e-20
1.92512e-05,2.97,2.97,1.2,0.004293371,2.97,2.987645e-11,5.220808e-13,1.2,1.767714e-13,2.97,1.493727e-09,5.213568e-13,1.2,1.767457e-13,3.022464e-12,2.970957e-12,5.26149e-19,3.02175e-12,2.970957e-12,-3.269877e-20
1.93512e-05,2.97,2.97,1.2,0.004282986,2.97,2.987652e-11,5.224007e-13,1.2,1.767715e-13,2.97,1.493727e-09,5.213295e-13,1.2,1.767456e-13,3.022485e-12,2.970957e-12,5.26604e-19,3.021695e-12,2.970957e-12,-3.402008e-20
1.94512e-05,2.97,2.97,1.2,0.004345097,2.97,2.987659e-11,5.225354e-13,1.2,1.767715e-13,2.97,1.493727e-09,5.235408e-13,1.2,1.767457e-13,3.022506e-12,2.970957e-12,5.268149e-19,3.02175e-12,2.971401e-12,-2.872818e-20
1.95512e-05,2.97,2.97,1.2,0.004857979,2.97,2.987655e-11,5.228377e-13,1.2,1.767716e-13,2.97,1.493727e-09,5.21259e-13,1.2,1.767456e-13,3.022513e-12,2.971401e-12,5.2727e-19,3.02175e-12,2.970957e-12,-2.568815e-20
1.96512e-05,2.97,2.97,1.2,0.004615582,2.97,2.987708e-11,5.223794e-13,1.2,1.767715e-13,2.97,1.493727e-09,5.235228e-13,1.2,1.767457e-13,3.022815e-12,2.971401e-12,5.261596e-19,3.02175e-12,2.971401e-12,-2.113649e-20
1.973419e-05,2.97,2.97,1.2,0.004604633,2.97,2.987819e-11,5.232362e-13,1.2,1.767719e-13,2.97,1.493727e-09,5.224433e-13,1.2,1.767459e-13,3.023863e-12,2.971401e-12,5.269147e-19,3.02214e-12,2.971401e-12,-1.392153e-20
1.979151e-05,2.97,2.97,1.2,0.004597364,2.97,2.98802e-11,5.23344e-13,1.2,1.767715e-13,2.97,1.493727e-09,5.226243e-13,1.2,1.767456e-13,3.026163e-12,2.971401e-12,5.272933e-19,3.023362e-12,2.971401e-12,-1.340598e-21
1.984047e-05,2.97,2.97,1.2,0.004591144,2.97,2.988251e-11,5.229049e-13,1.2,1.767712e-13,2.97,1.493727e-09,5.262994e-13,1.2,1.767456e-13,3.027717e-12,2.971401e-12,5.304609e-19,3.023642e-12,2.970957e-12,3.504651e-20
1.99151e-05,2.97,2.97,1.2,0.004581664,2.97,2.98841e-11,5.232233e-13,1.2,1.767716e-13,2.97,1.493727e-09,5.220219e-13,1.2,1.767457e-13,3.02739e-12,2.971845e-12,5.286657e-19,3.022583e-12,2.970957e-12,4.942867e-20
2e-05,2.97,2.97,1.2,0.004570902,2.97,2.988531e-11,5.227882e-13,1.2,1.767717e-13,2.97,1.493727e-09,5.231929e-13,1.2,1.767459e-13,3.029587e-12,2.971401e-12,5.26622e-19,3.021639e-12,2.970957e-12,4.823166e-20
2.0003e-05,2.97,2.97,1.2,0.004570379,2.97,2.988136e-11,5.234912e-13,1.2,1.767736e-13,2.97,1.493727e-09,5.216927e-13,1.2,1.767502e-13,3.026302e-12,2.971401e-12,3.05467e-19,3.024076e-12,2.971401e-12,-1.225923e-19
2.000489e-05,2.97,2.97,1.2,0.00457014,2.97,2.988174e-11,5.235848e-13,1.2,1.767782e-13,2.97,1.493727e-09,5.24473e-13,1.2,1.76754e-13,3.026944e-12,2.971845e-12,2.859004e-19,3.023263e-12,2.971845e-12,2.699831e-19
2.000811e-05,2.97,2.97,1.2,0.004569732,2.97,9.999915e-08,5.778775e-09,1.2,8.011024e-13,2.97,3.419132e-06,8.043501e-08,1.2,3.302705e-12,2.585413e-12,2.929657e-12,3.869643e-14,1.391388e-12,2.971845e-12,1.344073e-12
2.001038e-05,2.97,2.97,1.2,0.004569445,2.97,1.887158e-07,1.069122e-08,1.2,1.333403e-12,2.97,6.450972e-06,1.509708e-07,1.2,6.05536e-12,2.55764e-12,2.926992e-12,4.190531e-14,1.390548e-12,2.971845e-12,1.359027e-12
2.001264e-05,2.97,2.97,1.2,0.004569158,2.97,2.774259e-07,1.54292e-08,1.2,1.846803e-12,2.97,9.482682e-06,2.209228e-07,1.2,8.785376e-12,2.555993e-12,2.926548e-12,4.489314e-14,1.391835e-12,2.971845e-12,1.369088e-12
2.002171e-05,2.97,2.97,1.2,0.004568011,2.969999,6.322243e-07,3.273528e-08,1.2,3.722186e-12,2.97,2.160821e-05,4.945847e-07,1.2,1.946485e-11,2.556939e-12,2.926992e-12,5.597191e-14,1.392181e-12,2.971401e-12,1.411177e-12
2.005797e-05,2.97,2.97,1.2,0.004563425,2.969997,2.050798e-06,8.150143e-08,1.2,9.006656e-12,2.97,7.008955e-05,1.497463e-06,1.2,5.860233e-11,2.558498e-12,2.926992e-12,8.707997e-14,1.392714e-12,2.971845e-12,1.5652e-12
2.015632e-05,2.97,2.97,1.2,0.004551009,2.969991,5.895319e-06,1.301793e-07,1.2,1.42815e-11,2.97,0.0002014141,3.601638e-06,1.2,1.407175e-10,2.557378e-12,2.926992e-12,1.180933e-13,1.395613e-12,2.971401e-12,1.887894e-12
2.025632e-05,2.97,2.97,1.2,0.004538419,2.969986,9.801933e-06,1.390249e-07,1.2,1.523996e-11,2.97,0.0003346994,5.049063e-06,1.2,1.97203e-10,2.556813e-12,2.926992e-12,1.237161e-13,1.399861e-12,2.971401e-12,2.109268e-12
2.035632e-05,2.97,2.97,1.2,0.004525864,2.96998,1.370703e-05,1.405706e-07,1.2,1.540753e-11,2.97,0.0004677453,6.02336e-06,1.2,2.35225e-10,2.558589e-12,2.927436e-12,1.247035e-13,1.402624e-12,2.971845e-12,2.25737e-12
2.045632e-05,2.97,2.97,1.2,0.004513344,2.969974,1.761083e-05,1.40909e-07,1.2,1.544412e-11,2.97,0.0006005556,6.677792e-06,1.2,2.607641e-10,2.558286e-12,2.926992e-12,1.249378e-13,1.406038e-12,2.970957e-12,2.356348e-12
2.055632e-05,2.97,2.97,1.2,0.004500858,2.969968,2.151339e-05,1.409874e-07,1.2,1.54526e-11,2.97,0.000733133,7.116005e-06,1.2,2.778654e-10,2.558449e-12,2.926992e-12,1.249808e-13,1.408001e-12,2.971845e-12,2.421787e-12
2.065632e-05,2.97,2.97,1.2,0.004488407,2.969962,2.54147e-05,1.409726e-07,1.2,1.545105e-11,2.97,0.0008654802,7.407919e-06,1.2,2.892574e-10,2.558186e-12,2.926548e-12,1.249739e-13,1.410822e-12,2.971401e-12,2.46465e-12
2.075632e-05,2.97,2.97,1.2,0.004475991,2.969957,2.931465e-05,1.408791e-07,1.2,1.544097e-11,2.97,0.0009975991,7.60096e-06,1.2,2.967909e-10,2.557691e-12,2.926992e-12,1.248775e-13,1.416914e-12,2.971401e-12,2.49223e-12
2.085632e-05,2.97,2.97,1.2,0.004463608,2.969951,3.32133e-05,1.40835e-07,1.2,1.543626e-11,2.97,0.001129491,7.7273e-06,1.2,3.01721e-10,2.557524e-12,2.927436e-12,1.248573e-13,1.418863e-12,2.971401e-12,2.509656e-12
2.095632e-05,2.97,2.97,1.2,0.00445126,2.969945,3.711064e-05,1.407746e-07,1.2,1.542971e-11,2.97,0.001261158,7.808607e-06,1.2,3.048942e-10,2.557387e-12,2.926992e-12,1.247739e-13,1.421715e-12,2.971401e-12,2.520042e-12
2.105632e-05,2.97,2.97,1.2,0.004438946,2.969939,4.100671e-05,1.407888e-07,1.2,1.54313e-11,2.97,0.001392602,7.859335e-06,1.2,3.06874e-10,2.557248e-12,2.926548e-12,1.248117e-13,1.425621e-12,2.971401e-12,2.525704e-12
2.115632e-05,2.97,2.97,1.2,0.004426667,2.969934,4.490146e-05,1.407597e-07,1.2,1.542813e-11,2.970001,0.001523823,7.889321e-06,1.2,3.080442e-10,2.559504e-12,2.927436e-12,1.247765e-13,1.427571e-12,2.971845e-12,2.528122e-12
2.125632e-05,2.97,2.97,1.2,0.004414421,2.969928,4.879489e-05,1.408045e-07,1.2,1.543297e-11,2.970001,0.001654822,7.905375e-06,1.2,3.086706e-10,2.558898e-12,2.926548e-12,1.248195e-13,1.430275e-12,2.970957e-12,2.528547e-12
2.135632e-05,2.97,2.97,1.2,0.004402209,2.969922,5.268704e-05,1.407609e-07,1.2,1.542828e-11,2.970001,0.001785602,7.911998e-06,1.2,3.089291e-10,2.558744e-12,2.926992e-12,1.247865e-13,1.434016e-12,2.971845e-12,2.527396e-12
2.145632e-05,2.97,2.97,1.2,0.00439003,2.969916,5.65779e-05,1.407518e-07,1.2,1.542724e-11,2.970001,0.001916163,7.912411e-06,1.2,3.089451e-10,2.558561e-12,2.926992e-12,1.247352e-13,1.436107e-12,2.971845e-12,2.525441e-12
2.155632e-05,2.97,2.97,1.2,0.004377885,2.969911,6.046752e-05,1.407032e-07,1.2,1.542189e-11,2.970001,0.002046506,7.908742e-06,1.2,3.08802e-10,2.558794e-12,2.926992e-12,1.247273e-13,1.438854e-12,2.971845e-12,2.522871e-12
2.165632e-05,2.97,2.97,1.2,0.004365774,2.969905,6.435583e-05,1.407696e-07,1.2,1.542918e-11,2.970001,0.002176633,7.902143e-06,1.2,3.085447e-10,2.558781e-12,2.926992e-12,1.247571e-13,1.442489e-12,2.971845e-12,2.519725e-12
2.175632e-05,2.97,2.97,1.2,0.004353696,2.969899,6.824286e-05,1.407065e-07,1.2,1.542226e-11,2.970001,0.002306544,7.893653e-06,1.2,3.082133e-10,2.558658e-12,2.926992e-12,1.247449e-13,1.44466e-12,2.971401e-12,2.516327e-12
2.185632e-05,2.97,2.97,1.2,0.004341644,2.969893,7.212856e-05,1.406362e-07,1.2,1.541484e-11,2.970001,0.002436242,7.883888e-06,1.2,3.078324e-10,2.558633e-12,2.926548e-12,1.246713e-13,1.447642e-12,2.971845e-12,2.512859e-12
2.195632e-05,2.97,2.97,1.2,0.004329563,2.969887,7.601297e-05,1.406556e-07,1.2,1.541696e-11,2.970001,0.002565726,7.873263e-06,1.2,3.074177e-10,2.558496e-12,2.926992e-12,1.247085e-13,1.448845e-12,2.971401e-12,2.509107e-12
2.205632e-05,2.97,2.97,1.2,0.004317508,2.969882,7.98961e-05,1.406072e-07,1.2,1.541152e-11,2.970001,0.002694998,7.862139e-06,1.2,3.069835e-10,2.55804e-12,2.927436e-12,1.246494e-13,1.453614e-12,2.971845e-12,2.50546e-12
2.215632e-05,2.97,2.97,1.2,0.004305591,2.969876,8.377794e-05,1.406524e-07,1.2,1.541658e-11,2.970001,0.00282406,7.850773e-06,1.2,3.065399e-10,2.558789e-12,2.926548e-12,1.246724e-13,1.456302e-12,2.971401e-12,2.501669e-12
2.225632e-05,2.97,2.97,1.2,0.004302026,2.96987,8.766135e-05,1.406567e-07,1.2,1.541691e-11,2.970001,0.002952911,7.839118e-06,1.2,3.060853e-10,2.593092e-12,2.930545e-12,1.247269e-13,1.457357e-12,2.971401e-12,2.497829e-12
2.235632e-05,2.97,2.97,1.2,0.004529779,2.969869,9.161591e-05,1.430432e-07,1.2,1.567543e-11,2.970001,0.003081554,7.827233e-06,1.2,3.056213e-10,3.296488e-12,3.005596e-12,1.276758e-13,1.462195e-12,2.971845e-12,2.494054e-12
2.245632e-05,2.97,2.97,1.2,0.004755139,2.969863,9.548663e-05,1.389845e-07,1.2,1.523599e-11,2.970001,0.003209989,7.815255e-06,1.2,3.051538e-10,7.862553e-13,2.738254e-12,1.199186e-13,1.462257e-12,2.970957e-12,2.490159e-12
2.255632e-05,2.97,2.97,1.2,0.004628937,2.969857,9.937448e-05,1.402454e-07,1.2,1.537259e-11,2.970001,0.003338218,7.80333e-06,1.2,3.046887e-10,3.812371e-13,2.695177e-12,1.199417e-13,1.465844e-12,2.971401e-12,2.486415e-12
2.262415e-05,2.97,2.97,1.2,0.004620044,2.969854,0.0001020058,1.404957e-07,1.2,1.539954e-11,2.970001,0.003425081,7.795231e-06,1.2,3.043726e-10,2.963749e-13,2.686296e-12,1.199424e-13,1.46865e-12,2.971845e-12,2.483891e-12
2.26758e-05,2.97,2.97,1.2,0.004613411,2.969851,0.0001040075,1.405113e-07,1.2,1.540143e-11,2.970001,0.003491153,7.789126e-06,1.2,3.041343e-10,3.640045e-13,2.693401e-12,1.200333e-13,1.468148e-12,2.971401e-12,2.481811e-12
2.272432e-05,2.97,2.97,1.2,0.00460721,2.969848,0.000105887,1.404733e-07,1.2,1.539711e-11,2.970001,0.00355318,7.78348e-06,1.2,3.039138e-10,4.475101e-13,2.702283e-12,1.201857e-13,1.469608e-12,2.971401e-12,2.480062e-12
2.282432e-05,2.97,2.97,1.2,0.004594464,2.969842,0.0001097599,1.404985e-07,1.2,1.539989e-11,2.970001,0.003680861,7.771728e-06,1.2,3.034553e-10,4.763424e-13,2.704947e-12,1.202581e-13,1.47206e-12,2.971845e-12,2.476414e-12
2.292432e-05,2.97,2.97,1.2,0.004581753,2.969836,0.0001136315,1.404127e-07,1.2,1.539068e-11,2.970001,0.003808338,7.760133e-06,1.2,3.030028e-10,4.997682e-13,2.707612e-12,1.202502e-13,1.475885e-12,2.971401e-12,2.472686e-12
2.302432e-05,2.97,2.97,1.2,0.004569078,2.969831,0.0001175019,1.404844e-07,1.2,1.539833e-11,2.970001,0.003935615,7.748452e-06,1.2,3.02547e-10,5.172342e-13,2.709832e-12,1.203307e-13,1.47792e-12,2.970957e-12,2.468907e-12
2.312432e-05,2.97,2.97,1.2,0.004556437,2.969825,0.0001213711,1.404388e-07,1.2,1.539341e-11,2.970001,0.00406269,7.736786e-06,1.2,3.020917e-10,5.291524e-13,2.710721e-12,1.202967e-13,1.480809e-12,2.971845e-12,2.465299e-12
2.322432e-05,2.97,2.97,1.2,0.004543832,2.969819,0.000125239,1.403527e-07,1.2,1.538417e-11,2.970001,0.004189567,7.725293e-06,1.2,3.016434e-10,5.374262e-13,2.712053e-12,1.202417e-13,1.484673e-12,2.971401e-12,2.461606e-12
2.332432e-05,2.97,2.97,1.2,0.004531262,2.969813,0.0001291056,1.404022e-07,1.2,1.538951e-11,2.970001,0.004316245,7.713796e-06,1.2,3.011947e-10,5.420474e-13,2.712053e-12,1.203281e-13,1.486467e-12,2.971845e-12,2.457994e-12
2.342432e-05,2.97,2.97,1.2,0.004518726,2.969807,0.0001329709,1.403596e-07,1.2,1.538484e-11,2.970002,0.004442725,7.702454e-06,1.2,3.00752e-10,5.440756e-13,2.712941e-12,1.202592e-13,1.489361e-12,2.971401e-12,2.454456e-12
2.352432e-05,2.97,2.97,1.2,0.004506225,2.969802,0.0001368349,1.402935e-07,1.2,1.537779e-11,2.970002,0.00456901,7.691149e-06,1.2,3.00311e-10,5.440605e-13,2.712497e-12,1.202109e-13,1.49029e-12,2.971401e-12,2.450861e-12
2.362432e-05,2.97,2.97,1.2,0.004493759,2.969796,0.0001406977,1.402762e-07,1.2,1.537592e-11,2.970002,0.004695099,7.679913e-06,1.2,2.998724e-10,5.426596e-13,2.712053e-12,1.20203e-13,1.494514e-12,2.971401e-12,2.447226e-12
2.372432e-05,2.97,2.97,1.2,0.004481327,2.96979,0.0001445593,1.40327e-07,1.2,1.538133e-11,2.970002,0.004820994,7.668674e-06,1.2,2.994337e-10,5.399163e-13,2.712053e-12,1.202108e-13,1.496812e-12,2.971401e-12,2.443718e-12
2.382432e-05,2.97,2.97,1.2,0.00446893,2.969784,0.0001484195,1.402576e-07,1.2,1.537392e-11,2.970002,0.004946695,7.657451e-06,1.2,2.989959e-10,5.365747e-13,2.711165e-12,1.20157e-13,1.497604e-12,2.971845e-12,2.440126e-12
2.392432e-05,2.97,2.97,1.2,0.004456567,2.969779,0.0001522784,1.403335e-07,1.2,1.538206e-11,2.970002,0.005072205,7.646363e-06,1.2,2.985632e-10,5.319296e-13,2.711165e-12,1.202207e-13,1.501892e-12,2.971401e-12,2.436676e-12
2.402432e-05,2.97,2.97,1.2,0.004444238,2.969773,0.0001561361,1.402444e-07,1.2,1.537247e-11,2.970002,0.005197523,7.635297e-06,1.2,2.981314e-10,5.273717e-13,2.711165e-12,1.201253e-13,1.503822e-12,2.971845e-12,2.433109e-12
2.412432e-05,2.97,2.97,1.2,0.004431943,2.969767,0.0001599926,1.402481e-07,1.2,1.537284e-11,2.970002,0.005322651,7.624328e-06,1.2,2.977035e-10,5.218663e-13,2.709832e-12,1.200942e-13,1.506477e-12,2.971401e-12,2.42967e-12
2.422432e-05,2.97,2.97,1.2,0.004419682,2.969761,0.0001638477,1.402141e-07,1.2,1.536926e-11,2.970002,0.00544759,7.613546e-06,1.2,2.972827e-10,5.160614e-13,2.709388e-12,1.200902e-13,1.507625e-12,2.971401e-12,2.426313e-12
2.432432e-05,2.97,2.97,1.2,0.004407455,2.969755,0.0001677016,1.401399e-07,1.2,1.536116e-11,2.970002,0.005572341,7.60287e-06,1.2,2.96866e-10,5.10395e-13,2.7085e-12,1.199532e-13,1.512058e-12,2.971401e-12,2.42284e-12
2.442432e-05,2.97,2.97,1.2,0.004395261,2.96975,0.0001715542,1.401477e-07,1.2,1.53619e-11,2.970002,0.005696904,7.592158e-06,1.2,2.96448e-10,5.043922e-13,2.7085e-12,1.199836e-13,1.514673e-12,2.971845e-12,2.419514e-12
2.452432e-05,2.97,2.97,1.2,0.004383101,2.969744,0.0001754056,1.40075e-07,1.2,1.535405e-11,2.970002,0.005821281,7.581451e-06,1.2,2.960301e-10,4.984209e-13,2.707612e-12,1.199239e-13,1.51515e-12,2.970957e-12,2.416075e-12
2.462432e-05,2.97,2.97,1.2,0.004370975,2.969738,0.0001792557,1.401261e-07,1.2,1.535974e-11,2.970002,0.005945473,7.570847e-06,1.2,2.956162e-10,4.925867e-13,2.706724e-12,1.199372e-13,1.519071e-12,2.971845e-12,2.412745e-12
2.472432e-05,2.97,2.97,1.2,0.004358876,2.969732,0.0001831045,1.401695e-07,1.2,1.536441e-11,2.970002,0.006069481,7.56022e-06,1.2,2.952016e-10,4.859326e-13,2.705836e-12,1.199527e-13,1.521386e-12,2.971845e-12,2.409321e-12
2.482432e-05,2.97,2.97,1.2,0.004346753,2.969727,0.000186952,1.401196e-07,1.2,1.535906e-11,2.970002,0.006193306,7.549698e-06,1.2,2.947912e-10,4.804399e-13,2.705836e-12,1.199127e-13,1.521758e-12,2.971845e-12,2.406019e-12
2.492432e-05,2.97,2.97,1.2,0.004334649,2.969721,0.0001907982,1.400614e-07,1.2,1.535259e-11,2.970002,0.006316948,7.539323e-06,1.2,2.943862e-10,4.743385e-13,2.705391e-12,1.198427e-13,1.525469e-12,2.971401e-12,2.402709e-12
2.502432e-05,2.97,2.97,1.2,0.004322647,2.969715,0.0001946433,1.400667e-07,1.2,1.535331e-11,2.970002,0.00644041,7.528964e-06,1.2,2.939818e-10,4.666912e-13,2.704503e-12,1.197898e-13,1.526738e-12,2.971401e-12,2.399474e-12
2.512432e-05,2.97,2.97,1.2,0.004316454,2.969709,0.000198489,1.400302e-07,1.2,1.534909e-11,2.970002,0.006563691,7.51875e-06,1.2,2.935835e-10,4.860559e-13,2.705836e-12,1.198176e-13,1.529508e-12,2.970957e-12,2.396281e-12
2.522432e-05,2.97,2.97,1.2,0.004495591,2.969707,0.0002023923,1.420798e-07,1.2,1.557121e-11,2.970002,0.006686792,7.508674e-06,1.2,2.9319e-10,1.082845e-12,2.770228e-12,1.223502e-13,1.532946e-12,2.971401e-12,2.39311e-12
2.532432e-05,2.97,2.97,1.2,0.004823182,2.969703,0.0002062643,1.3968e-07,1.2,1.531154e-11,2.970002,0.006809715,7.49856e-06,1.2,2.927954e-10,-1.121371e-12,2.534861e-12,1.163121e-13,1.534283e-12,2.971845e-12,2.389849e-12
2.542432e-05,2.97,2.97,1.2,0.004647528,2.969697,0.000210103,1.40307e-07,1.2,1.537934e-11,2.970002,0.006932461,7.488543e-06,1.2,2.924047e-10,-5.214901e-13,2.59881e-12,1.179492e-13,1.536276e-12,2.971401e-12,2.386684e-12
2.549713e-05,2.97,2.97,1.2,0.004637905,2.969693,0.0002128925,1.400715e-07,1.2,1.535372e-11,2.970002,0.007021714,7.481244e-06,1.2,2.921197e-10,-1.258354e-13,2.640999e-12,1.185962e-13,1.539249e-12,2.971401e-12,2.384315e-12
2.55488e-05,2.97,2.97,1.2,0.004631247,2.96969,0.0002148736,1.399861e-07,1.2,1.534453e-11,2.970002,0.007085009,7.476064e-06,1.2,2.919177e-10,-1.00023e-17,2.654765e-12,1.187777e-13,1.540524e-12,2.971845e-12,2.38274e-12
2.559804e-05,2.97,2.97,1.2,0.004624932,2.969687,0.0002167624,1.399655e-07,1.2,1.534232e-11,2.970002,0.007145269,7.471202e-06,1.2,2.917278e-10,-5.790018e-15,2.653877e-12,1.187663e-13,1.541371e-12,2.971845e-12,2.381207e-12
2.569804e-05,2.97,2.97,1.2,0.004612136,2.969681,0.0002205986,1.399031e-07,1.2,1.533535e-11,2.970002,0.007267534,7.461308e-06,1.2,2.913416e-10,-2.152601e-14,2.652101e-12,1.186845e-13,1.542045e-12,2.971845e-12,2.37796e-12
2.579804e-05,2.97,2.97,1.2,0.004599377,2.969675,0.0002244336,1.399078e-07,1.2,1.533606e-11,2.970002,0.007389624,7.451359e-06,1.2,2.909536e-10,-3.734416e-14,2.650324e-12,1.186337e-13,1.543994e-12,2.971401e-12,2.374865e-12
2.589804e-05,2.97,2.97,1.2,0.004586652,2.969669,0.0002282673,1.398619e-07,1.2,1.533092e-11,2.970002,0.007511542,7.441596e-06,1.2,2.905725e-10,-5.399204e-14,2.648548e-12,1.185579e-13,1.546761e-12,2.971401e-12,2.371827e-12
2.599804e-05,2.97,2.97,1.2,0.004573963,2.969664,0.0002320998,1.398271e-07,1.2,1.532717e-11,2.970002,0.007633288,7.432e-06,1.2,2.901981e-10,-7.044312e-14,2.646772e-12,1.184809e-13,1.54995e-12,2.971845e-12,2.368825e-12
2.609804e-05,2.97,2.97,1.2,0.004561309,2.969658,0.000235931,1.398222e-07,1.2,1.532667e-11,2.970003,0.007754862,7.422372e-06,1.2,2.898223e-10,-8.333437e-14,2.645439e-12,1.184589e-13,1.551505e-12,2.971401e-12,2.365729e-12
2.619804e-05,2.97,2.97,1.2,0.00454869,2.969652,0.0002397609,1.397462e-07,1.2,1.531845e-11,2.970003,0.007876266,7.412842e-06,1.2,2.894505e-10,-9.905248e-14,2.643219e-12,1.183401e-13,1.553807e-12,2.971401e-12,2.362727e-12
2.629804e-05,2.97,2.97,1.2,0.004536106,2.969646,0.0002435896,1.398154e-07,1.2,1.532598e-11,2.970003,0.007997501,7.403244e-06,1.2,2.890758e-10,-1.139959e-13,2.642331e-12,1.184086e-13,1.556843e-12,2.971401e-12,2.359632e-12
2.639804e-05,2.97,2.97,1.2,0.004523557,2.96964,0.000247417,1.398053e-07,1.2,1.532479e-11,2.970003,0.008118567,7.393739e-06,1.2,2.887049e-10,-1.284581e-13,2.640999e-12,1.183307e-13,1.557646e-12,2.971845e-12,2.356669e-12
2.649804e-05,2.97,2.97,1.2,0.004511042,2.969635,0.0002512432,1.397723e-07,1.2,1.532136e-11,2.970003,0.008239466,7.384344e-06,1.2,2.883383e-10,-1.42272e-13,2.639222e-12,1.183276e-13,1.564209e-12,2.971401e-12,2.353624e-12
2.659804e-05,2.97,2.97,1.2,0.004498562,2.969629,0.0002550681,1.398633e-07,1.2,1.533126e-11,2.970003,0.008360198,7.374913e-06,1.2,2.879703e-10,-1.563975e-13,2.63789e-12,1.183361e-13,1.566463e-12,2.971401e-12,2.350687e-12
2.669804e-05,2.97,2.97,1.2,0.004486116,2.969623,0.0002588917,1.398052e-07,1.2,1.532482e-11,2.970003,0.008480765,7.365578e-06,1.2,2.876061e-10,-1.700089e-13,2.636114e-12,1.182416e-13,1.566893e-12,2.970957e-12,2.347654e-12
2.679804e-05,2.97,2.97,1.2,0.004473705,2.969617,0.0002627141,1.397037e-07,1.2,1.531394e-11,2.970003,0.008601167,7.356221e-06,1.2,2.872409e-10,-1.832505e-13,2.634781e-12,1.18138e-13,1.570441e-12,2.971845e-12,2.344751e-12
2.689804e-05,2.97,2.97,1.2,0.004461329,2.969612,0.0002665353,1.397036e-07,1.2,1.531386e-11,2.970003,0.008721404,7.34702e-06,1.2,2.868819e-10,-1.969212e-13,2.633449e-12,1.180703e-13,1.572066e-12,2.971401e-12,2.341857e-12
2.699804e-05,2.97,2.97,1.2,0.004448986,2.969606,0.0002703552,1.397241e-07,1.2,1.531619e-11,2.970003,0.008841479,7.337942e-06,1.2,2.865278e-10,-2.097803e-13,2.632561e-12,1.181163e-13,1.574399e-12,2.971401e-12,2.33903e-12
2.709804e-05,2.97,2.97,1.2,0.004436678,2.9696,0.0002741738,1.396613e-07,1.2,1.530933e-11,2.970003,0.008961391,7.328986e-06,1.2,2.861782e-10,-2.231549e-13,2.631229e-12,1.180097e-13,1.577374e-12,2.971401e-12,2.336212e-12
2.719804e-05,2.97,2.97,1.2,0.004424403,2.969594,0.0002779912,1.396447e-07,1.2,1.530761e-11,2.970003,0.009081143,7.320085e-06,1.2,2.858307e-10,-2.361299e-13,2.629452e-12,1.17992e-13,1.578405e-12,2.971845e-12,2.333308e-12
2.729804e-05,2.97,2.97,1.2,0.004412163,2.969589,0.0002818072,1.396465e-07,1.2,1.530773e-11,2.970003,0.009200733,7.311094e-06,1.2,2.8548e-10,-2.466765e-13,2.62812e-12,1.179344e-13,1.579873e-12,2.971845e-12,2.330481e-12
2.739804e-05,2.97,2.97,1.2,0.004399956,2.969583,0.0002856221,1.397117e-07,1.2,1.531482e-11,2.970003,0.009320164,7.302238e-06,1.2,2.851343e-10,-2.595028e-13,2.626344e-12,1.179909e-13,1.581858e-12,2.971845e-12,2.327718e-12
2.749804e-05,2.97,2.97,1.2,0.004387782,2.969577,0.0002894357,1.395699e-07,1.2,1.529955e-11,2.970003,0.009439436,7.293159e-06,1.2,2.847801e-10,-2.721772e-13,2.625899e-12,1.178445e-13,1.584761e-12,2.970957e-12,2.324681e-12
2.759804e-05,2.97,2.97,1.2,0.004375639,2.969571,0.0002932481,1.395903e-07,1.2,1.530171e-11,2.970003,0.009558551,7.284112e-06,1.2,2.84427e-10,-2.851495e-13,2.623679e-12,1.178133e-13,1.58567e-12,2.971401e-12,2.32185e-12
2.769804e-05,2.97,2.97,1.2,0.004363479,2.969565,0.0002970592,1.395479e-07,1.2,1.529719e-11,2.970003,0.009677508,7.275196e-06,1.2,2.840792e-10,-2.979095e-13,2.622791e-12,1.17759e-13,1.589885e-12,2.970957e-12,2.319069e-12
2.779804e-05,2.97,2.97,1.2,0.004351325,2.96956,0.000300869,1.395552e-07,1.2,1.5298e-11,2.970003,0.009796309,7.266401e-06,1.2,2.837358e-10,-3.108405e-13,2.621459e-12,1.177334e-13,1.591997e-12,2.971845e-12,2.316292e-12
2.789804e-05,2.97,2.97,1.2,0.004339247,2.969554,0.0003046777,1.395202e-07,1.2,1.529423e-11,2.970003,0.009914955,7.257705e-06,1.2,2.833965e-10,-3.234511e-13,2.620126e-12,1.176937e-13,1.591866e-12,2.971845e-12,2.313552e-12
2.799804e-05,2.97,2.97,1.2,0.004330679,2.969548,0.0003084862,1.395712e-07,1.2,1.529969e-11,2.970003,0.01003345,7.249092e-06,1.2,2.830605e-10,-3.228813e-13,2.619682e-12,1.177114e-13,1.59519e-12,2.970957e-12,2.31085e-12
2.809804e-05,2.97,2.97,1.2,0.004454203,2.969545,0.0003123362,1.410233e-07,1.2,1.545678e-11,2.970003,0.01015178,7.240566e-06,1.2,2.827277e-10,1.268473e-13,2.667644e-12,1.195577e-13,1.596759e-12,2.971401e-12,2.308146e-12
2.819804e-05,2.97,2.97,1.2,0.004894265,2.969543,0.0003162211,1.408888e-07,1.2,1.544247e-11,2.970003,0.01026997,7.232088e-06,1.2,2.823969e-10,-1.337857e-12,2.511769e-12,1.16488e-13,1.598717e-12,2.971401e-12,2.305474e-12
2.829804e-05,2.97,2.97,1.2,0.004662783,2.969537,0.0003200039,1.404501e-07,1.2,1.539464e-11,2.970003,0.010388,7.223691e-06,1.2,2.820691e-10,5.635062e-13,2.713829e-12,1.200555e-13,1.601188e-12,2.971845e-12,2.30283e-12
2.836969e-05,2.97,2.97,1.2,0.004653235,2.969532,0.0003227138,1.396894e-07,1.2,1.531223e-11,2.970003,0.01047249,7.218001e-06,1.2,2.818472e-10,1.537306e-12,2.81819e-12,1.21575e-13,1.603551e-12,2.971401e-12,2.301253e-12
2.84166e-05,2.97,2.97,1.2,0.004647195,2.969529,0.0003244915,1.39396e-07,1.2,1.528021e-11,2.970003,0.01052775,7.214225e-06,1.2,2.816998e-10,1.717033e-12,2.836842e-12,1.217185e-13,1.603339e-12,2.971401e-12,2.299967e-12
2.846508e-05,2.97,2.97,1.2,0.004640961,2.969526,0.0003263338,1.39334e-07,1.2,1.527356e-11,2.970003,0.01058483,7.210315e-06,1.2,2.815472e-10,1.583036e-12,2.822631e-12,1.214427e-13,1.603592e-12,2.970957e-12,2.298691e-12
2.854237e-05,2.97,2.97,1.2,0.004631036,2.969521,0.0003292711,1.392905e-07,1.2,1.526908e-11,2.970003,0.01067576,7.204045e-06,1.2,2.813025e-10,1.487405e-12,2.812417e-12,1.212034e-13,1.604931e-12,2.971401e-12,2.296575e-12
2.864237e-05,2.97,2.97,1.2,0.004618224,2.969516,0.0003330704,1.392676e-07,1.2,1.526651e-11,2.970003,0.01079327,7.195818e-06,1.2,2.809816e-10,1.429935e-12,2.8062e-12,1.210662e-13,1.606778e-12,2.970957e-12,2.294002e-12
2.874237e-05,2.97,2.97,1.2,0.004605448,2.96951,0.0003368683,1.393184e-07,1.2,1.527195e-11,2.970003,0.01091064,7.187674e-06,1.2,2.806635e-10,1.378208e-12,2.801315e-12,1.209795e-13,1.609452e-12,2.971845e-12,2.291438e-12
2.884237e-05,2.97,2.97,1.2,0.004592706,2.969504,0.000340665,1.392969e-07,1.2,1.526955e-11,2.970003,0.01102786,7.179656e-06,1.2,2.803507e-10,1.336969e-12,2.79643e-12,1.209289e-13,1.612671e-12,2.971845e-12,2.288933e-12
2.894237e-05,2.97,2.97,1.2,0.004580001,2.969498,0.0003444605,1.392776e-07,1.2,1.526761e-11,2.970004,0.01114493,7.171739e-06,1.2,2.800418e-10,1.298843e-12,2.792877e-12,1.208146e-13,1.613973e-12,2.971401e-12,2.286439e-12
2.904237e-05,2.97,2.97,1.2,0.00456733,2.969492,0.0003482547,1.392996e-07,1.2,1.527e-11,2.970004,0.01126186,7.163925e-06,1.2,2.797369e-10,1.265375e-12,2.789324e-12,1.207496e-13,1.615742e-12,2.971401e-12,2.28401e-12
2.914237e-05,2.97,2.97,1.2,0.004554694,2.969487,0.0003520477,1.392152e-07,1.2,1.526078e-11,2.970004,0.01137864,7.156171e-06,1.2,2.794343e-10,1.238577e-12,2.785772e-12,1.206435e-13,1.618199e-12,2.971401e-12,2.281448e-12
2.924237e-05,2.97,2.97,1.2,0.004542093,2.969481,0.0003558394,1.392682e-07,1.2,1.526661e-11,2.970004,0.01149528,7.148292e-06,1.2,2.791269e-10,1.212707e-12,2.783551e-12,1.205887e-13,1.618383e-12,2.970957e-12,2.278967e-12
2.934237e-05,2.97,2.97,1.2,0.004529527,2.969475,0.0003596299,1.392654e-07,1.2,1.526621e-11,2.970004,0.01161178,7.140488e-06,1.2,2.788223e-10,1.188747e-12,2.780887e-12,1.205708e-13,1.621803e-12,2.971845e-12,2.27644e-12
2.944237e-05,2.97,2.97,1.2,0.004516996,2.969469,0.0003634191,1.392597e-07,1.2,1.526553e-11,2.970004,0.01172813,7.132621e-06,1.2,2.785154e-10,1.166132e-12,2.778222e-12,1.205004e-13,1.623214e-12,2.970957e-12,2.273984e-12
2.954237e-05,2.97,2.97,1.2,0.0045045,2.969464,0.0003672071,1.39165e-07,1.2,1.525542e-11,2.970004,0.01184434,7.124912e-06,1.2,2.782145e-10,1.145811e-12,2.776446e-12,1.204076e-13,1.625268e-12,2.971401e-12,2.271594e-12
2.964237e-05,2.97,2.97,1.2,0.004492038,2.969458,0.0003709938,1.391246e-07,1.2,1.525101e-11,2.970004,0.01196041,7.117146e-06,1.2,2.779115e-10,1.126088e-12,2.773781e-12,1.203184e-13,1.627565e-12,2.971401e-12,2.269038e-12
2.974237e-05,2.97,2.97,1.2,0.00447961,2.969452,0.0003747792,1.391508e-07,1.2,1.525386e-11,2.970004,0.01207633,7.109445e-06,1.2,2.776109e-10,1.109961e-12,2.772005e-12,1.203087e-13,1.628214e-12,2.971845e-12,2.266645e-12
2.984237e-05,2.97,2.97,1.2,0.004467217,2.969446,0.0003785634,1.391645e-07,1.2,1.525538e-11,2.970004,0.01219212,7.101805e-06,1.2,2.773128e-10,1.091807e-12,2.770228e-12,1.203269e-13,1.629602e-12,2.971845e-12,2.264139e-12
2.994237e-05,2.97,2.97,1.2,0.004454858,2.969441,0.0003823464,1.39213e-07,1.2,1.526049e-11,2.970004,0.01230777,7.094083e-06,1.2,2.770114e-10,1.074759e-12,2.768452e-12,1.202892e-13,1.633865e-12,2.971401e-12,2.261728e-12
3.004237e-05,2.97,2.97,1.2,0.004442533,2.969435,0.0003861282,1.391538e-07,1.2,1.525418e-11,2.970004,0.01242328,7.086508e-06,1.2,2.767158e-10,1.057762e-12,2.766232e-12,1.201979e-13,1.633519e-12,2.971845e-12,2.259389e-12
3.014237e-05,2.97,2.97,1.2,0.004430242,2.969429,0.0003899086,1.391428e-07,1.2,1.525298e-11,2.970004,0.01253865,7.079046e-06,1.2,2.764247e-10,1.041138e-12,2.764899e-12,1.201391e-13,1.636115e-12,2.970957e-12,2.257018e-12
3.024237e-05,2.97,2.97,1.2,0.004417986,2.969423,0.000393688,1.390517e-07,1.2,1.524326e-11,2.970004,0.01265389,7.071654e-06,1.2,2.761362e-10,1.025467e-12,2.763567e-12,1.200661e-13,1.636602e-12,2.970957e-12,2.254697e-12
3.034237e-05,2.97,2.97,1.2,0.004405762,2.969417,0.0003974661,1.39008e-07,1.2,1.523849e-11,2.970004,0.01276899,7.064359e-06,1.2,2.758514e-10,1.009947e-12,2.761347e-12,1.199807e-13,1.640664e-12,2.971401e-12,2.252426e-12
3.044237e-05,2.97,2.97,1.2,0.004393572,2.969412,0.000401243,1.390093e-07,1.2,1.52387e-11,2.970004,0.01288396,7.057204e-06,1.2,2.755724e-10,9.940526e-13,2.760014e-12,1.199866e-13,1.642525e-12,2.971845e-12,2.250191e-12
3.054237e-05,2.97,2.97,1.2,0.004381386,2.969406,0.0004050186,1.390285e-07,1.2,1.524076e-11,2.970004,0.01299879,7.050152e-06,1.2,2.75297e-10,9.775422e-13,2.757794e-12,1.199523e-13,1.642267e-12,2.971401e-12,2.247995e-12
3.064237e-05,2.97,2.97,1.2,0.004369178,2.9694,0.0004087929,1.38991e-07,1.2,1.523672e-11,2.970004,0.01311349,7.043187e-06,1.2,2.750252e-10,9.623658e-13,2.756462e-12,1.198571e-13,1.645044e-12,2.971401e-12,2.245807e-12
3.074237e-05,2.97,2.97,1.2,0.004357024,2.969394,0.000412566,1.390353e-07,1.2,1.524151e-11,2.970004,0.01322805,7.036175e-06,1.2,2.747518e-10,9.474755e-13,2.755129e-12,1.199066e-13,1.648373e-12,2.971401e-12,2.243352e-12
3.084237e-05,2.97,2.97,1.2,0.004345762,2.969389,0.0004163382,1.390847e-07,1.2,1.524674e-11,2.970004,0.01334248,7.02887e-06,1.2,2.744666e-10,9.336653e-13,2.752909e-12,1.199047e-13,1.649906e-12,2.971401e-12,2.241089e-12
3.094237e-05,2.97,2.97,1.2,0.004381124,2.969384,0.0004201247,1.395005e-07,1.2,1.529172e-11,2.970004,0.01345679,7.021723e-06,1.2,2.741878e-10,1.09954e-12,2.771117e-12,1.204268e-13,1.65144e-12,2.971401e-12,2.238855e-12
3.104237e-05,2.97,2.97,1.2,0.004874296,2.969385,0.0004240304,1.429881e-07,1.2,1.566977e-11,2.970004,0.01357096,7.014463e-06,1.2,2.739043e-10,1.480282e-12,2.811529e-12,1.234935e-13,1.651332e-12,2.971401e-12,2.23649e-12
3.114237e-05,2.97,2.97,1.2,0.004681852,2.969376,0.0004277296,1.386708e-07,1.2,1.52017e-11,2.970004,0.013685,7.007288e-06,1.2,2.736244e-10,2.673532e-12,2.938094e-12,1.231523e-13,1.654065e-12,2.970957e-12,2.23425e-12
3.122153e-05,2.97,2.97,1.2,0.004670569,2.969371,0.0004307119,1.387873e-07,1.2,1.521421e-11,2.970004,0.01377518,7.001748e-06,1.2,2.734082e-10,2.539153e-12,2.923883e-12,1.229488e-13,1.655436e-12,2.971401e-12,2.232661e-12
3.126805e-05,2.97,2.97,1.2,0.004664586,2.969369,0.0004324645,1.388306e-07,1.2,1.521887e-11,2.970004,0.01382814,6.998585e-06,1.2,2.732848e-10,2.386073e-12,2.907896e-12,1.226617e-13,1.657204e-12,2.971401e-12,2.231618e-12
3.130722e-05,2.97,2.97,1.2,0.004659529,2.969366,0.0004339398,1.388472e-07,1.2,1.522089e-11,2.970004,0.01387272,6.995989e-06,1.2,2.731833e-10,2.278014e-12,2.89635e-12,1.224299e-13,1.656478e-12,2.971845e-12,2.230777e-12
3.135197e-05,2.97,2.97,1.2,0.004653757,2.969364,0.0004356246,1.38852e-07,1.2,1.52212e-11,2.970004,0.0139236,6.993e-06,1.2,2.730667e-10,2.214886e-12,2.890133e-12,1.223081e-13,1.658711e-12,2.971845e-12,2.229883e-12
3.145049e-05,2.97,2.97,1.2,0.004641073,2.969358,0.0004393331,1.388692e-07,1.2,1.522306e-11,2.970004,0.01403556,6.986349e-06,1.2,2.728072e-10,2.195586e-12,2.887912e-12,1.22333e-13,1.660132e-12,2.971845e-12,2.227622e-12
3.155049e-05,2.97,2.97,1.2,0.004628234,2.969352,0.0004430961,1.388607e-07,1.2,1.522248e-11,2.970004,0.01414908,6.979402e-06,1.2,2.725362e-10,2.17696e-12,2.886136e-12,1.222485e-13,1.662326e-12,2.971401e-12,2.225448e-12
3.165049e-05,2.97,2.97,1.2,0.00461543,2.969347,0.0004468579,1.388565e-07,1.2,1.522188e-11,2.970004,0.01426247,6.972582e-06,1.2,2.7227e-10,2.1607e-12,2.884359e-12,1.222173e-13,1.665073e-12,2.971401e-12,2.223322e-12
3.175049e-05,2.97,2.97,1.2,0.004602661,2.969341,0.0004506184,1.388041e-07,1.2,1.521625e-11,2.970004,0.01437574,6.965845e-06,1.2,2.720072e-10,2.146239e-12,2.883027e-12,1.22141e-13,1.66587e-12,2.971401e-12,2.221196e-12
3.185049e-05,2.97,2.97,1.2,0.004589928,2.969335,0.0004543777,1.38833e-07,1.2,1.521917e-11,2.970004,0.01448888,6.959202e-06,1.2,2.717479e-10,2.13607e-12,2.881251e-12,1.221677e-13,1.669674e-12,2.971401e-12,2.219117e-12
3.195049e-05,2.97,2.97,1.2,0.00457723,2.969329,0.0004581358,1.388065e-07,1.2,1.521648e-11,2.970004,0.01460189,6.95264e-06,1.2,2.714919e-10,2.123811e-12,2.879919e-12,1.221021e-13,1.67138e-12,2.971401e-12,2.217059e-12
3.205049e-05,2.97,2.97,1.2,0.004564568,2.969324,0.0004618926,1.387134e-07,1.2,1.520628e-11,2.970004,0.01471478,6.946181e-06,1.2,2.712397e-10,2.112694e-12,2.87903e-12,1.219969e-13,1.67081e-12,2.971845e-12,2.215043e-12
3.215049e-05,2.97,2.97,1.2,0.00455194,2.969318,0.0004656483,1.386923e-07,1.2,1.520402e-11,2.970004,0.01482755,6.939828e-06,1.2,2.709918e-10,2.102386e-12,2.877698e-12,1.21966e-13,1.67377e-12,2.971401e-12,2.213056e-12
3.225049e-05,2.97,2.97,1.2,0.004539347,2.969312,0.0004694027,1.386033e-07,1.2,1.519445e-11,2.970005,0.0149402,6.933357e-06,1.2,2.707394e-10,2.09265e-12,2.876366e-12,1.218801e-13,1.67422e-12,2.971845e-12,2.210914e-12
3.235049e-05,2.97,2.97,1.2,0.004526789,2.969306,0.000473156,1.387263e-07,1.2,1.520767e-11,2.970005,0.01505272,6.92694e-06,1.2,2.704891e-10,2.083555e-12,2.875922e-12,1.219763e-13,1.677716e-12,2.971401e-12,2.208921e-12
3.245049e-05,2.97,2.97,1.2,0.004514266,2.9693,0.000476908,1.387106e-07,1.2,1.520595e-11,2.970005,0.01516513,6.920563e-06,1.2,2.7024e-10,2.074211e-12,2.874145e-12,1.219187e-13,1.67932e-12,2.971401e-12,2.206798e-12
3.255049e-05,2.97,2.97,1.2,0.004501777,2.969295,0.0004806587,1.38675e-07,1.2,1.520217e-11,2.970005,0.01527741,6.914066e-06,1.2,2.699866e-10,2.064994e-12,2.872813e-12,1.218837e-13,1.681295e-12,2.971401e-12,2.204758e-12
3.265049e-05,2.97,2.97,1.2,0.004489323,2.969289,0.0004844082,1.386461e-07,1.2,1.519906e-11,2.970005,0.01538958,6.907694e-06,1.2,2.69738e-10,2.056098e-12,2.873257e-12,1.218562e-13,1.681321e-12,2.970957e-12,2.202799e-12
3.275049e-05,2.97,2.97,1.2,0.004476904,2.969283,0.0004881565,1.38561e-07,1.2,1.518988e-11,2.970005,0.01550162,6.901431e-06,1.2,2.694936e-10,2.047534e-12,2.871925e-12,1.217515e-13,1.684257e-12,2.971401e-12,2.20083e-12
3.285049e-05,2.97,2.97,1.2,0.004464518,2.969277,0.0004919035,1.386023e-07,1.2,1.519435e-11,2.970005,0.01561355,6.895253e-06,1.2,2.692525e-10,2.038958e-12,2.870593e-12,1.217836e-13,1.685231e-12,2.970957e-12,2.198887e-12
3.295049e-05,2.97,2.97,1.2,0.004452167,2.969272,0.0004956494,1.385356e-07,1.2,1.518713e-11,2.970005,0.01572536,6.889153e-06,1.2,2.690144e-10,2.030977e-12,2.870149e-12,1.216814e-13,1.686493e-12,2.971401e-12,2.196984e-12
3.305049e-05,2.97,2.97,1.2,0.00443985,2.969266,0.0004993941,1.385376e-07,1.2,1.518739e-11,2.970005,0.01583705,6.882943e-06,1.2,2.687721e-10,2.022611e-12,2.869704e-12,1.21677e-13,1.688123e-12,2.971401e-12,2.194937e-12
3.315049e-05,2.97,2.97,1.2,0.004427567,2.96926,0.0005031375,1.384954e-07,1.2,1.518282e-11,2.970005,0.01594863,6.876789e-06,1.2,2.685319e-10,2.014537e-12,2.868372e-12,1.216046e-13,1.692913e-12,2.970957e-12,2.193015e-12
3.325049e-05,2.97,2.97,1.2,0.004415318,2.969254,0.0005068798,1.38412e-07,1.2,1.517366e-11,2.970005,0.01606009,6.870734e-06,1.2,2.682956e-10,2.006688e-12,2.867484e-12,1.215249e-13,1.69564e-12,2.971401e-12,2.191114e-12
3.335049e-05,2.97,2.97,1.2,0.004403099,2.969248,0.0005106208,1.384397e-07,1.2,1.517666e-11,2.970005,0.01617143,6.864751e-06,1.2,2.680623e-10,1.99844e-12,2.866152e-12,1.215555e-13,1.695962e-12,2.971845e-12,2.18923e-12
3.345049e-05,2.97,2.97,1.2,0.004390865,2.969243,0.0005143605,1.384789e-07,1.2,1.518108e-11,2.970005,0.01628266,6.858823e-06,1.2,2.678308e-10,1.991372e-12,2.866152e-12,1.21546e-13,1.69692e-12,2.971401e-12,2.187381e-12
3.355049e-05,2.97,2.97,1.2,0.004378635,2.969237,0.0005180991,1.384637e-07,1.2,1.517944e-11,2.970005,0.01639378,6.85297e-06,1.2,2.676024e-10,1.98301e-12,2.864375e-12,1.215553e-13,1.69815e-12,2.971401e-12,2.185525e-12
3.365049e-05,2.97,2.97,1.2,0.004366478,2.969231,0.0005218365,1.384784e-07,1.2,1.518098e-11,2.970005,0.01650479,6.847223e-06,1.2,2.67378e-10,1.974458e-12,2.863931e-12,1.215244e-13,1.699836e-12,2.971845e-12,2.183751e-12
3.375049e-05,2.97,2.97,1.2,0.004357452,2.969225,0.0005255736,1.383917e-07,1.2,1.51715e-11,2.970005,0.01661568,6.841507e-06,1.2,2.67155e-10,1.980571e-12,2.864375e-12,1.214605e-13,1.702203e-12,2.970957e-12,2.181926e-12
3.385049e-05,2.97,2.97,1.2,0.004470366,2.969222,0.0005293491,1.397512e-07,1.2,1.531878e-11,2.970005,0.01672646,6.835494e-06,1.2,2.669203e-10,2.403106e-12,2.909673e-12,1.231915e-13,1.702658e-12,2.971845e-12,2.179848e-12
3.395049e-05,2.97,2.97,1.2,0.004928328,2.969221,0.0005331721,1.401774e-07,1.2,1.536524e-11,2.970005,0.01683713,6.829596e-06,1.2,2.666903e-10,1.124423e-12,2.773337e-12,1.208586e-13,1.70565e-12,2.971401e-12,2.178226e-12
3.405049e-05,2.97,2.97,1.2,0.004688748,2.969214,0.0005368795,1.394615e-07,1.2,1.528736e-11,2.970005,0.01694769,6.823791e-06,1.2,2.664638e-10,3.23747e-12,2.998934e-12,1.247038e-13,1.706673e-12,2.971401e-12,2.176179e-12
3.41217e-05,2.97,2.97,1.2,0.004679207,2.969209,0.0005395204,1.385869e-07,1.2,1.519246e-11,2.970005,0.01702635,6.81977e-06,1.2,2.663067e-10,4.30876e-12,3.112621e-12,1.263472e-13,1.708398e-12,2.971401e-12,2.175131e-12
3.416738e-05,2.97,2.97,1.2,0.004673296,2.969206,0.0005412187,1.383021e-07,1.2,1.516158e-11,2.970005,0.01707678,6.817272e-06,1.2,2.662093e-10,4.486331e-12,3.131273e-12,1.265478e-13,1.708451e-12,2.971845e-12,2.17427e-12
3.421093e-05,2.97,2.97,1.2,0.004667665,2.969203,0.0005428431,1.383073e-07,1.2,1.516195e-11,2.970005,0.01712485,6.814896e-06,1.2,2.661166e-10,4.324772e-12,3.113954e-12,1.262239e-13,1.708908e-12,2.971401e-12,2.173535e-12
3.428658e-05,2.97,2.97,1.2,0.004657895,2.969199,0.0005456644,1.382564e-07,1.2,1.515663e-11,2.970005,0.01720827,6.810656e-06,1.2,2.659512e-10,4.227645e-12,3.103295e-12,1.259695e-13,1.709103e-12,2.971401e-12,2.17206e-12
3.438658e-05,2.97,2.97,1.2,0.004645009,2.969193,0.0005493928,1.382408e-07,1.2,1.51549e-11,2.970005,0.01731847,6.804955e-06,1.2,2.657288e-10,4.172372e-12,3.097966e-12,1.25852e-13,1.71151e-12,2.971401e-12,2.170263e-12
3.448658e-05,2.97,2.97,1.2,0.004632159,2.969187,0.00055312,1.383153e-07,1.2,1.516314e-11,2.970005,0.01742855,6.799342e-06,1.2,2.655096e-10,4.125181e-12,3.092637e-12,1.2582e-13,1.714332e-12,2.971845e-12,2.168514e-12
3.458658e-05,2.97,2.97,1.2,0.004619344,2.969182,0.000556846,1.382999e-07,1.2,1.51613e-11,2.970005,0.01753853,6.793821e-06,1.2,2.652942e-10,4.087801e-12,3.089085e-12,1.257349e-13,1.715242e-12,2.971401e-12,2.166791e-12
3.468658e-05,2.97,2.97,1.2,0.004606565,2.969176,0.0005605706,1.382536e-07,1.2,1.515633e-11,2.970005,0.0176484,6.788378e-06,1.2,2.650818e-10,4.054518e-12,3.085088e-12,1.256258e-13,1.71641e-12,2.971845e-12,2.165085e-12
3.478658e-05,2.97,2.97,1.2,0.004593821,2.96917,0.0005642942,1.382553e-07,1.2,1.515651e-11,2.970005,0.01775816,6.782983e-06,1.2,2.648713e-10,4.028778e-12,3.081979e-12,1.255568e-13,1.717935e-12,2.971401e-12,2.163347e-12
3.488658e-05,2.97,2.97,1.2,0.004581113,2.969164,0.0005680165,1.381691e-07,1.2,1.514707e-11,2.970005,0.01786782,6.777594e-06,1.2,2.64661e-10,4.005262e-12,3.079759e-12,1.254542e-13,1.719839e-12,2.971401e-12,2.16166e-12
3.498658e-05,2.97,2.97,1.2,0.004568439,2.969159,0.0005717376,1.381961e-07,1.2,1.515017e-11,2.970005,0.01797738,6.772279e-06,1.2,2.644535e-10,3.984453e-12,3.077538e-12,1.254232e-13,1.71952e-12,2.970957e-12,2.159981e-12
3.508658e-05,2.97,2.97,1.2,0.004555801,2.969153,0.0005754575,1.381543e-07,1.2,1.514547e-11,2.970005,0.01808682,6.767032e-06,1.2,2.642487e-10,3.965577e-12,3.075762e-12,1.253514e-13,1.72238e-12,2.971845e-12,2.158351e-12
3.518658e-05,2.97,2.97,1.2,0.004543197,2.969147,0.0005791761,1.381262e-07,1.2,1.51425e-11,2.970005,0.01819617,6.761698e-06,1.2,2.640405e-10,3.949146e-12,3.073986e-12,1.253275e-13,1.723115e-12,2.971401e-12,2.156583e-12
3.528658e-05,2.97,2.97,1.2,0.004530629,2.969141,0.0005828935,1.381199e-07,1.2,1.514172e-11,2.970005,0.01830541,6.756369e-06,1.2,2.638328e-10,3.934511e-12,3.072209e-12,1.252412e-13,1.723928e-12,2.971401e-12,2.154899e-12
3.538658e-05,2.97,2.97,1.2,0.004518095,2.969136,0.0005866098,1.381419e-07,1.2,1.514419e-11,2.970005,0.01841456,6.751114e-06,1.2,2.636277e-10,3.92056e-12,3.070877e-12,1.252608e-13,1.725373e-12,2.971401e-12,2.15326e-12
3.548658e-05,2.97,2.97,1.2,0.004505596,2.96913,0.0005903248,1.381312e-07,1.2,1.514298e-11,2.970005,0.01852359,6.745939e-06,1.2,2.634256e-10,3.907754e-12,3.069545e-12,1.25208e-13,1.72707e-12,2.971401e-12,2.151639e-12
3.558658e-05,2.97,2.97,1.2,0.004493131,2.969124,0.0005940386,1.380471e-07,1.2,1.513397e-11,2.970005,0.01863253,6.740795e-06,1.2,2.632248e-10,3.895347e-12,3.068656e-12,1.251122e-13,1.729292e-12,2.971845e-12,2.150003e-12
3.568658e-05,2.97,2.97,1.2,0.004480701,2.969118,0.0005977513,1.380407e-07,1.2,1.513334e-11,2.970005,0.01874137,6.735688e-06,1.2,2.630256e-10,3.884013e-12,3.06688e-12,1.251285e-13,1.729275e-12,2.971401e-12,2.148373e-12
3.578658e-05,2.97,2.97,1.2,0.004468305,2.969112,0.0006014626,1.380707e-07,1.2,1.51365e-11,2.970005,0.01885011,6.730596e-06,1.2,2.628268e-10,3.873132e-12,3.065104e-12,1.251212e-13,1.732182e-12,2.971401e-12,2.146772e-12
3.588658e-05,2.97,2.97,1.2,0.004455944,2.969107,0.0006051729,1.380487e-07,1.2,1.513413e-11,2.970006,0.01895874,6.725555e-06,1.2,2.626302e-10,3.862541e-12,3.06466e-12,1.250671e-13,1.733115e-12,2.971401e-12,2.1452e-12
3.598658e-05,2.97,2.97,1.2,0.004443616,2.969101,0.000608882,1.380385e-07,1.2,1.513305e-11,2.970006,0.01906728,6.720583e-06,1.2,2.624363e-10,3.852175e-12,3.063771e-12,1.250346e-13,1.734278e-12,2.970957e-12,2.14363e-12
3.608658e-05,2.97,2.97,1.2,0.004431322,2.969095,0.0006125898,1.379983e-07,1.2,1.512871e-11,2.970006,0.01917572,6.715662e-06,1.2,2.622441e-10,3.841722e-12,3.061995e-12,1.249726e-13,1.735888e-12,2.971845e-12,2.142072e-12
3.618658e-05,2.97,2.97,1.2,0.004419062,2.969089,0.0006162964,1.3796e-07,1.2,1.512465e-11,2.970006,0.01928406,6.710774e-06,1.2,2.620534e-10,3.831776e-12,3.061107e-12,1.249454e-13,1.737927e-12,2.971401e-12,2.140535e-12
3.628658e-05,2.97,2.97,1.2,0.004406808,2.969084,0.0006200018,1.379659e-07,1.2,1.512527e-11,2.970006,0.01939231,6.705957e-06,1.2,2.618655e-10,3.819551e-12,3.059775e-12,1.249318e-13,1.740468e-12,2.971401e-12,2.139013e-12
3.638658e-05,2.97,2.97,1.2,0.004394531,2.969078,0.000623706,1.378752e-07,1.2,1.511551e-11,2.970006,0.01950046,6.701183e-06,1.2,2.616792e-10,3.810449e-12,3.059331e-12,1.248006e-13,1.742985e-12,2.971401e-12,2.137506e-12
3.648658e-05,2.97,2.97,1.2,0.004382306,2.969072,0.000627409,1.378154e-07,1.2,1.510885e-11,2.970006,0.01960851,6.696434e-06,1.2,2.61494e-10,3.800351e-12,3.057998e-12,1.24733e-13,1.743326e-12,2.971845e-12,2.136011e-12
3.658658e-05,2.97,2.97,1.2,0.004370821,2.969066,0.0006311112,1.379056e-07,1.2,1.511879e-11,2.970006,0.01971646,6.691734e-06,1.2,2.613104e-10,3.794189e-12,3.057554e-12,1.248135e-13,1.744181e-12,2.971401e-12,2.134528e-12
3.668658e-05,2.97,2.97,1.2,0.004399377,2.969061,0.0006348253,1.383332e-07,1.2,1.5165e-11,2.970006,0.01982433,6.687082e-06,1.2,2.611288e-10,3.941935e-12,3.072653e-12,1.253676e-13,1.748224e-12,2.971401e-12,2.133081e-12
3.678658e-05,2.97,2.97,1.2,0.004875827,2.969063,0.0006386598,1.419164e-07,1.2,1.55532e-11,2.970006,0.01993209,6.682534e-06,1.2,2.609513e-10,4.463665e-12,3.12772e-12,1.287147e-13,1.747162e-12,2.971401e-12,2.131654e-12
3.688658e-05,2.97,2.97,1.2,0.004708107,2.969053,0.000642285,1.371272e-07,1.2,1.503406e-11,2.970006,0.02003977,6.678041e-06,1.2,2.607762e-10,5.134332e-12,3.199219e-12,1.270347e-13,1.749311e-12,2.971401e-12,2.130236e-12
3.696938e-05,2.97,2.97,1.2,0.004695449,2.969049,0.0006453517,1.376584e-07,1.2,1.509167e-11,2.970006,0.02012884,6.674335e-06,1.2,2.606315e-10,4.642017e-12,3.14726e-12,1.264041e-13,1.750762e-12,2.971401e-12,2.129012e-12
3.70213e-05,2.97,2.97,1.2,0.004688735,2.969046,0.0006472735,1.378499e-07,1.2,1.511252e-11,2.970006,0.02018467,6.672e-06,1.2,2.605404e-10,4.400347e-12,3.121503e-12,1.259992e-13,1.750806e-12,2.971401e-12,2.12836e-12
3.706427e-05,2.97,2.97,1.2,0.004683162,2.969043,0.0006488622,1.378626e-07,1.2,1.511411e-11,2.970006,0.02023086,6.670061e-06,1.2,2.604646e-10,4.344908e-12,3.115286e-12,1.258693e-13,1.750725e-12,2.971401e-12,2.127672e-12
3.711963e-05,2.97,2.97,1.2,0.004675985,2.96904,0.0006509077,1.378514e-07,1.2,1.511269e-11,2.970006,0.02029033,6.667405e-06,1.2,2.60361e-10,4.333186e-12,3.114842e-12,1.258884e-13,1.752016e-12,2.971401e-12,2.126777e-12
3.721963e-05,2.97,2.97,1.2,0.00466305,2.969034,0.0006546017,1.378219e-07,1.2,1.510949e-11,2.970006,0.0203977,6.662973e-06,1.2,2.60188e-10,4.329215e-12,3.114398e-12,1.258438e-13,1.75381e-12,2.970957e-12,2.125324e-12
3.731963e-05,2.97,2.97,1.2,0.00465015,2.969029,0.0006582946,1.377423e-07,1.2,1.510094e-11,2.970006,0.02050497,6.658298e-06,1.2,2.600056e-10,4.325919e-12,3.113509e-12,1.257634e-13,1.755111e-12,2.971401e-12,2.123887e-12
3.741963e-05,2.97,2.97,1.2,0.004637286,2.969023,0.0006619862,1.376678e-07,1.2,1.509272e-11,2.970006,0.02061215,6.653726e-06,1.2,2.598272e-10,4.322945e-12,3.113509e-12,1.257027e-13,1.756298e-12,2.971845e-12,2.122453e-12
3.751963e-05,2.97,2.97,1.2,0.004624457,2.969017,0.0006656767,1.377032e-07,1.2,1.509672e-11,2.970006,0.02071924,6.649235e-06,1.2,2.596521e-10,4.319924e-12,3.113065e-12,1.257122e-13,1.757869e-12,2.971401e-12,2.121064e-12
3.761963e-05,2.97,2.97,1.2,0.004611664,2.969011,0.000669366,1.376522e-07,1.2,1.509107e-11,2.970006,0.02082624,6.644834e-06,1.2,2.594803e-10,4.317204e-12,3.112621e-12,1.256911e-13,1.759693e-12,2.971845e-12,2.119685e-12
3.771963e-05,2.97,2.97,1.2,0.004598906,2.969006,0.0006730541,1.377228e-07,1.2,1.50988e-11,2.970006,0.02093315,6.640497e-06,1.2,2.593109e-10,4.314264e-12,3.113065e-12,1.257068e-13,1.759413e-12,2.971401e-12,2.118329e-12
3.781963e-05,2.97,2.97,1.2,0.004586184,2.969,0.000676741,1.377375e-07,1.2,1.510047e-11,2.970006,0.02103997,6.636229e-06,1.2,2.591445e-10,4.311105e-12,3.112621e-12,1.257434e-13,1.762132e-12,2.971401e-12,2.117006e-12
3.791963e-05,2.97,2.97,1.2,0.004573497,2.968994,0.0006804267,1.376734e-07,1.2,1.509334e-11,2.970006,0.02114671,6.631815e-06,1.2,2.589721e-10,4.308415e-12,3.112177e-12,1.257017e-13,1.762522e-12,2.971401e-12,2.115488e-12
3.801963e-05,2.97,2.97,1.2,0.004560845,2.968988,0.0006841112,1.376761e-07,1.2,1.509357e-11,2.970006,0.02125335,6.627394e-06,1.2,2.587996e-10,4.305217e-12,3.110845e-12,1.256751e-13,1.763545e-12,2.970957e-12,2.11411e-12
3.811963e-05,2.97,2.97,1.2,0.004548228,2.968982,0.0006877946,1.376816e-07,1.2,1.509421e-11,2.970006,0.02135991,6.623114e-06,1.2,2.586327e-10,4.302344e-12,3.111289e-12,1.256804e-13,1.764431e-12,2.970957e-12,2.112904e-12
3.821963e-05,2.97,2.97,1.2,0.004535646,2.968977,0.0006914767,1.376222e-07,1.2,1.50878e-11,2.970006,0.02146638,6.618914e-06,1.2,2.584689e-10,4.299675e-12,3.111289e-12,1.25613e-13,1.765872e-12,2.971401e-12,2.111477e-12
3.831963e-05,2.97,2.97,1.2,0.004523098,2.968971,0.0006951577,1.376576e-07,1.2,1.509167e-11,2.970006,0.02157277,6.614712e-06,1.2,2.583048e-10,4.296904e-12,3.110401e-12,1.256757e-13,1.767566e-12,2.971401e-12,2.110148e-12
3.841963e-05,2.97,2.97,1.2,0.004510586,2.968965,0.0006988375,1.376151e-07,1.2,1.5087e-11,2.970006,0.02167907,6.610564e-06,1.2,2.581427e-10,4.294225e-12,3.109957e-12,1.255955e-13,1.769796e-12,2.970957e-12,2.108839e-12
3.851963e-05,2.97,2.97,1.2,0.004498108,2.968959,0.0007025161,1.375202e-07,1.2,1.507683e-11,2.970006,0.02178528,6.606452e-06,1.2,2.579826e-10,4.291231e-12,3.109957e-12,1.255005e-13,1.769662e-12,2.971401e-12,2.107542e-12
3.861963e-05,2.97,2.97,1.2,0.004485664,2.968954,0.0007061935,1.375568e-07,1.2,1.508081e-11,2.970006,0.02189141,6.602396e-06,1.2,2.578241e-10,4.288621e-12,3.110401e-12,1.255524e-13,1.772536e-12,2.970957e-12,2.106279e-12
3.871963e-05,2.97,2.97,1.2,0.004473255,2.968948,0.0007098698,1.376425e-07,1.2,1.508999e-11,2.970006,0.02199745,6.598376e-06,1.2,2.576673e-10,4.286023e-12,3.109513e-12,1.256162e-13,1.772887e-12,2.971401e-12,2.105012e-12
3.881963e-05,2.97,2.97,1.2,0.00446088,2.968942,0.0007135448,1.375638e-07,1.2,1.508149e-11,2.970006,0.02210341,6.594406e-06,1.2,2.575124e-10,4.280535e-12,3.109069e-12,1.255061e-13,1.773849e-12,2.971401e-12,2.103765e-12
3.891963e-05,2.97,2.97,1.2,0.004448539,2.968936,0.0007172187,1.374836e-07,1.2,1.507298e-11,2.970006,0.02220929,6.590459e-06,1.2,2.573581e-10,4.277868e-12,3.108624e-12,1.254912e-13,1.774832e-12,2.971845e-12,2.102518e-12
3.901963e-05,2.97,2.97,1.2,0.004436232,2.96893,0.0007208915,1.374207e-07,1.2,1.506608e-11,2.970006,0.02231509,6.586577e-06,1.2,2.572069e-10,4.275203e-12,3.108624e-12,1.25385e-13,1.77633e-12,2.971401e-12,2.101305e-12
3.911963e-05,2.97,2.97,1.2,0.004423952,2.968925,0.000724563,1.374718e-07,1.2,1.507165e-11,2.970006,0.0224208,6.582783e-06,1.2,2.570588e-10,4.272835e-12,3.108624e-12,1.254328e-13,1.778396e-12,2.971401e-12,2.100139e-12
3.921963e-05,2.97,2.97,1.2,0.004411646,2.968919,0.0007282334,1.374783e-07,1.2,1.507235e-11,2.970006,0.02252643,6.578949e-06,1.2,2.569092e-10,4.269759e-12,3.107292e-12,1.254315e-13,1.777934e-12,2.970957e-12,2.09878e-12
3.931963e-05,2.97,2.97,1.2,0.004399364,2.968913,0.0007319026,1.374798e-07,1.2,1.507251e-11,2.970006,0.02263198,6.574957e-06,1.2,2.567532e-10,4.267123e-12,3.107292e-12,1.254159e-13,1.780575e-12,2.971401e-12,2.097553e-12
3.941963e-05,2.97,2.97,1.2,0.004387195,2.968907,0.0007355707,1.374298e-07,1.2,1.506714e-11,2.970006,0.02273744,6.571025e-06,1.2,2.566e-10,4.263186e-12,3.106848e-12,1.253844e-13,1.780415e-12,2.971401e-12,2.096305e-12
3.951963e-05,2.97,2.97,1.2,0.004381621,2.968902,0.0007392398,1.374832e-07,1.2,1.50729e-11,2.970006,0.02284283,6.567276e-06,1.2,2.564537e-10,4.289796e-12,3.109957e-12,1.254615e-13,1.783665e-12,2.970957e-12,2.095136e-12
3.961963e-05,2.97,2.97,1.2,0.004577499,2.9689,0.0007429715,1.39666e-07,1.2,1.530938e-11,2.970006,0.02294814,6.563435e-06,1.2,2.563038e-10,4.928495e-12,3.178346e-12,1.281746e-13,1.78446e-12,2.971401e-12,2.09393e-12
3.971963e-05,2.97,2.97,1.2,0.004867071,2.968895,0.0007466522,1.365762e-07,1.2,1.497462e-11,2.970006,0.02305336,6.559719e-06,1.2,2.561587e-10,2.574294e-12,2.927436e-12,1.213781e-13,1.785497e-12,2.970957e-12,2.09288e-12
3.981963e-05,2.97,2.97,1.2,0.004710098,2.968889,0.0007503193,1.373727e-07,1.2,1.506115e-11,2.970006,0.02315851,6.556028e-06,1.2,2.560148e-10,2.778088e-12,2.948752e-12,1.222194e-13,1.78699e-12,2.971401e-12,2.091606e-12
3.989001e-05,2.97,2.97,1.2,0.004700684,2.968885,0.0007528945,1.373543e-07,1.2,1.505915e-11,2.970006,0.02323247,6.553563e-06,1.2,2.559184e-10,2.988834e-12,2.970957e-12,1.226916e-13,1.786533e-12,2.971401e-12,2.090878e-12
3.99407e-05,2.97,2.97,1.2,0.00469406,2.968882,0.0007547496,1.373225e-07,1.2,1.505571e-11,2.970006,0.02328572,6.551786e-06,1.2,2.558492e-10,3.093024e-12,2.982059e-12,1.228717e-13,1.787677e-12,2.971401e-12,2.09046e-12
3.998981e-05,2.97,2.97,1.2,0.004687676,2.968879,0.0007565469,1.37298e-07,1.2,1.505285e-11,2.970006,0.02333728,6.550111e-06,1.2,2.557838e-10,3.121436e-12,2.985612e-12,1.229018e-13,1.788593e-12,2.970957e-12,2.089761e-12
4.008981e-05,2.97,2.97,1.2,0.004674707,2.968873,0.0007602067,1.373089e-07,1.2,1.505403e-11,2.970006,0.02344221,6.546466e-06,1.2,2.556416e-10,3.126074e-12,2.986056e-12,1.229102e-13,1.789458e-12,2.971401e-12,2.088584e-12
4.018981e-05,2.97,2.97,1.2,0.004661775,2.968868,0.0007638653,1.372244e-07,1.2,1.504495e-11,2.970007,0.02354707,6.542812e-06,1.2,2.554991e-10,3.127119e-12,2.986056e-12,1.228419e-13,1.789472e-12,2.971845e-12,2.087432e-12
4.028981e-05,2.97,2.97,1.2,0.004648878,2.968862,0.0007675228,1.37208e-07,1.2,1.50432e-11,2.970007,0.02365186,6.539213e-06,1.2,2.553586e-10,3.125247e-12,2.985612e-12,1.228525e-13,1.792378e-12,2.970957e-12,2.086314e-12
4.038981e-05,2.97,2.97,1.2,0.004636017,2.968856,0.0007711791,1.372747e-07,1.2,1.50505e-11,2.970007,0.02375656,6.535674e-06,1.2,2.552204e-10,3.121268e-12,2.985168e-12,1.228614e-13,1.792962e-12,2.971845e-12,2.085206e-12
4.048981e-05,2.97,2.97,1.2,0.004623192,2.96885,0.0007748342,1.372115e-07,1.2,1.504356e-11,2.970007,0.02386119,6.532156e-06,1.2,2.55083e-10,3.116022e-12,2.984724e-12,1.228092e-13,1.796252e-12,2.971401e-12,2.08408e-12
4.058981e-05,2.97,2.97,1.2,0.004610402,2.968844,0.0007784882,1.372053e-07,1.2,1.504269e-11,2.970007,0.02396575,6.528692e-06,1.2,2.54948e-10,3.108082e-12,2.984279e-12,1.22828e-13,1.797389e-12,2.971401e-12,2.082992e-12
4.068981e-05,2.97,2.97,1.2,0.004597648,2.968839,0.0007821411,1.372386e-07,1.2,1.50466e-11,2.970007,0.02407023,6.525266e-06,1.2,2.548141e-10,3.101235e-12,2.983391e-12,1.227883e-13,1.798909e-12,2.971845e-12,2.081931e-12
4.078981e-05,2.97,2.97,1.2,0.004584928,2.968833,0.0007857928,1.371793e-07,1.2,1.503991e-11,2.970007,0.02417464,6.521891e-06,1.2,2.546825e-10,3.093699e-12,2.982059e-12,1.227628e-13,1.800446e-12,2.970957e-12,2.080867e-12
4.088981e-05,2.97,2.97,1.2,0.004572244,2.968827,0.0007894433,1.371183e-07,1.2,1.50335e-11,2.970007,0.02427897,6.518541e-06,1.2,2.545518e-10,3.085972e-12,2.981615e-12,1.226838e-13,1.799626e-12,2.970957e-12,2.0798e-12
4.098981e-05,2.97,2.97,1.2,0.004559595,2.968821,0.0007930927,1.371809e-07,1.2,1.504024e-11,2.970007,0.02438323,6.515235e-06,1.2,2.544229e-10,3.078095e-12,2.980727e-12,1.227217e-13,1.801963e-12,2.971401e-12,2.078763e-12
4.108981e-05,2.97,2.97,1.2,0.004546981,2.968816,0.0007967409,1.372004e-07,1.2,1.504231e-11,2.970007,0.02448741,6.511967e-06,1.2,2.542954e-10,3.06956e-12,2.979395e-12,1.227012e-13,1.80191e-12,2.970957e-12,2.077743e-12
4.118981e-05,2.97,2.97,1.2,0.004534402,2.96881,0.0008003879,1.371162e-07,1.2,1.503307e-11,2.970007,0.02459152,6.508677e-06,1.2,2.541668e-10,3.060854e-12,2.97895e-12,1.226118e-13,1.804775e-12,2.970957e-12,2.076676e-12
4.128981e-05,2.97,2.97,1.2,0.004521858,2.968804,0.0008040337,1.370767e-07,1.2,1.502881e-11,2.970007,0.02469556,6.505423e-06,1.2,2.540399e-10,3.051946e-12,2.978062e-12,1.225476e-13,1.805268e-12,2.970957e-12,2.075664e-12
4.138981e-05,2.97,2.97,1.2,0.004509348,2.968798,0.0008076784,1.370166e-07,1.2,1.502238e-11,2.970007,0.02479953,6.502228e-06,1.2,2.539152e-10,3.042895e-12,2.97673e-12,1.225031e-13,1.805912e-12,2.971401e-12,2.074658e-12
4.148981e-05,2.97,2.97,1.2,0.004496873,2.968792,0.0008113219,1.370876e-07,1.2,1.502997e-11,2.970007,0.02490343,6.499063e-06,1.2,2.537918e-10,3.033876e-12,2.975842e-12,1.225303e-13,1.80703e-12,2.971401e-12,2.073658e-12
4.158981e-05,2.97,2.97,1.2,0.004484432,2.968787,0.0008149643,1.371075e-07,1.2,1.503218e-11,2.970007,0.02500725,6.495941e-06,1.2,2.536699e-10,3.022662e-12,2.974954e-12,1.225694e-13,1.808447e-12,2.971845e-12,2.072686e-12
4.168981e-05,2.97,2.97,1.2,0.004472026,2.968781,0.0008186055,1.370449e-07,1.2,1.502555e-11,2.970007,0.02511101,6.492873e-06,1.2,2.535502e-10,3.013758e-12,2.974065e-12,1.224389e-13,1.80995e-12,2.971845e-12,2.071721e-12
4.178981e-05,2.97,2.97,1.2,0.004459654,2.968775,0.0008222456,1.37015e-07,1.2,1.502217e-11,2.970007,0.02521469,6.489865e-06,1.2,2.534328e-10,3.004952e-12,2.972733e-12,1.223893e-13,1.809274e-12,2.971845e-12,2.070803e-12
4.188981e-05,2.97,2.97,1.2,0.004447316,2.968769,0.0008258844,1.369641e-07,1.2,1.501673e-11,2.970007,0.0253183,6.486921e-06,1.2,2.533179e-10,2.995935e-12,2.971845e-12,1.223397e-13,1.811723e-12,2.971401e-12,2.069893e-12
4.198981e-05,2.97,2.97,1.2,0.004435007,2.968764,0.0008295222,1.369029e-07,1.2,1.501011e-11,2.970007,0.02542185,6.483834e-06,1.2,2.531974e-10,2.986942e-12,2.971401e-12,1.222547e-13,1.811853e-12,2.971401e-12,2.068818e-12
4.208981e-05,2.97,2.97,1.2,0.004422676,2.968758,0.0008331587,1.368634e-07,1.2,1.50059e-11,2.970007,0.02552533,6.480756e-06,1.2,2.530773e-10,2.975834e-12,2.970069e-12,1.222185e-13,1.814404e-12,2.971401e-12,2.067856e-12
4.218981e-05,2.97,2.97,1.2,0.004410361,2.968752,0.0008367941,1.369165e-07,1.2,1.501162e-11,2.970007,0.02562873,6.477733e-06,1.2,2.529593e-10,2.966544e-12,2.968736e-12,1.222752e-13,1.814934e-12,2.971401e-12,2.066937e-12
4.228981e-05,2.97,2.97,1.2,0.004398137,2.968746,0.0008404283,1.369493e-07,1.2,1.501504e-11,2.970007,0.02573207,6.474804e-06,1.2,2.528449e-10,2.957181e-12,2.968292e-12,1.222207e-13,1.815485e-12,2.971845e-12,2.066015e-12
4.238981e-05,2.97,2.97,1.2,0.004390714,2.968741,0.000844063,1.369196e-07,1.2,1.501199e-11,2.970007,0.02583535,6.471838e-06,1.2,2.527294e-10,2.969783e-12,2.96918e-12,1.222168e-13,1.816349e-12,2.971845e-12,2.065049e-12
4.248981e-05,2.97,2.97,1.2,0.00454731,2.968738,0.0008477491,1.386377e-07,1.2,1.519801e-11,2.970007,0.02593855,6.468943e-06,1.2,2.526163e-10,3.509423e-12,3.026912e-12,1.244067e-13,1.817514e-12,2.971401e-12,2.064169e-12
4.258981e-05,2.97,2.97,1.2,0.004919977,2.968735,0.0008514294,1.370994e-07,1.2,1.503141e-11,2.970007,0.02604169,6.46603e-06,1.2,2.525028e-10,1.54625e-12,2.817746e-12,1.194107e-13,1.819207e-12,2.971401e-12,2.063146e-12
4.268981e-05,2.97,2.97,1.2,0.004721473,2.968728,0.0008550508,1.374153e-07,1.2,1.506576e-11,2.970007,0.02614476,6.46311e-06,1.2,2.523888e-10,2.656036e-12,2.936318e-12,1.218907e-13,1.820765e-12,2.970957e-12,2.062241e-12
4.276596e-05,2.97,2.97,1.2,0.004711242,2.968724,0.0008578051,1.369918e-07,1.2,1.501969e-11,2.970007,0.02622321,6.461023e-06,1.2,2.523073e-10,3.272467e-12,3.001155e-12,1.228812e-13,1.819866e-12,2.970957e-12,2.061631e-12
4.281883e-05,2.97,2.97,1.2,0.004704334,2.96872,0.0008597192,1.367981e-07,1.2,1.499884e-11,2.970007,0.02627765,6.459477e-06,1.2,2.52247e-10,3.441622e-12,3.019363e-12,1.231031e-13,1.82159e-12,2.971845e-12,2.061071e-12
4.286985e-05,2.97,2.97,1.2,0.004697687,2.968717,0.0008615694,1.367328e-07,1.2,1.499179e-11,2.970007,0.02633017,6.458053e-06,1.2,2.521914e-10,3.394245e-12,3.014478e-12,1.229379e-13,1.822787e-12,2.971401e-12,2.060652e-12
4.296985e-05,2.97,2.97,1.2,0.004684691,2.968712,0.0008651955,1.367179e-07,1.2,1.499011e-11,2.970007,0.02643306,6.455197e-06,1.2,2.520801e-10,3.357496e-12,3.010481e-12,1.228372e-13,1.822187e-12,2.970957e-12,2.059783e-12
4.306985e-05,2.97,2.97,1.2,0.00467173,2.968706,0.0008688206,1.367987e-07,1.2,1.49989e-11,2.970007,0.02653588,6.452386e-06,1.2,2.519703e-10,3.32134e-12,3.00604e-12,1.22903e-13,1.824834e-12,2.970957e-12,2.058927e-12
4.316985e-05,2.97,2.97,1.2,0.004658806,2.9687,0.0008724444,1.368186e-07,1.2,1.500089e-11,2.970007,0.02663864,6.449619e-06,1.2,2.518622e-10,3.288025e-12,3.002931e-12,1.227978e-13,1.825222e-12,2.971845e-12,2.058055e-12
4.326985e-05,2.97,2.97,1.2,0.004645917,2.968694,0.0008760671,1.367665e-07,1.2,1.499536e-11,2.970007,0.02674134,6.446927e-06,1.2,2.517571e-10,3.258076e-12,2.999823e-12,1.226799e-13,1.825492e-12,2.971401e-12,2.057212e-12
4.336985e-05,2.97,2.97,1.2,0.004633064,2.968688,0.0008796886,1.367332e-07,1.2,1.499184e-11,2.970007,0.02684397,6.444251e-06,1.2,2.51653e-10,3.231045e-12,2.997602e-12,1.226211e-13,1.826402e-12,2.971401e-12,2.056367e-12
4.346985e-05,2.97,2.97,1.2,0.004620247,2.968683,0.0008833091,1.367285e-07,1.2,1.49913e-11,2.970007,0.02694654,6.441596e-06,1.2,2.515492e-10,3.20689e-12,2.994938e-12,1.225636e-13,1.827288e-12,2.971845e-12,2.055534e-12
4.356985e-05,2.97,2.97,1.2,0.004607465,2.968677,0.0008869283,1.367019e-07,1.2,1.498846e-11,2.970007,0.02704904,6.438959e-06,1.2,2.514464e-10,3.184369e-12,2.991385e-12,1.224909e-13,1.828338e-12,2.970957e-12,2.054701e-12
4.366985e-05,2.97,2.97,1.2,0.004594718,2.968671,0.0008905463,1.366656e-07,1.2,1.498433e-11,2.970007,0.02715149,6.436368e-06,1.2,2.513452e-10,3.163652e-12,2.989164e-12,1.224122e-13,1.829893e-12,2.971401e-12,2.053882e-12
4.376985e-05,2.97,2.97,1.2,0.004582007,2.968665,0.0008941632,1.365749e-07,1.2,1.49746e-11,2.970007,0.02725387,6.433821e-06,1.2,2.512456e-10,3.144569e-12,2.988276e-12,1.223051e-13,1.831416e-12,2.971401e-12,2.053099e-12
4.386985e-05,2.97,2.97,1.2,0.004569331,2.96866,0.000897779,1.366034e-07,1.2,1.497765e-11,2.970007,0.02735619,6.431268e-06,1.2,2.511462e-10,3.126695e-12,2.985612e-12,1.222868e-13,1.830793e-12,2.971845e-12,2.052202e-12
4.396985e-05,2.97,2.97,1.2,0.004556689,2.968654,0.0009013936,1.365784e-07,1.2,1.497497e-11,2.970007,0.02745844,6.428769e-06,1.2,2.510486e-10,3.108996e-12,2.984279e-12,1.222215e-13,1.832851e-12,2.970957e-12,2.051517e-12
4.406985e-05,2.97,2.97,1.2,0.004544083,2.968648,0.000905007,1.365764e-07,1.2,1.497476e-11,2.970007,0.02756064,6.426149e-06,1.2,2.509464e-10,3.092547e-12,2.982059e-12,1.221818e-13,1.832845e-12,2.970957e-12,2.050586e-12
4.416985e-05,2.97,2.97,1.2,0.004531512,2.968642,0.0009086193,1.36675e-07,1.2,1.498539e-11,2.970007,0.02766278,6.423673e-06,1.2,2.508498e-10,3.076132e-12,2.980283e-12,1.222534e-13,1.835511e-12,2.971401e-12,2.04984e-12
4.426985e-05,2.97,2.97,1.2,0.004518975,2.968637,0.0009122305,1.366103e-07,1.2,1.49784e-11,2.970007,0.02776485,6.421152e-06,1.2,2.507513e-10,3.060768e-12,2.97895e-12,1.221534e-13,1.835778e-12,2.971401e-12,2.049146e-12
4.436985e-05,2.97,2.97,1.2,0.004506473,2.968631,0.0009158405,1.365327e-07,1.2,1.496983e-11,2.970007,0.02786687,6.4188e-06,1.2,2.506597e-10,3.045271e-12,2.977174e-12,1.220372e-13,1.838951e-12,2.971401e-12,2.048282e-12
4.446985e-05,2.97,2.97,1.2,0.004494006,2.968625,0.0009194493,1.365031e-07,1.2,1.496667e-11,2.970007,0.02796883,6.41633e-06,1.2,2.505632e-10,3.030073e-12,2.974954e-12,1.219898e-13,1.84219e-12,2.971845e-12,2.047633e-12
4.456985e-05,2.97,2.97,1.2,0.004481573,2.968619,0.0009230569,1.364809e-07,1.2,1.496426e-11,2.970007,0.02807072,6.41387e-06,1.2,2.504672e-10,3.012511e-12,2.973621e-12,1.219302e-13,1.84323e-12,2.971401e-12,2.046742e-12
4.466985e-05,2.97,2.97,1.2,0.004469174,2.968613,0.0009266635,1.363852e-07,1.2,1.495395e-11,2.970007,0.02817256,6.411604e-06,1.2,2.503788e-10,2.998109e-12,2.972289e-12,1.217882e-13,1.844338e-12,2.971401e-12,2.04614e-12
4.476985e-05,2.97,2.97,1.2,0.004456809,2.968608,0.0009302689,1.363965e-07,1.2,1.495529e-11,2.970007,0.02827434,6.409208e-06,1.2,2.502853e-10,2.983733e-12,2.970957e-12,1.218358e-13,1.845681e-12,2.971401e-12,2.04527e-12
4.486985e-05,2.97,2.97,1.2,0.004444473,2.968602,0.0009338732,1.364613e-07,1.2,1.496233e-11,2.970007,0.02837607,6.407006e-06,1.2,2.501993e-10,2.968993e-12,2.968736e-12,1.218059e-13,1.847321e-12,2.971401e-12,2.044697e-12
4.496985e-05,2.97,2.97,1.2,0.004432116,2.968596,0.0009374763,1.363578e-07,1.2,1.49511e-11,2.970007,0.02847773,6.404649e-06,1.2,2.501075e-10,2.954172e-12,2.967404e-12,1.217002e-13,1.846948e-12,2.971401e-12,2.043839e-12
4.506985e-05,2.97,2.97,1.2,0.004419775,2.96859,0.0009410783,1.364009e-07,1.2,1.495572e-11,2.970007,0.02857934,6.402424e-06,1.2,2.500205e-10,2.937432e-12,2.965628e-12,1.217181e-13,1.848784e-12,2.971845e-12,2.043135e-12
4.516985e-05,2.97,2.97,1.2,0.004407524,2.968585,0.0009446792,1.364432e-07,1.2,1.496023e-11,2.970008,0.02868089,6.400286e-06,1.2,2.499372e-10,2.923911e-12,2.963851e-12,1.217228e-13,1.848396e-12,2.971401e-12,2.04259e-12
4.526985e-05,2.97,2.97,1.2,0.004400024,2.968579,0.0009482805,1.364865e-07,1.2,1.496493e-11,2.970008,0.02878239,6.398015e-06,1.2,2.498483e-10,2.928466e-12,2.96474e-12,1.217595e-13,1.850949e-12,2.971401e-12,2.041748e-12
4.536985e-05,2.97,2.97,1.2,0.004555392,2.968576,0.0009519328,1.381627e-07,1.2,1.514653e-11,2.970008,0.02888383,6.395853e-06,1.2,2.497642e-10,3.463343e-12,3.021139e-12,1.238912e-13,1.851111e-12,2.971401e-12,2.041075e-12
4.546985e-05,2.97,2.97,1.2,0.004930428,2.968573,0.0009555809,1.366285e-07,1.2,1.498057e-11,2.970008,0.02898521,6.39372e-06,1.2,2.496809e-10,1.507916e-12,2.813749e-12,1.18918e-13,1.85163e-12,2.971845e-12,2.040385e-12
4.556985e-05,2.97,2.97,1.2,0.004730696,2.968567,0.0009591686,1.369445e-07,1.2,1.501467e-11,2.970008,0.02908654,6.391531e-06,1.2,2.495957e-10,2.642363e-12,2.934097e-12,1.214268e-13,1.852152e-12,2.971401e-12,2.039836e-12
4.564605e-05,2.97,2.97,1.2,0.004720438,2.968562,0.0009618989,1.364802e-07,1.2,1.496422e-11,2.970008,0.02916371,6.390031e-06,1.2,2.495371e-10,3.263187e-12,3.000267e-12,1.224009e-13,1.853064e-12,2.970957e-12,2.039331e-12
4.570114e-05,2.97,2.97,1.2,0.004713227,2.968559,0.0009638756,1.363537e-07,1.2,1.495059e-11,2.970008,0.02921949,6.388933e-06,1.2,2.494941e-10,3.424329e-12,3.017142e-12,1.226456e-13,1.854025e-12,2.971401e-12,2.038946e-12
4.575282e-05,2.97,2.97,1.2,0.004706483,2.968556,0.0009657318,1.363336e-07,1.2,1.494844e-11,2.970008,0.02927179,6.387877e-06,1.2,2.494527e-10,3.37028e-12,3.011369e-12,1.225572e-13,1.85379e-12,2.971401e-12,2.038559e-12
4.585282e-05,2.97,2.97,1.2,0.004693462,2.96855,0.0009693246,1.363625e-07,1.2,1.495141e-11,2.970008,0.02937296,6.385698e-06,1.2,2.493677e-10,3.326445e-12,3.006928e-12,1.22472e-13,1.85408e-12,2.970957e-12,2.037888e-12
4.595282e-05,2.97,2.97,1.2,0.004680477,2.968544,0.0009729162,1.362778e-07,1.2,1.494235e-11,2.970008,0.02947408,6.383628e-06,1.2,2.492871e-10,3.284469e-12,3.002931e-12,1.22324e-13,1.85553e-12,2.971401e-12,2.037365e-12
4.605282e-05,2.97,2.97,1.2,0.004667528,2.968538,0.0009765068,1.362513e-07,1.2,1.493947e-11,2.970008,0.02957515,6.381564e-06,1.2,2.492064e-10,3.245024e-12,2.998046e-12,1.222036e-13,1.857062e-12,2.971401e-12,2.036594e-12
4.615282e-05,2.97,2.97,1.2,0.004654615,2.968532,0.0009800962,1.363047e-07,1.2,1.494525e-11,2.970008,0.02967616,6.379605e-06,1.2,2.491301e-10,3.209455e-12,2.994494e-12,1.221726e-13,1.858788e-12,2.971401e-12,2.035955e-12
4.625282e-05,2.97,2.97,1.2,0.004641738,2.968527,0.0009836846,1.362325e-07,1.2,1.493753e-11,2.970008,0.02977712,6.377591e-06,1.2,2.490517e-10,3.176247e-12,2.990941e-12,1.220608e-13,1.858159e-12,2.971401e-12,2.035463e-12
4.635282e-05,2.97,2.97,1.2,0.004628896,2.968521,0.0009872717,1.361371e-07,1.2,1.492727e-11,2.970008,0.02987802,6.375741e-06,1.2,2.489793e-10,3.148824e-12,2.987388e-12,1.219341e-13,1.860531e-12,2.970957e-12,2.034745e-12
4.645282e-05,2.97,2.97,1.2,0.00461609,2.968515,0.0009908577,1.361354e-07,1.2,1.492701e-11,2.970008,0.02997888,6.373772e-06,1.2,2.489026e-10,3.120949e-12,2.984724e-12,1.218283e-13,1.860072e-12,2.970957e-12,2.034254e-12
4.655282e-05,2.97,2.97,1.2,0.004603319,2.968509,0.0009944424,1.36116e-07,1.2,1.492481e-11,2.970008,0.03007968,6.371809e-06,1.2,2.488259e-10,3.097005e-12,2.981615e-12,1.217833e-13,1.862642e-12,2.970957e-12,2.033525e-12
4.665282e-05,2.97,2.97,1.2,0.004590584,2.968504,0.000998026,1.360235e-07,1.2,1.491485e-11,2.970008,0.03018043,6.370031e-06,1.2,2.487564e-10,3.072477e-12,2.979395e-12,1.216678e-13,1.862582e-12,2.971401e-12,2.033087e-12
4.675282e-05,2.97,2.97,1.2,0.004577884,2.968498,0.001001609,1.361251e-07,1.2,1.4926e-11,2.970008,0.03028113,6.36812e-06,1.2,2.486819e-10,3.048786e-12,2.97673e-12,1.217245e-13,1.863e-12,2.971401e-12,2.032353e-12
4.685282e-05,2.97,2.97,1.2,0.004565219,2.968492,0.00100519,1.36124e-07,1.2,1.492584e-11,2.970008,0.03038178,6.366387e-06,1.2,2.486143e-10,3.026488e-12,2.97451e-12,1.216464e-13,1.863385e-12,2.971401e-12,2.031951e-12
4.695282e-05,2.97,2.97,1.2,0.004552588,2.968486,0.00100877,1.360482e-07,1.2,1.491747e-11,2.970008,0.03048237,6.364523e-06,1.2,2.485416e-10,3.004612e-12,2.972289e-12,1.215028e-13,1.863982e-12,2.971845e-12,2.031232e-12
4.705282e-05,2.97,2.97,1.2,0.004539993,2.96848,0.001012349,1.360772e-07,1.2,1.492049e-11,2.970008,0.03058292,6.362693e-06,1.2,2.484701e-10,2.980739e-12,2.970069e-12,1.215527e-13,1.86493e-12,2.971401e-12,2.030783e-12
4.715282e-05,2.97,2.97,1.2,0.004527433,2.968475,0.001015927,1.360659e-07,1.2,1.491956e-11,2.970008,0.03068342,6.360878e-06,1.2,2.483993e-10,2.960352e-12,2.967848e-12,1.214475e-13,1.866073e-12,2.971401e-12,2.030092e-12
4.725282e-05,2.97,2.97,1.2,0.004514907,2.968469,0.001019504,1.359393e-07,1.2,1.490561e-11,2.970008,0.03078387,6.359225e-06,1.2,2.483349e-10,2.939583e-12,2.965628e-12,1.213103e-13,1.867064e-12,2.971845e-12,2.029683e-12
4.735282e-05,2.97,2.97,1.2,0.004502416,2.968463,0.00102308,1.359853e-07,1.2,1.491055e-11,2.970008,0.03088426,6.357445e-06,1.2,2.482655e-10,2.919056e-12,2.963407e-12,1.21331e-13,1.868432e-12,2.971401e-12,2.029011e-12
4.745282e-05,2.97,2.97,1.2,0.00448996,2.968457,0.001026654,1.359798e-07,1.2,1.491012e-11,2.970008,0.03098461,6.355773e-06,1.2,2.482e-10,2.899278e-12,2.961187e-12,1.212509e-13,1.870269e-12,2.971401e-12,2.028473e-12
4.755282e-05,2.97,2.97,1.2,0.004477537,2.968451,0.001030228,1.359836e-07,1.2,1.491059e-11,2.970008,0.03108491,6.354061e-06,1.2,2.481333e-10,2.879125e-12,2.958522e-12,1.212223e-13,1.869559e-12,2.971401e-12,2.028077e-12
4.765282e-05,2.97,2.97,1.2,0.004465149,2.968446,0.0010338,1.359709e-07,1.2,1.490898e-11,2.970008,0.03118516,6.352515e-06,1.2,2.480729e-10,2.859614e-12,2.956302e-12,1.211699e-13,1.871622e-12,2.970957e-12,2.027451e-12
4.775282e-05,2.97,2.97,1.2,0.00445279,2.96844,0.001037371,1.359066e-07,1.2,1.490209e-11,2.970008,0.03128537,6.35084e-06,1.2,2.480076e-10,2.84036e-12,2.954526e-12,1.21087e-13,1.871128e-12,2.971401e-12,2.027071e-12
4.785282e-05,2.97,2.97,1.2,0.004440407,2.968434,0.001040941,1.359206e-07,1.2,1.490364e-11,2.970008,0.03138552,6.349179e-06,1.2,2.479428e-10,2.819721e-12,2.952305e-12,1.21034e-13,1.876088e-12,2.971401e-12,2.026407e-12
4.795282e-05,2.97,2.97,1.2,0.004428043,2.968428,0.00104451,1.35918e-07,1.2,1.490336e-11,2.970008,0.03148563,6.347543e-06,1.2,2.47879e-10,2.800459e-12,2.950085e-12,1.209941e-13,1.876064e-12,2.970957e-12,2.026038e-12
4.805282e-05,2.97,2.97,1.2,0.004415777,2.968423,0.001048078,1.359916e-07,1.2,1.491143e-11,2.970008,0.03158569,6.346094e-06,1.2,2.478224e-10,2.779801e-12,2.948308e-12,1.210055e-13,1.876169e-12,2.970957e-12,2.025452e-12
4.815282e-05,2.97,2.97,1.2,0.004408899,2.968417,0.001051647,1.35903e-07,1.2,1.49017e-11,2.970008,0.03168571,6.344517e-06,1.2,2.477609e-10,2.782336e-12,2.949196e-12,1.208874e-13,1.876514e-12,2.970957e-12,2.025085e-12
4.825282e-05,2.97,2.97,1.2,0.004579011,2.968414,0.00105527,1.377453e-07,1.2,1.510137e-11,2.970008,0.03178568,6.342944e-06,1.2,2.476995e-10,3.34906e-12,3.00826e-12,1.232188e-13,1.876946e-12,2.971401e-12,2.024457e-12
4.835282e-05,2.97,2.97,1.2,0.004922901,2.968411,0.001058873,1.356734e-07,1.2,1.487718e-11,2.970008,0.0318856,6.341403e-06,1.2,2.476394e-10,1.211723e-12,2.781775e-12,1.175657e-13,1.88017e-12,2.970957e-12,2.024108e-12
4.845282e-05,2.97,2.97,1.2,0.004738818,2.968405,0.001062432,1.362271e-07,1.2,1.493714e-11,2.970008,0.03198547,6.340032e-06,1.2,2.475858e-10,1.986483e-12,2.863931e-12,1.19511e-13,1.881062e-12,2.971401e-12,2.023535e-12
4.852723e-05,2.97,2.97,1.2,0.004728791,2.9684,0.001065076,1.359981e-07,1.2,1.4912e-11,2.970008,0.03205976,6.338919e-06,1.2,2.475423e-10,2.445762e-12,2.912781e-12,1.203234e-13,1.880778e-12,2.971845e-12,2.023216e-12
4.858889e-05,2.97,2.97,1.2,0.004720703,2.968396,0.00106727,1.358529e-07,1.2,1.489638e-11,2.970008,0.0321213,6.337928e-06,1.2,2.475037e-10,2.560991e-12,2.924772e-12,1.204728e-13,1.881109e-12,2.971401e-12,2.022855e-12
4.86427e-05,2.97,2.97,1.2,0.004713667,2.968393,0.001069185,1.358172e-07,1.2,1.489253e-11,2.970008,0.03217499,6.337218e-06,1.2,2.47476e-10,2.531452e-12,2.922107e-12,1.203267e-13,1.88193e-12,2.971401e-12,2.022861e-12
4.87427e-05,2.97,2.97,1.2,0.004700625,2.968387,0.001072745,1.35724e-07,1.2,1.488247e-11,2.970008,0.03227474,6.335804e-06,1.2,2.474209e-10,2.497679e-12,2.918554e-12,1.202065e-13,1.881373e-12,2.971401e-12,2.022234e-12
4.88427e-05,2.97,2.97,1.2,0.00468762,2.968382,0.001076303,1.356902e-07,1.2,1.487878e-11,2.970008,0.03237444,6.334292e-06,1.2,2.473617e-10,2.46307e-12,2.915002e-12,1.200942e-13,1.883029e-12,2.971845e-12,2.021755e-12
4.89427e-05,2.97,2.97,1.2,0.004674651,2.968376,0.001079861,1.358054e-07,1.2,1.489122e-11,2.970008,0.03247409,6.33296e-06,1.2,2.473099e-10,2.429221e-12,2.911449e-12,1.201481e-13,1.884788e-12,2.971401e-12,2.021335e-12
4.90427e-05,2.97,2.97,1.2,0.004661718,2.96837,0.001083418,1.357322e-07,1.2,1.488329e-11,2.970008,0.0325737,6.331575e-06,1.2,2.472558e-10,2.395954e-12,2.907452e-12,1.199844e-13,1.884076e-12,2.971401e-12,2.02103e-12
4.91427e-05,2.97,2.97,1.2,0.00464882,2.968364,0.001086973,1.356961e-07,1.2,1.487946e-11,2.970008,0.03267327,6.330203e-06,1.2,2.472024e-10,2.364082e-12,2.903899e-12,1.198953e-13,1.886111e-12,2.971845e-12,2.020483e-12
4.92427e-05,2.97,2.97,1.2,0.004635959,2.968358,0.001090527,1.356484e-07,1.2,1.487433e-11,2.970008,0.03277279,6.328927e-06,1.2,2.471526e-10,2.333711e-12,2.900791e-12,1.19797e-13,1.885588e-12,2.971845e-12,2.020077e-12
4.93427e-05,2.97,2.97,1.2,0.004623132,2.968353,0.00109408,1.356323e-07,1.2,1.487261e-11,2.970008,0.03287227,6.327594e-06,1.2,2.471005e-10,2.304567e-12,2.897682e-12,1.197308e-13,1.887907e-12,2.971401e-12,2.019788e-12
4.94427e-05,2.97,2.97,1.2,0.004610342,2.968347,0.001097632,1.356552e-07,1.2,1.487505e-11,2.970008,0.03297171,6.326426e-06,1.2,2.470547e-10,2.276375e-12,2.894129e-12,1.196767e-13,1.887752e-12,2.970957e-12,2.019293e-12
4.95427e-05,2.97,2.97,1.2,0.004597587,2.968341,0.001101183,1.356209e-07,1.2,1.48714e-11,2.970008,0.0330711,6.32511e-06,1.2,2.470034e-10,2.248465e-12,2.891465e-12,1.195952e-13,1.887871e-12,2.971401e-12,2.019006e-12
4.96427e-05,2.97,2.97,1.2,0.004584867,2.968335,0.001104733,1.356102e-07,1.2,1.487024e-11,2.970008,0.03317046,6.323818e-06,1.2,2.469531e-10,2.221211e-12,2.8888e-12,1.195292e-13,1.888176e-12,2.971401e-12,2.018479e-12
4.97427e-05,2.97,2.97,1.2,0.004572182,2.96833,0.001108281,1.356283e-07,1.2,1.487217e-11,2.970008,0.03326976,6.322626e-06,1.2,2.469067e-10,2.194713e-12,2.885692e-12,1.194759e-13,1.890994e-12,2.970957e-12,2.018098e-12
4.98427e-05,2.97,2.97,1.2,0.004559532,2.968324,0.001111829,1.356161e-07,1.2,1.48709e-11,2.970008,0.03336903,6.3214e-06,1.2,2.468588e-10,2.16846e-12,2.883027e-12,1.194193e-13,1.891513e-12,2.970957e-12,2.017841e-12
4.99427e-05,2.97,2.97,1.2,0.004546918,2.968318,0.001115375,1.355937e-07,1.2,1.48685e-11,2.970008,0.03346826,6.320169e-06,1.2,2.468106e-10,2.142798e-12,2.879919e-12,1.193577e-13,1.891932e-12,2.971401e-12,2.017329e-12
5.00427e-05,2.97,2.97,1.2,0.004534338,2.968312,0.00111892,1.355792e-07,1.2,1.486688e-11,2.970008,0.03356744,6.319031e-06,1.2,2.467663e-10,2.114795e-12,2.877254e-12,1.192666e-13,1.892775e-12,2.970957e-12,2.016979e-12
5.01427e-05,2.97,2.97,1.2,0.004521793,2.968306,0.001122465,1.35558e-07,1.2,1.486445e-11,2.970008,0.03366659,6.317853e-06,1.2,2.467203e-10,2.089376e-12,2.875034e-12,1.192173e-13,1.893617e-12,2.970957e-12,2.016738e-12
5.02427e-05,2.97,2.97,1.2,0.004509282,2.968301,0.001126007,1.356248e-07,1.2,1.487181e-11,2.970008,0.03376569,6.316692e-06,1.2,2.46675e-10,2.064066e-12,2.871481e-12,1.192144e-13,1.894821e-12,2.971401e-12,2.016262e-12
5.03427e-05,2.97,2.97,1.2,0.004496806,2.968295,0.001129549,1.355713e-07,1.2,1.486602e-11,2.970008,0.03386475,6.315704e-06,1.2,2.466363e-10,2.039223e-12,2.86926e-12,1.190718e-13,1.893308e-12,2.971401e-12,2.016064e-12
5.04427e-05,2.97,2.97,1.2,0.004484365,2.968289,0.00113309,1.354688e-07,1.2,1.485468e-11,2.970008,0.03396377,6.314545e-06,1.2,2.465912e-10,2.014338e-12,2.866152e-12,1.189801e-13,1.894741e-12,2.971401e-12,2.015573e-12
5.05427e-05,2.97,2.97,1.2,0.004471958,2.968283,0.00113663,1.354594e-07,1.2,1.48538e-11,2.970008,0.03406275,6.313515e-06,1.2,2.465509e-10,1.989703e-12,2.863931e-12,1.188981e-13,1.896319e-12,2.971401e-12,2.015265e-12
5.06427e-05,2.97,2.97,1.2,0.004459576,2.968278,0.001140168,1.354854e-07,1.2,1.485664e-11,2.970008,0.0341617,6.312436e-06,1.2,2.465091e-10,1.9625e-12,2.861267e-12,1.188767e-13,1.895368e-12,2.971845e-12,2.01505e-12
5.07427e-05,2.97,2.97,1.2,0.004447168,2.968272,0.001143706,1.354282e-07,1.2,1.485031e-11,2.970008,0.0342606,6.311337e-06,1.2,2.46466e-10,1.938015e-12,2.858602e-12,1.187889e-13,1.897321e-12,2.970957e-12,2.014586e-12
5.08427e-05,2.97,2.97,1.2,0.004434787,2.968266,0.001147242,1.354656e-07,1.2,1.485434e-11,2.970008,0.03435946,6.310301e-06,1.2,2.464255e-10,1.913463e-12,2.855938e-12,1.187315e-13,1.899329e-12,2.971401e-12,2.014394e-12
5.09427e-05,2.97,2.97,1.2,0.004422539,2.96826,0.001150777,1.35408e-07,1.2,1.484813e-11,2.970009,0.03445829,6.309411e-06,1.2,2.46391e-10,1.888875e-12,2.853273e-12,1.186616e-13,1.898717e-12,2.971401e-12,2.013971e-12
5.10427e-05,2.97,2.97,1.2,0.004418257,2.968255,0.001154314,1.354255e-07,1.2,1.485e-11,2.970009,0.03455707,6.308396e-06,1.2,2.463513e-10,1.897361e-12,2.854605e-12,1.186502e-13,1.901101e-12,2.971401e-12,2.013802e-12
5.11427e-05,2.97,2.97,1.2,0.004640229,2.968253,0.001157921,1.379044e-07,1.2,1.511884e-11,2.970009,0.03465582,6.307446e-06,1.2,2.463142e-10,2.567417e-12,2.925216e-12,1.216288e-13,1.903423e-12,2.971401e-12,2.013482e-12
5.12427e-05,2.97,2.97,1.2,0.004874247,2.968247,0.001161449,1.340377e-07,1.2,1.470009e-11,2.970009,0.03475453,6.306445e-06,1.2,2.462752e-10,4.161843e-14,2.656542e-12,1.139889e-13,1.903319e-12,2.971401e-12,2.013043e-12
5.13427e-05,2.97,2.97,1.2,0.004743789,2.968242,0.00116499,1.35102e-07,1.2,1.481546e-11,2.970009,0.0348532,6.305568e-06,1.2,2.462408e-10,-3.128291e-13,2.619238e-12,1.139566e-13,1.903272e-12,2.971401e-12,2.012778e-12
5.141625e-05,2.97,2.97,1.2,0.004733926,2.968238,0.001167588,1.353225e-07,1.2,1.483919e-11,2.970009,0.03492576,6.30486e-06,1.2,2.462134e-10,-3.960222e-13,2.609912e-12,1.138844e-13,1.904701e-12,2.971401e-12,2.012648e-12
5.148738e-05,2.97,2.97,1.2,0.004724583,2.968233,0.001170098,1.353783e-07,1.2,1.484519e-11,2.970009,0.0349959,6.304316e-06,1.2,2.461921e-10,-3.843571e-13,2.611689e-12,1.139583e-13,1.90644e-12,2.971401e-12,2.012372e-12
5.155043e-05,2.97,2.97,1.2,0.004716329,2.96823,0.001172323,1.352924e-07,1.2,1.483594e-11,2.970009,0.03505806,6.303855e-06,1.2,2.46174e-10,-3.588555e-13,2.613909e-12,1.13901e-13,1.905277e-12,2.971845e-12,2.012439e-12
5.164805e-05,2.97,2.97,1.2,0.004703588,2.968224,0.001175766,1.352255e-07,1.2,1.48288e-11,2.970009,0.03515427,6.303017e-06,1.2,2.461415e-10,-3.475792e-13,2.615685e-12,1.138716e-13,1.905739e-12,2.971401e-12,2.011971e-12
5.174805e-05,2.97,2.97,1.2,0.004690574,2.968218,0.001179292,1.352839e-07,1.2,1.483509e-11,2.970009,0.03525279,6.302044e-06,1.2,2.461034e-10,-3.451035e-13,2.615241e-12,1.139608e-13,1.908592e-12,2.971401e-12,2.011687e-12
5.184805e-05,2.97,2.97,1.2,0.004677596,2.968213,0.001182817,1.352766e-07,1.2,1.483426e-11,2.970009,0.03535127,6.301117e-06,1.2,2.460673e-10,-3.477105e-13,2.615685e-12,1.139529e-13,1.909571e-12,2.970957e-12,2.011423e-12
5.194805e-05,2.97,2.97,1.2,0.004664654,2.968207,0.00118634,1.353025e-07,1.2,1.483694e-11,2.970009,0.03544972,6.30022e-06,1.2,2.460323e-10,-3.560755e-13,2.615241e-12,1.138954e-13,1.907755e-12,2.971401e-12,2.011125e-12
5.204805e-05,2.97,2.97,1.2,0.004651748,2.968201,0.001189863,1.352483e-07,1.2,1.483124e-11,2.970009,0.03554813,6.299479e-06,1.2,2.460032e-10,-3.718588e-13,2.612577e-12,1.138685e-13,1.908855e-12,2.971401e-12,2.0109e-12
5.214805e-05,2.97,2.97,1.2,0.004638877,2.968195,0.001193385,1.351788e-07,1.2,1.482366e-11,2.970009,0.03564651,6.298662e-06,1.2,2.459715e-10,-3.88763e-13,2.6108e-12,1.137458e-13,1.910069e-12,2.971401e-12,2.010759e-12
5.224805e-05,2.97,2.97,1.2,0.004626043,2.968189,0.001196905,1.350991e-07,1.2,1.48151e-11,2.970009,0.03574485,6.297929e-06,1.2,2.459427e-10,-4.086641e-13,2.609468e-12,1.13621e-13,1.911199e-12,2.971401e-12,2.010526e-12
5.234805e-05,2.97,2.97,1.2,0.004613244,2.968184,0.001200425,1.350638e-07,1.2,1.481133e-11,2.970009,0.03584315,6.297135e-06,1.2,2.459119e-10,-4.331536e-13,2.60636e-12,1.135494e-13,1.912544e-12,2.971401e-12,2.010161e-12
5.244805e-05,2.97,2.97,1.2,0.00460048,2.968178,0.001203943,1.350564e-07,1.2,1.481053e-11,2.970009,0.03594142,6.296473e-06,1.2,2.458861e-10,-4.574832e-13,2.603251e-12,1.135022e-13,1.91151e-12,2.971401e-12,2.010061e-12
5.254805e-05,2.97,2.97,1.2,0.004587752,2.968172,0.00120746,1.350504e-07,1.2,1.480983e-11,2.970009,0.03603965,6.295769e-06,1.2,2.458586e-10,-4.833494e-13,2.600586e-12,1.134116e-13,1.913272e-12,2.970957e-12,2.009846e-12
5.264805e-05,2.97,2.97,1.2,0.004575059,2.968166,0.001210976,1.351467e-07,1.2,1.482027e-11,2.970009,0.03613785,6.29515e-06,1.2,2.458343e-10,-5.10215e-13,2.597922e-12,1.134678e-13,1.912425e-12,2.970957e-12,2.00955e-12
5.274805e-05,2.97,2.97,1.2,0.0045624,2.96816,0.001214491,1.350618e-07,1.2,1.481107e-11,2.970009,0.03623602,6.294412e-06,1.2,2.458056e-10,-5.400818e-13,2.595701e-12,1.133113e-13,1.914327e-12,2.971401e-12,2.009429e-12
5.284805e-05,2.97,2.97,1.2,0.004549777,2.968155,0.001218005,1.350138e-07,1.2,1.480593e-11,2.970009,0.03633415,6.293706e-06,1.2,2.457782e-10,-5.687701e-13,2.592149e-12,1.132075e-13,1.914037e-12,2.971401e-12,2.009115e-12
5.294805e-05,2.97,2.97,1.2,0.004537189,2.968149,0.001221518,1.35007e-07,1.2,1.480522e-11,2.970009,0.03643224,6.29308e-06,1.2,2.457535e-10,-5.971783e-13,2.588596e-12,1.131498e-13,1.916206e-12,2.970957e-12,2.008894e-12
5.304805e-05,2.97,2.97,1.2,0.004524636,2.968143,0.00122503,1.350381e-07,1.2,1.480853e-11,2.970009,0.03653031,6.292474e-06,1.2,2.4573e-10,-6.263933e-13,2.585487e-12,1.131017e-13,1.915657e-12,2.971401e-12,2.008715e-12
5.314805e-05,2.97,2.97,1.2,0.004512117,2.968137,0.00122854,1.349774e-07,1.2,1.48018e-11,2.970009,0.03662834,6.291823e-06,1.2,2.457044e-10,-6.560386e-13,2.582823e-12,1.12978e-13,1.91824e-12,2.971401e-12,2.008643e-12
5.324805e-05,2.97,2.97,1.2,0.004499633,2.968132,0.00123205,1.349463e-07,1.2,1.479849e-11,2.970009,0.03672633,6.291314e-06,1.2,2.456846e-10,-6.88123e-13,2.579714e-12,1.129098e-13,1.918339e-12,2.971401e-12,2.008366e-12
5.334805e-05,2.97,2.97,1.2,0.004487183,2.968126,0.001235558,1.34888e-07,1.2,1.479217e-11,2.970009,0.0368243,6.290697e-06,1.2,2.456605e-10,-7.176673e-13,2.575717e-12,1.127745e-13,1.918236e-12,2.971401e-12,2.008285e-12
5.344805e-05,2.97,2.97,1.2,0.004474767,2.96812,0.001239065,1.349017e-07,1.2,1.479367e-11,2.970009,0.03692223,6.290085e-06,1.2,2.456366e-10,-7.47858e-13,2.572165e-12,1.127196e-13,1.918589e-12,2.971401e-12,2.008001e-12
5.354805e-05,2.97,2.97,1.2,0.004462363,2.968114,0.001242572,1.348801e-07,1.2,1.47912e-11,2.970009,0.03702012,6.28956e-06,1.2,2.456163e-10,-7.786631e-13,2.5695e-12,1.126489e-13,1.921338e-12,2.971401e-12,2.007827e-12
5.364805e-05,2.97,2.97,1.2,0.004449932,2.968108,0.001246077,1.349089e-07,1.2,1.479451e-11,2.970009,0.03711799,6.289049e-06,1.2,2.455965e-10,-8.078387e-13,2.565947e-12,1.12604e-13,1.921937e-12,2.970957e-12,2.007672e-12
5.374805e-05,2.97,2.97,1.2,0.00443755,2.968103,0.001249581,1.349052e-07,1.2,1.479406e-11,2.970009,0.03721582,6.288557e-06,1.2,2.45577e-10,-8.400492e-13,2.563283e-12,1.12539e-13,1.925114e-12,2.971401e-12,2.007509e-12
5.384805e-05,2.97,2.97,1.2,0.004425688,2.968097,0.001253084,1.349001e-07,1.2,1.47935e-11,2.970009,0.03731362,6.287998e-06,1.2,2.455553e-10,-8.680406e-13,2.559286e-12,1.124664e-13,1.925662e-12,2.970957e-12,2.007455e-12
5.394805e-05,2.97,2.97,1.2,0.004443568,2.968092,0.001256596,1.352645e-07,1.2,1.483312e-11,2.970009,0.03741139,6.287599e-06,1.2,2.455398e-10,-7.81829e-13,2.5695e-12,1.128775e-13,1.926386e-12,2.971401e-12,2.007226e-12
5.404805e-05,2.97,2.97,1.2,0.004878711,2.968093,0.001260225,1.388396e-07,1.2,1.522033e-11,2.970009,0.03750913,6.287139e-06,1.2,2.455218e-10,-9.458552e-14,2.642331e-12,1.165451e-13,1.924444e-12,2.970957e-12,2.007079e-12
5.414805e-05,2.97,2.97,1.2,0.004766277,2.968083,0.001263647,1.332235e-07,1.2,1.461164e-11,2.970009,0.03760683,6.28664e-06,1.2,2.455023e-10,-5.20699e-13,2.596146e-12,1.12099e-13,1.925373e-12,2.971401e-12,2.007058e-12
5.422219e-05,2.97,2.97,1.2,0.004750819,2.96808,0.001266259,1.344632e-07,1.2,1.474626e-11,2.970009,0.03767925,6.286337e-06,1.2,2.454905e-10,-1.864525e-12,2.454037e-12,1.101568e-13,1.928533e-12,2.971401e-12,2.006942e-12
5.428032e-05,2.97,2.97,1.2,0.004743098,2.968077,0.001268297,1.347731e-07,1.2,1.477985e-11,2.970009,0.03773601,6.286184e-06,1.2,2.454846e-10,-2.195104e-12,2.418954e-12,1.096514e-13,1.929334e-12,2.971401e-12,2.00681e-12
5.433296e-05,2.97,2.97,1.2,0.004736176,2.968074,0.001270139,1.348345e-07,1.2,1.478644e-11,2.970009,0.03778741,6.286051e-06,1.2,2.454794e-10,-2.230001e-12,2.415401e-12,1.096073e-13,1.930323e-12,2.971401e-12,2.006917e-12
5.43823e-05,2.97,2.97,1.2,0.004729704,2.968071,0.001271864,1.348025e-07,1.2,1.478299e-11,2.970009,0.03783558,6.285929e-06,1.2,2.454747e-10,-2.21345e-12,2.416289e-12,1.096022e-13,1.930925e-12,2.971401e-12,2.006783e-12
5.44823e-05,2.97,2.97,1.2,0.004716618,2.968065,0.00127536,1.347694e-07,1.2,1.477945e-11,2.970009,0.03793318,6.285455e-06,1.2,2.454559e-10,-2.209876e-12,2.417178e-12,1.095765e-13,1.930336e-12,2.970957e-12,2.006591e-12
5.45823e-05,2.97,2.97,1.2,0.004703569,2.968059,0.001278854,1.347915e-07,1.2,1.47818e-11,2.970009,0.03803076,6.284965e-06,1.2,2.454369e-10,-2.210492e-12,2.416733e-12,1.095732e-13,1.931591e-12,2.971401e-12,2.006438e-12
5.46823e-05,2.97,2.97,1.2,0.004690555,2.968053,0.001282348,1.348237e-07,1.2,1.47853e-11,2.970009,0.0381283,6.284499e-06,1.2,2.454189e-10,-2.218171e-12,2.415845e-12,1.096054e-13,1.933065e-12,2.971401e-12,2.006296e-12
5.47823e-05,2.97,2.97,1.2,0.004677578,2.968048,0.00128584,1.347327e-07,1.2,1.477548e-11,2.970009,0.03822581,6.284064e-06,1.2,2.454018e-10,-2.227909e-12,2.414957e-12,1.095032e-13,1.932409e-12,2.971401e-12,2.006167e-12
5.48823e-05,2.97,2.97,1.2,0.004664637,2.968042,0.001289332,1.347256e-07,1.2,1.477468e-11,2.970009,0.03832329,6.283713e-06,1.2,2.45388e-10,-2.240485e-12,2.414069e-12,1.094522e-13,1.934026e-12,2.971401e-12,2.006174e-12
5.49823e-05,2.97,2.97,1.2,0.004651731,2.968036,0.001292822,1.347069e-07,1.2,1.477268e-11,2.970009,0.03842074,6.28337e-06,1.2,2.453747e-10,-2.258499e-12,2.412293e-12,1.094022e-13,1.933104e-12,2.970957e-12,2.005962e-12
5.50823e-05,2.97,2.97,1.2,0.004638861,2.96803,0.001296311,1.346827e-07,1.2,1.477011e-11,2.970009,0.03851817,6.283132e-06,1.2,2.453655e-10,-2.276154e-12,2.410072e-12,1.093651e-13,1.935171e-12,2.971401e-12,2.005883e-12
5.51823e-05,2.97,2.97,1.2,0.004626027,2.968024,0.001299799,1.346549e-07,1.2,1.476702e-11,2.970009,0.03861556,6.282816e-06,1.2,2.45353e-10,-2.294948e-12,2.407852e-12,1.092474e-13,1.934691e-12,2.971845e-12,2.00592e-12
5.52823e-05,2.97,2.97,1.2,0.004613228,2.968019,0.001303286,1.346216e-07,1.2,1.476355e-11,2.970009,0.03871293,6.282632e-06,1.2,2.453458e-10,-2.315481e-12,2.406075e-12,1.092155e-13,1.936842e-12,2.970957e-12,2.005726e-12
5.53823e-05,2.97,2.97,1.2,0.004600465,2.968013,0.001306772,1.346536e-07,1.2,1.476696e-11,2.970009,0.03881026,6.282327e-06,1.2,2.453339e-10,-2.339386e-12,2.403411e-12,1.09209e-13,1.936489e-12,2.971401e-12,2.005749e-12
5.54823e-05,2.97,2.97,1.2,0.004587737,2.968007,0.001310257,1.346398e-07,1.2,1.476539e-11,2.970009,0.03890757,6.282139e-06,1.2,2.453266e-10,-2.361383e-12,2.400746e-12,1.090975e-13,1.938916e-12,2.970957e-12,2.00557e-12
5.55823e-05,2.97,2.97,1.2,0.004575044,2.968001,0.001313741,1.34657e-07,1.2,1.476735e-11,2.970009,0.03900485,6.281852e-06,1.2,2.453155e-10,-2.383938e-12,2.398526e-12,1.091009e-13,1.938957e-12,2.971401e-12,2.005613e-12
5.56823e-05,2.97,2.97,1.2,0.004562386,2.967996,0.001317223,1.345668e-07,1.2,1.475765e-11,2.970009,0.0391021,6.281715e-06,1.2,2.453101e-10,-2.407077e-12,2.395861e-12,1.089966e-13,1.939064e-12,2.970957e-12,2.005461e-12
5.57823e-05,2.97,2.97,1.2,0.004549763,2.96799,0.001320705,1.345681e-07,1.2,1.475767e-11,2.970009,0.03919932,6.28144e-06,1.2,2.452995e-10,-2.432858e-12,2.393641e-12,1.088824e-13,1.938912e-12,2.970957e-12,2.005485e-12
5.58823e-05,2.97,2.97,1.2,0.004537175,2.967984,0.001324186,1.345691e-07,1.2,1.475793e-11,2.970009,0.03929652,6.281326e-06,1.2,2.452951e-10,-2.456179e-12,2.390976e-12,1.088915e-13,1.93919e-12,2.971845e-12,2.005352e-12
5.59823e-05,2.97,2.97,1.2,0.004524622,2.967978,0.001327665,1.34552e-07,1.2,1.475602e-11,2.970009,0.03939368,6.281094e-06,1.2,2.452859e-10,-2.479832e-12,2.388756e-12,1.088244e-13,1.942172e-12,2.971845e-12,2.005387e-12
5.60823e-05,2.97,2.97,1.2,0.004512103,2.967972,0.001331143,1.346237e-07,1.2,1.476367e-11,2.970009,0.03949082,6.281001e-06,1.2,2.452823e-10,-2.503499e-12,2.385647e-12,1.087842e-13,1.942406e-12,2.971401e-12,2.005258e-12
5.61823e-05,2.97,2.97,1.2,0.004499619,2.967967,0.001334621,1.345285e-07,1.2,1.475351e-11,2.970009,0.03958794,6.280795e-06,1.2,2.452741e-10,-2.530212e-12,2.382983e-12,1.086561e-13,1.942786e-12,2.971401e-12,2.005309e-12
5.62823e-05,2.97,2.97,1.2,0.00448717,2.967961,0.001338097,1.344637e-07,1.2,1.474654e-11,2.970009,0.03968502,6.280744e-06,1.2,2.452721e-10,-2.554223e-12,2.380318e-12,1.085509e-13,1.943516e-12,2.971401e-12,2.005173e-12
5.63823e-05,2.97,2.97,1.2,0.004474748,2.967955,0.001341572,1.344809e-07,1.2,1.474838e-11,2.970009,0.03978208,6.280579e-06,1.2,2.452657e-10,-2.578015e-12,2.378098e-12,1.085116e-13,1.944117e-12,2.971401e-12,2.005249e-12
5.64823e-05,2.97,2.97,1.2,0.004462304,2.967949,0.001345046,1.344522e-07,1.2,1.474513e-11,2.970009,0.03987911,6.280482e-06,1.2,2.45262e-10,-2.603973e-12,2.374989e-12,1.084449e-13,1.944876e-12,2.971401e-12,2.005241e-12
5.65823e-05,2.97,2.97,1.2,0.004449879,2.967944,0.001348519,1.344641e-07,1.2,1.47464e-11,2.970009,0.03997612,6.280408e-06,1.2,2.452591e-10,-2.62822e-12,2.372769e-12,1.083964e-13,1.945663e-12,2.971401e-12,2.005215e-12
5.66823e-05,2.97,2.97,1.2,0.004437555,2.967938,0.001351991,1.344406e-07,1.2,1.474383e-11,2.970009,0.04007309,6.280409e-06,1.2,2.452591e-10,-2.652395e-12,2.36966e-12,1.083213e-13,1.946569e-12,2.971401e-12,2.005086e-12
5.67823e-05,2.97,2.97,1.2,0.004430803,2.967932,0.001355464,1.345453e-07,1.2,1.475535e-11,2.970009,0.04017005,6.280288e-06,1.2,2.452545e-10,-2.654095e-12,2.36966e-12,1.083955e-13,1.944925e-12,2.971845e-12,2.005181e-12
5.68823e-05,2.97,2.97,1.2,0.004605009,2.96793,0.001358993,1.363429e-07,1.2,1.495e-11,2.970009,0.04026697,6.280248e-06,1.2,2.452529e-10,-2.08388e-12,2.430056e-12,1.106607e-13,1.946288e-12,2.971845e-12,2.005163e-12
5.69823e-05,2.97,2.97,1.2,0.004939942,2.967926,0.001362496,1.341127e-07,1.2,1.470853e-11,2.970009,0.04036387,6.280153e-06,1.2,2.452492e-10,-4.272021e-12,2.197797e-12,1.047921e-13,1.947216e-12,2.971401e-12,2.005042e-12
5.70823e-05,2.97,2.97,1.2,0.004760269,2.96792,0.001365961,1.347049e-07,1.2,1.477262e-11,2.970009,0.04046075,6.28022e-06,1.2,2.452518e-10,-3.602136e-12,2.269296e-12,1.065159e-13,1.951269e-12,2.971845e-12,2.005172e-12
5.715634e-05,2.97,2.97,1.2,0.00475025,2.967915,0.001368522,1.345464e-07,1.2,1.475553e-11,2.970009,0.04053246,6.280301e-06,1.2,2.452549e-10,-3.194861e-12,2.312373e-12,1.072795e-13,1.950424e-12,2.971401e-12,2.005164e-12
5.722198e-05,2.97,2.97,1.2,0.004741603,2.967911,0.001370794,1.343872e-07,1.2,1.473797e-11,2.970009,0.04059602,6.28035e-06,1.2,2.452568e-10,-3.097423e-12,2.322587e-12,1.073219e-13,1.951682e-12,2.971401e-12,2.005296e-12
5.727818e-05,2.97,2.97,1.2,0.00473422,2.967908,0.001372741,1.343044e-07,1.2,1.472906e-11,2.970009,0.04065043,6.280293e-06,1.2,2.452546e-10,-3.124068e-12,2.319478e-12,1.072159e-13,1.950907e-12,2.971401e-12,2.00509e-12
5.737818e-05,2.97,2.97,1.2,0.004721121,2.967902,0.001376205,1.343191e-07,1.2,1.473078e-11,2.970009,0.04074723,6.280181e-06,1.2,2.452503e-10,-3.15769e-12,2.315925e-12,1.071534e-13,1.952145e-12,2.970957e-12,2.005077e-12
5.747818e-05,2.97,2.97,1.2,0.004708058,2.967896,0.001379668,1.342675e-07,1.2,1.472521e-11,2.970009,0.04084401,6.280237e-06,1.2,2.452524e-10,-3.193288e-12,2.312373e-12,1.070133e-13,1.953881e-12,2.970957e-12,2.005087e-12
5.757818e-05,2.97,2.97,1.2,0.004695032,2.967891,0.00138313,1.342763e-07,1.2,1.472603e-11,2.97001,0.04094076,6.280245e-06,1.2,2.452528e-10,-3.232412e-12,2.308376e-12,1.069999e-13,1.952965e-12,2.971401e-12,2.005224e-12
5.767818e-05,2.97,2.97,1.2,0.004682042,2.967885,0.001386591,1.34222e-07,1.2,1.472031e-11,2.97001,0.04103748,6.280389e-06,1.2,2.452583e-10,-3.267797e-12,2.303935e-12,1.068495e-13,1.954895e-12,2.971401e-12,2.005154e-12
5.777818e-05,2.97,2.97,1.2,0.004669088,2.967879,0.001390051,1.342505e-07,1.2,1.472339e-11,2.97001,0.04113418,6.280429e-06,1.2,2.452599e-10,-3.303124e-12,2.300382e-12,1.067819e-13,1.953987e-12,2.971401e-12,2.005294e-12
5.787818e-05,2.97,2.97,1.2,0.00465617,2.967873,0.00139351,1.343057e-07,1.2,1.472939e-11,2.97001,0.04123086,6.280475e-06,1.2,2.452616e-10,-3.337316e-12,2.297273e-12,1.067841e-13,1.956057e-12,2.971845e-12,2.005204e-12
5.797818e-05,2.97,2.97,1.2,0.004643287,2.967867,0.001396968,1.342257e-07,1.2,1.472052e-11,2.97001,0.04132751,6.280674e-06,1.2,2.452694e-10,-3.370078e-12,2.293277e-12,1.066303e-13,1.955381e-12,2.972289e-12,2.005373e-12
5.807818e-05,2.97,2.97,1.2,0.00463044,2.967862,0.001400424,1.341715e-07,1.2,1.47147e-11,2.97001,0.04142414,6.280736e-06,1.2,2.452718e-10,-3.405899e-12,2.289724e-12,1.06506e-13,1.957528e-12,2.970957e-12,2.005293e-12
5.817818e-05,2.97,2.97,1.2,0.004617629,2.967856,0.00140388,1.341426e-07,1.2,1.471162e-11,2.97001,0.04152074,6.280946e-06,1.2,2.452802e-10,-3.437731e-12,2.286171e-12,1.064298e-13,1.957016e-12,2.970957e-12,2.00547e-12
5.827818e-05,2.97,2.97,1.2,0.004604853,2.96785,0.001407334,1.341139e-07,1.2,1.470853e-11,2.97001,0.04161733,6.281005e-06,1.2,2.452824e-10,-3.469265e-12,2.283063e-12,1.063409e-13,1.956762e-12,2.971401e-12,2.005388e-12
5.837818e-05,2.97,2.97,1.2,0.004592112,2.967844,0.001410788,1.341297e-07,1.2,1.471022e-11,2.97001,0.04171388,6.281229e-06,1.2,2.452911e-10,-3.500492e-12,2.27951e-12,1.062806e-13,1.958999e-12,2.971401e-12,2.005557e-12
5.847818e-05,2.97,2.97,1.2,0.004579407,2.967839,0.00141424,1.341481e-07,1.2,1.471221e-11,2.97001,0.04181042,6.281287e-06,1.2,2.452936e-10,-3.531257e-12,2.276401e-12,1.062271e-13,1.958853e-12,2.970957e-12,2.005485e-12
5.857818e-05,2.97,2.97,1.2,0.004566737,2.967833,0.001417692,1.341111e-07,1.2,1.470824e-11,2.97001,0.04190693,6.281557e-06,1.2,2.453041e-10,-3.564524e-12,2.272849e-12,1.061357e-13,1.958859e-12,2.970957e-12,2.005692e-12
5.867818e-05,2.97,2.97,1.2,0.004554102,2.967827,0.001421142,1.341092e-07,1.2,1.470799e-11,2.97001,0.04200341,6.281737e-06,1.2,2.45311e-10,-3.594822e-12,2.269296e-12,1.060298e-13,1.958772e-12,2.971401e-12,2.005767e-12
5.877818e-05,2.97,2.97,1.2,0.004541501,2.967821,0.001424591,1.340933e-07,1.2,1.470637e-11,2.97001,0.04209988,6.282018e-06,1.2,2.453219e-10,-3.625065e-12,2.265743e-12,1.059893e-13,1.961483e-12,2.970957e-12,2.005723e-12
5.887818e-05,2.97,2.97,1.2,0.004528936,2.967815,0.001428039,1.341393e-07,1.2,1.471128e-11,2.97001,0.04219632,6.282159e-06,1.2,2.453274e-10,-3.657492e-12,2.262635e-12,1.05968e-13,1.961547e-12,2.970957e-12,2.005901e-12
5.897818e-05,2.97,2.97,1.2,0.004516405,2.96781,0.001431486,1.340871e-07,1.2,1.47056e-11,2.97001,0.04229274,6.282463e-06,1.2,2.453393e-10,-3.68749e-12,2.260414e-12,1.058102e-13,1.961766e-12,2.970957e-12,2.005856e-12
5.907818e-05,2.97,2.97,1.2,0.004503909,2.967804,0.001434932,1.340106e-07,1.2,1.469749e-11,2.97001,0.04238913,6.282608e-06,1.2,2.45345e-10,-3.717484e-12,2.255973e-12,1.057122e-13,1.961994e-12,2.971401e-12,2.006055e-12
5.917818e-05,2.97,2.97,1.2,0.004491447,2.967798,0.001438377,1.339451e-07,1.2,1.469041e-11,2.97001,0.04248551,6.282931e-06,1.2,2.453577e-10,-3.749593e-12,2.252865e-12,1.056002e-13,1.962382e-12,2.970957e-12,2.006022e-12
5.927818e-05,2.97,2.97,1.2,0.004479009,2.967792,0.001441821,1.339558e-07,1.2,1.469155e-11,2.97001,0.04258186,6.283106e-06,1.2,2.453645e-10,-3.779359e-12,2.249756e-12,1.055426e-13,1.962639e-12,2.971401e-12,2.006232e-12
5.937818e-05,2.97,2.97,1.2,0.004466542,2.967787,0.001445263,1.339924e-07,1.2,1.469556e-11,2.97001,0.04267819,6.283395e-06,1.2,2.453757e-10,-3.809612e-12,2.247091e-12,1.055057e-13,1.96318e-12,2.970957e-12,2.006338e-12
5.947818e-05,2.97,2.97,1.2,0.004454108,2.967781,0.001448705,1.339526e-07,1.2,1.469128e-11,2.97001,0.0427745,6.283847e-06,1.2,2.453932e-10,-3.83959e-12,2.243095e-12,1.054133e-13,1.963801e-12,2.971401e-12,2.006456e-12
5.957818e-05,2.97,2.97,1.2,0.004441846,2.967775,0.001452146,1.338987e-07,1.2,1.468543e-11,2.97001,0.04287079,6.284055e-06,1.2,2.454014e-10,-3.870227e-12,2.239986e-12,1.053085e-13,1.964331e-12,2.970957e-12,2.006411e-12
5.967818e-05,2.97,2.97,1.2,0.004440175,2.967769,0.001455589,1.340881e-07,1.2,1.470585e-11,2.97001,0.04296705,6.284378e-06,1.2,2.45414e-10,-3.858373e-12,2.240874e-12,1.054628e-13,1.967554e-12,2.970957e-12,2.006501e-12
5.977818e-05,2.97,2.97,1.2,0.004705098,2.967768,0.001459114,1.366932e-07,1.2,1.498817e-11,2.97001,0.04306329,6.284698e-06,1.2,2.454266e-10,-3.120395e-12,2.320366e-12,1.085622e-13,1.968449e-12,2.971401e-12,2.006623e-12
5.987818e-05,2.97,2.97,1.2,0.004853349,2.967761,0.001462519,1.316731e-07,1.2,1.44443e-11,2.97001,0.04315952,6.285131e-06,1.2,2.454434e-10,-5.698998e-12,2.045919e-12,1.001304e-13,1.969578e-12,2.971401e-12,2.006902e-12
5.997818e-05,2.97,2.97,1.2,0.00476101,2.967756,0.001465973,1.332721e-07,1.2,1.461769e-11,2.97001,0.04325572,6.285375e-06,1.2,2.454528e-10,-6.735465e-12,1.935341e-12,9.903643e-14,1.970378e-12,2.971401e-12,2.006855e-12
6.005536e-05,2.97,2.97,1.2,0.004750691,2.967752,0.001468631,1.337537e-07,1.2,1.466979e-11,2.97001,0.04332995,6.28564e-06,1.2,2.454633e-10,-7.152235e-12,1.891376e-12,9.848686e-14,1.970163e-12,2.971845e-12,2.007067e-12
6.0133e-05,2.97,2.97,1.2,0.00474046,2.967748,0.0014713,1.33962e-07,1.2,1.469263e-11,2.97001,0.04340462,6.286072e-06,1.2,2.454803e-10,-7.219013e-12,1.883826e-12,9.848128e-14,1.972064e-12,2.971401e-12,2.007164e-12
6.021431e-05,2.97,2.97,1.2,0.004729785,2.967743,0.001474092,1.339754e-07,1.2,1.469406e-11,2.97001,0.04348279,6.286364e-06,1.2,2.454916e-10,-7.191543e-12,1.886935e-12,9.855732e-14,1.97158e-12,2.970957e-12,2.007248e-12
6.031431e-05,2.97,2.97,1.2,0.004716695,2.967737,0.001477525,1.339046e-07,1.2,1.468607e-11,2.97001,0.04357892,6.286782e-06,1.2,2.455077e-10,-7.157414e-12,1.890932e-12,9.852081e-14,1.971257e-12,2.970957e-12,2.007316e-12
6.041431e-05,2.97,2.97,1.2,0.004703643,2.967731,0.001480956,1.337753e-07,1.2,1.467223e-11,2.97001,0.04367503,6.287111e-06,1.2,2.455205e-10,-7.130517e-12,1.893596e-12,9.848752e-14,1.972456e-12,2.971401e-12,2.007562e-12
6.051431e-05,2.97,2.97,1.2,0.004690628,2.967726,0.001484386,1.338124e-07,1.2,1.467612e-11,2.97001,0.04377112,6.287526e-06,1.2,2.45537e-10,-7.111903e-12,1.895373e-12,9.852828e-14,1.973876e-12,2.971401e-12,2.007719e-12
6.061431e-05,2.97,2.97,1.2,0.00467765,2.96772,0.001487815,1.337841e-07,1.2,1.46731e-11,2.97001,0.04386719,6.28805e-06,1.2,2.455573e-10,-7.103036e-12,1.896705e-12,9.853098e-14,1.975116e-12,2.970957e-12,2.007741e-12
6.071431e-05,2.97,2.97,1.2,0.004664707,2.967714,0.001491244,1.337626e-07,1.2,1.467076e-11,2.97001,0.04396324,6.288407e-06,1.2,2.455712e-10,-7.10122e-12,1.896705e-12,9.851609e-14,1.97392e-12,2.971401e-12,2.008001e-12
6.081431e-05,2.97,2.97,1.2,0.004651801,2.967708,0.001494671,1.338097e-07,1.2,1.467598e-11,2.97001,0.04405927,6.28878e-06,1.2,2.455858e-10,-7.109567e-12,1.895373e-12,9.850686e-14,1.975812e-12,2.971845e-12,2.007989e-12
6.091431e-05,2.97,2.97,1.2,0.00463893,2.967702,0.001498097,1.337478e-07,1.2,1.466914e-11,2.97001,0.04415528,6.289343e-06,1.2,2.456079e-10,-7.123805e-12,1.89404e-12,9.842919e-14,1.977174e-12,2.971401e-12,2.008303e-12
6.101431e-05,2.97,2.97,1.2,0.004626095,2.967697,0.001501522,1.336249e-07,1.2,1.465589e-11,2.97001,0.04425127,6.289832e-06,1.2,2.456268e-10,-7.140768e-12,1.892264e-12,9.82764e-14,1.978816e-12,2.971401e-12,2.008478e-12
6.111431e-05,2.97,2.97,1.2,0.004613295,2.967691,0.001504946,1.336595e-07,1.2,1.465964e-11,2.97001,0.04434724,6.290237e-06,1.2,2.456427e-10,-7.164271e-12,1.890044e-12,9.828627e-14,1.980694e-12,2.970957e-12,2.008456e-12
6.121431e-05,2.97,2.97,1.2,0.00460053,2.967685,0.001508369,1.337134e-07,1.2,1.466538e-11,2.97001,0.04444319,6.290796e-06,1.2,2.456646e-10,-7.188076e-12,1.886935e-12,9.826447e-14,1.979932e-12,2.971401e-12,2.008772e-12
6.131431e-05,2.97,2.97,1.2,0.004587801,2.967679,0.001511791,1.336594e-07,1.2,1.465959e-11,2.97001,0.04453912,6.291301e-06,1.2,2.456841e-10,-7.214103e-12,1.884271e-12,9.816021e-14,1.981776e-12,2.971401e-12,2.008967e-12
6.141431e-05,2.97,2.97,1.2,0.004575108,2.967674,0.001515212,1.335706e-07,1.2,1.465001e-11,2.97001,0.04463504,6.291904e-06,1.2,2.457077e-10,-7.244756e-12,1.881162e-12,9.800155e-14,1.98116e-12,2.971845e-12,2.009006e-12
6.151431e-05,2.97,2.97,1.2,0.004562449,2.967668,0.001518631,1.336208e-07,1.2,1.465545e-11,2.97001,0.04473093,6.292373e-06,1.2,2.457261e-10,-7.274236e-12,1.878053e-12,9.800148e-14,1.983097e-12,2.970513e-12,2.009309e-12
6.161431e-05,2.97,2.97,1.2,0.004549825,2.967662,0.00152205,1.336285e-07,1.2,1.465624e-11,2.97001,0.0448268,6.293007e-06,1.2,2.457506e-10,-7.3076e-12,1.874945e-12,9.792828e-14,1.982789e-12,2.970957e-12,2.009359e-12
6.171431e-05,2.97,2.97,1.2,0.004537236,2.967656,0.001525468,1.33548e-07,1.2,1.464761e-11,2.97001,0.04492266,6.293464e-06,1.2,2.457686e-10,-7.338931e-12,1.871392e-12,9.779886e-14,1.982065e-12,2.970957e-12,2.009651e-12
6.181431e-05,2.97,2.97,1.2,0.004524682,2.96765,0.001528885,1.335993e-07,1.2,1.465313e-11,2.97001,0.04501849,6.294109e-06,1.2,2.457938e-10,-7.371165e-12,1.867395e-12,9.77876e-14,1.984209e-12,2.971401e-12,2.009737e-12
6.191431e-05,2.97,2.97,1.2,0.004512162,2.967645,0.0015323,1.335395e-07,1.2,1.464664e-11,2.97001,0.04511431,6.294615e-06,1.2,2.458134e-10,-7.40579e-12,1.864287e-12,9.762594e-14,1.983895e-12,2.970957e-12,2.010039e-12
6.201431e-05,2.97,2.97,1.2,0.004499677,2.967639,0.001535715,1.334844e-07,1.2,1.464078e-11,2.97001,0.04521011,6.295315e-06,1.2,2.458409e-10,-7.43853e-12,1.86029e-12,9.752486e-14,1.983643e-12,2.970957e-12,2.010132e-12
6.211431e-05,2.97,2.97,1.2,0.004487222,2.967633,0.001539128,1.335039e-07,1.2,1.464284e-11,2.97001,0.04530589,6.295853e-06,1.2,2.458619e-10,-7.471822e-12,1.857181e-12,9.746026e-14,1.985985e-12,2.971401e-12,2.010458e-12
6.221431e-05,2.97,2.97,1.2,0.004474748,2.967627,0.001542541,1.334769e-07,1.2,1.464001e-11,2.97001,0.04540166,6.296405e-06,1.2,2.458834e-10,-7.506601e-12,1.853184e-12,9.735653e-14,1.988711e-12,2.971401e-12,2.010488e-12
6.231431e-05,2.97,2.97,1.2,0.004462286,2.967621,0.001545952,1.334685e-07,1.2,1.463911e-11,2.97001,0.0454974,6.297043e-06,1.2,2.459084e-10,-7.542234e-12,1.849632e-12,9.726628e-14,1.988388e-12,2.971401e-12,2.010691e-12
6.241431e-05,2.97,2.97,1.2,0.004449908,2.967616,0.001549363,1.334174e-07,1.2,1.463358e-11,2.97001,0.04559313,6.297623e-06,1.2,2.459308e-10,-7.57667e-12,1.845635e-12,9.716004e-14,1.991001e-12,2.970957e-12,2.011021e-12
6.251431e-05,2.97,2.97,1.2,0.004441649,2.96761,0.001552773,1.334725e-07,1.2,1.463951e-11,2.97001,0.04568883,6.298352e-06,1.2,2.459595e-10,-7.592075e-12,1.844302e-12,9.715613e-14,1.990762e-12,2.971845e-12,2.011113e-12
6.261431e-05,2.97,2.97,1.2,0.004581243,2.967607,0.001556231,1.35064e-07,1.2,1.4812e-11,2.97001,0.04578453,6.298945e-06,1.2,2.459825e-10,-7.121215e-12,1.89404e-12,9.91193e-14,1.990805e-12,2.971401e-12,2.01148e-12
6.271431e-05,2.97,2.97,1.2,0.004987921,2.967605,0.001559702,1.341643e-07,1.2,1.471453e-11,2.97001,0.0458802,6.29964e-06,1.2,2.460096e-10,-8.877861e-12,1.707523e-12,9.49435e-14,1.990751e-12,2.971845e-12,2.011683e-12
6.281431e-05,2.97,2.97,1.2,0.00477219,2.967598,0.001563095,1.341717e-07,1.2,1.471515e-11,2.97001,0.04597585,6.300376e-06,1.2,2.460383e-10,-7.387318e-12,1.865619e-12,9.799188e-14,1.990749e-12,2.971401e-12,2.011758e-12
6.289327e-05,2.97,2.97,1.2,0.004761467,2.967593,0.001565772,1.33659e-07,1.2,1.465952e-11,2.97001,0.04605137,6.300846e-06,1.2,2.460566e-10,-6.643974e-12,1.945111e-12,9.922552e-14,1.992463e-12,2.971401e-12,2.011988e-12
6.296302e-05,2.97,2.97,1.2,0.004752273,2.967589,0.001568142,1.335098e-07,1.2,1.464346e-11,2.97001,0.04611807,6.301394e-06,1.2,2.460782e-10,-6.476699e-12,1.96243e-12,9.948452e-14,1.993593e-12,2.970957e-12,2.012206e-12
6.302283e-05,2.97,2.97,1.2,0.004744403,2.967585,0.001570176,1.33485e-07,1.2,1.464068e-11,2.97001,0.04617526,6.301795e-06,1.2,2.460938e-10,-6.547247e-12,1.955325e-12,9.930838e-14,1.993718e-12,2.970957e-12,2.012292e-12
6.312283e-05,2.97,2.97,1.2,0.004731276,2.967579,0.001573579,1.333081e-07,1.2,1.46216e-11,2.97001,0.04627086,6.302475e-06,1.2,2.461201e-10,-6.622674e-12,1.946887e-12,9.900872e-14,1.992382e-12,2.971401e-12,2.012607e-12
6.322283e-05,2.97,2.97,1.2,0.004718185,2.967574,0.001576981,1.332935e-07,1.2,1.461999e-11,2.97001,0.04636644,6.303114e-06,1.2,2.461453e-10,-6.701733e-12,1.938449e-12,9.880533e-14,1.995281e-12,2.971401e-12,2.012676e-12
6.332283e-05,2.97,2.97,1.2,0.00470513,2.967568,0.001580381,1.33229e-07,1.2,1.461315e-11,2.97001,0.04646201,6.303948e-06,1.2,2.461776e-10,-6.77418e-12,1.9309e-12,9.863638e-14,1.995748e-12,2.970957e-12,2.013077e-12
6.342283e-05,2.97,2.97,1.2,0.004692112,2.967562,0.001583781,1.332892e-07,1.2,1.461958e-11,2.97001,0.04655756,6.304603e-06,1.2,2.462034e-10,-6.841977e-12,1.924239e-12,9.852923e-14,1.996262e-12,2.970957e-12,2.013159e-12
6.352283e-05,2.97,2.97,1.2,0.004679129,2.967556,0.00158718,1.332919e-07,1.2,1.461992e-11,2.97001,0.0466531,6.305435e-06,1.2,2.462357e-10,-6.904024e-12,1.917133e-12,9.840862e-14,1.996525e-12,2.971845e-12,2.013561e-12
6.362283e-05,2.97,2.97,1.2,0.004666183,2.96755,0.001590577,1.333025e-07,1.2,1.462108e-11,2.97001,0.04674861,6.306104e-06,1.2,2.46262e-10,-6.961205e-12,1.91136e-12,9.830089e-14,1.997028e-12,2.971845e-12,2.013646e-12
6.372283e-05,2.97,2.97,1.2,0.004653272,2.967545,0.001593974,1.332217e-07,1.2,1.46124e-11,2.97001,0.04684411,6.306968e-06,1.2,2.462955e-10,-7.014551e-12,1.905587e-12,9.811899e-14,1.997546e-12,2.971401e-12,2.014079e-12
6.382283e-05,2.97,2.97,1.2,0.004640397,2.967539,0.001597369,1.331766e-07,1.2,1.46073e-11,2.97001,0.0469396,6.307671e-06,1.2,2.463231e-10,-7.064342e-12,1.900258e-12,9.795057e-14,1.998445e-12,2.970957e-12,2.014166e-12
6.392283e-05,2.97,2.97,1.2,0.004627557,2.967533,0.001600764,1.331984e-07,1.2,1.460974e-11,2.97001,0.04703507,6.308541e-06,1.2,2.463569e-10,-7.111086e-12,1.895817e-12,9.790525e-14,1.998923e-12,2.971401e-12,2.014529e-12
6.402283e-05,2.97,2.97,1.2,0.004614753,2.967527,0.001604157,1.331784e-07,1.2,1.460755e-11,2.97001,0.04713052,6.309283e-06,1.2,2.463861e-10,-7.156452e-12,1.890488e-12,9.779053e-14,1.999559e-12,2.971401e-12,2.014774e-12
6.412283e-05,2.97,2.97,1.2,0.004601985,2.967522,0.001607549,1.332171e-07,1.2,1.461169e-11,2.97001,0.04722595,6.310087e-06,1.2,2.464172e-10,-7.199847e-12,1.885603e-12,9.771559e-14,2.000196e-12,2.970957e-12,2.014921e-12
6.422283e-05,2.97,2.97,1.2,0.004589252,2.967516,0.00161094,1.332038e-07,1.2,1.461032e-11,2.97001,0.04732137,6.31093e-06,1.2,2.464503e-10,-7.244845e-12,1.881162e-12,9.763227e-14,2.000974e-12,2.971401e-12,2.015324e-12
6.432283e-05,2.97,2.97,1.2,0.004576554,2.96751,0.001614331,1.331984e-07,1.2,1.46097e-11,2.97001,0.04741677,6.31173e-06,1.2,2.464813e-10,-7.286083e-12,1.877165e-12,9.752584e-14,1.999413e-12,2.971401e-12,2.01558e-12
6.442283e-05,2.97,2.97,1.2,0.004563891,2.967504,0.00161772,1.331296e-07,1.2,1.460227e-11,2.97001,0.04751216,6.312591e-06,1.2,2.46515e-10,-7.326572e-12,1.87228e-12,9.733948e-14,2.000338e-12,2.971845e-12,2.015746e-12
6.452283e-05,2.97,2.97,1.2,0.004551263,2.967498,0.001621108,1.331818e-07,1.2,1.460779e-11,2.97001,0.04760753,6.313462e-06,1.2,2.465488e-10,-7.3688e-12,1.867839e-12,9.73564e-14,2.004029e-12,2.971401e-12,2.016144e-12
6.462283e-05,2.97,2.97,1.2,0.00453867,2.967493,0.001624495,1.330948e-07,1.2,1.459835e-11,2.97001,0.04770289,6.314293e-06,1.2,2.465814e-10,-7.408055e-12,1.863398e-12,9.718193e-14,2.005019e-12,2.971845e-12,2.016407e-12
6.472283e-05,2.97,2.97,1.2,0.004526111,2.967487,0.001627881,1.330302e-07,1.2,1.459144e-11,2.97001,0.04779823,6.315191e-06,1.2,2.466164e-10,-7.44685e-12,1.859846e-12,9.705745e-14,2.006189e-12,2.971401e-12,2.016585e-12
6.482283e-05,2.97,2.97,1.2,0.004513587,2.967481,0.001631266,1.330912e-07,1.2,1.459797e-11,2.97001,0.04789355,6.316099e-06,1.2,2.466519e-10,-7.487853e-12,1.855405e-12,9.70175e-14,2.004525e-12,2.971401e-12,2.016985e-12
6.492283e-05,2.97,2.97,1.2,0.004501098,2.967475,0.00163465,1.331018e-07,1.2,1.459913e-11,2.97001,0.04798886,6.316939e-06,1.2,2.466846e-10,-7.526028e-12,1.851408e-12,9.694971e-14,2.005719e-12,2.971401e-12,2.017268e-12
6.502283e-05,2.97,2.97,1.2,0.00448863,2.96747,0.001638033,1.330747e-07,1.2,1.459623e-11,2.97001,0.04808416,6.317862e-06,1.2,2.467208e-10,-7.566593e-12,1.847411e-12,9.685551e-14,2.00689e-12,2.971845e-12,2.017446e-12
6.512283e-05,2.97,2.97,1.2,0.004476131,2.967464,0.001641415,1.331281e-07,1.2,1.460205e-11,2.97001,0.04817944,6.318793e-06,1.2,2.467569e-10,-7.603962e-12,1.84297e-12,9.681138e-14,2.00825e-12,2.971401e-12,2.017859e-12
6.522283e-05,2.97,2.97,1.2,0.004463673,2.967458,0.001644796,1.330943e-07,1.2,1.459832e-11,2.97001,0.0482747,6.319718e-06,1.2,2.467931e-10,-7.64211e-12,1.838529e-12,9.668997e-14,2.006844e-12,2.970957e-12,2.018057e-12
6.532283e-05,2.97,2.97,1.2,0.004451449,2.967452,0.001648175,1.330472e-07,1.2,1.459328e-11,2.97001,0.04836995,6.320676e-06,1.2,2.468305e-10,-7.681171e-12,1.834977e-12,9.657244e-14,2.008281e-12,2.971401e-12,2.018468e-12
6.542283e-05,2.97,2.97,1.2,0.004453794,2.967447,0.001651559,1.331842e-07,1.2,1.460811e-11,2.970011,0.04846518,6.321568e-06,1.2,2.468653e-10,-7.660303e-12,1.837197e-12,9.6698e-14,2.009493e-12,2.971401e-12,2.018765e-12
6.552283e-05,2.97,2.97,1.2,0.004770884,2.967446,0.001655038,1.362811e-07,1.2,1.494374e-11,2.970011,0.0485604,6.32259e-06,1.2,2.469053e-10,-6.87961e-12,1.919798e-12,1.002364e-13,2.008455e-12,2.971401e-12,2.019092e-12
6.562283e-05,2.97,2.97,1.2,0.004826622,2.967438,0.001658357,1.304313e-07,1.2,1.430993e-11,2.970011,0.0486556,6.323449e-06,1.2,2.469386e-10,-9.200167e-12,1.672884e-12,9.178175e-14,2.009962e-12,2.971845e-12,2.019273e-12
6.572283e-05,2.97,2.97,1.2,0.004769688,2.967433,0.001661755,1.321317e-07,1.2,1.44943e-11,2.970011,0.04875079,6.324468e-06,1.2,2.469785e-10,-1.06998e-11,1.513456e-12,8.981977e-14,2.011691e-12,2.971401e-12,2.019695e-12
6.581094e-05,2.97,2.97,1.2,0.004757975,2.967428,0.001664738,1.327542e-07,1.2,1.456198e-11,2.970011,0.04883465,6.325431e-06,1.2,2.47016e-10,-1.131749e-11,1.447731e-12,8.891934e-14,2.010497e-12,2.971401e-12,2.019892e-12
6.588522e-05,2.97,2.97,1.2,0.004748173,2.967424,0.001667248,1.328817e-07,1.2,1.457593e-11,2.970011,0.04890535,6.326142e-06,1.2,2.470438e-10,-1.149166e-11,1.429079e-12,8.860678e-14,2.01331e-12,2.971401e-12,2.020079e-12
6.597364e-05,2.97,2.97,1.2,0.00473655,2.967419,0.001670231,1.329469e-07,1.2,1.458303e-11,2.970011,0.04898948,6.326978e-06,1.2,2.470764e-10,-1.147875e-11,1.430411e-12,8.869319e-14,2.012537e-12,2.971401e-12,2.020503e-12
6.607364e-05,2.97,2.97,1.2,0.004723442,2.967414,0.001673603,1.330033e-07,1.2,1.458908e-11,2.970011,0.04908462,6.327866e-06,1.2,2.47111e-10,-1.144135e-11,1.434852e-12,8.877154e-14,2.011483e-12,2.971401e-12,2.020677e-12
6.617364e-05,2.97,2.97,1.2,0.004710372,2.967408,0.001676973,1.329428e-07,1.2,1.458245e-11,2.970011,0.04917975,6.328919e-06,1.2,2.471523e-10,-1.140249e-11,1.438849e-12,8.882382e-14,2.013403e-12,2.971401e-12,2.021135e-12
6.627364e-05,2.97,2.97,1.2,0.004697338,2.967402,0.001680343,1.329303e-07,1.2,1.458104e-11,2.970011,0.04927486,6.329905e-06,1.2,2.471907e-10,-1.137491e-11,1.441514e-12,8.88645e-14,2.012508e-12,2.970957e-12,2.021462e-12
6.637364e-05,2.97,2.97,1.2,0.004684341,2.967396,0.001683711,1.329468e-07,1.2,1.458298e-11,2.970011,0.04936995,6.330961e-06,1.2,2.472318e-10,-1.135861e-11,1.44329e-12,8.889376e-14,2.014264e-12,2.970957e-12,2.021694e-12
6.647364e-05,2.97,2.97,1.2,0.00467138,2.96739,0.001687079,1.328504e-07,1.2,1.457256e-11,2.970011,0.04946503,6.332039e-06,1.2,2.47274e-10,-1.135072e-11,1.443734e-12,8.87898e-14,2.016047e-12,2.970957e-12,2.022158e-12
6.657364e-05,2.97,2.97,1.2,0.004658454,2.967385,0.001690445,1.329024e-07,1.2,1.457801e-11,2.970011,0.0495601,6.333068e-06,1.2,2.473141e-10,-1.135468e-11,1.44329e-12,8.887499e-14,2.01551e-12,2.970957e-12,2.022488e-12
6.667364e-05,2.97,2.97,1.2,0.004645564,2.967379,0.001693811,1.328082e-07,1.2,1.456798e-11,2.970011,0.04965516,6.334156e-06,1.2,2.473564e-10,-1.136721e-11,1.441958e-12,8.873686e-14,2.014675e-12,2.971401e-12,2.022712e-12
6.677364e-05,2.97,2.97,1.2,0.00463271,2.967373,0.001697175,1.32756e-07,1.2,1.456216e-11,2.970011,0.0497502,6.335134e-06,1.2,2.473946e-10,-1.138631e-11,1.440625e-12,8.864344e-14,2.019498e-12,2.971401e-12,2.023157e-12
6.687364e-05,2.97,2.97,1.2,0.004619892,2.967367,0.001700539,1.3272e-07,1.2,1.45583e-11,2.970011,0.04984522,6.336265e-06,1.2,2.474388e-10,-1.140806e-11,1.437961e-12,8.857859e-14,2.019024e-12,2.971401e-12,2.023409e-12
6.697364e-05,2.97,2.97,1.2,0.004607109,2.967361,0.001703901,1.327597e-07,1.2,1.456253e-11,2.970011,0.04994024,6.337386e-06,1.2,2.474825e-10,-1.143581e-11,1.435296e-12,8.855128e-14,2.020921e-12,2.971401e-12,2.023861e-12
6.707364e-05,2.97,2.97,1.2,0.004594361,2.967356,0.001707263,1.328048e-07,1.2,1.456759e-11,2.970011,0.05003524,6.338442e-06,1.2,2.475238e-10,-1.14642e-11,1.432188e-12,8.851774e-14,2.020444e-12,2.971401e-12,2.024212e-12
6.717364e-05,2.97,2.97,1.2,0.004581649,2.96735,0.001710623,1.328123e-07,1.2,1.456844e-11,2.970011,0.05013022,6.339567e-06,1.2,2.475678e-10,-1.149741e-11,1.428191e-12,8.847225e-14,2.025345e-12,2.971401e-12,2.024466e-12
6.727364e-05,2.97,2.97,1.2,0.004568971,2.967344,0.001713983,1.327021e-07,1.2,1.45563e-11,2.970011,0.0502252,6.340586e-06,1.2,2.476073e-10,-1.153022e-11,1.424638e-12,8.828057e-14,2.024975e-12,2.971401e-12,2.02491e-12
6.737364e-05,2.97,2.97,1.2,0.004556329,2.967338,0.001717341,1.326251e-07,1.2,1.454802e-11,2.970011,0.05032016,6.341794e-06,1.2,2.476545e-10,-1.15667e-11,1.421085e-12,8.8116e-14,2.024496e-12,2.971401e-12,2.025307e-12
6.747364e-05,2.97,2.97,1.2,0.004543722,2.967332,0.001720699,1.326309e-07,1.2,1.45485e-11,2.970011,0.0504151,6.342881e-06,1.2,2.476971e-10,-1.160198e-11,1.417533e-12,8.808038e-14,2.02648e-12,2.970957e-12,2.025646e-12
6.757364e-05,2.97,2.97,1.2,0.004531149,2.967327,0.001724055,1.325981e-07,1.2,1.454492e-11,2.970011,0.05051003,6.344058e-06,1.2,2.477429e-10,-1.164068e-11,1.413092e-12,8.796912e-14,2.026112e-12,2.971401e-12,2.025929e-12
6.767364e-05,2.97,2.97,1.2,0.004518611,2.967321,0.00172741,1.325948e-07,1.2,1.454478e-11,2.970011,0.05060496,6.345108e-06,1.2,2.477838e-10,-1.167733e-11,1.409095e-12,8.787829e-14,2.025524e-12,2.970957e-12,2.02636e-12
6.777364e-05,2.97,2.97,1.2,0.004506107,2.967315,0.001730765,1.326224e-07,1.2,1.454779e-11,2.970011,0.05069986,6.34635e-06,1.2,2.478323e-10,-1.17172e-11,1.404654e-12,8.783949e-14,2.027763e-12,2.971401e-12,2.026759e-12
6.787364e-05,2.97,2.97,1.2,0.004493627,2.967309,0.001734118,1.326399e-07,1.2,1.454962e-11,2.970011,0.05079476,6.347482e-06,1.2,2.478767e-10,-1.175466e-11,1.401101e-12,8.775668e-14,2.027667e-12,2.971401e-12,2.027157e-12
6.797364e-05,2.97,2.97,1.2,0.004481117,2.967304,0.00173747,1.326037e-07,1.2,1.45456e-11,2.970011,0.05088964,6.348637e-06,1.2,2.479216e-10,-1.17944e-11,1.397105e-12,8.760061e-14,2.027392e-12,2.971401e-12,2.027516e-12
6.807364e-05,2.97,2.97,1.2,0.004468643,2.967298,0.001740822,1.325667e-07,1.2,1.454163e-11,2.970011,0.05098451,6.349878e-06,1.2,2.479699e-10,-1.183329e-11,1.392664e-12,8.754943e-14,2.029808e-12,2.970957e-12,2.02779e-12
6.817364e-05,2.97,2.97,1.2,0.004456364,2.967292,0.001744172,1.325322e-07,1.2,1.453781e-11,2.970011,0.05107936,6.351106e-06,1.2,2.480179e-10,-1.187353e-11,1.388667e-12,8.740268e-14,2.029687e-12,2.970957e-12,2.028299e-12
6.827364e-05,2.97,2.97,1.2,0.00445621,2.967286,0.001747525,1.326252e-07,1.2,1.454791e-11,2.970011,0.0511742,6.352212e-06,1.2,2.480612e-10,-1.186149e-11,1.389555e-12,8.745689e-14,2.029497e-12,2.971401e-12,2.02854e-12
6.837364e-05,2.97,2.97,1.2,0.004742753,2.967286,0.001750966,1.355207e-07,1.2,1.486169e-11,2.970011,0.05126903,6.353444e-06,1.2,2.481092e-10,-1.110852e-11,1.469935e-12,9.084344e-14,2.029447e-12,2.971401e-12,2.029071e-12
6.847364e-05,2.97,2.97,1.2,0.004850845,2.967278,0.001754269,1.301209e-07,1.2,1.427696e-11,2.970011,0.05136385,6.354647e-06,1.2,2.481562e-10,-1.363314e-11,1.201705e-12,8.224878e-14,2.032001e-12,2.971401e-12,2.029455e-12
6.857364e-05,2.97,2.97,1.2,0.004774808,2.967273,0.001757635,1.316847e-07,1.2,1.444638e-11,2.970011,0.05145866,6.355919e-06,1.2,2.482057e-10,-1.492284e-11,1.064038e-12,8.057664e-14,2.032049e-12,2.970957e-12,2.029748e-12
6.865417e-05,2.97,2.97,1.2,0.004764044,2.967269,0.001760338,1.321829e-07,1.2,1.450048e-11,2.970011,0.051535,6.356965e-06,1.2,2.482466e-10,-1.546199e-11,1.00675e-12,7.976826e-14,2.032206e-12,2.971401e-12,2.030176e-12
6.87388e-05,2.97,2.97,1.2,0.004752867,2.967264,0.00176317,1.324056e-07,1.2,1.452467e-11,2.970011,0.0516152,6.358065e-06,1.2,2.482895e-10,-1.557742e-11,9.947598e-13,7.968904e-14,2.034179e-12,2.971401e-12,2.030642e-12
6.88261e-05,2.97,2.97,1.2,0.004741376,2.967259,0.00176609,1.324483e-07,1.2,1.452927e-11,2.970011,0.05169795,6.359179e-06,1.2,2.483331e-10,-1.556683e-11,9.952039e-13,7.973099e-14,2.036376e-12,2.971401e-12,2.030938e-12
6.89261e-05,2.97,2.97,1.2,0.004728253,2.967253,0.001769432,1.324212e-07,1.2,1.452644e-11,2.970011,0.05179271,6.360371e-06,1.2,2.483797e-10,-1.553506e-11,9.992007e-13,7.974181e-14,2.036608e-12,2.971401e-12,2.031186e-12
6.90261e-05,2.97,2.97,1.2,0.004715169,2.967247,0.001772774,1.323928e-07,1.2,1.452319e-11,2.970011,0.05188746,6.361508e-06,1.2,2.484237e-10,-1.55073e-11,1.001865e-12,7.977418e-14,2.036887e-12,2.971401e-12,2.031561e-12
6.91261e-05,2.97,2.97,1.2,0.004702121,2.967242,0.001776114,1.324323e-07,1.2,1.452744e-11,2.970011,0.0519822,6.362721e-06,1.2,2.484712e-10,-1.548485e-11,1.00453e-12,7.987944e-14,2.036699e-12,2.971401e-12,2.032058e-12
6.92261e-05,2.97,2.97,1.2,0.00468911,2.967236,0.001779453,1.324493e-07,1.2,1.452937e-11,2.970011,0.05207692,6.364002e-06,1.2,2.485213e-10,-1.547597e-11,1.005418e-12,7.987231e-14,2.036883e-12,2.971401e-12,2.032479e-12
6.93261e-05,2.97,2.97,1.2,0.004676135,2.96723,0.001782791,1.324419e-07,1.2,1.452862e-11,2.970011,0.05217164,6.365358e-06,1.2,2.48574e-10,-1.547688e-11,1.005418e-12,7.986792e-14,2.03993e-12,2.971401e-12,2.032806e-12
6.94261e-05,2.97,2.97,1.2,0.004663196,2.967224,0.001786128,1.324231e-07,1.2,1.452657e-11,2.970011,0.05226634,6.366606e-06,1.2,2.486228e-10,-1.548657e-11,1.003642e-12,7.983773e-14,2.040287e-12,2.971401e-12,2.033316e-12
6.95261e-05,2.97,2.97,1.2,0.004650293,2.967218,0.001789464,1.323147e-07,1.2,1.451483e-11,2.970011,0.05236103,6.367972e-06,1.2,2.486761e-10,-1.550486e-11,1.002309e-12,7.966768e-14,2.040483e-12,2.970957e-12,2.033626e-12
6.96261e-05,2.97,2.97,1.2,0.004637425,2.967213,0.001792799,1.323399e-07,1.2,1.451757e-11,2.970011,0.05245571,6.369337e-06,1.2,2.487295e-10,-1.552838e-11,9.996448e-13,7.963788e-14,2.040772e-12,2.970957e-12,2.034176e-12
6.97261e-05,2.97,2.97,1.2,0.004624593,2.967207,0.001796134,1.323373e-07,1.2,1.451733e-11,2.970011,0.05255037,6.370576e-06,1.2,2.487779e-10,-1.555455e-11,9.969803e-13,7.96152e-14,2.041155e-12,2.971845e-12,2.034484e-12
6.98261e-05,2.97,2.97,1.2,0.004611797,2.967201,0.001799467,1.322775e-07,1.2,1.451079e-11,2.970011,0.05264503,6.371996e-06,1.2,2.488331e-10,-1.558705e-11,9.934276e-13,7.945374e-14,2.041532e-12,2.971401e-12,2.03505e-12
6.99261e-05,2.97,2.97,1.2,0.004599036,2.967195,0.001802799,1.322881e-07,1.2,1.451198e-11,2.970011,0.05273967,6.373261e-06,1.2,2.488825e-10,-1.561934e-11,9.898748e-13,7.939175e-14,2.042053e-12,2.971401e-12,2.035336e-12
7.00261e-05,2.97,2.97,1.2,0.00458631,2.96719,0.00180613,1.323244e-07,1.2,1.451591e-11,2.970011,0.05283431,6.374671e-06,1.2,2.489374e-10,-1.565683e-11,9.85878e-13,7.936887e-14,2.042465e-12,2.971401e-12,2.0359e-12
7.01261e-05,2.97,2.97,1.2,0.004573619,2.967184,0.00180946,1.323654e-07,1.2,1.452028e-11,2.970011,0.05292893,6.375965e-06,1.2,2.489882e-10,-1.569336e-11,9.818812e-13,7.932061e-14,2.043027e-12,2.970513e-12,2.036219e-12
7.02261e-05,2.97,2.97,1.2,0.004560964,2.967178,0.001812789,1.323765e-07,1.2,1.452143e-11,2.970011,0.05302354,6.377389e-06,1.2,2.490436e-10,-1.573371e-11,9.778844e-13,7.92117e-14,2.043491e-12,2.970957e-12,2.036777e-12
7.03261e-05,2.97,2.97,1.2,0.004548343,2.967172,0.001816117,1.322629e-07,1.2,1.450924e-11,2.970011,0.05311814,6.378697e-06,1.2,2.490947e-10,-1.577287e-11,9.734435e-13,7.90143e-14,2.043998e-12,2.970957e-12,2.037095e-12
7.04261e-05,2.97,2.97,1.2,0.004535758,2.967166,0.001819444,1.321987e-07,1.2,1.450219e-11,2.970011,0.05321272,6.380144e-06,1.2,2.49151e-10,-1.581478e-11,9.694467e-13,7.891313e-14,2.044625e-12,2.971401e-12,2.037663e-12
7.05261e-05,2.97,2.97,1.2,0.004523206,2.967161,0.00182277,1.322204e-07,1.2,1.450466e-11,2.970011,0.0533073,6.38147e-06,1.2,2.492028e-10,-1.585513e-11,9.645618e-13,7.883043e-14,2.045253e-12,2.971401e-12,2.037982e-12
7.06261e-05,2.97,2.97,1.2,0.00451069,2.967155,0.001826096,1.322024e-07,1.2,1.450274e-11,2.970011,0.05340186,6.38292e-06,1.2,2.492594e-10,-1.589843e-11,9.610091e-13,7.871399e-14,2.045932e-12,2.970957e-12,2.038546e-12
7.07261e-05,2.97,2.97,1.2,0.004498198,2.967149,0.00182942,1.322227e-07,1.2,1.450496e-11,2.970011,0.05349642,6.384316e-06,1.2,2.493139e-10,-1.593927e-11,9.552359e-13,7.865598e-14,2.046628e-12,2.971401e-12,2.039011e-12
7.08261e-05,2.97,2.97,1.2,0.004485677,2.967143,0.001832743,1.321365e-07,1.2,1.44955e-11,2.970011,0.05359096,6.385722e-06,1.2,2.493688e-10,-1.598355e-11,9.516832e-13,7.846742e-14,2.050057e-12,2.971401e-12,2.039468e-12
7.09261e-05,2.97,2.97,1.2,0.004473189,2.967138,0.001836065,1.321531e-07,1.2,1.44973e-11,2.970011,0.05368549,6.387153e-06,1.2,2.494247e-10,-1.602518e-11,9.467982e-13,7.841116e-14,2.050842e-12,2.971401e-12,2.039921e-12
7.10261e-05,2.97,2.97,1.2,0.004460868,2.967132,0.001839386,1.322e-07,1.2,1.450249e-11,2.970011,0.05378001,6.388636e-06,1.2,2.494826e-10,-1.606864e-11,9.423573e-13,7.835226e-14,2.051405e-12,2.971401e-12,2.040271e-12
7.11261e-05,2.97,2.97,1.2,0.004458784,2.967126,0.001842709,1.322678e-07,1.2,1.450986e-11,2.970011,0.05387452,6.390002e-06,1.2,2.49536e-10,-1.606801e-11,9.423573e-13,7.836839e-14,2.052389e-12,2.971401e-12,2.040836e-12
7.12261e-05,2.97,2.97,1.2,0.004718336,2.967125,0.001846113,1.349035e-07,1.2,1.479508e-11,2.970011,0.05396902,6.391508e-06,1.2,2.495947e-10,-1.535156e-11,1.018297e-12,8.152205e-14,2.053373e-12,2.971845e-12,2.041212e-12
7.13261e-05,2.97,2.97,1.2,0.004876707,2.967118,0.001849402,1.300129e-07,1.2,1.426553e-11,2.970011,0.05406351,6.392949e-06,1.2,2.496508e-10,-1.79496e-11,7.420731e-13,7.30791e-14,2.051489e-12,2.971845e-12,2.041668e-12
7.14261e-05,2.97,2.97,1.2,0.004780015,2.967113,0.001852736,1.315029e-07,1.2,1.442698e-11,2.970011,0.05415799,6.394341e-06,1.2,2.497051e-10,-1.893222e-11,6.377121e-13,7.200024e-14,2.052144e-12,2.971845e-12,2.042243e-12
7.150264e-05,2.97,2.97,1.2,0.004769731,2.967109,0.001855281,1.318855e-07,1.2,1.446862e-11,2.970011,0.0542303,6.395559e-06,1.2,2.497528e-10,-1.933228e-11,5.946355e-13,7.13701e-14,2.052969e-12,2.971401e-12,2.042478e-12
7.158054e-05,2.97,2.97,1.2,0.004759424,2.967104,0.001857865,1.320307e-07,1.2,1.448424e-11,2.970011,0.05430388,6.396543e-06,1.2,2.497909e-10,-1.9408e-11,5.870859e-13,7.133328e-14,2.05452e-12,2.971401e-12,2.042798e-12
7.16581e-05,2.97,2.97,1.2,0.004749199,2.9671,0.001860436,1.320968e-07,1.2,1.449157e-11,2.970011,0.05437713,6.397595e-06,1.2,2.498321e-10,-1.93949e-11,5.8753e-13,7.138893e-14,2.05455e-12,2.970957e-12,2.043172e-12
7.17581e-05,2.97,2.97,1.2,0.004736055,2.967094,0.001863749,1.319784e-07,1.2,1.447863e-11,2.970011,0.05447158,6.399157e-06,1.2,2.49893e-10,-1.937884e-11,5.901946e-13,7.130727e-14,2.056046e-12,2.971845e-12,2.043784e-12
7.18581e-05,2.97,2.97,1.2,0.004722948,2.967088,0.001867062,1.320044e-07,1.2,1.44815e-11,2.970011,0.05456601,6.400787e-06,1.2,2.499566e-10,-1.936579e-11,5.910827e-13,7.135108e-14,2.054317e-12,2.971401e-12,2.044295e-12
7.19581e-05,2.97,2.97,1.2,0.004709878,2.967082,0.001870373,1.32033e-07,1.2,1.448454e-11,2.970011,0.05466043,6.402397e-06,1.2,2.500194e-10,-1.936344e-11,5.915268e-13,7.136321e-14,2.055328e-12,2.971401e-12,2.04481e-12
7.20581e-05,2.97,2.97,1.2,0.004696845,2.967077,0.001873683,1.320015e-07,1.2,1.448118e-11,2.970011,0.05475484,6.403953e-06,1.2,2.500801e-10,-1.937024e-11,5.915268e-13,7.134939e-14,2.056501e-12,2.970957e-12,2.0452e-12
7.21581e-05,2.97,2.97,1.2,0.004683848,2.967071,0.001876993,1.319424e-07,1.2,1.447473e-11,2.970011,0.05484925,6.405396e-06,1.2,2.501365e-10,-1.938337e-11,5.893064e-13,7.124487e-14,2.057737e-12,2.971401e-12,2.045789e-12
7.22581e-05,2.97,2.97,1.2,0.004670887,2.967065,0.001880301,1.318523e-07,1.2,1.446502e-11,2.970011,0.05494364,6.406971e-06,1.2,2.501979e-10,-1.940621e-11,5.870859e-13,7.109693e-14,2.058692e-12,2.971401e-12,2.046175e-12
7.23581e-05,2.97,2.97,1.2,0.004657963,2.967059,0.001883608,1.318193e-07,1.2,1.446154e-11,2.970011,0.05503802,6.408427e-06,1.2,2.502548e-10,-1.943483e-11,5.844214e-13,7.105174e-14,2.05714e-12,2.971401e-12,2.046775e-12
7.24581e-05,2.97,2.97,1.2,0.004645073,2.967054,0.001886915,1.318644e-07,1.2,1.446633e-11,2.970011,0.05513239,6.410036e-06,1.2,2.503178e-10,-1.946553e-11,5.808687e-13,7.102843e-14,2.058168e-12,2.970957e-12,2.047172e-12
7.25581e-05,2.97,2.97,1.2,0.00463222,2.967048,0.00189022,1.319071e-07,1.2,1.447082e-11,2.970011,0.05522675,6.411527e-06,1.2,2.503758e-10,-1.950225e-11,5.768719e-13,7.09233e-14,2.059343e-12,2.970957e-12,2.047761e-12
7.26581e-05,2.97,2.97,1.2,0.004619402,2.967042,0.001893524,1.318173e-07,1.2,1.446128e-11,2.970011,0.0553211,6.413026e-06,1.2,2.504343e-10,-1.954186e-11,5.728751e-13,7.079192e-14,2.063383e-12,2.971845e-12,2.048138e-12
7.27581e-05,2.97,2.97,1.2,0.00460662,2.967036,0.001896828,1.317919e-07,1.2,1.445849e-11,2.970011,0.05541544,6.414679e-06,1.2,2.504988e-10,-1.958121e-11,5.684342e-13,7.067231e-14,2.067008e-12,2.971401e-12,2.04878e-12
7.28581e-05,2.97,2.97,1.2,0.004593872,2.96703,0.00190013,1.317676e-07,1.2,1.445588e-11,2.970011,0.05550977,6.4162e-06,1.2,2.505581e-10,-1.962504e-11,5.635492e-13,7.056154e-14,2.065343e-12,2.971401e-12,2.049168e-12
7.29581e-05,2.97,2.97,1.2,0.00458116,2.967025,0.001903432,1.318013e-07,1.2,1.445951e-11,2.970011,0.05560409,6.417808e-06,1.2,2.506208e-10,-1.966742e-11,5.595524e-13,7.049624e-14,2.06662e-12,2.971401e-12,2.049664e-12
7.30581e-05,2.97,2.97,1.2,0.004568484,2.967019,0.001906732,1.318282e-07,1.2,1.446242e-11,2.970011,0.0556984,6.419342e-06,1.2,2.506807e-10,-1.97137e-11,5.546674e-13,7.043952e-14,2.067844e-12,2.971401e-12,2.05027e-12
7.31581e-05,2.97,2.97,1.2,0.004555842,2.967013,0.001910032,1.318081e-07,1.2,1.446018e-11,2.970011,0.0557927,6.42103e-06,1.2,2.507465e-10,-1.975713e-11,5.488943e-13,7.027213e-14,2.06916e-12,2.970957e-12,2.050715e-12
7.32581e-05,2.97,2.97,1.2,0.004543235,2.967007,0.00191333,1.317882e-07,1.2,1.445814e-11,2.970011,0.055887,6.422595e-06,1.2,2.508076e-10,-1.980418e-11,5.448975e-13,7.018138e-14,2.067936e-12,2.970957e-12,2.051325e-12
7.33581e-05,2.97,2.97,1.2,0.004530663,2.967001,0.001916628,1.317478e-07,1.2,1.445378e-11,2.970011,0.05598128,6.424173e-06,1.2,2.508692e-10,-1.984965e-11,5.400125e-13,7.006246e-14,2.069176e-12,2.970957e-12,2.051738e-12
7.34581e-05,2.97,2.97,1.2,0.004518125,2.966996,0.001919924,1.317489e-07,1.2,1.445385e-11,2.970011,0.05607555,6.425838e-06,1.2,2.509341e-10,-1.989796e-11,5.351275e-13,6.994002e-14,2.070557e-12,2.970957e-12,2.052256e-12
7.35581e-05,2.97,2.97,1.2,0.004505619,2.96699,0.001923219,1.316641e-07,1.2,1.444476e-11,2.970011,0.05616981,6.427436e-06,1.2,2.509965e-10,-1.994347e-11,5.297984e-13,6.976341e-14,2.069193e-12,2.970957e-12,2.052889e-12
7.36581e-05,2.97,2.97,1.2,0.004493097,2.966984,0.001926514,1.316466e-07,1.2,1.444273e-11,2.970011,0.05626407,6.42911e-06,1.2,2.510618e-10,-1.999082e-11,5.244694e-13,6.968851e-14,2.070539e-12,2.971401e-12,2.053419e-12
7.37581e-05,2.97,2.97,1.2,0.004480582,2.966978,0.001929807,1.316505e-07,1.2,1.444318e-11,2.970011,0.05635831,6.430768e-06,1.2,2.511264e-10,-2.003901e-11,5.200285e-13,6.957984e-14,2.071929e-12,2.971401e-12,2.053955e-12
7.38581e-05,2.97,2.97,1.2,0.00446814,2.966973,0.0019331,1.316971e-07,1.2,1.444828e-11,2.970011,0.05645254,6.432358e-06,1.2,2.511887e-10,-2.008667e-11,5.142553e-13,6.94907e-14,2.07313e-12,2.971401e-12,2.054348e-12
7.39581e-05,2.97,2.97,1.2,0.004458905,2.966967,0.001936392,1.317114e-07,1.2,1.444991e-11,2.970011,0.05654677,6.434115e-06,1.2,2.512572e-10,-2.012105e-11,5.111467e-13,6.943799e-14,2.072239e-12,2.971401e-12,2.055021e-12
7.40581e-05,2.97,2.97,1.2,0.004573715,2.966963,0.001939724,1.330191e-07,1.2,1.459145e-11,2.970011,0.05664098,6.435799e-06,1.2,2.513231e-10,-1.972966e-11,5.52447e-13,7.104695e-14,2.073475e-12,2.971401e-12,2.05556e-12
7.41581e-05,2.97,2.97,1.2,0.005026855,2.966962,0.001943101,1.332198e-07,1.2,1.461335e-11,2.970012,0.05673519,6.43743e-06,1.2,2.513867e-10,-2.109237e-11,4.076739e-13,6.836687e-14,2.075066e-12,2.971845e-12,2.055987e-12
7.42581e-05,2.97,2.97,1.2,0.00478902,2.966955,0.001946365,1.326908e-07,1.2,1.455565e-11,2.970012,0.05682939,6.439141e-06,1.2,2.514535e-10,-1.906397e-11,6.235013e-13,7.220077e-14,2.074093e-12,2.970957e-12,2.056532e-12
7.434368e-05,2.97,2.97,1.2,0.00477737,2.96695,0.001949164,1.319417e-07,1.2,1.447449e-11,2.970012,0.05690999,6.440516e-06,1.2,2.515072e-10,-1.816311e-11,7.189804e-13,7.358052e-14,2.074796e-12,2.970957e-12,2.056985e-12
7.441798e-05,2.97,2.97,1.2,0.004767559,2.966945,0.001951601,1.316195e-07,1.2,1.443959e-11,2.970012,0.05697997,6.441775e-06,1.2,2.515562e-10,-1.793705e-11,7.429612e-13,7.379654e-14,2.074669e-12,2.970957e-12,2.057432e-12
7.448088e-05,2.97,2.97,1.2,0.00475926,2.966941,0.001953666,1.315085e-07,1.2,1.442757e-11,2.970012,0.05703921,6.442895e-06,1.2,2.516e-10,-1.802889e-11,7.331913e-13,7.353349e-14,2.07715e-12,2.970957e-12,2.05793e-12
7.458088e-05,2.97,2.97,1.2,0.004746091,2.966935,0.001956951,1.315025e-07,1.2,1.442703e-11,2.970012,0.05713337,6.444609e-06,1.2,2.516668e-10,-1.813961e-11,7.21645e-13,7.332369e-14,2.078635e-12,2.971845e-12,2.0583e-12
7.468088e-05,2.97,2.97,1.2,0.004732959,2.96693,0.001960235,1.314431e-07,1.2,1.442059e-11,2.970012,0.05722753,6.44637e-06,1.2,2.517355e-10,-1.824835e-11,7.100986e-13,7.302829e-14,2.080287e-12,2.971401e-12,2.058846e-12
7.478088e-05,2.97,2.97,1.2,0.004719862,2.966924,0.001963518,1.314952e-07,1.2,1.442626e-11,2.970012,0.05732168,6.448059e-06,1.2,2.518014e-10,-1.835261e-11,6.989964e-13,7.28699e-14,2.079264e-12,2.971401e-12,2.059513e-12
7.488088e-05,2.97,2.97,1.2,0.004706802,2.966918,0.0019668,1.314908e-07,1.2,1.442582e-11,2.970012,0.05741582,6.449764e-06,1.2,2.518678e-10,-1.844863e-11,6.887824e-13,7.267723e-14,2.081098e-12,2.971401e-12,2.059962e-12
7.498088e-05,2.97,2.97,1.2,0.004693777,2.966912,0.001970082,1.31528e-07,1.2,1.442984e-11,2.970012,0.05750995,6.451602e-06,1.2,2.519397e-10,-1.853561e-11,6.799006e-13,7.253612e-14,2.080083e-12,2.971401e-12,2.060656e-12
7.508088e-05,2.97,2.97,1.2,0.004680789,2.966906,0.001973362,1.315179e-07,1.2,1.442872e-11,2.970012,0.05760407,6.45333e-06,1.2,2.520071e-10,-1.861523e-11,6.710188e-13,7.231708e-14,2.081872e-12,2.971845e-12,2.061104e-12
7.518088e-05,2.97,2.97,1.2,0.004667837,2.966901,0.001976641,1.314589e-07,1.2,1.442227e-11,2.970012,0.05769818,6.455058e-06,1.2,2.520745e-10,-1.868832e-11,6.634693e-13,7.21429e-14,2.083705e-12,2.971401e-12,2.061761e-12
7.528088e-05,2.97,2.97,1.2,0.00465492,2.966895,0.001979919,1.314494e-07,1.2,1.442104e-11,2.970012,0.05779229,6.456788e-06,1.2,2.521421e-10,-1.875569e-11,6.559198e-13,7.201826e-14,2.082687e-12,2.970957e-12,2.062215e-12
7.538088e-05,2.97,2.97,1.2,0.00464204,2.966889,0.001983196,1.314449e-07,1.2,1.442071e-11,2.970012,0.05788638,6.458606e-06,1.2,2.52213e-10,-1.881901e-11,6.497025e-13,7.185399e-14,2.084352e-12,2.970957e-12,2.062777e-12
7.548088e-05,2.97,2.97,1.2,0.004629195,2.966883,0.001986473,1.314059e-07,1.2,1.441634e-11,2.970012,0.05798047,6.460359e-06,1.2,2.522814e-10,-1.887873e-11,6.430412e-13,7.168633e-14,2.083575e-12,2.970957e-12,2.063466e-12
7.558088e-05,2.97,2.97,1.2,0.004616385,2.966878,0.001989748,1.314037e-07,1.2,1.441618e-11,2.970012,0.05807455,6.462167e-06,1.2,2.523518e-10,-1.893815e-11,6.363798e-13,7.16077e-14,2.085342e-12,2.970957e-12,2.06405e-12
7.568088e-05,2.97,2.97,1.2,0.004603611,2.966872,0.001993022,1.314368e-07,1.2,1.441988e-11,2.970012,0.05816862,6.463937e-06,1.2,2.524208e-10,-1.899345e-11,6.306067e-13,7.149189e-14,2.08461e-12,2.971401e-12,2.064499e-12
7.578088e-05,2.97,2.97,1.2,0.004590872,2.966866,0.001996295,1.313733e-07,1.2,1.441305e-11,2.970012,0.05826268,6.465776e-06,1.2,2.524928e-10,-1.904926e-11,6.252776e-13,7.12901e-14,2.086759e-12,2.971401e-12,2.065096e-12
7.588088e-05,2.97,2.97,1.2,0.004578168,2.96686,0.001999568,1.313388e-07,1.2,1.440923e-11,2.970012,0.05835673,6.467573e-06,1.2,2.525628e-10,-1.910136e-11,6.195044e-13,7.119107e-14,2.086007e-12,2.970957e-12,2.065786e-12
7.598088e-05,2.97,2.97,1.2,0.0045655,2.966854,0.002002839,1.313259e-07,1.2,1.440776e-11,2.970012,0.05845077,6.469366e-06,1.2,2.526329e-10,-1.915299e-11,6.137313e-13,7.105673e-14,2.08803e-12,2.970957e-12,2.066254e-12
7.608088e-05,2.97,2.97,1.2,0.004552866,2.966849,0.002006109,1.313591e-07,1.2,1.441137e-11,2.970012,0.0585448,6.47124e-06,1.2,2.52706e-10,-1.920565e-11,6.084022e-13,7.098379e-14,2.087344e-12,2.970957e-12,2.066835e-12
7.618088e-05,2.97,2.97,1.2,0.004540268,2.966843,0.002009378,1.313393e-07,1.2,1.440921e-11,2.970012,0.05863883,6.47304e-06,1.2,2.527761e-10,-1.925555e-11,6.030731e-13,7.08359e-14,2.089434e-12,2.971401e-12,2.06754e-12
7.628088e-05,2.97,2.97,1.2,0.004527704,2.966837,0.002012647,1.312601e-07,1.2,1.440077e-11,2.970012,0.05873285,6.474966e-06,1.2,2.528514e-10,-1.930757e-11,5.973e-13,7.069864e-14,2.091418e-12,2.970957e-12,2.068033e-12
7.638088e-05,2.97,2.97,1.2,0.004515173,2.966831,0.002015914,1.312254e-07,1.2,1.439696e-11,2.970012,0.05882686,6.476784e-06,1.2,2.529223e-10,-1.93564e-11,5.915268e-13,7.053384e-14,2.093356e-12,2.971401e-12,2.068732e-12
7.648088e-05,2.97,2.97,1.2,0.004502657,2.966826,0.00201918,1.312364e-07,1.2,1.439829e-11,2.970012,0.05892086,6.478592e-06,1.2,2.52993e-10,-1.940665e-11,5.866418e-13,7.045493e-14,2.092912e-12,2.971845e-12,2.069197e-12
7.658088e-05,2.97,2.97,1.2,0.004490114,2.96682,0.002022446,1.312815e-07,1.2,1.440311e-11,2.970012,0.05901485,6.480481e-06,1.2,2.530666e-10,-1.945454e-11,5.808687e-13,7.040181e-14,2.092325e-12,2.971845e-12,2.069805e-12
7.668088e-05,2.97,2.97,1.2,0.004477618,2.966814,0.00202571,1.312472e-07,1.2,1.439934e-11,2.970012,0.05910883,6.482394e-06,1.2,2.531412e-10,-1.950582e-11,5.759837e-13,7.025804e-14,2.094369e-12,2.971845e-12,2.070423e-12
7.678088e-05,2.97,2.97,1.2,0.00446559,2.966808,0.002028974,1.31251e-07,1.2,1.439977e-11,2.970012,0.05920281,6.484199e-06,1.2,2.532117e-10,-1.955153e-11,5.710987e-13,7.016749e-14,2.093908e-12,2.971401e-12,2.071014e-12
7.688088e-05,2.97,2.97,1.2,0.004480676,2.966803,0.002032245,1.316106e-07,1.2,1.443863e-11,2.970012,0.05929677,6.486133e-06,1.2,2.532873e-10,-1.949363e-11,5.782042e-13,7.053864e-14,2.096082e-12,2.970957e-12,2.071628e-12
7.698088e-05,2.97,2.97,1.2,0.004901269,2.966804,0.002035632,1.351874e-07,1.2,1.482626e-11,2.970012,0.05939073,6.488078e-06,1.2,2.533631e-10,-1.878685e-11,6.52367e-13,7.423081e-14,2.095654e-12,2.971401e-12,2.072263e-12
7.708088e-05,2.97,2.97,1.2,0.004807652,2.966794,0.002038815,1.292725e-07,1.2,1.418522e-11,2.970012,0.05948468,6.489896e-06,1.2,2.53434e-10,-1.955287e-11,5.715428e-13,6.887621e-14,2.097743e-12,2.971401e-12,2.072836e-12
7.717099e-05,2.97,2.97,1.2,0.004787688,2.96679,0.00204177,1.305069e-07,1.2,1.431925e-11,2.970012,0.05956934,6.491722e-06,1.2,2.535054e-10,-2.085971e-11,4.320988e-13,6.69963e-14,2.098112e-12,2.970957e-12,2.07352e-12
7.724504e-05,2.97,2.97,1.2,0.004777869,2.966786,0.00204419,1.310087e-07,1.2,1.437352e-11,2.970012,0.0596389,6.493106e-06,1.2,2.535592e-10,-2.140282e-11,3.743672e-13,6.620863e-14,2.096643e-12,2.971401e-12,2.073814e-12
7.73058e-05,2.97,2.97,1.2,0.004769836,2.966783,0.002046172,1.311682e-07,1.2,1.439114e-11,2.970012,0.05969597,6.494236e-06,1.2,2.536032e-10,-2.155224e-11,3.588241e-13,6.597351e-14,2.099207e-12,2.970957e-12,2.074249e-12
7.738732e-05,2.97,2.97,1.2,0.004759075,2.966778,0.002048828,1.311744e-07,1.2,1.439163e-11,2.970012,0.05977254,6.495788e-06,1.2,2.536638e-10,-2.156251e-11,3.574918e-13,6.595969e-14,2.101407e-12,2.971401e-12,2.074736e-12
7.748732e-05,2.97,2.97,1.2,0.004745906,2.966772,0.002052084,1.312018e-07,1.2,1.439458e-11,2.970012,0.05986645,6.497707e-06,1.2,2.537388e-10,-2.156092e-11,3.579359e-13,6.598573e-14,2.100963e-12,2.971401e-12,2.07547e-12
7.758732e-05,2.97,2.97,1.2,0.004732774,2.966766,0.002055339,1.311729e-07,1.2,1.439147e-11,2.970012,0.05996036,6.499651e-06,1.2,2.538147e-10,-2.156478e-11,3.570477e-13,6.595874e-14,2.103093e-12,2.971845e-12,2.075977e-12
7.768732e-05,2.97,2.97,1.2,0.004719678,2.96676,0.002058594,1.311641e-07,1.2,1.439067e-11,2.970012,0.06005426,6.501648e-06,1.2,2.538925e-10,-2.157436e-11,3.561595e-13,6.589542e-14,2.102651e-12,2.971845e-12,2.076604e-12
7.778732e-05,2.97,2.97,1.2,0.004706619,2.966755,0.002061847,1.310883e-07,1.2,1.438236e-11,2.970012,0.06014816,6.50353e-06,1.2,2.539659e-10,-2.158787e-11,3.543832e-13,6.582545e-14,2.102574e-12,2.970957e-12,2.077215e-12
7.788732e-05,2.97,2.97,1.2,0.004693595,2.966749,0.002065099,1.310548e-07,1.2,1.437869e-11,2.970012,0.06024204,6.505538e-06,1.2,2.540446e-10,-2.160924e-11,3.521627e-13,6.574071e-14,2.104991e-12,2.971401e-12,2.077859e-12
7.798732e-05,2.97,2.97,1.2,0.004680608,2.966743,0.00206835,1.310652e-07,1.2,1.437979e-11,2.970012,0.06033592,6.507513e-06,1.2,2.541215e-10,-2.16363e-11,3.494982e-13,6.568311e-14,2.107288e-12,2.971845e-12,2.078622e-12
7.808732e-05,2.97,2.97,1.2,0.004667656,2.966737,0.0020716,1.310446e-07,1.2,1.437762e-11,2.970012,0.06042979,6.509438e-06,1.2,2.541967e-10,-2.16648e-11,3.463896e-13,6.563116e-14,2.106879e-12,2.971401e-12,2.079102e-12
7.818732e-05,2.97,2.97,1.2,0.00465474,2.966732,0.00207485,1.311091e-07,1.2,1.438472e-11,2.970012,0.06052365,6.511489e-06,1.2,2.542766e-10,-2.169813e-11,3.43281e-13,6.560832e-14,2.109118e-12,2.970957e-12,2.07977e-12
7.828732e-05,2.97,2.97,1.2,0.00464186,2.966726,0.002078098,1.310212e-07,1.2,1.437503e-11,2.970012,0.0606175,6.513428e-06,1.2,2.543524e-10,-2.173162e-11,3.392842e-13,6.543847e-14,2.108558e-12,2.971401e-12,2.080498e-12
7.838732e-05,2.97,2.97,1.2,0.004629016,2.96672,0.002081346,1.310108e-07,1.2,1.437393e-11,2.970012,0.06071135,6.515417e-06,1.2,2.544299e-10,-2.176991e-11,3.352874e-13,6.535634e-14,2.111044e-12,2.971401e-12,2.081055e-12
7.848732e-05,2.97,2.97,1.2,0.004616207,2.966714,0.002084592,1.30963e-07,1.2,1.43686e-11,2.970012,0.06080519,6.5175e-06,1.2,2.545112e-10,-2.180959e-11,3.308465e-13,6.525597e-14,2.110824e-12,2.971401e-12,2.081675e-12
7.858732e-05,2.97,2.97,1.2,0.004603433,2.966708,0.002087838,1.309248e-07,1.2,1.436464e-11,2.970012,0.06089902,6.519473e-06,1.2,2.545881e-10,-2.184769e-11,3.272937e-13,6.510938e-14,2.110558e-12,2.971401e-12,2.082451e-12
7.868732e-05,2.97,2.97,1.2,0.004590695,2.966703,0.002091082,1.309923e-07,1.2,1.437195e-11,2.970012,0.06099284,6.521419e-06,1.2,2.546641e-10,-2.188926e-11,3.228529e-13,6.509171e-14,2.112892e-12,2.971401e-12,2.082927e-12
7.878732e-05,2.97,2.97,1.2,0.004577992,2.966697,0.002094326,1.310088e-07,1.2,1.437372e-11,2.970012,0.06108666,6.523555e-06,1.2,2.547474e-10,-2.192933e-11,3.179679e-13,6.502204e-14,2.112844e-12,2.971845e-12,2.083753e-12
7.888732e-05,2.97,2.97,1.2,0.004565324,2.966691,0.002097569,1.309288e-07,1.2,1.436511e-11,2.970012,0.06118046,6.525549e-06,1.2,2.548253e-10,-2.19722e-11,3.13527e-13,6.486978e-14,2.112426e-12,2.971401e-12,2.084267e-12
7.898732e-05,2.97,2.97,1.2,0.004552691,2.966685,0.00210081,1.309432e-07,1.2,1.436662e-11,2.970012,0.06127426,6.527681e-06,1.2,2.549083e-10,-2.201277e-11,3.099743e-13,6.475691e-14,2.114787e-12,2.971401e-12,2.085019e-12
7.908732e-05,2.97,2.97,1.2,0.004540093,2.966679,0.002104051,1.308907e-07,1.2,1.436083e-11,2.970012,0.06136805,6.529642e-06,1.2,2.549851e-10,-2.205678e-11,3.050893e-13,6.464818e-14,2.114552e-12,2.971845e-12,2.085565e-12
7.918732e-05,2.97,2.97,1.2,0.004527529,2.966674,0.002107291,1.309124e-07,1.2,1.436312e-11,2.970012,0.06146184,6.531796e-06,1.2,2.550691e-10,-2.210009e-11,3.006484e-13,6.457048e-14,2.114385e-12,2.971845e-12,2.086393e-12
7.928732e-05,2.97,2.97,1.2,0.004514998,2.966668,0.002110529,1.309207e-07,1.2,1.436403e-11,2.970012,0.06155562,6.533827e-06,1.2,2.551484e-10,-2.214142e-11,2.957634e-13,6.448841e-14,2.114242e-12,2.971845e-12,2.086914e-12
7.938732e-05,2.97,2.97,1.2,0.004502461,2.966662,0.002113767,1.308675e-07,1.2,1.435836e-11,2.970012,0.06164938,6.535863e-06,1.2,2.552279e-10,-2.218637e-11,2.908784e-13,6.432225e-14,2.116582e-12,2.971401e-12,2.087549e-12
7.948732e-05,2.97,2.97,1.2,0.004489918,2.966656,0.002117004,1.308156e-07,1.2,1.435278e-11,2.970012,0.06174315,6.537923e-06,1.2,2.553081e-10,-2.222792e-11,2.868816e-13,6.421249e-14,2.116447e-12,2.971401e-12,2.088229e-12
7.958732e-05,2.97,2.97,1.2,0.004477436,2.966651,0.00212024,1.307155e-07,1.2,1.434194e-11,2.970012,0.0618369,6.540073e-06,1.2,2.553921e-10,-2.227148e-11,2.815526e-13,6.402004e-14,2.119136e-12,2.971401e-12,2.089052e-12
7.968732e-05,2.97,2.97,1.2,0.004466743,2.966645,0.002123475,1.307733e-07,1.2,1.43482e-11,2.970012,0.06193065,6.542163e-06,1.2,2.554735e-10,-2.230483e-11,2.779998e-13,6.399792e-14,2.121805e-12,2.971401e-12,2.089688e-12
7.978732e-05,2.97,2.97,1.2,0.004536779,2.966641,0.002126736,1.317422e-07,1.2,1.445332e-11,2.970012,0.06202439,6.544293e-06,1.2,2.555569e-10,-2.204883e-11,3.055334e-13,6.514654e-14,2.121566e-12,2.970957e-12,2.090263e-12
7.988732e-05,2.97,2.97,1.2,0.005046856,2.966642,0.002130092,1.33984e-07,1.2,1.469625e-11,2.970012,0.06211812,6.54646e-06,1.2,2.556413e-10,-2.24913e-11,2.584599e-13,6.567662e-14,2.121659e-12,2.970957e-12,2.091064e-12
7.998732e-05,2.97,2.97,1.2,0.004796469,2.966633,0.002133278,1.318004e-07,1.2,1.445941e-11,2.970012,0.06221184,6.548488e-06,1.2,2.557205e-10,-2.005988e-11,5.169198e-13,6.923244e-14,2.121495e-12,2.970957e-12,2.091611e-12
8.007906e-05,2.97,2.97,1.2,0.004783962,2.966627,0.002136228,1.310951e-07,1.2,1.438274e-11,2.970012,0.06229782,6.550497e-06,1.2,2.557988e-10,-1.921782e-11,6.070699e-13,7.05137e-14,2.124154e-12,2.970957e-12,2.092386e-12
8.016332e-05,2.97,2.97,1.2,0.004772843,2.966622,0.002138944,1.308243e-07,1.2,1.435337e-11,2.970012,0.06237678,6.552332e-06,1.2,2.558703e-10,-1.90019e-11,6.292744e-13,7.07938e-14,2.12494e-12,2.971401e-12,2.092961e-12
8.023856e-05,2.97,2.97,1.2,0.004762915,2.966617,0.002141372,1.30709e-07,1.2,1.434094e-11,2.970012,0.06244729,6.55398e-06,1.2,2.559348e-10,-1.906685e-11,6.226131e-13,7.060773e-14,2.123344e-12,2.970957e-12,2.093438e-12
8.033856e-05,2.97,2.97,1.2,0.004749739,2.966612,0.0021446,1.306673e-07,1.2,1.433622e-11,2.970012,0.06254099,6.556026e-06,1.2,2.560148e-10,-1.917689e-11,6.115108e-13,7.032803e-14,2.124102e-12,2.971401e-12,2.094036e-12
8.043856e-05,2.97,2.97,1.2,0.004736598,2.966606,0.002147827,1.306838e-07,1.2,1.433822e-11,2.970012,0.06263468,6.558223e-06,1.2,2.561003e-10,-1.929949e-11,5.977441e-13,7.010001e-14,2.124201e-12,2.971401e-12,2.094844e-12
8.053856e-05,2.97,2.97,1.2,0.004723493,2.9666,0.002151054,1.306748e-07,1.2,1.433708e-11,2.970012,0.06272837,6.560315e-06,1.2,2.56182e-10,-1.941241e-11,5.861978e-13,6.987041e-14,2.126396e-12,2.971401e-12,2.0954e-12
8.063856e-05,2.97,2.97,1.2,0.004710423,2.966594,0.00215428,1.306564e-07,1.2,1.433512e-11,2.970012,0.06282204,6.562526e-06,1.2,2.562681e-10,-1.951164e-11,5.755396e-13,6.96436e-14,2.126342e-12,2.971401e-12,2.09622e-12
8.073856e-05,2.97,2.97,1.2,0.00469739,2.966589,0.002157504,1.306222e-07,1.2,1.433144e-11,2.970012,0.06291571,6.564685e-06,1.2,2.563526e-10,-1.960225e-11,5.657697e-13,6.939415e-14,2.126439e-12,2.971401e-12,2.096916e-12
8.083856e-05,2.97,2.97,1.2,0.004684392,2.966583,0.002160728,1.305571e-07,1.2,1.432457e-11,2.970012,0.06300938,6.566915e-06,1.2,2.564394e-10,-1.968233e-11,5.564438e-13,6.921273e-14,2.126692e-12,2.970957e-12,2.097524e-12
8.093856e-05,2.97,2.97,1.2,0.00467143,2.966577,0.002163951,1.305782e-07,1.2,1.432682e-11,2.970012,0.06310303,6.569041e-06,1.2,2.565225e-10,-1.975386e-11,5.497824e-13,6.909211e-14,2.129327e-12,2.970513e-12,2.098307e-12
8.103856e-05,2.97,2.97,1.2,0.004658504,2.966571,0.002167172,1.30584e-07,1.2,1.432743e-11,2.970012,0.06319668,6.571294e-06,1.2,2.566104e-10,-1.981824e-11,5.42677e-13,6.894246e-14,2.12921e-12,2.971401e-12,2.098929e-12
8.113856e-05,2.97,2.97,1.2,0.004645614,2.966565,0.002170393,1.306128e-07,1.2,1.43306e-11,2.970012,0.06329032,6.57357e-06,1.2,2.566993e-10,-1.987626e-11,5.364598e-13,6.886143e-14,2.132025e-12,2.970957e-12,2.09976e-12
8.123856e-05,2.97,2.97,1.2,0.004632759,2.96656,0.002173613,1.30608e-07,1.2,1.433008e-11,2.970012,0.06338396,6.575707e-06,1.2,2.567827e-10,-1.99326e-11,5.302425e-13,6.875324e-14,2.132171e-12,2.971401e-12,2.100338e-12
8.133856e-05,2.97,2.97,1.2,0.00461994,2.966554,0.002176832,1.305901e-07,1.2,1.432815e-11,2.970012,0.06347759,6.577961e-06,1.2,2.568705e-10,-1.99831e-11,5.249134e-13,6.862413e-14,2.134955e-12,2.970957e-12,2.101164e-12
8.143856e-05,2.97,2.97,1.2,0.004607157,2.966548,0.002180049,1.304806e-07,1.2,1.431618e-11,2.970012,0.06357121,6.580128e-06,1.2,2.569552e-10,-2.00305e-11,5.195844e-13,6.842992e-14,2.135248e-12,2.970957e-12,2.10179e-12
8.153856e-05,2.97,2.97,1.2,0.004594409,2.966542,0.002183266,1.306121e-07,1.2,1.433058e-11,2.970012,0.06366482,6.582429e-06,1.2,2.570449e-10,-2.007802e-11,5.146994e-13,6.847864e-14,2.135339e-12,2.971401e-12,2.10261e-12
8.163856e-05,2.97,2.97,1.2,0.004581696,2.966537,0.002186482,1.305757e-07,1.2,1.432661e-11,2.970012,0.06375843,6.584617e-06,1.2,2.571303e-10,-2.012149e-11,5.102585e-13,6.833449e-14,2.137923e-12,2.971401e-12,2.1032e-12
8.173856e-05,2.97,2.97,1.2,0.004569018,2.966531,0.002189697,1.305916e-07,1.2,1.432837e-11,2.970012,0.06385203,6.586905e-06,1.2,2.572196e-10,-2.016346e-11,5.058176e-13,6.826924e-14,2.137895e-12,2.971845e-12,2.104026e-12
8.183856e-05,2.97,2.97,1.2,0.004556375,2.966525,0.002192911,1.305964e-07,1.2,1.432885e-11,2.970012,0.06394562,6.589155e-06,1.2,2.573074e-10,-2.020712e-11,5.004885e-13,6.816748e-14,2.140757e-12,2.971401e-12,2.104762e-12
8.193856e-05,2.97,2.97,1.2,0.004543767,2.966519,0.002196124,1.305787e-07,1.2,1.432698e-11,2.970012,0.06403921,6.591479e-06,1.2,2.573981e-10,-2.024707e-11,4.964917e-13,6.807472e-14,2.141062e-12,2.971401e-12,2.105415e-12
8.203856e-05,2.97,2.97,1.2,0.004531194,2.966513,0.002199336,1.304474e-07,1.2,1.431263e-11,2.970012,0.06413278,6.593701e-06,1.2,2.574848e-10,-2.028906e-11,4.920508e-13,6.786844e-14,2.141393e-12,2.971401e-12,2.106224e-12
8.213856e-05,2.97,2.97,1.2,0.004518653,2.966508,0.002202547,1.30461e-07,1.2,1.431411e-11,2.970012,0.06422636,6.596037e-06,1.2,2.57576e-10,-2.033059e-11,4.88054e-13,6.780231e-14,2.141498e-12,2.971401e-12,2.106875e-12
8.223856e-05,2.97,2.97,1.2,0.00450611,2.966502,0.002205757,1.304237e-07,1.2,1.430991e-11,2.970012,0.06431992,6.59833e-06,1.2,2.576655e-10,-2.036955e-11,4.840572e-13,6.765962e-14,2.141748e-12,2.971401e-12,2.107606e-12
8.233856e-05,2.97,2.97,1.2,0.004493556,2.966496,0.002208966,1.304511e-07,1.2,1.431308e-11,2.970012,0.06441348,6.60064e-06,1.2,2.577556e-10,-2.04096e-11,4.800604e-13,6.763812e-14,2.14216e-12,2.971845e-12,2.108354e-12
8.243856e-05,2.97,2.97,1.2,0.004481061,2.96649,0.002212175,1.303246e-07,1.2,1.429919e-11,2.970012,0.06450703,6.60289e-06,1.2,2.578432e-10,-2.044766e-11,4.756195e-13,6.742464e-14,2.142214e-12,2.970957e-12,2.109173e-12
8.253856e-05,2.97,2.97,1.2,0.004470054,2.966485,0.002215382,1.303442e-07,1.2,1.430135e-11,2.970012,0.06460058,6.605258e-06,1.2,2.579358e-10,-2.048132e-11,4.720668e-13,6.738046e-14,2.147758e-12,2.971401e-12,2.109828e-12
8.263856e-05,2.97,2.97,1.2,0.004529049,2.96648,0.002218612,1.311954e-07,1.2,1.439378e-11,2.970012,0.06469412,6.607637e-06,1.2,2.580287e-10,-2.025699e-11,4.964917e-13,6.841593e-14,2.148373e-12,2.971401e-12,2.110684e-12
8.273856e-05,2.97,2.97,1.2,0.005042589,2.966481,0.002221947,1.339542e-07,1.2,1.469281e-11,2.970012,0.06478765,6.6099e-06,1.2,2.58117e-10,-2.04427e-11,4.760636e-13,6.978363e-14,2.148692e-12,2.971401e-12,2.111322e-12
8.283856e-05,2.97,2.97,1.2,0.004800535,2.966473,0.002225098,1.312084e-07,1.2,1.439497e-11,2.970012,0.06488117,6.61231e-06,1.2,2.58211e-10,-1.817609e-11,7.1676e-13,7.265495e-14,2.148959e-12,2.971401e-12,2.112193e-12
8.292473e-05,2.97,2.97,1.2,0.004788721,2.966467,0.002227847,1.305454e-07,1.2,1.432292e-11,2.970012,0.06496176,6.614353e-06,1.2,2.582908e-10,-1.747571e-11,7.918111e-13,7.366967e-14,2.149202e-12,2.971401e-12,2.112904e-12
8.298407e-05,2.97,2.97,1.2,0.004780899,2.966463,0.002229742,1.303291e-07,1.2,1.429939e-11,2.970012,0.06501724,6.61583e-06,1.2,2.583485e-10,-1.736143e-11,8.046896e-13,7.37737e-14,2.151093e-12,2.971845e-12,2.113316e-12
8.303741e-05,2.97,2.97,1.2,0.004773849,2.96646,0.002231449,1.302526e-07,1.2,1.429121e-11,2.970013,0.06506713,6.617072e-06,1.2,2.583968e-10,-1.75405e-11,7.847056e-13,7.340106e-14,2.15112e-12,2.970957e-12,2.11356e-12
8.311679e-05,2.97,2.97,1.2,0.004763363,2.966456,0.002233991,1.30247e-07,1.2,1.429072e-11,2.970013,0.06514135,6.618911e-06,1.2,2.584687e-10,-1.768545e-11,7.691625e-13,7.308806e-14,2.150681e-12,2.970513e-12,2.114181e-12
8.321679e-05,2.97,2.97,1.2,0.004750184,2.96645,0.002237191,1.302788e-07,1.2,1.429424e-11,2.970013,0.06523485,6.621155e-06,1.2,2.585561e-10,-1.777969e-11,7.598366e-13,7.289181e-14,2.151311e-12,2.970957e-12,2.114947e-12
8.331679e-05,2.97,2.97,1.2,0.004737041,2.966444,0.002240391,1.303308e-07,1.2,1.429969e-11,2.970013,0.06532835,6.623451e-06,1.2,2.586459e-10,-1.786396e-11,7.509549e-13,7.276418e-14,2.151781e-12,2.970957e-12,2.115671e-12
8.341679e-05,2.97,2.97,1.2,0.004723934,2.966438,0.00224359,1.303716e-07,1.2,1.430412e-11,2.970013,0.06542183,6.625929e-06,1.2,2.587424e-10,-1.793559e-11,7.429612e-13,7.266398e-14,2.152223e-12,2.970957e-12,2.116573e-12
8.351679e-05,2.97,2.97,1.2,0.004710863,2.966432,0.002246788,1.303645e-07,1.2,1.430339e-11,2.970013,0.06551531,6.628275e-06,1.2,2.588341e-10,-1.80009e-11,7.354117e-13,7.254013e-14,2.152498e-12,2.971401e-12,2.117234e-12
8.361679e-05,2.97,2.97,1.2,0.004697829,2.966427,0.002249985,1.303172e-07,1.2,1.429829e-11,2.970013,0.06560879,6.630692e-06,1.2,2.589282e-10,-1.805917e-11,7.291945e-13,7.237078e-14,2.152963e-12,2.971401e-12,2.117991e-12
8.371679e-05,2.97,2.97,1.2,0.00468483,2.966421,0.00225318,1.302654e-07,1.2,1.429249e-11,2.970013,0.06570226,6.633153e-06,1.2,2.590244e-10,-1.811119e-11,7.234213e-13,7.218373e-14,2.155874e-12,2.971401e-12,2.118868e-12
8.381679e-05,2.97,2.97,1.2,0.004671867,2.966415,0.002256375,1.301717e-07,1.2,1.42825e-11,2.970013,0.06579572,6.635495e-06,1.2,2.591158e-10,-1.816152e-11,7.185363e-13,7.203317e-14,2.156252e-12,2.971845e-12,2.119535e-12
8.391679e-05,2.97,2.97,1.2,0.004658941,2.966409,0.002259569,1.301934e-07,1.2,1.428483e-11,2.970013,0.06588917,6.637995e-06,1.2,2.592133e-10,-1.820578e-11,7.136514e-13,7.197701e-14,2.156622e-12,2.971401e-12,2.120441e-12
8.401679e-05,2.97,2.97,1.2,0.00464605,2.966404,0.002262762,1.301579e-07,1.2,1.428096e-11,2.970013,0.06598262,6.640351e-06,1.2,2.593052e-10,-1.824681e-11,7.096546e-13,7.182695e-14,2.159915e-12,2.970957e-12,2.121076e-12
8.411679e-05,2.97,2.97,1.2,0.004633194,2.966398,0.002265954,1.301919e-07,1.2,1.428471e-11,2.970013,0.06607606,6.642848e-06,1.2,2.594026e-10,-1.828813e-11,7.052137e-13,7.180927e-14,2.160073e-12,2.970957e-12,2.121987e-12
8.421679e-05,2.97,2.97,1.2,0.004620375,2.966392,0.002269145,1.301136e-07,1.2,1.427623e-11,2.970013,0.06616949,6.645208e-06,1.2,2.594947e-10,-1.83258e-11,7.012169e-13,7.164656e-14,2.16045e-12,2.971401e-12,2.12262e-12
8.431679e-05,2.97,2.97,1.2,0.00460759,2.966386,0.002272335,1.3011e-07,1.2,1.427589e-11,2.970013,0.06626292,6.647717e-06,1.2,2.595928e-10,-1.836205e-11,6.972201e-13,7.158096e-14,2.160798e-12,2.971401e-12,2.123541e-12
8.441679e-05,2.97,2.97,1.2,0.004594841,2.96638,0.002275525,1.301457e-07,1.2,1.42797e-11,2.970013,0.06635634,6.650164e-06,1.2,2.59688e-10,-1.839934e-11,6.932233e-13,7.153381e-14,2.16119e-12,2.971845e-12,2.124328e-12
8.451679e-05,2.97,2.97,1.2,0.004582127,2.966375,0.002278713,1.301608e-07,1.2,1.428136e-11,2.970013,0.06644976,6.652691e-06,1.2,2.597868e-10,-1.843313e-11,6.896705e-13,7.148691e-14,2.161792e-12,2.970957e-12,2.125026e-12
8.461679e-05,2.97,2.97,1.2,0.004569449,2.966369,0.0022819,1.300912e-07,1.2,1.427385e-11,2.970013,0.06654317,6.655222e-06,1.2,2.598855e-10,-1.846879e-11,6.861178e-13,7.134498e-14,2.162263e-12,2.970957e-12,2.125947e-12
8.471679e-05,2.97,2.97,1.2,0.004556805,2.966363,0.002285087,1.300576e-07,1.2,1.427023e-11,2.970013,0.06663657,6.657604e-06,1.2,2.599787e-10,-1.850398e-11,6.825651e-13,7.122897e-14,2.16518e-12,2.970957e-12,2.126578e-12
8.481679e-05,2.97,2.97,1.2,0.004544196,2.966357,0.002288272,1.299336e-07,1.2,1.425668e-11,2.970013,0.06672997,6.660128e-06,1.2,2.600769e-10,-1.853685e-11,6.790124e-13,7.102958e-14,2.165465e-12,2.970957e-12,2.127523e-12
8.491679e-05,2.97,2.97,1.2,0.004531622,2.966352,0.002291456,1.299427e-07,1.2,1.425775e-11,2.970013,0.06682336,6.662618e-06,1.2,2.601742e-10,-1.857124e-11,6.750156e-13,7.10229e-14,2.165954e-12,2.971401e-12,2.12834e-12
8.501679e-05,2.97,2.97,1.2,0.004519079,2.966346,0.00229464,1.300173e-07,1.2,1.426591e-11,2.970013,0.06691674,6.665181e-06,1.2,2.602742e-10,-1.860285e-11,6.714629e-13,7.101554e-14,2.166522e-12,2.971401e-12,2.129019e-12
8.511679e-05,2.97,2.97,1.2,0.004506519,2.96634,0.002297822,1.300464e-07,1.2,1.426909e-11,2.970013,0.06701012,6.667691e-06,1.2,2.603721e-10,-1.863563e-11,6.679102e-13,7.093734e-14,2.166998e-12,2.970957e-12,2.12982e-12
8.521679e-05,2.97,2.97,1.2,0.004493968,2.966334,0.002301004,1.299814e-07,1.2,1.426188e-11,2.970013,0.06710349,6.670143e-06,1.2,2.604677e-10,-1.866957e-11,6.648015e-13,7.084759e-14,2.167608e-12,2.971845e-12,2.130766e-12
8.531679e-05,2.97,2.97,1.2,0.004481494,2.966328,0.002304185,1.299945e-07,1.2,1.426344e-11,2.970013,0.06719686,6.672746e-06,1.2,2.605694e-10,-1.870209e-11,6.608047e-13,7.076532e-14,2.170747e-12,2.971401e-12,2.131454e-12
8.541679e-05,2.97,2.97,1.2,0.004472493,2.966323,0.002307366,1.300858e-07,1.2,1.427336e-11,2.970013,0.06729022,6.675201e-06,1.2,2.606652e-10,-1.87196e-11,6.590284e-13,7.082452e-14,2.171188e-12,2.971401e-12,2.132361e-12
8.551679e-05,2.97,2.97,1.2,0.004594786,2.966319,0.002310588,1.315085e-07,1.2,1.442741e-11,2.970013,0.06738357,6.677804e-06,1.2,2.607669e-10,-1.829194e-11,7.043255e-13,7.257011e-14,2.174509e-12,2.971845e-12,2.133071e-12
8.561679e-05,2.97,2.97,1.2,0.005034456,2.966318,0.002313846,1.31336e-07,1.2,1.440885e-11,2.970013,0.06747692,6.680348e-06,1.2,2.608659e-10,-1.97717e-11,5.471179e-13,6.945343e-14,2.175147e-12,2.971401e-12,2.133889e-12
8.571679e-05,2.97,2.97,1.2,0.004802673,2.966311,0.002317002,1.309354e-07,1.2,1.436507e-11,2.970013,0.06757026,6.682909e-06,1.2,2.60966e-10,-1.788588e-11,7.478462e-13,7.302606e-14,2.175584e-12,2.970957e-12,2.134712e-12
8.580008e-05,2.97,2.97,1.2,0.004791298,2.966305,0.002319634,1.302297e-07,1.2,1.428863e-11,2.970013,0.06764799,6.685005e-06,1.2,2.610479e-10,-1.700525e-11,8.415491e-13,7.438704e-14,2.176427e-12,2.970957e-12,2.135506e-12
8.587277e-05,2.97,2.97,1.2,0.004781668,2.966301,0.002321936,1.299638e-07,1.2,1.425981e-11,2.970013,0.06771583,6.686975e-06,1.2,2.611246e-10,-1.678396e-11,8.646417e-13,7.469803e-14,2.177484e-12,2.971401e-12,2.136093e-12
8.593468e-05,2.97,2.97,1.2,0.004773475,2.966297,0.0023239,1.298401e-07,1.2,1.424639e-11,2.970013,0.06777361,6.688569e-06,1.2,2.611868e-10,-1.685437e-11,8.575363e-13,7.44415e-14,2.177379e-12,2.971845e-12,2.136576e-12
8.603468e-05,2.97,2.97,1.2,0.004760268,2.966291,0.002327074,1.299023e-07,1.2,1.425323e-11,2.970013,0.06786693,6.691087e-06,1.2,2.612853e-10,-1.694183e-11,8.490986e-13,7.433578e-14,2.179399e-12,2.971401e-12,2.137462e-12
8.613468e-05,2.97,2.97,1.2,0.004747096,2.966286,0.002330246,1.299518e-07,1.2,1.425854e-11,2.970013,0.06796024,6.69375e-06,1.2,2.61389e-10,-1.70298e-11,8.388845e-13,7.420325e-14,2.179921e-12,2.970957e-12,2.138182e-12
8.623468e-05,2.97,2.97,1.2,0.004733961,2.96628,0.002333418,1.298608e-07,1.2,1.424875e-11,2.970013,0.06805355,6.69642e-06,1.2,2.614932e-10,-1.711542e-11,8.300027e-13,7.394e-14,2.180393e-12,2.970957e-12,2.139159e-12
8.633468e-05,2.97,2.97,1.2,0.004720863,2.966274,0.002336589,1.298253e-07,1.2,1.424498e-11,2.970013,0.06814686,6.698957e-06,1.2,2.615921e-10,-1.719088e-11,8.21565e-13,7.375565e-14,2.180921e-12,2.970513e-12,2.139855e-12
8.643468e-05,2.97,2.97,1.2,0.004707801,2.966268,0.002339759,1.29803e-07,1.2,1.424236e-11,2.970013,0.06824015,6.701557e-06,1.2,2.616937e-10,-1.725889e-11,8.144596e-13,7.357494e-14,2.181552e-12,2.970957e-12,2.14068e-12
8.653468e-05,2.97,2.97,1.2,0.004694774,2.966263,0.002342928,1.297871e-07,1.2,1.424072e-11,2.970013,0.06833344,6.704206e-06,1.2,2.617972e-10,-1.731984e-11,8.077983e-13,7.346343e-14,2.18238e-12,2.970957e-12,2.141541e-12
8.663468e-05,2.97,2.97,1.2,0.004681784,2.966257,0.002346097,1.297028e-07,1.2,1.423143e-11,2.970013,0.06842673,6.706781e-06,1.2,2.618974e-10,-1.737487e-11,8.020251e-13,7.32716e-14,2.182927e-12,2.970513e-12,2.142499e-12
8.673468e-05,2.97,2.97,1.2,0.00466883,2.966251,0.002349264,1.297949e-07,1.2,1.424136e-11,2.970013,0.06852001,6.709481e-06,1.2,2.620029e-10,-1.742544e-11,7.971401e-13,7.326438e-14,2.186066e-12,2.971401e-12,2.143227e-12
8.683468e-05,2.97,2.97,1.2,0.004655911,2.966245,0.00235243,1.298159e-07,1.2,1.424385e-11,2.970013,0.06861328,6.712204e-06,1.2,2.621093e-10,-1.747462e-11,7.918111e-13,7.31909e-14,2.186887e-12,2.970957e-12,2.144222e-12
8.693468e-05,2.97,2.97,1.2,0.004643029,2.966239,0.002355595,1.297654e-07,1.2,1.42382e-11,2.970013,0.06870655,6.714801e-06,1.2,2.622105e-10,-1.751832e-11,7.869261e-13,7.30586e-14,2.187607e-12,2.970957e-12,2.144952e-12
8.703468e-05,2.97,2.97,1.2,0.004630182,2.966234,0.00235876,1.297515e-07,1.2,1.423687e-11,2.970013,0.06879981,6.717479e-06,1.2,2.623149e-10,-1.756014e-11,7.820411e-13,7.291192e-14,2.188231e-12,2.971401e-12,2.145782e-12
8.713468e-05,2.97,2.97,1.2,0.00461737,2.966228,0.002361923,1.296982e-07,1.2,1.423102e-11,2.970013,0.06889306,6.720092e-06,1.2,2.624171e-10,-1.760186e-11,7.776002e-13,7.280967e-14,2.188792e-12,2.971401e-12,2.146754e-12
8.723468e-05,2.97,2.97,1.2,0.004604594,2.966222,0.002365086,1.296697e-07,1.2,1.422793e-11,2.970013,0.06898631,6.722857e-06,1.2,2.625248e-10,-1.763994e-11,7.736034e-13,7.270392e-14,2.189442e-12,2.971845e-12,2.147525e-12
8.733468e-05,2.97,2.97,1.2,0.004591853,2.966216,0.002368247,1.296781e-07,1.2,1.422884e-11,2.970013,0.06907955,6.725474e-06,1.2,2.626271e-10,-1.767963e-11,7.700507e-13,7.263822e-14,2.190192e-12,2.970957e-12,2.148482e-12
8.743468e-05,2.97,2.97,1.2,0.004579148,2.966211,0.002371408,1.297386e-07,1.2,1.423534e-11,2.970013,0.06917279,6.728235e-06,1.2,2.627349e-10,-1.771554e-11,7.660539e-13,7.261189e-14,2.190969e-12,2.971401e-12,2.14925e-12
8.753468e-05,2.97,2.97,1.2,0.004566477,2.966205,0.002374567,1.297258e-07,1.2,1.423397e-11,2.970013,0.06926602,6.730959e-06,1.2,2.628409e-10,-1.775377e-11,7.61613e-13,7.252674e-14,2.191727e-12,2.971845e-12,2.150121e-12
8.763468e-05,2.97,2.97,1.2,0.004553842,2.966199,0.002377726,1.296556e-07,1.2,1.422641e-11,2.970013,0.06935925,6.733607e-06,1.2,2.629443e-10,-1.778833e-11,7.580603e-13,7.238129e-14,2.192232e-12,2.970957e-12,2.151086e-12
8.773468e-05,2.97,2.97,1.2,0.004541241,2.966193,0.002380884,1.296136e-07,1.2,1.422191e-11,2.970013,0.06945246,6.736405e-06,1.2,2.630536e-10,-1.782572e-11,7.536194e-13,7.227245e-14,2.193151e-12,2.971401e-12,2.151874e-12
8.783468e-05,2.97,2.97,1.2,0.004528674,2.966187,0.002384041,1.29641e-07,1.2,1.422489e-11,2.970013,0.06954568,6.739074e-06,1.2,2.631577e-10,-1.786211e-11,7.505108e-13,7.22463e-14,2.193881e-12,2.971845e-12,2.152855e-12
8.793468e-05,2.97,2.97,1.2,0.004516125,2.966182,0.002387197,1.296464e-07,1.2,1.42255e-11,2.970013,0.06963889,6.741963e-06,1.2,2.632705e-10,-1.789727e-11,7.46514e-13,7.217653e-14,2.197203e-12,2.970957e-12,2.153765e-12
8.803468e-05,2.97,2.97,1.2,0.004503546,2.966176,0.002390352,1.295925e-07,1.2,1.421969e-11,2.970013,0.06973209,6.744612e-06,1.2,2.63374e-10,-1.793077e-11,7.429612e-13,7.206916e-14,2.197942e-12,2.970957e-12,2.154493e-12
8.813468e-05,2.97,2.97,1.2,0.004491013,2.96617,0.002393506,1.296633e-07,1.2,1.422721e-11,2.970013,0.06982528,6.747326e-06,1.2,2.634798e-10,-1.796551e-11,7.389644e-13,7.201516e-14,2.198851e-12,2.971401e-12,2.155511e-12
8.823468e-05,2.97,2.97,1.2,0.004478844,2.966164,0.002396659,1.296623e-07,1.2,1.422721e-11,2.970013,0.06991848,6.750197e-06,1.2,2.635918e-10,-1.799979e-11,7.358558e-13,7.197524e-14,2.1996e-12,2.971401e-12,2.156293e-12
8.833468e-05,2.97,2.97,1.2,0.004488437,2.966159,0.002399819,1.299442e-07,1.2,1.425763e-11,2.970013,0.07001166,6.752908e-06,1.2,2.636976e-10,-1.794659e-11,7.41629e-13,7.227018e-14,2.200223e-12,2.970957e-12,2.157294e-12
8.843468e-05,2.97,2.97,1.2,0.004872935,2.96616,0.002403088,1.33334e-07,1.2,1.462516e-11,2.970013,0.07010484,6.755712e-06,1.2,2.638068e-10,-1.716917e-11,8.242296e-13,7.597163e-14,2.201014e-12,2.970957e-12,2.15819e-12
8.853468e-05,2.97,2.97,1.2,0.004827561,2.96615,0.002406163,1.272351e-07,1.2,1.396421e-11,2.970013,0.07019801,6.758435e-06,1.2,2.639132e-10,-1.861415e-11,6.701306e-13,6.915746e-14,2.201817e-12,2.970957e-12,2.158926e-12
8.862682e-05,2.97,2.97,1.2,0.004799317,2.966146,0.002409087,1.2877e-07,1.2,1.413058e-11,2.970013,0.07028386,6.761091e-06,1.2,2.64017e-10,-2.017037e-11,5.049294e-13,6.692368e-14,2.201936e-12,2.970957e-12,2.159887e-12
8.870752e-05,2.97,2.97,1.2,0.004788556,2.966141,0.002411637,1.293067e-07,1.2,1.418901e-11,2.970013,0.07035904,6.763488e-06,1.2,2.641105e-10,-2.077704e-11,4.400924e-13,6.600721e-14,2.204182e-12,2.971401e-12,2.160678e-12
8.877158e-05,2.97,2.97,1.2,0.004780057,2.966138,0.002413657,1.294926e-07,1.2,1.420927e-11,2.970013,0.07041872,6.765263e-06,1.2,2.641797e-10,-2.092486e-11,4.245493e-13,6.584181e-14,2.204808e-12,2.971401e-12,2.161072e-12
8.885499e-05,2.97,2.97,1.2,0.004769022,2.966133,0.002416282,1.294548e-07,1.2,1.420504e-11,2.970013,0.07049642,6.767563e-06,1.2,2.642695e-10,-2.090156e-11,4.272138e-13,6.581741e-14,2.204515e-12,2.970957e-12,2.161854e-12
8.895499e-05,2.97,2.97,1.2,0.004755826,2.966127,0.002419429,1.295111e-07,1.2,1.421093e-11,2.970013,0.07058957,6.770328e-06,1.2,2.643775e-10,-2.086893e-11,4.303224e-13,6.594493e-14,2.205355e-12,2.970957e-12,2.162865e-12
8.905499e-05,2.97,2.97,1.2,0.004742667,2.966121,0.002422574,1.29507e-07,1.2,1.421064e-11,2.970013,0.07068271,6.773106e-06,1.2,2.644857e-10,-2.083764e-11,4.338752e-13,6.596828e-14,2.208755e-12,2.971401e-12,2.163644e-12
8.915499e-05,2.97,2.97,1.2,0.004729544,2.966116,0.002425718,1.294255e-07,1.2,1.420168e-11,2.970013,0.07077585,6.775969e-06,1.2,2.645975e-10,-2.081735e-11,4.356515e-13,6.59426e-14,2.209399e-12,2.971401e-12,2.164551e-12
8.925499e-05,2.97,2.97,1.2,0.004716458,2.96611,0.002428861,1.29363e-07,1.2,1.419493e-11,2.970013,0.07086898,6.778784e-06,1.2,2.647073e-10,-2.080619e-11,4.369838e-13,6.591551e-14,2.212984e-12,2.971401e-12,2.165584e-12
8.935499e-05,2.97,2.97,1.2,0.004703408,2.966104,0.002432004,1.293493e-07,1.2,1.419344e-11,2.970013,0.0709621,6.781744e-06,1.2,2.648228e-10,-2.080359e-11,4.374279e-13,6.592027e-14,2.213878e-12,2.971401e-12,2.166389e-12
8.945499e-05,2.97,2.97,1.2,0.004690394,2.966098,0.002435145,1.29405e-07,1.2,1.41996e-11,2.970013,0.07105523,6.784554e-06,1.2,2.649325e-10,-2.080855e-11,4.360956e-13,6.59496e-14,2.214646e-12,2.971845e-12,2.167439e-12
8.955499e-05,2.97,2.97,1.2,0.004677416,2.966092,0.002438286,1.294158e-07,1.2,1.420077e-11,2.970013,0.07114834,6.787504e-06,1.2,2.650477e-10,-2.081945e-11,4.356515e-13,6.594331e-14,2.215353e-12,2.970957e-12,2.168223e-12
8.965499e-05,2.97,2.97,1.2,0.004664473,2.966087,0.002441425,1.294169e-07,1.2,1.420086e-11,2.970013,0.07124145,6.790317e-06,1.2,2.651576e-10,-2.083514e-11,4.338752e-13,6.590415e-14,2.216277e-12,2.971401e-12,2.169277e-12
8.975499e-05,2.97,2.97,1.2,0.004651567,2.966081,0.002444564,1.293729e-07,1.2,1.419607e-11,2.970013,0.07133455,6.793305e-06,1.2,2.652742e-10,-2.085248e-11,4.320988e-13,6.578347e-14,2.216969e-12,2.971845e-12,2.170089e-12
8.985499e-05,2.97,2.97,1.2,0.004638696,2.966075,0.002447702,1.294064e-07,1.2,1.419978e-11,2.970013,0.07142765,6.796151e-06,1.2,2.653851e-10,-2.087468e-11,4.298784e-13,6.581271e-14,2.217889e-12,2.970957e-12,2.171158e-12
8.995499e-05,2.97,2.97,1.2,0.004625861,2.966069,0.002450839,1.293477e-07,1.2,1.419338e-11,2.970013,0.07152074,6.798983e-06,1.2,2.654957e-10,-2.089966e-11,4.272138e-13,6.56972e-14,2.218453e-12,2.971401e-12,2.171906e-12
9.005499e-05,2.97,2.97,1.2,0.004613062,2.966064,0.002453975,1.292664e-07,1.2,1.418443e-11,2.970013,0.07161383,6.80199e-06,1.2,2.656131e-10,-2.092419e-11,4.245493e-13,6.556374e-14,2.219319e-12,2.971401e-12,2.173021e-12
9.015499e-05,2.97,2.97,1.2,0.004600297,2.966058,0.00245711,1.29259e-07,1.2,1.418381e-11,2.970013,0.07170691,6.804834e-06,1.2,2.657239e-10,-2.09518e-11,4.218847e-13,6.547041e-14,2.220193e-12,2.971845e-12,2.173794e-12
9.025499e-05,2.97,2.97,1.2,0.004587569,2.966052,0.002460244,1.292987e-07,1.2,1.418796e-11,2.970013,0.07179999,6.807849e-06,1.2,2.658416e-10,-2.098087e-11,4.187761e-13,6.549727e-14,2.221079e-12,2.971401e-12,2.174869e-12
9.035499e-05,2.97,2.97,1.2,0.004574875,2.966046,0.002463378,1.292461e-07,1.2,1.418221e-11,2.970013,0.07189306,6.810712e-06,1.2,2.659531e-10,-2.100862e-11,4.156675e-13,6.536183e-14,2.221943e-12,2.971401e-12,2.175687e-12
9.045499e-05,2.97,2.97,1.2,0.004562216,2.96604,0.00246651,1.292357e-07,1.2,1.41811e-11,2.970013,0.07198612,6.813692e-06,1.2,2.660695e-10,-2.103866e-11,4.121148e-13,6.527743e-14,2.225257e-12,2.971401e-12,2.176632e-12
9.055499e-05,2.97,2.97,1.2,0.004549592,2.966035,0.002469642,1.291948e-07,1.2,1.417673e-11,2.970013,0.07207918,6.816595e-06,1.2,2.661828e-10,-2.106961e-11,4.094503e-13,6.51837e-14,2.225953e-12,2.971845e-12,2.177699e-12
9.065499e-05,2.97,2.97,1.2,0.004537003,2.966029,0.002472772,1.292385e-07,1.2,1.418145e-11,2.970013,0.07217223,6.819658e-06,1.2,2.663023e-10,-2.109861e-11,4.058975e-13,6.517865e-14,2.226946e-12,2.971845e-12,2.178531e-12
9.075499e-05,2.97,2.97,1.2,0.004524444,2.966023,0.002475902,1.292762e-07,1.2,1.418546e-11,2.970013,0.07226528,6.822559e-06,1.2,2.664156e-10,-2.113019e-11,4.023448e-13,6.513111e-14,2.227803e-12,2.971401e-12,2.179616e-12
9.085499e-05,2.97,2.97,1.2,0.004511869,2.966017,0.00247903,1.292367e-07,1.2,1.418126e-11,2.970013,0.07235832,6.825566e-06,1.2,2.66533e-10,-2.116056e-11,3.987921e-13,6.50288e-14,2.228855e-12,2.971401e-12,2.180571e-12
9.095499e-05,2.97,2.97,1.2,0.004499304,2.966011,0.002482158,1.292189e-07,1.2,1.417934e-11,2.970013,0.07245136,6.828562e-06,1.2,2.666499e-10,-2.119259e-11,3.965717e-13,6.49529e-14,2.229651e-12,2.971401e-12,2.181531e-12
9.105499e-05,2.97,2.97,1.2,0.004486816,2.966006,0.002485285,1.291804e-07,1.2,1.417518e-11,2.970013,0.07254439,6.831648e-06,1.2,2.667703e-10,-2.122361e-11,3.921308e-13,6.485711e-14,2.228032e-12,2.971401e-12,2.182381e-12
9.115499e-05,2.97,2.97,1.2,0.004477934,2.966,0.002488412,1.291912e-07,1.2,1.417631e-11,2.970013,0.07263742,6.834744e-06,1.2,2.668912e-10,-2.123954e-11,3.907985e-13,6.478641e-14,2.228897e-12,2.971401e-12,2.183509e-12
9.125499e-05,2.97,2.97,1.2,0.004603845,2.965997,0.002491582,1.306541e-07,1.2,1.433504e-11,2.970013,0.07273044,6.837668e-06,1.2,2.670053e-10,-2.08009e-11,4.374279e-13,6.664888e-14,2.229777e-12,2.970957e-12,2.184303e-12
9.135499e-05,2.97,2.97,1.2,0.005036746,2.965995,0.002494783,1.304482e-07,1.2,1.43126e-11,2.970013,0.07282346,6.840618e-06,1.2,2.671203e-10,-2.234118e-11,2.73559e-13,6.336472e-14,2.230753e-12,2.971401e-12,2.185406e-12
9.145499e-05,2.97,2.97,1.2,0.004808121,2.965988,0.002497887,1.301361e-07,1.2,1.427886e-11,2.970013,0.07291647,6.843803e-06,1.2,2.672448e-10,-2.053341e-11,4.654055e-13,6.686743e-14,2.231914e-12,2.970513e-12,2.186407e-12
9.153726e-05,2.97,2.97,1.2,0.00479687,2.965983,0.002500443,1.29435e-07,1.2,1.420265e-11,2.970013,0.07299299,6.846428e-06,1.2,2.673469e-10,-1.967529e-11,5.568879e-13,6.814575e-14,2.234082e-12,2.971401e-12,2.187232e-12
9.160923e-05,2.97,2.97,1.2,0.004787321,2.965978,0.002502684,1.291203e-07,1.2,1.416854e-11,2.970013,0.07305992,6.848717e-06,1.2,2.674364e-10,-1.94641e-11,5.799805e-13,6.836151e-14,2.236158e-12,2.970957e-12,2.187829e-12
9.167067e-05,2.97,2.97,1.2,0.00477918,2.965975,0.0025046,1.29035e-07,1.2,1.415935e-11,2.970013,0.07311706,6.850567e-06,1.2,2.675086e-10,-1.953125e-11,5.72431e-13,6.818769e-14,2.235485e-12,2.971845e-12,2.188541e-12
9.177067e-05,2.97,2.97,1.2,0.004765956,2.965969,0.00250772,1.289534e-07,1.2,1.415042e-11,2.970013,0.07321005,6.853558e-06,1.2,2.676253e-10,-1.961597e-11,5.631051e-13,6.793779e-14,2.23787e-12,2.971401e-12,2.189432e-12
9.187067e-05,2.97,2.97,1.2,0.004752769,2.965963,0.002510839,1.290189e-07,1.2,1.41575e-11,2.970013,0.07330304,6.85653e-06,1.2,2.677413e-10,-1.970251e-11,5.546674e-13,6.783889e-14,2.238858e-12,2.970957e-12,2.190403e-12
9.197067e-05,2.97,2.97,1.2,0.004739618,2.965957,0.002513958,1.290612e-07,1.2,1.416205e-11,2.970013,0.07339602,6.859532e-06,1.2,2.678583e-10,-1.978226e-11,5.462297e-13,6.77152e-14,2.239774e-12,2.970957e-12,2.191358e-12
9.207067e-05,2.97,2.97,1.2,0.004726504,2.965952,0.002517075,1.289566e-07,1.2,1.415079e-11,2.970013,0.073489,6.862554e-06,1.2,2.679762e-10,-1.98551e-11,5.382361e-13,6.744578e-14,2.240831e-12,2.970957e-12,2.192338e-12
9.217067e-05,2.97,2.97,1.2,0.004713426,2.965946,0.002520192,1.289661e-07,1.2,1.415187e-11,2.970013,0.07358197,6.865587e-06,1.2,2.680946e-10,-1.991982e-11,5.311307e-13,6.732504e-14,2.241908e-12,2.970957e-12,2.193303e-12
9.227067e-05,2.97,2.97,1.2,0.004700384,2.96594,0.002523307,1.28949e-07,1.2,1.415006e-11,2.970013,0.07367494,6.868678e-06,1.2,2.682153e-10,-1.997871e-11,5.249134e-13,6.719826e-14,2.242717e-12,2.971401e-12,2.194409e-12
9.237067e-05,2.97,2.97,1.2,0.004687378,2.965934,0.002526422,1.289228e-07,1.2,1.414726e-11,2.970013,0.0737679,6.871921e-06,1.2,2.683417e-10,-2.003187e-11,5.191403e-13,6.706555e-14,2.243804e-12,2.970957e-12,2.195315e-12
9.247067e-05,2.97,2.97,1.2,0.004674408,2.965928,0.002529536,1.289445e-07,1.2,1.414958e-11,2.970013,0.07386085,6.875037e-06,1.2,2.684636e-10,-2.008347e-11,5.138112e-13,6.696038e-14,2.244965e-12,2.971845e-12,2.196451e-12
9.257067e-05,2.97,2.97,1.2,0.004661474,2.965923,0.002532649,1.289842e-07,1.2,1.415389e-11,2.970013,0.0739538,6.878133e-06,1.2,2.685844e-10,-2.012847e-11,5.089262e-13,6.69066e-14,2.245743e-12,2.971401e-12,2.197309e-12
9.267067e-05,2.97,2.97,1.2,0.004648576,2.965917,0.002535761,1.289683e-07,1.2,1.41522e-11,2.970013,0.07404675,6.881321e-06,1.2,2.687088e-10,-2.017381e-11,5.044853e-13,6.681557e-14,2.246741e-12,2.971845e-12,2.198311e-12
9.277067e-05,2.97,2.97,1.2,0.004635714,2.965911,0.002538872,1.28978e-07,1.2,1.415321e-11,2.970013,0.07413969,6.884567e-06,1.2,2.688354e-10,-2.021397e-11,4.996004e-13,6.671509e-14,2.250496e-12,2.971401e-12,2.199495e-12
9.287067e-05,2.97,2.97,1.2,0.004622887,2.965905,0.002541982,1.289206e-07,1.2,1.41471e-11,2.970013,0.07423262,6.887671e-06,1.2,2.689565e-10,-2.025548e-11,4.956036e-13,6.660634e-14,2.251445e-12,2.971845e-12,2.200353e-12
9.297067e-05,2.97,2.97,1.2,0.004610095,2.965899,0.002545091,1.289579e-07,1.2,1.415111e-11,2.970013,0.07432555,6.890867e-06,1.2,2.690812e-10,-2.029295e-11,4.916068e-13,6.657275e-14,2.252522e-12,2.971401e-12,2.201384e-12
9.307067e-05,2.97,2.97,1.2,0.004597339,2.965894,0.002548199,1.288757e-07,1.2,1.414223e-11,2.970013,0.07441848,6.894006e-06,1.2,2.692037e-10,-2.033162e-11,4.867218e-13,6.64001e-14,2.253621e-12,2.971401e-12,2.202509e-12
9.317067e-05,2.97,2.97,1.2,0.004584618,2.965888,0.002551307,1.288895e-07,1.2,1.41437e-11,2.970014,0.0745114,6.897195e-06,1.2,2.693281e-10,-2.036698e-11,4.836131e-13,6.631139e-14,2.25443e-12,2.971845e-12,2.20354e-12
9.327067e-05,2.97,2.97,1.2,0.004571933,2.965882,0.002554413,1.288573e-07,1.2,1.414011e-11,2.970014,0.07460431,6.900354e-06,1.2,2.694514e-10,-2.04047e-11,4.800604e-13,6.625064e-14,2.25555e-12,2.971401e-12,2.204428e-12
9.337067e-05,2.97,2.97,1.2,0.004559282,2.965876,0.002557519,1.289099e-07,1.2,1.414595e-11,2.970014,0.07469722,6.903669e-06,1.2,2.695807e-10,-2.043875e-11,4.756195e-13,6.623036e-14,2.256709e-12,2.971401e-12,2.205607e-12
9.347067e-05,2.97,2.97,1.2,0.004546666,2.965871,0.002560623,1.288461e-07,1.2,1.413905e-11,2.970014,0.07479012,6.906839e-06,1.2,2.697043e-10,-2.047535e-11,4.716227e-13,6.607829e-14,2.257878e-12,2.971401e-12,2.206495e-12
9.357067e-05,2.97,2.97,1.2,0.004534084,2.965865,0.002563727,1.288182e-07,1.2,1.413586e-11,2.970014,0.07488302,6.910085e-06,1.2,2.698312e-10,-2.051114e-11,4.6807e-13,6.598755e-14,2.256249e-12,2.970957e-12,2.20754e-12
9.367067e-05,2.97,2.97,1.2,0.004521522,2.965859,0.00256683,1.288072e-07,1.2,1.413467e-11,2.970014,0.07497591,6.913265e-06,1.2,2.699553e-10,-2.054443e-11,4.645173e-13,6.589792e-14,2.257101e-12,2.971401e-12,2.208675e-12
9.377067e-05,2.97,2.97,1.2,0.004508928,2.965853,0.002569932,1.288199e-07,1.2,1.413608e-11,2.970014,0.0750688,6.916506e-06,1.2,2.700817e-10,-2.058101e-11,4.609646e-13,6.584108e-14,2.258109e-12,2.971401e-12,2.209716e-12
9.387067e-05,2.97,2.97,1.2,0.00449638,2.965847,0.002573033,1.288069e-07,1.2,1.413463e-11,2.970014,0.07516168,6.919776e-06,1.2,2.702093e-10,-2.061471e-11,4.574119e-13,6.574085e-14,2.261813e-12,2.971401e-12,2.21077e-12
9.397067e-05,2.97,2.97,1.2,0.004484157,2.965842,0.002576133,1.289037e-07,1.2,1.414534e-11,2.970014,0.07525456,6.923121e-06,1.2,2.7034e-10,-2.064849e-11,4.534151e-13,6.579283e-14,2.262781e-12,2.971401e-12,2.211705e-12
9.407067e-05,2.97,2.97,1.2,0.004491642,2.965836,0.002579239,1.291278e-07,1.2,1.41695e-11,2.970014,0.07534743,6.926325e-06,1.2,2.704648e-10,-2.060106e-11,4.583001e-13,6.601158e-14,2.263841e-12,2.970957e-12,2.212855e-12
9.417067e-05,2.97,2.97,1.2,0.00485943,2.965837,0.002582451,1.324671e-07,1.2,1.45312e-11,2.970014,0.0754403,6.929615e-06,1.2,2.705933e-10,-1.981493e-11,5.422329e-13,6.973349e-14,2.265236e-12,2.970957e-12,2.213933e-12
9.427067e-05,2.97,2.97,1.2,0.004837428,2.965827,0.002585476,1.262361e-07,1.2,1.385625e-11,2.970014,0.07553316,6.932987e-06,1.2,2.70725e-10,-2.152635e-11,3.601563e-13,6.221165e-14,2.266143e-12,2.970957e-12,2.214854e-12
9.43644e-05,2.97,2.97,1.2,0.004803812,2.965823,0.002588401,1.278087e-07,1.2,1.402692e-11,2.970014,0.07562019,6.936146e-06,1.2,2.708483e-10,-2.313053e-11,1.896261e-13,5.995232e-14,2.267801e-12,2.971401e-12,2.216003e-12
9.444784e-05,2.97,2.97,1.2,0.004792662,2.965818,0.002590994,1.284674e-07,1.2,1.409826e-11,2.970014,0.07569767,6.938901e-06,1.2,2.709557e-10,-2.376138e-11,1.225686e-13,5.90847e-14,2.268475e-12,2.970957e-12,2.216898e-12
9.451317e-05,2.97,2.97,1.2,0.004783985,2.965815,0.00259302,1.287061e-07,1.2,1.412396e-11,2.970014,0.07575833,6.941006e-06,1.2,2.710379e-10,-2.392049e-11,1.056932e-13,5.888893e-14,2.266555e-12,2.970957e-12,2.217492e-12
9.459744e-05,2.97,2.97,1.2,0.004772826,2.96581,0.002595628,1.287497e-07,1.2,1.412873e-11,2.970014,0.07583656,6.943739e-06,1.2,2.711444e-10,-2.389207e-11,1.083578e-13,5.894107e-14,2.269268e-12,2.971401e-12,2.218317e-12
9.469744e-05,2.97,2.97,1.2,0.004759619,2.965804,0.002598721,1.28797e-07,1.2,1.413393e-11,2.970014,0.0759294,6.946966e-06,1.2,2.712705e-10,-2.385345e-11,1.123546e-13,5.909151e-14,2.270434e-12,2.971401e-12,2.21936e-12
9.479744e-05,2.97,2.97,1.2,0.004746449,2.965798,0.002601813,1.287598e-07,1.2,1.412986e-11,2.970014,0.07602224,6.950363e-06,1.2,2.71403e-10,-2.381893e-11,1.167955e-13,5.912246e-14,2.27162e-12,2.970957e-12,2.22046e-12
9.489744e-05,2.97,2.97,1.2,0.004733315,2.965793,0.002604905,1.287401e-07,1.2,1.412768e-11,2.970014,0.07611507,6.953686e-06,1.2,2.715326e-10,-2.379255e-11,1.1946e-13,5.912593e-14,2.272752e-12,2.971401e-12,2.221643e-12
9.499744e-05,2.97,2.97,1.2,0.004720218,2.965787,0.002607995,1.287286e-07,1.2,1.41265e-11,2.970014,0.07620789,6.957157e-06,1.2,2.716679e-10,-2.377681e-11,1.207923e-13,5.918815e-14,2.274065e-12,2.971401e-12,2.222617e-12
9.509744e-05,2.97,2.97,1.2,0.004707158,2.965781,0.002611085,1.287371e-07,1.2,1.412733e-11,2.970014,0.07630071,6.960419e-06,1.2,2.717952e-10,-2.377039e-11,1.212364e-13,5.920128e-14,2.275211e-12,2.971401e-12,2.223665e-12
9.519744e-05,2.97,2.97,1.2,0.004694133,2.965775,0.002614173,1.286392e-07,1.2,1.411674e-11,2.970014,0.07639353,6.963826e-06,1.2,2.719283e-10,-2.377227e-11,1.207923e-13,5.907934e-14,2.279006e-12,2.970957e-12,2.224753e-12
9.529744e-05,2.97,2.97,1.2,0.004681145,2.96577,0.002617261,1.286208e-07,1.2,1.411479e-11,2.970014,0.07648634,6.96716e-06,1.2,2.720586e-10,-2.378106e-11,1.203482e-13,5.904633e-14,2.280196e-12,2.971401e-12,2.225942e-12
9.539744e-05,2.97,2.97,1.2,0.004668192,2.965764,0.002620348,1.285709e-07,1.2,1.410939e-11,2.970014,0.07657914,6.970644e-06,1.2,2.721944e-10,-2.379528e-11,1.190159e-13,5.896104e-14,2.281311e-12,2.971401e-12,2.226948e-12
9.549744e-05,2.97,2.97,1.2,0.004655275,2.965758,0.002623434,1.285105e-07,1.2,1.410293e-11,2.970014,0.07667194,6.97401e-06,1.2,2.723257e-10,-2.381371e-11,1.167955e-13,5.88931e-14,2.282478e-12,2.971401e-12,2.22816e-12
9.559744e-05,2.97,2.97,1.2,0.004642394,2.965752,0.002626519,1.285721e-07,1.2,1.410945e-11,2.970014,0.07676473,6.977394e-06,1.2,2.724576e-10,-2.383581e-11,1.14575e-13,5.886093e-14,2.283617e-12,2.971401e-12,2.229107e-12
9.569744e-05,2.97,2.97,1.2,0.004629548,2.965746,0.002629604,1.285581e-07,1.2,1.410802e-11,2.970014,0.07685752,6.980841e-06,1.2,2.725923e-10,-2.385763e-11,1.123546e-13,5.881612e-14,2.282252e-12,2.971401e-12,2.23021e-12
9.579744e-05,2.97,2.97,1.2,0.004616738,2.965741,0.002632687,1.285554e-07,1.2,1.410771e-11,2.970014,0.07695031,6.984233e-06,1.2,2.727246e-10,-2.388465e-11,1.092459e-13,5.876766e-14,2.283403e-12,2.970513e-12,2.23142e-12
9.589744e-05,2.97,2.97,1.2,0.004603964,2.965735,0.00263577,1.284992e-07,1.2,1.410167e-11,2.970014,0.07704309,6.98778e-06,1.2,2.728631e-10,-2.391229e-11,1.061373e-13,5.867164e-14,2.284604e-12,2.970957e-12,2.232425e-12
9.599744e-05,2.97,2.97,1.2,0.004591225,2.965729,0.002638851,1.285167e-07,1.2,1.410351e-11,2.970014,0.07713586,6.991177e-06,1.2,2.729956e-10,-2.394119e-11,1.030287e-13,5.860228e-14,2.288506e-12,2.971401e-12,2.233649e-12
9.609744e-05,2.97,2.97,1.2,0.00457852,2.965723,0.002641932,1.284929e-07,1.2,1.410099e-11,2.970014,0.07722863,6.994616e-06,1.2,2.731299e-10,-2.396888e-11,9.992007e-14,5.852993e-14,2.289579e-12,2.971401e-12,2.234647e-12
9.619744e-05,2.97,2.97,1.2,0.004565851,2.965717,0.002645012,1.284618e-07,1.2,1.409762e-11,2.970014,0.07732139,6.998141e-06,1.2,2.732673e-10,-2.399955e-11,9.725554e-14,5.843712e-14,2.290664e-12,2.971401e-12,2.23575e-12
9.629744e-05,2.97,2.97,1.2,0.004553217,2.965712,0.002648091,1.284379e-07,1.2,1.409506e-11,2.970014,0.07741415,7.001579e-06,1.2,2.734016e-10,-2.403096e-11,9.325873e-14,5.835725e-14,2.291703e-12,2.971401e-12,2.23698e-12
9.639744e-05,2.97,2.97,1.2,0.004540618,2.965706,0.002651169,1.284848e-07,1.2,1.410011e-11,2.970014,0.07750691,7.005052e-06,1.2,2.73537e-10,-2.406304e-11,8.970602e-14,5.83328e-14,2.292898e-12,2.971401e-12,2.23799e-12
9.649744e-05,2.97,2.97,1.2,0.004528048,2.9657,0.002654246,1.284165e-07,1.2,1.409273e-11,2.970014,0.07759966,7.008531e-06,1.2,2.736727e-10,-2.409258e-11,8.65974e-14,5.818378e-14,2.293866e-12,2.970957e-12,2.239217e-12
9.659744e-05,2.97,2.97,1.2,0.004515457,2.965694,0.002657322,1.283511e-07,1.2,1.408575e-11,2.970014,0.0776924,7.012077e-06,1.2,2.738112e-10,-2.412573e-11,8.393286e-14,5.808023e-14,2.289943e-12,2.971401e-12,2.240353e-12
9.669744e-05,2.97,2.97,1.2,0.004502883,2.965688,0.002660398,1.283872e-07,1.2,1.408962e-11,2.970014,0.07778514,7.015562e-06,1.2,2.739473e-10,-2.415588e-11,8.038015e-14,5.803542e-14,2.291094e-12,2.971401e-12,2.241337e-12
9.679744e-05,2.97,2.97,1.2,0.004490402,2.965683,0.002663472,1.284417e-07,1.2,1.409546e-11,2.970014,0.07787787,7.019135e-06,1.2,2.740866e-10,-2.41874e-11,7.727152e-14,5.801602e-14,2.292184e-12,2.970957e-12,2.242468e-12
9.689744e-05,2.97,2.97,1.2,0.004482854,2.965677,0.002666547,1.284356e-07,1.2,1.409486e-11,2.970014,0.0779706,7.02264e-06,1.2,2.742235e-10,-2.420064e-11,7.549517e-14,5.798128e-14,2.293496e-12,2.971401e-12,2.243744e-12
9.699744e-05,2.97,2.97,1.2,0.004642305,2.965674,0.002669675,1.302243e-07,1.2,1.428848e-11,2.970014,0.07806333,7.026171e-06,1.2,2.743611e-10,-2.367184e-11,1.314504e-13,6.012567e-14,2.297367e-12,2.971401e-12,2.244747e-12
9.709744e-05,2.97,2.97,1.2,0.005007934,2.965671,0.002672794,1.285171e-07,1.2,1.410376e-11,2.970014,0.07815605,7.029714e-06,1.2,2.744995e-10,-2.570143e-11,-8.437695e-14,5.492144e-14,2.298188e-12,2.970957e-12,2.246004e-12
9.719744e-05,2.97,2.97,1.2,0.004812602,2.965665,0.002675858,1.288137e-07,1.2,1.413577e-11,2.970014,0.07824876,7.033249e-06,1.2,2.746375e-10,-2.468878e-11,2.398082e-14,5.714696e-14,2.29918e-12,2.970513e-12,2.247013e-12
9.727298e-05,2.97,2.97,1.2,0.004802262,2.96566,0.002678168,1.284718e-07,1.2,1.409871e-11,2.970014,0.07831879,7.036016e-06,1.2,2.747454e-10,-2.413693e-11,8.260059e-14,5.807825e-14,2.29966e-12,2.971401e-12,2.248045e-12
9.734108e-05,2.97,2.97,1.2,0.004793197,2.965656,0.002680256,1.282676e-07,1.2,1.407651e-11,2.970014,0.07838193,7.038547e-06,1.2,2.748441e-10,-2.401782e-11,9.4591e-14,5.817874e-14,2.299924e-12,2.971401e-12,2.248688e-12
9.739912e-05,2.97,2.97,1.2,0.004785492,2.965653,0.002682036,1.282534e-07,1.2,1.407497e-11,2.970014,0.07843573,7.040635e-06,1.2,2.749257e-10,-2.406988e-11,8.926193e-14,5.806248e-14,2.301257e-12,2.970957e-12,2.24964e-12
9.749912e-05,2.97,2.97,1.2,0.00477225,2.965647,0.002685104,1.282318e-07,1.2,1.407259e-11,2.970014,0.07852843,7.044284e-06,1.2,2.750681e-10,-2.412368e-11,8.348877e-14,5.793606e-14,2.301554e-12,2.970957e-12,2.250566e-12
9.759912e-05,2.97,2.97,1.2,0.004759044,2.965641,0.002688171,1.2822e-07,1.2,1.407129e-11,2.970014,0.07862112,7.047813e-06,1.2,2.752059e-10,-2.418123e-11,7.771561e-14,5.779424e-14,2.302311e-12,2.971401e-12,2.251701e-12
9.769912e-05,2.97,2.97,1.2,0.004745876,2.965635,0.002691237,1.28242e-07,1.2,1.40739e-11,2.970014,0.07871382,7.05136e-06,1.2,2.753442e-10,-2.423477e-11,7.194245e-14,5.76973e-14,2.30369e-12,2.971401e-12,2.252835e-12
9.779912e-05,2.97,2.97,1.2,0.004732744,2.965629,0.002694302,1.281995e-07,1.2,1.406914e-11,2.970014,0.0788065,7.054924e-06,1.2,2.754831e-10,-2.428868e-11,6.616929e-14,5.755798e-14,2.304956e-12,2.971401e-12,2.253977e-12
9.789912e-05,2.97,2.97,1.2,0.004719648,2.965624,0.002697367,1.280947e-07,1.2,1.405764e-11,2.970014,0.07889918,7.058507e-06,1.2,2.756231e-10,-2.433734e-11,6.039613e-14,5.736113e-14,2.306233e-12,2.970957e-12,2.255129e-12
9.799912e-05,2.97,2.97,1.2,0.004706588,2.965618,0.002700431,1.281725e-07,1.2,1.406623e-11,2.970014,0.07899186,7.062164e-06,1.2,2.757659e-10,-2.438637e-11,5.551115e-14,5.732702e-14,2.312636e-12,2.971401e-12,2.256439e-12
9.809912e-05,2.97,2.97,1.2,0.004693565,2.965612,0.002703493,1.281768e-07,1.2,1.406675e-11,2.970014,0.07908453,7.065836e-06,1.2,2.759089e-10,-2.443004e-11,5.107026e-14,5.725796e-14,2.3139e-12,2.970957e-12,2.257488e-12
9.819912e-05,2.97,2.97,1.2,0.004680578,2.965606,0.002706555,1.281778e-07,1.2,1.40668e-11,2.970014,0.07917719,7.069516e-06,1.2,2.760526e-10,-2.447484e-11,4.662937e-14,5.715037e-14,2.312468e-12,2.971401e-12,2.258765e-12
9.829912e-05,2.97,2.97,1.2,0.004667626,2.9656,0.002709616,1.282257e-07,1.2,1.407197e-11,2.970014,0.07926985,7.073186e-06,1.2,2.761959e-10,-2.451564e-11,4.218847e-14,5.709256e-14,2.313945e-12,2.971401e-12,2.259824e-12
9.839912e-05,2.97,2.97,1.2,0.004654711,2.965595,0.002712676,1.281937e-07,1.2,1.406857e-11,2.970014,0.07936251,7.076864e-06,1.2,2.763393e-10,-2.45578e-11,3.730349e-14,5.699685e-14,2.315283e-12,2.970957e-12,2.261133e-12
9.849912e-05,2.97,2.97,1.2,0.004641831,2.965589,0.002715735,1.281854e-07,1.2,1.406766e-11,2.970014,0.07945516,7.080556e-06,1.2,2.764836e-10,-2.459708e-11,3.330669e-14,5.691251e-14,2.316428e-12,2.971401e-12,2.2622e-12
9.859912e-05,2.97,2.97,1.2,0.004628987,2.965583,0.002718793,1.281231e-07,1.2,1.406074e-11,2.970014,0.0795478,7.084331e-06,1.2,2.766307e-10,-2.463738e-11,2.88658e-14,5.677587e-14,2.317582e-12,2.971401e-12,2.263379e-12
9.869912e-05,2.97,2.97,1.2,0.004616178,2.965577,0.00272185,1.281195e-07,1.2,1.406053e-11,2.970014,0.07964045,7.088033e-06,1.2,2.767753e-10,-2.467742e-11,2.4869e-14,5.666095e-14,2.318857e-12,2.970957e-12,2.264699e-12
9.879912e-05,2.97,2.97,1.2,0.004603405,2.965572,0.002724907,1.281037e-07,1.2,1.405869e-11,2.970014,0.07973308,7.091729e-06,1.2,2.769195e-10,-2.471445e-11,2.04281e-14,5.65922e-14,2.319894e-12,2.971401e-12,2.265764e-12
9.889912e-05,2.97,2.97,1.2,0.004590667,2.965566,0.002727962,1.281603e-07,1.2,1.406498e-11,2.970014,0.07982571,7.095445e-06,1.2,2.770646e-10,-2.475379e-11,1.687539e-14,5.657159e-14,2.32403e-12,2.971845e-12,2.267073e-12
9.899912e-05,2.97,2.97,1.2,0.004577964,2.96556,0.002731017,1.282065e-07,1.2,1.406993e-11,2.970014,0.07991834,7.099162e-06,1.2,2.772094e-10,-2.479281e-11,1.332268e-14,5.651823e-14,2.322811e-12,2.971845e-12,2.268148e-12
9.909912e-05,2.97,2.97,1.2,0.004565296,2.965554,0.002734071,1.281495e-07,1.2,1.406375e-11,2.970014,0.08001096,7.102988e-06,1.2,2.77359e-10,-2.482906e-11,8.881784e-15,5.634147e-14,2.323808e-12,2.971401e-12,2.26937e-12
9.919912e-05,2.97,2.97,1.2,0.004552663,2.965548,0.002737124,1.280903e-07,1.2,1.405729e-11,2.970014,0.08010358,7.106745e-06,1.2,2.775054e-10,-2.486731e-11,4.440892e-15,5.626275e-14,2.325026e-12,2.971845e-12,2.270699e-12
9.929912e-05,2.97,2.97,1.2,0.004540065,2.965543,0.002740176,1.280537e-07,1.2,1.405329e-11,2.970014,0.08019619,7.110499e-06,1.2,2.776522e-10,-2.490571e-11,0,5.614862e-14,2.326534e-12,2.971401e-12,2.271784e-12
9.939912e-05,2.97,2.97,1.2,0.00452749,2.965537,0.002743227,1.280154e-07,1.2,1.404914e-11,2.970014,0.0802888,7.114279e-06,1.2,2.777995e-10,-2.494113e-11,-3.996803e-15,5.601497e-14,2.327876e-12,2.971401e-12,2.273124e-12
9.949912e-05,2.97,2.97,1.2,0.004514886,2.965531,0.002746277,1.280198e-07,1.2,1.404969e-11,2.970014,0.0803814,7.118067e-06,1.2,2.779473e-10,-2.497852e-11,-7.105427e-15,5.596791e-14,2.329122e-12,2.971845e-12,2.274196e-12
9.959912e-05,2.97,2.97,1.2,0.004502319,2.965525,0.002749327,1.280141e-07,1.2,1.404904e-11,2.970014,0.080474,7.121867e-06,1.2,2.780957e-10,-2.501729e-11,-1.154632e-14,5.589276e-14,2.330476e-12,2.970957e-12,2.275555e-12
9.969912e-05,2.97,2.97,1.2,0.004489943,2.965519,0.002752375,1.280442e-07,1.2,1.405222e-11,2.970014,0.08056659,7.125688e-06,1.2,2.782447e-10,-2.505401e-11,-1.509903e-14,5.580292e-14,2.328983e-12,2.971845e-12,2.27665e-12
9.979912e-05,2.97,2.97,1.2,0.004489474,2.965514,0.002755427,1.28107e-07,1.2,1.405912e-11,2.970014,0.08065918,7.129514e-06,1.2,2.783941e-10,-2.504241e-11,-1.421085e-14,5.585049e-14,2.330235e-12,2.971845e-12,2.277998e-12
9.989912e-05,2.97,2.97,1.2,0.004772994,2.965513,0.002758565,1.309664e-07,1.2,1.436878e-11,2.970014,0.08075176,7.133347e-06,1.2,2.785434e-10,-2.428804e-11,6.57252e-14,5.923211e-14,2.334147e-12,2.971401e-12,2.279103e-12
9.999912e-05,2.97,2.97,1.2,0.004886267,2.965505,0.002761569,1.256141e-07,1.2,1.378929e-11,2.970014,0.08084434,7.137141e-06,1.2,2.786917e-10,-2.682524e-11,-2.04281e-13,5.061047e-14,2.335434e-12,2.970957e-12,2.280325e-12
0.0001000991,2.97,2.97,1.2,0.004808076,2.9655,0.002764634,1.272484e-07,1.2,1.396659e-11,2.970014,0.08093692,7.141104e-06,1.2,2.788462e-10,-2.80856e-11,-3.379519e-13,4.910327e-14,2.336929e-12,2.970957e-12,2.281587e-12
0.0001001791,2.97,2.97,1.2,0.004797305,2.965496,0.002767078,1.277912e-07,1.2,1.402524e-11,2.970014,0.08101098,7.144218e-06,1.2,2.789677e-10,-2.860912e-11,-3.93019e-13,4.839524e-14,2.336405e-12,2.970957e-12,2.282579e-12
0.0001002653,2.97,2.97,1.2,0.004785839,2.965491,0.002769704,1.279615e-07,1.2,1.404379e-11,2.970014,0.08109077,7.147515e-06,1.2,2.790965e-10,-2.871566e-11,-4.050094e-13,4.822145e-14,2.339007e-12,2.971401e-12,2.283747e-12
0.0001003562,2.97,2.97,1.2,0.004773793,2.965486,0.00277247,1.279751e-07,1.2,1.404523e-11,2.970014,0.0811749,7.151004e-06,1.2,2.792327e-10,-2.870382e-11,-4.041212e-13,4.823413e-14,2.339526e-12,2.970957e-12,2.284761e-12
0.0001004562,2.97,2.97,1.2,0.00476058,2.96548,0.002775511,1.278992e-07,1.2,1.403707e-11,2.970014,0.08126746,7.154838e-06,1.2,2.793822e-10,-2.867161e-11,-4.001244e-13,4.82414e-14,2.341063e-12,2.970957e-12,2.285997e-12
0.0001005562,2.97,2.97,1.2,0.004747406,2.965475,0.002778552,1.278722e-07,1.2,1.403408e-11,2.970014,0.08136001,7.15885e-06,1.2,2.795389e-10,-2.863946e-11,-3.970158e-13,4.827377e-14,2.344886e-12,2.971845e-12,2.287274e-12
0.0001006562,2.97,2.97,1.2,0.004734268,2.965469,0.002781592,1.279453e-07,1.2,1.404194e-11,2.970014,0.08145256,7.162702e-06,1.2,2.796892e-10,-2.861592e-11,-3.939071e-13,4.839951e-14,2.343606e-12,2.971401e-12,2.28852e-12
0.0001007562,2.97,2.97,1.2,0.004721168,2.965463,0.00278463,1.27925e-07,1.2,1.403992e-11,2.970014,0.0815451,7.166708e-06,1.2,2.798455e-10,-2.860342e-11,-3.925749e-13,4.839724e-14,2.347502e-12,2.971401e-12,2.289784e-12
0.0001008562,2.97,2.97,1.2,0.004708104,2.965457,0.002787668,1.279002e-07,1.2,1.403718e-11,2.970014,0.08163764,7.170579e-06,1.2,2.799964e-10,-2.860086e-11,-3.93019e-13,4.832758e-14,2.34909e-12,2.971401e-12,2.291037e-12
0.0001009562,2.97,2.97,1.2,0.004695076,2.965451,0.002790706,1.278132e-07,1.2,1.40277e-11,2.970014,0.08173018,7.174536e-06,1.2,2.80151e-10,-2.861021e-11,-3.939071e-13,4.828728e-14,2.35024e-12,2.971401e-12,2.29242e-12
0.0001010562,2.97,2.97,1.2,0.004682084,2.965446,0.002793742,1.277893e-07,1.2,1.402502e-11,2.970014,0.08182271,7.178481e-06,1.2,2.803049e-10,-2.86244e-11,-3.952394e-13,4.822585e-14,2.351644e-12,2.971401e-12,2.293564e-12
0.0001011562,2.97,2.97,1.2,0.004669128,2.96544,0.002796777,1.277589e-07,1.2,1.402174e-11,2.970014,0.08191523,7.182441e-06,1.2,2.804595e-10,-2.864452e-11,-3.970158e-13,4.814377e-14,2.352851e-12,2.970957e-12,2.294963e-12
0.0001012562,2.97,2.97,1.2,0.004656208,2.965434,0.002799812,1.278481e-07,1.2,1.403158e-11,2.970014,0.08200775,7.186433e-06,1.2,2.806154e-10,-2.86668e-11,-3.992362e-13,4.818752e-14,2.354545e-12,2.971401e-12,2.296129e-12
0.0001013562,2.97,2.97,1.2,0.004643323,2.965428,0.002802845,1.278505e-07,1.2,1.403176e-11,2.970014,0.08210026,7.190373e-06,1.2,2.807689e-10,-2.869541e-11,-4.03233e-13,4.809552e-14,2.353211e-12,2.970513e-12,2.297378e-12
0.0001014562,2.97,2.97,1.2,0.004630475,2.965422,0.002805878,1.278368e-07,1.2,1.403034e-11,2.970014,0.08219277,7.194395e-06,1.2,2.809261e-10,-2.872714e-11,-4.063416e-13,4.802889e-14,2.354599e-12,2.970957e-12,2.298793e-12
0.0001015562,2.97,2.97,1.2,0.004617661,2.965417,0.00280891,1.278399e-07,1.2,1.403063e-11,2.970014,0.08228528,7.198409e-06,1.2,2.810826e-10,-2.876072e-11,-4.098943e-13,4.794511e-14,2.35586e-12,2.970957e-12,2.299946e-12
0.0001016562,2.97,2.97,1.2,0.004604884,2.965411,0.002811941,1.277576e-07,1.2,1.402178e-11,2.970014,0.08237778,7.202389e-06,1.2,2.812379e-10,-2.879582e-11,-4.138911e-13,4.778558e-14,2.359965e-12,2.970957e-12,2.301235e-12
0.0001017562,2.97,2.97,1.2,0.004592141,2.965405,0.002814972,1.277549e-07,1.2,1.402133e-11,2.970014,0.08247028,7.206522e-06,1.2,2.813991e-10,-2.883279e-11,-4.169998e-13,4.773256e-14,2.361496e-12,2.970957e-12,2.302552e-12
0.0001018562,2.97,2.97,1.2,0.004579434,2.965399,0.002818001,1.277557e-07,1.2,1.402138e-11,2.970014,0.08256277,7.21049e-06,1.2,2.815539e-10,-2.886848e-11,-4.214407e-13,4.765892e-14,2.362874e-12,2.970957e-12,2.303822e-12
0.0001019562,2.97,2.97,1.2,0.004566762,2.965393,0.002821029,1.277585e-07,1.2,1.402186e-11,2.970014,0.08265525,7.21455e-06,1.2,2.817126e-10,-2.890694e-11,-4.258816e-13,4.755124e-14,2.36425e-12,2.971401e-12,2.305246e-12
0.0001020562,2.97,2.97,1.2,0.004554124,2.965388,0.002824057,1.277407e-07,1.2,1.401979e-11,2.970014,0.08274774,7.218631e-06,1.2,2.818715e-10,-2.894626e-11,-4.298784e-13,4.748141e-14,2.36296e-12,2.971845e-12,2.30643e-12
0.0001021562,2.97,2.97,1.2,0.004541521,2.965382,0.002827084,1.277072e-07,1.2,1.401614e-11,2.970014,0.08284021,7.222649e-06,1.2,2.820285e-10,-2.898597e-11,-4.334311e-13,4.735728e-14,2.364207e-12,2.971401e-12,2.307717e-12
0.0001022562,2.97,2.97,1.2,0.004528943,2.965376,0.00283011,1.276115e-07,1.2,1.400584e-11,2.970014,0.08293269,7.226757e-06,1.2,2.821888e-10,-2.902351e-11,-4.37872e-13,4.717511e-14,2.365608e-12,2.971401e-12,2.30916e-12
0.0001023562,2.97,2.97,1.2,0.004516334,2.96537,0.002833135,1.276071e-07,1.2,1.40052e-11,2.970014,0.08302515,7.230853e-06,1.2,2.823485e-10,-2.906354e-11,-4.418688e-13,4.707072e-14,2.367075e-12,2.971401e-12,2.310348e-12
0.0001024562,2.97,2.97,1.2,0.004503762,2.965365,0.002836159,1.276901e-07,1.2,1.401437e-11,2.970014,0.08311762,7.234968e-06,1.2,2.825093e-10,-2.910407e-11,-4.463097e-13,4.710018e-14,2.36846e-12,2.971401e-12,2.311805e-12
0.0001025562,2.97,2.97,1.2,0.004491383,2.965359,0.002839182,1.276268e-07,1.2,1.400749e-11,2.970014,0.08321008,7.23907e-06,1.2,2.826693e-10,-2.914405e-11,-4.503065e-13,4.694185e-14,2.372519e-12,2.971401e-12,2.312964e-12
0.0001026562,2.97,2.97,1.2,0.004490992,2.965353,0.002842209,1.277344e-07,1.2,1.401916e-11,2.970014,0.08330253,7.24321e-06,1.2,2.828308e-10,-2.913445e-11,-4.489742e-13,4.701286e-14,2.371164e-12,2.970957e-12,2.314444e-12
0.0001027562,2.97,2.97,1.2,0.0047756,2.965352,0.002845322,1.306352e-07,1.2,1.433351e-11,2.970014,0.08339498,7.247355e-06,1.2,2.829924e-10,-2.838173e-11,-3.699263e-13,5.040726e-14,2.37264e-12,2.971845e-12,2.31562e-12
0.0001028562,2.97,2.97,1.2,0.004886906,2.965344,0.0028483,1.252833e-07,1.2,1.37537e-11,2.970014,0.08348743,7.25144e-06,1.2,2.83152e-10,-3.091661e-11,-6.390444e-13,4.179519e-14,2.373968e-12,2.970957e-12,2.316946e-12
0.0001029562,2.97,2.97,1.2,0.004809481,2.96534,0.00285134,1.268293e-07,1.2,1.39214e-11,2.970014,0.08357987,7.255703e-06,1.2,2.833185e-10,-3.21931e-11,-7.744916e-13,4.013125e-14,2.378206e-12,2.971845e-12,2.318306e-12
0.0001030364,2.97,2.97,1.2,0.004798681,2.965335,0.002853769,1.27314e-07,1.2,1.397405e-11,2.970014,0.083654,7.259175e-06,1.2,2.834539e-10,-3.272556e-11,-8.31335e-13,3.936084e-14,2.379533e-12,2.971401e-12,2.319651e-12
0.0001031223,2.97,2.97,1.2,0.004787252,2.965331,0.002856365,1.275755e-07,1.2,1.400217e-11,2.970014,0.0837334,7.262794e-06,1.2,2.835952e-10,-3.283589e-11,-8.433254e-13,3.931964e-14,2.380374e-12,2.971845e-12,2.320655e-12
0.0001032123,2.97,2.97,1.2,0.004775324,2.965325,0.00285908,1.276132e-07,1.2,1.400621e-11,2.970014,0.08381655,7.266559e-06,1.2,2.837419e-10,-3.282908e-11,-8.428813e-13,3.934827e-14,2.382316e-12,2.970957e-12,2.32177e-12
0.0001033123,2.97,2.97,1.2,0.004762107,2.96532,0.002862096,1.275225e-07,1.2,1.399646e-11,2.970014,0.08390898,7.270689e-06,1.2,2.839032e-10,-3.279903e-11,-8.393286e-13,3.932467e-14,2.381536e-12,2.971401e-12,2.323104e-12
0.0001034123,2.97,2.97,1.2,0.004748928,2.965314,0.002865112,1.274582e-07,1.2,1.398954e-11,2.970014,0.0840014,7.27487e-06,1.2,2.840663e-10,-3.277124e-11,-8.366641e-13,3.929222e-14,2.385728e-12,2.970957e-12,2.324467e-12
0.0001035123,2.97,2.97,1.2,0.004735786,2.965308,0.002868126,1.27543e-07,1.2,1.399879e-11,2.970014,0.08409381,7.279076e-06,1.2,2.842303e-10,-3.275191e-11,-8.339995e-13,3.940788e-14,2.387095e-12,2.970957e-12,2.325815e-12
0.0001036123,2.97,2.97,1.2,0.004722681,2.965302,0.00287114,1.275683e-07,1.2,1.40015e-11,2.970014,0.08418622,7.283299e-06,1.2,2.843952e-10,-3.274245e-11,-8.335554e-13,3.946076e-14,2.388419e-12,2.971401e-12,2.327176e-12
0.0001037123,2.97,2.97,1.2,0.004709612,2.965296,0.002874153,1.275625e-07,1.2,1.40008e-11,2.970014,0.08427863,7.287564e-06,1.2,2.845616e-10,-3.274361e-11,-8.335554e-13,3.943699e-14,2.389846e-12,2.970957e-12,2.328552e-12
0.0001038123,2.97,2.97,1.2,0.004696579,2.965291,0.002877165,1.275768e-07,1.2,1.400234e-11,2.970014,0.08437103,7.291806e-06,1.2,2.847272e-10,-3.275375e-11,-8.344436e-13,3.94245e-14,2.388602e-12,2.970957e-12,2.329869e-12
0.0001039123,2.97,2.97,1.2,0.004683583,2.965285,0.002880176,1.275698e-07,1.2,1.400152e-11,2.970014,0.08446342,7.296048e-06,1.2,2.848927e-10,-3.277116e-11,-8.3622e-13,3.935073e-14,2.38993e-12,2.971401e-12,2.331245e-12
0.0001040123,2.97,2.97,1.2,0.004670623,2.965279,0.002883187,1.275127e-07,1.2,1.399543e-11,2.970014,0.08455581,7.300302e-06,1.2,2.850588e-10,-3.279499e-11,-8.393286e-13,3.927085e-14,2.391305e-12,2.971845e-12,2.332601e-12
0.0001041123,2.97,2.97,1.2,0.004657698,2.965273,0.002886196,1.274865e-07,1.2,1.399258e-11,2.970014,0.0846482,7.304565e-06,1.2,2.852252e-10,-3.282313e-11,-8.419931e-13,3.919041e-14,2.39271e-12,2.971401e-12,2.333981e-12
0.0001042123,2.97,2.97,1.2,0.004644809,2.965267,0.002889205,1.27422e-07,1.2,1.398561e-11,2.970014,0.08474058,7.308865e-06,1.2,2.853929e-10,-3.2855e-11,-8.451018e-13,3.905158e-14,2.394022e-12,2.971401e-12,2.335372e-12
0.0001043123,2.97,2.97,1.2,0.004631956,2.965262,0.002892212,1.274368e-07,1.2,1.398722e-11,2.970014,0.08483296,7.313157e-06,1.2,2.855603e-10,-3.288991e-11,-8.490986e-13,3.900017e-14,2.397939e-12,2.971401e-12,2.336726e-12
0.0001044123,2.97,2.97,1.2,0.004619138,2.965256,0.002895219,1.27342e-07,1.2,1.3977e-11,2.970014,0.08492534,7.317491e-06,1.2,2.857295e-10,-3.292711e-11,-8.530954e-13,3.882424e-14,2.399511e-12,2.970957e-12,2.338136e-12
0.0001045123,2.97,2.97,1.2,0.004606356,2.96525,0.002898226,1.273392e-07,1.2,1.397672e-11,2.970014,0.0850177,7.321839e-06,1.2,2.85899e-10,-3.296604e-11,-8.570922e-13,3.87528e-14,2.400945e-12,2.971401e-12,2.339529e-12
0.0001046123,2.97,2.97,1.2,0.004593609,2.965244,0.002901231,1.273263e-07,1.2,1.397525e-11,2.970014,0.08511007,7.326183e-06,1.2,2.860687e-10,-3.300629e-11,-8.61089e-13,3.860941e-14,2.399567e-12,2.971401e-12,2.340915e-12
0.0001047123,2.97,2.97,1.2,0.004580897,2.965239,0.002904235,1.273013e-07,1.2,1.39727e-11,2.970014,0.08520243,7.33056e-06,1.2,2.862395e-10,-3.304539e-11,-8.65974e-13,3.856812e-14,2.400776e-12,2.971401e-12,2.342319e-12
0.0001048123,2.97,2.97,1.2,0.004568221,2.965233,0.002907239,1.272952e-07,1.2,1.397192e-11,2.970014,0.08529478,7.334936e-06,1.2,2.864104e-10,-3.308781e-11,-8.704149e-13,3.843825e-14,2.402118e-12,2.970957e-12,2.343723e-12
0.0001049123,2.97,2.97,1.2,0.004555579,2.965227,0.002910241,1.273242e-07,1.2,1.397508e-11,2.970014,0.08538713,7.33935e-06,1.2,2.865825e-10,-3.313035e-11,-8.748557e-13,3.837181e-14,2.403615e-12,2.971401e-12,2.345152e-12
0.0001050123,2.97,2.97,1.2,0.004542972,2.965221,0.002913243,1.273116e-07,1.2,1.397377e-11,2.970014,0.08547948,7.343787e-06,1.2,2.867557e-10,-3.317108e-11,-8.792966e-13,3.824372e-14,2.405088e-12,2.971401e-12,2.346567e-12
0.0001051123,2.97,2.97,1.2,0.004530389,2.965215,0.002916244,1.272521e-07,1.2,1.396737e-11,2.970014,0.08557182,7.348129e-06,1.2,2.86925e-10,-3.321467e-11,-8.837375e-13,3.813419e-14,2.409189e-12,2.970957e-12,2.347983e-12
0.0001052123,2.97,2.97,1.2,0.004517776,2.96521,0.002919244,1.272821e-07,1.2,1.397061e-11,2.970015,0.08566416,7.35257e-06,1.2,2.870983e-10,-3.325803e-11,-8.881784e-13,3.804424e-14,2.410459e-12,2.970513e-12,2.349307e-12
0.0001053123,2.97,2.97,1.2,0.004505199,2.965204,0.002922243,1.272615e-07,1.2,1.396818e-11,2.970015,0.08575649,7.357007e-06,1.2,2.872716e-10,-3.330246e-11,-8.926193e-13,3.794277e-14,2.414669e-12,2.971401e-12,2.350817e-12
0.0001054123,2.97,2.97,1.2,0.00449281,2.965198,0.002925242,1.273051e-07,1.2,1.397303e-11,2.970015,0.08584882,7.361344e-06,1.2,2.874406e-10,-3.334501e-11,-8.975043e-13,3.789448e-14,2.416057e-12,2.970957e-12,2.352113e-12
0.0001055123,2.97,2.97,1.2,0.004492032,2.965192,0.002928243,1.273939e-07,1.2,1.398266e-11,2.970015,0.08594114,7.365826e-06,1.2,2.876158e-10,-3.334084e-11,-8.970602e-13,3.794232e-14,2.414725e-12,2.971401e-12,2.353647e-12
0.0001056123,2.97,2.97,1.2,0.004771472,2.965192,0.00293133,1.302608e-07,1.2,1.429314e-11,2.970015,0.08603346,7.370255e-06,1.2,2.877885e-10,-3.259706e-11,-8.180123e-13,4.127308e-14,2.416359e-12,2.970957e-12,2.355078e-12
0.0001057123,2.97,2.97,1.2,0.004892187,2.965184,0.002934286,1.249326e-07,1.2,1.371609e-11,2.970015,0.08612578,7.374723e-06,1.2,2.879629e-10,-3.515671e-11,-1.090239e-12,3.265042e-14,2.417534e-12,2.971401e-12,2.356507e-12
0.0001058123,2.97,2.97,1.2,0.004811036,2.965179,0.0029373,1.264868e-07,1.2,1.388446e-11,2.970015,0.08621809,7.379139e-06,1.2,2.881351e-10,-3.638359e-11,-1.220801e-12,3.109618e-14,2.419141e-12,2.971845e-12,2.357828e-12
0.0001058916,2.97,2.97,1.2,0.004800344,2.965175,0.002939683,1.270721e-07,1.2,1.394792e-11,2.970015,0.0862913,7.382675e-06,1.2,2.882732e-10,-3.689863e-11,-1.27498e-12,3.043182e-14,2.421927e-12,2.970957e-12,2.358952e-12
0.0001059776,2.97,2.97,1.2,0.004788897,2.96517,0.00294226,1.271939e-07,1.2,1.396126e-11,2.970015,0.08637068,7.386577e-06,1.2,2.884255e-10,-3.700635e-11,-1.286971e-12,3.025149e-14,2.424339e-12,2.971401e-12,2.360331e-12
0.0001060672,2.97,2.97,1.2,0.004777019,2.965165,0.002944941,1.271518e-07,1.2,1.395673e-11,2.970015,0.08645334,7.390673e-06,1.2,2.885855e-10,-3.70025e-11,-1.286971e-12,3.019953e-14,2.424958e-12,2.971401e-12,2.361642e-12
0.0001061672,2.97,2.97,1.2,0.004763797,2.965159,0.002947933,1.271537e-07,1.2,1.395693e-11,2.970015,0.08654564,7.395242e-06,1.2,2.887636e-10,-3.697738e-11,-1.283862e-12,3.023608e-14,2.425065e-12,2.971845e-12,2.362964e-12
0.0001062672,2.97,2.97,1.2,0.004750612,2.965153,0.002950923,1.271314e-07,1.2,1.395448e-11,2.970015,0.08663793,7.399705e-06,1.2,2.889378e-10,-3.695448e-11,-1.281197e-12,3.029197e-14,2.426658e-12,2.971401e-12,2.364516e-12
0.0001063672,2.97,2.97,1.2,0.004737465,2.965147,0.002953913,1.271188e-07,1.2,1.395303e-11,2.970015,0.08673021,7.404299e-06,1.2,2.891171e-10,-3.69399e-11,-1.279865e-12,3.028196e-14,2.42828e-12,2.971401e-12,2.365881e-12
0.0001064672,2.97,2.97,1.2,0.004724355,2.965142,0.002956902,1.271151e-07,1.2,1.395262e-11,2.970015,0.08682249,7.408801e-06,1.2,2.892928e-10,-3.693587e-11,-1.279421e-12,3.028004e-14,2.429757e-12,2.971845e-12,2.367435e-12
0.0001065672,2.97,2.97,1.2,0.004711281,2.965136,0.00295989,1.271325e-07,1.2,1.395448e-11,2.970015,0.08691477,7.41342e-06,1.2,2.89473e-10,-3.694147e-11,-1.280309e-12,3.029296e-14,2.430921e-12,2.971845e-12,2.368798e-12
0.0001066672,2.97,2.97,1.2,0.004698244,2.96513,0.002962877,1.271573e-07,1.2,1.395733e-11,2.970015,0.08700704,7.418039e-06,1.2,2.896533e-10,-3.695576e-11,-1.281641e-12,3.028044e-14,2.432253e-12,2.971401e-12,2.370388e-12
0.0001067672,2.97,2.97,1.2,0.004685242,2.965124,0.002965864,1.270939e-07,1.2,1.395048e-11,2.970015,0.08709931,7.422555e-06,1.2,2.898295e-10,-3.697802e-11,-1.284306e-12,3.016536e-14,2.436361e-12,2.971401e-12,2.371749e-12
0.0001068672,2.97,2.97,1.2,0.004672277,2.965118,0.002968849,1.271499e-07,1.2,1.39565e-11,2.970015,0.08719157,7.42722e-06,1.2,2.900114e-10,-3.700635e-11,-1.286971e-12,3.015467e-14,2.435212e-12,2.971401e-12,2.373331e-12
0.0001069672,2.97,2.97,1.2,0.004659347,2.965113,0.002971834,1.271695e-07,1.2,1.39586e-11,2.970015,0.08728383,7.431777e-06,1.2,2.901895e-10,-3.703859e-11,-1.290967e-12,3.010539e-14,2.436742e-12,2.970957e-12,2.3747e-12
0.0001070672,2.97,2.97,1.2,0.004646453,2.965107,0.002974818,1.271584e-07,1.2,1.395739e-11,2.970015,0.08737608,7.436474e-06,1.2,2.903725e-10,-3.707457e-11,-1.29452e-12,3.001734e-14,2.438314e-12,2.971401e-12,2.376302e-12
0.0001071672,2.97,2.97,1.2,0.004633595,2.965101,0.002977801,1.271499e-07,1.2,1.395664e-11,2.970015,0.08746833,7.441052e-06,1.2,2.905512e-10,-3.711305e-11,-1.298517e-12,2.987724e-14,2.439787e-12,2.970957e-12,2.37767e-12
0.0001072672,2.97,2.97,1.2,0.004620773,2.965095,0.002980783,1.271156e-07,1.2,1.395282e-11,2.970015,0.08756057,7.44578e-06,1.2,2.907357e-10,-3.715381e-11,-1.302958e-12,2.979038e-14,2.441205e-12,2.971401e-12,2.379288e-12
0.0001073672,2.97,2.97,1.2,0.004607986,2.965089,0.002983765,1.271069e-07,1.2,1.395184e-11,2.970015,0.08765281,7.450432e-06,1.2,2.909172e-10,-3.719671e-11,-1.306955e-12,2.96918e-14,2.44288e-12,2.970957e-12,2.380776e-12
0.0001074672,2.97,2.97,1.2,0.004595234,2.965084,0.002986746,1.270461e-07,1.2,1.394509e-11,2.970015,0.08774505,7.455151e-06,1.2,2.911013e-10,-3.724056e-11,-1.312284e-12,2.955364e-14,2.449439e-12,2.971845e-12,2.382171e-12
0.0001075672,2.97,2.97,1.2,0.004582517,2.965078,0.002989725,1.270581e-07,1.2,1.394657e-11,2.970015,0.08783728,7.459769e-06,1.2,2.912816e-10,-3.728573e-11,-1.316725e-12,2.945284e-14,2.448332e-12,2.971401e-12,2.383768e-12
0.0001076672,2.97,2.97,1.2,0.004569836,2.965072,0.002992704,1.270996e-07,1.2,1.395109e-11,2.970015,0.08792951,7.464527e-06,1.2,2.914674e-10,-3.732897e-11,-1.321609e-12,2.941914e-14,2.449959e-12,2.971401e-12,2.38518e-12
0.0001077672,2.97,2.97,1.2,0.004557189,2.965066,0.002995682,1.270389e-07,1.2,1.394449e-11,2.970015,0.08802173,7.469191e-06,1.2,2.916495e-10,-3.737527e-11,-1.326939e-12,2.923652e-14,2.451574e-12,2.971401e-12,2.386798e-12
0.0001078672,2.97,2.97,1.2,0.004544577,2.965061,0.002998659,1.269667e-07,1.2,1.393655e-11,2.970015,0.08811395,7.473987e-06,1.2,2.918365e-10,-3.742228e-11,-1.331379e-12,2.908185e-14,2.453021e-12,2.971401e-12,2.388215e-12
0.0001079672,2.97,2.97,1.2,0.00453199,2.965055,0.003001636,1.269759e-07,1.2,1.393758e-11,2.970015,0.08820616,7.478671e-06,1.2,2.920191e-10,-3.746789e-11,-1.336264e-12,2.898048e-14,2.454805e-12,2.970957e-12,2.389832e-12
0.0001080672,2.97,2.97,1.2,0.004519374,2.965049,0.003004611,1.269226e-07,1.2,1.393183e-11,2.970015,0.08829837,7.483479e-06,1.2,2.922069e-10,-3.751493e-11,-1.340705e-12,2.881973e-14,2.456153e-12,2.971401e-12,2.391237e-12
0.0001081672,2.97,2.97,1.2,0.004506792,2.965043,0.003007586,1.268674e-07,1.2,1.39259e-11,2.970015,0.08839058,7.488241e-06,1.2,2.923927e-10,-3.756282e-11,-1.346478e-12,2.869035e-14,2.455075e-12,2.971401e-12,2.392768e-12
0.0001082672,2.97,2.97,1.2,0.004494379,2.965037,0.00301056,1.268241e-07,1.2,1.39212e-11,2.970015,0.08848278,7.493072e-06,1.2,2.925814e-10,-3.760833e-11,-1.351363e-12,2.855319e-14,2.459121e-12,2.971401e-12,2.394433e-12
0.0001083672,2.97,2.97,1.2,0.004492383,2.965032,0.003013536,1.270074e-07,1.2,1.3941e-11,2.970015,0.08857497,7.497796e-06,1.2,2.927657e-10,-3.761287e-11,-1.351808e-12,2.868175e-14,2.46068e-12,2.971845e-12,2.395831e-12
0.0001084672,2.97,2.97,1.2,0.004754512,2.965031,0.003016594,1.297426e-07,1.2,1.423728e-11,2.970015,0.08866716,7.502594e-06,1.2,2.929527e-10,-3.689575e-11,-1.275424e-12,3.185941e-14,2.46206e-12,2.971401e-12,2.397378e-12
0.0001085672,2.97,2.97,1.2,0.004907634,2.965023,0.003019534,1.247969e-07,1.2,1.370162e-11,2.970015,0.08875935,7.507453e-06,1.2,2.931425e-10,-3.949797e-11,-1.552092e-12,2.339508e-14,2.463417e-12,2.970957e-12,2.39903e-12
0.0001086672,2.97,2.97,1.2,0.004813033,2.965018,0.003022522,1.262999e-07,1.2,1.38647e-11,2.970015,0.08885153,7.512203e-06,1.2,2.933278e-10,-4.051854e-11,-1.660894e-12,2.226312e-14,2.464982e-12,2.971401e-12,2.400462e-12
0.000108744,2.97,2.97,1.2,0.00480264,2.965014,0.003024811,1.266991e-07,1.2,1.390811e-11,2.970015,0.08892238,7.516039e-06,1.2,2.934775e-10,-4.094304e-11,-1.705303e-12,2.160445e-14,2.465906e-12,2.971401e-12,2.401777e-12
0.0001088237,2.97,2.97,1.2,0.004792028,2.96501,0.003027178,1.268011e-07,1.2,1.39191e-11,2.970015,0.0889958,7.519993e-06,1.2,2.936318e-10,-4.102632e-11,-1.715073e-12,2.152096e-14,2.467543e-12,2.970957e-12,2.403112e-12
0.0001089105,2.97,2.97,1.2,0.004780508,2.965005,0.003029755,1.268766e-07,1.2,1.392721e-11,2.970015,0.0890758,7.524471e-06,1.2,2.938066e-10,-4.102263e-11,-1.714184e-12,2.155154e-14,2.467256e-12,2.971401e-12,2.404511e-12
0.0001090105,2.97,2.97,1.2,0.004767276,2.964999,0.003032722,1.268978e-07,1.2,1.392948e-11,2.970015,0.08916797,7.529207e-06,1.2,2.939914e-10,-4.100767e-11,-1.712852e-12,2.160246e-14,2.471786e-12,2.970957e-12,2.405862e-12
0.0001091105,2.97,2.97,1.2,0.004754081,2.964993,0.003035688,1.269283e-07,1.2,1.393285e-11,2.970015,0.08926013,7.533976e-06,1.2,2.941775e-10,-4.09976e-11,-1.71152e-12,2.161695e-14,2.473047e-12,2.971401e-12,2.407454e-12
0.0001092105,2.97,2.97,1.2,0.004740924,2.964987,0.003038654,1.268555e-07,1.2,1.392507e-11,2.970015,0.08935229,7.53881e-06,1.2,2.943661e-10,-4.099513e-11,-1.71152e-12,2.15717e-14,2.474515e-12,2.971401e-12,2.409018e-12
0.0001093105,2.97,2.97,1.2,0.004727804,2.964982,0.003041619,1.268668e-07,1.2,1.392623e-11,2.970015,0.08944445,7.54369e-06,1.2,2.945566e-10,-4.100293e-11,-1.712408e-12,2.156954e-14,2.476337e-12,2.970957e-12,2.410599e-12
0.0001094105,2.97,2.97,1.2,0.00471472,2.964976,0.003044582,1.269024e-07,1.2,1.393e-11,2.970015,0.0895366,7.548587e-06,1.2,2.947476e-10,-4.101963e-11,-1.71374e-12,2.154513e-14,2.475216e-12,2.970957e-12,2.412115e-12
0.0001095105,2.97,2.97,1.2,0.004701673,2.96497,0.003047545,1.268508e-07,1.2,1.392442e-11,2.970015,0.08962874,7.553488e-06,1.2,2.949388e-10,-4.104414e-11,-1.716849e-12,2.141517e-14,2.479406e-12,2.971401e-12,2.413715e-12
0.0001096105,2.97,2.97,1.2,0.004688661,2.964964,0.003050507,1.268013e-07,1.2,1.391916e-11,2.970015,0.08972088,7.558409e-06,1.2,2.95131e-10,-4.107425e-11,-1.719958e-12,2.133662e-14,2.480931e-12,2.970957e-12,2.415304e-12
0.0001097105,2.97,2.97,1.2,0.004675686,2.964958,0.003053469,1.268175e-07,1.2,1.392085e-11,2.970015,0.08981302,7.56336e-06,1.2,2.953241e-10,-4.110988e-11,-1.72351e-12,2.12738e-14,2.485235e-12,2.971401e-12,2.416898e-12
0.0001098105,2.97,2.97,1.2,0.004662747,2.964953,0.003056429,1.267543e-07,1.2,1.391404e-11,2.970015,0.08990515,7.568303e-06,1.2,2.955172e-10,-4.114913e-11,-1.727951e-12,2.112803e-14,2.486741e-12,2.971401e-12,2.418472e-12
0.0001099105,2.97,2.97,1.2,0.004649843,2.964947,0.003059389,1.267401e-07,1.2,1.391248e-11,2.970015,0.08999728,7.573261e-06,1.2,2.957106e-10,-4.119115e-11,-1.731948e-12,2.101399e-14,2.488251e-12,2.971401e-12,2.420066e-12
0.0001100105,2.97,2.97,1.2,0.004636975,2.964941,0.003062348,1.267695e-07,1.2,1.391568e-11,2.970015,0.0900894,7.57822e-06,1.2,2.95904e-10,-4.123577e-11,-1.737721e-12,2.096106e-14,2.489905e-12,2.971401e-12,2.421639e-12
0.0001101105,2.97,2.97,1.2,0.004624143,2.964935,0.003065306,1.266925e-07,1.2,1.390737e-11,2.970015,0.09018152,7.583259e-06,1.2,2.961005e-10,-4.128231e-11,-1.742162e-12,2.078814e-14,2.488903e-12,2.970957e-12,2.423386e-12
0.0001102105,2.97,2.97,1.2,0.004611346,2.96493,0.003068263,1.266841e-07,1.2,1.390645e-11,2.970015,0.09027364,7.588316e-06,1.2,2.962979e-10,-4.133033e-11,-1.747047e-12,2.066152e-14,2.490511e-12,2.971845e-12,2.424874e-12
0.0001103105,2.97,2.97,1.2,0.004598584,2.964924,0.003071219,1.266177e-07,1.2,1.389933e-11,2.970015,0.09036575,7.593426e-06,1.2,2.964974e-10,-4.137914e-11,-1.752376e-12,2.049759e-14,2.492004e-12,2.970957e-12,2.426485e-12
0.0001104105,2.97,2.97,1.2,0.004585858,2.964918,0.003074175,1.265864e-07,1.2,1.389575e-11,2.970015,0.09045785,7.598449e-06,1.2,2.966934e-10,-4.142869e-11,-1.756817e-12,2.037876e-14,2.493224e-12,2.971845e-12,2.428219e-12
0.0001105105,2.97,2.97,1.2,0.004573167,2.964912,0.003077129,1.265433e-07,1.2,1.389111e-11,2.970015,0.09054995,7.603499e-06,1.2,2.968903e-10,-4.147702e-11,-1.763478e-12,2.024432e-14,2.497412e-12,2.971845e-12,2.429721e-12
0.0001106105,2.97,2.97,1.2,0.004560511,2.964906,0.003080083,1.265689e-07,1.2,1.389406e-11,2.970015,0.09064205,7.608621e-06,1.2,2.970903e-10,-4.152791e-11,-1.767919e-12,2.013546e-14,2.499092e-12,2.971401e-12,2.431363e-12
0.0001107105,2.97,2.97,1.2,0.004547889,2.964901,0.003083036,1.265283e-07,1.2,1.388949e-11,2.970015,0.09073414,7.613687e-06,1.2,2.972881e-10,-4.157883e-11,-1.773692e-12,1.998874e-14,2.500597e-12,2.971845e-12,2.433087e-12
0.0001108105,2.97,2.97,1.2,0.004535297,2.964895,0.003085988,1.265731e-07,1.2,1.389435e-11,2.970015,0.09082623,7.618895e-06,1.2,2.974911e-10,-4.163074e-11,-1.778577e-12,1.994594e-14,2.502258e-12,2.971401e-12,2.434642e-12
0.0001109105,2.97,2.97,1.2,0.004522683,2.964889,0.00308894,1.264849e-07,1.2,1.388464e-11,2.970015,0.09091832,7.624038e-06,1.2,2.976919e-10,-4.168177e-11,-1.78435e-12,1.973536e-14,2.501136e-12,2.971845e-12,2.436284e-12
0.0001110105,2.97,2.97,1.2,0.004510087,2.964883,0.00309189,1.264514e-07,1.2,1.388104e-11,2.970015,0.0910104,7.629072e-06,1.2,2.978885e-10,-4.173365e-11,-1.790124e-12,1.957913e-14,2.502836e-12,2.971401e-12,2.437924e-12
0.0001111105,2.97,2.97,1.2,0.00449759,2.964877,0.00309484,1.264944e-07,1.2,1.388567e-11,2.970015,0.09110247,7.634263e-06,1.2,2.980909e-10,-4.17831e-11,-1.795453e-12,1.954102e-14,2.504192e-12,2.971845e-12,2.439552e-12
0.0001112105,2.97,2.97,1.2,0.004490428,2.964872,0.00309779,1.265366e-07,1.2,1.389041e-11,2.970015,0.09119454,7.639369e-06,1.2,2.982903e-10,-4.181391e-11,-1.799005e-12,1.948408e-14,2.508225e-12,2.970957e-12,2.441315e-12
0.0001113105,2.97,2.97,1.2,0.004659128,2.964869,0.003100796,1.284525e-07,1.2,1.409803e-11,2.970015,0.09128661,7.644627e-06,1.2,2.984955e-10,-4.12813e-11,-1.742162e-12,2.181501e-14,2.509923e-12,2.970957e-12,2.442864e-12
0.0001114105,2.97,2.97,1.2,0.005005197,2.964866,0.003103782,1.264898e-07,1.2,1.388534e-11,2.970015,0.09137867,7.649819e-06,1.2,2.98698e-10,-4.344092e-11,-1.971312e-12,1.612917e-14,2.514158e-12,2.971401e-12,2.444543e-12
0.0001115105,2.97,2.97,1.2,0.004819679,2.96486,0.003106725,1.268737e-07,1.2,1.392699e-11,2.970015,0.09147073,7.654978e-06,1.2,2.988994e-10,-4.267069e-11,-1.8896e-12,1.791846e-14,2.51589e-12,2.970957e-12,2.446337e-12
0.000111585,2.97,2.97,1.2,0.00480947,2.964855,0.003108912,1.265093e-07,1.2,1.38873e-11,2.970015,0.09153931,7.659006e-06,1.2,2.990565e-10,-4.224043e-11,-1.844302e-12,1.855576e-14,2.516401e-12,2.971401e-12,2.447655e-12
0.0001116529,2.97,2.97,1.2,0.004800404,2.964851,0.003110911,1.264679e-07,1.2,1.388284e-11,2.970015,0.09160188,7.662662e-06,1.2,2.991992e-10,-4.217198e-11,-1.836753e-12,1.866652e-14,2.516995e-12,2.971401e-12,2.448712e-12
0.0001117118,2.97,2.97,1.2,0.004792582,2.964847,0.003112642,1.264322e-07,1.2,1.387897e-11,2.970015,0.09165601,7.665718e-06,1.2,2.993185e-10,-4.224709e-11,-1.844302e-12,1.847409e-14,2.518456e-12,2.971401e-12,2.449597e-12
0.0001118118,2.97,2.97,1.2,0.004779318,2.964842,0.003115586,1.264349e-07,1.2,1.387947e-11,2.970015,0.09174806,7.670788e-06,1.2,2.995165e-10,-4.231098e-11,-1.851408e-12,1.836569e-14,2.517714e-12,2.971401e-12,2.4513e-12
0.0001119118,2.97,2.97,1.2,0.004766091,2.964836,0.003118528,1.264255e-07,1.2,1.387838e-11,2.970015,0.0918401,7.676002e-06,1.2,2.997198e-10,-4.237903e-11,-1.858513e-12,1.818218e-14,2.522041e-12,2.971401e-12,2.452978e-12
0.0001120118,2.97,2.97,1.2,0.004752901,2.96483,0.00312147,1.263575e-07,1.2,1.387092e-11,2.970015,0.09193214,7.681251e-06,1.2,2.999246e-10,-4.244703e-11,-1.866063e-12,1.800102e-14,2.523831e-12,2.971401e-12,2.454651e-12
0.0001121118,2.97,2.97,1.2,0.004739748,2.964824,0.003124411,1.263238e-07,1.2,1.386728e-11,2.970015,0.09202417,7.686519e-06,1.2,3.001303e-10,-4.251208e-11,-1.873168e-12,1.784151e-14,2.525379e-12,2.971401e-12,2.456334e-12
0.0001122118,2.97,2.97,1.2,0.004726631,2.964818,0.003127352,1.26343e-07,1.2,1.386933e-11,2.970015,0.0921162,7.691796e-06,1.2,3.00336e-10,-4.257823e-11,-1.87983e-12,1.771258e-14,2.52678e-12,2.970513e-12,2.458035e-12
0.0001123118,2.97,2.97,1.2,0.00471355,2.964813,0.003130291,1.263445e-07,1.2,1.386948e-11,2.970015,0.09220822,7.697071e-06,1.2,3.005421e-10,-4.263983e-11,-1.887379e-12,1.755971e-14,2.528185e-12,2.970957e-12,2.459712e-12
0.0001124118,2.97,2.97,1.2,0.004700505,2.964807,0.00313323,1.26457e-07,1.2,1.388168e-11,2.970015,0.09230024,7.702371e-06,1.2,3.007488e-10,-4.270236e-11,-1.893152e-12,1.758323e-14,2.529742e-12,2.970957e-12,2.461424e-12
0.0001125118,2.97,2.97,1.2,0.004687497,2.964801,0.003136167,1.26376e-07,1.2,1.387303e-11,2.970015,0.09239225,7.707768e-06,1.2,3.009594e-10,-4.276465e-11,-1.899814e-12,1.730419e-14,2.534053e-12,2.970513e-12,2.463265e-12
0.0001126118,2.97,2.97,1.2,0.004674525,2.964795,0.003139104,1.262645e-07,1.2,1.386099e-11,2.970015,0.09248426,7.713174e-06,1.2,3.011703e-10,-4.282274e-11,-1.906475e-12,1.713557e-14,2.535751e-12,2.971401e-12,2.464903e-12
0.0001127118,2.97,2.97,1.2,0.004661588,2.964789,0.00314204,1.262797e-07,1.2,1.386255e-11,2.970015,0.09257627,7.718502e-06,1.2,3.013783e-10,-4.288254e-11,-1.912692e-12,1.702272e-14,2.534695e-12,2.970957e-12,2.466577e-12
0.0001128118,2.97,2.97,1.2,0.004648688,2.964784,0.003144976,1.26328e-07,1.2,1.386776e-11,2.970015,0.09266827,7.72388e-06,1.2,3.01588e-10,-4.294194e-11,-1.918465e-12,1.694915e-14,2.536332e-12,2.970957e-12,2.468414e-12
0.0001129118,2.97,2.97,1.2,0.004635822,2.964778,0.00314791,1.262503e-07,1.2,1.385938e-11,2.970015,0.09276027,7.729278e-06,1.2,3.017988e-10,-4.300106e-11,-1.925127e-12,1.673659e-14,2.537849e-12,2.971401e-12,2.470033e-12
0.0001130118,2.97,2.97,1.2,0.004622993,2.964772,0.003150844,1.262572e-07,1.2,1.386016e-11,2.970015,0.09285226,7.734629e-06,1.2,3.020077e-10,-4.30569e-11,-1.931344e-12,1.663082e-14,2.539305e-12,2.971401e-12,2.471741e-12
0.0001131118,2.97,2.97,1.2,0.004610199,2.964766,0.003153776,1.262387e-07,1.2,1.385813e-11,2.970015,0.09294425,7.740127e-06,1.2,3.022222e-10,-4.311537e-11,-1.936673e-12,1.647082e-14,2.540942e-12,2.971401e-12,2.473495e-12
0.0001132118,2.97,2.97,1.2,0.00459744,2.96476,0.003156708,1.262734e-07,1.2,1.386195e-11,2.970015,0.09303623,7.745518e-06,1.2,3.024326e-10,-4.31731e-11,-1.94289e-12,1.64164e-14,2.545047e-12,2.971401e-12,2.475242e-12
0.0001133118,2.97,2.97,1.2,0.004584717,2.964755,0.003159639,1.261896e-07,1.2,1.385287e-11,2.970015,0.09312821,7.750981e-06,1.2,3.026458e-10,-4.32309e-11,-1.949108e-12,1.620545e-14,2.548977e-12,2.971401e-12,2.477105e-12
0.0001134118,2.97,2.97,1.2,0.004572028,2.964749,0.00316257,1.261912e-07,1.2,1.385304e-11,2.970015,0.09322019,7.756445e-06,1.2,3.02859e-10,-4.328859e-11,-1.955325e-12,1.607382e-14,2.550317e-12,2.970957e-12,2.478745e-12
0.0001135118,2.97,2.97,1.2,0.004559375,2.964743,0.003165499,1.262177e-07,1.2,1.385594e-11,2.970015,0.09331216,7.761941e-06,1.2,3.030735e-10,-4.334324e-11,-1.961542e-12,1.600223e-14,2.551772e-12,2.970513e-12,2.480627e-12
0.0001136118,2.97,2.97,1.2,0.004546756,2.964737,0.003168428,1.261979e-07,1.2,1.385378e-11,2.970015,0.09340413,7.767454e-06,1.2,3.032885e-10,-4.340089e-11,-1.967315e-12,1.585914e-14,2.553342e-12,2.970957e-12,2.482271e-12
0.0001137118,2.97,2.97,1.2,0.004534161,2.964732,0.003171356,1.261085e-07,1.2,1.384417e-11,2.970015,0.09349609,7.772911e-06,1.2,3.035015e-10,-4.345778e-11,-1.973088e-12,1.565956e-14,2.554982e-12,2.970957e-12,2.484009e-12
0.0001138118,2.97,2.97,1.2,0.004521536,2.964726,0.003174283,1.261994e-07,1.2,1.3854e-11,2.970015,0.09358805,7.778446e-06,1.2,3.037175e-10,-4.351555e-11,-1.97975e-12,1.561567e-14,2.5567e-12,2.970957e-12,2.485898e-12
0.0001139118,2.97,2.97,1.2,0.004508948,2.96472,0.003177209,1.261943e-07,1.2,1.385346e-11,2.970015,0.09368,7.783994e-06,1.2,3.039341e-10,-4.357262e-11,-1.985523e-12,1.550919e-14,2.558511e-12,2.970957e-12,2.48757e-12
0.0001140118,2.97,2.97,1.2,0.004496562,2.964714,0.003180134,1.261608e-07,1.2,1.384979e-11,2.970015,0.09377195,7.789506e-06,1.2,3.04149e-10,-4.362827e-11,-1.99174e-12,1.534762e-14,2.559977e-12,2.970957e-12,2.489321e-12
0.0001141118,2.97,2.97,1.2,0.004496678,2.964709,0.003183063,1.262775e-07,1.2,1.386242e-11,2.970015,0.0938639,7.795082e-06,1.2,3.043666e-10,-4.363277e-11,-1.992628e-12,1.538448e-14,2.561184e-12,2.970957e-12,2.491212e-12
0.0001142118,2.97,2.97,1.2,0.004788158,2.964708,0.00318608,1.292343e-07,1.2,1.418258e-11,2.970015,0.09395584,7.800659e-06,1.2,3.045844e-10,-4.289023e-11,-1.91358e-12,1.881473e-14,2.56243e-12,2.971401e-12,2.492888e-12
0.0001143118,2.97,2.97,1.2,0.004887202,2.9647,0.003188957,1.237893e-07,1.2,1.359295e-11,2.970015,0.09404777,7.806203e-06,1.2,3.048006e-10,-4.540825e-11,-2.180922e-12,1.018786e-14,2.564043e-12,2.970957e-12,2.494676e-12
0.0001144118,2.97,2.97,1.2,0.004814493,2.964695,0.0031919,1.253438e-07,1.2,1.376139e-11,2.970015,0.09413971,7.811877e-06,1.2,3.05022e-10,-4.676072e-11,-2.325251e-12,8.365032e-15,2.565499e-12,2.970957e-12,2.496489e-12
0.0001144933,2.97,2.97,1.2,0.004803516,2.964691,0.003194289,1.258745e-07,1.2,1.381898e-11,2.970015,0.09421463,7.81655e-06,1.2,3.052044e-10,-4.733846e-11,-2.386535e-12,7.536203e-15,2.567535e-12,2.971401e-12,2.498139e-12
0.0001145798,2.97,2.97,1.2,0.004791983,2.964686,0.003196821,1.261281e-07,1.2,1.384673e-11,2.970015,0.09429423,7.821668e-06,1.2,3.054042e-10,-4.748071e-11,-2.40119e-12,7.407235e-15,2.572075e-12,2.970957e-12,2.499724e-12
0.000114669,2.97,2.97,1.2,0.004780144,2.964681,0.003199426,1.261812e-07,1.2,1.385242e-11,2.970015,0.09437622,7.826762e-06,1.2,3.056031e-10,-4.749274e-11,-2.402967e-12,7.40559e-15,2.571389e-12,2.971401e-12,2.501244e-12
0.000114769,2.97,2.97,1.2,0.004766912,2.964675,0.003202345,1.261256e-07,1.2,1.384614e-11,2.970015,0.09446814,7.832327e-06,1.2,3.0582e-10,-4.747709e-11,-2.40119e-12,7.382994e-15,2.573051e-12,2.970957e-12,2.503029e-12
0.000114869,2.97,2.97,1.2,0.004753719,2.964669,0.003205263,1.261041e-07,1.2,1.38438e-11,2.970015,0.09456005,7.837913e-06,1.2,3.060381e-10,-4.746253e-11,-2.399414e-12,7.376547e-15,2.574649e-12,2.971401e-12,2.504836e-12
0.000114969,2.97,2.97,1.2,0.004740562,2.964663,0.00320818,1.260708e-07,1.2,1.38404e-11,2.970015,0.09465196,7.843562e-06,1.2,3.062585e-10,-4.745572e-11,-2.39897e-12,7.324643e-15,2.576197e-12,2.971401e-12,2.506659e-12
0.000115069,2.97,2.97,1.2,0.004727442,2.964658,0.003211096,1.260892e-07,1.2,1.384218e-11,2.970015,0.09474387,7.849258e-06,1.2,3.064807e-10,-4.745946e-11,-2.399414e-12,7.339998e-15,2.580539e-12,2.970957e-12,2.508495e-12
0.000115169,2.97,2.97,1.2,0.004714359,2.964652,0.003214012,1.260472e-07,1.2,1.383764e-11,2.970015,0.09483577,7.854996e-06,1.2,3.067048e-10,-4.747666e-11,-2.400746e-12,7.29202e-15,2.584775e-12,2.971401e-12,2.510338e-12
0.000115269,2.97,2.97,1.2,0.004701312,2.964646,0.003216926,1.260448e-07,1.2,1.383752e-11,2.970015,0.09492766,7.860728e-06,1.2,3.069286e-10,-4.750052e-11,-2.403411e-12,7.218569e-15,2.586204e-12,2.971401e-12,2.512169e-12
0.000115369,2.97,2.97,1.2,0.004688301,2.96464,0.00321984,1.260319e-07,1.2,1.383615e-11,2.970015,0.09501956,7.866482e-06,1.2,3.071528e-10,-4.753199e-11,-2.407408e-12,7.144295e-15,2.587728e-12,2.970957e-12,2.514018e-12
0.000115469,2.97,2.97,1.2,0.004675326,2.964634,0.003222753,1.260439e-07,1.2,1.383743e-11,2.970015,0.09511144,7.872299e-06,1.2,3.073799e-10,-4.756949e-11,-2.41096e-12,7.085889e-15,2.589425e-12,2.971401e-12,2.515916e-12
0.000115569,2.97,2.97,1.2,0.004662387,2.964629,0.003225665,1.259799e-07,1.2,1.383051e-11,2.970015,0.09520333,7.878179e-06,1.2,3.076095e-10,-4.761239e-11,-2.415401e-12,6.933764e-15,2.591201e-12,2.971401e-12,2.517797e-12
0.000115669,2.97,2.97,1.2,0.004649483,2.964623,0.003228577,1.260186e-07,1.2,1.383466e-11,2.970015,0.09529521,7.884074e-06,1.2,3.078396e-10,-4.765858e-11,-2.420286e-12,6.859741e-15,2.589924e-12,2.971401e-12,2.51969e-12
0.000115769,2.97,2.97,1.2,0.004636616,2.964617,0.003231487,1.260098e-07,1.2,1.383368e-11,2.970015,0.09538708,7.889917e-06,1.2,3.080675e-10,-4.770791e-11,-2.425615e-12,6.71597e-15,2.594016e-12,2.971845e-12,2.521443e-12
0.000115869,2.97,2.97,1.2,0.004623784,2.964611,0.003234397,1.259454e-07,1.2,1.38266e-11,2.970015,0.09547895,7.895593e-06,1.2,3.082889e-10,-4.775981e-11,-2.431388e-12,6.574367e-15,2.595829e-12,2.971845e-12,2.523292e-12
0.000115969,2.97,2.97,1.2,0.004610987,2.964605,0.003237306,1.258721e-07,1.2,1.381867e-11,2.970015,0.09557082,7.901346e-06,1.2,3.085135e-10,-4.781331e-11,-2.437162e-12,6.388357e-15,2.597498e-12,2.971845e-12,2.525144e-12
0.000116069,2.97,2.97,1.2,0.004598226,2.9646,0.003240214,1.258455e-07,1.2,1.381581e-11,2.970015,0.09566268,7.907142e-06,1.2,3.087396e-10,-4.786775e-11,-2.442491e-12,6.240177e-15,2.5991e-12,2.971401e-12,2.52702e-12
0.000116169,2.97,2.97,1.2,0.0045855,2.964594,0.003243122,1.257766e-07,1.2,1.380842e-11,2.970015,0.09575454,7.91299e-06,1.2,3.089677e-10,-4.792346e-11,-2.448708e-12,6.06666e-15,2.60069e-12,2.970957e-12,2.52892e-12
0.000116269,2.97,2.97,1.2,0.004572809,2.964588,0.003246028,1.258285e-07,1.2,1.381401e-11,2.970015,0.09584639,7.91891e-06,1.2,3.091988e-10,-4.798044e-11,-2.454481e-12,6.010417e-15,2.602517e-12,2.970957e-12,2.530829e-12
0.000116369,2.97,2.97,1.2,0.004560153,2.964582,0.003248934,1.258053e-07,1.2,1.381146e-11,2.970015,0.09593824,7.924857e-06,1.2,3.094309e-10,-4.803789e-11,-2.460698e-12,5.851681e-15,2.603999e-12,2.970957e-12,2.532738e-12
0.000116469,2.97,2.97,1.2,0.004547532,2.964577,0.003251839,1.257825e-07,1.2,1.380903e-11,2.970015,0.09603008,7.930839e-06,1.2,3.096644e-10,-4.809618e-11,-2.466916e-12,5.704346e-15,2.608013e-12,2.970957e-12,2.53466e-12
0.000116569,2.97,2.97,1.2,0.004534934,2.964571,0.003254743,1.258776e-07,1.2,1.381928e-11,2.970015,0.09612192,7.936787e-06,1.2,3.098966e-10,-4.815135e-11,-2.473133e-12,5.676807e-15,2.609625e-12,2.971401e-12,2.536445e-12
0.000116669,2.97,2.97,1.2,0.004522305,2.964565,0.003257646,1.258022e-07,1.2,1.381121e-11,2.970015,0.09621376,7.942651e-06,1.2,3.101254e-10,-4.82106e-11,-2.479794e-12,5.490298e-15,2.611404e-12,2.971401e-12,2.538484e-12
0.000116769,2.97,2.97,1.2,0.004509716,2.964559,0.003260549,1.25836e-07,1.2,1.381485e-11,2.970015,0.09630559,7.948551e-06,1.2,3.103555e-10,-4.826893e-11,-2.485567e-12,5.3796e-15,2.615632e-12,2.971401e-12,2.540254e-12
0.000116869,2.97,2.97,1.2,0.004497335,2.964553,0.00326345,1.258256e-07,1.2,1.38137e-11,2.970015,0.09639742,7.954437e-06,1.2,3.105852e-10,-4.832637e-11,-2.49134e-12,5.258652e-15,2.61735e-12,2.970957e-12,2.542172e-12
0.000116969,2.97,2.97,1.2,0.004497902,2.964548,0.003266356,1.25918e-07,1.2,1.38237e-11,2.970015,0.09648924,7.960388e-06,1.2,3.108175e-10,-4.833101e-11,-2.492229e-12,5.279104e-15,2.616215e-12,2.971845e-12,2.544082e-12
0.000117069,2.97,2.97,1.2,0.004795173,2.964547,0.003269351,1.288177e-07,1.2,1.413791e-11,2.970015,0.09658106,7.966362e-06,1.2,3.110507e-10,-4.758544e-11,-2.412737e-12,8.626855e-15,2.620308e-12,2.971401e-12,2.545989e-12
0.000117169,2.97,2.97,1.2,0.004884068,2.964539,0.003272201,1.232982e-07,1.2,1.354003e-11,2.970015,0.09667288,7.972378e-06,1.2,3.112853e-10,-5.007348e-11,-2.67697e-12,4.458908e-17,2.622345e-12,2.970957e-12,2.547939e-12
0.000117269,2.97,2.97,1.2,0.004815175,2.964534,0.003275121,1.249729e-07,1.2,1.372165e-11,2.970015,0.09676469,7.97844e-06,1.2,3.115219e-10,-5.14765e-11,-2.826184e-12,-1.766972e-15,2.623589e-12,2.971845e-12,2.549886e-12
0.0001173518,2.97,2.97,1.2,0.004804039,2.96453,0.003277527,1.25494e-07,1.2,1.377822e-11,2.970015,0.09684064,7.983635e-06,1.2,3.117247e-10,-5.207751e-11,-2.890577e-12,-2.675379e-15,2.626101e-12,2.970957e-12,2.551592e-12
0.0001174314,2.97,2.97,1.2,0.004793424,2.964525,0.003279838,1.256989e-07,1.2,1.380047e-11,2.970015,0.09691378,7.988564e-06,1.2,3.11917e-10,-5.223727e-11,-2.907896e-12,-2.899804e-15,2.627162e-12,2.971401e-12,2.553162e-12
0.0001175195,2.97,2.97,1.2,0.004781735,2.96452,0.003282389,1.257142e-07,1.2,1.380221e-11,2.970015,0.09699461,7.993907e-06,1.2,3.121255e-10,-5.224803e-11,-2.90834e-12,-2.922636e-15,2.628813e-12,2.970957e-12,2.554866e-12
0.0001176195,2.97,2.97,1.2,0.004768499,2.964515,0.003285284,1.257495e-07,1.2,1.380605e-11,2.970015,0.09708641,8.000105e-06,1.2,3.123674e-10,-5.223021e-11,-2.907008e-12,-2.883049e-15,2.632948e-12,2.970957e-12,2.55687e-12
0.0001177195,2.97,2.97,1.2,0.0047553,2.964509,0.003288179,1.257678e-07,1.2,1.380805e-11,2.970015,0.0971782,8.006373e-06,1.2,3.12612e-10,-5.221684e-11,-2.905232e-12,-2.825287e-15,2.63467e-12,2.971401e-12,2.558925e-12
0.0001178195,2.97,2.97,1.2,0.004742139,2.964503,0.003291072,1.256614e-07,1.2,1.379631e-11,2.970015,0.09726999,8.012705e-06,1.2,3.12859e-10,-5.221177e-11,-2.905232e-12,-2.936964e-15,2.636268e-12,2.971401e-12,2.560899e-12
0.0001179195,2.97,2.97,1.2,0.004729014,2.964497,0.003293965,1.256551e-07,1.2,1.379583e-11,2.970015,0.09736177,8.018992e-06,1.2,3.131043e-10,-5.221995e-11,-2.905676e-12,-2.976491e-15,2.635387e-12,2.971401e-12,2.562915e-12
0.0001180195,2.97,2.97,1.2,0.004715926,2.964491,0.003296857,1.256532e-07,1.2,1.379543e-11,2.970015,0.09745355,8.024934e-06,1.2,3.133363e-10,-5.223695e-11,-2.907452e-12,-2.984862e-15,2.637084e-12,2.971401e-12,2.564655e-12
0.0001181195,2.97,2.97,1.2,0.004702875,2.964486,0.003299748,1.256191e-07,1.2,1.379189e-11,2.970015,0.09754532,8.030871e-06,1.2,3.135678e-10,-5.226584e-11,-2.910561e-12,-3.099477e-15,2.63875e-12,2.971401e-12,2.566599e-12
0.0001182195,2.97,2.97,1.2,0.004689859,2.96448,0.003302639,1.255246e-07,1.2,1.378151e-11,2.970015,0.09763709,8.036899e-06,1.2,3.138031e-10,-5.229937e-11,-2.914113e-12,-3.255699e-15,2.64303e-12,2.971401e-12,2.568552e-12
0.0001183195,2.97,2.97,1.2,0.004676879,2.964474,0.003305528,1.255636e-07,1.2,1.378589e-11,2.970015,0.09772886,8.043024e-06,1.2,3.140421e-10,-5.233934e-11,-2.91811e-12,-3.3233e-15,2.644737e-12,2.971401e-12,2.570551e-12
0.0001184195,2.97,2.97,1.2,0.004663936,2.964468,0.003308417,1.255827e-07,1.2,1.378798e-11,2.970015,0.09782062,8.049219e-06,1.2,3.142839e-10,-5.23844e-11,-2.923439e-12,-3.38043e-15,2.649128e-12,2.971845e-12,2.572562e-12
0.0001185195,2.97,2.97,1.2,0.004651028,2.964462,0.003311305,1.255552e-07,1.2,1.378496e-11,2.970015,0.09791238,8.055484e-06,1.2,3.145286e-10,-5.243332e-11,-2.928324e-12,-3.521224e-15,2.650974e-12,2.971401e-12,2.574581e-12
0.0001186195,2.97,2.97,1.2,0.004638155,2.964457,0.003314192,1.255655e-07,1.2,1.37861e-11,2.970015,0.09800413,8.0618e-06,1.2,3.14775e-10,-5.248465e-11,-2.933653e-12,-3.608835e-15,2.652847e-12,2.971845e-12,2.576624e-12
0.0001187195,2.97,2.97,1.2,0.004625319,2.964451,0.003317078,1.255395e-07,1.2,1.378323e-11,2.970015,0.09809588,8.067951e-06,1.2,3.15015e-10,-5.253896e-11,-2.939871e-12,-3.790186e-15,2.654365e-12,2.971401e-12,2.578489e-12
0.0001188195,2.97,2.97,1.2,0.004612518,2.964445,0.003319964,1.254999e-07,1.2,1.377885e-11,2.970015,0.09818763,8.074094e-06,1.2,3.152548e-10,-5.259451e-11,-2.946088e-12,-3.901671e-15,2.658726e-12,2.971401e-12,2.580483e-12
0.0001189195,2.97,2.97,1.2,0.004599752,2.964439,0.003322849,1.256007e-07,1.2,1.378983e-11,2.970015,0.09827937,8.080301e-06,1.2,3.154968e-10,-5.265119e-11,-2.951417e-12,-3.952933e-15,2.660313e-12,2.970957e-12,2.582471e-12
0.0001190195,2.97,2.97,1.2,0.004587021,2.964433,0.003325733,1.255561e-07,1.2,1.378502e-11,2.970015,0.0983711,8.086539e-06,1.2,3.157402e-10,-5.270936e-11,-2.958078e-12,-4.143598e-15,2.662004e-12,2.971401e-12,2.584499e-12
0.0001191195,2.97,2.97,1.2,0.004574326,2.964428,0.003328616,1.25528e-07,1.2,1.378208e-11,2.970015,0.09846284,8.092856e-06,1.2,3.159869e-10,-5.276877e-11,-2.964295e-12,-4.258427e-15,2.661186e-12,2.970957e-12,2.586526e-12
0.0001192195,2.97,2.97,1.2,0.004561666,2.964422,0.003331498,1.254811e-07,1.2,1.377698e-11,2.970015,0.09855456,8.09918e-06,1.2,3.162334e-10,-5.282858e-11,-2.970069e-12,-4.432334e-15,2.662842e-12,2.970957e-12,2.588551e-12
0.0001193195,2.97,2.97,1.2,0.00454904,2.964416,0.00333438,1.254898e-07,1.2,1.377793e-11,2.970015,0.09864629,8.105544e-06,1.2,3.16482e-10,-5.28864e-11,-2.976286e-12,-4.557504e-15,2.664379e-12,2.970957e-12,2.590615e-12
0.0001194195,2.97,2.97,1.2,0.004536439,2.96441,0.003337261,1.254992e-07,1.2,1.377892e-11,2.970015,0.09873801,8.111966e-06,1.2,3.167325e-10,-5.294629e-11,-2.982947e-12,-4.698008e-15,2.668916e-12,2.971401e-12,2.592669e-12
0.0001195195,2.97,2.97,1.2,0.004523809,2.964405,0.003340141,1.254372e-07,1.2,1.377208e-11,2.970015,0.09882972,8.118385e-06,1.2,3.169832e-10,-5.300787e-11,-2.989609e-12,-4.848364e-15,2.670746e-12,2.970957e-12,2.59471e-12
0.0001196195,2.97,2.97,1.2,0.004511214,2.964399,0.00334302,1.254079e-07,1.2,1.376895e-11,2.970015,0.09892144,8.124828e-06,1.2,3.172345e-10,-5.306888e-11,-2.99627e-12,-5.018877e-15,2.672374e-12,2.971401e-12,2.596806e-12
0.0001197195,2.97,2.97,1.2,0.004498787,2.964393,0.003345898,1.253871e-07,1.2,1.376666e-11,2.970015,0.09901314,8.131321e-06,1.2,3.174878e-10,-5.312801e-11,-3.002487e-12,-5.17679e-15,2.67404e-12,2.971401e-12,2.598881e-12
0.0001198195,2.97,2.97,1.2,0.004496808,2.964387,0.003348779,1.254262e-07,1.2,1.377094e-11,2.970015,0.09910485,8.137838e-06,1.2,3.177421e-10,-5.314533e-11,-3.004708e-12,-5.228808e-15,2.675737e-12,2.970957e-12,2.600983e-12
0.0001199195,2.97,2.97,1.2,0.004759387,2.964386,0.003351742,1.281809e-07,1.2,1.406914e-11,2.970015,0.09919654,8.144386e-06,1.2,3.179977e-10,-5.244273e-11,-2.929657e-12,-1.993113e-15,2.680148e-12,2.971401e-12,2.603086e-12
0.0001200195,2.97,2.97,1.2,0.004911582,2.964379,0.003354587,1.232929e-07,1.2,1.353984e-11,2.970015,0.09928824,8.151e-06,1.2,3.182559e-10,-5.506401e-11,-3.208989e-12,-1.046734e-14,2.684624e-12,2.971401e-12,2.605221e-12
0.0001201195,2.97,2.97,1.2,0.004817465,2.964374,0.003357479,1.248169e-07,1.2,1.3705e-11,2.970015,0.09937993,8.157483e-06,1.2,3.185088e-10,-5.611005e-11,-3.319567e-12,-1.162561e-14,2.686359e-12,2.971845e-12,2.607084e-12
0.0001201964,2.97,2.97,1.2,0.004807053,2.96437,0.003359697,1.253094e-07,1.2,1.375845e-11,2.970015,0.09945046,8.162404e-06,1.2,3.187008e-10,-5.655734e-11,-3.367528e-12,-1.224204e-14,2.687207e-12,2.971401e-12,2.608766e-12
0.0001202768,2.97,2.97,1.2,0.004796336,2.964365,0.003362009,1.25448e-07,1.2,1.377358e-11,2.970015,0.09952415,8.167458e-06,1.2,3.188979e-10,-5.665925e-11,-3.377743e-12,-1.235805e-14,2.686952e-12,2.971845e-12,2.610425e-12
0.0001203651,2.97,2.97,1.2,0.004784609,2.96436,0.003364545,1.254198e-07,1.2,1.377056e-11,2.970015,0.09960507,8.173322e-06,1.2,3.191268e-10,-5.667249e-11,-3.379075e-12,-1.244803e-14,2.690595e-12,2.971401e-12,2.612253e-12
0.0001204651,2.97,2.97,1.2,0.004771364,2.964354,0.003367417,1.254214e-07,1.2,1.377063e-11,2.970015,0.09969674,8.179685e-06,1.2,3.193751e-10,-5.666999e-11,-3.379075e-12,-1.245585e-14,2.689613e-12,2.970957e-12,2.614273e-12
0.0001205651,2.97,2.97,1.2,0.004758157,2.964349,0.003370288,1.254489e-07,1.2,1.377359e-11,2.970015,0.09978842,8.186089e-06,1.2,3.196249e-10,-5.667194e-11,-3.379075e-12,-1.242623e-14,2.693981e-12,2.970957e-12,2.616343e-12
0.0001206651,2.97,2.97,1.2,0.004744987,2.964343,0.003373159,1.253478e-07,1.2,1.376265e-11,2.970015,0.09988008,8.192534e-06,1.2,3.198766e-10,-5.668248e-11,-3.380407e-12,-1.255875e-14,2.695683e-12,2.970957e-12,2.61842e-12
0.0001207651,2.97,2.97,1.2,0.004731854,2.964337,0.003376028,1.252914e-07,1.2,1.375657e-11,2.970015,0.09997175,8.199015e-06,1.2,3.201296e-10,-5.67023e-11,-3.382628e-12,-1.266116e-14,2.697512e-12,2.970957e-12,2.620483e-12
0.0001208651,2.97,2.97,1.2,0.004718758,2.964331,0.003378897,1.252415e-07,1.2,1.375116e-11,2.970015,0.1000634,8.205777e-06,1.2,3.203933e-10,-5.673375e-11,-3.385736e-12,-1.279922e-14,2.69934e-12,2.970957e-12,2.622655e-12
0.0001209651,2.97,2.97,1.2,0.004705698,2.964325,0.003381765,1.253463e-07,1.2,1.376251e-11,2.970015,0.1001551,8.21232e-06,1.2,3.206486e-10,-5.677044e-11,-3.389733e-12,-1.273259e-14,2.700892e-12,2.970957e-12,2.62476e-12
0.0001210651,2.97,2.97,1.2,0.004692674,2.96432,0.003384632,1.253163e-07,1.2,1.375916e-11,2.970015,0.1002467,8.218986e-06,1.2,3.209088e-10,-5.681373e-11,-3.394174e-12,-1.287901e-14,2.705173e-12,2.970957e-12,2.627105e-12
0.0001211651,2.97,2.97,1.2,0.004679686,2.964314,0.003387499,1.25289e-07,1.2,1.375622e-11,2.970015,0.1003384,8.225673e-06,1.2,3.211698e-10,-5.686188e-11,-3.399947e-12,-1.30312e-14,2.706988e-12,2.970513e-12,2.629055e-12
0.0001212651,2.97,2.97,1.2,0.004666734,2.964308,0.003390364,1.252128e-07,1.2,1.374806e-11,2.970015,0.10043,8.232273e-06,1.2,3.214273e-10,-5.691403e-11,-3.405276e-12,-1.319718e-14,2.708818e-12,2.971401e-12,2.631164e-12
0.0001213651,2.97,2.97,1.2,0.004653818,2.964302,0.003393229,1.252735e-07,1.2,1.375458e-11,2.970015,0.1005216,8.23904e-06,1.2,3.216912e-10,-5.696955e-11,-3.411049e-12,-1.324296e-14,2.710591e-12,2.971401e-12,2.633546e-12
0.0001214651,2.97,2.97,1.2,0.004640938,2.964297,0.003396093,1.252136e-07,1.2,1.374809e-11,2.970015,0.1006133,8.2458e-06,1.2,3.219552e-10,-5.702671e-11,-3.416822e-12,-1.343961e-14,2.714856e-12,2.970957e-12,2.635507e-12
0.0001215651,2.97,2.97,1.2,0.004628093,2.964291,0.003398957,1.252312e-07,1.2,1.375001e-11,2.970015,0.1007049,8.252471e-06,1.2,3.222155e-10,-5.708644e-11,-3.423484e-12,-1.35453e-14,2.716321e-12,2.970513e-12,2.637637e-12
0.0001216651,2.97,2.97,1.2,0.004615284,2.964285,0.003401819,1.252734e-07,1.2,1.375456e-11,2.970015,0.1007965,8.259161e-06,1.2,3.224766e-10,-5.714742e-11,-3.430145e-12,-1.362341e-14,2.720537e-12,2.970513e-12,2.639777e-12
0.0001217651,2.97,2.97,1.2,0.00460251,2.964279,0.003404681,1.252756e-07,1.2,1.375476e-11,2.970015,0.1008881,8.265861e-06,1.2,3.227382e-10,-5.720889e-11,-3.436806e-12,-1.376275e-14,2.722039e-12,2.970957e-12,2.641933e-12
0.0001218651,2.97,2.97,1.2,0.004589771,2.964273,0.003407542,1.2516e-07,1.2,1.374234e-11,2.970015,0.1009798,8.272831e-06,1.2,3.230099e-10,-5.727161e-11,-3.443468e-12,-1.399692e-14,2.723727e-12,2.970957e-12,2.644159e-12
0.0001219651,2.97,2.97,1.2,0.004577068,2.964268,0.003410402,1.25177e-07,1.2,1.374415e-11,2.970015,0.1010714,8.279584e-06,1.2,3.232735e-10,-5.733483e-11,-3.449685e-12,-1.412285e-14,2.72531e-12,2.970957e-12,2.646326e-12
0.0001220651,2.97,2.97,1.2,0.0045644,2.964262,0.003413261,1.252232e-07,1.2,1.374916e-11,2.970015,0.101163,8.286331e-06,1.2,3.235369e-10,-5.739872e-11,-3.456346e-12,-1.420318e-14,2.726826e-12,2.970513e-12,2.648493e-12
0.0001221651,2.97,2.97,1.2,0.004551766,2.964256,0.00341612,1.251404e-07,1.2,1.374021e-11,2.970015,0.1012546,8.293128e-06,1.2,3.238019e-10,-5.746037e-11,-3.463896e-12,-1.442661e-14,2.731057e-12,2.970957e-12,2.650671e-12
0.0001222651,2.97,2.97,1.2,0.004539161,2.96425,0.003418978,1.250812e-07,1.2,1.373384e-11,2.970015,0.1013462,8.299935e-06,1.2,3.240676e-10,-5.752519e-11,-3.470113e-12,-1.463917e-14,2.732681e-12,2.970513e-12,2.652856e-12
0.0001223651,2.97,2.97,1.2,0.004526533,2.964244,0.003421835,1.251645e-07,1.2,1.374287e-11,2.970015,0.1014378,8.306895e-06,1.2,3.243395e-10,-5.759127e-11,-3.477219e-12,-1.467856e-14,2.734286e-12,2.970513e-12,2.655291e-12
0.0001224651,2.97,2.97,1.2,0.004513926,2.964239,0.003424691,1.252207e-07,1.2,1.374892e-11,2.970015,0.1015294,8.313843e-06,1.2,3.246106e-10,-5.765638e-11,-3.48388e-12,-1.475522e-14,2.735913e-12,2.970957e-12,2.657296e-12
0.0001225651,2.97,2.97,1.2,0.004501423,2.964233,0.003427546,1.251605e-07,1.2,1.374233e-11,2.970015,0.101621,8.320706e-06,1.2,3.248782e-10,-5.771873e-11,-3.490985e-12,-1.499728e-14,2.737504e-12,2.970957e-12,2.659513e-12
0.0001226651,2.97,2.97,1.2,0.004494658,2.964227,0.003430403,1.251874e-07,1.2,1.374539e-11,2.970015,0.1017125,8.327585e-06,1.2,3.251467e-10,-5.776044e-11,-3.494982e-12,-1.503874e-14,2.741749e-12,2.970513e-12,2.661724e-12
0.0001227651,2.97,2.97,1.2,0.004672329,2.964225,0.003433317,1.271754e-07,1.2,1.396087e-11,2.970015,0.1018041,8.334482e-06,1.2,3.254159e-10,-5.722072e-11,-3.438139e-12,-1.269094e-14,2.743343e-12,2.970513e-12,2.663909e-12
0.0001228651,2.97,2.97,1.2,0.004999296,2.964221,0.003436201,1.247028e-07,1.2,1.369293e-11,2.970015,0.1018957,8.341513e-06,1.2,3.256902e-10,-5.948537e-11,-3.678835e-12,-1.891563e-14,2.744818e-12,2.970957e-12,2.666377e-12
0.0001229651,2.97,2.97,1.2,0.004823338,2.964215,0.003439052,1.25349e-07,1.2,1.376284e-11,2.970015,0.1019873,8.348551e-06,1.2,3.259649e-10,-5.89405e-11,-3.621103e-12,-1.742027e-14,2.74913e-12,2.970957e-12,2.668404e-12
0.0001230389,2.97,2.97,1.2,0.004813225,2.96421,0.003441151,1.25252e-07,1.2,1.375236e-11,2.970015,0.1020548,8.35362e-06,1.2,3.261625e-10,-5.862758e-11,-3.587353e-12,-1.678414e-14,2.751057e-12,2.971401e-12,2.670186e-12
0.0001231071,2.97,2.97,1.2,0.00480411,2.964206,0.003443095,1.252079e-07,1.2,1.37476e-11,2.970015,0.1021173,8.358616e-06,1.2,3.263576e-10,-5.859744e-11,-3.584244e-12,-1.678052e-14,2.750934e-12,2.971401e-12,2.671629e-12
0.0001231673,2.97,2.97,1.2,0.004796098,2.964203,0.00344481,1.250903e-07,1.2,1.373494e-11,2.970015,0.1021724,8.362846e-06,1.2,3.265228e-10,-5.867941e-11,-3.592682e-12,-1.707934e-14,2.752421e-12,2.971401e-12,2.673061e-12
0.0001232673,2.97,2.97,1.2,0.004782823,2.964197,0.003447659,1.249489e-07,1.2,1.371954e-11,2.970015,0.102264,8.369901e-06,1.2,3.267979e-10,-5.874912e-11,-3.600231e-12,-1.729638e-14,2.758609e-12,2.970957e-12,2.675291e-12
0.0001233673,2.97,2.97,1.2,0.004769585,2.964191,0.003450508,1.249889e-07,1.2,1.372399e-11,2.970015,0.1023556,8.37696e-06,1.2,3.270736e-10,-5.882161e-11,-3.607781e-12,-1.741004e-14,2.757684e-12,2.970957e-12,2.677554e-12
0.0001234673,2.97,2.97,1.2,0.004756383,2.964185,0.003453356,1.2503e-07,1.2,1.37284e-11,2.970015,0.1024471,8.384066e-06,1.2,3.273508e-10,-5.889587e-11,-3.615774e-12,-1.753123e-14,2.759589e-12,2.970957e-12,2.679846e-12
0.0001235673,2.97,2.97,1.2,0.004743219,2.964179,0.003456203,1.249497e-07,1.2,1.371974e-11,2.970015,0.1025387,8.391198e-06,1.2,3.276291e-10,-5.897001e-11,-3.623324e-12,-1.778161e-14,2.761424e-12,2.970957e-12,2.682111e-12
0.0001236673,2.97,2.97,1.2,0.004730091,2.964174,0.00345905,1.249987e-07,1.2,1.372501e-11,2.970015,0.1026302,8.398315e-06,1.2,3.27907e-10,-5.904177e-11,-3.632206e-12,-1.792287e-14,2.762935e-12,2.970957e-12,2.6844e-12
0.0001237673,2.97,2.97,1.2,0.004716999,2.964168,0.003461895,1.249343e-07,1.2,1.371797e-11,2.970015,0.1027217,8.40548e-06,1.2,3.281863e-10,-5.911557e-11,-3.639311e-12,-1.807828e-14,2.767306e-12,2.971401e-12,2.686723e-12
0.0001238673,2.97,2.97,1.2,0.004703944,2.964162,0.00346474,1.249847e-07,1.2,1.372354e-11,2.970015,0.1028133,8.412702e-06,1.2,3.284683e-10,-5.918833e-11,-3.646861e-12,-1.818581e-14,2.7692e-12,2.971401e-12,2.689032e-12
0.0001239673,2.97,2.97,1.2,0.004690924,2.964156,0.003467584,1.249998e-07,1.2,1.372516e-11,2.970015,0.1029048,8.419956e-06,1.2,3.287515e-10,-5.926082e-11,-3.654854e-12,-1.833369e-14,2.771032e-12,2.970957e-12,2.691359e-12
0.0001240673,2.97,2.97,1.2,0.004677941,2.96415,0.003470428,1.250234e-07,1.2,1.372769e-11,2.970015,0.1029963,8.427051e-06,1.2,3.290281e-10,-5.933291e-11,-3.662404e-12,-1.848201e-14,2.772902e-12,2.970957e-12,2.693553e-12
0.0001241673,2.97,2.97,1.2,0.004664994,2.964145,0.00347327,1.250199e-07,1.2,1.372736e-11,2.970015,0.1030878,8.434202e-06,1.2,3.293074e-10,-5.940222e-11,-3.670397e-12,-1.862083e-14,2.774563e-12,2.970957e-12,2.695873e-12
0.0001242673,2.97,2.97,1.2,0.004652082,2.964139,0.003476112,1.24983e-07,1.2,1.372336e-11,2.970015,0.1031794,8.44135e-06,1.2,3.295863e-10,-5.947367e-11,-3.677947e-12,-1.881483e-14,2.778998e-12,2.970957e-12,2.698155e-12
0.0001243673,2.97,2.97,1.2,0.004639206,2.964133,0.003478953,1.249403e-07,1.2,1.371882e-11,2.970015,0.1032709,8.448541e-06,1.2,3.298668e-10,-5.954509e-11,-3.685052e-12,-1.898473e-14,2.78319e-12,2.970957e-12,2.700469e-12
0.0001244673,2.97,2.97,1.2,0.004626366,2.964127,0.003481793,1.249642e-07,1.2,1.372136e-11,2.970015,0.1033624,8.455762e-06,1.2,3.301487e-10,-5.961597e-11,-3.692602e-12,-1.912148e-14,2.784736e-12,2.971401e-12,2.702789e-12
0.0001245673,2.97,2.97,1.2,0.004613561,2.964122,0.003484632,1.249614e-07,1.2,1.372103e-11,2.970015,0.1034539,8.463034e-06,1.2,3.304324e-10,-5.968659e-11,-3.700151e-12,-1.930242e-14,2.78648e-12,2.970957e-12,2.705126e-12
0.0001246673,2.97,2.97,1.2,0.004600792,2.964116,0.003487471,1.24917e-07,1.2,1.371612e-11,2.970015,0.1035454,8.470381e-06,1.2,3.307191e-10,-5.975744e-11,-3.707257e-12,-1.9454e-14,2.788062e-12,2.971401e-12,2.707494e-12
0.0001247673,2.97,2.97,1.2,0.004588057,2.96411,0.003490308,1.249043e-07,1.2,1.371492e-11,2.970015,0.1036369,8.477734e-06,1.2,3.310061e-10,-5.982501e-11,-3.71525e-12,-1.961847e-14,2.792527e-12,2.970957e-12,2.709774e-12
0.0001248673,2.97,2.97,1.2,0.004575358,2.964104,0.003493145,1.249497e-07,1.2,1.371982e-11,2.970015,0.1037284,8.484947e-06,1.2,3.312875e-10,-5.989515e-11,-3.7228e-12,-1.972065e-14,2.79421e-12,2.971401e-12,2.712094e-12
0.0001249673,2.97,2.97,1.2,0.004562694,2.964098,0.003495981,1.249487e-07,1.2,1.371966e-11,2.970015,0.1038199,8.492216e-06,1.2,3.315713e-10,-5.996585e-11,-3.729905e-12,-1.990557e-14,2.795939e-12,2.970957e-12,2.714445e-12
0.0001250673,2.97,2.97,1.2,0.004550065,2.964093,0.003498817,1.248518e-07,1.2,1.37091e-11,2.970015,0.1039113,8.499557e-06,1.2,3.318577e-10,-6.003573e-11,-3.737455e-12,-2.010999e-14,2.797652e-12,2.971401e-12,2.716824e-12
0.0001251673,2.97,2.97,1.2,0.004537458,2.964087,0.003501651,1.248745e-07,1.2,1.371152e-11,2.970015,0.1040028,8.506946e-06,1.2,3.321461e-10,-6.010566e-11,-3.745004e-12,-2.023032e-14,2.799265e-12,2.971401e-12,2.7192e-12
0.0001252673,2.97,2.97,1.2,0.00452482,2.964081,0.003504485,1.24887e-07,1.2,1.37129e-11,2.970015,0.1040943,8.514359e-06,1.2,3.324353e-10,-6.017591e-11,-3.75211e-12,-2.037551e-14,2.803569e-12,2.970957e-12,2.721565e-12
0.0001253673,2.97,2.97,1.2,0.004512223,2.964075,0.003507318,1.247725e-07,1.2,1.370037e-11,2.970015,0.1041858,8.521811e-06,1.2,3.327259e-10,-6.02456e-11,-3.760103e-12,-2.062209e-14,2.80526e-12,2.970957e-12,2.723973e-12
0.0001254673,2.97,2.97,1.2,0.004499854,2.964069,0.00351015,1.247869e-07,1.2,1.370193e-11,2.970015,0.1042772,8.529314e-06,1.2,3.330188e-10,-6.031421e-11,-3.767653e-12,-2.073028e-14,2.807003e-12,2.971401e-12,2.726375e-12
0.0001255673,2.97,2.97,1.2,0.00450163,2.964064,0.003512987,1.250035e-07,1.2,1.37257e-11,2.970015,0.1043687,8.536647e-06,1.2,3.333051e-10,-6.032442e-11,-3.768985e-12,-2.061825e-14,2.808659e-12,2.971401e-12,2.728625e-12
0.0001256673,2.97,2.97,1.2,0.004813573,2.964064,0.003515917,1.281343e-07,1.2,1.406458e-11,2.970015,0.1044601,8.543988e-06,1.2,3.335917e-10,-5.957668e-11,-3.689049e-12,-1.711016e-14,2.813003e-12,2.970957e-12,2.730995e-12
0.0001257673,2.97,2.97,1.2,0.00487749,2.964055,0.003518691,1.222866e-07,1.2,1.343142e-11,2.970015,0.1045516,8.551393e-06,1.2,3.338803e-10,-6.197381e-11,-3.943512e-12,-2.573471e-14,2.817482e-12,2.970957e-12,2.73339e-12
0.0001258673,2.97,2.97,1.2,0.00481757,2.96405,0.003521542,1.238948e-07,1.2,1.360583e-11,2.970015,0.104643,8.558824e-06,1.2,3.341704e-10,-6.348276e-11,-4.103384e-12,-2.785311e-14,2.819166e-12,2.971401e-12,2.735779e-12
0.0001259538,2.97,2.97,1.2,0.00480594,2.964046,0.003523999,1.244755e-07,1.2,1.36688e-11,2.970015,0.1047222,8.565549e-06,1.2,3.344329e-10,-6.412912e-11,-4.172662e-12,-2.878914e-14,2.822267e-12,2.971845e-12,2.738073e-12
0.0001260293,2.97,2.97,1.2,0.004795876,2.964042,0.003526138,1.247182e-07,1.2,1.369492e-11,2.970015,0.1047912,8.571226e-06,1.2,3.346543e-10,-6.433264e-11,-4.194867e-12,-2.908926e-14,2.824243e-12,2.970957e-12,2.739651e-12
0.0001261177,2.97,2.97,1.2,0.004784135,2.964036,0.003528637,1.247548e-07,1.2,1.369899e-11,2.970015,0.104872,8.577854e-06,1.2,3.349129e-10,-6.435654e-11,-4.197087e-12,-2.908721e-14,2.824918e-12,2.971401e-12,2.741876e-12
0.0001262177,2.97,2.97,1.2,0.004770892,2.964031,0.003531464,1.247165e-07,1.2,1.369485e-11,2.970015,0.1049635,8.585389e-06,1.2,3.352072e-10,-6.434746e-11,-4.196199e-12,-2.914953e-14,2.82931e-12,2.971401e-12,2.744306e-12
0.0001263177,2.97,2.97,1.2,0.004757686,2.964025,0.003534289,1.247234e-07,1.2,1.369564e-11,2.970015,0.1050549,8.592966e-06,1.2,3.355027e-10,-6.43417e-11,-4.195755e-12,-2.911781e-14,2.831171e-12,2.970957e-12,2.746741e-12
0.0001264177,2.97,2.97,1.2,0.004744517,2.964019,0.003537113,1.247218e-07,1.2,1.369538e-11,2.970015,0.1051463,8.600586e-06,1.2,3.358001e-10,-6.434389e-11,-4.195755e-12,-2.916223e-14,2.83318e-12,2.971401e-12,2.749187e-12
0.0001265177,2.97,2.97,1.2,0.004731385,2.964013,0.003539937,1.247165e-07,1.2,1.369482e-11,2.970015,0.1052378,8.608237e-06,1.2,3.360987e-10,-6.436003e-11,-4.197531e-12,-2.920278e-14,2.834933e-12,2.971401e-12,2.751656e-12
0.0001266177,2.97,2.97,1.2,0.00471829,2.964007,0.00354276,1.246605e-07,1.2,1.36888e-11,2.970015,0.1053292,8.615924e-06,1.2,3.363987e-10,-6.438467e-11,-4.200196e-12,-2.92834e-14,2.836849e-12,2.971845e-12,2.754096e-12
0.0001267177,2.97,2.97,1.2,0.00470523,2.964002,0.003545582,1.246547e-07,1.2,1.368811e-11,2.970015,0.1054206,8.623627e-06,1.2,3.366993e-10,-6.442174e-11,-4.203748e-12,-2.93747e-14,2.841514e-12,2.971845e-12,2.756581e-12
0.0001268177,2.97,2.97,1.2,0.004692207,2.963996,0.003548403,1.246695e-07,1.2,1.368966e-11,2.970015,0.105512,8.631376e-06,1.2,3.370017e-10,-6.446389e-11,-4.208189e-12,-2.947011e-14,2.843428e-12,2.970957e-12,2.759071e-12
0.0001269177,2.97,2.97,1.2,0.00467922,2.96399,0.003551223,1.246527e-07,1.2,1.368789e-11,2.970015,0.1056034,8.639162e-06,1.2,3.373056e-10,-6.451258e-11,-4.213963e-12,-2.95701e-14,2.845259e-12,2.971401e-12,2.761582e-12
0.0001270177,2.97,2.97,1.2,0.004666269,2.963984,0.003554043,1.245759e-07,1.2,1.367958e-11,2.970015,0.1056948,8.64696e-06,1.2,3.376098e-10,-6.456612e-11,-4.219292e-12,-2.97619e-14,2.849932e-12,2.971401e-12,2.764065e-12
0.0001271177,2.97,2.97,1.2,0.004653353,2.963978,0.003556862,1.245885e-07,1.2,1.368094e-11,2.970015,0.1057862,8.654808e-06,1.2,3.37916e-10,-6.462357e-11,-4.225509e-12,-2.986793e-14,2.851711e-12,2.971845e-12,2.76661e-12
0.0001272177,2.97,2.97,1.2,0.004640474,2.963973,0.003559681,1.245733e-07,1.2,1.367921e-11,2.970015,0.1058776,8.662624e-06,1.2,3.38221e-10,-6.468389e-11,-4.23217e-12,-3.006827e-14,2.856095e-12,2.971845e-12,2.768974e-12
0.0001273177,2.97,2.97,1.2,0.00462763,2.963967,0.003562498,1.245979e-07,1.2,1.368198e-11,2.970015,0.105969,8.670247e-06,1.2,3.385186e-10,-6.474967e-11,-4.238832e-12,-3.014395e-14,2.857818e-12,2.971401e-12,2.771438e-12
0.0001274177,2.97,2.97,1.2,0.004614821,2.963961,0.003565315,1.245795e-07,1.2,1.367998e-11,2.970015,0.1060604,8.677946e-06,1.2,3.38819e-10,-6.481181e-11,-4.245049e-12,-3.027597e-14,2.85961e-12,2.971401e-12,2.773941e-12
0.0001275177,2.97,2.97,1.2,0.004602048,2.963955,0.003568131,1.246331e-07,1.2,1.368571e-11,2.970015,0.1061517,8.685715e-06,1.2,3.391222e-10,-6.487815e-11,-4.252598e-12,-3.03679e-14,2.861405e-12,2.970957e-12,2.776441e-12
0.0001276177,2.97,2.97,1.2,0.00458931,2.96395,0.003570946,1.246006e-07,1.2,1.368212e-11,2.970015,0.1062431,8.693527e-06,1.2,3.39427e-10,-6.494557e-11,-4.259704e-12,-3.060882e-14,2.865901e-12,2.970957e-12,2.778958e-12
0.0001277177,2.97,2.97,1.2,0.004576607,2.963944,0.003573761,1.24553e-07,1.2,1.367717e-11,2.970015,0.1063345,8.701423e-06,1.2,3.397351e-10,-6.501371e-11,-4.267253e-12,-3.073309e-14,2.867631e-12,2.971401e-12,2.781492e-12
0.0001278177,2.97,2.97,1.2,0.004563939,2.963938,0.003576574,1.245389e-07,1.2,1.367557e-11,2.970015,0.1064259,8.709341e-06,1.2,3.400441e-10,-6.508235e-11,-4.274359e-12,-3.088859e-14,2.86945e-12,2.970957e-12,2.784016e-12
0.0001279177,2.97,2.97,1.2,0.004551306,2.963932,0.003579387,1.245029e-07,1.2,1.367168e-11,2.970015,0.1065172,8.717283e-06,1.2,3.403539e-10,-6.515115e-11,-4.281908e-12,-3.108458e-14,2.871357e-12,2.970957e-12,2.786586e-12
0.0001280177,2.97,2.97,1.2,0.004538697,2.963926,0.003582199,1.244866e-07,1.2,1.366993e-11,2.970015,0.1066086,8.7253e-06,1.2,3.406669e-10,-6.522045e-11,-4.289014e-12,-3.126063e-14,2.873404e-12,2.971401e-12,2.789171e-12
0.0001281177,2.97,2.97,1.2,0.004526058,2.963921,0.003585011,1.244589e-07,1.2,1.366702e-11,2.970015,0.1066999,8.733194e-06,1.2,3.409749e-10,-6.529048e-11,-4.296563e-12,-3.140276e-14,2.87815e-12,2.971401e-12,2.791633e-12
0.0001282177,2.97,2.97,1.2,0.004513456,2.963915,0.003587821,1.244177e-07,1.2,1.366236e-11,2.970015,0.1067913,8.741098e-06,1.2,3.412833e-10,-6.536067e-11,-4.303669e-12,-3.160097e-14,2.882414e-12,2.970957e-12,2.794161e-12
0.0001283177,2.97,2.97,1.2,0.00450104,2.963909,0.003590631,1.24402e-07,1.2,1.366084e-11,2.970015,0.1068826,8.749053e-06,1.2,3.415939e-10,-6.542973e-11,-4.311218e-12,-3.177375e-14,2.884283e-12,2.970957e-12,2.796729e-12
0.0001284177,2.97,2.97,1.2,0.004500164,2.963903,0.003593444,1.245262e-07,1.2,1.367431e-11,2.970015,0.106974,8.757042e-06,1.2,3.419056e-10,-6.545173e-11,-4.313438e-12,-3.174069e-14,2.88612e-12,2.970957e-12,2.799304e-12
0.0001285177,2.97,2.97,1.2,0.004778534,2.963903,0.003596342,1.273636e-07,1.2,1.398156e-11,2.970015,0.1070653,8.765113e-06,1.2,3.422205e-10,-6.473739e-11,-4.237499e-12,-2.847104e-14,2.890591e-12,2.970957e-12,2.801918e-12
0.0001286177,2.97,2.97,1.2,0.004901136,2.963895,0.00359911,1.220878e-07,1.2,1.341015e-11,2.970015,0.1071567,8.773224e-06,1.2,3.425369e-10,-6.732866e-11,-4.513279e-12,-3.713413e-14,2.892575e-12,2.971401e-12,2.804509e-12
0.0001287177,2.97,2.97,1.2,0.004819195,2.96389,0.003601936,1.237037e-07,1.2,1.35852e-11,2.970015,0.107248,8.781399e-06,1.2,3.42856e-10,-6.857121e-11,-4.645173e-12,-3.861972e-14,2.894526e-12,2.971401e-12,2.807155e-12
0.0001287969,2.97,2.97,1.2,0.004808504,2.963886,0.003604165,1.241582e-07,1.2,1.363458e-11,2.970015,0.1073203,8.787804e-06,1.2,3.431061e-10,-6.911244e-11,-4.703349e-12,-3.950766e-14,2.896978e-12,2.971845e-12,2.809208e-12
0.0001288837,2.97,2.97,1.2,0.00479693,2.963881,0.003606602,1.243512e-07,1.2,1.365557e-11,2.970015,0.1073995,8.794731e-06,1.2,3.433762e-10,-6.924894e-11,-4.717116e-12,-3.96943e-14,2.897976e-12,2.970957e-12,2.811322e-12
0.0001289763,2.97,2.97,1.2,0.004784625,2.963876,0.0036092,1.244293e-07,1.2,1.36642e-11,2.970015,0.1074841,8.802252e-06,1.2,3.436698e-10,-6.927436e-11,-4.71978e-12,-3.964659e-14,2.900693e-12,2.970957e-12,2.813714e-12
0.0001290763,2.97,2.97,1.2,0.004771378,2.96387,0.003612004,1.243904e-07,1.2,1.365966e-11,2.970015,0.1075754,8.810264e-06,1.2,3.439824e-10,-6.927597e-11,-4.720224e-12,-3.972164e-14,2.902512e-12,2.971401e-12,2.8163e-12
0.0001291763,2.97,2.97,1.2,0.00475817,2.963864,0.003614807,1.24372e-07,1.2,1.365771e-11,2.970015,0.1076667,8.818354e-06,1.2,3.442982e-10,-6.927931e-11,-4.720668e-12,-3.975317e-14,2.904307e-12,2.971401e-12,2.818905e-12
0.0001292763,2.97,2.97,1.2,0.004744999,2.963858,0.003617609,1.2432e-07,1.2,1.365207e-11,2.970015,0.107758,8.826496e-06,1.2,3.44616e-10,-6.929029e-11,-4.722001e-12,-3.984851e-14,2.906269e-12,2.971401e-12,2.821531e-12
0.0001293763,2.97,2.97,1.2,0.004731865,2.963852,0.00362041,1.243365e-07,1.2,1.365386e-11,2.970015,0.1078493,8.834655e-06,1.2,3.449343e-10,-6.931407e-11,-4.724665e-12,-3.986456e-14,2.910593e-12,2.970957e-12,2.82415e-12
0.0001294763,2.97,2.97,1.2,0.004718768,2.963847,0.00362321,1.243566e-07,1.2,1.365616e-11,2.970015,0.1079406,8.842859e-06,1.2,3.452543e-10,-6.934578e-11,-4.728218e-12,-3.995009e-14,2.917702e-12,2.970957e-12,2.826781e-12
0.0001295763,2.97,2.97,1.2,0.004705707,2.963841,0.00362601,1.242711e-07,1.2,1.364676e-11,2.970015,0.1080319,8.851086e-06,1.2,3.455755e-10,-6.938576e-11,-4.732215e-12,-4.010763e-14,2.919732e-12,2.971401e-12,2.829415e-12
0.0001296763,2.97,2.97,1.2,0.004692682,2.963835,0.003628809,1.242325e-07,1.2,1.364261e-11,2.970015,0.1081232,8.859383e-06,1.2,3.458993e-10,-6.943553e-11,-4.7371e-12,-4.022903e-14,2.92143e-12,2.971401e-12,2.832092e-12
0.0001297763,2.97,2.97,1.2,0.004679693,2.963829,0.003631607,1.241911e-07,1.2,1.363814e-11,2.970015,0.1082145,8.867701e-06,1.2,3.462237e-10,-6.948922e-11,-4.743761e-12,-4.036072e-14,2.923532e-12,2.971401e-12,2.834766e-12
0.0001298763,2.97,2.97,1.2,0.00466674,2.963823,0.003634405,1.242802e-07,1.2,1.364785e-11,2.970015,0.1083058,8.876046e-06,1.2,3.465494e-10,-6.954723e-11,-4.749978e-12,-4.045243e-14,2.927928e-12,2.970957e-12,2.837438e-12
0.0001299763,2.97,2.97,1.2,0.004653823,2.963818,0.003637202,1.242791e-07,1.2,1.36476e-11,2.970015,0.1083971,8.884375e-06,1.2,3.468745e-10,-6.960871e-11,-4.756195e-12,-4.055056e-14,2.930045e-12,2.970957e-12,2.84008e-12
0.0001300763,2.97,2.97,1.2,0.004640941,2.963812,0.003639998,1.242974e-07,1.2,1.364973e-11,2.970015,0.1084883,8.892708e-06,1.2,3.471996e-10,-6.967299e-11,-4.762857e-12,-4.067201e-14,2.931702e-12,2.970957e-12,2.842753e-12
0.0001301763,2.97,2.97,1.2,0.004628096,2.963806,0.003642793,1.241964e-07,1.2,1.363885e-11,2.970015,0.1085796,8.901083e-06,1.2,3.475266e-10,-6.973944e-11,-4.769518e-12,-4.092334e-14,2.933734e-12,2.970957e-12,2.84545e-12
0.0001302763,2.97,2.97,1.2,0.004615285,2.9638,0.003645587,1.242713e-07,1.2,1.364689e-11,2.970015,0.1086709,8.909515e-06,1.2,3.478555e-10,-6.980784e-11,-4.776624e-12,-4.10277e-14,2.935468e-12,2.970957e-12,2.848174e-12
0.0001303763,2.97,2.97,1.2,0.00460251,2.963794,0.003648381,1.241707e-07,1.2,1.363591e-11,2.970015,0.1087621,8.917981e-06,1.2,3.481859e-10,-6.987704e-11,-4.785061e-12,-4.123881e-14,2.940225e-12,2.971401e-12,2.850883e-12
0.0001304763,2.97,2.97,1.2,0.004589771,2.963789,0.003651174,1.242018e-07,1.2,1.363925e-11,2.970015,0.1088534,8.926464e-06,1.2,3.485169e-10,-6.994742e-11,-4.792167e-12,-4.134168e-14,2.942057e-12,2.970957e-12,2.853606e-12
0.0001305763,2.97,2.97,1.2,0.004577066,2.963783,0.003653966,1.241659e-07,1.2,1.363533e-11,2.970015,0.1089447,8.934796e-06,1.2,3.488421e-10,-7.0019e-11,-4.799716e-12,-4.154665e-14,2.944028e-12,2.971401e-12,2.856174e-12
0.0001306763,2.97,2.97,1.2,0.004564397,2.963777,0.003656757,1.241468e-07,1.2,1.363329e-11,2.970015,0.1090359,8.943259e-06,1.2,3.491724e-10,-7.009054e-11,-4.807266e-12,-4.173007e-14,2.94837e-12,2.971401e-12,2.858894e-12
0.0001307763,2.97,2.97,1.2,0.004551762,2.963771,0.003659548,1.24173e-07,1.2,1.363617e-11,2.970015,0.1091271,8.951689e-06,1.2,3.495014e-10,-7.016258e-11,-4.814815e-12,-4.183137e-14,2.952951e-12,2.971401e-12,2.86171e-12
0.0001308763,2.97,2.97,1.2,0.004539151,2.963765,0.003662338,1.241466e-07,1.2,1.363327e-11,2.970015,0.1092184,8.960156e-06,1.2,3.498316e-10,-7.023531e-11,-4.822365e-12,-4.202249e-14,2.955055e-12,2.970957e-12,2.864335e-12
0.0001309763,2.97,2.97,1.2,0.004526511,2.96376,0.003665127,1.24083e-07,1.2,1.362649e-11,2.970015,0.1093096,8.968684e-06,1.2,3.501646e-10,-7.030885e-11,-4.829914e-12,-4.223746e-14,2.956741e-12,2.970957e-12,2.86717e-12
0.0001310763,2.97,2.97,1.2,0.004513907,2.963754,0.003667915,1.241086e-07,1.2,1.362926e-11,2.970015,0.1094009,8.977286e-06,1.2,3.505003e-10,-7.038157e-11,-4.838352e-12,-4.234818e-14,2.958681e-12,2.970957e-12,2.869939e-12
0.0001311763,2.97,2.97,1.2,0.004501494,2.963748,0.003670703,1.241477e-07,1.2,1.363341e-11,2.970015,0.1094921,8.985849e-06,1.2,3.508344e-10,-7.045317e-11,-4.845457e-12,-4.247074e-14,2.963409e-12,2.971401e-12,2.872563e-12
0.0001312763,2.97,2.97,1.2,0.004500889,2.963743,0.003673494,1.242454e-07,1.2,1.364399e-11,2.970015,0.1095833,8.99437e-06,1.2,3.51167e-10,-7.04768e-11,-4.848122e-12,-4.248552e-14,2.965122e-12,2.970957e-12,2.875299e-12
0.0001313763,2.97,2.97,1.2,0.004782974,2.963742,0.003676371,1.271277e-07,1.2,1.395635e-11,2.970015,0.1096745,9.00307e-06,1.2,3.515064e-10,-6.976086e-11,-4.771739e-12,-3.919195e-14,2.967229e-12,2.970957e-12,2.878098e-12
0.0001314763,2.97,2.97,1.2,0.004898798,2.963734,0.003679114,1.218209e-07,1.2,1.338161e-11,2.970015,0.1097657,9.011658e-06,1.2,3.518415e-10,-7.234181e-11,-5.04663e-12,-4.784328e-14,2.969046e-12,2.970957e-12,2.880835e-12
0.0001315763,2.97,2.97,1.2,0.004819552,2.963729,0.003681919,1.233772e-07,1.2,1.355044e-11,2.970015,0.109857,9.020337e-06,1.2,3.521802e-10,-7.362389e-11,-5.182965e-12,-4.947878e-14,2.973538e-12,2.971401e-12,2.883731e-12
0.000131656,2.97,2.97,1.2,0.004808782,2.963725,0.003684148,1.239457e-07,1.2,1.361208e-11,2.970015,0.1099297,9.027365e-06,1.2,3.524544e-10,-7.41879e-11,-5.242917e-12,-5.031499e-14,2.97574e-12,2.970957e-12,2.885848e-12
0.0001317424,2.97,2.97,1.2,0.004797263,2.96372,0.003686554,1.240825e-07,1.2,1.36268e-11,2.970015,0.1100085,9.035019e-06,1.2,3.527531e-10,-7.433143e-11,-5.25846e-12,-5.054407e-14,2.977884e-12,2.971401e-12,2.888411e-12
0.0001318337,2.97,2.97,1.2,0.004785128,2.963715,0.003689095,1.240738e-07,1.2,1.362591e-11,2.970015,0.1100918,9.043056e-06,1.2,3.530667e-10,-7.436355e-11,-5.261569e-12,-5.059674e-14,2.982154e-12,2.970957e-12,2.890894e-12
0.0001319337,2.97,2.97,1.2,0.00477188,2.963709,0.003691877,1.241728e-07,1.2,1.363661e-11,2.970015,0.110183,9.051756e-06,1.2,3.534064e-10,-7.436611e-11,-5.261569e-12,-5.056393e-14,2.984015e-12,2.970957e-12,2.893673e-12
0.0001320337,2.97,2.97,1.2,0.00475867,2.963703,0.003694658,1.240878e-07,1.2,1.362754e-11,2.970015,0.1102741,9.060507e-06,1.2,3.537478e-10,-7.437144e-11,-5.262457e-12,-5.06326e-14,2.988728e-12,2.971401e-12,2.896516e-12
0.0001321337,2.97,2.97,1.2,0.004745498,2.963697,0.003697438,1.240652e-07,1.2,1.362505e-11,2.970015,0.1103653,9.069333e-06,1.2,3.540923e-10,-7.438408e-11,-5.263789e-12,-5.069144e-14,2.990524e-12,2.971401e-12,2.899349e-12
0.0001322337,2.97,2.97,1.2,0.004732362,2.963691,0.003700217,1.240828e-07,1.2,1.36269e-11,2.970015,0.1104565,9.078196e-06,1.2,3.544381e-10,-7.440701e-11,-5.26601e-12,-5.074074e-14,2.992705e-12,2.971401e-12,2.902199e-12
0.0001323337,2.97,2.97,1.2,0.004719263,2.963686,0.003702995,1.241547e-07,1.2,1.363464e-11,2.970015,0.1105477,9.087097e-06,1.2,3.547854e-10,-7.444328e-11,-5.270451e-12,-5.073442e-14,2.994653e-12,2.970957e-12,2.905064e-12
0.0001324337,2.97,2.97,1.2,0.0047062,2.96368,0.003705773,1.240504e-07,1.2,1.362334e-11,2.970015,0.1106389,9.096053e-06,1.2,3.551347e-10,-7.448531e-11,-5.274448e-12,-5.094923e-14,2.999105e-12,2.970957e-12,2.907931e-12
0.0001325337,2.97,2.97,1.2,0.004693173,2.963674,0.00370855,1.239955e-07,1.2,1.361742e-11,2.970015,0.11073,9.105007e-06,1.2,3.554845e-10,-7.453503e-11,-5.280221e-12,-5.112629e-14,3.001232e-12,2.971401e-12,2.910806e-12
0.0001326337,2.97,2.97,1.2,0.004680183,2.963668,0.003711326,1.24024e-07,1.2,1.362052e-11,2.970015,0.1108212,9.114027e-06,1.2,3.558363e-10,-7.459328e-11,-5.285994e-12,-5.120649e-14,3.003115e-12,2.970957e-12,2.913714e-12
0.0001327337,2.97,2.97,1.2,0.004667228,2.963662,0.003714101,1.240351e-07,1.2,1.362169e-11,2.970015,0.1109124,9.122881e-06,1.2,3.561819e-10,-7.465365e-11,-5.292211e-12,-5.131458e-14,3.005312e-12,2.970957e-12,2.916441e-12
0.0001328337,2.97,2.97,1.2,0.004654309,2.963657,0.003716876,1.239714e-07,1.2,1.361479e-11,2.970015,0.1110035,9.131741e-06,1.2,3.565276e-10,-7.471749e-11,-5.299761e-12,-5.15295e-14,3.009982e-12,2.970957e-12,2.9193e-12
0.0001329337,2.97,2.97,1.2,0.004641426,2.963651,0.00371965,1.239393e-07,1.2,1.361138e-11,2.970015,0.1110947,9.140692e-06,1.2,3.568768e-10,-7.478421e-11,-5.306866e-12,-5.167976e-14,3.014413e-12,2.970957e-12,2.922209e-12
0.0001330337,2.97,2.97,1.2,0.004628579,2.963645,0.003722423,1.239316e-07,1.2,1.36105e-11,2.970015,0.1111858,9.149741e-06,1.2,3.5723e-10,-7.485308e-11,-5.313971e-12,-5.185591e-14,3.019241e-12,2.971401e-12,2.925138e-12
0.0001331337,2.97,2.97,1.2,0.004615767,2.963639,0.003725195,1.239149e-07,1.2,1.360874e-11,2.970015,0.111277,9.158835e-06,1.2,3.575849e-10,-7.492417e-11,-5.321521e-12,-5.20059e-14,3.021087e-12,2.970957e-12,2.92804e-12
0.0001332337,2.97,2.97,1.2,0.00460299,2.963634,0.003727967,1.239265e-07,1.2,1.360998e-11,2.970015,0.1113681,9.167906e-06,1.2,3.579389e-10,-7.499593e-11,-5.329071e-12,-5.214492e-14,3.0258e-12,2.971401e-12,2.930834e-12
0.0001333337,2.97,2.97,1.2,0.004590249,2.963628,0.003730738,1.23852e-07,1.2,1.360193e-11,2.970015,0.1114593,9.176792e-06,1.2,3.582856e-10,-7.506907e-11,-5.33662e-12,-5.238435e-14,3.02799e-12,2.970957e-12,2.933693e-12
0.0001334337,2.97,2.97,1.2,0.004577543,2.963622,0.003733508,1.238874e-07,1.2,1.360576e-11,2.970015,0.1115504,9.185758e-06,1.2,3.586354e-10,-7.514286e-11,-5.34417e-12,-5.250675e-14,3.030076e-12,2.970957e-12,2.9366e-12
0.0001335337,2.97,2.97,1.2,0.004564871,2.963616,0.003736277,1.239301e-07,1.2,1.361036e-11,2.970015,0.1116415,9.194797e-06,1.2,3.589882e-10,-7.521721e-11,-5.352607e-12,-5.262467e-14,3.032026e-12,2.970957e-12,2.939501e-12
0.0001336337,2.97,2.97,1.2,0.004552235,2.96361,0.003739046,1.238961e-07,1.2,1.360669e-11,2.970015,0.1117327,9.2039e-06,1.2,3.593435e-10,-7.529142e-11,-5.360601e-12,-5.28165e-14,3.036805e-12,2.970957e-12,2.942439e-12
0.0001337337,2.97,2.97,1.2,0.004539623,2.963605,0.003741814,1.238121e-07,1.2,1.359767e-11,2.970015,0.1118238,9.213014e-06,1.2,3.596992e-10,-7.536666e-11,-5.368594e-12,-5.304975e-14,3.038668e-12,2.971845e-12,2.945365e-12
0.0001338337,2.97,2.97,1.2,0.00452698,2.963599,0.003744581,1.238414e-07,1.2,1.360065e-11,2.970015,0.1119149,9.222179e-06,1.2,3.600567e-10,-7.544306e-11,-5.376588e-12,-5.318233e-14,3.040687e-12,2.971401e-12,2.948293e-12
0.0001339337,2.97,2.97,1.2,0.004514375,2.963593,0.003747347,1.238708e-07,1.2,1.360398e-11,2.970015,0.112006,9.231391e-06,1.2,3.604162e-10,-7.551755e-11,-5.385026e-12,-5.3308e-14,3.042791e-12,2.971845e-12,2.951252e-12
0.0001340337,2.97,2.97,1.2,0.00450196,2.963587,0.003750113,1.238139e-07,1.2,1.359784e-11,2.970015,0.1120971,9.240638e-06,1.2,3.60777e-10,-7.559242e-11,-5.392575e-12,-5.353156e-14,3.05016e-12,2.971401e-12,2.954236e-12
0.0001341337,2.97,2.97,1.2,0.004501394,2.963582,0.003752882,1.239448e-07,1.2,1.361203e-11,2.970015,0.1121882,9.24994e-06,1.2,3.6114e-10,-7.561856e-11,-5.39524e-12,-5.351124e-14,3.052295e-12,2.970957e-12,2.957218e-12
0.0001342337,2.97,2.97,1.2,0.004783659,2.963581,0.003755737,1.267815e-07,1.2,1.391922e-11,2.970015,0.1122793,9.25926e-06,1.2,3.615037e-10,-7.490529e-11,-5.318856e-12,-5.028677e-14,3.054441e-12,2.971401e-12,2.960201e-12
0.0001343337,2.97,2.97,1.2,0.004899027,2.963573,0.003758459,1.21431e-07,1.2,1.333955e-11,2.970015,0.1123704,9.268634e-06,1.2,3.618695e-10,-7.748382e-11,-5.593748e-12,-5.892564e-14,3.056401e-12,2.971401e-12,2.963225e-12
0.0001344337,2.97,2.97,1.2,0.004819944,2.963568,0.003761241,1.229646e-07,1.2,1.350596e-11,2.970015,0.1124615,9.277851e-06,1.2,3.622292e-10,-7.876992e-11,-5.730527e-12,-6.064126e-14,3.061177e-12,2.971401e-12,2.966072e-12
0.0001345135,2.97,2.97,1.2,0.004809169,2.963564,0.003763453,1.235653e-07,1.2,1.357108e-11,2.970015,0.1125342,9.285212e-06,1.2,3.625163e-10,-7.933992e-11,-5.790923e-12,-6.140734e-14,3.063264e-12,2.971401e-12,2.968574e-12
0.0001345997,2.97,2.97,1.2,0.004797677,2.963559,0.003765835,1.23669e-07,1.2,1.358223e-11,2.970015,0.1126127,9.293291e-06,1.2,3.628318e-10,-7.948797e-11,-5.806466e-12,-6.166828e-14,3.064239e-12,2.971401e-12,2.971033e-12
0.0001346907,2.97,2.97,1.2,0.004785579,2.963554,0.003768349,1.237777e-07,1.2,1.359415e-11,2.970015,0.1126956,9.301761e-06,1.2,3.631623e-10,-7.952163e-11,-5.810019e-12,-6.163875e-14,3.066606e-12,2.970957e-12,2.973757e-12
0.0001347907,2.97,2.97,1.2,0.00477233,2.963548,0.003771108,1.238017e-07,1.2,1.359662e-11,2.970015,0.1127867,9.311101e-06,1.2,3.635268e-10,-7.952655e-11,-5.810907e-12,-6.16611e-14,3.068648e-12,2.971401e-12,2.976756e-12
0.0001348907,2.97,2.97,1.2,0.004759118,2.963542,0.003773867,1.237722e-07,1.2,1.359345e-11,2.970015,0.1128777,9.320479e-06,1.2,3.638927e-10,-7.953415e-11,-5.811351e-12,-6.172477e-14,3.073397e-12,2.971401e-12,2.979782e-12
0.0001349907,2.97,2.97,1.2,0.004745944,2.963536,0.003776625,1.237681e-07,1.2,1.359299e-11,2.970015,0.1129688,9.329896e-06,1.2,3.642602e-10,-7.954954e-11,-5.813128e-12,-6.177706e-14,3.075491e-12,2.970957e-12,2.982793e-12
0.0001350907,2.97,2.97,1.2,0.004732807,2.963531,0.003779382,1.237495e-07,1.2,1.3591e-11,2.970015,0.1130599,9.339471e-06,1.2,3.646337e-10,-7.957806e-11,-5.81668e-12,-6.183594e-14,3.08012e-12,2.970957e-12,2.985837e-12
0.0001351907,2.97,2.97,1.2,0.004719706,2.963525,0.003782139,1.237198e-07,1.2,1.358773e-11,2.970015,0.1131509,9.348927e-06,1.2,3.650027e-10,-7.961419e-11,-5.820677e-12,-6.195789e-14,3.082227e-12,2.971401e-12,2.988889e-12
0.0001352907,2.97,2.97,1.2,0.004706641,2.963519,0.003784895,1.237004e-07,1.2,1.358564e-11,2.970015,0.113242,9.358416e-06,1.2,3.653732e-10,-7.965916e-11,-5.824674e-12,-6.207274e-14,3.087082e-12,2.970957e-12,2.991935e-12
0.0001353907,2.97,2.97,1.2,0.004693613,2.963513,0.00378765,1.236845e-07,1.2,1.358388e-11,2.970015,0.113333,9.367974e-06,1.2,3.657461e-10,-7.971396e-11,-5.830447e-12,-6.222512e-14,3.089212e-12,2.971401e-12,2.995015e-12
0.0001354907,2.97,2.97,1.2,0.004680621,2.963507,0.003790404,1.236638e-07,1.2,1.358173e-11,2.970015,0.1134241,9.37755e-06,1.2,3.661199e-10,-7.977238e-11,-5.836664e-12,-6.232532e-14,3.091336e-12,2.970957e-12,2.998079e-12
0.0001355907,2.97,2.97,1.2,0.004667665,2.963502,0.003793158,1.23708e-07,1.2,1.358658e-11,2.970015,0.1135151,9.387167e-06,1.2,3.664951e-10,-7.983509e-11,-5.84377e-12,-6.245424e-14,3.098779e-12,2.970957e-12,3.00115e-12
0.0001356907,2.97,2.97,1.2,0.004654744,2.963496,0.00379591,1.23644e-07,1.2,1.357952e-11,2.970015,0.1136062,9.396789e-06,1.2,3.668705e-10,-7.990175e-11,-5.851319e-12,-6.26464e-14,3.100953e-12,2.971845e-12,3.004239e-12
0.0001357907,2.97,2.97,1.2,0.00464186,2.96349,0.003798663,1.236621e-07,1.2,1.358165e-11,2.970015,0.1136972,9.406463e-06,1.2,3.672481e-10,-7.997113e-11,-5.858425e-12,-6.279546e-14,3.103118e-12,2.971401e-12,3.007361e-12
0.0001358907,2.97,2.97,1.2,0.004629011,2.963484,0.003801414,1.23654e-07,1.2,1.358078e-11,2.970015,0.1137882,9.41618e-06,1.2,3.676274e-10,-8.004273e-11,-5.865974e-12,-6.296661e-14,3.105194e-12,2.971401e-12,3.010463e-12
0.0001359907,2.97,2.97,1.2,0.004616197,2.963478,0.003804165,1.236111e-07,1.2,1.3576e-11,2.970015,0.1138793,9.425917e-06,1.2,3.680073e-10,-8.011627e-11,-5.873968e-12,-6.313372e-14,3.10991e-12,2.971401e-12,3.01358e-12
0.0001360907,2.97,2.97,1.2,0.004603419,2.963473,0.003806915,1.23553e-07,1.2,1.35697e-11,2.970015,0.1139703,9.435681e-06,1.2,3.683884e-10,-8.019084e-11,-5.881517e-12,-6.335239e-14,3.112006e-12,2.970957e-12,3.016716e-12
0.0001361907,2.97,2.97,1.2,0.004590676,2.963467,0.003809664,1.235642e-07,1.2,1.357092e-11,2.970015,0.1140613,9.4455e-06,1.2,3.687714e-10,-8.026628e-11,-5.889511e-12,-6.349298e-14,3.116671e-12,2.970957e-12,3.019868e-12
0.0001362907,2.97,2.97,1.2,0.004577968,2.963461,0.003812412,1.236057e-07,1.2,1.357539e-11,2.970015,0.1141523,9.455159e-06,1.2,3.691484e-10,-8.034301e-11,-5.897949e-12,-6.360646e-14,3.118743e-12,2.971401e-12,3.022864e-12
0.0001363907,2.97,2.97,1.2,0.004565296,2.963455,0.00381516,1.235355e-07,1.2,1.35678e-11,2.970015,0.1142433,9.464955e-06,1.2,3.695308e-10,-8.041968e-11,-5.906386e-12,-6.385455e-14,3.12379e-12,2.971401e-12,3.025979e-12
0.0001364907,2.97,2.97,1.2,0.004552658,2.963449,0.003817907,1.235049e-07,1.2,1.356453e-11,2.970015,0.1143343,9.474593e-06,1.2,3.699068e-10,-8.04968e-11,-5.914824e-12,-6.403843e-14,3.125835e-12,2.970957e-12,3.029112e-12
0.0001365907,2.97,2.97,1.2,0.004540044,2.963444,0.003820653,1.235755e-07,1.2,1.357213e-11,2.970015,0.1144253,9.484488e-06,1.2,3.70293e-10,-8.057405e-11,-5.922374e-12,-6.413217e-14,3.128135e-12,2.971401e-12,3.032295e-12
0.0001366907,2.97,2.97,1.2,0.0045274,2.963438,0.003823398,1.234705e-07,1.2,1.356087e-11,2.970015,0.1145163,9.494261e-06,1.2,3.706743e-10,-8.065378e-11,-5.931255e-12,-6.444492e-14,3.130354e-12,2.971401e-12,3.035419e-12
0.0001367907,2.97,2.97,1.2,0.004514793,2.963432,0.003826143,1.233584e-07,1.2,1.354882e-11,2.970015,0.1146073,9.504063e-06,1.2,3.710569e-10,-8.073267e-11,-5.938805e-12,-6.467424e-14,3.135152e-12,2.971401e-12,3.038572e-12
0.0001368907,2.97,2.97,1.2,0.004502377,2.963426,0.003828887,1.233485e-07,1.2,1.354771e-11,2.970015,0.1146983,9.513998e-06,1.2,3.714446e-10,-8.080978e-11,-5.947243e-12,-6.485559e-14,3.137452e-12,2.970957e-12,3.041899e-12
0.0001369907,2.97,2.97,1.2,0.004501789,2.963421,0.003831634,1.235279e-07,1.2,1.356715e-11,2.970015,0.1147893,9.523949e-06,1.2,3.718329e-10,-8.083827e-11,-5.950795e-12,-6.474984e-14,3.139509e-12,2.970957e-12,3.044941e-12
0.0001370907,2.97,2.97,1.2,0.004783812,2.96342,0.003834468,1.263989e-07,1.2,1.387801e-11,2.970015,0.1148803,9.533876e-06,1.2,3.722201e-10,-8.012615e-11,-5.874856e-12,-6.151063e-14,3.144458e-12,2.971401e-12,3.048143e-12
0.0001371907,2.97,2.97,1.2,0.004899635,2.963412,0.003837168,1.209967e-07,1.2,1.329296e-11,2.970015,0.1149713,9.543819e-06,1.2,3.726082e-10,-8.271031e-11,-6.149747e-12,-7.025081e-14,3.149291e-12,2.971401e-12,3.051304e-12
0.0001372907,2.97,2.97,1.2,0.004820372,2.963407,0.003839929,1.227035e-07,1.2,1.3478e-11,2.970015,0.1150623,9.553924e-06,1.2,3.730025e-10,-8.399692e-11,-6.286527e-12,-7.178305e-14,3.151563e-12,2.970957e-12,3.054559e-12
0.0001373704,2.97,2.97,1.2,0.004809601,2.963403,0.003842122,1.232398e-07,1.2,1.353619e-11,2.970015,0.1151348,9.561997e-06,1.2,3.733177e-10,-8.456637e-11,-6.346923e-12,-7.260961e-14,3.155327e-12,2.971401e-12,3.057186e-12
0.0001374564,2.97,2.97,1.2,0.004798134,2.963398,0.00384448,1.233247e-07,1.2,1.354555e-11,2.970015,0.115213,9.570811e-06,1.2,3.736616e-10,-8.471888e-11,-6.36291e-12,-7.289253e-14,3.159393e-12,2.970957e-12,3.059965e-12
0.0001375458,2.97,2.97,1.2,0.004786257,2.963393,0.003846928,1.234169e-07,1.2,1.355535e-11,2.970015,0.1152943,9.579924e-06,1.2,3.74017e-10,-8.47555e-11,-6.366907e-12,-7.289033e-14,3.159954e-12,2.971401e-12,3.062827e-12
0.0001376458,2.97,2.97,1.2,0.004773005,2.963387,0.003849666,1.233972e-07,1.2,1.355321e-11,2.970015,0.1153852,9.589938e-06,1.2,3.74408e-10,-8.476165e-11,-6.368239e-12,-7.29761e-14,3.164484e-12,2.971845e-12,3.066087e-12
0.0001377458,2.97,2.97,1.2,0.004759791,2.963381,0.003852403,1.233966e-07,1.2,1.355321e-11,2.970015,0.1154762,9.60003e-06,1.2,3.748016e-10,-8.477217e-11,-6.369127e-12,-7.300053e-14,3.166722e-12,2.970957e-12,3.069327e-12
0.0001378458,2.97,2.97,1.2,0.004746615,2.963376,0.00385514,1.23458e-07,1.2,1.355979e-11,2.970015,0.1155671,9.610173e-06,1.2,3.751976e-10,-8.478996e-11,-6.370904e-12,-7.298209e-14,3.17147e-12,2.971401e-12,3.072592e-12
0.0001379458,2.97,2.97,1.2,0.004733475,2.96337,0.003857876,1.233898e-07,1.2,1.35526e-11,2.970015,0.1156581,9.620378e-06,1.2,3.755959e-10,-8.482116e-11,-6.374457e-12,-7.313157e-14,3.17358e-12,2.971401e-12,3.075876e-12
0.0001380458,2.97,2.97,1.2,0.004720372,2.963364,0.003860611,1.233778e-07,1.2,1.355132e-11,2.970015,0.115749,9.630657e-06,1.2,3.759969e-10,-8.486029e-11,-6.378453e-12,-7.322865e-14,3.175865e-12,2.971401e-12,3.079196e-12
0.0001381458,2.97,2.97,1.2,0.004707306,2.963358,0.003863345,1.233679e-07,1.2,1.355018e-11,2.970015,0.11584,9.641003e-06,1.2,3.764008e-10,-8.491026e-11,-6.383782e-12,-7.337293e-14,3.180697e-12,2.971401e-12,3.082521e-12
0.0001382458,2.97,2.97,1.2,0.004694275,2.963352,0.003866078,1.232801e-07,1.2,1.354057e-11,2.970015,0.1159309,9.651403e-06,1.2,3.768063e-10,-8.496556e-11,-6.389556e-12,-7.355153e-14,3.185468e-12,2.971401e-12,3.085874e-12
0.0001383458,2.97,2.97,1.2,0.004681281,2.963347,0.003868811,1.232924e-07,1.2,1.354207e-11,2.970015,0.1160218,9.661798e-06,1.2,3.772121e-10,-8.502677e-11,-6.396217e-12,-7.367148e-14,3.187617e-12,2.971401e-12,3.089182e-12
0.0001384458,2.97,2.97,1.2,0.004668322,2.963341,0.003871543,1.233318e-07,1.2,1.354629e-11,2.970015,0.1161128,9.672247e-06,1.2,3.7762e-10,-8.509215e-11,-6.403322e-12,-7.3778e-14,3.190045e-12,2.970957e-12,3.092541e-12
0.0001385458,2.97,2.97,1.2,0.0046554,2.963335,0.003874275,1.233728e-07,1.2,1.355069e-11,2.970015,0.1162037,9.682645e-06,1.2,3.780256e-10,-8.516375e-11,-6.410872e-12,-7.388574e-14,3.194655e-12,2.970957e-12,3.095676e-12
0.0001386458,2.97,2.97,1.2,0.004642513,2.963329,0.003877005,1.233274e-07,1.2,1.35458e-11,2.970015,0.1162946,9.692755e-06,1.2,3.784202e-10,-8.52352e-11,-6.418421e-12,-7.408498e-14,3.197304e-12,2.971401e-12,3.098955e-12
0.0001387458,2.97,2.97,1.2,0.004629662,2.963323,0.003879735,1.23323e-07,1.2,1.354533e-11,2.970015,0.1163855,9.702984e-06,1.2,3.788193e-10,-8.530896e-11,-6.426415e-12,-7.424055e-14,3.199476e-12,2.971401e-12,3.102274e-12
0.0001388458,2.97,2.97,1.2,0.004616846,2.963318,0.003882465,1.232882e-07,1.2,1.35415e-11,2.970015,0.1164764,9.713311e-06,1.2,3.792222e-10,-8.538482e-11,-6.434409e-12,-7.449639e-14,3.20182e-12,2.970957e-12,3.105601e-12
0.0001389458,2.97,2.97,1.2,0.004604065,2.963312,0.003885193,1.23285e-07,1.2,1.354109e-11,2.970015,0.1165673,9.723696e-06,1.2,3.796276e-10,-8.546136e-11,-6.442402e-12,-7.460536e-14,3.209361e-12,2.970957e-12,3.10895e-12
0.0001390458,2.97,2.97,1.2,0.00459132,2.963306,0.003887921,1.231838e-07,1.2,1.353009e-11,2.970015,0.1166582,9.734165e-06,1.2,3.800363e-10,-8.553939e-11,-6.450396e-12,-7.488277e-14,3.211706e-12,2.971401e-12,3.112317e-12
0.0001391458,2.97,2.97,1.2,0.004578611,2.9633,0.003890648,1.23211e-07,1.2,1.353305e-11,2.970015,0.1167491,9.744704e-06,1.2,3.804474e-10,-8.562051e-11,-6.458833e-12,-7.502667e-14,3.216697e-12,2.971401e-12,3.115716e-12
0.0001392458,2.97,2.97,1.2,0.004565936,2.963295,0.003893374,1.231879e-07,1.2,1.353054e-11,2.970015,0.11684,9.755107e-06,1.2,3.808535e-10,-8.569942e-11,-6.467715e-12,-7.523432e-14,3.221704e-12,2.971401e-12,3.118954e-12
0.0001393458,2.97,2.97,1.2,0.004553296,2.963289,0.0038961,1.231559e-07,1.2,1.352716e-11,2.970015,0.1169309,9.765516e-06,1.2,3.812596e-10,-8.577909e-11,-6.476597e-12,-7.540456e-14,3.224011e-12,2.970957e-12,3.12231e-12
0.0001394458,2.97,2.97,1.2,0.00454068,2.963283,0.003898825,1.23149e-07,1.2,1.352638e-11,2.970015,0.1170218,9.775981e-06,1.2,3.816679e-10,-8.585858e-11,-6.484591e-12,-7.558101e-14,3.226356e-12,2.970957e-12,3.125659e-12
0.0001395458,2.97,2.97,1.2,0.004528035,2.963277,0.003901549,1.231836e-07,1.2,1.353015e-11,2.970015,0.1171127,9.786499e-06,1.2,3.820784e-10,-8.593866e-11,-6.493028e-12,-7.570383e-14,3.228703e-12,2.971401e-12,3.129074e-12
0.0001396458,2.97,2.97,1.2,0.004515426,2.963271,0.003904272,1.232528e-07,1.2,1.353777e-11,2.970015,0.1172035,9.797097e-06,1.2,3.824921e-10,-8.601923e-11,-6.50191e-12,-7.581861e-14,3.233833e-12,2.970957e-12,3.132474e-12
0.0001397458,2.97,2.97,1.2,0.004502993,2.963266,0.003906995,1.231882e-07,1.2,1.353059e-11,2.970015,0.1172944,9.807713e-06,1.2,3.829062e-10,-8.609878e-11,-6.509904e-12,-7.605501e-14,3.236192e-12,2.970957e-12,3.135866e-12
0.0001398458,2.97,2.97,1.2,0.004501483,2.96326,0.00390972,1.232868e-07,1.2,1.354127e-11,2.970015,0.1173853,9.818391e-06,1.2,3.833229e-10,-8.613365e-11,-6.513456e-12,-7.608518e-14,3.238531e-12,2.971401e-12,3.13929e-12
0.0001399458,2.97,2.97,1.2,0.004770747,2.963259,0.003912529,1.26097e-07,1.2,1.384588e-11,2.970015,0.1174761,9.829075e-06,1.2,3.837399e-10,-8.544094e-11,-6.440182e-12,-7.286248e-14,3.243598e-12,2.971401e-12,3.142707e-12
0.0001400458,2.97,2.97,1.2,0.004910138,2.963251,0.003915215,1.210029e-07,1.2,1.329402e-11,2.970015,0.117567,9.839792e-06,1.2,3.841579e-10,-8.80689e-11,-6.719958e-12,-8.150771e-14,3.248678e-12,2.970957e-12,3.146144e-12
0.0001401458,2.97,2.97,1.2,0.00482134,2.963247,0.003917953,1.225344e-07,1.2,1.345993e-11,2.970015,0.1176578,9.850533e-06,1.2,3.845771e-10,-8.921953e-11,-6.842082e-12,-8.291263e-14,3.25091e-12,2.970957e-12,3.149587e-12
0.0001402236,2.97,2.97,1.2,0.004810811,2.963242,0.003920076,1.229923e-07,1.2,1.350965e-11,2.970015,0.1177285,9.858929e-06,1.2,3.849048e-10,-8.972947e-11,-6.895817e-12,-8.368434e-14,3.252621e-12,2.971401e-12,3.152454e-12
0.0001403037,2.97,2.97,1.2,0.004800109,2.963238,0.003922257,1.230969e-07,1.2,1.352093e-11,2.970015,0.1178014,9.867818e-06,1.2,3.852518e-10,-8.986807e-11,-6.910916e-12,-8.391233e-14,3.2574e-12,2.970957e-12,3.155234e-12
0.0001403904,2.97,2.97,1.2,0.004788589,2.963233,0.003924612,1.231372e-07,1.2,1.35255e-11,2.970015,0.11788,9.877317e-06,1.2,3.856224e-10,-8.99021e-11,-6.915357e-12,-8.392632e-14,3.260533e-12,2.970957e-12,3.158201e-12
0.0001404904,2.97,2.97,1.2,0.004775331,2.963227,0.003927329,1.232015e-07,1.2,1.353227e-11,2.970015,0.1179709,9.888212e-06,1.2,3.860476e-10,-8.991687e-11,-6.916245e-12,-8.39555e-14,3.262723e-12,2.971401e-12,3.161664e-12
0.0001405904,2.97,2.97,1.2,0.00476211,2.963221,0.003930045,1.230918e-07,1.2,1.352053e-11,2.970015,0.1180617,9.899128e-06,1.2,3.864736e-10,-8.993512e-11,-6.918466e-12,-8.407929e-14,3.265031e-12,2.970957e-12,3.165187e-12
0.0001406904,2.97,2.97,1.2,0.004748927,2.963216,0.00393276,1.230556e-07,1.2,1.351657e-11,2.970015,0.1181526,9.910129e-06,1.2,3.869028e-10,-8.996405e-11,-6.921574e-12,-8.418747e-14,3.269965e-12,2.970957e-12,3.168735e-12
0.0001407904,2.97,2.97,1.2,0.00473578,2.96321,0.003935475,1.230483e-07,1.2,1.351577e-11,2.970015,0.1182434,9.92114e-06,1.2,3.873326e-10,-9.000121e-11,-6.925571e-12,-8.427523e-14,3.272198e-12,2.970957e-12,3.172239e-12
0.0001408904,2.97,2.97,1.2,0.004722671,2.963204,0.003938188,1.230691e-07,1.2,1.351799e-11,2.970015,0.1183342,9.932213e-06,1.2,3.877645e-10,-9.004959e-11,-6.930456e-12,-8.435614e-14,3.274503e-12,2.970957e-12,3.175797e-12
0.0001409904,2.97,2.97,1.2,0.004709597,2.963198,0.003940902,1.230057e-07,1.2,1.351113e-11,2.970015,0.118425,9.94312e-06,1.2,3.881903e-10,-9.01036e-11,-6.936229e-12,-8.454371e-14,3.28183e-12,2.970957e-12,3.179201e-12
0.0001410904,2.97,2.97,1.2,0.00469656,2.963192,0.003943614,1.229913e-07,1.2,1.350956e-11,2.970015,0.1185158,9.954056e-06,1.2,3.88617e-10,-9.01673e-11,-6.942891e-12,-8.469627e-14,3.286904e-12,2.971401e-12,3.182739e-12
0.0001411904,2.97,2.97,1.2,0.004683559,2.963187,0.003946326,1.229239e-07,1.2,1.350231e-11,2.970015,0.1186066,9.965077e-06,1.2,3.890471e-10,-9.023332e-11,-6.949996e-12,-8.49028e-14,3.289146e-12,2.970957e-12,3.18628e-12
0.0001412904,2.97,2.97,1.2,0.004670594,2.963181,0.003949037,1.229984e-07,1.2,1.351032e-11,2.970015,0.1186975,9.976165e-06,1.2,3.894797e-10,-9.030322e-11,-6.95799e-12,-8.498372e-14,3.294106e-12,2.970957e-12,3.189857e-12
0.0001413904,2.97,2.97,1.2,0.004657664,2.963175,0.003951747,1.229817e-07,1.2,1.350848e-11,2.970015,0.1187883,9.987284e-06,1.2,3.899135e-10,-9.037656e-11,-6.965539e-12,-8.517503e-14,3.29648e-12,2.971401e-12,3.193328e-12
0.0001414904,2.97,2.97,1.2,0.004644771,2.963169,0.003954456,1.228797e-07,1.2,1.349754e-11,2.970015,0.1188791,9.998273e-06,1.2,3.903425e-10,-9.045524e-11,-6.973533e-12,-8.541259e-14,3.29893e-12,2.971401e-12,3.196876e-12
0.0001415904,2.97,2.97,1.2,0.004631913,2.963163,0.003957165,1.229065e-07,1.2,1.350043e-11,2.970015,0.1189698,1.000934e-05,1.2,3.907744e-10,-9.053304e-11,-6.981971e-12,-8.553925e-14,3.303613e-12,2.971401e-12,3.200436e-12
0.0001416904,2.97,2.97,1.2,0.004619091,2.963158,0.003959873,1.229262e-07,1.2,1.350252e-11,2.970015,0.1190606,1.002047e-05,1.2,3.912088e-10,-9.061222e-11,-6.989964e-12,-8.569482e-14,3.305987e-12,2.970957e-12,3.204016e-12
0.0001417904,2.97,2.97,1.2,0.004606304,2.963152,0.003962581,1.228424e-07,1.2,1.349349e-11,2.970015,0.1191514,1.003169e-05,1.2,3.916465e-10,-9.069251e-11,-6.998846e-12,-8.595712e-14,3.308176e-12,2.970513e-12,3.207644e-12
0.0001418904,2.97,2.97,1.2,0.004593552,2.963146,0.003965287,1.228283e-07,1.2,1.3492e-11,2.970015,0.1192422,1.004296e-05,1.2,3.920864e-10,-9.077419e-11,-7.007728e-12,-8.613606e-14,3.313097e-12,2.971401e-12,3.211253e-12
0.0001419904,2.97,2.97,1.2,0.004580836,2.96314,0.003967993,1.228902e-07,1.2,1.349867e-11,2.970015,0.119333,1.005425e-05,1.2,3.925268e-10,-9.085582e-11,-7.01661e-12,-8.623853e-14,3.320308e-12,2.970957e-12,3.214764e-12
0.0001420904,2.97,2.97,1.2,0.004568154,2.963134,0.003970699,1.229023e-07,1.2,1.349994e-11,2.970015,0.1194237,1.006541e-05,1.2,3.929626e-10,-9.09384e-11,-7.025491e-12,-8.641559e-14,3.322774e-12,2.970957e-12,3.218386e-12
0.0001421904,2.97,2.97,1.2,0.004555508,2.963129,0.003973403,1.228934e-07,1.2,1.349895e-11,2.970015,0.1195145,1.007666e-05,1.2,3.934014e-10,-9.102118e-11,-7.034373e-12,-8.663238e-14,3.324931e-12,2.971401e-12,3.22199e-12
0.0001422904,2.97,2.97,1.2,0.00454289,2.963123,0.003976107,1.228024e-07,1.2,1.348922e-11,2.970015,0.1196053,1.008795e-05,1.2,3.938419e-10,-9.110386e-11,-7.042811e-12,-8.688153e-14,3.330026e-12,2.970513e-12,3.225634e-12
0.0001423904,2.97,2.97,1.2,0.004530248,2.963117,0.00397881,1.228268e-07,1.2,1.349185e-11,2.970015,0.119696,1.009931e-05,1.2,3.942853e-10,-9.118786e-11,-7.051248e-12,-8.701169e-14,3.332359e-12,2.970957e-12,3.229279e-12
0.0001424904,2.97,2.97,1.2,0.004517628,2.963111,0.003981512,1.228521e-07,1.2,1.349458e-11,2.970015,0.1197868,1.011073e-05,1.2,3.947311e-10,-9.127123e-11,-7.060574e-12,-8.716998e-14,3.334679e-12,2.971401e-12,3.232958e-12
0.0001425904,2.97,2.97,1.2,0.004505117,2.963106,0.003984214,1.228769e-07,1.2,1.349719e-11,2.970015,0.1198775,1.01222e-05,1.2,3.951785e-10,-9.13567e-11,-7.069456e-12,-8.735396e-14,3.339618e-12,2.970957e-12,3.236633e-12
0.0001426904,2.97,2.97,1.2,0.004498734,2.9631,0.003986916,1.228862e-07,1.2,1.34983e-11,2.970015,0.1199683,1.013369e-05,1.2,3.956272e-10,-9.141282e-11,-7.075673e-12,-8.746515e-14,3.344746e-12,2.970957e-12,3.240302e-12
0.0001427904,2.97,2.97,1.2,0.004684665,2.963098,0.00398968,1.249187e-07,1.2,1.371854e-11,2.970015,0.120059,1.014522e-05,1.2,3.960769e-10,-9.087235e-11,-7.017942e-12,-8.510122e-14,3.349653e-12,2.970957e-12,3.244022e-12
0.0001428904,2.97,2.97,1.2,0.004993949,2.963093,0.003992403,1.221859e-07,1.2,1.342265e-11,2.970015,0.1201498,1.015675e-05,1.2,3.965267e-10,-9.324028e-11,-7.270184e-12,-9.16898e-14,3.354518e-12,2.970513e-12,3.247591e-12
0.0001429904,2.97,2.97,1.2,0.004826825,2.963087,0.003995103,1.229848e-07,1.2,1.3509e-11,2.970015,0.1202405,1.01682e-05,1.2,3.969738e-10,-9.290728e-11,-7.234213e-12,-9.04752e-14,3.356854e-12,2.970513e-12,3.251426e-12
0.0001430637,2.97,2.97,1.2,0.004816769,2.963083,0.003997079,1.229253e-07,1.2,1.350256e-11,2.970015,0.1203071,1.017682e-05,1.2,3.973099e-10,-9.27091e-11,-7.214229e-12,-9.009972e-14,3.357859e-12,2.970957e-12,3.254175e-12
0.0001431324,2.97,2.97,1.2,0.004807586,2.963079,0.00399893,1.228837e-07,1.2,1.349808e-11,2.970015,0.1203694,1.018492e-05,1.2,3.976263e-10,-9.27231e-11,-7.215117e-12,-9.019804e-14,3.361842e-12,2.971401e-12,3.256772e-12
0.000143193,2.97,2.97,1.2,0.004799508,2.963075,0.004000565,1.228573e-07,1.2,1.349531e-11,2.970015,0.1204244,1.019202e-05,1.2,3.97903e-10,-9.282768e-11,-7.225776e-12,-9.038276e-14,3.361472e-12,2.971401e-12,3.258978e-12
0.000143293,2.97,2.97,1.2,0.00478622,2.963069,0.004003261,1.228444e-07,1.2,1.349376e-11,2.970015,0.1205151,1.020357e-05,1.2,3.983541e-10,-9.290727e-11,-7.234213e-12,-9.061981e-14,3.368633e-12,2.970957e-12,3.262639e-12
0.000143393,2.97,2.97,1.2,0.00477297,2.963064,0.004005956,1.227555e-07,1.2,1.34843e-11,2.970015,0.1206058,1.021517e-05,1.2,3.988064e-10,-9.299044e-11,-7.243095e-12,-9.084504e-14,3.370888e-12,2.970957e-12,3.26637e-12
0.000143493,2.97,2.97,1.2,0.004759757,2.963058,0.004008651,1.227237e-07,1.2,1.348083e-11,2.970015,0.1206966,1.022687e-05,1.2,3.992631e-10,-9.307735e-11,-7.252865e-12,-9.105843e-14,3.37329e-12,2.970957e-12,3.270159e-12
0.000143593,2.97,2.97,1.2,0.00474658,2.963052,0.004011345,1.22692e-07,1.2,1.347738e-11,2.970015,0.1207873,1.023863e-05,1.2,3.997221e-10,-9.316515e-11,-7.262191e-12,-9.130221e-14,3.380751e-12,2.970957e-12,3.27392e-12
0.000143693,2.97,2.97,1.2,0.00473344,2.963046,0.004014038,1.227193e-07,1.2,1.348039e-11,2.970015,0.120878,1.025045e-05,1.2,4.001832e-10,-9.325361e-11,-7.271073e-12,-9.144019e-14,3.383428e-12,2.971401e-12,3.277742e-12
0.000143793,2.97,2.97,1.2,0.004720337,2.963041,0.004016731,1.227276e-07,1.2,1.348126e-11,2.970015,0.1209687,1.026229e-05,1.2,4.006452e-10,-9.334226e-11,-7.280399e-12,-9.160741e-14,3.38589e-12,2.970513e-12,3.28143e-12
0.000143893,2.97,2.97,1.2,0.004707269,2.963035,0.004019423,1.227377e-07,1.2,1.348229e-11,2.970015,0.1210594,1.027403e-05,1.2,4.011034e-10,-9.343083e-11,-7.289724e-12,-9.181885e-14,3.390999e-12,2.971401e-12,3.285224e-12
0.000143993,2.97,2.97,1.2,0.004694238,2.963029,0.004022114,1.227155e-07,1.2,1.347996e-11,2.970015,0.1211501,1.028586e-05,1.2,4.015648e-10,-9.35193e-11,-7.299494e-12,-9.202302e-14,3.395815e-12,2.970957e-12,3.289033e-12
0.000144093,2.97,2.97,1.2,0.004681243,2.963023,0.004024804,1.227028e-07,1.2,1.347863e-11,2.970015,0.1212407,1.029774e-05,1.2,4.020288e-10,-9.360848e-11,-7.309264e-12,-9.219237e-14,3.398309e-12,2.970957e-12,3.292821e-12
0.000144193,2.97,2.97,1.2,0.004668284,2.963017,0.004027494,1.226956e-07,1.2,1.347781e-11,2.970015,0.1213314,1.030965e-05,1.2,4.024932e-10,-9.369782e-11,-7.31859e-12,-9.238855e-14,3.403296e-12,2.970957e-12,3.296664e-12
0.000144293,2.97,2.97,1.2,0.004655361,2.963012,0.004030183,1.22644e-07,1.2,1.347204e-11,2.970015,0.1214221,1.032145e-05,1.2,4.029539e-10,-9.378647e-11,-7.32836e-12,-9.263004e-14,3.405658e-12,2.970957e-12,3.300375e-12
0.000144393,2.97,2.97,1.2,0.004642473,2.963006,0.004032871,1.226151e-07,1.2,1.34689e-11,2.970015,0.1215128,1.033329e-05,1.2,4.034162e-10,-9.387529e-11,-7.337686e-12,-9.287864e-14,3.408098e-12,2.970957e-12,3.304189e-12
0.000144493,2.97,2.97,1.2,0.004629621,2.963,0.004035559,1.225748e-07,1.2,1.346466e-11,2.970015,0.1216035,1.034521e-05,1.2,4.038809e-10,-9.396403e-11,-7.347012e-12,-9.306523e-14,3.415968e-12,2.970957e-12,3.308037e-12
0.000144593,2.97,2.97,1.2,0.004616805,2.962994,0.004038246,1.225881e-07,1.2,1.346605e-11,2.970015,0.1216941,1.035719e-05,1.2,4.043487e-10,-9.405191e-11,-7.355894e-12,-9.323166e-14,3.41834e-12,2.971401e-12,3.311872e-12
0.000144693,2.97,2.97,1.2,0.004604024,2.962988,0.004040932,1.226097e-07,1.2,1.346834e-11,2.970015,0.1217848,1.036925e-05,1.2,4.048193e-10,-9.414079e-11,-7.365664e-12,-9.342871e-14,3.423326e-12,2.971401e-12,3.315755e-12
0.000144793,2.97,2.97,1.2,0.004591278,2.962983,0.004043617,1.226249e-07,1.2,1.347021e-11,2.970015,0.1218754,1.038134e-05,1.2,4.052911e-10,-9.422935e-11,-7.37499e-12,-9.361565e-14,3.428412e-12,2.971401e-12,3.319631e-12
0.000144893,2.97,2.97,1.2,0.004578568,2.962977,0.004046302,1.22657e-07,1.2,1.34735e-11,2.970015,0.1219661,1.039349e-05,1.2,4.057652e-10,-9.431754e-11,-7.384759e-12,-9.373629e-14,3.430811e-12,2.971401e-12,3.323531e-12
0.000144993,2.97,2.97,1.2,0.004565892,2.962971,0.004048986,1.226151e-07,1.2,1.346914e-11,2.970015,0.1220568,1.040567e-05,1.2,4.062407e-10,-9.440824e-11,-7.394085e-12,-9.399429e-14,3.433315e-12,2.970957e-12,3.327445e-12
0.000145093,2.97,2.97,1.2,0.004553251,2.962965,0.004051669,1.225426e-07,1.2,1.346098e-11,2.970015,0.1221474,1.041791e-05,1.2,4.067182e-10,-9.449618e-11,-7.403411e-12,-9.421217e-14,3.438347e-12,2.971401e-12,3.331358e-12
0.000145193,2.97,2.97,1.2,0.004540632,2.962959,0.004054352,1.225914e-07,1.2,1.346641e-11,2.970015,0.122238,1.042998e-05,1.2,4.071894e-10,-9.458443e-11,-7.412737e-12,-9.434872e-14,3.440719e-12,2.971401e-12,3.335136e-12
0.000145293,2.97,2.97,1.2,0.004527982,2.962954,0.004057034,1.22589e-07,1.2,1.346597e-11,2.970015,0.1223287,1.044209e-05,1.2,4.076615e-10,-9.467061e-11,-7.421619e-12,-9.4548e-14,3.445837e-12,2.971401e-12,3.33903e-12
0.000145393,2.97,2.97,1.2,0.004515373,2.962948,0.004059715,1.225733e-07,1.2,1.346446e-11,2.970015,0.1224193,1.045431e-05,1.2,4.081384e-10,-9.475997e-11,-7.431389e-12,-9.474708e-14,3.453371e-12,2.971845e-12,3.343055e-12
0.000145493,2.97,2.97,1.2,0.004503021,2.962942,0.004062395,1.226184e-07,1.2,1.346931e-11,2.970015,0.1225099,1.046658e-05,1.2,4.086173e-10,-9.484679e-11,-7.440715e-12,-9.489662e-14,3.4557e-12,2.970957e-12,3.346921e-12
0.000145593,2.97,2.97,1.2,0.00450644,2.962937,0.00406508,1.228298e-07,1.2,1.34924e-11,2.970015,0.1226006,1.047887e-05,1.2,4.090968e-10,-9.487132e-11,-7.443823e-12,-9.479609e-14,3.458092e-12,2.971401e-12,3.350849e-12
0.000145693,2.97,2.97,1.2,0.0048362,2.962937,0.004067863,1.259502e-07,1.2,1.383029e-11,2.970015,0.1226912,1.049116e-05,1.2,4.095763e-10,-9.413262e-11,-7.36522e-12,-9.136798e-14,3.462979e-12,2.971845e-12,3.354779e-12
0.000145793,2.97,2.97,1.2,0.004871015,2.962927,0.004070479,1.198898e-07,1.2,1.317396e-11,2.970015,0.1227818,1.05035e-05,1.2,4.10058e-10,-9.638134e-11,-7.60414e-12,-9.98351e-14,3.465622e-12,2.971401e-12,3.358752e-12
0.000145893,2.97,2.97,1.2,0.004820694,2.962923,0.004073179,1.215576e-07,1.2,1.335465e-11,2.970015,0.1228724,1.051588e-05,1.2,4.105413e-10,-9.797744e-11,-7.773782e-12,-1.020297e-13,3.470453e-12,2.970957e-12,3.362707e-12
0.0001459787,2.97,2.97,1.2,0.00480919,2.962918,0.004075482,1.221851e-07,1.2,1.342288e-11,2.970015,0.12295,1.052658e-05,1.2,4.10959e-10,-9.870267e-11,-7.851497e-12,-1.031372e-13,3.473096e-12,2.971401e-12,3.366307e-12
0.0001460454,2.97,2.97,1.2,0.004800296,2.962915,0.00407727,1.22463e-07,1.2,1.345278e-11,2.970015,0.1230104,1.053506e-05,1.2,4.112894e-10,-9.894906e-11,-7.877254e-12,-1.034817e-13,3.477942e-12,2.971845e-12,3.369012e-12
0.0001461298,2.97,2.97,1.2,0.004789066,2.96291,0.004079531,1.22492e-07,1.2,1.345605e-11,2.970015,0.1230869,1.054572e-05,1.2,4.117056e-10,-9.898369e-11,-7.881251e-12,-1.035443e-13,3.481442e-12,2.971401e-12,3.372279e-12
0.0001462298,2.97,2.97,1.2,0.004775808,2.962904,0.004082206,1.22547e-07,1.2,1.3462e-11,2.970015,0.1231775,1.055824e-05,1.2,4.121939e-10,-9.899195e-11,-7.882139e-12,-1.035128e-13,3.483728e-12,2.970957e-12,3.37625e-12
0.0001463298,2.97,2.97,1.2,0.004762587,2.962898,0.00408488,1.225925e-07,1.2,1.346687e-11,2.970015,0.1232681,1.05707e-05,1.2,4.126805e-10,-9.900427e-11,-7.883472e-12,-1.035012e-13,3.491594e-12,2.971401e-12,3.380265e-12
0.0001464298,2.97,2.97,1.2,0.004749402,2.962893,0.004087553,1.224893e-07,1.2,1.345573e-11,2.970015,0.1233587,1.058325e-05,1.2,4.131703e-10,-9.902645e-11,-7.885692e-12,-1.036527e-13,3.494007e-12,2.971401e-12,3.384299e-12
0.0001465298,2.97,2.97,1.2,0.004736255,2.962887,0.004090226,1.224399e-07,1.2,1.345038e-11,2.970015,0.1234493,1.059588e-05,1.2,4.136631e-10,-9.906189e-11,-7.889689e-12,-1.037803e-13,3.496356e-12,2.971845e-12,3.38835e-12
0.0001466298,2.97,2.97,1.2,0.004723143,2.962881,0.004092898,1.224887e-07,1.2,1.345557e-11,2.970015,0.1235399,1.060856e-05,1.2,4.141577e-10,-9.910851e-11,-7.89413e-12,-1.038667e-13,3.501579e-12,2.971845e-12,3.392421e-12
0.0001467298,2.97,2.97,1.2,0.004710068,2.962875,0.004095569,1.224017e-07,1.2,1.344626e-11,2.970015,0.1236305,1.062128e-05,1.2,4.146545e-10,-9.916216e-11,-7.899903e-12,-1.040355e-13,3.504113e-12,2.971401e-12,3.396524e-12
0.0001468298,2.97,2.97,1.2,0.004697029,2.962869,0.004098239,1.22426e-07,1.2,1.344882e-11,2.970015,0.123721,1.063408e-05,1.2,4.151536e-10,-9.922526e-11,-7.907008e-12,-1.041382e-13,3.509334e-12,2.971845e-12,3.40064e-12
0.0001469298,2.97,2.97,1.2,0.004684026,2.962864,0.004100909,1.224514e-07,1.2,1.34515e-11,2.970015,0.1238116,1.064693e-05,1.2,4.156554e-10,-9.929175e-11,-7.91367e-12,-1.042842e-13,3.51719e-12,2.971401e-12,3.404748e-12
0.0001470298,2.97,2.97,1.2,0.004671059,2.962858,0.004103578,1.224556e-07,1.2,1.345199e-11,2.970015,0.1239022,1.065978e-05,1.2,4.161568e-10,-9.936339e-11,-7.921219e-12,-1.044203e-13,3.519388e-12,2.971401e-12,3.408756e-12
0.0001471298,2.97,2.97,1.2,0.004658128,2.962852,0.004106246,1.225044e-07,1.2,1.345722e-11,2.970015,0.1239927,1.067248e-05,1.2,4.166522e-10,-9.944072e-11,-7.929657e-12,-1.045247e-13,3.524593e-12,2.971845e-12,3.412858e-12
0.0001472298,2.97,2.97,1.2,0.004645232,2.962846,0.004108914,1.224386e-07,1.2,1.345009e-11,2.970015,0.1240833,1.068528e-05,1.2,4.17152e-10,-9.951852e-11,-7.938095e-12,-1.047805e-13,3.527031e-12,2.971401e-12,3.416995e-12
0.0001473298,2.97,2.97,1.2,0.004632372,2.96284,0.004111581,1.224026e-07,1.2,1.344625e-11,2.970015,0.1241738,1.069818e-05,1.2,4.176551e-10,-9.959879e-11,-7.946976e-12,-1.049828e-13,3.529499e-12,2.971401e-12,3.421133e-12
0.0001474298,2.97,2.97,1.2,0.004619548,2.962835,0.004114247,1.223887e-07,1.2,1.344471e-11,2.970015,0.1242644,1.071115e-05,1.2,4.181613e-10,-9.968076e-11,-7.95497e-12,-1.051943e-13,3.534741e-12,2.970957e-12,3.4253e-12
0.0001475298,2.97,2.97,1.2,0.004606759,2.962829,0.004116913,1.224394e-07,1.2,1.345026e-11,2.970015,0.1243549,1.07241e-05,1.2,4.186669e-10,-9.976659e-11,-7.964296e-12,-1.05279e-13,3.53997e-12,2.971401e-12,3.429347e-12
0.0001476298,2.97,2.97,1.2,0.004594006,2.962823,0.004119578,1.224046e-07,1.2,1.344643e-11,2.970015,0.1244455,1.073694e-05,1.2,4.191678e-10,-9.985031e-11,-7.973178e-12,-1.055067e-13,3.54501e-12,2.970957e-12,3.433485e-12
0.0001477298,2.97,2.97,1.2,0.004581288,2.962817,0.004122242,1.2235e-07,1.2,1.344054e-11,2.970015,0.124536,1.074985e-05,1.2,4.196716e-10,-9.993535e-11,-7.982059e-12,-1.057644e-13,3.549988e-12,2.970957e-12,3.437654e-12
0.0001478298,2.97,2.97,1.2,0.004568604,2.962811,0.004124905,1.223806e-07,1.2,1.344388e-11,2.970015,0.1246265,1.076284e-05,1.2,4.201787e-10,-1.000204e-10,-7.990941e-12,-1.059119e-13,3.552503e-12,2.970957e-12,3.441816e-12
0.0001479298,2.97,2.97,1.2,0.004555956,2.962806,0.004127568,1.223354e-07,1.2,1.343906e-11,2.970015,0.1247171,1.077592e-05,1.2,4.206892e-10,-1.001061e-10,-8.000711e-12,-1.060997e-13,3.555238e-12,2.970957e-12,3.446038e-12
0.0001480298,2.97,2.97,1.2,0.004543335,2.9628,0.00413023,1.223463e-07,1.2,1.344013e-11,2.970015,0.1248076,1.078906e-05,1.2,4.212019e-10,-1.001949e-10,-8.009593e-12,-1.063142e-13,3.563032e-12,2.970957e-12,3.45025e-12
0.0001481298,2.97,2.97,1.2,0.004530688,2.962794,0.004132891,1.222074e-07,1.2,1.342525e-11,2.970015,0.1248981,1.080227e-05,1.2,4.217171e-10,-1.002797e-10,-8.019363e-12,-1.065806e-13,3.565485e-12,2.971401e-12,3.454491e-12
0.0001482298,2.97,2.97,1.2,0.004518068,2.962788,0.004135552,1.222625e-07,1.2,1.343115e-11,2.970015,0.1249886,1.081532e-05,1.2,4.222265e-10,-1.003664e-10,-8.028245e-12,-1.067378e-13,3.567722e-12,2.971401e-12,3.458683e-12
0.0001483298,2.97,2.97,1.2,0.004505573,2.962782,0.004138212,1.222941e-07,1.2,1.34346e-11,2.970015,0.1250791,1.082841e-05,1.2,4.227372e-10,-1.004544e-10,-8.037571e-12,-1.068719e-13,3.572905e-12,2.971401e-12,3.462779e-12
0.0001484298,2.97,2.97,1.2,0.004500503,2.962777,0.004140874,1.223718e-07,1.2,1.344297e-11,2.970015,0.1251696,1.084149e-05,1.2,4.232475e-10,-1.0051e-10,-8.043344e-12,-1.069531e-13,3.580653e-12,2.970957e-12,3.466959e-12
0.0001485298,2.97,2.97,1.2,0.004712096,2.962775,0.004143603,1.246273e-07,1.2,1.368727e-11,2.970015,0.1252601,1.085461e-05,1.2,4.237595e-10,-9.991742e-11,-7.980283e-12,-1.043256e-13,3.585978e-12,2.971401e-12,3.471177e-12
0.0001486298,2.97,2.97,1.2,0.004966926,2.962769,0.004146264,1.210213e-07,1.2,1.329677e-11,2.970015,0.1253506,1.086791e-05,1.2,4.242786e-10,-1.024706e-10,-8.251622e-12,-1.118452e-13,3.588653e-12,2.971401e-12,3.475621e-12
0.0001487298,2.97,2.97,1.2,0.004826345,2.962764,0.004148929,1.220719e-07,1.2,1.341068e-11,2.970015,0.1254411,1.088125e-05,1.2,4.247992e-10,-1.026936e-10,-8.275158e-12,-1.116673e-13,3.591419e-12,2.970957e-12,3.479722e-12
0.000148803,2.97,2.97,1.2,0.00481634,2.96276,0.004150875,1.221581e-07,1.2,1.341995e-11,2.970015,0.1255074,1.089103e-05,1.2,4.251811e-10,-1.027671e-10,-8.283596e-12,-1.117938e-13,3.595458e-12,2.970957e-12,3.482906e-12
0.0001488746,2.97,2.97,1.2,0.00480677,2.962756,0.004152775,1.222078e-07,1.2,1.342552e-11,2.970015,0.1255721,1.090071e-05,1.2,4.255587e-10,-1.028263e-10,-8.289813e-12,-1.118769e-13,3.599361e-12,2.971401e-12,3.486015e-12
0.0001489396,2.97,2.97,1.2,0.004798112,2.962752,0.004154501,1.222375e-07,1.2,1.34287e-11,2.970015,0.1256309,1.090955e-05,1.2,4.259038e-10,-1.029025e-10,-8.298251e-12,-1.119818e-13,3.599724e-12,2.970957e-12,3.488797e-12
0.0001490396,2.97,2.97,1.2,0.004784827,2.962746,0.004157155,1.221662e-07,1.2,1.342081e-11,2.970015,0.1257214,1.092298e-05,1.2,4.264275e-10,-1.029631e-10,-8.304024e-12,-1.122057e-13,3.603563e-12,2.970957e-12,3.493126e-12
0.0001491396,2.97,2.97,1.2,0.004771579,2.96274,0.004159809,1.221001e-07,1.2,1.341373e-11,2.970015,0.1258119,1.093642e-05,1.2,4.269524e-10,-1.030277e-10,-8.31113e-12,-1.123993e-13,3.611491e-12,2.971401e-12,3.497445e-12
0.0001492396,2.97,2.97,1.2,0.004758369,2.962734,0.004162462,1.221543e-07,1.2,1.341954e-11,2.970015,0.1259024,1.094995e-05,1.2,4.274801e-10,-1.030984e-10,-8.319123e-12,-1.124997e-13,3.616755e-12,2.970957e-12,3.501781e-12
0.0001493396,2.97,2.97,1.2,0.004745196,2.962729,0.004165115,1.221953e-07,1.2,1.342417e-11,2.970015,0.1259928,1.096345e-05,1.2,4.280069e-10,-1.03177e-10,-8.326673e-12,-1.126196e-13,3.621939e-12,2.971401e-12,3.506013e-12
0.0001494396,2.97,2.97,1.2,0.004732059,2.962723,0.004167766,1.221644e-07,1.2,1.342082e-11,2.970015,0.1260833,1.097691e-05,1.2,4.28532e-10,-1.032557e-10,-8.335554e-12,-1.128271e-13,3.624256e-12,2.971401e-12,3.510445e-12
0.0001495396,2.97,2.97,1.2,0.004718959,2.962717,0.004170417,1.221084e-07,1.2,1.341457e-11,2.970015,0.1261738,1.099043e-05,1.2,4.290599e-10,-1.033381e-10,-8.344436e-12,-1.130553e-13,3.627033e-12,2.971401e-12,3.514685e-12
0.0001496396,2.97,2.97,1.2,0.004705894,2.962711,0.004173068,1.221615e-07,1.2,1.342047e-11,2.970015,0.1262642,1.100395e-05,1.2,4.295872e-10,-1.034225e-10,-8.353762e-12,-1.132136e-13,3.632354e-12,2.970957e-12,3.519013e-12
0.0001497396,2.97,2.97,1.2,0.004692867,2.962705,0.004175717,1.221977e-07,1.2,1.342442e-11,2.970015,0.1263547,1.101757e-05,1.2,4.30119e-10,-1.035086e-10,-8.362644e-12,-1.133468e-13,3.637702e-12,2.971401e-12,3.523505e-12
0.0001498396,2.97,2.97,1.2,0.004679875,2.9627,0.004178366,1.220687e-07,1.2,1.341029e-11,2.970015,0.1264451,1.103124e-05,1.2,4.306526e-10,-1.035961e-10,-8.372414e-12,-1.136518e-13,3.64019e-12,2.970957e-12,3.527788e-12
0.0001499396,2.97,2.97,1.2,0.004666919,2.962694,0.004181015,1.22132e-07,1.2,1.341732e-11,2.970015,0.1265355,1.104492e-05,1.2,4.311862e-10,-1.036872e-10,-8.38174e-12,-1.137932e-13,3.648142e-12,2.971845e-12,3.532181e-12
0.0001500396,2.97,2.97,1.2,0.004653998,2.962688,0.004183662,1.220888e-07,1.2,1.341264e-11,2.970015,0.126626,1.105877e-05,1.2,4.317267e-10,-1.037764e-10,-8.391066e-12,-1.140471e-13,3.650763e-12,2.971845e-12,3.536598e-12
0.0001501396,2.97,2.97,1.2,0.004641114,2.962682,0.004186309,1.221414e-07,1.2,1.341819e-11,2.970015,0.1267164,1.107251e-05,1.2,4.322627e-10,-1.038665e-10,-8.400391e-12,-1.141296e-13,3.653422e-12,2.971401e-12,3.540995e-12
0.0001502396,2.97,2.97,1.2,0.004628265,2.962676,0.004188955,1.221175e-07,1.2,1.341573e-11,2.970015,0.1268068,1.108628e-05,1.2,4.328005e-10,-1.039567e-10,-8.410161e-12,-1.143672e-13,3.661364e-12,2.971401e-12,3.545415e-12
0.0001503396,2.97,2.97,1.2,0.004615452,2.962671,0.004191601,1.220737e-07,1.2,1.341081e-11,2.970015,0.1268973,1.110017e-05,1.2,4.333421e-10,-1.04047e-10,-8.419487e-12,-1.146153e-13,3.663967e-12,2.970957e-12,3.54998e-12
0.0001504396,2.97,2.97,1.2,0.004602674,2.962665,0.004194245,1.22094e-07,1.2,1.341303e-11,2.970015,0.1269877,1.111409e-05,1.2,4.338855e-10,-1.041379e-10,-8.429701e-12,-1.147817e-13,3.66934e-12,2.971401e-12,3.554335e-12
0.0001505396,2.97,2.97,1.2,0.004589931,2.962659,0.004196889,1.22041e-07,1.2,1.34073e-11,2.970015,0.1270781,1.1128e-05,1.2,4.344281e-10,-1.042294e-10,-8.439471e-12,-1.150254e-13,3.672089e-12,2.970957e-12,3.558796e-12
0.0001506396,2.97,2.97,1.2,0.004577224,2.962653,0.004199533,1.220155e-07,1.2,1.340438e-11,2.970015,0.1271685,1.114195e-05,1.2,4.349723e-10,-1.043232e-10,-8.449241e-12,-1.152103e-13,3.67733e-12,2.970957e-12,3.563259e-12
0.0001507396,2.97,2.97,1.2,0.004564552,2.962648,0.004202175,1.220644e-07,1.2,1.341003e-11,2.970015,0.1272589,1.115594e-05,1.2,4.355187e-10,-1.044144e-10,-8.458123e-12,-1.153818e-13,3.685408e-12,2.971401e-12,3.567748e-12
0.0001508396,2.97,2.97,1.2,0.004551913,2.962642,0.004204817,1.220375e-07,1.2,1.340694e-11,2.970015,0.1273493,1.116995e-05,1.2,4.360654e-10,-1.045055e-10,-8.467893e-12,-1.155983e-13,3.688226e-12,2.970957e-12,3.572241e-12
0.0001509396,2.97,2.97,1.2,0.004539288,2.962636,0.004207458,1.220345e-07,1.2,1.340664e-11,2.970015,0.1274397,1.118416e-05,1.2,4.366195e-10,-1.045964e-10,-8.478107e-12,-1.157893e-13,3.693506e-12,2.971401e-12,3.576786e-12
0.0001510396,2.97,2.97,1.2,0.004526636,2.96263,0.004210099,1.220715e-07,1.2,1.341067e-11,2.970015,0.1275301,1.119823e-05,1.2,4.371689e-10,-1.046872e-10,-8.487877e-12,-1.159448e-13,3.696276e-12,2.971401e-12,3.58129e-12
0.0001511396,2.97,2.97,1.2,0.004514034,2.962624,0.004212739,1.219912e-07,1.2,1.340192e-11,2.970015,0.1276205,1.121236e-05,1.2,4.377203e-10,-1.047786e-10,-8.498091e-12,-1.162374e-13,3.698921e-12,2.970513e-12,3.58581e-12
0.0001512396,2.97,2.97,1.2,0.004501954,2.962619,0.004215378,1.220196e-07,1.2,1.340486e-11,2.970015,0.1277109,1.122651e-05,1.2,4.382723e-10,-1.048696e-10,-8.507417e-12,-1.16364e-13,3.706983e-12,2.971401e-12,3.590348e-12
0.0001513396,2.97,2.97,1.2,0.004519664,2.962613,0.004218027,1.223359e-07,1.2,1.343922e-11,2.970015,0.1278013,1.12407e-05,1.2,4.388261e-10,-1.048417e-10,-8.503864e-12,-1.161328e-13,3.712314e-12,2.970957e-12,3.594889e-12
0.0001514396,2.97,2.97,1.2,0.004954753,2.962615,0.004220794,1.258605e-07,1.2,1.382117e-11,2.970015,0.1278916,1.125493e-05,1.2,4.393815e-10,-1.042132e-10,-8.437251e-12,-1.12671e-13,3.715053e-12,2.971401e-12,3.599451e-12
0.0001515396,2.97,2.97,1.2,0.00484183,2.962605,0.004223353,1.202406e-07,1.2,1.321212e-11,2.970015,0.127982,1.12692e-05,1.2,4.399381e-10,-1.046962e-10,-8.489209e-12,-1.172151e-13,3.720189e-12,2.970957e-12,3.604001e-12
0.0001516325,2.97,2.97,1.2,0.004823588,2.9626,0.004225818,1.212826e-07,1.2,1.332516e-11,2.970015,0.128066,1.128254e-05,1.2,4.404592e-10,-1.058537e-10,-8.612222e-12,-1.189127e-13,3.72479e-12,2.971401e-12,3.608429e-12
0.0001517064,2.97,2.97,1.2,0.00481374,2.962596,0.004227772,1.216834e-07,1.2,1.336878e-11,2.970015,0.1281328,1.129338e-05,1.2,4.408819e-10,-1.064251e-10,-8.672618e-12,-1.198347e-13,3.727116e-12,2.971401e-12,3.61191e-12
0.0001517621,2.97,2.97,1.2,0.004806335,2.962593,0.00422924,1.218582e-07,1.2,1.33876e-11,2.970015,0.1281831,1.130148e-05,1.2,4.411981e-10,-1.066641e-10,-8.698375e-12,-1.202409e-13,3.732644e-12,2.970957e-12,3.614407e-12
0.000151838,2.97,2.97,1.2,0.004796229,2.962589,0.004231241,1.219423e-07,1.2,1.339675e-11,2.970015,0.1282517,1.131261e-05,1.2,4.416322e-10,-1.067441e-10,-8.707257e-12,-1.203037e-13,3.733291e-12,2.970957e-12,3.618074e-12
0.000151938,2.97,2.97,1.2,0.004782953,2.962583,0.004233876,1.218627e-07,1.2,1.338808e-11,2.970015,0.128342,1.132713e-05,1.2,4.421988e-10,-1.06797e-10,-8.712586e-12,-1.205347e-13,3.738256e-12,2.971401e-12,3.622599e-12
0.000152038,2.97,2.97,1.2,0.004769712,2.962577,0.004236509,1.218851e-07,1.2,1.339057e-11,2.970015,0.1284324,1.134156e-05,1.2,4.427619e-10,-1.068512e-10,-8.717915e-12,-1.206235e-13,3.746069e-12,2.970957e-12,3.627201e-12
0.000152138,2.97,2.97,1.2,0.004756508,2.962571,0.004239141,1.218903e-07,1.2,1.339106e-11,2.970015,0.1285227,1.135609e-05,1.2,4.43329e-10,-1.069101e-10,-8.724133e-12,-1.207737e-13,3.748792e-12,2.971401e-12,3.631878e-12
0.000152238,2.97,2.97,1.2,0.004743341,2.962565,0.004241773,1.218822e-07,1.2,1.339025e-11,2.970015,0.1286131,1.13707e-05,1.2,4.438993e-10,-1.069736e-10,-8.731238e-12,-1.208866e-13,3.754218e-12,2.971845e-12,3.636578e-12
0.000152338,2.97,2.97,1.2,0.004730209,2.96256,0.004244404,1.21885e-07,1.2,1.339052e-11,2.970015,0.1287034,1.138522e-05,1.2,4.444657e-10,-1.07044e-10,-8.738787e-12,-1.210161e-13,3.759659e-12,2.970957e-12,3.641146e-12
0.000152438,2.97,2.97,1.2,0.004717114,2.962554,0.004247035,1.217979e-07,1.2,1.338109e-11,2.970015,0.1287937,1.139976e-05,1.2,4.450331e-10,-1.071153e-10,-8.745893e-12,-1.212677e-13,3.762617e-12,2.971401e-12,3.645859e-12
0.000152538,2.97,2.97,1.2,0.004704056,2.962548,0.004249664,1.218792e-07,1.2,1.338982e-11,2.970015,0.1288841,1.141443e-05,1.2,4.456058e-10,-1.071896e-10,-8.754331e-12,-1.213731e-13,3.768093e-12,2.970957e-12,3.650556e-12
0.000152638,2.97,2.97,1.2,0.004691033,2.962542,0.004252294,1.21844e-07,1.2,1.33861e-11,2.970015,0.1289744,1.142918e-05,1.2,4.461815e-10,-1.072661e-10,-8.762324e-12,-1.215381e-13,3.770918e-12,2.971401e-12,3.65534e-12
0.000152738,2.97,2.97,1.2,0.004678046,2.962536,0.004254922,1.21884e-07,1.2,1.339033e-11,2.970015,0.1290647,1.144381e-05,1.2,4.467523e-10,-1.073442e-10,-8.770762e-12,-1.216945e-13,3.78147e-12,2.970957e-12,3.65991e-12
0.000152838,2.97,2.97,1.2,0.004665096,2.962531,0.00425755,1.217882e-07,1.2,1.33801e-11,2.970015,0.129155,1.145846e-05,1.2,4.473236e-10,-1.074264e-10,-8.7792e-12,-1.219105e-13,3.784317e-12,2.970957e-12,3.664621e-12
0.000152938,2.97,2.97,1.2,0.004652181,2.962525,0.004260177,1.218022e-07,1.2,1.338148e-11,2.970015,0.1292453,1.14732e-05,1.2,4.478991e-10,-1.075068e-10,-8.787637e-12,-1.221252e-13,3.78725e-12,2.970957e-12,3.669366e-12
0.000153038,2.97,2.97,1.2,0.004639302,2.962519,0.004262803,1.217617e-07,1.2,1.337723e-11,2.970015,0.1293357,1.148801e-05,1.2,4.484771e-10,-1.075885e-10,-8.796963e-12,-1.223073e-13,3.792537e-12,2.971401e-12,3.674103e-12
0.000153138,2.97,2.97,1.2,0.004626458,2.962513,0.004265429,1.217385e-07,1.2,1.337472e-11,2.970015,0.129426,1.150291e-05,1.2,4.490585e-10,-1.07671e-10,-8.805401e-12,-1.224888e-13,3.795272e-12,2.970957e-12,3.678918e-12
0.000153238,2.97,2.97,1.2,0.00461365,2.962508,0.004268054,1.217011e-07,1.2,1.337066e-11,2.970015,0.1295163,1.151786e-05,1.2,4.496419e-10,-1.077536e-10,-8.814727e-12,-1.227056e-13,3.803345e-12,2.971401e-12,3.683716e-12
0.000153338,2.97,2.97,1.2,0.004600877,2.962502,0.004270678,1.217398e-07,1.2,1.337484e-11,2.970015,0.1296066,1.153269e-05,1.2,4.502204e-10,-1.078365e-10,-8.822276e-12,-1.228473e-13,3.806236e-12,2.970957e-12,3.688373e-12
0.000153438,2.97,2.97,1.2,0.00458814,2.962496,0.004273302,1.217889e-07,1.2,1.338013e-11,2.970015,0.1296968,1.154752e-05,1.2,4.507993e-10,-1.079222e-10,-8.831602e-12,-1.229654e-13,3.811409e-12,2.971401e-12,3.69313e-12
0.000153538,2.97,2.97,1.2,0.004575437,2.96249,0.004275925,1.217468e-07,1.2,1.337557e-11,2.970015,0.1297871,1.156244e-05,1.2,4.513813e-10,-1.080052e-10,-8.840928e-12,-1.231961e-13,3.819518e-12,2.971401e-12,3.697934e-12
0.000153638,2.97,2.97,1.2,0.00456277,2.962484,0.004278547,1.216753e-07,1.2,1.336791e-11,2.970015,0.1298774,1.157745e-05,1.2,4.519671e-10,-1.080887e-10,-8.84981e-12,-1.234259e-13,3.822619e-12,2.971401e-12,3.702747e-12
0.000153738,2.97,2.97,1.2,0.004550136,2.962479,0.004281168,1.217067e-07,1.2,1.337127e-11,2.970015,0.1299677,1.15925e-05,1.2,4.525547e-10,-1.08172e-10,-8.858692e-12,-1.235824e-13,3.827896e-12,2.971401e-12,3.707584e-12
0.000153838,2.97,2.97,1.2,0.004537502,2.962473,0.004283789,1.217206e-07,1.2,1.337279e-11,2.970015,0.130058,1.160761e-05,1.2,4.531443e-10,-1.082561e-10,-8.867573e-12,-1.237341e-13,3.83086e-12,2.970957e-12,3.712429e-12
0.000153938,2.97,2.97,1.2,0.004524855,2.962467,0.004286409,1.216455e-07,1.2,1.33647e-11,2.970015,0.1301482,1.162276e-05,1.2,4.537355e-10,-1.083423e-10,-8.876455e-12,-1.239885e-13,3.836157e-12,2.971401e-12,3.717274e-12
0.000154038,2.97,2.97,1.2,0.004512264,2.962461,0.004289029,1.21648e-07,1.2,1.336495e-11,2.970015,0.1302385,1.163797e-05,1.2,4.54329e-10,-1.084248e-10,-8.885337e-12,-1.241719e-13,3.844175e-12,2.970513e-12,3.722167e-12
0.000154138,2.97,2.97,1.2,0.00450094,2.962455,0.004291648,1.216734e-07,1.2,1.336771e-11,2.970015,0.1303288,1.165323e-05,1.2,4.549244e-10,-1.085047e-10,-8.893775e-12,-1.243324e-13,3.847258e-12,2.970513e-12,3.727072e-12
0.000154238,2.97,2.97,1.2,0.004551266,2.962451,0.004294287,1.223099e-07,1.2,1.343657e-11,2.970015,0.130419,1.166855e-05,1.2,4.555224e-10,-1.08353e-10,-8.877787e-12,-1.236135e-13,3.852745e-12,2.971401e-12,3.731984e-12
0.000154338,2.97,2.97,1.2,0.005062167,2.962452,0.004297038,1.253909e-07,1.2,1.377029e-11,2.970015,0.1305093,1.168391e-05,1.2,4.561218e-10,-1.08389e-10,-8.881784e-12,-1.217178e-13,3.85813e-12,2.970957e-12,3.736911e-12
0.000154438,2.97,2.97,1.2,0.004832132,2.962443,0.004299596,1.221772e-07,1.2,1.342208e-11,2.970015,0.1305995,1.169936e-05,1.2,4.567243e-10,-1.064278e-10,-8.673506e-12,-1.197584e-13,3.863596e-12,2.970957e-12,3.74187e-12
0.0001545296,2.97,2.97,1.2,0.004819411,2.962438,0.004301983,1.218269e-07,1.2,1.338393e-11,2.970014,0.1306822,1.17134e-05,1.2,4.572726e-10,-1.06022e-10,-8.629986e-12,-1.191352e-13,3.867625e-12,2.970957e-12,3.746329e-12
0.0001545966,2.97,2.97,1.2,0.004810526,2.962433,0.004303732,1.216315e-07,1.2,1.33629e-11,2.970014,0.1307427,1.172383e-05,1.2,4.576795e-10,-1.060224e-10,-8.629986e-12,-1.192951e-13,3.86939e-12,2.970957e-12,3.749861e-12
0.0001546587,2.97,2.97,1.2,0.004802272,2.96243,0.004305354,1.215939e-07,1.2,1.335886e-11,2.970014,0.1307987,1.173352e-05,1.2,4.580575e-10,-1.062263e-10,-8.651746e-12,-1.197251e-13,3.872678e-12,2.971401e-12,3.752889e-12
0.0001547423,2.97,2.97,1.2,0.004791162,2.962425,0.004307539,1.215437e-07,1.2,1.335323e-11,2.970014,0.1308741,1.174652e-05,1.2,4.585648e-10,-1.064043e-10,-8.670398e-12,-1.201618e-13,3.8788e-12,2.971401e-12,3.756887e-12
0.0001548423,2.97,2.97,1.2,0.0047779,2.962419,0.004310153,1.21547e-07,1.2,1.335374e-11,2.970014,0.1309643,1.176196e-05,1.2,4.591672e-10,-1.065398e-10,-8.685053e-12,-1.203934e-13,3.884165e-12,2.970957e-12,3.761848e-12
0.0001549423,2.97,2.97,1.2,0.004764674,2.962413,0.004312766,1.215457e-07,1.2,1.335357e-11,2.970014,0.1310545,1.17775e-05,1.2,4.597738e-10,-1.066668e-10,-8.698375e-12,-1.206561e-13,3.889782e-12,2.971401e-12,3.766867e-12
0.0001550423,2.97,2.97,1.2,0.004751484,2.962408,0.004315378,1.215531e-07,1.2,1.33544e-11,2.970014,0.1311448,1.179312e-05,1.2,4.603833e-10,-1.067818e-10,-8.71081e-12,-1.208875e-13,3.89239e-12,2.970957e-12,3.77188e-12
0.0001551423,2.97,2.97,1.2,0.004738331,2.962402,0.00431799,1.216547e-07,1.2,1.336535e-11,2.970014,0.131235,1.180885e-05,1.2,4.609972e-10,-1.068908e-10,-8.7228e-12,-1.210198e-13,3.898053e-12,2.970957e-12,3.776934e-12
0.0001552423,2.97,2.97,1.2,0.004725214,2.962396,0.004320601,1.216018e-07,1.2,1.335966e-11,2.970014,0.1313252,1.182455e-05,1.2,4.616097e-10,-1.069905e-10,-8.733458e-12,-1.212834e-13,3.903544e-12,2.970957e-12,3.781851e-12
0.0001553423,2.97,2.97,1.2,0.004712134,2.96239,0.004323211,1.21524e-07,1.2,1.335109e-11,2.970014,0.1314154,1.184011e-05,1.2,4.622174e-10,-1.070877e-10,-8.743672e-12,-1.215534e-13,3.909125e-12,2.970957e-12,3.78687e-12
0.0001554423,2.97,2.97,1.2,0.004699089,2.962384,0.004325821,1.215749e-07,1.2,1.335681e-11,2.970014,0.1315056,1.185578e-05,1.2,4.628288e-10,-1.071799e-10,-8.752998e-12,-1.217002e-13,3.914678e-12,2.970957e-12,3.791927e-12
0.0001555423,2.97,2.97,1.2,0.004686081,2.962379,0.004328429,1.21539e-07,1.2,1.335294e-11,2.970014,0.1315958,1.187157e-05,1.2,4.63445e-10,-1.072686e-10,-8.762768e-12,-1.219351e-13,3.920236e-12,2.970957e-12,3.796999e-12
0.0001556423,2.97,2.97,1.2,0.004673108,2.962373,0.004331038,1.215273e-07,1.2,1.335152e-11,2.970014,0.131686,1.188745e-05,1.2,4.640645e-10,-1.073548e-10,-8.77165e-12,-1.220935e-13,3.925992e-12,2.970957e-12,3.802125e-12
0.0001557423,2.97,2.97,1.2,0.004660171,2.962367,0.004333645,1.215612e-07,1.2,1.335513e-11,2.970014,0.1317762,1.190331e-05,1.2,4.646832e-10,-1.074385e-10,-8.780976e-12,-1.222431e-13,3.929103e-12,2.971401e-12,3.807068e-12
0.0001558423,2.97,2.97,1.2,0.004647271,2.962361,0.004336252,1.21581e-07,1.2,1.335748e-11,2.970014,0.1318664,1.191904e-05,1.2,4.652972e-10,-1.075201e-10,-8.78897e-12,-1.224126e-13,3.93452e-12,2.971845e-12,3.812139e-12
0.0001559423,2.97,2.97,1.2,0.004634405,2.962356,0.004338858,1.215738e-07,1.2,1.335652e-11,2.970014,0.1319566,1.193487e-05,1.2,4.659149e-10,-1.076009e-10,-8.797851e-12,-1.225676e-13,3.94022e-12,2.970957e-12,3.817239e-12
0.0001560423,2.97,2.97,1.2,0.004621576,2.96235,0.004341463,1.214345e-07,1.2,1.334149e-11,2.970014,0.1320467,1.195081e-05,1.2,4.66537e-10,-1.076802e-10,-8.806289e-12,-1.228752e-13,3.945987e-12,2.971401e-12,3.822381e-12
0.0001561423,2.97,2.97,1.2,0.004608782,2.962344,0.004344068,1.214792e-07,1.2,1.334615e-11,2.970014,0.1321369,1.196683e-05,1.2,4.671621e-10,-1.07759e-10,-8.814727e-12,-1.229672e-13,3.951395e-12,2.970957e-12,3.827519e-12
0.0001562423,2.97,2.97,1.2,0.004596023,2.962338,0.004346672,1.214973e-07,1.2,1.334823e-11,2.970014,0.1322271,1.198293e-05,1.2,4.677905e-10,-1.078368e-10,-8.823609e-12,-1.231551e-13,3.954263e-12,2.971845e-12,3.832681e-12
0.0001563423,2.97,2.97,1.2,0.004583299,2.962332,0.004349275,1.214724e-07,1.2,1.334541e-11,2.970014,0.1323173,1.199907e-05,1.2,4.684203e-10,-1.079142e-10,-8.831158e-12,-1.233139e-13,3.962735e-12,2.970957e-12,3.83786e-12
0.0001564423,2.97,2.97,1.2,0.004570611,2.962327,0.004351878,1.214946e-07,1.2,1.334778e-11,2.970014,0.1324074,1.201523e-05,1.2,4.690507e-10,-1.079909e-10,-8.839596e-12,-1.234423e-13,3.965661e-12,2.971401e-12,3.842928e-12
0.0001565423,2.97,2.97,1.2,0.004557957,2.962321,0.00435448,1.214031e-07,1.2,1.333791e-11,2.970014,0.1324976,1.203123e-05,1.2,4.696755e-10,-1.0807e-10,-8.847589e-12,-1.237058e-13,3.971242e-12,2.970957e-12,3.848066e-12
0.0001566423,2.97,2.97,1.2,0.004545331,2.962315,0.004357081,1.213898e-07,1.2,1.333652e-11,2.970014,0.1325877,1.204733e-05,1.2,4.703034e-10,-1.081461e-10,-8.856027e-12,-1.238638e-13,3.979634e-12,2.970957e-12,3.853243e-12
0.0001567423,2.97,2.97,1.2,0.004532679,2.962309,0.004359682,1.214262e-07,1.2,1.33404e-11,2.970014,0.1326779,1.206351e-05,1.2,4.70935e-10,-1.082211e-10,-8.864021e-12,-1.239907e-13,3.982755e-12,2.970957e-12,3.858458e-12
0.0001568423,2.97,2.97,1.2,0.004520053,2.962303,0.004362282,1.213828e-07,1.2,1.333573e-11,2.970014,0.132768,1.207978e-05,1.2,4.715699e-10,-1.082994e-10,-8.872458e-12,-1.241775e-13,3.988562e-12,2.970957e-12,3.863676e-12
0.0001569423,2.97,2.97,1.2,0.004507551,2.962298,0.004364881,1.213043e-07,1.2,1.332729e-11,2.970014,0.1328582,1.209609e-05,1.2,4.722062e-10,-1.083754e-10,-8.880452e-12,-1.244207e-13,3.991611e-12,2.970957e-12,3.868902e-12
0.0001570423,2.97,2.97,1.2,0.00450227,2.962292,0.004367482,1.214804e-07,1.2,1.334632e-11,2.970014,0.1329483,1.211249e-05,1.2,4.728465e-10,-1.08419e-10,-8.885337e-12,-1.243627e-13,3.999921e-12,2.970957e-12,3.874178e-12
0.0001571423,2.97,2.97,1.2,0.004710141,2.96229,0.00437015,1.237706e-07,1.2,1.35945e-11,2.970014,0.1330384,1.212895e-05,1.2,4.734886e-10,-1.078234e-10,-8.821388e-12,-1.217031e-13,4.003004e-12,2.970513e-12,3.87946e-12
0.0001572423,2.97,2.97,1.2,0.004972797,2.962285,0.004372753,1.202868e-07,1.2,1.321713e-11,2.970014,0.1331285,1.214546e-05,1.2,4.74133e-10,-1.103445e-10,-9.090062e-12,-1.290922e-13,4.011573e-12,2.971401e-12,3.884763e-12
0.0001573423,2.97,2.97,1.2,0.004828464,2.962279,0.004375357,1.213876e-07,1.2,1.333644e-11,2.970014,0.1332187,1.216204e-05,1.2,4.747799e-10,-1.104809e-10,-9.103829e-12,-1.286402e-13,4.014491e-12,2.971401e-12,3.890063e-12
0.0001574154,2.97,2.97,1.2,0.004818461,2.962275,0.004377255,1.214021e-07,1.2,1.333818e-11,2.970014,0.1332846,1.21743e-05,1.2,4.752583e-10,-1.10504e-10,-9.106937e-12,-1.287624e-13,4.0188e-12,2.970957e-12,3.894113e-12
0.0001574864,2.97,2.97,1.2,0.00480896,2.962271,0.004379098,1.213475e-07,1.2,1.333212e-11,2.970014,0.1333486,1.218612e-05,1.2,4.757197e-10,-1.105407e-10,-9.110934e-12,-1.288237e-13,4.024117e-12,2.971401e-12,3.897729e-12
0.00015755,2.97,2.97,1.2,0.004800485,2.962267,0.004380747,1.213873e-07,1.2,1.333645e-11,2.970014,0.1334059,1.21966e-05,1.2,4.761284e-10,-1.106036e-10,-9.117596e-12,-1.289812e-13,4.026807e-12,2.970957e-12,3.901042e-12
0.00015765,2.97,2.97,1.2,0.004787194,2.962261,0.004383341,1.213446e-07,1.2,1.33319e-11,2.970014,0.133496,1.221331e-05,1.2,4.767807e-10,-1.10654e-10,-9.122925e-12,-1.291047e-13,4.031153e-12,2.970957e-12,3.906522e-12
0.00015775,2.97,2.97,1.2,0.004773941,2.962256,0.004385935,1.213633e-07,1.2,1.333389e-11,2.970014,0.1335861,1.223009e-05,1.2,4.774352e-10,-1.107125e-10,-9.129142e-12,-1.291821e-13,4.036861e-12,2.970957e-12,3.91181e-12
0.00015785,2.97,2.97,1.2,0.004760724,2.96225,0.004388528,1.21412e-07,1.2,1.333907e-11,2.970014,0.1336762,1.224678e-05,1.2,4.780868e-10,-1.107738e-10,-9.136247e-12,-1.292755e-13,4.042733e-12,2.970957e-12,3.917177e-12
0.00015795,2.97,2.97,1.2,0.004747544,2.962244,0.00439112,1.213639e-07,1.2,1.333389e-11,2.970014,0.1337663,1.226358e-05,1.2,4.787424e-10,-1.108395e-10,-9.142465e-12,-1.294637e-13,4.048631e-12,2.970513e-12,3.922581e-12
0.00015805,2.97,2.97,1.2,0.004734401,2.962238,0.004393711,1.213543e-07,1.2,1.333285e-11,2.970014,0.1338564,1.228035e-05,1.2,4.793968e-10,-1.109114e-10,-9.150014e-12,-1.296218e-13,4.054302e-12,2.971401e-12,3.927832e-12
0.00015815,2.97,2.97,1.2,0.004721295,2.962232,0.004396302,1.213141e-07,1.2,1.332847e-11,2.970014,0.1339465,1.229703e-05,1.2,4.800477e-10,-1.109834e-10,-9.157564e-12,-1.298551e-13,4.060084e-12,2.971401e-12,3.933236e-12
0.00015825,2.97,2.97,1.2,0.004708224,2.962227,0.004398892,1.212825e-07,1.2,1.332519e-11,2.970014,0.1340366,1.231384e-05,1.2,4.807037e-10,-1.110572e-10,-9.166001e-12,-1.299815e-13,4.063257e-12,2.971401e-12,3.938634e-12
0.00015835,2.97,2.97,1.2,0.00469519,2.962221,0.004401481,1.212765e-07,1.2,1.332446e-11,2.970014,0.1341266,1.233073e-05,1.2,4.81363e-10,-1.111324e-10,-9.173995e-12,-1.301504e-13,4.071544e-12,2.970957e-12,3.944074e-12
0.00015845,2.97,2.97,1.2,0.004682192,2.962215,0.00440407,1.212892e-07,1.2,1.33258e-11,2.970014,0.1342167,1.234772e-05,1.2,4.82026e-10,-1.112094e-10,-9.181544e-12,-1.303217e-13,4.077227e-12,2.970957e-12,3.94953e-12
0.00015855,2.97,2.97,1.2,0.00466923,2.962209,0.004406658,1.212687e-07,1.2,1.332362e-11,2.970014,0.1343068,1.236461e-05,1.2,4.826849e-10,-1.112864e-10,-9.189982e-12,-1.305108e-13,4.08318e-12,2.970957e-12,3.954871e-12
0.00015865,2.97,2.97,1.2,0.004656304,2.962203,0.004409245,1.212396e-07,1.2,1.332051e-11,2.970014,0.1343968,1.238153e-05,1.2,4.833452e-10,-1.113671e-10,-9.19842e-12,-1.306902e-13,4.086331e-12,2.970957e-12,3.960289e-12
0.00015875,2.97,2.97,1.2,0.004643413,2.962198,0.004411831,1.212016e-07,1.2,1.331641e-11,2.970014,0.1344869,1.239853e-05,1.2,4.840086e-10,-1.114462e-10,-9.207302e-12,-1.308852e-13,4.094749e-12,2.971401e-12,3.965761e-12
0.00015885,2.97,2.97,1.2,0.004630558,2.962192,0.004414417,1.211184e-07,1.2,1.330745e-11,2.970014,0.134577,1.241563e-05,1.2,4.84676e-10,-1.11525e-10,-9.215295e-12,-1.311258e-13,4.098096e-12,2.971401e-12,3.971274e-12
0.00015895,2.97,2.97,1.2,0.004617739,2.962186,0.004417003,1.212041e-07,1.2,1.331669e-11,2.970014,0.134667,1.243281e-05,1.2,4.853463e-10,-1.116039e-10,-9.223733e-12,-1.312062e-13,4.101117e-12,2.971401e-12,3.976767e-12
0.00015905,2.97,2.97,1.2,0.004604955,2.96218,0.004419587,1.212449e-07,1.2,1.332106e-11,2.970014,0.1347571,1.245005e-05,1.2,4.860191e-10,-1.116834e-10,-9.232171e-12,-1.313378e-13,4.112063e-12,2.971401e-12,3.982318e-12
0.00015915,2.97,2.97,1.2,0.004592206,2.962174,0.004422171,1.211669e-07,1.2,1.331263e-11,2.970014,0.1348471,1.246737e-05,1.2,4.866946e-10,-1.11763e-10,-9.241052e-12,-1.316079e-13,4.115286e-12,2.970957e-12,3.987883e-12
0.00015925,2.97,2.97,1.2,0.004579493,2.962169,0.004424755,1.211492e-07,1.2,1.331078e-11,2.970014,0.1349372,1.248455e-05,1.2,4.873652e-10,-1.118449e-10,-9.24949e-12,-1.317858e-13,4.121169e-12,2.971401e-12,3.99329e-12
0.00015935,2.97,2.97,1.2,0.004566814,2.962163,0.004427337,1.211542e-07,1.2,1.331132e-11,2.970014,0.1350272,1.250189e-05,1.2,4.88042e-10,-1.119241e-10,-9.257928e-12,-1.319307e-13,4.126866e-12,2.970957e-12,3.998824e-12
0.00015945,2.97,2.97,1.2,0.00455417,2.962157,0.004429919,1.211677e-07,1.2,1.331276e-11,2.970014,0.1351172,1.251916e-05,1.2,4.88716e-10,-1.120038e-10,-9.266365e-12,-1.320834e-13,4.132625e-12,2.970957e-12,4.004376e-12
0.00015955,2.97,2.97,1.2,0.004541541,2.962151,0.0044325,1.211932e-07,1.2,1.331546e-11,2.970014,0.1352072,1.253652e-05,1.2,4.893933e-10,-1.120839e-10,-9.275247e-12,-1.322559e-13,4.135922e-12,2.970957e-12,4.009961e-12
0.00015965,2.97,2.97,1.2,0.004528884,2.962145,0.004435081,1.211223e-07,1.2,1.330785e-11,2.970014,0.1352973,1.255398e-05,1.2,4.900745e-10,-1.121653e-10,-9.284129e-12,-1.324865e-13,4.14698e-12,2.970957e-12,4.015575e-12
0.00015975,2.97,2.97,1.2,0.004516275,2.96214,0.004437661,1.211296e-07,1.2,1.330869e-11,2.970014,0.1353873,1.25715e-05,1.2,4.907583e-10,-1.122447e-10,-9.291679e-12,-1.326247e-13,4.15e-12,2.970957e-12,4.021203e-12
0.00015985,2.97,2.97,1.2,0.00450411,2.962134,0.00444024,1.210884e-07,1.2,1.330422e-11,2.970014,0.1354773,1.258909e-05,1.2,4.914448e-10,-1.123222e-10,-9.300116e-12,-1.328347e-13,4.155943e-12,2.970957e-12,4.02683e-12
0.00015995,2.97,2.97,1.2,0.004517902,2.962129,0.004442828,1.213853e-07,1.2,1.333632e-11,2.970014,0.1355673,1.26067e-05,1.2,4.921321e-10,-1.122984e-10,-9.297896e-12,-1.326096e-13,4.161775e-12,2.971401e-12,4.032472e-12
0.00016005,2.97,2.97,1.2,0.00493142,2.96213,0.00444553,1.249594e-07,1.2,1.372357e-11,2.970014,0.1356573,1.262439e-05,1.2,4.928226e-10,-1.116065e-10,-9.223733e-12,-1.289277e-13,4.167644e-12,2.971401e-12,4.038166e-12
0.00016015,2.97,2.97,1.2,0.004846931,2.96212,0.00444803,1.190886e-07,1.2,1.308738e-11,2.970014,0.1357473,1.264217e-05,1.2,4.935159e-10,-1.125538e-10,-9.324985e-12,-1.345822e-13,4.173404e-12,2.970957e-12,4.043863e-12
0.0001602438,2.97,2.97,1.2,0.004825097,2.962115,0.004450465,1.203702e-07,1.2,1.322644e-11,2.970014,0.1358317,1.265893e-05,1.2,4.941703e-10,-1.13924e-10,-9.470646e-12,-1.365899e-13,4.180236e-12,2.970513e-12,4.049268e-12
0.0001603199,2.97,2.97,1.2,0.004814927,2.962111,0.004452434,1.208394e-07,1.2,1.327719e-11,2.970014,0.1359002,1.26724e-05,1.2,4.946958e-10,-1.145583e-10,-9.537704e-12,-1.376122e-13,4.182745e-12,2.971401e-12,4.053557e-12
0.0001603776,2.97,2.97,1.2,0.004807246,2.962108,0.004453921,1.210526e-07,1.2,1.330056e-11,2.970014,0.1359521,1.268266e-05,1.2,4.95096e-10,-1.147785e-10,-9.561685e-12,-1.379301e-13,4.185431e-12,2.970957e-12,4.056758e-12
0.0001604581,2.97,2.97,1.2,0.004796523,2.962103,0.004455996,1.210951e-07,1.2,1.330486e-11,2.970014,0.1360246,1.269702e-05,1.2,4.956566e-10,-1.148236e-10,-9.567014e-12,-1.379855e-13,4.191745e-12,2.971401e-12,4.061505e-12
0.0001605581,2.97,2.97,1.2,0.004783245,2.962098,0.00445857,1.210325e-07,1.2,1.329807e-11,2.970014,0.1361146,1.271493e-05,1.2,4.963553e-10,-1.148506e-10,-9.569678e-12,-1.381198e-13,4.195096e-12,2.970957e-12,4.067145e-12
0.0001606581,2.97,2.97,1.2,0.004770004,2.962092,0.004461143,1.210583e-07,1.2,1.330108e-11,2.970014,0.1362046,1.273289e-05,1.2,4.970562e-10,-1.148804e-10,-9.572787e-12,-1.381643e-13,4.203654e-12,2.970957e-12,4.072923e-12
0.0001607581,2.97,2.97,1.2,0.004756799,2.962086,0.004463716,1.21036e-07,1.2,1.329861e-11,2.970014,0.1362945,1.275092e-05,1.2,4.977599e-10,-1.149184e-10,-9.57634e-12,-1.382979e-13,4.209918e-12,2.970513e-12,4.078698e-12
0.0001608581,2.97,2.97,1.2,0.004743631,2.96208,0.004466288,1.209966e-07,1.2,1.329422e-11,2.970014,0.1363845,1.276883e-05,1.2,4.984588e-10,-1.14961e-10,-9.581225e-12,-1.383867e-13,4.215847e-12,2.971845e-12,4.084356e-12
0.0001609581,2.97,2.97,1.2,0.004730499,2.962074,0.00446886,1.20953e-07,1.2,1.328946e-11,2.970014,0.1364745,1.27868e-05,1.2,4.991601e-10,-1.150125e-10,-9.58611e-12,-1.385377e-13,4.221773e-12,2.971401e-12,4.090121e-12
0.0001610581,2.97,2.97,1.2,0.004717403,2.962069,0.00447143,1.209176e-07,1.2,1.328562e-11,2.970014,0.1365644,1.280485e-05,1.2,4.998646e-10,-1.150677e-10,-9.592771e-12,-1.387049e-13,4.227721e-12,2.971401e-12,4.095943e-12
0.0001611581,2.97,2.97,1.2,0.004704344,2.962063,0.004474,1.209925e-07,1.2,1.329371e-11,2.970014,0.1366544,1.2823e-05,1.2,5.005725e-10,-1.151265e-10,-9.598544e-12,-1.387378e-13,4.230965e-12,2.970957e-12,4.101759e-12
0.0001612581,2.97,2.97,1.2,0.004691321,2.962057,0.00447657,1.209917e-07,1.2,1.329379e-11,2.970014,0.1367443,1.284105e-05,1.2,5.01277e-10,-1.151913e-10,-9.60565e-12,-1.388884e-13,4.242236e-12,2.970957e-12,4.107463e-12
0.0001613581,2.97,2.97,1.2,0.004678334,2.962051,0.004479139,1.209677e-07,1.2,1.329118e-11,2.970014,0.1368343,1.285912e-05,1.2,5.019824e-10,-1.152563e-10,-9.612755e-12,-1.390757e-13,4.245922e-12,2.970957e-12,4.113261e-12
0.0001614581,2.97,2.97,1.2,0.004665382,2.962045,0.004481707,1.209484e-07,1.2,1.328896e-11,2.970014,0.1369242,1.28773e-05,1.2,5.026915e-10,-1.153235e-10,-9.620305e-12,-1.39202e-13,4.251807e-12,2.970957e-12,4.119111e-12
0.0001615581,2.97,2.97,1.2,0.004652467,2.96204,0.004484274,1.209867e-07,1.2,1.329325e-11,2.970014,0.1370142,1.289556e-05,1.2,5.034041e-10,-1.153926e-10,-9.626966e-12,-1.393147e-13,4.257769e-12,2.971401e-12,4.124989e-12
0.0001616581,2.97,2.97,1.2,0.004639587,2.962034,0.004486841,1.208963e-07,1.2,1.328328e-11,2.970014,0.1371041,1.291392e-05,1.2,5.041208e-10,-1.154648e-10,-9.634071e-12,-1.395546e-13,4.264023e-12,2.971845e-12,4.130882e-12
0.0001617581,2.97,2.97,1.2,0.004626743,2.962028,0.004489407,1.209258e-07,1.2,1.328669e-11,2.970014,0.137194,1.293237e-05,1.2,5.048406e-10,-1.155354e-10,-9.642065e-12,-1.396843e-13,4.267282e-12,2.971401e-12,4.136809e-12
0.0001618581,2.97,2.97,1.2,0.004613934,2.962022,0.004491973,1.209285e-07,1.2,1.328677e-11,2.970014,0.137284,1.295086e-05,1.2,5.055622e-10,-1.156069e-10,-9.649614e-12,-1.39822e-13,4.278474e-12,2.970957e-12,4.142733e-12
0.0001619581,2.97,2.97,1.2,0.00460116,2.962016,0.004494538,1.209676e-07,1.2,1.329119e-11,2.970014,0.1373739,1.296942e-05,1.2,5.062865e-10,-1.156818e-10,-9.657164e-12,-1.399348e-13,4.281913e-12,2.970513e-12,4.148676e-12
0.0001620581,2.97,2.97,1.2,0.004588422,2.962011,0.004497102,1.208894e-07,1.2,1.328275e-11,2.970014,0.1374638,1.298805e-05,1.2,5.070137e-10,-1.157544e-10,-9.665602e-12,-1.401774e-13,4.287938e-12,2.971401e-12,4.15467e-12
0.0001621581,2.97,2.97,1.2,0.004575719,2.962005,0.004499665,1.208842e-07,1.2,1.328199e-11,2.970014,0.1375537,1.300682e-05,1.2,5.077458e-10,-1.158273e-10,-9.673595e-12,-1.403347e-13,4.294225e-12,2.970957e-12,4.160726e-12
0.0001622581,2.97,2.97,1.2,0.004563051,2.961999,0.004502228,1.209106e-07,1.2,1.328484e-11,2.970014,0.1376436,1.302545e-05,1.2,5.084731e-10,-1.159002e-10,-9.681145e-12,-1.404572e-13,4.300074e-12,2.970957e-12,4.16658e-12
0.0001623581,2.97,2.97,1.2,0.004550416,2.961993,0.00450479,1.208299e-07,1.2,1.327614e-11,2.970014,0.1377335,1.304415e-05,1.2,5.092027e-10,-1.159757e-10,-9.688694e-12,-1.406926e-13,4.306165e-12,2.970957e-12,4.172614e-12
0.0001624581,2.97,2.97,1.2,0.004537774,2.961987,0.004507352,1.208303e-07,1.2,1.327619e-11,2.970014,0.1378234,1.306285e-05,1.2,5.099324e-10,-1.16048e-10,-9.696688e-12,-1.408469e-13,4.314957e-12,2.971401e-12,4.178481e-12
0.0001625581,2.97,2.97,1.2,0.004525127,2.961982,0.004509912,1.208738e-07,1.2,1.328087e-11,2.970014,0.1379133,1.308146e-05,1.2,5.106589e-10,-1.161235e-10,-9.704237e-12,-1.409767e-13,4.318308e-12,2.971401e-12,4.184501e-12
0.0001626581,2.97,2.97,1.2,0.004512543,2.961976,0.004512473,1.208766e-07,1.2,1.32812e-11,2.970013,0.1380032,1.310022e-05,1.2,5.113906e-10,-1.161956e-10,-9.712231e-12,-1.411055e-13,4.324189e-12,2.970957e-12,4.190543e-12
0.0001627581,2.97,2.97,1.2,0.004501891,2.96197,0.004515033,1.208511e-07,1.2,1.327841e-11,2.970013,0.1380931,1.311908e-05,1.2,5.121266e-10,-1.162623e-10,-9.719336e-12,-1.412451e-13,4.330473e-12,2.970957e-12,4.19661e-12
0.0001628581,2.97,2.97,1.2,0.004576671,2.961966,0.00451762,1.218086e-07,1.2,1.338227e-11,2.970013,0.138183,1.313804e-05,1.2,5.128667e-10,-1.160208e-10,-9.693579e-12,-1.40189e-13,4.33616e-12,2.971401e-12,4.202681e-12
0.0001629581,2.97,2.97,1.2,0.005083098,2.961967,0.004520299,1.238494e-07,1.2,1.360362e-11,2.970013,0.1382729,1.315681e-05,1.2,5.135991e-10,-1.165998e-10,-9.755752e-12,-1.400785e-13,4.342479e-12,2.970957e-12,4.208592e-12
0.0001630581,2.97,2.97,1.2,0.00483107,2.961959,0.004522812,1.219081e-07,1.2,1.339275e-11,2.970013,0.1383627,1.317563e-05,1.2,5.143335e-10,-1.141699e-10,-9.496848e-12,-1.36348e-13,4.351051e-12,2.970957e-12,4.214637e-12
0.0001631517,2.97,2.97,1.2,0.004818235,2.961952,0.00452519,1.211915e-07,1.2,1.331514e-11,2.970013,0.1384468,1.319338e-05,1.2,5.150263e-10,-1.133201e-10,-9.407142e-12,-1.35071e-13,4.354653e-12,2.970957e-12,4.220426e-12
0.0001632371,2.97,2.97,1.2,0.004806872,2.961947,0.004527368,1.20792e-07,1.2,1.327169e-11,2.970013,0.1385236,1.320964e-05,1.2,5.156607e-10,-1.131153e-10,-9.384493e-12,-1.349343e-13,4.359968e-12,2.971401e-12,4.225636e-12
0.0001633096,2.97,2.97,1.2,0.00479724,2.961943,0.004529217,1.206655e-07,1.2,1.325814e-11,2.970013,0.1385887,1.322357e-05,1.2,5.162043e-10,-1.132153e-10,-9.395151e-12,-1.352077e-13,4.362944e-12,2.971401e-12,4.230071e-12
0.0001634096,2.97,2.97,1.2,0.004783962,2.961937,0.004531771,1.206856e-07,1.2,1.326029e-11,2.970013,0.1386785,1.324276e-05,1.2,5.169531e-10,-1.133587e-10,-9.410694e-12,-1.354784e-13,4.373175e-12,2.970957e-12,4.236232e-12
0.0001635096,2.97,2.97,1.2,0.00477072,2.961931,0.004534326,1.206996e-07,1.2,1.326181e-11,2.970013,0.1387684,1.326197e-05,1.2,5.177028e-10,-1.135116e-10,-9.426682e-12,-1.357562e-13,4.379329e-12,2.970957e-12,4.242292e-12
0.0001636096,2.97,2.97,1.2,0.004757514,2.961925,0.004536879,1.206959e-07,1.2,1.326137e-11,2.970013,0.1388582,1.32811e-05,1.2,5.184493e-10,-1.136573e-10,-9.442225e-12,-1.360842e-13,4.385434e-12,2.971401e-12,4.248435e-12
0.0001637096,2.97,2.97,1.2,0.004744344,2.96192,0.004539433,1.207067e-07,1.2,1.326258e-11,2.970013,0.1389481,1.330032e-05,1.2,5.191991e-10,-1.137902e-10,-9.45688e-12,-1.36367e-13,4.388836e-12,2.970957e-12,4.254608e-12
0.0001638096,2.97,2.97,1.2,0.004731211,2.961914,0.004541985,1.206721e-07,1.2,1.325874e-11,2.970013,0.1390379,1.331962e-05,1.2,5.199526e-10,-1.139137e-10,-9.469314e-12,-1.366142e-13,4.397671e-12,2.971401e-12,4.260816e-12
0.0001639096,2.97,2.97,1.2,0.004718114,2.961908,0.004544537,1.207146e-07,1.2,1.326329e-11,2.970013,0.1391278,1.333898e-05,1.2,5.207082e-10,-1.140243e-10,-9.481305e-12,-1.367999e-13,4.401106e-12,2.971401e-12,4.267027e-12
0.0001640096,2.97,2.97,1.2,0.004705053,2.961902,0.004547088,1.206838e-07,1.2,1.325999e-11,2.970013,0.1392176,1.335844e-05,1.2,5.214673e-10,-1.14128e-10,-9.492851e-12,-1.370467e-13,4.409888e-12,2.970957e-12,4.273273e-12
0.0001641096,2.97,2.97,1.2,0.004692028,2.961896,0.004549638,1.206603e-07,1.2,1.325746e-11,2.970013,0.1393074,1.337799e-05,1.2,5.222301e-10,-1.142243e-10,-9.502621e-12,-1.37295e-13,4.416134e-12,2.971401e-12,4.279552e-12
0.0001642096,2.97,2.97,1.2,0.004679039,2.961891,0.004552188,1.206938e-07,1.2,1.326112e-11,2.970013,0.1393972,1.339762e-05,1.2,5.229962e-10,-1.143127e-10,-9.512835e-12,-1.374462e-13,4.422093e-12,2.971845e-12,4.285844e-12
0.0001643096,2.97,2.97,1.2,0.004666086,2.961885,0.004554737,1.206769e-07,1.2,1.325933e-11,2.970013,0.1394871,1.341734e-05,1.2,5.237656e-10,-1.143989e-10,-9.521717e-12,-1.376261e-13,4.428136e-12,2.970957e-12,4.292174e-12
0.0001644096,2.97,2.97,1.2,0.004653168,2.961879,0.004557285,1.206804e-07,1.2,1.325968e-11,2.970013,0.1395769,1.343708e-05,1.2,5.245362e-10,-1.144811e-10,-9.530599e-12,-1.378175e-13,4.43437e-12,2.971401e-12,4.298491e-12
0.0001645096,2.97,2.97,1.2,0.004640287,2.961873,0.004559833,1.207071e-07,1.2,1.326259e-11,2.970013,0.1396667,1.345683e-05,1.2,5.253069e-10,-1.145603e-10,-9.539036e-12,-1.379534e-13,4.440563e-12,2.970957e-12,4.304711e-12
0.0001646096,2.97,2.97,1.2,0.004627441,2.961867,0.00456238,1.207433e-07,1.2,1.326653e-11,2.970013,0.1397565,1.347648e-05,1.2,5.260734e-10,-1.146372e-10,-9.547474e-12,-1.380462e-13,4.449517e-12,2.971401e-12,4.31105e-12
0.0001647096,2.97,2.97,1.2,0.004614631,2.961862,0.004564926,1.206401e-07,1.2,1.32554e-11,2.970013,0.1398463,1.349622e-05,1.2,5.268441e-10,-1.147148e-10,-9.555468e-12,-1.382796e-13,4.45322e-12,2.971401e-12,4.317372e-12
0.0001648096,2.97,2.97,1.2,0.004601856,2.961856,0.004567472,1.206703e-07,1.2,1.325861e-11,2.970013,0.1399361,1.351608e-05,1.2,5.276191e-10,-1.147888e-10,-9.562573e-12,-1.384264e-13,4.459412e-12,2.970957e-12,4.323779e-12
0.0001649096,2.97,2.97,1.2,0.004589116,2.96185,0.004570017,1.206627e-07,1.2,1.325779e-11,2.970013,0.1400259,1.3536e-05,1.2,5.283961e-10,-1.148617e-10,-9.570567e-12,-1.386084e-13,4.465681e-12,2.971401e-12,4.330056e-12
0.0001650096,2.97,2.97,1.2,0.004576412,2.961844,0.004572561,1.206909e-07,1.2,1.326091e-11,2.970013,0.1401157,1.355582e-05,1.2,5.291696e-10,-1.149332e-10,-9.578116e-12,-1.386962e-13,4.474734e-12,2.971401e-12,4.336465e-12
0.0001651096,2.97,2.97,1.2,0.004563742,2.961839,0.004575104,1.206437e-07,1.2,1.325573e-11,2.970013,0.1402054,1.357578e-05,1.2,5.299489e-10,-1.150049e-10,-9.58611e-12,-1.389241e-13,4.48363e-12,2.970957e-12,4.342898e-12
0.0001652096,2.97,2.97,1.2,0.004551105,2.961833,0.004577647,1.206294e-07,1.2,1.325428e-11,2.970013,0.1402952,1.359588e-05,1.2,5.307332e-10,-1.150759e-10,-9.594103e-12,-1.390518e-13,4.487355e-12,2.970957e-12,4.349354e-12
0.0001653096,2.97,2.97,1.2,0.004538464,2.961827,0.00458019,1.206498e-07,1.2,1.325643e-11,2.970013,0.140385,1.361596e-05,1.2,5.315166e-10,-1.151466e-10,-9.601209e-12,-1.392033e-13,4.493631e-12,2.970957e-12,4.355661e-12
0.0001654096,2.97,2.97,1.2,0.004525815,2.961821,0.004582731,1.206264e-07,1.2,1.325391e-11,2.970013,0.1404747,1.363593e-05,1.2,5.322961e-10,-1.152189e-10,-9.608758e-12,-1.393648e-13,4.499912e-12,2.971401e-12,4.362103e-12
0.0001655096,2.97,2.97,1.2,0.004513226,2.961815,0.004585272,1.206407e-07,1.2,1.325549e-11,2.970013,0.1405645,1.365604e-05,1.2,5.330807e-10,-1.152872e-10,-9.616308e-12,-1.394714e-13,4.508846e-12,2.970957e-12,4.368551e-12
0.0001656096,2.97,2.97,1.2,0.004502289,2.96181,0.004587813,1.206717e-07,1.2,1.325882e-11,2.970013,0.1406543,1.367625e-05,1.2,5.338697e-10,-1.153502e-10,-9.622525e-12,-1.395881e-13,4.51255e-12,2.971401e-12,4.375053e-12
0.0001657096,2.97,2.97,1.2,0.004567177,2.961805,0.004590378,1.214182e-07,1.2,1.333949e-11,2.970013,0.140744,1.369653e-05,1.2,5.346608e-10,-1.151356e-10,-9.599876e-12,-1.387431e-13,4.521636e-12,2.970957e-12,4.381551e-12
0.0001658096,2.97,2.97,1.2,0.00507948,2.961806,0.004593044,1.23869e-07,1.2,1.360534e-11,2.970013,0.1408338,1.371691e-05,1.2,5.354561e-10,-1.1549e-10,-9.638068e-12,-1.378752e-13,4.525191e-12,2.971401e-12,4.388119e-12
0.0001659096,2.97,2.97,1.2,0.00483199,2.961798,0.004595533,1.215066e-07,1.2,1.3349e-11,2.970013,0.1409235,1.373738e-05,1.2,5.362549e-10,-1.131374e-10,-9.387602e-12,-1.345778e-13,4.534008e-12,2.971401e-12,4.394672e-12
0.0001660017,2.97,2.97,1.2,0.004819315,2.961792,0.004597859,1.208253e-07,1.2,1.327494e-11,2.970013,0.1410062,1.375629e-05,1.2,5.369926e-10,-1.123911e-10,-9.30811e-12,-1.335081e-13,4.541175e-12,2.970957e-12,4.400708e-12
0.0001660788,2.97,2.97,1.2,0.004809071,2.961787,0.004599809,1.204933e-07,1.2,1.323921e-11,2.970013,0.1410754,1.377194e-05,1.2,5.376034e-10,-1.122328e-10,-9.291234e-12,-1.333596e-13,4.547497e-12,2.970957e-12,4.405587e-12
0.0001661518,2.97,2.97,1.2,0.004799367,2.961783,0.004601658,1.203836e-07,1.2,1.322713e-11,2.970013,0.1411409,1.378688e-05,1.2,5.381864e-10,-1.123541e-10,-9.303669e-12,-1.337216e-13,4.550588e-12,2.971401e-12,4.410555e-12
0.0001662458,2.97,2.97,1.2,0.004786879,2.961777,0.004604042,1.203913e-07,1.2,1.322811e-11,2.970013,0.1412252,1.380626e-05,1.2,5.389427e-10,-1.125019e-10,-9.3201e-12,-1.33984e-13,4.556499e-12,2.970957e-12,4.416756e-12
0.0001663458,2.97,2.97,1.2,0.00477363,2.961771,0.004606577,1.204464e-07,1.2,1.323403e-11,2.970013,0.141315,1.382696e-05,1.2,5.397505e-10,-1.126451e-10,-9.334755e-12,-1.34209e-13,4.560446e-12,2.970957e-12,4.423381e-12
0.0001664458,2.97,2.97,1.2,0.004760416,2.961766,0.004609112,1.204836e-07,1.2,1.323799e-11,2.970013,0.1414047,1.384759e-05,1.2,5.405556e-10,-1.127793e-10,-9.34941e-12,-1.344863e-13,4.572003e-12,2.970957e-12,4.429928e-12
0.0001665458,2.97,2.97,1.2,0.004747239,2.96176,0.004611646,1.204568e-07,1.2,1.323522e-11,2.970013,0.1414944,1.386822e-05,1.2,5.413608e-10,-1.129003e-10,-9.362289e-12,-1.347315e-13,4.575742e-12,2.970957e-12,4.43652e-12
0.0001666458,2.97,2.97,1.2,0.004734098,2.961754,0.00461418,1.204786e-07,1.2,1.323757e-11,2.970013,0.1415841,1.388898e-05,1.2,5.421711e-10,-1.130125e-10,-9.374279e-12,-1.349367e-13,4.584719e-12,2.970957e-12,4.443221e-12
0.0001667458,2.97,2.97,1.2,0.004720993,2.961748,0.004616712,1.204612e-07,1.2,1.323567e-11,2.970013,0.1416738,1.390961e-05,1.2,5.429758e-10,-1.131124e-10,-9.384493e-12,-1.352002e-13,4.591153e-12,2.970513e-12,4.449733e-12
0.0001668458,2.97,2.97,1.2,0.004707924,2.961743,0.004619244,1.20395e-07,1.2,1.322844e-11,2.970013,0.1417635,1.393029e-05,1.2,5.437825e-10,-1.132066e-10,-9.395151e-12,-1.354191e-13,4.594878e-12,2.970513e-12,4.456373e-12
0.0001669458,2.97,2.97,1.2,0.004694892,2.961737,0.004621776,1.204186e-07,1.2,1.323097e-11,2.970013,0.1418532,1.395111e-05,1.2,5.445953e-10,-1.13294e-10,-9.404033e-12,-1.355645e-13,4.606745e-12,2.970957e-12,4.46308e-12
0.0001670458,2.97,2.97,1.2,0.004681895,2.961731,0.004624307,1.203491e-07,1.2,1.322348e-11,2.970013,0.1419429,1.397203e-05,1.2,5.454115e-10,-1.133762e-10,-9.412471e-12,-1.35808e-13,4.610476e-12,2.970957e-12,4.469803e-12
0.0001671458,2.97,2.97,1.2,0.004668935,2.961725,0.004626837,1.203952e-07,1.2,1.322848e-11,2.970013,0.1420326,1.399305e-05,1.2,5.462319e-10,-1.134536e-10,-9.420908e-12,-1.359199e-13,4.619516e-12,2.971401e-12,4.476536e-12
0.0001672458,2.97,2.97,1.2,0.00465601,2.961719,0.004629366,1.204867e-07,1.2,1.323835e-11,2.970013,0.1421223,1.401415e-05,1.2,5.470553e-10,-1.135287e-10,-9.429346e-12,-1.359648e-13,4.623424e-12,2.970957e-12,4.483313e-12
0.0001673458,2.97,2.97,1.2,0.004643121,2.961714,0.004631895,1.204203e-07,1.2,1.323134e-11,2.970013,0.142212,1.403518e-05,1.2,5.47876e-10,-1.136007e-10,-9.436896e-12,-1.362149e-13,4.629698e-12,2.970957e-12,4.489841e-12
0.0001674458,2.97,2.97,1.2,0.004630268,2.961708,0.004634423,1.204169e-07,1.2,1.323086e-11,2.970013,0.1423017,1.40561e-05,1.2,5.486921e-10,-1.136706e-10,-9.444001e-12,-1.363333e-13,4.641521e-12,2.970957e-12,4.496795e-12
0.0001675458,2.97,2.97,1.2,0.00461745,2.961702,0.00463695,1.20431e-07,1.2,1.32323e-11,2.970013,0.1423913,1.407736e-05,1.2,5.495217e-10,-1.137389e-10,-9.451551e-12,-1.364954e-13,4.645195e-12,2.971401e-12,4.503402e-12
0.0001676458,2.97,2.97,1.2,0.004604668,2.961696,0.004639477,1.204535e-07,1.2,1.323479e-11,2.970013,0.142481,1.409845e-05,1.2,5.503453e-10,-1.138063e-10,-9.458212e-12,-1.36593e-13,4.654404e-12,2.970957e-12,4.510397e-12
0.0001677458,2.97,2.97,1.2,0.004591921,2.96169,0.004642003,1.204392e-07,1.2,1.323318e-11,2.970013,0.1425707,1.411962e-05,1.2,5.511713e-10,-1.138718e-10,-9.465762e-12,-1.367758e-13,4.658218e-12,2.971401e-12,4.516983e-12
0.0001678458,2.97,2.97,1.2,0.004579209,2.961685,0.004644529,1.203889e-07,1.2,1.322763e-11,2.970013,0.1426603,1.414101e-05,1.2,5.520058e-10,-1.139395e-10,-9.472423e-12,-1.36921e-13,4.664856e-12,2.970957e-12,4.523822e-12
0.0001679458,2.97,2.97,1.2,0.004566532,2.961679,0.004647053,1.204117e-07,1.2,1.323023e-11,2.970013,0.14275,1.416236e-05,1.2,5.528391e-10,-1.140042e-10,-9.479972e-12,-1.370697e-13,4.676809e-12,2.970957e-12,4.530884e-12
0.0001680458,2.97,2.97,1.2,0.004553889,2.961673,0.004649578,1.203843e-07,1.2,1.32273e-11,2.970013,0.1428396,1.418374e-05,1.2,5.536733e-10,-1.140681e-10,-9.48619e-12,-1.372423e-13,4.680665e-12,2.970957e-12,4.537534e-12
0.0001681458,2.97,2.97,1.2,0.004541255,2.961667,0.004652101,1.204442e-07,1.2,1.323374e-11,2.970013,0.1429293,1.420533e-05,1.2,5.545158e-10,-1.141338e-10,-9.493739e-12,-1.372576e-13,4.689944e-12,2.971401e-12,4.54443e-12
0.0001682458,2.97,2.97,1.2,0.004528598,2.961661,0.004654624,1.20351e-07,1.2,1.32235e-11,2.970013,0.1430189,1.422696e-05,1.2,5.553597e-10,-1.141968e-10,-9.5004e-12,-1.374796e-13,4.693867e-12,2.970957e-12,4.551357e-12
0.0001683458,2.97,2.97,1.2,0.004515993,2.961656,0.004657146,1.203455e-07,1.2,1.322292e-11,2.970012,0.1431085,1.424863e-05,1.2,5.562054e-10,-1.142604e-10,-9.507062e-12,-1.376142e-13,4.703007e-12,2.970513e-12,4.558301e-12
0.0001684458,2.97,2.97,1.2,0.004504093,2.96165,0.004659668,1.203359e-07,1.2,1.322207e-11,2.970012,0.1431982,1.427025e-05,1.2,5.570492e-10,-1.143203e-10,-9.513279e-12,-1.377904e-13,4.709867e-12,2.971401e-12,4.565466e-12
0.0001685458,2.97,2.97,1.2,0.004530539,2.961645,0.004662202,1.207891e-07,1.2,1.327095e-11,2.970012,0.1432878,1.429191e-05,1.2,5.578945e-10,-1.142339e-10,-9.504397e-12,-1.372716e-13,4.716505e-12,2.970957e-12,4.572178e-12
0.0001686458,2.97,2.97,1.2,0.005001115,2.961646,0.004664857,1.244049e-07,1.2,1.366298e-11,2.970012,0.1433774,1.431355e-05,1.2,5.587389e-10,-1.137286e-10,-9.450662e-12,-1.339656e-13,4.723436e-12,2.970513e-12,4.579119e-12
0.0001687458,2.97,2.97,1.2,0.004840442,2.961637,0.004667302,1.193424e-07,1.2,1.311419e-11,2.970012,0.143467,1.433561e-05,1.2,5.595998e-10,-1.132625e-10,-9.400924e-12,-1.362599e-13,4.729854e-12,2.970957e-12,4.586385e-12
0.0001688368,2.97,2.97,1.2,0.004826005,2.961632,0.004669599,1.198631e-07,1.2,1.317071e-11,2.970012,0.1435486,1.435562e-05,1.2,5.603805e-10,-1.138705e-10,-9.465762e-12,-1.371624e-13,4.738672e-12,2.970957e-12,4.592912e-12
0.000168905,2.97,2.97,1.2,0.004816934,2.961628,0.004671322,1.200597e-07,1.2,1.319209e-11,2.970012,0.1436097,1.437084e-05,1.2,5.609744e-10,-1.142219e-10,-9.503065e-12,-1.377728e-13,4.741282e-12,2.970957e-12,4.597649e-12
0.0001689584,2.97,2.97,1.2,0.004809826,2.961625,0.004672668,1.201945e-07,1.2,1.320661e-11,2.970012,0.1436576,1.438259e-05,1.2,5.614332e-10,-1.144062e-10,-9.522161e-12,-1.380399e-13,4.74441e-12,2.971401e-12,4.601399e-12
0.0001690312,2.97,2.97,1.2,0.004800141,2.961621,0.004674499,1.202144e-07,1.2,1.320878e-11,2.970012,0.1437228,1.439859e-05,1.2,5.620577e-10,-1.144907e-10,-9.531487e-12,-1.38207e-13,4.752745e-12,2.970957e-12,4.60637e-12
0.00016913,2.97,2.97,1.2,0.004787005,2.961615,0.004676987,1.201692e-07,1.2,1.32039e-11,2.970012,0.1438113,1.442036e-05,1.2,5.629068e-10,-1.14547e-10,-9.53726e-12,-1.38387e-13,4.755543e-12,2.970957e-12,4.613354e-12
0.00016923,2.97,2.97,1.2,0.004773755,2.961609,0.004679503,1.201491e-07,1.2,1.32018e-11,2.970012,0.1439009,1.444237e-05,1.2,5.637658e-10,-1.145994e-10,-9.543033e-12,-1.384949e-13,4.764819e-12,2.971401e-12,4.620419e-12
0.00016933,2.97,2.97,1.2,0.004760541,2.961603,0.004682019,1.201391e-07,1.2,1.320068e-11,2.970012,0.1439905,1.446447e-05,1.2,5.646282e-10,-1.146514e-10,-9.548362e-12,-1.386213e-13,4.774138e-12,2.970513e-12,4.627519e-12
0.00016943,2.97,2.97,1.2,0.004747363,2.961598,0.004684534,1.202444e-07,1.2,1.321205e-11,2.970012,0.1440801,1.448667e-05,1.2,5.654947e-10,-1.14704e-10,-9.554135e-12,-1.386127e-13,4.780895e-12,2.970957e-12,4.634655e-12
0.00016953,2.97,2.97,1.2,0.004734222,2.961592,0.004687048,1.201828e-07,1.2,1.320538e-11,2.970012,0.1441697,1.450894e-05,1.2,5.663639e-10,-1.147565e-10,-9.559464e-12,-1.387749e-13,4.78743e-12,2.970957e-12,4.641771e-12
0.00016963,2.97,2.97,1.2,0.004721117,2.961586,0.004689561,1.202484e-07,1.2,1.321239e-11,2.970012,0.1442593,1.453125e-05,1.2,5.672344e-10,-1.148097e-10,-9.564793e-12,-1.388636e-13,4.794052e-12,2.971401e-12,4.648921e-12
0.00016973,2.97,2.97,1.2,0.004708049,2.96158,0.004692074,1.20282e-07,1.2,1.321608e-11,2.970012,0.1443488,1.45537e-05,1.2,5.681101e-10,-1.148656e-10,-9.571011e-12,-1.389248e-13,4.803204e-12,2.970957e-12,4.65615e-12
0.00016983,2.97,2.97,1.2,0.004695016,2.961574,0.004694587,1.202111e-07,1.2,1.32084e-11,2.970012,0.1444384,1.457622e-05,1.2,5.689892e-10,-1.149195e-10,-9.577228e-12,-1.391196e-13,4.809985e-12,2.970957e-12,4.663379e-12
0.00016993,2.97,2.97,1.2,0.00468202,2.961569,0.004697098,1.202101e-07,1.2,1.320833e-11,2.970012,0.144528,1.45988e-05,1.2,5.698706e-10,-1.149736e-10,-9.583445e-12,-1.392222e-13,4.816747e-12,2.971401e-12,4.670606e-12
0.00017,2.97,2.97,1.2,0.004672947,2.961565,0.004698856,1.202036e-07,1.2,1.32076e-11,2.970012,0.1445906,1.461462e-05,1.2,5.704876e-10,-1.15052e-10,-9.590995e-12,-1.393894e-13,4.821894e-12,2.970957e-12,4.675652e-12
