* full loop-gain curve T(f) at the worst curve point of this record
* corner=res_ss_-40c_3.63v iload=50mA ceff=0.33uF esr=1mohm
* the two printed columns after the frequency are |T| in dB and unwrapped phase(T) in degrees

Note: Compatibility modes selected: hs a


Circuit: * loop-stability -- tian dual-injection loop-gain testbench for ldo_core (issue #10)

* corner_id=res_ss_-40c_3.63v corner=res_ss temp_c=-40 vin_v=3.63
* ac sweep: dec 400 0.01 1e9 ; Tian dual injection at ERRAMP_OUT->PASS_GATE
* columns: ROW iload_a= ceff_f= esr_ohm= vout_v= dcgain_db= f0_hz= phase_at_f0_deg=
*          f180_hz= gain_at_f180_db= f0_rising_hz= resurgence_db=
* (phase margin = 180 + phase_at_f0_deg ; gain margin = -gain_at_f180_db ;
*  resurgence_db = max |T| in dB above the first 0 dB crossing, DR-0008 ;
*  an empty f180/gain field means the phase never reaches -180 deg in band)
* Fields are written key=value BECAUSE a failed meas leaves its value
* empty: with bare positional fields an empty one vanishes into the
* whitespace and every field after it is read as the wrong quantity.
Doing analysis at TEMP = -40.000000 and TNOM = 27.000000

Using SPARSE 1.3 as Direct Linear Solver
 Reference value :  0.00000e+00
No. of Data Rows : 1
Doing analysis at TEMP = -40.000000 and TNOM = 27.000000

Using SPARSE 1.3 as Direct Linear Solver
 Reference value :  2.03002e+01
No. of Data Rows : 4401
Doing analysis at TEMP = -40.000000 and TNOM = 27.000000

Using SPARSE 1.3 as Direct Linear Solver
 Reference value :  1.00000e-02
No. of Data Rows : 4401
dcg                 =  1.39195e+02
f0                  =  7.83239e+05
phx                 =  -1.82617e+02
f180                =  7.47258e+05
gmx                 =  7.43949e-01
 meas ac f0r when tdb=0 rise=1 failed!

tres                =  -8.74998e-01 at=  8.26990e+05
* loop-stability -- tian dual-injection loop-gain testbench for ldo_core (issue #10)
AC Analysis  Tue Sep 22 17:54:30  2026
--------------------------------------------------------------------------------
Index   frequency       tdb             tph             
--------------------------------------------------------------------------------
0	1.000000e-02	1.391948e+02	-2.62114e-01	
1	1.005773e-02	1.391948e+02	-2.63627e-01	
2	1.011579e-02	1.391948e+02	-2.65149e-01	
3	1.017419e-02	1.391948e+02	-2.66679e-01	
4	1.023293e-02	1.391948e+02	-2.68219e-01	
5	1.029201e-02	1.391947e+02	-2.69767e-01	
6	1.035142e-02	1.391947e+02	-2.71325e-01	
7	1.041118e-02	1.391947e+02	-2.72891e-01	
8	1.047129e-02	1.391947e+02	-2.74466e-01	
9	1.053174e-02	1.391947e+02	-2.76051e-01	
10	1.059254e-02	1.391947e+02	-2.77645e-01	
11	1.065369e-02	1.391947e+02	-2.79247e-01	
12	1.071519e-02	1.391947e+02	-2.80859e-01	
13	1.077705e-02	1.391947e+02	-2.82481e-01	
14	1.083927e-02	1.391947e+02	-2.84112e-01	
15	1.090184e-02	1.391947e+02	-2.85752e-01	
16	1.096478e-02	1.391947e+02	-2.87401e-01	
17	1.102808e-02	1.391947e+02	-2.89061e-01	
18	1.109175e-02	1.391947e+02	-2.90729e-01	
19	1.115578e-02	1.391947e+02	-2.92408e-01	
20	1.122018e-02	1.391947e+02	-2.94096e-01	
21	1.128496e-02	1.391947e+02	-2.95794e-01	
22	1.135011e-02	1.391947e+02	-2.97501e-01	
23	1.141563e-02	1.391947e+02	-2.99219e-01	
24	1.148154e-02	1.391947e+02	-3.00946e-01	
25	1.154782e-02	1.391947e+02	-3.02683e-01	
26	1.161449e-02	1.391947e+02	-3.04431e-01	
27	1.168154e-02	1.391947e+02	-3.06188e-01	
28	1.174898e-02	1.391947e+02	-3.07956e-01	
29	1.181680e-02	1.391947e+02	-3.09734e-01	
30	1.188502e-02	1.391947e+02	-3.11522e-01	
31	1.195364e-02	1.391947e+02	-3.13320e-01	
32	1.202264e-02	1.391947e+02	-3.15129e-01	
33	1.209205e-02	1.391947e+02	-3.16948e-01	
34	1.216186e-02	1.391947e+02	-3.18778e-01	
35	1.223207e-02	1.391947e+02	-3.20618e-01	
36	1.230269e-02	1.391947e+02	-3.22469e-01	
37	1.237371e-02	1.391947e+02	-3.24331e-01	
38	1.244515e-02	1.391947e+02	-3.26203e-01	
39	1.251699e-02	1.391947e+02	-3.28086e-01	
40	1.258925e-02	1.391947e+02	-3.29980e-01	
41	1.266193e-02	1.391947e+02	-3.31885e-01	
42	1.273503e-02	1.391947e+02	-3.33801e-01	
43	1.280855e-02	1.391947e+02	-3.35728e-01	
44	1.288250e-02	1.391947e+02	-3.37666e-01	
45	1.295687e-02	1.391947e+02	-3.39615e-01	
46	1.303167e-02	1.391947e+02	-3.41576e-01	
47	1.310690e-02	1.391947e+02	-3.43548e-01	
48	1.318257e-02	1.391947e+02	-3.45531e-01	
49	1.325867e-02	1.391947e+02	-3.47526e-01	
50	1.333521e-02	1.391947e+02	-3.49532e-01	
51	1.341220e-02	1.391947e+02	-3.51550e-01	
52	1.348963e-02	1.391947e+02	-3.53579e-01	
53	1.356751e-02	1.391947e+02	-3.55621e-01	
54	1.364583e-02	1.391947e+02	-3.57674e-01	

Index   frequency       tdb             tph             
--------------------------------------------------------------------------------
55	1.372461e-02	1.391947e+02	-3.59738e-01	
56	1.380384e-02	1.391947e+02	-3.61815e-01	
57	1.388353e-02	1.391947e+02	-3.63904e-01	
58	1.396368e-02	1.391947e+02	-3.66005e-01	
59	1.404430e-02	1.391947e+02	-3.68118e-01	
60	1.412538e-02	1.391947e+02	-3.70243e-01	
61	1.420692e-02	1.391947e+02	-3.72380e-01	
62	1.428894e-02	1.391947e+02	-3.74530e-01	
63	1.437143e-02	1.391947e+02	-3.76692e-01	
64	1.445440e-02	1.391947e+02	-3.78866e-01	
65	1.453784e-02	1.391947e+02	-3.81054e-01	
66	1.462177e-02	1.391947e+02	-3.83253e-01	
67	1.470618e-02	1.391946e+02	-3.85466e-01	
68	1.479108e-02	1.391946e+02	-3.87691e-01	
69	1.487647e-02	1.391946e+02	-3.89929e-01	
70	1.496236e-02	1.391946e+02	-3.92180e-01	
71	1.504874e-02	1.391946e+02	-3.94444e-01	
72	1.513561e-02	1.391946e+02	-3.96721e-01	
73	1.522299e-02	1.391946e+02	-3.99012e-01	
74	1.531087e-02	1.391946e+02	-4.01315e-01	
75	1.539927e-02	1.391946e+02	-4.03632e-01	
76	1.548817e-02	1.391946e+02	-4.05962e-01	
77	1.557758e-02	1.391946e+02	-4.08305e-01	
78	1.566751e-02	1.391946e+02	-4.10663e-01	
79	1.575796e-02	1.391946e+02	-4.13033e-01	
80	1.584893e-02	1.391946e+02	-4.15418e-01	
81	1.594043e-02	1.391946e+02	-4.17816e-01	
82	1.603245e-02	1.391946e+02	-4.20228e-01	
83	1.612501e-02	1.391946e+02	-4.22654e-01	
84	1.621810e-02	1.391946e+02	-4.25094e-01	
85	1.631173e-02	1.391946e+02	-4.27548e-01	
86	1.640590e-02	1.391946e+02	-4.30016e-01	
87	1.650061e-02	1.391946e+02	-4.32498e-01	
88	1.659587e-02	1.391946e+02	-4.34995e-01	
89	1.669168e-02	1.391946e+02	-4.37506e-01	
90	1.678804e-02	1.391946e+02	-4.40032e-01	
91	1.688496e-02	1.391946e+02	-4.42572e-01	
92	1.698244e-02	1.391946e+02	-4.45127e-01	
93	1.708048e-02	1.391946e+02	-4.47696e-01	
94	1.717908e-02	1.391946e+02	-4.50281e-01	
95	1.727826e-02	1.391946e+02	-4.52880e-01	
96	1.737801e-02	1.391946e+02	-4.55495e-01	
97	1.747833e-02	1.391946e+02	-4.58124e-01	
98	1.757924e-02	1.391946e+02	-4.60769e-01	
99	1.768072e-02	1.391946e+02	-4.63429e-01	
100	1.778279e-02	1.391946e+02	-4.66104e-01	
101	1.788546e-02	1.391946e+02	-4.68795e-01	
102	1.798871e-02	1.391946e+02	-4.71501e-01	
103	1.809256e-02	1.391945e+02	-4.74223e-01	
104	1.819701e-02	1.391945e+02	-4.76961e-01	
105	1.830206e-02	1.391945e+02	-4.79714e-01	
106	1.840772e-02	1.391945e+02	-4.82483e-01	
107	1.851399e-02	1.391945e+02	-4.85269e-01	
108	1.862087e-02	1.391945e+02	-4.88070e-01	
109	1.872837e-02	1.391945e+02	-4.90887e-01	
110	1.883649e-02	1.391945e+02	-4.93721e-01	
111	1.894524e-02	1.391945e+02	-4.96571e-01	
112	1.905461e-02	1.391945e+02	-4.99438e-01	

Index   frequency       tdb             tph             
--------------------------------------------------------------------------------
113	1.916461e-02	1.391945e+02	-5.02321e-01	
114	1.927525e-02	1.391945e+02	-5.05221e-01	
115	1.938653e-02	1.391945e+02	-5.08137e-01	
116	1.949845e-02	1.391945e+02	-5.11071e-01	
117	1.961101e-02	1.391945e+02	-5.14021e-01	
118	1.972423e-02	1.391945e+02	-5.16988e-01	
119	1.983810e-02	1.391945e+02	-5.19973e-01	
120	1.995262e-02	1.391945e+02	-5.22974e-01	
121	2.006781e-02	1.391945e+02	-5.25993e-01	
122	2.018366e-02	1.391945e+02	-5.29030e-01	
123	2.030019e-02	1.391945e+02	-5.32084e-01	
124	2.041738e-02	1.391945e+02	-5.35155e-01	
125	2.053525e-02	1.391945e+02	-5.38245e-01	
126	2.065380e-02	1.391945e+02	-5.41352e-01	
127	2.077304e-02	1.391945e+02	-5.44477e-01	
128	2.089296e-02	1.391944e+02	-5.47620e-01	
129	2.101358e-02	1.391944e+02	-5.50781e-01	
130	2.113489e-02	1.391944e+02	-5.53961e-01	
131	2.125690e-02	1.391944e+02	-5.57159e-01	
132	2.137962e-02	1.391944e+02	-5.60375e-01	
133	2.150305e-02	1.391944e+02	-5.63610e-01	
134	2.162719e-02	1.391944e+02	-5.66863e-01	
135	2.175204e-02	1.391944e+02	-5.70136e-01	
136	2.187762e-02	1.391944e+02	-5.73427e-01	
137	2.200392e-02	1.391944e+02	-5.76737e-01	
138	2.213095e-02	1.391944e+02	-5.80066e-01	
139	2.225871e-02	1.391944e+02	-5.83415e-01	
140	2.238721e-02	1.391944e+02	-5.86783e-01	
141	2.251645e-02	1.391944e+02	-5.90170e-01	
142	2.264644e-02	1.391944e+02	-5.93577e-01	
143	2.277718e-02	1.391944e+02	-5.97003e-01	
144	2.290868e-02	1.391944e+02	-6.00450e-01	
145	2.304093e-02	1.391944e+02	-6.03916e-01	
146	2.317395e-02	1.391944e+02	-6.07402e-01	
147	2.330773e-02	1.391944e+02	-6.10908e-01	
148	2.344229e-02	1.391943e+02	-6.14435e-01	
149	2.357762e-02	1.391943e+02	-6.17982e-01	
150	2.371374e-02	1.391943e+02	-6.21549e-01	
151	2.385064e-02	1.391943e+02	-6.25137e-01	
152	2.398833e-02	1.391943e+02	-6.28746e-01	
153	2.412682e-02	1.391943e+02	-6.32375e-01	
154	2.426610e-02	1.391943e+02	-6.36026e-01	
155	2.440619e-02	1.391943e+02	-6.39697e-01	
156	2.454709e-02	1.391943e+02	-6.43390e-01	
157	2.468880e-02	1.391943e+02	-6.47104e-01	
158	2.483133e-02	1.391943e+02	-6.50839e-01	
159	2.497468e-02	1.391943e+02	-6.54596e-01	
160	2.511886e-02	1.391943e+02	-6.58375e-01	
161	2.526388e-02	1.391943e+02	-6.62176e-01	
162	2.540973e-02	1.391943e+02	-6.65998e-01	
163	2.555642e-02	1.391943e+02	-6.69843e-01	
164	2.570396e-02	1.391942e+02	-6.73709e-01	
165	2.585235e-02	1.391942e+02	-6.77598e-01	
166	2.600160e-02	1.391942e+02	-6.81510e-01	
167	2.615170e-02	1.391942e+02	-6.85444e-01	
168	2.630268e-02	1.391942e+02	-6.89401e-01	
169	2.645453e-02	1.391942e+02	-6.93380e-01	
170	2.660725e-02	1.391942e+02	-6.97383e-01	

Index   frequency       tdb             tph             
--------------------------------------------------------------------------------
171	2.676086e-02	1.391942e+02	-7.01408e-01	
172	2.691535e-02	1.391942e+02	-7.05457e-01	
173	2.707073e-02	1.391942e+02	-7.09529e-01	
174	2.722701e-02	1.391942e+02	-7.13625e-01	
175	2.738420e-02	1.391942e+02	-7.17744e-01	
176	2.754229e-02	1.391942e+02	-7.21888e-01	
177	2.770129e-02	1.391941e+02	-7.26055e-01	
178	2.786121e-02	1.391941e+02	-7.30246e-01	
179	2.802206e-02	1.391941e+02	-7.34461e-01	
180	2.818383e-02	1.391941e+02	-7.38701e-01	
181	2.834654e-02	1.391941e+02	-7.42965e-01	
182	2.851018e-02	1.391941e+02	-7.47253e-01	
183	2.867477e-02	1.391941e+02	-7.51567e-01	
184	2.884032e-02	1.391941e+02	-7.55905e-01	
185	2.900681e-02	1.391941e+02	-7.60269e-01	
186	2.917427e-02	1.391941e+02	-7.64657e-01	
187	2.934270e-02	1.391941e+02	-7.69071e-01	
188	2.951209e-02	1.391941e+02	-7.73510e-01	
189	2.968247e-02	1.391940e+02	-7.77975e-01	
190	2.985383e-02	1.391940e+02	-7.82466e-01	
191	3.002617e-02	1.391940e+02	-7.86983e-01	
192	3.019952e-02	1.391940e+02	-7.91526e-01	
193	3.037386e-02	1.391940e+02	-7.96095e-01	
194	3.054921e-02	1.391940e+02	-8.00690e-01	
195	3.072557e-02	1.391940e+02	-8.05312e-01	
196	3.090295e-02	1.391940e+02	-8.09960e-01	
197	3.108136e-02	1.391940e+02	-8.14635e-01	
198	3.126079e-02	1.391940e+02	-8.19338e-01	
199	3.144126e-02	1.391939e+02	-8.24067e-01	
200	3.162278e-02	1.391939e+02	-8.28824e-01	
201	3.180534e-02	1.391939e+02	-8.33608e-01	
202	3.198895e-02	1.391939e+02	-8.38420e-01	
203	3.217363e-02	1.391939e+02	-8.43259e-01	
204	3.235937e-02	1.391939e+02	-8.48127e-01	
205	3.254618e-02	1.391939e+02	-8.53023e-01	
206	3.273407e-02	1.391939e+02	-8.57946e-01	
207	3.292305e-02	1.391939e+02	-8.62899e-01	
208	3.311311e-02	1.391939e+02	-8.67879e-01	
209	3.330428e-02	1.391938e+02	-8.72889e-01	
210	3.349654e-02	1.391938e+02	-8.77927e-01	
211	3.368992e-02	1.391938e+02	-8.82995e-01	
212	3.388442e-02	1.391938e+02	-8.88092e-01	
213	3.408003e-02	1.391938e+02	-8.93218e-01	
214	3.427678e-02	1.391938e+02	-8.98374e-01	
215	3.447466e-02	1.391938e+02	-9.03559e-01	
216	3.467369e-02	1.391938e+02	-9.08775e-01	
217	3.487386e-02	1.391937e+02	-9.14020e-01	
218	3.507519e-02	1.391937e+02	-9.19296e-01	
219	3.527768e-02	1.391937e+02	-9.24602e-01	
220	3.548134e-02	1.391937e+02	-9.29939e-01	
221	3.568617e-02	1.391937e+02	-9.35307e-01	
222	3.589219e-02	1.391937e+02	-9.40705e-01	
223	3.609940e-02	1.391937e+02	-9.46135e-01	
224	3.630781e-02	1.391936e+02	-9.51596e-01	
225	3.651741e-02	1.391936e+02	-9.57089e-01	
226	3.672823e-02	1.391936e+02	-9.62613e-01	
227	3.694026e-02	1.391936e+02	-9.68169e-01	
228	3.715352e-02	1.391936e+02	-9.73757e-01	

Index   frequency       tdb             tph             
--------------------------------------------------------------------------------
229	3.736801e-02	1.391936e+02	-9.79378e-01	
230	3.758374e-02	1.391936e+02	-9.85031e-01	
231	3.780071e-02	1.391935e+02	-9.90716e-01	
232	3.801894e-02	1.391935e+02	-9.96435e-01	
233	3.823843e-02	1.391935e+02	-1.00219e+00	
234	3.845918e-02	1.391935e+02	-1.00797e+00	
235	3.868121e-02	1.391935e+02	-1.01379e+00	
236	3.890451e-02	1.391935e+02	-1.01964e+00	
237	3.912911e-02	1.391935e+02	-1.02552e+00	
238	3.935501e-02	1.391934e+02	-1.03144e+00	
239	3.958221e-02	1.391934e+02	-1.03740e+00	
240	3.981072e-02	1.391934e+02	-1.04339e+00	
241	4.004055e-02	1.391934e+02	-1.04941e+00	
242	4.027170e-02	1.391934e+02	-1.05546e+00	
243	4.050419e-02	1.391934e+02	-1.06156e+00	
244	4.073803e-02	1.391933e+02	-1.06768e+00	
245	4.097321e-02	1.391933e+02	-1.07385e+00	
246	4.120975e-02	1.391933e+02	-1.08004e+00	
247	4.144766e-02	1.391933e+02	-1.08628e+00	
248	4.168694e-02	1.391933e+02	-1.09255e+00	
249	4.192760e-02	1.391933e+02	-1.09885e+00	
250	4.216965e-02	1.391932e+02	-1.10519e+00	
251	4.241310e-02	1.391932e+02	-1.11157e+00	
252	4.265795e-02	1.391932e+02	-1.11799e+00	
253	4.290422e-02	1.391932e+02	-1.12444e+00	
254	4.315191e-02	1.391932e+02	-1.13093e+00	
255	4.340103e-02	1.391931e+02	-1.13746e+00	
256	4.365158e-02	1.391931e+02	-1.14402e+00	
257	4.390359e-02	1.391931e+02	-1.15063e+00	
258	4.415704e-02	1.391931e+02	-1.15727e+00	
259	4.441197e-02	1.391931e+02	-1.16395e+00	
260	4.466836e-02	1.391930e+02	-1.17066e+00	
261	4.492623e-02	1.391930e+02	-1.17742e+00	
262	4.518559e-02	1.391930e+02	-1.18422e+00	
263	4.544645e-02	1.391930e+02	-1.19105e+00	
264	4.570882e-02	1.391930e+02	-1.19792e+00	
265	4.597270e-02	1.391929e+02	-1.20484e+00	
266	4.623810e-02	1.391929e+02	-1.21179e+00	
267	4.650504e-02	1.391929e+02	-1.21879e+00	
268	4.677351e-02	1.391929e+02	-1.22582e+00	
269	4.704354e-02	1.391928e+02	-1.23289e+00	
270	4.731513e-02	1.391928e+02	-1.24001e+00	
271	4.758828e-02	1.391928e+02	-1.24717e+00	
272	4.786301e-02	1.391928e+02	-1.25436e+00	
273	4.813933e-02	1.391927e+02	-1.26160e+00	
274	4.841724e-02	1.391927e+02	-1.26888e+00	
275	4.869675e-02	1.391927e+02	-1.27621e+00	
276	4.897788e-02	1.391927e+02	-1.28357e+00	
277	4.926063e-02	1.391926e+02	-1.29098e+00	
278	4.954502e-02	1.391926e+02	-1.29843e+00	
279	4.983105e-02	1.391926e+02	-1.30592e+00	
280	5.011872e-02	1.391926e+02	-1.31346e+00	
281	5.040806e-02	1.391925e+02	-1.32104e+00	
282	5.069907e-02	1.391925e+02	-1.32866e+00	
283	5.099176e-02	1.391925e+02	-1.33633e+00	
284	5.128614e-02	1.391925e+02	-1.34404e+00	
285	5.158222e-02	1.391924e+02	-1.35180e+00	
286	5.188000e-02	1.391924e+02	-1.35960e+00	

Index   frequency       tdb             tph             
--------------------------------------------------------------------------------
287	5.217951e-02	1.391924e+02	-1.36745e+00	
288	5.248075e-02	1.391923e+02	-1.37534e+00	
289	5.278372e-02	1.391923e+02	-1.38327e+00	
290	5.308844e-02	1.391923e+02	-1.39126e+00	
291	5.339493e-02	1.391923e+02	-1.39929e+00	
292	5.370318e-02	1.391922e+02	-1.40736e+00	
293	5.401321e-02	1.391922e+02	-1.41548e+00	
294	5.432503e-02	1.391922e+02	-1.42365e+00	
295	5.463865e-02	1.391921e+02	-1.43187e+00	
296	5.495409e-02	1.391921e+02	-1.44013e+00	
297	5.527134e-02	1.391921e+02	-1.44844e+00	
298	5.559043e-02	1.391920e+02	-1.45680e+00	
299	5.591135e-02	1.391920e+02	-1.46520e+00	
300	5.623413e-02	1.391920e+02	-1.47366e+00	
301	5.655878e-02	1.391919e+02	-1.48216e+00	
302	5.688529e-02	1.391919e+02	-1.49072e+00	
303	5.721370e-02	1.391919e+02	-1.49932e+00	
304	5.754399e-02	1.391918e+02	-1.50797e+00	
305	5.787620e-02	1.391918e+02	-1.51667e+00	
306	5.821032e-02	1.391918e+02	-1.52542e+00	
307	5.854637e-02	1.391917e+02	-1.53422e+00	
308	5.888437e-02	1.391917e+02	-1.54308e+00	
309	5.922431e-02	1.391917e+02	-1.55198e+00	
310	5.956621e-02	1.391916e+02	-1.56094e+00	
311	5.991009e-02	1.391916e+02	-1.56994e+00	
312	6.025596e-02	1.391916e+02	-1.57900e+00	
313	6.060382e-02	1.391915e+02	-1.58811e+00	
314	6.095369e-02	1.391915e+02	-1.59728e+00	
315	6.130558e-02	1.391914e+02	-1.60649e+00	
316	6.165950e-02	1.391914e+02	-1.61576e+00	
317	6.201546e-02	1.391914e+02	-1.62509e+00	
318	6.237348e-02	1.391913e+02	-1.63446e+00	
319	6.273357e-02	1.391913e+02	-1.64389e+00	
320	6.309573e-02	1.391912e+02	-1.65338e+00	
321	6.345999e-02	1.391912e+02	-1.66292e+00	
322	6.382635e-02	1.391912e+02	-1.67251e+00	
323	6.419482e-02	1.391911e+02	-1.68216e+00	
324	6.456542e-02	1.391911e+02	-1.69187e+00	
325	6.493816e-02	1.391910e+02	-1.70163e+00	
326	6.531306e-02	1.391910e+02	-1.71145e+00	
327	6.569011e-02	1.391909e+02	-1.72132e+00	
328	6.606934e-02	1.391909e+02	-1.73125e+00	
329	6.645077e-02	1.391908e+02	-1.74124e+00	
330	6.683439e-02	1.391908e+02	-1.75129e+00	
331	6.722023e-02	1.391907e+02	-1.76139e+00	
332	6.760830e-02	1.391907e+02	-1.77155e+00	
333	6.799860e-02	1.391907e+02	-1.78177e+00	
334	6.839116e-02	1.391906e+02	-1.79205e+00	
335	6.878599e-02	1.391906e+02	-1.80239e+00	
336	6.918310e-02	1.391905e+02	-1.81279e+00	
337	6.958250e-02	1.391905e+02	-1.82325e+00	
338	6.998420e-02	1.391904e+02	-1.83377e+00	
339	7.038822e-02	1.391904e+02	-1.84435e+00	
340	7.079458e-02	1.391903e+02	-1.85499e+00	
341	7.120328e-02	1.391902e+02	-1.86569e+00	
342	7.161434e-02	1.391902e+02	-1.87645e+00	
343	7.202778e-02	1.391901e+02	-1.88728e+00	
344	7.244360e-02	1.391901e+02	-1.89817e+00	

Index   frequency       tdb             tph             
--------------------------------------------------------------------------------
345	7.286182e-02	1.391900e+02	-1.90912e+00	
346	7.328245e-02	1.391900e+02	-1.92013e+00	
347	7.370552e-02	1.391899e+02	-1.93121e+00	
348	7.413102e-02	1.391899e+02	-1.94235e+00	
349	7.455899e-02	1.391898e+02	-1.95355e+00	
350	7.498942e-02	1.391897e+02	-1.96482e+00	
351	7.542234e-02	1.391897e+02	-1.97615e+00	
352	7.585776e-02	1.391896e+02	-1.98755e+00	
353	7.629569e-02	1.391896e+02	-1.99902e+00	
354	7.673615e-02	1.391895e+02	-2.01055e+00	
355	7.717915e-02	1.391894e+02	-2.02215e+00	
356	7.762471e-02	1.391894e+02	-2.03381e+00	
357	7.807284e-02	1.391893e+02	-2.04554e+00	
358	7.852356e-02	1.391893e+02	-2.05734e+00	
359	7.897688e-02	1.391892e+02	-2.06921e+00	
360	7.943282e-02	1.391891e+02	-2.08114e+00	
361	7.989139e-02	1.391891e+02	-2.09315e+00	
362	8.035261e-02	1.391890e+02	-2.10522e+00	
363	8.081649e-02	1.391889e+02	-2.11736e+00	
364	8.128305e-02	1.391889e+02	-2.12958e+00	
365	8.175230e-02	1.391888e+02	-2.14186e+00	
366	8.222426e-02	1.391887e+02	-2.15421e+00	
367	8.269895e-02	1.391886e+02	-2.16664e+00	
368	8.317638e-02	1.391886e+02	-2.17913e+00	
369	8.365656e-02	1.391885e+02	-2.19170e+00	
370	8.413951e-02	1.391884e+02	-2.20434e+00	
371	8.462526e-02	1.391884e+02	-2.21705e+00	
372	8.511380e-02	1.391883e+02	-2.22984e+00	
373	8.560517e-02	1.391882e+02	-2.24270e+00	
374	8.609938e-02	1.391881e+02	-2.25563e+00	
375	8.659643e-02	1.391880e+02	-2.26864e+00	
376	8.709636e-02	1.391880e+02	-2.28173e+00	
377	8.759917e-02	1.391879e+02	-2.29488e+00	
378	8.810489e-02	1.391878e+02	-2.30812e+00	
379	8.861352e-02	1.391877e+02	-2.32143e+00	
380	8.912509e-02	1.391876e+02	-2.33482e+00	
381	8.963962e-02	1.391876e+02	-2.34828e+00	
382	9.015711e-02	1.391875e+02	-2.36182e+00	
383	9.067760e-02	1.391874e+02	-2.37544e+00	
384	9.120108e-02	1.391873e+02	-2.38914e+00	
385	9.172759e-02	1.391872e+02	-2.40292e+00	
386	9.225714e-02	1.391871e+02	-2.41677e+00	
387	9.278975e-02	1.391870e+02	-2.43071e+00	
388	9.332543e-02	1.391870e+02	-2.44472e+00	
389	9.386420e-02	1.391869e+02	-2.45882e+00	
390	9.440609e-02	1.391868e+02	-2.47300e+00	
391	9.495110e-02	1.391867e+02	-2.48726e+00	
392	9.549926e-02	1.391866e+02	-2.50160e+00	
393	9.605058e-02	1.391865e+02	-2.51602e+00	
394	9.660509e-02	1.391864e+02	-2.53053e+00	
395	9.716280e-02	1.391863e+02	-2.54512e+00	
396	9.772372e-02	1.391862e+02	-2.55979e+00	
397	9.828789e-02	1.391861e+02	-2.57455e+00	
398	9.885531e-02	1.391860e+02	-2.58939e+00	
399	9.942601e-02	1.391859e+02	-2.60432e+00	
400	1.000000e-01	1.391858e+02	-2.61933e+00	
401	1.005773e-01	1.391857e+02	-2.63443e+00	
402	1.011579e-01	1.391856e+02	-2.64962e+00	

Index   frequency       tdb             tph             
--------------------------------------------------------------------------------
403	1.017419e-01	1.391855e+02	-2.66489e+00	
404	1.023293e-01	1.391854e+02	-2.68026e+00	
405	1.029201e-01	1.391852e+02	-2.69571e+00	
406	1.035142e-01	1.391851e+02	-2.71125e+00	
407	1.041118e-01	1.391850e+02	-2.72688e+00	
408	1.047129e-01	1.391849e+02	-2.74259e+00	
409	1.053174e-01	1.391848e+02	-2.75840e+00	
410	1.059254e-01	1.391847e+02	-2.77430e+00	
411	1.065369e-01	1.391846e+02	-2.79029e+00	
412	1.071519e-01	1.391844e+02	-2.80638e+00	
413	1.077705e-01	1.391843e+02	-2.82255e+00	
414	1.083927e-01	1.391842e+02	-2.83882e+00	
415	1.090184e-01	1.391841e+02	-2.85518e+00	
416	1.096478e-01	1.391840e+02	-2.87164e+00	
417	1.102808e-01	1.391838e+02	-2.88819e+00	
418	1.109175e-01	1.391837e+02	-2.90483e+00	
419	1.115578e-01	1.391836e+02	-2.92157e+00	
420	1.122018e-01	1.391834e+02	-2.93841e+00	
421	1.128496e-01	1.391833e+02	-2.95534e+00	
422	1.135011e-01	1.391832e+02	-2.97238e+00	
423	1.141563e-01	1.391830e+02	-2.98950e+00	
424	1.148154e-01	1.391829e+02	-3.00673e+00	
425	1.154782e-01	1.391828e+02	-3.02406e+00	
426	1.161449e-01	1.391826e+02	-3.04148e+00	
427	1.168154e-01	1.391825e+02	-3.05901e+00	
428	1.174898e-01	1.391823e+02	-3.07663e+00	
429	1.181680e-01	1.391822e+02	-3.09436e+00	
430	1.188502e-01	1.391820e+02	-3.11219e+00	
431	1.195364e-01	1.391819e+02	-3.13012e+00	
432	1.202264e-01	1.391818e+02	-3.14816e+00	
433	1.209205e-01	1.391816e+02	-3.16629e+00	
434	1.216186e-01	1.391814e+02	-3.18454e+00	
435	1.223207e-01	1.391813e+02	-3.20288e+00	
436	1.230269e-01	1.391811e+02	-3.22133e+00	
437	1.237371e-01	1.391810e+02	-3.23989e+00	
438	1.244515e-01	1.391808e+02	-3.25856e+00	
439	1.251699e-01	1.391807e+02	-3.27733e+00	
440	1.258925e-01	1.391805e+02	-3.29621e+00	
441	1.266193e-01	1.391803e+02	-3.31519e+00	
442	1.273503e-01	1.391802e+02	-3.33429e+00	
443	1.280855e-01	1.391800e+02	-3.35349e+00	
444	1.288250e-01	1.391798e+02	-3.37281e+00	
445	1.295687e-01	1.391796e+02	-3.39224e+00	
446	1.303167e-01	1.391795e+02	-3.41177e+00	
447	1.310690e-01	1.391793e+02	-3.43142e+00	
448	1.318257e-01	1.391791e+02	-3.45119e+00	
449	1.325867e-01	1.391789e+02	-3.47106e+00	
450	1.333521e-01	1.391787e+02	-3.49105e+00	
451	1.341220e-01	1.391786e+02	-3.51115e+00	
452	1.348963e-01	1.391784e+02	-3.53137e+00	
453	1.356751e-01	1.391782e+02	-3.55171e+00	
454	1.364583e-01	1.391780e+02	-3.57216e+00	
455	1.372461e-01	1.391778e+02	-3.59273e+00	
456	1.380384e-01	1.391776e+02	-3.61341e+00	
457	1.388353e-01	1.391774e+02	-3.63422e+00	
458	1.396368e-01	1.391772e+02	-3.65514e+00	
459	1.404430e-01	1.391770e+02	-3.67619e+00	
460	1.412538e-01	1.391768e+02	-3.69735e+00	

Index   frequency       tdb             tph             
--------------------------------------------------------------------------------
461	1.420692e-01	1.391766e+02	-3.71864e+00	
462	1.428894e-01	1.391764e+02	-3.74004e+00	
463	1.437143e-01	1.391761e+02	-3.76157e+00	
464	1.445440e-01	1.391759e+02	-3.78323e+00	
465	1.453784e-01	1.391757e+02	-3.80500e+00	
466	1.462177e-01	1.391755e+02	-3.82691e+00	
467	1.470618e-01	1.391753e+02	-3.84893e+00	
468	1.479108e-01	1.391750e+02	-3.87109e+00	
469	1.487647e-01	1.391748e+02	-3.89337e+00	
470	1.496236e-01	1.391746e+02	-3.91577e+00	
471	1.504874e-01	1.391743e+02	-3.93831e+00	
472	1.513561e-01	1.391741e+02	-3.96097e+00	
473	1.522299e-01	1.391739e+02	-3.98377e+00	
474	1.531087e-01	1.391736e+02	-4.00669e+00	
475	1.539927e-01	1.391734e+02	-4.02974e+00	
476	1.548817e-01	1.391731e+02	-4.05293e+00	
477	1.557758e-01	1.391729e+02	-4.07625e+00	
478	1.566751e-01	1.391726e+02	-4.09970e+00	
479	1.575796e-01	1.391724e+02	-4.12329e+00	
480	1.584893e-01	1.391721e+02	-4.14701e+00	
481	1.594043e-01	1.391719e+02	-4.17087e+00	
482	1.603245e-01	1.391716e+02	-4.19486e+00	
483	1.612501e-01	1.391713e+02	-4.21899e+00	
484	1.621810e-01	1.391710e+02	-4.24326e+00	
485	1.631173e-01	1.391708e+02	-4.26767e+00	
486	1.640590e-01	1.391705e+02	-4.29221e+00	
487	1.650061e-01	1.391702e+02	-4.31690e+00	
488	1.659587e-01	1.391699e+02	-4.34173e+00	
489	1.669168e-01	1.391696e+02	-4.36669e+00	
490	1.678804e-01	1.391694e+02	-4.39181e+00	
491	1.688496e-01	1.391691e+02	-4.41706e+00	
492	1.698244e-01	1.391688e+02	-4.44246e+00	
493	1.708048e-01	1.391685e+02	-4.46800e+00	
494	1.717908e-01	1.391682e+02	-4.49369e+00	
495	1.727826e-01	1.391678e+02	-4.51953e+00	
496	1.737801e-01	1.391675e+02	-4.54551e+00	
497	1.747833e-01	1.391672e+02	-4.57164e+00	
498	1.757924e-01	1.391669e+02	-4.59792e+00	
499	1.768072e-01	1.391666e+02	-4.62435e+00	
500	1.778279e-01	1.391663e+02	-4.65093e+00	
501	1.788546e-01	1.391659e+02	-4.67766e+00	
502	1.798871e-01	1.391656e+02	-4.70455e+00	
503	1.809256e-01	1.391652e+02	-4.73158e+00	
504	1.819701e-01	1.391649e+02	-4.75877e+00	
505	1.830206e-01	1.391646e+02	-4.78612e+00	
506	1.840772e-01	1.391642e+02	-4.81362e+00	
507	1.851399e-01	1.391639e+02	-4.84128e+00	
508	1.862087e-01	1.391635e+02	-4.86909e+00	
509	1.872837e-01	1.391631e+02	-4.89707e+00	
510	1.883649e-01	1.391628e+02	-4.92520e+00	
511	1.894524e-01	1.391624e+02	-4.95349e+00	
512	1.905461e-01	1.391620e+02	-4.98195e+00	
513	1.916461e-01	1.391617e+02	-5.01056e+00	
514	1.927525e-01	1.391613e+02	-5.03934e+00	
515	1.938653e-01	1.391609e+02	-5.06828e+00	
516	1.949845e-01	1.391605e+02	-5.09739e+00	
517	1.961101e-01	1.391601e+02	-5.12666e+00	
518	1.972423e-01	1.391597e+02	-5.15610e+00	

Index   frequency       tdb             tph             
--------------------------------------------------------------------------------
519	1.983810e-01	1.391593e+02	-5.18570e+00	
520	1.995262e-01	1.391589e+02	-5.21548e+00	
521	2.006781e-01	1.391585e+02	-5.24542e+00	
522	2.018366e-01	1.391580e+02	-5.27553e+00	
523	2.030019e-01	1.391576e+02	-5.30581e+00	
524	2.041738e-01	1.391572e+02	-5.33627e+00	
525	2.053525e-01	1.391568e+02	-5.36690e+00	
526	2.065380e-01	1.391563e+02	-5.39770e+00	
527	2.077304e-01	1.391559e+02	-5.42867e+00	
528	2.089296e-01	1.391554e+02	-5.45983e+00	
529	2.101358e-01	1.391550e+02	-5.49115e+00	
530	2.113489e-01	1.391545e+02	-5.52266e+00	
531	2.125690e-01	1.391540e+02	-5.55434e+00	
532	2.137962e-01	1.391536e+02	-5.58621e+00	
533	2.150305e-01	1.391531e+02	-5.61825e+00	
534	2.162719e-01	1.391526e+02	-5.65048e+00	
535	2.175204e-01	1.391521e+02	-5.68289e+00	
536	2.187762e-01	1.391516e+02	-5.71548e+00	
537	2.200392e-01	1.391511e+02	-5.74825e+00	
538	2.213095e-01	1.391506e+02	-5.78122e+00	
539	2.225871e-01	1.391501e+02	-5.81436e+00	
540	2.238721e-01	1.391496e+02	-5.84770e+00	
541	2.251645e-01	1.391491e+02	-5.88122e+00	
542	2.264644e-01	1.391486e+02	-5.91494e+00	
543	2.277718e-01	1.391480e+02	-5.94884e+00	
544	2.290868e-01	1.391475e+02	-5.98294e+00	
545	2.304093e-01	1.391469e+02	-6.01722e+00	
546	2.317395e-01	1.391464e+02	-6.05171e+00	
547	2.330773e-01	1.391458e+02	-6.08638e+00	
548	2.344229e-01	1.391453e+02	-6.12125e+00	
549	2.357762e-01	1.391447e+02	-6.15632e+00	
550	2.371374e-01	1.391441e+02	-6.19159e+00	
551	2.385064e-01	1.391435e+02	-6.22705e+00	
552	2.398833e-01	1.391430e+02	-6.26272e+00	
553	2.412682e-01	1.391424e+02	-6.29858e+00	
554	2.426610e-01	1.391417e+02	-6.33465e+00	
555	2.440619e-01	1.391411e+02	-6.37092e+00	
556	2.454709e-01	1.391405e+02	-6.40740e+00	
557	2.468880e-01	1.391399e+02	-6.44408e+00	
558	2.483133e-01	1.391393e+02	-6.48097e+00	
559	2.497468e-01	1.391386e+02	-6.51806e+00	
560	2.511886e-01	1.391380e+02	-6.55537e+00	
561	2.526388e-01	1.391373e+02	-6.59288e+00	
562	2.540973e-01	1.391367e+02	-6.63060e+00	
563	2.555642e-01	1.391360e+02	-6.66854e+00	
564	2.570396e-01	1.391353e+02	-6.70669e+00	
565	2.585235e-01	1.391346e+02	-6.74505e+00	
566	2.600160e-01	1.391339e+02	-6.78363e+00	
567	2.615170e-01	1.391332e+02	-6.82243e+00	
568	2.630268e-01	1.391325e+02	-6.86144e+00	
569	2.645453e-01	1.391318e+02	-6.90067e+00	
570	2.660725e-01	1.391311e+02	-6.94012e+00	
571	2.676086e-01	1.391304e+02	-6.97979e+00	
572	2.691535e-01	1.391296e+02	-7.01969e+00	
573	2.707073e-01	1.391289e+02	-7.05981e+00	
574	2.722701e-01	1.391281e+02	-7.10015e+00	
575	2.738420e-01	1.391273e+02	-7.14072e+00	
576	2.754229e-01	1.391266e+02	-7.18152e+00	

Index   frequency       tdb             tph             
--------------------------------------------------------------------------------
577	2.770129e-01	1.391258e+02	-7.22254e+00	
578	2.786121e-01	1.391250e+02	-7.26379e+00	
579	2.802206e-01	1.391242e+02	-7.30528e+00	
580	2.818383e-01	1.391234e+02	-7.34699e+00	
581	2.834654e-01	1.391226e+02	-7.38894e+00	
582	2.851018e-01	1.391217e+02	-7.43112e+00	
583	2.867477e-01	1.391209e+02	-7.47354e+00	
584	2.884032e-01	1.391200e+02	-7.51620e+00	
585	2.900681e-01	1.391192e+02	-7.55909e+00	
586	2.917427e-01	1.391183e+02	-7.60222e+00	
587	2.934270e-01	1.391174e+02	-7.64559e+00	
588	2.951209e-01	1.391165e+02	-7.68921e+00	
589	2.968247e-01	1.391156e+02	-7.73306e+00	
590	2.985383e-01	1.391147e+02	-7.77716e+00	
591	3.002617e-01	1.391138e+02	-7.82151e+00	
592	3.019952e-01	1.391129e+02	-7.86610e+00	
593	3.037386e-01	1.391119e+02	-7.91094e+00	
594	3.054921e-01	1.391110e+02	-7.95603e+00	
595	3.072557e-01	1.391100e+02	-8.00137e+00	
596	3.090295e-01	1.391091e+02	-8.04696e+00	
597	3.108136e-01	1.391081e+02	-8.09280e+00	
598	3.126079e-01	1.391071e+02	-8.13890e+00	
599	3.144126e-01	1.391061e+02	-8.18525e+00	
600	3.162278e-01	1.391051e+02	-8.23186e+00	
601	3.180534e-01	1.391040e+02	-8.27873e+00	
602	3.198895e-01	1.391030e+02	-8.32586e+00	
603	3.217363e-01	1.391019e+02	-8.37325e+00	
604	3.235937e-01	1.391009e+02	-8.42090e+00	
605	3.254618e-01	1.390998e+02	-8.46881e+00	
606	3.273407e-01	1.390987e+02	-8.51699e+00	
607	3.292305e-01	1.390976e+02	-8.56543e+00	
608	3.311311e-01	1.390965e+02	-8.61414e+00	
609	3.330428e-01	1.390954e+02	-8.66312e+00	
610	3.349654e-01	1.390942e+02	-8.71237e+00	
611	3.368992e-01	1.390931e+02	-8.76189e+00	
612	3.388442e-01	1.390919e+02	-8.81169e+00	
613	3.408003e-01	1.390907e+02	-8.86175e+00	
614	3.427678e-01	1.390895e+02	-8.91210e+00	
615	3.447466e-01	1.390883e+02	-8.96272e+00	
616	3.467369e-01	1.390871e+02	-9.01361e+00	
617	3.487386e-01	1.390859e+02	-9.06479e+00	
618	3.507519e-01	1.390846e+02	-9.11625e+00	
619	3.527768e-01	1.390834e+02	-9.16799e+00	
620	3.548134e-01	1.390821e+02	-9.22001e+00	
621	3.568617e-01	1.390808e+02	-9.27232e+00	
622	3.589219e-01	1.390795e+02	-9.32491e+00	
623	3.609940e-01	1.390782e+02	-9.37780e+00	
624	3.630781e-01	1.390769e+02	-9.43097e+00	
625	3.651741e-01	1.390755e+02	-9.48443e+00	
626	3.672823e-01	1.390742e+02	-9.53818e+00	
627	3.694026e-01	1.390728e+02	-9.59223e+00	
628	3.715352e-01	1.390714e+02	-9.64657e+00	
629	3.736801e-01	1.390700e+02	-9.70121e+00	
630	3.758374e-01	1.390685e+02	-9.75615e+00	
631	3.780071e-01	1.390671e+02	-9.81138e+00	
632	3.801894e-01	1.390656e+02	-9.86692e+00	
633	3.823843e-01	1.390642e+02	-9.92275e+00	
634	3.845918e-01	1.390627e+02	-9.97889e+00	

Index   frequency       tdb             tph             
--------------------------------------------------------------------------------
635	3.868121e-01	1.390612e+02	-1.00353e+01	
636	3.890451e-01	1.390597e+02	-1.00921e+01	
637	3.912911e-01	1.390581e+02	-1.01491e+01	
638	3.935501e-01	1.390566e+02	-1.02065e+01	
639	3.958221e-01	1.390550e+02	-1.02642e+01	
640	3.981072e-01	1.390534e+02	-1.03222e+01	
641	4.004055e-01	1.390518e+02	-1.03805e+01	
642	4.027170e-01	1.390501e+02	-1.04391e+01	
643	4.050419e-01	1.390485e+02	-1.04980e+01	
644	4.073803e-01	1.390468e+02	-1.05573e+01	
645	4.097321e-01	1.390451e+02	-1.06168e+01	
646	4.120975e-01	1.390434e+02	-1.06767e+01	
647	4.144766e-01	1.390417e+02	-1.07370e+01	
648	4.168694e-01	1.390400e+02	-1.07975e+01	
649	4.192760e-01	1.390382e+02	-1.08583e+01	
650	4.216965e-01	1.390364e+02	-1.09195e+01	
651	4.241310e-01	1.390346e+02	-1.09811e+01	
652	4.265795e-01	1.390328e+02	-1.10429e+01	
653	4.290422e-01	1.390310e+02	-1.11051e+01	
654	4.315191e-01	1.390291e+02	-1.11676e+01	
655	4.340103e-01	1.390272e+02	-1.12304e+01	
656	4.365158e-01	1.390253e+02	-1.12936e+01	
657	4.390359e-01	1.390234e+02	-1.13571e+01	
658	4.415704e-01	1.390215e+02	-1.14210e+01	
659	4.441197e-01	1.390195e+02	-1.14852e+01	
660	4.466836e-01	1.390175e+02	-1.15497e+01	
661	4.492623e-01	1.390155e+02	-1.16146e+01	
662	4.518559e-01	1.390135e+02	-1.16798e+01	
663	4.544645e-01	1.390114e+02	-1.17453e+01	
664	4.570882e-01	1.390093e+02	-1.18113e+01	
665	4.597270e-01	1.390072e+02	-1.18775e+01	
666	4.623810e-01	1.390051e+02	-1.19441e+01	
667	4.650504e-01	1.390029e+02	-1.20111e+01	
668	4.677351e-01	1.390008e+02	-1.20784e+01	
669	4.704354e-01	1.389986e+02	-1.21461e+01	
670	4.731513e-01	1.389963e+02	-1.22141e+01	
671	4.758828e-01	1.389941e+02	-1.22825e+01	
672	4.786301e-01	1.389918e+02	-1.23512e+01	
673	4.813933e-01	1.389895e+02	-1.24203e+01	
674	4.841724e-01	1.389872e+02	-1.24898e+01	
675	4.869675e-01	1.389849e+02	-1.25596e+01	
676	4.897788e-01	1.389825e+02	-1.26298e+01	
677	4.926063e-01	1.389801e+02	-1.27004e+01	
678	4.954502e-01	1.389777e+02	-1.27713e+01	
679	4.983105e-01	1.389752e+02	-1.28426e+01	
680	5.011872e-01	1.389727e+02	-1.29143e+01	
681	5.040806e-01	1.389702e+02	-1.29863e+01	
682	5.069907e-01	1.389677e+02	-1.30587e+01	
683	5.099176e-01	1.389651e+02	-1.31315e+01	
684	5.128614e-01	1.389625e+02	-1.32047e+01	
685	5.158222e-01	1.389599e+02	-1.32782e+01	
686	5.188000e-01	1.389573e+02	-1.33522e+01	
687	5.217951e-01	1.389546e+02	-1.34265e+01	
688	5.248075e-01	1.389519e+02	-1.35012e+01	
689	5.278372e-01	1.389492e+02	-1.35762e+01	
690	5.308844e-01	1.389464e+02	-1.36517e+01	
691	5.339493e-01	1.389436e+02	-1.37276e+01	
692	5.370318e-01	1.389408e+02	-1.38038e+01	

Index   frequency       tdb             tph             
--------------------------------------------------------------------------------
693	5.401321e-01	1.389379e+02	-1.38804e+01	
694	5.432503e-01	1.389350e+02	-1.39574e+01	
695	5.463865e-01	1.389321e+02	-1.40348e+01	
696	5.495409e-01	1.389292e+02	-1.41126e+01	
697	5.527134e-01	1.389262e+02	-1.41908e+01	
698	5.559043e-01	1.389232e+02	-1.42694e+01	
699	5.591135e-01	1.389201e+02	-1.43484e+01	
700	5.623413e-01	1.389170e+02	-1.44278e+01	
701	5.655878e-01	1.389139e+02	-1.45076e+01	
702	5.688529e-01	1.389108e+02	-1.45878e+01	
703	5.721370e-01	1.389076e+02	-1.46684e+01	
704	5.754399e-01	1.389044e+02	-1.47494e+01	
705	5.787620e-01	1.389011e+02	-1.48309e+01	
706	5.821032e-01	1.388978e+02	-1.49127e+01	
707	5.854637e-01	1.388945e+02	-1.49949e+01	
708	5.888437e-01	1.388911e+02	-1.50776e+01	
709	5.922431e-01	1.388877e+02	-1.51606e+01	
710	5.956621e-01	1.388843e+02	-1.52441e+01	
711	5.991009e-01	1.388808e+02	-1.53280e+01	
712	6.025596e-01	1.388773e+02	-1.54123e+01	
713	6.060382e-01	1.388738e+02	-1.54970e+01	
714	6.095369e-01	1.388702e+02	-1.55822e+01	
715	6.130558e-01	1.388666e+02	-1.56677e+01	
716	6.165950e-01	1.388629e+02	-1.57537e+01	
717	6.201546e-01	1.388592e+02	-1.58401e+01	
718	6.237348e-01	1.388555e+02	-1.59269e+01	
719	6.273357e-01	1.388517e+02	-1.60142e+01	
720	6.309573e-01	1.388479e+02	-1.61019e+01	
721	6.345999e-01	1.388440e+02	-1.61900e+01	
722	6.382635e-01	1.388401e+02	-1.62785e+01	
723	6.419482e-01	1.388362e+02	-1.63675e+01	
724	6.456542e-01	1.388322e+02	-1.64569e+01	
725	6.493816e-01	1.388282e+02	-1.65468e+01	
726	6.531306e-01	1.388241e+02	-1.66370e+01	
727	6.569011e-01	1.388200e+02	-1.67278e+01	
728	6.606934e-01	1.388158e+02	-1.68189e+01	
729	6.645077e-01	1.388116e+02	-1.69105e+01	
730	6.683439e-01	1.388074e+02	-1.70025e+01	
731	6.722023e-01	1.388031e+02	-1.70950e+01	
732	6.760830e-01	1.387988e+02	-1.71879e+01	
733	6.799860e-01	1.387944e+02	-1.72812e+01	
734	6.839116e-01	1.387900e+02	-1.73750e+01	
735	6.878599e-01	1.387855e+02	-1.74693e+01	
736	6.918310e-01	1.387810e+02	-1.75639e+01	
737	6.958250e-01	1.387764e+02	-1.76591e+01	
738	6.998420e-01	1.387718e+02	-1.77547e+01	
739	7.038822e-01	1.387671e+02	-1.78507e+01	
740	7.079458e-01	1.387624e+02	-1.79472e+01	
741	7.120328e-01	1.387576e+02	-1.80441e+01	
742	7.161434e-01	1.387528e+02	-1.81415e+01	
743	7.202778e-01	1.387480e+02	-1.82393e+01	
744	7.244360e-01	1.387431e+02	-1.83376e+01	
745	7.286182e-01	1.387381e+02	-1.84363e+01	
746	7.328245e-01	1.387331e+02	-1.85355e+01	
747	7.370552e-01	1.387280e+02	-1.86352e+01	
748	7.413102e-01	1.387229e+02	-1.87353e+01	
749	7.455899e-01	1.387177e+02	-1.88359e+01	
750	7.498942e-01	1.387125e+02	-1.89369e+01	

Index   frequency       tdb             tph             
--------------------------------------------------------------------------------
751	7.542234e-01	1.387072e+02	-1.90384e+01	
752	7.585776e-01	1.387018e+02	-1.91404e+01	
753	7.629569e-01	1.386965e+02	-1.92428e+01	
754	7.673615e-01	1.386910e+02	-1.93457e+01	
755	7.717915e-01	1.386855e+02	-1.94490e+01	
756	7.762471e-01	1.386799e+02	-1.95528e+01	
757	7.807284e-01	1.386743e+02	-1.96571e+01	
758	7.852356e-01	1.386686e+02	-1.97619e+01	
759	7.897688e-01	1.386629e+02	-1.98671e+01	
760	7.943282e-01	1.386571e+02	-1.99727e+01	
761	7.989139e-01	1.386513e+02	-2.00789e+01	
762	8.035261e-01	1.386454e+02	-2.01855e+01	
763	8.081649e-01	1.386394e+02	-2.02926e+01	
764	8.128305e-01	1.386333e+02	-2.04001e+01	
765	8.175230e-01	1.386273e+02	-2.05081e+01	
766	8.222426e-01	1.386211e+02	-2.06166e+01	
767	8.269895e-01	1.386149e+02	-2.07256e+01	
768	8.317638e-01	1.386086e+02	-2.08350e+01	
769	8.365656e-01	1.386022e+02	-2.09449e+01	
770	8.413951e-01	1.385958e+02	-2.10553e+01	
771	8.462526e-01	1.385894e+02	-2.11661e+01	
772	8.511380e-01	1.385828e+02	-2.12775e+01	
773	8.560517e-01	1.385762e+02	-2.13893e+01	
774	8.609938e-01	1.385695e+02	-2.15015e+01	
775	8.659643e-01	1.385628e+02	-2.16143e+01	
776	8.709636e-01	1.385560e+02	-2.17275e+01	
777	8.759917e-01	1.385491e+02	-2.18412e+01	
778	8.810489e-01	1.385422e+02	-2.19554e+01	
779	8.861352e-01	1.385352e+02	-2.20700e+01	
780	8.912509e-01	1.385281e+02	-2.21851e+01	
781	8.963962e-01	1.385209e+02	-2.23007e+01	
782	9.015711e-01	1.385137e+02	-2.24168e+01	
783	9.067760e-01	1.385064e+02	-2.25333e+01	
784	9.120108e-01	1.384991e+02	-2.26503e+01	
785	9.172759e-01	1.384916e+02	-2.27678e+01	
786	9.225714e-01	1.384841e+02	-2.28858e+01	
787	9.278975e-01	1.384765e+02	-2.30043e+01	
788	9.332543e-01	1.384689e+02	-2.31232e+01	
789	9.386420e-01	1.384611e+02	-2.32426e+01	
790	9.440609e-01	1.384533e+02	-2.33624e+01	
791	9.495110e-01	1.384454e+02	-2.34828e+01	
792	9.549926e-01	1.384375e+02	-2.36036e+01	
793	9.605058e-01	1.384294e+02	-2.37249e+01	
794	9.660509e-01	1.384213e+02	-2.38467e+01	
795	9.716280e-01	1.384131e+02	-2.39689e+01	
796	9.772372e-01	1.384048e+02	-2.40916e+01	
797	9.828789e-01	1.383965e+02	-2.42148e+01	
798	9.885531e-01	1.383881e+02	-2.43385e+01	
799	9.942601e-01	1.383795e+02	-2.44626e+01	
800	1.000000e+00	1.383709e+02	-2.45872e+01	
801	1.005773e+00	1.383623e+02	-2.47123e+01	
802	1.011579e+00	1.383535e+02	-2.48378e+01	
803	1.017419e+00	1.383446e+02	-2.49638e+01	
804	1.023293e+00	1.383357e+02	-2.50903e+01	
805	1.029201e+00	1.383267e+02	-2.52172e+01	
806	1.035142e+00	1.383176e+02	-2.53447e+01	
807	1.041118e+00	1.383084e+02	-2.54725e+01	
808	1.047129e+00	1.382991e+02	-2.56009e+01	

Index   frequency       tdb             tph             
--------------------------------------------------------------------------------
809	1.053174e+00	1.382898e+02	-2.57297e+01	
810	1.059254e+00	1.382803e+02	-2.58590e+01	
811	1.065369e+00	1.382708e+02	-2.59887e+01	
812	1.071519e+00	1.382611e+02	-2.61189e+01	
813	1.077705e+00	1.382514e+02	-2.62496e+01	
814	1.083927e+00	1.382416e+02	-2.63807e+01	
815	1.090184e+00	1.382317e+02	-2.65123e+01	
816	1.096478e+00	1.382217e+02	-2.66443e+01	
817	1.102808e+00	1.382116e+02	-2.67768e+01	
818	1.109175e+00	1.382015e+02	-2.69097e+01	
819	1.115578e+00	1.381912e+02	-2.70431e+01	
820	1.122018e+00	1.381808e+02	-2.71770e+01	
821	1.128496e+00	1.381704e+02	-2.73113e+01	
822	1.135011e+00	1.381598e+02	-2.74460e+01	
823	1.141563e+00	1.381492e+02	-2.75812e+01	
824	1.148154e+00	1.381384e+02	-2.77169e+01	
825	1.154782e+00	1.381276e+02	-2.78530e+01	
826	1.161449e+00	1.381166e+02	-2.79895e+01	
827	1.168154e+00	1.381056e+02	-2.81265e+01	
828	1.174898e+00	1.380945e+02	-2.82639e+01	
829	1.181680e+00	1.380832e+02	-2.84017e+01	
830	1.188502e+00	1.380719e+02	-2.85400e+01	
831	1.195364e+00	1.380604e+02	-2.86788e+01	
832	1.202264e+00	1.380489e+02	-2.88179e+01	
833	1.209205e+00	1.380372e+02	-2.89575e+01	
834	1.216186e+00	1.380255e+02	-2.90975e+01	
835	1.223207e+00	1.380136e+02	-2.92379e+01	
836	1.230269e+00	1.380017e+02	-2.93788e+01	
837	1.237371e+00	1.379896e+02	-2.95201e+01	
838	1.244515e+00	1.379774e+02	-2.96618e+01	
839	1.251699e+00	1.379652e+02	-2.98039e+01	
840	1.258925e+00	1.379528e+02	-2.99465e+01	
841	1.266193e+00	1.379403e+02	-3.00894e+01	
842	1.273503e+00	1.379277e+02	-3.02328e+01	
843	1.280855e+00	1.379150e+02	-3.03766e+01	
844	1.288250e+00	1.379022e+02	-3.05208e+01	
845	1.295687e+00	1.378892e+02	-3.06653e+01	
846	1.303167e+00	1.378762e+02	-3.08103e+01	
847	1.310690e+00	1.378631e+02	-3.09557e+01	
848	1.318257e+00	1.378498e+02	-3.11015e+01	
849	1.325867e+00	1.378364e+02	-3.12477e+01	
850	1.333521e+00	1.378229e+02	-3.13942e+01	
851	1.341220e+00	1.378093e+02	-3.15412e+01	
852	1.348963e+00	1.377956e+02	-3.16885e+01	
853	1.356751e+00	1.377818e+02	-3.18362e+01	
854	1.364583e+00	1.377678e+02	-3.19843e+01	
855	1.372461e+00	1.377538e+02	-3.21328e+01	
856	1.380384e+00	1.377396e+02	-3.22817e+01	
857	1.388353e+00	1.377253e+02	-3.24309e+01	
858	1.396368e+00	1.377109e+02	-3.25805e+01	
859	1.404430e+00	1.376964e+02	-3.27304e+01	
860	1.412538e+00	1.376817e+02	-3.28807e+01	
861	1.420692e+00	1.376669e+02	-3.30314e+01	
862	1.428894e+00	1.376521e+02	-3.31824e+01	
863	1.437143e+00	1.376370e+02	-3.33338e+01	
864	1.445440e+00	1.376219e+02	-3.34855e+01	
865	1.453784e+00	1.376067e+02	-3.36376e+01	
866	1.462177e+00	1.375913e+02	-3.37900e+01	

Index   frequency       tdb             tph             
--------------------------------------------------------------------------------
867	1.470618e+00	1.375758e+02	-3.39427e+01	
868	1.479108e+00	1.375602e+02	-3.40958e+01	
869	1.487647e+00	1.375444e+02	-3.42492e+01	
870	1.496236e+00	1.375286e+02	-3.44029e+01	
871	1.504874e+00	1.375126e+02	-3.45569e+01	
872	1.513561e+00	1.374964e+02	-3.47113e+01	
873	1.522299e+00	1.374802e+02	-3.48660e+01	
874	1.531087e+00	1.374638e+02	-3.50210e+01	
875	1.539927e+00	1.374473e+02	-3.51763e+01	
876	1.548817e+00	1.374307e+02	-3.53319e+01	
877	1.557758e+00	1.374139e+02	-3.54878e+01	
878	1.566751e+00	1.373970e+02	-3.56440e+01	
879	1.575796e+00	1.373800e+02	-3.58005e+01	
880	1.584893e+00	1.373629e+02	-3.59572e+01	
881	1.594043e+00	1.373456e+02	-3.61143e+01	
882	1.603245e+00	1.373282e+02	-3.62716e+01	
883	1.612501e+00	1.373107e+02	-3.64292e+01	
884	1.621810e+00	1.372930e+02	-3.65871e+01	
885	1.631173e+00	1.372752e+02	-3.67453e+01	
886	1.640590e+00	1.372573e+02	-3.69037e+01	
887	1.650061e+00	1.372392e+02	-3.70623e+01	
888	1.659587e+00	1.372210e+02	-3.72212e+01	
889	1.669168e+00	1.372027e+02	-3.73804e+01	
890	1.678804e+00	1.371842e+02	-3.75398e+01	
891	1.688496e+00	1.371656e+02	-3.76994e+01	
892	1.698244e+00	1.371469e+02	-3.78593e+01	
893	1.708048e+00	1.371281e+02	-3.80194e+01	
894	1.717908e+00	1.371091e+02	-3.81797e+01	
895	1.727826e+00	1.370899e+02	-3.83403e+01	
896	1.737801e+00	1.370706e+02	-3.85011e+01	
897	1.747833e+00	1.370512e+02	-3.86620e+01	
898	1.757924e+00	1.370317e+02	-3.88232e+01	
899	1.768072e+00	1.370120e+02	-3.89846e+01	
900	1.778279e+00	1.369922e+02	-3.91462e+01	
901	1.788546e+00	1.369722e+02	-3.93079e+01	
902	1.798871e+00	1.369521e+02	-3.94699e+01	
903	1.809256e+00	1.369319e+02	-3.96320e+01	
904	1.819701e+00	1.369115e+02	-3.97944e+01	
905	1.830206e+00	1.368910e+02	-3.99568e+01	
906	1.840772e+00	1.368703e+02	-4.01195e+01	
907	1.851399e+00	1.368495e+02	-4.02823e+01	
908	1.862087e+00	1.368286e+02	-4.04453e+01	
909	1.872837e+00	1.368075e+02	-4.06084e+01	
910	1.883649e+00	1.367863e+02	-4.07717e+01	
911	1.894524e+00	1.367650e+02	-4.09351e+01	
912	1.905461e+00	1.367435e+02	-4.10986e+01	
913	1.916461e+00	1.367218e+02	-4.12623e+01	
914	1.927525e+00	1.367001e+02	-4.14261e+01	
915	1.938653e+00	1.366781e+02	-4.15900e+01	
916	1.949845e+00	1.366561e+02	-4.17541e+01	
917	1.961101e+00	1.366339e+02	-4.19182e+01	
918	1.972423e+00	1.366115e+02	-4.20825e+01	
919	1.983810e+00	1.365890e+02	-4.22468e+01	
920	1.995262e+00	1.365664e+02	-4.24113e+01	
921	2.006781e+00	1.365436e+02	-4.25758e+01	
922	2.018366e+00	1.365207e+02	-4.27404e+01	
923	2.030019e+00	1.364977e+02	-4.29051e+01	
924	2.041738e+00	1.364745e+02	-4.30699e+01	

Index   frequency       tdb             tph             
--------------------------------------------------------------------------------
925	2.053525e+00	1.364511e+02	-4.32347e+01	
926	2.065380e+00	1.364276e+02	-4.33996e+01	
927	2.077304e+00	1.364040e+02	-4.35645e+01	
928	2.089296e+00	1.363802e+02	-4.37295e+01	
929	2.101358e+00	1.363563e+02	-4.38946e+01	
930	2.113489e+00	1.363322e+02	-4.40597e+01	
931	2.125690e+00	1.363080e+02	-4.42248e+01	
932	2.137962e+00	1.362837e+02	-4.43899e+01	
933	2.150305e+00	1.362592e+02	-4.45551e+01	
934	2.162719e+00	1.362345e+02	-4.47203e+01	
935	2.175204e+00	1.362098e+02	-4.48855e+01	
936	2.187762e+00	1.361848e+02	-4.50507e+01	
937	2.200392e+00	1.361598e+02	-4.52159e+01	
938	2.213095e+00	1.361345e+02	-4.53811e+01	
939	2.225871e+00	1.361092e+02	-4.55463e+01	
940	2.238721e+00	1.360837e+02	-4.57115e+01	
941	2.251645e+00	1.360580e+02	-4.58767e+01	
942	2.264644e+00	1.360323e+02	-4.60418e+01	
943	2.277718e+00	1.360063e+02	-4.62070e+01	
944	2.290868e+00	1.359802e+02	-4.63720e+01	
945	2.304093e+00	1.359540e+02	-4.65371e+01	
946	2.317395e+00	1.359277e+02	-4.67020e+01	
947	2.330773e+00	1.359011e+02	-4.68670e+01	
948	2.344229e+00	1.358745e+02	-4.70318e+01	
949	2.357762e+00	1.358477e+02	-4.71967e+01	
950	2.371374e+00	1.358208e+02	-4.73614e+01	
951	2.385064e+00	1.357937e+02	-4.75261e+01	
952	2.398833e+00	1.357665e+02	-4.76907e+01	
953	2.412682e+00	1.357391e+02	-4.78552e+01	
954	2.426610e+00	1.357116e+02	-4.80196e+01	
955	2.440619e+00	1.356839e+02	-4.81839e+01	
956	2.454709e+00	1.356561e+02	-4.83481e+01	
957	2.468880e+00	1.356282e+02	-4.85122e+01	
958	2.483133e+00	1.356001e+02	-4.86762e+01	
959	2.497468e+00	1.355719e+02	-4.88401e+01	
960	2.511886e+00	1.355436e+02	-4.90039e+01	
961	2.526388e+00	1.355151e+02	-4.91675e+01	
962	2.540973e+00	1.354864e+02	-4.93310e+01	
963	2.555642e+00	1.354576e+02	-4.94944e+01	
964	2.570396e+00	1.354287e+02	-4.96576e+01	
965	2.585235e+00	1.353996e+02	-4.98207e+01	
966	2.600160e+00	1.353704e+02	-4.99836e+01	
967	2.615170e+00	1.353411e+02	-5.01463e+01	
968	2.630268e+00	1.353116e+02	-5.03089e+01	
969	2.645453e+00	1.352820e+02	-5.04714e+01	
970	2.660725e+00	1.352522e+02	-5.06336e+01	
971	2.676086e+00	1.352223e+02	-5.07957e+01	
972	2.691535e+00	1.351923e+02	-5.09576e+01	
973	2.707073e+00	1.351621e+02	-5.11193e+01	
974	2.722701e+00	1.351318e+02	-5.12809e+01	
975	2.738420e+00	1.351014e+02	-5.14422e+01	
976	2.754229e+00	1.350708e+02	-5.16033e+01	
977	2.770129e+00	1.350400e+02	-5.17642e+01	
978	2.786121e+00	1.350092e+02	-5.19249e+01	
979	2.802206e+00	1.349782e+02	-5.20854e+01	
980	2.818383e+00	1.349471e+02	-5.22457e+01	
981	2.834654e+00	1.349158e+02	-5.24057e+01	
982	2.851018e+00	1.348844e+02	-5.25655e+01	

Index   frequency       tdb             tph             
--------------------------------------------------------------------------------
983	2.867477e+00	1.348529e+02	-5.27251e+01	
984	2.884032e+00	1.348212e+02	-5.28844e+01	
985	2.900681e+00	1.347894e+02	-5.30435e+01	
986	2.917427e+00	1.347574e+02	-5.32023e+01	
987	2.934270e+00	1.347254e+02	-5.33609e+01	
988	2.951209e+00	1.346932e+02	-5.35193e+01	
989	2.968247e+00	1.346608e+02	-5.36773e+01	
990	2.985383e+00	1.346284e+02	-5.38351e+01	
991	3.002617e+00	1.345958e+02	-5.39927e+01	
992	3.019952e+00	1.345631e+02	-5.41499e+01	
993	3.037386e+00	1.345302e+02	-5.43069e+01	
994	3.054921e+00	1.344972e+02	-5.44636e+01	
995	3.072557e+00	1.344641e+02	-5.46200e+01	
996	3.090295e+00	1.344309e+02	-5.47761e+01	
997	3.108136e+00	1.343975e+02	-5.49319e+01	
998	3.126079e+00	1.343640e+02	-5.50875e+01	
999	3.144126e+00	1.343304e+02	-5.52427e+01	
1000	3.162278e+00	1.342966e+02	-5.53976e+01	
1001	3.180534e+00	1.342628e+02	-5.55522e+01	
1002	3.198895e+00	1.342288e+02	-5.57065e+01	
1003	3.217363e+00	1.341946e+02	-5.58605e+01	
1004	3.235937e+00	1.341604e+02	-5.60141e+01	
1005	3.254618e+00	1.341260e+02	-5.61674e+01	
1006	3.273407e+00	1.340915e+02	-5.63204e+01	
1007	3.292305e+00	1.340569e+02	-5.64731e+01	
1008	3.311311e+00	1.340221e+02	-5.66254e+01	
1009	3.330428e+00	1.339873e+02	-5.67774e+01	
1010	3.349654e+00	1.339523e+02	-5.69291e+01	
1011	3.368992e+00	1.339172e+02	-5.70804e+01	
1012	3.388442e+00	1.338819e+02	-5.72313e+01	
1013	3.408003e+00	1.338466e+02	-5.73819e+01	
1014	3.427678e+00	1.338111e+02	-5.75321e+01	
1015	3.447466e+00	1.337755e+02	-5.76820e+01	
1016	3.467369e+00	1.337398e+02	-5.78315e+01	
1017	3.487386e+00	1.337040e+02	-5.79807e+01	
1018	3.507519e+00	1.336681e+02	-5.81294e+01	
1019	3.527768e+00	1.336320e+02	-5.82778e+01	
1020	3.548134e+00	1.335959e+02	-5.84259e+01	
1021	3.568617e+00	1.335596e+02	-5.85735e+01	
1022	3.589219e+00	1.335232e+02	-5.87208e+01	
1023	3.609940e+00	1.334867e+02	-5.88677e+01	
1024	3.630781e+00	1.334501e+02	-5.90142e+01	
1025	3.651741e+00	1.334133e+02	-5.91603e+01	
1026	3.672823e+00	1.333765e+02	-5.93060e+01	
1027	3.694026e+00	1.333395e+02	-5.94514e+01	
1028	3.715352e+00	1.333024e+02	-5.95963e+01	
1029	3.736801e+00	1.332653e+02	-5.97408e+01	
1030	3.758374e+00	1.332280e+02	-5.98849e+01	
1031	3.780071e+00	1.331906e+02	-6.00287e+01	
1032	3.801894e+00	1.331531e+02	-6.01720e+01	
1033	3.823843e+00	1.331154e+02	-6.03149e+01	
1034	3.845918e+00	1.330777e+02	-6.04574e+01	
1035	3.868121e+00	1.330399e+02	-6.05995e+01	
1036	3.890451e+00	1.330020e+02	-6.07411e+01	
1037	3.912911e+00	1.329639e+02	-6.08824e+01	
1038	3.935501e+00	1.329258e+02	-6.10232e+01	
1039	3.958221e+00	1.328875e+02	-6.11636e+01	
1040	3.981072e+00	1.328492e+02	-6.13036e+01	

Index   frequency       tdb             tph             
--------------------------------------------------------------------------------
1041	4.004055e+00	1.328107e+02	-6.14431e+01	
1042	4.027170e+00	1.327722e+02	-6.15822e+01	
1043	4.050419e+00	1.327335e+02	-6.17209e+01	
1044	4.073803e+00	1.326948e+02	-6.18592e+01	
1045	4.097321e+00	1.326559e+02	-6.19970e+01	
1046	4.120975e+00	1.326169e+02	-6.21344e+01	
1047	4.144766e+00	1.325779e+02	-6.22714e+01	
1048	4.168694e+00	1.325387e+02	-6.24079e+01	
1049	4.192760e+00	1.324995e+02	-6.25440e+01	
1050	4.216965e+00	1.324601e+02	-6.26796e+01	
1051	4.241310e+00	1.324207e+02	-6.28148e+01	
1052	4.265795e+00	1.323812e+02	-6.29495e+01	
1053	4.290422e+00	1.323415e+02	-6.30838e+01	
1054	4.315191e+00	1.323018e+02	-6.32177e+01	
1055	4.340103e+00	1.322620e+02	-6.33511e+01	
1056	4.365158e+00	1.322221e+02	-6.34840e+01	
1057	4.390359e+00	1.321821e+02	-6.36165e+01	
1058	4.415704e+00	1.321420e+02	-6.37486e+01	
1059	4.441197e+00	1.321018e+02	-6.38802e+01	
1060	4.466836e+00	1.320615e+02	-6.40113e+01	
1061	4.492623e+00	1.320211e+02	-6.41420e+01	
1062	4.518559e+00	1.319807e+02	-6.42722e+01	
1063	4.544645e+00	1.319401e+02	-6.44020e+01	
1064	4.570882e+00	1.318995e+02	-6.45313e+01	
1065	4.597270e+00	1.318587e+02	-6.46601e+01	
1066	4.623810e+00	1.318179e+02	-6.47885e+01	
1067	4.650504e+00	1.317770e+02	-6.49165e+01	
1068	4.677351e+00	1.317361e+02	-6.50439e+01	
1069	4.704354e+00	1.316950e+02	-6.51709e+01	
1070	4.731513e+00	1.316538e+02	-6.52975e+01	
1071	4.758828e+00	1.316126e+02	-6.54235e+01	
1072	4.786301e+00	1.315713e+02	-6.55491e+01	
1073	4.813933e+00	1.315299e+02	-6.56743e+01	
1074	4.841724e+00	1.314884e+02	-6.57989e+01	
1075	4.869675e+00	1.314469e+02	-6.59231e+01	
1076	4.897788e+00	1.314052e+02	-6.60469e+01	
1077	4.926063e+00	1.313635e+02	-6.61701e+01	
1078	4.954502e+00	1.313217e+02	-6.62929e+01	
1079	4.983105e+00	1.312798e+02	-6.64153e+01	
1080	5.011872e+00	1.312378e+02	-6.65371e+01	
1081	5.040806e+00	1.311958e+02	-6.66585e+01	
1082	5.069907e+00	1.311537e+02	-6.67795e+01	
1083	5.099176e+00	1.311115e+02	-6.68999e+01	
1084	5.128614e+00	1.310692e+02	-6.70199e+01	
1085	5.158222e+00	1.310269e+02	-6.71394e+01	
1086	5.188000e+00	1.309845e+02	-6.72585e+01	
1087	5.217951e+00	1.309420e+02	-6.73770e+01	
1088	5.248075e+00	1.308994e+02	-6.74951e+01	
1089	5.278372e+00	1.308568e+02	-6.76128e+01	
1090	5.308844e+00	1.308141e+02	-6.77299e+01	
1091	5.339493e+00	1.307713e+02	-6.78466e+01	
1092	5.370318e+00	1.307285e+02	-6.79629e+01	
1093	5.401321e+00	1.306856e+02	-6.80786e+01	
1094	5.432503e+00	1.306426e+02	-6.81939e+01	
1095	5.463865e+00	1.305995e+02	-6.83087e+01	
1096	5.495409e+00	1.305564e+02	-6.84230e+01	
1097	5.527134e+00	1.305132e+02	-6.85369e+01	
1098	5.559043e+00	1.304699e+02	-6.86503e+01	

Index   frequency       tdb             tph             
--------------------------------------------------------------------------------
1099	5.591135e+00	1.304266e+02	-6.87633e+01	
1100	5.623413e+00	1.303832e+02	-6.88757e+01	
1101	5.655878e+00	1.303398e+02	-6.89877e+01	
1102	5.688529e+00	1.302962e+02	-6.90992e+01	
1103	5.721370e+00	1.302527e+02	-6.92103e+01	
1104	5.754399e+00	1.302090e+02	-6.93209e+01	
1105	5.787620e+00	1.301653e+02	-6.94310e+01	
1106	5.821032e+00	1.301215e+02	-6.95407e+01	
1107	5.854637e+00	1.300777e+02	-6.96499e+01	
1108	5.888437e+00	1.300338e+02	-6.97586e+01	
1109	5.922431e+00	1.299898e+02	-6.98669e+01	
1110	5.956621e+00	1.299458e+02	-6.99747e+01	
1111	5.991009e+00	1.299017e+02	-7.00820e+01	
1112	6.025596e+00	1.298575e+02	-7.01889e+01	
1113	6.060382e+00	1.298133e+02	-7.02953e+01	
1114	6.095369e+00	1.297691e+02	-7.04013e+01	
1115	6.130558e+00	1.297247e+02	-7.05067e+01	
1116	6.165950e+00	1.296804e+02	-7.06118e+01	
1117	6.201546e+00	1.296359e+02	-7.07163e+01	
1118	6.237348e+00	1.295914e+02	-7.08204e+01	
1119	6.273357e+00	1.295469e+02	-7.09241e+01	
1120	6.309573e+00	1.295023e+02	-7.10273e+01	
1121	6.345999e+00	1.294576e+02	-7.11300e+01	
1122	6.382635e+00	1.294129e+02	-7.12323e+01	
1123	6.419482e+00	1.293681e+02	-7.13341e+01	
1124	6.456542e+00	1.293233e+02	-7.14355e+01	
1125	6.493816e+00	1.292784e+02	-7.15364e+01	
1126	6.531306e+00	1.292335e+02	-7.16369e+01	
1127	6.569011e+00	1.291885e+02	-7.17369e+01	
1128	6.606934e+00	1.291435e+02	-7.18365e+01	
1129	6.645077e+00	1.290984e+02	-7.19356e+01	
1130	6.683439e+00	1.290533e+02	-7.20343e+01	
1131	6.722023e+00	1.290081e+02	-7.21325e+01	
1132	6.760830e+00	1.289628e+02	-7.22303e+01	
1133	6.799860e+00	1.289176e+02	-7.23276e+01	
1134	6.839116e+00	1.288722e+02	-7.24245e+01	
1135	6.878599e+00	1.288268e+02	-7.25209e+01	
1136	6.918310e+00	1.287814e+02	-7.26169e+01	
1137	6.958250e+00	1.287359e+02	-7.27125e+01	
1138	6.998420e+00	1.286904e+02	-7.28076e+01	
1139	7.038822e+00	1.286448e+02	-7.29023e+01	
1140	7.079458e+00	1.285992e+02	-7.29965e+01	
1141	7.120328e+00	1.285535e+02	-7.30904e+01	
1142	7.161434e+00	1.285078e+02	-7.31837e+01	
1143	7.202778e+00	1.284621e+02	-7.32767e+01	
1144	7.244360e+00	1.284163e+02	-7.33692e+01	
1145	7.286182e+00	1.283704e+02	-7.34612e+01	
1146	7.328245e+00	1.283246e+02	-7.35529e+01	
1147	7.370552e+00	1.282786e+02	-7.36441e+01	
1148	7.413102e+00	1.282326e+02	-7.37349e+01	
1149	7.455899e+00	1.281866e+02	-7.38252e+01	
1150	7.498942e+00	1.281406e+02	-7.39152e+01	
1151	7.542234e+00	1.280945e+02	-7.40047e+01	
1152	7.585776e+00	1.280483e+02	-7.40938e+01	
1153	7.629569e+00	1.280022e+02	-7.41824e+01	
1154	7.673615e+00	1.279559e+02	-7.42707e+01	
1155	7.717915e+00	1.279097e+02	-7.43585e+01	
1156	7.762471e+00	1.278634e+02	-7.44459e+01	

Index   frequency       tdb             tph             
--------------------------------------------------------------------------------
1157	7.807284e+00	1.278170e+02	-7.45329e+01	
1158	7.852356e+00	1.277707e+02	-7.46194e+01	
1159	7.897688e+00	1.277242e+02	-7.47056e+01	
1160	7.943282e+00	1.276778e+02	-7.47913e+01	
1161	7.989139e+00	1.276313e+02	-7.48767e+01	
1162	8.035261e+00	1.275848e+02	-7.49616e+01	
1163	8.081649e+00	1.275382e+02	-7.50461e+01	
1164	8.128305e+00	1.274916e+02	-7.51302e+01	
1165	8.175230e+00	1.274449e+02	-7.52139e+01	
1166	8.222426e+00	1.273983e+02	-7.52972e+01	
1167	8.269895e+00	1.273516e+02	-7.53801e+01	
1168	8.317638e+00	1.273048e+02	-7.54626e+01	
1169	8.365656e+00	1.272580e+02	-7.55447e+01	
1170	8.413951e+00	1.272112e+02	-7.56264e+01	
1171	8.462526e+00	1.271644e+02	-7.57077e+01	
1172	8.511380e+00	1.271175e+02	-7.57886e+01	
1173	8.560517e+00	1.270706e+02	-7.58691e+01	
1174	8.609938e+00	1.270236e+02	-7.59492e+01	
1175	8.659643e+00	1.269766e+02	-7.60290e+01	
1176	8.709636e+00	1.269296e+02	-7.61083e+01	
1177	8.759917e+00	1.268826e+02	-7.61873e+01	
1178	8.810489e+00	1.268355e+02	-7.62658e+01	
1179	8.861352e+00	1.267884e+02	-7.63440e+01	
1180	8.912509e+00	1.267412e+02	-7.64218e+01	
1181	8.963962e+00	1.266940e+02	-7.64992e+01	
1182	9.015711e+00	1.266468e+02	-7.65762e+01	
1183	9.067760e+00	1.265996e+02	-7.66529e+01	
1184	9.120108e+00	1.265523e+02	-7.67291e+01	
1185	9.172759e+00	1.265050e+02	-7.68050e+01	
1186	9.225714e+00	1.264577e+02	-7.68805e+01	
1187	9.278975e+00	1.264104e+02	-7.69557e+01	
1188	9.332543e+00	1.263630e+02	-7.70305e+01	
1189	9.386420e+00	1.263156e+02	-7.71049e+01	
1190	9.440609e+00	1.262681e+02	-7.71789e+01	
1191	9.495110e+00	1.262207e+02	-7.72526e+01	
1192	9.549926e+00	1.261732e+02	-7.73259e+01	
1193	9.605058e+00	1.261257e+02	-7.73988e+01	
1194	9.660509e+00	1.260781e+02	-7.74714e+01	
1195	9.716280e+00	1.260305e+02	-7.75436e+01	
1196	9.772372e+00	1.259829e+02	-7.76154e+01	
1197	9.828789e+00	1.259353e+02	-7.76869e+01	
1198	9.885531e+00	1.258876e+02	-7.77581e+01	
1199	9.942601e+00	1.258400e+02	-7.78288e+01	
1200	1.000000e+01	1.257923e+02	-7.78993e+01	
1201	1.005773e+01	1.257445e+02	-7.79693e+01	
1202	1.011579e+01	1.256968e+02	-7.80391e+01	
1203	1.017419e+01	1.256490e+02	-7.81084e+01	
1204	1.023293e+01	1.256012e+02	-7.81775e+01	
1205	1.029201e+01	1.255534e+02	-7.82461e+01	
1206	1.035142e+01	1.255055e+02	-7.83145e+01	
1207	1.041118e+01	1.254576e+02	-7.83825e+01	
1208	1.047129e+01	1.254097e+02	-7.84501e+01	
1209	1.053174e+01	1.253618e+02	-7.85174e+01	
1210	1.059254e+01	1.253139e+02	-7.85844e+01	
1211	1.065369e+01	1.252659e+02	-7.86510e+01	
1212	1.071519e+01	1.252179e+02	-7.87173e+01	
1213	1.077705e+01	1.251699e+02	-7.87833e+01	
1214	1.083927e+01	1.251219e+02	-7.88489e+01	

Index   frequency       tdb             tph             
--------------------------------------------------------------------------------
1215	1.090184e+01	1.250738e+02	-7.89143e+01	
1216	1.096478e+01	1.250258e+02	-7.89792e+01	
1217	1.102808e+01	1.249777e+02	-7.90439e+01	
1218	1.109175e+01	1.249295e+02	-7.91082e+01	
1219	1.115578e+01	1.248814e+02	-7.91722e+01	
1220	1.122018e+01	1.248332e+02	-7.92359e+01	
1221	1.128496e+01	1.247851e+02	-7.92992e+01	
1222	1.135011e+01	1.247369e+02	-7.93622e+01	
1223	1.141563e+01	1.246886e+02	-7.94250e+01	
1224	1.148154e+01	1.246404e+02	-7.94874e+01	
1225	1.154782e+01	1.245921e+02	-7.95494e+01	
1226	1.161449e+01	1.245439e+02	-7.96112e+01	
1227	1.168154e+01	1.244956e+02	-7.96727e+01	
1228	1.174898e+01	1.244472e+02	-7.97338e+01	
1229	1.181680e+01	1.243989e+02	-7.97946e+01	
1230	1.188502e+01	1.243506e+02	-7.98552e+01	
1231	1.195364e+01	1.243022e+02	-7.99154e+01	
1232	1.202264e+01	1.242538e+02	-7.99753e+01	
1233	1.209205e+01	1.242054e+02	-8.00349e+01	
1234	1.216186e+01	1.241570e+02	-8.00942e+01	
1235	1.223207e+01	1.241085e+02	-8.01532e+01	
1236	1.230269e+01	1.240601e+02	-8.02119e+01	
1237	1.237371e+01	1.240116e+02	-8.02703e+01	
1238	1.244515e+01	1.239631e+02	-8.03285e+01	
1239	1.251699e+01	1.239146e+02	-8.03863e+01	
1240	1.258925e+01	1.238661e+02	-8.04438e+01	
1241	1.266193e+01	1.238175e+02	-8.05010e+01	
1242	1.273503e+01	1.237690e+02	-8.05580e+01	
1243	1.280855e+01	1.237204e+02	-8.06147e+01	
1244	1.288250e+01	1.236718e+02	-8.06710e+01	
1245	1.295687e+01	1.236232e+02	-8.07271e+01	
1246	1.303167e+01	1.235746e+02	-8.07829e+01	
1247	1.310690e+01	1.235259e+02	-8.08384e+01	
1248	1.318257e+01	1.234773e+02	-8.08937e+01	
1249	1.325867e+01	1.234286e+02	-8.09486e+01	
1250	1.333521e+01	1.233799e+02	-8.10033e+01	
1251	1.341220e+01	1.233312e+02	-8.10577e+01	
1252	1.348963e+01	1.232825e+02	-8.11118e+01	
1253	1.356751e+01	1.232338e+02	-8.11657e+01	
1254	1.364583e+01	1.231850e+02	-8.12193e+01	
1255	1.372461e+01	1.231363e+02	-8.12726e+01	
1256	1.380384e+01	1.230875e+02	-8.13256e+01	
1257	1.388353e+01	1.230387e+02	-8.13784e+01	
1258	1.396368e+01	1.229899e+02	-8.14309e+01	
1259	1.404430e+01	1.229411e+02	-8.14832e+01	
1260	1.412538e+01	1.228923e+02	-8.15351e+01	
1261	1.420692e+01	1.228434e+02	-8.15868e+01	
1262	1.428894e+01	1.227946e+02	-8.16383e+01	
1263	1.437143e+01	1.227457e+02	-8.16895e+01	
1264	1.445440e+01	1.226969e+02	-8.17404e+01	
1265	1.453784e+01	1.226480e+02	-8.17911e+01	
1266	1.462177e+01	1.225991e+02	-8.18415e+01	
1267	1.470618e+01	1.225502e+02	-8.18917e+01	
1268	1.479108e+01	1.225012e+02	-8.19416e+01	
1269	1.487647e+01	1.224523e+02	-8.19913e+01	
1270	1.496236e+01	1.224033e+02	-8.20407e+01	
1271	1.504874e+01	1.223544e+02	-8.20899e+01	
1272	1.513561e+01	1.223054e+02	-8.21388e+01	

Index   frequency       tdb             tph             
--------------------------------------------------------------------------------
1273	1.522299e+01	1.222564e+02	-8.21875e+01	
1274	1.531087e+01	1.222074e+02	-8.22359e+01	
1275	1.539927e+01	1.221584e+02	-8.22841e+01	
1276	1.548817e+01	1.221094e+02	-8.23320e+01	
1277	1.557758e+01	1.220604e+02	-8.23797e+01	
1278	1.566751e+01	1.220113e+02	-8.24272e+01	
1279	1.575796e+01	1.219623e+02	-8.24744e+01	
1280	1.584893e+01	1.219132e+02	-8.25214e+01	
1281	1.594043e+01	1.218641e+02	-8.25682e+01	
1282	1.603245e+01	1.218151e+02	-8.26147e+01	
1283	1.612501e+01	1.217660e+02	-8.26610e+01	
1284	1.621810e+01	1.217169e+02	-8.27070e+01	
1285	1.631173e+01	1.216678e+02	-8.27529e+01	
1286	1.640590e+01	1.216186e+02	-8.27985e+01	
1287	1.650061e+01	1.215695e+02	-8.28439e+01	
1288	1.659587e+01	1.215203e+02	-8.28890e+01	
1289	1.669168e+01	1.214712e+02	-8.29339e+01	
1290	1.678804e+01	1.214220e+02	-8.29786e+01	
1291	1.688496e+01	1.213729e+02	-8.30231e+01	
1292	1.698244e+01	1.213237e+02	-8.30674e+01	
1293	1.708048e+01	1.212745e+02	-8.31114e+01	
1294	1.717908e+01	1.212253e+02	-8.31552e+01	
1295	1.727826e+01	1.211761e+02	-8.31988e+01	
1296	1.737801e+01	1.211269e+02	-8.32422e+01	
1297	1.747833e+01	1.210776e+02	-8.32854e+01	
1298	1.757924e+01	1.210284e+02	-8.33284e+01	
1299	1.768072e+01	1.209792e+02	-8.33711e+01	
1300	1.778279e+01	1.209299e+02	-8.34137e+01	
1301	1.788546e+01	1.208806e+02	-8.34560e+01	
1302	1.798871e+01	1.208314e+02	-8.34981e+01	
1303	1.809256e+01	1.207821e+02	-8.35400e+01	
1304	1.819701e+01	1.207328e+02	-8.35818e+01	
1305	1.830206e+01	1.206835e+02	-8.36233e+01	
1306	1.840772e+01	1.206342e+02	-8.36646e+01	
1307	1.851399e+01	1.205849e+02	-8.37057e+01	
1308	1.862087e+01	1.205356e+02	-8.37466e+01	
1309	1.872837e+01	1.204862e+02	-8.37873e+01	
1310	1.883649e+01	1.204369e+02	-8.38278e+01	
1311	1.894524e+01	1.203876e+02	-8.38681e+01	
1312	1.905461e+01	1.203382e+02	-8.39082e+01	
1313	1.916461e+01	1.202889e+02	-8.39481e+01	
1314	1.927525e+01	1.202395e+02	-8.39879e+01	
1315	1.938653e+01	1.201901e+02	-8.40274e+01	
1316	1.949845e+01	1.201408e+02	-8.40667e+01	
1317	1.961101e+01	1.200914e+02	-8.41059e+01	
1318	1.972423e+01	1.200420e+02	-8.41449e+01	
1319	1.983810e+01	1.199926e+02	-8.41836e+01	
1320	1.995262e+01	1.199432e+02	-8.42222e+01	
1321	2.006781e+01	1.198938e+02	-8.42606e+01	
1322	2.018366e+01	1.198443e+02	-8.42989e+01	
1323	2.030019e+01	1.197949e+02	-8.43369e+01	
1324	2.041738e+01	1.197455e+02	-8.43748e+01	
1325	2.053525e+01	1.196960e+02	-8.44124e+01	
1326	2.065380e+01	1.196466e+02	-8.44499e+01	
1327	2.077304e+01	1.195971e+02	-8.44873e+01	
1328	2.089296e+01	1.195477e+02	-8.45244e+01	
1329	2.101358e+01	1.194982e+02	-8.45614e+01	
1330	2.113489e+01	1.194487e+02	-8.45982e+01	

Index   frequency       tdb             tph             
--------------------------------------------------------------------------------
1331	2.125690e+01	1.193993e+02	-8.46348e+01	
1332	2.137962e+01	1.193498e+02	-8.46712e+01	
1333	2.150305e+01	1.193003e+02	-8.47075e+01	
1334	2.162719e+01	1.192508e+02	-8.47436e+01	
1335	2.175204e+01	1.192013e+02	-8.47796e+01	
1336	2.187762e+01	1.191518e+02	-8.48153e+01	
1337	2.200392e+01	1.191023e+02	-8.48509e+01	
1338	2.213095e+01	1.190528e+02	-8.48864e+01	
1339	2.225871e+01	1.190032e+02	-8.49217e+01	
1340	2.238721e+01	1.189537e+02	-8.49568e+01	
1341	2.251645e+01	1.189042e+02	-8.49917e+01	
1342	2.264644e+01	1.188546e+02	-8.50265e+01	
1343	2.277718e+01	1.188051e+02	-8.50611e+01	
1344	2.290868e+01	1.187555e+02	-8.50956e+01	
1345	2.304093e+01	1.187060e+02	-8.51299e+01	
1346	2.317395e+01	1.186564e+02	-8.51640e+01	
1347	2.330773e+01	1.186068e+02	-8.51980e+01	
1348	2.344229e+01	1.185573e+02	-8.52319e+01	
1349	2.357762e+01	1.185077e+02	-8.52656e+01	
1350	2.371374e+01	1.184581e+02	-8.52991e+01	
1351	2.385064e+01	1.184085e+02	-8.53325e+01	
1352	2.398833e+01	1.183589e+02	-8.53657e+01	
1353	2.412682e+01	1.183093e+02	-8.53988e+01	
1354	2.426610e+01	1.182597e+02	-8.54317e+01	
1355	2.440619e+01	1.182101e+02	-8.54645e+01	
1356	2.454709e+01	1.181605e+02	-8.54971e+01	
1357	2.468880e+01	1.181109e+02	-8.55296e+01	
1358	2.483133e+01	1.180613e+02	-8.55620e+01	
1359	2.497468e+01	1.180117e+02	-8.55942e+01	
1360	2.511886e+01	1.179620e+02	-8.56263e+01	
1361	2.526388e+01	1.179124e+02	-8.56582e+01	
1362	2.540973e+01	1.178628e+02	-8.56900e+01	
1363	2.555642e+01	1.178131e+02	-8.57216e+01	
1364	2.570396e+01	1.177635e+02	-8.57531e+01	
1365	2.585235e+01	1.177138e+02	-8.57845e+01	
1366	2.600160e+01	1.176642e+02	-8.58157e+01	
1367	2.615170e+01	1.176145e+02	-8.58468e+01	
1368	2.630268e+01	1.175649e+02	-8.58777e+01	
1369	2.645453e+01	1.175152e+02	-8.59085e+01	
1370	2.660725e+01	1.174655e+02	-8.59392e+01	
1371	2.676086e+01	1.174159e+02	-8.59698e+01	
1372	2.691535e+01	1.173662e+02	-8.60002e+01	
1373	2.707073e+01	1.173165e+02	-8.60305e+01	
1374	2.722701e+01	1.172668e+02	-8.60607e+01	
1375	2.738420e+01	1.172171e+02	-8.60907e+01	
1376	2.754229e+01	1.171674e+02	-8.61206e+01	
1377	2.770129e+01	1.171177e+02	-8.61504e+01	
1378	2.786121e+01	1.170680e+02	-8.61801e+01	
1379	2.802206e+01	1.170183e+02	-8.62096e+01	
1380	2.818383e+01	1.169686e+02	-8.62390e+01	
1381	2.834654e+01	1.169189e+02	-8.62683e+01	
1382	2.851018e+01	1.168692e+02	-8.62975e+01	
1383	2.867477e+01	1.168195e+02	-8.63266e+01	
1384	2.884032e+01	1.167698e+02	-8.63555e+01	
1385	2.900681e+01	1.167200e+02	-8.63843e+01	
1386	2.917427e+01	1.166703e+02	-8.64130e+01	
1387	2.934270e+01	1.166206e+02	-8.64416e+01	
1388	2.951209e+01	1.165709e+02	-8.64700e+01	

Index   frequency       tdb             tph             
--------------------------------------------------------------------------------
1389	2.968247e+01	1.165211e+02	-8.64984e+01	
1390	2.985383e+01	1.164714e+02	-8.65266e+01	
1391	3.002617e+01	1.164216e+02	-8.65547e+01	
1392	3.019952e+01	1.163719e+02	-8.65827e+01	
1393	3.037386e+01	1.163221e+02	-8.66106e+01	
1394	3.054921e+01	1.162724e+02	-8.66384e+01	
1395	3.072557e+01	1.162226e+02	-8.66661e+01	
1396	3.090295e+01	1.161729e+02	-8.66937e+01	
1397	3.108136e+01	1.161231e+02	-8.67211e+01	
1398	3.126079e+01	1.160733e+02	-8.67485e+01	
1399	3.144126e+01	1.160236e+02	-8.67757e+01	
1400	3.162278e+01	1.159738e+02	-8.68029e+01	
1401	3.180534e+01	1.159240e+02	-8.68299e+01	
1402	3.198895e+01	1.158743e+02	-8.68568e+01	
1403	3.217363e+01	1.158245e+02	-8.68837e+01	
1404	3.235937e+01	1.157747e+02	-8.69104e+01	
1405	3.254618e+01	1.157249e+02	-8.69370e+01	
1406	3.273407e+01	1.156751e+02	-8.69635e+01	
1407	3.292305e+01	1.156253e+02	-8.69900e+01	
1408	3.311311e+01	1.155755e+02	-8.70163e+01	
1409	3.330428e+01	1.155257e+02	-8.70425e+01	
1410	3.349654e+01	1.154760e+02	-8.70687e+01	
1411	3.368992e+01	1.154262e+02	-8.70947e+01	
1412	3.388442e+01	1.153763e+02	-8.71207e+01	
1413	3.408003e+01	1.153265e+02	-8.71465e+01	
1414	3.427678e+01	1.152767e+02	-8.71723e+01	
1415	3.447466e+01	1.152269e+02	-8.71979e+01	
1416	3.467369e+01	1.151771e+02	-8.72235e+01	
1417	3.487386e+01	1.151273e+02	-8.72490e+01	
1418	3.507519e+01	1.150775e+02	-8.72744e+01	
1419	3.527768e+01	1.150277e+02	-8.72997e+01	
1420	3.548134e+01	1.149778e+02	-8.73249e+01	
1421	3.568617e+01	1.149280e+02	-8.73501e+01	
1422	3.589219e+01	1.148782e+02	-8.73751e+01	
1423	3.609940e+01	1.148284e+02	-8.74001e+01	
1424	3.630781e+01	1.147785e+02	-8.74249e+01	
1425	3.651741e+01	1.147287e+02	-8.74497e+01	
1426	3.672823e+01	1.146789e+02	-8.74744e+01	
1427	3.694026e+01	1.146290e+02	-8.74990e+01	
1428	3.715352e+01	1.145792e+02	-8.75236e+01	
1429	3.736801e+01	1.145293e+02	-8.75480e+01	
1430	3.758374e+01	1.144795e+02	-8.75724e+01	
1431	3.780071e+01	1.144296e+02	-8.75967e+01	
1432	3.801894e+01	1.143798e+02	-8.76209e+01	
1433	3.823843e+01	1.143299e+02	-8.76451e+01	
1434	3.845918e+01	1.142801e+02	-8.76691e+01	
1435	3.868121e+01	1.142302e+02	-8.76931e+01	
1436	3.890451e+01	1.141804e+02	-8.77170e+01	
1437	3.912911e+01	1.141305e+02	-8.77409e+01	
1438	3.935501e+01	1.140807e+02	-8.77647e+01	
1439	3.958221e+01	1.140308e+02	-8.77883e+01	
1440	3.981072e+01	1.139809e+02	-8.78120e+01	
1441	4.004055e+01	1.139311e+02	-8.78355e+01	
1442	4.027170e+01	1.138812e+02	-8.78590e+01	
1443	4.050419e+01	1.138313e+02	-8.78824e+01	
1444	4.073803e+01	1.137815e+02	-8.79057e+01	
1445	4.097321e+01	1.137316e+02	-8.79290e+01	
1446	4.120975e+01	1.136817e+02	-8.79522e+01	

Index   frequency       tdb             tph             
--------------------------------------------------------------------------------
1447	4.144766e+01	1.136318e+02	-8.79753e+01	
1448	4.168694e+01	1.135820e+02	-8.79984e+01	
1449	4.192760e+01	1.135321e+02	-8.80214e+01	
1450	4.216965e+01	1.134822e+02	-8.80443e+01	
1451	4.241310e+01	1.134323e+02	-8.80672e+01	
1452	4.265795e+01	1.133824e+02	-8.80900e+01	
1453	4.290422e+01	1.133325e+02	-8.81128e+01	
1454	4.315191e+01	1.132826e+02	-8.81354e+01	
1455	4.340103e+01	1.132328e+02	-8.81581e+01	
1456	4.365158e+01	1.131829e+02	-8.81806e+01	
1457	4.390359e+01	1.131330e+02	-8.82031e+01	
1458	4.415704e+01	1.130831e+02	-8.82256e+01	
1459	4.441197e+01	1.130332e+02	-8.82480e+01	
1460	4.466836e+01	1.129833e+02	-8.82703e+01	
1461	4.492623e+01	1.129334e+02	-8.82926e+01	
1462	4.518559e+01	1.128835e+02	-8.83148e+01	
1463	4.544645e+01	1.128336e+02	-8.83369e+01	
1464	4.570882e+01	1.127837e+02	-8.83590e+01	
1465	4.597270e+01	1.127337e+02	-8.83811e+01	
1466	4.623810e+01	1.126838e+02	-8.84031e+01	
1467	4.650504e+01	1.126339e+02	-8.84250e+01	
1468	4.677351e+01	1.125840e+02	-8.84469e+01	
1469	4.704354e+01	1.125341e+02	-8.84688e+01	
1470	4.731513e+01	1.124842e+02	-8.84906e+01	
1471	4.758828e+01	1.124343e+02	-8.85123e+01	
1472	4.786301e+01	1.123844e+02	-8.85340e+01	
1473	4.813933e+01	1.123344e+02	-8.85557e+01	
1474	4.841724e+01	1.122845e+02	-8.85773e+01	
1475	4.869675e+01	1.122346e+02	-8.85988e+01	
1476	4.897788e+01	1.121847e+02	-8.86203e+01	
1477	4.926063e+01	1.121347e+02	-8.86418e+01	
1478	4.954502e+01	1.120848e+02	-8.86632e+01	
1479	4.983105e+01	1.120349e+02	-8.86846e+01	
1480	5.011872e+01	1.119850e+02	-8.87059e+01	
1481	5.040806e+01	1.119350e+02	-8.87272e+01	
1482	5.069907e+01	1.118851e+02	-8.87484e+01	
1483	5.099176e+01	1.118352e+02	-8.87696e+01	
1484	5.128614e+01	1.117852e+02	-8.87908e+01	
1485	5.158222e+01	1.117353e+02	-8.88119e+01	
1486	5.188000e+01	1.116853e+02	-8.88330e+01	
1487	5.217951e+01	1.116354e+02	-8.88540e+01	
1488	5.248075e+01	1.115855e+02	-8.88751e+01	
1489	5.278372e+01	1.115355e+02	-8.88960e+01	
1490	5.308844e+01	1.114856e+02	-8.89170e+01	
1491	5.339493e+01	1.114356e+02	-8.89379e+01	
1492	5.370318e+01	1.113857e+02	-8.89587e+01	
1493	5.401321e+01	1.113357e+02	-8.89796e+01	
1494	5.432503e+01	1.112858e+02	-8.90003e+01	
1495	5.463865e+01	1.112359e+02	-8.90211e+01	
1496	5.495409e+01	1.111859e+02	-8.90418e+01	
1497	5.527134e+01	1.111359e+02	-8.90625e+01	
1498	5.559043e+01	1.110860e+02	-8.90832e+01	
1499	5.591135e+01	1.110360e+02	-8.91039e+01	
1500	5.623413e+01	1.109861e+02	-8.91245e+01	
1501	5.655878e+01	1.109361e+02	-8.91450e+01	
1502	5.688529e+01	1.108862e+02	-8.91656e+01	
1503	5.721370e+01	1.108362e+02	-8.91861e+01	
1504	5.754399e+01	1.107863e+02	-8.92066e+01	

Index   frequency       tdb             tph             
--------------------------------------------------------------------------------
1505	5.787620e+01	1.107363e+02	-8.92271e+01	
1506	5.821032e+01	1.106863e+02	-8.92475e+01	
1507	5.854637e+01	1.106364e+02	-8.92680e+01	
1508	5.888437e+01	1.105864e+02	-8.92884e+01	
1509	5.922431e+01	1.105364e+02	-8.93087e+01	
1510	5.956621e+01	1.104865e+02	-8.93291e+01	
1511	5.991009e+01	1.104365e+02	-8.93494e+01	
1512	6.025596e+01	1.103865e+02	-8.93697e+01	
1513	6.060382e+01	1.103366e+02	-8.93900e+01	
1514	6.095369e+01	1.102866e+02	-8.94103e+01	
1515	6.130558e+01	1.102366e+02	-8.94305e+01	
1516	6.165950e+01	1.101866e+02	-8.94508e+01	
1517	6.201546e+01	1.101367e+02	-8.94710e+01	
1518	6.237348e+01	1.100867e+02	-8.94912e+01	
1519	6.273357e+01	1.100367e+02	-8.95113e+01	
1520	6.309573e+01	1.099867e+02	-8.95315e+01	
1521	6.345999e+01	1.099367e+02	-8.95517e+01	
1522	6.382635e+01	1.098868e+02	-8.95718e+01	
1523	6.419482e+01	1.098368e+02	-8.95919e+01	
1524	6.456542e+01	1.097868e+02	-8.96120e+01	
1525	6.493816e+01	1.097368e+02	-8.96321e+01	
1526	6.531306e+01	1.096868e+02	-8.96522e+01	
1527	6.569011e+01	1.096368e+02	-8.96722e+01	
1528	6.606934e+01	1.095868e+02	-8.96923e+01	
1529	6.645077e+01	1.095369e+02	-8.97123e+01	
1530	6.683439e+01	1.094869e+02	-8.97324e+01	
1531	6.722023e+01	1.094369e+02	-8.97524e+01	
1532	6.760830e+01	1.093869e+02	-8.97724e+01	
1533	6.799860e+01	1.093369e+02	-8.97924e+01	
1534	6.839116e+01	1.092869e+02	-8.98124e+01	
1535	6.878599e+01	1.092369e+02	-8.98324e+01	
1536	6.918310e+01	1.091869e+02	-8.98524e+01	
1537	6.958250e+01	1.091369e+02	-8.98724e+01	
1538	6.998420e+01	1.090869e+02	-8.98924e+01	
1539	7.038822e+01	1.090369e+02	-8.99124e+01	
1540	7.079458e+01	1.089869e+02	-8.99324e+01	
1541	7.120328e+01	1.089369e+02	-8.99523e+01	
1542	7.161434e+01	1.088869e+02	-8.99723e+01	
1543	7.202778e+01	1.088369e+02	-8.99923e+01	
1544	7.244360e+01	1.087869e+02	-9.00123e+01	
1545	7.286182e+01	1.087369e+02	-9.00322e+01	
1546	7.328245e+01	1.086869e+02	-9.00522e+01	
1547	7.370552e+01	1.086368e+02	-9.00722e+01	
1548	7.413102e+01	1.085868e+02	-9.00922e+01	
1549	7.455899e+01	1.085368e+02	-9.01122e+01	
1550	7.498942e+01	1.084868e+02	-9.01321e+01	
1551	7.542234e+01	1.084368e+02	-9.01521e+01	
1552	7.585776e+01	1.083868e+02	-9.01721e+01	
1553	7.629569e+01	1.083368e+02	-9.01921e+01	
1554	7.673615e+01	1.082867e+02	-9.02121e+01	
1555	7.717915e+01	1.082367e+02	-9.02321e+01	
1556	7.762471e+01	1.081867e+02	-9.02522e+01	
1557	7.807284e+01	1.081367e+02	-9.02722e+01	
1558	7.852356e+01	1.080867e+02	-9.02922e+01	
1559	7.897688e+01	1.080366e+02	-9.03123e+01	
1560	7.943282e+01	1.079866e+02	-9.03323e+01	
1561	7.989139e+01	1.079366e+02	-9.03524e+01	
1562	8.035261e+01	1.078866e+02	-9.03725e+01	

Index   frequency       tdb             tph             
--------------------------------------------------------------------------------
1563	8.081649e+01	1.078365e+02	-9.03926e+01	
1564	8.128305e+01	1.077865e+02	-9.04127e+01	
1565	8.175230e+01	1.077365e+02	-9.04328e+01	
1566	8.222426e+01	1.076864e+02	-9.04529e+01	
1567	8.269895e+01	1.076364e+02	-9.04731e+01	
1568	8.317638e+01	1.075864e+02	-9.04932e+01	
1569	8.365656e+01	1.075363e+02	-9.05134e+01	
1570	8.413951e+01	1.074863e+02	-9.05336e+01	
1571	8.462526e+01	1.074363e+02	-9.05538e+01	
1572	8.511380e+01	1.073862e+02	-9.05741e+01	
1573	8.560517e+01	1.073362e+02	-9.05943e+01	
1574	8.609938e+01	1.072861e+02	-9.06146e+01	
1575	8.659643e+01	1.072361e+02	-9.06349e+01	
1576	8.709636e+01	1.071860e+02	-9.06552e+01	
1577	8.759917e+01	1.071360e+02	-9.06755e+01	
1578	8.810489e+01	1.070860e+02	-9.06959e+01	
1579	8.861352e+01	1.070359e+02	-9.07163e+01	
1580	8.912509e+01	1.069859e+02	-9.07367e+01	
1581	8.963962e+01	1.069358e+02	-9.07571e+01	
1582	9.015711e+01	1.068858e+02	-9.07775e+01	
1583	9.067760e+01	1.068357e+02	-9.07980e+01	
1584	9.120108e+01	1.067856e+02	-9.08185e+01	
1585	9.172759e+01	1.067356e+02	-9.08390e+01	
1586	9.225714e+01	1.066855e+02	-9.08596e+01	
1587	9.278975e+01	1.066355e+02	-9.08802e+01	
1588	9.332543e+01	1.065854e+02	-9.09008e+01	
1589	9.386420e+01	1.065354e+02	-9.09214e+01	
1590	9.440609e+01	1.064853e+02	-9.09421e+01	
1591	9.495110e+01	1.064352e+02	-9.09628e+01	
1592	9.549926e+01	1.063852e+02	-9.09835e+01	
1593	9.605058e+01	1.063351e+02	-9.10043e+01	
1594	9.660509e+01	1.062850e+02	-9.10251e+01	
1595	9.716280e+01	1.062350e+02	-9.10459e+01	
1596	9.772372e+01	1.061849e+02	-9.10668e+01	
1597	9.828789e+01	1.061348e+02	-9.10877e+01	
1598	9.885531e+01	1.060847e+02	-9.11087e+01	
1599	9.942601e+01	1.060347e+02	-9.11296e+01	
1600	1.000000e+02	1.059846e+02	-9.11506e+01	
1601	1.005773e+02	1.059345e+02	-9.11717e+01	
1602	1.011579e+02	1.058844e+02	-9.11928e+01	
1603	1.017419e+02	1.058344e+02	-9.12139e+01	
1604	1.023293e+02	1.057843e+02	-9.12351e+01	
1605	1.029201e+02	1.057342e+02	-9.12563e+01	
1606	1.035142e+02	1.056841e+02	-9.12775e+01	
1607	1.041118e+02	1.056340e+02	-9.12988e+01	
1608	1.047129e+02	1.055839e+02	-9.13202e+01	
1609	1.053174e+02	1.055338e+02	-9.13415e+01	
1610	1.059254e+02	1.054838e+02	-9.13630e+01	
1611	1.065369e+02	1.054337e+02	-9.13844e+01	
1612	1.071519e+02	1.053836e+02	-9.14059e+01	
1613	1.077705e+02	1.053335e+02	-9.14275e+01	
1614	1.083927e+02	1.052834e+02	-9.14491e+01	
1615	1.090184e+02	1.052333e+02	-9.14708e+01	
1616	1.096478e+02	1.051832e+02	-9.14925e+01	
1617	1.102808e+02	1.051331e+02	-9.15142e+01	
1618	1.109175e+02	1.050830e+02	-9.15360e+01	
1619	1.115578e+02	1.050329e+02	-9.15578e+01	
1620	1.122018e+02	1.049828e+02	-9.15797e+01	

Index   frequency       tdb             tph             
--------------------------------------------------------------------------------
1621	1.128496e+02	1.049326e+02	-9.16017e+01	
1622	1.135011e+02	1.048825e+02	-9.16237e+01	
1623	1.141563e+02	1.048324e+02	-9.16458e+01	
1624	1.148154e+02	1.047823e+02	-9.16679e+01	
1625	1.154782e+02	1.047322e+02	-9.16900e+01	
1626	1.161449e+02	1.046821e+02	-9.17123e+01	
1627	1.168154e+02	1.046320e+02	-9.17345e+01	
1628	1.174898e+02	1.045818e+02	-9.17569e+01	
1629	1.181680e+02	1.045317e+02	-9.17793e+01	
1630	1.188502e+02	1.044816e+02	-9.18017e+01	
1631	1.195364e+02	1.044315e+02	-9.18242e+01	
1632	1.202264e+02	1.043813e+02	-9.18468e+01	
1633	1.209205e+02	1.043312e+02	-9.18694e+01	
1634	1.216186e+02	1.042811e+02	-9.18921e+01	
1635	1.223207e+02	1.042309e+02	-9.19148e+01	
1636	1.230269e+02	1.041808e+02	-9.19377e+01	
1637	1.237371e+02	1.041307e+02	-9.19605e+01	
1638	1.244515e+02	1.040805e+02	-9.19835e+01	
1639	1.251699e+02	1.040304e+02	-9.20065e+01	
1640	1.258925e+02	1.039802e+02	-9.20296e+01	
1641	1.266193e+02	1.039301e+02	-9.20527e+01	
1642	1.273503e+02	1.038800e+02	-9.20759e+01	
1643	1.280855e+02	1.038298e+02	-9.20992e+01	
1644	1.288250e+02	1.037797e+02	-9.21225e+01	
1645	1.295687e+02	1.037295e+02	-9.21459e+01	
1646	1.303167e+02	1.036793e+02	-9.21694e+01	
1647	1.310690e+02	1.036292e+02	-9.21930e+01	
1648	1.318257e+02	1.035790e+02	-9.22166e+01	
1649	1.325867e+02	1.035289e+02	-9.22403e+01	
1650	1.333521e+02	1.034787e+02	-9.22641e+01	
1651	1.341220e+02	1.034285e+02	-9.22879e+01	
1652	1.348963e+02	1.033784e+02	-9.23118e+01	
1653	1.356751e+02	1.033282e+02	-9.23358e+01	
1654	1.364583e+02	1.032780e+02	-9.23599e+01	
1655	1.372461e+02	1.032278e+02	-9.23840e+01	
1656	1.380384e+02	1.031777e+02	-9.24082e+01	
1657	1.388353e+02	1.031275e+02	-9.24326e+01	
1658	1.396368e+02	1.030773e+02	-9.24569e+01	
1659	1.404430e+02	1.030271e+02	-9.24814e+01	
1660	1.412538e+02	1.029769e+02	-9.25059e+01	
1661	1.420692e+02	1.029267e+02	-9.25306e+01	
1662	1.428894e+02	1.028766e+02	-9.25553e+01	
1663	1.437143e+02	1.028264e+02	-9.25801e+01	
1664	1.445440e+02	1.027762e+02	-9.26049e+01	
1665	1.453784e+02	1.027260e+02	-9.26299e+01	
1666	1.462177e+02	1.026758e+02	-9.26550e+01	
1667	1.470618e+02	1.026256e+02	-9.26801e+01	
1668	1.479108e+02	1.025753e+02	-9.27053e+01	
1669	1.487647e+02	1.025251e+02	-9.27306e+01	
1670	1.496236e+02	1.024749e+02	-9.27560e+01	
1671	1.504874e+02	1.024247e+02	-9.27815e+01	
1672	1.513561e+02	1.023745e+02	-9.28071e+01	
1673	1.522299e+02	1.023243e+02	-9.28327e+01	
1674	1.531087e+02	1.022740e+02	-9.28585e+01	
1675	1.539927e+02	1.022238e+02	-9.28844e+01	
1676	1.548817e+02	1.021736e+02	-9.29103e+01	
1677	1.557758e+02	1.021234e+02	-9.29364e+01	
1678	1.566751e+02	1.020731e+02	-9.29625e+01	

Index   frequency       tdb             tph             
--------------------------------------------------------------------------------
1679	1.575796e+02	1.020229e+02	-9.29887e+01	
1680	1.584893e+02	1.019726e+02	-9.30151e+01	
1681	1.594043e+02	1.019224e+02	-9.30415e+01	
1682	1.603245e+02	1.018722e+02	-9.30680e+01	
1683	1.612501e+02	1.018219e+02	-9.30947e+01	
1684	1.621810e+02	1.017717e+02	-9.31214e+01	
1685	1.631173e+02	1.017214e+02	-9.31482e+01	
1686	1.640590e+02	1.016711e+02	-9.31752e+01	
1687	1.650061e+02	1.016209e+02	-9.32022e+01	
1688	1.659587e+02	1.015706e+02	-9.32293e+01	
1689	1.669168e+02	1.015203e+02	-9.32566e+01	
1690	1.678804e+02	1.014701e+02	-9.32839e+01	
1691	1.688496e+02	1.014198e+02	-9.33114e+01	
1692	1.698244e+02	1.013695e+02	-9.33390e+01	
1693	1.708048e+02	1.013192e+02	-9.33666e+01	
1694	1.717908e+02	1.012689e+02	-9.33944e+01	
1695	1.727826e+02	1.012187e+02	-9.34223e+01	
1696	1.737801e+02	1.011684e+02	-9.34503e+01	
1697	1.747833e+02	1.011181e+02	-9.34784e+01	
1698	1.757924e+02	1.010678e+02	-9.35067e+01	
1699	1.768072e+02	1.010175e+02	-9.35350e+01	
1700	1.778279e+02	1.009672e+02	-9.35635e+01	
1701	1.788546e+02	1.009168e+02	-9.35920e+01	
1702	1.798871e+02	1.008665e+02	-9.36207e+01	
1703	1.809256e+02	1.008162e+02	-9.36495e+01	
1704	1.819701e+02	1.007659e+02	-9.36785e+01	
1705	1.830206e+02	1.007156e+02	-9.37075e+01	
1706	1.840772e+02	1.006652e+02	-9.37367e+01	
1707	1.851399e+02	1.006149e+02	-9.37660e+01	
1708	1.862087e+02	1.005646e+02	-9.37954e+01	
1709	1.872837e+02	1.005142e+02	-9.38249e+01	
1710	1.883649e+02	1.004639e+02	-9.38545e+01	
1711	1.894524e+02	1.004135e+02	-9.38843e+01	
1712	1.905461e+02	1.003632e+02	-9.39142e+01	
1713	1.916461e+02	1.003128e+02	-9.39443e+01	
1714	1.927525e+02	1.002624e+02	-9.39744e+01	
1715	1.938653e+02	1.002121e+02	-9.40047e+01	
1716	1.949845e+02	1.001617e+02	-9.40351e+01	
1717	1.961101e+02	1.001113e+02	-9.40657e+01	
1718	1.972423e+02	1.000609e+02	-9.40964e+01	
1719	1.983810e+02	1.000106e+02	-9.41272e+01	
1720	1.995262e+02	9.996016e+01	-9.41581e+01	
1721	2.006781e+02	9.990977e+01	-9.41892e+01	
1722	2.018366e+02	9.985937e+01	-9.42204e+01	
1723	2.030019e+02	9.980897e+01	-9.42517e+01	
1724	2.041738e+02	9.975856e+01	-9.42832e+01	
1725	2.053525e+02	9.970814e+01	-9.43149e+01	
1726	2.065380e+02	9.965773e+01	-9.43466e+01	
1727	2.077304e+02	9.960730e+01	-9.43785e+01	
1728	2.089296e+02	9.955687e+01	-9.44106e+01	
1729	2.101358e+02	9.950644e+01	-9.44428e+01	
1730	2.113489e+02	9.945600e+01	-9.44751e+01	
1731	2.125690e+02	9.940556e+01	-9.45076e+01	
1732	2.137962e+02	9.935511e+01	-9.45402e+01	
1733	2.150305e+02	9.930466e+01	-9.45729e+01	
1734	2.162719e+02	9.925420e+01	-9.46059e+01	
1735	2.175204e+02	9.920373e+01	-9.46389e+01	
1736	2.187762e+02	9.915326e+01	-9.46721e+01	

Index   frequency       tdb             tph             
--------------------------------------------------------------------------------
1737	2.200392e+02	9.910278e+01	-9.47055e+01	
1738	2.213095e+02	9.905230e+01	-9.47390e+01	
1739	2.225871e+02	9.900182e+01	-9.47727e+01	
1740	2.238721e+02	9.895132e+01	-9.48065e+01	
1741	2.251645e+02	9.890082e+01	-9.48404e+01	
1742	2.264644e+02	9.885032e+01	-9.48746e+01	
1743	2.277718e+02	9.879981e+01	-9.49088e+01	
1744	2.290868e+02	9.874929e+01	-9.49433e+01	
1745	2.304093e+02	9.869877e+01	-9.49779e+01	
1746	2.317395e+02	9.864824e+01	-9.50126e+01	
1747	2.330773e+02	9.859771e+01	-9.50476e+01	
1748	2.344229e+02	9.854717e+01	-9.50826e+01	
1749	2.357762e+02	9.849662e+01	-9.51179e+01	
1750	2.371374e+02	9.844607e+01	-9.51533e+01	
1751	2.385064e+02	9.839551e+01	-9.51888e+01	
1752	2.398833e+02	9.834494e+01	-9.52246e+01	
1753	2.412682e+02	9.829437e+01	-9.52605e+01	
1754	2.426610e+02	9.824379e+01	-9.52966e+01	
1755	2.440619e+02	9.819320e+01	-9.53328e+01	
1756	2.454709e+02	9.814261e+01	-9.53692e+01	
1757	2.468880e+02	9.809201e+01	-9.54058e+01	
1758	2.483133e+02	9.804140e+01	-9.54425e+01	
1759	2.497468e+02	9.799079e+01	-9.54795e+01	
1760	2.511886e+02	9.794017e+01	-9.55166e+01	
1761	2.526388e+02	9.788954e+01	-9.55538e+01	
1762	2.540973e+02	9.783891e+01	-9.55913e+01	
1763	2.555642e+02	9.778826e+01	-9.56289e+01	
1764	2.570396e+02	9.773761e+01	-9.56667e+01	
1765	2.585235e+02	9.768696e+01	-9.57047e+01	
1766	2.600160e+02	9.763629e+01	-9.57429e+01	
1767	2.615170e+02	9.758562e+01	-9.57812e+01	
1768	2.630268e+02	9.753494e+01	-9.58198e+01	
1769	2.645453e+02	9.748425e+01	-9.58585e+01	
1770	2.660725e+02	9.743355e+01	-9.58974e+01	
1771	2.676086e+02	9.738285e+01	-9.59365e+01	
1772	2.691535e+02	9.733213e+01	-9.59758e+01	
1773	2.707073e+02	9.728141e+01	-9.60153e+01	
1774	2.722701e+02	9.723068e+01	-9.60549e+01	
1775	2.738420e+02	9.717995e+01	-9.60948e+01	
1776	2.754229e+02	9.712920e+01	-9.61348e+01	
1777	2.770129e+02	9.707845e+01	-9.61751e+01	
1778	2.786121e+02	9.702768e+01	-9.62155e+01	
1779	2.802206e+02	9.697691e+01	-9.62561e+01	
1780	2.818383e+02	9.692613e+01	-9.62970e+01	
1781	2.834654e+02	9.687534e+01	-9.63380e+01	
1782	2.851018e+02	9.682454e+01	-9.63792e+01	
1783	2.867477e+02	9.677373e+01	-9.64206e+01	
1784	2.884032e+02	9.672291e+01	-9.64623e+01	
1785	2.900681e+02	9.667209e+01	-9.65041e+01	
1786	2.917427e+02	9.662125e+01	-9.65461e+01	
1787	2.934270e+02	9.657041e+01	-9.65884e+01	
1788	2.951209e+02	9.651955e+01	-9.66308e+01	
1789	2.968247e+02	9.646868e+01	-9.66735e+01	
1790	2.985383e+02	9.641781e+01	-9.67164e+01	
1791	3.002617e+02	9.636692e+01	-9.67594e+01	
1792	3.019952e+02	9.631603e+01	-9.68027e+01	
1793	3.037386e+02	9.626512e+01	-9.68462e+01	
1794	3.054921e+02	9.621421e+01	-9.68900e+01	

Index   frequency       tdb             tph             
--------------------------------------------------------------------------------
1795	3.072557e+02	9.616328e+01	-9.69339e+01	
1796	3.090295e+02	9.611234e+01	-9.69780e+01	
1797	3.108136e+02	9.606140e+01	-9.70224e+01	
1798	3.126079e+02	9.601044e+01	-9.70670e+01	
1799	3.144126e+02	9.595947e+01	-9.71118e+01	
1800	3.162278e+02	9.590849e+01	-9.71568e+01	
1801	3.180534e+02	9.585750e+01	-9.72021e+01	
1802	3.198895e+02	9.580649e+01	-9.72476e+01	
1803	3.217363e+02	9.575548e+01	-9.72933e+01	
1804	3.235937e+02	9.570445e+01	-9.73392e+01	
1805	3.254618e+02	9.565341e+01	-9.73854e+01	
1806	3.273407e+02	9.560237e+01	-9.74318e+01	
1807	3.292305e+02	9.555130e+01	-9.74784e+01	
1808	3.311311e+02	9.550023e+01	-9.75252e+01	
1809	3.330428e+02	9.544914e+01	-9.75723e+01	
1810	3.349654e+02	9.539805e+01	-9.76196e+01	
1811	3.368992e+02	9.534694e+01	-9.76672e+01	
1812	3.388442e+02	9.529581e+01	-9.77150e+01	
1813	3.408003e+02	9.524468e+01	-9.77630e+01	
1814	3.427678e+02	9.519353e+01	-9.78113e+01	
1815	3.447466e+02	9.514237e+01	-9.78598e+01	
1816	3.467369e+02	9.509119e+01	-9.79085e+01	
1817	3.487386e+02	9.504000e+01	-9.79575e+01	
1818	3.507519e+02	9.498880e+01	-9.80068e+01	
1819	3.527768e+02	9.493759e+01	-9.80563e+01	
1820	3.548134e+02	9.488636e+01	-9.81060e+01	
1821	3.568617e+02	9.483511e+01	-9.81560e+01	
1822	3.589219e+02	9.478386e+01	-9.82062e+01	
1823	3.609940e+02	9.473258e+01	-9.82567e+01	
1824	3.630781e+02	9.468130e+01	-9.83074e+01	
1825	3.651741e+02	9.463000e+01	-9.83584e+01	
1826	3.672823e+02	9.457868e+01	-9.84097e+01	
1827	3.694026e+02	9.452735e+01	-9.84612e+01	
1828	3.715352e+02	9.447601e+01	-9.85130e+01	
1829	3.736801e+02	9.442465e+01	-9.85650e+01	
1830	3.758374e+02	9.437327e+01	-9.86173e+01	
1831	3.780071e+02	9.432188e+01	-9.86698e+01	
1832	3.801894e+02	9.427048e+01	-9.87226e+01	
1833	3.823843e+02	9.421905e+01	-9.87757e+01	
1834	3.845918e+02	9.416761e+01	-9.88290e+01	
1835	3.868121e+02	9.411616e+01	-9.88827e+01	
1836	3.890451e+02	9.406469e+01	-9.89365e+01	
1837	3.912911e+02	9.401320e+01	-9.89907e+01	
1838	3.935501e+02	9.396170e+01	-9.90451e+01	
1839	3.958221e+02	9.391018e+01	-9.90998e+01	
1840	3.981072e+02	9.385864e+01	-9.91548e+01	
1841	4.004055e+02	9.380708e+01	-9.92100e+01	
1842	4.027170e+02	9.375551e+01	-9.92655e+01	
1843	4.050419e+02	9.370392e+01	-9.93213e+01	
1844	4.073803e+02	9.365231e+01	-9.93774e+01	
1845	4.097321e+02	9.360068e+01	-9.94338e+01	
1846	4.120975e+02	9.354904e+01	-9.94904e+01	
1847	4.144766e+02	9.349737e+01	-9.95473e+01	
1848	4.168694e+02	9.344569e+01	-9.96045e+01	
1849	4.192760e+02	9.339399e+01	-9.96620e+01	
1850	4.216965e+02	9.334227e+01	-9.97198e+01	
1851	4.241310e+02	9.329053e+01	-9.97779e+01	
1852	4.265795e+02	9.323877e+01	-9.98363e+01	

Index   frequency       tdb             tph             
--------------------------------------------------------------------------------
1853	4.290422e+02	9.318699e+01	-9.98949e+01	
1854	4.315191e+02	9.313520e+01	-9.99539e+01	
1855	4.340103e+02	9.308338e+01	-1.00013e+02	
1856	4.365158e+02	9.303154e+01	-1.00073e+02	
1857	4.390359e+02	9.297968e+01	-1.00133e+02	
1858	4.415704e+02	9.292780e+01	-1.00193e+02	
1859	4.441197e+02	9.287590e+01	-1.00253e+02	
1860	4.466836e+02	9.282398e+01	-1.00314e+02	
1861	4.492623e+02	9.277203e+01	-1.00375e+02	
1862	4.518559e+02	9.272007e+01	-1.00436e+02	
1863	4.544645e+02	9.266808e+01	-1.00498e+02	
1864	4.570882e+02	9.261607e+01	-1.00560e+02	
1865	4.597270e+02	9.256404e+01	-1.00622e+02	
1866	4.623810e+02	9.251199e+01	-1.00685e+02	
1867	4.650504e+02	9.245991e+01	-1.00748e+02	
1868	4.677351e+02	9.240781e+01	-1.00811e+02	
1869	4.704354e+02	9.235569e+01	-1.00874e+02	
1870	4.731513e+02	9.230354e+01	-1.00938e+02	
1871	4.758828e+02	9.225137e+01	-1.01002e+02	
1872	4.786301e+02	9.219918e+01	-1.01067e+02	
1873	4.813933e+02	9.214696e+01	-1.01132e+02	
1874	4.841724e+02	9.209471e+01	-1.01197e+02	
1875	4.869675e+02	9.204245e+01	-1.01262e+02	
1876	4.897788e+02	9.199015e+01	-1.01328e+02	
1877	4.926063e+02	9.193783e+01	-1.01394e+02	
1878	4.954502e+02	9.188549e+01	-1.01461e+02	
1879	4.983105e+02	9.183312e+01	-1.01527e+02	
1880	5.011872e+02	9.178072e+01	-1.01594e+02	
1881	5.040806e+02	9.172830e+01	-1.01662e+02	
1882	5.069907e+02	9.167585e+01	-1.01729e+02	
1883	5.099176e+02	9.162338e+01	-1.01798e+02	
1884	5.128614e+02	9.157087e+01	-1.01866e+02	
1885	5.158222e+02	9.151834e+01	-1.01935e+02	
1886	5.188000e+02	9.146578e+01	-1.02004e+02	
1887	5.217951e+02	9.141320e+01	-1.02073e+02	
1888	5.248075e+02	9.136058e+01	-1.02143e+02	
1889	5.278372e+02	9.130794e+01	-1.02213e+02	
1890	5.308844e+02	9.125527e+01	-1.02284e+02	
1891	5.339493e+02	9.120256e+01	-1.02354e+02	
1892	5.370318e+02	9.114983e+01	-1.02425e+02	
1893	5.401321e+02	9.109707e+01	-1.02497e+02	
1894	5.432503e+02	9.104428e+01	-1.02569e+02	
1895	5.463865e+02	9.099146e+01	-1.02641e+02	
1896	5.495409e+02	9.093860e+01	-1.02714e+02	
1897	5.527134e+02	9.088572e+01	-1.02786e+02	
1898	5.559043e+02	9.083280e+01	-1.02860e+02	
1899	5.591135e+02	9.077986e+01	-1.02933e+02	
1900	5.623413e+02	9.072688e+01	-1.03007e+02	
1901	5.655878e+02	9.067386e+01	-1.03081e+02	
1902	5.688529e+02	9.062082e+01	-1.03156e+02	
1903	5.721370e+02	9.056774e+01	-1.03231e+02	
1904	5.754399e+02	9.051463e+01	-1.03307e+02	
1905	5.787620e+02	9.046149e+01	-1.03382e+02	
1906	5.821032e+02	9.040831e+01	-1.03458e+02	
1907	5.854637e+02	9.035509e+01	-1.03535e+02	
1908	5.888437e+02	9.030184e+01	-1.03612e+02	
1909	5.922431e+02	9.024856e+01	-1.03689e+02	
1910	5.956621e+02	9.019524e+01	-1.03767e+02	

Index   frequency       tdb             tph             
--------------------------------------------------------------------------------
1911	5.991009e+02	9.014189e+01	-1.03845e+02	
1912	6.025596e+02	9.008850e+01	-1.03923e+02	
1913	6.060382e+02	9.003507e+01	-1.04002e+02	
1914	6.095369e+02	8.998160e+01	-1.04081e+02	
1915	6.130558e+02	8.992810e+01	-1.04160e+02	
1916	6.165950e+02	8.987456e+01	-1.04240e+02	
1917	6.201546e+02	8.982099e+01	-1.04320e+02	
1918	6.237348e+02	8.976737e+01	-1.04401e+02	
1919	6.273357e+02	8.971372e+01	-1.04482e+02	
1920	6.309573e+02	8.966002e+01	-1.04563e+02	
1921	6.345999e+02	8.960629e+01	-1.04645e+02	
1922	6.382635e+02	8.955252e+01	-1.04727e+02	
1923	6.419482e+02	8.949870e+01	-1.04809e+02	
1924	6.456542e+02	8.944485e+01	-1.04892e+02	
1925	6.493816e+02	8.939095e+01	-1.04975e+02	
1926	6.531306e+02	8.933702e+01	-1.05059e+02	
1927	6.569011e+02	8.928304e+01	-1.05143e+02	
1928	6.606934e+02	8.922902e+01	-1.05227e+02	
1929	6.645077e+02	8.917495e+01	-1.05312e+02	
1930	6.683439e+02	8.912084e+01	-1.05397e+02	
1931	6.722023e+02	8.906669e+01	-1.05483e+02	
1932	6.760830e+02	8.901250e+01	-1.05569e+02	
1933	6.799860e+02	8.895826e+01	-1.05655e+02	
1934	6.839116e+02	8.890398e+01	-1.05742e+02	
1935	6.878599e+02	8.884965e+01	-1.05829e+02	
1936	6.918310e+02	8.879527e+01	-1.05917e+02	
1937	6.958250e+02	8.874085e+01	-1.06005e+02	
1938	6.998420e+02	8.868638e+01	-1.06093e+02	
1939	7.038822e+02	8.863187e+01	-1.06182e+02	
1940	7.079458e+02	8.857731e+01	-1.06271e+02	
1941	7.120328e+02	8.852270e+01	-1.06361e+02	
1942	7.161434e+02	8.846804e+01	-1.06451e+02	
1943	7.202778e+02	8.841333e+01	-1.06541e+02	
1944	7.244360e+02	8.835857e+01	-1.06632e+02	
1945	7.286182e+02	8.830377e+01	-1.06723e+02	
1946	7.328245e+02	8.824891e+01	-1.06815e+02	
1947	7.370552e+02	8.819400e+01	-1.06907e+02	
1948	7.413102e+02	8.813904e+01	-1.06999e+02	
1949	7.455899e+02	8.808403e+01	-1.07092e+02	
1950	7.498942e+02	8.802897e+01	-1.07185e+02	
1951	7.542234e+02	8.797386e+01	-1.07279e+02	
1952	7.585776e+02	8.791869e+01	-1.07373e+02	
1953	7.629569e+02	8.786347e+01	-1.07467e+02	
1954	7.673615e+02	8.780819e+01	-1.07562e+02	
1955	7.717915e+02	8.775286e+01	-1.07657e+02	
1956	7.762471e+02	8.769748e+01	-1.07753e+02	
1957	7.807284e+02	8.764204e+01	-1.07849e+02	
1958	7.852356e+02	8.758654e+01	-1.07946e+02	
1959	7.897688e+02	8.753099e+01	-1.08043e+02	
1960	7.943282e+02	8.747538e+01	-1.08140e+02	
1961	7.989139e+02	8.741971e+01	-1.08238e+02	
1962	8.035261e+02	8.736399e+01	-1.08336e+02	
1963	8.081649e+02	8.730821e+01	-1.08434e+02	
1964	8.128305e+02	8.725236e+01	-1.08533e+02	
1965	8.175230e+02	8.719646e+01	-1.08633e+02	
1966	8.222426e+02	8.714050e+01	-1.08733e+02	
1967	8.269895e+02	8.708447e+01	-1.08833e+02	
1968	8.317638e+02	8.702839e+01	-1.08933e+02	

Index   frequency       tdb             tph             
--------------------------------------------------------------------------------
1969	8.365656e+02	8.697224e+01	-1.09035e+02	
1970	8.413951e+02	8.691604e+01	-1.09136e+02	
1971	8.462526e+02	8.685977e+01	-1.09238e+02	
1972	8.511380e+02	8.680343e+01	-1.09340e+02	
1973	8.560517e+02	8.674703e+01	-1.09443e+02	
1974	8.609938e+02	8.669057e+01	-1.09546e+02	
1975	8.659643e+02	8.663404e+01	-1.09650e+02	
1976	8.709636e+02	8.657745e+01	-1.09754e+02	
1977	8.759917e+02	8.652079e+01	-1.09858e+02	
1978	8.810489e+02	8.646406e+01	-1.09963e+02	
1979	8.861352e+02	8.640727e+01	-1.10068e+02	
1980	8.912509e+02	8.635041e+01	-1.10174e+02	
1981	8.963962e+02	8.629348e+01	-1.10280e+02	
1982	9.015711e+02	8.623648e+01	-1.10387e+02	
1983	9.067760e+02	8.617942e+01	-1.10494e+02	
1984	9.120108e+02	8.612228e+01	-1.10601e+02	
1985	9.172759e+02	8.606507e+01	-1.10709e+02	
1986	9.225714e+02	8.600779e+01	-1.10817e+02	
1987	9.278975e+02	8.595044e+01	-1.10925e+02	
1988	9.332543e+02	8.589302e+01	-1.11034e+02	
1989	9.386420e+02	8.583552e+01	-1.11144e+02	
1990	9.440609e+02	8.577795e+01	-1.11254e+02	
1991	9.495110e+02	8.572031e+01	-1.11364e+02	
1992	9.549926e+02	8.566259e+01	-1.11475e+02	
1993	9.605058e+02	8.560480e+01	-1.11586e+02	
1994	9.660509e+02	8.554693e+01	-1.11697e+02	
1995	9.716280e+02	8.548898e+01	-1.11809e+02	
1996	9.772372e+02	8.543096e+01	-1.11922e+02	
1997	9.828789e+02	8.537286e+01	-1.12034e+02	
1998	9.885531e+02	8.531468e+01	-1.12147e+02	
1999	9.942601e+02	8.525642e+01	-1.12261e+02	
2000	1.000000e+03	8.519808e+01	-1.12375e+02	
2001	1.005773e+03	8.513966e+01	-1.12489e+02	
2002	1.011579e+03	8.508117e+01	-1.12604e+02	
2003	1.017419e+03	8.502259e+01	-1.12719e+02	
2004	1.023293e+03	8.496393e+01	-1.12835e+02	
2005	1.029201e+03	8.490518e+01	-1.12951e+02	
2006	1.035142e+03	8.484635e+01	-1.13067e+02	
2007	1.041118e+03	8.478744e+01	-1.13184e+02	
2008	1.047129e+03	8.472845e+01	-1.13301e+02	
2009	1.053174e+03	8.466937e+01	-1.13419e+02	
2010	1.059254e+03	8.461020e+01	-1.13537e+02	
2011	1.065369e+03	8.455095e+01	-1.13656e+02	
2012	1.071519e+03	8.449161e+01	-1.13774e+02	
2013	1.077705e+03	8.443218e+01	-1.13894e+02	
2014	1.083927e+03	8.437267e+01	-1.14013e+02	
2015	1.090184e+03	8.431306e+01	-1.14133e+02	
2016	1.096478e+03	8.425337e+01	-1.14254e+02	
2017	1.102808e+03	8.419359e+01	-1.14375e+02	
2018	1.109175e+03	8.413371e+01	-1.14496e+02	
2019	1.115578e+03	8.407375e+01	-1.14617e+02	
2020	1.122018e+03	8.401369e+01	-1.14739e+02	
2021	1.128496e+03	8.395354e+01	-1.14862e+02	
2022	1.135011e+03	8.389330e+01	-1.14984e+02	
2023	1.141563e+03	8.383297e+01	-1.15107e+02	
2024	1.148154e+03	8.377253e+01	-1.15231e+02	
2025	1.154782e+03	8.371201e+01	-1.15355e+02	
2026	1.161449e+03	8.365139e+01	-1.15479e+02	

Index   frequency       tdb             tph             
--------------------------------------------------------------------------------
2027	1.168154e+03	8.359067e+01	-1.15604e+02	
2028	1.174898e+03	8.352986e+01	-1.15729e+02	
2029	1.181680e+03	8.346894e+01	-1.15854e+02	
2030	1.188502e+03	8.340793e+01	-1.15980e+02	
2031	1.195364e+03	8.334682e+01	-1.16106e+02	
2032	1.202264e+03	8.328562e+01	-1.16232e+02	
2033	1.209205e+03	8.322431e+01	-1.16359e+02	
2034	1.216186e+03	8.316290e+01	-1.16486e+02	
2035	1.223207e+03	8.310139e+01	-1.16614e+02	
2036	1.230269e+03	8.303977e+01	-1.16742e+02	
2037	1.237371e+03	8.297806e+01	-1.16870e+02	
2038	1.244515e+03	8.291624e+01	-1.16999e+02	
2039	1.251699e+03	8.285432e+01	-1.17128e+02	
2040	1.258925e+03	8.279229e+01	-1.17257e+02	
2041	1.266193e+03	8.273016e+01	-1.17387e+02	
2042	1.273503e+03	8.266792e+01	-1.17517e+02	
2043	1.280855e+03	8.260558e+01	-1.17647e+02	
2044	1.288250e+03	8.254313e+01	-1.17778e+02	
2045	1.295687e+03	8.248057e+01	-1.17909e+02	
2046	1.303167e+03	8.241791e+01	-1.18040e+02	
2047	1.310690e+03	8.235513e+01	-1.18172e+02	
2048	1.318257e+03	8.229225e+01	-1.18304e+02	
2049	1.325867e+03	8.222926e+01	-1.18436e+02	
2050	1.333521e+03	8.216615e+01	-1.18568e+02	
2051	1.341220e+03	8.210294e+01	-1.18701e+02	
2052	1.348963e+03	8.203961e+01	-1.18835e+02	
2053	1.356751e+03	8.197617e+01	-1.18968e+02	
2054	1.364583e+03	8.191262e+01	-1.19102e+02	
2055	1.372461e+03	8.184895e+01	-1.19236e+02	
2056	1.380384e+03	8.178517e+01	-1.19371e+02	
2057	1.388353e+03	8.172128e+01	-1.19505e+02	
2058	1.396368e+03	8.165727e+01	-1.19640e+02	
2059	1.404430e+03	8.159315e+01	-1.19776e+02	
2060	1.412538e+03	8.152890e+01	-1.19911e+02	
2061	1.420692e+03	8.146455e+01	-1.20047e+02	
2062	1.428894e+03	8.140007e+01	-1.20183e+02	
2063	1.437143e+03	8.133548e+01	-1.20320e+02	
2064	1.445440e+03	8.127076e+01	-1.20456e+02	
2065	1.453784e+03	8.120593e+01	-1.20593e+02	
2066	1.462177e+03	8.114098e+01	-1.20731e+02	
2067	1.470618e+03	8.107591e+01	-1.20868e+02	
2068	1.479108e+03	8.101072e+01	-1.21006e+02	
2069	1.487647e+03	8.094541e+01	-1.21144e+02	
2070	1.496236e+03	8.087997e+01	-1.21282e+02	
2071	1.504874e+03	8.081441e+01	-1.21420e+02	
2072	1.513561e+03	8.074873e+01	-1.21559e+02	
2073	1.522299e+03	8.068293e+01	-1.21698e+02	
2074	1.531087e+03	8.061700e+01	-1.21837e+02	
2075	1.539927e+03	8.055095e+01	-1.21977e+02	
2076	1.548817e+03	8.048477e+01	-1.22116e+02	
2077	1.557758e+03	8.041847e+01	-1.22256e+02	
2078	1.566751e+03	8.035204e+01	-1.22396e+02	
2079	1.575796e+03	8.028549e+01	-1.22537e+02	
2080	1.584893e+03	8.021881e+01	-1.22677e+02	
2081	1.594043e+03	8.015200e+01	-1.22818e+02	
2082	1.603245e+03	8.008507e+01	-1.22958e+02	
2083	1.612501e+03	8.001800e+01	-1.23100e+02	
2084	1.621810e+03	7.995081e+01	-1.23241e+02	

Index   frequency       tdb             tph             
--------------------------------------------------------------------------------
2085	1.631173e+03	7.988349e+01	-1.23382e+02	
2086	1.640590e+03	7.981604e+01	-1.23524e+02	
2087	1.650061e+03	7.974846e+01	-1.23666e+02	
2088	1.659587e+03	7.968075e+01	-1.23807e+02	
2089	1.669168e+03	7.961290e+01	-1.23950e+02	
2090	1.678804e+03	7.954493e+01	-1.24092e+02	
2091	1.688496e+03	7.947683e+01	-1.24234e+02	
2092	1.698244e+03	7.940859e+01	-1.24377e+02	
2093	1.708048e+03	7.934022e+01	-1.24519e+02	
2094	1.717908e+03	7.927172e+01	-1.24662e+02	
2095	1.727826e+03	7.920308e+01	-1.24805e+02	
2096	1.737801e+03	7.913432e+01	-1.24948e+02	
2097	1.747833e+03	7.906541e+01	-1.25091e+02	
2098	1.757924e+03	7.899638e+01	-1.25235e+02	
2099	1.768072e+03	7.892721e+01	-1.25378e+02	
2100	1.778279e+03	7.885790e+01	-1.25522e+02	
2101	1.788546e+03	7.878846e+01	-1.25665e+02	
2102	1.798871e+03	7.871888e+01	-1.25809e+02	
2103	1.809256e+03	7.864917e+01	-1.25953e+02	
2104	1.819701e+03	7.857932e+01	-1.26097e+02	
2105	1.830206e+03	7.850934e+01	-1.26240e+02	
2106	1.840772e+03	7.843922e+01	-1.26385e+02	
2107	1.851399e+03	7.836896e+01	-1.26529e+02	
2108	1.862087e+03	7.829856e+01	-1.26673e+02	
2109	1.872837e+03	7.822803e+01	-1.26817e+02	
2110	1.883649e+03	7.815736e+01	-1.26961e+02	
2111	1.894524e+03	7.808655e+01	-1.27105e+02	
2112	1.905461e+03	7.801560e+01	-1.27250e+02	
2113	1.916461e+03	7.794451e+01	-1.27394e+02	
2114	1.927525e+03	7.787329e+01	-1.27539e+02	
2115	1.938653e+03	7.780193e+01	-1.27683e+02	
2116	1.949845e+03	7.773042e+01	-1.27827e+02	
2117	1.961101e+03	7.765878e+01	-1.27972e+02	
2118	1.972423e+03	7.758700e+01	-1.28116e+02	
2119	1.983810e+03	7.751508e+01	-1.28261e+02	
2120	1.995262e+03	7.744302e+01	-1.28405e+02	
2121	2.006781e+03	7.737082e+01	-1.28550e+02	
2122	2.018366e+03	7.729848e+01	-1.28694e+02	
2123	2.030019e+03	7.722600e+01	-1.28838e+02	
2124	2.041738e+03	7.715337e+01	-1.28983e+02	
2125	2.053525e+03	7.708061e+01	-1.29127e+02	
2126	2.065380e+03	7.700771e+01	-1.29271e+02	
2127	2.077304e+03	7.693467e+01	-1.29415e+02	
2128	2.089296e+03	7.686148e+01	-1.29559e+02	
2129	2.101358e+03	7.678816e+01	-1.29704e+02	
2130	2.113489e+03	7.671469e+01	-1.29848e+02	
2131	2.125690e+03	7.664108e+01	-1.29991e+02	
2132	2.137962e+03	7.656734e+01	-1.30135e+02	
2133	2.150305e+03	7.649345e+01	-1.30279e+02	
2134	2.162719e+03	7.641942e+01	-1.30423e+02	
2135	2.175204e+03	7.634525e+01	-1.30566e+02	
2136	2.187762e+03	7.627093e+01	-1.30710e+02	
2137	2.200392e+03	7.619648e+01	-1.30853e+02	
2138	2.213095e+03	7.612189e+01	-1.30996e+02	
2139	2.225871e+03	7.604715e+01	-1.31139e+02	
2140	2.238721e+03	7.597227e+01	-1.31282e+02	
2141	2.251645e+03	7.589726e+01	-1.31425e+02	
2142	2.264644e+03	7.582210e+01	-1.31568e+02	

Index   frequency       tdb             tph             
--------------------------------------------------------------------------------
2143	2.277718e+03	7.574680e+01	-1.31710e+02	
2144	2.290868e+03	7.567136e+01	-1.31853e+02	
2145	2.304093e+03	7.559578e+01	-1.31995e+02	
2146	2.317395e+03	7.552006e+01	-1.32137e+02	
2147	2.330773e+03	7.544419e+01	-1.32279e+02	
2148	2.344229e+03	7.536819e+01	-1.32421e+02	
2149	2.357762e+03	7.529205e+01	-1.32562e+02	
2150	2.371374e+03	7.521576e+01	-1.32704e+02	
2151	2.385064e+03	7.513934e+01	-1.32845e+02	
2152	2.398833e+03	7.506278e+01	-1.32986e+02	
2153	2.412682e+03	7.498607e+01	-1.33126e+02	
2154	2.426610e+03	7.490923e+01	-1.33267e+02	
2155	2.440619e+03	7.483225e+01	-1.33407e+02	
2156	2.454709e+03	7.475513e+01	-1.33547e+02	
2157	2.468880e+03	7.467787e+01	-1.33687e+02	
2158	2.483133e+03	7.460047e+01	-1.33827e+02	
2159	2.497468e+03	7.452293e+01	-1.33966e+02	
2160	2.511886e+03	7.444526e+01	-1.34105e+02	
2161	2.526388e+03	7.436744e+01	-1.34244e+02	
2162	2.540973e+03	7.428949e+01	-1.34382e+02	
2163	2.555642e+03	7.421140e+01	-1.34521e+02	
2164	2.570396e+03	7.413318e+01	-1.34659e+02	
2165	2.585235e+03	7.405481e+01	-1.34796e+02	
2166	2.600160e+03	7.397631e+01	-1.34934e+02	
2167	2.615170e+03	7.389767e+01	-1.35071e+02	
2168	2.630268e+03	7.381890e+01	-1.35208e+02	
2169	2.645453e+03	7.373999e+01	-1.35344e+02	
2170	2.660725e+03	7.366095e+01	-1.35480e+02	
2171	2.676086e+03	7.358177e+01	-1.35616e+02	
2172	2.691535e+03	7.350245e+01	-1.35752e+02	
2173	2.707073e+03	7.342300e+01	-1.35887e+02	
2174	2.722701e+03	7.334342e+01	-1.36022e+02	
2175	2.738420e+03	7.326370e+01	-1.36157e+02	
2176	2.754229e+03	7.318385e+01	-1.36291e+02	
2177	2.770129e+03	7.310387e+01	-1.36425e+02	
2178	2.786121e+03	7.302375e+01	-1.36558e+02	
2179	2.802206e+03	7.294350e+01	-1.36691e+02	
2180	2.818383e+03	7.286312e+01	-1.36824e+02	
2181	2.834654e+03	7.278261e+01	-1.36956e+02	
2182	2.851018e+03	7.270197e+01	-1.37088e+02	
2183	2.867477e+03	7.262119e+01	-1.37220e+02	
2184	2.884032e+03	7.254029e+01	-1.37351e+02	
2185	2.900681e+03	7.245925e+01	-1.37482e+02	
2186	2.917427e+03	7.237809e+01	-1.37612e+02	
2187	2.934270e+03	7.229680e+01	-1.37742e+02	
2188	2.951209e+03	7.221538e+01	-1.37872e+02	
2189	2.968247e+03	7.213383e+01	-1.38001e+02	
2190	2.985383e+03	7.205215e+01	-1.38130e+02	
2191	3.002617e+03	7.197035e+01	-1.38258e+02	
2192	3.019952e+03	7.188842e+01	-1.38386e+02	
2193	3.037386e+03	7.180637e+01	-1.38514e+02	
2194	3.054921e+03	7.172419e+01	-1.38641e+02	
2195	3.072557e+03	7.164188e+01	-1.38767e+02	
2196	3.090295e+03	7.155945e+01	-1.38893e+02	
2197	3.108136e+03	7.147690e+01	-1.39019e+02	
2198	3.126079e+03	7.139422e+01	-1.39144e+02	
2199	3.144126e+03	7.131142e+01	-1.39269e+02	
2200	3.162278e+03	7.122850e+01	-1.39393e+02	

Index   frequency       tdb             tph             
--------------------------------------------------------------------------------
2201	3.180534e+03	7.114546e+01	-1.39517e+02	
2202	3.198895e+03	7.106230e+01	-1.39640e+02	
2203	3.217363e+03	7.097901e+01	-1.39763e+02	
2204	3.235937e+03	7.089561e+01	-1.39885e+02	
2205	3.254618e+03	7.081208e+01	-1.40007e+02	
2206	3.273407e+03	7.072844e+01	-1.40128e+02	
2207	3.292305e+03	7.064468e+01	-1.40249e+02	
2208	3.311311e+03	7.056080e+01	-1.40369e+02	
2209	3.330428e+03	7.047681e+01	-1.40489e+02	
2210	3.349654e+03	7.039270e+01	-1.40608e+02	
2211	3.368992e+03	7.030847e+01	-1.40726e+02	
2212	3.388442e+03	7.022413e+01	-1.40845e+02	
2213	3.408003e+03	7.013967e+01	-1.40962e+02	
2214	3.427678e+03	7.005510e+01	-1.41079e+02	
2215	3.447466e+03	6.997042e+01	-1.41196e+02	
2216	3.467369e+03	6.988562e+01	-1.41312e+02	
2217	3.487386e+03	6.980071e+01	-1.41427e+02	
2218	3.507519e+03	6.971569e+01	-1.41542e+02	
2219	3.527768e+03	6.963056e+01	-1.41656e+02	
2220	3.548134e+03	6.954533e+01	-1.41770e+02	
2221	3.568617e+03	6.945998e+01	-1.41883e+02	
2222	3.589219e+03	6.937452e+01	-1.41996e+02	
2223	3.609940e+03	6.928895e+01	-1.42108e+02	
2224	3.630781e+03	6.920328e+01	-1.42219e+02	
2225	3.651741e+03	6.911750e+01	-1.42330e+02	
2226	3.672823e+03	6.903162e+01	-1.42440e+02	
2227	3.694026e+03	6.894563e+01	-1.42550e+02	
2228	3.715352e+03	6.885953e+01	-1.42659e+02	
2229	3.736801e+03	6.877333e+01	-1.42767e+02	
2230	3.758374e+03	6.868703e+01	-1.42875e+02	
2231	3.780071e+03	6.860063e+01	-1.42982e+02	
2232	3.801894e+03	6.851412e+01	-1.43089e+02	
2233	3.823843e+03	6.842752e+01	-1.43195e+02	
2234	3.845918e+03	6.834081e+01	-1.43300e+02	
2235	3.868121e+03	6.825400e+01	-1.43405e+02	
2236	3.890451e+03	6.816710e+01	-1.43509e+02	
2237	3.912911e+03	6.808010e+01	-1.43612e+02	
2238	3.935501e+03	6.799300e+01	-1.43715e+02	
2239	3.958221e+03	6.790580e+01	-1.43817e+02	
2240	3.981072e+03	6.781851e+01	-1.43919e+02	
2241	4.004055e+03	6.773112e+01	-1.44020e+02	
2242	4.027170e+03	6.764363e+01	-1.44120e+02	
2243	4.050419e+03	6.755606e+01	-1.44219e+02	
2244	4.073803e+03	6.746839e+01	-1.44318e+02	
2245	4.097321e+03	6.738063e+01	-1.44417e+02	
2246	4.120975e+03	6.729277e+01	-1.44514e+02	
2247	4.144766e+03	6.720483e+01	-1.44611e+02	
2248	4.168694e+03	6.711680e+01	-1.44708e+02	
2249	4.192760e+03	6.702867e+01	-1.44803e+02	
2250	4.216965e+03	6.694046e+01	-1.44898e+02	
2251	4.241310e+03	6.685216e+01	-1.44993e+02	
2252	4.265795e+03	6.676377e+01	-1.45086e+02	
2253	4.290422e+03	6.667530e+01	-1.45179e+02	
2254	4.315191e+03	6.658674e+01	-1.45271e+02	
2255	4.340103e+03	6.649810e+01	-1.45363e+02	
2256	4.365158e+03	6.640937e+01	-1.45454e+02	
2257	4.390359e+03	6.632056e+01	-1.45544e+02	
2258	4.415704e+03	6.623167e+01	-1.45633e+02	

Index   frequency       tdb             tph             
--------------------------------------------------------------------------------
2259	4.441197e+03	6.614269e+01	-1.45722e+02	
2260	4.466836e+03	6.605364e+01	-1.45810e+02	
2261	4.492623e+03	6.596450e+01	-1.45898e+02	
2262	4.518559e+03	6.587528e+01	-1.45984e+02	
2263	4.544645e+03	6.578599e+01	-1.46070e+02	
2264	4.570882e+03	6.569662e+01	-1.46156e+02	
2265	4.597270e+03	6.560717e+01	-1.46240e+02	
2266	4.623810e+03	6.551764e+01	-1.46324e+02	
2267	4.650504e+03	6.542804e+01	-1.46407e+02	
2268	4.677351e+03	6.533836e+01	-1.46490e+02	
2269	4.704354e+03	6.524861e+01	-1.46571e+02	
2270	4.731513e+03	6.515879e+01	-1.46652e+02	
2271	4.758828e+03	6.506889e+01	-1.46733e+02	
2272	4.786301e+03	6.497893e+01	-1.46812e+02	
2273	4.813933e+03	6.488889e+01	-1.46891e+02	
2274	4.841724e+03	6.479878e+01	-1.46969e+02	
2275	4.869675e+03	6.470860e+01	-1.47046e+02	
2276	4.897788e+03	6.461835e+01	-1.47123e+02	
2277	4.926063e+03	6.452803e+01	-1.47199e+02	
2278	4.954502e+03	6.443765e+01	-1.47274e+02	
2279	4.983105e+03	6.434720e+01	-1.47349e+02	
2280	5.011872e+03	6.425669e+01	-1.47422e+02	
2281	5.040806e+03	6.416610e+01	-1.47495e+02	
2282	5.069907e+03	6.407546e+01	-1.47567e+02	
2283	5.099176e+03	6.398475e+01	-1.47639e+02	
2284	5.128614e+03	6.389398e+01	-1.47709e+02	
2285	5.158222e+03	6.380315e+01	-1.47779e+02	
2286	5.188000e+03	6.371226e+01	-1.47849e+02	
2287	5.217951e+03	6.362130e+01	-1.47917e+02	
2288	5.248075e+03	6.353029e+01	-1.47985e+02	
2289	5.278372e+03	6.343922e+01	-1.48052e+02	
2290	5.308844e+03	6.334809e+01	-1.48118e+02	
2291	5.339493e+03	6.325690e+01	-1.48183e+02	
2292	5.370318e+03	6.316566e+01	-1.48248e+02	
2293	5.401321e+03	6.307436e+01	-1.48312e+02	
2294	5.432503e+03	6.298300e+01	-1.48375e+02	
2295	5.463865e+03	6.289159e+01	-1.48437e+02	
2296	5.495409e+03	6.280013e+01	-1.48499e+02	
2297	5.527134e+03	6.270861e+01	-1.48560e+02	
2298	5.559043e+03	6.261705e+01	-1.48620e+02	
2299	5.591135e+03	6.252543e+01	-1.48679e+02	
2300	5.623413e+03	6.243376e+01	-1.48738e+02	
2301	5.655878e+03	6.234204e+01	-1.48796e+02	
2302	5.688529e+03	6.225027e+01	-1.48853e+02	
2303	5.721370e+03	6.215846e+01	-1.48909e+02	
2304	5.754399e+03	6.206659e+01	-1.48964e+02	
2305	5.787620e+03	6.197468e+01	-1.49019e+02	
2306	5.821032e+03	6.188273e+01	-1.49073e+02	
2307	5.854637e+03	6.179073e+01	-1.49126e+02	
2308	5.888437e+03	6.169868e+01	-1.49178e+02	
2309	5.922431e+03	6.160659e+01	-1.49230e+02	
2310	5.956621e+03	6.151446e+01	-1.49281e+02	
2311	5.991009e+03	6.142229e+01	-1.49331e+02	
2312	6.025596e+03	6.133007e+01	-1.49380e+02	
2313	6.060382e+03	6.123781e+01	-1.49429e+02	
2314	6.095369e+03	6.114552e+01	-1.49476e+02	
2315	6.130558e+03	6.105318e+01	-1.49523e+02	
2316	6.165950e+03	6.096081e+01	-1.49569e+02	

Index   frequency       tdb             tph             
--------------------------------------------------------------------------------
2317	6.201546e+03	6.086840e+01	-1.49615e+02	
2318	6.237348e+03	6.077595e+01	-1.49659e+02	
2319	6.273357e+03	6.068346e+01	-1.49703e+02	
2320	6.309573e+03	6.059094e+01	-1.49746e+02	
2321	6.345999e+03	6.049839e+01	-1.49788e+02	
2322	6.382635e+03	6.040580e+01	-1.49830e+02	
2323	6.419482e+03	6.031318e+01	-1.49870e+02	
2324	6.456542e+03	6.022052e+01	-1.49910e+02	
2325	6.493816e+03	6.012783e+01	-1.49949e+02	
2326	6.531306e+03	6.003512e+01	-1.49987e+02	
2327	6.569011e+03	5.994237e+01	-1.50025e+02	
2328	6.606934e+03	5.984959e+01	-1.50061e+02	
2329	6.645077e+03	5.975678e+01	-1.50097e+02	
2330	6.683439e+03	5.966395e+01	-1.50132e+02	
2331	6.722023e+03	5.957109e+01	-1.50167e+02	
2332	6.760830e+03	5.947820e+01	-1.50200e+02	
2333	6.799860e+03	5.938529e+01	-1.50233e+02	
2334	6.839116e+03	5.929235e+01	-1.50265e+02	
2335	6.878599e+03	5.919938e+01	-1.50296e+02	
2336	6.918310e+03	5.910639e+01	-1.50326e+02	
2337	6.958250e+03	5.901338e+01	-1.50356e+02	
2338	6.998420e+03	5.892035e+01	-1.50384e+02	
2339	7.038822e+03	5.882730e+01	-1.50412e+02	
2340	7.079458e+03	5.873422e+01	-1.50439e+02	
2341	7.120328e+03	5.864112e+01	-1.50466e+02	
2342	7.161434e+03	5.854801e+01	-1.50491e+02	
2343	7.202778e+03	5.845488e+01	-1.50516e+02	
2344	7.244360e+03	5.836173e+01	-1.50540e+02	
2345	7.286182e+03	5.826856e+01	-1.50563e+02	
2346	7.328245e+03	5.817537e+01	-1.50585e+02	
2347	7.370552e+03	5.808217e+01	-1.50607e+02	
2348	7.413102e+03	5.798896e+01	-1.50628e+02	
2349	7.455899e+03	5.789573e+01	-1.50647e+02	
2350	7.498942e+03	5.780248e+01	-1.50667e+02	
2351	7.542234e+03	5.770923e+01	-1.50685e+02	
2352	7.585776e+03	5.761596e+01	-1.50702e+02	
2353	7.629569e+03	5.752268e+01	-1.50719e+02	
2354	7.673615e+03	5.742939e+01	-1.50735e+02	
2355	7.717915e+03	5.733609e+01	-1.50750e+02	
2356	7.762471e+03	5.724278e+01	-1.50765e+02	
2357	7.807284e+03	5.714946e+01	-1.50778e+02	
2358	7.852356e+03	5.705614e+01	-1.50791e+02	
2359	7.897688e+03	5.696280e+01	-1.50803e+02	
2360	7.943282e+03	5.686946e+01	-1.50814e+02	
2361	7.989139e+03	5.677612e+01	-1.50824e+02	
2362	8.035261e+03	5.668277e+01	-1.50834e+02	
2363	8.081649e+03	5.658942e+01	-1.50842e+02	
2364	8.128305e+03	5.649606e+01	-1.50850e+02	
2365	8.175230e+03	5.640270e+01	-1.50858e+02	
2366	8.222426e+03	5.630934e+01	-1.50864e+02	
2367	8.269895e+03	5.621598e+01	-1.50869e+02	
2368	8.317638e+03	5.612261e+01	-1.50874e+02	
2369	8.365656e+03	5.602925e+01	-1.50878e+02	
2370	8.413951e+03	5.593589e+01	-1.50881e+02	
2371	8.462526e+03	5.584253e+01	-1.50883e+02	
2372	8.511380e+03	5.574917e+01	-1.50885e+02	
2373	8.560517e+03	5.565581e+01	-1.50886e+02	
2374	8.609938e+03	5.556246e+01	-1.50886e+02	

Index   frequency       tdb             tph             
--------------------------------------------------------------------------------
2375	8.659643e+03	5.546912e+01	-1.50885e+02	
2376	8.709636e+03	5.537578e+01	-1.50883e+02	
2377	8.759917e+03	5.528244e+01	-1.50881e+02	
2378	8.810489e+03	5.518911e+01	-1.50877e+02	
2379	8.861352e+03	5.509579e+01	-1.50873e+02	
2380	8.912509e+03	5.500248e+01	-1.50868e+02	
2381	8.963962e+03	5.490917e+01	-1.50863e+02	
2382	9.015711e+03	5.481588e+01	-1.50856e+02	
2383	9.067760e+03	5.472260e+01	-1.50849e+02	
2384	9.120108e+03	5.462932e+01	-1.50841e+02	
2385	9.172759e+03	5.453606e+01	-1.50832e+02	
2386	9.225714e+03	5.444282e+01	-1.50822e+02	
2387	9.278975e+03	5.434958e+01	-1.50812e+02	
2388	9.332543e+03	5.425636e+01	-1.50800e+02	
2389	9.386420e+03	5.416315e+01	-1.50788e+02	
2390	9.440609e+03	5.406996e+01	-1.50775e+02	
2391	9.495110e+03	5.397679e+01	-1.50762e+02	
2392	9.549926e+03	5.388363e+01	-1.50747e+02	
2393	9.605058e+03	5.379049e+01	-1.50732e+02	
2394	9.660509e+03	5.369737e+01	-1.50716e+02	
2395	9.716280e+03	5.360427e+01	-1.50699e+02	
2396	9.772372e+03	5.351119e+01	-1.50682e+02	
2397	9.828789e+03	5.341813e+01	-1.50663e+02	
2398	9.885531e+03	5.332509e+01	-1.50644e+02	
2399	9.942601e+03	5.323207e+01	-1.50624e+02	
2400	1.000000e+04	5.313908e+01	-1.50603e+02	
2401	1.005773e+04	5.304611e+01	-1.50582e+02	
2402	1.011579e+04	5.295316e+01	-1.50559e+02	
2403	1.017419e+04	5.286024e+01	-1.50536e+02	
2404	1.023293e+04	5.276734e+01	-1.50512e+02	
2405	1.029201e+04	5.267448e+01	-1.50487e+02	
2406	1.035142e+04	5.258163e+01	-1.50462e+02	
2407	1.041118e+04	5.248882e+01	-1.50435e+02	
2408	1.047129e+04	5.239604e+01	-1.50408e+02	
2409	1.053174e+04	5.230328e+01	-1.50380e+02	
2410	1.059254e+04	5.221056e+01	-1.50352e+02	
2411	1.065369e+04	5.211787e+01	-1.50322e+02	
2412	1.071519e+04	5.202521e+01	-1.50292e+02	
2413	1.077705e+04	5.193258e+01	-1.50261e+02	
2414	1.083927e+04	5.183999e+01	-1.50229e+02	
2415	1.090184e+04	5.174743e+01	-1.50196e+02	
2416	1.096478e+04	5.165490e+01	-1.50163e+02	
2417	1.102808e+04	5.156241e+01	-1.50129e+02	
2418	1.109175e+04	5.146996e+01	-1.50094e+02	
2419	1.115578e+04	5.137755e+01	-1.50058e+02	
2420	1.122018e+04	5.128517e+01	-1.50022e+02	
2421	1.128496e+04	5.119283e+01	-1.49984e+02	
2422	1.135011e+04	5.110053e+01	-1.49946e+02	
2423	1.141563e+04	5.100828e+01	-1.49907e+02	
2424	1.148154e+04	5.091606e+01	-1.49868e+02	
2425	1.154782e+04	5.082389e+01	-1.49827e+02	
2426	1.161449e+04	5.073176e+01	-1.49786e+02	
2427	1.168154e+04	5.063967e+01	-1.49744e+02	
2428	1.174898e+04	5.054762e+01	-1.49702e+02	
2429	1.181680e+04	5.045563e+01	-1.49658e+02	
2430	1.188502e+04	5.036367e+01	-1.49614e+02	
2431	1.195364e+04	5.027177e+01	-1.49569e+02	
2432	1.202264e+04	5.017991e+01	-1.49523e+02	

Index   frequency       tdb             tph             
--------------------------------------------------------------------------------
2433	1.209205e+04	5.008810e+01	-1.49477e+02	
2434	1.216186e+04	4.999634e+01	-1.49429e+02	
2435	1.223207e+04	4.990463e+01	-1.49381e+02	
2436	1.230269e+04	4.981297e+01	-1.49332e+02	
2437	1.237371e+04	4.972136e+01	-1.49283e+02	
2438	1.244515e+04	4.962980e+01	-1.49232e+02	
2439	1.251699e+04	4.953830e+01	-1.49181e+02	
2440	1.258925e+04	4.944685e+01	-1.49129e+02	
2441	1.266193e+04	4.935546e+01	-1.49077e+02	
2442	1.273503e+04	4.926412e+01	-1.49023e+02	
2443	1.280855e+04	4.917284e+01	-1.48969e+02	
2444	1.288250e+04	4.908161e+01	-1.48915e+02	
2445	1.295687e+04	4.899044e+01	-1.48859e+02	
2446	1.303167e+04	4.889934e+01	-1.48803e+02	
2447	1.310690e+04	4.880829e+01	-1.48745e+02	
2448	1.318257e+04	4.871730e+01	-1.48688e+02	
2449	1.325867e+04	4.862637e+01	-1.48629e+02	
2450	1.333521e+04	4.853551e+01	-1.48570e+02	
2451	1.341220e+04	4.844470e+01	-1.48510e+02	
2452	1.348963e+04	4.835396e+01	-1.48449e+02	
2453	1.356751e+04	4.826329e+01	-1.48387e+02	
2454	1.364583e+04	4.817268e+01	-1.48325e+02	
2455	1.372461e+04	4.808214e+01	-1.48262e+02	
2456	1.380384e+04	4.799166e+01	-1.48198e+02	
2457	1.388353e+04	4.790125e+01	-1.48134e+02	
2458	1.396368e+04	4.781092e+01	-1.48069e+02	
2459	1.404430e+04	4.772065e+01	-1.48003e+02	
2460	1.412538e+04	4.763045e+01	-1.47936e+02	
2461	1.420692e+04	4.754032e+01	-1.47869e+02	
2462	1.428894e+04	4.745026e+01	-1.47801e+02	
2463	1.437143e+04	4.736028e+01	-1.47732e+02	
2464	1.445440e+04	4.727037e+01	-1.47663e+02	
2465	1.453784e+04	4.718053e+01	-1.47592e+02	
2466	1.462177e+04	4.709077e+01	-1.47522e+02	
2467	1.470618e+04	4.700109e+01	-1.47450e+02	
2468	1.479108e+04	4.691148e+01	-1.47378e+02	
2469	1.487647e+04	4.682195e+01	-1.47305e+02	
2470	1.496236e+04	4.673250e+01	-1.47231e+02	
2471	1.504874e+04	4.664313e+01	-1.47157e+02	
2472	1.513561e+04	4.655384e+01	-1.47082e+02	
2473	1.522299e+04	4.646463e+01	-1.47006e+02	
2474	1.531087e+04	4.637550e+01	-1.46929e+02	
2475	1.539927e+04	4.628646e+01	-1.46852e+02	
2476	1.548817e+04	4.619750e+01	-1.46774e+02	
2477	1.557758e+04	4.610862e+01	-1.46696e+02	
2478	1.566751e+04	4.601983e+01	-1.46617e+02	
2479	1.575796e+04	4.593112e+01	-1.46537e+02	
2480	1.584893e+04	4.584251e+01	-1.46456e+02	
2481	1.594043e+04	4.575398e+01	-1.46375e+02	
2482	1.603245e+04	4.566554e+01	-1.46293e+02	
2483	1.612501e+04	4.557718e+01	-1.46211e+02	
2484	1.621810e+04	4.548892e+01	-1.46128e+02	
2485	1.631173e+04	4.540075e+01	-1.46044e+02	
2486	1.640590e+04	4.531268e+01	-1.45959e+02	
2487	1.650061e+04	4.522469e+01	-1.45874e+02	
2488	1.659587e+04	4.513680e+01	-1.45788e+02	
2489	1.669168e+04	4.504900e+01	-1.45702e+02	
2490	1.678804e+04	4.496130e+01	-1.45615e+02	

Index   frequency       tdb             tph             
--------------------------------------------------------------------------------
2491	1.688496e+04	4.487370e+01	-1.45527e+02	
2492	1.698244e+04	4.478619e+01	-1.45439e+02	
2493	1.708048e+04	4.469878e+01	-1.45350e+02	
2494	1.717908e+04	4.461147e+01	-1.45261e+02	
2495	1.727826e+04	4.452426e+01	-1.45170e+02	
2496	1.737801e+04	4.443715e+01	-1.45080e+02	
2497	1.747833e+04	4.435014e+01	-1.44988e+02	
2498	1.757924e+04	4.426324e+01	-1.44896e+02	
2499	1.768072e+04	4.417643e+01	-1.44804e+02	
2500	1.778279e+04	4.408973e+01	-1.44710e+02	
2501	1.788546e+04	4.400314e+01	-1.44616e+02	
2502	1.798871e+04	4.391665e+01	-1.44522e+02	
2503	1.809256e+04	4.383026e+01	-1.44427e+02	
2504	1.819701e+04	4.374399e+01	-1.44331e+02	
2505	1.830206e+04	4.365782e+01	-1.44235e+02	
2506	1.840772e+04	4.357176e+01	-1.44139e+02	
2507	1.851399e+04	4.348581e+01	-1.44041e+02	
2508	1.862087e+04	4.339997e+01	-1.43943e+02	
2509	1.872837e+04	4.331424e+01	-1.43845e+02	
2510	1.883649e+04	4.322862e+01	-1.43746e+02	
2511	1.894524e+04	4.314312e+01	-1.43646e+02	
2512	1.905461e+04	4.305773e+01	-1.43546e+02	
2513	1.916461e+04	4.297245e+01	-1.43446e+02	
2514	1.927525e+04	4.288729e+01	-1.43345e+02	
2515	1.938653e+04	4.280225e+01	-1.43243e+02	
2516	1.949845e+04	4.271732e+01	-1.43141e+02	
2517	1.961101e+04	4.263251e+01	-1.43038e+02	
2518	1.972423e+04	4.254782e+01	-1.42934e+02	
2519	1.983810e+04	4.246324e+01	-1.42831e+02	
2520	1.995262e+04	4.237879e+01	-1.42726e+02	
2521	2.006781e+04	4.229446e+01	-1.42622e+02	
2522	2.018366e+04	4.221025e+01	-1.42516e+02	
2523	2.030019e+04	4.212616e+01	-1.42410e+02	
2524	2.041738e+04	4.204219e+01	-1.42304e+02	
2525	2.053525e+04	4.195835e+01	-1.42197e+02	
2526	2.065380e+04	4.187463e+01	-1.42090e+02	
2527	2.077304e+04	4.179104e+01	-1.41982e+02	
2528	2.089296e+04	4.170757e+01	-1.41874e+02	
2529	2.101358e+04	4.162423e+01	-1.41766e+02	
2530	2.113489e+04	4.154101e+01	-1.41656e+02	
2531	2.125690e+04	4.145793e+01	-1.41547e+02	
2532	2.137962e+04	4.137497e+01	-1.41437e+02	
2533	2.150305e+04	4.129214e+01	-1.41326e+02	
2534	2.162719e+04	4.120945e+01	-1.41216e+02	
2535	2.175204e+04	4.112688e+01	-1.41104e+02	
2536	2.187762e+04	4.104444e+01	-1.40993e+02	
2537	2.200392e+04	4.096214e+01	-1.40880e+02	
2538	2.213095e+04	4.087997e+01	-1.40768e+02	
2539	2.225871e+04	4.079793e+01	-1.40655e+02	
2540	2.238721e+04	4.071603e+01	-1.40542e+02	
2541	2.251645e+04	4.063426e+01	-1.40428e+02	
2542	2.264644e+04	4.055263e+01	-1.40314e+02	
2543	2.277718e+04	4.047114e+01	-1.40199e+02	
2544	2.290868e+04	4.038978e+01	-1.40085e+02	
2545	2.304093e+04	4.030855e+01	-1.39969e+02	
2546	2.317395e+04	4.022747e+01	-1.39854e+02	
2547	2.330773e+04	4.014652e+01	-1.39738e+02	
2548	2.344229e+04	4.006572e+01	-1.39622e+02	

Index   frequency       tdb             tph             
--------------------------------------------------------------------------------
2549	2.357762e+04	3.998505e+01	-1.39505e+02	
2550	2.371374e+04	3.990452e+01	-1.39388e+02	
2551	2.385064e+04	3.982414e+01	-1.39271e+02	
2552	2.398833e+04	3.974389e+01	-1.39153e+02	
2553	2.412682e+04	3.966379e+01	-1.39035e+02	
2554	2.426610e+04	3.958383e+01	-1.38917e+02	
2555	2.440619e+04	3.950402e+01	-1.38799e+02	
2556	2.454709e+04	3.942434e+01	-1.38680e+02	
2557	2.468880e+04	3.934482e+01	-1.38561e+02	
2558	2.483133e+04	3.926543e+01	-1.38442e+02	
2559	2.497468e+04	3.918619e+01	-1.38322e+02	
2560	2.511886e+04	3.910710e+01	-1.38203e+02	
2561	2.526388e+04	3.902815e+01	-1.38082e+02	
2562	2.540973e+04	3.894935e+01	-1.37962e+02	
2563	2.555642e+04	3.887070e+01	-1.37842e+02	
2564	2.570396e+04	3.879219e+01	-1.37721e+02	
2565	2.585235e+04	3.871383e+01	-1.37600e+02	
2566	2.600160e+04	3.863562e+01	-1.37479e+02	
2567	2.615170e+04	3.855756e+01	-1.37357e+02	
2568	2.630268e+04	3.847965e+01	-1.37236e+02	
2569	2.645453e+04	3.840189e+01	-1.37114e+02	
2570	2.660725e+04	3.832428e+01	-1.36992e+02	
2571	2.676086e+04	3.824681e+01	-1.36870e+02	
2572	2.691535e+04	3.816950e+01	-1.36748e+02	
2573	2.707073e+04	3.809234e+01	-1.36625e+02	
2574	2.722701e+04	3.801533e+01	-1.36503e+02	
2575	2.738420e+04	3.793848e+01	-1.36380e+02	
2576	2.754229e+04	3.786177e+01	-1.36257e+02	
2577	2.770129e+04	3.778522e+01	-1.36134e+02	
2578	2.786121e+04	3.770882e+01	-1.36011e+02	
2579	2.802206e+04	3.763257e+01	-1.35888e+02	
2580	2.818383e+04	3.755648e+01	-1.35764e+02	
2581	2.834654e+04	3.748054e+01	-1.35641e+02	
2582	2.851018e+04	3.740475e+01	-1.35517e+02	
2583	2.867477e+04	3.732912e+01	-1.35394e+02	
2584	2.884032e+04	3.725364e+01	-1.35270e+02	
2585	2.900681e+04	3.717831e+01	-1.35147e+02	
2586	2.917427e+04	3.710314e+01	-1.35023e+02	
2587	2.934270e+04	3.702812e+01	-1.34899e+02	
2588	2.951209e+04	3.695326e+01	-1.34775e+02	
2589	2.968247e+04	3.687856e+01	-1.34651e+02	
2590	2.985383e+04	3.680401e+01	-1.34527e+02	
2591	3.002617e+04	3.672961e+01	-1.34404e+02	
2592	3.019952e+04	3.665537e+01	-1.34280e+02	
2593	3.037386e+04	3.658128e+01	-1.34156e+02	
2594	3.054921e+04	3.650735e+01	-1.34032e+02	
2595	3.072557e+04	3.643358e+01	-1.33908e+02	
2596	3.090295e+04	3.635996e+01	-1.33784e+02	
2597	3.108136e+04	3.628650e+01	-1.33661e+02	
2598	3.126079e+04	3.621319e+01	-1.33537e+02	
2599	3.144126e+04	3.614004e+01	-1.33413e+02	
2600	3.162278e+04	3.606705e+01	-1.33290e+02	
2601	3.180534e+04	3.599421e+01	-1.33166e+02	
2602	3.198895e+04	3.592152e+01	-1.33043e+02	
2603	3.217363e+04	3.584899e+01	-1.32920e+02	
2604	3.235937e+04	3.577662e+01	-1.32796e+02	
2605	3.254618e+04	3.570440e+01	-1.32673e+02	
2606	3.273407e+04	3.563234e+01	-1.32550e+02	

Index   frequency       tdb             tph             
--------------------------------------------------------------------------------
2607	3.292305e+04	3.556043e+01	-1.32428e+02	
2608	3.311311e+04	3.548868e+01	-1.32305e+02	
2609	3.330428e+04	3.541709e+01	-1.32182e+02	
2610	3.349654e+04	3.534564e+01	-1.32060e+02	
2611	3.368992e+04	3.527436e+01	-1.31938e+02	
2612	3.388442e+04	3.520323e+01	-1.31816e+02	
2613	3.408003e+04	3.513225e+01	-1.31694e+02	
2614	3.427678e+04	3.506143e+01	-1.31572e+02	
2615	3.447466e+04	3.499076e+01	-1.31450e+02	
2616	3.467369e+04	3.492024e+01	-1.31329e+02	
2617	3.487386e+04	3.484988e+01	-1.31208e+02	
2618	3.507519e+04	3.477967e+01	-1.31087e+02	
2619	3.527768e+04	3.470962e+01	-1.30967e+02	
2620	3.548134e+04	3.463971e+01	-1.30846e+02	
2621	3.568617e+04	3.456996e+01	-1.30726e+02	
2622	3.589219e+04	3.450037e+01	-1.30606e+02	
2623	3.609940e+04	3.443092e+01	-1.30487e+02	
2624	3.630781e+04	3.436163e+01	-1.30367e+02	
2625	3.651741e+04	3.429248e+01	-1.30248e+02	
2626	3.672823e+04	3.422349e+01	-1.30129e+02	
2627	3.694026e+04	3.415465e+01	-1.30011e+02	
2628	3.715352e+04	3.408596e+01	-1.29893e+02	
2629	3.736801e+04	3.401742e+01	-1.29775e+02	
2630	3.758374e+04	3.394903e+01	-1.29657e+02	
2631	3.780071e+04	3.388078e+01	-1.29540e+02	
2632	3.801894e+04	3.381269e+01	-1.29423e+02	
2633	3.823843e+04	3.374474e+01	-1.29307e+02	
2634	3.845918e+04	3.367695e+01	-1.29191e+02	
2635	3.868121e+04	3.360929e+01	-1.29075e+02	
2636	3.890451e+04	3.354179e+01	-1.28959e+02	
2637	3.912911e+04	3.347443e+01	-1.28844e+02	
2638	3.935501e+04	3.340722e+01	-1.28730e+02	
2639	3.958221e+04	3.334015e+01	-1.28615e+02	
2640	3.981072e+04	3.327323e+01	-1.28502e+02	
2641	4.004055e+04	3.320645e+01	-1.28388e+02	
2642	4.027170e+04	3.313981e+01	-1.28275e+02	
2643	4.050419e+04	3.307332e+01	-1.28163e+02	
2644	4.073803e+04	3.300697e+01	-1.28050e+02	
2645	4.097321e+04	3.294076e+01	-1.27939e+02	
2646	4.120975e+04	3.287469e+01	-1.27827e+02	
2647	4.144766e+04	3.280876e+01	-1.27717e+02	
2648	4.168694e+04	3.274298e+01	-1.27606e+02	
2649	4.192760e+04	3.267733e+01	-1.27496e+02	
2650	4.216965e+04	3.261182e+01	-1.27387e+02	
2651	4.241310e+04	3.254645e+01	-1.27278e+02	
2652	4.265795e+04	3.248121e+01	-1.27170e+02	
2653	4.290422e+04	3.241611e+01	-1.27062e+02	
2654	4.315191e+04	3.235115e+01	-1.26954e+02	
2655	4.340103e+04	3.228633e+01	-1.26847e+02	
2656	4.365158e+04	3.222164e+01	-1.26741e+02	
2657	4.390359e+04	3.215708e+01	-1.26635e+02	
2658	4.415704e+04	3.209265e+01	-1.26530e+02	
2659	4.441197e+04	3.202836e+01	-1.26425e+02	
2660	4.466836e+04	3.196420e+01	-1.26321e+02	
2661	4.492623e+04	3.190017e+01	-1.26217e+02	
2662	4.518559e+04	3.183627e+01	-1.26114e+02	
2663	4.544645e+04	3.177250e+01	-1.26011e+02	
2664	4.570882e+04	3.170886e+01	-1.25909e+02	

Index   frequency       tdb             tph             
--------------------------------------------------------------------------------
2665	4.597270e+04	3.164535e+01	-1.25808e+02	
2666	4.623810e+04	3.158196e+01	-1.25707e+02	
2667	4.650504e+04	3.151870e+01	-1.25607e+02	
2668	4.677351e+04	3.145556e+01	-1.25507e+02	
2669	4.704354e+04	3.139255e+01	-1.25408e+02	
2670	4.731513e+04	3.132967e+01	-1.25310e+02	
2671	4.758828e+04	3.126690e+01	-1.25212e+02	
2672	4.786301e+04	3.120426e+01	-1.25115e+02	
2673	4.813933e+04	3.114174e+01	-1.25019e+02	
2674	4.841724e+04	3.107934e+01	-1.24923e+02	
2675	4.869675e+04	3.101706e+01	-1.24827e+02	
2676	4.897788e+04	3.095490e+01	-1.24733e+02	
2677	4.926063e+04	3.089285e+01	-1.24639e+02	
2678	4.954502e+04	3.083093e+01	-1.24546e+02	
2679	4.983105e+04	3.076912e+01	-1.24453e+02	
2680	5.011872e+04	3.070742e+01	-1.24361e+02	
2681	5.040806e+04	3.064584e+01	-1.24270e+02	
2682	5.069907e+04	3.058437e+01	-1.24179e+02	
2683	5.099176e+04	3.052301e+01	-1.24089e+02	
2684	5.128614e+04	3.046177e+01	-1.24000e+02	
2685	5.158222e+04	3.040064e+01	-1.23912e+02	
2686	5.188000e+04	3.033961e+01	-1.23824e+02	
2687	5.217951e+04	3.027870e+01	-1.23737e+02	
2688	5.248075e+04	3.021789e+01	-1.23650e+02	
2689	5.278372e+04	3.015719e+01	-1.23565e+02	
2690	5.308844e+04	3.009660e+01	-1.23480e+02	
2691	5.339493e+04	3.003611e+01	-1.23395e+02	
2692	5.370318e+04	2.997573e+01	-1.23312e+02	
2693	5.401321e+04	2.991545e+01	-1.23229e+02	
2694	5.432503e+04	2.985527e+01	-1.23147e+02	
2695	5.463865e+04	2.979519e+01	-1.23066e+02	
2696	5.495409e+04	2.973522e+01	-1.22985e+02	
2697	5.527134e+04	2.967534e+01	-1.22905e+02	
2698	5.559043e+04	2.961556e+01	-1.22826e+02	
2699	5.591135e+04	2.955588e+01	-1.22748e+02	
2700	5.623413e+04	2.949630e+01	-1.22670e+02	
2701	5.655878e+04	2.943681e+01	-1.22594e+02	
2702	5.688529e+04	2.937742e+01	-1.22518e+02	
2703	5.721370e+04	2.931812e+01	-1.22443e+02	
2704	5.754399e+04	2.925891e+01	-1.22368e+02	
2705	5.787620e+04	2.919980e+01	-1.22294e+02	
2706	5.821032e+04	2.914077e+01	-1.22222e+02	
2707	5.854637e+04	2.908184e+01	-1.22150e+02	
2708	5.888437e+04	2.902299e+01	-1.22078e+02	
2709	5.922431e+04	2.896424e+01	-1.22008e+02	
2710	5.956621e+04	2.890557e+01	-1.21938e+02	
2711	5.991009e+04	2.884698e+01	-1.21869e+02	
2712	6.025596e+04	2.878849e+01	-1.21801e+02	
2713	6.060382e+04	2.873007e+01	-1.21734e+02	
2714	6.095369e+04	2.867174e+01	-1.21667e+02	
2715	6.130558e+04	2.861349e+01	-1.21602e+02	
2716	6.165950e+04	2.855533e+01	-1.21537e+02	
2717	6.201546e+04	2.849724e+01	-1.21473e+02	
2718	6.237348e+04	2.843923e+01	-1.21410e+02	
2719	6.273357e+04	2.838130e+01	-1.21348e+02	
2720	6.309573e+04	2.832345e+01	-1.21286e+02	
2721	6.345999e+04	2.826568e+01	-1.21225e+02	
2722	6.382635e+04	2.820798e+01	-1.21166e+02	

Index   frequency       tdb             tph             
--------------------------------------------------------------------------------
2723	6.419482e+04	2.815036e+01	-1.21107e+02	
2724	6.456542e+04	2.809281e+01	-1.21048e+02	
2725	6.493816e+04	2.803533e+01	-1.20991e+02	
2726	6.531306e+04	2.797792e+01	-1.20935e+02	
2727	6.569011e+04	2.792059e+01	-1.20879e+02	
2728	6.606934e+04	2.786332e+01	-1.20824e+02	
2729	6.645077e+04	2.780613e+01	-1.20770e+02	
2730	6.683439e+04	2.774900e+01	-1.20717e+02	
2731	6.722023e+04	2.769194e+01	-1.20665e+02	
2732	6.760830e+04	2.763494e+01	-1.20614e+02	
2733	6.799860e+04	2.757801e+01	-1.20563e+02	
2734	6.839116e+04	2.752115e+01	-1.20514e+02	
2735	6.878599e+04	2.746435e+01	-1.20465e+02	
2736	6.918310e+04	2.740761e+01	-1.20417e+02	
2737	6.958250e+04	2.735093e+01	-1.20370e+02	
2738	6.998420e+04	2.729432e+01	-1.20324e+02	
2739	7.038822e+04	2.723776e+01	-1.20278e+02	
2740	7.079458e+04	2.718126e+01	-1.20234e+02	
2741	7.120328e+04	2.712482e+01	-1.20191e+02	
2742	7.161434e+04	2.706844e+01	-1.20148e+02	
2743	7.202778e+04	2.701211e+01	-1.20106e+02	
2744	7.244360e+04	2.695584e+01	-1.20065e+02	
2745	7.286182e+04	2.689963e+01	-1.20025e+02	
2746	7.328245e+04	2.684346e+01	-1.19986e+02	
2747	7.370552e+04	2.678735e+01	-1.19948e+02	
2748	7.413102e+04	2.673129e+01	-1.19910e+02	
2749	7.455899e+04	2.667528e+01	-1.19874e+02	
2750	7.498942e+04	2.661933e+01	-1.19838e+02	
2751	7.542234e+04	2.656342e+01	-1.19804e+02	
2752	7.585776e+04	2.650755e+01	-1.19770e+02	
2753	7.629569e+04	2.645174e+01	-1.19737e+02	
2754	7.673615e+04	2.639597e+01	-1.19705e+02	
2755	7.717915e+04	2.634025e+01	-1.19674e+02	
2756	7.762471e+04	2.628458e+01	-1.19644e+02	
2757	7.807284e+04	2.622894e+01	-1.19614e+02	
2758	7.852356e+04	2.617335e+01	-1.19586e+02	
2759	7.897688e+04	2.611781e+01	-1.19558e+02	
2760	7.943282e+04	2.606230e+01	-1.19532e+02	
2761	7.989139e+04	2.600683e+01	-1.19506e+02	
2762	8.035261e+04	2.595141e+01	-1.19481e+02	
2763	8.081649e+04	2.589602e+01	-1.19457e+02	
2764	8.128305e+04	2.584067e+01	-1.19434e+02	
2765	8.175230e+04	2.578536e+01	-1.19412e+02	
2766	8.222426e+04	2.573009e+01	-1.19391e+02	
2767	8.269895e+04	2.567485e+01	-1.19371e+02	
2768	8.317638e+04	2.561964e+01	-1.19351e+02	
2769	8.365656e+04	2.556447e+01	-1.19333e+02	
2770	8.413951e+04	2.550934e+01	-1.19315e+02	
2771	8.462526e+04	2.545423e+01	-1.19299e+02	
2772	8.511380e+04	2.539916e+01	-1.19283e+02	
2773	8.560517e+04	2.534412e+01	-1.19268e+02	
2774	8.609938e+04	2.528910e+01	-1.19254e+02	
2775	8.659643e+04	2.523412e+01	-1.19241e+02	
2776	8.709636e+04	2.517917e+01	-1.19229e+02	
2777	8.759917e+04	2.512424e+01	-1.19218e+02	
2778	8.810489e+04	2.506934e+01	-1.19208e+02	
2779	8.861352e+04	2.501447e+01	-1.19198e+02	
2780	8.912509e+04	2.495962e+01	-1.19190e+02	

Index   frequency       tdb             tph             
--------------------------------------------------------------------------------
2781	8.963962e+04	2.490480e+01	-1.19182e+02	
2782	9.015711e+04	2.485000e+01	-1.19176e+02	
2783	9.067760e+04	2.479522e+01	-1.19170e+02	
2784	9.120108e+04	2.474047e+01	-1.19165e+02	
2785	9.172759e+04	2.468573e+01	-1.19161e+02	
2786	9.225714e+04	2.463102e+01	-1.19158e+02	
2787	9.278975e+04	2.457633e+01	-1.19156e+02	
2788	9.332543e+04	2.452166e+01	-1.19155e+02	
2789	9.386420e+04	2.446701e+01	-1.19155e+02	
2790	9.440609e+04	2.441237e+01	-1.19156e+02	
2791	9.495110e+04	2.435776e+01	-1.19158e+02	
2792	9.549926e+04	2.430316e+01	-1.19160e+02	
2793	9.605058e+04	2.424857e+01	-1.19164e+02	
2794	9.660509e+04	2.419400e+01	-1.19168e+02	
2795	9.716280e+04	2.413945e+01	-1.19174e+02	
2796	9.772372e+04	2.408490e+01	-1.19180e+02	
2797	9.828789e+04	2.403038e+01	-1.19187e+02	
2798	9.885531e+04	2.397586e+01	-1.19195e+02	
2799	9.942601e+04	2.392136e+01	-1.19204e+02	
2800	1.000000e+05	2.386686e+01	-1.19214e+02	
2801	1.005773e+05	2.381238e+01	-1.19225e+02	
2802	1.011579e+05	2.375791e+01	-1.19237e+02	
2803	1.017419e+05	2.370344e+01	-1.19250e+02	
2804	1.023293e+05	2.364898e+01	-1.19264e+02	
2805	1.029201e+05	2.359453e+01	-1.19278e+02	
2806	1.035142e+05	2.354009e+01	-1.19294e+02	
2807	1.041118e+05	2.348566e+01	-1.19310e+02	
2808	1.047129e+05	2.343123e+01	-1.19328e+02	
2809	1.053174e+05	2.337680e+01	-1.19346e+02	
2810	1.059254e+05	2.332238e+01	-1.19365e+02	
2811	1.065369e+05	2.326796e+01	-1.19385e+02	
2812	1.071519e+05	2.321354e+01	-1.19407e+02	
2813	1.077705e+05	2.315913e+01	-1.19429e+02	
2814	1.083927e+05	2.310472e+01	-1.19452e+02	
2815	1.090184e+05	2.305031e+01	-1.19476e+02	
2816	1.096478e+05	2.299590e+01	-1.19500e+02	
2817	1.102808e+05	2.294148e+01	-1.19526e+02	
2818	1.109175e+05	2.288707e+01	-1.19553e+02	
2819	1.115578e+05	2.283266e+01	-1.19581e+02	
2820	1.122018e+05	2.277824e+01	-1.19609e+02	
2821	1.128496e+05	2.272382e+01	-1.19639e+02	
2822	1.135011e+05	2.266940e+01	-1.19669e+02	
2823	1.141563e+05	2.261497e+01	-1.19701e+02	
2824	1.148154e+05	2.256054e+01	-1.19733e+02	
2825	1.154782e+05	2.250610e+01	-1.19766e+02	
2826	1.161449e+05	2.245165e+01	-1.19800e+02	
2827	1.168154e+05	2.239720e+01	-1.19835e+02	
2828	1.174898e+05	2.234274e+01	-1.19872e+02	
2829	1.181680e+05	2.228827e+01	-1.19909e+02	
2830	1.188502e+05	2.223380e+01	-1.19946e+02	
2831	1.195364e+05	2.217931e+01	-1.19985e+02	
2832	1.202264e+05	2.212482e+01	-1.20025e+02	
2833	1.209205e+05	2.207031e+01	-1.20066e+02	
2834	1.216186e+05	2.201579e+01	-1.20108e+02	
2835	1.223207e+05	2.196126e+01	-1.20150e+02	
2836	1.230269e+05	2.190672e+01	-1.20194e+02	
2837	1.237371e+05	2.185216e+01	-1.20238e+02	
2838	1.244515e+05	2.179759e+01	-1.20284e+02	

Index   frequency       tdb             tph             
--------------------------------------------------------------------------------
2839	1.251699e+05	2.174301e+01	-1.20330e+02	
2840	1.258925e+05	2.168841e+01	-1.20378e+02	
2841	1.266193e+05	2.163380e+01	-1.20426e+02	
2842	1.273503e+05	2.157916e+01	-1.20475e+02	
2843	1.280855e+05	2.152452e+01	-1.20525e+02	
2844	1.288250e+05	2.146985e+01	-1.20576e+02	
2845	1.295687e+05	2.141517e+01	-1.20629e+02	
2846	1.303167e+05	2.136046e+01	-1.20682e+02	
2847	1.310690e+05	2.130574e+01	-1.20735e+02	
2848	1.318257e+05	2.125100e+01	-1.20790e+02	
2849	1.325867e+05	2.119624e+01	-1.20846e+02	
2850	1.333521e+05	2.114145e+01	-1.20903e+02	
2851	1.341220e+05	2.108664e+01	-1.20961e+02	
2852	1.348963e+05	2.103182e+01	-1.21019e+02	
2853	1.356751e+05	2.097696e+01	-1.21079e+02	
2854	1.364583e+05	2.092209e+01	-1.21140e+02	
2855	1.372461e+05	2.086719e+01	-1.21201e+02	
2856	1.380384e+05	2.081226e+01	-1.21264e+02	
2857	1.388353e+05	2.075731e+01	-1.21327e+02	
2858	1.396368e+05	2.070233e+01	-1.21392e+02	
2859	1.404430e+05	2.064733e+01	-1.21457e+02	
2860	1.412538e+05	2.059230e+01	-1.21523e+02	
2861	1.420692e+05	2.053724e+01	-1.21590e+02	
2862	1.428894e+05	2.048215e+01	-1.21659e+02	
2863	1.437143e+05	2.042703e+01	-1.21728e+02	
2864	1.445440e+05	2.037188e+01	-1.21798e+02	
2865	1.453784e+05	2.031671e+01	-1.21869e+02	
2866	1.462177e+05	2.026150e+01	-1.21941e+02	
2867	1.470618e+05	2.020625e+01	-1.22014e+02	
2868	1.479108e+05	2.015098e+01	-1.22088e+02	
2869	1.487647e+05	2.009567e+01	-1.22163e+02	
2870	1.496236e+05	2.004033e+01	-1.22239e+02	
2871	1.504874e+05	1.998495e+01	-1.22316e+02	
2872	1.513561e+05	1.992954e+01	-1.22393e+02	
2873	1.522299e+05	1.987410e+01	-1.22472e+02	
2874	1.531087e+05	1.981862e+01	-1.22552e+02	
2875	1.539927e+05	1.976310e+01	-1.22632e+02	
2876	1.548817e+05	1.970754e+01	-1.22714e+02	
2877	1.557758e+05	1.965194e+01	-1.22797e+02	
2878	1.566751e+05	1.959631e+01	-1.22880e+02	
2879	1.575796e+05	1.954063e+01	-1.22965e+02	
2880	1.584893e+05	1.948492e+01	-1.23050e+02	
2881	1.594043e+05	1.942917e+01	-1.23137e+02	
2882	1.603245e+05	1.937337e+01	-1.23224e+02	
2883	1.612501e+05	1.931753e+01	-1.23312e+02	
2884	1.621810e+05	1.926165e+01	-1.23402e+02	
2885	1.631173e+05	1.920573e+01	-1.23492e+02	
2886	1.640590e+05	1.914976e+01	-1.23583e+02	
2887	1.650061e+05	1.909375e+01	-1.23675e+02	
2888	1.659587e+05	1.903769e+01	-1.23769e+02	
2889	1.669168e+05	1.898158e+01	-1.23863e+02	
2890	1.678804e+05	1.892543e+01	-1.23958e+02	
2891	1.688496e+05	1.886924e+01	-1.24054e+02	
2892	1.698244e+05	1.881299e+01	-1.24151e+02	
2893	1.708048e+05	1.875669e+01	-1.24249e+02	
2894	1.717908e+05	1.870035e+01	-1.24348e+02	
2895	1.727826e+05	1.864396e+01	-1.24448e+02	
2896	1.737801e+05	1.858751e+01	-1.24549e+02	

Index   frequency       tdb             tph             
--------------------------------------------------------------------------------
2897	1.747833e+05	1.853102e+01	-1.24651e+02	
2898	1.757924e+05	1.847447e+01	-1.24754e+02	
2899	1.768072e+05	1.841787e+01	-1.24858e+02	
2900	1.778279e+05	1.836122e+01	-1.24963e+02	
2901	1.788546e+05	1.830451e+01	-1.25069e+02	
2902	1.798871e+05	1.824775e+01	-1.25176e+02	
2903	1.809256e+05	1.819093e+01	-1.25284e+02	
2904	1.819701e+05	1.813406e+01	-1.25392e+02	
2905	1.830206e+05	1.807713e+01	-1.25502e+02	
2906	1.840772e+05	1.802014e+01	-1.25613e+02	
2907	1.851399e+05	1.796310e+01	-1.25725e+02	
2908	1.862087e+05	1.790599e+01	-1.25837e+02	
2909	1.872837e+05	1.784883e+01	-1.25951e+02	
2910	1.883649e+05	1.779160e+01	-1.26066e+02	
2911	1.894524e+05	1.773432e+01	-1.26181e+02	
2912	1.905461e+05	1.767697e+01	-1.26298e+02	
2913	1.916461e+05	1.761957e+01	-1.26416e+02	
2914	1.927525e+05	1.756210e+01	-1.26534e+02	
2915	1.938653e+05	1.750456e+01	-1.26654e+02	
2916	1.949845e+05	1.744696e+01	-1.26774e+02	
2917	1.961101e+05	1.738930e+01	-1.26896e+02	
2918	1.972423e+05	1.733157e+01	-1.27018e+02	
2919	1.983810e+05	1.727378e+01	-1.27142e+02	
2920	1.995262e+05	1.721591e+01	-1.27267e+02	
2921	2.006781e+05	1.715798e+01	-1.27392e+02	
2922	2.018366e+05	1.709998e+01	-1.27519e+02	
2923	2.030019e+05	1.704191e+01	-1.27646e+02	
2924	2.041738e+05	1.698378e+01	-1.27774e+02	
2925	2.053525e+05	1.692557e+01	-1.27904e+02	
2926	2.065380e+05	1.686729e+01	-1.28034e+02	
2927	2.077304e+05	1.680893e+01	-1.28166e+02	
2928	2.089296e+05	1.675051e+01	-1.28298e+02	
2929	2.101358e+05	1.669201e+01	-1.28432e+02	
2930	2.113489e+05	1.663344e+01	-1.28566e+02	
2931	2.125690e+05	1.657479e+01	-1.28701e+02	
2932	2.137962e+05	1.651606e+01	-1.28838e+02	
2933	2.150305e+05	1.645726e+01	-1.28975e+02	
2934	2.162719e+05	1.639838e+01	-1.29113e+02	
2935	2.175204e+05	1.633943e+01	-1.29253e+02	
2936	2.187762e+05	1.628039e+01	-1.29393e+02	
2937	2.200392e+05	1.622128e+01	-1.29534e+02	
2938	2.213095e+05	1.616208e+01	-1.29677e+02	
2939	2.225871e+05	1.610281e+01	-1.29820e+02	
2940	2.238721e+05	1.604345e+01	-1.29964e+02	
2941	2.251645e+05	1.598401e+01	-1.30110e+02	
2942	2.264644e+05	1.592449e+01	-1.30256e+02	
2943	2.277718e+05	1.586488e+01	-1.30403e+02	
2944	2.290868e+05	1.580519e+01	-1.30551e+02	
2945	2.304093e+05	1.574541e+01	-1.30701e+02	
2946	2.317395e+05	1.568555e+01	-1.30851e+02	
2947	2.330773e+05	1.562559e+01	-1.31002e+02	
2948	2.344229e+05	1.556556e+01	-1.31154e+02	
2949	2.357762e+05	1.550543e+01	-1.31307e+02	
2950	2.371374e+05	1.544521e+01	-1.31462e+02	
2951	2.385064e+05	1.538491e+01	-1.31617e+02	
2952	2.398833e+05	1.532451e+01	-1.31773e+02	
2953	2.412682e+05	1.526402e+01	-1.31930e+02	
2954	2.426610e+05	1.520344e+01	-1.32088e+02	

Index   frequency       tdb             tph             
--------------------------------------------------------------------------------
2955	2.440619e+05	1.514277e+01	-1.32247e+02	
2956	2.454709e+05	1.508200e+01	-1.32407e+02	
2957	2.468880e+05	1.502113e+01	-1.32569e+02	
2958	2.483133e+05	1.496018e+01	-1.32731e+02	
2959	2.497468e+05	1.489912e+01	-1.32894e+02	
2960	2.511886e+05	1.483797e+01	-1.33058e+02	
2961	2.526388e+05	1.477672e+01	-1.33223e+02	
2962	2.540973e+05	1.471537e+01	-1.33389e+02	
2963	2.555642e+05	1.465393e+01	-1.33556e+02	
2964	2.570396e+05	1.459238e+01	-1.33724e+02	
2965	2.585235e+05	1.453073e+01	-1.33893e+02	
2966	2.600160e+05	1.446898e+01	-1.34063e+02	
2967	2.615170e+05	1.440713e+01	-1.34234e+02	
2968	2.630268e+05	1.434518e+01	-1.34406e+02	
2969	2.645453e+05	1.428312e+01	-1.34579e+02	
2970	2.660725e+05	1.422095e+01	-1.34752e+02	
2971	2.676086e+05	1.415869e+01	-1.34927e+02	
2972	2.691535e+05	1.409631e+01	-1.35103e+02	
2973	2.707073e+05	1.403383e+01	-1.35280e+02	
2974	2.722701e+05	1.397124e+01	-1.35458e+02	
2975	2.738420e+05	1.390854e+01	-1.35637e+02	
2976	2.754229e+05	1.384573e+01	-1.35816e+02	
2977	2.770129e+05	1.378281e+01	-1.35997e+02	
2978	2.786121e+05	1.371979e+01	-1.36179e+02	
2979	2.802206e+05	1.365665e+01	-1.36361e+02	
2980	2.818383e+05	1.359339e+01	-1.36545e+02	
2981	2.834654e+05	1.353003e+01	-1.36730e+02	
2982	2.851018e+05	1.346655e+01	-1.36915e+02	
2983	2.867477e+05	1.340295e+01	-1.37102e+02	
2984	2.884032e+05	1.333924e+01	-1.37289e+02	
2985	2.900681e+05	1.327542e+01	-1.37478e+02	
2986	2.917427e+05	1.321147e+01	-1.37667e+02	
2987	2.934270e+05	1.314741e+01	-1.37858e+02	
2988	2.951209e+05	1.308323e+01	-1.38049e+02	
2989	2.968247e+05	1.301893e+01	-1.38241e+02	
2990	2.985383e+05	1.295451e+01	-1.38435e+02	
2991	3.002617e+05	1.288997e+01	-1.38629e+02	
2992	3.019952e+05	1.282531e+01	-1.38824e+02	
2993	3.037386e+05	1.276053e+01	-1.39020e+02	
2994	3.054921e+05	1.269562e+01	-1.39217e+02	
2995	3.072557e+05	1.263059e+01	-1.39416e+02	
2996	3.090295e+05	1.256544e+01	-1.39615e+02	
2997	3.108136e+05	1.250016e+01	-1.39815e+02	
2998	3.126079e+05	1.243475e+01	-1.40016e+02	
2999	3.144126e+05	1.236922e+01	-1.40217e+02	
3000	3.162278e+05	1.230356e+01	-1.40420e+02	
3001	3.180534e+05	1.223777e+01	-1.40624e+02	
3002	3.198895e+05	1.217185e+01	-1.40829e+02	
3003	3.217363e+05	1.210580e+01	-1.41034e+02	
3004	3.235937e+05	1.203962e+01	-1.41241e+02	
3005	3.254618e+05	1.197331e+01	-1.41448e+02	
3006	3.273407e+05	1.190687e+01	-1.41657e+02	
3007	3.292305e+05	1.184030e+01	-1.41866e+02	
3008	3.311311e+05	1.177359e+01	-1.42077e+02	
3009	3.330428e+05	1.170675e+01	-1.42288e+02	
3010	3.349654e+05	1.163977e+01	-1.42500e+02	
3011	3.368992e+05	1.157266e+01	-1.42713e+02	
3012	3.388442e+05	1.150541e+01	-1.42927e+02	

Index   frequency       tdb             tph             
--------------------------------------------------------------------------------
3013	3.408003e+05	1.143803e+01	-1.43142e+02	
3014	3.427678e+05	1.137051e+01	-1.43358e+02	
3015	3.447466e+05	1.130285e+01	-1.43575e+02	
3016	3.467369e+05	1.123505e+01	-1.43792e+02	
3017	3.487386e+05	1.116711e+01	-1.44011e+02	
3018	3.507519e+05	1.109903e+01	-1.44231e+02	
3019	3.527768e+05	1.103081e+01	-1.44451e+02	
3020	3.548134e+05	1.096245e+01	-1.44672e+02	
3021	3.568617e+05	1.089394e+01	-1.44895e+02	
3022	3.589219e+05	1.082530e+01	-1.45118e+02	
3023	3.609940e+05	1.075651e+01	-1.45342e+02	
3024	3.630781e+05	1.068757e+01	-1.45567e+02	
3025	3.651741e+05	1.061849e+01	-1.45793e+02	
3026	3.672823e+05	1.054926e+01	-1.46019e+02	
3027	3.694026e+05	1.047989e+01	-1.46247e+02	
3028	3.715352e+05	1.041037e+01	-1.46475e+02	
3029	3.736801e+05	1.034071e+01	-1.46705e+02	
3030	3.758374e+05	1.027089e+01	-1.46935e+02	
3031	3.780071e+05	1.020093e+01	-1.47166e+02	
3032	3.801894e+05	1.013082e+01	-1.47398e+02	
3033	3.823843e+05	1.006056e+01	-1.47631e+02	
3034	3.845918e+05	9.990144e+00	-1.47865e+02	
3035	3.868121e+05	9.919580e+00	-1.48099e+02	
3036	3.890451e+05	9.848864e+00	-1.48335e+02	
3037	3.912911e+05	9.777996e+00	-1.48571e+02	
3038	3.935501e+05	9.706976e+00	-1.48809e+02	
3039	3.958221e+05	9.635801e+00	-1.49047e+02	
3040	3.981072e+05	9.564473e+00	-1.49286e+02	
3041	4.004055e+05	9.492990e+00	-1.49525e+02	
3042	4.027170e+05	9.421352e+00	-1.49766e+02	
3043	4.050419e+05	9.349558e+00	-1.50008e+02	
3044	4.073803e+05	9.277608e+00	-1.50250e+02	
3045	4.097321e+05	9.205501e+00	-1.50493e+02	
3046	4.120975e+05	9.133237e+00	-1.50737e+02	
3047	4.144766e+05	9.060815e+00	-1.50982e+02	
3048	4.168694e+05	8.988234e+00	-1.51228e+02	
3049	4.192760e+05	8.915495e+00	-1.51474e+02	
3050	4.216965e+05	8.842596e+00	-1.51722e+02	
3051	4.241310e+05	8.769537e+00	-1.51970e+02	
3052	4.265795e+05	8.696318e+00	-1.52219e+02	
3053	4.290422e+05	8.622938e+00	-1.52469e+02	
3054	4.315191e+05	8.549397e+00	-1.52719e+02	
3055	4.340103e+05	8.475693e+00	-1.52971e+02	
3056	4.365158e+05	8.401828e+00	-1.53223e+02	
3057	4.390359e+05	8.327799e+00	-1.53476e+02	
3058	4.415704e+05	8.253608e+00	-1.53730e+02	
3059	4.441197e+05	8.179253e+00	-1.53985e+02	
3060	4.466836e+05	8.104733e+00	-1.54241e+02	
3061	4.492623e+05	8.030049e+00	-1.54497e+02	
3062	4.518559e+05	7.955200e+00	-1.54754e+02	
3063	4.544645e+05	7.880186e+00	-1.55012e+02	
3064	4.570882e+05	7.805005e+00	-1.55271e+02	
3065	4.597270e+05	7.729659e+00	-1.55530e+02	
3066	4.623810e+05	7.654146e+00	-1.55790e+02	
3067	4.650504e+05	7.578466e+00	-1.56051e+02	
3068	4.677351e+05	7.502618e+00	-1.56313e+02	
3069	4.704354e+05	7.426602e+00	-1.56576e+02	
3070	4.731513e+05	7.350419e+00	-1.56839e+02	

Index   frequency       tdb             tph             
--------------------------------------------------------------------------------
3071	4.758828e+05	7.274066e+00	-1.57103e+02	
3072	4.786301e+05	7.197545e+00	-1.57368e+02	
3073	4.813933e+05	7.120855e+00	-1.57634e+02	
3074	4.841724e+05	7.043994e+00	-1.57900e+02	
3075	4.869675e+05	6.966964e+00	-1.58167e+02	
3076	4.897788e+05	6.889764e+00	-1.58435e+02	
3077	4.926063e+05	6.812393e+00	-1.58704e+02	
3078	4.954502e+05	6.734851e+00	-1.58974e+02	
3079	4.983105e+05	6.657137e+00	-1.59244e+02	
3080	5.011872e+05	6.579252e+00	-1.59515e+02	
3081	5.040806e+05	6.501195e+00	-1.59786e+02	
3082	5.069907e+05	6.422966e+00	-1.60059e+02	
3083	5.099176e+05	6.344565e+00	-1.60332e+02	
3084	5.128614e+05	6.265990e+00	-1.60606e+02	
3085	5.158222e+05	6.187243e+00	-1.60881e+02	
3086	5.188000e+05	6.108322e+00	-1.61156e+02	
3087	5.217951e+05	6.029228e+00	-1.61432e+02	
3088	5.248075e+05	5.949960e+00	-1.61709e+02	
3089	5.278372e+05	5.870517e+00	-1.61986e+02	
3090	5.308844e+05	5.790901e+00	-1.62265e+02	
3091	5.339493e+05	5.711110e+00	-1.62544e+02	
3092	5.370318e+05	5.631144e+00	-1.62823e+02	
3093	5.401321e+05	5.551003e+00	-1.63104e+02	
3094	5.432503e+05	5.470686e+00	-1.63385e+02	
3095	5.463865e+05	5.390194e+00	-1.63667e+02	
3096	5.495409e+05	5.309527e+00	-1.63949e+02	
3097	5.527134e+05	5.228683e+00	-1.64232e+02	
3098	5.559043e+05	5.147664e+00	-1.64516e+02	
3099	5.591135e+05	5.066468e+00	-1.64801e+02	
3100	5.623413e+05	4.985096e+00	-1.65086e+02	
3101	5.655878e+05	4.903547e+00	-1.65372e+02	
3102	5.688529e+05	4.821821e+00	-1.65659e+02	
3103	5.721370e+05	4.739918e+00	-1.65946e+02	
3104	5.754399e+05	4.657838e+00	-1.66234e+02	
3105	5.787620e+05	4.575581e+00	-1.66523e+02	
3106	5.821032e+05	4.493146e+00	-1.66812e+02	
3107	5.854637e+05	4.410534e+00	-1.67102e+02	
3108	5.888437e+05	4.327743e+00	-1.67393e+02	
3109	5.922431e+05	4.244775e+00	-1.67685e+02	
3110	5.956621e+05	4.161629e+00	-1.67977e+02	
3111	5.991009e+05	4.078304e+00	-1.68270e+02	
3112	6.025596e+05	3.994801e+00	-1.68563e+02	
3113	6.060382e+05	3.911120e+00	-1.68857e+02	
3114	6.095369e+05	3.827260e+00	-1.69152e+02	
3115	6.130558e+05	3.743221e+00	-1.69447e+02	
3116	6.165950e+05	3.659004e+00	-1.69743e+02	
3117	6.201546e+05	3.574608e+00	-1.70040e+02	
3118	6.237348e+05	3.490032e+00	-1.70338e+02	
3119	6.273357e+05	3.405278e+00	-1.70636e+02	
3120	6.309573e+05	3.320344e+00	-1.70934e+02	
3121	6.345999e+05	3.235231e+00	-1.71234e+02	
3122	6.382635e+05	3.149938e+00	-1.71534e+02	
3123	6.419482e+05	3.064466e+00	-1.71835e+02	
3124	6.456542e+05	2.978815e+00	-1.72136e+02	
3125	6.493816e+05	2.892983e+00	-1.72438e+02	
3126	6.531306e+05	2.806972e+00	-1.72741e+02	
3127	6.569011e+05	2.720782e+00	-1.73044e+02	
3128	6.606934e+05	2.634411e+00	-1.73348e+02	

Index   frequency       tdb             tph             
--------------------------------------------------------------------------------
3129	6.645077e+05	2.547860e+00	-1.73652e+02	
3130	6.683439e+05	2.461130e+00	-1.73958e+02	
3131	6.722023e+05	2.374219e+00	-1.74263e+02	
3132	6.760830e+05	2.287128e+00	-1.74570e+02	
3133	6.799860e+05	2.199856e+00	-1.74877e+02	
3134	6.839116e+05	2.112405e+00	-1.75185e+02	
3135	6.878599e+05	2.024773e+00	-1.75493e+02	
3136	6.918310e+05	1.936961e+00	-1.75802e+02	
3137	6.958250e+05	1.848968e+00	-1.76112e+02	
3138	6.998420e+05	1.760795e+00	-1.76422e+02	
3139	7.038822e+05	1.672441e+00	-1.76733e+02	
3140	7.079458e+05	1.583906e+00	-1.77045e+02	
3141	7.120328e+05	1.495191e+00	-1.77357e+02	
3142	7.161434e+05	1.406295e+00	-1.77670e+02	
3143	7.202778e+05	1.317218e+00	-1.77983e+02	
3144	7.244360e+05	1.227961e+00	-1.78297e+02	
3145	7.286182e+05	1.138522e+00	-1.78612e+02	
3146	7.328245e+05	1.048903e+00	-1.78927e+02	
3147	7.370552e+05	9.591023e-01	-1.79243e+02	
3148	7.413102e+05	8.691209e-01	-1.79560e+02	
3149	7.455899e+05	7.789583e-01	-1.79877e+02	
3150	7.498942e+05	6.886146e-01	-1.80195e+02	
3151	7.542234e+05	5.980897e-01	-1.80513e+02	
3152	7.585776e+05	5.073835e-01	-1.80832e+02	
3153	7.629569e+05	4.164960e-01	-1.81152e+02	
3154	7.673615e+05	3.254272e-01	-1.81472e+02	
3155	7.717915e+05	2.341770e-01	-1.81793e+02	
3156	7.762471e+05	1.427453e-01	-1.82115e+02	
3157	7.807284e+05	5.113203e-02	-1.82437e+02	
3158	7.852356e+05	-4.06628e-02	-1.82760e+02	
3159	7.897688e+05	-1.32639e-01	-1.83083e+02	
3160	7.943282e+05	-2.24797e-01	-1.83407e+02	
3161	7.989139e+05	-3.17137e-01	-1.83732e+02	
3162	8.035261e+05	-4.09659e-01	-1.84057e+02	
3163	8.081649e+05	-5.02363e-01	-1.84383e+02	
3164	8.128305e+05	-5.95249e-01	-1.84710e+02	
3165	8.175230e+05	-6.88316e-01	-1.85037e+02	
3166	8.222426e+05	-7.81566e-01	-1.85365e+02	
3167	8.269895e+05	-8.74998e-01	-1.85693e+02	
3168	8.317638e+05	-9.68613e-01	-1.86022e+02	
3169	8.365656e+05	-1.06241e+00	-1.86352e+02	
3170	8.413951e+05	-1.15639e+00	-1.86682e+02	
3171	8.462526e+05	-1.25055e+00	-1.87013e+02	
3172	8.511380e+05	-1.34489e+00	-1.87345e+02	
3173	8.560517e+05	-1.43942e+00	-1.87677e+02	
3174	8.609938e+05	-1.53413e+00	-1.88010e+02	
3175	8.659643e+05	-1.62902e+00	-1.88343e+02	
3176	8.709636e+05	-1.72410e+00	-1.88677e+02	
3177	8.759917e+05	-1.81936e+00	-1.89012e+02	
3178	8.810489e+05	-1.91480e+00	-1.89347e+02	
3179	8.861352e+05	-2.01043e+00	-1.89683e+02	
3180	8.912509e+05	-2.10624e+00	-1.90020e+02	
3181	8.963962e+05	-2.20223e+00	-1.90357e+02	
3182	9.015711e+05	-2.29841e+00	-1.90695e+02	
3183	9.067760e+05	-2.39477e+00	-1.91034e+02	
3184	9.120108e+05	-2.49131e+00	-1.91373e+02	
3185	9.172759e+05	-2.58804e+00	-1.91713e+02	
3186	9.225714e+05	-2.68495e+00	-1.92053e+02	

Index   frequency       tdb             tph             
--------------------------------------------------------------------------------
3187	9.278975e+05	-2.78205e+00	-1.92394e+02	
3188	9.332543e+05	-2.87933e+00	-1.92736e+02	
3189	9.386420e+05	-2.97680e+00	-1.93078e+02	
3190	9.440609e+05	-3.07445e+00	-1.93421e+02	
3191	9.495110e+05	-3.17229e+00	-1.93765e+02	
3192	9.549926e+05	-3.27031e+00	-1.94109e+02	
3193	9.605058e+05	-3.36852e+00	-1.94454e+02	
3194	9.660509e+05	-3.46691e+00	-1.94800e+02	
3195	9.716280e+05	-3.56549e+00	-1.95146e+02	
3196	9.772372e+05	-3.66426e+00	-1.95493e+02	
3197	9.828789e+05	-3.76321e+00	-1.95841e+02	
3198	9.885531e+05	-3.86235e+00	-1.96189e+02	
3199	9.942601e+05	-3.96167e+00	-1.96538e+02	
3200	1.000000e+06	-4.06119e+00	-1.96887e+02	
3201	1.005773e+06	-4.16088e+00	-1.97237e+02	
3202	1.011579e+06	-4.26077e+00	-1.97588e+02	
3203	1.017419e+06	-4.36085e+00	-1.97940e+02	
3204	1.023293e+06	-4.46111e+00	-1.98292e+02	
3205	1.029201e+06	-4.56156e+00	-1.98645e+02	
3206	1.035142e+06	-4.66220e+00	-1.98998e+02	
3207	1.041118e+06	-4.76302e+00	-1.99352e+02	
3208	1.047129e+06	-4.86404e+00	-1.99707e+02	
3209	1.053174e+06	-4.96525e+00	-2.00063e+02	
3210	1.059254e+06	-5.06664e+00	-2.00419e+02	
3211	1.065369e+06	-5.16822e+00	-2.00776e+02	
3212	1.071519e+06	-5.27000e+00	-2.01133e+02	
3213	1.077705e+06	-5.37196e+00	-2.01491e+02	
3214	1.083927e+06	-5.47412e+00	-2.01850e+02	
3215	1.090184e+06	-5.57647e+00	-2.02210e+02	
3216	1.096478e+06	-5.67900e+00	-2.02570e+02	
3217	1.102808e+06	-5.78173e+00	-2.02931e+02	
3218	1.109175e+06	-5.88466e+00	-2.03292e+02	
3219	1.115578e+06	-5.98777e+00	-2.03655e+02	
3220	1.122018e+06	-6.09108e+00	-2.04017e+02	
3221	1.128496e+06	-6.19458e+00	-2.04381e+02	
3222	1.135011e+06	-6.29827e+00	-2.04745e+02	
3223	1.141563e+06	-6.40216e+00	-2.05110e+02	
3224	1.148154e+06	-6.50624e+00	-2.05476e+02	
3225	1.154782e+06	-6.61051e+00	-2.05842e+02	
3226	1.161449e+06	-6.71498e+00	-2.06210e+02	
3227	1.168154e+06	-6.81965e+00	-2.06577e+02	
3228	1.174898e+06	-6.92451e+00	-2.06946e+02	
3229	1.181680e+06	-7.02956e+00	-2.07315e+02	
3230	1.188502e+06	-7.13482e+00	-2.07685e+02	
3231	1.195364e+06	-7.24027e+00	-2.08055e+02	
3232	1.202264e+06	-7.34591e+00	-2.08427e+02	
3233	1.209205e+06	-7.45176e+00	-2.08798e+02	
3234	1.216186e+06	-7.55780e+00	-2.09171e+02	
3235	1.223207e+06	-7.66404e+00	-2.09544e+02	
3236	1.230269e+06	-7.77049e+00	-2.09919e+02	
3237	1.237371e+06	-7.87713e+00	-2.10293e+02	
3238	1.244515e+06	-7.98397e+00	-2.10669e+02	
3239	1.251699e+06	-8.09101e+00	-2.11045e+02	
3240	1.258925e+06	-8.19825e+00	-2.11422e+02	
3241	1.266193e+06	-8.30569e+00	-2.11799e+02	
3242	1.273503e+06	-8.41333e+00	-2.12178e+02	
3243	1.280855e+06	-8.52118e+00	-2.12557e+02	
3244	1.288250e+06	-8.62923e+00	-2.12937e+02	

Index   frequency       tdb             tph             
--------------------------------------------------------------------------------
3245	1.295687e+06	-8.73748e+00	-2.13317e+02	
3246	1.303167e+06	-8.84594e+00	-2.13698e+02	
3247	1.310690e+06	-8.95460e+00	-2.14080e+02	
3248	1.318257e+06	-9.06347e+00	-2.14463e+02	
3249	1.325867e+06	-9.17254e+00	-2.14846e+02	
3250	1.333521e+06	-9.28181e+00	-2.15230e+02	
3251	1.341220e+06	-9.39130e+00	-2.15615e+02	
3252	1.348963e+06	-9.50099e+00	-2.16000e+02	
3253	1.356751e+06	-9.61089e+00	-2.16387e+02	
3254	1.364583e+06	-9.72099e+00	-2.16774e+02	
3255	1.372461e+06	-9.83131e+00	-2.17161e+02	
3256	1.380384e+06	-9.94183e+00	-2.17550e+02	
3257	1.388353e+06	-1.00526e+01	-2.17939e+02	
3258	1.396368e+06	-1.01635e+01	-2.18329e+02	
3259	1.404430e+06	-1.02747e+01	-2.18719e+02	
3260	1.412538e+06	-1.03860e+01	-2.19111e+02	
3261	1.420692e+06	-1.04976e+01	-2.19503e+02	
3262	1.428894e+06	-1.06094e+01	-2.19895e+02	
3263	1.437143e+06	-1.07214e+01	-2.20289e+02	
3264	1.445440e+06	-1.08336e+01	-2.20683e+02	
3265	1.453784e+06	-1.09460e+01	-2.21078e+02	
3266	1.462177e+06	-1.10587e+01	-2.21474e+02	
3267	1.470618e+06	-1.11715e+01	-2.21870e+02	
3268	1.479108e+06	-1.12846e+01	-2.22267e+02	
3269	1.487647e+06	-1.13979e+01	-2.22665e+02	
3270	1.496236e+06	-1.15114e+01	-2.23064e+02	
3271	1.504874e+06	-1.16252e+01	-2.23463e+02	
3272	1.513561e+06	-1.17391e+01	-2.23863e+02	
3273	1.522299e+06	-1.18533e+01	-2.24264e+02	
3274	1.531087e+06	-1.19677e+01	-2.24665e+02	
3275	1.539927e+06	-1.20823e+01	-2.25067e+02	
3276	1.548817e+06	-1.21971e+01	-2.25470e+02	
3277	1.557758e+06	-1.23121e+01	-2.25874e+02	
3278	1.566751e+06	-1.24274e+01	-2.26278e+02	
3279	1.575796e+06	-1.25429e+01	-2.26684e+02	
3280	1.584893e+06	-1.26586e+01	-2.27089e+02	
3281	1.594043e+06	-1.27746e+01	-2.27496e+02	
3282	1.603245e+06	-1.28907e+01	-2.27903e+02	
3283	1.612501e+06	-1.30071e+01	-2.28311e+02	
3284	1.621810e+06	-1.31237e+01	-2.28720e+02	
3285	1.631173e+06	-1.32406e+01	-2.29129e+02	
3286	1.640590e+06	-1.33576e+01	-2.29540e+02	
3287	1.650061e+06	-1.34749e+01	-2.29951e+02	
3288	1.659587e+06	-1.35925e+01	-2.30362e+02	
3289	1.669168e+06	-1.37102e+01	-2.30775e+02	
3290	1.678804e+06	-1.38282e+01	-2.31188e+02	
3291	1.688496e+06	-1.39464e+01	-2.31601e+02	
3292	1.698244e+06	-1.40649e+01	-2.32016e+02	
3293	1.708048e+06	-1.41836e+01	-2.32431e+02	
3294	1.717908e+06	-1.43025e+01	-2.32847e+02	
3295	1.727826e+06	-1.44216e+01	-2.33263e+02	
3296	1.737801e+06	-1.45410e+01	-2.33681e+02	
3297	1.747833e+06	-1.46606e+01	-2.34099e+02	
3298	1.757924e+06	-1.47804e+01	-2.34517e+02	
3299	1.768072e+06	-1.49005e+01	-2.34937e+02	
3300	1.778279e+06	-1.50208e+01	-2.35357e+02	
3301	1.788546e+06	-1.51414e+01	-2.35778e+02	
3302	1.798871e+06	-1.52622e+01	-2.36199e+02	

Index   frequency       tdb             tph             
--------------------------------------------------------------------------------
3303	1.809256e+06	-1.53832e+01	-2.36621e+02	
3304	1.819701e+06	-1.55045e+01	-2.37044e+02	
3305	1.830206e+06	-1.56260e+01	-2.37468e+02	
3306	1.840772e+06	-1.57477e+01	-2.37892e+02	
3307	1.851399e+06	-1.58697e+01	-2.38317e+02	
3308	1.862087e+06	-1.59919e+01	-2.38743e+02	
3309	1.872837e+06	-1.61144e+01	-2.39169e+02	
3310	1.883649e+06	-1.62371e+01	-2.39596e+02	
3311	1.894524e+06	-1.63601e+01	-2.40024e+02	
3312	1.905461e+06	-1.64832e+01	-2.40452e+02	
3313	1.916461e+06	-1.66067e+01	-2.40881e+02	
3314	1.927525e+06	-1.67304e+01	-2.41310e+02	
3315	1.938653e+06	-1.68543e+01	-2.41741e+02	
3316	1.949845e+06	-1.69785e+01	-2.42172e+02	
3317	1.961101e+06	-1.71029e+01	-2.42603e+02	
3318	1.972423e+06	-1.72275e+01	-2.43035e+02	
3319	1.983810e+06	-1.73524e+01	-2.43468e+02	
3320	1.995262e+06	-1.74776e+01	-2.43902e+02	
3321	2.006781e+06	-1.76030e+01	-2.44336e+02	
3322	2.018366e+06	-1.77286e+01	-2.44771e+02	
3323	2.030019e+06	-1.78545e+01	-2.45206e+02	
3324	2.041738e+06	-1.79807e+01	-2.45642e+02	
3325	2.053525e+06	-1.81071e+01	-2.46079e+02	
3326	2.065380e+06	-1.82337e+01	-2.46516e+02	
3327	2.077304e+06	-1.83606e+01	-2.46954e+02	
3328	2.089296e+06	-1.84878e+01	-2.47393e+02	
3329	2.101358e+06	-1.86152e+01	-2.47832e+02	
3330	2.113489e+06	-1.87428e+01	-2.48271e+02	
3331	2.125690e+06	-1.88708e+01	-2.48712e+02	
3332	2.137962e+06	-1.89989e+01	-2.49153e+02	
3333	2.150305e+06	-1.91273e+01	-2.49594e+02	
3334	2.162719e+06	-1.92560e+01	-2.50036e+02	
3335	2.175204e+06	-1.93849e+01	-2.50479e+02	
3336	2.187762e+06	-1.95141e+01	-2.50922e+02	
3337	2.200392e+06	-1.96435e+01	-2.51366e+02	
3338	2.213095e+06	-1.97732e+01	-2.51810e+02	
3339	2.225871e+06	-1.99031e+01	-2.52255e+02	
3340	2.238721e+06	-2.00333e+01	-2.52701e+02	
3341	2.251645e+06	-2.01638e+01	-2.53147e+02	
3342	2.264644e+06	-2.02945e+01	-2.53593e+02	
3343	2.277718e+06	-2.04254e+01	-2.54040e+02	
3344	2.290868e+06	-2.05566e+01	-2.54488e+02	
3345	2.304093e+06	-2.06881e+01	-2.54936e+02	
3346	2.317395e+06	-2.08198e+01	-2.55385e+02	
3347	2.330773e+06	-2.09518e+01	-2.55834e+02	
3348	2.344229e+06	-2.10841e+01	-2.56284e+02	
3349	2.357762e+06	-2.12166e+01	-2.56734e+02	
3350	2.371374e+06	-2.13493e+01	-2.57185e+02	
3351	2.385064e+06	-2.14824e+01	-2.57636e+02	
3352	2.398833e+06	-2.16156e+01	-2.58088e+02	
3353	2.412682e+06	-2.17492e+01	-2.58540e+02	
3354	2.426610e+06	-2.18830e+01	-2.58993e+02	
3355	2.440619e+06	-2.20170e+01	-2.59446e+02	
3356	2.454709e+06	-2.21513e+01	-2.59900e+02	
3357	2.468880e+06	-2.22859e+01	-2.60354e+02	
3358	2.483133e+06	-2.24207e+01	-2.60808e+02	
3359	2.497468e+06	-2.25558e+01	-2.61263e+02	
3360	2.511886e+06	-2.26912e+01	-2.61719e+02	

Index   frequency       tdb             tph             
--------------------------------------------------------------------------------
3361	2.526388e+06	-2.28268e+01	-2.62175e+02	
3362	2.540973e+06	-2.29626e+01	-2.62631e+02	
3363	2.555642e+06	-2.30988e+01	-2.63088e+02	
3364	2.570396e+06	-2.32351e+01	-2.63545e+02	
3365	2.585235e+06	-2.33718e+01	-2.64002e+02	
3366	2.600160e+06	-2.35087e+01	-2.64460e+02	
3367	2.615170e+06	-2.36458e+01	-2.64919e+02	
3368	2.630268e+06	-2.37833e+01	-2.65378e+02	
3369	2.645453e+06	-2.39209e+01	-2.65837e+02	
3370	2.660725e+06	-2.40589e+01	-2.66296e+02	
3371	2.676086e+06	-2.41971e+01	-2.66756e+02	
3372	2.691535e+06	-2.43355e+01	-2.67216e+02	
3373	2.707073e+06	-2.44742e+01	-2.67677e+02	
3374	2.722701e+06	-2.46132e+01	-2.68138e+02	
3375	2.738420e+06	-2.47524e+01	-2.68599e+02	
3376	2.754229e+06	-2.48919e+01	-2.69061e+02	
3377	2.770129e+06	-2.50316e+01	-2.69523e+02	
3378	2.786121e+06	-2.51716e+01	-2.69985e+02	
3379	2.802206e+06	-2.53119e+01	-2.70448e+02	
3380	2.818383e+06	-2.54524e+01	-2.70911e+02	
3381	2.834654e+06	-2.55932e+01	-2.71374e+02	
3382	2.851018e+06	-2.57342e+01	-2.71837e+02	
3383	2.867477e+06	-2.58755e+01	-2.72301e+02	
3384	2.884032e+06	-2.60170e+01	-2.72765e+02	
3385	2.900681e+06	-2.61588e+01	-2.73230e+02	
3386	2.917427e+06	-2.63008e+01	-2.73694e+02	
3387	2.934270e+06	-2.64431e+01	-2.74159e+02	
3388	2.951209e+06	-2.65857e+01	-2.74624e+02	
3389	2.968247e+06	-2.67285e+01	-2.75090e+02	
3390	2.985383e+06	-2.68715e+01	-2.75555e+02	
3391	3.002617e+06	-2.70148e+01	-2.76021e+02	
3392	3.019952e+06	-2.71584e+01	-2.76487e+02	
3393	3.037386e+06	-2.73022e+01	-2.76954e+02	
3394	3.054921e+06	-2.74462e+01	-2.77420e+02	
3395	3.072557e+06	-2.75905e+01	-2.77887e+02	
3396	3.090295e+06	-2.77351e+01	-2.78354e+02	
3397	3.108136e+06	-2.78799e+01	-2.78821e+02	
3398	3.126079e+06	-2.80249e+01	-2.79288e+02	
3399	3.144126e+06	-2.81702e+01	-2.79756e+02	
3400	3.162278e+06	-2.83157e+01	-2.80223e+02	
3401	3.180534e+06	-2.84615e+01	-2.80691e+02	
3402	3.198895e+06	-2.86076e+01	-2.81159e+02	
3403	3.217363e+06	-2.87538e+01	-2.81627e+02	
3404	3.235937e+06	-2.89003e+01	-2.82095e+02	
3405	3.254618e+06	-2.90471e+01	-2.82564e+02	
3406	3.273407e+06	-2.91941e+01	-2.83032e+02	
3407	3.292305e+06	-2.93413e+01	-2.83501e+02	
3408	3.311311e+06	-2.94888e+01	-2.83969e+02	
3409	3.330428e+06	-2.96365e+01	-2.84438e+02	
3410	3.349654e+06	-2.97845e+01	-2.84907e+02	
3411	3.368992e+06	-2.99327e+01	-2.85376e+02	
3412	3.388442e+06	-3.00811e+01	-2.85845e+02	
3413	3.408003e+06	-3.02298e+01	-2.86314e+02	
3414	3.427678e+06	-3.03787e+01	-2.86783e+02	
3415	3.447466e+06	-3.05278e+01	-2.87253e+02	
3416	3.467369e+06	-3.06772e+01	-2.87722e+02	
3417	3.487386e+06	-3.08268e+01	-2.88191e+02	
3418	3.507519e+06	-3.09766e+01	-2.88661e+02	

Index   frequency       tdb             tph             
--------------------------------------------------------------------------------
3419	3.527768e+06	-3.11267e+01	-2.89130e+02	
3420	3.548134e+06	-3.12770e+01	-2.89600e+02	
3421	3.568617e+06	-3.14275e+01	-2.90069e+02	
3422	3.589219e+06	-3.15782e+01	-2.90539e+02	
3423	3.609940e+06	-3.17292e+01	-2.91008e+02	
3424	3.630781e+06	-3.18804e+01	-2.91478e+02	
3425	3.651741e+06	-3.20318e+01	-2.91947e+02	
3426	3.672823e+06	-3.21834e+01	-2.92416e+02	
3427	3.694026e+06	-3.23352e+01	-2.92886e+02	
3428	3.715352e+06	-3.24873e+01	-2.93355e+02	
3429	3.736801e+06	-3.26396e+01	-2.93825e+02	
3430	3.758374e+06	-3.27921e+01	-2.94294e+02	
3431	3.780071e+06	-3.29448e+01	-2.94763e+02	
3432	3.801894e+06	-3.30977e+01	-2.95232e+02	
3433	3.823843e+06	-3.32509e+01	-2.95702e+02	
3434	3.845918e+06	-3.34042e+01	-2.96171e+02	
3435	3.868121e+06	-3.35578e+01	-2.96640e+02	
3436	3.890451e+06	-3.37116e+01	-2.97109e+02	
3437	3.912911e+06	-3.38655e+01	-2.97577e+02	
3438	3.935501e+06	-3.40197e+01	-2.98046e+02	
3439	3.958221e+06	-3.41741e+01	-2.98515e+02	
3440	3.981072e+06	-3.43287e+01	-2.98983e+02	
3441	4.004055e+06	-3.44835e+01	-2.99452e+02	
3442	4.027170e+06	-3.46385e+01	-2.99920e+02	
3443	4.050419e+06	-3.47937e+01	-3.00388e+02	
3444	4.073803e+06	-3.49491e+01	-3.00856e+02	
3445	4.097321e+06	-3.51046e+01	-3.01324e+02	
3446	4.120975e+06	-3.52604e+01	-3.01792e+02	
3447	4.144766e+06	-3.54164e+01	-3.02259e+02	
3448	4.168694e+06	-3.55725e+01	-3.02727e+02	
3449	4.192760e+06	-3.57289e+01	-3.03194e+02	
3450	4.216965e+06	-3.58854e+01	-3.03661e+02	
3451	4.241310e+06	-3.60421e+01	-3.04128e+02	
3452	4.265795e+06	-3.61990e+01	-3.04595e+02	
3453	4.290422e+06	-3.63561e+01	-3.05062e+02	
3454	4.315191e+06	-3.65134e+01	-3.05528e+02	
3455	4.340103e+06	-3.66708e+01	-3.05994e+02	
3456	4.365158e+06	-3.68284e+01	-3.06460e+02	
3457	4.390359e+06	-3.69862e+01	-3.06926e+02	
3458	4.415704e+06	-3.71442e+01	-3.07392e+02	
3459	4.441197e+06	-3.73023e+01	-3.07857e+02	
3460	4.466836e+06	-3.74607e+01	-3.08323e+02	
3461	4.492623e+06	-3.76191e+01	-3.08788e+02	
3462	4.518559e+06	-3.77778e+01	-3.09252e+02	
3463	4.544645e+06	-3.79366e+01	-3.09717e+02	
3464	4.570882e+06	-3.80956e+01	-3.10181e+02	
3465	4.597270e+06	-3.82547e+01	-3.10645e+02	
3466	4.623810e+06	-3.84140e+01	-3.11109e+02	
3467	4.650504e+06	-3.85735e+01	-3.11573e+02	
3468	4.677351e+06	-3.87331e+01	-3.12036e+02	
3469	4.704354e+06	-3.88929e+01	-3.12499e+02	
3470	4.731513e+06	-3.90528e+01	-3.12962e+02	
3471	4.758828e+06	-3.92129e+01	-3.13424e+02	
3472	4.786301e+06	-3.93731e+01	-3.13887e+02	
3473	4.813933e+06	-3.95335e+01	-3.14349e+02	
3474	4.841724e+06	-3.96940e+01	-3.14810e+02	
3475	4.869675e+06	-3.98547e+01	-3.15272e+02	
3476	4.897788e+06	-4.00155e+01	-3.15733e+02	

Index   frequency       tdb             tph             
--------------------------------------------------------------------------------
3477	4.926063e+06	-4.01764e+01	-3.16194e+02	
3478	4.954502e+06	-4.03375e+01	-3.16654e+02	
3479	4.983105e+06	-4.04987e+01	-3.17115e+02	
3480	5.011872e+06	-4.06601e+01	-3.17575e+02	
3481	5.040806e+06	-4.08215e+01	-3.18034e+02	
3482	5.069907e+06	-4.09832e+01	-3.18494e+02	
3483	5.099176e+06	-4.11449e+01	-3.18953e+02	
3484	5.128614e+06	-4.13068e+01	-3.19411e+02	
3485	5.158222e+06	-4.14688e+01	-3.19870e+02	
3486	5.188000e+06	-4.16309e+01	-3.20328e+02	
3487	5.217951e+06	-4.17931e+01	-3.20786e+02	
3488	5.248075e+06	-4.19555e+01	-3.21243e+02	
3489	5.278372e+06	-4.21179e+01	-3.21701e+02	
3490	5.308844e+06	-4.22805e+01	-3.22157e+02	
3491	5.339493e+06	-4.24432e+01	-3.22614e+02	
3492	5.370318e+06	-4.26060e+01	-3.23070e+02	
3493	5.401321e+06	-4.27690e+01	-3.23526e+02	
3494	5.432503e+06	-4.29320e+01	-3.23982e+02	
3495	5.463865e+06	-4.30951e+01	-3.24437e+02	
3496	5.495409e+06	-4.32584e+01	-3.24892e+02	
3497	5.527134e+06	-4.34217e+01	-3.25346e+02	
3498	5.559043e+06	-4.35851e+01	-3.25800e+02	
3499	5.591135e+06	-4.37487e+01	-3.26254e+02	
3500	5.623413e+06	-4.39123e+01	-3.26708e+02	
3501	5.655878e+06	-4.40760e+01	-3.27161e+02	
3502	5.688529e+06	-4.42398e+01	-3.27613e+02	
3503	5.721370e+06	-4.44037e+01	-3.28066e+02	
3504	5.754399e+06	-4.45677e+01	-3.28518e+02	
3505	5.787620e+06	-4.47318e+01	-3.28970e+02	
3506	5.821032e+06	-4.48959e+01	-3.29421e+02	
3507	5.854637e+06	-4.50602e+01	-3.29872e+02	
3508	5.888437e+06	-4.52245e+01	-3.30323e+02	
3509	5.922431e+06	-4.53889e+01	-3.30773e+02	
3510	5.956621e+06	-4.55534e+01	-3.31223e+02	
3511	5.991009e+06	-4.57179e+01	-3.31672e+02	
3512	6.025596e+06	-4.58826e+01	-3.32122e+02	
3513	6.060382e+06	-4.60472e+01	-3.32571e+02	
3514	6.095369e+06	-4.62120e+01	-3.33019e+02	
3515	6.130558e+06	-4.63768e+01	-3.33467e+02	
3516	6.165950e+06	-4.65417e+01	-3.33915e+02	
3517	6.201546e+06	-4.67067e+01	-3.34362e+02	
3518	6.237348e+06	-4.68717e+01	-3.34809e+02	
3519	6.273357e+06	-4.70368e+01	-3.35256e+02	
3520	6.309573e+06	-4.72019e+01	-3.35702e+02	
3521	6.345999e+06	-4.73671e+01	-3.36148e+02	
3522	6.382635e+06	-4.75323e+01	-3.36594e+02	
3523	6.419482e+06	-4.76976e+01	-3.37039e+02	
3524	6.456542e+06	-4.78629e+01	-3.37484e+02	
3525	6.493816e+06	-4.80283e+01	-3.37928e+02	
3526	6.531306e+06	-4.81937e+01	-3.38373e+02	
3527	6.569011e+06	-4.83592e+01	-3.38816e+02	
3528	6.606934e+06	-4.85247e+01	-3.39260e+02	
3529	6.645077e+06	-4.86903e+01	-3.39703e+02	
3530	6.683439e+06	-4.88559e+01	-3.40146e+02	
3531	6.722023e+06	-4.90215e+01	-3.40588e+02	
3532	6.760830e+06	-4.91872e+01	-3.41030e+02	
3533	6.799860e+06	-4.93529e+01	-3.41472e+02	
3534	6.839116e+06	-4.95186e+01	-3.41913e+02	

Index   frequency       tdb             tph             
--------------------------------------------------------------------------------
3535	6.878599e+06	-4.96844e+01	-3.42354e+02	
3536	6.918310e+06	-4.98502e+01	-3.42794e+02	
3537	6.958250e+06	-5.00160e+01	-3.43235e+02	
3538	6.998420e+06	-5.01819e+01	-3.43674e+02	
3539	7.038822e+06	-5.03477e+01	-3.44114e+02	
3540	7.079458e+06	-5.05136e+01	-3.44553e+02	
3541	7.120328e+06	-5.06795e+01	-3.44992e+02	
3542	7.161434e+06	-5.08454e+01	-3.45430e+02	
3543	7.202778e+06	-5.10114e+01	-3.45868e+02	
3544	7.244360e+06	-5.11774e+01	-3.46306e+02	
3545	7.286182e+06	-5.13433e+01	-3.46744e+02	
3546	7.328245e+06	-5.15093e+01	-3.47181e+02	
3547	7.370552e+06	-5.16753e+01	-3.47618e+02	
3548	7.413102e+06	-5.18413e+01	-3.48054e+02	
3549	7.455899e+06	-5.20073e+01	-3.48490e+02	
3550	7.498942e+06	-5.21734e+01	-3.48926e+02	
3551	7.542234e+06	-5.23394e+01	-3.49361e+02	
3552	7.585776e+06	-5.25054e+01	-3.49797e+02	
3553	7.629569e+06	-5.26714e+01	-3.50231e+02	
3554	7.673615e+06	-5.28375e+01	-3.50666e+02	
3555	7.717915e+06	-5.30035e+01	-3.51100e+02	
3556	7.762471e+06	-5.31695e+01	-3.51534e+02	
3557	7.807284e+06	-5.33356e+01	-3.51967e+02	
3558	7.852356e+06	-5.35016e+01	-3.52401e+02	
3559	7.897688e+06	-5.36676e+01	-3.52833e+02	
3560	7.943282e+06	-5.38336e+01	-3.53266e+02	
3561	7.989139e+06	-5.39996e+01	-3.53698e+02	
3562	8.035261e+06	-5.41656e+01	-3.54130e+02	
3563	8.081649e+06	-5.43316e+01	-3.54562e+02	
3564	8.128305e+06	-5.44975e+01	-3.54994e+02	
3565	8.175230e+06	-5.46635e+01	-3.55425e+02	
3566	8.222426e+06	-5.48294e+01	-3.55856e+02	
3567	8.269895e+06	-5.49954e+01	-3.56286e+02	
3568	8.317638e+06	-5.51613e+01	-3.56716e+02	
3569	8.365656e+06	-5.53272e+01	-3.57146e+02	
3570	8.413951e+06	-5.54930e+01	-3.57576e+02	
3571	8.462526e+06	-5.56589e+01	-3.58006e+02	
3572	8.511380e+06	-5.58247e+01	-3.58435e+02	
3573	8.560517e+06	-5.59905e+01	-3.58864e+02	
3574	8.609938e+06	-5.61563e+01	-3.59292e+02	
3575	8.659643e+06	-5.63221e+01	-3.59721e+02	
3576	8.709636e+06	-5.64878e+01	-3.60149e+02	
3577	8.759917e+06	-5.66536e+01	-3.60577e+02	
3578	8.810489e+06	-5.68192e+01	-3.61005e+02	
3579	8.861352e+06	-5.69849e+01	-3.61432e+02	
3580	8.912509e+06	-5.71506e+01	-3.61859e+02	
3581	8.963962e+06	-5.73162e+01	-3.62286e+02	
3582	9.015711e+06	-5.74818e+01	-3.62713e+02	
3583	9.067760e+06	-5.76473e+01	-3.63140e+02	
3584	9.120108e+06	-5.78128e+01	-3.63566e+02	
3585	9.172759e+06	-5.79783e+01	-3.63992e+02	
3586	9.225714e+06	-5.81438e+01	-3.64418e+02	
3587	9.278975e+06	-5.83092e+01	-3.64844e+02	
3588	9.332543e+06	-5.84746e+01	-3.65269e+02	
3589	9.386420e+06	-5.86400e+01	-3.65694e+02	
3590	9.440609e+06	-5.88053e+01	-3.66119e+02	
3591	9.495110e+06	-5.89706e+01	-3.66544e+02	
3592	9.549926e+06	-5.91359e+01	-3.66969e+02	

Index   frequency       tdb             tph             
--------------------------------------------------------------------------------
3593	9.605058e+06	-5.93011e+01	-3.67393e+02	
3594	9.660509e+06	-5.94663e+01	-3.67818e+02	
3595	9.716280e+06	-5.96315e+01	-3.68242e+02	
3596	9.772372e+06	-5.97966e+01	-3.68666e+02	
3597	9.828789e+06	-5.99617e+01	-3.69090e+02	
3598	9.885531e+06	-6.01268e+01	-3.69513e+02	
3599	9.942601e+06	-6.02918e+01	-3.69937e+02	
3600	1.000000e+07	-6.04568e+01	-3.70360e+02	
3601	1.005773e+07	-6.06217e+01	-3.70784e+02	
3602	1.011579e+07	-6.07866e+01	-3.71207e+02	
3603	1.017419e+07	-6.09515e+01	-3.71630e+02	
3604	1.023293e+07	-6.11163e+01	-3.72053e+02	
3605	1.029201e+07	-6.12812e+01	-3.72475e+02	
3606	1.035142e+07	-6.14459e+01	-3.72898e+02	
3607	1.041118e+07	-6.16107e+01	-3.73321e+02	
3608	1.047129e+07	-6.17753e+01	-3.73743e+02	
3609	1.053174e+07	-6.19400e+01	-3.74165e+02	
3610	1.059254e+07	-6.21046e+01	-3.74587e+02	
3611	1.065369e+07	-6.22692e+01	-3.75010e+02	
3612	1.071519e+07	-6.24338e+01	-3.75432e+02	
3613	1.077705e+07	-6.25983e+01	-3.75854e+02	
3614	1.083927e+07	-6.27628e+01	-3.76276e+02	
3615	1.090184e+07	-6.29272e+01	-3.76697e+02	
3616	1.096478e+07	-6.30916e+01	-3.77119e+02	
3617	1.102808e+07	-6.32560e+01	-3.77541e+02	
3618	1.109175e+07	-6.34203e+01	-3.77963e+02	
3619	1.115578e+07	-6.35847e+01	-3.78384e+02	
3620	1.122018e+07	-6.37489e+01	-3.78806e+02	
3621	1.128496e+07	-6.39132e+01	-3.79227e+02	
3622	1.135011e+07	-6.40774e+01	-3.79649e+02	
3623	1.141563e+07	-6.42416e+01	-3.80071e+02	
3624	1.148154e+07	-6.44057e+01	-3.80492e+02	
3625	1.154782e+07	-6.45698e+01	-3.80914e+02	
3626	1.161449e+07	-6.47339e+01	-3.81335e+02	
3627	1.168154e+07	-6.48980e+01	-3.81757e+02	
3628	1.174898e+07	-6.50620e+01	-3.82178e+02	
3629	1.181680e+07	-6.52260e+01	-3.82600e+02	
3630	1.188502e+07	-6.53900e+01	-3.83022e+02	
3631	1.195364e+07	-6.55540e+01	-3.83443e+02	
3632	1.202264e+07	-6.57179e+01	-3.83865e+02	
3633	1.209205e+07	-6.58818e+01	-3.84287e+02	
3634	1.216186e+07	-6.60457e+01	-3.84709e+02	
3635	1.223207e+07	-6.62096e+01	-3.85130e+02	
3636	1.230269e+07	-6.63734e+01	-3.85552e+02	
3637	1.237371e+07	-6.65372e+01	-3.85974e+02	
3638	1.244515e+07	-6.67010e+01	-3.86397e+02	
3639	1.251699e+07	-6.68648e+01	-3.86819e+02	
3640	1.258925e+07	-6.70286e+01	-3.87241e+02	
3641	1.266193e+07	-6.71923e+01	-3.87664e+02	
3642	1.273503e+07	-6.73560e+01	-3.88086e+02	
3643	1.280855e+07	-6.75197e+01	-3.88509e+02	
3644	1.288250e+07	-6.76834e+01	-3.88932e+02	
3645	1.295687e+07	-6.78471e+01	-3.89355e+02	
3646	1.303167e+07	-6.80108e+01	-3.89778e+02	
3647	1.310690e+07	-6.81745e+01	-3.90201e+02	
3648	1.318257e+07	-6.83382e+01	-3.90625e+02	
3649	1.325867e+07	-6.85018e+01	-3.91048e+02	
3650	1.333521e+07	-6.86655e+01	-3.91472e+02	

Index   frequency       tdb             tph             
--------------------------------------------------------------------------------
3651	1.341220e+07	-6.88291e+01	-3.91896e+02	
3652	1.348963e+07	-6.89927e+01	-3.92320e+02	
3653	1.356751e+07	-6.91564e+01	-3.92745e+02	
3654	1.364583e+07	-6.93200e+01	-3.93169e+02	
3655	1.372461e+07	-6.94837e+01	-3.93594e+02	
3656	1.380384e+07	-6.96473e+01	-3.94019e+02	
3657	1.388353e+07	-6.98110e+01	-3.94445e+02	
3658	1.396368e+07	-6.99746e+01	-3.94870e+02	
3659	1.404430e+07	-7.01383e+01	-3.95296e+02	
3660	1.412538e+07	-7.03020e+01	-3.95723e+02	
3661	1.420692e+07	-7.04656e+01	-3.96149e+02	
3662	1.428894e+07	-7.06293e+01	-3.96576e+02	
3663	1.437143e+07	-7.07930e+01	-3.97003e+02	
3664	1.445440e+07	-7.09568e+01	-3.97430e+02	
3665	1.453784e+07	-7.11205e+01	-3.97858e+02	
3666	1.462177e+07	-7.12843e+01	-3.98286e+02	
3667	1.470618e+07	-7.14481e+01	-3.98715e+02	
3668	1.479108e+07	-7.16119e+01	-3.99144e+02	
3669	1.487647e+07	-7.17757e+01	-3.99573e+02	
3670	1.496236e+07	-7.19396e+01	-4.00003e+02	
3671	1.504874e+07	-7.21034e+01	-4.00433e+02	
3672	1.513561e+07	-7.22674e+01	-4.00863e+02	
3673	1.522299e+07	-7.24313e+01	-4.01294e+02	
3674	1.531087e+07	-7.25953e+01	-4.01725e+02	
3675	1.539927e+07	-7.27593e+01	-4.02157e+02	
3676	1.548817e+07	-7.29233e+01	-4.02590e+02	
3677	1.557758e+07	-7.30874e+01	-4.03022e+02	
3678	1.566751e+07	-7.32516e+01	-4.03456e+02	
3679	1.575796e+07	-7.34157e+01	-4.03889e+02	
3680	1.584893e+07	-7.35800e+01	-4.04324e+02	
3681	1.594043e+07	-7.37442e+01	-4.04759e+02	
3682	1.603245e+07	-7.39086e+01	-4.05194e+02	
3683	1.612501e+07	-7.40729e+01	-4.05630e+02	
3684	1.621810e+07	-7.42374e+01	-4.06067e+02	
3685	1.631173e+07	-7.44018e+01	-4.06504e+02	
3686	1.640590e+07	-7.45664e+01	-4.06942e+02	
3687	1.650061e+07	-7.47310e+01	-4.07380e+02	
3688	1.659587e+07	-7.48956e+01	-4.07819e+02	
3689	1.669168e+07	-7.50604e+01	-4.08259e+02	
3690	1.678804e+07	-7.52252e+01	-4.08700e+02	
3691	1.688496e+07	-7.53900e+01	-4.09141e+02	
3692	1.698244e+07	-7.55550e+01	-4.09583e+02	
3693	1.708048e+07	-7.57200e+01	-4.10025e+02	
3694	1.717908e+07	-7.58851e+01	-4.10469e+02	
3695	1.727826e+07	-7.60502e+01	-4.10913e+02	
3696	1.737801e+07	-7.62155e+01	-4.11358e+02	
3697	1.747833e+07	-7.63808e+01	-4.11804e+02	
3698	1.757924e+07	-7.65462e+01	-4.12251e+02	
3699	1.768072e+07	-7.67117e+01	-4.12698e+02	
3700	1.778279e+07	-7.68773e+01	-4.13147e+02	
3701	1.788546e+07	-7.70430e+01	-4.13596e+02	
3702	1.798871e+07	-7.72087e+01	-4.14046e+02	
3703	1.809256e+07	-7.73746e+01	-4.14498e+02	
3704	1.819701e+07	-7.75406e+01	-4.14950e+02	
3705	1.830206e+07	-7.77067e+01	-4.15403e+02	
3706	1.840772e+07	-7.78728e+01	-4.15858e+02	
3707	1.851399e+07	-7.80391e+01	-4.16313e+02	
3708	1.862087e+07	-7.82055e+01	-4.16769e+02	

Index   frequency       tdb             tph             
--------------------------------------------------------------------------------
3709	1.872837e+07	-7.83720e+01	-4.17227e+02	
3710	1.883649e+07	-7.85386e+01	-4.17686e+02	
3711	1.894524e+07	-7.87054e+01	-4.18146e+02	
3712	1.905461e+07	-7.88722e+01	-4.18607e+02	
3713	1.916461e+07	-7.90392e+01	-4.19069e+02	
3714	1.927525e+07	-7.92063e+01	-4.19532e+02	
3715	1.938653e+07	-7.93735e+01	-4.19997e+02	
3716	1.949845e+07	-7.95409e+01	-4.20463e+02	
3717	1.961101e+07	-7.97084e+01	-4.20931e+02	
3718	1.972423e+07	-7.98760e+01	-4.21400e+02	
3719	1.983810e+07	-8.00438e+01	-4.21870e+02	
3720	1.995262e+07	-8.02117e+01	-4.22342e+02	
3721	2.006781e+07	-8.03797e+01	-4.22815e+02	
3722	2.018366e+07	-8.05479e+01	-4.23290e+02	
3723	2.030019e+07	-8.07162e+01	-4.23766e+02	
3724	2.041738e+07	-8.08847e+01	-4.24244e+02	
3725	2.053525e+07	-8.10533e+01	-4.24723e+02	
3726	2.065380e+07	-8.12221e+01	-4.25204e+02	
3727	2.077304e+07	-8.13910e+01	-4.25687e+02	
3728	2.089296e+07	-8.15601e+01	-4.26172e+02	
3729	2.101358e+07	-8.17294e+01	-4.26658e+02	
3730	2.113489e+07	-8.18988e+01	-4.27146e+02	
3731	2.125690e+07	-8.20684e+01	-4.27636e+02	
3732	2.137962e+07	-8.22381e+01	-4.28128e+02	
3733	2.150305e+07	-8.24080e+01	-4.28622e+02	
3734	2.162719e+07	-8.25781e+01	-4.29118e+02	
3735	2.175204e+07	-8.27484e+01	-4.29616e+02	
3736	2.187762e+07	-8.29188e+01	-4.30116e+02	
3737	2.200392e+07	-8.30894e+01	-4.30618e+02	
3738	2.213095e+07	-8.32602e+01	-4.31123e+02	
3739	2.225871e+07	-8.34312e+01	-4.31630e+02	
3740	2.238721e+07	-8.36024e+01	-4.32139e+02	
3741	2.251645e+07	-8.37737e+01	-4.32650e+02	
3742	2.264644e+07	-8.39453e+01	-4.33164e+02	
3743	2.277718e+07	-8.41170e+01	-4.33680e+02	
3744	2.290868e+07	-8.42889e+01	-4.34199e+02	
3745	2.304093e+07	-8.44610e+01	-4.34721e+02	
3746	2.317395e+07	-8.46333e+01	-4.35245e+02	
3747	2.330773e+07	-8.48058e+01	-4.35772e+02	
3748	2.344229e+07	-8.49785e+01	-4.36301e+02	
3749	2.357762e+07	-8.51514e+01	-4.36834e+02	
3750	2.371374e+07	-8.53245e+01	-4.37369e+02	
3751	2.385064e+07	-8.54978e+01	-4.37908e+02	
3752	2.398833e+07	-8.56713e+01	-4.38449e+02	
3753	2.412682e+07	-8.58450e+01	-4.38994e+02	
3754	2.426610e+07	-8.60189e+01	-4.39542e+02	
3755	2.440619e+07	-8.61931e+01	-4.40093e+02	
3756	2.454709e+07	-8.63674e+01	-4.40647e+02	
3757	2.468880e+07	-8.65419e+01	-4.41205e+02	
3758	2.483133e+07	-8.67166e+01	-4.41767e+02	
3759	2.497468e+07	-8.68915e+01	-4.42332e+02	
3760	2.511886e+07	-8.70667e+01	-4.42901e+02	
3761	2.526388e+07	-8.72420e+01	-4.43474e+02	
3762	2.540973e+07	-8.74175e+01	-4.44050e+02	
3763	2.555642e+07	-8.75932e+01	-4.44631e+02	
3764	2.570396e+07	-8.77692e+01	-4.45215e+02	
3765	2.585235e+07	-8.79453e+01	-4.45804e+02	
3766	2.600160e+07	-8.81216e+01	-4.46397e+02	

Index   frequency       tdb             tph             
--------------------------------------------------------------------------------
3767	2.615170e+07	-8.82982e+01	-4.46994e+02	
3768	2.630268e+07	-8.84749e+01	-4.47596e+02	
3769	2.645453e+07	-8.86518e+01	-4.48202e+02	
3770	2.660725e+07	-8.88289e+01	-4.48813e+02	
3771	2.676086e+07	-8.90061e+01	-4.49429e+02	
3772	2.691535e+07	-8.91836e+01	-4.50050e+02	
3773	2.707073e+07	-8.93612e+01	-4.50675e+02	
3774	2.722701e+07	-8.95390e+01	-4.51306e+02	
3775	2.738420e+07	-8.97170e+01	-4.51942e+02	
3776	2.754229e+07	-8.98951e+01	-4.52584e+02	
3777	2.770129e+07	-9.00734e+01	-4.53231e+02	
3778	2.786121e+07	-9.02518e+01	-4.53883e+02	
3779	2.802206e+07	-9.04303e+01	-4.54542e+02	
3780	2.818383e+07	-9.06090e+01	-4.55206e+02	
3781	2.834654e+07	-9.07879e+01	-4.55876e+02	
3782	2.851018e+07	-9.09668e+01	-4.56552e+02	
3783	2.867477e+07	-9.11458e+01	-4.57235e+02	
3784	2.884032e+07	-9.13250e+01	-4.57924e+02	
3785	2.900681e+07	-9.15042e+01	-4.58619e+02	
3786	2.917427e+07	-9.16835e+01	-4.59321e+02	
3787	2.934270e+07	-9.18629e+01	-4.60030e+02	
3788	2.951209e+07	-9.20423e+01	-4.60746e+02	
3789	2.968247e+07	-9.22217e+01	-4.61470e+02	
3790	2.985383e+07	-9.24012e+01	-4.62200e+02	
3791	3.002617e+07	-9.25807e+01	-4.62938e+02	
3792	3.019952e+07	-9.27601e+01	-4.63684e+02	
3793	3.037386e+07	-9.29395e+01	-4.64437e+02	
3794	3.054921e+07	-9.31189e+01	-4.65198e+02	
3795	3.072557e+07	-9.32982e+01	-4.65967e+02	
3796	3.090295e+07	-9.34774e+01	-4.66745e+02	
3797	3.108136e+07	-9.36565e+01	-4.67531e+02	
3798	3.126079e+07	-9.38355e+01	-4.68325e+02	
3799	3.144126e+07	-9.40143e+01	-4.69128e+02	
3800	3.162278e+07	-9.41929e+01	-4.69940e+02	
3801	3.180534e+07	-9.43713e+01	-4.70761e+02	
3802	3.198895e+07	-9.45494e+01	-4.71592e+02	
3803	3.217363e+07	-9.47273e+01	-4.72431e+02	
3804	3.235937e+07	-9.49049e+01	-4.73280e+02	
3805	3.254618e+07	-9.50821e+01	-4.74139e+02	
3806	3.273407e+07	-9.52589e+01	-4.75007e+02	
3807	3.292305e+07	-9.54354e+01	-4.75886e+02	
3808	3.311311e+07	-9.56113e+01	-4.76774e+02	
3809	3.330428e+07	-9.57868e+01	-4.77673e+02	
3810	3.349654e+07	-9.59618e+01	-4.78582e+02	
3811	3.368992e+07	-9.61362e+01	-4.79501e+02	
3812	3.388442e+07	-9.63099e+01	-4.80431e+02	
3813	3.408003e+07	-9.64830e+01	-4.81372e+02	
3814	3.427678e+07	-9.66554e+01	-4.82323e+02	
3815	3.447466e+07	-9.68270e+01	-4.83286e+02	
3816	3.467369e+07	-9.69978e+01	-4.84259e+02	
3817	3.487386e+07	-9.71677e+01	-4.85244e+02	
3818	3.507519e+07	-9.73367e+01	-4.86239e+02	
3819	3.527768e+07	-9.75047e+01	-4.87246e+02	
3820	3.548134e+07	-9.76716e+01	-4.88263e+02	
3821	3.568617e+07	-9.78375e+01	-4.89293e+02	
3822	3.589219e+07	-9.80022e+01	-4.90333e+02	
3823	3.609940e+07	-9.81656e+01	-4.91384e+02	
3824	3.630781e+07	-9.83277e+01	-4.92447e+02	

Index   frequency       tdb             tph             
--------------------------------------------------------------------------------
3825	3.651741e+07	-9.84885e+01	-4.93521e+02	
3826	3.672823e+07	-9.86479e+01	-4.94605e+02	
3827	3.694026e+07	-9.88058e+01	-4.95701e+02	
3828	3.715352e+07	-9.89621e+01	-4.96808e+02	
3829	3.736801e+07	-9.91167e+01	-4.97925e+02	
3830	3.758374e+07	-9.92697e+01	-4.99053e+02	
3831	3.780071e+07	-9.94209e+01	-5.00191e+02	
3832	3.801894e+07	-9.95703e+01	-5.01339e+02	
3833	3.823843e+07	-9.97177e+01	-5.02498e+02	
3834	3.845918e+07	-9.98632e+01	-5.03666e+02	
3835	3.868121e+07	-1.00007e+02	-5.04843e+02	
3836	3.890451e+07	-1.00148e+02	-5.06030e+02	
3837	3.912911e+07	-1.00287e+02	-5.07225e+02	
3838	3.935501e+07	-1.00424e+02	-5.08429e+02	
3839	3.958221e+07	-1.00558e+02	-5.09641e+02	
3840	3.981072e+07	-1.00691e+02	-5.10861e+02	
3841	4.004055e+07	-1.00820e+02	-5.12088e+02	
3842	4.027170e+07	-1.00948e+02	-5.13321e+02	
3843	4.050419e+07	-1.01073e+02	-5.14561e+02	
3844	4.073803e+07	-1.01195e+02	-5.15807e+02	
3845	4.097321e+07	-1.01314e+02	-5.17058e+02	
3846	4.120975e+07	-1.01431e+02	-5.18313e+02	
3847	4.144766e+07	-1.01545e+02	-5.19573e+02	
3848	4.168694e+07	-1.01657e+02	-5.20836e+02	
3849	4.192760e+07	-1.01766e+02	-5.22103e+02	
3850	4.216965e+07	-1.01871e+02	-5.23372e+02	
3851	4.241310e+07	-1.01975e+02	-5.24642e+02	
3852	4.265795e+07	-1.02075e+02	-5.25914e+02	
3853	4.290422e+07	-1.02172e+02	-5.27187e+02	
3854	4.315191e+07	-1.02267e+02	-5.28459e+02	
3855	4.340103e+07	-1.02359e+02	-5.29731e+02	
3856	4.365158e+07	-1.02447e+02	-5.31001e+02	
3857	4.390359e+07	-1.02534e+02	-5.32269e+02	
3858	4.415704e+07	-1.02617e+02	-5.33535e+02	
3859	4.441197e+07	-1.02697e+02	-5.34798e+02	
3860	4.466836e+07	-1.02775e+02	-5.36057e+02	
3861	4.492623e+07	-1.02850e+02	-5.37312e+02	
3862	4.518559e+07	-1.02922e+02	-5.38562e+02	
3863	4.544645e+07	-1.02992e+02	-5.39806e+02	
3864	4.570882e+07	-1.03059e+02	-5.41044e+02	
3865	4.597270e+07	-1.03124e+02	-5.42276e+02	
3866	4.623810e+07	-1.03185e+02	-5.43501e+02	
3867	4.650504e+07	-1.03245e+02	-5.44719e+02	
3868	4.677351e+07	-1.03302e+02	-5.45928e+02	
3869	4.704354e+07	-1.03357e+02	-5.47130e+02	
3870	4.731513e+07	-1.03409e+02	-5.48322e+02	
3871	4.758828e+07	-1.03459e+02	-5.49506e+02	
3872	4.786301e+07	-1.03507e+02	-5.50680e+02	
3873	4.813933e+07	-1.03553e+02	-5.51844e+02	
3874	4.841724e+07	-1.03597e+02	-5.52998e+02	
3875	4.869675e+07	-1.03639e+02	-5.54142e+02	
3876	4.897788e+07	-1.03679e+02	-5.55275e+02	
3877	4.926063e+07	-1.03717e+02	-5.56397e+02	
3878	4.954502e+07	-1.03753e+02	-5.57509e+02	
3879	4.983105e+07	-1.03788e+02	-5.58609e+02	
3880	5.011872e+07	-1.03821e+02	-5.59698e+02	
3881	5.040806e+07	-1.03852e+02	-5.60776e+02	
3882	5.069907e+07	-1.03882e+02	-5.61842e+02	

Index   frequency       tdb             tph             
--------------------------------------------------------------------------------
3883	5.099176e+07	-1.03911e+02	-5.62896e+02	
3884	5.128614e+07	-1.03938e+02	-5.63938e+02	
3885	5.158222e+07	-1.03964e+02	-5.64969e+02	
3886	5.188000e+07	-1.03988e+02	-5.65989e+02	
3887	5.217951e+07	-1.04012e+02	-5.66996e+02	
3888	5.248075e+07	-1.04034e+02	-5.67992e+02	
3889	5.278372e+07	-1.04056e+02	-5.68975e+02	
3890	5.308844e+07	-1.04076e+02	-5.69948e+02	
3891	5.339493e+07	-1.04095e+02	-5.70908e+02	
3892	5.370318e+07	-1.04114e+02	-5.71857e+02	
3893	5.401321e+07	-1.04132e+02	-5.72795e+02	
3894	5.432503e+07	-1.04148e+02	-5.73721e+02	
3895	5.463865e+07	-1.04165e+02	-5.74635e+02	
3896	5.495409e+07	-1.04180e+02	-5.75539e+02	
3897	5.527134e+07	-1.04195e+02	-5.76431e+02	
3898	5.559043e+07	-1.04209e+02	-5.77313e+02	
3899	5.591135e+07	-1.04223e+02	-5.78183e+02	
3900	5.623413e+07	-1.04236e+02	-5.79043e+02	
3901	5.655878e+07	-1.04249e+02	-5.79892e+02	
3902	5.688529e+07	-1.04261e+02	-5.80731e+02	
3903	5.721370e+07	-1.04273e+02	-5.81560e+02	
3904	5.754399e+07	-1.04285e+02	-5.82378e+02	
3905	5.787620e+07	-1.04296e+02	-5.83186e+02	
3906	5.821032e+07	-1.04307e+02	-5.83985e+02	
3907	5.854637e+07	-1.04318e+02	-5.84774e+02	
3908	5.888437e+07	-1.04328e+02	-5.85553e+02	
3909	5.922431e+07	-1.04338e+02	-5.86323e+02	
3910	5.956621e+07	-1.04348e+02	-5.87083e+02	
3911	5.991009e+07	-1.04358e+02	-5.87835e+02	
3912	6.025596e+07	-1.04368e+02	-5.88578e+02	
3913	6.060382e+07	-1.04378e+02	-5.89312e+02	
3914	6.095369e+07	-1.04387e+02	-5.90037e+02	
3915	6.130558e+07	-1.04397e+02	-5.90754e+02	
3916	6.165950e+07	-1.04406e+02	-5.91463e+02	
3917	6.201546e+07	-1.04415e+02	-5.92163e+02	
3918	6.237348e+07	-1.04425e+02	-5.92856e+02	
3919	6.273357e+07	-1.04434e+02	-5.93540e+02	
3920	6.309573e+07	-1.04443e+02	-5.94218e+02	
3921	6.345999e+07	-1.04453e+02	-5.94887e+02	
3922	6.382635e+07	-1.04462e+02	-5.95549e+02	
3923	6.419482e+07	-1.04471e+02	-5.96205e+02	
3924	6.456542e+07	-1.04481e+02	-5.96852e+02	
3925	6.493816e+07	-1.04490e+02	-5.97494e+02	
3926	6.531306e+07	-1.04500e+02	-5.98128e+02	
3927	6.569011e+07	-1.04509e+02	-5.98755e+02	
3928	6.606934e+07	-1.04519e+02	-5.99376e+02	
3929	6.645077e+07	-1.04529e+02	-5.99991e+02	
3930	6.683439e+07	-1.04539e+02	-6.00599e+02	
3931	6.722023e+07	-1.04549e+02	-6.01202e+02	
3932	6.760830e+07	-1.04559e+02	-6.01798e+02	
3933	6.799860e+07	-1.04569e+02	-6.02388e+02	
3934	6.839116e+07	-1.04580e+02	-6.02973e+02	
3935	6.878599e+07	-1.04590e+02	-6.03552e+02	
3936	6.918310e+07	-1.04601e+02	-6.04125e+02	
3937	6.958250e+07	-1.04611e+02	-6.04693e+02	
3938	6.998420e+07	-1.04622e+02	-6.05256e+02	
3939	7.038822e+07	-1.04633e+02	-6.05813e+02	
3940	7.079458e+07	-1.04645e+02	-6.06366e+02	

Index   frequency       tdb             tph             
--------------------------------------------------------------------------------
3941	7.120328e+07	-1.04656e+02	-6.06913e+02	
3942	7.161434e+07	-1.04667e+02	-6.07456e+02	
3943	7.202778e+07	-1.04679e+02	-6.07993e+02	
3944	7.244360e+07	-1.04691e+02	-6.08526e+02	
3945	7.286182e+07	-1.04703e+02	-6.09055e+02	
3946	7.328245e+07	-1.04715e+02	-6.09578e+02	
3947	7.370552e+07	-1.04727e+02	-6.10098e+02	
3948	7.413102e+07	-1.04740e+02	-6.10613e+02	
3949	7.455899e+07	-1.04752e+02	-6.11124e+02	
3950	7.498942e+07	-1.04765e+02	-6.11631e+02	
3951	7.542234e+07	-1.04778e+02	-6.12133e+02	
3952	7.585776e+07	-1.04791e+02	-6.12632e+02	
3953	7.629569e+07	-1.04804e+02	-6.13127e+02	
3954	7.673615e+07	-1.04817e+02	-6.13618e+02	
3955	7.717915e+07	-1.04831e+02	-6.14105e+02	
3956	7.762471e+07	-1.04844e+02	-6.14588e+02	
3957	7.807284e+07	-1.04858e+02	-6.15068e+02	
3958	7.852356e+07	-1.04872e+02	-6.15544e+02	
3959	7.897688e+07	-1.04886e+02	-6.16017e+02	
3960	7.943282e+07	-1.04901e+02	-6.16487e+02	
3961	7.989139e+07	-1.04915e+02	-6.16953e+02	
3962	8.035261e+07	-1.04929e+02	-6.17415e+02	
3963	8.081649e+07	-1.04944e+02	-6.17875e+02	
3964	8.128305e+07	-1.04959e+02	-6.18331e+02	
3965	8.175230e+07	-1.04974e+02	-6.18785e+02	
3966	8.222426e+07	-1.04989e+02	-6.19235e+02	
3967	8.269895e+07	-1.05004e+02	-6.19682e+02	
3968	8.317638e+07	-1.05019e+02	-6.20127e+02	
3969	8.365656e+07	-1.05035e+02	-6.20568e+02	
3970	8.413951e+07	-1.05051e+02	-6.21007e+02	
3971	8.462526e+07	-1.05066e+02	-6.21443e+02	
3972	8.511380e+07	-1.05082e+02	-6.21876e+02	
3973	8.560517e+07	-1.05098e+02	-6.22306e+02	
3974	8.609938e+07	-1.05114e+02	-6.22734e+02	
3975	8.659643e+07	-1.05130e+02	-6.23159e+02	
3976	8.709636e+07	-1.05147e+02	-6.23582e+02	
3977	8.759917e+07	-1.05163e+02	-6.24003e+02	
3978	8.810489e+07	-1.05180e+02	-6.24420e+02	
3979	8.861352e+07	-1.05196e+02	-6.24836e+02	
3980	8.912509e+07	-1.05213e+02	-6.25249e+02	
3981	8.963962e+07	-1.05230e+02	-6.25660e+02	
3982	9.015711e+07	-1.05247e+02	-6.26068e+02	
3983	9.067760e+07	-1.05264e+02	-6.26474e+02	
3984	9.120108e+07	-1.05281e+02	-6.26878e+02	
3985	9.172759e+07	-1.05298e+02	-6.27280e+02	
3986	9.225714e+07	-1.05316e+02	-6.27680e+02	
3987	9.278975e+07	-1.05333e+02	-6.28078e+02	
3988	9.332543e+07	-1.05351e+02	-6.28473e+02	
3989	9.386420e+07	-1.05368e+02	-6.28867e+02	
3990	9.440609e+07	-1.05386e+02	-6.29258e+02	
3991	9.495110e+07	-1.05404e+02	-6.29648e+02	
3992	9.549926e+07	-1.05421e+02	-6.30036e+02	
3993	9.605058e+07	-1.05439e+02	-6.30421e+02	
3994	9.660509e+07	-1.05457e+02	-6.30805e+02	
3995	9.716280e+07	-1.05475e+02	-6.31187e+02	
3996	9.772372e+07	-1.05493e+02	-6.31568e+02	
3997	9.828789e+07	-1.05511e+02	-6.31946e+02	
3998	9.885531e+07	-1.05530e+02	-6.32323e+02	

Index   frequency       tdb             tph             
--------------------------------------------------------------------------------
3999	9.942601e+07	-1.05548e+02	-6.32698e+02	
4000	1.000000e+08	-1.05566e+02	-6.33071e+02	
4001	1.005773e+08	-1.05585e+02	-6.33442e+02	
4002	1.011579e+08	-1.05603e+02	-6.33812e+02	
4003	1.017419e+08	-1.05622e+02	-6.34180e+02	
4004	1.023293e+08	-1.05640e+02	-6.34547e+02	
4005	1.029201e+08	-1.05659e+02	-6.34912e+02	
4006	1.035142e+08	-1.05677e+02	-6.35275e+02	
4007	1.041118e+08	-1.05696e+02	-6.35637e+02	
4008	1.047129e+08	-1.05715e+02	-6.35998e+02	
4009	1.053174e+08	-1.05733e+02	-6.36356e+02	
4010	1.059254e+08	-1.05752e+02	-6.36714e+02	
4011	1.065369e+08	-1.05771e+02	-6.37070e+02	
4012	1.071519e+08	-1.05790e+02	-6.37424e+02	
4013	1.077705e+08	-1.05809e+02	-6.37777e+02	
4014	1.083927e+08	-1.05827e+02	-6.38129e+02	
4015	1.090184e+08	-1.05846e+02	-6.38479e+02	
4016	1.096478e+08	-1.05865e+02	-6.38828e+02	
4017	1.102808e+08	-1.05884e+02	-6.39175e+02	
4018	1.109175e+08	-1.05903e+02	-6.39521e+02	
4019	1.115578e+08	-1.05922e+02	-6.39866e+02	
4020	1.122018e+08	-1.05941e+02	-6.40209e+02	
4021	1.128496e+08	-1.05960e+02	-6.40551e+02	
4022	1.135011e+08	-1.05979e+02	-6.40892e+02	
4023	1.141563e+08	-1.05998e+02	-6.41232e+02	
4024	1.148154e+08	-1.06017e+02	-6.41570e+02	
4025	1.154782e+08	-1.06036e+02	-6.41907e+02	
4026	1.161449e+08	-1.06055e+02	-6.42243e+02	
4027	1.168154e+08	-1.06074e+02	-6.42577e+02	
4028	1.174898e+08	-1.06093e+02	-6.42910e+02	
4029	1.181680e+08	-1.06112e+02	-6.43243e+02	
4030	1.188502e+08	-1.06131e+02	-6.43573e+02	
4031	1.195364e+08	-1.06150e+02	-6.43903e+02	
4032	1.202264e+08	-1.06169e+02	-6.44232e+02	
4033	1.209205e+08	-1.06188e+02	-6.44559e+02	
4034	1.216186e+08	-1.06206e+02	-6.44886e+02	
4035	1.223207e+08	-1.06225e+02	-6.45211e+02	
4036	1.230269e+08	-1.06244e+02	-6.45535e+02	
4037	1.237371e+08	-1.06263e+02	-6.45858e+02	
4038	1.244515e+08	-1.06282e+02	-6.46179e+02	
4039	1.251699e+08	-1.06301e+02	-6.46500e+02	
4040	1.258925e+08	-1.06319e+02	-6.46820e+02	
4041	1.266193e+08	-1.06338e+02	-6.47138e+02	
4042	1.273503e+08	-1.06357e+02	-6.47456e+02	
4043	1.280855e+08	-1.06376e+02	-6.47772e+02	
4044	1.288250e+08	-1.06394e+02	-6.48087e+02	
4045	1.295687e+08	-1.06413e+02	-6.48402e+02	
4046	1.303167e+08	-1.06432e+02	-6.48715e+02	
4047	1.310690e+08	-1.06450e+02	-6.49027e+02	
4048	1.318257e+08	-1.06469e+02	-6.49338e+02	
4049	1.325867e+08	-1.06487e+02	-6.49649e+02	
4050	1.333521e+08	-1.06506e+02	-6.49958e+02	
4051	1.341220e+08	-1.06524e+02	-6.50266e+02	
4052	1.348963e+08	-1.06542e+02	-6.50573e+02	
4053	1.356751e+08	-1.06561e+02	-6.50879e+02	
4054	1.364583e+08	-1.06579e+02	-6.51184e+02	
4055	1.372461e+08	-1.06597e+02	-6.51488e+02	
4056	1.380384e+08	-1.06615e+02	-6.51792e+02	

Index   frequency       tdb             tph             
--------------------------------------------------------------------------------
4057	1.388353e+08	-1.06634e+02	-6.52094e+02	
4058	1.396368e+08	-1.06652e+02	-6.52395e+02	
4059	1.404430e+08	-1.06670e+02	-6.52695e+02	
4060	1.412538e+08	-1.06688e+02	-6.52995e+02	
4061	1.420692e+08	-1.06706e+02	-6.53293e+02	
4062	1.428894e+08	-1.06723e+02	-6.53590e+02	
4063	1.437143e+08	-1.06741e+02	-6.53887e+02	
4064	1.445440e+08	-1.06759e+02	-6.54182e+02	
4065	1.453784e+08	-1.06777e+02	-6.54477e+02	
4066	1.462177e+08	-1.06794e+02	-6.54770e+02	
4067	1.470618e+08	-1.06812e+02	-6.55063e+02	
4068	1.479108e+08	-1.06830e+02	-6.55355e+02	
4069	1.487647e+08	-1.06847e+02	-6.55646e+02	
4070	1.496236e+08	-1.06864e+02	-6.55936e+02	
4071	1.504874e+08	-1.06882e+02	-6.56225e+02	
4072	1.513561e+08	-1.06899e+02	-6.56513e+02	
4073	1.522299e+08	-1.06916e+02	-6.56800e+02	
4074	1.531087e+08	-1.06933e+02	-6.57086e+02	
4075	1.539927e+08	-1.06950e+02	-6.57372e+02	
4076	1.548817e+08	-1.06967e+02	-6.57656e+02	
4077	1.557758e+08	-1.06984e+02	-6.57940e+02	
4078	1.566751e+08	-1.07001e+02	-6.58222e+02	
4079	1.575796e+08	-1.07018e+02	-6.58504e+02	
4080	1.584893e+08	-1.07035e+02	-6.58785e+02	
4081	1.594043e+08	-1.07051e+02	-6.59065e+02	
4082	1.603245e+08	-1.07068e+02	-6.59344e+02	
4083	1.612501e+08	-1.07085e+02	-6.59622e+02	
4084	1.621810e+08	-1.07101e+02	-6.59900e+02	
4085	1.631173e+08	-1.07117e+02	-6.60176e+02	
4086	1.640590e+08	-1.07134e+02	-6.60452e+02	
4087	1.650061e+08	-1.07150e+02	-6.60726e+02	
4088	1.659587e+08	-1.07166e+02	-6.61000e+02	
4089	1.669168e+08	-1.07182e+02	-6.61273e+02	
4090	1.678804e+08	-1.07198e+02	-6.61545e+02	
4091	1.688496e+08	-1.07214e+02	-6.61816e+02	
4092	1.698244e+08	-1.07230e+02	-6.62087e+02	
4093	1.708048e+08	-1.07246e+02	-6.62356e+02	
4094	1.717908e+08	-1.07261e+02	-6.62625e+02	
4095	1.727826e+08	-1.07277e+02	-6.62892e+02	
4096	1.737801e+08	-1.07292e+02	-6.63159e+02	
4097	1.747833e+08	-1.07308e+02	-6.63425e+02	
4098	1.757924e+08	-1.07323e+02	-6.63690e+02	
4099	1.768072e+08	-1.07338e+02	-6.63954e+02	
4100	1.778279e+08	-1.07354e+02	-6.64218e+02	
4101	1.788546e+08	-1.07369e+02	-6.64480e+02	
4102	1.798871e+08	-1.07384e+02	-6.64742e+02	
4103	1.809256e+08	-1.07399e+02	-6.65002e+02	
4104	1.819701e+08	-1.07414e+02	-6.65262e+02	
4105	1.830206e+08	-1.07428e+02	-6.65521e+02	
4106	1.840772e+08	-1.07443e+02	-6.65780e+02	
4107	1.851399e+08	-1.07458e+02	-6.66037e+02	
4108	1.862087e+08	-1.07472e+02	-6.66293e+02	
4109	1.872837e+08	-1.07487e+02	-6.66549e+02	
4110	1.883649e+08	-1.07501e+02	-6.66804e+02	
4111	1.894524e+08	-1.07515e+02	-6.67058e+02	
4112	1.905461e+08	-1.07530e+02	-6.67311e+02	
4113	1.916461e+08	-1.07544e+02	-6.67563e+02	
4114	1.927525e+08	-1.07558e+02	-6.67814e+02	

Index   frequency       tdb             tph             
--------------------------------------------------------------------------------
4115	1.938653e+08	-1.07572e+02	-6.68065e+02	
4116	1.949845e+08	-1.07586e+02	-6.68314e+02	
4117	1.961101e+08	-1.07599e+02	-6.68563e+02	
4118	1.972423e+08	-1.07613e+02	-6.68811e+02	
4119	1.983810e+08	-1.07627e+02	-6.69058e+02	
4120	1.995262e+08	-1.07640e+02	-6.69304e+02	
4121	2.006781e+08	-1.07654e+02	-6.69549e+02	
4122	2.018366e+08	-1.07667e+02	-6.69794e+02	
4123	2.030019e+08	-1.07680e+02	-6.70038e+02	
4124	2.041738e+08	-1.07693e+02	-6.70280e+02	
4125	2.053525e+08	-1.07706e+02	-6.70522e+02	
4126	2.065380e+08	-1.07719e+02	-6.70763e+02	
4127	2.077304e+08	-1.07732e+02	-6.71004e+02	
4128	2.089296e+08	-1.07745e+02	-6.71243e+02	
4129	2.101358e+08	-1.07758e+02	-6.71482e+02	
4130	2.113489e+08	-1.07771e+02	-6.71719e+02	
4131	2.125690e+08	-1.07783e+02	-6.71956e+02	
4132	2.137962e+08	-1.07796e+02	-6.72192e+02	
4133	2.150305e+08	-1.07808e+02	-6.72427e+02	
4134	2.162719e+08	-1.07820e+02	-6.72661e+02	
4135	2.175204e+08	-1.07833e+02	-6.72895e+02	
4136	2.187762e+08	-1.07845e+02	-6.73128e+02	
4137	2.200392e+08	-1.07857e+02	-6.73359e+02	
4138	2.213095e+08	-1.07869e+02	-6.73590e+02	
4139	2.225871e+08	-1.07881e+02	-6.73820e+02	
4140	2.238721e+08	-1.07892e+02	-6.74049e+02	
4141	2.251645e+08	-1.07904e+02	-6.74278e+02	
4142	2.264644e+08	-1.07916e+02	-6.74505e+02	
4143	2.277718e+08	-1.07927e+02	-6.74732e+02	
4144	2.290868e+08	-1.07939e+02	-6.74958e+02	
4145	2.304093e+08	-1.07950e+02	-6.75183e+02	
4146	2.317395e+08	-1.07962e+02	-6.75407e+02	
4147	2.330773e+08	-1.07973e+02	-6.75630e+02	
4148	2.344229e+08	-1.07984e+02	-6.75853e+02	
4149	2.357762e+08	-1.07995e+02	-6.76074e+02	
4150	2.371374e+08	-1.08006e+02	-6.76295e+02	
4151	2.385064e+08	-1.08017e+02	-6.76515e+02	
4152	2.398833e+08	-1.08028e+02	-6.76734e+02	
4153	2.412682e+08	-1.08038e+02	-6.76952e+02	
4154	2.426610e+08	-1.08049e+02	-6.77170e+02	
4155	2.440619e+08	-1.08060e+02	-6.77386e+02	
4156	2.454709e+08	-1.08070e+02	-6.77602e+02	
4157	2.468880e+08	-1.08080e+02	-6.77817e+02	
4158	2.483133e+08	-1.08091e+02	-6.78031e+02	
4159	2.497468e+08	-1.08101e+02	-6.78244e+02	
4160	2.511886e+08	-1.08111e+02	-6.78457e+02	
4161	2.526388e+08	-1.08121e+02	-6.78668e+02	
4162	2.540973e+08	-1.08131e+02	-6.78879e+02	
4163	2.555642e+08	-1.08141e+02	-6.79089e+02	
4164	2.570396e+08	-1.08151e+02	-6.79298e+02	
4165	2.585235e+08	-1.08161e+02	-6.79506e+02	
4166	2.600160e+08	-1.08170e+02	-6.79714e+02	
4167	2.615170e+08	-1.08180e+02	-6.79920e+02	
4168	2.630268e+08	-1.08189e+02	-6.80126e+02	
4169	2.645453e+08	-1.08199e+02	-6.80331e+02	
4170	2.660725e+08	-1.08208e+02	-6.80535e+02	
4171	2.676086e+08	-1.08218e+02	-6.80738e+02	
4172	2.691535e+08	-1.08227e+02	-6.80941e+02	

Index   frequency       tdb             tph             
--------------------------------------------------------------------------------
4173	2.707073e+08	-1.08236e+02	-6.81142e+02	
4174	2.722701e+08	-1.08245e+02	-6.81343e+02	
4175	2.738420e+08	-1.08254e+02	-6.81543e+02	
4176	2.754229e+08	-1.08263e+02	-6.81742e+02	
4177	2.770129e+08	-1.08272e+02	-6.81940e+02	
4178	2.786121e+08	-1.08280e+02	-6.82138e+02	
4179	2.802206e+08	-1.08289e+02	-6.82335e+02	
4180	2.818383e+08	-1.08298e+02	-6.82530e+02	
4181	2.834654e+08	-1.08306e+02	-6.82725e+02	
4182	2.851018e+08	-1.08315e+02	-6.82920e+02	
4183	2.867477e+08	-1.08323e+02	-6.83113e+02	
4184	2.884032e+08	-1.08332e+02	-6.83306e+02	
4185	2.900681e+08	-1.08340e+02	-6.83497e+02	
4186	2.917427e+08	-1.08348e+02	-6.83688e+02	
4187	2.934270e+08	-1.08356e+02	-6.83879e+02	
4188	2.951209e+08	-1.08364e+02	-6.84068e+02	
4189	2.968247e+08	-1.08372e+02	-6.84256e+02	
4190	2.985383e+08	-1.08380e+02	-6.84444e+02	
4191	3.002617e+08	-1.08388e+02	-6.84631e+02	
4192	3.019952e+08	-1.08396e+02	-6.84817e+02	
4193	3.037386e+08	-1.08403e+02	-6.85003e+02	
4194	3.054921e+08	-1.08411e+02	-6.85187e+02	
4195	3.072557e+08	-1.08418e+02	-6.85371e+02	
4196	3.090295e+08	-1.08426e+02	-6.85554e+02	
4197	3.108136e+08	-1.08433e+02	-6.85736e+02	
4198	3.126079e+08	-1.08441e+02	-6.85917e+02	
4199	3.144126e+08	-1.08448e+02	-6.86098e+02	
4200	3.162278e+08	-1.08455e+02	-6.86277e+02	
4201	3.180534e+08	-1.08462e+02	-6.86456e+02	
4202	3.198895e+08	-1.08469e+02	-6.86635e+02	
4203	3.217363e+08	-1.08476e+02	-6.86812e+02	
4204	3.235937e+08	-1.08483e+02	-6.86989e+02	
4205	3.254618e+08	-1.08490e+02	-6.87164e+02	
4206	3.273407e+08	-1.08497e+02	-6.87339e+02	
4207	3.292305e+08	-1.08504e+02	-6.87514e+02	
4208	3.311311e+08	-1.08511e+02	-6.87687e+02	
4209	3.330428e+08	-1.08517e+02	-6.87860e+02	
4210	3.349654e+08	-1.08524e+02	-6.88032e+02	
4211	3.368992e+08	-1.08530e+02	-6.88203e+02	
4212	3.388442e+08	-1.08537e+02	-6.88373e+02	
4213	3.408003e+08	-1.08543e+02	-6.88543e+02	
4214	3.427678e+08	-1.08550e+02	-6.88712e+02	
4215	3.447466e+08	-1.08556e+02	-6.88880e+02	
4216	3.467369e+08	-1.08562e+02	-6.89047e+02	
4217	3.487386e+08	-1.08568e+02	-6.89214e+02	
4218	3.507519e+08	-1.08574e+02	-6.89379e+02	
4219	3.527768e+08	-1.08581e+02	-6.89544e+02	
4220	3.548134e+08	-1.08587e+02	-6.89709e+02	
4221	3.568617e+08	-1.08592e+02	-6.89872e+02	
4222	3.589219e+08	-1.08598e+02	-6.90035e+02	
4223	3.609940e+08	-1.08604e+02	-6.90197e+02	
4224	3.630781e+08	-1.08610e+02	-6.90358e+02	
4225	3.651741e+08	-1.08616e+02	-6.90519e+02	
4226	3.672823e+08	-1.08621e+02	-6.90678e+02	
4227	3.694026e+08	-1.08627e+02	-6.90837e+02	
4228	3.715352e+08	-1.08632e+02	-6.90996e+02	
4229	3.736801e+08	-1.08638e+02	-6.91153e+02	
4230	3.758374e+08	-1.08643e+02	-6.91310e+02	

Index   frequency       tdb             tph             
--------------------------------------------------------------------------------
4231	3.780071e+08	-1.08649e+02	-6.91466e+02	
4232	3.801894e+08	-1.08654e+02	-6.91621e+02	
4233	3.823843e+08	-1.08659e+02	-6.91776e+02	
4234	3.845918e+08	-1.08665e+02	-6.91930e+02	
4235	3.868121e+08	-1.08670e+02	-6.92083e+02	
4236	3.890451e+08	-1.08675e+02	-6.92235e+02	
4237	3.912911e+08	-1.08680e+02	-6.92387e+02	
4238	3.935501e+08	-1.08685e+02	-6.92538e+02	
4239	3.958221e+08	-1.08690e+02	-6.92688e+02	
4240	3.981072e+08	-1.08695e+02	-6.92838e+02	
4241	4.004055e+08	-1.08700e+02	-6.92987e+02	
4242	4.027170e+08	-1.08705e+02	-6.93135e+02	
4243	4.050419e+08	-1.08710e+02	-6.93282e+02	
4244	4.073803e+08	-1.08714e+02	-6.93429e+02	
4245	4.097321e+08	-1.08719e+02	-6.93575e+02	
4246	4.120975e+08	-1.08724e+02	-6.93720e+02	
4247	4.144766e+08	-1.08728e+02	-6.93865e+02	
4248	4.168694e+08	-1.08733e+02	-6.94008e+02	
4249	4.192760e+08	-1.08737e+02	-6.94152e+02	
4250	4.216965e+08	-1.08742e+02	-6.94294e+02	
4251	4.241310e+08	-1.08746e+02	-6.94436e+02	
4252	4.265795e+08	-1.08751e+02	-6.94577e+02	
4253	4.290422e+08	-1.08755e+02	-6.94717e+02	
4254	4.315191e+08	-1.08759e+02	-6.94857e+02	
4255	4.340103e+08	-1.08764e+02	-6.94996e+02	
4256	4.365158e+08	-1.08768e+02	-6.95135e+02	
4257	4.390359e+08	-1.08772e+02	-6.95272e+02	
4258	4.415704e+08	-1.08776e+02	-6.95409e+02	
4259	4.441197e+08	-1.08780e+02	-6.95546e+02	
4260	4.466836e+08	-1.08784e+02	-6.95681e+02	
4261	4.492623e+08	-1.08788e+02	-6.95816e+02	
4262	4.518559e+08	-1.08792e+02	-6.95951e+02	
4263	4.544645e+08	-1.08796e+02	-6.96084e+02	
4264	4.570882e+08	-1.08800e+02	-6.96218e+02	
4265	4.597270e+08	-1.08804e+02	-6.96350e+02	
4266	4.623810e+08	-1.08808e+02	-6.96482e+02	
4267	4.650504e+08	-1.08811e+02	-6.96613e+02	
4268	4.677351e+08	-1.08815e+02	-6.96743e+02	
4269	4.704354e+08	-1.08819e+02	-6.96873e+02	
4270	4.731513e+08	-1.08822e+02	-6.97002e+02	
4271	4.758828e+08	-1.08826e+02	-6.97130e+02	
4272	4.786301e+08	-1.08830e+02	-6.97258e+02	
4273	4.813933e+08	-1.08833e+02	-6.97385e+02	
4274	4.841724e+08	-1.08837e+02	-6.97512e+02	
4275	4.869675e+08	-1.08840e+02	-6.97638e+02	
4276	4.897788e+08	-1.08844e+02	-6.97763e+02	
4277	4.926063e+08	-1.08847e+02	-6.97888e+02	
4278	4.954502e+08	-1.08850e+02	-6.98012e+02	
4279	4.983105e+08	-1.08854e+02	-6.98135e+02	
4280	5.011872e+08	-1.08857e+02	-6.98258e+02	
4281	5.040806e+08	-1.08860e+02	-6.98380e+02	
4282	5.069907e+08	-1.08863e+02	-6.98502e+02	
4283	5.099176e+08	-1.08867e+02	-6.98623e+02	
4284	5.128614e+08	-1.08870e+02	-6.98743e+02	
4285	5.158222e+08	-1.08873e+02	-6.98863e+02	
4286	5.188000e+08	-1.08876e+02	-6.98982e+02	
4287	5.217951e+08	-1.08879e+02	-6.99100e+02	
4288	5.248075e+08	-1.08882e+02	-6.99218e+02	

Index   frequency       tdb             tph             
--------------------------------------------------------------------------------
4289	5.278372e+08	-1.08885e+02	-6.99336e+02	
4290	5.308844e+08	-1.08888e+02	-6.99452e+02	
4291	5.339493e+08	-1.08891e+02	-6.99568e+02	
4292	5.370318e+08	-1.08894e+02	-6.99684e+02	
4293	5.401321e+08	-1.08897e+02	-6.99799e+02	
4294	5.432503e+08	-1.08899e+02	-6.99913e+02	
4295	5.463865e+08	-1.08902e+02	-7.00027e+02	
4296	5.495409e+08	-1.08905e+02	-7.00140e+02	
4297	5.527134e+08	-1.08908e+02	-7.00253e+02	
4298	5.559043e+08	-1.08910e+02	-7.00365e+02	
4299	5.591135e+08	-1.08913e+02	-7.00476e+02	
4300	5.623413e+08	-1.08916e+02	-7.00587e+02	
4301	5.655878e+08	-1.08918e+02	-7.00697e+02	
4302	5.688529e+08	-1.08921e+02	-7.00807e+02	
4303	5.721370e+08	-1.08924e+02	-7.00916e+02	
4304	5.754399e+08	-1.08926e+02	-7.01025e+02	
4305	5.787620e+08	-1.08929e+02	-7.01133e+02	
4306	5.821032e+08	-1.08931e+02	-7.01240e+02	
4307	5.854637e+08	-1.08934e+02	-7.01347e+02	
4308	5.888437e+08	-1.08936e+02	-7.01454e+02	
4309	5.922431e+08	-1.08939e+02	-7.01560e+02	
4310	5.956621e+08	-1.08941e+02	-7.01665e+02	
4311	5.991009e+08	-1.08943e+02	-7.01770e+02	
4312	6.025596e+08	-1.08946e+02	-7.01874e+02	
4313	6.060382e+08	-1.08948e+02	-7.01978e+02	
4314	6.095369e+08	-1.08950e+02	-7.02081e+02	
4315	6.130558e+08	-1.08953e+02	-7.02183e+02	
4316	6.165950e+08	-1.08955e+02	-7.02285e+02	
4317	6.201546e+08	-1.08957e+02	-7.02387e+02	
4318	6.237348e+08	-1.08959e+02	-7.02488e+02	
4319	6.273357e+08	-1.08961e+02	-7.02588e+02	
4320	6.309573e+08	-1.08963e+02	-7.02688e+02	
4321	6.345999e+08	-1.08966e+02	-7.02788e+02	
4322	6.382635e+08	-1.08968e+02	-7.02887e+02	
4323	6.419482e+08	-1.08970e+02	-7.02985e+02	
4324	6.456542e+08	-1.08972e+02	-7.03083e+02	
4325	6.493816e+08	-1.08974e+02	-7.03180e+02	
4326	6.531306e+08	-1.08976e+02	-7.03277e+02	
4327	6.569011e+08	-1.08978e+02	-7.03374e+02	
4328	6.606934e+08	-1.08980e+02	-7.03470e+02	
4329	6.645077e+08	-1.08982e+02	-7.03565e+02	
4330	6.683439e+08	-1.08984e+02	-7.03660e+02	
4331	6.722023e+08	-1.08986e+02	-7.03754e+02	
4332	6.760830e+08	-1.08988e+02	-7.03848e+02	
4333	6.799860e+08	-1.08989e+02	-7.03941e+02	
4334	6.839116e+08	-1.08991e+02	-7.04034e+02	
4335	6.878599e+08	-1.08993e+02	-7.04127e+02	
4336	6.918310e+08	-1.08995e+02	-7.04219e+02	
4337	6.958250e+08	-1.08997e+02	-7.04310e+02	
4338	6.998420e+08	-1.08998e+02	-7.04401e+02	
4339	7.038822e+08	-1.09000e+02	-7.04492e+02	
4340	7.079458e+08	-1.09002e+02	-7.04582e+02	
4341	7.120328e+08	-1.09004e+02	-7.04671e+02	
4342	7.161434e+08	-1.09005e+02	-7.04760e+02	
4343	7.202778e+08	-1.09007e+02	-7.04849e+02	
4344	7.244360e+08	-1.09009e+02	-7.04937e+02	
4345	7.286182e+08	-1.09010e+02	-7.05025e+02	
4346	7.328245e+08	-1.09012e+02	-7.05112e+02	

Index   frequency       tdb             tph             
--------------------------------------------------------------------------------
4347	7.370552e+08	-1.09013e+02	-7.05199e+02	
4348	7.413102e+08	-1.09015e+02	-7.05285e+02	
4349	7.455899e+08	-1.09017e+02	-7.05371e+02	
4350	7.498942e+08	-1.09018e+02	-7.05456e+02	
4351	7.542234e+08	-1.09020e+02	-7.05541e+02	
4352	7.585776e+08	-1.09021e+02	-7.05626e+02	
4353	7.629569e+08	-1.09023e+02	-7.05710e+02	
4354	7.673615e+08	-1.09024e+02	-7.05793e+02	
4355	7.717915e+08	-1.09026e+02	-7.05877e+02	
4356	7.762471e+08	-1.09027e+02	-7.05959e+02	
4357	7.807284e+08	-1.09028e+02	-7.06042e+02	
4358	7.852356e+08	-1.09030e+02	-7.06123e+02	
4359	7.897688e+08	-1.09031e+02	-7.06205e+02	
4360	7.943282e+08	-1.09033e+02	-7.06286e+02	
4361	7.989139e+08	-1.09034e+02	-7.06366e+02	
4362	8.035261e+08	-1.09035e+02	-7.06447e+02	
4363	8.081649e+08	-1.09037e+02	-7.06526e+02	
4364	8.128305e+08	-1.09038e+02	-7.06606e+02	
4365	8.175230e+08	-1.09039e+02	-7.06685e+02	
4366	8.222426e+08	-1.09041e+02	-7.06763e+02	
4367	8.269895e+08	-1.09042e+02	-7.06841e+02	
4368	8.317638e+08	-1.09043e+02	-7.06919e+02	
4369	8.365656e+08	-1.09044e+02	-7.06996e+02	
4370	8.413951e+08	-1.09046e+02	-7.07073e+02	
4371	8.462526e+08	-1.09047e+02	-7.07149e+02	
4372	8.511380e+08	-1.09048e+02	-7.07225e+02	
4373	8.560517e+08	-1.09049e+02	-7.07301e+02	
4374	8.609938e+08	-1.09051e+02	-7.07376e+02	
4375	8.659643e+08	-1.09052e+02	-7.07451e+02	
4376	8.709636e+08	-1.09053e+02	-7.07526e+02	
4377	8.759917e+08	-1.09054e+02	-7.07600e+02	
4378	8.810489e+08	-1.09055e+02	-7.07673e+02	
4379	8.861352e+08	-1.09056e+02	-7.07747e+02	
4380	8.912509e+08	-1.09057e+02	-7.07819e+02	
4381	8.963962e+08	-1.09058e+02	-7.07892e+02	
4382	9.015711e+08	-1.09060e+02	-7.07964e+02	
4383	9.067760e+08	-1.09061e+02	-7.08036e+02	
4384	9.120108e+08	-1.09062e+02	-7.08107e+02	
4385	9.172759e+08	-1.09063e+02	-7.08178e+02	
4386	9.225714e+08	-1.09064e+02	-7.08249e+02	
4387	9.278975e+08	-1.09065e+02	-7.08319e+02	
4388	9.332543e+08	-1.09066e+02	-7.08389e+02	
4389	9.386420e+08	-1.09067e+02	-7.08459e+02	
4390	9.440609e+08	-1.09068e+02	-7.08528e+02	
4391	9.495110e+08	-1.09069e+02	-7.08596e+02	
4392	9.549926e+08	-1.09070e+02	-7.08665e+02	
4393	9.605058e+08	-1.09071e+02	-7.08733e+02	
4394	9.660509e+08	-1.09072e+02	-7.08801e+02	
4395	9.716280e+08	-1.09073e+02	-7.08868e+02	
4396	9.772372e+08	-1.09074e+02	-7.08935e+02	
4397	9.828789e+08	-1.09074e+02	-7.09002e+02	
4398	9.885531e+08	-1.09075e+02	-7.09068e+02	
4399	9.942601e+08	-1.09076e+02	-7.09134e+02	
4400	1.000000e+09	-1.09077e+02	-7.09200e+02	
ROW iload_a=0.05 ceff_f=3.3e-07 esr_ohm=0.001 vout_v=1.79941 dcgain_db=139.195 f0_hz=783239 phase_at_f0_deg=-182.617 f180_hz=747258 gain_at_f180_db=0.743949 f0_rising_hz= resurgence_db=-0.874998
* SWEEP COMPLETE res_ss_-40c_3.63v
Note: Simulation executed from .control section 
Warning: m=xx on .subckt line will override multiplier m hierarchy!

Note: Starting dynamic gmin stepping
Warning: Dynamic gmin stepping failed
Note: Starting true gmin stepping
Note: True gmin stepping completed
Note: Starting dynamic gmin stepping
Warning: Dynamic gmin stepping failed
Note: Starting true gmin stepping
Note: True gmin stepping completed
Note: Starting dynamic gmin stepping
Warning: Dynamic gmin stepping failed
Note: Starting true gmin stepping
Note: True gmin stepping completed

Error: measure  f0r  when(WHEN) : out of interval
Error: &f0r: no such variable.
